n_voxels,n_seed,z_min,z_max,z_extent,y_extent,x_extent,fill,centroid_z,centroid_y,centroid_x,snr_cluster,r_peak,r_peak_ratio,peak_offset,snr_peak,linearity,planarity,sphericity,axis_z,normal_z,edge_contrast,decay_drop,seed_grown_ratio
6,3,200,202,3,1,3,0.6667,200.568,116.000,809.420,9.9282,19.0000,1.4074,0.8119,5.7042,0.6061,0.3030,0.0909,0.7071,0.0000,3.3026,0.6006,0.6173
14,4,200,201,2,4,4,0.4375,200.392,212.427,698.304,13.7210,16.0000,1.3099,0.7579,4.8035,0.6443,0.1410,0.2147,0.1814,0.9708,2.7019,1.2008,0.3450
20,5,200,203,4,3,4,0.4167,200.840,212.294,703.532,15.5084,15.0000,1.2987,1.6322,4.5033,0.4875,0.0954,0.4171,0.7164,0.3347,2.4018,0.6006,0.3074
41,4,200,203,4,4,12,0.2135,200.852,213.888,678.601,23.4918,18.0000,1.4731,5.5378,5.4039,0.9357,0.0317,0.0326,0.0387,0.0529,2.7021,0.9007,0.2974
9,3,200,201,2,2,3,0.7500,200.296,213.426,744.130,10.8081,16.0000,1.3333,0.5348,4.8035,0.4875,0.0908,0.4217,0.2232,0.8691,1.8016,0.7504,0.4167
29,4,200,202,3,4,8,0.3021,200.602,214.254,756.952,18.6212,16.0000,1.3892,2.2155,4.8039,0.7637,0.1279,0.1084,0.0399,0.9886,2.4014,0.6005,0.1796
25,8,200,202,3,5,7,0.2381,200.434,216.417,649.699,18.5542,16.0000,1.2945,1.4335,4.8035,0.7478,0.1303,0.1219,0.0541,0.9971,2.7018,0.9007,0.4272
18,5,200,202,3,3,6,0.3333,200.601,218.934,793.141,15.0731,17.0000,1.4366,1.2104,5.1042,0.7526,0.0774,0.1700,0.1401,0.4866,2.4017,0.9007,0.3521
15,6,200,202,3,4,4,0.3125,200.792,222.979,821.750,14.8841,17.0000,1.3281,0.3261,5.1042,0.4411,0.1545,0.4044,0.1828,0.8226,2.8520,0.9008,0.4844
14,5,200,201,2,3,5,0.4667,200.450,222.971,816.216,13.7210,18.0000,1.4737,0.9043,5.4039,0.6738,0.1625,0.1638,0.2297,0.9584,2.5522,0.6005,0.4386
13,3,200,201,2,3,3,0.7222,200.527,226.126,598.204,13.9060,17.0000,1.3234,1.0147,5.1042,0.5492,0.1202,0.3306,0.0214,0.8988,2.7023,0.6006,0.2754
8,3,200,201,2,2,4,0.5000,200.382,225.559,603.059,10.8270,15.0000,1.1765,1.2091,4.5037,0.7519,0.0685,0.1796,0.2230,0.1154,2.8520,1.2007,0.5686
21,3,200,202,3,4,7,0.2500,200.606,226.740,840.220,16.1171,15.0000,1.2805,0.9123,4.5037,0.8002,0.0849,0.1150,0.2239,0.9743,2.1017,0.6008,0.2358
19,5,200,202,3,4,5,0.3167,200.636,230.472,854.654,15.9110,15.0000,1.2338,1.8336,4.5037,0.6345,0.0995,0.2660,0.1146,0.9900,2.4021,0.6004,0.3247
16,3,200,202,3,4,5,0.2667,200.464,231.359,862.245,14.4111,18.0000,1.5000,1.0934,5.4039,0.7548,0.0227,0.2225,0.0310,0.1609,2.1014,0.9006,0.2396
16,3,200,201,2,4,6,0.3333,200.297,232.427,706.792,14.4109,15.0000,1.2500,0.6781,4.5033,0.8105,0.0891,0.1004,0.0242,0.9943,2.7017,0.6006,0.3021
49,4,200,202,3,4,12,0.3403,200.594,232.768,730.589,25.4770,19.0000,1.5673,1.7125,5.7042,0.9371,0.0228,0.0400,0.0054,0.9900,2.7024,1.2008,0.3333
36,5,200,202,3,3,10,0.4000,200.447,232.914,693.634,21.6166,17.0000,1.4167,0.7805,5.1037,0.9236,0.0254,0.0510,0.0240,0.9242,2.7017,0.9004,0.2176
97,4,200,203,4,5,31,0.1565,200.489,234.004,754.841,34.4773,17.0000,1.4580,1.9047,5.1037,0.9894,0.0033,0.0074,0.0034,0.9708,2.7021,1.2007,0.1954
59,11,200,202,3,4,11,0.4470,200.854,233.755,681.326,29.0034,18.0000,1.4313,3.3384,5.4044,0.9350,0.0067,0.0584,0.0313,0.7630,3.0024,0.9009,0.4057
21,3,200,202,3,6,5,0.2333,200.708,236.727,650.241,16.5758,15.0000,1.2451,1.3039,4.5037,0.6187,0.1627,0.2185,0.1232,0.9704,2.7020,0.6009,0.3360
62,8,200,203,4,4,15,0.2583,200.587,235.309,661.185,29.0930,20.0000,1.6252,1.9327,6.0044,0.9550,0.0102,0.0349,0.0358,0.9344,3.0024,0.9010,0.2818
38,3,200,202,3,4,10,0.3167,200.543,235.815,873.512,20.2610,15.0000,1.3702,1.4006,4.5033,0.7385,0.1689,0.0925,0.0683,0.9486,2.1013,0.3004,0.1370
28,4,200,203,4,3,10,0.2333,200.853,238.382,640.324,18.5541,16.0000,1.3700,2.5517,4.8035,0.8930,0.0696,0.0374,0.0325,0.1341,2.5517,0.3006,0.1774
20,3,200,201,2,4,8,0.3125,200.309,240.004,800.822,15.8433,16.0000,1.3559,2.4924,4.8039,0.8039,0.1426,0.0534,0.1280,0.9896,2.5518,0.9004,0.1864
8,3,200,201,2,2,3,0.6667,200.449,243.663,611.286,10.4025,15.0000,1.2245,0.6298,4.5033,0.4396,0.1507,0.4097,0.4612,0.7878,2.1014,0.6004,0.4490
38,3,200,202,3,4,11,0.2879,200.461,246.362,832.716,21.2349,16.0000,1.3945,2.7782,4.8035,0.9046,0.0514,0.0439,0.0456,0.9270,2.7018,1.2006,0.1697
32,3,200,202,3,4,9,0.2963,200.473,248.725,843.545,19.8496,14.0000,1.1979,2.6886,4.2031,0.8643,0.0732,0.0625,0.0668,0.9978,2.7019,0.9006,0.1123
19,5,200,201,2,3,8,0.3958,200.364,252.411,730.648,16.2550,16.0000,1.2881,1.4590,4.8035,0.8946,0.0322,0.0732,0.0108,0.9215,2.7020,0.9009,0.3220
17,3,200,202,3,3,5,0.3778,200.436,254.410,666.764,14.1992,16.0000,1.3949,1.4371,4.8035,0.7639,0.0389,0.1973,0.0282,0.8084,2.4017,0.9005,0.2256
32,6,200,202,3,5,5,0.4267,200.671,255.997,869.460,20.6461,16.0000,1.3162,1.7987,4.8039,0.7035,0.1054,0.1910,0.1321,0.9051,3.0023,1.2009,0.2314
8,3,200,202,3,2,3,0.4444,200.586,256.788,808.313,10.5087,16.0000,1.2929,0.6973,4.8035,0.6000,0.1125,0.2875,0.7071,0.4082,2.1018,0.4505,0.4444
25,4,200,201,2,5,12,0.2083,200.263,259.260,635.554,18.7341,17.0000,1.3622,0.5788,5.1037,0.9683,0.0142,0.0175,0.0024,0.9140,2.7017,0.9006,0.2532
10,5,200,201,2,3,3,0.5556,200.340,257.878,644.619,13.9562,24.0000,1.6327,0.5252,7.2052,0.4186,0.1313,0.4501,0.1484,0.9875,3.0022,0.3002,0.6259
27,3,200,202,3,6,5,0.3000,200.567,262.773,891.150,18.5474,17.0000,1.4299,1.2493,5.1042,0.2520,0.5601,0.1880,0.1816,0.9789,2.4019,0.6006,0.2368
8,3,200,201,2,2,4,0.5000,200.364,272.542,912.626,11.3577,16.0000,1.1963,0.7526,4.8039,0.6028,0.1329,0.2643,0.0622,0.5495,3.1522,0.9006,0.5794
16,3,200,202,3,4,5,0.2667,200.293,275.755,923.399,14.1106,15.0000,1.2766,0.5519,4.5033,0.3698,0.3552,0.2750,0.1028,0.9660,2.2518,0.6006,0.2340
10,3,200,202,3,2,4,0.4167,200.508,318.836,1000.303,11.5829,16.0000,1.3115,0.6141,4.8039,0.4734,0.3045,0.2221,0.3548,0.3017,2.2517,0.6003,0.3770
4,3,200,203,4,1,1,1.0000,201.239,613.000,716.000,10.6589,22.0000,1.2394,1.2394,6.6048,0.9375,0.0000,0.0625,1.0000,0.0000,3.6029,-0.9009,0.8451
5,3,200,202,3,1,2,0.8333,201.243,613.000,760.443,9.3994,16.0000,1.1429,0.5051,4.8044,0.5854,0.2927,0.1220,0.9487,0.0000,4.8039,1.2010,0.6714
15,5,200,204,5,3,3,0.3333,201.212,617.976,724.139,16.1251,22.0000,1.5865,1.4863,6.6054,0.7621,0.1032,0.1347,0.9568,0.1271,2.1015,0.3001,0.5144
38,7,200,205,6,4,7,0.2262,201.610,620.500,729.062,26.1080,25.0000,1.7724,2.5690,7.5055,0.3889,0.5357,0.0754,0.5341,0.0039,3.0031,0.9007,0.5802
5,3,200,202,3,2,2,0.4167,200.864,623.152,641.152,8.8620,17.0000,1.2879,0.2540,5.1042,0.6489,0.0995,0.2515,0.9362,0.2726,3.0022,0.0001,0.6970
30,4,200,205,6,4,6,0.2083,201.601,625.835,737.971,22.5311,28.0000,2.0438,1.8057,8.4061,0.4541,0.2912,0.2547,0.8733,0.0211,2.1027,0.6004,0.4307
15,5,200,203,4,3,3,0.4167,200.935,628.249,742.045,15.5820,22.0000,1.6418,1.3598,6.6048,0.5126,0.1655,0.3218,0.8778,0.2423,2.7019,0.3002,0.4179
4,3,200,202,3,1,2,0.6667,200.688,629.000,744.850,12.0095,29.0000,1.4500,0.7037,8.7063,0.7500,0.1500,0.1000,0.9487,0.0000,4.0537,0.3001,0.8500
5,4,200,201,2,2,2,0.6250,200.512,630.128,746.523,11.5470,26.0000,1.5116,0.7109,7.8057,0.3432,0.2505,0.4063,0.6059,0.3645,3.6025,0.9003,0.8721
6,3,200,202,3,2,2,0.5000,200.703,635.317,631.584,12.3797,22.0000,1.3069,0.6013,6.6054,0.4758,0.3366,0.1876,0.8466,0.1665,4.6539,1.2011,0.7723
13,4,200,204,5,3,3,0.2889,201.108,638.922,628.367,13.8235,16.0000,1.2530,1.1704,4.8035,0.6566,0.1942,0.1493,0.9560,0.1032,3.3026,1.0508,0.3614
8,5,200,203,4,2,2,0.5000,201.186,638.186,759.424,12.5262,21.0000,1.4237,1.3321,6.3046,0.7435,0.1182,0.1384,0.9342,0.2294,4.6540,1.3513,0.7119
7,3,200,202,3,3,1,0.7778,200.870,670.800,622.000,11.3481,22.0000,1.5400,1.1819,6.6048,0.6076,0.3038,0.0886,0.7071,0.0000,3.0021,1.0508,0.5500
3,3,200,202,3,1,1,1.0000,201.000,683.000,1021.000,7.4539,15.0000,1.0465,0.0000,4.5037,0.8889,0.0000,0.1111,1.0000,0.0000,3.9036,0.9008,1.0000
21,6,200,204,5,6,3,0.2333,201.085,689.007,620.380,18.6075,19.0000,1.4049,2.3128,5.7052,0.4695,0.1642,0.3663,0.5053,0.0208,3.3022,1.5012,0.4296
9,7,200,202,3,3,1,1.0000,200.849,695.873,619.000,16.6133,31.0000,1.6807,1.2184,9.3068,0.0000,0.8889,0.1111,1.0000,0.0000,4.8038,0.4507,0.8494
4,3,200,202,3,2,1,0.6667,201.052,1283.241,719.000,8.7071,19.0000,1.3103,0.2469,5.7047,0.5357,0.3214,0.1429,1.0000,0.0000,4.5039,1.5012,0.8103
3,3,205,206,2,2,1,0.7500,205.326,1022.349,460.000,7.4570,15.0000,1.0465,0.7280,4.5054,0.5333,0.2667,0.2000,0.7071,0.0000,4.5059,1.6519,1.0000
7,3,212,214,3,2,2,0.5833,212.936,885.245,1168.447,10.6804,16.0000,1.1915,1.2238,4.8104,0.6197,0.1831,0.1972,0.9223,0.3857,3.6079,0.6011,0.4894
3,3,217,218,2,2,1,0.7500,217.326,812.326,489.000,7.4668,15.0000,1.0465,0.4604,4.5113,0.5333,0.2667,0.2000,0.7071,0.0000,4.8124,1.5036,1.0000
4,3,220,222,3,1,2,0.6667,221.089,614.000,512.750,8.4248,17.0000,1.2143,0.2655,5.1150,0.5357,0.3214,0.1429,1.0000,0.0000,4.6639,2.1058,0.8214
5,4,225,227,3,1,3,0.5556,226.071,812.000,290.043,9.4236,16.0000,1.1429,0.9296,4.8168,0.7911,0.1351,0.0737,0.8507,0.0000,4.8168,1.8060,0.8429
3,3,225,226,2,2,1,0.7500,225.667,1151.667,832.000,7.2993,14.0000,1.0000,0.7454,4.2144,0.5333,0.2667,0.2000,0.7071,0.0000,4.5154,1.2041,1.0000
6,3,230,232,3,2,3,0.3333,231.086,959.827,529.012,9.9579,18.0000,1.3333,0.1936,5.4204,0.5704,0.2383,0.1913,0.9082,0.3228,4.2159,1.5055,0.5926
6,3,234,236,3,1,3,0.6667,235.372,529.000,780.346,9.5905,17.0000,1.3077,0.7173,5.1200,0.6061,0.3030,0.0909,0.7071,0.0000,4.2165,1.5059,0.5897
4,3,234,236,3,2,1,0.6667,235.000,920.815,356.000,8.1317,16.0000,1.1852,0.1852,4.8188,0.5357,0.3214,0.1429,1.0000,0.0000,3.9153,0.6024,0.8148
3,3,234,235,2,2,1,0.7500,234.318,1206.318,609.000,7.6507,16.0000,1.0909,0.4500,4.8187,0.5333,0.2667,0.2000,0.7071,0.0000,3.9153,0.7530,1.0000
4,3,236,237,2,1,2,1.0000,236.536,783.000,568.500,8.4330,16.0000,1.1429,0.6823,4.8189,0.0000,0.7500,0.2500,0.0000,0.0000,3.9153,1.0541,0.7857
6,3,238,239,2,2,3,0.5000,238.321,942.852,451.062,9.9593,18.0000,1.3333,0.3589,5.4212,0.5230,0.1584,0.3185,0.3667,0.5079,4.3671,1.5059,0.6049
7,3,240,242,3,2,2,0.5833,241.090,919.427,570.742,10.1303,15.0000,1.1798,1.1987,4.5175,0.3883,0.1309,0.4808,0.9235,0.3259,3.6136,1.2047,0.4831
3,3,244,245,2,2,1,0.7500,244.375,1180.688,692.000,8.3438,18.0000,1.1250,0.6988,5.4192,0.5333,0.2667,0.2000,0.7071,0.0000,4.2153,0.9033,1.0000
3,3,246,247,2,2,1,0.7500,246.333,964.688,740.000,8.3422,17.0000,1.0625,0.4569,5.1176,0.5333,0.2667,0.2000,0.7071,0.0000,4.5150,0.6021,1.0000
4,3,246,247,2,2,1,1.0000,246.474,1102.474,543.000,8.5790,15.0000,1.0526,0.6699,4.5155,0.0000,0.7500,0.2500,1.0000,0.0000,4.8163,1.6556,0.7895
4,3,250,251,2,2,2,0.5000,250.722,918.204,999.741,8.1224,15.0000,1.1111,0.7939,4.5130,0.0000,0.5625,0.4375,0.4459,0.5774,4.5123,1.5039,0.7963
4,3,250,252,3,2,1,0.6667,250.966,957.237,552.000,8.8741,17.0000,1.1525,0.2397,5.1139,0.5357,0.3214,0.1429,1.0000,0.0000,4.9638,1.8052,0.7797
4,3,252,254,3,1,2,0.6667,253.000,892.000,902.764,8.2692,14.0000,1.0182,1.0276,4.2106,0.5357,0.3214,0.1429,1.0000,0.0000,4.5099,1.5038,0.7636
4,3,253,255,3,2,1,0.6667,254.000,1129.782,668.000,8.2674,15.0000,1.0909,0.2182,4.5095,0.5357,0.3214,0.1429,1.0000,0.0000,3.9083,0.1504,0.7818
4,4,255,256,2,1,2,1.0000,255.509,454.000,937.509,8.5650,15.0000,1.0526,0.6947,4.5074,0.0000,0.7500,0.2500,0.0000,0.0000,4.8089,1.8029,1.0000
5,3,256,258,3,1,2,0.8333,257.297,497.000,769.406,8.5976,15.0000,1.1719,0.9203,4.5050,0.5854,0.2927,0.1220,0.9487,0.0000,4.5050,1.5020,0.6719
4,3,259,260,2,1,2,1.0000,259.536,884.000,435.500,8.4055,16.0000,1.1429,0.6823,4.8025,0.0000,0.7500,0.2500,0.0000,0.0000,4.8031,1.5010,0.7857
3,3,259,260,2,2,1,0.7500,259.311,963.689,546.000,7.7999,17.0000,1.1333,0.4400,5.1042,0.5333,0.2667,0.2000,0.7071,0.0000,3.9034,0.7509,1.0000
4,3,259,261,3,2,1,0.6667,259.770,1094.820,642.000,9.1553,19.0000,1.2459,0.7913,5.7046,0.7500,0.1500,0.1000,0.9487,0.0000,5.2518,1.8013,0.8197
4,3,261,262,2,3,1,0.6667,261.554,793.089,436.000,8.4002,16.0000,1.1429,0.4553,4.7994,0.7576,0.1294,0.1129,0.5257,0.0000,4.8003,1.4992,0.8214
7,3,273,275,3,2,3,0.3889,273.640,664.135,1081.708,10.0424,16.0000,1.2584,0.7167,4.7780,0.2661,0.4704,0.2635,0.6546,0.0506,4.4764,1.4928,0.5169
3,3,274,276,3,1,1,1.0000,275.019,790.000,585.000,9.1289,18.0000,1.0189,0.0189,5.3701,0.8889,0.0000,0.1111,1.0000,0.0000,5.9636,1.9386,1.0000
3,3,283,285,3,1,1,1.0000,283.960,811.000,759.000,8.5704,18.0000,1.0800,0.0400,5.3439,0.8889,0.0000,0.1111,1.0000,0.0000,4.7531,0.7418,1.0000
10,3,289,290,2,3,3,0.5556,289.592,979.762,748.969,12.1624,19.0000,1.4615,0.4733,5.6197,0.6933,0.0628,0.2439,0.0186,0.2223,3.8460,1.4795,0.3846
4,3,291,294,4,1,1,1.0000,292.322,901.000,727.000,8.7119,18.0000,1.2203,1.3220,5.3205,0.9375,0.0000,0.0625,1.0000,0.0000,4.7249,1.4750,0.8136
4,3,298,299,2,2,2,0.5000,298.821,1057.732,623.536,8.2312,16.0000,1.1429,0.6250,4.7029,0.5916,0.1015,0.3069,0.5000,0.5000,4.7029,1.1764,0.8214
5,3,299,301,3,1,2,0.8333,300.316,776.000,1094.618,9.9805,19.0000,1.2500,0.7834,5.5764,0.5854,0.2927,0.1220,0.9487,0.0000,4.9892,1.1751,0.6842
4,3,308,309,2,2,1,1.0000,308.545,467.545,1032.000,8.0237,15.0000,1.0909,0.7100,4.3785,0.0000,0.7500,0.2500,1.0000,0.0000,4.0831,0.8752,0.8182
4,3,311,312,2,1,3,0.6667,311.525,1014.000,911.966,8.5864,16.0000,1.0847,0.4758,4.6552,0.7576,0.1294,0.1129,0.5257,0.0000,3.9298,1.0196,0.7797
5,3,313,314,2,2,2,0.6250,313.586,981.386,531.857,9.0963,17.0000,1.2143,0.7157,4.9421,0.3432,0.2505,0.4063,0.6059,0.3645,4.6472,1.4533,0.6857
3,3,316,317,2,1,2,0.7500,316.653,994.000,926.327,8.1993,17.0000,1.0408,0.7301,4.9298,0.5333,0.2667,0.2000,0.7071,0.0000,5.2154,1.5924,1.0000
6,3,326,328,3,2,2,0.5000,326.728,583.123,715.309,9.5040,16.0000,1.1852,0.4293,4.5975,0.5034,0.2551,0.2415,0.9677,0.2521,4.3079,1.4377,0.5679
3,3,328,329,2,1,2,0.7500,328.300,880.000,1144.660,8.2861,18.0000,1.0800,0.4534,5.1680,0.5333,0.2667,0.2000,0.7071,0.0000,5.1674,1.1484,1.0000
3,3,329,331,3,1,1,1.0000,330.021,1126.000,776.000,7.7782,16.0000,1.0213,0.0213,4.5863,0.8889,0.0000,0.1111,1.0000,0.0000,4.8699,1.1479,1.0000
5,3,333,334,2,2,3,0.4167,333.213,813.800,877.040,9.5902,19.0000,1.2667,0.2951,5.4334,0.4138,0.1655,0.4207,0.0000,0.7071,4.5757,1.7158,0.6667
3,3,346,348,3,1,1,1.0000,347.000,479.000,748.000,7.8483,18.0000,1.1250,0.0000,5.0976,0.8889,0.0000,0.1111,1.0000,0.0000,4.5338,1.6982,1.0000
3,3,349,350,2,1,2,0.7500,349.375,480.000,636.312,7.8374,18.0000,1.1250,0.6988,5.0888,0.5333,0.2667,0.2000,0.7071,0.0000,4.6672,1.9790,1.0000
10,3,351,353,3,4,2,0.4167,352.040,725.904,642.816,11.1627,16.0000,1.2800,0.2114,4.5184,0.6829,0.1352,0.1819,0.6357,0.3254,3.8121,0.8478,0.3680
13,3,351,355,5,4,3,0.2167,352.727,879.337,1001.366,13.4668,19.0000,1.4360,0.8051,5.3628,0.8333,0.0749,0.0919,0.7844,0.1267,3.6731,1.1283,0.2965
7,3,352,354,3,2,2,0.5833,353.295,736.625,1007.716,9.3866,15.0000,1.1932,0.8605,4.2338,0.4600,0.2645,0.2756,0.8571,0.1000,3.6690,0.2828,0.5114
4,3,352,353,2,1,2,1.0000,352.459,824.000,925.508,8.6112,18.0000,1.1803,0.6727,5.0832,0.0000,0.7500,0.2500,0.0000,0.0000,4.5176,1.6944,0.7869
3,3,352,353,2,2,1,0.7500,352.667,885.667,469.000,7.3345,15.0000,1.0000,0.7454,4.2360,0.5333,0.2667,0.2000,0.7071,0.0000,4.6570,1.2703,1.0000
3,3,355,357,3,1,1,1.0000,355.979,943.000,760.000,7.8107,17.0000,1.0625,0.0208,4.7913,0.8889,0.0000,0.1111,1.0000,0.0000,4.7935,1.4086,1.0000
4,3,359,362,4,1,1,1.0000,360.516,438.000,698.000,9.0011,19.0000,1.1875,0.5156,5.3455,0.9375,0.0000,0.0625,1.0000,0.0000,4.6395,1.5468,0.7812
5,3,363,364,2,2,2,0.6250,363.329,683.771,1074.400,8.7960,16.0000,1.1429,0.9290,4.4962,0.3432,0.2505,0.4063,0.6059,0.3645,4.4961,1.1243,0.6714
3,3,364,365,2,2,1,0.7500,364.319,898.362,468.000,7.6217,17.0000,1.0851,0.7136,4.7755,0.5333,0.2667,0.2000,0.7071,0.0000,4.4946,1.9661,1.0000
5,3,365,367,3,2,1,0.8333,366.227,911.427,902.000,9.4147,21.0000,1.4000,0.6165,5.8950,0.5854,0.2927,0.1220,0.9487,0.0000,5.3318,1.4034,0.7200
5,3,367,369,3,2,2,0.4167,368.093,758.133,847.867,9.4091,22.0000,1.4667,0.2104,6.1717,0.6489,0.0995,0.2515,0.9362,0.2726,3.9263,1.1217,0.7333
4,3,370,373,4,1,1,1.0000,371.403,961.000,1110.000,8.6878,21.0000,1.3548,0.5968,5.8843,0.9375,0.0000,0.0625,1.0000,0.0000,4.6252,1.4015,0.8387
31,7,398,402,5,6,5,0.2067,399.898,576.428,1009.375,22.5798,26.0000,1.7871,1.0630,7.2485,0.3094,0.4025,0.2881,0.8471,0.4775,4.3203,1.3940,0.3171
5,3,399,401,3,2,2,0.4167,400.105,872.539,543.855,9.4742,18.0000,1.1842,0.5684,5.0175,0.7729,0.0435,0.1836,0.8328,0.5477,4.7387,1.3933,0.6711
5,3,411,413,3,1,2,0.8333,411.771,1062.000,639.614,8.7142,16.0000,1.1429,0.8625,4.4542,0.5854,0.2927,0.1220,0.9487,0.0000,4.7322,1.3918,0.6857
4,3,449,451,3,1,2,0.6667,450.180,1009.000,847.836,8.4652,18.0000,1.1803,0.2437,4.9959,0.7500,0.1500,0.1000,0.9487,0.0000,4.3020,0.2776,0.8361
4,3,461,462,2,1,2,1.0000,461.467,492.000,705.533,8.3228,16.0000,1.0667,0.7087,4.4389,0.0000,0.7500,0.2500,0.0000,0.0000,4.1614,1.1097,0.8000
5,3,478,479,2,2,2,0.6250,478.384,624.562,733.836,9.0534,17.0000,1.1644,0.6052,4.7144,0.3432,0.2505,0.4063,0.6059,0.3645,4.7143,1.1093,0.6712
5,3,486,487,2,3,1,0.8333,486.394,688.338,1005.000,8.8039,17.0000,1.1972,0.7705,4.7136,0.5854,0.2927,0.1220,0.3162,0.0000,4.7136,0.8318,0.7042
6,3,494,496,3,2,2,0.5000,494.741,911.259,816.864,9.1668,17.0000,1.2593,0.3910,4.7125,0.5034,0.2551,0.2415,0.9677,0.2521,3.4651,0.8317,0.6049
7,3,495,497,3,2,2,0.5833,495.880,975.570,559.400,10.4772,19.0000,1.3300,0.7066,5.2668,0.5352,0.1763,0.2885,0.8018,0.5745,4.1581,1.1088,0.5200
5,3,498,500,3,1,2,0.8333,498.747,877.000,884.640,9.2968,19.0000,1.2667,0.4402,5.2663,0.5854,0.2927,0.1220,0.9487,0.0000,4.7121,1.1088,0.6800
6,3,499,501,3,1,2,1.0000,500.093,886.000,1038.419,9.7311,20.0000,1.3953,0.4288,5.5433,0.5556,0.3333,0.1111,1.0000,0.0000,4.4347,1.1086,0.6047
5,3,517,519,3,2,2,0.4167,518.095,608.135,753.541,9.1659,17.0000,1.1486,1.2282,4.7087,0.7729,0.0435,0.1836,0.8328,0.5477,4.7084,1.1079,0.6757
7,3,529,531,3,2,2,0.5833,530.307,794.792,946.416,10.5669,20.0000,1.3861,0.8346,5.5359,0.4600,0.2645,0.2756,0.8571,0.1000,3.8752,1.5224,0.5644
5,3,539,541,3,2,1,0.8333,539.780,705.524,933.000,10.1463,20.0000,1.2195,0.9403,5.5338,0.5854,0.2927,0.1220,0.9487,0.0000,5.2568,1.3835,0.6829
5,3,540,542,3,1,2,0.8333,540.811,921.000,1081.635,9.1559,17.0000,1.1486,0.8891,4.7035,0.5854,0.2927,0.1220,0.9487,0.0000,5.2565,1.3833,0.6892
20,4,549,553,5,4,3,0.3333,551.151,1023.644,485.673,17.5616,21.0000,1.4789,0.9766,5.8072,0.5682,0.1601,0.2716,0.9498,0.0262,4.1479,1.2444,0.3451
4,3,563,566,4,1,1,1.0000,564.377,725.000,1172.000,8.4303,17.0000,1.1148,1.3770,4.6991,0.9375,0.0000,0.0625,1.0000,0.0000,4.9752,1.3820,0.8033
4,3,571,572,2,1,2,1.0000,571.585,1040.000,993.554,8.9808,19.0000,1.1692,0.6923,5.2502,0.0000,0.7500,0.2500,0.0000,0.0000,5.2503,1.5198,0.8462
5,3,583,584,2,2,2,0.6250,583.645,1004.158,688.592,9.3878,20.0000,1.3158,0.7083,5.5241,0.3432,0.2505,0.4063,0.6059,0.3645,4.1432,0.9667,0.6974
8,3,587,589,3,2,2,0.6667,588.419,828.371,906.695,10.2516,20.0000,1.5238,0.6375,5.5231,0.4782,0.1602,0.3617,0.9087,0.4175,3.4519,1.1046,0.4952
5,3,590,591,2,2,2,0.6250,590.571,769.182,494.623,9.5084,18.0000,1.1688,0.5988,4.9701,0.3432,0.2505,0.4063,0.6059,0.3645,4.6942,1.6567,0.6623
4,3,615,617,3,1,2,0.6667,616.167,722.000,1048.833,8.2708,18.0000,1.2000,0.2357,4.9625,0.7500,0.1500,0.1000,0.9487,0.0000,4.1355,0.6893,0.8333
9,3,623,626,4,2,2,0.5625,624.795,683.256,1085.282,10.7452,17.0000,1.3077,0.8213,4.6837,0.7773,0.0887,0.1340,0.9819,0.0861,3.5815,1.1020,0.4188
7,3,624,626,3,3,1,0.7778,625.067,770.122,575.000,9.3721,16.0000,1.2444,0.1392,4.4082,0.6076,0.3038,0.0886,0.7071,0.0000,3.3064,1.7909,0.5333
5,3,632,634,3,1,2,0.8333,632.811,497.000,1092.622,9.1127,18.0000,1.2162,0.6498,4.9564,0.5854,0.2927,0.1220,0.9487,0.0000,4.6814,1.1014,0.7027
6,3,636,639,4,2,2,0.3750,637.242,895.242,947.110,10.2268,24.0000,1.5824,0.3591,6.6068,0.6410,0.2138,0.1452,0.9804,0.0231,4.5419,1.6516,0.6374
5,4,641,643,3,1,2,0.8333,641.679,679.000,900.577,9.5999,19.0000,1.2179,0.8004,5.2291,0.5854,0.2927,0.1220,0.9487,0.0000,4.6786,1.1008,0.8718
5,3,641,642,2,2,2,0.6250,641.456,913.873,635.468,9.7231,19.0000,1.2025,0.7713,5.2288,0.3432,0.2505,0.4063,0.6059,0.3645,4.9536,1.1009,0.6835
5,3,646,648,3,1,3,0.5556,647.115,697.000,1204.000,9.5971,23.0000,1.4744,0.1154,6.3279,0.5532,0.3398,0.1070,0.8281,0.0000,4.9520,1.3757,0.7436
4,3,649,650,2,2,1,1.0000,649.526,738.513,944.000,10.4535,22.0000,1.1579,0.6984,6.0519,0.0000,0.7500,0.2500,1.0000,0.0000,4.8142,0.6877,0.8026
8,3,651,654,4,3,2,0.3333,652.373,918.118,847.600,10.6973,18.0000,1.3091,1.1537,4.9509,0.7708,0.1166,0.1126,0.6940,0.0510,4.4008,1.3753,0.6091
8,3,663,666,4,3,2,0.3333,664.149,709.512,942.884,11.7628,21.0000,1.3884,1.0003,5.7741,0.6589,0.2226,0.1186,0.8268,0.0775,3.9869,0.9624,0.4711
14,7,669,673,5,3,3,0.3111,671.171,517.258,1075.876,15.9446,23.0000,1.4839,0.8776,6.3233,0.6071,0.1305,0.2624,0.8729,0.4672,4.5363,1.3746,0.5714
3,3,677,678,2,1,2,0.7500,677.680,509.000,758.360,7.9359,18.0000,1.0800,0.7155,4.9483,0.5333,0.2667,0.2000,0.7071,0.0000,4.6735,1.3745,1.0000
4,3,689,690,2,2,1,1.0000,689.524,805.540,741.000,8.6591,18.0000,1.1429,0.6973,4.9481,0.0000,0.7500,0.2500,1.0000,0.0000,5.0855,1.6493,0.8095
4,3,691,693,3,1,2,0.6667,691.986,851.000,986.493,10.0335,22.0000,1.2055,0.4933,6.0476,0.7576,0.1294,0.1129,0.8507,0.0000,4.6731,0.8247,0.7945
10,3,692,694,3,3,3,0.3704,692.841,149.186,848.903,12.6045,22.0000,1.5172,0.2630,6.0475,0.2823,0.4888,0.2289,0.7198,0.4734,3.2987,1.3744,0.4000
4,3,702,704,3,2,1,0.6667,702.933,593.533,621.000,8.2464,16.0000,1.0667,1.0435,4.3981,0.7576,0.1294,0.1129,0.8507,0.0000,4.9478,1.3744,0.8000
5,3,717,719,3,2,2,0.4167,718.465,667.169,1054.394,8.7271,16.0000,1.1268,0.6325,4.3976,0.6999,0.1281,0.1720,0.8684,0.1395,4.6724,0.8245,0.6761
4,3,721,722,2,2,1,1.0000,721.525,354.557,694.000,8.3827,18.0000,1.1803,0.6864,4.9472,0.0000,0.7500,0.2500,1.0000,0.0000,4.6723,1.0994,0.8197
6,3,727,729,3,3,2,0.3333,727.699,711.060,1053.133,9.3122,16.0000,1.1566,0.7138,4.3972,0.5367,0.2153,0.2481,0.8770,0.3081,4.2597,1.6489,0.5783
6,3,746,748,3,1,3,0.6667,746.971,782.000,1123.146,11.5514,21.0000,1.2233,0.1485,5.7689,0.6944,0.2222,0.0833,0.8000,0.0000,4.6701,1.2362,0.5631
5,3,748,750,3,1,3,0.5556,748.810,494.000,1262.025,9.7049,21.0000,1.3291,0.1916,5.7686,0.5532,0.3398,0.1070,0.8281,0.0000,4.6696,1.0988,0.6962
3,3,763,764,2,1,2,0.7500,763.340,490.000,908.680,7.9256,17.0000,1.0200,0.4669,4.6675,0.5333,0.2667,0.2000,0.7071,0.0000,4.3927,1.0982,1.0000
3,3,780,782,3,1,1,1.0000,781.020,712.000,916.000,8.0784,18.0000,1.0588,0.0196,4.9384,0.8889,0.0000,0.1111,1.0000,0.0000,4.3896,1.3719,1.0000
3,3,784,786,3,1,1,1.0000,784.980,295.000,999.000,7.7605,17.0000,1.0408,0.9796,4.6636,0.8889,0.0000,0.1111,1.0000,0.0000,4.6634,1.7831,1.0000
4,3,787,789,3,1,2,0.6667,788.219,918.000,1227.219,8.7773,17.0000,1.0625,1.2382,4.6631,0.7500,0.1500,0.1000,0.9487,0.0000,4.8000,1.5086,0.7812
3,3,788,788,1,2,2,0.7500,788.000,458.314,910.627,8.0765,19.0000,1.1176,0.7015,5.2115,0.5333,0.2667,0.2000,0.0000,1.0000,4.1144,0.9600,1.0000
7,3,802,804,3,3,1,0.7778,803.330,292.810,616.000,10.3640,19.0000,1.3300,0.6964,5.2099,0.4747,0.4312,0.0941,0.5071,0.0000,4.1131,1.0968,0.5300
4,3,808,810,3,2,1,0.6667,809.081,378.726,928.000,8.5001,18.0000,1.1613,0.2858,4.9355,0.5357,0.3214,0.1429,1.0000,0.0000,4.7984,1.2339,0.8226
5,3,808,809,2,1,3,0.8333,808.434,516.000,901.197,9.3195,18.0000,1.1842,0.4770,4.9356,0.5854,0.2927,0.1220,0.3162,0.0000,4.6614,0.8226,0.6711
3,3,810,811,2,1,2,0.7500,810.630,529.000,966.704,8.5486,20.0000,1.1111,0.6959,5.4839,0.5333,0.2667,0.2000,0.7071,0.0000,5.2097,1.9194,1.0000
7,3,818,820,3,3,1,0.7778,819.173,482.731,620.000,10.7785,18.0000,1.2115,0.3201,4.9357,0.4747,0.4312,0.0941,0.8619,0.0000,4.3873,1.0968,0.5000
3,3,820,821,2,1,2,0.7500,820.686,393.000,1023.314,8.0740,19.0000,1.1176,0.4437,5.2100,0.5333,0.2667,0.2000,0.7071,0.0000,4.1131,0.9597,1.0000
3,3,840,841,2,1,2,0.7500,840.339,753.000,909.661,8.8667,19.0000,1.0179,0.7427,5.2106,0.5333,0.2667,0.2000,0.7071,0.0000,5.4848,1.0970,1.0000
6,3,860,861,2,1,4,0.7500,860.522,939.000,741.446,10.2974,20.0000,1.3043,0.6537,5.4833,0.7692,0.1538,0.0769,0.3162,0.0000,3.7012,0.5483,0.5978
5,3,865,866,2,2,2,0.6250,865.582,934.861,850.519,9.6848,21.0000,1.3291,0.6806,5.7566,0.3432,0.2505,0.4063,0.6059,0.3645,4.9343,1.5077,0.6835
4,3,868,869,2,1,2,1.0000,868.554,824.000,925.477,8.9082,18.0000,1.1077,0.6531,4.9337,0.0000,0.7500,0.2500,0.0000,0.0000,4.9338,1.9187,0.8000
9,5,872,875,4,2,2,0.5625,873.533,529.350,918.314,12.5147,19.0000,1.2482,0.7108,5.2070,0.6085,0.0074,0.3841,0.9940,0.1096,4.6587,1.3703,0.6423
3,3,876,878,3,1,1,1.0000,877.000,624.000,664.000,8.0681,19.0000,1.1176,0.0000,5.2061,0.8889,0.0000,0.1111,1.0000,0.0000,3.5622,0.2740,1.0000
4,3,877,880,4,1,1,1.0000,878.400,619.000,671.000,8.9047,20.0000,1.2308,0.4000,5.4799,0.9375,0.0000,0.0625,1.0000,0.0000,3.6989,0.5479,0.8000
3,3,881,883,3,1,1,1.0000,882.102,224.000,686.000,9.3316,22.0000,1.1186,0.8983,6.0265,0.8889,0.0000,0.1111,1.0000,0.0000,6.1638,1.6436,1.0000
6,3,885,887,3,2,2,0.5000,885.876,601.124,737.607,9.9519,20.0000,1.3483,0.4304,5.4779,0.3810,0.3333,0.2857,0.9487,0.1690,3.8345,1.3695,0.6067
4,3,886,887,2,2,1,1.0000,886.541,684.459,1157.000,8.3537,17.0000,1.1148,0.6491,4.6560,0.0000,0.7500,0.2500,1.0000,0.0000,4.6561,0.8217,0.8033
4,3,887,888,2,2,1,1.0000,887.571,435.429,881.000,8.6271,20.0000,1.2698,0.6061,5.4774,0.0000,0.7500,0.2500,1.0000,0.0000,4.1082,0.2739,0.8254
4,3,889,892,4,1,1,1.0000,890.304,830.000,977.000,9.4476,21.0000,1.2174,0.3043,5.7508,0.9375,0.0000,0.0625,1.0000,0.0000,4.7924,0.8215,0.8406
4,3,893,894,2,1,2,1.0000,893.531,881.000,1002.516,8.7617,18.0000,1.1250,0.6968,4.9283,0.0000,0.7500,0.2500,0.0000,0.0000,4.7916,1.0953,0.7969
4,3,896,898,3,1,2,0.6667,896.984,681.000,599.823,8.4865,18.0000,1.1613,0.1782,4.9277,0.5357,0.3214,0.1429,1.0000,0.0000,4.7908,1.6425,0.8226
8,3,896,899,4,2,2,0.5000,897.913,777.898,1133.449,12.2916,23.0000,1.4488,0.4684,6.2962,0.7589,0.1106,0.1304,0.9682,0.0838,4.2434,1.3688,0.4646
4,3,898,899,2,2,1,1.0000,898.435,225.565,1083.000,8.4860,19.0000,1.2258,0.6159,5.2012,0.0000,0.7500,0.2500,1.0000,0.0000,4.6536,1.7793,0.8226
6,3,906,907,2,2,2,0.7500,906.700,304.400,888.689,10.0542,21.0000,1.4000,0.5889,5.7464,0.2000,0.3333,0.4667,0.7071,0.7071,4.6519,1.5050,0.6000
3,3,911,912,2,2,1,0.7500,911.304,456.714,715.000,8.8455,23.0000,1.2321,0.4169,6.2926,0.5333,0.2667,0.2000,0.7071,0.0000,5.1980,2.0519,1.0000
4,3,921,922,2,2,2,0.5000,921.547,513.812,382.734,8.7512,18.0000,1.1250,0.5577,4.9225,0.5916,0.1015,0.3069,0.7071,0.7071,4.3756,1.0939,0.8125
3,3,922,924,3,1,1,1.0000,923.020,252.000,729.000,7.7362,17.0000,1.0408,0.9796,4.6486,0.8889,0.0000,0.1111,1.0000,0.0000,4.9224,1.6407,1.0000
4,3,923,924,2,1,3,0.6667,923.729,682.000,1120.915,8.0668,16.0000,1.0847,0.7337,4.3754,0.5357,0.3214,0.1429,0.0000,0.0000,4.6486,1.0938,0.8136
4,3,923,925,3,2,1,0.6667,923.870,742.841,858.000,9.4340,24.0000,1.3913,0.2060,6.5628,0.7500,0.1500,0.1000,0.9487,0.0000,5.1955,1.3672,0.8406
5,3,924,926,3,1,2,0.8333,925.260,599.000,1229.610,9.4159,19.0000,1.2338,0.4683,5.1953,0.5854,0.2927,0.1220,0.9487,0.0000,4.6485,0.8203,0.6753
3,3,931,932,2,1,2,0.7500,931.310,453.000,1003.276,9.1545,24.0000,1.2414,0.4152,6.5612,0.5333,0.2667,0.2000,0.7071,0.0000,5.1941,1.9137,1.0000
4,3,952,954,3,1,2,0.6667,952.672,327.000,912.262,8.3335,17.0000,1.1148,0.4199,4.6448,0.7500,0.1500,0.1000,0.9487,0.0000,4.9181,1.6394,0.8033
5,3,954,956,3,1,2,0.8333,954.688,464.000,1119.455,9.4084,19.0000,1.2338,0.8782,5.1912,0.5854,0.2927,0.1220,0.9487,0.0000,4.6447,1.3661,0.6623
16,9,955,958,4,3,3,0.4444,956.475,293.004,673.479,19.1248,31.0000,1.7714,0.7054,8.4696,0.4882,0.0606,0.4512,0.7249,0.3876,4.7812,1.3661,0.6929
3,3,959,960,2,2,1,0.7500,959.680,407.320,860.000,7.8866,18.0000,1.0800,0.4525,4.9176,0.5333,0.2667,0.2000,0.7071,0.0000,4.7810,1.3660,1.0000
3,3,959,960,2,1,2,0.7500,959.647,470.000,567.333,8.0443,18.0000,1.0588,0.7279,4.9176,0.5333,0.2667,0.2000,0.7071,0.0000,4.3712,0.5464,1.0000
4,3,960,961,2,3,1,0.6667,960.803,541.197,1018.000,8.3324,17.0000,1.1148,0.2782,4.6443,0.7500,0.1500,0.1000,0.3162,0.0000,4.6443,1.6392,0.8033
8,3,961,963,3,2,3,0.4444,961.746,481.693,977.570,11.0110,19.0000,1.3333,1.1049,5.1907,0.3000,0.4500,0.2500,0.8944,0.1826,3.9613,1.0928,0.4561
4,3,964,965,2,2,2,0.5000,964.823,776.516,1028.742,8.4686,19.0000,1.2258,0.6037,5.1905,0.5916,0.1015,0.3069,0.5000,0.5000,4.6441,0.5464,0.8226
3,3,969,970,2,1,2,0.7500,969.327,628.000,696.327,7.7281,17.0000,1.0408,0.4618,4.6439,0.5333,0.2667,0.2000,0.7071,0.0000,3.8244,0.5464,1.0000
4,3,974,976,3,1,2,0.6667,975.030,618.000,910.818,9.0143,20.0000,1.2121,0.1843,5.4632,0.5357,0.3214,0.1429,1.0000,0.0000,4.9169,1.0926,0.8182
4,3,976,977,2,2,1,1.0000,976.537,838.507,599.000,9.1508,19.0000,1.1343,0.6758,5.1900,0.0000,0.7500,0.2500,1.0000,0.0000,5.0534,2.5950,0.7761
3,3,982,984,3,1,1,1.0000,982.980,431.000,783.000,8.0428,18.0000,1.0588,0.0196,4.9167,0.8889,0.0000,0.1111,1.0000,0.0000,5.1898,1.3657,1.0000
6,3,996,998,3,2,2,0.5000,996.640,611.865,1050.461,9.9237,19.0000,1.2809,0.8004,5.1894,0.6373,0.1269,0.2358,0.8795,0.0724,4.5065,1.6387,0.5843
4,3,1002,1004,3,2,1,0.6667,1003.062,383.246,525.000,8.8760,21.0000,1.2923,0.2537,5.7353,0.5357,0.3214,0.1429,1.0000,0.0000,4.0966,0.6828,0.8154
5,3,1011,1013,3,1,2,0.8333,1011.762,420.000,1103.560,10.2586,20.0000,1.1905,0.9453,5.4617,0.5854,0.2927,0.1220,0.9487,0.0000,4.9155,1.5020,0.6667
5,3,1015,1016,2,2,2,0.6250,1015.380,539.633,929.152,9.6475,21.0000,1.3291,0.5496,5.7345,0.3432,0.2505,0.4063,0.6059,0.3645,4.9152,1.5019,0.6835
4,3,1018,1020,3,1,2,0.6667,1018.629,545.000,792.258,8.4647,18.0000,1.1613,0.6799,4.9150,0.7500,0.1500,0.1000,0.9487,0.0000,4.7785,1.9114,0.8226
6,5,1024,1026,3,1,2,1.0000,1024.929,637.000,784.449,10.9234,21.0000,1.2857,0.4546,5.7336,0.5556,0.3333,0.1111,1.0000,0.0000,4.2319,1.3651,0.8878
3,3,1028,1029,2,2,1,0.7500,1028.340,347.660,774.000,7.8811,17.0000,1.0200,0.7424,4.6412,0.5333,0.2667,0.2000,0.7071,0.0000,4.9141,1.0920,1.0000
5,3,1028,1030,3,2,1,0.8333,1028.689,529.622,874.000,9.0349,18.0000,1.2162,0.4897,4.9141,0.5854,0.2927,0.1220,0.9487,0.0000,4.9142,0.8190,0.7027
3,3,1029,1030,2,2,1,0.7500,1029.654,500.308,925.000,8.1962,18.0000,1.0385,0.7226,4.9141,0.5333,0.2667,0.2000,0.7071,0.0000,4.6410,1.2285,1.0000
5,3,1045,1047,3,3,1,0.5556,1045.757,537.054,670.000,9.0315,18.0000,1.2162,0.2492,4.9123,0.5532,0.3398,0.1070,0.8281,0.0000,4.9122,1.3645,0.6892
18,3,1045,1049,5,5,3,0.2400,1046.729,644.219,792.307,16.1450,20.0000,1.4343,1.3257,5.4578,0.5104,0.3999,0.0898,0.4623,0.1358,3.9570,1.2280,0.3466
4,3,1048,1049,2,3,1,0.6667,1048.459,164.934,750.000,8.3230,17.0000,1.1148,0.4637,4.6391,0.7576,0.1294,0.1129,0.5257,0.0000,4.6390,1.6373,0.8033
4,3,1052,1055,4,1,1,1.0000,1053.391,664.000,653.000,9.4133,21.0000,1.2174,0.3913,5.7299,0.9375,0.0000,0.0625,1.0000,0.0000,5.0477,1.2278,0.8116
4,3,1065,1066,2,2,1,1.0000,1065.550,517.533,653.000,8.1825,17.0000,1.1333,0.6978,4.6367,0.0000,0.7500,0.2500,1.0000,0.0000,4.6367,1.3637,0.8167
4,3,1065,1066,2,2,1,1.0000,1065.429,526.429,838.000,8.5916,20.0000,1.2698,0.6061,5.4551,0.0000,0.7500,0.2500,1.0000,0.0000,4.6367,0.9546,0.8254
4,3,1067,1069,3,2,1,0.6667,1067.934,561.541,633.000,8.3182,17.0000,1.1148,0.4637,4.6364,0.7576,0.1294,0.1129,0.8507,0.0000,4.0910,0.8181,0.8033
4,4,1067,1068,2,1,2,1.0000,1067.507,793.000,1075.493,9.6820,18.0000,1.0141,0.7072,4.9093,0.0000,0.7500,0.2500,0.0000,0.0000,4.6364,0.9546,1.0000
5,3,1076,1077,2,2,2,0.6250,1076.610,330.416,746.844,9.3890,19.0000,1.2338,0.5906,5.1804,0.3432,0.2505,0.4063,0.6059,0.3645,4.6351,1.6359,0.6623
3,3,1078,1079,2,1,2,0.7500,1078.291,307.000,896.709,8.6576,23.0000,1.2545,0.4114,6.2708,0.5333,0.2667,0.2000,0.7071,0.0000,4.0897,1.0905,1.0000
4,3,1079,1080,2,2,2,0.5000,1079.515,824.212,432.258,8.9969,18.0000,1.0909,0.6138,4.9075,0.5916,0.1015,0.3069,0.7071,0.7071,4.9073,1.9084,0.7879
10,3,1081,1084,4,4,3,0.2083,1082.493,640.493,835.107,12.0690,20.0000,1.4286,0.7052,5.4523,0.7240,0.1453,0.1307,0.5674,0.1531,3.2713,1.0904,0.3857
4,3,1093,1095,3,2,1,0.6667,1094.000,268.779,573.000,9.2663,21.0000,1.2353,0.2206,5.7233,0.5357,0.3214,0.1429,1.0000,0.0000,4.6332,0.8176,0.7794
6,3,1104,1106,3,2,2,0.5000,1105.157,503.191,857.742,9.9009,19.0000,1.2809,0.3578,5.1774,0.5230,0.1584,0.3185,0.9225,0.0898,4.6324,1.3625,0.5843
4,3,1105,1106,2,1,3,0.6667,1105.557,782.000,568.918,8.3111,18.0000,1.1803,0.4501,4.9049,0.7576,0.1294,0.1129,0.5257,0.0000,4.9049,2.1800,0.8197
4,3,1112,1114,3,2,1,0.6667,1113.135,633.149,779.000,10.0819,24.0000,1.2973,0.2009,6.5396,0.7500,0.1500,0.1000,0.9487,0.0000,5.5859,2.1799,0.8514
5,4,1113,1115,3,1,2,0.8333,1114.177,480.000,783.367,9.6267,17.0000,1.0759,0.4076,4.6322,0.5854,0.2927,0.1220,0.9487,0.0000,4.9047,1.6349,0.8354
8,3,1115,1117,3,1,3,0.8889,1115.811,441.000,868.943,11.7530,21.0000,1.3770,0.8135,5.7221,0.3375,0.5625,0.1000,0.7071,0.0000,4.2234,1.0899,0.4508
5,3,1115,1117,3,2,2,0.4167,1115.933,451.147,813.627,9.1393,19.0000,1.2667,0.4066,5.1771,0.5461,0.2256,0.2283,0.8117,0.4177,4.3597,1.0899,0.6933
4,3,1118,1120,3,1,2,0.6667,1118.859,336.000,689.828,8.7193,19.0000,1.1875,0.2221,5.1771,0.7500,0.1500,0.1000,0.9487,0.0000,5.1771,1.9073,0.8281
5,3,1119,1120,2,2,2,0.6250,1119.595,481.216,683.351,9.0173,16.0000,1.0811,0.7237,4.3597,0.3432,0.2505,0.4063,0.6059,0.3645,4.6321,0.6812,0.6486
4,3,1119,1121,3,2,1,0.6667,1120.095,629.429,700.000,8.5830,19.0000,1.2063,0.4390,5.1771,0.7576,0.1294,0.1129,0.8507,0.0000,4.7684,1.2262,0.8254
9,3,1136,1138,3,3,2,0.5000,1136.913,610.409,650.283,11.5341,19.0000,1.3465,0.5055,5.1767,0.2059,0.4550,0.3392,0.7188,0.0195,3.8144,0.2725,0.4173
6,3,1139,1141,3,2,1,1.0000,1140.053,888.468,503.000,10.4554,20.0000,1.2766,0.4711,5.4490,0.5556,0.3333,0.1111,1.0000,0.0000,3.9505,0.5449,0.5532
4,3,1152,1154,3,2,1,0.6667,1153.328,507.738,964.000,8.3075,17.0000,1.1148,0.4199,4.6304,0.7500,0.1500,0.1000,0.9487,0.0000,4.6303,2.3151,0.8033
4,3,1159,1160,2,2,2,0.5000,1159.270,491.190,671.444,8.5782,18.0000,1.1429,0.5537,4.9019,0.5916,0.1015,0.3069,0.5000,0.5000,4.7657,1.3616,0.8095
6,3,1167,1170,4,2,2,0.3750,1168.239,556.148,476.625,9.7801,17.0000,1.1591,1.3952,4.6282,0.7351,0.1332,0.1317,0.9406,0.2762,3.9474,0.8167,0.5682
5,3,1172,1174,3,2,1,0.8333,1173.289,717.408,527.000,9.2507,18.0000,1.1842,0.5002,4.8992,0.5854,0.2927,0.1220,0.9487,0.0000,4.8989,0.9526,0.6711
8,3,1176,1177,2,4,2,0.5000,1176.560,775.207,912.888,11.1609,19.0000,1.3103,0.9137,5.1705,0.6810,0.1576,0.1614,0.1770,0.3679,3.8100,1.2246,0.4655
4,3,1177,1178,2,1,2,1.0000,1177.516,594.000,804.548,8.4359,18.0000,1.1613,0.6858,4.8984,0.0000,0.7500,0.2500,0.0000,0.0000,4.0818,0.8163,0.8065
5,3,1178,1180,3,2,2,0.4167,1178.818,719.156,426.831,9.3702,19.0000,1.2338,0.2930,5.1701,0.6489,0.0995,0.2515,0.9362,0.2726,4.0815,1.6326,0.6753
6,3,1193,1194,2,3,3,0.3333,1193.636,475.977,671.182,9.7709,19.0000,1.2955,0.6622,5.1676,0.4899,0.3164,0.1936,0.4082,0.7632,4.2156,0.8160,0.5795
4,3,1201,1204,4,1,1,1.0000,1202.367,321.000,713.000,8.1580,17.0000,1.1333,0.3667,4.6229,0.9375,0.0000,0.0625,1.0000,0.0000,4.6229,1.3597,0.8167
9,3,1204,1207,4,2,3,0.3750,1205.543,637.514,644.107,12.6900,24.0000,1.5429,0.6756,6.5263,0.6404,0.1944,0.1652,0.9038,0.1568,3.5351,1.6316,0.4286
4,3,1205,1206,2,2,2,0.5000,1205.516,499.742,556.806,8.4298,18.0000,1.1613,0.6086,4.8947,0.5916,0.1015,0.3069,0.7071,0.7071,4.7587,1.6316,0.8065
6,3,1207,1210,4,2,2,0.3750,1208.574,367.117,751.298,10.4353,22.0000,1.4043,0.5324,5.9824,0.8076,0.0500,0.1424,0.9217,0.3087,4.4868,1.3596,0.5851
5,3,1208,1210,3,2,1,0.8333,1208.740,453.442,894.000,9.3639,17.0000,1.1039,0.9273,4.6228,0.5854,0.2927,0.1220,0.9487,0.0000,4.6228,0.9517,0.6494
4,3,1215,1217,3,2,1,0.6667,1216.200,705.785,395.000,8.8380,18.0000,1.1077,0.2939,4.8949,0.7500,0.1500,0.1000,0.9487,0.0000,4.7589,1.3597,0.7846
15,3,1224,1227,4,2,4,0.4688,1225.936,621.445,669.564,16.5733,24.0000,1.5254,1.2258,6.5275,0.4106,0.4771,0.1123,0.6228,0.1601,4.3518,1.9040,0.4280
4,3,1235,1238,4,1,1,1.0000,1236.459,625.000,665.000,10.0659,22.0000,1.1892,0.4595,5.9852,0.9375,0.0000,0.0625,1.0000,0.0000,5.4409,0.8162,0.8108
6,3,1243,1246,4,2,2,0.3750,1244.118,392.860,425.699,10.3310,18.0000,1.1613,0.9421,4.8980,0.8265,0.0815,0.0920,0.9519,0.0737,4.0815,1.0884,0.5591
7,3,1255,1256,2,3,2,0.5833,1255.436,723.178,372.782,10.3902,18.0000,1.2475,0.5186,4.8991,0.6521,0.0981,0.2499,0.3796,0.8165,4.6269,1.7691,0.5050
3,3,1260,1261,2,2,1,0.7500,1260.640,119.320,535.000,7.8579,18.0000,1.0800,0.7155,4.8997,0.5333,0.2667,0.2000,0.7071,0.0000,4.6276,1.4972,1.0000
3,3,1261,1262,2,2,1,0.7500,1261.321,515.302,498.000,8.3295,20.0000,1.1321,0.4405,5.4442,0.5333,0.2667,0.2000,0.7071,0.0000,3.8111,0.8166,1.0000
4,3,1262,1263,2,2,2,0.5000,1262.270,375.556,939.175,8.5748,18.0000,1.1429,0.5485,4.8999,0.5916,0.1015,0.3069,0.5000,0.5000,5.1721,1.9055,0.8254
5,3,1272,1274,3,2,1,0.8333,1272.776,727.447,359.000,9.2540,18.0000,1.1842,0.9529,4.9008,0.5854,0.2927,0.1220,0.9487,0.0000,4.6286,1.3614,0.6711
8,3,1280,1283,4,2,3,0.3333,1281.763,633.219,549.904,10.9755,20.0000,1.4035,0.3369,5.4462,0.6803,0.1248,0.1949,0.9181,0.1125,3.2677,1.0892,0.4825
7,3,1280,1281,2,3,2,0.5833,1280.422,639.431,991.775,10.4980,19.0000,1.3039,0.7429,5.1737,0.5694,0.1270,0.3036,0.2595,0.2173,4.0846,1.0892,0.5196
4,3,1281,1284,4,1,1,1.0000,1282.578,459.000,546.000,8.7140,19.0000,1.1875,0.5781,5.1739,0.9375,0.0000,0.0625,1.0000,0.0000,4.7655,1.3616,0.8125
4,3,1292,1294,3,2,1,0.6667,1293.016,190.222,598.000,8.5791,17.0000,1.0794,1.0089,4.6301,0.5357,0.3214,0.1429,1.0000,0.0000,4.6300,2.1788,0.7778
3,3,1292,1293,2,2,1,0.7500,1292.677,844.710,977.000,9.7490,24.0000,1.1613,0.4340,6.5365,0.5333,0.2667,0.2000,0.7071,0.0000,5.1746,1.0894,1.0000
3,3,1294,1295,2,2,1,0.7500,1294.685,315.333,829.000,8.4913,19.0000,1.0556,0.4585,5.1748,0.5333,0.2667,0.2000,0.7071,0.0000,4.6301,0.2724,1.0000
5,3,1295,1297,3,2,1,0.8333,1296.157,537.301,649.000,10.1098,23.0000,1.3855,0.3395,6.2644,0.5854,0.2927,0.1220,0.9487,0.0000,4.9025,0.4086,0.6988
4,3,1296,1297,2,2,2,0.5000,1296.459,404.262,799.197,8.3071,17.0000,1.1148,0.5641,4.6302,0.5916,0.1015,0.3069,0.7071,0.7071,4.6302,1.4980,0.8033
6,3,1301,1303,3,2,2,0.5000,1302.303,839.573,991.157,9.8968,18.0000,1.2135,0.5469,4.9029,0.6373,0.1269,0.2358,0.8795,0.0724,4.3581,1.2257,0.5730
4,3,1311,1312,2,3,1,0.6667,1311.492,227.079,431.000,8.5809,20.0000,1.2698,0.5141,5.4482,0.7576,0.1294,0.1129,0.5257,0.0000,4.6309,1.4982,0.8254
3,3,1316,1317,2,2,1,0.7500,1316.698,209.660,691.000,8.3359,19.0000,1.0755,0.4544,5.1760,0.5333,0.2667,0.2000,0.7071,0.0000,5.1760,0.5448,1.0000
4,3,1325,1326,2,1,2,1.0000,1325.470,798.000,477.439,8.9903,19.0000,1.1515,0.6887,5.1762,0.0000,0.7500,0.2500,0.0000,0.0000,5.0400,1.6346,0.8182
5,3,1327,1329,3,1,3,0.5556,1328.149,296.000,582.014,9.0159,18.0000,1.2162,0.1493,4.9038,0.5532,0.3398,0.1070,0.8281,0.0000,4.6314,1.3622,0.6892
8,4,1331,1333,3,3,2,0.4444,1332.292,556.292,432.903,10.8841,18.0000,1.2743,0.7720,4.9038,0.5236,0.2754,0.2010,0.4628,0.0056,4.4951,1.3622,0.5841
5,3,1331,1332,2,2,2,0.6250,1331.597,881.156,541.571,9.3814,18.0000,1.1688,0.7162,4.9038,0.3432,0.2505,0.4063,0.6059,0.3645,4.6314,1.2259,0.6494
4,3,1336,1337,2,1,2,1.0000,1336.524,553.000,781.540,8.5815,18.0000,1.1429,0.6973,4.9037,0.0000,0.7500,0.2500,0.0000,0.0000,4.2226,1.6346,0.8095
4,3,1342,1343,2,1,2,1.0000,1342.559,481.000,575.515,9.2621,20.0000,1.1765,0.6779,5.4483,0.0000,0.7500,0.2500,0.0000,0.0000,5.1759,1.6345,0.8088
3,3,1342,1344,3,1,1,1.0000,1343.000,631.000,1039.000,7.7067,17.0000,1.0408,0.0000,4.6311,0.8889,0.0000,0.1111,1.0000,0.0000,4.6311,1.3621,1.0000
3,3,1343,1344,2,2,1,0.7500,1343.667,527.333,390.000,7.5493,16.0000,1.0000,0.7454,4.3586,0.5333,0.2667,0.2000,0.7071,0.0000,4.6310,1.3621,1.0000
3,3,1345,1345,1,2,2,0.7500,1345.000,615.673,610.673,7.7065,17.0000,1.0408,0.4618,4.6309,0.5333,0.2667,0.2000,0.0000,1.0000,4.6309,1.3620,1.0000
5,3,1351,1353,3,1,2,0.8333,1351.696,390.000,688.544,9.6231,18.0000,1.1392,0.8837,4.9029,0.5854,0.2927,0.1220,0.9487,0.0000,4.9029,0.5448,0.6709
4,3,1351,1352,2,2,2,0.5000,1351.277,432.831,786.738,8.8524,19.0000,1.1692,0.4168,5.1753,0.0000,0.5625,0.4375,0.4459,0.5774,4.4943,0.8171,0.8308
4,3,1362,1363,2,2,1,1.0000,1362.462,576.462,557.000,8.8501,18.0000,1.1077,0.7092,4.9017,0.0000,0.7500,0.2500,1.0000,0.0000,5.0377,1.0893,0.8154
4,3,1363,1365,3,1,2,0.6667,1363.778,372.000,834.794,8.5775,17.0000,1.0794,0.8047,4.6292,0.7500,0.1500,0.1000,0.9487,0.0000,4.2206,1.0892,0.7937
4,3,1368,1370,3,1,2,0.6667,1368.727,436.000,715.242,8.9847,18.0000,1.0909,0.3649,4.9007,0.7500,0.1500,0.1000,0.9487,0.0000,4.7647,1.6336,0.7727
8,3,1369,1372,4,3,2,0.3333,1371.096,443.235,551.104,11.0691,19.0000,1.3217,0.2742,5.1727,0.5695,0.2985,0.1321,0.9820,0.0818,4.2199,0.5445,0.4522
6,3,1373,1376,4,2,2,0.3750,1374.224,556.259,507.129,9.4463,18.0000,1.2706,0.8286,4.8999,0.8265,0.0815,0.0920,0.9519,0.0737,3.5388,0.8166,0.6118
4,3,1378,1380,3,1,2,0.6667,1379.085,838.000,428.729,8.0294,16.0000,1.0847,0.7337,4.3550,0.5357,0.3214,0.1429,1.0000,0.0000,4.6271,1.4970,0.8136
6,3,1379,1381,3,2,2,0.5000,1379.775,566.854,548.539,9.8894,18.0000,1.2135,0.5330,4.8992,0.3810,0.3333,0.2857,0.9487,0.1690,4.3549,1.3609,0.5730
6,3,1384,1386,3,1,3,0.6667,1384.955,524.000,535.784,9.7771,18.0000,1.2273,0.7854,4.8987,0.6944,0.2222,0.0833,0.8000,0.0000,4.3544,1.4968,0.5909
3,3,1394,1395,2,2,1,0.7500,1394.673,190.347,559.000,7.6981,17.0000,1.0408,0.7301,4.6259,0.5333,0.2667,0.2000,0.7071,0.0000,4.6259,1.0884,1.0000
3,3,1396,1397,2,2,1,0.7500,1396.660,374.340,652.000,7.8551,17.0000,1.0200,0.7424,4.6259,0.5333,0.2667,0.2000,0.7071,0.0000,4.8979,1.3605,1.0000
3,3,1399,1400,2,1,2,0.7500,1399.653,660.000,180.673,7.6980,17.0000,1.0408,0.7301,4.6258,0.5333,0.2667,0.2000,0.7071,0.0000,4.6258,1.3605,1.0000
5,3,1406,1408,3,1,2,0.8333,1406.716,753.000,379.392,9.0055,17.0000,1.1486,0.8164,4.6260,0.5854,0.2927,0.1220,0.9487,0.0000,4.0818,0.6803,0.6622
4,3,1416,1418,3,2,1,0.6667,1417.194,821.194,502.000,8.4372,18.0000,1.1613,0.2737,4.8990,0.7500,0.1500,0.1000,0.9487,0.0000,4.6269,1.3609,0.8065
5,3,1422,1424,3,1,2,0.8333,1422.795,866.000,680.562,8.8865,18.0000,1.2329,0.4841,4.8997,0.5854,0.2927,0.1220,0.9487,0.0000,4.6274,0.8166,0.6849
3,3,1427,1428,2,1,2,0.7500,1427.308,473.000,415.308,8.1729,20.0000,1.1538,0.4351,5.4446,0.5333,0.2667,0.2000,0.7071,0.0000,4.6280,1.3611,1.0000
3,3,1441,1442,2,2,1,0.7500,1441.680,689.320,427.000,7.8599,18.0000,1.0800,0.4525,4.9009,0.5333,0.2667,0.2000,0.7071,0.0000,4.6287,0.8168,1.0000
4,3,1445,1446,2,1,2,1.0000,1445.469,991.000,455.484,8.7126,17.0000,1.0625,0.6741,4.6286,0.0000,0.7500,0.2500,0.0000,0.0000,4.9008,1.3613,0.7812
5,3,1446,1447,2,2,2,0.6250,1446.554,354.446,343.811,9.0103,17.0000,1.1486,0.8061,4.6286,0.3432,0.2505,0.4063,0.6059,0.3645,4.9008,1.6336,0.6622
4,3,1449,1452,4,1,1,1.0000,1450.676,614.000,504.000,9.6647,20.0000,1.1268,0.3239,5.4449,0.9375,0.0000,0.0625,1.0000,0.0000,5.5810,0.8167,0.8310
6,3,1454,1456,3,2,1,1.0000,1455.066,327.538,995.000,10.1129,21.0000,1.3846,0.4662,5.7165,0.5556,0.3333,0.1111,1.0000,0.0000,4.2194,1.6332,0.5934
6,3,1457,1458,2,2,2,0.7500,1457.345,765.736,574.529,9.6676,17.0000,1.1724,0.6844,4.6273,0.2000,0.3333,0.4667,0.7071,0.7071,4.3550,0.8166,0.5862
4,4,1467,1468,2,2,1,1.0000,1467.500,737.472,382.000,9.7943,19.0000,1.0556,0.6877,5.1694,0.0000,0.7500,0.2500,1.0000,0.0000,4.6251,1.0882,1.0000
5,3,1490,1492,3,2,1,0.8333,1490.750,341.434,802.000,9.2357,17.0000,1.1184,0.9395,4.6196,0.5854,0.2927,0.1220,0.9487,0.0000,4.6194,0.8152,0.6579
3,3,1494,1496,3,1,1,1.0000,1495.000,849.000,272.000,7.6862,17.0000,1.0408,0.0000,4.6188,0.8889,0.0000,0.1111,1.0000,0.0000,4.6189,0.6792,1.0000
4,3,1496,1498,3,2,1,0.6667,1496.908,696.554,280.000,8.8295,18.0000,1.1077,1.0114,4.8903,0.7576,0.1294,0.1129,0.8507,0.0000,4.4827,1.3583,0.8154
4,4,1497,1498,2,1,2,1.0000,1497.514,735.000,288.457,9.5086,20.0000,1.1429,0.6670,5.4334,0.0000,0.7500,0.2500,0.0000,0.0000,4.8902,0.2717,1.0000
4,3,1499,1501,3,2,1,0.6667,1500.129,350.177,956.000,8.4214,19.0000,1.2258,1.1429,5.1616,0.7500,0.1500,0.1000,0.9487,0.0000,4.0749,1.0866,0.8226
4,3,1500,1501,2,2,2,0.5000,1500.703,575.812,489.750,8.6930,19.0000,1.1875,0.7694,5.1615,0.0000,0.5625,0.4375,0.4459,0.5774,4.7540,1.9016,0.8125
3,3,1501,1502,2,1,2,0.7500,1501.667,599.000,827.667,7.9988,17.0000,1.0000,0.7454,4.6181,0.5333,0.2667,0.2000,0.7071,0.0000,4.8897,1.3583,1.0000
6,3,1506,1508,3,2,2,0.5000,1507.412,922.835,390.506,9.4263,16.0000,1.1294,0.6640,4.3463,0.6373,0.1269,0.2358,0.8795,0.0724,4.0746,1.0866,0.5647
4,3,1513,1515,3,1,2,0.6667,1514.132,825.000,509.824,9.2363,21.0000,1.2353,0.2206,5.7048,0.7500,0.1500,0.1000,0.9487,0.0000,5.0256,1.3583,0.8235
5,3,1533,1534,2,3,1,0.8333,1533.405,874.304,627.000,9.6017,19.0000,1.2025,0.8055,5.1636,0.5854,0.2927,0.1220,0.3162,0.0000,4.0766,1.6306,0.6582
5,3,1547,1549,3,2,2,0.4167,1547.932,432.176,762.446,8.9959,17.0000,1.1486,0.4840,4.6211,0.5461,0.2256,0.2283,0.8117,0.4177,4.6211,1.4951,0.6757
8,3,1548,1550,3,2,4,0.3333,1548.636,575.093,339.390,11.3405,20.0000,1.3559,0.7168,5.4366,0.5217,0.3098,0.1685,0.5145,0.2782,4.4852,1.4951,0.4661
10,4,1559,1562,4,2,4,0.3125,1560.234,981.717,504.352,12.4628,19.0000,1.3103,0.5086,5.1642,0.5903,0.2191,0.1905,0.8540,0.2852,4.0770,0.8154,0.5931
3,3,1559,1561,3,1,1,1.0000,1560.000,1115.000,399.000,7.8462,17.0000,1.0200,1.0000,4.6207,0.8889,0.0000,0.1111,1.0000,0.0000,4.3487,1.0872,1.0000
4,3,1565,1566,2,1,2,1.0000,1565.565,663.000,196.522,9.3758,21.0000,1.2174,0.6792,5.7069,0.0000,0.7500,0.2500,0.0000,0.0000,5.1635,1.0871,0.8261
3,3,1568,1569,2,2,1,0.7500,1568.660,511.320,395.000,7.8444,17.0000,1.0200,0.7335,4.6196,0.5333,0.2667,0.2000,0.7071,0.0000,5.1629,2.0380,1.0000
5,3,1569,1571,3,2,2,0.4167,1569.932,343.176,633.446,8.9924,17.0000,1.1486,1.0988,4.6195,0.5461,0.2256,0.2283,0.8117,0.4177,4.6193,1.3586,0.6622
6,3,1580,1582,3,1,2,1.0000,1581.034,603.000,310.449,9.8687,18.0000,1.2135,0.4507,4.8890,0.5556,0.3333,0.1111,1.0000,0.0000,3.8026,0.2717,0.5730
5,3,1581,1583,3,2,1,0.8333,1581.757,506.473,624.000,8.9884,18.0000,1.2162,0.5805,4.8888,0.5854,0.2927,0.1220,0.9487,0.0000,4.8888,1.9013,0.6892
6,4,1583,1585,3,2,2,0.5000,1584.050,787.139,369.683,11.1980,19.0000,1.1287,1.0115,5.1598,0.7074,0.0897,0.2030,0.9140,0.2540,5.4314,1.6295,0.7228
32,16,1586,1591,6,4,6,0.2222,1588.668,1280.502,817.767,25.7278,26.0000,1.5522,0.8652,7.0599,0.7503,0.0458,0.2039,0.6797,0.5878,3.8015,1.3575,0.6250
8,3,1594,1596,3,2,2,0.6667,1595.202,903.518,415.386,10.9412,19.0000,1.3333,0.6500,5.1578,0.4396,0.1507,0.4097,0.8641,0.2943,4.0719,1.6288,0.4474
4,3,1595,1596,2,1,2,1.0000,1595.438,614.000,742.469,8.6866,19.0000,1.1875,0.6882,5.1578,0.0000,0.7500,0.2500,0.0000,0.0000,5.4291,2.3073,0.8281
6,4,1597,1599,3,2,2,0.5000,1597.842,503.683,481.297,11.1921,22.0000,1.3069,0.4623,5.9715,0.6381,0.1455,0.2164,0.8019,0.3768,5.0216,2.1714,0.7327
3,3,1598,1599,2,2,1,0.7500,1598.333,444.647,592.000,7.9922,18.0000,1.0588,0.7279,4.8858,0.5333,0.2667,0.2000,0.7071,0.0000,4.8856,0.1357,1.0000
6,3,1603,1606,4,2,2,0.3750,1604.681,368.154,489.330,10.0818,18.0000,1.1868,0.4836,4.8847,0.7351,0.1332,0.1317,0.9406,0.2762,4.3421,1.3569,0.5604
5,3,1607,1608,2,3,1,0.8333,1607.475,561.225,349.000,9.7083,21.0000,1.3125,0.5712,5.6984,0.5854,0.2927,0.1220,0.3162,0.0000,4.3416,1.0854,0.7125
7,3,1609,1611,3,3,1,0.7778,1610.038,529.400,590.000,10.7683,20.0000,1.3333,1.1337,5.4266,0.1247,0.7481,0.1273,1.0000,0.0000,4.3415,1.6280,0.5238
5,3,1611,1612,2,2,3,0.4167,1611.375,499.363,572.000,9.7073,21.0000,1.3125,0.5216,5.6979,0.7383,0.0485,0.2132,0.5000,0.7071,5.1553,1.3566,0.7250
4,3,1614,1616,3,2,1,0.6667,1614.918,344.262,451.000,8.2748,17.0000,1.1148,0.9548,4.6123,0.5357,0.3214,0.1429,1.0000,0.0000,4.8835,1.3565,0.8033
8,3,1614,1616,3,2,3,0.4444,1615.026,591.718,661.128,11.2228,21.0000,1.4359,0.3109,5.6974,0.4550,0.2186,0.3264,0.8433,0.3506,4.2053,0.8139,0.4615
5,4,1614,1615,2,2,2,0.6250,1614.350,604.575,462.225,9.7067,18.0000,1.1250,0.7098,4.8836,0.3432,0.2505,0.4063,0.6059,0.3645,4.6123,1.0853,0.8500
4,3,1620,1622,3,1,2,0.6667,1621.016,903.000,489.492,8.5452,16.0000,1.0159,0.4923,4.3404,0.7576,0.1294,0.1129,0.8507,0.0000,4.0691,1.2207,0.7619
8,3,1624,1627,4,2,2,0.5000,1625.500,538.318,885.209,10.5495,18.0000,1.3091,1.5476,4.8828,0.7044,0.1115,0.1842,0.9713,0.2341,3.5264,1.6275,0.4818
4,3,1643,1645,3,1,2,0.6667,1643.651,710.000,259.270,8.5438,17.0000,1.0794,0.7045,4.6110,0.7500,0.1500,0.1000,0.9487,0.0000,4.3397,1.6274,0.8095
4,3,1653,1654,2,1,2,1.0000,1653.516,549.000,577.484,8.6799,17.0000,1.0625,0.6850,4.6112,0.0000,0.7500,0.2500,0.0000,0.0000,4.6112,1.6275,0.7656
4,3,1663,1664,2,2,1,1.0000,1663.437,442.507,364.000,9.6305,20.0000,1.1268,0.6691,5.4256,0.0000,0.7500,0.2500,1.0000,0.0000,4.4762,0.2713,0.7887
5,3,1665,1667,3,1,2,0.8333,1665.747,691.000,470.554,10.0700,20.0000,1.2048,0.9301,5.4258,0.5854,0.2927,0.1220,0.9487,0.0000,4.8833,1.4921,0.6506
3,3,1667,1668,2,1,2,0.7500,1667.340,480.000,350.340,7.8318,17.0000,1.0200,0.7424,4.6122,0.5333,0.2667,0.2000,0.7071,0.0000,4.8834,0.8139,1.0000
7,4,1679,1681,3,2,3,0.3889,1679.882,755.582,214.991,11.2834,20.0000,1.2727,0.4347,5.4278,0.1909,0.4622,0.3468,0.7315,0.2073,4.3421,0.5428,0.6636
37,26,1690,1694,5,3,4,0.6167,1692.258,430.942,1060.832,35.4434,44.0000,2.0504,0.3132,11.9471,0.4118,0.1558,0.4324,0.9695,0.1009,5.4305,1.4934,0.8199
4,3,1691,1693,3,1,2,0.6667,1691.971,861.000,224.797,9.3676,21.0000,1.2174,0.2050,5.7020,0.5357,0.3214,0.1429,1.0000,0.0000,4.6159,1.2218,0.7971
6,3,1692,1693,2,2,2,0.7500,1692.518,802.386,637.723,9.2007,16.0000,1.1566,0.8501,4.3446,0.2000,0.3333,0.4667,0.0000,0.0000,4.3444,1.3576,0.5783
5,3,1693,1694,2,2,2,0.6250,1693.613,422.840,459.453,9.1080,17.0000,1.1333,0.8370,4.6164,0.3432,0.2505,0.4063,0.6059,0.3645,4.8877,0.8147,0.6800
3,3,1693,1694,2,2,1,0.7500,1693.340,671.302,287.000,8.3091,19.0000,1.0755,0.4544,5.1592,0.5333,0.2667,0.2000,0.7071,0.0000,4.6164,0.2716,1.0000
5,3,1714,1716,3,2,2,0.4167,1714.728,559.864,480.790,9.8502,23.0000,1.4198,0.7701,6.2538,0.6489,0.0995,0.2515,0.9362,0.2726,4.2149,0.5438,0.7160
7,3,1721,1722,2,3,3,0.3889,1721.594,711.168,437.158,10.3862,17.0000,1.1782,0.4671,4.6254,0.5109,0.2405,0.2486,0.4413,0.7991,3.8091,1.2242,0.4851
3,3,1723,1725,3,1,1,1.0000,1724.000,1079.000,255.000,7.5414,16.0000,1.0000,1.0000,4.3544,0.8889,0.0000,0.1111,1.0000,0.0000,4.0819,0.6804,1.0000
4,3,1727,1729,3,1,2,0.6667,1727.627,640.000,334.239,9.1190,22.0000,1.3134,0.6708,5.9883,0.7500,0.1500,0.1000,0.9487,0.0000,4.6276,1.4972,0.8060
6,3,1730,1732,3,2,2,0.5000,1731.172,546.690,803.126,9.6712,19.0000,1.3103,0.3769,5.1735,0.5230,0.1584,0.3185,0.9225,0.0898,4.2203,1.6339,0.5977
3,3,1743,1744,2,1,2,0.7500,1743.314,1136.000,622.667,8.0257,18.0000,1.0588,0.4577,4.9061,0.5333,0.2667,0.2000,0.7071,0.0000,4.9061,2.1805,1.0000
4,3,1746,1747,2,2,1,1.0000,1746.508,900.460,443.000,8.5881,18.0000,1.1429,0.6855,4.9073,0.0000,0.7500,0.2500,1.0000,0.0000,4.0897,0.5453,0.7937
3,3,1756,1757,2,2,1,0.7500,1756.320,667.660,313.000,7.8762,17.0000,1.0200,0.7335,4.6381,0.5333,0.2667,0.2000,0.7071,0.0000,4.9110,1.6370,1.0000
4,3,1762,1765,4,1,1,1.0000,1763.429,1162.000,613.000,8.5986,17.0000,1.0794,0.4286,4.6407,0.9375,0.0000,0.0625,1.0000,0.0000,4.7767,0.9555,0.7937
4,3,1764,1765,2,1,3,0.6667,1764.267,575.000,436.350,8.1896,17.0000,1.1333,0.4400,4.6407,0.7500,0.1500,0.1000,0.3162,0.0000,4.9138,1.7745,0.8167
6,3,1769,1770,2,2,2,0.7500,1769.495,793.703,308.319,10.1449,18.0000,1.1868,0.6672,4.9155,0.2000,0.3333,0.4667,0.0000,0.0000,4.6423,1.3654,0.5714
4,3,1782,1783,2,2,1,1.0000,1782.448,741.448,408.000,9.1547,19.0000,1.1343,0.6332,5.1921,0.0000,0.7500,0.2500,1.0000,0.0000,5.1922,1.0932,0.8209
28,7,1786,1791,6,4,5,0.2333,1788.874,1163.202,967.819,21.6975,28.0000,1.8667,0.8531,7.6542,0.2630,0.4059,0.3311,0.7381,0.5246,3.9638,1.6401,0.4286
5,3,1789,1790,2,2,2,0.6250,1789.442,546.857,333.364,9.4136,21.0000,1.3636,0.5896,5.7406,0.3432,0.2505,0.4063,0.6059,0.3645,5.1942,1.6403,0.7143
3,3,1793,1795,3,1,1,1.0000,1794.000,777.000,886.000,8.6825,21.0000,1.1455,0.0000,5.7420,0.8889,0.0000,0.1111,1.0000,0.0000,4.9219,1.6405,1.0000
4,3,1796,1797,2,2,1,1.0000,1796.507,897.522,570.000,9.1608,19.0000,1.1343,0.6861,5.1958,0.0000,0.7500,0.2500,1.0000,0.0000,4.7854,1.0938,0.7761
7,3,1796,1798,3,2,2,0.5833,1797.031,1071.351,650.835,10.0259,17.0000,1.2268,0.3886,4.6489,0.4600,0.2645,0.2756,1.0000,0.0000,4.1018,0.8204,0.5052
5,3,1800,1802,3,1,2,0.8333,1801.086,567.000,522.614,8.5622,16.0000,1.1429,1.1522,4.3762,0.5854,0.2927,0.1220,0.9487,0.0000,4.6495,0.8205,0.6857
8,4,1818,1820,3,3,3,0.2963,1818.717,873.938,425.080,10.9346,18.0000,1.2743,0.3006,4.9266,0.6694,0.0804,0.2503,0.5902,0.0936,3.6949,1.0948,0.5929
4,3,1820,1822,3,1,2,0.6667,1821.082,573.000,570.738,8.3485,17.0000,1.1148,0.9548,4.6534,0.5357,0.3214,0.1429,1.0000,0.0000,4.9270,1.6423,0.8033
5,3,1820,1822,3,2,1,0.8333,1821.306,801.389,937.000,8.8138,17.0000,1.1806,0.7959,4.6534,0.5854,0.2927,0.1220,0.9487,0.0000,4.6532,1.0948,0.6806
3,3,1826,1828,3,1,1,1.0000,1826.980,690.000,403.000,7.9036,17.0000,1.0200,0.9800,4.6544,0.8889,0.0000,0.1111,1.0000,0.0000,4.3804,1.0952,1.0000
4,3,1866,1867,2,2,2,0.5000,1866.258,818.484,457.790,8.5128,17.0000,1.0968,0.6140,4.6682,0.5916,0.1015,0.3069,0.5000,0.5000,4.6684,0.9613,0.7903
6,3,1867,1869,3,1,2,1.0000,1868.067,775.000,331.539,9.9797,19.0000,1.2809,0.4656,5.2186,0.5556,0.3333,0.1111,1.0000,0.0000,3.7084,1.0985,0.6067
3,3,1874,1875,2,2,1,0.7500,1874.673,545.673,780.000,7.7767,17.0000,1.0408,0.4618,4.6734,0.5333,0.2667,0.2000,0.7071,0.0000,4.8108,0.6872,1.0000
5,3,1876,1878,3,1,3,0.5556,1877.227,894.000,300.093,9.2233,18.0000,1.2000,0.2451,4.9496,0.5532,0.3398,0.1070,0.8281,0.0000,4.9502,1.0996,0.7067
4,3,1884,1886,3,1,2,0.6667,1885.098,465.000,422.262,8.3965,19.0000,1.2459,0.2801,5.2305,0.5357,0.3214,0.1429,1.0000,0.0000,4.6802,0.8260,0.8361
6,3,1887,1889,3,1,3,0.6667,1887.833,744.000,464.250,9.4446,17.0000,1.2143,0.3005,4.6821,0.4000,0.4800,0.1200,0.7071,0.0000,4.1312,1.1015,0.5952
4,3,1892,1894,3,2,1,0.6667,1892.841,592.175,359.000,8.6823,19.0000,1.2063,0.2360,5.2371,0.7500,0.1500,0.1000,0.9487,0.0000,4.8237,1.9291,0.8254
5,3,1903,1905,3,2,1,0.8333,1903.784,735.554,569.000,9.1389,19.0000,1.2838,0.4956,5.2471,0.5854,0.2927,0.1220,0.9487,0.0000,4.6938,1.3807,0.7027
3,3,1909,1910,2,1,2,0.7500,1909.653,956.000,341.327,7.8208,17.0000,1.0408,0.7301,4.6991,0.5333,0.2667,0.2000,0.7071,0.0000,4.7001,1.2442,1.0000
10,3,1931,1934,4,2,3,0.4167,1932.508,1067.344,719.297,11.2399,17.0000,1.3281,0.9246,4.7211,0.4138,0.3100,0.2762,0.8948,0.3424,3.7481,1.1108,0.3828
8,3,1935,1937,3,2,3,0.4444,1935.797,826.771,657.110,11.5922,20.0000,1.3559,0.9410,5.5574,0.0609,0.6646,0.2745,0.8817,0.4719,4.4462,1.3895,0.4661
4,3,1939,1940,2,2,1,1.0000,1939.541,656.557,290.000,8.4807,18.0000,1.1803,0.6990,5.0045,0.0000,0.7500,0.2500,1.0000,0.0000,5.1443,2.0853,0.8361
8,4,1948,1951,4,2,2,0.5000,1949.414,863.802,492.491,11.4237,20.0000,1.3793,0.7902,5.5715,0.4829,0.3092,0.2079,1.0000,0.0000,4.4565,1.3924,0.5948
7,3,1953,1955,3,2,3,0.3889,1954.073,663.104,392.115,10.1147,20.0000,1.4583,0.1712,5.5751,0.6816,0.1457,0.1727,0.8400,0.3030,2.7876,0.2789,0.5729
7,3,1971,1973,3,2,2,0.5833,1972.083,856.862,746.615,11.5141,20.0000,1.2844,0.4174,5.5896,0.4600,0.2645,0.2756,1.0000,0.0000,4.4717,1.3973,0.5138
4,3,1989,1991,3,1,2,0.6667,1989.842,489.000,579.825,7.9815,16.0000,1.1228,0.2360,4.4814,0.7500,0.1500,0.1000,0.9487,0.0000,4.6208,1.1200,0.8246
4,3,1993,1995,3,1,2,0.6667,1993.887,908.000,279.258,8.6851,19.0000,1.2258,0.9239,5.3227,0.5357,0.3214,0.1429,1.0000,0.0000,4.6227,0.8405,0.8065
5,3,1999,2000,2,2,2,0.6250,1999.536,560.159,686.464,8.6497,17.0000,1.2319,0.7749,4.7651,0.3432,0.2505,0.4063,0.6059,0.3645,3.9242,0.8408,0.6812
3,3,2003,2004,2,2,1,0.7500,2003.660,863.319,262.000,7.6090,16.0000,1.0213,0.7327,4.4867,0.5333,0.2667,0.2000,0.7071,0.0000,4.7667,1.4021,1.0000
3,3,2005,2007,3,1,1,1.0000,2006.000,828.000,144.000,7.6105,16.0000,1.0213,1.0000,4.4878,0.8889,0.0000,0.1111,1.0000,0.0000,4.2065,1.2621,1.0000
5,3,2007,2008,2,2,2,0.6250,2007.408,742.310,413.211,8.9063,17.0000,1.1972,0.5545,4.7686,0.3432,0.2505,0.4063,0.6059,0.3645,3.9268,0.8415,0.6901
4,3,2009,2012,4,1,1,1.0000,2010.424,826.000,258.000,8.2765,16.0000,1.0847,0.4237,4.4891,0.9375,0.0000,0.0625,1.0000,0.0000,4.6290,1.1224,0.7966
5,3,2011,2012,2,1,3,0.8333,2011.403,812.000,119.750,9.0344,18.0000,1.2500,0.4741,5.0503,0.5854,0.2927,0.1220,0.3162,0.0000,4.4891,1.1222,0.6806
3,3,2014,2016,3,1,1,1.0000,2014.981,614.000,605.000,8.4257,19.0000,1.0962,0.0192,5.3323,0.8889,0.0000,0.1111,1.0000,0.0000,5.0513,0.8421,1.0000
4,3,2014,2016,3,1,2,0.6667,2014.930,652.000,702.719,7.9985,16.0000,1.1228,0.7227,4.4904,0.5357,0.3214,0.1429,1.0000,0.0000,3.9290,0.2807,0.8070
6,3,2022,2024,3,2,2,0.5000,2023.128,934.795,350.744,8.9415,16.0000,1.2308,0.3525,4.4930,0.7074,0.0897,0.2030,0.9140,0.2540,3.9312,0.8425,0.6026
4,3,2027,2028,2,1,2,1.0000,2027.526,1113.000,601.544,8.0048,16.0000,1.1228,0.6965,4.4938,0.0000,0.7500,0.2500,0.0000,0.0000,4.7748,1.2639,0.8070
10,4,2028,2030,3,4,2,0.4167,2029.246,921.619,443.910,11.9028,18.0000,1.3433,0.4621,5.0561,0.6047,0.2789,0.1164,0.4472,0.2314,4.0728,1.6854,0.4701
6,3,2030,2032,3,1,3,0.6667,2031.400,722.000,217.747,10.8954,21.0000,1.3263,0.4731,5.8994,0.2083,0.6667,0.1250,0.8944,0.0000,4.9163,0.8428,0.6316
6,4,2034,2036,3,2,2,0.5000,2034.839,908.471,586.874,9.9797,16.0000,1.1034,0.5138,4.4957,0.3810,0.3333,0.2857,0.9487,0.1690,4.2147,0.8429,0.7126
4,3,2035,2037,3,1,2,0.6667,2036.034,523.000,544.475,8.2894,16.0000,1.0847,0.4758,4.4959,0.7576,0.1294,0.1129,0.8507,0.0000,4.4960,1.6860,0.7797
7,3,2041,2043,3,2,3,0.3889,2041.917,1003.292,828.521,10.1986,17.0000,1.2396,0.5671,4.7783,0.7845,0.0411,0.1744,0.6968,0.5293,3.9351,1.5459,0.5000
5,3,2048,2050,3,1,2,0.8333,2049.229,631.000,435.614,8.8017,16.0000,1.1429,0.6554,4.4987,0.5854,0.2927,0.1220,0.9487,0.0000,5.0608,1.1247,0.6857
4,3,2051,2053,3,1,2,0.6667,2052.071,958.000,551.536,7.8734,15.0000,1.0714,0.5405,4.2180,0.7576,0.1294,0.1129,0.8507,0.0000,5.0614,1.2653,0.8036
10,3,2052,2055,4,2,3,0.4167,2052.828,1072.695,478.102,11.3822,16.0000,1.2500,1.4059,4.4992,0.6195,0.2169,0.1635,0.7191,0.0925,4.0774,1.4061,0.3672
5,3,2053,2055,3,1,2,0.8333,2053.827,540.000,639.427,9.4321,17.0000,1.1333,0.4605,4.7806,0.5854,0.2927,0.1220,0.9487,0.0000,4.7804,1.1249,0.6533
6,3,2055,2058,4,2,2,0.3750,2056.393,1062.750,632.536,9.6444,18.0000,1.2857,0.7098,5.0622,0.8091,0.0682,0.1227,0.8627,0.0802,4.6404,1.8280,0.5833
9,3,2060,2063,4,2,2,0.5625,2061.333,841.179,458.488,11.5326,19.0000,1.3902,0.6367,5.3443,0.5965,0.2191,0.1844,0.9935,0.0922,3.6566,0.8439,0.4472
10,4,2068,2070,3,2,2,0.8333,2068.782,1030.564,759.534,11.8329,16.0000,1.2030,1.0094,4.5016,0.4041,0.1554,0.4404,1.0000,0.0000,3.7982,0.5627,0.4662
7,3,2074,2077,4,2,2,0.4375,2075.374,1013.879,551.657,10.5293,19.0000,1.3434,0.7651,5.3464,0.8522,0.0413,0.1065,0.9646,0.1833,4.5021,0.8441,0.6566
13,6,2077,2080,4,3,3,0.3611,2078.730,876.783,228.741,14.7516,24.0000,1.6508,0.8679,6.7540,0.2472,0.4258,0.3270,0.6275,0.3534,3.6584,1.1257,0.5608
4,3,2077,2078,2,2,1,1.0000,2077.516,1234.484,929.000,8.7237,16.0000,1.0323,0.7075,4.5026,0.0000,0.7500,0.2500,1.0000,0.0000,5.0653,1.1257,0.7742
8,3,2080,2083,4,2,2,0.5000,2081.661,1035.085,531.669,11.7412,21.0000,1.4237,0.7439,5.9102,0.6860,0.1469,0.1671,0.9914,0.0730,4.3622,1.4072,0.4831
4,3,2085,2088,4,1,1,1.0000,2086.415,627.000,631.000,9.1475,20.0000,1.2308,0.5846,5.6293,0.9375,0.0000,0.0625,1.0000,0.0000,5.0662,1.5480,0.8308
6,4,2088,2090,3,2,3,0.3333,2089.133,725.133,441.600,10.3420,19.0000,1.2667,0.6289,5.3480,0.6494,0.1645,0.1861,0.6429,0.3155,4.7850,1.6888,0.7444
7,3,2093,2095,3,2,3,0.3889,2093.653,951.122,417.449,10.4267,18.0000,1.2857,0.8632,5.0669,0.1278,0.6171,0.2551,0.5345,0.2326,3.9410,1.2668,0.5000
6,3,2093,2095,3,2,1,1.0000,2093.843,1201.530,676.000,9.5384,18.0000,1.3012,0.9654,5.0669,0.5556,0.3333,0.1111,1.0000,0.0000,4.3632,1.5482,0.5904
5,3,2094,2096,3,1,2,0.8333,2094.853,1049.000,505.333,9.4418,20.0000,1.3333,0.3642,5.6300,0.5854,0.2927,0.1220,0.9487,0.0000,4.5039,0.5630,0.6667
6,3,2096,2098,3,1,3,0.6667,2097.378,983.000,642.390,9.4240,18.0000,1.3171,0.7174,5.0672,0.6061,0.3030,0.0909,0.7071,0.0000,3.6597,0.8445,0.5854
5,3,2107,2109,3,1,2,0.8333,2108.203,602.000,646.551,8.6879,17.0000,1.2319,0.4930,4.7863,0.5854,0.2927,0.1220,0.9487,0.0000,4.7863,1.1262,0.6957
5,3,2110,2111,2,2,3,0.4167,2110.536,859.159,423.072,8.6881,16.0000,1.1594,1.2096,4.5049,0.7729,0.0435,0.1836,0.4781,0.7852,4.7864,1.1262,0.6957
6,4,2110,2112,3,2,2,0.5000,2110.804,916.141,409.663,10.5748,19.0000,1.2391,0.4145,5.3495,0.5230,0.1584,0.3185,0.9225,0.0898,4.6456,1.1262,0.7174
4,3,2116,2117,2,2,2,0.5000,2116.758,919.532,749.226,8.7286,18.0000,1.1613,0.5730,5.0682,0.5916,0.1015,0.3069,0.5000,0.5000,4.5051,0.9855,0.7742
5,3,2119,2121,3,1,2,0.8333,2120.250,601.000,597.556,9.0666,16.0000,1.1111,0.6092,4.5053,0.5854,0.2927,0.1220,0.9487,0.0000,4.2237,1.4079,0.6667
4,3,2123,2124,2,2,1,1.0000,2123.492,878.525,465.000,8.5884,17.0000,1.1148,0.6959,4.7870,0.0000,0.7500,0.2500,1.0000,0.0000,4.9278,1.8303,0.7869
6,4,2130,2132,3,2,2,0.5000,2131.171,892.439,590.866,9.4275,16.0000,1.1707,1.2575,4.5058,0.3810,0.3333,0.2857,0.9487,0.1690,3.9426,0.5632,0.7439
5,3,2134,2135,2,2,2,0.6250,2134.392,735.405,431.162,9.3202,17.0000,1.1486,0.5867,4.7877,0.3432,0.2505,0.4063,0.6059,0.3645,4.5061,1.1265,0.6486
6,3,2134,2136,3,1,2,1.0000,2134.887,959.000,644.538,9.1981,17.0000,1.2750,0.4760,4.7878,0.5556,0.3333,0.1111,1.0000,0.0000,4.0837,0.9857,0.5875
6,3,2141,2143,3,1,3,0.6667,2141.827,986.000,736.741,9.3145,16.0000,1.1852,0.7606,4.5068,0.4000,0.4800,0.1200,0.7071,0.0000,4.2251,1.1267,0.5679
5,3,2146,2147,2,2,2,0.6250,2146.392,902.189,670.392,9.3230,16.0000,1.0811,0.5856,4.5074,0.3432,0.2505,0.4063,0.6059,0.3645,4.5073,1.2677,0.6216
10,3,2146,2148,3,6,1,0.5556,2146.832,1195.976,405.000,11.1358,17.0000,1.3600,1.2825,4.7891,0.7518,0.2104,0.0379,0.1280,0.0000,2.9581,0.2817,0.3840
6,3,2150,2152,3,4,1,0.5000,2150.937,929.405,473.000,9.0871,17.0000,1.2911,0.4100,4.7899,0.7843,0.1569,0.0588,0.3162,0.0000,3.2402,0.9861,0.6203
4,3,2152,2153,2,1,2,1.0000,2152.500,873.000,282.517,8.4532,16.0000,1.0667,0.6954,4.5085,0.0000,0.7500,0.2500,0.0000,0.0000,4.5083,0.8453,0.7667
3,3,2153,2154,2,1,2,0.7500,2153.326,469.000,663.326,7.4836,16.0000,1.0435,0.4612,4.5085,0.5333,0.2667,0.2000,0.7071,0.0000,3.6633,0.9862,1.0000
8,3,2156,2158,3,2,3,0.4444,2156.857,988.095,465.629,10.4622,19.0000,1.4476,0.4092,5.3547,0.4400,0.3446,0.2154,0.8075,0.0414,3.8047,0.9863,0.4667
4,3,2156,2159,4,1,1,1.0000,2157.639,1109.000,684.000,8.5959,18.0000,1.1803,0.6393,5.0729,0.9375,0.0000,0.0625,1.0000,0.0000,4.9323,1.4092,0.8361
5,3,2157,2159,3,1,2,0.8333,2158.243,1012.000,709.429,8.8230,18.0000,1.2857,0.4926,5.0731,0.5854,0.2927,0.1220,0.9487,0.0000,4.5094,0.5638,0.6857
5,3,2161,2163,3,1,2,0.8333,2161.754,1009.000,729.464,8.6984,17.0000,1.2319,0.9249,4.7919,0.5854,0.2927,0.1220,0.9487,0.0000,4.5102,1.6912,0.6812
3,3,2163,2164,2,2,1,0.7500,2163.326,991.674,533.000,7.4870,16.0000,1.0435,0.4612,4.5105,0.5333,0.2667,0.2000,0.7071,0.0000,4.5107,1.1277,1.0000
5,3,2164,2165,2,2,2,0.6250,2164.586,891.857,677.557,8.8257,16.0000,1.1429,0.7088,4.5109,0.3432,0.2505,0.4063,0.6059,0.3645,4.5107,1.1277,0.6571
4,3,2166,2167,2,1,2,1.0000,2166.464,962.000,639.464,7.8947,15.0000,1.0714,0.6566,4.2294,0.0000,0.7500,0.2500,0.0000,0.0000,4.7931,1.6918,0.8036
4,3,2166,2168,3,2,1,0.6667,2166.683,1059.750,677.000,8.4586,17.0000,1.1333,0.7276,4.7931,0.7500,0.1500,0.1000,0.9487,0.0000,3.9473,0.7049,0.7833
4,3,2169,2170,2,2,1,1.0000,2169.545,622.455,576.000,7.7549,15.0000,1.0909,0.7100,4.2300,0.0000,0.7500,0.2500,1.0000,0.0000,4.5119,1.1279,0.8182
6,3,2169,2171,3,2,2,0.5000,2170.165,713.354,795.671,9.0951,16.0000,1.2152,0.7764,4.5120,0.6381,0.1455,0.2164,0.8019,0.3768,4.2301,1.1279,0.5823
7,3,2170,2171,2,2,3,0.5833,2170.674,947.242,468.926,10.1261,19.0000,1.4000,0.4129,5.3583,0.6517,0.0773,0.2710,0.3251,0.7071,3.6662,1.5510,0.5263
5,4,2171,2172,2,2,2,0.6250,2171.338,992.338,405.595,9.3331,19.0000,1.2838,0.6266,5.3583,0.2938,0.4054,0.3007,0.7071,0.6739,4.7943,1.9741,0.8649
4,3,2173,2174,2,2,1,1.0000,2173.455,1043.545,636.000,7.7564,15.0000,1.0909,0.7100,4.2309,0.0000,0.7500,0.2500,1.0000,0.0000,4.5127,1.1282,0.8182
6,4,2176,2178,3,2,2,0.5000,2176.651,785.884,564.465,9.9041,21.0000,1.4651,0.5929,5.9240,0.6373,0.1269,0.2358,0.8795,0.0724,4.7954,1.2694,0.7674
3,3,2176,2177,2,2,1,0.7500,2176.333,847.333,928.000,7.3289,15.0000,1.0000,0.4714,4.2315,0.5333,0.2667,0.2000,0.7071,0.0000,4.5133,0.8463,1.0000
6,3,2180,2183,4,2,2,0.3750,2181.306,1171.141,660.882,9.7909,19.0000,1.3412,0.7180,5.3610,0.8087,0.0589,0.1324,0.9827,0.1690,3.6679,0.9875,0.5882
4,3,2183,2186,4,1,1,1.0000,2184.364,1082.000,260.000,7.7600,15.0000,1.0909,1.3636,4.2328,0.9375,0.0000,0.0625,1.0000,0.0000,4.5148,0.8465,0.8182
7,3,2187,2189,3,2,2,0.5833,2188.312,951.226,1004.462,9.9202,19.0000,1.4301,0.6017,5.3621,0.5806,0.0526,0.3668,0.8835,0.4677,3.3867,1.6933,0.5484
4,3,2194,2196,3,1,2,0.6667,2195.075,1016.000,800.254,9.4557,21.0000,1.2537,0.2645,5.9274,0.5357,0.3214,0.1429,1.0000,0.0000,4.5162,0.9879,0.8209
7,3,2199,2201,3,2,2,0.5833,2199.624,929.344,781.634,9.9219,17.0000,1.2796,0.8006,4.7985,0.4600,0.2645,0.2756,0.8571,0.1000,3.6695,1.1291,0.5269
3,3,2205,2206,2,1,2,0.7500,2205.681,997.000,464.362,7.6591,17.0000,1.0851,0.7136,4.7983,0.5333,0.2667,0.2000,0.7071,0.0000,4.5161,1.1290,1.0000
5,3,2206,2208,3,2,1,0.8333,2206.841,820.333,409.000,8.7095,16.0000,1.1594,0.9043,4.5160,0.5854,0.2927,0.1220,0.9487,0.0000,4.5159,1.2701,0.6667
3,3,2209,2211,3,1,1,1.0000,2209.978,1174.000,752.000,7.4955,16.0000,1.0435,0.9783,4.5158,0.8889,0.0000,0.1111,1.0000,0.0000,3.6690,0.8467,1.0000
6,3,2211,2212,2,3,3,0.3333,2211.551,882.077,428.000,8.9867,17.0000,1.3077,1.0264,4.7976,0.0000,0.2000,0.8000,0.0000,1.0000,3.9510,1.4111,0.6026
3,3,2215,2217,3,1,1,1.0000,2216.000,1073.000,269.000,7.6569,16.0000,1.0213,1.0000,4.5150,0.8889,0.0000,0.1111,1.0000,0.0000,4.2325,0.5644,1.0000
8,3,2220,2222,3,2,3,0.4444,2221.271,999.776,762.645,10.6724,18.0000,1.3458,0.7346,5.0781,0.6765,0.1305,0.1930,0.8130,0.4152,3.9496,0.7052,0.4673
3,3,2227,2228,2,2,1,0.7500,2227.667,966.667,1028.000,8.3043,17.0000,1.0000,0.7454,4.7946,0.5333,0.2667,0.2000,0.7071,0.0000,5.0764,1.1281,1.0000
11,3,2229,2231,3,4,3,0.3056,2230.224,722.678,591.921,12.9236,18.0000,1.3026,0.4002,5.0759,0.7036,0.0549,0.2414,0.0240,0.2373,4.2297,1.4100,0.4539
5,3,2230,2231,2,3,1,0.8333,2230.520,723.720,534.000,9.4582,19.0000,1.2667,0.5906,5.3579,0.5854,0.2927,0.1220,0.3162,0.0000,4.5117,1.1281,0.6800
4,3,2230,2231,2,1,2,1.0000,2230.483,1016.000,608.483,8.4597,16.0000,1.0667,0.6835,4.5119,0.0000,0.7500,0.2500,0.0000,0.0000,4.5118,1.8329,0.7667
7,3,2231,2233,3,2,2,0.5833,2232.202,899.266,774.766,10.0178,17.0000,1.2660,0.4079,4.7934,0.3772,0.3083,0.3146,0.9758,0.2185,3.6654,0.7049,0.5106
3,3,2233,2234,2,2,1,0.7500,2233.333,909.333,615.000,7.8136,16.0000,1.0000,0.4714,4.5113,0.5333,0.2667,0.2000,0.7071,0.0000,4.7932,1.4097,1.0000
4,3,2235,2236,2,3,1,0.6667,2235.741,1076.362,738.000,8.1756,17.0000,1.1724,0.6884,4.7925,0.7500,0.1500,0.1000,0.3162,0.0000,3.9469,0.8457,0.8103
3,3,2235,2236,2,2,1,0.7500,2235.660,1221.681,664.000,7.6500,16.0000,1.0213,0.7327,4.5108,0.5333,0.2667,0.2000,0.7071,0.0000,4.7925,1.1277,1.0000
6,3,2238,2239,2,1,4,0.7500,2238.556,935.000,631.543,9.3212,18.0000,1.3333,0.7019,5.0737,0.7692,0.1538,0.0769,0.3162,0.0000,3.3827,0.9865,0.6173
4,3,2239,2241,3,2,1,0.6667,2239.860,764.175,984.000,8.0331,17.0000,1.1930,1.1538,4.7914,0.7500,0.1500,0.1000,0.9487,0.0000,3.9461,0.5638,0.8246
7,3,2239,2241,3,3,1,0.7778,2240.078,1037.033,802.000,9.5880,18.0000,1.4000,0.0846,5.0735,0.6076,0.3038,0.0886,0.7071,0.0000,3.6641,1.4092,0.5333
6,3,2240,2242,3,2,2,0.5000,2240.783,970.398,422.133,9.5504,17.0000,1.2289,0.4719,4.7914,0.5230,0.1584,0.3185,0.9225,0.0898,4.2279,1.4093,0.6024
5,3,2247,2248,2,2,2,0.6250,2247.600,1125.214,596.314,8.8209,18.0000,1.2857,0.7104,5.0721,0.3432,0.2505,0.4063,0.6059,0.3645,4.5083,0.8453,0.6857
4,3,2248,2249,2,1,2,1.0000,2248.526,573.000,787.544,8.0303,16.0000,1.1228,0.6965,4.5083,0.0000,0.7500,0.2500,0.0000,0.0000,4.5082,0.9862,0.8070
6,3,2250,2252,3,1,3,0.6667,2250.658,904.000,645.329,9.0868,17.0000,1.2911,0.4745,4.7896,0.6061,0.3030,0.0909,0.7071,0.0000,3.9444,1.5496,0.6076
4,3,2253,2255,3,2,1,0.6667,2254.379,974.741,546.000,8.1698,17.0000,1.1724,0.6724,4.7891,0.7500,0.1500,0.1000,0.9487,0.0000,4.9300,1.4086,0.8276
4,3,2257,2259,3,2,1,0.6667,2258.305,1107.271,797.000,8.3099,16.0000,1.0847,1.0070,4.5070,0.7500,0.1500,0.1000,0.9487,0.0000,3.9437,0.2817,0.7797
6,3,2263,2265,3,2,2,0.5000,2263.711,996.398,289.867,9.5442,19.0000,1.3735,0.5092,5.3517,0.6373,0.1269,0.2358,0.8795,0.0724,4.0842,0.8450,0.6024
6,3,2266,2268,3,1,2,1.0000,2267.012,924.000,706.451,9.4289,16.0000,1.1707,0.4514,4.5065,0.5556,0.3333,0.1111,1.0000,0.0000,4.2249,1.4083,0.5732
8,3,2266,2269,4,2,2,0.5000,2267.777,1103.243,700.350,10.2568,16.0000,1.2427,0.4806,4.5065,0.7888,0.0442,0.1670,0.9171,0.1008,3.8024,1.4083,0.4466
4,3,2266,2267,2,2,1,1.0000,2266.475,1190.492,772.000,8.5906,16.0000,1.0492,0.6840,4.5066,0.0000,0.7500,0.2500,1.0000,0.0000,4.6474,1.1266,0.7705
3,3,2267,2269,3,1,1,1.0000,2268.020,836.000,894.000,8.1307,17.0000,1.0200,0.0200,4.7882,0.8889,0.0000,0.1111,1.0000,0.0000,4.5065,0.2817,1.0000
15,6,2270,2273,4,3,5,0.2500,2271.515,870.675,1284.370,14.5445,19.0000,1.4250,0.9098,5.3514,0.6742,0.0315,0.2944,0.3802,0.3449,3.0982,1.1266,0.5000
6,3,2273,2275,3,2,3,0.3333,2273.667,678.133,284.800,8.6238,15.0000,1.2000,0.7087,4.2248,0.7397,0.1062,0.1541,0.7434,0.5417,3.8023,1.1266,0.6000
4,3,2273,2274,2,2,1,1.0000,2273.530,1271.515,744.000,9.2945,18.0000,1.0909,0.6971,5.0698,0.0000,0.7500,0.2500,1.0000,0.0000,4.5064,0.2817,0.7879
5,4,2276,2278,3,1,2,0.8333,2276.733,903.000,502.407,10.8326,23.0000,1.3372,0.4870,6.4781,0.5854,0.2927,0.1220,0.9487,0.0000,5.0698,1.4083,0.8721
6,3,2279,2281,3,1,2,1.0000,2280.070,464.000,811.453,9.8890,19.0000,1.3256,0.4588,5.3516,0.5556,0.3333,0.1111,1.0000,0.0000,4.2249,0.9858,0.5814
4,3,2281,2283,3,1,2,0.6667,2281.966,1104.000,684.525,8.3092,16.0000,1.0847,0.4758,4.5067,0.7576,0.1294,0.1129,0.8507,0.0000,3.9433,0.2817,0.7797
8,3,2282,2284,3,4,1,0.6667,2283.039,862.165,890.000,10.2573,17.0000,1.3204,0.1696,4.7884,0.6711,0.2763,0.0526,0.2425,0.0000,3.8025,1.6900,0.4660
6,4,2284,2285,2,3,1,1.0000,2284.477,853.023,907.000,9.8894,16.0000,1.1163,1.1289,4.5068,0.5556,0.3333,0.1111,0.0000,0.0000,4.6476,0.7042,0.7326
4,3,2287,2289,3,1,2,0.6667,2288.069,989.000,664.448,8.1690,17.0000,1.1724,0.4535,4.7887,0.7576,0.1294,0.1129,0.8507,0.0000,4.5071,1.2676,0.8103
4,3,2291,2292,2,1,2,1.0000,2291.508,1018.000,1027.525,8.3104,16.0000,1.0847,0.6955,4.5073,0.0000,0.7500,0.2500,0.0000,0.0000,3.9440,0.8451,0.7797
3,3,2292,2293,2,2,1,0.7500,2292.333,1305.667,745.000,7.8070,16.0000,1.0000,0.7454,4.5075,0.5333,0.2667,0.2000,0.7071,0.0000,4.7891,1.2677,1.0000
4,3,2295,2297,3,2,1,0.6667,2295.986,1153.855,825.000,9.7198,26.0000,1.5072,0.1457,7.3251,0.5357,0.3214,0.1429,1.0000,0.0000,5.2121,1.6904,0.8551
4,3,2297,2299,3,2,1,0.6667,2297.898,1049.542,735.000,8.3116,17.0000,1.1525,1.0082,4.7896,0.7576,0.1294,0.1129,0.8507,0.0000,4.6488,0.5635,0.8136
4,4,2299,2300,2,2,1,1.0000,2299.484,1215.516,894.000,9.0163,18.0000,1.1250,0.6850,5.0716,0.0000,0.7500,0.2500,1.0000,0.0000,4.0856,1.1270,1.0000
7,4,2301,2303,3,3,1,0.7778,2301.902,890.891,832.000,9.7982,16.0000,1.2174,0.1462,4.5085,0.6076,0.3038,0.0886,0.7071,0.0000,3.9448,0.5636,0.6630
5,3,2303,2305,3,2,2,0.4167,2304.181,934.833,559.833,9.0737,17.0000,1.1806,0.8527,4.7907,0.6489,0.0995,0.2515,0.9362,0.2726,4.6496,1.6908,0.6667
6,3,2304,2305,2,2,2,0.7500,2304.400,540.565,813.494,9.7787,18.0000,1.2706,0.7781,5.0723,0.0000,0.6000,0.4000,0.7071,0.5774,3.8043,1.2681,0.6000
9,3,2307,2309,3,4,2,0.3750,2307.840,1289.232,756.824,11.7429,18.0000,1.2960,1.1517,5.0730,0.8055,0.0554,0.1391,0.5547,0.5139,3.6639,1.4091,0.4320
8,3,2308,2311,4,2,3,0.3333,2309.078,539.350,1086.864,10.2636,18.0000,1.3981,0.3830,5.0731,0.8448,0.0315,0.1237,0.8617,0.2205,4.0868,1.6911,0.4660
5,3,2308,2310,3,2,2,0.4167,2309.324,1038.235,590.147,8.5710,16.0000,1.1765,0.4262,4.5096,0.6489,0.0995,0.2515,0.9362,0.2726,4.7913,0.5637,0.7059
5,3,2308,2309,2,2,2,0.6250,2308.375,1295.208,685.389,9.0749,15.0000,1.0417,0.5790,4.2275,0.3432,0.2505,0.4063,0.6059,0.3645,4.5093,1.1274,0.6250
7,3,2309,2311,3,2,2,0.5833,2309.800,706.726,962.547,10.1203,17.0000,1.2526,0.6438,4.7915,0.4600,0.2645,0.2756,0.8571,0.1000,4.2276,1.6910,0.5053
8,3,2310,2313,4,3,2,0.3333,2311.000,819.895,551.211,9.4670,15.0000,1.2632,1.0273,4.2281,0.5533,0.2348,0.2119,1.0000,0.0000,3.1006,1.1274,0.4737
6,3,2310,2312,3,2,2,0.5000,2311.157,1092.711,737.675,9.5508,17.0000,1.2289,0.4626,4.7916,0.6381,0.1455,0.2164,0.8019,0.3768,4.3689,1.4093,0.5663
5,3,2312,2314,3,2,1,0.8333,2312.746,1041.352,743.000,8.9503,17.0000,1.1972,0.4339,4.7920,0.5854,0.2927,0.1220,0.9487,0.0000,4.5099,1.1275,0.6761
4,3,2319,2321,3,1,2,0.6667,2319.983,834.000,876.500,8.4587,16.0000,1.0667,0.5003,4.5113,0.7576,0.1294,0.1129,0.8507,0.0000,4.5112,1.9737,0.7667
4,3,2320,2322,3,1,2,0.6667,2321.155,711.000,887.172,8.1772,17.0000,1.1724,0.2320,4.7935,0.7500,0.1500,0.1000,0.9487,0.0000,4.0886,1.1278,0.8276
3,3,2321,2322,2,2,1,0.7500,2321.674,1041.674,839.000,7.4888,16.0000,1.0435,0.4612,4.5117,0.5333,0.2667,0.2000,0.7071,0.0000,4.5117,0.5640,1.0000
5,3,2322,2323,2,2,2,0.6250,2322.676,1020.221,998.632,8.5755,16.0000,1.1765,0.5371,4.5119,0.3432,0.2505,0.4063,0.6059,0.3645,3.9479,0.5640,0.6765
4,3,2323,2325,3,2,1,0.6667,2324.089,877.714,415.000,7.8962,16.0000,1.1429,0.7198,4.5121,0.5357,0.3214,0.1429,1.0000,0.0000,4.2302,0.5640,0.8214
6,3,2325,2327,3,2,2,0.5000,2325.930,819.384,794.872,9.9019,18.0000,1.2558,0.6333,5.0765,0.7074,0.0897,0.2030,0.9140,0.2540,4.3713,1.1282,0.5698
5,3,2327,2328,2,2,2,0.6250,2327.394,1046.152,518.455,8.3249,15.0000,1.1364,0.6203,4.2308,0.3432,0.2505,0.4063,0.6059,0.3645,4.5127,1.6922,0.6818
5,4,2330,2332,3,1,2,0.8333,2331.215,902.000,869.367,9.9664,18.0000,1.1392,0.8664,5.0779,0.5854,0.2927,0.1220,0.9487,0.0000,4.5135,1.4104,0.8228
3,3,2331,2332,2,2,1,0.7500,2331.678,1132.678,863.000,9.6094,21.0000,1.0678,0.4554,5.9242,0.5333,0.2667,0.2000,0.7071,0.0000,5.0779,1.1284,1.0000
3,3,2337,2338,2,2,1,0.7500,2337.712,1202.654,764.000,8.4717,19.0000,1.0962,0.4506,5.3615,0.5333,0.2667,0.2000,0.7071,0.0000,5.0793,0.5644,1.0000
9,3,2340,2341,2,3,3,0.5000,2340.391,803.226,617.548,10.8183,21.0000,1.6435,0.6393,5.9264,0.6139,0.1270,0.2591,0.1007,0.6223,3.6688,1.6932,0.4522
7,3,2345,2346,2,3,2,0.5833,2345.418,1088.626,874.242,9.7091,17.0000,1.3077,0.7907,4.7987,0.6447,0.1171,0.2382,0.0430,0.1226,3.3875,1.1291,0.5275
7,3,2345,2347,3,2,2,0.5833,2346.074,1156.128,626.479,10.0295,18.0000,1.3404,1.0699,5.0815,0.4600,0.2645,0.2756,1.0000,0.0000,3.1052,0.8468,0.5426
6,3,2347,2349,3,2,2,0.5000,2348.226,992.119,917.488,9.6817,17.0000,1.2143,0.5510,4.7995,0.3810,0.3333,0.2857,0.9487,0.1690,4.3761,1.4117,0.5714
4,3,2352,2354,3,2,1,0.6667,2353.179,931.821,303.000,7.9072,16.0000,1.1429,0.2525,4.5183,0.7500,0.1500,0.1000,0.9487,0.0000,4.5184,0.9885,0.8214
5,4,2353,2354,2,2,2,0.6250,2353.781,1096.342,699.425,9.2197,16.0000,1.0959,0.9525,4.5186,0.3432,0.2505,0.4063,0.5155,0.8569,4.8008,1.2709,0.8630
3,3,2354,2355,2,2,1,0.7500,2354.667,1051.294,673.000,8.3159,19.0000,1.1176,0.4445,5.3661,0.5333,0.2667,0.2000,0.7071,0.0000,5.0834,1.6945,1.0000
9,3,2374,2376,3,2,4,0.3750,2375.254,924.653,671.831,11.1273,18.0000,1.3729,0.4627,5.0920,0.8252,0.0417,0.1331,0.6267,0.7571,3.9607,1.6973,0.4068
3,3,2375,2377,3,1,1,1.0000,2375.957,1271.000,735.000,7.6773,17.0000,1.0851,0.9574,4.8091,0.8889,0.0000,0.1111,1.0000,0.0000,3.9615,0.8486,1.0000
8,4,2381,2384,4,3,2,0.3333,2382.093,578.991,600.645,10.7128,16.0000,1.1963,0.3674,4.5308,0.7864,0.0698,0.1438,0.9198,0.1067,4.2480,1.6987,0.5701
6,3,2383,2385,3,1,3,0.6667,2384.337,359.000,933.686,9.9463,18.0000,1.2558,0.7334,5.0999,0.6061,0.3030,0.0909,0.7071,0.0000,4.5327,1.1329,0.5698
4,3,2383,2385,3,1,2,0.6667,2384.107,1051.000,1121.268,7.9319,16.0000,1.1429,0.9322,4.5333,0.5357,0.3214,0.1429,1.0000,0.0000,4.5325,1.1330,0.8214
4,3,2394,2396,3,1,2,0.6667,2394.806,941.000,1012.177,8.8044,18.0000,1.1613,0.2626,5.1125,0.7500,0.1500,0.1000,0.9487,0.0000,4.9704,1.5623,0.8226
3,3,2395,2396,2,1,2,0.7500,2395.326,964.000,853.326,7.5440,16.0000,1.0435,0.4612,4.5444,0.5333,0.2667,0.2000,0.7071,0.0000,4.5455,1.4208,1.0000
3,3,2395,2396,2,2,1,0.7500,2395.688,989.646,929.000,7.8728,17.0000,1.0625,0.7175,4.8299,0.5333,0.2667,0.2000,0.7071,0.0000,4.8299,1.1364,1.0000
3,3,2396,2398,3,1,1,1.0000,2397.021,917.000,454.000,7.8762,17.0000,1.0625,0.0208,4.8315,0.8889,0.0000,0.1111,1.0000,0.0000,5.1171,1.5629,1.0000
15,3,2398,2401,4,3,6,0.2083,2399.647,983.522,849.652,13.5142,16.0000,1.3043,0.8825,4.5519,0.7669,0.1161,0.1170,0.7105,0.2678,3.1273,1.1378,0.2554
10,3,2399,2402,4,3,2,0.4167,2400.831,1058.452,824.718,11.1589,16.0000,1.2903,1.0346,4.5535,0.5606,0.2535,0.1859,0.9122,0.2953,3.4160,1.4225,0.3790
3,3,2399,2401,3,1,1,1.0000,2400.000,1250.000,706.000,7.8841,18.0000,1.1250,0.0000,5.1208,0.8889,0.0000,0.1111,1.0000,0.0000,3.9844,1.2789,1.0000
6,5,2401,2403,3,2,2,0.5000,2401.780,1016.165,652.473,10.5759,18.0000,1.1868,0.5466,5.1246,0.3810,0.3333,0.2857,0.9487,0.1690,4.5544,0.5696,0.8901
5,3,2406,2408,3,2,1,0.8333,2407.183,966.366,535.000,9.0588,17.0000,1.1972,0.4094,4.8497,0.5854,0.2927,0.1220,0.9487,0.0000,4.5645,1.4261,0.6620
4,3,2413,2415,3,1,2,0.6667,2413.914,978.000,549.569,8.2993,18.0000,1.2414,0.4396,5.1515,0.7576,0.1294,0.1129,0.8507,0.0000,4.8643,0.8587,0.8276
5,3,2413,2415,3,1,2,0.8333,2413.704,984.000,817.408,9.0860,16.0000,1.1268,0.8141,4.5769,0.5854,0.2927,0.1220,0.9487,0.0000,3.7211,0.5724,0.6620
5,3,2414,2415,2,2,2,0.6250,2414.594,541.551,714.159,8.8339,16.0000,1.1594,0.8257,4.5791,0.3432,0.2505,0.4063,0.6059,0.3645,4.5812,1.7186,0.6667
3,3,2415,2416,2,1,2,0.7500,2415.625,875.000,716.688,7.9376,18.0000,1.1250,0.6988,5.1540,0.5333,0.2667,0.2000,0.7071,0.0000,4.0111,1.2890,1.0000
5,3,2416,2418,3,1,2,0.8333,2417.268,857.000,901.606,9.1021,17.0000,1.1972,0.4766,4.8726,0.5854,0.2927,0.1220,0.9487,0.0000,4.5861,1.7207,0.6761
3,3,2417,2419,3,1,1,1.0000,2417.962,1006.000,795.000,8.7748,19.0000,1.0755,0.9623,5.4458,0.8889,0.0000,0.1111,1.0000,0.0000,5.1642,2.2952,1.0000
5,3,2423,2425,3,2,1,0.8333,2424.264,771.486,583.000,9.2639,18.0000,1.2500,0.5777,5.1779,0.5854,0.2927,0.1220,0.9487,0.0000,4.6028,1.4383,0.6944
3,3,2430,2432,3,1,1,1.0000,2431.021,605.000,614.000,7.8346,16.0000,1.0213,0.0213,4.6218,0.8889,0.0000,0.1111,1.0000,0.0000,4.0422,0.8657,1.0000
8,3,2438,2440,3,2,3,0.4444,2439.165,603.422,893.881,11.1710,19.0000,1.3945,0.4686,5.5072,0.0753,0.4221,0.5026,0.6008,0.3730,4.3480,0.8704,0.4771
4,3,2441,2443,3,2,1,0.6667,2441.911,1031.268,422.000,8.1265,16.0000,1.1429,0.2823,4.6439,0.5357,0.3214,0.1429,1.0000,0.0000,4.3526,0.5807,0.8214
3,3,2442,2443,2,1,2,0.7500,2442.340,916.000,795.319,7.8770,16.0000,1.0213,0.4666,4.6459,0.5333,0.2667,0.2000,0.7071,0.0000,4.9341,0.5810,1.0000
4,3,2444,2445,2,2,1,1.0000,2444.456,1201.526,524.000,8.2805,16.0000,1.1228,0.6965,4.6478,0.0000,0.7500,0.2500,1.0000,0.0000,4.0678,1.1617,0.8070
5,3,2449,2451,3,1,3,0.5556,2449.800,681.000,924.067,9.7648,21.0000,1.4000,0.2108,6.1142,0.5532,0.3398,0.1070,0.8281,0.0000,4.3673,0.8732,0.7067
5,3,2458,2459,2,2,2,0.6250,2458.479,952.397,512.863,9.5288,18.0000,1.2329,0.8081,5.2544,0.3432,0.2505,0.4063,0.6059,0.3645,5.5448,1.4595,0.7123
4,3,2463,2465,3,1,2,0.6667,2463.952,771.000,929.746,9.2048,20.0000,1.2698,0.2584,5.8444,0.5357,0.3214,0.1429,1.0000,0.0000,5.1133,1.0226,0.8095
6,3,2469,2470,2,2,2,0.7500,2469.365,1014.729,868.518,10.1489,17.0000,1.2000,0.6625,4.9717,0.2000,0.3333,0.4667,0.7071,0.7071,4.8257,1.6084,0.5647
5,3,2470,2472,3,1,2,0.8333,2471.091,926.000,1007.597,10.0734,18.0000,1.1688,0.6043,5.2655,0.5854,0.2927,0.1220,0.9487,0.0000,5.2649,1.7548,0.6883
8,3,2471,2474,4,2,3,0.3333,2471.830,1042.110,640.370,10.3433,16.0000,1.2800,0.9154,4.6810,0.7491,0.1233,0.1277,0.8892,0.1050,3.5108,1.7552,0.4700
6,3,2472,2474,3,2,2,0.5000,2473.107,713.464,866.881,10.0339,17.0000,1.2143,0.5591,4.9741,0.3810,0.3333,0.2857,0.9487,0.1690,4.5351,1.4631,0.5833
3,3,2474,2476,3,1,1,1.0000,2475.000,563.000,731.000,8.2791,19.0000,1.1633,0.0000,5.5603,0.8889,0.0000,0.1111,1.0000,0.0000,4.6828,1.0244,1.0000
3,3,2480,2481,2,1,2,0.7500,2480.333,973.000,716.333,7.6063,15.0000,1.0000,0.4714,4.3917,0.5333,0.2667,0.2000,0.7071,0.0000,4.6842,0.8783,1.0000
6,3,2481,2483,3,2,2,0.5000,2481.961,927.844,903.325,9.2040,15.0000,1.1688,1.0263,4.3919,0.7074,0.0897,0.2030,0.9140,0.2540,4.2455,1.1712,0.5844
4,3,2490,2492,3,2,1,0.6667,2490.787,1050.820,700.000,8.9333,18.0000,1.1803,0.8073,5.2720,0.7500,0.1500,0.1000,0.9487,0.0000,5.2721,1.9038,0.8197
7,3,2496,2499,4,2,2,0.4375,2497.479,593.755,373.745,10.4076,16.0000,1.1915,0.5952,4.6870,0.6801,0.1680,0.1519,0.9328,0.2851,4.1010,2.0505,0.5000
4,3,2500,2502,3,2,1,0.6667,2500.633,712.733,547.000,8.7884,17.0000,1.1333,0.6872,4.9801,0.7500,0.1500,0.1000,0.9487,0.0000,4.9801,0.7324,0.8167
5,3,2503,2505,3,2,1,0.8333,2504.270,860.662,736.000,9.6951,20.0000,1.3514,0.8041,5.8592,0.5854,0.2927,0.1220,0.9487,0.0000,4.9803,1.9042,0.7297
4,3,2504,2505,2,2,2,0.5000,2504.750,796.406,844.172,9.3747,22.0000,1.3750,0.5070,6.4451,0.5916,0.1015,0.3069,0.5000,0.5000,4.2479,1.0254,0.8281
5,3,2514,2515,2,2,2,0.6250,2514.377,590.145,1020.464,9.0407,17.0000,1.2319,0.6712,4.9807,0.3432,0.2505,0.4063,0.6059,0.3645,4.6877,1.1719,0.6957
4,3,2518,2521,4,1,1,1.0000,2519.603,689.000,1063.000,8.4967,18.0000,1.2414,0.6034,5.2738,0.9375,0.0000,0.0625,1.0000,0.0000,4.9809,1.7579,0.8276
5,3,2526,2528,3,2,1,0.8333,2527.135,1150.595,582.000,9.6967,16.0000,1.0811,1.2054,4.6881,0.5854,0.2927,0.1220,0.9487,0.0000,4.9811,1.9045,0.6486
6,3,2531,2532,2,2,2,0.7500,2531.535,648.279,1031.488,10.2875,17.0000,1.1860,0.7299,4.9813,0.2667,0.1333,0.6000,0.7071,0.7071,3.8092,1.7581,0.5698
8,3,2533,2536,4,3,2,0.3333,2534.648,1024.819,1001.800,10.8779,16.0000,1.2190,0.4438,4.6884,0.6426,0.2330,0.1244,0.9320,0.3425,3.6628,1.0256,0.4381
3,3,2536,2537,2,2,1,0.7500,2536.652,925.674,884.000,7.7822,16.0000,1.0435,0.7292,4.6884,0.5333,0.2667,0.2000,0.7071,0.0000,4.6885,1.6117,1.0000
5,3,2543,2545,3,2,1,0.8333,2543.704,729.634,927.000,9.3049,17.0000,1.1972,0.7937,4.9818,0.5854,0.2927,0.1220,0.9487,0.0000,4.9818,1.1722,0.6901
6,4,2543,2545,3,1,2,1.0000,2544.034,890.000,797.540,10.4084,17.0000,1.1724,0.4611,4.9819,0.5556,0.3333,0.1111,1.0000,0.0000,4.8353,1.9048,0.7126
5,3,2545,2546,2,1,4,0.6250,2545.222,788.000,1262.653,9.4362,16.0000,1.1111,0.8518,4.6889,0.7911,0.1351,0.0737,0.0898,0.0000,4.6889,0.7326,0.6389
3,3,2546,2548,3,1,1,1.0000,2547.000,725.000,856.000,7.6140,15.0000,1.0000,1.0000,4.3960,0.8889,0.0000,0.1111,1.0000,0.0000,4.9820,1.7584,1.0000
3,3,2546,2548,3,1,1,1.0000,2547.038,875.000,1005.000,8.7984,20.0000,1.1538,0.0385,5.8612,0.8889,0.0000,0.1111,1.0000,0.0000,4.6891,0.8792,1.0000
5,4,2549,2551,3,1,2,0.8333,2549.861,745.000,926.417,9.4368,17.0000,1.1806,0.4392,4.9823,0.5854,0.2927,0.1220,0.9487,0.0000,4.9822,1.9049,0.8611
6,3,2557,2560,4,2,2,0.3750,2558.614,903.880,483.265,9.9321,20.0000,1.4458,0.4831,5.8623,0.8076,0.0500,0.1424,0.9217,0.3087,4.1036,1.7587,0.6145
4,3,2559,2560,2,1,2,1.0000,2559.534,964.000,978.517,8.5005,16.0000,1.1034,0.6959,4.6900,0.0000,0.7500,0.2500,0.0000,0.0000,4.9830,1.1725,0.7931
5,3,2560,2562,3,1,2,0.8333,2561.171,893.000,883.314,9.1764,17.0000,1.2143,0.3580,4.9832,0.5854,0.2927,0.1220,0.9487,0.0000,4.6900,1.0260,0.6857
3,3,2564,2565,2,2,1,0.7500,2564.326,910.674,623.000,7.7854,16.0000,1.0435,0.4612,4.6903,0.5333,0.2667,0.2000,0.7071,0.0000,4.6904,1.4657,1.0000
4,3,2565,2566,2,1,2,1.0000,2565.485,747.000,1129.576,9.6741,21.0000,1.2727,0.6443,6.1562,0.0000,0.7500,0.2500,0.0000,0.0000,4.6905,1.4657,0.8030
4,3,2574,2576,3,2,1,0.6667,2574.983,832.817,1005.000,8.7963,18.0000,1.2000,0.1841,5.2778,0.5357,0.3214,0.1429,1.0000,0.0000,4.2515,1.1728,0.8167
7,3,2577,2579,3,2,3,0.3889,2577.835,701.868,437.352,10.0854,18.0000,1.3846,0.6819,5.2781,0.1917,0.4720,0.3362,0.3600,0.0855,4.1052,1.9059,0.5275
5,3,2581,2583,3,2,1,0.8333,2581.648,862.606,908.000,9.3112,18.0000,1.2676,0.7585,5.2784,0.5854,0.2927,0.1220,0.9487,0.0000,4.6920,1.0264,0.7042
7,3,2583,2585,3,3,1,0.7778,2583.685,1173.076,555.000,10.1974,16.0000,1.2174,0.6890,4.6921,0.4747,0.4312,0.0941,0.5071,0.0000,3.2259,0.5865,0.5000
9,3,2584,2587,4,2,2,0.5625,2585.344,945.811,991.680,11.9262,21.0000,1.5492,0.7535,6.1587,0.6583,0.1394,0.2023,0.9839,0.0504,3.8124,0.8798,0.4508
7,3,2584,2586,3,2,2,0.5833,2584.967,999.750,807.337,10.1976,16.0000,1.2174,1.1992,4.6922,0.6517,0.0773,0.2710,0.8881,0.0000,4.1058,1.3197,0.5000
6,3,2590,2591,2,3,2,0.5000,2590.610,1208.039,797.130,9.2196,15.0000,1.1688,0.6253,4.3994,0.7074,0.0897,0.2030,0.3047,0.0847,4.2527,1.1732,0.5844
3,3,2605,2606,2,2,1,0.7500,2605.353,1036.294,881.000,8.6371,18.0000,1.0588,0.4594,5.2800,0.5333,0.2667,0.2000,0.7071,0.0000,4.9866,0.4400,1.0000
4,3,2610,2613,4,1,1,1.0000,2611.515,1032.000,1057.000,9.6801,19.0000,1.1515,0.5152,5.5734,0.9375,0.0000,0.0625,1.0000,0.0000,5.1334,0.4400,0.7879
8,3,2616,2619,4,2,3,0.3333,2617.543,562.781,914.543,10.8895,17.0000,1.2952,0.7984,4.9867,0.8627,0.0176,0.1197,0.8558,0.4082,4.4000,1.4667,0.4476
6,3,2620,2621,2,2,3,0.5000,2620.470,539.880,955.602,9.9394,17.0000,1.2289,0.7734,4.9866,0.6373,0.1269,0.2358,0.4046,0.4063,3.8133,1.4667,0.6024
6,4,2620,2622,3,1,3,0.6667,2620.865,877.000,917.371,10.6579,18.0000,1.2135,0.6435,5.2799,0.2083,0.6667,0.1250,0.4472,0.0000,4.8399,1.6133,0.7303
5,3,2621,2623,3,2,1,0.8333,2622.203,999.638,971.000,9.0515,18.0000,1.3043,0.4153,5.2799,0.5854,0.2927,0.1220,0.9487,0.0000,4.9866,1.4666,0.6957
6,3,2632,2634,3,2,3,0.3333,2633.140,826.128,1125.023,10.2979,22.0000,1.5349,0.1907,6.4528,0.3122,0.4039,0.2838,0.9403,0.3404,4.2530,1.4665,0.6163
5,3,2633,2635,3,1,2,0.8333,2633.853,545.000,829.640,9.8378,19.0000,1.2667,0.3887,5.5728,0.5854,0.2927,0.1220,0.9487,0.0000,4.6929,1.4665,0.6533
4,4,2633,2634,2,2,2,0.5000,2633.758,760.242,903.485,9.6792,18.0000,1.0909,0.5938,5.2795,0.5916,0.1015,0.3069,0.5000,0.5000,4.3996,1.7598,1.0000
4,3,2639,2641,3,1,2,0.6667,2640.051,810.000,1057.525,8.6522,16.0000,1.0847,0.5279,4.6927,0.7576,0.1294,0.1129,0.8507,0.0000,4.2528,1.3198,0.7966
4,3,2643,2644,2,1,2,1.0000,2643.541,596.000,551.541,8.9453,18.0000,1.1803,0.6491,5.2792,0.0000,0.7500,0.2500,0.0000,0.0000,4.6926,1.4664,0.7869
6,3,2644,2646,3,2,2,0.5000,2645.321,727.500,887.869,10.0575,16.0000,1.1429,0.6087,4.6925,0.6373,0.1269,0.2358,0.8795,0.0724,5.1324,2.1996,0.5476
5,3,2648,2650,3,2,2,0.4167,2648.849,849.425,1128.192,9.5745,16.0000,1.0959,1.3007,4.6924,0.7729,0.0435,0.1836,0.8328,0.5477,4.6924,1.4664,0.6301
3,3,2651,2652,2,2,1,0.7500,2651.667,929.333,641.000,7.6194,15.0000,1.0000,0.7454,4.3991,0.5333,0.2667,0.2000,0.7071,0.0000,4.6923,1.7596,1.0000
5,3,2658,2659,2,2,2,0.6250,2658.847,924.444,695.569,9.4428,17.0000,1.1806,0.7193,4.9854,0.3432,0.2505,0.4063,0.5155,0.8569,4.1056,1.1730,0.6667
8,3,2659,2661,3,2,2,0.6667,2660.171,599.638,945.314,10.8867,16.0000,1.2190,0.5091,4.6921,0.6025,0.1071,0.2905,0.9114,0.4048,4.2522,1.1730,0.4476
6,3,2660,2662,3,2,1,1.0000,2661.060,951.476,955.000,10.0566,18.0000,1.2857,0.4799,5.2786,0.5556,0.3333,0.1111,1.0000,0.0000,3.8123,0.7331,0.5714
4,3,2662,2664,3,2,1,0.6667,2662.855,924.177,829.000,9.0909,19.0000,1.2258,0.2292,5.5719,0.7500,0.1500,0.1000,0.9487,0.0000,4.9853,1.7595,0.8226
7,4,2664,2666,3,3,2,0.3889,2665.030,985.202,945.879,10.9731,17.0000,1.2020,0.8077,4.9853,0.7558,0.1056,0.1386,0.6480,0.2871,4.6921,1.4663,0.6364
19,5,2666,2669,4,4,3,0.3958,2667.269,1049.902,279.497,19.2411,25.0000,1.6608,0.5732,7.3313,0.2212,0.4293,0.3495,0.5940,0.3305,3.8123,1.1730,0.3741
4,3,2666,2669,4,1,1,1.0000,2667.302,1103.000,1029.000,9.2375,18.0000,1.1429,1.3016,5.2786,0.9375,0.0000,0.0625,1.0000,0.0000,5.4252,1.1730,0.8413
25,8,2687,2690,4,6,4,0.2604,2688.677,794.833,443.307,21.4092,22.0000,1.5068,1.5168,6.4520,0.6000,0.1612,0.2387,0.1346,0.1379,4.1059,1.4664,0.5534
3,3,2694,2696,3,1,1,1.0000,2695.043,983.000,834.000,7.9589,17.0000,1.0851,0.9574,4.9862,0.8889,0.0000,0.1111,1.0000,0.0000,4.6928,1.6131,1.0000
11,7,2698,2700,3,2,3,0.6111,2698.759,1261.374,605.672,15.3885,22.0000,1.3908,0.8062,6.4531,0.3819,0.2788,0.3394,0.6383,0.2944,4.9865,2.0532,0.7414
4,3,2700,2701,2,1,2,1.0000,2700.508,605.000,899.525,8.6533,16.0000,1.0847,0.6955,4.6933,0.0000,0.7500,0.2500,0.0000,0.0000,4.9867,1.6133,0.7797
5,3,2703,2705,3,1,2,0.8333,2704.240,920.000,945.440,9.8395,17.0000,1.1333,0.5012,4.9872,0.5854,0.2927,0.1220,0.9487,0.0000,4.9871,1.1734,0.6667
6,3,2703,2705,3,2,2,0.5000,2703.940,938.169,560.349,9.9403,15.0000,1.0843,1.0167,4.4003,0.7074,0.0897,0.2030,0.9140,0.2540,4.5470,2.0534,0.5422
5,3,2705,2706,2,2,2,0.6250,2705.361,790.778,969.694,9.4462,18.0000,1.2500,0.5226,5.2806,0.3432,0.2505,0.4063,0.6059,0.3645,4.9872,0.5868,0.6944
3,3,2706,2708,3,1,1,1.0000,2707.000,900.000,982.000,8.2998,17.0000,1.0408,0.0000,4.9875,0.8889,0.0000,0.1111,1.0000,0.0000,4.9876,1.1735,1.0000
3,3,2706,2707,2,2,1,0.7500,2706.712,1022.635,825.000,8.8078,19.0000,1.0962,0.6971,5.5742,0.5333,0.2667,0.2000,0.7071,0.0000,4.8408,1.1735,1.0000
6,3,2707,2709,3,2,2,0.5000,2707.835,521.118,888.541,10.1808,19.0000,1.3412,0.5015,5.5744,0.3810,0.3333,0.2857,0.9487,0.1690,4.2541,1.9070,0.6118
6,3,2708,2710,3,2,2,0.5000,2709.210,1077.321,728.123,9.7021,17.0000,1.2593,0.4029,4.9879,0.5230,0.1584,0.3185,0.9225,0.0898,4.1076,1.1735,0.6049
4,3,2710,2711,2,2,2,0.5000,2710.467,727.267,838.833,8.8023,18.0000,1.2000,0.6191,5.2815,0.5916,0.1015,0.3069,0.7071,0.7071,4.9879,1.6137,0.8333
5,3,2720,2721,2,2,2,0.6250,2720.814,873.643,963.371,9.1885,16.0000,1.1429,0.5477,4.6963,0.3432,0.2505,0.4063,0.5155,0.8569,4.9898,1.6143,0.6714
7,3,2725,2726,2,2,2,0.8750,2725.467,1039.556,851.344,9.9864,17.0000,1.3222,0.8436,4.9908,0.0000,0.3318,0.6682,0.0000,0.5774,3.2292,1.4679,0.5222
6,3,2727,2729,3,1,4,0.5000,2728.301,388.000,1024.084,9.9488,16.0000,1.1566,0.7039,4.6979,0.8424,0.1058,0.0518,0.5335,0.0000,4.5508,1.3212,0.5542
3,3,2733,2734,2,2,1,0.7500,2733.674,643.674,1077.000,7.7996,16.0000,1.0435,0.4612,4.6990,0.5333,0.2667,0.2000,0.7071,0.0000,4.1116,1.7621,1.0000
8,3,2735,2738,4,3,2,0.3333,2736.480,928.922,1146.539,10.5923,16.0000,1.2549,0.6703,4.6994,0.7428,0.1448,0.1123,0.6929,0.0082,3.8185,1.1749,0.4510
7,3,2737,2739,3,2,2,0.5833,2738.311,836.433,770.778,9.9923,16.0000,1.2444,0.8436,4.7001,0.4600,0.2645,0.2756,0.8571,0.1000,4.1126,1.1749,0.5111
7,4,2741,2744,4,2,2,0.4375,2742.780,876.250,921.730,11.1051,18.0000,1.2600,0.4287,5.2887,0.6750,0.2077,0.1173,0.9631,0.2691,4.7010,1.4690,0.6400
5,3,2747,2748,2,2,3,0.4167,2747.229,834.143,900.900,9.2000,17.0000,1.2143,0.2875,4.9960,0.6489,0.0995,0.2515,0.1100,0.3726,4.7021,1.6163,0.6857
6,3,2748,2750,3,2,2,0.5000,2748.825,966.546,502.134,11.6388,23.0000,1.4227,0.5044,6.7600,0.3810,0.3333,0.2857,0.9487,0.1690,4.9965,1.4695,0.5979
4,3,2750,2752,3,2,1,0.6667,2750.911,703.732,946.000,8.2304,16.0000,1.1429,0.2823,4.7031,0.5357,0.3214,0.1429,1.0000,0.0000,4.7029,1.4697,0.8214
4,3,2753,2754,2,2,1,1.0000,2753.476,943.556,797.000,9.2605,18.0000,1.1429,0.6870,5.2919,0.0000,0.7500,0.2500,1.0000,0.0000,5.1446,1.9109,0.8095
8,3,2755,2757,3,2,2,0.6667,2755.942,764.689,1155.485,10.7072,16.0000,1.2427,1.1041,4.7044,0.4236,0.2081,0.3683,0.9220,0.2899,3.2344,0.8820,0.4563
5,3,2755,2756,2,2,2,0.6250,2755.632,1082.559,814.338,8.9413,15.0000,1.1029,0.9092,4.4104,0.2938,0.4054,0.3007,0.0000,0.3029,4.9981,0.2941,0.6618
4,3,2755,2756,2,2,1,1.0000,2755.448,1154.431,853.000,8.5264,17.0000,1.1724,0.6219,4.9981,0.0000,0.7500,0.2500,1.0000,0.0000,4.8513,0.8822,0.8276
7,3,2757,2759,3,2,2,0.5833,2758.019,544.904,718.490,11.5589,23.0000,1.5481,0.5001,6.7633,0.4600,0.2645,0.2756,1.0000,0.0000,4.4106,1.9112,0.5385
4,3,2758,2759,2,1,2,1.0000,2758.474,880.000,791.526,8.3808,15.0000,1.0526,0.7081,4.4111,0.0000,0.7500,0.2500,0.0000,0.0000,4.8519,1.4703,0.7895
4,3,2758,2760,3,1,2,0.6667,2758.614,974.000,903.719,8.3809,16.0000,1.1228,0.9457,4.7049,0.7500,0.1500,0.1000,0.9487,0.0000,4.9991,1.1762,0.8246
7,3,2765,2767,3,3,1,0.7778,2765.940,764.920,880.000,11.1191,16.0000,1.1200,1.3153,4.7069,0.6076,0.3038,0.0886,0.7071,0.0000,4.4130,1.4709,0.4800
4,3,2779,2781,3,2,1,0.6667,2779.625,856.714,1056.000,8.2421,16.0000,1.1429,0.9491,4.7097,0.7500,0.1500,0.1000,0.9487,0.0000,5.0041,1.7662,0.8214
6,4,2785,2786,2,3,2,0.5000,2785.511,816.636,842.250,10.5767,21.0000,1.4318,0.8538,6.1824,0.4758,0.3366,0.1876,0.4538,0.7223,5.0049,1.7664,0.7500
6,3,2788,2790,3,3,1,0.6667,2789.190,811.060,873.000,10.0964,18.0000,1.2857,0.1996,5.2995,0.6944,0.2222,0.0833,0.6000,0.0000,3.6802,1.1777,0.5833
5,3,2801,2802,2,2,2,0.6250,2801.587,452.133,1019.440,9.8732,19.0000,1.2667,0.6182,5.5928,0.3432,0.2505,0.4063,0.6059,0.3645,4.7097,0.5887,0.6933
6,3,2803,2804,2,3,2,0.5000,2803.526,793.731,794.128,9.3727,16.0000,1.2308,0.8806,4.7093,0.3810,0.3333,0.2857,0.3162,0.5071,4.2679,1.1773,0.5897
3,3,2806,2807,2,1,2,0.7500,2806.314,564.000,790.333,8.6656,18.0000,1.0588,0.4577,5.2975,0.5333,0.2667,0.2000,0.7071,0.0000,5.2974,1.4714,1.0000
28,14,2806,2810,5,4,4,0.3500,2807.308,618.241,811.405,28.1407,39.0000,2.1581,0.5633,11.4772,0.3121,0.1512,0.5367,0.9579,0.1100,4.4141,1.1772,0.6759
9,3,2806,2809,4,2,2,0.5625,2807.250,621.828,591.603,11.3789,20.0000,1.5517,0.4995,5.8857,0.6611,0.0812,0.2578,0.9971,0.0598,3.5313,1.4714,0.4397
3,3,2809,2811,3,1,1,1.0000,2810.000,1007.000,862.000,7.6444,15.0000,1.0000,1.0000,4.4138,0.8889,0.0000,0.1111,1.0000,0.0000,4.7078,1.0298,1.0000
4,3,2810,2812,3,1,2,0.6667,2811.052,562.000,976.517,8.5322,16.0000,1.1034,0.5198,4.7074,0.7576,0.1294,0.1129,0.8507,0.0000,4.1189,0.8825,0.7931
5,3,2816,2818,3,2,2,0.4167,2817.000,927.855,976.145,9.0747,19.0000,1.3768,0.2050,5.5875,0.4138,0.1655,0.4207,1.0000,0.0000,4.7049,1.3234,0.7101
4,3,2819,2821,3,2,1,0.6667,2820.231,754.800,938.000,9.5550,18.0000,1.1077,0.3054,5.2921,0.7500,0.1500,0.1000,0.9487,0.0000,5.2921,1.1761,0.8000
6,3,2824,2825,2,2,3,0.5000,2824.631,700.417,827.083,10.0781,18.0000,1.2857,1.2180,5.2897,0.5795,0.2234,0.1971,0.2134,0.3849,4.7022,2.0571,0.7619
3,3,2834,2835,2,1,2,0.7500,2834.327,954.000,1156.653,8.3066,17.0000,1.0408,0.7301,4.9917,0.5333,0.2667,0.2000,0.7071,0.0000,4.9917,1.4681,1.0000
7,3,2836,2838,3,3,2,0.3889,2836.867,701.173,959.112,10.8735,19.0000,1.3571,0.2455,5.5775,0.6816,0.1457,0.1727,0.8400,0.3030,3.8159,0.8805,0.5306
8,3,2838,2840,3,2,4,0.3333,2839.186,112.097,822.257,11.7258,18.0000,1.2743,0.3315,5.2831,0.6628,0.1626,0.1746,0.3183,0.0381,3.9623,1.1741,0.4513
6,3,2839,2841,3,1,2,1.0000,2840.024,926.000,670.488,9.8247,17.0000,1.2439,0.4884,4.9892,0.5556,0.3333,0.1111,1.0000,0.0000,4.5489,1.4674,0.5732
4,3,2842,2845,4,1,1,1.0000,2843.690,668.000,1017.000,8.5086,17.0000,1.1724,1.3103,4.9873,0.9375,0.0000,0.0625,1.0000,0.0000,4.8411,1.1735,0.8276
3,3,2845,2846,2,1,2,0.7500,2845.347,646.000,1002.306,8.2993,17.0000,1.0408,0.4627,4.9873,0.5333,0.2667,0.2000,0.7071,0.0000,5.2803,0.5868,1.0000
5,3,2849,2851,3,2,2,0.4167,2850.029,614.857,942.457,9.1810,17.0000,1.2143,0.5621,4.9857,0.5461,0.2256,0.2283,0.8117,0.4177,4.1056,1.0265,0.6714
5,3,2849,2851,3,1,2,0.8333,2850.224,835.000,1178.447,9.9679,17.0000,1.1184,0.5962,4.9857,0.5854,0.2927,0.1220,0.9487,0.0000,5.1323,1.0265,0.6579
4,3,2853,2854,2,1,2,1.0000,2853.446,726.000,1094.585,9.5298,20.0000,1.2308,0.6096,5.8646,0.0000,0.7500,0.2500,0.0000,0.0000,5.2780,0.8796,0.8308
4,3,2854,2855,2,1,2,1.0000,2854.548,737.000,1151.532,9.0895,17.0000,1.0968,0.6980,4.9844,0.0000,0.7500,0.2500,0.0000,0.0000,5.1312,1.0263,0.8065
5,3,2855,2857,3,2,2,0.4167,2856.284,705.224,826.672,8.7848,15.0000,1.1194,0.4882,4.3978,0.7729,0.0435,0.1836,0.8328,0.5477,4.1045,0.8795,0.6716
4,3,2860,2863,4,1,1,1.0000,2861.593,651.000,1023.000,8.6474,17.0000,1.1525,0.4068,4.9832,0.9375,0.0000,0.0625,1.0000,0.0000,4.6901,1.3191,0.7966
8,3,2860,2861,2,2,4,0.5000,2860.615,698.904,1282.558,10.7787,17.0000,1.3077,0.5940,4.9833,0.7957,0.0895,0.1148,0.1756,0.1304,4.2505,1.1726,0.4519
8,3,2860,2863,4,3,2,0.3333,2861.733,719.000,932.614,10.4674,16.0000,1.2673,0.6695,4.6901,0.7292,0.1114,0.1594,0.9312,0.3637,3.6643,1.0259,0.4752
5,3,2862,2864,3,1,2,0.8333,2863.324,965.000,1057.366,9.3072,18.0000,1.2676,0.7689,5.2761,0.5854,0.2927,0.1220,0.9487,0.0000,4.9829,1.7587,0.7042
4,3,2870,2871,2,1,2,1.0000,2870.508,683.000,916.458,8.6460,17.0000,1.1525,0.6841,4.9824,0.0000,0.7500,0.2500,0.0000,0.0000,4.6893,1.3189,0.7966
4,3,2872,2873,2,2,1,1.0000,2872.565,887.468,895.000,9.0854,18.0000,1.1613,0.6391,5.2754,0.0000,0.7500,0.2500,1.0000,0.0000,4.9823,1.7585,0.8065
4,4,2877,2880,4,1,1,1.0000,2878.538,833.000,864.000,9.5249,18.0000,1.1077,0.4615,5.2753,0.9375,0.0000,0.0625,1.0000,0.0000,4.3961,0.8792,1.0000
27,11,2878,2881,4,4,3,0.5625,2879.438,624.720,113.194,21.7711,24.0000,1.6788,0.6573,7.0337,0.3903,0.1150,0.4947,0.8417,0.1554,3.9565,1.1723,0.5285
5,3,2884,2886,3,1,2,0.8333,2885.227,510.000,1061.621,8.6505,16.0000,1.2121,0.4417,4.6893,0.5854,0.2927,0.1220,0.9487,0.0000,4.6893,0.8792,0.6970
3,3,2888,2889,2,2,1,0.7500,2888.667,532.333,821.000,7.6146,15.0000,1.0000,0.7454,4.3963,0.5333,0.2667,0.2000,0.7071,0.0000,4.1032,1.3189,1.0000
4,3,2889,2890,2,1,2,1.0000,2889.466,389.000,790.466,8.4995,16.0000,1.1034,0.6583,4.6894,0.0000,0.7500,0.2500,0.0000,0.0000,4.9825,1.9051,0.7931
5,3,2889,2890,2,3,1,0.8333,2889.444,576.264,870.000,9.4372,17.0000,1.1806,0.6150,4.9825,0.5854,0.2927,0.1220,0.3162,0.0000,4.9825,2.3447,0.6667
3,3,2895,2896,2,1,2,0.7500,2895.680,597.000,981.700,8.4611,19.0000,1.1400,0.4386,5.5690,0.5333,0.2667,0.2000,0.7071,0.0000,4.3965,1.1724,1.0000
4,3,2896,2898,3,2,1,0.6667,2896.966,733.492,1120.000,8.6466,16.0000,1.0847,0.5096,4.6897,0.7576,0.1294,0.1129,0.8507,0.0000,4.9828,1.6121,0.7797
7,3,2905,2907,3,2,3,0.3889,2905.731,874.710,1141.548,10.3037,16.0000,1.2043,0.6004,4.6901,0.4740,0.3590,0.1670,0.6417,0.4192,4.1038,1.4657,0.4946
3,3,2912,2913,2,1,2,0.7500,2912.694,430.000,618.306,8.2932,19.0000,1.1633,0.4329,5.5698,0.5333,0.2667,0.2000,0.7071,0.0000,4.6904,2.0520,1.0000
4,4,2912,2915,4,1,1,1.0000,2913.556,471.000,581.000,9.2342,17.0000,1.0794,1.4444,4.9836,0.9375,0.0000,0.0625,1.0000,0.0000,4.5438,1.6123,1.0000
7,3,2915,2917,3,3,2,0.3889,2916.319,738.198,939.758,10.0831,17.0000,1.3077,0.8964,4.9837,0.3526,0.4473,0.2001,0.7438,0.2507,4.1042,1.7590,0.5165
6,3,2919,2921,3,2,2,0.5000,2920.184,553.575,917.115,10.4126,21.0000,1.4483,0.4774,6.1565,0.3810,0.3333,0.2857,0.9487,0.1690,4.3975,0.5863,0.6207
6,3,2919,2921,3,2,2,0.5000,2919.987,884.872,895.269,9.3354,17.0000,1.3077,0.2985,4.9838,0.7074,0.0897,0.2030,0.9140,0.2540,4.1043,1.1727,0.6026
3,3,2921,2923,3,1,1,1.0000,2922.000,1048.000,972.000,8.6324,17.0000,1.0000,1.0000,4.9840,0.8889,0.0000,0.1111,1.0000,0.0000,5.2771,0.8795,1.0000
8,3,2924,2926,3,2,2,0.6667,2924.835,905.752,1021.413,11.2984,17.0000,1.2477,0.6583,4.9841,0.4961,0.2369,0.2670,0.9586,0.0986,4.2511,1.4659,0.4404
3,3,2938,2939,2,2,1,0.7500,2938.674,559.674,822.000,7.7874,16.0000,1.0435,0.4612,4.6916,0.5333,0.2667,0.2000,0.7071,0.0000,4.6916,1.7593,1.0000
6,3,2941,2943,3,2,2,0.5000,2941.595,962.873,1052.342,9.4572,17.0000,1.2911,0.6977,4.9849,0.5034,0.2551,0.2415,0.9677,0.2521,3.9586,1.1729,0.5949
8,3,2942,2944,3,3,3,0.2963,2943.085,922.783,572.104,10.9896,17.0000,1.2830,1.3420,4.9850,0.6899,0.0360,0.2741,0.7593,0.5895,3.9587,1.4662,0.4623
5,3,2945,2947,3,2,2,0.4167,2945.928,921.841,956.449,9.0490,17.0000,1.2319,0.4822,4.9852,0.5461,0.2256,0.2283,0.8117,0.4177,5.2784,1.7595,0.6957
6,3,2946,2948,3,2,3,0.3333,2946.662,1155.870,820.805,9.2184,16.0000,1.2468,0.7025,4.6921,0.7397,0.1062,0.1541,0.7434,0.5417,3.6657,1.4662,0.6104
5,3,2952,2954,3,2,2,0.4167,2953.192,415.589,973.863,9.5746,18.0000,1.2329,0.6344,5.2790,0.7729,0.0435,0.1836,0.8328,0.5477,4.9858,1.7597,0.6986
3,3,2954,2955,2,2,1,0.7500,2954.688,690.688,1080.000,8.1278,18.0000,1.1250,0.4419,5.2792,0.5333,0.2667,0.2000,0.7071,0.0000,4.6926,1.4664,1.0000
6,4,2955,2957,3,2,1,1.0000,2956.000,805.429,894.000,10.8961,20.0000,1.3187,0.4286,5.8659,0.5556,0.3333,0.1111,1.0000,0.0000,4.9860,1.4664,0.7363
12,5,2963,2966,4,3,3,0.3333,2964.199,647.538,1235.322,14.4802,22.0000,1.5439,1.1469,6.4535,0.4843,0.1124,0.4033,0.9385,0.2721,3.8134,1.1733,0.5263
8,3,2963,2965,3,2,3,0.4444,2964.439,715.523,506.112,11.0971,18.0000,1.3458,0.6578,5.2801,0.2658,0.3492,0.3850,0.9232,0.3836,3.3734,1.1734,0.4579
9,3,2967,2970,4,2,4,0.2812,2968.856,505.907,897.661,11.5390,19.0000,1.4492,0.9253,5.5738,0.8449,0.0840,0.0712,0.6967,0.1036,4.1070,1.6135,0.4237
5,3,2969,2971,3,2,2,0.4167,2970.042,892.338,882.451,9.3152,17.0000,1.1972,0.6464,4.9873,0.7383,0.0485,0.2132,0.7071,0.0000,4.9873,1.7602,0.6620
5,3,2972,2974,3,1,3,0.5556,2973.000,530.000,1005.972,9.3158,19.0000,1.3380,0.0282,5.5744,0.0000,0.8276,0.1724,0.0000,0.0000,4.6942,0.5868,0.6901
5,3,2974,2976,3,1,2,0.8333,2974.824,670.000,488.446,9.7098,18.0000,1.2162,0.5812,5.2812,0.5854,0.2927,0.1220,0.9487,0.0000,4.1075,1.1736,0.6757
6,3,2983,2985,3,2,2,0.5000,2983.855,538.329,596.474,9.1051,15.0000,1.1842,0.5946,4.4019,0.4246,0.3485,0.2269,0.7895,0.0722,4.1084,1.3206,0.5921
6,3,2991,2993,3,2,2,0.5000,2991.658,652.329,947.132,9.1065,16.0000,1.2632,0.7472,4.6960,0.5034,0.2551,0.2415,0.9677,0.2521,3.9624,1.4675,0.6053
4,3,2998,2999,2,1,2,1.0000,2998.483,551.000,899.517,8.5128,15.0000,1.0345,0.7075,4.4032,0.0000,0.7500,0.2500,0.0000,0.0000,4.6967,0.5871,0.7759
5,3,3001,3003,3,2,1,0.8333,3002.178,579.356,782.000,9.5839,20.0000,1.3699,0.3982,5.8713,0.5854,0.2927,0.1220,0.9487,0.0000,4.6971,0.8807,0.6986
8,3,3003,3005,3,2,3,0.4444,3004.189,596.406,1066.557,11.0022,17.0000,1.2830,0.6299,4.9908,0.2331,0.4795,0.2874,0.2649,0.2532,4.4036,1.0275,0.4434
6,3,3010,3012,3,2,2,0.5000,3010.646,447.122,801.366,9.8289,18.0000,1.3171,0.5233,5.2850,0.5034,0.2551,0.2415,0.9677,0.2521,4.5509,1.6148,0.5854
6,3,3017,3019,3,2,2,0.5000,3018.338,937.870,865.545,9.2307,16.0000,1.2468,0.5809,4.6983,0.6373,0.1269,0.2358,0.8795,0.0724,4.2578,1.4682,0.6104
6,3,3023,3024,2,3,2,0.5000,3023.471,560.318,851.129,10.1904,16.0000,1.1294,0.5823,4.6986,0.6373,0.1269,0.2358,0.4046,0.4063,4.5518,1.6152,0.5412
5,3,3026,3027,2,1,3,0.8333,3026.457,701.000,1093.229,9.1934,17.0000,1.2143,0.9433,4.9925,0.5854,0.2927,0.1220,0.3162,0.0000,4.1114,1.0279,0.6714
4,3,3026,3027,2,1,3,0.6667,3026.737,1014.000,993.632,8.3697,16.0000,1.1228,0.6842,4.6988,0.7500,0.1500,0.1000,0.3162,0.0000,4.8456,1.4684,0.8246
4,3,3037,3038,2,1,2,1.0000,3037.545,633.000,932.545,8.0770,15.0000,1.0909,0.7100,4.4056,0.0000,0.7500,0.2500,0.0000,0.0000,4.6993,0.8811,0.8182
6,3,3048,3051,4,2,2,0.3750,3049.481,893.734,955.127,9.4733,18.0000,1.3671,0.5967,5.2872,0.7351,0.1332,0.1317,0.9406,0.2762,4.2591,2.0561,0.6076
6,3,3048,3050,3,2,2,0.5000,3048.731,1031.128,867.744,9.3534,17.0000,1.3077,0.3933,4.9934,0.5034,0.2551,0.2415,0.9677,0.2521,4.2591,1.3218,0.6154
5,4,3069,3071,3,2,1,0.8333,3069.831,529.364,1123.000,10.1154,17.0000,1.1039,0.9072,4.9938,0.5854,0.2927,0.1220,0.9487,0.0000,5.2875,0.7344,0.8571
6,3,3070,3071,2,1,3,1.0000,3070.500,696.000,1310.964,10.0736,17.0000,1.2143,0.5013,4.9938,0.5556,0.3333,0.1111,0.0000,0.0000,4.5531,1.1750,0.5714
5,3,3070,3072,3,2,2,0.4167,3071.282,1124.662,634.775,9.3272,16.0000,1.1268,1.1092,4.7000,0.7729,0.0435,0.1836,0.8328,0.5477,4.7000,0.8813,0.6620
3,3,3072,3074,3,1,1,1.0000,3072.961,546.000,845.000,8.6495,18.0000,1.0588,0.9608,5.2875,0.8889,0.0000,0.1111,1.0000,0.0000,5.2876,0.7344,1.0000
6,3,3076,3079,4,2,2,0.3750,3077.241,808.855,872.386,9.9539,16.0000,1.1566,1.3923,4.7001,0.7351,0.1332,0.1317,0.9406,0.2762,4.5533,1.4688,0.5663
4,3,3078,3080,3,1,2,0.6667,3078.951,563.000,858.525,8.9597,16.0000,1.0492,1.0630,4.7002,0.7576,0.1294,0.1129,0.8507,0.0000,4.9939,1.1750,0.7869
5,3,3083,3084,2,2,2,0.6250,3083.243,704.300,966.629,9.1965,17.0000,1.2143,0.5357,4.9942,0.3432,0.2505,0.4063,0.5155,0.8569,4.9941,1.1751,0.7000
3,3,3096,3097,2,2,1,0.7500,3096.638,337.681,705.000,7.9733,17.0000,1.0851,0.7136,4.9951,0.5333,0.2667,0.2000,0.7071,0.0000,4.1137,1.1753,1.0000
5,3,3099,3101,3,2,2,0.4167,3099.986,888.543,702.786,9.1992,17.0000,1.2143,0.5838,4.9956,0.1521,0.5234,0.3245,1.0000,0.0000,4.7017,1.7631,0.7000
6,3,3104,3107,4,2,2,0.3750,3105.511,540.136,960.670,10.5588,17.0000,1.1591,1.5308,4.9966,0.8076,0.0500,0.1424,0.9217,0.3087,4.9964,1.4695,0.7159
5,4,3109,3111,3,2,1,0.8333,3110.208,417.364,845.000,10.1224,19.0000,1.2338,0.4188,5.5851,0.5854,0.2927,0.1220,0.9487,0.0000,4.7034,1.0288,0.8442
3,3,3114,3115,2,1,2,0.7500,3114.688,757.000,1132.312,8.1477,18.0000,1.1250,0.4419,5.2921,0.5333,0.2667,0.2000,0.7071,0.0000,4.7041,1.7640,1.0000
6,3,3115,3117,3,2,2,0.5000,3115.905,531.536,742.274,10.0828,18.0000,1.2857,1.0532,5.2921,0.4412,0.1872,0.3716,0.7882,0.6154,4.7043,2.0581,0.6071
7,3,3125,3127,3,2,2,0.5833,3126.076,586.641,558.707,10.2283,16.0000,1.2174,0.4697,4.7063,0.5557,0.1817,0.2626,0.9141,0.3987,4.4120,1.9119,0.5000
10,3,3125,3128,4,2,3,0.4167,3126.659,718.476,992.087,11.7205,16.0000,1.2698,0.8175,4.7066,0.2018,0.6140,0.1842,0.9779,0.1093,3.8240,0.5883,0.3730
7,4,3126,3129,4,3,2,0.2917,3127.333,539.781,778.104,10.6736,17.0000,1.2396,0.7093,5.0009,0.7146,0.1193,0.1661,0.8685,0.2357,4.4122,1.0296,0.6771
6,3,3128,3130,3,2,3,0.3333,3128.949,561.795,921.000,9.3678,16.0000,1.2308,0.7965,4.7070,0.0000,0.4667,0.5333,0.0000,0.0000,4.1185,1.1767,0.6026
7,4,3130,3131,2,3,2,0.5833,3130.295,470.286,618.771,11.6758,20.0000,1.3333,0.4702,5.8840,0.3772,0.3083,0.3146,0.1545,0.6900,5.0016,1.7652,0.6381
6,3,3133,3135,3,1,2,1.0000,3133.926,468.000,892.457,9.7302,16.0000,1.1852,0.4628,4.7080,0.5556,0.3333,0.1111,1.0000,0.0000,4.7079,1.3240,0.5679
7,3,3133,3136,4,2,2,0.4375,3134.134,858.216,392.351,10.7879,19.0000,1.3711,0.4332,5.5907,0.8243,0.0513,0.1244,0.9184,0.3278,3.5308,0.8827,0.5464
3,3,3137,3139,3,1,1,1.0000,3137.979,817.000,502.000,8.1557,17.0000,1.0625,0.0208,5.0030,0.8889,0.0000,0.1111,1.0000,0.0000,5.2970,1.7658,1.0000
6,3,3138,3141,4,2,2,0.3750,3139.525,480.863,602.200,9.6122,17.0000,1.2750,0.5784,5.0032,0.7722,0.0368,0.1910,0.9884,0.0000,4.2675,0.8830,0.6125
8,3,3145,3147,3,2,3,0.4444,3145.745,517.623,821.151,11.0322,18.0000,1.3585,0.8489,5.2986,0.6191,0.0618,0.3191,0.8359,0.2237,4.1212,1.1775,0.4623
4,3,3148,3149,2,1,2,1.0000,3148.476,425.000,835.476,9.2735,17.0000,1.0794,0.7079,5.0048,0.0000,0.7500,0.2500,0.0000,0.0000,5.1519,1.0304,0.7937
3,3,3154,3156,3,1,1,1.0000,3154.978,640.000,1139.000,7.8199,16.0000,1.0435,0.9783,4.7110,0.8889,0.0000,0.1111,1.0000,0.0000,4.7112,1.1778,1.0000
4,3,3154,3155,2,2,2,0.5000,3154.413,775.159,808.254,9.2749,21.0000,1.3333,0.5099,6.1832,0.5916,0.1015,0.3069,0.7071,0.7071,5.0055,1.7667,0.8413
5,3,3167,3169,3,2,1,0.8333,3168.197,619.553,805.000,10.0093,19.0000,1.2500,0.5868,5.5954,0.5854,0.2927,0.1220,0.9487,0.0000,4.7119,2.0615,0.6579
7,3,3167,3169,3,1,4,0.5833,3167.695,654.000,1139.453,10.5742,16.0000,1.1789,0.8292,4.7119,0.4340,0.4774,0.0886,0.3162,0.0000,4.1229,1.4724,0.4947
5,3,3170,3172,3,2,2,0.4167,3171.056,865.859,599.183,9.3509,17.0000,1.1972,0.2378,5.0064,0.7958,0.0325,0.1718,0.9294,0.3690,4.1229,1.1780,0.6761
4,3,3173,3175,3,1,2,0.6667,3174.088,537.000,599.456,8.3932,16.0000,1.1228,1.0200,4.7119,0.7576,0.1294,0.1129,0.8507,0.0000,4.7119,2.0615,0.8070
6,4,3173,3175,3,1,2,1.0000,3174.060,747.000,970.554,9.9789,16.0000,1.1566,0.4498,4.7119,0.5556,0.3333,0.1111,1.0000,0.0000,4.7119,1.7670,0.7349
3,3,3182,3184,3,1,1,1.0000,3183.000,1037.000,995.000,7.9909,17.0000,1.0851,0.0000,5.0062,0.8889,0.0000,0.1111,1.0000,0.0000,4.7118,0.8835,1.0000
6,3,3185,3187,3,2,3,0.3333,3185.720,942.366,772.378,9.8579,17.0000,1.2439,0.7898,5.0060,0.6803,0.1871,0.1326,0.6721,0.5226,4.4171,1.4724,0.5854
10,3,3189,3192,4,3,2,0.4167,3190.403,401.266,786.331,11.5462,16.0000,1.2903,0.9003,4.7113,0.7386,0.1259,0.1355,0.8816,0.1338,3.6807,1.1778,0.3710
5,3,3195,3197,3,1,2,0.8333,3195.701,555.000,1250.388,8.8220,16.0000,1.1940,0.4896,4.7108,0.5854,0.2927,0.1220,0.9487,0.0000,4.7109,1.1777,0.6866
4,3,3198,3200,3,1,2,0.6667,3198.661,780.000,1146.271,8.6850,17.0000,1.1525,0.4341,5.0049,0.7500,0.1500,0.1000,0.9487,0.0000,4.5634,0.5888,0.8136
3,3,3208,3210,3,1,1,1.0000,3209.020,594.000,838.000,8.6664,20.0000,1.1765,0.0196,5.8865,0.8889,0.0000,0.1111,1.0000,0.0000,5.2977,1.1773,1.0000
5,3,3209,3211,3,1,2,0.8333,3210.178,381.000,482.699,9.6084,20.0000,1.3699,0.3501,5.8863,0.5854,0.2927,0.1220,0.9487,0.0000,4.1206,1.1773,0.6986
6,3,3227,3229,3,1,2,1.0000,3227.963,938.000,682.525,9.6066,16.0000,1.2000,0.5263,4.7063,0.5556,0.3333,0.1111,1.0000,0.0000,4.2650,0.5882,0.5750
5,3,3232,3233,2,2,2,0.6250,3232.388,469.164,1047.448,8.8122,15.0000,1.1194,0.6148,4.4116,0.3432,0.2505,0.4063,0.6059,0.3645,4.1173,0.2941,0.6716
7,3,3237,3240,4,2,3,0.2917,3238.747,518.879,777.132,10.1136,16.0000,1.2308,0.7684,4.7048,0.7536,0.1303,0.1161,0.8998,0.2750,4.1167,1.1762,0.5055
4,3,3238,3240,3,2,1,0.6667,3239.082,159.721,665.000,8.9683,17.0000,1.1148,0.7260,4.9987,0.5357,0.3214,0.1429,1.0000,0.0000,4.2636,1.1762,0.8197
8,3,3238,3240,3,2,3,0.4444,3239.327,789.733,1029.465,10.4999,17.0000,1.3465,0.9274,4.9987,0.4188,0.3233,0.2579,0.6551,0.2870,3.9695,1.7642,0.4752
5,4,3241,3243,3,2,2,0.4167,3241.507,358.795,833.205,9.5989,17.0000,1.1644,0.5842,4.9985,0.6338,0.1686,0.1975,0.9585,0.2851,4.7045,1.1761,0.8493
6,3,3241,3243,3,2,1,1.0000,3241.875,572.583,489.000,11.5233,22.0000,1.3750,0.9691,6.4686,0.5556,0.3333,0.1111,1.0000,0.0000,4.5574,1.4701,0.6042
3,3,3247,3248,2,1,2,0.7500,3247.314,334.000,1027.333,8.6565,18.0000,1.0588,0.4577,5.2918,0.5333,0.2667,0.2000,0.7071,0.0000,5.2918,1.4700,1.0000
7,3,3249,3252,4,2,2,0.4375,3250.391,354.880,884.489,10.2223,16.0000,1.2174,0.6377,4.7036,0.6625,0.1752,0.1623,0.9597,0.1934,4.1156,1.7638,0.5109
7,4,3257,3258,2,3,2,0.5833,3257.438,605.198,775.219,10.6658,18.0000,1.3125,0.5277,5.2911,0.3883,0.1309,0.4808,0.3626,0.5691,4.7032,0.8818,0.6667
4,3,3261,3262,2,1,2,1.0000,3261.467,337.000,714.467,8.8182,16.0000,1.0667,0.6600,4.7031,0.0000,0.7500,0.2500,0.0000,0.0000,4.9970,1.0288,0.8000
12,3,3261,3265,5,3,3,0.2667,3263.038,630.510,567.299,13.3219,17.0000,1.2994,1.1946,4.9970,0.6164,0.2580,0.1256,0.7590,0.3773,4.1151,1.1758,0.4076
4,3,3266,3269,4,1,1,1.0000,3267.419,380.000,1116.000,9.1120,18.0000,1.1613,0.5806,5.2908,0.9375,0.0000,0.0625,1.0000,0.0000,4.4090,0.5879,0.8065
6,3,3268,3270,3,3,2,0.3333,3268.736,305.046,620.287,10.4398,19.0000,1.3103,0.7911,5.5847,0.4899,0.3164,0.1936,0.8165,0.5506,4.7029,1.7636,0.5747
8,4,3269,3271,3,3,2,0.4444,3269.791,536.036,706.909,11.4313,20.0000,1.4545,0.2309,5.8787,0.1021,0.5726,0.3253,0.0000,0.0940,4.1151,1.4697,0.6182
9,4,3273,3276,4,2,2,0.5625,3274.306,439.161,1164.371,12.1492,18.0000,1.3065,0.8029,5.2908,0.6583,0.1394,0.2023,0.9839,0.0504,4.4090,0.8818,0.5242
5,3,3281,3283,3,2,1,0.8333,3282.254,778.408,956.000,9.3330,17.0000,1.1972,0.4807,4.9969,0.5854,0.2927,0.1220,0.9487,0.0000,4.9969,1.9106,0.6761
3,3,3286,3287,2,1,2,0.7500,3286.380,609.000,1082.320,8.4851,19.0000,1.1400,0.6977,5.5847,0.5333,0.2667,0.2000,0.7071,0.0000,5.2908,2.0575,1.0000
5,3,3292,3294,3,1,2,0.8333,3293.303,947.000,691.606,8.6754,15.0000,1.1364,0.4970,4.4088,0.5854,0.2927,0.1220,0.9487,0.0000,4.7027,1.4696,0.6818
6,3,3293,3294,2,3,2,0.5000,3293.662,690.000,528.475,9.5994,17.0000,1.2750,0.5827,4.9966,0.4412,0.1872,0.3716,0.0000,0.0000,4.2619,1.4696,0.6000
4,3,3294,3296,3,2,1,0.6667,3294.614,203.737,765.000,8.3767,17.0000,1.1930,0.6681,4.9966,0.7500,0.1500,0.1000,0.9487,0.0000,4.7027,1.1757,0.8246
5,3,3296,3297,2,2,2,0.6250,3296.208,557.611,311.292,9.4638,18.0000,1.2500,0.7085,5.2905,0.3432,0.2505,0.4063,0.5155,0.8569,4.7026,1.7635,0.7083
8,3,3297,3299,3,1,3,0.8889,3298.079,867.000,893.129,10.4951,17.0000,1.3465,0.1511,4.9964,0.3375,0.5625,0.1000,0.7071,0.0000,3.6739,0.5879,0.4653
6,3,3297,3298,2,2,3,0.5000,3297.494,923.370,806.963,9.7190,15.0000,1.1111,0.8010,4.4087,0.4412,0.1872,0.3716,0.6154,0.7882,4.1147,1.3226,0.5556
3,3,3299,3301,3,1,1,1.0000,3300.021,490.000,830.000,7.9751,16.0000,1.0213,0.0213,4.7024,0.8889,0.0000,0.1111,1.0000,0.0000,4.4084,0.2939,1.0000
18,6,3301,3305,5,4,4,0.2250,3302.806,803.069,955.583,17.1097,25.0000,1.8219,0.9098,7.3473,0.4459,0.3756,0.1785,0.7069,0.2154,3.9674,0.8817,0.4413
4,3,3305,3308,4,1,1,1.0000,3306.333,309.000,846.000,8.3753,16.0000,1.1228,1.3333,4.7020,0.9375,0.0000,0.0625,1.0000,0.0000,5.1427,1.3224,0.8246
4,3,3306,3308,3,2,1,0.6667,3306.933,666.750,557.000,8.8160,19.0000,1.2667,0.2587,5.5835,0.5357,0.3214,0.1429,1.0000,0.0000,4.1142,1.0285,0.8167
4,3,3315,3316,2,1,2,1.0000,3315.456,868.000,744.561,8.3736,16.0000,1.1228,0.6328,4.7010,0.0000,0.7500,0.2500,0.0000,0.0000,5.1416,1.4690,0.8246
5,3,3316,3318,3,2,1,0.8333,3317.257,172.471,785.000,9.1972,17.0000,1.2143,0.9117,4.9944,0.5854,0.2927,0.1220,0.9487,0.0000,4.4070,0.8814,0.7000
4,4,3320,3321,2,2,1,1.0000,3320.485,289.500,875.000,9.9882,18.0000,1.0588,0.6968,5.2879,0.0000,0.7500,0.2500,1.0000,0.0000,5.2878,1.1751,1.0000
5,3,3322,3324,3,1,2,0.8333,3322.732,544.000,836.634,9.3272,16.0000,1.1268,0.9686,4.7001,0.5854,0.2927,0.1220,0.9487,0.0000,4.9937,1.7625,0.6761
4,3,3323,3325,3,2,1,0.6667,3323.951,410.754,896.000,8.9591,17.0000,1.1148,0.2508,4.9936,0.5357,0.3214,0.1429,1.0000,0.0000,4.2593,1.1750,0.7869
6,3,3331,3333,3,2,2,0.5000,3332.212,262.329,691.882,10.1907,20.0000,1.4118,0.4089,5.8734,0.5230,0.1584,0.3185,0.9225,0.0898,4.4050,1.7620,0.5882
4,3,3331,3332,2,1,2,1.0000,3331.466,748.000,1165.466,8.5166,16.0000,1.1034,0.6583,4.6989,0.0000,0.7500,0.2500,0.0000,0.0000,4.9925,2.0557,0.7931
5,3,3352,3354,3,2,2,0.4167,3353.304,927.696,555.145,9.0576,18.0000,1.3043,0.4542,5.2835,0.6999,0.1281,0.1720,0.8684,0.1395,4.1093,1.1741,0.6957
4,3,3354,3356,3,2,1,0.6667,3355.193,295.807,797.000,8.3653,16.0000,1.1228,0.2729,4.6963,0.7500,0.1500,0.1000,0.9487,0.0000,4.6963,2.0546,0.8070
6,3,3354,3356,3,1,3,0.6667,3354.624,836.000,903.188,10.1855,18.0000,1.2706,0.6513,5.2834,0.2083,0.6667,0.1250,0.8944,0.0000,4.2561,0.8806,0.5882
4,3,3356,3359,4,1,1,1.0000,3357.678,349.000,728.000,8.6585,18.0000,1.2203,0.3220,5.2831,0.9375,0.0000,0.0625,1.0000,0.0000,4.2559,0.8805,0.8305
10,4,3357,3359,3,3,2,0.5556,3358.188,286.957,900.181,12.8085,21.0000,1.5217,1.2675,6.1636,0.2985,0.4140,0.2874,0.4653,0.1193,4.1091,1.0273,0.4928
7,3,3361,3364,4,2,2,0.4375,3362.574,417.245,997.277,10.4274,17.0000,1.2660,1.4726,4.9893,0.6801,0.1680,0.1519,0.9328,0.2851,4.1089,1.4675,0.5106
3,3,3370,3372,3,1,1,1.0000,3370.979,646.000,720.000,7.9637,16.0000,1.0213,0.9787,4.6957,0.8889,0.0000,0.1111,1.0000,0.0000,4.9891,1.3207,1.0000
6,4,3373,3375,3,2,1,1.0000,3373.935,364.538,739.000,11.1425,21.0000,1.3548,0.4668,6.1630,0.5556,0.3333,0.1111,1.0000,0.0000,4.8424,1.7609,0.7312
3,3,3373,3374,2,1,2,0.7500,3373.319,533.000,1024.660,7.9637,16.0000,1.0213,0.7327,4.6956,0.5333,0.2667,0.2000,0.7071,0.0000,4.9891,1.0272,1.0000
8,3,3375,3377,3,2,3,0.4444,3376.226,676.217,746.302,10.9985,17.0000,1.2830,0.7653,4.9891,0.2444,0.3475,0.4081,0.6838,0.1800,3.9619,1.1739,0.4528
4,3,3376,3377,2,2,2,0.5000,3376.439,381.825,479.737,8.3641,17.0000,1.1930,0.5407,4.9891,0.5916,0.1015,0.3069,0.7071,0.7071,4.1087,1.0272,0.8246
3,3,3379,3380,2,1,2,0.7500,3379.667,834.000,732.333,7.6248,15.0000,1.0000,0.7454,4.4022,0.5333,0.2667,0.2000,0.7071,0.0000,4.6957,1.1739,1.0000
7,3,3386,3389,4,2,2,0.4375,3387.779,557.375,756.125,11.5365,21.0000,1.4135,0.8734,6.1632,0.7122,0.1467,0.1411,0.9661,0.0989,4.1088,1.3207,0.5192
4,3,3396,3397,2,1,2,1.0000,3396.456,393.000,702.544,8.3649,16.0000,1.1228,0.6451,4.6961,0.0000,0.7500,0.2500,0.0000,0.0000,4.6961,1.1740,0.8070
4,3,3414,3415,2,2,1,1.0000,3414.544,639.544,405.000,8.3667,16.0000,1.1228,0.6451,4.6971,0.0000,0.7500,0.2500,1.0000,0.0000,4.1100,0.4404,0.8070
4,3,3415,3417,3,2,1,0.6667,3416.032,324.839,446.000,9.1008,20.0000,1.2903,0.1645,5.8715,0.5357,0.3214,0.1429,1.0000,0.0000,4.4036,1.3210,0.8387
7,3,3416,3417,2,3,2,0.5833,3416.622,624.356,621.411,9.9865,16.0000,1.2444,0.9512,4.6973,0.4470,0.2636,0.2894,0.1938,0.5438,3.5229,0.5871,0.5111
3,3,3418,3420,3,1,1,1.0000,3419.000,590.000,1032.000,7.9666,17.0000,1.0851,0.0000,4.9910,0.8889,0.0000,0.1111,1.0000,0.0000,4.6974,1.9083,1.0000
7,3,3426,3428,3,3,2,0.3889,3426.802,523.055,233.110,10.0988,17.0000,1.3077,0.8116,4.9915,0.6788,0.0891,0.2320,0.6025,0.1824,3.5234,1.3213,0.5495
4,3,3431,3432,2,1,2,1.0000,3431.517,365.000,680.483,8.5153,15.0000,1.0345,0.7075,4.4045,0.0000,0.7500,0.2500,0.0000,0.0000,4.1108,1.1745,0.7759
4,3,3434,3436,3,1,2,0.6667,3435.091,542.000,661.545,8.0751,15.0000,1.0909,0.5530,4.4046,0.7576,0.1294,0.1129,0.8507,0.0000,4.6982,0.5873,0.8182
7,3,3441,3443,3,2,2,0.5833,3442.308,177.319,927.231,10.1001,16.0000,1.2308,0.4995,4.6984,0.3772,0.3083,0.3146,0.9758,0.2185,4.1111,0.8810,0.5165
6,3,3445,3447,3,3,2,0.3333,3446.067,342.867,558.133,8.9913,15.0000,1.2000,0.8794,4.4048,0.5704,0.2383,0.1913,0.3439,0.2128,3.9643,0.8810,0.6000
8,3,3450,3453,4,3,3,0.2222,3451.731,553.981,659.192,10.7974,17.0000,1.3077,0.8516,4.9921,0.8181,0.0838,0.0981,0.7837,0.6146,4.2579,1.7619,0.4519
5,3,3452,3454,3,1,2,0.8333,3453.186,377.000,811.657,9.1927,16.0000,1.1429,0.3899,4.6984,0.5854,0.2927,0.1220,0.9487,0.0000,4.9920,2.0555,0.6571
7,4,3460,3462,3,3,1,0.7778,3460.882,573.709,868.000,12.2081,20.0000,1.2727,0.3140,5.8726,0.4747,0.4312,0.0941,0.8619,0.0000,4.9917,1.1745,0.6455
3,3,3464,3464,1,3,1,1.0000,3464.000,107.000,827.000,7.9676,16.0000,1.0213,1.0000,4.6980,0.8889,0.0000,0.1111,0.0000,1.0000,4.4044,0.5872,1.0000
5,4,3464,3466,3,2,2,0.4167,3464.680,662.760,588.333,9.8484,18.0000,1.2000,1.0729,5.2852,0.7729,0.0435,0.1836,0.8328,0.5477,4.9915,1.7617,0.8667
5,3,3466,3468,3,1,2,0.8333,3467.178,839.000,829.397,9.5855,15.0000,1.0274,1.2433,4.4043,0.5854,0.2927,0.1220,0.9487,0.0000,4.1106,0.8808,0.6164
7,4,3468,3471,4,2,2,0.4375,3469.674,457.891,698.272,10.2094,17.0000,1.2935,0.4382,4.9913,0.6673,0.1280,0.2047,0.9953,0.0695,4.9912,1.7616,0.6739
17,9,3477,3480,4,4,4,0.2656,3478.844,231.473,677.481,18.6550,22.0000,1.4275,0.7302,6.4586,0.1846,0.2602,0.5553,0.9909,0.1348,4.6972,1.1743,0.6336
13,3,3477,3480,4,4,3,0.2708,3478.863,450.894,800.584,13.1091,20.0000,1.6149,0.4506,5.8715,0.4574,0.3660,0.1765,0.5463,0.2047,3.8165,1.4679,0.3292
4,3,3477,3478,2,2,1,1.0000,3477.474,750.526,914.000,8.3670,15.0000,1.0526,0.7081,4.4037,0.0000,0.7500,0.2500,1.0000,0.0000,4.1101,1.4679,0.7895
5,3,3488,3490,3,2,2,0.4167,3489.122,496.203,527.189,9.7151,18.0000,1.2162,0.3028,5.2841,0.6489,0.0995,0.2515,0.9362,0.2726,4.1099,0.7339,0.6622
6,3,3496,3498,3,2,2,0.5000,3497.140,390.628,1056.884,10.3073,19.0000,1.3256,0.4141,5.5779,0.5230,0.1584,0.3185,0.9225,0.0898,4.5504,0.5872,0.5930
5,3,3499,3501,3,2,1,0.8333,3499.685,566.370,438.000,9.5846,19.0000,1.3014,0.4859,5.5782,0.5854,0.2927,0.1220,0.9487,0.0000,4.9909,0.4404,0.7123
4,3,3509,3510,2,2,1,1.0000,3509.435,237.435,640.000,9.1033,18.0000,1.1613,0.6159,5.2857,0.0000,0.7500,0.2500,1.0000,0.0000,5.2858,1.1746,0.8387
4,3,3520,3523,4,1,1,1.0000,3521.583,606.000,338.000,8.8139,16.0000,1.0667,0.4167,4.7011,0.9375,0.0000,0.0625,1.0000,0.0000,5.1413,1.6159,0.7833
3,3,3521,3523,3,1,1,1.0000,3522.000,717.000,930.000,8.3117,17.0000,1.0408,0.0000,4.9946,0.8889,0.0000,0.1111,1.0000,0.0000,4.9949,1.7628,1.0000
5,3,3524,3526,3,2,1,0.8333,3524.861,501.639,485.000,9.4616,17.0000,1.1806,0.9338,4.9951,0.6340,0.2717,0.0943,1.0000,0.0000,4.9952,1.4692,0.6806
7,3,3530,3532,3,1,3,0.7778,3531.043,480.000,353.226,10.3323,17.0000,1.2796,0.9833,4.9973,0.3567,0.5477,0.0956,0.5505,0.0000,4.4089,1.4696,0.5161
7,3,3534,3536,3,3,2,0.3889,3535.021,363.263,1140.895,10.5570,17.0000,1.2526,0.2842,4.9982,0.6023,0.2183,0.1794,0.7436,0.2188,3.8222,0.8820,0.5053
5,3,3545,3547,3,1,2,0.8333,3545.700,485.000,420.443,9.2105,16.0000,1.1429,0.8947,4.7073,0.5854,0.2927,0.1220,0.9487,0.0000,4.7073,1.0297,0.6571
7,3,3546,3549,4,3,2,0.2917,3547.290,479.990,734.720,11.1217,17.0000,1.1900,0.4032,5.0026,0.8651,0.0434,0.0915,0.9326,0.0724,5.0028,1.4711,0.6500
5,3,3547,3549,3,2,2,0.4167,3548.015,864.851,555.149,8.8172,16.0000,1.1940,0.2116,4.7086,0.4138,0.1655,0.4207,1.0000,0.0000,4.1195,1.0299,0.7015
7,3,3555,3557,3,2,3,0.3889,3555.583,411.292,810.000,10.6833,18.0000,1.3125,0.5086,5.2999,0.4001,0.1348,0.4651,0.9981,0.0621,4.4168,1.4722,0.5104
7,4,3568,3570,3,2,2,0.5833,3569.427,620.786,706.398,11.4744,19.0000,1.2913,0.7295,5.6004,0.5694,0.1270,0.3036,0.8963,0.4170,3.8315,1.4733,0.6602
10,3,3573,3576,4,4,2,0.3125,3574.507,640.765,759.551,12.6808,18.0000,1.3235,0.7854,5.3076,0.7359,0.1357,0.1284,0.5939,0.0061,3.3908,0.8843,0.3750
21,3,3574,3575,2,4,7,0.3750,3574.606,630.533,704.803,17.6300,18.0000,1.3796,2.8688,5.3076,0.7678,0.1513,0.0809,0.0216,0.9788,3.5384,0.5898,0.3540
34,12,3574,3576,3,3,9,0.4198,3574.714,629.498,712.341,23.8680,25.0000,1.8008,2.7202,7.3716,0.8683,0.0333,0.0984,0.0682,0.6577,4.1280,1.1795,0.5127
45,8,3574,3577,4,5,11,0.2045,3575.052,630.555,721.862,29.6264,26.0000,1.7359,5.1049,7.6670,0.9107,0.0407,0.0486,0.0260,0.7452,4.1287,1.4742,0.5267
10,3,3574,3576,3,3,2,0.5556,3575.369,671.940,622.725,13.8938,24.0000,1.6107,1.0463,7.0768,0.5417,0.1480,0.3103,0.5504,0.1908,3.5386,0.8845,0.4899
11,4,3574,3576,3,4,2,0.4583,3575.254,683.446,614.503,15.7365,27.0000,1.6780,0.7900,7.9614,0.5529,0.3456,0.1014,0.1593,0.1731,3.8329,0.8844,0.6328
20,8,3574,3576,3,6,2,0.5556,3575.268,688.308,612.483,19.9124,25.0000,1.6556,2.3802,7.3716,0.7559,0.1528,0.0913,0.1083,0.2525,4.1279,0.8845,0.6589
4,3,3574,3576,3,2,1,0.6667,3574.853,692.213,611.000,11.0573,26.0000,1.3867,0.2589,7.6665,0.5357,0.3214,0.1429,1.0000,0.0000,5.0124,0.8843,0.8533
7,5,3574,3576,3,2,2,0.5833,3575.024,695.464,610.088,13.9311,28.0000,1.5680,0.4729,8.2562,0.5916,0.2044,0.2040,0.9664,0.1591,4.1285,1.3271,0.8000
8,5,3574,3576,3,3,2,0.4444,3575.079,699.651,609.079,13.1356,24.0000,1.5238,0.6604,7.0768,0.2862,0.4811,0.2328,0.9609,0.1997,4.2759,0.4423,0.7143
21,8,3574,3576,3,10,2,0.3500,3574.974,709.103,608.110,19.9469,29.0000,1.9645,3.1053,8.5511,0.9315,0.0440,0.0245,0.1182,0.1984,4.1283,0.5900,0.5548
4,4,3575,3576,2,1,2,1.0000,3575.526,634.000,737.538,11.5002,23.0000,1.1795,0.6618,6.7824,0.0000,0.7500,0.2500,0.0000,0.0000,4.7180,0.5896,1.0000
7,4,3575,3577,3,2,3,0.3889,3575.560,635.211,739.294,12.1484,23.0000,1.4771,0.8588,6.7824,0.3526,0.4473,0.2001,0.7438,0.2507,4.1281,0.8847,0.6881
3,3,3575,3576,2,1,2,0.7500,3575.686,636.000,742.706,8.6827,20.0000,1.1765,0.4300,5.8977,0.5333,0.2667,0.2000,0.7071,0.0000,4.4230,1.0322,1.0000
5,4,3575,3576,2,2,2,0.6250,3575.421,637.105,745.442,12.5278,23.0000,1.2105,0.7068,6.7819,0.3432,0.2505,0.4063,0.6059,0.3645,5.8978,1.4743,0.8947
4,3,3575,3576,2,1,3,0.6667,3575.467,718.000,520.050,8.8462,16.0000,1.0667,0.4693,4.7178,0.7576,0.1294,0.1129,0.5257,0.0000,4.2757,0.7372,0.7833
9,3,3577,3579,3,3,2,0.5000,3577.942,408.917,227.446,11.8954,19.0000,1.4132,0.4575,5.6036,0.3381,0.3735,0.2883,0.8374,0.0585,3.8339,1.7697,0.4380
7,3,3579,3581,3,2,2,0.5833,3580.360,579.540,580.570,11.1490,17.0000,1.1900,0.9413,5.0148,0.5838,0.0731,0.3431,0.8512,0.5122,4.8670,1.1799,0.6300
5,3,3580,3581,2,2,2,0.6250,3580.455,436.848,579.394,8.7066,15.0000,1.1364,0.6203,4.4248,0.3432,0.2505,0.4063,0.6059,0.3645,4.7195,1.4748,0.6818
4,3,3592,3594,3,2,1,0.6667,3592.983,153.793,850.000,8.5605,16.0000,1.1034,1.0043,4.7228,0.5357,0.3214,0.1429,1.0000,0.0000,4.7232,1.4759,0.7931
5,3,3594,3596,3,1,2,0.8333,3594.940,465.000,307.388,8.8456,16.0000,1.1940,0.6148,4.7236,0.5854,0.2927,0.1220,0.9487,0.0000,5.0186,1.4761,0.7015
5,4,3610,3611,2,2,3,0.4167,3610.224,450.789,432.737,10.0378,17.0000,1.1184,0.4045,5.0207,0.6489,0.0995,0.2515,0.1100,0.3726,5.0206,0.8860,0.8553
5,3,3619,3621,3,2,2,0.4167,3620.083,460.861,451.528,9.5097,19.0000,1.3194,0.5521,5.6114,0.7729,0.0435,0.1836,0.8328,0.5477,4.7254,1.1813,0.7083
4,3,3623,3624,2,2,1,1.0000,3623.538,407.462,976.000,9.5982,18.0000,1.1077,0.7092,5.3160,0.0000,0.7500,0.2500,1.0000,0.0000,5.4636,1.7720,0.8154
4,3,3623,3624,2,2,2,0.5000,3623.183,629.550,538.717,8.8599,17.0000,1.1333,0.8659,5.0206,0.5916,0.1015,0.3069,0.5000,0.5000,4.4300,0.8860,0.8167
3,3,3640,3642,3,1,1,1.0000,3641.022,545.000,169.000,7.8415,16.0000,1.0435,0.9783,4.7241,0.8889,0.0000,0.1111,1.0000,0.0000,4.1337,0.8858,1.0000
4,3,3648,3649,2,2,2,0.5000,3648.250,439.267,693.200,8.8569,17.0000,1.1333,0.4167,5.0189,0.0000,0.5625,0.4375,0.4459,0.5774,5.1665,1.9190,0.8000
4,3,3649,3651,3,1,2,0.6667,3650.034,553.000,425.525,8.7091,16.0000,1.0847,0.4758,4.7236,0.7576,0.1294,0.1129,0.8507,0.0000,4.1331,1.1809,0.7797
5,3,3654,3656,3,2,1,0.8333,3654.753,549.370,704.000,9.6376,19.0000,1.3014,0.4445,5.6090,0.5854,0.2927,0.1220,0.9487,0.0000,4.1330,1.4760,0.6712
5,3,3660,3662,3,2,1,0.8333,3660.857,492.586,484.000,9.2412,15.0000,1.0714,0.6029,4.4280,0.5854,0.2927,0.1220,0.9487,0.0000,4.1328,0.8856,0.6429
4,3,3680,3683,4,1,1,1.0000,3681.356,876.000,539.000,8.7091,17.0000,1.1525,0.6441,5.0188,0.9375,0.0000,0.0625,1.0000,0.0000,5.3139,0.8857,0.8305
6,3,3683,3685,3,1,3,0.6667,3684.289,467.000,427.771,10.0040,19.0000,1.3735,0.3688,5.6096,0.4000,0.4800,0.1200,0.7071,0.0000,3.9857,1.1809,0.6386
5,3,3686,3687,2,3,1,0.8333,3686.622,363.757,1021.000,9.7710,17.0000,1.1486,0.4498,5.0193,0.5854,0.2927,0.1220,0.3162,0.0000,4.7240,0.5905,0.6486
8,3,3688,3691,4,2,2,0.5000,3689.419,477.105,420.533,10.9613,18.0000,1.3714,0.7525,5.3149,0.6702,0.1825,0.1473,0.9937,0.1048,3.6910,0.8858,0.4857
6,3,3690,3692,3,2,1,1.0000,3690.938,599.457,403.000,9.7644,17.0000,1.2593,1.0436,5.0198,0.5556,0.3333,0.1111,1.0000,0.0000,4.2816,1.0335,0.6049
8,3,3706,3709,4,2,2,0.5000,3707.593,958.787,732.241,11.2823,18.0000,1.3333,0.5189,5.3186,0.6000,0.1500,0.2500,1.0000,0.0000,3.5458,0.8864,0.4537
4,3,3707,3709,3,1,2,0.6667,3707.898,687.000,318.729,8.7166,17.0000,1.1525,0.2896,5.0231,0.5357,0.3214,0.1429,1.0000,0.0000,5.0230,0.7388,0.8305
5,3,3714,3716,3,2,2,0.4167,3715.214,718.614,1042.143,9.2537,17.0000,1.2143,0.8869,5.0254,0.7729,0.0435,0.1836,0.8328,0.5477,4.1383,1.1825,0.6857
6,3,3723,3725,3,3,2,0.3333,3723.741,541.094,438.141,10.2632,17.0000,1.2000,0.3095,5.0280,0.8257,0.0455,0.1288,0.6506,0.3940,4.8801,1.7746,0.5647
7,3,3726,3728,3,2,3,0.3889,3727.148,336.659,377.648,9.8396,15.0000,1.1932,0.7618,4.4377,0.3215,0.3592,0.3193,0.4240,0.2953,3.8455,1.4791,0.5114
4,3,3727,3728,2,1,2,1.0000,3727.450,477.000,516.450,8.8751,18.0000,1.2000,0.6364,5.3249,0.0000,0.7500,0.2500,0.0000,0.0000,4.7334,1.1834,0.8000
6,3,3737,3739,3,2,2,0.5000,3737.926,793.321,334.864,9.7901,17.0000,1.2593,0.9894,5.0327,0.7074,0.0897,0.2030,0.9140,0.2540,4.1450,1.1843,0.5926
5,3,3738,3740,3,1,2,0.8333,3739.257,710.000,544.414,9.2690,15.0000,1.0714,0.4876,4.4415,0.5854,0.2927,0.1220,0.9487,0.0000,4.7373,1.1844,0.6429
6,3,3745,3747,3,1,2,1.0000,3746.129,447.000,296.471,10.2797,18.0000,1.2706,0.9896,5.3326,0.5556,0.3333,0.1111,1.0000,0.0000,4.1473,0.8887,0.5765
6,3,3746,3747,2,2,2,0.7500,3746.333,483.593,933.679,9.7961,17.0000,1.2593,0.6165,5.0360,0.2000,0.3333,0.4667,0.7071,0.7071,4.1474,0.8888,0.5926
3,3,3762,3763,2,1,2,0.7500,3762.681,634.000,428.319,8.0480,17.0000,1.0851,0.4513,5.0420,0.5333,0.2667,0.2000,0.7071,0.0000,4.1523,1.1864,1.0000
6,3,3787,3788,2,1,3,1.0000,3787.506,761.000,148.880,10.0667,17.0000,1.2289,0.5085,5.0507,0.5556,0.3333,0.1111,0.0000,0.0000,4.6049,0.4456,0.5783
4,3,3788,3790,3,1,2,0.6667,3788.966,682.000,570.525,8.7650,16.0000,1.0847,0.4758,4.7539,0.7576,0.1294,0.1129,0.8507,0.0000,4.7538,1.1885,0.7797
4,3,3789,3791,3,1,2,0.6667,3790.383,479.000,628.733,8.9144,17.0000,1.1333,0.4670,5.0517,0.7500,0.1500,0.1000,0.9487,0.0000,5.2001,1.4858,0.8333
5,3,3794,3796,3,1,2,0.8333,3795.136,575.000,375.379,8.7735,15.0000,1.1364,0.4026,4.4589,0.6340,0.2717,0.0943,1.0000,0.0000,5.3502,2.3781,0.6818
5,3,3796,3798,3,2,2,0.4167,3797.043,648.145,528.536,9.1735,17.0000,1.2319,0.5572,5.0538,0.5461,0.2256,0.2283,0.8117,0.4177,4.1620,1.0406,0.6812
5,3,3806,3808,3,1,2,0.8333,3806.936,741.000,562.333,10.3773,20.0000,1.2821,1.1151,5.9503,0.5854,0.2927,0.1220,0.9487,0.0000,5.3547,1.9336,0.6795
5,3,3807,3809,3,1,2,0.8333,3807.779,1012.000,459.456,9.0474,16.0000,1.1765,0.9506,4.7602,0.5854,0.2927,0.1220,0.9487,0.0000,4.7602,1.0412,0.6912
5,3,3830,3832,3,1,2,0.8333,3830.890,971.000,604.616,9.7308,19.0000,1.3014,0.3989,5.6633,0.5854,0.2927,0.1220,0.9487,0.0000,4.1734,0.7452,0.6849
9,3,3839,3842,4,2,4,0.2812,3841.319,928.177,236.522,11.2393,17.0000,1.3540,0.8509,5.0730,0.1629,0.7053,0.1318,0.8964,0.1989,3.8785,1.1932,0.4248
5,3,3841,3842,2,1,3,0.8333,3841.611,944.000,630.250,9.6082,16.0000,1.1111,0.8448,4.7746,0.5854,0.2927,0.1220,0.3162,0.0000,4.4756,0.8952,0.6389
9,3,3842,3844,3,2,3,0.5000,3842.836,540.383,709.586,12.7334,21.0000,1.4766,1.0903,6.2666,0.2865,0.4200,0.2935,0.7651,0.2852,3.8793,0.8953,0.5547
3,3,3843,3844,2,2,1,0.7500,3843.674,388.348,625.000,7.9268,16.0000,1.0435,0.7292,4.7757,0.5333,0.2667,0.2000,0.7071,0.0000,4.7757,1.4920,1.0000
6,4,3843,3845,3,3,1,0.6667,3844.000,422.193,317.000,10.7232,17.0000,1.1591,0.1932,5.0742,0.6944,0.2222,0.0833,0.8000,0.0000,4.4772,0.8957,0.7500
5,3,3851,3852,2,2,2,0.6250,3851.583,832.139,437.472,9.6203,17.0000,1.1806,0.7988,5.0795,0.3432,0.2505,0.4063,0.6059,0.3645,4.7808,1.3445,0.6806
9,4,3858,3860,3,2,3,0.5000,3858.702,709.256,350.413,12.0633,18.0000,1.3388,0.7060,5.3839,0.4635,0.3128,0.2237,0.8462,0.3326,4.4858,1.4950,0.5455
3,3,3864,3865,2,1,2,0.7500,3864.667,849.000,145.333,7.7782,15.0000,1.0000,0.7454,4.4910,0.5333,0.2667,0.2000,0.7071,0.0000,4.1915,0.2996,1.0000
4,3,3871,3872,2,1,2,1.0000,3871.458,706.000,532.542,8.8426,17.0000,1.1525,0.6472,5.0953,0.0000,0.7500,0.2500,0.0000,0.0000,4.1965,1.3486,0.7966
4,3,3877,3878,2,1,2,1.0000,3877.482,493.000,719.482,8.4028,15.0000,1.0714,0.7076,4.5020,0.0000,0.7500,0.2500,0.0000,0.0000,4.6512,1.8001,0.7857
7,3,3881,3883,3,2,2,0.5833,3882.073,496.115,471.615,10.8993,18.0000,1.3125,0.4086,5.4068,0.4600,0.2645,0.2756,1.0000,0.0000,4.2059,1.8024,0.5104
4,3,3882,3884,3,1,2,0.6667,3882.839,607.000,456.821,8.4121,16.0000,1.1429,1.1744,4.8081,0.7500,0.1500,0.1000,0.9487,0.0000,4.8066,1.2014,0.8214
4,4,3882,3885,4,1,1,1.0000,3883.483,707.000,752.000,9.0143,16.0000,1.0667,0.4833,4.8071,0.9375,0.0000,0.0625,1.0000,0.0000,4.8076,0.9012,1.0000
7,3,3893,3896,4,2,2,0.4375,3894.588,740.897,423.526,11.0442,18.0000,1.2990,0.7952,5.4229,0.7406,0.0824,0.1770,0.9316,0.0988,4.5180,1.9573,0.5464
5,3,3894,3895,2,2,2,0.6250,3894.391,688.156,435.609,8.6216,15.0000,1.1719,0.5741,4.5180,0.3432,0.2505,0.4063,0.6059,0.3645,4.5179,1.5065,0.6719
4,3,3900,3901,2,1,2,1.0000,3900.550,971.000,419.517,9.0507,18.0000,1.2000,0.6852,5.4311,0.0000,0.7500,0.2500,0.0000,0.0000,4.9779,0.9052,0.8167
4,3,3903,3905,3,2,1,0.6667,3904.155,826.190,587.000,8.7573,17.0000,1.1724,0.2450,5.1334,0.7500,0.1500,0.1000,0.9487,0.0000,4.8314,1.5098,0.8103
6,3,3905,3907,3,2,2,0.5000,3906.321,1137.654,506.864,9.9917,19.0000,1.4074,0.4909,5.7404,0.5034,0.2551,0.2415,0.9677,0.2521,4.5327,1.5114,0.5802
4,3,3906,3907,2,2,2,0.5000,3906.750,842.821,335.268,8.4613,17.0000,1.2143,0.4076,5.1376,0.0000,0.5625,0.4375,0.4459,0.5774,4.0792,0.9070,0.8214
3,3,3907,3908,2,1,2,0.7500,3907.333,418.000,472.689,7.8524,16.0000,1.0667,0.4560,4.8354,0.5333,0.2667,0.2000,0.7071,0.0000,4.2323,1.2089,1.0000
3,3,3908,3909,2,1,2,0.7500,3908.341,495.000,409.318,7.6800,15.0000,1.0227,0.4663,4.5357,0.5333,0.2667,0.2000,0.7071,0.0000,4.8367,1.5111,1.0000
6,4,3908,3910,3,1,2,1.0000,3908.965,860.000,463.553,10.4928,18.0000,1.2706,1.0633,5.4413,0.5556,0.3333,0.1111,1.0000,0.0000,4.5366,0.9073,0.7176
3,3,3908,3909,2,2,1,0.7500,3908.674,954.674,749.000,7.5062,15.0000,1.0465,0.4604,4.5357,0.5333,0.2667,0.2000,0.7071,0.0000,3.9310,0.9068,1.0000
4,3,3909,3912,4,1,1,1.0000,3910.436,764.000,388.000,8.3188,15.0000,1.0909,0.4364,4.5370,0.9375,0.0000,0.0625,1.0000,0.0000,4.5368,1.8145,0.7818
7,3,3910,3913,4,2,2,0.4375,3911.539,710.303,372.888,10.1790,16.0000,1.2584,0.5629,4.8422,0.6673,0.1280,0.2047,0.9953,0.0695,4.2370,2.1179,0.5056
4,3,3910,3912,3,2,1,0.6667,3911.017,743.814,966.000,8.9253,19.0000,1.2881,0.1872,5.7485,0.5357,0.3214,0.1429,1.0000,0.0000,4.0847,0.6058,0.8136
3,3,3910,3912,3,1,1,1.0000,3911.023,805.000,328.000,7.5112,15.0000,1.0465,0.9767,4.5396,0.8889,0.0000,0.1111,1.0000,0.0000,4.5382,1.8143,1.0000
3,3,3914,3915,2,1,2,0.7500,3914.667,991.000,575.708,8.3935,18.0000,1.1250,0.4429,5.4523,0.5333,0.2667,0.2000,0.7071,0.0000,5.1479,1.2117,1.0000
4,3,3918,3919,2,2,1,1.0000,3918.500,818.552,1015.000,8.7936,17.0000,1.1724,0.6715,5.1541,0.0000,0.7500,0.2500,1.0000,0.0000,4.8521,1.5161,0.7931
5,3,3924,3926,3,2,1,0.8333,3924.861,803.333,878.000,9.7835,19.0000,1.3194,0.3611,5.7732,0.5854,0.2927,0.1220,0.9487,0.0000,4.5563,1.2149,0.6667
4,3,3929,3931,3,2,1,0.6667,3929.810,877.172,291.000,8.8260,17.0000,1.1724,0.2563,5.1742,0.7500,0.1500,0.1000,0.9487,0.0000,5.0220,1.2173,0.8276
3,3,3941,3942,2,2,1,0.7500,3941.659,877.682,936.000,7.7652,15.0000,1.0227,0.7319,4.5857,0.5333,0.2667,0.2000,0.7071,0.0000,4.8897,0.6116,1.0000
4,3,3945,3946,2,1,2,1.0000,3945.453,1068.000,558.547,8.1127,15.0000,1.1321,0.6404,4.5913,0.0000,0.7500,0.2500,0.0000,0.0000,4.8982,1.8366,0.8113
13,4,3948,3952,5,4,3,0.2167,3949.873,666.133,274.272,13.4407,17.0000,1.3987,1.2605,5.2144,0.8106,0.0685,0.1209,0.7578,0.4312,3.9876,1.5341,0.3924
3,3,3950,3951,2,1,2,0.7500,3950.349,512.000,371.326,7.6161,15.0000,1.0465,0.7280,4.6030,0.5333,0.2667,0.2000,0.7071,0.0000,3.9876,1.3810,1.0000
5,3,3958,3960,3,1,2,0.8333,3959.266,443.000,264.438,8.8169,15.0000,1.1719,0.5118,4.6201,0.5854,0.2927,0.1220,0.9487,0.0000,4.6206,1.2319,0.6719
7,3,3961,3963,3,2,3,0.3889,3961.701,600.552,516.011,10.1420,17.0000,1.3678,0.6276,5.2440,0.4888,0.1571,0.3542,0.8671,0.4863,4.0081,1.0789,0.5287
5,3,3964,3965,2,2,2,0.6250,3964.476,688.587,540.857,8.7023,16.0000,1.2698,0.7998,4.9433,0.3432,0.2505,0.4063,0.6059,0.3645,4.6321,1.5442,0.6984
9,3,3965,3967,3,4,2,0.3750,3965.585,708.453,400.726,10.9200,15.0000,1.2736,1.7264,4.6344,0.8163,0.0655,0.1182,0.5590,0.0182,3.7114,1.8529,0.4057
5,3,3973,3975,3,2,2,0.4167,3974.302,933.698,266.143,8.7518,16.0000,1.2698,0.4498,4.9691,0.6999,0.1281,0.1720,0.8684,0.1395,4.9666,1.2435,0.6984
3,3,3977,3978,2,2,1,0.7500,3977.318,886.682,418.000,7.9064,16.0000,1.0909,0.4500,4.9787,0.5333,0.2667,0.2000,0.7071,0.0000,4.6706,1.4001,1.0000
5,3,3980,3981,2,2,2,0.6250,3980.671,655.186,386.429,9.7656,18.0000,1.2857,0.5711,5.6164,0.3432,0.2505,0.4063,0.6059,0.3645,4.6770,1.7157,0.6857
7,3,3990,3992,3,1,3,0.7778,3991.318,581.000,107.824,10.1071,16.0000,1.3176,0.3634,5.0321,0.4747,0.4312,0.0941,0.5071,0.0000,4.0921,0.7858,0.5176
5,3,3999,4000,2,2,2,0.6250,3999.634,924.873,396.634,10.0696,21.0000,1.4789,0.5332,6.6623,0.3432,0.2505,0.4063,0.6059,0.3645,5.0714,2.5347,0.7183
3,3,4017,4018,2,1,2,0.7500,4017.705,871.000,398.364,8.2331,16.0000,1.0909,0.7016,5.1875,0.5333,0.2667,0.2000,0.7071,0.0000,5.1879,1.2971,1.0000
4,3,4020,4023,4,1,1,1.0000,4021.528,1011.000,351.000,8.6326,14.0000,1.0566,0.5283,4.5635,0.9375,0.0000,0.0625,1.0000,0.0000,4.7252,0.9772,0.7736
4,3,4023,4024,2,2,2,0.5000,4023.451,892.824,514.255,8.3285,15.0000,1.1765,0.5473,4.8961,0.5916,0.1015,0.3069,0.7071,0.7071,4.4096,1.9589,0.8235
4,3,4024,4025,2,2,2,0.5000,4024.714,977.816,523.449,8.0156,14.0000,1.1429,0.8634,4.5759,0.5916,0.1015,0.3069,0.5000,0.5000,4.5814,1.3065,0.8163
4,3,4027,4028,2,2,1,1.0000,4027.540,772.460,885.000,8.2106,14.0000,1.1200,0.6505,4.6008,0.0000,0.7500,0.2500,1.0000,0.0000,3.6147,0.6546,0.8000
4,3,4027,4028,2,1,2,1.0000,4027.500,793.000,273.519,8.5385,14.0000,1.0769,0.6936,4.5946,0.0000,0.7500,0.2500,0.0000,0.0000,5.2567,0.9850,0.7692
4,3,4031,4032,2,1,2,1.0000,4031.538,1022.000,595.462,8.5850,15.0000,1.1538,0.6527,4.9559,0.0000,0.7500,0.2500,0.0000,0.0000,4.6213,1.6498,0.7885
4,3,4035,4037,3,1,2,0.6667,4036.019,912.000,366.755,8.8014,15.0000,1.1321,0.2460,4.9818,0.5357,0.3214,0.1429,1.0000,0.0000,4.9820,0.8307,0.7736
4,3,4036,4039,4,1,1,1.0000,4037.308,948.000,572.000,8.6494,15.0000,1.1538,1.3077,4.9881,0.9375,0.0000,0.0625,1.0000,0.0000,4.3228,0.4984,0.8269
4,3,4036,4038,3,2,1,0.6667,4037.000,973.824,291.000,8.4798,16.0000,1.2549,0.1765,5.3207,0.5357,0.3214,0.1429,1.0000,0.0000,4.6566,1.3310,0.8235
3,3,4041,4043,3,1,1,1.0000,4042.000,898.000,382.000,8.8856,16.0000,1.0435,0.0000,5.3532,0.8889,0.0000,0.1111,1.0000,0.0000,5.3590,1.0053,1.0000
8,3,4044,4046,3,2,4,0.3333,4045.043,854.202,374.713,11.1575,18.0000,1.5319,1.1001,6.0361,0.4406,0.3722,0.1872,0.5273,0.0847,3.5263,1.3427,0.5106
3,3,4045,4047,3,1,1,1.0000,4045.930,1037.000,558.000,8.3428,16.0000,1.1163,0.9302,5.3714,0.8889,0.0000,0.1111,1.0000,0.0000,5.0412,1.6832,1.0000
6,3,4049,4051,3,2,2,0.5000,4050.247,946.740,498.603,10.0591,15.0000,1.2329,0.9993,5.0666,0.6381,0.1455,0.2164,0.8019,0.3768,4.7259,1.6901,0.5753
7,4,4055,4057,3,3,2,0.3889,4056.264,1050.473,653.099,11.6704,19.0000,1.4615,0.5980,6.4455,0.6188,0.1635,0.2176,0.6691,0.0458,4.7532,2.0350,0.6484
4,3,4056,4058,3,2,1,0.6667,4056.812,758.188,523.000,8.1468,13.0000,1.0833,0.8339,4.4168,0.7500,0.1500,0.1000,0.9487,0.0000,4.0723,0.3411,0.8125
