n_voxels,n_seed,z_min,z_max,z_extent,y_extent,x_extent,fill,centroid_z,centroid_y,centroid_x,snr_cluster,r_peak,r_peak_ratio,peak_offset,snr_peak,linearity,planarity,sphericity,axis_z,normal_z,edge_contrast,decay_drop,seed_grown_ratio
13,3,200,201,2,3,4,0.5417,200.279,136.429,720.701,13.7599,14.0000,1.1818,0.9467,4.5096,0.7039,0.1315,0.1646,0.2092,0.9748,2.5785,0.9668,0.2727
29,4,200,205,6,4,4,0.3021,201.572,746.564,637.741,21.9678,20.0000,1.5804,1.6519,6.4423,0.2242,0.6943,0.0814,0.7583,0.0383,3.5423,0.6471,0.4523
4,3,200,203,4,1,1,1.0000,201.243,753.000,639.000,11.2803,21.0000,1.2000,1.2429,6.7674,0.9375,0.0000,0.0625,1.0000,0.0000,7.4128,1.9354,0.8571
16,3,200,203,4,6,3,0.2222,200.782,762.479,815.793,15.1447,16.0000,1.3617,1.6855,5.1539,0.7059,0.2146,0.0795,0.3453,0.0578,3.5456,1.9335,0.3191
10,3,200,202,3,3,3,0.3704,200.606,768.235,813.326,13.4494,17.0000,1.2879,1.0290,5.4784,0.4368,0.3641,0.1991,0.1189,0.1946,4.0271,0.9665,0.5985
3,3,200,202,3,1,1,1.0000,200.942,779.000,807.000,9.6747,19.0000,1.0962,0.0577,6.1229,0.8889,0.0000,0.1111,1.0000,0.0000,5.1527,1.2896,1.0000
10,4,200,202,3,3,3,0.3704,200.546,781.254,669.900,13.2453,21.0000,1.6154,1.0829,6.7645,0.2761,0.2761,0.4477,0.7800,0.6257,3.0627,0.3221,0.5077
4,3,200,203,4,1,1,1.0000,201.400,783.000,671.000,8.8637,16.0000,1.1636,0.6000,5.1584,0.9375,0.0000,0.0625,1.0000,0.0000,3.3818,-0.0015,0.8182
4,3,200,203,4,1,1,1.0000,201.303,787.000,675.000,12.2475,22.0000,1.1579,1.3026,7.0897,0.9375,0.0000,0.0625,1.0000,0.0000,5.9605,0.3230,0.8289
4,3,200,201,2,1,2,1.0000,200.500,867.000,1051.483,9.3434,16.0000,1.1034,0.6950,5.1561,0.0000,0.7500,0.2500,0.0000,0.0000,4.3484,1.1280,0.7759
34,3,202,205,4,5,7,0.2429,203.144,1246.918,861.870,19.5837,16.0000,1.5367,2.0882,5.1608,0.8015,0.0453,0.1532,0.0273,0.9572,2.5780,0.9675,0.1667
20,3,202,205,4,7,3,0.2381,203.171,1263.166,736.922,15.6524,17.0000,1.5668,0.8549,5.4834,0.7796,0.1017,0.1187,0.2614,0.4409,2.5790,0.9678,0.2120
32,3,204,207,4,4,6,0.3333,205.649,157.783,655.597,19.6974,15.0000,1.3913,1.0938,4.8454,0.5851,0.2028,0.2121,0.0373,0.8604,2.9082,1.1306,0.1275
31,4,205,208,4,3,9,0.2870,205.925,162.687,620.118,20.1894,15.0000,1.3362,2.0050,4.8454,0.8877,0.0611,0.0512,0.0168,0.1768,3.2304,0.9687,0.2845
12,4,206,208,3,4,3,0.3333,206.862,1226.348,586.239,12.8743,15.0000,1.3043,0.4440,4.8479,0.7495,0.0355,0.2150,0.0399,0.3260,3.2309,0.8081,0.4058
41,4,206,209,4,7,7,0.2092,207.229,1242.982,692.015,22.9183,18.0000,1.6256,2.8362,5.8175,0.5579,0.2455,0.1966,0.0356,0.9993,2.9098,0.9699,0.2379
18,3,206,208,3,5,5,0.2400,207.168,1241.879,674.458,14.4751,15.0000,1.4211,1.2566,4.8479,0.3435,0.4436,0.2128,0.0317,0.9757,2.5854,0.6464,0.2895
74,4,206,210,5,9,8,0.2056,208.052,1242.591,752.214,29.8851,15.0000,1.3962,1.3751,4.8505,0.5290,0.3552,0.1158,0.1739,0.9441,2.9122,0.9713,0.2075
37,5,206,210,5,8,5,0.1850,207.499,1243.268,708.074,21.4182,17.0000,1.5608,2.9778,5.4943,0.6837,0.1628,0.1535,0.1547,0.9820,2.5876,0.9678,0.2655
33,3,207,211,5,5,6,0.2200,209.164,1209.223,915.609,21.0087,17.0000,1.5040,1.0581,5.5027,0.4373,0.1720,0.3908,0.0861,0.3555,2.5888,0.6462,0.2735
42,4,207,210,4,5,12,0.1750,208.222,1223.792,873.284,22.5059,16.0000,1.4900,3.1493,5.1739,0.8371,0.1000,0.0629,0.0433,0.9508,2.5863,0.6470,0.2239
45,6,207,210,4,9,8,0.1562,207.984,1228.480,854.859,24.0056,17.0000,1.5361,1.9309,5.4972,0.4939,0.3547,0.1514,0.1353,0.9831,2.5890,0.9695,0.3133
23,3,207,209,3,10,5,0.1533,207.614,1228.809,846.187,16.5835,17.0000,1.5894,1.0325,5.4943,0.9395,0.0144,0.0461,0.0140,0.3657,2.2646,0.9701,0.2358
12,3,207,209,3,4,3,0.3333,207.511,1230.844,835.289,12.5987,15.0000,1.3333,0.6074,4.8479,0.3690,0.4017,0.2293,0.3879,0.7966,2.4232,0.6471,0.3111
23,3,207,211,5,4,4,0.2875,209.510,1231.517,810.147,17.4764,15.0000,1.3320,1.9641,4.8574,0.4408,0.3752,0.1840,0.6928,0.2764,2.5905,0.3237,0.3205
52,14,207,210,4,9,9,0.1605,207.751,1238.462,802.085,27.3505,21.0000,1.7902,2.1678,6.7907,0.4733,0.4158,0.1109,0.0290,0.9993,2.5879,0.6472,0.3443
20,6,207,209,3,4,5,0.3333,207.511,1237.654,810.381,16.6986,16.0000,1.3853,1.9951,5.1711,0.6373,0.1740,0.1887,0.0754,0.9071,2.5850,0.6457,0.3810
17,3,207,208,2,6,3,0.4722,207.540,1243.390,739.037,14.6624,15.0000,1.3636,1.7752,4.8479,0.7742,0.0968,0.1290,0.0610,0.9716,2.2630,0.9685,0.2995
62,6,209,213,5,4,12,0.2583,210.607,175.755,680.527,27.5498,15.0000,1.3881,0.8079,4.8553,0.9232,0.0081,0.0686,0.0165,0.2008,2.5912,0.9723,0.2597
16,5,209,211,3,3,5,0.3556,209.995,176.815,737.326,14.8895,15.0000,1.3043,0.3748,4.8553,0.7505,0.1233,0.1263,0.2166,0.1978,2.9142,0.9718,0.3696
31,5,209,212,4,3,7,0.3690,210.250,177.282,748.512,19.7683,15.0000,1.3676,0.9162,4.8553,0.8189,0.0659,0.1151,0.0080,0.0309,2.5900,0.9693,0.3235
27,3,209,211,3,4,7,0.3214,210.007,183.154,794.630,18.1897,15.0000,1.3870,1.0548,4.8553,0.7214,0.1233,0.1553,0.1716,0.9744,2.7508,0.9702,0.2329
37,5,209,212,4,6,10,0.1542,210.262,184.992,805.549,20.7557,15.0000,1.4231,1.5707,4.8553,0.9209,0.0303,0.0488,0.0767,0.9857,2.5912,1.2947,0.1718
26,8,209,211,3,4,7,0.3095,209.866,199.057,859.295,18.9159,16.0000,1.3960,0.3294,5.1790,0.6785,0.1493,0.1721,0.0432,0.8823,2.9138,0.9715,0.3826
24,4,209,211,3,7,4,0.2857,209.985,202.939,873.582,17.2447,16.0000,1.4713,1.2107,5.1790,0.7176,0.1544,0.1280,0.0078,0.9813,2.7511,0.9706,0.2682
5,4,209,210,2,3,2,0.4167,209.803,1234.268,790.324,10.2769,19.0000,1.3380,0.4641,6.1501,0.7729,0.0435,0.1836,0.2791,0.2890,2.9136,0.3241,0.8592
28,6,210,213,4,4,8,0.2188,210.898,178.603,645.289,18.6644,14.0000,1.2852,1.6201,4.5316,0.7940,0.1010,0.1051,0.0103,0.3962,2.9126,0.9719,0.3016
23,5,210,213,4,3,5,0.3833,211.109,180.371,632.790,16.7464,14.0000,1.2984,1.3678,4.5336,0.5720,0.1883,0.2398,0.2644,0.0112,2.5882,0.6491,0.2661
31,7,210,213,4,4,9,0.2153,211.110,186.780,598.194,20.0665,17.0000,1.5275,0.3136,5.5050,0.7871,0.1051,0.1078,0.0382,0.6325,2.2680,0.9698,0.2957
9,4,210,212,3,2,2,0.7500,211.128,195.486,563.284,11.7664,17.0000,1.4037,0.6011,5.5050,0.4875,0.0908,0.4217,0.9594,0.1156,3.2380,0.8094,0.5229
18,3,210,213,4,6,5,0.1500,211.361,1206.654,588.277,14.5807,16.0000,1.5079,0.5718,5.1812,0.6187,0.2325,0.1487,0.2859,0.9445,2.4302,0.6482,0.2932
38,9,211,213,3,9,5,0.2815,211.926,1204.650,583.118,22.6502,18.0000,1.5870,3.2967,5.8289,0.8852,0.0462,0.0686,0.0839,0.8173,3.2377,0.9709,0.3364
10,4,211,213,3,4,3,0.2778,211.687,1213.078,613.687,11.7798,15.0000,1.3043,0.4496,4.8595,0.8202,0.0310,0.1488,0.5712,0.8208,3.0772,0.4865,0.5913
21,3,211,213,3,4,4,0.4375,212.240,1214.118,634.489,15.6253,16.0000,1.5204,0.5569,5.1835,0.0573,0.5832,0.3595,0.1795,0.9276,2.2669,0.3243,0.2534
6,3,211,212,2,3,1,1.0000,211.544,1215.000,512.000,10.4464,15.0000,1.1392,1.0989,4.8595,0.5556,0.3333,0.1111,0.0000,0.0000,3.4008,0.6481,0.5443
23,4,211,213,3,5,6,0.2556,211.944,1218.794,646.625,16.7524,16.0000,1.4839,1.5890,5.1835,0.5010,0.2406,0.2584,0.0463,0.9628,2.5926,0.6481,0.2782
34,4,211,214,4,9,5,0.1889,212.215,1220.941,669.427,20.6702,18.0000,1.6452,1.2231,5.8314,0.7796,0.1492,0.0712,0.1306,0.9771,2.9147,0.6495,0.1935
82,3,211,215,5,10,8,0.2050,212.739,1223.209,735.317,32.2090,18.0000,1.6400,3.6367,5.8340,0.7284,0.1879,0.0837,0.1021,0.9894,2.5951,0.9725,0.2589
25,5,211,213,3,6,5,0.2778,212.155,1218.921,655.375,17.9490,16.0000,1.4440,0.4140,5.1835,0.7030,0.1558,0.1412,0.1684,0.9836,2.5930,0.6491,0.3032
56,5,211,214,4,8,9,0.1944,212.152,1220.434,662.235,26.5397,17.0000,1.5530,2.3030,5.5074,0.4153,0.4874,0.0973,0.0839,0.9744,2.5932,0.9713,0.2577
57,7,211,214,4,9,8,0.1979,212.208,1221.480,677.414,29.3534,18.0000,1.5000,3.7428,5.8314,0.2377,0.6521,0.1102,0.0983,0.9762,3.2387,0.9728,0.4371
53,4,211,215,5,9,7,0.1683,212.402,1222.078,684.323,26.2153,16.0000,1.4397,2.7221,5.1835,0.6343,0.2882,0.0775,0.2809,0.8874,2.9150,0.6486,0.2666
102,4,211,215,5,12,10,0.1700,212.681,1222.817,744.670,36.7397,19.0000,1.6926,2.6451,6.1554,0.4392,0.5023,0.0585,0.1629,0.9761,2.9163,0.9725,0.3057
135,8,211,215,5,9,16,0.1875,212.590,1223.370,757.213,41.3049,18.0000,1.6408,3.2873,5.8314,0.7689,0.1972,0.0339,0.0319,0.9886,2.5959,0.9728,0.2397
5,3,212,214,3,2,1,0.8333,212.803,940.344,228.000,8.8409,14.0000,1.1475,0.3965,4.5375,0.5854,0.2927,0.1220,0.9487,0.0000,3.2397,0.9727,0.6557
20,7,212,216,5,5,4,0.2000,214.004,1098.004,1060.966,17.2562,15.0000,1.2605,1.0048,4.8638,0.3637,0.1469,0.4894,0.9168,0.2543,2.7557,0.3240,0.4160
72,5,212,216,5,8,11,0.1636,213.435,1193.399,900.217,31.0216,20.0000,1.7734,2.8451,6.4850,0.6967,0.2018,0.1014,0.0154,0.9887,2.9164,0.6489,0.3054
51,6,212,215,4,9,9,0.1574,213.175,1198.876,883.609,25.6441,21.0000,1.8956,1.7970,6.8063,0.7172,0.2044,0.0784,0.0325,0.9987,2.2693,0.3254,0.2619
18,4,212,215,4,3,5,0.3000,213.165,1197.755,889.855,15.2798,16.0000,1.4400,0.3291,5.1857,0.5571,0.2250,0.2179,0.1004,0.6060,2.4307,0.6493,0.2950
32,4,212,215,4,6,7,0.1905,213.039,1202.508,874.573,20.5119,18.0000,1.6089,1.5682,5.8340,0.8067,0.0442,0.1491,0.0039,0.5978,2.5934,0.6466,0.3855
60,6,212,215,4,9,11,0.1515,213.156,1205.856,863.080,27.6597,16.0000,1.4523,3.4634,5.1857,0.8358,0.0995,0.0647,0.0610,0.9678,2.5947,0.9732,0.2753
21,5,212,215,4,6,3,0.2917,213.210,1214.622,792.206,16.4808,14.0000,1.2618,1.2811,4.5395,0.7870,0.0417,0.1713,0.2261,0.4269,2.5933,0.6486,0.3391
17,3,212,214,3,5,3,0.3778,213.278,1213.738,799.722,14.7015,15.0000,1.3636,0.4726,4.8616,0.5664,0.0562,0.3774,0.0297,0.5490,2.5924,0.3248,0.2246
18,4,213,215,3,4,3,0.5000,213.792,194.971,698.425,15.8189,17.0000,1.4783,1.1326,5.5123,0.5402,0.1241,0.3357,0.1903,0.2480,2.5932,0.6479,0.3092
24,3,213,215,3,4,5,0.4000,213.910,194.969,706.348,16.9434,16.0000,1.5000,1.1202,5.1857,0.5072,0.1811,0.3117,0.2494,0.8709,2.2716,0.6487,0.2188
39,5,213,217,5,3,8,0.3250,214.133,197.314,657.487,22.6912,16.0000,1.4279,0.6153,5.1880,0.8181,0.0761,0.1058,0.0721,0.3440,2.5944,0.9728,0.2654
19,5,213,215,3,3,5,0.4222,213.553,197.048,748.654,15.4698,16.0000,1.4615,0.6541,5.1857,0.4916,0.2360,0.2724,0.3627,0.8766,2.5932,0.6469,0.3365
29,3,213,215,3,4,9,0.2685,213.637,200.511,774.305,18.7229,15.0000,1.3987,2.3893,4.8638,0.9094,0.0269,0.0637,0.0811,0.6267,2.5939,0.6486,0.2283
40,4,213,214,2,6,10,0.3333,213.491,204.218,801.674,21.8356,15.0000,1.4085,3.7153,4.8638,0.8752,0.0844,0.0404,0.0086,0.9976,2.5923,0.9715,0.1315
30,3,213,216,4,3,7,0.3571,214.513,203.958,612.048,18.3562,16.0000,1.5484,1.0699,5.1903,0.7023,0.0604,0.2373,0.1889,0.1928,2.2693,0.9715,0.1419
12,4,213,216,4,2,3,0.5000,214.587,1032.713,1120.769,13.3888,16.0000,1.3427,0.5529,5.1903,0.3552,0.3921,0.2527,0.9061,0.2911,2.9187,0.6491,0.4056
12,3,213,216,4,3,2,0.5000,213.935,1116.662,1035.597,13.0105,15.0000,1.2950,0.5299,4.8659,0.5482,0.2126,0.2391,0.9555,0.2664,2.5939,0.6471,0.3094
16,3,213,215,3,3,5,0.3556,213.886,1130.309,1022.754,14.1853,16.0000,1.4629,0.8229,5.1880,0.7008,0.1042,0.1950,0.4182,0.1920,1.9462,0.3241,0.2457
13,4,213,216,4,4,3,0.2708,214.566,1143.118,1004.368,13.6730,18.0000,1.5395,1.3064,5.8365,0.4801,0.3434,0.1765,0.0657,0.2638,2.2718,0.3236,0.4079
12,3,213,214,2,4,5,0.3000,213.328,1164.290,964.496,12.2584,16.0000,1.4656,0.9262,5.1857,0.8009,0.0572,0.1419,0.0786,0.9741,2.2675,0.3243,0.3206
28,4,213,217,5,9,4,0.1556,215.439,1170.439,541.637,19.2535,16.0000,1.4268,1.6614,5.1903,0.8287,0.0720,0.0992,0.1786,0.3447,2.5956,0.6481,0.3121
46,5,213,217,5,6,9,0.1704,215.156,1183.694,576.401,24.8252,16.0000,1.4181,1.3753,5.1903,0.6218,0.2037,0.1745,0.1057,0.9316,3.2453,0.9740,0.2678
17,4,213,215,3,4,4,0.3542,213.538,1184.933,921.974,15.3322,16.0000,1.3949,1.5166,5.1880,0.7122,0.0520,0.2358,0.3056,0.9062,2.5924,0.9715,0.3744
11,4,213,216,4,4,2,0.3438,213.892,1187.608,918.731,12.7089,15.0000,1.2692,0.4878,4.8638,0.6130,0.2379,0.1491,0.7065,0.1379,2.9165,0.4870,0.4308
4,3,213,215,3,2,1,0.6667,214.000,1192.212,527.000,8.4306,15.0000,1.1538,0.2115,4.8638,0.5357,0.3214,0.1429,1.0000,0.0000,3.2430,0.0009,0.7885
8,4,213,215,3,4,1,0.6667,214.000,1206.981,556.000,11.8080,14.0000,1.0874,0.9806,4.5415,0.4615,0.4615,0.0769,0.0000,0.0000,3.5653,0.6486,0.6602
11,3,213,216,4,3,3,0.3056,214.519,1213.458,788.160,12.8102,17.0000,1.4275,1.0883,5.5123,0.5587,0.2051,0.2362,0.5818,0.4595,2.5956,0.6472,0.4427
6,3,213,214,2,2,3,0.5000,213.319,1215.333,779.580,9.1311,14.0000,1.2174,0.6240,4.5375,0.6854,0.0214,0.2932,0.3377,0.6213,2.4323,0.3251,0.5942
15,3,213,215,3,3,6,0.2778,213.940,1217.750,698.512,14.0648,16.0000,1.4286,0.5728,5.1880,0.8407,0.1063,0.0530,0.3510,0.8413,2.5949,0.6492,0.3333
99,4,214,218,5,6,19,0.1737,215.668,215.628,732.103,34.3411,17.0000,1.5983,5.1842,5.5147,0.9483,0.0290,0.0227,0.0311,0.9870,2.5972,1.2959,0.1709
19,3,214,217,4,3,6,0.2639,215.383,220.085,772.801,14.9613,18.0000,1.7015,0.8919,5.8391,0.7557,0.0910,0.1533,0.1468,0.3043,2.1090,0.4879,0.2239
4,3,214,216,3,1,2,0.6667,214.902,1058.000,1106.275,8.2717,14.0000,1.0980,0.9428,4.5415,0.5357,0.3214,0.1429,1.0000,0.0000,3.5669,0.6484,0.8235
9,4,214,216,3,2,3,0.5000,214.679,1091.726,1069.896,11.4603,15.0000,1.2736,1.1815,4.8659,0.3331,0.3784,0.2885,0.0709,0.3814,2.5929,0.6488,0.5283
31,5,214,217,4,8,5,0.1938,215.482,1189.970,602.701,21.2706,18.0000,1.5288,1.3856,5.8391,0.6940,0.2092,0.0968,0.1663,0.9686,2.9206,0.6485,0.4027
41,4,214,217,4,8,5,0.2562,215.510,1199.774,656.986,22.4484,16.0000,1.4808,0.9273,5.1903,0.7497,0.1487,0.1016,0.0462,0.9916,2.2731,0.6499,0.2483
169,8,215,218,4,6,32,0.2201,215.943,215.799,674.391,46.0335,18.0000,1.6497,8.3936,5.8417,0.9870,0.0040,0.0090,0.0019,0.8630,2.5978,0.9728,0.2527
83,7,215,219,5,5,18,0.1844,215.802,214.901,699.275,30.8823,16.0000,1.5317,3.8380,5.1926,0.9405,0.0314,0.0281,0.0309,0.8326,2.5957,0.6507,0.1638
26,5,215,217,3,3,7,0.4127,215.664,215.279,713.816,18.0095,15.0000,1.3781,1.2617,4.8681,0.7697,0.0978,0.1325,0.0315,0.6678,2.5941,0.6491,0.2367
23,3,215,218,4,4,6,0.2396,216.216,218.629,647.188,16.5810,15.0000,1.4082,0.4691,4.8681,0.6306,0.1535,0.2159,0.4026,0.8265,2.2724,0.4877,0.1714
26,4,215,217,3,3,6,0.4815,215.731,217.738,653.618,19.1556,18.0000,1.5548,0.5360,5.8417,0.7837,0.0629,0.1534,0.0728,0.0666,2.5970,0.8103,0.3289
56,5,215,217,3,4,18,0.2593,215.519,218.571,761.687,26.0589,17.0000,1.5840,5.3553,5.5147,0.9759,0.0097,0.0145,0.0127,0.9576,2.5963,0.9730,0.2280
57,5,215,218,4,5,10,0.2850,216.110,219.147,639.442,26.5668,16.0000,1.4757,1.4534,5.1926,0.7571,0.0261,0.2168,0.0609,0.9160,2.5975,0.9738,0.2023
39,5,215,217,3,6,10,0.2167,216.012,221.904,622.412,22.0865,16.0000,1.4682,3.7294,5.1903,0.8037,0.1199,0.0764,0.0122,0.9980,2.5978,0.8113,0.3176
39,11,215,218,4,4,7,0.3482,216.024,220.696,631.760,23.5937,16.0000,1.3744,1.8927,5.1926,0.7509,0.0912,0.1578,0.1090,0.5329,2.9200,0.9717,0.4383
113,6,215,217,3,8,24,0.1962,215.967,225.761,605.160,36.8493,16.0000,1.4979,4.0323,5.1926,0.9842,0.0034,0.0124,0.0176,0.9942,2.5957,0.6498,0.2336
83,6,215,218,4,6,16,0.2161,216.469,235.274,684.540,31.9603,16.0000,1.4805,2.6089,5.1949,0.8942,0.0643,0.0415,0.0457,0.9974,2.5976,0.9753,0.2152
167,11,215,218,4,5,34,0.2456,216.279,234.948,708.948,44.9338,16.0000,1.4936,13.0973,5.1949,0.9875,0.0048,0.0077,0.0018,0.9935,2.5980,0.9736,0.2208
41,4,215,218,4,4,10,0.2562,216.499,236.032,671.494,22.1540,15.0000,1.4073,3.5412,4.8702,0.9010,0.0412,0.0578,0.0963,0.9948,2.5966,0.9732,0.1625
12,4,215,217,3,3,4,0.3333,216.341,235.848,732.780,12.3685,14.0000,1.2727,0.8649,4.5436,0.5328,0.0966,0.3706,0.2321,0.0102,1.9490,0.6482,0.4091
85,22,215,219,5,4,15,0.2833,216.632,237.596,654.430,33.9435,19.0000,1.6753,3.6474,6.1663,0.9235,0.0241,0.0524,0.0120,0.5001,2.5992,1.2967,0.4295
58,4,215,218,4,5,15,0.1933,216.468,239.698,639.767,26.3836,16.0000,1.4992,0.6040,5.1926,0.9589,0.0120,0.0291,0.0165,0.9667,2.2725,0.6499,0.2359
44,8,215,220,6,5,9,0.1630,216.892,241.902,625.218,23.9833,18.0000,1.6163,1.8669,5.8417,0.7535,0.1075,0.1389,0.1340,0.3615,2.5983,0.9742,0.2653
25,3,215,217,3,5,7,0.2381,216.208,243.168,791.032,18.1110,15.0000,1.3441,1.2927,4.8681,0.8537,0.0438,0.1024,0.0108,0.9984,2.5960,0.9732,0.2509
15,5,215,217,3,4,5,0.2500,216.118,244.864,799.964,14.1622,15.0000,1.3314,0.9812,4.8702,0.6388,0.0790,0.2822,0.0579,0.8617,2.5956,0.9745,0.4201
25,5,215,217,3,4,8,0.2604,215.900,249.442,817.108,17.4594,16.0000,1.4870,1.0009,5.1926,0.8703,0.0166,0.1131,0.0124,0.0999,2.5957,0.4870,0.2639
205,9,215,219,5,5,46,0.1783,216.776,255.200,690.691,49.7708,17.0000,1.5877,11.7441,5.5172,0.9940,0.0022,0.0037,0.0135,0.9717,2.5972,0.9741,0.2082
13,3,215,217,3,3,4,0.3611,216.109,256.159,843.188,12.4221,13.0000,1.2246,0.2697,4.2209,0.5471,0.1917,0.2612,0.4696,0.8776,2.5959,0.3264,0.2826
27,7,215,218,4,6,4,0.2812,216.328,256.609,751.580,19.8020,17.0000,1.4479,0.6608,5.5172,0.7111,0.0583,0.2306,0.2390,0.5129,3.2448,0.6503,0.4826
25,3,215,217,3,5,6,0.2778,215.911,264.896,871.569,17.4595,14.0000,1.3011,0.4525,4.5436,0.6865,0.1329,0.1805,0.2869,0.8816,2.5975,0.9745,0.1487
9,4,215,217,3,2,4,0.3750,216.010,275.653,900.208,10.9262,14.0000,1.2475,0.4042,4.5436,0.7442,0.0000,0.2558,0.0000,1.0000,2.5963,1.2972,0.5248
17,3,215,217,3,5,4,0.2833,216.027,308.612,959.777,14.7981,14.0000,1.2660,0.6518,4.5436,0.7137,0.0269,0.2594,0.2702,0.8540,2.9209,0.8121,0.2872
12,4,215,217,3,2,5,0.4000,216.156,314.656,928.312,11.9927,14.0000,1.3125,0.7844,4.5436,0.7145,0.1410,0.1445,0.2874,0.1686,2.4353,0.8116,0.4141
9,3,215,216,2,3,3,0.5000,215.505,919.864,243.000,11.1401,15.0000,1.3107,1.0008,4.8659,0.7100,0.1135,0.1765,0.0606,0.2789,2.5952,0.9732,0.4078
12,3,215,217,3,3,3,0.4444,215.674,1178.848,574.841,12.9269,17.0000,1.4783,0.9144,5.5172,0.3304,0.1195,0.5501,0.3598,0.8737,2.5947,0.6486,0.3261
27,4,215,217,3,9,4,0.2500,215.671,1190.696,609.089,19.5464,19.0000,1.6390,3.4918,6.1663,0.8880,0.0474,0.0646,0.1072,0.9052,2.9187,0.6488,0.4345
17,10,215,217,3,5,3,0.3778,215.667,1191.521,617.263,16.7633,20.0000,1.5962,0.8619,6.4879,0.7335,0.1153,0.1513,0.2681,0.9322,3.2444,0.6497,0.6714
45,3,215,217,3,8,7,0.2679,215.605,1194.996,625.792,23.9920,16.0000,1.4516,2.0882,5.1926,0.3710,0.5309,0.0982,0.1748,0.9842,2.9198,0.9733,0.3105
14,3,215,218,4,5,3,0.2333,216.446,1193.018,641.042,14.5747,16.0000,1.3333,1.5542,5.1972,0.6340,0.1986,0.1674,0.5337,0.2003,2.5965,0.3253,0.4345
4,3,215,216,2,3,1,0.6667,215.490,1195.039,621.000,8.2739,14.0000,1.0980,0.5113,4.5436,0.7576,0.1294,0.1129,0.5257,0.0000,2.9196,0.1626,0.7843
8,4,215,217,3,3,2,0.4444,216.214,1195.864,777.913,11.8195,17.0000,1.3204,0.8944,5.5172,0.4479,0.3131,0.2390,0.5093,0.1254,3.0835,0.6502,0.5728
16,3,215,218,4,4,3,0.3333,216.731,1195.782,805.601,15.6641,22.0000,1.8238,0.6937,7.1430,0.5399,0.2213,0.2388,0.5671,0.0790,2.2734,0.0018,0.2798
45,3,215,219,5,10,6,0.1500,216.146,1201.367,770.865,23.2236,17.0000,1.5937,1.3083,5.5172,0.7447,0.1177,0.1376,0.0349,0.9993,2.5957,0.6502,0.2062
72,3,215,218,4,7,13,0.1978,216.505,1195.617,821.074,29.5336,16.0000,1.4922,3.2759,5.1926,0.8758,0.0871,0.0372,0.0126,0.9927,2.5980,0.9732,0.1982
44,3,215,217,3,10,7,0.2095,215.800,1199.677,662.177,24.2652,16.0000,1.4194,2.0591,5.1926,0.7654,0.1729,0.0617,0.0508,0.9977,2.9209,0.6507,0.2520
26,3,215,218,4,6,6,0.1806,216.756,1200.166,734.261,18.0183,15.0000,1.3781,1.4016,4.8724,0.8409,0.0145,0.1446,0.2191,0.5405,2.5986,0.6509,0.2509
36,9,215,218,4,8,4,0.2812,215.904,1202.844,684.330,22.6086,17.0000,1.4641,0.3773,5.5172,0.8019,0.0533,0.1447,0.0249,0.7946,2.5975,0.3251,0.4163
29,4,215,217,3,5,7,0.2762,216.178,1201.061,794.608,18.9249,17.0000,1.5701,1.2355,5.5172,0.7519,0.1278,0.1203,0.0056,0.9943,2.2722,0.9723,0.1911
39,8,215,218,4,8,6,0.2031,216.080,1201.737,688.734,23.2824,15.0000,1.3058,2.4557,4.8681,0.4613,0.4289,0.1099,0.1999,0.9771,2.5981,0.6489,0.3147
8,3,215,218,4,2,2,0.5000,216.485,1200.768,721.758,11.3619,14.0000,1.1313,0.5898,4.5456,0.6000,0.1500,0.2500,1.0000,0.0000,2.5975,0.3261,0.4141
31,3,215,218,4,7,6,0.1845,215.926,1203.572,697.717,19.7593,14.0000,1.2802,0.5183,4.5436,0.8988,0.0268,0.0744,0.1722,0.8143,2.5961,0.6479,0.2360
23,4,215,219,5,6,4,0.1917,216.509,1202.111,701.523,18.8845,19.0000,1.5663,1.3050,6.1690,0.5775,0.1801,0.2424,0.3523,0.5505,2.9196,1.2967,0.4301
96,4,215,218,4,10,16,0.1500,216.116,1203.848,759.640,34.8474,18.0000,1.6426,5.1159,5.8417,0.8237,0.1404,0.0360,0.0121,0.9997,2.5986,0.6495,0.2595
50,6,215,218,4,8,10,0.1562,216.249,1201.335,785.785,25.6591,15.0000,1.3417,2.8745,4.8702,0.3349,0.5992,0.0659,0.0284,0.9982,2.5952,0.9719,0.3506
5,3,215,216,2,2,2,0.6250,215.621,1204.242,674.273,9.5775,16.0000,1.2121,0.7205,5.1926,0.3432,0.2505,0.4063,0.6059,0.3645,3.8933,0.6491,0.7273
18,5,215,217,3,5,4,0.3000,216.111,1203.990,767.372,15.8352,14.0000,1.2174,0.6378,4.5436,0.6878,0.0754,0.2368,0.0691,0.3002,2.2731,0.0012,0.3865
40,3,215,217,3,8,8,0.2083,216.000,1205.359,730.377,22.5782,16.0000,1.4545,2.4042,5.1926,0.4601,0.4509,0.0891,0.0067,0.9748,2.5943,0.9719,0.2273
20,4,216,219,4,3,4,0.4167,217.013,248.843,594.638,16.6258,15.0000,1.3100,0.3953,4.8702,0.5816,0.1429,0.2755,0.4840,0.2041,2.9204,0.6462,0.2969
22,9,216,218,3,4,5,0.3667,216.756,254.748,572.760,17.3038,14.0000,1.2320,0.4250,4.5476,0.7208,0.1268,0.1524,0.1120,0.3580,2.9206,0.9735,0.5320
41,4,216,219,4,4,10,0.2562,216.863,256.944,657.391,21.9041,16.0000,1.5185,1.2262,5.1949,0.8931,0.0169,0.0900,0.1260,0.8637,2.5969,0.9728,0.1343
18,3,216,218,3,4,5,0.3000,217.044,256.906,665.744,15.5356,15.0000,1.3300,0.2763,4.8724,0.4372,0.1827,0.3801,0.0148,0.7073,2.5981,0.6486,0.2167
66,7,216,220,5,5,12,0.2200,217.166,259.099,646.952,29.0972,18.0000,1.6319,4.0527,5.8443,0.8650,0.0700,0.0649,0.0935,0.4489,2.9221,0.8116,0.2843
80,11,216,219,4,5,14,0.2857,217.152,260.901,633.191,32.2372,19.0000,1.7117,1.2052,6.1690,0.9320,0.0213,0.0467,0.0406,0.7587,2.5983,0.9728,0.2590
32,3,216,220,5,5,8,0.1600,217.434,261.783,551.073,19.5759,14.0000,1.3138,2.6607,4.5456,0.8368,0.0673,0.0959,0.2074,0.4846,2.5983,0.9732,0.1935
68,3,216,219,4,6,17,0.1667,217.271,263.895,617.118,27.8011,15.0000,1.4448,7.1437,4.8702,0.9756,0.0061,0.0183,0.0105,0.5440,2.2724,0.9741,0.1374
61,4,216,220,5,6,13,0.1564,217.409,267.441,600.826,27.5252,19.0000,1.7508,4.1519,6.1690,0.9220,0.0370,0.0411,0.0060,0.0783,2.5992,0.6497,0.2372
16,3,216,218,3,3,4,0.4444,217.195,269.707,591.339,14.1249,16.0000,1.4713,0.4889,5.1949,0.5302,0.2905,0.1793,0.1330,0.4188,2.5983,0.9723,0.2414
52,5,216,220,5,5,13,0.1600,217.212,272.696,583.242,25.8920,16.0000,1.4470,2.9517,5.1972,0.9303,0.0504,0.0193,0.0523,0.1416,2.9202,0.9732,0.2922
8,3,216,218,3,3,2,0.4444,217.138,276.989,570.532,10.7912,15.0000,1.2766,0.9807,4.8724,0.4702,0.2602,0.2696,0.9107,0.1045,2.2722,0.3243,0.4468
27,9,216,219,4,4,7,0.2411,217.513,279.838,561.073,19.6248,15.0000,1.2898,2.1626,4.8702,0.8297,0.0392,0.1311,0.0670,0.5478,2.9234,0.8116,0.4777
21,4,216,218,3,3,6,0.3889,216.561,284.126,863.215,15.7969,14.0000,1.3184,1.0607,4.5456,0.6924,0.1061,0.2016,0.0163,0.9995,2.5978,0.6509,0.2422
18,3,216,221,6,4,4,0.1875,217.818,1079.680,1050.808,15.5409,17.0000,1.5074,1.4807,5.5196,0.6091,0.1094,0.2815,0.7985,0.0537,2.7615,0.4874,0.3596
13,3,216,218,3,7,2,0.3095,217.134,1101.369,440.940,13.4184,15.0000,1.3087,1.6210,4.8724,0.8469,0.1077,0.0454,0.1390,0.1814,2.9214,0.3253,0.4564
17,4,216,219,4,5,4,0.2125,217.589,1139.886,967.638,14.5720,15.0000,1.3784,0.5593,4.8724,0.3061,0.2248,0.4691,0.2520,0.6887,2.4376,0.3260,0.2973
43,3,216,220,5,6,9,0.1593,217.335,1171.565,902.767,22.7797,16.0000,1.4957,5.3636,5.1949,0.8701,0.0628,0.0670,0.0182,0.0109,2.4349,0.6485,0.2457
24,4,216,219,4,6,4,0.2500,216.971,1175.432,891.712,18.4244,15.0000,1.2950,1.3318,4.8724,0.5555,0.1671,0.2774,0.2396,0.6389,2.7577,0.6501,0.4029
49,3,216,218,3,8,10,0.2042,216.565,1186.692,857.621,25.1813,16.0000,1.4438,2.5159,5.1949,0.8331,0.1251,0.0418,0.0230,0.9955,2.9206,0.9730,0.2836
14,3,216,219,4,3,3,0.3889,216.724,1190.288,848.006,14.1426,16.0000,1.3742,0.7793,5.1926,0.3872,0.2649,0.3479,0.7441,0.3901,2.7582,0.4869,0.2699
4,3,216,217,2,2,1,1.0000,216.473,1195.527,639.000,8.9267,15.0000,1.0909,0.6685,4.8681,0.0000,0.7500,0.2500,1.0000,0.0000,2.9226,0.3247,0.7818
10,4,216,218,3,5,3,0.2222,216.983,1199.043,725.122,11.8074,15.0000,1.3043,0.9644,4.8702,0.7585,0.1521,0.0894,0.2956,0.6928,2.7594,0.6489,0.4696
32,3,217,219,3,4,12,0.2222,218.359,274.682,713.964,19.3542,14.0000,1.3294,5.2540,4.5476,0.9551,0.0203,0.0246,0.0140,0.6611,2.6003,1.2987,0.1602
55,3,217,220,4,3,16,0.2865,218.479,275.003,696.571,25.7157,15.0000,1.4055,3.7436,4.8745,0.9669,0.0078,0.0253,0.0019,0.1868,2.9257,1.2983,0.2300
77,5,217,220,4,6,21,0.1528,218.422,276.737,750.844,29.5824,15.0000,1.4456,2.9136,4.8745,0.9740,0.0147,0.0113,0.0040,0.9939,2.6006,0.9749,0.1189
48,3,217,220,4,5,16,0.1500,218.195,281.293,779.977,24.0070,14.0000,1.3125,1.2214,4.5476,0.9635,0.0143,0.0222,0.0185,0.9997,2.9244,0.8128,0.2324
22,3,217,220,4,5,6,0.1833,218.284,891.928,249.996,16.3458,17.0000,1.5847,2.0255,5.5221,0.4859,0.2702,0.2439,0.2339,0.9723,2.5998,0.9727,0.1864
3,3,217,218,2,2,1,0.7500,217.310,1115.690,461.000,7.8742,16.0000,1.1429,0.4377,5.1949,0.5333,0.2667,0.2000,0.7071,0.0000,3.5731,0.8116,1.0000
6,3,217,218,2,3,2,0.5000,217.694,1130.792,495.736,9.5466,16.0000,1.3333,0.8887,5.1972,0.6381,0.1455,0.2164,0.3327,0.3629,2.7605,0.3247,0.6111
8,3,217,219,3,4,2,0.3333,217.688,1156.365,552.802,11.0235,16.0000,1.3333,0.8030,5.1949,0.5074,0.3123,0.1803,0.2951,0.0437,2.9245,0.9735,0.4688
22,3,217,220,4,6,5,0.1833,217.939,1163.539,576.774,15.9278,18.0000,1.7217,1.6543,5.8469,0.6098,0.1962,0.1940,0.0828,0.8004,2.5976,0.6497,0.1957
11,5,217,219,3,4,2,0.4583,218.137,1180.623,654.603,14.2999,22.0000,1.6575,0.7517,7.1462,0.6406,0.1379,0.2215,0.2287,0.3798,3.4107,0.6485,0.6233
22,6,218,219,2,3,7,0.5238,218.473,276.247,737.724,16.5549,15.0000,1.3808,0.6443,4.8745,0.7780,0.1145,0.1075,0.1449,0.9778,2.5988,0.9749,0.3473
35,9,218,220,3,4,8,0.3646,218.598,281.519,629.757,22.1328,15.0000,1.3027,1.9172,4.8745,0.8199,0.0905,0.0896,0.0103,0.8728,3.0863,0.6519,0.3474
23,3,218,221,4,3,6,0.3194,219.156,285.840,610.262,16.5347,14.0000,1.3197,1.2819,4.5496,0.7566,0.0982,0.1451,0.1183,0.1708,2.2780,0.9736,0.2172
26,6,218,220,3,4,7,0.3095,218.884,287.449,602.837,17.5890,16.0000,1.5072,1.0086,5.1995,0.8233,0.0851,0.0916,0.0542,0.5332,2.2734,0.6506,0.3007
7,3,218,220,3,2,2,0.5833,218.552,457.770,339.391,10.6838,17.0000,1.3678,0.6376,5.5245,0.5694,0.1270,0.3036,0.8963,0.4170,3.2480,0.9743,0.5287
10,4,218,220,3,4,2,0.4167,218.977,1144.543,692.767,13.2564,20.0000,1.5504,0.5136,6.4994,0.3800,0.3031,0.3169,0.0000,0.0000,2.9241,0.6505,0.5039
7,3,218,220,3,3,2,0.3889,218.824,1152.106,609.635,10.4394,15.0000,1.2353,0.9816,4.8745,0.7348,0.1163,0.1489,0.5363,0.2107,3.2477,0.0008,0.4941
9,3,218,220,3,4,2,0.3750,219.146,1157.573,675.188,10.3996,14.0000,1.3125,0.6202,4.5496,0.5986,0.1671,0.2343,0.0751,0.1849,2.2744,0.4873,0.4167
7,4,218,219,2,2,3,0.5833,218.711,1158.456,636.833,11.0530,16.0000,1.2444,0.6385,5.1995,0.3883,0.1309,0.4808,0.1253,0.7549,3.5744,0.3254,0.6444
30,5,218,220,3,7,8,0.1786,219.351,1165.273,734.904,19.1074,15.0000,1.3975,3.1281,4.8745,0.3898,0.5172,0.0930,0.0711,0.9974,2.6006,0.8121,0.2888
16,5,218,221,4,5,4,0.2000,219.479,1163.820,724.964,15.7642,19.0000,1.5670,1.4053,6.1744,0.3868,0.4312,0.1819,0.5529,0.8116,3.2505,0.9741,0.4485
21,5,218,221,4,5,3,0.3500,219.373,1164.928,708.805,16.7384,17.0000,1.5127,1.3916,5.5245,0.6789,0.1087,0.2124,0.1109,0.7177,2.6023,0.6492,0.3093
29,7,218,221,4,6,7,0.1726,219.365,1169.739,844.348,18.7099,16.0000,1.4968,1.6636,5.2017,0.6427,0.2528,0.1045,0.0159,0.9943,2.5996,0.9741,0.3129
6,3,218,219,2,3,2,0.5000,218.133,1175.853,622.467,9.9463,15.0000,1.2000,0.5070,4.8724,0.3810,0.3333,0.2857,0.0000,0.8452,3.0854,0.8114,0.5467
17,4,218,220,3,4,5,0.2833,219.031,1178.562,808.485,15.2906,14.0000,1.2268,1.5482,4.5515,0.6329,0.2424,0.1246,0.1225,0.9710,2.9250,0.9738,0.4124
25,4,218,219,2,6,7,0.2976,218.711,1184.945,755.285,18.9108,16.0000,1.3746,2.3040,5.1995,0.7696,0.1655,0.0649,0.0172,0.9957,3.2477,0.9746,0.3471
5,3,219,221,3,1,2,0.8333,219.797,508.000,1077.542,8.5774,14.0000,1.1864,0.5793,4.5515,0.5854,0.2927,0.1220,0.9487,0.0000,3.5744,0.3250,0.6780
9,3,219,222,4,2,2,0.5625,220.755,823.725,293.461,11.0572,15.0000,1.3235,0.9260,4.8787,0.6265,0.2302,0.1434,0.9803,0.0319,2.2744,0.3259,0.4314
11,3,219,222,4,4,3,0.2292,220.172,968.041,297.246,11.9598,15.0000,1.3525,1.0049,4.8766,0.6120,0.2559,0.1321,0.4880,0.1328,2.6031,0.6509,0.4426
12,3,219,222,4,5,2,0.3000,220.936,978.355,372.092,13.2382,15.0000,1.2766,1.0053,4.8766,0.7270,0.2100,0.0631,0.4648,0.0586,3.2516,0.9755,0.3901
23,3,219,223,5,7,4,0.1643,220.689,1067.828,1036.086,18.1051,17.0000,1.4644,0.7156,5.5269,0.8391,0.0404,0.1206,0.3913,0.6463,2.6031,0.9745,0.4232
7,3,219,221,3,3,2,0.3889,220.293,1078.085,531.280,10.0774,17.0000,1.4512,0.4143,5.5269,0.2843,0.4935,0.2222,0.8778,0.4790,2.9275,0.6495,0.5366
9,3,219,220,2,4,3,0.3750,219.096,1103.462,531.327,11.2660,15.0000,1.2981,0.5737,4.8745,0.6565,0.2403,0.1032,0.1295,0.9827,2.9244,1.2996,0.4038
6,4,219,221,3,3,2,0.3333,219.987,1107.908,471.487,10.0870,16.0000,1.2632,1.1958,5.2017,0.6378,0.1768,0.1854,0.4780,0.2815,2.7634,-0.1640,0.7500
32,3,219,221,3,7,6,0.2540,220.342,1108.319,602.867,19.8306,15.0000,1.3913,1.1339,4.8787,0.5193,0.3692,0.1115,0.0019,0.9827,2.6024,0.9746,0.2406
86,4,219,222,4,11,13,0.1503,220.387,1110.207,613.659,33.8710,18.0000,1.6025,2.9461,5.8520,0.6419,0.3220,0.0361,0.0392,0.9908,2.9265,0.9752,0.2547
16,3,219,220,2,6,5,0.2667,219.611,1113.051,564.793,16.0902,18.0000,1.4545,2.4110,5.8520,0.8612,0.0471,0.0917,0.0285,0.9991,3.2502,0.9757,0.3838
28,3,219,222,4,6,5,0.2333,220.769,1112.290,639.218,18.6223,16.0000,1.4785,2.2487,5.2040,0.2605,0.4518,0.2877,0.1623,0.9787,2.4403,0.9749,0.1881
27,4,219,221,3,6,5,0.3000,219.983,1117.488,637.609,18.5823,15.0000,1.3636,1.4819,4.8766,0.0809,0.5952,0.3238,0.0017,0.9941,2.9265,0.9748,0.2323
48,4,219,223,5,8,6,0.2000,220.483,1118.833,651.279,24.6878,17.0000,1.5513,2.8090,5.5269,0.2491,0.5083,0.2426,0.1653,0.9851,2.6020,0.9741,0.2947
58,5,219,223,5,11,7,0.1506,220.652,1118.172,657.605,26.5171,15.0000,1.4010,1.3983,4.8807,0.8463,0.0735,0.0802,0.1643,0.8809,2.6020,0.6505,0.2061
58,5,219,222,4,9,7,0.2302,220.644,1121.075,673.882,27.8407,17.0000,1.5123,2.7154,5.5292,0.6154,0.2829,0.1017,0.1439,0.9895,2.9257,0.6509,0.2684
92,5,219,222,4,10,13,0.1769,220.565,1124.506,699.912,35.0897,20.0000,1.7778,3.6968,6.5049,0.5920,0.3575,0.0504,0.0024,0.9964,2.9265,0.9755,0.3198
13,4,219,220,2,6,2,0.5417,219.476,1125.587,597.273,12.8912,14.0000,1.2727,0.6861,4.5515,0.8684,0.0147,0.1169,0.1674,0.7504,2.2770,0.6495,0.3846
25,3,219,222,4,6,5,0.2083,220.406,1123.852,858.922,18.4043,18.0000,1.5901,1.1613,5.8520,0.3876,0.4402,0.1722,0.0282,0.9399,2.6013,0.9749,0.2756
50,5,219,223,5,11,6,0.1515,220.979,1122.886,709.522,25.7119,16.0000,1.4311,5.1041,5.2040,0.9149,0.0393,0.0458,0.1542,0.9524,2.9260,0.8142,0.3453
31,8,219,223,5,5,7,0.1771,220.622,1128.506,848.097,21.1432,19.0000,1.6271,0.6301,6.1797,0.7266,0.1359,0.1374,0.1996,0.2298,2.6030,0.6512,0.4006
27,6,219,222,4,5,5,0.2700,220.377,1133.111,827.775,19.7744,19.0000,1.6234,0.9915,6.1771,0.3983,0.1937,0.4080,0.2777,0.9286,2.9257,1.1376,0.4525
22,3,219,222,4,6,6,0.1528,220.067,1136.162,815.275,16.6357,16.0000,1.4667,2.5212,5.2017,0.5347,0.3209,0.1443,0.0206,0.9413,2.6013,0.6506,0.2458
8,4,219,220,2,4,3,0.3333,219.426,1137.426,635.505,11.6064,16.0000,1.2673,0.9563,5.2017,0.7625,0.0833,0.1543,0.2920,0.9564,3.0876,0.4873,0.5842
37,3,219,223,5,5,7,0.2114,220.708,1138.318,879.016,22.8824,18.0000,1.5561,2.1300,5.8520,0.8473,0.0522,0.1005,0.1767,0.3190,2.9267,0.6506,0.3435
30,4,219,223,5,7,4,0.2143,220.514,1141.144,867.473,18.9388,14.0000,1.3166,0.7309,4.5572,0.4337,0.2704,0.2959,0.1317,0.2767,2.9268,1.2993,0.2508
16,3,219,220,2,5,3,0.5333,219.486,1143.887,681.198,14.3829,15.0000,1.3559,0.5366,4.8745,0.5751,0.2067,0.2182,0.0241,0.9411,2.6004,0.6502,0.3107
34,3,219,221,3,7,5,0.3238,219.797,1144.178,702.456,20.0703,14.0000,1.3222,2.0622,4.5515,0.6560,0.2247,0.1193,0.1250,0.9236,2.6008,0.6504,0.1500
24,3,219,221,3,7,3,0.3810,220.063,1144.039,770.039,16.9229,15.0000,1.4118,1.9622,4.8766,0.8257,0.0131,0.1612,0.1450,0.7996,2.2780,0.4883,0.2196
21,3,219,221,3,4,6,0.2917,219.879,1144.276,774.741,16.9549,16.0000,1.4059,2.0798,5.1995,0.8043,0.0522,0.1434,0.0429,0.9963,2.9257,0.9749,0.2971
16,8,219,221,3,4,5,0.2667,219.934,1143.859,780.813,16.0924,17.0000,1.3737,0.2434,5.5269,0.5242,0.1897,0.2861,0.0495,0.9985,2.9264,0.9749,0.5859
27,3,219,223,5,6,4,0.2250,220.591,1144.935,917.660,18.2116,16.0000,1.4845,1.3181,5.2040,0.5542,0.3287,0.1171,0.1926,0.1594,2.9234,0.6502,0.2818
18,6,219,221,3,4,4,0.3750,219.721,1145.459,757.743,17.0096,17.0000,1.3784,0.6604,5.5269,0.0526,0.5968,0.3505,0.2546,0.9563,2.9256,0.9755,0.4685
25,4,219,221,3,6,5,0.2778,219.884,1145.980,718.744,19.0504,18.0000,1.5358,0.7533,5.8520,0.5884,0.2101,0.2016,0.1620,0.9850,2.9242,0.6505,0.4061
49,3,219,221,3,5,11,0.2970,219.844,1146.509,735.913,24.9852,17.0000,1.5483,4.1219,5.5269,0.8707,0.0825,0.0468,0.0126,0.9987,2.9265,0.9760,0.2082
22,3,219,221,3,6,8,0.1528,219.904,1146.517,747.000,16.6345,16.0000,1.4667,3.3481,5.2017,0.7489,0.1945,0.0567,0.0686,0.9861,2.6010,0.9757,0.3417
15,5,219,221,3,4,3,0.4167,219.870,1144.757,765.183,14.1855,16.0000,1.4201,0.7901,5.2017,0.6086,0.0988,0.2927,0.4903,0.7742,2.6001,0.4865,0.4142
7,3,219,220,2,3,3,0.3889,219.708,1146.010,753.125,11.7950,19.0000,1.3854,0.3175,6.1771,0.3086,0.2321,0.4593,0.3827,0.9239,2.6014,0.9749,0.5000
35,4,219,222,4,6,6,0.2431,220.703,1148.630,908.333,21.1084,17.0000,1.5495,2.8289,5.5269,0.5972,0.1680,0.2348,0.3356,0.9012,2.2791,0.6509,0.2318
28,3,219,221,3,6,5,0.3111,219.953,1155.040,822.575,18.4930,14.0000,1.3023,2.4889,4.5515,0.6424,0.1295,0.2282,0.0172,0.9984,2.7633,0.9751,0.2259
21,4,219,221,3,4,6,0.2917,219.479,1153.761,894.957,16.5973,14.0000,1.2564,1.3766,4.5515,0.7310,0.1673,0.1018,0.1313,0.9307,2.9238,0.6499,0.3974
13,4,219,220,2,4,5,0.3250,219.507,1155.903,889.389,12.9816,18.0000,1.6250,0.7999,5.8494,0.6693,0.1600,0.1707,0.1597,0.9122,1.6267,0.4885,0.4097
28,3,219,221,3,4,8,0.2917,220.062,1158.584,811.387,18.7396,17.0000,1.5607,0.7438,5.5269,0.7173,0.1914,0.0913,0.0692,0.9630,2.9265,1.3010,0.2426
17,3,219,220,2,6,5,0.2833,219.714,1163.201,765.228,14.9009,15.0000,1.3492,2.3501,4.8766,0.5386,0.3487,0.1127,0.1039,0.9830,2.6006,0.9745,0.4921
13,5,219,220,2,5,4,0.3250,219.282,1163.417,866.571,14.0620,17.0000,1.4167,0.8633,5.5245,0.8274,0.0806,0.0920,0.1299,0.8473,2.6009,0.9749,0.4679
15,3,219,221,3,5,4,0.2500,219.541,1166.134,744.987,13.1764,14.0000,1.3376,1.0216,4.5496,0.6775,0.1101,0.2124,0.1263,0.3304,2.5988,0.4879,0.2548
16,3,219,221,3,4,4,0.3333,219.544,1166.641,717.544,15.8459,16.0000,1.3128,0.8484,5.1995,0.4753,0.3581,0.1666,0.2286,0.8173,3.2510,0.9749,0.4308
4,3,219,221,3,1,2,0.6667,219.788,1188.000,557.788,8.4520,15.0000,1.1538,0.2992,4.8766,0.7500,0.1500,0.1000,0.9487,0.0000,3.2517,0.3266,0.7885
28,8,220,223,4,3,6,0.3889,221.506,299.310,641.785,19.4273,17.0000,1.5063,0.6315,5.5292,0.7253,0.0929,0.1818,0.2931,0.4759,2.9270,1.1378,0.3576
50,6,220,224,5,4,12,0.2083,221.776,300.972,633.136,26.0886,19.0000,1.6755,1.1618,6.1797,0.8804,0.0697,0.0499,0.0662,0.2711,2.6039,0.9759,0.3192
70,4,220,224,5,5,17,0.1647,221.635,304.067,617.778,29.6301,16.0000,1.4698,4.4006,5.2040,0.9704,0.0066,0.0231,0.0294,0.5646,2.7654,0.8141,0.2060
11,5,220,221,2,3,3,0.6111,220.562,348.238,907.769,12.7462,17.0000,1.4385,0.9085,5.5292,0.5136,0.1527,0.3338,0.0912,0.9351,3.2511,1.2990,0.5385
8,3,220,221,2,3,2,0.6667,220.410,990.771,1051.581,12.0712,19.0000,1.4476,0.6289,6.1797,0.4396,0.1507,0.4097,0.2015,0.5411,2.9276,0.6520,0.4857
14,3,220,224,5,4,4,0.1750,221.450,1029.838,396.331,13.9107,18.0000,1.5750,1.4962,5.8520,0.7174,0.1588,0.1238,0.8494,0.4209,2.7633,0.3267,0.2875
8,4,220,223,4,2,2,0.5000,221.410,1054.750,988.560,11.5012,18.0000,1.4400,0.6513,5.8544,0.4829,0.3092,0.2079,1.0000,0.0000,2.6019,0.3254,0.5900
15,3,220,223,4,5,4,0.1875,221.388,1058.341,984.741,14.2786,14.0000,1.2353,1.8799,4.5535,0.7128,0.1588,0.1285,0.1826,0.8061,2.6006,0.0006,0.3882
12,3,220,222,3,5,2,0.4000,220.805,1087.489,476.361,12.4864,16.0000,1.4436,1.5660,5.2040,0.8030,0.0847,0.1124,0.0484,0.5075,2.2770,0.4871,0.3233
13,4,220,223,4,5,2,0.3250,221.099,1096.387,461.338,12.8099,15.0000,1.3732,2.0261,4.8827,0.6190,0.2830,0.0980,0.4302,0.0300,2.6017,0.6505,0.3873
17,7,220,223,4,5,4,0.2125,221.284,1097.173,921.899,16.4098,20.0000,1.6346,0.3473,6.5049,0.7590,0.0704,0.1706,0.3290,0.0634,2.9272,0.6502,0.5048
51,9,220,223,4,9,9,0.1574,221.641,1101.414,865.273,27.5157,18.0000,1.5199,1.8878,5.8569,0.8705,0.0634,0.0661,0.0455,0.9665,2.6033,0.8120,0.4801
21,3,220,225,6,4,5,0.1750,221.538,1105.046,907.945,16.8956,17.0000,1.5000,1.9853,5.5338,0.6677,0.1826,0.1497,0.6770,0.1873,2.5993,0.6482,0.3067
89,7,220,224,5,8,12,0.1854,221.788,1104.358,854.334,34.1769,18.0000,1.6165,4.6845,5.8569,0.8067,0.1182,0.0751,0.0419,0.9888,2.9264,0.9754,0.2381
79,18,220,224,5,8,13,0.1519,222.924,1106.383,715.892,33.1063,18.0000,1.5730,3.9410,5.8593,0.8962,0.0595,0.0443,0.0191,0.9910,2.9294,0.9767,0.3662
46,3,220,223,4,12,5,0.1917,221.108,1116.331,809.942,23.8827,18.0000,1.6627,1.6732,5.8544,0.8649,0.0321,0.1030,0.0559,0.9926,2.2789,0.6508,0.1747
12,6,220,222,3,3,2,0.6667,220.930,1113.399,488.483,13.4259,16.0000,1.3427,1.2225,5.2017,0.4653,0.1966,0.3381,0.8978,0.1861,3.0902,0.3250,0.5734
113,16,220,224,5,8,17,0.1662,221.301,1114.718,819.657,39.6582,20.0000,1.7438,5.8644,6.5103,0.8994,0.0659,0.0347,0.0270,0.9945,2.9252,0.9758,0.3650
15,3,220,224,5,3,4,0.2500,221.197,1116.124,930.376,14.9493,16.0000,1.3483,1.2605,5.2017,0.7182,0.0977,0.1840,0.8787,0.3156,2.6008,0.6488,0.4663
57,4,220,222,3,9,7,0.3016,220.818,1120.008,666.412,27.1814,17.0000,1.5357,2.0424,5.5292,0.6436,0.2711,0.0853,0.0906,0.9953,2.9252,0.6517,0.2726
27,10,220,222,3,5,6,0.3000,220.608,1117.965,876.293,19.6512,17.0000,1.4618,0.6761,5.5269,0.8011,0.0602,0.1386,0.1692,0.9572,2.6005,0.6490,0.4586
33,9,220,223,4,6,5,0.2750,221.082,1118.587,804.924,20.8362,18.0000,1.6141,1.2285,5.8544,0.5784,0.1893,0.2322,0.0926,0.7875,2.2781,0.3262,0.3505
15,3,220,223,4,3,5,0.2500,221.519,1118.448,698.083,15.2034,20.0000,1.6575,1.1450,6.5049,0.7529,0.0842,0.1629,0.3199,0.4665,2.6031,0.3247,0.2818
62,5,220,224,5,6,11,0.1879,220.774,1121.366,867.772,29.1182,19.0000,1.6709,1.0239,6.1797,0.9191,0.0072,0.0737,0.0850,0.9104,2.6013,0.6493,0.2823
10,3,220,223,4,5,3,0.1667,221.527,1119.893,727.786,11.5219,13.0000,1.1607,0.5787,4.2300,0.7018,0.1997,0.0985,0.4284,0.3562,2.7646,0.3255,0.3482
54,3,220,222,3,6,12,0.2500,221.078,1120.688,797.189,25.9375,18.0000,1.6587,1.2322,5.8544,0.9248,0.0350,0.0402,0.0601,0.9978,2.6031,0.9755,0.1775
24,7,220,222,3,5,5,0.3200,220.388,1125.971,853.359,18.3191,15.0000,1.3043,1.7479,4.8787,0.2950,0.4934,0.2116,0.2026,0.9731,2.9277,0.9753,0.4058
9,3,220,223,4,2,3,0.3750,221.056,1127.897,904.336,11.6007,15.0000,1.2617,1.1131,4.8787,0.5616,0.2994,0.1391,0.9565,0.1079,2.6037,0.6508,0.4019
4,3,220,221,2,3,1,0.6667,220.233,1129.917,518.000,9.7542,21.0000,1.4000,0.2478,6.8273,0.5357,0.3214,0.1429,0.0000,0.0000,3.5768,0.3258,0.8333
8,4,220,222,3,2,2,0.6667,220.743,1132.552,523.629,12.0729,18.0000,1.3714,0.7136,5.8544,0.4396,0.1507,0.4097,0.8641,0.2943,2.7623,-0.3240,0.6190
10,4,220,221,2,3,3,0.5556,220.172,1141.845,793.724,11.9267,15.0000,1.2931,0.3604,4.8766,0.1500,0.5955,0.2545,0.2020,0.9452,2.9262,1.2992,0.4828
4,3,220,221,2,2,2,0.5000,220.510,1141.255,874.824,8.2921,16.0000,1.2549,0.5967,5.2017,0.5916,0.1015,0.3069,0.7071,0.7071,2.9270,0.1629,0.8235
11,3,220,223,4,3,3,0.3056,221.822,1146.039,559.589,12.6548,15.0000,1.2791,0.6168,4.8807,0.7504,0.0559,0.1937,0.8351,0.2751,2.6020,0.6514,0.4341
22,3,220,224,5,4,6,0.1833,221.614,1151.152,577.439,18.3111,19.0000,1.5833,1.9074,6.1771,0.2134,0.4655,0.3211,0.0340,0.0966,2.7656,0.3256,0.4167
4,3,220,221,2,2,1,1.0000,220.471,1166.490,632.000,8.2919,14.0000,1.0980,0.6938,4.5515,0.0000,0.7500,0.2500,1.0000,0.0000,2.9269,0.1622,0.7843
4,3,220,222,3,2,1,0.6667,220.647,1192.275,572.000,8.2925,14.0000,1.0980,0.7029,4.5515,0.7500,0.1500,0.1000,0.9487,0.0000,3.7394,0.3252,0.8039
25,4,221,223,3,3,8,0.3472,221.528,296.351,666.030,17.6323,15.0000,1.3838,1.1348,4.8807,0.8822,0.0035,0.1143,0.0600,0.9952,2.7650,1.2994,0.2546
42,10,221,223,3,4,8,0.4375,221.676,296.824,656.921,23.3936,19.0000,1.7124,2.2601,6.1823,0.8373,0.0715,0.0912,0.0060,0.9077,2.6035,1.1395,0.3648
65,10,221,225,5,5,11,0.2364,222.739,372.969,722.857,30.4396,16.0000,1.3793,3.8657,5.2082,0.8502,0.0656,0.0842,0.0064,0.9763,3.2548,0.9766,0.4469
108,10,221,225,5,7,16,0.1929,222.964,372.247,709.577,35.7698,17.0000,1.6077,2.5375,5.5338,0.8739,0.0839,0.0422,0.0319,0.9910,2.6036,0.9766,0.1953
88,5,221,224,4,7,19,0.1654,222.663,381.085,778.233,32.5441,15.0000,1.4072,9.2621,4.8827,0.9480,0.0331,0.0189,0.0409,0.9989,2.6047,0.6529,0.1791
35,11,221,224,4,4,8,0.2734,222.488,394.481,742.531,22.8844,18.0000,1.5144,0.8301,5.8593,0.7895,0.0900,0.1205,0.0014,0.7145,2.9279,1.3010,0.4712
10,3,221,222,2,4,3,0.4167,221.560,979.358,1061.927,11.2135,14.0000,1.2844,0.7821,4.5554,0.5713,0.1302,0.2985,0.0632,0.7392,2.2759,0.3261,0.3670
19,3,221,224,4,4,2,0.5938,222.140,1036.760,980.656,16.4981,19.0000,1.6335,0.8461,6.1823,0.2465,0.4730,0.2805,0.9389,0.0665,2.6025,-0.0013,0.2851
7,3,221,223,3,3,2,0.3889,222.148,1050.864,515.593,9.9622,13.0000,1.1235,0.9668,4.2317,0.5347,0.2774,0.1879,0.6008,0.3730,2.9275,0.6493,0.4815
6,3,221,222,2,3,3,0.3333,221.819,1082.000,476.028,9.5635,15.0000,1.2500,0.1827,4.8807,0.0000,0.4667,0.5333,0.0000,1.0000,3.2529,1.3011,0.5694
16,3,221,226,6,4,4,0.1667,223.225,1092.434,529.277,14.0796,14.0000,1.2948,2.0339,4.5607,0.7494,0.1651,0.0856,0.7737,0.0446,2.4405,0.0015,0.3121
87,3,221,225,5,11,10,0.1582,223.061,1100.258,670.284,32.5264,16.0000,1.4936,5.3824,5.2103,0.4307,0.5123,0.0569,0.0815,0.9933,2.6065,0.9769,0.1556
32,6,221,224,4,6,7,0.1905,222.613,1101.456,662.496,21.6904,19.0000,1.6127,0.7773,6.1848,0.5496,0.2440,0.2063,0.0530,0.9658,2.9312,0.9758,0.3899
65,12,221,225,5,7,11,0.1688,222.970,1105.017,693.865,31.2095,17.0000,1.4295,1.8658,5.5338,0.7743,0.1395,0.0862,0.0277,0.9964,3.2517,0.6522,0.4916
40,3,221,225,5,8,6,0.1667,223.184,1105.622,752.555,22.9050,16.0000,1.4382,0.6119,5.2082,0.6711,0.1676,0.1612,0.1621,0.9831,2.6053,0.6523,0.2854
14,4,221,224,4,3,3,0.3889,222.228,1108.911,983.835,13.7412,15.0000,1.3291,0.8705,4.8846,0.3407,0.3446,0.3148,0.7514,0.0095,2.9291,1.3005,0.3544
7,3,221,223,3,2,2,0.5833,222.024,1119.476,735.869,10.3307,15.0000,1.2500,0.5405,4.8807,0.4600,0.2645,0.2756,1.0000,0.0000,2.9270,0.3261,0.5000
11,5,221,223,3,5,3,0.2444,221.536,1131.529,529.217,13.5361,17.0000,1.3551,0.7461,5.5315,0.7041,0.0329,0.2630,0.3317,0.3612,2.9288,0.8137,0.5435
10,3,221,223,3,3,2,0.5556,221.937,1141.892,559.351,11.4210,14.0000,1.2613,0.3730,4.5554,0.4987,0.2197,0.2816,0.7143,0.5244,2.2795,0.6500,0.3604
4,3,221,223,3,1,2,0.6667,221.900,1148.000,577.740,8.1342,14.0000,1.1200,0.9368,4.5554,0.5357,0.3214,0.1429,1.0000,0.0000,2.7648,0.1622,0.8200
19,4,221,224,4,8,2,0.2969,222.471,1168.467,683.948,15.6790,17.0000,1.5381,1.5599,5.5338,0.7891,0.1821,0.0289,0.0117,0.0259,2.6035,0.0014,0.2762
13,3,221,224,4,5,2,0.3250,222.245,1170.338,694.619,12.5453,16.0000,1.4964,0.5653,5.2061,0.6338,0.2499,0.1163,0.3351,0.3126,2.2781,0.4874,0.3022
7,4,221,223,3,2,2,0.5833,221.881,1209.548,758.131,10.3300,15.0000,1.2500,0.5755,4.8807,0.5916,0.2044,0.2040,0.9664,0.1591,3.9027,0.6508,0.6429
57,4,222,226,5,4,13,0.2192,223.335,315.560,670.798,26.2607,16.0000,1.4975,2.8522,5.2082,0.9096,0.0416,0.0489,0.0420,0.2817,2.6051,0.9758,0.1856
61,7,222,225,4,5,14,0.2179,223.568,319.387,641.581,27.4718,15.0000,1.3885,6.5914,4.8846,0.9611,0.0029,0.0360,0.0554,0.6566,2.6055,0.9779,0.2291
17,3,222,225,4,3,5,0.2833,223.396,323.594,621.031,15.1605,16.0000,1.4167,0.5681,5.2082,0.4448,0.3162,0.2390,0.2466,0.1836,2.2815,0.6522,0.3854
91,3,222,225,4,8,18,0.1580,223.447,354.241,744.857,33.1053,15.0000,1.4072,1.2925,4.8846,0.8714,0.0998,0.0289,0.0189,0.9939,2.6049,0.9773,0.1536
195,13,222,226,5,7,36,0.1548,223.665,354.438,678.239,50.2940,17.0000,1.5369,2.8372,5.5359,0.9901,0.0040,0.0059,0.0091,0.9886,2.9291,0.9769,0.2661
159,11,222,226,5,7,27,0.1683,223.697,352.887,711.237,45.7308,20.0000,1.7956,9.3083,6.5129,0.9686,0.0199,0.0115,0.0027,0.9969,2.6064,0.9771,0.2739
30,10,222,225,4,4,7,0.2679,223.431,354.583,732.055,20.6853,17.0000,1.4655,0.6020,5.5359,0.8282,0.0527,0.1192,0.0323,0.7363,2.2809,0.9765,0.4282
21,4,222,224,3,3,7,0.3333,223.166,360.515,774.659,16.2676,15.0000,1.3755,0.8531,4.8827,0.7866,0.0991,0.1142,0.1135,0.5242,2.2790,0.9759,0.2533
73,11,222,225,4,9,11,0.1843,223.447,360.643,781.551,29.6840,14.0000,1.3119,3.0668,4.5590,0.8246,0.1222,0.0532,0.0335,0.9965,2.6049,0.6517,0.2567
67,7,222,228,7,6,8,0.1994,224.430,361.861,632.203,28.9670,16.0000,1.4725,1.6428,5.2103,0.6696,0.0246,0.3058,0.1356,0.9907,2.2823,0.6521,0.1758
17,3,222,224,3,4,6,0.2361,223.317,368.817,804.183,14.6863,15.0000,1.3710,0.8955,4.8846,0.8442,0.0121,0.1437,0.1275,0.6165,2.2795,0.3264,0.3011
151,6,222,225,4,7,29,0.1860,222.960,374.572,742.211,43.5223,16.0000,1.4705,10.3754,5.2082,0.9651,0.0242,0.0107,0.0176,0.9783,2.9284,0.6525,0.2203
47,3,222,224,3,6,12,0.2176,222.941,377.583,765.329,23.3601,16.0000,1.5285,3.6186,5.2082,0.7817,0.1627,0.0556,0.0009,0.9945,2.2786,0.9750,0.1199
12,3,222,224,3,4,3,0.3333,222.756,380.573,799.260,12.3086,14.0000,1.2824,0.5566,4.5572,0.5141,0.2715,0.2144,0.4110,0.2899,2.4414,0.8135,0.3053
13,3,222,224,3,2,4,0.5417,222.947,386.740,794.620,13.5419,15.0000,1.3000,0.6744,4.8827,0.5923,0.2661,0.1416,0.2940,0.4143,2.9279,1.3008,0.2933
69,8,222,226,5,6,13,0.1769,223.606,389.795,603.987,29.9462,16.0000,1.4450,3.2775,5.2082,0.9267,0.0163,0.0570,0.0055,0.4261,2.6061,1.3002,0.2762
54,5,222,226,5,8,7,0.1929,223.184,391.803,725.222,25.6940,17.0000,1.5828,1.9656,5.5359,0.5253,0.3270,0.1477,0.1545,0.9877,2.6044,0.9781,0.1983
147,7,222,226,5,7,26,0.1615,223.322,393.209,683.125,43.2575,17.0000,1.5512,5.4390,5.5338,0.9739,0.0140,0.0121,0.0180,0.9893,2.9277,0.9758,0.2669
41,3,222,225,4,4,10,0.2562,222.880,392.286,821.531,22.4179,15.0000,1.3946,3.7080,4.8807,0.9264,0.0208,0.0528,0.0386,0.8672,2.2799,0.6516,0.1882
38,4,222,227,6,5,7,0.1810,223.943,393.890,594.479,22.1863,16.0000,1.4476,1.9667,5.2082,0.5122,0.3026,0.1851,0.1097,0.4489,2.7681,0.6517,0.2976
45,3,222,225,4,4,10,0.2812,223.145,393.730,734.039,23.3903,15.0000,1.4004,2.0623,4.8827,0.8319,0.0930,0.0750,0.1434,0.9209,2.6059,1.1378,0.2282
39,3,222,225,4,5,9,0.2167,223.046,397.122,758.356,21.3712,14.0000,1.3317,0.6570,4.5572,0.7620,0.1269,0.1111,0.1118,0.9692,2.7671,0.9760,0.2268
25,4,222,224,3,4,8,0.2604,222.938,400.569,776.724,18.8793,15.0000,1.2931,0.8450,4.8827,0.8519,0.0723,0.0758,0.0532,0.7421,3.2533,0.9768,0.3759
40,4,222,224,3,6,8,0.2778,222.747,402.172,840.446,22.3864,15.0000,1.3793,2.8216,4.8827,0.7467,0.1759,0.0774,0.0707,0.9934,2.6039,0.6520,0.3103
104,4,222,226,5,7,17,0.1748,223.114,412.483,731.580,35.8150,16.0000,1.4831,9.4329,5.2082,0.9111,0.0607,0.0282,0.0383,0.9724,2.6063,0.9773,0.1979
26,4,222,224,3,6,6,0.2407,222.868,412.930,866.158,17.4270,16.0000,1.5238,0.2169,5.2082,0.4833,0.3383,0.1785,0.1002,0.9709,2.6025,0.6521,0.2161
24,4,222,225,4,4,6,0.2500,222.906,415.565,761.757,16.9429,15.0000,1.4118,1.2582,4.8807,0.7826,0.0905,0.1270,0.3020,0.0149,2.2781,0.6502,0.2118
15,3,222,225,4,5,5,0.1500,223.250,425.853,850.686,13.1127,14.0000,1.3462,1.7367,4.5590,0.7947,0.0538,0.1514,0.0985,0.2848,2.6039,0.6519,0.2564
152,7,222,225,4,6,28,0.2262,223.045,431.334,707.899,43.1427,18.0000,1.6744,9.2524,5.8593,0.9742,0.0146,0.0112,0.0012,0.9964,2.6049,0.9766,0.1799
148,6,222,227,6,7,21,0.1678,223.402,432.066,683.299,42.7110,19.0000,1.7619,4.0664,6.1823,0.9540,0.0200,0.0260,0.0159,0.9995,2.6049,0.6531,0.2061
62,5,222,225,4,4,12,0.3229,222.920,432.515,730.664,27.5318,14.0000,1.3033,4.4594,4.5572,0.9195,0.0306,0.0500,0.0368,0.9928,2.6051,0.6522,0.2988
11,3,222,225,4,4,2,0.3438,223.119,436.381,591.542,11.5818,15.0000,1.3983,1.2674,4.8827,0.1895,0.5137,0.2969,0.4742,0.2329,2.2773,0.6516,0.3644
45,3,222,224,3,7,14,0.1531,222.779,440.708,771.499,24.1147,17.0000,1.5392,3.5768,5.5338,0.9341,0.0372,0.0287,0.0274,0.9996,2.6051,0.9761,0.2656
5,3,222,223,2,1,3,0.8333,222.627,440.000,908.119,8.5876,13.0000,1.1017,0.6382,4.2317,0.5854,0.2927,0.1220,0.3162,0.0000,3.5787,0.9765,0.6610
41,3,222,224,3,5,9,0.3037,223.230,450.726,708.294,22.1160,17.0000,1.6023,2.4378,5.5338,0.7096,0.1883,0.1022,0.0302,0.9991,2.2799,0.8133,0.1908
44,5,222,225,4,5,9,0.2444,223.437,450.425,722.738,24.1481,18.0000,1.6098,0.9570,5.8593,0.6677,0.2065,0.1258,0.0103,0.9930,2.9290,0.9754,0.2602
103,14,222,226,5,6,18,0.1907,223.581,452.984,675.364,36.9254,19.0000,1.7003,2.6068,6.1872,0.9539,0.0160,0.0300,0.0126,0.2394,2.9291,0.9774,0.2754
12,4,222,224,3,3,5,0.2667,223.293,459.529,587.386,13.1570,17.0000,1.4571,1.0755,5.5359,0.7745,0.0986,0.1269,0.1241,0.5480,2.2785,0.9758,0.4429
30,4,222,224,3,7,8,0.1786,222.909,462.480,933.828,18.9576,18.0000,1.6928,0.5557,5.8593,0.6476,0.2578,0.0946,0.1114,0.9905,2.6028,0.9760,0.2445
7,3,222,224,3,2,3,0.3889,222.818,465.648,786.159,10.8261,17.0000,1.3523,0.4272,5.5338,0.5347,0.2774,0.1879,0.6008,0.3730,2.6045,0.9762,0.5341
22,5,222,223,2,3,8,0.4583,222.408,466.772,840.688,17.3458,15.0000,1.3200,0.5620,4.8807,0.9135,0.0172,0.0693,0.0641,0.9779,2.9289,0.6508,0.3280
20,3,222,224,3,3,9,0.2469,222.927,474.558,812.767,14.9937,14.0000,1.3592,0.9514,4.5572,0.8886,0.0771,0.0343,0.0991,0.7325,2.2790,0.8132,0.1942
9,3,222,224,3,2,3,0.5000,223.241,495.315,968.074,11.7196,17.0000,1.4167,0.4032,5.5338,0.1855,0.5455,0.2689,0.4619,0.5199,3.2549,0.9765,0.5278
6,3,222,224,3,2,1,1.0000,222.897,919.526,284.000,10.3650,17.0000,1.3077,1.0151,5.5315,0.5556,0.3333,0.1111,1.0000,0.0000,3.5811,0.9767,0.6026
7,3,222,225,4,2,2,0.4375,223.977,925.897,715.678,10.7079,18.0000,1.4483,0.3388,5.8616,0.7514,0.0882,0.1604,0.9757,0.1283,2.9319,0.3260,0.5287
47,3,222,226,5,5,7,0.2686,224.853,946.823,706.617,24.1852,15.0000,1.3851,1.3361,4.8865,0.6104,0.1851,0.2046,0.1406,0.9897,2.9327,0.6523,0.2220
13,3,222,224,3,4,3,0.3611,222.839,1070.686,565.219,12.3678,13.0000,1.2336,0.7379,4.2317,0.4919,0.2029,0.3051,0.2729,0.9527,2.6040,0.6509,0.2847
14,4,222,223,2,4,4,0.4375,222.510,1086.794,595.929,13.4819,18.0000,1.6258,0.9355,5.8593,0.3561,0.4364,0.2075,0.3255,0.9455,2.2765,0.3250,0.3935
12,3,222,224,3,4,4,0.2500,222.763,1089.111,605.659,12.6845,15.0000,1.3333,1.3135,4.8827,0.7200,0.1181,0.1620,0.3626,0.9214,2.7657,0.6506,0.3037
47,3,222,225,4,6,9,0.2176,222.813,1092.848,623.097,24.9257,16.0000,1.4324,3.0298,5.2082,0.7967,0.1307,0.0726,0.1097,0.9891,3.2549,0.6513,0.2343
3,3,222,223,2,1,2,0.7500,222.333,1095.000,930.333,7.8912,14.0000,1.0000,0.4714,4.5572,0.5333,0.2667,0.2000,0.7071,0.0000,3.5788,1.3011,1.0000
9,3,222,225,4,3,3,0.2500,223.248,1097.129,653.594,10.9600,14.0000,1.2475,0.8646,4.5590,0.2039,0.3114,0.4848,0.5774,0.2113,2.6037,0.4878,0.3960
20,5,222,224,3,5,5,0.2667,222.627,1100.809,655.800,16.3747,17.0000,1.5111,1.0340,5.5315,0.5718,0.2674,0.1608,0.1317,0.9755,2.4419,0.6503,0.3778
37,9,222,225,4,5,6,0.3083,223.600,1100.248,800.555,23.5518,20.0000,1.6818,0.7873,6.5103,0.4825,0.1792,0.3383,0.1441,0.9777,3.2561,0.9752,0.3682
9,3,222,224,3,5,2,0.3000,222.692,1106.757,707.907,11.6086,16.0000,1.3458,1.2841,5.2082,0.6712,0.2161,0.1127,0.2329,0.1858,2.2771,0.3262,0.4112
11,3,223,225,3,3,4,0.3056,223.720,317.752,652.240,12.2718,14.0000,1.2320,0.8471,4.5590,0.6699,0.2020,0.1281,0.0237,0.1349,2.6059,0.6521,0.3200
48,5,223,226,4,6,8,0.2500,223.905,321.926,627.288,24.6753,16.0000,1.4629,1.6796,5.2103,0.8420,0.0463,0.1117,0.1072,0.9916,2.6064,1.3012,0.2362
13,4,223,225,3,2,4,0.5417,223.877,330.779,597.045,13.9081,15.0000,1.2662,0.9875,4.8846,0.3617,0.4254,0.2130,0.1790,0.1237,2.6046,0.3255,0.3571
62,5,223,227,5,5,14,0.1771,224.304,333.371,690.347,27.7948,16.0000,1.4762,2.6962,5.2103,0.8807,0.0733,0.0459,0.0108,0.9027,2.7683,0.9756,0.2634
19,3,223,225,3,4,4,0.3958,224.224,333.358,700.746,15.0175,14.0000,1.3234,0.4928,4.5590,0.6507,0.0546,0.2947,0.0447,0.0930,2.6055,0.8132,0.2637
48,4,223,225,3,4,11,0.3636,223.863,333.835,710.776,24.7690,14.0000,1.2751,1.9673,4.5607,0.8837,0.0633,0.0530,0.0369,0.9011,2.9291,0.6524,0.2581
28,4,223,226,4,4,8,0.2188,224.201,334.414,584.350,19.0174,15.0000,1.3592,1.3173,4.8846,0.6486,0.2137,0.1377,0.1851,0.5680,2.9301,0.6521,0.2751
51,5,223,225,3,5,12,0.2833,224.331,338.329,647.967,26.3140,16.0000,1.4142,1.1336,5.2123,0.9268,0.0370,0.0361,0.0084,0.9995,2.9314,0.9762,0.2981
25,3,223,225,3,4,9,0.2315,223.961,365.309,857.232,16.8680,14.0000,1.3514,2.5875,4.5607,0.7699,0.1777,0.0524,0.0486,0.9585,2.4437,0.9766,0.2587
24,3,223,225,3,3,6,0.4444,224.085,366.562,612.089,17.1502,17.0000,1.5814,1.0143,5.5359,0.6360,0.1916,0.1724,0.0870,0.2486,2.2780,0.6510,0.2674
83,22,223,227,5,7,11,0.2156,224.453,369.813,602.832,33.3189,19.0000,1.6921,0.5179,6.1872,0.8668,0.0804,0.0528,0.0289,0.2346,2.6069,0.9765,0.3391
48,3,223,227,5,6,10,0.1600,224.131,373.027,592.539,24.3484,15.0000,1.3900,1.2532,4.8827,0.8535,0.0638,0.0827,0.0327,0.4164,2.6044,0.6525,0.1853
33,6,223,228,6,4,6,0.2292,224.636,380.198,574.421,19.7885,14.0000,1.3238,1.8703,4.5590,0.4442,0.2796,0.2762,0.0626,0.1933,2.2791,0.6546,0.2292
27,3,223,226,4,5,6,0.2250,223.936,386.919,559.614,18.4871,14.0000,1.2814,1.8670,4.5590,0.7977,0.1002,0.1021,0.0880,0.0969,2.2800,0.6513,0.2780
7,3,223,225,3,2,3,0.3889,223.571,400.130,879.805,9.4757,13.0000,1.1818,0.9959,4.2334,0.6814,0.1697,0.1489,0.6007,0.0391,2.6036,0.6519,0.5065
15,3,223,226,4,4,4,0.2344,224.195,407.402,562.402,14.2106,16.0000,1.4201,0.6016,5.2103,0.4917,0.1585,0.3498,0.6232,0.2355,2.6051,0.9758,0.3314
28,4,223,227,5,5,6,0.1867,224.238,407.401,522.132,18.5869,15.0000,1.3907,1.6224,4.8846,0.6734,0.1391,0.1875,0.1837,0.3880,2.2799,0.9766,0.2682
26,5,223,227,5,4,6,0.2167,224.418,423.972,574.734,18.0124,15.0000,1.3830,0.4966,4.8846,0.5225,0.3779,0.0996,0.1335,0.3202,2.1170,0.3258,0.2872
27,3,223,225,3,4,9,0.2500,223.432,431.174,603.993,17.9823,14.0000,1.3171,0.4659,4.5572,0.8880,0.0277,0.0843,0.0497,0.7464,2.2791,0.6517,0.1847
40,8,223,227,5,6,8,0.1667,224.109,433.786,518.928,23.6342,17.0000,1.4815,2.9375,5.5359,0.7741,0.0475,0.1785,0.1989,0.2233,2.6044,0.9759,0.3813
10,4,223,225,3,3,3,0.3704,223.595,436.586,934.324,11.4287,17.0000,1.5315,0.6643,5.5359,0.5847,0.0534,0.3619,0.6107,0.7904,2.1170,0.6500,0.5045
14,6,223,226,4,3,3,0.3889,224.117,440.316,545.678,14.8830,20.0000,1.6374,0.4657,6.5129,0.5590,0.0397,0.4013,0.8546,0.4607,2.6048,0.6513,0.5380
15,3,223,226,4,3,4,0.3125,224.065,443.769,535.627,14.2099,16.0000,1.4201,2.0282,5.2123,0.8081,0.0342,0.1577,0.5041,0.4165,2.9288,0.6509,0.2604
26,3,223,226,4,5,4,0.3250,224.079,448.925,615.414,16.9882,13.0000,1.2707,1.2303,4.2334,0.3757,0.3665,0.2578,0.6721,0.7362,2.2775,0.9759,0.1466
29,6,223,226,4,5,6,0.2417,223.748,450.131,715.076,19.8927,14.0000,1.2340,0.7629,4.5607,0.6554,0.1293,0.2153,0.0148,0.8876,2.6052,0.8131,0.3739
3,3,223,225,3,1,1,1.0000,224.000,456.000,779.000,7.7084,15.0000,1.0976,0.0000,4.8846,0.8889,0.0000,0.1111,1.0000,0.0000,2.9317,0.9775,1.0000
23,3,223,225,3,3,7,0.3651,224.228,459.081,518.996,16.7051,16.0000,1.4959,2.0105,5.2103,0.7970,0.1157,0.0873,0.1775,0.7480,2.6051,0.9769,0.1707
8,4,223,225,3,2,4,0.3333,224.089,459.500,591.911,10.3622,14.0000,1.2444,0.5156,4.5590,0.6177,0.1997,0.1826,0.1874,0.0672,2.7666,0.6512,0.5889
37,11,223,227,5,5,8,0.1850,224.366,465.035,627.396,23.2375,15.0000,1.2788,3.1171,4.8865,0.8326,0.0782,0.0892,0.2612,0.2931,2.6071,0.6533,0.4263
127,13,223,226,4,6,27,0.1960,223.962,470.626,705.006,39.7604,16.0000,1.4767,2.1017,5.2123,0.9812,0.0083,0.0105,0.0171,0.9809,2.6064,0.9771,0.2064
14,3,223,225,3,4,4,0.2917,223.861,473.609,564.735,13.1410,16.0000,1.4834,0.4921,5.2103,0.4438,0.2785,0.2777,0.7392,0.6627,2.6053,0.8144,0.2848
10,3,223,225,3,3,3,0.3704,223.775,475.009,603.432,11.4294,14.0000,1.2613,0.6107,4.5590,0.1757,0.5633,0.2610,0.7231,0.4279,2.6058,0.6525,0.3604
15,3,223,225,3,3,5,0.3333,223.530,483.286,778.899,14.1229,15.0000,1.3393,0.6103,4.8827,0.6757,0.1423,0.1821,0.1211,0.6250,2.9310,0.9758,0.2500
13,3,223,226,4,5,2,0.3250,224.803,908.565,622.327,13.2806,15.0000,1.3265,1.4852,4.8865,0.6739,0.1977,0.1285,0.2394,0.3345,2.6064,1.1405,0.4626
34,7,223,227,5,6,5,0.2267,224.957,1063.263,902.113,21.8441,15.0000,1.3043,1.2125,4.8883,0.6296,0.1445,0.2258,0.4064,0.8233,2.9336,0.6511,0.3887
36,4,223,225,3,5,9,0.2667,224.037,1075.394,875.611,21.9269,17.0000,1.5149,1.9677,5.5359,0.7096,0.1637,0.1267,0.1179,0.9928,2.7681,0.9764,0.3886
64,6,223,226,4,8,12,0.1667,224.060,1080.823,861.935,29.6341,20.0000,1.7582,0.9540,6.5129,0.7906,0.1479,0.0615,0.0565,0.9941,2.9303,0.9768,0.2788
43,4,223,225,3,5,10,0.2867,223.843,1094.118,823.639,24.0836,15.0000,1.3299,2.7731,4.8846,0.8377,0.0783,0.0840,0.0438,0.9911,2.9291,0.9763,0.3175
27,8,223,224,2,4,8,0.4219,223.538,1098.558,806.750,19.5495,16.0000,1.3846,0.6864,5.2103,0.7762,0.1239,0.1000,0.0368,0.9970,2.6055,0.6509,0.3974
16,3,223,226,4,4,3,0.3333,224.491,1102.109,555.103,14.2494,15.0000,1.3714,1.0314,4.8865,0.4709,0.3311,0.1980,0.8954,0.0588,2.6041,0.9757,0.3086
9,4,223,225,3,3,2,0.5000,224.009,1108.538,514.453,11.5061,15.0000,1.2736,0.6472,4.8846,0.1909,0.4559,0.3532,0.6855,0.4436,3.2577,0.3266,0.5283
17,3,224,228,5,3,3,0.3778,225.344,357.914,577.075,14.6976,15.0000,1.3710,1.4526,4.8865,0.5193,0.2836,0.1971,0.9260,0.1802,2.6048,0.9759,0.2312
17,3,224,226,3,3,4,0.4722,224.678,363.544,560.311,14.2201,15.0000,1.4167,0.7050,4.8865,0.5718,0.0473,0.3809,0.1913,0.9038,2.6043,0.6521,0.2333
30,9,224,229,6,4,5,0.2500,225.718,375.109,540.129,20.2271,19.0000,1.6765,1.7123,6.1940,0.2643,0.5432,0.1925,0.9080,0.4033,2.6085,0.9764,0.4000
10,3,224,226,3,2,3,0.5556,224.752,390.650,512.658,12.0518,17.0000,1.4530,0.5487,5.5380,0.6340,0.0453,0.3208,0.7715,0.5774,2.1168,0.8143,0.3932
22,4,224,227,4,4,4,0.3438,225.134,458.418,462.385,16.6001,15.0000,1.3808,1.3312,4.8846,0.3747,0.3161,0.3092,0.6294,0.1454,2.2819,0.8144,0.2887
4,3,224,225,2,1,2,1.0000,224.434,464.000,545.472,8.6310,15.0000,1.1321,0.6410,4.8846,0.0000,0.7500,0.2500,0.0000,0.0000,3.2567,0.8131,0.8113
70,5,224,227,4,5,13,0.2692,225.311,490.474,687.246,28.9331,14.0000,1.3190,4.5055,4.5624,0.9027,0.0438,0.0535,0.0470,0.9613,2.6066,0.6519,0.2005
22,4,224,226,3,4,6,0.3056,224.762,489.971,708.348,16.9452,14.0000,1.2623,2.9446,4.5607,0.5791,0.2770,0.1439,0.0685,0.9863,2.9317,0.9767,0.3361
84,8,224,228,5,6,18,0.1556,225.415,492.941,671.518,34.7673,18.0000,1.5460,1.8795,5.8659,0.9625,0.0076,0.0299,0.0535,0.8702,2.9327,0.9781,0.3988
13,4,224,226,3,3,3,0.4815,224.669,500.127,502.789,12.8283,13.0000,1.1901,1.1202,4.2350,0.3122,0.2421,0.4457,0.1779,0.0277,2.7677,0.6520,0.3662
6,3,224,226,3,2,2,0.5000,225.145,787.812,985.478,9.1770,15.0000,1.3043,0.5733,4.8865,0.3810,0.3333,0.2857,0.9487,0.1690,3.0951,0.6515,0.5942
5,3,224,226,3,2,1,0.8333,224.825,861.635,254.000,9.1777,14.0000,1.1111,0.4047,4.5607,0.5854,0.2927,0.1220,0.9487,0.0000,4.5586,0.6517,0.6349
24,6,224,227,4,8,4,0.1875,225.726,900.587,657.680,18.6905,17.0000,1.4520,0.8944,5.5401,0.8414,0.0238,0.1348,0.0751,0.9646,2.9342,0.8154,0.4626
54,3,224,226,3,10,12,0.1500,225.170,923.706,673.783,25.7580,19.0000,1.7659,3.6109,6.1896,0.8367,0.1236,0.0397,0.0432,0.9978,2.6071,0.6535,0.1962
17,3,224,226,3,5,4,0.2833,225.074,927.447,689.218,14.8543,15.0000,1.3564,0.9036,4.8883,0.2837,0.3374,0.3789,0.0992,0.9742,2.6051,0.9777,0.2287
9,4,224,226,3,3,2,0.5000,224.849,939.906,680.906,11.5097,16.0000,1.3585,1.2450,5.2103,0.3095,0.4988,0.1917,0.4713,0.0727,2.9330,0.6519,0.5283
73,6,224,227,4,7,12,0.2173,225.380,943.135,762.151,30.5067,18.0000,1.6425,2.2244,5.8638,0.8339,0.1151,0.0510,0.0096,0.9915,2.6087,0.6528,0.2550
39,4,224,229,6,6,6,0.1806,226.121,945.154,820.228,22.3874,16.0000,1.4545,1.7824,5.2142,0.1151,0.4235,0.4614,0.5241,0.8132,2.7694,0.9770,0.2890
18,3,224,226,3,5,3,0.4000,224.921,947.079,691.889,14.5885,13.0000,1.2316,1.2829,4.2350,0.7447,0.0267,0.2286,0.3457,0.5673,2.6059,0.8140,0.2737
52,5,224,227,4,6,10,0.2167,225.395,946.803,741.531,25.9346,17.0000,1.5401,4.7034,5.5380,0.8620,0.0712,0.0667,0.0712,0.9770,2.9328,0.9775,0.2596
37,3,224,226,3,5,8,0.3083,225.358,945.480,751.326,21.5322,17.0000,1.5647,1.7781,5.5380,0.8224,0.1018,0.0758,0.0347,0.9544,2.9314,0.6513,0.1766
24,4,224,226,3,5,6,0.2667,225.018,948.250,714.812,18.0872,14.0000,1.2353,1.1059,4.5607,0.7431,0.1276,0.1293,0.1365,0.9899,2.9332,1.1404,0.2463
12,4,224,226,3,3,2,0.6667,225.149,948.035,729.546,13.2604,16.0000,1.3617,0.5672,5.2123,0.2058,0.3698,0.4243,0.4305,0.2980,2.6061,0.6514,0.4255
12,3,224,227,4,3,3,0.3333,225.601,960.341,1030.978,12.9804,16.0000,1.3913,0.5247,5.2142,0.5050,0.2812,0.2138,0.9174,0.2338,2.4438,0.6514,0.3188
25,5,224,226,3,5,5,0.3333,224.724,965.396,682.772,17.4593,16.0000,1.4925,2.4066,5.2123,0.2858,0.5203,0.1939,0.0442,0.9830,2.6059,0.6513,0.3097
25,3,224,227,4,5,6,0.2083,225.165,965.000,746.669,16.9408,14.0000,1.3462,0.6894,4.5624,0.4202,0.3762,0.2036,0.2370,0.9270,2.9317,1.1405,0.2077
16,3,224,226,3,5,5,0.2133,225.261,966.696,741.951,14.9867,16.0000,1.3913,1.9616,5.2123,0.6996,0.0393,0.2611,0.0386,0.6870,2.9326,0.9777,0.3913
9,3,224,225,2,5,3,0.3000,224.882,967.569,721.039,11.0756,13.0000,1.1471,1.0597,4.2350,0.8692,0.0695,0.0613,0.0743,0.9178,2.6067,0.6515,0.3824
25,4,224,228,5,5,6,0.1667,225.715,983.234,760.876,17.8566,17.0000,1.5511,2.2534,5.5380,0.4416,0.3666,0.1918,0.3410,0.9314,2.9328,0.6526,0.2701
24,10,224,227,4,3,7,0.2857,225.602,982.748,767.589,20.5520,21.0000,1.6311,2.6316,6.8436,0.8891,0.0317,0.0792,0.0071,0.2279,3.9097,1.3034,0.6149
18,4,224,226,3,3,5,0.4000,225.338,987.227,737.152,15.2051,15.0000,1.3636,0.8571,4.8865,0.7031,0.0953,0.2016,0.0808,0.9319,2.9328,0.9774,0.4091
11,3,224,226,3,3,3,0.4074,225.365,987.349,720.841,12.3777,17.0000,1.4841,0.7629,5.5380,0.5322,0.2791,0.1887,0.1602,0.1702,2.6066,0.4889,0.4603
28,5,224,227,4,4,5,0.3500,225.513,1005.761,745.574,19.0884,17.0000,1.5355,0.9991,5.5401,0.5701,0.0924,0.3375,0.2564,0.9522,3.2573,0.9773,0.2323
12,3,224,226,3,3,5,0.2667,225.015,1007.133,701.519,12.6956,16.0000,1.4222,0.4998,5.2123,0.6935,0.1442,0.1623,0.0263,0.6022,2.9322,0.6509,0.3259
18,5,224,227,4,4,4,0.2812,225.512,1005.615,736.259,15.7436,19.0000,1.6683,0.6912,6.1896,0.5349,0.3103,0.1548,0.0619,0.5318,2.4447,0.4886,0.3561
16,3,224,227,4,4,3,0.3333,224.938,1015.983,975.017,14.3333,15.0000,1.3636,1.6767,4.8865,0.6467,0.1463,0.2070,0.7372,0.1227,2.2799,0.3263,0.3239
19,4,224,227,4,4,5,0.2375,225.474,1079.228,802.000,16.0710,17.0000,1.5023,1.1301,5.5380,0.7426,0.1096,0.1477,0.2919,0.0834,2.9330,0.9779,0.2744
8,3,225,228,4,2,3,0.3333,226.902,342.098,823.859,10.6033,16.0000,1.3913,0.9184,5.2142,0.7101,0.1654,0.1245,0.9485,0.1897,2.6086,0.3257,0.4674
10,3,225,227,3,2,3,0.5556,226.085,395.636,799.822,12.1607,14.0000,1.1864,1.1581,4.5624,0.6384,0.1053,0.2564,0.6460,0.4936,3.0964,0.6521,0.3559
15,4,225,229,5,3,5,0.2000,226.722,397.639,933.645,14.2237,17.0000,1.5089,0.9496,5.5420,0.5135,0.3273,0.1592,0.6483,0.4455,2.2799,0.6502,0.4142
32,7,225,228,4,4,6,0.3333,226.434,508.946,699.755,20.4542,15.0000,1.3521,1.6230,4.8883,0.6079,0.1450,0.2470,0.0258,0.7834,2.9332,1.3029,0.3099
23,3,225,227,3,4,7,0.2738,225.730,518.669,763.258,16.8504,14.0000,1.2984,3.2859,4.5624,0.7956,0.0874,0.1170,0.0026,0.9999,2.9329,0.9774,0.2137
24,5,225,227,3,4,5,0.4000,226.356,522.307,598.406,17.3641,17.0000,1.5632,0.9279,5.5420,0.6634,0.1560,0.1805,0.0196,0.8867,2.4441,0.6526,0.2759
5,3,225,226,2,1,3,0.8333,225.591,656.000,1091.258,9.6174,15.0000,1.1364,0.6446,4.8883,0.5854,0.2927,0.1220,0.3162,0.0000,3.5844,0.6514,0.6667
17,3,225,228,4,5,5,0.1700,226.358,857.374,611.942,15.0192,13.0000,1.1632,1.1866,4.2380,0.7377,0.0340,0.2283,0.3757,0.4082,2.9342,0.9778,0.2737
4,3,225,227,3,2,1,0.6667,226.018,859.175,619.000,9.2878,18.0000,1.2632,0.1763,5.8659,0.5357,0.3214,0.1429,1.0000,0.0000,4.0731,0.6529,0.8246
11,3,225,227,3,4,2,0.4583,225.545,879.236,493.317,12.0837,16.0000,1.4309,0.9906,5.2123,0.4847,0.3235,0.1918,0.3031,0.4643,2.6070,0.8146,0.3659
56,5,225,229,5,8,9,0.1556,226.874,887.160,699.944,27.2694,16.0000,1.4313,4.1739,5.2160,0.8066,0.1000,0.0935,0.0103,0.9999,2.7702,0.6525,0.2668
15,3,225,228,4,3,4,0.3125,225.988,904.084,688.341,14.0518,14.0000,1.2575,1.1284,4.5624,0.7230,0.0964,0.1807,0.5350,0.7388,2.6082,0.9766,0.3174
58,4,225,229,5,9,6,0.2148,226.935,908.332,809.224,27.1808,18.0000,1.6441,1.3954,5.8680,0.7039,0.0808,0.2152,0.1792,0.7985,2.4456,1.1397,0.2504
17,3,225,227,3,4,6,0.2361,225.824,908.244,688.444,16.2019,21.0000,1.7415,0.8942,6.8436,0.7006,0.1180,0.1814,0.1694,0.9245,2.7699,0.6514,0.3220
45,6,225,228,4,6,6,0.3125,226.445,907.930,734.745,25.7514,20.0000,1.6981,1.3778,6.5177,0.3228,0.4781,0.1991,0.0863,0.9963,3.4220,0.8160,0.3604
36,7,225,228,4,5,7,0.2571,226.398,907.307,744.821,22.8151,17.0000,1.4571,1.2812,5.5401,0.7209,0.1261,0.1530,0.1095,0.9915,2.9342,0.9788,0.3833
11,3,225,227,3,3,4,0.3056,226.238,911.107,528.787,11.9885,16.0000,1.4426,0.3366,5.2142,0.6271,0.1633,0.2096,0.4924,0.3015,2.2814,0.6514,0.3525
54,3,225,229,5,5,9,0.2400,226.640,912.405,800.026,25.7270,18.0000,1.6759,0.8739,5.8659,0.7820,0.0668,0.1512,0.0421,0.2694,2.2823,0.6514,0.1983
105,7,225,228,4,8,17,0.1930,225.721,925.524,749.412,38.0327,18.0000,1.5803,3.6903,5.8659,0.9076,0.0703,0.0220,0.0155,0.9883,2.9322,0.9780,0.3629
30,12,225,228,4,5,5,0.3000,226.036,923.436,764.356,21.4195,18.0000,1.5000,1.7388,5.8659,0.6892,0.0995,0.2113,0.3005,0.0051,2.7709,0.3259,0.5194
62,8,225,229,5,7,9,0.1968,226.222,926.389,816.267,28.5180,17.0000,1.5298,2.1559,5.5420,0.8253,0.0548,0.1199,0.1790,0.9360,2.6080,0.6518,0.2758
8,4,225,226,2,2,3,0.6667,225.379,928.642,738.442,10.9432,14.0000,1.1789,0.7635,4.5607,0.4782,0.1602,0.3617,0.2952,0.6425,3.0959,0.6514,0.5579
12,5,225,228,4,4,3,0.2500,226.529,933.607,847.100,13.1729,16.0000,1.3714,0.7752,5.2160,0.2338,0.4333,0.3328,0.9668,0.2320,2.6077,0.9765,0.5000
29,5,225,228,4,5,5,0.2900,226.340,943.179,827.704,19.6092,18.0000,1.6111,2.3175,5.8638,0.3235,0.2468,0.4297,0.1001,0.4655,2.6074,0.9770,0.3611
47,4,225,229,5,4,10,0.2350,226.053,949.295,811.388,25.0038,19.0000,1.6977,2.0684,6.1918,0.7861,0.0572,0.1567,0.0603,0.6165,2.9308,0.6512,0.1882
27,6,225,228,4,4,7,0.2411,226.153,968.756,815.539,19.3177,17.0000,1.4903,0.6108,5.5401,0.7972,0.0055,0.1973,0.2347,0.0461,2.4452,0.6523,0.3344
26,5,225,228,4,5,7,0.1857,226.172,976.873,789.137,18.5993,18.0000,1.6082,0.8886,5.8659,0.5930,0.2385,0.1685,0.0888,0.9466,2.6063,0.8143,0.3024
35,5,225,228,4,5,7,0.2500,226.310,975.173,795.964,21.7056,18.0000,1.5990,1.3079,5.8659,0.7535,0.1113,0.1352,0.0222,0.4612,2.9325,0.9778,0.1980
29,5,225,228,4,4,5,0.3625,225.906,979.903,776.403,19.9693,16.0000,1.4061,1.9381,5.2160,0.6554,0.0866,0.2580,0.3109,0.8716,2.9319,0.6519,0.3455
27,5,225,229,5,5,6,0.1800,226.721,978.458,844.671,18.8824,16.0000,1.4352,1.7787,5.2160,0.7919,0.0748,0.1334,0.0435,0.2196,2.6067,0.3270,0.3289
19,6,225,228,4,4,5,0.2375,226.069,979.573,782.780,16.2987,17.0000,1.4817,0.8915,5.5401,0.2066,0.2781,0.5153,0.5928,0.7855,2.9330,0.9781,0.3853
23,3,225,227,3,5,4,0.3833,225.619,984.412,754.469,17.6650,17.0000,1.5038,0.7311,5.5401,0.1904,0.3862,0.4234,0.0605,0.9914,2.9320,0.9779,0.3808
30,4,225,228,4,5,7,0.2143,226.248,981.628,836.372,20.1716,19.0000,1.6814,0.7709,6.1918,0.8062,0.0819,0.1119,0.1605,0.9622,2.6069,0.9783,0.2832
27,3,225,230,6,5,6,0.1500,226.932,986.623,823.500,18.3190,16.0000,1.4795,1.2384,5.2177,0.2580,0.5372,0.2049,0.0173,0.4156,2.6061,0.6524,0.2432
41,8,225,228,4,6,10,0.1708,226.192,993.575,801.585,23.5658,18.0000,1.5940,2.4895,5.8659,0.8301,0.0651,0.1048,0.0343,0.9330,2.9327,0.9768,0.3305
43,4,225,227,3,5,11,0.2606,225.978,999.503,778.344,22.7113,16.0000,1.5055,2.0114,5.2142,0.8346,0.0930,0.0723,0.0170,0.9879,2.6069,0.6531,0.2407
27,7,225,227,3,4,6,0.3750,225.738,1001.834,770.032,19.6284,16.0000,1.3802,1.0165,5.2142,0.5898,0.2279,0.1823,0.1625,0.9735,3.0958,0.6516,0.3450
17,6,225,226,2,5,4,0.4250,225.620,1004.755,750.510,15.1734,15.0000,1.3281,1.1023,4.8865,0.5359,0.2971,0.1670,0.0555,0.9761,2.9330,0.9774,0.4271
27,3,225,227,3,4,7,0.3214,225.861,1003.931,761.285,18.0615,13.0000,1.2187,1.5482,4.2380,0.8693,0.0525,0.0782,0.0020,0.5635,2.9317,0.9778,0.2257
16,3,225,226,2,5,4,0.4000,225.423,1006.984,724.038,14.8247,14.0000,1.2308,0.4251,4.5607,0.2726,0.5262,0.2012,0.1162,0.9382,3.0952,0.9770,0.2967
32,3,225,229,5,4,9,0.1778,226.422,1014.656,804.223,20.6269,17.0000,1.5196,3.2690,5.5401,0.8127,0.1296,0.0577,0.0148,0.3931,2.9317,0.9778,0.2402
23,5,225,228,4,4,7,0.2054,226.060,1018.944,783.588,18.1435,19.0000,1.6367,1.9081,6.1918,0.6704,0.2230,0.1065,0.0211,0.7866,2.9310,0.6525,0.3970
40,6,225,229,5,7,7,0.1633,226.683,1053.893,875.630,23.7079,19.0000,1.6522,1.5340,6.1918,0.7782,0.0969,0.1249,0.1338,0.5610,2.6064,0.6530,0.3565
53,9,225,229,5,8,8,0.1656,226.587,1059.046,864.425,26.5502,17.0000,1.5194,0.7260,5.5420,0.8665,0.0350,0.0985,0.0567,0.3106,2.9325,0.9773,0.2901
40,4,225,228,4,6,9,0.1852,226.202,1063.469,854.137,23.7555,19.0000,1.6486,2.9084,6.1918,0.8929,0.0209,0.0862,0.0301,0.6927,2.6072,0.9763,0.3644
33,3,225,228,4,5,9,0.1833,225.683,1081.251,793.658,20.5903,15.0000,1.3636,2.4521,4.8865,0.8854,0.0393,0.0753,0.0019,0.5239,3.0950,0.6520,0.2369
9,4,225,226,2,3,2,0.7500,225.442,1086.708,735.434,12.2725,15.0000,1.1947,1.4329,4.8883,0.4706,0.0000,0.5294,0.3015,0.9535,3.2577,0.4883,0.6283
8,3,226,228,3,3,2,0.4444,227.161,370.860,779.452,10.7195,16.0000,1.3763,0.9628,5.2177,0.6465,0.1495,0.2040,0.7679,0.0347,2.7704,0.6526,0.4516
5,3,226,227,2,1,3,0.8333,226.540,384.000,738.810,9.1834,15.0000,1.1905,0.5723,4.8883,0.5854,0.2927,0.1220,0.3162,0.0000,3.9105,0.9774,0.6825
10,3,226,229,4,2,4,0.3125,227.262,473.311,456.748,10.6191,13.0000,1.2621,0.4785,4.2394,0.7076,0.1405,0.1519,0.7986,0.0965,1.9565,0.6520,0.3786
28,3,226,228,3,3,8,0.3889,226.661,516.094,660.160,19.6506,18.0000,1.5799,0.6870,5.8659,0.8751,0.0246,0.1004,0.0804,0.3999,2.6071,0.6523,0.2853
14,3,226,228,3,4,4,0.2917,226.928,562.421,1024.355,13.2429,15.0000,1.3816,0.5556,4.8900,0.6764,0.0994,0.2242,0.3472,0.1373,2.6080,0.9773,0.2829
11,3,226,228,3,3,4,0.3056,226.754,739.627,988.280,11.5975,16.0000,1.4915,1.0200,5.2142,0.3514,0.4814,0.1673,0.0481,0.5288,2.2830,0.4889,0.3644
11,4,226,229,4,3,2,0.4583,227.134,844.449,890.394,12.4836,17.0000,1.4724,0.8303,5.5420,0.6377,0.1760,0.1863,0.7795,0.3061,2.2816,0.9790,0.4646
13,3,226,227,2,5,2,0.6500,226.675,865.338,616.561,14.1937,16.0000,1.3248,1.7499,5.2160,0.8155,0.0548,0.1297,0.1679,0.8945,3.2605,0.6516,0.4459
9,3,226,228,3,2,3,0.5000,226.906,870.302,635.189,11.5182,18.0000,1.5283,0.3683,5.8680,0.3175,0.3821,0.3004,0.9104,0.4119,2.9323,0.6524,0.4151
45,4,226,228,3,9,7,0.2381,226.655,878.308,652.435,23.2266,14.0000,1.3180,1.4206,4.5640,0.4826,0.4275,0.0899,0.0392,0.9990,2.2822,0.3280,0.1715
27,5,226,230,5,4,6,0.2250,227.554,877.954,659.883,19.2641,18.0000,1.5831,1.2478,5.8680,0.2395,0.4357,0.3248,0.3796,0.6537,2.6071,0.6529,0.3388
30,8,226,228,3,5,6,0.3333,227.047,883.821,672.310,21.3080,17.0000,1.4246,1.7630,5.5420,0.7855,0.0782,0.1364,0.0022,0.9236,2.6081,0.6531,0.4916
22,3,226,228,3,5,5,0.2933,226.963,887.922,690.753,16.8890,16.0000,1.4486,1.3157,5.2160,0.5722,0.2374,0.1903,0.2408,0.8296,2.4440,0.4893,0.2881
11,3,226,228,3,4,3,0.3056,226.825,888.540,694.175,12.3841,14.0000,1.2222,1.0015,4.5640,0.7072,0.0227,0.2701,0.2908,0.6517,1.9572,0.0013,0.3175
10,3,226,229,4,2,2,0.6250,227.921,891.614,652.535,11.7557,14.0000,1.2281,0.6094,4.5655,0.6937,0.1028,0.2035,0.9361,0.3513,2.6098,0.3268,0.3509
10,4,226,228,3,2,3,0.5556,226.897,903.517,678.121,11.9580,13.0000,1.1207,0.5411,4.2380,0.5812,0.1317,0.2871,0.6572,0.2610,2.6062,0.3274,0.4483
17,4,226,228,3,4,4,0.3542,226.789,905.686,814.714,14.6261,16.0000,1.4703,0.8074,5.2160,0.3178,0.4207,0.2615,0.1755,0.5604,2.2817,0.3263,0.3081
5,3,226,228,3,2,1,0.8333,226.781,928.625,461.000,9.3299,15.0000,1.1719,0.4341,4.8900,0.5854,0.2927,0.1220,0.9487,0.0000,3.2603,0.9780,0.6562
8,3,226,228,3,3,2,0.4444,227.089,932.257,528.782,11.6414,19.0000,1.5050,0.3488,6.1940,0.5871,0.1225,0.2904,0.7427,0.3393,2.2816,0.3257,0.5149
12,3,226,230,5,3,4,0.2000,227.467,938.891,875.766,12.8946,16.0000,1.4015,0.5336,5.2160,0.7304,0.1768,0.0928,0.8705,0.3188,3.0974,0.9786,0.3066
18,6,226,229,4,4,4,0.2812,227.958,941.236,937.278,16.2948,16.0000,1.3585,1.2563,5.2177,0.2324,0.5273,0.2402,0.1265,0.5072,2.9331,0.3262,0.4009
23,3,226,229,4,4,6,0.2396,227.373,945.984,482.063,17.1318,18.0000,1.6429,1.1271,5.8680,0.7516,0.0860,0.1625,0.3657,0.2485,2.2820,0.3253,0.1786
17,3,226,229,4,4,4,0.2656,226.995,945.316,509.643,15.4969,19.0000,1.6480,1.1126,6.1960,0.2493,0.2789,0.4718,0.6913,0.6748,2.6074,0.6522,0.3112
8,4,226,228,3,3,2,0.4444,227.062,949.833,858.219,11.0650,15.0000,1.2500,0.2820,4.8900,0.7384,0.0761,0.1855,0.5910,0.0000,3.0964,0.6508,0.5625
25,3,226,230,5,5,6,0.1667,227.034,956.325,844.873,17.4736,15.0000,1.3993,2.1535,4.8900,0.2833,0.3314,0.3853,0.2207,0.5937,2.2850,0.6525,0.2127
11,3,226,228,3,4,3,0.3056,227.246,967.032,870.127,12.3858,15.0000,1.3095,0.2787,4.8900,0.7631,0.0844,0.1525,0.3420,0.5863,2.4459,0.6520,0.3333
16,4,226,229,4,4,4,0.2500,227.113,973.199,856.392,15.1594,16.0000,1.3763,0.8992,5.2160,0.3016,0.2463,0.4521,0.9415,0.0936,2.6085,0.6535,0.3978
28,3,226,230,5,5,4,0.2800,227.201,975.308,850.669,18.4218,17.0000,1.5920,1.3809,5.5420,0.3736,0.3986,0.2279,0.4116,0.0932,2.2822,0.6511,0.1906
7,4,226,228,3,3,2,0.3889,226.884,979.198,768.233,10.5961,15.0000,1.2209,0.3266,4.8900,0.7243,0.1219,0.1538,0.7824,0.2053,3.5847,0.9788,0.6512
13,4,226,228,3,6,2,0.3611,226.580,994.013,794.340,13.5604,14.0000,1.2133,1.1939,4.5640,0.8300,0.0992,0.0708,0.0179,0.2303,2.9330,0.4899,0.5333
14,3,226,227,2,4,4,0.4375,226.289,997.265,789.006,14.4595,15.0000,1.2651,1.0686,4.8883,0.7656,0.1021,0.1322,0.1823,0.9832,2.9333,0.9777,0.4157
18,3,226,228,3,4,6,0.2500,226.728,1004.257,834.084,15.5199,15.0000,1.3366,0.9895,4.8900,0.7068,0.0755,0.2176,0.1517,0.4178,2.6083,0.3260,0.2772
68,5,226,229,4,6,18,0.1574,226.853,1010.259,815.645,30.6365,20.0000,1.7548,1.2284,6.5221,0.9597,0.0094,0.0309,0.0574,0.9279,2.9327,0.9774,0.3303
13,3,226,229,4,5,2,0.3250,227.326,1016.787,941.695,12.7499,15.0000,1.3830,0.9051,4.8900,0.6047,0.2679,0.1274,0.3326,0.1490,2.2808,0.6510,0.3901
19,4,226,229,4,4,5,0.2375,227.571,1024.469,835.920,16.7559,20.0000,1.6964,0.7844,6.5200,0.5608,0.1979,0.2414,0.3919,0.5431,2.9336,0.6532,0.3571
22,4,226,228,3,6,5,0.2444,227.278,1027.633,825.461,17.0298,17.0000,1.5265,1.8138,5.5438,0.8230,0.0507,0.1263,0.0218,0.9599,2.9348,0.9785,0.2980
10,4,226,228,3,4,4,0.2083,227.099,1032.008,812.843,12.4743,20.0000,1.6529,0.1859,6.5200,0.6548,0.1067,0.2386,0.0798,0.7975,2.7700,0.9779,0.5207
15,5,226,229,4,5,3,0.2500,227.056,1034.956,802.983,15.1512,17.0000,1.4167,0.9859,5.5420,0.7077,0.1438,0.1485,0.3288,0.0338,2.9342,0.9783,0.4222
9,3,226,228,3,3,3,0.3333,227.119,1042.297,767.960,10.9757,14.0000,1.2475,1.3031,4.5640,0.4256,0.2564,0.3179,0.0586,0.6869,2.9352,0.3255,0.4059
13,3,227,231,5,3,4,0.2167,229.378,321.755,704.566,12.9389,15.0000,1.3636,0.8764,4.8945,0.4986,0.3902,0.1112,0.6210,0.2229,2.6107,0.6526,0.2867
21,3,227,229,3,4,6,0.2917,227.647,526.647,630.835,15.9384,14.0000,1.3125,1.1137,4.5655,0.3395,0.3325,0.3279,0.0129,0.8207,2.2834,0.6519,0.2455
51,4,227,229,3,6,13,0.2179,228.116,530.681,684.786,25.1616,15.0000,1.3884,2.2401,4.8916,0.9338,0.0244,0.0418,0.0545,0.9141,2.6091,1.1408,0.2051
18,4,227,231,5,3,4,0.3000,228.140,529.900,694.380,15.3733,14.0000,1.2600,0.9869,4.5655,0.7581,0.0773,0.1647,0.6900,0.1763,2.9355,0.9784,0.2750
8,3,227,230,4,2,2,0.5000,228.456,788.789,900.778,10.3780,14.0000,1.2444,0.5491,4.5669,0.6000,0.1500,0.2500,1.0000,0.0000,2.4467,0.6527,0.4556
36,3,227,230,4,9,6,0.1667,228.314,854.266,651.095,20.0573,13.0000,1.2683,2.9622,4.2394,0.9097,0.0386,0.0517,0.2025,0.9635,2.2834,0.9774,0.1057
40,6,227,229,3,6,7,0.3175,228.070,859.490,655.048,22.7392,19.0000,1.7234,2.0141,6.1960,0.4207,0.4197,0.1597,0.0167,0.9972,2.7714,0.6534,0.2358
10,3,227,230,4,4,3,0.2083,228.215,859.542,661.374,11.0349,13.0000,1.2150,1.9984,4.2394,0.8723,0.0431,0.0846,0.5603,0.2104,1.9576,0.6516,0.3645
55,3,227,230,4,8,9,0.1910,228.144,864.834,673.360,26.0325,16.0000,1.4865,1.9483,5.2177,0.4812,0.4109,0.1079,0.0535,0.9930,2.6091,0.9783,0.2399
102,4,227,230,4,8,19,0.1678,228.371,869.299,702.346,35.5221,18.0000,1.6691,7.5498,5.8699,0.8736,0.0973,0.0291,0.0005,0.9974,2.9345,1.3027,0.1909
182,10,227,231,5,8,27,0.1685,228.730,868.558,733.947,49.4679,18.0000,1.6012,8.0766,5.8717,0.9672,0.0235,0.0093,0.0158,0.9932,3.2608,0.9789,0.3289
59,9,227,230,4,7,11,0.1916,227.950,876.443,783.634,28.9115,16.0000,1.3862,5.3773,5.2177,0.9215,0.0291,0.0494,0.0256,0.9295,2.6085,0.9772,0.4170
9,3,227,228,2,4,4,0.2812,227.781,875.676,831.771,11.4129,15.0000,1.2857,1.5478,4.8916,0.6692,0.2337,0.0971,0.1772,0.8819,2.2827,0.3263,0.5238
10,3,227,230,4,3,3,0.2778,228.171,878.117,916.820,11.4473,15.0000,1.3514,0.2747,4.8916,0.6252,0.0784,0.2964,0.8858,0.4568,2.9336,0.3273,0.3784
4,3,227,228,2,2,1,1.0000,227.537,881.556,427.000,8.8035,16.0000,1.1852,0.6418,5.2177,0.0000,0.7500,0.2500,1.0000,0.0000,3.4240,0.6523,0.7963
8,3,227,229,3,4,1,0.6667,228.052,883.959,820.000,11.1838,16.0000,1.3196,0.9493,5.2193,0.5411,0.3905,0.0685,0.1934,0.0000,2.4452,0.6516,0.4639
7,3,227,230,4,2,2,0.4375,228.198,985.642,505.765,9.9843,14.0000,1.2099,0.9095,4.5669,0.6887,0.1889,0.1224,0.9307,0.0038,2.9368,-0.0004,0.4938
8,3,227,230,4,3,2,0.3333,228.558,1004.989,881.621,10.9549,17.0000,1.4316,0.5824,5.5455,0.6339,0.1190,0.2472,0.9299,0.3677,2.7720,0.4888,0.4632
25,3,227,229,3,6,7,0.1984,227.635,1015.568,858.372,17.3467,14.0000,1.3158,1.5727,4.5669,0.7894,0.1059,0.1047,0.1238,0.9146,2.2818,0.6525,0.3045
5,3,227,228,2,2,2,0.6250,227.443,1030.459,649.852,8.8945,14.0000,1.1475,0.7144,4.5655,0.3432,0.2505,0.4063,0.6059,0.3645,2.9354,0.0002,0.6721
6,3,228,230,3,2,3,0.3333,228.958,363.859,842.944,9.4551,14.0000,1.1831,0.9551,4.5669,0.5704,0.2383,0.1913,0.3439,0.2128,3.0981,0.6518,0.5775
26,6,228,232,5,4,6,0.2167,228.901,537.245,657.007,19.3193,17.0000,1.4636,0.9334,5.5438,0.4414,0.3625,0.1961,0.4755,0.0547,2.9364,0.9780,0.3444
22,3,228,231,4,4,5,0.2750,228.950,539.331,650.339,16.6214,16.0000,1.4728,0.7520,5.2193,0.3842,0.3883,0.2275,0.5744,0.7645,2.4475,0.6522,0.2385
10,4,228,231,4,2,4,0.3125,229.407,541.903,644.796,11.6578,14.0000,1.2389,0.9977,4.5682,0.4202,0.4478,0.1320,0.3920,0.1171,2.7720,0.3270,0.4690
19,6,228,231,4,4,5,0.2375,229.553,846.558,677.498,16.2421,17.0000,1.4885,0.9297,5.5455,0.5991,0.1195,0.2814,0.0045,0.7931,2.9364,0.9777,0.3917
23,5,228,232,5,4,5,0.2300,229.482,856.964,781.047,17.2109,15.0000,1.3636,1.1433,4.8931,0.6755,0.0522,0.2722,0.3117,0.0156,2.6098,0.6528,0.2727
66,7,228,231,4,7,12,0.1964,229.223,862.943,764.471,28.7914,18.0000,1.6569,3.5361,5.8717,0.9076,0.0321,0.0603,0.0240,0.9233,2.7726,0.9777,0.2218
33,9,228,230,3,6,8,0.2292,229.051,859.523,773.607,22.2600,19.0000,1.5995,0.8029,6.1979,0.8556,0.0397,0.1047,0.0604,0.9213,3.2605,1.3039,0.4541
53,3,228,231,4,8,9,0.1840,229.369,864.880,753.045,26.9770,18.0000,1.5847,2.9682,5.8717,0.6284,0.2435,0.1281,0.0322,0.9595,2.9353,0.6523,0.3090
4,3,228,229,2,2,1,1.0000,228.436,868.509,804.000,8.9691,16.0000,1.1636,0.6705,5.2177,0.0000,0.7500,0.2500,1.0000,0.0000,2.6095,-0.1634,0.8000
7,3,228,230,3,2,2,0.5833,228.819,883.289,635.747,10.2328,16.0000,1.3494,0.4246,5.2193,0.3772,0.3083,0.3146,0.9758,0.2185,3.2619,0.9785,0.5181
6,3,228,231,4,2,2,0.3750,229.358,1028.866,648.806,8.9234,13.0000,1.1642,0.8922,4.2419,0.7449,0.0647,0.1904,0.9950,0.0995,2.7736,0.6522,0.5821
4,3,228,229,2,3,1,0.6667,228.808,1032.808,733.000,8.4808,14.0000,1.0769,0.8303,4.5669,0.7500,0.1500,0.1000,0.3162,0.0000,3.5886,0.3263,0.8077
53,3,229,231,3,4,14,0.3155,229.967,548.884,701.514,25.9058,17.0000,1.5588,2.5167,5.5471,0.9311,0.0293,0.0396,0.0284,0.9614,2.9364,0.9781,0.2145
8,3,229,232,4,2,3,0.3333,230.333,619.312,950.570,10.7297,17.0000,1.4624,0.7302,5.5471,0.7625,0.0833,0.1543,0.6763,0.2065,3.7522,1.3051,0.4731
12,4,229,232,4,2,4,0.3750,229.862,822.269,832.766,13.6575,15.0000,1.2414,1.1544,4.8931,0.6478,0.1940,0.1582,0.7296,0.2842,2.9364,0.3264,0.4759
30,4,229,231,3,9,5,0.2222,229.636,838.904,657.961,19.9551,16.0000,1.4328,2.3915,5.2208,0.9029,0.0440,0.0531,0.0067,0.9681,2.9353,0.6523,0.3015
45,5,229,231,3,9,8,0.2083,229.767,846.150,683.290,23.9787,15.0000,1.3692,1.7323,4.8945,0.6865,0.2393,0.0742,0.1023,0.9916,2.9374,0.9793,0.2535
4,3,229,231,3,1,2,0.6667,229.946,846.000,546.839,9.1361,18.0000,1.2857,0.1694,5.8734,0.5357,0.3214,0.1429,1.0000,0.0000,4.0783,0.9791,0.8393
41,6,229,232,4,7,8,0.1830,230.706,848.889,738.540,24.2609,18.0000,1.5504,1.4230,5.8734,0.6656,0.2168,0.1176,0.0345,0.9605,2.9373,0.9797,0.3929
36,6,229,232,4,6,8,0.1875,230.144,854.154,788.829,21.9169,15.0000,1.3400,2.4559,4.8945,0.8453,0.0670,0.0877,0.1176,0.1822,2.6097,0.6525,0.3400
5,3,229,230,2,2,2,0.6250,229.627,923.559,520.814,8.6087,13.0000,1.1017,0.8607,4.2419,0.3432,0.2505,0.4063,0.6059,0.3645,3.9144,1.3047,0.6610
3,3,229,230,2,2,1,0.7500,229.683,973.634,595.000,7.7232,15.0000,1.0976,0.7090,4.8945,0.5333,0.2667,0.2000,0.7071,0.0000,3.5895,0.8159,1.0000
6,3,229,232,4,2,2,0.3750,230.216,1033.189,590.135,9.8580,14.0000,1.1351,1.4679,4.5693,0.8087,0.0589,0.1324,0.9827,0.1690,3.2635,0.6528,0.7297
9,3,229,231,3,3,2,0.5000,229.893,1084.340,560.515,11.2025,15.0000,1.3107,0.6258,4.8945,0.6465,0.1135,0.2400,0.7461,0.6001,2.9376,0.6527,0.4272
13,3,230,232,3,3,3,0.4815,230.757,554.485,821.103,12.3102,14.0000,1.3382,0.5783,4.5693,0.4142,0.2488,0.3370,0.6789,0.7007,1.9590,0.9777,0.2941
8,3,230,233,4,2,2,0.5000,231.424,553.891,445.663,10.6171,13.0000,1.1304,0.5523,4.2448,0.7266,0.1136,0.1597,0.9790,0.0404,3.4271,0.6531,0.4239
47,4,230,232,3,8,12,0.1632,230.681,562.206,646.041,24.4682,16.0000,1.4630,2.3994,5.2221,0.9437,0.0004,0.0558,0.0098,0.7703,2.9364,0.6532,0.2198
97,4,230,233,4,6,18,0.2245,231.556,571.682,686.725,35.2643,19.0000,1.7321,4.3651,6.2013,0.9661,0.0150,0.0189,0.0605,0.9068,2.6119,0.9794,0.2801
18,6,230,232,3,4,3,0.5000,230.977,569.995,715.986,16.5395,21.0000,1.7581,0.0275,6.8540,0.4063,0.1929,0.4008,0.5927,0.7484,2.9364,0.8162,0.4372
47,4,230,232,3,7,11,0.2035,231.059,572.160,728.272,23.4708,15.0000,1.4300,2.8551,4.8957,0.8142,0.1382,0.0476,0.0006,1.0000,2.9381,0.9798,0.2170
70,9,230,235,6,7,11,0.1515,232.215,575.744,669.843,30.3577,19.0000,1.7095,4.0488,6.2027,0.8577,0.0819,0.0604,0.0796,0.3033,2.9373,0.9787,0.2596
17,3,230,232,3,4,6,0.2361,230.881,575.715,744.549,15.2772,16.0000,1.4093,2.0163,5.2221,0.7762,0.0945,0.1293,0.0596,0.8861,2.9377,0.8156,0.3627
12,5,230,233,4,3,2,0.5000,231.503,716.629,854.609,14.2285,18.0000,1.4305,1.5969,5.8749,0.6547,0.1831,0.1622,0.9216,0.3174,3.2635,0.6525,0.5298
21,4,230,232,3,4,5,0.3500,230.966,832.491,786.487,16.6658,17.0000,1.5256,0.7111,5.5485,0.6683,0.0986,0.2331,0.2172,0.8101,2.4480,0.9793,0.2991
25,4,230,234,5,4,6,0.2083,231.500,835.901,780.637,19.0627,18.0000,1.5411,2.4174,5.8749,0.6349,0.2403,0.1247,0.2008,0.4350,2.6117,0.6524,0.3596
10,3,230,233,4,3,2,0.4167,231.614,839.061,817.254,11.7676,16.0000,1.4035,0.4663,5.2233,0.5887,0.1528,0.2586,0.9256,0.2376,2.4496,0.3269,0.3860
58,4,230,233,4,7,9,0.2302,231.265,839.382,772.567,26.7008,16.0000,1.4896,2.5303,5.2233,0.5233,0.3544,0.1222,0.0835,0.9961,2.6117,0.9784,0.1814
4,3,230,231,2,3,1,0.6667,230.296,842.593,688.000,8.8107,16.0000,1.1852,0.9200,5.2221,0.7500,0.1500,0.1000,0.3162,0.0000,3.4258,0.8157,0.8333
12,6,230,232,3,3,3,0.4444,230.966,843.821,750.710,13.6615,15.0000,1.2414,0.7334,4.8957,0.1819,0.4254,0.3927,0.0000,0.0000,3.0997,0.9792,0.5655
5,3,230,231,2,2,2,0.6250,230.459,970.410,544.852,8.9025,15.0000,1.2295,0.8141,4.8957,0.3432,0.2505,0.4063,0.6059,0.3645,3.5906,0.3266,0.6885
11,4,230,233,4,2,3,0.4583,231.112,1018.352,562.520,12.3012,14.0000,1.2320,0.8142,4.5704,0.5942,0.2215,0.1843,0.9106,0.0291,2.9379,0.4895,0.4320
55,4,231,236,6,7,7,0.1871,233.766,815.327,774.743,26.9483,19.0000,1.7075,2.5715,6.2027,0.7263,0.1061,0.1677,0.1183,0.1056,2.6119,0.6529,0.2827
7,4,231,233,3,2,2,0.5833,231.940,827.393,618.333,10.3645,14.0000,1.1667,1.2179,4.5704,0.4296,0.3471,0.2233,0.9305,0.2273,3.2646,0.6525,0.6548
35,6,231,233,3,5,8,0.2917,231.905,827.588,741.181,21.9616,20.0000,1.7588,1.2544,6.5291,0.8071,0.0961,0.0968,0.0377,0.9975,2.9374,0.6531,0.2688
28,3,231,233,3,4,9,0.2593,231.577,829.926,718.487,19.2468,13.0000,1.1667,1.3127,4.2439,0.8452,0.0664,0.0884,0.0251,0.9977,3.5900,0.9792,0.1250
6,3,231,233,3,2,2,0.5000,231.786,828.386,736.143,9.3288,14.0000,1.2000,1.0075,4.5704,0.5230,0.1584,0.3185,0.9225,0.0898,3.1013,0.8164,0.5857
11,7,231,232,2,2,3,0.9167,231.538,830.545,710.846,14.0741,16.0000,1.2308,0.7309,5.2233,0.5077,0.0849,0.4074,0.1173,0.6973,3.2650,0.6523,0.7063
9,3,231,233,3,2,3,0.5000,231.757,867.505,660.458,11.6430,15.0000,1.2617,1.0590,4.8969,0.1890,0.4435,0.3675,0.2477,0.3582,2.6118,0.3271,0.5234
12,3,231,234,4,4,2,0.3750,232.364,930.242,765.697,12.4404,14.0000,1.2727,1.8285,4.5721,0.4827,0.3929,0.1244,0.9084,0.2611,2.7754,0.6529,0.3030
5,3,231,233,3,2,1,0.8333,231.765,989.647,540.000,9.9271,17.0000,1.2500,0.8422,5.5485,0.5854,0.2927,0.1220,0.9487,0.0000,3.9175,0.3264,0.6618
5,4,231,233,3,2,1,0.8333,231.855,1002.420,887.000,10.0733,17.0000,1.2319,0.4446,5.5498,0.5854,0.2927,0.1220,0.9487,0.0000,3.9186,1.3060,0.8696
6,3,232,234,3,1,3,0.6667,232.987,562.000,739.156,10.2642,18.0000,1.4026,0.1564,5.8774,0.6944,0.2222,0.0833,0.8000,0.0000,3.2656,0.6526,0.6104
7,3,232,234,3,3,2,0.3889,232.831,1051.277,652.133,10.2429,16.0000,1.3494,0.3504,5.2244,0.7514,0.0882,0.1604,0.7791,0.1005,3.2643,0.3265,0.5060
7,3,232,233,2,4,2,0.4375,232.272,1256.988,560.877,9.9951,13.0000,1.1235,1.0317,4.2439,0.7632,0.1142,0.1226,0.1383,0.4599,3.9180,1.3060,0.4815
11,3,233,237,5,3,3,0.2444,234.603,584.810,797.373,12.4076,15.0000,1.3095,0.5770,4.8994,0.8187,0.0883,0.0930,0.9249,0.3803,2.6126,0.6534,0.4365
5,3,237,239,3,2,1,0.8333,237.770,957.426,358.000,8.9120,14.0000,1.1475,0.4841,4.5736,0.5854,0.2927,0.1220,0.9487,0.0000,3.9202,0.6534,0.6557
3,3,239,240,2,2,1,0.7500,239.683,1034.659,702.000,7.7328,14.0000,1.0244,0.7309,4.5734,0.5333,0.2667,0.2000,0.7071,0.0000,4.2467,1.4700,1.0000
3,3,242,243,2,2,1,0.7500,242.698,1161.302,632.000,8.1071,17.0000,1.1860,0.4276,5.5511,0.5333,0.2667,0.2000,0.7071,0.0000,4.7354,1.1426,1.0000
6,4,243,245,3,2,2,0.5000,243.775,905.127,779.634,9.4632,13.0000,1.0986,1.0089,4.2450,0.5230,0.1584,0.3185,0.9225,0.0898,4.8970,1.6327,0.7324
5,3,244,246,3,2,1,0.8333,245.117,909.633,528.000,8.7571,14.0000,1.1667,0.3848,4.5692,0.5854,0.2927,0.1220,0.9487,0.0000,4.5691,1.3054,0.6667
4,3,244,246,3,2,1,0.6667,245.000,1157.182,923.000,8.9752,19.0000,1.3818,0.1818,6.2011,0.5357,0.3214,0.1429,1.0000,0.0000,4.5690,1.3053,0.8182
10,3,245,247,3,5,3,0.2222,245.895,807.412,331.070,11.7624,16.0000,1.4035,0.4313,5.2203,0.8258,0.0749,0.0993,0.1078,0.0548,4.2415,1.6315,0.3772
5,3,246,248,3,2,1,0.8333,247.083,1184.617,597.000,8.7512,14.0000,1.1667,1.1492,4.5678,0.5854,0.2927,0.1220,0.9487,0.0000,3.9140,0.6521,0.6833
4,3,248,249,2,1,2,1.0000,248.500,412.000,753.519,8.4745,14.0000,1.0769,0.6936,4.5621,0.0000,0.7500,0.2500,0.0000,0.0000,3.9121,0.6521,0.7692
23,5,248,252,5,3,5,0.3067,250.023,514.810,757.194,17.5210,17.0000,1.5155,0.8286,5.5369,0.5133,0.3682,0.1185,0.1587,0.0153,3.9060,0.9781,0.3295
3,3,249,250,2,2,1,0.7500,249.333,611.667,906.000,7.3362,13.0000,1.0000,0.7454,4.2363,0.5333,0.2667,0.2000,0.7071,0.0000,3.5845,0.9751,1.0000
4,3,249,251,3,2,1,0.6667,249.923,1062.288,1117.000,8.4685,15.0000,1.1538,0.7157,4.8855,0.5357,0.3214,0.1429,1.0000,0.0000,5.0485,1.9542,0.8077
4,3,251,252,2,1,2,1.0000,251.537,569.000,1104.444,8.7861,16.0000,1.1852,0.6418,5.2051,0.0000,0.7500,0.2500,0.0000,0.0000,4.7183,1.9510,0.7963
4,3,251,252,2,2,2,0.5000,251.184,1148.735,867.531,7.9743,14.0000,1.1429,0.6210,4.5573,0.5916,0.1015,0.3069,0.5000,0.5000,3.9062,1.3007,0.8163
4,3,253,255,3,1,2,0.6667,253.868,869.000,461.830,8.6100,16.0000,1.2075,0.2151,5.1981,0.7500,0.1500,0.1000,0.9487,0.0000,4.8731,1.1366,0.8302
3,3,255,256,2,2,1,0.7500,255.325,1060.350,821.000,7.4952,14.0000,1.0500,0.7267,4.5449,0.5333,0.2667,0.2000,0.7071,0.0000,4.5446,0.3244,1.0000
4,3,256,258,3,1,2,0.6667,256.981,1019.000,587.204,8.7509,16.0000,1.1852,0.2045,5.1857,0.5357,0.3214,0.1429,1.0000,0.0000,5.0225,1.4602,0.7963
7,3,257,259,3,2,2,0.5833,257.848,942.646,665.848,9.6702,13.0000,1.1519,0.9316,4.2134,0.5916,0.2044,0.2040,0.9664,0.1591,4.2131,1.4561,0.4937
6,3,257,259,3,2,2,0.5000,258.113,1231.211,502.268,9.3850,15.0000,1.2676,1.2170,4.8528,0.7074,0.0897,0.2030,0.9140,0.2540,4.2090,1.1324,0.5775
5,3,262,264,3,2,1,0.8333,263.275,935.536,538.000,9.9389,16.0000,1.1594,0.6028,5.1550,0.5854,0.2927,0.1220,0.9487,0.0000,4.8313,1.9345,0.6667
4,3,265,266,2,2,1,1.0000,265.547,1107.528,534.000,8.5131,15.0000,1.1321,0.6958,4.8161,0.0000,0.7500,0.2500,1.0000,0.0000,4.4977,0.9644,0.8113
6,3,270,271,2,3,1,1.0000,270.451,1087.890,962.000,10.6883,18.0000,1.3171,0.4644,5.7504,0.5556,0.3333,0.1111,0.0000,0.0000,4.6262,1.2760,0.6098
5,3,272,273,2,3,1,0.8333,272.619,1299.762,713.000,8.9696,16.0000,1.2698,0.4492,5.0911,0.5854,0.2927,0.1220,0.3162,0.0000,5.0902,1.4329,0.6984
10,3,277,279,3,2,2,0.8333,277.792,878.467,525.358,11.9948,17.0000,1.4167,0.6242,5.3720,0.5122,0.0732,0.4146,0.9487,0.3162,3.7946,0.9482,0.4000
9,3,278,281,4,2,3,0.3750,279.775,950.363,752.569,10.7172,17.0000,1.5000,0.7112,5.3569,0.7427,0.1370,0.1202,0.7483,0.3050,3.4627,0.6316,0.4412
6,3,279,281,3,2,2,0.5000,279.877,1246.329,671.644,9.3926,16.0000,1.3151,0.7334,5.0418,0.6381,0.1455,0.2164,0.8019,0.3768,4.0991,0.6307,0.6027
5,3,285,287,3,3,1,0.5556,285.836,1080.015,601.000,9.3653,17.0000,1.2687,0.1649,5.3123,0.5532,0.3398,0.1070,0.8281,0.0000,4.0564,1.0916,0.6866
10,3,291,293,3,4,2,0.4167,291.795,781.726,619.248,11.4728,17.0000,1.4530,0.4223,5.2701,0.5434,0.1833,0.2733,0.2596,0.3523,3.4124,1.5488,0.4103
5,3,303,305,3,2,1,0.8333,303.866,977.701,880.000,9.1629,17.0000,1.2687,1.1729,5.1927,0.5854,0.2927,0.1220,0.9487,0.0000,5.1973,1.2246,0.7015
4,3,305,306,2,2,1,1.0000,305.491,935.526,593.000,8.7013,16.0000,1.1228,0.6951,4.8825,0.0000,0.7500,0.2500,1.0000,0.0000,5.0388,1.8304,0.7895
3,3,306,307,2,2,1,0.7500,306.667,988.667,319.000,7.3951,14.0000,1.0000,0.7454,4.2722,0.5333,0.2667,0.2000,0.7071,0.0000,3.9636,1.2203,1.0000
7,3,308,310,3,4,2,0.2917,308.862,583.457,540.149,10.8133,17.0000,1.2660,0.5006,5.1734,0.7521,0.0702,0.1777,0.5050,0.1151,4.2640,1.5216,0.4787
4,3,313,314,2,1,2,1.0000,313.547,783.000,1063.453,8.0339,15.0000,1.1321,0.6404,4.5459,0.0000,0.7500,0.2500,0.0000,0.0000,3.9412,1.5160,0.8113
7,3,315,318,4,2,2,0.4375,316.477,1175.267,767.884,9.8329,15.0000,1.2209,0.5990,4.5358,0.6673,0.1280,0.2047,0.9953,0.0695,4.2368,1.2091,0.5000
5,3,316,317,2,2,2,0.6250,316.391,717.531,519.844,8.6587,15.0000,1.1719,0.6777,4.5391,0.3432,0.2505,0.4063,0.6059,0.3645,4.5387,1.8155,0.6875
4,3,318,319,2,2,1,1.0000,318.538,944.462,861.000,7.8537,14.0000,1.0769,0.7092,4.2305,0.0000,0.7500,0.2500,1.0000,0.0000,3.9253,0.9063,0.8077
3,3,318,320,3,1,1,1.0000,319.000,1181.000,854.000,9.4146,20.0000,1.1111,0.0000,6.0394,0.8889,0.0000,0.1111,1.0000,0.0000,5.4390,1.2069,1.0000
7,3,320,322,3,1,3,0.7778,320.922,741.000,862.300,10.2593,17.0000,1.3222,0.3099,5.1268,0.1247,0.7481,0.1273,1.0000,0.0000,3.0185,0.9040,0.5444
5,3,320,321,2,2,3,0.4167,320.167,1080.819,1064.597,9.7158,18.0000,1.2500,0.6458,5.4319,0.6338,0.1686,0.1975,0.2016,0.6778,4.6772,1.6591,0.6528
6,3,320,322,3,2,1,1.0000,320.988,1189.573,897.000,10.0959,18.0000,1.3171,0.4270,5.4284,0.5556,0.3333,0.1111,1.0000,0.0000,4.2219,0.9055,0.5732
4,3,324,326,3,2,1,0.6667,325.123,1016.544,896.000,8.5738,17.0000,1.1930,0.9887,5.1116,0.7576,0.1294,0.1129,0.8507,0.0000,4.2121,1.0537,0.8246
5,4,325,327,3,2,1,0.8333,325.718,773.577,530.000,9.5489,16.0000,1.1268,0.8334,4.8137,0.5854,0.2927,0.1220,0.9487,0.0000,4.8113,1.5041,0.8592
3,3,328,329,2,1,2,0.7500,328.356,870.000,872.311,7.8022,16.0000,1.0667,0.7156,4.8033,0.5333,0.2667,0.2000,0.7071,0.0000,3.9053,1.0512,1.0000
3,3,332,334,3,1,1,1.0000,332.979,1087.000,870.000,8.1305,16.0000,1.0213,0.9787,4.7962,0.8889,0.0000,0.1111,1.0000,0.0000,5.3933,1.7977,1.0000
4,3,334,335,2,1,3,0.6667,334.569,756.000,1108.086,8.6828,18.0000,1.2414,0.4396,5.3883,0.7576,0.1294,0.1129,0.5257,0.0000,4.7903,1.1971,0.8276
6,3,341,343,3,2,2,0.5000,342.296,496.136,696.716,9.8696,16.0000,1.1852,0.4323,4.7759,0.5034,0.2551,0.2415,0.9677,0.2521,4.3284,1.4924,0.5802
5,3,341,342,2,2,2,0.6250,341.414,790.371,979.671,9.3465,17.0000,1.2143,0.7675,5.0744,0.2938,0.4054,0.3007,0.7071,0.6739,4.7776,1.4929,0.6714
4,3,349,350,2,1,2,1.0000,349.463,898.000,1034.448,9.9737,19.0000,1.1343,0.6439,5.6576,0.0000,0.7500,0.2500,0.0000,0.0000,4.9127,0.8939,0.8060
8,3,351,354,4,4,2,0.2500,352.459,1150.174,762.624,11.4627,16.0000,1.1743,1.9738,4.7612,0.8272,0.0782,0.0946,0.6213,0.2723,4.4615,1.1894,0.5596
3,3,362,364,3,1,1,1.0000,362.922,963.000,538.000,8.7334,19.0000,1.1176,0.9216,5.6367,0.8889,0.0000,0.1111,1.0000,0.0000,4.7457,1.4830,1.0000
5,3,372,374,3,1,2,0.8333,373.229,998.000,1192.543,9.2638,17.0000,1.2143,0.5890,5.0309,0.5854,0.2927,0.1220,0.9487,0.0000,4.4380,0.8879,0.7000
4,3,373,374,2,2,1,1.0000,373.483,1089.483,912.000,8.5812,15.0000,1.0345,0.6827,4.4390,0.0000,0.7500,0.2500,1.0000,0.0000,5.0302,1.1832,0.7759
4,3,376,378,3,2,1,0.6667,377.246,704.787,528.000,9.0184,17.0000,1.1148,0.7836,5.0259,0.7500,0.1500,0.1000,0.9487,0.0000,4.5838,1.6263,0.7869
3,3,380,381,2,2,1,0.7500,380.674,1060.326,1097.000,7.8478,16.0000,1.0435,0.4612,4.7277,0.5333,0.2667,0.2000,0.7071,0.0000,4.7284,0.8865,1.0000
9,3,385,387,3,3,2,0.5000,385.584,859.296,1151.568,12.3017,20.0000,1.4400,0.6688,5.9044,0.2881,0.3787,0.3332,0.7556,0.4260,4.1337,1.4763,0.5600
4,3,388,389,2,1,2,1.0000,388.439,707.000,831.439,8.4103,17.0000,1.1930,0.6203,5.0170,0.0000,0.7500,0.2500,0.0000,0.0000,4.7215,1.1804,0.8246
5,3,393,395,3,2,1,0.8333,394.294,995.632,746.000,8.9656,16.0000,1.1765,0.4708,4.7173,0.5854,0.2927,0.1220,0.9487,0.0000,4.1271,0.4422,0.6912
3,3,394,395,2,2,1,0.7500,394.706,897.706,1100.000,8.6804,21.0000,1.2353,0.4159,6.1905,0.5333,0.2667,0.2000,0.7071,0.0000,4.7173,1.7687,1.0000
4,3,395,396,2,1,2,1.0000,395.541,766.000,1011.459,8.9903,18.0000,1.1803,0.6491,5.3053,0.0000,0.7500,0.2500,0.0000,0.0000,4.7162,0.5896,0.7869
4,3,396,398,3,2,1,0.6667,397.000,986.182,656.000,8.1041,15.0000,1.0909,1.0164,4.4211,0.5357,0.3214,0.1429,1.0000,0.0000,4.8621,2.3573,0.8182
6,3,401,403,3,2,2,0.5000,402.167,646.298,886.345,10.0980,15.0000,1.0714,0.4853,4.4171,0.6381,0.1455,0.2164,0.8019,0.3768,3.9753,0.5893,0.5357
5,3,401,402,2,2,2,0.6250,401.388,1060.537,754.836,8.8242,16.0000,1.1940,0.8307,4.7116,0.3432,0.2505,0.4063,0.6059,0.3645,5.0064,1.7673,0.6866
4,3,407,408,2,2,1,1.0000,407.475,381.492,962.000,8.6798,16.0000,1.0847,0.6955,4.7080,0.0000,0.7500,0.2500,1.0000,0.0000,5.0018,2.0592,0.7797
5,3,409,410,2,2,2,0.6250,409.586,779.157,1140.571,9.2079,15.0000,1.0714,0.8332,4.4124,0.3432,0.2505,0.4063,0.6059,0.3645,4.7059,1.4707,0.6429
3,3,418,420,3,1,1,1.0000,419.021,886.000,781.000,7.9695,16.0000,1.0213,0.0213,4.6991,0.8889,0.0000,0.1111,1.0000,0.0000,4.9920,1.7619,1.0000
5,3,419,420,2,2,2,0.6250,419.537,417.851,1089.597,8.7992,16.0000,1.1940,0.8170,4.6991,0.3432,0.2505,0.4063,0.6059,0.3645,4.6982,1.1746,0.6866
4,3,425,427,3,1,2,0.6667,426.000,1011.000,595.780,8.6526,16.0000,1.0847,0.2203,4.6929,0.5357,0.3214,0.1429,1.0000,0.0000,4.6929,2.0528,0.7797
5,3,453,454,2,3,1,0.8333,453.571,1006.229,773.000,9.0986,17.0000,1.2143,0.4857,4.9400,0.5854,0.2927,0.1220,0.3162,0.0000,4.6515,1.8890,0.6714
7,3,455,457,3,2,2,0.5833,455.761,495.705,743.295,9.6567,15.0000,1.1932,0.8004,4.3545,0.3772,0.3083,0.3146,0.9758,0.2185,3.7756,1.4512,0.5114
3,3,462,464,3,1,1,1.0000,463.000,1177.000,1031.000,8.3487,18.0000,1.0800,0.0000,5.2058,0.8889,0.0000,0.1111,1.0000,0.0000,4.3405,1.5901,1.0000
4,3,465,466,2,2,1,1.0000,465.468,977.484,729.000,8.9528,17.0000,1.0968,0.6730,4.9109,0.0000,0.7500,0.2500,1.0000,0.0000,5.0533,1.8765,0.7742
8,3,467,469,3,3,3,0.2963,467.704,1010.398,1088.917,11.0131,19.0000,1.4074,0.8128,5.4823,0.4096,0.3915,0.1989,0.3583,0.2963,4.0369,1.4413,0.4722
7,3,468,470,3,2,2,0.5833,468.888,896.265,694.622,10.6759,17.0000,1.2143,0.4749,4.8995,0.3883,0.1309,0.4808,0.9235,0.3259,4.3253,1.0091,0.4898
7,3,473,475,3,1,3,0.7778,473.716,948.000,1080.989,10.3194,18.0000,1.3263,0.2844,5.1722,0.1247,0.7481,0.1273,0.0000,0.0000,4.0249,0.8622,0.5158
7,3,476,479,4,2,2,0.4375,477.564,625.255,963.894,10.1875,17.0000,1.2660,1.5881,4.8791,0.7558,0.1056,0.1386,0.9795,0.1648,4.0157,1.4327,0.5106
4,3,477,478,2,1,2,1.0000,477.517,462.000,810.517,8.3157,15.0000,1.0345,0.7075,4.3025,0.0000,0.7500,0.2500,0.0000,0.0000,4.0133,0.8600,0.7759
3,3,477,479,3,1,1,1.0000,478.000,610.000,882.000,8.1098,19.0000,1.1633,0.0000,5.4466,0.8889,0.0000,0.1111,1.0000,0.0000,4.5892,1.7210,1.0000
5,3,478,480,3,1,2,0.8333,479.211,808.000,1030.648,9.0958,17.0000,1.1972,0.4106,4.8705,0.5854,0.2927,0.1220,0.9487,0.0000,4.5840,1.1458,0.6901
8,3,480,483,4,2,2,0.5000,481.673,655.894,847.615,10.5183,18.0000,1.3846,0.7048,5.1481,0.7266,0.1136,0.1597,0.9790,0.0404,3.5745,1.1442,0.4808
4,3,483,485,3,1,2,0.6667,483.661,940.000,713.254,8.4294,17.0000,1.1525,0.7082,4.8594,0.7500,0.1500,0.1000,0.9487,0.0000,4.8582,1.8568,0.7966
7,3,484,486,3,2,2,0.5833,485.196,415.239,515.609,9.9278,17.0000,1.2935,0.4986,4.8541,0.3883,0.1309,0.4808,0.9235,0.3259,3.7134,1.4268,0.5109
3,3,484,485,2,1,2,0.7500,484.681,623.000,1115.638,7.7494,17.0000,1.0851,0.7136,4.8541,0.5333,0.2667,0.2000,0.7071,0.0000,4.5709,0.5708,1.0000
4,3,485,488,4,1,1,1.0000,486.406,1053.000,1040.000,9.1303,17.0000,1.0625,1.4062,4.8541,0.9375,0.0000,0.0625,1.0000,0.0000,5.1353,1.4271,0.7969
4,3,486,487,2,2,1,1.0000,486.525,900.525,943.000,8.4164,16.0000,1.0847,0.7080,4.5661,0.0000,0.7500,0.2500,1.0000,0.0000,4.1360,0.8553,0.7966
6,3,492,494,3,3,2,0.3333,492.937,544.975,834.544,9.1728,16.0000,1.2152,1.0420,4.5525,0.3218,0.4574,0.2208,0.5418,0.4544,3.5554,0.5688,0.5823
7,3,493,495,3,2,2,0.5833,494.429,417.242,982.516,9.7759,17.0000,1.3077,0.8073,4.8307,0.5694,0.1270,0.3036,0.8963,0.4170,3.6943,1.7046,0.5165
5,3,497,499,3,2,2,0.4167,498.000,322.853,556.191,8.6310,15.0000,1.1029,1.0287,4.2589,0.4138,0.1655,0.4207,1.0000,0.0000,4.5395,1.1353,0.6618
4,3,497,499,3,1,2,0.6667,498.179,1130.000,895.179,7.9464,16.0000,1.1429,0.2525,4.5411,0.7500,0.1500,0.1000,0.9487,0.0000,3.9736,1.4184,0.8214
4,3,499,501,3,2,1,0.6667,499.614,508.298,550.000,8.0840,17.0000,1.1930,0.9325,4.8231,0.7500,0.1500,0.1000,0.9487,0.0000,4.2549,0.7091,0.8246
14,3,501,505,5,3,3,0.3111,502.983,633.145,603.266,13.1003,20.0000,1.6185,0.7484,5.6666,0.5426,0.2581,0.1993,0.9350,0.3467,3.5417,1.7005,0.2948
9,3,507,510,4,2,3,0.3750,508.140,961.579,723.912,10.7518,17.0000,1.3421,0.4524,4.8101,0.7120,0.0920,0.1960,0.9203,0.3418,3.6792,1.6974,0.4386
5,3,519,521,3,2,1,0.8333,520.169,970.634,904.000,8.9669,15.0000,1.0563,1.2250,4.2365,0.5854,0.2927,0.1220,0.9487,0.0000,3.9534,0.8474,0.6338
8,3,524,527,4,3,2,0.3333,525.650,666.718,839.097,10.2799,15.0000,1.1650,0.9740,4.2345,0.6535,0.2064,0.1400,0.9128,0.0049,4.2342,0.8470,0.4369
7,5,525,527,3,1,3,0.7778,526.343,509.000,1205.961,10.8826,17.0000,1.1667,0.3454,4.7988,0.4747,0.4312,0.0941,0.5071,0.0000,4.5166,1.1292,0.7941
3,3,532,534,3,1,1,1.0000,532.962,761.000,1209.000,8.4728,20.0000,1.1538,0.0385,5.6444,0.8889,0.0000,0.1111,1.0000,0.0000,4.5156,1.4111,1.0000
9,3,533,536,4,2,3,0.3750,534.784,730.532,1004.108,10.4417,17.0000,1.3784,0.5272,4.7975,0.3486,0.4500,0.2013,0.9129,0.3972,3.5276,1.1288,0.4234
4,3,534,536,3,1,2,0.6667,535.098,536.000,946.721,8.6073,18.0000,1.1803,0.2955,5.0797,0.5357,0.3214,0.1429,1.0000,0.0000,4.9386,1.4110,0.8361
5,3,538,540,3,1,2,0.8333,539.239,482.000,700.388,8.4554,16.0000,1.1940,0.4557,4.5151,0.5854,0.2927,0.1220,0.9487,0.0000,4.5151,0.8466,0.6866
4,3,539,542,4,1,1,1.0000,540.667,367.000,849.000,8.0424,16.0000,1.1228,0.3333,4.5150,0.9375,0.0000,0.0625,1.0000,0.0000,4.6561,1.2699,0.8246
6,4,540,541,2,2,2,0.7500,540.484,891.516,930.527,10.4835,17.0000,1.1209,0.8312,4.7972,0.0000,0.6000,0.4000,0.7071,0.5774,4.5150,1.4110,0.6923
5,3,547,549,3,2,1,0.8333,548.294,896.397,822.000,8.5808,16.0000,1.1765,0.9283,4.5146,0.5854,0.2927,0.1220,0.9487,0.0000,4.6557,1.2698,0.6765
4,3,550,551,2,2,2,0.5000,550.456,837.175,835.281,8.0415,16.0000,1.1228,0.8696,4.5145,0.5916,0.1015,0.3069,0.7071,0.7071,4.6556,1.4108,0.8246
5,3,551,553,3,1,2,0.8333,552.162,871.000,758.691,8.5803,16.0000,1.1765,0.3486,4.5144,0.5854,0.2927,0.1220,0.9487,0.0000,4.5145,1.4107,0.6912
7,3,551,552,2,2,3,0.5833,551.582,934.396,726.857,9.7045,17.0000,1.3077,0.5927,4.7965,0.5352,0.1763,0.2885,0.2673,0.0986,3.9501,1.1286,0.5165
7,4,554,556,3,3,1,0.7778,555.109,697.267,841.000,10.7702,18.0000,1.2475,0.9303,5.0782,0.1247,0.7481,0.1273,1.0000,0.0000,4.7961,1.6928,0.6436
4,3,556,558,3,1,2,0.6667,557.083,857.000,1072.450,8.4635,17.0000,1.1333,1.0212,4.7958,0.7576,0.1294,0.1129,0.8507,0.0000,4.0907,1.6926,0.8000
4,3,562,562,1,2,2,1.0000,562.000,366.544,739.544,8.0390,16.0000,1.1228,0.7098,4.5131,0.0000,0.7500,0.2500,0.0000,1.0000,4.6542,1.1283,0.8246
5,3,562,563,2,1,4,0.6250,562.227,580.000,1063.387,9.4609,17.0000,1.1333,0.4482,4.7952,0.7911,0.1351,0.0737,0.0898,0.0000,5.0771,1.6924,0.6800
6,3,563,566,4,2,2,0.3750,564.472,616.674,1018.326,10.2478,16.0000,1.0787,0.6596,4.5128,0.8460,0.0320,0.1220,0.8735,0.4867,3.9487,0.5640,0.6966
5,4,563,565,3,1,2,0.8333,564.260,869.000,438.597,9.7124,20.0000,1.2987,0.4791,5.6410,0.5854,0.2927,0.1220,0.9487,0.0000,4.7948,1.1282,0.8571
4,3,575,577,3,1,2,0.6667,575.912,769.000,1107.544,8.0336,16.0000,1.1228,0.5509,4.5101,0.7576,0.1294,0.1129,0.8507,0.0000,4.0874,0.5638,0.8246
6,4,585,586,2,2,2,0.7500,585.494,420.635,1091.729,9.7756,16.0000,1.1294,0.6711,4.5075,0.2000,0.3333,0.4667,0.0000,0.0000,4.5074,1.4085,0.7294
6,3,587,589,3,2,2,0.5000,588.165,723.873,872.595,9.0839,17.0000,1.2911,0.9371,4.7879,0.3810,0.3333,0.2857,0.9487,0.1690,4.2249,1.6897,0.5949
5,3,589,590,2,2,2,0.6250,589.623,500.377,705.145,8.6905,18.0000,1.3043,0.5522,5.0692,0.3432,0.2505,0.4063,0.6059,0.3645,4.5060,0.8449,0.6957
4,3,591,592,2,2,2,0.5000,591.754,673.174,1277.580,9.7148,23.0000,1.3333,0.5173,6.4764,0.5916,0.1015,0.3069,0.5000,0.5000,5.0687,1.5486,0.8261
8,3,592,594,3,2,3,0.4444,592.565,664.670,1046.583,11.4483,19.0000,1.3217,0.6873,5.3497,0.5462,0.2052,0.2485,0.6795,0.3815,4.6457,1.6895,0.5652
3,3,594,596,3,1,1,1.0000,594.978,400.000,802.000,7.4767,16.0000,1.0435,0.9783,4.5047,0.8889,0.0000,0.1111,1.0000,0.0000,3.9413,0.9853,1.0000
6,3,602,604,3,2,2,0.5000,603.094,572.600,1036.271,9.7635,19.0000,1.3412,0.6649,5.3459,0.6381,0.1455,0.2164,0.8019,0.3768,3.5172,0.8440,0.5882
4,3,606,608,3,1,2,0.6667,607.066,672.000,1114.738,8.5790,19.0000,1.2459,0.2704,5.3443,0.5357,0.3214,0.1429,1.0000,0.0000,4.0784,1.4061,0.8197
4,3,607,610,4,1,1,1.0000,608.322,481.000,655.000,8.2970,18.0000,1.2203,1.3220,5.0630,0.9375,0.0000,0.0625,1.0000,0.0000,4.4999,0.8436,0.8136
8,3,614,616,3,2,3,0.4444,614.733,527.371,840.190,11.5296,18.0000,1.2414,1.4456,5.0605,0.2857,0.4561,0.2582,0.7820,0.5405,4.2170,1.6868,0.5776
6,3,619,620,2,2,2,0.7500,619.537,860.305,662.695,9.4079,16.0000,1.1707,0.6883,4.4967,0.2000,0.3333,0.4667,0.0000,0.0000,4.4964,1.6862,0.5732
5,3,633,634,2,1,3,0.8333,633.632,943.000,747.176,8.5390,15.0000,1.1029,0.6565,4.2120,0.5854,0.2927,0.1220,0.3162,0.0000,4.4926,1.1232,0.6618
4,3,635,636,2,1,2,1.0000,635.492,470.000,919.525,8.5634,16.0000,1.0492,0.6840,4.4924,0.0000,0.7500,0.2500,0.0000,0.0000,4.6326,0.5615,0.7705
5,3,645,646,2,2,2,0.6250,645.536,744.145,930.391,8.6603,16.0000,1.1594,0.6795,4.4905,0.3432,0.2505,0.4063,0.6059,0.3645,5.0517,1.2629,0.6957
8,3,651,654,4,2,3,0.3333,651.963,449.491,950.000,10.7147,16.0000,1.1852,0.5106,4.4897,0.7166,0.0788,0.2046,0.9492,0.3148,4.3494,1.1224,0.5648
4,3,652,653,2,2,1,1.0000,652.508,600.525,1037.000,8.5585,16.0000,1.0492,0.6959,4.4897,0.0000,0.7500,0.2500,1.0000,0.0000,4.3494,0.5612,0.7705
8,3,656,658,3,3,2,0.4444,657.364,978.346,461.766,10.6147,17.0000,1.2710,0.5541,4.7700,0.1006,0.5836,0.3157,0.9194,0.3931,4.0686,1.1224,0.4486
3,3,657,658,2,1,2,0.7500,657.694,540.000,1123.327,7.9379,18.0000,1.1020,0.4476,5.0506,0.5333,0.2667,0.2000,0.7071,0.0000,4.7700,1.4029,1.0000
5,4,658,659,2,1,3,0.8333,658.579,896.000,1161.895,9.5366,17.0000,1.1184,0.5884,4.7700,0.5854,0.2927,0.1220,0.3162,0.0000,5.0505,0.2806,0.8684
6,3,666,669,4,2,2,0.3750,667.634,600.720,850.195,9.3930,16.0000,1.1707,0.9276,4.4894,0.7351,0.1332,0.1317,0.9406,0.2762,3.6476,0.8417,0.5610
7,3,673,675,3,2,2,0.5833,673.910,576.900,1015.460,10.6056,20.0000,1.4000,0.5565,5.6119,0.4600,0.2645,0.2756,1.0000,0.0000,4.2089,1.4030,0.5300
4,3,674,675,2,2,1,1.0000,674.467,666.567,889.000,8.4179,17.0000,1.1333,0.6368,4.7702,0.0000,0.7500,0.2500,1.0000,0.0000,4.2090,1.1224,0.8167
6,3,683,685,3,3,1,0.6667,684.000,913.141,809.000,8.9356,16.0000,1.2308,1.0099,4.4898,0.6944,0.2222,0.0833,0.8000,0.0000,3.9286,1.4031,0.6026
6,3,688,691,4,2,2,0.3750,689.329,535.256,940.220,9.3937,18.0000,1.3171,0.8850,5.0510,0.8076,0.0500,0.1424,0.9217,0.3087,3.9285,0.8418,0.6098
6,3,688,690,3,2,2,0.5000,688.802,577.465,747.151,9.8520,20.0000,1.3953,0.5275,5.6122,0.3810,0.3333,0.2857,0.9487,0.1690,4.3494,1.2627,0.6047
5,4,689,691,3,2,1,0.8333,689.861,799.582,1122.000,9.9138,17.0000,1.0759,0.5987,4.7703,0.5854,0.2927,0.1220,0.9487,0.0000,5.0509,1.4030,0.8481
4,3,692,693,2,2,2,0.5000,692.273,350.818,1082.545,7.7165,15.0000,1.0909,0.6364,4.2090,0.5916,0.1015,0.3069,0.5000,0.5000,4.4896,1.6836,0.8182
5,3,692,694,3,1,3,0.5556,693.324,659.000,1134.972,8.9096,17.0000,1.1972,0.6766,4.7701,0.3318,0.5530,0.1152,1.0000,0.0000,4.7702,1.6836,0.6901
6,3,696,698,3,2,2,0.5000,697.200,714.263,841.188,9.1637,19.0000,1.4250,0.3796,5.3310,0.5230,0.1584,0.3185,0.9225,0.0898,3.9280,0.7015,0.6125
6,3,701,702,2,2,3,0.5000,701.512,810.560,844.000,9.6208,20.0000,1.4286,0.6753,5.6111,0.6168,0.1058,0.2774,0.5000,0.5000,3.5069,0.5611,0.6310
10,3,705,708,4,2,3,0.4167,706.429,694.090,1182.835,11.7974,19.0000,1.4286,0.6017,5.3294,0.4631,0.3644,0.1725,0.9416,0.0798,3.7867,1.6829,0.4060
6,3,707,708,2,2,2,0.7500,707.525,716.638,856.250,9.1607,16.0000,1.2000,0.8334,4.4877,0.2000,0.3333,0.4667,0.0000,0.0000,3.9269,0.5610,0.5875
7,3,718,720,3,1,3,0.7778,719.256,877.000,961.878,9.5356,15.0000,1.1667,0.9142,4.2049,0.4747,0.4312,0.0941,0.5071,0.0000,4.2046,1.1212,0.5000
5,3,719,721,3,2,1,0.8333,720.213,482.387,735.000,9.4017,16.0000,1.0667,0.4416,4.4849,0.5854,0.2927,0.1220,0.9487,0.0000,4.4849,1.2614,0.6267
5,3,719,720,2,2,3,0.4167,719.500,715.857,942.057,8.7753,19.0000,1.3571,0.5231,5.3262,0.7729,0.0435,0.1836,0.4781,0.7852,4.4849,1.6817,0.7143
3,3,720,721,2,2,1,0.7500,720.326,739.652,1131.000,7.4443,16.0000,1.0435,0.7292,4.4849,0.5333,0.2667,0.2000,0.7071,0.0000,4.4849,1.9621,1.0000
8,3,724,726,3,1,5,0.5333,724.893,846.000,1088.845,10.2047,15.0000,1.1650,0.9066,4.2036,0.8297,0.1294,0.0409,0.2378,0.0000,3.5027,1.1209,0.5825
4,3,725,727,3,1,2,0.6667,725.948,806.000,1097.517,8.1260,16.0000,1.1034,0.5198,4.4833,0.7576,0.1294,0.1129,0.8507,0.0000,4.4834,0.8406,0.7931
3,3,731,731,1,2,2,0.7500,731.000,429.688,702.667,7.7629,17.0000,1.0625,0.4569,4.7620,0.5333,0.2667,0.2000,0.0000,1.0000,4.2018,0.9805,1.0000
6,3,734,736,3,2,2,0.5000,734.878,731.878,829.646,9.3752,17.0000,1.2439,0.3935,4.7609,0.7074,0.0897,0.2030,0.9140,0.2540,4.0609,0.4201,0.5854
4,3,751,754,4,1,1,1.0000,752.531,345.000,921.000,8.9544,17.0000,1.0625,0.4688,4.7569,0.9375,0.0000,0.0625,1.0000,0.0000,4.7569,1.2592,0.7656
6,3,756,758,3,2,2,0.5000,756.831,668.795,877.361,9.4805,17.0000,1.2289,0.8896,4.7564,0.5230,0.1584,0.3185,0.9225,0.0898,4.4766,0.8394,0.5904
5,3,788,790,3,1,2,0.8333,789.292,673.000,1079.375,9.0059,17.0000,1.1806,0.8015,4.7547,0.5854,0.2927,0.1220,0.9487,0.0000,4.7547,1.6781,0.6806
5,3,832,834,3,1,3,0.5556,832.917,725.000,1268.750,8.9974,18.0000,1.2500,0.7546,5.0297,0.5532,0.3398,0.1070,0.5606,0.0000,4.7504,1.5368,0.7222
6,3,846,848,3,3,1,0.6667,846.783,345.253,979.000,9.4646,16.0000,1.1566,1.0823,4.4692,0.4000,0.4800,0.1200,0.7071,0.0000,4.3295,0.2793,0.5783
3,3,846,848,3,1,1,1.0000,847.000,492.000,1097.000,7.7407,16.0000,1.0000,1.0000,4.4692,0.8889,0.0000,0.1111,1.0000,0.0000,4.7484,1.6759,1.0000
4,3,847,849,3,2,1,0.6667,848.043,446.829,828.000,9.7759,23.0000,1.3143,0.1767,6.4242,0.5357,0.3214,0.1429,1.0000,0.0000,5.4465,1.3965,0.8286
4,3,875,877,3,2,1,0.6667,875.875,590.438,1006.000,8.9331,18.0000,1.1250,0.9783,5.0250,0.7576,0.1294,0.1129,0.8507,0.0000,4.7457,1.1166,0.8438
6,3,906,907,2,3,1,1.0000,906.589,315.044,795.000,10.2456,20.0000,1.3333,1.0402,5.5769,0.5556,0.3333,0.1111,0.0000,0.0000,4.0434,0.6972,0.6000
3,3,940,942,3,1,1,1.0000,941.000,277.000,821.000,7.7120,16.0000,1.0000,1.0000,4.4527,0.8889,0.0000,0.1111,1.0000,0.0000,5.2873,2.2261,1.0000
10,3,947,950,4,3,2,0.4167,948.712,467.348,1026.583,11.6131,19.0000,1.4394,0.8956,5.2861,0.6742,0.1609,0.1650,0.8752,0.2546,3.7559,1.5301,0.4015
10,3,951,953,3,3,3,0.3704,952.450,846.167,676.958,10.5565,17.0000,1.4167,0.5762,4.7292,0.0931,0.5081,0.3989,0.7709,0.5930,3.0601,0.8346,0.4083
10,3,958,961,4,3,2,0.4167,959.468,471.159,898.722,11.0838,19.0000,1.5079,0.8752,5.2853,0.7231,0.0928,0.1841,0.9364,0.1089,3.1990,1.5300,0.4048
9,3,972,974,3,3,2,0.5000,973.144,436.680,1012.416,11.5929,21.0000,1.5120,0.5442,5.8428,0.1468,0.4265,0.4267,0.8847,0.2252,4.4515,0.8347,0.4400
5,3,1005,1007,3,2,1,0.8333,1006.382,699.408,928.000,9.4657,20.0000,1.3158,0.8562,5.5701,0.5854,0.2927,0.1220,0.9487,0.0000,4.7345,1.3925,0.7237
6,3,1012,1015,4,2,2,0.3750,1013.500,449.798,705.143,9.5521,17.0000,1.2143,0.9522,4.7352,0.8444,0.0252,0.1304,0.9761,0.1745,4.4567,1.6713,0.5833
5,3,1016,1017,2,3,1,0.8333,1016.614,404.700,525.000,8.7204,16.0000,1.1429,0.9313,4.4570,0.5854,0.2927,0.1220,0.3162,0.0000,4.8748,1.2535,0.6857
5,3,1020,1021,2,2,2,0.6250,1020.861,224.472,840.611,8.9702,17.0000,1.1806,0.6273,4.7359,0.3432,0.2505,0.4063,0.5155,0.8569,5.2931,1.6715,0.7083
6,3,1020,1022,3,1,3,0.6667,1020.940,630.000,968.202,9.5534,19.0000,1.3571,0.2110,5.2931,0.6944,0.2222,0.0833,0.8000,0.0000,4.1788,1.5322,0.6071
3,3,1030,1031,2,1,2,0.7500,1030.660,444.000,942.320,8.0432,17.0000,1.0200,0.7335,4.7366,0.5333,0.2667,0.2000,0.7071,0.0000,5.0152,1.6718,1.0000
5,3,1036,1038,3,2,2,0.4167,1037.049,483.402,722.817,10.2184,21.0000,1.2805,0.4447,5.8516,0.5461,0.2256,0.2283,0.8117,0.4177,4.7370,1.1146,0.6585
3,3,1037,1039,3,1,1,1.0000,1037.981,940.000,691.000,8.6874,19.0000,1.0556,0.0185,5.2943,0.8889,0.0000,0.1111,1.0000,0.0000,4.7370,1.3932,1.0000
5,3,1056,1057,2,2,2,0.6250,1056.581,339.662,524.635,9.2231,17.0000,1.1486,0.7648,4.7378,0.2938,0.4054,0.3007,0.7071,0.6739,5.0165,1.6722,0.6622
4,4,1071,1073,3,1,2,0.6667,1072.000,372.000,793.492,9.0579,17.0000,1.0462,0.4923,4.7380,0.7576,0.1294,0.1129,0.8507,0.0000,5.0167,2.5083,1.0000
5,4,1086,1088,3,2,1,0.8333,1086.662,663.400,954.000,9.9689,21.0000,1.3125,0.7739,5.8516,0.5854,0.2927,0.1220,0.9487,0.0000,4.1797,1.2538,0.8750
4,3,1094,1096,3,1,2,0.6667,1095.000,367.000,1105.156,8.9137,20.0000,1.2500,0.1562,5.5711,0.5357,0.3214,0.1429,1.0000,0.0000,5.2925,1.6713,0.8438
7,4,1111,1113,3,2,2,0.5833,1112.129,736.554,848.752,10.6214,16.0000,1.1089,1.2385,4.4522,0.6521,0.0981,0.2499,0.9237,0.3606,5.0078,1.5302,0.6337
5,3,1121,1123,3,1,2,0.8333,1121.800,793.000,508.625,9.9457,20.0000,1.2500,0.4250,5.5597,0.5854,0.2927,0.1220,0.9487,0.0000,4.7257,0.8340,0.6500
7,3,1122,1125,4,2,2,0.4375,1123.217,406.239,913.109,9.6652,17.0000,1.2935,1.2454,4.7258,0.8309,0.0693,0.0998,0.9918,0.1020,3.6139,1.3897,0.5435
16,4,1159,1162,4,2,5,0.4000,1160.567,803.403,722.515,16.0114,24.0000,1.6623,0.7646,6.6540,0.5891,0.1734,0.2375,0.1658,0.0797,3.1884,0.8318,0.3506
7,3,1160,1162,3,2,2,0.5833,1161.267,297.250,878.241,12.1556,24.0000,1.4483,0.4384,6.6540,0.3772,0.3083,0.3146,0.9758,0.2185,4.4360,0.9704,0.5086
5,3,1164,1166,3,2,1,0.8333,1165.273,203.610,763.000,9.5464,20.0000,1.2987,0.8251,5.5445,0.5854,0.2927,0.1220,0.9487,0.0000,4.9901,1.6634,0.7273
9,3,1167,1169,3,2,2,0.7500,1167.991,855.684,696.675,10.8115,19.0000,1.4615,0.4534,5.2671,0.4444,0.2963,0.2593,1.0000,0.0000,3.6038,1.3861,0.4444
11,5,1168,1170,3,1,6,0.6111,1169.138,803.000,720.976,13.9584,22.0000,1.4491,0.9857,6.0987,0.8346,0.1378,0.0276,0.1088,0.0000,3.8810,1.9405,0.5629
6,3,1179,1181,3,3,1,0.6667,1180.011,172.126,606.000,9.8457,19.0000,1.3103,0.1270,5.2669,0.6944,0.2222,0.0833,0.8000,0.0000,4.4353,1.3860,0.6207
4,3,1182,1183,2,2,1,1.0000,1182.452,290.548,924.000,8.5935,18.0000,1.1613,0.7104,4.9898,0.0000,0.7500,0.2500,1.0000,0.0000,4.9898,1.6633,0.8387
6,3,1194,1196,3,2,1,1.0000,1195.012,846.506,637.000,9.6197,16.0000,1.1294,0.5060,4.4355,0.5556,0.3333,0.1111,1.0000,0.0000,4.0196,1.3861,0.5647
4,3,1197,1198,2,2,1,1.0000,1197.459,487.541,703.000,8.4551,17.0000,1.1148,0.7095,4.7127,0.0000,0.7500,0.2500,1.0000,0.0000,4.2968,0.6930,0.8197
5,3,1200,1202,3,1,2,0.8333,1200.654,394.000,743.436,9.6699,19.0000,1.2179,0.8636,5.2671,0.5854,0.2927,0.1220,0.9487,0.0000,4.1582,0.8316,0.6795
6,3,1227,1229,3,1,3,0.6667,1227.795,746.000,887.711,9.3909,18.0000,1.3012,1.0666,4.9886,0.4000,0.4800,0.1200,0.7071,0.0000,3.4643,1.1086,0.6265
7,3,1237,1240,4,2,2,0.4375,1238.479,811.532,780.117,9.8462,18.0000,1.3404,0.7251,4.9884,0.6625,0.1752,0.1623,0.9597,0.1934,3.3256,1.9399,0.5426
22,8,1240,1244,5,3,4,0.3667,1242.282,801.900,693.680,18.8485,25.0000,1.7241,0.4381,6.9285,0.5368,0.2406,0.2226,0.9026,0.3025,4.0186,1.3857,0.5674
25,8,1269,1273,5,3,6,0.2778,1270.828,803.277,721.668,19.0297,20.0000,1.4577,1.5256,5.5481,0.5454,0.2373,0.2174,0.4873,0.3987,2.7743,0.8322,0.4227
4,3,1285,1286,2,2,2,0.5000,1285.468,732.839,551.742,8.6062,19.0000,1.2258,0.6131,5.2749,0.5916,0.1015,0.3069,0.7071,0.7071,4.8582,1.3881,0.8387
6,3,1291,1293,3,2,2,0.5000,1292.205,669.682,716.830,9.9771,17.0000,1.1591,0.4149,4.7213,0.5230,0.1584,0.3185,0.9225,0.0898,4.0268,0.6942,0.5682
5,3,1301,1303,3,2,1,0.8333,1302.197,548.632,1123.000,9.4429,19.0000,1.2500,0.4180,5.2787,0.5854,0.2927,0.1220,0.9487,0.0000,4.1674,0.5557,0.6711
4,3,1321,1322,2,2,2,0.5000,1321.738,665.738,524.164,8.4776,19.0000,1.2459,0.4056,5.2811,0.0000,0.5625,0.4375,0.4459,0.5774,4.4473,1.1118,0.8361
6,3,1329,1331,3,2,2,0.5000,1329.908,447.816,710.483,9.8728,19.0000,1.3103,0.5247,5.2814,0.3810,0.3333,0.2857,0.9487,0.1690,4.4475,1.1119,0.5862
5,3,1329,1331,3,2,2,0.4167,1330.158,505.868,491.158,9.4477,20.0000,1.3158,0.2592,5.5594,0.6489,0.0995,0.2515,0.9362,0.2726,5.0034,1.2509,0.7105
3,3,1339,1340,2,2,1,0.7500,1339.365,660.327,961.000,8.3450,19.0000,1.0962,0.7139,5.2812,0.5333,0.2667,0.2000,0.7071,0.0000,5.0033,0.8339,1.0000
6,3,1351,1353,3,3,2,0.3333,1351.926,737.926,489.593,9.1900,16.0000,1.1852,1.0143,4.4467,0.6378,0.1768,0.1854,0.4780,0.2815,4.4465,1.3896,0.5926
4,3,1356,1357,2,2,1,1.0000,1356.492,234.508,717.000,8.7533,16.0000,1.0159,0.7072,4.4462,0.0000,0.7500,0.2500,1.0000,0.0000,4.7240,1.3894,0.7619
9,3,1359,1361,3,3,3,0.3333,1359.763,458.059,723.517,10.9291,16.0000,1.2203,0.9233,4.4458,0.1726,0.5028,0.3246,0.4455,0.7510,3.8900,1.1115,0.4068
5,3,1382,1384,3,2,2,0.4167,1382.885,260.564,592.859,9.6854,19.0000,1.2179,0.4724,5.2754,0.7729,0.0435,0.1836,0.8328,0.5477,4.4423,0.9718,0.6795
5,3,1391,1393,3,1,2,0.8333,1391.857,523.000,413.714,8.6896,18.0000,1.2857,0.3194,4.9964,0.5854,0.2927,0.1220,0.9487,0.0000,4.7187,0.5551,0.7143
3,3,1403,1404,2,2,1,0.7500,1403.635,981.308,585.000,8.3311,19.0000,1.0962,0.7053,5.2725,0.5333,0.2667,0.2000,0.7071,0.0000,4.9949,1.3875,1.0000
5,3,1414,1416,3,2,1,0.8333,1415.110,605.370,699.000,9.0575,17.0000,1.1644,0.3858,4.7165,0.5854,0.2927,0.1220,0.9487,0.0000,4.7165,1.5259,0.6712
5,3,1414,1415,2,1,3,0.8333,1414.609,754.000,228.681,8.5613,16.0000,1.1594,0.9135,4.4391,0.5854,0.2927,0.1220,0.3162,0.0000,4.7165,0.9711,0.6957
8,3,1436,1439,4,3,2,0.3333,1437.664,544.136,600.500,10.7880,18.0000,1.3091,0.6178,4.9930,0.8398,0.0281,0.1321,0.8375,0.1835,3.4674,1.1096,0.4545
5,3,1437,1439,3,2,2,0.4167,1437.845,834.141,615.859,8.8078,18.0000,1.2676,0.2523,4.9930,0.6489,0.0995,0.2515,0.9362,0.2726,4.7156,1.6644,0.7183
4,3,1441,1442,2,1,3,0.6667,1441.262,645.000,438.311,8.4603,16.0000,1.0492,0.4072,4.4382,0.7500,0.1500,0.1000,0.3162,0.0000,4.1608,1.1095,0.7869
6,3,1450,1452,3,2,3,0.3333,1450.926,305.136,564.407,9.1724,18.0000,1.3333,0.4358,4.9928,0.5367,0.2153,0.2481,0.4430,0.2219,3.4672,0.8321,0.6173
5,3,1457,1459,3,2,2,0.4167,1457.987,825.147,575.173,9.3035,19.0000,1.2667,1.0125,5.2702,0.7958,0.0325,0.1718,0.9294,0.3690,4.7154,1.3869,0.6800
7,3,1473,1475,3,2,3,0.3889,1474.122,1075.767,584.100,9.4353,17.0000,1.3222,0.2817,4.7153,0.7243,0.1219,0.1538,0.7824,0.2053,3.3285,1.1095,0.5444
7,3,1475,1477,3,2,2,0.5833,1476.308,714.418,515.231,9.5401,17.0000,1.3077,0.6980,4.7153,0.4379,0.1023,0.4598,0.9744,0.1730,2.7737,0.8321,0.5385
4,3,1483,1484,2,1,2,1.0000,1483.492,970.000,733.538,9.0144,18.0000,1.1077,0.6861,4.9926,0.0000,0.7500,0.2500,0.0000,0.0000,5.1313,1.9416,0.7846
6,3,1489,1491,3,3,1,0.6667,1490.242,502.077,412.000,10.3041,18.0000,1.1868,0.2537,4.9925,0.6944,0.2222,0.0833,0.6000,0.0000,4.5764,0.8321,0.5714
6,3,1492,1495,4,2,2,0.3750,1493.761,513.114,413.864,9.9643,20.0000,1.3636,1.2513,5.5471,0.8444,0.0252,0.1304,0.9761,0.1745,4.2990,1.1094,0.6364
9,3,1497,1500,4,3,2,0.3750,1498.347,349.017,653.165,11.1864,17.0000,1.2645,1.2194,4.7149,0.7574,0.0689,0.1737,0.8012,0.2669,4.1603,1.5254,0.4132
21,7,1502,1505,4,4,4,0.3281,1503.179,674.868,1064.003,17.9141,24.0000,1.7027,0.2223,6.6562,0.2143,0.2625,0.5232,0.6072,0.6153,3.6054,1.1094,0.4493
8,3,1502,1504,3,2,2,0.6667,1502.961,704.451,866.196,10.0016,18.0000,1.4118,0.4933,4.9921,0.4286,0.1071,0.4643,1.0000,0.0000,3.3281,1.3867,0.4902
6,3,1504,1506,3,3,1,0.6667,1505.213,529.050,546.000,9.0578,16.0000,1.2000,0.2183,4.4374,0.6944,0.2222,0.0833,0.6000,0.0000,3.4667,0.6933,0.6000
6,3,1515,1517,3,3,2,0.3333,1515.929,566.940,444.440,9.5096,17.0000,1.2143,0.5672,4.7142,0.3218,0.4574,0.2208,0.5418,0.4544,4.8529,1.5252,0.5833
5,3,1519,1521,3,2,2,0.4167,1520.039,731.857,557.610,9.5487,20.0000,1.2987,0.4168,5.5459,0.5461,0.2256,0.2283,0.8117,0.4177,4.7139,1.1092,0.6883
3,3,1520,1521,2,2,1,0.7500,1520.358,539.698,514.000,8.4850,19.0000,1.0755,0.7090,5.2685,0.5333,0.2667,0.2000,0.7071,0.0000,5.2686,1.9410,1.0000
13,3,1529,1532,4,3,3,0.3611,1530.548,455.253,594.193,12.7646,19.0000,1.4880,0.5525,5.2677,0.6345,0.1155,0.2501,0.8353,0.5077,3.6041,1.1090,0.3133
12,4,1530,1533,4,2,4,0.3750,1531.807,712.331,485.440,13.2855,19.0000,1.3735,0.6788,5.2676,0.7134,0.0730,0.2136,0.8505,0.1713,4.0200,1.1090,0.4157
8,4,1543,1546,4,2,3,0.3333,1544.630,690.521,395.000,11.6614,20.0000,1.3445,0.6051,5.5434,0.5963,0.0096,0.3941,0.9920,0.1259,4.2961,1.1087,0.6050
5,3,1573,1575,3,1,2,0.8333,1573.873,902.000,523.704,8.7935,17.0000,1.1972,0.3218,4.7080,0.5854,0.2927,0.1220,0.9487,0.0000,4.7081,1.3847,0.7042
5,3,1587,1589,3,2,2,0.4167,1587.900,447.471,456.843,8.6659,17.0000,1.2143,1.0555,4.7061,0.5461,0.2256,0.2283,0.8117,0.4177,4.7059,1.1073,0.7000
5,3,1612,1614,3,2,1,0.8333,1612.844,532.286,423.000,9.5266,19.0000,1.2338,0.8912,5.2565,0.5854,0.2927,0.1220,0.9487,0.0000,4.7030,0.8299,0.7143
6,3,1622,1624,3,2,2,0.5000,1623.133,496.386,434.133,9.3727,17.0000,1.2289,0.9585,4.7023,0.7074,0.0897,0.2030,0.9140,0.2540,4.4257,1.3830,0.5904
9,3,1625,1627,3,2,3,0.5000,1626.008,1032.800,633.488,11.5248,20.0000,1.4400,0.5497,5.5319,0.5533,0.2223,0.2244,0.8051,0.0748,3.3192,0.8298,0.4240
4,3,1642,1644,3,2,1,0.6667,1642.951,543.164,347.000,8.4350,19.0000,1.2459,0.9648,5.2546,0.5357,0.3214,0.1429,1.0000,0.0000,4.1483,0.8297,0.8361
4,3,1666,1667,2,1,2,1.0000,1666.484,738.000,161.500,8.8502,17.0000,1.0625,0.6961,4.7017,0.0000,0.7500,0.2500,0.0000,0.0000,4.9783,1.3828,0.7656
5,3,1676,1677,2,3,1,0.8333,1676.597,654.306,512.000,8.9065,17.0000,1.1806,0.9159,4.7022,0.5854,0.2927,0.1220,0.3162,0.0000,4.7023,0.8298,0.6806
5,3,1681,1683,3,1,2,0.8333,1681.699,620.000,481.627,10.2682,21.0000,1.2651,0.7923,5.8092,0.5854,0.2927,0.1220,0.9487,0.0000,5.2559,1.7981,0.6747
4,3,1699,1700,2,2,1,1.0000,1699.459,249.475,459.000,8.4417,17.0000,1.1148,0.6971,4.7051,0.0000,0.7500,0.2500,1.0000,0.0000,4.7052,0.9687,0.8033
6,3,1708,1709,2,2,2,0.7500,1708.466,587.716,554.659,9.9474,17.0000,1.1591,0.8557,4.7070,0.2000,0.3333,0.4667,0.0000,0.0000,4.2918,0.2769,0.5682
5,3,1708,1710,3,2,2,0.4167,1708.972,656.292,469.139,8.9158,18.0000,1.2500,1.0245,4.9838,0.1521,0.5234,0.3245,1.0000,0.0000,4.7074,1.3845,0.7083
8,3,1712,1714,3,2,3,0.4444,1712.702,630.663,525.865,10.1832,16.0000,1.2308,1.1640,4.4312,0.1920,0.5155,0.2925,0.6187,0.2315,4.0158,1.3848,0.4615
6,3,1745,1747,3,2,3,0.3333,1745.920,868.425,457.736,9.8540,18.0000,1.2414,1.2520,4.9937,0.6378,0.1768,0.1854,0.4780,0.2815,4.0229,1.1098,0.5747
22,4,1746,1750,5,3,4,0.3667,1748.313,767.756,803.450,17.2146,21.0000,1.5876,0.6780,5.8268,0.6978,0.1230,0.1792,0.8925,0.3385,3.3296,1.1099,0.2440
4,3,1751,1752,2,1,2,1.0000,1751.522,796.000,752.463,9.2965,19.0000,1.1343,0.6650,5.2728,0.0000,0.7500,0.2500,0.0000,0.0000,4.0238,1.2488,0.7761
9,3,1755,1758,4,2,2,0.5625,1756.277,793.738,757.585,12.0275,21.0000,1.4538,0.9659,5.8289,0.6854,0.1426,0.1721,0.9365,0.1398,3.6081,1.1101,0.4231
6,3,1777,1779,3,1,2,1.0000,1778.011,970.000,539.516,10.3179,19.0000,1.2527,0.5166,5.2769,0.5556,0.3333,0.1111,1.0000,0.0000,4.1660,0.9720,0.6044
4,4,1781,1782,2,1,2,1.0000,1781.515,620.000,304.515,9.1659,18.0000,1.0909,0.6857,4.9997,0.0000,0.7500,0.2500,0.0000,0.0000,4.7218,0.8333,1.0000
5,3,1801,1803,3,1,2,0.8333,1801.789,632.000,461.526,9.4457,18.0000,1.1842,0.9488,5.0024,0.5854,0.2927,0.1220,0.9487,0.0000,5.2802,1.3895,0.7105
5,3,1801,1803,3,1,2,0.8333,1802.359,645.000,353.628,9.6945,21.0000,1.3462,0.7410,5.8364,0.5854,0.2927,0.1220,0.9487,0.0000,5.0026,0.8337,0.7179
8,3,1808,1809,2,2,3,0.6667,1808.596,663.298,394.982,11.2040,20.0000,1.4035,0.5021,5.5597,0.5524,0.0893,0.3583,0.3251,0.6280,4.3087,1.6678,0.4825
4,3,1823,1824,2,2,2,0.5000,1823.742,979.774,375.742,8.6232,16.0000,1.0323,0.8173,4.4507,0.0000,0.5625,0.4375,0.4459,0.5774,4.7288,1.8081,0.7742
6,3,1832,1834,3,2,2,0.5000,1832.936,901.160,316.309,10.6804,20.0000,1.2766,0.3532,5.5663,0.5230,0.1584,0.3185,0.9225,0.0898,4.7313,0.5567,0.5851
8,4,1841,1843,3,2,2,0.6667,1842.070,839.826,247.600,11.3231,17.0000,1.1826,1.2386,4.7347,0.4961,0.2369,0.2670,0.9586,0.0986,4.0379,1.1141,0.5739
4,3,1867,1869,3,1,2,0.6667,1868.164,1034.000,336.164,8.5189,19.0000,1.2459,0.2318,5.3067,0.7500,0.1500,0.1000,0.9487,0.0000,5.0272,0.5585,0.8361
5,3,1885,1886,2,2,2,0.6250,1885.529,754.843,286.557,8.7781,17.0000,1.2143,0.7073,4.7661,0.3432,0.2505,0.4063,0.6059,0.3645,4.4869,0.8411,0.6857
11,3,1886,1888,3,2,3,0.6111,1886.644,841.455,782.136,11.1639,15.0000,1.2500,0.7999,4.2067,0.6117,0.0540,0.3343,0.5257,0.7104,3.6466,1.1226,0.3409
6,3,1900,1901,2,2,2,0.7500,1900.274,789.321,942.536,9.6727,18.0000,1.2857,0.6276,5.0764,0.2000,0.3333,0.4667,0.7071,0.7071,3.5259,0.8465,0.5833
3,3,1901,1903,3,1,1,1.0000,1901.959,1039.000,517.000,7.9864,17.0000,1.0408,0.9592,4.7992,0.8889,0.0000,0.1111,1.0000,0.0000,5.2198,1.4115,1.0000
5,4,1901,1902,2,3,1,0.8333,1901.410,1087.731,454.000,9.8447,19.0000,1.2179,0.4907,5.3611,0.5854,0.2927,0.1220,0.3162,0.0000,4.2348,0.5645,0.8590
5,3,1902,1903,2,1,3,0.8333,1902.486,802.000,193.757,8.8399,18.0000,1.2857,0.5687,5.0842,0.5854,0.2927,0.1220,0.3162,0.0000,4.5165,1.4108,0.7000
3,3,1902,1903,2,2,1,0.7500,1902.667,1007.333,482.000,7.3371,15.0000,1.0000,0.7454,4.2368,0.5333,0.2667,0.2000,0.7071,0.0000,4.8018,1.4116,1.0000
7,3,1911,1914,4,2,2,0.4375,1912.462,787.242,644.297,9.7693,17.0000,1.3077,0.6606,4.8302,0.6801,0.1680,0.1519,0.9328,0.2851,3.6914,0.4268,0.5165
4,3,1925,1926,2,1,2,1.0000,1925.474,718.000,350.439,8.1670,17.0000,1.1930,0.6851,4.8733,0.0000,0.7500,0.2500,0.0000,0.0000,4.8699,1.1465,0.8246
7,4,1933,1935,3,2,2,0.5833,1933.699,474.612,611.272,11.2195,18.0000,1.2233,0.8446,5.1850,0.4600,0.2645,0.2756,0.8571,0.1000,4.9003,1.5857,0.6408
7,3,1934,1935,2,2,2,0.8750,1934.558,680.358,851.421,10.3540,16.0000,1.1789,0.7853,4.6151,0.0000,0.3318,0.6682,0.7788,0.5774,4.6117,1.1540,0.4947
3,3,1934,1935,2,2,1,0.7500,1934.333,867.333,629.000,7.4907,15.0000,1.0000,0.4714,4.3267,0.5333,0.2667,0.2000,0.7071,0.0000,4.0357,1.4403,1.0000
4,3,1935,1936,2,3,1,0.6667,1935.534,990.086,845.000,8.3679,17.0000,1.1724,0.5414,4.9036,0.7576,0.1294,0.1129,0.5257,0.0000,4.7625,0.5775,0.8276
5,3,1939,1941,3,2,2,0.4167,1939.754,492.783,781.174,8.9280,17.0000,1.2319,0.3718,4.9193,0.6489,0.0995,0.2515,0.9362,0.2726,4.6272,0.8685,0.6812
5,3,1941,1943,3,2,2,0.4167,1942.250,750.147,932.779,8.8120,17.0000,1.2500,0.7955,4.9282,0.6489,0.0995,0.2515,0.9362,0.2726,4.6356,1.4478,0.7059
4,4,1942,1943,2,1,2,1.0000,1942.463,724.000,338.493,9.7085,18.0000,1.0746,0.6758,5.2151,0.0000,0.7500,0.2500,0.0000,0.0000,5.5054,1.1599,1.0000
7,3,1942,1945,4,2,2,0.4375,1943.573,851.135,885.458,10.5222,19.0000,1.3854,0.8000,5.5080,0.7406,0.0824,0.1770,0.9316,0.0988,4.0611,1.1604,0.5104
3,3,1959,1961,3,1,1,1.0000,1959.943,1043.000,843.000,8.9420,20.0000,1.1321,0.0566,5.8447,0.8889,0.0000,0.1111,1.0000,0.0000,5.5505,1.8994,1.0000
8,3,1964,1967,4,2,2,0.5000,1965.248,957.314,714.352,10.8670,17.0000,1.2952,1.3340,4.9761,0.7502,0.1177,0.1321,0.9197,0.3912,3.8062,1.7561,0.4762
4,3,1965,1966,2,1,3,0.6667,1965.565,841.000,200.048,9.0755,20.0000,1.2903,0.4382,5.8559,0.7576,0.1294,0.1129,0.5257,0.0000,4.6841,0.4391,0.8065
4,3,1967,1969,3,2,1,0.6667,1968.186,984.831,1016.000,8.6425,18.0000,1.2203,0.2520,5.2732,0.7500,0.1500,0.1000,0.9487,0.0000,4.8339,1.3185,0.8305
4,3,1971,1972,2,1,2,1.0000,1971.446,745.000,780.464,8.2096,16.0000,1.1429,0.6973,4.6907,0.0000,0.7500,0.2500,0.0000,0.0000,4.9844,1.0262,0.8214
4,3,1977,1978,2,2,1,1.0000,1977.492,640.443,481.000,8.9537,19.0000,1.2459,0.6617,5.5772,0.0000,0.7500,0.2500,1.0000,0.0000,4.1104,1.0272,0.8033
6,3,1978,1980,3,2,2,0.5000,1979.066,808.868,800.329,9.1110,16.0000,1.2632,0.3603,4.6983,0.7074,0.0897,0.2030,0.9140,0.2540,3.9645,1.6151,0.6053
3,3,1985,1986,2,1,2,0.7500,1985.673,718.000,342.694,8.3160,18.0000,1.1020,0.4476,5.2914,0.5333,0.2667,0.2000,0.7071,0.0000,4.4089,1.1759,1.0000
7,3,1989,1990,2,2,2,0.8750,1989.402,617.565,852.652,10.2268,17.0000,1.2935,0.7760,4.9995,0.0000,0.3318,0.6682,0.0000,0.5774,3.8237,0.0002,0.5217
5,3,1989,1991,3,1,2,0.8333,1989.819,670.000,355.514,9.4705,20.0000,1.3889,0.5447,5.8826,0.5854,0.2927,0.1220,0.9487,0.0000,4.7055,1.6176,0.6944
5,3,1997,1999,3,2,1,0.8333,1997.714,778.443,935.000,9.2164,16.0000,1.1429,0.9059,4.7101,0.5854,0.2927,0.1220,0.9487,0.0000,4.4163,0.7362,0.6571
3,3,1997,1998,2,2,1,0.7500,1997.333,891.333,459.000,7.6486,15.0000,1.0000,0.4714,4.4163,0.5333,0.2667,0.2000,0.7071,0.0000,4.1214,1.4719,1.0000
5,3,2004,2006,3,1,2,0.8333,2004.873,690.000,1012.423,9.3558,17.0000,1.1972,0.5912,5.0091,0.5854,0.2927,0.1220,0.9487,0.0000,4.1252,1.1786,0.6620
5,3,2004,2006,3,2,2,0.4167,2005.338,756.297,265.838,9.7516,19.0000,1.2838,0.4783,5.5984,0.6999,0.1281,0.1720,0.8684,0.1395,4.7140,1.4733,0.7027
5,3,2013,2014,2,2,2,0.6250,2013.632,922.618,747.853,8.9692,17.0000,1.2500,0.5504,5.0141,0.3432,0.2505,0.4063,0.6059,0.3645,4.8661,1.1799,0.7059
3,3,2017,2019,3,1,1,1.0000,2018.040,1031.000,665.000,8.5182,18.0000,1.0800,0.0400,5.3114,0.8889,0.0000,0.1111,1.0000,0.0000,4.7218,1.1802,1.0000
7,3,2018,2020,3,2,2,0.5833,2018.944,897.622,556.400,10.0386,15.0000,1.1667,1.0930,4.4266,0.5927,0.2184,0.1889,0.8630,0.4864,4.4265,1.1806,0.5000
3,3,2023,2024,2,2,1,0.7500,2023.667,798.688,457.000,8.1823,17.0000,1.0625,0.4569,5.0195,0.5333,0.2667,0.2000,0.7071,0.0000,4.4285,0.8859,1.0000
7,3,2028,2030,3,3,2,0.3889,2028.653,793.242,569.105,10.6071,20.0000,1.4737,0.4363,5.9083,0.1278,0.6171,0.2551,0.8018,0.1645,3.5450,1.1818,0.5263
5,3,2030,2032,3,1,2,0.8333,2031.254,784.000,547.403,8.8537,15.0000,1.1194,0.4762,4.4326,0.5854,0.2927,0.1220,0.9487,0.0000,4.8753,1.1820,0.6716
7,3,2034,2037,4,3,2,0.2917,2035.648,927.011,290.242,10.1675,18.0000,1.3846,0.4269,5.3212,0.6405,0.2031,0.1565,0.9239,0.3827,3.2515,0.5911,0.5275
7,4,2036,2037,2,3,2,0.5833,2036.567,755.773,527.897,10.8388,19.0000,1.3711,0.8922,5.6173,0.5916,0.2044,0.2040,0.1485,0.2953,4.7300,1.1827,0.6701
6,3,2037,2038,2,2,3,0.5000,2037.476,763.195,488.134,9.8977,16.0000,1.1707,0.5313,4.7304,0.3810,0.3333,0.2857,0.3162,0.5071,3.6960,0.8869,0.5732
6,3,2037,2038,2,2,3,0.5000,2037.277,947.530,576.193,10.0182,17.0000,1.2289,0.6285,5.0260,0.5795,0.2234,0.1971,0.2134,0.3849,3.6958,0.4435,0.5904
7,3,2051,2053,3,2,3,0.3889,2052.438,557.270,510.146,9.9582,15.0000,1.1798,0.5349,4.4407,0.3526,0.4473,0.2001,0.7438,0.2507,3.8486,1.4802,0.5056
8,4,2063,2065,3,1,3,0.8889,2063.931,818.000,249.112,12.1500,19.0000,1.3103,0.8906,5.6289,0.3375,0.5625,0.1000,0.7071,0.0000,4.5920,0.5925,0.5776
9,3,2066,2069,4,2,3,0.3750,2067.598,1054.316,742.538,11.5562,15.0000,1.1538,1.7159,4.4448,0.3899,0.2918,0.3183,0.6805,0.0385,4.1485,1.7779,0.3846
5,3,2071,2073,3,2,2,0.4167,2071.925,801.149,517.224,8.8805,16.0000,1.1940,1.1078,4.7423,0.6489,0.0995,0.2515,0.9362,0.2726,4.1493,1.7781,0.6866
6,3,2077,2078,2,2,3,0.5000,2077.850,988.475,690.312,9.6822,16.0000,1.2000,0.6291,4.7433,0.6373,0.1269,0.2358,0.2504,0.9108,4.2986,0.8893,0.5750
5,3,2079,2080,2,2,2,0.6250,2079.417,766.597,896.833,9.5463,16.0000,1.1111,0.6030,4.7435,0.3432,0.2505,0.4063,0.6059,0.3645,4.1507,0.5929,0.6389
4,3,2086,2088,3,1,2,0.6667,2086.678,1054.000,623.746,8.7482,16.0000,1.0847,0.7241,4.7448,0.7500,0.1500,0.1000,0.9487,0.0000,5.1895,1.7793,0.7966
3,3,2093,2094,2,1,2,0.7500,2093.681,880.000,699.319,8.0485,17.0000,1.0851,0.4513,5.0423,0.5333,0.2667,0.2000,0.7071,0.0000,3.8559,0.7415,1.0000
4,3,2094,2095,2,2,2,0.5000,2094.726,777.161,707.435,9.1950,18.0000,1.1613,0.5393,5.3390,0.5916,0.1015,0.3069,0.5000,0.5000,5.6356,1.7797,0.8387
5,3,2095,2097,3,2,1,0.8333,2096.205,989.411,520.000,9.6837,17.0000,1.1644,0.4595,5.0425,0.5854,0.2927,0.1220,0.9487,0.0000,4.1527,1.1865,0.6438
5,3,2097,2098,2,1,3,0.8333,2097.351,802.000,302.117,10.2145,23.0000,1.4935,0.3696,6.8224,0.5854,0.2927,0.1220,0.3162,0.0000,4.7460,1.0382,0.6883
4,3,2097,2098,2,1,3,0.6667,2097.268,842.000,626.089,8.3056,16.0000,1.1429,0.2823,4.7460,0.5357,0.3214,0.1429,0.0000,0.0000,4.1528,1.4831,0.8214
7,3,2102,2104,3,3,2,0.3889,2102.841,986.557,718.773,9.8671,15.0000,1.1932,0.9773,4.4499,0.3215,0.3592,0.3193,0.4240,0.2953,4.1532,0.8900,0.5114
5,3,2104,2106,3,1,2,0.8333,2104.787,956.000,460.467,9.9504,19.0000,1.2667,0.5744,5.6367,0.5854,0.2927,0.1220,0.9487,0.0000,5.0433,2.0766,0.7067
8,4,2107,2109,3,3,2,0.4444,2108.227,1081.791,722.091,11.5380,19.0000,1.3818,1.1095,5.6369,0.6911,0.1553,0.1536,0.6966,0.1216,4.4501,1.4834,0.6091
5,3,2109,2111,3,1,2,0.8333,2109.746,577.000,409.577,9.4203,16.0000,1.1268,0.4928,4.7469,0.5854,0.2927,0.1220,0.9487,0.0000,4.7469,1.1867,0.6479
3,3,2119,2120,2,1,2,0.7500,2119.694,855.000,383.367,8.3937,18.0000,1.1020,0.7028,5.3406,0.5333,0.2667,0.2000,0.7071,0.0000,5.0439,1.1868,1.0000
3,3,2121,2122,2,1,2,0.7500,2121.333,1096.000,384.333,7.7085,15.0000,1.0000,0.4714,4.4505,0.5333,0.2667,0.2000,0.7071,0.0000,4.7472,0.8901,1.0000
3,3,2145,2147,3,1,1,1.0000,2146.000,592.000,385.000,7.8804,16.0000,1.0435,0.0000,4.7475,0.8889,0.0000,0.1111,1.0000,0.0000,5.0443,1.4836,1.0000
6,3,2151,2153,3,2,2,0.5000,2152.049,1010.341,866.732,9.9336,16.0000,1.1707,0.4370,4.7478,0.1333,0.2667,0.6000,1.0000,0.0000,4.4510,1.1869,0.5854
8,3,2162,2164,3,2,3,0.4444,2163.064,609.211,653.826,11.4369,19.0000,1.3945,0.2811,5.6387,0.3983,0.3141,0.2875,0.9498,0.3112,4.1549,1.7806,0.4679
6,3,2174,2176,3,1,2,1.0000,2174.902,590.000,861.537,9.9368,17.0000,1.2439,0.4736,5.0461,0.5556,0.3333,0.1111,1.0000,0.0000,4.4524,1.0389,0.5854
3,3,2177,2179,3,1,1,1.0000,2178.000,889.000,782.000,8.7406,17.0000,1.0000,1.0000,5.0465,0.8889,0.0000,0.1111,1.0000,0.0000,4.7495,1.1874,1.0000
6,3,2178,2180,3,1,2,1.0000,2179.000,888.000,568.597,9.3316,16.0000,1.2468,0.4026,4.7496,0.5556,0.3333,0.1111,1.0000,0.0000,4.1559,1.3358,0.5974
4,4,2181,2182,2,2,1,1.0000,2181.484,1136.500,903.000,9.4996,17.0000,1.0625,0.6961,5.0466,0.0000,0.7500,0.2500,1.0000,0.0000,4.4530,0.8906,1.0000
6,3,2183,2185,3,2,3,0.3333,2183.851,697.138,962.977,10.5443,20.0000,1.3793,0.2046,5.9375,0.5574,0.2624,0.1802,0.9653,0.2610,4.4532,1.9297,0.5862
5,3,2183,2185,3,2,1,0.8333,2184.189,1010.405,669.000,9.8248,17.0000,1.1486,0.4474,5.0469,0.5854,0.2927,0.1220,0.9487,0.0000,4.7500,0.5938,0.6351
4,4,2195,2196,2,1,2,1.0000,2195.508,854.000,273.508,9.0564,16.0000,1.0492,0.6955,4.7510,0.0000,0.7500,0.2500,0.0000,0.0000,4.7509,1.4847,1.0000
4,4,2202,2203,2,2,1,1.0000,2202.476,723.476,562.000,9.3543,18.0000,1.1429,0.6734,5.3453,0.0000,0.7500,0.2500,1.0000,0.0000,4.1575,1.7818,1.0000
5,4,2202,2203,2,2,2,0.6250,2202.355,1063.803,757.526,10.0932,19.0000,1.2500,0.6650,5.6422,0.3432,0.2505,0.4063,0.6059,0.3645,4.7514,2.0787,0.8684
4,3,2204,2205,2,3,1,0.6667,2204.544,994.088,483.000,8.4636,16.0000,1.1228,1.0200,4.7515,0.7576,0.1294,0.1129,0.5257,0.0000,4.7515,1.1879,0.8070
8,3,2207,2210,4,3,2,0.3333,2208.574,470.741,578.352,11.3399,17.0000,1.2593,0.6103,5.0487,0.7432,0.0817,0.1751,0.7878,0.3685,4.3062,1.4849,0.5926
5,3,2208,2209,2,2,2,0.6250,2208.382,758.529,515.147,9.0314,16.0000,1.1765,0.6694,4.7517,0.3432,0.2505,0.4063,0.6059,0.3645,5.0487,1.1879,0.7059
4,3,2212,2214,3,1,2,0.6667,2212.877,958.000,739.561,8.4644,17.0000,1.1930,0.9807,5.0489,0.7576,0.1294,0.1129,0.8507,0.0000,4.7519,1.3365,0.8246
7,3,2213,2215,3,2,3,0.3889,2213.879,536.231,972.879,10.2152,19.0000,1.4615,0.2872,5.6430,0.3004,0.3514,0.3482,0.7398,0.4519,3.8610,1.6335,0.5495
4,3,2226,2229,4,1,1,1.0000,2227.655,1113.000,623.000,8.6139,18.0000,1.2414,0.3448,5.3466,0.9375,0.0000,0.0625,1.0000,0.0000,4.7525,1.3366,0.8276
3,3,2233,2235,3,1,1,1.0000,2233.979,1136.000,438.000,8.0604,16.0000,1.0213,0.9787,4.7527,0.8889,0.0000,0.1111,1.0000,0.0000,5.0497,1.1882,1.0000
5,3,2237,2239,3,2,2,0.4167,2237.985,775.618,527.250,9.0334,17.0000,1.2500,0.8420,5.0498,0.5461,0.2256,0.2283,0.8117,0.4177,4.7528,1.6338,0.6912
29,13,2259,2263,5,5,4,0.2900,2261.045,389.235,1017.216,23.5012,28.0000,1.9061,0.3221,8.3183,0.4037,0.2212,0.3752,0.8289,0.3810,4.1592,1.4854,0.5634
5,3,2261,2263,3,1,2,0.8333,2261.767,933.000,580.589,9.6988,16.0000,1.0959,0.6334,4.7534,0.5854,0.2927,0.1220,0.9487,0.0000,4.7533,0.8912,0.6438
5,3,2262,2264,3,1,2,0.8333,2263.306,823.000,679.625,9.5660,18.0000,1.2500,0.7892,5.3476,0.5854,0.2927,0.1220,0.9487,0.0000,4.1592,1.1883,0.6806
7,4,2266,2268,3,1,4,0.5833,2267.388,820.000,394.888,11.0046,18.0000,1.2857,0.4037,5.3477,0.5493,0.3786,0.0721,0.3827,0.0000,4.9021,1.7826,0.6531
7,3,2274,2276,3,2,3,0.3889,2275.233,722.711,407.244,10.1071,17.0000,1.3222,0.4446,5.0510,0.7528,0.0839,0.1633,0.7749,0.5973,3.8625,1.4856,0.5333
7,4,2278,2280,3,3,1,0.7778,2278.990,935.763,999.000,10.8937,19.0000,1.3711,0.7630,5.6456,0.3567,0.5477,0.0956,0.5505,0.0000,5.0512,1.4857,0.6804
5,3,2280,2282,3,3,1,0.5556,2281.356,943.548,543.000,9.7008,16.0000,1.0959,1.4627,4.7542,0.6646,0.2585,0.0769,0.7071,0.0000,4.7543,1.4857,0.6301
8,3,2292,2294,3,3,3,0.2963,2293.214,806.786,515.592,10.8237,17.0000,1.3204,1.2980,5.0529,0.7573,0.0157,0.2270,0.6950,0.5237,3.2695,0.5945,0.4757
6,3,2302,2304,3,2,2,0.5000,2302.838,1033.612,575.300,9.7104,16.0000,1.2000,1.0801,4.7570,0.6381,0.1455,0.2164,0.8019,0.3768,4.4599,1.1892,0.5750
5,3,2305,2307,3,3,1,0.5556,2305.773,996.773,658.000,8.7768,16.0000,1.2121,0.3214,4.7577,0.8123,0.1108,0.0769,0.7071,0.0000,4.7576,1.0407,0.6970
6,3,2314,2317,4,2,2,0.3750,2315.571,956.881,598.833,10.2019,19.0000,1.3571,0.4750,5.6525,0.7449,0.0647,0.1904,0.9950,0.0995,4.6110,1.1899,0.5952
4,3,2314,2315,2,1,2,1.0000,2314.523,1015.000,851.600,9.6681,20.0000,1.2308,0.6585,5.9494,0.0000,0.7500,0.2500,0.0000,0.0000,5.3548,1.4874,0.8308
3,3,2316,2317,2,2,1,0.7500,2316.312,1178.646,1008.000,8.2447,17.0000,1.0625,0.7175,5.0575,0.5333,0.2667,0.2000,0.7071,0.0000,5.0576,1.1900,1.0000
11,3,2324,2327,4,3,3,0.3056,2325.180,663.627,798.833,13.4617,22.0000,1.6133,0.4467,6.5482,0.5421,0.2211,0.2368,0.9564,0.2902,3.8696,1.6371,0.3867
8,4,2329,2331,3,2,2,0.6667,2330.126,878.405,1138.550,11.6843,19.0000,1.3694,0.6190,5.6569,0.3529,0.3750,0.2721,0.9847,0.1741,4.4657,2.0840,0.5946
3,3,2331,2332,2,1,2,0.7500,2331.660,928.000,189.320,8.5955,17.0000,1.0200,0.7335,5.0620,0.5333,0.2667,0.2000,0.7071,0.0000,5.3594,2.0841,1.0000
7,3,2334,2337,4,2,2,0.4375,2335.516,709.602,805.720,10.4686,16.0000,1.2043,0.9547,4.7652,0.7764,0.0638,0.1598,0.8790,0.1860,4.1693,0.5957,0.4946
7,3,2345,2348,4,2,2,0.4375,2346.690,821.345,755.885,9.7986,17.0000,1.3678,0.7796,5.0656,0.7122,0.1467,0.1411,0.9661,0.0989,3.2780,1.0430,0.5402
5,3,2346,2347,2,3,1,0.8333,2346.408,1086.746,883.000,9.4616,16.0000,1.1268,0.4807,4.7676,0.5854,0.2927,0.1220,0.3162,0.0000,5.3636,1.6389,0.6479
5,3,2356,2358,3,2,2,0.4167,2356.971,836.174,674.855,9.1990,17.0000,1.2319,0.2282,5.0679,0.7958,0.0325,0.1718,0.9294,0.3690,4.7696,1.1925,0.6812
9,3,2369,2372,4,2,2,0.5625,2370.445,432.765,926.571,11.8296,17.0000,1.2857,0.9833,5.0698,0.7007,0.1712,0.1280,0.9770,0.1598,4.1752,0.5965,0.3950
6,3,2371,2373,3,2,1,1.0000,2371.944,1119.360,792.000,10.8360,21.0000,1.4157,1.0100,6.2628,0.5556,0.3333,0.1111,1.0000,0.0000,4.6227,1.3421,0.6404
5,3,2377,2379,3,2,2,0.4167,2378.056,750.611,1023.833,9.6039,16.0000,1.1111,0.6359,4.7723,0.5461,0.2256,0.2283,0.8117,0.4177,5.3687,1.4913,0.6667
5,3,2395,2396,2,1,3,0.8333,2395.463,843.000,752.313,8.9374,16.0000,1.1940,0.8718,4.7724,0.5854,0.2927,0.1220,0.3162,0.0000,4.1759,0.2983,0.6866
5,4,2404,2406,3,2,1,0.8333,2404.722,858.583,667.000,9.6033,16.0000,1.1111,0.8338,4.7720,0.5854,0.2927,0.1220,0.9487,0.0000,4.7719,1.4912,0.8472
10,3,2404,2406,3,3,3,0.3704,2404.936,1062.621,541.986,13.2038,18.0000,1.2857,0.3843,5.3684,0.3282,0.3749,0.2969,0.7099,0.3314,4.4736,1.4912,0.4714
4,3,2409,2411,3,1,2,0.6667,2410.016,858.000,793.188,9.5428,21.0000,1.3125,0.1881,6.2624,0.5357,0.3214,0.1429,1.0000,0.0000,4.9205,1.1929,0.8125
7,3,2412,2415,4,2,2,0.4375,2413.747,852.253,946.115,9.8052,15.0000,1.2069,0.7971,4.4728,0.7558,0.1056,0.1386,0.9795,0.1648,3.8765,1.4910,0.5172
7,3,2415,2418,4,3,2,0.2917,2416.576,846.967,474.587,10.3679,19.0000,1.4457,0.7096,5.6651,0.6829,0.1790,0.1382,0.8727,0.3113,4.4724,1.9381,0.5326
19,4,2416,2419,4,4,4,0.2969,2417.645,919.673,1266.147,16.7582,18.0000,1.3959,0.5043,5.3667,0.3749,0.2524,0.3727,0.4429,0.2170,3.5778,0.8944,0.2653
4,3,2419,2421,3,2,1,0.6667,2420.033,872.833,889.000,8.9439,18.0000,1.2000,0.9809,5.3662,0.5357,0.3214,0.1429,1.0000,0.0000,5.3664,1.7888,0.8333
6,5,2426,2428,3,2,1,1.0000,2426.978,912.539,498.000,10.8300,17.0000,1.1461,1.1215,5.0670,0.5556,0.3333,0.1111,1.0000,0.0000,4.4711,0.2982,0.8764
8,3,2428,2430,3,2,3,0.4444,2429.115,768.202,895.125,10.9591,16.0000,1.2308,0.2640,4.7688,0.4520,0.1886,0.3593,0.3548,0.1533,4.0237,1.4902,0.4519
3,3,2431,2432,2,1,2,0.7500,2431.333,843.000,478.333,7.7430,15.0000,1.0000,0.4714,4.4704,0.5333,0.2667,0.2000,0.7071,0.0000,4.7685,1.1921,1.0000
3,3,2433,2434,2,2,1,0.7500,2433.681,728.319,904.000,8.0865,17.0000,1.0851,0.4513,5.0660,0.5333,0.2667,0.2000,0.7071,0.0000,5.2152,1.7880,1.0000
5,3,2434,2435,2,2,2,0.6250,2434.643,1022.686,830.786,9.3288,18.0000,1.2857,0.5218,5.3639,0.3432,0.2505,0.4063,0.6059,0.3645,4.7679,1.1920,0.6857
7,3,2438,2440,3,2,2,0.5833,2438.674,727.543,864.750,10.3610,16.0000,1.2174,0.9011,4.7675,0.4600,0.2645,0.2756,0.8571,0.1000,3.5756,0.5959,0.5217
3,3,2438,2439,2,2,1,0.7500,2438.681,1159.319,983.000,8.0853,17.0000,1.0851,0.4513,5.0653,0.5333,0.2667,0.2000,0.7071,0.0000,4.1716,1.1918,1.0000
4,3,2450,2451,2,1,3,0.6667,2450.526,906.000,741.088,8.4896,17.0000,1.1930,0.5336,5.0640,0.7576,0.1294,0.1129,0.5257,0.0000,4.7660,1.7872,0.8246
4,3,2451,2454,4,1,1,1.0000,2452.364,978.000,697.000,8.1915,15.0000,1.0909,1.3636,4.4682,0.9375,0.0000,0.0625,1.0000,0.0000,4.7659,0.5957,0.8182
6,3,2454,2456,3,1,3,0.6667,2455.000,803.000,1094.875,9.7280,16.0000,1.2000,0.1250,4.7657,0.6944,0.2222,0.0833,0.8000,0.0000,4.6168,1.7871,0.5750
7,3,2454,2456,3,2,2,0.5833,2454.917,988.296,960.769,12.1587,20.0000,1.2963,0.9908,5.9573,0.6517,0.0773,0.2710,0.8881,0.0000,4.1701,1.9361,0.5463
10,3,2454,2456,3,2,3,0.5556,2454.694,1111.597,851.888,12.6217,16.0000,1.1940,0.6801,4.7657,0.3936,0.2519,0.3544,0.6299,0.5143,3.5744,1.0425,0.3507
5,3,2463,2464,2,3,1,0.8333,2463.449,1006.232,702.000,9.1905,17.0000,1.2319,0.5056,5.0632,0.5854,0.2927,0.1220,0.3162,0.0000,4.7653,1.9359,0.6957
3,3,2473,2475,3,1,1,1.0000,2473.957,1082.000,934.000,8.0816,17.0000,1.0851,0.9574,5.0630,0.8889,0.0000,0.1111,1.0000,0.0000,4.1696,1.1913,1.0000
5,3,2477,2479,3,2,2,0.4167,2477.691,876.838,692.162,9.0571,16.0000,1.1765,1.3287,4.7653,0.6338,0.1686,0.1975,0.9585,0.2851,4.7652,1.1913,0.6765
6,4,2483,2485,3,2,2,0.5000,2483.788,817.706,866.659,10.3354,17.0000,1.2000,0.7519,5.0633,0.6381,0.1455,0.2164,0.8019,0.3768,5.0633,1.1914,0.7412
9,3,2485,2488,4,3,3,0.2500,2486.531,731.097,499.248,11.2189,15.0000,1.1947,0.5940,4.4677,0.5147,0.2245,0.2608,0.8641,0.4878,4.1699,1.4893,0.3982
7,3,2486,2488,3,2,2,0.5833,2486.702,756.245,1036.596,10.5821,18.0000,1.3404,0.8463,5.3612,0.4600,0.2645,0.2756,0.8571,0.1000,4.1699,1.4892,0.5213
8,3,2498,2501,4,2,2,0.5000,2499.692,932.664,783.757,11.2694,18.0000,1.3458,0.8066,5.3621,0.7888,0.0442,0.1670,0.9171,0.1008,3.8726,1.4895,0.4673
5,3,2510,2512,3,1,2,0.8333,2511.167,759.000,1297.306,9.5939,20.0000,1.3889,0.3481,5.9590,0.5854,0.2927,0.1220,0.9487,0.0000,4.7671,0.8939,0.6944
5,3,2518,2520,3,2,2,0.4167,2519.104,917.851,722.627,8.9288,17.0000,1.2687,0.9816,5.0659,0.5461,0.2256,0.2283,0.8117,0.4177,4.7679,1.7879,0.7015
5,3,2527,2528,2,2,2,0.6250,2527.176,662.441,931.368,9.0630,16.0000,1.1765,0.6008,4.7684,0.3432,0.2505,0.4063,0.5155,0.8569,4.7684,1.7881,0.6765
5,3,2538,2539,2,2,3,0.4167,2538.543,824.671,761.100,9.3299,17.0000,1.2143,1.1012,5.0665,0.7383,0.0485,0.2132,0.5000,0.7071,4.1724,1.1921,0.6714
4,3,2543,2544,2,1,2,1.0000,2543.533,973.000,1021.550,8.9405,17.0000,1.1333,0.6978,5.0663,0.0000,0.7500,0.2500,0.0000,0.0000,5.0662,2.0861,0.8167
3,3,2550,2552,3,1,1,1.0000,2550.980,727.000,1192.000,8.4295,18.0000,1.1020,0.0204,5.3634,0.8889,0.0000,0.1111,1.0000,0.0000,4.4696,1.0429,1.0000
3,3,2552,2553,2,1,2,0.7500,2552.653,996.000,768.694,8.4290,17.0000,1.0408,0.7212,5.0652,0.5333,0.2667,0.2000,0.7071,0.0000,5.3630,1.4897,1.0000
4,3,2556,2557,2,2,1,1.0000,2556.483,1174.466,607.000,8.6393,16.0000,1.1034,0.6959,4.7664,0.0000,0.7500,0.2500,1.0000,0.0000,4.1708,1.1916,0.7931
5,3,2563,2564,2,2,2,0.6250,2563.606,466.845,753.606,9.4559,17.0000,1.1972,0.5788,5.0626,0.3432,0.2505,0.4063,0.6059,0.3645,4.7648,1.1913,0.6620
6,3,2571,2572,2,3,1,1.0000,2571.468,1063.076,901.000,9.6003,16.0000,1.2152,0.4745,4.7628,0.5556,0.3333,0.1111,0.0000,0.0000,4.1672,1.1907,0.5949
5,3,2574,2576,3,1,2,0.8333,2575.231,1137.000,887.615,8.6509,15.0000,1.1538,0.6572,4.4641,0.5854,0.2927,0.1220,0.9487,0.0000,4.1662,0.8928,0.6923
4,3,2578,2580,3,2,1,0.6667,2578.643,1132.732,743.000,8.3309,16.0000,1.1429,0.4464,4.7604,0.7500,0.1500,0.1000,0.9487,0.0000,4.4632,0.8926,0.8214
7,3,2583,2586,4,2,2,0.4375,2584.472,997.416,686.247,10.0050,17.0000,1.3371,0.8254,5.0560,0.7764,0.0638,0.1598,0.8790,0.1860,3.8666,1.1896,0.5281
5,3,2586,2587,2,2,2,0.6250,2586.304,642.594,1075.232,9.1767,17.0000,1.2319,0.7067,5.0557,0.3432,0.2505,0.4063,0.6059,0.3645,4.1635,1.0408,0.6957
9,3,2626,2628,3,2,3,0.5000,2627.350,887.242,538.333,11.8760,15.0000,1.1250,0.5404,4.4535,0.3823,0.3733,0.2445,0.3186,0.2059,4.1566,1.4845,0.3750
7,3,2627,2629,3,3,2,0.3889,2628.323,923.882,697.280,10.4361,18.0000,1.3548,0.7423,5.3441,0.2843,0.4935,0.2222,0.8778,0.4790,3.8596,1.3360,0.5269
6,3,2646,2648,3,2,2,0.5000,2647.200,825.682,592.318,10.3011,16.0000,1.1294,0.4917,4.7497,0.6381,0.1455,0.2164,0.8019,0.3768,4.0075,0.5937,0.5412
32,14,2651,2655,5,6,5,0.2133,2653.194,1204.416,1066.650,24.6120,24.0000,1.6375,1.4255,7.1246,0.3610,0.3207,0.3184,0.6719,0.7268,4.0076,1.4843,0.5565
5,3,2655,2657,3,1,3,0.5556,2655.987,547.000,787.973,9.9571,20.0000,1.3333,0.0298,5.9373,0.0000,0.8276,0.1724,0.0000,0.0000,4.4530,0.7422,0.7067
3,3,2658,2660,3,1,1,1.0000,2659.000,661.000,502.000,7.7129,15.0000,1.0000,1.0000,4.4531,0.8889,0.0000,0.1111,1.0000,0.0000,4.1562,1.1875,1.0000
4,3,2669,2670,2,2,1,1.0000,2669.552,988.534,1005.000,8.6103,16.0000,1.1034,0.6976,4.7506,0.0000,0.7500,0.2500,1.0000,0.0000,4.8990,1.3361,0.8103
7,3,2670,2672,3,2,2,0.5833,2671.125,982.542,816.510,10.7735,18.0000,1.3125,0.6973,5.3445,0.3210,0.2459,0.4331,0.9117,0.4109,3.8599,0.8908,0.5417
11,6,2672,2675,4,3,3,0.3056,2673.782,1172.041,1108.512,15.2196,21.0000,1.3588,0.5361,6.2355,0.5602,0.1136,0.3263,0.9367,0.0636,5.0479,1.4846,0.6412
4,4,2695,2696,2,1,2,1.0000,2695.515,851.000,885.470,9.8029,18.0000,1.0909,0.6751,5.3471,0.0000,0.7500,0.2500,0.0000,0.0000,5.1985,1.0397,1.0000
5,3,2702,2704,3,1,3,0.5556,2702.672,459.000,1194.910,8.9022,16.0000,1.1940,1.1314,4.7536,0.5532,0.3398,0.1070,0.8281,0.0000,5.0508,1.1885,0.7015
8,4,2705,2707,3,3,2,0.4444,2705.709,803.427,788.355,11.5554,16.0000,1.1636,0.9780,4.7540,0.0869,0.5381,0.3750,0.8165,0.4792,3.8625,0.8914,0.5636
4,3,2705,2706,2,2,1,1.0000,2705.448,1041.569,1000.000,8.6165,17.0000,1.1724,0.6219,5.0510,0.0000,0.7500,0.2500,1.0000,0.0000,4.9025,1.1885,0.8276
4,3,2710,2713,4,1,1,1.0000,2711.375,906.000,944.000,8.3205,16.0000,1.1429,0.6250,4.7546,0.9375,0.0000,0.0625,1.0000,0.0000,4.7545,1.1886,0.8214
4,3,2713,2714,2,2,2,0.5000,2713.455,361.182,890.273,8.1722,15.0000,1.0909,0.5604,4.4576,0.5916,0.1015,0.3069,0.7071,0.7071,4.7547,0.8915,0.8182
3,3,2713,2714,2,1,2,0.7500,2713.674,996.000,917.652,7.8924,16.0000,1.0435,0.7292,4.7548,0.5333,0.2667,0.2000,0.7071,0.0000,4.7548,1.1887,1.0000
5,3,2717,2719,3,2,2,0.4167,2717.987,387.429,834.156,10.2342,18.0000,1.1688,0.4562,5.3496,0.5461,0.2256,0.2283,0.8117,0.4177,4.7551,1.4860,0.6623
5,3,2738,2740,3,2,1,0.8333,2738.838,746.338,928.000,9.8383,17.0000,1.1486,0.3747,5.0539,0.5854,0.2927,0.1220,0.9487,0.0000,4.4593,1.1891,0.6622
5,3,2743,2745,3,1,2,0.8333,2743.750,998.000,740.603,9.0407,16.0000,1.1765,0.4692,4.7566,0.5854,0.2927,0.1220,0.9487,0.0000,4.7566,1.1892,0.6765
5,3,2745,2747,3,1,2,0.8333,2746.264,623.000,1131.472,9.5725,18.0000,1.2500,0.9058,5.3512,0.5854,0.2927,0.1220,0.9487,0.0000,5.0539,1.7837,0.7083
4,3,2745,2746,2,2,1,1.0000,2745.545,750.455,770.000,8.1754,15.0000,1.0909,0.7100,4.4593,0.0000,0.7500,0.2500,1.0000,0.0000,4.7566,1.1892,0.8182
6,3,2746,2749,4,2,2,0.3750,2747.159,750.122,1018.817,9.9521,19.0000,1.3902,0.2711,5.6485,0.8444,0.0252,0.1304,0.9761,0.1745,4.7566,1.7837,0.5976
13,5,2753,2755,3,2,4,0.5417,2754.149,614.537,1292.755,15.5003,20.0000,1.3830,1.0358,5.9454,0.7221,0.0908,0.1871,0.4669,0.3638,4.4591,1.4863,0.5372
4,3,2754,2755,2,1,3,0.6667,2754.215,538.000,1041.769,9.6613,18.0000,1.1077,0.3157,5.3509,0.7500,0.1500,0.1000,0.3162,0.0000,5.2023,1.6350,0.7846
5,3,2757,2759,3,2,1,0.8333,2757.765,802.441,500.000,9.0397,15.0000,1.1029,0.9471,4.4589,0.5854,0.2927,0.1220,0.9487,0.0000,4.7561,0.8918,0.6618
6,3,2759,2761,3,1,3,0.6667,2760.333,520.000,1231.778,9.8293,16.0000,1.1852,0.7027,4.7559,0.2083,0.6667,0.1250,0.8944,0.0000,3.8642,0.5945,0.5679
68,41,2763,2767,5,4,8,0.4250,2765.258,1314.881,686.528,42.6746,37.0000,2.1250,1.4994,10.9971,0.7291,0.0569,0.2140,0.0535,0.0943,4.1609,0.8917,0.7323
4,4,2765,2766,2,2,2,0.5000,2765.508,950.246,788.246,9.0650,16.0000,1.0492,0.6023,4.7554,0.5916,0.1015,0.3069,0.7071,0.7071,4.7555,1.4861,1.0000
8,3,2768,2771,4,2,2,0.5000,2769.120,457.241,732.528,11.3479,16.0000,1.1852,0.5435,4.7551,0.7189,0.1391,0.1420,0.9388,0.0872,4.4578,1.7832,0.5741
3,3,2774,2775,2,1,2,0.7500,2774.315,684.000,1122.704,9.2644,21.0000,1.1667,0.4323,6.2403,0.5333,0.2667,0.2000,0.7071,0.0000,5.3487,1.4858,1.0000
22,8,2777,2780,4,4,4,0.3438,2778.086,1194.960,1051.794,20.5880,20.0000,1.3538,1.1063,5.9427,0.3985,0.3031,0.2985,0.4271,0.4987,4.4570,1.1885,0.5538
7,3,2782,2784,3,2,2,0.5833,2783.187,710.110,1038.440,10.2184,16.0000,1.2308,0.9937,4.7534,0.5916,0.2044,0.2040,0.9664,0.1591,4.1594,1.0398,0.5055
7,3,2784,2787,4,2,2,0.4375,2785.783,785.511,606.772,10.3301,19.0000,1.4457,0.9621,5.6445,0.7941,0.0831,0.1229,0.8986,0.2604,3.5650,1.7824,0.5435
4,3,2786,2788,3,2,1,0.6667,2786.825,524.159,866.000,9.3577,22.0000,1.3968,0.2360,6.5355,0.7500,0.1500,0.1000,0.9487,0.0000,4.3075,1.4854,0.8413
164,113,2798,2805,8,9,10,0.2278,2801.865,1316.328,690.746,79.4353,42.0000,2.0111,2.1979,12.4745,0.4636,0.1003,0.4361,0.4367,0.1009,4.7523,1.4851,0.8318
3,3,2819,2821,3,1,1,1.0000,2820.041,844.000,1160.000,8.4030,17.0000,1.0408,0.0408,5.0496,0.8889,0.0000,0.1111,1.0000,0.0000,4.7525,0.8911,1.0000
4,3,2824,2827,4,1,1,1.0000,2825.397,813.000,979.000,9.3570,18.0000,1.1429,1.3968,5.3468,0.9375,0.0000,0.0625,1.0000,0.0000,5.0498,1.7823,0.7937
10,6,2832,2833,2,2,3,0.8333,2832.461,1266.364,913.760,14.4670,21.0000,1.3636,0.6344,6.2384,0.5122,0.0732,0.4146,0.0000,0.0000,4.3075,1.1883,0.6818
6,3,2836,2839,4,2,2,0.3750,2837.165,347.139,773.127,9.5813,16.0000,1.2152,0.8564,4.7533,0.8288,0.0681,0.1031,0.9831,0.1830,4.4562,1.1883,0.5823
8,4,2839,2842,4,2,3,0.3333,2840.274,732.632,1088.009,12.2892,22.0000,1.5043,0.4582,6.5359,0.7089,0.1117,0.1795,0.9357,0.3523,4.9019,1.4854,0.6068
4,3,2847,2849,3,2,1,0.6667,2848.103,795.569,1175.000,8.6157,17.0000,1.1724,0.4433,5.0506,0.7576,0.1294,0.1129,0.8507,0.0000,4.3078,0.8913,0.8276
4,3,2850,2853,4,1,1,1.0000,2851.525,602.000,917.000,9.0612,16.0000,1.0492,0.5246,4.7534,0.9375,0.0000,0.0625,1.0000,0.0000,4.3078,0.2971,0.7705
5,3,2852,2853,2,2,2,0.6250,2852.606,578.169,1035.380,9.4332,16.0000,1.1268,0.7348,4.7534,0.3432,0.2505,0.4063,0.6059,0.3645,4.1592,1.0398,0.6620
40,18,2854,2858,5,5,6,0.2667,2855.915,1157.343,1100.003,28.6533,27.0000,1.7705,1.2025,8.0212,0.5721,0.0924,0.3356,0.3296,0.9254,4.1592,0.8912,0.6049
5,3,2862,2864,3,2,2,0.4167,2863.123,912.137,952.795,9.6980,19.0000,1.3014,0.2760,5.6441,0.6489,0.0995,0.2515,0.9362,0.2726,4.7530,1.3368,0.6712
5,3,2865,2867,3,1,2,0.8333,2866.253,475.000,939.373,9.9632,21.0000,1.4000,0.4512,6.2380,0.5854,0.2927,0.1220,0.9487,0.0000,5.0498,2.0793,0.6933
34,15,2867,2869,3,5,5,0.4533,2868.003,990.156,1230.752,31.6858,42.0000,2.2958,0.2926,12.4756,0.4856,0.2773,0.2372,0.3168,0.8934,4.4555,0.5941,0.6543
6,3,2869,2871,3,2,2,0.5000,2870.306,573.118,849.624,10.3072,17.0000,1.2000,0.7044,5.0495,0.5034,0.2551,0.2415,0.9677,0.2521,4.6039,1.1881,0.5647
4,3,2871,2872,2,2,1,1.0000,2871.517,613.483,1035.000,8.6137,15.0000,1.0345,0.7075,4.4554,0.0000,0.7500,0.2500,1.0000,0.0000,4.7523,1.7822,0.7759
3,3,2873,2875,3,1,1,1.0000,2874.040,1024.000,660.000,8.5740,18.0000,1.0800,0.0400,5.3462,0.8889,0.0000,0.1111,1.0000,0.0000,5.3461,1.1881,1.0000
4,3,2876,2879,4,1,1,1.0000,2877.311,982.000,1118.000,9.0584,18.0000,1.1803,0.3115,5.3460,0.9375,0.0000,0.0625,1.0000,0.0000,5.4945,1.3365,0.8361
6,3,2881,2883,3,2,2,0.5000,2881.789,561.132,1035.342,9.2144,15.0000,1.1842,0.8704,4.4548,0.5230,0.1584,0.3185,0.9225,0.0898,4.1577,1.1879,0.5921
3,3,2886,2888,3,1,1,1.0000,2886.961,524.000,1033.000,8.7441,19.0000,1.1176,0.0392,5.6423,0.8889,0.0000,0.1111,1.0000,0.0000,5.6424,2.0788,1.0000
7,3,2892,2894,3,3,2,0.3889,2892.695,1192.021,616.474,10.6627,17.0000,1.2526,0.5639,5.0483,0.5780,0.1560,0.2660,0.7697,0.1362,3.8605,1.1878,0.5263
3,3,2893,2894,2,1,2,0.7500,2893.652,435.000,669.674,7.8866,16.0000,1.0435,0.7292,4.7513,0.5333,0.2667,0.2000,0.7071,0.0000,4.7513,1.3363,1.0000
4,3,2893,2895,3,1,2,0.6667,2894.018,645.000,1105.821,8.3148,16.0000,1.1429,0.9982,4.7513,0.5357,0.3214,0.1429,1.0000,0.0000,5.0483,1.7817,0.8214
4,3,2913,2916,4,1,1,1.0000,2914.386,439.000,1190.000,8.4656,16.0000,1.1228,0.3860,4.7526,0.9375,0.0000,0.0625,1.0000,0.0000,4.7526,0.2971,0.8070
9,3,2916,2918,3,3,2,0.5000,2917.298,602.105,850.316,11.2883,19.0000,1.5000,0.4469,5.6441,0.5576,0.0711,0.3713,0.5574,0.0816,3.5647,1.7823,0.4386
32,11,2919,2923,5,5,6,0.2133,2921.172,304.641,602.386,24.7365,30.0000,2.0382,0.7313,8.9127,0.6636,0.0907,0.2456,0.5121,0.8556,4.1592,0.8913,0.4862
4,3,2921,2923,3,1,2,0.6667,2922.088,555.000,931.544,8.4674,16.0000,1.1228,1.0200,4.7537,0.7576,0.1294,0.1129,0.8507,0.0000,5.0507,1.4855,0.8070
8,3,2922,2925,4,3,2,0.3333,2923.622,769.541,952.214,10.2945,15.0000,1.2245,0.8520,4.4568,0.7645,0.0809,0.1545,0.8405,0.2053,3.7141,1.4855,0.4592
5,3,2928,2930,3,3,1,0.5556,2928.868,647.926,581.000,9.0368,16.0000,1.1765,0.8708,4.7545,0.7911,0.1351,0.0737,0.8507,0.0000,4.4573,1.3372,0.6765
14,5,2931,2934,4,3,4,0.2917,2932.203,1266.365,914.344,15.2501,18.0000,1.3125,0.7777,5.3494,0.3708,0.2645,0.3647,0.9141,0.1941,3.7149,1.3374,0.4479
14,5,2931,2934,4,3,4,0.2917,2932.079,1294.124,647.317,16.0443,25.0000,1.7327,0.3492,7.4297,0.5567,0.2309,0.2124,0.5825,0.3866,3.8633,1.0402,0.4604
4,3,2939,2940,2,2,1,1.0000,2939.483,579.569,1037.000,8.6203,18.0000,1.2414,0.6733,5.3506,0.0000,0.7500,0.2500,1.0000,0.0000,4.7559,1.0404,0.8276
3,3,2942,2943,2,1,2,0.7500,2942.354,567.000,1147.688,8.2382,17.0000,1.0625,0.7175,5.0537,0.5333,0.2667,0.2000,0.7071,0.0000,5.4995,1.4863,1.0000
5,3,2942,2944,3,1,3,0.5556,2942.926,643.000,891.456,9.0403,17.0000,1.2500,0.4618,5.0537,0.3318,0.5530,0.1152,0.0000,0.0000,4.1618,0.8918,0.7059
6,3,2947,2949,3,3,2,0.3333,2948.250,535.060,988.131,10.1954,21.0000,1.5000,0.2884,6.2434,0.5384,0.1347,0.3269,0.8322,0.1385,4.1623,0.7433,0.6190
4,3,2947,2948,2,2,1,1.0000,2947.534,625.569,800.000,8.6217,17.0000,1.1724,0.6866,5.0541,0.0000,0.7500,0.2500,1.0000,0.0000,4.3109,1.1892,0.8276
8,3,2956,2959,4,2,2,0.5000,2957.299,587.262,1028.206,11.2483,18.0000,1.3458,0.4474,5.3521,0.7248,0.0930,0.1821,0.9678,0.1435,4.0141,1.4867,0.4579
6,3,2967,2968,2,3,2,0.5000,2967.488,441.000,624.537,9.9541,17.0000,1.2439,0.6728,5.0549,0.6168,0.1058,0.2774,0.5000,0.5000,4.4602,2.0814,0.5976
3,3,2975,2976,2,2,1,0.7500,2975.700,412.660,1015.000,8.5834,18.0000,1.0800,0.4534,5.3521,0.5333,0.2667,0.2000,0.7071,0.0000,5.3521,0.8920,1.0000
6,3,2987,2988,2,2,2,0.7500,2987.275,586.337,897.525,9.7107,16.0000,1.2000,0.6820,4.7572,0.2000,0.3333,0.4667,0.7071,0.7071,4.3112,1.1893,0.5750
4,3,2990,2991,2,2,1,1.0000,2990.525,401.458,828.000,8.7711,16.0000,1.0847,0.6968,4.7572,0.0000,0.7500,0.2500,1.0000,0.0000,4.9059,1.1893,0.7966
8,3,2998,2999,2,2,2,1.0000,2998.530,497.583,1071.443,12.0891,22.0000,1.5304,0.7690,6.5413,0.0000,0.0000,1.0000,0.0000,1.0000,4.4600,1.7840,0.4783
5,3,3003,3004,2,3,2,0.4167,3003.471,439.543,1113.214,9.3082,18.0000,1.2857,0.7309,5.3521,0.6999,0.1281,0.1720,0.4304,0.6887,4.1628,0.7433,0.7000
6,3,3007,3009,3,2,1,1.0000,3008.072,718.482,942.000,10.0757,18.0000,1.3012,0.4873,5.3523,0.5556,0.3333,0.1111,1.0000,0.0000,4.4603,1.4868,0.5783
7,3,3009,3011,3,3,2,0.3889,3009.511,682.674,1033.261,10.3399,16.0000,1.2174,0.6598,4.7577,0.6470,0.1845,0.1685,0.6592,0.0573,4.4603,1.6355,0.5109
4,3,3014,3015,2,2,2,0.5000,3014.552,340.828,573.741,8.6239,17.0000,1.1724,0.5455,5.0554,0.5916,0.1015,0.3069,0.7071,0.7071,4.9067,1.7842,0.8276
4,3,3016,3018,3,2,1,0.6667,3016.881,574.458,885.000,8.7728,17.0000,1.1525,0.9931,5.0555,0.7576,0.1294,0.1129,0.8507,0.0000,5.0555,1.7843,0.8305
5,3,3018,3019,2,2,2,0.6250,3018.361,764.431,866.833,9.5757,19.0000,1.3194,0.5861,5.6504,0.3432,0.2505,0.4063,0.6059,0.3645,4.7582,1.7843,0.6944
8,3,3024,3027,4,3,2,0.3333,3026.100,477.590,959.100,10.5152,15.0000,1.2000,1.2522,4.4612,0.7491,0.1233,0.1277,0.8892,0.1050,4.0152,0.7435,0.4500
5,3,3031,3033,3,2,1,0.8333,3032.167,608.556,1005.000,9.5771,17.0000,1.1806,0.5800,5.0563,0.5854,0.2927,0.1220,0.9487,0.0000,4.1640,0.5949,0.6528
7,3,3035,3037,3,3,2,0.3889,3036.011,244.705,592.466,9.8929,17.0000,1.3523,0.5518,5.0564,0.5780,0.1560,0.2660,0.4539,0.5702,3.5692,1.1897,0.5341
3,3,3045,3046,2,2,1,0.7500,3045.362,388.319,923.000,8.0704,17.0000,1.0851,0.7136,5.0560,0.5333,0.2667,0.2000,0.7071,0.0000,4.1638,0.8923,1.0000
4,3,3054,3055,2,1,3,0.6667,3054.705,780.000,1172.656,9.0691,18.0000,1.1803,0.9628,5.3524,0.7500,0.1500,0.1000,0.3162,0.0000,4.3115,0.2974,0.8033
5,3,3063,3064,2,2,2,0.6250,3063.304,489.783,825.609,9.1724,17.0000,1.2319,0.7144,5.0533,0.3432,0.2505,0.4063,0.6059,0.3645,4.1616,1.7835,0.6957
4,3,3065,3067,3,1,2,0.6667,3066.016,884.000,1110.484,9.5108,18.0000,1.1250,0.4846,5.3498,0.7576,0.1294,0.1129,0.8507,0.0000,5.0525,1.6346,0.7812
5,3,3073,3075,3,2,1,0.8333,3074.216,675.351,885.000,9.8320,19.0000,1.2838,0.4125,5.6448,0.5854,0.2927,0.1220,0.9487,0.0000,4.7533,2.0795,0.6622
3,3,3078,3080,3,1,1,1.0000,3079.042,427.000,1060.000,8.2314,17.0000,1.0625,0.9583,5.0492,0.8889,0.0000,0.1111,1.0000,0.0000,5.0494,1.4852,1.0000
3,3,3080,3081,2,1,2,0.7500,3080.700,932.000,843.700,8.5737,20.0000,1.2000,0.4243,5.9399,0.5333,0.2667,0.2000,0.7071,0.0000,4.1582,1.4850,1.0000
6,3,3089,3090,2,2,3,0.5000,3089.395,929.868,936.803,9.2116,16.0000,1.2632,0.4605,4.7503,0.5230,0.1584,0.3185,0.3667,0.5079,4.0080,1.4844,0.6053
5,4,3090,3091,2,2,2,0.6250,3090.462,621.128,1077.462,10.3560,19.0000,1.2179,0.7722,5.6406,0.3432,0.2505,0.4063,0.6059,0.3645,5.3438,1.4845,0.8718
5,3,3091,3093,3,1,2,0.8333,3091.803,622.000,927.539,10.0900,18.0000,1.1842,0.5744,5.3436,0.5854,0.2927,0.1220,0.9487,0.0000,5.3436,1.4843,0.6842
5,3,3093,3094,2,2,2,0.6250,3093.560,505.160,1045.387,9.9567,19.0000,1.2667,0.6072,5.6401,0.3432,0.2505,0.4063,0.6059,0.3645,4.7497,1.3358,0.6933
4,3,3102,3103,2,2,2,0.5000,3102.741,666.172,1004.259,8.6072,18.0000,1.2414,0.4043,5.3424,0.0000,0.5625,0.4375,0.4459,0.5774,4.4520,0.5936,0.8276
4,3,3111,3112,2,1,2,1.0000,3111.468,426.000,1058.532,9.2007,18.0000,1.1613,0.7086,5.3423,0.0000,0.7500,0.2500,0.0000,0.0000,5.6391,1.7808,0.8226
4,3,3116,3117,2,1,2,1.0000,3116.542,387.000,1033.525,8.7560,17.0000,1.1525,0.6968,5.0458,0.0000,0.7500,0.2500,0.0000,0.0000,4.8974,0.5936,0.8136
96,53,3126,3132,7,6,8,0.2857,3129.290,1314.711,683.086,53.0563,40.0000,2.1930,1.3243,11.8750,0.5091,0.1362,0.3548,0.7593,0.1864,3.5628,0.8907,0.7162
9,3,3132,3135,4,2,2,0.5625,3133.221,811.699,663.195,11.1835,16.0000,1.2743,1.2727,4.7506,0.6899,0.1407,0.1694,0.9954,0.0880,3.8598,1.0392,0.4159
5,3,3143,3145,3,1,2,0.8333,3143.750,443.000,862.441,9.0306,16.0000,1.1765,0.5071,4.7513,0.5854,0.2927,0.1220,0.9487,0.0000,5.0482,1.6333,0.6765
21,10,3143,3146,4,3,4,0.4375,3144.208,1271.016,537.564,20.2181,24.0000,1.6154,0.6016,7.1270,0.2085,0.2642,0.5273,0.9998,0.0213,3.5635,0.8909,0.5897
7,3,3146,3148,3,2,2,0.5833,3146.644,249.244,757.422,10.1018,15.0000,1.1667,0.8083,4.4545,0.4379,0.1023,0.4598,0.9744,0.1730,4.4545,1.4848,0.5000
33,13,3150,3153,4,4,6,0.3438,3151.402,1315.206,709.562,24.8139,25.0000,1.7187,1.6857,7.4242,0.7009,0.0414,0.2577,0.2603,0.1798,3.5636,0.8909,0.5083
4,3,3161,3162,2,2,1,1.0000,3161.536,305.446,772.000,8.3145,16.0000,1.1429,0.6973,4.7512,0.0000,0.7500,0.2500,1.0000,0.0000,5.0481,1.6332,0.8214
7,3,3163,3165,3,2,2,0.5833,3164.073,442.354,849.521,10.7742,21.0000,1.5312,0.6340,6.2357,0.5352,0.1763,0.2885,0.8018,0.5745,3.8602,1.1877,0.5417
9,3,3164,3166,3,2,3,0.5000,3164.853,454.819,938.000,11.4813,17.0000,1.3190,1.3271,5.0479,0.2933,0.5091,0.1976,0.0485,0.1897,3.8601,0.8908,0.4397
4,3,3165,3166,2,3,1,0.6667,3165.746,85.339,733.000,8.7593,17.0000,1.1525,0.4237,5.0477,0.7500,0.1500,0.1000,0.3162,0.0000,4.3055,0.1485,0.8136
4,3,3178,3180,3,2,1,0.6667,3179.158,282.175,675.000,8.4597,16.0000,1.1228,1.1711,4.7495,0.7500,0.1500,0.1000,0.9487,0.0000,4.8977,0.8905,0.8246
22,8,3185,3187,3,6,3,0.4074,3186.007,675.812,1307.671,18.4758,24.0000,1.8082,0.3790,7.1227,0.7405,0.0857,0.1738,0.3063,0.1937,2.9678,0.8903,0.4863
5,4,3186,3188,3,2,1,0.8333,3187.288,445.411,646.000,9.6885,17.0000,1.1644,0.8224,5.0450,0.5854,0.2927,0.1220,0.9487,0.0000,4.1548,0.0000,0.8493
4,3,3188,3190,3,2,1,0.6667,3189.070,323.719,623.000,8.4575,16.0000,1.1228,0.7227,4.7481,0.5357,0.3214,0.1429,1.0000,0.0000,4.7480,2.0773,0.8070
6,3,3189,3191,3,1,2,1.0000,3190.062,648.000,1213.481,9.8129,16.0000,1.1852,0.4854,4.7480,0.5556,0.3333,0.1111,1.0000,0.0000,4.3028,1.0387,0.5802
4,3,3201,3202,2,1,2,1.0000,3201.517,349.000,1196.467,8.9002,16.0000,1.0667,0.6962,4.7468,0.0000,0.7500,0.2500,0.0000,0.0000,5.1917,1.7800,0.7833
8,3,3201,3203,3,3,2,0.4444,3202.056,498.241,548.676,11.3280,16.0000,1.1852,0.4075,4.7467,0.2901,0.4848,0.2251,0.8528,0.5119,4.0050,1.4834,0.4259
3,3,3207,3209,3,1,1,1.0000,3208.000,474.000,498.000,7.8783,16.0000,1.0435,0.0000,4.7463,0.8889,0.0000,0.1111,1.0000,0.0000,3.8564,0.5933,1.0000
5,3,3217,3218,2,2,2,0.6250,3217.451,527.831,1107.606,9.4181,16.0000,1.1268,0.8349,4.7458,0.3432,0.2505,0.4063,0.6059,0.3645,4.7458,0.8898,0.6620
6,3,3225,3227,3,1,2,1.0000,3225.911,849.000,1116.494,9.5659,17.0000,1.2911,0.5140,5.0422,0.5556,0.3333,0.1111,1.0000,0.0000,4.3007,1.4830,0.5949
25,11,3227,3230,4,3,4,0.5208,3228.508,1292.658,547.511,22.1857,23.0000,1.5374,0.7840,6.8218,0.1691,0.3096,0.5213,0.9504,0.0171,3.5592,1.0381,0.5615
3,3,3233,3234,2,1,2,0.7500,3233.688,737.000,1075.688,8.2197,18.0000,1.1250,0.4419,5.3388,0.5333,0.2667,0.2000,0.7071,0.0000,4.7456,1.4830,1.0000
4,3,3236,3238,3,2,1,0.6667,3236.610,388.712,590.000,8.7498,17.0000,1.1525,0.9376,5.0423,0.7500,0.1500,0.1000,0.9487,0.0000,5.0423,0.7415,0.8305
8,3,3236,3238,3,2,3,0.4444,3237.029,475.781,946.086,11.0109,17.0000,1.2952,0.2369,5.0423,0.5393,0.2247,0.2360,0.7172,0.4697,4.0042,1.1864,0.4667
7,3,3243,3245,3,1,3,0.7778,3244.101,400.000,904.960,11.0989,18.0000,1.2727,0.1088,5.3391,0.6076,0.3038,0.0886,0.7071,0.0000,4.4492,2.0763,0.5253
26,14,3253,3256,4,6,3,0.3611,3254.179,597.394,1148.142,24.9577,29.0000,1.7576,0.4557,8.6026,0.5128,0.2002,0.2870,0.3412,0.2064,4.4496,1.1866,0.6713
3,3,3254,3256,3,1,1,1.0000,3255.041,179.000,742.000,8.3922,17.0000,1.0408,0.0408,5.0430,0.8889,0.0000,0.1111,1.0000,0.0000,5.3396,0.7416,1.0000
5,3,3258,3259,2,2,2,0.6250,3258.394,184.545,724.848,8.7562,15.0000,1.1364,0.6897,4.4499,0.3432,0.2505,0.4063,0.6059,0.3645,4.7465,1.4833,0.6818
3,3,3260,3261,2,1,2,0.7500,3260.667,267.000,736.667,7.7076,15.0000,1.0000,0.7454,4.4500,0.5333,0.2667,0.2000,0.7071,0.0000,4.1533,0.8900,1.0000
5,3,3267,3269,3,3,1,0.5556,3268.229,305.214,767.000,9.2881,18.0000,1.2857,0.3133,5.3405,0.8123,0.1108,0.0769,0.7071,0.0000,4.7472,1.1868,0.7000
5,3,3268,3269,2,3,2,0.4167,3268.771,343.100,743.171,9.2881,17.0000,1.2143,0.9443,5.0439,0.4138,0.1655,0.4207,0.0000,0.7071,4.7472,1.3351,0.6857
5,3,3280,3282,3,1,2,0.8333,3280.701,508.000,959.597,8.8915,15.0000,1.1194,0.9212,4.4512,0.5854,0.2927,0.1220,0.9487,0.0000,4.1544,0.7419,0.6716
5,4,3288,3290,3,1,2,0.8333,3288.863,427.000,486.438,9.6886,17.0000,1.1644,0.5781,5.0451,0.5854,0.2927,0.1220,0.9487,0.0000,4.1548,0.8903,0.8630
9,3,3292,3295,4,2,3,0.3750,3293.328,657.574,934.893,12.0691,19.0000,1.4016,0.5482,5.6388,0.6625,0.1724,0.1652,0.8887,0.1667,3.8581,0.8903,0.4426
9,3,3302,3304,3,2,3,0.5000,3302.839,557.188,700.661,11.0801,18.0000,1.4464,0.7054,5.3422,0.3237,0.4225,0.2539,0.9257,0.3182,3.8582,1.4839,0.4375
4,3,3303,3304,2,1,3,0.6667,3303.814,491.000,947.237,8.7552,18.0000,1.2203,0.7852,5.3422,0.7500,0.1500,0.1000,0.3162,0.0000,4.7486,1.1871,0.8136
20,5,3303,3305,3,4,4,0.4167,3303.764,1231.744,991.024,16.8564,19.0000,1.4961,0.3491,5.6390,0.1862,0.2671,0.5466,0.0181,0.9996,3.5614,1.0388,0.3346
81,56,3306,3310,5,7,7,0.3306,3308.177,758.061,1322.300,58.0046,56.0000,2.5787,0.3535,16.6199,0.3655,0.1715,0.4629,0.3729,0.8224,5.3421,1.4839,0.8323
4,3,3307,3308,2,1,2,1.0000,3307.438,478.000,841.422,9.4971,21.0000,1.3125,0.6078,6.2325,0.0000,0.7500,0.2500,0.0000,0.0000,5.1937,2.3743,0.8125
21,10,3310,3313,4,5,4,0.2625,3311.793,1249.207,955.659,21.2420,27.0000,1.7287,0.4501,8.0130,0.3069,0.1836,0.5095,0.5328,0.8254,4.3033,1.1871,0.6006
46,25,3317,3321,5,4,5,0.4600,3319.428,1295.046,556.030,32.3785,31.0000,1.9270,0.5742,9.1995,0.4881,0.1045,0.4074,0.5492,0.6724,4.4514,0.8903,0.6662
10,4,3322,3325,4,3,3,0.2778,3323.458,507.756,548.954,12.2930,19.0000,1.4504,0.5963,5.6381,0.5738,0.2693,0.1568,0.7004,0.5570,3.5610,1.4837,0.5191
5,3,3325,3326,2,2,2,0.6250,3325.229,729.314,428.386,9.2894,17.0000,1.2143,0.5475,5.0446,0.3432,0.2505,0.4063,0.5155,0.8569,4.1544,0.8902,0.6857
5,3,3327,3328,2,2,2,0.6250,3327.551,174.638,816.855,9.1565,18.0000,1.3043,0.5951,5.3412,0.3432,0.2505,0.4063,0.6059,0.3645,4.7477,1.4837,0.7101
3,3,3327,3329,3,1,1,1.0000,3327.960,491.000,830.000,8.5659,18.0000,1.0800,0.0400,5.3412,0.8889,0.0000,0.1111,1.0000,0.0000,4.7477,0.4451,1.0000
3,3,3327,3328,2,2,1,0.7500,3327.333,683.333,831.000,7.7093,15.0000,1.0000,0.4714,4.4510,0.5333,0.2667,0.2000,0.7071,0.0000,4.1543,1.3353,1.0000
6,3,3332,3334,3,3,1,0.6667,3333.085,337.305,554.000,9.9329,20.0000,1.4634,0.7003,5.9343,0.6944,0.2222,0.0833,0.8000,0.0000,4.3023,1.4835,0.6098
3,3,3332,3334,3,1,1,1.0000,3332.979,452.000,836.000,8.2228,17.0000,1.0625,0.9792,5.0442,0.8889,0.0000,0.1111,1.0000,0.0000,4.4506,1.4836,1.0000
5,3,3333,3335,3,2,2,0.4167,3334.056,417.597,941.167,9.5539,17.0000,1.1806,0.6225,5.0441,0.1521,0.5234,0.3245,1.0000,0.0000,5.3407,1.7803,0.6806
4,3,3333,3334,2,2,1,1.0000,3333.455,477.455,814.000,8.1596,15.0000,1.0909,0.6428,4.4507,0.0000,0.7500,0.2500,1.0000,0.0000,5.0441,1.1868,0.8182
11,3,3335,3338,4,3,3,0.3056,3336.290,549.717,994.522,12.3453,18.0000,1.4348,0.9096,5.3407,0.2040,0.5797,0.2162,0.6256,0.3938,3.5604,1.1868,0.3696
6,3,3335,3336,2,2,2,0.7500,3335.608,823.506,450.747,9.5692,16.0000,1.2152,0.8304,4.7473,0.2000,0.3333,0.4667,0.7071,0.7071,4.5989,1.7802,0.5823
5,3,3336,3337,2,2,2,0.6250,3336.458,845.639,783.194,9.5536,17.0000,1.1806,0.6794,5.0439,0.3432,0.2505,0.4063,0.6059,0.3645,4.7472,1.0385,0.6667
4,3,3339,3341,3,1,2,0.6667,3340.015,438.000,950.785,9.6424,20.0000,1.2308,0.2159,5.9338,0.5357,0.3214,0.1429,1.0000,0.0000,4.8954,0.8901,0.7846
3,3,3348,3350,3,1,1,1.0000,3348.978,622.000,1025.000,7.8788,16.0000,1.0435,0.9783,4.7467,0.8889,0.0000,0.1111,1.0000,0.0000,4.7466,0.8900,1.0000
6,3,3349,3351,3,2,2,0.5000,3350.376,373.341,857.871,10.2944,18.0000,1.2706,0.5243,5.3399,0.5034,0.2551,0.2415,0.9677,0.2521,4.5982,0.8900,0.5882
5,3,3357,3358,2,3,1,0.8333,3357.557,632.743,466.000,9.2865,16.0000,1.1429,0.9286,4.7463,0.5854,0.2927,0.1220,0.3162,0.0000,4.1530,1.1866,0.6571
6,4,3360,3362,3,2,1,1.0000,3361.069,435.494,506.000,10.5359,17.0000,1.1724,1.0595,5.0428,0.5556,0.3333,0.1111,1.0000,0.0000,5.0429,1.4832,0.7241
15,6,3365,3368,4,3,3,0.4167,3366.251,1224.946,1002.867,15.5477,22.0000,1.6256,0.2894,6.5259,0.3609,0.1975,0.4416,0.9628,0.2666,3.8562,1.1865,0.5172
7,4,3371,3373,3,2,2,0.5833,3372.053,691.600,888.463,10.6507,17.0000,1.2526,0.6715,5.0426,0.5352,0.1763,0.2885,0.8018,0.5745,4.7459,1.1865,0.6632
12,5,3382,3385,4,2,3,0.5000,3383.525,857.568,712.049,13.8704,17.0000,1.2593,0.6443,5.0421,0.5239,0.3291,0.1470,0.8451,0.0342,4.4489,0.8898,0.4877
12,3,3384,3387,4,2,3,0.5000,3385.941,500.605,697.901,13.0138,16.0000,1.2632,0.4112,4.7454,0.6143,0.1273,0.2584,0.9219,0.2340,4.1523,1.4829,0.3026
4,3,3387,3389,3,2,1,0.6667,3387.930,570.737,1016.000,8.4525,16.0000,1.1228,0.2724,4.7453,0.5357,0.3214,0.1429,1.0000,0.0000,4.7453,1.4829,0.8070
69,46,3387,3393,7,5,5,0.3943,3389.906,911.258,139.047,49.6628,41.0000,2.0338,0.2788,12.1594,0.6481,0.0512,0.3007,0.8949,0.3956,5.0415,1.4828,0.7987
5,3,3395,3396,2,2,2,0.6250,3395.539,356.579,645.855,10.0789,18.0000,1.1842,0.8045,5.3378,0.3432,0.2505,0.4063,0.6059,0.3645,5.3377,1.4827,0.6711
6,3,3395,3397,3,2,2,0.5000,3395.691,448.679,488.136,9.8061,17.0000,1.2593,0.4655,5.0412,0.5034,0.2551,0.2415,0.9677,0.2521,4.4481,1.4827,0.5802
4,3,3400,3401,2,1,2,1.0000,3400.565,303.000,720.468,9.1918,18.0000,1.1613,0.6391,5.3371,0.0000,0.7500,0.2500,0.0000,0.0000,5.3372,1.7790,0.8065
8,4,3400,3402,3,1,3,0.8889,3401.080,1291.000,817.159,11.8458,20.0000,1.4159,0.1781,5.9301,0.3375,0.5625,0.1000,0.7071,0.0000,4.0028,1.1860,0.5841
4,4,3402,3403,2,1,2,1.0000,3402.492,526.000,901.492,9.0431,16.0000,1.0492,0.6955,4.7440,0.0000,0.7500,0.2500,0.0000,0.0000,5.0404,1.7789,1.0000
3,3,3407,3408,2,1,2,0.7500,3407.673,521.000,887.653,8.3867,17.0000,1.0408,0.7301,5.0396,0.5333,0.2667,0.2000,0.7071,0.0000,5.0398,1.1858,1.0000
4,3,3412,3413,2,2,1,1.0000,3412.468,443.548,962.000,9.1886,18.0000,1.1613,0.6502,5.3354,0.0000,0.7500,0.2500,1.0000,0.0000,4.2979,0.5929,0.7903
3,3,3425,3426,2,1,2,0.7500,3425.694,418.000,977.694,8.3817,19.0000,1.1633,0.4329,5.6292,0.5333,0.2667,0.2000,0.7071,0.0000,4.8887,1.7777,1.0000
3,3,3427,3429,3,1,1,1.0000,3427.979,176.000,978.000,8.0390,16.0000,1.0213,0.9787,4.7402,0.8889,0.0000,0.1111,1.0000,0.0000,4.4438,0.5925,1.0000
8,3,3445,3447,3,2,3,0.4444,3445.971,341.905,877.648,10.9942,20.0000,1.5238,0.3661,5.9231,0.3019,0.4872,0.2108,0.8676,0.1774,3.7019,1.4808,0.4857
7,3,3457,3459,3,2,2,0.5833,3457.780,686.560,366.275,10.1870,17.0000,1.3077,0.6617,5.0351,0.4600,0.2645,0.2756,0.8571,0.1000,4.1466,0.8885,0.5165
11,3,3465,3467,3,3,3,0.4074,3466.135,1267.985,908.068,11.8796,17.0000,1.4060,0.1521,5.0361,0.2973,0.2801,0.4225,0.6126,0.1798,2.9623,1.1849,0.3609
7,3,3466,3468,3,3,2,0.3889,3466.701,550.278,946.103,10.8612,20.0000,1.4433,0.4213,5.9250,0.5453,0.2435,0.2112,0.6879,0.1639,4.4436,1.1850,0.5155
6,4,3468,3470,3,1,2,1.0000,3469.067,391.000,789.506,10.7648,18.0000,1.2135,0.4990,5.3329,0.5556,0.3333,0.1111,1.0000,0.0000,5.0367,1.4813,0.7191
8,3,3470,3472,3,2,4,0.3333,3471.146,472.709,819.010,10.7899,20.0000,1.5534,0.3258,5.9259,0.6317,0.2101,0.1581,0.2144,0.0508,2.9629,1.4815,0.4951
4,3,3471,3472,2,2,1,1.0000,3471.474,526.474,397.000,8.4445,15.0000,1.0526,0.6699,4.4446,0.0000,0.7500,0.2500,1.0000,0.0000,4.1481,0.7408,0.7895
24,6,3471,3475,5,4,5,0.2400,3472.741,1256.972,936.809,19.3551,19.0000,1.4250,0.3231,5.6300,0.7149,0.1199,0.1652,0.6214,0.3084,3.5557,1.1852,0.4031
4,3,3478,3479,2,2,1,1.0000,3478.475,503.542,898.000,8.7433,16.0000,1.0847,0.6593,4.7422,0.0000,0.7500,0.2500,1.0000,0.0000,4.8902,1.0373,0.7966
4,3,3487,3488,2,2,2,0.5000,3487.737,806.526,465.807,8.4504,16.0000,1.1228,0.6193,4.7441,0.5916,0.1015,0.3069,0.5000,0.5000,4.7440,1.7791,0.8070
3,3,3498,3500,3,1,1,1.0000,3499.021,624.000,959.000,8.2209,17.0000,1.0625,0.0208,5.0430,0.8889,0.0000,0.1111,1.0000,0.0000,5.0432,1.7799,1.0000
57,30,3499,3504,6,4,7,0.3393,3501.649,1310.671,640.248,38.5494,39.0000,2.2661,0.5410,11.5706,0.4966,0.0741,0.4293,0.6262,0.4914,3.8568,0.8901,0.6779
3,3,3504,3506,3,1,1,1.0000,3504.978,315.000,636.000,7.8802,16.0000,1.0435,0.9783,4.7473,0.8889,0.0000,0.1111,1.0000,0.0000,5.0443,1.3352,1.0000
3,3,3508,3509,2,1,2,0.7500,3508.681,475.000,694.340,8.0526,16.0000,1.0213,0.4666,4.7481,0.5333,0.2667,0.2000,0.7071,0.0000,4.4514,0.5935,1.0000
4,3,3510,3511,2,2,1,1.0000,3510.462,451.477,598.000,9.6451,18.0000,1.1077,0.6637,5.3418,0.0000,0.7500,0.2500,1.0000,0.0000,4.6000,1.0387,0.7846
4,3,3510,3511,2,1,2,1.0000,3510.456,588.000,588.526,8.4580,16.0000,1.1228,0.6965,4.7483,0.0000,0.7500,0.2500,0.0000,0.0000,5.0452,1.9290,0.8070
5,3,3512,3514,3,3,1,0.5556,3512.875,431.986,465.000,9.5567,17.0000,1.1806,0.1258,5.0457,0.5532,0.3398,0.1070,0.8281,0.0000,4.7486,0.8904,0.6806
5,3,3513,3514,2,3,1,0.8333,3513.380,470.282,451.000,9.4241,19.0000,1.3380,0.4732,5.6392,0.5854,0.2927,0.1220,0.3162,0.0000,4.7488,1.0388,0.6901
4,3,3517,3519,3,2,1,0.6667,3518.121,444.448,846.000,8.6085,17.0000,1.1724,0.9870,5.0465,0.7576,0.1294,0.1129,0.8507,0.0000,4.3042,1.3358,0.8276
5,3,3517,3518,2,2,2,0.6250,3517.473,613.149,550.338,9.8235,20.0000,1.3514,0.6434,5.9369,0.3432,0.2505,0.4063,0.6059,0.3645,4.7495,1.4842,0.7162
4,3,3526,3528,3,2,1,0.6667,3526.581,519.710,802.000,9.2043,18.0000,1.1613,0.9169,5.3443,0.7500,0.1500,0.1000,0.9487,0.0000,5.3444,1.0392,0.8387
21,7,3542,3545,4,4,3,0.4375,3543.702,1222.482,1007.128,19.7686,24.0000,1.6525,0.5811,7.1285,0.3237,0.1734,0.5029,0.7134,0.2509,3.5642,0.8910,0.4623
67,42,3549,3554,6,5,7,0.3190,3551.455,1311.075,641.685,42.5697,32.0000,1.8278,0.8262,9.5058,0.4964,0.2112,0.2924,0.1963,0.5595,4.1589,1.3367,0.7562
34,23,3550,3553,4,5,5,0.3400,3551.121,1187.060,1061.169,29.8536,32.0000,1.8567,0.2163,9.5058,0.3976,0.1649,0.4375,0.2126,0.1639,4.4559,1.1882,0.7833
3,3,3555,3556,2,1,2,0.7500,3555.688,499.000,312.333,8.2328,17.0000,1.0625,0.4569,5.0503,0.5333,0.2667,0.2000,0.7071,0.0000,5.1988,1.1883,1.0000
7,3,3556,3558,3,3,2,0.3889,3557.344,456.301,827.892,10.4427,17.0000,1.2796,0.7297,5.0505,0.5373,0.2303,0.2324,0.7071,0.2357,4.1591,1.1883,0.5161
31,14,3564,3568,5,3,6,0.3444,3566.034,1296.679,758.239,23.6402,24.0000,1.6795,0.8262,7.1308,0.7138,0.1296,0.1565,0.5582,0.1889,3.5655,0.8914,0.5621
4,3,3570,3571,2,1,2,1.0000,3570.467,562.000,493.467,8.9140,17.0000,1.1333,0.6600,5.0512,0.0000,0.7500,0.2500,0.0000,0.0000,4.7541,1.4857,0.7833
4,3,3575,3576,2,1,3,0.6667,3575.458,748.000,583.915,8.7660,17.0000,1.1525,1.0233,5.0516,0.7576,0.1294,0.1129,0.5257,0.0000,4.7545,1.4858,0.7966
11,3,3577,3579,3,4,2,0.4583,3578.037,1194.279,740.625,12.1854,19.0000,1.5368,0.4691,5.6461,0.4153,0.2420,0.3427,0.6269,0.1845,3.5660,1.1886,0.3750
12,6,3587,3590,4,2,4,0.3750,3588.765,788.888,715.679,16.0446,23.0000,1.4759,1.0289,6.8361,0.2219,0.6193,0.1588,0.4832,0.0753,3.7153,1.1889,0.6203
6,3,3588,3590,3,1,2,1.0000,3588.848,413.000,776.544,9.5858,17.0000,1.2911,0.9628,5.0527,0.5556,0.3333,0.1111,1.0000,0.0000,4.4583,1.7833,0.6076
12,3,3588,3590,3,1,6,0.6667,3588.686,785.000,685.229,13.1274,17.0000,1.3333,1.7988,5.0528,0.8080,0.1579,0.0341,0.0423,0.0000,3.8639,0.2972,0.4118
12,4,3588,3590,3,2,6,0.3333,3589.169,785.929,691.831,13.2133,18.0000,1.4026,1.8403,5.3500,0.8017,0.1354,0.0629,0.2274,0.1607,3.2695,0.5945,0.4156
20,5,3588,3590,3,3,7,0.3175,3589.337,786.415,737.720,18.7421,25.0000,1.7730,0.7310,7.4305,0.7433,0.1238,0.1329,0.0859,0.6831,3.8639,1.1889,0.4965
21,8,3588,3590,3,1,10,0.7000,3588.960,788.000,706.122,19.6523,20.0000,1.3861,0.8788,5.9444,0.9326,0.0559,0.0115,0.1569,0.0000,4.4583,1.1889,0.4752
7,4,3588,3590,3,2,2,0.5833,3589.120,787.907,731.583,12.1327,24.0000,1.5556,0.4435,7.1333,0.5916,0.2044,0.2040,0.9664,0.1591,4.0124,0.5945,0.6759
4,4,3588,3589,2,1,2,1.0000,3588.486,789.000,724.486,10.9971,19.0000,1.0270,0.6880,5.6472,0.0000,0.7500,0.2500,0.0000,0.0000,5.0527,1.3374,1.0000
5,3,3592,3594,3,3,1,0.5556,3592.972,240.125,775.000,9.5712,19.0000,1.3194,0.1280,5.6477,0.5532,0.3398,0.1070,0.5606,0.0000,5.0532,1.1890,0.6944
15,5,3594,3596,3,3,4,0.4167,3595.367,1208.935,1029.442,15.2739,20.0000,1.5075,0.5783,5.9452,0.5532,0.2307,0.2162,0.0980,0.0545,3.8645,1.0404,0.4171
4,3,3599,3600,2,1,2,1.0000,3599.492,247.000,751.424,8.7703,19.0000,1.2881,0.6619,5.6487,0.0000,0.7500,0.2500,0.0000,0.0000,4.4594,1.4865,0.8305
4,3,3602,3603,2,1,2,1.0000,3602.431,383.000,719.448,8.6223,17.0000,1.1724,0.6219,5.0544,0.0000,0.7500,0.2500,0.0000,0.0000,4.6085,1.1893,0.8276
28,9,3602,3606,5,4,5,0.2800,3604.266,1162.337,1092.893,21.5215,23.0000,1.6815,0.8144,6.8390,0.7313,0.0766,0.1922,0.6993,0.6506,3.2709,1.1894,0.4230
6,3,3607,3609,3,2,2,0.5000,3608.344,489.422,636.233,10.9264,22.0000,1.4667,0.9044,6.5425,0.6381,0.1455,0.2164,0.8019,0.3768,4.4606,1.4869,0.6333
5,3,3616,3618,3,2,1,0.8333,3616.829,374.429,621.000,9.3125,17.0000,1.2143,0.4616,5.0571,0.5854,0.2927,0.1220,0.9487,0.0000,4.7595,1.6361,0.6714
6,3,3617,3619,3,3,1,0.6667,3618.354,554.646,551.000,9.9590,17.0000,1.2439,0.5001,5.0573,0.6061,0.3030,0.0909,0.7071,0.0000,4.9087,1.7849,0.5976
4,3,3621,3622,2,2,1,1.0000,3621.525,384.525,545.000,8.7773,16.0000,1.0847,0.7080,4.7607,0.0000,0.7500,0.2500,1.0000,0.0000,4.9093,0.8926,0.7966
27,10,3625,3629,5,4,4,0.3375,3626.683,1200.554,1042.063,20.7904,20.0000,1.4876,0.6411,5.9522,0.5141,0.2170,0.2689,0.7369,0.0087,3.5710,1.1904,0.4821
7,3,3629,3631,3,2,2,0.5833,3629.800,1198.537,1044.895,10.6875,17.0000,1.2526,0.5825,5.0600,0.5916,0.2044,0.2040,0.9664,0.1591,3.8692,1.0417,0.5263
19,8,3631,3634,4,3,3,0.5278,3632.443,1059.824,436.582,18.6441,23.0000,1.6007,0.7178,6.8469,0.4879,0.1721,0.3399,0.9245,0.2468,4.3165,2.0838,0.5201
6,3,3639,3641,3,2,1,1.0000,3639.928,522.518,850.000,10.0906,18.0000,1.3012,0.5231,5.3603,0.5556,0.3333,0.1111,1.0000,0.0000,4.6156,1.1912,0.6024
3,3,3651,3652,2,2,1,0.7500,3651.667,372.333,777.000,7.7414,15.0000,1.0000,0.7454,4.4696,0.5333,0.2667,0.2000,0.7071,0.0000,4.7675,1.1919,1.0000
8,3,3657,3659,3,3,2,0.4444,3658.234,480.738,678.813,11.2759,18.0000,1.3458,0.3975,5.3651,0.5406,0.1098,0.3496,0.6941,0.1349,4.4710,0.8942,0.4579
22,3,3660,3662,3,4,5,0.3667,3661.295,1223.825,1004.747,18.1139,18.0000,1.3895,1.6572,5.3662,0.7202,0.1314,0.1484,0.2591,0.6767,3.2793,1.1925,0.2912
5,3,3665,3666,2,2,3,0.4167,3665.543,399.786,609.986,9.3343,17.0000,1.2143,0.5838,5.0691,0.1521,0.5234,0.3245,0.0000,0.5847,4.7706,1.9381,0.7000
5,3,3675,3676,2,2,2,0.6250,3675.394,432.324,589.239,9.4720,17.0000,1.1972,0.9159,5.0712,0.3432,0.2505,0.4063,0.6059,0.3645,4.7729,1.1932,0.6761
4,3,3679,3681,3,2,1,0.6667,3680.217,310.783,544.000,8.9511,17.0000,1.1333,0.3064,5.0722,0.7500,0.1500,0.1000,0.9487,0.0000,4.1772,1.3427,0.7833
6,3,3700,3701,2,2,2,0.7500,3700.459,365.271,595.635,10.3600,18.0000,1.2706,0.8291,5.3738,0.2000,0.3333,0.4667,0.0000,0.0000,4.4783,0.5971,0.5765
4,3,3707,3710,4,1,1,1.0000,3708.467,371.000,458.000,8.9573,17.0000,1.1333,0.5333,5.0759,0.9375,0.0000,0.0625,1.0000,0.0000,4.1801,0.8957,0.7833
7,4,3709,3711,3,2,3,0.3889,3710.100,462.091,428.018,12.4139,21.0000,1.3364,1.3620,6.2702,0.7558,0.1056,0.1386,0.6480,0.2871,5.0759,0.5972,0.6545
6,3,3709,3711,3,2,2,0.5000,3710.410,650.128,185.654,9.5079,16.0000,1.2308,0.8898,4.7773,0.5034,0.2551,0.2415,0.9677,0.2521,4.1801,1.4929,0.6026
4,3,3727,3730,4,1,1,1.0000,3728.426,353.000,793.000,9.1065,18.0000,1.1803,0.4262,5.3744,0.9375,0.0000,0.0625,1.0000,0.0000,4.7772,1.7914,0.7869
4,3,3729,3730,2,1,2,1.0000,3729.550,452.000,224.517,8.9572,18.0000,1.2000,0.6852,5.3743,0.0000,0.7500,0.2500,0.0000,0.0000,4.9265,0.8957,0.8167
3,3,3731,3733,3,1,1,1.0000,3732.000,243.000,574.000,7.9294,16.0000,1.0435,0.0000,4.7771,0.8889,0.0000,0.1111,1.0000,0.0000,4.4786,1.1943,1.0000
6,3,3732,3734,3,2,1,1.0000,3732.963,408.512,686.000,9.9949,17.0000,1.2439,0.4892,5.0756,0.5556,0.3333,0.1111,1.0000,0.0000,4.7771,1.1943,0.5854
3,3,3762,3764,3,1,1,1.0000,3763.043,339.000,563.000,8.1018,17.0000,1.0851,0.9574,5.0757,0.8889,0.0000,0.1111,1.0000,0.0000,4.7771,1.4929,1.0000
7,3,3762,3764,3,4,1,0.5833,3762.736,780.593,548.000,10.2692,19.0000,1.4615,0.8411,5.6727,0.7600,0.1784,0.0616,0.6636,0.0000,4.1799,1.9407,0.5385
25,13,3763,3766,4,4,5,0.3125,3764.618,1218.096,1014.220,23.1096,23.0000,1.4858,0.6624,6.8672,0.5567,0.0945,0.3488,0.0580,0.2843,3.7322,1.1943,0.6305
4,3,3772,3774,3,1,2,0.6667,3772.825,407.000,436.175,8.5103,17.0000,1.1930,0.2481,5.0763,0.7500,0.1500,0.1000,0.9487,0.0000,4.7777,0.5972,0.8246
5,3,3773,3775,3,2,1,0.8333,3773.704,748.437,504.000,9.4816,16.0000,1.1268,0.8286,4.7778,0.5854,0.2927,0.1220,0.9487,0.0000,5.0764,1.7917,0.6620
5,3,3776,3778,3,2,1,0.8333,3776.792,265.556,572.000,9.6157,18.0000,1.2500,0.4908,5.3754,0.5854,0.2927,0.1220,0.9487,0.0000,4.7780,1.1945,0.6944
11,3,3782,3785,4,3,3,0.3056,3783.475,389.036,822.856,12.5177,15.0000,1.1871,0.4974,4.4803,0.6843,0.0485,0.2671,0.7981,0.2395,3.8828,1.3440,0.4317
5,3,3788,3789,2,2,2,0.6250,3788.382,737.632,822.853,9.0843,17.0000,1.2500,0.5504,5.0782,0.3432,0.2505,0.4063,0.6059,0.3645,4.7795,0.5974,0.7059
3,3,3796,3797,2,1,2,0.7500,3796.638,495.000,252.681,8.1086,17.0000,1.0851,0.7136,5.0798,0.5333,0.2667,0.2000,0.7071,0.0000,4.7812,1.4941,1.0000
5,3,3797,3799,3,1,2,0.8333,3798.211,529.000,423.474,10.1570,21.0000,1.3816,0.5669,6.2755,0.5854,0.2927,0.1220,0.9487,0.0000,4.7814,0.8965,0.6711
4,3,3806,3807,2,2,1,1.0000,3806.526,152.526,479.000,8.5205,15.0000,1.0526,0.7081,4.4846,0.0000,0.7500,0.2500,1.0000,0.0000,4.1855,1.1957,0.7895
3,3,3807,3808,2,2,1,0.7500,3807.660,652.681,301.000,8.1131,16.0000,1.0213,0.7327,4.7838,0.5333,0.2667,0.2000,0.7071,0.0000,5.0826,2.0929,1.0000
22,4,3810,3813,4,6,5,0.1833,3811.233,182.226,606.514,18.3621,23.0000,1.7569,0.6076,6.8780,0.4175,0.4337,0.1488,0.0653,0.7792,3.2897,1.1963,0.3611
5,3,3810,3812,3,1,2,0.8333,3810.746,532.000,455.380,9.4951,17.0000,1.1972,0.8378,5.0834,0.5854,0.2927,0.1220,0.9487,0.0000,5.0838,2.2429,0.6761
3,3,3815,3817,3,1,1,1.0000,3816.000,151.000,545.000,8.1173,17.0000,1.0851,0.0000,5.0854,0.8889,0.0000,0.1111,1.0000,0.0000,4.1883,0.2992,1.0000
5,3,3825,3827,3,3,1,0.5556,3825.910,768.836,433.000,8.9699,16.0000,1.1940,1.2359,4.7898,0.7911,0.1351,0.0737,0.5257,0.0000,4.7898,1.4966,0.7015
3,3,3831,3832,2,1,2,0.7500,3831.674,262.000,490.652,7.9544,16.0000,1.0435,0.7292,4.7923,0.5333,0.2667,0.2000,0.7071,0.0000,4.7923,1.4973,1.0000
7,3,3848,3850,3,3,2,0.3889,3849.022,771.802,1003.868,10.3199,16.0000,1.2308,0.2387,4.8007,0.6788,0.0891,0.2320,0.7979,0.1151,3.9006,1.2004,0.4945
6,3,3848,3850,3,2,3,0.3333,3848.632,821.862,621.966,10.6563,18.0000,1.2414,0.6480,5.4007,0.8257,0.0455,0.1288,0.6506,0.3940,4.5007,1.8002,0.5862
4,3,3850,3851,2,1,2,1.0000,3850.481,363.000,1036.519,8.1025,14.0000,1.0370,0.7076,4.2016,0.0000,0.7500,0.2500,0.0000,0.0000,4.8012,1.2005,0.7778
4,3,3851,3853,3,2,1,0.6667,3852.055,569.545,534.000,8.2541,16.0000,1.1636,0.4578,4.8024,0.7576,0.1294,0.1129,0.8507,0.0000,4.8026,1.8009,0.8000
4,3,3851,3852,2,1,2,1.0000,3851.491,604.000,232.455,8.2535,16.0000,1.1636,0.6825,4.8024,0.0000,0.7500,0.2500,0.0000,0.0000,3.9015,0.3001,0.8000
4,3,3856,3859,4,1,1,1.0000,3857.429,880.000,597.000,8.4099,16.0000,1.1429,0.4286,4.8054,0.9375,0.0000,0.0625,1.0000,0.0000,3.7543,0.9010,0.7857
4,3,3859,3860,2,2,1,1.0000,3859.545,595.564,903.000,8.2620,16.0000,1.1636,0.6301,4.8073,0.0000,0.7500,0.2500,1.0000,0.0000,4.6567,0.9014,0.8182
3,3,3859,3860,2,2,1,0.7500,3859.326,610.326,411.000,7.4584,15.0000,1.0465,0.4604,4.5062,0.5333,0.2667,0.2000,0.7071,0.0000,4.5068,1.2017,1.0000
3,3,3862,3863,2,1,2,0.7500,3862.326,630.000,395.348,7.9820,16.0000,1.0435,0.7292,4.8086,0.5333,0.2667,0.2000,0.7071,0.0000,5.1096,1.8035,1.0000
4,3,3864,3866,3,1,2,0.6667,3864.927,350.000,553.436,8.2681,17.0000,1.2364,0.4424,5.1112,0.7576,0.1294,0.1129,0.8507,0.0000,4.8101,2.4052,0.8182
5,3,3864,3866,3,1,2,0.8333,3865.239,442.000,422.358,9.0091,17.0000,1.2687,0.8413,5.1120,0.5854,0.2927,0.1220,0.9487,0.0000,4.5100,0.9022,0.6866
3,3,3864,3865,2,2,1,0.7500,3864.333,918.333,683.000,7.2900,14.0000,1.0000,0.4714,4.2093,0.5333,0.2667,0.2000,0.7071,0.0000,3.9080,0.6014,1.0000
4,3,3872,3873,2,2,1,1.0000,3872.455,410.436,1068.000,8.2774,16.0000,1.1636,0.6301,4.8156,0.0000,0.7500,0.2500,1.0000,0.0000,4.0635,0.3010,0.8182
3,3,3874,3875,2,2,1,0.7500,3874.318,784.341,570.000,7.6485,15.0000,1.0227,0.4663,4.5160,0.5333,0.2667,0.2000,0.7071,0.0000,4.2149,1.2042,1.0000
3,3,3876,3878,3,1,1,1.0000,3876.955,501.000,403.000,7.6518,16.0000,1.0909,0.9545,4.8186,0.8889,0.0000,0.1111,1.0000,0.0000,4.5189,0.7533,1.0000
3,3,3877,3878,2,2,1,0.7500,3877.378,469.689,452.000,7.8262,17.0000,1.1333,0.6957,5.1215,0.5333,0.2667,0.2000,0.7071,0.0000,4.5182,0.9037,1.0000
3,3,3878,3878,1,2,2,0.7500,3878.000,455.667,480.333,7.3052,14.0000,1.0000,0.7454,4.2177,0.5333,0.2667,0.2000,0.0000,1.0000,3.9165,1.2048,1.0000
6,3,3879,3881,3,3,1,0.6667,3879.744,402.103,569.000,9.5960,16.0000,1.2308,1.1655,4.8210,0.6944,0.2222,0.0833,0.6000,0.0000,3.6161,0.9040,0.5641
4,3,3879,3881,3,2,1,0.6667,3880.193,474.211,577.000,8.5891,16.0000,1.1228,1.2114,4.8210,0.7500,0.1500,0.1000,0.9487,0.0000,4.0689,1.2053,0.7895
4,3,3883,3885,3,1,2,0.6667,3884.185,909.000,279.815,8.1427,16.0000,1.1852,0.2619,4.8251,0.7500,0.1500,0.1000,0.9487,0.0000,3.9205,0.9049,0.8148
3,3,3888,3890,3,1,1,1.0000,3888.956,224.000,401.000,7.8421,16.0000,1.0667,0.9556,4.8286,0.8889,0.0000,0.1111,1.0000,0.0000,4.2259,0.9056,1.0000
8,4,3889,3891,3,2,2,0.6667,3890.400,840.510,953.330,10.6747,14.0000,1.1200,0.7273,4.2274,0.4716,0.1249,0.4035,0.8929,0.1898,4.2270,1.5095,0.5600
6,3,3890,3892,3,2,2,0.5000,3890.892,602.855,373.699,10.2316,18.0000,1.3012,0.9521,5.4342,0.7074,0.0897,0.2030,0.9140,0.2540,4.2274,1.5102,0.5904
5,3,3892,3893,2,2,2,0.6250,3892.603,841.368,368.412,9.1856,15.0000,1.1029,0.6800,4.5311,0.2938,0.4054,0.3007,0.0000,0.3029,4.6813,1.5104,0.6324
5,4,3897,3899,3,2,2,0.4167,3898.027,438.653,477.867,10.1422,19.0000,1.2667,0.3724,5.7452,0.1521,0.5234,0.3245,1.0000,0.0000,5.1405,0.7559,0.8667
6,3,3899,3901,3,2,2,0.5000,3899.667,459.139,513.528,8.8912,14.0000,1.1667,0.8287,4.2351,0.6373,0.1269,0.2358,0.8795,0.0724,3.9326,1.2097,0.5833
3,3,3899,3900,2,2,1,0.7500,3899.341,621.659,355.000,7.6836,15.0000,1.0227,0.7420,4.5376,0.5333,0.2667,0.2000,0.7071,0.0000,3.9320,0.6045,1.0000
4,3,3900,3901,2,1,2,1.0000,3900.481,720.000,145.463,8.1685,15.0000,1.1111,0.6951,4.5385,0.0000,0.7500,0.2500,0.0000,0.0000,4.5376,1.5121,0.7963
4,3,3901,3903,3,1,2,0.6667,3902.052,755.000,261.828,8.7765,17.0000,1.1724,0.1800,5.1459,0.5357,0.3214,0.1429,1.0000,0.0000,4.9930,0.9077,0.8276
3,3,3905,3907,3,1,1,1.0000,3906.040,312.000,407.000,8.7441,18.0000,1.0800,0.0400,5.4522,0.8889,0.0000,0.1111,1.0000,0.0000,5.4533,1.8173,1.0000
4,3,3906,3907,2,2,2,0.5000,3906.259,1038.204,592.463,8.1788,15.0000,1.1111,0.5684,4.5435,0.5916,0.1015,0.3069,0.5000,0.5000,3.9381,0.9087,0.7963
4,3,3909,3910,2,2,2,0.5000,3909.463,356.741,990.185,8.1848,15.0000,1.1111,0.5620,4.5477,0.5916,0.1015,0.3069,0.7071,0.7071,4.0921,0.9095,0.8148
6,3,3909,3910,2,2,2,0.7500,3909.537,692.737,998.362,9.9007,17.0000,1.2750,0.8302,5.1540,0.2000,0.3333,0.4667,0.0000,0.0000,4.6982,1.8186,0.5875
7,3,3911,3912,2,2,3,0.5833,3911.538,842.407,264.879,10.4315,17.0000,1.3077,0.6855,5.1552,0.4116,0.1986,0.3898,0.4312,0.7071,3.9432,1.2131,0.5275
5,3,3912,3914,3,2,1,0.8333,3912.730,727.595,520.000,10.0397,17.0000,1.1486,0.9413,5.1577,0.5854,0.2927,0.1220,0.9487,0.0000,4.8529,1.5167,0.6622
3,3,3913,3915,3,1,1,1.0000,3913.977,460.000,476.000,7.7090,15.0000,1.0227,0.9773,4.5520,0.8889,0.0000,0.1111,1.0000,0.0000,4.8544,1.5170,1.0000
3,3,3913,3914,2,1,2,0.7500,3913.364,689.000,235.318,7.7079,16.0000,1.0909,0.7115,4.8554,0.5333,0.2667,0.2000,0.7071,0.0000,4.5509,1.2137,1.0000
4,3,3914,3915,2,1,2,1.0000,3914.528,1088.000,442.528,8.0428,14.0000,1.0566,0.7082,4.2495,0.0000,0.7500,0.2500,0.0000,0.0000,4.5524,1.5174,0.7925
8,3,3917,3920,4,2,3,0.3333,3918.830,290.226,546.198,11.3863,16.0000,1.2075,1.2079,4.8626,0.7880,0.1123,0.0997,0.7581,0.3736,4.2538,1.8226,0.4245
4,4,3920,3921,2,1,2,1.0000,3920.492,610.000,277.525,9.2705,17.0000,1.1148,0.6840,5.1665,0.0000,0.7500,0.2500,0.0000,0.0000,5.1679,1.5199,1.0000
4,3,3921,3922,2,1,2,1.0000,3921.537,634.000,246.463,8.2088,15.0000,1.1111,0.6547,4.5610,0.0000,0.7500,0.2500,0.0000,0.0000,4.5604,1.2165,0.7963
5,3,3924,3925,2,2,2,0.6250,3924.215,1082.338,562.369,8.8439,15.0000,1.1538,0.5452,4.5633,0.3432,0.2505,0.4063,0.5155,0.8569,4.5633,0.9127,0.6615
3,3,3925,3926,2,2,1,0.7500,3925.318,571.341,504.000,7.7309,15.0000,1.0227,0.4663,4.5645,0.5333,0.2667,0.2000,0.7071,0.0000,4.8687,1.5216,1.0000
6,3,3936,3939,4,2,2,0.3750,3937.307,548.133,545.133,9.3480,17.0000,1.3600,0.7185,5.1912,0.8444,0.0252,0.1304,0.9761,0.1745,3.3581,0.4583,0.6000
5,3,3937,3938,2,2,2,0.6250,3937.631,615.615,476.831,8.8756,15.0000,1.1538,0.7373,4.5804,0.3432,0.2505,0.4063,0.6059,0.3645,4.5790,1.3739,0.6769
4,3,3939,3940,2,2,2,0.5000,3939.466,686.810,409.741,8.8591,16.0000,1.1034,0.5653,4.8885,0.5916,0.1015,0.3069,0.7071,0.7071,5.0400,1.5270,0.8103
5,3,3943,3945,3,2,2,0.4167,3944.090,484.716,538.791,9.1653,18.0000,1.3433,0.3635,5.5058,0.5461,0.2256,0.2283,0.8117,0.4177,4.5882,1.5290,0.7164
4,3,3946,3948,3,2,1,0.6667,3947.123,832.737,668.000,8.7254,17.0000,1.1930,0.2904,5.2044,0.5357,0.3214,0.1429,1.0000,0.0000,4.4398,1.2246,0.8421
8,3,3947,3948,2,2,5,0.4000,3947.483,516.326,125.180,9.6345,14.0000,1.2584,1.3159,4.2872,0.8481,0.0598,0.0921,0.2581,0.5403,3.3685,1.2247,0.4719
3,3,3950,3951,2,2,1,0.7500,3950.333,587.667,565.000,7.9616,15.0000,1.0000,0.7454,4.5975,0.5333,0.2667,0.2000,0.7071,0.0000,4.9026,1.5322,1.0000
5,3,3953,3955,3,1,2,0.8333,3954.314,713.000,355.471,9.6046,17.0000,1.2143,0.6149,5.2153,0.5854,0.2927,0.1220,0.9487,0.0000,5.2167,1.2274,0.7000
12,3,3964,3967,4,4,3,0.2500,3965.250,465.917,367.379,11.7326,16.0000,1.4545,0.4614,4.9260,0.4713,0.2433,0.2854,0.8400,0.4025,3.5405,1.3855,0.3333
3,3,3965,3967,3,1,1,1.0000,3966.023,599.000,459.000,7.8239,15.0000,1.0227,0.0227,4.6214,0.8889,0.0000,0.1111,1.0000,0.0000,4.9277,0.9239,1.0000
28,11,3977,3981,5,5,4,0.2800,3979.045,480.264,1269.416,21.9411,23.0000,1.7173,0.4948,7.1207,0.5775,0.0841,0.3384,0.6239,0.2548,3.4077,1.2384,0.5067
17,8,3988,3991,4,3,3,0.4722,3989.343,852.033,888.690,18.2718,22.0000,1.5455,0.7713,6.8515,0.2644,0.3904,0.3452,0.6555,0.3641,4.3574,1.5565,0.5992
3,3,3994,3995,2,1,2,0.7500,3994.652,896.000,200.304,8.2966,16.0000,1.0435,0.7197,4.9995,0.5333,0.2667,0.2000,0.7071,0.0000,5.3083,2.0307,1.0000
6,3,3997,3999,3,1,4,0.5000,3998.026,486.000,303.184,9.7167,16.0000,1.2632,0.8162,5.0106,0.6945,0.2391,0.0664,0.1949,0.0000,4.2290,1.8778,0.5921
3,3,4017,4019,3,1,1,1.0000,4018.000,426.000,417.000,7.7372,14.0000,1.0000,1.0000,4.4719,0.8889,0.0000,0.1111,1.0000,0.0000,5.1046,0.9567,1.0000
3,3,4017,4019,3,1,1,1.0000,4018.000,797.000,587.000,8.6583,19.0000,1.2128,0.0000,6.0625,0.8889,0.0000,0.1111,1.0000,0.0000,4.7917,1.5968,1.0000
5,3,4029,4031,3,2,2,0.4167,4029.769,648.154,261.200,9.3968,19.0000,1.4615,0.3419,6.1435,0.6489,0.0995,0.2515,0.9362,0.2726,4.5279,1.2905,0.7077
15,10,4032,4034,3,3,3,0.5556,4032.767,604.013,267.336,18.6747,27.0000,1.8161,0.4095,8.7593,0.2562,0.0900,0.6538,0.4262,0.8857,4.5395,1.6210,0.7444
5,3,4032,4034,3,1,2,0.8333,4032.783,696.000,158.567,8.7030,16.0000,1.3333,0.4845,5.1907,0.5854,0.2927,0.1220,0.9487,0.0000,4.5363,1.6196,0.7000
4,4,4034,4035,2,1,2,1.0000,4034.500,797.000,421.500,9.0986,15.0000,1.0714,0.7071,4.8769,0.0000,0.7500,0.2500,0.0000,0.0000,4.5491,0.6488,1.0000
4,3,4034,4034,1,2,3,0.6667,4034.000,875.808,359.846,8.4441,15.0000,1.1538,1.1698,4.8716,0.7500,0.1500,0.1000,0.0000,1.0000,4.7092,1.4609,0.8077
7,3,4035,4038,4,2,2,0.4375,4036.556,872.222,435.642,9.9704,15.0000,1.2963,0.6125,4.8925,0.7197,0.1146,0.1657,0.9107,0.4045,3.2544,0.9752,0.5309
5,3,4041,4043,3,1,2,0.8333,4041.768,807.000,531.377,10.1036,17.0000,1.2319,0.4424,5.5675,0.5854,0.2927,0.1220,0.9487,0.0000,4.9076,1.3103,0.6522
4,3,4041,4044,4,1,1,1.0000,4042.600,906.000,267.000,8.1923,14.0000,1.1200,0.4000,4.5895,0.9375,0.0000,0.0625,1.0000,0.0000,3.9345,0.0013,0.8000
5,3,4042,4044,3,1,2,0.8333,4042.746,826.000,234.475,8.6477,15.0000,1.2712,0.9123,4.9125,0.5854,0.2927,0.1220,0.9487,0.0000,4.5892,0.3269,0.6949
6,4,4045,4046,2,2,3,0.5000,4045.636,734.102,420.216,11.8069,20.0000,1.3636,0.4351,6.5751,0.5230,0.1584,0.3185,0.3667,0.5079,6.0768,2.3017,0.7614
6,3,4046,4048,3,3,2,0.3333,4047.230,561.865,386.568,9.9429,15.0000,1.2162,0.5080,4.9358,0.8205,0.0256,0.1538,0.6396,0.3015,4.6091,1.4806,0.7432
5,3,4047,4048,2,3,1,0.8333,4047.629,954.806,528.000,9.1289,16.0000,1.2903,0.4184,5.2695,0.5854,0.2927,0.1220,0.3162,0.0000,4.9390,1.3168,0.6935
3,3,4055,4057,3,1,1,1.0000,4056.024,1039.000,536.000,7.8453,14.0000,1.0244,0.0244,4.6431,0.8889,0.0000,0.1111,1.0000,0.0000,4.9714,0.6628,1.0000
4,3,4056,4059,4,1,1,1.0000,4057.370,1075.000,353.000,8.9566,18.0000,1.3333,0.3704,5.9697,0.9375,0.0000,0.0625,1.0000,0.0000,4.6432,1.3254,0.8148
16,3,4057,4060,4,4,3,0.3333,4058.978,271.530,259.039,15.0260,15.0000,1.3260,1.4703,4.9841,0.4035,0.4612,0.1354,0.4367,0.0341,2.8254,0.6637,0.3204
4,3,4058,4060,3,1,2,0.6667,4058.707,636.000,807.224,9.6283,17.0000,1.1724,0.3690,5.6453,0.7500,0.1500,0.1000,0.9487,0.0000,4.4802,1.3295,0.7931
9,3,4058,4060,3,1,4,0.7500,4058.860,752.000,206.440,11.0681,15.0000,1.3500,0.9660,4.9811,0.6972,0.2440,0.0588,0.4472,0.0000,3.6548,1.3272,0.4300
