n_voxels,n_seed,z_min,z_max,z_extent,y_extent,x_extent,fill,centroid_z,centroid_y,centroid_x,snr_cluster,r_peak,r_peak_ratio,peak_offset,snr_peak,linearity,planarity,sphericity,axis_z,normal_z,edge_contrast,decay_drop,seed_grown_ratio
11,5,200,201,2,4,4,0.3438,200.530,224.189,831.045,12.9086,14.0000,1.1667,0.5649,4.5422,0.6202,0.2185,0.1613,0.3071,0.9454,2.5955,0.9708,0.5152
12,3,200,202,3,4,3,0.3333,200.847,225.153,834.949,12.8299,15.0000,1.3139,1.2810,4.8666,0.4693,0.2873,0.2434,0.1869,0.5433,2.5937,0.9742,0.3066
4,4,200,203,4,1,1,1.0000,201.500,770.000,626.000,9.0875,15.0000,1.0714,0.5000,4.8699,0.9375,0.0000,0.0625,1.0000,0.0000,3.5704,1.1366,1.0000
9,3,200,203,4,2,2,0.5625,201.421,772.562,627.479,13.0896,18.0000,1.3388,1.5759,5.8361,0.5675,0.3247,0.1078,0.9995,0.0321,3.2416,0.4874,0.7438
13,3,200,203,4,3,3,0.3611,201.357,784.060,617.065,15.1210,18.0000,1.3929,0.3679,5.8399,0.4269,0.4910,0.0821,0.7877,0.1198,4.2232,1.6237,0.5417
3,3,200,202,3,1,1,1.0000,201.022,786.000,640.000,8.6167,17.0000,1.1087,0.0217,5.5155,0.8889,0.0000,0.1111,1.0000,0.0000,4.5452,0.0003,1.0000
7,3,200,202,3,2,2,0.5833,200.640,795.244,628.267,10.5435,17.0000,1.3837,0.7350,5.5119,0.3772,0.3083,0.3146,0.9758,0.2185,3.8916,0.6500,0.5233
12,7,200,202,3,4,3,0.3333,200.697,927.658,408.171,14.2332,15.0000,1.1842,0.7954,4.8634,0.7431,0.1225,0.1345,0.4306,0.0579,4.7027,0.9743,0.7303
16,4,200,202,3,4,4,0.3333,200.610,936.643,414.995,14.7583,14.0000,1.2308,0.7068,4.5422,0.6377,0.1527,0.2096,0.1847,0.0284,3.8912,1.9477,0.3681
9,5,200,203,4,2,2,0.5625,201.140,968.386,442.825,12.3300,15.0000,1.1842,1.3070,4.8666,0.6745,0.1583,0.1672,0.9871,0.1490,4.5457,1.2975,0.6140
5,3,200,200,1,4,2,0.6250,200.000,1122.828,473.156,9.2800,16.0000,1.2500,0.8427,5.1877,0.8677,0.0764,0.0559,0.0000,1.0000,3.8905,1.2967,0.6875
13,3,200,202,3,5,3,0.2889,201.013,1141.629,515.082,14.3075,17.0000,1.3899,1.3736,5.5155,0.7710,0.0788,0.1502,0.1822,0.9181,2.5955,0.3253,0.3836
8,4,200,202,3,3,2,0.4444,200.897,1144.290,522.748,12.2729,17.0000,1.2710,0.3977,5.5155,0.3086,0.2813,0.4101,0.5226,0.2795,2.7600,0.9726,0.5607
8,3,200,201,2,3,3,0.4444,200.505,1154.010,545.134,11.1230,15.0000,1.2371,0.5227,4.8634,0.2857,0.4561,0.2582,0.3223,0.7555,2.5951,0.6467,0.4227
7,3,200,202,3,2,3,0.3889,200.819,1178.759,630.663,10.1769,15.0000,1.2651,0.7279,4.8666,0.2843,0.4935,0.2222,0.0803,0.1628,2.9168,0.6506,0.4940
22,4,200,204,5,5,4,0.2200,201.927,1182.752,757.382,18.1343,18.0000,1.5115,1.0332,5.8399,0.6291,0.2534,0.1175,0.2395,0.0514,2.7593,0.8108,0.3397
5,4,200,202,3,2,2,0.4167,201.047,1184.406,682.797,9.2863,15.0000,1.1719,0.4566,4.8666,0.1521,0.5234,0.3245,1.0000,0.0000,2.5955,0.3250,0.8438
27,4,200,203,4,5,8,0.1688,201.487,1185.288,690.137,19.1125,14.0000,1.2353,1.7856,4.5422,0.5187,0.3346,0.1467,0.0936,0.9930,2.5979,0.9720,0.3039
12,5,200,202,3,3,4,0.3333,201.359,1184.750,707.032,14.6142,21.0000,1.6154,1.2760,6.8132,0.6976,0.1246,0.1778,0.1164,0.0980,2.4308,0.6474,0.5192
28,3,200,203,4,6,5,0.2333,201.497,1185.155,719.814,20.1176,15.0000,1.2805,0.9974,4.8699,0.3913,0.2417,0.3670,0.2450,0.9293,2.7589,0.9721,0.2957
24,3,200,203,4,4,8,0.1875,201.338,1186.211,731.364,18.2164,15.0000,1.3091,1.4091,4.8666,0.8595,0.0591,0.0814,0.0539,0.9009,2.9191,0.9733,0.2582
6,3,200,201,2,3,3,0.3333,200.155,1253.817,823.887,9.3989,13.0000,1.0986,0.8391,4.2150,0.4961,0.2890,0.2148,0.2135,0.9113,2.9186,0.9727,0.5493
3,3,201,202,2,2,1,0.7500,201.325,1166.675,583.000,7.4943,14.0000,1.0500,0.4596,4.5422,0.5333,0.2667,0.2000,0.7071,0.0000,2.5984,0.3252,1.0000
12,3,201,203,3,3,4,0.3333,201.986,1182.524,680.241,13.5895,17.0000,1.4069,0.5338,5.5192,0.5403,0.2329,0.2269,0.2888,0.8212,2.4366,0.6502,0.3103
12,3,201,203,3,3,4,0.3333,201.699,1183.055,766.822,13.6805,15.0000,1.2329,1.6097,4.8699,0.6816,0.0838,0.2346,0.2430,0.2258,2.9185,1.1358,0.4726
12,3,201,203,3,3,3,0.4444,201.681,1183.957,750.794,13.2118,16.0000,1.3617,0.3821,5.1945,0.4944,0.2533,0.2523,0.0496,0.2425,2.5949,0.4873,0.3121
24,4,203,205,3,5,9,0.1778,203.799,239.394,804.450,17.8496,14.0000,1.2491,0.7809,4.5517,0.8670,0.0589,0.0741,0.0481,0.9981,3.2510,1.1371,0.2937
6,3,203,205,3,2,2,0.5000,204.181,256.861,868.528,9.5578,15.0000,1.2500,0.5243,4.8768,0.3810,0.3333,0.2857,0.9487,0.1690,2.7670,0.9758,0.5833
7,3,203,205,3,2,2,0.5833,204.277,1090.723,467.759,10.2015,15.0000,1.2651,0.4600,4.8768,0.3772,0.3083,0.3146,0.9758,0.2185,2.6004,0.6514,0.5060
13,3,203,205,3,4,4,0.2708,204.269,1144.391,569.359,14.0697,19.0000,1.5833,0.5952,6.1773,0.2862,0.2766,0.4372,0.3481,0.9073,2.9265,1.3014,0.3141
17,3,203,206,4,5,4,0.2125,204.630,1158.130,632.295,15.7781,16.0000,1.3600,0.7077,5.2019,0.7805,0.1024,0.1171,0.3090,0.4583,2.6014,0.9731,0.3500
13,4,203,206,4,4,3,0.2708,204.929,1162.859,671.667,14.0767,16.0000,1.3333,0.6851,5.2058,0.6840,0.2225,0.0935,0.3759,0.0174,2.2812,0.0018,0.3846
22,4,203,205,3,5,7,0.2095,204.267,1165.378,669.670,18.7190,18.0000,1.4667,0.9527,5.8565,0.7619,0.1567,0.0814,0.0303,0.8990,3.4129,0.9747,0.4037
7,3,203,205,3,2,3,0.3889,204.282,1167.882,706.965,10.4473,15.0000,1.2353,0.3079,4.8768,0.6023,0.2183,0.1794,0.6617,0.3765,3.5766,0.9775,0.4941
16,3,204,206,3,2,5,0.5333,204.577,230.566,696.397,15.3685,15.0000,1.2698,0.7245,4.8804,0.7194,0.0983,0.1823,0.2476,0.0591,3.2502,0.9753,0.2857
13,4,204,206,3,2,5,0.4333,204.647,232.300,677.940,13.5323,15.0000,1.3000,0.7154,4.8768,0.4203,0.3331,0.2466,0.0640,0.2665,2.9287,1.2992,0.3667
31,4,204,206,3,4,13,0.1987,204.513,235.224,649.890,20.6207,14.0000,1.2295,3.1604,4.5551,0.9653,0.0133,0.0214,0.0093,0.5131,2.9287,0.9768,0.2663
13,3,204,206,3,4,3,0.3611,205.261,1151.471,612.359,13.8094,19.0000,1.6144,0.8711,6.1819,0.6079,0.1713,0.2208,0.3607,0.3117,2.6036,0.6519,0.3072
7,4,204,205,2,3,3,0.3889,204.110,1154.341,609.648,11.1833,18.0000,1.3846,0.7553,5.8522,0.1278,0.6171,0.2551,0.2673,0.9586,2.9261,0.0000,0.6593
15,6,204,206,3,4,4,0.3125,204.729,1163.326,655.326,15.2024,17.0000,1.4088,0.5346,5.5311,0.2809,0.5038,0.2153,0.4492,0.8394,2.9293,0.6482,0.4696
11,3,204,207,4,3,3,0.3056,205.173,1164.906,700.403,13.6379,19.0000,1.5036,0.4482,6.1819,0.6364,0.1733,0.1902,0.8911,0.0150,2.6048,0.8158,0.5252
13,3,204,206,3,4,4,0.2708,204.942,1164.750,753.763,14.0767,16.0000,1.3333,0.7887,5.2058,0.7031,0.0910,0.2058,0.0016,0.9818,3.2531,1.1390,0.3526
14,3,204,207,4,5,3,0.2333,205.418,1162.880,681.791,13.7436,13.0000,1.1519,0.9960,4.2329,0.8239,0.0511,0.1250,0.3976,0.0205,2.6047,0.4878,0.3291
14,5,204,206,3,4,5,0.2333,204.577,1166.113,714.387,14.6041,15.0000,1.2500,1.0559,4.8804,0.7920,0.0934,0.1146,0.1062,0.4064,2.7662,0.9776,0.4167
7,3,204,205,2,2,3,0.5833,204.414,1166.437,679.103,10.6942,15.0000,1.2069,0.7065,4.8768,0.5352,0.1763,0.2885,0.2673,0.0986,2.9268,0.9754,0.4943
18,7,204,206,3,4,6,0.2500,204.700,1167.062,717.727,17.4044,17.0000,1.3480,1.9880,5.5311,0.8080,0.0948,0.0973,0.0080,0.5846,3.2497,1.3014,0.5286
7,3,205,206,2,2,3,0.5833,205.410,1146.253,839.566,10.2101,15.0000,1.2651,0.7433,4.8804,0.5694,0.1270,0.3036,0.2595,0.2173,2.7648,0.9768,0.5060
8,3,205,207,3,2,3,0.4444,205.620,1151.400,824.610,11.5087,15.0000,1.2000,0.9362,4.8842,0.4423,0.3717,0.1860,0.7071,0.5125,3.4155,1.6253,0.5600
21,4,205,207,3,4,7,0.2500,205.374,1161.550,773.660,16.9028,15.0000,1.3235,0.6766,4.8804,0.8102,0.0619,0.1280,0.0740,0.9972,2.6036,1.2991,0.2395
42,4,207,210,4,3,16,0.2188,208.118,250.868,694.012,24.7109,16.0000,1.3686,4.9909,5.2181,0.9678,0.0131,0.0191,0.0360,0.1561,2.9352,1.3035,0.3401
20,8,207,209,3,4,6,0.2778,208.000,250.266,729.365,17.7936,15.0000,1.2295,1.5494,4.8919,0.6924,0.2064,0.1012,0.1547,0.9627,3.2613,1.3053,0.5082
11,5,207,209,3,2,4,0.4583,208.236,251.382,734.944,14.1625,17.0000,1.2986,0.4525,5.5442,0.7766,0.0220,0.2014,0.5355,0.0346,3.2650,1.3045,0.5417
12,3,207,209,3,2,4,0.5000,207.910,254.607,771.993,13.6501,14.0000,1.1586,1.4132,4.5658,0.6845,0.1109,0.2045,0.1712,0.0581,3.0982,0.9800,0.3793
23,5,207,210,4,3,7,0.2738,208.365,256.025,643.242,18.8424,15.0000,1.2455,0.8416,4.8919,0.8113,0.0718,0.1169,0.0475,0.6075,3.2602,1.3045,0.3466
54,6,207,209,3,6,20,0.1500,207.699,258.088,796.687,27.8198,16.0000,1.3780,0.4430,5.2181,0.9769,0.0102,0.0129,0.0088,0.9987,2.9362,1.3033,0.3668
44,4,207,210,4,8,7,0.1964,208.549,1141.952,766.491,25.8237,17.0000,1.4248,2.4819,5.5534,0.4399,0.4409,0.1193,0.0669,0.9760,2.9375,0.9800,0.3752
19,4,207,210,4,4,4,0.2969,208.157,1141.733,645.110,15.7141,15.0000,1.3571,0.7579,4.8919,0.4593,0.1647,0.3760,0.3883,0.8301,2.4498,0.4901,0.2571
48,6,207,209,3,6,9,0.2963,207.972,1144.532,668.403,26.7367,16.0000,1.3521,2.3770,5.2139,0.3715,0.5267,0.1018,0.0247,0.9890,2.9381,0.9808,0.3926
6,3,207,208,2,3,2,0.5000,207.297,1144.189,655.311,9.8469,15.0000,1.2162,0.4699,4.8880,0.4074,0.2455,0.3471,0.3304,0.7250,3.4221,0.8168,0.5541
11,6,207,209,3,4,3,0.3056,207.879,1143.329,658.771,13.7651,15.0000,1.1786,0.4183,4.8919,0.6676,0.1513,0.1812,0.1121,0.7369,2.9341,0.9749,0.6786
32,5,207,210,4,8,6,0.1667,208.236,1145.151,732.005,20.9894,16.0000,1.4066,1.0439,5.2181,0.8095,0.1201,0.0704,0.1082,0.9755,2.4489,0.9784,0.3077
11,3,207,210,4,4,2,0.3438,208.493,1143.425,744.649,13.1818,16.0000,1.3134,2.1978,5.2139,0.7055,0.1772,0.1173,0.5092,0.4642,2.6077,0.3248,0.6045
26,4,207,209,3,5,8,0.2167,208.032,1146.628,679.456,19.7639,17.0000,1.4304,1.5882,5.5442,0.7932,0.1225,0.0843,0.0266,0.9862,2.9346,1.3068,0.4531
26,9,207,210,4,7,5,0.1857,208.250,1146.481,706.297,20.4712,17.0000,1.3812,0.6183,5.5442,0.7856,0.0615,0.1529,0.2367,0.9614,2.9359,0.6549,0.4125
23,9,207,210,4,6,6,0.1597,208.179,1145.736,720.810,18.5675,15.0000,1.2637,0.7814,4.8919,0.4908,0.3175,0.1917,0.1520,0.8972,2.9320,0.9773,0.4982
7,4,207,209,3,3,2,0.3889,207.898,1147.466,684.886,10.8465,17.0000,1.3523,0.5555,5.5442,0.2873,0.4228,0.2899,0.3651,0.0289,3.2567,0.4887,0.6591
21,3,207,209,3,5,5,0.2800,208.174,1146.384,689.884,17.2249,14.0000,1.2149,1.9899,4.5658,0.1962,0.6290,0.1748,0.2015,0.9732,2.6104,0.6547,0.2769
13,3,207,209,3,6,3,0.2407,208.033,1145.820,726.073,13.5682,15.0000,1.3000,1.1827,4.8919,0.9217,0.0104,0.0679,0.2225,0.2566,2.6059,0.9760,0.2867
25,4,207,209,3,6,5,0.2778,208.244,1146.678,716.061,20.2893,19.0000,1.5273,1.9387,6.1964,0.6243,0.2651,0.1106,0.0324,0.9989,3.2576,0.9776,0.4855
31,4,208,212,5,3,11,0.1879,208.609,251.478,680.514,21.4490,16.0000,1.3552,2.6126,5.2181,0.8863,0.0670,0.0467,0.0330,0.1816,3.2602,0.9768,0.3415
13,3,208,210,3,3,5,0.2889,208.733,263.827,606.573,13.5760,14.0000,1.2133,1.8046,4.5658,0.8166,0.0376,0.1458,0.3933,0.4392,3.2664,1.3050,0.3533
4,3,208,209,2,1,2,1.0000,208.481,1102.000,509.558,8.4827,15.0000,1.1538,0.6821,4.8960,0.0000,0.7500,0.2500,0.0000,0.0000,4.0765,0.8151,0.8077
14,5,208,212,5,3,3,0.3111,209.757,1121.462,852.509,14.7517,15.0000,1.2426,1.0511,4.8960,0.2642,0.4554,0.2805,0.9164,0.0809,2.9376,0.9781,0.4024
21,7,208,210,3,4,5,0.3500,208.553,1130.602,822.201,18.7967,17.0000,1.3523,0.8419,5.5442,0.7313,0.0719,0.1968,0.0560,0.5436,3.2634,0.9792,0.5000
10,3,208,211,4,3,2,0.4167,209.083,1133.617,816.200,12.3868,16.0000,1.3333,0.4403,5.2224,0.5145,0.3001,0.1854,0.9370,0.0909,2.6090,0.0005,0.3583
8,3,208,211,4,2,2,0.5000,209.326,1136.379,632.884,10.9659,14.0000,1.1789,0.5133,4.5696,0.7266,0.1136,0.1597,0.9790,0.0404,2.4490,0.3278,0.4316
13,4,208,210,3,6,4,0.1806,208.586,1141.573,772.446,14.2078,15.0000,1.2420,1.7370,4.8919,0.7758,0.1216,0.1026,0.1798,0.8173,2.6153,0.6539,0.4395
10,7,208,209,2,4,4,0.3125,208.382,1142.275,778.847,13.5144,16.0000,1.2214,1.2449,5.2181,0.7659,0.1232,0.1110,0.0088,0.6827,3.5869,0.9772,0.7557
8,6,208,210,3,3,2,0.4444,208.929,1142.125,694.527,12.9240,20.0000,1.4286,0.4946,6.5279,0.6465,0.1495,0.2040,0.7679,0.0347,2.9385,0.3256,0.7946
4,3,208,208,1,3,2,0.6667,208.000,1144.962,742.736,8.6424,14.0000,1.0566,0.9979,4.5658,0.5357,0.3214,0.1429,0.0000,1.0000,2.7707,0.4886,0.7736
3,3,209,210,2,1,2,0.7500,209.675,748.000,1144.350,7.5421,14.0000,1.0500,0.7267,4.5734,0.5333,0.2667,0.2000,0.7071,0.0000,3.2675,0.6546,1.0000
11,3,209,212,4,2,4,0.3438,210.441,854.339,1122.992,12.5133,14.0000,1.2126,1.1373,4.5734,0.5754,0.2938,0.1308,0.0046,0.0331,2.6167,0.9772,0.3150
9,4,209,211,3,4,2,0.3750,209.982,1115.732,868.312,12.1955,15.0000,1.2054,0.4120,4.9001,0.6358,0.2257,0.1385,0.3454,0.0593,3.2702,0.9823,0.6161
9,3,209,211,3,3,3,0.3333,209.622,1117.486,866.036,12.0830,16.0000,1.2973,0.6389,5.2267,0.5418,0.2602,0.1980,0.6639,0.7246,2.6081,0.6520,0.5225
4,3,209,210,2,2,2,0.5000,209.260,1136.220,636.480,8.1617,13.0000,1.0400,0.5886,4.2467,0.5916,0.1015,0.3069,0.5000,0.5000,2.9376,0.9770,0.7800
8,3,210,212,3,3,2,0.4444,211.040,1084.414,933.889,11.4436,17.0000,1.3737,0.5977,5.5579,0.0000,0.6964,0.3036,1.0000,0.0000,3.1069,0.4923,0.4444
5,4,211,212,2,2,3,0.4167,211.791,1116.209,609.955,9.8018,16.0000,1.1940,0.2989,5.2349,0.4138,0.1655,0.4207,0.0000,0.7071,3.5963,0.8177,0.8507
62,3,211,215,5,7,9,0.1968,212.664,1126.385,688.743,29.7244,17.0000,1.4741,3.3809,5.5620,0.5931,0.2879,0.1191,0.0396,0.9764,2.9463,0.9826,0.2615
40,6,211,214,4,6,7,0.2381,212.629,1125.841,737.293,23.7042,16.0000,1.3974,2.6449,5.2349,0.5860,0.2988,0.1152,0.1685,0.9728,2.6201,0.9815,0.2664
30,5,211,214,4,6,7,0.1786,212.563,1125.894,680.748,21.3342,14.0000,1.1765,2.1439,4.5839,0.4234,0.4810,0.0955,0.1758,0.9586,2.6184,0.6514,0.3782
7,3,211,213,3,3,2,0.3889,212.122,1128.044,711.511,11.1306,17.0000,1.3222,0.5274,5.5620,0.1909,0.4622,0.3468,0.7315,0.2073,2.6189,0.9787,0.5111
20,4,211,214,4,6,3,0.2778,212.863,1126.767,730.929,17.5696,16.0000,1.3333,2.3951,5.2428,0.7543,0.0831,0.1626,0.3696,0.9285,2.2943,0.6548,0.4250
22,3,212,216,5,3,5,0.2933,213.286,270.023,722.633,18.0840,19.0000,1.6139,1.1987,6.2211,0.2431,0.4345,0.3224,0.2908,0.3147,2.7865,0.9820,0.2819
39,3,212,215,4,6,9,0.1806,213.492,269.893,697.446,23.0253,13.0000,1.1549,1.5316,4.2597,0.6931,0.1931,0.1138,0.1461,0.9112,2.9485,0.9845,0.1481
27,3,212,215,4,4,8,0.2109,213.283,270.013,714.550,19.3491,15.0000,1.3192,1.7764,4.9114,0.5848,0.2969,0.1184,0.0415,0.9221,2.6179,0.6541,0.2215
46,6,212,215,4,4,13,0.2212,213.202,270.866,737.692,26.3145,16.0000,1.3505,1.9112,5.2388,0.9470,0.0097,0.0433,0.0006,0.9916,2.9485,1.3082,0.3651
18,4,212,214,3,3,6,0.3333,212.986,272.009,750.128,16.2837,16.0000,1.3649,1.1281,5.2388,0.8305,0.0369,0.1326,0.0629,0.9932,2.9461,0.8204,0.3934
24,6,212,214,3,3,9,0.2963,212.957,273.689,764.568,18.7133,15.0000,1.2857,1.5989,4.9114,0.8892,0.0629,0.0479,0.0354,0.5008,2.9458,0.9853,0.3571
30,7,212,215,4,5,7,0.2143,213.411,1103.735,843.530,22.1252,25.0000,2.0270,0.7208,8.1856,0.8022,0.0566,0.1412,0.0621,0.3485,2.2929,0.6553,0.3622
13,3,212,214,3,3,4,0.3611,213.199,1112.093,816.086,13.7145,14.0000,1.2053,1.3030,4.5839,0.4003,0.3885,0.2112,0.1735,0.8486,2.2927,0.3301,0.4371
19,3,212,214,3,6,4,0.2639,213.171,1119.667,781.500,16.6780,14.0000,1.1982,2.7792,4.5874,0.8850,0.0144,0.1006,0.2375,0.1408,2.2915,0.6548,0.3649
25,5,212,214,3,6,6,0.2315,212.554,1126.450,707.829,19.5080,16.0000,1.3423,1.1386,5.2349,0.3776,0.4525,0.1699,0.0128,0.9760,2.9431,0.8180,0.3389
13,4,212,214,3,3,5,0.2889,212.452,1126.688,674.497,14.2515,14.0000,1.1592,0.9648,4.5839,0.7791,0.0866,0.1342,0.2409,0.6034,2.2952,0.6548,0.5350
9,3,212,213,2,3,4,0.3750,212.472,1126.907,714.111,11.7826,13.0000,1.0833,1.4856,4.2565,0.8365,0.0135,0.1499,0.2563,0.5774,1.9707,0.3283,0.4815
20,9,212,213,2,4,5,0.5000,212.466,1127.494,725.879,18.0767,16.0000,1.2955,2.4523,5.2349,0.7904,0.0752,0.1344,0.1085,0.9932,2.9468,0.9811,0.5142
6,3,212,214,3,2,2,0.5000,213.114,1127.714,720.671,9.3577,13.0000,1.1143,1.1963,4.2565,0.4074,0.2455,0.3471,0.9369,0.3292,2.6201,0.6557,0.5571
11,6,213,214,2,3,3,0.6111,213.423,270.832,685.891,13.5293,16.0000,1.2847,0.4684,5.2388,0.6648,0.0944,0.2408,0.0456,0.4361,3.2735,0.8202,0.5985
21,4,213,214,2,3,9,0.3889,213.294,272.475,673.466,17.0088,15.0000,1.3235,1.0290,4.9151,0.9133,0.0408,0.0459,0.0430,0.9926,2.6179,0.9815,0.2899
11,4,213,216,4,2,4,0.3438,213.840,271.840,680.542,12.9409,16.0000,1.3435,0.9698,5.2388,0.7366,0.1328,0.1306,0.5979,0.0506,2.6253,0.9815,0.4351
13,4,213,215,3,3,3,0.4815,213.929,277.429,635.312,13.9948,16.0000,1.3506,0.6548,5.2428,0.4870,0.1394,0.3736,0.8487,0.2151,2.6249,1.3082,0.3701
16,7,213,215,3,3,4,0.4444,213.927,281.347,617.995,15.8094,15.0000,1.2435,0.9903,4.9151,0.3879,0.3312,0.2810,0.3613,0.0133,2.7831,0.6558,0.5181
12,3,213,216,4,3,3,0.3333,214.157,286.936,596.150,13.2444,16.0000,1.3714,0.2266,5.2428,0.3480,0.3431,0.3089,0.9867,0.1375,2.6231,1.3099,0.3000
5,3,213,215,3,2,1,0.8333,214.242,1062.545,914.000,9.6734,17.0000,1.2879,0.5969,5.5704,0.5854,0.2927,0.1220,0.9487,0.0000,3.6072,0.9820,0.6667
12,3,213,215,3,3,4,0.3333,213.768,1088.790,878.978,13.0513,14.0000,1.2174,1.1020,4.5909,0.4659,0.2046,0.3294,0.2857,0.3822,2.6228,0.6539,0.2971
14,5,213,216,4,3,4,0.2917,214.172,1094.872,866.739,15.7655,18.0000,1.4000,0.3379,5.8981,0.2384,0.3162,0.4454,0.9651,0.2594,2.6234,0.0019,0.4889
10,3,213,215,3,3,3,0.3704,213.843,1099.802,854.975,12.5364,15.0000,1.2397,0.8664,4.9151,0.2048,0.4574,0.3378,0.8385,0.5204,2.6179,0.6550,0.3636
13,3,213,215,3,5,4,0.2167,214.132,1116.232,772.225,13.7243,15.0000,1.2914,0.8195,4.9151,0.5524,0.2889,0.1587,0.0051,0.9649,2.2927,0.6531,0.3576
13,5,214,218,5,4,3,0.2167,215.409,957.786,1043.887,14.4657,17.0000,1.3899,0.4750,5.5747,0.6603,0.1649,0.1748,0.9437,0.1522,2.6303,0.6584,0.4528
9,3,214,217,4,3,3,0.2500,215.252,1023.165,985.052,12.5729,18.0000,1.4087,0.3060,5.9026,0.5793,0.1685,0.2523,0.7922,0.4769,2.6243,0.6574,0.4435
8,5,215,217,3,2,3,0.4444,215.883,989.631,1023.010,11.9499,16.0000,1.2427,0.3870,5.2509,0.5651,0.0457,0.3892,0.9498,0.3090,3.4428,0.9834,0.6893
41,3,216,219,4,4,12,0.2135,217.661,290.017,710.819,24.0688,17.0000,1.4861,1.4399,5.5834,0.9133,0.0371,0.0496,0.0856,0.9478,2.9572,0.9830,0.2068
11,3,216,218,3,3,4,0.3056,217.155,292.977,763.822,12.7760,16.0000,1.3643,0.2374,5.2550,0.5854,0.2710,0.1436,0.0913,0.5993,2.7944,1.3137,0.3333
13,4,216,218,3,2,4,0.5417,217.026,295.712,778.237,14.2105,18.0000,1.5000,0.8159,5.9118,0.4385,0.3080,0.2535,0.0294,0.2529,3.1201,0.6578,0.3718
6,3,216,218,3,2,2,0.5000,217.200,299.147,795.533,10.0578,15.0000,1.2000,0.5285,4.9265,0.3810,0.3333,0.2857,0.9487,0.1690,3.4484,1.3108,0.5733
16,6,216,219,4,5,3,0.2667,217.490,1103.866,667.629,15.9352,17.0000,1.4021,0.6289,5.5834,0.4284,0.3215,0.2501,0.2014,0.5850,2.9582,0.3297,0.5052
25,3,216,218,3,6,6,0.2315,216.987,1105.478,670.741,19.5088,19.0000,1.5993,2.3122,6.2403,0.5624,0.3348,0.1028,0.0642,0.9979,2.6275,0.6589,0.4343
14,3,216,218,3,5,4,0.2333,217.139,1103.958,654.376,14.4849,17.0000,1.4424,0.4030,5.5834,0.6295,0.1928,0.1777,0.0534,0.9282,2.6281,0.9854,0.2788
62,10,216,219,4,8,10,0.1938,217.437,1106.302,709.559,32.0035,19.0000,1.5359,0.6903,6.2451,0.5422,0.3806,0.0772,0.0376,0.9946,2.6311,0.9853,0.4837
21,3,216,218,3,5,6,0.2333,217.032,1104.822,661.243,17.7030,17.0000,1.4453,2.5337,5.5834,0.5703,0.3425,0.0872,0.1542,0.9664,2.9554,0.9849,0.2955
14,5,216,218,3,4,5,0.2333,216.690,1107.000,680.776,15.2696,17.0000,1.3678,1.7246,5.5790,0.7929,0.0442,0.1628,0.1799,0.9133,2.9559,0.9838,0.5805
36,5,216,218,3,5,8,0.3000,217.338,1106.953,731.709,23.1608,15.0000,1.2766,1.6395,4.9304,0.7918,0.1402,0.0681,0.0075,0.9905,3.2828,0.9822,0.3924
8,3,216,217,2,4,2,0.5000,216.788,1106.750,675.673,12.0744,17.0000,1.3077,1.3092,5.5834,0.6899,0.1103,0.1998,0.2283,0.9132,2.7932,0.6561,0.5673
27,3,216,219,4,8,5,0.1688,217.573,1105.713,693.958,19.4134,15.0000,1.3192,2.3578,4.9265,0.6972,0.2022,0.1006,0.3379,0.9248,2.6320,0.6548,0.2215
22,5,217,218,2,4,9,0.3056,217.346,290.162,700.500,18.6310,17.0000,1.4060,0.6291,5.5834,0.8883,0.0598,0.0519,0.0615,0.9276,3.2831,1.3119,0.3722
17,7,217,220,4,2,6,0.3542,217.878,298.756,633.268,16.3410,15.0000,1.2439,0.7809,4.9304,0.5097,0.3784,0.1119,0.0333,0.0343,2.9606,0.6548,0.5268
21,5,217,219,3,5,6,0.2333,218.102,1092.184,814.996,17.5744,15.0000,1.2857,1.2918,4.9304,0.8483,0.0479,0.1037,0.1033,0.1034,2.6316,0.8215,0.3347
13,4,217,220,4,3,4,0.2708,218.131,1095.922,804.020,13.9493,14.0000,1.1895,1.0309,4.6053,0.3202,0.3849,0.2949,0.6236,0.6885,2.6295,1.1493,0.4444
25,4,217,221,5,6,5,0.1667,218.274,1098.873,765.041,19.1998,17.0000,1.4555,0.3046,5.5878,0.5359,0.2194,0.2447,0.2040,0.1663,2.6272,0.6569,0.3527
5,3,217,219,3,2,1,0.8333,218.290,1099.638,676.000,10.1450,18.0000,1.3043,0.4640,5.9165,0.5854,0.2927,0.1220,0.9487,0.0000,3.6177,0.6566,0.6957
14,3,217,218,2,5,3,0.4667,217.427,1104.293,754.848,14.4004,15.0000,1.2805,1.6036,4.9265,0.7700,0.0569,0.1732,0.0333,0.8218,2.3014,0.6584,0.4085
17,5,217,219,3,5,5,0.2267,217.466,1106.356,717.404,16.5747,17.0000,1.3894,2.3529,5.5878,0.8295,0.0724,0.0981,0.1192,0.9067,2.3008,0.6574,0.5577
25,5,217,219,3,5,5,0.3333,217.532,1107.036,699.516,20.2400,16.0000,1.2987,2.0919,5.2550,0.2865,0.4812,0.2323,0.3483,0.9349,2.9544,0.9845,0.5032
15,3,217,218,2,5,4,0.3750,217.393,1107.904,722.826,15.0993,17.0000,1.4326,1.4272,5.5834,0.6981,0.1214,0.1805,0.0279,0.9828,2.9536,0.6594,0.2528
11,3,218,220,3,3,3,0.4074,219.301,1030.528,511.813,12.2023,14.0000,1.2520,0.8962,4.6089,0.3179,0.1724,0.5096,0.7668,0.6030,2.9629,0.9876,0.3252
7,3,218,219,2,3,2,0.5833,218.410,1078.337,854.494,10.3147,14.0000,1.1807,0.7250,4.6053,0.4741,0.2996,0.2262,0.3442,0.6177,2.6280,0.9889,0.5060
5,3,219,221,3,3,1,0.5556,219.967,685.230,1111.000,8.9806,14.0000,1.1475,0.2318,4.6089,0.5532,0.3398,0.1070,0.5606,0.0000,3.2899,0.6600,0.6557
8,4,219,221,3,3,3,0.2963,220.010,1070.287,592.594,11.7558,15.0000,1.1881,0.9280,4.9381,0.2393,0.4037,0.3570,0.4594,0.8830,3.4582,1.3153,0.5446
20,3,220,223,4,3,7,0.2381,221.323,311.123,743.451,17.3171,19.0000,1.6170,1.5871,6.2599,0.6748,0.2062,0.1190,0.0583,0.8483,3.1284,0.9876,0.3106
7,3,220,222,3,2,2,0.5833,221.273,312.716,756.455,10.9607,14.0000,1.1136,0.6728,4.6125,0.4600,0.2645,0.2756,0.8571,0.1000,3.2913,0.6597,0.6023
6,3,220,222,3,4,1,0.5000,220.901,1038.521,473.000,9.5491,14.0000,1.1831,1.1984,4.6161,0.7556,0.1778,0.0667,0.5145,0.0000,3.2933,0.9907,0.5634
29,8,220,223,4,4,6,0.3021,221.856,1071.775,812.969,21.7336,19.0000,1.5521,2.1784,6.2648,0.6943,0.1321,0.1737,0.0768,0.0341,2.8041,0.9915,0.3887
11,5,220,223,4,4,3,0.2292,221.397,1079.664,783.884,14.5079,19.0000,1.4315,0.7828,6.2599,0.3972,0.2886,0.3142,0.5356,0.2285,3.3021,0.8249,0.7192
4,3,220,221,2,2,1,1.0000,220.564,1085.509,711.000,9.0573,17.0000,1.2364,0.6568,5.6009,0.0000,0.7500,0.2500,1.0000,0.0000,3.1293,0.6587,0.8000
6,3,220,221,2,2,2,0.7500,220.343,1086.514,666.714,9.4105,13.0000,1.1143,0.6809,4.2831,0.2000,0.3333,0.4667,0.7071,0.7071,2.9635,0.4933,0.5571
14,5,220,222,3,5,3,0.3111,221.279,1085.236,752.776,14.5320,16.0000,1.3576,0.4288,5.2715,0.5126,0.2827,0.2046,0.3630,0.8958,2.6386,0.9892,0.4242
13,5,220,222,3,3,3,0.4815,221.100,1088.138,729.619,14.6216,17.0000,1.3812,1.2696,5.5966,0.4148,0.3076,0.2776,0.7085,0.6982,3.2967,1.1526,0.4625
9,6,221,222,2,2,4,0.5625,221.310,310.434,692.434,12.4129,14.0000,1.1150,0.6870,4.6125,0.4952,0.1976,0.3072,0.0713,0.7622,3.2939,0.9866,0.6991
7,4,221,223,3,2,2,0.5833,221.868,327.890,602.516,11.3396,15.0000,1.1538,1.0161,4.9459,0.5916,0.2044,0.2040,0.9664,0.1591,3.6270,0.6570,0.6374
5,3,221,223,3,2,2,0.4167,222.000,664.812,316.656,9.4373,16.0000,1.2500,0.3916,5.2756,0.1521,0.5234,0.3245,1.0000,0.0000,3.2939,0.3320,0.6562
19,6,221,225,5,3,3,0.4222,223.189,834.770,1064.687,16.4298,15.0000,1.3134,0.8521,4.9497,0.5623,0.1538,0.2839,0.9692,0.0086,2.6415,0.6587,0.3687
12,3,221,224,4,4,4,0.1875,222.552,983.469,965.448,13.8074,16.0000,1.3241,0.9103,5.2756,0.4385,0.3801,0.1814,0.2217,0.0988,2.8051,0.3279,0.4828
7,3,221,223,3,2,3,0.3889,222.241,1063.678,838.471,10.8443,15.0000,1.2069,0.8932,4.9459,0.6470,0.1845,0.1685,0.6530,0.4508,2.6388,0.6589,0.4713
12,3,221,224,4,3,5,0.2000,222.168,1064.905,831.898,13.0418,15.0000,1.3139,0.2182,4.9459,0.6673,0.1346,0.1981,0.4626,0.2729,2.6411,0.9911,0.3066
13,7,221,223,3,4,3,0.3611,222.024,1068.542,824.813,15.1808,16.0000,1.2530,0.9336,5.2756,0.5929,0.1950,0.2121,0.2659,0.4637,2.9670,0.9885,0.5964
4,3,221,222,2,2,1,1.0000,221.537,1069.481,820.000,8.8993,15.0000,1.1111,0.6680,4.9459,0.0000,0.7500,0.2500,1.0000,0.0000,3.1317,0.6576,0.7778
9,3,221,223,3,3,3,0.3333,221.533,1073.990,624.152,11.5361,15.0000,1.2857,1.0015,4.9420,0.3512,0.1633,0.4856,0.6463,0.0871,2.9660,0.6604,0.4000
7,5,221,222,2,3,3,0.3889,221.579,1075.137,802.021,11.8354,16.0000,1.1789,0.5953,5.2756,0.1909,0.4622,0.3468,0.5368,0.7626,3.2950,0.6605,0.7684
20,3,221,223,3,4,5,0.3333,221.594,1077.646,794.166,16.8785,15.0000,1.3100,1.9866,4.9459,0.4966,0.2742,0.2292,0.1224,0.9922,2.6393,0.6579,0.2969
17,5,221,222,2,5,5,0.3400,221.362,1085.538,742.176,15.9061,15.0000,1.2814,1.8577,4.9459,0.6206,0.2540,0.1254,0.0717,0.9625,2.6350,0.8238,0.3518
7,3,222,225,4,2,3,0.2917,223.775,884.125,1043.013,9.9835,13.0000,1.1375,1.7794,4.2930,0.7290,0.1294,0.1416,0.9944,0.1054,2.6424,0.8255,0.4875
6,3,222,223,2,2,2,0.7500,222.316,947.278,998.557,10.6367,17.0000,1.2911,0.6115,5.6053,0.2000,0.3333,0.4667,0.7071,0.7071,3.4613,0.9884,0.5949
11,5,222,225,4,3,2,0.4583,223.910,947.737,1002.316,13.2417,15.0000,1.2406,1.2126,4.9497,0.6680,0.1413,0.1907,0.7973,0.4016,2.3119,0.6567,0.5188
10,4,222,223,2,3,2,0.8333,222.492,1007.774,935.403,12.9342,15.0000,1.2097,1.0943,4.9459,0.5122,0.0732,0.4146,0.0000,0.0000,3.4633,0.3296,0.5726
9,3,222,224,3,5,2,0.3000,223.028,1015.213,928.407,11.8795,14.0000,1.1667,0.8867,4.6233,0.8368,0.0589,0.1043,0.1532,0.5776,2.9691,0.9891,0.3796
10,3,222,224,3,4,3,0.2778,222.778,1060.393,844.316,12.2067,14.0000,1.1966,2.2180,4.6197,0.7877,0.1197,0.0926,0.0835,0.0478,2.3102,0.6582,0.4615
20,6,223,225,3,3,6,0.3704,224.450,330.333,730.848,17.0633,14.0000,1.2121,1.0167,4.6233,0.7532,0.0554,0.1914,0.1395,0.8957,2.9720,0.8249,0.4026
14,5,224,225,2,2,8,0.4375,224.506,330.291,691.459,15.1862,15.0000,1.2209,2.5276,4.9572,0.9267,0.0362,0.0371,0.0350,0.5443,3.4679,1.3223,0.5581
13,3,224,226,3,3,7,0.2063,224.613,332.487,671.933,13.7448,14.0000,1.2133,2.0374,4.6267,0.8953,0.0634,0.0413,0.0850,0.0434,2.6473,0.6610,0.2667
12,3,224,225,2,3,4,0.5000,224.468,331.390,684.695,13.4463,14.0000,1.1915,0.8271,4.6233,0.6688,0.0957,0.2355,0.2001,0.9666,2.8083,0.9911,0.2908
19,3,224,227,4,3,6,0.2639,224.940,334.252,659.032,16.5274,14.0000,1.2202,1.3729,4.6267,0.7592,0.1386,0.1022,0.2073,0.0136,2.6451,0.9922,0.2523
6,3,224,225,2,2,2,0.7500,224.514,334.703,772.514,9.9803,14.0000,1.1351,0.7673,4.6267,0.2667,0.1333,0.6000,0.7071,0.7071,3.3016,0.9914,0.5676
21,3,224,227,4,5,6,0.1750,225.549,334.734,653.397,17.0987,15.0000,1.3291,1.9382,4.9609,0.8313,0.0106,0.1581,0.1756,0.5924,2.6424,0.9958,0.2278
32,9,224,227,4,3,7,0.3810,225.362,342.856,618.706,23.0826,17.0000,1.3772,2.4650,5.6139,0.8155,0.0765,0.1080,0.3425,0.3573,3.3048,0.9944,0.4684
13,7,224,227,4,2,3,0.5417,225.239,346.472,608.742,14.5763,15.0000,1.2264,0.9616,4.9609,0.4162,0.3647,0.2191,0.9024,0.3034,3.3023,0.9911,0.5912
22,7,224,227,4,4,7,0.1964,225.699,351.152,744.312,18.9632,18.0000,1.4721,1.1421,5.9487,0.8023,0.0801,0.1176,0.2019,0.7694,2.9787,0.9929,0.4907
3,3,224,225,2,2,1,0.7500,224.333,1073.333,716.000,7.4376,13.0000,1.0000,0.4714,4.2963,0.5333,0.2667,0.2000,0.7071,0.0000,3.6321,0.6587,1.0000
12,3,225,227,3,4,5,0.2000,225.936,349.723,718.170,13.4610,15.0000,1.2766,1.5239,4.9609,0.8446,0.0579,0.0975,0.1253,0.8083,2.3164,1.1555,0.3972
8,3,225,227,3,1,5,0.5333,225.873,351.000,687.863,11.9257,14.0000,1.0980,0.8721,4.6302,0.7771,0.1802,0.0427,0.0723,0.0000,2.8096,0.4968,0.5294
25,4,225,227,3,4,6,0.3472,226.212,353.051,662.338,19.3836,16.0000,1.3652,0.6970,5.2916,0.7352,0.0751,0.1897,0.0691,0.9953,2.9785,1.3213,0.3345
23,4,225,228,4,4,7,0.2054,226.586,367.677,607.179,18.1445,16.0000,1.3992,0.6923,5.2955,0.7706,0.0268,0.2026,0.1374,0.3798,2.9773,0.6631,0.2281
6,3,225,227,3,2,3,0.3333,226.013,369.273,686.948,10.3965,17.0000,1.3247,0.2779,5.6224,0.2238,0.4308,0.3454,0.0000,0.0000,2.9764,1.3209,0.5714
25,12,225,228,4,5,7,0.1786,226.682,370.772,683.765,21.4417,19.0000,1.4660,0.7566,6.2838,0.6539,0.1222,0.2239,0.0391,0.7305,2.9808,1.3191,0.5772
44,7,225,227,3,4,11,0.3333,226.044,389.126,708.626,26.1269,18.0000,1.5115,2.6293,5.9531,0.9169,0.0163,0.0668,0.0178,0.7740,2.9751,0.6618,0.3874
15,3,225,228,4,3,6,0.2083,226.267,388.820,728.640,14.6905,14.0000,1.2209,0.4837,4.6302,0.7705,0.0926,0.1370,0.0161,0.0214,2.9743,0.9908,0.3081
36,6,225,228,4,6,8,0.1875,226.556,390.953,675.063,23.4911,19.0000,1.6056,0.4506,6.2884,0.8229,0.0846,0.0926,0.0372,0.9532,2.6477,0.8264,0.3380
35,6,225,229,5,5,7,0.2000,226.870,390.584,683.465,22.8787,17.0000,1.4548,1.8592,5.6224,0.5869,0.2378,0.1753,0.2008,0.6637,3.1436,0.9943,0.2763
12,3,225,228,4,2,5,0.3000,226.338,389.568,736.245,13.2739,15.0000,1.2950,1.9602,4.9645,0.7385,0.1638,0.0977,0.2208,0.3912,2.6478,0.9922,0.3957
8,3,225,228,4,2,3,0.3333,226.473,392.731,669.548,10.8782,14.0000,1.2043,0.9810,4.6335,0.4638,0.3728,0.1634,0.8557,0.3129,2.6454,0.6624,0.4409
54,7,225,228,4,6,11,0.2045,226.173,408.768,692.644,28.0873,16.0000,1.3846,2.9224,5.2916,0.9234,0.0154,0.0612,0.0171,0.9118,2.9754,0.9922,0.2708
64,7,225,227,3,6,16,0.2222,225.972,408.746,724.353,31.5423,17.0000,1.4260,0.6961,5.6224,0.9599,0.0143,0.0258,0.0261,0.8490,2.9787,0.9954,0.3552
16,3,225,227,3,3,6,0.2963,226.037,408.754,709.781,15.4619,17.0000,1.4545,1.7980,5.6224,0.8829,0.0264,0.0907,0.2750,0.9113,2.6461,0.6651,0.2460
54,3,225,229,5,5,14,0.1543,226.469,411.648,671.808,27.1479,17.0000,1.5224,3.8605,5.6264,0.9419,0.0139,0.0442,0.0159,0.3184,2.9749,0.9929,0.1211
22,4,225,227,3,3,10,0.2444,226.187,410.032,743.361,17.7712,14.0000,1.2222,3.5208,4.6302,0.9259,0.0374,0.0367,0.0465,0.9707,2.6464,0.9942,0.3135
11,6,225,226,2,3,4,0.4583,225.648,411.535,750.415,14.1562,17.0000,1.3169,0.8672,5.6224,0.3809,0.2862,0.3330,0.0834,0.9491,3.6380,0.6624,0.5915
25,3,225,227,3,5,8,0.2083,225.591,413.138,763.087,19.7053,16.0000,1.3423,3.3428,5.2877,0.9247,0.0066,0.0687,0.0466,0.9948,2.9758,1.1575,0.3356
31,5,225,228,4,3,11,0.2348,226.448,429.493,683.880,21.3316,16.0000,1.3816,1.1559,5.2955,0.9252,0.0313,0.0435,0.0173,0.0863,2.6470,0.8277,0.3148
53,5,225,228,4,4,13,0.2548,226.453,428.531,696.872,28.7659,19.0000,1.5908,4.9155,6.2838,0.9287,0.0246,0.0466,0.0361,0.9252,2.9791,0.9922,0.3586
11,3,225,228,4,3,4,0.2292,226.451,432.075,671.045,13.2668,19.0000,1.5714,0.4596,6.2838,0.1668,0.5856,0.2476,0.9001,0.3505,1.9901,0.9907,0.3835
19,3,225,227,3,3,6,0.3519,225.995,434.397,768.995,16.2369,14.0000,1.2430,1.1716,4.6302,0.7486,0.0891,0.1623,0.1826,0.9324,2.9761,0.9936,0.2523
67,6,225,228,4,3,23,0.2428,226.301,448.221,715.862,30.1889,16.0000,1.4351,3.1600,5.2916,0.9875,0.0045,0.0080,0.0169,0.8310,2.9756,0.9958,0.1995
34,17,225,228,4,4,9,0.2361,226.697,448.063,697.866,24.1746,16.0000,1.2770,2.4324,5.2916,0.8060,0.0591,0.1349,0.0409,0.7963,3.1462,1.3205,0.5563
19,6,225,228,4,3,4,0.3958,226.714,449.823,684.255,16.7009,14.0000,1.2091,1.3198,4.6335,0.3008,0.3479,0.3513,0.6909,0.3400,2.8108,0.9922,0.4318
12,3,225,227,3,4,4,0.2500,226.213,450.333,741.284,13.4637,16.0000,1.3617,1.0699,5.2955,0.4436,0.3599,0.1965,0.3238,0.9226,2.6466,0.9925,0.3121
35,8,225,229,5,4,9,0.1944,227.092,453.694,660.570,22.4907,14.0000,1.2189,2.7533,4.6400,0.7476,0.0658,0.1867,0.0766,0.3694,2.6450,0.8276,0.3408
40,14,225,228,4,4,9,0.2778,226.498,467.345,704.677,26.3649,20.0000,1.5873,0.9083,6.6145,0.8459,0.0712,0.0829,0.0228,0.9931,2.9758,0.9922,0.4583
16,4,225,228,4,4,5,0.2000,226.299,468.000,727.129,16.6226,16.0000,1.2736,1.3591,5.2916,0.8392,0.0332,0.1276,0.0700,0.3604,3.3068,0.9936,0.4527
9,4,225,227,3,3,2,0.5000,226.261,494.092,767.546,13.1213,16.0000,1.2101,0.6122,5.2955,0.2513,0.4614,0.2873,0.9880,0.0115,3.3092,0.9918,0.5210
7,3,225,226,2,3,2,0.5833,225.747,1028.542,613.434,10.3733,14.0000,1.1807,0.8238,4.6302,0.5694,0.1270,0.3036,0.3597,0.8825,2.6473,0.6621,0.4940
14,4,226,228,3,2,5,0.4667,226.549,359.299,634.726,14.5018,16.0000,1.3659,1.1486,5.2916,0.7040,0.1742,0.1217,0.0615,0.3771,2.6477,0.9904,0.3476
8,4,226,228,3,2,2,0.6667,226.577,367.392,706.660,11.3469,15.0000,1.2371,0.7762,4.9609,0.4782,0.1602,0.3617,0.9087,0.4175,3.1433,0.9922,0.5670
25,5,226,228,3,4,5,0.4167,226.818,369.650,690.857,18.9288,16.0000,1.3986,0.6903,5.2955,0.3932,0.2010,0.4058,0.1143,0.9582,2.4821,0.6670,0.3427
22,7,226,228,3,4,6,0.3056,226.555,371.570,674.548,19.1868,17.0000,1.3750,0.9151,5.6224,0.6394,0.2145,0.1462,0.0564,0.8094,2.9751,0.9932,0.4375
33,5,226,228,3,4,9,0.3056,226.650,373.444,661.830,22.6941,17.0000,1.4239,0.5907,5.6264,0.8978,0.0257,0.0765,0.0382,0.9991,2.6477,0.9905,0.3680
7,5,226,227,2,2,3,0.5833,226.384,373.267,591.884,10.7533,14.0000,1.1395,0.4820,4.6302,0.6197,0.1831,0.1972,0.0880,0.2700,3.3073,0.8267,0.7674
9,3,226,227,2,3,4,0.3750,226.330,373.472,757.009,11.6885,14.0000,1.1887,0.6231,4.6302,0.6975,0.1383,0.1642,0.2338,0.9404,2.9773,0.8263,0.3774
41,3,226,228,3,4,10,0.3417,226.752,375.619,651.330,24.1341,16.0000,1.4047,3.7972,5.2955,0.9077,0.0322,0.0601,0.0016,0.6301,2.6458,0.9915,0.1906
10,5,226,227,2,3,4,0.4167,226.359,389.779,724.733,13.7042,18.0000,1.3740,0.4991,5.9531,0.7228,0.1323,0.1449,0.2462,0.7115,3.1427,1.1589,0.5725
16,4,226,228,3,3,5,0.3556,226.793,389.995,690.306,15.9667,17.0000,1.4093,0.3694,5.6264,0.6325,0.1334,0.2341,0.2914,0.5714,2.6473,0.6619,0.3264
22,5,226,228,3,4,6,0.3056,226.907,392.888,663.973,18.2744,16.0000,1.3591,0.1478,5.2955,0.7830,0.1077,0.1093,0.0524,0.1887,2.6483,0.6612,0.3784
24,3,226,228,3,4,7,0.2857,226.665,394.640,657.145,18.5740,15.0000,1.3091,3.4432,4.9645,0.8280,0.0739,0.0981,0.0932,0.7686,2.6467,0.6588,0.2473
18,5,226,230,5,3,5,0.2400,227.651,396.005,591.191,16.7797,16.0000,1.3395,1.3571,5.2992,0.5771,0.2616,0.1613,0.5481,0.4792,2.6502,0.6647,0.4605
19,3,226,228,3,4,6,0.2639,226.833,396.536,649.225,16.8542,14.0000,1.1982,1.3207,4.6335,0.8406,0.0446,0.1149,0.1050,0.8836,2.6439,0.9894,0.3018
21,5,226,229,4,3,6,0.2917,227.175,398.615,638.583,18.2023,15.0000,1.2500,1.9404,4.9645,0.5888,0.2521,0.1591,0.3442,0.1433,2.9791,0.8281,0.4365
12,3,226,227,2,3,6,0.3333,226.167,417.840,643.122,14.8955,17.0000,1.3077,1.1454,5.6224,0.8563,0.0593,0.0844,0.0129,0.9863,3.1405,0.8277,0.5705
13,5,226,229,4,2,6,0.2708,227.591,420.283,585.522,14.6013,16.0000,1.3082,0.8379,5.2992,0.8556,0.0959,0.0484,0.4125,0.0956,2.9808,0.9916,0.5346
24,6,226,228,3,3,6,0.4444,226.858,427.947,614.890,19.0494,15.0000,1.2766,0.8668,4.9645,0.6974,0.1419,0.1607,0.1265,0.3543,2.9758,0.9893,0.3440
20,6,226,227,2,4,7,0.3571,226.283,429.996,740.983,17.5304,16.0000,1.3502,1.0434,5.2916,0.7878,0.1307,0.0815,0.0004,0.9896,2.6488,0.6639,0.4177
21,5,226,228,3,4,5,0.3500,226.584,430.642,676.101,18.5557,21.0000,1.7160,0.5583,6.9503,0.6933,0.1078,0.1990,0.0955,0.9803,2.3187,0.6610,0.3152
34,14,226,228,3,4,11,0.2576,226.539,433.403,663.745,24.2286,18.0000,1.4333,1.9009,5.9574,0.9273,0.0162,0.0566,0.0104,0.8820,3.6366,1.3229,0.5972
15,3,226,228,3,3,4,0.4167,226.784,435.173,653.584,15.8067,15.0000,1.2162,0.9041,4.9609,0.4591,0.1876,0.3533,0.3839,0.7071,2.6497,0.6624,0.5351
19,8,226,229,4,3,3,0.5278,227.278,436.861,595.935,17.4670,17.0000,1.4043,0.9852,5.6264,0.3170,0.4082,0.2748,0.9258,0.3656,2.6457,0.6632,0.4957
41,7,226,229,4,5,11,0.1864,227.000,437.492,646.638,25.4306,18.0000,1.5000,0.8058,5.9574,0.9046,0.0384,0.0569,0.0700,0.6762,2.6518,1.3208,0.3069
8,3,226,227,2,2,5,0.4000,226.258,436.108,773.935,10.8765,14.0000,1.2043,0.2869,4.6302,0.8706,0.0486,0.0808,0.0922,0.1095,1.9882,0.6610,0.4409
20,4,226,229,4,4,5,0.2500,227.113,440.592,637.408,17.7629,17.0000,1.4167,0.5883,5.6264,0.6650,0.1261,0.2089,0.4161,0.5067,2.9765,0.9922,0.3667
13,4,226,228,3,3,4,0.3611,227.243,440.426,550.201,15.5158,21.0000,1.6154,0.5299,6.9503,0.3583,0.2812,0.3604,0.1413,0.8033,2.9801,0.6615,0.5503
9,4,226,227,2,3,3,0.5000,226.446,441.000,793.848,12.3511,15.0000,1.2054,0.9585,4.9645,0.4342,0.2919,0.2739,0.0693,0.7372,2.9794,1.3222,0.5179
13,4,226,229,4,3,5,0.2167,227.459,444.140,544.834,14.4163,19.0000,1.5732,0.5073,6.2884,0.6390,0.2112,0.1498,0.3076,0.0642,2.6521,0.8254,0.3822
10,3,226,227,2,3,4,0.4167,226.578,448.974,730.284,12.1370,13.0000,1.1207,0.6444,4.3026,0.6818,0.0659,0.2523,0.1977,0.8366,2.9758,0.8265,0.3362
21,11,226,229,4,3,4,0.4375,226.896,450.806,678.466,19.3542,19.0000,1.4888,1.0603,6.2838,0.6888,0.0404,0.2708,0.5350,0.1848,3.6346,0.6640,0.6119
17,3,226,227,2,4,6,0.3542,226.258,452.187,755.657,15.8852,15.0000,1.2879,1.5913,4.9609,0.7618,0.1454,0.0929,0.0505,0.9920,2.6481,0.6610,0.2879
5,3,226,227,2,1,3,0.8333,226.403,455.000,766.726,9.1728,14.0000,1.1290,0.8303,4.6302,0.5854,0.2927,0.1220,0.3162,0.0000,3.3069,0.9893,0.6452
19,4,226,229,4,4,5,0.2375,227.267,457.467,647.036,17.0872,15.0000,1.2667,2.1211,4.9645,0.5899,0.1410,0.2691,0.0613,0.7384,2.9780,0.9934,0.4222
14,4,226,228,3,4,4,0.2917,227.006,460.506,592.970,14.8604,16.0000,1.3333,1.1474,5.2955,0.5688,0.0819,0.3493,0.0641,0.6432,2.6496,0.6605,0.4226
15,3,226,229,4,2,5,0.3750,227.486,464.542,627.689,15.1308,15.0000,1.2712,2.0543,4.9715,0.5138,0.3620,0.1242,0.1526,0.1367,2.9773,0.9934,0.3842
19,6,226,228,3,3,5,0.4222,226.574,469.316,686.262,17.9896,17.0000,1.3629,0.7056,5.6224,0.5563,0.1918,0.2519,0.1304,0.7893,2.9744,0.4978,0.4473
28,6,226,229,4,5,6,0.2333,227.373,471.076,673.303,20.6459,17.0000,1.4424,0.7007,5.6304,0.4827,0.2734,0.2440,0.3349,0.9041,2.6503,0.9922,0.3030
30,7,226,230,5,4,7,0.2143,227.894,477.920,648.253,21.0414,17.0000,1.4655,2.5008,5.6304,0.6563,0.2124,0.1314,0.0583,0.2397,2.6503,1.3215,0.2902
35,10,226,230,5,3,10,0.2333,227.340,488.063,689.602,23.0542,15.0000,1.2743,0.5272,4.9680,0.8517,0.0867,0.0616,0.0326,0.4651,2.9849,1.3201,0.3398
20,8,226,228,3,4,5,0.3333,227.084,487.293,700.847,18.4287,19.0000,1.5261,0.3411,6.2884,0.4763,0.1686,0.3552,0.2247,0.9652,2.9767,0.6610,0.4819
11,5,226,227,2,3,5,0.3667,226.628,487.175,716.825,13.6676,16.0000,1.2847,0.4472,5.2955,0.7193,0.1027,0.1780,0.2278,0.9581,2.9773,0.6605,0.5182
15,3,226,228,3,4,5,0.2500,226.680,488.521,734.533,14.4386,14.0000,1.2426,0.8105,4.6335,0.4280,0.2418,0.3302,0.1317,0.9896,2.9754,0.9931,0.2426
16,5,226,229,4,2,7,0.2857,227.351,489.766,680.255,15.5593,14.0000,1.1915,0.4932,4.6335,0.8345,0.0977,0.0678,0.0785,0.2321,2.8131,0.6624,0.4255
3,3,226,227,2,2,1,0.7500,226.683,835.659,385.000,7.8326,14.0000,1.0244,0.7309,4.6335,0.5333,0.2667,0.2000,0.7071,0.0000,3.6406,0.6638,1.0000
21,3,226,228,3,5,6,0.2333,227.179,927.646,711.450,17.3357,15.0000,1.3125,1.7445,4.9645,0.8267,0.0696,0.1037,0.0989,0.6780,2.9773,0.6635,0.2333
5,3,226,227,2,2,2,0.6250,226.400,936.450,980.833,8.8769,14.0000,1.1667,0.8308,4.6335,0.3432,0.2505,0.4063,0.6059,0.3645,3.3058,0.1644,0.6667
26,5,226,230,5,4,5,0.2600,227.836,1024.089,827.167,19.8086,16.0000,1.3639,2.3568,5.2992,0.4676,0.1106,0.4217,0.2317,0.6857,2.9808,0.9939,0.3672
18,6,226,228,3,4,4,0.3750,227.401,1033.618,801.120,16.9329,19.0000,1.5760,1.2494,6.2884,0.5516,0.1714,0.2770,0.0229,0.9476,3.3118,0.9941,0.4747
9,3,226,228,3,3,3,0.3333,226.764,1044.009,684.387,11.6922,14.0000,1.1887,0.6571,4.6335,0.6043,0.1576,0.2381,0.3540,0.4090,3.3083,0.9943,0.5000
6,3,226,228,3,4,1,0.5000,227.094,1045.682,734.000,11.4857,20.0000,1.4118,0.3313,6.6193,0.5714,0.3429,0.0857,0.0000,0.0000,3.6402,0.6623,0.6118
6,3,227,228,2,2,4,0.3750,227.139,418.472,588.903,9.7294,14.0000,1.1667,0.5017,4.6335,0.8688,0.0142,0.1170,0.1733,0.3015,2.3174,0.3324,0.5694
9,3,227,228,2,2,3,0.7500,227.560,492.541,667.147,12.0299,14.0000,1.1560,0.7923,4.6368,0.4747,0.0505,0.4749,0.1664,0.7071,2.9788,0.3324,0.3761
7,5,227,229,3,2,2,0.5833,227.882,495.424,658.612,10.6396,13.0000,1.0706,1.0529,4.3086,0.4116,0.1986,0.3898,0.7926,0.0000,3.3100,0.9920,0.7647
10,3,227,228,2,4,4,0.3125,227.725,506.117,714.525,12.5658,15.0000,1.2500,1.0400,4.9680,0.7717,0.0597,0.1686,0.1159,0.7522,2.9801,0.9915,0.3583
13,5,227,229,3,3,5,0.2889,227.761,506.761,705.681,14.9705,16.0000,1.2761,0.4650,5.2992,0.7578,0.0360,0.2062,0.1372,0.2111,3.3113,0.8272,0.4601
6,3,227,229,3,2,3,0.3333,228.325,516.143,657.195,10.4137,16.0000,1.2468,0.8799,5.2992,0.7397,0.1062,0.1541,0.7434,0.5417,3.1493,0.9950,0.5584
7,3,227,230,4,2,2,0.4375,228.143,857.262,491.560,10.5163,15.0000,1.2500,0.5320,4.9680,0.7941,0.0831,0.1229,0.8986,0.2604,3.1434,1.3221,0.5000
20,6,227,229,3,4,6,0.2778,227.835,884.307,667.614,18.8088,17.0000,1.3386,2.7254,5.6304,0.7661,0.1143,0.1196,0.1152,0.9928,3.3142,0.6654,0.5866
17,3,227,229,3,5,5,0.2267,227.829,886.065,681.422,15.9834,15.0000,1.2814,1.4338,4.9680,0.7291,0.1292,0.1417,0.1166,0.9661,3.3107,1.1582,0.4070
19,3,227,229,3,5,6,0.2111,227.837,888.403,686.983,17.7020,17.0000,1.3863,2.0770,5.6304,0.7261,0.1484,0.1254,0.0328,0.9800,3.3083,1.3225,0.4292
18,7,227,229,3,3,6,0.3333,227.888,890.229,699.271,16.7046,15.0000,1.2617,0.7723,4.9680,0.6893,0.1296,0.1811,0.1555,0.9034,2.9798,0.9936,0.4393
22,4,227,230,4,5,5,0.2200,228.387,899.693,761.824,18.4348,15.0000,1.2644,2.0979,4.9680,0.3060,0.4969,0.1971,0.0718,0.9636,2.9805,0.6654,0.4138
18,7,227,229,3,5,5,0.2400,227.967,904.071,744.365,16.4713,15.0000,1.2796,0.9986,4.9680,0.6841,0.1235,0.1924,0.2091,0.9744,2.6523,0.9940,0.4455
21,7,227,230,4,4,7,0.1875,228.251,903.382,753.693,19.3005,18.0000,1.4157,1.8195,5.9616,0.7705,0.0934,0.1361,0.0444,0.7010,3.6419,0.9915,0.5993
13,4,227,228,2,2,4,0.8125,227.448,906.558,677.620,14.9672,17.0000,1.3558,0.8105,5.6264,0.7286,0.0261,0.2453,0.1013,0.7967,3.3116,0.9936,0.3742
21,3,227,229,3,4,6,0.2917,227.735,909.398,708.667,19.0768,20.0000,1.5909,0.9367,6.6240,0.6124,0.2154,0.1722,0.1954,0.9731,3.6397,1.3220,0.4091
4,3,227,228,2,2,1,1.0000,227.545,908.527,829.000,9.1051,16.0000,1.1636,0.6558,5.2992,0.0000,0.7500,0.2500,1.0000,0.0000,4.1387,1.3249,0.7818
6,3,227,228,2,3,2,0.5000,227.822,908.877,684.301,9.8693,15.0000,1.2329,0.3711,4.9680,0.5230,0.1584,0.3185,0.1207,0.8567,3.4759,1.4890,0.5616
10,6,227,228,2,4,4,0.3125,227.811,909.047,720.339,13.2996,15.0000,1.1811,0.6895,4.9680,0.2894,0.4696,0.2410,0.0546,0.9928,3.3100,0.9929,0.7480
24,9,227,230,4,4,7,0.2143,228.304,910.570,788.724,19.8128,20.0000,1.6382,1.3808,6.6240,0.7799,0.0399,0.1802,0.0138,0.2055,2.9795,0.9915,0.4437
24,7,227,230,4,5,8,0.1500,228.535,913.242,782.815,20.0865,16.0000,1.2929,2.5786,5.3029,0.7874,0.1474,0.0653,0.0577,0.8409,3.1444,1.3209,0.5657
10,3,227,229,3,3,3,0.3704,227.879,927.806,733.790,12.9860,18.0000,1.4516,0.3099,5.9616,0.2144,0.3307,0.4548,0.6925,0.1612,3.3092,0.9941,0.3710
3,3,227,228,2,2,1,0.7500,227.675,928.350,708.000,7.6470,14.0000,1.0500,0.7267,4.6368,0.5333,0.2667,0.2000,0.7071,0.0000,3.3120,0.9929,1.0000
14,4,227,230,4,4,3,0.2917,228.057,931.025,789.392,13.9863,15.0000,1.3291,1.1500,4.9680,0.4613,0.2077,0.3310,0.3322,0.9198,2.6516,0.9950,0.3481
25,4,227,230,4,5,6,0.2083,228.309,928.605,797.537,20.6051,17.0000,1.3666,1.6168,5.6304,0.7921,0.0421,0.1657,0.1024,0.4027,2.9808,0.9936,0.4630
14,5,227,229,3,4,3,0.3889,228.251,934.904,780.521,14.7850,15.0000,1.2575,1.2842,4.9715,0.5912,0.1577,0.2511,0.4293,0.6902,2.6503,0.6660,0.4251
28,7,227,230,4,6,7,0.1667,228.249,939.358,766.308,21.1594,17.0000,1.4083,2.4082,5.6304,0.7308,0.1379,0.1313,0.0821,0.9584,3.1458,0.9936,0.4320
25,4,227,232,6,5,5,0.1667,228.594,942.031,812.951,18.9523,15.0000,1.3112,1.0512,4.9715,0.3182,0.4440,0.2378,0.7714,0.5879,2.9787,0.6611,0.2902
12,4,227,230,4,3,4,0.2500,228.510,945.105,809.634,14.6334,14.0000,1.0980,0.8202,4.6431,0.8053,0.0744,0.1203,0.5818,0.1081,3.3113,0.9926,0.7059
15,4,227,229,3,4,4,0.3125,227.670,947.477,726.091,15.0473,14.0000,1.1932,1.2538,4.6368,0.6590,0.1242,0.2168,0.2881,0.7286,2.9833,0.9920,0.3068
12,5,227,230,4,4,2,0.3750,228.658,955.570,833.316,15.1131,19.0000,1.4430,0.9262,6.2928,0.7989,0.1002,0.1009,0.7141,0.0375,3.3124,0.3314,0.6519
6,3,227,228,2,2,2,0.7500,227.527,956.365,775.270,10.0024,16.0000,1.2973,0.6556,5.2992,0.2000,0.3333,0.4667,0.0000,0.0000,2.6493,0.9920,0.5811
12,3,227,229,3,3,5,0.2667,227.913,959.420,770.739,13.1933,15.0000,1.3043,1.8353,4.9680,0.7775,0.0811,0.1414,0.0354,0.9753,2.3185,0.4966,0.3043
11,6,227,228,2,3,4,0.4583,227.440,961.106,762.362,14.0748,16.0000,1.2482,0.7824,5.2955,0.7640,0.0897,0.1463,0.0845,0.0961,3.6386,0.3321,0.6170
8,3,227,229,3,4,2,0.3333,227.747,965.579,744.895,11.1223,14.0000,1.1789,0.9512,4.6368,0.3385,0.4629,0.1986,0.0837,0.2596,2.9816,1.1583,0.4421
10,3,227,229,3,3,4,0.2778,228.114,965.026,812.105,11.9407,14.0000,1.2281,1.4774,4.6400,0.7956,0.0352,0.1692,0.2493,0.9370,2.9782,1.1581,0.3596
11,3,227,228,2,3,3,0.6111,227.453,967.969,707.266,12.7773,15.0000,1.2891,1.3330,4.9680,0.2641,0.3662,0.3697,0.0986,0.9593,2.9813,0.6633,0.3203
16,6,227,230,4,3,5,0.2667,228.750,968.408,802.510,16.2372,16.0000,1.3061,0.6996,5.3029,0.2247,0.2418,0.5336,0.1277,0.1673,2.9842,0.3311,0.4949
19,5,227,230,4,4,5,0.2375,228.221,976.421,778.996,17.8587,17.0000,1.3745,0.4759,5.6304,0.5880,0.2251,0.1869,0.2445,0.6211,3.3079,0.8295,0.4468
19,3,227,229,3,4,6,0.2639,228.110,1002.046,760.115,16.5655,14.0000,1.2202,0.9673,4.6368,0.8001,0.1246,0.0753,0.1599,0.9274,2.9843,0.9927,0.3028
10,4,227,229,3,3,4,0.2778,228.124,1009.198,862.405,12.6740,16.0000,1.3223,0.4677,5.2992,0.6491,0.0836,0.2672,0.1180,0.3902,2.9795,0.9923,0.4628
15,5,227,230,4,4,3,0.3125,228.309,1012.124,796.197,15.2250,16.0000,1.3483,1.3294,5.2955,0.3443,0.3624,0.2933,0.4120,0.0659,2.9833,0.9930,0.4719
10,4,227,228,2,2,5,0.5000,227.556,1017.524,782.242,12.9831,16.0000,1.2903,0.6940,5.2992,0.8001,0.0523,0.1476,0.2684,0.6542,3.3085,0.6624,0.4677
6,3,227,229,3,2,2,0.5000,228.000,1018.521,777.671,9.8705,15.0000,1.2329,0.5813,4.9680,0.4412,0.1872,0.3716,0.7882,0.6154,2.6496,0.6618,0.5753
9,3,227,228,2,4,2,0.5625,227.574,1021.822,761.198,11.1471,13.0000,1.1584,1.3256,4.3056,0.7424,0.1268,0.1307,0.1260,0.5228,2.6501,0.6629,0.3861
8,4,227,230,4,2,3,0.3333,228.323,1025.740,739.375,11.2438,15.0000,1.2500,1.0207,4.9680,0.4783,0.3528,0.1689,0.8375,0.2527,3.3137,1.3248,0.5729
5,3,227,228,2,3,2,0.4167,227.219,1046.094,719.844,9.4743,16.0000,1.2500,0.2847,5.2955,0.6489,0.0995,0.2515,0.1100,0.3726,3.6393,0.6633,0.6875
4,3,228,230,3,1,2,0.6667,228.796,434.000,528.796,8.1189,13.0000,1.0612,0.8217,4.3115,0.7500,0.1500,0.1000,0.9487,0.0000,3.3142,0.3323,0.7959
14,3,228,231,4,3,5,0.2333,228.957,510.087,680.205,14.2606,15.0000,1.3043,0.9821,4.9680,0.6521,0.2500,0.0978,0.2632,0.4156,2.6523,0.9910,0.2671
19,3,228,230,3,4,5,0.3167,228.612,513.097,664.775,17.2554,16.0000,1.3392,0.9927,5.2992,0.5777,0.1490,0.2733,0.1018,0.9734,2.6546,0.6610,0.3172
22,8,228,232,5,3,5,0.2933,229.061,520.862,645.337,18.4431,15.0000,1.2644,1.1221,4.9680,0.5863,0.2952,0.1185,0.4054,0.3807,2.9816,0.9924,0.4100
12,3,228,231,4,4,4,0.1875,229.206,526.574,601.213,13.0136,14.0000,1.2353,1.8123,4.6431,0.8299,0.0465,0.1236,0.6152,0.3487,2.1595,0.9992,0.3897
17,3,228,231,4,4,4,0.2656,229.441,526.062,701.097,15.6794,14.0000,1.2205,1.4615,4.6400,0.2827,0.3608,0.3564,0.0619,0.9030,2.6539,0.9913,0.2051
16,7,228,230,3,3,4,0.4444,229.069,526.015,718.488,16.8208,17.0000,1.3399,1.1126,5.6343,0.6164,0.1180,0.2656,0.3819,0.8392,3.3161,1.3225,0.4926
12,4,228,231,4,2,4,0.3750,229.627,533.693,664.987,14.3573,15.0000,1.2000,1.2303,4.9748,0.5436,0.2921,0.1643,0.5154,0.1421,3.3155,1.3244,0.4800
7,3,228,229,2,2,2,0.8750,228.417,573.583,1032.357,10.5184,15.0000,1.2500,0.6890,4.9680,0.0000,0.3318,0.6682,0.0000,0.5774,3.3143,0.9936,0.5119
5,3,228,229,2,2,2,0.6250,228.617,797.433,884.183,8.8909,13.0000,1.0833,0.8573,4.3086,0.3432,0.2505,0.4063,0.6059,0.3645,3.6437,0.6624,0.6500
5,3,228,229,2,2,2,0.6250,228.603,864.571,663.841,9.3353,15.0000,1.1905,0.7136,4.9715,0.3432,0.2505,0.4063,0.6059,0.3645,3.3127,0.3325,0.6508
10,6,228,229,2,2,3,0.8333,228.488,869.457,689.945,13.3059,15.0000,1.1811,1.1575,4.9715,0.4736,0.1990,0.3273,0.2142,0.6739,3.3135,0.6628,0.6693
29,6,228,230,3,4,7,0.3452,229.040,875.662,772.150,21.2951,16.0000,1.3410,1.0778,5.3064,0.8055,0.0322,0.1623,0.0905,0.9914,3.3121,0.9943,0.3988
7,3,228,230,3,2,2,0.5833,229.202,875.393,813.536,10.5240,15.0000,1.2500,1.0380,4.9748,0.5352,0.1763,0.2885,0.8018,0.5745,2.6514,0.9940,0.4881
32,3,228,230,3,6,7,0.2540,228.699,881.336,753.659,21.7906,16.0000,1.3763,3.1525,5.3029,0.8223,0.0940,0.0838,0.0874,0.9929,3.1464,0.9943,0.2930
18,6,228,229,2,4,5,0.4500,228.321,888.106,731.610,17.0220,15.0000,1.2385,1.9793,4.9715,0.6675,0.1900,0.1424,0.0270,0.9986,2.9824,0.6632,0.4587
26,8,228,229,2,5,6,0.4333,228.388,888.978,722.888,20.2711,17.0000,1.4167,1.5597,5.6304,0.6705,0.2178,0.1117,0.0915,0.9915,3.3111,0.9943,0.4071
7,4,228,229,2,2,3,0.5833,228.344,909.516,716.473,11.6448,19.0000,1.4301,0.9594,6.2972,0.5694,0.1270,0.3036,0.3597,0.8825,3.6423,0.9922,0.6344
11,3,228,230,3,3,2,0.6111,228.985,916.592,822.415,12.9907,16.0000,1.3538,0.7236,5.3029,0.3474,0.2145,0.4381,0.8770,0.2837,2.3184,0.3303,0.3231
7,3,228,230,3,2,2,0.5833,228.718,928.471,558.247,10.6458,17.0000,1.4000,0.6489,5.6343,0.4600,0.2645,0.2756,0.8571,0.1000,2.9804,0.8278,0.5176
10,4,228,230,3,3,2,0.5556,228.926,939.942,819.372,12.6810,15.0000,1.2397,1.0156,4.9715,0.6387,0.1073,0.2540,0.8299,0.3149,2.6546,0.6629,0.4545
8,4,228,230,3,3,2,0.4444,229.396,956.774,830.236,12.4242,19.0000,1.4340,0.5137,6.2972,0.4702,0.2602,0.2696,0.7485,0.4004,2.9840,0.3345,0.5849
4,3,228,229,2,2,1,1.0000,228.471,958.510,826.000,8.4484,14.0000,1.0980,0.6938,4.6368,0.0000,0.7500,0.2500,1.0000,0.0000,3.3142,0.6622,0.7843
19,4,228,231,4,3,5,0.3167,228.978,960.883,821.498,17.5638,17.0000,1.3983,1.7427,5.6343,0.5276,0.3473,0.1251,0.2283,0.1258,3.3125,0.9943,0.3636
11,3,228,230,3,3,3,0.4074,228.551,962.463,816.015,13.5863,16.0000,1.2941,1.2324,5.3029,0.4502,0.1422,0.4076,0.4429,0.8015,2.9862,0.6624,0.5221
10,5,228,229,2,3,4,0.4167,228.367,971.109,797.195,13.4095,17.0000,1.3281,1.4188,5.6304,0.7746,0.0483,0.1771,0.1643,0.5096,3.1468,0.6624,0.5781
13,3,228,230,3,2,4,0.5417,228.834,978.357,829.611,14.4301,16.0000,1.3248,1.6588,5.2992,0.5396,0.2758,0.1846,0.2853,0.1721,3.3130,0.4978,0.4395
13,5,228,230,3,2,6,0.3611,228.445,988.323,807.494,15.0695,15.0000,1.1890,1.5920,4.9715,0.8526,0.0620,0.0854,0.1638,0.2138,3.6419,0.9940,0.6829
16,8,228,230,3,6,5,0.1778,228.480,995.025,785.182,16.3999,14.0000,1.1313,0.9488,4.6400,0.7900,0.0741,0.1359,0.1455,0.8273,3.1491,0.6650,0.5455
12,3,228,229,2,4,5,0.3000,228.367,1002.719,825.439,13.2931,15.0000,1.2950,1.5968,4.9715,0.8068,0.0901,0.1032,0.0308,0.8585,2.4847,0.8283,0.3022
9,4,228,229,2,4,3,0.3750,228.342,1004.561,820.325,12.5887,16.0000,1.2632,0.8547,5.3029,0.2419,0.5529,0.2053,0.2398,0.8495,3.3120,1.1590,0.6053
6,3,228,229,2,3,2,0.5000,228.133,1004.773,817.320,10.1419,16.0000,1.2800,0.8475,5.2992,0.5230,0.1584,0.3185,0.1207,0.8567,2.9815,0.9929,0.5867
9,4,228,230,3,3,2,0.5000,228.855,1007.239,577.726,12.9245,21.0000,1.6154,0.3914,6.9600,0.4173,0.1929,0.3898,0.0576,0.3109,2.9844,0.9929,0.5470
9,3,228,231,4,3,2,0.3750,229.454,1017.380,604.111,11.9351,15.0000,1.2500,0.6019,4.9748,0.1080,0.6836,0.2084,0.7759,0.0733,2.9822,0.9943,0.3981
9,4,229,231,3,3,2,0.5000,229.675,527.825,691.421,12.6000,18.0000,1.4211,0.5598,5.9697,0.2881,0.3787,0.3332,0.7556,0.4260,2.6549,0.3299,0.5088
6,3,229,230,2,2,3,0.5000,229.688,532.286,670.325,10.4234,18.0000,1.4026,0.5331,5.9697,0.6075,0.1449,0.2475,0.1615,0.2261,2.8190,0.6628,0.5844
16,3,229,233,5,3,5,0.2133,230.545,537.251,656.561,15.5100,16.0000,1.3690,0.7436,5.3064,0.8300,0.0814,0.0886,0.6145,0.6806,2.6585,0.9981,0.3048
24,6,229,232,4,3,6,0.3333,230.221,546.126,702.544,19.2967,15.0000,1.2632,2.5798,4.9780,0.7892,0.0903,0.1205,0.1321,0.7450,2.8196,0.9962,0.3930
6,3,229,230,2,2,3,0.5000,229.817,546.718,724.380,9.6120,14.0000,1.1831,0.5074,4.6431,0.5034,0.2551,0.2415,0.2255,0.8655,3.1488,0.6633,0.5775
13,3,229,230,2,5,4,0.3250,229.865,567.665,732.852,14.2562,14.0000,1.1742,1.0887,4.6431,0.1130,0.7340,0.1530,0.1331,0.9901,2.9862,1.3260,0.3484
13,6,229,231,3,3,4,0.3611,230.384,567.982,704.250,15.0890,18.0000,1.4268,0.4587,5.9697,0.5956,0.0536,0.3508,0.3307,0.4442,2.6532,0.8300,0.5427
17,4,229,231,3,4,5,0.2833,230.169,567.512,716.413,17.1350,18.0000,1.4366,1.5046,5.9697,0.7145,0.1533,0.1322,0.0101,0.3743,2.9836,0.6651,0.4883
19,5,229,232,4,5,5,0.1900,230.711,845.864,739.961,17.3555,16.0000,1.3333,1.0124,5.3098,0.3902,0.2903,0.3195,0.3850,0.8603,2.6581,0.6654,0.4298
3,3,229,230,2,2,1,0.7500,229.341,847.659,884.000,7.8472,14.0000,1.0244,0.7418,4.6431,0.5333,0.2667,0.2000,0.7071,0.0000,4.3088,0.6630,1.0000
14,6,229,232,4,2,4,0.4375,230.479,855.665,769.707,14.8069,16.0000,1.3413,0.6855,5.3098,0.6196,0.1711,0.2093,0.8241,0.0216,2.3222,0.9921,0.5030
11,4,229,231,3,2,5,0.3667,230.191,859.588,760.015,13.6012,14.0000,1.1324,2.0652,4.6461,0.6776,0.1724,0.1500,0.0430,0.3339,2.6541,0.9957,0.5074
33,6,229,231,3,6,9,0.2037,229.714,862.860,751.264,23.8392,20.0000,1.5981,2.9555,6.6330,0.9239,0.0113,0.0648,0.0468,0.6151,2.6526,0.9947,0.4818
6,3,229,230,2,3,3,0.3333,229.139,864.958,744.028,9.7429,14.0000,1.1667,0.9830,4.6400,0.5704,0.2383,0.1913,0.2385,0.9222,2.8146,0.6631,0.5556
10,6,229,231,3,3,2,0.5556,229.662,865.774,739.699,13.9455,16.0000,1.2030,1.4249,5.3064,0.4337,0.2282,0.3381,0.1611,0.0722,3.3130,0.9954,0.6541
10,3,229,232,4,2,2,0.6250,230.040,866.381,793.587,13.2148,15.0000,1.1905,1.1817,4.9748,0.6897,0.0862,0.2240,0.9469,0.2819,2.6549,0.0031,0.4603
34,3,229,233,5,5,8,0.1700,229.893,870.345,783.394,22.2374,15.0000,1.3043,1.0349,4.9715,0.7306,0.1138,0.1556,0.1445,0.1734,2.6549,0.9918,0.2455
6,4,229,231,3,2,2,0.5000,229.988,905.333,604.346,10.9670,16.0000,1.1852,0.4804,5.3064,0.1333,0.2667,0.6000,1.0000,0.0000,3.4830,0.8294,0.7160
5,3,229,231,3,2,2,0.4167,229.954,908.815,799.846,9.6404,15.0000,1.1538,0.9837,4.9715,0.7958,0.0325,0.1718,0.9294,0.3690,3.6495,1.3244,0.6615
4,3,229,230,2,2,1,1.0000,229.528,940.472,587.000,8.7860,14.0000,1.0566,0.7082,4.6431,0.0000,0.7500,0.2500,1.0000,0.0000,3.6466,0.3315,0.7925
8,3,229,232,4,2,3,0.3333,230.126,944.758,549.863,11.1402,14.0000,1.1789,0.3054,4.6431,0.8109,0.0640,0.1252,0.8921,0.4357,3.3193,0.4991,0.4211
6,3,229,230,2,2,3,0.5000,229.351,971.838,843.365,10.0150,14.0000,1.1351,0.5319,4.6400,0.5034,0.2551,0.2415,0.1128,0.4328,3.1494,0.3345,0.5405
7,4,229,232,4,2,2,0.4375,230.478,983.589,585.111,11.2851,17.0000,1.3222,0.6739,5.6417,0.6625,0.1752,0.1623,0.9597,0.1934,3.3165,0.9943,0.6333
5,3,229,230,2,2,2,0.6250,229.571,991.571,591.190,9.3414,14.0000,1.1111,0.7392,4.6431,0.3432,0.2505,0.4063,0.6059,0.3645,3.6441,1.1596,0.6508
6,3,229,231,3,2,1,1.0000,230.013,1013.455,665.000,10.4255,16.0000,1.2468,0.4547,5.3064,0.5556,0.3333,0.1111,1.0000,0.0000,3.3146,0.3316,0.5714
3,3,229,230,2,2,1,0.7500,229.681,1092.298,650.000,8.9976,18.0000,1.1489,0.4366,5.9697,0.5333,0.2667,0.2000,0.7071,0.0000,4.3091,0.9950,1.0000
9,4,230,231,2,3,4,0.3750,230.351,548.895,683.368,12.6056,17.0000,1.3421,0.5195,5.6381,0.4158,0.2324,0.3518,0.0180,0.8779,2.9881,0.9943,0.5439
10,4,230,232,3,3,2,0.5556,230.690,550.825,677.429,13.2204,16.0000,1.2698,0.9131,5.3098,0.3696,0.1760,0.4544,0.9876,0.0715,2.6566,0.6611,0.4921
10,4,230,232,3,2,3,0.5556,231.096,556.600,662.208,13.1188,16.0000,1.2800,0.4610,5.3098,0.2205,0.4017,0.3779,0.4334,0.2102,2.9849,0.8300,0.4640
16,4,230,232,3,4,4,0.3333,230.478,571.147,683.353,15.2607,16.0000,1.3913,1.0400,5.3064,0.5877,0.2567,0.1556,0.0672,0.7791,2.6549,0.9953,0.3098
14,3,230,232,3,5,3,0.3111,231.215,827.139,725.975,14.0156,15.0000,1.3291,1.5147,4.9780,0.6672,0.1209,0.2119,0.0955,0.9777,2.6566,1.3264,0.2785
27,6,230,232,3,4,6,0.3750,230.601,848.862,730.435,21.2624,16.0000,1.2973,1.4964,5.3098,0.8173,0.0585,0.1242,0.0056,0.7881,3.3161,1.3249,0.4835
4,3,230,231,2,1,2,1.0000,230.471,870.000,855.471,8.4597,14.0000,1.0980,0.7083,4.6461,0.0000,0.7500,0.2500,0.0000,0.0000,3.1503,0.8283,0.8039
5,3,231,233,3,2,2,0.4167,232.016,572.159,609.444,9.3559,15.0000,1.1905,0.5780,4.9810,0.5461,0.2256,0.2283,0.8117,0.4177,3.6526,1.3295,0.6508
7,3,231,233,3,2,3,0.3889,232.012,813.280,798.939,10.2919,14.0000,1.1951,0.2873,4.6490,0.5479,0.1606,0.2915,0.3359,0.3799,2.4922,0.6642,0.4878
12,4,231,234,4,4,3,0.2500,231.986,821.089,741.740,13.9953,15.0000,1.2329,1.2361,4.9780,0.4749,0.4132,0.1118,0.0732,0.1142,2.8243,0.9944,0.4795
9,4,231,233,3,3,3,0.3333,231.536,824.009,738.827,12.1724,15.0000,1.2273,1.2896,4.9780,0.3737,0.2297,0.3966,0.4927,0.0000,2.9880,0.9940,0.4909
4,4,231,232,2,2,2,0.5000,231.750,912.750,902.500,8.6325,13.0000,1.0000,0.9354,4.3169,0.5916,0.1015,0.3069,0.5000,0.5000,3.3223,1.4926,1.0000
4,3,231,232,2,2,1,1.0000,231.525,961.576,904.000,9.7932,17.0000,1.1525,0.6750,5.6452,0.0000,0.7500,0.2500,1.0000,0.0000,4.4808,0.3347,0.8136
9,3,232,234,3,3,3,0.3333,233.476,542.893,772.922,11.4107,13.0000,1.1359,0.4937,4.3218,0.5600,0.0957,0.3443,0.6340,0.6667,2.6604,0.6645,0.3786
5,3,238,239,2,3,1,0.8333,238.610,1206.119,638.000,8.7902,13.0000,1.1017,0.6216,4.3315,0.5854,0.2927,0.1220,0.3162,0.0000,4.6633,1.4992,0.6610
3,3,243,244,2,2,1,0.7500,243.675,953.350,1083.000,7.7033,14.0000,1.0500,0.7267,4.6701,0.5333,0.2667,0.2000,0.7071,0.0000,4.6700,1.0007,1.0000
4,3,249,251,3,1,2,0.6667,250.154,1109.000,678.192,8.6700,15.0000,1.1538,1.1698,5.0031,0.7500,0.1500,0.1000,0.9487,0.0000,4.8348,1.1672,0.8077
7,3,250,251,2,3,3,0.3889,250.275,984.188,373.462,10.0828,15.0000,1.3125,0.5698,5.0022,0.6205,0.1217,0.2578,0.3224,0.9339,3.6683,1.0007,0.5375
7,4,250,252,3,2,2,0.5833,251.333,1058.367,744.789,11.3401,17.0000,1.3222,0.7462,5.6678,0.3772,0.3083,0.3146,0.9758,0.2185,5.3331,1.6661,0.6778
4,3,251,253,3,2,1,0.6667,252.000,1119.196,681.000,8.4991,15.0000,1.1765,0.1961,4.9996,0.5357,0.3214,0.1429,1.0000,0.0000,4.6662,1.3337,0.8039
5,3,256,257,2,3,2,0.4167,256.391,1035.969,384.828,9.5215,14.0000,1.0937,1.0586,4.6583,0.5461,0.2256,0.2283,0.5716,0.7118,3.9909,0.9974,0.6406
5,3,256,257,2,3,1,0.8333,256.381,1276.683,500.000,9.3728,16.0000,1.2698,0.7817,5.3238,0.5854,0.2927,0.1220,0.3162,0.0000,3.9933,1.3302,0.6825
6,3,258,259,2,2,2,0.7500,258.704,1068.493,784.493,9.6290,13.0000,1.0986,0.7573,4.3178,0.2667,0.1333,0.6000,0.0000,0.0000,3.6549,0.9962,0.5493
4,3,262,263,2,2,1,1.0000,262.500,953.442,363.000,8.6125,16.0000,1.2308,0.6676,5.3022,0.0000,0.7500,0.2500,1.0000,0.0000,4.6350,0.9933,0.8077
3,3,262,263,2,1,2,0.7500,262.644,1093.000,672.667,8.6051,16.0000,1.0667,0.7255,5.3022,0.5333,0.2667,0.2000,0.7071,0.0000,5.6277,2.1547,1.0000
6,3,262,264,3,3,1,0.6667,262.797,1166.230,620.000,10.0047,15.0000,1.2162,0.3064,4.9667,0.4000,0.4800,0.1200,0.7071,0.0000,4.6385,1.1600,0.5676
3,3,263,264,2,2,1,0.7500,263.310,1193.690,598.000,8.0269,16.0000,1.1429,0.4377,5.2978,0.5333,0.2667,0.2000,0.7071,0.0000,4.9655,1.4890,1.0000
4,4,265,266,2,1,2,1.0000,265.500,407.000,427.500,8.9197,14.0000,1.0370,0.7071,4.6273,0.0000,0.7500,0.2500,0.0000,0.0000,4.1299,0.9906,1.0000
4,3,265,266,2,2,1,1.0000,265.556,977.463,510.000,8.9193,16.0000,1.1852,0.6418,5.2832,0.0000,0.7500,0.2500,1.0000,0.0000,4.7912,1.9822,0.7963
4,3,269,271,3,2,1,0.6667,269.960,926.520,1120.000,8.2211,13.0000,1.0400,1.0733,4.2795,0.7576,0.1294,0.1129,0.8507,0.0000,4.6035,1.6456,0.7800
5,3,269,271,3,2,1,0.8333,269.730,969.397,731.000,9.2673,15.0000,1.1905,0.4799,4.9325,0.5854,0.2927,0.1220,0.9487,0.0000,4.6075,0.6582,0.6667
6,3,271,274,4,2,2,0.3750,272.712,1084.849,744.342,9.7697,14.0000,1.1507,0.7334,4.5880,0.6410,0.2138,0.1452,0.9804,0.0231,4.4255,0.9807,0.5479
5,3,271,273,3,2,1,0.8333,271.831,1205.661,737.000,8.6585,13.0000,1.1017,0.8970,4.2701,0.5854,0.2927,0.1220,0.9487,0.0000,4.2603,0.9835,0.6610
5,3,272,273,2,2,2,0.6250,272.629,1008.419,992.177,9.0905,15.0000,1.2097,0.5873,4.9157,0.3432,0.2505,0.4063,0.6059,0.3645,4.5880,1.4762,0.6613
6,3,273,275,3,2,2,0.5000,274.329,1052.342,896.868,10.1519,17.0000,1.3421,0.4925,5.5645,0.5034,0.2551,0.2415,0.9677,0.2521,4.4144,1.3097,0.5789
3,3,274,275,2,2,1,0.7500,274.683,1157.683,927.000,7.7419,15.0000,1.0976,0.4484,4.9040,0.5333,0.2667,0.2000,0.7071,0.0000,4.5829,1.4737,1.0000
3,3,275,275,1,3,1,1.0000,275.000,944.043,777.000,8.6828,16.0000,1.0435,0.0435,5.2309,0.8889,0.0000,0.1111,0.0000,1.0000,4.9042,0.9810,1.0000
3,3,275,276,2,2,1,0.7500,275.325,1074.325,647.000,7.5473,14.0000,1.0500,0.4596,4.5771,0.5333,0.2667,0.2000,0.7071,0.0000,3.9232,0.6531,1.0000
3,3,278,279,2,2,1,0.7500,278.333,1074.667,808.000,7.3314,13.0000,1.0000,0.7454,4.2346,0.5333,0.2667,0.2000,0.7071,0.0000,4.5603,0.9764,1.0000
4,3,282,283,2,2,1,1.0000,282.537,794.500,543.000,8.7450,15.0000,1.1111,0.6814,4.8555,0.0000,0.7500,0.2500,1.0000,0.0000,4.8586,2.2651,0.7778
4,3,283,286,4,1,1,1.0000,284.655,498.000,480.000,9.3679,18.0000,1.2414,0.3448,5.8120,0.9375,0.0000,0.0625,1.0000,0.0000,4.5217,1.2904,0.8276
6,3,283,284,2,2,2,0.7500,283.458,939.398,921.747,10.9622,17.0000,1.2289,0.6570,5.5029,0.2000,0.3333,0.4667,0.0000,0.0000,4.8494,1.2948,0.6024
5,3,284,285,2,3,1,0.8333,284.393,874.213,488.000,8.8152,14.0000,1.1475,0.4475,4.5261,0.5854,0.2927,0.1220,0.3162,0.0000,4.8470,1.2928,0.6721
3,3,304,305,2,2,1,0.7500,304.651,952.326,1051.000,7.8424,15.0000,1.0465,0.7280,4.7413,0.5333,0.2667,0.2000,0.7071,0.0000,4.1056,0.9474,1.0000
3,3,306,307,2,2,1,0.7500,306.617,876.319,785.000,8.5566,18.0000,1.1489,0.6947,5.6791,0.5333,0.2667,0.2000,0.7071,0.0000,5.2016,2.8357,1.0000
5,3,306,308,3,2,1,0.8333,307.110,1014.356,846.000,10.2900,21.0000,1.4384,0.3726,6.6197,0.5854,0.2927,0.1220,0.9487,0.0000,4.7325,1.2608,0.6986
4,3,311,312,2,3,1,0.6667,311.500,1063.982,888.000,8.7934,15.0000,1.0714,0.5003,4.7126,0.7576,0.1294,0.1129,0.5257,0.0000,3.7666,0.6291,0.7679
7,3,312,315,4,2,2,0.4375,313.552,927.479,986.125,11.3774,20.0000,1.4583,0.6982,6.2691,0.7406,0.0824,0.1770,0.9316,0.0988,4.0775,1.8792,0.5208
4,3,314,316,3,2,1,0.6667,315.358,1059.736,1080.000,8.2985,15.0000,1.1321,0.6938,4.6951,0.7500,0.1500,0.1000,0.9487,0.0000,4.6969,1.2526,0.8113
5,3,321,323,3,2,1,0.8333,321.809,827.529,943.000,9.4832,18.0000,1.3235,0.5629,5.6125,0.5854,0.2927,0.1220,0.9487,0.0000,4.0566,1.5588,0.6912
4,3,322,323,2,2,1,1.0000,322.439,933.509,568.000,8.8841,18.0000,1.2632,0.6585,5.6125,0.0000,0.7500,0.2500,1.0000,0.0000,4.9865,1.0917,0.8070
5,3,326,328,3,1,3,0.5556,327.109,851.000,793.281,8.8991,15.0000,1.1719,0.3018,4.6641,0.8123,0.1108,0.0769,0.7071,0.0000,4.6642,1.5554,0.6719
3,3,328,329,2,2,1,0.7500,328.689,927.644,480.000,8.0715,16.0000,1.0667,0.7156,4.9700,0.5333,0.2667,0.2000,0.7071,0.0000,4.9700,1.3981,1.0000
3,3,331,332,2,2,1,0.7500,331.333,1005.356,979.000,8.0611,16.0000,1.0667,0.7255,4.9651,0.5333,0.2667,0.2000,0.7071,0.0000,5.2731,2.0172,1.0000
4,3,341,342,2,1,2,1.0000,341.414,560.000,1119.534,8.9600,17.0000,1.1724,0.6759,5.2532,0.0000,0.7500,0.2500,0.0000,0.0000,5.0979,1.2361,0.8276
3,3,345,347,3,1,1,1.0000,346.000,808.000,1178.000,7.4798,14.0000,1.0000,1.0000,4.3199,0.8889,0.0000,0.1111,1.0000,0.0000,4.6272,1.2339,1.0000
4,3,348,349,2,2,2,0.5000,348.291,924.182,1093.436,8.4762,16.0000,1.1636,0.8522,4.9305,0.5916,0.1015,0.3069,0.5000,0.5000,4.7778,0.7710,0.8182
6,3,356,358,3,2,2,0.5000,357.370,879.691,846.840,10.1653,17.0000,1.2593,0.7193,5.2250,0.5034,0.2551,0.2415,0.9677,0.2521,4.4571,0.6150,0.5679
7,3,359,362,4,2,3,0.2917,360.637,588.780,1023.923,10.5641,19.0000,1.4615,0.4310,5.8352,0.6094,0.2492,0.1414,0.8802,0.4088,3.9916,1.2294,0.5385
6,3,365,366,2,2,2,0.7500,365.474,799.645,1127.724,9.5186,16.0000,1.2632,0.8464,4.9091,0.2000,0.3333,0.4667,0.0000,0.0000,4.1410,0.9202,0.5789
5,3,366,367,2,3,1,0.8333,366.615,1096.308,956.000,8.9156,16.0000,1.2308,0.7920,4.9069,0.5854,0.2927,0.1220,0.3162,0.0000,4.6001,1.0734,0.6769
3,3,368,370,3,1,1,1.0000,368.957,891.000,645.000,8.1413,16.0000,1.0435,0.9565,4.9058,0.8889,0.0000,0.1111,1.0000,0.0000,5.2112,1.6858,1.0000
5,3,383,385,3,1,2,0.8333,383.826,718.000,940.348,9.4318,19.0000,1.3768,0.3889,5.8073,0.5854,0.2927,0.1220,0.9487,0.0000,4.5847,1.5282,0.6812
5,3,386,387,2,2,2,0.6250,386.597,560.552,790.149,9.1539,16.0000,1.1940,0.6997,4.8877,0.3432,0.2505,0.4063,0.6059,0.3645,4.5822,1.0693,0.6567
3,3,392,393,2,2,1,0.7500,392.682,874.318,1049.000,7.7527,16.0000,1.0909,0.4500,4.8826,0.5333,0.2667,0.2000,0.7071,0.0000,3.9678,1.5262,1.0000
5,3,397,399,3,2,2,0.4167,397.753,890.137,936.205,9.9546,20.0000,1.3699,0.3490,6.0982,0.6489,0.0995,0.2515,0.9362,0.2726,4.8785,1.2196,0.7260
3,3,403,404,2,2,1,0.7500,403.370,1141.696,890.000,8.0906,17.0000,1.1087,0.7001,5.1783,0.5333,0.2667,0.2000,0.7071,0.0000,4.8745,1.5233,1.0000
4,3,405,407,3,1,2,0.6667,406.333,477.000,1097.246,8.6780,16.0000,1.1228,0.4140,4.8721,0.7500,0.1500,0.1000,0.9487,0.0000,4.2623,0.6087,0.8070
5,3,405,407,3,2,1,0.8333,405.862,846.692,879.000,8.8519,16.0000,1.2308,0.3374,4.8721,0.5854,0.2927,0.1220,0.9487,0.0000,4.8727,2.1317,0.6923
4,3,411,412,2,1,2,1.0000,411.464,707.000,1330.464,8.5187,16.0000,1.1429,0.6566,4.8682,0.0000,0.7500,0.2500,0.0000,0.0000,4.8679,1.5210,0.7857
6,3,413,415,3,2,2,0.5000,414.036,642.301,952.867,10.3048,20.0000,1.4458,0.3311,6.0823,0.7074,0.0897,0.2030,0.9140,0.2540,4.2579,1.6724,0.5904
3,3,413,414,2,1,2,0.7500,413.674,844.000,1038.651,7.5504,15.0000,1.0465,0.7280,4.5617,0.5333,0.2667,0.2000,0.7071,0.0000,3.9542,1.2165,1.0000
8,3,415,418,4,2,3,0.3333,416.657,808.324,1301.137,10.9626,19.0000,1.4902,0.7450,5.7764,0.3980,0.3658,0.2362,0.7804,0.3658,4.1032,1.3681,0.4706
4,3,415,416,2,2,1,1.0000,415.500,914.550,682.000,9.1213,17.0000,1.1333,0.6727,5.1684,0.0000,0.7500,0.2500,1.0000,0.0000,5.1691,2.1285,0.7833
6,3,417,419,3,2,2,0.5000,418.103,379.474,772.859,9.6779,16.0000,1.2308,0.5054,4.8628,0.3810,0.3333,0.2857,0.9487,0.1690,4.1032,1.2156,0.5769
3,3,418,419,2,2,1,0.7500,418.318,798.318,1017.000,7.7204,16.0000,1.0909,0.4500,4.8628,0.5333,0.2667,0.2000,0.7071,0.0000,3.9510,0.0000,1.0000
6,3,419,421,3,2,2,0.5000,419.679,982.872,969.526,9.6756,17.0000,1.3077,0.5867,5.1652,0.6373,0.1269,0.2358,0.8795,0.0724,4.4058,0.9118,0.6026
4,3,420,422,3,2,1,0.6667,421.075,693.472,854.000,8.0503,15.0000,1.1321,0.5337,4.5568,0.7576,0.1294,0.1129,0.8507,0.0000,4.5565,1.9747,0.8113
3,3,423,425,3,1,1,1.0000,424.022,935.000,1069.000,8.0644,17.0000,1.1087,0.0217,5.1621,0.8889,0.0000,0.1111,1.0000,0.0000,5.1612,1.8220,1.0000
4,3,425,426,2,1,3,0.6667,425.491,436.000,909.927,8.3486,17.0000,1.2364,0.5143,5.1606,0.7576,0.1294,0.1129,0.5257,0.0000,4.5541,1.2143,0.8182
7,3,428,430,3,3,3,0.2593,429.035,469.024,753.882,9.7483,15.0000,1.2353,0.9721,4.5509,0.2274,0.5187,0.2539,0.8988,0.3943,3.9440,1.5171,0.5059
5,4,428,430,3,2,1,0.8333,428.808,916.575,1153.000,9.9063,17.0000,1.1644,0.9921,5.1591,0.5854,0.2927,0.1220,0.9487,0.0000,4.8543,0.9103,0.8356
5,3,429,430,2,2,2,0.6250,429.364,445.470,610.303,8.9557,17.0000,1.2879,0.7108,5.1584,0.2938,0.4054,0.3007,0.0000,0.3029,4.5508,1.5172,0.6970
4,3,437,439,3,1,2,0.6667,438.186,969.000,1117.407,8.9405,21.0000,1.4237,0.9096,6.3638,0.7576,0.1294,0.1129,0.8507,0.0000,4.8491,2.2729,0.8305
3,3,440,440,1,2,2,0.7500,440.000,858.396,1061.708,8.3970,19.0000,1.1875,0.6709,5.7570,0.5333,0.2667,0.2000,0.0000,1.0000,4.8481,1.5149,1.0000
5,3,443,445,3,1,2,0.8333,443.696,629.000,1079.420,9.3460,16.0000,1.1594,0.9055,4.8464,0.5854,0.2927,0.1220,0.9487,0.0000,4.2401,0.4544,0.6667
4,3,443,444,2,1,2,1.0000,443.439,760.000,617.491,8.6322,17.0000,1.1930,0.6717,5.1493,0.0000,0.7500,0.2500,0.0000,0.0000,4.0890,0.9087,0.8070
8,4,443,446,4,2,2,0.5000,444.077,828.346,787.788,11.1361,18.0000,1.3846,0.4129,5.4516,0.7029,0.0457,0.2514,0.9668,0.1294,4.5426,1.5142,0.5962
16,7,445,448,4,3,3,0.4444,446.268,756.732,1133.732,16.9564,22.0000,1.5714,0.4639,6.6616,0.3667,0.3236,0.3097,0.9718,0.2336,3.9364,1.2111,0.5312
8,3,448,451,4,2,3,0.3333,449.515,1062.396,697.584,10.8090,16.0000,1.2673,0.9854,4.8434,0.7625,0.0833,0.1543,0.6763,0.2065,4.0862,0.7567,0.5842
5,3,450,452,3,2,2,0.4167,451.469,892.828,781.609,8.6621,15.0000,1.1719,0.6814,4.5394,0.6999,0.1281,0.1720,0.8684,0.1395,4.5395,2.1186,0.6719
4,3,451,452,2,2,2,0.5000,451.254,930.814,1182.576,8.9281,19.0000,1.2881,0.5282,5.7505,0.5916,0.1015,0.3069,0.5000,0.5000,4.6909,1.2106,0.8136
6,3,453,455,3,2,2,0.5000,454.013,853.329,1054.382,9.3880,16.0000,1.2632,0.5040,4.8412,0.1333,0.2667,0.6000,1.0000,0.0000,4.6896,1.9667,0.5921
5,4,455,457,3,2,1,0.8333,456.132,901.574,1048.000,9.2000,15.0000,1.1029,1.2100,4.5383,0.5854,0.2927,0.1220,0.9487,0.0000,4.5380,1.2101,0.8529
4,3,456,458,3,2,1,0.6667,456.907,745.537,679.000,8.1677,15.0000,1.1111,1.0187,4.5379,0.7576,0.1294,0.1129,0.8507,0.0000,4.6888,1.2101,0.8148
6,3,460,462,3,3,1,0.6667,460.726,830.821,692.000,10.3711,17.0000,1.2143,0.8659,5.1411,0.2083,0.6667,0.1250,0.8944,0.0000,4.8386,1.6632,0.7262
12,3,460,462,3,2,3,0.6667,460.904,1237.433,733.038,13.7064,18.0000,1.3758,1.0681,5.4439,0.5610,0.0883,0.3507,0.6469,0.3111,3.3268,0.9073,0.4331
3,3,462,463,2,2,1,0.7500,462.333,1138.667,1037.000,7.3327,14.0000,1.0000,0.7454,4.2336,0.5333,0.2667,0.2000,0.7071,0.0000,4.5360,0.9072,1.0000
4,3,467,468,2,2,2,0.5000,467.538,758.269,782.808,7.8598,14.0000,1.0769,0.6320,4.2323,0.5916,0.1015,0.3069,0.7071,0.7071,4.8367,1.5116,0.8077
6,3,470,472,3,2,2,0.5000,471.244,468.692,563.872,9.6244,17.0000,1.3077,0.4129,5.1382,0.5230,0.1584,0.3185,0.9225,0.0898,3.4758,1.2090,0.6026
4,3,475,476,2,2,2,0.5000,475.736,503.736,742.792,8.0077,14.0000,1.0566,0.8089,4.2306,0.0000,0.5625,0.4375,0.4459,0.5774,3.9283,1.5110,0.7925
4,3,475,476,2,2,1,1.0000,475.473,885.545,1118.000,8.3100,15.0000,1.0909,0.6558,4.5328,0.0000,0.7500,0.2500,1.0000,0.0000,4.6838,1.3597,0.8000
4,3,476,477,2,1,2,1.0000,476.482,686.000,1040.464,8.4607,15.0000,1.0714,0.6693,4.5326,0.0000,0.7500,0.2500,0.0000,0.0000,4.0793,0.6044,0.7857
3,3,476,477,2,2,1,0.7500,476.327,1033.347,1001.000,8.5484,17.0000,1.0408,0.7301,5.1370,0.5333,0.2667,0.2000,0.7071,0.0000,5.4391,1.8130,1.0000
4,3,481,483,3,2,1,0.6667,481.852,583.185,1022.000,8.1565,16.0000,1.1852,1.1630,4.8333,0.7500,0.1500,0.1000,0.9487,0.0000,4.8336,2.1146,0.8148
5,3,481,483,3,1,2,0.8333,482.221,606.000,1155.632,9.1867,19.0000,1.3971,0.4287,5.7398,0.5854,0.2927,0.1220,0.9487,0.0000,4.5312,1.5105,0.6912
5,3,481,483,3,2,1,0.8333,482.235,729.441,575.000,9.1867,16.0000,1.1765,0.5000,4.8335,0.5854,0.2927,0.1220,0.9487,0.0000,4.8335,1.9636,0.6765
7,4,483,485,3,2,3,0.3889,484.232,355.747,722.863,10.8460,17.0000,1.2526,1.2646,5.1353,0.5677,0.2702,0.1621,0.8499,0.1525,4.8328,1.0572,0.6526
6,3,486,487,2,3,2,0.5000,486.544,556.975,1135.506,9.7409,16.0000,1.2152,0.6723,4.8324,0.6168,0.1058,0.2774,0.5000,0.5000,4.2285,1.0571,0.5696
4,3,491,492,2,1,2,1.0000,491.421,400.000,875.439,8.6058,18.0000,1.2632,0.6080,5.4354,0.0000,0.7500,0.2500,0.0000,0.0000,4.0765,0.9059,0.8246
8,3,494,497,4,2,2,0.5000,495.307,266.218,838.485,10.7805,14.0000,1.1089,0.6140,4.2267,0.7361,0.1009,0.1629,0.9354,0.3391,4.2264,1.2076,0.4158
4,3,495,497,3,2,1,0.6667,496.036,606.527,944.000,8.3019,15.0000,1.0909,0.4741,4.5283,0.7576,0.1294,0.1129,0.8507,0.0000,4.5282,0.6038,0.7818
4,3,495,497,3,1,2,0.6667,496.000,776.000,759.796,8.1510,15.0000,1.1111,0.2037,4.5283,0.5357,0.3214,0.1429,1.0000,0.0000,4.5283,1.2076,0.7963
7,3,495,498,4,2,2,0.4375,496.239,999.477,916.318,10.0409,16.0000,1.2727,0.6568,4.8302,0.7141,0.0654,0.2206,0.9180,0.3952,3.9248,1.2074,0.5000
5,3,496,497,2,2,2,0.6250,496.556,524.333,1077.381,8.5053,14.0000,1.1111,0.7516,4.2264,0.2938,0.4054,0.3007,0.7071,0.6739,4.8299,1.6602,0.6667
5,3,496,498,3,2,1,0.8333,496.681,896.639,1014.000,9.7202,18.0000,1.2500,0.7704,5.4340,0.5854,0.2927,0.1220,0.9487,0.0000,4.8302,1.3584,0.7083
4,3,497,498,2,2,1,1.0000,497.482,513.482,629.000,8.4522,15.0000,1.0714,0.7076,4.5281,0.0000,0.7500,0.2500,1.0000,0.0000,4.6789,1.5093,0.7857
5,3,499,500,2,3,2,0.4167,499.618,887.206,1026.162,9.1787,16.0000,1.1765,0.4634,4.8291,0.7729,0.0435,0.1836,0.4781,0.7852,4.5276,1.9619,0.6618
3,3,500,501,2,2,1,0.7500,500.674,927.349,704.000,7.4927,15.0000,1.0465,0.7280,4.5270,0.5333,0.2667,0.2000,0.7071,0.0000,4.8291,2.4144,1.0000
7,3,505,507,3,2,3,0.3889,505.895,1031.674,920.628,9.8071,15.0000,1.2209,0.5054,4.5256,0.7140,0.0858,0.2003,0.7585,0.3162,3.9224,0.9051,0.5000
3,3,514,516,3,1,1,1.0000,514.978,638.000,1121.000,7.8339,16.0000,1.0667,0.0222,4.8244,0.8889,0.0000,0.1111,1.0000,0.0000,4.5232,0.9047,1.0000
3,3,515,516,2,2,1,0.7500,515.644,892.689,692.000,7.8335,16.0000,1.0667,0.7156,4.8244,0.5333,0.2667,0.2000,0.7071,0.0000,4.2210,1.2061,1.0000
3,3,516,517,2,1,2,0.7500,516.333,548.000,1139.667,7.8331,15.0000,1.0000,0.7454,4.5226,0.5333,0.2667,0.2000,0.7071,0.0000,4.8240,0.9045,1.0000
4,3,516,518,3,2,1,0.6667,516.925,558.547,646.000,7.9893,15.0000,1.1321,0.4591,4.5222,0.7576,0.1294,0.1129,0.8507,0.0000,3.9194,0.9044,0.8113
8,3,516,518,3,2,3,0.4444,517.337,950.480,870.122,10.4456,15.0000,1.2245,0.5987,4.5222,0.0000,0.6964,0.3036,0.0000,0.1961,3.9193,0.9044,0.4388
6,3,517,519,3,2,1,1.0000,517.911,1084.532,1018.000,9.7226,16.0000,1.2152,1.0247,4.8237,0.5556,0.3333,0.1111,1.0000,0.0000,4.5219,1.2057,0.5823
5,3,518,519,2,1,3,0.8333,518.373,916.000,980.209,9.0325,16.0000,1.1940,0.4277,4.8234,0.5854,0.2927,0.1220,0.3162,0.0000,4.8230,1.5072,0.6866
8,3,521,523,3,2,3,0.4444,522.333,455.438,1005.257,11.1876,19.0000,1.4476,0.9246,5.7261,0.4913,0.3522,0.1565,0.4208,0.0854,3.7670,0.6027,0.4571
5,3,521,522,2,2,2,0.6250,521.561,665.409,566.167,8.8956,15.0000,1.1364,0.8314,4.5209,0.3432,0.2505,0.4063,0.6059,0.3645,4.5206,1.6576,0.6515
5,3,522,523,2,2,3,0.4167,522.149,1029.463,680.060,9.0300,17.0000,1.2687,0.5608,5.1233,0.5461,0.2256,0.2283,0.1201,0.5647,4.5206,1.5069,0.7015
5,3,523,524,2,2,2,0.6250,523.437,574.648,1006.845,9.5682,18.0000,1.2676,0.5819,5.4243,0.3432,0.2505,0.4063,0.6059,0.3645,4.5199,1.5066,0.6901
5,3,532,534,3,2,2,0.4167,532.940,482.373,920.149,9.0231,17.0000,1.2687,0.4063,5.1194,0.5461,0.2256,0.2283,0.8117,0.4177,4.5170,0.9034,0.6866
6,3,536,538,3,1,3,0.6667,536.807,900.000,1110.398,10.8160,19.0000,1.2955,0.4422,5.7202,0.6061,0.3030,0.0909,0.7071,0.0000,4.6664,0.9032,0.6136
3,3,538,540,3,1,1,1.0000,539.000,647.000,1250.000,7.6471,16.0000,1.0909,0.0000,4.8164,0.8889,0.0000,0.1111,1.0000,0.0000,4.8166,1.5051,1.0000
5,3,539,541,3,2,2,0.4167,540.000,294.559,919.221,9.1538,16.0000,1.1765,0.4933,4.8161,0.1521,0.5234,0.3245,1.0000,0.0000,4.8161,1.3545,0.6765
4,3,540,542,3,1,2,0.6667,540.965,599.000,935.526,8.5783,15.0000,1.0526,1.0749,4.5151,0.7576,0.1294,0.1129,0.8507,0.0000,4.0634,1.2040,0.7719
7,3,541,542,2,3,2,0.5833,541.446,950.815,859.130,10.4660,15.0000,1.1413,0.9944,4.5146,0.5916,0.2044,0.2040,0.1485,0.2953,4.2139,1.5048,0.4783
4,3,543,544,2,1,3,0.6667,543.707,814.000,1093.328,8.7275,17.0000,1.1724,0.9756,5.1163,0.7500,0.1500,0.1000,0.3162,0.0000,4.0628,1.2038,0.7931
5,4,547,549,3,2,1,0.8333,547.826,764.594,860.000,9.2848,15.0000,1.0870,0.4415,4.5133,0.5854,0.2927,0.1220,0.9487,0.0000,4.5133,1.0532,0.8261
4,3,548,550,3,2,1,0.6667,549.000,1110.792,465.000,7.9732,14.0000,1.0566,1.0213,4.2124,0.5357,0.3214,0.1429,1.0000,0.0000,3.9113,0.9026,0.7925
5,3,552,554,3,2,2,0.4167,552.818,1008.182,977.833,8.8794,15.0000,1.1364,0.8546,4.5126,0.6489,0.0995,0.2515,0.9362,0.2726,3.9107,1.5042,0.6515
3,3,553,555,3,1,1,1.0000,554.022,857.000,1316.000,7.9892,17.0000,1.1087,0.0217,5.1139,0.8889,0.0000,0.1111,1.0000,0.0000,4.8130,1.2033,1.0000
3,3,555,556,2,2,1,0.7500,555.408,646.714,1010.000,8.5099,20.0000,1.2245,0.6572,6.0160,0.5333,0.2667,0.2000,0.7071,0.0000,4.5122,0.9024,1.0000
5,4,557,559,3,2,1,0.8333,557.735,941.412,494.000,9.1471,16.0000,1.1765,0.4895,4.8126,0.5854,0.2927,0.1220,0.9487,0.0000,4.5119,1.2031,0.8529
7,3,562,563,2,2,3,0.5833,562.714,1085.286,786.022,10.3445,17.0000,1.3077,0.4047,5.1129,0.6517,0.0773,0.2710,0.3251,0.7071,3.9098,1.3534,0.5165
3,3,563,565,3,1,1,1.0000,563.979,643.000,1126.000,8.3347,19.0000,1.1875,0.0208,5.7143,0.8889,0.0000,0.1111,1.0000,0.0000,4.2106,1.2030,1.0000
3,3,567,568,2,1,2,0.7500,567.362,656.000,1158.702,8.1607,17.0000,1.0851,0.7044,5.1125,0.5333,0.2667,0.2000,0.7071,0.0000,4.5111,0.0000,1.0000
5,3,567,569,3,1,2,0.8333,568.143,904.000,945.400,9.4146,17.0000,1.2143,0.6168,5.1125,0.5854,0.2927,0.1220,0.9487,0.0000,4.8118,0.9022,0.6571
5,3,569,570,2,2,2,0.6250,569.594,1097.781,797.328,8.6075,15.0000,1.1719,0.7128,4.5110,0.3432,0.2505,0.4063,0.6059,0.3645,4.5110,1.8044,0.6719
5,3,578,580,3,2,2,0.4167,579.100,398.429,876.143,9.4141,19.0000,1.3571,0.4627,5.7137,0.7729,0.0435,0.1836,0.8328,0.5477,4.5109,0.6014,0.7000
3,3,578,580,3,1,1,1.0000,579.021,693.000,1043.000,8.1603,17.0000,1.0851,0.9787,5.1123,0.8889,0.0000,0.1111,1.0000,0.0000,4.5109,0.6014,1.0000
5,4,578,580,3,1,2,0.8333,579.143,877.000,551.357,9.4141,17.0000,1.2143,0.3847,5.1123,0.5854,0.2927,0.1220,0.9487,0.0000,4.5109,1.3533,0.8571
5,3,581,583,3,1,2,0.8333,581.750,890.000,819.368,9.1452,15.0000,1.1029,0.8353,4.5109,0.5854,0.2927,0.1220,0.9487,0.0000,5.1123,1.2029,0.6618
3,3,582,583,2,1,2,0.7500,582.651,895.000,967.674,7.4658,15.0000,1.0465,0.7280,4.5109,0.5333,0.2667,0.2000,0.7071,0.0000,4.5109,1.3533,1.0000
5,3,584,586,3,2,2,0.4167,584.985,375.358,883.836,9.0107,15.0000,1.1194,1.0610,4.5109,0.1521,0.5234,0.3245,1.0000,0.0000,4.6612,1.8043,0.6418
5,3,587,589,3,1,3,0.5556,587.955,1026.000,891.045,8.8762,16.0000,1.2121,0.0643,4.8116,0.0000,0.8276,0.1724,0.0000,0.0000,4.5109,0.6014,0.6667
5,3,593,595,3,2,2,0.4167,594.056,797.444,1007.347,9.6831,18.0000,1.2500,1.1494,5.4130,0.7383,0.0485,0.2132,0.7071,0.0000,4.5109,2.1051,0.8472
3,3,595,596,2,2,1,0.7500,595.674,768.651,946.000,7.4657,15.0000,1.0465,0.7280,4.5108,0.5333,0.2667,0.2000,0.7071,0.0000,3.9094,1.8043,1.0000
9,3,600,602,3,3,2,0.5000,601.055,519.027,960.209,11.0263,16.0000,1.3091,0.2178,4.8115,0.5418,0.1816,0.2766,0.7831,0.3304,3.6086,1.3532,0.4000
3,3,600,601,2,1,2,0.7500,600.326,638.000,1020.674,7.9865,16.0000,1.0435,0.4612,4.8115,0.5333,0.2667,0.2000,0.7071,0.0000,4.8115,1.2029,1.0000
3,3,600,601,2,1,2,0.7500,600.333,1018.000,699.667,7.2920,14.0000,1.0000,0.7454,4.2100,0.5333,0.2667,0.2000,0.7071,0.0000,4.5108,1.5036,1.0000
4,3,601,602,2,1,2,1.0000,601.491,494.000,1214.455,8.2697,16.0000,1.1636,0.6825,4.8114,0.0000,0.7500,0.2500,0.0000,0.0000,3.9093,0.6014,0.8000
4,3,603,605,3,1,2,0.6667,603.966,337.000,868.276,8.7206,16.0000,1.1034,0.2780,4.8114,0.5357,0.3214,0.1429,1.0000,0.0000,4.8114,0.9021,0.7931
3,3,603,604,2,1,2,0.7500,603.674,936.000,992.674,7.4655,15.0000,1.0465,0.4604,4.5107,0.5333,0.2667,0.2000,0.7071,0.0000,3.9093,0.9021,1.0000
3,3,607,608,2,1,2,0.7500,607.644,776.000,1088.311,7.8125,16.0000,1.0667,0.7156,4.8113,0.5333,0.2667,0.2000,0.7071,0.0000,4.8112,1.2028,1.0000
6,3,611,613,3,1,2,1.0000,612.024,510.000,1175.393,10.3115,17.0000,1.2143,1.0966,5.1118,0.5556,0.3333,0.1111,1.0000,0.0000,4.6606,0.9021,0.6071
6,3,614,616,3,2,2,0.5000,615.282,732.397,515.256,9.5746,18.0000,1.3846,0.5507,5.4122,0.4758,0.3366,0.1876,0.8466,0.1665,4.0592,1.8041,0.6026
6,3,616,618,3,2,2,0.5000,616.797,571.324,354.135,9.0834,15.0000,1.2162,0.8713,4.5101,0.5230,0.1584,0.3185,0.9225,0.0898,3.9088,0.7517,0.5946
4,3,617,620,4,1,1,1.0000,618.466,621.000,801.000,8.7193,16.0000,1.1034,0.4655,4.8107,0.9375,0.0000,0.0625,1.0000,0.0000,4.3597,1.5034,0.7759
4,3,620,621,2,2,2,0.5000,620.800,850.455,1085.291,8.2681,16.0000,1.1636,0.8657,4.8105,0.5916,0.1015,0.3069,0.5000,0.5000,3.9085,1.2026,0.8000
3,3,621,622,2,2,1,0.7500,621.682,492.341,720.000,7.6376,15.0000,1.0227,0.4663,4.5098,0.5333,0.2667,0.2000,0.7071,0.0000,4.2091,1.6536,1.0000
7,3,621,624,4,2,2,0.4375,622.637,590.440,810.890,10.3408,17.0000,1.3077,0.6765,5.1110,0.6625,0.1752,0.1623,0.9597,0.1934,4.2090,1.2026,0.5275
3,3,621,622,2,1,2,0.7500,621.365,618.000,1206.288,9.0263,19.0000,1.0962,0.6971,5.7124,0.5333,0.2667,0.2000,0.7071,0.0000,5.7125,1.3529,1.0000
3,3,628,629,2,1,2,0.7500,628.674,629.000,961.326,7.4633,15.0000,1.0465,0.4604,4.5093,0.5333,0.2667,0.2000,0.7071,0.0000,3.9081,0.9019,1.0000
4,3,630,633,4,1,1,1.0000,631.233,445.000,705.000,9.0184,20.0000,1.3333,1.2333,6.0124,0.9375,0.0000,0.0625,1.0000,0.0000,4.8098,1.2024,0.8333
4,3,637,638,2,2,1,1.0000,637.491,693.526,571.000,8.5668,15.0000,1.0526,0.6824,4.5088,0.0000,0.7500,0.2500,1.0000,0.0000,4.0579,1.2023,0.7719
4,4,638,639,2,1,2,1.0000,638.508,647.000,1023.492,8.8672,16.0000,1.0847,0.6951,4.8093,0.0000,0.7500,0.2500,0.0000,0.0000,4.9597,1.5029,1.0000
4,3,640,642,3,1,2,0.6667,641.036,794.000,923.482,8.4161,15.0000,1.0714,0.4835,4.5086,0.7576,0.1294,0.1129,0.8507,0.0000,4.6589,1.5029,0.7857
5,3,647,649,3,1,2,0.8333,648.258,531.000,1171.606,8.8712,15.0000,1.1364,0.4707,4.5083,0.5854,0.2927,0.1220,0.9487,0.0000,4.5083,1.5028,0.6515
5,4,654,655,2,2,2,0.6250,654.588,953.838,753.426,9.1396,15.0000,1.1029,0.7243,4.5081,0.3432,0.2505,0.4063,0.6059,0.3645,3.9070,1.2022,0.8382
5,3,655,657,3,3,1,0.5556,655.892,551.077,995.000,8.7363,15.0000,1.1538,1.2839,4.5081,0.7911,0.1351,0.0737,0.8507,0.0000,4.5081,1.5027,0.6615
4,3,659,660,2,1,2,1.0000,659.509,1040.000,971.474,8.5652,16.0000,1.1228,0.6951,4.8086,0.0000,0.7500,0.2500,0.0000,0.0000,4.0572,0.9016,0.7895
6,3,663,664,2,2,2,0.7500,663.366,667.732,1009.463,10.0606,18.0000,1.3171,0.6485,5.4095,0.2000,0.3333,0.4667,0.7071,0.7071,4.2074,0.9016,0.5854
3,3,666,666,1,1,3,1.0000,666.000,928.000,1027.045,7.6344,16.0000,1.0909,0.9545,4.8084,0.8889,0.0000,0.1111,0.0000,1.0000,3.9069,1.8032,1.0000
7,3,669,671,3,2,2,0.5833,670.011,601.278,948.744,10.2229,15.0000,1.1667,0.3776,4.5079,0.6517,0.0773,0.2710,0.8881,0.0000,4.5079,1.5026,0.4778
8,3,670,673,4,3,2,0.3333,671.806,494.845,813.359,10.9438,16.0000,1.2427,0.9382,4.8083,0.6960,0.1832,0.1208,0.8697,0.2753,3.4560,0.9016,0.5825
3,3,674,676,3,1,1,1.0000,674.956,606.000,1029.000,7.8077,16.0000,1.0667,0.9556,4.8083,0.8889,0.0000,0.1111,1.0000,0.0000,4.8083,1.5026,1.0000
3,3,681,683,3,1,1,1.0000,681.933,636.000,407.000,7.8073,17.0000,1.1333,0.9333,5.1086,0.8889,0.0000,0.1111,1.0000,0.0000,4.5076,1.2020,1.0000
10,3,683,685,3,2,3,0.5556,683.618,565.341,719.089,11.6882,17.0000,1.3821,1.0449,5.1085,0.5230,0.2218,0.2551,0.4867,0.1944,3.1552,1.2020,0.3821
10,4,685,687,3,3,3,0.3704,686.108,533.908,552.800,12.3530,17.0000,1.3077,0.8125,5.1083,0.6514,0.1298,0.2188,0.7104,0.0372,3.4557,0.9015,0.4769
4,3,685,686,2,2,2,0.5000,685.536,563.804,660.250,8.4138,16.0000,1.1429,0.5627,4.8079,0.5916,0.1015,0.3069,0.7071,0.7071,4.6576,1.2020,0.8036
5,3,686,688,3,1,2,0.8333,686.701,637.000,1168.612,9.0036,16.0000,1.1940,0.4896,4.8078,0.5854,0.2927,0.1220,0.9487,0.0000,4.2069,0.6010,0.6866
4,3,688,690,3,2,1,0.6667,688.852,490.820,481.000,9.1646,18.0000,1.1803,0.2330,5.4086,0.7500,0.1500,0.1000,0.9487,0.0000,4.5072,1.0517,0.8197
6,3,689,691,3,2,2,0.5000,690.259,495.400,1119.882,10.4267,18.0000,1.2706,1.3261,5.4086,0.6373,0.1269,0.2358,0.8795,0.0724,4.3568,0.9014,0.6000
6,3,691,693,3,2,2,0.5000,691.936,883.154,963.692,9.5677,17.0000,1.3077,0.3499,5.1078,0.7074,0.0897,0.2030,0.9140,0.2540,4.2065,1.2018,0.5769
5,3,692,693,2,2,3,0.4167,692.630,485.219,1170.000,9.8089,20.0000,1.3699,0.4299,6.0091,0.5461,0.2256,0.2283,0.5716,0.7118,5.2580,1.5023,0.7260
7,3,692,694,3,2,2,0.5833,693.318,847.553,1030.765,9.6527,14.0000,1.1529,0.6797,4.2064,0.4600,0.2645,0.2756,0.8571,0.1000,4.2063,1.2018,0.4941
4,3,693,695,3,1,2,0.6667,694.349,510.000,833.730,9.4641,21.0000,1.3333,0.4413,6.3094,0.7500,0.1500,0.1000,0.9487,0.0000,4.5066,0.3005,0.8413
3,3,693,695,3,1,1,1.0000,694.000,1056.000,900.000,7.6324,16.0000,1.0909,0.0000,4.8072,0.8889,0.0000,0.1111,1.0000,0.0000,4.5068,1.2018,1.0000
6,3,696,698,3,2,2,0.5000,697.185,323.877,1043.642,9.9345,17.0000,1.2593,0.4216,5.1073,0.5230,0.1584,0.3185,0.9225,0.0898,3.7552,0.6008,0.5679
4,3,696,698,3,1,2,0.6667,696.746,824.000,985.169,8.8627,19.0000,1.2881,0.7648,5.7083,0.7500,0.1500,0.1000,0.9487,0.0000,4.8068,1.5021,0.8305
4,3,698,700,3,1,2,0.6667,698.982,795.000,1210.232,8.4115,15.0000,1.0714,1.0092,4.5063,0.5357,0.3214,0.1429,1.0000,0.0000,4.8065,1.9526,0.7679
8,4,699,701,3,3,2,0.4444,700.075,455.396,980.755,11.2580,17.0000,1.2830,0.4721,5.1068,0.2701,0.2819,0.4480,0.3282,0.1515,4.2056,0.9012,0.5943
4,3,700,701,2,2,2,0.5000,700.786,362.250,793.482,8.4110,15.0000,1.0714,0.5838,4.5059,0.5916,0.1015,0.3069,0.5000,0.5000,4.6561,0.9012,0.7857
6,3,701,702,2,2,3,0.5000,701.493,596.147,742.107,9.1974,14.0000,1.1200,1.2205,4.2055,0.3810,0.3333,0.2857,0.3162,0.5071,4.2054,1.2015,0.5600
4,3,703,704,2,2,1,1.0000,703.481,454.444,1081.000,8.1099,16.0000,1.1852,0.6829,4.8058,0.0000,0.7500,0.2500,1.0000,0.0000,4.5056,1.5018,0.8148
7,4,703,705,3,3,2,0.3889,704.234,498.830,899.734,10.6714,15.0000,1.1170,0.9023,4.5054,0.6788,0.0891,0.2320,0.7451,0.6669,3.9047,0.7509,0.6170
4,3,704,706,3,1,2,0.6667,705.321,522.000,1159.268,8.4097,16.0000,1.1429,0.4184,4.8056,0.7500,0.1500,0.1000,0.9487,0.0000,4.0546,0.3004,0.8036
5,3,705,707,3,2,1,0.8333,705.800,461.429,699.000,9.4022,17.0000,1.2143,0.4729,5.1058,0.5854,0.2927,0.1220,0.9487,0.0000,4.8054,1.2014,0.6714
3,3,708,709,2,2,1,0.7500,708.667,667.333,1016.000,7.2821,14.0000,1.0000,0.7454,4.2044,0.5333,0.2667,0.2000,0.7071,0.0000,4.2042,1.2012,1.0000
4,3,709,710,2,1,3,0.6667,709.509,730.000,1162.035,8.5585,16.0000,1.1228,0.5100,4.8049,0.7576,0.1294,0.1129,0.5257,0.0000,4.6545,1.6516,0.7895
5,3,709,711,3,1,2,0.8333,710.157,791.000,925.343,9.4005,19.0000,1.3571,0.3772,5.7055,0.5854,0.2927,0.1220,0.9487,0.0000,4.5042,0.9009,0.6714
10,3,710,711,2,3,3,0.5556,710.484,513.161,571.573,11.7748,15.0000,1.2097,0.6655,4.5044,0.5553,0.1793,0.2655,0.1171,0.6350,4.0539,1.2012,0.3468
7,3,714,717,4,2,2,0.4375,715.489,481.250,666.761,9.9854,16.0000,1.2727,0.5985,4.8035,0.6801,0.1680,0.1519,0.9328,0.2851,3.6026,0.6004,0.5114
4,3,715,717,3,1,2,0.6667,716.000,625.000,666.175,8.5559,17.0000,1.1930,0.1754,5.1035,0.5357,0.3214,0.1429,1.0000,0.0000,5.1035,1.5010,0.8246
5,3,717,719,3,1,3,0.5556,717.903,579.000,930.764,9.6656,18.0000,1.2500,0.9331,5.4035,0.5532,0.3398,0.1070,0.5606,0.0000,5.1030,1.5009,0.7083
3,3,717,718,2,2,1,0.7500,717.630,886.696,948.000,7.9723,17.0000,1.1087,0.7001,5.1033,0.5333,0.2667,0.2000,0.7071,0.0000,4.8028,1.8011,1.0000
6,3,720,722,3,3,2,0.3333,721.216,559.257,990.865,9.0669,15.0000,1.2162,1.4317,4.5022,0.7397,0.1062,0.1541,0.7434,0.5417,4.0517,1.2005,0.5811
4,3,721,723,3,1,2,0.6667,721.967,445.000,502.483,9.0034,16.0000,1.0667,0.4845,4.8018,0.7576,0.1294,0.1129,0.8507,0.0000,4.9521,1.5006,0.7833
4,3,724,726,3,2,1,0.6667,724.855,1000.194,933.000,9.3021,19.0000,1.2258,0.2419,5.7012,0.7500,0.1500,0.1000,0.9487,0.0000,4.9510,1.9506,0.8065
3,3,726,727,2,1,2,0.7500,726.333,764.000,992.333,7.7954,15.0000,1.0000,0.4714,4.5007,0.5333,0.2667,0.2000,0.7071,0.0000,4.2007,0.9000,1.0000
4,3,734,735,2,2,1,1.0000,734.431,975.446,717.000,9.7470,20.0000,1.2308,0.6202,5.9983,0.0000,0.7500,0.2500,1.0000,0.0000,5.5483,2.3992,0.8154
3,3,742,744,3,1,1,1.0000,743.021,991.000,931.000,8.3075,17.0000,1.0625,0.0208,5.0961,0.8889,0.0000,0.1111,1.0000,0.0000,4.4963,1.1991,1.0000
4,3,743,745,3,1,2,0.6667,744.200,308.000,1063.817,8.9926,18.0000,1.2000,0.2713,5.3956,0.7500,0.1500,0.1000,0.9487,0.0000,4.9460,0.8992,0.8167
3,3,744,746,3,1,1,1.0000,745.000,885.000,980.000,7.9605,16.0000,1.0435,0.0000,4.7958,0.8889,0.0000,0.1111,1.0000,0.0000,4.7961,1.3488,1.0000
4,3,748,749,2,1,2,1.0000,748.533,570.000,1045.533,8.9907,17.0000,1.1333,0.6600,5.0946,0.0000,0.7500,0.2500,0.0000,0.0000,4.9448,1.1987,0.7833
3,3,759,761,3,1,1,1.0000,759.941,390.000,874.000,8.8199,18.0000,1.0588,0.9412,5.3919,0.8889,0.0000,0.1111,1.0000,0.0000,5.0922,0.8986,1.0000
3,3,760,761,2,1,2,0.7500,760.340,992.000,936.319,8.1280,16.0000,1.0213,0.4666,4.7926,0.5333,0.2667,0.2000,0.7071,0.0000,5.3915,1.3479,1.0000
50,29,761,765,5,6,6,0.2778,763.309,551.212,762.998,38.4168,36.0000,1.9846,0.7230,10.7818,0.0977,0.4212,0.4811,0.5860,0.5820,4.3427,1.1981,0.7189
3,3,763,764,2,1,2,0.7500,763.660,678.000,1202.319,8.1270,16.0000,1.0213,0.7327,4.7921,0.5333,0.2667,0.2000,0.7071,0.0000,4.4924,1.4975,1.0000
3,3,766,767,2,2,1,0.7500,766.667,989.667,624.000,7.7804,15.0000,1.0000,0.7454,4.4921,0.5333,0.2667,0.2000,0.7071,0.0000,4.1925,0.8984,1.0000
4,3,774,775,2,2,1,1.0000,774.492,454.540,992.000,9.4309,19.0000,1.2063,0.6738,5.6886,0.0000,0.7500,0.2500,1.0000,0.0000,4.9400,1.4970,0.7937
3,3,774,775,2,2,1,0.7500,774.674,917.674,601.000,7.9513,16.0000,1.0435,0.4612,4.7902,0.5333,0.2667,0.2000,0.7071,0.0000,3.8922,1.3474,1.0000
3,3,780,782,3,1,1,1.0000,781.000,566.000,1010.000,8.1229,17.0000,1.0851,0.0000,5.0889,0.8889,0.0000,0.1111,1.0000,0.0000,5.0890,1.1974,1.0000
18,5,793,795,3,4,5,0.3000,794.004,1292.179,591.589,18.5523,25.0000,1.7110,0.4479,7.4820,0.6893,0.0611,0.2496,0.1785,0.7537,4.1899,1.7957,0.3802
4,3,795,796,2,1,2,1.0000,795.517,348.000,959.500,8.9783,16.0000,1.0667,0.6954,4.7884,0.0000,0.7500,0.2500,0.0000,0.0000,5.0877,2.5439,0.7667
5,4,796,798,3,1,2,0.8333,796.782,1011.000,817.603,10.4394,17.0000,1.0897,0.4533,5.0876,0.5854,0.2927,0.1220,0.9487,0.0000,5.0876,1.6460,0.8205
5,3,814,816,3,1,2,0.8333,814.797,679.000,973.623,9.2346,16.0000,1.1594,0.4280,4.7882,0.5854,0.2927,0.1220,0.9487,0.0000,5.0875,0.8978,0.6667
4,3,818,820,3,1,2,0.6667,819.190,413.000,920.825,9.4270,19.0000,1.2063,0.2584,5.6861,0.7500,0.1500,0.1000,0.9487,0.0000,5.2372,1.1971,0.8254
3,3,825,826,2,2,1,0.7500,825.688,346.646,825.000,8.2941,17.0000,1.0625,0.7175,5.0879,0.5333,0.2667,0.2000,0.7071,0.0000,5.0879,0.7482,1.0000
5,4,830,831,2,2,2,0.6250,830.388,329.562,538.862,10.7081,19.0000,1.1875,0.6968,5.6867,0.3432,0.2505,0.4063,0.6059,0.3645,4.4896,1.1972,0.8625
3,3,831,833,3,1,1,1.0000,832.021,248.000,977.000,8.2946,17.0000,1.0625,0.0208,5.0882,0.8889,0.0000,0.1111,1.0000,0.0000,4.4897,0.4489,1.0000
4,3,833,834,2,1,2,1.0000,833.483,433.000,812.448,8.6800,17.0000,1.1724,0.6845,5.0883,0.0000,0.7500,0.2500,0.0000,0.0000,4.7890,1.3469,0.8103
6,3,835,837,3,2,2,0.5000,835.625,462.863,661.325,9.7757,17.0000,1.2750,0.5149,5.0884,0.5034,0.2551,0.2415,0.9677,0.2521,3.5918,0.8979,0.5875
3,3,841,842,2,2,1,0.7500,841.654,420.692,987.000,8.9868,18.0000,1.0385,0.7226,5.3881,0.5333,0.2667,0.2000,0.7071,0.0000,5.6874,1.1974,1.0000
8,6,864,867,4,2,2,0.5000,865.625,868.227,1106.391,13.5494,18.0000,1.1250,0.9018,5.3892,0.7435,0.1182,0.1384,0.9342,0.2294,4.4910,1.0479,0.7812
25,17,873,876,4,4,5,0.3125,874.882,971.257,1191.460,30.9590,41.0000,1.9826,0.5404,12.2758,0.0295,0.4705,0.4999,0.6279,0.5957,5.9882,1.4971,0.8221
4,3,878,879,2,2,2,0.5000,878.541,301.180,913.279,9.1320,17.0000,1.1148,0.6347,5.0900,0.5916,0.1015,0.3069,0.7071,0.7071,4.9403,1.1976,0.8197
3,3,904,905,2,2,1,0.7500,904.320,411.300,794.000,8.6408,19.0000,1.1400,0.4386,5.6872,0.5333,0.2667,0.2000,0.7071,0.0000,5.0885,2.2449,1.0000
3,3,931,932,2,2,1,0.7500,931.319,412.638,799.000,8.1159,17.0000,1.0851,0.7136,5.0846,0.5333,0.2667,0.2000,0.7071,0.0000,5.0846,2.0936,1.0000
4,3,938,939,2,1,3,0.6667,938.536,1056.000,859.071,8.3727,15.0000,1.0714,0.5405,4.4855,0.7576,0.1294,0.1129,0.5257,0.0000,4.7844,1.1961,0.8036
3,3,945,946,2,1,2,0.7500,945.674,459.000,1005.674,7.9401,16.0000,1.0435,0.4612,4.7835,0.5333,0.2667,0.2000,0.7071,0.0000,4.1857,1.4949,1.0000
3,3,948,949,2,1,2,0.7500,948.354,450.000,1059.333,8.2849,17.0000,1.0625,0.7268,5.0821,0.5333,0.2667,0.2000,0.7071,0.0000,4.4843,1.1958,1.0000
4,3,949,950,2,2,1,1.0000,949.483,158.483,823.000,8.9684,16.0000,1.0667,0.7075,4.7832,0.0000,0.7500,0.2500,1.0000,0.0000,4.3347,1.4947,0.7833
7,4,954,955,2,3,3,0.3889,954.459,537.316,390.051,11.0721,17.0000,1.2143,0.5599,5.0817,0.7514,0.0882,0.1604,0.2678,0.2450,4.7827,2.2419,0.6327
4,3,958,959,2,1,3,0.6667,958.557,449.000,788.934,9.1165,19.0000,1.2459,0.4475,5.6791,0.7576,0.1294,0.1129,0.5257,0.0000,4.9319,0.8967,0.8197
3,3,971,973,3,1,1,1.0000,972.020,194.000,948.000,8.7995,18.0000,1.0588,0.0196,5.3793,0.8889,0.0000,0.1111,1.0000,0.0000,5.3792,1.1954,1.0000
4,3,974,976,3,1,2,0.6667,974.776,845.000,923.207,8.6662,16.0000,1.1034,0.8030,4.7814,0.7500,0.1500,0.1000,0.9487,0.0000,4.7813,2.0919,0.7931
3,3,978,979,2,2,1,0.7500,978.333,346.667,440.000,7.7635,15.0000,1.0000,0.7454,4.4823,0.5333,0.2667,0.2000,0.7071,0.0000,4.1835,0.7471,1.0000
3,3,981,982,2,1,2,0.7500,981.326,971.000,772.652,7.9355,16.0000,1.0435,0.7292,4.7808,0.5333,0.2667,0.2000,0.7071,0.0000,4.7808,1.1952,1.0000
4,3,985,987,3,1,2,0.6667,986.207,483.000,1066.793,8.6641,16.0000,1.1034,0.2926,4.7802,0.7500,0.1500,0.1000,0.9487,0.0000,4.1827,0.8963,0.7931
4,3,1000,1001,2,2,1,1.0000,1000.517,863.500,717.000,8.9573,16.0000,1.0667,0.6954,4.7771,0.0000,0.7500,0.2500,1.0000,0.0000,5.0757,1.6423,0.7667
6,3,1002,1004,3,2,2,0.5000,1002.756,552.302,822.349,10.4814,16.0000,1.1163,0.8856,4.7768,0.6605,0.1810,0.1584,0.9290,0.3479,4.6274,1.3434,0.5465
4,3,1002,1005,4,1,1,1.0000,1003.406,686.000,436.000,9.5528,19.0000,1.1875,0.4062,5.6721,0.9375,0.0000,0.0625,1.0000,0.0000,5.3735,1.4926,0.8281
3,3,1008,1010,3,1,1,1.0000,1009.021,366.000,629.000,8.2697,17.0000,1.0625,0.0208,5.0729,0.8889,0.0000,0.1111,1.0000,0.0000,5.0726,1.6412,1.0000
5,4,1010,1012,3,2,1,0.8333,1011.267,242.587,682.000,10.0072,18.0000,1.2000,0.4919,5.3705,0.5854,0.2927,0.1220,0.9487,0.0000,5.0721,1.4917,0.8533
5,3,1011,1012,2,3,1,0.8333,1011.519,658.247,892.000,10.2739,20.0000,1.2987,0.5751,5.9673,0.5854,0.2927,0.1220,0.3162,0.0000,5.0718,1.4917,0.6883
3,3,1039,1041,3,1,1,1.0000,1040.000,538.000,523.000,8.4209,19.0000,1.1633,0.0000,5.6556,0.8889,0.0000,0.1111,1.0000,0.0000,4.7629,1.3396,1.0000
31,22,1050,1053,4,4,5,0.3875,1051.344,885.950,929.737,30.7228,39.0000,2.1026,0.4360,11.6023,0.4153,0.2746,0.3101,0.2392,0.0762,4.7597,0.8924,0.8070
4,3,1058,1060,3,1,2,0.6667,1058.800,668.000,540.800,8.9231,18.0000,1.2000,0.2828,5.3539,0.7500,0.1500,0.1000,0.9487,0.0000,4.1641,0.5949,0.8000
4,3,1085,1086,2,2,2,0.5000,1085.254,474.203,954.525,8.7765,16.0000,1.0847,0.6181,4.7601,0.5916,0.1015,0.3069,0.5000,0.5000,4.6114,1.4875,0.7966
4,3,1087,1089,3,2,1,0.6667,1087.806,522.806,983.000,9.2232,18.0000,1.1613,0.2737,5.3554,0.7500,0.1500,0.1000,0.9487,0.0000,5.0579,1.0413,0.8065
5,3,1089,1090,2,3,1,0.8333,1089.536,615.304,444.000,9.1812,17.0000,1.2319,0.8783,5.0580,0.5854,0.2927,0.1220,0.3162,0.0000,4.7605,1.9340,0.6812
4,3,1095,1098,4,1,1,1.0000,1096.562,320.000,852.000,9.5221,18.0000,1.1250,0.5625,5.3562,0.9375,0.0000,0.0625,1.0000,0.0000,5.2075,1.4878,0.7969
3,3,1096,1098,3,1,1,1.0000,1097.000,598.000,408.000,8.4183,19.0000,1.1633,0.0000,5.6538,0.8889,0.0000,0.1111,1.0000,0.0000,4.7611,1.3391,1.0000
5,3,1115,1116,2,2,3,0.4167,1115.211,354.577,659.535,9.4493,15.0000,1.0563,0.8152,4.4639,0.6999,0.1281,0.1720,0.2462,0.7115,4.7615,1.4880,0.6338
6,3,1117,1119,3,2,2,0.5000,1117.841,643.682,483.125,10.6913,19.0000,1.2955,0.3771,5.6543,0.5230,0.1584,0.3185,0.9225,0.0898,4.6127,1.1904,0.5568
3,3,1121,1123,3,1,1,1.0000,1122.039,484.000,776.000,8.7624,18.0000,1.0588,0.9608,5.3565,0.8889,0.0000,0.1111,1.0000,0.0000,4.4638,1.0416,1.0000
4,3,1137,1138,2,1,2,1.0000,1137.525,538.000,1195.525,8.7782,16.0000,1.0847,0.6712,4.7610,0.0000,0.7500,0.2500,0.0000,0.0000,4.1659,1.1903,0.7797
4,3,1137,1138,2,1,2,1.0000,1137.483,673.000,723.483,8.6294,15.0000,1.0345,0.6827,4.4635,0.0000,0.7500,0.2500,0.0000,0.0000,4.1659,1.1903,0.7759
4,3,1150,1151,2,2,1,1.0000,1150.550,270.517,717.000,8.9273,17.0000,1.1333,0.6852,5.0588,0.0000,0.7500,0.2500,1.0000,0.0000,4.3149,1.0415,0.8000
5,3,1150,1151,2,2,2,0.6250,1150.556,921.361,888.819,9.5818,17.0000,1.1806,0.6868,5.0588,0.3432,0.2505,0.4063,0.6059,0.3645,4.1661,1.1903,0.6667
3,3,1151,1153,3,1,1,1.0000,1152.021,631.000,1016.000,8.2468,17.0000,1.0625,0.0208,5.0589,0.8889,0.0000,0.1111,1.0000,0.0000,5.0589,0.8927,1.0000
5,3,1159,1161,3,1,2,0.8333,1160.232,441.000,994.609,9.1837,16.0000,1.1594,0.4549,4.7618,0.5854,0.2927,0.1220,0.9487,0.0000,4.7618,0.8928,0.6667
5,3,1162,1163,2,3,1,0.8333,1162.384,776.671,642.000,9.7165,19.0000,1.3014,0.7731,5.6549,0.5854,0.2927,0.1220,0.3162,0.0000,3.8691,0.5953,0.6849
6,3,1166,1167,2,2,3,0.5000,1166.610,445.134,637.805,9.9644,17.0000,1.2439,0.4565,5.0602,0.5230,0.1584,0.3185,0.3667,0.5079,4.3160,1.3394,0.5976
5,3,1167,1169,3,1,2,0.8333,1168.214,410.000,998.443,9.3184,16.0000,1.1429,0.5969,4.7626,0.5854,0.2927,0.1220,0.9487,0.0000,5.0602,1.7860,0.6571
4,3,1171,1174,4,1,1,1.0000,1172.339,776.000,642.000,8.7820,17.0000,1.1525,1.3390,5.0606,0.9375,0.0000,0.0625,1.0000,0.0000,4.3166,0.5954,0.8136
4,3,1175,1176,2,2,2,0.5000,1175.737,592.526,598.211,8.4851,15.0000,1.0526,0.9009,4.4659,0.5916,0.1015,0.3069,0.5000,0.5000,4.7635,1.4886,0.7895
5,3,1181,1183,3,2,1,0.8333,1181.740,472.548,921.000,9.7212,18.0000,1.2329,0.9206,5.3598,0.5854,0.2927,0.1220,0.9487,0.0000,4.7644,1.0421,0.6575
5,3,1181,1183,3,2,1,0.8333,1182.263,990.632,907.000,10.1209,19.0000,1.2500,0.4528,5.6577,0.5854,0.2927,0.1220,0.9487,0.0000,4.7645,1.0422,0.6711
3,3,1185,1187,3,1,1,1.0000,1185.978,998.000,574.000,7.9092,16.0000,1.0435,0.9783,4.7648,0.8889,0.0000,0.1111,1.0000,0.0000,3.8717,1.1912,1.0000
4,3,1187,1188,2,2,1,1.0000,1187.477,294.508,762.000,9.6792,19.0000,1.1692,0.6854,5.6585,0.0000,0.7500,0.2500,1.0000,0.0000,5.0630,1.4891,0.7846
4,3,1195,1197,3,1,2,0.6667,1196.219,448.000,748.797,9.5327,18.0000,1.1250,0.2985,5.3621,0.7500,0.1500,0.1000,0.9487,0.0000,5.2131,1.1916,0.7969
3,3,1224,1225,2,2,1,0.7500,1224.704,212.611,518.000,9.2939,21.0000,1.1667,0.6792,6.2602,0.5333,0.2667,0.2000,0.7071,0.0000,4.7697,1.1924,1.0000
16,6,1234,1238,5,3,5,0.2133,1236.051,756.667,626.197,17.4422,25.0000,1.7094,1.3645,7.4538,0.8647,0.0378,0.0975,0.7227,0.4360,3.4287,1.3417,0.4872
14,7,1242,1246,5,3,3,0.3111,1244.107,761.974,630.052,18.5685,25.0000,1.5021,0.1218,7.4546,0.7118,0.1750,0.1131,0.8148,0.1994,4.4727,1.3418,0.7210
9,8,1242,1245,4,2,2,0.5625,1243.050,789.535,655.321,15.8036,23.0000,1.3019,0.6255,6.8582,0.6127,0.2442,0.1431,0.9694,0.1066,4.7709,0.8946,0.9245
5,3,1248,1250,3,2,1,0.8333,1248.753,531.466,804.000,9.7351,18.0000,1.2329,0.9236,5.3675,0.5854,0.2927,0.1220,0.9487,0.0000,5.0693,1.3419,0.6712
5,3,1254,1256,3,2,2,0.4167,1254.857,292.143,564.844,10.2688,23.0000,1.4935,0.2552,6.8587,0.6489,0.0995,0.2515,0.9362,0.2726,4.7712,2.0874,0.7013
5,3,1255,1257,3,1,3,0.5556,1256.346,342.000,679.000,10.4021,21.0000,1.3462,0.6538,6.2623,0.3318,0.5530,0.1152,1.0000,0.0000,5.0695,0.2982,0.7179
4,3,1255,1258,4,1,1,1.0000,1256.633,1019.000,732.000,8.9461,19.0000,1.2667,0.3667,5.6659,0.9375,0.0000,0.0625,1.0000,0.0000,4.7713,1.1928,0.8167
6,3,1256,1258,3,2,1,1.0000,1257.071,596.494,866.000,10.3480,19.0000,1.3412,0.5108,5.6659,0.5556,0.3333,0.1111,1.0000,0.0000,4.4731,1.4910,0.6000
6,3,1258,1261,4,2,2,0.3750,1259.316,307.861,503.519,9.6176,15.0000,1.1392,0.6236,4.4731,0.7696,0.0995,0.1309,0.9136,0.2553,4.3240,0.8946,0.5696
3,3,1272,1274,3,1,1,1.0000,1273.039,776.000,641.000,8.7798,19.0000,1.1176,0.0392,5.6654,0.8889,0.0000,0.1111,1.0000,0.0000,4.4726,0.8946,1.0000
4,3,1288,1290,3,1,2,0.6667,1288.803,780.000,304.770,9.0916,17.0000,1.1148,1.2185,5.0673,0.7500,0.1500,0.1000,0.9487,0.0000,4.4713,0.8943,0.7705
5,3,1295,1297,3,2,1,0.8333,1296.162,422.297,741.000,9.8624,19.0000,1.2838,0.3386,5.6623,0.5854,0.2927,0.1220,0.9487,0.0000,5.0664,1.3410,0.7027
4,3,1298,1299,2,3,1,0.6667,1298.458,589.932,560.000,8.7907,16.0000,1.0847,1.0385,4.7679,0.7576,0.1294,0.1129,0.5257,0.0000,4.3208,1.0430,0.7966
5,4,1308,1310,3,1,2,0.8333,1308.743,837.000,413.595,9.8570,16.0000,1.0811,0.8466,4.7658,0.5854,0.2927,0.1220,0.9487,0.0000,3.8722,0.5956,0.8378
5,4,1316,1317,2,2,2,0.6250,1316.408,430.579,602.842,10.1191,17.0000,1.1184,0.6071,5.0614,0.3432,0.2505,0.4063,0.6059,0.3645,4.4657,1.1908,0.8421
4,3,1318,1320,3,2,1,0.6667,1318.918,351.246,712.000,9.0793,17.0000,1.1148,0.9504,5.0609,0.5357,0.3214,0.1429,1.0000,0.0000,5.0605,0.8930,0.8033
4,3,1322,1324,3,2,1,0.6667,1323.200,445.185,729.000,9.6722,20.0000,1.2308,0.2722,5.9522,0.7500,0.1500,0.1000,0.9487,0.0000,5.8032,1.6369,0.8154
4,3,1324,1327,4,1,1,1.0000,1325.342,777.000,642.000,10.8613,24.0000,1.3151,0.3425,7.1418,0.9375,0.0000,0.0625,1.0000,0.0000,5.2076,0.5952,0.8356
4,3,1325,1328,4,1,1,1.0000,1326.708,776.000,641.000,9.6702,19.0000,1.1692,0.2923,5.6532,0.9375,0.0000,0.0625,1.0000,0.0000,4.9093,0.5953,0.8308
4,3,1327,1329,3,1,2,0.6667,1328.230,662.000,891.230,9.0743,17.0000,1.1148,0.3246,5.0579,0.7500,0.1500,0.1000,0.9487,0.0000,4.1653,1.0412,0.7705
6,3,1333,1335,3,1,3,0.6667,1333.949,624.000,856.192,9.4708,15.0000,1.1538,0.9680,4.4615,0.6944,0.2222,0.0833,0.8000,0.0000,3.5691,1.4870,0.5769
4,3,1338,1340,3,1,2,0.6667,1338.767,664.000,490.217,8.9202,16.0000,1.0667,0.7967,4.7576,0.7500,0.1500,0.1000,0.9487,0.0000,4.0140,1.1893,0.7833
3,3,1339,1340,2,2,1,0.7500,1339.638,617.681,481.000,8.0680,17.0000,1.0851,0.7136,5.0547,0.5333,0.2667,0.2000,0.7071,0.0000,4.1625,1.4866,1.0000
6,4,1348,1350,3,2,1,1.0000,1349.042,387.474,445.000,11.5261,19.0000,1.2000,0.4756,5.6466,0.5556,0.3333,0.1111,1.0000,0.0000,4.9037,0.8916,0.7158
5,3,1358,1360,3,3,1,0.5556,1359.192,518.781,855.000,9.6985,18.0000,1.2329,0.2912,5.3474,0.8123,0.1108,0.0769,0.7071,0.0000,5.0501,2.0795,0.6575
9,3,1366,1368,3,2,2,0.7500,1367.145,661.291,1025.427,11.5834,18.0000,1.3846,0.5368,5.3462,0.4875,0.0908,0.4217,0.9594,0.1156,3.8611,1.4851,0.4188
6,4,1369,1371,3,2,3,0.3333,1369.964,438.145,446.048,10.0635,15.0000,1.0843,0.9758,4.4550,0.5704,0.2383,0.1913,0.9082,0.3228,4.1579,1.7819,0.7229
4,3,1370,1371,2,3,1,0.6667,1370.211,186.789,644.000,8.4642,15.0000,1.0526,0.8171,4.4549,0.7500,0.1500,0.1000,0.3162,0.0000,4.7519,1.1880,0.7895
4,3,1376,1377,2,1,2,1.0000,1376.441,603.000,360.475,8.7603,17.0000,1.1525,0.6858,5.0483,0.0000,0.7500,0.2500,0.0000,0.0000,4.8998,1.3363,0.8136
4,3,1377,1379,3,2,1,0.6667,1378.071,164.536,752.000,8.3146,15.0000,1.0714,0.5405,4.4543,0.7576,0.1294,0.1129,0.8507,0.0000,4.7512,1.1878,0.8036
3,3,1378,1380,3,1,1,1.0000,1378.979,862.000,736.000,8.0578,16.0000,1.0213,0.9787,4.7512,0.8889,0.0000,0.1111,1.0000,0.0000,5.0481,1.4847,1.0000
4,3,1381,1382,2,2,1,1.0000,1381.475,495.458,822.000,8.7597,16.0000,1.0847,0.6593,4.7511,0.0000,0.7500,0.2500,1.0000,0.0000,4.8995,1.0393,0.7966
3,3,1383,1384,2,2,1,0.7500,1383.660,528.681,877.000,8.0574,16.0000,1.0213,0.7327,4.7510,0.5333,0.2667,0.2000,0.7071,0.0000,4.4540,0.8908,1.0000
4,3,1389,1390,2,2,2,0.5000,1389.820,297.246,941.754,9.0561,20.0000,1.3115,0.3917,5.9384,0.0000,0.5625,0.4375,0.4459,0.5774,4.1569,0.8908,0.8197
4,3,1389,1390,2,2,2,0.5000,1389.263,459.789,515.474,8.4623,15.0000,1.0526,0.5813,4.4538,0.5916,0.1015,0.3069,0.5000,0.5000,4.7508,0.7423,0.7895
5,3,1389,1391,3,2,1,0.8333,1390.225,596.634,576.000,9.4279,17.0000,1.1972,0.8568,5.0477,0.5854,0.2927,0.1220,0.9487,0.0000,4.1569,0.4454,0.6761
5,3,1390,1392,3,2,1,0.8333,1390.812,532.565,408.000,9.1623,15.0000,1.0870,0.9890,4.4538,0.5854,0.2927,0.1220,0.9487,0.0000,5.0476,2.6723,0.6522
3,3,1390,1392,3,1,1,1.0000,1391.000,733.000,976.000,7.8857,16.0000,1.0435,0.0000,4.7507,0.8889,0.0000,0.1111,1.0000,0.0000,4.7507,0.2969,1.0000
5,3,1392,1394,3,2,1,0.8333,1393.188,601.435,844.000,9.1623,15.0000,1.0870,0.4738,4.4538,0.5854,0.2927,0.1220,0.9487,0.0000,4.7507,0.7423,0.6522
6,3,1393,1394,2,3,2,0.5000,1393.417,490.190,861.143,10.1822,19.0000,1.3571,0.6301,5.6415,0.5230,0.1584,0.3185,0.3667,0.5079,4.3053,1.7815,0.5952
4,3,1400,1401,2,2,1,1.0000,1400.475,439.542,498.000,8.7591,16.0000,1.0847,0.6593,4.7507,0.0000,0.7500,0.2500,1.0000,0.0000,4.8992,0.5938,0.7966
4,3,1408,1409,2,1,2,1.0000,1408.450,1008.000,311.467,8.9080,17.0000,1.1333,0.6483,5.0478,0.0000,0.7500,0.2500,0.0000,0.0000,4.3055,0.8908,0.8000
4,3,1411,1413,3,2,1,0.6667,1412.000,221.787,728.000,9.0567,18.0000,1.1803,0.2131,5.3449,0.5357,0.3214,0.1429,1.0000,0.0000,5.0480,1.7816,0.7869
8,4,1417,1419,3,3,1,0.8889,1417.892,484.042,468.000,12.5987,18.0000,1.2000,1.1091,5.3453,0.3375,0.5625,0.1000,0.7071,0.0000,4.7513,1.1878,0.5667
3,3,1418,1419,2,1,2,0.7500,1418.319,417.000,540.660,8.0581,16.0000,1.0213,0.7327,4.7513,0.5333,0.2667,0.2000,0.7071,0.0000,4.4543,0.8909,1.0000
5,3,1423,1425,3,1,2,0.8333,1423.886,698.000,602.386,9.2967,16.0000,1.1429,0.4023,4.7515,0.5854,0.2927,0.1220,0.9487,0.0000,4.1576,1.1879,0.6714
4,3,1425,1426,2,2,1,1.0000,1425.475,850.475,1015.000,8.7608,16.0000,1.0847,0.7080,4.7516,0.0000,0.7500,0.2500,1.0000,0.0000,4.3061,1.1879,0.7966
4,3,1433,1434,2,2,1,1.0000,1433.508,253.538,707.000,9.6522,19.0000,1.1692,0.6748,5.6428,0.0000,0.7500,0.2500,1.0000,0.0000,5.0488,1.1880,0.7846
5,3,1442,1443,2,3,2,0.4167,1442.627,467.080,787.147,9.9615,19.0000,1.2667,0.4090,5.6429,0.5461,0.2256,0.2283,0.5716,0.7118,5.3459,2.0789,0.7067
4,3,1443,1444,2,3,1,0.6667,1443.484,316.081,791.000,9.2068,19.0000,1.2258,0.5224,5.6428,0.7576,0.1294,0.1129,0.5257,0.0000,4.4549,1.0395,0.8226
5,4,1447,1449,3,2,1,0.8333,1448.148,753.370,830.000,10.7580,19.0000,1.1728,0.3989,5.6427,0.5854,0.2927,0.1220,0.9487,0.0000,5.0487,1.1879,0.8272
4,3,1452,1453,2,1,2,1.0000,1452.448,656.000,303.552,8.6121,17.0000,1.1724,0.6340,5.0485,0.0000,0.7500,0.2500,0.0000,0.0000,4.9000,1.3364,0.8103
3,3,1456,1457,2,2,1,0.7500,1456.667,373.353,705.000,8.7437,18.0000,1.0588,0.7279,5.3451,0.5333,0.2667,0.2000,0.7071,0.0000,5.3452,1.1879,1.0000
5,4,1461,1462,2,2,2,0.6250,1461.564,714.167,505.564,10.3575,19.0000,1.2179,0.8150,5.6416,0.3432,0.2505,0.4063,0.6059,0.3645,4.7508,1.1877,0.8333
3,3,1467,1469,3,1,1,1.0000,1468.000,318.000,583.000,7.8846,16.0000,1.0435,0.0000,4.7501,0.8889,0.0000,0.1111,1.0000,0.0000,5.0471,2.3750,1.0000
6,3,1470,1472,3,2,3,0.3333,1471.341,626.727,289.034,10.6649,21.0000,1.4318,0.4379,6.2341,0.6117,0.2011,0.1872,0.7734,0.2698,4.3044,0.8906,0.6023
7,3,1471,1473,3,2,3,0.3889,1471.635,455.594,651.990,10.7713,17.0000,1.2396,0.5460,5.0465,0.2873,0.4228,0.2899,0.9129,0.1849,4.4527,1.1874,0.5000
3,3,1475,1476,2,2,1,0.7500,1475.362,426.319,848.000,8.0546,17.0000,1.0851,0.7136,5.0461,0.5333,0.2667,0.2000,0.7071,0.0000,4.1557,0.8905,1.0000
3,3,1481,1482,2,2,1,0.7500,1481.674,351.326,494.000,7.8822,16.0000,1.0435,0.4612,4.7486,0.5333,0.2667,0.2000,0.7071,0.0000,5.0455,1.7807,1.0000
6,3,1491,1493,3,2,2,0.5000,1492.383,570.519,228.840,9.8131,15.0000,1.1111,0.6357,4.4513,0.6373,0.1269,0.2358,0.8795,0.0724,4.7480,1.4838,0.5556
4,3,1509,1510,2,2,1,1.0000,1509.483,760.533,504.000,8.9039,16.0000,1.0667,0.6719,4.7488,0.0000,0.7500,0.2500,1.0000,0.0000,4.8971,1.1872,0.7833
3,3,1510,1511,2,1,2,0.7500,1510.674,723.000,310.348,7.8826,16.0000,1.0435,0.7292,4.7489,0.5333,0.2667,0.2000,0.7071,0.0000,4.7489,1.6324,1.0000
3,3,1511,1512,2,2,1,0.7500,1511.681,463.319,508.000,8.0541,17.0000,1.0851,0.4513,5.0458,0.5333,0.2667,0.2000,0.7071,0.0000,5.0458,1.4841,1.0000
6,3,1513,1515,3,3,1,0.6667,1513.820,412.989,581.000,10.7850,18.0000,1.2135,0.1801,5.3429,0.6944,0.2222,0.0833,0.6000,0.0000,4.6008,0.8905,0.5506
23,11,1520,1524,5,4,5,0.2300,1522.533,1018.295,475.616,20.8014,22.0000,1.5060,0.6727,6.5320,0.4879,0.3476,0.1645,0.4242,0.0794,3.8598,1.1877,0.5714
3,3,1530,1531,2,2,1,0.7500,1530.674,547.652,333.000,7.8872,16.0000,1.0435,0.7292,4.7517,0.5333,0.2667,0.2000,0.7071,0.0000,4.1577,1.4849,1.0000
5,3,1534,1536,3,1,2,0.8333,1534.732,828.000,439.394,9.4307,17.0000,1.1972,0.4766,5.0492,0.5854,0.2927,0.1220,0.9487,0.0000,4.7521,1.4851,0.6620
4,3,1545,1547,3,2,1,0.6667,1545.707,869.259,482.000,8.6147,15.0000,1.0345,0.7527,4.4559,0.7500,0.1500,0.1000,0.9487,0.0000,4.7529,1.0397,0.7759
3,3,1547,1548,2,2,1,0.7500,1547.312,588.688,853.000,8.2323,18.0000,1.1250,0.4419,5.3471,0.5333,0.2667,0.2000,0.7071,0.0000,4.7529,1.4853,1.0000
3,3,1550,1552,3,1,1,1.0000,1550.958,767.000,475.000,8.2322,17.0000,1.0625,0.9583,5.0500,0.8889,0.0000,0.1111,1.0000,0.0000,5.3470,1.4853,1.0000
3,3,1550,1552,3,1,1,1.0000,1551.000,942.000,478.000,8.0607,16.0000,1.0213,1.0000,4.7529,0.8889,0.0000,0.1111,1.0000,0.0000,5.0499,1.6338,1.0000
7,3,1554,1556,3,2,2,0.5833,1554.837,612.609,473.598,10.3290,15.0000,1.1413,1.0077,4.4557,0.5352,0.1763,0.2885,0.8018,0.5745,4.4556,1.4852,0.4891
4,3,1574,1575,2,1,2,1.0000,1574.517,677.000,480.552,8.6089,17.0000,1.1724,0.6845,5.0467,0.0000,0.7500,0.2500,0.0000,0.0000,4.7496,1.1875,0.8103
4,3,1578,1580,3,1,2,0.6667,1578.645,770.000,285.758,9.2009,18.0000,1.1613,0.6890,5.3426,0.7500,0.1500,0.1000,0.9487,0.0000,5.1941,1.1872,0.8226
4,3,1582,1583,2,2,1,1.0000,1582.492,610.459,478.000,9.0509,17.0000,1.1148,0.6848,5.0446,0.0000,0.7500,0.2500,1.0000,0.0000,4.8965,1.1870,0.7869
3,3,1584,1585,2,1,2,0.7500,1584.674,959.000,340.326,7.8804,16.0000,1.0435,0.4612,4.7475,0.5333,0.2667,0.2000,0.7071,0.0000,4.1542,1.0384,1.0000
4,3,1633,1634,2,2,1,1.0000,1633.517,512.533,537.000,8.8908,17.0000,1.1333,0.6962,5.0381,0.0000,0.7500,0.2500,1.0000,0.0000,4.8899,1.4818,0.8000
7,3,1637,1640,4,2,2,0.4375,1638.330,598.110,433.590,11.2010,18.0000,1.2600,0.5377,5.3343,0.8235,0.0431,0.1334,0.9337,0.1681,4.7416,1.7781,0.5000
9,5,1639,1640,2,3,3,0.5000,1639.448,780.104,508.224,12.3478,16.0000,1.1520,0.5116,4.7416,0.5427,0.1263,0.3310,0.0824,0.6258,3.8525,1.0372,0.6240
8,3,1642,1645,4,2,2,0.5000,1643.462,616.651,495.660,11.1059,17.0000,1.2830,0.6715,5.0378,0.6692,0.1484,0.1824,0.8881,0.0000,4.2970,1.4817,0.4528
7,3,1645,1647,3,2,2,0.5833,1645.958,806.281,635.260,10.7525,18.0000,1.3125,0.3856,5.3341,0.6517,0.0773,0.2710,0.8881,0.0000,4.4451,0.4445,0.5104
5,3,1647,1648,2,2,2,0.6250,1647.542,569.625,446.153,9.5418,18.0000,1.2500,0.6763,5.3341,0.3432,0.2505,0.4063,0.6059,0.3645,4.7414,1.7780,0.6806
4,3,1653,1655,3,1,2,0.6667,1654.085,559.000,157.458,8.7417,16.0000,1.0847,0.4654,4.7413,0.7576,0.1294,0.1129,0.8507,0.0000,4.7413,0.5927,0.8136
3,3,1654,1655,2,2,1,0.7500,1654.320,472.320,652.000,8.5543,18.0000,1.0800,0.4525,5.3339,0.5333,0.2667,0.2000,0.7071,0.0000,4.4449,1.4816,1.0000
6,4,1660,1662,3,2,1,1.0000,1661.023,752.489,560.000,10.6456,17.0000,1.1591,0.5119,5.0375,0.5556,0.3333,0.1111,1.0000,0.0000,5.0375,2.0742,0.7159
3,3,1664,1665,2,2,1,0.7500,1664.688,653.312,863.000,8.2119,18.0000,1.1250,0.4419,5.3338,0.5333,0.2667,0.2000,0.7071,0.0000,4.1485,1.6298,1.0000
4,3,1666,1667,2,2,1,1.0000,1666.466,440.448,841.000,8.5933,16.0000,1.1034,0.6463,4.7411,0.0000,0.7500,0.2500,1.0000,0.0000,4.2966,0.5926,0.8103
4,3,1666,1668,3,1,2,0.6667,1666.695,654.000,187.254,8.7414,16.0000,1.0847,0.7400,4.7411,0.7500,0.1500,0.1000,0.9487,0.0000,4.7411,1.1853,0.7797
3,3,1679,1680,2,1,2,0.7500,1679.638,654.000,294.319,8.0408,17.0000,1.0851,0.7136,5.0374,0.5333,0.2667,0.2000,0.7071,0.0000,5.0374,1.7779,1.0000
3,3,1691,1692,2,2,1,0.7500,1691.319,911.681,762.000,8.0413,17.0000,1.0851,0.4513,5.0378,0.5333,0.2667,0.2000,0.7071,0.0000,4.4451,1.3335,1.0000
5,3,1693,1695,3,2,1,0.8333,1694.232,783.464,449.000,9.1447,16.0000,1.1594,0.5842,4.7416,0.5854,0.2927,0.1220,0.9487,0.0000,4.7416,0.7409,0.6812
3,3,1700,1702,3,1,1,1.0000,1701.000,398.000,733.000,8.3846,17.0000,1.0408,0.0000,5.0384,0.8889,0.0000,0.1111,1.0000,0.0000,5.3349,1.7782,1.0000
9,4,1700,1702,3,3,3,0.3333,1700.760,915.729,928.667,12.7442,20.0000,1.3953,0.7588,5.9276,0.7100,0.1135,0.1765,0.6631,0.0392,3.8528,1.1856,0.5581
5,3,1702,1704,3,2,1,0.8333,1703.100,493.614,705.000,9.2784,17.0000,1.2143,0.3985,5.0386,0.5854,0.2927,0.1220,0.9487,0.0000,4.7421,1.1856,0.6857
3,3,1703,1704,2,1,2,0.7500,1703.652,513.000,461.326,7.8716,16.0000,1.0435,0.7292,4.7422,0.5333,0.2667,0.2000,0.7071,0.0000,4.1495,1.1856,1.0000
4,3,1705,1707,3,1,2,0.6667,1706.047,890.000,671.188,9.4850,19.0000,1.1875,0.1933,5.6317,0.5357,0.3214,0.1429,1.0000,0.0000,5.1871,1.6302,0.8125
3,3,1713,1715,3,1,1,1.0000,1714.000,518.000,245.000,8.0448,17.0000,1.0851,0.0000,5.0399,0.8889,0.0000,0.1111,1.0000,0.0000,4.7436,1.4824,1.0000
5,3,1715,1717,3,2,1,0.8333,1716.187,437.640,390.000,9.9445,18.0000,1.2000,0.4055,5.3367,0.5854,0.2927,0.1220,0.9487,0.0000,4.7436,1.1860,0.6400
4,4,1718,1720,3,1,2,0.6667,1718.985,733.000,924.500,9.7850,17.0000,1.0303,1.1045,5.0408,0.7576,0.1294,0.1129,0.8507,0.0000,4.5960,1.1861,1.0000
5,3,1719,1720,2,1,3,0.8333,1719.441,692.000,344.235,9.0173,15.0000,1.1029,0.5000,4.4479,0.5854,0.2927,0.1220,0.3162,0.0000,4.7442,1.1861,0.6618
4,3,1729,1732,4,1,1,1.0000,1730.364,777.000,641.000,9.7898,20.0000,1.2121,0.3636,5.9331,0.9375,0.0000,0.0625,1.0000,0.0000,4.4498,1.0381,0.8182
4,3,1738,1739,2,2,2,0.5000,1738.742,738.258,498.774,9.2010,16.0000,1.0323,0.8173,4.7490,0.0000,0.5625,0.4375,0.4459,0.5774,5.3425,2.0776,0.7742
6,3,1739,1741,3,3,2,0.3333,1739.452,685.968,343.505,11.2694,21.0000,1.3548,0.6785,6.2330,0.4795,0.2713,0.2493,0.8817,0.4719,4.8975,1.7808,0.5914
3,3,1741,1742,2,1,2,0.7500,1741.673,444.000,234.327,8.3984,17.0000,1.0408,0.4618,5.0468,0.5333,0.2667,0.2000,0.7071,0.0000,4.4531,1.6327,1.0000
3,3,1752,1753,2,2,1,0.7500,1752.667,587.667,358.000,7.7198,15.0000,1.0000,0.7454,4.4572,0.5333,0.2667,0.2000,0.7071,0.0000,4.1600,1.1884,1.0000
11,3,1761,1763,3,3,4,0.3056,1761.973,1286.986,846.041,13.0925,18.0000,1.3562,0.0513,5.3535,0.4139,0.4452,0.1409,0.2356,0.7497,3.2720,0.8925,0.3425
3,3,1764,1766,3,1,1,1.0000,1765.057,745.000,618.000,9.1039,20.0000,1.1321,0.0566,5.9503,0.8889,0.0000,0.1111,1.0000,0.0000,5.6534,1.6362,1.0000
4,3,1767,1768,2,2,2,0.5000,1767.804,752.464,347.268,8.3331,15.0000,1.0714,0.5709,4.4642,0.5916,0.1015,0.3069,0.5000,0.5000,4.7618,1.1904,0.8036
4,3,1773,1776,4,1,1,1.0000,1774.635,779.000,643.000,11.0202,22.0000,1.1892,0.3649,6.5528,0.9375,0.0000,0.0625,1.0000,0.0000,5.5103,1.1916,0.8243
3,3,1773,1775,3,1,1,1.0000,1774.000,914.000,511.000,8.4254,17.0000,1.0408,0.0000,5.0630,0.8889,0.0000,0.1111,1.0000,0.0000,5.0636,1.7869,1.0000
4,3,1775,1778,4,1,1,1.0000,1776.587,775.000,640.000,9.3841,17.0000,1.0794,0.4127,5.0653,0.9375,0.0000,0.0625,1.0000,0.0000,4.4685,1.0424,0.7778
3,3,1797,1799,3,1,1,1.0000,1798.000,965.000,479.000,8.4453,17.0000,1.0408,0.0000,5.0749,0.8889,0.0000,0.1111,1.0000,0.0000,5.0752,1.0450,1.0000
6,3,1807,1810,4,2,2,0.3750,1808.330,599.125,396.443,10.7310,20.0000,1.3636,0.5662,5.9739,0.7696,0.0995,0.1309,0.9136,0.2553,4.7793,1.7922,0.6250
4,3,1815,1817,3,2,1,0.6667,1816.102,782.458,384.000,8.8140,17.0000,1.1525,1.0082,5.0794,0.7576,0.1294,0.1129,0.8507,0.0000,4.0336,0.5976,0.8136
3,3,1837,1839,3,1,1,1.0000,1838.000,507.000,351.000,8.2833,16.0000,1.0000,1.0000,4.7825,0.8889,0.0000,0.1111,1.0000,0.0000,5.0813,1.7934,1.0000
3,3,1839,1840,2,1,2,0.7500,1839.674,920.000,326.326,7.9385,16.0000,1.0435,0.4612,4.7826,0.5333,0.2667,0.2000,0.7071,0.0000,4.7826,1.4945,1.0000
5,3,1845,1847,3,2,1,0.8333,1846.224,751.448,592.000,8.9579,15.0000,1.1194,0.5006,4.4845,0.5854,0.2927,0.1220,0.9487,0.0000,4.7834,0.5980,0.6716
3,3,1857,1858,2,1,2,0.7500,1857.326,379.000,358.674,7.9436,16.0000,1.0435,0.4612,4.7856,0.5333,0.2667,0.2000,0.7071,0.0000,4.7858,1.6451,1.0000
3,3,1866,1867,2,1,2,0.7500,1866.667,754.000,161.333,7.7754,15.0000,1.0000,0.7454,4.4892,0.5333,0.2667,0.2000,0.7071,0.0000,4.7885,0.7482,1.0000
5,3,1867,1868,2,2,2,0.6250,1867.400,969.213,489.333,10.0386,17.0000,1.1333,0.5627,5.0882,0.3432,0.2505,0.4063,0.6059,0.3645,5.3871,1.7957,0.6667
4,3,1868,1870,3,2,1,0.6667,1868.828,818.828,433.000,9.5784,19.0000,1.1875,0.2431,5.6872,0.7500,0.1500,0.1000,0.9487,0.0000,5.6873,1.4966,0.8281
5,3,1873,1874,2,2,2,0.6250,1873.464,774.159,513.609,9.2399,16.0000,1.1594,0.8267,4.7912,0.3432,0.2505,0.4063,0.6059,0.3645,4.7908,1.1978,0.6812
3,3,1881,1883,3,1,1,1.0000,1882.000,901.000,748.000,8.1318,17.0000,1.0851,0.0000,5.0945,0.8889,0.0000,0.1111,1.0000,0.0000,4.7952,0.8991,1.0000
3,3,1889,1890,2,1,2,0.7500,1889.681,760.000,113.681,8.1386,17.0000,1.0851,0.4513,5.0989,0.5333,0.2667,0.2000,0.7071,0.0000,4.7990,0.8998,1.0000
5,3,1893,1894,2,2,2,0.6250,1893.603,756.444,636.159,8.4543,14.0000,1.1111,0.8353,4.2012,0.3432,0.2505,0.4063,0.6059,0.3645,3.9006,1.2005,0.6667
14,7,1895,1898,4,2,4,0.4375,1896.649,1299.634,630.469,15.5643,19.0000,1.3711,0.9152,5.7038,0.4934,0.2325,0.2741,0.3019,0.1610,3.7527,1.2005,0.5979
7,3,1896,1898,3,2,2,0.5833,1897.300,473.222,458.700,10.2123,17.0000,1.3222,0.4789,5.1034,0.3772,0.3083,0.3146,0.9758,0.2185,4.2033,0.9006,0.5111
4,3,1897,1898,2,2,2,0.5000,1897.273,376.255,747.818,8.2558,16.0000,1.1636,0.4150,4.8032,0.0000,0.5625,0.4375,0.4459,0.5774,4.0530,0.9003,0.8182
5,3,1897,1899,3,2,2,0.4167,1898.200,571.154,523.600,8.7279,15.0000,1.1538,0.6509,4.5036,0.7729,0.0435,0.1836,0.8328,0.5477,3.9037,0.6006,0.6769
4,3,1900,1901,2,2,2,0.5000,1900.192,825.269,246.462,7.8086,14.0000,1.0769,0.5679,4.2045,0.5916,0.1015,0.3069,0.5000,0.5000,4.5047,1.0511,0.8077
22,6,1900,1904,5,3,4,0.3667,1901.460,1277.751,877.737,18.2520,19.0000,1.4667,0.9035,5.7077,0.4234,0.4271,0.1496,0.9821,0.0992,3.4537,1.5014,0.4105
3,3,1903,1905,3,1,1,1.0000,1903.978,1003.000,423.000,7.8070,16.0000,1.0667,0.9778,4.8072,0.8889,0.0000,0.1111,1.0000,0.0000,4.8087,1.2022,1.0000
4,3,1906,1907,2,2,2,0.5000,1906.825,515.754,639.474,8.5677,17.0000,1.1930,0.6067,5.1107,0.5916,0.1015,0.3069,0.5000,0.5000,4.8100,2.1038,0.8246
3,3,1911,1913,3,1,1,1.0000,1912.000,1001.000,569.000,8.1641,19.0000,1.2128,0.0000,5.7164,0.8889,0.0000,0.1111,1.0000,0.0000,4.5137,0.9026,1.0000
3,3,1917,1917,1,2,2,0.7500,1917.000,1032.333,564.667,7.3016,14.0000,1.0000,0.7454,4.2156,0.5333,0.2667,0.2000,0.0000,1.0000,4.5166,1.2046,1.0000
8,3,1918,1920,3,2,3,0.4444,1918.735,219.343,506.873,10.8620,17.0000,1.3333,0.4517,5.1206,0.1920,0.5155,0.2925,0.6187,0.2315,4.0667,1.2047,0.4510
5,4,1919,1921,3,1,2,0.8333,1920.145,647.000,203.671,10.2397,20.0000,1.3158,0.3594,6.0253,0.5854,0.2927,0.1220,0.9487,0.0000,4.2178,1.2053,0.8684
4,3,1921,1922,2,2,1,1.0000,1921.518,903.536,842.000,8.4376,15.0000,1.0714,0.6955,4.5205,0.0000,0.7500,0.2500,1.0000,0.0000,4.6708,1.6572,0.7857
5,3,1925,1927,3,1,3,0.5556,1926.265,792.000,455.132,9.1715,15.0000,1.1029,0.2960,4.5244,0.8123,0.1108,0.0769,0.7071,0.0000,4.5244,1.5080,0.6471
4,3,1925,1926,2,1,3,0.6667,1925.741,1036.000,278.111,8.1422,16.0000,1.1852,0.9259,4.8252,0.5357,0.3214,0.1429,0.0000,0.0000,3.9202,1.2063,0.8148
5,3,1927,1929,3,1,2,0.8333,1927.870,688.000,574.377,9.3090,16.0000,1.1594,0.3987,4.8269,0.5854,0.2927,0.1220,0.9487,0.0000,4.8272,1.9608,0.6667
4,3,1927,1929,3,2,1,0.6667,1927.704,1091.259,838.000,8.1450,14.0000,1.0370,0.7499,4.2236,0.7500,0.1500,0.1000,0.9487,0.0000,3.9210,1.0562,0.7778
4,3,1929,1931,3,2,1,0.6667,1929.778,974.190,889.000,9.5060,19.0000,1.2063,0.2927,5.7340,0.7500,0.1500,0.1000,0.9487,0.0000,5.1303,2.1121,0.8095
4,3,1930,1931,2,1,2,1.0000,1930.526,1134.000,398.474,8.6018,16.0000,1.1228,0.6699,4.8295,0.0000,0.7500,0.2500,0.0000,0.0000,4.5273,1.0563,0.7719
3,3,1935,1936,2,2,1,0.7500,1935.364,1107.682,439.000,7.6736,16.0000,1.0909,0.7115,4.8337,0.5333,0.2667,0.2000,0.7071,0.0000,4.5308,1.2082,1.0000
4,3,1938,1940,3,1,2,0.6667,1938.759,754.000,434.172,8.7652,18.0000,1.2414,0.7780,5.4398,0.7500,0.1500,0.1000,0.9487,0.0000,4.8365,1.5111,0.8276
5,3,1938,1939,2,3,1,0.8333,1938.409,1078.712,819.000,8.9207,15.0000,1.1364,0.8213,4.5332,0.5854,0.2927,0.1220,0.3162,0.0000,3.6267,0.9065,0.6515
4,3,1942,1943,2,1,2,1.0000,1942.475,446.000,337.458,8.9220,17.0000,1.1525,0.6593,5.1411,0.0000,0.7500,0.2500,0.0000,0.0000,4.6878,1.3607,0.7797
9,3,1944,1947,4,4,2,0.2812,1945.147,865.216,765.793,11.6997,17.0000,1.3190,0.3328,5.1437,0.3677,0.4330,0.1993,0.8948,0.2520,3.9347,1.2103,0.4138
6,3,1947,1950,4,2,2,0.3750,1948.347,976.133,435.347,9.2695,16.0000,1.2800,0.7515,4.8436,0.6410,0.2138,0.1452,0.9804,0.0231,4.0875,1.8166,0.5867
4,3,1948,1949,2,2,1,1.0000,1948.473,958.473,722.000,8.3255,15.0000,1.0909,0.6685,4.5408,0.0000,0.7500,0.2500,1.0000,0.0000,4.2384,1.3624,0.7818
4,3,1950,1952,3,1,2,0.6667,1951.033,764.000,670.836,9.2376,21.0000,1.3770,0.1672,6.3603,0.5357,0.3214,0.1429,1.0000,0.0000,4.8459,1.0601,0.8361
4,3,1950,1951,2,2,1,1.0000,1950.458,943.475,485.000,8.9339,17.0000,1.1525,0.6593,5.1480,0.0000,0.7500,0.2500,1.0000,0.0000,4.6940,0.3030,0.7797
3,3,1956,1958,3,1,1,1.0000,1957.000,809.000,903.000,7.3512,14.0000,1.0000,1.0000,4.2449,0.8889,0.0000,0.1111,1.0000,0.0000,3.9411,0.6064,1.0000
6,5,1957,1958,2,2,2,0.7500,1957.523,646.318,428.341,10.8922,16.0000,1.0909,0.8994,4.8513,0.2000,0.3333,0.4667,0.0000,0.0000,4.2445,1.3641,0.8636
4,3,1962,1963,2,2,2,0.5000,1962.717,793.550,543.817,9.1027,17.0000,1.1333,0.8659,5.1577,0.5916,0.1015,0.3069,0.5000,0.5000,5.4619,1.8204,0.8167
5,3,1963,1964,2,2,3,0.4167,1963.450,1036.825,435.438,10.8568,22.0000,1.3750,0.7242,6.6766,0.6999,0.1281,0.1720,0.4304,0.6887,3.6420,1.2141,0.7000
5,3,1964,1965,2,3,2,0.4167,1964.538,700.077,540.323,8.8226,15.0000,1.1538,0.6326,4.5522,0.7383,0.0485,0.2132,0.5000,0.7071,4.7046,1.2143,0.6769
3,3,1966,1967,2,2,1,0.7500,1966.651,1213.326,584.000,7.5372,15.0000,1.0465,0.7280,4.5536,0.5333,0.2667,0.2000,0.7071,0.0000,4.5542,0.9109,1.0000
4,3,1970,1971,2,1,2,1.0000,1970.473,610.000,888.545,8.3535,16.0000,1.1636,0.6962,4.8606,0.0000,0.7500,0.2500,0.0000,0.0000,4.7081,0.7594,0.8182
3,3,1972,1973,2,2,1,0.7500,1972.298,1198.319,620.000,8.2449,18.0000,1.1489,0.4366,5.4689,0.5333,0.2667,0.2000,0.7071,0.0000,4.2537,1.3671,1.0000
4,3,1973,1975,3,2,1,0.6667,1974.117,714.817,907.000,9.1175,18.0000,1.2000,1.1316,5.4697,0.7500,0.1500,0.1000,0.9487,0.0000,5.0148,1.6716,0.8167
3,3,1982,1984,3,1,1,1.0000,1983.000,968.000,728.000,7.9051,15.0000,1.0000,1.0000,4.5646,0.8889,0.0000,0.1111,1.0000,0.0000,4.8682,1.5211,1.0000
4,3,1988,1988,1,2,2,1.0000,1988.000,623.446,472.482,8.5246,16.0000,1.1429,0.6837,4.8712,0.0000,0.7500,0.2500,0.0000,1.0000,4.1101,0.6090,0.8036
3,3,1990,1992,3,1,1,1.0000,1991.000,873.000,450.000,7.7368,16.0000,1.0909,0.0000,4.8729,0.8889,0.0000,0.1111,1.0000,0.0000,4.5688,1.5228,1.0000
6,3,1993,1995,3,3,1,0.6667,1994.038,899.139,504.000,9.8258,16.0000,1.2152,0.1443,4.8751,0.6944,0.2222,0.0833,0.8000,0.0000,3.8081,1.0661,0.5823
3,3,1994,1996,3,1,1,1.0000,1995.022,749.000,794.000,7.9161,16.0000,1.0667,0.0222,4.8751,0.8889,0.0000,0.1111,1.0000,0.0000,5.1802,0.7618,1.0000
4,3,1995,1996,2,1,2,1.0000,1995.545,838.000,329.473,8.3795,16.0000,1.1636,0.6962,4.8756,0.0000,0.7500,0.2500,0.0000,0.0000,4.1135,0.6093,0.8182
3,3,1999,2000,2,1,2,0.7500,1999.333,786.000,563.356,7.9197,16.0000,1.0667,0.7255,4.8771,0.5333,0.2667,0.2000,0.7071,0.0000,4.2679,0.7620,1.0000
5,3,2000,2001,2,2,2,0.6250,2000.211,800.648,323.620,9.6799,16.0000,1.1268,0.5597,4.8776,0.3432,0.2505,0.4063,0.5155,0.8569,4.5727,0.3049,0.6479
23,15,2002,2006,5,3,3,0.5111,2004.069,1298.127,619.088,23.0836,28.0000,1.7741,0.1690,8.5392,0.2836,0.4009,0.3155,0.9676,0.1583,3.9650,1.2199,0.7466
9,4,2003,2004,2,3,3,0.5000,2003.398,286.966,307.669,11.9948,17.0000,1.2966,0.5187,5.1840,0.1739,0.4831,0.3430,0.5145,0.8575,3.6593,1.2199,0.5169
4,3,2005,2007,3,1,2,0.6667,2006.000,782.000,421.175,9.6084,22.0000,1.3968,0.1746,6.7106,0.5357,0.3214,0.1429,1.0000,0.0000,5.1855,1.3727,0.8254
3,3,2005,2006,2,2,1,0.7500,2005.326,866.674,1076.000,7.5722,15.0000,1.0465,0.4604,4.5750,0.5333,0.2667,0.2000,0.7071,0.0000,4.5754,1.5252,1.0000
4,3,2009,2011,3,1,2,0.6667,2009.930,790.000,539.281,8.6964,17.0000,1.1930,0.2893,5.1873,0.5357,0.3214,0.1429,1.0000,0.0000,4.2718,1.2207,0.8246
4,3,2009,2010,2,2,2,0.5000,2009.472,1147.264,525.189,8.0858,15.0000,1.1321,0.6201,4.5771,0.5916,0.1015,0.3069,0.7071,0.7071,4.5767,1.2206,0.8113
7,3,2010,2012,3,2,2,0.5833,2010.929,806.655,534.762,9.6886,15.0000,1.2500,1.1609,4.5771,0.6517,0.0773,0.2710,0.8881,0.0000,2.8988,0.9156,0.5119
5,3,2012,2014,3,1,2,0.8333,2012.761,702.000,426.463,9.1451,16.0000,1.1940,0.5880,4.8834,0.5854,0.2927,0.1220,0.9487,0.0000,4.8831,0.6105,0.6866
6,3,2014,2016,3,2,2,0.5000,2015.013,811.152,337.380,9.8453,16.0000,1.2152,0.6387,4.8843,0.7074,0.0897,0.2030,0.9140,0.2540,4.5786,1.6790,0.5570
4,3,2018,2020,3,2,1,0.6667,2018.952,810.762,733.000,9.6189,21.0000,1.3333,0.2428,6.4126,0.5357,0.3214,0.1429,1.0000,0.0000,4.8856,1.5268,0.8095
5,3,2020,2022,3,1,2,0.8333,2020.886,793.000,563.386,9.5607,16.0000,1.1429,0.4023,4.8865,0.5854,0.2927,0.1220,0.9487,0.0000,5.0396,1.8327,0.6714
4,3,2023,2025,3,1,2,0.6667,2024.055,641.000,1045.473,8.4006,15.0000,1.0909,1.0571,4.5825,0.7576,0.1294,0.1129,0.8507,0.0000,3.9712,1.5274,0.7818
4,3,2023,2024,2,1,2,1.0000,2023.561,1044.000,295.456,8.7058,17.0000,1.1930,0.6328,5.1931,0.0000,0.7500,0.2500,0.0000,0.0000,4.1238,0.6109,0.8070
4,3,2026,2027,2,1,2,1.0000,2026.519,855.000,753.519,8.2493,14.0000,1.0370,0.7076,4.2776,0.0000,0.7500,0.2500,0.0000,0.0000,4.8884,1.5276,0.7778
6,3,2028,2030,3,1,2,1.0000,2028.961,555.000,934.532,9.6060,15.0000,1.1688,1.0687,4.5834,0.5556,0.3333,0.1111,1.0000,0.0000,4.5838,1.8336,0.5584
4,3,2031,2034,4,1,1,1.0000,2032.630,588.000,350.000,8.2527,16.0000,1.1852,0.3704,4.8906,0.9375,0.0000,0.0625,1.0000,0.0000,4.5849,1.2226,0.8148
5,3,2035,2037,3,2,1,0.8333,2036.246,1105.609,440.000,9.4341,16.0000,1.1594,0.4624,4.8916,0.5854,0.2927,0.1220,0.9487,0.0000,4.5859,1.8344,0.6522
5,3,2036,2037,2,1,3,0.8333,2036.582,627.000,374.716,9.1608,15.0000,1.1194,0.9231,4.5861,0.5854,0.2927,0.1220,0.3162,0.0000,3.9747,0.4586,0.6567
3,3,2042,2043,2,2,1,0.7500,2042.652,1005.304,376.000,8.1227,16.0000,1.0435,0.7197,4.8937,0.5333,0.2667,0.2000,0.7071,0.0000,5.1992,1.2234,1.0000
7,4,2043,2046,4,2,2,0.4375,2044.557,745.897,578.691,11.2144,18.0000,1.2990,0.6451,5.5057,0.6673,0.1280,0.2047,0.9953,0.0695,4.5881,1.5296,0.6392
5,3,2051,2053,3,1,2,0.8333,2051.788,1046.000,604.636,9.0322,18.0000,1.3636,0.4210,5.5082,0.5854,0.2927,0.1220,0.9487,0.0000,4.5899,1.2240,0.6970
4,3,2062,2064,3,1,2,0.6667,2062.914,565.000,685.569,8.8795,18.0000,1.2414,0.4396,5.5114,0.7576,0.1294,0.1129,0.8507,0.0000,4.8990,1.6842,0.8276
3,3,2063,2064,2,1,2,0.7500,2063.689,570.000,437.333,7.9553,16.0000,1.0667,0.4560,4.8993,0.5333,0.2667,0.2000,0.7071,0.0000,4.2869,0.6124,1.0000
3,3,2070,2071,2,1,2,0.7500,2070.667,597.000,411.333,7.9581,15.0000,1.0000,0.7454,4.5947,0.5333,0.2667,0.2000,0.7071,0.0000,4.9010,1.5315,1.0000
5,3,2071,2072,2,2,2,0.6250,2071.394,772.167,322.530,9.0414,16.0000,1.2121,0.8224,4.9013,0.3432,0.2505,0.4063,0.6059,0.3645,3.9821,1.0721,0.6818
5,3,2075,2077,3,2,1,0.8333,2076.239,1159.451,784.000,9.7287,19.0000,1.3380,0.5992,5.8214,0.5854,0.2927,0.1220,0.9487,0.0000,4.5960,1.6852,0.6761
6,3,2076,2077,2,2,2,0.7500,2076.474,626.276,609.342,9.5065,16.0000,1.2632,0.8565,4.9022,0.2000,0.3333,0.4667,0.0000,0.0000,4.4427,1.5321,0.5921
5,3,2077,2079,3,1,2,0.8333,2078.200,1043.000,1063.557,9.5926,17.0000,1.2143,0.9749,5.2094,0.5854,0.2927,0.1220,0.9487,0.0000,4.5963,1.2257,0.6714
4,4,2079,2080,2,1,2,1.0000,2079.516,480.000,417.484,9.4997,17.0000,1.0968,0.6843,5.2097,0.0000,0.7500,0.2500,0.0000,0.0000,4.9030,1.3790,1.0000
4,3,2079,2080,2,2,2,0.5000,2079.750,532.196,603.554,8.5805,17.0000,1.2143,0.5481,5.2097,0.5916,0.1015,0.3069,0.5000,0.5000,4.5966,1.3790,0.8036
4,3,2081,2082,2,1,2,1.0000,2081.468,974.000,327.435,9.5007,18.0000,1.1613,0.6877,5.5167,0.0000,0.7500,0.2500,0.0000,0.0000,5.6696,1.9921,0.8226
3,3,2086,2087,2,1,2,0.7500,2086.636,916.000,517.318,7.7875,16.0000,1.0909,0.7115,4.9047,0.5333,0.2667,0.2000,0.7071,0.0000,4.7516,0.6131,1.0000
3,3,2089,2090,2,2,1,0.7500,2089.651,979.674,580.000,7.6116,15.0000,1.0465,0.7280,4.5988,0.5333,0.2667,0.2000,0.7071,0.0000,4.9056,1.6862,1.0000
5,3,2090,2091,2,2,2,0.6250,2090.164,935.373,339.463,9.1869,17.0000,1.2687,0.6745,5.2123,0.3432,0.2505,0.4063,0.5155,0.8569,4.5991,1.2263,0.6716
3,3,2093,2095,3,1,1,1.0000,2093.977,1223.000,701.000,7.7903,15.0000,1.0227,0.9773,4.6000,0.8889,0.0000,0.1111,1.0000,0.0000,3.9864,0.4599,1.0000
3,3,2097,2098,2,2,1,0.7500,2097.651,916.326,815.000,7.6147,15.0000,1.0465,0.7280,4.6007,0.5333,0.2667,0.2000,0.7071,0.0000,4.6009,1.2269,1.0000
4,3,2099,2100,2,2,1,1.0000,2099.536,1065.482,665.000,8.5891,15.0000,1.0714,0.6693,4.6014,0.0000,0.7500,0.2500,1.0000,0.0000,4.7546,1.8405,0.7857
4,3,2099,2100,2,2,1,1.0000,2099.500,1106.448,676.000,8.8958,17.0000,1.1724,0.6715,5.2147,0.0000,0.7500,0.2500,1.0000,0.0000,4.7548,0.7669,0.7931
3,3,2100,2101,2,2,1,0.7500,2100.341,1167.682,386.000,7.7929,15.0000,1.0227,0.4663,4.6016,0.5333,0.2667,0.2000,0.7071,0.0000,4.9082,1.2270,1.0000
3,3,2103,2105,3,1,1,1.0000,2104.000,735.000,442.000,7.9715,15.0000,1.0000,1.0000,4.6026,0.8889,0.0000,0.1111,1.0000,0.0000,4.9092,0.7670,1.0000
7,3,2105,2107,3,2,2,0.5833,2105.931,1123.402,704.621,10.0903,15.0000,1.2069,1.0828,4.6029,0.5927,0.2184,0.1889,0.8630,0.4864,3.3757,1.6877,0.5057
5,3,2109,2110,2,2,2,0.6250,2109.448,951.418,873.179,9.1961,16.0000,1.1940,0.7153,4.9108,0.3432,0.2505,0.4063,0.6059,0.3645,4.6036,1.5346,0.6567
5,3,2109,2110,2,2,2,0.6250,2109.612,1088.164,716.627,9.1962,16.0000,1.1940,0.5628,4.9108,0.3432,0.2505,0.4063,0.6059,0.3645,4.9108,2.1484,0.6716
5,3,2116,2117,2,2,2,0.6250,2116.538,1118.169,589.431,8.9250,16.0000,1.2308,0.7100,4.9123,0.3432,0.2505,0.4063,0.6059,0.3645,4.9124,1.5353,0.6769
6,3,2117,2119,3,1,3,0.6667,2117.810,572.000,255.786,10.5296,19.0000,1.3571,0.2867,5.8340,0.4000,0.4800,0.1200,0.7071,0.0000,3.8380,0.6142,0.5833
4,3,2120,2121,2,2,1,1.0000,2120.456,792.526,604.000,8.7521,16.0000,1.1228,0.6576,4.9134,0.0000,0.7500,0.2500,1.0000,0.0000,4.7600,1.9961,0.7895
3,3,2123,2124,2,1,2,0.7500,2123.326,866.000,484.651,7.6250,15.0000,1.0465,0.7280,4.6070,0.5333,0.2667,0.2000,0.7071,0.0000,4.6072,0.7679,1.0000
6,3,2125,2127,3,3,1,0.6667,2126.000,656.861,980.000,9.0292,14.0000,1.1667,1.0096,4.3007,0.2593,0.6296,0.1111,1.0000,0.0000,3.3789,0.7681,0.5833
5,3,2130,2132,3,1,2,0.8333,2131.203,530.000,201.547,8.7942,15.0000,1.1719,0.5834,4.6088,0.5854,0.2927,0.1220,0.9487,0.0000,4.6088,0.7682,0.6719
6,4,2132,2132,1,2,4,0.7500,2132.000,677.304,501.886,9.9098,16.0000,1.2152,0.3245,4.9163,0.8001,0.1345,0.0654,0.0000,1.0000,4.7626,1.8436,0.7468
5,3,2132,2134,3,1,2,0.8333,2133.219,968.000,685.391,8.7950,15.0000,1.1719,0.4477,4.6092,0.5854,0.2927,0.1220,0.9487,0.0000,4.6094,0.9219,0.6875
7,4,2135,2138,4,2,2,0.4375,2136.848,801.333,683.114,12.1968,22.0000,1.4667,0.3839,6.7613,0.7122,0.1467,0.1411,0.9661,0.0989,3.6877,1.5367,0.6667
3,3,2137,2139,3,1,1,1.0000,2137.957,963.000,477.000,8.3400,17.0000,1.0851,0.0426,5.2249,0.8889,0.0000,0.1111,1.0000,0.0000,5.2246,1.3831,1.0000
7,4,2141,2143,3,2,2,0.5833,2141.924,774.905,651.448,12.1992,21.0000,1.4000,0.4639,6.4552,0.4600,0.2645,0.2756,1.0000,0.0000,4.3033,0.1537,0.6762
5,4,2141,2143,3,2,1,0.8333,2142.147,1117.441,529.000,9.3480,16.0000,1.1765,0.5778,4.9183,0.5854,0.2927,0.1220,0.9487,0.0000,4.6109,1.6907,0.8529
6,3,2142,2143,2,2,2,0.7500,2142.487,761.538,782.705,9.7886,15.0000,1.1538,0.7837,4.6109,0.2667,0.1333,0.6000,0.7071,0.7071,4.4574,1.2296,0.5641
3,3,2142,2143,2,2,1,0.7500,2142.682,1138.364,424.000,7.8090,16.0000,1.0909,0.7115,4.9185,0.5333,0.2667,0.2000,0.7071,0.0000,4.6110,1.2296,1.0000
16,9,2143,2145,3,3,3,0.5926,2144.245,199.996,659.361,19.1367,28.0000,1.7992,0.4367,8.6076,0.2194,0.1821,0.5985,0.6435,0.2819,3.9964,1.2297,0.6747
7,4,2143,2144,2,2,3,0.5833,2143.484,819.319,115.505,10.5732,16.0000,1.2308,0.7687,4.9185,0.5694,0.1270,0.3036,0.2595,0.2173,4.6112,1.2296,0.6703
5,3,2148,2150,3,2,2,0.4167,2148.970,745.164,436.448,9.2125,16.0000,1.1940,0.5769,4.9194,0.5461,0.2256,0.2283,0.8117,0.4177,4.9192,1.3836,0.6567
4,3,2153,2154,2,1,3,0.6667,2153.179,1011.000,642.839,8.6098,16.0000,1.1429,1.1744,4.9199,0.7500,0.1500,0.1000,0.3162,0.0000,5.2274,1.5374,0.8214
5,3,2158,2159,2,2,2,0.6250,2158.594,595.855,1109.594,9.4896,16.0000,1.1594,0.5919,4.9205,0.3432,0.2505,0.4063,0.6059,0.3645,5.2279,1.9989,0.6667
3,3,2160,2161,2,2,1,0.7500,2160.370,907.326,847.000,8.1675,17.0000,1.1087,0.7098,5.2281,0.5333,0.2667,0.2000,0.7071,0.0000,4.9205,1.5377,1.0000
7,4,2163,2165,3,2,2,0.5833,2164.356,216.772,608.673,11.7406,18.0000,1.2475,0.5345,5.5359,0.3772,0.3083,0.3146,0.9758,0.2185,4.6133,1.2302,0.6733
4,3,2163,2165,3,1,2,0.6667,2164.056,903.000,756.537,8.3038,15.0000,1.1111,0.4663,4.6132,0.7576,0.1294,0.1129,0.8507,0.0000,4.6133,0.9226,0.7963
4,3,2164,2165,2,2,1,1.0000,2164.431,877.431,494.000,8.9190,18.0000,1.2414,0.6096,5.5359,0.0000,0.7500,0.2500,1.0000,0.0000,5.2284,2.1528,0.8276
5,3,2173,2174,2,2,2,0.6250,2173.392,835.527,902.176,10.1787,18.0000,1.2162,0.6799,5.5363,0.3432,0.2505,0.4063,0.6059,0.3645,4.6136,1.8454,0.6622
4,3,2173,2174,2,2,1,1.0000,2173.519,909.481,982.000,8.3045,14.0000,1.0370,0.7076,4.3060,0.0000,0.7500,0.2500,1.0000,0.0000,4.6136,1.6916,0.7778
4,3,2175,2176,2,2,1,1.0000,2175.455,841.473,623.000,8.4583,16.0000,1.1636,0.6962,4.9212,0.0000,0.7500,0.2500,1.0000,0.0000,4.7674,1.8454,0.8182
4,3,2183,2184,2,1,2,1.0000,2183.453,795.000,221.528,8.1510,15.0000,1.1321,0.6958,4.6138,0.0000,0.7500,0.2500,0.0000,0.0000,4.9214,1.8455,0.8113
5,3,2185,2186,2,2,2,0.6250,2185.433,748.418,830.164,9.2164,15.0000,1.1194,0.8291,4.6138,0.3432,0.2505,0.4063,0.6059,0.3645,4.6138,1.5379,0.6418
6,3,2188,2191,4,2,2,0.3750,2189.583,968.714,487.131,10.5483,16.0000,1.1429,1.6142,4.9215,0.6410,0.2138,0.1452,0.9804,0.0231,4.9215,1.8456,0.5595
5,3,2193,2195,3,2,1,0.8333,2194.189,805.662,1074.000,10.1798,20.0000,1.3514,0.3872,6.1521,0.5854,0.2927,0.1220,0.9487,0.0000,3.9988,0.9228,0.6622
4,3,2193,2194,2,2,1,1.0000,2193.482,912.500,614.000,8.6129,15.0000,1.0714,0.6946,4.6140,0.0000,0.7500,0.2500,1.0000,0.0000,4.6140,1.3842,0.7679
3,3,2193,2195,3,1,1,1.0000,2193.978,1065.000,759.000,7.9918,16.0000,1.0667,0.0222,4.9217,0.8889,0.0000,0.1111,1.0000,0.0000,4.9216,0.9228,1.0000
6,3,2206,2207,2,3,2,0.5000,2206.534,560.603,540.863,9.1685,15.0000,1.2329,0.7739,4.6147,0.6373,0.1269,0.2358,0.4046,0.4063,3.9994,1.2306,0.5890
3,3,2210,2212,3,1,1,1.0000,2210.956,1129.000,618.000,7.9934,16.0000,1.0667,0.9556,4.9226,0.8889,0.0000,0.1111,1.0000,0.0000,4.3073,0.7692,1.0000
6,3,2215,2218,4,2,2,0.3750,2216.934,908.816,228.553,9.5469,14.0000,1.1053,0.4883,4.3079,0.8688,0.0142,0.1170,0.9156,0.3015,4.4616,0.6154,0.5526
4,3,2219,2221,3,2,1,0.6667,2220.052,977.241,634.000,8.9238,19.0000,1.3103,0.2469,5.8466,0.5357,0.3214,0.1429,1.0000,0.0000,4.0004,0.3077,0.8103
3,3,2224,2226,3,1,1,1.0000,2225.023,777.000,884.000,7.8178,15.0000,1.0227,0.0227,4.6163,0.8889,0.0000,0.1111,1.0000,0.0000,4.3085,1.0771,1.0000
6,3,2232,2235,4,2,2,0.3750,2233.770,827.189,863.865,9.2987,15.0000,1.2162,0.3268,4.6170,0.7449,0.0647,0.1904,0.9950,0.0995,4.1553,1.6929,0.5811
7,3,2237,2239,3,4,1,0.5833,2237.914,908.989,865.000,10.8202,17.0000,1.2796,0.9930,5.2330,0.7644,0.1796,0.0560,0.6120,0.0000,3.6938,0.7696,0.5269
4,3,2237,2238,2,2,1,1.0000,2237.500,1143.482,656.000,8.6190,15.0000,1.0714,0.6946,4.6173,0.0000,0.7500,0.2500,1.0000,0.0000,4.9252,1.2313,0.7679
4,3,2245,2246,2,1,2,1.0000,2245.462,604.000,295.538,8.0043,14.0000,1.0769,0.7092,4.3101,0.0000,0.7500,0.2500,0.0000,0.0000,4.0021,1.0775,0.8077
3,3,2245,2246,2,2,1,0.7500,2245.341,711.341,1003.000,7.8207,15.0000,1.0227,0.7420,4.6179,0.5333,0.2667,0.2000,0.7071,0.0000,4.9257,1.5393,1.0000
3,3,2245,2246,2,2,1,0.7500,2245.318,790.318,522.000,7.8207,16.0000,1.0909,0.4500,4.9257,0.5333,0.2667,0.2000,0.7071,0.0000,4.6179,1.2314,1.0000
6,3,2245,2247,3,3,1,0.6667,2246.110,843.780,789.000,10.3061,18.0000,1.3171,0.2454,5.5415,0.6944,0.2222,0.0833,0.8000,0.0000,4.6180,1.2315,0.5854
6,3,2245,2247,3,2,2,0.5000,2246.082,886.741,817.835,10.6831,22.0000,1.5529,0.3176,6.7730,0.5230,0.1584,0.3185,0.9225,0.0898,4.6180,1.8472,0.6000
6,3,2246,2248,3,2,3,0.3333,2246.959,364.521,450.849,9.1750,14.0000,1.1507,1.0826,4.3101,0.6378,0.1768,0.1854,0.4780,0.2815,4.1562,1.2315,0.5753
6,3,2251,2252,2,2,2,0.7500,2251.662,729.312,934.450,10.0554,17.0000,1.2750,0.8597,5.2340,0.2000,0.3333,0.4667,0.7071,0.7071,4.4643,1.5394,0.5625
3,3,2254,2256,3,1,1,1.0000,2255.000,1083.000,350.000,7.6438,15.0000,1.0465,0.0000,4.6184,0.8889,0.0000,0.1111,1.0000,0.0000,4.0026,0.6158,1.0000
4,3,2258,2259,2,2,1,1.0000,2258.475,1128.542,957.000,9.0831,17.0000,1.1525,0.6968,5.2343,0.0000,0.7500,0.2500,1.0000,0.0000,5.3882,1.8474,0.8136
8,4,2266,2269,4,2,2,0.5000,2267.495,847.429,822.800,11.4307,20.0000,1.5238,0.6848,6.1583,0.5999,0.2429,0.1572,0.9965,0.0703,3.2331,1.0777,0.6000
4,3,2270,2272,3,2,1,0.6667,2270.909,521.745,1077.000,8.4677,16.0000,1.1636,0.2703,4.9267,0.5357,0.3214,0.1429,1.0000,0.0000,4.1569,1.2317,0.8182
4,3,2270,2271,2,2,1,1.0000,2270.491,982.579,706.000,8.7756,19.0000,1.3333,0.6470,5.8504,0.0000,0.7500,0.2500,1.0000,0.0000,4.6187,2.0014,0.8246
3,3,2277,2279,3,1,1,1.0000,2278.000,584.000,847.000,7.8221,15.0000,1.0227,1.0000,4.6187,0.8889,0.0000,0.1111,1.0000,0.0000,4.3108,1.5396,1.0000
4,3,2287,2289,3,2,1,0.6667,2287.895,896.719,764.000,8.7755,16.0000,1.1228,0.9377,4.9266,0.5357,0.3214,0.1429,1.0000,0.0000,5.0806,1.8475,0.8246
3,3,2288,2289,2,2,1,0.7500,2288.674,553.674,972.000,7.6443,15.0000,1.0465,0.4604,4.6187,0.5333,0.2667,0.2000,0.7071,0.0000,4.0029,1.5396,1.0000
7,3,2296,2299,4,2,2,0.4375,2297.274,809.263,521.253,11.0560,18.0000,1.3263,0.4560,5.5424,0.8243,0.0513,0.1244,0.9184,0.3278,3.6949,0.6158,0.5053
3,3,2298,2300,3,1,1,1.0000,2299.022,811.000,826.000,7.9997,16.0000,1.0667,0.0222,4.9265,0.8889,0.0000,0.1111,1.0000,0.0000,4.9265,0.9237,1.0000
7,4,2302,2304,3,2,2,0.5833,2303.198,970.396,377.135,11.1723,17.0000,1.2396,0.4628,5.2344,0.5916,0.2044,0.2040,0.9664,0.1591,4.6186,0.6158,0.6250
4,3,2305,2306,2,2,1,1.0000,2305.564,770.436,505.000,8.4674,17.0000,1.2364,0.6171,5.2344,0.0000,0.7500,0.2500,1.0000,0.0000,4.9265,2.4633,0.8182
5,3,2307,2309,3,2,1,0.8333,2307.789,1000.620,927.000,9.7767,16.0000,1.1268,0.4350,4.9265,0.5854,0.2927,0.1220,0.9487,0.0000,4.9265,1.6935,0.6338
4,3,2320,2322,3,1,2,0.6667,2320.767,942.000,558.217,9.2372,18.0000,1.2000,0.3184,5.5423,0.7500,0.1500,0.1000,0.9487,0.0000,4.7725,1.8474,0.7833
5,3,2323,2324,2,2,2,0.6250,2323.586,828.371,920.843,9.6390,17.0000,1.2143,0.7111,5.2344,0.3432,0.2505,0.4063,0.6059,0.3645,4.6186,1.3856,0.6714
22,3,2328,2331,4,6,5,0.1833,2330.261,1005.632,1240.933,16.6083,15.0000,1.3043,0.8282,4.6186,0.6346,0.2038,0.1616,0.2777,0.8391,2.3093,0.6158,0.1739
11,3,2329,2331,3,3,5,0.2444,2329.872,1007.917,1236.955,12.3473,15.0000,1.2406,1.3303,4.6186,0.8343,0.0677,0.0980,0.3321,0.0039,2.4632,0.4619,0.4361
18,3,2330,2332,3,5,6,0.2000,2330.861,1046.966,1212.688,15.0954,16.0000,1.3846,2.3169,4.9265,0.6605,0.2638,0.0758,0.1678,0.9810,3.6949,1.5395,0.2163
42,4,2330,2332,3,9,9,0.1728,2330.963,1097.371,1172.870,23.3278,17.0000,1.4542,3.9269,5.2344,0.7176,0.2470,0.0354,0.0329,0.9917,3.6949,1.5395,0.2485
21,3,2330,2332,3,11,4,0.1591,2330.973,1113.456,1158.479,17.6711,21.0000,1.6768,3.5819,6.4660,0.9351,0.0442,0.0207,0.0594,0.9546,3.3870,0.9237,0.4677
6,3,2330,2331,2,3,3,0.3333,2330.831,1137.229,1136.145,10.4332,15.0000,1.0843,0.3190,4.6186,0.4961,0.2890,0.2148,0.2135,0.9113,3.3870,1.0777,0.7108
27,4,2330,2332,3,7,8,0.1607,2330.935,1153.512,1121.029,20.1472,17.0000,1.3500,1.8301,5.2344,0.4723,0.4809,0.0467,0.0331,0.9937,4.0028,1.5395,0.4088
16,3,2331,2332,2,5,7,0.2286,2331.066,1028.184,1225.015,15.0874,16.0000,1.3061,1.2808,4.9265,0.7488,0.2107,0.0404,0.0440,0.9987,3.3870,0.9237,0.3112
4,3,2331,2333,3,1,2,0.6667,2332.089,1050.000,798.518,8.6213,17.0000,1.2143,0.5255,5.2344,0.7576,0.1294,0.1129,0.8507,0.0000,4.1567,1.2316,0.8214
15,3,2331,2332,2,7,5,0.2143,2331.057,1081.983,1187.787,13.8331,17.0000,1.4655,1.0071,5.2344,0.6668,0.2896,0.0436,0.0104,0.9963,3.3870,1.2316,0.2644
6,4,2331,2331,1,3,3,0.6667,2331.000,1123.595,1152.131,10.5589,18.0000,1.2857,0.6095,5.5423,0.2083,0.6667,0.1250,0.0000,1.0000,4.9265,1.5395,0.7500
3,3,2333,2335,3,1,1,1.0000,2334.000,1020.000,420.000,7.4663,14.0000,1.0000,1.0000,4.3107,0.8889,0.0000,0.1111,1.0000,0.0000,4.6186,1.3856,1.0000
6,4,2336,2338,3,2,2,0.5000,2337.000,1010.359,689.128,9.8047,15.0000,1.1538,1.0702,4.6185,0.7074,0.0897,0.2030,0.9140,0.2540,4.0027,1.2316,0.7308
6,3,2343,2345,3,2,2,0.5000,2344.179,943.718,616.679,9.8046,17.0000,1.3077,0.4631,5.2343,0.6381,0.1455,0.2164,0.8019,0.3768,4.1567,1.5395,0.5769
3,3,2347,2349,3,1,1,1.0000,2347.958,750.000,1061.000,8.5327,18.0000,1.1250,0.0417,5.5422,0.8889,0.0000,0.1111,1.0000,0.0000,5.2343,0.9237,1.0000
22,8,2347,2350,4,5,3,0.3667,2348.784,1249.050,454.977,19.7588,24.0000,1.7542,0.7860,7.3895,0.3874,0.0215,0.5911,0.5187,0.7723,3.3869,0.9237,0.5050
4,3,2350,2351,2,2,1,1.0000,2350.583,944.417,595.000,9.2369,21.0000,1.4000,0.5893,6.4658,0.0000,0.7500,0.2500,1.0000,0.0000,4.0026,1.8474,0.8167
5,3,2357,2359,3,2,2,0.4167,2358.029,1063.588,528.853,9.3630,16.0000,1.1765,0.6071,4.9262,0.5461,0.2256,0.2283,0.8117,0.4177,4.6183,1.8473,0.6765
7,3,2360,2363,4,2,2,0.4375,2361.511,1002.883,691.383,10.9387,17.0000,1.2660,0.6489,5.2340,0.6625,0.1752,0.1623,0.9597,0.1934,4.3104,1.6934,0.5000
4,3,2361,2362,2,2,2,0.5000,2361.264,723.283,400.189,8.1589,15.0000,1.1321,0.7870,4.6183,0.0000,0.5625,0.4375,0.4459,0.5774,4.0025,0.6158,0.8113
5,3,2365,2367,3,1,2,0.8333,2365.800,630.000,458.586,9.6382,15.0000,1.0714,0.6189,4.6182,0.5854,0.2927,0.1220,0.9487,0.0000,4.6182,1.5394,0.6286
3,3,2370,2372,3,1,1,1.0000,2371.000,1202.000,633.000,7.8211,16.0000,1.0909,0.0000,4.9260,0.8889,0.0000,0.1111,1.0000,0.0000,4.6182,1.2315,1.0000
6,3,2372,2374,3,2,3,0.3333,2373.000,626.526,559.947,9.5524,14.0000,1.1053,0.5289,4.3103,0.8010,0.0697,0.1292,0.4632,0.1638,4.3103,1.8473,0.5526
7,3,2377,2379,3,2,3,0.3889,2377.891,799.576,524.098,10.7058,17.0000,1.2935,0.4484,5.2339,0.2063,0.5848,0.2089,0.8165,0.5557,3.3867,1.0776,0.5000
4,3,2380,2380,1,2,2,1.0000,2380.000,959.581,771.403,9.5443,21.0000,1.3548,0.5818,6.4655,0.0000,0.7500,0.2500,0.0000,1.0000,5.3879,2.6170,0.8387
5,3,2386,2388,3,1,2,0.8333,2386.921,1003.000,407.381,8.6748,15.0000,1.1905,1.1446,4.6185,0.5854,0.2927,0.1220,0.9487,0.0000,4.6184,1.5395,0.6825
4,3,2390,2392,3,1,2,0.6667,2391.316,775.000,662.246,8.7755,17.0000,1.1930,0.4001,5.2345,0.7500,0.1500,0.1000,0.9487,0.0000,4.7727,1.5395,0.8070
4,3,2402,2404,3,1,2,0.6667,2402.897,974.000,1032.569,8.9317,17.0000,1.1724,0.4433,5.2358,0.7576,0.1294,0.1129,0.8507,0.0000,5.0818,0.9240,0.8276
5,3,2406,2408,3,2,2,0.4167,2406.677,1145.785,574.308,8.9540,17.0000,1.3077,0.7741,5.2363,0.7729,0.0435,0.1836,0.8328,0.5477,4.6203,1.5402,0.6923
6,3,2408,2410,3,2,1,1.0000,2409.078,759.481,330.000,9.6836,16.0000,1.2468,0.4868,4.9288,0.5556,0.3333,0.1111,1.0000,0.0000,4.3129,1.2322,0.5844
4,3,2429,2431,3,2,1,0.6667,2430.036,803.527,979.000,8.4793,15.0000,1.0909,0.4741,4.6251,0.7576,0.1294,0.1129,0.8507,0.0000,4.6252,1.5417,0.7818
5,3,2429,2431,3,2,1,0.8333,2430.302,1001.381,582.000,8.6874,15.0000,1.1905,0.7956,4.6253,0.5854,0.2927,0.1220,0.9487,0.0000,4.6251,1.5416,0.6825
6,3,2438,2441,4,2,2,0.3750,2439.798,871.869,748.810,10.5789,20.0000,1.4286,0.3072,6.1698,0.7449,0.0647,0.1904,0.9950,0.0995,4.7816,1.8509,0.6071
4,3,2445,2447,3,2,1,0.6667,2445.944,727.259,1032.000,8.3315,15.0000,1.1111,0.2651,4.6286,0.5357,0.3214,0.1429,1.0000,0.0000,4.6285,1.5430,0.7963
4,3,2448,2449,2,1,2,1.0000,2448.500,749.000,1023.446,8.6411,17.0000,1.2143,0.6703,5.2463,0.0000,0.7500,0.2500,0.0000,0.0000,4.6293,0.7716,0.8036
6,3,2449,2451,3,2,2,0.5000,2450.324,826.541,968.865,9.3240,16.0000,1.2973,0.5784,4.9381,0.6373,0.1269,0.2358,0.8795,0.0724,4.0123,1.5431,0.5946
6,3,2458,2459,2,3,1,1.0000,2458.506,987.062,785.000,10.2094,17.0000,1.2593,0.4977,5.2486,0.5556,0.3333,0.1111,0.0000,0.0000,4.7854,1.3893,0.5679
5,3,2463,2465,3,2,2,0.4167,2464.063,1114.381,695.159,8.7002,15.0000,1.1905,0.4176,4.6320,0.1521,0.5234,0.3245,1.0000,0.0000,4.9408,2.0072,0.6825
4,3,2467,2468,2,1,2,1.0000,2467.472,901.000,553.547,8.1840,15.0000,1.1321,0.6958,4.6326,0.0000,0.7500,0.2500,0.0000,0.0000,4.6324,0.6177,0.8113
5,3,2468,2470,3,2,2,0.4167,2468.754,918.812,749.638,9.5302,17.0000,1.2319,0.4769,5.2504,0.7729,0.0435,0.1836,0.8328,0.5477,4.6326,1.5441,0.6667
4,3,2469,2472,4,1,1,1.0000,2470.415,571.000,841.000,8.1847,14.0000,1.0566,1.4151,4.3241,0.9375,0.0000,0.0625,1.0000,0.0000,4.6328,1.2354,0.7925
4,3,2475,2476,2,2,1,1.0000,2475.537,820.519,772.000,8.3403,15.0000,1.1111,0.6951,4.6335,0.0000,0.7500,0.2500,1.0000,0.0000,4.6335,1.6989,0.7963
6,3,2478,2480,3,2,3,0.3333,2478.700,848.663,752.000,10.0892,17.0000,1.2750,0.4516,5.2516,0.4767,0.3371,0.1862,0.8702,0.4927,3.8616,1.2357,0.6000
6,4,2483,2485,3,2,2,0.5000,2484.333,806.358,583.123,10.2163,15.0000,1.1111,0.5045,4.6342,0.5034,0.2551,0.2415,0.9677,0.2521,4.7887,1.5447,0.7284
6,3,2487,2489,3,2,2,0.5000,2487.772,653.291,1148.658,9.9643,15.0000,1.1392,0.8932,4.6343,0.6381,0.1455,0.2164,0.8019,0.3768,4.4799,1.5448,0.5443
4,3,2487,2488,2,1,2,1.0000,2487.429,878.000,650.429,8.6508,18.0000,1.2857,0.6061,5.5612,0.0000,0.7500,0.2500,0.0000,0.0000,4.0164,0.9269,0.8214
3,3,2490,2491,2,1,2,0.7500,2490.659,1090.000,945.318,7.8487,15.0000,1.0227,0.7319,4.6344,0.5333,0.2667,0.2000,0.7071,0.0000,4.9434,1.3903,1.0000
4,3,2493,2495,3,1,2,0.6667,2493.943,433.000,818.472,8.1875,14.0000,1.0566,1.0547,4.3255,0.7576,0.1294,0.1129,0.8507,0.0000,4.0165,1.2359,0.7925
6,3,2498,2500,3,2,2,0.5000,2498.610,777.649,765.143,9.7121,15.0000,1.1688,0.7183,4.6344,0.5034,0.2551,0.2415,0.9677,0.2521,4.4798,1.2358,0.5584
6,3,2502,2504,3,2,2,0.5000,2502.765,777.420,1098.877,10.2161,17.0000,1.2593,0.4964,5.2520,0.6373,0.1269,0.2358,0.8795,0.0724,4.4797,1.2358,0.5802
10,6,2503,2506,4,4,2,0.3125,2504.257,570.971,589.184,13.2863,18.0000,1.3235,0.3176,5.5608,0.0915,0.7395,0.1690,0.9499,0.3127,4.0161,1.2357,0.6691
5,3,2509,2510,2,2,2,0.6250,2509.657,1013.786,784.329,9.6701,18.0000,1.2857,0.5210,5.5602,0.3432,0.2505,0.4063,0.6059,0.3645,4.6336,0.9267,0.6714
11,3,2510,2513,4,2,4,0.3438,2511.842,837.925,524.338,12.3866,15.0000,1.2406,0.3809,4.6332,0.6017,0.2721,0.1262,0.7499,0.0033,4.0157,1.2355,0.3233
4,3,2519,2520,2,1,2,1.0000,2519.518,541.000,892.536,8.6468,15.0000,1.0714,0.6955,4.6323,0.0000,0.7500,0.2500,0.0000,0.0000,3.8602,0.6176,0.7857
4,3,2525,2526,2,1,2,1.0000,2525.519,849.000,510.463,8.3364,15.0000,1.1111,0.6951,4.6314,0.0000,0.7500,0.2500,0.0000,0.0000,4.0137,0.9262,0.7963
5,3,2529,2530,2,3,1,0.8333,2529.400,794.714,581.000,9.6643,16.0000,1.1429,0.8187,4.9395,0.5854,0.2927,0.1220,0.3162,0.0000,4.9394,0.9261,0.6571
5,3,2529,2531,3,1,2,0.8333,2530.119,899.000,1087.582,9.2499,15.0000,1.1194,1.1949,4.6308,0.5854,0.2927,0.1220,0.9487,0.0000,4.0132,0.6174,0.6567
3,3,2532,2533,2,2,1,0.7500,2532.689,944.689,1038.000,8.0198,17.0000,1.1333,0.4400,5.2476,0.5333,0.2667,0.2000,0.7071,0.0000,4.0130,0.6174,1.0000
5,3,2533,2535,3,1,2,0.8333,2534.209,723.000,260.358,9.2487,19.0000,1.4179,0.4147,5.8647,0.5854,0.2927,0.1220,0.9487,0.0000,4.0126,0.4630,0.7015
6,3,2535,2538,4,2,2,0.3750,2536.303,928.842,568.145,9.5764,15.0000,1.1842,1.7108,4.6295,0.8087,0.0589,0.1324,0.9827,0.1690,4.3211,1.5433,0.5658
4,3,2536,2537,2,2,1,1.0000,2536.518,1132.500,1027.000,8.6421,15.0000,1.0714,0.6946,4.6297,0.0000,0.7500,0.2500,1.0000,0.0000,4.6297,1.0803,0.7679
4,3,2537,2538,2,3,1,0.6667,2537.255,816.073,1000.000,8.4876,15.0000,1.0909,0.2647,4.6297,0.5357,0.3214,0.1429,0.0000,0.0000,5.0926,1.8518,0.8000
5,3,2539,2541,3,2,1,0.8333,2539.868,809.603,885.000,9.3853,17.0000,1.2500,0.4185,5.2465,0.5854,0.2927,0.1220,0.9487,0.0000,4.6292,1.2345,0.6618
4,3,2549,2551,3,2,1,0.6667,2550.093,646.444,377.000,8.3310,15.0000,1.1111,0.4540,4.6284,0.7576,0.1294,0.1129,0.8507,0.0000,4.7826,1.5428,0.8148
5,3,2549,2551,3,2,1,0.8333,2549.718,1212.380,1002.000,9.7974,17.0000,1.1972,0.9487,5.2455,0.5854,0.2927,0.1220,0.9487,0.0000,4.9370,1.2342,0.6901
3,3,2553,2554,2,1,2,0.7500,2553.333,684.000,1111.667,7.4818,14.0000,1.0000,0.7454,4.3196,0.5333,0.2667,0.2000,0.7071,0.0000,4.0111,0.9256,1.0000
3,3,2561,2562,2,2,1,0.7500,2561.659,980.318,446.000,7.8378,15.0000,1.0227,0.7319,4.6280,0.5333,0.2667,0.2000,0.7071,0.0000,4.3195,1.5427,1.0000
4,4,2567,2569,3,1,2,0.6667,2568.017,1005.000,865.475,9.1020,16.0000,1.0847,0.4749,4.9367,0.7576,0.1294,0.1129,0.8507,0.0000,4.7824,1.2342,1.0000
6,3,2575,2577,3,3,1,0.6667,2575.947,861.789,406.000,9.5738,14.0000,1.1053,1.2332,4.3199,0.6944,0.2222,0.0833,0.8000,0.0000,3.7028,0.9257,0.5526
3,3,2581,2583,3,1,1,1.0000,2582.023,706.000,987.000,7.6610,15.0000,1.0465,0.9767,4.6289,0.8889,0.0000,0.1111,1.0000,0.0000,4.6288,1.6972,1.0000
4,3,2581,2582,2,2,1,1.0000,2581.536,1161.500,751.000,8.6404,16.0000,1.1429,0.6823,4.9374,0.0000,0.7500,0.2500,1.0000,0.0000,4.6288,1.5429,0.7857
6,3,2583,2585,3,2,2,0.5000,2584.176,777.716,1002.378,9.3229,14.0000,1.1351,0.5045,4.3204,0.3218,0.4574,0.2208,0.9366,0.3505,4.1661,0.9258,0.5676
3,3,2589,2591,3,1,1,1.0000,2590.000,917.000,882.000,7.6619,15.0000,1.0465,0.0000,4.6294,0.8889,0.0000,0.1111,1.0000,0.0000,4.6294,1.2345,1.0000
3,3,2596,2598,3,1,1,1.0000,2597.023,664.000,1011.000,7.8409,15.0000,1.0227,0.0227,4.6299,0.8889,0.0000,0.1111,1.0000,0.0000,4.9385,1.2346,1.0000
5,3,2599,2600,2,2,2,0.6250,2599.400,560.573,962.133,10.3529,19.0000,1.2667,0.7117,5.8646,0.3432,0.2505,0.4063,0.6059,0.3645,5.2473,1.2347,0.6933
4,3,2610,2611,2,3,1,0.6667,2610.741,1170.333,846.000,8.3349,16.0000,1.1852,0.4223,4.9392,0.7500,0.1500,0.1000,0.3162,0.0000,4.6305,1.2348,0.8148
4,3,2611,2612,2,1,3,0.6667,2611.246,924.000,635.070,8.7980,17.0000,1.1930,0.2554,5.2479,0.5357,0.3214,0.1429,0.0000,0.0000,4.7849,1.5435,0.8070
4,3,2613,2614,2,1,2,1.0000,2613.472,966.000,971.528,8.1807,14.0000,1.0566,0.7082,4.3219,0.0000,0.7500,0.2500,0.0000,0.0000,4.0132,1.5435,0.7925
5,3,2615,2616,2,2,3,0.4167,2615.582,783.851,1043.194,9.2500,17.0000,1.2687,0.6315,5.2481,0.7729,0.0435,0.1836,0.4781,0.7852,4.6307,1.5435,0.6866
6,3,2623,2624,2,4,1,0.7500,2623.410,1064.115,724.000,9.8308,18.0000,1.3846,0.6009,5.5570,0.8001,0.1345,0.0654,0.2238,0.0000,4.1677,0.9262,0.5897
3,3,2632,2634,3,1,1,1.0000,2633.045,959.000,1112.000,7.8427,16.0000,1.0909,0.9545,4.9396,0.8889,0.0000,0.1111,1.0000,0.0000,4.6309,1.6980,1.0000
5,3,2640,2642,3,2,1,0.8333,2641.120,975.387,826.000,10.3546,19.0000,1.2667,0.4049,5.8656,0.5854,0.2927,0.1220,0.9487,0.0000,4.9395,1.6979,0.6800
6,3,2642,2645,4,2,2,0.3750,2643.151,941.712,1129.151,9.2003,14.0000,1.1507,0.3580,4.3220,0.8265,0.0815,0.0920,0.9519,0.0737,4.1676,1.2348,0.5753
4,3,2646,2647,2,2,1,1.0000,2646.446,860.429,512.000,8.6437,17.0000,1.2143,0.6188,5.2480,0.0000,0.7500,0.2500,1.0000,0.0000,4.7849,0.7718,0.8214
25,8,2649,2654,6,4,4,0.2604,2651.223,363.673,1177.171,20.1882,22.0000,1.6820,1.4065,6.7912,0.7473,0.0469,0.2058,0.6789,0.6981,3.3956,0.9261,0.4924
3,3,2655,2656,2,2,1,0.7500,2655.340,778.280,953.000,8.9106,19.0000,1.1400,0.4405,5.8648,0.5333,0.2667,0.2000,0.7071,0.0000,5.8647,1.5434,1.0000
4,3,2666,2668,3,2,1,0.6667,2667.000,952.182,957.000,8.4867,17.0000,1.2364,0.1818,5.2463,0.5357,0.3214,0.1429,1.0000,0.0000,4.9377,1.3887,0.8182
4,3,2669,2670,2,3,1,0.6667,2669.278,701.333,825.000,8.3320,15.0000,1.1111,0.9829,4.6288,0.7500,0.1500,0.1000,0.3162,0.0000,4.6289,1.5429,0.7963
7,3,2669,2671,3,3,2,0.3889,2669.820,829.933,824.135,10.3806,15.0000,1.1798,0.9593,4.6288,0.6788,0.0891,0.2320,0.6025,0.1824,4.3203,1.5429,0.4944
4,3,2670,2673,4,1,1,1.0000,2671.589,773.000,584.000,8.6402,16.0000,1.1429,0.4107,4.9372,0.9375,0.0000,0.0625,1.0000,0.0000,4.7829,1.5429,0.8036
7,4,2671,2673,3,2,2,0.5833,2672.268,761.268,592.773,11.3131,19.0000,1.3711,0.4417,5.8629,0.3772,0.3083,0.3146,0.9758,0.2185,4.7828,1.6971,0.6495
5,3,2675,2676,2,2,2,0.6250,2675.603,776.460,889.159,8.6932,15.0000,1.1905,0.8248,4.6283,0.3432,0.2505,0.4063,0.6059,0.3645,4.6282,1.2342,0.6825
6,3,2675,2677,3,3,1,0.6667,2676.125,793.625,992.000,10.0770,17.0000,1.2750,0.3953,5.2453,0.2083,0.6667,0.1250,0.4472,0.0000,4.4739,1.5427,0.5750
4,3,2684,2685,2,2,1,1.0000,2684.527,557.473,897.000,8.4830,15.0000,1.0909,0.6685,4.6270,0.0000,0.7500,0.2500,1.0000,0.0000,4.9356,1.3881,0.7818
3,3,2689,2691,3,1,1,1.0000,2690.043,575.000,824.000,8.1911,16.0000,1.0435,0.0435,4.9348,0.8889,0.0000,0.1111,1.0000,0.0000,4.3178,0.9253,1.0000
4,3,2695,2696,2,1,2,1.0000,2695.525,702.000,1047.557,9.4052,18.0000,1.1803,0.6496,5.5505,0.0000,0.7500,0.2500,0.0000,0.0000,4.3172,1.6960,0.7869
8,3,2698,2699,2,4,2,0.5000,2698.520,1227.450,857.120,10.9013,15.0000,1.2000,0.7664,4.6251,0.6702,0.1825,0.1473,0.0764,0.3685,4.0084,1.2333,0.4500
8,3,2703,2705,3,2,3,0.4444,2704.058,768.379,941.893,11.2262,17.0000,1.3204,1.1290,5.2409,0.7021,0.0951,0.2027,0.7715,0.0725,4.0075,1.5414,0.4757
5,3,2707,2709,3,1,3,0.5556,2708.161,575.000,504.000,8.5463,14.0000,1.1290,1.1613,4.3154,0.5532,0.3398,0.1070,0.8281,0.0000,4.6233,0.7706,0.6774
6,3,2709,2711,3,2,2,0.5000,2709.889,538.667,575.679,10.1919,18.0000,1.3333,0.4759,5.5477,0.6381,0.1455,0.2164,0.8019,0.3768,3.8525,0.6164,0.5679
8,3,2709,2711,3,2,3,0.4444,2710.154,674.788,1018.865,11.3326,18.0000,1.3846,0.2942,5.5477,0.6689,0.0577,0.2733,0.8372,0.4082,4.0068,1.6951,0.4615
4,3,2715,2716,2,1,2,1.0000,2715.509,484.000,855.526,8.7821,16.0000,1.1228,0.6951,4.9304,0.0000,0.7500,0.2500,0.0000,0.0000,4.1599,1.0785,0.7895
3,3,2728,2729,2,2,1,0.7500,2728.333,915.689,1036.000,8.0022,16.0000,1.0667,0.4560,4.9281,0.5333,0.2667,0.2000,0.7071,0.0000,4.9280,1.3860,1.0000
4,3,2733,2735,3,2,1,0.6667,2734.000,790.836,417.000,9.3926,19.0000,1.2459,0.1639,5.8511,0.5357,0.3214,0.1429,1.0000,0.0000,5.2352,1.5397,0.8361
3,3,2734,2735,2,1,2,0.7500,2734.682,797.000,473.318,7.8229,16.0000,1.0909,0.4500,4.9271,0.5333,0.2667,0.2000,0.7071,0.0000,4.0034,1.2317,1.0000
4,3,2740,2741,2,2,1,1.0000,2740.536,467.536,651.000,8.6214,16.0000,1.1429,0.6566,4.9265,0.0000,0.7500,0.2500,1.0000,0.0000,4.6186,1.8474,0.7857
6,3,2741,2743,3,1,2,1.0000,2741.976,684.000,1051.488,10.3073,16.0000,1.1707,0.4884,4.9264,0.5556,0.3333,0.1111,1.0000,0.0000,4.3106,1.0776,0.5610
4,3,2741,2742,2,2,1,1.0000,2741.453,707.453,1057.000,8.1594,15.0000,1.1321,0.6404,4.6186,0.0000,0.7500,0.2500,1.0000,0.0000,4.0027,0.9237,0.8113
4,3,2741,2743,3,2,1,0.6667,2742.321,740.264,657.000,8.1593,14.0000,1.0566,0.4155,4.3106,0.7500,0.1500,0.1000,0.9487,0.0000,4.0026,1.5394,0.7925
4,3,2744,2745,2,1,2,1.0000,2744.473,650.000,1048.473,8.4669,15.0000,1.0909,0.7082,4.6183,0.0000,0.7500,0.2500,0.0000,0.0000,4.1565,1.2315,0.8000
3,3,2745,2747,3,1,1,1.0000,2746.023,1155.000,949.000,7.8212,15.0000,1.0227,0.0227,4.6182,0.8889,0.0000,0.1111,1.0000,0.0000,4.3103,1.2315,1.0000
5,3,2750,2752,3,1,2,0.8333,2751.217,520.000,1026.377,9.5001,16.0000,1.1594,0.4350,4.9259,0.5854,0.2927,0.1220,0.9487,0.0000,4.6180,1.0775,0.6522
4,3,2752,2753,2,2,2,0.5000,2752.182,783.745,1030.473,8.4663,16.0000,1.1636,0.6131,4.9259,0.5916,0.1015,0.3069,0.5000,0.5000,4.7719,0.6157,0.8182
4,3,2756,2758,3,2,1,0.6667,2757.254,963.220,1023.000,9.0821,16.0000,1.0847,0.3364,4.9259,0.7500,0.1500,0.1000,0.9487,0.0000,4.9259,1.6933,0.7797
3,3,2758,2760,3,1,1,1.0000,2759.000,457.000,1078.000,7.9987,17.0000,1.1333,0.0000,5.2338,0.8889,0.0000,0.1111,1.0000,0.0000,3.6945,0.3079,1.0000
4,3,2763,2764,2,2,2,0.5000,2763.564,879.818,1136.691,8.4667,17.0000,1.2364,0.8372,5.2340,0.5916,0.1015,0.3069,0.7071,0.7071,4.6182,1.5394,0.8182
6,3,2767,2769,3,2,1,1.0000,2768.078,801.506,509.000,9.6789,15.0000,1.1688,0.5125,4.6186,0.5556,0.3333,0.1111,1.0000,0.0000,3.6948,0.0000,0.5714
4,3,2774,2776,3,2,1,0.6667,2775.017,811.817,991.000,9.2380,20.0000,1.3333,0.1841,6.1587,0.5357,0.3214,0.1429,1.0000,0.0000,4.7730,1.2318,0.8167
5,4,2785,2787,3,2,1,0.8333,2786.304,616.443,331.000,10.8813,19.0000,1.2025,0.8916,5.8519,0.5854,0.2927,0.1220,0.9487,0.0000,5.2359,1.6939,0.8608
5,3,2792,2793,2,2,2,0.6250,2792.529,669.485,985.162,9.3669,18.0000,1.3235,0.7559,5.5442,0.3432,0.2505,0.4063,0.6059,0.3645,4.6202,1.2321,0.6912
5,4,2803,2805,3,1,2,0.8333,2804.301,622.000,1045.562,10.0559,18.0000,1.2329,0.8964,5.5444,0.5854,0.2927,0.1220,0.9487,0.0000,4.6204,1.2321,0.8630
4,3,2807,2808,2,1,2,1.0000,2807.481,657.000,1026.519,8.3165,14.0000,1.0370,0.7076,4.3123,0.0000,0.7500,0.2500,0.0000,0.0000,4.0042,1.0781,0.7778
13,3,2807,2810,4,2,4,0.4062,2808.693,836.416,1064.548,14.1810,17.0000,1.3313,0.8581,5.2362,0.5462,0.1897,0.2641,0.9078,0.0066,4.3122,2.4641,0.4458
4,3,2812,2813,2,1,2,1.0000,2812.534,835.000,504.569,8.9320,17.0000,1.1724,0.6866,5.2361,0.0000,0.7500,0.2500,0.0000,0.0000,5.0820,1.3860,0.8276
8,3,2814,2816,3,3,3,0.2963,2815.386,513.832,907.990,10.9979,16.0000,1.2673,0.6366,4.9278,0.3113,0.2501,0.4385,0.8991,0.4080,4.0038,1.5399,0.4554
7,4,2820,2821,2,2,2,0.8750,2820.609,983.609,930.446,10.7086,17.0000,1.2935,0.7833,5.2353,0.0000,0.3318,0.6682,0.0000,0.5774,4.6194,0.9239,0.6522
3,3,2824,2826,3,1,1,1.0000,2825.000,676.000,726.000,7.8224,15.0000,1.0227,1.0000,4.6190,0.8889,0.0000,0.1111,1.0000,0.0000,4.3109,0.9238,1.0000
4,3,2832,2834,3,2,1,0.6667,2832.967,671.230,868.000,9.3899,21.0000,1.3770,0.2318,6.4652,0.5357,0.3214,0.1429,1.0000,0.0000,4.6180,2.1550,0.8033
4,3,2834,2835,2,1,2,1.0000,2834.482,869.000,936.500,8.6198,15.0000,1.0714,0.6946,4.6178,0.0000,0.7500,0.2500,0.0000,0.0000,4.6178,1.3854,0.7679
4,3,2834,2835,2,1,2,1.0000,2834.547,918.000,852.453,8.1580,15.0000,1.1321,0.6404,4.6177,0.0000,0.7500,0.2500,0.0000,0.0000,4.6178,1.8471,0.8113
5,3,2836,2838,3,2,2,0.4167,2836.775,405.620,940.155,9.7743,17.0000,1.1972,0.8768,5.2332,0.7729,0.0435,0.1836,0.8328,0.5477,4.3096,1.0774,0.6761
3,3,2837,2839,3,1,1,1.0000,2837.977,658.000,959.000,7.6420,15.0000,1.0465,0.9767,4.6174,0.8889,0.0000,0.1111,1.0000,0.0000,4.9251,1.6930,1.0000
3,3,2850,2851,2,1,2,0.7500,2850.622,979.000,1078.689,7.9944,17.0000,1.1333,0.6957,5.2310,0.5333,0.2667,0.2000,0.7071,0.0000,4.6155,1.5385,1.0000
6,3,2852,2854,3,2,1,1.0000,2853.062,966.494,915.000,10.1744,17.0000,1.2593,0.5099,5.2306,0.5556,0.3333,0.1111,1.0000,0.0000,4.4612,1.2307,0.5802
4,3,2864,2865,2,1,2,1.0000,2864.536,653.000,850.536,8.6122,16.0000,1.1429,0.6566,4.9212,0.0000,0.7500,0.2500,0.0000,0.0000,3.9985,1.0765,0.7857
5,3,2864,2866,3,2,2,0.4167,2865.264,676.792,999.333,9.9036,18.0000,1.2500,0.4734,5.5363,0.7729,0.0435,0.1836,0.8328,0.5477,4.9211,0.4613,0.6667
3,3,2865,2867,3,1,1,1.0000,2866.000,877.000,974.000,7.9908,15.0000,1.0000,1.0000,4.6136,0.8889,0.0000,0.1111,1.0000,0.0000,5.2286,1.5378,1.0000
3,3,2873,2874,2,2,1,0.7500,2873.696,421.630,838.000,8.1669,17.0000,1.1087,0.7001,5.2276,0.5333,0.2667,0.2000,0.7071,0.0000,4.9201,0.9226,1.0000
5,3,2873,2874,2,2,2,0.6250,2873.638,543.580,1047.145,9.4890,20.0000,1.4493,0.5735,6.1501,0.3432,0.2505,0.4063,0.6059,0.3645,3.9976,0.9225,0.7101
4,3,2881,2884,4,1,1,1.0000,2882.393,637.000,967.000,8.6090,16.0000,1.1429,0.3929,4.9195,0.9375,0.0000,0.0625,1.0000,0.0000,4.3045,0.4612,0.8214
3,3,2884,2885,2,2,1,0.7500,2884.682,981.682,1054.000,7.8105,16.0000,1.0909,0.4500,4.9193,0.5333,0.2667,0.2000,0.7071,0.0000,4.6119,1.5373,1.0000
3,3,2886,2887,2,1,2,0.7500,2886.333,730.000,1304.667,7.4554,14.0000,1.0000,0.7454,4.3044,0.5333,0.2667,0.2000,0.7071,0.0000,4.9193,1.2298,1.0000
3,3,2886,2888,3,1,1,1.0000,2886.978,839.000,1286.000,7.9879,16.0000,1.0667,0.9778,4.9193,0.8889,0.0000,0.1111,1.0000,0.0000,4.9193,0.9224,1.0000
8,4,2895,2897,3,3,2,0.4444,2896.398,493.888,456.398,10.6532,15.0000,1.2245,0.8588,4.6120,0.2770,0.3509,0.3721,0.9130,0.4079,4.1508,1.2299,0.5816
4,3,2897,2898,2,2,1,1.0000,2897.518,636.500,502.000,8.6092,15.0000,1.0714,0.6946,4.6121,0.0000,0.7500,0.2500,1.0000,0.0000,3.9971,0.9224,0.7679
5,3,2904,2905,2,2,2,0.6250,2904.648,746.366,1010.183,9.7644,18.0000,1.2676,0.5400,5.5354,0.3432,0.2505,0.4063,0.6059,0.3645,3.9977,0.7688,0.6620
9,4,2908,2910,3,2,2,0.7500,2908.786,565.246,963.460,12.9176,20.0000,1.4286,0.5642,6.1513,0.5373,0.1435,0.3192,0.9487,0.2905,4.4598,1.2303,0.5476
4,4,2909,2910,2,1,2,1.0000,2909.500,761.000,1117.517,8.9195,15.0000,1.0345,0.6950,4.6136,0.0000,0.7500,0.2500,0.0000,0.0000,4.7673,1.6916,1.0000
6,3,2913,2916,4,2,2,0.3750,2914.734,709.633,1225.823,9.9217,15.0000,1.1392,0.7090,4.6146,0.6410,0.2138,0.1452,0.9804,0.0231,4.4608,1.3843,0.5443
5,3,2915,2916,2,3,2,0.4167,2915.591,575.015,1048.379,9.0805,16.0000,1.2121,0.7021,4.9222,0.7383,0.0485,0.2132,0.5000,0.7071,4.9224,1.3844,0.6818
4,3,2918,2919,2,1,2,1.0000,2918.456,529.000,1233.439,8.7691,16.0000,1.1228,0.6328,4.9231,0.0000,0.7500,0.2500,0.0000,0.0000,5.0767,1.2307,0.8246
11,6,2925,2926,2,3,3,0.6111,2925.523,1299.703,639.645,14.3848,20.0000,1.4194,0.6648,6.1561,0.3207,0.2891,0.3902,0.2128,0.8889,4.0013,0.9233,0.6452
4,3,2933,2934,2,2,1,1.0000,2933.431,748.569,1121.000,8.9299,19.0000,1.3103,0.6096,5.8505,0.0000,0.7500,0.2500,1.0000,0.0000,4.6190,1.2318,0.8103
3,3,2937,2938,2,1,2,0.7500,2937.667,965.000,751.333,7.4685,14.0000,1.0000,0.7454,4.3120,0.5333,0.2667,0.2000,0.7071,0.0000,4.0040,1.5399,1.0000
3,3,2944,2946,3,1,1,1.0000,2945.000,909.000,668.000,8.5383,18.0000,1.1250,0.0000,5.5458,0.8889,0.0000,0.1111,1.0000,0.0000,4.9298,0.6162,1.0000
6,4,2950,2952,3,2,2,0.5000,2950.644,670.115,956.529,10.9455,20.0000,1.3793,0.6019,6.1635,0.6373,0.1269,0.2358,0.8795,0.0724,4.7766,1.3868,0.7586
5,3,2954,2956,3,1,2,0.8333,2954.754,405.000,1183.594,9.5107,17.0000,1.2319,0.4747,5.2397,0.5854,0.2927,0.1220,0.9487,0.0000,4.6231,0.9246,0.6667
14,3,2958,2961,4,3,3,0.3889,2959.899,536.073,538.820,14.6645,18.0000,1.4157,0.2188,5.5486,0.7649,0.0346,0.2005,0.6574,0.4434,4.0074,0.9248,0.4270
4,3,2960,2963,4,1,1,1.0000,2961.357,540.000,584.000,8.6315,18.0000,1.2857,0.3571,5.5488,0.9375,0.0000,0.0625,1.0000,0.0000,4.6240,1.6954,0.8214
3,3,2964,2965,2,2,1,0.7500,2964.696,443.652,871.000,8.1876,16.0000,1.0435,0.7197,4.9327,0.5333,0.2667,0.2000,0.7071,0.0000,5.5492,1.5414,1.0000
4,4,2967,2969,3,2,1,0.6667,2968.016,823.770,1009.000,9.4033,18.0000,1.1803,0.2301,5.5495,0.5357,0.3214,0.1429,1.0000,0.0000,5.0871,2.6206,1.0000
4,3,2970,2971,2,2,1,1.0000,2970.481,488.481,712.000,8.3246,14.0000,1.0370,0.6809,4.3165,0.0000,0.7500,0.2500,1.0000,0.0000,4.6247,1.2333,0.7778
4,3,2975,2976,2,2,2,0.5000,2975.237,329.814,901.695,9.0958,18.0000,1.2203,0.7576,5.5500,0.0000,0.5625,0.4375,0.4459,0.5774,4.9333,2.1583,0.8136
4,3,2979,2980,2,2,1,1.0000,2979.464,241.482,928.000,8.6335,16.0000,1.1429,0.6955,4.9334,0.0000,0.7500,0.2500,1.0000,0.0000,4.7793,1.3875,0.8036
7,4,2987,2989,3,2,3,0.3889,2987.882,463.559,690.022,10.8384,16.0000,1.2043,1.0443,4.9335,0.1909,0.4622,0.3468,0.7315,0.2073,4.6251,1.5417,0.6344
6,3,2991,2993,3,1,2,1.0000,2992.057,704.000,1126.575,10.9514,19.0000,1.3103,0.4292,5.8584,0.5556,0.3333,0.1111,1.0000,0.0000,4.4709,1.2333,0.5747
3,3,2991,2992,2,1,2,0.7500,2991.694,868.000,1013.714,8.7229,20.0000,1.2245,0.4187,6.1668,0.5333,0.2667,0.2000,0.7071,0.0000,5.2418,1.5417,1.0000
7,3,2993,2996,4,2,2,0.4375,2994.281,852.876,1002.371,10.3720,15.0000,1.1798,0.4813,4.6250,0.7824,0.1033,0.1143,0.9705,0.0625,4.0083,1.6958,0.5056
4,3,3005,3008,4,1,1,1.0000,3006.615,544.000,747.000,8.0157,14.0000,1.0769,0.6154,4.3162,0.9375,0.0000,0.0625,1.0000,0.0000,4.6244,1.2332,0.8077
4,3,3007,3008,2,1,2,1.0000,3007.583,541.000,1168.433,9.2488,20.0000,1.3333,0.6012,6.1658,0.0000,0.7500,0.2500,0.0000,0.0000,4.7785,1.5415,0.8167
5,3,3007,3009,3,2,2,0.4167,3008.254,725.821,903.776,9.2374,15.0000,1.1194,1.0915,4.6243,0.6489,0.0995,0.2515,0.9362,0.2726,4.9326,1.2332,0.6418
7,3,3014,3017,4,2,2,0.4375,3015.410,571.880,596.530,9.6702,15.0000,1.2651,0.6807,4.6238,0.6023,0.2183,0.1794,0.9919,0.0509,3.3909,1.2330,0.5181
3,3,3015,3017,3,1,1,1.0000,3016.000,821.000,912.000,7.8306,16.0000,1.0909,0.0000,4.9320,0.8889,0.0000,0.1111,1.0000,0.0000,4.6238,1.3871,1.0000
3,3,3018,3020,3,1,1,1.0000,3019.000,456.000,616.000,7.8302,16.0000,1.0909,0.0000,4.9317,0.8889,0.0000,0.1111,1.0000,0.0000,4.6236,1.5411,1.0000
4,3,3021,3022,2,2,2,0.5000,3021.736,533.811,587.453,8.1677,15.0000,1.1321,0.5572,4.6232,0.5916,0.1015,0.3069,0.5000,0.5000,4.6233,0.9247,0.8113
14,9,3023,3025,3,3,3,0.5185,3023.757,1092.583,898.102,19.3571,31.0000,1.8468,0.4931,9.5543,0.1310,0.1843,0.6847,0.2906,0.4924,4.6230,0.9246,0.7489
3,3,3027,3028,2,1,2,0.7500,3027.304,703.000,1020.652,8.1847,16.0000,1.0435,0.7197,4.9309,0.5333,0.2667,0.2000,0.7071,0.0000,4.6227,0.9246,1.0000
4,3,3035,3037,3,2,1,0.6667,3035.855,885.818,731.000,8.4732,16.0000,1.1636,1.1598,4.9297,0.7500,0.1500,0.1000,0.9487,0.0000,4.7758,1.2325,0.8182
3,3,3036,3037,2,2,1,0.7500,3036.348,419.326,888.000,8.1829,16.0000,1.0435,0.7292,4.9297,0.5333,0.2667,0.2000,0.7071,0.0000,4.9298,0.7703,1.0000
5,3,3037,3038,2,2,2,0.6250,3037.351,570.156,890.416,10.6097,20.0000,1.2987,0.5656,6.1621,0.3432,0.2505,0.4063,0.6059,0.3645,4.6215,1.8486,0.6753
4,3,3040,3042,3,1,2,0.6667,3041.037,491.000,1022.185,8.3180,16.0000,1.1852,0.9806,4.9290,0.5357,0.3214,0.1429,1.0000,0.0000,4.6211,1.5403,0.8148
5,3,3043,3045,3,2,2,0.4167,3044.014,799.429,565.843,9.6434,17.0000,1.2143,0.5928,5.2368,0.5461,0.2256,0.2283,0.8117,0.4177,4.6206,1.0782,0.6571
5,3,3044,3045,2,3,1,0.8333,3044.368,521.779,642.000,9.3678,16.0000,1.1765,0.8618,4.9288,0.5854,0.2927,0.1220,0.3162,0.0000,4.6206,1.5402,0.6618
4,3,3044,3046,3,1,2,0.6667,3044.965,858.000,1262.228,8.7791,16.0000,1.1228,0.9915,4.9288,0.5357,0.3214,0.1429,1.0000,0.0000,4.6205,1.5402,0.7719
7,3,3046,3048,3,3,1,0.7778,3047.241,820.885,502.000,10.1285,16.0000,1.2874,0.2673,4.9283,0.4747,0.4312,0.0941,0.5071,0.0000,3.0801,1.2320,0.5287
4,3,3052,3055,4,1,1,1.0000,3053.448,371.000,835.000,8.9309,16.0000,1.1034,0.4483,4.9274,0.9375,0.0000,0.0625,1.0000,0.0000,4.3115,0.6160,0.7931
3,3,3055,3056,2,2,1,0.7500,3055.304,430.304,918.000,8.1784,18.0000,1.1739,0.4304,5.5430,0.5333,0.2667,0.2000,0.7071,0.0000,4.0033,0.4619,1.0000
5,3,3059,3061,3,1,2,0.8333,3060.197,738.000,1143.379,9.0878,16.0000,1.2121,0.4269,4.9263,0.5854,0.2927,0.1220,0.9487,0.0000,4.0025,0.9236,0.6818
6,4,3060,3061,2,2,2,0.7500,3060.529,510.494,716.494,10.9355,17.0000,1.1724,0.8498,5.2341,0.0000,0.6000,0.4000,0.7071,0.5774,4.7722,1.2315,0.7011
5,3,3061,3063,3,2,1,0.8333,3062.161,615.677,824.000,8.5365,14.0000,1.1290,1.2053,4.3104,0.5854,0.2927,0.1220,0.9487,0.0000,4.6180,0.9237,0.6774
3,3,3067,3068,2,2,1,0.7500,3067.333,541.667,613.000,7.4643,14.0000,1.0000,0.7454,4.3095,0.5333,0.2667,0.2000,0.7071,0.0000,4.0017,1.3852,1.0000
4,3,3067,3069,3,1,2,0.6667,3068.179,659.000,721.821,8.6187,18.0000,1.2857,0.2525,5.5406,0.7500,0.1500,0.1000,0.9487,0.0000,4.6172,1.2312,0.8214
3,3,3068,3069,2,2,1,0.7500,3068.659,477.318,629.000,7.8193,15.0000,1.0227,0.7319,4.6172,0.5333,0.2667,0.2000,0.7071,0.0000,5.2327,1.5390,1.0000
4,3,3071,3073,3,2,1,0.6667,3071.778,665.204,1008.000,8.3099,15.0000,1.1111,0.8040,4.6167,0.7500,0.1500,0.1000,0.9487,0.0000,4.0010,0.9234,0.7963
9,4,3077,3079,3,3,3,0.3333,3077.905,776.048,814.762,12.9238,20.0000,1.4286,0.2608,6.1542,0.3022,0.4318,0.2659,0.6140,0.3670,4.0001,1.5386,0.6508
7,3,3080,3082,3,2,2,0.5833,3081.133,226.530,704.422,9.6521,14.0000,1.1807,0.6902,4.3075,0.4116,0.1986,0.3898,0.7926,0.0000,3.0767,0.3077,0.5060
4,3,3091,3094,4,1,1,1.0000,3092.661,598.000,999.000,8.6117,17.0000,1.2143,0.3393,5.2285,0.9375,0.0000,0.0625,1.0000,0.0000,4.7671,1.3840,0.8214
7,3,3095,3097,3,2,2,0.5833,3096.084,385.474,937.126,11.0423,17.0000,1.2526,1.0638,5.2278,0.4600,0.2645,0.2756,1.0000,0.0000,3.6903,0.6150,0.4947
5,3,3103,3105,3,2,1,0.8333,3103.761,348.448,957.000,9.2125,15.0000,1.1194,0.9404,4.6120,0.5854,0.2927,0.1220,0.9487,0.0000,3.9969,1.0761,0.6567
5,3,3108,3110,3,1,2,0.8333,3108.766,882.000,712.438,8.7988,15.0000,1.1719,0.4963,4.6112,0.5854,0.2927,0.1220,0.9487,0.0000,4.6112,0.9222,0.6719
4,4,3109,3112,4,1,1,1.0000,3110.500,460.000,1098.000,8.9147,15.0000,1.0345,0.5000,4.6111,0.9375,0.0000,0.0625,1.0000,0.0000,4.7648,1.3833,1.0000
3,3,3114,3116,3,1,1,1.0000,3114.978,437.000,1046.000,8.1632,17.0000,1.1087,0.0217,5.2253,0.8889,0.0000,0.1111,1.0000,0.0000,4.9180,1.2295,1.0000
10,4,3115,3117,3,3,3,0.3704,3115.830,577.326,914.148,13.1216,22.0000,1.6296,0.3965,6.7620,0.4921,0.1915,0.3164,0.7362,0.6543,4.1495,1.5368,0.5185
5,3,3115,3117,3,1,2,0.8333,3116.119,643.000,847.612,9.2096,17.0000,1.2687,0.4060,5.2252,0.5854,0.2927,0.1220,0.9487,0.0000,4.6104,0.7684,0.6716
5,3,3123,3124,2,1,3,0.8333,3123.584,566.000,1145.169,10.5825,20.0000,1.2987,0.6083,6.1463,0.5854,0.2927,0.1220,0.3162,0.0000,3.9950,0.9219,0.6753
7,3,3124,3125,2,2,4,0.4375,3124.412,535.353,394.459,9.8729,16.0000,1.3176,0.7104,4.9170,0.7415,0.1286,0.1299,0.2911,0.4705,3.3804,0.6146,0.5294
3,3,3127,3129,3,1,1,1.0000,3128.040,583.000,1063.000,8.8706,18.0000,1.0800,0.0400,5.5312,0.8889,0.0000,0.1111,1.0000,0.0000,4.9165,1.2291,1.0000
4,3,3127,3128,2,1,2,1.0000,3127.492,634.000,928.492,9.0651,16.0000,1.0847,0.7072,4.9167,0.0000,0.7500,0.2500,0.0000,0.0000,4.9167,1.8438,0.7797
5,3,3128,3130,3,1,2,0.8333,3128.690,361.000,1181.634,9.7569,17.0000,1.1972,0.7813,5.2239,0.5854,0.2927,0.1220,0.9487,0.0000,5.5312,1.8437,0.7042
3,3,3129,3131,3,1,1,1.0000,3130.000,570.000,547.000,7.8059,16.0000,1.0909,0.0000,4.9164,0.8889,0.0000,0.1111,1.0000,0.0000,3.9947,0.7682,1.0000
4,3,3133,3134,2,2,1,1.0000,3133.466,583.466,986.000,8.9106,17.0000,1.1724,0.6583,5.2235,0.0000,0.7500,0.2500,1.0000,0.0000,4.9162,1.5363,0.7759
5,3,3135,3136,2,1,3,0.8333,3135.531,436.000,1046.766,8.7941,15.0000,1.1719,0.9319,4.6088,0.5854,0.2927,0.1220,0.3162,0.0000,3.9943,0.6145,0.6875
19,8,3137,3140,4,4,4,0.2969,3138.902,937.547,557.902,17.9035,24.0000,1.7953,0.5647,7.3738,0.4393,0.2676,0.2932,0.6866,0.7075,3.5333,1.0754,0.5039
27,15,3138,3141,4,3,5,0.4500,3139.134,1252.196,939.765,22.8828,22.0000,1.5349,0.3345,6.7593,0.4454,0.2928,0.2618,0.4391,0.2496,3.9942,1.5362,0.6486
5,3,3140,3142,3,1,2,0.8333,3141.123,396.000,678.615,8.9310,15.0000,1.1538,0.4038,4.6085,0.5854,0.2927,0.1220,0.9487,0.0000,3.9941,0.9217,0.6615
13,8,3142,3145,4,3,3,0.3611,3143.468,919.000,959.285,15.8491,20.0000,1.3978,0.5477,6.1446,0.4389,0.3383,0.2228,0.3095,0.1192,3.9940,1.0753,0.7151
3,3,3143,3145,3,1,1,1.0000,3144.044,502.000,815.000,7.9821,16.0000,1.0667,0.9556,4.9156,0.8889,0.0000,0.1111,1.0000,0.0000,4.9157,1.5361,1.0000
4,3,3144,3145,2,1,2,1.0000,3144.436,787.000,835.527,8.4488,16.0000,1.1636,0.6844,4.9157,0.0000,0.7500,0.2500,0.0000,0.0000,4.7620,1.5361,0.8182
4,3,3145,3146,2,1,2,1.0000,3145.508,804.000,891.458,9.0632,16.0000,1.0847,0.6841,4.9156,0.0000,0.7500,0.2500,0.0000,0.0000,5.2228,0.3072,0.7797
4,3,3146,3148,3,2,1,0.6667,3146.925,328.547,446.000,8.1415,15.0000,1.1321,0.4591,4.6084,0.7576,0.1294,0.1129,0.8507,0.0000,3.9939,0.9217,0.8113
4,3,3146,3147,2,1,3,0.6667,3146.561,790.000,1109.895,8.7559,17.0000,1.1930,0.9965,5.2228,0.7576,0.1294,0.1129,0.5257,0.0000,4.7620,1.5361,0.8070
5,3,3148,3150,3,1,2,0.8333,3149.114,755.000,462.600,9.6176,16.0000,1.1429,0.6108,4.9156,0.5854,0.2927,0.1220,0.9487,0.0000,5.2228,1.5361,0.6714
4,3,3156,3157,2,2,1,1.0000,3156.509,277.526,768.000,8.7559,16.0000,1.1228,0.6951,4.9156,0.0000,0.7500,0.2500,1.0000,0.0000,5.3764,1.6897,0.7895
4,3,3156,3157,2,2,1,1.0000,3156.482,460.500,384.000,8.6023,15.0000,1.0714,0.6946,4.6084,0.0000,0.7500,0.2500,1.0000,0.0000,4.6084,0.3072,0.7679
3,3,3157,3158,2,1,2,0.7500,3157.674,324.000,582.349,7.6272,15.0000,1.0465,0.7280,4.6084,0.5333,0.2667,0.2000,0.7071,0.0000,4.3012,1.0753,1.0000
4,3,3159,3162,4,1,1,1.0000,3160.351,445.000,1077.000,8.7561,16.0000,1.1228,1.3509,4.9157,0.9375,0.0000,0.0625,1.0000,0.0000,5.0693,1.5361,0.8246
6,4,3161,3163,3,2,2,0.5000,3161.894,485.494,934.882,10.6614,17.0000,1.2000,0.5188,5.2230,0.3810,0.3333,0.2857,0.9487,0.1690,4.4549,0.6145,0.7647
3,3,3179,3180,2,2,1,0.7500,3179.304,431.674,958.000,8.1616,17.0000,1.1087,0.4460,5.2242,0.5333,0.2667,0.2000,0.7071,0.0000,4.9169,0.9219,1.0000
6,4,3180,3182,3,3,1,0.6667,3180.964,399.190,735.000,10.5389,17.0000,1.2143,0.9829,5.2243,0.6944,0.2222,0.0833,0.8000,0.0000,4.6098,1.2293,0.7143
4,3,3187,3188,2,2,1,1.0000,3187.462,827.538,649.000,7.9915,14.0000,1.0769,0.7092,4.3032,0.0000,0.7500,0.2500,1.0000,0.0000,4.3031,1.2294,0.8077
6,3,3191,3193,3,2,2,0.5000,3191.757,474.865,787.527,9.2867,15.0000,1.2162,0.5488,4.6110,0.3810,0.3333,0.2857,0.9487,0.1690,3.5351,0.9222,0.5811
4,3,3204,3205,2,2,1,1.0000,3204.453,442.547,724.000,8.1494,15.0000,1.1321,0.6404,4.6128,0.0000,0.7500,0.2500,1.0000,0.0000,4.9203,1.5376,0.8113
4,3,3204,3205,2,2,2,0.5000,3204.273,484.545,1074.182,8.4569,15.0000,1.0909,0.6364,4.6129,0.5916,0.1015,0.3069,0.5000,0.5000,4.9203,1.5376,0.8182
5,3,3208,3209,2,2,2,0.6250,3208.427,522.840,922.640,10.3161,19.0000,1.2667,0.5807,5.8437,0.3432,0.2505,0.4063,0.6059,0.3645,4.9212,1.9991,0.6800
4,3,3209,3211,3,1,2,0.6667,3210.214,416.000,653.786,8.6124,16.0000,1.1429,0.3030,4.9214,0.7500,0.1500,0.1000,0.9487,0.0000,3.9987,0.9228,0.7857
6,3,3210,3212,3,2,2,0.5000,3211.354,459.134,747.524,10.2973,17.0000,1.2439,0.6466,5.2291,0.6373,0.1269,0.2358,0.8795,0.0724,4.6140,1.3842,0.5976
3,3,3212,3214,3,1,1,1.0000,3213.000,518.000,1012.000,7.6370,15.0000,1.0465,0.0000,4.6143,0.8889,0.0000,0.1111,1.0000,0.0000,3.9992,1.2305,1.0000
3,3,3217,3218,2,1,2,0.7500,3217.694,582.000,815.306,8.7041,19.0000,1.1633,0.4329,5.8459,0.5333,0.2667,0.2000,0.7071,0.0000,4.9228,1.2308,1.0000
6,3,3219,3221,3,2,2,0.5000,3220.217,539.639,963.711,10.4263,18.0000,1.3012,1.0510,5.5388,0.6381,0.1455,0.2164,0.8019,0.3768,5.2307,2.0001,0.7349
6,4,3222,3223,2,2,2,0.7500,3222.513,830.487,976.256,9.7991,16.0000,1.2308,0.7351,4.9237,0.2667,0.1333,0.6000,0.7071,0.7071,4.6158,1.2309,0.7436
4,3,3223,3224,2,2,2,0.5000,3223.818,410.255,511.745,8.4629,17.0000,1.2364,0.4033,5.2316,0.0000,0.5625,0.4375,0.4459,0.5774,4.6162,1.5387,0.8182
3,3,3226,3228,3,1,1,1.0000,3227.021,296.000,614.000,8.3516,18.0000,1.1489,0.0213,5.5399,0.8889,0.0000,0.1111,1.0000,0.0000,5.2323,1.0772,1.0000
4,3,3228,3229,2,2,1,1.0000,3228.439,374.561,816.000,8.7720,18.0000,1.2632,0.6203,5.5401,0.0000,0.7500,0.2500,1.0000,0.0000,4.3091,0.9234,0.8070
4,3,3229,3230,2,1,2,1.0000,3229.462,260.000,933.538,8.0028,14.0000,1.0769,0.7092,4.3093,0.0000,0.7500,0.2500,0.0000,0.0000,4.0013,0.9234,0.8077
6,3,3230,3232,3,2,2,0.5000,3231.165,420.570,661.810,9.9275,16.0000,1.2152,0.4984,4.9250,0.3810,0.3333,0.2857,0.9487,0.1690,4.7712,1.2313,0.5696
3,3,3231,3233,3,1,1,1.0000,3231.977,668.000,918.000,7.6420,15.0000,1.0465,0.9767,4.6172,0.8889,0.0000,0.1111,1.0000,0.0000,4.6174,0.9235,1.0000
4,3,3231,3232,2,2,1,1.0000,3231.500,906.467,428.000,9.2346,17.0000,1.1333,0.6839,5.2330,0.0000,0.7500,0.2500,1.0000,0.0000,4.3094,0.7696,0.7833
4,3,3234,3237,4,1,1,1.0000,3235.615,724.000,982.000,8.0042,14.0000,1.0769,0.6154,4.3101,0.9375,0.0000,0.0625,1.0000,0.0000,4.6178,0.6156,0.8077
5,3,3236,3237,2,2,2,0.6250,3236.606,634.303,1026.227,9.0868,16.0000,1.2121,0.7147,4.9257,0.3432,0.2505,0.4063,0.6059,0.3645,5.2337,1.3854,0.6970
5,3,3237,3238,2,1,3,0.8333,3237.642,339.000,881.164,9.2247,15.0000,1.1194,0.3940,4.6180,0.5854,0.2927,0.1220,0.3162,0.0000,4.6180,1.8472,0.6418
3,3,3238,3239,2,1,2,0.7500,3238.341,333.000,763.318,7.8210,15.0000,1.0227,0.4663,4.6181,0.5333,0.2667,0.2000,0.7071,0.0000,4.9259,1.2315,1.0000
6,3,3239,3241,3,2,2,0.5000,3239.622,923.149,790.676,9.3012,14.0000,1.1351,0.9301,4.3103,0.5034,0.2551,0.2415,0.9677,0.2521,4.4642,1.8473,0.5676
3,3,3242,3243,2,2,1,0.7500,3242.378,296.689,1007.000,7.9993,17.0000,1.1333,0.6957,5.2342,0.5333,0.2667,0.2000,0.7071,0.0000,4.6184,1.2315,1.0000
4,3,3242,3245,4,1,1,1.0000,3243.458,347.000,747.000,9.0830,16.0000,1.0847,0.5424,4.9264,0.9375,0.0000,0.0625,1.0000,0.0000,4.9263,1.5395,0.7797
5,3,3243,3245,3,2,2,0.4167,3244.333,432.213,896.840,10.3273,19.0000,1.2667,0.7180,5.8502,0.6489,0.0995,0.2515,0.9362,0.2726,5.2344,1.3856,0.7067
9,3,3245,3248,4,3,2,0.3750,3246.110,605.186,958.780,12.1110,17.0000,1.2966,1.2257,5.2345,0.7003,0.0972,0.2025,0.9504,0.1784,4.3107,1.5395,0.5085
10,5,3245,3247,3,4,3,0.2778,3245.748,701.022,1236.446,13.5342,19.0000,1.3669,0.6089,5.8502,0.6377,0.1358,0.2264,0.1740,0.0797,4.4647,1.2316,0.5827
6,3,3246,3248,3,2,2,0.5000,3247.427,382.280,774.220,10.3077,18.0000,1.3171,1.0081,5.5424,0.5034,0.2551,0.2415,0.9677,0.2521,4.1568,0.9237,0.5976
3,3,3254,3256,3,1,1,1.0000,3254.956,365.000,856.000,7.9998,16.0000,1.0667,0.9556,4.9266,0.8889,0.0000,0.1111,1.0000,0.0000,4.3108,0.7698,1.0000
3,3,3257,3258,2,2,1,0.7500,3257.651,401.326,865.000,7.6441,15.0000,1.0465,0.7280,4.6186,0.5333,0.2667,0.2000,0.7071,0.0000,4.0027,0.3079,1.0000
4,3,3263,3265,3,2,1,0.6667,3263.857,440.250,1113.000,8.6205,18.0000,1.2857,0.8929,5.5419,0.5357,0.3214,0.1429,1.0000,0.0000,4.9260,1.8472,0.8214
3,3,3275,3277,3,1,1,1.0000,3276.000,282.000,610.000,7.8189,15.0000,1.0227,1.0000,4.6169,0.8889,0.0000,0.1111,1.0000,0.0000,4.9245,1.5389,1.0000
5,3,3279,3281,3,3,1,0.5556,3279.710,166.097,988.000,8.5332,14.0000,1.1290,1.3064,4.3087,0.8123,0.1108,0.0769,0.7071,0.0000,4.6163,1.2310,0.6774
6,3,3285,3288,4,2,2,0.3750,3286.756,610.683,881.476,10.3006,17.0000,1.2439,0.6215,5.2308,0.8091,0.0682,0.1227,0.8627,0.0802,4.6155,1.5385,0.7317
5,3,3287,3288,2,2,3,0.4167,3287.219,456.594,1025.016,8.8067,15.0000,1.1719,0.6330,4.6154,0.5461,0.2256,0.2283,0.1201,0.5647,4.6153,1.6923,0.6719
7,3,3291,3293,3,2,3,0.3889,3291.563,577.874,772.184,10.1169,15.0000,1.2069,0.4905,4.6149,0.6814,0.1697,0.1489,0.6007,0.0391,4.6150,1.8460,0.4943
9,3,3291,3293,3,3,2,0.5000,3292.034,760.991,544.664,11.8962,17.0000,1.3190,0.3381,5.2302,0.4059,0.2474,0.3467,0.6572,0.2610,4.3072,1.5383,0.4138
3,3,3298,3299,2,1,2,0.7500,3298.682,917.000,942.318,7.8147,16.0000,1.0909,0.4500,4.9219,0.5333,0.2667,0.2000,0.7071,0.0000,4.6144,1.0767,1.0000
4,3,3306,3307,2,2,1,1.0000,3306.561,240.474,1019.000,8.7665,16.0000,1.1228,0.6456,4.9215,0.0000,0.7500,0.2500,1.0000,0.0000,4.6139,1.5380,0.8070
3,3,3309,3311,3,1,1,1.0000,3310.000,926.000,972.000,7.9914,17.0000,1.1333,0.0000,5.2290,0.8889,0.0000,0.1111,1.0000,0.0000,4.9214,2.4607,1.0000
5,3,3311,3313,3,2,2,0.4167,3312.000,673.778,859.222,8.6661,15.0000,1.1905,0.3143,4.6138,0.4138,0.1655,0.4207,1.0000,0.0000,4.7676,2.1531,0.6825
4,3,3311,3312,2,2,2,0.5000,3311.464,799.179,631.268,8.6125,16.0000,1.1429,0.6250,4.9214,0.5916,0.1015,0.3069,0.7071,0.7071,4.9214,1.8455,0.8214
3,3,3315,3316,2,2,1,0.7500,3315.333,288.333,507.000,7.4586,14.0000,1.0000,0.4714,4.3062,0.5333,0.2667,0.2000,0.7071,0.0000,4.6138,1.2303,1.0000
4,3,3315,3316,2,1,2,1.0000,3315.544,563.000,796.456,8.7662,17.0000,1.1930,0.6451,5.2290,0.0000,0.7500,0.2500,0.0000,0.0000,3.9986,0.3076,0.7895
3,3,3317,3318,2,2,1,0.7500,3317.326,575.326,1059.000,7.6362,15.0000,1.0465,0.4604,4.6138,0.5333,0.2667,0.2000,0.7071,0.0000,3.9987,1.2304,1.0000
22,12,3323,3327,5,4,3,0.3667,3325.832,537.768,253.267,20.6581,23.0000,1.6063,0.3913,7.0749,0.5679,0.2175,0.2146,0.8035,0.3222,3.9988,0.7690,0.6317
5,3,3323,3325,3,1,2,0.8333,3324.224,765.000,1117.537,9.2167,17.0000,1.2687,0.5821,5.2292,0.5854,0.2927,0.1220,0.9487,0.0000,4.6140,0.6152,0.6866
5,4,3324,3326,3,1,2,0.8333,3325.236,541.000,576.403,9.9046,18.0000,1.2500,0.4669,5.5368,0.5854,0.2927,0.1220,0.9487,0.0000,4.6141,0.9228,0.8472
4,3,3324,3325,2,2,1,1.0000,3324.569,613.466,605.000,8.9204,17.0000,1.1724,0.6344,5.2292,0.0000,0.7500,0.2500,1.0000,0.0000,4.3064,0.7690,0.8103
5,3,3329,3331,3,1,2,0.8333,3329.725,529.000,608.449,9.4923,16.0000,1.1594,0.9102,4.9218,0.5854,0.2927,0.1220,0.9487,0.0000,4.6142,1.6919,0.6522
4,3,3339,3340,2,2,1,1.0000,3339.491,242.544,505.000,8.7680,16.0000,1.1228,0.6833,4.9224,0.0000,0.7500,0.2500,1.0000,0.0000,4.7685,0.9230,0.7895
4,3,3343,3345,3,2,1,0.6667,3343.927,110.745,875.000,8.4608,17.0000,1.2364,0.2647,5.2303,0.5357,0.3214,0.1429,1.0000,0.0000,4.6150,1.5383,0.8182
10,3,3343,3346,4,3,2,0.4167,3344.400,453.872,677.920,12.1617,15.0000,1.2000,1.1995,4.6150,0.3432,0.4937,0.1632,0.8460,0.0874,3.9997,1.2307,0.4560
8,4,3350,3352,3,2,3,0.4444,3351.113,410.802,694.330,11.5314,17.0000,1.2830,1.1779,5.2307,0.5452,0.2911,0.1637,0.8024,0.1595,4.4616,0.7692,0.5849
4,3,3361,3364,4,1,1,1.0000,3362.407,614.000,858.000,8.3088,16.0000,1.1852,0.5926,4.9238,0.9375,0.0000,0.0625,1.0000,0.0000,4.6160,0.9232,0.8148
4,3,3364,3366,3,1,2,0.6667,3365.358,400.000,857.736,8.1552,15.0000,1.1321,0.6938,4.6162,0.7500,0.1500,0.1000,0.9487,0.0000,4.6161,1.5387,0.8113
5,4,3371,3373,3,2,1,0.8333,3372.227,607.400,972.000,10.3224,18.0000,1.2000,0.4598,5.5396,0.5854,0.2927,0.1220,0.9487,0.0000,4.6163,1.2310,0.8267
3,3,3374,3375,2,1,2,0.7500,3374.689,397.000,828.644,7.9958,16.0000,1.0667,0.7156,4.9241,0.5333,0.2667,0.2000,0.7071,0.0000,4.9241,1.2310,1.0000
4,3,3375,3376,2,2,1,1.0000,3375.556,506.463,699.000,8.3095,15.0000,1.1111,0.6418,4.6164,0.0000,0.7500,0.2500,1.0000,0.0000,4.7703,1.2310,0.8148
5,3,3377,3379,3,2,1,0.8333,3378.269,666.358,642.000,9.2215,16.0000,1.1940,0.8144,4.9242,0.5854,0.2927,0.1220,0.9487,0.0000,4.6164,1.2310,0.6716
33,22,3378,3381,4,4,5,0.4125,3379.734,1242.439,960.045,30.0015,30.0000,1.7679,0.5155,9.2328,0.4764,0.0083,0.5153,0.5229,0.5825,4.0009,1.5388,0.7732
7,3,3379,3380,2,2,3,0.5833,3379.590,322.530,593.880,9.6547,15.0000,1.2651,0.6807,4.6164,0.4116,0.1986,0.3898,0.4312,0.7071,3.6931,1.3849,0.5181
3,3,3380,3382,3,1,1,1.0000,3381.023,515.000,672.000,7.8181,15.0000,1.0227,0.0227,4.6164,0.8889,0.0000,0.1111,1.0000,0.0000,4.9241,1.2310,1.0000
4,3,3383,3384,2,1,2,1.0000,3383.473,701.000,546.491,8.4633,15.0000,1.0909,0.6947,4.6163,0.0000,0.7500,0.2500,0.0000,0.0000,4.7702,1.5388,0.7818
4,3,3386,3387,2,2,1,1.0000,3386.481,463.519,1076.000,8.3092,14.0000,1.0370,0.7076,4.3085,0.0000,0.7500,0.2500,1.0000,0.0000,4.6162,1.5387,0.7778
5,3,3389,3390,2,2,2,0.6250,3389.609,954.844,974.406,8.8080,15.0000,1.1719,0.7277,4.6160,0.3432,0.2505,0.4063,0.6059,0.3645,4.0006,0.7694,0.6719
4,3,3391,3392,2,2,1,1.0000,3391.545,442.564,600.000,8.4626,16.0000,1.1636,0.6301,4.9236,0.0000,0.7500,0.2500,1.0000,0.0000,4.1543,0.9232,0.8182
4,3,3392,3393,2,2,1,1.0000,3392.534,344.500,520.000,8.9240,16.0000,1.1034,0.6832,4.9236,0.0000,0.7500,0.2500,1.0000,0.0000,4.1543,1.0770,0.7759
4,3,3406,3407,2,2,1,1.0000,3406.481,223.537,749.000,8.3055,15.0000,1.1111,0.6951,4.6141,0.0000,0.7500,0.2500,1.0000,0.0000,3.9990,1.0767,0.7963
5,3,3407,3409,3,2,1,0.8333,3407.881,444.582,575.000,9.2165,17.0000,1.2687,0.5942,5.2291,0.5854,0.2927,0.1220,0.9487,0.0000,3.9986,1.2303,0.6716
3,3,3426,3427,2,2,1,0.7500,3426.612,444.673,615.000,8.6944,19.0000,1.1633,0.6939,5.8395,0.5333,0.2667,0.2000,0.7071,0.0000,4.6099,1.5367,1.0000
4,3,3434,3436,3,2,1,0.6667,3435.077,282.731,615.000,7.9874,14.0000,1.0769,0.7348,4.3009,0.5357,0.3214,0.1429,1.0000,0.0000,4.6080,1.2289,0.8077
4,3,3435,3436,2,2,2,0.5000,3435.259,288.259,517.796,8.2945,15.0000,1.1111,0.4194,4.6081,0.0000,0.5625,0.4375,0.4459,0.5774,4.9152,1.2288,0.7963
4,3,3436,3439,4,1,1,1.0000,3437.642,231.000,890.000,8.1400,15.0000,1.1321,1.3585,4.6073,0.9375,0.0000,0.0625,1.0000,0.0000,4.9149,1.8429,0.8113
5,3,3438,3439,2,2,2,0.6250,3438.615,313.462,614.154,8.9287,15.0000,1.1538,0.8321,4.6075,0.3432,0.2505,0.4063,0.6059,0.3645,4.9145,0.9215,0.6923
5,4,3441,3442,2,3,1,0.8333,3441.595,139.257,623.000,10.1638,17.0000,1.1486,0.4799,5.2210,0.5854,0.2927,0.1220,0.3162,0.0000,5.2210,0.7678,0.8514
7,3,3442,3445,4,2,2,0.4375,3443.551,418.708,991.157,10.3304,15.0000,1.1798,0.5586,4.6064,0.8522,0.0413,0.1065,0.9646,0.1833,4.6064,1.2284,0.6404
4,3,3446,3449,4,1,1,1.0000,3447.474,331.000,797.000,8.7511,15.0000,1.0526,0.4737,4.6059,0.9375,0.0000,0.0625,1.0000,0.0000,4.7594,0.1535,0.7719
3,3,3447,3448,2,2,1,0.7500,3447.681,381.362,547.000,8.3320,17.0000,1.0851,0.7136,5.2199,0.5333,0.2667,0.2000,0.7071,0.0000,4.2989,1.2282,1.0000
7,3,3452,3454,3,3,2,0.3889,3452.583,352.702,767.750,9.7473,15.0000,1.2500,0.8541,4.6051,0.4740,0.3590,0.1670,0.7535,0.5012,3.6842,1.2280,0.5119
7,3,3453,3454,2,4,2,0.4375,3453.839,668.448,1248.609,10.0951,15.0000,1.2069,0.6161,4.6050,0.7406,0.0824,0.1770,0.0990,0.8569,3.3770,1.2280,0.4943
4,3,3455,3457,3,1,2,0.6667,3456.352,253.000,826.259,8.2886,15.0000,1.1111,0.4371,4.6048,0.7500,0.1500,0.1000,0.9487,0.0000,4.7582,0.9209,0.8148
5,3,3456,3457,2,2,3,0.4167,3456.606,338.788,630.000,9.0609,15.0000,1.1364,0.6421,4.6048,0.5461,0.2256,0.2283,0.5716,0.7118,4.6047,1.5349,0.6667
4,3,3459,3460,2,2,1,1.0000,3459.561,574.439,519.000,8.7485,17.0000,1.1930,0.6203,5.2184,0.0000,0.7500,0.2500,1.0000,0.0000,4.2975,0.7674,0.8246
4,3,3460,3461,2,2,1,1.0000,3460.484,535.562,638.000,9.8228,18.0000,1.1250,0.6527,5.5254,0.0000,0.7500,0.2500,1.0000,0.0000,4.7579,1.0744,0.7969
4,3,3460,3463,4,1,1,1.0000,3461.418,803.000,493.000,8.4414,15.0000,1.0909,0.4182,4.6044,0.9375,0.0000,0.0625,1.0000,0.0000,4.7579,1.0743,0.8000
4,3,3469,3470,2,2,1,1.0000,3469.462,506.462,323.000,7.9804,14.0000,1.0769,0.6527,4.2972,0.0000,0.7500,0.2500,1.0000,0.0000,4.2972,1.5347,0.8077
7,3,3469,3471,3,2,2,0.5833,3469.719,640.258,550.562,10.3251,16.0000,1.2584,0.5811,4.9110,0.5806,0.0526,0.3668,0.8835,0.4677,3.6833,0.3069,0.5056
4,3,3472,3473,2,1,2,1.0000,3472.500,485.000,717.571,8.5943,18.0000,1.2857,0.6585,5.5249,0.0000,0.7500,0.2500,0.0000,0.0000,3.9902,0.7673,0.8214
5,3,3472,3474,3,2,2,0.4167,3472.594,818.219,934.156,8.7851,14.0000,1.0937,0.6518,4.2972,0.6338,0.1686,0.1975,0.9585,0.2851,4.9110,1.3812,0.6562
3,3,3478,3480,3,1,1,1.0000,3479.000,719.000,925.000,7.7976,16.0000,1.0909,0.0000,4.9112,0.8889,0.0000,0.1111,1.0000,0.0000,3.6834,0.9208,1.0000
5,4,3481,3483,3,2,1,0.8333,3482.189,382.365,845.000,10.1584,17.0000,1.1486,0.4110,5.2183,0.5854,0.2927,0.1220,0.9487,0.0000,5.5252,1.2278,0.8514
5,3,3483,3484,2,2,3,0.4167,3483.400,709.631,496.015,8.9231,15.0000,1.1538,0.5446,4.6045,0.7383,0.0485,0.2132,0.5000,0.7071,4.6044,1.6883,0.6769
4,3,3486,3487,2,2,1,1.0000,3486.429,310.536,526.000,8.5954,16.0000,1.1429,0.6860,4.9116,0.0000,0.7500,0.2500,1.0000,0.0000,4.9116,1.8419,0.8214
7,3,3486,3488,3,2,3,0.3889,3486.709,795.767,851.291,9.9783,16.0000,1.3023,0.8011,4.9116,0.1744,0.5955,0.2301,0.3777,0.2195,3.6838,1.2279,0.5233
4,3,3491,3492,2,3,1,0.6667,3491.453,316.906,956.000,8.1357,15.0000,1.1321,1.0126,4.6050,0.7576,0.1294,0.1129,0.5257,0.0000,3.9911,0.3070,0.8113
8,3,3493,3495,3,1,4,0.6667,3494.173,911.000,475.048,11.2892,18.0000,1.3846,0.1796,5.5264,0.6094,0.3281,0.0625,0.5547,0.0000,4.2984,1.5351,0.4615
5,3,3501,3503,3,2,1,0.8333,3502.323,112.615,914.000,8.9269,16.0000,1.2308,0.7786,4.9136,0.5854,0.2927,0.1220,0.9487,0.0000,4.6064,1.5354,0.6923
4,3,3508,3509,2,2,1,1.0000,3508.537,273.519,547.000,8.2933,15.0000,1.1111,0.6951,4.6075,0.0000,0.7500,0.2500,1.0000,0.0000,4.3002,0.9215,0.7963
6,3,3508,3511,4,2,2,0.3750,3509.575,910.150,720.725,10.0322,17.0000,1.2750,0.5280,5.2220,0.6410,0.2138,0.1452,0.9804,0.0231,4.4539,1.2287,0.5875
17,12,3511,3514,4,3,3,0.4722,3512.842,1293.542,594.791,18.8509,23.0000,1.5455,0.5283,7.0659,0.3657,0.1425,0.4918,0.9247,0.2291,4.1475,1.5359,0.7905
3,3,3513,3514,2,1,2,0.7500,3513.682,430.000,703.682,7.8045,16.0000,1.0909,0.4500,4.9156,0.5333,0.2667,0.2000,0.7071,0.0000,4.6084,0.9217,1.0000
3,3,3517,3518,2,2,1,0.7500,3517.682,393.341,816.000,7.8058,15.0000,1.0227,0.4663,4.6092,0.5333,0.2667,0.2000,0.7071,0.0000,4.9164,0.6146,1.0000
4,3,3517,3519,3,2,1,0.6667,3517.792,458.189,431.000,8.1428,15.0000,1.1321,0.8146,4.6090,0.7500,0.1500,0.1000,0.9487,0.0000,3.6874,0.6145,0.8113
6,3,3520,3522,3,3,1,0.6667,3520.762,444.913,523.000,10.0369,16.0000,1.2000,1.1891,4.9169,0.6944,0.2222,0.0833,0.6000,0.0000,4.4561,1.2292,0.5500
4,3,3527,3528,2,1,2,1.0000,3527.500,545.000,380.569,8.9150,18.0000,1.2414,0.6601,5.5333,0.0000,0.7500,0.2500,0.0000,0.0000,5.0724,1.8445,0.8103
4,3,3530,3532,3,2,1,0.6667,3531.075,833.547,510.000,8.1479,15.0000,1.1321,0.4591,4.6120,0.7576,0.1294,0.1129,0.8507,0.0000,4.6121,1.2299,0.8113
15,7,3532,3535,4,2,3,0.6250,3533.356,1295.740,608.260,16.5146,20.0000,1.4423,0.5112,6.1499,0.5518,0.2436,0.2046,0.9182,0.1027,3.6902,1.2299,0.5529
4,3,3537,3540,4,1,1,1.0000,3538.536,737.000,945.000,8.6124,16.0000,1.1429,0.5357,4.9212,0.9375,0.0000,0.0625,1.0000,0.0000,4.6140,1.3842,0.7857
5,4,3550,3552,3,2,2,0.4167,3550.859,665.141,1078.821,10.7364,20.0000,1.2821,0.2683,6.1558,0.6489,0.0995,0.2515,0.9362,0.2726,4.9244,2.1544,0.8590
3,3,3553,3555,3,1,1,1.0000,3554.022,372.000,785.000,8.1756,17.0000,1.1087,0.0217,5.2333,0.8889,0.0000,0.1111,1.0000,0.0000,4.3100,1.2315,1.0000
7,3,3554,3556,3,2,2,0.5833,3554.721,404.256,705.291,10.0067,15.0000,1.2209,0.4773,4.6178,0.3772,0.3083,0.3146,0.9758,0.2185,4.0021,0.9235,0.5116
6,3,3563,3565,3,2,1,1.0000,3563.951,621.524,385.000,10.3110,15.0000,1.0976,1.0635,4.6201,0.5556,0.3333,0.1111,1.0000,0.0000,4.6200,1.8481,0.5488
4,3,3565,3567,3,2,1,0.6667,3566.107,482.750,645.000,8.6252,16.0000,1.1429,0.2720,4.9289,0.5357,0.3214,0.1429,1.0000,0.0000,4.9287,1.5403,0.8214
7,3,3568,3570,3,3,1,0.7778,3569.058,298.209,900.000,10.0146,15.0000,1.2209,0.2172,4.6214,0.3567,0.5477,0.0956,0.5505,0.0000,3.6974,1.5404,0.5116
3,3,3569,3571,3,1,1,1.0000,3569.978,369.000,548.000,8.0049,16.0000,1.0667,0.0222,4.9298,0.8889,0.0000,0.1111,1.0000,0.0000,4.9295,0.6163,1.0000
3,3,3569,3570,2,2,1,0.7500,3569.333,540.667,909.000,7.4710,14.0000,1.0000,0.7454,4.3135,0.5333,0.2667,0.2000,0.7071,0.0000,4.6214,1.2323,1.0000
4,4,3570,3571,2,2,2,0.5000,3570.262,645.738,850.508,9.3975,16.0000,1.0492,0.9334,4.9300,0.5916,0.1015,0.3069,0.5000,0.5000,5.0838,1.3865,1.0000
7,4,3576,3578,3,2,2,0.5833,3577.228,728.250,575.446,10.7181,17.0000,1.2935,0.6495,5.2399,0.4600,0.2645,0.2756,0.8571,0.1000,4.6232,0.9248,0.6413
4,4,3586,3587,2,1,2,1.0000,3586.500,736.000,323.533,9.2517,16.0000,1.0667,0.6839,4.9344,0.0000,0.7500,0.2500,0.0000,0.0000,4.9342,1.0794,1.0000
3,3,3587,3589,3,1,1,1.0000,3588.043,387.000,482.000,8.3690,17.0000,1.0851,0.9574,5.2434,0.8889,0.0000,0.1111,1.0000,0.0000,4.9346,1.5420,1.0000
5,5,3589,3590,2,2,2,0.6250,3589.356,738.391,622.609,12.0006,19.0000,1.0920,0.6576,5.8602,0.2938,0.4054,0.3007,0.0000,0.3029,5.8602,2.1589,1.0000
21,7,3589,3591,3,7,4,0.2500,3589.742,742.856,625.469,22.9521,28.0000,1.7243,1.2870,8.6366,0.8722,0.0826,0.0452,0.0107,0.1117,5.2437,2.4676,0.7713
5,3,3589,3591,3,2,1,0.8333,3589.704,756.679,635.000,11.1732,23.0000,1.4198,0.4368,7.0943,0.5854,0.2927,0.1220,0.9487,0.0000,3.7014,0.0000,0.7284
4,3,3589,3591,3,1,2,0.6667,3589.870,779.000,657.159,10.6414,22.0000,1.2754,0.2060,6.7859,0.7500,0.1500,0.1000,0.9487,0.0000,5.2437,0.7711,0.8406
6,6,3589,3590,2,1,3,1.0000,3589.533,792.000,698.022,11.3329,17.0000,1.1333,1.0834,5.2436,0.5556,0.3333,0.1111,0.0000,0.0000,4.1640,1.2337,1.0000
6,4,3589,3591,3,1,3,0.6667,3589.920,792.000,702.284,11.0813,19.0000,1.2955,1.2866,5.8605,0.2083,0.6667,0.1250,0.4472,0.0000,3.3932,0.4629,0.7614
13,7,3589,3591,3,1,6,0.7222,3589.895,792.000,708.820,17.1096,20.0000,1.3000,2.8220,6.1690,0.7955,0.1744,0.0301,0.1493,0.0000,4.6265,0.9254,0.7100
5,3,3591,3593,3,2,1,0.8333,3591.716,89.448,593.000,9.2430,16.0000,1.1940,0.6208,4.9357,0.5854,0.2927,0.1220,0.9487,0.0000,4.6270,0.6170,0.6716
3,3,3592,3593,2,2,1,0.7500,3592.333,636.333,458.000,7.4805,14.0000,1.0000,0.4714,4.3190,0.5333,0.2667,0.2000,0.7071,0.0000,4.9358,2.1594,1.0000
6,3,3599,3600,2,2,3,0.5000,3599.474,381.132,490.355,9.5751,15.0000,1.1842,0.6065,4.6290,0.6373,0.1269,0.2358,0.4046,0.4063,4.3206,1.3887,0.5789
11,3,3599,3601,3,2,2,0.9167,3600.080,1293.457,595.449,12.8411,16.0000,1.2754,0.7096,4.9379,0.5077,0.0849,0.4074,0.9861,0.1659,3.3950,0.9259,0.3261
5,4,3601,3603,3,2,2,0.4167,3601.814,410.843,528.400,9.6622,16.0000,1.1429,0.9207,4.9381,0.7729,0.0435,0.1836,0.8328,0.5477,4.0127,0.9259,0.8429
4,3,3601,3603,3,1,2,0.6667,3601.782,934.000,513.782,8.4878,15.0000,1.0909,0.3086,4.6297,0.7500,0.1500,0.1000,0.9487,0.0000,4.6297,0.9260,0.7818
3,3,3611,3613,3,1,1,1.0000,3611.955,508.000,520.000,7.8448,16.0000,1.0909,0.9545,4.9407,0.8889,0.0000,0.1111,1.0000,0.0000,4.6324,0.9264,1.0000
6,3,3613,3615,3,2,1,1.0000,3613.924,432.519,568.000,9.9606,16.0000,1.2152,0.5245,4.9415,0.5556,0.3333,0.1111,1.0000,0.0000,4.4779,0.7721,0.5823
5,3,3618,3620,3,2,1,0.8333,3619.257,263.400,900.000,9.6707,16.0000,1.1429,0.8437,4.9429,0.5854,0.2927,0.1220,0.9487,0.0000,4.3248,0.4634,0.6571
4,3,3618,3620,3,1,2,0.6667,3618.815,399.000,444.815,8.3407,16.0000,1.1852,0.2619,4.9427,0.7500,0.1500,0.1000,0.9487,0.0000,4.6338,1.5444,0.8148
6,3,3622,3624,3,2,2,0.5000,3622.759,891.848,419.684,9.9648,17.0000,1.2911,0.4255,5.2526,0.5230,0.1584,0.3185,0.9225,0.0898,4.3255,0.4634,0.5823
3,3,3623,3625,3,1,1,1.0000,3623.977,416.000,564.000,7.6710,15.0000,1.0465,0.9767,4.6346,0.8889,0.0000,0.1111,1.0000,0.0000,4.6350,0.9270,1.0000
7,3,3633,3636,4,2,2,0.4375,3634.355,572.247,792.108,10.8660,18.0000,1.3548,0.4457,5.5642,0.8522,0.0413,0.1065,0.9646,0.1833,4.0184,2.1637,0.5269
4,3,3634,3635,2,2,1,1.0000,3634.547,459.422,531.000,9.8921,21.0000,1.3125,0.6191,6.4918,0.0000,0.7500,0.2500,1.0000,0.0000,4.9460,1.7002,0.7969
4,3,3634,3637,4,1,1,1.0000,3635.466,770.000,361.000,8.9650,16.0000,1.1034,0.4655,4.9461,0.9375,0.0000,0.0625,1.0000,0.0000,4.9461,1.2365,0.7759
3,3,3635,3637,3,1,1,1.0000,3635.978,478.000,726.000,8.2103,17.0000,1.1087,0.0217,5.2555,0.8889,0.0000,0.1111,1.0000,0.0000,4.9461,0.6183,1.0000
4,3,3640,3643,4,1,1,1.0000,3641.600,290.000,387.000,8.5031,16.0000,1.1636,0.4000,4.9473,0.9375,0.0000,0.0625,1.0000,0.0000,4.6381,1.5460,0.8000
17,6,3641,3643,3,5,3,0.3778,3641.806,287.345,1160.875,17.3985,23.0000,1.6853,0.4149,7.1118,0.5578,0.1462,0.2960,0.0649,0.7819,4.1743,0.9276,0.4526
3,3,3648,3649,2,2,1,0.7500,3648.682,662.318,929.000,7.8564,16.0000,1.0909,0.4500,4.9483,0.5333,0.2667,0.2000,0.7071,0.0000,4.9483,0.7732,1.0000
8,3,3658,3660,3,3,2,0.4444,3659.373,495.961,682.098,11.1552,16.0000,1.2549,1.1083,4.9492,0.3019,0.4872,0.2108,0.4422,0.1525,3.5573,0.3093,0.4412
4,3,3660,3661,2,1,2,1.0000,3660.545,413.000,550.491,8.5067,16.0000,1.1636,0.6825,4.9494,0.0000,0.7500,0.2500,0.0000,0.0000,4.6400,1.0827,0.8000
3,3,3672,3674,3,1,1,1.0000,3673.022,391.000,627.000,8.2160,17.0000,1.1087,0.0217,5.2591,0.8889,0.0000,0.1111,1.0000,0.0000,4.3311,0.7734,1.0000
5,3,3685,3686,2,2,2,0.6250,3685.600,658.523,632.154,8.9926,16.0000,1.2308,0.8107,4.9497,0.3432,0.2505,0.4063,0.6059,0.3645,4.7950,1.3921,0.6923
5,3,3687,3689,3,2,1,0.8333,3687.686,212.471,601.000,9.6843,19.0000,1.3571,0.8658,5.8777,0.5854,0.2927,0.1220,0.9487,0.0000,4.0216,0.6187,0.6714
4,3,3687,3689,3,1,2,0.6667,3688.036,904.000,354.750,8.6618,16.0000,1.1429,0.2525,4.9496,0.5357,0.3214,0.1429,1.0000,0.0000,4.0216,1.2374,0.7857
4,3,3688,3689,2,2,1,1.0000,3688.518,261.518,583.000,8.6618,15.0000,1.0714,0.7076,4.6403,0.0000,0.7500,0.2500,1.0000,0.0000,4.7949,0.6187,0.7857
4,3,3691,3693,3,2,1,0.6667,3691.691,686.727,363.000,8.5070,15.0000,1.0909,1.0031,4.6402,0.7500,0.1500,0.1000,0.9487,0.0000,4.9495,1.8561,0.7818
6,3,3695,3696,2,2,3,0.5000,3695.711,409.500,557.961,9.5977,15.0000,1.1842,0.5791,4.6400,0.4412,0.1872,0.3716,0.0000,0.0000,4.3307,1.2373,0.5658
4,3,3706,3707,2,1,2,1.0000,3706.500,495.000,513.482,8.6606,15.0000,1.0714,0.6946,4.6396,0.0000,0.7500,0.2500,0.0000,0.0000,4.9490,1.8558,0.7679
4,3,3707,3710,4,1,1,1.0000,3708.455,514.000,544.000,8.5058,15.0000,1.0909,0.5455,4.6395,0.9375,0.0000,0.0625,1.0000,0.0000,4.6396,1.5465,0.7818
4,3,3709,3710,2,2,1,1.0000,3709.482,412.500,625.000,8.6604,15.0000,1.0714,0.6946,4.6395,0.0000,0.7500,0.2500,1.0000,0.0000,4.6395,0.9279,0.7679
5,3,3713,3714,2,3,1,0.8333,3713.585,559.754,869.000,8.9907,15.0000,1.1538,0.6343,4.6394,0.5854,0.2927,0.1220,0.3162,0.0000,4.6393,0.9279,0.6615
4,3,3724,3726,3,1,2,0.6667,3725.143,430.000,635.821,8.6593,17.0000,1.2143,1.1567,5.2574,0.7500,0.1500,0.1000,0.9487,0.0000,4.7935,1.3917,0.8214
7,3,3726,3728,3,1,3,0.7778,3727.067,526.000,202.278,10.5199,15.0000,1.1667,0.7253,4.6388,0.1247,0.7481,0.1273,1.0000,0.0000,4.3296,1.2370,0.4778
4,3,3727,3728,2,2,1,1.0000,3727.491,556.509,901.000,8.5045,14.0000,1.0182,0.7072,4.3296,0.0000,0.7500,0.2500,1.0000,0.0000,4.9481,1.2370,0.7636
4,3,3752,3754,3,1,2,0.6667,3753.088,724.000,273.281,8.8145,16.0000,1.1228,0.2941,4.9485,0.5357,0.3214,0.1429,1.0000,0.0000,4.4846,0.6185,0.8246
4,3,3758,3761,4,1,1,1.0000,3759.667,537.000,404.000,8.8156,18.0000,1.2632,0.3333,5.5678,0.9375,0.0000,0.0625,1.0000,0.0000,4.7945,1.2372,0.8246
6,3,3759,3761,3,3,1,0.6667,3759.615,584.782,865.000,9.8498,15.0000,1.1538,0.9951,4.6397,0.2083,0.6667,0.1250,0.8944,0.0000,4.3304,1.5466,0.5513
6,4,3761,3763,3,2,2,0.5000,3762.205,472.648,627.307,11.1132,20.0000,1.3636,0.5100,6.1867,0.3218,0.4574,0.2208,0.9366,0.3505,4.9494,0.9280,0.7500
5,3,3766,3767,2,2,2,0.6250,3766.515,444.588,492.838,9.4082,18.0000,1.3235,0.7982,5.5686,0.3432,0.2505,0.4063,0.6059,0.3645,4.6407,1.5469,0.6912
4,3,3770,3771,2,1,3,0.6667,3770.453,400.000,719.094,8.1994,15.0000,1.1321,1.0126,4.6411,0.7576,0.1294,0.1129,0.5257,0.0000,4.0224,0.7736,0.8113
4,3,3771,3772,2,3,1,0.6667,3771.436,465.073,807.000,8.5091,17.0000,1.2364,0.4424,5.2601,0.7576,0.1294,0.1129,0.5257,0.0000,4.6413,1.0830,0.8182
6,3,3779,3781,3,2,2,0.5000,3779.813,402.680,567.293,9.4772,15.0000,1.2000,0.4725,4.6429,0.6381,0.1455,0.2164,0.8019,0.3768,4.3333,1.2381,0.5733
6,4,3783,3784,2,2,2,0.7500,3783.438,455.675,582.312,10.1107,16.0000,1.2000,0.8630,4.9531,0.2000,0.3333,0.4667,0.0000,0.0000,4.6436,1.5480,0.7375
6,3,3784,3786,3,3,2,0.3333,3785.025,292.863,310.875,10.1115,19.0000,1.4250,0.1875,5.8824,0.3122,0.4039,0.2838,0.0000,0.0000,4.1795,1.2384,0.6125
14,3,3787,3791,5,3,4,0.2333,3788.717,724.689,119.144,14.8970,18.0000,1.4000,0.7588,5.5740,0.2874,0.5858,0.1269,0.7108,0.1543,3.5611,1.2385,0.3611
3,3,3789,3791,3,1,1,1.0000,3790.000,438.000,239.000,7.5095,14.0000,1.0000,1.0000,4.3358,0.8889,0.0000,0.1111,1.0000,0.0000,4.6453,0.9291,1.0000
6,3,3789,3791,3,2,2,0.5000,3790.256,464.346,390.872,9.8616,16.0000,1.2308,0.8302,4.9553,0.5230,0.1584,0.3185,0.9225,0.0898,4.6452,1.5485,0.5769
4,3,3791,3793,3,1,2,0.6667,3792.071,387.000,507.464,8.6723,16.0000,1.1429,1.0382,4.9559,0.7576,0.1294,0.1129,0.8507,0.0000,4.6459,0.9292,0.7857
6,3,3791,3793,3,2,2,0.5000,3791.790,721.877,192.481,10.2418,17.0000,1.2593,0.5728,5.2653,0.3810,0.3333,0.2857,0.9487,0.1690,4.4909,1.5486,0.5926
5,3,3793,3795,3,2,2,0.4167,3794.075,586.552,603.836,9.2815,16.0000,1.1940,0.4827,4.9562,0.5461,0.2256,0.2283,0.8117,0.4177,5.2659,1.8586,0.6866
3,3,3794,3795,2,2,1,0.7500,3794.348,357.348,506.000,8.2268,16.0000,1.0435,0.7391,4.9565,0.5333,0.2667,0.2000,0.7071,0.0000,5.2660,2.0135,1.0000
4,3,3799,3800,2,1,2,1.0000,3799.472,413.000,569.472,8.2117,14.0000,1.0566,0.6671,4.3384,0.0000,0.7500,0.2500,0.0000,0.0000,4.6480,1.2395,0.7925
4,3,3802,3803,2,1,2,1.0000,3802.533,474.000,427.433,9.2984,18.0000,1.2000,0.6368,5.5792,0.0000,0.7500,0.2500,0.0000,0.0000,5.2690,1.8596,0.8000
5,3,3803,3805,3,1,2,0.8333,3803.708,549.000,359.600,9.0106,15.0000,1.1538,0.9278,4.6497,0.5854,0.2927,0.1220,0.9487,0.0000,4.6494,0.9299,0.6769
6,4,3804,3805,2,2,2,0.7500,3804.500,551.638,858.275,10.1243,15.0000,1.1250,0.6760,4.6501,0.2000,0.3333,0.4667,0.0000,0.0000,4.6499,1.0850,0.7250
3,3,3813,3814,2,2,1,0.7500,3813.667,253.689,831.000,8.0602,16.0000,1.0667,0.4560,4.9639,0.5333,0.2667,0.2000,0.7071,0.0000,4.9635,1.8614,1.0000
5,3,3814,3816,3,1,3,0.5556,3814.851,594.000,314.045,9.2967,15.0000,1.1194,0.1558,4.6541,0.5532,0.3398,0.1070,0.8281,0.0000,4.6541,1.5513,0.6418
3,3,3814,3816,3,1,1,1.0000,3815.000,945.000,514.000,7.7029,15.0000,1.0465,0.0000,4.6541,0.8889,0.0000,0.1111,1.0000,0.0000,4.0340,0.7758,1.0000
33,22,3820,3823,4,4,5,0.4125,3821.853,965.330,909.157,36.8063,50.0000,2.4229,0.3942,15.5242,0.3006,0.1264,0.5730,0.6092,0.5827,4.8122,0.9316,0.8150
5,3,3822,3824,3,1,3,0.5556,3823.239,802.000,599.821,9.3043,15.0000,1.1194,0.2985,4.6577,0.8123,0.1108,0.0769,0.7071,0.0000,4.6577,0.7763,0.6418
5,3,3824,3825,2,2,2,0.6250,3824.347,784.167,847.431,9.9997,18.0000,1.2500,0.5777,5.5898,0.3432,0.2505,0.4063,0.6059,0.3645,4.6587,1.5528,0.6806
6,3,3829,3830,2,3,2,0.5000,3829.304,683.430,422.861,10.0211,19.0000,1.4430,0.6604,5.9034,0.5034,0.2551,0.2415,0.1128,0.4328,4.5055,1.8642,0.6076
3,3,3832,3833,2,2,1,0.7500,3832.667,381.333,800.000,7.5372,14.0000,1.0000,0.7454,4.3517,0.5333,0.2667,0.2000,0.7071,0.0000,4.6626,0.9326,1.0000
4,3,3835,3836,2,2,2,0.5000,3835.811,613.283,604.264,8.2397,15.0000,1.1321,0.7870,4.6641,0.0000,0.5625,0.4375,0.4459,0.5774,5.2859,1.8656,0.8113
5,3,3837,3838,2,2,2,0.6250,3837.380,677.197,970.704,9.8745,19.0000,1.3380,0.5206,5.9085,0.3432,0.2505,0.4063,0.6059,0.3645,4.6646,1.0885,0.7042
6,4,3845,3847,3,2,1,1.0000,3846.049,787.481,889.000,10.2937,15.0000,1.1111,0.4840,4.6693,0.5556,0.3333,0.1111,1.0000,0.0000,4.6696,0.7784,0.7037
5,3,3860,3862,3,2,1,0.8333,3861.194,442.373,874.000,9.3437,16.0000,1.1940,0.4206,4.9893,0.5854,0.2927,0.1220,0.9487,0.0000,4.9892,1.5592,0.6567
4,3,3876,3878,3,2,1,0.6667,3876.845,428.172,536.000,9.0618,17.0000,1.1724,1.1680,5.3130,0.7500,0.1500,0.1000,0.9487,0.0000,5.4680,2.1873,0.8276
4,3,3877,3879,3,2,1,0.6667,3878.068,990.525,800.000,9.2197,16.0000,1.0847,0.5298,5.0012,0.7576,0.1294,0.1129,0.8507,0.0000,5.1567,1.5627,0.7966
22,10,3893,3896,4,4,4,0.3438,3894.700,665.472,922.895,24.9233,39.0000,2.3003,0.6165,12.2236,0.3903,0.1690,0.4407,0.6274,0.7733,4.3889,1.5673,0.6649
6,3,3911,3912,2,2,2,0.7500,3911.357,731.536,418.726,10.7897,18.0000,1.2857,0.6466,5.6629,0.2000,0.3333,0.4667,0.7071,0.7071,3.9333,1.2581,0.5714
3,3,3940,3942,3,1,1,1.0000,3941.000,857.000,702.000,8.0905,15.0000,1.0227,1.0000,4.7801,0.8889,0.0000,0.1111,1.0000,0.0000,5.0931,1.1151,1.0000
5,3,3945,3946,2,2,2,0.6250,3945.594,867.855,553.406,9.8559,16.0000,1.1594,0.5919,5.1117,0.3432,0.2505,0.4063,0.6059,0.3645,5.1077,0.6394,0.6667
3,3,3956,3958,3,1,1,1.0000,3956.957,670.000,473.000,8.7415,17.0000,1.0851,0.0426,5.4766,0.8889,0.0000,0.1111,1.0000,0.0000,5.7947,1.6108,1.0000
3,3,3962,3963,2,2,1,0.7500,3962.325,428.350,362.000,7.4747,14.0000,1.0500,0.7267,4.5300,0.5333,0.2667,0.2000,0.7071,0.0000,3.8873,1.6178,1.0000
4,3,3962,3963,2,2,2,0.5000,3962.750,661.788,476.481,8.4186,14.0000,1.0769,0.5817,4.5341,0.5916,0.1015,0.3069,0.5000,0.5000,4.6941,1.7807,0.7885
4,3,3962,3963,2,1,2,1.0000,3962.520,696.000,282.540,8.0931,14.0000,1.1200,0.6943,4.5300,0.0000,0.7500,0.2500,0.0000,0.0000,4.5332,0.6480,0.8000
8,3,3962,3965,4,2,2,0.5000,3963.571,798.898,486.643,11.2274,18.0000,1.4694,0.6815,5.8296,0.7266,0.1136,0.1597,0.9790,0.0404,4.0473,1.6201,0.4592
6,3,3967,3969,3,2,2,0.5000,3967.928,437.265,1028.578,11.0256,20.0000,1.4458,0.5033,6.5082,0.4412,0.1872,0.3716,0.7882,0.6154,4.7172,1.3016,0.6145
3,3,3967,3968,2,1,2,0.7500,3967.302,525.000,414.349,8.0731,15.0000,1.0465,0.4616,4.8764,0.5333,0.2667,0.2000,0.7071,0.0000,5.2015,2.1131,1.0000
4,3,3967,3968,2,2,1,1.0000,3967.509,631.472,881.000,8.6192,14.0000,1.0566,0.6943,4.5557,0.0000,0.7500,0.2500,1.0000,0.0000,4.7156,1.3007,0.7736
3,3,3972,3973,2,2,1,0.7500,3972.659,722.341,377.000,7.7386,14.0000,1.0244,0.7418,4.5784,0.5333,0.2667,0.2000,0.7071,0.0000,4.9013,1.3096,1.0000
4,3,3975,3977,3,2,1,0.6667,3976.189,739.189,591.000,8.6945,17.0000,1.2830,0.2668,5.5765,0.7500,0.1500,0.1000,0.9487,0.0000,4.5931,1.9684,0.8113
5,3,3979,3981,3,2,2,0.4167,3979.762,556.651,505.794,9.2778,14.0000,1.1111,0.8631,4.6113,0.7729,0.0435,0.1836,0.8328,0.5477,4.6066,0.9864,0.6508
4,3,3979,3981,3,2,1,0.6667,3979.941,1084.451,373.000,8.3987,15.0000,1.1765,0.4548,4.9407,0.7576,0.1294,0.1129,0.8507,0.0000,4.6091,1.4810,0.8039
6,4,3980,3982,3,1,2,1.0000,3981.013,551.000,628.443,10.6341,17.0000,1.2911,0.4432,5.6052,0.5556,0.3333,0.1111,1.0000,0.0000,3.9544,0.9907,0.7215
4,3,3982,3983,2,2,2,0.5000,3982.469,581.796,629.735,8.0903,13.0000,1.0612,0.8954,4.2952,0.5916,0.1015,0.3069,0.7071,0.7071,4.6215,1.8155,0.7959
4,3,3985,3987,3,2,1,0.6667,3985.962,815.250,429.000,8.6163,15.0000,1.1538,0.2529,4.9711,0.5357,0.3214,0.1429,1.0000,0.0000,4.6380,1.1609,0.7885
3,3,3986,3987,2,2,1,0.7500,3986.682,830.705,478.000,8.4247,17.0000,1.1591,0.4342,5.6397,0.5333,0.2667,0.2000,0.7071,0.0000,4.9715,1.3270,1.0000
3,3,3989,3991,3,1,1,1.0000,3990.045,944.000,785.000,8.4532,16.0000,1.0909,0.0455,5.3239,0.8889,0.0000,0.1111,1.0000,0.0000,4.6627,0.9989,1.0000
3,3,3997,3999,3,1,1,1.0000,3998.049,271.000,428.000,7.9378,15.0000,1.0976,0.9512,5.0344,0.8889,0.0000,0.1111,1.0000,0.0000,4.6941,1.3403,1.0000
5,3,4000,4001,2,1,3,0.8333,4000.435,625.000,84.323,9.3182,16.0000,1.2903,0.8818,5.3798,0.5854,0.2927,0.1220,0.3162,0.0000,4.7031,1.0075,0.6774
3,3,4008,4009,2,2,1,0.7500,4008.667,753.667,558.000,7.6211,13.0000,1.0000,0.7454,4.4013,0.5333,0.2667,0.2000,0.7071,0.0000,4.0633,1.3548,1.0000
5,3,4016,4018,3,2,2,0.4167,4016.939,778.167,254.485,10.0551,18.0000,1.3636,0.5448,6.1322,0.5461,0.2256,0.2283,0.8117,0.4177,5.1097,1.3632,0.6818
5,3,4018,4020,3,1,2,0.8333,4018.859,807.000,725.297,9.7641,18.0000,1.4062,0.3285,6.1412,0.5854,0.2927,0.1220,0.9487,0.0000,4.0912,1.0243,0.7031
6,3,4019,4020,2,2,2,0.7500,4019.507,651.356,612.274,10.1716,15.0000,1.2329,0.6672,5.1214,0.2000,0.3333,0.4667,0.0000,0.0000,3.9238,1.0223,0.5616
5,3,4019,4021,3,1,2,0.8333,4020.212,656.000,281.652,10.0791,15.0000,1.1364,0.4080,5.1250,0.5854,0.2927,0.1220,0.9487,0.0000,4.7765,0.6824,0.6515
6,3,4037,4039,3,2,2,0.5000,4037.700,847.714,770.143,9.8693,14.0000,1.2000,0.4382,4.8358,0.5034,0.2551,0.2415,0.9677,0.2521,4.4880,1.0382,0.5714
6,3,4056,4058,3,2,1,1.0000,4057.068,501.493,904.000,10.3886,16.0000,1.3151,0.5115,5.5772,0.5556,0.3333,0.1111,1.0000,0.0000,4.5332,1.3946,0.5890
