n_voxels,n_seed,z_min,z_max,z_extent,y_extent,x_extent,fill,centroid_z,centroid_y,centroid_x,snr_cluster,r_peak,r_peak_ratio,peak_offset,snr_peak,linearity,planarity,sphericity,axis_z,normal_z,edge_contrast,decay_drop,seed_grown_ratio
18,4,200,204,5,3,6,0.2000,201.966,168.905,415.151,16.3725,14.0000,1.4078,1.0488,5.4231,0.8122,0.1450,0.0428,0.6700,0.0746,4.2818,2.3256,0.3464
8,3,200,202,3,1,4,0.6667,200.642,560.000,1035.123,11.1389,12.0000,1.1852,0.3787,4.6647,0.6797,0.2578,0.0625,0.3939,0.0000,3.1157,0.3907,0.4198
3,3,200,202,3,1,1,1.0000,200.955,728.000,627.000,9.8756,16.0000,1.0909,0.0455,6.2197,0.8889,0.0000,0.1111,1.0000,0.0000,5.4533,2.1295,1.0000
12,3,200,202,3,5,3,0.2667,200.538,735.235,609.513,13.3639,15.0000,1.5126,0.7292,5.8309,0.7901,0.0926,0.1174,0.0500,0.0085,4.4706,1.7492,0.4958
7,3,200,202,3,2,2,0.5833,200.662,742.563,589.254,10.4375,12.0000,1.1831,0.8325,4.6725,0.4600,0.2645,0.2756,0.8571,0.1000,4.2825,0.7768,0.4789
13,6,200,203,4,3,2,0.5417,201.252,745.025,636.368,17.5655,22.0000,1.7546,1.3048,8.5663,0.3807,0.5159,0.1034,0.9967,0.0495,3.4884,1.1569,0.7669
8,3,200,202,3,2,2,0.6667,200.744,747.600,638.367,12.3744,20.0000,1.7778,0.9212,7.7875,0.3529,0.3750,0.2721,0.9847,0.1741,1.9519,0.3974,0.5333
8,4,200,203,4,2,2,0.5000,201.179,755.154,657.500,10.7165,12.0000,1.2308,0.9991,4.6647,0.6810,0.1576,0.1614,0.9830,0.0199,3.4980,1.1678,0.5769
28,5,200,205,6,5,4,0.2333,201.629,778.978,655.943,23.1145,17.0000,1.5111,1.9237,6.6194,0.3128,0.5613,0.1259,0.7160,0.1099,2.7318,0.7747,0.5302
4,3,200,203,4,1,1,1.0000,201.333,807.000,681.000,10.4894,17.0000,1.2593,0.3333,6.6084,0.9375,0.0000,0.0625,1.0000,0.0000,5.8294,1.1614,0.8333
10,4,200,202,3,1,5,0.6667,200.917,826.000,703.130,13.2777,16.0000,1.4815,1.4548,6.2300,0.7955,0.1613,0.0431,0.4332,0.0000,3.2993,1.1615,0.5000
4,3,200,201,2,2,1,1.0000,200.511,870.511,395.000,8.7535,12.0000,1.0667,0.7073,4.6725,0.0000,0.7500,0.2500,1.0000,0.0000,4.8591,0.7791,0.7778
3,3,200,201,2,2,1,0.7500,200.343,872.314,1016.000,7.8637,12.0000,1.0286,0.4651,4.6725,0.5333,0.2667,0.2000,0.7071,0.0000,3.8893,0.7814,1.0000
17,7,200,203,4,5,4,0.2125,200.947,879.284,400.074,17.9145,15.0000,1.3421,2.1678,5.8406,0.6483,0.2644,0.0873,0.3074,0.0720,5.0508,2.7130,0.6632
8,3,200,203,4,3,2,0.3333,201.805,920.883,157.325,10.5676,12.0000,1.2468,0.8760,4.6647,0.7078,0.1784,0.1138,0.8965,0.1168,3.2919,0.7706,0.4416
11,4,200,204,5,3,3,0.2444,201.336,944.227,449.538,13.9387,17.0000,1.5714,1.6114,6.6194,0.8535,0.0740,0.0725,0.9222,0.0251,5.0265,1.9414,0.6218
7,5,200,202,3,2,2,0.5833,200.648,958.423,434.690,10.4378,11.0000,1.0845,1.0366,4.2831,0.4600,0.2645,0.2756,0.8571,0.1000,4.6654,1.9396,0.7746
3,3,200,202,3,1,1,1.0000,201.026,967.000,443.000,8.5279,13.0000,1.0263,0.0263,5.0535,0.8889,0.0000,0.1111,1.0000,0.0000,5.4328,1.5553,1.0000
3,3,200,202,3,1,1,1.0000,200.809,1021.000,511.000,10.5515,21.0000,1.3404,0.8085,8.1769,0.8889,0.0000,0.1111,1.0000,0.0000,5.0541,0.9675,1.0000
6,3,200,203,4,2,2,0.3750,201.190,1021.724,1207.190,9.2012,11.0000,1.1379,1.2359,4.2831,0.8675,0.0267,0.1059,0.9315,0.3570,4.2716,0.7805,0.5690
6,4,200,203,4,2,2,0.3750,201.000,1023.162,514.309,10.7911,13.0000,1.1471,0.3486,5.0535,0.8265,0.0815,0.0920,0.9519,0.0737,4.6625,0.9701,0.8529
7,3,200,201,2,2,3,0.5833,200.457,1028.643,523.229,10.2941,13.0000,1.3000,1.0086,5.0535,0.5352,0.1763,0.2885,0.2673,0.0986,4.0871,1.5569,0.5143
152,17,200,208,9,14,8,0.1508,202.724,1035.936,1234.305,49.0018,15.0000,1.4625,4.0603,5.8406,0.6698,0.1184,0.2118,0.0011,0.1833,3.0904,0.7727,0.4573
13,7,200,203,4,2,3,0.5417,201.132,1040.522,544.382,14.6590,14.0000,1.3382,1.3042,5.4513,0.6208,0.1297,0.2495,0.9129,0.1115,4.6567,1.5502,0.5956
8,4,200,202,3,1,4,0.6667,201.205,1082.000,684.494,11.4030,13.0000,1.2530,0.5459,5.0535,0.0750,0.8250,0.1000,0.0000,0.0000,4.2776,0.3914,0.5783
4,3,200,201,2,2,2,0.5000,200.277,1103.170,1063.553,9.1461,13.0000,1.1064,0.6415,5.0619,0.5916,0.1015,0.3069,0.5000,0.5000,4.6693,0.3910,0.8298
11,4,200,202,3,2,4,0.4583,201.105,1140.482,1134.026,13.3589,14.0000,1.3509,0.5288,5.4422,0.5181,0.3029,0.1789,0.6081,0.0484,2.3436,0.3828,0.4386
9,3,200,202,3,3,3,0.3333,200.656,1143.867,1130.767,11.6684,13.0000,1.3000,0.7085,5.0619,0.3049,0.4672,0.2279,0.7300,0.0208,2.3363,0.0013,0.5444
4,3,201,202,2,1,2,1.0000,201.545,927.000,982.477,8.5440,12.0000,1.0909,0.6591,4.6567,0.0000,0.7500,0.2500,0.0000,0.0000,4.0776,0.5852,0.7955
4,3,201,203,3,2,1,0.6667,201.953,1162.465,405.000,8.3438,12.0000,1.1163,0.4674,4.6567,0.7576,0.1294,0.1129,0.8507,0.0000,4.6597,1.1662,0.7907
4,3,203,205,3,2,1,0.6667,203.977,617.795,1073.000,8.5066,12.0000,1.0909,0.9984,4.6484,0.5357,0.3214,0.1429,1.0000,0.0000,3.6677,0.7737,0.7955
4,3,203,204,2,2,1,1.0000,203.477,743.500,233.000,8.5146,12.0000,1.0909,0.6912,4.6484,0.0000,0.7500,0.2500,1.0000,0.0000,4.6430,0.5833,0.7727
6,3,203,205,3,2,3,0.3333,204.190,886.317,1187.016,9.9409,12.0000,1.1429,0.3706,4.6398,0.4899,0.3164,0.1936,0.8165,0.5506,3.6739,1.1592,0.5556
7,3,204,206,3,1,3,0.7778,205.000,822.000,679.704,10.3561,13.0000,1.2817,0.7042,5.0169,0.1247,0.7481,0.1273,1.0000,0.0000,2.7111,0.3849,0.4930
12,4,205,207,3,3,3,0.4444,206.341,596.683,1066.341,13.9997,15.0000,1.4286,0.8070,5.7774,0.4031,0.1711,0.4259,0.4775,0.7071,3.0766,1.1574,0.4127
4,3,205,208,4,1,1,1.0000,206.435,884.000,403.000,8.8507,13.0000,1.1304,0.4348,5.0071,0.9375,0.0000,0.0625,1.0000,0.0000,4.2366,0.7688,0.8043
4,3,206,208,3,1,2,0.6667,207.000,744.000,331.209,8.2641,12.0000,1.1163,0.2093,4.6126,0.5357,0.3214,0.1429,1.0000,0.0000,3.8437,0.7715,0.7907
5,3,207,209,3,1,2,0.8333,207.706,694.000,1061.608,8.7540,12.0000,1.1765,0.9315,4.6126,0.5854,0.2927,0.1220,0.9487,0.0000,4.6118,1.5343,0.6863
8,3,207,209,3,2,3,0.4444,207.584,1091.610,1104.000,10.4515,13.0000,1.3506,0.8451,4.9970,0.7197,0.0792,0.2011,0.6774,0.6921,3.0662,0.3861,0.4545
3,3,208,210,3,1,1,1.0000,209.000,1035.000,864.000,7.9555,12.0000,1.0000,1.0000,4.6030,0.8889,0.0000,0.1111,1.0000,0.0000,4.9734,0.7639,1.0000
79,5,210,214,5,4,15,0.2633,211.440,172.501,715.310,31.8661,14.0000,1.4866,0.7336,5.3350,0.9384,0.0154,0.0462,0.0581,0.9928,3.0473,1.1450,0.1640
28,7,210,213,4,4,7,0.2500,211.400,172.905,693.465,19.7863,13.0000,1.3236,0.6210,4.9540,0.7775,0.0998,0.1227,0.0860,0.6202,2.6731,1.1385,0.3164
127,6,210,213,4,7,29,0.1564,211.409,174.538,757.520,40.2695,14.0000,1.4916,11.5399,5.3350,0.9794,0.0129,0.0077,0.0021,0.9917,3.0495,1.1406,0.1678
116,6,210,213,4,9,21,0.1534,211.500,184.956,829.981,37.9919,14.0000,1.5107,1.5416,5.3350,0.8873,0.0874,0.0253,0.0139,0.9909,2.6728,1.1415,0.0958
42,4,210,214,5,4,11,0.1909,211.539,186.857,594.361,23.4325,14.0000,1.4737,3.5906,5.3350,0.9165,0.0547,0.0288,0.0349,0.0927,2.6708,0.9483,0.1579
73,4,211,215,5,7,12,0.1738,212.094,165.971,593.957,30.2970,13.0000,1.3935,1.4089,4.9426,0.8748,0.0360,0.0892,0.0584,0.6768,2.6632,0.7586,0.1087
26,3,211,214,4,4,6,0.2708,212.019,167.907,584.259,19.3109,14.0000,1.4054,0.7473,5.3229,0.5634,0.1141,0.3225,0.1710,0.1252,2.6695,0.7648,0.1544
7,3,211,212,2,2,4,0.4375,211.411,172.753,701.425,10.5045,13.0000,1.2466,0.6403,4.9540,0.7764,0.0638,0.1598,0.3348,0.4146,2.2884,0.3853,0.5068
16,3,211,212,2,3,4,0.6667,211.427,195.200,863.147,14.2764,14.0000,1.4933,0.9185,5.3350,0.3971,0.3641,0.2388,0.0007,0.9352,3.0387,0.7674,0.2533
11,3,211,213,3,3,4,0.3056,211.514,195.847,560.279,12.7387,15.0000,1.4865,1.6178,5.7161,0.7680,0.1171,0.1149,0.2230,0.4700,2.2944,0.7533,0.3604
10,3,211,213,3,2,3,0.5556,212.117,198.748,790.078,12.3803,15.0000,1.4563,0.2887,5.7031,0.1234,0.5178,0.3588,0.7796,0.3449,3.4214,1.1406,0.3786
30,5,211,214,4,3,8,0.3125,212.706,198.841,633.132,20.5130,13.0000,1.3176,0.7356,4.9426,0.8112,0.1014,0.0874,0.1174,0.4332,2.6726,1.1352,0.2534
19,3,211,214,4,5,4,0.2375,212.122,200.414,492.619,15.7831,14.0000,1.4696,0.8606,5.3229,0.4451,0.1874,0.3675,0.1068,0.9890,1.9054,0.7595,0.2265
45,5,211,215,5,6,7,0.2143,212.465,230.009,437.129,24.1180,16.0000,1.6901,2.1836,6.0691,0.5494,0.2656,0.1849,0.3616,0.8979,2.2921,0.7621,0.1831
60,4,211,215,5,8,10,0.1500,212.644,238.376,425.652,26.1712,12.0000,1.3483,1.6192,4.5624,0.2493,0.6338,0.1169,0.1004,0.9596,2.2841,0.7586,0.0899
17,3,211,215,5,3,3,0.3778,213.201,318.000,332.841,15.0801,13.0000,1.3476,0.2562,4.9311,0.5525,0.1917,0.2558,0.9259,0.1846,2.4773,0.7564,0.2256
26,3,212,215,4,3,8,0.2708,213.420,191.692,715.108,18.5787,13.0000,1.3520,2.2581,4.9311,0.7222,0.2251,0.0527,0.0707,0.0792,2.6476,0.7536,0.1560
44,4,212,216,5,5,7,0.2514,213.226,193.743,673.151,23.7754,15.0000,1.5865,2.1785,5.6898,0.6299,0.1844,0.1857,0.1862,0.7237,3.0247,0.7658,0.1514
11,3,212,213,2,3,3,0.6111,212.509,206.474,829.219,13.0530,13.0000,1.2544,0.7642,4.9426,0.2529,0.2766,0.4705,0.0924,0.9299,3.4157,0.7604,0.3246
34,3,212,215,4,4,8,0.2656,212.929,208.576,588.691,20.2343,13.0000,1.4212,2.8787,4.9426,0.8257,0.1029,0.0714,0.2030,0.6555,2.4646,1.1398,0.1222
8,3,212,214,3,2,3,0.4444,212.738,210.100,522.075,10.7352,12.0000,1.2000,0.7480,4.5624,0.4494,0.3709,0.1797,0.3022,0.1561,2.4754,0.7658,0.4500
33,3,212,215,4,5,6,0.2750,213.161,210.907,964.932,20.5275,14.0000,1.4855,1.4459,5.3104,0.5365,0.2175,0.2460,0.0865,0.8246,2.2651,0.3811,0.1254
24,3,212,214,3,6,5,0.2667,212.695,214.764,962.485,18.0535,15.0000,1.5451,0.9548,5.6898,0.8214,0.0199,0.1587,0.0105,0.7960,2.6628,1.1424,0.1717
25,3,212,214,3,6,5,0.2778,212.630,266.717,1043.561,17.4636,12.0000,1.3043,0.8186,4.5624,0.6421,0.2020,0.1560,0.1797,0.9708,2.2759,0.7532,0.1565
10,3,212,215,4,2,3,0.4167,213.410,832.640,215.580,11.9833,13.0000,1.3000,0.7963,4.9311,0.2855,0.3198,0.3947,0.9666,0.1721,3.2215,1.3248,0.3700
45,3,213,216,4,4,8,0.3516,214.090,93.605,732.107,23.2923,13.0000,1.4165,1.0829,4.9194,0.8390,0.0101,0.1509,0.1773,0.5154,2.2749,1.1213,0.1235
86,3,213,217,5,7,16,0.1536,214.595,94.438,667.738,33.7786,13.0000,1.3486,2.3793,4.9194,0.9232,0.0214,0.0554,0.0974,0.9674,2.6617,1.1402,0.1616
29,3,213,216,4,4,7,0.2589,214.339,94.771,743.897,19.0273,14.0000,1.4982,1.1768,5.2978,0.6392,0.1392,0.2216,0.0800,0.5381,2.6545,1.1271,0.1439
170,5,213,217,5,7,30,0.1619,214.208,94.746,759.968,45.6588,16.0000,1.7281,10.9725,6.0546,0.9752,0.0142,0.0106,0.0100,0.9255,3.0255,1.1362,0.0966
32,4,213,216,4,4,7,0.2857,214.281,96.891,779.129,20.1882,14.0000,1.4834,0.3284,5.2978,0.4130,0.2030,0.3840,0.0970,0.0326,2.4597,0.7573,0.1755
26,5,213,217,5,4,5,0.2600,214.751,110.576,569.833,19.0378,14.0000,1.4163,1.4514,5.2978,0.3252,0.4117,0.2631,0.7527,0.2805,3.0126,0.7603,0.2529
38,3,213,216,4,6,6,0.2639,214.186,118.113,882.257,21.7210,13.0000,1.3955,1.5498,4.9194,0.3303,0.4287,0.2410,0.1197,0.9674,3.0209,1.1278,0.1412
14,3,213,216,4,3,3,0.3889,214.621,133.962,940.265,13.3297,12.0000,1.2727,0.6765,4.5410,0.4280,0.3134,0.2585,0.9673,0.2373,2.6512,0.7605,0.2727
53,6,213,217,5,4,9,0.2944,214.770,154.662,560.059,27.3417,15.0000,1.5085,2.1909,5.6762,0.8555,0.0608,0.0836,0.0418,0.1315,2.6526,0.7550,0.2732
44,6,213,218,6,6,4,0.3056,215.562,154.964,884.720,23.7551,15.0000,1.5789,0.5209,5.6485,0.6136,0.1075,0.2789,0.3610,0.0996,1.8866,0.7418,0.1842
28,3,213,216,4,5,5,0.2800,214.837,222.186,415.236,18.4130,14.0000,1.5194,1.4709,5.2978,0.4381,0.4256,0.1363,0.4576,0.8821,2.0878,0.7541,0.1473
12,3,213,215,3,4,3,0.3333,214.347,1205.612,592.926,13.2067,17.0000,1.6860,0.7071,6.4331,0.6320,0.0457,0.3223,0.5289,0.8314,3.0246,0.7623,0.3636
18,3,214,218,5,3,5,0.2400,215.461,104.108,843.940,14.8421,12.0000,1.2934,2.5277,4.5410,0.7786,0.1357,0.0857,0.5011,0.0309,2.2636,0.3812,0.2156
125,5,214,218,5,6,22,0.1894,216.068,113.033,700.485,40.4441,15.0000,1.5612,10.5293,5.6485,0.9655,0.0196,0.0149,0.0049,0.9443,2.6462,0.7594,0.1649
12,3,214,216,3,3,3,0.4444,214.818,214.207,747.884,13.1917,15.0000,1.4876,0.2986,5.6625,0.4129,0.1319,0.4551,0.6055,0.6278,2.6498,1.1260,0.3306
22,5,214,216,3,3,7,0.3492,214.913,220.459,800.656,17.5489,16.0000,1.6147,0.8549,6.0400,0.7897,0.0992,0.1111,0.0986,0.0808,2.6545,1.1195,0.2936
18,3,214,217,4,2,5,0.4500,215.227,231.624,579.586,16.0958,16.0000,1.5912,0.7317,6.0400,0.2558,0.4622,0.2820,0.1854,0.0150,3.0172,0.9415,0.2265
110,5,214,218,5,11,13,0.1538,215.687,233.953,1034.051,36.7944,13.0000,1.3965,2.3584,4.9075,0.5530,0.3911,0.0560,0.0159,0.9976,2.6305,0.7697,0.0977
4,3,214,216,3,2,1,0.6667,214.939,233.551,853.000,9.2500,15.0000,1.2245,0.4531,5.6625,0.7576,0.1294,0.1129,0.8507,0.0000,3.9674,0.9410,0.8163
68,4,214,217,4,11,8,0.1932,215.553,256.304,1061.889,30.0354,16.0000,1.6560,1.3835,6.0251,0.4978,0.4178,0.0844,0.0827,0.9966,2.6389,0.7606,0.1598
62,3,214,218,5,10,7,0.1771,216.019,259.646,1069.817,28.2625,13.0000,1.3638,3.9480,4.9075,0.6673,0.2531,0.0796,0.1899,0.9624,2.2763,0.7504,0.1269
13,5,214,216,3,3,3,0.4815,215.052,388.015,254.052,14.1325,15.0000,1.4444,0.0748,5.6625,0.3293,0.4351,0.2357,0.0000,0.0000,2.6545,0.7569,0.4889
6,4,214,215,2,3,2,0.5000,214.471,979.941,262.500,10.4932,14.0000,1.2353,0.7306,5.2850,0.6168,0.1058,0.2774,0.5000,0.5000,3.7851,0.3876,0.7353
19,3,214,218,5,4,4,0.2375,215.393,1055.466,322.555,16.5252,14.0000,1.3927,1.6779,5.2850,0.2529,0.6070,0.1401,0.2989,0.1758,3.0107,0.3896,0.2618
5,3,214,216,3,2,1,0.8333,215.071,1069.643,228.000,9.4523,14.0000,1.2500,0.3642,5.2850,0.5854,0.2927,0.1220,0.9487,0.0000,4.1516,0.3737,0.6964
11,3,214,216,3,4,2,0.4583,215.393,1103.393,458.766,12.1669,12.0000,1.2336,1.5371,4.5410,0.5589,0.2535,0.1876,0.3690,0.4610,2.2706,0.3820,0.3364
30,3,214,217,4,7,7,0.1531,215.090,1186.736,594.877,19.0868,13.0000,1.4079,0.7521,4.9075,0.8228,0.0643,0.1129,0.1778,0.9416,3.0173,1.1270,0.1805
65,3,214,217,4,7,11,0.2110,215.252,1196.351,646.525,29.4800,16.0000,1.6508,3.4941,6.0251,0.6627,0.2809,0.0564,0.0350,0.9932,2.6481,0.7569,0.2667
47,8,214,219,6,7,7,0.1599,215.737,1198.698,664.666,27.1519,16.0000,1.5223,1.9509,6.0400,0.4470,0.3110,0.2420,0.1234,0.9786,3.0163,0.7532,0.4534
42,3,214,218,5,6,7,0.2000,216.040,1198.601,768.386,23.4722,14.0000,1.4554,1.8476,5.2850,0.7285,0.0315,0.2400,0.0299,0.9537,2.6360,0.7550,0.1931
28,4,214,218,5,8,3,0.2333,216.336,1198.639,734.975,19.9093,14.0000,1.4000,2.7217,5.2588,0.8322,0.0857,0.0821,0.0488,0.0845,2.2735,0.7513,0.3107
66,5,214,218,5,9,9,0.1630,215.910,1199.636,754.652,28.8838,15.0000,1.5891,2.8855,5.6485,0.2702,0.6176,0.1122,0.0028,0.9998,2.6275,0.7532,0.1541
28,3,215,217,3,4,6,0.3889,216.101,113.007,714.951,19.0673,13.0000,1.3582,1.0534,4.8954,0.6616,0.1072,0.2312,0.0354,0.9643,2.2706,0.9368,0.1381
105,5,215,219,5,6,22,0.1591,216.249,116.847,646.070,36.3222,15.0000,1.5925,5.0087,5.6485,0.9755,0.0013,0.0233,0.0435,0.9988,2.6313,1.1213,0.1203
48,6,215,218,4,8,6,0.2500,216.262,116.549,782.484,24.4426,13.0000,1.3867,1.5621,4.8954,0.6670,0.2018,0.1313,0.2256,0.9323,2.6220,0.3831,0.1622
122,5,215,221,7,6,18,0.1614,216.560,119.666,626.236,40.0366,16.0000,1.6599,6.8201,6.0251,0.9304,0.0362,0.0334,0.0337,0.4822,2.6398,1.1184,0.1531
180,5,215,218,4,10,30,0.1500,216.289,119.825,801.814,47.9891,15.0000,1.5780,7.8629,5.6485,0.9770,0.0153,0.0077,0.0014,0.9947,2.6398,1.1307,0.1707
29,3,215,218,4,4,5,0.3625,216.362,122.741,819.415,19.7015,13.0000,1.3369,1.4345,4.8954,0.4823,0.1756,0.3421,0.1489,0.7941,2.6227,0.3794,0.1738
52,10,215,218,4,5,12,0.2167,216.212,124.555,597.461,27.0880,15.0000,1.5029,1.3708,5.6625,0.9231,0.0154,0.0615,0.0059,0.7183,3.0031,1.1226,0.2736
131,4,215,219,5,9,18,0.1617,216.367,124.710,831.301,40.1021,15.0000,1.6107,5.3214,5.6485,0.8553,0.1131,0.0316,0.0199,0.9934,2.6275,0.7594,0.1443
36,4,215,218,4,4,7,0.3214,216.283,126.902,587.375,21.0728,13.0000,1.3929,2.3938,4.8954,0.8321,0.0358,0.1321,0.0930,0.8771,2.6238,0.7603,0.1458
156,6,215,218,4,10,22,0.1773,216.287,129.383,850.274,43.7155,15.0000,1.6127,1.4440,5.6485,0.9451,0.0400,0.0149,0.0007,0.9995,2.6398,1.1278,0.1316
33,4,215,218,4,5,7,0.2357,216.525,138.642,880.899,20.6872,13.0000,1.3576,1.1007,4.8954,0.3782,0.3446,0.2772,0.0366,0.9672,2.6360,0.7541,0.1582
24,3,215,219,5,3,7,0.2286,216.187,142.965,530.561,17.6709,14.0000,1.4609,1.4516,5.2720,0.6134,0.2684,0.1182,0.1479,0.1539,2.6275,0.7664,0.2174
35,7,215,219,5,7,6,0.1667,216.534,147.440,910.851,22.2482,14.0000,1.4000,0.7881,5.2720,0.7730,0.0539,0.1731,0.1936,0.6280,2.6443,0.7617,0.2600
15,5,215,217,3,4,5,0.2500,215.731,306.683,1115.090,14.1076,13.0000,1.3448,1.1663,4.8954,0.6377,0.1017,0.2606,0.0423,0.9890,2.2651,0.7504,0.4207
15,6,215,217,3,5,2,0.5000,216.127,886.745,255.667,16.0377,16.0000,1.4545,0.4383,6.0251,0.6292,0.2124,0.1584,0.1504,0.1537,3.3873,0.3817,0.4727
8,3,215,217,3,2,2,0.6667,216.279,955.500,222.535,11.4418,13.0000,1.2093,0.7836,4.8954,0.4685,0.1696,0.3619,0.8569,0.5155,3.7639,0.7494,0.5698
14,4,215,218,4,3,3,0.3889,216.203,1055.203,327.223,14.8874,16.0000,1.5135,0.3632,6.0251,0.4812,0.1777,0.3411,0.7767,0.1166,3.0191,0.5568,0.3649
11,3,215,217,3,4,3,0.3056,216.147,1150.358,447.009,12.3713,16.0000,1.6147,1.0679,6.0100,0.6448,0.1325,0.2227,0.2627,0.9649,2.6313,1.1288,0.3853
16,3,215,219,5,4,3,0.2667,217.342,1155.194,849.071,14.5428,15.0000,1.5484,0.6896,5.6201,0.2863,0.2533,0.4603,0.9735,0.1936,2.6336,0.7508,0.3355
8,3,215,217,3,3,3,0.2963,216.488,1166.128,517.012,11.4358,14.0000,1.3023,0.5275,5.2588,0.3099,0.1410,0.5491,0.9347,0.0000,2.8332,0.7570,0.4535
27,4,215,219,5,7,4,0.1929,217.226,1167.992,607.343,19.1456,15.0000,1.5283,1.6239,5.6485,0.5717,0.0614,0.3669,0.3390,0.4832,2.2637,0.7522,0.2943
5,3,215,217,3,3,1,0.5556,215.871,1171.774,514.000,10.4445,14.0000,1.1290,0.2601,5.2720,0.8123,0.1108,0.0769,0.7071,0.0000,3.4003,0.1911,0.8387
31,3,215,218,4,6,4,0.3229,216.966,1173.312,620.852,20.1060,17.0000,1.7685,1.8912,6.3857,0.4089,0.2288,0.3623,0.0578,0.9973,2.2566,-0.3585,0.2215
28,3,215,220,6,7,4,0.1667,217.201,1173.926,530.208,19.0855,13.0000,1.3532,1.1126,4.8832,0.6830,0.1944,0.1225,0.1194,0.0111,2.2681,0.7503,0.2305
17,4,215,218,4,6,3,0.2361,216.482,1173.841,878.965,15.5076,16.0000,1.6000,0.5091,6.0251,0.7115,0.1481,0.1405,0.2078,0.4151,2.6185,0.3738,0.3176
108,6,215,219,5,10,13,0.1662,217.489,1180.009,691.441,38.5546,16.0000,1.6180,4.5829,5.9948,0.7659,0.1822,0.0519,0.0215,0.9901,2.6266,0.7503,0.2772
11,3,215,218,4,3,3,0.3056,216.655,1179.150,668.858,12.8089,13.0000,1.2655,0.4022,4.8832,0.3163,0.3636,0.3202,0.5602,0.0418,2.6332,0.7489,0.3363
74,6,215,219,5,13,7,0.1626,216.217,1188.310,819.154,31.0633,15.0000,1.5634,5.3165,5.6485,0.7564,0.1743,0.0693,0.1053,0.9930,2.6360,0.7550,0.2014
35,4,215,219,5,9,5,0.1556,217.108,1186.866,904.715,22.2796,14.0000,1.3960,3.3888,5.2588,0.7450,0.0695,0.1855,0.1906,0.9119,2.6285,0.7460,0.2877
24,3,215,220,6,5,4,0.2000,217.827,1186.815,502.053,18.5926,14.0000,1.3827,1.3522,5.2588,0.4389,0.1144,0.4467,0.8178,0.3630,2.9974,0.3805,0.3210
15,4,215,217,3,4,3,0.4167,215.891,1189.731,801.532,15.1718,15.0000,1.4423,0.8746,5.6485,0.4201,0.4101,0.1698,0.0104,0.1419,2.6238,0.3860,0.3269
73,5,215,218,4,11,8,0.2074,216.170,1195.678,779.142,32.1602,16.0000,1.6000,2.2536,6.0251,0.4114,0.4942,0.0944,0.0456,0.9912,2.6341,0.3851,0.2863
16,3,215,218,4,4,4,0.2500,216.185,1192.278,652.864,15.2439,14.0000,1.3827,0.9264,5.2720,0.5328,0.2400,0.2272,0.6758,0.7121,3.0050,0.7559,0.2593
34,6,215,218,4,8,7,0.1518,216.327,1196.006,787.500,22.3267,15.0000,1.4740,1.1598,5.6485,0.7934,0.1418,0.0648,0.0979,0.8049,2.2622,0.3833,0.4046
55,5,215,218,4,6,12,0.1910,216.503,1194.315,880.930,26.1169,14.0000,1.4951,2.0178,5.2588,0.9119,0.0291,0.0589,0.0218,0.9244,2.6313,0.7559,0.1495
54,5,215,217,3,9,9,0.2222,215.707,1199.790,697.759,28.3586,17.0000,1.6600,3.3234,6.4175,0.5072,0.3991,0.0937,0.0652,0.9946,2.9976,0.3826,0.3400
7,4,215,216,2,4,1,0.8750,215.468,1196.338,745.000,10.9738,15.0000,1.3636,0.6305,5.6485,0.7331,0.1952,0.0717,0.1452,0.0000,3.3975,0.7476,0.6883
23,3,215,218,4,4,4,0.3594,216.157,1195.783,750.203,17.0319,14.0000,1.4839,1.1287,5.2720,0.1630,0.4785,0.3585,0.2148,0.2215,2.6171,0.3780,0.2350
18,3,215,218,4,7,2,0.3214,216.149,1196.287,784.552,15.4380,13.0000,1.3448,0.8551,4.8954,0.8117,0.1082,0.0801,0.3200,0.2452,2.4452,0.3756,0.2126
9,4,215,216,2,5,2,0.4500,215.235,1197.633,717.194,12.3245,15.0000,1.3776,0.4771,5.6625,0.8288,0.0637,0.1075,0.0030,0.5696,2.8322,0.7564,0.5306
12,3,215,218,4,3,2,0.5000,216.433,1203.783,853.700,13.0305,14.0000,1.4000,0.9441,5.2720,0.3145,0.5099,0.1756,1.0000,0.0000,2.8275,0.7532,0.3167
25,4,215,217,3,6,3,0.4630,215.834,1215.896,788.996,18.1580,13.0000,1.3485,1.1162,4.8954,0.7099,0.0808,0.2093,0.0309,0.8800,2.6371,0.7409,0.2531
6,3,215,217,3,2,1,1.0000,216.046,1218.554,765.000,9.9914,14.0000,1.2923,0.4485,5.2720,0.5556,0.3333,0.1111,1.0000,0.0000,2.4482,-0.0075,0.6000
14,4,215,217,3,4,3,0.3889,215.752,1219.648,768.924,14.6020,14.0000,1.3517,0.8334,5.2850,0.3809,0.3360,0.2831,0.3612,0.7321,3.0126,0.7513,0.3517
12,3,215,216,2,5,4,0.3000,215.415,1220.870,684.829,13.3902,13.0000,1.2683,1.2714,4.9075,0.8314,0.0674,0.1012,0.1324,0.7740,3.3873,0.7513,0.3984
86,3,216,218,3,9,15,0.2123,216.576,167.154,956.176,32.3979,13.0000,1.3992,1.3188,4.8954,0.8777,0.1001,0.0222,0.0045,0.9969,2.6355,0.7522,0.0926
78,8,216,220,5,6,13,0.2000,218.065,410.177,751.208,33.0422,15.0000,1.5019,2.7984,5.6201,0.8772,0.0607,0.0621,0.0059,0.9991,2.6332,1.1250,0.2388
46,4,216,219,4,7,8,0.2054,217.712,434.896,779.721,24.3798,13.0000,1.3560,2.4792,4.8708,0.4859,0.4014,0.1126,0.0871,0.9900,2.6275,0.7474,0.2222
12,3,216,220,5,3,3,0.2667,218.265,523.850,1180.159,12.2135,12.0000,1.2743,1.5267,4.5075,0.7600,0.0730,0.1670,0.7565,0.1095,2.2408,0.7561,0.3186
10,3,216,219,4,2,3,0.4167,217.525,649.667,144.828,11.7439,13.0000,1.3131,0.6050,4.8708,0.1782,0.4765,0.3454,0.9300,0.0436,2.4420,0.5658,0.3737
12,3,216,218,3,3,6,0.2222,217.008,707.706,1209.126,12.9034,13.0000,1.3109,0.3201,4.8832,0.7857,0.0710,0.1433,0.1275,0.7803,2.2566,0.3808,0.4118
25,3,216,221,6,4,5,0.2083,217.689,745.502,1210.552,18.0733,13.0000,1.3485,2.3470,4.8954,0.3440,0.4142,0.2417,0.8120,0.4045,2.6171,1.1184,0.3154
15,3,216,219,4,3,5,0.2500,217.507,810.945,1219.644,14.1418,14.0000,1.4384,0.8128,5.2455,0.6100,0.2353,0.1546,0.0247,0.1044,2.2566,0.3785,0.2603
11,3,216,219,4,2,5,0.2750,217.175,823.070,1216.491,12.9053,14.0000,1.3509,0.5263,5.2588,0.6271,0.2788,0.0941,0.3471,0.0507,2.6294,0.3823,0.3333
13,3,216,219,4,3,5,0.2167,217.683,1008.943,1110.293,12.7919,13.0000,1.3740,0.7452,4.8832,0.7499,0.0908,0.1592,0.5530,0.1049,1.8772,-0.1864,0.3008
29,3,216,220,5,5,7,0.1657,217.914,1031.597,1119.097,19.3461,16.0000,1.6691,1.0033,6.0100,0.5568,0.3165,0.1267,0.1557,0.8592,2.2452,0.3737,0.2878
7,3,216,218,3,2,2,0.5833,216.693,1056.253,223.307,10.6562,12.0000,1.1200,0.7993,4.5188,0.3772,0.3083,0.3146,0.9758,0.2185,3.3891,0.7460,0.4800
20,3,216,221,6,5,4,0.1667,217.684,1079.138,1070.480,16.4337,15.0000,1.5306,2.0976,5.6485,0.7692,0.1257,0.1051,0.6947,0.6828,2.4362,0.7319,0.2041
5,3,216,217,2,2,2,0.6250,216.632,1082.404,1064.860,9.5840,14.0000,1.2281,0.5641,5.2588,0.3432,0.2505,0.4063,0.6059,0.3645,3.7676,0.9396,0.7018
25,3,216,219,4,6,6,0.1736,217.424,1087.492,1060.496,17.7105,13.0000,1.3771,0.8270,4.8832,0.4562,0.3801,0.1637,0.1430,0.9426,2.6313,0.3790,0.1610
21,3,216,220,5,4,6,0.1750,217.620,1091.655,1027.052,18.7411,16.0000,1.4672,1.2693,6.0100,0.7143,0.0996,0.1861,0.4258,0.9015,2.6238,0.0114,0.4672
20,3,216,218,3,6,4,0.2778,216.672,1118.879,487.338,16.6442,15.0000,1.5152,0.9973,5.6344,0.6256,0.2324,0.1420,0.3207,0.9038,3.0069,0.7531,0.2020
29,3,216,221,6,6,5,0.1611,218.048,1120.273,1022.180,20.1043,14.0000,1.4048,1.9797,5.2320,0.6983,0.0357,0.2660,0.6932,0.1094,2.2637,0.0078,0.2734
24,3,216,220,5,6,3,0.2667,218.374,1127.557,403.830,17.9554,14.0000,1.4298,1.6870,5.2320,0.5215,0.3121,0.1664,0.5123,0.1317,2.2364,0.7455,0.2766
15,6,216,220,5,3,4,0.2500,218.088,1131.471,1007.129,16.4420,17.0000,1.5000,0.5521,6.3695,0.3892,0.3392,0.2715,0.8625,0.0051,2.9854,0.7437,0.4824
19,3,216,217,2,9,4,0.2639,216.569,1139.800,519.395,16.8222,14.0000,1.3641,2.3065,5.2720,0.9348,0.0253,0.0400,0.0283,0.7229,2.6351,0.3817,0.3385
16,3,216,220,5,3,4,0.2667,217.707,1155.815,443.006,14.7167,14.0000,1.4268,2.1427,5.2720,0.6341,0.2378,0.1280,0.7824,0.0794,2.6270,0.7494,0.2548
43,5,216,219,4,10,4,0.2687,217.242,1163.822,593.822,25.0742,15.0000,1.4726,2.9274,5.6201,0.9206,0.0233,0.0561,0.1373,0.5203,2.9955,0.7579,0.3447
8,4,216,217,2,3,2,0.6667,216.500,1168.935,885.663,12.2333,16.0000,1.3913,0.6065,6.0251,0.4236,0.2081,0.3683,0.0786,0.5089,3.1957,0.1902,0.5978
19,4,216,218,3,4,4,0.3958,216.980,1170.084,890.663,17.4081,17.0000,1.5990,0.3476,6.3857,0.5741,0.0505,0.3754,0.3545,0.8331,2.6370,0.3823,0.3416
180,6,216,221,6,13,15,0.1538,218.223,1174.698,778.396,48.2570,16.0000,1.6657,4.3498,5.9948,0.5412,0.3868,0.0721,0.0406,0.9982,2.6266,1.1125,0.1897
25,5,216,218,3,4,7,0.2976,216.909,1173.028,883.531,19.0861,14.0000,1.3780,1.0537,5.2720,0.7187,0.1577,0.1236,0.1567,0.8952,2.2709,0.7537,0.4055
156,10,216,221,6,11,15,0.1576,217.928,1177.959,760.554,45.7250,16.0000,1.6378,6.8689,5.9948,0.5638,0.3887,0.0475,0.0079,0.9881,2.6352,1.1106,0.2283
42,4,216,219,4,6,7,0.2500,217.310,1176.437,640.816,24.2663,17.0000,1.7041,2.2485,6.3857,0.7058,0.1670,0.1272,0.0809,0.9965,2.6323,0.3860,0.2816
44,3,216,220,5,6,9,0.1630,217.665,1179.127,921.460,23.1215,14.0000,1.5061,1.8261,5.2588,0.7583,0.0774,0.1643,0.2485,0.9489,2.2539,0.7445,0.1247
45,3,216,220,5,8,5,0.2250,217.664,1180.916,730.359,24.7640,16.0000,1.6253,2.4413,6.0100,0.6046,0.2255,0.1699,0.1436,0.9680,2.2595,0.7397,0.2393
58,3,216,220,5,9,7,0.1841,217.687,1180.523,701.830,27.8676,13.0000,1.3322,1.6795,4.8832,0.5469,0.3383,0.1147,0.1506,0.9886,2.2654,0.3794,0.2191
34,6,216,220,5,6,6,0.1889,217.860,1179.292,715.272,22.8832,18.0000,1.7191,1.1464,6.7613,0.0754,0.6054,0.3192,0.1842,0.9645,2.6289,0.3858,0.2753
31,5,216,219,4,6,5,0.2583,217.666,1180.686,750.228,22.7645,16.0000,1.4675,0.9829,6.0100,0.3911,0.3848,0.2240,0.0657,0.9907,2.9945,1.1154,0.3964
15,3,216,219,4,6,3,0.2083,217.725,1183.611,493.134,14.4244,14.0000,1.4094,0.6832,5.2455,0.7133,0.1694,0.1172,0.1680,0.0012,2.6398,0.7494,0.2550
17,3,216,219,4,4,4,0.2656,216.891,1183.806,848.461,15.0360,14.0000,1.4424,1.0594,5.2720,0.2452,0.2776,0.4772,0.2205,0.7868,1.8877,0.5687,0.2364
13,3,216,218,3,4,3,0.3611,216.817,1184.405,907.893,13.6538,18.0000,1.7863,0.6321,6.7613,0.3128,0.1966,0.4906,0.4300,0.7633,1.5177,0.3747,0.3359
14,3,216,219,4,4,4,0.2188,217.611,1183.264,558.632,14.4338,13.0000,1.2639,1.9027,4.8708,0.6125,0.2737,0.1138,0.4960,0.5766,2.6131,0.9357,0.3403
19,3,216,219,4,5,3,0.3167,217.769,1190.851,581.979,16.7712,14.0000,1.3641,0.8822,5.2455,0.4832,0.2340,0.2827,0.3489,0.7513,2.6170,0.7417,0.3231
14,3,216,218,3,3,3,0.5185,216.671,1194.993,801.877,14.6691,15.0000,1.4384,1.0534,5.6344,0.2804,0.2172,0.5025,0.3338,0.9395,2.6388,0.3814,0.2740
35,3,216,220,5,5,6,0.2333,218.623,1200.157,539.593,21.3083,16.0000,1.6617,1.8416,5.9794,0.2637,0.3853,0.3510,0.0944,0.6505,1.8850,0.3620,0.1276
22,3,216,221,6,5,4,0.1833,218.781,1217.371,615.893,17.8572,13.0000,1.2768,1.3430,4.8708,0.5744,0.1267,0.2988,0.8164,0.4858,2.9888,0.3805,0.3348
16,3,216,219,4,3,4,0.3333,217.846,1222.846,467.814,14.6179,13.0000,1.3333,0.8799,4.8708,0.6833,0.0190,0.2976,0.6078,0.6934,3.1894,0.3804,0.2372
31,3,216,221,6,5,5,0.2067,218.477,1227.645,643.474,20.4318,13.0000,1.3257,0.9314,4.8708,0.2681,0.3509,0.3810,0.9279,0.3342,2.6121,0.7552,0.2500
38,5,216,221,6,6,6,0.1759,218.160,1267.042,913.374,23.2083,16.0000,1.5916,2.8293,5.9948,0.4955,0.2103,0.2942,0.2465,0.8644,2.9916,0.7532,0.3403
25,3,216,219,4,6,4,0.2604,217.804,1284.964,850.592,18.7430,13.0000,1.3000,1.0650,4.8708,0.7524,0.0258,0.2218,0.1121,0.2030,2.6160,0.5639,0.3000
62,3,216,219,4,8,11,0.1761,217.483,1291.952,813.281,28.6830,14.0000,1.4419,4.8385,5.2588,0.6093,0.3383,0.0524,0.0653,0.9941,2.6275,0.7494,0.2525
34,4,216,218,3,6,6,0.3148,217.159,1297.243,777.009,22.2801,17.0000,1.6705,1.2575,6.3857,0.7356,0.1501,0.1143,0.0293,0.9897,2.9936,0.7513,0.3121
27,8,216,219,4,6,5,0.2250,217.609,1295.491,788.747,20.8593,16.0000,1.4948,1.0901,6.0100,0.2063,0.4298,0.3640,0.1202,0.9452,3.0050,0.7474,0.4533
16,3,216,217,2,6,4,0.3333,216.530,1299.640,679.189,15.4189,14.0000,1.3659,1.6514,5.2588,0.8597,0.0776,0.0627,0.0268,0.7527,3.0116,1.1202,0.3110
11,3,216,217,2,7,2,0.3929,216.588,1300.272,698.912,12.9245,14.0000,1.3509,1.7787,5.2588,0.9305,0.0329,0.0366,0.1040,0.1722,3.0050,0.3728,0.3421
25,3,216,218,3,7,5,0.2381,216.964,1299.632,728.268,18.7829,15.0000,1.5000,2.0670,5.6201,0.7923,0.0813,0.1264,0.2382,0.9614,3.0107,0.7579,0.2600
41,3,216,219,4,7,6,0.2440,217.807,1294.141,798.156,22.4804,13.0000,1.3880,2.1980,4.8708,0.5580,0.2722,0.1697,0.0602,0.9966,2.6266,0.7551,0.1615
22,3,216,218,3,7,5,0.2095,216.747,1301.328,712.083,18.3508,15.0000,1.4410,1.9241,5.6344,0.8126,0.0336,0.1538,0.0479,0.9870,3.3826,0.9447,0.3450
7,3,216,219,4,3,2,0.2917,217.218,1299.833,760.462,11.0678,15.0000,1.3462,1.0158,5.6344,0.5865,0.2775,0.1360,0.8165,0.2055,3.3826,0.7456,0.5128
23,5,217,220,4,3,6,0.3194,217.752,232.389,706.145,18.2927,14.0000,1.3761,1.3216,5.2455,0.6619,0.1719,0.1662,0.0346,0.4723,3.3697,0.7551,0.2735
30,3,217,220,4,4,10,0.1875,218.272,237.322,643.174,18.8668,13.0000,1.4130,0.7504,4.8708,0.9236,0.0118,0.0646,0.0298,0.1899,2.2481,0.7522,0.1341
33,3,217,221,5,3,8,0.2750,218.441,243.302,610.644,20.5217,12.0000,1.2571,0.8372,4.4961,0.6604,0.2037,0.1359,0.0278,0.4712,2.6313,0.7484,0.1524
43,6,217,220,4,4,10,0.2687,218.793,248.542,591.036,23.6636,15.0000,1.5542,4.0786,5.6201,0.8971,0.0265,0.0764,0.1146,0.5660,2.6247,0.7590,0.2145
21,6,217,220,4,3,4,0.4375,218.616,251.292,582.310,17.6323,14.0000,1.3611,0.9696,5.2455,0.4461,0.2402,0.3138,0.3325,0.0774,3.0013,0.9367,0.3472
32,3,217,220,4,3,9,0.2963,218.604,258.939,559.559,20.6989,13.0000,1.3291,1.2005,4.8708,0.7962,0.1444,0.0594,0.0692,0.2561,2.8085,0.7513,0.1565
125,14,217,220,4,11,15,0.1894,218.847,384.330,814.651,40.3942,16.0000,1.6556,3.7629,5.9948,0.4557,0.4835,0.0608,0.0118,0.9998,2.6208,0.7533,0.2152
134,9,217,222,6,11,12,0.1692,219.111,386.880,826.483,41.7305,15.0000,1.5545,3.8041,5.6057,0.4746,0.4366,0.0888,0.0059,0.9899,2.6266,0.7610,0.1972
61,11,217,220,4,6,11,0.2311,218.784,394.331,837.937,28.7732,15.0000,1.5225,2.1283,5.6201,0.7631,0.1425,0.0944,0.0341,0.9960,2.6286,1.1133,0.2978
97,8,217,222,6,6,15,0.1796,218.113,408.713,736.364,37.0042,16.0000,1.5951,0.8086,5.9948,0.8624,0.0562,0.0814,0.0249,0.9934,2.9762,1.1136,0.2055
27,4,217,219,3,5,6,0.3000,218.239,407.688,819.412,19.6008,14.0000,1.3897,1.9424,5.2455,0.6741,0.1975,0.1284,0.1377,0.9809,2.9840,0.7474,0.2390
11,4,217,220,4,3,3,0.3056,218.467,408.533,1088.467,12.0731,13.0000,1.3364,0.8488,4.8708,0.1887,0.4352,0.3761,0.1049,0.1831,1.5180,0.3776,0.4673
32,5,217,219,3,7,9,0.1693,218.270,419.130,842.671,21.3124,16.0000,1.5901,0.4454,5.9948,0.9175,0.0199,0.0626,0.0720,0.9958,2.8076,0.7513,0.2578
67,4,217,220,4,8,10,0.2094,218.311,427.830,733.830,28.8601,14.0000,1.4865,4.5642,5.2455,0.5201,0.3995,0.0804,0.0583,0.9969,2.6189,0.7552,0.1204
177,7,217,221,5,7,24,0.2107,218.485,427.781,717.780,49.9818,19.0000,1.8925,1.7917,7.1188,0.9515,0.0233,0.0252,0.0125,0.9944,2.9839,1.1125,0.2403
81,3,217,220,4,7,18,0.1607,218.009,430.227,747.393,31.3885,14.0000,1.5040,1.7837,5.2455,0.9560,0.0191,0.0249,0.0008,0.9942,2.6189,0.7484,0.1485
57,3,217,219,3,6,14,0.2262,217.868,432.317,827.958,27.4032,15.0000,1.5489,5.1320,5.6201,0.9300,0.0441,0.0259,0.0217,0.9994,2.6247,1.1202,0.2083
33,3,217,220,4,6,6,0.2292,218.179,434.428,773.579,20.7311,15.0000,1.5566,0.8334,5.6201,0.3483,0.4224,0.2293,0.0170,0.9888,2.6214,0.7518,0.1604
21,4,217,219,3,5,6,0.2333,218.063,436.317,841.434,16.7582,16.0000,1.6390,0.5413,5.9948,0.2814,0.5114,0.2072,0.1624,0.8875,2.6189,1.1106,0.2683
198,19,217,221,5,7,31,0.1825,218.891,447.689,721.950,53.5567,19.0000,1.8661,7.0578,7.1005,0.9790,0.0088,0.0122,0.0083,0.9893,2.9819,1.1125,0.2743
26,5,217,220,4,4,6,0.2708,218.144,449.860,821.110,19.3914,14.0000,1.3788,0.9125,5.2455,0.6604,0.1315,0.2081,0.0164,0.7620,2.9897,1.1183,0.3788
202,6,217,221,5,8,33,0.1530,218.917,449.886,753.530,51.0215,16.0000,1.6660,2.6939,5.9948,0.9665,0.0226,0.0109,0.0019,0.9682,2.6160,1.1076,0.1830
12,4,217,219,3,2,6,0.3333,218.183,450.865,860.897,13.6216,17.0000,1.6190,1.3797,6.3531,0.7802,0.1292,0.0906,0.3053,0.1526,2.6285,0.7513,0.4603
28,4,217,220,4,4,7,0.2500,218.581,451.244,532.507,19.0892,15.0000,1.5556,0.8003,5.6201,0.6591,0.1060,0.2349,0.0465,0.9062,2.6227,0.3805,0.2444
17,3,217,220,4,4,4,0.2656,218.462,456.760,782.234,15.5206,12.0000,1.1930,0.5706,4.4961,0.5365,0.2252,0.2383,0.4190,0.4042,2.9984,0.3737,0.2105
6,3,217,218,2,2,3,0.5000,217.690,464.155,845.676,10.8687,13.0000,1.0986,0.7596,4.8708,0.5034,0.2551,0.2415,0.1128,0.4328,3.5609,0.7455,0.5352
19,4,217,221,5,5,3,0.2533,219.333,673.503,237.311,15.6758,14.0000,1.4536,0.9154,5.2320,0.7650,0.0944,0.1406,0.6305,0.6715,2.5946,0.3747,0.2951
18,3,217,220,4,3,4,0.3750,218.533,713.622,1189.378,15.8742,14.0000,1.4000,0.9024,5.2455,0.5396,0.1530,0.3074,0.6303,0.4519,2.4377,0.7469,0.2167
5,3,217,219,3,2,1,0.8333,218.231,820.462,1201.000,8.7079,12.0000,1.1538,0.5160,4.4961,0.5854,0.2927,0.1220,0.9487,0.0000,3.7333,0.7503,0.6923
5,3,217,219,3,1,2,0.8333,217.860,877.000,188.684,9.5543,15.0000,1.3158,0.3456,5.6201,0.5854,0.2927,0.1220,0.9487,0.0000,2.9897,0.3709,0.6842
6,3,217,218,2,2,2,0.7500,217.492,892.646,1178.262,9.9553,13.0000,1.2000,0.6718,4.8708,0.2000,0.3333,0.4667,0.0000,0.0000,3.1905,0.1806,0.5692
8,3,217,219,3,2,2,0.6667,217.951,973.561,235.805,10.8636,14.0000,1.3659,0.5959,5.2455,0.4961,0.2369,0.2670,0.9586,0.0986,2.4369,-0.0039,0.4634
16,3,217,220,4,4,5,0.2000,218.200,1029.345,1091.588,15.4472,18.0000,1.7455,0.9639,6.7268,0.4565,0.3893,0.1543,0.7430,0.6110,1.8830,0.3844,0.3515
4,3,217,218,2,2,2,0.5000,217.283,1052.543,1067.826,8.6332,13.0000,1.1304,0.6368,4.8832,0.5916,0.1015,0.3069,0.5000,0.5000,3.5623,0.5605,0.8261
20,3,217,220,4,3,5,0.3333,218.245,1055.436,1094.740,17.0802,17.0000,1.6667,1.4018,6.3695,0.6072,0.2709,0.1219,0.0506,0.0787,2.4358,0.3785,0.3333
16,3,217,220,4,5,2,0.4000,218.865,1065.116,1061.606,14.4863,15.0000,1.5484,0.6322,5.6057,0.6413,0.2204,0.1383,0.3975,0.0059,1.8642,0.1917,0.2581
50,5,217,220,4,8,5,0.3125,218.466,1071.883,1050.176,26.1441,21.0000,2.1255,1.0467,7.8480,0.7244,0.0280,0.2476,0.0115,0.5443,2.2538,0.3800,0.2126
32,3,217,221,5,5,5,0.2560,218.824,1073.448,1083.464,20.2244,14.0000,1.4641,1.9859,5.2184,0.2513,0.0533,0.6954,0.1343,0.5258,2.2552,0.7397,0.2059
13,3,217,221,5,3,4,0.2167,219.022,1076.126,1079.881,13.9917,16.0000,1.5407,0.1743,5.9794,0.1301,0.5890,0.2809,0.9833,0.1484,1.4959,0.0073,0.3407
14,3,217,219,3,2,5,0.4667,218.094,1076.718,1074.805,14.9166,15.0000,1.4094,1.2446,5.6057,0.6327,0.2170,0.1503,0.1533,0.0605,2.4518,0.3718,0.3624
33,3,217,220,4,6,7,0.1964,218.201,1082.756,1039.093,21.1210,13.0000,1.3241,3.6026,4.8832,0.6780,0.1764,0.1457,0.0062,0.7805,2.2384,0.0076,0.2315
24,3,217,221,5,4,5,0.2400,218.773,1104.211,1047.081,18.8528,15.0000,1.4575,0.9697,5.6057,0.1624,0.5936,0.2441,0.5723,0.4302,2.4355,0.3756,0.2186
7,3,217,219,3,3,2,0.3889,217.986,1164.164,600.890,10.3381,13.0000,1.2466,0.1980,4.8708,0.6816,0.1457,0.1727,0.8400,0.3030,2.6266,0.7469,0.5205
17,4,217,219,3,5,3,0.3778,217.901,1175.122,787.608,16.4519,15.0000,1.4088,0.9672,5.6201,0.6379,0.1833,0.1788,0.1215,0.8070,1.8782,0.0048,0.5691
26,3,217,221,5,6,4,0.2167,219.125,1179.585,607.392,19.4156,15.0000,1.4717,0.7463,5.6057,0.3413,0.3923,0.2665,0.6257,0.7046,2.4417,0.7514,0.2981
95,11,217,219,3,8,18,0.2199,217.761,1182.846,719.617,36.5409,15.0000,1.5000,4.5959,5.6344,0.9137,0.0679,0.0184,0.0068,0.9998,2.9908,1.1202,0.2168
24,6,217,221,5,8,3,0.2000,218.640,1205.209,559.146,18.2486,14.0000,1.4059,1.2701,5.2320,0.8803,0.0334,0.0863,0.3075,0.1882,1.8850,0.0213,0.3222
32,8,217,222,6,5,4,0.2667,218.970,1230.547,675.707,21.8684,15.0000,1.4502,0.5405,5.6057,0.4420,0.2539,0.3041,0.8566,0.4444,2.6102,0.0117,0.3625
12,5,217,220,4,3,3,0.3333,218.464,1231.448,823.136,13.5038,13.0000,1.2480,0.7117,4.8583,0.4235,0.3336,0.2429,0.5098,0.2445,3.1919,0.9338,0.4880
12,3,217,219,3,4,3,0.3333,218.035,1236.168,795.080,12.2208,13.0000,1.3805,0.1894,4.8708,0.3138,0.3301,0.3561,0.1318,0.6844,2.4349,0.7542,0.3363
14,3,217,219,3,4,3,0.3889,217.850,1239.261,767.588,15.3266,16.0000,1.4641,0.9561,5.9948,0.5922,0.2597,0.1481,0.1266,0.3382,3.1794,0.7445,0.4510
47,4,217,220,4,8,9,0.1632,218.685,1247.637,962.041,25.0956,15.0000,1.5326,3.8643,5.6057,0.8445,0.1051,0.0504,0.0678,0.9262,2.2583,0.3815,0.2022
7,3,217,219,3,4,1,0.5833,217.792,1250.948,455.000,10.9100,14.0000,1.2727,0.2142,5.2455,0.5992,0.3329,0.0680,0.0000,0.0000,3.3835,0.7513,0.5065
17,7,217,220,4,7,2,0.3036,218.335,1255.560,941.758,16.5244,16.0000,1.4945,1.6040,5.9794,0.7951,0.1421,0.0628,0.2377,0.2782,2.6199,0.0115,0.4945
35,5,217,220,4,7,6,0.2083,218.355,1258.573,936.639,22.0825,14.0000,1.4040,2.1725,5.2588,0.7726,0.1097,0.1177,0.0878,0.7553,2.6160,0.3839,0.2550
21,3,217,221,5,8,3,0.1750,219.122,1261.473,578.005,16.7125,15.0000,1.5366,0.5408,5.6057,0.8875,0.0642,0.0483,0.3138,0.4712,2.6131,1.1115,0.2585
9,4,217,220,4,3,2,0.3750,218.925,1267.292,586.123,13.2070,15.0000,1.2736,0.9774,5.6201,0.6662,0.1860,0.1478,0.9147,0.0293,4.1002,1.1202,0.6321
30,5,217,221,5,5,4,0.3000,218.389,1272.513,895.530,20.3644,16.0000,1.6107,1.6522,5.9948,0.3934,0.2361,0.3705,0.5186,0.1990,2.6266,0.7421,0.2852
44,3,217,221,5,8,6,0.1833,218.383,1278.163,872.811,23.8692,13.0000,1.3522,1.2266,4.8708,0.5412,0.2614,0.1974,0.0886,0.9828,2.6247,1.1211,0.2340
35,5,217,220,4,7,7,0.1786,217.853,1282.000,862.542,21.9842,14.0000,1.4121,2.0571,5.2455,0.7473,0.1199,0.1328,0.0109,0.9992,3.1853,1.1192,0.2968
44,3,217,219,3,11,7,0.1905,217.810,1284.099,841.413,23.5088,14.0000,1.4808,3.6076,5.2320,0.8279,0.1130,0.0590,0.0493,0.9932,2.6275,0.3795,0.1226
7,4,217,218,2,2,2,0.8750,217.561,1284.427,855.329,11.6253,15.0000,1.2805,0.7935,5.6201,0.0000,0.3318,0.6682,0.7788,0.5774,3.7582,1.1245,0.6707
42,3,217,220,4,9,7,0.1667,218.062,1287.837,836.124,22.3701,14.0000,1.5194,2.1547,5.2455,0.3663,0.4782,0.1555,0.1406,0.9851,2.6160,0.7533,0.1008
13,4,217,220,4,3,4,0.2708,218.531,1289.453,802.945,13.2830,12.0000,1.2187,1.5978,4.5075,0.6982,0.0472,0.2546,0.7656,0.4254,2.6294,0.7455,0.4688
12,4,217,218,2,5,3,0.4000,217.306,1295.282,794.040,13.4354,15.0000,1.4516,1.6307,5.6344,0.8152,0.0614,0.1234,0.0003,0.7664,2.6232,1.1221,0.5242
4,3,217,218,2,2,1,1.0000,217.519,1296.519,655.000,9.7535,14.0000,1.0769,0.7076,5.2588,0.0000,0.7500,0.2500,1.0000,0.0000,3.5556,-0.3814,0.7885
16,3,218,221,4,4,4,0.2500,219.597,346.322,1032.705,13.8992,14.0000,1.5034,0.8419,5.2184,0.6287,0.1305,0.2408,0.0582,0.2353,2.0564,0.3806,0.2550
27,4,218,222,5,6,6,0.1500,219.165,388.900,836.685,18.6912,14.0000,1.4538,1.3062,5.2320,0.8949,0.0383,0.0668,0.3915,0.9118,2.2539,0.7552,0.2000
15,4,218,221,4,2,3,0.6250,219.548,412.510,596.465,14.9348,15.0000,1.4516,0.9099,5.6057,0.6551,0.1449,0.2000,0.9641,0.1792,2.2539,0.7470,0.3613
18,4,218,221,4,4,4,0.2812,219.228,424.813,536.130,16.9902,15.0000,1.3990,0.8047,5.5911,0.1159,0.4734,0.4107,0.7096,0.5934,2.6160,1.1182,0.4870
36,3,218,222,5,6,5,0.2400,219.733,442.253,583.031,22.3797,18.0000,1.8000,2.3658,6.6917,0.6235,0.1437,0.2329,0.5069,0.2351,2.2423,0.7352,0.2417
119,12,218,222,5,8,14,0.2125,219.534,455.187,652.854,40.7102,16.0000,1.6000,1.2678,5.9639,0.8799,0.0696,0.0504,0.0513,0.7595,2.6247,0.7465,0.2445
45,7,218,220,3,6,9,0.2778,218.750,454.368,773.530,24.5280,16.0000,1.6364,0.6917,5.9794,0.5769,0.2685,0.1545,0.0896,0.9879,2.6184,0.9294,0.2364
6,3,218,220,3,1,2,1.0000,218.929,455.000,598.471,10.6816,14.0000,1.2000,0.4768,5.2320,0.5556,0.3333,0.1111,1.0000,0.0000,2.8086,0.0000,0.5571
16,3,218,220,3,4,5,0.2667,218.664,458.822,785.803,14.2133,12.0000,1.2632,1.3274,4.4961,0.3565,0.3333,0.3102,0.1585,0.9501,2.6203,0.7427,0.3158
26,4,218,222,5,3,5,0.3467,219.640,466.376,579.407,18.8775,13.0000,1.3101,0.6610,4.8456,0.4268,0.3745,0.1987,0.7478,0.2847,2.6092,0.3737,0.1938
14,3,218,220,3,3,5,0.3111,218.496,469.226,852.007,13.7011,13.0000,1.3285,0.5522,4.8583,0.6789,0.0310,0.2902,0.1912,0.3307,2.6208,0.9344,0.2701
64,4,218,222,5,8,10,0.1600,219.461,480.223,792.225,29.0679,14.0000,1.4382,2.5537,5.2320,0.4370,0.4664,0.0966,0.0375,0.9884,2.6160,0.9294,0.2071
27,3,218,223,6,6,4,0.1875,220.051,493.156,467.992,18.3611,13.0000,1.3711,2.8606,4.8201,0.8143,0.0810,0.1047,0.5418,0.5300,2.2511,0.7514,0.2383
12,3,218,220,3,3,3,0.4444,218.992,522.870,470.634,13.2696,14.0000,1.3659,1.0766,5.2320,0.5834,0.0059,0.4107,0.5082,0.3911,2.4364,0.7383,0.3252
13,3,218,220,3,2,5,0.4333,218.730,537.524,484.849,13.0689,15.0000,1.5476,0.8847,5.6201,0.7075,0.0739,0.2186,0.0324,0.3119,2.2394,0.0117,0.3095
32,3,218,222,5,9,4,0.1778,219.984,568.135,469.289,20.0319,15.0000,1.5789,3.1482,5.5911,0.8657,0.0285,0.1058,0.1099,0.5153,2.2394,0.7484,0.2138
14,3,218,220,3,4,3,0.3889,219.051,611.423,446.204,13.6815,13.0000,1.3285,1.1514,4.8708,0.2446,0.1498,0.6056,0.3970,0.1757,2.8028,1.1114,0.2774
16,4,218,221,4,3,4,0.3333,219.494,711.946,410.452,15.6757,15.0000,1.4286,0.7395,5.6057,0.3932,0.1793,0.4275,0.7451,0.6611,2.6189,0.5655,0.3393
17,7,218,221,4,3,3,0.4722,219.560,765.203,418.082,16.4721,15.0000,1.4011,1.2357,5.6057,0.2783,0.1597,0.5620,0.9880,0.0908,2.6179,0.7484,0.5220
7,3,218,220,3,1,3,0.7778,219.024,825.000,1178.280,11.5817,17.0000,1.4512,0.2815,6.3531,0.1247,0.7481,0.1273,1.0000,0.0000,3.3702,0.7416,0.5244
49,5,218,222,5,6,8,0.2042,219.907,865.626,1163.487,24.5002,16.0000,1.7043,0.6417,5.9639,0.6167,0.2363,0.1469,0.0851,0.9788,2.2335,0.7327,0.1761
15,5,218,221,4,2,3,0.6250,219.654,876.365,1288.038,15.0271,14.0000,1.3462,0.5048,5.2184,0.5629,0.2178,0.2193,0.8434,0.3169,2.9781,1.1095,0.4103
138,3,218,222,5,8,21,0.1643,220.210,941.809,674.050,42.6529,16.0000,1.6416,4.1312,5.9639,0.8923,0.0893,0.0184,0.0095,0.9991,2.6131,1.1114,0.2067
21,4,218,221,4,7,3,0.2500,219.610,943.468,1125.395,16.6914,13.0000,1.3317,0.8644,4.8583,0.8611,0.0448,0.0941,0.0846,0.3625,2.2452,0.3776,0.2439
15,3,218,221,4,4,3,0.3125,219.837,947.595,1130.301,14.7311,14.0000,1.3725,1.9538,5.2047,0.5114,0.1512,0.3374,0.5717,0.6776,2.2423,0.7391,0.3333
42,3,218,221,4,9,5,0.2333,219.878,963.573,702.235,24.5092,16.0000,1.5775,2.7260,5.9639,0.6629,0.2386,0.0986,0.0063,0.9856,2.6136,0.7406,0.2723
28,3,218,223,6,5,5,0.1867,220.873,976.219,1110.237,19.8890,14.0000,1.3852,2.3963,5.2184,0.1708,0.3735,0.4558,0.7030,0.6969,2.4233,0.7465,0.2756
34,3,218,221,4,7,7,0.1735,219.691,998.344,1090.129,20.2803,14.0000,1.5016,2.1203,5.2320,0.4878,0.2711,0.2411,0.0663,0.9225,2.2364,0.3805,0.1199
14,6,218,221,4,2,3,0.5833,219.880,1009.487,1081.101,15.7447,16.0000,1.4177,0.5362,5.9639,0.3538,0.3111,0.3352,0.9697,0.1960,2.6184,0.0098,0.5190
8,3,218,220,3,1,4,0.6667,219.047,1019.000,1105.482,11.2294,14.0000,1.3176,0.5198,5.2320,0.4158,0.4977,0.0865,0.5696,0.0000,2.7956,0.3752,0.4588
14,5,218,221,4,3,3,0.3889,219.779,1021.179,1074.807,13.9547,13.0000,1.3000,0.8217,4.8583,0.3694,0.2541,0.3765,0.8673,0.4840,1.8642,0.1814,0.4500
40,3,218,224,7,7,5,0.1633,220.286,1023.325,1068.195,22.6728,15.0000,1.5584,2.6637,5.6057,0.6594,0.1434,0.1971,0.5034,0.7852,2.2468,0.7249,0.1818
14,3,218,222,5,4,4,0.1750,219.878,1042.660,1112.163,14.6486,14.0000,1.3333,1.8846,5.2320,0.2412,0.5460,0.2128,0.7197,0.5599,2.6072,0.7533,0.4286
26,5,218,222,5,5,5,0.2080,219.364,1058.065,1192.785,19.1107,15.0000,1.4943,1.2741,5.6057,0.6063,0.0901,0.3036,0.5207,0.4459,2.6122,0.3879,0.3027
19,3,218,221,4,5,3,0.3167,219.408,1067.483,1024.816,17.2145,14.0000,1.3234,1.1176,5.2184,0.5846,0.2081,0.2073,0.2022,0.3939,2.2462,0.3713,0.3881
9,3,218,221,4,5,2,0.2250,219.828,1079.022,1072.720,11.5600,14.0000,1.3548,0.8741,5.2320,0.7199,0.2006,0.0796,0.7057,0.2131,1.8803,-0.1893,0.4086
17,5,218,221,4,6,3,0.2361,219.283,1109.578,498.058,15.6689,14.0000,1.3757,0.5115,5.2320,0.7674,0.1046,0.1280,0.2347,0.1881,2.6171,0.3757,0.3757
9,3,218,220,3,4,2,0.3750,219.200,1118.660,520.190,12.4506,16.0000,1.4400,1.6828,5.9794,0.5445,0.2251,0.2304,0.3197,0.3300,2.9878,0.0073,0.4200
22,4,218,221,4,7,3,0.2619,219.358,1123.349,1051.130,17.1143,13.0000,1.3302,0.7420,4.8456,0.7919,0.0217,0.1865,0.2452,0.8795,2.8023,0.7465,0.2372
24,8,218,222,5,4,5,0.2400,220.000,1127.202,1022.492,19.6298,16.0000,1.4884,1.1395,5.9794,0.6652,0.0498,0.2849,0.7387,0.6721,2.6043,0.7357,0.4225
30,3,218,222,5,5,6,0.2000,219.237,1135.355,921.541,19.0244,13.0000,1.3978,0.6890,4.8583,0.5506,0.1706,0.2788,0.2113,0.5987,2.2306,0.0098,0.1326
33,8,218,222,5,7,4,0.2357,219.320,1134.976,558.834,21.9051,15.0000,1.4688,2.0557,5.6057,0.7105,0.0948,0.1946,0.2821,0.6977,2.9926,0.7426,0.3353
8,4,218,220,3,1,4,0.6667,219.034,1137.000,1124.460,11.4940,13.0000,1.1954,0.4611,4.8583,0.7115,0.2320,0.0565,0.3875,0.0000,3.1741,0.1864,0.5747
46,3,218,222,5,8,6,0.1917,219.144,1148.879,889.661,23.7393,13.0000,1.3875,1.3091,4.8583,0.4898,0.1927,0.3175,0.0345,0.5686,2.2568,0.3864,0.1415
82,3,218,221,4,7,13,0.2253,219.479,1152.158,613.385,31.9029,14.0000,1.4832,1.4741,5.2320,0.8724,0.0931,0.0345,0.0077,0.9998,2.6072,0.7503,0.1628
15,5,218,222,5,3,4,0.2500,219.602,1155.882,623.311,15.5108,16.0000,1.4907,0.6880,5.9794,0.4083,0.3216,0.2701,0.9427,0.3127,2.6218,0.0059,0.5093
67,3,218,222,5,8,10,0.1675,220.101,1155.271,642.387,29.7734,15.0000,1.5367,5.8621,5.6057,0.6871,0.2210,0.0920,0.1110,0.9427,2.6219,0.7532,0.1865
31,3,218,222,5,4,8,0.1938,219.815,1157.373,1101.320,20.2942,13.0000,1.3300,2.1774,4.8456,0.7471,0.1584,0.0944,0.3679,0.4739,2.2452,0.3659,0.2475
26,8,218,220,3,4,6,0.3611,218.663,1161.693,854.870,19.8057,17.0000,1.6370,1.3564,6.3531,0.4906,0.1008,0.4087,0.0062,0.9986,2.2539,0.7368,0.4185
108,5,218,222,5,9,12,0.2000,220.474,1160.406,747.791,37.8999,15.0000,1.5312,1.8413,5.5911,0.7011,0.2387,0.0602,0.0004,0.9902,2.6034,0.7495,0.2439
20,3,218,221,4,6,3,0.2778,218.753,1165.646,953.010,16.5563,14.0000,1.4141,1.3760,5.2320,0.7657,0.1194,0.1149,0.1953,0.1454,1.8811,0.7368,0.2626
122,7,218,222,5,10,16,0.1525,220.057,1161.845,706.377,41.9740,16.0000,1.5691,2.6434,5.9639,0.6793,0.2857,0.0350,0.0040,0.9864,2.9800,0.7455,0.3127
42,6,218,223,6,6,5,0.2333,220.095,1174.133,439.393,24.7250,17.0000,1.6605,2.5744,6.3531,0.1219,0.3033,0.5747,0.2307,0.9073,2.6151,0.3747,0.3651
5,3,218,219,2,3,1,0.8333,218.379,1174.259,598.000,9.7090,13.0000,1.1207,0.4591,4.8708,0.5854,0.2927,0.1220,0.3162,0.0000,3.3634,0.3737,0.6552
9,3,218,221,4,3,3,0.2500,218.914,1175.452,736.194,11.5876,13.0000,1.2581,1.0833,4.8708,0.5844,0.2460,0.1696,0.8414,0.4939,2.9762,0.7416,0.4086
10,3,218,221,4,4,2,0.3125,219.883,1178.971,798.117,12.1443,14.0000,1.3592,0.1673,5.2184,0.7699,0.1213,0.1088,0.7071,0.0522,2.7965,0.3796,0.3786
40,5,218,223,6,6,6,0.1852,219.984,1185.675,1069.958,22.3372,16.0000,1.6887,1.4111,5.9794,0.4872,0.0760,0.4368,0.4390,0.7934,2.2423,0.3737,0.1741
27,4,218,222,5,7,4,0.1929,220.197,1187.185,953.898,18.2108,14.0000,1.4882,1.2056,5.2184,0.5940,0.2687,0.1373,0.0038,0.0186,1.8628,0.1908,0.2520
39,4,218,224,7,7,5,0.1592,220.336,1193.719,940.361,21.8256,15.0000,1.5984,1.6463,5.6057,0.2020,0.5172,0.2807,0.7247,0.4840,2.2247,0.3776,0.1885
26,3,218,221,4,5,6,0.2167,219.405,1197.742,930.794,18.4498,15.0000,1.5476,1.5363,5.5911,0.7493,0.0801,0.1706,0.1969,0.2692,2.2452,0.3708,0.2579
9,3,218,221,4,5,2,0.2250,219.274,1205.074,373.916,11.8257,13.0000,1.2316,1.6680,4.8708,0.8477,0.0931,0.0591,0.6368,0.2974,3.3759,0.7475,0.5263
10,4,218,220,3,4,2,0.4167,219.000,1204.018,786.927,12.8813,14.0000,1.2844,0.9844,5.2320,0.3350,0.5117,0.1534,0.3090,0.1877,2.4398,0.0019,0.4771
13,4,218,221,4,4,3,0.2708,219.254,1206.479,501.183,14.7084,16.0000,1.4648,0.6078,5.9794,0.2436,0.5803,0.1761,0.6572,0.3773,2.9868,0.7348,0.3803
23,4,218,221,4,6,3,0.3194,219.434,1210.142,744.053,17.5909,14.0000,1.4248,1.4720,5.2184,0.6605,0.2140,0.1254,0.2924,0.1690,2.6034,0.7426,0.2832
13,3,218,221,4,5,3,0.2167,218.853,1210.310,896.085,13.3757,15.0000,1.5116,0.9113,5.6201,0.4288,0.3606,0.2106,0.4900,0.1599,2.2568,0.3737,0.3101
7,3,218,220,3,2,2,0.5833,218.948,1212.519,889.104,10.8776,16.0000,1.4545,0.4944,5.9794,0.5916,0.2044,0.2040,0.9664,0.1591,2.6227,-0.1796,0.5584
18,4,218,221,4,6,5,0.1500,219.514,1211.765,1029.148,16.0980,16.0000,1.5738,1.0226,5.9794,0.1083,0.5847,0.3070,0.1087,0.9287,1.8803,0.3815,0.3770
32,3,218,222,5,5,7,0.1829,220.276,1216.450,524.475,21.2016,14.0000,1.3913,0.8087,5.2184,0.5758,0.2913,0.1329,0.1928,0.3263,2.9664,0.7435,0.3168
26,3,218,221,4,4,6,0.2708,219.386,1223.589,804.492,18.0114,13.0000,1.3740,0.8964,4.8456,0.6661,0.1997,0.1342,0.4931,0.6162,2.2481,0.7484,0.1504
12,3,218,219,2,4,5,0.3000,218.186,1233.102,810.763,12.7567,14.0000,1.4237,0.7917,5.2455,0.7119,0.1893,0.0988,0.0815,0.9963,2.6184,0.9372,0.3390
29,3,219,223,5,3,7,0.2762,220.520,386.227,878.303,19.1466,14.0000,1.4657,1.4214,5.2184,0.7154,0.1578,0.1268,0.1738,0.1150,2.2409,0.7372,0.1480
4,3,219,220,2,1,2,1.0000,219.479,408.000,520.542,8.9579,13.0000,1.0833,0.6631,4.8583,0.0000,0.7500,0.2500,0.0000,0.0000,3.1780,0.7455,0.7917
38,5,219,223,5,5,6,0.2533,220.736,411.322,520.170,23.0535,15.0000,1.4921,0.9286,5.5764,0.4811,0.3164,0.2024,0.0205,0.6112,2.2423,0.7637,0.2775
22,4,219,222,4,6,4,0.2292,220.548,431.938,495.038,16.6644,14.0000,1.4667,0.5524,5.2184,0.7444,0.0292,0.2265,0.0341,0.9555,1.8569,0.3727,0.2476
13,3,219,221,3,3,4,0.3611,219.962,468.083,1126.895,13.7508,13.0000,1.2707,0.1390,4.8456,0.6365,0.2425,0.1210,0.2188,0.1810,2.9762,0.7455,0.2932
91,8,219,223,5,6,12,0.2528,220.702,486.819,734.684,34.2824,14.0000,1.4494,3.5895,5.2184,0.7611,0.1086,0.1303,0.0342,0.9908,2.6092,0.7455,0.1957
41,3,219,223,5,4,10,0.2050,220.523,487.510,744.092,23.2529,14.0000,1.4350,2.6214,5.2184,0.8955,0.0055,0.0990,0.0223,0.9728,2.2453,0.7426,0.2200
16,3,219,223,5,4,3,0.2667,221.145,491.314,777.447,14.7717,14.0000,1.4088,1.3097,5.2184,0.5317,0.1730,0.2953,0.8275,0.0006,2.5969,0.7357,0.2453
14,3,219,222,4,3,4,0.2917,220.806,517.209,429.568,13.8177,14.0000,1.4101,0.5173,5.2047,0.3607,0.1972,0.4421,0.9089,0.0982,1.8736,0.7377,0.2878
20,3,219,222,4,2,5,0.5000,219.995,525.360,445.749,16.9196,15.0000,1.4778,1.2962,5.6057,0.4882,0.4104,0.1014,0.0987,0.2232,2.6043,0.3727,0.2562
38,5,219,225,7,5,7,0.1551,220.392,530.520,442.783,23.1345,16.0000,1.5875,1.8146,5.9482,0.2648,0.4132,0.3220,0.5298,0.3868,2.6136,0.7513,0.3760
14,3,219,221,3,3,5,0.3111,220.226,546.102,435.511,13.6397,13.0000,1.3285,1.7534,4.8456,0.7646,0.1530,0.0824,0.0849,0.1982,2.2291,0.3718,0.3650
16,3,219,222,4,3,4,0.3333,220.589,595.418,413.797,14.7004,12.0000,1.2152,1.6550,4.4846,0.4935,0.3200,0.1865,0.6924,0.2355,2.4194,0.7278,0.3038
5,3,219,220,2,2,2,0.6250,219.368,657.649,453.421,9.5173,13.0000,1.1404,0.6604,4.8583,0.2938,0.4054,0.3007,0.0000,0.3029,3.7294,1.1187,0.6491
18,3,219,223,5,3,4,0.3000,220.701,665.328,458.690,15.2586,14.0000,1.4483,1.1914,5.2184,0.8147,0.0624,0.1229,0.6981,0.3887,2.2467,0.3747,0.2874
17,3,219,222,4,6,3,0.2361,220.310,670.524,392.589,15.1753,14.0000,1.4167,1.6083,5.2184,0.8155,0.1193,0.0652,0.2909,0.1074,2.2526,0.7455,0.3155
12,3,219,222,4,2,5,0.3000,220.610,725.237,1192.695,12.6765,13.0000,1.3220,0.5490,4.8329,0.6764,0.2008,0.1228,0.3028,0.2135,2.7907,0.7455,0.3136
7,3,219,221,3,2,3,0.3889,220.080,727.107,1211.067,10.5640,15.0000,1.4000,0.1491,5.5911,0.4552,0.3334,0.2114,0.4574,0.0699,2.9664,0.7435,0.5333
15,3,219,221,3,4,4,0.3125,219.980,769.813,442.993,14.4369,15.0000,1.5000,0.1879,5.5911,0.3742,0.3926,0.2332,0.1103,0.6288,1.8759,0.0078,0.2733
23,3,219,221,3,5,6,0.2556,219.865,782.861,404.206,17.3380,13.0000,1.3408,1.4881,4.8456,0.6794,0.1744,0.1462,0.0130,0.7962,2.2511,0.7470,0.2735
14,3,219,223,5,4,4,0.1750,220.822,786.452,406.973,14.5129,13.0000,1.2466,0.4866,4.8329,0.2295,0.5254,0.2451,0.6337,0.2900,2.7921,0.7278,0.3425
46,5,219,223,5,10,6,0.1533,220.345,795.688,408.908,25.1476,15.0000,1.5066,4.8052,5.5911,0.8716,0.0696,0.0588,0.1219,0.3823,2.4144,0.0039,0.2817
23,3,219,222,4,5,4,0.2875,220.527,831.977,429.468,17.2303,13.0000,1.3468,1.2421,4.8456,0.2609,0.2925,0.4466,0.3900,0.9206,2.6082,0.7495,0.2748
16,3,219,223,5,3,4,0.2667,220.359,833.731,1237.853,14.5231,14.0000,1.4359,0.8274,5.2184,0.0817,0.6193,0.2990,0.9866,0.0911,2.7936,0.7416,0.2436
24,4,219,222,4,5,4,0.3000,220.131,837.249,473.920,18.0259,15.0000,1.5190,1.3599,5.6057,0.4917,0.2495,0.2588,0.5516,0.5161,2.5945,0.5561,0.2658
31,3,219,224,6,7,4,0.1845,220.987,842.637,431.462,20.2318,13.0000,1.3300,1.9989,4.8329,0.7456,0.1264,0.1280,0.6532,0.1537,2.6083,0.3757,0.2409
14,3,219,222,4,3,3,0.3889,220.750,886.059,638.456,13.5214,13.0000,1.3382,1.6298,4.8201,0.4337,0.2539,0.3124,0.8266,0.3744,2.6072,0.7386,0.3603
8,3,219,221,3,2,2,0.6667,220.210,892.790,605.383,10.6686,13.0000,1.2840,0.4843,4.8456,0.4961,0.2369,0.2670,0.9586,0.0986,2.6063,0.0043,0.4568
8,3,219,221,3,3,2,0.4444,220.259,898.706,288.800,11.1940,14.0000,1.3176,0.4399,5.2184,0.5452,0.2911,0.1637,0.8024,0.1595,2.8019,0.7430,0.4471
18,3,219,222,4,4,4,0.2812,220.101,909.670,627.883,15.7220,13.0000,1.3073,0.6880,4.8456,0.4800,0.3221,0.1979,0.4308,0.8722,2.9790,0.7416,0.2123
75,5,219,222,4,11,11,0.1550,220.549,919.034,664.003,32.0188,17.0000,1.7114,2.8561,6.3366,0.3647,0.5861,0.0492,0.0887,0.9957,2.9575,0.7465,0.2832
70,9,219,223,5,8,11,0.1591,221.065,925.000,715.454,30.6984,16.0000,1.6208,3.3346,5.9482,0.6294,0.2537,0.1168,0.0804,0.9922,2.5975,0.7513,0.2735
28,4,219,222,4,4,6,0.2917,220.740,924.421,681.106,19.1931,12.0000,1.2308,1.2344,4.4729,0.5987,0.1361,0.2652,0.0613,0.9126,2.6009,0.5620,0.1758
9,3,219,221,3,2,4,0.3750,219.957,927.596,1135.511,11.6805,13.0000,1.2447,0.6362,4.8456,0.7979,0.0440,0.1580,0.6290,0.7632,2.9654,0.1982,0.3936
7,3,219,221,3,3,2,0.3889,220.000,927.013,1139.603,10.9888,15.0000,1.3462,0.3976,5.5911,0.5487,0.1939,0.2574,0.8285,0.0460,2.6199,0.7426,0.5128
36,4,219,226,8,5,6,0.1500,222.888,936.123,693.723,22.0700,16.0000,1.6089,1.2873,5.9165,0.6247,0.2593,0.1160,0.7812,0.4169,2.2247,0.7396,0.3268
8,3,219,220,2,3,3,0.4444,219.702,954.976,639.405,11.0784,15.0000,1.4286,0.6659,5.5911,0.7197,0.0792,0.2011,0.2390,0.1133,2.9805,0.7445,0.4762
120,4,219,223,5,8,17,0.1765,220.726,961.278,756.771,40.1764,18.0000,1.8259,6.2774,6.7093,0.8272,0.1356,0.0371,0.0148,0.9801,2.6171,1.1094,0.2189
13,3,219,222,4,3,3,0.3611,220.008,960.862,1256.285,12.7153,14.0000,1.4797,0.7287,5.2184,0.6510,0.0443,0.3047,0.8835,0.0820,2.5984,0.7494,0.3089
81,6,219,222,4,7,14,0.2066,220.420,963.585,738.665,32.8891,16.0000,1.6302,3.7355,5.9639,0.8785,0.0903,0.0312,0.0217,0.9996,2.6072,1.1045,0.2113
38,3,219,222,4,6,6,0.2639,220.226,964.667,708.346,23.7492,16.0000,1.5471,2.1365,5.9639,0.3785,0.4464,0.1751,0.1251,0.9920,2.6121,0.7557,0.2774
43,7,219,222,4,6,8,0.2240,220.394,982.867,690.963,24.7576,15.0000,1.4794,2.8285,5.5764,0.5641,0.3071,0.1288,0.1090,0.9807,2.9752,0.9264,0.2982
15,4,219,221,3,3,3,0.5556,220.144,985.606,705.106,15.3928,16.0000,1.5000,1.1830,5.9639,0.1196,0.2583,0.6221,0.7071,0.3645,2.7941,0.7455,0.4375
24,3,219,223,5,4,4,0.3000,220.795,1024.131,1151.563,17.3871,13.0000,1.3624,0.9829,4.8456,0.2588,0.2606,0.4806,0.6176,0.1647,2.6044,0.3777,0.1703
22,3,219,223,5,6,4,0.1833,220.835,1043.241,1058.396,16.8102,15.0000,1.5566,0.9841,5.5764,0.7979,0.0377,0.1644,0.6092,0.7859,1.8795,-0.1834,0.1840
19,4,219,220,2,7,5,0.2714,219.520,1058.045,1035.700,17.1239,15.0000,1.4250,2.1313,5.6057,0.8421,0.0843,0.0736,0.0535,0.9940,1.8760,0.3824,0.4050
15,7,219,222,4,5,2,0.3750,220.343,1066.843,1090.826,16.5385,14.0000,1.2209,0.9267,5.2184,0.3112,0.5157,0.1730,0.3255,0.0987,2.9956,0.3816,0.5291
39,4,219,222,4,8,8,0.1523,220.169,1098.147,987.507,21.8950,14.0000,1.4877,1.0064,5.2184,0.8846,0.0292,0.0862,0.1657,0.9860,1.8637,0.3659,0.2044
27,5,219,223,5,8,4,0.1688,221.044,1102.246,981.654,19.4579,14.0000,1.3897,1.7526,5.2184,0.6341,0.0554,0.3105,0.3912,0.4873,2.5767,0.7278,0.3382
19,3,219,222,4,6,3,0.2639,220.288,1112.246,963.099,16.3204,14.0000,1.3927,1.3150,5.2320,0.6722,0.2226,0.1052,0.5960,0.1822,2.5994,0.1933,0.2042
25,3,219,223,5,4,5,0.2500,221.141,1118.105,498.883,19.0270,13.0000,1.2695,1.2646,4.8329,0.2911,0.3320,0.3769,0.6535,0.6619,2.6181,0.3821,0.3320
20,4,219,223,5,6,4,0.1667,220.990,1123.711,1057.324,16.9585,16.0000,1.5686,0.4341,5.9482,0.3558,0.5250,0.1193,0.1340,0.3708,2.5866,0.3772,0.2794
23,3,219,222,4,6,5,0.1917,220.349,1123.995,520.523,16.9277,12.0000,1.2661,2.5070,4.4729,0.7009,0.1558,0.1433,0.4975,0.8066,2.2496,0.3698,0.1651
35,4,219,224,6,6,5,0.1944,220.891,1123.721,947.376,21.8740,14.0000,1.4080,1.6032,5.2184,0.5140,0.3597,0.1262,0.7083,0.5855,1.8795,0.3669,0.2874
30,5,219,224,6,4,4,0.3125,221.398,1130.555,532.445,21.6287,17.0000,1.5987,1.6982,6.3200,0.0775,0.5944,0.3281,0.9766,0.0210,2.9528,0.9214,0.4169
64,3,219,223,5,13,4,0.2462,220.865,1141.682,843.396,29.1935,14.0000,1.4268,1.9848,5.2184,0.8946,0.0438,0.0616,0.1349,0.5625,2.6072,0.3777,0.2627
79,5,219,223,5,12,6,0.2194,220.965,1142.929,837.619,32.2092,16.0000,1.6416,3.0951,5.9482,0.8485,0.0960,0.0554,0.0070,0.9837,2.5984,1.1084,0.1961
8,3,219,221,3,3,2,0.4444,219.839,1140.310,1123.437,11.4699,15.0000,1.3793,0.6629,5.5911,0.6019,0.1478,0.2503,0.7847,0.1016,2.4330,-0.1776,0.4598
33,3,219,222,4,6,5,0.2750,220.673,1143.673,823.956,20.4028,16.0000,1.6762,1.8179,5.9639,0.5947,0.1626,0.2428,0.3265,0.9443,2.2218,0.3698,0.1302
15,3,219,221,3,4,3,0.4167,220.118,1147.633,397.959,16.2597,17.0000,1.5089,1.0332,6.3366,0.0369,0.5045,0.4585,0.5128,0.5785,3.1581,0.7397,0.3491
40,3,219,223,5,6,7,0.1905,221.003,1149.131,801.268,23.2768,15.0000,1.5152,1.5368,5.5764,0.5574,0.1638,0.2789,0.1521,0.9815,2.4130,1.0887,0.2828
48,3,219,221,3,6,10,0.2667,219.690,1159.209,657.387,25.7374,14.0000,1.4059,1.3068,5.2184,0.6802,0.2160,0.1038,0.0056,0.9956,2.6141,1.1144,0.2929
7,3,219,221,3,2,3,0.3889,220.123,1171.644,982.753,10.2811,13.0000,1.2466,0.8424,4.8456,0.7348,0.1163,0.1489,0.7197,0.3918,2.2404,0.3756,0.5205
32,4,219,222,4,7,3,0.3810,220.190,1200.896,921.104,21.5358,14.0000,1.3700,1.2813,5.2184,0.6931,0.0854,0.2215,0.2190,0.6124,2.6023,0.5537,0.3180
17,3,219,222,4,4,3,0.3542,220.372,1206.320,914.308,15.5340,18.0000,1.7791,0.5794,6.7093,0.6396,0.1952,0.1652,0.5967,0.3273,2.2394,0.3727,0.3256
24,4,219,222,4,5,4,0.3000,220.306,1209.190,505.734,19.1581,15.0000,1.4286,1.2575,5.5911,0.4754,0.2664,0.2582,0.2127,0.4321,2.6092,0.5577,0.3254
8,3,219,221,3,3,3,0.2963,219.753,1212.840,510.025,10.6813,12.0000,1.1852,1.1281,4.4846,0.3365,0.2465,0.4170,0.8290,0.4902,2.4228,0.3727,0.4444
12,3,219,222,4,3,3,0.3333,220.009,1225.819,751.112,12.4814,13.0000,1.3448,0.2131,4.8456,0.5635,0.1460,0.2906,0.8647,0.0755,2.2408,-0.0014,0.3276
18,3,219,222,4,6,5,0.1500,220.103,1230.960,695.236,15.2827,15.0000,1.5517,1.6185,5.5911,0.5329,0.2828,0.1843,0.4152,0.8811,1.8676,0.3776,0.2356
13,4,219,223,5,3,3,0.2889,220.292,1233.408,570.854,13.4289,15.0000,1.5000,1.4291,5.6057,0.7530,0.0892,0.1578,0.9814,0.1921,2.2276,0.3659,0.4077
19,3,219,223,5,4,3,0.3167,221.094,1231.745,575.401,16.3711,15.0000,1.4844,1.0234,5.5616,0.0905,0.5122,0.3973,0.5746,0.1422,2.4159,0.5596,0.2240
25,4,219,223,5,5,4,0.2500,220.906,1244.660,623.484,19.0387,15.0000,1.4648,1.6977,5.5911,0.6236,0.1132,0.2632,0.6717,0.2539,2.6248,0.1790,0.3008
7,5,219,221,3,4,1,0.5833,220.222,1249.704,617.000,11.4048,13.0000,1.1235,0.7380,4.8456,0.6657,0.2663,0.0680,0.3162,0.0000,4.0874,0.7397,0.7901
27,4,219,222,4,9,4,0.1875,220.797,1249.624,689.868,19.0412,14.0000,1.4211,1.6397,5.2047,0.8814,0.0472,0.0714,0.2787,0.4097,2.2365,0.3777,0.2932
35,4,219,222,4,7,7,0.1786,220.485,1254.906,800.247,21.3943,15.0000,1.5441,1.2740,5.5911,0.5463,0.2853,0.1683,0.0474,0.9868,2.6151,0.7523,0.2971
12,3,219,221,3,5,4,0.2000,220.044,1258.789,658.772,12.2651,13.0000,1.3684,1.2326,4.8456,0.6707,0.1643,0.1651,0.1546,0.8725,2.6048,0.9275,0.3246
16,3,219,222,4,6,3,0.2222,220.524,1258.951,761.963,15.2613,17.0000,1.6585,1.1731,6.3366,0.8005,0.1052,0.0943,0.2838,0.0610,2.4263,0.0039,0.3415
21,3,219,221,3,7,4,0.2500,219.809,1276.314,647.441,16.6013,12.0000,1.2353,1.9519,4.4846,0.6665,0.1879,0.1456,0.1736,0.8880,2.6160,0.3796,0.3529
11,3,219,222,4,3,3,0.3056,220.430,1277.202,786.228,12.7975,14.0000,1.3509,0.9063,5.2184,0.4143,0.1783,0.4074,0.7197,0.6900,2.6034,0.0059,0.5614
20,3,219,221,3,6,4,0.2778,219.693,1279.422,668.548,16.5994,14.0000,1.4070,2.6352,5.2184,0.7813,0.1129,0.1059,0.0695,0.8311,2.6219,0.5581,0.3769
35,3,220,223,4,5,9,0.1944,221.434,353.280,840.162,21.2780,13.0000,1.3422,2.3482,4.8201,0.8156,0.0847,0.0997,0.0089,0.9998,2.9672,0.7445,0.1799
24,4,220,223,4,4,3,0.5000,221.267,368.871,844.724,17.5929,14.0000,1.4483,0.4053,5.2047,0.4931,0.1664,0.3404,0.5173,0.2010,2.0443,0.3698,0.2198
88,3,220,223,4,10,9,0.2444,221.764,386.375,906.437,33.1821,14.0000,1.4684,3.5413,5.2047,0.4485,0.4554,0.0961,0.0568,0.9923,2.5915,0.7510,0.1931
55,5,220,224,5,8,8,0.1719,221.471,390.441,512.115,26.2343,14.0000,1.4695,2.6135,5.2184,0.6503,0.2062,0.1434,0.0761,0.9011,2.2247,0.7336,0.2156
24,3,220,223,4,4,7,0.2143,221.631,387.140,519.410,16.8184,12.0000,1.2973,1.5508,4.4611,0.6888,0.1611,0.1501,0.2307,0.9667,1.8618,0.7336,0.1622
33,5,220,225,6,6,5,0.1833,222.125,411.176,489.728,20.1953,13.0000,1.3706,0.7596,4.8201,0.5967,0.1376,0.2656,0.4051,0.8449,2.2187,0.7480,0.1981
27,3,220,223,4,4,6,0.2812,222.016,439.397,971.315,18.3376,12.0000,1.2607,2.7040,4.4493,0.7522,0.1184,0.1293,0.0386,0.7009,2.5915,1.1015,0.2335
18,3,220,223,4,5,4,0.2250,221.392,449.188,958.898,15.4059,13.0000,1.3295,1.3549,4.8201,0.4068,0.2909,0.3023,0.5549,0.7677,2.7823,1.1133,0.2159
24,3,220,224,5,4,6,0.2000,222.154,464.208,772.738,16.7192,13.0000,1.4118,1.4238,4.8329,0.4432,0.3633,0.1935,0.1522,0.2477,1.8677,0.7489,0.2262
14,3,220,223,4,3,6,0.1944,221.377,472.928,981.862,13.6976,14.0000,1.4203,1.2992,5.1909,0.8383,0.0615,0.1001,0.2277,0.2457,2.6023,0.7465,0.2826
17,3,220,222,3,5,4,0.2833,220.701,480.054,982.407,15.0695,15.0000,1.5269,0.6663,5.5764,0.4630,0.3119,0.2250,0.2577,0.8178,2.6053,0.7460,0.2335
67,5,220,223,4,7,10,0.2393,220.978,485.678,707.909,28.9327,16.0000,1.6829,2.6813,5.9482,0.8037,0.0814,0.1149,0.0331,0.9842,2.5984,1.0996,0.1460
77,7,220,224,5,5,13,0.2369,221.227,493.471,660.771,33.4490,16.0000,1.5595,1.3553,5.9639,0.9025,0.0069,0.0906,0.0795,0.5574,2.7857,0.7396,0.3329
17,3,220,224,5,3,3,0.3778,221.514,494.800,651.251,15.7573,16.0000,1.5543,1.1984,5.9324,0.7865,0.0884,0.1251,0.8457,0.1651,2.2483,0.7480,0.3829
51,8,220,225,6,6,7,0.2024,222.019,498.332,645.788,27.2038,20.0000,1.9466,1.6178,7.4352,0.5013,0.3684,0.1303,0.1523,0.0486,2.9424,1.0965,0.2481
19,4,220,221,2,4,6,0.3958,220.255,500.614,786.902,15.7238,14.0000,1.4457,0.4730,5.2184,0.5384,0.3245,0.1371,0.0223,0.9833,2.2453,0.7533,0.2772
19,3,220,223,4,4,4,0.2969,221.053,504.612,593.606,16.0318,16.0000,1.6170,0.5555,5.9482,0.4318,0.2218,0.3464,0.5678,0.1250,2.2217,0.3757,0.2872
5,3,220,222,3,1,2,0.8333,221.315,519.000,800.593,8.9704,13.0000,1.2037,0.9059,4.8201,0.5854,0.2927,0.1220,0.9487,0.0000,3.7048,0.5562,0.6852
10,3,220,222,3,3,3,0.3704,221.437,527.835,981.320,12.0948,13.0000,1.2621,0.5664,4.8329,0.0983,0.2694,0.6323,0.7855,0.4479,2.4061,0.7376,0.3592
15,3,220,223,4,3,6,0.2083,222.248,545.206,419.255,13.4895,12.0000,1.2766,0.8115,4.4493,0.7144,0.2307,0.0549,0.1952,0.1250,2.5845,0.7376,0.2553
25,9,220,224,5,3,6,0.2778,221.144,555.023,973.821,19.5470,16.0000,1.5209,0.2309,5.9482,0.7947,0.0327,0.1725,0.6146,0.7203,2.6014,0.5636,0.4563
33,3,220,224,5,6,6,0.1833,222.083,556.574,980.399,21.0364,15.0000,1.5184,1.2302,5.5764,0.3146,0.2298,0.4556,0.1818,0.8305,2.5975,0.7505,0.1626
12,3,220,224,5,3,4,0.2000,222.342,578.717,900.100,12.8322,13.0000,1.3000,0.4550,4.8201,0.5103,0.3584,0.1313,0.8883,0.4553,2.0551,0.0159,0.3083
14,3,220,224,5,3,5,0.1867,221.478,581.851,1157.440,13.2969,13.0000,1.3582,0.7508,4.8329,0.4986,0.3707,0.1307,0.8957,0.2342,2.5939,0.7416,0.2761
29,3,220,224,5,5,5,0.2320,221.291,605.056,995.978,18.4868,13.0000,1.4067,1.0645,4.8329,0.3664,0.3963,0.2373,0.1034,0.6915,2.2335,0.3649,0.1418
38,3,220,224,5,5,7,0.2171,221.221,613.030,388.139,22.0596,14.0000,1.4536,2.3847,5.2047,0.7033,0.1189,0.1778,0.0116,0.3856,2.2350,0.3836,0.2104
12,3,220,223,4,3,3,0.3333,221.385,638.680,989.984,13.0794,15.0000,1.4754,0.5009,5.5764,0.5757,0.0973,0.3270,0.9329,0.1119,2.2365,0.7352,0.3197
9,3,220,222,3,3,4,0.2500,221.161,663.391,1011.471,10.7765,12.0000,1.2414,1.3342,4.4729,0.8600,0.0126,0.1274,0.5094,0.5619,2.2188,0.0059,0.4138
10,3,220,223,4,3,4,0.2083,221.427,664.282,494.039,12.0951,13.0000,1.2621,1.7875,4.8456,0.6267,0.2374,0.1359,0.4626,0.1351,2.4115,0.7336,0.3592
21,3,220,224,5,3,4,0.3500,221.788,688.695,372.616,16.4338,15.0000,1.5517,0.9285,5.5764,0.7273,0.0661,0.2067,0.9767,0.1618,2.2276,0.3827,0.2611
11,4,220,223,4,3,3,0.3056,221.284,698.733,469.009,12.9926,13.0000,1.2328,1.0242,4.8201,0.4732,0.3842,0.1426,0.9294,0.0699,2.9771,0.7519,0.4310
37,3,220,224,5,5,8,0.1850,221.797,702.114,1171.500,21.3457,14.0000,1.4800,1.9157,5.2047,0.4686,0.3308,0.2006,0.2113,0.8812,2.2365,0.3708,0.2486
12,3,220,222,3,4,3,0.3333,221.344,713.590,996.238,13.0809,13.0000,1.2787,0.9314,4.8329,0.5088,0.2498,0.2414,0.3618,0.7153,2.7873,1.1034,0.3033
28,3,220,225,6,7,4,0.1667,221.581,753.709,375.962,18.5890,15.0000,1.5849,1.9184,5.5468,0.7483,0.1359,0.1158,0.5156,0.2501,2.2440,0.7490,0.1472
43,3,220,223,4,7,8,0.1920,221.273,790.406,386.971,23.4539,17.0000,1.7657,3.1221,6.3200,0.8446,0.0793,0.0761,0.0877,0.9695,2.2306,0.7411,0.2053
16,3,220,222,3,4,3,0.4444,220.975,802.618,497.834,14.5926,12.0000,1.2229,1.1657,4.4729,0.3836,0.3551,0.2612,0.2469,0.2208,2.6053,0.1923,0.2293
9,3,220,223,4,2,3,0.3750,221.473,803.538,977.066,11.2626,13.0000,1.2857,0.7566,4.8201,0.7979,0.0440,0.1580,0.7296,0.6453,2.5855,0.1864,0.4066
14,4,220,221,2,5,3,0.4667,220.472,814.812,420.861,14.3274,14.0000,1.3611,0.5267,5.2184,0.6748,0.1546,0.1706,0.1032,0.8484,2.2414,0.3737,0.4306
9,3,220,223,4,3,2,0.3750,221.863,820.800,396.905,11.7454,15.0000,1.4211,0.2602,5.5616,0.5589,0.2915,0.1496,0.9904,0.1365,2.5940,0.0119,0.4211
39,5,220,226,7,6,6,0.1548,222.430,836.528,913.773,22.4758,14.0000,1.4406,3.1527,5.2047,0.3977,0.3168,0.2854,0.2927,0.2615,1.8698,0.3728,0.2401
27,3,220,225,6,4,4,0.2812,222.331,846.632,930.673,18.9637,13.0000,1.3195,2.0240,4.8329,0.5878,0.2022,0.2100,0.7686,0.0130,2.5711,0.3742,0.1880
39,3,220,225,6,5,7,0.1857,222.013,856.989,1145.849,22.4415,16.0000,1.6508,1.4242,5.9482,0.5438,0.1423,0.3139,0.3163,0.8062,1.8667,0.1863,0.1429
23,3,220,223,4,6,4,0.2396,220.929,860.858,444.316,17.4447,14.0000,1.4311,1.1871,5.2047,0.6201,0.0993,0.2806,0.0232,0.7912,2.5954,0.3757,0.2267
40,5,220,226,7,7,5,0.1633,222.676,870.382,1143.191,23.8754,17.0000,1.6667,1.3909,6.2694,0.3021,0.2960,0.4019,0.5088,0.5143,2.9454,0.3812,0.2623
14,3,220,223,4,4,3,0.2917,221.741,877.856,933.532,13.7835,15.0000,1.5108,0.5536,5.5616,0.3749,0.2910,0.3341,0.7071,0.4257,1.8499,0.3708,0.2806
22,3,220,222,3,4,6,0.3056,221.117,882.812,621.272,16.8771,13.0000,1.3427,1.9127,4.8329,0.7568,0.0682,0.1749,0.0032,0.9943,2.2365,0.7435,0.2394
11,3,220,222,3,4,3,0.3056,220.800,883.464,489.327,12.3364,14.0000,1.4000,0.6017,5.2047,0.4635,0.1506,0.3859,0.5125,0.8502,2.2394,0.5650,0.3727
39,3,220,222,3,7,7,0.2653,220.974,887.897,632.866,23.0394,13.0000,1.3101,2.8554,4.8329,0.7814,0.1051,0.1135,0.0287,0.9984,2.7857,0.7377,0.1964
18,4,220,223,4,4,4,0.2812,221.721,888.816,461.347,16.6169,17.0000,1.6105,1.2652,6.3032,0.5808,0.2509,0.1683,0.0413,0.1890,2.7764,0.3732,0.4895
78,3,220,223,4,10,13,0.1500,221.351,891.000,641.607,32.0035,16.0000,1.6399,3.3045,5.9482,0.7351,0.2188,0.0461,0.0877,0.9928,2.9584,0.3786,0.1735
49,4,220,223,4,7,7,0.2500,221.220,895.004,645.730,25.3712,14.0000,1.4351,1.2542,5.2047,0.5621,0.2499,0.1879,0.0743,0.9970,2.9563,1.1059,0.1883
46,4,220,223,4,6,8,0.2396,221.387,896.852,652.389,24.7501,16.0000,1.6283,2.5875,5.9482,0.5569,0.3033,0.1399,0.1435,0.9840,2.2395,0.3786,0.2456
81,9,220,224,5,9,8,0.2250,221.562,898.011,664.930,32.4186,14.0000,1.4427,1.4692,5.2047,0.3907,0.4570,0.1523,0.1523,0.9881,2.6191,1.1113,0.2087
27,3,220,222,3,6,6,0.2500,220.953,902.249,498.526,18.1032,14.0000,1.4941,1.7728,5.2184,0.6577,0.1171,0.2252,0.0354,0.9444,2.2365,0.3757,0.2016
39,5,220,223,4,7,6,0.2321,221.352,906.285,532.768,23.7894,16.0000,1.5600,1.3526,5.9482,0.5762,0.1226,0.3013,0.0603,0.9703,2.5910,0.7351,0.3025
52,3,220,227,8,6,7,0.1548,222.599,906.763,477.599,25.9751,16.0000,1.6443,2.0610,5.9482,0.0881,0.7290,0.1828,0.6019,0.4921,2.4309,0.3868,0.2036
15,4,220,221,2,5,4,0.3750,220.456,912.581,638.156,15.3802,16.0000,1.5000,0.8111,5.9482,0.3187,0.4538,0.2275,0.1572,0.9646,2.9800,1.1114,0.3500
16,3,220,223,4,3,5,0.2667,221.365,915.925,1225.327,14.7632,15.0000,1.5094,0.7692,5.5764,0.6774,0.1197,0.2029,0.2155,0.7081,2.6067,0.3767,0.2642
69,6,220,224,5,7,10,0.1971,221.579,919.689,768.781,30.3418,16.0000,1.6259,2.3146,5.9482,0.8273,0.0778,0.0950,0.0797,0.9956,2.2440,0.7401,0.2135
22,3,220,223,4,6,3,0.3056,221.708,921.425,489.558,18.4328,15.0000,1.4163,1.6514,5.5764,0.4672,0.3399,0.1929,0.2717,0.3774,2.9780,0.9245,0.3433
66,5,220,224,5,6,12,0.1833,221.690,921.772,757.215,30.6491,14.0000,1.3770,2.1705,5.1909,0.8555,0.0671,0.0775,0.0362,0.9870,2.9584,0.7376,0.3428
47,5,220,223,4,8,7,0.2098,221.584,922.644,742.349,24.9599,15.0000,1.5293,3.3777,5.5764,0.7509,0.1210,0.1281,0.0149,0.9924,2.2365,0.3846,0.2581
12,4,220,223,4,3,3,0.3333,221.223,923.854,555.062,13.9431,16.0000,1.4769,0.2737,5.9482,0.3834,0.2485,0.3681,0.8982,0.0335,2.5925,0.0029,0.4308
44,5,220,226,7,6,6,0.1746,222.959,921.888,865.858,24.4196,15.0000,1.5068,2.4029,5.5318,0.3443,0.3982,0.2575,0.0527,0.1085,2.3960,0.7411,0.2443
15,3,220,222,3,5,3,0.3333,221.277,934.290,843.219,14.8673,17.0000,1.6452,0.7929,6.3200,0.7307,0.0629,0.2064,0.0445,0.1991,2.5979,1.1104,0.3097
14,6,220,222,3,2,5,0.4667,221.300,941.294,511.875,15.8845,17.0000,1.4875,0.7694,6.3032,0.6743,0.1631,0.1626,0.2670,0.2953,2.7936,0.3732,0.5125
32,4,220,224,5,4,6,0.2667,221.745,940.601,829.299,20.8572,15.0000,1.5094,2.4493,5.5764,0.3681,0.3408,0.2911,0.0491,0.8039,2.5905,0.3624,0.2799
13,4,220,223,4,3,3,0.3611,221.389,944.351,547.779,13.4932,13.0000,1.2901,1.5493,4.8456,0.2173,0.4263,0.3563,0.8906,0.2086,2.5984,0.3757,0.3893
25,8,220,223,4,5,5,0.2500,220.931,945.031,722.015,19.4094,15.0000,1.4368,1.0331,5.5764,0.3595,0.3440,0.2966,0.0892,0.9410,2.6004,0.7416,0.4100
14,3,220,221,2,6,4,0.2917,220.270,952.577,652.380,13.6382,14.0000,1.4307,0.7413,5.2184,0.7509,0.1371,0.1120,0.0334,0.9891,2.5946,0.3810,0.2993
22,5,220,223,4,3,6,0.3056,221.628,951.115,601.774,17.8828,19.0000,1.8496,1.2859,7.0447,0.7907,0.0532,0.1561,0.4134,0.2647,2.2335,0.7386,0.3274
17,3,220,223,4,6,2,0.3542,221.173,959.256,766.536,15.1408,13.0000,1.3155,0.5576,4.8329,0.6685,0.2723,0.0592,0.2182,0.0123,2.5954,0.7430,0.3690
40,5,220,223,4,6,7,0.2381,221.091,981.488,757.540,22.6250,14.0000,1.4545,0.6768,5.2047,0.6256,0.2386,0.1358,0.1384,0.8739,2.6043,0.7474,0.2675
47,5,220,223,4,7,10,0.1679,220.698,984.116,733.422,25.1813,14.0000,1.4181,3.2067,5.2047,0.7100,0.2059,0.0841,0.0068,0.9984,2.6151,1.1104,0.2694
23,4,220,222,3,6,5,0.2556,221.067,982.502,741.180,18.5234,16.0000,1.5397,0.9639,5.9482,0.4850,0.3352,0.1798,0.2241,0.9648,1.8755,0.3767,0.3933
17,4,220,222,3,4,4,0.3542,220.904,983.464,751.422,14.9712,13.0000,1.3313,1.5225,4.8329,0.4897,0.2463,0.2640,0.1148,0.9365,2.6092,1.1084,0.3012
7,3,220,222,3,3,2,0.3889,221.028,991.778,773.111,10.1161,14.0000,1.3611,0.2500,5.2047,0.7558,0.1056,0.1386,0.6480,0.2871,2.9878,1.1054,0.5278
6,3,220,222,3,3,1,0.6667,220.607,1036.066,209.000,9.2676,13.0000,1.2787,0.3989,4.8329,0.2083,0.6667,0.1250,0.8944,0.0000,2.9839,0.0044,0.6066
9,3,220,222,3,1,5,0.6000,220.526,1037.000,1082.526,12.0353,13.0000,1.2062,0.7080,4.8456,0.6789,0.2709,0.0502,0.1327,0.0000,3.3499,0.7474,0.5155
15,3,220,224,5,4,4,0.1875,221.535,1063.414,1119.809,15.0486,16.0000,1.5287,1.5343,5.9165,0.7358,0.1488,0.1154,0.8285,0.3542,2.6053,1.1054,0.3376
17,3,220,224,5,4,5,0.1700,221.180,1099.565,1086.429,14.5096,14.0000,1.4783,0.6365,5.2047,0.6217,0.1239,0.2545,0.7993,0.2788,2.5845,0.7346,0.2422
25,5,220,224,5,5,4,0.2500,221.964,1111.341,1073.270,18.6887,18.0000,1.7857,0.8068,6.6740,0.3284,0.3849,0.2868,0.6574,0.0305,2.5935,0.7396,0.3333
45,5,220,224,5,7,8,0.1607,221.823,1124.166,896.905,25.0499,16.0000,1.5894,2.1089,5.9324,0.6628,0.2250,0.1122,0.1376,0.9659,2.5796,0.7357,0.2737
95,14,220,224,5,9,13,0.1624,221.548,1131.945,881.336,36.9437,15.0000,1.4691,4.1844,5.5764,0.7850,0.1400,0.0750,0.0271,0.9413,2.9485,0.7396,0.3113
84,7,220,224,5,9,11,0.1697,221.185,1141.310,852.216,34.1772,18.0000,1.7936,0.4204,6.6917,0.8344,0.0486,0.1170,0.0110,0.9995,2.6111,0.7465,0.3013
15,5,220,222,3,4,4,0.3125,221.058,1140.603,833.295,14.9719,16.0000,1.5385,1.1567,5.9324,0.4960,0.2815,0.2224,0.3993,0.6599,2.2306,0.7397,0.4295
12,4,220,223,4,4,3,0.2500,221.309,1140.237,827.993,14.9050,17.0000,1.4676,0.7303,6.3032,0.1539,0.6459,0.2002,0.6992,0.2263,3.3439,0.3786,0.4317
8,3,220,223,4,3,2,0.3333,221.447,1144.835,998.682,11.1589,14.0000,1.3176,0.6586,5.1909,0.7432,0.0817,0.1751,0.7878,0.3685,2.4169,0.7357,0.4588
22,5,220,222,3,8,3,0.3056,221.117,1150.468,792.734,17.5902,14.0000,1.3874,0.5512,5.2047,0.8153,0.0894,0.0953,0.0557,0.1654,2.2395,0.3708,0.3378
5,3,220,221,2,2,2,0.6250,220.383,1171.633,521.850,9.9916,16.0000,1.3333,0.5513,5.9639,0.3432,0.2505,0.4063,0.6059,0.3645,3.3606,0.7416,0.6833
5,3,220,222,3,1,2,0.8333,220.780,1175.000,840.610,9.8148,13.0000,1.1017,0.8717,4.8456,0.5854,0.2927,0.1220,0.9487,0.0000,4.0874,0.3718,0.6610
18,3,220,222,3,5,5,0.2400,220.957,1199.790,451.656,16.3001,15.0000,1.4516,1.2880,5.5911,0.1906,0.5162,0.2932,0.0295,0.9974,2.5959,0.3688,0.3495
7,3,220,222,3,2,2,0.5833,220.701,1222.753,537.649,10.8280,14.0000,1.2727,0.5226,5.2047,0.4379,0.1023,0.4598,0.9744,0.1730,2.9790,0.3767,0.5065
17,3,220,223,4,4,5,0.2125,221.284,1225.025,912.901,14.5958,13.0000,1.3642,1.1351,4.8329,0.5187,0.1566,0.3247,0.3340,0.8764,2.6131,1.1074,0.2284
24,4,220,224,5,6,5,0.1600,221.959,1228.148,902.218,18.3932,14.0000,1.3827,2.0967,5.2047,0.3273,0.4785,0.1942,0.6278,0.6382,2.6063,0.7416,0.2798
43,3,220,224,5,9,5,0.1911,221.866,1231.019,513.823,23.9825,15.0000,1.5212,1.3485,5.5764,0.8214,0.0491,0.1295,0.0254,0.1951,2.2455,0.3698,0.2264
8,3,220,222,3,3,2,0.4444,221.082,1232.659,852.906,11.1697,13.0000,1.2235,0.6706,4.8329,0.4400,0.3446,0.2154,0.8075,0.0414,2.4238,0.0020,0.4471
21,4,220,224,5,5,4,0.2100,222.420,1236.986,534.721,17.6992,15.0000,1.4384,0.9257,5.5468,0.5664,0.1453,0.2883,0.7547,0.5598,2.9702,0.7416,0.3516
17,3,220,222,3,4,5,0.2833,221.192,1238.396,874.863,16.4017,14.0000,1.3077,1.9677,5.2047,0.6365,0.1608,0.2027,0.0604,0.6378,2.6083,0.3708,0.4286
26,5,220,224,5,5,4,0.2600,221.924,1242.159,859.827,20.1459,14.0000,1.3141,1.2616,5.2047,0.3713,0.4017,0.2270,0.8089,0.5431,3.1511,0.5592,0.3718
28,5,220,223,4,7,4,0.2500,220.993,1244.780,848.429,19.8126,14.0000,1.3901,0.8904,5.2047,0.7108,0.1211,0.1681,0.2345,0.9623,2.6151,0.7416,0.3191
13,3,220,222,3,5,3,0.2889,221.102,1246.156,910.969,13.1942,15.0000,1.5234,0.8504,5.5764,0.4639,0.2471,0.2890,0.0200,0.0066,2.6014,0.3708,0.3047
10,5,220,223,4,4,2,0.3125,221.333,1246.465,504.070,13.3901,15.0000,1.3158,0.8158,5.5616,0.3471,0.5160,0.1369,0.9901,0.1380,3.1650,0.1849,0.5877
8,3,220,222,3,3,2,0.4444,220.949,1246.481,707.215,10.3849,13.0000,1.3165,0.5641,4.8329,0.4054,0.3243,0.2703,0.6667,0.2357,2.2276,0.3727,0.4684
40,3,220,226,7,6,6,0.1587,221.941,1247.486,642.141,23.7465,14.0000,1.3827,2.2023,5.1909,0.2449,0.2453,0.5097,0.4887,0.5505,2.5915,0.3758,0.3432
22,4,220,224,5,3,4,0.3667,221.751,1249.914,662.652,17.4814,18.0000,1.7919,0.7028,6.6740,0.2678,0.4435,0.2887,0.6934,0.0119,2.4139,0.5592,0.3032
19,5,220,222,3,7,4,0.2262,221.070,1248.112,832.123,15.9459,14.0000,1.4225,1.2498,5.2047,0.8216,0.0709,0.1075,0.0344,0.9810,2.9721,0.9215,0.3369
11,4,220,223,4,4,2,0.3438,221.387,1251.529,712.840,13.3250,16.0000,1.4790,1.5289,5.9482,0.0447,0.7530,0.2022,0.6172,0.0133,2.9741,0.3737,0.4454
22,4,220,223,4,6,4,0.2292,221.119,1252.721,806.243,17.9069,15.0000,1.4602,0.9551,5.5616,0.6196,0.2461,0.1342,0.1333,0.4738,2.9781,0.7494,0.4115
24,5,220,223,4,6,5,0.2000,220.857,1251.143,820.534,18.0675,15.0000,1.5126,1.0197,5.5764,0.5868,0.1883,0.2249,0.2105,0.8967,2.7936,0.7465,0.2689
17,5,220,222,3,5,4,0.2833,220.610,1256.364,792.930,16.8783,15.0000,1.3636,0.8840,5.5911,0.7185,0.0490,0.2325,0.1897,0.7964,2.9878,0.7406,0.3797
10,3,220,221,2,4,3,0.4167,220.450,1258.207,775.865,13.0682,16.0000,1.4414,0.5139,5.9639,0.7761,0.0097,0.2142,0.2332,0.5282,3.1649,1.1124,0.3964
23,4,220,223,4,5,4,0.2875,220.636,1261.228,729.154,17.6909,13.0000,1.3114,1.0831,4.8456,0.4041,0.2680,0.3278,0.3230,0.9264,2.6131,0.3796,0.2675
8,3,220,222,3,5,1,0.5333,220.539,1276.124,790.000,11.7121,17.0000,1.5281,1.2463,6.3366,0.7611,0.2032,0.0358,0.0796,0.0000,2.7921,0.7356,0.5056
11,3,220,222,3,6,2,0.3056,220.435,1278.861,707.183,12.9096,13.0000,1.2435,0.6101,4.8329,0.7454,0.1802,0.0745,0.0430,0.2589,3.3527,0.5576,0.3217
7,3,220,221,2,3,3,0.3889,220.171,1282.592,718.079,10.7023,14.0000,1.2895,1.1082,5.2184,0.6023,0.2183,0.1794,0.0960,0.9002,2.9839,1.1202,0.5132
5,3,220,222,3,3,1,0.5556,220.691,1301.909,636.000,9.1516,14.0000,1.2727,0.6969,5.2184,0.8123,0.1108,0.0769,0.7071,0.0000,3.3459,-0.0029,0.6909
39,3,221,225,5,4,10,0.1950,222.527,253.745,670.524,20.9286,12.0000,1.3258,0.7857,4.4493,0.8594,0.0942,0.0464,0.0805,0.2780,2.2355,1.1029,0.1360
26,3,221,224,4,3,8,0.2708,222.343,253.279,679.450,18.2347,13.0000,1.3466,3.6385,4.8201,0.8254,0.0609,0.1137,0.1103,0.2700,2.5994,1.1059,0.2430
56,3,221,224,4,6,15,0.1556,222.164,258.892,634.349,25.6540,13.0000,1.4054,4.6369,4.8329,0.9610,0.0144,0.0246,0.0388,0.2974,2.5954,0.7505,0.1409
12,4,221,222,2,3,5,0.4000,221.607,260.074,795.254,13.0718,13.0000,1.2787,1.3164,4.8201,0.7067,0.1548,0.1385,0.0989,0.7201,2.9726,0.7416,0.4098
35,5,221,224,4,3,8,0.3646,222.449,262.852,614.318,22.0342,15.0000,1.4915,1.4003,5.5616,0.7980,0.0990,0.1030,0.0339,0.0143,2.9583,1.1074,0.2955
22,3,221,224,4,4,6,0.2292,222.310,271.549,583.484,16.8236,13.0000,1.3427,0.8151,4.8201,0.6771,0.1267,0.1962,0.3361,0.3160,2.5910,0.7456,0.1784
39,6,221,225,5,4,6,0.3250,223.168,290.773,534.022,21.8987,14.0000,1.4757,1.3372,5.1630,0.5053,0.3419,0.1529,0.2762,0.3917,2.5955,0.7495,0.2027
83,4,221,225,5,6,15,0.1844,223.119,312.501,668.824,32.4202,15.0000,1.5582,3.2177,5.5468,0.8802,0.0641,0.0557,0.0767,0.9754,2.5994,1.1094,0.1727
66,6,221,225,5,6,12,0.1833,222.839,310.392,725.964,30.2820,14.0000,1.3895,2.0092,5.1770,0.7647,0.1598,0.0756,0.0150,0.9992,2.5975,0.7426,0.2286
84,4,221,225,5,8,12,0.1750,223.066,323.709,816.282,32.9977,15.0000,1.5403,2.4016,5.5468,0.6349,0.2675,0.0976,0.0400,0.9956,2.6014,1.1054,0.2359
141,8,221,225,5,11,15,0.1709,223.158,345.878,876.945,43.0501,18.0000,1.8351,4.2580,6.6561,0.5735,0.3688,0.0577,0.0453,0.9957,2.5925,1.1014,0.2249
27,3,221,223,3,6,6,0.2500,221.592,396.141,507.420,18.7155,13.0000,1.3397,1.9915,4.8201,0.2233,0.5924,0.1844,0.0469,0.9819,2.2365,0.7435,0.1870
63,4,221,224,4,10,9,0.1750,222.049,408.069,938.835,27.6973,14.0000,1.4874,1.1683,5.1909,0.3090,0.6019,0.0891,0.0992,0.9949,2.5984,1.1054,0.1265
15,3,221,223,3,2,5,0.5000,221.941,421.190,765.712,14.6495,18.0000,1.7647,0.7395,6.6740,0.6795,0.1978,0.1227,0.3522,0.2536,2.5915,0.3688,0.2810
9,5,221,222,2,3,4,0.3750,221.550,499.000,847.210,12.3740,14.0000,1.2600,1.3291,5.2047,0.6376,0.1626,0.1998,0.2315,0.6825,3.3370,0.5621,0.6300
23,5,221,224,4,7,5,0.1643,221.949,506.217,714.932,18.1707,15.0000,1.4681,1.2321,5.5764,0.6716,0.1794,0.1491,0.2105,0.5853,2.2395,0.3777,0.2936
13,3,221,223,3,4,4,0.2708,221.709,505.717,966.323,13.0701,12.0000,1.2283,0.8382,4.4493,0.5639,0.2592,0.1769,0.1277,0.2545,2.5826,0.3762,0.2835
11,3,221,223,3,3,3,0.4074,222.294,509.185,746.849,13.2929,15.0000,1.3866,1.0888,5.5468,0.5787,0.1899,0.2313,0.2288,0.3160,2.9642,0.7475,0.3529
25,5,221,224,4,5,4,0.3125,222.963,507.473,829.017,17.8253,14.0000,1.4523,1.1457,5.1770,0.3842,0.0478,0.5680,0.1704,0.5776,2.2202,0.3728,0.2614
7,3,221,223,3,3,3,0.2593,221.653,515.125,835.542,10.0994,15.0000,1.4583,0.5884,5.5616,0.7071,0.1291,0.1638,0.5723,0.1834,2.2247,0.3619,0.5417
54,5,221,225,5,8,7,0.1929,222.421,520.382,978.146,25.6027,14.0000,1.4882,3.0736,5.1770,0.7413,0.1479,0.1108,0.2822,0.9520,2.2247,0.7296,0.1713
9,3,221,224,4,2,4,0.2812,222.312,526.914,800.645,11.4844,15.0000,1.4516,0.4802,5.5616,0.4984,0.3882,0.1134,0.3694,0.0042,2.6063,0.7406,0.4301
27,3,221,225,5,7,4,0.1929,222.660,616.755,363.992,18.0211,13.0000,1.3874,3.0016,4.8201,0.7774,0.0568,0.1658,0.0260,0.4304,1.8677,0.7336,0.2411
14,5,221,224,4,5,3,0.2333,222.547,635.095,358.162,14.6444,14.0000,1.3243,0.5786,5.1909,0.4205,0.3852,0.1943,0.2530,0.0820,3.1422,0.5522,0.4324
9,4,221,223,3,3,3,0.3333,221.861,656.396,928.634,12.4874,13.0000,1.1584,0.7600,4.8201,0.6375,0.2056,0.1569,0.5734,0.6182,2.9800,0.3777,0.5050
13,3,221,223,3,4,3,0.3611,222.346,661.386,969.882,13.0479,15.0000,1.5354,1.2578,5.5468,0.4343,0.3382,0.2275,0.2478,0.8409,2.2202,0.3792,0.3071
9,3,221,224,4,2,3,0.3750,222.086,675.086,1172.774,11.4913,14.0000,1.3548,1.1126,5.2047,0.5682,0.2656,0.1661,0.9897,0.0060,2.9444,0.3649,0.4086
14,4,221,224,4,3,4,0.2917,222.357,721.013,935.305,15.2459,17.0000,1.5455,1.3911,6.3200,0.4434,0.3365,0.2201,0.3928,0.0381,2.7773,0.3678,0.3831
8,3,221,224,4,2,3,0.3333,221.829,749.476,501.024,10.7541,12.0000,1.1707,0.9563,4.4611,0.7425,0.0785,0.1790,0.9510,0.3092,2.5924,0.3633,0.4390
9,3,221,224,4,2,2,0.5625,222.381,763.309,362.598,11.9761,14.0000,1.2990,0.6347,5.1909,0.5666,0.2663,0.1671,0.9715,0.0422,2.5954,0.9245,0.4124
20,4,221,224,4,3,5,0.3333,222.460,783.326,963.381,17.8032,13.0000,1.2093,0.6808,4.8201,0.5717,0.1435,0.2847,0.1560,0.0639,2.9608,0.3818,0.4047
8,4,221,223,3,3,2,0.4444,222.165,802.388,932.800,11.1376,13.0000,1.2235,0.4667,4.8201,0.6709,0.1342,0.1949,0.7372,0.1788,2.7808,0.3732,0.5882
9,3,221,224,4,3,2,0.3750,222.851,803.798,501.468,11.5912,14.0000,1.3404,0.5312,5.1770,0.6986,0.0686,0.2328,0.8638,0.2676,2.9405,0.7425,0.4149
29,5,221,225,5,6,4,0.2417,222.393,807.175,524.911,19.2580,13.0000,1.3464,1.7769,4.8329,0.2734,0.3659,0.3608,0.7223,0.6521,2.2172,0.0080,0.2679
27,4,221,225,5,8,3,0.2250,222.256,812.297,947.048,19.4666,13.0000,1.2857,2.8041,4.8072,0.7144,0.2075,0.0781,0.3338,0.0921,2.6023,0.7232,0.1868
20,4,221,226,6,4,4,0.2083,223.291,816.443,951.340,16.7720,17.0000,1.6749,0.7140,6.2863,0.7925,0.0109,0.1966,0.9376,0.0251,2.7683,0.3867,0.2759
15,4,221,224,4,3,5,0.2500,222.530,816.470,905.282,14.2441,15.0000,1.5101,1.0087,5.5616,0.6026,0.0681,0.3293,0.0179,0.6043,1.8549,0.3693,0.3691
47,4,221,226,6,7,5,0.2238,223.927,819.503,970.668,24.4805,15.0000,1.5495,1.6992,5.5468,0.2996,0.2881,0.4123,0.0659,0.6164,2.5885,0.7396,0.2000
24,5,221,226,6,6,4,0.1667,223.963,825.800,876.950,18.0686,14.0000,1.4000,1.2016,5.1630,0.4926,0.3518,0.1556,0.3217,0.2939,1.8604,0.1889,0.2750
7,3,221,223,3,1,4,0.5833,222.213,825.000,1252.333,10.5045,14.0000,1.3067,0.3958,5.1909,0.6405,0.2826,0.0769,0.5145,0.0000,2.9707,0.1854,0.5067
11,3,221,224,4,3,3,0.3056,222.592,826.050,540.267,13.3939,14.0000,1.2833,0.4903,5.1770,0.4704,0.1459,0.3837,0.9945,0.0879,2.9414,0.7386,0.4250
14,3,221,224,4,4,2,0.4375,221.853,833.594,405.357,14.1759,15.0000,1.4685,1.2227,5.5764,0.1651,0.5450,0.2899,0.9750,0.2011,2.0517,0.0080,0.3706
21,3,221,224,4,5,5,0.2100,222.183,840.154,1154.490,16.8210,14.0000,1.4135,0.9949,5.1909,0.2340,0.3891,0.3768,0.6018,0.4316,2.9623,1.1024,0.3029
28,3,221,224,4,4,7,0.2500,222.525,840.743,551.036,19.3121,13.0000,1.3188,1.1684,4.8072,0.7736,0.1234,0.1030,0.0337,0.1117,2.5934,0.3738,0.2210
18,3,221,223,3,5,3,0.4000,222.288,854.028,612.119,15.4566,13.0000,1.3220,0.3129,4.8201,0.5026,0.2554,0.2420,0.0773,0.9376,2.2276,0.7257,0.2147
21,3,221,225,5,4,4,0.2625,222.809,852.824,947.505,16.4698,14.0000,1.4412,0.9646,5.1909,0.4440,0.2279,0.3281,0.6559,0.3127,2.5905,1.1014,0.2451
12,3,221,224,4,3,5,0.2000,222.500,854.725,618.175,12.8269,12.0000,1.2000,1.4684,4.4493,0.5553,0.2986,0.1462,0.0667,0.0462,3.1373,1.1064,0.4000
19,3,221,225,5,3,5,0.2533,222.253,862.220,894.946,15.8107,15.0000,1.5323,1.3349,5.5616,0.5396,0.1147,0.3457,0.9208,0.3159,2.5994,0.7356,0.2258
14,5,221,224,4,3,3,0.3889,222.399,861.851,547.784,14.6502,14.0000,1.3243,0.4772,5.1909,0.6015,0.2003,0.1983,0.7858,0.2017,2.5934,0.5557,0.4324
43,7,221,225,5,8,7,0.1536,222.477,864.795,631.655,24.7340,16.0000,1.5708,2.1026,5.9324,0.7334,0.1838,0.0828,0.2755,0.9545,2.5795,0.7456,0.2877
24,5,221,226,6,5,4,0.2000,223.444,868.722,866.556,18.6970,17.0000,1.6452,0.7641,6.2863,0.3341,0.3319,0.3340,0.9337,0.3122,2.4041,0.3788,0.2944
5,3,221,223,3,2,1,0.8333,221.825,877.474,475.000,9.4559,15.0000,1.3158,0.5548,5.5616,0.5854,0.2927,0.1220,0.9487,0.0000,2.9742,0.3708,0.6842
62,3,221,225,5,7,10,0.1771,222.540,881.154,665.944,27.7891,19.0000,1.9932,1.4567,7.0447,0.6130,0.2090,0.1780,0.1077,0.9933,2.5935,1.0979,0.1218
282,8,221,225,5,13,26,0.1669,222.812,883.468,684.672,61.5556,16.0000,1.6149,3.9912,5.9324,0.8554,0.1314,0.0131,0.0078,0.9984,2.6014,1.1004,0.2652
26,5,221,225,5,5,6,0.1733,222.784,886.923,931.597,19.8095,14.0000,1.3333,1.7807,5.1909,0.6713,0.1534,0.1753,0.3529,0.4043,2.7753,0.3757,0.3773
11,3,221,223,3,3,3,0.4074,222.111,891.917,524.102,12.0700,15.0000,1.5278,0.1722,5.5616,0.5448,0.2524,0.2029,0.3289,0.2686,2.2261,0.5626,0.3611
5,3,221,223,3,2,1,0.8333,221.772,892.509,196.000,9.4572,16.0000,1.4035,0.5576,5.9324,0.5854,0.2927,0.1220,0.9487,0.0000,4.0746,0.7435,0.7018
20,3,221,225,5,5,4,0.2000,222.726,893.562,945.942,17.2113,20.0000,1.9231,0.8496,7.4155,0.3061,0.4197,0.2741,0.5954,0.6365,2.5805,0.0139,0.3462
10,3,221,224,4,3,2,0.4167,222.922,896.112,864.664,13.5673,19.0000,1.6379,0.3628,7.0259,0.8171,0.0417,0.1411,0.9352,0.3305,2.7669,0.7456,0.4224
19,4,221,224,4,4,3,0.3958,222.441,899.749,589.462,16.5674,16.0000,1.5590,0.8158,5.9165,0.5310,0.1296,0.3394,0.9398,0.2431,2.5915,0.3817,0.3538
15,4,221,225,5,3,3,0.3333,222.558,899.188,857.825,14.7209,13.0000,1.2662,1.7732,4.8329,0.4192,0.3393,0.2415,0.9620,0.0444,2.9662,0.5452,0.3247
161,16,221,226,6,9,19,0.1569,222.653,900.394,765.760,49.2100,21.0000,2.0041,6.9786,7.7863,0.9169,0.0460,0.0371,0.0240,0.9649,2.9603,0.7494,0.3474
24,4,221,224,4,5,6,0.2000,221.817,901.200,887.204,17.7944,13.0000,1.3277,2.6394,4.8329,0.7355,0.1630,0.1015,0.1583,0.6925,2.2351,0.3777,0.3702
81,7,221,225,5,9,10,0.1800,222.350,906.471,809.211,32.9680,14.0000,1.4157,1.7052,5.1909,0.8264,0.0746,0.0990,0.0677,0.8581,2.6063,0.9195,0.2422
15,3,221,224,4,5,3,0.2500,222.248,907.961,1123.105,14.6375,14.0000,1.3725,0.9979,5.1909,0.3304,0.4114,0.2581,0.2106,0.4209,2.2307,0.3600,0.3464
34,5,221,224,4,8,5,0.2125,221.958,913.072,903.845,21.3041,19.0000,1.9284,0.8488,7.0447,0.8489,0.0367,0.1144,0.0234,0.9997,2.0398,0.3718,0.2896
66,5,221,224,4,7,9,0.2619,221.965,914.222,789.830,29.0292,16.0000,1.6604,2.9355,5.9324,0.5570,0.3288,0.1142,0.0403,0.9810,2.5915,0.3846,0.2091
28,5,221,225,5,7,3,0.2667,222.403,915.497,783.003,20.1583,19.0000,1.8472,1.5565,7.0447,0.6595,0.1462,0.1944,0.4687,0.2295,2.4075,0.7381,0.3368
45,4,221,225,5,4,9,0.2500,222.930,917.262,834.143,24.5898,17.0000,1.7152,1.2916,6.3032,0.7829,0.0772,0.1400,0.3001,0.1054,2.2350,0.7316,0.1906
35,3,221,225,5,5,8,0.1750,222.330,920.654,826.754,22.4169,14.0000,1.3687,2.1361,5.2047,0.7137,0.1583,0.1279,0.0461,0.5472,2.5984,0.3797,0.2793
21,7,221,225,5,4,4,0.2625,223.444,919.808,904.710,17.2477,14.0000,1.3738,1.5944,5.1490,0.5922,0.0962,0.3116,0.7743,0.2496,2.5805,0.3698,0.4159
10,4,221,223,3,3,4,0.2778,221.646,924.575,857.088,13.2617,16.0000,1.4159,0.8695,5.9482,0.2351,0.4478,0.3172,0.3073,0.7243,3.1550,1.1079,0.5044
11,3,221,225,5,3,3,0.2444,222.623,928.009,469.038,11.8302,12.0000,1.2453,1.6231,4.4611,0.7852,0.0924,0.1224,0.9878,0.1163,2.2068,0.0139,0.3396
30,5,221,226,6,5,6,0.1667,223.148,927.517,889.255,19.5708,13.0000,1.3448,1.2850,4.8201,0.4421,0.3077,0.2502,0.5036,0.2816,2.2217,0.7287,0.2552
7,3,221,223,3,3,2,0.3889,222.013,927.769,504.103,10.9305,14.0000,1.2564,0.2529,5.1909,0.6023,0.2183,0.1794,0.7436,0.2188,2.5885,-0.3658,0.5128
15,3,221,225,5,5,3,0.2000,222.480,935.108,1114.743,14.1504,16.0000,1.6216,1.0640,5.9165,0.1392,0.6315,0.2293,0.2295,0.2186,2.2321,0.5611,0.2770
11,3,221,224,4,2,3,0.4583,222.017,935.729,511.288,13.1909,20.0000,1.8644,1.0912,7.4352,0.5982,0.1351,0.2667,0.9327,0.0855,1.4930,0.0119,0.4237
17,3,221,225,5,3,4,0.2833,222.451,936.139,506.618,15.5384,14.0000,1.3757,1.7147,5.1770,0.5463,0.3178,0.1359,0.5677,0.4155,2.2380,0.3708,0.3815
12,3,221,223,3,3,4,0.3333,221.690,938.040,838.135,13.4973,13.0000,1.2381,0.3400,4.8201,0.6079,0.1657,0.2264,0.0700,0.1098,2.2425,0.0000,0.5000
18,3,221,224,4,5,5,0.1800,222.476,944.030,1107.921,14.3141,12.0000,1.3171,0.4831,4.4493,0.7377,0.1299,0.1325,0.4335,0.8359,2.0358,0.7406,0.2195
11,3,221,224,4,3,3,0.3056,222.148,946.083,525.870,12.0688,13.0000,1.3241,0.2138,4.8201,0.5298,0.3475,0.1228,0.8665,0.4343,2.2365,0.3732,0.3426
35,3,221,224,4,6,7,0.2083,222.755,948.058,1102.623,20.3900,15.0000,1.6104,3.7520,5.5318,0.5630,0.2717,0.1653,0.2143,0.9767,2.2128,0.3703,0.1258
12,6,221,224,4,3,3,0.3333,221.971,950.367,567.309,14.8787,16.0000,1.3813,0.4808,5.9324,0.6691,0.1258,0.2050,0.9081,0.4171,3.1665,0.5562,0.6043
41,9,221,226,6,4,8,0.2135,222.725,955.465,530.133,23.9839,15.0000,1.4819,1.0219,5.5468,0.4001,0.4607,0.1392,0.1443,0.2316,2.2306,0.7361,0.3422
55,3,221,225,5,5,11,0.2000,223.151,954.441,692.285,25.6682,13.0000,1.3883,3.9289,4.8201,0.8376,0.0633,0.0990,0.0762,0.8171,2.2128,0.7228,0.1456
8,3,221,223,3,2,2,0.6667,221.780,961.780,577.366,10.7556,14.0000,1.3659,0.4798,5.1909,0.4961,0.2369,0.2670,0.9586,0.0986,2.2415,-0.0020,0.4634
22,4,221,226,6,4,4,0.2292,222.940,965.111,641.917,17.0316,14.0000,1.4259,1.3175,5.1909,0.6461,0.2318,0.1221,0.7549,0.1830,2.2112,0.7287,0.2963
28,3,221,225,5,4,5,0.2800,223.036,969.609,861.241,19.1459,13.0000,1.3285,1.8621,4.8072,0.4819,0.3377,0.1803,0.5369,0.7369,2.5855,0.3608,0.3577
78,7,221,226,6,6,12,0.1806,223.190,978.130,841.077,33.0599,22.0000,2.1722,1.8255,8.1571,0.8448,0.0849,0.0703,0.0839,0.3057,2.4125,0.3778,0.2823
7,3,221,223,3,2,2,0.5833,221.711,981.724,704.776,10.6588,15.0000,1.3816,0.4585,5.5616,0.3772,0.3083,0.3146,0.9758,0.2185,2.9494,0.5542,0.5132
36,3,221,225,5,4,9,0.2000,223.061,983.172,631.414,21.1357,14.0000,1.4694,3.5793,5.1909,0.7886,0.1055,0.1059,0.2453,0.1588,2.5826,0.7376,0.2216
15,3,221,224,4,4,4,0.2344,222.456,983.336,577.161,14.2469,13.0000,1.3087,1.2919,4.8201,0.4270,0.3327,0.2402,0.1998,0.2715,2.4151,0.7316,0.2550
23,7,221,226,6,4,5,0.1917,222.947,986.276,583.477,18.7391,16.0000,1.5144,1.3014,5.9324,0.1427,0.6158,0.2415,0.9985,0.0307,2.5954,0.3698,0.3868
76,8,221,224,4,8,14,0.1696,222.051,992.554,800.606,32.7867,18.0000,1.7743,3.4396,6.6740,0.9001,0.0429,0.0570,0.0011,0.9621,2.6043,0.7426,0.2555
55,8,221,227,7,5,8,0.1964,224.022,994.032,698.481,27.5968,16.0000,1.5856,2.0705,5.9165,0.5482,0.2438,0.2080,0.3232,0.3690,2.5756,0.7396,0.3189
43,6,221,223,3,7,8,0.2560,221.800,998.711,771.439,24.0999,17.0000,1.7160,2.0341,6.3032,0.1356,0.6865,0.1780,0.2120,0.9741,2.6073,1.1024,0.2254
18,3,221,225,5,5,4,0.1800,222.749,999.086,1069.771,15.2631,14.0000,1.4400,1.0783,5.1909,0.1209,0.1950,0.6841,0.3756,0.7650,2.4051,0.7346,0.2229
10,4,221,223,3,5,3,0.2222,222.067,1023.543,734.990,12.3090,15.0000,1.4286,1.4587,5.5616,0.8568,0.0610,0.0822,0.0221,0.0536,2.9692,1.1104,0.5143
65,5,221,225,5,9,9,0.1605,222.397,1060.995,1002.427,29.9988,17.0000,1.6922,2.4925,6.3032,0.6319,0.1932,0.1748,0.1007,0.8312,2.2350,0.7276,0.3170
7,3,221,223,3,2,2,0.5833,221.872,1068.487,1023.231,10.9346,16.0000,1.4359,0.5768,5.9324,0.4296,0.3471,0.2233,0.9305,0.2273,2.2286,0.0079,0.5385
60,13,221,227,7,8,5,0.2143,222.908,1078.238,979.491,30.1304,15.0000,1.4263,1.0595,5.5616,0.4942,0.2240,0.2818,0.1494,0.0823,2.9483,0.3882,0.4057
11,3,221,224,4,4,2,0.3438,222.316,1083.360,973.702,12.7336,15.0000,1.4474,0.5639,5.5616,0.5551,0.1916,0.2534,0.7674,0.0227,2.2276,0.3738,0.3772
20,4,221,225,5,3,5,0.2667,222.814,1086.466,967.279,16.8763,14.0000,1.3725,1.4640,5.1630,0.7227,0.1325,0.1447,0.6651,0.1162,2.5865,1.1034,0.3627
16,3,221,224,4,4,3,0.3333,221.898,1090.631,960.433,14.5568,14.0000,1.4268,1.1245,5.2047,0.5624,0.0714,0.3662,0.8367,0.4780,2.2261,0.3732,0.2611
35,5,221,226,6,4,7,0.2083,222.425,1102.422,942.508,22.5363,16.0000,1.5556,2.0725,5.9482,0.4019,0.3959,0.2022,0.4745,0.4391,2.5975,0.3782,0.2694
17,3,221,225,5,4,5,0.1700,222.192,1122.463,902.418,15.9087,17.0000,1.6328,1.4051,6.3200,0.5413,0.2573,0.2014,0.8000,0.0716,1.8618,0.3713,0.4011
15,4,221,224,4,4,2,0.4688,222.048,1133.293,494.714,14.0710,13.0000,1.3265,0.4117,4.8201,0.3092,0.5024,0.1884,0.8018,0.1048,2.5826,0.0090,0.3401
19,4,221,223,3,3,5,0.4222,222.346,1140.099,1064.890,15.4669,14.0000,1.4615,1.1089,5.1770,0.5851,0.0231,0.3918,0.0508,0.8967,1.5029,0.0119,0.2912
66,10,221,226,6,9,8,0.1528,223.871,1139.552,762.050,30.1979,17.0000,1.6872,3.4624,6.2524,0.3124,0.5058,0.1819,0.1345,0.9858,2.9443,1.0974,0.2887
20,8,221,224,4,5,3,0.3333,222.129,1148.244,1051.613,17.9847,16.0000,1.4747,0.6723,5.9324,0.1620,0.3509,0.4871,0.6622,0.5417,2.5954,0.3644,0.4931
5,3,221,223,3,2,1,0.8333,221.709,1154.545,741.000,9.1269,13.0000,1.1818,0.8946,4.8329,0.5854,0.2927,0.1220,0.9487,0.0000,3.7038,0.5517,0.6727
30,4,221,224,4,6,5,0.2500,222.571,1161.236,1067.689,20.0068,15.0000,1.5203,2.6823,5.5616,0.5726,0.2367,0.1907,0.1597,0.9534,2.4081,0.7445,0.2568
14,5,221,223,3,5,3,0.3111,221.676,1166.137,708.942,13.7859,14.0000,1.4101,1.3239,5.2047,0.7511,0.0852,0.1637,0.3159,0.0138,2.2276,0.3748,0.4532
14,3,221,224,4,4,3,0.2917,222.404,1166.089,667.527,14.4520,14.0000,1.3425,0.6704,5.1909,0.5834,0.1442,0.2723,0.7011,0.5411,2.7789,0.3847,0.3425
15,3,221,225,5,4,3,0.2500,223.145,1166.579,676.158,14.5069,13.0000,1.2829,1.5345,4.8201,0.6304,0.2049,0.1647,0.7620,0.2533,2.2365,0.0015,0.4211
18,5,221,224,4,5,3,0.3000,222.508,1168.513,1059.178,17.1929,17.0000,1.5533,1.6054,6.3032,0.7874,0.0792,0.1334,0.4858,0.8716,2.2286,0.3688,0.4873
15,4,221,224,4,4,2,0.4688,222.363,1172.713,710.431,15.3025,16.0000,1.5000,0.9083,5.9324,0.5031,0.2190,0.2779,0.7958,0.0361,2.9633,0.3698,0.3563
19,4,221,224,4,4,3,0.3958,222.871,1180.220,1041.876,15.7846,13.0000,1.3280,1.2334,4.8072,0.2105,0.4517,0.3379,0.8784,0.4587,1.8658,0.0179,0.2742
16,3,221,223,3,6,2,0.4444,221.611,1184.758,998.318,14.5680,14.0000,1.4268,0.5576,5.1909,0.7876,0.0953,0.1171,0.0102,0.3644,2.6023,0.3757,0.2611
10,3,221,223,3,4,2,0.4167,222.030,1183.330,1034.170,11.7240,14.0000,1.4000,0.6919,5.1909,0.6313,0.2275,0.1412,0.5216,0.3612,2.4071,0.3747,0.3900
9,5,221,223,3,4,2,0.3750,221.748,1202.388,967.078,12.7385,18.0000,1.5728,0.8460,6.6917,0.1053,0.6683,0.2265,0.1768,0.0450,2.9820,0.3718,0.6796
14,3,221,223,3,4,3,0.3889,221.873,1217.239,483.843,13.2830,13.0000,1.3582,0.3125,4.8201,0.4003,0.2088,0.3908,0.3064,0.4579,2.0487,0.3663,0.2761
16,3,221,224,4,6,4,0.1667,222.382,1216.156,477.792,16.0197,16.0000,1.4798,1.2186,5.9324,0.6938,0.1801,0.1261,0.3555,0.6079,2.7759,-0.0059,0.5376
22,4,221,224,4,7,4,0.1964,221.905,1221.389,924.253,17.4743,16.0000,1.5928,0.4740,5.9324,0.6630,0.1851,0.1519,0.0316,0.3030,2.4175,0.7416,0.2986
10,4,221,223,3,3,2,0.5556,222.027,1221.936,969.073,12.8965,13.0000,1.1818,1.3919,4.8329,0.1312,0.6652,0.2036,0.9894,0.1452,2.7922,0.0079,0.5636
19,3,221,224,4,6,3,0.2639,223.016,1220.833,810.753,15.7784,12.0000,1.2258,2.8442,4.4374,0.7439,0.1315,0.1247,0.3001,0.5510,2.2292,0.7376,0.2581
9,3,221,222,2,3,3,0.5000,221.418,1239.813,929.538,11.2643,12.0000,1.1868,0.7066,4.4611,0.5618,0.2359,0.2024,0.1208,0.6648,2.5954,0.5567,0.3956
7,3,221,224,4,2,2,0.4375,222.461,1244.500,658.882,10.6375,13.0000,1.1974,1.5483,4.8329,0.8192,0.0720,0.1088,0.9672,0.1156,2.2505,0.3708,0.5000
9,3,221,224,4,3,2,0.3750,222.250,1247.094,718.698,11.8568,16.0000,1.5000,1.2894,5.9482,0.6231,0.1977,0.1791,0.9357,0.3421,2.2157,-0.3613,0.4375
14,3,221,223,3,5,3,0.3111,221.966,1250.338,576.932,14.6672,16.0000,1.5135,0.6665,5.9324,0.5989,0.2679,0.1331,0.1669,0.2676,2.0482,0.3698,0.3108
6,4,221,223,3,3,1,0.6667,221.833,1253.278,817.000,10.9033,15.0000,1.2500,1.1027,5.5764,0.4000,0.4800,0.1200,0.7071,0.0000,3.5135,0.3708,0.7639
11,4,221,224,4,3,2,0.4583,222.974,1261.752,643.154,13.0456,14.0000,1.3162,0.7681,5.1770,0.3977,0.3902,0.2121,0.9928,0.1145,2.2505,0.5517,0.4444
18,4,221,224,4,6,3,0.2500,222.930,1265.859,676.092,16.1274,14.0000,1.3622,0.1820,5.1770,0.7462,0.1658,0.0880,0.1584,0.2818,2.5845,0.7426,0.4108
22,5,221,225,5,5,3,0.2933,223.436,1271.493,725.515,17.8752,16.0000,1.5507,0.8441,5.9165,0.4383,0.2236,0.3382,0.8763,0.0676,2.5815,0.7386,0.3040
8,3,221,222,2,4,2,0.5000,221.420,1277.307,765.432,11.5536,16.0000,1.4545,0.7852,5.9324,0.7197,0.0792,0.2011,0.3743,0.8753,2.9702,0.3777,0.4773
95,6,222,226,5,8,15,0.1583,224.081,271.178,729.668,34.2726,15.0000,1.5728,2.0433,5.5318,0.8807,0.0821,0.0373,0.0170,0.9987,2.5875,1.0994,0.1556
19,3,222,226,5,3,6,0.2111,223.763,298.979,517.205,16.0853,15.0000,1.5000,0.7906,5.5468,0.3322,0.4640,0.2038,0.7114,0.1409,2.7594,1.2808,0.2158
93,4,222,225,4,7,14,0.2372,223.859,304.041,818.452,34.4304,16.0000,1.6533,2.5986,5.9165,0.8143,0.1324,0.0532,0.0606,0.9961,2.5945,1.1054,0.1500
117,7,222,225,4,7,17,0.2458,223.101,310.010,712.192,39.0987,14.0000,1.4318,1.5532,5.1770,0.8162,0.1346,0.0492,0.0174,0.9992,2.5974,1.1004,0.2413
24,3,222,226,5,5,5,0.1920,223.983,306.437,841.485,17.2395,14.0000,1.4672,0.7434,5.1630,0.5889,0.0839,0.3271,0.4279,0.6783,2.5845,0.7336,0.1747
65,5,222,227,6,7,10,0.1548,224.325,316.705,572.007,28.0154,13.0000,1.3785,1.5004,4.8072,0.7514,0.1476,0.1010,0.0679,0.7842,2.5815,0.7336,0.1240
62,13,222,226,5,6,10,0.2067,223.473,326.566,603.240,29.7362,18.0000,1.7603,0.9950,6.6561,0.7211,0.0481,0.2308,0.0067,0.7296,2.5954,0.7436,0.3218
62,3,222,227,6,6,11,0.1566,223.913,336.134,576.777,27.3585,14.0000,1.4863,3.0492,5.1770,0.7415,0.2001,0.0585,0.0033,0.2189,2.5885,1.0854,0.1284
28,4,222,226,5,4,5,0.2800,224.236,336.679,903.708,18.8750,17.0000,1.7565,0.7757,6.2694,0.3057,0.1546,0.5397,0.3577,0.2275,2.2067,0.7361,0.1956
64,5,222,226,5,12,7,0.1524,224.198,334.903,898.452,27.9206,15.0000,1.5842,3.1517,5.5318,0.8275,0.1106,0.0619,0.0846,0.9632,2.5785,1.0954,0.1304
13,4,222,225,4,2,3,0.5417,223.128,340.504,827.579,13.6357,13.0000,1.2707,1.3642,4.8201,0.5899,0.2234,0.1867,0.9617,0.1575,2.5845,0.7554,0.3759
40,5,222,226,5,5,6,0.2667,223.588,350.191,544.487,24.1089,14.0000,1.3559,1.7918,5.1770,0.6509,0.1355,0.2136,0.1807,0.5596,2.5815,0.1954,0.2785
18,4,222,225,4,4,3,0.3750,223.818,363.801,915.705,15.3061,15.0000,1.5341,0.3999,5.5318,0.3084,0.3288,0.3628,0.1488,0.4765,1.8400,0.0200,0.2955
102,4,222,225,4,10,14,0.1821,223.367,376.815,929.607,36.6510,15.0000,1.5269,1.8934,5.5468,0.5638,0.3905,0.0458,0.0116,0.9987,2.9523,1.1024,0.2246
22,7,222,226,5,3,6,0.2444,223.664,401.118,963.808,18.0216,14.0000,1.3450,1.9295,5.1770,0.6244,0.2846,0.0911,0.2721,0.0601,2.5785,0.7266,0.3974
63,3,222,225,4,8,10,0.1969,223.709,420.461,979.953,28.7366,15.0000,1.5291,2.5774,5.5318,0.6414,0.2624,0.0962,0.0424,0.9902,2.9543,1.0974,0.1667
19,4,222,226,5,3,5,0.2533,224.135,442.089,1007.505,16.2383,15.0000,1.4844,1.6489,5.5468,0.8309,0.0427,0.1264,0.5844,0.7228,2.9423,0.7356,0.2708
14,4,222,225,4,2,5,0.3500,223.253,493.067,797.260,14.8142,15.0000,1.4000,1.7672,5.5168,0.3763,0.5365,0.0872,0.2002,0.0038,2.7704,0.3708,0.4333
5,3,222,223,2,1,3,0.8333,222.519,517.000,773.667,8.9417,14.0000,1.2963,0.8446,5.1909,0.5854,0.2927,0.1220,0.3162,0.0000,3.3325,0.3738,0.7037
4,3,222,225,4,1,1,1.0000,223.360,594.000,564.000,9.2356,15.0000,1.2000,0.3600,5.5468,0.9375,0.0000,0.0625,1.0000,0.0000,3.6978,-0.1719,0.8200
13,6,222,224,3,3,3,0.4815,222.957,656.741,891.014,14.2574,17.0000,1.5899,0.2630,6.2863,0.3614,0.2612,0.3774,0.7590,0.2407,2.5855,0.0060,0.5683
37,3,222,225,4,6,8,0.1927,223.280,678.449,914.391,20.8359,12.0000,1.2945,1.7239,4.4374,0.8983,0.0276,0.0741,0.0986,0.3509,2.2157,0.7376,0.1399
12,3,222,225,4,3,4,0.2500,223.262,730.385,1030.615,13.0140,13.0000,1.2787,0.7715,4.8072,0.6533,0.0778,0.2690,0.6056,0.4110,2.5855,0.3658,0.3115
26,3,222,227,6,4,6,0.1806,224.110,756.897,907.221,19.6665,15.0000,1.4338,2.4848,5.5468,0.7275,0.1715,0.1011,0.4793,0.6683,2.5775,0.7406,0.3493
8,3,222,224,3,3,2,0.4444,223.025,771.430,962.582,10.3276,12.0000,1.2152,1.2552,4.4493,0.5843,0.2257,0.1899,0.7190,0.2966,2.2172,0.1874,0.4557
18,5,222,225,4,3,4,0.3750,223.242,793.275,366.544,15.8525,15.0000,1.4835,0.9728,5.5318,0.4544,0.1740,0.3716,0.8799,0.1949,2.5795,1.0994,0.3626
17,5,222,225,4,3,3,0.4722,223.198,811.659,907.434,16.3141,15.0000,1.4011,1.4798,5.5616,0.1388,0.3004,0.5608,0.7962,0.0411,2.5815,0.7341,0.3626
14,3,222,225,4,3,4,0.2917,223.248,826.015,896.541,13.1354,13.0000,1.3684,0.9266,4.7942,0.3036,0.5003,0.1961,0.6619,0.3940,2.0303,0.3668,0.2857
14,3,222,225,4,4,5,0.1750,223.388,827.272,1009.510,14.5126,13.0000,1.2381,0.9698,4.8072,0.8382,0.0718,0.0901,0.4761,0.8210,2.5934,0.3728,0.4218
55,3,222,227,6,7,6,0.2183,223.663,840.253,386.510,25.9812,15.0000,1.5805,1.6507,5.5468,0.5489,0.0391,0.4120,0.3588,0.5712,2.2217,0.7276,0.1552
42,3,222,225,4,9,6,0.1944,223.463,842.456,627.917,23.3649,17.0000,1.7415,3.6157,6.2694,0.7572,0.1705,0.0724,0.0344,0.9994,2.5905,1.0974,0.1341
23,4,222,225,4,3,6,0.3194,223.351,852.477,392.338,17.1011,14.0000,1.4505,0.7146,5.1770,0.5180,0.2404,0.2416,0.1661,0.0385,2.2157,0.3668,0.2252
95,4,222,225,4,8,12,0.2474,223.688,854.027,650.531,34.2711,15.0000,1.5746,3.6908,5.5318,0.6403,0.3023,0.0574,0.0038,0.9987,2.5925,0.7435,0.1823
25,6,222,226,5,4,4,0.3125,224.035,855.031,562.486,18.8063,13.0000,1.2745,1.1408,4.7942,0.5585,0.2504,0.1911,0.7473,0.4236,2.5935,0.7366,0.3333
195,4,222,227,6,12,18,0.1505,224.609,865.967,724.782,50.4114,16.0000,1.6318,2.1172,5.9006,0.7029,0.2579,0.0392,0.0411,0.9991,2.5815,1.0924,0.2171
15,3,222,226,5,4,3,0.2500,223.676,871.134,424.556,13.5331,13.0000,1.3732,0.8196,4.8072,0.6685,0.0927,0.2388,0.8799,0.3384,2.2127,0.3688,0.2676
28,3,222,227,6,7,4,0.1667,224.389,873.954,828.407,19.8418,16.0000,1.5719,1.1877,5.9006,0.2105,0.6045,0.1851,0.5814,0.0753,2.5635,0.3758,0.2807
7,5,222,225,4,2,2,0.4375,224.000,874.354,559.354,11.4298,15.0000,1.2805,0.7368,5.5318,0.7941,0.0831,0.1229,0.8986,0.2604,2.9523,0.0159,0.7927
12,4,222,226,5,3,3,0.2667,224.074,875.554,917.331,12.8790,14.0000,1.3884,1.2094,5.1770,0.3334,0.4603,0.2063,0.9515,0.2258,2.2112,0.0119,0.4298
55,5,222,225,4,7,8,0.2455,223.942,878.869,824.260,26.6082,16.0000,1.6449,1.5316,5.9006,0.2113,0.6000,0.1887,0.1266,0.9901,2.2157,0.1879,0.1720
20,4,222,225,4,4,5,0.2500,223.315,880.888,818.442,16.2753,15.0000,1.5228,0.8910,5.5318,0.4228,0.2469,0.3303,0.7422,0.6350,2.0448,0.7366,0.2741
13,3,222,225,4,5,3,0.2167,223.424,882.288,602.840,12.8053,12.0000,1.2480,0.6636,4.4255,0.7129,0.1623,0.1247,0.3176,0.3793,2.2217,0.3698,0.2880
10,4,222,225,4,2,3,0.4167,223.444,882.424,406.788,11.5628,13.0000,1.3131,0.7576,4.8072,0.6361,0.1153,0.2486,0.8132,0.4338,2.2277,0.3843,0.4949
9,3,222,225,4,3,2,0.3750,223.543,882.404,483.915,11.5696,17.0000,1.6277,0.6164,6.2694,0.6458,0.2394,0.1148,0.9375,0.1455,2.2306,1.0974,0.4468
18,5,222,225,4,5,4,0.2250,222.995,892.127,953.063,16.4732,20.0000,1.9048,0.1421,7.3957,0.4830,0.1722,0.3448,0.3743,0.1120,2.5845,1.1014,0.4603
9,4,222,224,3,3,2,0.5000,223.177,918.792,467.573,11.8274,14.0000,1.3125,0.5071,5.1770,0.5588,0.2020,0.2392,0.8165,0.4082,2.9662,0.7486,0.5208
36,3,222,226,5,6,6,0.2000,224.014,923.557,927.006,21.5117,15.0000,1.5429,1.7637,5.5468,0.6540,0.0522,0.2938,0.1637,0.2871,2.2247,0.7386,0.2571
14,3,222,225,4,4,3,0.2917,224.112,930.406,694.636,14.0902,15.0000,1.4685,0.8779,5.5318,0.7675,0.0939,0.1386,0.5570,0.3540,2.5676,0.0040,0.2797
17,3,222,226,5,3,4,0.2833,223.826,929.613,861.516,13.8703,14.0000,1.5355,1.1365,5.1770,0.7455,0.1279,0.1266,0.8023,0.5663,1.8689,0.3768,0.2516
8,3,222,224,3,5,2,0.2667,223.025,934.519,477.901,10.5891,12.0000,1.1852,0.5284,4.4374,0.8402,0.0684,0.0914,0.0000,0.0000,2.0388,0.3728,0.4444
17,6,222,226,5,3,3,0.3778,223.739,939.587,517.451,16.4692,13.0000,1.2011,1.0091,4.8072,0.7199,0.0804,0.1997,0.8956,0.1988,2.9393,0.3858,0.4783
3,3,222,224,3,1,1,1.0000,222.974,944.000,659.000,8.3268,14.0000,1.0769,0.0256,5.1770,0.8889,0.0000,0.1111,1.0000,0.0000,4.0766,0.7396,1.0000
15,5,222,225,4,4,3,0.3125,223.654,954.173,700.115,14.8683,13.0000,1.2500,0.6861,4.8072,0.3227,0.3977,0.2796,0.4908,0.7718,2.5855,0.0040,0.4038
49,4,222,227,6,5,10,0.1633,224.549,954.986,708.609,25.5661,15.0000,1.5123,2.2338,5.5468,0.8527,0.0173,0.1300,0.3148,0.6723,2.2277,0.7336,0.2984
21,3,222,225,4,5,7,0.1500,223.061,961.756,874.131,17.1848,16.0000,1.5775,1.4905,5.9006,0.7437,0.1842,0.0721,0.0800,0.3778,2.2247,0.3698,0.3662
15,3,222,224,3,5,3,0.3333,223.141,966.007,829.785,14.2208,14.0000,1.4094,1.0260,5.1770,0.7100,0.1235,0.1665,0.2394,0.2458,2.5915,0.3713,0.3356
19,3,222,226,5,4,4,0.2375,223.515,974.119,522.598,16.4349,15.0000,1.4691,1.9018,5.5168,0.4171,0.2812,0.3017,0.6686,0.3862,2.5954,0.7376,0.3918
49,5,222,227,6,7,7,0.1667,224.569,985.445,873.767,26.1434,15.0000,1.4789,3.1583,5.5318,0.6255,0.2420,0.1324,0.1948,0.2814,2.5575,0.3782,0.3421
19,3,222,224,3,7,3,0.3016,223.280,986.656,1079.386,16.0216,15.0000,1.5079,0.9412,5.5468,0.8043,0.0338,0.1619,0.0786,0.9754,1.8569,0.3608,0.3439
48,6,222,228,7,6,6,0.1905,224.058,995.363,849.442,26.7170,17.0000,1.6255,2.3242,6.2863,0.3517,0.4790,0.1693,0.6403,0.0652,2.9202,0.3718,0.4303
28,3,222,226,5,6,6,0.1556,223.591,992.960,682.163,19.2568,16.0000,1.6232,2.0765,5.9324,0.4156,0.3444,0.2400,0.2436,0.5930,2.5745,0.3748,0.2391
20,3,222,225,4,3,6,0.2778,223.393,993.250,690.663,16.1893,12.0000,1.2245,1.5628,4.4493,0.6194,0.1863,0.1943,0.1532,0.2284,1.8654,0.3638,0.3061
40,6,222,227,6,4,9,0.1852,224.639,1001.379,644.450,23.5166,16.0000,1.5842,0.9047,5.8846,0.7738,0.1023,0.1240,0.2785,0.0798,2.2262,1.0888,0.3342
48,4,222,228,7,6,7,0.1633,224.451,1005.438,641.017,24.6151,14.0000,1.4514,1.8452,5.1490,0.4024,0.3962,0.2014,0.1065,0.1858,2.2187,0.3668,0.1641
44,4,222,227,6,7,6,0.1746,224.456,1010.431,598.061,24.5989,16.0000,1.5892,1.9480,5.9006,0.5988,0.0194,0.3818,0.0357,0.8561,2.2157,0.0020,0.2777
20,3,222,224,3,6,3,0.3704,222.795,1012.898,799.200,16.9600,14.0000,1.3659,1.2157,5.1909,0.7828,0.0890,0.1282,0.2893,0.6575,2.5954,1.1004,0.3756
17,3,222,226,5,3,6,0.1889,223.581,1057.078,444.204,14.9541,14.0000,1.4251,1.6692,5.1630,0.5977,0.2869,0.1154,0.0953,0.4999,2.5815,0.7356,0.2275
14,5,222,225,4,4,2,0.4375,223.513,1107.153,1133.387,14.8038,13.0000,1.2133,1.5695,4.8201,0.5302,0.3229,0.1468,0.7719,0.0572,3.1242,0.3693,0.4200
14,3,222,225,4,2,4,0.4375,224.049,1126.472,1115.211,13.9940,16.0000,1.5775,0.5193,5.9006,0.3842,0.3828,0.2330,0.8487,0.1875,2.5775,0.3708,0.2817
36,5,222,225,4,8,6,0.1875,223.095,1137.109,639.908,21.9965,15.0000,1.5126,2.1134,5.5468,0.6377,0.2131,0.1492,0.0467,0.9044,2.5974,0.7396,0.2913
24,4,222,226,5,5,4,0.2400,223.242,1137.304,633.333,18.1038,15.0000,1.5000,2.7830,5.5168,0.6264,0.1678,0.2058,0.4785,0.4201,2.9524,0.3768,0.3625
25,3,222,226,5,5,4,0.2500,224.105,1138.976,722.713,18.2129,14.0000,1.4170,1.2128,5.1630,0.3062,0.3837,0.3101,0.0993,0.6527,2.9393,0.3827,0.2591
22,3,222,225,4,6,3,0.3056,223.138,1141.262,1095.295,16.5498,13.0000,1.3619,2.6283,4.8201,0.6889,0.0739,0.2372,0.0030,0.7229,2.2112,0.5513,0.2905
43,4,222,224,3,8,7,0.2560,223.169,1142.167,689.592,23.6173,15.0000,1.5394,1.9336,5.5468,0.4678,0.4241,0.1081,0.0094,0.9998,2.6014,0.7455,0.2434
46,6,222,225,4,8,8,0.1797,223.266,1142.515,696.790,24.9530,16.0000,1.6070,1.5229,5.9165,0.7059,0.2190,0.0752,0.0311,0.9974,2.9553,0.7445,0.3100
18,4,222,225,4,7,3,0.2143,223.516,1141.721,726.621,16.5372,16.0000,1.5158,1.8927,5.9006,0.7309,0.1288,0.1403,0.1728,0.3927,2.5855,0.1879,0.4105
36,3,222,225,4,6,6,0.2500,223.494,1167.381,1063.043,21.6650,15.0000,1.5341,2.2861,5.5616,0.7154,0.1075,0.1771,0.2411,0.0915,2.2336,0.3678,0.2159
22,3,222,226,5,7,3,0.2095,224.407,1183.032,1045.959,17.3571,16.0000,1.5928,2.1168,5.8846,0.5907,0.3067,0.1026,0.0470,0.1893,2.2157,0.3678,0.2534
10,4,222,224,3,3,3,0.3704,223.155,1237.621,837.078,12.0393,14.0000,1.3592,0.9289,5.1630,0.0993,0.5478,0.3530,0.8944,0.2657,2.2237,0.3648,0.4951
8,3,222,224,3,3,3,0.2963,222.812,1270.929,691.600,11.1184,15.0000,1.4118,0.4477,5.5468,0.5767,0.2220,0.2014,0.2362,0.1968,2.5910,0.3678,0.4706
18,3,223,227,5,5,4,0.1800,224.377,268.934,715.497,14.5014,13.0000,1.4012,1.8110,4.8072,0.7712,0.0986,0.1303,0.6036,0.0064,2.2007,0.7396,0.2216
47,4,223,225,3,4,12,0.3264,223.861,271.703,708.141,24.8080,15.0000,1.5293,3.1581,5.5318,0.9140,0.0434,0.0426,0.0784,0.9919,2.5850,0.7436,0.2560
59,6,223,226,4,6,9,0.2731,224.183,271.790,741.849,27.2573,16.0000,1.6620,2.2167,5.9006,0.6248,0.2401,0.1351,0.0028,0.9666,2.5875,1.1044,0.1708
13,3,223,225,3,3,4,0.3611,224.164,278.922,803.578,13.0864,12.0000,1.2187,0.6060,4.4255,0.5629,0.1665,0.2707,0.5424,0.1058,2.2217,0.7376,0.2812
32,8,223,226,4,4,6,0.3333,224.101,287.608,827.424,20.5953,13.0000,1.3165,1.2436,4.8072,0.3295,0.2142,0.4563,0.1508,0.9649,2.5900,1.1034,0.3608
27,3,223,228,6,5,5,0.1800,225.229,317.465,522.674,18.2500,14.0000,1.4651,2.1698,5.1350,0.7872,0.1076,0.1052,0.6381,0.1249,2.2308,1.0984,0.1977
25,4,223,226,4,4,5,0.3125,224.696,320.396,563.652,18.4046,13.0000,1.3000,1.5679,4.7942,0.7080,0.0304,0.2616,0.3620,0.5067,2.5845,0.9184,0.3040
21,3,223,227,5,5,4,0.2100,224.435,321.150,516.035,16.0762,14.0000,1.4700,0.4615,5.1630,0.4750,0.1734,0.3516,0.7707,0.6051,2.2142,0.7326,0.2000
38,7,223,227,5,5,8,0.1900,224.546,322.573,557.365,22.1025,17.0000,1.7459,0.8899,6.2524,0.5051,0.2562,0.2387,0.3834,0.4187,2.1977,0.7331,0.3000
54,3,223,229,7,6,8,0.1607,224.846,325.870,550.238,25.4357,13.0000,1.3819,0.8889,4.7942,0.6910,0.1774,0.1317,0.5107,0.0621,2.2248,0.7336,0.0748
45,3,223,226,4,6,11,0.1705,224.254,334.417,533.220,22.2498,13.0000,1.4444,2.5983,4.8072,0.8118,0.1194,0.0688,0.1060,0.8843,1.8564,0.3718,0.0938
75,8,223,229,7,7,10,0.1531,224.747,343.918,516.112,32.2556,17.0000,1.6798,1.4798,6.2694,0.6806,0.1671,0.1523,0.0204,0.5144,2.5905,0.5491,0.3004
12,4,223,225,3,2,3,0.6667,224.094,351.500,923.305,13.6234,15.0000,1.4062,0.5930,5.5318,0.2529,0.3268,0.4204,0.9690,0.1630,3.1282,0.9189,0.4141
32,5,223,226,4,4,10,0.2000,223.974,413.825,974.961,20.0808,15.0000,1.5584,3.0441,5.5318,0.9224,0.0244,0.0532,0.1477,0.7062,2.5840,1.1039,0.2143
9,3,223,226,4,2,3,0.3750,224.374,444.099,405.473,11.1752,13.0000,1.2857,0.6105,4.7942,0.5383,0.3006,0.1611,0.9282,0.0614,2.2112,0.3758,0.4176
8,3,223,225,3,2,3,0.4444,223.975,453.788,422.712,10.4316,13.0000,1.3000,0.3584,4.7942,0.5871,0.1225,0.2904,0.7427,0.3393,2.3981,0.3683,0.4625
20,3,223,226,4,4,7,0.1786,224.296,511.531,389.199,16.1499,14.0000,1.4286,0.6393,5.1630,0.7418,0.0775,0.1807,0.2027,0.1010,2.9373,1.0989,0.1939
13,5,223,226,4,2,4,0.4062,224.941,532.637,624.533,13.7730,13.0000,1.2519,0.6478,4.7812,0.5207,0.2763,0.2030,0.7479,0.1683,2.5705,0.5532,0.4519
25,3,223,227,5,7,3,0.2381,224.383,536.759,867.273,18.6412,16.0000,1.5810,2.2900,5.9006,0.5087,0.3993,0.0920,0.1779,0.0086,2.5685,0.7301,0.3123
28,5,223,227,5,5,6,0.1867,225.124,580.036,852.211,19.1075,15.0000,1.5273,1.1798,5.5018,0.6626,0.1214,0.2160,0.1384,0.8827,1.8515,0.3678,0.2436
5,3,223,225,3,2,2,0.4167,223.804,666.161,358.411,9.2408,13.0000,1.1607,0.6416,4.7942,0.7729,0.0435,0.1836,0.8328,0.5477,3.3146,0.5527,0.6607
20,3,223,227,5,5,3,0.2667,224.378,704.653,527.098,15.8991,15.0000,1.5544,1.6984,5.5318,0.0880,0.5047,0.4073,0.2617,0.3652,2.2007,0.0140,0.2798
32,3,223,228,6,7,5,0.1524,224.944,712.648,527.691,19.5729,13.0000,1.3821,1.6516,4.7942,0.6373,0.1979,0.1647,0.2860,0.4988,2.2308,0.3848,0.1229
8,3,223,226,4,2,2,0.5000,224.000,806.247,869.765,11.0828,13.0000,1.2235,0.3412,4.7942,0.7018,0.1426,0.1556,0.9816,0.1908,3.3206,0.9085,0.4471
11,4,223,225,3,3,3,0.4074,224.103,809.224,884.991,12.8948,12.0000,1.1379,1.1260,4.4374,0.4909,0.1831,0.3259,0.7049,0.2191,2.5885,0.3797,0.4138
35,5,223,227,5,9,5,0.1556,225.234,831.520,646.324,20.6885,13.0000,1.3664,2.6532,4.7682,0.8007,0.1024,0.0969,0.1673,0.8340,2.5685,0.7416,0.2192
22,5,223,226,4,4,6,0.2292,224.851,840.050,603.604,17.4146,14.0000,1.3874,0.6236,5.1490,0.7415,0.0872,0.1713,0.4328,0.8998,2.2248,0.3797,0.3514
10,3,223,226,4,3,3,0.2778,224.579,840.916,869.547,11.0616,14.0000,1.4737,0.8012,5.1630,0.6900,0.1599,0.1502,0.8790,0.4414,1.8539,1.0958,0.4000
21,4,223,226,4,3,6,0.2917,224.332,843.836,1001.234,17.2064,16.0000,1.5701,1.0298,5.8846,0.5783,0.3079,0.1139,0.0857,0.1244,2.5915,0.3698,0.2523
15,6,223,226,4,4,4,0.2344,224.285,846.477,644.252,14.3672,15.0000,1.4901,0.6466,5.5318,0.6283,0.1377,0.2340,0.7493,0.5493,2.3991,0.7376,0.5033
33,3,223,227,5,4,7,0.2357,224.845,856.509,853.671,20.2399,16.0000,1.6709,1.6553,5.9006,0.4633,0.3567,0.1800,0.0987,0.1847,2.1872,0.3618,0.2089
9,5,223,225,3,2,3,0.5000,223.819,859.676,630.743,12.9139,14.0000,1.2000,0.9175,5.1770,0.2018,0.3669,0.4313,0.9894,0.1217,3.3291,0.5527,0.6381
12,4,223,227,5,3,4,0.2000,224.779,859.811,740.189,12.9607,15.0000,1.4754,1.1403,5.5318,0.4610,0.3991,0.1399,0.6631,0.2690,1.8550,0.3648,0.4344
182,9,223,226,4,11,24,0.1723,224.330,866.885,700.431,48.4513,16.0000,1.6415,10.4958,5.9006,0.8984,0.0898,0.0117,0.0197,0.9996,2.5875,0.7475,0.2227
15,5,223,225,3,4,4,0.3125,224.057,865.414,684.962,14.9473,15.0000,1.4331,0.4197,5.5318,0.6157,0.1287,0.2556,0.0982,0.9605,2.5800,0.7445,0.4204
16,3,223,226,4,5,3,0.2667,224.432,871.619,620.232,14.2738,14.0000,1.4452,0.8717,5.1490,0.8523,0.0216,0.1261,0.4136,0.8772,2.3951,0.7386,0.2452
6,3,223,224,2,2,2,0.7500,223.522,874.652,775.261,10.4019,14.0000,1.2174,0.8498,5.1630,0.2000,0.3333,0.4667,0.0000,0.0000,2.7734,0.5487,0.5942
12,4,223,225,3,4,3,0.3333,223.744,880.392,979.736,13.3167,15.0000,1.4400,1.7913,5.5468,0.6645,0.1136,0.2219,0.4233,0.5693,2.0373,0.3603,0.5280
10,3,223,226,4,2,4,0.3125,223.905,900.181,866.390,12.2483,15.0000,1.4286,1.1768,5.5168,0.5087,0.2862,0.2050,0.8454,0.1147,2.5895,1.1019,0.3905
5,3,223,225,3,2,1,0.8333,223.804,916.357,909.000,9.2408,12.0000,1.0714,0.8794,4.4374,0.5854,0.2927,0.1220,0.9487,0.0000,3.3041,0.5592,0.6429
20,4,223,227,5,4,3,0.3333,224.580,920.535,948.380,16.4667,15.0000,1.5000,0.7791,5.5168,0.4683,0.2778,0.2540,0.9869,0.1507,2.2172,0.7220,0.3250
21,3,223,228,6,4,4,0.2188,225.446,928.951,443.377,16.3527,14.0000,1.4412,1.1162,5.1490,0.5661,0.2348,0.1992,0.9483,0.2911,2.2097,0.3678,0.2010
14,6,223,227,5,3,3,0.3111,224.291,941.259,931.861,15.5606,17.0000,1.5063,0.4141,6.2694,0.6432,0.1607,0.1960,0.9615,0.2122,2.4141,-0.1864,0.5443
11,3,223,225,3,4,3,0.3056,223.982,955.018,734.044,12.6767,14.0000,1.3509,1.0186,5.1630,0.3072,0.3031,0.3896,0.0000,0.3606,2.5775,0.7475,0.4386
27,3,223,228,6,6,5,0.1500,224.751,971.208,897.475,18.7696,14.0000,1.4264,0.9127,5.1630,0.7538,0.1681,0.0781,0.3997,0.3315,1.8640,0.0140,0.2038
34,4,223,227,5,5,5,0.2720,224.314,981.787,880.740,21.1063,13.0000,1.3234,0.8312,4.7942,0.2600,0.1971,0.5429,0.6217,0.6238,2.5825,0.3738,0.1886
33,3,223,229,7,6,5,0.1571,225.806,990.813,747.876,20.1231,13.0000,1.3619,0.8370,4.7812,0.3639,0.3160,0.3201,0.3709,0.0498,2.1947,0.3648,0.2381
9,4,223,224,2,4,3,0.3750,223.765,1024.622,634.929,12.0547,13.0000,1.1939,0.8564,4.8072,0.5613,0.1563,0.2824,0.0164,0.9989,2.5775,0.0080,0.5204
29,7,223,227,5,5,6,0.1933,225.132,1025.041,638.905,20.1401,14.0000,1.3763,0.9156,5.1490,0.4343,0.3387,0.2270,0.5171,0.7227,2.2187,0.3578,0.3831
28,6,223,226,4,6,6,0.1944,224.539,1026.525,649.323,19.6251,14.0000,1.3901,2.5088,5.1770,0.7944,0.0953,0.1103,0.1807,0.5315,2.3921,0.3598,0.3759
31,3,223,226,4,7,6,0.1845,224.926,1030.778,676.401,19.6227,15.0000,1.5657,1.6463,5.5318,0.6500,0.1946,0.1554,0.3687,0.9290,2.2097,0.7316,0.1380
13,4,223,225,3,4,3,0.3611,224.273,1031.758,808.083,13.4914,17.0000,1.6742,0.3743,6.2694,0.3574,0.2799,0.3627,0.4569,0.8711,2.5745,0.7356,0.4015
8,3,223,224,2,4,2,0.5000,223.518,1037.265,648.096,10.8362,14.0000,1.3494,0.5899,5.1770,0.7347,0.1380,0.1273,0.0657,0.3481,2.9553,1.1069,0.4699
18,3,223,226,4,4,5,0.2250,224.568,1100.729,508.995,16.6637,16.0000,1.5000,0.5102,5.8846,0.7629,0.0909,0.1462,0.4977,0.1539,2.7584,0.3788,0.4115
56,20,223,227,5,8,8,0.1750,224.666,1117.257,860.366,30.0073,16.0000,1.4689,2.4375,5.9006,0.4765,0.3520,0.1715,0.0299,0.9995,2.9463,0.7356,0.4934
7,5,223,225,3,2,2,0.5833,224.321,1116.321,540.405,11.6984,14.0000,1.1667,1.0415,5.1490,0.4600,0.2645,0.2756,0.8571,0.1000,3.3221,1.1044,0.7500
16,3,223,227,5,6,3,0.1778,224.639,1128.374,570.020,13.5294,12.0000,1.3061,1.2502,4.4135,0.7882,0.1341,0.0778,0.4716,0.0929,2.0383,0.3773,0.2449
12,3,223,224,2,5,3,0.4000,223.570,1129.281,619.512,12.8966,13.0000,1.2893,0.8165,4.8072,0.7915,0.0503,0.1582,0.1009,0.6603,2.5726,0.5507,0.3058
11,4,223,226,4,4,3,0.2292,224.342,1130.036,822.928,12.3310,13.0000,1.2883,1.0935,4.7942,0.3447,0.3443,0.3111,0.4794,0.3390,2.5745,0.7341,0.4505
30,4,223,226,4,5,6,0.2500,224.573,1135.197,753.597,19.8318,15.0000,1.5254,2.3159,5.5168,0.4134,0.3246,0.2620,0.0082,0.9481,2.5855,0.7376,0.2237
58,4,223,225,3,12,10,0.1611,224.134,1133.905,790.303,27.4465,15.0000,1.5344,2.1213,5.5318,0.7928,0.1675,0.0397,0.0578,0.9981,2.5845,0.7406,0.1887
15,6,223,225,3,4,3,0.4167,223.874,1137.222,713.754,15.9072,16.0000,1.4371,0.7963,5.9006,0.4251,0.1250,0.4499,0.5635,0.7309,3.1277,0.7416,0.5808
24,4,223,226,4,5,4,0.3000,224.064,1139.329,706.068,18.7410,19.0000,1.8313,0.6772,7.0070,0.2920,0.2344,0.4736,0.3420,0.8215,2.9523,0.7316,0.2289
17,3,223,226,4,6,3,0.2361,224.712,1138.476,717.206,15.1762,13.0000,1.3000,0.6321,4.7812,0.7770,0.1291,0.0938,0.1847,0.2061,2.5920,0.7296,0.2882
23,9,223,226,4,5,3,0.3833,224.087,1143.621,717.332,19.4505,16.0000,1.4545,1.7550,5.9006,0.6485,0.0678,0.2837,0.3337,0.6361,2.5775,0.0080,0.4862
8,4,223,224,2,4,2,0.5000,223.562,1277.674,578.899,11.6181,15.0000,1.3483,0.8834,5.5468,0.6860,0.1469,0.1671,0.1278,0.3493,3.3251,0.1859,0.5955
9,3,224,226,3,2,3,0.5000,224.690,289.862,850.115,10.6748,13.0000,1.3448,0.7126,4.7942,0.3513,0.4424,0.2063,0.7995,0.1657,1.8515,0.7436,0.4253
26,3,224,228,5,4,6,0.2167,225.276,302.114,555.980,18.3070,16.0000,1.6378,1.0247,5.8846,0.5909,0.1834,0.2257,0.4466,0.0747,2.5665,0.7416,0.1614
21,4,224,225,2,4,4,0.6562,224.515,303.961,874.627,16.3942,13.0000,1.3382,0.7942,4.7812,0.0717,0.6399,0.2884,0.0413,0.9969,2.5835,1.0974,0.3039
5,3,224,225,2,2,2,0.6250,224.481,415.852,933.370,8.8944,14.0000,1.2963,0.6542,5.1490,0.3432,0.2505,0.4063,0.6059,0.3645,3.3176,0.3718,0.7037
15,3,224,227,4,4,5,0.1875,225.631,417.537,461.866,14.1251,14.0000,1.4094,0.8392,5.1490,0.6192,0.2307,0.1501,0.3919,0.0598,2.5635,0.7336,0.2819
17,3,224,227,4,3,5,0.2833,225.140,438.323,386.598,14.6235,14.0000,1.4512,0.7998,5.1490,0.3798,0.2517,0.3686,0.1457,0.5247,2.5745,0.7391,0.2439
57,6,224,227,4,5,12,0.2375,225.588,544.664,720.566,28.2092,17.0000,1.6707,1.5655,6.2524,0.8948,0.0490,0.0562,0.0543,0.8829,2.9363,0.9159,0.2741
30,3,224,227,4,5,7,0.2143,225.400,616.154,1061.621,18.7811,14.0000,1.5000,0.7548,5.1490,0.8306,0.0160,0.1534,0.2345,0.8902,2.1947,0.3778,0.2643
11,3,224,227,4,2,4,0.3438,225.646,661.841,1151.743,12.5087,14.0000,1.3628,1.6735,5.1630,0.7318,0.1641,0.1041,0.8350,0.1534,2.5615,0.0201,0.3451
9,3,224,226,3,2,2,0.7500,224.698,684.512,531.395,10.5519,12.0000,1.2558,0.9512,4.4255,0.5423,0.0734,0.3844,0.9555,0.2489,1.4792,0.0040,0.4186
7,3,224,226,3,3,2,0.3889,225.472,701.361,898.889,9.9959,14.0000,1.3611,0.8361,5.1350,0.1278,0.6171,0.2551,0.8018,0.1645,2.5805,0.1799,0.5278
6,3,224,225,2,2,2,0.7500,224.538,748.338,395.723,9.7719,13.0000,1.2000,0.6358,4.7812,0.2000,0.3333,0.4667,0.0000,0.0000,2.9533,0.7351,0.5692
10,6,224,226,3,3,2,0.5556,224.911,756.306,1051.298,14.4253,17.0000,1.3710,0.4368,6.2524,0.1832,0.3552,0.4616,0.9444,0.2355,3.8613,0.9140,0.7177
31,3,224,229,6,5,5,0.2067,226.581,774.381,884.635,20.7181,14.0000,1.3778,2.0268,5.1350,0.3288,0.4025,0.2687,0.9853,0.1112,2.9313,1.0833,0.2794
12,3,224,227,4,3,4,0.2500,225.202,777.468,347.250,13.1580,13.0000,1.2581,0.9066,4.7812,0.7555,0.1046,0.1399,0.8399,0.3611,2.7659,0.7421,0.4032
28,3,224,228,5,7,4,0.2000,225.744,779.361,1046.040,19.2139,16.0000,1.6173,1.2671,5.8846,0.5544,0.3050,0.1406,0.2659,0.1598,2.3911,0.7306,0.1913
16,4,224,226,3,4,3,0.4444,224.497,795.061,371.859,15.0079,18.0000,1.7669,1.1804,6.6382,0.4998,0.2212,0.2790,0.0093,0.7627,1.6671,0.1874,0.3742
11,3,224,227,4,3,3,0.3056,225.455,821.073,1029.154,13.6228,15.0000,1.3415,0.4863,5.5168,0.7155,0.0901,0.1944,0.8137,0.3831,2.5655,0.0176,0.4390
21,3,224,226,3,4,5,0.3500,225.232,826.589,636.478,16.6029,15.0000,1.5217,1.5218,5.5168,0.7360,0.1004,0.1636,0.0398,0.9254,2.5705,0.7366,0.2560
18,3,224,227,4,3,4,0.3750,225.476,829.892,592.568,16.0166,16.0000,1.5568,0.6882,5.8686,0.6725,0.1227,0.2048,0.6146,0.3204,2.3851,0.3728,0.2973
9,3,224,226,3,2,3,0.5000,225.247,844.472,676.292,10.9037,13.0000,1.3146,0.6522,4.7812,0.3130,0.2485,0.4385,0.5957,0.3870,2.2038,0.3733,0.4157
56,5,224,229,6,7,7,0.1905,225.904,850.957,789.824,27.5529,17.0000,1.6940,2.1031,6.2354,0.6208,0.0649,0.3143,0.1108,0.9930,2.5815,0.3778,0.2954
8,3,224,227,4,2,2,0.5000,225.232,851.110,530.488,10.6559,13.0000,1.2683,0.5511,4.7812,0.6702,0.1825,0.1473,0.9937,0.1048,2.9418,0.7336,0.4512
77,3,224,228,5,7,13,0.1692,225.647,855.699,778.585,31.8816,16.0000,1.6168,5.1707,5.8846,0.8799,0.0466,0.0735,0.0062,0.9876,2.2203,0.7426,0.2415
15,5,224,227,4,3,5,0.2500,225.211,859.184,400.072,14.4260,14.0000,1.3816,0.2889,5.1490,0.5956,0.2358,0.1686,0.5287,0.2431,2.2097,1.0973,0.4276
34,5,224,226,3,6,6,0.3148,224.687,866.179,736.684,21.1482,13.0000,1.3194,2.5651,4.7812,0.3993,0.4265,0.1742,0.0216,0.9964,2.3931,0.9130,0.2627
4,3,224,225,2,1,2,1.0000,224.500,893.000,949.479,8.8389,13.0000,1.0833,0.6925,4.7812,0.0000,0.7500,0.2500,0.0000,0.0000,2.9543,0.9205,0.7708
8,3,224,227,4,2,3,0.3333,225.759,900.783,328.482,10.7704,14.0000,1.3494,0.6111,5.1350,0.3437,0.3961,0.2602,0.6394,0.0760,2.3881,0.7225,0.4578
7,3,224,225,2,2,2,0.8750,224.573,911.613,694.507,10.4379,13.0000,1.2133,0.7670,4.7812,0.0000,0.3318,0.6682,0.8165,0.5774,2.9503,0.3688,0.4933
17,3,224,228,5,3,4,0.2833,225.704,950.041,709.231,15.0461,15.0000,1.5089,0.3775,5.5018,0.5237,0.2156,0.2608,0.9107,0.0275,2.5545,0.5481,0.2308
24,5,224,228,5,5,4,0.2400,225.723,963.072,882.196,17.6076,15.0000,1.5319,1.1926,5.5168,0.3498,0.5023,0.1479,0.6004,0.0460,2.2248,0.3828,0.2723
31,3,224,227,4,7,7,0.1582,225.532,967.834,483.777,19.8542,13.0000,1.3389,2.3115,4.7552,0.3653,0.4648,0.1699,0.4721,0.8815,2.2097,0.3698,0.2458
36,9,224,229,6,7,4,0.2143,226.306,975.339,922.355,23.5767,15.0000,1.3990,1.7640,5.4717,0.4854,0.3824,0.1322,0.7922,0.2916,3.1116,0.7296,0.4430
21,3,224,228,5,5,4,0.2100,226.634,988.380,773.029,16.3795,13.0000,1.3317,0.8870,4.7682,0.6615,0.0924,0.2460,0.6130,0.4445,2.5705,0.7346,0.2439
9,3,224,226,3,3,2,0.5000,225.041,988.071,875.184,12.0131,16.0000,1.4694,0.9474,5.8846,0.3746,0.4401,0.1852,0.4424,0.0941,2.2167,0.5632,0.4286
8,3,224,227,4,2,2,0.5000,225.086,993.605,812.901,10.5301,12.0000,1.1852,1.1602,4.4255,0.7254,0.1462,0.1284,0.9899,0.1415,2.5825,0.3648,0.4444
8,4,224,226,3,4,1,0.6667,225.414,993.879,728.000,12.8587,19.0000,1.5354,0.4315,6.9880,0.5147,0.4074,0.0779,0.2973,0.0000,3.1262,0.3678,0.6162
27,3,224,228,5,5,5,0.2160,225.865,999.485,888.585,18.3596,15.0000,1.5577,1.6012,5.5018,0.4664,0.3297,0.2039,0.5611,0.7744,1.8389,-0.0040,0.2038
16,4,224,226,3,3,5,0.3556,224.599,1012.231,681.154,16.7526,17.0000,1.4945,1.0620,6.2694,0.6391,0.1484,0.2125,0.1843,0.3418,2.7634,0.7306,0.4176
39,4,224,229,6,4,8,0.2031,226.021,1013.717,731.467,22.3758,15.0000,1.5354,2.5192,5.4717,0.7438,0.1552,0.1010,0.1291,0.2159,2.2173,0.3768,0.1995
68,7,224,227,4,7,13,0.1868,225.083,1019.444,843.299,31.0351,16.0000,1.5632,1.2538,5.9006,0.9116,0.0295,0.0589,0.0091,0.9944,2.9323,0.7406,0.2845
72,5,224,228,5,6,15,0.1600,225.185,1023.177,831.901,29.8058,16.0000,1.6744,3.9912,5.8846,0.8914,0.0465,0.0621,0.0977,0.8899,2.5755,0.9119,0.2049
18,4,224,227,4,4,5,0.2250,225.778,1028.722,584.672,15.5708,15.0000,1.5000,1.5637,5.5168,0.7545,0.0478,0.1977,0.0894,0.5576,2.5635,1.0908,0.3111
28,3,224,228,5,4,8,0.1750,226.290,1031.065,755.613,19.3238,14.0000,1.4050,2.6298,5.1350,0.7784,0.1242,0.0974,0.1225,0.1227,1.8595,0.3748,0.2796
14,4,224,226,3,6,4,0.1944,225.030,1037.992,468.429,13.0722,13.0000,1.3684,1.0815,4.7812,0.7519,0.1627,0.0854,0.0477,0.9488,2.5745,1.1014,0.3759
5,4,224,226,3,2,1,0.8333,225.220,1094.390,566.000,9.6985,13.0000,1.1017,0.9900,4.7682,0.5854,0.2927,0.1220,0.9487,0.0000,3.6799,1.0994,0.8305
45,3,224,228,5,5,7,0.2571,225.403,1106.383,890.316,25.1377,15.0000,1.4706,3.1467,5.4867,0.5749,0.2260,0.1991,0.3408,0.8010,2.9443,0.7336,0.2266
84,9,224,227,4,9,13,0.1795,224.976,1110.691,880.397,33.5499,15.0000,1.5072,3.7690,5.5318,0.9128,0.0320,0.0552,0.0288,0.9667,2.5865,0.7316,0.2955
9,3,224,227,4,3,2,0.3750,225.720,1117.410,546.910,12.2355,17.0000,1.5300,0.5046,6.2354,0.6991,0.1709,0.1299,0.9038,0.0458,2.5906,0.1904,0.5400
34,6,224,227,4,5,5,0.3400,224.814,1120.662,852.937,21.0777,13.0000,1.3234,2.0554,4.7812,0.1744,0.4366,0.3891,0.1341,0.9826,2.7559,1.0909,0.3293
11,5,224,226,3,2,4,0.4583,224.900,1122.700,848.500,13.3107,17.0000,1.5583,0.5916,6.2524,0.6001,0.1741,0.2258,0.4294,0.2432,2.5890,1.0969,0.5500
10,3,224,225,2,4,2,0.6250,224.265,1137.588,683.480,11.8868,13.0000,1.2745,0.7139,4.7942,0.6906,0.1302,0.1792,0.1552,0.7737,2.3951,0.1809,0.3725
6,3,224,225,2,4,1,0.7500,224.344,1191.484,476.000,9.6267,12.0000,1.1250,0.5940,4.4255,0.6944,0.2222,0.0833,0.0000,0.0000,3.3021,0.3668,0.5625
14,5,225,228,4,2,3,0.5833,226.832,338.713,730.238,13.9860,15.0000,1.4685,0.4085,5.4867,0.4919,0.2099,0.2982,0.8033,0.1822,2.7504,0.3728,0.4406
11,3,225,227,3,3,3,0.4074,226.112,453.159,403.776,11.8295,13.0000,1.3364,0.2969,4.7682,0.4239,0.3162,0.2600,0.6577,0.4806,2.2067,0.7356,0.3458
7,3,225,227,3,3,2,0.3889,225.662,550.026,371.416,10.6845,14.0000,1.2727,0.7824,5.1490,0.4888,0.1571,0.3542,0.8671,0.4863,2.9483,1.1034,0.5065
26,4,225,229,5,4,7,0.1857,226.815,561.554,648.485,18.6607,14.0000,1.4000,1.7820,5.1350,0.8121,0.0894,0.0986,0.5473,0.4586,2.5765,0.3798,0.3077
21,4,225,229,5,3,4,0.3500,226.261,628.377,863.483,16.5563,16.0000,1.6232,0.6908,5.8686,0.7420,0.0485,0.2095,0.7902,0.0409,2.5675,0.7296,0.2705
9,3,225,227,3,3,4,0.2500,226.216,637.239,867.045,10.7527,13.0000,1.3295,1.0939,4.7682,0.8371,0.0436,0.1193,0.3687,0.3064,2.1932,0.7296,0.4205
25,3,225,228,4,5,6,0.2083,226.189,719.887,1151.076,17.4499,13.0000,1.3655,1.2947,4.7682,0.7483,0.1519,0.0998,0.0864,0.4948,2.2007,0.7366,0.2059
25,3,225,228,4,6,4,0.2604,225.918,742.905,869.115,17.8298,14.0000,1.4403,2.9088,5.1350,0.6291,0.1872,0.1837,0.0858,0.7931,2.2127,0.3738,0.2181
17,3,225,227,3,6,5,0.1889,225.933,798.748,844.902,14.5029,13.0000,1.3558,1.9196,4.7682,0.3998,0.4825,0.1177,0.1864,0.9195,2.5675,0.7396,0.3006
7,3,225,228,4,2,2,0.4375,226.338,814.300,1055.625,11.0803,15.0000,1.3125,0.8629,5.5018,0.6101,0.2508,0.1391,0.9354,0.2522,2.5494,0.3628,0.5125
22,3,225,226,2,6,7,0.2619,225.367,835.298,652.837,16.8418,13.0000,1.3302,1.9323,4.7812,0.8859,0.0561,0.0580,0.0509,0.9364,2.9393,0.7386,0.1767
24,3,225,229,5,5,5,0.1920,226.891,835.697,818.571,17.7756,12.0000,1.2101,2.8976,4.4014,0.5054,0.1512,0.3435,0.5822,0.3526,2.2158,0.3728,0.2521
26,3,225,228,4,6,4,0.2708,226.628,846.360,349.854,18.1676,13.0000,1.3360,2.1265,4.7812,0.7751,0.0957,0.1292,0.2781,0.3089,2.5765,0.3728,0.2451
51,5,225,228,4,8,10,0.1594,226.018,847.934,709.715,25.7302,15.0000,1.5269,1.2834,5.5018,0.7361,0.1864,0.0775,0.0940,0.9614,2.5785,1.0933,0.2535
17,4,225,226,2,3,6,0.4722,225.558,849.110,696.645,15.3194,13.0000,1.2849,1.8065,4.7682,0.8428,0.0683,0.0889,0.0065,0.8712,3.6639,1.1019,0.2849
6,3,225,226,2,2,3,0.5000,225.634,850.113,706.254,10.6422,15.0000,1.2676,0.6919,5.5168,0.5034,0.2551,0.2415,0.1128,0.4328,3.1202,0.7351,0.5775
21,4,225,228,4,4,7,0.1875,226.162,855.386,827.719,16.8008,15.0000,1.5000,1.7692,5.5018,0.7718,0.1160,0.1122,0.2590,0.2332,2.5545,0.3663,0.2476
8,3,225,227,3,2,3,0.4444,226.163,856.105,1127.953,11.1474,17.0000,1.5814,0.1990,6.2354,0.5543,0.2671,0.1786,0.7832,0.2710,2.3826,0.7276,0.4884
17,3,225,228,4,4,3,0.3542,226.374,884.959,1003.673,15.1963,15.0000,1.4912,1.0803,5.5018,0.3043,0.5001,0.1956,0.0407,0.0404,2.2067,0.3658,0.3216
12,3,225,227,3,5,2,0.4000,226.167,890.605,923.702,12.0650,13.0000,1.3684,0.5221,4.7682,0.6595,0.2506,0.0899,0.3401,0.1799,2.0379,0.3623,0.3246
11,3,225,227,3,3,3,0.4074,225.822,922.495,415.206,11.8389,13.0000,1.3364,0.9818,4.7812,0.5530,0.2029,0.2442,0.6960,0.5154,2.5735,0.3668,0.3551
4,3,225,226,2,2,1,1.0000,225.528,933.585,709.000,9.7324,16.0000,1.2075,0.6719,5.8846,0.0000,0.7500,0.2500,1.0000,0.0000,4.0286,0.5517,0.8302
10,3,225,227,3,3,3,0.3704,226.235,987.745,751.337,11.3595,14.0000,1.4286,0.7484,5.1350,0.5563,0.1579,0.2858,0.5100,0.7435,1.8415,0.3588,0.3980
27,3,225,228,4,7,5,0.1929,226.260,989.962,1046.416,18.4809,16.0000,1.6489,2.1767,5.8525,0.8068,0.0519,0.1413,0.3199,0.5749,1.8460,0.3557,0.2595
6,3,225,226,2,2,2,0.7500,225.590,994.656,896.328,9.1443,12.0000,1.1803,0.8399,4.4014,0.2000,0.3333,0.4667,0.0000,0.0000,2.3806,0.7276,0.5902
8,3,225,228,4,2,2,0.5000,225.917,1021.619,639.369,10.8954,12.0000,1.1429,1.1661,4.4135,0.7133,0.1221,0.1647,0.9404,0.1472,2.9258,0.7401,0.4286
12,3,225,227,3,3,4,0.3333,225.700,1021.908,648.750,12.7162,13.0000,1.3000,0.8130,4.7682,0.7099,0.1389,0.1512,0.2350,0.4237,2.3866,0.5572,0.3083
14,5,225,227,3,3,2,0.7778,225.630,1030.916,1005.468,15.1115,16.0000,1.4545,0.6023,5.8686,0.4747,0.1488,0.3765,0.5071,0.0000,2.7589,0.7316,0.4416
9,5,225,227,3,3,2,0.5000,226.214,1031.660,592.184,12.5856,14.0000,1.2233,0.7180,5.1350,0.3237,0.4225,0.2539,0.9257,0.3182,3.6518,0.7346,0.6117
14,3,225,228,4,4,2,0.4375,226.728,1033.301,710.331,13.3052,13.0000,1.3382,0.8546,4.7682,0.3762,0.4001,0.2238,0.5755,0.3041,2.7504,1.1014,0.2721
18,4,225,229,5,5,4,0.1800,227.661,1102.859,744.893,15.2324,15.0000,1.5254,1.1954,5.4717,0.6718,0.1110,0.2172,0.4824,0.5604,2.5529,0.7296,0.3051
18,3,225,226,2,4,5,0.4500,225.620,1106.726,590.827,15.4910,14.0000,1.4078,0.4992,5.1350,0.7923,0.1001,0.1076,0.0281,0.9136,2.9363,0.7306,0.2179
14,3,225,227,3,6,3,0.2593,225.838,1108.610,599.287,13.3376,15.0000,1.5441,1.0758,5.5168,0.8026,0.0651,0.1324,0.1775,0.6529,2.5665,0.3648,0.2941
22,4,225,228,4,5,6,0.1833,226.311,1122.869,683.135,17.3454,13.0000,1.2883,1.4632,4.7682,0.5891,0.2373,0.1736,0.2472,0.9615,2.9363,0.7286,0.3288
14,3,225,228,4,4,3,0.2917,226.472,1220.408,492.169,13.9019,13.0000,1.2817,0.6465,4.7682,0.1103,0.6491,0.2406,0.1020,0.2654,3.2860,1.0943,0.3521
17,3,226,228,3,4,4,0.3542,226.924,342.754,967.450,15.1734,14.0000,1.3918,1.3636,5.1209,0.5789,0.2030,0.2181,0.2012,0.2745,2.1977,0.7396,0.3743
12,3,226,228,3,3,3,0.4444,226.695,438.805,1011.602,12.4703,13.0000,1.3220,1.0504,4.7552,0.2289,0.1720,0.5991,0.0454,0.3842,2.3771,0.7286,0.3220
12,4,226,229,4,2,4,0.3750,227.778,450.718,1072.427,12.3279,13.0000,1.3333,0.6759,4.7421,0.7280,0.1736,0.0984,0.7918,0.1428,2.2022,0.7306,0.4188
15,3,226,230,5,3,4,0.2500,228.061,493.850,1058.571,13.8429,13.0000,1.3265,0.5939,4.7421,0.6601,0.1467,0.1931,0.5177,0.0788,2.9082,0.7336,0.2585
47,3,226,231,6,6,7,0.1865,228.059,571.206,681.254,23.4610,15.0000,1.5986,1.0908,5.4717,0.6741,0.0645,0.2614,0.2827,0.4715,2.5489,1.0873,0.1156
22,4,226,230,5,4,5,0.2200,227.276,573.811,823.083,16.9099,13.0000,1.3180,1.1335,4.7552,0.7405,0.1167,0.1429,0.4415,0.5338,2.2098,0.7195,0.2857
8,3,226,228,3,2,2,0.6667,226.725,575.648,1074.484,11.7773,15.0000,1.3187,0.6826,5.4867,0.4716,0.1249,0.4035,0.8929,0.1898,3.2915,0.7275,0.6044
9,3,226,227,2,3,3,0.5000,226.387,590.753,785.183,11.3583,13.0000,1.2581,1.5406,4.7682,0.6644,0.1287,0.2068,0.1348,0.1878,4.0346,0.7366,0.3978
8,3,226,228,3,2,2,0.6667,226.976,759.762,234.321,10.8639,14.0000,1.3333,0.4007,5.1209,0.4961,0.2369,0.2670,0.9586,0.0986,3.4804,0.3688,0.4762
9,3,226,229,4,2,2,0.5625,227.674,774.717,574.543,11.1965,13.0000,1.2717,0.6940,4.7421,0.7201,0.0582,0.2217,0.9379,0.3089,2.1947,0.7250,0.4022
13,3,226,229,4,4,5,0.1625,227.124,813.907,836.922,13.0825,14.0000,1.4109,1.1305,5.1350,0.2759,0.5357,0.1884,0.7050,0.5348,2.5605,0.7346,0.3101
20,3,226,230,5,4,4,0.2500,228.150,826.590,797.560,16.3066,14.0000,1.4000,0.7511,5.1069,0.1874,0.6225,0.1901,0.1187,0.2010,2.0148,0.7306,0.3200
26,4,226,229,4,4,5,0.3250,227.388,830.568,626.164,17.9148,13.0000,1.3520,0.6034,4.7552,0.4960,0.2970,0.2070,0.1819,0.2322,2.5494,0.3648,0.2480
10,3,226,228,3,3,2,0.5556,226.873,844.833,715.510,11.8025,14.0000,1.3725,0.5332,5.1209,0.3155,0.2552,0.4293,0.8221,0.0089,1.8379,0.3658,0.3922
8,4,226,228,3,3,2,0.4444,226.839,905.000,356.621,11.2561,12.0000,1.1034,0.9208,4.4014,0.4643,0.2762,0.2595,0.5369,0.5318,3.1177,0.3658,0.5517
14,3,226,228,3,5,4,0.2333,226.890,986.925,447.678,14.2771,17.0000,1.6301,0.3483,6.2183,0.6539,0.1840,0.1622,0.1523,0.3860,2.9132,0.3703,0.3767
66,3,226,232,7,11,5,0.1714,228.778,1025.459,503.054,29.2576,14.0000,1.4150,1.6125,5.0788,0.6188,0.2692,0.1120,0.1137,0.7539,2.5394,0.7215,0.1914
17,3,226,230,5,3,4,0.2833,227.543,1026.971,1010.318,15.3248,14.0000,1.3757,0.6302,5.1209,0.8470,0.0393,0.1137,0.8415,0.1842,2.5655,0.3768,0.3757
16,3,226,230,5,3,3,0.3556,227.852,1047.884,866.245,14.1409,13.0000,1.3419,1.1439,4.7552,0.6474,0.1142,0.2384,0.9192,0.3681,2.9298,1.1004,0.2387
60,4,226,229,4,8,12,0.1562,227.439,1068.831,822.816,28.4878,16.0000,1.5894,5.2683,5.8525,0.8324,0.1174,0.0502,0.0393,0.9976,2.9182,0.7296,0.2434
92,9,226,229,4,7,19,0.1729,227.332,1077.520,787.156,34.6716,16.0000,1.6176,8.2959,5.8525,0.9615,0.0188,0.0198,0.0102,0.9746,2.9273,0.9175,0.2835
9,4,226,227,2,4,3,0.3750,226.408,1080.893,663.000,12.5789,15.0000,1.3107,0.9819,5.5018,0.6070,0.2177,0.1753,0.0448,0.6458,3.6598,1.0984,0.5631
10,3,226,228,3,4,2,0.4167,226.794,1080.814,733.480,11.8050,13.0000,1.2745,0.5549,4.7552,0.7041,0.1442,0.1517,0.5565,0.1258,2.9232,0.7276,0.3627
23,3,226,228,3,6,4,0.3194,226.865,1082.515,677.110,18.0829,14.0000,1.3586,1.5247,5.1209,0.7446,0.1479,0.1075,0.1579,0.8450,3.6458,0.9190,0.3165
14,4,226,228,3,4,3,0.3889,226.738,1084.624,729.660,13.7940,13.0000,1.2908,0.8032,4.7552,0.7080,0.0518,0.2401,0.1801,0.7883,3.1127,1.2807,0.4397
19,4,226,228,3,5,5,0.2533,226.851,1084.686,736.973,15.7827,14.0000,1.4149,1.0335,5.1209,0.4809,0.3777,0.1414,0.1231,0.9924,4.0115,1.1064,0.3351
15,5,226,228,3,4,5,0.2500,226.874,1103.698,676.629,15.0218,16.0000,1.5094,0.7089,5.8525,0.6655,0.0818,0.2527,0.1152,0.6317,2.9373,1.0973,0.4465
10,3,226,228,3,3,3,0.3704,227.076,1105.152,696.333,12.1428,15.0000,1.4286,0.6881,5.4867,0.5180,0.1862,0.2957,0.0871,0.6065,3.2845,1.0999,0.4000
23,4,226,230,5,6,4,0.1917,227.817,1114.357,805.800,17.8834,18.0000,1.7617,0.9139,6.5841,0.7048,0.0134,0.2818,0.4786,0.0937,2.9252,1.0953,0.3064
8,3,226,227,2,3,3,0.4444,226.429,1123.945,702.396,11.7869,15.0000,1.3187,1.1731,5.4867,0.5292,0.1869,0.2838,0.1484,0.7419,3.4845,0.3668,0.5714
4,3,226,227,2,2,2,0.5000,226.711,1164.733,448.822,8.2366,13.0000,1.1556,0.7800,4.7682,0.0000,0.5625,0.4375,0.4459,0.5774,4.7532,1.1014,0.8222
13,3,227,231,5,3,4,0.2167,229.109,326.992,914.781,12.9104,13.0000,1.3203,1.3569,4.7421,0.5402,0.3000,0.1598,0.8708,0.0000,2.5444,0.7275,0.2969
20,3,227,230,4,4,4,0.3125,227.672,569.985,687.622,16.4097,13.0000,1.2935,1.2744,4.7552,0.2058,0.2623,0.5319,0.3622,0.7380,2.5474,0.3673,0.2438
28,3,227,230,4,6,6,0.1944,228.159,572.397,779.476,19.9828,15.0000,1.4483,1.4076,5.4867,0.7682,0.0906,0.1412,0.0974,0.1750,3.2589,0.7195,0.3069
12,3,227,230,4,3,3,0.3333,228.819,624.388,571.750,12.1875,12.0000,1.2414,0.9401,4.3773,0.5055,0.2267,0.2678,0.8964,0.4183,2.3786,0.7235,0.3103
8,3,227,229,3,3,2,0.4444,228.316,717.266,1134.203,10.1796,12.0000,1.2152,0.4602,4.3773,0.5452,0.2911,0.1637,0.4850,0.3869,2.7393,1.0928,0.4557
14,4,227,231,5,4,3,0.2333,229.116,779.102,810.939,14.2872,13.0000,1.2381,0.1659,4.7290,0.3606,0.3219,0.3175,0.8965,0.1292,2.5434,0.5527,0.3469
33,3,227,231,5,5,7,0.1886,228.623,816.525,767.623,20.5386,15.0000,1.5278,1.5996,5.4717,0.7201,0.0662,0.2137,0.2857,0.9366,2.1902,0.3658,0.2068
111,5,227,231,5,7,16,0.1982,228.766,820.469,755.978,36.8996,14.0000,1.4551,6.0456,5.1069,0.9067,0.0471,0.0462,0.0147,0.8324,2.5534,1.0768,0.2238
46,8,227,230,4,5,9,0.2556,228.060,824.116,745.091,24.1986,16.0000,1.6356,1.2696,5.8364,0.7654,0.0882,0.1464,0.2248,0.9601,2.5554,0.7270,0.2578
12,3,227,230,4,3,2,0.5000,228.726,824.085,737.487,12.2957,13.0000,1.3333,0.5874,4.7290,0.3713,0.2267,0.4020,0.9776,0.1245,2.1886,0.3728,0.3162
37,8,227,230,4,6,9,0.1713,228.199,826.403,732.677,21.6969,16.0000,1.6354,1.4651,5.8364,0.7775,0.0753,0.1471,0.1508,0.9857,2.9152,0.7396,0.2818
16,3,227,230,4,3,3,0.4444,227.975,829.437,704.741,14.4097,13.0000,1.3165,1.3475,4.7552,0.4691,0.1086,0.4223,0.8277,0.0697,2.5580,0.7316,0.2468
25,3,227,231,5,5,5,0.2000,228.336,849.209,670.873,17.7847,15.0000,1.5369,0.9585,5.4717,0.4291,0.1432,0.4277,0.5907,0.8064,2.1977,0.3768,0.2213
6,3,227,228,2,3,2,0.5000,227.625,892.156,742.844,9.5407,12.0000,1.1250,0.6629,4.3894,0.5230,0.1584,0.3185,0.3667,0.5079,2.9212,0.3623,0.5625
7,3,227,229,3,3,2,0.3889,227.986,914.556,728.597,9.9272,12.0000,1.1667,0.6863,4.3773,0.4756,0.1856,0.3387,0.0000,0.0000,2.5695,0.7275,0.5000
30,4,227,231,5,6,4,0.2500,229.065,938.955,1017.736,19.3899,16.0000,1.6438,0.9933,5.8204,0.6044,0.1646,0.2309,0.3114,0.2204,2.1916,0.3577,0.2637
10,3,227,230,4,2,3,0.4167,228.309,938.155,992.000,12.6780,16.0000,1.4545,0.3456,5.8364,0.6640,0.1640,0.1720,0.7961,0.1608,2.7308,0.5472,0.3909
43,6,227,230,4,7,6,0.2560,228.524,942.582,1009.139,23.9411,14.0000,1.3968,3.2258,5.1069,0.6621,0.0612,0.2766,0.1006,0.9556,2.5645,0.7235,0.3039
8,4,227,229,3,4,2,0.3333,227.742,944.462,984.086,12.0026,16.0000,1.3763,0.6025,5.8364,0.5262,0.3315,0.1424,0.1997,0.2820,3.2855,0.0080,0.5914
14,4,227,231,5,4,4,0.1750,228.772,950.538,981.159,14.1061,15.0000,1.4483,0.9139,5.4717,0.7629,0.1059,0.1312,0.7120,0.7020,2.7333,0.7296,0.4414
42,5,227,231,5,8,6,0.1750,228.654,976.331,981.099,22.7549,15.0000,1.5556,1.3209,5.4717,0.5463,0.3431,0.1105,0.2551,0.8283,2.1856,0.3708,0.2000
8,4,227,229,3,2,3,0.4444,227.616,1003.444,467.939,12.7813,18.0000,1.4545,0.5904,6.5660,0.0000,0.6964,0.3036,0.0000,0.1961,2.9293,0.9114,0.6263
52,3,227,232,6,7,7,0.1769,228.392,1010.406,481.978,25.4171,16.0000,1.6541,2.0990,5.8364,0.5982,0.1294,0.2725,0.1305,0.8872,2.1977,0.3788,0.2406
6,3,227,229,3,3,2,0.3333,227.857,1034.063,706.127,9.3856,12.0000,1.1429,0.8688,4.3894,0.5384,0.1347,0.3269,0.8322,0.1385,3.4558,0.7326,0.5714
12,6,227,230,4,3,3,0.3333,228.832,1038.036,524.832,14.3934,17.0000,1.4891,0.2402,6.1841,0.4366,0.2680,0.2954,0.8985,0.3237,2.7378,0.3688,0.5985
4,3,227,228,2,2,2,0.5000,227.739,1038.826,521.543,8.3959,13.0000,1.1304,0.6274,4.7421,0.5916,0.1015,0.3069,0.5000,0.5000,2.7569,0.7195,0.8261
19,3,227,231,5,6,4,0.1583,228.862,1041.633,522.457,15.6956,16.0000,1.6170,0.6026,5.8204,0.8596,0.0448,0.0956,0.6399,0.6511,2.1826,0.3738,0.2926
24,6,227,230,4,5,4,0.3000,228.526,1056.542,510.353,18.5137,15.0000,1.4458,0.7477,5.4566,0.6600,0.1393,0.2007,0.5478,0.2410,2.5645,0.3668,0.3133
9,4,227,229,3,3,2,0.5000,228.200,1056.240,550.820,12.1525,16.0000,1.4400,0.3606,5.8364,0.5027,0.1913,0.3060,0.8742,0.0793,1.8465,-0.1749,0.5400
71,7,227,230,4,9,11,0.1793,227.970,1061.431,845.722,30.5227,14.0000,1.4099,1.1585,5.1209,0.7463,0.1725,0.0812,0.1161,0.9399,2.9082,0.3818,0.2539
6,3,227,229,3,2,2,0.5000,228.177,1062.339,838.742,9.2285,13.0000,1.2581,0.4613,4.7421,0.6381,0.1455,0.2164,0.8019,0.3768,2.3776,0.3728,0.5968
44,17,227,231,5,5,7,0.2514,229.068,1071.649,873.790,27.4702,20.0000,1.7565,1.2716,7.2554,0.6463,0.1841,0.1696,0.1356,0.1549,2.9182,0.7250,0.4830
7,3,227,229,3,3,2,0.3889,227.733,1075.267,775.267,10.3481,14.0000,1.3067,0.8246,5.1209,0.5083,0.2829,0.2088,0.6157,0.1276,2.9263,0.7326,0.5200
26,3,227,231,5,7,3,0.2476,228.748,1079.271,511.775,18.4190,15.0000,1.5116,1.4921,5.4717,0.6250,0.3155,0.0595,0.0366,0.2020,2.9042,0.7195,0.2558
25,3,227,231,5,5,4,0.2500,228.664,1079.527,852.768,17.5501,13.0000,1.3485,2.6230,4.7421,0.1653,0.2977,0.5371,0.6517,0.2455,2.5399,0.7310,0.2656
43,3,227,230,4,9,5,0.2389,228.624,1078.005,608.172,24.2122,15.0000,1.4794,4.0259,5.4566,0.7144,0.2013,0.0843,0.1594,0.9807,2.9082,1.0843,0.3326
51,4,227,231,5,6,9,0.1889,228.847,1081.845,846.132,24.3079,15.0000,1.6038,2.5685,5.4717,0.8351,0.0148,0.1502,0.0600,0.0467,2.5634,1.4431,0.1132
8,3,227,229,3,4,1,0.6667,227.774,1085.560,824.000,10.8401,14.0000,1.3333,0.4952,5.1069,0.7471,0.1965,0.0563,0.3641,0.0000,3.1096,0.7265,0.4524
17,7,227,230,4,6,2,0.3542,228.725,1084.751,624.321,17.0409,19.0000,1.6736,0.4904,6.9117,0.5459,0.2759,0.1782,0.1340,0.0018,2.5534,-0.3497,0.5440
34,4,227,232,6,7,4,0.2024,229.104,1087.599,643.245,20.3946,15.0000,1.5596,1.8001,5.4717,0.4306,0.3669,0.2025,0.0314,0.2850,2.1947,0.3678,0.2018
21,3,227,231,5,4,4,0.2625,228.635,1090.293,879.038,16.5281,15.0000,1.5144,1.4073,5.4717,0.3848,0.4322,0.1829,0.8862,0.3899,2.5394,0.3708,0.1923
37,3,227,230,4,5,8,0.2313,228.185,1093.029,810.995,22.9564,17.0000,1.6423,0.1877,6.2012,0.8373,0.0538,0.1089,0.0292,0.6344,2.9283,1.0983,0.3029
13,6,227,230,4,4,3,0.2708,228.468,1092.106,874.858,14.2467,14.0000,1.2908,0.5005,5.1069,0.4105,0.2183,0.3712,0.6172,0.6643,2.9042,0.3658,0.5390
17,4,227,229,3,5,2,0.5667,228.162,1095.359,796.533,14.7682,14.0000,1.4251,1.4464,5.1069,0.7288,0.1051,0.1661,0.2641,0.2534,2.5575,0.3658,0.3114
10,3,227,228,2,4,3,0.4167,227.681,1097.504,788.018,13.0463,14.0000,1.2389,1.6436,5.1209,0.7928,0.0854,0.1218,0.0579,0.6936,3.4674,0.7306,0.5841
32,4,227,232,6,6,4,0.2222,229.542,1094.485,717.247,21.3179,15.0000,1.4458,1.7268,5.4416,0.5443,0.2132,0.2425,0.3927,0.6343,2.8911,0.7255,0.3253
20,3,227,231,5,3,4,0.3333,228.337,1100.016,850.819,15.7278,14.0000,1.4508,1.2285,5.1069,0.1880,0.5774,0.2346,0.8395,0.0755,2.5600,1.0818,0.1969
9,3,227,228,2,3,4,0.3750,227.278,1105.578,711.278,10.9651,14.0000,1.4000,0.9657,5.1209,0.6585,0.1634,0.1781,0.1180,0.8529,2.5554,0.7336,0.4444
5,3,227,229,3,2,1,0.8333,228.273,1195.618,395.000,8.9656,13.0000,1.1818,0.4692,4.7421,0.5854,0.2927,0.1220,0.9487,0.0000,4.3653,0.7260,0.6727
8,3,228,231,4,2,3,0.3333,229.534,557.795,752.648,11.3013,17.0000,1.5455,0.6717,6.1841,0.8109,0.0640,0.1252,0.8254,0.2926,2.5469,0.7205,0.5227
11,4,228,231,4,3,3,0.3056,229.634,570.554,787.036,12.2629,16.0000,1.5714,0.7762,5.8204,0.6699,0.1497,0.1804,0.6857,0.1203,1.8329,0.3573,0.4911
13,3,228,232,5,3,3,0.2889,229.770,577.873,797.817,12.6855,13.0000,1.3413,0.3200,4.7160,0.7280,0.0361,0.2358,0.7720,0.4762,2.5294,0.7175,0.2937
15,3,228,232,5,5,3,0.2000,229.932,583.885,805.770,13.8653,14.0000,1.4189,0.9672,5.0928,0.2986,0.5417,0.1597,0.5673,0.3572,2.5384,0.3703,0.2703
64,7,228,235,8,7,6,0.1905,230.982,804.083,791.356,28.2199,16.0000,1.6410,1.9088,5.8043,0.2075,0.5990,0.1935,0.8176,0.0747,2.1676,0.7186,0.2436
4,3,228,229,2,2,1,1.0000,228.449,842.531,306.000,8.9260,14.0000,1.1429,0.6495,5.1069,0.0000,0.7500,0.2500,1.0000,0.0000,3.8241,0.9099,0.7959
4,3,228,229,2,2,1,1.0000,228.417,932.542,446.000,8.7446,14.0000,1.1667,0.6834,5.1069,0.0000,0.7500,0.2500,1.0000,0.0000,4.0025,0.0080,0.8333
18,3,228,232,5,4,5,0.1800,230.222,944.189,382.757,15.8089,16.0000,1.5568,0.3796,5.8043,0.6582,0.2591,0.0827,0.0567,0.1433,2.7288,1.0783,0.2811
11,3,228,231,4,3,3,0.3056,229.018,967.298,1015.526,12.5031,14.0000,1.3509,0.8774,5.0928,0.6187,0.1533,0.2281,0.8007,0.4806,2.9072,0.3688,0.3509
12,3,228,230,3,3,3,0.4444,228.897,1020.078,961.138,12.1849,14.0000,1.4483,0.1891,5.0928,0.3799,0.2635,0.3566,0.6361,0.1990,1.2918,0.0000,0.3362
12,3,228,231,4,4,3,0.2500,229.632,1026.888,950.912,13.1037,18.0000,1.7280,0.3946,6.5299,0.7765,0.1127,0.1108,0.7973,0.5634,2.5444,0.3563,0.3360
40,3,228,233,6,8,5,0.1667,230.668,1057.237,908.026,22.2144,14.0000,1.4433,1.2813,5.0648,0.6672,0.1598,0.1730,0.1759,0.1779,2.5144,0.3628,0.2242
59,5,228,231,4,8,11,0.1676,229.140,1067.559,881.828,28.0259,15.0000,1.4949,1.0086,5.4566,0.7253,0.1567,0.1180,0.1040,0.9861,2.9022,1.0813,0.3226
25,6,228,231,4,5,4,0.3125,229.698,1076.769,603.776,18.5167,14.0000,1.3725,1.0621,5.0928,0.5202,0.2203,0.2595,0.0618,0.5752,2.1706,0.0120,0.3529
11,3,228,230,3,4,2,0.4583,229.132,1079.526,563.746,12.4992,16.0000,1.5439,0.5535,5.8204,0.6451,0.2156,0.1393,0.1570,0.2767,2.5494,0.3638,0.3509
17,4,228,231,4,4,3,0.3542,228.799,1086.527,631.722,14.9188,14.0000,1.4083,0.9159,5.0928,0.4899,0.1692,0.3408,0.5754,0.5980,2.1886,0.3718,0.3136
17,3,228,230,3,6,4,0.2361,228.683,1090.750,579.695,14.4820,13.0000,1.3476,1.4650,4.7290,0.7394,0.0649,0.1957,0.1363,0.8337,1.8239,0.7115,0.3720
12,5,228,231,4,2,3,0.5000,229.711,1091.860,659.975,12.6816,14.0000,1.3884,1.2149,5.0928,0.1713,0.6296,0.1991,0.9989,0.0471,2.0057,0.3588,0.5124
18,4,228,231,4,5,3,0.3000,229.439,1093.661,673.944,15.4149,13.0000,1.3000,0.7955,4.7290,0.0936,0.7146,0.1918,0.4022,0.3374,2.5344,0.3638,0.2722
26,4,228,232,5,6,4,0.2167,229.827,1094.000,695.415,18.5066,18.0000,1.8000,1.0966,6.5299,0.5516,0.2492,0.1992,0.4658,0.3798,2.1872,0.7215,0.2577
15,3,228,231,4,3,3,0.4167,229.524,1100.537,610.823,13.7872,13.0000,1.3265,1.0575,4.7160,0.6736,0.1058,0.2206,0.7825,0.5124,2.1666,-0.0080,0.2517
26,4,228,232,5,5,6,0.1733,229.665,1113.583,690.134,18.0876,18.0000,1.8425,1.3793,6.5479,0.5111,0.2455,0.2434,0.3662,0.2482,2.1736,0.7125,0.2323
19,3,228,232,5,4,6,0.1583,229.337,1132.053,678.802,15.5917,16.0000,1.6257,0.3943,5.8204,0.6524,0.1376,0.2100,0.5526,0.2763,2.5464,0.0075,0.2353
8,3,229,231,3,3,2,0.4444,229.593,654.163,278.884,11.0427,15.0000,1.3953,0.6259,5.4566,0.3019,0.4872,0.2108,0.4422,0.1525,2.9062,0.9099,0.4884
10,4,229,232,4,3,3,0.2778,230.766,772.019,281.794,12.2489,15.0000,1.4019,1.4674,5.4116,0.6040,0.2099,0.1860,0.9080,0.1819,3.2629,1.0818,0.4860
6,3,229,231,3,2,2,0.5000,229.714,848.386,674.871,10.3752,15.0000,1.2857,0.6896,5.4416,0.5034,0.2551,0.2415,0.9677,0.2521,3.4488,1.0918,0.5714
8,3,229,231,3,4,2,0.3333,229.705,1010.341,604.216,11.2960,16.0000,1.4545,0.5001,5.8043,0.4783,0.3528,0.1689,0.4189,0.2723,3.4508,0.7291,0.4659
33,4,229,234,6,6,6,0.1528,231.551,1044.219,928.344,21.0022,13.0000,1.2844,2.2791,4.7160,0.6953,0.1515,0.1532,0.5604,0.3439,2.1786,0.3712,0.3323
20,4,229,232,4,6,3,0.2778,230.276,1070.378,589.296,15.8871,13.0000,1.3265,1.9006,4.7290,0.5812,0.2939,0.1249,0.1674,0.1694,1.8078,0.3638,0.3316
12,3,229,232,4,4,2,0.3750,230.475,1108.139,668.451,12.7594,15.0000,1.4754,0.7056,5.4265,0.4269,0.3304,0.2427,0.8583,0.0488,2.8842,0.7125,0.3361
16,4,229,233,5,4,3,0.2667,231.273,1110.333,665.612,14.9118,16.0000,1.5515,0.8891,5.7723,0.5250,0.3167,0.1583,0.9233,0.3672,2.5159,0.0159,0.3333
17,4,229,233,5,5,4,0.1700,230.372,1112.570,678.174,15.1179,17.0000,1.6802,1.0026,6.1671,0.4585,0.4523,0.0892,0.7702,0.6061,2.1916,0.7245,0.3198
17,3,229,232,4,6,3,0.2361,230.227,1131.718,739.497,14.3326,13.0000,1.3558,2.2451,4.6900,0.8422,0.0666,0.0912,0.5035,0.5316,2.1826,0.3638,0.3742
5,3,230,232,3,1,2,0.8333,230.774,546.000,851.623,8.5802,13.0000,1.2264,0.4401,4.7030,0.5854,0.2927,0.1220,0.9487,0.0000,3.9765,0.9044,0.6981
4,4,230,231,2,2,1,1.0000,230.500,773.500,397.000,8.6945,12.0000,1.0000,0.7071,4.3532,0.0000,0.7500,0.2500,1.0000,0.0000,4.7120,1.8139,1.0000
9,3,230,234,5,3,3,0.2000,231.725,833.978,1070.791,10.9518,14.0000,1.3846,0.7550,5.0648,0.7775,0.1166,0.1059,0.9315,0.2529,2.5170,1.0694,0.4176
11,3,230,233,4,4,2,0.3438,231.482,837.500,322.357,12.2005,15.0000,1.4732,0.7810,5.4265,0.6052,0.1458,0.2490,0.5980,0.1969,2.1871,0.0089,0.3571
9,3,230,233,4,2,2,0.5625,231.033,941.196,865.489,11.0933,13.0000,1.2717,1.1686,4.7160,0.7065,0.1285,0.1650,0.9584,0.0201,2.5454,0.7196,0.4022
22,4,230,235,6,4,4,0.2292,232.391,992.744,1024.107,16.5195,15.0000,1.5349,1.2892,5.3967,0.5321,0.0332,0.4346,0.8166,0.4164,2.1854,0.0000,0.3023
13,3,230,232,3,4,4,0.2708,231.116,1013.877,940.036,13.8421,16.0000,1.5072,0.1730,5.7883,0.4509,0.2691,0.2800,0.4820,0.7759,2.5394,0.3578,0.3188
8,3,230,231,2,2,3,0.6667,230.407,1033.679,949.111,10.3773,13.0000,1.2840,1.1155,4.7030,0.5524,0.0893,0.3583,0.3251,0.6280,2.8961,1.0873,0.4568
6,3,230,232,3,1,3,0.6667,230.766,1041.000,450.250,9.4584,13.0000,1.2187,0.3427,4.7030,0.4000,0.4800,0.1200,0.7071,0.0000,3.4443,0.7235,0.5781
7,4,230,233,4,2,2,0.4375,231.325,1064.688,521.403,10.5193,13.0000,1.1818,0.6039,4.7030,0.7764,0.0638,0.1598,0.8790,0.1860,3.6237,0.7250,0.6364
7,3,230,232,3,3,2,0.3889,230.753,1101.948,630.104,10.5359,16.0000,1.4545,0.2727,5.7883,0.3231,0.4135,0.2634,0.8452,0.2797,2.8832,0.7255,0.5455
13,3,231,234,4,3,3,0.3611,232.522,1012.074,830.625,13.5887,13.0000,1.2426,0.8177,4.6900,0.6065,0.1462,0.2473,0.7927,0.1339,2.8962,0.7176,0.2794
9,3,231,232,2,4,3,0.3750,231.379,1019.516,969.000,11.4441,15.0000,1.4211,0.7875,5.4116,0.7946,0.0312,0.1742,0.0615,0.3102,2.8862,0.3667,0.4316
8,3,231,233,3,3,2,0.4444,231.805,1035.256,914.780,10.4649,12.0000,1.1707,0.3897,4.3293,0.6765,0.1305,0.1930,0.8130,0.4152,2.8956,0.7230,0.4390
22,3,231,235,5,6,3,0.2444,232.687,1053.339,550.233,17.4271,17.0000,1.6476,0.5171,6.1162,0.6054,0.2364,0.1582,0.3047,0.1182,2.5066,0.7245,0.2687
16,4,231,234,4,7,3,0.1905,232.321,1063.459,936.050,14.3280,12.0000,1.2075,2.4805,4.3293,0.8440,0.1055,0.0505,0.2073,0.2936,1.9882,0.3508,0.3019
6,3,231,232,2,3,1,1.0000,231.463,1069.060,921.000,9.8827,13.0000,1.1642,0.4665,4.7030,0.5556,0.3333,0.1111,0.0000,0.0000,2.8912,0.1854,0.5672
5,3,231,233,3,2,2,0.4167,232.036,1108.161,653.607,9.0343,13.0000,1.1607,0.6291,4.6900,0.1521,0.5234,0.3245,1.0000,0.0000,2.8782,0.3667,0.6607
8,3,231,233,3,4,1,0.6667,232.043,1110.239,688.000,11.7334,15.0000,1.3043,1.0705,5.4265,0.7339,0.2045,0.0616,0.5786,0.0000,2.3455,-0.0040,0.4565
4,3,231,232,2,2,2,0.5000,231.733,1109.556,702.178,8.1234,13.0000,1.1556,0.5479,4.6900,0.5916,0.1015,0.3069,0.5000,0.5000,2.8862,0.0045,0.8222
11,4,231,234,4,3,3,0.3056,232.556,1128.222,647.921,13.6850,16.0000,1.3968,0.8993,5.7565,0.7634,0.0936,0.1429,0.7529,0.0817,2.8922,1.0773,0.4524
4,4,232,233,2,2,1,1.0000,232.490,1048.510,652.000,9.1873,14.0000,1.0980,0.6932,5.0508,0.0000,0.7500,0.2500,1.0000,0.0000,4.1409,0.3588,1.0000
5,3,232,234,3,3,1,0.5556,232.923,1131.231,691.000,8.3685,12.0000,1.1538,0.9515,4.3293,0.5532,0.3398,0.1070,0.5606,0.0000,3.6017,0.9029,0.6923
8,3,233,235,3,2,2,0.6667,234.045,895.551,707.787,11.2884,16.0000,1.4382,0.4996,5.7406,0.4286,0.1071,0.4643,1.0000,0.0000,3.2340,0.7146,0.4831
8,4,233,235,3,2,3,0.4444,233.899,904.506,362.000,11.2929,14.0000,1.2584,1.0259,5.0369,0.2143,0.4286,0.3571,1.0000,0.0000,3.5889,1.0724,0.6180
7,3,233,235,3,2,2,0.5833,233.917,1039.722,629.264,9.7662,13.0000,1.2639,0.3921,4.6643,0.6517,0.0773,0.2710,0.8881,0.0000,3.2370,0.7186,0.5139
9,3,233,235,3,3,3,0.3333,234.032,1111.882,898.011,11.1215,13.0000,1.2581,0.1231,4.6643,0.6638,0.1448,0.1913,0.7491,0.4368,2.8841,0.7136,0.3978
9,4,234,236,3,2,3,0.5000,234.776,499.520,891.306,11.6955,19.0000,1.7449,0.8729,6.7983,0.5588,0.2020,0.2392,0.4082,0.0918,3.2301,0.7156,0.5612
10,3,234,236,3,4,2,0.4167,235.051,1089.616,701.162,11.2001,14.0000,1.4141,0.6390,5.0093,0.2397,0.4740,0.2863,0.2953,0.2015,2.1395,0.1750,0.3939
11,3,234,236,3,3,2,0.6111,234.757,1106.036,783.153,11.9830,15.0000,1.4865,1.0059,5.3671,0.2362,0.5469,0.2170,0.8237,0.2311,2.4929,1.0695,0.3784
11,3,235,238,4,2,4,0.3438,236.330,910.678,1083.739,12.3616,14.0000,1.3391,1.5160,5.0093,0.7105,0.1109,0.1787,0.8810,0.0811,2.8454,0.7069,0.3652
7,4,235,236,2,3,2,0.5833,235.614,1096.909,811.864,11.8810,17.0000,1.3523,0.4197,6.0661,0.4600,0.2645,0.2756,0.0000,0.3827,3.5624,0.3647,0.6705
4,3,235,236,2,2,1,1.0000,235.490,1203.531,483.000,8.7545,13.0000,1.0612,0.6784,4.6515,0.0000,0.7500,0.2500,1.0000,0.0000,4.8221,0.3593,0.7755
3,3,236,237,2,2,1,0.7500,236.650,907.650,559.000,8.2260,14.0000,1.0500,0.7382,4.9956,0.5333,0.2667,0.2000,0.7071,0.0000,4.6252,0.7151,1.0000
8,3,237,239,3,3,2,0.4444,237.609,1153.126,711.241,10.9278,15.0000,1.3793,0.9870,5.3234,0.1440,0.6018,0.2543,0.6536,0.3529,3.3749,0.5328,0.5977
6,3,238,240,3,1,2,1.0000,239.066,446.000,835.459,8.8127,13.0000,1.2787,0.4637,4.6012,0.5556,0.3333,0.1111,1.0000,0.0000,3.1817,0.7021,0.6066
4,3,238,239,2,2,1,1.0000,238.533,1026.533,284.000,7.9736,12.0000,1.0667,0.7087,4.2587,0.0000,0.7500,0.2500,1.0000,0.0000,3.8952,0.0048,0.8000
4,3,239,240,2,2,2,0.5000,239.273,918.182,476.727,7.7810,12.0000,1.0909,0.7977,4.2473,0.0000,0.5625,0.4375,0.4459,0.5774,3.8905,1.2364,0.8182
10,3,240,243,4,2,3,0.4167,240.990,814.546,712.938,10.7994,13.0000,1.3402,0.4579,4.5767,0.5465,0.2753,0.1782,0.9904,0.0858,2.8122,0.7022,0.3814
9,3,240,242,3,3,3,0.3333,240.602,1132.247,688.892,10.9253,13.0000,1.2581,1.0079,4.5767,0.1360,0.3785,0.4855,0.5842,0.1258,2.4765,1.0552,0.4086
4,3,252,253,2,2,1,1.0000,252.540,802.520,935.000,8.5497,14.0000,1.1200,0.6943,4.7826,0.0000,0.7500,0.2500,1.0000,0.0000,4.1054,1.0305,0.8000
7,3,258,260,3,2,3,0.3889,259.148,801.333,218.346,10.3145,14.0000,1.2099,1.1356,4.7080,0.3215,0.3592,0.3193,0.4240,0.2953,4.3875,1.0096,0.4938
7,3,260,263,4,3,2,0.2917,262.197,1100.474,881.763,9.6154,13.0000,1.1974,0.6100,4.3533,0.7403,0.1772,0.0825,0.8580,0.0344,3.6981,1.0057,0.5132
4,3,262,263,2,1,2,1.0000,262.480,802.000,616.560,8.3633,15.0000,1.2000,0.6812,5.0126,0.0000,0.7500,0.2500,0.0000,0.0000,4.6864,1.8380,0.8200
3,3,267,268,2,2,1,0.7500,267.705,1038.682,779.000,8.4100,17.0000,1.1591,0.4342,5.6247,0.5333,0.2667,0.2000,0.7071,0.0000,4.9624,1.3228,1.0000
7,3,272,274,3,2,2,0.5833,272.899,645.114,302.456,9.7902,14.0000,1.2405,0.5652,4.5894,0.5916,0.2044,0.2040,0.9664,0.1591,4.5937,1.8039,0.5063
7,3,273,275,3,1,4,0.5833,273.949,827.000,671.532,9.7719,14.0000,1.2405,1.0586,4.5894,0.5714,0.3520,0.0766,0.5505,0.0000,3.9200,0.6568,0.5063
4,3,275,276,2,2,1,1.0000,275.549,1044.549,1154.000,8.3221,15.0000,1.1765,0.6378,4.8915,0.0000,0.7500,0.2500,1.0000,0.0000,3.9174,0.6533,0.8039
4,3,276,279,4,1,1,1.0000,277.627,841.000,1074.000,8.2929,15.0000,1.1765,0.6275,4.8832,0.9375,0.0000,0.0625,1.0000,0.0000,4.0588,0.6505,0.8235
4,3,277,278,2,1,2,1.0000,277.529,915.000,750.471,8.2942,14.0000,1.0980,0.6655,4.5501,0.0000,0.7500,0.2500,0.0000,0.0000,4.2286,0.6549,0.7843
6,4,279,280,2,2,3,0.5000,279.658,709.699,390.753,9.6596,14.0000,1.1507,1.0444,4.5426,0.6381,0.1455,0.2164,0.3327,0.3629,4.5342,1.9427,0.7260
6,4,279,281,3,2,2,0.5000,279.805,757.169,538.506,10.1865,16.0000,1.2468,0.5683,5.1831,0.3810,0.3333,0.2857,0.9487,0.1690,3.8879,1.2948,0.7143
5,3,279,281,3,2,1,0.8333,279.797,1168.609,577.000,9.9996,19.0000,1.3768,0.4408,6.1550,0.5854,0.2927,0.1220,0.9487,0.0000,3.8947,0.8099,0.6957
3,3,281,282,2,2,1,0.7500,281.667,677.333,893.000,7.8346,14.0000,1.0000,0.7454,4.5280,0.5333,0.2667,0.2000,0.7071,0.0000,4.1990,0.8076,1.0000
4,3,296,297,2,2,1,1.0000,296.456,787.561,937.000,9.0221,17.0000,1.1930,0.6328,5.3845,0.0000,0.7500,0.2500,1.0000,0.0000,4.2742,0.6327,0.8070
4,3,307,309,3,2,1,0.6667,307.830,922.170,678.000,8.2887,16.0000,1.2075,0.2401,5.0037,0.7500,0.1500,0.1000,0.9487,0.0000,4.6911,0.9369,0.8302
4,3,310,312,3,1,2,0.6667,310.862,969.000,948.741,9.0461,17.0000,1.1724,0.9000,5.3069,0.5357,0.3214,0.1429,1.0000,0.0000,4.6787,0.9349,0.8448
6,3,312,314,3,2,2,0.5000,313.195,974.286,583.818,9.7866,15.0000,1.1688,0.3907,4.6706,0.5230,0.1584,0.3185,0.9225,0.0898,4.8219,1.5554,0.5584
5,3,318,320,3,2,1,0.8333,318.938,1040.641,740.000,8.8720,18.0000,1.4062,0.3648,5.5793,0.5854,0.2927,0.1220,0.9487,0.0000,4.0269,0.9301,0.7188
7,3,327,329,3,2,2,0.5833,328.084,1139.337,783.289,9.6679,15.0000,1.2651,1.2073,4.6203,0.5557,0.1817,0.2626,0.9141,0.3987,4.0088,1.5419,0.5181
8,4,328,330,3,2,2,0.6667,328.848,817.810,979.610,11.4356,18.0000,1.3714,0.4604,5.5443,0.4961,0.2369,0.2670,0.9586,0.0986,4.3120,1.5412,0.5905
7,3,331,334,4,2,2,0.4375,332.859,931.329,1024.894,9.8754,16.0000,1.3176,0.3737,4.9178,0.7122,0.1467,0.1411,0.9661,0.0989,3.6914,0.9224,0.5412
6,3,347,349,3,2,2,0.5000,348.359,817.385,871.128,9.7229,16.0000,1.2308,0.8978,4.8842,0.5034,0.2551,0.2415,0.9677,0.2521,4.5803,1.8324,0.5641
10,3,348,352,5,4,3,0.1667,349.967,926.821,721.000,11.8697,17.0000,1.3821,0.1818,5.1877,0.8854,0.0450,0.0697,0.7095,0.0743,3.8163,1.2207,0.3740
4,3,358,360,3,2,1,0.6667,358.983,853.183,1082.000,9.1293,20.0000,1.3333,0.1841,6.0861,0.5357,0.3214,0.1429,1.0000,0.0000,4.7169,1.9777,0.8167
6,3,362,363,2,2,2,0.7500,362.494,421.734,778.354,9.8053,16.0000,1.2152,0.6728,4.8637,0.2000,0.3333,0.4667,0.0000,0.0000,4.1044,0.9123,0.5696
3,3,362,364,3,1,1,1.0000,362.977,651.000,1009.000,7.5468,15.0000,1.0465,0.9767,4.5609,0.8889,0.0000,0.1111,1.0000,0.0000,3.9519,1.0641,1.0000
4,3,364,366,3,1,2,0.6667,365.281,817.000,1128.754,8.6587,17.0000,1.1930,0.3730,5.1652,0.7500,0.1500,0.1000,0.9487,0.0000,4.5566,1.5185,0.7895
7,3,367,369,3,3,1,0.7778,367.957,1079.298,983.000,10.7874,19.0000,1.4149,0.3009,5.7688,0.4747,0.4312,0.0941,0.8619,0.0000,4.4017,1.3663,0.5213
4,3,368,369,2,1,2,1.0000,368.474,435.000,1011.561,8.6523,16.0000,1.1228,0.6456,4.8580,0.0000,0.7500,0.2500,0.0000,0.0000,4.8574,1.6694,0.8070
4,3,369,371,3,1,2,0.6667,370.107,453.000,511.536,8.4975,16.0000,1.1429,0.5463,4.8558,0.7576,0.1294,0.1129,0.8507,0.0000,4.2485,1.2142,0.8214
4,3,369,370,2,1,2,1.0000,369.544,727.000,891.526,8.6503,16.0000,1.1228,0.6576,4.8558,0.0000,0.7500,0.2500,0.0000,0.0000,4.7046,1.8213,0.7895
3,3,371,372,2,2,1,0.7500,371.326,843.674,933.000,7.5323,15.0000,1.0465,0.4604,4.5514,0.5333,0.2667,0.2000,0.7071,0.0000,4.5513,1.2139,1.0000
5,3,375,377,3,2,1,0.8333,375.862,901.385,817.000,8.8116,14.0000,1.0769,0.4088,4.2437,0.5854,0.2927,0.1220,0.9487,0.0000,3.9397,0.9095,0.6462
4,3,379,381,3,1,2,0.6667,379.817,984.000,676.183,9.0872,19.0000,1.2667,0.2593,5.7550,0.7500,0.1500,0.1000,0.9487,0.0000,4.8463,1.2113,0.8167
3,3,384,385,2,1,2,0.7500,384.311,700.000,448.311,7.8635,17.0000,1.1333,0.4400,5.1456,0.5333,0.2667,0.2000,0.7071,0.0000,3.9349,1.2107,1.0000
4,3,388,390,3,1,2,0.6667,389.093,801.000,1051.259,8.1656,15.0000,1.1111,0.2753,4.5365,0.5357,0.3214,0.1429,1.0000,0.0000,4.0826,0.7559,0.8148
4,3,391,393,3,2,1,0.6667,392.074,980.444,894.000,8.1617,16.0000,1.1852,0.4506,4.8366,0.7576,0.1294,0.1129,0.8507,0.0000,4.5339,1.2092,0.8148
5,3,395,397,3,1,2,0.8333,395.879,928.000,1104.636,8.9170,16.0000,1.2121,0.3833,4.8336,0.6340,0.2717,0.0943,1.0000,0.0000,3.9280,0.6041,0.6818
7,5,398,400,3,2,2,0.5833,398.639,723.588,947.701,11.0713,16.0000,1.1546,0.9183,4.8321,0.4600,0.2645,0.2756,0.8571,0.1000,4.5300,1.2080,0.7629
7,3,399,401,3,3,2,0.3889,399.843,937.157,1120.730,10.1564,16.0000,1.2584,0.3496,4.8307,0.4888,0.1571,0.3542,0.7058,0.4587,4.2267,0.6038,0.5056
4,3,402,403,2,3,1,0.6667,402.462,920.923,793.000,7.8469,14.0000,1.0769,1.0320,4.2256,0.7576,0.1294,0.1129,0.5257,0.0000,3.9236,0.9055,0.8077
3,3,407,408,2,1,2,0.7500,407.333,1024.000,1010.667,7.3131,14.0000,1.0000,0.7454,4.2225,0.5333,0.2667,0.2000,0.7071,0.0000,4.5240,1.5080,1.0000
5,3,411,413,3,2,1,0.8333,411.818,900.318,617.000,8.8960,16.0000,1.2121,0.3665,4.8222,0.5854,0.2927,0.1220,0.9487,0.0000,3.9175,0.7536,0.6818
3,3,414,416,3,1,1,1.0000,414.977,640.000,1099.000,7.4791,15.0000,1.0465,0.9767,4.5195,0.8889,0.0000,0.1111,1.0000,0.0000,4.5189,1.0543,1.0000
3,3,420,421,2,1,2,0.7500,420.333,756.000,835.333,7.2997,14.0000,1.0000,0.4714,4.2147,0.5333,0.2667,0.2000,0.7071,0.0000,4.5157,1.2040,1.0000
3,3,420,421,2,1,2,0.7500,420.356,827.000,607.311,7.8210,16.0000,1.0667,0.7156,4.8161,0.5333,0.2667,0.2000,0.7071,0.0000,4.2148,1.5050,1.0000
3,3,424,425,2,2,1,0.7500,424.326,1065.651,761.000,7.4694,15.0000,1.0465,0.7280,4.5132,0.5333,0.2667,0.2000,0.7071,0.0000,4.5131,0.6018,1.0000
3,3,424,425,2,2,1,0.7500,424.349,1167.326,1097.000,7.4694,15.0000,1.0465,0.7280,4.5126,0.5333,0.2667,0.2000,0.7071,0.0000,4.2124,1.3541,1.0000
4,3,427,429,3,1,2,0.6667,428.339,697.000,1070.237,8.8710,18.0000,1.2203,0.7023,5.4123,0.7500,0.1500,0.1000,0.9487,0.0000,4.6611,1.5037,0.7966
4,3,435,437,3,2,1,0.6667,436.119,922.424,1080.000,8.8623,17.0000,1.1525,0.4400,5.1072,0.7576,0.1294,0.1129,0.8507,0.0000,5.1070,1.0515,0.8305
6,3,437,439,3,3,2,0.3333,438.429,773.013,1068.701,9.4411,15.0000,1.1688,1.4595,4.5058,0.3348,0.4659,0.1992,0.8847,0.2635,4.3546,2.1024,0.5584
3,3,438,439,2,2,1,0.7500,438.318,1250.364,835.000,7.6297,16.0000,1.0909,0.7115,4.8056,0.5333,0.2667,0.2000,0.7071,0.0000,4.8055,1.2013,1.0000
5,4,442,443,2,1,3,0.8333,442.600,578.000,1281.757,9.3976,17.0000,1.2143,0.4680,5.1031,0.5854,0.2927,0.1220,0.3162,0.0000,4.5032,1.0507,0.8429
4,3,444,445,2,2,1,1.0000,444.547,1076.453,851.000,7.9535,15.0000,1.1321,0.6404,4.5017,0.0000,0.7500,0.2500,1.0000,0.0000,4.5020,0.0001,0.8113
6,3,449,451,3,2,2,0.5000,450.225,1000.350,1000.263,9.7966,16.0000,1.2000,0.4920,4.7994,0.6381,0.1455,0.2164,0.8019,0.3768,3.8992,1.1997,0.5750
3,3,457,459,3,1,1,1.0000,458.037,766.000,968.000,9.3451,22.0000,1.2222,0.0370,6.5944,0.8889,0.0000,0.1111,1.0000,0.0000,5.3950,2.0981,1.0000
7,3,473,475,3,2,2,0.5833,473.892,558.882,749.527,10.5237,19.0000,1.4301,0.5506,5.6883,0.4600,0.2645,0.2756,1.0000,0.0000,4.1914,1.4970,0.5269
8,5,480,482,3,2,2,0.6667,480.896,780.443,947.826,12.1668,22.0000,1.5304,0.4877,6.5833,0.5487,0.1069,0.3444,0.9672,0.2262,4.7880,1.1969,0.7304
4,3,483,485,3,1,2,0.6667,483.930,632.000,1149.544,8.5267,16.0000,1.1228,0.4615,4.7869,0.7576,0.1294,0.1129,0.8507,0.0000,4.7870,1.4958,0.8070
6,3,504,506,3,2,2,0.5000,505.349,872.651,1088.855,10.1212,16.0000,1.1566,0.7525,4.7793,0.5034,0.2551,0.2415,0.9677,0.2521,3.8829,0.8963,0.5663
5,3,509,511,3,1,2,0.8333,510.232,692.000,934.551,9.2133,16.0000,1.1594,0.5976,4.7773,0.5854,0.2927,0.1220,0.9487,0.0000,5.0753,1.4927,0.6667
4,3,526,528,3,1,2,0.6667,527.079,631.000,995.476,9.3908,19.0000,1.2063,0.5298,5.6644,0.7576,0.1294,0.1129,0.8507,0.0000,4.6208,0.8944,0.8254
4,3,535,536,2,1,2,1.0000,535.534,857.000,679.448,8.6394,16.0000,1.1034,0.6976,4.7667,0.0000,0.7500,0.2500,0.0000,0.0000,5.2132,1.4894,0.8103
8,3,541,544,4,2,2,0.5000,542.716,860.108,667.549,10.7376,18.0000,1.4118,0.5439,5.3594,0.6810,0.1576,0.1614,0.9830,0.0199,3.8708,1.4887,0.4902
3,3,596,598,3,1,1,1.0000,597.000,843.000,938.000,8.4081,19.0000,1.1633,0.0000,5.6470,0.8889,0.0000,0.1111,1.0000,0.0000,4.7554,1.6346,1.0000
3,3,599,600,2,1,2,0.7500,599.333,393.000,842.667,7.7212,15.0000,1.0000,0.7454,4.4579,0.5333,0.2667,0.2000,0.7071,0.0000,5.0523,1.0402,1.0000
3,3,616,618,3,1,1,1.0000,617.060,475.000,679.000,8.5738,19.0000,1.1400,0.9400,5.6429,0.8889,0.0000,0.1111,1.0000,0.0000,5.0493,0.8910,1.0000
8,3,618,620,3,2,3,0.4444,619.324,708.431,529.471,10.7097,17.0000,1.3333,0.7157,5.0487,0.6199,0.1857,0.1944,0.7756,0.4264,4.1576,1.7818,0.4706
3,3,621,622,2,1,2,0.7500,621.674,765.000,1105.326,7.8863,16.0000,1.0435,0.4612,4.7511,0.5333,0.2667,0.2000,0.7071,0.0000,5.0482,1.4848,1.0000
3,3,628,629,2,1,2,0.7500,628.326,830.000,1229.326,7.8837,16.0000,1.0435,0.4612,4.7497,0.5333,0.2667,0.2000,0.7071,0.0000,4.1560,1.1874,1.0000
4,3,661,663,3,1,2,0.6667,661.770,351.000,942.197,9.0342,18.0000,1.1803,0.7952,5.3319,0.7500,0.1500,0.1000,0.9487,0.0000,4.2947,0.5925,0.8033
7,3,677,678,2,3,2,0.5833,677.418,753.510,956.224,10.9586,19.0000,1.3571,0.6821,5.6214,0.5694,0.1270,0.3036,0.2595,0.2173,3.8460,1.1834,0.5714
4,3,686,687,2,2,1,1.0000,686.474,603.474,676.000,8.4268,15.0000,1.0526,0.6699,4.4353,0.0000,0.7500,0.2500,1.0000,0.0000,4.7308,1.1827,0.7895
5,3,699,701,3,1,2,0.8333,699.792,623.000,951.506,10.1755,22.0000,1.4286,0.5475,6.5008,0.5854,0.2927,0.1220,0.9487,0.0000,5.0235,1.1820,0.7143
4,3,716,718,3,2,1,0.6667,716.984,566.164,464.000,9.0103,20.0000,1.3115,0.1648,5.9084,0.5357,0.3214,0.1429,1.0000,0.0000,4.8744,1.4771,0.8361
6,3,721,722,2,2,3,0.5000,721.468,751.481,990.013,9.5279,16.0000,1.2152,0.6715,4.7268,0.6168,0.1058,0.2774,0.5000,0.5000,4.2836,1.1817,0.5823
5,3,741,743,3,1,2,0.8333,741.889,485.000,731.319,9.5148,17.0000,1.1806,0.3382,5.0235,0.5854,0.2927,0.1220,0.9487,0.0000,5.0234,1.7730,0.6806
6,3,741,744,4,2,2,0.3750,742.658,638.873,821.190,9.5304,17.0000,1.2911,0.6967,5.0235,0.7449,0.0647,0.1904,0.9950,0.0995,3.9893,0.7387,0.6203
4,3,744,745,2,2,2,0.5000,744.712,642.559,1047.186,8.7175,17.0000,1.1525,0.8577,5.0236,0.5916,0.1015,0.3069,0.5000,0.5000,4.8759,1.1820,0.8136
9,3,749,752,4,2,2,0.5625,750.713,526.670,757.235,11.3286,16.0000,1.2522,0.4966,4.7285,0.6583,0.1394,0.2023,0.9839,0.0504,4.1374,0.8866,0.4087
4,3,762,765,4,1,1,1.0000,763.610,510.000,1054.000,8.7189,16.0000,1.0847,0.3898,4.7289,0.9375,0.0000,0.0625,1.0000,0.0000,4.8767,1.4778,0.7966
4,3,782,783,2,1,2,1.0000,782.542,800.000,1087.542,8.7195,17.0000,1.1525,0.6472,5.0248,0.0000,0.7500,0.2500,0.0000,0.0000,5.0248,2.3646,0.7966
6,4,790,792,3,2,1,1.0000,790.944,328.433,718.000,10.8608,20.0000,1.3333,0.4369,5.9119,0.5556,0.3333,0.1111,1.0000,0.0000,4.8773,1.1824,0.7444
5,3,795,797,3,2,1,0.8333,796.203,214.667,936.000,9.1219,16.0000,1.1594,0.8640,4.7299,0.5854,0.2927,0.1220,0.9487,0.0000,4.7297,1.1825,0.6667
16,4,805,808,4,4,4,0.2500,806.786,661.832,1267.959,16.2618,21.0000,1.5273,0.2750,6.2091,0.5988,0.1500,0.2512,0.5650,0.7985,3.5481,0.8870,0.3864
6,4,806,807,2,2,3,0.5000,806.482,701.141,870.624,10.2600,16.0000,1.1294,0.8009,4.7306,0.6373,0.1269,0.2358,0.4046,0.4063,4.7307,1.7740,0.7294
4,3,834,835,2,2,1,1.0000,834.474,515.474,920.000,8.4322,15.0000,1.0526,0.6699,4.4380,0.0000,0.7500,0.2500,1.0000,0.0000,4.7338,1.1834,0.7895
4,3,837,838,2,2,2,0.5000,837.455,511.273,813.182,8.1367,15.0000,1.0909,0.5604,4.4383,0.5916,0.1015,0.3069,0.7071,0.7071,4.7341,1.1836,0.8182
7,3,841,843,3,2,3,0.3889,842.177,846.781,878.177,10.7366,22.0000,1.6042,0.3325,6.5098,0.3994,0.3420,0.2586,0.7329,0.5294,3.5508,1.1836,0.5625
3,3,861,862,2,1,2,0.7500,861.340,429.000,943.681,8.0286,16.0000,1.0213,0.4666,4.7340,0.5333,0.2667,0.2000,0.7071,0.0000,5.0297,1.4794,1.0000
3,3,863,864,2,2,1,0.7500,863.667,571.667,1002.000,7.6866,15.0000,1.0000,0.7454,4.4379,0.5333,0.2667,0.2000,0.7071,0.0000,4.7337,0.8876,1.0000
6,3,867,869,3,1,2,1.0000,868.080,394.000,863.471,10.5070,17.0000,1.1724,1.0333,5.0289,0.5556,0.3333,0.1111,1.0000,0.0000,4.2894,0.0000,0.7356
6,3,873,874,2,2,2,0.7500,873.553,366.600,1140.718,10.2640,18.0000,1.2706,0.7997,5.3240,0.2000,0.3333,0.4667,0.0000,0.0000,4.5846,0.8874,0.5765
4,3,880,881,2,1,2,1.0000,880.483,620.000,1038.569,8.5759,18.0000,1.2414,0.6733,5.3229,0.0000,0.7500,0.2500,0.0000,0.0000,4.8795,1.1828,0.8276
5,3,881,883,3,2,1,0.8333,882.156,376.662,746.000,10.1828,22.0000,1.4286,0.3719,6.5056,0.5854,0.2927,0.1220,0.9487,0.0000,5.0269,1.7742,0.6753
5,3,881,883,3,1,3,0.5556,881.758,491.000,889.212,8.7282,15.0000,1.1364,0.7867,4.4358,0.8123,0.1108,0.0769,0.7071,0.0000,4.1399,0.5915,0.6818
4,3,887,888,2,2,2,0.5000,887.431,698.310,1192.172,8.5742,18.0000,1.2414,0.8313,5.3220,0.5916,0.1015,0.3069,0.7071,0.7071,4.1393,0.8870,0.8276
5,3,890,892,3,2,1,0.8333,891.219,320.493,887.000,9.6514,20.0000,1.3699,0.5522,5.9127,0.5854,0.2927,0.1220,0.9487,0.0000,4.1389,0.8869,0.6986
4,3,890,891,2,1,2,1.0000,890.529,387.000,1005.629,10.3473,22.0000,1.2571,0.6460,6.5041,0.0000,0.7500,0.2500,0.0000,0.0000,6.3561,2.2173,0.8429
7,3,902,905,4,2,3,0.2917,903.222,454.833,1068.578,10.0540,17.0000,1.3222,0.6411,5.0245,0.8945,0.0139,0.0916,0.8707,0.2631,3.5467,1.6256,0.5333
7,3,905,907,3,2,2,0.5833,906.289,859.784,987.247,10.8355,19.0000,1.3711,0.7836,5.6153,0.3772,0.3083,0.3146,0.9758,0.2185,4.4332,1.1822,0.5361
4,4,926,927,2,1,2,1.0000,926.516,283.000,874.500,9.1603,16.0000,1.0323,0.6958,4.7279,0.0000,0.7500,0.2500,0.0000,0.0000,4.8756,1.0342,1.0000
5,3,927,929,3,1,2,0.8333,927.778,366.000,847.375,9.5146,17.0000,1.1806,0.8635,5.0234,0.5854,0.2927,0.1220,0.9487,0.0000,5.3188,1.6252,0.7083
4,3,932,935,4,1,1,1.0000,933.559,562.000,872.000,8.7163,17.0000,1.1525,0.5593,5.0230,0.9375,0.0000,0.0625,1.0000,0.0000,4.7274,1.1819,0.7966
3,3,946,947,2,2,1,0.7500,946.347,293.306,635.000,8.3564,17.0000,1.0408,0.4627,5.0215,0.5333,0.2667,0.2000,0.7071,0.0000,5.3168,1.4769,1.0000
3,3,951,952,2,1,2,0.7500,951.640,511.000,825.300,8.5252,18.0000,1.0800,0.7068,5.3160,0.5333,0.2667,0.2000,0.7071,0.0000,5.6110,2.0673,1.0000
9,4,953,955,3,3,2,0.5000,954.108,365.092,828.085,12.7959,20.0000,1.3846,0.9011,5.9056,0.3095,0.4988,0.1917,0.8707,0.1974,4.7244,1.1812,0.5308
3,3,958,959,2,1,2,0.7500,958.319,445.000,787.362,8.0112,17.0000,1.0851,0.7136,5.0190,0.5333,0.2667,0.2000,0.7071,0.0000,5.0190,1.9190,1.0000
4,3,969,970,2,1,2,1.0000,969.536,505.000,937.536,8.2611,15.0000,1.0714,0.7089,4.4257,0.0000,0.7500,0.2500,0.0000,0.0000,4.7205,1.4751,0.8036
8,3,973,975,3,3,2,0.4444,974.386,422.297,753.653,10.5323,15.0000,1.1881,0.5978,4.4244,0.5726,0.2236,0.2038,0.6380,0.0939,4.2767,1.7697,0.4455
5,3,991,992,2,2,2,0.6250,991.557,526.443,540.157,9.2248,16.0000,1.1429,0.8034,4.7149,0.3432,0.2505,0.4063,0.6059,0.3645,4.7147,1.7680,0.6571
4,3,995,996,2,2,1,1.0000,995.557,202.525,835.000,8.9862,18.0000,1.1803,0.6864,5.3033,0.0000,0.7500,0.2500,1.0000,0.0000,4.4194,1.0312,0.8197
5,3,996,997,2,2,2,0.6250,996.388,684.836,929.552,8.8279,15.0000,1.1194,0.6946,4.4194,0.3432,0.2505,0.4063,0.6059,0.3645,4.1246,1.1784,0.6716
4,3,997,998,2,1,2,1.0000,997.500,425.000,963.578,9.4276,20.0000,1.2500,0.6542,5.8922,0.0000,0.7500,0.2500,0.0000,0.0000,5.0085,1.3258,0.8125
4,3,997,998,2,1,2,1.0000,997.515,427.000,969.545,9.7222,20.0000,1.2121,0.6646,5.8922,0.0000,0.7500,0.2500,0.0000,0.0000,4.4192,1.4730,0.7879
4,3,1002,1004,3,1,2,0.6667,1003.161,669.000,1043.161,9.1318,22.0000,1.4194,0.2281,6.4806,0.7500,0.1500,0.1000,0.9487,0.0000,4.7132,1.7674,0.8387
4,3,1008,1010,3,1,2,0.6667,1008.818,857.000,930.818,8.1003,15.0000,1.0909,0.8381,4.4184,0.7500,0.1500,0.1000,0.9487,0.0000,4.1238,1.1782,0.8182
5,3,1015,1017,3,2,1,0.8333,1016.257,467.371,871.000,9.2212,17.0000,1.2143,0.4518,5.0075,0.5854,0.2927,0.1220,0.9487,0.0000,4.7130,1.4728,0.7000
5,3,1016,1018,3,2,2,0.4167,1016.847,380.139,828.861,9.4847,19.0000,1.3194,0.2488,5.5967,0.6489,0.0995,0.2515,0.9362,0.2726,5.0076,1.7674,0.7222
5,3,1021,1023,3,2,1,0.8333,1021.800,326.600,868.000,9.8804,21.0000,1.4000,0.4472,6.1861,0.5854,0.2927,0.1220,0.9487,0.0000,4.7132,1.1783,0.6800
5,3,1026,1028,3,1,2,0.8333,1026.913,611.000,944.391,9.0906,16.0000,1.1594,0.4008,4.7136,0.5854,0.2927,0.1220,0.9487,0.0000,4.7136,0.8838,0.6812
5,4,1030,1031,2,2,2,0.6250,1030.416,787.857,1086.584,10.1451,17.0000,1.1039,0.7312,5.0085,0.3432,0.2505,0.4063,0.6059,0.3645,5.3030,1.7677,0.8571
9,3,1031,1033,3,2,2,0.7500,1032.105,465.435,1137.323,12.1776,16.0000,1.1613,0.6586,4.7140,0.4875,0.0908,0.4217,0.9594,0.1156,4.1247,0.8838,0.5000
4,3,1058,1060,3,1,2,0.6667,1059.033,915.000,897.525,8.9849,16.0000,1.0492,0.4765,4.7134,0.7576,0.1294,0.1129,0.8507,0.0000,4.2715,1.1783,0.7705
6,3,1060,1062,3,1,2,1.0000,1061.086,816.000,580.457,9.7409,16.0000,1.1852,1.0214,4.7130,0.5556,0.3333,0.1111,1.0000,0.0000,4.4185,1.0310,0.5679
3,3,1065,1067,3,1,1,1.0000,1066.000,593.000,626.000,7.8220,16.0000,1.0435,0.0000,4.7124,0.8889,0.0000,0.1111,1.0000,0.0000,4.1235,1.0308,1.0000
7,4,1072,1074,3,2,2,0.5833,1072.568,568.789,845.442,10.5726,17.0000,1.2526,0.6527,5.0055,0.5694,0.1270,0.3036,0.8963,0.4170,4.1224,0.8833,0.6842
5,3,1105,1106,2,2,2,0.6250,1105.324,420.408,478.789,9.3367,18.0000,1.2676,0.7068,5.2929,0.3432,0.2505,0.4063,0.6059,0.3645,4.1167,0.5882,0.6761
4,3,1110,1112,3,2,1,0.6667,1110.825,694.825,509.000,8.3790,16.0000,1.1228,0.8430,4.7041,0.7500,0.1500,0.1000,0.9487,0.0000,4.2629,0.5880,0.8246
5,3,1112,1113,2,2,2,0.6250,1112.130,364.442,529.416,10.1237,20.0000,1.2987,0.6201,5.8798,0.3432,0.2505,0.4063,0.5155,0.8569,4.7039,2.0579,0.7013
35,21,1122,1125,4,4,5,0.4375,1123.199,856.665,1238.814,35.4729,45.0000,2.2059,0.4316,13.2266,0.1522,0.0913,0.7566,0.2724,0.6262,4.7029,1.4696,0.7745
5,3,1136,1138,3,1,3,0.5556,1136.817,663.000,502.282,9.3313,18.0000,1.2676,0.7413,5.2898,0.8123,0.1108,0.0769,0.7071,0.0000,4.7021,1.7633,0.6901
6,3,1143,1145,3,2,2,0.5000,1144.098,974.866,437.390,9.8379,17.0000,1.2439,1.0974,4.9959,0.7074,0.0897,0.2030,0.9140,0.2540,4.4081,1.4694,0.5732
24,5,1152,1157,6,4,5,0.2000,1154.298,800.534,691.193,19.3167,19.0000,1.4161,1.1669,5.5839,0.7653,0.0985,0.1362,0.6521,0.0253,2.9389,0.8816,0.4006
6,3,1164,1166,3,2,2,0.5000,1165.356,373.885,851.586,10.4396,20.0000,1.3793,0.8782,5.8786,0.5034,0.2551,0.2415,0.9677,0.2521,4.8498,1.6166,0.5977
5,4,1173,1174,2,2,2,0.6250,1173.640,798.653,533.453,9.8599,18.0000,1.2000,0.7407,5.2914,0.2938,0.4054,0.3007,0.0000,0.3029,4.1156,1.1758,0.8533
6,3,1179,1181,3,2,2,0.5000,1180.184,355.264,744.402,10.4421,19.0000,1.3103,0.6789,5.5859,0.6381,0.1455,0.2164,0.8019,0.3768,4.4100,1.0290,0.6092
3,3,1181,1182,2,2,1,0.7500,1181.674,143.326,563.000,7.8082,16.0000,1.0435,0.4612,4.7041,0.5333,0.2667,0.2000,0.7071,0.0000,4.7041,0.8820,1.0000
3,3,1184,1186,3,1,1,1.0000,1184.979,312.000,617.000,7.9784,16.0000,1.0213,0.9787,4.7043,0.8889,0.0000,0.1111,1.0000,0.0000,4.4102,1.1761,1.0000
7,3,1187,1189,3,2,2,0.5833,1188.093,574.309,908.763,10.7800,17.0000,1.2268,1.1646,4.9986,0.6517,0.0773,0.2710,0.8881,0.0000,4.1165,1.4702,0.4948
5,3,1191,1193,3,2,2,0.4167,1191.817,468.141,864.169,9.3367,18.0000,1.2676,0.2862,5.2929,0.6489,0.0995,0.2515,0.9362,0.2726,4.9989,1.7643,0.6901
3,3,1195,1196,2,1,2,0.7500,1195.667,565.000,558.354,8.1492,17.0000,1.0625,0.7268,4.9990,0.5333,0.2667,0.2000,0.7071,0.0000,4.9990,1.4703,1.0000
5,3,1215,1217,3,2,1,0.8333,1216.030,387.672,520.000,8.8117,15.0000,1.1194,1.0809,4.4112,0.6340,0.2717,0.0943,1.0000,0.0000,4.7053,1.3234,0.6716
11,4,1231,1234,4,2,2,0.6875,1232.319,804.410,719.424,12.7677,16.0000,1.2222,0.6703,4.7051,0.6571,0.0598,0.2831,0.9408,0.3162,3.2347,1.1763,0.4236
14,6,1235,1239,5,3,3,0.3111,1236.486,791.894,670.466,16.3471,22.0000,1.4808,1.1321,6.4694,0.7260,0.1021,0.1719,0.8514,0.4346,3.6758,0.8822,0.5913
5,3,1237,1239,3,2,1,0.8333,1237.746,664.423,891.000,9.3372,18.0000,1.2676,0.4928,5.2931,0.5854,0.2927,0.1220,0.9487,0.0000,4.9991,1.6174,0.6761
6,3,1241,1242,2,2,3,0.5000,1241.390,501.854,715.329,9.8442,17.0000,1.2439,0.7083,4.9991,0.5034,0.2551,0.2415,0.1128,0.4328,4.2639,1.6173,0.5854
5,3,1248,1250,3,2,2,0.4167,1249.254,749.627,641.164,8.8112,16.0000,1.1940,0.8504,4.7051,0.7729,0.0435,0.1836,0.8328,0.5477,4.7051,1.9114,0.6866
4,3,1252,1254,3,2,1,0.6667,1253.107,328.268,954.000,8.2340,16.0000,1.1429,0.9322,4.7052,0.5357,0.3214,0.1429,1.0000,0.0000,4.9992,2.3526,0.8214
4,3,1255,1257,3,1,2,0.6667,1256.000,549.000,833.186,8.6753,18.0000,1.2203,0.1864,5.2934,0.5357,0.3214,0.1429,1.0000,0.0000,4.1171,1.1763,0.8136
10,3,1257,1259,3,4,2,0.4167,1258.008,528.460,894.169,11.5316,16.0000,1.2903,0.5663,4.7053,0.7516,0.1285,0.1199,0.5828,0.2674,3.8230,1.6174,0.3710
6,3,1258,1259,2,1,4,0.7500,1258.359,499.000,651.511,11.0454,21.0000,1.3696,0.6242,6.1757,0.6944,0.2222,0.0833,0.0000,0.0000,4.9994,1.7645,0.6304
45,17,1261,1267,7,5,7,0.1837,1263.462,799.818,690.273,29.4172,25.0000,1.6766,0.9227,7.3524,0.5414,0.2912,0.1674,0.3955,0.0230,4.4114,1.4704,0.5618
6,3,1262,1264,3,2,2,0.5000,1262.759,533.265,940.867,9.9652,18.0000,1.3012,0.3819,5.2937,0.5034,0.2551,0.2415,0.9677,0.2521,4.1173,0.5882,0.6024
4,3,1262,1264,3,2,1,0.6667,1263.179,624.179,915.000,8.2346,16.0000,1.1429,0.2525,4.7055,0.7500,0.1500,0.1000,0.9487,0.0000,4.9996,1.1764,0.8214
5,3,1269,1270,2,2,2,0.6250,1269.397,481.838,900.456,8.9440,16.0000,1.1765,0.8281,4.7058,0.3432,0.2505,0.4063,0.6059,0.3645,4.7057,1.4705,0.6765
8,3,1270,1273,4,3,2,0.3333,1271.473,278.027,699.564,11.4384,18.0000,1.3091,0.6850,5.2941,0.4791,0.3370,0.1839,0.9671,0.2546,3.9705,1.7647,0.4545
4,3,1270,1272,3,2,1,0.6667,1270.938,633.231,638.000,9.5587,22.0000,1.3538,0.2388,6.4705,0.5357,0.3214,0.1429,1.0000,0.0000,4.2646,0.2941,0.8154
4,3,1275,1276,2,1,2,1.0000,1275.439,394.000,667.439,8.3825,17.0000,1.1930,0.6203,5.0001,0.0000,0.7500,0.2500,0.0000,0.0000,4.7060,1.1765,0.8246
3,3,1284,1286,3,1,1,1.0000,1285.000,590.000,1023.000,7.6419,15.0000,1.0000,1.0000,4.4120,0.8889,0.0000,0.1111,1.0000,0.0000,5.2944,2.7943,1.0000
8,3,1284,1287,4,2,3,0.3333,1285.523,792.121,674.477,11.1272,16.0000,1.1963,0.7182,4.7062,0.4023,0.3965,0.2012,0.9134,0.0694,3.6767,0.8824,0.4393
7,3,1311,1314,4,2,2,0.4375,1312.591,567.114,419.602,9.7787,17.0000,1.3523,0.5818,4.9979,0.6625,0.1752,0.1623,0.9597,0.1934,3.8221,1.7641,0.5341
3,3,1312,1313,2,2,1,0.7500,1312.319,545.681,913.000,7.9779,17.0000,1.0851,0.4513,4.9981,0.5333,0.2667,0.2000,0.7071,0.0000,4.9981,2.3520,1.0000
6,3,1315,1316,2,2,2,0.7500,1315.716,407.307,565.557,10.5610,18.0000,1.2273,0.6963,5.2913,0.2000,0.3333,0.4667,0.7071,0.7071,4.2626,1.0289,0.6023
6,4,1315,1317,3,1,2,1.0000,1315.979,799.000,690.553,11.2810,20.0000,1.2766,0.4473,5.8793,0.5556,0.3333,0.1111,1.0000,0.0000,3.9684,0.2941,0.7234
7,3,1326,1329,4,2,3,0.2917,1327.642,498.758,690.011,10.5501,18.0000,1.3263,0.4322,5.2887,0.5824,0.2328,0.1848,0.9347,0.0195,4.1136,1.4691,0.5158
7,3,1331,1334,4,2,2,0.4375,1332.444,871.711,898.244,9.9927,16.0000,1.2444,0.5837,4.7002,0.6311,0.1409,0.2280,0.9821,0.1527,3.8186,1.6157,0.5111
4,3,1332,1334,3,2,1,0.6667,1333.196,339.804,656.000,8.2249,15.0000,1.0714,1.2124,4.4065,0.7500,0.1500,0.1000,0.9487,0.0000,4.6999,1.0281,0.8036
4,3,1332,1334,3,2,1,0.6667,1333.386,377.298,529.000,8.3717,17.0000,1.1930,0.9325,4.9935,0.7500,0.1500,0.1000,0.9487,0.0000,4.6999,1.7625,0.8246
7,3,1341,1344,4,2,2,0.4375,1342.620,700.740,490.310,11.0980,18.0000,1.2600,0.8295,5.2852,0.6801,0.1680,0.1519,0.9328,0.2851,4.6978,1.7618,0.5000
12,3,1347,1350,4,3,3,0.3333,1348.701,404.183,239.640,13.8975,17.0000,1.2439,0.8091,4.9905,0.1869,0.6098,0.2033,0.7050,0.1812,4.4032,2.0547,0.4939
5,3,1348,1349,2,2,2,0.6250,1348.373,322.627,666.149,8.7959,17.0000,1.2687,0.5484,4.9905,0.3432,0.2505,0.4063,0.6059,0.3645,4.6968,1.3210,0.7015
6,3,1350,1352,3,2,2,0.5000,1351.326,413.721,920.698,10.3053,17.0000,1.1860,0.7900,4.9897,0.6075,0.1449,0.2475,0.8795,0.4086,4.5496,1.3208,0.5581
4,3,1352,1353,2,2,1,1.0000,1352.459,212.557,654.000,8.9520,17.0000,1.1148,0.6377,4.9897,0.0000,0.7500,0.2500,1.0000,0.0000,5.1364,1.4675,0.8197
4,3,1365,1367,3,1,2,0.6667,1366.000,521.000,367.803,8.9479,19.0000,1.2459,0.1967,5.5741,0.5357,0.3214,0.1429,1.0000,0.0000,4.6940,1.1735,0.8033
6,3,1365,1367,3,1,2,1.0000,1366.013,766.000,472.387,9.5816,18.0000,1.3500,0.3877,5.2807,0.5556,0.3333,0.1111,1.0000,0.0000,4.1073,1.7602,0.6125
5,3,1379,1381,3,2,2,0.4167,1380.015,432.227,679.621,8.6564,15.0000,1.1364,0.6617,4.3991,0.5461,0.2256,0.2283,0.8117,0.4177,4.6924,1.6131,0.6818
5,3,1380,1382,3,1,2,0.8333,1381.118,894.000,689.724,9.9677,21.0000,1.3816,0.3006,6.1587,0.5854,0.2927,0.1220,0.9487,0.0000,4.3990,0.8798,0.7237
4,3,1388,1390,3,1,2,0.6667,1389.316,589.000,599.737,8.3573,15.0000,1.0526,0.4111,4.3986,0.7500,0.1500,0.1000,0.9487,0.0000,4.6918,1.3196,0.7895
8,3,1390,1392,3,2,3,0.4444,1391.010,479.615,415.433,10.7820,18.0000,1.3846,0.8370,5.2782,0.1765,0.5735,0.2500,0.0000,0.0000,3.3722,1.0263,0.4712
5,3,1391,1393,3,3,1,0.5556,1392.114,337.243,701.000,9.1795,16.0000,1.1429,1.3472,4.6917,0.8123,0.1108,0.0769,0.7071,0.0000,4.3984,1.1729,0.6571
7,3,1395,1397,3,3,1,0.7778,1396.303,523.169,497.000,9.8637,17.0000,1.3371,0.7167,4.9848,0.4747,0.4312,0.0941,0.5071,0.0000,3.5187,1.4661,0.5281
3,3,1399,1400,2,1,2,0.7500,1399.326,506.000,995.674,7.7874,16.0000,1.0435,0.4612,4.6915,0.5333,0.2667,0.2000,0.7071,0.0000,4.6915,1.4661,1.0000
7,4,1411,1413,3,2,3,0.3889,1412.400,391.126,437.705,10.5292,17.0000,1.2526,0.6803,4.9851,0.5481,0.2612,0.1906,0.4738,0.0211,4.9850,1.4662,0.6632
5,3,1422,1424,3,2,2,0.4167,1423.077,558.231,666.846,8.5252,15.0000,1.1538,0.2878,4.3992,0.4138,0.1655,0.4207,1.0000,0.0000,4.6924,1.7596,0.6923
4,3,1431,1432,2,2,2,0.5000,1431.298,313.175,580.439,8.3592,17.0000,1.1930,0.8459,4.9862,0.5916,0.1015,0.3069,0.5000,0.5000,4.9862,1.4665,0.8246
7,3,1433,1436,4,2,2,0.4375,1434.295,671.168,876.789,10.5320,16.0000,1.1789,1.5531,4.6932,0.7558,0.1056,0.1386,0.9795,0.1648,4.1064,1.1733,0.6526
6,3,1443,1445,3,2,2,0.5000,1443.593,622.617,619.160,9.7002,16.0000,1.1852,0.7568,4.6935,0.5034,0.2551,0.2415,0.9677,0.2521,3.8134,0.8800,0.5679
4,3,1466,1467,2,1,2,1.0000,1466.441,496.000,216.525,8.6529,17.0000,1.1525,0.6858,4.9865,0.0000,0.7500,0.2500,0.0000,0.0000,4.8398,1.0266,0.8136
4,3,1481,1484,4,1,1,1.0000,1482.607,623.000,397.000,8.2113,15.0000,1.0714,0.6071,4.3990,0.9375,0.0000,0.0625,1.0000,0.0000,4.6921,1.3197,0.8036
3,3,1485,1486,2,1,2,0.7500,1485.667,447.000,456.314,8.6347,18.0000,1.0588,0.4577,5.2785,0.5333,0.2667,0.2000,0.7071,0.0000,5.2786,1.6129,1.0000
5,3,1496,1497,2,2,2,0.6250,1496.638,537.623,380.145,9.0483,18.0000,1.3043,0.5425,5.2780,0.3432,0.2505,0.4063,0.6059,0.3645,4.6916,0.8797,0.7101
4,3,1496,1499,4,1,1,1.0000,1497.397,545.000,505.000,9.2366,18.0000,1.1429,0.6032,5.2780,0.9375,0.0000,0.0625,1.0000,0.0000,5.4247,1.6127,0.8095
4,3,1497,1498,2,2,2,0.5000,1497.238,361.270,530.778,9.2366,17.0000,1.0794,0.4229,4.9848,0.0000,0.5625,0.4375,0.4459,0.5774,5.2780,1.9060,0.7778
4,3,1503,1505,3,2,1,0.6667,1504.000,532.196,425.000,8.2102,15.0000,1.0714,1.0191,4.3983,0.5357,0.3214,0.1429,1.0000,0.0000,4.1051,0.2932,0.8036
4,3,1505,1506,2,2,1,1.0000,1505.467,560.450,794.000,8.7967,17.0000,1.1333,0.6483,4.9848,0.0000,0.7500,0.2500,1.0000,0.0000,5.1314,1.0263,0.8000
7,3,1505,1507,3,1,3,0.7778,1505.609,904.000,319.848,10.1961,17.0000,1.2935,1.0437,4.9848,0.4747,0.4312,0.0941,0.5071,0.0000,3.8119,1.6127,0.5326
5,3,1508,1510,3,2,2,0.4167,1508.700,516.125,403.850,10.4908,24.0000,1.5000,0.3579,7.0374,0.6338,0.1686,0.1975,0.9585,0.2851,4.9849,1.7593,0.7250
6,3,1512,1513,2,3,2,0.5000,1512.333,564.667,514.136,9.6966,17.0000,1.2593,0.4906,4.9850,0.5034,0.2551,0.2415,0.1128,0.4328,4.2518,1.4662,0.6173
7,4,1535,1536,2,3,2,0.5833,1535.390,865.110,632.440,11.0870,16.0000,1.1200,1.3030,4.6933,0.5352,0.1763,0.2885,0.2673,0.0986,4.1066,0.8800,0.6100
9,3,1536,1538,3,3,2,0.5000,1536.757,537.061,599.704,11.2448,16.0000,1.2522,0.8145,4.6935,0.3125,0.3331,0.3544,0.1704,0.1099,3.2268,1.0267,0.4087
5,3,1540,1542,3,2,1,0.8333,1541.311,405.527,416.000,9.7089,18.0000,1.2162,0.8676,5.2808,0.5854,0.2927,0.1220,0.9487,0.0000,4.9874,1.6135,0.6757
6,3,1543,1545,3,2,2,0.5000,1544.350,635.875,422.675,9.5823,16.0000,1.2000,0.4937,4.6944,0.5034,0.2551,0.2415,0.9677,0.2521,3.8141,0.8802,0.5875
4,3,1555,1555,1,2,2,1.0000,1555.000,483.525,461.458,8.6578,16.0000,1.0847,0.6968,4.6958,0.0000,0.7500,0.2500,0.0000,1.0000,5.4294,2.3478,0.7966
6,3,1569,1571,3,2,2,0.5000,1569.636,499.159,486.489,10.5485,18.0000,1.2273,0.6295,5.2852,0.6373,0.1269,0.2358,0.8795,0.0724,4.5511,0.5873,0.5455
7,3,1569,1572,4,2,2,0.4375,1570.888,544.303,424.876,9.8774,16.0000,1.2584,1.1596,4.6983,0.8040,0.0402,0.1558,0.9650,0.0194,3.8172,1.4681,0.5169
5,3,1577,1578,2,3,1,0.8333,1577.609,256.290,668.000,9.0625,17.0000,1.2319,0.9353,4.9926,0.5854,0.2927,0.1220,0.3162,0.0000,4.6990,1.0279,0.6812
11,3,1579,1582,4,5,2,0.2750,1579.723,459.285,435.547,12.1320,21.0000,1.6861,0.6765,6.1678,0.4665,0.4182,0.1153,0.4569,0.2261,2.9371,0.8811,0.3796
4,3,1585,1586,2,1,2,1.0000,1585.450,696.000,543.517,8.8122,17.0000,1.1333,0.6852,4.9936,0.0000,0.7500,0.2500,0.0000,0.0000,4.8467,1.0281,0.8000
3,3,1599,1600,2,1,2,0.7500,1599.340,558.000,401.300,8.4808,18.0000,1.0800,0.4534,5.2881,0.5333,0.2667,0.2000,0.7071,0.0000,5.2881,1.4689,1.0000
5,3,1610,1612,3,2,1,0.8333,1611.159,771.710,499.000,9.0645,18.0000,1.3043,0.3308,5.2875,0.5854,0.2927,0.1220,0.9487,0.0000,4.7001,1.3219,0.7101
4,3,1612,1613,2,2,1,1.0000,1612.464,680.536,381.000,8.2248,15.0000,1.0714,0.7089,4.4062,0.0000,0.7500,0.2500,1.0000,0.0000,4.6999,1.4687,0.8036
6,3,1614,1616,3,3,2,0.3333,1614.688,330.225,828.150,9.5932,16.0000,1.2000,0.8490,4.6997,0.7397,0.1062,0.1541,0.7434,0.5417,4.2591,1.4686,0.5750
16,3,1617,1619,3,3,6,0.2963,1618.434,459.090,286.778,15.5664,20.0000,1.5094,0.4955,5.8742,0.8082,0.0420,0.1498,0.1734,0.4665,4.2587,0.8811,0.2547
13,4,1619,1621,3,3,3,0.4815,1620.049,533.957,509.253,13.1959,17.0000,1.3642,1.2148,4.9928,0.4270,0.2794,0.2936,0.6445,0.3312,2.9370,1.1748,0.4012
4,3,1624,1625,2,3,1,0.6667,1624.737,512.105,875.000,8.3692,16.0000,1.1228,0.2834,4.6985,0.5357,0.3214,0.1429,0.0000,0.0000,4.2581,0.8810,0.8246
4,3,1647,1648,2,3,1,0.6667,1647.554,1183.107,483.000,8.2174,16.0000,1.1429,0.9982,4.6956,0.7576,0.1294,0.1129,0.5257,0.0000,4.6957,1.6141,0.8214
7,5,1651,1653,3,2,2,0.5833,1651.731,737.452,408.750,11.5353,17.0000,1.1442,0.6598,4.9887,0.4600,0.2645,0.2756,0.8571,0.1000,4.6954,0.7337,0.7500
7,4,1652,1654,3,2,2,0.5833,1653.264,584.453,461.764,11.7568,18.0000,1.1887,0.6518,5.2821,0.4600,0.2645,0.2756,0.8571,0.1000,4.9886,1.1738,0.6321
5,3,1653,1655,3,2,1,0.8333,1653.851,626.608,847.000,9.7113,17.0000,1.1486,0.4191,4.9886,0.5854,0.2927,0.1220,0.9487,0.0000,4.1082,1.1738,0.6486
3,3,1675,1676,2,2,1,0.7500,1675.681,410.319,454.000,7.9618,17.0000,1.0851,0.4513,4.9880,0.5333,0.2667,0.2000,0.7071,0.0000,4.6946,1.1736,1.0000
6,3,1679,1682,4,2,2,0.3750,1680.390,809.857,551.662,9.2235,16.0000,1.2468,0.9120,4.6947,0.8675,0.0267,0.1059,0.9315,0.3570,4.4012,1.7605,0.5974
8,4,1696,1698,3,2,2,0.6667,1697.090,366.784,683.459,11.5165,18.0000,1.2973,0.5157,5.2822,0.5487,0.1069,0.3444,0.9672,0.2262,4.4019,1.4673,0.5856
7,4,1720,1722,3,2,2,0.5833,1721.126,274.786,649.447,11.4288,18.0000,1.2233,1.0561,5.2844,0.3883,0.1309,0.4808,0.9235,0.3259,5.5777,1.4679,0.6699
7,3,1721,1723,3,2,2,0.5833,1722.355,865.699,467.742,10.3195,16.0000,1.2043,0.7573,4.6973,0.3772,0.3083,0.3146,0.9758,0.2185,4.1100,1.7615,0.4946
12,3,1730,1732,3,3,2,0.6667,1731.141,980.691,506.530,12.6301,17.0000,1.3691,1.0557,4.9920,0.1842,0.4239,0.3920,0.6726,0.0816,3.2300,1.1745,0.3289
5,3,1747,1749,3,2,1,0.8333,1747.761,473.394,579.000,9.3284,18.0000,1.2676,0.4614,5.2882,0.5854,0.2927,0.1220,0.9487,0.0000,4.7005,1.4688,0.6901
6,3,1762,1764,3,2,2,0.5000,1762.700,694.125,412.475,9.6009,17.0000,1.2750,0.8551,4.9972,0.6373,0.1269,0.2358,0.8795,0.0724,4.4096,1.1758,0.5875
6,3,1769,1771,3,1,2,1.0000,1769.944,592.000,503.494,10.6845,20.0000,1.3483,0.4976,5.8813,0.5556,0.3333,0.1111,1.0000,0.0000,4.7050,1.7643,0.5955
5,3,1770,1772,3,1,2,0.8333,1770.784,770.000,362.419,9.7320,17.0000,1.1486,0.6200,4.9993,0.5854,0.2927,0.1220,0.9487,0.0000,4.7050,0.8821,0.6351
4,3,1773,1774,2,2,2,0.5000,1773.468,394.806,671.242,9.1174,18.0000,1.1613,0.5610,5.2939,0.5916,0.1015,0.3069,0.7071,0.7071,4.9999,1.4706,0.8065
4,4,1773,1776,4,1,1,1.0000,1774.522,799.000,692.000,10.1473,21.0000,1.2174,0.4783,6.1768,0.9375,0.0000,0.0625,1.0000,0.0000,5.1472,2.0589,1.0000
6,3,1780,1782,3,1,3,0.6667,1780.814,736.000,120.279,10.3295,18.0000,1.2558,0.3354,5.2958,0.2083,0.6667,0.1250,0.4472,0.0000,3.9718,0.5884,0.5581
4,3,1786,1789,4,1,1,1.0000,1787.698,612.000,946.000,9.2705,20.0000,1.2698,0.3016,5.8861,0.9375,0.0000,0.0625,1.0000,0.0000,5.1503,1.1772,0.8413
8,5,1799,1800,2,2,3,0.6667,1799.378,928.165,268.913,13.2206,22.0000,1.3858,0.4215,6.4775,0.4961,0.2369,0.2670,0.1645,0.5745,4.7110,1.1777,0.7244
6,3,1864,1866,3,2,2,0.5000,1864.780,760.878,358.512,9.8864,16.0000,1.1707,0.9284,4.7253,0.3810,0.3333,0.2857,0.9487,0.1690,4.5773,1.4766,0.5854
4,3,1865,1868,4,1,1,1.0000,1866.459,727.000,401.000,9.0088,17.0000,1.1148,0.5410,5.0215,0.9375,0.0000,0.0625,1.0000,0.0000,4.2824,0.5909,0.7869
4,3,1870,1871,2,1,2,1.0000,1870.476,656.000,568.556,9.3078,20.0000,1.2698,0.6514,5.9094,0.0000,0.7500,0.2500,0.0000,0.0000,4.8757,1.3297,0.7937
7,3,1877,1879,3,2,2,0.5833,1878.000,840.775,654.775,9.9478,19.0000,1.4944,0.3178,5.6187,0.6517,0.0773,0.2710,0.8881,0.0000,3.5489,1.4785,0.5506
4,3,1898,1900,3,1,2,0.6667,1899.300,626.000,336.733,8.8965,16.0000,1.0667,0.4014,4.7453,0.7500,0.1500,0.1000,0.9487,0.0000,5.1896,1.4827,0.7833
5,3,1928,1929,2,2,3,0.4167,1928.597,701.208,534.028,9.5954,17.0000,1.1806,0.4543,5.0664,0.5461,0.2256,0.2283,0.5716,0.7118,4.1725,1.1918,0.6667
6,3,1935,1937,3,3,1,0.6667,1935.782,1066.756,928.000,9.5012,16.0000,1.2308,1.0880,4.7733,0.5235,0.3913,0.0852,0.4179,0.0000,4.1773,1.1933,0.5897
7,3,1937,1939,3,1,3,0.7778,1937.652,447.000,666.054,10.3785,17.0000,1.2935,0.6544,5.0742,0.1247,0.7481,0.1273,0.0000,0.0000,3.8808,1.4924,0.5435
3,3,1937,1938,2,2,1,0.7500,1937.326,993.674,642.000,7.9263,16.0000,1.0435,0.4612,4.7749,0.5333,0.2667,0.2000,0.7071,0.0000,4.7757,1.3433,1.0000
5,3,1947,1948,2,1,3,0.8333,1947.600,363.000,269.714,9.3588,16.0000,1.1429,0.8187,4.7836,0.5854,0.2927,0.1220,0.3162,0.0000,4.7828,1.7938,0.6571
4,3,1977,1979,3,1,2,0.6667,1977.982,873.000,692.750,8.4061,15.0000,1.0714,0.2506,4.5033,0.5357,0.3214,0.1429,1.0000,0.0000,3.9026,1.2009,0.7679
4,3,1980,1982,3,1,2,0.6667,1980.738,878.000,457.803,9.1597,18.0000,1.1803,0.7635,5.4053,0.7500,0.1500,0.1000,0.9487,0.0000,4.9556,1.0510,0.8033
3,3,1983,1985,3,1,1,1.0000,1983.979,1022.000,517.000,8.1524,18.0000,1.1489,0.0213,5.4078,0.8889,0.0000,0.1111,1.0000,0.0000,4.2055,1.0514,1.0000
3,3,1989,1991,3,1,1,1.0000,1990.000,866.000,514.000,8.3317,18.0000,1.1250,0.0000,5.4116,0.8889,0.0000,0.1111,1.0000,0.0000,4.8107,0.0003,1.0000
3,3,1991,1993,3,1,1,1.0000,1992.000,982.000,382.000,7.4655,15.0000,1.0465,0.0000,4.5107,0.8889,0.0000,0.1111,1.0000,0.0000,4.5111,0.9021,1.0000
3,3,1995,1996,2,1,2,0.7500,1995.333,869.000,453.333,7.2946,14.0000,1.0000,0.4714,4.2118,0.5333,0.2667,0.2000,0.7071,0.0000,4.5121,1.5041,1.0000
7,3,1995,1997,3,2,3,0.3889,1995.914,997.301,558.871,10.5748,17.0000,1.2796,0.3387,5.1144,0.3004,0.3514,0.3482,0.6567,0.3240,4.5122,1.8050,0.5161
3,3,1998,1999,2,1,2,0.7500,1998.333,792.000,533.333,7.8182,15.0000,1.0000,0.4714,4.5142,0.5333,0.2667,0.2000,0.7071,0.0000,4.8145,1.8056,1.0000
5,3,2007,2009,3,1,2,0.8333,2008.279,762.000,507.397,9.1609,16.0000,1.1765,0.8227,4.8202,0.5854,0.2927,0.1220,0.9487,0.0000,3.9160,0.6026,0.6618
4,3,2007,2008,2,1,2,1.0000,2007.528,900.000,542.472,7.9823,14.0000,1.0566,0.7082,4.2173,0.0000,0.7500,0.2500,0.0000,0.0000,3.9159,1.8073,0.7925
6,3,2008,2009,2,2,3,0.5000,2008.633,665.316,261.785,9.7159,15.0000,1.1392,0.7396,4.5190,0.6381,0.1455,0.2164,0.3327,0.3629,4.3680,0.6025,0.5570
4,3,2008,2009,2,2,1,1.0000,2008.509,1168.526,903.000,8.5856,16.0000,1.1228,0.6951,4.8197,0.0000,0.7500,0.2500,1.0000,0.0000,4.6696,1.8074,0.7895
13,6,2010,2013,4,3,3,0.3611,2011.478,805.072,487.178,15.0439,23.0000,1.6611,0.5149,6.9305,0.4532,0.1950,0.3518,0.5737,0.2534,3.6159,1.5068,0.6056
4,3,2018,2021,4,1,1,1.0000,2019.615,921.000,821.000,7.8414,14.0000,1.0769,0.6154,4.2229,0.9375,0.0000,0.0625,1.0000,0.0000,3.9207,0.9049,0.8077
4,3,2026,2028,3,2,1,0.6667,2026.964,463.500,364.000,8.4507,16.0000,1.1429,0.5013,4.8290,0.7576,0.1294,0.1129,0.8507,0.0000,4.5270,1.2070,0.7857
9,3,2028,2030,3,2,3,0.5000,2028.731,936.558,761.192,10.4646,14.0000,1.2115,0.9392,4.2262,0.3478,0.2899,0.3623,0.6155,0.3482,2.7171,1.2072,0.4038
3,3,2028,2029,2,2,1,0.7500,2028.682,1181.659,606.000,7.6683,15.0000,1.0227,0.7319,4.5281,0.5333,0.2667,0.2000,0.7071,0.0000,4.2262,0.6037,1.0000
4,4,2034,2035,2,2,1,1.0000,2034.509,880.491,867.000,8.6079,15.0000,1.0526,0.6947,4.5307,0.0000,0.7500,0.2500,1.0000,0.0000,3.9263,1.0571,1.0000
3,3,2046,2048,3,1,1,1.0000,2046.958,814.000,555.000,8.3800,18.0000,1.1250,0.0417,5.4430,0.8889,0.0000,0.1111,1.0000,0.0000,4.5354,1.3606,1.0000
4,3,2055,2057,3,2,1,0.6667,2055.963,1171.481,768.000,8.1712,14.0000,1.0370,1.0766,4.2370,0.7576,0.1294,0.1129,0.8507,0.0000,4.5394,1.5131,0.7778
3,3,2064,2065,2,1,2,0.7500,2064.378,895.000,476.311,7.8687,17.0000,1.1333,0.6957,5.1490,0.5333,0.2667,0.2000,0.7071,0.0000,3.9371,1.2113,1.0000
7,3,2068,2070,3,2,2,0.5833,2068.938,1013.229,949.719,10.9937,19.0000,1.3854,0.3681,5.7567,0.6517,0.0773,0.2710,0.8881,0.0000,3.6361,1.3635,0.5000
4,3,2070,2073,4,1,1,1.0000,2071.385,794.000,740.000,7.8792,14.0000,1.0769,1.3846,4.2429,0.9375,0.0000,0.0625,1.0000,0.0000,3.6364,0.6062,0.8077
4,3,2072,2074,3,2,1,0.6667,2073.404,878.702,504.000,8.6383,17.0000,1.1930,0.9210,5.1529,0.7500,0.1500,0.1000,0.9487,0.0000,4.8495,2.4244,0.8246
4,4,2074,2075,2,2,1,1.0000,2074.483,900.500,728.000,8.7906,15.0000,1.0345,0.6950,4.5467,0.0000,0.7500,0.2500,1.0000,0.0000,4.6984,0.6063,1.0000
4,3,2078,2079,2,1,2,1.0000,2078.444,467.000,779.444,8.1869,16.0000,1.1852,0.6285,4.8513,0.0000,0.7500,0.2500,0.0000,0.0000,4.5483,1.2128,0.8148
4,4,2079,2081,3,2,1,0.6667,2080.000,592.500,944.000,8.4912,14.0000,1.0000,1.1180,4.2459,0.7576,0.1294,0.1129,0.8507,0.0000,3.9424,1.8195,1.0000
9,3,2085,2087,3,2,3,0.5000,2086.104,602.443,386.643,11.6301,15.0000,1.1739,0.7884,4.5509,0.4943,0.2342,0.2715,0.7286,0.2779,3.6404,1.2137,0.3826
7,3,2089,2090,2,2,2,0.8750,2089.527,672.409,460.645,10.6670,18.0000,1.3548,0.7553,5.4622,0.0000,0.3318,0.6682,0.5977,0.5774,3.6414,0.6070,0.5054
4,3,2089,2090,2,2,1,1.0000,2089.508,774.576,940.000,8.9522,18.0000,1.2203,0.6619,5.4622,0.0000,0.7500,0.2500,1.0000,0.0000,4.8556,1.8207,0.8136
4,3,2089,2090,2,2,1,1.0000,2089.483,850.500,701.000,8.8005,16.0000,1.1034,0.6950,4.8553,0.0000,0.7500,0.2500,1.0000,0.0000,4.0968,0.6069,0.7759
3,3,2094,2095,2,1,2,0.7500,2094.667,580.000,557.333,7.3611,14.0000,1.0000,0.7454,4.2500,0.5333,0.2667,0.2000,0.7071,0.0000,4.8571,1.6696,1.0000
3,3,2110,2111,2,1,2,0.7500,2110.667,859.000,449.667,7.3670,14.0000,1.0000,0.7454,4.2534,0.5333,0.2667,0.2000,0.7071,0.0000,3.9496,1.5191,1.0000
3,3,2111,2112,2,1,2,0.7500,2111.318,785.000,865.341,7.7180,15.0000,1.0227,0.4663,4.5572,0.5333,0.2667,0.2000,0.7071,0.0000,4.8610,1.5191,1.0000
7,3,2112,2114,3,2,2,0.5833,2113.105,957.233,592.512,9.8762,17.0000,1.3837,0.5717,5.1652,0.4296,0.3471,0.2233,0.9305,0.2273,3.0384,1.3672,0.5349
4,3,2113,2114,2,1,2,1.0000,2113.537,1074.000,458.519,8.2037,15.0000,1.1111,0.6951,4.5577,0.0000,0.7500,0.2500,0.0000,0.0000,4.5576,1.8230,0.7963
6,3,2145,2146,2,2,3,0.5000,2145.537,435.878,565.329,10.1778,18.0000,1.3171,0.5814,5.4726,0.6373,0.1269,0.2358,0.4046,0.4063,3.8004,0.9121,0.5976
37,20,2149,2152,4,7,5,0.2643,2150.418,780.212,95.872,29.1900,32.0000,2.0274,0.6329,9.7291,0.5228,0.2532,0.2239,0.2783,0.6531,3.8004,1.0641,0.6729
4,3,2150,2152,3,2,1,0.6667,2151.333,636.246,536.000,8.6650,16.0000,1.1228,0.4140,4.8646,0.7500,0.1500,0.1000,0.9487,0.0000,4.8646,1.5202,0.8070
4,3,2155,2157,3,2,1,0.6667,2155.966,816.207,462.000,8.8169,16.0000,1.1034,0.9874,4.8645,0.5357,0.3214,0.1429,1.0000,0.0000,4.8645,1.2161,0.7931
3,3,2157,2159,3,1,1,1.0000,2158.044,1123.000,500.000,7.8989,16.0000,1.0667,0.9556,4.8644,0.8889,0.0000,0.1111,1.0000,0.0000,4.8645,2.2802,1.0000
4,3,2162,2165,4,1,1,1.0000,2163.418,463.000,615.000,8.3605,15.0000,1.0909,0.4182,4.5603,0.9375,0.0000,0.0625,1.0000,0.0000,4.7123,1.0641,0.8000
6,3,2162,2164,3,3,1,0.6667,2162.793,966.354,778.000,10.1775,17.0000,1.2439,0.6788,5.1683,0.2083,0.6667,0.1250,0.4472,0.0000,3.8003,1.2161,0.5488
5,4,2173,2175,3,2,1,0.8333,2173.853,954.426,765.000,9.2444,15.0000,1.1029,0.4511,4.5598,0.5854,0.2927,0.1220,0.9487,0.0000,4.5599,1.2160,0.8529
4,3,2179,2180,2,1,2,1.0000,2179.482,849.000,466.464,8.5111,15.0000,1.0714,0.6693,4.5596,0.0000,0.7500,0.2500,0.0000,0.0000,4.7115,0.7599,0.7857
5,3,2180,2182,3,2,1,0.8333,2181.250,994.542,450.000,9.7875,18.0000,1.2500,0.5966,5.4714,0.5854,0.2927,0.1220,0.9487,0.0000,4.8634,1.5198,0.6806
4,3,2184,2185,2,1,2,1.0000,2184.519,414.000,788.556,8.2068,16.0000,1.1852,0.6829,4.8633,0.0000,0.7500,0.2500,0.0000,0.0000,4.5593,0.4559,0.8148
4,3,2185,2187,3,1,2,0.6667,2186.107,1119.000,745.429,8.5106,16.0000,1.1429,0.4418,4.8632,0.7576,0.1294,0.1129,0.8507,0.0000,4.8632,1.5198,0.8214
5,3,2187,2189,3,1,2,0.8333,2188.101,918.000,549.377,9.3791,17.0000,1.2319,0.9744,5.1670,0.6340,0.2717,0.0943,1.0000,0.0000,4.5592,1.8237,0.6522
3,3,2198,2200,3,1,1,1.0000,2198.978,729.000,1079.000,8.0718,17.0000,1.1087,0.0217,5.1668,0.8889,0.0000,0.1111,1.0000,0.0000,5.3188,1.8236,1.0000
6,4,2198,2199,2,3,2,0.5000,2198.341,969.224,392.176,10.5467,16.0000,1.1294,0.4444,4.8629,0.5230,0.1584,0.3185,0.3667,0.5079,4.1031,0.9118,0.7176
5,4,2200,2202,3,1,2,0.8333,2200.890,799.000,711.411,9.9223,17.0000,1.1644,1.1832,5.1668,0.5854,0.2927,0.1220,0.9487,0.0000,3.9511,1.2157,0.8493
5,3,2202,2204,3,2,1,0.8333,2203.221,1119.441,625.000,9.2427,16.0000,1.1765,0.6008,4.8629,0.5854,0.2927,0.1220,0.9487,0.0000,4.8629,0.6079,0.6618
7,3,2207,2209,3,2,2,0.5833,2207.910,1020.449,735.876,10.2241,15.0000,1.1798,1.0708,4.5591,0.4600,0.2645,0.2756,1.0000,0.0000,3.6473,1.2157,0.4944
10,4,2210,2212,3,3,3,0.3704,2211.032,838.484,573.927,11.9183,16.0000,1.2903,1.0619,4.8631,0.5709,0.1484,0.2807,0.4625,0.0583,3.1915,0.9118,0.4839
5,4,2213,2215,3,2,2,0.4167,2213.507,989.433,676.791,9.1074,15.0000,1.1194,0.7892,4.5592,0.6999,0.1281,0.1720,0.8684,0.1395,4.5592,1.2158,0.8507
3,3,2218,2220,3,1,1,1.0000,2218.935,835.000,488.000,8.0729,17.0000,1.1087,0.9348,5.1675,0.8889,0.0000,0.1111,1.0000,0.0000,4.2556,1.2159,1.0000
6,3,2219,2221,3,2,2,0.5000,2219.780,752.329,579.866,10.1760,17.0000,1.2439,0.4178,5.1676,0.5230,0.1584,0.3185,0.9225,0.0898,4.4076,1.3679,0.5732
3,3,2219,2220,2,2,1,0.7500,2219.667,927.333,1004.000,7.3710,14.0000,1.0000,0.7454,4.2557,0.5333,0.2667,0.2000,0.7071,0.0000,3.9517,0.7599,1.0000
4,4,2224,2225,2,2,2,0.5000,2224.548,967.710,796.226,9.4241,18.0000,1.1613,0.8710,5.4721,0.5916,0.1015,0.3069,0.7071,0.7071,4.8640,1.8240,1.0000
3,3,2225,2226,2,1,2,0.7500,2225.682,601.000,463.636,7.7229,16.0000,1.0909,0.7115,4.8642,0.5333,0.2667,0.2000,0.7071,0.0000,3.9522,1.2161,1.0000
8,3,2227,2229,3,3,2,0.4444,2228.406,992.634,863.762,10.8565,17.0000,1.3465,0.7373,5.1685,0.1006,0.5836,0.3157,0.9194,0.3931,3.9524,0.9121,0.4455
7,4,2228,2230,3,2,2,0.5833,2229.053,719.277,918.266,10.8019,16.0000,1.1915,1.0216,4.8646,0.6517,0.0773,0.2710,0.8881,0.0000,4.8645,1.3681,0.6277
4,3,2251,2252,2,2,1,1.0000,2251.459,998.443,586.000,9.2804,18.0000,1.1803,0.6377,5.4768,0.0000,0.7500,0.2500,1.0000,0.0000,5.3247,1.3692,0.8033
6,3,2254,2256,3,1,4,0.5000,2255.000,869.000,644.841,10.1878,18.0000,1.3171,0.8415,5.4779,0.6945,0.2391,0.0664,0.1949,0.0000,3.9564,0.7608,0.5732
6,3,2254,2256,3,2,2,0.5000,2254.827,949.133,495.467,9.3180,15.0000,1.2000,0.5154,4.5649,0.3810,0.3333,0.2857,0.9487,0.1690,4.4127,1.6739,0.5867
10,3,2257,2260,4,2,2,0.6250,2258.148,171.262,395.328,11.7428,15.0000,1.2295,0.7364,4.5656,0.6356,0.1792,0.1852,0.9950,0.0995,3.9569,1.3697,0.3525
5,3,2268,2269,2,2,2,0.6250,2268.429,917.814,812.414,9.5341,16.0000,1.1429,0.7298,4.8731,0.3432,0.2505,0.4063,0.6059,0.3645,4.5685,1.8274,0.6429
3,3,2272,2274,3,1,1,1.0000,2273.023,574.000,513.000,7.5630,15.0000,1.0465,0.9767,4.5699,0.8889,0.0000,0.1111,1.0000,0.0000,3.9603,1.2185,1.0000
5,3,2272,2274,3,2,2,0.4167,2272.941,1185.441,615.147,9.2642,16.0000,1.1765,1.1044,4.8742,0.5461,0.2256,0.2283,0.8117,0.4177,4.5696,1.2186,0.6765
4,3,2278,2279,2,2,2,0.5000,2278.545,1029.291,705.200,8.3804,16.0000,1.1636,0.8657,4.8760,0.5916,0.1015,0.3069,0.7071,0.7071,4.5711,1.2190,0.8000
6,3,2279,2281,3,2,1,1.0000,2279.964,1070.458,555.000,10.3269,18.0000,1.3012,0.4593,5.4858,0.5556,0.3333,0.1111,1.0000,0.0000,4.7238,1.2191,0.5783
5,3,2282,2284,3,1,3,0.5556,2283.344,771.000,510.500,8.7246,14.0000,1.0937,1.4338,4.2677,0.6646,0.2585,0.0769,0.7071,0.0000,4.5721,0.9146,0.6562
5,3,2284,2286,3,2,1,0.8333,2284.788,895.561,544.000,8.9980,15.0000,1.1364,0.9670,4.5726,0.5854,0.2927,0.1220,0.9487,0.0000,3.9631,0.7622,0.6515
4,3,2295,2296,2,2,2,0.5000,2295.190,705.241,315.276,8.8454,17.0000,1.1724,0.4127,5.1852,0.0000,0.5625,0.4375,0.4459,0.5774,4.2702,1.5251,0.8103
4,3,2297,2298,2,2,1,1.0000,2297.509,695.491,1150.000,8.3888,14.0000,1.0182,0.7072,4.2707,0.0000,0.7500,0.2500,1.0000,0.0000,4.5757,1.5252,0.7636
4,3,2315,2316,2,2,2,0.5000,2315.714,938.804,618.732,8.5462,16.0000,1.1429,0.7877,4.8835,0.0000,0.5625,0.4375,0.4459,0.5774,4.1205,0.9157,0.8036
5,3,2315,2317,3,2,1,0.8333,2316.224,989.373,593.000,9.1455,17.0000,1.2687,0.4351,5.1888,0.5854,0.2927,0.1220,0.9487,0.0000,4.8836,1.3735,0.7015
6,4,2319,2321,3,2,2,0.5000,2320.209,807.337,834.151,10.7170,17.0000,1.1860,0.4247,5.1892,0.5230,0.1584,0.3185,0.9225,0.0898,4.7313,0.7631,0.7093
4,3,2320,2322,3,2,1,0.6667,2321.081,965.452,581.000,9.4627,18.0000,1.1613,0.4588,5.4945,0.7576,0.1294,0.1129,0.8507,0.0000,5.3419,0.6105,0.8226
4,3,2325,2326,2,2,1,1.0000,2325.564,1123.564,910.000,8.3948,17.0000,1.2364,0.6171,5.1895,0.0000,0.7500,0.2500,1.0000,0.0000,3.9685,1.2211,0.8182
3,3,2332,2333,2,2,1,0.7500,2332.348,1096.326,1145.000,8.1077,16.0000,1.0435,0.7292,4.8845,0.5333,0.2667,0.2000,0.7071,0.0000,4.2739,1.0685,1.0000
50,5,2334,2336,3,10,7,0.2381,2335.442,1030.030,1226.793,26.2927,20.0000,1.6420,3.5143,6.1057,0.7597,0.1587,0.0816,0.0409,0.9957,3.0528,1.2211,0.2677
38,3,2334,2336,3,10,7,0.1810,2335.069,1162.000,1102.293,23.1274,16.0000,1.3019,2.6301,4.8845,0.5660,0.3794,0.0546,0.1322,0.9906,3.3581,0.9159,0.3212
18,4,2335,2336,2,4,6,0.3750,2335.509,1034.549,1216.969,16.1181,16.0000,1.2857,1.1835,4.8845,0.5270,0.3212,0.1518,0.1113,0.9668,2.5949,0.6106,0.4018
11,4,2335,2336,2,5,3,0.3667,2335.393,1150.172,1117.090,13.3467,19.0000,1.4414,1.3232,5.8004,0.7455,0.1470,0.1075,0.1298,0.7752,3.3581,0.9159,0.4552
7,3,2335,2336,2,4,2,0.4375,2335.108,1170.258,1092.290,10.7309,19.0000,1.4301,1.2956,5.8004,0.6673,0.1280,0.2047,0.0893,0.9308,2.7475,1.2211,0.5484
8,3,2335,2336,2,4,2,0.5000,2335.151,1183.500,1079.660,11.4410,20.0000,1.5094,0.6230,6.1057,0.7266,0.1136,0.1597,0.0935,0.9600,3.3581,1.2211,0.4717
4,3,2335,2335,1,3,2,0.6667,2335.000,1193.656,1065.688,9.7691,20.0000,1.2500,0.9504,6.1057,0.7500,0.1500,0.1000,0.0000,1.0000,3.8160,0.9158,0.7969
6,3,2335,2337,3,3,2,0.3333,2336.000,1200.934,1065.461,9.4720,16.0000,1.2632,0.4652,4.8845,0.6378,0.1768,0.1854,0.4780,0.2815,4.2740,1.9843,0.6053
3,3,2337,2339,3,1,1,1.0000,2337.935,836.000,497.000,8.1077,17.0000,1.1087,0.9348,5.1898,0.8889,0.0000,0.1111,1.0000,0.0000,4.8845,0.9158,1.0000
3,3,2342,2343,2,2,1,0.7500,2342.682,973.682,536.000,7.7552,16.0000,1.0909,0.4500,4.8845,0.5333,0.2667,0.2000,0.7071,0.0000,4.2739,0.6106,1.0000
3,3,2344,2345,2,2,1,0.7500,2344.333,742.667,448.000,7.9313,15.0000,1.0000,0.7454,4.5792,0.5333,0.2667,0.2000,0.7071,0.0000,4.8845,1.2211,1.0000
5,3,2347,2348,2,2,2,0.6250,2347.588,855.794,912.353,9.2835,15.0000,1.1029,0.7162,4.5791,0.3432,0.2505,0.4063,0.6059,0.3645,4.5791,0.9158,0.6471
4,3,2349,2350,2,2,1,1.0000,2349.421,684.561,816.000,8.7001,18.0000,1.2632,0.6080,5.4948,0.0000,0.7500,0.2500,1.0000,0.0000,4.7316,1.8316,0.8246
4,3,2349,2350,2,2,1,1.0000,2349.455,880.473,897.000,8.3948,15.0000,1.0909,0.6558,4.5790,0.0000,0.7500,0.2500,1.0000,0.0000,4.7316,0.7632,0.8000
3,3,2358,2359,2,2,1,0.7500,2358.326,1208.326,708.000,7.5778,15.0000,1.0465,0.4604,4.5785,0.5333,0.2667,0.2000,0.7071,0.0000,4.2733,1.5262,1.0000
5,3,2369,2371,3,1,2,0.8333,2370.206,553.000,896.676,9.2802,16.0000,1.1765,0.3835,4.8827,0.5854,0.2927,0.1220,0.9487,0.0000,4.8827,1.2206,0.6765
3,3,2375,2377,3,1,1,1.0000,2376.000,636.000,482.000,7.3988,14.0000,1.0000,1.0000,4.2718,0.8889,0.0000,0.1111,1.0000,0.0000,4.5768,1.3730,1.0000
6,3,2375,2377,3,2,2,0.5000,2376.250,1195.263,645.612,9.9651,21.0000,1.5750,0.5306,6.4075,0.4758,0.3366,0.1876,0.8466,0.1665,4.1191,1.5256,0.6125
6,3,2380,2381,2,2,2,0.7500,2380.434,812.645,678.671,9.4658,15.0000,1.1842,0.8441,4.5763,0.2000,0.3333,0.4667,0.0000,0.0000,3.6610,1.0677,0.5658
4,3,2380,2382,3,1,2,0.6667,2381.048,830.000,747.841,9.6099,22.0000,1.3968,0.1657,6.7117,0.5357,0.3214,0.1429,1.0000,0.0000,5.0338,1.2204,0.8413
6,3,2384,2386,3,3,2,0.3333,2385.012,1021.458,821.494,10.3361,18.0000,1.3012,0.6825,5.4907,0.4795,0.2713,0.2493,0.0000,0.0000,4.5755,1.6777,0.5783
3,3,2388,2389,2,2,1,0.7500,2388.385,1011.731,674.000,9.1569,20.0000,1.1538,0.6717,6.1000,0.5333,0.2667,0.2000,0.7071,0.0000,6.1002,1.6775,1.0000
5,3,2401,2402,2,2,2,0.6250,2401.379,795.621,853.833,8.9980,15.0000,1.1364,0.7464,4.5728,0.3432,0.2505,0.4063,0.6059,0.3645,4.2677,0.9146,0.6818
4,3,2405,2406,2,2,1,1.0000,2405.571,1074.571,634.000,8.5342,18.0000,1.2857,0.6061,5.4862,0.0000,0.7500,0.2500,1.0000,0.0000,4.5719,1.5239,0.8214
5,3,2415,2417,3,2,2,0.4167,2416.137,1079.151,879.370,9.9455,20.0000,1.3699,0.9509,6.0926,0.5461,0.2256,0.2283,0.8117,0.4177,4.8743,1.0662,0.7123
5,4,2430,2431,2,2,2,0.6250,2430.580,862.145,827.420,9.3946,15.0000,1.0870,0.7306,4.5668,0.3432,0.2505,0.4063,0.6059,0.3645,4.8711,1.5222,0.8551
7,3,2432,2434,3,2,3,0.3889,2432.791,661.890,1103.044,10.4706,16.0000,1.2308,1.2458,4.8709,0.6788,0.0891,0.2320,0.6025,0.1824,3.9573,1.2176,0.5165
13,4,2437,2440,4,3,3,0.3611,2438.209,1164.031,337.564,13.7602,17.0000,1.3558,1.3342,5.1745,0.2890,0.5047,0.2063,0.6550,0.2901,3.3480,0.9131,0.3804
5,3,2441,2443,3,2,2,0.4167,2442.063,939.540,706.841,8.5748,15.0000,1.1905,0.5661,4.5652,0.5461,0.2256,0.2283,0.8117,0.4177,4.5651,1.2174,0.6825
6,3,2445,2447,3,2,2,0.5000,2445.886,886.342,908.139,9.8151,17.0000,1.2911,0.3862,5.1736,0.5230,0.1584,0.3185,0.9225,0.0898,3.8041,0.4565,0.5696
4,4,2450,2451,2,3,1,0.6667,2450.500,1073.017,786.000,9.1296,16.0000,1.0667,0.5003,4.8691,0.7576,0.1294,0.1129,0.5257,0.0000,4.8691,1.2173,1.0000
7,4,2450,2452,3,4,1,0.5833,2451.293,1162.609,801.000,10.5821,16.0000,1.2174,0.9326,4.8691,0.6405,0.2826,0.0769,0.5145,0.0000,4.8691,1.8259,0.6630
3,3,2461,2462,2,1,2,0.7500,2461.326,885.000,1192.674,7.5559,15.0000,1.0465,0.4604,4.5653,0.5333,0.2667,0.2000,0.7071,0.0000,4.5653,1.2174,1.0000
4,3,2464,2465,2,2,1,1.0000,2464.526,911.509,474.000,8.6747,16.0000,1.1228,0.6824,4.8701,0.0000,0.7500,0.2500,1.0000,0.0000,4.2613,1.3697,0.7719
5,3,2470,2471,2,3,1,0.8333,2470.554,711.231,990.000,8.8494,15.0000,1.1538,0.9479,4.5664,0.5854,0.2927,0.1220,0.3162,0.0000,3.9575,1.0655,0.6615
3,3,2473,2474,2,2,1,0.7500,2473.326,747.696,580.000,8.0858,17.0000,1.1087,0.4460,5.1757,0.5333,0.2667,0.2000,0.7071,0.0000,4.8714,1.2178,1.0000
3,3,2474,2475,2,2,1,0.7500,2474.318,1051.659,948.000,7.7345,15.0000,1.0227,0.7319,4.5670,0.5333,0.2667,0.2000,0.7071,0.0000,5.1759,1.2179,1.0000
4,3,2477,2478,2,2,1,1.0000,2477.545,1001.455,483.000,8.3739,16.0000,1.1636,0.6428,4.8721,0.0000,0.7500,0.2500,1.0000,0.0000,4.5675,0.9135,0.8000
3,3,2478,2479,2,1,2,0.7500,2478.362,483.000,1076.340,8.2631,17.0000,1.0851,0.7234,5.1768,0.5333,0.2667,0.2000,0.7071,0.0000,5.1766,0.6090,1.0000
3,3,2485,2487,3,1,1,1.0000,2485.956,828.000,1128.000,7.9137,16.0000,1.0667,0.9556,4.8734,0.8889,0.0000,0.1111,1.0000,0.0000,4.2644,0.9138,1.0000
3,3,2486,2487,2,2,1,0.7500,2486.651,893.674,392.000,7.5621,15.0000,1.0465,0.7280,4.5690,0.5333,0.2667,0.2000,0.7071,0.0000,4.8737,1.2184,1.0000
5,3,2487,2489,3,2,2,0.4167,2487.884,762.159,1078.797,9.3998,17.0000,1.2319,0.2829,5.1785,0.7958,0.0325,0.1718,0.9294,0.3690,4.5692,1.5231,0.6812
3,3,2487,2488,2,1,2,0.7500,2487.651,1145.000,757.326,7.5624,15.0000,1.0465,0.7280,4.5691,0.5333,0.2667,0.2000,0.7071,0.0000,4.5693,1.2185,1.0000
4,3,2498,2499,2,1,2,1.0000,2498.481,1029.000,1038.537,8.2273,15.0000,1.1111,0.6951,4.5708,0.0000,0.7500,0.2500,0.0000,0.0000,4.8754,1.5236,0.7963
4,3,2500,2502,3,1,2,0.6667,2500.782,985.000,1140.800,8.3802,15.0000,1.0909,0.8070,4.5710,0.7500,0.1500,0.1000,0.9487,0.0000,4.7234,0.7619,0.8000
5,3,2502,2504,3,2,2,0.4167,2503.014,734.377,955.420,9.4038,15.0000,1.0870,0.6916,4.5713,0.7383,0.0485,0.2132,0.7071,0.0000,4.5712,0.9143,0.8406
4,3,2505,2506,2,2,1,1.0000,2505.509,456.473,827.000,8.3810,15.0000,1.0909,0.6947,4.5714,0.0000,0.7500,0.2500,1.0000,0.0000,3.9620,1.0667,0.7818
3,3,2506,2508,3,1,1,1.0000,2507.000,773.000,1080.000,7.3903,14.0000,1.0000,1.0000,4.2669,0.8889,0.0000,0.1111,1.0000,0.0000,3.9620,0.4572,1.0000
3,3,2507,2509,3,1,1,1.0000,2508.023,1121.000,807.000,7.5664,15.0000,1.0465,0.9767,4.5717,0.8889,0.0000,0.1111,1.0000,0.0000,4.5716,1.5239,1.0000
4,3,2514,2516,3,1,2,0.6667,2514.925,915.000,1089.528,8.0772,15.0000,1.1321,0.5337,4.5720,0.7576,0.1294,0.1129,0.8507,0.0000,3.9624,0.9144,0.8113
9,3,2515,2517,3,2,2,0.7500,2516.296,598.365,465.687,11.6842,19.0000,1.4870,0.5646,5.7913,0.5373,0.1435,0.3192,0.9487,0.2905,3.9624,1.3716,0.4609
3,3,2518,2520,3,1,1,1.0000,2518.936,1008.000,880.000,8.2712,17.0000,1.0851,0.9362,5.1818,0.8889,0.0000,0.1111,1.0000,0.0000,5.1818,1.8289,1.0000
3,3,2520,2521,2,1,2,0.7500,2520.333,884.000,1001.644,7.9193,16.0000,1.0667,0.7255,4.8770,0.5333,0.2667,0.2000,0.7071,0.0000,4.8770,1.5241,1.0000
12,7,2520,2522,3,3,2,0.6667,2521.431,1012.928,428.392,15.9267,23.0000,1.5249,0.6949,7.0108,0.2221,0.3487,0.4292,0.1469,0.3672,4.5722,1.2193,0.6685
3,3,2526,2528,3,1,1,1.0000,2527.022,821.000,355.000,7.9196,16.0000,1.0667,0.0222,4.8772,0.8889,0.0000,0.1111,1.0000,0.0000,4.2676,0.9145,1.0000
6,3,2529,2532,4,2,2,0.3750,2530.347,878.200,906.720,9.3335,15.0000,1.2000,1.3899,4.5724,0.8076,0.0500,0.1424,0.9217,0.3087,4.1152,2.1338,0.5867
4,3,2531,2532,2,2,2,0.5000,2531.731,1116.192,433.462,7.9256,14.0000,1.0769,0.8855,4.2677,0.5916,0.1015,0.3069,0.5000,0.5000,4.5725,1.2193,0.8077
4,3,2532,2534,3,2,1,0.6667,2533.070,942.561,1048.000,8.6878,17.0000,1.1930,0.4442,5.1822,0.7576,0.1294,0.1129,0.8507,0.0000,5.0298,1.2193,0.8070
4,3,2536,2538,3,2,1,0.6667,2536.879,965.414,762.000,8.8404,17.0000,1.1724,0.9718,5.1823,0.7576,0.1294,0.1129,0.8507,0.0000,4.4202,0.6097,0.8276
4,3,2538,2540,3,1,2,0.6667,2538.814,898.000,960.169,8.9930,18.0000,1.2203,0.2520,5.4872,0.7500,0.1500,0.1000,0.9487,0.0000,4.4203,0.6097,0.8305
11,6,2539,2542,4,2,2,0.6875,2540.934,916.454,471.533,13.9713,19.0000,1.3750,0.6547,5.7923,0.6899,0.0291,0.2811,0.9578,0.2532,4.5728,1.8291,0.6447
5,3,2539,2541,3,1,2,0.8333,2539.672,957.000,821.403,9.1343,16.0000,1.1940,0.7833,4.8776,0.5854,0.2927,0.1220,0.9487,0.0000,4.8776,1.2194,0.6866
4,3,2541,2542,2,1,2,1.0000,2541.547,943.000,950.453,8.0786,15.0000,1.1321,0.6404,4.5728,0.0000,0.7500,0.2500,0.0000,0.0000,4.5728,0.9146,0.8113
4,3,2547,2549,3,2,1,0.6667,2548.091,742.745,631.000,8.3842,16.0000,1.1636,0.2703,4.8781,0.5357,0.3214,0.1429,1.0000,0.0000,4.7257,1.0671,0.8182
4,3,2549,2551,3,2,1,0.6667,2550.220,857.797,555.000,8.9943,16.0000,1.0847,0.2999,4.8783,0.7500,0.1500,0.1000,0.9487,0.0000,5.0306,1.6769,0.7966
5,3,2552,2553,2,2,2,0.6250,2552.433,995.627,812.851,9.1359,17.0000,1.2687,0.5906,5.1833,0.3432,0.2505,0.4063,0.6059,0.3645,4.5736,1.2196,0.6866
4,3,2554,2555,2,2,1,1.0000,2554.500,967.518,610.000,8.5376,15.0000,1.0714,0.6946,4.5738,0.0000,0.7500,0.2500,1.0000,0.0000,4.5737,0.9147,0.7679
4,3,2557,2558,2,1,2,1.0000,2557.474,647.000,883.509,8.6906,15.0000,1.0526,0.6951,4.5740,0.0000,0.7500,0.2500,0.0000,0.0000,4.7265,1.5247,0.7719
4,3,2559,2560,2,2,1,1.0000,2559.453,1137.472,950.000,8.0811,15.0000,1.1321,0.6958,4.5742,0.0000,0.7500,0.2500,1.0000,0.0000,4.5742,0.4574,0.8113
7,3,2563,2566,4,2,2,0.4375,2564.418,1009.890,720.505,10.4900,18.0000,1.3846,0.6648,5.4897,0.7406,0.0824,0.1770,0.9316,0.0988,3.3549,1.2200,0.5495
5,3,2569,2571,3,1,2,0.8333,2569.862,492.000,657.585,8.8670,14.0000,1.0769,0.6008,4.2706,0.5854,0.2927,0.1220,0.9487,0.0000,4.5755,1.0676,0.6462
4,3,2572,2573,2,1,2,1.0000,2572.455,943.000,955.527,8.3891,15.0000,1.0909,0.6962,4.5758,0.0000,0.7500,0.2500,0.0000,0.0000,4.7284,1.3728,0.8000
4,3,2573,2574,2,2,1,1.0000,2573.509,647.545,547.000,8.3894,16.0000,1.1636,0.6825,4.8810,0.0000,0.7500,0.2500,1.0000,0.0000,4.5761,0.9152,0.8000
3,3,2575,2576,2,2,1,0.7500,2575.659,1105.318,978.000,7.7503,15.0000,1.0227,0.7319,4.5764,0.5333,0.2667,0.2000,0.7071,0.0000,4.8814,1.6780,1.0000
4,3,2578,2579,2,1,2,1.0000,2578.519,686.000,835.519,8.2381,14.0000,1.0370,0.7076,4.2717,0.0000,0.7500,0.2500,0.0000,0.0000,4.5767,0.6102,0.7778
5,3,2578,2579,2,2,2,0.6250,2578.561,731.833,892.424,9.0058,15.0000,1.1364,0.7225,4.5767,0.3432,0.2505,0.4063,0.6059,0.3645,3.9665,1.2205,0.6515
4,3,2586,2588,3,2,1,0.6667,2587.056,743.722,474.000,8.2402,15.0000,1.1111,0.7244,4.5779,0.5357,0.3214,0.1429,1.0000,0.0000,3.9675,1.0681,0.7963
7,3,2601,2603,3,1,3,0.7778,2602.200,996.000,896.659,9.8081,15.0000,1.2353,1.0364,4.5794,0.4747,0.4312,0.0941,0.8619,0.0000,3.9688,0.3053,0.5059
4,3,2607,2608,2,2,1,1.0000,2607.482,577.482,975.000,8.5488,15.0000,1.0714,0.6819,4.5797,0.0000,0.7500,0.2500,1.0000,0.0000,4.5797,1.5266,0.7679
5,3,2608,2610,3,2,1,0.8333,2609.254,1129.522,1001.000,9.1484,16.0000,1.1940,0.5807,4.8851,0.5854,0.2927,0.1220,0.9487,0.0000,4.5798,1.0686,0.6866
4,4,2613,2614,2,2,1,1.0000,2613.500,654.517,822.000,9.1598,16.0000,1.0667,0.6954,4.8852,0.0000,0.7500,0.2500,1.0000,0.0000,4.8853,1.8320,1.0000
5,3,2620,2622,3,1,2,0.8333,2621.167,1107.000,785.333,9.0123,15.0000,1.1364,0.3727,4.5800,0.5854,0.2927,0.1220,0.9487,0.0000,4.5800,0.6107,0.6667
4,3,2620,2622,3,2,1,0.6667,2620.984,1143.508,839.000,9.3127,18.0000,1.1803,0.4921,5.4960,0.7576,0.1294,0.1129,0.8507,0.0000,5.1907,2.4427,0.7869
3,3,2621,2623,3,1,1,1.0000,2622.023,365.000,964.000,7.7565,15.0000,1.0227,0.0227,4.5800,0.8889,0.0000,0.1111,1.0000,0.0000,4.2747,0.9160,1.0000
5,3,2625,2627,3,2,1,0.8333,2626.299,1114.612,616.000,9.1487,16.0000,1.1940,0.8017,4.8853,0.5854,0.2927,0.1220,0.9487,0.0000,4.5799,1.5266,0.6716
3,3,2628,2629,2,2,1,0.7500,2628.333,543.667,1019.000,7.4038,14.0000,1.0000,0.7454,4.2746,0.5333,0.2667,0.2000,0.7071,0.0000,3.9693,1.3740,1.0000
26,11,2631,2634,4,4,5,0.3250,2632.633,1259.607,503.832,23.1727,29.0000,1.9483,0.7637,8.8543,0.4236,0.1657,0.4107,0.5600,0.3010,3.6638,0.9160,0.5659
3,3,2634,2635,2,1,2,0.7500,2634.349,832.000,750.674,7.5797,15.0000,1.0465,0.7280,4.5797,0.5333,0.2667,0.2000,0.7071,0.0000,3.6638,0.9160,1.0000
5,3,2638,2639,2,2,2,0.6250,2638.152,1051.606,839.606,9.0113,15.0000,1.1364,0.7385,4.5795,0.3432,0.2505,0.4063,0.5155,0.8569,4.2742,0.6106,0.6818
6,3,2641,2642,2,2,2,0.7500,2641.500,696.269,943.372,9.7214,15.0000,1.1538,0.6788,4.5794,0.2000,0.3333,0.4667,0.0000,0.0000,4.4267,1.3738,0.5641
6,3,2645,2647,3,1,2,1.0000,2646.012,429.000,914.531,10.0946,17.0000,1.2593,0.4693,5.1896,0.5556,0.3333,0.1111,1.0000,0.0000,4.2737,1.5264,0.5679
6,4,2645,2646,2,2,2,0.7500,2645.463,660.312,1056.662,9.9701,15.0000,1.1250,0.8663,4.5791,0.2000,0.3333,0.4667,0.0000,0.0000,3.9685,1.2211,0.7125
8,4,2646,2649,4,2,2,0.5000,2647.260,773.663,1121.808,11.2243,17.0000,1.3077,1.7830,5.1893,0.7029,0.0457,0.2514,0.9668,0.1294,4.1211,0.4579,0.5962
6,3,2647,2648,2,2,2,0.7500,2647.276,550.487,552.382,9.4713,15.0000,1.1842,0.8498,4.5789,0.2000,0.3333,0.4667,0.7071,0.7071,3.6632,0.9158,0.5658
5,3,2648,2650,3,1,3,0.5556,2649.161,685.000,1325.000,8.4638,14.0000,1.1290,1.1613,4.2736,0.5532,0.3398,0.1070,0.8281,0.0000,4.5787,0.7631,0.6774
7,4,2649,2651,3,2,3,0.3889,2650.141,1250.598,983.000,10.6143,15.0000,1.1413,0.4263,4.5787,0.1909,0.4622,0.3468,0.7315,0.2073,3.9682,1.2209,0.6304
3,3,2651,2652,2,2,1,0.7500,2651.356,982.667,986.000,7.9304,16.0000,1.0667,0.7255,4.8838,0.5333,0.2667,0.2000,0.7071,0.0000,4.2734,1.3736,1.0000
4,3,2655,2656,2,2,1,1.0000,2655.526,554.474,953.000,8.6986,16.0000,1.1228,0.6699,4.8834,0.0000,0.7500,0.2500,1.0000,0.0000,4.8834,1.5261,0.7719
4,3,2663,2664,2,2,1,1.0000,2663.537,598.556,993.000,8.2394,15.0000,1.1111,0.6971,4.5775,0.0000,0.7500,0.2500,1.0000,0.0000,4.7300,1.2206,0.8148
4,3,2666,2668,3,1,2,0.6667,2667.164,387.000,1229.182,8.3913,16.0000,1.1636,0.2446,4.8822,0.7500,0.1500,0.1000,0.9487,0.0000,4.7296,0.9154,0.8182
5,3,2667,2668,2,2,2,0.6250,2667.544,673.588,410.147,9.2793,16.0000,1.1765,0.6980,4.8822,0.3432,0.2505,0.4063,0.6059,0.3645,3.9667,1.0680,0.6618
4,3,2668,2671,4,1,1,1.0000,2669.436,863.000,1125.000,8.3908,15.0000,1.0909,0.4364,4.5768,0.9375,0.0000,0.0625,1.0000,0.0000,3.9666,0.9153,0.7818
8,3,2670,2672,3,2,3,0.4444,2670.714,500.371,826.143,11.3267,16.0000,1.2190,0.4899,4.8817,0.2138,0.3975,0.3887,0.9403,0.3387,4.5767,1.6781,0.4381
3,3,2678,2680,3,1,1,1.0000,2678.944,429.000,1048.000,9.5105,21.0000,1.1667,0.0556,6.4061,0.8889,0.0000,0.1111,1.0000,0.0000,5.1860,0.9151,1.0000
5,3,2678,2679,2,1,3,0.8333,2678.381,942.000,849.270,8.5948,14.0000,1.1111,0.4668,4.2708,0.5854,0.2927,0.1220,0.3162,0.0000,4.5758,1.5252,0.6667
4,3,2691,2692,2,2,2,0.5000,2691.736,535.528,543.811,8.0816,15.0000,1.1321,0.6201,4.5745,0.5916,0.1015,0.3069,0.5000,0.5000,4.5745,1.8298,0.8113
5,3,2698,2699,2,3,2,0.4167,2698.149,778.940,901.373,9.1369,17.0000,1.2687,0.4063,5.1839,0.5461,0.2256,0.2283,0.1201,0.5647,3.9642,1.2197,0.6866
4,3,2698,2700,3,2,1,0.6667,2699.018,892.719,1094.000,8.6905,16.0000,1.1228,0.7195,4.8789,0.5357,0.3214,0.1429,1.0000,0.0000,4.5739,0.9148,0.7719
5,3,2700,2702,3,1,2,0.8333,2701.182,577.000,449.697,9.0001,16.0000,1.2121,0.3534,4.8788,0.5854,0.2927,0.1220,0.9487,0.0000,3.9641,0.6099,0.6970
8,3,2702,2704,3,2,3,0.4444,2702.773,932.144,1041.196,10.4570,16.0000,1.3196,0.8479,4.8786,0.2862,0.4811,0.2328,0.1814,0.0689,3.8115,0.6098,0.4536
3,3,2706,2708,3,1,1,1.0000,2707.022,864.000,926.000,7.9216,16.0000,1.0667,0.0222,4.8784,0.8889,0.0000,0.1111,1.0000,0.0000,5.1833,0.3049,1.0000
6,3,2709,2711,3,2,2,0.5000,2709.810,760.357,657.262,10.4557,18.0000,1.2857,0.4821,5.4881,0.6381,0.1455,0.2164,0.8019,0.3768,4.4210,1.2196,0.5833
4,3,2714,2716,3,2,1,0.6667,2714.949,1044.763,1006.000,8.9941,18.0000,1.2203,0.2427,5.4879,0.5357,0.3214,0.1429,1.0000,0.0000,4.1160,0.9147,0.7966
6,3,2716,2718,3,2,2,0.5000,2717.218,946.184,790.506,10.8287,16.0000,1.1034,0.9788,4.8781,0.3810,0.3333,0.2857,0.9487,0.1690,4.8781,1.5244,0.7126
4,3,2716,2717,2,2,1,1.0000,2716.536,947.429,522.000,8.5367,16.0000,1.1429,0.6860,4.8781,0.0000,0.7500,0.2500,1.0000,0.0000,4.8781,0.7622,0.8214
5,4,2718,2719,2,2,2,0.6250,2718.576,600.424,985.152,8.9989,14.0000,1.0606,0.7311,4.2683,0.3432,0.2505,0.4063,0.6059,0.3645,4.5732,1.2195,0.8485
5,3,2719,2721,3,2,1,0.8333,2719.862,520.369,843.000,8.8625,14.0000,1.0769,0.3943,4.2683,0.5854,0.2927,0.1220,0.9487,0.0000,4.5732,1.5244,0.6462
7,3,2722,2724,3,2,2,0.5833,2722.793,829.609,818.379,10.0253,16.0000,1.2874,0.5826,4.8781,0.5352,0.1763,0.2885,0.8018,0.5745,3.6586,0.4573,0.5057
4,3,2723,2724,2,1,2,1.0000,2723.482,790.000,1129.446,8.5366,16.0000,1.1429,0.6837,4.8781,0.0000,0.7500,0.2500,0.0000,0.0000,4.7256,1.8293,0.8036
4,3,2736,2738,3,1,2,0.6667,2737.075,525.000,1247.528,8.0797,15.0000,1.1321,0.5337,4.5734,0.7576,0.1294,0.1129,0.8507,0.0000,4.5734,1.2196,0.8113
24,13,2738,2741,4,3,5,0.4000,2739.488,1245.961,670.083,22.5923,27.0000,1.7851,0.4961,8.2323,0.4504,0.1930,0.3566,0.7219,0.3362,3.8113,0.9147,0.6584
5,3,2739,2741,3,2,2,0.4167,2740.242,1010.621,1062.197,8.9995,14.0000,1.0606,0.6953,4.2687,0.7729,0.0435,0.1836,0.8328,0.5477,4.5735,1.3721,0.6364
7,3,2742,2744,3,1,4,0.5833,2743.341,773.000,1006.576,9.7959,15.0000,1.2353,0.5439,4.5737,0.6405,0.2826,0.0769,0.5145,0.0000,3.0491,0.7623,0.5176
5,3,2750,2752,3,1,2,0.8333,2750.708,401.000,951.385,8.8642,15.0000,1.1538,0.8055,4.5740,0.5854,0.2927,0.1220,0.9487,0.0000,4.5741,0.6099,0.6769
5,3,2750,2751,2,2,2,0.6250,2750.627,483.821,1037.612,9.1369,15.0000,1.1194,0.7388,4.5741,0.3432,0.2505,0.4063,0.6059,0.3645,4.5740,0.9148,0.6567
5,3,2761,2763,3,2,1,0.8333,2762.246,898.615,1025.000,8.8657,15.0000,1.1538,0.4566,4.5749,0.5854,0.2927,0.1220,0.9487,0.0000,4.5748,1.2200,0.6769
9,3,2771,2773,3,3,3,0.3333,2771.802,864.162,1003.523,11.2862,15.0000,1.2162,0.9707,4.5755,0.6310,0.2101,0.1589,0.5129,0.4526,4.2705,1.8302,0.3874
3,3,2775,2775,1,1,3,1.0000,2775.000,869.000,804.000,7.3970,14.0000,1.0000,1.0000,4.2706,0.8889,0.0000,0.1111,0.0000,1.0000,4.8807,1.5252,1.0000
6,3,2776,2778,3,1,3,0.6667,2777.228,563.000,783.228,9.8385,16.0000,1.2152,0.3222,4.8808,0.4000,0.4800,0.1200,0.7071,0.0000,4.4233,0.6101,0.5696
7,3,2782,2783,2,2,3,0.5833,2782.545,411.750,933.795,10.1467,15.0000,1.1932,0.9497,4.5760,0.3883,0.1309,0.4808,0.3626,0.5691,3.9658,0.9152,0.4886
3,3,2785,2786,2,1,2,0.7500,2785.341,706.000,976.318,7.7497,15.0000,1.0227,0.4663,4.5760,0.5333,0.2667,0.2000,0.7071,0.0000,5.0336,1.2203,1.0000
5,3,2789,2791,3,1,3,0.5556,2789.935,624.000,834.871,8.4586,14.0000,1.1290,1.2782,4.2709,0.7911,0.1351,0.0737,0.5257,0.0000,4.5760,1.6779,0.6774
7,3,2796,2798,3,3,2,0.3889,2796.865,712.202,879.225,10.2612,16.0000,1.2584,0.8397,4.8806,0.7243,0.1219,0.1538,0.7824,0.2053,3.9654,0.9151,0.5169
4,3,2798,2800,3,2,1,0.6667,2799.091,533.455,1107.000,8.3882,16.0000,1.1636,1.0164,4.8803,0.7576,0.1294,0.1129,0.8507,0.0000,4.8804,1.6776,0.8000
4,3,2799,2802,4,1,1,1.0000,2800.589,716.000,978.000,8.5404,16.0000,1.1429,0.4107,4.8802,0.9375,0.0000,0.0625,1.0000,0.0000,5.0327,1.2201,0.8036
5,3,2816,2817,2,2,2,0.6250,2816.406,486.219,938.328,8.7250,15.0000,1.1719,0.7128,4.5725,0.3432,0.2505,0.4063,0.6059,0.3645,4.5727,0.9145,0.6719
4,3,2816,2818,3,1,2,0.6667,2817.111,619.000,1132.444,8.2304,16.0000,1.1852,0.9938,4.8771,0.7576,0.1294,0.1129,0.8507,0.0000,4.5725,1.8290,0.8148
4,3,2819,2821,3,2,1,0.6667,2820.000,944.815,866.000,8.2293,16.0000,1.1852,0.1852,4.8766,0.5357,0.3214,0.1429,1.0000,0.0000,4.8766,1.2192,0.8148
5,3,2821,2823,3,2,1,0.8333,2822.138,732.385,891.000,8.8589,16.0000,1.2308,0.4088,4.8761,0.6340,0.2717,0.0943,1.0000,0.0000,3.9616,1.2189,0.6923
4,3,2824,2825,2,1,2,1.0000,2824.463,697.000,936.537,8.2274,15.0000,1.1111,0.6547,4.5709,0.0000,0.7500,0.2500,0.0000,0.0000,4.5708,1.3712,0.7963
6,3,2824,2826,3,3,1,0.6667,2825.188,712.188,951.000,9.9517,18.0000,1.3500,0.2652,5.4848,0.4000,0.4800,0.1200,0.7071,0.0000,4.2657,1.5236,0.5750
4,3,2827,2828,2,2,2,0.5000,2827.463,727.796,1138.722,8.2262,15.0000,1.1111,0.8817,4.5702,0.5916,0.1015,0.3069,0.7071,0.7071,4.8747,1.8280,0.7963
5,3,2832,2834,3,2,1,0.8333,2833.211,1173.606,690.000,9.6712,16.0000,1.1268,0.6414,4.8734,0.5854,0.2927,0.1220,0.9487,0.0000,4.8732,1.8275,0.6620
5,4,2835,2837,3,2,1,0.8333,2835.712,786.438,1089.000,9.9425,16.0000,1.0959,0.9071,4.8729,0.5854,0.2927,0.1220,0.9487,0.0000,4.5682,0.3046,0.8630
5,3,2836,2837,2,2,2,0.6250,2836.623,574.174,1197.391,9.3973,16.0000,1.1594,0.5704,4.8725,0.3432,0.2505,0.4063,0.6059,0.3645,4.8727,1.5228,0.6522
3,3,2839,2840,2,2,1,0.7500,2839.689,747.689,1014.000,7.9110,17.0000,1.1333,0.4400,5.1763,0.5333,0.2667,0.2000,0.7071,0.0000,3.9585,1.8269,1.0000
3,3,2842,2843,2,1,2,0.7500,2842.333,853.000,824.644,7.9101,16.0000,1.0667,0.7255,4.8714,0.5333,0.2667,0.2000,0.7071,0.0000,4.8713,1.2179,1.0000
4,3,2843,2844,2,2,2,0.5000,2843.441,539.186,1128.763,8.9812,19.0000,1.2881,0.5341,5.7846,0.5916,0.1015,0.3069,0.7071,0.7071,4.7189,1.8267,0.8136
4,3,2843,2844,2,1,2,1.0000,2843.466,678.000,1056.483,8.8290,17.0000,1.1724,0.6706,5.1757,0.0000,0.7500,0.2500,0.0000,0.0000,4.5667,1.3700,0.7759
6,3,2850,2852,3,2,2,0.5000,2850.613,842.538,613.850,9.9409,18.0000,1.3500,0.6217,5.4787,0.6373,0.1269,0.2358,0.8795,0.0724,3.6526,0.9131,0.5875
5,4,2851,2853,3,2,2,0.4167,2852.000,438.576,933.848,8.9836,14.0000,1.0606,1.1638,4.2612,0.5461,0.2256,0.2283,0.8117,0.4177,4.5655,1.2175,0.8485
5,3,2855,2856,2,2,2,0.6250,2855.562,786.156,972.594,8.7107,14.0000,1.0937,0.8327,4.2608,0.3432,0.2505,0.4063,0.6059,0.3645,3.9564,0.1522,0.6562
7,3,2857,2858,2,2,2,0.8750,2857.419,679.384,1041.558,9.8922,14.0000,1.1395,0.7962,4.2606,0.0000,0.3318,0.6682,0.7071,0.5774,3.3476,0.6087,0.4884
4,3,2867,2869,3,1,2,0.6667,2867.667,738.000,899.741,8.2158,16.0000,1.1852,0.4223,4.8686,0.7500,0.1500,0.1000,0.9487,0.0000,4.5644,1.5215,0.8148
5,3,2867,2869,3,1,2,0.8333,2867.784,852.000,1059.514,10.0701,20.0000,1.3514,0.5572,6.0858,0.5854,0.2927,0.1220,0.9487,0.0000,5.1729,1.8257,0.7027
4,3,2869,2871,3,1,2,0.6667,2870.071,463.000,947.482,8.5200,17.0000,1.2143,0.5228,5.1729,0.7576,0.1294,0.1129,0.8507,0.0000,4.1079,1.8257,0.8214
4,3,2876,2878,3,1,2,0.6667,2877.220,591.000,1063.203,8.9762,17.0000,1.1525,0.8058,5.1727,0.7500,0.1500,0.1000,0.9487,0.0000,4.2599,0.9128,0.7966
5,3,2878,2879,2,3,1,0.8333,2878.438,684.250,915.000,8.7090,14.0000,1.0937,0.5039,4.2599,0.5854,0.2927,0.1220,0.3162,0.0000,4.8685,1.2171,0.6562
4,3,2879,2882,4,1,1,1.0000,2880.466,418.000,738.000,8.8241,16.0000,1.1034,0.4655,4.8684,0.9375,0.0000,0.0625,1.0000,0.0000,4.7163,0.9128,0.7759
6,3,2886,2888,3,2,3,0.3333,2886.914,653.840,1095.074,10.0617,17.0000,1.2593,0.9437,5.1726,0.5704,0.2383,0.1913,0.9082,0.3228,4.5641,1.5214,0.5802
14,7,2889,2892,4,3,3,0.3889,2890.349,1158.800,330.969,15.8573,22.0000,1.5795,0.6820,6.6939,0.4323,0.2424,0.3253,0.8703,0.1763,3.6512,1.0650,0.5897
3,3,2892,2894,3,1,1,1.0000,2893.000,673.000,1163.000,8.0807,18.0000,1.1739,0.0000,5.4768,0.8889,0.0000,0.1111,1.0000,0.0000,4.8683,1.3692,1.0000
16,8,2892,2894,3,3,4,0.4444,2893.062,1193.310,377.580,17.1910,21.0000,1.4867,0.6601,6.3896,0.2428,0.4134,0.3439,0.0980,0.3395,3.6512,0.9128,0.6018
6,4,2904,2906,3,2,2,0.5000,2904.714,494.869,1054.321,10.4328,17.0000,1.2143,0.4496,5.1718,0.5034,0.2551,0.2415,0.9677,0.2521,4.8676,1.6732,0.7262
5,3,2907,2909,3,1,2,0.8333,2907.866,618.000,959.642,9.1151,17.0000,1.2687,0.9369,5.1716,0.6340,0.2717,0.0943,1.0000,0.0000,4.5631,0.9126,0.6716
3,3,2908,2909,2,1,2,0.7500,2908.333,534.000,876.667,7.9035,15.0000,1.0000,0.7454,4.5631,0.5333,0.2667,0.2000,0.7071,0.0000,4.8674,1.2168,1.0000
6,3,2909,2911,3,2,2,0.5000,2910.198,822.654,1140.148,10.0592,19.0000,1.4074,0.4248,5.7798,0.5230,0.1584,0.3185,0.9225,0.0898,4.2587,0.9126,0.5802
5,3,2911,2912,2,2,2,0.6250,2911.552,556.552,388.149,9.1145,16.0000,1.1940,0.7951,4.8671,0.3432,0.2505,0.4063,0.6059,0.3645,3.9544,0.9126,0.6567
5,3,2913,2915,3,1,2,0.8333,2913.868,845.000,901.397,9.2501,16.0000,1.1765,0.4185,4.8668,0.5854,0.2927,0.1220,0.9487,0.0000,4.2583,1.2167,0.6618
4,3,2916,2917,2,1,2,1.0000,2916.463,434.000,898.481,8.2122,15.0000,1.1111,0.6951,4.5624,0.0000,0.7500,0.2500,0.0000,0.0000,3.9540,0.9124,0.7963
6,3,2918,2919,2,2,3,0.5000,2918.398,473.723,759.181,10.3057,19.0000,1.3735,0.6873,5.7786,0.3218,0.4574,0.2208,0.2478,0.6623,4.2580,1.2166,0.6024
4,3,2918,2921,4,1,1,1.0000,2919.593,890.000,1023.000,8.9719,19.0000,1.2881,0.4068,5.7785,0.9375,0.0000,0.0625,1.0000,0.0000,4.8661,0.3041,0.7966
3,3,2927,2929,3,1,1,1.0000,2928.019,472.000,721.000,9.3045,22.0000,1.2453,0.0189,6.6896,0.8889,0.0000,0.1111,1.0000,0.0000,4.5610,0.9122,1.0000
5,3,2928,2929,2,2,2,0.6250,2928.569,616.667,867.375,9.7908,17.0000,1.1806,0.6611,5.1691,0.2938,0.4054,0.3007,0.7071,0.6739,4.8652,1.2162,0.6667
4,3,2933,2934,2,1,2,1.0000,2933.482,593.000,1072.554,8.5129,16.0000,1.1429,0.6837,4.8645,0.0000,0.7500,0.2500,0.0000,0.0000,4.7126,0.9121,0.8036
3,3,2933,2935,3,1,1,1.0000,2934.040,838.000,737.000,8.7766,20.0000,1.2000,0.0400,6.0806,0.8889,0.0000,0.1111,1.0000,0.0000,5.1684,0.7601,1.0000
6,3,2934,2935,2,2,3,0.5000,2934.468,533.127,1100.367,9.8054,17.0000,1.2911,0.8362,5.1684,0.6373,0.1269,0.2358,0.4046,0.4063,4.4084,1.2161,0.5823
7,3,2934,2935,2,2,2,0.8750,2934.528,978.539,587.371,10.2271,16.0000,1.2584,0.8410,4.8645,0.0000,0.3318,0.6682,0.0000,0.5774,3.9524,1.5201,0.5056
5,4,2944,2945,2,2,2,0.6250,2944.848,747.424,939.424,8.9720,14.0000,1.0606,0.6188,4.2556,0.3432,0.2505,0.4063,0.5155,0.8569,4.5596,0.9119,0.8485
3,3,2958,2960,3,1,1,1.0000,2959.000,794.000,944.000,7.3702,14.0000,1.0000,1.0000,4.2552,0.8889,0.0000,0.1111,1.0000,0.0000,3.9513,1.3677,1.0000
3,3,2962,2963,2,2,1,0.7500,2962.682,384.682,847.000,7.7212,16.0000,1.0909,0.4500,4.8631,0.5333,0.2667,0.2000,0.7071,0.0000,3.9513,0.9118,1.0000
3,3,2963,2965,3,1,1,1.0000,2964.000,635.000,351.000,7.7213,15.0000,1.0227,1.0000,4.5592,0.8889,0.0000,0.1111,1.0000,0.0000,4.8631,0.9118,1.0000
4,4,2963,2964,2,1,2,1.0000,2963.541,783.000,953.525,9.2703,18.0000,1.1803,0.6608,5.4710,0.0000,0.7500,0.2500,0.0000,0.0000,4.7112,1.2158,1.0000
3,3,2964,2965,2,1,2,0.7500,2964.333,526.000,911.667,7.3703,14.0000,1.0000,0.7454,4.2553,0.5333,0.2667,0.2000,0.7071,0.0000,4.5592,1.8237,1.0000
6,3,2967,2969,3,2,3,0.3333,2968.425,897.188,567.038,9.9271,16.0000,1.2000,0.4660,4.8633,0.5367,0.2153,0.2481,0.8770,0.3081,4.5593,0.7599,0.5875
16,6,2967,2970,4,3,4,0.3333,2968.182,1260.909,508.250,16.7174,24.0000,1.7455,0.3222,7.2948,0.4347,0.1703,0.3950,0.4459,0.1145,2.7356,1.0638,0.5182
4,3,2968,2970,3,2,1,0.6667,2968.621,345.276,794.000,8.8146,16.0000,1.1034,0.6792,4.8633,0.7500,0.1500,0.1000,0.9487,0.0000,4.5593,1.5198,0.8276
3,3,2978,2979,2,2,1,0.7500,2978.318,507.682,1030.000,7.7220,16.0000,1.0909,0.4500,4.8636,0.5333,0.2667,0.2000,0.7071,0.0000,3.9517,1.2159,1.0000
6,3,2981,2983,3,2,2,0.5000,2981.637,547.550,1014.138,9.9281,17.0000,1.2750,0.5940,5.1678,0.6373,0.1269,0.2358,0.8795,0.0724,4.2558,1.2160,0.5875
4,3,2981,2984,4,1,1,1.0000,2982.576,752.000,1001.000,8.9676,19.0000,1.2881,0.5763,5.7757,0.9375,0.0000,0.0625,1.0000,0.0000,4.8638,1.2159,0.8305
3,3,2988,2989,2,2,1,0.7500,2988.383,216.298,834.000,8.2492,18.0000,1.1489,0.6852,5.4720,0.5333,0.2667,0.2000,0.7071,0.0000,4.2560,1.8240,1.0000
5,3,2988,2990,3,1,3,0.5556,2989.000,464.000,1162.984,8.7011,15.0000,1.1719,1.0001,4.5600,0.7911,0.1351,0.0737,0.8507,0.0000,4.8640,1.9760,0.6719
4,3,2988,2991,4,1,1,1.0000,2989.618,826.000,692.000,8.3601,16.0000,1.1636,0.3818,4.8641,0.9375,0.0000,0.0625,1.0000,0.0000,4.4081,0.9120,0.8182
3,3,2992,2994,3,1,1,1.0000,2993.022,615.000,969.000,8.0739,17.0000,1.1087,0.0217,5.1682,0.8889,0.0000,0.1111,1.0000,0.0000,4.2561,0.9120,1.0000
6,3,2996,2998,3,2,2,0.5000,2997.067,515.147,805.627,9.3085,14.0000,1.1200,0.6470,4.2562,0.7074,0.0897,0.2030,0.9140,0.2540,4.2562,1.2161,0.5600
4,3,2997,2999,3,2,1,0.6667,2998.018,747.218,1170.000,8.3604,15.0000,1.0909,1.0058,4.5602,0.5357,0.3214,0.1429,1.0000,0.0000,4.5602,0.7600,0.7818
5,3,3002,3003,2,2,2,0.6250,3002.417,473.458,1063.833,9.7890,18.0000,1.2500,0.8133,5.4722,0.3432,0.2505,0.4063,0.6059,0.3645,4.2562,1.3681,0.6667
4,3,3003,3005,3,1,2,0.6667,3003.982,622.000,1092.500,8.5123,15.0000,1.0714,0.5003,4.5602,0.7576,0.1294,0.1129,0.8507,0.0000,3.9522,0.6080,0.7679
4,3,3005,3006,2,2,1,1.0000,3005.545,685.527,449.000,8.3603,15.0000,1.0909,0.6962,4.5602,0.0000,0.7500,0.2500,1.0000,0.0000,4.1041,0.3040,0.8000
4,3,3006,3007,2,2,1,1.0000,3006.491,703.474,504.000,8.6643,15.0000,1.0526,0.6824,4.5602,0.0000,0.7500,0.2500,1.0000,0.0000,4.7122,0.9120,0.7719
7,3,3008,3010,3,2,2,0.5833,3009.048,936.578,650.120,9.5370,15.0000,1.2651,0.5927,4.5601,0.4600,0.2645,0.2756,1.0000,0.0000,3.3441,0.9120,0.5181
8,4,3009,3011,3,3,2,0.4444,3010.284,521.265,942.637,10.9631,16.0000,1.2549,0.7463,4.8641,0.2857,0.4561,0.2582,0.3818,0.0219,4.4080,0.9120,0.5686
6,3,3011,3013,3,1,2,1.0000,3011.927,564.000,961.476,10.1768,17.0000,1.2439,1.0417,5.1680,0.5556,0.3333,0.1111,1.0000,0.0000,4.4080,0.6080,0.5488
5,3,3012,3014,3,1,2,0.8333,3013.273,515.000,1230.409,8.9728,15.0000,1.1364,0.4917,4.5600,0.5854,0.2927,0.1220,0.9487,0.0000,4.8639,1.8240,0.6515
4,3,3019,3021,3,2,1,0.6667,3020.057,454.528,947.000,8.0554,14.0000,1.0566,0.5313,4.2557,0.7576,0.1294,0.1129,0.8507,0.0000,4.5597,1.2159,0.7925
3,3,3036,3038,3,1,1,1.0000,3036.980,666.000,868.000,8.5980,20.0000,1.2245,0.0204,6.0785,0.8889,0.0000,0.1111,1.0000,0.0000,4.8628,1.3677,1.0000
4,3,3039,3042,4,1,1,1.0000,3040.604,551.000,853.000,8.0537,15.0000,1.1321,0.6038,4.5587,0.9375,0.0000,0.0625,1.0000,0.0000,3.9508,0.9118,0.8113
4,3,3040,3041,2,2,2,0.5000,3040.185,592.481,961.741,8.2057,16.0000,1.1852,0.6086,4.8626,0.5916,0.1015,0.3069,0.5000,0.5000,4.5587,0.9117,0.8148
3,3,3044,3045,2,1,2,0.7500,3044.311,461.000,967.311,7.8957,17.0000,1.1333,0.4400,5.1664,0.5333,0.2667,0.2000,0.7071,0.0000,3.9508,0.6078,1.0000
3,3,3048,3049,2,2,1,0.7500,3048.636,516.318,784.000,7.7200,16.0000,1.0909,0.7115,4.8624,0.5333,0.2667,0.2000,0.7071,0.0000,3.7987,1.2156,1.0000
3,3,3054,3056,3,1,1,1.0000,3055.000,601.000,981.000,7.7199,16.0000,1.0909,0.0000,4.8623,0.8889,0.0000,0.1111,1.0000,0.0000,4.5584,0.9117,1.0000
3,3,3056,3057,2,1,2,0.7500,3056.349,552.000,1084.326,7.5445,15.0000,1.0465,0.7280,4.5584,0.5333,0.2667,0.2000,0.7071,0.0000,3.9506,0.9117,1.0000
6,3,3056,3059,4,2,2,0.3750,3057.373,874.880,771.711,10.2973,20.0000,1.4458,0.4875,6.0779,0.6410,0.2138,0.1452,0.9804,0.0231,3.6467,1.8234,0.6145
5,4,3059,3060,2,2,2,0.6250,3059.380,397.380,678.165,10.7365,21.0000,1.3291,0.5617,6.3818,0.3432,0.2505,0.4063,0.6059,0.3645,4.8623,2.1273,0.8354
3,3,3060,3061,2,2,1,0.7500,3060.318,229.636,892.000,7.7200,16.0000,1.0909,0.7115,4.8623,0.5333,0.2667,0.2000,0.7071,0.0000,4.5584,1.3675,1.0000
6,3,3062,3064,3,2,2,0.5000,3063.090,405.218,1091.269,9.6771,17.0000,1.3077,0.8320,5.1662,0.5230,0.1584,0.3185,0.9225,0.0898,3.4948,1.0636,0.6026
5,4,3065,3067,3,1,2,0.8333,3065.791,481.000,1009.642,9.1059,15.0000,1.1194,0.4147,4.5585,0.5854,0.2927,0.1220,0.9487,0.0000,3.9507,0.9117,0.8507
5,3,3065,3067,3,2,2,0.4167,3065.636,584.152,735.333,8.9700,16.0000,1.2121,0.7342,4.8624,0.6999,0.1281,0.1720,0.8684,0.1395,3.9507,0.9117,0.6667
5,3,3065,3067,3,1,3,0.5556,3066.217,606.000,855.058,9.3777,18.0000,1.3043,0.2250,5.4702,0.5532,0.3398,0.1070,0.8281,0.0000,4.5585,1.3676,0.6667
5,3,3066,3068,3,2,1,0.8333,3067.227,638.409,451.000,8.9700,16.0000,1.2121,0.6331,4.8624,0.5854,0.2927,0.1220,0.9487,0.0000,4.5586,1.8234,0.6818
3,3,3073,3074,2,1,2,0.7500,3073.674,601.000,1053.674,7.5451,15.0000,1.0465,0.4604,4.5588,0.5333,0.2667,0.2000,0.7071,0.0000,3.9509,0.7598,1.0000
3,3,3080,3081,2,1,2,0.7500,3080.349,435.000,1133.674,7.5456,15.0000,1.0465,0.7280,4.5591,0.5333,0.2667,0.2000,0.7071,0.0000,4.5591,0.4559,1.0000
8,3,3084,3087,4,2,2,0.5000,3085.703,461.772,731.485,10.8541,17.0000,1.3465,0.8840,5.1673,0.6677,0.1809,0.1515,0.9493,0.1029,3.9515,1.3678,0.4554
3,3,3085,3087,3,1,1,1.0000,3086.000,444.000,1088.000,8.0727,18.0000,1.1739,0.0000,5.4713,0.8889,0.0000,0.1111,1.0000,0.0000,3.9516,0.7599,1.0000
3,3,3085,3087,3,1,1,1.0000,3086.000,642.000,1040.000,7.8972,17.0000,1.1333,0.0000,5.1674,0.8889,0.0000,0.1111,1.0000,0.0000,4.2555,0.9119,1.0000
4,3,3086,3087,2,2,1,1.0000,3086.509,233.491,833.000,8.6630,15.0000,1.0526,0.7072,4.5595,0.0000,0.7500,0.2500,1.0000,0.0000,4.7114,0.4560,0.7719
5,3,3088,3090,3,2,2,0.4167,3088.574,397.162,685.794,9.2440,17.0000,1.2500,0.5004,5.1676,0.6338,0.1686,0.1975,0.9585,0.2851,4.2556,1.2159,0.6765
4,3,3092,3093,2,2,1,1.0000,3092.527,487.473,692.000,8.3598,15.0000,1.0909,0.6685,4.5599,0.0000,0.7500,0.2500,1.0000,0.0000,4.8639,0.6080,0.7818
4,3,3096,3097,2,1,2,1.0000,3096.557,557.000,1020.525,9.2724,17.0000,1.1148,0.6864,5.1683,0.0000,0.7500,0.2500,0.0000,0.0000,4.5602,1.2161,0.8033
4,3,3096,3098,3,2,1,0.6667,3097.068,758.254,917.000,8.9685,18.0000,1.2203,0.2631,5.4723,0.5357,0.3214,0.1429,1.0000,0.0000,5.1683,1.9761,0.8136
5,3,3103,3105,3,2,1,0.8333,3104.136,696.379,737.000,8.9746,15.0000,1.1364,0.4026,4.5609,0.5854,0.2927,0.1220,0.9487,0.0000,4.5608,1.5203,0.6515
4,3,3108,3110,3,1,2,0.6667,3109.073,433.000,954.255,8.3624,15.0000,1.0909,0.2647,4.5614,0.5357,0.3214,0.1429,1.0000,0.0000,4.7134,1.0643,0.8000
4,3,3110,3111,2,2,1,1.0000,3110.545,602.473,900.000,8.3627,15.0000,1.0909,0.6558,4.5615,0.0000,0.7500,0.2500,1.0000,0.0000,4.7135,1.2164,0.8000
5,3,3111,3112,2,3,1,0.8333,3111.529,615.691,895.000,9.2480,17.0000,1.2500,0.8706,5.1697,0.5854,0.2927,0.1220,0.3162,0.0000,3.9534,0.6082,0.6765
5,3,3116,3118,3,1,2,0.8333,3116.708,708.000,1312.400,8.8409,15.0000,1.1538,0.9278,4.5621,0.5854,0.2927,0.1220,0.9487,0.0000,4.5620,1.3686,0.6769
5,3,3117,3119,3,3,1,0.5556,3117.970,650.433,896.000,9.1131,16.0000,1.1940,0.4339,4.8663,0.3318,0.5530,0.1152,0.0000,0.0000,4.5621,1.5207,0.6567
4,3,3124,3126,3,2,1,0.6667,3125.107,346.571,925.000,8.5171,16.0000,1.1429,0.4418,4.8670,0.7576,0.1294,0.1129,0.8507,0.0000,4.2585,1.2167,0.8214
3,3,3129,3130,2,2,1,0.7500,3129.674,407.674,921.000,7.5521,15.0000,1.0465,0.4604,4.5630,0.5333,0.2667,0.2000,0.7071,0.0000,4.5630,0.7605,1.0000
3,3,3136,3136,1,2,2,0.7500,3136.000,619.667,541.333,7.3769,14.0000,1.0000,0.7454,4.2591,0.5333,0.2667,0.2000,0.0000,1.0000,4.5633,1.5211,1.0000
3,3,3140,3141,2,1,2,0.7500,3140.674,572.000,968.326,7.5526,15.0000,1.0465,0.4604,4.5633,0.5333,0.2667,0.2000,0.7071,0.0000,4.5633,1.5211,1.0000
16,6,3141,3143,3,4,4,0.3333,3141.938,1244.813,468.813,15.8955,19.0000,1.4545,0.8368,5.7802,0.3817,0.1734,0.4450,0.2350,0.6626,3.0422,1.2169,0.4880
7,3,3144,3146,3,2,2,0.5833,3144.901,554.879,899.396,10.4634,16.0000,1.2308,0.4253,4.8674,0.5916,0.2044,0.2040,0.9664,0.1591,4.2590,0.9127,0.4945
8,3,3151,3153,3,3,3,0.2963,3151.571,306.400,834.933,11.2924,17.0000,1.2952,0.7007,5.1713,0.5845,0.2640,0.1515,0.6551,0.7507,3.4981,1.0647,0.4571
3,3,3155,3156,2,1,2,0.7500,3155.667,505.000,476.333,7.3755,14.0000,1.0000,0.7454,4.2583,0.5333,0.2667,0.2000,0.7071,0.0000,3.9541,0.4563,1.0000
5,3,3168,3169,2,2,2,0.6250,3168.446,726.831,1193.554,8.8378,15.0000,1.1538,0.8013,4.5604,0.3432,0.2505,0.4063,0.6059,0.3645,4.8643,1.3681,0.6615
8,3,3168,3171,4,2,2,0.5000,3169.769,1305.250,620.769,11.6084,18.0000,1.3333,0.4119,5.4722,0.7248,0.0930,0.1821,0.9678,0.1435,3.6482,1.0641,0.4444
4,3,3171,3172,2,2,1,1.0000,3171.561,553.579,399.000,8.6638,18.0000,1.2632,0.6080,5.4717,0.0000,0.7500,0.2500,1.0000,0.0000,4.7119,0.9120,0.8246
5,3,3174,3176,3,1,2,0.8333,3175.254,891.000,816.567,9.1071,16.0000,1.1940,0.6213,4.8631,0.5854,0.2927,0.1220,0.9487,0.0000,3.9511,-0.3039,0.6567
6,3,3176,3178,3,1,3,0.6667,3177.119,680.000,982.917,10.4222,19.0000,1.3571,0.1453,5.7745,0.4000,0.4800,0.1200,0.7071,0.0000,5.1664,1.8234,0.5833
7,3,3177,3179,3,2,2,0.5833,3177.710,373.742,701.774,10.6826,18.0000,1.3548,0.7882,5.4705,0.3772,0.3083,0.3146,0.9758,0.2185,4.2545,1.5196,0.5376
6,3,3177,3179,3,3,2,0.3333,3178.192,535.013,988.705,9.6773,14.0000,1.0769,0.3523,4.2547,0.4635,0.2905,0.2460,0.7299,0.1708,4.4066,1.5195,0.5385
9,3,3178,3180,3,3,3,0.3333,3179.280,448.879,788.953,10.8386,15.0000,1.2617,1.2006,4.5582,0.4402,0.1427,0.4171,0.5874,0.5372,3.3429,1.5194,0.4112
4,3,3181,3184,4,1,1,1.0000,3182.475,567.000,925.000,9.2672,19.0000,1.2459,0.5246,5.7729,0.9375,0.0000,0.0625,1.0000,0.0000,4.2540,0.9115,0.8033
8,3,3182,3183,2,3,2,0.6667,3182.404,595.758,1232.313,10.6351,15.0000,1.2121,0.5657,4.5577,0.3704,0.0753,0.5544,0.1349,0.6941,3.9500,1.2153,0.4444
4,3,3183,3184,2,2,1,1.0000,3183.455,341.473,972.000,8.3553,15.0000,1.0909,0.6558,4.5575,0.0000,0.7500,0.2500,1.0000,0.0000,4.1017,0.6076,0.8000
5,3,3188,3190,3,1,2,0.8333,3189.277,595.000,936.400,8.8297,15.0000,1.1538,0.4865,4.5563,0.5854,0.2927,0.1220,0.9487,0.0000,4.5561,0.6075,0.6615
3,3,3189,3190,2,1,2,0.7500,3189.667,880.000,864.667,7.3655,14.0000,1.0000,0.7454,4.2526,0.5333,0.2667,0.2000,0.7071,0.0000,4.5561,1.2150,1.0000
6,3,3190,3191,2,1,4,0.7500,3190.320,613.000,930.867,9.3001,15.0000,1.2000,0.3467,4.5561,0.8001,0.1345,0.0654,0.2238,0.0000,4.5561,1.8224,0.5733
6,3,3192,3194,3,2,2,0.5000,3193.244,417.744,848.744,9.6709,17.0000,1.3077,1.2954,5.1632,0.6075,0.1449,0.2475,0.8795,0.4086,4.1000,1.0630,0.6154
5,3,3196,3198,3,3,1,0.5556,3196.901,312.972,590.000,9.6418,18.0000,1.2676,0.1025,5.4658,0.0000,0.8276,0.1724,1.0000,0.0000,4.5549,2.1256,0.6901
4,3,3201,3202,2,2,2,0.5000,3201.702,482.456,949.211,8.6529,17.0000,1.1930,0.8630,5.1615,0.5916,0.1015,0.3069,0.5000,0.5000,4.5541,1.8216,0.7895
3,3,3206,3207,2,1,2,0.7500,3206.318,601.000,904.682,7.7116,16.0000,1.0909,0.4500,4.8571,0.5333,0.2667,0.2000,0.7071,0.0000,4.5536,1.2143,1.0000
10,3,3209,3212,4,2,3,0.4167,3210.609,393.180,920.109,12.2862,17.0000,1.3281,0.6447,5.1602,0.2914,0.5282,0.1804,0.8556,0.2079,3.9459,0.9106,0.3672
53,30,3213,3218,6,6,6,0.2454,3215.674,553.011,706.448,42.3149,51.0000,2.6631,0.6410,15.4786,0.1488,0.3628,0.4885,0.9498,0.2126,4.5526,0.6070,0.7478
4,3,3221,3222,2,1,2,1.0000,3221.462,360.000,770.462,7.8905,14.0000,1.0769,0.6527,4.2488,0.0000,0.7500,0.2500,0.0000,0.0000,4.5522,1.5174,0.8077
3,3,3222,3224,3,1,1,1.0000,3222.977,595.000,471.000,7.7094,15.0000,1.0227,0.9773,4.5522,0.8889,0.0000,0.1111,1.0000,0.0000,4.2487,0.6070,1.0000
5,3,3228,3230,3,2,2,0.4167,3228.935,746.839,466.387,8.4144,14.0000,1.1290,1.0252,4.2486,0.5461,0.2256,0.2283,0.8117,0.4177,4.5521,1.8208,0.6774
3,3,3233,3234,2,2,1,0.7500,3233.326,235.370,939.000,8.0597,17.0000,1.1087,0.7098,5.1591,0.5333,0.2667,0.2000,0.7071,0.0000,4.8556,0.9104,1.0000
4,3,3235,3237,3,1,2,0.6667,3235.883,439.000,720.583,9.1045,18.0000,1.2000,0.9767,5.4626,0.7576,0.1294,0.1129,0.8507,0.0000,4.4005,0.9104,0.8167
15,7,3235,3238,4,3,2,0.6250,3236.731,956.850,254.668,15.1234,16.0000,1.2435,1.0015,4.8558,0.3617,0.3193,0.3190,0.7853,0.0800,3.6419,1.2139,0.5389
3,3,3239,3240,2,1,2,0.7500,3239.364,424.000,831.682,7.7099,16.0000,1.0909,0.7115,4.8560,0.5333,0.2667,0.2000,0.7071,0.0000,4.8559,0.6070,1.0000
3,3,3241,3242,2,2,1,0.7500,3241.333,355.667,1004.000,7.8854,15.0000,1.0000,0.7454,4.5527,0.5333,0.2667,0.2000,0.7071,0.0000,4.8561,2.4281,1.0000
4,3,3242,3244,3,2,1,0.6667,3242.642,585.736,994.000,8.0432,15.0000,1.1321,0.6938,4.5527,0.7500,0.1500,0.1000,0.9487,0.0000,4.5527,0.9105,0.8113
7,3,3248,3250,3,2,2,0.5833,3248.967,498.500,898.750,10.5560,17.0000,1.2935,0.5600,5.1607,0.4296,0.3471,0.2233,0.9305,0.2273,3.6429,0.6072,0.5000
4,3,3249,3252,4,1,1,1.0000,3250.333,462.000,871.000,8.1968,16.0000,1.1852,1.3333,4.8572,0.9375,0.0000,0.0625,1.0000,0.0000,3.9467,0.6072,0.8148
4,3,3251,3253,3,2,1,0.6667,3251.818,790.182,411.000,8.3491,17.0000,1.2364,0.2571,5.1613,0.7500,0.1500,0.1000,0.9487,0.0000,3.9469,1.2145,0.8182
6,3,3253,3255,3,3,1,0.6667,3253.829,227.895,818.000,9.4206,14.0000,1.1053,0.8356,4.2508,0.4000,0.4800,0.1200,0.7071,0.0000,4.2508,1.5181,0.5526
4,3,3254,3255,2,2,1,1.0000,3254.509,385.509,768.000,8.3500,14.0000,1.0182,0.7072,4.2510,0.0000,0.7500,0.2500,1.0000,0.0000,4.8581,1.5182,0.7636
3,3,3257,3258,2,2,1,0.7500,3257.333,268.311,1012.000,7.8897,16.0000,1.0667,0.4560,4.8587,0.5333,0.2667,0.2000,0.7071,0.0000,4.5553,0.9111,1.0000
19,9,3262,3264,3,3,3,0.7037,3263.161,1150.854,748.858,18.6067,23.0000,1.6367,0.2599,6.9865,0.3251,0.1716,0.5033,0.4329,0.4460,3.6454,0.9113,0.5543
5,3,3263,3265,3,2,2,0.4167,3264.027,764.378,977.568,10.0532,18.0000,1.2162,0.6827,5.4680,0.7383,0.0485,0.2132,0.7071,0.0000,4.5567,0.6076,0.8378
4,3,3264,3265,2,1,2,1.0000,3264.528,530.000,1052.472,8.0503,14.0000,1.0566,0.7082,4.2531,0.0000,0.7500,0.2500,0.0000,0.0000,4.5568,0.9114,0.7925
4,3,3275,3276,2,1,2,1.0000,3275.474,856.000,939.526,8.6633,16.0000,1.1228,0.6699,4.8635,0.0000,0.7500,0.2500,0.0000,0.0000,4.8635,1.0640,0.7719
4,3,3287,3288,2,2,1,1.0000,3287.547,247.472,447.000,8.0605,15.0000,1.1321,0.6958,4.5626,0.0000,0.7500,0.2500,1.0000,0.0000,3.9542,0.9125,0.8113
7,3,3287,3289,3,3,2,0.3889,3287.885,749.253,527.885,10.0021,16.0000,1.2874,0.3006,4.8668,0.7514,0.0882,0.1604,0.7791,0.1005,3.0418,1.0646,0.5172
4,3,3290,3292,3,2,1,0.6667,3290.793,805.190,690.000,8.8221,18.0000,1.2414,0.2807,5.4758,0.7500,0.1500,0.1000,0.9487,0.0000,4.7153,1.2169,0.8103
10,3,3296,3299,4,2,4,0.3125,3297.431,452.301,1080.618,11.8352,15.0000,1.2195,0.8111,4.5641,0.4635,0.3716,0.1649,0.3993,0.2701,3.9557,1.3692,0.3577
3,3,3305,3306,2,1,2,0.7500,3305.674,535.000,864.326,8.0822,16.0000,1.0435,0.4612,4.8692,0.5333,0.2667,0.2000,0.7071,0.0000,4.2605,1.2173,1.0000
4,3,3311,3312,2,2,1,1.0000,3311.545,804.473,835.000,8.3690,15.0000,1.0909,0.6558,4.5649,0.0000,0.7500,0.2500,1.0000,0.0000,4.7171,1.9781,0.8000
4,3,3320,3322,3,1,2,0.6667,3320.964,686.000,1056.482,8.5206,15.0000,1.0714,1.0781,4.5647,0.7576,0.1294,0.1129,0.8507,0.0000,4.5646,1.3694,0.7679
3,3,3327,3327,1,1,3,1.0000,3327.000,555.000,1000.000,7.5542,15.0000,1.0465,0.0000,4.5643,0.8889,0.0000,0.1111,0.0000,1.0000,4.5643,0.6086,1.0000
6,3,3332,3334,3,2,2,0.5000,3333.278,226.848,766.304,9.8130,15.0000,1.1392,1.3228,4.5640,0.5034,0.2551,0.2415,0.9677,0.2521,3.8033,0.9128,0.5443
4,3,3332,3333,2,1,2,1.0000,3332.462,790.000,798.462,7.9109,14.0000,1.0769,0.6527,4.2598,0.0000,0.7500,0.2500,0.0000,0.0000,3.9555,1.0649,0.8077
6,4,3334,3336,3,2,2,0.5000,3335.012,317.875,632.700,9.9371,16.0000,1.2000,1.0396,4.8681,0.7074,0.0897,0.2030,0.9140,0.2540,4.1075,1.8256,0.7500
5,3,3338,3340,3,1,2,0.8333,3338.803,931.000,428.439,8.9805,15.0000,1.1364,0.9794,4.5638,0.5854,0.2927,0.1220,0.9487,0.0000,4.5638,0.9128,0.6667
4,3,3341,3342,2,1,3,0.6667,3341.462,484.000,779.923,7.9107,14.0000,1.0769,1.0320,4.2596,0.7576,0.1294,0.1129,0.5257,0.0000,4.5638,1.6734,0.8077
4,3,3347,3350,4,1,1,1.0000,3348.357,668.000,777.000,8.5198,16.0000,1.1429,1.3571,4.8683,0.9375,0.0000,0.0625,1.0000,0.0000,4.7163,1.3692,0.8036
5,3,3351,3353,3,2,1,0.8333,3351.831,715.692,509.000,8.8456,16.0000,1.2308,0.3512,4.8688,0.5854,0.2927,0.1220,0.9487,0.0000,4.5646,1.3693,0.6923
5,3,3356,3358,3,2,1,0.8333,3357.191,668.426,541.000,9.2553,15.0000,1.1029,0.4674,4.5653,0.5854,0.2927,0.1220,0.9487,0.0000,4.5652,1.5218,0.6471
4,3,3362,3363,2,1,3,0.6667,3362.527,415.000,750.073,8.3713,16.0000,1.1636,0.5323,4.8704,0.7576,0.1294,0.1129,0.5257,0.0000,4.1096,0.9133,0.8182
6,3,3365,3367,3,2,2,0.5000,3366.088,564.875,468.350,9.9435,16.0000,1.2000,1.1493,4.8713,0.5230,0.1584,0.3185,0.9225,0.0898,4.7191,1.8267,0.5875
7,4,3375,3377,3,2,2,0.5833,3376.032,805.108,900.441,10.7071,16.0000,1.2043,0.4549,4.8739,0.4600,0.2645,0.2756,1.0000,0.0000,4.5689,1.8275,0.6667
5,3,3376,3378,3,2,2,0.4167,3376.926,553.147,703.544,9.2636,17.0000,1.2500,0.4846,5.1785,0.7729,0.0435,0.1836,0.8328,0.5477,4.8741,1.8277,0.7059
3,3,3376,3377,2,1,2,0.7500,3376.318,555.000,892.659,7.7381,15.0000,1.0227,0.7319,4.5691,0.5333,0.2667,0.2000,0.7071,0.0000,4.8737,0.6093,1.0000
6,4,3384,3386,3,1,3,0.6667,3385.384,631.000,927.605,10.6990,19.0000,1.3256,0.7161,5.7898,0.6061,0.3030,0.0909,0.7071,0.0000,5.1805,1.6760,0.7558
13,4,3387,3389,3,4,3,0.3611,3388.175,602.946,915.994,14.0313,18.0000,1.4096,0.9618,5.4857,0.5965,0.2025,0.2010,0.0000,0.0000,3.0477,0.9143,0.3916
6,3,3396,3398,3,3,1,0.6667,3397.213,433.600,538.000,9.3333,16.0000,1.2800,0.6368,4.8772,0.6061,0.3030,0.0909,0.7071,0.0000,3.3531,0.9145,0.6000
3,3,3396,3397,2,2,1,0.7500,3396.620,709.280,387.000,8.7995,19.0000,1.1400,0.6803,5.7916,0.5333,0.2667,0.2000,0.7071,0.0000,5.7916,1.6765,1.0000
3,3,3398,3400,3,1,1,1.0000,3398.977,122.000,789.000,7.7437,15.0000,1.0227,0.9773,4.5724,0.8889,0.0000,0.1111,1.0000,0.0000,4.8772,1.3717,1.0000
5,3,3399,3400,2,2,2,0.6250,3399.397,472.544,772.838,9.2700,16.0000,1.1765,0.8281,4.8773,0.3432,0.2505,0.4063,0.6059,0.3645,5.1821,1.8290,0.6765
8,3,3407,3409,3,3,2,0.4444,3408.402,758.127,515.441,10.9921,16.0000,1.2549,0.7001,4.8770,0.6139,0.0217,0.3644,0.7702,0.3069,3.5053,1.2192,0.4412
4,4,3407,3408,2,1,2,1.0000,3407.525,961.000,583.525,8.9920,17.0000,1.1525,0.6712,5.1818,0.0000,0.7500,0.2500,0.0000,0.0000,4.5722,0.6097,1.0000
3,3,3411,3412,2,2,1,0.7500,3411.286,347.633,787.000,8.6225,18.0000,1.1020,0.6942,5.4862,0.5333,0.2667,0.2000,0.7071,0.0000,5.4862,1.2192,1.0000
4,3,3415,3416,2,2,1,1.0000,3415.472,579.472,879.000,8.0758,14.0000,1.0566,0.6671,4.2665,0.0000,0.7500,0.2500,1.0000,0.0000,4.8759,1.5237,0.7925
8,3,3415,3417,3,2,3,0.4444,3416.263,1139.779,307.958,10.2354,14.0000,1.1789,1.0177,4.2664,0.5871,0.1225,0.2904,0.6652,0.4735,3.0474,1.0667,0.4421
4,3,3423,3424,2,3,1,0.6667,3423.782,87.236,572.000,8.3775,15.0000,1.0909,0.7942,4.5695,0.7500,0.1500,0.1000,0.3162,0.0000,4.5695,1.6755,0.7818
4,3,3423,3424,2,1,3,0.6667,3423.741,434.000,829.648,8.2252,15.0000,1.1111,0.6981,4.5695,0.7500,0.1500,0.1000,0.3162,0.0000,4.1126,1.2186,0.8148
4,3,3424,3425,2,1,2,1.0000,3424.472,268.000,706.472,8.0726,14.0000,1.0566,0.6671,4.2648,0.0000,0.7500,0.2500,0.0000,0.0000,4.5694,0.9139,0.7925
4,3,3426,3428,3,1,2,0.6667,3426.810,518.000,609.810,8.8330,19.0000,1.3103,0.2682,5.7871,0.7500,0.1500,0.1000,0.9487,0.0000,4.2642,1.2185,0.8103
4,3,3427,3428,2,3,1,0.6667,3427.259,154.667,877.000,8.2237,16.0000,1.1852,0.4223,4.8734,0.7500,0.1500,0.1000,0.3162,0.0000,4.5687,1.2183,0.8148
3,3,3428,3430,3,1,1,1.0000,3429.023,214.000,730.000,7.7367,15.0000,1.0227,0.0227,4.5683,0.8889,0.0000,0.1111,1.0000,0.0000,4.8726,1.2182,1.0000
4,3,3428,3429,2,2,1,1.0000,3428.448,453.534,895.000,8.8323,17.0000,1.1724,0.6463,5.1777,0.0000,0.7500,0.2500,1.0000,0.0000,4.7207,1.2183,0.7931
6,3,3429,3431,3,3,2,0.3333,3429.828,377.046,628.874,10.8165,22.0000,1.5172,0.2187,6.6998,0.3122,0.4039,0.2838,0.9403,0.3404,3.8066,1.2181,0.6092
5,3,3430,3432,3,2,1,0.8333,3431.188,144.656,590.000,8.7157,14.0000,1.0937,1.2363,4.2635,0.5854,0.2927,0.1220,0.9487,0.0000,4.5675,1.2180,0.6562
6,4,3433,3435,3,2,1,1.0000,3434.072,471.506,498.000,10.3167,15.0000,1.0843,0.4992,4.5670,0.5556,0.3333,0.1111,1.0000,0.0000,4.1102,1.2179,0.7108
3,3,3437,3438,2,1,2,0.7500,3437.651,401.000,585.674,7.5572,15.0000,1.0465,0.7280,4.5663,0.5333,0.2667,0.2000,0.7071,0.0000,3.9572,1.0654,1.0000
5,3,3441,3442,2,2,2,0.6250,3441.406,891.841,963.580,9.3913,16.0000,1.1594,0.7254,4.8696,0.3432,0.2505,0.4063,0.6059,0.3645,4.5652,1.2174,0.6522
5,3,3451,3453,3,1,2,0.8333,3452.217,352.000,992.565,9.3862,15.0000,1.0870,0.6056,4.5627,0.5854,0.2927,0.1220,0.9487,0.0000,4.8667,1.2167,0.6522
3,3,3456,3457,2,2,1,0.7500,3456.682,431.364,580.000,7.7256,16.0000,1.0909,0.7115,4.8658,0.5333,0.2667,0.2000,0.7071,0.0000,3.6496,0.9123,1.0000
4,3,3457,3459,3,1,2,0.6667,3458.000,477.000,750.156,9.7312,20.0000,1.2500,0.1562,6.0820,0.5357,0.3214,0.1429,1.0000,0.0000,4.8656,1.3685,0.8438
3,3,3459,3460,2,1,2,0.7500,3459.349,837.000,627.326,7.5492,15.0000,1.0465,0.7280,4.5612,0.5333,0.2667,0.2000,0.7071,0.0000,3.9532,1.0643,1.0000
4,3,3461,3462,2,2,1,1.0000,3461.525,177.542,638.000,8.9698,16.0000,1.0847,0.6968,4.8650,0.0000,0.7500,0.2500,1.0000,0.0000,4.4088,0.9122,0.7966
3,3,3461,3462,2,2,1,0.7500,3461.326,188.326,570.000,7.5487,15.0000,1.0465,0.4604,4.5610,0.5333,0.2667,0.2000,0.7071,0.0000,4.5610,1.8243,1.0000
4,4,3469,3470,2,2,2,0.5000,3469.754,337.491,808.754,8.6634,15.0000,1.0526,0.6016,4.5596,0.5916,0.1015,0.3069,0.5000,0.5000,4.8637,2.4318,1.0000
4,3,3471,3473,3,1,2,0.6667,3472.089,796.000,573.446,8.5108,16.0000,1.1429,1.0142,4.8632,0.7576,0.1294,0.1129,0.8507,0.0000,4.7114,1.5198,0.8036
5,3,3472,3473,2,2,2,0.6250,3472.431,276.569,399.185,8.8356,14.0000,1.0769,0.7373,4.2554,0.3432,0.2505,0.4063,0.6059,0.3645,4.5593,0.9119,0.6462
5,3,3472,3474,3,2,1,0.8333,3472.908,591.400,812.000,8.8355,15.0000,1.1538,0.6071,4.5593,0.5854,0.2927,0.1220,0.9487,0.0000,4.7112,1.2158,0.6769
4,3,3472,3475,4,1,1,1.0000,3473.385,797.000,626.000,7.9027,14.0000,1.0769,1.3846,4.2554,0.9375,0.0000,0.0625,1.0000,0.0000,3.9513,0.9118,0.8077
5,3,3476,3478,3,2,2,0.4167,3477.164,461.179,637.582,9.1065,14.0000,1.0448,1.3139,4.2550,0.7729,0.0435,0.1836,0.8328,0.5477,4.5588,0.9118,0.6269
3,3,3477,3478,2,1,2,0.7500,3477.326,936.000,601.326,7.5452,15.0000,1.0465,0.4604,4.5588,0.5333,0.2667,0.2000,0.7071,0.0000,4.5588,1.2157,1.0000
6,3,3483,3485,3,1,3,0.6667,3484.125,580.000,714.275,9.9249,16.0000,1.2000,0.7357,4.8622,0.6944,0.2222,0.0833,0.8000,0.0000,4.4063,1.2155,0.5875
4,3,3488,3490,3,2,1,0.6667,3489.075,260.472,804.000,8.0526,15.0000,1.1321,0.5337,4.5581,0.7576,0.1294,0.1129,0.8507,0.0000,4.5580,1.0636,0.8113
3,3,3491,3493,3,1,1,1.0000,3491.979,365.000,645.000,8.2455,18.0000,1.1489,0.0213,5.4696,0.8889,0.0000,0.1111,1.0000,0.0000,4.8619,1.2155,1.0000
4,3,3496,3497,2,2,1,1.0000,3496.517,508.433,525.000,9.1159,18.0000,1.2000,0.6743,5.4695,0.0000,0.7500,0.2500,1.0000,0.0000,5.3176,1.8232,0.8167
5,3,3500,3501,2,3,1,0.8333,3500.397,463.778,607.000,8.5613,15.0000,1.1905,0.6428,4.5580,0.5854,0.2927,0.1220,0.3162,0.0000,3.6464,0.1519,0.6825
5,3,3503,3504,2,2,2,0.6250,3503.382,419.618,551.147,9.2409,18.0000,1.3235,0.5604,5.4697,0.3432,0.2505,0.4063,0.6059,0.3645,4.5581,1.3674,0.6765
3,3,3507,3509,3,1,1,1.0000,3508.000,552.000,790.000,7.5444,15.0000,1.0465,0.0000,4.5583,0.8889,0.0000,0.1111,1.0000,0.0000,3.9506,0.9116,1.0000
4,3,3511,3513,3,2,1,0.6667,3512.000,266.189,559.000,8.0536,15.0000,1.1321,0.1887,4.5586,0.5357,0.3214,0.1429,1.0000,0.0000,4.5586,0.4559,0.8113
4,3,3515,3517,3,2,1,0.6667,3515.982,282.821,526.000,8.5101,17.0000,1.2143,0.1795,5.1669,0.5357,0.3214,0.1429,1.0000,0.0000,4.1031,0.7598,0.8214
5,3,3518,3520,3,2,1,0.8333,3518.776,663.597,397.000,9.1074,15.0000,1.1194,0.6376,4.5593,0.5854,0.2927,0.1220,0.9487,0.0000,4.2553,1.3677,0.6567
6,4,3519,3521,3,2,2,0.5000,3519.765,486.148,889.519,10.0514,15.0000,1.1111,0.9163,4.5594,0.3810,0.3333,0.2857,0.9487,0.1690,5.0152,1.6718,0.7284
4,3,3523,3524,2,1,2,1.0000,3523.533,465.000,626.450,9.1197,17.0000,1.1333,0.6978,5.1677,0.0000,0.7500,0.2500,0.0000,0.0000,4.2559,1.0639,0.8167
6,3,3531,3533,3,2,3,0.3333,3532.427,374.160,712.280,9.3101,15.0000,1.2000,0.8521,4.5609,0.7111,0.1556,0.1333,0.5883,0.1048,4.5609,1.8244,0.5733
3,3,3541,3542,2,1,2,0.7500,3541.667,150.000,527.333,7.3754,14.0000,1.0000,0.7454,4.2582,0.5333,0.2667,0.2000,0.7071,0.0000,4.5624,1.5207,1.0000
5,3,3545,3547,3,2,1,0.8333,3546.281,497.375,383.000,8.7068,16.0000,1.2500,0.4688,4.8672,0.5854,0.2927,0.1220,0.9487,0.0000,4.5631,1.3689,0.6875
3,3,3548,3550,3,1,1,1.0000,3548.977,690.000,336.000,7.5528,15.0000,1.0465,0.9767,4.5633,0.8889,0.0000,0.1111,1.0000,0.0000,4.5636,1.2169,1.0000
5,3,3549,3550,2,2,3,0.4167,3549.621,509.167,587.576,8.9799,15.0000,1.1364,0.7091,4.5636,0.6999,0.1281,0.1720,0.4304,0.6887,4.5635,1.2170,0.6515
4,3,3551,3552,2,2,1,1.0000,3551.475,164.458,616.000,8.9755,18.0000,1.2203,0.6593,5.4765,0.0000,0.7500,0.2500,1.0000,0.0000,4.5639,0.3043,0.7797
3,3,3557,3558,2,1,2,0.7500,3557.667,396.000,664.311,7.9064,16.0000,1.0667,0.4560,4.8691,0.5333,0.2667,0.2000,0.7071,0.0000,4.2604,1.2173,1.0000
5,3,3557,3559,3,1,3,0.5556,3558.147,589.000,603.000,9.2546,16.0000,1.1765,1.1471,4.8693,0.5532,0.3398,0.1070,0.8281,0.0000,4.5647,1.2173,0.7059
5,3,3559,3561,3,1,2,0.8333,3560.242,929.000,744.439,8.9831,15.0000,1.1364,0.9424,4.5653,0.5854,0.2927,0.1220,0.9487,0.0000,4.5651,0.6087,0.6515
5,3,3564,3565,2,2,2,0.6250,3564.586,404.143,741.371,9.5290,18.0000,1.2857,0.7081,5.4789,0.3432,0.2505,0.4063,0.6059,0.3645,4.2616,0.9132,0.7000
4,3,3565,3566,2,2,1,1.0000,3565.508,326.525,650.000,8.9799,17.0000,1.1525,0.6955,5.1747,0.0000,0.7500,0.2500,1.0000,0.0000,5.1749,0.7610,0.7966
6,4,3575,3577,3,1,2,1.0000,3576.034,794.000,713.494,10.8161,19.0000,1.3103,0.5069,5.7860,0.5556,0.3333,0.1111,1.0000,0.0000,3.6543,1.2179,0.7356
11,3,3578,3580,3,2,4,0.4583,3579.038,799.508,686.697,12.1217,19.0000,1.5833,0.5924,5.7868,0.6949,0.0081,0.2970,0.5218,0.4030,2.7412,0.9138,0.3788
9,4,3580,3582,3,2,3,0.5000,3581.070,717.670,606.496,11.6762,15.0000,1.1739,0.6070,4.5689,0.6283,0.1059,0.2658,0.7395,0.4784,3.6549,1.2184,0.4957
26,10,3581,3584,4,5,6,0.2167,3582.548,766.944,761.706,21.1482,19.0000,1.3955,1.4062,5.7876,0.6967,0.2028,0.1005,0.0546,0.7186,3.5032,0.6092,0.5763
4,3,3582,3583,2,1,2,1.0000,3582.525,778.000,667.410,9.2908,18.0000,1.1803,0.6657,5.4832,0.0000,0.7500,0.2500,0.0000,0.0000,3.9601,0.6091,0.8197
12,3,3582,3584,3,3,4,0.3333,3583.142,778.320,741.828,14.8616,21.0000,1.4911,1.2227,6.3971,0.2762,0.4749,0.2490,0.2393,0.6017,3.3512,1.2187,0.6036
3,3,3582,3583,2,1,2,0.7500,3582.719,780.000,738.667,10.0248,22.0000,1.1579,0.4358,6.7017,0.5333,0.2667,0.2000,0.7071,0.0000,5.6355,2.4370,1.0000
13,9,3582,3585,4,2,5,0.3250,3583.518,780.897,734.667,16.4755,21.0000,1.4000,1.7380,6.3974,0.7385,0.1533,0.1082,0.3497,0.2005,3.9601,0.4569,0.7949
19,5,3582,3584,3,3,6,0.3519,3583.315,782.741,729.582,17.5416,18.0000,1.3625,1.4757,5.4832,0.7241,0.1793,0.0967,0.0454,0.5858,3.6557,1.2185,0.5020
17,5,3582,3585,4,2,7,0.3036,3583.324,784.544,684.552,17.8060,22.0000,1.5519,2.6291,6.7017,0.8212,0.1439,0.0348,0.1069,0.0843,4.2646,1.5231,0.5809
8,4,3582,3584,3,1,5,0.5333,3583.052,785.000,721.287,12.3857,21.0000,1.4609,1.7138,6.3971,0.8703,0.0957,0.0339,0.2409,0.0000,4.4171,0.6092,0.6000
19,8,3582,3584,3,2,9,0.3519,3583.219,786.956,696.766,19.1489,22.0000,1.5255,2.7754,6.7017,0.9039,0.0746,0.0215,0.0022,0.0940,3.9601,0.9139,0.6095
20,3,3591,3595,5,4,4,0.2500,3593.186,1050.401,222.508,16.4935,17.0000,1.4050,0.6735,5.1815,0.2683,0.4485,0.2833,0.9343,0.0964,3.2004,0.9145,0.3223
89,62,3593,3598,6,5,6,0.4944,3596.017,1290.308,638.745,51.5740,36.0000,2.0075,1.2924,10.9747,0.2632,0.2024,0.5344,0.3836,0.1391,3.9637,0.9148,0.8076
3,3,3596,3598,3,1,1,1.0000,3597.022,848.000,1059.000,8.0969,17.0000,1.1087,0.0217,5.1829,0.8889,0.0000,0.1111,1.0000,0.0000,4.8783,1.2195,1.0000
3,3,3598,3600,3,1,1,1.0000,3599.082,524.000,466.000,8.6262,18.0000,1.1020,0.9184,5.4889,0.8889,0.0000,0.1111,1.0000,0.0000,5.4885,1.8295,1.0000
4,3,3601,3602,2,1,2,1.0000,3601.473,769.000,594.545,8.3867,16.0000,1.1636,0.6962,4.8798,0.0000,0.7500,0.2500,0.0000,0.0000,4.7269,0.9149,0.8182
5,3,3603,3604,2,2,2,0.6250,3603.406,716.547,537.156,8.7301,15.0000,1.1719,0.8222,4.5755,0.3432,0.2505,0.4063,0.6059,0.3645,3.9651,2.1352,0.6719
3,3,3607,3608,2,2,1,0.7500,3607.311,328.689,1004.000,7.9271,17.0000,1.1333,0.4400,5.1868,0.5333,0.2667,0.2000,0.7071,0.0000,3.9667,0.9153,1.0000
3,3,3609,3610,2,1,2,0.7500,3609.682,321.000,709.364,7.7524,16.0000,1.0909,0.7115,4.8829,0.5333,0.2667,0.2000,0.7071,0.0000,4.5777,1.8309,1.0000
3,3,3614,3616,3,1,1,1.0000,3614.978,289.000,722.000,8.1085,16.0000,1.0435,0.9783,4.8846,0.8889,0.0000,0.1111,1.0000,0.0000,4.8853,0.6107,1.0000
4,3,3616,3617,2,1,2,1.0000,3616.519,573.000,326.444,8.2446,16.0000,1.1852,0.6829,4.8854,0.0000,0.7500,0.2500,0.0000,0.0000,3.9698,0.9161,0.8148
4,3,3618,3618,1,2,2,1.0000,3618.000,555.552,722.534,8.8565,17.0000,1.1724,0.6976,5.1917,0.0000,0.7500,0.2500,0.0000,1.0000,4.4283,0.9162,0.8276
7,4,3620,3622,3,2,2,0.5833,3621.228,683.739,544.304,10.6225,15.0000,1.1413,0.7772,4.5821,0.3772,0.3083,0.3146,0.9758,0.2185,3.9709,1.5272,0.6196
5,4,3621,3622,2,2,2,0.6250,3621.362,387.203,348.420,9.4266,15.0000,1.0870,0.5908,4.5821,0.3432,0.2505,0.4063,0.6059,0.3645,4.5825,1.8328,0.8406
3,3,3621,3622,2,2,1,0.7500,3621.688,500.688,872.000,8.4661,18.0000,1.1250,0.4419,5.4991,0.5333,0.2667,0.2000,0.7071,0.0000,4.2771,0.9165,1.0000
5,3,3630,3632,3,2,1,0.8333,3631.358,500.522,1009.000,9.1612,18.0000,1.3433,0.8275,5.5037,0.5854,0.2927,0.1220,0.9487,0.0000,4.5861,1.2229,0.7015
13,3,3631,3635,5,3,3,0.2889,3632.892,609.405,457.297,12.5517,17.0000,1.4932,0.9268,5.1983,0.5494,0.3245,0.1260,0.9436,0.2172,3.3638,0.9174,0.3176
22,7,3633,3637,5,4,4,0.2750,3635.219,609.025,265.054,18.1268,22.0000,1.7410,0.2274,6.7283,0.3958,0.1634,0.4408,0.9206,0.0647,3.8228,0.9176,0.4281
7,3,3635,3636,2,3,2,0.5833,3635.511,397.534,721.659,10.1725,15.0000,1.1932,0.9555,4.5878,0.5694,0.1270,0.3036,0.2595,0.2173,4.2816,1.5292,0.5114
4,3,3640,3642,3,2,1,0.6667,3640.818,367.164,478.000,8.4135,17.0000,1.2364,0.2446,5.2011,0.7500,0.1500,0.1000,0.9487,0.0000,4.7422,0.9177,0.8364
6,3,3640,3643,4,2,2,0.3750,3641.222,651.139,1010.125,8.9931,15.0000,1.2500,1.2364,4.5892,0.8444,0.0252,0.1304,0.9761,0.1745,3.9774,1.2237,0.6111
3,3,3641,3643,3,1,1,1.0000,3642.000,426.000,571.000,8.6558,19.0000,1.1633,0.0000,5.8134,0.8889,0.0000,0.1111,1.0000,0.0000,4.8957,1.8358,1.0000
5,3,3648,3650,3,1,2,0.8333,3649.000,549.000,551.705,8.3494,15.0000,1.2295,0.2951,4.5909,0.6340,0.2717,0.0943,1.0000,0.0000,4.5908,1.9893,0.7049
3,3,3649,3651,3,1,1,1.0000,3649.939,235.000,631.000,8.6588,18.0000,1.1020,0.0612,5.5093,0.8889,0.0000,0.1111,1.0000,0.0000,5.8152,1.5303,1.0000
8,3,3650,3652,3,4,2,0.3333,3650.648,375.341,584.099,9.8475,15.0000,1.3187,0.7390,4.5911,0.4233,0.3781,0.1986,0.4205,0.1849,3.5199,1.2243,0.4725
6,3,3654,3655,2,3,2,0.5000,3654.548,623.821,555.857,10.4972,17.0000,1.2143,0.5069,5.2038,0.3810,0.3333,0.2857,0.3162,0.5071,3.8263,0.7652,0.5595
4,3,3656,3658,3,2,1,0.6667,3656.952,430.468,380.000,9.4895,19.0000,1.2258,0.4702,5.8162,0.7576,0.1294,0.1129,0.8507,0.0000,5.2039,1.0714,0.8226
3,3,3665,3666,2,1,2,0.7500,3665.644,515.000,594.689,7.9529,16.0000,1.0667,0.7156,4.8978,0.5333,0.2667,0.2000,0.7071,0.0000,4.8977,1.3775,1.0000
5,3,3665,3666,2,2,2,0.6250,3665.606,557.606,830.136,9.0352,16.0000,1.2121,0.7356,4.8978,0.3432,0.2505,0.4063,0.6059,0.3645,4.8977,1.2244,0.7121
3,3,3673,3674,2,2,1,0.7500,3673.682,715.682,318.000,7.7750,16.0000,1.0909,0.4500,4.8969,0.5333,0.2667,0.2000,0.7071,0.0000,4.5910,1.0712,1.0000
11,4,3675,3678,4,3,3,0.3056,3675.887,956.871,733.919,11.4421,16.0000,1.4194,1.1233,4.8965,0.5327,0.2025,0.2648,0.9572,0.0910,2.7544,0.7651,0.4758
9,3,3677,3679,3,3,2,0.5000,3678.277,675.482,402.732,11.4248,15.0000,1.2054,0.6171,4.5904,0.5417,0.2022,0.2561,0.7619,0.1022,4.5903,1.5301,0.3929
14,5,3684,3688,5,4,3,0.2333,3685.961,991.330,180.832,14.6365,25.0000,1.9553,0.3718,7.6487,0.8078,0.0535,0.1387,0.7683,0.5090,3.0595,0.9179,0.4972
5,3,3688,3690,3,2,1,0.8333,3688.762,539.556,621.000,8.6192,16.0000,1.2698,0.5042,4.8947,0.5854,0.2927,0.1220,0.9487,0.0000,4.5888,1.3767,0.6984
6,4,3695,3697,3,2,2,0.5000,3696.247,373.704,431.111,10.1142,19.0000,1.4074,0.4014,5.8114,0.5034,0.2551,0.2415,0.9677,0.2521,4.5880,0.9176,0.7654
7,3,3695,3698,4,3,2,0.2917,3696.885,476.103,415.103,10.0574,18.0000,1.4483,0.1861,5.5054,0.8404,0.0680,0.0916,0.8948,0.3366,3.3645,1.5292,0.5862
4,3,3695,3697,3,2,1,0.6667,3696.000,481.792,411.000,8.1054,14.0000,1.0566,1.0213,4.2822,0.5357,0.3214,0.1429,1.0000,0.0000,4.8937,1.6822,0.7925
6,3,3697,3699,3,2,2,0.5000,3697.782,324.885,485.462,9.7393,18.0000,1.3846,0.5233,5.5053,0.3810,0.3333,0.2857,0.9487,0.1690,4.2820,1.5292,0.6282
7,3,3697,3698,2,4,2,0.4375,3697.765,595.447,534.894,9.8260,18.0000,1.4824,0.6102,5.5053,0.7946,0.0785,0.1268,0.0188,0.3696,3.6703,0.9175,0.5529
6,4,3702,3703,2,2,2,0.7500,3702.525,307.275,548.500,9.9881,16.0000,1.2000,0.7425,4.8931,0.2667,0.1333,0.6000,0.7071,0.7071,4.5873,1.2233,0.7250
5,3,3702,3703,2,3,1,0.8333,3702.606,342.773,714.000,9.0266,16.0000,1.2121,0.6473,4.8932,0.5854,0.2927,0.1220,0.3162,0.0000,4.8931,1.2233,0.6970
7,3,3702,3704,3,3,2,0.3889,3702.606,949.777,473.191,10.8654,19.0000,1.4149,0.4914,5.8105,0.3526,0.4473,0.2001,0.7438,0.2507,3.9757,1.5291,0.5745
4,3,3704,3705,2,2,1,1.0000,3704.455,459.455,906.000,8.4098,15.0000,1.0909,0.6428,4.5872,0.0000,0.7500,0.2500,1.0000,0.0000,4.8930,1.3761,0.8182
9,3,3707,3710,4,2,2,0.5625,3708.571,944.514,802.914,10.7028,16.0000,1.3714,1.6470,4.8928,0.7680,0.1244,0.1077,0.9903,0.1001,3.3638,1.5290,0.4190
6,3,3710,3711,2,3,2,0.5000,3710.358,433.235,740.272,10.1119,16.0000,1.1852,1.0353,4.8926,0.6381,0.1455,0.2164,0.3327,0.3629,4.5869,1.2232,0.5679
6,3,3711,3713,3,2,2,0.5000,3712.014,475.649,629.878,9.2379,15.0000,1.2162,0.3721,4.5868,0.7074,0.0897,0.2030,0.9140,0.2540,4.4339,1.5289,0.5811
24,3,3713,3716,4,4,4,0.3750,3714.825,1290.967,755.387,16.7904,15.0000,1.3383,0.9120,4.5868,0.3544,0.2401,0.4055,0.7323,0.6624,2.9049,0.6116,0.1673
42,17,3714,3718,5,4,5,0.4200,3715.871,1239.933,982.926,27.3663,25.0000,1.8103,0.1635,7.6445,0.4149,0.1962,0.3888,0.4504,0.1470,3.3636,1.2231,0.5431
5,3,3718,3720,3,2,2,0.4167,3718.921,306.159,428.524,8.6152,16.0000,1.2698,0.5531,4.8925,0.5461,0.2256,0.2283,0.8117,0.4177,3.9752,1.0702,0.6984
5,3,3726,3728,3,1,2,0.8333,3727.088,438.000,579.632,9.2993,16.0000,1.1765,1.1487,4.8927,0.5854,0.2927,0.1220,0.9487,0.0000,4.8927,0.9174,0.6765
11,3,3726,3729,4,3,3,0.3056,3727.198,512.825,601.127,11.6172,15.0000,1.3095,0.8302,4.5869,0.2101,0.4761,0.3138,0.9620,0.2669,2.7521,0.6116,0.3492
7,3,3732,3734,3,2,2,0.5833,3733.341,557.319,532.758,10.5184,18.0000,1.3846,0.5254,5.5046,0.3772,0.3083,0.3146,0.9758,0.2185,4.2814,1.5291,0.5165
4,3,3736,3737,2,2,2,0.5000,3736.286,671.821,380.446,8.5631,16.0000,1.1429,0.8610,4.8932,0.5916,0.1015,0.3069,0.5000,0.5000,4.2815,0.7646,0.8214
4,3,3751,3754,4,1,1,1.0000,3752.375,353.000,518.000,8.5656,17.0000,1.2143,0.6250,5.2006,0.9375,0.0000,0.0625,1.0000,0.0000,4.8945,1.0707,0.8393
10,4,3752,3755,4,2,3,0.4167,3753.689,359.311,583.975,11.5122,15.0000,1.2605,0.7564,4.5889,0.5829,0.1385,0.2786,0.9221,0.2021,3.8240,1.0707,0.4874
7,3,3754,3757,4,2,3,0.2917,3755.821,468.238,533.286,9.7132,17.0000,1.4167,0.4126,5.2010,0.6153,0.2563,0.1284,0.7859,0.1866,3.0594,0.4589,0.5357
6,3,3761,3763,3,3,1,0.6667,3762.153,331.931,620.000,8.9941,15.0000,1.2500,0.1678,4.5899,0.6944,0.2222,0.0833,0.8000,0.0000,3.9779,1.5299,0.6111
5,3,3772,3774,3,2,2,0.4167,3773.043,511.143,289.457,9.5819,16.0000,1.1429,0.5630,4.8975,0.5461,0.2256,0.2283,0.8117,0.4177,4.8973,1.3774,0.6714
4,3,3776,3778,3,2,1,0.6667,3777.000,515.827,786.000,7.9592,15.0000,1.1538,0.1731,4.5918,0.5357,0.3214,0.1429,1.0000,0.0000,3.9796,1.2244,0.8269
9,3,3784,3787,4,2,3,0.3750,3785.448,721.467,498.886,10.7175,15.0000,1.2857,0.6567,4.5931,0.3513,0.4424,0.2063,0.9655,0.2332,3.6748,1.5310,0.4095
5,3,3785,3787,3,2,2,0.4167,3786.090,609.537,403.328,9.1755,16.0000,1.1940,1.1070,4.8997,0.7383,0.0485,0.2132,0.7071,0.0000,4.2871,1.0718,0.6716
4,3,3788,3790,3,2,1,0.6667,3788.944,670.463,551.000,8.2690,15.0000,1.1111,0.4663,4.5939,0.7576,0.1294,0.1129,0.8507,0.0000,4.5938,1.6844,0.7963
4,3,3790,3792,3,1,2,0.6667,3791.036,490.000,966.255,8.4229,15.0000,1.0909,0.2571,4.5943,0.5357,0.3214,0.1429,1.0000,0.0000,4.5944,1.3783,0.7818
7,4,3790,3792,3,2,3,0.3889,3791.126,503.713,534.057,10.0716,16.0000,1.2874,0.7261,4.9006,0.5479,0.1606,0.2915,0.9003,0.3984,4.5945,1.5314,0.6897
9,3,3792,3795,4,3,2,0.3750,3793.204,575.991,934.222,11.0273,15.0000,1.2500,0.8268,4.5949,0.3177,0.5360,0.1463,0.8021,0.1489,3.3693,0.6127,0.5278
4,3,3793,3794,2,2,1,1.0000,3793.544,284.456,760.000,8.7301,17.0000,1.1930,0.6451,5.2075,0.0000,0.7500,0.2500,1.0000,0.0000,4.5948,0.9190,0.7895
4,3,3797,3798,2,2,2,0.5000,3797.564,359.182,622.309,8.4254,17.0000,1.2364,0.8372,5.2085,0.5916,0.1015,0.3069,0.7071,0.7071,4.5957,1.2256,0.8182
5,3,3797,3799,3,2,1,0.8333,3797.754,645.525,391.000,8.3581,15.0000,1.2295,0.9186,4.5955,0.5854,0.2927,0.1220,0.9487,0.0000,4.9022,1.5319,0.7049
4,3,3806,3807,2,2,2,0.5000,3806.179,341.696,415.250,8.5824,17.0000,1.2143,0.7612,5.2107,0.0000,0.5625,0.4375,0.4459,0.5774,4.1379,1.0728,0.8214
5,4,3809,3810,2,2,2,0.6250,3809.371,414.543,496.200,9.5972,17.0000,1.2143,0.8543,5.2119,0.3432,0.2505,0.4063,0.6059,0.3645,5.2115,1.6860,0.8714
4,3,3810,3811,2,1,2,1.0000,3810.527,515.000,718.473,8.4313,15.0000,1.0909,0.6685,4.5990,0.0000,0.7500,0.2500,0.0000,0.0000,4.9054,1.2264,0.7818
8,3,3812,3815,4,2,2,0.5000,3813.832,472.505,461.905,10.2998,16.0000,1.3474,1.2724,4.9068,0.6702,0.1825,0.1473,0.9937,0.1048,3.8330,0.7666,0.4737
13,4,3813,3816,4,3,3,0.3611,3814.538,1093.012,259.312,14.7144,21.0000,1.5780,0.8731,6.4398,0.3674,0.4423,0.1903,0.6338,0.1171,3.9868,1.2268,0.3988
39,17,3814,3817,4,4,5,0.4875,3815.537,1288.420,773.957,27.4521,28.0000,1.9535,0.6271,8.5875,0.4651,0.1555,0.3794,0.1804,0.2424,3.3738,0.9200,0.5689
5,3,3817,3818,2,2,2,0.6250,3817.641,527.844,471.469,8.7791,16.0000,1.2500,0.6601,4.9078,0.3432,0.2505,0.4063,0.6059,0.3645,4.6008,1.2269,0.7031
7,3,3829,3830,2,2,2,0.8750,3829.541,460.529,486.659,9.8628,15.0000,1.2353,0.8304,4.6051,0.0000,0.3318,0.6682,0.8165,0.5774,4.2979,1.5350,0.5176
4,3,3831,3832,2,2,2,0.5000,3831.754,901.175,467.281,8.7508,17.0000,1.1930,0.4122,5.2199,0.0000,0.5625,0.4375,0.4459,0.5774,5.2196,1.6886,0.8246
6,3,3843,3845,3,2,2,0.5000,3844.188,657.600,533.112,10.0390,18.0000,1.3500,0.6386,5.5328,0.5230,0.1584,0.3185,0.9225,0.0898,3.5352,1.2292,0.6250
17,4,3847,3850,4,4,4,0.2656,3848.616,1115.803,281.621,14.7675,20.0000,1.7172,0.5741,6.1505,0.3082,0.2999,0.3918,0.6754,0.0705,3.0750,0.9225,0.3232
7,3,3852,3855,4,2,2,0.4375,3853.872,435.558,556.895,10.0013,20.0000,1.6279,0.4718,6.1538,0.7427,0.1445,0.1128,0.9895,0.1445,3.6919,0.9232,0.5581
5,3,3860,3862,3,2,2,0.4167,3860.985,453.853,561.618,9.3644,16.0000,1.1765,0.6351,4.9269,0.1521,0.5234,0.3245,1.0000,0.0000,4.6186,1.2317,0.6618
6,3,3862,3864,3,2,2,0.5000,3863.128,552.641,541.885,9.8082,16.0000,1.2308,0.3983,4.9281,0.5230,0.1584,0.3185,0.9225,0.0898,4.7740,2.1561,0.5769
4,3,3866,3868,3,2,1,0.6667,3866.902,303.275,414.000,7.8580,14.0000,1.0980,0.9428,4.3143,0.5357,0.3214,0.1429,1.0000,0.0000,4.9303,0.9245,0.8235
4,3,3871,3872,2,2,1,1.0000,3871.451,562.549,812.000,7.8627,14.0000,1.0980,0.7105,4.3171,0.0000,0.7500,0.2500,1.0000,0.0000,4.0081,0.4625,0.8235
36,9,3873,3877,5,4,5,0.3600,3875.071,1274.221,557.302,23.2914,24.0000,1.9073,1.0019,7.4048,0.0399,0.3933,0.5668,0.5244,0.3793,3.0854,1.2337,0.3576
8,3,3881,3883,3,4,2,0.3333,3881.670,474.809,813.277,10.2624,17.0000,1.4468,0.7499,5.2489,0.6724,0.1552,0.1724,0.7071,0.4082,3.5516,1.8528,0.4894
3,3,3882,3883,2,1,2,0.7500,3882.370,693.000,415.674,8.2018,17.0000,1.1087,0.7098,5.2505,0.5333,0.2667,0.2000,0.7071,0.0000,4.9408,0.9263,1.0000
19,3,3885,3887,3,4,4,0.3958,3886.338,789.620,1075.038,15.1003,15.0000,1.3380,1.1556,4.6350,0.6141,0.0537,0.3323,0.2774,0.8509,2.9359,0.9268,0.2113
13,3,3889,3891,3,3,4,0.3611,3890.319,1115.919,356.950,13.7220,21.0000,1.7062,0.3327,6.4933,0.4065,0.2285,0.3651,0.0811,0.7122,3.7103,0.9275,0.3250
7,3,3912,3915,4,3,2,0.2917,3913.524,531.915,939.476,9.6293,16.0000,1.3659,1.1566,4.9716,0.8028,0.0780,0.1192,0.8913,0.2787,3.4170,1.2418,0.5366
10,3,3914,3917,4,2,3,0.4167,3915.240,951.160,828.296,12.2864,18.0000,1.4400,0.4133,5.5945,0.4308,0.2943,0.2749,0.9825,0.0511,3.2641,0.9329,0.3920
9,3,3916,3919,4,3,3,0.2500,3917.500,717.843,501.926,11.1964,15.0000,1.2500,0.5294,4.6658,0.4680,0.2185,0.3135,0.8976,0.1669,3.7316,1.0887,0.4167
12,4,3925,3927,3,4,2,0.5000,3926.122,847.973,1290.568,13.3220,18.0000,1.4595,0.4500,5.6125,0.4656,0.1923,0.3420,0.2442,0.1111,3.2735,1.2469,0.4324
7,3,3927,3929,3,1,3,0.7778,3928.094,681.000,432.953,10.0245,16.0000,1.3176,0.1052,4.9923,0.6076,0.3038,0.0886,0.7071,0.0000,3.7440,0.6244,0.5176
3,3,3928,3929,2,2,1,0.7500,3928.333,666.667,450.000,7.5669,14.0000,1.0000,0.7454,4.3698,0.5333,0.2667,0.2000,0.7071,0.0000,4.0563,0.7808,1.0000
7,3,3934,3936,3,2,2,0.5833,3934.780,702.451,469.646,9.6957,14.0000,1.1951,0.9684,4.3801,0.5352,0.1763,0.2885,0.8018,0.5745,3.7543,0.4695,0.5122
8,4,3934,3936,3,2,2,0.6667,3934.786,1027.233,204.602,11.3922,17.0000,1.3204,0.6799,5.3187,0.4961,0.2369,0.2670,0.9586,0.0986,3.9102,0.9390,0.5922
37,7,3941,3946,6,6,6,0.1713,3943.143,1180.055,360.890,23.4943,24.0000,1.9516,0.1884,7.5374,0.1636,0.4933,0.3431,0.8223,0.4467,3.1414,1.2547,0.3297
3,3,3948,3949,2,2,1,0.7500,3948.682,862.318,463.000,8.0042,16.0000,1.0909,0.4500,5.0423,0.5333,0.2667,0.2000,0.7071,0.0000,4.7270,1.4182,1.0000
8,3,3970,3973,4,3,2,0.3333,3971.703,349.736,444.791,10.3173,16.0000,1.4066,0.7796,5.1277,0.5074,0.3390,0.1535,0.9261,0.0434,3.5256,1.9215,0.4835
5,3,3985,3986,2,2,2,0.6250,3985.406,896.172,583.609,9.2914,15.0000,1.1719,0.5892,4.8677,0.3432,0.2505,0.4063,0.6059,0.3645,4.5472,1.6223,0.6406
7,3,3987,3989,3,2,3,0.3889,3988.259,961.593,447.840,9.9637,15.0000,1.2963,0.5089,4.8806,0.7344,0.0891,0.1766,0.6799,0.3621,3.5821,1.6269,0.5185
5,3,3988,3990,3,1,2,0.8333,3989.246,398.000,386.607,8.8859,13.0000,1.0656,0.4640,4.2373,0.5854,0.2927,0.1220,0.9487,0.0000,4.5594,1.3026,0.6393
8,3,3993,3995,3,2,2,0.6667,3993.865,904.469,562.688,11.0995,16.0000,1.3333,0.5794,5.2330,0.4396,0.1507,0.4097,0.8641,0.2943,3.7612,0.6547,0.4896
4,4,3994,3995,2,1,2,1.0000,3994.509,352.000,445.491,8.6708,14.0000,1.0566,0.6938,4.5827,0.0000,0.7500,0.2500,0.0000,0.0000,4.5809,0.6551,1.0000
4,3,3996,3997,2,2,2,0.5000,3996.551,457.816,428.735,8.0300,14.0000,1.1429,0.5529,4.5903,0.5916,0.1015,0.3069,0.7071,0.7071,3.9326,0.6552,0.8163
3,3,3996,3998,3,1,1,1.0000,3997.024,865.000,715.000,7.7614,14.0000,1.0244,0.0244,4.5940,0.8889,0.0000,0.1111,1.0000,0.0000,4.2626,1.4772,1.0000
5,3,4009,4011,3,1,3,0.5556,4009.689,421.000,352.557,9.0311,15.0000,1.2295,0.8185,4.9634,0.6646,0.2585,0.0769,0.7071,0.0000,4.9669,1.1582,0.7049
42,25,4028,4032,5,5,5,0.3360,4029.670,1211.111,410.056,35.0617,31.0000,1.9204,0.3529,10.3912,0.4012,0.1718,0.4270,0.6141,0.4264,4.8594,1.5076,0.7404
3,3,4034,4035,2,2,1,0.7500,4034.675,849.350,341.000,7.7597,14.0000,1.0500,0.7267,4.7049,0.5333,0.2667,0.2000,0.7071,0.0000,4.7049,1.3435,1.0000
6,3,4039,4041,3,2,2,0.5000,4040.152,908.190,478.241,10.8649,18.0000,1.3671,0.3420,6.0634,0.5230,0.1584,0.3185,0.9225,0.0898,4.8834,1.1788,0.6076
5,5,4045,4046,2,2,3,0.4167,4045.209,480.388,414.791,10.1159,14.0000,1.0448,0.4878,4.7280,0.7729,0.0435,0.1836,0.2791,0.2890,4.7263,1.0134,1.0000
10,4,4055,4057,3,3,3,0.3704,4056.184,529.896,597.096,13.3967,23.0000,1.8400,0.2321,7.7946,0.2798,0.1685,0.5516,0.1520,0.1107,3.7278,1.0170,0.5040
4,3,4057,4059,3,1,2,0.6667,4057.816,619.000,535.816,8.3073,14.0000,1.1429,0.2598,4.7473,0.7500,0.1500,0.1000,0.9487,0.0000,4.7473,1.5251,0.8163
3,3,4058,4059,2,1,2,0.7500,4058.667,588.000,549.667,7.6366,13.0000,1.0000,0.7454,4.4094,0.5333,0.2667,0.2000,0.7071,0.0000,4.7486,1.6953,1.0000
