n_voxels,n_seed,z_min,z_max,z_extent,y_extent,x_extent,fill,centroid_z,centroid_y,centroid_x,snr_cluster,r_peak,r_peak_ratio,peak_offset,snr_peak,linearity,planarity,sphericity,axis_z,normal_z,edge_contrast,decay_drop,seed_grown_ratio
5,3,200,201,2,1,3,0.8333,200.595,329.000,681.703,8.8528,9.0000,1.2162,0.9205,4.8211,0.5854,0.2927,0.1220,0.3162,0.0000,5.0766,2.4026,0.6757
18,3,200,202,3,4,7,0.2143,200.535,359.819,569.173,16.0170,9.0000,1.2756,1.2810,4.8211,0.8816,0.0659,0.0525,0.0467,0.0883,4.2742,0.5379,0.3228
11,4,200,203,4,2,4,0.3438,201.169,584.072,756.060,13.3723,11.0000,1.4578,1.1725,5.8924,0.5576,0.3529,0.0895,0.7510,0.1384,3.2181,1.0610,0.5422
63,11,200,205,6,5,12,0.1750,202.029,588.212,697.857,30.1697,11.0000,1.5434,2.0181,5.8675,0.8133,0.1543,0.0324,0.2108,0.0076,3.2074,1.0668,0.4298
39,7,200,204,5,12,4,0.1625,201.100,597.883,396.954,24.0469,11.0000,1.5267,3.0855,5.8924,0.8954,0.0906,0.0140,0.0357,0.0026,3.1958,1.0657,0.4164
7,4,200,202,3,1,3,0.7778,201.314,616.000,794.902,10.2973,8.0000,1.0980,0.9550,4.2765,0.4747,0.4312,0.0941,0.5071,0.0000,5.3364,2.1336,0.6275
7,4,200,202,3,2,3,0.3889,200.690,616.897,822.724,11.7261,12.0000,1.4483,0.4279,6.4147,0.5453,0.2435,0.2112,0.6879,0.1639,4.8099,1.6048,0.6724
25,4,200,204,5,4,6,0.2083,201.480,620.553,827.765,19.1166,11.0000,1.5363,1.4121,5.8675,0.5642,0.3785,0.0574,0.3161,0.0059,4.2765,1.8654,0.4693
4,3,200,201,2,1,2,1.0000,200.472,623.000,659.444,9.6327,10.0000,1.1111,0.6485,5.3567,0.0000,0.7500,0.2500,0.0000,0.0000,4.5488,0.5426,0.8056
16,9,200,202,3,5,2,0.5333,200.758,629.290,127.153,16.5795,10.0000,1.2903,1.5044,5.3567,0.7256,0.1599,0.1145,0.2170,0.1198,3.2099,0.8061,0.6290
18,3,200,203,4,4,5,0.2250,201.167,637.242,828.659,16.6250,9.0000,1.2273,1.9321,4.8211,0.5836,0.3560,0.0604,0.3613,0.0544,5.3388,2.1405,0.5152
10,7,200,203,4,2,2,0.6250,201.158,636.289,845.579,12.8426,10.0000,1.3158,1.3265,5.3567,0.6235,0.2029,0.1736,0.9795,0.0436,5.3341,2.1405,0.7632
12,4,200,203,4,2,4,0.3750,201.300,641.644,820.489,13.8790,11.0000,1.4667,0.6911,5.8802,0.3666,0.4777,0.1557,0.9436,0.0453,5.3404,2.1335,0.4222
10,3,200,202,3,5,1,0.6667,200.926,647.132,126.000,11.4965,8.0000,1.1765,0.1514,4.2765,0.7107,0.2392,0.0500,0.4965,0.0000,2.4066,0.2696,0.3529
4,3,200,203,4,1,1,1.0000,201.273,648.000,794.000,8.8148,11.0000,1.3333,1.2727,5.8924,0.9375,0.0000,0.0625,1.0000,0.0000,3.2075,-1.0598,0.8182
7,4,200,203,4,2,3,0.2917,201.288,654.254,799.051,11.9127,11.0000,1.3051,0.7576,5.8675,0.8651,0.0434,0.0915,0.9326,0.0724,4.2754,0.5310,0.7966
4,3,200,202,3,2,1,0.6667,200.794,657.824,802.000,9.0913,11.0000,1.2941,0.2712,5.8802,0.7500,0.1500,0.1000,0.9487,0.0000,3.4774,1.0668,0.8235
51,13,200,204,5,15,4,0.1700,200.969,666.868,633.997,28.9692,13.0000,1.7132,0.9779,6.9638,0.9275,0.0590,0.0135,0.0431,0.0778,5.3311,2.6671,0.5194
12,3,200,203,4,2,4,0.3750,201.356,665.770,812.862,13.4148,11.0000,1.5172,0.4459,5.8802,0.4895,0.3004,0.2100,0.8588,0.1938,2.6775,0.5311,0.3103
22,9,200,203,4,6,3,0.3056,200.938,703.676,123.449,20.0606,10.0000,1.2500,2.8887,5.3567,0.7190,0.1587,0.1223,0.3010,0.1754,3.2165,0.5311,0.6648
6,3,200,202,3,2,2,0.5000,200.822,709.511,826.133,9.8240,9.0000,1.2000,0.5370,4.8111,0.3810,0.3333,0.2857,0.9487,0.1690,3.4803,1.0709,0.5556
28,7,200,203,4,8,4,0.2188,200.830,725.344,1002.156,21.4240,11.0000,1.4528,2.4919,5.8924,0.8328,0.0783,0.0889,0.0603,0.0247,2.6829,0.5392,0.5472
4,3,200,201,2,1,2,1.0000,200.531,736.000,825.500,8.5613,9.0000,1.1250,0.6854,4.8111,0.0000,0.7500,0.2500,0.0000,0.0000,3.7464,1.0686,0.7812
36,7,200,205,6,6,4,0.2500,201.981,738.866,647.263,23.2913,10.0000,1.3740,2.1249,5.3456,0.5215,0.3949,0.0835,0.7090,0.0549,3.2095,1.0595,0.4313
5,3,200,201,2,3,1,0.8333,200.579,755.237,654.000,9.0924,9.0000,1.1842,0.4831,4.8111,0.5854,0.2927,0.1220,0.3162,0.0000,3.7520,0.5402,0.6579
9,3,200,203,4,3,2,0.3750,201.032,761.825,657.460,11.2246,8.0000,1.1429,1.1432,4.2854,0.7199,0.1631,0.1170,0.8524,0.2094,3.2097,1.3346,0.3810
12,3,200,203,4,2,4,0.3750,201.083,764.690,843.690,12.9597,10.0000,1.4286,0.4456,5.3456,0.5230,0.2963,0.1806,0.8553,0.2100,2.9321,1.0680,0.3095
8,3,200,203,4,3,2,0.3333,201.200,794.945,970.109,10.3900,8.0000,1.1636,1.5316,4.2854,0.8139,0.0830,0.1031,0.7506,0.1429,2.4048,0.2715,0.4364
5,3,200,202,3,2,1,0.8333,200.811,806.649,1253.000,8.8487,8.0000,1.0811,0.8837,4.2854,0.5854,0.2927,0.1220,0.9487,0.0000,4.7989,2.6749,0.6486
11,3,200,204,5,3,3,0.2444,201.720,836.280,995.987,12.0689,9.0000,1.3200,0.7726,4.8111,0.8145,0.0556,0.1299,0.9074,0.1840,2.6795,1.0657,0.3333
5,4,200,201,2,2,2,0.6250,200.368,908.579,332.211,9.0963,8.0000,1.0526,0.7178,4.2854,0.3432,0.2505,0.4063,0.6059,0.3645,4.8176,1.6025,0.8421
3,3,200,202,3,1,1,1.0000,201.000,929.000,297.000,7.4069,8.0000,1.0000,1.0000,4.2854,0.8889,0.0000,0.1111,1.0000,0.0000,3.7414,0.7967,1.0000
4,3,200,203,4,1,1,1.0000,201.371,1187.000,1122.000,9.3471,10.0000,1.1429,0.3714,5.3456,0.9375,0.0000,0.0625,1.0000,0.0000,3.7436,-1.3209,0.8286
4,3,200,202,3,1,2,0.6667,200.794,1206.000,1097.206,9.0913,9.0000,1.0588,0.8204,4.8211,0.7500,0.1500,0.1000,0.9487,0.0000,3.7379,0.5369,0.7941
6,4,200,202,3,1,2,1.0000,200.959,1209.000,1093.531,10.6941,9.0000,1.1020,1.0962,4.8211,0.5556,0.3333,0.1111,1.0000,0.0000,3.4754,-0.5253,0.7143
11,4,200,203,4,3,3,0.3056,201.443,1212.636,1088.659,14.1696,10.0000,1.2500,0.8735,5.3456,0.3820,0.4733,0.1447,0.7866,0.1161,3.2247,0.5253,0.7273
4,3,200,201,2,2,2,0.5000,200.250,1214.469,1085.812,8.5663,9.0000,1.1250,0.5634,4.8211,0.5916,0.1015,0.3069,0.5000,0.5000,3.4774,1.6037,0.8125
5,4,200,202,3,1,2,0.8333,201.070,1264.000,999.372,10.2780,11.0000,1.2791,1.1326,5.8924,0.5854,0.2927,0.1220,0.9487,0.0000,2.6763,0.0012,0.8605
4,3,200,202,3,1,2,0.6667,201.194,1272.000,981.194,8.2821,9.0000,1.1613,0.2737,4.8111,0.7500,0.1500,0.1000,0.9487,0.0000,2.6727,-0.5273,0.8065
5,3,200,202,3,1,2,0.8333,200.795,1279.000,964.359,9.3273,9.0000,1.1538,0.8722,4.8211,0.5854,0.2927,0.1220,0.9487,0.0000,2.6671,-0.5275,0.6410
9,3,200,203,4,2,3,0.3750,200.952,1280.226,961.516,11.0483,8.0000,1.1613,1.1059,4.2854,0.5497,0.2900,0.1603,0.8706,0.0923,2.6625,0.8034,0.3871
17,6,200,202,3,3,7,0.2698,200.692,1283.123,953.846,16.8651,10.0000,1.3077,0.7198,5.3567,0.8783,0.0851,0.0366,0.0896,0.1107,3.2028,1.0668,0.6154
9,4,201,203,3,2,3,0.5000,202.303,628.682,390.758,11.7270,9.0000,1.2273,0.5018,4.8007,0.2589,0.2318,0.5093,0.7997,0.0731,3.2109,1.3304,0.5000
15,3,201,204,4,4,3,0.3125,202.706,707.353,1041.461,14.0257,8.0000,1.1765,1.0627,4.2673,0.4409,0.4126,0.1464,0.0108,0.1450,2.6562,1.0621,0.3137
6,3,201,203,3,1,3,0.6667,202.340,713.000,1041.234,10.2271,10.0000,1.2766,0.8382,5.3341,0.2083,0.6667,0.1250,0.8944,0.0000,3.1910,0.5288,0.5957
9,4,201,204,4,2,2,0.5625,202.836,762.806,977.448,11.8903,10.0000,1.3433,0.5149,5.3222,0.7065,0.1285,0.1650,0.9584,0.0201,2.6719,0.5328,0.5075
4,3,201,204,4,1,1,1.0000,202.344,1234.000,429.000,8.5278,9.0000,1.1250,1.3438,4.8111,0.9375,0.0000,0.0625,1.0000,0.0000,3.9982,1.0619,0.8125
13,5,202,206,5,3,3,0.2889,204.570,370.269,548.473,13.6773,9.0000,1.2581,0.8214,4.7790,0.5309,0.3010,0.1682,0.9865,0.0807,3.1693,1.0531,0.4624
8,3,202,204,3,2,3,0.4444,202.946,683.679,1080.125,10.5386,9.0000,1.2857,0.3490,4.7900,0.6148,0.2289,0.1563,0.6052,0.4491,2.3992,0.5358,0.4464
29,5,202,207,6,5,6,0.1611,204.486,1199.390,696.005,20.6825,11.0000,1.5190,2.4857,5.8271,0.8036,0.0709,0.1255,0.2333,0.0922,3.1759,0.8042,0.4571
36,12,202,206,5,6,5,0.2400,204.699,1200.992,737.485,23.5013,11.0000,1.4887,1.9181,5.8410,0.3298,0.2547,0.4156,0.0039,0.9167,3.1771,1.0584,0.4737
3,3,202,204,3,1,1,1.0000,203.037,1227.000,1067.000,8.2956,10.0000,1.1111,0.9630,5.3100,0.8889,0.0000,0.1111,1.0000,0.0000,3.7412,1.3231,1.0000
13,3,203,207,5,3,3,0.2889,205.802,448.058,1190.360,12.6101,9.0000,1.3605,0.4152,4.7559,0.7040,0.1165,0.1795,0.7785,0.0935,2.1178,0.5284,0.2907
8,3,203,206,4,3,2,0.3333,204.561,556.368,130.316,10.6865,10.0000,1.4035,0.9021,5.3100,0.1606,0.7019,0.1375,0.2318,0.0016,3.9723,2.1238,0.4561
8,3,203,205,3,2,3,0.4444,203.709,659.109,1136.291,10.3322,8.0000,1.1636,0.7742,4.2578,0.5236,0.2754,0.2010,0.8754,0.1544,2.9217,0.5447,0.4364
9,3,203,205,3,3,2,0.5000,204.033,757.230,655.197,10.7959,9.0000,1.3279,0.3041,4.7790,0.4175,0.3192,0.2633,0.9410,0.2486,2.6623,0.5416,0.4098
12,3,203,206,4,3,2,0.5000,204.705,1184.614,620.580,13.4663,10.0000,1.3636,0.8004,5.2974,0.4548,0.2577,0.2876,0.9424,0.3341,2.6600,0.5323,0.5000
29,3,203,206,4,6,6,0.2014,204.495,1188.888,633.551,19.3034,9.0000,1.3316,3.3488,4.7790,0.2622,0.5940,0.1439,0.2293,0.9465,2.6538,0.5398,0.2602
10,3,203,205,3,3,4,0.2778,204.257,1190.176,643.865,12.4181,12.0000,1.6216,1.4071,6.3568,0.6250,0.2489,0.1260,0.1001,0.5084,3.1867,1.0589,0.4865
15,3,203,206,4,4,4,0.2344,204.343,1193.295,647.600,14.3840,10.0000,1.4286,0.6039,5.3100,0.4940,0.0403,0.4656,0.0198,0.4635,2.6611,0.5297,0.3429
27,8,203,205,3,6,5,0.3000,204.252,1198.332,688.678,20.6299,10.0000,1.3366,2.4816,5.3222,0.5482,0.3298,0.1220,0.1871,0.9807,3.7063,0.5361,0.5792
23,3,203,206,4,5,6,0.1917,204.500,1201.152,704.165,18.1365,10.0000,1.4024,0.5480,5.3100,0.8187,0.0534,0.1279,0.1067,0.7580,3.1906,1.0543,0.3780
5,3,204,206,3,1,2,0.8333,204.868,694.000,841.395,9.0051,9.0000,1.1842,0.4161,4.7676,0.5854,0.2927,0.1220,0.9487,0.0000,3.6971,1.0582,0.6579
7,4,204,207,4,2,2,0.4375,205.611,730.111,846.259,10.7955,10.0000,1.2963,0.4804,5.2844,0.8040,0.0402,0.1558,0.9650,0.0194,4.7546,1.5853,0.6667
5,3,204,205,2,3,2,0.4167,204.450,1157.125,535.800,9.4886,9.0000,1.1250,1.2681,4.7676,0.7729,0.0435,0.1836,0.4781,0.7852,3.7146,0.5323,0.8500
15,5,204,206,3,4,4,0.3125,204.509,1184.255,615.292,14.5153,10.0000,1.4151,0.9083,5.3100,0.5943,0.1487,0.2569,0.2266,0.9014,3.1759,1.3212,0.3962
13,3,204,207,4,3,5,0.2167,205.516,1189.923,852.802,13.3528,9.0000,1.2857,0.9398,4.7559,0.5868,0.1622,0.2511,0.2675,0.0146,3.1681,1.0515,0.3626
8,4,204,205,2,3,2,0.6667,204.526,1193.018,657.789,10.6876,8.0000,1.1228,0.5671,4.2480,0.4286,0.1071,0.4643,0.0000,0.0000,2.9130,0.0000,0.5614
16,4,204,206,3,3,5,0.3556,204.675,1194.133,661.642,15.9043,10.0000,1.3333,1.4030,5.2974,0.7199,0.0806,0.1995,0.1384,0.9904,2.6525,0.5322,0.5000
40,7,204,206,3,5,9,0.2963,204.969,1196.262,681.293,24.2913,11.0000,1.5172,3.3037,5.8271,0.8277,0.0706,0.1016,0.0116,0.9999,2.6539,0.5310,0.3793
12,4,204,206,3,3,4,0.3333,205.022,1195.910,824.764,13.6091,11.0000,1.4831,1.2394,5.8271,0.6490,0.1737,0.1773,0.2064,0.7246,4.2339,1.0640,0.5056
21,3,204,206,3,5,4,0.3500,205.230,1196.197,814.566,17.5608,10.0000,1.3816,2.3988,5.2974,0.5910,0.1998,0.2092,0.0113,0.9992,2.6476,0.5361,0.4671
28,3,204,206,3,5,8,0.2333,204.917,1197.990,794.124,19.3250,9.0000,1.3057,1.5001,4.7676,0.6806,0.2480,0.0714,0.0715,0.9709,2.6504,1.0582,0.2694
5,3,204,206,3,3,1,0.5556,204.595,1198.946,679.000,8.7738,8.0000,1.0811,1.1173,4.2480,0.3318,0.5530,0.1152,1.0000,0.0000,3.7057,1.0589,0.6486
34,9,204,207,4,6,6,0.2361,204.927,1200.435,769.032,22.5340,11.0000,1.5081,1.1227,5.8271,0.6970,0.0818,0.2212,0.0112,0.9647,2.6567,1.0530,0.4315
7,3,204,206,3,3,2,0.3889,204.852,1198.815,780.870,10.8157,9.0000,1.1667,0.8383,4.7676,0.4009,0.2683,0.3308,0.7054,0.0496,2.6502,0.7953,0.4815
12,7,204,207,4,3,2,0.5000,205.798,1197.843,784.494,13.5831,9.0000,1.2135,0.9977,4.7559,0.4782,0.3889,0.1330,0.9218,0.3825,3.1706,0.5323,0.6517
10,3,204,206,3,3,3,0.3704,204.829,1199.957,720.343,11.7309,9.0000,1.2857,1.2445,4.7676,0.4253,0.2649,0.3098,0.0045,0.7199,2.6531,0.5272,0.3571
32,5,204,207,4,6,8,0.1667,204.815,1201.254,751.293,21.7349,10.0000,1.3793,2.2195,5.2711,0.6243,0.2631,0.1126,0.0691,0.9868,3.1784,1.0608,0.4526
17,3,204,206,3,4,6,0.2361,205.054,1200.811,786.459,14.2592,9.0000,1.3784,0.9760,4.7676,0.8132,0.0951,0.0917,0.1047,0.9127,2.6513,1.0607,0.2252
10,4,204,205,2,5,3,0.3333,204.810,1199.899,743.329,13.2398,10.0000,1.2658,0.7046,5.2974,0.7621,0.1377,0.1003,0.1305,0.9858,2.9256,0.7947,0.5823
12,3,204,206,3,4,3,0.3333,204.907,1201.500,775.233,13.1541,12.0000,1.6744,0.5592,6.3568,0.7245,0.0734,0.2021,0.1149,0.8603,3.1791,1.0543,0.3256
16,4,204,206,3,4,5,0.2667,204.672,1202.613,763.580,15.7719,13.0000,1.7479,1.6591,6.8866,0.6733,0.1123,0.2144,0.1307,0.8049,4.2397,1.0672,0.3361
20,4,205,209,5,3,5,0.2667,206.861,188.723,744.350,16.1528,10.0000,1.4599,0.7199,5.2711,0.3932,0.4092,0.1976,0.0669,0.3307,1.8557,0.5397,0.3066
21,4,205,208,4,3,6,0.2917,206.593,189.836,755.764,16.1198,10.0000,1.5000,1.3804,5.2844,0.7157,0.1704,0.1139,0.1151,0.2261,2.1086,0.0081,0.2429
379,50,205,210,6,6,59,0.1784,206.659,193.444,718.201,75.6051,12.0000,1.6301,16.2240,6.3413,0.9952,0.0020,0.0028,0.0042,0.9977,3.1698,1.5772,0.4642
59,12,205,208,4,4,11,0.3352,206.522,194.284,752.788,29.4749,11.0000,1.5128,1.5013,5.8128,0.9005,0.0394,0.0601,0.0318,0.9984,3.1668,1.5772,0.4149
19,3,205,209,5,4,3,0.3167,206.953,210.078,509.388,15.6009,8.0000,1.1783,1.5637,4.2275,0.5996,0.1589,0.2415,0.7319,0.6388,3.1585,1.0556,0.2481
105,17,205,210,6,5,22,0.1591,206.566,213.226,709.900,38.5190,11.0000,1.5441,6.9566,5.7982,0.9717,0.0057,0.0226,0.0233,0.3691,3.1654,1.0626,0.3850
93,16,205,211,7,5,14,0.1898,207.284,214.517,682.079,36.1556,10.0000,1.4048,3.3704,5.2844,0.8577,0.0569,0.0854,0.0624,0.3785,3.1559,1.0556,0.3882
9,4,205,207,3,2,3,0.5000,205.940,213.373,757.000,11.8034,10.0000,1.3433,0.3779,5.2844,0.6031,0.1995,0.1974,0.6041,0.5018,2.6422,1.0490,0.5373
65,6,205,208,4,5,15,0.2167,206.449,215.939,778.204,29.1342,10.0000,1.4607,0.9157,5.2844,0.9370,0.0265,0.0365,0.0060,0.9989,3.1640,1.5732,0.2944
66,15,205,210,6,5,9,0.2444,207.070,215.284,671.009,30.4230,11.0000,1.5480,3.2726,5.8128,0.6119,0.1057,0.2824,0.1738,0.8448,3.1545,1.5661,0.3689
40,4,205,209,5,3,13,0.2051,206.567,215.467,764.978,22.5269,10.0000,1.4815,1.2585,5.2844,0.9083,0.0313,0.0604,0.0579,0.2248,2.6470,1.5726,0.2519
44,5,205,209,5,4,8,0.2750,207.161,217.356,652.299,23.6698,10.0000,1.4765,1.4023,5.2844,0.8094,0.0625,0.1281,0.2920,0.0609,2.6487,1.0542,0.2315
111,12,205,208,4,8,16,0.2168,206.183,227.226,916.191,39.4551,11.0000,1.5515,7.2967,5.8128,0.8443,0.1257,0.0300,0.0082,0.9950,3.1640,1.5774,0.3609
26,5,205,207,3,4,7,0.3095,206.217,225.793,836.429,19.0583,10.0000,1.4130,1.4605,5.2844,0.7490,0.1297,0.1213,0.0181,0.9939,2.6383,1.0435,0.3424
30,9,205,209,5,5,6,0.2000,206.393,226.612,924.145,20.6258,10.0000,1.4019,0.7415,5.2844,0.3786,0.2459,0.3755,0.2727,0.9464,2.6396,1.0490,0.3972
18,5,205,208,4,4,3,0.3750,206.546,227.408,842.908,16.1696,11.0000,1.5231,0.6878,5.8128,0.1771,0.2137,0.6092,0.5093,0.6258,2.6355,1.0516,0.3385
35,13,205,208,4,4,6,0.3646,206.430,229.517,852.388,23.4661,12.0000,1.5970,0.7762,6.3413,0.6921,0.0949,0.2131,0.1242,0.2585,3.1761,1.0635,0.4563
34,5,205,208,4,5,10,0.1700,206.176,232.412,861.987,21.1064,10.0000,1.4592,1.1843,5.2844,0.9189,0.0114,0.0697,0.0160,0.6898,3.9570,1.5759,0.2918
9,3,205,207,3,3,3,0.3333,206.231,233.677,869.062,11.4428,9.0000,1.2462,1.0190,4.7559,0.5987,0.2409,0.1604,0.2019,0.0358,3.1693,1.0543,0.5231
22,4,205,207,3,4,9,0.2037,206.130,241.513,893.558,17.3444,9.0000,1.2857,2.4930,4.7559,0.9258,0.0408,0.0334,0.0494,0.9987,3.1733,1.0569,0.2727
38,12,205,208,4,5,10,0.1900,206.438,243.893,903.191,23.2910,9.0000,1.2574,0.4892,4.7559,0.8414,0.0435,0.1151,0.0517,0.8046,3.1720,1.0542,0.4338
16,3,205,208,4,4,3,0.3333,206.617,243.607,914.654,14.1136,8.0000,1.1963,0.9811,4.2275,0.3176,0.1887,0.4937,0.7600,0.0889,2.3772,1.0502,0.2243
28,4,205,207,3,4,7,0.3333,206.200,252.237,924.058,18.9647,9.0000,1.3263,0.9918,4.7559,0.7503,0.1055,0.1442,0.0586,0.9798,2.6520,1.0549,0.2316
19,4,205,206,2,4,9,0.2639,205.806,256.333,932.845,15.6464,8.0000,1.1783,4.0742,4.2275,0.9170,0.0494,0.0336,0.0645,0.9972,3.1733,1.5828,0.3101
60,7,205,208,4,7,12,0.1786,206.158,262.939,995.835,28.0275,10.0000,1.4599,0.8516,5.2844,0.8385,0.1175,0.0440,0.0497,0.9988,2.1191,1.0543,0.3479
15,5,205,209,5,3,4,0.2500,206.632,263.585,506.406,14.4396,10.0000,1.4151,0.8581,5.2844,0.5512,0.1237,0.3250,0.8054,0.2597,2.6422,0.5380,0.4151
29,3,205,207,3,4,8,0.3021,206.005,266.240,954.036,19.2326,9.0000,1.3316,2.1063,4.7559,0.8848,0.0181,0.0971,0.0293,0.0379,3.7081,2.1111,0.2959
28,5,205,207,3,5,6,0.3111,206.071,267.868,1001.147,19.6698,10.0000,1.4213,1.4190,5.2844,0.4858,0.3249,0.1893,0.0731,0.9896,2.6411,1.0542,0.3147
40,7,205,208,4,8,6,0.2083,206.442,267.342,1006.809,23.2017,10.0000,1.4388,1.1332,5.2844,0.8077,0.0961,0.0962,0.2266,0.9740,2.6383,1.0516,0.3058
16,3,205,207,3,5,4,0.2667,206.000,274.692,974.458,14.1355,9.0000,1.3458,1.4163,4.7559,0.6724,0.1788,0.1488,0.4058,0.9139,2.1242,1.0569,0.3084
39,8,205,209,5,6,8,0.1625,207.331,278.291,1054.353,23.4441,10.0000,1.4029,1.5485,5.2844,0.7358,0.1056,0.1586,0.0113,0.9311,3.1518,1.0529,0.4532
9,3,205,207,3,2,3,0.5000,205.894,284.697,989.091,11.6285,11.0000,1.5000,0.3337,5.8128,0.4438,0.1190,0.4373,0.9234,0.0160,4.2255,1.0635,0.4091
36,4,205,208,4,7,7,0.1837,206.326,285.649,1000.806,21.2959,9.0000,1.3388,1.0848,4.7559,0.6345,0.2105,0.1550,0.1205,0.9468,2.1269,1.0516,0.2769
21,4,205,207,3,5,6,0.2333,206.125,286.694,1031.056,16.6000,9.0000,1.3125,2.0685,4.7559,0.6908,0.1976,0.1116,0.1056,0.9918,3.1613,1.0582,0.2917
6,3,205,206,2,2,2,0.7500,205.667,287.476,994.286,9.0682,8.0000,1.1429,0.8677,4.2379,0.2000,0.3333,0.4667,0.7071,0.7071,3.1732,1.0595,0.5714
12,4,205,207,3,3,4,0.3333,206.148,298.506,1048.840,12.3516,8.0000,1.1852,0.9914,4.2275,0.6651,0.0811,0.2539,0.1200,0.5744,2.1150,0.5271,0.3951
15,4,205,208,4,4,3,0.3125,206.238,311.723,1070.475,13.7722,9.0000,1.3366,0.8971,4.7559,0.3297,0.4082,0.2621,0.0464,0.1107,1.6054,0.5257,0.3267
18,4,205,208,4,2,6,0.3750,206.317,319.699,1050.577,15.3077,10.0000,1.4634,1.4884,5.2844,0.6087,0.2524,0.1388,0.1689,0.0148,2.1242,0.5258,0.3415
21,5,205,208,4,4,6,0.2188,206.413,333.748,1097.035,16.4727,9.0000,1.3217,0.4846,4.7559,0.6105,0.0477,0.3418,0.2587,0.2068,2.1164,1.0516,0.3007
12,3,205,207,3,4,4,0.2500,206.069,421.333,1149.356,13.2691,9.0000,1.2414,1.3818,4.7559,0.7054,0.1760,0.1187,0.3360,0.3036,3.1713,1.0562,0.4713
35,4,205,210,6,4,7,0.2083,207.348,1163.806,852.834,21.9864,10.0000,1.4170,2.2845,5.2844,0.3111,0.4292,0.2598,0.1208,0.3647,2.1210,0.0166,0.3117
35,6,205,209,5,4,8,0.2188,206.728,1167.764,858.240,21.9325,10.0000,1.4228,3.5430,5.2844,0.7306,0.1689,0.1005,0.0868,0.5353,3.1559,0.5380,0.3496
55,18,205,209,5,7,9,0.1746,206.619,1171.261,840.305,29.6664,12.0000,1.5827,1.1883,6.3413,0.5877,0.2011,0.2113,0.0741,0.9937,3.1733,1.0575,0.5204
14,6,205,208,4,4,3,0.2917,205.952,1171.771,914.743,14.8307,10.0000,1.3333,1.2523,5.2974,0.5758,0.1127,0.3115,0.6273,0.6602,3.1765,1.0549,0.5048
5,4,205,207,3,2,1,0.8333,205.721,1178.465,677.000,10.1688,10.0000,1.1628,0.8977,5.2974,0.5854,0.2927,0.1220,0.9487,0.0000,4.2262,0.0053,0.8605
14,3,205,207,3,4,5,0.2333,205.936,1180.053,694.904,13.2777,8.0000,1.1915,0.9426,4.2379,0.6957,0.1294,0.1749,0.0684,0.7052,2.3799,0.5257,0.2553
39,5,205,207,3,5,9,0.2889,206.050,1181.338,708.651,23.5204,9.0000,1.2626,1.4890,4.7559,0.8018,0.1085,0.0897,0.0430,0.9723,3.1647,0.5391,0.4173
10,3,205,207,3,3,2,0.5556,205.831,1179.127,893.577,11.8694,9.0000,1.2676,1.3366,4.7676,0.5537,0.1811,0.2651,0.6514,0.2752,2.9130,1.5918,0.4789
99,14,205,208,4,7,15,0.2357,206.111,1181.581,722.445,38.8118,12.0000,1.6252,2.4827,6.3413,0.8276,0.1240,0.0484,0.0188,0.9334,3.1761,1.5720,0.4569
17,4,205,207,3,5,3,0.3778,206.104,1181.232,752.704,16.0163,12.0000,1.6320,0.7485,6.3413,0.7087,0.0776,0.2137,0.0150,0.2370,2.6476,1.0435,0.3840
129,8,205,210,6,10,14,0.1536,206.653,1180.691,736.387,42.0359,12.0000,1.7105,1.5135,6.3413,0.6234,0.3063,0.0703,0.0608,0.9494,3.1654,1.0595,0.3182
9,3,205,206,2,3,4,0.3750,205.230,1187.508,862.820,10.7652,9.0000,1.3279,0.9831,4.7676,0.6408,0.1476,0.2116,0.0187,0.9924,2.6500,1.0582,0.4098
13,4,205,206,2,4,5,0.3250,205.287,1196.489,808.138,13.8010,11.0000,1.5213,1.2719,5.8271,0.7070,0.1846,0.1084,0.1228,0.9903,2.1189,0.7914,0.4043
13,3,205,207,3,3,4,0.3611,205.880,1201.457,882.696,13.4875,12.0000,1.6957,0.8908,6.3413,0.5410,0.1082,0.3509,0.2907,0.5999,2.3886,0.5284,0.3913
12,4,205,208,4,3,3,0.3333,206.552,1212.103,843.264,13.2530,10.0000,1.3793,1.0854,5.2844,0.2355,0.5127,0.2518,0.3717,0.2790,3.1620,0.5271,0.4023
14,8,205,207,3,4,4,0.2917,206.096,1213.663,835.173,14.6843,9.0000,1.2115,0.6924,4.7559,0.7106,0.0952,0.1942,0.1470,0.9092,3.6951,1.0595,0.6346
13,3,205,208,4,3,3,0.3611,206.076,1219.837,712.837,13.4808,9.0000,1.2717,0.8561,4.7559,0.3644,0.3878,0.2478,0.8671,0.2099,3.1693,1.0516,0.3696
5,3,205,206,2,2,2,0.6250,205.564,1219.538,804.154,9.2265,10.0000,1.2821,0.7949,5.2974,0.3432,0.2505,0.4063,0.6059,0.3645,3.7018,1.0621,0.6667
12,4,205,207,3,5,2,0.4000,205.929,1220.706,743.741,12.9686,9.0000,1.2706,1.1954,4.7676,0.7201,0.1395,0.1404,0.2335,0.3513,2.6457,0.5298,0.4000
369,47,206,210,5,10,43,0.1716,207.792,174.202,758.083,75.0855,12.0000,1.6149,19.1218,6.3089,0.9778,0.0166,0.0055,0.0006,0.9998,3.1573,1.5677,0.4431
44,6,206,211,6,4,9,0.2037,207.757,177.625,825.888,24.1093,10.0000,1.4474,0.9943,5.2574,0.7228,0.1242,0.1531,0.0746,0.5369,2.3536,1.0435,0.2599
75,6,206,211,6,5,10,0.2500,208.434,185.428,608.243,31.7123,10.0000,1.4340,4.2676,5.2711,0.8234,0.1016,0.0750,0.0757,0.0553,3.1397,1.0458,0.2199
23,3,206,208,3,5,6,0.2556,207.007,188.371,725.854,16.5957,8.0000,1.2185,1.1960,4.2275,0.5887,0.2128,0.1984,0.1029,0.7332,2.1151,1.0461,0.2119
11,3,206,207,2,2,5,0.5500,206.342,190.316,764.355,12.0986,9.0000,1.3026,1.0004,4.7559,0.8366,0.0234,0.1400,0.0507,0.3183,2.1260,0.5257,0.3289
19,4,206,209,4,2,6,0.3958,207.550,209.550,594.046,15.8185,9.0000,1.3053,1.9230,4.7559,0.4393,0.4629,0.0978,0.0049,0.0480,2.6162,0.5354,0.3206
22,8,206,208,3,3,6,0.4074,206.821,210.235,876.667,18.2135,11.0000,1.4938,0.9166,5.8128,0.6932,0.0935,0.2133,0.2345,0.3099,2.1077,0.5271,0.4568
50,5,206,211,6,5,11,0.1515,207.657,211.828,587.087,24.7057,9.0000,1.3554,3.4517,4.7559,0.8128,0.1218,0.0654,0.0471,0.1589,2.1277,1.0487,0.1807
42,5,206,209,4,4,7,0.3750,207.170,213.527,696.346,23.0070,9.0000,1.3357,2.4106,4.7440,0.6175,0.1937,0.1888,0.0081,0.4838,3.1505,1.0515,0.2014
13,3,206,208,3,3,3,0.4815,207.000,214.128,890.930,12.5724,9.0000,1.3605,0.1457,4.7440,0.4832,0.1557,0.3611,0.4391,0.1009,1.5813,0.5251,0.2907
51,6,206,210,5,5,9,0.2267,207.605,215.916,662.326,25.5708,9.0000,1.3228,2.0835,4.7559,0.7771,0.1272,0.0957,0.1365,0.1947,2.6246,1.0461,0.2219
28,10,206,209,4,4,6,0.2917,206.897,219.034,647.270,20.3260,10.0000,1.3725,1.1573,5.2844,0.1575,0.5266,0.3159,0.0554,0.5730,3.1640,1.3094,0.4314
32,3,206,211,6,5,6,0.1778,207.267,221.074,555.931,20.2052,10.0000,1.4747,1.2713,5.2844,0.5874,0.2276,0.1850,0.5962,0.6830,2.3697,0.5338,0.2350
24,7,206,210,5,3,6,0.2667,207.300,224.176,548.488,18.2762,10.0000,1.4118,1.6218,5.2844,0.2829,0.4646,0.2525,0.9098,0.0666,2.6290,1.0458,0.3529
16,4,206,210,5,4,3,0.2667,207.963,226.542,542.766,14.0645,10.0000,1.4953,0.8935,5.2574,0.1464,0.6173,0.2363,0.9555,0.2385,2.1071,1.0316,0.3178
14,4,206,208,3,3,4,0.3889,206.828,228.000,538.535,13.9525,8.0000,1.1313,0.9497,4.2275,0.6002,0.1042,0.2956,0.4139,0.3450,2.6355,0.5284,0.3232
39,4,206,210,5,5,7,0.2229,207.281,237.781,513.145,21.5913,9.0000,1.3711,2.2377,4.7440,0.5752,0.2635,0.1613,0.0066,0.6509,2.1277,0.5366,0.1602
34,6,206,210,5,5,7,0.1943,207.514,252.037,488.683,21.9370,10.0000,1.3992,1.7533,5.2711,0.7643,0.0968,0.1389,0.2616,0.1872,2.6344,1.0430,0.2963
24,11,206,209,4,4,5,0.3000,207.185,253.000,532.315,19.1423,9.0000,1.2135,1.7701,4.7559,0.3286,0.3805,0.2909,0.7258,0.5362,2.6498,1.0487,0.5225
10,3,206,209,4,2,4,0.3125,207.274,266.534,504.274,12.1593,10.0000,1.3699,0.6058,5.2711,0.0811,0.6420,0.2769,0.7071,0.3403,2.6411,1.0569,0.3562
29,3,206,209,4,6,7,0.1726,207.347,288.487,1067.487,18.8740,9.0000,1.3523,3.0050,4.7317,0.8431,0.0291,0.1278,0.0054,0.8233,2.6463,1.5677,0.2124
54,14,206,210,5,8,7,0.1929,207.652,294.409,1079.578,27.9985,10.0000,1.3811,2.7334,5.2711,0.7623,0.1079,0.1297,0.2320,0.9278,3.1640,0.5395,0.4399
66,12,206,208,3,11,11,0.1818,207.241,302.044,1085.687,29.6326,9.0000,1.2998,1.4189,4.7559,0.7950,0.1577,0.0473,0.0074,0.9929,3.1559,1.5677,0.2954
9,4,206,209,4,3,3,0.2500,206.569,303.554,1060.892,11.4328,9.0000,1.2462,0.7312,4.7559,0.6482,0.1280,0.2238,0.9104,0.3333,2.6396,1.0543,0.5077
18,3,206,209,4,2,6,0.3750,207.923,303.254,1094.038,16.1124,11.0000,1.5231,1.4124,5.7982,0.7534,0.1422,0.1044,0.3555,0.2672,2.6246,0.5298,0.2462
11,3,206,207,2,2,4,0.6875,206.627,304.427,406.187,11.9309,8.0000,1.1733,1.1119,4.2275,0.6952,0.0214,0.2834,0.0974,0.0233,3.1613,1.0508,0.3200
45,3,206,209,4,8,8,0.1758,207.471,329.152,1118.087,24.3288,12.0000,1.7419,1.6697,6.3089,0.5122,0.3964,0.0913,0.1871,0.9758,2.6329,1.0459,0.3161
12,3,206,208,3,4,4,0.2500,206.976,337.250,1126.560,12.7823,9.0000,1.2857,0.6133,4.7440,0.5251,0.0453,0.4296,0.0000,1.0000,2.1146,0.5251,0.3095
31,8,206,209,4,6,6,0.2153,207.645,349.621,1143.038,19.9421,8.0000,1.1754,1.3705,4.2169,0.3625,0.3742,0.2633,0.0203,0.9611,2.6246,1.0461,0.3033
13,5,206,208,3,4,4,0.2708,206.921,355.899,1142.101,13.0137,8.0000,1.1685,2.2867,4.2169,0.5757,0.3055,0.1188,0.1876,0.9260,2.6435,1.0549,0.4494
11,3,206,208,3,2,3,0.6111,206.797,366.430,1130.253,12.5617,10.0000,1.3924,0.5388,5.2711,0.4032,0.1533,0.4434,0.8370,0.1836,2.6316,1.0410,0.3418
22,3,206,209,4,6,3,0.3056,207.424,377.292,1165.743,16.1647,8.0000,1.2222,1.7787,4.2169,0.6413,0.0821,0.2766,0.0731,0.1995,2.1111,1.0410,0.2222
19,3,206,209,4,4,4,0.2969,207.579,415.541,1193.406,16.0590,9.0000,1.2857,0.9478,4.7440,0.4648,0.1605,0.3747,0.2244,0.4658,2.6233,1.0435,0.3083
12,3,206,208,3,4,4,0.2500,207.118,486.294,1230.282,12.9298,10.0000,1.4118,0.7845,5.2711,0.7310,0.1002,0.1688,0.2006,0.1832,2.6426,1.0488,0.4118
6,3,206,208,3,2,2,0.5000,207.170,715.681,206.872,10.1094,10.0000,1.2766,0.3836,5.2711,0.5230,0.1584,0.3185,0.9225,0.0898,4.7411,1.0487,0.5957
7,3,206,208,3,2,2,0.5833,207.185,1051.130,368.463,10.7530,9.0000,1.1667,0.5827,4.7440,0.5916,0.2044,0.2040,0.9664,0.1591,4.2234,2.0974,0.4815
11,6,206,209,4,3,2,0.4583,207.284,1087.136,403.556,12.8635,9.0000,1.2222,1.3655,4.7559,0.5330,0.1568,0.3102,0.9541,0.0051,4.7453,1.5813,0.6173
13,5,206,209,4,3,3,0.3611,207.340,1140.165,919.062,14.1681,12.0000,1.6082,0.3831,6.3253,0.4961,0.0933,0.4105,0.8510,0.4056,2.1191,0.5251,0.4948
25,6,206,209,4,4,7,0.2232,206.962,1153.934,903.220,19.1881,10.0000,1.3736,2.2285,5.2844,0.7639,0.0831,0.1530,0.1054,0.4290,3.1626,1.0562,0.4396
8,3,206,207,2,2,3,0.6667,206.491,1157.473,868.236,10.2630,8.0000,1.1636,0.7213,4.2275,0.4685,0.1696,0.3619,0.3645,0.6059,2.8992,0.5272,0.4364
17,9,206,209,4,3,5,0.2833,207.368,1157.602,893.263,16.9864,12.0000,1.5338,0.9151,6.3253,0.4093,0.2286,0.3621,0.6258,0.2349,3.1517,0.5308,0.5940
6,3,206,207,2,2,2,0.7500,206.279,1157.488,948.349,9.2700,8.0000,1.1163,0.6619,4.2275,0.2000,0.3333,0.4667,0.7071,0.7071,3.4342,0.5284,0.5581
16,3,206,209,4,4,4,0.2500,206.821,1159.786,886.286,14.7654,9.0000,1.2857,0.8957,4.7559,0.3197,0.3212,0.3591,0.3205,0.2850,3.1576,0.7942,0.3750
12,4,206,209,4,3,3,0.3333,207.494,1160.281,868.067,13.5248,10.0000,1.3483,0.5726,5.2711,0.6343,0.1365,0.2292,0.9747,0.2231,2.6232,0.0147,0.4270
19,4,206,209,4,3,5,0.3167,206.788,1161.644,876.348,15.9706,9.0000,1.2955,1.0826,4.7559,0.5899,0.1994,0.2107,0.2110,0.2638,2.6369,0.0063,0.3106
31,4,206,210,5,6,6,0.1722,208.286,1166.152,839.548,19.8139,10.0000,1.4762,1.6257,5.2435,0.4515,0.3152,0.2332,0.4709,0.7746,2.1138,0.5308,0.1714
6,3,206,208,3,2,2,0.5000,206.837,1166.245,927.878,10.5486,13.0000,1.5918,0.3188,6.8524,0.5230,0.1584,0.3185,0.9225,0.0898,2.6327,0.5218,0.6327
66,4,206,211,6,6,9,0.2037,207.946,1170.428,816.686,30.0953,11.0000,1.5613,1.8615,5.7982,0.7429,0.1393,0.1178,0.3093,0.8834,2.6246,1.0416,0.3011
17,4,206,209,4,5,3,0.2833,206.850,1169.094,851.000,16.2418,9.0000,1.2047,1.3161,4.7559,0.7235,0.0803,0.1962,0.4988,0.4702,2.6476,1.0405,0.4646
13,6,206,209,4,3,3,0.3611,206.732,1173.124,832.474,14.1901,10.0000,1.3402,0.8809,5.2844,0.4193,0.2125,0.3682,0.7811,0.6244,2.6329,0.0081,0.5464
17,3,206,210,5,4,5,0.1700,207.959,1177.415,714.943,15.6851,9.0000,1.2439,1.4671,4.7440,0.7843,0.1007,0.1149,0.5237,0.5910,2.6260,0.0126,0.4065
7,3,206,208,3,2,2,0.5833,207.155,1217.431,787.121,11.5504,12.0000,1.4483,0.6020,6.3253,0.5916,0.2044,0.2040,0.9664,0.1591,2.6422,0.5271,0.5345
4,3,206,207,2,2,1,1.0000,206.469,1237.469,793.000,8.4450,9.0000,1.1250,0.6629,4.7559,0.0000,0.7500,0.2500,1.0000,0.0000,3.6924,0.5326,0.7812
4,3,206,208,3,1,2,0.6667,207.059,1238.000,787.765,8.9593,10.0000,1.1765,0.2425,5.2711,0.5357,0.3214,0.1429,1.0000,0.0000,3.9465,1.0495,0.7941
47,3,207,210,4,6,10,0.1958,208.514,151.393,645.962,23.9702,9.0000,1.3514,2.5219,4.7317,0.8306,0.0974,0.0720,0.0970,0.9950,2.1115,1.0487,0.1597
24,3,207,210,4,4,6,0.2500,207.994,173.791,799.810,17.4924,9.0000,1.3252,0.2823,4.7317,0.4372,0.3934,0.1693,0.3774,0.6754,2.0974,0.5299,0.2025
80,11,207,211,5,5,13,0.2462,208.309,188.013,597.342,32.3017,9.0000,1.3091,4.0152,4.7440,0.9005,0.0301,0.0694,0.0537,0.2324,2.6205,1.0429,0.2073
61,14,207,213,7,5,10,0.1743,208.749,193.998,576.700,28.8866,10.0000,1.4186,1.8576,5.2574,0.7441,0.1876,0.0682,0.0082,0.3476,2.1227,1.0458,0.3116
29,8,207,209,3,4,8,0.3021,207.790,202.315,547.600,19.5361,8.0000,1.1600,1.2055,4.2169,0.5168,0.3825,0.1007,0.0012,0.8937,3.1531,1.5689,0.3600
28,3,207,209,3,4,8,0.2917,208.098,214.321,519.176,19.1705,9.0000,1.3057,0.3794,4.7317,0.8596,0.0717,0.0687,0.1611,0.8531,3.1475,1.0515,0.2953
96,4,207,211,5,7,17,0.1613,209.016,244.958,832.573,35.6930,10.0000,1.4393,4.5729,5.2435,0.9113,0.0620,0.0267,0.0297,0.9698,3.1520,1.5688,0.1469
20,7,207,208,2,7,4,0.3571,207.500,292.149,1073.442,18.1277,9.0000,1.1688,1.3289,4.7440,0.8183,0.1135,0.0682,0.1044,0.9826,3.6769,1.0597,0.6104
11,3,207,209,3,3,3,0.4074,208.091,299.117,1089.481,12.2028,9.0000,1.2857,0.5402,4.7317,0.3770,0.2515,0.3715,0.6833,0.7112,2.6162,0.5243,0.3247
13,3,207,210,4,2,3,0.5417,208.606,302.362,381.691,13.6842,9.0000,1.2447,0.7705,4.7317,0.6103,0.1676,0.2221,0.9624,0.2530,3.1433,1.0400,0.2660
11,4,207,209,3,3,5,0.2444,208.013,317.158,1005.934,12.0468,8.0000,1.1579,0.1716,4.2059,0.7784,0.1027,0.1189,0.1017,0.9676,3.1433,0.5355,0.4211
10,4,207,209,3,3,4,0.2778,208.149,319.068,1014.851,12.2979,10.0000,1.3514,0.2208,5.2574,0.6387,0.0768,0.2845,0.2903,0.3121,2.6238,1.0403,0.4865
31,6,207,209,3,5,6,0.3444,207.601,324.257,1111.468,20.6061,11.0000,1.5642,0.6665,5.7832,0.4425,0.3925,0.1650,0.0301,0.9479,2.3736,1.0459,0.2936
18,4,207,209,3,6,4,0.2500,207.968,331.310,1127.056,15.6149,8.0000,1.1429,1.3111,4.2059,0.7108,0.1090,0.1803,0.1016,0.9707,2.6344,1.0488,0.3810
20,3,207,209,3,4,5,0.3333,207.657,334.636,1123.736,16.4729,9.0000,1.2857,1.6920,4.7317,0.4112,0.3460,0.2428,0.0530,0.9793,2.6260,1.0461,0.4071
48,4,207,209,3,11,6,0.2424,207.580,342.911,1132.475,24.7652,9.0000,1.3252,5.3290,4.7317,0.8393,0.1189,0.0418,0.0477,0.9966,3.1492,1.0515,0.2239
12,4,207,208,2,4,5,0.3000,207.235,443.388,1205.753,12.9259,9.0000,1.2706,0.5168,4.7440,0.7991,0.0948,0.1061,0.1194,0.8755,3.1518,0.7983,0.4000
5,3,207,207,1,2,3,0.8333,207.000,511.432,1239.243,8.7220,8.0000,1.0811,0.4962,4.2169,0.5854,0.2927,0.1220,0.0000,1.0000,3.6884,1.0516,0.6486
25,3,207,210,4,2,8,0.3906,208.861,633.833,1102.322,18.8830,11.0000,1.5278,1.6917,5.7678,0.7847,0.1702,0.0451,0.0496,0.1735,2.6217,0.5326,0.2167
7,3,207,208,2,3,2,0.5833,207.708,750.125,641.417,9.5454,8.0000,1.1667,0.8312,4.2169,0.3883,0.1309,0.4808,0.1253,0.7549,3.6884,1.0508,0.5000
14,3,207,210,4,4,3,0.2917,208.653,752.541,1231.878,13.7459,10.0000,1.4286,0.5884,5.2435,0.7463,0.1441,0.1096,0.6407,0.6922,3.1347,1.0446,0.2755
36,5,207,209,3,7,9,0.1905,207.675,1144.350,927.984,21.5734,9.0000,1.3171,2.8457,4.7317,0.8612,0.0644,0.0745,0.0496,0.9475,2.6373,0.5346,0.2642
25,4,207,210,4,4,5,0.3125,208.517,1158.421,875.775,18.6904,11.0000,1.5449,0.7866,5.7678,0.2958,0.4068,0.2974,0.2656,0.6252,2.0917,0.0126,0.2978
26,4,207,210,4,5,6,0.2167,208.373,1175.324,762.438,19.0554,13.0000,1.8270,0.6603,6.8347,0.4855,0.3070,0.2075,0.5267,0.7100,2.1168,1.0445,0.2649
11,3,207,210,4,3,2,0.4583,208.575,1177.188,741.737,12.6617,10.0000,1.3750,0.6593,5.2574,0.6578,0.1550,0.1872,0.9845,0.1726,2.6162,0.0106,0.3375
10,3,207,209,3,4,2,0.4167,208.000,1212.500,820.541,12.3026,10.0000,1.3514,0.6790,5.2574,0.4610,0.4228,0.1161,0.0639,0.1709,2.6342,0.0097,0.4595
8,3,207,208,2,3,4,0.3333,207.276,1216.638,904.879,10.8012,9.0000,1.2414,0.4709,4.7440,0.7391,0.0904,0.1705,0.1091,0.9340,3.1654,1.0569,0.4310
18,3,208,212,5,3,5,0.2400,209.138,146.023,714.562,16.0602,10.0000,1.3846,0.5788,5.2435,0.5530,0.3130,0.1340,0.4810,0.1732,2.6320,1.0344,0.2231
95,9,208,213,6,6,14,0.1885,209.808,172.978,576.547,36.8761,12.0000,1.6594,0.9263,6.2922,0.8873,0.0332,0.0795,0.0735,0.4021,3.1296,0.5403,0.2431
11,4,208,210,3,5,2,0.3667,208.775,181.863,544.700,12.6552,9.0000,1.2375,0.7480,4.7191,0.5871,0.1825,0.2303,0.3998,0.1709,2.6373,1.0515,0.4125
49,5,208,213,6,5,7,0.2333,209.994,191.400,522.724,25.3979,9.0000,1.2971,1.2930,4.7191,0.4100,0.3981,0.1919,0.7768,0.5651,3.1183,1.5512,0.1324
32,3,208,212,5,4,7,0.2286,209.652,209.518,481.705,20.7257,9.0000,1.2857,1.8693,4.7317,0.6832,0.1467,0.1701,0.0433,0.4922,2.1119,0.2656,0.1205
42,3,208,213,6,7,5,0.2000,209.867,214.797,471.878,23.0843,10.0000,1.4685,0.9105,5.2292,0.7337,0.0808,0.1855,0.4784,0.1982,2.6060,0.5403,0.0979
88,5,208,213,6,8,11,0.1667,209.842,233.357,691.733,33.6269,12.0000,1.7512,2.8045,6.2750,0.6467,0.2339,0.1195,0.0603,0.9066,2.6345,1.0515,0.1327
32,12,208,210,3,3,6,0.5926,209.133,235.335,762.593,22.9791,10.0000,1.2903,1.6330,5.2435,0.7856,0.0528,0.1616,0.0954,0.0081,3.1602,1.0556,0.4476
95,5,208,211,4,7,21,0.1616,209.297,236.447,776.358,35.8533,10.0000,1.4243,4.4033,5.2435,0.9739,0.0112,0.0149,0.0137,0.9716,4.1789,1.0529,0.1634
103,8,208,211,4,8,17,0.1893,209.022,248.941,850.726,38.3328,12.0000,1.6658,6.7919,6.2922,0.9308,0.0430,0.0262,0.0207,0.9693,3.1405,1.3078,0.2763
18,3,208,211,4,4,6,0.1875,208.831,260.403,436.968,15.3318,10.0000,1.4516,0.4385,5.2435,0.5848,0.1038,0.3114,0.2420,0.4472,2.1145,0.5328,0.2177
12,6,208,210,3,3,3,0.4444,208.918,265.938,428.062,14.6855,10.0000,1.2371,1.3137,5.2574,0.2340,0.4309,0.3351,0.3121,0.2362,2.8849,0.2692,0.5876
11,3,208,209,2,2,5,0.5500,208.423,274.269,926.436,12.3505,9.0000,1.2692,0.7548,4.7317,0.8096,0.0489,0.1415,0.0190,0.3727,2.6246,0.7850,0.3205
10,5,208,209,2,2,3,0.8333,208.423,278.410,485.231,12.9533,10.0000,1.2821,1.1280,5.2435,0.5130,0.1699,0.3171,0.1131,0.6980,3.6726,0.5285,0.5769
44,4,208,211,4,8,9,0.1528,209.319,289.858,1108.767,22.7459,9.0000,1.3750,3.3483,4.7191,0.8309,0.1059,0.0632,0.0437,0.9238,2.0974,0.5295,0.1528
29,4,208,210,3,5,6,0.3222,208.751,295.259,1107.950,19.5839,9.0000,1.2985,1.9830,4.7191,0.6088,0.2437,0.1475,0.0060,0.9031,3.1433,0.5384,0.2139
224,3,208,212,5,16,18,0.1556,209.197,301.904,1120.110,52.4526,10.0000,1.4953,3.0970,5.2435,0.8228,0.1595,0.0177,0.0007,0.9851,2.6345,1.0517,0.0748
46,3,208,211,4,5,11,0.2091,209.133,390.233,1198.145,25.5803,10.0000,1.3897,0.3047,5.2435,0.8401,0.1107,0.0492,0.1395,0.9838,2.6305,1.0402,0.2175
10,3,208,210,3,3,4,0.2778,208.986,1110.086,1040.986,11.6072,10.0000,1.4286,0.0881,5.2435,0.5716,0.2347,0.1937,0.6124,0.5515,2.1115,0.5272,0.3857
8,3,208,210,3,3,2,0.4444,209.177,1137.919,499.613,11.4882,13.0000,1.6774,0.4334,6.8165,0.2980,0.5068,0.1952,0.2890,0.2791,2.8796,0.5230,0.5000
5,3,208,209,2,3,2,0.4167,208.421,1212.211,515.842,8.9245,10.0000,1.3158,0.6359,5.2435,0.7729,0.0435,0.1836,0.4781,0.7852,4.7274,1.5744,0.6842
6,3,208,209,2,3,2,0.5000,208.140,1232.674,564.395,9.2258,9.0000,1.2558,0.7008,4.7317,0.5034,0.2551,0.2415,0.2255,0.8655,3.1573,1.0473,0.5814
7,3,208,209,2,3,3,0.3889,208.222,1245.130,613.185,10.7241,11.0000,1.4259,0.3170,5.7832,0.7346,0.1174,0.1480,0.1847,0.4366,2.6308,1.5716,0.5556
50,6,209,214,6,4,10,0.2083,210.261,246.027,613.561,27.4154,13.0000,1.7520,1.7874,6.7980,0.7645,0.1772,0.0583,0.0093,0.2729,3.1375,0.5403,0.2668
62,5,209,213,5,5,10,0.2480,210.337,248.962,602.385,29.3254,11.0000,1.5430,0.7027,5.7521,0.7758,0.1040,0.1203,0.0968,0.4703,3.1318,1.0473,0.1742
6,3,209,210,2,2,3,0.5000,209.426,1131.468,472.191,10.0493,9.0000,1.1489,0.6609,4.7191,0.5926,0.1852,0.2222,0.2673,0.1690,3.6669,1.0473,0.5745
11,3,209,212,4,5,2,0.2750,210.488,1143.488,527.226,13.2259,12.0000,1.5714,0.7426,6.2576,0.6901,0.2228,0.0871,0.1874,0.1401,2.1076,0.2658,0.4881
14,3,210,212,3,2,4,0.5833,211.020,211.182,422.626,13.7964,10.0000,1.4141,0.6524,5.2146,0.5558,0.3019,0.1423,0.1004,0.1320,2.3487,0.7802,0.2828
106,4,210,214,5,11,11,0.1752,211.805,279.065,1122.287,36.5853,10.0000,1.4641,4.2683,5.1998,0.3288,0.5940,0.0772,0.0885,0.9614,3.1010,1.0339,0.1133
109,4,210,214,5,12,12,0.1514,211.826,288.176,1130.956,37.4716,11.0000,1.5944,1.2755,5.7361,0.7305,0.2141,0.0554,0.0551,0.9746,3.1001,1.0400,0.1396
20,3,210,212,3,3,7,0.3175,211.301,325.140,1167.993,16.6600,12.0000,1.6783,0.3317,6.2576,0.7584,0.0909,0.1508,0.1332,0.9896,3.1155,0.5318,0.2098
3,3,210,210,1,2,2,0.7500,210.000,1128.655,1050.655,8.7553,10.0000,1.0345,0.7404,5.2292,0.5333,0.2667,0.2000,0.0000,1.0000,4.1777,0.5317,1.0000
104,7,210,216,7,9,10,0.1651,212.392,1153.282,825.959,38.7060,11.0000,1.5053,3.0093,5.7361,0.3070,0.5029,0.1901,0.0075,0.9441,2.6091,0.5312,0.2395
14,6,210,212,3,4,3,0.3889,211.111,1161.907,714.537,15.0468,10.0000,1.2963,1.0247,5.2146,0.4862,0.3567,0.1571,0.1980,0.4713,3.3976,0.5327,0.5185
44,5,211,215,5,4,7,0.3143,212.558,193.679,471.260,24.1046,10.0000,1.4286,1.8240,5.1847,0.5728,0.3003,0.1269,0.0058,0.5507,2.5924,1.0310,0.1786
30,4,211,213,3,4,5,0.5000,211.845,328.315,1171.539,20.7999,9.0000,1.2329,1.2137,4.6932,0.5146,0.2710,0.2144,0.2708,0.9213,3.1199,1.5496,0.2055
27,3,211,212,2,4,8,0.4219,211.505,342.701,1184.562,19.4411,9.0000,1.2526,1.7849,4.6932,0.8358,0.0935,0.0707,0.0063,0.9391,2.6164,0.5318,0.1856
40,4,211,213,3,8,5,0.3333,211.818,395.059,1224.565,22.1276,9.0000,1.3383,2.0007,4.6932,0.7301,0.1874,0.0825,0.1105,0.9906,2.6044,1.0385,0.1338
81,4,211,216,6,7,11,0.1753,213.306,1132.207,905.024,33.8996,13.0000,1.7878,1.8388,6.7598,0.6508,0.1901,0.1591,0.0100,0.7597,2.5910,0.5292,0.2122
93,13,211,215,5,7,15,0.1771,212.342,1142.727,873.868,39.2678,17.0000,2.1687,1.2132,8.8397,0.8966,0.0427,0.0607,0.0882,0.8951,2.6195,0.5342,0.3471
3,3,211,212,2,2,1,0.7500,211.321,1248.321,822.000,8.4222,10.0000,1.0714,0.4546,5.2146,0.5333,0.2667,0.2000,0.7071,0.0000,3.6547,0.5207,1.0000
23,3,211,216,6,4,5,0.1917,213.108,1260.108,900.934,18.0477,11.0000,1.5150,1.1150,5.7198,0.7210,0.0811,0.1979,0.8768,0.3876,3.1001,0.7700,0.1737
23,3,211,216,6,5,5,0.1533,212.645,1271.717,848.849,17.9642,10.0000,1.3855,1.4438,5.1998,0.6005,0.0915,0.3081,0.6811,0.6899,3.1214,0.5229,0.1807
6,3,211,212,2,2,3,0.5000,211.674,1276.870,678.065,9.7740,10.0000,1.3043,0.3572,5.1998,0.7074,0.0897,0.2030,0.3047,0.0847,2.8689,0.5244,0.6087
6,3,211,213,3,3,1,0.6667,212.041,1277.816,813.000,10.4004,10.0000,1.2245,0.1882,5.1998,0.6944,0.2222,0.0833,0.8000,0.0000,3.3888,0.0030,0.5918
4,3,211,212,2,2,1,1.0000,211.500,1279.474,675.000,9.8937,11.0000,1.1579,0.6888,5.7198,0.0000,0.7500,0.2500,1.0000,0.0000,5.4754,1.0407,0.7895
9,5,211,212,2,3,3,0.5000,211.554,1281.952,766.108,14.4045,12.0000,1.3012,1.1067,6.2576,0.5836,0.2015,0.2149,0.2883,0.7116,4.6806,1.0400,0.6627
10,3,211,213,3,4,4,0.2083,211.842,1282.303,751.882,12.5025,11.0000,1.4474,1.4323,5.7361,0.6409,0.2159,0.1432,0.1412,0.7972,4.1650,1.0446,0.3947
17,4,212,214,3,3,5,0.3778,212.792,234.728,404.496,15.7279,10.0000,1.3600,0.9095,5.1847,0.5957,0.1912,0.2131,0.1735,0.1394,2.5894,0.0091,0.3040
7,4,212,214,3,4,1,0.5833,213.232,961.857,321.000,10.9664,10.0000,1.2500,0.8880,5.1847,0.5992,0.3329,0.0680,0.0000,0.0000,4.1387,1.5592,0.6786
9,4,212,215,4,3,2,0.3750,214.211,1151.887,606.634,12.2263,10.0000,1.2676,0.6775,5.1694,0.5614,0.2820,0.1566,0.9701,0.1648,2.5847,0.5045,0.5493
5,3,212,213,2,3,1,0.8333,212.595,1252.786,883.000,9.7500,11.0000,1.3095,0.6326,5.7198,0.5854,0.2927,0.1220,0.3162,0.0000,3.6355,0.5246,0.7143
9,3,212,214,3,3,3,0.3333,212.585,1271.800,839.723,11.2471,9.0000,1.2462,1.0288,4.6798,0.5584,0.0666,0.3750,0.8002,0.5926,2.5954,0.5170,0.4154
51,20,213,219,7,6,6,0.2024,216.605,790.411,1195.104,32.5301,17.0000,1.9139,1.2422,8.7077,0.5975,0.0895,0.3129,0.8198,0.5438,3.5936,1.0197,0.5430
25,3,213,217,5,3,6,0.2778,214.786,1032.934,1060.176,18.7719,10.0000,1.3736,1.4157,5.1694,0.4747,0.2693,0.2561,0.3403,0.1232,2.0711,0.5068,0.2198
7,3,213,215,3,4,1,0.5833,213.846,1064.596,440.000,10.1646,9.0000,1.2115,0.9376,4.6663,0.4802,0.4287,0.0910,0.1891,0.0000,2.5708,1.0246,0.5192
20,3,213,217,5,4,5,0.2000,214.945,1063.973,1024.979,16.8280,10.0000,1.3699,0.9814,5.1539,0.1005,0.5367,0.3627,0.5006,0.2997,2.0765,0.5202,0.2603
5,3,213,215,3,3,1,0.5556,214.325,1064.900,306.000,9.2382,10.0000,1.2500,1.1250,5.1539,0.5532,0.3398,0.1070,0.8281,0.0000,4.1215,0.5355,0.7000
17,4,213,216,4,4,3,0.3542,214.825,1154.342,628.125,15.0077,10.0000,1.4167,0.9017,5.1694,0.2759,0.4293,0.2948,0.5498,0.1973,2.0740,0.5059,0.3250
40,3,213,218,6,6,7,0.1587,215.301,1154.630,634.277,23.7723,10.0000,1.3699,1.0050,5.1539,0.2218,0.5363,0.2420,0.2948,0.5679,2.5810,0.5146,0.1952
28,3,213,216,4,7,5,0.2000,214.087,1164.928,684.654,20.3146,11.0000,1.4808,0.6635,5.6864,0.7253,0.1702,0.1045,0.1493,0.7288,2.5816,0.5162,0.3221
10,3,213,216,4,4,2,0.3125,214.688,1260.438,860.812,13.0505,10.0000,1.2500,0.5694,5.1539,0.6158,0.2590,0.1252,0.6672,0.1201,3.0985,0.0063,0.3625
22,3,213,217,5,6,4,0.1833,215.510,1261.954,552.386,16.7852,9.0000,1.2941,2.4453,4.6243,0.5974,0.2620,0.1407,0.6060,0.2148,2.3192,0.5107,0.1765
9,3,213,217,5,3,3,0.2000,214.791,1271.507,724.806,11.5172,9.0000,1.2090,0.9518,4.6525,0.9012,0.0318,0.0670,0.8824,0.0967,2.5942,0.5278,0.4030
16,5,213,217,5,3,4,0.2667,215.513,1273.832,598.134,15.3083,10.0000,1.3445,1.9114,5.1222,0.7284,0.1769,0.0947,0.8290,0.4523,2.6006,0.5329,0.3866
58,6,214,219,6,10,5,0.1933,215.918,817.312,1176.831,27.9377,11.0000,1.5411,0.9840,5.6693,0.6832,0.1278,0.1890,0.0714,0.4819,2.5628,0.9955,0.2729
13,3,214,217,4,3,4,0.2708,215.253,933.653,1140.221,13.5689,9.0000,1.2316,1.0165,4.6243,0.7192,0.1067,0.1742,0.7314,0.5589,3.1017,0.7723,0.2842
20,5,214,216,3,5,5,0.2667,214.876,1002.697,1086.731,16.7165,9.0000,1.2414,1.1509,4.6525,0.7750,0.0437,0.1813,0.4366,0.8088,2.0615,0.5030,0.3103
11,3,214,216,3,3,2,0.6111,215.222,1043.852,1053.580,12.5784,9.0000,1.2222,0.9753,4.6385,0.4438,0.2887,0.2675,0.6283,0.4864,2.0772,0.0119,0.3333
21,3,214,218,5,4,6,0.1750,215.526,1055.864,1040.162,17.2918,10.0000,1.3636,1.6932,5.1381,0.5637,0.2367,0.1996,0.4308,0.7187,2.0711,0.0072,0.3052
11,4,214,216,3,3,2,0.6111,214.922,1133.933,566.478,13.9887,11.0000,1.3444,1.0723,5.6693,0.1142,0.6778,0.2080,0.2885,0.0781,3.0892,0.0118,0.4444
25,3,214,218,5,4,6,0.2083,216.607,1140.678,852.230,18.7699,10.0000,1.3661,1.0322,5.1381,0.5958,0.2102,0.1940,0.2141,0.0857,2.5627,0.7612,0.2077
19,4,214,218,5,4,4,0.2375,215.613,1167.239,727.218,16.7580,10.0000,1.3380,0.6931,5.1539,0.4807,0.1420,0.3773,0.7241,0.2188,2.5769,0.5232,0.4014
6,3,214,217,4,2,2,0.3750,215.700,1236.260,975.120,10.4977,12.0000,1.4400,0.7563,6.1846,0.6410,0.2138,0.1452,0.9804,0.0231,3.0664,0.2490,0.6200
11,3,214,217,4,4,2,0.3438,215.481,1235.790,487.753,12.5684,11.0000,1.4938,0.5804,5.6693,0.8273,0.0092,0.1635,0.6695,0.5774,2.0772,1.0339,0.3580
8,4,214,216,3,4,2,0.3333,214.544,1266.353,781.206,12.4077,12.0000,1.4118,0.6122,6.1846,0.3003,0.5325,0.1672,0.0617,0.3048,3.3501,1.0150,0.5882
11,3,214,217,4,4,3,0.2292,215.869,1267.369,739.000,13.0184,10.0000,1.3095,0.9442,5.1539,0.6483,0.1676,0.1840,0.7408,0.0656,2.5722,1.0339,0.3571
11,3,214,217,4,3,3,0.3056,216.072,1281.711,626.108,12.8553,9.0000,1.1928,0.7227,4.6243,0.5093,0.2226,0.2681,0.9683,0.0449,3.0639,0.7573,0.3253
32,6,215,220,6,5,4,0.2667,216.563,126.156,600.182,20.9445,10.0000,1.3853,1.7855,5.1539,0.3181,0.4705,0.2115,0.9555,0.1734,2.5722,0.5217,0.2381
62,4,215,218,4,5,13,0.2385,216.188,136.745,560.419,28.1730,10.0000,1.4352,2.9372,5.1539,0.9090,0.0538,0.0372,0.0774,0.4637,2.5643,1.0212,0.1528
42,5,215,219,5,5,6,0.2800,216.468,139.347,551.579,23.5125,10.0000,1.4141,1.6158,5.1539,0.6070,0.1965,0.1965,0.2273,0.1914,2.5579,0.5114,0.2155
30,3,215,217,3,5,6,0.3333,215.832,144.045,536.510,18.9590,10.0000,1.4851,1.0960,5.1381,0.7733,0.0924,0.1343,0.0298,0.7644,2.0647,1.0212,0.1386
45,3,215,219,5,5,6,0.3000,217.525,145.310,938.703,24.0886,10.0000,1.4241,1.5442,5.1061,0.6220,0.1992,0.1788,0.2473,0.1464,2.5563,1.0180,0.1171
17,3,215,218,4,3,3,0.4722,217.000,154.762,510.722,15.6529,11.0000,1.4841,0.3659,5.6344,0.3619,0.2752,0.3629,0.8482,0.0557,2.5498,0.5090,0.2460
34,7,215,219,5,5,6,0.2267,216.347,192.326,432.595,21.3012,11.0000,1.5455,1.4440,5.6693,0.3480,0.4254,0.2266,0.6562,0.6387,2.3057,0.5155,0.2810
16,3,215,218,4,3,4,0.3333,216.658,255.892,805.721,14.2290,10.0000,1.4414,0.4548,5.1222,0.0428,0.6733,0.2839,0.9596,0.1357,2.0632,0.5154,0.2523
26,3,215,217,3,5,5,0.3467,215.733,259.118,1126.807,18.8588,10.0000,1.3904,2.0291,5.1381,0.6248,0.2128,0.1624,0.1325,0.9880,3.0767,1.0276,0.1497
44,4,215,217,3,8,6,0.3056,215.711,315.836,1186.797,24.1114,10.0000,1.4148,2.1059,5.1539,0.7332,0.1847,0.0821,0.0678,0.9845,3.0782,1.0244,0.2444
13,4,215,217,3,3,3,0.4815,215.830,777.830,1183.255,13.4024,10.0000,1.3830,1.3898,5.1539,0.3621,0.3529,0.2849,0.6719,0.7319,2.0647,1.0276,0.3936
11,3,215,218,4,3,3,0.3056,216.463,912.573,1149.610,12.6851,9.0000,1.2073,0.8768,4.6243,0.2217,0.5034,0.2749,0.6585,0.3845,2.0832,0.5171,0.4390
37,5,215,219,5,6,7,0.1762,216.579,1042.613,1057.716,22.0068,12.0000,1.7011,0.9169,6.1466,0.6845,0.1345,0.1809,0.2117,0.3513,2.5611,0.5107,0.2184
11,3,215,217,3,3,3,0.4074,216.350,1106.800,512.925,12.3801,9.0000,1.2375,0.8764,4.6243,0.4118,0.3847,0.2035,0.4967,0.7148,2.5486,0.0049,0.3375
11,3,215,218,4,3,3,0.3056,216.548,1125.274,543.583,12.9911,13.0000,1.7024,0.8457,6.6796,0.6533,0.1603,0.1864,0.8289,0.5403,1.5654,0.2642,0.3929
10,3,215,217,3,4,2,0.4167,216.000,1163.297,704.162,12.0235,11.0000,1.4865,0.3386,5.6519,0.6283,0.2430,0.1287,0.6092,0.1670,2.3201,0.5235,0.3919
6,4,215,217,3,1,2,1.0000,215.980,1172.000,1089.490,10.6984,9.0000,1.0588,1.1050,4.6385,0.5556,0.3333,0.1111,1.0000,0.0000,3.0853,0.5107,0.7059
8,3,215,217,3,3,2,0.4444,216.068,1253.746,531.898,10.7156,10.0000,1.3559,0.7557,5.1381,0.0943,0.7100,0.1956,0.1816,0.2053,1.8023,0.0000,0.4746
12,3,215,218,4,4,3,0.2500,216.471,1268.376,782.894,12.5891,10.0000,1.4118,0.6582,5.1222,0.4712,0.3300,0.1988,0.1999,0.2899,2.3034,0.5185,0.3294
23,3,215,218,4,7,3,0.2738,216.518,1278.657,611.512,17.7560,10.0000,1.3855,0.9683,5.1381,0.8072,0.0832,0.1097,0.2724,0.0414,2.5643,0.0096,0.3313
57,3,215,219,5,6,12,0.1583,216.967,1275.529,916.559,26.9369,9.0000,1.2922,1.8943,4.6243,0.8879,0.0466,0.0655,0.0023,0.9648,2.5725,0.5187,0.1134
9,3,215,217,3,4,2,0.3750,216.000,1285.303,620.288,11.3038,9.0000,1.2273,1.3345,4.6243,0.5247,0.3245,0.1508,0.4241,0.5392,3.0813,0.5122,0.4091
11,3,215,218,4,4,2,0.3438,216.538,1285.275,650.440,14.0741,11.0000,1.3297,1.4930,5.6519,0.4603,0.4292,0.1104,0.4952,0.0072,2.5754,0.5042,0.5495
17,3,215,219,5,5,4,0.1700,216.836,1291.115,778.844,15.1636,10.0000,1.3934,0.9137,5.1222,0.7964,0.1135,0.0901,0.5784,0.3502,2.5419,0.0194,0.2295
17,4,215,218,4,5,3,0.2833,216.427,1297.687,810.870,16.3032,12.0000,1.5573,0.5455,6.1657,0.6125,0.2008,0.1867,0.0886,0.5810,3.0831,0.7619,0.3206
16,3,215,217,3,5,3,0.3556,216.202,1296.412,826.991,14.6344,11.0000,1.5439,0.6214,5.6519,0.6617,0.0072,0.3311,0.2025,0.9793,2.5643,0.2569,0.2544
16,4,215,217,3,4,5,0.2667,216.134,1300.908,792.387,15.2795,10.0000,1.3445,0.9956,5.1381,0.4743,0.3916,0.1341,0.3409,0.9359,2.5804,0.5122,0.3193
15,3,215,218,4,7,2,0.2679,216.571,1300.000,723.238,13.9051,11.0000,1.5714,0.6190,5.6519,0.7928,0.1437,0.0635,0.1961,0.0895,2.0584,0.5028,0.2857
37,5,216,220,5,4,6,0.3083,217.763,137.846,918.895,22.3453,10.0000,1.3910,1.3876,5.1222,0.2586,0.4172,0.3242,0.5460,0.6832,2.5466,1.0147,0.2068
94,7,216,221,6,6,16,0.1632,217.247,268.601,606.357,35.7386,11.0000,1.5273,4.5498,5.6519,0.9309,0.0230,0.0461,0.0008,0.1268,2.5629,0.7665,0.1758
15,3,216,218,3,3,4,0.4167,217.036,279.545,572.420,14.8107,10.0000,1.3393,0.6203,5.1222,0.6166,0.0979,0.2854,0.5430,0.1250,3.0669,0.5235,0.2500
69,4,216,222,7,6,9,0.1825,218.380,292.351,543.444,31.6793,14.0000,1.8721,2.1000,7.1711,0.6239,0.2980,0.0780,0.0979,0.2220,2.5808,1.0047,0.2287
32,4,216,220,5,6,6,0.1778,217.590,303.573,520.115,20.5161,11.0000,1.5507,0.6030,5.6167,0.4584,0.3791,0.1625,0.1487,0.5047,2.5563,1.0082,0.1850
7,3,216,219,4,2,2,0.4375,217.386,916.860,1277.719,11.0218,12.0000,1.4737,0.4975,6.1466,0.6673,0.1280,0.2047,0.9953,0.0695,3.0685,0.5155,0.5263
11,3,216,219,4,2,3,0.4583,217.630,1025.235,1224.136,12.4846,11.0000,1.4938,1.3969,5.5988,0.7607,0.1101,0.1292,0.8665,0.2048,2.5352,0.5106,0.3704
6,3,216,218,3,3,1,0.6667,217.041,1166.204,663.000,10.2451,12.0000,1.4694,0.2081,6.1466,0.6944,0.2222,0.0833,0.8000,0.0000,2.5643,-0.0048,0.6122
22,3,216,220,5,6,4,0.1833,217.840,1180.617,1081.525,17.6443,13.0000,1.7654,0.6690,6.6379,0.7118,0.1227,0.1655,0.5533,0.2594,2.5473,1.0057,0.2469
7,4,216,217,2,5,1,0.7000,216.443,1201.213,515.000,11.8301,11.0000,1.2623,0.4913,5.6519,0.8659,0.0859,0.0482,0.2534,0.0000,4.6045,0.0112,0.6885
11,3,216,219,4,4,2,0.3438,217.550,1231.638,489.925,12.3337,9.0000,1.2375,0.6630,4.6100,0.3324,0.5128,0.1548,0.0520,0.0761,2.5643,0.5211,0.3375
68,3,216,223,8,7,8,0.1518,218.093,1259.108,966.300,29.8978,11.0000,1.5487,2.0279,5.6344,0.2426,0.5792,0.1782,0.1418,0.7945,2.5629,0.5090,0.2008
13,4,216,218,3,4,3,0.3611,216.770,1266.410,943.470,14.2165,10.0000,1.3000,1.0207,5.1381,0.1806,0.5603,0.2591,0.7633,0.6008,2.5787,0.5187,0.3800
27,3,216,219,4,4,5,0.3375,217.089,1269.261,937.187,20.0052,12.0000,1.5961,1.8337,6.1466,0.6296,0.1762,0.1942,0.3450,0.2768,2.5787,0.5090,0.2118
16,3,216,220,5,3,4,0.2667,217.925,1276.600,603.958,15.3217,12.0000,1.6000,1.0086,6.1466,0.2942,0.2172,0.4886,0.9644,0.0669,2.5384,0.5106,0.2750
21,4,216,218,3,6,4,0.2917,216.606,1278.306,905.581,17.9059,10.0000,1.3125,1.8471,5.1381,0.7711,0.0727,0.1562,0.0688,0.9963,2.5722,-0.0032,0.3000
3,3,216,217,2,2,1,0.7500,216.333,1279.333,852.000,8.0013,9.0000,1.0000,0.4714,4.6243,0.5333,0.2667,0.2000,0.7071,0.0000,3.5935,0.2624,1.0000
3,3,216,217,2,2,1,0.7500,216.633,1283.700,678.000,8.8820,11.0000,1.1000,0.7008,5.6519,0.5333,0.2667,0.2000,0.7071,0.0000,3.5807,0.5138,1.0000
20,3,216,219,4,8,4,0.1562,217.309,1289.121,807.812,17.0491,11.0000,1.4765,1.5471,5.6167,0.6417,0.2722,0.0860,0.4133,0.8482,2.5635,0.5059,0.2081
5,3,216,217,2,3,1,0.8333,216.349,1290.163,799.000,9.8700,11.0000,1.2791,0.3850,5.6519,0.5854,0.2927,0.1220,0.3162,0.0000,3.0685,0.5138,0.6744
13,3,216,217,2,5,3,0.4333,216.272,1298.534,807.689,14.6657,12.0000,1.5146,1.5230,6.1657,0.8254,0.0524,0.1222,0.0527,0.7032,3.0798,0.5217,0.3204
11,3,217,219,3,3,3,0.4074,217.863,600.812,296.400,12.3216,10.0000,1.3750,0.6435,5.1061,0.3743,0.2047,0.4211,0.3375,0.0035,2.5643,0.5073,0.3500
31,3,217,221,5,4,7,0.2214,218.718,702.273,129.856,19.7635,11.0000,1.5787,0.7811,5.6167,0.6902,0.1679,0.1419,0.0069,0.5115,3.0260,0.7594,0.1389
15,3,217,219,3,3,4,0.4167,218.071,777.277,299.768,14.7625,11.0000,1.4732,0.7629,5.6167,0.5063,0.1323,0.3614,0.1182,0.9732,2.5530,0.2561,0.2679
33,4,217,220,4,8,6,0.1719,218.715,857.213,323.145,20.8404,10.0000,1.4043,1.3647,5.1061,0.7733,0.0828,0.1439,0.0148,0.9999,3.0392,1.0147,0.2340
25,4,217,220,4,4,5,0.3125,218.519,1105.385,1183.695,19.0650,12.0000,1.6043,1.5329,6.1273,0.2529,0.4051,0.3420,0.0883,0.2513,2.5555,0.2528,0.2193
18,4,217,220,4,7,3,0.2143,218.786,1137.405,704.885,15.7265,10.0000,1.3740,1.6137,5.1061,0.8093,0.1297,0.0610,0.0613,0.1114,3.0449,1.0147,0.3588
14,3,217,220,4,3,3,0.3889,218.655,1164.345,793.736,14.9798,14.0000,1.7818,0.5551,7.1257,0.5955,0.2404,0.1642,0.8951,0.0951,2.8075,0.5171,0.3000
40,5,217,222,6,8,4,0.2083,218.858,1199.990,1077.415,23.2680,12.0000,1.6609,2.7845,6.1466,0.7731,0.0885,0.1384,0.3713,0.0466,2.5270,0.9917,0.2353
20,3,217,220,4,6,3,0.2778,218.240,1202.219,1072.870,16.6567,11.0000,1.5068,1.7436,5.6344,0.7763,0.0535,0.1702,0.4203,0.6301,2.0483,0.0049,0.2740
21,4,217,220,4,4,3,0.4375,218.187,1212.313,1058.127,18.4852,13.0000,1.6446,0.7228,6.6379,0.2143,0.2008,0.5849,0.9289,0.2296,2.3150,0.0000,0.4337
5,3,217,218,2,2,2,0.6250,217.512,1227.512,474.146,9.3768,11.0000,1.3415,0.7390,5.6344,0.3432,0.2505,0.4063,0.6059,0.3645,3.5616,-0.2529,0.7073
15,4,217,221,5,4,4,0.1875,219.026,1236.552,454.931,15.2430,10.0000,1.2931,1.1217,5.1061,0.3269,0.4986,0.1744,0.8789,0.3843,3.0474,1.0048,0.3276
9,3,217,219,3,4,2,0.3750,218.000,1309.947,707.507,12.7651,11.0000,1.3200,0.4962,5.6167,0.7799,0.0905,0.1296,0.4803,0.5831,3.0636,0.5114,0.5467
15,3,218,222,5,4,3,0.2500,219.853,339.560,240.083,14.2851,9.0000,1.2385,0.9637,4.5808,0.7028,0.1451,0.1522,0.9315,0.1870,2.5629,0.5008,0.2477
35,5,218,221,4,5,7,0.2500,219.541,774.865,133.479,22.2438,11.0000,1.4865,0.7078,5.5808,0.7876,0.0663,0.1461,0.0278,0.3463,2.5482,0.5024,0.2625
12,3,218,221,4,5,2,0.3000,219.473,869.054,327.161,13.6436,11.0000,1.4194,0.5027,5.5988,0.7462,0.1299,0.1239,0.7271,0.0329,3.0342,0.2545,0.3226
8,4,218,221,4,3,2,0.3333,219.062,1022.469,226.906,11.5145,10.0000,1.2500,1.1651,5.1061,0.4957,0.3283,0.1760,0.9191,0.0649,3.0621,0.5204,0.5938
4,3,218,219,2,2,2,0.5000,218.257,1038.257,1211.800,8.9283,10.0000,1.1429,0.4150,5.1061,0.0000,0.5625,0.4375,0.4459,0.5774,3.5702,0.5155,0.8000
57,4,218,224,7,9,5,0.1810,221.074,1122.422,853.201,26.9861,10.0000,1.4144,2.2970,5.0898,0.5571,0.2254,0.2175,0.1816,0.2354,2.0287,0.0199,0.2084
37,3,218,221,4,9,5,0.2056,219.284,1141.920,741.705,21.8194,11.0000,1.5594,0.4170,5.5988,0.5393,0.3273,0.1334,0.0371,0.9704,2.5367,0.5156,0.2529
69,14,218,222,5,8,11,0.1568,219.410,1142.422,764.088,32.0652,12.0000,1.5802,1.1554,6.1078,0.6671,0.2452,0.0876,0.0408,0.9980,2.5581,0.5172,0.3607
15,3,218,221,4,4,3,0.3125,219.574,1221.676,420.815,14.1669,11.0000,1.5278,0.8201,5.5808,0.7478,0.1349,0.1174,0.6074,0.7664,2.5285,0.5106,0.2685
9,5,218,220,3,3,2,0.5000,218.947,1238.105,1018.908,12.8963,12.0000,1.4211,0.1494,6.1078,0.3095,0.4988,0.1917,0.8707,0.1974,3.5596,0.0099,0.6316
19,3,218,222,5,5,4,0.1900,220.022,1305.867,665.407,15.7116,10.0000,1.4074,1.0501,5.0734,0.6216,0.2588,0.1196,0.6177,0.1863,2.5252,1.0014,0.2148
101,5,219,224,6,5,21,0.1603,220.189,94.918,682.187,35.2653,11.0000,1.5894,7.8687,5.5808,0.9727,0.0067,0.0206,0.0490,0.2426,2.0559,1.0081,0.1531
99,7,219,222,4,5,18,0.2750,220.293,94.007,702.455,36.5248,11.0000,1.5188,6.4613,5.5808,0.9379,0.0219,0.0403,0.0122,0.9971,2.5500,1.0081,0.1855
55,5,219,223,5,4,9,0.3056,220.444,95.964,667.056,26.9145,12.0000,1.6751,2.0148,6.0881,0.7635,0.0240,0.2125,0.0371,0.7363,2.5318,0.5139,0.1954
16,3,219,221,3,3,4,0.4444,219.653,94.737,747.458,14.9834,11.0000,1.4915,1.5213,5.5808,0.7196,0.0469,0.2335,0.1939,0.2396,2.5375,0.7561,0.2627
144,9,219,223,5,6,24,0.2000,220.535,97.601,651.310,43.2176,13.0000,1.8281,8.7276,6.5955,0.9727,0.0048,0.0225,0.0066,0.9655,2.5385,1.0081,0.1895
46,7,219,222,4,5,10,0.2300,220.338,100.647,632.184,25.1810,13.0000,1.7745,1.2810,6.5955,0.8611,0.0248,0.1141,0.0743,0.9959,2.5400,1.0114,0.2344
40,4,219,221,3,5,7,0.3810,220.189,102.339,827.343,22.9282,11.0000,1.5385,0.5178,5.5808,0.6302,0.2125,0.1573,0.0099,0.9982,2.5433,1.0048,0.1364
53,3,219,223,5,5,11,0.1927,220.877,116.148,558.126,24.8773,9.0000,1.3324,2.4523,4.5661,0.8617,0.0301,0.1082,0.0742,0.0561,2.0360,1.0047,0.0754
29,4,219,222,4,4,4,0.4531,220.237,120.488,909.398,19.8631,11.0000,1.5118,0.6730,5.5808,0.6657,0.0112,0.3230,0.3775,0.7050,2.5433,1.0015,0.2654
67,3,219,222,4,6,12,0.2326,220.184,127.118,929.837,28.9281,11.0000,1.5782,3.0551,5.5808,0.8851,0.0593,0.0556,0.0252,0.9992,3.0342,1.0180,0.1199
59,3,219,222,4,7,10,0.2107,219.981,152.707,993.443,27.2804,12.0000,1.7143,2.7717,6.0881,0.8121,0.1167,0.0712,0.0328,0.9994,2.5351,1.0114,0.1380
22,5,219,222,4,4,5,0.2750,220.159,170.372,1029.409,17.7299,10.0000,1.3415,0.7658,5.0734,0.6808,0.1155,0.2037,0.5008,0.2823,3.0392,0.5238,0.2927
23,6,219,223,5,3,5,0.3067,220.708,175.211,422.713,18.0480,11.0000,1.4795,1.0267,5.5808,0.4362,0.3851,0.1788,0.3537,0.3801,2.5400,0.9915,0.3333
84,43,219,225,7,8,7,0.2143,221.446,328.825,436.455,47.6013,22.0000,2.1389,0.7255,11.1252,0.1848,0.2613,0.5539,0.2974,0.2627,3.5646,1.0130,0.6725
9,3,219,222,4,3,2,0.3750,220.909,939.985,357.455,11.1285,9.0000,1.2273,1.0165,4.5661,0.5845,0.2851,0.1304,0.9137,0.3980,2.5103,0.5024,0.4091
8,3,219,220,2,3,2,0.6667,219.365,988.571,1268.651,11.3237,10.0000,1.2698,0.6625,5.0898,0.4782,0.1602,0.3617,0.2952,0.6425,3.0409,0.5090,0.4444
13,4,219,221,3,2,4,0.5417,219.765,1044.500,446.714,13.8001,11.0000,1.4592,0.9578,5.5988,0.4046,0.3922,0.2032,0.3559,0.0696,2.0392,0.2503,0.4184
22,3,219,224,6,5,4,0.1833,221.318,1077.149,499.734,16.5858,12.0000,1.7143,0.9464,6.0683,0.5814,0.1862,0.2324,0.8272,0.2420,2.0376,0.5032,0.2532
21,5,219,222,4,4,4,0.3281,220.264,1082.818,498.220,17.5879,11.0000,1.4528,0.8434,5.5808,0.1835,0.4009,0.4156,0.0441,0.1574,2.5334,0.5041,0.3711
31,7,219,223,5,8,3,0.2583,220.980,1132.306,613.229,22.2534,12.0000,1.5184,2.8756,6.0881,0.7990,0.1434,0.0576,0.1709,0.0427,2.5400,0.5040,0.3714
59,3,219,223,5,8,6,0.2458,221.407,1133.231,619.928,28.1399,10.0000,1.3785,3.0723,5.0569,0.4901,0.3166,0.1933,0.0187,0.9923,2.5252,0.0200,0.1986
15,4,219,222,4,4,4,0.2344,220.555,1142.076,660.261,15.5603,12.0000,1.5126,0.5215,6.0683,0.3194,0.2787,0.4019,0.4148,0.4770,2.5285,0.4957,0.3445
133,5,220,225,6,11,13,0.1550,222.863,965.315,1092.700,41.8805,11.0000,1.5224,7.0385,5.5626,0.6445,0.2629,0.0926,0.0905,0.9864,2.5085,0.9947,0.2227
11,3,220,222,3,5,3,0.2444,221.537,1035.976,447.000,12.4807,10.0000,1.3415,0.5371,5.0569,0.6816,0.1996,0.1188,0.0000,0.0000,2.5202,0.5032,0.3537
7,3,220,222,3,2,2,0.5833,221.268,1078.714,494.768,10.6941,9.0000,1.1250,1.3202,4.5661,0.3772,0.3083,0.3146,0.9758,0.2185,2.5384,0.7536,0.4821
33,4,220,225,6,5,7,0.1571,222.283,1083.955,959.818,21.6514,11.0000,1.4696,1.9894,5.5626,0.8126,0.0484,0.1390,0.5197,0.4031,2.5168,0.5032,0.2672
25,4,220,224,5,6,3,0.2778,221.677,1103.969,541.005,19.3753,11.0000,1.4323,2.2847,5.5444,0.7428,0.1277,0.1295,0.3564,0.0173,2.0328,0.0125,0.3125
24,4,220,223,4,5,5,0.2400,221.337,1110.558,549.089,19.5908,15.0000,1.8947,1.1197,7.5854,0.7333,0.1111,0.1557,0.4599,0.8466,2.5309,0.5040,0.3579
38,4,220,224,5,10,5,0.1520,221.653,1138.825,645.091,22.4289,12.0000,1.6642,3.0385,6.0683,0.7886,0.1089,0.1025,0.2059,0.1004,2.0195,0.0150,0.2847
37,3,220,225,6,5,4,0.3083,222.504,1139.425,639.639,23.1626,12.0000,1.5857,1.6036,6.0683,0.3322,0.3973,0.2705,0.8941,0.3404,2.0312,0.2520,0.2607
22,4,220,224,5,4,6,0.1833,221.428,1146.440,672.970,17.8719,11.0000,1.4578,1.2578,5.5444,0.5820,0.1927,0.2253,0.4461,0.2644,2.2740,-0.0100,0.3494
6,3,220,222,3,2,2,0.5000,221.083,1248.333,958.146,9.9068,10.0000,1.2500,0.9862,5.0403,0.7074,0.0897,0.2030,0.9140,0.2540,3.0433,1.0081,0.5833
6,3,220,222,3,4,1,0.5000,220.981,1309.491,770.000,10.9424,11.0000,1.2453,1.1055,5.5808,0.8734,0.0730,0.0536,0.6386,0.0000,2.7847,0.4959,0.5849
15,3,221,225,5,3,4,0.2500,222.944,833.713,1156.639,14.0112,10.0000,1.3889,0.4646,5.0237,0.6593,0.1934,0.1473,0.8265,0.5461,2.0179,0.0151,0.2593
9,3,221,223,3,2,3,0.5000,222.229,855.086,1145.986,11.7518,11.0000,1.4143,0.2445,5.5444,0.4845,0.3543,0.1611,0.6540,0.0957,2.0095,0.0025,0.4286
65,4,221,224,4,11,8,0.1847,222.393,953.921,1097.673,30.1566,11.0000,1.4803,3.2999,5.5076,0.7669,0.1325,0.1006,0.0257,0.9995,2.0254,0.0150,0.2733
19,5,221,225,5,3,4,0.3167,222.763,958.993,1093.447,17.5317,11.0000,1.3750,0.8846,5.5444,0.4054,0.3915,0.2031,0.8824,0.1416,2.9941,0.9847,0.3224
9,3,221,224,4,2,2,0.5625,222.400,964.457,372.100,11.7451,10.0000,1.2857,0.6817,5.0403,0.7189,0.1456,0.1355,0.9983,0.0383,3.0259,0.5040,0.4143
50,5,221,225,5,5,9,0.2222,222.663,985.995,1076.466,25.9604,12.0000,1.6438,1.6087,6.0484,0.8426,0.0138,0.1437,0.1302,0.9160,2.0211,0.5007,0.2164
17,4,221,225,5,3,4,0.2833,222.872,1031.165,1031.376,16.2116,11.0000,1.4060,1.9167,5.5626,0.7853,0.0699,0.1448,0.8634,0.4305,2.5352,0.2595,0.5113
11,3,221,224,4,2,4,0.3438,222.033,1040.689,449.844,13.6759,13.0000,1.5889,1.0903,6.5740,0.1304,0.6236,0.2460,0.8164,0.0870,2.5168,0.5057,0.3778
12,3,221,223,3,5,2,0.4000,222.111,1080.889,964.567,13.0903,12.0000,1.6000,0.9951,6.0484,0.5409,0.2884,0.1707,0.0000,0.0000,1.7674,0.4857,0.3444
15,6,221,224,4,4,2,0.4688,222.719,1086.372,964.545,15.7095,14.0000,1.7355,0.9284,7.0565,0.3941,0.4087,0.1971,0.2250,0.2970,2.5018,0.4807,0.5041
8,3,221,224,4,2,3,0.3333,222.222,1094.238,932.444,11.2185,11.0000,1.3968,0.9269,5.5260,0.7599,0.1028,0.1373,0.8279,0.3277,3.0176,0.2562,0.6032
5,3,221,223,3,2,1,0.8333,222.150,1102.300,938.000,9.0119,10.0000,1.2500,0.3354,5.0403,0.5854,0.2927,0.1220,0.9487,0.0000,3.0192,0.0100,0.7000
7,3,221,224,4,2,2,0.4375,222.241,1142.759,679.897,11.0405,13.0000,1.5690,0.3567,6.5524,0.8040,0.0402,0.1558,0.9650,0.0194,2.5352,0.5040,0.5345
7,3,221,223,3,4,1,0.5833,222.179,1147.982,703.000,10.6620,10.0000,1.2500,0.9982,5.0403,0.5992,0.3329,0.0680,0.0000,0.0000,2.5135,0.0100,0.5357
4,3,221,223,3,2,1,0.6667,221.676,1281.735,813.000,8.5777,9.0000,1.0588,0.9991,4.5512,0.7500,0.1500,0.1000,0.9487,0.0000,4.0372,0.5057,0.7941
20,3,222,225,4,4,4,0.3125,223.464,760.086,1169.980,16.9360,11.0000,1.4570,1.5835,5.5076,0.0519,0.5934,0.3547,0.0784,0.8346,2.2615,0.4940,0.3245
25,4,222,225,4,8,3,0.2604,223.527,884.787,1137.798,18.8558,11.0000,1.4628,2.0268,5.5260,0.9055,0.0107,0.0838,0.0626,0.3878,2.0195,0.0100,0.3245
27,4,222,225,4,3,8,0.2812,223.505,953.177,1103.652,19.1104,12.0000,1.6364,1.4508,6.0284,0.8430,0.0392,0.1179,0.0124,0.0823,2.0028,0.4957,0.2222
22,3,222,225,4,5,4,0.2750,223.524,959.265,1100.825,17.7483,10.0000,1.3253,1.3133,5.0237,0.2990,0.3765,0.3245,0.2070,0.8837,1.9927,0.0025,0.4036
21,5,222,225,4,4,5,0.2625,223.257,1023.138,1045.868,18.2916,11.0000,1.3832,1.2718,5.5444,0.5354,0.0824,0.3822,0.5134,0.7197,2.4934,-0.0050,0.4251
5,4,222,224,3,2,1,0.8333,222.733,1311.556,734.000,10.1188,10.0000,1.1111,0.9200,5.0403,0.5854,0.2927,0.1220,0.9487,0.0000,3.5316,1.0089,0.8444
82,8,223,226,4,4,20,0.2562,224.252,272.883,711.794,33.5893,10.0000,1.3487,1.5155,5.0069,0.9620,0.0174,0.0206,0.0308,0.9709,3.0008,1.0014,0.2516
112,8,223,226,4,6,26,0.1795,224.369,274.018,689.262,39.8338,11.0000,1.4614,4.8526,5.5076,0.9786,0.0123,0.0091,0.0114,0.9775,3.0058,1.0014,0.2800
182,11,223,225,3,7,38,0.2281,224.006,273.517,739.672,51.0674,13.0000,1.7195,4.6964,6.5090,0.9901,0.0058,0.0041,0.0041,0.9995,3.0075,1.0031,0.3023
55,11,223,225,3,6,12,0.2546,223.736,275.620,767.140,27.9076,11.0000,1.4649,4.1949,5.5076,0.9078,0.0554,0.0368,0.0320,0.9980,3.0075,1.4920,0.3511
36,3,223,225,3,6,8,0.2500,224.000,275.929,776.292,22.2808,12.0000,1.6180,2.6845,6.0083,0.7596,0.1654,0.0750,0.0385,0.9992,3.0008,1.0047,0.3146
73,6,223,225,3,5,21,0.2317,223.629,278.914,790.677,31.2734,12.0000,1.6435,2.7043,6.0083,0.9841,0.0059,0.0100,0.0034,0.9909,3.0075,1.0114,0.1876
25,5,223,225,3,3,9,0.3086,223.836,284.213,819.934,18.3353,9.0000,1.2295,1.2718,4.5213,0.9285,0.0184,0.0531,0.0871,0.5629,3.0159,1.0014,0.3443
28,3,223,224,2,4,13,0.2692,223.571,287.204,831.903,18.5724,10.0000,1.4286,3.9318,5.0069,0.9759,0.0071,0.0170,0.0119,0.6213,3.0117,1.0081,0.1429
18,3,223,226,4,6,3,0.2500,223.794,596.169,1155.184,16.0609,10.0000,1.3235,2.5956,5.0237,0.8330,0.0709,0.0961,0.1500,0.0476,2.5093,0.5032,0.3456
21,4,223,228,6,4,4,0.2188,226.099,1108.605,817.747,17.5755,11.0000,1.4259,1.1146,5.4522,0.6378,0.2389,0.1232,0.7697,0.6360,2.4951,0.5040,0.3025
23,6,224,226,3,4,7,0.2738,224.600,285.297,621.719,19.2754,10.0000,1.2432,2.3773,5.0069,0.8273,0.1114,0.0614,0.0944,0.7002,3.0042,0.4990,0.4595
13,6,224,226,3,3,3,0.4815,224.595,290.495,602.207,15.3835,12.0000,1.4054,1.0234,5.9882,0.2872,0.3029,0.4099,0.5345,0.7462,3.0008,1.2383,0.5405
19,3,224,227,4,3,6,0.2639,225.310,294.931,589.779,16.5825,10.0000,1.3103,1.0059,4.9901,0.8003,0.0778,0.1220,0.2955,0.0488,2.5102,0.7544,0.1931
32,8,224,228,5,4,9,0.1778,225.113,297.478,582.304,21.7805,12.0000,1.5547,0.8521,5.9882,0.8069,0.1353,0.0578,0.0686,0.0070,2.5203,0.9896,0.3117
14,4,224,226,3,3,3,0.5185,224.901,303.928,564.919,14.8087,11.0000,1.3874,0.1469,5.4892,0.5361,0.1642,0.2997,0.6170,0.5136,2.5085,1.0014,0.4414
20,3,224,226,3,2,8,0.4167,224.571,311.340,546.955,17.4321,12.0000,1.5385,0.7889,5.9882,0.8841,0.0474,0.0685,0.0992,0.0667,3.2478,0.7569,0.3718
22,5,224,227,4,4,6,0.2292,225.570,323.831,524.762,18.2640,12.0000,1.5349,1.5524,5.9680,0.4716,0.3863,0.1421,0.1227,0.6914,2.5043,0.9930,0.2907
21,7,224,227,4,3,3,0.5833,225.541,340.882,496.388,18.4782,11.0000,1.3588,0.8252,5.4892,0.4747,0.2221,0.3032,0.9148,0.2004,2.5135,0.9896,0.4118
12,5,224,227,4,3,3,0.3333,225.774,934.623,620.613,15.2298,15.0000,1.6981,0.9028,7.4600,0.6021,0.1899,0.2080,0.5316,0.0433,3.4763,0.7468,0.5283
4,3,224,226,3,2,1,0.6667,225.270,1001.243,428.000,9.2234,11.0000,1.1892,0.3636,5.4892,0.7500,0.1500,0.1000,0.9487,0.0000,3.4780,0.2487,0.7838
5,4,224,225,2,3,1,0.8333,224.422,1084.289,969.000,10.0620,10.0000,1.1111,0.5116,5.0069,0.5854,0.2927,0.1220,0.3162,0.0000,3.4931,0.0101,0.8667
17,3,224,227,4,7,4,0.1518,225.612,1110.072,648.863,16.7884,12.0000,1.4676,1.4073,5.9882,0.8100,0.0173,0.1726,0.0844,0.9584,2.7488,0.9812,0.3237
30,5,224,228,5,6,6,0.1667,226.045,1111.021,813.222,22.0611,11.0000,1.3580,2.1272,5.4707,0.6803,0.1446,0.1751,0.1479,0.6368,2.9840,0.5007,0.4650
17,7,224,228,5,4,3,0.2833,226.172,1115.603,797.755,18.2032,12.0000,1.3510,1.6304,5.9680,0.5922,0.3002,0.1076,0.8749,0.3040,2.5052,0.0151,0.5695
50,4,224,228,5,10,6,0.1667,226.364,1115.931,809.747,28.5906,12.0000,1.4742,3.0467,5.9680,0.6342,0.2402,0.1256,0.0155,0.9901,2.9806,0.9947,0.4275
79,9,224,228,5,11,9,0.1596,226.122,1117.580,801.431,36.2435,12.0000,1.4630,1.4886,5.9680,0.5355,0.3641,0.1004,0.0527,0.9965,2.9907,0.9947,0.4228
24,5,224,227,4,6,6,0.1667,225.645,1121.670,728.360,20.6328,14.0000,1.6552,2.1824,6.9627,0.7619,0.1260,0.1121,0.0130,0.7818,2.9924,0.9863,0.5025
53,3,224,227,4,9,9,0.1636,225.658,1121.502,737.888,29.8193,12.0000,1.4587,3.9348,5.9680,0.3737,0.5550,0.0712,0.0817,0.9944,2.9874,0.9879,0.3830
31,3,224,227,4,5,7,0.2214,225.604,1122.498,719.271,22.8080,11.0000,1.3373,1.8994,5.4892,0.5717,0.3053,0.1230,0.1493,0.9832,3.0075,0.9997,0.4549
5,4,225,227,3,2,1,0.8333,226.180,857.340,339.000,11.1140,13.0000,1.3000,0.3847,6.4653,0.5854,0.2927,0.1220,0.9487,0.0000,3.4914,0.7435,0.8600
13,4,225,227,3,6,3,0.2407,226.082,1092.864,883.136,15.1687,12.0000,1.4182,0.2095,5.9680,0.6821,0.2029,0.1150,0.0660,0.9307,3.4780,1.4819,0.4545
7,4,225,227,3,2,3,0.3889,226.065,1098.145,854.161,11.6519,12.0000,1.3548,0.9603,5.9478,0.6788,0.0891,0.2320,0.7979,0.1151,3.4847,0.9947,0.6452
13,3,225,227,3,5,3,0.2889,226.305,1111.429,839.324,14.4683,11.0000,1.3619,1.0603,5.4522,0.7387,0.0429,0.2184,0.1697,0.8335,2.5018,0.9879,0.3048
96,11,225,228,4,12,12,0.1667,226.069,1118.935,786.167,42.1201,14.0000,1.6193,2.2582,6.9391,0.6529,0.2926,0.0544,0.0228,0.9997,3.4746,1.0048,0.4771
4,3,225,227,3,1,2,0.6667,225.806,1114.000,793.194,8.9579,11.0000,1.2222,0.2750,5.4707,0.7500,0.1500,0.1000,0.9487,0.0000,2.9790,0.7317,0.8056
22,4,225,227,3,8,3,0.3056,225.704,1118.640,693.414,19.7416,11.0000,1.3011,2.5318,5.4892,0.8857,0.0291,0.0852,0.0062,0.7437,3.0075,0.9980,0.4731
15,3,225,228,4,4,4,0.2344,226.370,1115.622,784.031,16.2878,12.0000,1.4173,1.6640,5.9680,0.4706,0.2587,0.2707,0.7283,0.6576,2.4968,0.9913,0.4094
35,7,225,228,4,6,6,0.2431,226.276,1115.031,822.038,24.6080,14.0000,1.6724,1.9821,6.9627,0.3488,0.4260,0.2253,0.0064,0.9997,2.9706,0.9879,0.3959
17,3,225,227,3,7,4,0.2024,225.963,1118.681,732.556,16.2859,11.0000,1.3852,1.7671,5.4522,0.8607,0.0321,0.1072,0.0595,0.0121,2.9773,1.4769,0.2889
10,3,225,227,3,4,2,0.4167,225.819,1117.663,700.349,13.0614,12.0000,1.4458,0.7548,5.9680,0.7015,0.0969,0.2016,0.1935,0.1408,2.7547,0.9913,0.4819
25,9,225,227,3,6,4,0.3472,225.776,1121.671,778.254,22.6956,13.0000,1.4254,0.8451,6.4653,0.5769,0.2297,0.1934,0.0298,0.9764,3.4813,0.9880,0.6842
37,5,225,228,4,8,5,0.2313,226.397,1118.919,794.339,25.0670,14.0000,1.6873,1.3284,6.9627,0.8167,0.0967,0.0866,0.1796,0.9058,2.9672,0.9779,0.3616
10,3,225,226,2,3,3,0.5556,225.469,1123.370,711.346,12.7618,10.0000,1.2346,0.8862,4.9901,0.1714,0.3429,0.4857,0.4082,0.9129,3.4881,0.5015,0.3457
118,19,226,230,5,6,17,0.2314,228.046,431.066,743.510,44.6485,12.0000,1.4420,3.7609,5.9478,0.9336,0.0382,0.0282,0.0074,0.9997,2.9672,0.9980,0.4399
85,17,226,229,4,8,13,0.2043,227.552,436.442,791.761,37.5087,13.0000,1.5808,4.9711,6.4217,0.7830,0.1542,0.0628,0.0122,0.9964,2.9672,0.7477,0.4421
69,6,226,229,4,8,11,0.1960,227.687,438.554,804.976,32.3252,11.0000,1.3978,4.0595,5.4522,0.3738,0.5338,0.0923,0.0155,0.9963,2.9538,0.9947,0.2781
19,4,226,229,4,3,6,0.2639,227.576,447.741,829.608,17.9312,12.0000,1.4430,0.6334,5.9277,0.6746,0.2082,0.1172,0.1264,0.5306,2.9538,0.9930,0.3924
37,5,226,229,4,6,8,0.1927,227.658,453.454,771.622,24.7162,13.0000,1.5822,0.9349,6.4435,0.7366,0.1728,0.0907,0.0316,0.9982,2.9672,0.7493,0.3059
37,5,226,229,4,5,11,0.1682,227.598,454.984,781.196,24.8839,11.0000,1.3301,2.1552,5.4522,0.9328,0.0094,0.0578,0.0293,0.9746,2.9773,0.9947,0.4412
5,3,226,228,3,2,2,0.4167,226.844,747.578,313.822,9.9801,10.0000,1.1111,0.6242,4.9565,0.7729,0.0435,0.1836,0.8328,0.5477,3.4578,1.4903,0.6444
18,3,226,228,3,4,5,0.3000,226.966,845.083,333.290,16.9418,12.0000,1.4897,1.2015,5.9680,0.5809,0.2233,0.1959,0.3096,0.7836,2.9622,0.9846,0.2759
15,3,226,229,4,5,3,0.2500,227.723,897.504,362.227,15.1920,10.0000,1.2605,0.9099,4.9565,0.5350,0.2450,0.2200,0.0336,0.1590,2.9638,0.9879,0.3109
11,4,226,228,3,3,4,0.3056,226.796,916.796,629.032,13.9080,12.0000,1.4194,0.8221,5.9478,0.4561,0.1749,0.3689,0.5091,0.4540,2.4900,0.4999,0.4624
8,4,226,229,4,2,2,0.5000,227.277,919.538,763.323,11.3799,10.0000,1.2308,1.3957,4.9733,0.7267,0.1373,0.1360,0.9229,0.3493,2.9630,0.9712,0.5692
11,3,226,227,2,4,4,0.3438,226.396,921.440,597.505,13.6274,10.0000,1.2088,0.8457,4.9733,0.8039,0.0965,0.0996,0.2021,0.7965,3.4780,1.4819,0.5055
40,14,226,229,4,7,6,0.2381,227.994,924.948,734.802,27.1808,14.0000,1.6092,3.5439,6.9156,0.7365,0.1227,0.1409,0.0379,0.9956,2.9538,0.9821,0.6178
25,13,226,229,4,5,5,0.2500,227.575,926.146,729.660,20.9747,11.0000,1.2972,0.5630,5.4337,0.5268,0.2065,0.2667,0.0277,0.8598,3.4477,0.7393,0.5943
9,3,226,229,4,3,2,0.3750,227.227,932.213,683.253,12.3818,11.0000,1.3200,0.4013,5.4522,0.6844,0.1163,0.1993,0.8847,0.2592,2.9638,0.7418,0.5200
11,3,226,228,3,3,3,0.4074,227.000,933.725,677.165,13.5995,11.0000,1.3297,0.3204,5.4522,0.3714,0.3436,0.2850,0.5437,0.2729,2.4749,0.5124,0.3407
36,4,226,229,4,7,6,0.2143,227.517,941.639,784.385,24.4094,11.0000,1.3378,2.7885,5.4337,0.6515,0.2426,0.1059,0.1519,0.9577,2.9806,0.9879,0.3649
29,7,226,228,3,6,7,0.2302,226.895,941.879,702.042,22.0055,13.0000,1.5774,0.1656,6.4435,0.7264,0.1479,0.1257,0.1077,0.9843,2.9773,0.5175,0.3724
35,4,226,228,3,5,9,0.2593,226.971,944.170,710.572,23.1258,11.0000,1.3949,2.5656,5.4522,0.8604,0.0782,0.0614,0.0258,0.9965,2.9638,0.9913,0.2790
24,7,226,229,4,5,5,0.2400,227.161,945.242,718.948,21.3362,14.0000,1.5924,2.0040,6.9391,0.6468,0.1421,0.2111,0.2040,0.9599,3.2175,0.9863,0.5924
38,7,226,229,4,6,6,0.2639,227.505,945.252,749.330,24.8028,11.0000,1.3528,2.2535,5.4522,0.6953,0.1460,0.1587,0.1244,0.9673,2.9521,0.5141,0.3786
38,3,226,229,4,5,11,0.1727,227.389,944.533,775.245,24.5717,12.0000,1.4902,3.3114,5.9478,0.8340,0.1013,0.0647,0.0918,0.9892,2.9672,0.9913,0.3529
19,4,226,228,3,5,6,0.2111,226.783,945.815,730.414,17.8657,11.0000,1.3312,1.0271,5.4522,0.6992,0.0964,0.2044,0.0733,0.9574,2.7269,0.9913,0.4841
13,6,226,228,3,5,2,0.4333,227.456,946.675,735.377,15.6473,12.0000,1.3684,0.6750,5.9478,0.7154,0.1034,0.1812,0.2793,0.4076,2.9706,0.9930,0.5526
12,4,226,228,3,3,4,0.3333,226.865,961.481,706.192,14.8874,12.0000,1.3846,1.5621,5.9680,0.7096,0.1328,0.1576,0.3396,0.2502,2.9706,1.2307,0.4135
30,4,226,228,3,7,8,0.1786,227.074,964.442,729.103,21.8939,10.0000,1.2397,0.4601,4.9565,0.7077,0.2054,0.0869,0.0204,0.9947,2.9739,0.9947,0.3595
12,3,226,228,3,3,4,0.3333,226.737,964.414,711.364,14.1778,11.0000,1.3333,0.9040,5.4522,0.4563,0.2520,0.2917,0.3035,0.8060,2.9874,0.5024,0.3939
13,4,226,228,3,3,5,0.2889,226.867,966.181,735.429,14.4408,10.0000,1.2381,0.6140,4.9565,0.6976,0.0904,0.2120,0.0118,0.9864,2.4749,0.9829,0.3714
19,5,226,228,3,3,6,0.3519,227.013,966.007,751.908,17.2833,12.0000,1.5000,1.0922,5.9478,0.7685,0.0876,0.1440,0.1497,0.1468,2.9504,0.5074,0.3158
7,4,226,227,2,3,2,0.5833,226.705,984.311,711.393,11.4391,10.0000,1.1475,0.8653,4.9733,0.4600,0.2645,0.2756,0.2857,0.7240,2.9815,0.4973,0.6230
8,3,226,228,3,2,3,0.4444,227.000,986.119,752.761,11.7411,10.0000,1.1940,0.7705,4.9565,0.1021,0.5726,0.3253,1.0000,0.0000,2.9840,0.9980,0.4328
9,4,226,229,4,2,2,0.5625,227.932,1041.329,475.233,12.0228,10.0000,1.2329,0.8374,4.9397,0.6745,0.1583,0.1672,0.9871,0.1490,2.4934,0.4931,0.5205
7,4,226,229,4,2,2,0.4375,227.758,1051.597,497.887,11.5852,12.0000,1.3548,0.4836,5.9277,0.8235,0.0431,0.1334,0.9337,0.1681,3.4394,0.7426,0.6452
7,4,226,228,3,3,2,0.3889,227.317,1054.167,495.150,11.2283,10.0000,1.1667,0.3880,4.9565,0.3231,0.4135,0.2634,0.8452,0.2797,2.9689,0.5057,0.6500
33,9,226,229,4,6,8,0.1719,227.225,1091.011,901.525,23.7958,12.0000,1.4348,0.5252,5.9478,0.7820,0.0442,0.1737,0.0855,0.9665,2.9773,0.4990,0.4710
34,6,226,228,3,5,9,0.2519,226.535,1104.494,864.743,22.9021,10.0000,1.2639,0.7797,4.9733,0.8478,0.0962,0.0559,0.0217,0.9667,2.9739,0.9913,0.3457
75,11,226,229,4,7,15,0.1786,226.601,1108.082,852.028,36.3349,13.0000,1.5379,6.0985,6.4653,0.9487,0.0275,0.0238,0.0357,0.9901,2.9941,0.9947,0.5442
4,4,226,227,2,2,1,1.0000,226.561,1107.512,567.000,10.1760,12.0000,1.1707,0.6563,5.9478,0.0000,0.7500,0.2500,1.0000,0.0000,5.4581,1.4945,1.0000
9,4,226,227,2,3,2,0.7500,226.354,1109.278,842.532,13.0808,10.0000,1.1392,0.9638,4.9733,0.5373,0.1435,0.3192,0.3162,0.8716,2.9890,0.5007,0.6076
5,3,226,227,2,2,2,0.6250,226.542,1113.479,673.854,10.6564,12.0000,1.2500,0.7655,5.9680,0.3432,0.2505,0.4063,0.6059,0.3645,4.2282,0.9913,0.6875
7,3,226,228,3,3,2,0.3889,227.034,1118.271,772.746,11.0518,11.0000,1.3051,0.3733,5.4522,0.6478,0.1687,0.1835,0.6934,0.0195,2.4968,0.5007,0.4915
3,3,226,227,2,2,1,0.7500,226.690,1276.345,728.000,8.3075,10.0000,1.0345,0.4639,4.9565,0.5333,0.2667,0.2000,0.7071,0.0000,5.4488,1.2400,1.0000
384,16,227,230,4,10,51,0.1882,228.599,412.749,761.720,78.6903,13.0000,1.5959,3.5610,6.4217,0.9856,0.0115,0.0029,0.0049,0.9994,2.9605,0.9913,0.3571
44,5,227,230,4,4,14,0.1964,228.392,418.955,801.676,26.1783,13.0000,1.6250,1.1626,6.4217,0.9383,0.0330,0.0287,0.0296,0.9938,2.9471,1.4601,0.3324
191,9,227,231,5,7,32,0.1705,228.274,432.238,715.083,55.7424,13.0000,1.5906,12.9218,6.4217,0.9736,0.0146,0.0118,0.0096,0.9818,2.9605,0.9947,0.3684
48,9,227,229,3,7,9,0.2540,227.961,432.115,760.630,27.1685,11.0000,1.3858,1.6313,5.4337,0.6154,0.2947,0.0899,0.0057,0.9917,2.7059,0.5090,0.3045
36,7,227,230,4,5,9,0.2000,228.194,433.975,847.560,23.3660,11.0000,1.3944,1.0874,5.4337,0.8230,0.0743,0.1027,0.0261,0.9925,2.4883,0.9812,0.3028
31,3,227,230,4,7,5,0.2214,228.347,435.363,853.829,22.2426,11.0000,1.3586,1.2742,5.4337,0.6948,0.2094,0.0958,0.1066,0.9821,2.4799,0.5057,0.3386
28,4,227,230,4,5,8,0.1750,228.113,441.113,813.509,20.7163,10.0000,1.2613,1.5114,4.9565,0.8447,0.0329,0.1224,0.0920,0.9943,2.9538,0.9921,0.3333
24,4,227,229,3,4,8,0.2500,227.931,443.889,828.905,19.0617,10.0000,1.2698,2.5479,4.9565,0.8867,0.0413,0.0720,0.0075,0.9965,2.2388,0.7452,0.3016
45,4,227,231,5,8,6,0.1875,229.040,450.413,584.684,25.7555,11.0000,1.4103,0.6679,5.4153,0.6167,0.2625,0.1208,0.3716,0.9280,2.4766,0.9779,0.2735
54,10,227,231,5,6,8,0.2250,228.444,450.108,732.407,29.1973,10.0000,1.2414,2.6330,4.9397,0.2712,0.3057,0.4231,0.0172,0.7734,2.9404,0.7459,0.3448
18,3,227,229,3,5,4,0.3000,227.863,453.268,850.366,17.8222,13.0000,1.5294,0.9781,6.4217,0.5942,0.1518,0.2540,0.0018,0.6204,2.9605,0.9879,0.4052
12,7,227,229,3,2,4,0.5000,228.271,452.729,886.215,15.2439,11.0000,1.2336,0.4395,5.4337,0.3879,0.3571,0.2550,0.3730,0.2727,3.4519,0.9712,0.6542
5,3,227,229,3,1,2,0.8333,227.822,456.000,846.356,9.9470,12.0000,1.3333,0.3975,5.9277,0.5854,0.2927,0.1220,0.9487,0.0000,3.4595,0.0067,0.6667
49,6,227,231,5,7,9,0.1556,228.805,460.203,610.387,27.7981,11.0000,1.3646,1.7913,5.4337,0.6480,0.2637,0.0882,0.2388,0.8731,2.9471,0.9913,0.3190
17,4,227,231,5,3,4,0.2833,228.645,457.543,616.283,16.4971,12.0000,1.4783,0.8392,5.9277,0.6650,0.0879,0.2471,0.8545,0.5175,2.4849,0.9679,0.3478
25,4,227,229,3,5,8,0.2083,227.822,459.025,798.761,19.4743,10.0000,1.2690,1.7705,4.9397,0.8684,0.0462,0.0854,0.0652,0.8403,2.7127,0.7477,0.2893
16,7,227,228,2,3,6,0.4444,227.643,463.558,814.643,15.9500,10.0000,1.2403,0.8581,4.9397,0.8744,0.0323,0.0933,0.0502,0.9064,2.7093,0.7544,0.5039
11,3,227,230,4,3,3,0.3056,228.621,467.885,747.920,12.9304,10.0000,1.2644,0.4044,4.9230,0.7070,0.1788,0.1142,0.6112,0.3878,2.0027,0.5090,0.4253
12,3,227,229,3,5,4,0.2000,227.917,466.271,909.469,13.6933,10.0000,1.2500,0.5477,4.9397,0.7027,0.1898,0.1074,0.4189,0.8427,3.2083,1.4769,0.3958
29,9,227,232,6,5,5,0.1933,229.259,467.565,597.180,21.8296,12.0000,1.4561,2.0001,5.8875,0.5007,0.2912,0.2080,0.5586,0.0596,2.4581,0.5040,0.4142
55,11,227,231,5,5,11,0.2000,228.685,470.159,733.736,28.9069,11.0000,1.3908,2.1964,5.4337,0.8371,0.0436,0.1193,0.0662,0.9748,2.9337,0.5157,0.3241
23,4,227,230,4,4,3,0.4792,228.354,470.343,742.017,18.6207,10.0000,1.2707,1.2347,4.9397,0.4429,0.1387,0.4184,0.4806,0.7312,2.4715,0.5007,0.3094
18,3,227,230,4,3,6,0.2500,228.737,469.007,761.051,15.9111,9.0000,1.1825,1.2839,4.4458,0.7980,0.0500,0.1520,0.3204,0.5359,1.9918,0.4948,0.1971
26,5,227,229,3,6,4,0.3611,228.083,471.147,765.515,19.7572,10.0000,1.2745,1.6507,4.9565,0.7080,0.1374,0.1546,0.2997,0.9381,1.9977,0.5032,0.3578
17,3,227,228,2,3,6,0.4722,227.635,471.942,841.803,16.4338,10.0000,1.2409,1.1527,4.9565,0.7081,0.1806,0.1113,0.0398,0.9926,2.4883,0.5074,0.4088
14,9,227,229,3,3,3,0.5185,228.274,475.111,777.904,17.8061,13.0000,1.3481,1.1355,6.4217,0.5724,0.1686,0.2590,0.3604,0.0672,3.4536,0.5065,0.7111
20,3,227,231,5,4,4,0.2500,228.946,476.024,582.557,18.3869,11.0000,1.3174,2.0065,5.4337,0.3935,0.3036,0.3029,0.2161,0.1703,2.9571,0.9913,0.3772
7,3,227,228,2,2,5,0.3500,227.877,476.719,888.351,10.6466,9.0000,1.1053,1.5354,4.4458,0.8934,0.0515,0.0551,0.0984,0.7703,2.9605,0.9879,0.4737
5,3,227,229,3,2,2,0.4167,228.045,478.818,563.750,9.7186,11.0000,1.2500,0.7731,5.4337,0.4138,0.1655,0.4207,1.0000,0.0000,3.9359,1.2266,0.6591
5,3,227,228,2,2,2,0.6250,227.571,485.167,901.595,9.2918,9.0000,1.0714,0.8418,4.4609,0.3432,0.2505,0.4063,0.6059,0.3645,3.4561,0.9846,0.6429
10,4,227,230,4,2,2,0.6250,228.795,487.747,769.711,12.9303,11.0000,1.3253,0.8831,5.4337,0.6356,0.1792,0.1852,0.9950,0.0995,2.7127,0.5157,0.4819
6,3,227,228,2,2,2,0.7500,227.706,491.333,908.471,10.2951,10.0000,1.1765,0.6913,4.9397,0.2000,0.3333,0.4667,0.7071,0.7071,3.7082,1.4702,0.5686
10,4,227,229,3,2,3,0.5556,228.439,652.439,472.988,12.7900,12.0000,1.4634,0.7934,5.9076,0.5230,0.2218,0.2551,0.4867,0.1944,2.2271,0.4923,0.4756
4,3,227,228,2,1,3,0.6667,227.750,679.000,903.667,8.8991,10.0000,1.1111,0.7120,4.9397,0.7500,0.1500,0.1000,0.3162,0.0000,4.2063,0.7410,0.8056
13,5,227,229,3,3,5,0.2889,228.211,792.009,463.165,14.9227,11.0000,1.3119,1.1841,5.4337,0.7891,0.0757,0.1352,0.0505,0.6385,2.9605,0.4990,0.5321
6,3,227,229,3,2,3,0.3333,227.509,808.170,489.472,10.7060,11.0000,1.2453,0.7014,5.4337,0.4848,0.3333,0.1818,0.7071,0.3015,2.9940,1.2467,0.7170
8,4,227,228,2,4,2,0.5000,227.643,830.643,480.229,12.2401,10.0000,1.1429,0.7701,4.9565,0.7435,0.1182,0.1384,0.1840,0.3457,2.9689,0.0050,0.6857
6,3,227,229,3,3,2,0.3333,227.981,862.962,498.491,10.6889,11.0000,1.2453,0.4924,5.4337,0.3218,0.4574,0.2208,0.5418,0.4544,3.2142,0.9913,0.5660
24,3,227,229,3,4,7,0.2857,228.154,888.292,651.933,19.6520,10.0000,1.2308,1.3031,4.9397,0.7217,0.1121,0.1662,0.0506,0.9987,2.9755,0.9779,0.2923
5,3,227,228,2,2,2,0.6250,227.468,888.426,544.170,10.4016,12.0000,1.2766,0.8012,5.9277,0.3432,0.2505,0.4063,0.6059,0.3645,2.9840,0.9879,0.6596
7,4,227,229,3,2,2,0.5833,228.262,888.230,665.393,11.3788,12.0000,1.3770,0.5256,5.9277,0.5806,0.0526,0.3668,0.8835,0.4677,3.4427,0.9913,0.6393
10,4,227,230,4,2,3,0.4167,228.584,892.596,921.281,13.8750,12.0000,1.3483,0.6445,5.9076,0.6013,0.1771,0.2215,0.8918,0.3114,2.4699,0.4873,0.4719
23,9,227,230,4,4,5,0.2875,228.568,900.760,724.115,19.7380,12.0000,1.4375,0.5074,5.9076,0.4447,0.1269,0.4284,0.4277,0.2774,2.9370,0.9779,0.4635
36,7,227,230,4,5,7,0.2571,228.628,904.470,704.791,24.3174,12.0000,1.4595,0.8486,5.9277,0.6050,0.2494,0.1456,0.0631,0.9948,2.9571,0.9812,0.3682
35,7,227,231,5,7,4,0.2500,228.802,903.000,709.709,23.1489,11.0000,1.3849,1.0602,5.4153,0.7108,0.0408,0.2484,0.1489,0.7519,2.9337,0.4973,0.3094
16,3,227,228,2,4,4,0.5000,227.571,914.128,664.436,16.4486,10.0000,1.2030,2.0110,4.9565,0.6596,0.1299,0.2105,0.0303,0.9216,2.9689,0.9846,0.4887
7,4,227,228,2,3,2,0.5833,227.683,915.117,693.567,11.2143,10.0000,1.1667,0.8175,4.9565,0.3883,0.1309,0.4808,0.1253,0.7549,2.9739,0.4822,0.6500
7,5,227,229,3,3,2,0.3889,228.031,916.141,851.531,11.9478,11.0000,1.2031,0.5504,5.4337,0.2791,0.1196,0.6013,0.0000,0.0000,3.4612,0.4998,0.7656
5,4,227,228,2,2,2,0.6250,227.604,917.167,671.583,10.6180,11.0000,1.1458,0.7244,5.4337,0.3432,0.2505,0.4063,0.6059,0.3645,3.9451,0.7376,0.8333
26,3,227,229,3,8,6,0.1806,227.952,920.058,702.678,20.1536,11.0000,1.3750,3.8398,5.4337,0.9164,0.0145,0.0691,0.0773,0.9766,2.9471,0.9812,0.3269
4,3,227,229,3,1,2,0.6667,227.951,918.000,1097.244,10.1281,13.0000,1.2683,0.2487,6.4217,0.5357,0.3214,0.1429,1.0000,0.0000,3.4662,0.2478,0.8049
27,7,227,230,4,5,6,0.2250,228.819,919.890,848.912,21.5198,11.0000,1.3084,0.8314,5.4337,0.3450,0.3894,0.2656,0.3296,0.7074,2.4715,0.4906,0.4009
91,12,227,231,5,8,13,0.1750,228.287,924.383,767.025,37.7127,13.0000,1.6228,4.0040,6.4217,0.7649,0.1861,0.0490,0.0000,0.9976,2.9538,0.9896,0.3128
75,11,227,230,4,8,12,0.1953,228.439,923.346,779.030,37.3619,13.0000,1.4863,4.1067,6.4217,0.8043,0.1405,0.0552,0.0404,0.9943,2.9873,0.9846,0.5686
17,4,227,230,4,4,4,0.2656,228.626,923.931,621.588,15.6613,11.0000,1.4275,1.2757,5.4153,0.7614,0.0259,0.2127,0.3285,0.6477,1.9910,0.4890,0.2901
23,6,227,229,3,6,6,0.2130,227.793,923.908,706.641,18.9654,11.0000,1.3750,1.3774,5.4337,0.4834,0.2179,0.2987,0.0211,0.9915,2.9638,1.4651,0.3207
18,4,227,229,3,4,4,0.3750,228.196,924.854,743.563,18.3838,12.0000,1.3671,1.5823,5.9277,0.6417,0.1618,0.1965,0.0127,0.9644,2.4648,0.4957,0.4114
39,7,227,229,3,6,7,0.3095,228.085,925.658,749.746,25.2254,12.0000,1.4671,4.0098,5.9277,0.3264,0.5617,0.1119,0.0179,0.9959,2.4799,0.9770,0.4734
23,9,227,230,4,5,4,0.2875,228.450,922.847,843.187,21.4943,13.0000,1.4306,0.6009,6.3998,0.4889,0.2317,0.2794,0.0834,0.8970,2.9773,1.4618,0.5550
20,8,227,230,4,4,6,0.2083,228.255,927.594,740.715,18.2095,11.0000,1.3333,1.3713,5.4337,0.6832,0.1233,0.1934,0.1976,0.1915,2.7278,0.5207,0.5273
14,7,227,229,3,3,5,0.3111,228.131,929.467,869.705,16.0993,11.0000,1.2623,1.3830,5.4337,0.6967,0.1097,0.1936,0.1817,0.0175,3.2100,0.9745,0.5574
17,3,227,229,3,5,5,0.2267,228.194,934.127,864.231,16.0435,10.0000,1.2687,1.3778,4.9397,0.6673,0.1816,0.1511,0.0066,0.9223,2.9504,0.5023,0.2164
10,7,227,229,3,3,2,0.5556,227.938,936.417,707.312,14.9992,13.0000,1.3542,0.5246,6.4217,0.3960,0.3505,0.2535,0.8643,0.0759,3.9484,0.5132,0.7812
7,3,227,228,2,3,2,0.5833,227.383,938.150,692.750,11.2258,11.0000,1.2833,0.4816,5.4522,0.6197,0.1831,0.1972,0.0880,0.2700,2.4749,0.9879,0.5000
3,3,227,229,3,1,1,1.0000,228.000,937.000,718.000,7.7003,9.0000,1.0000,1.0000,4.4609,0.8889,0.0000,0.1111,1.0000,0.0000,2.9638,0.4973,1.0000
10,3,227,230,4,2,3,0.4167,229.165,937.494,785.367,12.2917,11.0000,1.3924,1.0375,5.3968,0.7172,0.0843,0.1984,0.8490,0.3752,2.4757,0.9879,0.3671
17,6,227,230,4,4,4,0.2656,227.924,940.979,791.476,17.3764,12.0000,1.4069,1.4568,5.9478,0.5415,0.2195,0.2390,0.6538,0.5867,2.9454,0.4923,0.4414
20,4,227,231,5,4,6,0.1667,228.544,940.614,851.520,18.8531,11.0000,1.2865,2.9274,5.4337,0.8051,0.1141,0.0808,0.2534,0.1764,2.4816,0.9679,0.5263
22,9,227,230,4,4,4,0.3438,228.451,942.927,845.793,20.2948,14.0000,1.5959,1.4673,6.9391,0.3847,0.2025,0.4128,0.8351,0.5454,2.4849,0.7384,0.4974
10,3,227,230,4,2,3,0.4167,228.049,946.420,839.370,12.6508,9.0000,1.1111,1.1894,4.4609,0.7224,0.1113,0.1662,0.8487,0.4809,2.4648,0.0100,0.3333
47,7,227,230,4,6,7,0.2798,228.185,947.992,832.122,28.8033,12.0000,1.4100,0.2220,5.9277,0.7140,0.1094,0.1766,0.0721,0.6675,2.9638,0.5040,0.4450
16,3,227,231,5,3,4,0.2667,229.243,949.103,681.596,16.7243,12.0000,1.4118,1.6443,5.9277,0.6505,0.1923,0.1572,0.7998,0.5235,2.9504,0.9863,0.3750
31,8,227,229,3,5,7,0.2952,227.535,957.866,803.283,22.5705,12.0000,1.4646,1.7833,5.9277,0.6840,0.1866,0.1294,0.0303,0.9987,2.9773,0.9896,0.4173
19,8,227,229,3,6,5,0.2111,227.722,961.895,779.457,18.3760,10.0000,1.1728,0.8610,4.9565,0.5552,0.3007,0.1441,0.2193,0.9756,2.9773,0.9896,0.5370
17,7,227,229,3,3,5,0.3778,228.228,966.152,841.662,17.3585,14.0000,1.6414,0.4348,6.9156,0.6387,0.1519,0.2094,0.0902,0.9171,2.9638,1.4702,0.4828
49,21,227,231,5,6,9,0.1815,228.451,968.195,835.052,29.6635,13.0000,1.5131,1.3230,6.4217,0.8286,0.0366,0.1347,0.2069,0.9566,3.4427,0.9712,0.5819
48,6,227,230,4,8,8,0.1875,228.058,971.403,824.908,27.2309,11.0000,1.3822,2.5193,5.4337,0.6788,0.2018,0.1194,0.1252,0.9617,2.9404,0.4923,0.3482
34,7,227,231,5,5,7,0.1943,228.144,975.004,813.799,24.0475,12.0000,1.4366,1.8051,5.9277,0.6208,0.1347,0.2445,0.0918,0.6567,2.9571,0.9896,0.4577
5,4,227,229,3,2,1,0.8333,227.822,976.422,681.000,9.9470,10.0000,1.1111,0.6045,4.9397,0.5854,0.2927,0.1220,0.9487,0.0000,3.4578,0.0050,0.8222
10,3,227,229,3,4,3,0.2778,227.901,976.914,804.605,12.6571,10.0000,1.2346,0.4163,4.9397,0.7147,0.1719,0.1134,0.4435,0.4732,2.4866,0.9787,0.4568
23,3,227,229,3,4,6,0.3194,227.823,980.776,787.156,19.7880,13.0000,1.5573,2.1266,6.4217,0.6208,0.1760,0.2031,0.0463,0.9791,2.9705,0.9946,0.3854
22,5,227,230,4,5,4,0.2750,228.061,981.094,767.878,18.9529,13.0000,1.5889,1.4472,6.3998,0.5307,0.1933,0.2760,0.4878,0.8582,2.9638,0.9812,0.2944
20,6,227,228,2,5,4,0.5000,227.401,983.174,776.459,19.0371,11.0000,1.2791,1.3537,5.4522,0.7745,0.0834,0.1421,0.0250,0.9380,3.2142,0.7477,0.5640
4,3,227,230,4,1,1,1.0000,228.429,981.000,1051.000,8.6320,10.0000,1.1429,0.5714,4.9230,0.9375,0.0000,0.0625,1.0000,0.0000,3.4721,0.4990,0.8000
40,5,227,230,4,5,9,0.2222,228.858,995.528,813.593,26.2445,11.0000,1.3056,3.5523,5.4337,0.7567,0.1005,0.1428,0.0544,0.9352,2.9739,0.9779,0.4688
22,4,227,230,4,4,7,0.1964,228.635,999.573,797.017,18.7058,10.0000,1.2360,1.2725,4.9397,0.7653,0.0090,0.2257,0.1846,0.4036,2.9571,0.9879,0.3146
12,5,227,228,2,5,6,0.2000,227.848,1004.323,764.768,14.1245,11.0000,1.3333,1.8989,5.4337,0.7417,0.2076,0.0507,0.1170,0.9747,2.7328,1.2341,0.4949
13,3,227,229,3,4,3,0.3611,228.010,1005.212,748.788,14.2479,11.0000,1.3750,0.8164,5.4337,0.4317,0.1855,0.3828,0.1258,0.9915,2.4850,0.9913,0.3750
11,4,227,229,3,3,4,0.3056,228.021,1005.438,754.990,14.2971,13.0000,1.4896,0.5630,6.4217,0.5982,0.1082,0.2937,0.1907,0.3187,2.9672,0.9779,0.4479
9,4,227,230,4,2,3,0.3750,228.227,1022.400,1011.040,12.3398,11.0000,1.3200,0.4615,5.4337,0.2980,0.5146,0.1873,0.9752,0.1111,2.4850,0.5024,0.5333
15,10,227,230,4,4,2,0.4688,227.934,1025.482,1007.489,17.4774,11.0000,1.2044,1.1594,5.4522,0.5409,0.1893,0.2699,0.8100,0.0567,3.4612,0.4957,0.7445
11,3,227,230,4,4,4,0.1719,228.154,1035.374,999.242,13.5464,11.0000,1.3297,1.0802,5.4153,0.6520,0.0949,0.2530,0.4325,0.5487,2.4799,0.5107,0.4286
5,3,227,229,3,1,2,0.8333,227.773,1041.000,472.432,9.7276,10.0000,1.1364,0.9591,4.9565,0.5854,0.2927,0.1220,0.9487,0.0000,3.4578,0.2537,0.6364
29,9,227,231,5,4,5,0.2900,228.219,1073.483,939.169,22.1819,12.0000,1.4380,0.5861,5.9277,0.4498,0.1562,0.3940,0.7371,0.5608,2.9471,0.9679,0.4132
8,4,227,229,3,3,2,0.4444,228.425,1093.342,654.438,12.7308,13.0000,1.4247,1.0387,6.3998,0.4884,0.2145,0.2971,0.6716,0.0892,3.4394,0.9729,0.6849
6,3,227,228,2,2,4,0.3750,227.333,1110.137,802.235,10.3082,11.0000,1.2941,0.4305,5.4522,0.6410,0.2138,0.1452,0.1728,0.5792,2.4934,0.4957,0.5882
4,3,227,229,3,2,1,0.6667,227.946,1119.459,650.000,9.1402,11.0000,1.1892,0.4626,5.4337,0.7576,0.1294,0.1129,0.8507,0.0000,3.2234,0.9712,0.8108
10,4,227,229,3,3,3,0.3704,228.202,1132.831,727.787,13.8930,11.0000,1.2360,1.4465,5.4522,0.2763,0.5209,0.2028,0.8018,0.5958,3.9451,1.4760,0.5843
24,3,228,230,3,3,7,0.3810,229.398,295.129,678.715,18.6658,10.0000,1.2903,0.8284,4.9230,0.8074,0.1180,0.0746,0.0351,0.8520,2.7076,0.9812,0.2043
24,5,228,231,4,5,6,0.2000,229.505,295.974,775.107,19.6622,12.0000,1.4694,2.2090,5.8875,0.4221,0.4153,0.1626,0.2659,0.9075,3.4444,0.9846,0.3929
68,5,228,232,5,6,15,0.1511,230.096,299.570,647.854,32.2369,11.0000,1.3801,2.4760,5.4153,0.9548,0.0062,0.0390,0.1494,0.1292,2.9504,0.9812,0.2694
9,3,228,230,3,2,5,0.3000,228.865,302.811,811.811,12.1489,10.0000,1.2162,1.4826,4.9397,0.7774,0.1293,0.0933,0.1641,0.5014,2.9605,0.5040,0.3919
11,4,228,230,3,2,5,0.3667,229.000,304.198,826.714,13.5074,11.0000,1.3297,0.7412,5.4153,0.6252,0.1817,0.1931,0.0000,0.0000,2.9571,0.9779,0.4176
12,4,228,230,3,3,5,0.2667,229.153,320.388,877.020,13.9199,10.0000,1.2245,1.0646,4.9230,0.5116,0.2815,0.2069,0.0485,0.8884,3.4377,0.9863,0.4796
265,23,228,232,5,8,44,0.1506,229.581,392.752,751.677,66.3699,14.0000,1.6871,18.6830,6.8687,0.9863,0.0102,0.0035,0.0078,0.9998,2.9504,0.9946,0.4320
31,10,228,230,3,5,8,0.2583,229.217,395.252,781.870,22.4419,11.0000,1.3425,0.7895,5.4153,0.8058,0.1283,0.0658,0.0606,0.9684,2.9487,0.5065,0.3858
25,5,228,230,3,4,7,0.2976,229.368,398.785,797.612,20.5522,11.0000,1.3158,1.4517,5.4153,0.7860,0.1249,0.0890,0.0004,0.9858,2.9504,0.7435,0.4641
39,20,228,231,4,5,9,0.2167,229.313,404.782,821.737,26.3801,12.0000,1.3970,0.4634,5.9076,0.8083,0.1066,0.0851,0.0343,0.8950,3.2024,0.9745,0.5910
30,4,228,231,4,4,5,0.3750,229.134,408.573,747.828,21.4718,11.0000,1.3808,0.4791,5.4153,0.5813,0.2867,0.1319,0.1572,0.0668,2.4439,0.4940,0.2845
18,6,228,231,4,5,3,0.3000,229.470,407.993,849.624,17.2617,11.0000,1.3289,0.6499,5.3968,0.6737,0.1073,0.2190,0.2906,0.0003,2.9337,0.5140,0.3960
12,4,228,230,3,2,4,0.5000,228.657,408.461,754.539,14.5125,11.0000,1.2941,1.6666,5.4337,0.5847,0.2294,0.1859,0.1543,0.4404,2.4615,0.7435,0.5000
31,6,228,230,3,7,8,0.1845,229.083,408.407,835.938,21.3030,11.0000,1.4149,2.1036,5.4153,0.6126,0.2999,0.0875,0.1451,0.9891,2.4799,1.2333,0.3112
12,5,228,231,4,2,3,0.5000,229.101,412.586,793.798,14.0645,10.0000,1.2121,1.4806,4.9397,0.5242,0.2621,0.2137,0.8742,0.3289,2.7034,0.4865,0.5657
22,6,228,230,3,4,5,0.3667,229.318,411.915,845.193,18.4526,11.0000,1.3750,0.3819,5.4153,0.5316,0.2060,0.2624,0.1204,0.9344,2.9320,0.5207,0.3693
31,5,228,230,3,5,8,0.2583,228.668,416.751,792.232,21.3331,11.0000,1.4149,0.8534,5.4153,0.8276,0.0774,0.0951,0.0263,0.9946,2.4699,0.9812,0.2739
17,5,228,231,4,5,3,0.2833,229.557,421.357,869.671,16.6843,12.0000,1.4571,1.0837,5.9076,0.7506,0.0284,0.2210,0.2808,0.0130,2.9437,0.9796,0.4214
19,3,228,230,3,4,7,0.2262,228.845,426.986,880.797,16.7240,11.0000,1.4122,1.2128,5.4153,0.7371,0.1228,0.1401,0.0103,0.9596,2.4699,0.4990,0.2095
20,3,228,229,2,5,6,0.3333,228.451,429.580,837.123,17.8665,13.0000,1.6049,1.1164,6.3998,0.6228,0.2640,0.1132,0.1501,0.9875,2.7101,0.4973,0.3210
32,7,228,232,5,6,7,0.1524,229.624,428.278,886.020,22.1448,11.0000,1.3804,1.6545,5.3968,0.7055,0.1423,0.1521,0.2040,0.9572,2.9470,0.9812,0.3333
10,3,228,229,2,4,3,0.4167,228.390,432.317,795.110,12.7921,10.0000,1.2195,0.5147,4.9397,0.6673,0.1480,0.1847,0.2832,0.8704,2.4648,0.5099,0.4512
9,4,228,230,3,3,4,0.2500,228.807,431.904,856.482,13.6291,12.0000,1.3012,0.9640,5.9277,0.5606,0.1817,0.2577,0.0916,0.2432,2.4564,0.4873,0.5663
10,3,228,230,3,3,3,0.3704,228.787,436.137,895.913,12.4632,10.0000,1.2500,1.4737,4.9230,0.3715,0.3203,0.3081,0.2006,0.5490,2.7034,0.9745,0.3625
16,5,228,229,2,4,5,0.4000,228.300,440.838,863.477,16.0378,10.0000,1.2308,1.5157,4.9397,0.4443,0.3767,0.1790,0.0997,0.9809,2.9504,0.4973,0.4308
64,10,228,232,5,7,9,0.2032,229.456,443.383,600.953,31.6425,12.0000,1.4913,1.2041,5.9076,0.6400,0.2195,0.1405,0.0642,0.7790,2.9404,0.5056,0.3534
28,4,228,230,3,5,10,0.1867,229.230,440.991,904.851,20.6377,12.0000,1.5135,4.3416,5.9076,0.9241,0.0364,0.0395,0.0182,0.9901,2.9370,0.9779,0.3018
11,3,228,231,4,2,3,0.4583,229.602,447.182,589.909,13.0354,10.0000,1.2500,0.4467,4.9062,0.4588,0.2857,0.2555,0.9476,0.0310,2.4431,0.4856,0.3182
24,7,228,230,3,3,5,0.5333,228.734,454.970,622.261,20.4179,12.0000,1.4187,1.2949,5.9076,0.6867,0.1073,0.2060,0.0884,0.3112,2.4765,1.4618,0.4384
22,4,228,231,4,6,4,0.2292,229.261,459.659,934.330,18.4562,11.0000,1.3750,0.5414,5.4153,0.8162,0.0628,0.1210,0.2977,0.9290,2.9471,0.9846,0.2727
46,7,228,232,5,5,10,0.1840,229.140,463.964,655.033,26.4085,11.0000,1.3901,2.2859,5.4153,0.7036,0.1063,0.1901,0.0489,0.3260,2.4681,0.4990,0.2802
11,3,228,229,2,4,4,0.3438,228.753,467.788,944.624,12.6274,9.0000,1.1647,0.9078,4.4307,0.3662,0.3844,0.2494,0.0300,0.9964,1.9859,0.4973,0.3176
22,6,228,230,3,4,6,0.3056,228.699,471.689,752.699,19.2270,12.0000,1.4426,1.7537,5.9076,0.3534,0.4018,0.2448,0.0005,0.8174,2.9571,0.9954,0.4317
7,5,228,230,3,2,2,0.5833,228.533,472.267,761.417,11.1820,10.0000,1.1667,0.7274,4.9397,0.5694,0.1270,0.3036,0.8963,0.4170,2.9538,0.4998,0.7667
88,20,228,232,5,8,13,0.1692,229.280,478.293,618.477,38.5879,12.0000,1.4348,0.6260,5.9076,0.8876,0.0616,0.0508,0.0298,0.7578,2.9538,0.9846,0.4973
26,3,228,231,4,5,7,0.1857,229.226,485.070,606.779,19.1982,11.0000,1.4372,0.3240,5.4153,0.6199,0.1573,0.2228,0.2561,0.9605,1.9959,0.7309,0.1558
32,3,228,232,5,5,8,0.1600,229.570,486.717,647.805,21.8014,10.0000,1.2749,1.6180,4.9230,0.7208,0.1340,0.1452,0.0945,0.5051,2.4631,0.9596,0.2191
13,7,228,230,3,4,3,0.3611,228.829,486.556,565.017,15.9843,11.0000,1.2222,1.4007,5.4337,0.5333,0.1343,0.3324,0.3191,0.6414,2.9588,0.9804,0.6752
16,4,228,231,4,3,3,0.4444,229.261,488.164,533.157,16.4773,11.0000,1.3134,0.8979,5.4153,0.5029,0.2768,0.2203,0.9379,0.0420,2.9588,0.9963,0.3806
37,4,228,233,6,5,7,0.1762,230.315,489.637,639.574,23.2854,9.0000,1.1522,2.4383,4.4458,0.4835,0.0415,0.4750,0.7528,0.3821,2.9070,0.4956,0.2491
6,3,228,230,3,2,2,0.5000,229.019,488.481,773.462,10.4502,10.0000,1.1538,0.6667,4.9230,0.6168,0.1058,0.2774,0.7071,0.7071,2.9621,0.0200,0.5769
19,6,228,231,4,4,3,0.3958,229.532,489.494,747.838,17.3614,11.0000,1.3571,0.7081,5.3968,0.4327,0.0581,0.5091,0.2725,0.1310,2.9370,0.4906,0.4351
38,7,228,232,5,4,9,0.2111,229.170,490.813,756.351,24.3435,10.0000,1.2459,2.7491,4.9397,0.7539,0.1655,0.0806,0.0237,0.7742,2.9504,0.9779,0.3672
14,5,228,231,4,2,4,0.4375,229.130,491.480,594.602,16.1762,12.0000,1.3659,1.2907,5.9277,0.3787,0.4260,0.1953,0.9169,0.3170,2.9412,0.9687,0.6423
32,9,228,232,5,5,5,0.2560,229.637,492.552,634.954,22.4911,11.0000,1.3591,2.2053,5.3785,0.6526,0.1572,0.1902,0.5636,0.8153,2.9370,1.4485,0.4054
41,4,228,232,5,4,11,0.1864,229.454,489.584,735.121,24.1810,11.0000,1.4317,1.4918,5.4153,0.8354,0.0926,0.0721,0.0840,0.9962,2.4615,0.5073,0.2413
11,4,228,230,3,4,4,0.2292,229.011,491.416,530.472,13.2100,10.0000,1.2360,0.7511,4.9230,0.5988,0.2119,0.1892,0.0484,0.9517,2.7135,0.5023,0.4270
5,3,228,230,3,2,2,0.4167,228.767,492.791,559.372,9.4745,9.0000,1.0465,1.1630,4.4458,0.7729,0.0435,0.1836,0.8328,0.5477,3.4461,0.9679,0.6279
13,4,228,230,3,3,5,0.2889,228.400,493.343,586.019,14.3658,10.0000,1.2381,0.7695,4.9397,0.5291,0.1751,0.2958,0.1269,0.6664,2.9672,0.9947,0.3619
21,5,228,230,3,4,7,0.2500,229.082,495.901,783.860,18.3651,12.0000,1.4737,0.1905,5.9076,0.9006,0.0408,0.0586,0.1514,0.7695,3.4444,0.9879,0.3860
11,3,228,230,3,3,3,0.4074,228.607,500.762,576.119,12.4851,9.0000,1.1786,0.6629,4.4458,0.5242,0.2301,0.2458,0.5633,0.7538,2.9622,0.5091,0.3214
10,6,228,230,3,4,3,0.2778,229.034,499.586,618.471,13.5424,10.0000,1.1494,0.6281,4.9230,0.6356,0.1475,0.2169,0.0987,0.9771,2.9638,0.9896,0.6552
8,3,228,229,2,3,3,0.4444,228.656,502.031,579.359,11.1524,10.0000,1.2500,0.4983,4.9230,0.7197,0.0792,0.2011,0.2390,0.1133,2.7169,0.4957,0.4375
7,3,228,230,3,2,3,0.3889,229.000,502.525,814.203,10.9782,11.0000,1.3051,0.9543,5.4153,0.1909,0.4622,0.3468,0.4205,0.6127,2.7093,0.5040,0.5085
13,3,228,230,3,3,4,0.3611,228.903,507.447,515.602,14.0681,10.0000,1.2621,1.1735,4.9397,0.3647,0.1709,0.4644,0.6915,0.6017,2.4732,0.9862,0.3689
15,4,228,231,4,4,4,0.2344,229.144,510.500,567.881,14.9917,10.0000,1.2712,1.0235,4.9230,0.5914,0.2602,0.1484,0.5436,0.0941,2.9254,0.7451,0.3136
14,4,228,230,3,3,4,0.3889,228.780,525.763,525.517,15.5371,10.0000,1.1864,1.2070,4.9397,0.7639,0.0542,0.1819,0.3537,0.7793,3.1924,0.9913,0.5593
10,3,228,231,4,3,2,0.4167,229.165,538.886,539.810,12.2917,9.0000,1.1392,0.2759,4.4307,0.7127,0.1129,0.1744,0.8507,0.2717,2.9438,0.9879,0.3418
6,3,228,230,3,2,2,0.5000,228.852,560.167,504.500,10.8584,11.0000,1.2222,0.5475,5.4153,0.3810,0.3333,0.2857,0.9487,0.1690,2.7093,0.4973,0.5556
5,3,228,229,2,2,2,0.6250,228.419,640.163,473.605,9.4857,10.0000,1.1628,0.7217,4.9230,0.3432,0.2505,0.4063,0.6059,0.3645,2.9739,0.5007,0.6512
6,3,228,230,3,1,2,1.0000,229.058,679.000,473.462,10.4489,11.0000,1.2692,0.4651,5.4153,0.5556,0.3333,0.1111,1.0000,0.0000,2.9596,0.4889,0.5577
8,3,228,230,3,3,2,0.4444,229.231,693.954,970.738,11.3046,10.0000,1.2308,1.2282,4.9230,0.5074,0.3123,0.1803,0.2951,0.0437,2.9437,0.9896,0.4308
9,3,228,229,2,2,3,0.7500,228.419,721.554,467.676,12.1673,10.0000,1.2162,0.7666,4.9397,0.4706,0.0000,0.5294,0.3015,0.5390,2.9638,0.9745,0.3919
11,3,228,231,4,2,3,0.4583,229.315,750.620,966.011,13.6412,10.0000,1.1957,1.6891,4.9397,0.3909,0.4271,0.1819,0.8400,0.2685,2.4715,0.4890,0.5109
3,3,228,229,2,1,2,0.7500,228.321,751.000,987.679,7.9768,10.0000,1.0714,0.4546,4.9397,0.5333,0.2667,0.2000,0.7071,0.0000,2.9664,0.9846,1.0000
13,4,228,230,3,4,3,0.3611,229.029,754.049,512.510,13.9255,9.0000,1.1471,1.5493,4.4458,0.0768,0.3072,0.6160,0.3780,0.7261,2.4581,0.4940,0.3529
10,3,228,231,4,3,2,0.4167,229.386,765.470,435.494,12.9044,11.0000,1.3253,0.7832,5.4153,0.5913,0.2290,0.1797,0.9162,0.1918,2.9605,0.9712,0.3494
5,3,228,230,3,1,2,0.8333,229.136,765.000,1004.386,9.6826,11.0000,1.2500,0.4097,5.4153,0.5854,0.2927,0.1220,0.9487,0.0000,2.9688,0.4915,0.6591
17,4,228,230,3,5,3,0.3778,228.925,774.504,483.940,15.8842,9.0000,1.1504,0.5129,4.4307,0.4311,0.3543,0.2146,0.0848,0.4980,2.9605,0.9746,0.2707
11,3,228,230,3,5,3,0.2444,229.080,775.841,519.614,13.0586,10.0000,1.2500,1.6234,4.9230,0.6410,0.2386,0.1203,0.1545,0.9004,1.9842,0.4957,0.5227
16,3,228,232,5,3,4,0.2667,230.171,777.791,1001.876,15.8135,10.0000,1.2403,0.9166,4.9062,0.6111,0.2131,0.1758,0.6250,0.1458,2.4381,0.4881,0.4961
7,5,228,230,3,3,3,0.2593,229.148,781.377,442.967,11.3446,11.0000,1.2623,0.4062,5.4153,0.1626,0.4228,0.4146,0.5345,0.5613,3.4277,1.4735,0.7705
30,8,228,232,5,6,6,0.1667,230.213,790.043,421.628,23.0937,12.0000,1.3953,1.6866,5.8875,0.7202,0.1445,0.1352,0.0803,0.4655,2.9370,0.4990,0.4767
3,3,228,229,2,1,2,0.7500,228.667,788.000,507.667,7.6829,9.0000,1.0000,0.7454,4.4458,0.5333,0.2667,0.2000,0.7071,0.0000,2.9588,0.0000,1.0000
6,3,228,229,2,2,3,0.5000,228.640,788.840,961.360,10.0613,9.0000,1.0800,0.7515,4.4458,0.5034,0.2551,0.2415,0.1128,0.4328,2.7126,0.9812,0.5400
10,7,228,230,3,3,2,0.5556,228.879,794.758,442.363,14.1725,12.0000,1.3187,0.8491,5.9076,0.6384,0.1053,0.2564,0.6460,0.4936,3.9518,0.9929,0.7582
8,4,228,230,3,3,2,0.4444,228.889,825.000,967.500,12.5366,12.0000,1.3333,0.5122,5.9076,0.4702,0.2602,0.2696,0.9107,0.1045,3.1957,0.9930,0.5556
11,4,228,230,3,4,2,0.4583,228.621,827.779,521.621,14.1193,11.0000,1.2737,0.9455,5.4153,0.4418,0.3391,0.2191,0.3679,0.2156,2.9605,0.4789,0.5263
13,3,228,232,5,3,5,0.1733,229.900,837.918,551.682,14.9735,11.0000,1.3000,1.9282,5.4337,0.8010,0.1202,0.0788,0.8842,0.2061,2.9370,0.4906,0.4636
6,3,228,230,3,2,2,0.5000,228.804,844.137,1126.451,10.2568,11.0000,1.2941,0.5106,5.4153,0.3810,0.3333,0.2857,0.9487,0.1690,2.9529,0.4856,0.5882
9,4,228,230,3,4,2,0.3750,228.844,846.078,931.506,12.6423,12.0000,1.4026,0.5356,5.9076,0.4714,0.3326,0.1960,0.4930,0.0310,2.7277,0.5007,0.5325
10,6,228,230,3,4,2,0.4167,228.989,846.863,983.895,14.7899,12.0000,1.2632,1.5247,5.8875,0.4752,0.3722,0.1526,0.4065,0.0099,3.9384,0.4939,0.6842
6,3,228,230,3,2,2,0.5000,229.160,850.340,954.660,10.0435,10.0000,1.2000,0.7595,4.9230,0.6381,0.1455,0.2164,0.8019,0.3768,2.7060,0.5007,0.5600
8,5,228,230,3,4,1,0.6667,229.085,866.873,945.000,12.3542,11.0000,1.2394,1.2652,5.3968,0.4615,0.4615,0.0769,0.0000,0.0000,2.9663,0.4906,0.7042
11,4,228,229,2,4,3,0.4583,228.533,879.700,646.856,13.3802,11.0000,1.3444,0.6287,5.4337,0.5330,0.1568,0.3102,0.1606,0.8526,3.4410,0.9812,0.4222
6,3,228,229,2,2,2,0.7500,228.438,880.667,931.667,9.6655,9.0000,1.1250,0.8643,4.4458,0.2000,0.3333,0.4667,0.0000,0.0000,2.4640,-0.4965,0.5625
22,9,228,231,4,5,4,0.2750,229.953,881.281,692.516,20.0867,13.0000,1.4896,0.5621,6.3781,0.4506,0.1610,0.3884,0.1339,0.5852,2.9303,0.9704,0.4844
53,7,228,231,4,8,11,0.1506,230.021,882.476,700.352,29.3136,11.0000,1.3402,1.6121,5.3968,0.6885,0.2578,0.0537,0.0458,0.9894,2.9471,0.9829,0.3977
115,12,228,232,5,6,19,0.2018,230.275,887.636,749.111,43.9255,13.0000,1.5557,7.1260,6.3781,0.9290,0.0465,0.0246,0.0005,0.9876,2.9504,0.9713,0.5057
21,6,228,231,4,3,7,0.2500,229.746,886.607,722.231,18.5379,12.0000,1.4566,0.9001,5.8875,0.7835,0.0767,0.1397,0.0393,0.0586,2.4581,0.4840,0.3931
8,3,228,231,4,3,2,0.3333,229.667,887.015,903.348,11.4615,9.0000,1.0909,0.4825,4.4156,0.8222,0.0753,0.1024,0.7946,0.1889,2.4682,0.4806,0.4091
7,3,228,230,3,3,2,0.3889,228.828,888.862,568.879,10.7984,11.0000,1.3276,0.8476,5.4337,0.6107,0.2231,0.1662,0.8599,0.3065,1.9993,-0.4772,0.5000
10,4,228,230,3,3,4,0.2778,229.190,888.810,519.869,13.0685,10.0000,1.1905,1.1626,4.9230,0.6139,0.0707,0.3154,0.0704,0.7036,2.4715,0.5040,0.4524
8,3,228,229,2,5,3,0.2667,228.859,891.859,667.234,11.1447,9.0000,1.1250,0.9018,4.4458,0.8274,0.0656,0.1070,0.0008,0.9422,2.4665,0.4990,0.4219
16,3,228,232,5,3,5,0.2133,229.684,895.729,576.361,16.3310,11.0000,1.3233,1.8216,5.4337,0.8179,0.1081,0.0740,0.7786,0.0708,2.4632,0.4873,0.4511
7,4,228,229,2,3,2,0.5833,228.322,899.305,911.288,11.0035,10.0000,1.1864,1.0127,4.9230,0.3772,0.3083,0.3146,0.1545,0.6900,2.9538,0.2428,0.6271
28,3,228,230,3,8,7,0.1667,228.982,900.420,701.726,21.0272,10.0000,1.2389,1.5951,4.9230,0.7478,0.1613,0.0909,0.0638,0.9952,2.4648,0.5024,0.3009
7,4,228,229,2,3,3,0.3889,228.400,900.538,524.677,12.1193,13.0000,1.4000,0.7445,6.4217,0.6175,0.1522,0.2303,0.3778,0.9259,3.4394,0.9762,0.6769
8,4,228,231,4,2,4,0.2500,229.549,899.352,755.437,12.3347,12.0000,1.3521,0.7196,5.8875,0.8082,0.0939,0.0979,0.7326,0.0517,2.9187,0.4898,0.6761
27,8,228,233,6,5,4,0.2250,230.203,901.467,842.749,21.4189,12.0000,1.4273,1.3143,5.9076,0.3462,0.4820,0.1718,0.9339,0.1000,2.9538,0.9812,0.4890
12,6,228,231,4,3,3,0.3333,229.557,899.802,730.698,15.0356,11.0000,1.2453,1.0217,5.4153,0.6570,0.1624,0.1806,0.7019,0.5185,3.1941,0.7485,0.5849
16,4,228,231,4,5,4,0.2000,229.507,901.014,718.326,16.9550,11.0000,1.2754,1.1554,5.4153,0.6729,0.2184,0.1087,0.0758,0.6757,2.4632,0.4873,0.5145
20,4,228,230,3,5,6,0.2222,229.203,903.228,754.456,17.3808,11.0000,1.3924,1.9960,5.3968,0.6399,0.2253,0.1348,0.1269,0.9757,1.7230,0.0067,0.3038
9,3,228,231,4,2,2,0.5625,229.387,902.693,751.253,12.2913,10.0000,1.2000,1.6045,4.9397,0.7824,0.0670,0.1506,0.9591,0.1071,1.9692,0.4864,0.3733
11,3,228,230,3,4,3,0.3056,228.826,904.488,587.012,12.7728,10.0000,1.2791,0.5187,4.9230,0.5475,0.1585,0.2939,0.3045,0.7418,1.9809,0.5007,0.3256
53,12,228,230,3,6,12,0.2454,228.884,905.916,719.591,29.6302,12.0000,1.4521,1.4160,5.9076,0.8473,0.1075,0.0452,0.0017,0.9966,2.9471,0.9862,0.5023
25,4,228,231,4,5,7,0.1786,228.975,907.187,737.399,19.9889,11.0000,1.3547,0.6299,5.4153,0.7187,0.1254,0.1559,0.1998,0.9059,2.4690,0.5040,0.3350
8,4,228,230,3,3,2,0.4444,228.986,906.188,727.638,12.0103,11.0000,1.2754,0.4086,5.4153,0.5651,0.0457,0.3892,0.2943,0.8284,2.2254,0.0033,0.5797
9,3,228,230,3,2,3,0.5000,229.149,906.284,905.541,12.1372,11.0000,1.3378,0.5601,5.4153,0.2059,0.4550,0.3392,0.7188,0.0195,2.4682,0.9812,0.4189
7,4,228,230,3,3,2,0.3889,228.850,907.150,931.550,11.1699,10.0000,1.1667,0.4975,4.9230,0.4217,0.1019,0.4765,0.6810,0.1903,3.4444,1.2249,0.7667
16,8,228,230,3,4,3,0.4444,228.739,910.522,930.022,16.9993,12.0000,1.3913,1.3487,5.8875,0.1596,0.0878,0.7525,0.6166,0.3804,3.2066,0.4889,0.5652
8,4,228,231,4,2,3,0.3333,229.369,910.108,680.923,11.2993,10.0000,1.2308,0.6445,4.9062,0.5994,0.2573,0.1433,0.9807,0.1892,2.4698,0.4948,0.5692
5,3,228,229,2,3,2,0.4167,228.178,914.156,565.822,9.9350,10.0000,1.1111,1.1826,4.9397,0.6489,0.0995,0.2515,0.3339,0.8871,2.9789,0.7426,0.6444
14,3,228,232,5,3,3,0.3111,229.509,913.733,863.991,15.2360,12.0000,1.4483,0.8920,5.9076,0.5480,0.2908,0.1612,0.9197,0.2899,2.4648,0.4973,0.3448
5,3,228,229,2,2,2,0.6250,228.465,915.163,640.465,9.4842,11.0000,1.2791,0.7738,5.4153,0.3432,0.2505,0.4063,0.6059,0.3645,3.4427,0.9863,0.6744
23,6,228,232,5,4,5,0.2300,229.629,916.597,925.651,19.0523,12.0000,1.4839,0.9907,5.9076,0.2726,0.2826,0.4449,0.5566,0.4067,1.9859,0.2387,0.3763
5,3,228,229,2,2,2,0.6250,228.591,915.818,1096.614,9.7006,10.0000,1.1364,0.5913,4.9230,0.3432,0.2505,0.4063,0.6059,0.3645,2.9739,0.9896,0.6364
12,5,228,231,4,2,4,0.3750,229.402,916.773,956.082,13.7662,10.0000,1.2371,1.1768,4.9230,0.3996,0.3445,0.2559,0.3024,0.0284,2.4581,0.0050,0.4742
9,5,228,230,3,2,2,0.7500,228.782,920.397,543.679,12.8092,11.0000,1.2692,0.5551,5.4153,0.5373,0.1435,0.3192,0.9487,0.2905,3.4310,0.7292,0.6154
36,6,228,231,4,8,7,0.1607,229.265,927.674,555.121,24.4287,13.0000,1.5705,2.0323,6.3998,0.6832,0.1824,0.1344,0.0712,0.8480,2.4765,0.4990,0.3591
38,5,228,231,4,5,8,0.2375,229.339,927.648,877.941,24.4892,12.0000,1.4853,3.2961,5.9277,0.7503,0.1364,0.1133,0.2000,0.9041,2.4631,0.5107,0.3160
14,7,228,231,4,2,3,0.5833,229.488,928.636,908.248,15.8938,11.0000,1.2727,0.8392,5.4153,0.3424,0.3608,0.2968,0.9076,0.1487,3.1849,0.0100,0.5702
3,3,228,230,3,1,1,1.0000,229.000,928.000,917.000,7.9584,10.0000,1.0714,0.0000,4.9230,0.8889,0.0000,0.1111,1.0000,0.0000,2.9814,-0.0100,1.0000
18,5,228,233,6,4,5,0.1500,230.453,930.345,563.588,17.0887,10.0000,1.2162,2.8582,4.9397,0.8487,0.0788,0.0725,0.8049,0.5546,2.9237,0.4989,0.4527
8,3,228,230,3,2,3,0.4444,228.855,930.870,903.130,12.0156,12.0000,1.3913,0.2346,5.9076,0.6911,0.1553,0.1536,0.6966,0.1216,3.1999,0.4973,0.5652
20,5,228,231,4,4,5,0.2500,229.195,930.533,1090.355,18.5914,11.0000,1.3018,0.6692,5.4153,0.6389,0.1320,0.2291,0.4935,0.6654,2.2362,0.9712,0.5385
22,3,228,231,4,5,6,0.1833,229.712,942.944,542.181,18.5326,13.0000,1.6158,1.2823,6.3781,0.5498,0.2481,0.2021,0.2623,0.9445,1.9867,0.4890,0.2599
14,4,228,232,5,3,3,0.3111,230.355,952.727,870.909,15.8470,11.0000,1.2727,1.6696,5.3602,0.7833,0.0398,0.1769,0.9670,0.1837,2.7192,0.9712,0.5620
9,3,228,231,4,4,3,0.1875,229.583,955.736,715.000,11.7917,10.0000,1.2500,0.8459,4.9062,0.6607,0.1708,0.1685,0.6598,0.2733,2.9571,0.4956,0.3889
18,8,228,231,4,4,3,0.3750,229.509,956.182,865.050,18.4177,12.0000,1.3585,0.5258,5.8875,0.3777,0.2645,0.3578,0.5062,0.2047,2.4690,0.5098,0.5220
14,5,228,231,4,5,2,0.3500,229.115,960.071,856.363,14.8618,11.0000,1.3628,0.3872,5.4153,0.5500,0.2687,0.1813,0.4308,0.1327,2.2212,0.9688,0.4248
5,3,228,229,2,2,2,0.6250,228.667,960.429,653.381,9.2573,10.0000,1.1905,0.6633,4.9230,0.2938,0.4054,0.3007,0.7071,0.6739,3.4444,0.0025,0.6667
13,3,228,232,5,3,3,0.2889,229.647,962.941,607.265,13.8964,11.0000,1.4020,0.7016,5.4153,0.6920,0.1752,0.1328,0.8686,0.3287,1.9959,0.4840,0.2843
8,3,228,231,4,2,2,0.5000,229.646,967.400,620.892,11.2887,10.0000,1.2308,1.7554,4.9397,0.8029,0.0945,0.1025,0.9883,0.1013,2.4598,0.0000,0.5692
5,3,228,230,3,2,2,0.4167,229.049,968.341,678.220,9.0251,9.0000,1.0976,0.4089,4.4307,0.5461,0.2256,0.2283,0.8117,0.4177,2.9537,0.9812,0.6585
11,3,228,230,3,3,4,0.3056,229.337,973.124,704.809,13.1954,10.0000,1.2360,0.4067,4.9230,0.6745,0.1366,0.1889,0.1785,0.0142,2.4631,0.9779,0.3258
19,9,228,232,5,3,3,0.4222,230.012,976.426,867.093,18.2335,12.0000,1.4074,1.1022,5.9076,0.2825,0.3980,0.3195,0.9873,0.0092,2.9238,0.0033,0.5864
5,4,228,230,3,1,2,0.8333,229.256,977.000,1054.419,9.4587,9.0000,1.0465,0.4906,4.4307,0.5854,0.2927,0.1220,0.9487,0.0000,3.4344,0.4873,0.8372
43,17,228,233,6,5,7,0.2048,229.735,979.485,858.852,26.8846,12.0000,1.4373,1.0306,5.8875,0.6452,0.1128,0.2420,0.4753,0.3001,2.9605,0.4890,0.4986
4,3,228,229,2,2,1,1.0000,228.538,979.436,781.000,9.6149,12.0000,1.2308,0.6348,5.9076,0.0000,0.7500,0.2500,1.0000,0.0000,3.2083,-0.2436,0.7949
16,4,228,230,3,8,3,0.2222,228.992,979.079,648.386,15.6308,10.0000,1.2598,1.1072,4.9230,0.9385,0.0231,0.0384,0.2193,0.8241,2.4740,0.4906,0.3622
11,3,228,230,3,3,5,0.2444,228.932,983.739,850.523,13.0651,10.0000,1.2500,1.5018,4.9230,0.7413,0.0974,0.1613,0.1211,0.8176,2.4531,0.4990,0.4205
17,6,228,232,5,3,3,0.3778,229.797,985.588,847.804,17.6233,13.0000,1.4932,0.6519,6.3781,0.6075,0.2018,0.1907,0.8864,0.4347,2.9538,0.4856,0.4932
16,10,228,231,4,4,3,0.3333,229.303,986.542,843.711,17.4586,13.0000,1.4648,0.6202,6.3998,0.3811,0.1822,0.4367,0.8510,0.2692,2.9487,0.5123,0.6901
16,5,228,231,4,5,3,0.2667,229.053,987.722,840.226,16.3660,11.0000,1.3233,1.0600,5.4153,0.4803,0.2386,0.2811,0.3422,0.0233,2.4682,0.4864,0.3684
16,5,228,230,3,3,5,0.3556,228.833,990.985,826.591,16.2550,12.0000,1.4545,0.6142,5.9076,0.6060,0.1485,0.2455,0.1429,0.6148,2.7210,0.9980,0.3788
3,3,228,229,2,2,1,0.7500,228.690,991.690,815.000,8.2513,11.0000,1.1379,0.4389,5.4153,0.5333,0.2667,0.2000,0.7071,0.0000,2.9764,0.4923,1.0000
24,8,228,233,6,4,4,0.2500,229.269,993.690,821.782,19.7785,11.0000,1.3401,0.4647,5.4153,0.5106,0.2411,0.2483,0.9822,0.1873,2.9622,0.9712,0.4721
27,3,228,232,5,6,6,0.1500,230.335,990.851,700.377,20.2774,11.0000,1.3814,2.6054,5.4153,0.6879,0.1915,0.1207,0.4064,0.2060,2.0083,0.4989,0.3209
24,5,228,231,4,4,5,0.3000,229.751,995.274,747.898,19.7460,12.0000,1.4619,0.8061,5.9076,0.5042,0.3265,0.1693,0.4075,0.0956,2.9237,0.0200,0.4061
6,3,228,230,3,3,2,0.3333,229.127,996.982,1044.127,11.0491,14.0000,1.5273,0.1809,6.8921,0.5384,0.1347,0.3269,0.8322,0.1385,2.7034,0.4948,0.5818
12,4,228,230,3,4,4,0.2500,228.970,996.646,802.061,14.0707,11.0000,1.3333,1.9587,5.4153,0.8121,0.0779,0.1100,0.3422,0.9392,2.9638,1.2224,0.4848
28,3,228,232,5,5,7,0.1600,229.516,1010.231,833.316,20.8963,11.0000,1.3689,1.6086,5.4153,0.8286,0.0393,0.1321,0.2200,0.7652,2.9571,0.9779,0.3022
36,6,228,231,4,5,10,0.1800,229.508,1013.478,824.482,24.6542,13.0000,1.5548,1.6510,6.3998,0.9038,0.0474,0.0488,0.0014,0.5308,2.9471,0.9712,0.3688
6,3,228,230,3,2,2,0.5000,228.873,1024.582,760.873,11.0587,13.0000,1.4182,0.4553,6.3998,0.3810,0.3333,0.2857,0.9487,0.1690,3.2108,0.9862,0.5818
15,4,228,231,4,4,3,0.3125,229.115,1038.700,996.092,16.5179,14.0000,1.6154,0.3344,6.8921,0.3489,0.3872,0.2639,0.4922,0.0451,2.9404,0.9796,0.3538
7,3,228,230,3,3,2,0.3889,228.847,1043.136,710.712,10.9839,9.0000,1.0678,0.9053,4.4458,0.3994,0.3420,0.2586,0.7329,0.5294,3.4595,0.9821,0.4576
8,3,228,230,3,3,2,0.4444,228.484,1060.484,612.452,10.8103,9.0000,1.1613,0.8199,4.4458,0.6253,0.0632,0.3116,0.6739,0.2142,2.9647,0.5032,0.4355
5,3,228,230,3,3,1,0.5556,229.000,1066.023,438.000,9.4670,10.0000,1.1628,0.0233,4.9230,0.0000,0.8276,0.1724,1.0000,0.0000,4.9096,1.9742,0.6512
8,4,228,230,3,2,2,0.6667,229.187,1075.640,666.293,13.0457,14.0000,1.4933,0.5005,6.8921,0.6025,0.1071,0.2905,0.9114,0.4048,3.2024,0.4973,0.6000
5,3,228,230,3,2,1,0.8333,228.791,1080.419,692.000,9.4737,11.0000,1.2791,0.4680,5.4153,0.5854,0.2927,0.1220,0.9487,0.0000,3.4461,-0.4906,0.6744
5,3,228,229,2,2,2,0.6250,228.341,1081.614,607.614,9.7089,10.0000,1.1364,0.8013,4.9397,0.2938,0.4054,0.3007,0.0000,0.3029,3.9509,0.9896,0.6591
14,3,228,229,2,5,4,0.3500,228.496,1099.916,697.597,15.6839,11.0000,1.2941,0.6447,5.4337,0.7714,0.0575,0.1710,0.0702,0.7970,2.4799,0.5057,0.4958
18,6,228,230,3,4,5,0.3000,228.816,1102.625,758.362,17.6485,11.0000,1.3026,0.7628,5.4153,0.4512,0.3420,0.2068,0.3650,0.9039,2.9672,0.4772,0.3882
8,5,228,230,3,3,2,0.4444,229.420,1130.087,707.739,11.9925,11.0000,1.2754,0.6416,5.3968,0.5687,0.2748,0.1565,0.4532,0.1805,3.1915,0.0025,0.6957
3,3,229,231,3,1,1,1.0000,230.000,268.000,704.000,7.9313,10.0000,1.0714,0.0000,4.9062,0.8889,0.0000,0.1111,1.0000,0.0000,3.9400,0.7418,1.0000
26,3,229,231,3,4,9,0.2407,229.605,293.125,701.930,19.2697,10.0000,1.3000,2.1111,4.9062,0.8866,0.0437,0.0697,0.0409,0.9647,2.4581,0.9754,0.2300
8,3,229,231,3,2,4,0.3333,229.621,294.773,686.652,11.4632,10.0000,1.2121,0.5626,4.9062,0.4783,0.3528,0.1689,0.4189,0.2723,2.9437,0.4923,0.4242
41,7,229,231,3,6,9,0.2531,229.749,296.678,661.172,25.9206,11.0000,1.3343,2.5918,5.4153,0.8330,0.0570,0.1100,0.0165,0.9228,2.9504,0.9796,0.3580
24,5,229,232,4,3,6,0.3333,229.797,296.163,670.248,20.2440,12.0000,1.4257,0.8504,5.9076,0.5867,0.2020,0.2113,0.1448,0.0469,2.4681,0.9729,0.4406
22,5,229,232,4,3,5,0.3667,230.386,301.280,636.709,19.7438,14.0000,1.6296,1.0815,6.8687,0.6802,0.1996,0.1202,0.5776,0.3467,2.9404,0.5032,0.4286
30,4,229,232,4,2,9,0.4167,230.331,303.561,627.883,21.3844,10.0000,1.2552,3.1844,4.9062,0.8810,0.0699,0.0491,0.1074,0.0279,2.6909,0.5073,0.3598
17,4,229,232,4,3,6,0.2361,229.740,307.062,616.685,17.3885,11.0000,1.2808,1.8412,5.4153,0.8153,0.1345,0.0502,0.1973,0.1512,2.9504,0.9729,0.4658
28,9,229,232,4,5,8,0.1750,230.231,310.185,606.235,22.0498,12.0000,1.4118,1.4979,5.8875,0.8545,0.0786,0.0669,0.0924,0.1555,2.9471,1.4502,0.4580
62,6,229,233,5,6,10,0.2067,230.799,316.201,588.361,30.6351,13.0000,1.6349,1.0427,6.3781,0.8247,0.0967,0.0786,0.0039,0.4463,2.9271,0.9812,0.3083
7,3,229,231,3,2,2,0.5833,229.966,319.241,885.466,10.7567,10.0000,1.2069,0.5875,4.9062,0.4296,0.3471,0.2233,0.9305,0.2273,3.4461,0.9879,0.4828
9,3,229,232,4,2,3,0.3750,230.155,318.690,904.169,11.6053,9.0000,1.1408,1.6723,4.4307,0.6955,0.1789,0.1256,0.7419,0.1339,2.9203,0.7451,0.3803
5,3,229,231,3,2,2,0.4167,230.045,319.841,579.795,9.6527,12.0000,1.3636,0.2631,5.8875,0.4138,0.1655,0.4207,1.0000,0.0000,2.9237,1.9475,0.6818
10,4,229,231,3,2,3,0.5556,230.063,343.709,528.861,12.2541,10.0000,1.2658,0.3289,4.9062,0.3896,0.3144,0.2960,0.3994,0.1389,2.4623,1.4594,0.4684
113,16,229,233,5,7,17,0.1899,230.276,372.589,754.129,42.7446,13.0000,1.5847,0.5118,6.3781,0.8700,0.0947,0.0353,0.0021,0.9992,2.9370,0.9812,0.3873
139,14,229,233,5,8,23,0.1511,230.460,374.748,695.728,46.7426,14.0000,1.7298,8.2887,6.8687,0.9510,0.0305,0.0185,0.0144,0.9781,2.9204,0.9846,0.3476
152,35,229,233,5,7,26,0.1670,230.576,372.969,722.260,51.5527,14.0000,1.6394,2.5197,6.8454,0.9688,0.0122,0.0191,0.0015,0.9987,2.9537,1.4436,0.4669
22,4,229,231,3,5,5,0.2933,230.148,384.693,827.074,18.4006,11.0000,1.3750,0.9868,5.3968,0.2260,0.5132,0.2608,0.0429,0.9971,2.9337,1.2207,0.2784
42,18,229,231,3,7,10,0.2000,230.086,389.683,841.650,27.2458,13.0000,1.5167,0.7281,6.3781,0.8759,0.0693,0.0548,0.0216,0.9241,2.9471,1.4568,0.5361
30,8,229,231,3,5,9,0.2222,229.746,393.254,851.578,21.8753,10.0000,1.2295,0.6805,4.9062,0.8444,0.0865,0.0692,0.0339,0.9994,2.9605,0.9779,0.3525
35,7,229,231,3,6,7,0.2778,229.534,395.616,790.448,23.3405,11.0000,1.3701,2.9816,5.4153,0.6098,0.2262,0.1639,0.0381,0.9979,2.4631,0.5090,0.2776
27,6,229,232,4,5,7,0.1929,230.380,398.995,872.079,20.3685,10.0000,1.2500,3.1095,4.9062,0.8739,0.0230,0.1032,0.0414,0.9976,2.9337,0.9846,0.3889
8,3,229,231,3,2,3,0.4444,229.766,402.500,833.094,11.1104,9.0000,1.1250,0.9192,4.4307,0.4281,0.3090,0.2629,0.6346,0.1550,2.4514,0.7334,0.4219
23,3,229,231,3,4,9,0.2130,229.841,403.495,875.456,18.6291,10.0000,1.2637,2.5104,4.9062,0.9403,0.0220,0.0377,0.0654,0.7122,2.9504,0.9812,0.2527
9,3,229,230,2,4,3,0.3750,229.808,406.329,884.082,11.9463,9.0000,1.1096,1.3450,4.4156,0.6683,0.2131,0.1186,0.2122,0.9265,2.9370,0.9829,0.4932
72,9,229,234,6,6,12,0.1667,231.178,407.638,585.271,35.3023,15.0000,1.7618,1.8714,7.3343,0.8639,0.0699,0.0662,0.0154,0.5854,2.9304,0.5056,0.4551
8,3,229,231,3,2,3,0.4444,230.000,412.774,857.661,10.7546,9.0000,1.1613,0.6988,4.4156,0.1440,0.6018,0.2543,0.6132,0.2716,1.9916,0.9879,0.4355
8,4,229,231,3,2,3,0.4444,230.014,413.900,894.414,12.1417,11.0000,1.2571,0.4264,5.3968,0.0000,0.6964,0.3036,1.0000,0.0000,3.1999,0.4965,0.5857
88,18,229,233,5,7,15,0.1676,230.425,422.817,598.922,37.3410,12.0000,1.4769,3.6720,5.8875,0.8998,0.0525,0.0477,0.0861,0.8410,2.9204,0.5172,0.4308
26,6,229,230,2,5,7,0.3714,229.438,423.861,874.538,20.0519,10.0000,1.2500,1.9857,4.9230,0.6426,0.2582,0.0992,0.0307,0.9995,2.9538,1.4585,0.4038
12,5,229,230,2,4,3,0.5000,229.627,428.588,921.961,14.4647,11.0000,1.2941,0.6974,5.3968,0.7876,0.0655,0.1469,0.0850,0.5480,2.9605,0.7284,0.4804
22,3,229,232,4,5,5,0.2200,230.023,430.149,583.189,18.3038,11.0000,1.3829,1.5751,5.4153,0.2606,0.4285,0.3109,0.5139,0.8512,1.9941,0.5123,0.3314
33,8,229,233,5,6,6,0.1833,230.211,433.053,577.876,22.7020,12.0000,1.4887,2.1050,5.8675,0.3831,0.4412,0.1758,0.3786,0.8348,1.9916,0.9680,0.3722
17,3,229,232,4,4,5,0.2125,230.285,434.956,573.701,16.2864,10.0000,1.2409,1.3003,4.8895,0.4345,0.3850,0.1806,0.0976,0.5683,2.4581,0.7409,0.4015
36,9,229,233,5,6,5,0.2400,230.125,438.128,568.370,24.2756,14.0000,1.6970,0.6545,6.8687,0.2554,0.4512,0.2934,0.2155,0.8229,2.4682,0.7467,0.4175
7,5,229,231,3,2,2,0.5833,230.031,440.785,607.492,12.0522,13.0000,1.4000,0.5523,6.3781,0.4296,0.3471,0.2233,0.9305,0.2273,2.4598,0.5022,0.7846
27,17,229,232,4,4,5,0.3375,230.449,441.709,562.886,23.9463,13.0000,1.3819,1.3946,6.3781,0.5299,0.3539,0.1162,0.0270,0.0547,2.9737,0.5064,0.7087
5,3,229,230,2,2,2,0.6250,229.439,441.171,914.561,9.0131,9.0000,1.0976,0.7325,4.4307,0.3432,0.2505,0.4063,0.6059,0.3645,2.9437,0.4923,0.6585
26,6,229,233,5,4,5,0.2600,230.633,460.748,534.971,20.1627,11.0000,1.3619,1.1868,5.3968,0.6654,0.1006,0.2341,0.8066,0.3043,2.9287,0.0200,0.3190
5,3,229,230,2,1,4,0.6250,229.780,464.000,970.390,9.0027,9.0000,1.0976,0.8726,4.4307,0.7911,0.1351,0.0737,0.0898,0.0000,2.9462,0.9729,0.6585
12,7,229,232,4,2,3,0.5000,230.487,469.681,979.735,15.9778,15.0000,1.5929,0.6394,7.3593,0.3179,0.3172,0.3649,0.7654,0.0913,3.4102,0.9762,0.6814
44,10,229,231,3,6,10,0.2444,229.674,490.545,716.576,26.3605,12.0000,1.4831,0.9651,5.9076,0.8666,0.0675,0.0659,0.0149,0.9662,2.9337,0.5031,0.3511
12,5,229,231,3,3,3,0.4444,229.765,494.561,631.143,13.8909,10.0000,1.2245,0.5177,4.9062,0.2118,0.4469,0.3413,0.8100,0.5831,2.4648,0.5015,0.4694
8,4,229,230,2,2,3,0.6667,229.462,496.508,813.985,11.2957,9.0000,1.1077,1.2001,4.4307,0.5482,0.2094,0.2424,0.0000,0.0000,3.1941,0.0100,0.5538
33,10,229,232,4,3,6,0.4583,230.041,498.060,674.925,22.8004,13.0000,1.6067,0.1044,6.3781,0.5816,0.2492,0.1692,0.0078,0.4141,2.4581,0.9779,0.3783
9,3,229,232,4,2,2,0.5625,230.151,499.233,622.315,11.9324,10.0000,1.2329,0.8429,4.9062,0.6745,0.1583,0.1672,0.9871,0.1490,2.4398,0.4906,0.3836
28,6,229,231,3,5,8,0.2333,230.000,501.961,664.319,21.2327,11.0000,1.3450,1.6791,5.3968,0.8912,0.0082,0.1006,0.0249,0.9703,2.9404,0.9696,0.4148
23,9,229,232,4,4,5,0.2875,230.368,505.605,652.263,19.4130,12.0000,1.4526,1.0223,5.8875,0.6348,0.1904,0.1748,0.0758,0.4586,2.6943,0.5098,0.4684
10,3,229,231,3,4,2,0.4167,229.951,508.159,607.366,12.7243,11.0000,1.3415,0.4017,5.3968,0.5165,0.2462,0.2372,0.2629,0.2480,2.4514,0.4973,0.3659
37,5,229,232,4,5,8,0.2313,230.372,509.341,643.571,23.8447,13.0000,1.6250,0.9477,6.3781,0.6584,0.2352,0.1064,0.0793,0.6716,2.4414,0.5023,0.3311
20,3,229,232,4,3,8,0.2083,230.374,509.910,736.742,16.9829,10.0000,1.2903,1.3156,4.9062,0.8534,0.1007,0.0459,0.0531,0.0237,2.4498,0.9712,0.2968
7,3,229,231,3,2,3,0.3889,229.965,517.719,792.877,10.5712,11.0000,1.3509,0.3084,5.3968,0.3086,0.2321,0.4593,0.0000,0.0000,2.9404,0.5023,0.5088
13,5,229,231,3,4,3,0.3611,230.000,527.425,910.632,14.4239,10.0000,1.2264,0.8548,4.9062,0.5428,0.1851,0.2721,0.6528,0.6319,2.9237,0.4890,0.5283
9,5,229,231,3,2,2,0.7500,229.835,533.570,599.430,12.9270,11.0000,1.2532,1.0336,5.4153,0.5117,0.1619,0.3264,0.9082,0.4082,3.4360,0.9812,0.6203
14,3,229,232,4,3,3,0.3889,230.186,545.699,930.681,14.8077,12.0000,1.4867,0.4760,5.8875,0.3602,0.3303,0.3094,0.7099,0.2271,2.4498,0.4823,0.2743
17,3,229,233,5,4,4,0.2125,230.692,558.785,459.500,15.4328,10.0000,1.3077,0.8807,4.9062,0.5918,0.2219,0.1863,0.4240,0.4308,2.4564,0.7267,0.2154
4,3,229,231,3,1,2,0.6667,230.206,589.000,1012.206,8.3348,9.0000,1.0588,1.2233,4.4307,0.7500,0.1500,0.1000,0.9487,0.0000,2.9512,0.4890,0.7941
7,3,229,230,2,2,2,0.8750,229.562,601.359,525.578,11.8857,12.0000,1.3125,0.7896,5.9076,0.0000,0.3318,0.6682,0.5977,0.5774,2.4765,0.7401,0.5156
3,3,229,230,2,1,2,0.7500,229.690,633.000,942.379,8.2233,11.0000,1.1379,0.6940,5.3968,0.5333,0.2667,0.2000,0.7071,0.0000,2.9638,0.4906,1.0000
8,5,229,230,2,3,3,0.4444,229.616,669.000,410.000,12.6792,13.0000,1.4247,1.0710,6.3781,0.5651,0.0457,0.3892,0.1063,0.4672,3.4410,0.9796,0.7123
9,3,229,230,2,3,3,0.5000,229.500,672.878,953.865,12.1227,11.0000,1.3378,0.5320,5.3968,0.4647,0.1127,0.4226,0.1908,0.8276,3.4452,1.2282,0.4054
8,3,229,232,4,2,2,0.5000,230.507,681.209,325.627,11.6019,10.0000,1.1940,0.8332,4.9062,0.6108,0.0874,0.3018,0.9929,0.0516,3.4160,0.4923,0.4478
7,3,229,232,4,2,2,0.4375,230.421,682.404,1013.877,10.5549,10.0000,1.2281,0.5960,4.9062,0.7406,0.0824,0.1770,0.9316,0.0988,2.9605,0.9846,0.4912
10,4,229,232,4,2,3,0.4167,230.682,682.824,415.694,13.1571,11.0000,1.2941,0.7835,5.3785,0.7165,0.1280,0.1556,0.9424,0.1516,3.1774,0.7318,0.5647
8,3,229,231,3,2,3,0.4444,230.266,689.297,409.312,11.0915,10.0000,1.2500,1.0186,4.9062,0.4507,0.3672,0.1820,0.3999,0.3471,2.7043,0.9879,0.4375
17,4,229,232,4,3,5,0.2833,230.606,703.146,329.942,16.2686,10.0000,1.2409,1.2976,4.9062,0.2743,0.4122,0.3135,0.3265,0.6691,2.9437,0.9729,0.2920
9,3,229,232,4,2,3,0.3750,230.054,702.689,451.243,12.0999,10.0000,1.2162,1.3343,4.9230,0.5707,0.2827,0.1465,0.9456,0.3245,2.9538,0.9662,0.5000
9,4,229,232,4,3,3,0.2500,230.468,709.948,995.169,12.5727,11.0000,1.2857,0.5610,5.3785,0.6247,0.2498,0.1255,0.5632,0.0200,2.4839,0.5023,0.5195
4,3,229,231,3,1,2,0.6667,229.941,722.000,1032.529,8.3423,9.0000,1.0588,1.0523,4.4307,0.7576,0.1294,0.1129,0.8507,0.0000,2.9537,0.5048,0.7941
13,3,229,233,5,3,4,0.2167,230.712,729.327,333.837,14.1175,10.0000,1.2500,0.7999,4.9062,0.6823,0.2156,0.1021,0.5499,0.3331,2.9469,0.9829,0.2788
15,5,229,231,3,4,3,0.4167,229.851,733.008,429.868,15.3359,10.0000,1.2397,1.3136,4.9230,0.3396,0.3051,0.3553,0.0867,0.3763,3.1849,0.9779,0.3967
4,3,229,231,3,2,1,0.6667,229.947,746.553,530.000,9.3235,11.0000,1.1579,0.4505,5.3968,0.7576,0.1294,0.1129,0.8507,0.0000,3.6813,0.9746,0.7895
13,7,229,232,4,2,4,0.4062,230.365,753.852,334.635,15.6292,11.0000,1.2435,0.7471,5.3968,0.4481,0.4269,0.1250,0.2824,0.0582,3.4010,0.9779,0.6087
4,3,229,230,2,1,2,1.0000,229.444,755.000,965.528,8.8479,10.0000,1.1111,0.6900,4.9230,0.0000,0.7500,0.2500,0.0000,0.0000,3.1974,0.2528,0.8056
18,3,229,231,3,6,3,0.3333,229.694,759.068,414.224,17.0170,11.0000,1.3469,0.7325,5.4153,0.7989,0.0991,0.1020,0.0353,0.1199,2.9437,0.9879,0.3401
8,6,229,232,4,2,2,0.5000,230.286,782.571,336.805,13.3436,14.0000,1.4545,0.8555,6.8454,0.7156,0.1474,0.1370,0.9597,0.0098,2.9662,0.4956,0.8052
14,4,229,232,4,3,3,0.3889,230.407,783.458,419.814,15.4513,14.0000,1.6610,0.7031,6.8687,0.5679,0.2222,0.2099,0.8872,0.4477,2.9304,0.9713,0.3644
9,3,229,231,3,3,3,0.3333,230.028,789.620,936.042,11.6103,9.0000,1.1408,0.6218,4.4156,0.6857,0.0000,0.3143,0.5774,0.2752,2.9370,0.4873,0.3803
5,3,229,231,3,2,2,0.4167,230.452,795.786,916.167,9.2012,10.0000,1.1905,0.6112,4.8895,0.6338,0.1686,0.1975,0.9585,0.2851,2.9237,0.2478,0.6667
6,3,229,230,2,2,3,0.5000,229.373,799.863,997.961,10.2369,10.0000,1.1765,0.6435,4.9062,0.7074,0.0897,0.2030,0.3047,0.0847,2.7001,0.5023,0.5490
11,6,229,231,3,4,3,0.3056,230.020,803.735,428.827,14.4960,12.0000,1.3469,0.7552,5.8875,0.6152,0.1395,0.2453,0.0136,0.6062,2.9587,0.9796,0.6939
4,3,229,230,2,2,2,0.5000,229.257,813.200,536.257,8.6076,10.0000,1.1429,0.4150,4.9230,0.0000,0.5625,0.4375,0.4459,0.5774,2.9488,0.0000,0.8000
9,4,229,232,4,2,3,0.3750,230.293,814.307,930.000,12.2534,11.0000,1.3200,0.7703,5.3785,0.5247,0.3245,0.1508,0.8739,0.0327,2.4606,0.2487,0.5067
14,6,229,233,5,3,3,0.3111,230.822,813.847,1013.712,15.4295,12.0000,1.4237,0.7495,5.8675,0.6212,0.1953,0.1835,0.8169,0.2560,2.9404,0.9712,0.5085
10,5,229,231,3,2,3,0.5556,229.920,817.193,454.750,13.6568,11.0000,1.2500,0.7786,5.3968,0.4458,0.3558,0.1984,0.8098,0.2908,3.1857,0.7434,0.6477
8,3,229,231,3,3,2,0.4444,229.687,829.060,457.896,11.6344,12.0000,1.4328,0.6970,5.9076,0.0943,0.7100,0.1956,0.9760,0.1573,2.2137,0.0000,0.4627
3,3,229,230,2,2,1,0.7500,229.643,827.679,1013.000,7.9410,10.0000,1.0714,0.7187,4.9230,0.5333,0.2667,0.2000,0.7071,0.0000,2.9537,0.5023,1.0000
7,3,229,232,4,2,2,0.4375,229.946,829.714,484.268,10.3865,9.0000,1.1250,1.0243,4.4307,0.7961,0.0527,0.1512,0.9518,0.2173,2.9654,0.0200,0.4821
5,3,229,231,3,2,2,0.4167,229.870,829.848,1006.435,10.0975,11.0000,1.1957,0.4788,5.3968,0.7729,0.0435,0.1836,0.8328,0.5477,2.9287,0.0000,0.6739
9,5,229,231,3,3,3,0.3333,229.987,830.221,497.221,12.5932,11.0000,1.2857,0.3125,5.3968,0.7719,0.0588,0.1693,0.7071,0.0000,3.4193,0.7459,0.6234
7,3,229,231,3,3,2,0.3889,229.655,833.621,550.724,10.7681,11.0000,1.3276,0.5821,5.3968,0.5007,0.2532,0.2461,0.6828,0.3177,2.4864,0.7385,0.5000
8,3,229,232,4,2,3,0.3333,230.172,844.516,909.109,11.0951,10.0000,1.2500,0.5544,4.9062,0.5686,0.2888,0.1426,0.9168,0.3992,2.6943,0.9713,0.4375
14,3,229,232,4,3,5,0.2333,230.730,849.946,660.405,14.5187,11.0000,1.3874,0.4902,5.3785,0.6637,0.1845,0.1518,0.3856,0.7414,2.9546,0.5040,0.3514
27,5,229,232,4,4,7,0.2411,230.460,849.587,880.468,22.1542,12.0000,1.3787,2.5442,5.8875,0.8389,0.0690,0.0921,0.1693,0.7662,2.9571,0.9712,0.5489
4,3,229,230,2,2,2,0.5000,229.800,849.457,513.743,8.5918,10.0000,1.1429,0.5613,4.9062,0.5916,0.1015,0.3069,0.5000,0.5000,2.9437,0.4973,0.8000
12,4,229,231,3,3,4,0.3333,230.457,857.848,871.743,14.8481,11.0000,1.2571,1.8082,5.3968,0.7383,0.0463,0.2154,0.2374,0.3907,2.9412,0.4840,0.6381
7,3,229,230,2,4,3,0.2917,229.475,859.787,895.000,11.3319,12.0000,1.3770,0.5662,5.8875,0.8047,0.0854,0.1099,0.3708,0.9269,2.9504,0.7435,0.4918
15,5,229,231,3,6,4,0.2083,230.294,863.395,865.950,15.0596,9.0000,1.1345,1.4265,4.4156,0.6546,0.2462,0.0992,0.1582,0.8374,2.9287,0.4914,0.4538
5,3,229,230,2,1,3,0.8333,229.435,862.000,992.717,10.1125,11.0000,1.1957,0.8389,5.4153,0.5854,0.2927,0.1220,0.3162,0.0000,3.4419,0.4940,0.6739
9,3,229,231,3,2,3,0.5000,230.289,863.237,660.882,12.4169,11.0000,1.3026,0.3923,5.3968,0.4268,0.2324,0.3408,0.5860,0.1241,2.9404,0.9712,0.3947
11,4,229,231,3,5,3,0.2444,229.837,871.652,369.924,13.6170,11.0000,1.3152,0.3916,5.3968,0.6865,0.1846,0.1289,0.5159,0.5361,3.4160,0.4923,0.6196
21,4,229,231,3,7,4,0.2500,230.040,869.370,662.717,18.5193,12.0000,1.4566,0.6920,5.8875,0.8105,0.0865,0.1030,0.0814,0.8938,2.9370,0.7426,0.3006
11,3,229,232,4,2,4,0.3438,230.341,870.352,988.409,13.0027,10.0000,1.2500,0.7678,4.9062,0.7710,0.1533,0.0757,0.7232,0.2963,2.4596,0.4940,0.4205
16,4,229,231,3,5,3,0.3556,229.978,871.257,946.184,16.6825,14.0000,1.6471,1.2416,6.8921,0.6149,0.2322,0.1528,0.1405,0.5364,2.9404,0.9812,0.4559
38,5,229,231,3,6,10,0.2111,229.687,874.101,670.754,23.6633,11.0000,1.4074,2.4392,5.3968,0.8863,0.0761,0.0376,0.0093,0.9981,2.4648,0.9913,0.2323
8,4,229,231,3,3,3,0.2963,230.269,872.403,680.896,11.6113,10.0000,1.1940,0.6630,4.9062,0.6319,0.0452,0.3229,0.5728,0.0727,2.7009,0.9688,0.5522
8,4,229,231,3,3,2,0.4444,230.046,875.985,690.646,11.2732,9.0000,1.1077,1.0473,4.4156,0.3970,0.4247,0.1783,0.7071,0.4888,2.6942,0.9829,0.5538
4,3,229,230,2,2,1,1.0000,229.472,879.500,371.000,8.8471,10.0000,1.1111,0.6877,4.9230,0.0000,0.7500,0.2500,1.0000,0.0000,2.9513,0.4990,0.7778
9,3,229,232,4,3,2,0.3750,230.243,879.973,484.811,12.0921,12.0000,1.4595,0.3093,5.8875,0.5743,0.2257,0.2000,0.9046,0.2716,2.4631,0.2486,0.4054
11,4,229,232,4,4,3,0.2292,230.244,879.511,688.389,13.3025,11.0000,1.3444,0.8333,5.3968,0.3551,0.3771,0.2678,0.6843,0.7278,2.4606,0.9679,0.4222
10,3,229,231,3,4,3,0.2778,230.363,881.575,706.100,12.3966,9.0000,1.1250,1.4822,4.4307,0.7228,0.1065,0.1707,0.4079,0.4582,2.4347,0.4856,0.3375
41,8,229,232,4,5,9,0.2278,230.335,882.072,756.608,25.5628,12.0000,1.4731,1.8865,5.8875,0.8694,0.0659,0.0647,0.0852,0.4495,2.4448,0.4898,0.4042
16,7,229,232,4,3,4,0.3333,230.604,881.560,840.448,16.4021,11.0000,1.3134,0.9376,5.3968,0.4721,0.2370,0.2909,0.2095,0.4917,2.4538,0.4890,0.5597
48,6,229,231,3,8,9,0.2222,230.055,884.841,710.219,28.1084,12.0000,1.4509,3.0923,5.8875,0.6863,0.2275,0.0862,0.0573,0.9983,2.6909,0.9779,0.4559
31,5,229,231,3,7,7,0.2109,229.996,884.964,718.008,22.1181,12.0000,1.4821,1.7553,5.9076,0.7601,0.1480,0.0919,0.0947,0.9917,2.4448,0.4856,0.2908
33,7,229,231,3,8,7,0.1964,230.305,886.447,763.443,22.3533,10.0000,1.2595,1.5408,4.9062,0.4837,0.4306,0.0857,0.1713,0.9672,2.4615,0.7334,0.3931
85,10,229,233,5,6,16,0.1771,230.734,883.859,778.813,36.9456,12.0000,1.4655,1.6388,5.8875,0.9412,0.0192,0.0396,0.0064,0.9688,2.9404,0.9779,0.4138
6,6,229,231,3,2,2,0.5000,229.677,882.538,932.815,13.0336,12.0000,1.1077,1.1559,5.9076,0.6373,0.1269,0.2358,0.8795,0.0724,3.9250,0.2478,1.0000
34,7,229,232,4,7,5,0.2429,230.791,884.949,768.794,23.2445,10.0000,1.2274,2.1154,4.8895,0.7267,0.0971,0.1761,0.0365,0.5027,2.9237,0.5098,0.4152
28,5,229,232,4,5,6,0.2333,230.239,885.113,833.086,20.5670,11.0000,1.3874,1.1412,5.3968,0.3619,0.5265,0.1116,0.1936,0.8090,1.9842,0.4973,0.3829
24,5,229,232,4,6,5,0.2000,230.587,883.995,737.529,18.8902,10.0000,1.2698,1.2559,4.9062,0.5504,0.0893,0.3603,0.3515,0.8339,2.2103,0.4889,0.3016
8,4,229,232,4,2,2,0.5000,230.471,887.250,487.779,11.7766,10.0000,1.1765,0.5767,4.9062,0.8472,0.0087,0.1441,0.9530,0.0000,3.1849,0.4956,0.5588
35,5,229,232,4,8,7,0.1562,230.455,886.466,727.663,23.1018,10.0000,1.2545,0.7784,4.9062,0.8136,0.1009,0.0855,0.0075,0.9927,2.9304,1.4519,0.2724
10,5,229,232,4,2,4,0.3125,230.165,889.318,731.588,13.1803,11.0000,1.2941,0.8138,5.3968,0.3077,0.5002,0.1920,0.8342,0.3226,3.1957,0.9829,0.5529
8,3,229,231,3,2,3,0.4444,229.958,889.225,817.521,12.3176,12.0000,1.3521,0.5309,5.8875,0.4054,0.3243,0.2703,0.6667,0.2357,1.9823,0.4990,0.4789
8,4,229,231,3,3,3,0.2963,229.485,892.076,855.742,11.4686,10.0000,1.2121,0.5809,4.9062,0.4218,0.2371,0.3411,0.7538,0.6301,3.1899,1.4668,0.5606
15,4,229,232,4,4,4,0.2344,230.301,892.624,816.053,16.8310,12.0000,1.3534,1.1575,5.8875,0.3957,0.3400,0.2644,0.1056,0.6267,2.9237,0.9729,0.5940
33,16,229,232,4,5,6,0.2750,229.923,894.862,809.165,25.3725,14.0000,1.5556,2.0421,6.8687,0.7740,0.0825,0.1435,0.0982,0.0641,2.4715,0.5023,0.6061
4,3,229,230,2,2,2,0.5000,229.711,894.816,974.421,9.3310,11.0000,1.1579,0.8462,5.4153,0.5916,0.1015,0.3069,0.5000,0.5000,3.4344,-0.2461,0.8158
31,3,229,232,4,6,8,0.1615,230.036,899.776,886.448,22.0270,10.0000,1.2400,3.4659,4.9230,0.5670,0.2705,0.1626,0.2868,0.9571,2.4631,0.4931,0.3400
14,3,229,232,4,4,5,0.1750,230.277,901.205,919.286,14.6721,10.0000,1.2500,0.7931,4.9062,0.7936,0.0511,0.1554,0.2957,0.8403,2.9304,0.5073,0.3304
22,7,229,232,4,6,5,0.1833,230.237,909.624,513.070,19.4402,12.0000,1.4194,1.1446,5.8875,0.5190,0.2575,0.2235,0.5203,0.8223,2.9337,0.9779,0.4516
9,3,229,231,3,3,2,0.5000,230.151,908.219,959.205,11.9324,9.0000,1.1096,0.3361,4.4156,0.4069,0.3901,0.2029,0.5749,0.2078,2.9421,0.4981,0.3699
11,3,229,231,3,3,3,0.4074,229.990,911.552,935.208,14.2016,12.0000,1.3750,1.3441,5.9076,0.5678,0.1416,0.2906,0.4537,0.8650,2.4715,0.4956,0.5208
4,3,229,230,2,2,2,0.5000,229.265,915.794,392.735,8.3615,9.0000,1.0588,0.8082,4.4307,0.0000,0.5625,0.4375,0.4459,0.5774,3.4385,0.2428,0.7941
21,7,229,233,5,4,4,0.2625,230.480,916.047,540.433,18.2780,11.0000,1.3509,1.8124,5.4153,0.6988,0.1357,0.1655,0.6768,0.1029,2.9237,0.4889,0.3977
12,4,229,232,4,3,2,0.5000,229.782,922.089,585.624,14.3154,11.0000,1.3069,1.3530,5.4153,0.5892,0.2027,0.2082,0.7476,0.0000,2.9370,0.4773,0.4950
15,4,229,232,4,4,4,0.2344,230.131,931.554,534.385,16.4609,11.0000,1.2692,1.8715,5.4153,0.7774,0.0843,0.1383,0.6025,0.7685,2.4581,0.4989,0.5385
7,4,229,230,2,2,2,0.8750,229.377,935.607,929.426,11.3357,11.0000,1.2623,0.6918,5.4153,0.0000,0.3318,0.6682,0.0000,0.5774,3.4277,0.4940,0.6557
13,3,229,232,4,3,4,0.2708,230.278,938.731,536.361,14.6822,12.0000,1.4444,1.2103,5.8675,0.3400,0.4217,0.2382,0.7175,0.3648,2.4581,0.4848,0.2963
8,3,229,232,4,2,2,0.5000,230.377,942.406,580.667,11.9535,12.0000,1.3913,0.7786,5.8875,0.6556,0.1306,0.2138,0.9180,0.3925,2.4481,0.7193,0.4348
4,3,229,231,3,1,2,0.6667,230.083,943.000,409.472,8.8287,10.0000,1.1111,0.5343,4.9062,0.7576,0.1294,0.1129,0.8507,0.0000,3.1932,0.4873,0.8056
8,3,229,231,3,3,2,0.4444,229.881,943.358,546.657,11.6267,10.0000,1.1940,0.5103,4.9062,0.2980,0.4245,0.2776,0.5027,0.5260,2.4531,0.4973,0.4328
24,4,229,232,4,10,4,0.1500,230.081,948.569,915.746,20.9252,13.0000,1.4928,3.5118,6.3781,0.8760,0.0485,0.0755,0.0887,0.6146,3.4193,0.9712,0.5789
12,4,229,231,3,4,3,0.3333,229.979,954.305,525.084,13.4559,10.0000,1.2632,0.3174,4.9062,0.0142,0.5340,0.4517,0.7071,0.6887,2.4632,0.5073,0.4000
13,4,229,232,4,4,2,0.4062,230.324,953.800,554.724,14.2721,10.0000,1.2381,0.4702,4.9062,0.3627,0.4100,0.2273,0.6376,0.1824,2.9538,0.4848,0.4381
14,4,229,232,4,4,3,0.2917,230.305,957.873,900.305,15.4567,11.0000,1.3051,1.3463,5.4153,0.3626,0.5085,0.1289,0.8845,0.4636,2.4505,0.5107,0.4407
21,5,229,231,3,6,6,0.1944,229.988,958.918,933.187,18.3085,11.0000,1.3509,1.6062,5.3968,0.8918,0.0302,0.0780,0.0151,0.6074,2.9471,0.5048,0.4854
6,3,229,231,3,2,3,0.3333,229.600,960.860,897.100,10.0285,11.0000,1.3200,0.6242,5.4153,0.7397,0.1062,0.1541,0.7434,0.5417,1.9783,0.4890,0.5800
12,7,229,231,3,3,2,0.6667,229.800,964.291,609.718,15.5900,13.0000,1.4182,0.8967,6.3998,0.2918,0.4163,0.2918,0.7620,0.1622,2.9362,0.5006,0.6636
19,4,229,231,3,4,4,0.3958,230.000,965.629,892.424,16.9961,11.0000,1.3841,1.7280,5.3968,0.3719,0.3347,0.2934,0.1444,0.8877,2.4448,0.4931,0.2649
13,4,229,231,3,5,3,0.2889,229.598,968.336,618.075,14.5799,10.0000,1.2150,1.7694,4.9230,0.6965,0.1299,0.1736,0.0419,0.1110,2.9538,0.4923,0.3645
17,7,229,232,4,3,4,0.3542,230.014,974.221,871.345,17.2533,12.0000,1.4069,1.3244,5.9076,0.3013,0.4623,0.2365,0.8721,0.2524,2.9237,0.9612,0.5034
4,3,229,231,3,1,2,0.6667,229.978,976.000,599.822,11.0399,16.0000,1.4222,0.1792,7.8500,0.5357,0.3214,0.1429,1.0000,0.0000,3.6830,0.0150,0.8222
10,6,229,232,4,2,3,0.4167,230.730,976.742,638.629,13.7740,12.0000,1.3483,0.5263,5.8675,0.4371,0.3306,0.2323,0.9530,0.2583,3.4144,0.9746,0.6629
35,4,229,232,4,7,6,0.2083,230.165,983.330,606.648,22.6274,10.0000,1.2821,3.5310,4.9062,0.7270,0.1183,0.1547,0.0157,0.9556,2.4596,0.4989,0.2381
12,4,229,231,3,2,4,0.5000,229.563,982.495,657.650,14.6097,11.0000,1.2816,1.5470,5.4153,0.6396,0.1336,0.2268,0.2292,0.0021,3.4310,0.9796,0.6505
8,3,229,231,3,3,2,0.4444,229.861,983.736,439.208,12.4951,14.0000,1.5556,0.3638,6.8687,0.3086,0.2813,0.4101,0.5226,0.2795,2.9521,0.9762,0.4722
6,3,229,231,3,3,1,0.6667,229.788,983.192,562.000,10.4229,11.0000,1.2692,0.2859,5.3968,0.4000,0.4800,0.1200,0.7071,0.0000,2.7043,0.0033,0.5769
10,3,229,231,3,2,4,0.4167,230.222,983.358,896.123,12.5575,11.0000,1.3580,1.1999,5.3968,0.7275,0.1205,0.1520,0.1428,0.1150,2.2170,0.7301,0.3704
6,3,229,231,3,1,3,0.6667,229.694,984.000,667.388,9.8248,9.0000,1.1020,0.9254,4.4307,0.6061,0.3030,0.0909,0.7071,0.0000,2.6926,0.9946,0.5510
21,8,229,232,4,4,3,0.4375,230.746,987.525,615.713,19.3293,11.0000,1.2762,2.1304,5.3968,0.4792,0.2660,0.2548,0.5045,0.0018,2.4779,0.4931,0.5138
20,3,229,232,4,6,4,0.2083,230.464,989.375,578.173,18.4016,13.0000,1.5476,2.6713,6.3781,0.7385,0.0848,0.1767,0.1394,0.9127,2.4498,0.7259,0.4345
20,3,229,232,4,4,5,0.2500,230.476,994.280,630.982,18.4009,13.0000,1.5476,0.5526,6.3781,0.6117,0.1652,0.2231,0.4859,0.7693,2.4681,0.4873,0.4167
15,7,229,232,4,4,2,0.4688,230.703,994.507,875.594,17.4399,13.0000,1.4130,0.7143,6.3564,0.3088,0.4268,0.2643,0.8970,0.1476,3.4193,0.5080,0.6014
9,4,229,230,2,3,4,0.3750,229.333,1000.213,860.560,12.2935,11.0000,1.3200,0.6857,5.4153,0.5048,0.2872,0.2080,0.3925,0.9124,2.4606,0.9829,0.5200
8,3,229,231,3,2,3,0.4444,230.229,1000.800,650.343,12.1329,13.0000,1.4857,0.4580,6.3781,0.4702,0.2602,0.2696,0.5828,0.0167,2.4448,0.4823,0.4714
26,7,229,231,3,4,6,0.3611,229.927,1002.665,856.628,20.9810,11.0000,1.3119,0.7159,5.3968,0.7160,0.0364,0.2477,0.1144,0.9469,2.4814,0.4890,0.4771
22,5,229,232,4,7,5,0.1571,229.978,1008.306,840.858,19.1435,11.0000,1.3224,1.8435,5.4153,0.7172,0.1018,0.1810,0.4908,0.8386,2.9404,0.9829,0.4863
20,5,229,233,5,4,4,0.2500,230.529,1009.700,689.447,18.6167,12.0000,1.4118,0.7856,5.8675,0.6969,0.1890,0.1141,0.6909,0.5178,2.4431,0.9613,0.4412
17,6,229,231,3,5,3,0.3778,230.370,1009.089,891.356,17.3512,11.0000,1.2808,2.2171,5.3968,0.5098,0.2224,0.2678,0.2489,0.9597,2.4730,0.4973,0.5274
10,3,229,231,3,2,4,0.4167,229.412,1016.625,814.425,12.4368,10.0000,1.2500,0.8163,4.9062,0.5702,0.1372,0.2926,0.3766,0.1759,2.9371,0.4839,0.3500
6,4,229,230,2,4,2,0.3750,229.824,1017.471,800.176,10.2212,9.0000,1.0588,0.9648,4.4307,0.7722,0.0368,0.1910,0.1072,0.7071,2.9512,0.4923,0.7059
12,3,229,229,1,5,4,0.6000,229.000,1022.641,776.058,14.6377,12.0000,1.3981,2.4666,5.9076,0.6987,0.2628,0.0385,0.0000,1.0000,3.2066,0.4998,0.5728
8,6,229,232,4,2,2,0.5000,230.417,1024.764,853.361,12.4716,11.0000,1.2222,0.5998,5.3968,0.6066,0.1994,0.1941,0.9479,0.2003,3.4310,0.0100,0.8056
24,6,229,231,3,5,6,0.2667,230.123,1027.985,842.201,20.4217,13.0000,1.5294,1.0130,6.3781,0.6710,0.1584,0.1706,0.0150,0.9133,2.9504,0.9896,0.5343
24,7,229,232,4,4,5,0.3000,230.391,1031.827,832.906,20.2030,12.0000,1.4257,1.9534,5.8875,0.4019,0.2469,0.3512,0.0348,0.8664,2.9504,0.9713,0.4851
25,5,229,233,5,5,5,0.2000,230.502,1033.171,826.408,20.6690,12.0000,1.4218,1.6785,5.8875,0.4715,0.2980,0.2306,0.3899,0.7981,2.9504,0.9779,0.4692
5,5,229,231,3,2,1,0.8333,229.755,1034.434,818.000,11.6386,13.0000,1.2264,0.9434,6.3998,0.5854,0.2927,0.1220,0.9487,0.0000,3.9250,0.9812,1.0000
8,4,229,231,3,2,4,0.3333,230.279,1035.515,814.412,11.7842,10.0000,1.1765,0.9614,4.8895,0.4502,0.3090,0.2409,0.4696,0.5435,3.4269,0.4990,0.6765
4,3,229,230,2,1,2,1.0000,229.541,1040.000,798.432,9.0907,11.0000,1.1892,0.6310,5.3968,0.0000,0.7500,0.2500,0.0000,0.0000,3.6914,1.4568,0.8108
6,3,229,231,3,3,2,0.3333,229.900,1040.760,786.140,10.0182,10.0000,1.2000,0.7792,4.9062,0.4961,0.2890,0.2148,0.7188,0.3906,2.9454,0.4873,0.5800
20,3,229,231,3,4,8,0.2083,229.601,1043.982,756.313,17.9065,12.0000,1.4724,1.2916,5.8875,0.6901,0.2219,0.0880,0.2766,0.9170,3.4193,1.4635,0.3681
6,3,229,231,3,2,2,0.5000,229.980,1046.540,645.520,10.0155,9.0000,1.0800,1.1842,4.4307,0.6168,0.1058,0.2774,0.7071,0.7071,3.6763,0.9729,0.5400
9,3,229,232,4,3,3,0.2500,230.595,1053.892,931.838,12.0776,10.0000,1.2162,0.4498,4.8895,0.5521,0.2019,0.2460,0.8210,0.3746,2.4498,0.9746,0.3919
6,3,229,230,2,4,2,0.3750,229.865,1060.346,918.135,10.4202,12.0000,1.3846,1.3595,5.8875,0.7722,0.0368,0.1910,0.1072,0.7071,2.9496,0.9796,0.5962
13,3,229,231,3,2,4,0.5417,230.302,1062.528,778.547,14.4091,11.0000,1.3491,1.5751,5.3968,0.5948,0.1556,0.2496,0.2130,0.4850,3.4344,0.9896,0.3585
18,7,229,232,4,4,5,0.2250,230.384,1069.208,902.270,18.3630,13.0000,1.4717,1.5457,6.3781,0.6136,0.2243,0.1621,0.2676,0.0992,3.1882,0.4906,0.5786
8,3,229,231,3,3,3,0.2963,229.657,1071.871,667.100,12.1565,13.0000,1.4857,0.3796,6.3781,0.4260,0.2499,0.3241,0.7075,0.4274,2.9538,0.5007,0.4571
10,3,229,230,2,4,3,0.4167,229.696,1073.924,680.911,12.2694,10.0000,1.2658,1.1215,4.9062,0.4595,0.2582,0.2822,0.1046,0.9935,2.9504,0.9846,0.3544
5,3,229,230,2,2,2,0.6250,229.543,1074.565,887.826,10.1087,11.0000,1.1957,0.8032,5.4153,0.3432,0.2505,0.4063,0.6059,0.3645,3.4360,0.2478,0.6522
14,4,229,232,4,4,4,0.2188,230.328,1077.638,812.155,15.1935,11.0000,1.3276,0.5123,5.3968,0.5500,0.1587,0.2913,0.4342,0.8982,3.4360,1.4610,0.4052
12,3,229,231,3,4,2,0.5000,229.663,1079.432,873.305,13.4704,11.0000,1.3895,1.7300,5.4153,0.6697,0.1489,0.1814,0.2508,0.4472,2.7009,0.9729,0.3053
13,3,229,231,3,3,4,0.3611,229.922,1081.784,869.931,13.8833,9.0000,1.1471,0.9592,4.4156,0.5298,0.0830,0.3872,0.4765,0.2480,2.9471,0.4914,0.2647
15,4,229,231,3,4,4,0.3125,229.851,1084.570,860.926,15.3359,10.0000,1.2397,0.5940,4.9062,0.4244,0.1230,0.4526,0.3082,0.8183,2.9487,0.9746,0.3884
16,11,229,231,3,5,3,0.3556,229.785,1091.076,840.104,17.6754,11.0000,1.2222,0.7953,5.4153,0.5706,0.1338,0.2956,0.1853,0.9666,3.9216,0.7351,0.7361
6,3,229,230,2,3,1,1.0000,229.471,1094.941,577.000,10.2335,10.0000,1.1765,0.4743,4.9230,0.5556,0.3333,0.1111,0.0000,0.0000,3.6813,0.9838,0.5490
4,3,229,231,3,2,1,0.6667,230.057,1098.543,795.000,8.5842,10.0000,1.1429,0.4607,4.9062,0.7576,0.1294,0.1129,0.8507,0.0000,3.4235,0.4956,0.8000
11,7,229,230,2,5,3,0.3667,229.431,1099.284,798.814,15.1179,11.0000,1.1863,0.5492,5.4153,0.6814,0.1379,0.1807,0.3035,0.9512,3.9367,0.9879,0.6863
33,3,230,233,4,4,9,0.2292,231.246,312.211,721.043,21.7716,12.0000,1.5469,1.0104,5.8675,0.8593,0.0491,0.0916,0.0324,0.4203,2.4647,0.9679,0.2266
42,5,230,233,4,4,14,0.1875,230.849,313.246,694.166,24.5330,11.0000,1.4215,5.2230,5.3785,0.9618,0.0073,0.0309,0.0585,0.9283,2.4664,0.9846,0.2585
32,8,230,233,4,3,9,0.2963,231.177,313.015,734.335,22.9782,12.0000,1.4436,0.6886,5.8675,0.8386,0.0811,0.0803,0.0989,0.8147,2.9370,0.9812,0.4474
20,3,230,232,3,4,4,0.4167,230.855,313.536,743.422,18.1584,11.0000,1.3253,0.8017,5.3785,0.5433,0.1305,0.3262,0.0466,0.8248,2.9238,0.9746,0.4217
31,12,230,233,4,4,8,0.2422,230.958,314.467,682.057,22.9241,11.0000,1.3065,1.1569,5.3785,0.8491,0.0444,0.1064,0.1319,0.1519,2.9504,0.9746,0.5402
16,4,230,233,4,4,6,0.1667,231.231,312.862,707.015,15.8786,11.0000,1.3538,2.2996,5.3785,0.6272,0.2791,0.0937,0.4253,0.8292,2.9271,0.9795,0.4385
17,4,230,232,3,4,6,0.2361,230.933,312.821,713.813,15.8946,10.0000,1.2687,1.1576,4.8895,0.5594,0.2823,0.1583,0.0641,0.9879,2.4598,1.4519,0.3507
19,8,230,232,3,2,6,0.5278,230.981,315.660,673.407,18.1734,12.0000,1.4074,0.5306,5.8675,0.7542,0.1289,0.1168,0.0114,0.1260,2.9487,0.7426,0.4938
20,3,230,232,3,4,7,0.2381,230.949,315.671,774.475,17.2777,10.0000,1.2658,0.8234,4.8895,0.8067,0.0790,0.1143,0.0580,0.7945,2.6918,0.5006,0.3038
38,8,230,233,4,4,12,0.1979,231.351,316.538,664.253,25.0349,11.0000,1.3228,1.3810,5.3785,0.9117,0.0235,0.0648,0.0697,0.9941,2.9404,0.9846,0.4272
16,4,230,232,3,5,4,0.2667,230.922,317.422,656.234,15.6508,10.0000,1.2500,1.1131,4.9062,0.4690,0.3316,0.1993,0.1506,0.7641,2.9287,0.5072,0.2969
15,11,230,232,3,3,4,0.4167,230.766,317.936,781.397,17.8151,12.0000,1.2766,0.4654,5.8675,0.0718,0.5025,0.4257,0.4701,0.7320,3.4310,0.9846,0.7801
39,10,230,234,5,4,7,0.2786,231.963,326.730,619.488,25.1289,11.0000,1.3323,0.8785,5.3602,0.6114,0.1631,0.2255,0.1027,0.2016,2.9304,0.9845,0.4752
10,3,230,231,2,3,5,0.3333,230.716,329.111,838.321,12.5364,10.0000,1.2346,0.7443,4.8895,0.6927,0.1317,0.1757,0.0772,0.9142,3.1848,0.4998,0.3457
75,29,230,233,4,7,11,0.2435,231.429,352.202,736.844,37.2092,13.0000,1.4773,1.2852,6.3564,0.6999,0.2137,0.0864,0.0488,0.9953,2.9404,0.9812,0.5333
97,9,230,234,5,8,13,0.1865,231.784,353.664,703.662,39.6607,13.0000,1.5743,5.5585,6.3564,0.8058,0.1117,0.0825,0.0482,0.9941,2.9271,0.9862,0.3958
109,44,230,234,5,4,18,0.3028,231.333,352.865,720.436,43.7865,13.0000,1.5139,4.5318,6.3564,0.9556,0.0108,0.0336,0.0132,0.9997,2.9404,0.9746,0.4786
18,5,230,232,3,5,5,0.2400,231.213,354.940,779.853,17.2746,11.0000,1.3200,0.2657,5.3785,0.6507,0.2349,0.1144,0.1410,0.9844,2.9304,0.5006,0.4067
33,16,230,234,5,5,6,0.2200,231.936,356.030,548.552,25.1992,12.0000,1.3333,1.0381,5.8675,0.6357,0.2239,0.1404,0.0756,0.2960,3.1559,0.4972,0.5960
34,15,230,234,5,6,5,0.2267,231.566,354.540,693.921,25.2756,15.0000,1.6887,1.3030,7.3343,0.4330,0.2483,0.3187,0.0917,0.9632,3.1733,0.9811,0.5828
59,6,230,232,3,7,16,0.1756,231.194,356.833,789.589,30.1533,12.0000,1.4937,4.5672,5.8675,0.9399,0.0370,0.0231,0.0035,0.9986,2.9204,0.5105,0.3059
83,3,230,233,4,8,17,0.1526,231.304,359.318,808.727,34.5813,11.0000,1.4155,3.8012,5.3785,0.8513,0.1196,0.0290,0.0158,0.9825,2.4664,0.9829,0.2465
79,25,230,234,5,6,12,0.2194,231.722,362.926,650.278,36.9323,13.0000,1.5260,0.3999,6.3348,0.7806,0.1070,0.1124,0.1468,0.8836,2.9238,0.9779,0.5037
13,3,230,233,4,4,4,0.2031,231.371,361.076,818.229,14.2213,11.0000,1.3619,0.4427,5.3785,0.7635,0.1082,0.1283,0.3679,0.2708,2.4498,0.9746,0.4571
33,9,230,233,4,5,11,0.1500,230.884,365.320,827.153,23.4163,13.0000,1.5600,4.1997,6.3564,0.9366,0.0205,0.0429,0.0158,0.7129,3.4193,0.9845,0.4364
66,23,230,235,6,6,10,0.1833,231.918,366.402,639.325,34.3195,12.0000,1.3846,3.4729,5.8675,0.7488,0.1496,0.1016,0.0870,0.3531,2.9436,0.9796,0.5647
10,5,230,233,4,2,2,0.6250,231.415,368.622,716.622,12.6611,9.0000,1.0976,1.5123,4.4156,0.6756,0.1036,0.2208,0.9362,0.2726,3.1674,0.4939,0.5488
35,4,230,232,3,6,11,0.1768,230.886,370.297,845.134,23.9774,12.0000,1.4483,1.1211,5.8675,0.8910,0.0633,0.0457,0.0151,0.9620,3.4227,0.9845,0.3724
58,11,230,235,6,4,10,0.2417,232.042,369.698,627.659,31.7322,12.0000,1.4032,3.8168,5.8675,0.8057,0.1152,0.0791,0.0147,0.1466,2.9237,0.5056,0.5060
15,3,230,232,3,4,4,0.3125,230.887,373.798,856.395,15.6608,11.0000,1.3306,1.0080,5.3785,0.4762,0.1213,0.4025,0.1607,0.9472,2.9537,1.4619,0.3952
10,3,230,232,3,3,5,0.2222,230.878,375.976,860.878,12.6842,11.0000,1.3415,0.1742,5.3785,0.8643,0.0465,0.0892,0.1655,0.1898,3.4193,0.9796,0.3659
9,4,230,232,3,3,3,0.3333,231.133,377.480,865.347,12.2183,10.0000,1.2000,0.6069,4.8895,0.2331,0.4595,0.3074,0.3248,0.7022,2.9304,0.9713,0.5067
6,4,230,231,2,3,3,0.3333,230.855,382.836,878.964,10.9843,10.0000,1.0909,0.8497,4.8895,0.5384,0.1347,0.3269,0.0519,0.9835,3.1832,0.7351,0.7091
8,3,230,233,4,2,3,0.3333,231.460,395.778,564.444,10.8739,10.0000,1.2698,1.6519,4.8564,0.3476,0.3763,0.2761,0.9354,0.1083,1.9567,0.7358,0.4444
34,12,230,235,6,4,7,0.2024,231.634,398.251,605.921,23.3453,11.0000,1.3405,2.0201,5.3968,0.4768,0.2505,0.2728,0.4067,0.2947,2.4645,0.5138,0.4444
41,17,230,235,6,4,7,0.2440,231.457,402.143,596.958,25.5418,11.0000,1.3463,1.3641,5.3785,0.3257,0.4609,0.2134,0.0618,0.2138,2.9254,0.5184,0.4716
30,6,230,233,4,4,6,0.3125,230.784,420.456,559.344,21.5301,11.0000,1.3693,1.6117,5.3785,0.5142,0.1672,0.3186,0.0211,0.8406,2.9270,0.9712,0.3237
21,3,230,233,4,3,4,0.4375,231.982,438.767,534.607,17.3340,12.0000,1.5460,0.4570,5.8475,0.3027,0.3831,0.3142,0.2398,0.0958,2.4448,0.9779,0.1902
4,3,230,232,3,2,1,0.6667,230.711,444.763,604.000,9.2993,13.0000,1.3684,0.3740,6.3564,0.7500,0.1500,0.1000,0.9487,0.0000,2.9537,0.5006,0.8158
13,4,230,233,4,2,4,0.4062,230.832,454.234,512.720,14.5188,10.0000,1.2150,0.9083,4.9062,0.4461,0.3979,0.1560,0.3664,0.0058,2.9337,1.4552,0.4486
7,4,230,232,3,2,3,0.3889,230.867,479.250,487.917,11.0935,10.0000,1.1667,0.9058,4.9062,0.5567,0.2652,0.1781,0.5708,0.5093,3.4127,0.4939,0.6333
7,4,230,232,3,3,2,0.3889,230.656,503.984,880.672,11.2865,11.0000,1.2623,0.9392,5.3968,0.5170,0.0882,0.3949,0.8847,0.3734,2.9337,0.4973,0.6393
11,3,230,232,3,3,4,0.3056,231.000,505.916,917.916,12.2363,9.0000,1.1928,1.0071,4.4156,0.6392,0.2419,0.1189,0.3979,0.4332,1.9558,0.9705,0.3253
33,11,230,232,3,5,6,0.3667,230.816,509.926,726.954,24.1030,13.0000,1.5159,1.4484,6.3564,0.5505,0.2142,0.2353,0.1254,0.9782,2.9370,0.9679,0.4346
32,6,230,232,3,4,10,0.2667,230.635,509.520,745.595,21.8090,10.0000,1.2698,4.6679,4.9062,0.9291,0.0199,0.0510,0.0784,0.8260,2.4564,0.9863,0.3690
8,4,230,231,2,3,3,0.4444,230.652,510.424,751.864,11.4231,10.0000,1.2121,0.5657,4.8895,0.6139,0.0217,0.3644,0.2915,0.9491,2.6967,0.9804,0.5758
7,5,230,232,3,1,3,0.7778,230.656,511.000,719.078,11.8416,11.0000,1.2031,0.6609,5.3968,0.4747,0.4312,0.0941,0.5071,0.0000,2.9437,0.5056,0.7656
43,17,230,234,5,6,7,0.2048,231.433,517.398,679.199,27.3252,12.0000,1.4060,1.4099,5.8675,0.6345,0.0932,0.2722,0.1893,0.9585,2.9437,0.9663,0.5586
13,9,230,232,3,2,6,0.3611,230.517,516.207,783.569,15.7569,12.0000,1.3448,1.5356,5.8875,0.8349,0.0859,0.0791,0.2098,0.4158,3.4227,0.7417,0.7328
34,8,230,233,4,4,9,0.2361,231.104,519.382,671.393,23.4712,12.0000,1.4571,3.6288,5.8675,0.8824,0.0538,0.0638,0.0692,0.5903,2.9370,0.9713,0.3821
17,4,230,233,4,3,4,0.3542,231.221,522.029,664.809,16.1161,11.0000,1.3750,1.0700,5.3785,0.3594,0.3891,0.2515,0.7313,0.6416,2.4572,0.5006,0.3456
119,15,230,235,6,5,25,0.1587,232.169,529.908,717.368,44.0643,12.0000,1.4468,3.3733,5.8475,0.9806,0.0059,0.0135,0.0103,0.4253,2.9271,0.5038,0.4012
11,4,230,233,4,3,2,0.4583,231.167,531.856,606.356,13.2609,10.0000,1.2222,0.4184,4.8895,0.6536,0.0839,0.2625,0.9864,0.0726,2.9287,0.5147,0.5111
45,6,230,235,6,6,7,0.1786,232.349,535.097,637.060,25.5398,11.0000,1.4062,2.7580,5.3968,0.1544,0.5763,0.2693,0.7009,0.6833,2.8860,0.9547,0.2898
17,4,230,235,6,4,4,0.1771,231.836,533.948,889.806,15.8460,10.0000,1.2687,0.8596,4.8895,0.4972,0.2338,0.2690,0.7603,0.0704,2.4101,0.4923,0.2761
10,3,230,232,3,4,3,0.2778,230.807,537.265,628.120,12.8420,11.0000,1.3253,0.3492,5.3785,0.6574,0.0955,0.2471,0.2265,0.2770,2.4639,0.5006,0.3614
10,3,230,233,4,2,2,0.6250,231.051,542.628,954.487,12.0584,9.0000,1.1538,1.2169,4.4156,0.6069,0.1759,0.2172,0.9697,0.1110,2.6918,0.9746,0.3462
29,7,230,234,5,5,7,0.1657,231.793,545.415,618.004,21.8232,11.0000,1.3237,2.0491,5.3602,0.8018,0.0889,0.1092,0.0443,0.0760,2.9271,0.9564,0.3651
14,6,230,233,4,3,2,0.5833,231.911,558.041,349.333,16.0238,14.0000,1.5935,0.9705,6.8454,0.4262,0.3209,0.2529,0.9660,0.0888,2.9437,0.7351,0.5203
6,3,230,231,2,2,2,0.7500,230.455,576.745,343.582,10.9992,14.0000,1.5273,0.6680,6.8687,0.2667,0.1333,0.6000,0.7071,0.7071,2.9437,0.7384,0.6182
9,3,230,233,4,3,2,0.3750,231.395,578.026,908.434,12.3703,10.0000,1.1842,0.5874,4.8895,0.7158,0.0497,0.2345,0.7900,0.4573,2.4547,0.4956,0.4868
13,4,230,232,3,3,3,0.4815,231.077,585.375,405.067,14.1000,9.0000,1.1250,1.1423,4.4156,0.5767,0.1018,0.3215,0.7234,0.1675,3.4202,0.4965,0.3462
19,4,230,232,3,6,4,0.2639,230.811,593.784,340.311,16.6125,11.0000,1.4122,0.4233,5.3785,0.7166,0.1469,0.1365,0.0641,0.7005,2.4564,0.9779,0.2568
5,3,230,231,2,2,2,0.6250,230.643,620.214,961.619,9.1952,9.0000,1.0714,0.7461,4.4006,0.3432,0.2505,0.4063,0.6059,0.3645,3.4143,0.2486,0.6429
6,3,230,231,2,3,1,1.0000,230.521,626.042,336.000,9.5972,9.0000,1.1250,0.5225,4.4156,0.5556,0.3333,0.1111,0.0000,0.0000,2.4506,0.4906,0.5625
12,3,230,232,3,4,2,0.5000,231.170,628.436,395.255,13.2604,9.0000,1.1489,1.4686,4.4006,0.6787,0.0973,0.2240,0.4721,0.1609,2.9337,0.4990,0.2872
5,3,230,232,3,1,2,0.8333,231.262,651.000,972.405,9.1759,9.0000,1.0714,0.4821,4.4006,0.5854,0.2927,0.1220,0.9487,0.0000,3.4111,0.4973,0.6429
3,3,230,231,2,2,1,0.7500,230.300,668.667,330.000,8.4892,11.0000,1.1000,0.4485,5.3968,0.5333,0.2667,0.2000,0.7071,0.0000,3.4394,0.9862,1.0000
10,3,230,231,2,3,2,0.8333,230.525,669.775,390.525,12.3897,10.0000,1.2500,1.0256,4.8895,0.4041,0.1554,0.4404,0.0000,0.7071,2.9304,0.7434,0.3500
11,6,230,233,4,3,3,0.3056,231.175,712.247,1033.639,14.2918,13.0000,1.4742,0.7074,6.3564,0.3128,0.5390,0.1483,0.7668,0.1911,3.3962,0.9829,0.6289
9,5,230,233,4,3,2,0.3750,231.266,713.848,526.709,12.8642,11.0000,1.2532,1.1589,5.3602,0.7047,0.1756,0.1197,0.7631,0.0990,3.3929,0.9679,0.6076
5,3,230,232,3,1,3,0.5556,230.976,719.000,391.357,9.1848,9.0000,1.0714,1.3574,4.4006,0.3318,0.5530,0.1152,0.0000,0.0000,2.9437,0.9829,0.6429
12,3,230,232,3,4,3,0.3333,230.584,772.436,400.683,14.2763,12.0000,1.4257,0.8718,5.8875,0.1880,0.4125,0.3995,0.8220,0.5498,2.9171,0.4881,0.4158
6,3,230,231,2,2,2,0.7500,230.500,781.340,317.300,9.9978,9.0000,1.0800,0.6750,4.4156,0.2000,0.3333,0.4667,0.0000,0.0000,3.1782,0.9812,0.5400
9,4,230,232,3,4,2,0.3750,230.897,798.397,402.090,12.7173,13.0000,1.5000,0.4202,6.3564,0.2182,0.5832,0.1986,0.3396,0.1999,2.9504,0.9713,0.5385
7,3,230,232,3,2,3,0.3889,230.491,804.877,1139.719,10.5523,11.0000,1.3509,0.8796,5.3968,0.6188,0.1635,0.2176,0.7316,0.2162,2.4431,0.4989,0.5088
6,3,230,230,1,2,5,0.6000,230.000,813.176,341.255,10.2151,11.0000,1.2941,0.7657,5.3968,0.8891,0.0670,0.0439,0.0000,1.0000,2.9454,0.4848,0.5882
8,3,230,232,3,3,2,0.4444,230.882,824.647,373.235,11.7600,10.0000,1.1765,1.7706,4.8729,0.6709,0.1342,0.1949,0.7372,0.1788,2.7108,0.4906,0.5441
7,4,230,232,3,4,2,0.2917,231.033,836.517,641.267,11.0872,11.0000,1.2833,0.5824,5.3785,0.6530,0.1774,0.1696,0.2005,0.2766,3.4111,0.9779,0.6333
3,3,230,231,2,2,1,0.7500,230.679,838.679,646.000,7.9130,10.0000,1.0714,0.4546,4.8895,0.5333,0.2667,0.2000,0.7071,0.0000,3.4377,0.4990,1.0000
8,3,230,232,3,2,2,0.6667,230.922,842.609,446.219,11.0668,9.0000,1.1250,0.6521,4.4006,0.4961,0.2369,0.2670,0.9586,0.0986,2.9271,0.9713,0.4219
8,3,230,231,2,3,3,0.4444,230.485,848.727,999.652,11.4296,9.0000,1.0909,1.0902,4.4156,0.4318,0.3891,0.1791,0.4427,0.8845,2.6942,0.2545,0.5455
5,4,230,231,2,2,2,0.6250,230.604,852.146,1024.583,10.5102,11.0000,1.1458,0.7199,5.3785,0.3432,0.2505,0.4063,0.6059,0.3645,3.4344,0.0000,0.8542
14,4,230,233,4,4,4,0.2188,231.420,859.107,1037.964,14.6152,10.0000,1.2500,0.4346,4.8895,0.7763,0.0656,0.1581,0.4044,0.8778,2.6951,0.0149,0.4196
10,4,230,232,3,3,3,0.3704,230.988,863.256,369.163,13.2980,11.0000,1.2791,0.3034,5.3785,0.2479,0.4739,0.2782,0.8809,0.4311,3.1707,1.2149,0.5581
28,4,230,232,3,4,8,0.2917,231.376,862.588,694.828,20.3952,11.0000,1.3937,2.8824,5.3785,0.8553,0.0680,0.0767,0.0397,0.9961,2.6984,0.9878,0.3032
27,12,230,232,3,5,5,0.3600,231.424,864.568,711.886,21.5178,11.0000,1.2969,1.3263,5.3602,0.5971,0.1563,0.2466,0.0083,0.9996,2.9354,0.9696,0.5502
50,11,230,233,4,9,8,0.1736,231.661,866.186,730.838,29.3222,13.0000,1.5294,1.8778,6.3348,0.6327,0.2964,0.0709,0.0126,0.9827,2.9138,0.4989,0.5012
25,4,230,235,6,5,5,0.1667,231.898,865.636,826.995,20.0836,12.0000,1.4563,1.1004,5.8675,0.5151,0.1003,0.3846,0.5833,0.0494,2.4561,0.9482,0.3835
6,4,230,232,3,3,1,0.6667,231.308,865.750,602.000,10.3691,10.0000,1.1538,0.8107,4.8895,0.5005,0.4177,0.0818,0.5048,0.0000,3.4010,0.4831,0.7115
41,6,230,232,3,7,8,0.2440,231.368,866.647,719.453,25.0917,11.0000,1.3708,2.5976,5.3785,0.5375,0.3807,0.0818,0.0186,0.9942,2.9321,0.4989,0.2918
19,3,230,233,4,6,3,0.2639,231.342,868.394,860.877,17.3668,12.0000,1.4710,2.6910,5.8475,0.7780,0.1461,0.0759,0.2212,0.0281,2.4414,0.4939,0.4323
7,3,230,232,3,2,2,0.5833,230.797,868.288,667.763,10.9112,10.0000,1.1864,0.4251,4.8895,0.3772,0.3083,0.3146,0.9758,0.2185,2.4730,0.5056,0.5085
40,9,230,233,4,6,9,0.1852,231.815,867.718,741.771,26.2129,14.0000,1.6471,1.2750,6.8221,0.7419,0.1571,0.1010,0.0157,0.9093,2.9238,0.9746,0.4294
24,4,230,234,5,5,5,0.1920,231.745,869.696,819.451,18.3183,10.0000,1.3043,0.6776,4.8729,0.6084,0.0901,0.3016,0.8099,0.2003,1.9824,0.4898,0.2120
4,3,230,233,4,1,1,1.0000,231.385,869.000,972.000,9.5222,11.0000,1.1282,1.3846,5.3968,0.9375,0.0000,0.0625,1.0000,0.0000,3.9067,0.7342,0.7949
5,3,230,231,2,2,2,0.6250,230.595,871.167,669.595,9.1967,9.0000,1.0714,0.7389,4.4156,0.3432,0.2505,0.4063,0.6059,0.3645,2.9337,0.4856,0.6429
8,3,230,232,3,2,4,0.3333,230.742,871.106,893.030,11.4196,10.0000,1.2121,0.2802,4.8895,0.4962,0.3488,0.1549,0.0000,0.2567,2.4514,0.4806,0.4394
4,3,230,231,2,2,1,1.0000,230.514,881.486,935.000,8.5709,9.0000,1.0286,0.7074,4.4156,0.0000,0.7500,0.2500,1.0000,0.0000,3.4193,0.4906,0.7714
11,4,230,232,3,3,3,0.4074,230.586,884.494,371.414,12.8441,10.0000,1.2644,0.8779,4.8895,0.3140,0.2497,0.4363,0.7019,0.7091,2.4564,0.4973,0.4253
10,3,230,232,3,4,2,0.4167,230.552,887.552,759.759,13.4726,13.0000,1.4943,0.6784,6.3564,0.5064,0.2079,0.2858,0.3203,0.1752,2.4514,0.4906,0.4023
14,4,230,233,4,3,4,0.2917,231.216,897.009,951.090,14.4947,10.0000,1.2613,0.9353,4.8895,0.6582,0.0844,0.2575,0.5101,0.7584,2.9238,0.9630,0.3333
14,3,230,233,4,2,6,0.2917,230.918,902.738,943.893,15.9473,12.0000,1.3770,2.1205,5.8875,0.5752,0.3309,0.0939,0.1855,0.2561,2.4572,0.9779,0.4426
4,3,230,232,3,2,1,0.6667,231.000,909.222,964.000,8.8012,10.0000,1.1111,0.2222,4.8895,0.5357,0.3214,0.1429,1.0000,0.0000,3.1799,1.4735,0.7778
3,3,230,231,2,2,1,0.7500,230.655,908.655,1013.000,8.1963,10.0000,1.0345,0.7404,4.9062,0.5333,0.2667,0.2000,0.7071,0.0000,3.4326,0.4939,1.0000
9,3,230,232,3,2,3,0.5000,231.347,910.427,938.213,12.2095,9.0000,1.0800,1.3321,4.4006,0.4176,0.3331,0.2493,0.2357,0.4341,2.9336,0.4873,0.6000
9,7,230,233,4,2,2,0.5625,231.874,916.322,759.172,14.1377,13.0000,1.3448,0.3864,6.3348,0.6745,0.1583,0.1672,0.9871,0.1490,3.4327,0.9647,0.8276
4,3,230,231,2,1,2,1.0000,230.472,921.000,753.528,8.8170,10.0000,1.1111,0.6678,4.9062,0.0000,0.7500,0.2500,0.0000,0.0000,2.9412,0.4956,0.7778
7,4,230,232,3,3,1,0.7778,230.984,925.339,683.000,11.4587,10.0000,1.1290,1.1855,4.9062,0.1247,0.7481,0.1273,1.0000,0.0000,3.4044,0.4915,0.6290
17,3,230,233,4,4,4,0.2656,231.582,928.638,426.879,16.6881,12.0000,1.4468,0.6954,5.8675,0.3774,0.3650,0.2576,0.7675,0.6405,3.4193,0.9647,0.4184
3,3,230,230,1,3,1,1.0000,230.000,934.000,448.000,7.6480,9.0000,1.0000,1.0000,4.4156,0.8889,0.0000,0.1111,0.0000,1.0000,3.9250,1.4719,1.0000
7,5,230,232,3,2,3,0.3889,230.541,938.108,960.176,13.6972,13.0000,1.2297,0.5036,6.3564,0.6814,0.1697,0.1489,0.6007,0.0391,3.9250,0.0133,0.7973
4,3,230,232,3,2,1,0.6667,231.200,940.800,540.000,8.5509,10.0000,1.1429,0.2828,4.8895,0.7500,0.1500,0.1000,0.9487,0.0000,2.9338,0.4956,0.8000
5,3,230,232,3,2,2,0.4167,230.786,945.167,692.786,9.1908,10.0000,1.1905,0.3459,4.8895,0.6489,0.0995,0.2515,0.9362,0.2726,2.9461,0.5006,0.6667
21,4,230,233,4,6,5,0.1750,231.491,948.659,948.069,18.4281,11.0000,1.3353,0.8249,5.3785,0.6120,0.1941,0.1939,0.2654,0.9383,2.4265,0.4840,0.4046
3,3,230,232,3,1,1,1.0000,231.000,950.000,521.000,7.6221,9.0000,1.0000,1.0000,4.4156,0.8889,0.0000,0.1111,1.0000,0.0000,2.9387,0.4873,1.0000
9,3,230,232,3,4,2,0.3750,231.229,951.458,972.217,13.5173,13.0000,1.4096,1.3292,6.3781,0.5756,0.2713,0.1531,0.5930,0.3651,2.9238,0.9779,0.5301
8,3,230,231,2,3,2,0.6667,230.448,951.985,713.373,11.6042,10.0000,1.1940,0.5830,4.9062,0.4236,0.2081,0.3683,0.0786,0.5089,2.4539,0.2445,0.4328
14,3,230,233,4,4,4,0.2188,231.035,959.496,506.357,15.0263,11.0000,1.3391,1.2015,5.3968,0.5252,0.1893,0.2855,0.5764,0.4789,2.4712,0.5014,0.4087
19,3,230,233,4,7,3,0.2262,231.566,956.882,532.059,17.0177,10.0000,1.2500,2.6349,4.9062,0.7801,0.1632,0.0566,0.1361,0.0909,2.4365,0.2445,0.4276
19,9,230,234,5,5,3,0.2533,231.546,972.098,948.546,18.2505,11.0000,1.2822,1.5562,5.3420,0.2602,0.4481,0.2917,0.7314,0.1105,2.4779,0.4807,0.5337
3,3,230,231,2,1,2,0.7500,230.310,975.000,590.310,8.2059,11.0000,1.1379,0.4389,5.3968,0.5333,0.2667,0.2000,0.7071,0.0000,2.7059,0.5039,1.0000
7,3,230,232,3,2,3,0.3889,230.719,975.158,1032.386,10.5441,11.0000,1.3509,0.6934,5.3785,0.5481,0.2612,0.1906,0.4738,0.0211,2.4564,0.2445,0.5088
18,8,230,234,5,5,3,0.2400,231.671,978.539,910.342,17.4778,11.0000,1.3026,1.5780,5.3420,0.1379,0.6100,0.2521,0.9307,0.0131,2.4631,0.4914,0.5066
8,4,230,232,3,2,3,0.4444,230.771,978.357,562.871,12.1105,12.0000,1.3714,0.4431,5.8675,0.4286,0.2283,0.3431,0.7636,0.4342,2.6834,0.9837,0.5571
9,3,230,233,4,3,2,0.3750,231.410,979.269,907.256,12.6952,11.0000,1.2692,1.1978,5.3602,0.7619,0.1176,0.1205,0.7729,0.2699,2.4531,-0.2361,0.5128
18,5,230,232,3,4,5,0.3000,230.622,986.014,892.122,17.0787,11.0000,1.3378,0.9565,5.3785,0.8144,0.0423,0.1433,0.2947,0.8757,2.9371,0.7284,0.3919
10,3,230,233,4,2,3,0.4167,231.387,988.400,626.112,12.3534,10.0000,1.2500,1.0478,4.8895,0.5803,0.0960,0.3236,0.9945,0.0264,2.2003,0.4906,0.3625
8,4,230,232,3,3,2,0.4444,231.069,990.931,585.597,12.4438,13.0000,1.4444,0.4146,6.3564,0.6720,0.1801,0.1479,0.6280,0.3251,2.9321,0.4890,0.5972
29,4,230,235,6,5,5,0.1933,231.172,992.781,880.296,21.1435,11.0000,1.3691,1.3257,5.3785,0.2336,0.4063,0.3601,0.5214,0.3693,2.9287,0.9482,0.3691
12,3,230,232,3,4,2,0.5000,230.833,999.865,601.240,13.5580,11.0000,1.3750,0.3217,5.3785,0.4504,0.3181,0.2316,0.0123,0.1353,2.4381,-0.0008,0.3021
20,5,230,234,5,4,5,0.2000,231.749,1003.135,557.860,18.6486,13.0000,1.5205,1.1755,6.3348,0.5428,0.2538,0.2033,0.4212,0.5200,2.9371,0.4972,0.5322
19,8,230,233,4,6,4,0.1979,230.855,1005.314,896.698,17.8445,11.0000,1.3145,0.9600,5.3968,0.5134,0.3443,0.1423,0.2611,0.6207,2.9304,0.5038,0.5409
15,5,230,233,4,3,3,0.4167,231.244,1004.779,604.260,16.5248,12.0000,1.3740,0.8291,5.8475,0.5989,0.1461,0.2551,0.9063,0.3706,2.4705,0.9580,0.4733
7,5,230,232,3,3,1,0.7778,231.213,1007.721,679.000,11.2651,10.0000,1.1475,0.8348,4.8729,0.4747,0.4312,0.0941,0.8619,0.0000,2.9361,0.5056,0.7541
10,3,230,233,4,2,3,0.4167,231.741,1008.728,504.963,12.4928,11.0000,1.3580,0.3773,5.3602,0.6984,0.1481,0.1536,0.7476,0.4404,2.9105,0.4956,0.3580
23,3,230,234,5,4,6,0.1917,231.422,1012.412,625.380,19.0382,12.0000,1.4759,2.0567,5.8475,0.6366,0.2262,0.1372,0.4211,0.1937,2.4596,0.4923,0.2781
15,4,230,233,4,4,3,0.3125,231.421,1018.331,640.876,15.2541,11.0000,1.3636,1.1006,5.3602,0.0910,0.5483,0.3607,0.7887,0.5891,2.9238,0.4973,0.3306
6,3,230,231,2,3,2,0.5000,230.321,1019.226,867.302,10.6041,10.0000,1.1321,0.4953,4.9062,0.6381,0.1455,0.2164,0.3327,0.3629,2.9454,0.9754,0.5660
3,3,230,231,2,2,1,0.7500,230.310,1025.310,524.000,8.2059,11.0000,1.1379,0.4389,5.3968,0.5333,0.2667,0.2000,0.7071,0.0000,3.4344,0.4956,1.0000
8,3,230,232,3,3,2,0.4444,231.149,1025.657,899.896,11.5766,11.0000,1.3134,0.6815,5.3785,0.4479,0.3131,0.2390,0.8606,0.0694,2.4614,0.7293,0.4627
10,3,230,233,4,2,3,0.4167,231.391,1029.517,688.264,13.4342,12.0000,1.3793,0.8418,5.8475,0.7157,0.0757,0.2086,0.7848,0.3267,2.4481,0.5006,0.3908
6,4,230,231,2,2,2,0.7500,230.472,1030.660,836.283,10.5987,11.0000,1.2453,0.6465,5.3968,0.2000,0.3333,0.4667,0.0000,0.0000,3.4193,0.4923,0.7170
8,3,230,233,4,4,2,0.2500,231.403,1030.343,616.896,11.5666,10.0000,1.1940,0.5396,4.8895,0.8178,0.0665,0.1157,0.7707,0.1298,2.4373,0.4964,0.4478
37,3,230,232,3,7,9,0.1958,231.261,1032.124,887.000,24.0134,13.0000,1.6087,1.0408,6.3564,0.8655,0.0692,0.0654,0.0398,0.9183,2.4598,0.9679,0.3411
9,3,230,232,3,3,4,0.2500,231.225,1033.700,625.337,13.0288,10.0000,1.1250,0.5045,4.8895,0.5809,0.2594,0.1597,0.2692,0.5534,2.9387,0.4939,0.6000
19,9,230,232,3,5,4,0.3167,231.024,1034.953,880.206,19.0681,12.0000,1.3412,0.9752,5.8675,0.2094,0.4914,0.2992,0.0684,0.8170,3.4293,0.9679,0.6529
20,3,230,234,5,6,3,0.2222,231.778,1035.142,631.457,17.6653,12.0000,1.4815,2.0862,5.8675,0.7984,0.0792,0.1224,0.3858,0.1346,2.6751,0.4906,0.3704
9,5,230,233,4,2,4,0.2812,231.649,1039.108,639.311,12.0344,9.0000,1.0946,1.4665,4.4006,0.3071,0.5483,0.1446,0.9285,0.1889,3.4094,-0.2396,0.6081
22,3,230,232,3,5,7,0.2095,231.101,1041.825,913.101,19.6957,17.0000,1.9788,2.0735,8.3122,0.8869,0.0465,0.0666,0.0259,0.6366,2.9304,0.9679,0.4392
19,4,230,233,4,6,4,0.1979,231.222,1043.835,856.462,17.7102,12.0000,1.4430,1.4750,5.8475,0.7981,0.0389,0.1630,0.2360,0.9036,2.9204,0.9746,0.3987
13,4,230,234,5,4,3,0.2167,231.694,1047.495,563.622,15.0176,11.0000,1.2883,0.8519,5.3602,0.8196,0.0894,0.0909,0.6618,0.3076,3.3781,0.9796,0.5946
22,4,230,233,4,6,3,0.3056,231.347,1050.205,835.463,19.7834,13.0000,1.5053,2.7944,6.3133,0.5353,0.2222,0.2425,0.1633,0.1372,3.4294,1.2199,0.5000
33,6,230,232,3,6,7,0.2619,230.887,1052.396,890.862,23.4160,11.0000,1.3200,3.3984,5.3968,0.8821,0.0132,0.1047,0.0221,0.2048,2.9337,1.4503,0.4873
8,4,230,232,3,3,1,0.8889,230.847,1056.097,585.000,12.4533,11.0000,1.2222,0.8528,5.3968,0.3375,0.5625,0.1000,0.7071,0.0000,2.6984,-0.4840,0.5556
3,3,230,231,2,1,2,0.7500,230.667,1055.000,825.333,7.6307,9.0000,1.0000,0.7454,4.4156,0.5333,0.2667,0.2000,0.7071,0.0000,3.4193,0.4939,1.0000
11,6,230,232,3,3,2,0.6111,230.810,1057.100,877.830,14.7521,11.0000,1.2100,1.1292,5.3785,0.2362,0.5469,0.2170,0.8237,0.2311,3.4310,0.4923,0.6000
6,3,230,231,2,2,2,0.7500,230.712,1056.538,880.519,10.3902,11.0000,1.2692,0.7262,5.3785,0.2667,0.1333,0.6000,0.0000,0.0000,3.1849,1.4652,0.5577
8,5,230,231,2,4,2,0.5000,230.575,1059.671,922.603,12.6379,11.0000,1.2055,0.8958,5.3968,0.6556,0.1306,0.2138,0.0133,0.1711,3.6705,0.9762,0.6849
11,4,230,231,2,4,3,0.4583,230.621,1061.642,782.453,14.0235,11.0000,1.2737,1.5603,5.3968,0.2896,0.4721,0.2382,0.0410,0.9368,3.9100,1.4577,0.7053
8,4,230,231,2,3,3,0.4444,230.500,1061.000,793.853,11.7753,11.0000,1.2941,0.5212,5.3785,0.4054,0.3243,0.2703,0.0000,0.7071,3.6755,0.9829,0.5735
6,3,230,231,2,3,2,0.5000,230.288,1062.115,707.846,10.4052,10.0000,1.1538,1.1623,4.9062,0.5230,0.1584,0.3185,0.3667,0.5079,3.1924,0.7284,0.5577
10,3,230,231,2,3,4,0.4167,230.384,1065.791,856.337,13.3254,10.0000,1.1628,0.9414,4.9062,0.5195,0.2191,0.2614,0.1761,0.8474,2.9421,0.9712,0.4535
10,3,230,232,3,2,4,0.4167,230.550,1068.450,847.688,12.3887,11.0000,1.3750,0.7763,5.3968,0.3660,0.3578,0.2761,0.2495,0.2594,2.4631,0.4939,0.3750
7,3,230,231,2,4,2,0.4375,230.267,1074.250,827.300,11.1162,10.0000,1.1667,1.4573,4.9062,0.8243,0.0513,0.1244,0.3256,0.9443,3.4160,0.4873,0.6333
6,3,230,231,2,4,2,0.3750,230.380,1075.440,824.140,10.0019,10.0000,1.2000,0.8471,4.8895,0.8675,0.0267,0.1059,0.3168,0.7034,3.4302,0.9746,0.5600
9,3,230,231,2,4,3,0.3750,230.187,1076.213,819.307,12.2578,12.0000,1.4400,0.4176,5.8875,0.4368,0.3997,0.1635,0.1525,0.8866,2.9404,0.5006,0.4133
9,4,230,233,4,3,2,0.3750,231.367,1075.241,625.089,12.8598,13.0000,1.4810,0.6828,6.3348,0.5714,0.3003,0.1283,0.8307,0.1517,2.6958,0.0149,0.5190
8,4,230,233,4,3,2,0.3333,231.261,1081.420,875.609,11.9176,10.0000,1.1594,1.3855,4.9062,0.7472,0.1266,0.1262,0.8069,0.0817,3.4227,0.4906,0.6812
10,4,230,233,4,4,2,0.3125,231.179,1081.310,662.321,12.9803,12.0000,1.4286,0.4806,5.8675,0.6935,0.1234,0.1831,0.6824,0.2932,2.2094,0.7384,0.4881
12,4,231,234,4,2,3,0.5000,232.267,289.416,810.941,14.1948,11.0000,1.3069,0.9389,5.3420,0.6273,0.0977,0.2751,0.9032,0.2298,2.9204,0.9746,0.4851
25,6,231,235,5,5,5,0.2000,232.069,334.069,598.328,19.8771,13.0000,1.5931,1.1201,6.3564,0.3833,0.4329,0.1838,0.5864,0.4306,2.4448,0.5072,0.3676
9,3,231,234,4,3,3,0.2500,231.893,370.973,522.880,12.1868,10.0000,1.2000,1.2543,4.8895,0.7262,0.1062,0.1676,0.7464,0.4269,2.9204,0.4989,0.5200
52,6,231,236,6,6,9,0.1605,232.715,392.429,572.089,27.1675,11.0000,1.4194,2.9383,5.3785,0.6751,0.2052,0.1197,0.4494,0.3949,2.4448,0.9746,0.2556
4,3,231,232,2,2,2,0.5000,231.265,397.206,910.529,8.3048,9.0000,1.0588,0.6267,4.4006,0.5916,0.1015,0.3069,0.5000,0.5000,2.9263,0.7285,0.7941
31,3,231,233,3,6,9,0.1914,231.586,418.876,526.510,21.9987,11.0000,1.3586,1.9711,5.3785,0.9105,0.0306,0.0589,0.0814,0.5610,2.4464,0.9606,0.3466
10,3,231,233,3,3,3,0.3704,231.702,421.643,954.333,12.9572,10.0000,1.1905,1.5641,4.8895,0.5570,0.2137,0.2293,0.6779,0.6558,3.1600,0.9672,0.5595
15,4,231,235,5,4,4,0.1875,232.541,439.541,499.869,15.3220,11.0000,1.3525,1.8276,5.3785,0.8150,0.1004,0.0846,0.8152,0.2047,2.4561,0.5036,0.3934
4,3,231,232,2,2,2,0.5000,231.243,444.757,982.784,9.0382,11.0000,1.1892,0.4063,5.3785,0.0000,0.5625,0.4375,0.4459,0.5774,3.4185,1.2232,0.7838
4,3,231,232,2,2,2,0.5000,231.528,460.250,478.194,8.7854,10.0000,1.1111,0.6155,4.8895,0.5916,0.1015,0.3069,0.7071,0.7071,3.1699,0.9779,0.8056
8,3,231,233,3,3,3,0.2963,231.971,463.618,475.279,11.7165,11.0000,1.2941,0.9495,5.3602,0.6936,0.0761,0.2303,0.0000,0.0000,3.1674,1.2174,0.5588
3,3,231,231,1,2,2,0.7500,231.000,471.667,1077.333,7.6220,9.0000,1.0000,0.7454,4.4006,0.5333,0.2667,0.2000,0.0000,1.0000,3.4227,0.9746,1.0000
15,8,231,234,4,2,5,0.3750,232.315,474.238,466.954,16.3390,11.0000,1.2692,0.3981,5.3602,0.6499,0.1901,0.1601,0.4850,0.1278,2.9188,0.4923,0.6538
6,4,231,233,3,1,3,0.6667,231.635,490.000,643.365,10.3576,10.0000,1.1538,0.7323,4.8895,0.6061,0.3030,0.0909,0.7071,0.0000,2.9362,0.4823,0.7308
7,3,231,234,4,2,2,0.4375,232.140,509.246,613.263,10.4933,10.0000,1.2281,0.3864,4.8729,0.7885,0.0907,0.1208,0.9606,0.2331,2.9089,0.4898,0.4912
11,4,231,234,4,2,3,0.4583,232.172,516.355,514.151,13.6561,11.0000,1.3011,1.2162,5.3602,0.7316,0.0571,0.2113,0.8206,0.1791,2.9204,0.5056,0.5269
20,3,231,233,3,5,6,0.2222,231.922,527.318,736.390,16.7846,10.0000,1.2987,1.2991,4.8895,0.5640,0.3251,0.1109,0.0203,0.9931,2.4331,0.9696,0.3052
24,10,231,233,3,3,7,0.3810,232.005,528.882,741.118,21.9823,15.0000,1.6290,1.1238,7.3094,0.8109,0.0401,0.1490,0.1675,0.8447,3.1533,0.4939,0.5928
11,6,231,232,2,3,4,0.4583,231.438,529.229,748.490,14.1318,11.0000,1.2604,1.0228,5.3785,0.7449,0.0338,0.2213,0.0165,0.5153,3.4077,0.9795,0.5938
9,3,231,233,3,3,3,0.3333,231.845,530.831,850.592,11.5387,10.0000,1.2676,1.3246,4.8895,0.5790,0.1482,0.2728,0.4765,0.8734,2.4298,0.7375,0.3944
22,5,231,234,4,5,6,0.1833,232.408,540.860,669.626,18.5709,11.0000,1.3520,2.1551,5.3785,0.8173,0.0976,0.0851,0.0992,0.5787,2.4339,0.4989,0.3408
18,7,231,233,3,3,6,0.3333,232.289,543.050,663.780,18.2442,12.0000,1.3585,1.8039,5.8475,0.8345,0.0448,0.1206,0.0040,0.3714,2.4513,0.7384,0.4717
15,4,231,234,4,3,4,0.3125,232.549,562.197,898.262,15.3213,10.0000,1.2295,0.6396,4.8729,0.5209,0.2313,0.2478,0.2160,0.0007,2.9072,0.9581,0.3770
23,4,231,234,4,4,6,0.2396,232.201,580.778,883.878,19.1908,12.0000,1.4603,0.3234,5.8475,0.7090,0.1647,0.1263,0.2845,0.8532,2.9238,0.4955,0.3175
11,4,231,234,4,3,3,0.3056,232.198,587.396,347.110,13.3612,10.0000,1.2088,1.0939,4.8729,0.4423,0.3273,0.2304,0.9557,0.1805,2.4645,0.4972,0.4066
8,4,231,233,3,2,3,0.4444,231.609,665.261,927.913,11.9035,11.0000,1.2754,0.6679,5.3785,0.2701,0.2819,0.4480,0.9364,0.0779,3.1691,0.7210,0.5652
11,3,231,234,4,3,2,0.4583,232.161,683.678,332.667,12.7756,11.0000,1.3908,0.4905,5.3602,0.7073,0.1283,0.1644,0.9297,0.0788,2.4514,0.7310,0.3448
4,3,231,232,2,2,2,0.5000,231.257,689.800,328.257,8.5492,10.0000,1.1429,0.4150,4.8895,0.0000,0.5625,0.4375,0.4459,0.5774,2.9263,0.4890,0.8000
5,3,231,232,2,2,2,0.6250,231.370,730.848,512.435,10.0461,11.0000,1.1957,0.5906,5.3785,0.3432,0.2505,0.4063,0.6059,0.3645,2.9287,0.4890,0.6739
8,4,231,233,3,2,3,0.4444,231.754,734.333,933.971,11.8976,11.0000,1.2754,0.4155,5.3602,0.2901,0.4848,0.2251,0.0755,0.0752,2.6668,0.4657,0.5507
9,4,231,234,4,4,2,0.2812,232.566,734.145,914.303,12.3211,11.0000,1.3026,1.2612,5.3420,0.7042,0.1601,0.1357,0.6391,0.4318,2.9055,0.4873,0.5132
10,3,231,233,3,2,4,0.4167,231.875,750.737,1031.312,12.3329,11.0000,1.3750,0.4268,5.3602,0.4984,0.3354,0.1662,0.2915,0.0434,2.4373,0.9713,0.3750
9,4,231,234,4,3,2,0.3750,232.195,757.429,393.714,12.4990,11.0000,1.2857,1.3011,5.3785,0.5840,0.2734,0.1426,0.8800,0.3841,3.4077,0.9729,0.5195
8,3,231,233,3,3,2,0.4444,231.877,766.985,560.338,11.2032,10.0000,1.2308,1.0484,4.8729,0.5831,0.1981,0.2188,0.2638,0.1260,2.4579,0.0074,0.4308
7,3,231,233,3,2,3,0.3889,231.554,798.750,550.982,10.3298,9.0000,1.1250,1.1548,4.4006,0.7845,0.0411,0.1744,0.6718,0.7181,2.9171,0.9613,0.4821
4,3,231,232,2,1,2,1.0000,231.514,804.000,913.486,8.5418,9.0000,1.0286,0.7074,4.4006,0.0000,0.7500,0.2500,0.0000,0.0000,2.9138,0.2536,0.7714
11,3,231,234,4,2,3,0.4583,231.759,805.736,407.092,12.7930,10.0000,1.2644,0.3696,4.8729,0.2672,0.4821,0.2508,0.9829,0.1838,2.4414,0.0099,0.4253
4,3,231,232,2,3,1,0.6667,231.718,806.103,574.000,9.5114,11.0000,1.1282,0.7252,5.3785,0.5357,0.3214,0.1429,0.0000,0.0000,3.6646,0.9787,0.8205
9,6,231,233,3,2,2,0.7500,232.076,814.544,387.608,12.8288,11.0000,1.2532,0.6061,5.3602,0.5117,0.1619,0.3264,0.9082,0.4082,2.9238,0.9795,0.7215
5,4,231,233,3,1,2,0.8333,231.857,818.000,1057.653,10.6835,12.0000,1.2245,0.3752,5.8475,0.5854,0.2927,0.1220,0.9487,0.0000,3.4160,0.7318,0.8571
6,3,231,233,3,2,2,0.5000,232.154,822.288,497.385,10.3393,11.0000,1.2692,0.6968,5.3602,0.3218,0.4574,0.2208,0.9366,0.3505,3.1650,0.9713,0.5577
7,3,231,232,2,2,3,0.5833,231.305,844.475,890.492,10.8923,11.0000,1.3051,0.7815,5.3785,0.5694,0.1270,0.3036,0.3597,0.8825,2.4448,0.5006,0.4915
13,4,231,232,2,5,5,0.2600,231.385,854.587,670.670,14.7623,11.0000,1.3119,1.0822,5.3602,0.8756,0.0559,0.0686,0.1768,0.9727,2.4498,0.4848,0.4587
16,5,231,233,3,6,3,0.2963,231.493,856.060,684.470,16.3526,11.0000,1.3134,1.1927,5.3602,0.6590,0.1809,0.1601,0.2394,0.9475,2.9270,0.9754,0.5000
9,5,231,233,3,3,4,0.2500,231.922,858.130,700.130,12.5105,10.0000,1.1688,0.1995,4.8729,0.6632,0.1081,0.2286,0.0202,0.0527,3.3862,0.7342,0.6104
7,4,231,233,3,2,2,0.5833,232.226,858.726,784.548,11.4104,10.0000,1.1290,1.3706,4.8895,0.4600,0.2645,0.2756,0.8571,0.1000,2.9287,0.0000,0.6129
5,3,231,233,3,1,2,0.8333,232.295,860.000,499.432,9.5791,11.0000,1.2500,0.9051,5.3420,0.5854,0.2927,0.1220,0.9487,0.0000,3.4060,0.9671,0.6591
57,7,231,233,3,8,11,0.2159,232.175,866.091,764.789,29.0919,12.0000,1.5166,3.3846,5.8475,0.8456,0.1098,0.0446,0.0209,0.9992,2.4547,0.9746,0.3038
32,10,231,234,4,5,7,0.2286,232.392,865.939,772.838,23.9157,12.0000,1.3813,1.5444,5.8475,0.8219,0.0659,0.1122,0.0326,0.6184,2.9370,0.9680,0.5432
6,3,231,232,2,2,3,0.5000,231.462,866.154,759.750,10.3637,11.0000,1.2692,0.8940,5.3785,0.6303,0.1911,0.1787,0.1629,0.3906,2.2127,0.4823,0.5577
7,3,231,232,2,5,2,0.3500,231.875,867.732,734.125,10.3185,10.0000,1.2500,0.7532,4.8729,0.8965,0.0213,0.0821,0.0236,0.3662,1.4801,0.0000,0.5000
4,3,231,232,2,1,3,0.6667,231.806,869.000,637.806,8.7771,11.0000,1.2222,0.2750,5.3602,0.7500,0.1500,0.1000,0.3162,0.0000,3.4111,1.4619,0.8056
13,5,231,234,4,4,3,0.2708,233.143,870.652,390.545,15.0784,11.0000,1.2768,0.8078,5.3420,0.4435,0.3171,0.2393,0.8552,0.3505,2.8957,0.7243,0.4643
8,5,231,233,3,2,2,0.6667,231.875,879.347,1009.250,12.4098,11.0000,1.2222,0.9740,5.3785,0.4961,0.2369,0.2670,0.9586,0.0986,2.9163,0.4741,0.7083
7,6,231,234,4,2,2,0.4375,232.492,880.286,669.254,11.5840,11.0000,1.2222,0.6357,5.3420,0.6801,0.1680,0.1519,0.9328,0.2851,2.9287,0.4906,0.8889
5,3,231,233,3,2,2,0.4167,232.432,882.818,462.795,9.5746,11.0000,1.2500,0.5112,5.3602,0.6338,0.1686,0.1975,0.9585,0.2851,2.9089,0.4757,0.6591
4,3,231,233,3,2,1,0.6667,231.971,892.743,827.000,8.5285,9.0000,1.0286,1.0049,4.4006,0.5357,0.3214,0.1429,1.0000,0.0000,3.4111,0.9779,0.7714
9,3,231,233,3,3,3,0.3333,231.853,894.040,1063.107,12.1885,11.0000,1.3200,0.1857,5.3602,0.6229,0.2262,0.1509,0.5344,0.2772,2.9321,0.7285,0.4267
5,3,231,232,2,2,2,0.6250,231.457,909.522,436.152,10.0431,12.0000,1.3043,0.7686,5.8475,0.3432,0.2505,0.4063,0.6059,0.3645,3.4044,0.9762,0.6739
14,4,231,233,3,5,2,0.4667,231.603,911.157,1079.727,15.7797,12.0000,1.3884,1.2532,5.8475,0.8074,0.0684,0.1241,0.1784,0.1678,2.9337,0.7268,0.4876
6,3,231,233,3,2,2,0.5000,232.020,914.640,933.860,9.9462,10.0000,1.2000,0.3868,4.8729,0.7074,0.0897,0.2030,0.9140,0.2540,3.1666,0.9779,0.5600
5,3,231,233,3,2,2,0.4167,231.565,926.348,559.848,10.0394,12.0000,1.3043,0.6809,5.8675,0.6999,0.1281,0.1720,0.8684,0.1395,2.9287,-0.0100,0.6739
6,3,231,233,3,2,2,0.5000,232.120,932.680,1043.720,9.9428,10.0000,1.2000,0.4418,4.8729,0.4074,0.2455,0.3471,0.9369,0.3292,2.6809,0.7409,0.5600
8,4,231,232,2,3,3,0.4444,231.507,938.119,990.478,11.5624,11.0000,1.3134,0.6964,5.3602,0.2658,0.3492,0.3850,0.3372,0.8372,2.6868,0.4757,0.5672
15,3,231,233,3,4,3,0.4167,232.123,947.148,980.984,15.3435,10.0000,1.2295,0.8614,4.8729,0.3400,0.2118,0.4482,0.6533,0.4840,2.4464,0.4972,0.3115
3,3,231,232,2,2,1,0.7500,231.700,961.667,613.000,8.4488,11.0000,1.1000,0.4485,5.3602,0.5333,0.2667,0.2000,0.7071,0.0000,3.8967,0.9762,1.0000
5,4,231,233,3,1,2,0.8333,231.841,962.000,1022.432,9.5939,10.0000,1.1364,0.5900,4.8729,0.5854,0.2927,0.1220,0.9487,0.0000,2.9238,-0.4807,0.8409
10,4,231,233,3,3,4,0.2778,232.268,968.183,956.780,12.6244,10.0000,1.2195,0.8453,4.8729,0.5534,0.2903,0.1564,0.1379,0.2239,2.1943,0.4732,0.4634
4,3,231,231,1,3,2,0.6667,231.000,971.194,584.778,8.8012,10.0000,1.1111,1.2149,4.8895,0.7500,0.1500,0.1000,0.0000,1.0000,3.1774,0.9746,0.7778
13,6,231,234,4,3,3,0.3611,232.087,980.617,501.922,15.5379,13.0000,1.4696,0.4001,6.3348,0.6333,0.1237,0.2430,0.9042,0.3603,2.9404,0.4972,0.5391
6,4,231,233,3,3,2,0.3333,232.357,980.929,1003.125,11.1270,12.0000,1.2857,1.1363,5.8277,0.3552,0.3122,0.3326,0.9915,0.1299,3.4111,0.9746,0.7321
8,4,231,234,4,2,2,0.5000,232.397,983.726,496.603,12.5599,10.0000,1.0959,1.0238,4.8729,0.6070,0.1003,0.2928,0.9853,0.1408,3.6457,0.9597,0.7945
14,3,231,234,4,2,5,0.3500,233.073,995.422,988.771,14.1440,9.0000,1.1560,0.8817,4.3708,0.6407,0.2128,0.1465,0.5546,0.3362,2.2068,0.4856,0.3303
5,3,231,233,3,1,2,0.8333,231.791,999.000,833.372,9.3775,11.0000,1.2791,0.4269,5.3602,0.5854,0.2927,0.1220,0.9487,0.0000,3.4144,0.4890,0.6744
5,3,231,233,3,1,2,0.8333,231.744,1002.000,567.605,9.3789,10.0000,1.1628,0.4709,4.8729,0.5854,0.2927,0.1220,0.9487,0.0000,2.9387,0.4831,0.6512
5,3,231,233,3,1,2,0.8333,232.186,1006.000,1004.372,9.3649,9.0000,1.0465,1.2430,4.4006,0.5854,0.2927,0.1220,0.9487,0.0000,2.9138,0.9680,0.6279
16,3,231,234,4,5,4,0.2000,232.504,1010.048,578.592,15.2019,10.0000,1.2800,0.7790,4.8729,0.6995,0.1233,0.1772,0.2262,0.2186,2.1912,0.4856,0.2960
9,3,231,234,4,2,4,0.2812,232.645,1011.434,706.408,12.3178,11.0000,1.3026,0.9498,5.3602,0.7263,0.0954,0.1784,0.7476,0.0074,2.9337,0.4955,0.5132
10,4,231,233,3,3,3,0.3704,231.976,1014.831,550.084,12.7910,12.0000,1.4458,0.1901,5.8475,0.4803,0.2273,0.2925,0.7316,0.4614,2.4547,0.4923,0.4940
16,7,231,234,4,5,5,0.1600,232.014,1015.194,581.065,16.9327,11.0000,1.2662,1.8090,5.3420,0.6584,0.1166,0.2250,0.3828,0.6692,2.9262,0.4873,0.6259
9,3,231,234,4,2,2,0.5625,232.458,1013.694,752.431,11.6769,10.0000,1.2500,0.7564,4.8564,0.6077,0.1265,0.2658,0.9351,0.3204,2.9005,0.4864,0.3889
14,5,231,235,5,6,3,0.1556,233.817,1017.883,918.142,15.5323,12.0000,1.4000,1.2113,5.8277,0.6827,0.2510,0.0662,0.6603,0.2338,2.9337,0.9713,0.5083
9,4,231,233,3,3,3,0.3333,232.316,1018.962,592.203,12.8183,11.0000,1.2532,1.1039,5.3602,0.5360,0.2877,0.1763,0.1181,0.1285,2.9287,0.4873,0.6076
10,3,231,234,4,3,4,0.2083,232.381,1019.012,597.369,12.9274,10.0000,1.1905,0.8840,4.8564,0.5359,0.2906,0.1735,0.2418,0.0777,2.6727,0.4824,0.5595
15,4,231,234,4,4,2,0.4688,232.730,1025.213,557.689,15.3120,10.0000,1.2295,1.2813,4.8564,0.4273,0.3964,0.1763,0.7857,0.2010,2.9072,0.4782,0.3934
15,5,231,234,4,4,3,0.3125,232.486,1030.754,893.449,17.3345,14.0000,1.5217,1.4465,6.8221,0.2961,0.4609,0.2430,0.7477,0.2178,2.8990,0.4856,0.6739
4,3,231,233,3,2,1,0.6667,232.000,1029.816,936.000,9.2586,13.0000,1.3684,0.1842,6.3348,0.5357,0.3214,0.1429,1.0000,0.0000,2.9312,0.4823,0.8158
13,5,231,233,3,3,3,0.4815,231.667,1033.387,573.658,15.0188,12.0000,1.4054,1.0134,5.8675,0.2073,0.3520,0.4407,0.7834,0.5786,2.4498,0.2502,0.5225
5,4,231,233,3,3,1,0.5556,231.957,1035.022,926.000,10.0260,10.0000,1.0870,1.3682,4.8895,0.7911,0.1351,0.0737,0.5257,0.0000,2.9287,0.4856,0.8261
14,7,231,234,4,5,3,0.2333,233.008,1040.740,664.780,16.4834,13.0000,1.4331,0.7723,6.3133,0.1698,0.5978,0.2324,0.7300,0.3953,2.6727,0.7170,0.5827
21,6,231,235,5,4,4,0.2625,232.333,1045.012,908.035,18.1631,12.0000,1.4737,1.0875,5.8475,0.5531,0.2063,0.2406,0.8577,0.4725,2.4414,0.5056,0.3626
16,5,231,233,3,7,2,0.3810,232.313,1045.201,606.716,16.3070,11.0000,1.3134,3.2293,5.3602,0.9058,0.0343,0.0599,0.0402,0.1452,2.4628,0.7235,0.4925
7,4,231,234,4,2,3,0.2917,232.349,1048.889,621.190,11.5896,11.0000,1.2222,0.6871,5.3420,0.5894,0.2129,0.1976,0.9196,0.1192,3.4135,0.0099,0.6508
22,3,231,234,4,7,4,0.1964,232.749,1047.916,611.615,18.5494,12.0000,1.4749,2.0280,5.8277,0.8856,0.0106,0.1038,0.3478,0.9329,2.4429,0.4741,0.3743
12,3,231,235,5,3,3,0.2667,233.021,1050.011,692.989,13.1773,10.0000,1.2766,0.9788,4.8400,0.7407,0.0145,0.2448,0.9903,0.1387,2.1888,0.4791,0.2979
4,3,231,232,2,2,2,0.5000,231.278,1053.194,822.472,8.7929,10.0000,1.1111,0.6273,4.8895,0.5916,0.1015,0.3069,0.5000,0.5000,3.1749,0.4939,0.8056
24,5,231,235,5,5,5,0.1920,232.925,1056.854,634.462,19.7323,13.0000,1.5678,1.3411,6.3348,0.7652,0.0815,0.1534,0.3761,0.6915,2.9072,0.9581,0.3668
11,4,231,233,3,4,2,0.4583,231.990,1061.649,648.649,14.2522,11.0000,1.2474,1.6863,5.3602,0.3640,0.3761,0.2600,0.3571,0.1561,3.1566,0.0099,0.5979
21,3,231,234,4,6,4,0.2188,232.479,1060.592,660.101,17.9416,12.0000,1.4911,1.8505,5.8475,0.6314,0.2288,0.1398,0.1891,0.8241,2.4331,0.4881,0.3018
8,4,231,234,4,2,3,0.3333,232.420,1072.348,713.014,11.8707,10.0000,1.1594,0.6762,4.8564,0.6145,0.2566,0.1289,0.7504,0.2078,2.9089,0.0000,0.6667
8,3,231,234,4,3,3,0.2222,232.424,1076.379,583.561,11.3545,10.0000,1.2121,0.9542,4.8564,0.7955,0.1104,0.0940,0.7146,0.6669,2.9304,0.9729,0.4242
6,3,231,232,2,2,2,0.7500,231.481,1083.481,654.308,10.3630,10.0000,1.1538,0.7463,4.8895,0.2667,0.1333,0.6000,0.7071,0.7071,3.1741,0.9738,0.5385
9,3,231,233,3,2,2,0.7500,231.918,1086.493,699.356,11.8608,11.0000,1.3562,0.6249,5.3602,0.4875,0.0908,0.4217,0.9594,0.1156,1.9658,0.0133,0.4110
5,4,231,233,3,2,1,0.8333,231.833,1087.354,676.000,10.4663,12.0000,1.2500,0.3914,5.8475,0.5854,0.2927,0.1220,0.9487,0.0000,3.4160,0.0050,0.8542
5,3,231,232,2,3,2,0.4167,231.200,1089.089,685.333,9.8333,11.0000,1.2222,0.9906,5.3785,0.5461,0.2256,0.2283,0.1201,0.5647,2.9336,0.9787,0.6667
13,5,231,233,3,3,4,0.3611,231.952,1090.394,699.240,14.0581,11.0000,1.3750,1.0580,5.3785,0.5288,0.1647,0.3065,0.3288,0.2351,1.9558,0.4856,0.4519
14,3,231,233,3,5,3,0.3111,232.078,1091.293,728.776,15.1033,11.0000,1.3276,1.8766,5.3602,0.7711,0.0791,0.1498,0.3058,0.0806,2.9204,0.7243,0.3534
20,4,231,233,3,5,4,0.3333,231.924,1106.854,805.171,17.2205,12.0000,1.5190,0.8747,5.8475,0.4620,0.3144,0.2235,0.3378,0.8693,2.4580,0.9729,0.3608
5,3,231,233,3,2,1,0.8333,231.756,1108.556,795.000,9.8148,10.0000,1.1111,0.9378,4.8895,0.5854,0.2927,0.1220,0.9487,0.0000,3.4193,0.4782,0.6444
4,3,232,235,4,1,1,1.0000,233.550,331.000,894.000,9.6948,12.0000,1.2000,0.4500,5.8080,0.9375,0.0000,0.0625,1.0000,0.0000,3.3946,0.9614,0.8000
15,3,232,236,5,3,3,0.3333,233.423,348.764,923.285,15.4013,10.0000,1.2195,1.7479,4.8236,0.6182,0.2620,0.1198,0.9351,0.0397,2.9072,0.9680,0.4472
7,3,232,234,3,2,3,0.3889,233.262,390.869,873.869,11.1869,12.0000,1.3770,0.3212,5.8277,0.3231,0.4135,0.2634,0.8452,0.2797,2.9171,1.2166,0.5082
11,3,232,234,3,2,4,0.4583,232.888,485.843,798.124,13.0369,10.0000,1.2360,1.1401,4.8564,0.4906,0.3021,0.2073,0.2140,0.1093,2.4331,0.4856,0.3258
10,5,232,234,3,3,4,0.2778,233.171,501.085,1000.683,12.5857,11.0000,1.3415,0.3701,5.3420,0.7725,0.0221,0.2054,0.2997,0.0495,2.9031,0.4939,0.5732
16,5,232,235,4,4,4,0.2500,233.581,529.574,800.426,15.6312,11.0000,1.3643,0.9129,5.3240,0.7835,0.0509,0.1656,0.6285,0.7590,2.2059,0.4938,0.4419
4,3,232,232,1,2,3,0.6667,232.000,531.543,777.086,8.5276,10.0000,1.1429,1.0222,4.8729,0.7576,0.1294,0.1129,0.0000,1.0000,2.9238,0.4807,0.8000
13,8,232,235,4,3,4,0.2708,233.807,531.151,811.303,15.9847,11.0000,1.2017,0.3896,5.3240,0.4899,0.2461,0.2640,0.7617,0.2680,3.4028,0.9549,0.6639
35,10,232,236,5,5,7,0.2000,232.949,537.294,678.953,24.3025,13.0000,1.5372,1.2641,6.3133,0.5724,0.1892,0.2385,0.0210,0.7921,2.9072,0.9647,0.4291
11,3,232,235,4,2,3,0.4583,233.360,536.348,869.045,13.0161,10.0000,1.2360,0.5026,4.8564,0.4831,0.1581,0.3588,0.9960,0.0898,2.9171,0.7227,0.4270
11,5,232,236,5,3,3,0.2444,233.591,541.538,830.247,13.5905,11.0000,1.3011,0.7191,5.3240,0.6376,0.1828,0.1796,0.8851,0.1518,2.4331,0.9517,0.5269
11,3,232,235,4,4,2,0.3438,233.955,541.921,874.517,12.9899,11.0000,1.3596,0.5247,5.3240,0.6423,0.2015,0.1562,0.8010,0.0779,2.4232,0.9746,0.3483
14,5,232,234,3,4,4,0.2917,232.450,545.620,657.488,16.7747,14.0000,1.5194,0.8281,6.7990,0.3164,0.2685,0.4150,0.2433,0.7119,3.1559,0.7367,0.5891
10,4,232,234,3,3,3,0.3704,233.307,548.920,748.761,13.5004,13.0000,1.4773,0.8247,6.3133,0.4567,0.1785,0.3648,0.5526,0.5767,2.9302,0.9845,0.4886
34,10,232,237,6,7,4,0.2024,234.326,553.593,853.354,23.6307,13.0000,1.5509,0.6307,6.2920,0.4770,0.4185,0.1045,0.0679,0.1717,2.8844,0.4936,0.4596
15,6,232,235,4,3,3,0.4167,233.066,555.744,638.174,15.1691,10.0000,1.2397,1.5404,4.8729,0.6172,0.2061,0.1766,0.8295,0.5566,2.4331,0.4889,0.4711
15,7,232,235,4,3,4,0.3125,233.352,558.064,634.688,15.6554,11.0000,1.3200,1.2843,5.3240,0.2279,0.5702,0.2019,0.9705,0.2088,2.8893,0.9524,0.6080
8,3,232,234,3,3,2,0.4444,233.076,569.015,907.242,11.3293,10.0000,1.2121,0.2544,4.8564,0.4550,0.2186,0.3264,0.4565,0.0676,3.1567,0.9713,0.5606
17,6,232,235,4,4,4,0.2656,233.471,574.191,614.404,15.9933,11.0000,1.3750,0.8195,5.3240,0.1691,0.3961,0.4348,0.2593,0.7536,2.4282,0.4848,0.4191
9,3,232,235,4,2,4,0.2812,233.554,581.189,1031.541,11.9567,10.0000,1.2162,0.7968,4.8564,0.6277,0.2203,0.1520,0.7045,0.3680,2.9056,0.4873,0.4054
11,3,232,234,3,4,2,0.4583,232.968,588.032,889.323,13.6192,14.0000,1.6559,0.3258,6.7990,0.4207,0.3260,0.2534,0.2022,0.0630,2.4331,0.4873,0.3763
8,5,232,234,3,2,3,0.4444,232.688,646.221,376.792,13.2349,12.0000,1.2468,1.0724,5.8475,0.7333,0.0170,0.2496,0.6064,0.5005,3.8934,1.4520,0.8182
4,3,232,233,2,2,2,0.5000,232.205,676.564,1029.256,9.4956,12.0000,1.2308,0.5457,5.8475,0.5916,0.1015,0.3069,0.5000,0.5000,3.6480,0.7351,0.7949
9,3,232,234,3,3,3,0.3333,232.829,676.763,1067.092,12.3101,12.0000,1.4211,0.8670,5.8475,0.2879,0.4474,0.2647,0.8248,0.4418,2.4331,0.4913,0.4342
6,4,232,234,3,3,1,0.6667,232.648,691.370,368.000,10.7190,11.0000,1.2222,0.7465,5.3602,0.6061,0.3030,0.0909,0.7071,0.0000,2.9262,0.4774,0.7222
13,4,232,234,3,4,4,0.2708,232.792,697.858,993.670,14.2875,10.0000,1.2264,0.7154,4.8564,0.6781,0.1518,0.1701,0.0746,0.1006,2.9039,0.4923,0.4340
6,3,232,234,3,1,2,1.0000,232.980,730.000,1026.510,10.1121,9.0000,1.0588,1.0961,4.3856,0.5556,0.3333,0.1111,1.0000,0.0000,3.1633,0.9680,0.5294
7,3,232,234,3,3,2,0.3889,232.794,742.825,347.778,11.5721,12.0000,1.3333,0.8425,5.8475,0.3994,0.3420,0.2586,0.5524,0.0967,2.9238,0.4906,0.5397
13,3,232,234,3,3,5,0.2889,233.224,742.150,1087.972,14.4012,11.0000,1.3364,1.0628,5.3420,0.7063,0.1729,0.1208,0.2223,0.1452,2.9138,0.9680,0.3738
5,3,232,234,3,1,2,0.8333,232.791,747.000,908.419,9.3456,11.0000,1.2791,0.6179,5.3420,0.5854,0.2927,0.1220,0.9487,0.0000,3.3929,0.4931,0.6744
7,3,232,234,3,2,2,0.5833,233.351,754.579,1110.246,10.4502,10.0000,1.2281,0.6006,4.8564,0.5694,0.1270,0.3036,0.8963,0.4170,2.8941,0.9663,0.4912
5,3,232,234,3,2,2,0.4167,232.738,756.167,342.214,9.1299,10.0000,1.1905,0.3772,4.8564,0.6489,0.0995,0.2515,0.9362,0.2726,3.9016,0.7276,0.6667
6,3,232,233,2,2,3,0.5000,232.216,773.294,1128.098,10.1383,11.0000,1.2941,0.8434,5.3420,0.5230,0.1584,0.3185,0.1207,0.8567,3.1674,0.0149,0.5686
6,4,232,233,2,2,2,0.7500,232.529,778.314,906.471,10.1275,9.0000,1.0588,0.7747,4.3856,0.2667,0.1333,0.6000,0.7071,0.7071,3.1566,0.7326,0.7059
5,3,232,233,2,1,3,0.8333,232.372,785.000,1082.767,9.3589,10.0000,1.1628,0.4388,4.8729,0.5854,0.2927,0.1220,0.3162,0.0000,3.3962,0.4898,0.6512
9,3,232,234,3,2,4,0.3750,233.260,803.603,1081.507,11.8069,10.0000,1.2329,1.4153,4.8729,0.1468,0.6607,0.1924,0.8803,0.4601,2.4398,0.9548,0.4110
8,4,232,234,3,3,3,0.2963,233.130,813.870,605.159,11.8421,11.0000,1.2754,0.2438,5.3420,0.3198,0.2476,0.4326,0.6918,0.7218,3.1559,1.4454,0.5507
4,3,232,234,3,1,2,0.6667,233.314,817.000,432.743,8.4897,10.0000,1.1429,0.4061,4.8564,0.7500,0.1500,0.1000,0.9487,0.0000,2.9089,0.7277,0.8000
10,4,232,235,4,2,4,0.3125,233.619,823.905,885.798,12.8731,10.0000,1.1905,1.8400,4.8400,0.4407,0.4252,0.1341,0.2758,0.0507,3.6242,1.4487,0.5595
10,4,232,235,4,3,4,0.2083,233.723,837.880,698.506,12.7155,10.0000,1.2048,1.8879,4.8564,0.7897,0.0561,0.1541,0.7115,0.1738,3.1378,0.9516,0.5663
8,3,232,234,3,2,2,0.6667,232.754,841.354,689.615,11.1699,9.0000,1.1077,1.0355,4.3856,0.3704,0.0753,0.5544,0.9816,0.1908,2.9171,0.4832,0.4154
16,3,232,234,3,5,5,0.2133,232.880,843.408,700.640,15.1825,12.0000,1.5360,0.8800,5.8277,0.6795,0.2273,0.0932,0.1511,0.9880,2.4398,0.9779,0.2400
8,3,232,234,3,3,3,0.2963,233.157,841.229,726.743,12.0126,12.0000,1.3714,1.3628,5.8080,0.7420,0.1009,0.1571,0.4004,0.5828,2.9122,0.9680,0.4714
31,5,232,235,4,5,9,0.1722,233.336,848.223,752.202,21.5198,11.0000,1.3806,0.4511,5.3420,0.8674,0.0562,0.0764,0.0669,0.9973,2.9073,0.9762,0.3117
5,3,232,234,3,2,2,0.4167,233.047,850.837,471.186,9.3376,10.0000,1.1628,0.9850,4.8400,0.7958,0.0325,0.1718,0.9294,0.3690,3.3978,0.9812,0.6512
13,6,232,234,3,3,4,0.3611,232.975,850.925,813.400,16.1645,15.0000,1.6250,0.6052,7.2846,0.5194,0.1920,0.2886,0.3593,0.0115,2.9113,0.4963,0.6250
22,5,232,235,4,7,5,0.1571,233.268,853.089,809.089,18.5167,12.0000,1.4749,0.2965,5.8277,0.6955,0.1060,0.1985,0.0572,0.5033,2.9007,0.9581,0.3296
49,11,232,235,4,6,8,0.2552,232.815,856.005,802.217,28.4628,12.0000,1.4341,1.3042,5.8475,0.8238,0.0545,0.1217,0.1517,0.8614,2.9105,0.5021,0.4122
3,3,232,234,3,1,1,1.0000,233.000,856.000,1108.000,7.8508,10.0000,1.0714,0.0000,4.8564,0.8889,0.0000,0.1111,1.0000,0.0000,3.4077,0.7243,1.0000
8,3,232,234,3,2,2,0.6667,232.836,858.582,844.358,11.5104,10.0000,1.1940,1.0797,4.8729,0.6025,0.1071,0.2905,0.9114,0.4048,1.9623,0.0000,0.4179
4,3,232,233,2,2,2,0.5000,232.297,881.568,595.811,9.0058,11.0000,1.1892,0.8465,5.3420,0.5916,0.1015,0.3069,0.5000,0.5000,3.6514,0.9746,0.8108
4,3,232,234,3,2,1,0.6667,233.054,888.270,473.000,8.9827,11.0000,1.1892,0.2756,5.3420,0.5357,0.3214,0.1429,1.0000,0.0000,3.6382,0.9606,0.8108
4,3,232,234,3,2,1,0.6667,233.000,891.211,1024.000,9.2272,10.0000,1.0526,1.0219,4.8729,0.5357,0.3214,0.1429,1.0000,0.0000,3.3962,0.9762,0.7895
6,3,232,234,3,2,2,0.5000,232.980,907.660,824.140,9.9138,10.0000,1.2000,0.3682,4.8564,0.7074,0.0897,0.2030,0.9140,0.2540,3.1501,0.9862,0.5600
8,4,232,235,4,2,2,0.5000,233.797,914.116,1036.507,11.8154,10.0000,1.1594,0.5585,4.8400,0.6810,0.1576,0.1614,0.9830,0.0199,3.1549,0.4987,0.5507
3,3,232,233,2,1,2,0.7500,232.679,916.000,720.679,7.8594,10.0000,1.0714,0.4546,4.8564,0.5333,0.2667,0.2000,0.7071,0.0000,2.9287,0.4856,1.0000
4,3,232,233,2,2,2,0.5000,232.500,918.250,1073.778,8.7564,10.0000,1.1111,0.6016,4.8564,0.5916,0.1015,0.3069,0.7071,0.7071,3.4111,0.4972,0.7778
11,3,232,233,2,4,2,0.6875,232.414,927.287,1021.552,12.7645,10.0000,1.2644,0.9381,4.8729,0.6762,0.0437,0.2801,0.2063,0.8912,1.9640,0.9581,0.4253
5,4,232,234,3,2,1,0.8333,232.791,933.628,775.000,9.3456,9.0000,1.0465,1.0097,4.3856,0.5854,0.2927,0.1220,0.9487,0.0000,3.3978,0.4840,0.8372
6,4,232,234,3,3,2,0.3333,232.750,935.962,1015.635,10.3184,10.0000,1.1538,1.3747,4.8729,0.7883,0.0590,0.1528,0.8297,0.1610,3.4069,0.7211,0.7115
11,3,232,234,3,4,3,0.3056,233.000,940.576,988.707,13.4712,10.0000,1.1957,0.6465,4.8564,0.5416,0.1485,0.3099,0.4349,0.8937,2.9171,0.4906,0.4239
5,4,232,233,2,2,2,0.6250,232.574,968.617,961.809,10.2225,11.0000,1.1702,0.8645,5.3602,0.3432,0.2505,0.4063,0.6059,0.3645,3.4160,0.4906,0.8511
11,4,232,234,3,3,2,0.6111,233.233,971.907,952.535,12.5828,9.0000,1.1512,1.0455,4.3708,0.3913,0.2791,0.3297,0.4113,0.5301,1.9326,0.0000,0.4186
6,4,232,234,3,2,2,0.5000,232.966,976.362,436.138,11.5006,12.0000,1.2414,0.3890,5.8277,0.7074,0.0897,0.2030,0.9140,0.2540,3.8950,1.9310,0.7241
7,5,232,234,3,3,1,0.7778,233.239,977.239,532.000,12.2883,13.0000,1.3582,0.3377,6.3133,0.4747,0.4312,0.0941,0.8619,0.0000,3.8654,0.9729,0.7910
9,3,232,235,4,2,3,0.3750,233.914,982.358,976.790,13.0719,12.0000,1.3333,1.2793,5.7884,0.6057,0.1774,0.2169,0.9502,0.2489,3.3782,0.9647,0.6296
7,4,232,234,3,3,1,0.7778,233.242,991.000,966.000,11.3711,10.0000,1.1290,1.2419,4.8729,0.1247,0.7481,0.1273,0.0000,0.0000,3.4028,0.4775,0.6290
6,4,232,233,2,2,2,0.7500,232.491,993.333,543.719,11.3205,11.0000,1.1579,0.6567,5.3602,0.2000,0.3333,0.4667,0.0000,0.0000,3.1600,0.4873,0.7193
9,3,232,234,3,3,2,0.5000,233.103,1019.449,601.333,12.6223,11.0000,1.2692,0.8101,5.3420,0.2059,0.4550,0.3392,0.7188,0.0195,2.4380,-0.0017,0.4103
9,3,232,234,3,3,2,0.5000,232.824,1022.216,865.811,11.9864,11.0000,1.3378,1.2103,5.3240,0.5027,0.1913,0.3060,0.8742,0.0793,2.4200,0.0099,0.4054
7,3,232,235,4,2,2,0.4375,233.450,1025.267,813.883,10.9966,11.0000,1.2833,0.5359,5.3420,0.6673,0.1280,0.2047,0.9953,0.0695,2.9188,0.7210,0.5000
8,3,232,235,4,3,3,0.2222,233.719,1031.109,726.156,10.9621,10.0000,1.2500,0.8961,4.8400,0.0850,0.6905,0.2245,0.9973,0.0738,2.6784,0.9779,0.4375
14,3,232,235,4,4,4,0.2188,233.364,1038.573,919.482,14.2597,11.0000,1.4000,1.5614,5.3420,0.2080,0.4651,0.3269,0.5599,0.8285,2.4249,0.0147,0.2727
12,7,232,235,4,4,2,0.3750,232.906,1042.170,595.925,14.8653,12.0000,1.3585,1.1760,5.8277,0.2832,0.6083,0.1085,0.4343,0.1073,2.9089,0.9713,0.6509
9,3,232,234,3,3,4,0.2500,232.671,1045.699,670.877,11.8305,10.0000,1.2329,0.9766,4.8729,0.4765,0.2421,0.2814,0.5012,0.7318,1.4816,0.0197,0.5205
15,6,232,235,4,4,3,0.3125,233.460,1048.581,725.968,15.5245,12.0000,1.4516,0.7938,5.8080,0.4248,0.2732,0.3020,0.9228,0.3414,2.4380,0.4856,0.5323
3,3,232,233,2,2,1,0.7500,232.300,1055.600,624.000,8.4316,12.0000,1.2000,0.6708,5.8475,0.5333,0.2667,0.2000,0.7071,0.0000,3.4176,0.9746,1.0000
17,7,232,236,5,3,4,0.2833,234.128,1060.085,667.149,16.5446,10.0000,1.2057,1.6121,4.8564,0.7105,0.1019,0.1876,0.7559,0.2618,2.9271,0.4807,0.5319
6,3,232,234,3,2,2,0.5000,233.200,1069.460,688.860,9.9064,10.0000,1.2000,0.5208,4.8564,0.3810,0.3333,0.2857,0.9487,0.1690,2.6752,-0.4750,0.5600
6,3,232,233,2,3,2,0.5000,232.673,1070.592,699.367,9.7256,9.0000,1.1020,1.0973,4.3856,0.6075,0.1449,0.2475,0.1615,0.2261,2.6710,0.4840,0.5510
4,3,232,233,2,1,2,1.0000,232.525,1075.000,573.425,9.7285,12.0000,1.2000,0.6374,5.8277,0.0000,0.7500,0.2500,0.0000,0.0000,3.4110,0.0197,0.8000
12,3,232,235,4,5,2,0.3000,233.330,1081.495,659.835,13.5835,11.0000,1.3608,0.6255,5.3420,0.7097,0.1833,0.1070,0.3598,0.0308,1.9688,0.9647,0.3299
6,4,232,234,3,4,1,0.5000,232.593,1083.259,591.000,10.7210,11.0000,1.2222,0.9486,5.3602,0.8424,0.1058,0.0518,0.5335,0.0000,3.4036,0.9614,0.7222
6,5,232,233,2,2,2,0.7500,232.500,1086.661,679.306,12.3132,12.0000,1.1613,0.6772,5.8277,0.2000,0.3333,0.4667,0.0000,0.0000,3.6456,0.7293,0.8710
7,4,232,235,4,2,2,0.4375,233.049,1099.590,839.131,11.1951,10.0000,1.1475,0.4331,4.8564,0.8025,0.0737,0.1238,0.9492,0.0000,3.3700,0.9778,0.6066
12,5,232,234,3,4,2,0.5000,232.925,1101.311,646.406,14.8643,11.0000,1.2453,1.3400,5.3240,0.5419,0.1596,0.2985,0.6116,0.2960,3.4028,0.9663,0.7170
5,4,232,233,2,3,1,0.8333,232.451,1105.314,662.000,11.0971,13.0000,1.2745,0.8789,6.3133,0.5854,0.2927,0.1220,0.3162,0.0000,3.4258,0.4856,0.8627
7,3,232,233,2,2,3,0.5833,232.593,1106.424,785.864,10.8447,11.0000,1.3051,0.7183,5.3420,0.5352,0.1763,0.2885,0.5345,0.8125,2.9072,0.4972,0.5085
11,4,232,234,3,4,3,0.3056,232.947,1126.863,670.832,13.9130,12.0000,1.3895,0.8444,5.8277,0.2908,0.5223,0.1869,0.2788,0.7073,2.9352,0.9721,0.4316
4,3,232,233,2,3,1,0.6667,232.744,1126.026,772.000,9.4783,12.0000,1.2308,0.2577,5.8277,0.5357,0.3214,0.1429,0.0000,0.0000,3.6506,0.4856,0.7949
12,4,233,235,3,3,5,0.2667,233.660,351.206,929.021,13.5683,10.0000,1.2371,1.2327,4.8564,0.8031,0.0972,0.0998,0.3684,0.1792,2.6603,0.9607,0.4742
6,5,233,235,3,1,2,1.0000,234.036,392.000,817.509,10.8662,10.0000,1.0909,1.1468,4.8564,0.5556,0.3333,0.1111,1.0000,0.0000,3.6152,0.4872,0.8727
8,3,233,235,3,2,3,0.4444,234.388,407.597,982.104,11.4500,10.0000,1.1940,0.8613,4.8236,0.2980,0.4245,0.2776,0.7259,0.1740,2.4315,0.9549,0.4179
9,4,233,236,4,2,2,0.5625,235.104,419.701,736.273,12.3765,12.0000,1.4026,0.9832,5.7689,0.7348,0.0703,0.1949,0.9553,0.2956,2.4501,0.2421,0.5325
6,3,233,234,2,2,3,0.5000,233.151,426.491,939.189,10.5025,11.0000,1.2453,0.5468,5.3420,0.3810,0.3333,0.2857,0.0000,0.8452,3.1567,0.9614,0.5660
4,3,233,235,3,1,2,0.6667,234.206,457.000,952.206,8.2223,9.0000,1.0588,1.2233,4.3708,0.7500,0.1500,0.1000,0.9487,0.0000,2.8966,0.4741,0.7941
7,3,233,234,2,3,2,0.5833,233.458,476.881,1083.271,10.8130,11.0000,1.3051,0.6179,5.3240,0.3883,0.1309,0.4808,0.3626,0.5691,2.9236,0.4799,0.4915
6,3,233,234,2,3,3,0.3333,233.189,495.434,456.981,10.5012,11.0000,1.2453,0.5970,5.3420,0.5367,0.2153,0.2481,0.1858,0.9251,2.6857,0.9762,0.5660
18,4,233,237,5,4,4,0.2250,234.913,539.447,834.573,17.0594,11.0000,1.3200,0.6238,5.3060,0.2633,0.4870,0.2497,0.6986,0.2499,2.9169,1.2034,0.4467
20,6,233,235,3,3,7,0.3175,233.542,547.982,730.018,18.2101,10.0000,1.1905,1.1218,4.8564,0.7916,0.0840,0.1244,0.1502,0.8749,2.9105,0.9713,0.4464
9,5,233,234,2,3,3,0.5000,233.320,547.933,740.187,12.1279,10.0000,1.2000,1.2309,4.8564,0.4173,0.1929,0.3898,0.1727,0.9328,2.9089,0.4930,0.6133
8,4,233,235,3,2,3,0.4444,234.015,552.118,802.412,11.6356,10.0000,1.1765,0.6001,4.8400,0.5868,0.2488,0.1644,0.8431,0.1469,3.1419,0.7178,0.5441
24,4,233,237,5,4,5,0.2400,234.898,555.358,815.460,18.4189,10.0000,1.2834,1.4653,4.8236,0.5286,0.0408,0.4306,0.4351,0.4077,2.1740,0.4955,0.2513
8,4,233,235,3,1,4,0.6667,233.985,561.000,632.776,11.4656,11.0000,1.3134,0.2244,5.3240,0.5857,0.3408,0.0735,0.4132,0.0000,2.6432,0.4906,0.5672
11,4,233,235,3,3,4,0.3056,234.258,571.022,760.528,12.9765,10.0000,1.2360,0.5884,4.8400,0.6311,0.1292,0.2397,0.3646,0.7574,2.9122,1.4389,0.5281
14,8,233,235,3,3,4,0.3889,233.911,575.815,780.669,16.0447,11.0000,1.2419,0.7002,5.3240,0.4760,0.1509,0.3732,0.2577,0.0185,3.3798,0.9779,0.6371
7,3,233,234,2,3,2,0.5833,233.596,586.175,861.246,10.4415,10.0000,1.2281,0.5039,4.8400,0.3883,0.1309,0.4808,0.3626,0.5691,1.9450,0.4840,0.5088
10,4,233,236,4,4,3,0.2083,234.793,589.585,869.793,12.5169,11.0000,1.3415,0.9183,5.3240,0.4231,0.2036,0.3734,0.7679,0.2000,2.4053,0.7179,0.4634
5,3,233,235,3,1,3,0.5556,233.932,662.000,335.818,9.5260,10.0000,1.1364,0.9494,4.8564,0.5532,0.3398,0.1070,0.5606,0.0000,3.3912,1.4413,0.6591
8,3,233,234,2,4,3,0.3333,233.746,668.286,888.667,10.7898,9.0000,1.1429,1.5234,4.3708,0.6105,0.2165,0.1730,0.2431,0.9697,2.1935,0.4889,0.4286
6,4,233,234,2,2,3,0.5000,233.358,736.868,1126.245,10.4951,10.0000,1.1321,0.4540,4.8564,0.5230,0.1584,0.3185,0.3667,0.5079,3.6332,0.4832,0.7358
4,4,233,234,2,2,2,0.5000,233.225,785.225,354.225,9.7054,13.0000,1.3000,0.3897,6.3133,0.0000,0.5625,0.4375,0.4459,0.5774,3.4060,1.4520,1.0000
5,3,233,233,1,2,3,0.8333,233.000,802.452,354.762,9.1218,10.0000,1.1905,0.9383,4.8564,0.5854,0.2927,0.1220,0.0000,1.0000,3.4077,0.4889,0.6667
10,3,233,236,4,3,2,0.4167,234.713,821.575,856.913,12.2150,10.0000,1.2500,0.9197,4.8400,0.6436,0.2554,0.1010,0.9890,0.1081,2.4441,0.4921,0.3500
6,3,233,235,3,2,2,0.5000,233.882,824.176,393.275,10.0812,11.0000,1.2941,0.3469,5.3240,0.5230,0.1584,0.3185,0.9225,0.0898,3.1452,0.9614,0.5686
33,6,233,237,5,5,7,0.1886,234.932,832.928,805.409,23.4330,11.0000,1.3011,1.4422,5.3240,0.7131,0.1999,0.0870,0.1273,0.0351,2.9105,0.9647,0.3835
40,18,233,237,5,7,6,0.1905,234.510,837.096,797.592,27.8844,16.0000,1.7534,1.9002,7.7439,0.6311,0.1574,0.2114,0.1254,0.5168,2.9072,0.9615,0.5370
17,4,233,236,4,4,4,0.2656,233.838,836.887,838.845,16.6782,11.0000,1.3169,1.6293,5.3420,0.6779,0.0993,0.2228,0.4139,0.3370,2.4282,0.2600,0.4789
32,8,233,236,4,5,7,0.2286,234.183,839.992,791.172,22.4028,12.0000,1.4656,1.0236,5.8080,0.6904,0.1729,0.1367,0.1536,0.5096,2.9072,0.4888,0.4389
62,8,233,235,3,8,14,0.1845,233.838,844.233,777.208,31.1198,13.0000,1.5929,2.8069,6.2920,0.9274,0.0490,0.0237,0.0155,0.9850,2.8909,1.2084,0.3577
19,7,233,236,4,3,6,0.2639,234.377,841.836,772.591,17.6325,10.0000,1.1950,0.7202,4.8400,0.7159,0.1890,0.0951,0.5210,0.2956,2.9040,0.9550,0.4717
10,7,233,235,3,3,4,0.2778,233.791,842.604,785.462,13.9377,12.0000,1.3187,0.8360,5.8080,0.4467,0.3434,0.2099,0.1050,0.7324,2.9163,0.9647,0.7692
38,4,233,234,2,6,11,0.2879,233.473,847.518,763.709,24.6191,11.0000,1.3355,4.9597,5.3420,0.9188,0.0512,0.0300,0.0437,0.9920,2.9204,0.9614,0.4058
10,4,233,235,3,3,3,0.3704,234.207,871.537,695.793,12.5416,10.0000,1.2195,0.5484,4.8400,0.3804,0.3201,0.2995,0.8100,0.5783,2.4200,0.4840,0.4512
8,5,233,235,3,3,2,0.4444,234.132,874.961,853.868,12.9993,14.0000,1.4737,0.1902,6.7760,0.3523,0.3997,0.2481,0.8371,0.0339,3.6193,0.9713,0.7105
18,3,233,238,6,5,4,0.1500,236.644,876.233,730.603,16.5083,10.0000,1.2329,0.5822,4.7913,0.1960,0.7215,0.0825,0.1290,0.0861,2.8748,0.4824,0.3219
5,3,233,235,3,2,1,0.8333,233.783,880.370,1055.000,9.9641,11.0000,1.1957,0.4288,5.3240,0.5854,0.2927,0.1220,0.9487,0.0000,3.3814,0.9746,0.6522
8,3,233,234,2,3,2,0.6667,233.344,912.750,1058.516,10.9760,9.0000,1.1250,0.9567,4.3708,0.4396,0.1507,0.4097,0.2015,0.5411,2.9006,0.0098,0.4219
4,3,233,236,4,1,1,1.0000,234.541,979.000,1009.000,8.9377,10.0000,1.0811,0.5405,4.8400,0.9375,0.0000,0.0625,1.0000,0.0000,3.3692,0.4954,0.7838
6,3,233,235,3,1,3,0.6667,233.863,984.000,969.275,10.0819,10.0000,1.1765,1.1272,4.8564,0.5235,0.3913,0.0852,0.4179,0.0000,2.6717,0.4840,0.5686
4,3,233,235,3,2,1,0.6667,234.189,985.811,935.000,8.9483,10.0000,1.0811,1.2041,4.8564,0.7500,0.1500,0.1000,0.9487,0.0000,3.3749,0.7129,0.8108
10,3,233,235,3,5,3,0.2222,233.438,1002.138,983.013,12.2677,11.0000,1.3750,0.4588,5.3420,0.7164,0.1868,0.0968,0.3041,0.5203,2.4282,0.4897,0.3750
4,3,233,234,2,2,1,1.0000,233.514,1016.486,844.000,8.4839,9.0000,1.0286,0.7074,4.3708,0.0000,0.7500,0.2500,1.0000,0.0000,3.3880,0.9696,0.7714
11,3,233,235,3,5,3,0.2444,233.609,1029.152,755.728,13.4435,12.0000,1.4348,0.5001,5.8080,0.7364,0.1714,0.0922,0.2011,0.2761,2.8777,0.4832,0.4457
7,3,233,234,2,2,4,0.4375,233.714,1030.286,946.625,10.2542,10.0000,1.2500,0.5513,4.8400,0.6801,0.1680,0.1519,0.3541,0.8390,2.4331,1.4405,0.5000
3,3,233,235,3,1,1,1.0000,234.000,1054.000,356.000,7.8243,10.0000,1.0714,0.0000,4.8400,0.8889,0.0000,0.1111,1.0000,0.0000,4.8531,0.9737,1.0000
13,5,233,237,5,3,3,0.2889,235.079,1066.711,708.140,15.2475,11.0000,1.2544,1.2995,5.3060,0.6523,0.1035,0.2441,0.7993,0.5947,3.3587,0.4856,0.5965
9,3,233,236,4,3,2,0.3750,234.708,1087.806,802.514,11.5883,9.0000,1.1250,1.7945,4.3708,0.7055,0.1988,0.0957,0.9266,0.3665,2.4167,0.4840,0.3750
7,3,233,234,2,4,2,0.4375,233.719,1087.737,799.877,10.4372,10.0000,1.2281,0.4039,4.8400,0.8040,0.0402,0.1558,0.2392,0.3441,2.4249,0.2370,0.4912
4,3,233,234,2,2,2,0.5000,233.514,1093.257,725.800,8.4839,10.0000,1.1429,0.6088,4.8564,0.5916,0.1015,0.3069,0.7071,0.7071,3.3847,0.9696,0.8000
12,3,233,236,4,4,2,0.3750,234.546,1092.825,732.505,13.5277,10.0000,1.2371,0.7645,4.8400,0.1616,0.6088,0.2296,0.7513,0.3871,2.9023,0.4840,0.4742
10,3,233,235,3,3,3,0.3704,233.914,1099.457,664.025,12.4010,11.0000,1.3580,0.4655,5.3240,0.4718,0.3365,0.1918,0.2272,0.0705,3.3733,1.4438,0.3580
3,3,233,234,2,2,1,0.7500,233.667,1217.667,563.000,7.5533,9.0000,1.0000,0.7454,4.3708,0.5333,0.2667,0.2000,0.7071,0.0000,4.8400,2.9048,1.0000
17,3,234,237,4,2,4,0.5312,235.241,322.667,860.390,16.4824,11.0000,1.3262,0.5669,5.3060,0.6739,0.1478,0.1783,0.7529,0.0824,2.8942,0.7155,0.3404
5,3,234,235,2,1,3,0.8333,234.595,381.000,749.286,9.0726,10.0000,1.1905,0.9298,4.8400,0.5854,0.2927,0.1220,0.3162,0.0000,3.3765,0.9680,0.6667
9,3,234,237,4,2,2,0.5625,235.680,381.427,728.213,12.0316,10.0000,1.2000,0.5744,4.8074,0.5965,0.2191,0.1844,0.9935,0.0922,2.8877,0.4881,0.3733
15,3,234,239,6,4,4,0.1562,236.009,386.560,953.810,14.3989,9.0000,1.1638,1.1165,4.3413,0.8986,0.0234,0.0780,0.9005,0.4273,2.3924,0.4823,0.2328
7,3,234,237,4,3,2,0.2917,235.397,480.138,787.759,10.5603,10.0000,1.2069,0.4843,4.8236,0.6955,0.1639,0.1406,0.8273,0.1917,2.8812,0.9615,0.5000
9,5,234,237,4,2,2,0.5625,235.321,506.595,808.833,13.4917,14.0000,1.5000,0.6967,6.7531,0.6583,0.1394,0.2023,0.9839,0.0504,3.3945,0.9551,0.6429
3,3,234,236,3,1,1,1.0000,234.964,519.000,958.000,7.7988,10.0000,1.0714,0.9643,4.8400,0.8889,0.0000,0.1111,1.0000,0.0000,3.3798,0.9680,1.0000
11,3,234,237,4,4,3,0.2292,235.701,546.724,790.322,12.6235,10.0000,1.2644,1.0137,4.8236,0.7955,0.1001,0.1044,0.7744,0.3054,2.4167,0.9389,0.3333
9,5,234,236,3,2,3,0.5000,234.643,566.452,745.214,13.5225,12.0000,1.2857,0.8148,5.8080,0.0937,0.5177,0.3885,0.7513,0.3197,3.3847,0.9598,0.6310
43,14,234,236,3,5,9,0.3185,234.860,569.235,724.218,27.3037,12.0000,1.3908,0.8083,5.7884,0.7644,0.1563,0.0793,0.0786,0.9569,2.9072,0.9647,0.5391
10,3,234,236,3,3,4,0.2778,235.195,568.909,763.987,11.7377,9.0000,1.1688,1.0102,4.3413,0.7635,0.0628,0.1737,0.3235,0.8427,2.4143,0.0146,0.3506
6,3,234,235,2,2,3,0.5000,234.327,570.288,754.962,10.2634,11.0000,1.2692,0.4377,5.3240,0.1333,0.2667,0.6000,0.0000,0.7071,2.6669,0.9631,0.5769
21,7,234,237,4,3,6,0.2917,235.729,586.806,830.329,17.8505,11.0000,1.3588,0.8236,5.3060,0.6185,0.2176,0.1639,0.1130,0.4547,1.9391,0.4840,0.4118
4,3,234,235,2,2,2,0.5000,234.486,592.243,874.784,8.9392,10.0000,1.0811,0.5853,4.8400,0.5916,0.1015,0.3069,0.7071,0.7071,3.6218,1.4438,0.7838
5,3,234,235,2,2,2,0.6250,234.625,641.854,1067.438,10.3677,12.0000,1.2500,0.5944,5.7884,0.3432,0.2505,0.4063,0.6059,0.3645,3.8703,0.9713,0.6875
4,3,234,236,3,1,2,0.6667,234.771,653.000,349.200,8.4479,10.0000,1.1429,0.7969,4.8400,0.7500,0.1500,0.1000,0.9487,0.0000,3.3627,0.9582,0.8000
7,3,234,236,3,2,2,0.5833,235.000,671.767,875.333,10.9391,12.0000,1.4000,0.7063,5.7884,0.6517,0.0773,0.2710,0.8881,0.0000,3.3636,0.9647,0.5000
12,3,234,237,4,3,4,0.2500,235.660,724.093,876.124,13.4770,11.0000,1.3608,1.1777,5.2882,0.2885,0.4654,0.2461,0.4032,0.2838,2.8877,0.9615,0.3918
6,4,234,236,3,2,3,0.3333,235.057,755.660,869.962,10.4350,11.0000,1.2453,0.3464,5.3060,0.2238,0.4308,0.3454,0.0000,0.0000,2.8893,0.7243,0.7358
8,3,234,237,4,3,2,0.3333,235.281,768.266,357.891,10.9044,10.0000,1.2500,1.0334,4.8074,0.7896,0.0621,0.1484,0.8640,0.0389,2.6685,0.4922,0.4375
8,3,234,235,2,2,3,0.6667,234.344,827.594,725.875,10.9389,10.0000,1.2500,0.6974,4.8400,0.6025,0.1071,0.2905,0.1043,0.0528,2.6522,1.2026,0.4375
24,6,234,236,3,3,6,0.4444,234.732,827.576,755.530,19.5132,10.0000,1.2121,1.7401,4.8400,0.6987,0.1090,0.1923,0.1267,0.2008,3.3847,0.4954,0.4747
12,4,234,236,3,3,3,0.4444,235.132,830.170,811.849,14.7536,12.0000,1.3585,1.1948,5.7884,0.3509,0.3206,0.3285,0.6115,0.5456,2.4167,0.4921,0.4906
6,3,234,236,3,2,2,0.5000,234.820,851.360,417.160,9.8522,10.0000,1.2000,0.4331,4.8236,0.5230,0.1584,0.3185,0.9225,0.0898,4.5808,0.9712,0.5600
5,3,234,236,3,2,1,0.8333,234.822,883.356,437.000,9.7133,11.0000,1.2222,0.3975,5.3060,0.5854,0.2927,0.1220,0.9487,0.0000,3.8419,0.4832,0.6444
9,6,234,236,3,4,1,0.7500,234.838,1014.487,445.000,12.8702,10.0000,1.1250,0.9819,4.8400,0.6972,0.2440,0.0588,0.4472,0.0000,3.8720,0.4824,0.7125
7,3,234,236,3,2,3,0.3889,234.895,1027.667,729.860,10.3958,10.0000,1.2281,0.6894,4.8236,0.3994,0.3420,0.2586,0.7329,0.5294,2.9072,0.9615,0.4912
4,3,234,236,3,2,1,0.6667,234.714,1063.743,817.000,8.4496,9.0000,1.0286,1.0306,4.3560,0.7500,0.1500,0.1000,0.9487,0.0000,3.3773,0.7162,0.7714
5,3,234,236,3,2,1,0.8333,234.756,1065.578,776.000,9.7155,11.0000,1.2222,0.4879,5.3060,0.5854,0.2927,0.1220,0.9487,0.0000,3.3634,0.2468,0.6667
15,3,234,237,4,4,4,0.2344,235.923,1065.362,811.538,16.1409,11.0000,1.2692,0.5913,5.2882,0.7184,0.1339,0.1477,0.4908,0.0180,2.9006,0.7204,0.5462
4,3,234,236,3,2,1,0.6667,235.378,1066.757,761.000,8.9124,12.0000,1.2973,0.6675,5.7689,0.7500,0.1500,0.1000,0.9487,0.0000,3.3757,0.0065,0.8108
12,4,234,238,5,3,3,0.2667,235.847,1068.357,611.082,13.6076,12.0000,1.4694,1.2099,5.7496,0.7987,0.0330,0.1683,0.9594,0.0456,3.3668,0.9599,0.3980
7,3,234,237,4,3,2,0.2917,235.345,1072.241,746.724,10.5622,10.0000,1.2069,0.5033,4.8236,0.8665,0.0234,0.1101,0.8231,0.0158,2.4037,0.4840,0.4828
8,5,234,236,3,3,2,0.4444,234.897,1082.368,676.765,11.6009,11.0000,1.2941,0.4485,5.3060,0.4921,0.2953,0.2126,0.7554,0.1875,3.6136,0.9583,0.6912
12,4,234,238,5,3,4,0.2000,235.291,1081.049,834.689,14.3286,12.0000,1.3981,0.4286,5.7884,0.6917,0.1359,0.1724,0.9457,0.1347,2.9023,0.9582,0.4854
12,4,234,236,3,3,4,0.3333,234.970,1082.889,828.071,13.7869,11.0000,1.3333,0.8922,5.3060,0.6271,0.0502,0.3227,0.3154,0.4482,2.8974,0.2485,0.3939
14,4,234,236,3,5,2,0.4667,234.815,1087.723,793.580,15.3508,11.0000,1.2941,0.8562,5.3060,0.7324,0.0676,0.2000,0.2184,0.1259,2.4280,0.4759,0.4874
4,3,234,235,2,2,2,0.5000,234.825,1089.700,736.750,9.6530,12.0000,1.2000,0.7636,5.7884,0.0000,0.5625,0.4375,0.4459,0.5774,4.0968,0.9680,0.8250
9,3,235,238,4,3,2,0.3750,236.875,418.125,936.569,11.5042,9.0000,1.1250,1.0514,4.3267,0.6586,0.1080,0.2334,0.9535,0.2373,3.3507,0.9599,0.5000
12,6,235,238,4,3,3,0.3333,236.907,549.009,808.626,14.8044,12.0000,1.3458,1.1556,5.7305,0.7469,0.0657,0.1874,0.8396,0.3175,2.6473,0.4938,0.5888
8,3,235,237,3,2,4,0.3333,235.701,552.552,806.045,11.3994,11.0000,1.3134,1.1752,5.2882,0.8039,0.0494,0.1467,0.5201,0.0361,2.4215,0.9615,0.4478
17,8,235,238,4,2,6,0.3542,236.945,564.234,838.083,16.8533,12.0000,1.4069,0.2547,5.7496,0.7425,0.1574,0.1001,0.3397,0.1230,2.8974,0.9551,0.5241
3,3,235,237,3,1,1,1.0000,236.000,568.000,736.000,7.4941,9.0000,1.0000,1.0000,4.3413,0.8889,0.0000,0.1111,1.0000,0.0000,2.8845,0.4743,1.0000
21,3,235,238,4,4,5,0.2625,236.702,576.778,814.936,17.8971,11.0000,1.3509,2.0709,5.2882,0.2336,0.3126,0.4537,0.1619,0.0245,2.4005,0.4927,0.3509
12,6,235,237,3,3,5,0.2667,235.530,590.370,660.130,13.8999,10.0000,1.2000,0.8335,4.8236,0.6984,0.1772,0.1244,0.0651,0.1216,2.6649,0.4856,0.5600
7,3,235,237,3,2,2,0.5833,235.678,598.458,843.254,10.7322,10.0000,1.1864,0.8566,4.8236,0.4379,0.1023,0.4598,0.9744,0.1730,2.8845,0.9647,0.4915
5,3,235,236,2,2,3,0.4167,235.762,607.167,859.286,9.0370,10.0000,1.1905,1.0576,4.8236,0.6489,0.0995,0.2515,0.3339,0.8871,2.4037,0.0097,0.6667
6,3,235,236,2,2,2,0.7500,235.481,646.558,511.288,10.2235,11.0000,1.2692,0.7141,5.3060,0.2667,0.1333,0.6000,0.7071,0.7071,3.6112,0.7211,0.5769
8,3,235,236,2,2,4,0.5000,235.600,647.354,867.646,11.0628,11.0000,1.3538,0.8383,5.2882,0.6892,0.1759,0.1348,0.0073,0.6301,2.4158,0.4872,0.4615
12,3,235,238,4,3,3,0.3333,236.417,664.208,874.021,13.3043,10.0000,1.2500,0.6198,4.7913,0.6528,0.2347,0.1125,0.8968,0.4335,2.6432,0.2405,0.4792
10,5,235,238,4,2,3,0.4167,236.053,752.351,868.064,14.2879,13.0000,1.3830,0.3608,6.2497,0.5862,0.1373,0.2765,0.9890,0.1213,2.6514,0.0024,0.6170
6,4,235,237,3,1,2,1.0000,236.000,764.000,336.525,11.5796,13.0000,1.3220,0.4746,6.2497,0.5556,0.3333,0.1111,1.0000,0.0000,4.3170,0.9647,0.7288
5,3,235,236,2,3,1,0.8333,235.571,816.738,1015.000,9.0428,9.0000,1.0714,0.9334,4.3413,0.5854,0.2927,0.1220,0.3162,0.0000,3.8410,1.4350,0.6429
10,5,235,237,3,4,3,0.2778,235.393,818.833,786.595,12.7962,11.0000,1.3095,0.7324,5.3060,0.6663,0.1000,0.2337,0.4534,0.8841,3.1281,0.9583,0.5714
5,4,235,236,2,2,2,0.6250,235.604,825.146,742.458,10.3335,12.0000,1.2500,0.6866,5.7689,0.3432,0.2505,0.4063,0.6059,0.3645,3.8443,1.4342,0.8542
12,3,235,237,3,4,3,0.3333,235.653,849.705,703.168,13.1994,10.0000,1.2632,0.7356,4.8236,0.2880,0.3777,0.3343,0.1113,0.4048,2.8748,0.0145,0.2947
5,3,235,236,2,2,2,0.6250,235.390,967.341,938.780,8.8329,9.0000,1.0976,0.9370,4.3413,0.3432,0.2505,0.4063,0.6059,0.3645,3.8451,0.9582,0.6585
3,3,235,237,3,1,1,1.0000,236.000,975.000,637.000,8.8819,12.0000,1.1250,0.0000,5.7689,0.8889,0.0000,0.1111,1.0000,0.0000,3.8686,1.4454,1.0000
5,4,235,237,3,1,2,0.8333,236.289,1023.000,597.400,9.6654,11.0000,1.2222,0.8159,5.2705,0.5854,0.2927,0.1220,0.9487,0.0000,3.3684,0.4871,0.8444
3,3,235,236,2,2,1,0.7500,235.667,1035.333,652.000,7.5025,9.0000,1.0000,0.7454,4.3413,0.5333,0.2667,0.2000,0.7071,0.0000,3.3620,1.4422,1.0000
8,5,235,238,4,3,2,0.3333,236.030,1062.716,655.731,11.3869,9.0000,1.0746,1.2946,4.3413,0.8159,0.0222,0.1618,0.8571,0.5123,3.3547,0.9486,0.6716
6,3,235,236,2,3,2,0.5000,235.415,1085.358,882.849,10.4224,11.0000,1.2453,0.7024,5.2882,0.5034,0.2551,0.2415,0.1128,0.4328,3.1354,0.9549,0.5849
10,3,235,237,3,3,3,0.3704,235.829,1087.500,750.024,12.4732,11.0000,1.3415,0.5289,5.2882,0.4760,0.2519,0.2721,0.7406,0.5944,2.8780,0.9599,0.3537
6,3,236,238,3,2,2,0.5000,237.241,344.667,879.148,10.5543,11.0000,1.2222,0.4371,5.2705,0.5230,0.1584,0.3185,0.9225,0.0898,3.3492,0.4902,0.5741
3,3,236,236,1,1,3,1.0000,236.000,431.000,516.964,7.7716,10.0000,1.0714,0.9643,4.8074,0.8889,0.0000,0.1111,0.0000,1.0000,3.3636,1.4309,1.0000
4,3,236,238,3,2,1,0.6667,237.027,515.811,771.000,8.8632,11.0000,1.1892,0.1911,5.2705,0.5357,0.3214,0.1429,1.0000,0.0000,3.5830,0.9518,0.8108
5,4,236,238,3,1,3,0.5556,237.255,543.000,875.851,10.0624,10.0000,1.0638,0.2956,4.7913,0.8123,0.1108,0.0769,0.7071,0.0000,3.8235,1.2018,0.8298
6,4,236,238,3,2,2,0.5000,237.314,586.863,667.314,9.9655,10.0000,1.1765,0.4644,4.7913,0.5034,0.2551,0.2415,0.9677,0.2521,2.8628,0.4791,0.7255
5,3,236,238,3,2,1,0.8333,236.860,590.628,872.000,9.2182,10.0000,1.1628,0.3974,4.7913,0.5854,0.2927,0.1220,0.9487,0.0000,2.8770,1.4197,0.6512
9,3,236,238,3,2,2,0.7500,237.027,595.562,361.685,11.6580,10.0000,1.2329,0.5405,4.7913,0.5629,0.0925,0.3446,0.9700,0.1619,2.8780,0.9519,0.3836
8,3,236,238,3,2,2,0.6667,236.913,633.362,853.420,11.6921,11.0000,1.2754,0.6891,5.2705,0.3463,0.4131,0.2406,0.9921,0.1255,3.3396,0.4815,0.6812
3,3,236,238,3,1,1,1.0000,237.000,674.000,411.000,8.2989,12.0000,1.2000,0.0000,5.7496,0.8889,0.0000,0.1111,1.0000,0.0000,3.3716,0.9582,1.0000
6,3,236,238,3,2,2,0.5000,236.750,770.462,868.135,10.1801,12.0000,1.3846,0.5419,5.7496,0.6373,0.1269,0.2358,0.8795,0.0724,2.6464,1.1867,0.5769
10,5,236,239,4,2,3,0.4167,237.407,778.721,840.279,13.0127,11.0000,1.2791,0.8736,5.2705,0.6204,0.1091,0.2705,0.7489,0.2792,3.1040,0.9615,0.5698
11,3,236,239,4,4,2,0.3438,237.440,787.352,853.648,13.1271,11.0000,1.3297,1.5049,5.2529,0.2699,0.6259,0.1042,0.3505,0.1804,2.4069,0.9647,0.4505
14,5,236,240,5,3,3,0.3111,237.586,790.586,825.509,14.8256,12.0000,1.4483,0.7753,5.7305,0.6870,0.2173,0.0957,0.9411,0.3319,2.8652,0.5090,0.4310
15,4,236,238,3,6,2,0.4167,236.771,801.085,819.339,14.6093,10.0000,1.2712,1.0025,4.7913,0.8041,0.1358,0.0601,0.0631,0.2851,1.9397,0.4855,0.3220
5,3,236,237,2,2,2,0.6250,236.442,811.837,469.628,9.2311,10.0000,1.1628,0.6002,4.8074,0.3432,0.2505,0.4063,0.6059,0.3645,3.8298,0.4920,0.6744
4,3,236,237,2,2,2,0.5000,236.243,821.486,861.811,8.8865,11.0000,1.1892,0.5989,5.2882,0.5916,0.1015,0.3069,0.5000,0.5000,3.5951,1.4342,0.8108
3,3,236,237,2,2,1,0.7500,236.667,832.333,710.000,7.4773,9.0000,1.0000,0.7454,4.3267,0.5333,0.2667,0.2000,0.7071,0.0000,2.8772,0.4887,1.0000
4,3,236,237,2,1,2,1.0000,236.528,835.000,916.472,8.6381,10.0000,1.1111,0.7082,4.8074,0.0000,0.7500,0.2500,0.0000,0.0000,4.0710,0.7235,0.8056
5,3,236,238,3,3,1,0.5556,237.227,882.023,1074.000,9.4210,10.0000,1.1364,0.2284,4.7913,0.5532,0.3398,0.1070,0.8281,0.0000,3.3428,0.4775,0.6364
5,3,236,237,2,2,2,0.6250,236.413,924.435,441.783,9.8761,10.0000,1.0870,0.9860,4.8074,0.3432,0.2505,0.4063,0.6059,0.3645,4.3114,0.9615,0.8478
7,3,236,238,3,3,3,0.2593,237.000,1032.695,745.288,10.6847,10.0000,1.1864,0.7523,4.7913,0.8551,0.0217,0.1232,0.6207,0.7840,3.3539,1.4519,0.4746
6,4,236,238,3,3,1,0.6667,236.920,1079.780,644.000,9.7830,9.0000,1.0800,1.2062,4.3267,0.6944,0.2222,0.0833,0.8000,0.0000,3.3442,0.9511,0.7200
7,3,237,239,3,2,2,0.5833,238.083,430.383,521.517,10.8266,13.0000,1.5167,0.6225,6.2080,0.5352,0.1763,0.2885,0.8018,0.5745,2.8715,1.4279,0.5167
5,3,237,238,2,2,2,0.6250,237.395,944.628,461.814,9.2017,10.0000,1.1628,0.7339,4.7754,0.3432,0.2505,0.4063,0.6059,0.3645,3.3571,0.7123,0.6512
4,3,237,240,4,1,1,1.0000,238.371,1046.000,672.000,8.3468,10.0000,1.1429,1.3714,4.7913,0.9375,0.0000,0.0625,1.0000,0.0000,3.3325,0.4743,0.8000
5,3,237,239,3,2,1,0.8333,238.244,1070.644,1002.000,9.6026,11.0000,1.2222,0.4315,5.2529,0.5854,0.2927,0.1220,0.9487,0.0000,4.7565,0.4791,0.6667
4,3,238,239,2,2,2,0.5000,238.714,686.800,371.743,8.3372,10.0000,1.1429,0.7851,4.7754,0.0000,0.5625,0.4375,0.4459,0.5774,3.8077,1.4295,0.8000
3,3,238,239,2,1,2,0.7500,238.710,750.000,868.290,8.5269,13.0000,1.2581,0.4106,6.1875,0.5333,0.2667,0.2000,0.7071,0.0000,3.3491,0.7178,1.0000
5,3,238,240,3,2,2,0.4167,238.884,956.837,472.767,9.1564,10.0000,1.1628,0.7931,4.7596,0.6489,0.0995,0.2515,0.9362,0.2726,3.7928,0.9535,0.6744
3,3,238,240,3,1,1,1.0000,239.033,1033.000,732.000,8.2430,11.0000,1.1000,0.0333,5.2355,0.8889,0.0000,0.1111,1.0000,0.0000,4.2656,0.7147,1.0000
4,3,238,239,2,1,2,1.0000,238.486,1055.000,626.541,8.8202,11.0000,1.1892,0.6692,5.2529,0.0000,0.7500,0.2500,0.0000,0.0000,3.8069,1.4295,0.7838
5,4,238,240,3,2,1,0.8333,238.848,1075.609,898.000,9.7963,11.0000,1.1957,0.6274,5.2355,0.5854,0.2927,0.1220,0.9487,0.0000,3.3428,-0.2364,0.8478
3,3,238,240,3,1,1,1.0000,239.000,1084.000,700.000,7.6943,10.0000,1.0714,0.0000,4.7596,0.8889,0.0000,0.1111,1.0000,0.0000,3.8250,1.4287,1.0000
7,3,239,241,3,3,2,0.3889,239.932,365.898,922.881,10.5814,10.0000,1.1864,0.9452,4.7596,0.7558,0.1056,0.1386,0.6480,0.2871,3.3099,0.9550,0.6441
5,3,239,241,3,2,2,0.4167,240.357,645.833,491.167,8.9002,10.0000,1.1905,0.6847,4.7285,0.6338,0.1686,0.1975,0.9585,0.2851,3.7967,1.1822,0.6667
8,3,239,241,3,3,2,0.4444,240.354,815.923,796.662,10.8895,10.0000,1.2308,1.0449,4.7439,0.2422,0.5633,0.1945,0.3149,0.2198,2.8526,0.9380,0.4308
4,4,239,240,2,1,2,1.0000,239.500,855.000,417.500,8.5532,9.0000,1.0000,0.7071,4.2836,0.0000,0.7500,0.2500,0.0000,0.0000,3.8006,1.8928,1.0000
4,3,239,240,2,2,1,1.0000,239.500,873.472,733.000,8.5532,10.0000,1.1111,0.6877,4.7439,0.0000,0.7500,0.2500,1.0000,0.0000,3.8077,1.6651,0.7778
9,3,239,241,3,5,1,0.6000,239.562,930.959,966.000,11.5603,10.0000,1.2329,1.1113,4.7596,0.6100,0.3312,0.0588,0.0000,0.0000,3.3052,0.7155,0.5068
5,3,239,240,2,3,1,0.8333,239.477,1137.682,588.000,9.3509,12.0000,1.3636,0.8591,5.6927,0.5854,0.2927,0.1220,0.3162,0.0000,4.7439,0.4775,0.6818
5,3,240,242,3,2,2,0.4167,241.023,600.814,814.163,9.0923,10.0000,1.1628,0.2483,4.7285,0.7958,0.0325,0.1718,0.9294,0.3690,3.7674,0.4806,0.6512
3,3,240,242,3,1,1,1.0000,240.967,683.000,588.000,8.1909,11.0000,1.1000,0.0333,5.2013,0.8889,0.0000,0.1111,1.0000,0.0000,3.7982,0.7031,1.0000
5,3,240,242,3,2,2,0.4167,240.953,790.186,709.581,9.0943,10.0000,1.1628,0.4604,4.7285,0.5461,0.2256,0.2283,0.8117,0.4177,4.7285,1.1829,0.6512
6,3,240,243,4,2,2,0.3750,241.600,866.460,849.840,9.6333,9.0000,1.0800,1.6725,4.2695,0.7696,0.0995,0.1309,0.9136,0.2553,3.5348,1.4185,0.5400
7,4,240,241,2,3,2,0.5833,240.377,973.902,462.590,10.9241,10.0000,1.1475,1.1417,4.7439,0.5927,0.2184,0.1889,0.5034,0.8504,3.7843,0.9542,0.6393
4,3,240,241,2,3,1,0.6667,240.514,987.029,568.000,8.2880,9.0000,1.0286,0.5151,4.2695,0.7576,0.1294,0.1129,0.5257,0.0000,3.7796,0.4713,0.7714
4,3,241,242,2,1,2,1.0000,241.526,759.000,884.447,8.9687,12.0000,1.2632,0.6515,5.6558,0.0000,0.7500,0.2500,0.0000,0.0000,3.3130,0.4759,0.7895
4,3,241,243,3,2,1,0.6667,242.351,971.270,740.000,8.7095,10.0000,1.0811,0.4433,4.7131,0.7500,0.1500,0.1000,0.9487,0.0000,4.2304,0.4698,0.8108
3,3,241,242,2,2,1,0.7500,241.333,1050.333,863.000,7.3630,9.0000,1.0000,0.4714,4.2556,0.5333,0.2667,0.2000,0.7071,0.0000,3.7828,0.7062,1.0000
5,3,241,243,3,2,1,0.8333,242.116,1081.628,640.000,9.0601,10.0000,1.1628,1.1767,4.7285,0.5854,0.2927,0.1220,0.9487,0.0000,4.7116,1.4109,0.6512
5,4,242,243,2,2,2,0.6250,242.587,580.174,770.587,9.6775,10.0000,1.0870,0.7385,4.7131,0.3432,0.2505,0.4063,0.6059,0.3645,3.3022,0.9396,0.8261
6,4,242,244,3,2,1,1.0000,242.902,829.490,932.000,9.7847,10.0000,1.1765,1.0266,4.7131,0.5556,0.3333,0.1111,1.0000,0.0000,3.7584,0.4758,0.7255
4,3,242,244,3,1,2,0.6667,242.800,857.000,1075.200,8.2269,10.0000,1.1429,0.2828,4.6980,0.7500,0.1500,0.1000,0.9487,0.0000,3.7614,0.9419,0.8000
3,3,242,244,3,1,1,1.0000,242.964,862.000,554.000,7.5956,10.0000,1.0714,0.9643,4.7131,0.8889,0.0000,0.1111,1.0000,0.0000,4.6980,2.1074,1.0000
4,3,242,244,3,2,1,0.6667,243.000,1016.794,517.000,7.9867,9.0000,1.0588,1.0210,4.2418,0.5357,0.3214,0.1429,1.0000,0.0000,3.7524,0.9366,0.7941
4,3,243,244,2,1,3,0.6667,243.528,545.000,686.056,8.4422,10.0000,1.1111,0.5307,4.6980,0.7576,0.1294,0.1129,0.5257,0.0000,3.9776,1.1670,0.8056
5,3,243,244,2,3,1,0.8333,243.591,574.727,709.000,9.2270,10.0000,1.1364,0.9371,4.6980,0.5854,0.2927,0.1220,0.3162,0.0000,3.7449,0.9351,0.6591
4,3,243,244,2,2,1,1.0000,243.472,793.528,411.000,8.4436,10.0000,1.1111,0.6678,4.6980,0.0000,0.7500,0.2500,1.0000,0.0000,3.2907,0.0045,0.7778
4,3,243,244,2,2,1,1.0000,243.471,914.529,1174.000,7.9746,9.0000,1.0588,0.7083,4.2282,0.0000,0.7500,0.2500,1.0000,0.0000,4.6883,0.9396,0.7941
4,3,243,245,3,2,1,0.6667,244.000,1091.194,500.000,8.4295,11.0000,1.2222,0.1944,5.1513,0.5357,0.3214,0.1429,1.0000,0.0000,3.7435,0.2415,0.8056
4,4,243,245,3,1,2,0.6667,244.000,1200.000,970.757,8.6637,10.0000,1.0811,0.2432,4.6830,0.5357,0.3214,0.1429,1.0000,0.0000,4.6861,0.9314,1.0000
3,3,244,246,3,1,1,1.0000,245.000,1028.000,618.000,8.0857,10.0000,1.0000,1.0000,4.6830,0.8889,0.0000,0.1111,1.0000,0.0000,5.1322,1.3990,1.0000
3,3,244,245,2,2,1,0.7500,244.312,1039.312,760.000,8.6434,12.0000,1.1250,0.4419,5.6196,0.5333,0.2667,0.2000,0.7071,0.0000,5.1498,1.4034,1.0000
4,3,244,246,3,2,1,0.6667,244.946,1061.459,619.000,8.6378,11.0000,1.1892,0.4626,5.1351,0.7576,0.1294,0.1129,0.8507,0.0000,4.9040,1.4093,0.8108
4,3,247,249,3,2,1,0.6667,248.000,941.189,744.000,8.5564,10.0000,1.0811,1.0177,4.6392,0.5357,0.3214,0.1429,1.0000,0.0000,5.0834,1.8458,0.8108
3,3,250,251,2,2,1,0.7500,250.355,937.677,937.000,8.2193,11.0000,1.0645,0.7213,5.0419,0.5333,0.2667,0.2000,0.7071,0.0000,5.0555,1.3778,1.0000
4,3,251,252,2,2,1,1.0000,251.452,1262.476,771.000,9.6127,12.0000,1.1429,0.6568,5.5003,0.0000,0.7500,0.2500,1.0000,0.0000,5.2644,2.2838,0.7857
7,3,255,256,2,3,2,0.5833,255.585,865.508,385.277,11.1137,11.0000,1.1846,0.8223,4.9842,0.5694,0.1270,0.3036,0.2595,0.2173,3.6160,1.3543,0.4923
3,3,258,260,3,1,1,1.0000,259.032,936.000,705.000,8.0209,11.0000,1.0645,0.9677,4.9169,0.8889,0.0000,0.1111,1.0000,0.0000,4.4938,1.1194,1.0000
4,3,266,269,4,1,1,1.0000,267.439,1083.000,597.000,8.9951,12.0000,1.1707,0.5610,5.2583,0.9375,0.0000,0.0625,1.0000,0.0000,5.4876,1.7477,0.8049
5,3,266,267,2,2,2,0.6250,266.362,1174.617,806.596,9.2464,10.0000,1.0638,0.8216,4.4029,0.2938,0.4054,0.3007,0.0000,0.3029,4.8410,1.9803,0.6383
6,3,270,272,3,2,1,1.0000,270.946,989.464,631.000,9.9506,11.0000,1.1786,1.0542,4.7979,0.5556,0.3333,0.1111,1.0000,0.0000,3.6976,1.3036,0.5714
7,3,270,273,4,3,2,0.2917,271.635,1073.000,873.873,10.3482,11.0000,1.2222,0.3865,4.7764,0.6990,0.1664,0.1345,0.9806,0.1961,4.3607,2.1721,0.5079
7,4,272,274,3,2,2,0.5833,273.197,840.879,735.439,10.8037,12.0000,1.2727,0.4965,5.1992,0.5916,0.2044,0.2040,0.9664,0.1591,4.7557,1.7374,0.6515
3,3,275,276,2,1,2,0.7500,275.323,755.000,1000.323,7.7163,11.0000,1.0645,0.4562,4.7456,0.5333,0.2667,0.2000,0.7071,0.0000,4.7456,1.7221,1.0000
5,3,275,277,3,2,1,0.8333,276.224,974.408,336.000,9.4299,12.0000,1.2245,0.4658,5.1663,0.5854,0.2927,0.1220,0.9487,0.0000,3.8680,0.4314,0.6531
5,3,276,278,3,2,1,0.8333,276.796,1133.449,956.000,9.4189,11.0000,1.1224,0.9680,4.7357,0.5854,0.2927,0.1220,0.9487,0.0000,4.7260,2.5727,0.6531
7,3,277,280,4,2,2,0.4375,278.517,606.617,1085.750,9.7137,10.0000,1.1667,0.6902,4.2877,0.4775,0.3664,0.1561,0.9977,0.0557,3.8564,0.8562,0.5000
3,3,278,279,2,2,1,0.7500,278.344,801.688,334.000,7.9162,11.0000,1.0312,0.4646,4.7165,0.5333,0.2667,0.2000,0.7071,0.0000,5.1359,1.2863,1.0000
3,3,278,279,2,2,1,0.7500,278.333,1231.333,826.000,7.4216,10.0000,1.0000,0.4714,4.2877,0.5333,0.2667,0.2000,0.7071,0.0000,4.7156,1.7130,1.0000
4,3,280,282,3,1,2,0.6667,281.073,927.000,664.439,8.7373,12.0000,1.1707,0.4451,5.1152,0.7576,0.1294,0.1129,0.8507,0.0000,4.8984,1.7067,0.8049
3,3,280,282,3,1,1,1.0000,281.000,1249.000,807.000,7.3832,10.0000,1.0000,1.0000,4.2708,0.8889,0.0000,0.1111,1.0000,0.0000,4.6906,2.1273,1.0000
4,3,282,283,2,2,2,0.5000,282.256,731.769,441.513,8.2926,10.0000,1.0256,0.6180,4.2546,0.5916,0.1015,0.3069,0.5000,0.5000,4.6761,1.2764,0.7692
4,4,282,283,2,2,1,1.0000,282.488,904.488,425.000,8.7141,11.0000,1.0732,0.6899,4.6801,0.0000,0.7500,0.2500,1.0000,0.0000,4.6761,1.7003,1.0000
3,3,283,284,2,2,1,0.7500,283.312,1143.312,730.000,7.8415,12.0000,1.1250,0.4419,5.0961,0.5333,0.2667,0.2000,0.7071,0.0000,4.6722,0.2131,1.0000
5,3,284,285,2,2,2,0.6250,284.638,613.596,850.213,8.8999,10.0000,1.0638,0.7287,4.2315,0.3432,0.2505,0.4063,0.6059,0.3645,4.6539,1.2702,0.6383
4,3,284,285,2,1,2,1.0000,284.550,990.000,916.475,8.4697,11.0000,1.1000,0.6543,4.6546,0.0000,0.7500,0.2500,0.0000,0.0000,4.8692,1.6945,0.8000
4,3,286,287,2,2,2,0.5000,286.488,1169.244,774.805,8.6521,12.0000,1.1707,0.5999,5.0602,0.5916,0.1015,0.3069,0.7071,0.7071,4.0136,0.8419,0.8049
4,3,287,288,2,1,2,1.0000,287.475,934.000,798.550,8.4269,11.0000,1.1000,0.6543,4.6385,0.0000,0.7500,0.2500,0.0000,0.0000,4.8469,2.1043,0.8000
3,3,288,289,2,2,1,0.7500,288.344,1019.344,387.000,7.7731,11.0000,1.0312,0.7408,4.6307,0.5333,0.2667,0.2000,0.7071,0.0000,5.0433,1.8909,1.0000
4,3,289,290,2,2,2,0.5000,289.205,687.538,1124.256,8.1927,11.0000,1.1282,0.5664,4.6230,0.5916,0.1015,0.3069,0.5000,0.5000,4.6224,0.8416,0.7949
4,3,291,292,2,2,1,1.0000,291.488,996.512,702.000,9.0003,11.0000,1.0233,0.7073,4.6083,0.0000,0.7500,0.2500,1.0000,0.0000,5.0218,0.8359,0.7674
5,3,297,298,2,2,2,0.6250,297.389,1123.148,804.611,10.0236,14.0000,1.2963,0.5696,5.8139,0.3432,0.2505,0.4063,0.6059,0.3645,5.3892,2.0742,0.6667
4,3,302,303,2,2,2,0.5000,302.234,937.277,713.170,9.6944,15.0000,1.2766,0.4003,6.1896,0.0000,0.5625,0.4375,0.4459,0.5774,5.3622,2.0601,0.8298
4,3,303,304,2,2,2,0.5000,303.750,879.818,576.750,9.0597,14.0000,1.2727,0.3976,5.7636,0.0000,0.5625,0.4375,0.4459,0.5774,4.9419,1.2351,0.8182
6,3,316,318,3,2,2,0.5000,317.172,836.281,903.625,10.6252,13.0000,1.2187,0.7066,5.2872,0.6381,0.1455,0.2164,0.8019,0.3768,4.6765,1.6261,0.5625
3,3,316,317,2,2,1,0.7500,316.314,862.686,1088.000,8.2229,13.0000,1.1143,0.4445,5.2913,0.5333,0.2667,0.2000,0.7071,0.0000,4.8843,1.8304,1.0000
4,3,334,336,3,2,1,0.6667,334.907,816.721,1075.000,8.6511,12.0000,1.1163,0.9489,4.8306,0.5357,0.3214,0.1429,1.0000,0.0000,4.2252,1.2071,0.8140
5,3,341,343,3,2,2,0.4167,341.944,884.815,552.556,9.6871,12.0000,1.1111,1.1113,4.8155,0.5461,0.2256,0.2283,0.8117,0.4177,4.0112,0.8027,0.6481
4,3,341,342,2,2,1,1.0000,341.522,1052.478,888.000,9.2276,12.0000,1.0435,0.7078,4.8155,0.0000,0.7500,0.2500,1.0000,0.0000,5.2144,0.8032,0.7826
4,3,352,353,2,1,2,1.0000,352.524,968.000,764.476,8.3902,11.0000,1.0476,0.7079,4.3957,0.0000,0.7500,0.2500,0.0000,0.0000,4.7934,1.5977,0.7857
3,3,367,368,2,2,1,0.7500,367.353,1016.676,516.000,7.8063,12.0000,1.0588,0.7234,4.7712,0.5333,0.2667,0.2000,0.7071,0.0000,3.9773,2.3851,1.0000
5,3,373,374,2,2,2,0.6250,373.569,622.608,620.824,9.0547,11.0000,1.0784,0.8509,4.3676,0.3432,0.2505,0.4063,0.6059,0.3645,4.7633,1.1909,0.6471
5,3,386,387,2,3,1,0.8333,386.434,766.226,940.000,9.3806,14.0000,1.3208,0.4895,5.5412,0.5854,0.2927,0.1220,0.3162,0.0000,4.7486,0.5939,0.6981
3,3,387,388,2,1,2,0.7500,387.649,942.000,843.351,8.4521,13.0000,1.0541,0.7377,5.1443,0.5333,0.2667,0.2000,0.7071,0.0000,4.7477,0.7913,1.0000
4,3,393,394,2,2,2,0.5000,393.279,927.535,796.791,8.4969,12.0000,1.1163,0.8831,4.7418,0.5916,0.1015,0.3069,0.5000,0.5000,4.7428,1.7785,0.7907
4,3,395,397,3,1,2,0.6667,395.929,901.000,983.548,8.2951,12.0000,1.1429,0.4580,4.7400,0.7576,0.1294,0.1129,0.8507,0.0000,3.9505,0.7898,0.8095
4,3,396,398,3,2,1,0.6667,397.000,929.818,797.000,8.6884,14.0000,1.2727,0.1818,5.5289,0.5357,0.3214,0.1429,1.0000,0.0000,4.7392,1.9743,0.8182
3,3,401,402,2,2,1,0.7500,401.343,766.343,1147.000,7.9743,12.0000,1.0286,0.7412,4.7358,0.5333,0.2667,0.2000,0.7071,0.0000,5.1296,1.3812,1.0000
4,3,402,403,2,1,2,1.0000,402.477,719.000,1049.500,8.6801,12.0000,1.0909,0.6912,4.7350,0.0000,0.7500,0.2500,0.0000,0.0000,3.9457,0.7890,0.7727
5,3,404,406,3,2,1,0.8333,405.216,896.451,528.000,8.9950,12.0000,1.1765,0.4999,4.7327,0.5854,0.2927,0.1220,0.9487,0.0000,3.9435,0.9860,0.6863
4,3,411,414,4,1,1,1.0000,412.409,1028.000,631.000,8.6676,13.0000,1.1818,0.5909,5.1214,0.9375,0.0000,0.0625,1.0000,0.0000,4.9252,0.7879,0.8182
4,3,418,419,2,2,2,0.5000,418.721,813.209,835.256,8.4642,12.0000,1.1163,0.7931,4.7246,0.0000,0.5625,0.4375,0.4459,0.5774,3.9368,1.5745,0.7907
3,3,419,420,2,1,2,0.7500,419.676,962.000,799.647,7.7271,12.0000,1.0588,0.7234,4.7235,0.5333,0.2667,0.2000,0.7071,0.0000,4.7240,1.7713,1.0000
4,3,421,422,2,1,2,1.0000,421.545,918.000,1115.477,8.6584,12.0000,1.0909,0.6591,4.7225,0.0000,0.7500,0.2500,0.0000,0.0000,4.9196,1.5741,0.7955
3,3,426,428,3,1,1,1.0000,427.000,1041.000,931.000,7.4943,11.0000,1.0000,1.0000,4.3273,0.8889,0.0000,0.1111,1.0000,0.0000,3.9334,0.7867,1.0000
4,3,427,428,2,2,2,0.5000,427.182,677.750,1025.477,8.6536,13.0000,1.1818,0.6073,5.1136,0.5916,0.1015,0.3069,0.5000,0.5000,4.9169,1.5735,0.8182
3,3,428,429,2,2,1,0.7500,428.657,610.686,504.000,7.9473,12.0000,1.0286,0.7284,4.7198,0.5333,0.2667,0.2000,0.7071,0.0000,5.1126,1.5732,1.0000
3,3,430,432,3,1,1,1.0000,431.000,907.000,1086.000,7.9457,13.0000,1.1143,0.0000,5.1118,0.8889,0.0000,0.1111,1.0000,0.0000,4.7189,1.1798,1.0000
5,3,436,438,3,2,1,0.8333,437.296,913.352,858.000,9.4912,14.0000,1.2963,0.7868,5.5020,0.5854,0.2927,0.1220,0.9487,0.0000,4.7160,1.3755,0.6852
4,3,444,445,2,2,2,0.5000,444.279,948.791,950.256,8.4459,12.0000,1.1163,0.7931,4.7138,0.0000,0.5625,0.4375,0.4459,0.5774,3.9284,1.1786,0.7907
4,3,450,453,4,1,1,1.0000,451.381,759.000,1024.000,8.2461,12.0000,1.1429,0.3810,4.7121,0.9375,0.0000,0.0625,1.0000,0.0000,3.9268,1.7670,0.8095
7,3,451,454,4,2,2,0.4375,452.029,430.882,726.338,10.0919,12.0000,1.2353,1.2294,4.7121,0.7514,0.0882,0.1604,0.9757,0.1283,4.3194,1.9632,0.5000
5,3,456,457,2,1,4,0.6250,456.164,499.000,1007.800,9.6561,13.0000,1.1818,0.8166,5.1035,0.8677,0.0764,0.0559,0.1891,0.0000,5.1034,1.3740,0.6727
3,3,456,457,2,2,1,0.7500,456.676,980.324,1051.000,7.7060,12.0000,1.0588,0.4575,4.7107,0.5333,0.2667,0.2000,0.7071,0.0000,4.7109,0.7851,1.0000
4,3,464,465,2,2,2,0.5000,464.268,300.537,936.195,8.0450,11.0000,1.0732,0.6309,4.3169,0.5916,0.1015,0.3069,0.5000,0.5000,3.9243,1.1773,0.8049
3,3,480,480,1,2,2,0.7500,480.000,563.694,1160.667,8.1524,13.0000,1.0833,0.4522,5.0990,0.5333,0.2667,0.2000,0.0000,1.0000,4.3146,2.1572,1.0000
7,3,482,484,3,2,2,0.5833,483.200,821.729,1210.271,10.3765,14.0000,1.4000,0.4328,5.4908,0.3772,0.3083,0.3146,0.9758,0.2185,4.3143,0.7844,0.5143
3,3,485,487,3,1,1,1.0000,486.029,925.000,1048.000,7.6981,12.0000,1.0588,0.9706,4.7058,0.8889,0.0000,0.1111,1.0000,0.0000,3.9218,0.7843,1.0000
6,3,492,494,3,2,2,0.5000,493.390,650.271,840.797,9.4440,12.0000,1.2203,0.5166,4.7051,0.5034,0.2551,0.2415,0.9677,0.2521,3.3327,0.7841,0.5932
5,3,496,498,3,1,3,0.5556,497.056,702.000,869.019,9.4677,13.0000,1.2037,0.0586,5.0966,0.7911,0.1351,0.0737,0.8507,0.0000,5.0966,1.9602,0.6852
4,3,497,499,3,2,1,0.6667,498.065,823.174,460.000,9.0168,14.0000,1.2174,0.9508,5.4883,0.5357,0.3214,0.1429,1.0000,0.0000,5.0965,1.3721,0.8261
5,3,500,502,3,2,2,0.4167,501.039,858.451,1082.157,8.9407,12.0000,1.1765,0.5723,4.7040,0.5461,0.2256,0.2283,0.8117,0.4177,3.9199,0.7840,0.6667
5,3,500,502,3,2,1,0.8333,500.902,872.627,877.000,8.9408,13.0000,1.2745,0.3852,5.0960,0.5854,0.2927,0.1220,0.9487,0.0000,3.9199,0.3920,0.6863
4,3,504,506,3,1,2,0.6667,504.977,787.000,1015.477,8.6231,12.0000,1.0909,0.4778,4.7035,0.7576,0.1294,0.1129,0.8507,0.0000,3.9197,0.7839,0.7727
4,4,504,507,4,1,1,1.0000,505.522,804.000,1140.000,9.0149,13.0000,1.1304,0.4783,5.0953,0.9375,0.0000,0.0625,1.0000,0.0000,4.3116,0.7839,1.0000
7,3,515,517,3,2,2,0.5833,516.377,542.246,901.609,10.2186,12.0000,1.2174,0.7760,4.7018,0.5694,0.1270,0.3036,0.8963,0.4170,3.5265,1.1754,0.4928
7,3,516,518,3,2,2,0.5833,516.794,307.279,939.279,10.0704,12.0000,1.2353,0.4456,4.7018,0.3772,0.3083,0.3146,0.9758,0.2185,4.3099,1.1754,0.5000
5,3,520,522,3,1,3,0.5556,520.740,1016.000,1035.940,8.7602,11.0000,1.1000,1.1963,4.3096,0.5532,0.3398,0.1070,0.8281,0.0000,4.7012,1.1753,0.6600
6,3,522,524,3,2,2,0.5000,523.333,796.526,1052.140,9.1158,11.0000,1.1579,0.6386,4.3091,0.6373,0.1269,0.2358,0.8795,0.0724,4.1132,0.5876,0.5789
3,3,523,524,2,1,2,0.7500,523.324,814.000,1298.676,7.6897,12.0000,1.0588,0.4575,4.7009,0.5333,0.2667,0.2000,0.7071,0.0000,4.7009,1.3711,1.0000
3,3,523,524,2,1,2,0.7500,523.353,916.000,625.324,7.6897,12.0000,1.0588,0.7234,4.7007,0.5333,0.2667,0.2000,0.7071,0.0000,4.7009,1.7628,1.0000
4,3,533,534,2,1,2,1.0000,533.488,780.000,1026.558,8.4192,13.0000,1.2093,0.6760,5.0906,0.0000,0.7500,0.2500,0.0000,0.0000,5.0907,2.3496,0.8140
6,3,535,537,3,2,2,0.5000,535.950,804.150,1252.333,9.5910,12.0000,1.2000,0.3689,4.6986,0.7074,0.0897,0.2030,0.9140,0.2540,4.3071,1.1746,0.5667
3,3,540,542,3,1,1,1.0000,540.971,1052.000,855.000,7.6844,12.0000,1.0588,0.9706,4.6978,0.8889,0.0000,0.1111,1.0000,0.0000,3.9147,1.7615,1.0000
5,3,541,543,3,1,3,0.5556,541.942,845.000,861.731,9.1031,12.0000,1.1538,1.1925,4.6976,0.5532,0.3398,0.1070,0.5606,0.0000,4.6973,1.9572,0.6538
4,3,542,544,3,1,2,0.6667,542.786,787.000,950.810,8.2201,12.0000,1.1429,0.8085,4.6974,0.7500,0.1500,0.1000,0.9487,0.0000,3.9142,0.3915,0.8095
4,3,544,545,2,2,2,0.5000,544.714,390.190,514.262,8.2193,12.0000,1.1429,0.7843,4.6969,0.0000,0.5625,0.4375,0.4459,0.5774,4.6967,1.9570,0.8095
8,3,559,561,3,2,4,0.3333,559.795,413.744,1054.859,10.7847,13.0000,1.3333,1.1981,5.0842,0.7997,0.0602,0.1402,0.3357,0.0948,3.9107,1.1732,0.4615
3,3,561,563,3,1,1,1.0000,562.029,635.000,1145.000,7.6757,12.0000,1.0588,0.9706,4.6920,0.8889,0.0000,0.1111,1.0000,0.0000,3.9105,0.3909,1.0000
3,3,562,564,3,1,1,1.0000,563.000,637.000,1184.000,8.5783,14.0000,1.1053,0.0000,5.4740,0.8889,0.0000,0.1111,1.0000,0.0000,5.0833,2.1504,1.0000
5,3,566,567,2,2,2,0.6250,566.411,512.196,939.679,9.7901,14.0000,1.2500,0.6994,5.4727,0.3432,0.2505,0.4063,0.6059,0.3645,4.6912,1.1728,0.6786
5,3,571,573,3,2,2,0.4167,571.673,1030.745,1051.673,9.6122,14.0000,1.2727,1.0561,5.4713,0.7729,0.0435,0.1836,0.8328,0.5477,3.9079,0.7816,0.6727
4,3,571,572,2,2,1,1.0000,571.455,1046.523,781.000,8.5975,12.0000,1.0909,0.6927,4.6897,0.0000,0.7500,0.2500,1.0000,0.0000,4.8850,1.1725,0.7955
6,3,572,574,3,2,2,0.5000,573.217,649.283,1033.617,9.5715,12.0000,1.2000,1.0364,4.6888,0.6381,0.1455,0.2164,0.8019,0.3768,4.6890,1.3676,0.5667
3,3,574,576,3,1,1,1.0000,575.053,702.000,1161.000,8.5720,14.0000,1.1053,0.9474,5.4697,0.8889,0.0000,0.1111,1.0000,0.0000,5.0795,1.5628,1.0000
3,3,574,575,2,2,1,0.7500,574.324,1080.676,573.000,7.6700,12.0000,1.0588,0.4575,4.6888,0.5333,0.2667,0.2000,0.7071,0.0000,4.6888,0.9768,1.0000
5,3,581,582,2,1,3,0.8333,581.620,579.000,1283.780,8.7333,12.0000,1.2000,0.4391,4.6867,0.5854,0.2927,0.1220,0.3162,0.0000,4.6866,0.7812,0.6800
5,3,582,583,2,2,2,0.6250,582.412,999.216,816.333,8.9076,12.0000,1.1765,0.7097,4.6864,0.3432,0.2505,0.4063,0.6059,0.3645,4.6866,0.9763,0.6667
6,3,583,586,4,2,2,0.3750,585.017,1067.150,899.850,9.5651,12.0000,1.2000,1.0386,4.6862,0.8288,0.0681,0.1031,0.9831,0.1830,3.5143,0.7811,0.5667
3,3,584,585,2,1,2,0.7500,584.333,319.000,921.333,7.4402,11.0000,1.0000,0.4714,4.2957,0.5333,0.2667,0.2000,0.7071,0.0000,4.6862,0.7811,1.0000
4,3,584,587,4,1,1,1.0000,585.432,771.000,1131.000,8.5907,12.0000,1.0909,0.4318,4.6859,0.9375,0.0000,0.0625,1.0000,0.0000,4.8812,1.1714,0.7955
5,3,599,600,2,2,3,0.4167,599.615,700.846,1056.923,9.0757,13.0000,1.2500,1.0118,5.0734,0.5461,0.2256,0.2283,0.5716,0.7118,3.9026,0.0001,0.6731
7,3,604,606,3,2,2,0.5833,605.319,687.536,1024.754,10.1766,12.0000,1.2174,0.9012,4.6825,0.4600,0.2645,0.2756,0.8571,0.1000,3.1218,0.7804,0.4928
9,3,609,610,2,2,5,0.4500,609.489,938.375,1273.955,11.4455,15.0000,1.5341,0.6358,5.8528,0.8230,0.0712,0.1057,0.1818,0.0563,3.9019,1.5607,0.4205
6,3,611,613,3,1,3,0.6667,611.850,861.000,1133.167,9.5574,12.0000,1.2000,0.2242,4.6821,0.5235,0.3913,0.0852,0.4179,0.0000,4.2920,0.3902,0.5833
4,4,612,613,2,1,2,1.0000,612.511,944.000,880.532,9.1691,13.0000,1.1064,0.6772,5.0723,0.0000,0.7500,0.2500,0.0000,0.0000,4.4871,1.1705,1.0000
3,3,613,614,2,2,1,0.7500,613.333,603.333,759.000,7.4338,11.0000,1.0000,0.4714,4.2919,0.5333,0.2667,0.2000,0.7071,0.0000,4.6821,2.3410,1.0000
7,3,615,617,3,2,2,0.5833,615.855,448.130,556.522,10.1754,12.0000,1.2174,0.5570,4.6820,0.5916,0.2044,0.2040,0.9664,0.1591,3.5115,0.7803,0.4928
3,3,616,617,2,2,1,0.7500,616.333,455.667,766.000,7.4337,11.0000,1.0000,0.7454,4.2918,0.5333,0.2667,0.2000,0.7071,0.0000,4.6820,0.7803,1.0000
4,3,616,617,2,1,2,1.0000,616.488,583.000,1274.558,8.3886,13.0000,1.2093,0.6760,5.0721,0.0000,0.7500,0.2500,0.0000,0.0000,4.6820,1.1705,0.8140
5,3,616,617,2,2,2,0.6250,616.529,918.157,978.412,8.8989,13.0000,1.2745,0.8068,5.0722,0.3432,0.2505,0.4063,0.6059,0.3645,4.6820,1.5607,0.6863
3,3,626,627,2,1,2,0.7500,626.667,983.000,1145.667,7.4334,11.0000,1.0000,0.7454,4.2917,0.5333,0.2667,0.2000,0.7071,0.0000,3.9015,1.5606,1.0000
3,3,628,629,2,1,2,0.7500,628.667,800.000,1334.333,7.4333,11.0000,1.0000,0.7454,4.2916,0.5333,0.2667,0.2000,0.7071,0.0000,4.2916,1.5606,1.0000
4,3,629,632,4,1,1,1.0000,630.364,852.000,1004.000,8.5832,14.0000,1.2727,0.3636,5.4620,0.9375,0.0000,0.0625,1.0000,0.0000,3.9015,1.1704,0.8182
4,3,630,631,2,2,1,1.0000,630.476,935.524,894.000,8.1930,11.0000,1.0476,0.7079,4.2916,0.0000,0.7500,0.2500,1.0000,0.0000,4.8768,1.5606,0.7857
7,4,634,636,3,2,2,0.5833,634.740,677.740,815.429,11.3541,13.0000,1.1818,0.5644,5.0717,0.4600,0.2645,0.2756,0.8571,0.1000,4.6815,0.7803,0.6104
8,3,638,640,3,3,2,0.4444,638.974,678.039,950.883,10.6201,11.0000,1.1429,0.9818,4.2913,0.6000,0.1688,0.2312,0.7071,0.0000,3.9011,1.9505,0.4286
4,3,647,650,4,1,1,1.0000,648.467,478.000,745.000,8.7752,12.0000,1.0667,0.4667,4.6802,0.9375,0.0000,0.0625,1.0000,0.0000,4.8752,1.5600,0.7778
5,3,647,649,3,1,2,0.8333,648.118,643.000,1092.608,8.8954,12.0000,1.1765,0.4094,4.6802,0.5854,0.2927,0.1220,0.9487,0.0000,4.6802,1.1700,0.6667
7,3,655,658,4,2,2,0.4375,656.629,637.614,885.757,10.3150,13.0000,1.3000,0.7764,5.0685,0.7865,0.0939,0.1196,0.9212,0.3874,4.2885,1.5595,0.5000
3,3,657,659,3,1,1,1.0000,658.056,681.000,1265.000,8.1027,13.0000,1.0833,0.9444,5.0676,0.8889,0.0000,0.1111,1.0000,0.0000,5.0679,0.5849,1.0000
6,4,662,664,3,1,3,0.6667,663.164,530.000,746.224,10.6599,14.0000,1.2537,1.1406,5.4558,0.4000,0.4800,0.1200,0.7071,0.0000,4.6767,0.7795,0.7164
5,3,666,667,2,2,2,0.6250,666.388,835.388,1000.837,8.5384,11.0000,1.1224,0.5722,4.2862,0.3432,0.2505,0.4063,0.6059,0.3645,4.6755,1.5584,0.6735
3,3,667,669,3,1,1,1.0000,668.000,1009.000,1098.000,8.3226,15.0000,1.2162,0.0000,5.8440,0.8889,0.0000,0.1111,1.0000,0.0000,4.6754,1.5583,1.0000
5,3,676,677,2,1,3,0.8333,676.380,452.000,841.800,8.7066,11.0000,1.1000,0.8857,4.2832,0.5854,0.2927,0.1220,0.3162,0.0000,4.6723,1.5574,0.6600
4,3,680,681,2,2,1,1.0000,680.467,532.533,641.000,8.7584,13.0000,1.1556,0.6600,5.0606,0.0000,0.7500,0.2500,1.0000,0.0000,4.6711,1.1677,0.7778
4,3,683,684,2,2,2,0.5000,683.477,747.773,1050.250,8.5621,12.0000,1.0909,0.5848,4.6704,0.5916,0.1015,0.3069,0.7071,0.7071,4.6703,2.3349,0.7727
16,6,685,689,5,3,3,0.3556,687.093,1086.354,644.764,15.6614,15.0000,1.4907,0.4356,5.8366,0.5256,0.1033,0.3711,0.9550,0.2446,3.1129,1.1673,0.5155
3,3,695,696,2,2,1,0.7500,695.324,985.676,1041.000,7.6350,12.0000,1.0588,0.4575,4.6675,0.5333,0.2667,0.2000,0.7071,0.0000,3.8896,1.1668,1.0000
5,3,696,697,2,2,3,0.4167,696.545,928.800,804.455,9.5665,14.0000,1.2727,0.7377,5.4452,0.6999,0.1281,0.1720,0.4304,0.6887,4.6673,1.9446,0.6909
5,3,699,700,2,2,2,0.6250,699.442,657.846,1184.596,9.0438,12.0000,1.1538,0.7055,4.6667,0.3432,0.2505,0.4063,0.6059,0.3645,4.6667,1.3612,0.6538
7,3,707,709,3,2,3,0.3889,708.304,400.522,1035.870,10.1407,13.0000,1.3188,0.8793,5.0548,0.3286,0.4589,0.2125,0.6526,0.2808,3.8884,1.5553,0.5217
3,3,714,715,2,2,1,0.7500,714.361,571.694,816.000,8.0818,13.0000,1.0833,0.7082,5.0549,0.5333,0.2667,0.2000,0.7071,0.0000,5.0548,1.1665,1.0000
7,3,716,718,3,2,2,0.5833,717.116,602.551,668.754,10.1408,12.0000,1.2174,1.0703,4.6661,0.4296,0.3471,0.2233,0.9305,0.2273,3.8884,1.7498,0.5072
3,3,718,720,3,1,1,1.0000,719.029,571.000,685.000,7.6331,12.0000,1.0588,0.9706,4.6662,0.8889,0.0000,0.1111,1.0000,0.0000,4.6662,1.5554,1.0000
3,3,719,720,2,1,2,0.7500,719.676,922.000,1161.676,7.6331,12.0000,1.0588,0.4575,4.6662,0.5333,0.2667,0.2000,0.7071,0.0000,5.0551,2.3331,1.0000
5,3,724,726,3,2,1,0.8333,725.167,516.667,905.000,9.3912,12.0000,1.1111,1.2134,4.6666,0.5854,0.2927,0.1220,0.9487,0.0000,5.0553,2.3332,0.6667
6,3,732,734,3,2,2,0.5000,733.295,458.869,892.443,9.6852,12.0000,1.1803,0.8426,4.6670,0.6373,0.1269,0.2358,0.8795,0.0724,4.4725,1.1667,0.5574
4,3,734,737,4,1,1,1.0000,735.390,585.000,701.000,7.9728,11.0000,1.0732,1.3902,4.2781,0.9375,0.0000,0.0625,1.0000,0.0000,5.0559,1.5557,0.8049
4,3,734,736,3,2,1,0.6667,734.977,749.477,1049.000,8.5562,12.0000,1.0909,0.4778,4.6670,0.7576,0.1294,0.1129,0.8507,0.0000,5.0559,2.3335,0.7727
7,3,739,742,4,2,2,0.4375,740.358,769.761,1159.373,9.8489,12.0000,1.2537,0.5697,4.6671,0.4775,0.3664,0.1561,0.9977,0.0557,3.8892,1.1668,0.5075
5,3,741,743,3,1,2,0.8333,742.245,855.000,1283.604,9.2182,12.0000,1.1321,0.4660,4.6670,0.5854,0.2927,0.1220,0.9487,0.0000,3.8892,0.1945,0.6415
4,3,747,750,4,1,1,1.0000,748.372,400.000,1213.000,8.3610,12.0000,1.1163,1.3721,4.6667,0.9375,0.0000,0.0625,1.0000,0.0000,4.8610,1.1666,0.8140
4,3,748,750,3,1,2,0.6667,748.932,662.000,1047.750,8.5553,12.0000,1.0909,0.9648,4.6666,0.5357,0.3214,0.1429,1.0000,0.0000,4.8610,1.3610,0.7955
6,3,753,755,3,2,2,0.5000,754.379,716.864,1220.485,10.4763,13.0000,1.1818,0.7997,5.0545,0.6373,0.1269,0.2358,0.8795,0.0724,3.6939,0.1944,0.5606
5,3,760,762,3,2,2,0.4167,760.964,451.145,895.164,9.5608,14.0000,1.2727,0.2219,5.4418,0.4138,0.1655,0.4207,1.0000,0.0000,4.6642,1.3604,0.6909
3,3,760,761,2,1,2,0.7500,760.667,635.000,1089.667,7.4058,11.0000,1.0000,0.7454,4.2759,0.5333,0.2667,0.2000,0.7071,0.0000,4.2757,1.7491,1.0000
5,3,762,764,3,1,2,0.8333,762.712,781.000,1160.615,9.0384,13.0000,1.2500,0.4808,5.0525,0.5854,0.2927,0.1220,0.9487,0.0000,4.6641,1.9433,0.6923
4,3,763,765,3,2,1,0.6667,764.000,782.830,857.000,9.1329,15.0000,1.2766,0.1702,5.8295,0.5357,0.3214,0.1429,1.0000,0.0000,5.0523,1.5544,0.8298
4,3,766,767,2,1,2,1.0000,766.500,625.000,1002.545,8.5487,13.0000,1.1818,0.6757,5.0517,0.0000,0.7500,0.2500,0.0000,0.0000,3.8857,0.7772,0.7955
4,3,769,770,2,2,1,1.0000,769.465,736.465,332.000,8.3529,12.0000,1.1163,0.6578,4.6622,0.0000,0.7500,0.2500,1.0000,0.0000,4.6620,1.1655,0.7907
5,3,783,785,3,1,2,0.8333,784.140,811.000,1006.320,8.6787,12.0000,1.2000,1.1841,4.6578,0.5854,0.2927,0.1220,0.9487,0.0000,4.6572,1.5524,0.6800
3,3,784,785,2,1,2,0.7500,784.694,745.000,1169.639,8.0667,13.0000,1.0833,0.7082,5.0453,0.5333,0.2667,0.2000,0.7071,0.0000,5.4334,1.1643,1.0000
4,3,786,788,3,2,1,0.6667,786.891,463.435,1096.000,8.9253,13.0000,1.1304,0.9917,5.0450,0.7576,0.1294,0.1129,0.8507,0.0000,5.2387,0.3881,0.8261
5,3,787,789,3,2,1,0.8333,787.902,905.608,584.000,8.8502,12.0000,1.1765,0.6157,4.6564,0.5854,0.2927,0.1220,0.9487,0.0000,4.6561,0.7762,0.6863
4,3,793,794,2,3,1,0.6667,793.239,352.717,510.000,8.9221,13.0000,1.1304,0.3702,5.0430,0.7500,0.1500,0.1000,0.3162,0.0000,4.0731,1.9394,0.7826
5,3,795,797,3,2,1,0.8333,796.222,752.630,940.000,9.3667,13.0000,1.2037,0.4319,5.0423,0.5854,0.2927,0.1220,0.9487,0.0000,4.6542,1.9393,0.6481
7,3,795,797,3,2,2,0.5833,796.192,766.274,966.740,10.7017,13.0000,1.2466,1.2503,5.0425,0.3772,0.3083,0.3146,0.9758,0.2185,3.4908,0.7757,0.4932
5,4,796,798,3,2,1,0.8333,796.695,587.559,579.000,10.2338,13.0000,1.1017,0.8920,5.0423,0.5854,0.2927,0.1220,0.9487,0.0000,5.4299,1.9392,0.8644
5,3,803,804,2,2,2,0.6250,803.585,449.170,514.377,9.1907,13.0000,1.2264,0.7165,5.0409,0.3432,0.2505,0.4063,0.6059,0.3645,3.8775,0.3878,0.6604
3,3,806,807,2,1,2,0.7500,806.657,522.000,914.314,7.8348,12.0000,1.0286,0.7284,4.6528,0.5333,0.2667,0.2000,0.7071,0.0000,5.0404,0.7754,1.0000
4,3,811,812,2,2,1,1.0000,811.523,418.500,916.000,8.5292,12.0000,1.0909,0.6912,4.6523,0.0000,0.7500,0.2500,1.0000,0.0000,3.8769,0.3877,0.7727
3,3,811,812,2,1,2,0.7500,811.333,452.000,1080.694,8.0580,13.0000,1.0833,0.4522,5.0400,0.5333,0.2667,0.2000,0.7071,0.0000,5.0400,2.1323,1.0000
7,3,819,822,4,2,2,0.4375,820.609,354.449,829.116,10.1103,12.0000,1.2174,0.6070,4.6521,0.7406,0.0824,0.1770,0.9316,0.0988,4.2644,1.1630,0.4928
7,3,823,825,3,2,3,0.3889,824.114,516.114,1086.929,10.2570,12.0000,1.2000,0.1767,4.6521,0.3901,0.3862,0.2236,0.9763,0.1989,4.2644,0.9692,0.5000
5,3,830,831,2,1,3,0.8333,830.431,634.000,1053.255,8.8427,11.0000,1.0784,0.5011,4.2648,0.5854,0.2927,0.1220,0.3162,0.0000,3.8770,0.5816,0.6471
4,3,830,832,3,1,2,0.6667,830.773,648.000,838.182,8.5295,13.0000,1.1818,0.7938,5.0401,0.7500,0.1500,0.1000,0.9487,0.0000,4.8464,0.9693,0.8182
3,3,832,833,2,1,2,0.7500,832.657,920.000,1221.314,7.8347,12.0000,1.0286,0.7284,4.6526,0.5333,0.2667,0.2000,0.7071,0.0000,5.0403,0.3877,1.0000
5,4,845,846,2,2,2,0.6250,845.411,738.196,598.625,9.7120,13.0000,1.1607,0.5898,5.0413,0.3432,0.2505,0.4063,0.6059,0.3645,3.8780,1.5512,0.8393
3,3,850,852,3,1,1,1.0000,851.054,460.000,1050.000,8.2849,13.0000,1.0541,0.0541,5.0419,0.8889,0.0000,0.1111,1.0000,0.0000,5.4297,1.5513,1.0000
4,3,852,853,2,2,2,0.5000,852.558,596.814,1105.744,8.3387,13.0000,1.2093,0.5434,5.0420,0.5916,0.1015,0.3069,0.7071,0.7071,4.6541,1.9392,0.8140
8,3,854,857,4,2,2,0.5000,855.573,487.653,1077.773,10.2848,11.0000,1.1733,0.7073,4.2666,0.6108,0.0874,0.3018,0.9929,0.0516,3.8787,1.9393,0.4400
4,3,857,858,2,1,2,1.0000,857.512,1068.000,712.512,8.3394,11.0000,1.0233,0.7073,4.2667,0.0000,0.7500,0.2500,0.0000,0.0000,3.8788,0.7757,0.7674
4,3,869,871,3,1,2,0.6667,870.023,754.000,1030.814,8.3410,12.0000,1.1163,0.1875,4.6555,0.5357,0.3214,0.1429,1.0000,0.0000,4.0735,1.1639,0.8140
4,3,871,872,2,1,2,1.0000,871.476,340.000,1004.524,8.1471,11.0000,1.0476,0.7079,4.2676,0.0000,0.7500,0.2500,0.0000,0.0000,4.2675,0.9699,0.7857
5,3,872,873,2,1,3,0.8333,872.389,912.000,1050.241,9.3691,13.0000,1.2037,0.4574,5.0435,0.5854,0.2927,0.1220,0.3162,0.0000,4.6555,0.5819,0.6481
3,3,873,875,3,1,1,1.0000,874.054,544.000,729.000,8.2878,13.0000,1.0541,0.0541,5.0437,0.8889,0.0000,0.1111,1.0000,0.0000,5.4316,1.5519,1.0000
3,3,876,877,2,1,2,0.7500,876.676,248.000,833.647,7.6160,12.0000,1.0588,0.7234,4.6558,0.5333,0.2667,0.2000,0.7071,0.0000,4.6558,1.5519,1.0000
3,3,884,886,3,1,1,1.0000,885.028,556.000,569.000,8.0645,13.0000,1.0833,0.0278,5.0441,0.8889,0.0000,0.1111,1.0000,0.0000,5.0441,1.3580,1.0000
3,3,894,895,2,1,2,0.7500,894.667,343.000,1232.333,7.3925,11.0000,1.0000,0.7454,4.2681,0.5333,0.2667,0.2000,0.7071,0.0000,4.6561,1.5520,1.0000
8,3,904,907,4,2,2,0.5000,905.408,701.105,920.658,10.4249,12.0000,1.2632,1.4527,4.6558,0.7957,0.0895,0.1148,0.9717,0.1361,3.8798,1.9399,0.4474
3,3,911,912,2,2,1,0.7500,911.676,532.649,949.000,8.2871,13.0000,1.0541,0.7252,5.0432,0.5333,0.2667,0.2000,0.7071,0.0000,4.2674,1.1638,1.0000
4,3,912,913,2,1,2,1.0000,912.467,457.000,694.489,8.7285,12.0000,1.0667,0.6759,4.6552,0.0000,0.7500,0.2500,0.0000,0.0000,4.8492,1.9396,0.7778
4,3,913,914,2,1,3,0.6667,913.535,544.000,1174.953,8.3404,12.0000,1.1163,0.4674,4.6551,0.7576,0.1294,0.1129,0.5257,0.0000,3.8793,2.1336,0.7907
3,3,914,916,3,1,1,1.0000,915.029,362.000,1014.000,7.8387,12.0000,1.0286,0.0286,4.6550,0.8889,0.0000,0.1111,1.0000,0.0000,5.0428,0.7758,1.0000
4,3,920,922,3,2,1,0.6667,921.000,102.186,820.000,8.3391,13.0000,1.2093,0.1860,5.0422,0.5357,0.3214,0.1429,1.0000,0.0000,4.6544,0.7758,0.8140
4,3,920,922,3,1,2,0.6667,921.048,475.000,612.738,8.1452,11.0000,1.0476,0.7396,4.2665,0.5357,0.3214,0.1429,1.0000,0.0000,3.8786,0.7757,0.7857
4,3,920,921,2,2,2,0.5000,920.432,762.705,1108.818,8.5331,13.0000,1.1818,0.8461,5.0424,0.5916,0.1015,0.3069,0.7071,0.7071,4.0726,0.5818,0.8182
5,3,921,922,2,2,2,0.6250,921.680,484.240,708.380,8.6728,12.0000,1.2000,0.9080,4.6543,0.3432,0.2505,0.4063,0.6059,0.3645,4.6543,1.1636,0.6800
6,3,921,923,3,2,2,0.5000,922.353,576.529,905.118,10.7671,14.0000,1.2353,0.5999,5.4300,0.6373,0.1269,0.2358,0.8795,0.0724,3.8785,0.7758,0.5882
3,3,929,930,2,1,2,0.7500,929.297,639.000,1201.405,8.2839,15.0000,1.2162,0.6648,5.8168,0.5333,0.2667,0.2000,0.7071,0.0000,4.6535,1.1633,1.0000
4,3,942,945,4,1,1,1.0000,943.356,670.000,934.000,8.7218,13.0000,1.1556,0.3556,5.0393,0.9375,0.0000,0.0625,1.0000,0.0000,4.2640,1.3567,0.8222
6,3,944,945,2,2,3,0.5000,944.153,496.322,953.763,9.3367,12.0000,1.2203,0.4281,4.6516,0.5230,0.1584,0.3185,0.1207,0.8567,4.2638,0.3876,0.5763
3,3,947,948,2,2,1,0.7500,947.676,285.647,864.000,7.6084,12.0000,1.0588,0.7234,4.6510,0.5333,0.2667,0.2000,0.7071,0.0000,3.8760,1.9379,1.0000
4,3,948,949,2,2,1,1.0000,948.556,186.489,484.000,8.7206,13.0000,1.1556,0.6773,5.0385,0.0000,0.7500,0.2500,1.0000,0.0000,4.0696,0.5814,0.8000
4,3,952,953,2,1,2,1.0000,952.444,709.000,1083.467,8.7196,13.0000,1.1556,0.6444,5.0381,0.0000,0.7500,0.2500,0.0000,0.0000,4.0692,0.9688,0.8000
4,3,953,954,2,2,2,0.5000,953.744,518.535,1092.791,8.3318,12.0000,1.1163,0.5706,4.6503,0.5916,0.1015,0.3069,0.5000,0.5000,4.6503,0.9688,0.7907
4,3,955,956,2,2,1,1.0000,955.489,250.553,820.000,9.1064,15.0000,1.2766,0.6785,5.8125,0.0000,0.7500,0.2500,1.0000,0.0000,4.2626,0.5813,0.8298
7,5,958,960,3,3,3,0.2593,958.630,674.068,862.329,10.6909,13.0000,1.2466,0.4996,5.0371,0.7284,0.1549,0.1167,0.5587,0.6907,3.8747,1.1624,0.7808
3,3,958,959,2,1,2,0.7500,958.333,736.000,841.333,7.3824,11.0000,1.0000,0.4714,4.2623,0.5333,0.2667,0.2000,0.7071,0.0000,4.2623,1.1624,1.0000
3,3,959,960,2,2,1,0.7500,959.333,225.667,853.000,7.3822,11.0000,1.0000,0.7454,4.2622,0.5333,0.2667,0.2000,0.7071,0.0000,4.6496,1.7436,1.0000
3,3,962,963,2,1,2,0.7500,962.676,420.000,1155.647,7.6052,12.0000,1.0588,0.7234,4.6491,0.5333,0.2667,0.2000,0.7071,0.0000,4.6492,0.3874,1.0000
5,3,962,964,3,2,2,0.4167,963.000,651.388,875.388,8.4899,11.0000,1.1224,0.5484,4.2617,0.7383,0.0485,0.2132,0.7071,0.0000,3.8743,0.7749,0.6735
4,3,963,966,4,1,1,1.0000,964.326,650.000,798.000,8.3294,13.0000,1.2093,1.3256,5.0366,0.9375,0.0000,0.0625,1.0000,0.0000,4.6489,1.5496,0.8140
4,3,965,966,2,2,2,0.5000,965.733,829.178,966.422,8.7165,14.0000,1.2444,0.5301,5.4236,0.5916,0.1015,0.3069,0.5000,0.5000,4.0677,1.1622,0.8222
7,3,966,968,3,3,3,0.2593,966.552,699.134,917.000,9.8102,11.0000,1.1493,0.5683,4.2614,0.4430,0.2796,0.2773,0.7469,0.3798,4.2613,1.5495,0.4925
3,3,967,968,2,1,2,0.7500,967.324,792.000,961.676,7.6043,12.0000,1.0588,0.4575,4.6486,0.5333,0.2667,0.2000,0.7071,0.0000,3.8739,1.1621,1.0000
6,3,975,976,2,2,3,0.5000,975.541,449.328,808.000,9.6451,14.0000,1.3770,0.5641,5.4222,0.4412,0.1872,0.3716,0.6154,0.7882,4.2604,1.5492,0.5902
6,3,977,979,3,2,2,0.5000,978.177,720.484,445.871,9.8027,13.0000,1.2581,0.5313,5.0347,0.3810,0.3333,0.2857,0.9487,0.1690,3.4856,0.7746,0.5806
5,3,983,984,2,3,2,0.4167,983.620,416.940,626.840,8.6589,12.0000,1.2000,0.4167,4.6468,0.5461,0.2256,0.2283,0.5716,0.7118,4.6468,0.7745,0.6800
7,3,990,993,4,2,2,0.4375,991.394,454.451,606.141,10.3901,13.0000,1.2817,0.6152,5.0334,0.7406,0.0824,0.1770,0.9316,0.0988,4.2590,1.1615,0.5211
5,3,1005,1006,2,3,1,0.8333,1005.612,437.286,738.000,8.4828,11.0000,1.1224,0.9408,4.2582,0.5854,0.2927,0.1220,0.3162,0.0000,3.8710,0.7742,0.6735
5,4,1006,1007,2,2,2,0.6250,1006.618,551.800,756.364,9.5214,12.0000,1.0909,0.7446,4.6452,0.3432,0.2505,0.4063,0.6059,0.3645,4.6452,1.9355,0.8364
3,3,1010,1012,3,1,1,1.0000,1011.029,916.000,1063.000,7.5984,12.0000,1.0588,0.9706,4.6450,0.8889,0.0000,0.1111,1.0000,0.0000,3.8709,1.5483,1.0000
4,3,1011,1013,3,2,1,0.6667,1011.909,362.455,691.000,8.5158,13.0000,1.1818,1.0164,5.0321,0.7576,0.1294,0.1129,0.8507,0.0000,4.6450,1.3548,0.7955
3,3,1017,1019,3,1,1,1.0000,1017.971,351.000,834.000,7.8216,12.0000,1.0286,0.9714,4.6449,0.8889,0.0000,0.1111,1.0000,0.0000,5.0319,1.1612,1.0000
6,3,1017,1019,3,3,1,0.6667,1018.177,463.935,974.000,9.7973,12.0000,1.1613,0.1888,4.6448,0.6944,0.2222,0.0833,0.6000,0.0000,4.4513,1.5483,0.5484
4,3,1018,1019,2,1,2,1.0000,1018.512,594.000,820.512,8.3220,11.0000,1.0233,0.7073,4.2578,0.0000,0.7500,0.2500,0.0000,0.0000,4.6448,1.1612,0.7674
4,3,1023,1025,3,1,2,0.6667,1023.933,703.000,876.267,8.7090,14.0000,1.2444,0.2749,5.4189,0.5357,0.3214,0.1429,1.0000,0.0000,4.8383,1.1612,0.8222
3,3,1025,1027,3,1,1,1.0000,1026.026,601.000,1065.000,8.4920,13.0000,1.0263,0.0263,5.0319,0.8889,0.0000,0.1111,1.0000,0.0000,5.6125,1.5483,1.0000
4,3,1026,1027,2,1,2,1.0000,1026.500,461.000,915.477,8.5155,12.0000,1.0909,0.6912,4.6448,0.0000,0.7500,0.2500,0.0000,0.0000,3.8707,0.7741,0.7727
6,3,1026,1028,3,1,2,1.0000,1026.933,797.000,1107.517,9.4812,12.0000,1.2000,1.0511,4.6448,0.5556,0.3333,0.1111,1.0000,0.0000,4.2577,0.7741,0.5667
7,3,1026,1028,3,2,2,0.5833,1027.514,988.556,631.722,10.5334,13.0000,1.2639,0.7148,5.0319,0.5694,0.1270,0.3036,0.8963,0.4170,4.2577,1.3547,0.5000
5,3,1028,1029,2,2,2,0.6250,1028.404,727.423,985.173,9.0013,11.0000,1.0577,0.6100,4.2577,0.3432,0.2505,0.4063,0.6059,0.3645,4.6448,1.9353,0.6346
7,3,1028,1030,3,2,2,0.5833,1029.169,866.451,774.127,10.3872,13.0000,1.2817,0.4978,5.0319,0.5916,0.2044,0.2040,0.9664,0.1591,3.0965,0.7741,0.5070
4,3,1031,1034,4,1,1,1.0000,1032.609,687.000,436.000,8.9027,14.0000,1.2174,0.3913,5.4190,0.9375,0.0000,0.0625,1.0000,0.0000,5.0319,1.1612,0.8261
5,3,1033,1034,2,2,2,0.6250,1033.538,1036.442,587.154,9.0014,12.0000,1.1538,0.7136,4.6449,0.3432,0.2505,0.4063,0.6059,0.3645,4.6449,1.1612,0.6731
4,3,1036,1038,3,1,2,0.6667,1037.023,327.000,1073.512,8.3222,11.0000,1.0233,0.5122,4.2579,0.7576,0.1294,0.1129,0.8507,0.0000,4.2579,0.7742,0.7674
3,3,1038,1039,2,2,1,0.7500,1038.718,374.641,740.000,8.7159,14.0000,1.0769,0.7003,5.4192,0.5333,0.2667,0.2000,0.7071,0.0000,5.8063,1.1613,1.0000
13,5,1042,1045,4,3,3,0.3611,1043.142,601.283,481.228,13.6350,16.0000,1.6378,0.3906,6.1936,0.5785,0.2457,0.1758,0.9025,0.0190,3.0968,0.7742,0.4724
4,3,1044,1045,2,2,1,1.0000,1044.488,220.465,535.000,8.3228,12.0000,1.1163,0.6914,4.6453,0.0000,0.7500,0.2500,1.0000,0.0000,4.6452,0.7742,0.7907
6,3,1051,1053,3,2,2,0.5000,1052.200,555.133,403.650,9.4830,11.0000,1.1000,0.6930,4.2586,0.5230,0.1584,0.3185,0.9225,0.0898,4.4521,0.7743,0.5500
4,3,1053,1055,3,1,2,0.6667,1054.021,466.000,781.234,9.0980,15.0000,1.2766,0.2350,5.8073,0.5357,0.3214,0.1429,1.0000,0.0000,4.6458,1.3550,0.7872
7,3,1053,1055,3,3,2,0.3889,1054.101,481.928,508.145,10.0967,12.0000,1.2174,0.1912,4.6459,0.6788,0.0891,0.2320,0.7979,0.1151,4.2587,1.1614,0.5072
4,3,1053,1054,2,1,2,1.0000,1053.511,617.000,427.444,8.7108,14.0000,1.2444,0.6773,5.4200,0.0000,0.7500,0.2500,0.0000,0.0000,4.8394,1.7422,0.8222
3,3,1053,1054,2,2,1,0.7500,1053.647,627.676,410.000,7.5997,12.0000,1.0588,0.7234,4.6457,0.5333,0.2667,0.2000,0.7071,0.0000,3.8715,0.9679,1.0000
5,4,1061,1062,2,2,2,0.6250,1061.356,349.661,708.814,10.2163,15.0000,1.2712,0.5257,5.8079,0.3432,0.2505,0.4063,0.6059,0.3645,5.0335,1.1616,0.8644
4,3,1062,1063,2,2,1,1.0000,1062.463,606.537,1054.000,7.9376,11.0000,1.0732,0.7090,4.2592,0.0000,0.7500,0.2500,1.0000,0.0000,5.0336,1.7424,0.8049
4,3,1068,1069,2,1,3,0.6667,1068.744,823.000,995.070,8.3256,13.0000,1.2093,0.2652,5.0341,0.5357,0.3214,0.1429,0.0000,0.0000,4.6468,1.9362,0.8140
7,3,1074,1077,4,2,2,0.4375,1075.853,460.412,388.118,9.9534,12.0000,1.2353,0.9544,4.6472,0.7122,0.1467,0.1411,0.9661,0.0989,3.8727,1.5491,0.5000
3,3,1074,1076,3,1,1,1.0000,1075.000,665.000,304.000,7.8256,13.0000,1.1143,0.0000,5.0345,0.8889,0.0000,0.1111,1.0000,0.0000,3.8727,0.3873,1.0000
4,3,1078,1079,2,1,2,1.0000,1078.535,316.000,820.535,8.3264,12.0000,1.1163,0.6578,4.6473,0.0000,0.7500,0.2500,0.0000,0.0000,3.8728,0.9682,0.7907
4,4,1079,1080,2,2,1,1.0000,1079.511,360.468,485.000,9.1010,13.0000,1.1064,0.6772,5.0346,0.0000,0.7500,0.2500,1.0000,0.0000,5.2282,1.5491,1.0000
4,3,1079,1081,3,2,1,0.6667,1079.933,713.289,1096.000,8.7138,13.0000,1.1556,0.2965,5.0346,0.5357,0.3214,0.1429,1.0000,0.0000,5.4219,1.1618,0.8222
6,3,1081,1083,3,2,3,0.3333,1081.797,391.271,780.034,9.3283,12.0000,1.2203,0.3407,4.6474,0.4899,0.3164,0.1936,0.8165,0.5506,3.4855,1.1618,0.5763
6,4,1084,1085,2,3,2,0.5000,1084.500,446.029,756.443,11.0674,17.0000,1.4571,0.6685,6.5837,0.6168,0.1058,0.2774,0.5000,0.5000,4.6473,0.7746,0.7429
5,3,1090,1092,3,3,1,0.5556,1091.283,283.094,846.000,9.1788,13.0000,1.2264,1.1551,5.0342,0.5532,0.3398,0.1070,0.8281,0.0000,5.0342,1.9363,0.6792
3,3,1092,1094,3,1,1,1.0000,1092.972,398.000,680.000,8.0486,13.0000,1.0833,0.0278,5.0341,0.8889,0.0000,0.1111,1.0000,0.0000,4.2597,1.1617,1.0000
4,3,1093,1095,3,1,2,0.6667,1093.980,745.000,981.480,9.6808,15.0000,1.2000,0.4804,5.8085,0.7576,0.1294,0.1129,0.8507,0.0000,5.2277,1.9361,0.8000
4,3,1098,1099,2,2,1,1.0000,1098.452,541.476,587.000,8.1309,12.0000,1.1429,0.6921,4.6463,0.0000,0.7500,0.2500,1.0000,0.0000,4.6462,1.5487,0.8095
3,3,1099,1100,2,1,2,0.7500,1099.333,267.000,1078.333,7.3766,11.0000,1.0000,0.4714,4.2589,0.5333,0.2667,0.2000,0.7071,0.0000,4.6461,1.1615,1.0000
8,3,1100,1103,4,2,3,0.3333,1101.403,712.104,1009.091,10.5394,12.0000,1.2468,0.4256,4.6458,0.5994,0.2573,0.1433,0.9807,0.1892,3.0972,0.7743,0.4545
6,3,1102,1104,3,2,2,0.5000,1103.410,511.180,707.705,9.6403,13.0000,1.2787,0.6840,5.0323,0.5034,0.2551,0.2415,0.9677,0.2521,4.2582,1.5485,0.5738
5,3,1103,1105,3,2,1,0.8333,1104.241,315.448,1004.000,10.0406,14.0000,1.2069,0.9380,5.4191,0.5854,0.2927,0.1220,0.9487,0.0000,4.6454,1.3548,0.8276
5,3,1105,1106,2,3,1,0.8333,1105.412,320.745,625.000,8.8284,11.0000,1.0784,0.8513,4.2579,0.5854,0.2927,0.1220,0.3162,0.0000,4.6448,0.9677,0.6471
3,3,1105,1107,3,1,1,1.0000,1106.000,354.000,1055.000,7.8215,13.0000,1.1143,0.0000,5.0318,0.8889,0.0000,0.1111,1.0000,0.0000,4.6449,0.7740,1.0000
3,3,1106,1108,3,1,1,1.0000,1106.971,162.000,592.000,7.8211,12.0000,1.0286,0.9714,4.6448,0.8889,0.0000,0.1111,1.0000,0.0000,5.0315,1.5481,1.0000
4,3,1109,1110,2,3,1,0.6667,1109.256,373.930,1107.000,8.3204,13.0000,1.2093,0.2652,5.0310,0.5357,0.3214,0.1429,0.0000,0.0000,4.6438,0.3870,0.8140
4,3,1113,1115,3,2,1,0.6667,1113.923,394.558,708.000,10.0591,15.0000,1.1538,0.4489,5.8033,0.7576,0.1294,0.1129,0.8507,0.0000,5.6100,1.5477,0.8077
3,3,1118,1120,3,1,1,1.0000,1119.000,509.000,849.000,7.5920,12.0000,1.0588,0.0000,4.6411,0.8889,0.0000,0.1111,1.0000,0.0000,4.6413,1.1603,1.0000
5,3,1118,1120,3,2,2,0.4167,1119.078,666.784,859.157,8.8211,12.0000,1.1765,0.2780,4.6411,0.4138,0.1655,0.4207,1.0000,0.0000,3.8676,1.5470,0.6863
5,4,1118,1119,2,2,2,0.6250,1118.574,693.852,546.426,9.3403,12.0000,1.1111,0.7300,4.6414,0.3432,0.2505,0.4063,0.6059,0.3645,4.6413,1.5470,0.8519
6,3,1119,1121,3,1,3,0.6667,1120.034,567.000,856.207,9.1571,11.0000,1.1379,0.2098,4.2540,0.6944,0.2222,0.0833,0.8000,0.0000,4.2540,1.5469,0.5690
3,3,1121,1122,2,2,1,0.7500,1121.361,230.667,661.000,8.0373,13.0000,1.0833,0.7206,5.0268,0.5333,0.2667,0.2000,0.7071,0.0000,4.2537,0.7734,1.0000
3,3,1122,1124,3,1,1,1.0000,1123.029,746.000,979.000,7.5898,12.0000,1.0588,0.9706,4.6394,0.8889,0.0000,0.1111,1.0000,0.0000,3.4802,0.3866,1.0000
4,3,1123,1124,2,1,2,1.0000,1123.442,574.000,610.465,8.3127,12.0000,1.1163,0.6415,4.6398,0.0000,0.7500,0.2500,0.0000,0.0000,4.8329,1.9329,0.8140
3,3,1125,1127,3,1,1,1.0000,1125.974,256.000,726.000,8.7042,16.0000,1.2308,0.0256,6.1850,0.8889,0.0000,0.1111,1.0000,0.0000,4.2526,1.5462,1.0000
5,3,1129,1130,2,2,3,0.4167,1129.788,1027.846,541.942,8.9872,14.0000,1.3462,0.2679,5.4104,0.4138,0.1655,0.4207,0.0000,0.7071,4.6375,1.1593,0.6923
3,3,1130,1131,2,1,2,0.7500,1130.676,549.000,862.676,7.5857,12.0000,1.0588,0.4575,4.6371,0.5333,0.2667,0.2000,0.7071,0.0000,4.6375,2.3184,1.0000
10,3,1136,1138,3,2,3,0.5556,1137.071,527.576,602.747,12.0928,12.0000,1.2121,0.4987,4.6353,0.3844,0.3692,0.2463,0.1703,0.1892,4.2491,1.5450,0.4646
5,3,1140,1142,3,2,1,0.8333,1140.923,418.615,675.000,8.9808,13.0000,1.2500,1.1435,5.0201,0.5854,0.2927,0.1220,0.9487,0.0000,4.6342,1.1586,0.6731
6,3,1145,1147,3,2,2,0.5000,1146.213,683.475,770.131,9.6146,13.0000,1.2787,0.5372,5.0191,0.3810,0.3333,0.2857,0.9487,0.1690,4.4398,1.7373,0.5738
6,3,1147,1149,3,2,2,0.5000,1148.086,525.138,551.655,9.1410,12.0000,1.2414,0.6751,4.6326,0.5230,0.1584,0.3185,0.9225,0.0898,3.2814,0.9651,0.5862
4,3,1154,1155,2,2,1,1.0000,1154.524,212.476,910.000,8.1053,11.0000,1.0476,0.7079,4.2457,0.0000,0.7500,0.2500,1.0000,0.0000,4.6315,1.1579,0.7857
5,3,1157,1159,3,3,1,0.5556,1157.882,109.275,665.000,8.8024,12.0000,1.1765,0.2987,4.6312,0.8123,0.1108,0.0769,0.7071,0.0000,4.6311,1.3508,0.6667
4,3,1157,1159,3,1,2,0.6667,1157.929,363.000,930.548,8.1046,12.0000,1.1429,0.4580,4.6312,0.7576,0.1294,0.1129,0.8507,0.0000,3.8594,0.7719,0.8095
7,3,1159,1162,4,2,2,0.4375,1160.701,240.522,769.881,9.7728,12.0000,1.2537,0.8827,4.6311,0.8235,0.0431,0.1334,0.9337,0.1681,2.7015,0.1930,0.5224
4,3,1160,1162,3,1,2,0.6667,1160.804,620.000,662.826,8.8761,15.0000,1.3043,0.2618,5.7887,0.7500,0.1500,0.1000,0.9487,0.0000,3.6662,0.7718,0.8261
3,3,1162,1163,2,1,2,0.7500,1162.703,326.000,836.676,8.2437,14.0000,1.1351,0.4400,5.4027,0.5333,0.2667,0.2000,0.7071,0.0000,4.2450,0.9648,1.0000
9,3,1166,1167,2,2,3,0.7500,1166.461,822.596,554.697,11.4483,14.0000,1.4157,0.7393,5.4026,0.4706,0.0000,0.5294,0.3015,0.5390,3.0872,0.3859,0.4157
11,7,1167,1170,4,3,2,0.4583,1168.679,539.062,678.536,13.0314,11.0000,1.0804,1.7631,4.2449,0.7604,0.0687,0.1709,0.9645,0.2182,4.6307,1.9295,0.6875
4,3,1167,1168,2,2,2,0.5000,1167.773,664.750,496.250,8.4897,12.0000,1.0909,0.4203,4.6307,0.0000,0.5625,0.4375,0.4459,0.5774,3.8590,1.5436,0.7727
3,3,1173,1175,3,1,1,1.0000,1174.000,763.000,741.000,7.5752,12.0000,1.0588,0.0000,4.6308,0.8889,0.0000,0.1111,1.0000,0.0000,4.6308,1.9295,1.0000
6,3,1176,1178,3,2,2,0.5000,1176.833,714.733,586.350,9.4527,12.0000,1.2000,0.4705,4.6308,0.6381,0.1455,0.2164,0.8019,0.3768,4.6308,1.9295,0.5833
5,3,1182,1184,3,2,2,0.4167,1182.940,462.600,613.160,8.6294,12.0000,1.2000,0.6239,4.6310,0.1521,0.5234,0.3245,1.0000,0.0000,3.8592,0.7718,0.6800
4,3,1185,1187,3,1,2,0.6667,1186.073,256.000,505.732,7.9115,11.0000,1.0732,0.7354,4.2452,0.5357,0.3214,0.1429,1.0000,0.0000,4.2452,1.1578,0.8049
3,3,1186,1188,3,1,1,1.0000,1187.000,262.000,867.000,7.5757,12.0000,1.0588,0.0000,4.6311,0.8889,0.0000,0.1111,1.0000,0.0000,4.6312,0.3859,1.0000
4,3,1191,1192,2,1,2,1.0000,1191.532,562.000,833.447,9.0695,14.0000,1.1915,0.6471,5.4031,0.0000,0.7500,0.2500,0.0000,0.0000,4.0523,0.1930,0.7872
3,3,1192,1193,2,1,2,0.7500,1192.333,574.000,765.333,7.3531,11.0000,1.0000,0.4714,4.2453,0.5333,0.2667,0.2000,0.7071,0.0000,4.6312,1.9297,1.0000
7,4,1193,1195,3,3,2,0.3889,1193.775,472.014,720.465,10.3568,13.0000,1.2817,0.9417,5.0172,0.1909,0.4622,0.3468,0.7315,0.2073,4.6312,1.5437,0.6479
4,3,1194,1195,2,1,2,1.0000,1194.465,513.000,813.488,8.2976,12.0000,1.1163,0.6914,4.6312,0.0000,0.7500,0.2500,0.0000,0.0000,4.6312,1.1578,0.7907
3,3,1197,1199,3,1,1,1.0000,1198.000,850.000,700.000,7.7987,13.0000,1.1143,0.0000,5.0171,0.8889,0.0000,0.1111,1.0000,0.0000,4.6312,1.9297,1.0000
4,3,1198,1199,2,2,1,1.0000,1198.477,409.545,800.000,8.4905,12.0000,1.0909,0.6591,4.6312,0.0000,0.7500,0.2500,1.0000,0.0000,4.4382,0.7719,0.7955
4,3,1201,1203,3,1,2,0.6667,1201.889,740.000,502.578,8.6833,13.0000,1.1556,0.9841,5.0171,0.7576,0.1294,0.1129,0.8507,0.0000,5.0170,1.5437,0.8222
5,4,1202,1204,3,2,1,0.8333,1203.179,309.589,1005.000,9.6650,13.0000,1.1607,0.4479,5.0170,0.5854,0.2927,0.1220,0.9487,0.0000,4.6311,1.1577,0.8393
5,3,1203,1204,2,2,2,0.6250,1203.481,584.833,1002.370,9.3198,14.0000,1.2963,0.6586,5.4029,0.3432,0.2505,0.4063,0.6059,0.3645,4.6311,1.5437,0.6852
7,5,1203,1204,2,2,2,0.8750,1203.520,654.387,965.427,10.9398,13.0000,1.2133,0.9103,5.0170,0.0000,0.3318,0.6682,0.7788,0.5774,5.0169,1.9296,0.7867
3,3,1203,1203,1,2,2,0.7500,1203.000,656.324,408.676,7.5756,12.0000,1.0588,0.4575,4.6311,0.5333,0.2667,0.2000,0.0000,1.0000,3.8592,0.5789,1.0000
3,3,1204,1206,3,1,1,1.0000,1205.028,446.000,755.000,8.0211,13.0000,1.0833,0.0278,5.0169,0.8889,0.0000,0.1111,1.0000,0.0000,3.8591,0.7718,1.0000
6,3,1205,1207,3,2,2,0.5000,1206.145,526.177,583.468,9.7679,12.0000,1.1613,0.5209,4.6309,0.3810,0.3333,0.2857,0.9487,0.1690,4.4379,1.3507,0.5645
4,3,1207,1208,2,2,1,1.0000,1207.463,822.463,1124.000,7.9110,11.0000,1.0732,0.6554,4.2450,0.0000,0.7500,0.2500,1.0000,0.0000,4.6308,0.9648,0.8049
4,3,1211,1212,2,1,2,1.0000,1211.545,620.000,1023.477,8.4893,12.0000,1.0909,0.6591,4.6305,0.0000,0.7500,0.2500,0.0000,0.0000,4.0517,0.7718,0.7955
6,3,1213,1215,3,2,2,0.5000,1214.557,347.672,614.311,9.6091,12.0000,1.1803,0.6328,4.6303,0.6854,0.0214,0.2932,0.8786,0.4775,4.4373,1.3505,0.5574
8,3,1213,1216,4,2,3,0.3333,1214.365,352.682,315.988,11.5959,16.0000,1.5059,0.4838,6.1738,0.6891,0.1509,0.1600,0.9377,0.1423,3.2798,0.5788,0.4941
5,3,1214,1215,2,2,2,0.6250,1214.380,658.840,415.560,8.6281,12.0000,1.2000,0.6030,4.6303,0.3432,0.2505,0.4063,0.6059,0.3645,4.6303,1.3505,0.6800
5,3,1215,1217,3,1,2,0.8333,1215.759,1038.000,606.426,9.3181,13.0000,1.2037,0.4893,5.0160,0.5854,0.2927,0.1220,0.9487,0.0000,4.6302,0.7717,0.6667
4,3,1216,1217,2,2,1,1.0000,1216.523,392.477,438.000,8.4885,12.0000,1.0909,0.6750,4.6301,0.0000,0.7500,0.2500,1.0000,0.0000,4.6301,1.7363,0.7727
4,3,1217,1219,3,1,2,0.6667,1217.864,560.000,478.182,8.4883,13.0000,1.1818,1.1508,5.0157,0.7500,0.1500,0.1000,0.9487,0.0000,4.8229,1.5433,0.8182
3,3,1225,1226,2,1,2,0.7500,1225.667,463.000,588.306,8.0179,13.0000,1.0833,0.4522,5.0149,0.5333,0.2667,0.2000,0.7071,0.0000,5.0150,1.5430,1.0000
4,3,1227,1229,3,2,1,0.6667,1227.786,362.786,641.000,8.1006,11.0000,1.0476,0.8144,4.2433,0.7500,0.1500,0.1000,0.9487,0.0000,4.6289,1.7359,0.7857
5,3,1227,1229,3,2,1,0.8333,1228.204,488.611,681.000,9.3154,12.0000,1.1111,0.6442,4.6289,0.5854,0.2927,0.1220,0.9487,0.0000,4.6289,0.7715,0.6481
6,3,1230,1232,3,3,1,0.6667,1230.825,363.032,485.000,9.9205,14.0000,1.3333,0.1775,5.4000,0.6944,0.2222,0.0833,0.6000,0.0000,4.4358,0.9643,0.5714
5,4,1232,1233,2,2,2,0.6250,1232.600,446.145,1067.418,9.4870,13.0000,1.1818,0.5967,5.0141,0.3432,0.2505,0.4063,0.6059,0.3645,3.8571,1.3499,0.8545
3,3,1233,1235,3,1,1,1.0000,1234.000,411.000,797.000,8.4617,14.0000,1.1053,0.0000,5.3996,0.8889,0.0000,0.1111,1.0000,0.0000,5.2069,1.5427,1.0000
6,3,1236,1237,2,3,2,0.5000,1236.397,291.000,904.466,9.1320,12.0000,1.2414,0.7621,4.6280,0.4412,0.1872,0.3716,0.0000,0.0000,4.0495,1.5427,0.5862
8,3,1244,1246,3,3,2,0.4444,1245.123,553.975,748.370,11.0429,13.0000,1.2840,0.3912,5.0129,0.5651,0.0457,0.3892,0.9498,0.3090,4.4345,1.9280,0.5679
4,3,1248,1249,2,2,1,1.0000,1248.512,135.512,722.000,8.2902,11.0000,1.0233,0.7073,4.2415,0.0000,0.7500,0.2500,1.0000,0.0000,4.6270,0.3856,0.7674
5,3,1255,1256,2,2,2,0.6250,1255.630,462.185,604.370,9.3112,13.0000,1.2037,0.5556,5.0123,0.3432,0.2505,0.4063,0.6059,0.3645,4.6268,1.1567,0.6481
5,3,1256,1258,3,3,1,0.5556,1257.074,318.537,783.000,9.3112,13.0000,1.2037,1.0704,5.0123,0.3318,0.5530,0.1152,0.0000,0.0000,4.6267,1.9278,0.6667
3,3,1258,1259,2,2,1,0.7500,1258.676,319.297,364.000,8.2363,14.0000,1.1351,0.4400,5.3978,0.5333,0.2667,0.2000,0.7071,0.0000,4.2412,0.3856,1.0000
7,4,1262,1264,3,2,2,0.5833,1263.014,392.378,819.122,10.7838,14.0000,1.3243,0.3977,5.3978,0.4600,0.2645,0.2756,1.0000,0.0000,4.6267,0.7711,0.6622
3,3,1262,1263,2,1,2,0.7500,1262.647,831.000,501.676,7.5685,12.0000,1.0588,0.7234,4.6267,0.5333,0.2667,0.2000,0.7071,0.0000,4.6267,2.1206,1.0000
6,4,1265,1266,2,2,2,0.7500,1265.516,592.532,777.677,9.7591,12.0000,1.1613,0.7883,4.6267,0.2667,0.1333,0.6000,0.7071,0.7071,3.8556,1.1567,0.7258
4,3,1270,1273,4,1,1,1.0000,1271.356,487.000,806.000,8.6753,13.0000,1.1556,1.3556,5.0124,0.9375,0.0000,0.0625,1.0000,0.0000,4.8196,1.9279,0.8000
4,3,1271,1272,2,2,1,1.0000,1271.463,418.537,650.000,7.9042,11.0000,1.0732,0.7090,4.2413,0.0000,0.7500,0.2500,1.0000,0.0000,3.8557,0.3856,0.8049
3,3,1273,1275,3,1,1,1.0000,1274.028,258.000,398.000,8.0141,13.0000,1.0833,0.0278,5.0125,0.8889,0.0000,0.1111,1.0000,0.0000,5.0125,0.3856,1.0000
6,4,1273,1275,3,2,2,0.5000,1274.379,447.530,890.833,10.3892,13.0000,1.1818,0.6727,5.0125,0.6373,0.1269,0.2358,0.8795,0.0724,4.0486,0.7712,0.7273
5,3,1273,1275,3,2,1,0.8333,1274.212,489.423,715.000,8.9666,12.0000,1.1538,0.4730,4.6269,0.5854,0.2927,0.1220,0.9487,0.0000,4.8197,1.5423,0.6538
5,3,1274,1275,2,2,2,0.6250,1274.596,634.439,960.140,9.8288,14.0000,1.2281,0.6123,5.3981,0.3432,0.2505,0.4063,0.6059,0.3645,4.2414,1.3495,0.6842
4,3,1278,1279,2,1,2,1.0000,1278.548,784.000,416.548,8.0974,12.0000,1.1429,0.6398,4.6271,0.0000,0.7500,0.2500,0.0000,0.0000,4.6271,1.5424,0.8095
4,3,1279,1281,3,2,1,0.6667,1279.745,332.809,639.000,9.0615,15.0000,1.2766,0.7689,5.7839,0.7500,0.1500,0.1000,0.9487,0.0000,5.0128,1.1568,0.8085
3,3,1283,1284,2,1,2,0.7500,1283.667,490.000,762.667,7.3469,11.0000,1.0000,0.7454,4.2417,0.5333,0.2667,0.2000,0.7071,0.0000,4.6273,1.1568,1.0000
4,4,1283,1284,2,1,2,1.0000,1283.511,809.000,373.511,8.6762,12.0000,1.0667,0.6914,4.6273,0.0000,0.7500,0.2500,0.0000,0.0000,4.6273,1.3496,1.0000
4,3,1288,1290,3,2,1,0.6667,1289.073,568.732,547.000,7.9054,11.0000,1.0732,0.7354,4.2420,0.5357,0.3214,0.1429,1.0000,0.0000,4.6276,0.7713,0.8049
8,3,1296,1298,3,3,2,0.4444,1296.829,416.539,438.224,10.3627,12.0000,1.2632,0.9743,4.6279,0.6820,0.1035,0.2144,0.7402,0.2285,3.8567,1.5426,0.4474
3,3,1297,1299,3,1,1,1.0000,1298.053,354.000,624.000,8.4612,14.0000,1.1053,0.9474,5.3994,0.8889,0.0000,0.1111,1.0000,0.0000,5.0136,0.7713,1.0000
4,3,1298,1300,3,2,1,0.6667,1299.043,522.553,534.000,9.0632,14.0000,1.1915,0.4488,5.3994,0.7576,0.1294,0.1129,0.8507,0.0000,4.8209,1.9283,0.7872
4,3,1302,1305,4,1,1,1.0000,1303.595,531.000,620.000,8.0994,12.0000,1.1429,0.5952,4.6282,0.9375,0.0000,0.0625,1.0000,0.0000,4.6283,1.5427,0.8095
7,3,1302,1305,4,2,2,0.4375,1303.576,561.121,575.470,9.6212,12.0000,1.2727,0.7921,4.6282,0.7406,0.0824,0.1770,0.9316,0.0988,2.6999,0.7714,0.5152
4,3,1304,1305,2,2,2,0.5000,1304.745,214.830,465.553,9.0637,14.0000,1.1915,0.5420,5.3997,0.5916,0.1015,0.3069,0.5000,0.5000,4.8211,1.5428,0.8298
3,3,1305,1306,2,1,2,0.7500,1305.657,834.000,688.686,7.7938,12.0000,1.0286,0.7284,4.6283,0.5333,0.2667,0.2000,0.7071,0.0000,4.2426,0.9642,1.0000
5,3,1314,1316,3,2,1,0.8333,1314.717,405.396,518.000,9.1426,13.0000,1.2264,0.4869,5.0144,0.5854,0.2927,0.1220,0.9487,0.0000,3.8572,1.1572,0.6792
4,3,1322,1323,2,2,2,0.5000,1322.523,468.750,853.818,8.4867,13.0000,1.1818,0.6073,5.0148,0.5916,0.1015,0.3069,0.7071,0.7071,4.8220,1.9288,0.8182
5,3,1323,1324,2,2,2,0.6250,1323.560,525.400,1020.160,8.6259,11.0000,1.1000,0.7065,4.2434,0.3432,0.2505,0.4063,0.6059,0.3645,4.6291,1.5430,0.6600
6,3,1323,1325,3,3,2,0.3333,1324.344,638.836,542.689,9.6068,11.0000,1.0820,0.9563,4.2435,0.8073,0.0348,0.1578,0.6885,0.0637,4.4363,1.1573,0.5410
3,3,1324,1325,2,2,1,0.7500,1324.657,337.657,519.000,7.7953,12.0000,1.0286,0.7412,4.6292,0.5333,0.2667,0.2000,0.7071,0.0000,5.0149,1.9288,1.0000
7,3,1325,1327,3,2,2,0.5833,1325.826,980.116,678.449,10.0608,12.0000,1.2174,0.4955,4.6293,0.5916,0.2044,0.2040,0.9664,0.1591,4.2435,1.1573,0.4928
5,3,1326,1328,3,2,1,0.8333,1327.245,239.566,1007.000,9.1439,13.0000,1.2264,0.6169,5.0151,0.5854,0.2927,0.1220,0.9487,0.0000,4.6294,1.5431,0.6604
7,3,1326,1328,3,2,2,0.5833,1326.672,396.239,844.701,9.7693,12.0000,1.2537,1.0001,4.6293,0.3772,0.3083,0.3146,0.9758,0.2185,3.8579,1.5431,0.5075
7,3,1326,1329,4,2,2,0.4375,1327.634,704.296,429.887,10.3527,13.0000,1.2817,0.4840,5.0152,0.6673,0.1280,0.2047,0.9953,0.0695,4.2437,1.9289,0.5070
3,3,1327,1329,3,1,1,1.0000,1328.000,381.000,599.000,7.5729,12.0000,1.0588,0.0000,4.6294,0.8889,0.0000,0.1111,1.0000,0.0000,3.8579,0.7716,1.0000
4,3,1333,1335,3,2,1,0.6667,1334.071,616.262,745.000,8.1024,12.0000,1.1429,0.2715,4.6299,0.5357,0.3214,0.1429,1.0000,0.0000,3.8583,0.3859,0.8095
7,3,1333,1334,2,2,3,0.5833,1333.710,927.246,629.333,10.0621,12.0000,1.2174,0.7676,4.6299,0.3772,0.3083,0.3146,0.1545,0.6900,3.8582,0.7716,0.4928
7,3,1336,1338,3,2,3,0.3889,1337.286,1118.114,491.457,10.2087,13.0000,1.3000,0.6240,5.0161,0.1278,0.6171,0.2551,0.5345,0.2326,3.4728,0.7717,0.5000
7,3,1337,1339,3,3,2,0.3889,1337.676,273.817,672.113,10.3546,14.0000,1.3803,0.3888,5.4020,0.1917,0.4720,0.3362,0.9296,0.1173,4.2444,1.1576,0.5211
35,14,1337,1342,6,7,4,0.2083,1339.671,324.252,883.070,26.1552,23.0000,2.0075,0.4203,8.8752,0.6118,0.1914,0.1968,0.4297,0.6525,4.2447,1.5435,0.5985
3,3,1337,1339,3,1,1,1.0000,1338.029,385.000,505.000,7.5744,12.0000,1.0588,0.9706,4.6304,0.8889,0.0000,0.1111,1.0000,0.0000,4.6303,1.1576,1.0000
7,3,1338,1340,3,3,2,0.3889,1339.167,539.667,395.121,9.6258,12.0000,1.2727,0.3919,4.6304,0.7514,0.0882,0.1604,0.7791,0.1005,2.7012,0.7717,0.5152
5,3,1340,1341,2,1,3,0.8333,1340.615,532.000,340.750,8.9738,12.0000,1.1538,0.4587,4.6307,0.5854,0.2927,0.1220,0.3162,0.0000,4.6305,1.1577,0.6538
6,3,1341,1342,2,3,2,0.5000,1341.651,560.968,933.317,9.9251,14.0000,1.3333,0.4730,5.4026,0.1333,0.2667,0.6000,0.0000,0.7071,4.4378,1.1577,0.5714
7,4,1341,1344,4,2,2,0.4375,1342.429,742.671,914.114,10.2101,12.0000,1.2000,0.8890,4.6309,0.6673,0.1280,0.2047,0.9953,0.0695,4.6308,1.1577,0.6429
6,3,1341,1342,2,2,2,0.7500,1341.484,869.613,506.258,9.7675,12.0000,1.1613,0.8224,4.6308,0.2000,0.3333,0.4667,0.0000,0.0000,4.6307,1.5436,0.5806
5,3,1346,1347,2,2,2,0.6250,1346.561,643.860,185.544,9.8384,15.0000,1.3158,0.7941,5.7892,0.3432,0.2505,0.4063,0.6059,0.3645,4.6315,1.5438,0.6842
6,3,1346,1348,3,2,2,0.5000,1346.635,822.841,799.619,9.9266,13.0000,1.2381,0.9009,5.0173,0.5034,0.2551,0.2415,0.9677,0.2521,4.4385,1.3509,0.5556
8,3,1348,1350,3,3,2,0.4444,1349.210,432.642,453.160,11.0539,15.0000,1.4815,0.6942,5.7898,0.5236,0.2754,0.2010,0.4628,0.0056,3.6670,1.1580,0.4938
4,3,1350,1352,3,1,2,0.6667,1351.071,715.000,559.452,8.1063,12.0000,1.1429,0.4580,4.6322,0.7576,0.1294,0.1129,0.8507,0.0000,4.6323,1.5441,0.8095
6,3,1352,1354,3,1,3,0.6667,1352.921,484.000,644.444,9.9289,13.0000,1.2381,0.5612,5.0188,0.2083,0.6667,0.1250,0.4472,0.0000,4.4394,0.7720,0.5873
4,3,1353,1354,2,1,2,1.0000,1353.442,454.000,577.442,8.3001,13.0000,1.2093,0.6249,5.0186,0.0000,0.7500,0.2500,0.0000,0.0000,4.6326,0.7721,0.8140
5,3,1359,1361,3,1,3,0.5556,1360.148,631.000,689.000,9.3258,13.0000,1.2037,0.1481,5.0202,0.5532,0.3398,0.1070,0.8281,0.0000,4.6342,1.9308,0.6667
7,3,1360,1361,2,3,2,0.5833,1360.528,582.042,1117.889,10.5092,13.0000,1.2639,1.1730,5.0202,0.5916,0.2044,0.2040,0.1485,0.2953,4.2480,1.5447,0.4861
6,3,1361,1364,4,2,2,0.3750,1362.390,749.864,845.136,9.3025,12.0000,1.2203,1.4030,4.6344,0.7722,0.0368,0.1910,0.9884,0.0000,4.0554,1.5448,0.5932
4,3,1364,1366,3,2,1,0.6667,1365.000,612.214,439.000,8.1115,11.0000,1.0476,1.0227,4.2491,0.5357,0.3214,0.1429,1.0000,0.0000,4.6350,1.5451,0.7857
4,3,1364,1365,2,2,1,1.0000,1364.535,698.512,840.000,8.3044,12.0000,1.1163,0.6914,4.6351,0.0000,0.7500,0.2500,1.0000,0.0000,4.6350,1.9313,0.7907
41,10,1365,1370,6,6,5,0.2278,1367.720,832.455,212.373,25.2188,17.0000,1.6675,1.6910,6.5674,0.4888,0.3050,0.2062,0.4387,0.1035,3.0905,0.7728,0.4450
4,3,1373,1375,3,2,1,0.6667,1373.956,612.533,499.000,8.6948,13.0000,1.1556,0.4688,5.0237,0.7576,0.1294,0.1129,0.8507,0.0000,4.8303,1.5458,0.8000
4,3,1374,1376,3,2,1,0.6667,1375.023,654.186,550.000,8.3088,12.0000,1.1163,0.1875,4.6377,0.5357,0.3214,0.1429,1.0000,0.0000,5.2171,2.1253,0.8140
7,3,1375,1376,2,3,2,0.5833,1375.537,462.851,800.254,9.7867,11.0000,1.1493,1.0377,4.2512,0.3883,0.1309,0.4808,0.3626,0.5691,3.0918,0.3865,0.4925
3,3,1376,1378,3,1,1,1.0000,1377.000,885.000,856.000,8.0331,14.0000,1.1667,0.0000,5.4109,0.8889,0.0000,0.1111,1.0000,0.0000,4.6382,1.3527,1.0000
6,3,1385,1387,3,2,2,0.5000,1385.839,1049.532,616.274,9.7865,13.0000,1.2581,0.5657,5.0264,0.4246,0.3485,0.2269,0.7895,0.0722,4.2531,1.1599,0.5806
5,3,1386,1388,3,1,2,0.8333,1387.120,377.000,461.380,8.6460,11.0000,1.1000,1.1827,4.2533,0.5854,0.2927,0.1220,0.9487,0.0000,3.8665,0.7733,0.6600
5,3,1387,1389,3,2,1,0.8333,1387.837,566.327,1024.000,8.4733,11.0000,1.1224,0.8982,4.2536,0.5854,0.2927,0.1220,0.9487,0.0000,3.8666,1.5467,0.6735
4,3,1390,1392,3,1,2,0.6667,1391.043,820.000,469.761,8.8944,15.0000,1.3043,0.2431,5.8007,0.5357,0.3214,0.1429,1.0000,0.0000,4.6406,1.5468,0.8043
8,3,1394,1396,3,3,2,0.4444,1394.756,646.410,460.333,10.6654,12.0000,1.2308,1.0154,4.6410,0.1711,0.4368,0.3921,0.1441,0.1502,4.0609,1.7404,0.4487
3,3,1396,1398,3,1,1,1.0000,1397.000,347.000,827.000,7.3688,11.0000,1.0000,1.0000,4.2544,0.8889,0.0000,0.1111,1.0000,0.0000,3.8676,0.7735,1.0000
3,3,1399,1401,3,1,1,1.0000,1400.026,391.000,348.000,8.7089,14.0000,1.0769,0.0256,5.4149,0.8889,0.0000,0.1111,1.0000,0.0000,5.8017,1.9339,1.0000
4,3,1400,1403,4,1,1,1.0000,1401.578,289.000,492.000,8.7025,12.0000,1.0667,0.4222,4.6414,0.9375,0.0000,0.0625,1.0000,0.0000,4.0612,1.5471,0.7778
5,4,1403,1404,2,2,2,0.6250,1403.593,233.593,904.852,9.3406,13.0000,1.2037,0.5949,5.0282,0.3432,0.2505,0.4063,0.6059,0.3645,3.8678,0.9670,0.8519
5,3,1403,1405,3,1,2,0.8333,1404.175,510.000,708.298,9.8595,16.0000,1.4035,0.3460,6.1885,0.5854,0.2927,0.1220,0.9487,0.0000,4.6414,1.5471,0.7018
5,3,1405,1407,3,2,2,0.4167,1406.038,663.558,487.846,8.9946,12.0000,1.1538,0.5798,4.6414,0.5461,0.2256,0.2283,0.8117,0.4177,5.0281,1.3537,0.6731
3,3,1408,1409,2,2,1,0.7500,1408.324,261.647,631.000,7.5923,12.0000,1.0588,0.7234,4.6413,0.5333,0.2667,0.2000,0.7071,0.0000,4.6413,1.1603,1.0000
4,3,1408,1409,2,2,1,1.0000,1408.523,331.523,453.000,8.5090,12.0000,1.0909,0.6750,4.6413,0.0000,0.7500,0.2500,1.0000,0.0000,4.6413,1.3537,0.7727
3,3,1409,1410,2,2,1,0.7500,1409.657,322.343,818.000,7.8155,12.0000,1.0286,0.7412,4.6413,0.5333,0.2667,0.2000,0.7071,0.0000,5.0280,1.1603,1.0000
4,3,1410,1411,2,1,2,1.0000,1410.447,542.000,590.532,9.0890,14.0000,1.1915,0.6471,5.4147,0.0000,0.7500,0.2500,0.0000,0.0000,4.8346,1.3537,0.7872
5,4,1412,1414,3,2,2,0.4167,1413.000,167.585,779.170,9.1668,11.0000,1.0377,1.0960,4.2543,0.5461,0.2256,0.2283,0.8117,0.4177,3.4808,1.1603,0.8302
8,3,1413,1416,4,2,3,0.3333,1414.329,371.256,623.841,11.2121,11.0000,1.0732,1.5939,4.2542,0.8069,0.0390,0.1540,0.7398,0.6455,4.4475,1.1603,0.5366
4,3,1416,1418,3,2,1,0.6667,1416.953,703.744,603.000,8.3144,12.0000,1.1163,0.2600,4.6406,0.5357,0.3214,0.1429,1.0000,0.0000,3.8672,1.5469,0.7907
8,3,1417,1420,4,3,2,0.3333,1419.115,692.038,351.359,10.6639,12.0000,1.2308,0.3790,4.6404,0.6542,0.2028,0.1430,0.9752,0.1543,4.2535,1.1601,0.5769
3,3,1423,1425,3,1,1,1.0000,1424.029,476.000,681.000,7.8129,12.0000,1.0286,0.0286,4.6397,0.8889,0.0000,0.1111,1.0000,0.0000,5.0262,1.5466,1.0000
4,3,1424,1426,3,1,2,0.6667,1424.791,601.000,994.791,8.3126,12.0000,1.1163,0.2960,4.6395,0.7500,0.1500,0.1000,0.9487,0.0000,3.8663,0.7732,0.7907
5,3,1432,1434,3,1,2,0.8333,1433.264,330.000,683.509,9.1616,15.0000,1.4151,0.5738,5.7980,0.5854,0.2927,0.1220,0.9487,0.0000,4.6382,1.7394,0.6981
3,3,1435,1436,2,2,1,0.7500,1435.686,439.657,679.000,7.8101,12.0000,1.0286,0.7284,4.6380,0.5333,0.2667,0.2000,0.7071,0.0000,4.2515,1.5460,1.0000
4,3,1437,1439,3,2,1,0.6667,1438.302,701.744,606.000,8.3091,12.0000,1.1163,0.3960,4.6377,0.7500,0.1500,0.1000,0.9487,0.0000,4.6376,1.3527,0.7907
4,3,1443,1444,2,1,2,1.0000,1443.523,804.000,400.477,8.5013,12.0000,1.0909,0.7078,4.6371,0.0000,0.7500,0.2500,0.0000,0.0000,4.0574,0.7728,0.7955
3,3,1444,1446,3,1,1,1.0000,1445.000,477.000,329.000,7.3621,11.0000,1.0000,1.0000,4.2506,0.8889,0.0000,0.1111,1.0000,0.0000,4.6369,1.5456,1.0000
4,3,1444,1445,2,2,1,1.0000,1444.488,755.558,363.000,8.3079,13.0000,1.2093,0.6760,5.0233,0.0000,0.7500,0.2500,1.0000,0.0000,3.8642,1.3525,0.8140
5,3,1446,1447,2,2,2,0.6250,1446.623,627.453,624.189,9.1586,12.0000,1.1321,0.8501,4.6368,0.3432,0.2505,0.4063,0.6059,0.3645,3.8640,0.9660,0.6604
4,3,1447,1450,4,1,1,1.0000,1448.521,468.000,659.000,9.2733,14.0000,1.1667,0.5208,5.4095,0.9375,0.0000,0.0625,1.0000,0.0000,5.0230,1.9319,0.7917
4,3,1447,1448,2,2,2,0.5000,1447.535,579.209,930.279,8.3075,12.0000,1.1163,0.8831,4.6367,0.5916,0.1015,0.3069,0.7071,0.7071,4.6367,1.5456,0.7907
3,3,1449,1451,3,1,1,1.0000,1450.056,440.000,580.000,8.0307,13.0000,1.0833,0.9444,5.0229,0.8889,0.0000,0.1111,1.0000,0.0000,4.6365,0.7728,1.0000
4,3,1452,1453,2,2,1,1.0000,1452.476,435.476,511.000,8.1137,11.0000,1.0476,0.6734,4.2501,0.0000,0.7500,0.2500,1.0000,0.0000,3.8637,0.7727,0.7857
7,3,1452,1455,4,2,2,0.4375,1453.800,456.529,546.286,10.2223,11.0000,1.1000,1.8976,4.2501,0.7941,0.0831,0.1229,0.8986,0.2604,4.6363,1.5455,0.6286
3,3,1454,1455,2,2,1,0.7500,1454.353,806.324,446.000,7.5843,12.0000,1.0588,0.7234,4.6363,0.5333,0.2667,0.2000,0.7071,0.0000,4.6364,1.5455,1.0000
5,3,1456,1458,3,1,2,0.8333,1456.685,681.000,217.593,9.3304,13.0000,1.2037,0.7972,5.0227,0.5854,0.2927,0.1220,0.9487,0.0000,4.6363,0.9659,0.6667
4,3,1461,1463,3,1,2,0.6667,1461.977,468.000,481.814,8.3067,12.0000,1.1163,0.9943,4.6363,0.5357,0.3214,0.1429,1.0000,0.0000,4.8295,0.7727,0.8140
5,3,1462,1464,3,2,1,0.8333,1462.741,896.537,612.000,9.3304,13.0000,1.2037,0.5963,5.0227,0.5854,0.2927,0.1220,0.9487,0.0000,3.8636,0.9659,0.6667
4,3,1474,1476,3,2,1,0.6667,1475.000,708.170,979.000,9.0806,17.0000,1.4468,0.1702,6.5689,0.5357,0.3214,0.1429,1.0000,0.0000,4.6369,1.3524,0.8298
5,3,1475,1476,2,2,2,0.6250,1475.400,392.545,694.836,9.5044,13.0000,1.1818,0.8272,5.0234,0.3432,0.2505,0.4063,0.6059,0.3645,5.0233,2.3184,0.6727
3,3,1479,1480,2,2,1,0.7500,1479.324,314.324,257.000,7.5856,12.0000,1.0588,0.4575,4.6372,0.5333,0.2667,0.2000,0.7071,0.0000,4.6372,1.5457,1.0000
3,3,1481,1483,3,1,1,1.0000,1482.029,1100.000,605.000,7.5860,12.0000,1.0588,0.9706,4.6375,0.8889,0.0000,0.1111,1.0000,0.0000,4.6374,1.1594,1.0000
3,3,1483,1484,2,2,1,0.7500,1483.676,361.324,976.000,7.5862,12.0000,1.0588,0.4575,4.6375,0.5333,0.2667,0.2000,0.7071,0.0000,3.4782,0.9662,1.0000
4,3,1492,1493,2,2,2,0.5000,1492.810,617.262,991.548,8.1167,12.0000,1.1429,0.5563,4.6381,0.5916,0.1015,0.3069,0.5000,0.5000,5.0246,1.1595,0.8095
4,3,1495,1496,2,2,1,1.0000,1495.537,358.463,414.000,7.9236,11.0000,1.0732,0.7090,4.2517,0.0000,0.7500,0.2500,1.0000,0.0000,3.8652,1.1596,0.8049
3,3,1504,1505,2,1,2,0.7500,1504.314,629.000,676.686,7.8110,13.0000,1.1143,0.4445,5.0251,0.5333,0.2667,0.2000,0.7071,0.0000,3.8655,1.5462,1.0000
3,3,1511,1512,2,1,2,0.7500,1511.632,466.000,846.289,8.4806,14.0000,1.1053,0.6948,5.4117,0.5333,0.2667,0.2000,0.7071,0.0000,5.4117,1.5462,1.0000
3,3,1512,1513,2,1,2,0.7500,1512.649,861.000,500.297,8.2574,13.0000,1.0541,0.7135,5.0251,0.5333,0.2667,0.2000,0.7071,0.0000,5.4117,2.3193,1.0000
4,3,1513,1514,2,2,1,1.0000,1513.467,732.444,481.000,8.6973,13.0000,1.1556,0.6444,5.0251,0.0000,0.7500,0.2500,1.0000,0.0000,4.0588,0.7731,0.8000
9,3,1513,1516,4,2,3,0.3750,1514.773,753.182,482.080,11.3387,16.0000,1.6364,0.3017,6.1848,0.5864,0.2743,0.1393,0.9040,0.3478,3.4789,1.5462,0.4432
5,3,1514,1515,2,2,2,0.6250,1514.340,382.792,518.642,9.1621,13.0000,1.2264,0.5357,5.0251,0.3432,0.2505,0.4063,0.6059,0.3645,4.8318,1.9327,0.6604
4,4,1514,1515,2,2,2,0.5000,1514.745,534.234,517.489,9.0839,12.0000,1.0213,0.9213,4.6386,0.5916,0.1015,0.3069,0.5000,0.5000,5.0251,1.9327,1.0000
6,3,1517,1519,3,2,2,0.5000,1517.841,530.413,498.873,9.9418,15.0000,1.4286,1.0338,5.7982,0.7074,0.0897,0.2030,0.9140,0.2540,3.6722,0.5798,0.5873
5,3,1521,1523,3,2,1,0.8333,1522.283,487.415,485.000,9.1618,13.0000,1.2264,0.9253,5.0249,0.5854,0.2927,0.1220,0.9487,0.0000,4.6384,1.5461,0.6604
5,3,1524,1526,3,1,3,0.5556,1525.000,424.000,710.000,8.9888,14.0000,1.3462,0.0000,5.4114,0.0000,0.8276,0.1724,0.0000,0.0000,4.6383,1.7394,0.6923
4,3,1529,1530,2,2,2,0.5000,1529.286,477.810,387.548,8.1169,12.0000,1.1429,0.8667,4.6382,0.5916,0.1015,0.3069,0.5000,0.5000,4.6382,1.9326,0.8095
4,3,1530,1533,4,1,1,1.0000,1531.581,577.000,239.000,8.3100,12.0000,1.1163,0.4186,4.6381,0.9375,0.0000,0.0625,1.0000,0.0000,4.6381,1.3528,0.7907
6,3,1531,1532,2,1,3,1.0000,1531.492,336.000,452.967,9.6254,12.0000,1.1803,0.4929,4.6382,0.5556,0.3333,0.1111,0.0000,0.0000,4.4449,1.1595,0.5574
5,3,1531,1532,2,2,2,0.6250,1531.660,739.396,463.245,9.1612,13.0000,1.2264,0.9176,5.0247,0.3432,0.2505,0.4063,0.6059,0.3645,4.6381,0.7730,0.6604
3,3,1532,1532,1,2,2,0.7500,1532.000,823.368,637.711,8.4798,14.0000,1.1053,0.6948,5.4112,0.5333,0.2667,0.2000,0.0000,1.0000,5.4112,2.3191,1.0000
7,3,1536,1538,3,3,2,0.3889,1536.929,704.129,583.886,10.2258,12.0000,1.2000,0.1863,4.6380,0.6107,0.2231,0.1662,0.8599,0.3065,4.2515,1.1595,0.4857
5,3,1539,1540,2,2,2,0.6250,1539.411,515.625,526.857,9.6793,14.0000,1.2500,0.5742,5.4109,0.3432,0.2505,0.4063,0.6059,0.3645,4.6379,1.5460,0.6786
4,3,1542,1543,2,3,1,0.6667,1542.523,273.068,687.000,8.5027,12.0000,1.0909,0.5272,4.6379,0.7576,0.1294,0.1129,0.5257,0.0000,4.8311,1.9324,0.7955
3,3,1547,1548,2,2,1,0.7500,1547.297,493.351,424.000,8.2559,13.0000,1.0541,0.4603,5.0242,0.5333,0.2667,0.2000,0.7071,0.0000,5.4107,0.9662,1.0000
4,3,1549,1550,2,2,1,1.0000,1549.558,262.442,590.000,8.3092,13.0000,1.2093,0.6249,5.0242,0.0000,0.7500,0.2500,1.0000,0.0000,4.6377,1.3527,0.8140
4,3,1553,1554,2,2,1,1.0000,1553.524,388.476,850.000,8.1159,11.0000,1.0476,0.7079,4.2512,0.0000,0.7500,0.2500,1.0000,0.0000,5.0241,1.7391,0.7857
3,3,1553,1553,1,2,2,0.7500,1553.000,566.343,434.343,7.8096,12.0000,1.0286,0.7412,4.6377,0.5333,0.2667,0.2000,0.0000,1.0000,5.0241,0.7729,1.0000
5,3,1553,1555,3,2,1,0.8333,1553.736,578.377,554.000,9.1603,12.0000,1.1321,0.8270,4.6377,0.5854,0.2927,0.1220,0.9487,0.0000,4.6377,1.5459,0.6604
5,3,1554,1555,2,3,1,0.8333,1554.392,366.314,659.000,8.8146,12.0000,1.1765,0.7904,4.6377,0.5854,0.2927,0.1220,0.3162,0.0000,4.6377,1.9324,0.6863
5,3,1560,1562,3,1,3,0.5556,1561.259,974.000,712.172,10.0245,14.0000,1.2069,0.3108,5.4106,0.8123,0.1108,0.0769,0.7071,0.0000,3.8647,1.5459,0.6724
5,3,1562,1564,3,2,2,0.4167,1562.981,607.852,449.852,9.3331,15.0000,1.3889,0.2103,5.7971,0.7958,0.0325,0.1718,0.9294,0.3690,4.6377,0.7729,0.7037
3,3,1563,1564,2,2,1,0.7500,1563.333,537.667,429.000,7.3633,11.0000,1.0000,0.7454,4.2512,0.5333,0.2667,0.2000,0.7071,0.0000,4.6377,1.7391,1.0000
9,4,1564,1567,4,3,2,0.3750,1565.543,297.223,435.191,12.1095,15.0000,1.4362,0.5439,5.7971,0.7451,0.0653,0.1896,0.7326,0.3606,3.0918,0.7729,0.5213
4,3,1565,1566,2,2,1,1.0000,1565.535,284.512,820.000,8.3092,12.0000,1.1163,0.6914,4.6377,0.0000,0.7500,0.2500,1.0000,0.0000,4.6377,1.7391,0.7907
5,3,1566,1568,3,1,2,0.8333,1566.767,590.000,529.550,10.3702,14.0000,1.1667,0.5974,5.4107,0.5854,0.2927,0.1220,0.9487,0.0000,5.0242,1.3527,0.8333
5,3,1567,1569,3,2,1,0.8333,1567.720,284.600,490.000,8.6419,11.0000,1.1000,0.9372,4.2512,0.5854,0.2927,0.1220,0.9487,0.0000,4.6377,1.5459,0.6600
4,3,1567,1569,3,2,1,0.6667,1568.073,476.537,710.000,7.9228,11.0000,1.0732,0.5416,4.2513,0.7576,0.1294,0.1129,0.8507,0.0000,4.6377,1.9324,0.8049
4,3,1571,1573,3,2,1,0.6667,1571.933,586.756,602.000,8.6958,15.0000,1.3333,0.2534,5.7972,0.5357,0.3214,0.1429,1.0000,0.0000,4.6378,1.9324,0.8222
6,3,1572,1574,3,2,3,0.3333,1572.719,571.844,274.781,10.0980,14.0000,1.3125,0.3891,5.4108,0.8087,0.0589,0.1324,0.7990,0.1690,4.6378,1.9324,0.5938
6,3,1574,1577,4,2,2,0.3750,1575.712,505.136,763.847,9.3092,12.0000,1.2203,0.3531,4.6379,0.8087,0.0589,0.1324,0.9827,0.1690,4.2514,1.5460,0.5763
7,4,1576,1578,3,3,2,0.3889,1576.904,464.041,508.137,10.6638,12.0000,1.1507,1.0544,4.6379,0.6107,0.2231,0.1662,0.4941,0.2987,4.6379,1.3527,0.6301
4,3,1576,1577,2,2,1,1.0000,1576.452,480.524,868.000,8.1163,12.0000,1.1429,0.6921,4.6379,0.0000,0.7500,0.2500,1.0000,0.0000,4.6379,0.7730,0.8095
9,3,1576,1579,4,2,2,0.5625,1577.659,535.418,571.802,11.7236,15.0000,1.4835,0.5741,5.7974,0.5965,0.2191,0.1844,0.9935,0.0922,3.8649,1.5460,0.4396
7,3,1576,1578,3,2,3,0.3889,1576.662,662.162,285.147,9.9334,12.0000,1.2353,0.4027,4.6379,0.3231,0.4135,0.2634,0.8452,0.2797,3.8649,1.3527,0.5000
4,3,1577,1578,2,1,2,1.0000,1577.548,752.000,331.452,8.1163,12.0000,1.1429,0.6398,4.6379,0.0000,0.7500,0.2500,0.0000,0.0000,3.8649,0.5797,0.8095
5,3,1584,1585,2,1,3,0.8333,1584.327,813.000,260.818,9.5067,13.0000,1.1818,0.3744,5.0245,0.5854,0.2927,0.1220,0.3162,0.0000,4.2515,0.3865,0.6727
4,3,1586,1587,2,1,2,1.0000,1586.444,883.000,474.556,8.6964,13.0000,1.1556,0.6285,5.0246,0.0000,0.7500,0.2500,0.0000,0.0000,4.6381,0.7730,0.8222
7,3,1593,1596,4,2,2,0.4375,1594.716,793.239,1056.716,9.7880,12.0000,1.2537,0.8067,4.6382,0.6337,0.1104,0.2559,0.9775,0.0000,3.8652,0.9663,0.5075
3,3,1594,1595,2,1,2,0.7500,1594.353,519.000,558.324,7.5873,12.0000,1.0588,0.7234,4.6382,0.5333,0.2667,0.2000,0.7071,0.0000,4.6382,1.5461,1.0000
6,3,1594,1596,3,2,2,0.5000,1595.123,865.815,460.523,10.2567,14.0000,1.2923,0.5260,5.4113,0.3810,0.3333,0.2857,0.9487,0.1690,4.4450,1.5461,0.6000
4,3,1597,1599,3,1,2,0.6667,1598.114,432.000,223.250,8.5035,13.0000,1.1818,0.9209,5.0248,0.5357,0.3214,0.1429,1.0000,0.0000,4.8315,1.1596,0.8182
6,3,1598,1600,3,2,3,0.3333,1599.033,404.133,370.683,9.4679,14.0000,1.4000,1.0890,5.4113,0.6494,0.1645,0.1861,0.6429,0.3155,4.0585,1.1596,0.6000
7,3,1599,1601,3,2,3,0.3889,1599.687,566.746,265.224,9.7882,12.0000,1.2537,0.8746,4.6383,0.2843,0.4935,0.2222,0.8778,0.4790,3.8653,1.5461,0.5075
4,3,1599,1600,2,1,2,1.0000,1599.476,794.000,517.524,8.1170,11.0000,1.0476,0.7079,4.2518,0.0000,0.7500,0.2500,0.0000,0.0000,4.6383,0.3865,0.7857
3,3,1602,1603,2,2,1,0.7500,1602.667,988.667,738.000,7.3643,11.0000,1.0000,0.7454,4.2518,0.5333,0.2667,0.2000,0.7071,0.0000,4.6383,1.9326,1.0000
7,3,1605,1607,3,4,1,0.5833,1606.167,667.542,610.000,10.5188,14.0000,1.3611,0.5667,5.4114,0.7600,0.1784,0.0616,0.6636,0.0000,3.4788,1.5461,0.5139
7,3,1605,1607,3,2,2,0.5833,1605.718,880.296,457.761,10.3727,12.0000,1.1831,0.8129,4.6384,0.3772,0.3083,0.3146,0.9758,0.2185,3.0922,0.7731,0.5070
5,3,1611,1612,2,2,2,0.6250,1611.635,915.212,586.654,8.9888,12.0000,1.1538,0.5460,4.6384,0.3432,0.2505,0.4063,0.6059,0.3645,4.6384,1.5461,0.6538
5,3,1612,1614,3,2,1,0.8333,1612.807,651.632,621.000,9.8531,15.0000,1.3158,0.4159,5.7980,0.5854,0.2927,0.1220,0.9487,0.0000,4.6384,1.3529,0.6491
6,3,1616,1618,3,1,3,0.6667,1616.701,691.000,400.194,10.5726,16.0000,1.4328,0.3560,6.1845,0.2083,0.6667,0.1250,0.8944,0.0000,3.4788,1.5461,0.5970
5,3,1617,1618,2,3,2,0.4167,1617.208,546.000,444.623,9.1616,14.0000,1.3208,0.4307,5.4114,0.5461,0.2256,0.2283,0.1201,0.5647,3.8653,0.7731,0.6981
5,3,1617,1618,2,2,2,0.6250,1617.358,590.585,350.849,9.1616,15.0000,1.4151,0.5689,5.7979,0.3432,0.2505,0.4063,0.6059,0.3645,4.6383,1.5461,0.6981
3,3,1617,1618,2,1,2,0.7500,1617.314,733.000,344.657,7.8107,12.0000,1.0286,0.7284,4.6383,0.5333,0.2667,0.2000,0.7071,0.0000,4.2518,0.0000,1.0000
5,3,1618,1619,2,3,1,0.8333,1618.569,611.765,443.000,8.8159,12.0000,1.1765,0.4914,4.6383,0.5854,0.2927,0.1220,0.3162,0.0000,4.6383,1.9326,0.6667
5,3,1623,1624,2,2,2,0.6250,1623.569,717.549,349.157,8.8158,12.0000,1.1765,0.7156,4.6383,0.3432,0.2505,0.4063,0.6059,0.3645,4.6383,1.3528,0.6667
4,3,1627,1629,3,1,2,0.6667,1627.636,590.000,393.295,8.5033,13.0000,1.1818,0.9494,5.0247,0.7500,0.1500,0.1000,0.9487,0.0000,4.0584,1.5461,0.8182
9,3,1628,1630,3,2,2,0.7500,1628.946,392.419,695.441,11.9819,14.0000,1.3548,0.8079,5.4112,0.5117,0.1619,0.3264,0.9082,0.4082,3.8651,0.3865,0.5269
4,3,1629,1630,2,2,2,0.5000,1629.262,872.714,500.190,8.1167,12.0000,1.1429,0.7843,4.6381,0.0000,0.5625,0.4375,0.4459,0.5774,4.2516,0.5798,0.8095
5,3,1633,1634,2,2,2,0.6250,1633.444,890.852,412.537,9.3338,13.0000,1.2037,0.7868,5.0245,0.3432,0.2505,0.4063,0.6059,0.3645,4.6380,1.5460,0.6667
5,3,1635,1636,2,2,2,0.6250,1635.585,305.415,682.849,9.1608,12.0000,1.1321,0.7329,4.6379,0.3432,0.2505,0.4063,0.6059,0.3645,4.6379,1.3527,0.6604
4,3,1636,1638,3,2,1,0.6667,1636.805,381.195,511.000,7.9230,11.0000,1.0732,0.8282,4.2514,0.7500,0.1500,0.1000,0.9487,0.0000,4.6378,1.1595,0.8049
4,4,1638,1638,1,2,2,1.0000,1638.000,478.511,595.511,9.0823,13.0000,1.1064,0.6921,5.0243,0.0000,0.7500,0.2500,0.0000,1.0000,5.2175,1.9324,1.0000
7,3,1638,1641,4,2,2,0.4375,1639.058,705.884,462.710,10.0792,12.0000,1.2174,0.3175,4.6377,0.7514,0.0882,0.1604,0.9757,0.1283,3.4783,0.3865,0.4928
6,4,1639,1641,3,2,2,0.5000,1640.359,777.531,531.875,10.0977,14.0000,1.3125,0.6037,5.4106,0.6373,0.1269,0.2358,0.8795,0.0724,4.6377,2.3188,0.7500
4,3,1640,1641,2,2,1,1.0000,1640.488,516.535,856.000,8.3091,12.0000,1.1163,0.6914,4.6376,0.0000,0.7500,0.2500,1.0000,0.0000,3.8647,1.1594,0.7907
4,3,1640,1641,2,2,2,0.5000,1640.810,991.714,466.738,8.1159,12.0000,1.1429,0.7843,4.6376,0.0000,0.5625,0.4375,0.4459,0.5774,3.8647,0.9662,0.8095
3,3,1642,1643,2,2,1,0.7500,1642.694,650.306,923.000,8.0324,14.0000,1.1667,0.4321,5.4104,0.5333,0.2667,0.2000,0.7071,0.0000,4.6376,1.5459,1.0000
4,3,1644,1645,2,2,1,1.0000,1644.442,264.465,340.000,8.3087,12.0000,1.1163,0.6415,4.6375,0.0000,0.7500,0.2500,1.0000,0.0000,4.8306,1.1594,0.8140
3,3,1644,1646,3,1,1,1.0000,1645.079,602.000,321.000,8.4784,14.0000,1.1053,0.9211,5.4102,0.8889,0.0000,0.1111,1.0000,0.0000,5.4103,1.5458,1.0000
3,3,1650,1652,3,1,1,1.0000,1651.026,503.000,453.000,8.7007,14.0000,1.0769,0.0256,5.4097,0.8889,0.0000,0.1111,1.0000,0.0000,5.4096,1.3524,1.0000
4,3,1650,1651,2,1,2,1.0000,1650.438,679.000,306.479,9.2739,14.0000,1.1667,0.6489,5.4098,0.0000,0.7500,0.2500,0.0000,0.0000,4.2506,0.0000,0.7917
6,3,1650,1652,3,2,3,0.3333,1651.583,955.183,541.033,9.4650,12.0000,1.2000,0.4564,4.6368,0.3889,0.3074,0.3038,0.9840,0.1784,4.2505,2.1253,0.5667
4,3,1651,1653,3,1,2,0.6667,1651.929,654.000,713.262,8.1145,12.0000,1.1429,0.2715,4.6368,0.5357,0.3214,0.1429,1.0000,0.0000,4.6369,1.5456,0.8095
4,4,1667,1669,3,1,2,0.6667,1668.000,765.000,429.521,9.2702,14.0000,1.1667,0.4792,5.4076,0.7576,0.1294,0.1129,0.8507,0.0000,4.8283,1.5450,1.0000
5,3,1671,1672,2,2,2,0.6250,1671.157,875.588,670.627,8.8090,13.0000,1.2745,0.7137,5.0210,0.3432,0.2505,0.4063,0.5155,0.8569,4.6347,0.7725,0.6863
6,3,1673,1675,3,2,2,0.5000,1673.831,850.369,605.862,10.2482,14.0000,1.2923,0.4291,5.4068,0.5230,0.1584,0.3185,0.9225,0.0898,4.2483,2.3171,0.5846
5,3,1680,1681,2,2,2,0.6250,1680.404,906.365,516.173,8.9795,13.0000,1.2500,0.7203,5.0196,0.3432,0.2505,0.4063,0.6059,0.3645,4.2475,1.5445,0.6731
4,3,1681,1682,2,1,2,1.0000,1681.477,507.000,678.545,8.4946,12.0000,1.0909,0.6591,4.6335,0.0000,0.7500,0.2500,0.0000,0.0000,4.0543,1.3514,0.7955
3,3,1686,1688,3,1,1,1.0000,1687.000,576.000,1097.000,7.5783,12.0000,1.0588,0.0000,4.6327,0.8889,0.0000,0.1111,1.0000,0.0000,4.6328,1.1582,1.0000
3,3,1686,1687,2,2,1,0.7500,1686.351,601.297,458.000,8.2471,13.0000,1.0541,0.4603,5.0189,0.5333,0.2667,0.2000,0.7071,0.0000,5.4049,1.9303,1.0000
5,3,1691,1692,2,2,2,0.6250,1691.380,814.400,442.680,8.6316,12.0000,1.2000,0.7790,4.6322,0.2938,0.4054,0.3007,0.7071,0.6739,4.6321,1.3510,0.6800
4,3,1692,1694,3,1,2,0.6667,1692.872,818.000,222.170,9.0711,15.0000,1.2766,0.2128,5.7900,0.7500,0.1500,0.1000,0.9487,0.0000,5.0180,1.1580,0.8298
4,3,1694,1695,2,1,3,0.6667,1694.739,655.000,349.087,8.8777,13.0000,1.1304,0.9496,5.0178,0.5357,0.3214,0.1429,0.0000,0.0000,4.2459,0.7720,0.8043
4,3,1695,1697,3,2,1,0.6667,1695.837,349.814,821.000,8.2985,12.0000,1.1163,0.2472,4.6317,0.7500,0.1500,0.1000,0.9487,0.0000,4.8247,1.1579,0.8140
7,3,1695,1697,3,2,2,0.5833,1695.829,487.643,428.529,10.2119,13.0000,1.3000,1.0457,5.0178,0.5352,0.1763,0.2885,0.8018,0.5745,3.8596,1.1579,0.5286
5,3,1695,1697,3,2,1,0.8333,1695.745,676.588,476.000,8.8033,11.0000,1.0784,0.8513,4.2458,0.5854,0.2927,0.1220,0.9487,0.0000,4.6317,1.5439,0.6471
6,3,1699,1701,3,2,2,0.5000,1700.033,782.350,576.133,9.4535,12.0000,1.2000,1.0367,4.6312,0.7074,0.0897,0.2030,0.9140,0.2540,4.4384,1.5437,0.5667
6,3,1701,1703,3,2,2,0.5000,1702.288,802.576,639.271,9.2955,12.0000,1.2203,0.5798,4.6311,0.4758,0.3366,0.1876,0.8466,0.1665,3.4732,1.1578,0.5763
6,5,1703,1704,2,2,2,0.7500,1703.662,560.477,774.692,10.2406,12.0000,1.1077,0.6608,4.6309,0.2000,0.3333,0.4667,0.7071,0.7071,4.6309,1.9295,0.8615
5,4,1705,1707,3,2,1,0.8333,1705.800,634.517,479.000,10.3547,15.0000,1.2500,0.5540,5.7884,0.5854,0.2927,0.1220,0.9487,0.0000,3.8589,1.1577,0.8500
3,3,1712,1713,2,2,1,0.7500,1712.314,786.686,536.000,7.7970,13.0000,1.1143,0.4445,5.0161,0.5333,0.2667,0.2000,0.7071,0.0000,4.6303,1.1575,1.0000
4,3,1713,1715,3,1,2,0.6667,1714.023,646.000,471.512,8.2956,11.0000,1.0233,0.5122,4.2443,0.7576,0.1294,0.1129,0.8507,0.0000,3.8584,0.9647,0.7674
4,3,1719,1720,2,1,2,1.0000,1719.512,571.000,840.512,8.2951,11.0000,1.0233,0.7073,4.2440,0.0000,0.7500,0.2500,0.0000,0.0000,4.6298,0.7716,0.7674
4,4,1722,1723,2,1,2,1.0000,1722.500,500.000,237.500,8.8735,12.0000,1.0435,0.7071,4.6297,0.0000,0.7500,0.2500,0.0000,0.0000,4.0510,0.7716,1.0000
4,3,1722,1724,3,2,1,0.6667,1723.195,631.195,979.000,7.9090,11.0000,1.0732,1.2109,4.2439,0.7500,0.1500,0.1000,0.9487,0.0000,3.8580,1.1574,0.8049
4,3,1723,1725,3,1,2,0.6667,1723.833,507.000,785.190,8.1018,12.0000,1.1429,1.1821,4.6296,0.7500,0.1500,0.1000,0.9487,0.0000,3.8580,0.7716,0.8095
5,3,1727,1729,3,2,2,0.4167,1728.075,644.151,954.509,9.1441,14.0000,1.3208,0.5367,5.4011,0.5461,0.2256,0.2283,0.8117,0.4177,4.6295,1.9289,0.6981
4,3,1733,1735,3,2,1,0.6667,1734.022,953.489,525.000,8.6801,13.0000,1.1556,0.4894,5.0152,0.7576,0.1294,0.1129,0.8507,0.0000,4.6294,1.3502,0.7778
25,11,1735,1738,4,4,5,0.3125,1737.179,300.358,568.584,22.8383,19.0000,1.6047,0.5770,7.3299,0.4888,0.2714,0.2398,0.4719,0.7655,3.4720,0.7716,0.5574
4,3,1736,1738,3,1,2,0.6667,1737.061,192.000,414.449,9.4517,14.0000,1.1429,0.4531,5.4009,0.7576,0.1294,0.1129,0.8507,0.0000,4.0507,1.5431,0.7959
8,3,1739,1742,4,2,2,0.5000,1740.615,630.628,518.103,10.6388,13.0000,1.3333,0.7263,5.0152,0.7266,0.1136,0.1597,0.9790,0.0404,3.0863,1.1573,0.4487
4,3,1740,1742,3,1,2,0.6667,1740.800,640.000,433.822,8.6802,14.0000,1.2444,0.2676,5.4010,0.7500,0.1500,0.1000,0.9487,0.0000,4.8223,0.7716,0.8222
8,3,1744,1746,3,2,3,0.4444,1744.763,899.775,413.200,10.9119,13.0000,1.3000,0.3834,5.0153,0.4507,0.3672,0.1820,0.8887,0.3732,3.8579,1.3503,0.4625
6,3,1745,1746,2,2,2,0.7500,1745.467,661.367,337.733,9.4500,13.0000,1.3000,0.8307,5.0153,0.2000,0.3333,0.4667,0.0000,0.0000,4.2437,0.5787,0.5833
4,3,1749,1751,3,1,2,0.6667,1750.021,505.000,777.170,9.0666,16.0000,1.3617,0.1715,6.1730,0.5357,0.3214,0.1429,1.0000,0.0000,4.8226,1.7361,0.8298
4,3,1754,1756,3,2,1,0.6667,1754.952,583.476,438.000,8.1026,11.0000,1.0476,1.0648,4.2442,0.7576,0.1294,0.1129,0.8507,0.0000,3.8583,1.3504,0.7857
6,3,1757,1759,3,2,2,0.5000,1757.623,619.131,694.361,9.6090,12.0000,1.1803,0.9022,4.6303,0.5034,0.2551,0.2415,0.9677,0.2521,3.2798,0.7717,0.5738
3,3,1758,1760,3,1,1,1.0000,1759.056,944.000,820.000,8.0200,13.0000,1.0833,0.9444,5.0163,0.8889,0.0000,0.1111,1.0000,0.0000,5.0162,1.5435,1.0000
4,3,1759,1760,2,2,2,0.5000,1759.732,430.805,1118.463,7.9103,11.0000,1.0732,0.8878,4.2446,0.5916,0.1015,0.3069,0.5000,0.5000,4.6304,0.7718,0.8049
4,3,1762,1763,2,1,2,1.0000,1762.477,632.000,219.545,8.4896,13.0000,1.1818,0.6927,5.0167,0.0000,0.7500,0.2500,0.0000,0.0000,4.0518,0.1929,0.8182
5,3,1766,1768,3,2,2,0.4167,1767.000,782.226,279.566,9.1476,12.0000,1.1321,0.4895,4.6312,0.1521,0.5234,0.3245,1.0000,0.0000,4.6312,1.5437,0.6604
3,3,1769,1769,1,2,2,0.7500,1769.000,523.641,246.308,8.6905,14.0000,1.0769,0.7110,5.4034,0.5333,0.2667,0.2000,0.0000,1.0000,5.7893,1.9298,1.0000
4,3,1777,1778,2,3,1,0.6667,1777.727,651.091,643.000,8.4936,12.0000,1.0909,0.7329,4.6329,0.5357,0.3214,0.1429,0.0000,0.0000,4.2468,1.1582,0.8182
6,3,1779,1781,3,2,2,0.5000,1780.197,874.820,324.311,9.6154,11.0000,1.0820,0.8987,4.2474,0.5230,0.1584,0.3185,0.9225,0.0898,4.4404,1.5444,0.5410
5,3,1779,1780,2,2,2,0.6250,1779.396,966.377,944.151,9.1515,13.0000,1.2264,0.5676,5.0192,0.3432,0.2505,0.4063,0.6059,0.3645,4.6331,1.1583,0.6792
6,3,1780,1783,4,2,2,0.3750,1781.817,804.817,605.133,9.4585,12.0000,1.2000,1.2049,4.6339,0.8444,0.0252,0.1304,0.9761,0.1745,4.4405,1.1584,0.5667
4,3,1782,1783,2,2,2,0.5000,1782.738,1021.714,761.810,8.1093,12.0000,1.1429,0.7843,4.6339,0.0000,0.5625,0.4375,0.4459,0.5774,4.8269,1.5446,0.8095
4,3,1791,1792,2,1,3,0.6667,1791.455,695.000,148.045,8.4994,13.0000,1.1818,0.4568,5.0222,0.7576,0.1294,0.1129,0.5257,0.0000,5.0223,1.9317,0.7955
3,3,1794,1795,2,2,1,0.7500,1794.694,564.694,710.000,8.0315,14.0000,1.1667,0.4321,5.4099,0.5333,0.2667,0.2000,0.7071,0.0000,5.0234,2.1252,1.0000
5,3,1796,1798,3,2,2,0.4167,1796.932,781.831,413.644,10.1973,14.0000,1.1864,1.0121,5.4107,0.5461,0.2256,0.2283,0.8117,0.4177,4.6377,1.1594,0.6610
4,3,1796,1798,3,2,1,0.6667,1797.000,1029.186,463.000,8.3092,13.0000,1.2093,0.1860,5.0242,0.5357,0.3214,0.1429,1.0000,0.0000,3.8647,0.3864,0.8140
3,3,1802,1804,3,1,1,1.0000,1803.056,626.000,421.000,8.0364,13.0000,1.0833,0.9444,5.0268,0.8889,0.0000,0.1111,1.0000,0.0000,5.0264,0.7735,1.0000
3,3,1803,1804,2,1,2,0.7500,1803.667,689.000,167.306,8.0368,13.0000,1.0833,0.4522,5.0268,0.5333,0.2667,0.2000,0.7071,0.0000,5.0264,1.5467,1.0000
4,3,1811,1812,2,1,2,1.0000,1811.452,947.000,658.548,8.1256,12.0000,1.1429,0.6398,4.6430,0.0000,0.7500,0.2500,0.0000,0.0000,4.6432,0.7738,0.8095
5,3,1811,1813,3,2,1,0.8333,1811.873,950.382,488.000,9.5177,13.0000,1.1818,1.1902,5.0309,0.5854,0.2927,0.1220,0.9487,0.0000,5.0302,1.1610,0.6364
5,4,1815,1817,3,2,2,0.4167,1815.810,1038.862,695.190,10.0406,15.0000,1.2931,0.3016,5.8065,0.6489,0.0995,0.2515,0.9362,0.2726,5.0319,2.1289,0.8621
4,3,1817,1818,2,1,2,1.0000,1817.488,865.000,417.442,8.3240,13.0000,1.2093,0.6760,5.0334,0.0000,0.7500,0.2500,0.0000,0.0000,3.8715,0.7742,0.8140
4,3,1818,1820,3,2,1,0.6667,1819.195,682.805,560.000,7.9382,11.0000,1.0732,1.2109,4.2599,0.7500,0.1500,0.1000,0.9487,0.0000,3.8721,0.7746,0.8049
3,3,1827,1828,2,2,1,0.7500,1827.333,742.333,242.000,8.7268,13.0000,1.0000,0.4714,5.0388,0.5333,0.2667,0.2000,0.7071,0.0000,5.4257,1.1627,1.0000
5,3,1828,1829,2,2,2,0.6250,1828.392,322.157,370.608,8.8407,12.0000,1.1765,0.5764,4.6512,0.3432,0.2505,0.4063,0.6059,0.3645,3.8760,0.7753,0.6667
6,3,1829,1831,3,3,1,0.6667,1829.919,714.177,508.000,9.8128,14.0000,1.3548,0.1949,5.4276,0.4000,0.4800,0.1200,0.7071,0.0000,4.2644,2.1322,0.5968
8,3,1829,1831,3,3,3,0.2963,1830.114,1094.722,867.152,10.8285,13.0000,1.3165,0.3371,5.0399,0.4989,0.1676,0.3335,0.4029,0.1642,3.8772,2.5200,0.4430
4,3,1832,1833,2,2,2,0.5000,1832.476,353.190,579.262,8.1437,12.0000,1.1429,0.6158,4.6538,0.5916,0.1015,0.3069,0.7071,0.7071,4.6533,1.1634,0.8095
4,3,1832,1833,2,1,2,1.0000,1832.432,595.000,351.568,8.5314,14.0000,1.2727,0.6107,5.4288,0.0000,0.7500,0.2500,0.0000,0.0000,3.8780,0.7755,0.8182
6,3,1834,1836,3,2,2,0.5000,1835.065,867.468,339.855,9.8186,13.0000,1.2581,0.4940,5.0428,0.3810,0.3333,0.2857,0.9487,0.1690,4.4606,1.1638,0.5968
7,3,1836,1838,3,2,3,0.3889,1837.217,789.884,557.841,10.1191,13.0000,1.3188,0.8071,5.0446,0.4009,0.2683,0.3308,0.7054,0.0496,3.4916,0.7760,0.5217
7,4,1838,1841,4,2,2,0.4375,1839.929,716.229,411.243,10.2690,12.0000,1.2000,0.3411,4.6576,0.7961,0.0527,0.1512,0.9518,0.2173,4.6565,1.1645,0.6429
3,3,1838,1839,2,2,1,0.7500,1838.316,969.368,487.000,8.5137,14.0000,1.1053,0.7061,5.4326,0.5333,0.2667,0.2000,0.7071,0.0000,4.2690,0.7764,1.0000
4,3,1840,1841,2,1,2,1.0000,1840.488,631.000,296.535,8.3454,12.0000,1.1163,0.6914,4.6582,0.0000,0.7500,0.2500,0.0000,0.0000,4.6576,0.5823,0.7907
5,3,1841,1843,3,2,2,0.4167,1842.127,1047.855,515.164,9.5493,13.0000,1.1818,1.1483,5.0470,0.6489,0.0995,0.2515,0.9362,0.2726,5.0476,1.9412,0.6909
5,3,1843,1844,2,2,2,0.6250,1843.365,796.558,900.827,9.0298,12.0000,1.1538,0.6888,4.6593,0.3432,0.2505,0.4063,0.6059,0.3645,3.8834,0.9708,0.6731
3,3,1844,1845,2,2,1,0.7500,1844.353,881.676,398.000,7.6230,12.0000,1.0588,0.7234,4.6604,0.5333,0.2667,0.2000,0.7071,0.0000,3.8833,0.7768,1.0000
4,3,1848,1850,3,1,2,0.6667,1848.927,416.000,759.537,7.9653,11.0000,1.0732,1.0362,4.2741,0.7576,0.1294,0.1129,0.8507,0.0000,4.6624,1.1658,0.8049
19,7,1849,1851,3,3,4,0.5278,1850.161,662.264,1033.026,17.2066,15.0000,1.4767,1.0715,5.8290,0.3466,0.1930,0.4604,0.2629,0.1536,3.8860,1.7488,0.4663
4,3,1858,1859,2,1,2,1.0000,1858.524,808.000,599.548,8.1692,12.0000,1.1429,0.6921,4.6678,0.0000,0.7500,0.2500,0.0000,0.0000,4.6684,1.9450,0.8095
4,4,1859,1860,2,2,1,1.0000,1859.500,1003.500,691.000,8.5592,11.0000,1.0000,0.7071,4.2799,0.0000,0.7500,0.2500,1.0000,0.0000,4.6685,0.9726,1.0000
6,3,1860,1862,3,2,2,0.5000,1860.639,674.656,512.852,9.6900,11.0000,1.0820,0.9276,4.2804,0.5034,0.2551,0.2415,0.9677,0.2521,4.4746,1.5563,0.5410
10,3,1881,1883,3,4,2,0.4167,1881.817,897.247,542.172,11.4735,11.0000,1.1828,1.5011,4.2916,0.5927,0.3075,0.0999,0.1039,0.3194,3.7066,1.5606,0.4731
6,3,1882,1884,3,2,2,0.5000,1882.902,945.377,710.852,9.7169,12.0000,1.1803,1.1058,4.6817,0.7074,0.0897,0.2030,0.9140,0.2540,4.4869,1.7559,0.5574
12,3,1882,1885,4,2,3,0.5000,1883.235,984.487,247.130,12.9538,13.0000,1.3565,0.5561,5.0725,0.6000,0.1572,0.2428,0.8118,0.3516,2.9269,1.1703,0.4174
5,3,1883,1884,2,2,2,0.6250,1883.404,1044.333,456.193,9.9469,14.0000,1.2281,0.5578,5.4627,0.3432,0.2505,0.4063,0.6059,0.3645,3.9020,0.3904,0.6667
6,3,1888,1890,3,1,3,0.6667,1888.627,555.000,275.814,9.4050,12.0000,1.2203,0.6542,4.6852,0.2083,0.6667,0.1250,0.8944,0.0000,4.2953,1.1714,0.5763
5,3,1890,1891,2,2,2,0.6250,1890.558,901.154,339.423,9.0826,12.0000,1.1538,0.8170,4.6864,0.3432,0.2505,0.4063,0.6059,0.3645,4.6864,1.1716,0.6538
5,3,1895,1896,2,2,2,0.6250,1895.547,788.453,601.151,9.2631,12.0000,1.1321,0.7261,4.6900,0.3432,0.2505,0.4063,0.6059,0.3645,5.4710,1.9540,0.6792
6,4,1895,1897,3,2,2,0.5000,1895.766,936.859,892.359,10.2113,12.0000,1.1250,0.8574,4.6900,0.5230,0.1584,0.3185,0.9225,0.0898,4.8848,0.7820,0.7344
5,3,1896,1897,2,1,3,0.8333,1896.574,677.000,578.722,9.4391,13.0000,1.2037,0.9226,5.0808,0.5854,0.2927,0.1220,0.3162,0.0000,3.9088,0.7821,0.6481
6,3,1896,1898,3,2,3,0.3333,1896.967,859.317,463.150,9.5745,13.0000,1.3000,0.3520,5.0814,0.4899,0.3164,0.1936,0.4082,0.3381,4.2998,1.5637,0.5833
5,3,1905,1907,3,1,2,0.8333,1905.759,634.000,373.574,9.4500,13.0000,1.2037,0.6225,5.0872,0.5854,0.2927,0.1220,0.9487,0.0000,3.9128,0.7826,0.6667
6,5,1908,1909,2,2,2,0.7500,1908.530,553.697,472.364,10.5474,13.0000,1.1818,0.8470,5.0892,0.2000,0.3333,0.4667,0.0000,0.0000,4.6973,1.1745,0.8636
4,3,1914,1915,2,2,2,0.5000,1914.721,539.186,599.256,8.4228,12.0000,1.1163,0.7873,4.7013,0.0000,0.5625,0.4375,0.4459,0.5774,4.8968,1.1752,0.8140
3,3,1919,1920,2,2,1,0.7500,1919.694,553.333,594.000,8.1477,13.0000,1.0833,0.4522,5.0962,0.5333,0.2667,0.2000,0.7071,0.0000,5.0962,2.3519,1.0000
4,3,1919,1920,2,2,2,0.5000,1919.738,1055.524,584.214,8.2321,11.0000,1.0476,0.9041,4.3122,0.5916,0.1015,0.3069,0.5000,0.5000,3.9199,0.9801,0.7857
4,3,1921,1922,2,1,2,1.0000,1921.548,477.000,720.476,8.2340,12.0000,1.1429,0.6921,4.7054,0.0000,0.7500,0.2500,0.0000,0.0000,4.7050,0.5883,0.8095
4,3,1923,1924,2,1,2,1.0000,1923.556,474.000,473.422,8.8244,14.0000,1.2444,0.6130,5.4910,0.0000,0.7500,0.2500,0.0000,0.0000,4.1180,1.1764,0.8222
4,3,1924,1925,2,2,1,1.0000,1924.512,887.512,545.000,8.4332,11.0000,1.0233,0.7073,4.3149,0.0000,0.7500,0.2500,1.0000,0.0000,4.7068,0.7846,0.7674
5,3,1928,1929,2,1,4,0.6250,1928.765,926.000,453.961,8.9509,12.0000,1.1765,1.2902,4.7089,0.8677,0.0764,0.0559,0.1891,0.0000,4.7094,1.1774,0.6667
3,3,1929,1931,3,1,1,1.0000,1929.972,830.000,420.000,8.1581,13.0000,1.0833,0.0278,5.1026,0.8889,0.0000,0.1111,1.0000,0.0000,5.4945,1.5704,1.0000
3,3,1933,1934,2,1,2,0.7500,1933.667,837.000,464.306,8.1618,13.0000,1.0833,0.4522,5.1051,0.5333,0.2667,0.2000,0.7071,0.0000,5.1045,1.3742,1.0000
3,3,1937,1938,2,2,1,0.7500,1937.647,948.676,687.000,7.7120,12.0000,1.0588,0.7234,4.7141,0.5333,0.2667,0.2000,0.7071,0.0000,4.7147,2.3570,1.0000
4,3,1939,1939,1,2,2,1.0000,1939.000,541.535,525.488,8.4481,12.0000,1.1163,0.6914,4.7152,0.0000,0.7500,0.2500,0.0000,1.0000,3.9293,1.5717,0.7907
3,3,1940,1942,3,1,1,1.0000,1941.000,932.000,786.000,7.9420,13.0000,1.1143,0.0000,5.1094,0.8889,0.0000,0.1111,1.0000,0.0000,4.7168,1.1789,1.0000
3,3,1942,1943,2,1,2,0.7500,1942.371,1060.000,361.686,7.9433,13.0000,1.1143,0.7028,5.1106,0.5333,0.2667,0.2000,0.7071,0.0000,3.9307,0.5895,1.0000
6,3,1944,1946,3,2,2,0.5000,1944.590,542.820,898.279,9.7917,14.0000,1.3770,0.6771,5.5043,0.5034,0.2551,0.2415,0.9677,0.2521,4.3251,1.1797,0.5902
12,4,1945,1947,3,4,2,0.5000,1945.783,656.858,602.292,13.6224,13.0000,1.3000,1.4149,5.1117,0.6041,0.2089,0.1870,0.4495,0.0358,3.3429,1.1797,0.4083
9,3,1949,1952,4,3,2,0.3750,1950.644,770.103,385.333,11.4104,14.0000,1.4483,0.7322,5.5081,0.8144,0.0601,0.1254,0.9233,0.3294,3.9352,1.5738,0.4138
21,10,1951,1955,5,3,4,0.3500,1953.067,583.143,1260.656,19.2378,15.0000,1.4062,0.3782,5.9034,0.4505,0.1610,0.3886,0.8028,0.1744,3.5422,1.5738,0.5670
5,3,1965,1966,2,2,2,0.6250,1965.412,1118.569,762.157,8.9880,11.0000,1.0784,0.7194,4.3351,0.3432,0.2505,0.4063,0.6059,0.3645,4.7286,1.3791,0.6471
5,4,1966,1967,2,1,3,0.8333,1966.407,775.000,400.704,9.5177,13.0000,1.2037,0.8131,5.1233,0.5854,0.2927,0.1220,0.3162,0.0000,4.7297,1.5765,0.8519
6,3,1966,1968,3,3,2,0.3333,1966.917,851.583,519.167,9.6543,12.0000,1.2000,0.6124,4.7297,0.7397,0.1062,0.1541,0.6563,0.4773,4.5325,1.5764,0.5667
4,3,1969,1970,2,1,2,1.0000,1969.532,909.000,639.404,9.2645,14.0000,1.1915,0.6681,5.5195,0.0000,0.7500,0.2500,0.0000,0.0000,4.5337,0.3943,0.8298
4,3,1979,1981,3,2,1,0.6667,1980.023,1180.814,611.000,8.4844,12.0000,1.1163,0.1875,4.7359,0.5357,0.3214,0.1429,1.0000,0.0000,4.9326,1.5785,0.8140
11,5,1984,1986,3,2,3,0.6111,1984.932,1035.556,561.624,13.9270,13.0000,1.2222,0.6743,5.1323,0.3274,0.3431,0.3295,0.9105,0.2336,3.5528,0.7896,0.5385
7,3,1987,1989,3,2,2,0.5833,1988.225,789.535,940.127,10.5974,12.0000,1.1831,0.5944,4.7391,0.5916,0.2044,0.2040,0.9664,0.1591,3.9492,1.1849,0.5070
4,3,1994,1995,2,1,2,1.0000,1994.452,451.000,505.452,8.2971,12.0000,1.1429,0.6398,4.7410,0.0000,0.7500,0.2500,0.0000,0.0000,4.7412,1.3828,0.8095
4,3,1995,1996,2,2,1,1.0000,1995.468,1019.574,626.000,9.2856,14.0000,1.1915,0.6326,5.5316,0.0000,0.7500,0.2500,1.0000,0.0000,5.1367,1.3829,0.8085
13,5,2002,2005,4,3,3,0.3611,2003.568,1099.719,422.640,15.2421,14.0000,1.3094,0.9009,5.5353,0.4203,0.1358,0.4439,0.6939,0.7071,3.5585,1.1862,0.5396
5,3,2007,2008,2,2,2,0.6250,2007.382,957.418,450.836,9.7273,13.0000,1.1818,0.7149,5.1410,0.3432,0.2505,0.4063,0.6059,0.3645,3.9549,1.5818,0.6545
7,3,2011,2013,3,2,2,0.5833,2012.221,847.559,460.265,10.1675,12.0000,1.2353,0.5598,4.7471,0.4600,0.2645,0.2756,0.8571,0.1000,4.3517,0.7912,0.5000
4,3,2031,2033,3,1,2,0.6667,2032.200,974.000,415.778,8.9117,12.0000,1.0667,1.2204,4.7528,0.7500,0.1500,0.1000,0.9487,0.0000,4.9509,1.1882,0.7778
7,5,2031,2034,4,2,2,0.4375,2032.600,1031.613,575.147,11.2279,13.0000,1.2133,0.8705,5.1489,0.7406,0.0824,0.1770,0.9316,0.0988,4.7534,1.7823,0.7867
7,3,2035,2037,3,2,2,0.5833,2036.397,893.370,924.740,10.9309,13.0000,1.2466,0.6020,5.1501,0.5694,0.1270,0.3036,0.8963,0.4170,4.3580,1.1885,0.4932
4,3,2038,2039,2,2,1,1.0000,2038.477,939.477,257.000,8.7169,12.0000,1.0909,0.6750,4.7545,0.0000,0.7500,0.2500,1.0000,0.0000,3.9622,0.3962,0.7727
6,3,2045,2046,2,2,2,0.7500,2045.508,1146.397,719.714,10.1950,14.0000,1.3333,0.8292,5.5496,0.2000,0.3333,0.4667,0.0000,0.0000,4.3603,1.5855,0.5714
6,3,2049,2051,3,3,1,0.6667,2049.623,507.230,551.000,9.8738,12.0000,1.1803,0.8578,4.7580,0.2083,0.6667,0.1250,0.8944,0.0000,4.5596,1.1896,0.5574
5,3,2060,2062,3,1,2,0.8333,2060.750,512.000,798.442,9.2270,12.0000,1.1538,0.9346,4.7614,0.5854,0.2927,0.1220,0.9487,0.0000,5.1581,1.5871,0.6731
4,3,2070,2071,2,2,1,1.0000,2070.488,950.488,803.000,8.5362,11.0000,1.0233,0.6907,4.3675,0.0000,0.7500,0.2500,1.0000,0.0000,5.1612,2.1836,0.7674
5,3,2072,2074,3,1,2,0.8333,2073.250,1043.000,743.385,9.2347,12.0000,1.1538,0.9702,4.7655,0.5854,0.2927,0.1220,0.9487,0.0000,4.7652,0.7942,0.6538
8,3,2073,2075,3,3,2,0.4444,2073.727,833.740,505.208,10.8110,13.0000,1.3506,0.4301,5.1626,0.5452,0.2911,0.1637,0.8024,0.1595,2.9785,0.3973,0.4675
6,3,2078,2079,2,2,3,0.5000,2078.383,744.733,496.233,9.7304,12.0000,1.2000,1.0194,4.7671,0.6381,0.1455,0.2164,0.3327,0.3629,4.5682,1.5889,0.5667
3,3,2079,2080,2,2,1,0.7500,2079.333,934.667,852.000,7.5690,11.0000,1.0000,0.7454,4.3701,0.5333,0.2667,0.2000,0.7071,0.0000,4.7671,1.1918,1.0000
6,3,2082,2083,2,3,2,0.5000,2082.276,816.603,386.328,9.4085,12.0000,1.2414,0.7400,4.7680,0.6075,0.1449,0.2475,0.1615,0.2261,4.1721,1.1921,0.5862
3,3,2082,2084,3,1,1,1.0000,2082.971,868.000,353.000,8.0296,12.0000,1.0286,0.9714,4.7683,0.8889,0.0000,0.1111,1.0000,0.0000,4.3707,0.3973,1.0000
4,3,2087,2088,2,1,2,1.0000,2087.477,599.000,940.455,8.7444,12.0000,1.0909,0.6591,4.7698,0.0000,0.7500,0.2500,0.0000,0.0000,4.9682,0.7950,0.7955
7,3,2103,2106,4,2,3,0.2917,2104.203,211.108,876.905,11.1276,16.0000,1.5135,0.2484,6.3655,0.3911,0.4250,0.1839,0.9871,0.0348,3.1828,1.1934,0.5541
6,3,2105,2107,3,2,2,0.5000,2106.300,612.550,685.133,9.7463,11.0000,1.1000,1.3821,4.3770,0.6373,0.1269,0.2358,0.8795,0.0724,3.3820,0.9945,0.5500
3,3,2106,2107,2,2,1,0.7500,2106.333,1052.333,862.000,7.5809,11.0000,1.0000,0.4714,4.3770,0.5333,0.2667,0.2000,0.7071,0.0000,3.9789,0.3980,1.0000
3,3,2123,2124,2,2,1,0.7500,2123.333,1149.333,553.000,7.5864,11.0000,1.0000,0.4714,4.3801,0.5333,0.2667,0.2000,0.7071,0.0000,4.7781,1.1945,1.0000
4,3,2129,2130,2,1,2,1.0000,2129.477,864.000,670.477,8.7619,12.0000,1.0909,0.7078,4.7793,0.0000,0.7500,0.2500,0.0000,0.0000,4.1818,0.3983,0.7955
6,3,2132,2134,3,2,2,0.5000,2132.906,909.312,604.844,10.4071,14.0000,1.3125,0.3617,5.5764,0.7074,0.0897,0.2030,0.9140,0.2540,4.7796,1.1950,0.5938
4,3,2143,2145,3,2,1,0.6667,2143.932,982.477,535.000,8.7659,13.0000,1.1818,0.5272,5.1799,0.7576,0.1294,0.1129,0.8507,0.0000,4.9806,0.7970,0.8182
3,3,2144,2145,2,1,2,0.7500,2144.667,968.000,666.694,8.2818,13.0000,1.0833,0.4522,5.1800,0.5333,0.2667,0.2000,0.7071,0.0000,5.1799,1.9923,1.0000
3,3,2148,2150,3,1,1,1.0000,2149.029,831.000,938.000,7.8226,12.0000,1.0588,0.9706,4.7822,0.8889,0.0000,0.1111,1.0000,0.0000,3.9850,0.7971,1.0000
4,3,2151,2153,3,2,1,0.6667,2152.000,982.804,314.000,9.1664,15.0000,1.3043,0.1957,5.9781,0.5357,0.3214,0.1429,1.0000,0.0000,4.7824,0.9963,0.8043
10,3,2156,2158,3,4,2,0.4167,2157.000,806.926,817.649,11.8481,11.0000,1.1702,0.6532,4.3846,0.7577,0.0944,0.1479,0.5773,0.2854,3.1887,0.7972,0.3511
5,4,2158,2159,2,2,2,0.6250,2158.593,931.574,278.852,9.6260,12.0000,1.1111,0.7194,4.7833,0.3432,0.2505,0.4063,0.6059,0.3645,4.7832,1.5944,0.8519
4,3,2162,2164,3,1,2,0.6667,2162.717,785.000,497.239,9.1687,13.0000,1.1304,0.3702,5.1823,0.7500,0.1500,0.1000,0.9487,0.0000,4.9829,1.3952,0.7826
3,3,2167,2168,2,2,1,0.7500,2167.353,917.676,691.000,7.8260,12.0000,1.0588,0.7234,4.7842,0.5333,0.2667,0.2000,0.7071,0.0000,4.7841,1.5947,1.0000
4,3,2176,2177,2,2,1,1.0000,2176.545,962.500,973.000,8.7722,13.0000,1.1818,0.6757,5.1836,0.0000,0.7500,0.2500,1.0000,0.0000,4.7848,1.5949,0.7955
3,3,2178,2180,3,1,1,1.0000,2179.000,562.000,524.000,8.0576,13.0000,1.1143,0.0000,5.1837,0.8889,0.0000,0.1111,1.0000,0.0000,3.9875,0.7975,1.0000
4,3,2182,2183,2,2,1,1.0000,2182.465,902.442,636.000,8.5734,12.0000,1.1163,0.6415,4.7852,0.0000,0.7500,0.2500,1.0000,0.0000,4.9845,1.9938,0.8140
8,4,2183,2184,2,3,3,0.4444,2183.518,523.602,339.120,11.7017,14.0000,1.3494,0.7808,5.5827,0.2788,0.2283,0.4929,0.2854,0.9234,3.3895,0.7976,0.5783
5,4,2198,2200,3,1,2,0.8333,2198.741,608.000,748.556,9.6300,13.0000,1.2037,0.6131,5.1840,0.5854,0.2927,0.1220,0.9487,0.0000,5.1840,1.5951,0.8519
5,3,2200,2202,3,2,2,0.4167,2200.745,946.373,566.196,9.0949,11.0000,1.0784,0.8558,4.3864,0.7729,0.0435,0.1836,0.8328,0.5477,4.7851,1.1963,0.6471
3,3,2200,2201,2,1,2,0.7500,2200.314,1046.000,650.314,8.0579,13.0000,1.1143,0.4445,5.1839,0.5333,0.2667,0.2000,0.7071,0.0000,4.7852,1.5951,1.0000
4,3,2202,2203,2,2,2,0.5000,2202.732,803.195,577.537,8.1744,11.0000,1.0732,0.8878,4.3863,0.5916,0.1015,0.3069,0.5000,0.5000,4.7850,2.3925,0.8049
3,3,2203,2204,2,2,1,0.7500,2203.333,1055.667,552.000,7.5972,11.0000,1.0000,0.7454,4.3862,0.5333,0.2667,0.2000,0.7071,0.0000,5.1837,1.5950,1.0000
5,3,2205,2207,3,1,2,0.8333,2206.259,737.000,429.463,9.6292,13.0000,1.2037,0.5963,5.1835,0.5854,0.2927,0.1220,0.9487,0.0000,3.9873,1.1962,0.6667
4,3,2210,2211,2,2,1,1.0000,2210.455,1108.432,696.000,8.7714,13.0000,1.1818,0.6270,5.1832,0.0000,0.7500,0.2500,1.0000,0.0000,4.9837,0.7974,0.8182
5,3,2212,2214,3,1,2,0.8333,2213.235,1115.000,692.627,9.0930,11.0000,1.0784,0.4406,4.3855,0.5854,0.2927,0.1220,0.9487,0.0000,4.7840,0.7974,0.6471
3,3,2216,2217,2,1,2,0.7500,2216.333,755.000,465.333,7.5952,11.0000,1.0000,0.4714,4.3851,0.5333,0.2667,0.2000,0.7071,0.0000,4.7838,1.5945,1.0000
5,3,2232,2233,2,2,2,0.6250,2232.560,913.380,749.160,8.9094,12.0000,1.2000,0.6030,4.7812,0.3432,0.2505,0.4063,0.6059,0.3645,3.9845,0.7969,0.6800
10,5,2234,2236,3,3,2,0.5556,2235.318,252.701,652.449,13.4804,14.0000,1.3084,0.6258,5.5777,0.4041,0.1554,0.4404,0.6667,0.2357,3.9839,1.1952,0.5981
5,4,2238,2240,3,2,2,0.4167,2238.962,929.208,641.415,9.4417,11.0000,1.0377,1.1451,4.3820,0.5461,0.2256,0.2283,0.8117,0.4177,4.9793,1.5934,0.8302
6,3,2241,2243,3,1,3,0.6667,2242.361,683.000,462.393,9.9187,12.0000,1.1803,0.7057,4.7796,0.6061,0.3030,0.0909,0.7071,0.0000,4.5803,1.7923,0.5738
4,3,2257,2259,3,2,1,0.6667,2258.357,827.738,522.000,8.3586,12.0000,1.1429,0.6942,4.7762,0.7500,0.1500,0.1000,0.9487,0.0000,4.3783,0.9951,0.8095
4,3,2260,2262,3,2,1,0.6667,2261.071,1159.548,626.000,8.3576,12.0000,1.1429,0.4580,4.7758,0.7576,0.1294,0.1129,0.8507,0.0000,4.3777,1.5919,0.8095
4,3,2263,2265,3,2,1,0.6667,2264.000,1081.810,576.000,8.3566,12.0000,1.1429,0.1905,4.7752,0.5357,0.3214,0.1429,1.0000,0.0000,4.7752,1.9896,0.8095
11,4,2274,2277,4,3,2,0.4583,2275.508,591.075,385.750,14.3913,18.0000,1.6500,0.5567,7.1595,0.2507,0.3775,0.3718,0.9585,0.0521,3.5799,1.1932,0.4750
4,3,2283,2284,2,2,1,1.0000,2283.574,889.489,959.000,9.3448,15.0000,1.2766,0.6485,5.9647,0.0000,0.7500,0.2500,1.0000,0.0000,4.9706,1.1929,0.8085
3,3,2286,2287,2,2,1,0.7500,2286.343,1135.314,571.000,8.0349,12.0000,1.0286,0.4651,4.7715,0.5333,0.2667,0.2000,0.7071,0.0000,4.3738,0.9941,1.0000
4,3,2289,2290,2,2,1,1.0000,2289.524,943.524,819.000,8.3495,11.0000,1.0476,0.7079,4.3736,0.0000,0.7500,0.2500,1.0000,0.0000,3.5783,0.0000,0.7857
3,3,2289,2290,2,2,1,0.7500,2289.667,1127.333,986.000,7.5751,11.0000,1.0000,0.7454,4.3736,0.5333,0.2667,0.2000,0.7071,0.0000,3.9759,0.7952,1.0000
5,3,2291,2292,2,2,2,0.6250,2291.309,683.364,935.473,9.7792,15.0000,1.3636,0.7112,5.9637,0.2938,0.4054,0.3007,0.7071,0.6739,4.7710,2.1867,0.6909
3,3,2317,2319,3,1,1,1.0000,2318.028,1026.000,752.000,8.2639,13.0000,1.0833,0.0278,5.1687,0.8889,0.0000,0.1111,1.0000,0.0000,5.1688,1.9880,1.0000
6,3,2320,2321,2,4,1,0.7500,2320.533,1014.117,801.000,9.7395,13.0000,1.3000,1.2103,5.1690,0.7708,0.1667,0.0625,0.1644,0.0000,4.1750,1.5905,0.6000
4,3,2328,2331,4,1,1,1.0000,2329.326,1122.000,644.000,9.1471,13.0000,1.1304,1.3261,5.1700,0.9375,0.0000,0.0625,1.0000,0.0000,5.3689,1.1930,0.8261
3,3,2340,2342,3,1,1,1.0000,2341.056,961.000,849.000,8.2686,13.0000,1.0833,0.9444,5.1718,0.8889,0.0000,0.1111,1.0000,0.0000,5.1717,1.5913,1.0000
5,3,2352,2354,3,2,2,0.4167,2353.314,965.843,772.784,9.0762,13.0000,1.2745,0.7363,5.1733,0.6489,0.0995,0.2515,0.9362,0.2726,3.9794,0.7959,0.6863
6,4,2390,2391,2,2,3,0.5000,2390.645,1020.484,766.000,10.0787,13.0000,1.2581,0.6000,5.1765,0.4412,0.1872,0.3716,0.0000,0.0000,4.7782,1.3937,0.7419
4,3,2391,2394,4,1,1,1.0000,2392.628,849.000,1000.000,8.5614,13.0000,1.2093,0.3721,5.1767,0.9375,0.0000,0.0625,1.0000,0.0000,4.7784,1.5928,0.8140
5,4,2399,2400,2,2,2,0.6250,2399.400,977.800,977.418,9.7956,12.0000,1.0909,0.8594,4.7790,0.3432,0.2505,0.4063,0.6059,0.3645,4.7790,1.5930,0.8182
16,9,2406,2407,2,3,3,0.8889,2406.467,567.122,852.872,17.9236,17.0000,1.5111,0.4990,6.7711,0.1742,0.4413,0.3845,0.0140,0.9742,4.1821,0.7966,0.6667
5,3,2422,2424,3,2,1,0.8333,2423.212,1007.558,863.000,9.2659,12.0000,1.1538,0.4903,4.7814,0.5854,0.2927,0.1220,0.9487,0.0000,4.7813,1.9922,0.6731
4,3,2423,2424,2,2,2,0.5000,2423.717,990.261,741.196,9.1643,13.0000,1.1304,0.7880,5.1797,0.0000,0.5625,0.4375,0.4459,0.5774,4.3830,0.9961,0.8043
3,3,2427,2428,2,1,2,0.7500,2427.647,1103.000,563.676,7.8222,12.0000,1.0588,0.7234,4.7817,0.5333,0.2667,0.2000,0.7071,0.0000,4.7818,1.1954,1.0000
3,3,2433,2434,2,2,1,0.7500,2433.324,772.676,945.000,7.8232,12.0000,1.0588,0.4575,4.7824,0.5333,0.2667,0.2000,0.7071,0.0000,4.7825,1.7934,1.0000
4,3,2440,2441,2,2,2,0.5000,2440.732,966.732,788.195,8.1714,11.0000,1.0732,0.8034,4.3847,0.0000,0.5625,0.4375,0.4459,0.5774,3.9860,1.1958,0.8049
3,3,2455,2456,2,2,1,0.7500,2455.676,793.353,1004.000,7.8271,12.0000,1.0588,0.7234,4.7849,0.5333,0.2667,0.2000,0.7071,0.0000,4.7849,1.1962,1.0000
3,3,2456,2457,2,1,2,0.7500,2456.676,607.000,974.353,7.8273,12.0000,1.0588,0.7234,4.7850,0.5333,0.2667,0.2000,0.7071,0.0000,4.7850,1.9937,1.0000
9,3,2459,2461,3,2,4,0.3750,2459.966,1114.216,437.523,11.6973,12.0000,1.2273,1.1193,4.7851,0.2917,0.4549,0.2534,0.0817,0.3180,3.1902,0.9969,0.3864
3,3,2464,2465,2,1,2,0.7500,2464.667,1001.000,464.639,8.2890,13.0000,1.0833,0.7206,5.1845,0.5333,0.2667,0.2000,0.7071,0.0000,5.1844,2.3928,1.0000
5,3,2469,2470,2,2,3,0.4167,2469.491,1022.302,922.075,9.4535,14.0000,1.3208,0.5970,5.5839,0.7383,0.0485,0.2132,0.5000,0.7071,3.9884,0.3989,0.6981
7,3,2474,2476,3,3,3,0.2593,2475.608,923.176,978.838,11.1566,15.0000,1.4189,0.9270,5.9833,0.2092,0.5795,0.2113,0.0000,0.1908,4.3878,1.1967,0.5000
3,3,2474,2476,3,1,1,1.0000,2475.000,1160.000,733.000,7.5997,11.0000,1.0000,1.0000,4.3878,0.8889,0.0000,0.1111,1.0000,0.0000,3.7894,0.7978,1.0000
4,3,2482,2484,3,1,2,0.6667,2483.047,956.000,772.256,8.5771,12.0000,1.1163,0.2600,4.7872,0.5357,0.3214,0.1429,1.0000,0.0000,5.1861,1.1968,0.7907
5,3,2491,2492,2,3,1,0.8333,2491.377,1122.283,893.000,9.4567,13.0000,1.2264,0.4717,5.1867,0.5854,0.2927,0.1220,0.3162,0.0000,4.7878,1.1969,0.6792
4,3,2492,2493,2,1,2,1.0000,2492.488,616.000,929.488,8.5782,11.0000,1.0233,0.6907,4.3889,0.0000,0.7500,0.2500,0.0000,0.0000,3.9898,1.1970,0.7674
4,3,2496,2497,2,2,1,1.0000,2496.488,911.488,685.000,8.5786,11.0000,1.0233,0.6907,4.3891,0.0000,0.7500,0.2500,1.0000,0.0000,5.1870,1.9950,0.7674
3,3,2498,2500,3,1,1,1.0000,2499.029,485.000,776.000,8.0630,12.0000,1.0286,0.0286,4.7882,0.8889,0.0000,0.1111,1.0000,0.0000,4.7882,0.3990,1.0000
4,3,2499,2500,2,2,1,1.0000,2499.512,790.512,1188.000,8.5788,11.0000,1.0233,0.7073,4.3892,0.0000,0.7500,0.2500,1.0000,0.0000,3.9902,0.7980,0.7674
3,3,2506,2507,2,2,1,0.7500,2506.667,1110.333,787.000,7.6027,11.0000,1.0000,0.7454,4.3894,0.5333,0.2667,0.2000,0.7071,0.0000,4.7885,1.5962,1.0000
5,3,2516,2518,3,1,3,0.5556,2517.118,999.000,789.941,9.1016,13.0000,1.2745,0.1315,5.1877,0.7911,0.1351,0.0737,0.8507,0.0000,3.9906,1.1972,0.6863
4,3,2529,2530,2,2,2,0.5000,2529.732,833.195,1091.732,8.1803,11.0000,1.0732,0.8034,4.3895,0.0000,0.5625,0.4375,0.4459,0.5774,4.7885,1.1971,0.8049
4,3,2532,2534,3,2,1,0.6667,2533.070,867.535,937.000,8.5791,12.0000,1.1163,0.5394,4.7883,0.7576,0.1294,0.1129,0.8507,0.0000,4.9878,2.3941,0.8140
3,3,2539,2540,2,2,1,0.7500,2539.667,671.333,911.000,7.6018,11.0000,1.0000,0.7454,4.3889,0.5333,0.2667,0.2000,0.7071,0.0000,3.9899,0.7979,1.0000
11,5,2545,2548,4,3,2,0.4583,2546.212,1082.982,521.345,13.5921,14.0000,1.3628,0.4056,5.5851,0.4914,0.2359,0.2726,0.9945,0.0848,3.5905,0.5984,0.5487
3,3,2555,2557,3,1,1,1.0000,2556.000,891.000,890.000,8.0590,13.0000,1.1143,0.0000,5.1846,0.8889,0.0000,0.1111,1.0000,0.0000,3.9884,1.1965,1.0000
6,3,2556,2558,3,2,2,0.5000,2557.344,430.492,924.869,9.9314,12.0000,1.1803,0.8301,4.7855,0.6373,0.1269,0.2358,0.8795,0.0724,4.5861,1.1965,0.5574
3,3,2565,2566,2,1,2,0.7500,2565.314,895.000,1089.657,8.0561,12.0000,1.0286,0.7284,4.7841,0.5333,0.2667,0.2000,0.7071,0.0000,5.1828,0.9967,1.0000
6,3,2576,2579,4,2,2,0.3750,2577.548,684.290,1014.161,10.0855,12.0000,1.1613,0.5606,4.7814,0.8076,0.0500,0.1424,0.9217,0.3087,4.5823,1.9924,0.5484
6,3,2577,2579,3,2,2,0.5000,2578.217,564.533,719.300,9.7599,12.0000,1.2000,0.9599,4.7812,0.5795,0.2234,0.1971,0.8314,0.5543,4.3829,1.1954,0.5667
3,3,2578,2580,3,1,1,1.0000,2579.000,916.000,438.000,7.5911,11.0000,1.0000,1.0000,4.3829,0.8889,0.0000,0.1111,1.0000,0.0000,4.7812,1.1953,1.0000
4,3,2600,2601,2,2,1,1.0000,2600.524,706.524,618.000,8.3605,11.0000,1.0476,0.7079,4.3794,0.0000,0.7500,0.2500,1.0000,0.0000,4.7774,1.3934,0.7857
3,3,2604,2605,2,2,1,0.7500,2604.686,938.686,719.000,8.0441,13.0000,1.1143,0.4445,5.1750,0.5333,0.2667,0.2000,0.7071,0.0000,4.7770,1.3933,1.0000
4,4,2604,2605,2,2,2,0.5000,2604.510,1016.265,842.224,9.7530,14.0000,1.1429,0.6006,5.5731,0.5916,0.1015,0.3069,0.7071,0.7071,4.3789,0.7962,1.0000
3,3,2608,2609,2,1,2,0.7500,2608.343,760.000,844.314,8.0436,12.0000,1.0286,0.4651,4.7767,0.5333,0.2667,0.2000,0.7071,0.0000,4.3786,1.1942,1.0000
4,3,2611,2612,2,2,1,1.0000,2611.488,1092.465,860.000,8.5577,12.0000,1.1163,0.6914,4.7764,0.0000,0.7500,0.2500,1.0000,0.0000,3.9804,0.3980,0.7907
7,3,2615,2618,4,2,2,0.4375,2616.181,961.347,870.875,10.8313,14.0000,1.3611,0.4108,5.5722,0.7122,0.1467,0.1411,0.9661,0.0989,4.3781,1.9900,0.5139
3,3,2616,2618,3,1,1,1.0000,2616.974,1004.000,689.000,8.7321,15.0000,1.1842,0.0263,5.9702,0.8889,0.0000,0.1111,1.0000,0.0000,5.1742,0.7960,1.0000
5,3,2618,2620,3,2,1,0.8333,2619.315,587.426,772.000,9.6116,13.0000,1.2037,0.8939,5.1740,0.5854,0.2927,0.1220,0.9487,0.0000,3.9800,1.1940,0.6667
7,3,2625,2627,3,1,4,0.5833,2626.463,864.000,886.925,10.0785,12.0000,1.2537,0.4687,4.7759,0.5493,0.3786,0.0721,0.3827,0.0000,3.5819,1.5920,0.5224
5,3,2628,2629,2,2,2,0.6250,2628.423,740.404,553.173,9.2552,11.0000,1.0577,0.6100,4.3779,0.3432,0.2505,0.4063,0.6059,0.3645,4.7758,1.5919,0.6346
3,3,2630,2632,3,1,1,1.0000,2631.000,993.000,763.000,7.5826,11.0000,1.0000,1.0000,4.3778,0.8889,0.0000,0.1111,1.0000,0.0000,3.9798,0.7960,1.0000
5,3,2638,2640,3,2,2,0.4167,2638.907,974.852,753.537,9.6109,13.0000,1.2037,0.5647,5.1737,0.7729,0.0435,0.1836,0.8328,0.5477,5.1736,1.9899,0.6852
8,3,2647,2650,4,3,2,0.3333,2648.887,986.100,958.800,11.2558,12.0000,1.2000,1.4275,4.7755,0.8017,0.1100,0.0883,0.8060,0.2602,4.5764,1.5918,0.5750
5,3,2659,2661,3,2,2,0.4167,2659.712,602.154,973.212,9.2534,13.0000,1.2500,0.3894,5.1728,0.6489,0.0995,0.2515,0.9362,0.2726,3.9791,1.5916,0.6923
4,3,2662,2663,2,3,1,0.6667,2662.732,837.341,912.000,8.1568,11.0000,1.0732,0.9844,4.3769,0.7500,0.1500,0.1000,0.3162,0.0000,4.7747,1.5916,0.8049
7,6,2663,2665,3,3,2,0.3889,2664.165,928.797,920.861,11.8805,14.0000,1.2405,0.2958,5.5704,0.4009,0.2683,0.3308,0.7054,0.0496,4.7746,1.7905,0.8987
5,3,2665,2667,3,2,1,0.8333,2665.780,527.540,612.000,8.8968,12.0000,1.2000,0.5831,4.7745,0.5854,0.2927,0.1220,0.9487,0.0000,3.9787,0.7958,0.6800
3,3,2665,2666,2,1,2,0.7500,2665.314,860.000,1154.629,8.0400,13.0000,1.1143,0.7028,5.1725,0.5333,0.2667,0.2000,0.7071,0.0000,3.9788,0.3979,1.0000
6,3,2668,2670,3,2,1,1.0000,2668.950,1052.500,898.000,9.7455,12.0000,1.2000,0.5025,4.7743,0.5556,0.3333,0.1111,1.0000,0.0000,4.3764,1.5914,0.5667
5,3,2671,2673,3,1,2,0.8333,2671.830,815.000,966.340,9.4297,13.0000,1.2264,0.3797,5.1719,0.5854,0.2927,0.1220,0.9487,0.0000,4.9729,1.1935,0.6604
6,3,2675,2677,3,3,1,0.6667,2676.262,843.831,495.000,10.5563,14.0000,1.2923,0.3115,5.5693,0.2083,0.6667,0.1250,0.8944,0.0000,4.7737,1.5913,0.5846
7,3,2681,2684,4,3,2,0.2917,2682.768,745.014,929.145,10.3734,12.0000,1.2174,1.2405,4.7730,0.7763,0.0607,0.1630,0.9495,0.0886,4.3753,1.1933,0.4928
4,3,2691,2692,2,3,1,0.6667,2691.818,893.182,572.000,8.7494,12.0000,1.0909,1.1957,4.7724,0.7500,0.1500,0.1000,0.3162,0.0000,4.3747,0.7954,0.8182
5,3,2691,2693,3,2,1,0.8333,2691.929,940.375,771.000,9.9599,14.0000,1.2500,0.3817,5.5678,0.5854,0.2927,0.1220,0.9487,0.0000,5.5677,0.7954,0.6964
4,3,2700,2702,3,2,1,0.6667,2701.222,994.222,918.000,8.9469,13.0000,1.1556,0.3143,5.1693,0.7500,0.1500,0.1000,0.9487,0.0000,3.9764,1.5905,0.7778
8,5,2709,2711,3,2,2,0.6667,2710.414,865.609,956.494,12.2296,13.0000,1.1954,0.7614,5.1687,0.4716,0.1249,0.4035,0.8929,0.1898,5.1687,1.5904,0.6897
6,3,2714,2716,3,2,2,0.5000,2714.883,477.133,611.367,9.7386,12.0000,1.2000,0.6576,4.7709,0.5230,0.1584,0.3185,0.9225,0.0898,3.7770,1.1927,0.5667
3,3,2714,2714,1,2,2,0.7500,2714.000,928.657,942.343,8.0340,12.0000,1.0286,0.7412,4.7710,0.5333,0.2667,0.2000,0.0000,1.0000,4.3734,1.5903,1.0000
4,3,2726,2727,2,2,1,1.0000,2726.465,967.558,522.000,8.5475,12.0000,1.1163,0.6415,4.7707,0.0000,0.7500,0.2500,1.0000,0.0000,4.9695,0.7951,0.8140
4,3,2730,2733,4,1,1,1.0000,2731.477,862.000,602.000,8.7465,12.0000,1.0909,0.5227,4.7708,0.9375,0.0000,0.0625,1.0000,0.0000,3.9757,1.1927,0.7727
3,3,2734,2735,2,1,2,0.7500,2734.333,891.000,874.667,7.5749,11.0000,1.0000,0.7454,4.3734,0.5333,0.2667,0.2000,0.7071,0.0000,4.7709,1.5903,1.0000
3,3,2738,2739,2,2,1,0.7500,2738.657,957.314,1009.000,8.0344,12.0000,1.0286,0.7284,4.7712,0.5333,0.2667,0.2000,0.7071,0.0000,5.1687,1.5904,1.0000
5,3,2742,2744,3,1,2,0.8333,2742.709,426.000,1127.382,9.7804,13.0000,1.1818,0.8054,5.1692,0.5854,0.2927,0.1220,0.9487,0.0000,3.9762,1.1929,0.6727
4,3,2761,2763,3,1,2,0.6667,2761.884,807.000,1074.442,8.5550,13.0000,1.2093,0.9880,5.1725,0.7576,0.1294,0.1129,0.8507,0.0000,4.7749,1.5916,0.8140
6,3,2771,2773,3,2,2,0.5000,2771.797,608.136,1120.525,9.5890,12.0000,1.2203,0.9371,4.7773,0.3810,0.3333,0.2857,0.9487,0.1690,4.1803,1.1943,0.5932
5,3,2772,2773,2,2,2,0.6250,2772.615,714.538,911.154,9.2584,12.0000,1.1538,0.8321,4.7776,0.3432,0.2505,0.4063,0.6059,0.3645,5.1754,1.1944,0.6923
9,5,2789,2792,4,2,3,0.3750,2790.485,845.545,1327.960,13.4143,16.0000,1.4257,0.6885,6.3752,0.5808,0.2190,0.2002,0.9913,0.0740,3.9845,0.0001,0.6733
10,5,2802,2805,4,3,2,0.4167,2803.916,790.850,835.383,13.4852,15.0000,1.4019,0.4198,5.9781,0.5844,0.1916,0.2240,0.9298,0.1385,3.3876,0.7971,0.5888
4,3,2802,2803,2,2,2,0.5000,2802.186,843.558,1081.279,8.5686,12.0000,1.1163,0.5547,4.7824,0.5916,0.1015,0.3069,0.5000,0.5000,4.9817,1.9927,0.8140
7,3,2806,2808,3,2,2,0.5833,2806.800,827.386,1032.400,10.5444,12.0000,1.2000,0.5906,4.7825,0.4741,0.2996,0.2262,0.8735,0.4867,3.1883,1.5942,0.5000
4,3,2808,2809,2,2,2,0.5000,2808.756,542.244,667.200,8.9670,14.0000,1.2444,0.3994,5.5795,0.0000,0.5625,0.4375,0.4459,0.5774,3.9854,1.1956,0.8000
4,3,2808,2809,2,2,2,0.5000,2808.244,852.178,647.733,8.9671,14.0000,1.2444,0.4031,5.5795,0.0000,0.5625,0.4375,0.4459,0.5774,4.1846,0.7971,0.8222
10,3,2821,2823,3,4,2,0.4167,2822.185,800.489,1049.565,11.5914,12.0000,1.3043,1.8074,4.7810,0.7980,0.1005,0.1014,0.5739,0.6932,3.7851,0.7969,0.3696
5,3,2824,2826,3,1,2,0.8333,2824.800,668.000,945.436,9.7992,13.0000,1.1818,0.5981,5.1791,0.5854,0.2927,0.1220,0.9487,0.0000,4.7807,1.5936,0.6364
7,3,2827,2829,3,1,3,0.7778,2827.700,473.000,820.843,10.5395,13.0000,1.3000,0.7174,5.1788,0.4747,0.4312,0.0941,0.5071,0.0000,3.9836,1.1951,0.5143
5,3,2830,2832,3,2,1,0.8333,2831.192,862.462,982.000,9.2627,13.0000,1.2500,0.5718,5.1781,0.5854,0.2927,0.1220,0.9487,0.0000,4.7796,1.1950,0.6731
4,3,2835,2836,2,2,2,0.5000,2835.442,683.256,1105.186,8.5624,13.0000,1.2093,0.5434,5.1773,0.5916,0.1015,0.3069,0.7071,0.7071,3.9825,0.7965,0.8140
4,3,2835,2837,3,1,2,0.6667,2835.978,989.000,981.511,8.9605,12.0000,1.0667,0.5116,4.7789,0.7576,0.1294,0.1129,0.8507,0.0000,4.9781,1.9912,0.7778
4,3,2849,2851,3,1,2,0.6667,2850.043,740.000,982.191,9.3546,14.0000,1.1915,0.1962,5.5730,0.5357,0.3214,0.1429,1.0000,0.0000,5.1749,0.3981,0.8085
3,3,2858,2860,3,1,1,1.0000,2859.000,874.000,1063.000,7.5827,11.0000,1.0000,1.0000,4.3780,0.8889,0.0000,0.1111,1.0000,0.0000,4.7759,0.7960,1.0000
3,3,2859,2860,2,1,2,0.7500,2859.324,815.000,998.647,7.8124,12.0000,1.0588,0.7234,4.7759,0.5333,0.2667,0.2000,0.7071,0.0000,3.9799,0.5970,1.0000
3,3,2862,2864,3,1,1,1.0000,2863.083,761.000,1137.000,8.2715,14.0000,1.1667,0.9167,5.5714,0.8889,0.0000,0.1111,1.0000,0.0000,3.9797,0.7959,1.0000
3,3,2872,2873,2,1,2,0.7500,2872.667,449.000,781.667,7.5814,11.0000,1.0000,0.7454,4.3772,0.5333,0.2667,0.2000,0.7071,0.0000,4.7751,1.7907,1.0000
6,3,2896,2898,3,2,2,0.5000,2896.952,930.355,908.145,10.0721,12.0000,1.1613,0.3864,4.7751,0.7074,0.0897,0.2030,0.9140,0.2540,3.7803,0.5969,0.5484
3,3,2911,2912,2,1,2,0.7500,2911.324,662.000,927.324,7.8123,12.0000,1.0588,0.4575,4.7757,0.5333,0.2667,0.2000,0.7071,0.0000,4.7758,1.9899,1.0000
6,3,2920,2922,3,2,3,0.3333,2920.639,639.672,998.000,9.9120,12.0000,1.1803,0.4874,4.7763,0.6117,0.2011,0.1872,0.7734,0.2698,4.3783,1.5921,0.5574
7,3,2931,2934,4,2,2,0.4375,2932.366,748.775,1200.310,10.6826,12.0000,1.1831,0.7406,4.7769,0.8243,0.0513,0.1244,0.9184,0.3278,3.9807,0.9952,0.6338
3,3,2935,2936,2,2,1,0.7500,2935.324,776.647,1047.000,7.8144,12.0000,1.0588,0.7234,4.7770,0.5333,0.2667,0.2000,0.7071,0.0000,3.9809,0.9952,1.0000
4,3,2942,2944,3,2,1,0.6667,2942.786,610.214,1030.000,8.3602,11.0000,1.0476,0.8144,4.3792,0.7500,0.1500,0.1000,0.9487,0.0000,3.9811,0.7962,0.7857
4,3,2942,2943,2,1,2,1.0000,2942.500,897.000,533.477,8.7583,12.0000,1.0909,0.6912,4.7773,0.0000,0.7500,0.2500,0.0000,0.0000,3.9811,0.7962,0.7727
26,11,2946,2949,4,3,4,0.5417,2947.519,108.267,706.698,22.2517,16.0000,1.4596,0.6571,6.3698,0.4352,0.1570,0.4077,0.4883,0.1555,3.3840,0.7962,0.5368
4,3,2946,2947,2,2,2,0.5000,2946.744,622.465,991.791,8.5594,12.0000,1.1163,0.5706,4.7773,0.5916,0.1015,0.3069,0.5000,0.5000,4.7773,0.7962,0.7907
4,3,2949,2951,3,2,1,0.6667,2949.841,1034.818,1077.000,8.7585,13.0000,1.1818,0.2416,5.1755,0.7500,0.1500,0.1000,0.9487,0.0000,4.9764,1.3934,0.8182
3,3,2952,2954,3,1,1,1.0000,2953.000,966.000,582.000,7.8149,12.0000,1.0588,0.0000,4.7773,0.8889,0.0000,0.1111,1.0000,0.0000,4.7773,1.9906,1.0000
4,3,2959,2961,3,2,1,0.6667,2959.814,461.814,798.000,8.5592,13.0000,1.2093,0.2631,5.1753,0.7500,0.1500,0.1000,0.9487,0.0000,4.7772,1.5924,0.8140
5,3,2959,2961,3,1,2,0.8333,2960.176,575.000,938.667,9.0799,12.0000,1.1765,0.3772,4.7772,0.5854,0.2927,0.1220,0.9487,0.0000,3.9810,1.1943,0.6667
4,3,2964,2967,4,1,1,1.0000,2965.390,695.000,794.000,8.1608,11.0000,1.0732,1.3902,4.3790,0.9375,0.0000,0.0625,1.0000,0.0000,4.7771,0.5971,0.8049
3,3,2967,2968,2,1,2,0.7500,2967.351,888.000,931.676,8.5039,13.0000,1.0541,0.7252,5.1751,0.5333,0.2667,0.2000,0.7071,0.0000,5.1751,1.9904,1.0000
4,3,2986,2988,3,1,2,0.6667,2987.184,824.000,1105.184,9.7522,16.0000,1.3061,0.2598,6.3688,0.7500,0.1500,0.1000,0.9487,0.0000,5.1746,1.9902,0.8163
6,3,2988,2990,3,1,3,0.6667,2989.153,586.000,818.831,9.5877,11.0000,1.1186,1.1649,4.3786,0.4000,0.4800,0.1200,0.7071,0.0000,4.3786,1.5922,0.5593
8,6,2991,2993,3,2,2,0.6667,2991.747,663.473,1022.451,12.8068,15.0000,1.3187,0.7001,5.9709,0.4685,0.1696,0.3619,0.8569,0.5155,4.7767,0.7961,0.8132
3,3,2998,2999,2,2,1,0.7500,2998.324,606.676,719.000,7.8144,12.0000,1.0588,0.4575,4.7770,0.5333,0.2667,0.2000,0.7071,0.0000,3.9809,1.5923,1.0000
4,3,3003,3004,2,1,3,0.6667,3003.234,748.000,1134.106,9.3558,15.0000,1.2766,0.2571,5.9718,0.5357,0.3214,0.1429,0.0000,0.0000,5.1756,1.9906,0.8298
4,3,3007,3008,2,1,2,1.0000,3007.537,887.000,966.463,8.1622,11.0000,1.0732,0.7090,4.3798,0.0000,0.7500,0.2500,0.0000,0.0000,4.7779,1.1945,0.8049
4,3,3011,3012,2,2,1,1.0000,3011.452,558.524,811.000,8.3622,12.0000,1.1429,0.6921,4.7783,0.0000,0.7500,0.2500,1.0000,0.0000,3.9820,1.1946,0.8095
5,3,3016,3018,3,2,2,0.4167,3016.941,524.627,1056.843,9.0836,13.0000,1.2745,0.4085,5.1775,0.5461,0.2256,0.2283,0.8117,0.4177,3.9825,0.0000,0.6863
12,3,3020,3023,4,3,4,0.2500,3022.052,116.983,613.319,13.3387,14.0000,1.4483,0.6832,5.5766,0.6820,0.1078,0.2102,0.6136,0.0152,3.1867,1.5932,0.3276
3,3,3020,3021,2,2,1,0.7500,3020.324,873.324,1013.000,7.8188,12.0000,1.0588,0.4575,4.7797,0.5333,0.2667,0.2000,0.7071,0.0000,4.7798,2.3899,1.0000
5,3,3021,3023,3,1,3,0.5556,3022.176,576.000,726.000,9.0851,11.0000,1.0784,1.1765,4.3818,0.5532,0.3398,0.1070,0.8281,0.0000,3.9832,1.1950,0.6471
5,3,3026,3027,2,3,1,0.8333,3026.426,565.241,672.000,9.6209,13.0000,1.2037,0.6225,5.1791,0.5854,0.2927,0.1220,0.3162,0.0000,3.9838,1.5936,0.6667
7,3,3048,3050,3,2,2,0.5833,3048.956,636.426,761.235,10.2438,12.0000,1.2353,1.0728,4.7828,0.5557,0.1817,0.2626,0.9141,0.3987,3.1886,0.7971,0.5147
3,3,3048,3049,2,2,1,0.7500,3048.306,684.333,524.000,8.2841,13.0000,1.0833,0.4522,5.1814,0.5333,0.2667,0.2000,0.7071,0.0000,4.3842,0.9964,1.0000
12,3,3055,3058,4,3,4,0.2500,3056.640,600.377,1192.912,13.1161,13.0000,1.3684,1.4981,5.1812,0.5197,0.3226,0.1576,0.0088,0.1652,3.9856,1.5942,0.3158
13,5,3056,3059,4,3,3,0.3611,3057.914,109.007,753.657,15.4753,15.0000,1.3929,1.1260,5.9783,0.5997,0.1301,0.2702,0.8206,0.0133,3.5870,0.3986,0.4857
15,6,3057,3058,2,4,5,0.3750,3057.333,111.353,656.431,15.7446,16.0000,1.5686,0.7477,6.3769,0.8213,0.0434,0.1353,0.1314,0.9880,4.3841,0.9964,0.4771
8,3,3067,3070,4,2,2,0.5000,3068.683,671.354,942.671,11.5521,13.0000,1.2683,0.8366,5.1801,0.7206,0.1416,0.1378,0.9236,0.3817,3.5863,1.5938,0.4268
4,3,3075,3076,2,1,2,1.0000,3075.558,717.000,1130.512,8.5653,13.0000,1.2093,0.6760,5.1790,0.0000,0.7500,0.2500,0.0000,0.0000,3.9839,0.3984,0.8140
7,3,3076,3077,2,2,4,0.4375,3076.110,882.589,1195.877,10.9919,13.0000,1.2466,0.6117,5.1790,0.7122,0.1467,0.1411,0.0444,0.8463,3.5855,0.3984,0.5205
11,3,3077,3078,2,2,6,0.4583,3077.524,900.200,1023.619,12.6117,12.0000,1.2571,0.8062,4.7803,0.8703,0.0364,0.0933,0.1253,0.2673,3.5854,0.7967,0.3238
6,3,3081,3082,2,1,3,1.0000,3081.500,570.000,844.047,10.4072,12.0000,1.1250,1.0763,4.7799,0.5556,0.3333,0.1111,0.0000,0.0000,3.9832,0.7967,0.7031
13,6,3083,3086,4,3,5,0.2167,3084.629,121.386,591.050,15.4649,16.0000,1.4857,0.5378,6.3725,0.6599,0.1269,0.2132,0.6349,0.0117,3.5845,1.1949,0.5571
5,3,3089,3090,2,2,2,0.6250,3089.308,493.365,766.423,9.2610,14.0000,1.3462,0.7490,5.5753,0.2938,0.4054,0.3007,0.0000,0.3029,4.7788,1.9912,0.6923
5,3,3095,3096,2,2,2,0.6250,3095.558,511.173,746.385,9.2598,12.0000,1.1538,0.6992,4.7783,0.3432,0.2505,0.4063,0.6059,0.3645,3.9818,0.9955,0.6538
4,3,3096,3097,2,2,2,0.5000,3096.761,714.217,1174.761,9.1581,14.0000,1.2174,0.4020,5.5745,0.0000,0.5625,0.4375,0.4459,0.5774,4.7781,1.5927,0.7826
5,3,3100,3102,3,2,2,0.4167,3100.961,343.843,419.196,9.0811,11.0000,1.0784,0.9931,4.3798,0.7958,0.0325,0.1718,0.9294,0.3690,4.7778,1.1945,0.6471
3,3,3104,3106,3,1,1,1.0000,3104.972,717.000,1277.000,8.2753,13.0000,1.0833,0.0278,5.1759,0.8889,0.0000,0.1111,1.0000,0.0000,5.1759,1.5926,1.0000
112,67,3105,3113,9,8,7,0.2222,3108.789,282.160,305.307,54.4755,27.0000,2.0884,1.2599,10.7499,0.4932,0.1477,0.3590,0.7685,0.3148,4.7777,1.9907,0.7320
7,3,3105,3107,3,3,2,0.3889,3106.121,554.530,500.303,9.9320,12.0000,1.2727,0.8841,4.7777,0.3526,0.4473,0.2001,0.4910,0.4241,3.5833,0.7963,0.5152
6,4,3107,3110,4,2,2,0.3750,3108.656,320.297,795.172,10.4027,13.0000,1.2187,0.4856,5.1759,0.7351,0.1332,0.1317,0.9406,0.2762,4.7777,1.5926,0.7344
4,4,3107,3108,2,2,1,1.0000,3107.500,565.500,1006.000,8.7592,11.0000,1.0000,0.7071,4.3796,0.0000,0.7500,0.2500,1.0000,0.0000,4.7777,1.7916,1.0000
4,3,3108,3110,3,1,2,0.6667,3109.195,591.000,1228.195,8.1620,11.0000,1.0732,1.2109,4.3796,0.7500,0.1500,0.1000,0.9487,0.0000,3.9814,0.5972,0.8049
4,3,3116,3118,3,1,2,0.6667,3116.805,574.000,918.195,8.1624,11.0000,1.0732,0.8282,4.3799,0.7500,0.1500,0.1000,0.9487,0.0000,3.9817,0.7963,0.8049
4,3,3117,3118,2,2,2,0.5000,3117.708,924.417,579.188,9.5561,14.0000,1.1667,0.8429,5.5744,0.5916,0.1015,0.3069,0.5000,0.5000,5.3753,2.3890,0.8125
4,3,3118,3120,3,2,1,0.6667,3118.698,355.744,956.000,8.5608,12.0000,1.1163,0.3960,4.7781,0.7500,0.1500,0.1000,0.9487,0.0000,4.7781,0.7963,0.7907
25,10,3122,3126,5,3,3,0.5556,3124.301,162.143,473.128,21.1849,17.0000,1.5977,0.3566,6.7697,0.7249,0.0209,0.2542,0.9277,0.1945,3.5840,1.1947,0.5414
5,3,3123,3124,2,2,2,0.6250,3123.558,781.154,925.577,9.2603,12.0000,1.1538,0.8170,4.7784,0.3432,0.2505,0.4063,0.6059,0.3645,4.7784,1.5928,0.6538
4,3,3127,3129,3,1,2,0.6667,3128.000,699.000,1172.814,8.5622,13.0000,1.2093,0.1860,5.1772,0.5357,0.3214,0.1429,1.0000,0.0000,4.7789,1.9912,0.8140
5,3,3127,3129,3,2,2,0.4167,3127.943,946.604,956.830,9.4393,12.0000,1.1321,1.0372,4.7789,0.5461,0.2256,0.2283,0.8117,0.4177,4.7789,1.3939,0.6604
12,5,3133,3136,4,3,3,0.3333,3134.700,107.942,709.883,13.7978,13.0000,1.3000,0.3271,5.1780,0.7311,0.1323,0.1365,0.8338,0.5518,3.3858,1.1949,0.4917
4,3,3134,3135,2,2,1,1.0000,3134.537,518.463,594.000,8.1653,11.0000,1.0732,0.7090,4.3814,0.0000,0.7500,0.2500,1.0000,0.0000,4.7797,1.5932,0.8049
13,5,3136,3139,4,3,4,0.2708,3137.463,109.216,676.455,14.8042,15.0000,1.4552,0.6842,5.9750,0.5967,0.0816,0.3217,0.6882,0.1622,3.5850,0.7967,0.4701
3,3,3164,3165,2,2,1,0.7500,3164.676,372.676,698.000,7.8259,12.0000,1.0588,0.4575,4.7841,0.5333,0.2667,0.2000,0.7071,0.0000,4.3854,0.7974,1.0000
22,12,3167,3170,4,4,4,0.3438,3168.198,108.266,709.886,20.1464,16.0000,1.4852,0.3507,6.3794,0.0884,0.4332,0.4784,0.8652,0.0979,4.7844,1.5948,0.6414
17,11,3178,3182,5,3,3,0.3778,3180.117,125.762,573.282,19.9262,18.0000,1.4854,0.3866,7.1788,0.4316,0.2515,0.3169,0.9971,0.0510,4.1877,1.9941,0.7379
3,3,3187,3188,2,1,2,0.7500,3187.711,499.000,978.711,8.7506,16.0000,1.2632,0.4094,6.3817,0.5333,0.2667,0.2000,0.7071,0.0000,3.9886,0.7977,1.0000
4,3,3192,3193,2,1,2,1.0000,3192.465,548.000,856.488,8.5754,12.0000,1.1163,0.6914,4.7863,0.0000,0.7500,0.2500,0.0000,0.0000,5.1851,1.7948,0.7907
34,22,3194,3197,4,4,5,0.4250,3195.422,466.832,823.617,30.1649,27.0000,2.0816,0.5941,10.7688,0.1956,0.4062,0.3982,0.5757,0.7430,3.9885,1.1965,0.7528
19,6,3200,3202,3,4,4,0.3958,3200.784,128.442,562.774,18.2069,16.0000,1.5276,1.3212,6.3808,0.3693,0.2953,0.3354,0.2683,0.5406,3.5893,1.1965,0.4623
13,5,3204,3207,4,3,3,0.3611,3205.605,117.364,612.171,14.2665,14.0000,1.4109,0.5640,5.5824,0.2932,0.3718,0.3350,0.6865,0.2222,3.5888,0.7975,0.5349
4,3,3206,3207,2,1,2,1.0000,3206.432,564.000,1096.568,8.7722,14.0000,1.2727,0.6107,5.5824,0.0000,0.7500,0.2500,0.0000,0.0000,4.7849,1.9936,0.8182
25,11,3207,3210,4,4,3,0.5208,3208.783,108.196,708.031,22.8057,25.0000,2.1853,0.2938,9.9675,0.3226,0.2013,0.4761,0.5769,0.0039,3.5882,0.5981,0.6049
6,4,3209,3211,3,2,3,0.3333,3209.986,134.465,900.056,11.5560,16.0000,1.3521,0.4684,6.3789,0.3218,0.4574,0.2208,0.5418,0.4544,4.9836,1.1961,0.7465
3,3,3209,3210,2,2,1,0.7500,3209.306,592.361,1025.000,8.2867,13.0000,1.0833,0.7082,5.1831,0.5333,0.2667,0.2000,0.7071,0.0000,5.1831,1.9934,1.0000
5,3,3211,3213,3,2,1,0.8333,3212.130,319.611,1065.000,9.6271,13.0000,1.2037,0.4099,5.1824,0.5854,0.2927,0.1220,0.9487,0.0000,4.7840,0.7973,0.6667
5,3,3227,3228,2,1,3,0.8333,3227.574,812.000,1012.259,9.6190,13.0000,1.2037,0.4986,5.1779,0.5854,0.2927,0.1220,0.3162,0.0000,4.7798,1.5931,0.6667
4,3,3229,3231,3,2,1,0.6667,3230.022,404.761,921.000,9.1598,14.0000,1.2174,0.2401,5.5756,0.5357,0.3214,0.1429,1.0000,0.0000,4.7789,1.1948,0.7826
6,3,3233,3236,4,2,2,0.3750,3234.391,128.750,881.188,10.4030,15.0000,1.4062,0.5002,5.9725,0.8076,0.0500,0.1424,0.9217,0.3087,3.5835,0.7964,0.5938
6,3,3235,3236,2,1,3,1.0000,3235.476,392.000,945.000,10.2398,13.0000,1.2381,0.4762,5.1758,0.5556,0.3333,0.1111,0.0000,0.0000,4.5785,1.1944,0.5714
4,3,3237,3239,3,2,1,0.6667,3237.810,790.190,1052.000,8.3597,12.0000,1.1429,0.2694,4.7769,0.7500,0.1500,0.1000,0.9487,0.0000,3.9808,1.9902,0.8095
13,5,3238,3241,4,3,3,0.3611,3239.465,119.215,835.097,15.8974,19.0000,1.7153,0.5846,7.5627,0.2622,0.2645,0.4733,0.7739,0.4266,3.5825,1.1942,0.4792
8,5,3241,3243,3,3,2,0.4444,3241.759,108.048,710.337,11.6794,13.0000,1.2530,0.4174,5.1740,0.4286,0.2283,0.3431,0.7636,0.4342,3.9800,0.9951,0.7108
5,3,3241,3242,2,2,2,0.6250,3241.596,655.154,1001.558,9.2557,12.0000,1.1538,0.7055,4.7760,0.3432,0.2505,0.4063,0.6059,0.3645,4.7760,0.7961,0.6538
9,6,3255,3257,3,2,2,0.7500,3256.080,271.384,700.545,14.8513,16.0000,1.2857,0.6010,6.3649,0.5117,0.1619,0.3264,0.9082,0.4082,5.1714,1.1934,0.7857
45,23,3256,3259,4,5,7,0.3214,3257.441,108.773,728.777,30.3611,20.0000,1.7578,1.8453,7.9559,0.5627,0.1822,0.2551,0.1352,0.8297,3.5803,0.7956,0.6191
4,4,3265,3266,2,2,1,1.0000,3265.489,364.468,984.000,9.3469,13.0000,1.1064,0.6772,5.1707,0.0000,0.7500,0.2500,1.0000,0.0000,4.9718,0.7955,1.0000
3,3,3265,3266,2,2,1,0.7500,3265.676,494.676,928.000,8.4965,13.0000,1.0541,0.4587,5.1706,0.5333,0.2667,0.2000,0.7071,0.0000,4.3752,1.1932,1.0000
17,10,3269,3271,3,2,5,0.5667,3270.099,110.419,668.319,18.4245,17.0000,1.5131,0.8053,6.7614,0.5761,0.1572,0.2667,0.1315,0.0066,3.9773,0.7955,0.6754
13,6,3269,3272,4,2,4,0.4062,3270.796,146.650,508.423,15.1124,14.0000,1.3285,0.5863,5.5682,0.3194,0.3922,0.2884,0.9065,0.0912,3.5796,0.7955,0.5547
10,4,3271,3274,4,3,2,0.4167,3272.258,579.072,746.402,12.1999,12.0000,1.2371,0.6551,4.7727,0.5672,0.1221,0.3107,0.9849,0.1690,4.1761,1.5909,0.4639
17,7,3272,3274,3,3,6,0.3148,3273.224,109.219,751.005,17.6526,16.0000,1.4863,1.2887,6.3636,0.8664,0.0342,0.0994,0.1139,0.4325,3.5795,1.1932,0.5027
4,3,3284,3286,3,1,2,0.6667,3285.021,434.000,719.766,9.3465,15.0000,1.2766,0.2350,5.9659,0.5357,0.3214,0.1429,1.0000,0.0000,4.7727,1.5909,0.7872
7,4,3292,3294,3,3,2,0.3889,3292.757,430.314,794.114,10.5228,12.0000,1.2000,0.4133,4.7727,0.5453,0.2435,0.2112,0.6879,0.1639,3.9772,0.9943,0.6429
4,3,3292,3294,3,2,1,0.6667,3292.957,489.239,703.000,9.1477,15.0000,1.3043,0.2431,5.9659,0.5357,0.3214,0.1429,1.0000,0.0000,3.9773,0.7954,0.8043
4,3,3299,3300,2,1,2,1.0000,3299.467,935.000,750.444,8.9487,13.0000,1.1556,0.6444,5.1703,0.0000,0.7500,0.2500,0.0000,0.0000,4.9715,1.3920,0.8000
3,3,3301,3303,3,1,1,1.0000,3302.029,428.000,1021.000,8.0367,12.0000,1.0286,0.0286,4.7726,0.8889,0.0000,0.1111,1.0000,0.0000,5.1702,1.5909,1.0000
9,4,3306,3308,3,3,2,0.5000,3307.389,108.244,730.367,11.9309,12.0000,1.2000,0.9255,4.7724,0.2968,0.3146,0.3886,0.8165,0.4882,3.5793,1.1931,0.5222
5,3,3308,3310,3,2,1,0.8333,3309.222,321.444,965.000,9.6041,12.0000,1.1111,0.4969,4.7723,0.5854,0.2927,0.1220,0.9487,0.0000,5.5676,1.1931,0.6667
4,3,3313,3314,2,3,1,0.6667,3313.732,289.659,585.000,8.1523,11.0000,1.0732,0.9844,4.3744,0.7500,0.1500,0.1000,0.3162,0.0000,3.9767,0.3977,0.8049
3,3,3314,3315,2,1,2,0.7500,3314.343,640.000,827.314,8.0358,12.0000,1.0286,0.4651,4.7721,0.5333,0.2667,0.2000,0.7071,0.0000,5.1697,1.1930,1.0000
3,3,3317,3319,3,1,1,1.0000,3318.051,225.000,648.000,8.9539,15.0000,1.1538,0.0513,5.9648,0.8889,0.0000,0.1111,1.0000,0.0000,4.7718,1.5906,1.0000
5,3,3321,3323,3,1,2,0.8333,3321.784,449.000,688.471,9.0693,13.0000,1.2745,0.5717,5.1693,0.5854,0.2927,0.1220,0.9487,0.0000,4.7717,1.7894,0.6863
3,3,3338,3339,2,2,1,0.7500,3338.657,449.686,628.000,8.0346,12.0000,1.0286,0.7284,4.7713,0.5333,0.2667,0.2000,0.7071,0.0000,5.1689,1.5904,1.0000
4,3,3346,3347,2,2,1,1.0000,3346.468,475.553,624.000,9.3446,13.0000,1.1064,0.6471,5.1694,0.0000,0.7500,0.2500,1.0000,0.0000,4.5728,0.9941,0.8085
4,3,3359,3361,3,1,2,0.6667,3360.326,486.000,798.744,8.5526,12.0000,1.1163,0.7213,4.7737,0.7500,0.1500,0.1000,0.9487,0.0000,4.7735,1.3923,0.7907
6,3,3378,3379,2,2,2,0.7500,3378.530,276.697,643.379,10.7273,15.0000,1.3636,0.6752,5.9720,0.2667,0.1333,0.6000,0.7071,0.7071,3.7822,1.1944,0.6212
3,3,3398,3399,2,1,2,0.7500,3398.314,535.000,823.314,8.0517,13.0000,1.1143,0.4445,5.1799,0.5333,0.2667,0.2000,0.7071,0.0000,4.7816,1.5938,1.0000
4,3,3406,3408,3,1,2,0.6667,3406.955,254.000,731.250,8.7679,13.0000,1.1818,0.2541,5.1811,0.5357,0.3214,0.1429,1.0000,0.0000,4.7825,1.5942,0.7955
4,3,3408,3409,2,2,1,1.0000,3408.489,657.444,1038.000,8.9675,13.0000,1.1556,0.6773,5.1812,0.0000,0.7500,0.2500,1.0000,0.0000,4.9819,1.1957,0.8000
4,3,3416,3417,2,2,1,1.0000,3416.444,203.467,690.000,8.9683,13.0000,1.1556,0.6444,5.1817,0.0000,0.7500,0.2500,1.0000,0.0000,4.1852,0.3986,0.8000
3,3,3417,3418,2,2,1,0.7500,3417.667,474.667,912.000,7.5942,11.0000,1.0000,0.7454,4.3845,0.5333,0.2667,0.2000,0.7071,0.0000,4.7831,1.1958,1.0000
8,3,3423,3425,3,3,2,0.4444,3423.709,752.873,925.759,11.1332,12.0000,1.2152,0.3983,4.7832,0.2701,0.2819,0.4480,0.9364,0.0779,4.1853,1.5944,0.4430
3,3,3428,3429,2,2,1,0.7500,3428.333,424.692,856.000,8.9751,14.0000,1.0769,0.4536,5.5804,0.5333,0.2667,0.2000,0.7071,0.0000,5.5804,1.1958,1.0000
3,3,3433,3435,3,1,1,1.0000,3434.029,144.000,630.000,8.0545,12.0000,1.0286,0.0286,4.7831,0.8889,0.0000,0.1111,1.0000,0.0000,5.5803,1.5944,1.0000
5,3,3437,3439,3,2,1,0.8333,3438.269,385.596,643.000,9.2692,12.0000,1.1538,0.4854,4.7831,0.5854,0.2927,0.1220,0.9487,0.0000,4.7831,1.5944,0.6538
4,3,3460,3461,2,2,2,0.5000,3460.524,644.738,848.190,8.3705,12.0000,1.1429,0.6158,4.7831,0.5916,0.1015,0.3069,0.7071,0.7071,4.7831,1.9930,0.8095
7,3,3495,3498,4,2,2,0.4375,3496.886,428.271,928.157,10.5561,12.0000,1.2000,0.3338,4.7878,0.7514,0.0882,0.1604,0.9757,0.1283,4.3890,1.1970,0.4857
3,3,3501,3502,2,2,1,0.7500,3501.667,447.718,506.000,8.9863,15.0000,1.1538,0.4367,5.9866,0.5333,0.2667,0.2000,0.7071,0.0000,5.5871,1.9954,1.0000
3,3,3514,3516,3,1,1,1.0000,3515.000,531.000,672.000,7.8423,12.0000,1.0588,0.0000,4.7941,0.8889,0.0000,0.1111,1.0000,0.0000,4.7945,1.5979,1.0000
4,3,3519,3520,2,2,1,1.0000,3519.537,161.463,894.000,8.1933,11.0000,1.0732,0.7090,4.3966,0.0000,0.7500,0.2500,1.0000,0.0000,4.7960,0.9992,0.8049
4,3,3523,3524,2,2,2,0.5000,3523.511,810.756,818.822,8.9959,14.0000,1.2444,0.5938,5.5972,0.5916,0.1015,0.3069,0.7071,0.7071,4.1983,1.1995,0.8222
3,3,3526,3527,2,2,1,0.7500,3526.351,434.703,731.000,8.5432,13.0000,1.0541,0.4603,5.1994,0.5333,0.2667,0.2000,0.7071,0.0000,5.9986,1.5998,1.0000
4,3,3538,3540,3,1,2,0.6667,3539.000,932.000,776.800,9.0090,14.0000,1.2444,0.2000,5.6056,0.5357,0.3214,0.1429,1.0000,0.0000,4.0040,0.8010,0.8000
5,3,3541,3543,3,1,2,0.8333,3542.132,600.000,498.623,9.4930,12.0000,1.1321,0.6365,4.8061,0.5854,0.2927,0.1220,0.9487,0.0000,4.0047,1.6021,0.6604
5,3,3542,3543,2,2,2,0.6250,3542.647,398.412,584.784,9.1352,11.0000,1.0784,0.9536,4.4059,0.3432,0.2505,0.4063,0.6059,0.3645,4.8065,1.2015,0.6471
3,3,3560,3561,2,1,2,0.7500,3560.314,515.000,565.686,8.1042,13.0000,1.1143,0.4445,5.2136,0.5333,0.2667,0.2000,0.7071,0.0000,4.0107,0.6016,1.0000
3,3,3577,3579,3,1,1,1.0000,3578.056,593.000,493.000,8.3429,13.0000,1.0833,0.9444,5.2183,0.8889,0.0000,0.1111,1.0000,0.0000,4.4154,1.2042,1.0000
5,3,3579,3581,3,1,2,0.8333,3580.157,815.000,622.314,9.1557,13.0000,1.2745,0.3508,5.2185,0.5854,0.2927,0.1220,0.9487,0.0000,4.8169,0.8029,0.6863
45,5,3588,3590,3,6,15,0.1667,3589.074,618.974,709.633,27.5938,15.0000,1.4642,1.9032,6.0229,0.9424,0.0433,0.0143,0.0302,0.9928,4.4168,1.6062,0.4642
19,4,3588,3590,3,5,5,0.2533,3589.085,618.534,721.254,17.4101,13.0000,1.3069,2.7280,5.2199,0.7269,0.1871,0.0860,0.2211,0.9654,4.4168,1.8069,0.4392
46,6,3588,3590,3,7,9,0.2434,3589.465,623.137,697.524,29.0093,17.0000,1.5959,1.3613,6.8261,0.7528,0.1846,0.0626,0.0161,0.9910,3.6138,1.2046,0.5510
8,5,3588,3590,3,2,3,0.4444,3589.429,624.209,691.747,12.9186,18.0000,1.5824,0.8864,7.2275,0.6820,0.1035,0.2144,0.6195,0.1339,3.6137,0.6022,0.7033
22,5,3588,3590,3,8,6,0.1528,3589.549,653.272,656.749,20.1176,15.0000,1.4043,2.6514,6.0229,0.9332,0.0302,0.0366,0.0133,0.5076,4.0153,0.8031,0.6213
4,3,3591,3593,3,1,2,0.6667,3592.130,670.000,428.826,9.2357,14.0000,1.2174,0.2174,5.6217,0.7500,0.1500,0.1000,0.9487,0.0000,4.4171,1.8070,0.8261
6,3,3595,3597,3,2,2,0.5000,3596.197,531.864,580.318,10.8203,15.0000,1.3636,0.3983,6.0237,0.5230,0.1584,0.3185,0.9225,0.0898,3.8150,1.0039,0.5758
3,3,3596,3596,1,2,2,0.7500,3596.000,534.667,824.667,7.6511,11.0000,1.0000,0.7454,4.4174,0.5333,0.2667,0.2000,0.0000,1.0000,4.8189,2.0079,1.0000
3,3,3606,3608,3,1,1,1.0000,3607.000,794.000,521.000,7.6517,11.0000,1.0000,1.0000,4.4177,0.8889,0.0000,0.1111,1.0000,0.0000,4.0161,0.8032,1.0000
5,3,3610,3612,3,1,3,0.5556,3611.226,656.000,489.038,9.5191,14.0000,1.3208,0.2295,5.6225,0.5532,0.3398,0.1070,0.8281,0.0000,4.0161,1.2048,0.6792
4,3,3630,3631,2,2,1,1.0000,3630.523,504.500,840.000,8.8340,12.0000,1.0909,0.6912,4.8185,0.0000,0.7500,0.2500,1.0000,0.0000,4.0154,1.2046,0.7727
3,3,3642,3643,2,2,1,0.7500,3642.343,933.343,728.000,8.1133,12.0000,1.0286,0.7412,4.8180,0.5333,0.2667,0.2000,0.7071,0.0000,5.2195,1.6060,1.0000
5,3,3654,3656,3,2,1,0.8333,3655.182,822.327,889.000,9.8755,13.0000,1.1818,0.3744,5.2195,0.5854,0.2927,0.1220,0.9487,0.0000,4.8179,2.0075,0.6727
5,3,3659,3660,2,2,2,0.6250,3659.385,387.173,366.577,9.3370,12.0000,1.1538,0.5974,4.8180,0.3432,0.2505,0.4063,0.6059,0.3645,5.2195,1.8068,0.6538
3,3,3660,3662,3,1,1,1.0000,3661.000,451.000,516.000,7.6498,11.0000,1.0000,1.0000,4.4166,0.8889,0.0000,0.1111,1.0000,0.0000,4.8181,1.0038,1.0000
4,3,3660,3661,2,1,2,1.0000,3660.512,487.000,556.535,8.6324,12.0000,1.1163,0.6914,4.8181,0.0000,0.7500,0.2500,0.0000,0.0000,4.8181,1.6060,0.7907
4,3,3665,3667,3,2,1,0.6667,3666.190,845.190,961.000,8.4322,12.0000,1.1429,0.2694,4.8184,0.7500,0.1500,0.1000,0.9487,0.0000,4.0153,1.2046,0.8095
4,3,3668,3669,2,2,1,1.0000,3668.545,416.523,845.000,8.8340,12.0000,1.0909,0.6927,4.8186,0.0000,0.7500,0.2500,1.0000,0.0000,5.2201,1.6062,0.7955
4,3,3670,3671,2,3,1,0.6667,3670.744,339.953,863.000,8.6336,12.0000,1.1163,0.2600,4.8188,0.5357,0.3214,0.1429,0.0000,0.0000,4.8187,1.2047,0.7907
4,3,3673,3675,3,2,1,0.6667,3673.911,470.756,618.000,9.0357,13.0000,1.1556,0.9433,5.2205,0.5357,0.3214,0.1429,1.0000,0.0000,5.0199,0.8032,0.8000
4,3,3713,3715,3,2,1,0.6667,3714.182,410.205,625.000,8.8512,12.0000,1.0909,1.1994,4.8278,0.7500,0.1500,0.1000,0.9487,0.0000,4.2244,0.8045,0.7955
6,3,3724,3726,3,3,1,0.6667,3724.689,129.148,640.000,10.0267,11.0000,1.0820,0.7042,4.4290,0.2083,0.6667,0.1250,0.8944,0.0000,4.6303,0.8053,0.5410
5,3,3726,3728,3,1,2,0.8333,3727.154,990.000,808.692,9.3649,14.0000,1.3462,0.3440,5.6378,0.5854,0.2927,0.1220,0.9487,0.0000,4.8320,1.6107,0.6923
12,3,3741,3743,3,2,4,0.5000,3741.652,515.635,406.339,13.3823,13.0000,1.3565,0.9977,5.2406,0.5241,0.2386,0.2373,0.2033,0.3637,3.2248,0.4032,0.3217
4,3,3775,3776,2,1,2,1.0000,3775.476,706.000,337.476,8.4792,11.0000,1.0476,0.6734,4.4416,0.0000,0.7500,0.2500,0.0000,0.0000,4.8452,1.2113,0.7857
5,3,3779,3780,2,2,2,0.6250,3779.667,329.608,608.784,9.2107,12.0000,1.1765,0.7260,4.8461,0.3432,0.2505,0.4063,0.6059,0.3645,4.0385,0.4038,0.6667
5,3,3784,3786,3,2,2,0.4167,3785.058,586.846,551.538,9.3933,12.0000,1.1538,0.5630,4.8473,0.5461,0.2256,0.2283,0.8117,0.4177,4.0393,1.2119,0.6731
7,4,3795,3798,4,2,2,0.4375,3796.356,657.890,480.534,11.1506,14.0000,1.3425,0.8438,5.6581,0.8235,0.0431,0.1334,0.9337,0.1681,4.8495,1.2124,0.6438
5,3,3811,3812,2,2,2,0.6250,3811.612,790.837,569.551,8.8642,11.0000,1.1224,0.8397,4.4497,0.3432,0.2505,0.4063,0.6059,0.3645,4.8539,1.2136,0.6735
4,3,3813,3815,3,1,2,0.6667,3813.978,527.000,646.822,9.1030,14.0000,1.2444,0.1792,5.6641,0.5357,0.3214,0.1429,1.0000,0.0000,5.4616,1.6182,0.8222
5,3,3814,3815,2,2,2,0.6250,3814.611,504.574,369.167,9.7708,13.0000,1.2037,0.7131,5.2599,0.3432,0.2505,0.4063,0.6059,0.3645,4.8549,1.2138,0.6481
9,3,3815,3817,3,4,1,0.7500,3816.360,507.430,556.000,11.6000,12.0000,1.2558,1.4750,4.8557,0.5763,0.3558,0.0679,0.1054,0.0000,4.0467,1.2140,0.3953
3,3,3835,3837,3,1,1,1.0000,3836.000,802.000,201.000,7.7231,11.0000,1.0000,1.0000,4.4594,0.8889,0.0000,0.1111,1.0000,0.0000,4.0536,0.8109,1.0000
19,3,3835,3839,5,3,6,0.2111,3836.971,1025.244,509.686,15.9968,12.0000,1.3256,0.7288,4.8648,0.7719,0.1258,0.1023,0.3394,0.3011,3.2424,0.8111,0.2616
4,3,3838,3839,2,2,2,0.5000,3838.523,724.773,235.727,8.9202,12.0000,1.0909,0.8991,4.8658,0.5916,0.1015,0.3069,0.7071,0.7071,4.8655,1.2164,0.7727
7,4,3864,3867,4,2,2,0.4375,3865.680,678.320,941.867,11.5324,13.0000,1.2133,0.7633,5.2882,0.7558,0.1056,0.1386,0.9795,0.1648,4.8822,1.6273,0.6533
4,3,3871,3873,3,2,1,0.6667,3872.047,631.465,434.000,8.7549,12.0000,1.1163,0.4674,4.8864,0.7576,0.1294,0.1129,0.8507,0.0000,4.8867,1.8322,0.7907
5,3,3877,3879,3,2,2,0.4167,3878.327,757.837,453.837,8.9319,11.0000,1.1224,1.3465,4.4841,0.6338,0.1686,0.1975,0.9585,0.2851,3.6674,0.8152,0.6735
9,4,3879,3880,2,2,3,0.7500,3879.576,539.687,372.253,13.4534,14.0000,1.2727,0.7024,5.7070,0.5373,0.1435,0.3192,0.0000,0.3948,3.6694,0.4077,0.5253
42,26,3884,3888,5,4,5,0.4200,3885.971,441.419,508.092,43.5772,41.0000,2.4884,0.5890,16.7326,0.1736,0.3494,0.4771,0.7210,0.5560,5.3044,1.2241,0.7962
3,3,3893,3895,3,1,1,1.0000,3894.000,599.000,528.000,7.7866,11.0000,1.0000,1.0000,4.4964,0.8889,0.0000,0.1111,1.0000,0.0000,4.0871,1.2262,1.0000
5,3,3908,3910,3,1,2,0.8333,3908.717,682.000,417.453,9.7158,13.0000,1.2264,0.9019,5.3280,0.5854,0.2927,0.1220,0.9487,0.0000,4.0993,0.8200,0.6604
5,4,3916,3918,3,2,1,0.8333,3917.130,731.352,478.000,9.9197,12.0000,1.1111,1.1832,4.9290,0.5854,0.2927,0.1220,0.9487,0.0000,4.9301,1.6428,0.8519
4,3,3919,3920,2,1,2,1.0000,3919.524,585.000,543.476,8.6318,11.0000,1.0476,0.7079,4.5220,0.0000,0.7500,0.2500,0.0000,0.0000,4.1105,1.6434,0.7857
4,3,3934,3935,2,2,1,1.0000,3934.465,938.512,775.000,8.8856,12.0000,1.1163,0.6914,4.9583,0.0000,0.7500,0.2500,1.0000,0.0000,4.9595,1.6529,0.7907
3,3,3936,3938,3,1,1,1.0000,3937.000,974.000,724.000,8.1226,12.0000,1.0588,0.0000,4.9654,0.8889,0.0000,0.1111,1.0000,0.0000,4.9677,0.6212,1.0000
4,3,3947,3948,2,1,2,1.0000,3947.537,407.000,514.463,8.5359,11.0000,1.0732,0.7090,4.5817,0.0000,0.7500,0.2500,0.0000,0.0000,4.9961,0.8330,0.8049
4,3,3949,3950,2,2,1,1.0000,3949.455,627.455,618.000,9.1729,13.0000,1.1818,0.6428,5.4186,0.0000,0.7500,0.2500,1.0000,0.0000,4.5868,0.8336,0.7955
4,3,3962,3964,3,1,2,0.6667,3963.000,804.000,364.789,8.0142,10.0000,1.0526,1.0219,4.2221,0.5357,0.3214,0.1429,1.0000,0.0000,4.6386,1.2650,0.7895
4,3,3963,3965,3,2,1,0.6667,3963.923,919.462,913.000,8.2325,11.0000,1.1282,1.0320,4.6398,0.7576,0.1294,0.1129,0.8507,0.0000,4.6450,1.2669,0.7949
3,3,3964,3965,2,2,1,0.7500,3964.697,522.364,730.000,8.0497,12.0000,1.0909,0.7048,5.0715,0.5333,0.2667,0.2000,0.7071,0.0000,5.0715,0.8471,1.0000
5,3,3968,3970,3,2,2,0.4167,3968.979,847.417,743.625,9.1090,11.0000,1.1458,0.6938,4.6679,0.7383,0.0485,0.2132,0.7071,0.0000,4.6679,1.6954,0.6458
7,4,3970,3972,3,2,2,0.5833,3970.955,465.313,510.716,10.7681,11.0000,1.1493,0.7833,4.6776,0.6517,0.0773,0.2710,0.8881,0.0000,4.6732,1.2757,0.6269
3,3,3970,3972,3,1,1,1.0000,3971.000,635.000,262.000,7.8564,11.0000,1.0312,1.0000,4.6826,0.8889,0.0000,0.1111,1.0000,0.0000,5.0969,0.8512,1.0000
3,3,3970,3971,2,1,2,0.7500,3970.333,900.000,339.333,7.3602,10.0000,1.0000,0.4714,4.2524,0.5333,0.2667,0.2000,0.7071,0.0000,4.6727,1.0624,1.0000
4,3,3974,3976,3,2,1,0.6667,3974.775,971.225,1040.000,8.5391,11.0000,1.1000,0.3182,4.6977,0.7500,0.1500,0.1000,0.9487,0.0000,4.6972,1.7055,0.7750
4,3,3976,3977,2,2,1,1.0000,3976.525,902.525,914.000,8.5553,11.0000,1.1000,0.6718,4.7078,0.0000,0.7500,0.2500,1.0000,0.0000,4.7051,1.7096,0.7750
7,3,3979,3980,2,3,3,0.3889,3979.371,701.548,549.081,10.0551,12.0000,1.3548,1.2020,5.1526,0.7845,0.0411,0.1744,0.2514,0.4519,3.4315,1.2881,0.5484
4,3,3984,3985,2,1,2,1.0000,3984.459,597.000,688.541,7.9819,10.0000,1.0811,0.7094,4.3170,0.0000,0.7500,0.2500,0.0000,0.0000,4.7443,0.8634,0.8108
6,3,3985,3987,3,1,2,1.0000,3986.088,749.000,306.561,10.0575,12.0000,1.2632,0.4473,5.1915,0.5556,0.3333,0.1111,1.0000,0.0000,3.4596,0.4331,0.5965
5,4,3986,3987,2,2,2,0.6250,3986.566,512.189,672.623,10.2495,12.0000,1.1321,0.7060,5.1860,0.3432,0.2505,0.4063,0.6059,0.3645,4.3212,0.8666,0.8302
4,3,3990,3993,4,1,1,1.0000,3991.705,677.000,300.000,9.5643,14.0000,1.2727,0.2955,6.0882,0.9375,0.0000,0.0625,1.0000,0.0000,5.4366,1.3042,0.8409
5,3,3994,3996,3,1,2,0.8333,3995.289,674.000,332.556,8.7804,10.0000,1.1111,0.6262,4.3661,0.5854,0.2927,0.1220,0.9487,0.0000,3.9267,1.0902,0.6667
3,3,3995,3996,2,2,1,0.7500,3995.667,875.667,889.000,7.5598,10.0000,1.0000,0.7454,4.3661,0.5333,0.2667,0.2000,0.7071,0.0000,3.9295,1.5245,1.0000
4,3,4001,4002,2,2,1,1.0000,4001.513,1048.513,320.000,8.5579,10.0000,1.0256,0.7073,4.3906,0.0000,0.7500,0.2500,1.0000,0.0000,4.8269,0.4391,0.7692
4,3,4006,4007,2,1,2,1.0000,4006.452,687.000,309.476,9.2558,12.0000,1.1429,0.6921,5.2871,0.0000,0.7500,0.2500,0.0000,0.0000,5.2891,1.1018,0.8095
8,3,4007,4009,3,4,2,0.3333,4007.729,830.214,443.900,10.9196,13.0000,1.4857,0.3600,5.7371,0.7896,0.0621,0.1484,0.5019,0.1446,3.9736,1.3240,0.4714
7,3,4010,4012,3,2,2,0.5833,4010.859,842.875,433.469,10.6996,12.0000,1.3125,0.5636,5.3084,0.5916,0.2044,0.2040,0.9664,0.1591,3.1000,0.8858,0.5156
5,3,4012,4013,2,2,2,0.6250,4012.449,479.816,650.388,9.7046,11.0000,1.1224,0.6984,4.8735,0.3432,0.2505,0.4063,0.6059,0.3645,4.8698,0.6636,0.6531
4,3,4016,4017,2,1,2,1.0000,4016.500,910.000,343.548,9.3276,12.0000,1.1429,0.6743,5.3320,0.0000,0.7500,0.2500,0.0000,0.0000,5.5492,1.5536,0.7857
5,3,4026,4028,3,2,1,0.8333,4026.844,703.689,890.000,8.9992,11.0000,1.2222,0.3478,4.9194,0.5854,0.2927,0.1220,0.9487,0.0000,4.0225,0.4476,0.6889
4,3,4028,4029,2,2,2,0.5000,4028.256,986.821,204.487,8.7271,12.0000,1.2308,0.6008,5.3698,0.5916,0.1015,0.3069,0.5000,0.5000,5.3694,1.5655,0.8205
5,3,4030,4032,3,1,3,0.5556,4030.980,791.000,253.020,9.8226,13.0000,1.3265,0.0289,5.8273,0.0000,0.8276,0.1724,0.0000,0.0000,4.9335,1.7920,0.6939
3,3,4032,4034,3,1,1,1.0000,4033.000,887.000,485.000,8.5497,11.0000,1.0000,1.0000,4.9389,0.8889,0.0000,0.1111,1.0000,0.0000,5.3844,1.7947,1.0000
9,6,4044,4046,3,2,3,0.5000,4044.756,886.311,388.822,13.5403,13.0000,1.3000,0.4338,5.8681,0.4451,0.2809,0.2740,0.4013,0.3641,4.9631,1.3548,0.7444
4,3,4051,4053,3,2,1,0.6667,4052.268,829.829,378.000,9.2804,14.0000,1.3659,0.7514,6.3395,0.7500,0.1500,0.1000,0.9487,0.0000,5.4304,2.2633,0.8293
3,3,4052,4053,2,1,2,0.7500,4052.344,850.000,532.688,8.3640,11.0000,1.0312,0.4646,4.9810,0.5333,0.2667,0.2000,0.7071,0.0000,5.4322,1.3575,1.0000
4,3,4053,4056,4,1,1,1.0000,4054.341,598.000,436.000,9.2871,12.0000,1.1707,0.3415,5.4358,0.9375,0.0000,0.0625,1.0000,0.0000,5.4360,0.9063,0.8293
4,4,4053,4055,3,1,2,0.6667,4053.739,741.000,465.783,10.4176,13.0000,1.1304,0.7704,5.8867,0.7500,0.1500,0.1000,0.9487,0.0000,5.6629,2.2638,1.0000
6,3,4058,4060,3,3,2,0.3333,4059.358,807.547,432.698,9.8178,10.0000,1.1321,0.6517,4.5383,0.6803,0.1871,0.1326,0.6721,0.5226,4.5369,1.3603,0.5660
