n_voxels,n_seed,z_min,z_max,z_extent,y_extent,x_extent,fill,centroid_z,centroid_y,centroid_x,snr_cluster,r_peak,r_peak_ratio,peak_offset,snr_peak,linearity,planarity,sphericity,axis_z,normal_z,edge_contrast,decay_drop,seed_grown_ratio
44,3,200,202,3,4,14,0.2619,200.317,175.775,751.216,20.0721,18.0000,1.6959,3.2397,5.1293,0.9429,0.0311,0.0260,0.0266,0.9942,2.2768,0.5730,0.1049
77,3,200,202,3,7,22,0.1667,200.389,180.870,808.286,27.1653,15.0000,1.3816,9.7269,4.2744,0.9614,0.0256,0.0130,0.0088,0.9988,2.2842,0.8543,0.0897
25,3,200,203,4,3,5,0.4167,200.789,235.268,748.446,17.0052,17.0000,1.4262,0.5621,4.8520,0.4756,0.1590,0.3654,0.3526,0.0176,2.8485,0.5688,0.2114
12,3,200,203,4,2,3,0.5000,201.197,235.648,706.528,11.7037,15.0000,1.2676,0.8588,4.2812,0.2149,0.5639,0.2212,0.9908,0.1156,2.5724,0.8591,0.3169
93,4,200,202,3,4,28,0.2768,200.443,254.788,739.860,31.3736,17.0000,1.4901,12.1740,4.8443,0.9905,0.0029,0.0066,0.0005,0.9977,2.5628,0.8562,0.1197
24,4,200,202,3,4,5,0.4000,200.532,254.494,755.167,15.3110,19.0000,1.7338,0.7531,5.4142,0.6060,0.0993,0.2947,0.0853,0.8405,1.9919,0.2896,0.2510
106,5,200,202,3,6,22,0.2677,200.585,255.901,768.714,34.5465,20.0000,1.7001,6.4084,5.6992,0.9750,0.0139,0.0111,0.0019,0.9918,2.8532,0.8577,0.1772
35,5,200,202,3,6,6,0.3241,200.645,258.120,792.662,19.6724,17.0000,1.4583,1.2758,4.8520,0.5006,0.3157,0.1837,0.1091,0.9821,2.5678,0.5757,0.1961
40,4,200,201,2,5,9,0.4444,200.406,260.024,800.925,21.0096,15.0000,1.2876,3.1253,4.2812,0.8972,0.0542,0.0486,0.0018,1.0000,2.7096,1.1397,0.1931
88,4,200,202,3,8,16,0.2292,200.587,262.086,814.683,28.7635,16.0000,1.4884,4.7203,4.5593,0.8817,0.0938,0.0245,0.0042,0.9911,2.2842,1.1370,0.0973
9,3,200,202,3,2,4,0.3750,200.487,274.815,714.655,11.3122,20.0000,1.5126,0.6249,5.6992,0.3207,0.3683,0.3110,0.2972,0.0766,2.5646,0.5718,0.4622
40,6,200,202,3,9,9,0.1646,200.330,282.419,886.160,21.1875,22.0000,1.8723,2.2245,6.2691,0.6665,0.2755,0.0579,0.0277,0.9901,2.5637,0.8549,0.2617
35,3,200,202,3,9,8,0.1620,200.356,290.044,855.459,18.7958,16.0000,1.4359,2.4664,4.5593,0.5119,0.4169,0.0712,0.0453,0.9985,2.1445,0.5710,0.1205
17,3,200,201,2,5,4,0.4250,200.284,430.797,1056.706,13.6214,16.0000,1.3807,0.4569,4.5593,0.3312,0.4599,0.2088,0.0006,0.9887,2.2797,0.5713,0.2335
7,5,200,202,3,1,3,0.7778,200.676,613.000,670.943,11.3212,19.0000,1.2667,0.3288,5.4229,0.4747,0.4312,0.0941,0.5071,0.0000,4.2730,1.1410,0.8000
8,3,200,202,3,3,2,0.4444,200.663,676.327,625.087,10.4890,19.0000,1.4615,0.9491,5.4142,0.5236,0.2754,0.2010,0.4628,0.0056,2.7122,0.7137,0.4904
6,4,200,202,3,2,1,1.0000,200.873,689.627,628.000,11.8828,24.0000,1.4118,0.9488,6.8390,0.5556,0.3333,0.1111,1.0000,0.0000,4.2818,1.1452,0.7745
12,4,200,202,3,5,2,0.4000,200.629,722.560,640.686,14.4102,25.0000,1.7143,1.6023,7.1240,0.6908,0.2441,0.0651,0.2458,0.1194,3.4243,0.8533,0.5429
3,3,236,237,2,2,1,0.7500,236.375,1258.312,871.000,8.5452,18.0000,1.1250,0.6988,5.5578,0.5333,0.2667,0.2000,0.7071,0.0000,5.2363,1.8472,1.0000
6,3,242,244,3,3,2,0.3333,242.944,1054.056,900.861,9.1856,14.0000,1.1667,0.9562,4.3755,0.5704,0.2383,0.1913,0.3439,0.2128,4.0620,1.2504,0.5833
4,3,256,257,2,2,1,1.0000,256.434,980.472,749.000,8.4467,16.0000,1.2075,0.6837,5.0977,0.0000,0.7500,0.2500,1.0000,0.0000,5.0999,1.9116,0.8302
11,3,258,260,3,3,3,0.4074,258.975,1097.917,738.975,11.6560,15.0000,1.3636,1.4573,4.7926,0.6588,0.0176,0.3236,0.6578,0.0348,3.5123,1.4385,0.3719
5,3,276,277,2,3,1,0.8333,276.657,1066.015,865.000,9.6290,18.0000,1.3433,0.3436,5.7843,0.5854,0.2927,0.1220,0.3162,0.0000,5.1419,1.1248,0.7313
6,4,280,282,3,2,2,0.5000,280.740,1019.104,926.494,10.0961,16.0000,1.2468,0.5673,5.1385,0.3810,0.3333,0.2857,0.9487,0.1690,4.9784,1.2846,0.7792
8,3,292,295,4,2,2,0.5000,292.913,777.793,904.543,10.4091,15.0000,1.3043,1.0415,4.8018,0.7189,0.1391,0.1420,0.9388,0.0872,4.1592,1.2796,0.4783
5,3,296,297,2,2,2,0.6250,296.500,836.855,536.629,8.8615,16.0000,1.2903,0.6393,5.1145,0.3432,0.2505,0.4063,0.6059,0.3645,4.7931,1.2786,0.7258
5,3,301,303,3,1,2,0.8333,301.833,967.000,828.727,9.4145,19.0000,1.4394,0.3196,6.0599,0.5854,0.2927,0.1220,0.9487,0.0000,4.7828,1.5953,0.7273
4,3,301,303,3,2,1,0.6667,302.137,1050.157,864.000,8.1326,15.0000,1.1765,1.1480,4.7859,0.7500,0.1500,0.1000,0.9487,0.0000,5.1018,1.2755,0.8431
4,3,303,304,2,2,1,1.0000,303.536,1175.500,614.000,8.9253,16.0000,1.1429,0.6823,5.0993,0.0000,0.7500,0.2500,1.0000,0.0000,4.7815,1.5942,0.7857
6,3,304,306,3,2,1,1.0000,305.085,780.524,496.000,10.6649,18.0000,1.3171,0.4832,5.7346,0.5556,0.3333,0.1111,1.0000,0.0000,4.6177,0.9558,0.5976
11,4,304,308,5,3,3,0.2444,305.617,1041.917,684.323,12.7730,18.0000,1.4887,0.7011,5.7346,0.7776,0.0722,0.1502,0.9223,0.3684,4.1375,0.3193,0.4887
8,4,306,308,3,2,2,0.6667,307.305,994.242,940.432,10.6919,16.0000,1.3474,0.5814,5.0938,0.6000,0.1500,0.2500,0.9487,0.3162,4.1385,1.1142,0.6105
4,3,308,309,2,2,1,1.0000,308.541,863.508,957.000,9.7048,17.0000,1.1148,0.6848,5.4083,0.0000,0.7500,0.2500,1.0000,0.0000,5.5686,1.7503,0.7869
8,3,309,311,3,4,1,0.6667,310.213,1156.894,540.000,10.5686,17.0000,1.4468,0.9186,5.4065,0.5786,0.3523,0.0691,0.1357,0.0000,3.9749,1.5898,0.4787
6,3,316,318,3,2,2,0.5000,316.639,1150.347,767.861,9.3276,14.0000,1.1667,0.7403,4.4435,0.5034,0.2551,0.2415,0.9677,0.2521,4.2840,1.1104,0.5833
3,3,319,320,2,1,2,0.7500,319.667,437.000,985.667,7.6876,14.0000,1.0000,0.7454,4.4393,0.5333,0.2667,0.2000,0.7071,0.0000,4.7551,1.5846,1.0000
6,3,319,322,4,2,2,0.3750,321.014,1071.743,909.108,9.5737,16.0000,1.2973,1.0511,5.0720,0.8265,0.0815,0.0920,0.9519,0.0737,4.2775,0.9501,0.6216
7,3,321,323,3,2,3,0.3889,321.624,391.094,1166.212,10.1792,17.0000,1.4000,0.4421,5.3857,0.2873,0.4228,0.2899,0.9129,0.1849,3.8028,0.9505,0.5529
3,3,322,323,2,1,2,0.7500,322.333,947.000,827.333,7.6814,14.0000,1.0000,0.4714,4.4353,0.5333,0.2667,0.2000,0.7071,0.0000,5.0689,1.9006,1.0000
4,3,325,327,3,1,2,0.6667,326.172,997.000,1184.155,9.1764,20.0000,1.3793,0.2320,6.3289,0.7500,0.1500,0.1000,0.9487,0.0000,4.9049,1.1076,0.8448
7,3,326,329,4,2,2,0.4375,327.417,949.726,831.381,10.0428,15.0000,1.2500,0.6275,4.7453,0.7764,0.0638,0.1598,0.8790,0.1860,4.4285,1.2656,0.5119
10,3,331,334,4,2,4,0.3125,332.512,852.934,811.636,12.0871,17.0000,1.4050,0.6318,5.3708,0.5860,0.3125,0.1015,0.4002,0.1528,4.1067,1.2637,0.4876
7,4,334,335,2,3,2,0.5833,334.620,868.098,769.554,10.9784,18.0000,1.3696,0.8371,5.6838,0.3883,0.1309,0.4808,0.1253,0.7549,5.0507,1.5783,0.7065
8,3,338,340,3,3,2,0.4444,339.300,803.833,975.089,10.0346,17.0000,1.5111,0.3545,5.3615,0.4479,0.3131,0.2390,0.5093,0.1254,3.9420,1.5773,0.5000
5,3,339,340,2,2,2,0.6250,339.597,715.855,1048.387,8.7434,15.0000,1.2097,0.7260,4.7307,0.3432,0.2505,0.4063,0.6059,0.3645,4.7295,1.2612,0.6935
4,3,344,345,2,1,3,0.6667,344.273,530.000,831.145,8.6624,16.0000,1.1636,0.3091,5.0402,0.5357,0.3214,0.1429,0.0000,0.0000,5.5119,1.5751,0.8545
13,3,344,347,4,3,5,0.2167,345.333,545.844,734.762,12.8395,21.0000,1.8571,1.0244,6.6124,0.8247,0.0601,0.1152,0.6320,0.1667,3.7784,1.5740,0.3605
5,3,350,352,3,2,2,0.4167,350.820,967.869,1133.852,8.5810,16.0000,1.3115,0.8431,5.0337,0.6489,0.0995,0.2515,0.9362,0.2726,4.7172,0.9439,0.7213
4,3,351,353,3,1,2,0.6667,352.033,959.000,1050.767,9.4342,18.0000,1.2000,0.2357,5.6605,0.5357,0.3214,0.1429,1.0000,0.0000,4.8737,1.8867,0.7833
10,3,354,356,3,4,3,0.2778,354.856,1180.692,726.000,10.3364,17.0000,1.6346,0.9094,5.3439,0.6538,0.1853,0.1609,0.4234,0.3310,2.9859,1.1000,0.4423
8,3,357,360,4,2,2,0.5000,358.446,398.359,1016.685,10.2159,16.0000,1.3913,0.6532,5.0256,0.6692,0.1484,0.1824,0.8881,0.0000,3.7692,1.2562,0.4783
6,3,357,358,2,2,3,0.5000,357.451,631.366,1031.986,9.1054,17.0000,1.4366,0.7778,5.3408,0.4412,0.1872,0.3716,0.6154,0.7882,3.9263,0.9426,0.6338
5,3,360,362,3,2,2,0.4167,360.908,955.600,936.877,9.1256,16.0000,1.2308,0.9995,5.0237,0.5461,0.2256,0.2283,0.8117,0.4177,5.0230,1.0987,0.7231
8,3,361,363,3,2,2,0.6667,362.085,606.426,895.798,10.4310,18.0000,1.5319,0.6149,5.6496,0.4961,0.2369,0.2670,0.9586,0.0986,3.1381,0.6276,0.5000
5,3,363,364,2,3,1,0.8333,363.387,862.242,1061.000,8.7005,16.0000,1.2903,0.4565,5.0210,0.5854,0.2927,0.1220,0.3162,0.0000,5.0208,1.2553,0.7258
4,3,367,370,4,1,1,1.0000,368.684,726.000,1034.000,8.9348,18.0000,1.2632,0.6842,5.6437,0.9375,0.0000,0.0625,1.0000,0.0000,5.1721,0.9407,0.8596
6,3,368,369,2,2,2,0.7500,368.554,870.639,756.735,10.6231,18.0000,1.3012,0.6322,5.6427,0.2000,0.3333,0.4667,0.0000,0.0000,4.5463,1.2542,0.5783
4,4,370,371,2,1,2,1.0000,370.517,440.000,848.483,9.0888,16.0000,1.1034,0.6827,5.0141,0.0000,0.7500,0.2500,0.0000,0.0000,4.0748,0.7835,1.0000
9,3,375,377,3,2,2,0.7500,376.127,365.491,835.555,11.4812,16.0000,1.3091,0.6750,5.0101,0.5117,0.1619,0.3264,0.9082,0.4082,4.6960,1.2525,0.4273
8,3,375,377,3,3,1,0.8889,376.107,690.825,1125.000,11.4028,16.0000,1.2427,0.8321,5.0101,0.3375,0.5625,0.1000,0.7071,0.0000,4.3845,0.9393,0.6117
6,3,376,378,3,3,2,0.3333,376.757,576.081,797.595,9.4587,16.0000,1.2973,0.4797,5.0093,0.8205,0.0256,0.1538,0.6396,0.3015,4.0704,1.7219,0.5946
8,3,377,379,3,2,3,0.4444,377.689,664.592,1150.612,11.4000,21.0000,1.6311,1.0077,6.5747,0.3208,0.3208,0.3583,0.6280,0.3251,4.3827,1.2522,0.5049
6,3,377,379,3,2,2,0.5000,377.987,680.107,1050.360,9.5847,18.0000,1.4400,0.3757,5.6346,0.7074,0.0897,0.2030,0.9140,0.2540,4.5386,1.2523,0.6133
4,3,379,380,2,1,2,1.0000,379.547,616.000,1140.547,8.2935,15.0000,1.1321,0.6404,4.6941,0.0000,0.7500,0.2500,0.0000,0.0000,4.6945,0.9390,0.8113
7,4,379,381,3,3,1,0.7778,379.874,851.598,662.000,10.2906,18.0000,1.4483,0.6109,5.6329,0.4747,0.4312,0.0941,0.8619,0.0000,4.6936,1.0954,0.6897
6,3,380,382,3,3,1,0.6667,381.292,1091.458,687.000,9.1968,15.0000,1.2500,0.6152,4.6934,0.6061,0.3030,0.0909,0.7071,0.0000,4.2242,0.9387,0.6111
7,3,381,383,3,2,2,0.5833,382.203,790.772,995.203,9.3411,15.0000,1.3291,1.2406,4.6934,0.3772,0.3083,0.3146,0.9758,0.2185,3.7541,0.6256,0.5696
5,3,384,386,3,1,2,0.8333,384.698,752.000,1159.603,8.8109,15.0000,1.1905,0.4984,4.6907,0.5854,0.2927,0.1220,0.9487,0.0000,4.6914,1.0946,0.6825
7,3,388,390,3,3,2,0.3889,388.733,837.256,1002.895,10.1594,21.0000,1.7093,0.3846,6.5633,0.2661,0.4704,0.2635,0.7252,0.2401,3.7504,1.5627,0.5698
6,3,390,392,3,3,2,0.3333,390.825,869.975,1021.188,10.2050,17.0000,1.2750,0.2577,5.3117,0.5384,0.1347,0.3269,0.8322,0.1385,3.7501,0.9375,0.5750
6,3,390,393,4,2,2,0.3750,391.577,1023.590,904.872,9.9489,18.0000,1.3846,1.5458,5.6227,0.8675,0.0267,0.1059,0.9315,0.3570,4.5303,1.0936,0.5897
5,3,390,392,3,2,1,0.8333,390.778,1097.492,828.000,8.8035,17.0000,1.3492,0.5544,5.3117,0.5854,0.2927,0.1220,0.9487,0.0000,4.6869,0.9375,0.7143
8,3,390,392,3,2,3,0.4444,390.907,1159.742,904.773,10.7157,17.0000,1.4021,0.3556,5.3117,0.6689,0.0577,0.2733,0.5240,0.4082,4.0618,1.5622,0.4845
3,3,397,398,2,1,2,0.7500,397.326,597.000,1009.326,7.7507,15.0000,1.0465,0.4604,4.6832,0.5333,0.2667,0.2000,0.7071,0.0000,4.8393,1.5610,1.0000
5,3,398,399,2,2,2,0.6250,398.306,825.532,1116.629,8.6554,15.0000,1.2097,0.7175,4.6826,0.2938,0.4054,0.3007,0.7071,0.6739,4.9947,1.5607,0.6935
6,3,398,400,3,2,2,0.5000,398.947,1002.733,979.520,9.5573,16.0000,1.2800,0.5868,4.9942,0.4412,0.1872,0.3716,0.7882,0.6154,3.4338,1.5605,0.6000
8,3,398,399,2,4,2,0.5000,398.523,1105.206,741.654,11.8089,19.0000,1.4206,0.6237,5.9306,0.7370,0.1137,0.1493,0.1617,0.0779,4.3702,1.5609,0.4393
4,3,399,401,3,1,2,0.6667,400.155,904.000,751.845,9.0507,21.0000,1.4483,0.2194,6.5541,0.7500,0.1500,0.1000,0.9487,0.0000,4.9937,1.2485,0.8448
4,3,404,405,2,1,2,1.0000,404.547,787.000,1198.528,8.2662,15.0000,1.1321,0.6958,4.6788,0.0000,0.7500,0.2500,0.0000,0.0000,4.6789,-0.0000,0.8113
3,3,405,407,3,1,1,1.0000,406.045,943.000,1125.000,7.9228,16.0000,1.0909,0.9545,4.9896,0.8889,0.0000,0.1111,1.0000,0.0000,4.6787,1.2474,1.0000
7,3,406,408,3,3,2,0.3889,407.131,1019.214,1003.345,9.9007,16.0000,1.3333,1.2214,4.9890,0.7348,0.1163,0.1489,0.7197,0.3918,3.7422,0.9356,0.5238
4,3,408,409,2,2,1,1.0000,408.519,839.463,1033.000,8.4185,15.0000,1.1111,0.6951,4.6772,0.0000,0.7500,0.2500,1.0000,0.0000,4.6767,0.9353,0.7963
8,3,408,411,4,2,2,0.5000,409.536,972.598,860.784,10.6917,16.0000,1.3196,0.8317,4.9885,0.6066,0.1994,0.1941,0.9479,0.2003,3.7411,0.9353,0.4742
8,3,410,412,3,3,3,0.2963,410.714,843.000,1109.276,10.8006,17.0000,1.3878,0.3969,5.2991,0.5718,0.0902,0.3380,0.6572,0.2610,4.0524,0.9352,0.4796
6,3,410,411,2,3,2,0.5000,410.587,1164.267,1005.333,9.5446,16.0000,1.2800,0.9054,4.9874,0.5795,0.2234,0.1971,0.5131,0.7380,4.2084,1.7147,0.5867
7,3,416,418,3,2,2,0.5833,416.682,833.477,863.205,10.3617,17.0000,1.3523,0.8832,5.2963,0.4600,0.2645,0.2756,0.8571,0.1000,4.3616,1.5576,0.5455
4,3,417,419,3,1,2,0.6667,417.905,772.000,1170.317,9.8120,20.0000,1.2698,0.6892,6.2297,0.5357,0.3214,0.1429,1.0000,0.0000,5.4512,1.2459,0.8413
5,3,418,420,3,2,2,0.4167,419.194,970.851,938.597,9.3321,16.0000,1.1940,0.6453,4.9833,0.7729,0.0435,0.1836,0.8328,0.5477,4.6715,1.2458,0.6866
5,3,420,422,3,2,1,0.8333,421.319,789.625,521.000,10.0264,19.0000,1.3194,0.7770,5.9159,0.5854,0.2927,0.1220,0.9487,0.0000,4.0478,0.7785,0.6806
7,3,420,422,3,3,1,0.7778,421.054,1285.315,837.000,10.8280,18.0000,1.3696,0.3199,5.6051,0.1247,0.7481,0.1273,1.0000,0.0000,4.0486,0.6229,0.5326
5,3,422,424,3,1,2,0.8333,423.164,751.000,1107.701,9.3285,17.0000,1.2687,0.3407,5.2927,0.5854,0.2927,0.1220,0.9487,0.0000,5.2923,1.2454,0.7015
4,3,426,429,4,1,1,1.0000,427.625,557.000,943.000,8.7136,16.0000,1.1429,0.6250,4.9795,0.9375,0.0000,0.0625,1.0000,0.0000,4.9788,1.4004,0.8214
5,3,428,430,3,2,1,0.8333,428.708,488.615,912.000,9.0454,16.0000,1.2308,0.4831,4.9786,0.5854,0.2927,0.1220,0.9487,0.0000,4.6679,1.2447,0.6923
7,3,428,430,3,2,2,0.5833,429.011,930.472,1072.281,10.4671,15.0000,1.1798,0.5493,4.6674,0.5557,0.1817,0.2626,0.9141,0.3987,4.3566,1.2446,0.4944
7,3,431,433,3,2,2,0.5833,431.686,474.791,698.547,10.1118,15.0000,1.2209,0.9017,4.6666,0.4379,0.1023,0.4598,0.9744,0.1730,4.5109,1.3997,0.5233
4,3,431,432,2,1,2,1.0000,431.455,1030.000,885.527,8.5550,15.0000,1.0909,0.6962,4.6666,0.0000,0.7500,0.2500,0.0000,0.0000,4.8219,1.7109,0.8000
4,3,431,432,2,2,1,1.0000,431.547,1073.472,814.000,8.2439,15.0000,1.1321,0.6958,4.6661,0.0000,0.7500,0.2500,1.0000,0.0000,4.6664,1.2444,0.8113
6,3,431,433,3,2,1,1.0000,432.076,1223.570,705.000,10.0326,18.0000,1.3671,0.4370,5.5994,0.5556,0.3333,0.1111,1.0000,0.0000,4.6663,0.9333,0.6203
4,3,433,436,4,1,1,1.0000,434.647,616.000,418.000,7.9305,14.0000,1.0980,0.6471,4.3543,0.9375,0.0000,0.0625,1.0000,0.0000,4.6646,0.9330,0.8235
3,3,434,435,2,1,2,0.7500,434.286,599.000,1206.633,8.7986,18.0000,1.1020,0.6942,5.5984,0.5333,0.2667,0.2000,0.7071,0.0000,5.5984,1.0885,1.0000
3,3,435,436,2,1,2,0.7500,435.667,494.000,757.333,7.5407,14.0000,1.0000,0.7454,4.3539,0.5333,0.2667,0.2000,0.7071,0.0000,4.6645,1.8660,1.0000
6,3,436,437,2,3,2,0.5000,436.521,753.973,965.603,9.2670,15.0000,1.2329,0.7707,4.6640,0.4412,0.1872,0.3716,0.6154,0.7882,4.1978,1.7104,0.5890
3,3,438,440,3,1,1,1.0000,439.000,350.000,585.000,9.1538,21.0000,1.2353,0.0000,6.5285,0.8889,0.0000,0.1111,1.0000,0.0000,4.3528,1.3990,1.0000
4,3,439,440,2,2,1,1.0000,439.482,1059.554,612.000,8.7043,16.0000,1.1429,0.6837,4.9736,0.0000,0.7500,0.2500,1.0000,0.0000,5.1295,1.7098,0.8036
4,3,440,441,2,1,2,1.0000,440.556,903.000,944.426,8.3926,16.0000,1.1852,0.6156,4.9732,0.0000,0.7500,0.2500,0.0000,0.0000,4.8180,2.0205,0.8333
4,3,442,443,2,2,1,1.0000,442.481,910.463,796.000,8.3912,15.0000,1.1111,0.6951,4.6616,0.0000,0.7500,0.2500,1.0000,0.0000,4.9727,1.8647,0.7963
4,3,448,449,2,2,1,1.0000,448.474,814.526,922.000,8.8526,16.0000,1.1228,0.7081,4.9701,0.0000,0.7500,0.2500,1.0000,0.0000,4.9700,0.9319,0.8070
3,3,451,451,1,2,2,0.7500,451.000,804.659,1100.341,7.8889,15.0000,1.0227,0.7420,4.6582,0.5333,0.2667,0.2000,0.0000,1.0000,5.2792,1.7080,1.0000
6,3,457,459,3,2,2,0.5000,457.732,834.521,957.873,8.9957,14.0000,1.1831,0.9078,4.3452,0.3810,0.3333,0.2857,0.9487,0.1690,4.1897,1.5519,0.5915
5,3,461,463,3,1,2,0.8333,462.077,540.000,1273.569,9.0175,18.0000,1.3846,0.5744,5.5839,0.5854,0.2927,0.1220,0.9487,0.0000,4.9634,1.5510,0.7077
5,3,462,463,2,2,2,0.6250,462.449,1070.377,1131.826,9.5721,17.0000,1.2319,0.6896,5.2731,0.3432,0.2505,0.4063,0.6059,0.3645,4.6528,1.8610,0.6522
6,3,463,465,3,3,2,0.3333,463.767,913.932,765.753,9.2433,17.0000,1.3973,0.8087,5.2731,0.4899,0.3164,0.1936,0.8165,0.5506,3.8770,0.6203,0.6301
4,3,467,468,2,2,1,1.0000,467.444,858.444,1081.000,8.3707,16.0000,1.1852,0.6285,4.9607,0.0000,0.7500,0.2500,1.0000,0.0000,4.0304,0.9298,0.8148
5,4,471,473,3,2,2,0.4167,471.958,680.389,1032.153,9.9768,17.0000,1.1806,1.0455,5.2681,0.5461,0.2256,0.2283,0.8117,0.4177,4.9574,1.8593,0.8472
5,3,472,474,3,1,2,0.8333,472.766,740.000,1151.547,8.8673,16.0000,1.2500,0.5102,4.9568,0.5854,0.2927,0.1220,0.9487,0.0000,4.6477,0.9294,0.7031
5,3,480,482,3,1,3,0.5556,480.836,849.000,949.955,9.2708,17.0000,1.2687,0.1702,5.2597,0.5532,0.3398,0.1070,0.8281,0.0000,4.6417,1.3926,0.6866
4,3,483,484,2,2,1,1.0000,483.545,220.545,758.000,8.5041,16.0000,1.1636,0.6428,4.9474,0.0000,0.7500,0.2500,1.0000,0.0000,4.9479,1.5460,0.8000
4,3,484,486,3,1,2,0.6667,485.396,596.000,1000.302,8.1916,16.0000,1.2075,0.9230,4.9452,0.7500,0.1500,0.1000,0.9487,0.0000,4.9459,1.7000,0.8302
8,4,486,488,3,2,2,0.6667,487.179,897.660,1035.726,11.5799,18.0000,1.3585,1.1475,5.5607,0.4961,0.2369,0.2670,0.9586,0.0986,4.7902,1.3907,0.5943
5,3,490,491,2,2,2,0.6250,490.369,724.708,906.738,8.9748,17.0000,1.3077,0.8758,5.2491,0.3432,0.2505,0.4063,0.6059,0.3645,4.6303,0.3088,0.7077
5,3,490,491,2,2,2,0.6250,490.600,728.785,1182.338,8.9742,15.0000,1.1538,0.7218,4.6316,0.3432,0.2505,0.4063,0.6059,0.3645,4.6304,1.5438,0.6615
3,3,491,492,2,2,1,0.7500,491.346,707.288,979.000,9.2666,19.0000,1.0962,0.4506,5.8651,0.5333,0.2667,0.2000,0.7071,0.0000,6.1725,1.8519,1.0000
5,3,492,494,3,2,2,0.4167,493.000,385.226,697.548,8.5543,16.0000,1.2903,0.5049,4.9362,0.1521,0.5234,0.3245,1.0000,0.0000,4.6278,1.0798,0.7097
4,3,493,494,2,2,1,1.0000,493.434,1156.566,673.000,8.1746,16.0000,1.2075,0.6137,4.9362,0.0000,0.7500,0.2500,1.0000,0.0000,4.6271,0.9255,0.8302
7,3,494,496,3,2,2,0.5833,495.396,896.758,479.549,10.6036,18.0000,1.3846,0.8518,5.5482,0.5806,0.0526,0.3668,0.8835,0.4677,4.0084,1.3874,0.5275
6,3,495,497,3,2,1,1.0000,495.853,564.520,894.000,9.4380,15.0000,1.2000,0.9791,4.6249,0.5556,0.3333,0.1111,1.0000,0.0000,4.7780,1.8495,0.5867
7,3,498,500,3,2,3,0.3889,499.372,940.314,1113.000,10.0076,16.0000,1.3023,0.9300,4.9250,0.6478,0.1687,0.1835,0.6412,0.4727,4.3107,1.2308,0.5116
6,3,499,501,3,2,2,0.5000,500.253,650.307,999.280,9.4239,16.0000,1.2800,0.8544,4.9232,0.6381,0.1455,0.2164,0.8019,0.3768,4.3088,1.3851,0.6000
5,3,508,510,3,2,2,0.4167,508.970,1038.791,897.358,9.1897,15.0000,1.1194,1.0551,4.6024,0.5461,0.2256,0.2283,0.8117,0.4177,4.6004,0.7667,0.6418
7,3,512,515,4,2,2,0.4375,513.193,563.783,1108.639,9.6028,15.0000,1.2651,0.9107,4.5898,0.7897,0.0871,0.1231,0.9336,0.3527,3.6750,1.0711,0.5301
3,3,516,517,2,1,2,0.7500,516.667,719.000,1238.333,7.4102,14.0000,1.0000,0.7454,4.2797,0.5333,0.2667,0.2000,0.7071,0.0000,4.5834,1.8328,1.0000
6,3,519,521,3,3,2,0.3333,519.863,962.137,931.137,9.0928,17.0000,1.3973,0.2373,5.1865,0.8087,0.0589,0.1324,0.7990,0.1690,3.9661,1.8304,0.6164
3,3,524,525,2,2,1,0.7500,524.354,1123.667,883.000,8.4361,17.0000,1.0625,0.7268,5.1733,0.5333,0.2667,0.2000,0.7071,0.0000,4.5672,0.9134,1.0000
4,3,527,528,2,2,2,0.5000,527.214,1021.464,1003.268,8.5111,15.0000,1.0714,0.5773,4.5600,0.5916,0.1015,0.3069,0.5000,0.5000,4.7117,0.9119,0.7857
5,3,528,530,3,2,2,0.4167,528.758,512.839,1017.629,8.4216,15.0000,1.2097,0.4713,4.5554,0.7729,0.0435,0.1836,0.8328,0.5477,4.8585,1.5172,0.6935
4,3,528,529,2,1,3,0.6667,528.518,516.000,1114.946,8.5055,15.0000,1.0714,0.5206,4.5577,0.7576,0.1294,0.1129,0.5257,0.0000,4.7074,0.9108,0.7857
6,3,528,529,2,3,2,0.5000,528.494,622.316,864.873,9.7971,19.0000,1.4430,0.8600,5.7702,0.3810,0.3333,0.2857,0.3162,0.5071,4.5558,1.3668,0.6203
8,3,529,532,4,3,2,0.3333,530.613,868.054,916.247,9.9775,14.0000,1.2043,0.4625,4.2474,0.7787,0.0636,0.1577,0.7882,0.6154,4.2481,1.5173,0.4516
7,3,529,531,3,2,2,0.5833,529.847,991.600,720.212,9.7526,18.0000,1.4824,0.4777,5.4637,0.3883,0.1309,0.4808,0.9235,0.3259,3.3373,1.2145,0.5647
7,3,531,534,4,2,2,0.4375,532.024,623.598,993.878,9.3982,15.0000,1.2805,0.4212,4.5486,0.8025,0.0737,0.1238,0.9492,0.0000,3.6407,1.6675,0.5244
6,3,531,533,3,1,2,1.0000,532.053,724.000,1117.487,9.4083,16.0000,1.2632,0.4897,4.8518,0.5556,0.3333,0.1111,1.0000,0.0000,4.5484,1.2133,0.5789
5,3,537,539,3,2,2,0.4167,537.892,594.831,937.554,8.7898,15.0000,1.1538,1.2499,4.5334,0.7729,0.0435,0.1836,0.8328,0.5477,4.5356,1.3608,0.6615
6,3,537,539,3,2,2,0.5000,537.802,793.321,1173.222,9.9995,19.0000,1.4074,0.8924,5.7476,0.6381,0.1455,0.2164,0.8019,0.3768,4.2323,1.2090,0.6296
6,3,539,540,2,1,4,0.7500,539.481,635.000,1232.532,9.4984,15.0000,1.1688,0.6704,4.5334,0.7692,0.1538,0.0769,0.3162,0.0000,4.3812,1.2077,0.5714
4,4,539,541,3,2,1,0.6667,539.982,638.491,1001.000,8.6096,15.0000,1.0526,1.0984,4.5334,0.7576,0.1294,0.1129,0.8507,0.0000,3.9274,1.0572,1.0000
4,4,540,541,2,1,2,1.0000,540.484,536.000,667.500,9.3627,17.0000,1.0968,0.6958,5.1355,0.0000,0.7500,0.2500,0.0000,0.0000,4.9837,1.2076,1.0000
6,3,541,543,3,3,1,0.6667,542.228,764.177,560.000,9.7333,17.0000,1.2911,0.7922,5.1288,0.4000,0.4800,0.1200,0.7071,0.0000,3.7732,0.9056,0.5823
3,3,541,543,3,1,1,1.0000,542.000,1148.000,1119.000,8.1901,19.0000,1.2128,0.0000,5.7346,0.8889,0.0000,0.1111,1.0000,0.0000,4.5288,0.4525,1.0000
3,3,542,544,3,1,1,1.0000,543.021,338.000,1021.000,8.1865,16.0000,1.0213,0.0213,4.8271,0.8889,0.0000,0.1111,1.0000,0.0000,5.1266,1.3575,1.0000
5,3,544,545,2,2,3,0.4167,544.774,419.387,952.000,8.3590,14.0000,1.1290,0.8656,4.2219,0.5461,0.2256,0.2283,0.1201,0.5647,4.5218,1.2053,0.6774
6,4,544,545,2,2,2,0.7500,544.487,874.744,918.372,9.6010,15.0000,1.1538,0.8353,4.5235,0.2000,0.3333,0.4667,0.0000,0.0000,3.9199,0.6027,0.7436
7,3,545,546,2,3,2,0.5833,545.395,663.105,1028.360,9.7968,15.0000,1.2209,0.5451,4.5216,0.5927,0.2184,0.1889,0.0417,0.2006,3.9188,1.3561,0.5233
8,3,545,548,4,3,3,0.2222,546.372,1001.096,639.574,10.0127,15.0000,1.2766,0.5735,4.5198,0.6323,0.2182,0.1495,0.7136,0.2248,3.6155,1.2055,0.4574
4,3,549,551,3,2,1,0.6667,549.983,773.828,932.000,8.7252,19.0000,1.3103,0.1733,5.7164,0.5357,0.3214,0.1429,1.0000,0.0000,4.9639,1.8048,0.8276
6,4,550,552,3,1,3,0.6667,550.723,630.000,918.398,10.1921,18.0000,1.3012,0.8250,5.4156,0.2083,0.6667,0.1250,0.4472,0.0000,4.6625,1.2030,0.7711
5,3,551,553,3,2,2,0.4167,551.985,591.162,906.824,9.1432,16.0000,1.1765,1.0140,4.8121,0.7958,0.0325,0.1718,0.9294,0.3690,4.5087,1.8033,0.6618
4,3,552,553,2,2,1,1.0000,552.545,1162.527,954.000,8.2665,15.0000,1.0909,0.6962,4.5083,0.0000,0.7500,0.2500,1.0000,0.0000,4.6596,1.5031,0.8000
7,3,554,556,3,1,4,0.5833,555.283,746.000,1256.435,10.4435,19.0000,1.4457,0.6319,5.7069,0.4340,0.4774,0.0886,0.3162,0.0000,3.6042,0.9009,0.5652
4,3,557,559,3,1,2,0.6667,557.830,657.000,985.189,7.9530,15.0000,1.1321,1.1849,4.5002,0.7500,0.1500,0.1000,0.9487,0.0000,4.6521,1.8001,0.8113
6,3,557,559,3,2,2,0.5000,558.289,734.867,1061.470,10.1678,19.0000,1.3735,0.5674,5.7018,0.6373,0.1269,0.2358,0.8795,0.0724,4.6513,1.8007,0.5663
5,3,563,565,3,1,2,0.8333,564.139,617.000,1132.708,9.6479,20.0000,1.3889,0.3230,5.9928,0.5854,0.2927,0.1220,0.9487,0.0000,5.0927,0.8991,0.7083
3,3,563,564,2,1,2,0.7500,563.686,966.000,1103.294,8.8235,20.0000,1.1765,0.4300,5.9928,0.5333,0.2667,0.2000,0.7071,0.0000,5.0950,0.8989,1.0000
6,3,578,579,2,2,2,0.7500,578.461,1012.684,488.263,9.2737,16.0000,1.2632,0.6173,4.7825,0.2000,0.3333,0.4667,0.0000,0.0000,4.0352,2.0921,0.6184
9,3,589,591,3,3,4,0.2500,590.108,867.265,719.775,10.1503,15.0000,1.3235,0.7766,4.4781,0.8667,0.0327,0.1006,0.4153,0.4112,3.2840,1.0450,0.4412
3,3,594,595,2,1,2,0.7500,594.694,722.000,938.327,8.4430,18.0000,1.1020,0.4476,5.3718,0.5333,0.2667,0.2000,0.7071,0.0000,5.3718,1.9399,1.0000
5,3,598,599,2,2,2,0.6250,598.627,461.866,1217.597,8.9402,17.0000,1.2687,0.7167,5.0722,0.3432,0.2505,0.4063,0.6059,0.3645,4.9233,1.1934,0.7164
6,3,623,624,2,1,4,0.7500,623.341,592.000,1176.212,10.3463,17.0000,1.2000,0.4016,5.0687,0.8001,0.1345,0.0654,0.2238,0.0000,4.9195,1.4908,0.5882
19,4,625,629,5,3,4,0.3167,627.041,782.281,932.893,16.5526,20.0000,1.5702,1.4000,5.9629,0.4884,0.1159,0.3957,0.7551,0.2413,4.1740,1.4907,0.3058
4,3,642,644,3,1,2,0.6667,643.123,549.000,1078.160,12.0735,25.0000,1.2346,0.2025,7.4528,0.7500,0.1500,0.1000,0.9487,0.0000,6.7075,1.1925,0.8395
4,3,644,645,2,1,3,0.6667,644.452,884.000,1129.903,9.2413,19.0000,1.2258,0.4619,5.6641,0.7576,0.1294,0.1129,0.5257,0.0000,5.0678,1.0434,0.8548
3,3,648,649,2,1,2,0.7500,648.319,732.000,979.681,8.0890,17.0000,1.0851,0.4513,5.0677,0.5333,0.2667,0.2000,0.7071,0.0000,5.0677,1.7886,1.0000
5,3,669,671,3,2,2,0.4167,669.985,450.706,1058.147,9.0626,17.0000,1.2500,0.3292,5.0661,0.1521,0.5234,0.3245,1.0000,0.0000,4.7680,1.7880,0.7059
7,3,669,672,4,2,2,0.4375,670.258,975.516,800.903,10.4751,18.0000,1.3548,0.5851,5.3641,0.8235,0.0431,0.1334,0.9337,0.1681,4.1722,1.1920,0.5806
10,3,672,675,4,3,2,0.4167,673.300,688.775,782.625,11.3078,18.0000,1.5000,0.5303,5.3638,0.4852,0.2088,0.3060,0.8394,0.0845,3.5758,1.3409,0.4000
5,3,674,676,3,1,2,0.8333,675.217,652.000,1272.565,9.1947,17.0000,1.2319,0.4861,5.0655,0.5854,0.2927,0.1220,0.9487,0.0000,5.0654,1.1918,0.6812
8,3,691,693,3,3,2,0.4444,692.276,631.714,882.816,10.3181,17.0000,1.3878,0.7873,5.0626,0.5452,0.2911,0.1637,0.8024,0.1595,3.4247,0.2978,0.5102
5,3,698,700,3,1,2,0.8333,698.657,889.000,1255.586,9.3195,17.0000,1.2143,0.8803,5.0611,0.5854,0.2927,0.1220,0.9487,0.0000,4.4655,1.4884,0.7000
8,3,702,704,3,2,4,0.3333,703.330,621.806,1202.544,10.8382,17.0000,1.3204,0.8843,5.0594,0.5973,0.2423,0.1603,0.5347,0.5283,4.4642,1.4881,0.4660
8,4,703,706,4,3,2,0.3333,704.038,1026.548,620.202,10.9430,17.0000,1.3077,1.1915,5.0597,0.7605,0.1378,0.1018,0.8568,0.3426,4.1663,1.4882,0.6058
9,3,734,737,4,2,2,0.5625,735.617,677.252,884.738,10.5917,18.0000,1.5140,0.5282,5.3452,0.6583,0.1394,0.2023,0.9839,0.0504,3.2665,1.4847,0.4673
6,3,752,753,2,3,2,0.5000,752.354,198.759,682.747,9.5697,16.0000,1.2152,0.4976,4.7476,0.6381,0.1455,0.2164,0.3327,0.3629,4.4507,1.1869,0.5823
10,3,754,757,4,3,3,0.2778,755.412,389.992,891.298,12.2907,19.0000,1.4504,0.6589,5.6371,0.5910,0.2141,0.1949,0.8279,0.2515,4.0053,0.8901,0.3969
5,3,769,771,3,1,2,0.8333,769.791,472.000,1163.537,8.8876,16.0000,1.1940,0.9563,4.7459,0.5854,0.2927,0.1220,0.9487,0.0000,5.0425,1.1865,0.7015
7,3,775,776,2,2,2,0.8750,775.517,458.356,581.540,9.7532,17.0000,1.3678,0.7784,5.0423,0.0000,0.3318,0.6682,0.5977,0.5774,3.8558,1.0381,0.5402
5,3,784,785,2,2,2,0.6250,784.559,297.824,901.559,9.0191,15.0000,1.1029,0.8098,4.4487,0.3432,0.2505,0.4063,0.6059,0.3645,4.7452,0.8897,0.6618
4,3,784,785,2,2,2,0.5000,784.724,460.155,796.741,8.6008,18.0000,1.2414,0.4087,5.3384,0.0000,0.5625,0.4375,0.4459,0.5774,5.1901,1.4829,0.8448
4,3,797,798,2,1,2,1.0000,797.562,930.000,1075.422,9.4882,20.0000,1.2500,0.6078,5.9301,0.0000,0.7500,0.2500,0.0000,0.0000,5.4853,0.8895,0.8281
5,3,800,801,2,2,2,0.6250,800.529,541.368,898.147,9.0161,17.0000,1.2500,0.6611,5.0402,0.3432,0.2505,0.4063,0.6059,0.3645,4.1508,0.4447,0.7059
4,3,803,804,2,2,1,1.0000,803.475,504.443,1151.000,9.0417,18.0000,1.1803,0.6864,5.3360,0.0000,0.7500,0.2500,1.0000,0.0000,5.0397,0.8894,0.8197
7,3,821,824,4,3,2,0.2917,822.765,547.176,836.765,9.5152,15.0000,1.2353,0.3767,4.4426,0.8665,0.0234,0.1101,0.8231,0.0158,3.2582,1.3328,0.5294
5,3,833,834,2,2,2,0.6250,833.462,569.872,1089.551,10.3260,21.0000,1.3462,0.7812,6.2163,0.3432,0.2505,0.4063,0.6059,0.3645,5.0323,1.6281,0.6923
4,3,852,853,2,2,2,0.5000,852.458,597.746,906.814,8.7289,17.0000,1.1525,0.5557,5.0302,0.5916,0.1015,0.3069,0.7071,0.7071,4.8823,1.4795,0.8136
7,3,860,862,3,3,2,0.3889,860.697,615.232,1110.909,11.0729,22.0000,1.5556,0.3925,6.5103,0.2661,0.4704,0.2635,0.6546,0.0506,4.4388,1.1837,0.5354
5,3,866,868,3,2,2,0.4167,867.261,243.362,629.159,9.1330,17.0000,1.2319,0.4741,5.0314,0.7729,0.0435,0.1836,0.8328,0.5477,5.3274,0.8879,0.7101
6,3,867,869,3,3,1,0.6667,868.385,546.603,921.000,9.4250,16.0000,1.2308,0.8613,4.7358,0.6061,0.3030,0.0909,0.7071,0.0000,4.5877,1.0359,0.5897
4,3,880,881,2,1,2,1.0000,880.464,853.000,861.464,8.2905,15.0000,1.0714,0.6566,4.4414,0.0000,0.7500,0.2500,0.0000,0.0000,4.7374,1.4804,0.8036
6,3,886,887,2,1,4,0.7500,886.600,1039.000,745.500,9.6716,17.0000,1.2750,0.7810,5.0342,0.6944,0.2222,0.0833,0.0000,0.0000,4.5900,1.1845,0.5875
7,3,887,889,3,3,2,0.3889,887.903,213.022,826.903,10.4094,16.0000,1.2043,1.0306,4.7382,0.6107,0.2231,0.1662,0.4941,0.2987,4.7382,1.3326,0.4946
5,3,897,898,2,2,2,0.6250,897.449,814.145,875.406,9.1382,16.0000,1.1594,0.6993,4.7382,0.3432,0.2505,0.4063,0.6059,0.3645,5.0343,1.4807,0.6667
7,3,905,907,3,2,3,0.3889,906.180,1064.888,868.483,9.9593,18.0000,1.4157,0.5276,5.3292,0.2873,0.4228,0.2899,0.3651,0.0289,3.2567,0.8882,0.5730
5,3,923,924,2,2,2,0.6250,923.463,561.866,786.463,8.8609,16.0000,1.1940,0.7717,4.7314,0.3432,0.2505,0.4063,0.6059,0.3645,4.7314,1.4786,0.6866
4,3,927,929,3,2,1,0.6667,927.603,264.293,692.000,8.5730,17.0000,1.1724,0.9294,5.0258,0.7500,0.1500,0.1000,0.9487,0.0000,4.8778,0.8869,0.8276
7,3,930,932,3,3,1,0.7778,931.062,126.031,787.000,10.8348,22.0000,1.5876,0.0692,6.5016,0.6076,0.3038,0.0886,0.7071,0.0000,4.4326,1.1822,0.5464
18,6,930,933,4,4,3,0.3750,931.544,227.548,991.125,17.2740,26.0000,1.8871,0.6536,7.6831,0.4713,0.2970,0.2317,0.5662,0.3197,4.1374,0.8865,0.5282
5,3,931,932,2,1,3,0.8333,931.369,698.000,1252.646,8.5904,17.0000,1.3077,0.7442,5.0240,0.5854,0.2927,0.1220,0.3162,0.0000,4.7281,1.4776,0.7231
16,5,936,940,5,4,3,0.2667,937.933,469.615,746.236,14.3979,22.0000,1.8051,0.4561,6.4975,0.5775,0.2376,0.1849,0.7442,0.5976,3.3966,1.1814,0.4410
4,3,938,939,2,2,1,1.0000,938.441,264.576,613.000,8.7122,18.0000,1.2203,0.6113,5.3161,0.0000,0.7500,0.2500,1.0000,0.0000,4.8729,0.8860,0.8305
5,3,938,940,3,1,2,0.8333,939.333,435.000,744.377,9.1124,17.0000,1.2319,0.5031,5.0203,0.5854,0.2927,0.1220,0.9487,0.0000,4.7246,1.1813,0.7101
4,3,945,946,2,2,1,1.0000,945.517,517.483,630.000,8.5591,15.0000,1.0345,0.7075,4.4273,0.0000,0.7500,0.2500,1.0000,0.0000,4.7221,1.1804,0.7759
4,3,954,955,2,2,1,1.0000,954.552,418.448,737.000,8.5528,17.0000,1.1724,0.6340,5.0135,0.0000,0.7500,0.2500,1.0000,0.0000,5.0136,1.1797,0.8103
4,3,957,958,2,2,1,1.0000,957.492,600.508,970.000,9.2880,17.0000,1.0794,0.7072,5.0128,0.0000,0.7500,0.2500,1.0000,0.0000,5.1600,1.4741,0.7778
3,3,963,964,2,2,1,0.7500,963.319,301.340,792.000,7.9979,16.0000,1.0213,0.4666,4.7159,0.5333,0.2667,0.2000,0.7071,0.0000,5.0107,0.7368,1.0000
4,3,970,973,4,1,1,1.0000,971.339,503.000,885.000,8.6907,17.0000,1.1525,1.3390,5.0086,0.9375,0.0000,0.0625,1.0000,0.0000,5.1554,1.7675,0.8136
4,3,981,982,2,1,2,1.0000,981.441,555.000,1073.508,8.6868,18.0000,1.2203,0.6729,5.3005,0.0000,0.7500,0.2500,0.0000,0.0000,5.0059,1.1779,0.8136
5,3,992,994,3,2,2,0.4167,993.014,885.833,1001.403,9.4791,16.0000,1.1111,0.4361,4.7102,0.5461,0.2256,0.2283,0.8117,0.4177,4.7101,2.0607,0.6389
5,3,998,1000,3,2,1,0.8333,999.338,462.588,1007.000,8.9522,16.0000,1.1765,0.8854,4.7101,0.5854,0.2927,0.1220,0.9487,0.0000,4.8572,1.7663,0.6912
6,3,999,1001,3,2,3,0.3333,999.617,544.877,835.951,9.7346,17.0000,1.2593,1.1402,5.0044,0.8257,0.0455,0.1288,0.6506,0.3940,4.8572,1.4719,0.5926
5,3,1008,1009,2,2,2,0.6250,1008.432,792.878,599.486,9.7432,18.0000,1.2162,0.6823,5.2995,0.3432,0.2505,0.4063,0.6059,0.3645,4.7105,0.8832,0.6892
6,3,1011,1013,3,2,3,0.3333,1011.962,635.127,1064.025,9.4960,16.0000,1.2152,0.9706,4.7110,0.7676,0.0121,0.2203,0.8507,0.5257,4.2693,1.4722,0.5949
6,3,1026,1028,3,1,2,1.0000,1026.864,883.000,479.506,9.7414,17.0000,1.2593,0.5241,5.0080,0.5556,0.3333,0.1111,1.0000,0.0000,4.5660,1.4729,0.6049
6,3,1028,1030,3,3,2,0.3333,1029.000,554.035,806.106,10.2233,21.0000,1.4824,0.1116,6.1868,0.0000,0.4667,0.5333,1.0000,0.0000,4.5664,1.7676,0.6235
4,3,1031,1032,2,2,1,1.0000,1031.453,459.516,694.000,9.4284,18.0000,1.1250,0.6633,5.3034,0.0000,0.7500,0.2500,1.0000,0.0000,5.3035,1.4732,0.7812
6,3,1032,1033,2,2,3,0.5000,1032.260,561.143,1060.857,9.2623,16.0000,1.2468,0.9070,4.7143,0.5230,0.1584,0.3185,0.3667,0.5079,4.4196,2.0625,0.5974
6,3,1035,1037,3,3,1,0.6667,1035.959,315.568,978.000,8.9026,16.0000,1.2973,1.1853,4.7152,0.2083,0.6667,0.1250,0.4472,0.0000,4.2729,0.8840,0.6216
4,3,1035,1036,2,2,2,0.5000,1035.492,546.186,874.746,8.6931,18.0000,1.2203,0.5983,5.3044,0.5916,0.1015,0.3069,0.7071,0.7071,4.4202,1.1787,0.8136
4,3,1036,1038,3,1,2,0.6667,1036.789,348.000,569.175,8.3988,17.0000,1.1930,0.8087,5.0097,0.7500,0.1500,0.1000,0.9487,0.0000,4.7152,1.4734,0.8246
5,3,1039,1041,3,1,2,0.8333,1039.746,314.000,531.394,9.3581,17.0000,1.1972,0.4688,5.0103,0.5854,0.2927,0.1220,0.9487,0.0000,5.3048,0.8842,0.6901
7,3,1043,1044,2,3,2,0.5833,1043.538,350.065,507.892,10.3608,16.0000,1.2043,0.4791,4.7161,0.4600,0.2645,0.2756,0.0000,0.3827,4.4213,1.4738,0.4946
8,3,1048,1051,4,2,3,0.3333,1049.442,428.484,913.011,9.9012,18.0000,1.5158,0.6794,5.3061,0.8684,0.0000,0.1316,0.9045,0.4013,3.3901,1.4740,0.5158
6,3,1051,1053,3,1,2,1.0000,1051.934,601.000,727.434,9.1466,18.0000,1.4211,0.4392,5.3063,0.5556,0.3333,0.1111,1.0000,0.0000,4.2745,1.1792,0.6316
6,3,1052,1054,3,3,1,0.6667,1053.074,252.062,524.000,9.7485,17.0000,1.2593,0.0964,5.0116,0.4000,0.4800,0.1200,0.7071,0.0000,4.5694,1.4740,0.6049
10,3,1056,1059,4,3,3,0.2778,1057.780,430.614,916.765,12.3059,20.0000,1.5152,0.6928,5.8961,0.4143,0.2835,0.3022,0.8501,0.1385,4.1273,0.8844,0.4015
6,4,1061,1063,3,2,2,0.5000,1061.621,634.897,872.402,10.4708,18.0000,1.2414,0.8679,5.3065,0.5034,0.2551,0.2415,0.9677,0.2521,5.1591,1.1792,0.7816
6,3,1071,1073,3,2,2,0.5000,1071.671,511.110,968.463,9.8678,17.0000,1.2439,0.8659,5.0112,0.6373,0.1269,0.2358,0.8795,0.0724,3.9794,0.5896,0.5732
12,3,1075,1077,3,4,3,0.3333,1076.101,633.912,817.426,12.5927,18.0000,1.4595,1.2452,5.3055,0.5736,0.1715,0.2549,0.2998,0.4155,3.0948,1.1790,0.3514
12,6,1076,1078,3,4,2,0.5000,1077.115,402.529,937.655,14.8046,24.0000,1.6552,0.6416,7.0737,0.3109,0.2980,0.3912,0.6829,0.0283,4.4211,1.1789,0.6149
4,3,1079,1080,2,1,3,0.6667,1079.536,417.000,946.911,8.2522,16.0000,1.1429,0.5431,4.7156,0.7576,0.1294,0.1129,0.5257,0.0000,4.7155,1.4736,0.8214
5,3,1085,1086,2,2,2,0.6250,1085.405,652.568,964.865,9.7521,18.0000,1.2162,0.7105,5.3043,0.3432,0.2505,0.4063,0.6059,0.3645,4.4202,0.8841,0.6757
5,3,1087,1088,2,3,1,0.8333,1087.600,452.743,540.000,9.2245,17.0000,1.2143,0.4755,5.0093,0.5854,0.2927,0.1220,0.3162,0.0000,4.4199,1.0313,0.6714
8,3,1098,1101,4,2,2,0.5000,1100.010,472.448,457.667,9.9982,16.0000,1.3333,1.1362,4.7131,0.7519,0.0685,0.1796,0.8991,0.4080,3.5349,0.8837,0.4792
5,3,1101,1103,3,2,1,0.8333,1101.743,172.541,783.000,9.7482,18.0000,1.2162,0.5984,5.3021,0.5854,0.2927,0.1220,0.9487,0.0000,5.3022,1.4728,0.6892
5,3,1115,1117,3,1,2,0.8333,1116.304,290.000,760.609,9.0867,18.0000,1.3043,0.9244,5.3004,0.5854,0.2927,0.1220,0.9487,0.0000,4.7115,1.1779,0.6957
6,3,1116,1118,3,2,2,0.5000,1117.179,513.893,1102.560,10.0980,18.0000,1.2857,0.4872,5.3004,0.3810,0.3333,0.2857,0.9487,0.1690,4.8586,1.7668,0.5952
7,3,1119,1121,3,3,2,0.3889,1120.276,238.816,545.885,9.6822,18.0000,1.4483,0.3509,5.3001,0.6107,0.2231,0.1662,0.8599,0.3065,3.2389,0.8833,0.5747
5,3,1122,1124,3,1,2,0.8333,1123.099,494.000,494.634,9.3487,19.0000,1.3380,0.3792,5.5941,0.5854,0.2927,0.1220,0.9487,0.0000,4.7109,1.1777,0.6901
7,3,1127,1129,3,2,2,0.5833,1128.000,722.099,971.440,10.1257,18.0000,1.3846,0.5691,5.2991,0.5916,0.2044,0.2040,0.9664,0.1591,4.1215,1.1776,0.5385
3,3,1144,1145,2,1,2,0.7500,1144.681,336.000,796.660,7.9849,16.0000,1.0213,0.7327,4.7081,0.5333,0.2667,0.2000,0.7071,0.0000,5.4438,2.0598,1.0000
6,3,1145,1147,3,2,2,0.5000,1146.403,396.351,959.883,9.2496,17.0000,1.3247,0.5465,5.0022,0.5034,0.2551,0.2415,0.9677,0.2521,3.5309,0.8827,0.6234
6,3,1147,1149,3,1,3,0.6667,1148.080,448.000,685.793,10.4502,19.0000,1.3103,0.2220,5.5903,0.6944,0.2222,0.0833,0.8000,0.0000,4.8546,1.1769,0.5747
8,3,1147,1149,3,4,2,0.3333,1147.817,699.661,827.239,11.3388,18.0000,1.3211,0.9159,5.2963,0.4251,0.3708,0.2041,0.2573,0.4891,4.5604,1.6182,0.4679
4,3,1159,1160,2,1,2,1.0000,1159.483,467.000,862.533,8.8227,17.0000,1.1333,0.6962,4.9994,0.0000,0.7500,0.2500,0.0000,0.0000,4.8526,1.1763,0.8000
4,3,1160,1161,2,2,1,1.0000,1160.564,299.545,791.000,8.0871,16.0000,1.1636,0.6985,4.7051,0.0000,0.7500,0.2500,1.0000,0.0000,4.7052,1.1763,0.8364
6,3,1168,1169,2,2,3,0.5000,1168.675,590.649,879.429,9.2407,17.0000,1.3247,0.6419,4.9973,0.5943,0.2116,0.1941,0.3905,0.7333,3.9686,1.1759,0.6494
7,3,1172,1175,4,3,2,0.2917,1173.618,492.270,857.899,9.8861,16.0000,1.2584,0.9620,4.7024,0.7871,0.0633,0.1495,0.7335,0.1300,3.8205,1.4694,0.5169
6,3,1177,1179,3,2,1,1.0000,1178.096,559.470,481.000,9.9561,18.0000,1.3012,1.0185,5.2886,0.5556,0.3333,0.1111,1.0000,0.0000,4.5543,0.8816,0.5904
3,3,1196,1198,3,1,1,1.0000,1197.000,504.000,706.000,7.6277,15.0000,1.0000,1.0000,4.4040,0.8889,0.0000,0.1111,1.0000,0.0000,4.6974,1.1743,1.0000
6,4,1197,1198,2,2,2,0.7500,1197.635,637.753,934.482,10.1876,17.0000,1.2000,0.6532,4.9908,0.2000,0.3333,0.4667,0.7071,0.7071,5.1377,1.3211,0.7529
6,3,1206,1208,3,2,2,0.5000,1206.667,651.410,535.872,9.3462,17.0000,1.3077,0.8993,4.9897,0.5034,0.2551,0.2415,0.9677,0.2521,3.3753,1.1740,0.6282
6,3,1211,1213,3,2,2,0.5000,1212.205,289.627,715.771,9.9442,22.0000,1.5904,0.4836,6.4564,0.6381,0.1455,0.2164,0.8019,0.3768,4.4020,1.1739,0.6386
4,3,1212,1214,3,2,1,0.6667,1212.968,355.548,1070.000,9.0975,19.0000,1.2258,0.4528,5.5759,0.7576,0.1294,0.1129,0.8507,0.0000,4.6955,1.3206,0.7903
6,3,1218,1219,2,2,2,0.7500,1218.539,295.329,928.263,9.1046,16.0000,1.2632,0.6241,4.6951,0.2000,0.3333,0.4667,0.0000,0.0000,4.2549,1.7606,0.6053
6,3,1220,1222,3,3,1,0.6667,1220.962,477.722,503.000,9.4637,17.0000,1.2911,0.7225,4.9884,0.6944,0.2222,0.0833,0.8000,0.0000,4.2548,1.4672,0.5949
5,3,1223,1225,3,1,2,0.8333,1223.754,561.000,549.464,9.0544,19.0000,1.3768,0.5251,5.5750,0.5854,0.2927,0.1220,0.9487,0.0000,4.6948,0.8803,0.7391
4,3,1225,1227,3,2,1,0.6667,1225.903,290.581,806.000,9.0959,20.0000,1.2903,0.4304,5.8683,0.7576,0.1294,0.1129,0.8507,0.0000,4.9881,1.4671,0.8387
3,3,1229,1230,2,1,2,0.7500,1229.674,763.000,382.348,7.7923,16.0000,1.0435,0.7292,4.6945,0.5333,0.2667,0.2000,0.7071,0.0000,4.6945,0.8802,1.0000
10,3,1233,1236,4,3,2,0.4167,1234.138,526.602,429.146,11.4118,19.0000,1.5447,1.0612,5.5744,0.6978,0.1160,0.1863,0.9150,0.0615,3.3740,1.1736,0.4390
4,3,1236,1237,2,2,1,1.0000,1236.554,487.446,851.000,8.2148,16.0000,1.1429,0.6313,4.6942,0.0000,0.7500,0.2500,1.0000,0.0000,4.9876,1.7603,0.8214
6,3,1237,1239,3,3,1,0.6667,1237.603,317.231,931.000,9.3423,17.0000,1.3077,0.4596,4.9875,0.2083,0.6667,0.1250,0.8944,0.0000,4.2541,1.4669,0.6154
5,3,1239,1240,2,3,1,0.8333,1239.531,167.234,594.000,8.3970,16.0000,1.2500,0.5241,4.6940,0.5854,0.2927,0.1220,0.3162,0.0000,4.6941,0.7334,0.7188
5,3,1243,1244,2,2,2,0.6250,1243.441,465.632,861.824,8.9214,16.0000,1.1765,0.6008,4.6939,0.3432,0.2505,0.4063,0.6059,0.3645,4.6938,1.4668,0.6765
4,3,1245,1247,3,1,2,0.6667,1246.017,401.000,807.155,8.5073,18.0000,1.2414,0.1561,5.2804,0.5357,0.3214,0.1429,1.0000,0.0000,4.8404,1.1734,0.8448
5,3,1250,1252,3,1,2,0.8333,1250.743,549.000,689.471,9.1829,17.0000,1.2143,0.5370,4.9867,0.5854,0.2927,0.1220,0.9487,0.0000,4.9868,1.1733,0.7143
3,3,1254,1254,1,2,2,0.7500,1254.000,349.688,477.354,8.1288,17.0000,1.0625,0.7175,4.9865,0.5333,0.2667,0.2000,0.0000,1.0000,4.9865,1.6133,1.0000
7,4,1259,1261,3,2,2,0.5833,1260.258,464.720,806.602,10.3093,17.0000,1.2796,0.7123,4.9860,0.4600,0.2645,0.2756,0.8571,0.1000,4.6926,0.8799,0.6667
4,3,1261,1263,3,2,1,0.6667,1261.984,495.508,551.000,8.9451,17.0000,1.1148,0.4921,4.9858,0.7576,0.1294,0.1129,0.8507,0.0000,4.9858,1.9063,0.7705
6,3,1267,1269,3,2,2,0.5000,1268.338,520.112,461.500,9.5773,16.0000,1.2000,0.6136,4.6919,0.6373,0.1269,0.2358,0.8795,0.0724,4.5452,1.1730,0.5875
7,3,1271,1274,4,2,2,0.4375,1272.932,664.364,481.795,9.7525,17.0000,1.3523,1.2601,4.9845,0.8243,0.0513,0.1244,0.9184,0.3278,4.1049,0.8796,0.5455
7,3,1274,1277,4,2,2,0.4375,1275.522,488.900,805.433,9.9736,18.0000,1.4000,0.6527,5.2775,0.7406,0.0824,0.1770,0.9316,0.0988,3.8115,1.1728,0.5556
5,3,1277,1279,3,2,2,0.4167,1277.907,495.160,714.560,9.8336,21.0000,1.4000,0.5898,6.1568,0.1521,0.5234,0.3245,1.0000,0.0000,4.9841,1.7591,0.7067
4,3,1302,1303,2,2,1,1.0000,1302.561,324.561,911.000,8.3520,17.0000,1.1930,0.6203,4.9819,0.0000,0.7500,0.2500,1.0000,0.0000,4.9819,1.4653,0.8246
8,3,1305,1307,3,3,2,0.4444,1306.430,463.640,724.710,10.3606,20.0000,1.6000,0.6313,5.8608,0.5462,0.2052,0.2485,0.6795,0.3815,3.2235,0.8791,0.5200
6,3,1312,1313,2,2,2,0.7500,1312.638,432.500,898.250,9.5702,16.0000,1.2000,0.6663,4.6884,0.2000,0.3333,0.4667,0.7071,0.7071,4.8349,1.1721,0.5750
9,3,1313,1316,4,2,2,0.5625,1314.942,1055.683,763.692,11.7208,18.0000,1.3500,1.0402,5.2744,0.6967,0.0349,0.2684,0.9758,0.2185,3.8092,0.5860,0.4250
5,3,1315,1316,2,2,3,0.4167,1315.377,503.130,634.928,9.0419,19.0000,1.3768,0.4053,5.5674,0.5461,0.2256,0.2283,0.5716,0.7118,4.9813,1.4651,0.7246
3,3,1317,1318,2,2,1,0.7500,1317.312,316.646,759.000,8.1203,17.0000,1.0625,0.7175,4.9813,0.5333,0.2667,0.2000,0.7071,0.0000,4.9813,1.7581,1.0000
5,3,1325,1327,3,3,1,0.5556,1326.265,418.221,488.000,8.9105,17.0000,1.2500,0.8231,4.9811,0.8123,0.1108,0.0769,0.7071,0.0000,4.9811,1.1720,0.7059
8,3,1328,1330,3,3,3,0.2963,1328.827,408.551,466.112,10.1521,17.0000,1.3878,0.9473,4.9811,0.2632,0.2871,0.4497,0.5000,0.7071,3.2231,1.1720,0.5000
4,3,1333,1334,2,2,1,1.0000,1333.556,405.508,634.000,9.2297,18.0000,1.1429,0.6749,5.2741,0.0000,0.7500,0.2500,1.0000,0.0000,5.2741,0.8790,0.7937
6,3,1335,1337,3,2,2,0.5000,1336.122,599.878,557.646,9.8087,16.0000,1.1707,0.6690,4.6881,0.5230,0.1584,0.3185,0.9225,0.0898,4.3951,0.8790,0.5732
7,3,1338,1340,3,2,3,0.3889,1339.211,472.344,585.100,9.9671,16.0000,1.2444,0.4162,4.6881,0.4888,0.1571,0.3542,0.7058,0.4587,4.6881,1.7580,0.5222
5,3,1351,1352,2,2,2,0.6250,1351.536,513.855,1016.594,9.0417,16.0000,1.1594,0.8134,4.6882,0.3432,0.2505,0.4063,0.6059,0.3645,4.9812,1.9046,0.6812
7,3,1356,1358,3,2,3,0.3889,1357.287,595.745,370.213,10.4104,17.0000,1.2660,0.8760,4.9813,0.2843,0.4935,0.2222,0.8778,0.4790,4.6882,0.8790,0.5213
9,3,1360,1363,4,2,2,0.5625,1361.640,567.711,582.202,11.1347,17.0000,1.3421,0.5038,4.9813,0.7824,0.0670,0.1506,0.9591,0.1071,3.8092,1.1721,0.4211
6,3,1363,1364,2,2,2,0.7500,1363.476,444.671,629.256,9.8092,18.0000,1.3171,0.6326,5.2744,0.2000,0.3333,0.4667,0.0000,0.0000,4.8348,1.4651,0.5976
4,3,1369,1370,2,3,1,0.6667,1369.746,205.441,684.000,8.6442,20.0000,1.3559,0.6144,5.8605,0.7500,0.1500,0.1000,0.3162,0.0000,4.6884,1.1721,0.8475
9,3,1370,1372,3,2,3,0.5000,1371.220,777.780,404.165,10.6466,17.0000,1.4037,0.3525,4.9814,0.2667,0.3817,0.3516,0.9518,0.1993,3.8093,1.4651,0.4312
8,3,1372,1374,3,2,2,0.6667,1373.265,820.431,746.588,10.5672,18.0000,1.4118,0.6525,5.2745,0.4685,0.1696,0.3619,0.8569,0.5155,3.5163,1.1721,0.5000
6,3,1388,1390,3,2,2,0.5000,1388.741,776.642,901.259,9.6898,16.0000,1.1852,0.8626,4.6884,0.6381,0.1455,0.2164,0.8019,0.3768,4.5419,1.1721,0.5679
4,3,1389,1390,2,1,3,0.6667,1389.818,474.000,314.182,8.0582,15.0000,1.0909,1.1957,4.3954,0.7500,0.1500,0.1000,0.3162,0.0000,4.6884,1.0256,0.8182
6,3,1391,1393,3,3,1,0.6667,1392.346,513.728,544.000,9.6897,17.0000,1.2593,0.8063,4.9814,0.2083,0.6667,0.1250,0.8944,0.0000,4.2488,1.3186,0.6049
5,3,1393,1395,3,2,1,0.8333,1393.809,188.529,645.000,8.9109,16.0000,1.1765,0.9667,4.6883,0.5854,0.2927,0.1220,0.9487,0.0000,4.6883,0.5860,0.6912
140,71,1394,1399,6,11,12,0.1768,1396.264,668.655,274.226,71.6434,65.0000,3.1455,1.3887,19.0461,0.4360,0.2583,0.3058,0.1520,0.9869,4.6882,1.4651,0.7560
4,3,1404,1405,2,2,1,1.0000,1404.533,663.467,597.000,8.7900,17.0000,1.1333,0.6600,4.9810,0.0000,0.7500,0.2500,1.0000,0.0000,4.9810,2.0510,0.7833
8,3,1409,1410,2,2,2,1.0000,1409.521,988.445,651.513,12.3268,20.0000,1.3445,0.8157,5.8597,0.0000,0.0000,1.0000,0.0000,1.0000,4.5413,1.1720,0.5630
49,29,1428,1432,5,5,6,0.3267,1430.630,111.799,853.569,39.8376,50.0000,2.5735,0.7079,14.6461,0.2287,0.2977,0.4735,0.2180,0.7195,4.8332,1.4646,0.7658
5,3,1432,1433,2,3,2,0.4167,1432.485,376.909,651.152,8.6458,17.0000,1.2879,0.5446,4.9796,0.5461,0.2256,0.2283,0.5716,0.7118,4.6867,1.4646,0.7121
6,3,1448,1450,3,3,1,0.6667,1448.616,1004.209,552.000,10.2839,19.0000,1.3256,0.6509,5.5653,0.2083,0.6667,0.1250,0.8944,0.0000,4.6866,1.4645,0.6047
4,3,1449,1450,2,1,2,1.0000,1449.467,563.000,688.583,8.7873,18.0000,1.2000,0.6768,5.2724,0.0000,0.7500,0.2500,0.0000,0.0000,4.9795,1.3181,0.8333
5,3,1450,1452,3,3,1,0.5556,1451.312,594.906,621.000,8.3837,15.0000,1.1719,0.3263,4.3937,0.5532,0.3398,0.1070,0.8281,0.0000,4.6866,1.7575,0.7031
11,4,1452,1454,3,6,2,0.3056,1452.759,559.977,549.391,11.7463,16.0000,1.3233,1.1209,4.6867,0.8413,0.0944,0.0642,0.3539,0.1881,3.5150,1.1717,0.4662
7,3,1452,1454,3,3,2,0.3889,1452.779,665.000,501.221,9.5213,19.0000,1.5465,0.3124,5.5654,0.5170,0.0882,0.3949,0.8847,0.3734,3.3685,1.6110,0.5698
8,3,1457,1459,3,3,2,0.4444,1458.356,616.519,502.250,10.7710,18.0000,1.3846,0.6773,5.2728,0.1006,0.5836,0.3157,0.0315,0.0945,4.5405,1.7576,0.4808
4,3,1460,1461,2,2,1,1.0000,1460.443,237.557,590.000,8.9347,17.0000,1.1148,0.7117,4.9800,0.0000,0.7500,0.2500,1.0000,0.0000,4.6870,0.4394,0.8361
7,3,1460,1463,4,2,3,0.2917,1461.511,792.667,264.278,9.9650,19.0000,1.4778,0.9337,5.5660,0.8723,0.0308,0.0969,0.8245,0.4790,3.8083,0.7324,0.5444
6,3,1460,1462,3,3,1,0.6667,1461.287,1088.750,863.000,9.5675,17.0000,1.2750,1.0345,4.9801,0.4000,0.4800,0.1200,0.7071,0.0000,4.6871,1.7576,0.6000
5,3,1466,1468,3,1,2,0.8333,1466.746,723.000,135.463,8.7782,16.0000,1.1940,0.5277,4.6875,0.5854,0.2927,0.1220,0.9487,0.0000,4.6874,1.6113,0.7015
6,3,1467,1469,3,3,1,0.6667,1467.718,456.835,521.000,10.1664,19.0000,1.3412,0.7363,5.5664,0.2083,0.6667,0.1250,0.8944,0.0000,4.8340,1.3184,0.6000
3,3,1472,1473,2,2,1,0.7500,1472.347,446.694,438.000,8.2888,17.0000,1.0408,0.4627,4.9809,0.5333,0.2667,0.2000,0.7071,0.0000,5.2738,1.4649,1.0000
4,4,1473,1474,2,2,1,1.0000,1473.577,554.493,998.000,10.4014,21.0000,1.1831,0.6493,6.1530,0.0000,0.7500,0.2500,1.0000,0.0000,5.4204,1.6115,1.0000
5,3,1476,1477,2,3,1,0.8333,1476.615,503.692,672.000,8.5175,15.0000,1.1538,0.9263,4.3952,0.5854,0.2927,0.1220,0.3162,0.0000,4.9811,1.0255,0.6923
5,3,1478,1480,3,1,3,0.5556,1479.294,391.000,313.956,8.9109,16.0000,1.1765,0.2974,4.6883,0.5532,0.3398,0.1070,0.8281,0.0000,4.3953,1.3186,0.6765
4,3,1480,1482,3,2,1,0.6667,1481.082,823.459,490.000,8.9373,17.0000,1.1148,0.4663,4.9814,0.7576,0.1294,0.1129,0.8507,0.0000,5.1280,1.4651,0.8197
5,3,1483,1485,3,1,2,0.8333,1484.275,495.000,581.522,9.0424,18.0000,1.3043,0.8929,5.2747,0.5854,0.2927,0.1220,0.9487,0.0000,4.9816,1.4652,0.6957
7,3,1485,1487,3,2,3,0.3889,1486.073,832.817,395.878,9.0822,15.0000,1.2805,0.8294,4.3956,0.6788,0.0891,0.2320,0.7979,0.1151,3.5165,2.0513,0.5488
5,3,1488,1490,3,2,1,0.8333,1488.744,231.423,741.000,10.2221,19.0000,1.2179,0.4947,5.5678,0.5854,0.2927,0.1220,0.9487,0.0000,4.6887,1.1722,0.6667
3,3,1491,1493,3,1,1,1.0000,1492.020,330.000,746.000,8.2903,18.0000,1.1020,0.0204,5.2748,0.8889,0.0000,0.1111,1.0000,0.0000,5.2748,2.0513,1.0000
5,3,1494,1495,2,3,1,0.8333,1494.631,759.785,456.000,8.5184,16.0000,1.2308,0.4275,4.6887,0.5854,0.2927,0.1220,0.3162,0.0000,4.9817,1.1722,0.7077
4,3,1501,1502,2,2,1,1.0000,1501.467,328.417,397.000,8.7907,18.0000,1.2000,0.6768,5.2744,0.0000,0.7500,0.2500,1.0000,0.0000,4.9814,1.9047,0.8333
5,3,1501,1503,3,2,1,0.8333,1501.822,442.548,495.000,9.5662,18.0000,1.2329,0.5762,5.2744,0.5854,0.2927,0.1220,0.9487,0.0000,4.6884,1.7581,0.6712
5,3,1503,1504,2,3,1,0.8333,1503.565,406.754,285.000,9.0418,19.0000,1.3768,0.4997,5.5672,0.5854,0.2927,0.1220,0.3162,0.0000,4.9813,0.8791,0.7101
5,3,1504,1506,3,2,2,0.4167,1504.716,406.866,757.716,8.7795,18.0000,1.3433,0.4229,5.2741,0.6999,0.1281,0.1720,0.8684,0.1395,4.6880,1.4650,0.7164
6,3,1514,1515,2,3,2,0.5000,1514.467,590.987,933.547,8.9694,16.0000,1.2800,0.7189,4.6871,0.6168,0.1058,0.2774,0.5000,0.5000,3.9547,0.8788,0.6267
5,3,1521,1522,2,2,2,0.6250,1521.397,526.132,746.471,8.9065,16.0000,1.1765,0.6298,4.6861,0.3432,0.2505,0.4063,0.6059,0.3645,4.9788,1.0251,0.7059
6,3,1524,1526,3,2,2,0.5000,1525.190,708.488,627.250,10.0423,19.0000,1.3571,0.6007,5.5640,0.5943,0.2116,0.1941,0.8667,0.4967,4.2462,0.8786,0.6190
9,3,1539,1542,4,3,2,0.3750,1540.420,915.080,545.723,10.9283,21.0000,1.6875,0.5091,6.1472,0.3785,0.3709,0.2506,0.9691,0.0108,3.5126,1.4636,0.4821
7,3,1554,1556,3,2,2,0.5833,1554.728,353.630,604.348,10.1781,19.0000,1.4457,0.7696,5.5614,0.4600,0.2645,0.2756,0.8571,0.1000,3.5125,0.8781,0.5326
9,3,1557,1559,3,3,2,0.5000,1557.746,491.205,523.598,11.9037,20.0000,1.4754,0.5176,5.8543,0.2881,0.3787,0.3332,0.7556,0.4260,4.0979,1.1709,0.5656
7,3,1557,1559,3,3,2,0.3889,1557.758,581.293,596.101,10.9529,21.0000,1.4848,0.3934,6.1470,0.3231,0.4135,0.2634,0.5071,0.1501,4.3907,1.0245,0.5455
10,3,1565,1567,3,2,4,0.4167,1565.852,474.739,503.165,10.6464,15.0000,1.3043,1.4033,4.3914,0.5652,0.2944,0.1404,0.4112,0.0495,3.6595,1.1710,0.3913
6,3,1566,1568,3,3,2,0.3333,1566.833,375.000,637.513,9.3225,16.0000,1.2308,0.5392,4.6842,0.6378,0.1768,0.1854,0.7170,0.4222,4.2450,0.8783,0.5897
8,3,1568,1570,3,2,3,0.4444,1568.837,693.092,356.306,10.1442,18.0000,1.4694,0.3589,5.2700,0.5236,0.2754,0.2010,0.4628,0.0056,3.8060,1.3175,0.5000
3,3,1576,1577,2,2,1,0.7500,1576.647,572.706,457.000,8.6224,18.0000,1.0588,0.7108,5.2710,0.5333,0.2667,0.2000,0.7071,0.0000,5.8565,1.6106,1.0000
7,3,1583,1585,3,4,1,0.5833,1584.125,471.479,390.000,10.6268,19.0000,1.3854,0.4952,5.5646,0.4802,0.4287,0.0910,0.1891,0.0000,4.1003,1.1715,0.5312
5,3,1588,1590,3,1,3,0.5556,1589.134,499.000,301.015,8.7758,18.0000,1.3433,0.1352,5.2719,0.5532,0.3398,0.1070,0.8281,0.0000,4.9790,1.3180,0.7164
6,3,1592,1594,3,4,1,0.5000,1592.663,492.072,821.000,9.9243,17.0000,1.2289,0.3450,4.9790,0.8424,0.1058,0.0518,0.5335,0.0000,4.5397,1.6109,0.5904
4,3,1592,1595,4,1,1,1.0000,1593.333,599.000,332.000,9.2258,21.0000,1.3333,0.3333,6.1506,0.9375,0.0000,0.0625,1.0000,0.0000,5.1255,0.4393,0.8571
9,3,1598,1600,3,3,2,0.5000,1598.865,190.010,707.183,10.1525,15.0000,1.2981,1.3422,4.3930,0.3312,0.3580,0.3108,0.7168,0.2188,3.2215,0.8786,0.4327
8,3,1598,1600,3,3,2,0.4444,1599.339,523.890,919.193,11.2860,19.0000,1.3945,0.4055,5.5644,0.5871,0.1225,0.2904,0.6652,0.4735,4.1000,1.6107,0.5138
6,3,1598,1599,2,2,2,0.7500,1598.459,541.294,483.694,10.1627,19.0000,1.3412,0.6877,5.5644,0.2000,0.3333,0.4667,0.0000,0.0000,3.9537,1.1714,0.6000
8,3,1607,1610,4,3,2,0.3333,1608.327,661.911,825.436,10.4544,18.0000,1.4257,0.8069,5.2697,0.6927,0.1758,0.1315,0.8845,0.4259,3.8060,1.4637,0.4950
5,3,1608,1610,3,2,1,0.8333,1608.710,726.377,909.000,9.0340,18.0000,1.3043,0.4754,5.2697,0.5854,0.2927,0.1220,0.9487,0.0000,4.9771,1.7567,0.6957
5,3,1621,1623,3,2,1,0.8333,1621.746,261.478,313.000,8.7656,17.0000,1.2687,0.5807,4.9732,0.5854,0.2927,0.1220,0.9487,0.0000,4.9730,1.1700,0.7015
5,4,1628,1629,2,2,2,0.6250,1628.427,383.440,465.840,9.8080,17.0000,1.1333,0.8173,4.9709,0.3432,0.2505,0.4063,0.6059,0.3645,4.6788,1.1697,0.8400
3,3,1634,1635,2,2,1,0.7500,1634.667,469.333,674.000,7.5945,15.0000,1.0000,0.7454,4.3848,0.5333,0.2667,0.2000,0.7071,0.0000,4.6769,1.1692,1.0000
5,3,1635,1636,2,2,2,0.6250,1635.446,395.135,895.473,9.6733,18.0000,1.2162,0.7765,5.2612,0.3432,0.2505,0.4063,0.6059,0.3645,4.9690,2.0461,0.6757
4,3,1638,1640,3,2,1,0.6667,1639.123,506.415,564.000,9.4980,20.0000,1.2308,0.4332,5.8450,0.7576,0.1294,0.1129,0.8507,0.0000,5.6987,1.7534,0.8462
6,3,1643,1644,2,2,2,0.7500,1643.494,486.667,504.284,9.6625,16.0000,1.1852,0.6693,4.6751,0.2000,0.3333,0.4667,0.0000,0.0000,4.2369,1.1688,0.5679
6,3,1644,1646,3,2,2,0.5000,1644.780,860.622,562.890,9.7814,17.0000,1.2439,0.4507,4.9672,0.5230,0.1584,0.3185,0.9225,0.0898,4.5290,1.1688,0.5854
8,3,1648,1650,3,5,1,0.5333,1648.835,586.021,435.000,10.0196,17.0000,1.4021,0.8353,4.9668,0.8297,0.1294,0.0409,0.2378,0.0000,3.3599,1.1686,0.4948
6,3,1651,1653,3,1,2,1.0000,1651.916,601.000,250.506,9.8995,16.0000,1.1566,1.0462,4.6745,0.5556,0.3333,0.1111,1.0000,0.0000,4.8205,0.8765,0.5783
4,3,1660,1662,3,1,2,0.6667,1661.155,369.000,338.155,8.4732,17.0000,1.1724,1.1655,4.9672,0.7500,0.1500,0.1000,0.9487,0.0000,4.9670,1.4609,0.8448
5,3,1667,1668,2,3,1,0.8333,1667.382,591.779,595.000,8.8871,17.0000,1.2500,0.4414,4.9680,0.5854,0.2927,0.1220,0.3162,0.0000,4.9680,1.3150,0.7059
3,3,1667,1668,2,1,2,0.7500,1667.314,704.000,160.314,8.6049,19.0000,1.1176,0.4437,5.5525,0.5333,0.2667,0.2000,0.7071,0.0000,4.9682,1.1689,1.0000
4,3,1673,1675,3,1,2,0.6667,1674.100,715.000,216.250,8.7699,21.0000,1.4000,0.2693,6.1389,0.5357,0.3214,0.1429,1.0000,0.0000,4.9696,1.1693,0.8500
7,3,1677,1679,3,3,3,0.2593,1678.333,591.183,308.871,10.2780,19.0000,1.4301,0.7032,5.5558,0.6343,0.1895,0.1762,0.5724,0.1719,4.3861,0.8772,0.5484
7,3,1683,1686,4,2,2,0.4375,1684.946,1006.870,341.467,10.1714,16.0000,1.2174,0.4883,4.6802,0.7122,0.1467,0.1411,0.9661,0.0989,4.3873,0.8776,0.5109
3,3,1693,1694,2,1,2,0.7500,1693.358,843.000,321.340,8.9551,19.0000,1.0755,0.7259,5.5606,0.5333,0.2667,0.2000,0.7071,0.0000,5.5603,1.0243,1.0000
8,3,1696,1698,3,3,2,0.4444,1696.894,529.837,463.202,10.7629,18.0000,1.3846,0.2805,5.2689,0.3983,0.3141,0.2875,0.9498,0.3112,3.9518,1.3172,0.4904
5,3,1697,1699,3,1,2,0.8333,1698.213,486.000,584.680,9.8186,18.0000,1.2000,0.3846,5.2694,0.5854,0.2927,0.1220,0.9487,0.0000,4.6835,1.9028,0.6800
4,3,1698,1699,2,2,2,0.5000,1698.302,743.175,531.413,9.2212,19.0000,1.2063,0.8298,5.5622,0.5916,0.1015,0.3069,0.5000,0.5000,4.5374,1.1710,0.8254
9,3,1707,1710,4,3,3,0.2500,1708.635,764.235,604.870,11.2273,18.0000,1.4087,0.6893,5.2718,0.8002,0.0779,0.1220,0.7506,0.6403,4.1001,1.0251,0.4348
3,3,1707,1708,2,1,2,0.7500,1707.646,1063.000,403.688,8.1163,17.0000,1.0625,0.7175,4.9787,0.5333,0.2667,0.2000,0.7071,0.0000,5.2718,2.3430,1.0000
7,3,1714,1715,2,3,3,0.3889,1714.526,719.695,498.011,10.5192,22.0000,1.6211,0.5636,6.4452,0.5780,0.1560,0.2660,0.4489,0.8101,3.5156,1.4648,0.5789
9,3,1717,1719,3,2,3,0.5000,1718.320,818.194,712.854,10.0598,17.0000,1.4854,0.4019,4.9810,0.4268,0.2324,0.3408,0.5860,0.1241,2.9301,1.1720,0.4563
9,3,1718,1721,4,3,4,0.1875,1719.089,660.107,287.464,10.9391,18.0000,1.4464,0.4848,5.2742,0.8133,0.0838,0.1028,0.7127,0.7009,3.8090,1.7580,0.4464
7,3,1720,1722,3,2,3,0.3889,1721.255,843.724,226.816,10.8542,18.0000,1.2857,0.4180,5.2746,0.2843,0.4935,0.2222,0.8778,0.4790,4.3955,1.6116,0.4898
3,3,1724,1724,1,1,3,1.0000,1724.000,440.000,563.978,7.7833,16.0000,1.0435,0.9783,4.6891,0.8889,0.0000,0.1111,0.0000,1.0000,4.6891,1.1723,1.0000
5,3,1724,1725,2,2,2,0.6250,1724.492,711.615,978.862,8.5192,16.0000,1.2308,0.8097,4.6892,0.3432,0.2505,0.4063,0.6059,0.3645,4.9821,1.7584,0.7231
6,3,1745,1746,2,2,3,0.5000,1745.506,641.365,458.000,10.1775,21.0000,1.4824,0.6141,6.1592,0.4412,0.1872,0.3716,0.6154,0.7882,4.8393,1.7597,0.6353
7,3,1755,1758,4,2,2,0.4375,1756.624,805.892,528.473,10.3140,18.0000,1.3548,0.6140,5.2817,0.7406,0.0824,0.1770,0.9316,0.0988,3.8147,0.8803,0.5484
9,3,1762,1764,3,2,2,0.7500,1762.875,903.413,777.519,10.1748,15.0000,1.2981,1.0806,4.4026,0.4747,0.0505,0.4749,0.9719,0.0000,3.5221,1.3208,0.4327
6,3,1764,1766,3,3,1,0.6667,1764.896,1034.831,404.000,9.2272,16.0000,1.2468,0.1982,4.6965,0.6944,0.2222,0.0833,0.8000,0.0000,4.5496,1.7612,0.5974
5,3,1766,1767,2,2,2,0.6250,1766.609,553.859,655.609,8.4021,15.0000,1.1719,0.7374,4.4034,0.3432,0.2505,0.4063,0.6059,0.3645,4.1097,1.1742,0.7031
9,3,1769,1772,4,2,3,0.3750,1770.464,555.348,555.188,10.9614,16.0000,1.2857,0.6099,4.6979,0.7189,0.1456,0.1355,0.7021,0.1061,3.5234,0.8809,0.4286
4,3,1769,1771,3,1,2,0.6667,1770.159,723.000,299.397,9.2486,19.0000,1.2063,0.4274,5.5787,0.7576,0.1294,0.1129,0.8507,0.0000,5.4316,0.8808,0.8571
6,3,1783,1785,3,2,2,0.5000,1783.768,621.122,567.293,9.8355,20.0000,1.4634,0.3927,5.8761,0.5230,0.1584,0.3185,0.9225,0.0898,4.5540,0.8814,0.6220
5,3,1785,1786,2,2,3,0.4167,1785.364,604.136,366.061,8.6726,16.0000,1.2121,0.3931,4.7011,0.1521,0.5234,0.3245,0.0000,0.5847,4.9949,1.4692,0.6970
6,4,1789,1791,3,1,2,1.0000,1789.957,636.000,185.522,11.0384,20.0000,1.3043,0.4802,5.8779,0.5556,0.3333,0.1111,1.0000,0.0000,5.1431,0.8816,0.7500
10,3,1796,1799,4,3,3,0.2778,1797.576,795.136,489.602,10.9709,17.0000,1.4407,0.8441,4.9980,0.7876,0.0263,0.1860,0.7535,0.6375,3.5281,1.3230,0.4153
5,3,1799,1801,3,2,2,0.4167,1799.942,1168.145,613.797,9.0736,15.0000,1.0870,0.9745,4.4109,0.7958,0.0325,0.1718,0.9294,0.3690,4.7045,0.5881,0.6522
10,3,1809,1811,3,2,4,0.4167,1810.065,581.444,394.548,11.5362,18.0000,1.4516,0.6363,5.2955,0.7524,0.0880,0.1596,0.6723,0.6588,3.6775,0.5884,0.4032
6,3,1813,1814,2,2,3,0.5000,1813.459,587.797,881.514,8.8894,15.0000,1.2162,1.0538,4.4139,0.6373,0.1269,0.2358,0.4046,0.4063,3.9724,0.8828,0.6081
4,3,1818,1819,2,1,2,1.0000,1818.460,892.000,637.460,9.2714,18.0000,1.1429,0.6510,5.2978,0.0000,0.7500,0.2500,0.0000,0.0000,5.2980,1.7658,0.7937
4,3,1820,1822,3,1,2,0.6667,1821.421,1034.000,932.281,8.3898,17.0000,1.1930,0.6434,5.0046,0.7500,0.1500,0.1000,0.9487,0.0000,4.8573,0.8831,0.8421
5,3,1823,1824,2,1,3,0.8333,1823.548,817.000,221.753,9.6116,19.0000,1.3014,0.5149,5.5940,0.5854,0.2927,0.1220,0.3162,0.0000,5.0049,1.1776,0.7123
6,3,1824,1825,2,2,2,0.7500,1824.373,277.614,607.289,9.9766,20.0000,1.4458,0.7750,5.8884,0.2000,0.3333,0.4667,0.0000,0.0000,4.5636,1.1778,0.6265
7,3,1826,1828,3,2,3,0.3889,1826.909,592.886,624.795,9.7944,16.0000,1.2727,0.9387,4.7116,0.4552,0.3334,0.2114,0.8579,0.2968,3.8279,1.4723,0.5341
7,3,1828,1829,2,2,3,0.5833,1828.247,817.588,535.424,9.4613,16.0000,1.3176,0.6403,4.7119,0.5694,0.1270,0.3036,0.3597,0.8825,3.5341,0.5890,0.5412
4,3,1837,1838,2,2,2,0.5000,1837.267,935.250,214.200,8.8403,17.0000,1.1333,0.4167,5.0094,0.0000,0.5625,0.4375,0.4459,0.5774,4.8623,1.1787,0.8000
8,3,1842,1844,3,2,3,0.4444,1842.922,950.456,902.942,10.7358,18.0000,1.3981,0.4665,5.3066,0.4702,0.2602,0.2696,0.9107,0.1045,3.9800,1.1793,0.4757
3,3,1843,1844,2,1,2,0.7500,1843.673,1056.000,357.712,8.8514,20.0000,1.1538,0.4360,5.8967,0.5333,0.2667,0.2000,0.7071,0.0000,5.3066,1.1794,1.0000
4,4,1845,1846,2,2,1,1.0000,1845.469,943.516,542.000,9.4360,18.0000,1.1250,0.6741,5.3075,0.0000,0.7500,0.2500,1.0000,0.0000,4.8654,0.8847,1.0000
4,3,1851,1852,2,2,1,1.0000,1851.484,973.500,522.000,9.1463,17.0000,1.0968,0.6958,5.0155,0.0000,0.7500,0.2500,1.0000,0.0000,5.1632,2.0653,0.7742
5,3,1854,1856,3,1,2,0.8333,1855.362,699.000,572.377,9.1081,19.0000,1.3768,0.7407,5.6085,0.5854,0.2927,0.1220,0.9487,0.0000,5.0176,1.1806,0.7101
6,3,1859,1861,3,3,2,0.3333,1860.000,858.000,660.111,9.7658,22.0000,1.6296,0.1111,6.4971,0.0000,0.4667,0.5333,1.0000,0.0000,4.2820,1.7720,0.6667
4,3,1869,1870,2,2,2,0.5000,1869.175,854.456,322.719,8.4272,16.0000,1.1228,0.8696,4.7309,0.5916,0.1015,0.3069,0.5000,0.5000,4.2875,0.5917,0.8246
7,3,1871,1874,4,2,3,0.2917,1872.819,652.880,509.361,9.2815,16.0000,1.3494,0.4217,4.7339,0.8243,0.0392,0.1364,0.8415,0.2378,3.2546,0.7398,0.5542
4,3,1875,1876,2,1,2,1.0000,1875.468,906.000,495.516,9.1758,17.0000,1.0968,0.6730,5.0315,0.0000,0.7500,0.2500,0.0000,0.0000,4.8840,0.8880,0.7742
23,3,1901,1904,4,5,6,0.1917,1902.337,1080.117,439.557,16.9617,23.0000,1.9377,0.6613,6.8525,0.6506,0.1472,0.2023,0.0047,0.6177,3.5741,0.5967,0.3700
5,3,1903,1905,3,1,2,0.8333,1904.169,548.000,137.282,9.4670,19.0000,1.3380,0.3285,5.6646,0.5854,0.2927,0.1220,0.9487,0.0000,5.0666,1.1925,0.7183
5,3,1912,1914,3,1,2,0.8333,1912.731,662.000,509.537,8.9620,16.0000,1.1940,0.9075,4.7861,0.5854,0.2927,0.1220,0.9487,0.0000,5.0852,1.1965,0.7015
6,3,1913,1915,3,2,1,1.0000,1914.104,807.519,656.000,9.4073,16.0000,1.2468,0.5298,4.7899,0.5556,0.3333,0.1111,1.0000,0.0000,4.1898,1.0476,0.6104
6,3,1914,1916,3,1,3,0.6667,1914.963,806.000,628.272,9.8994,19.0000,1.4074,0.2741,5.6880,0.6944,0.2222,0.0833,0.8000,0.0000,3.8930,1.3472,0.6173
4,3,1922,1924,3,2,1,0.6667,1923.093,987.556,484.000,8.1107,16.0000,1.1852,0.4540,4.8061,0.7576,0.1294,0.1129,0.8507,0.0000,4.6568,0.9013,0.8333
5,3,1926,1927,2,2,2,0.6250,1926.383,608.300,96.617,8.0722,14.0000,1.1667,0.7856,4.2128,0.2938,0.4054,0.3007,0.7071,0.6739,4.5119,1.5044,0.7000
3,3,1926,1926,1,2,2,0.7500,1926.000,1019.682,437.659,7.6409,15.0000,1.0227,0.7319,4.5117,0.5333,0.2667,0.2000,0.0000,1.0000,5.1133,1.2031,1.0000
3,3,1929,1931,3,1,1,1.0000,1930.022,968.000,585.000,7.8287,16.0000,1.0667,0.0222,4.8212,0.8889,0.0000,0.1111,1.0000,0.0000,4.8235,1.0544,1.0000
5,3,1932,1934,3,2,1,0.8333,1932.735,733.632,521.000,9.1748,18.0000,1.3235,0.8221,5.4288,0.5854,0.2927,0.1220,0.9487,0.0000,4.5263,1.0561,0.6765
6,3,1934,1936,3,2,2,0.5000,1934.649,651.851,316.459,9.1224,15.0000,1.2162,0.5972,4.5302,0.6373,0.1269,0.2358,0.8795,0.0724,4.0755,0.9053,0.5946
4,3,1937,1939,3,1,2,0.6667,1937.900,569.000,272.250,9.0724,21.0000,1.4000,0.2693,6.3510,0.5357,0.3214,0.1429,1.0000,0.0000,4.8378,1.2094,0.8500
8,3,1937,1939,3,3,2,0.4444,1938.226,1103.274,536.226,11.3351,18.0000,1.3585,0.4212,5.4437,0.2444,0.3475,0.4081,0.6838,0.1800,4.0827,1.5121,0.4340
5,3,1938,1940,3,2,1,0.8333,1939.250,977.397,978.000,9.2022,15.0000,1.1029,0.4692,4.5406,0.5854,0.2927,0.1220,0.9487,0.0000,4.5388,1.5130,0.6471
3,3,1940,1941,2,2,1,0.7500,1940.333,947.333,353.000,7.8657,15.0000,1.0000,0.4714,4.5426,0.5333,0.2667,0.2000,0.7071,0.0000,4.8431,1.2110,1.0000
8,3,1941,1943,3,2,2,0.6667,1941.837,510.214,400.347,10.4970,19.0000,1.5510,0.4392,5.7566,0.4961,0.2369,0.2670,0.9586,0.0986,3.6352,0.9083,0.4796
7,3,1942,1944,3,2,3,0.3889,1942.810,951.214,498.238,9.6229,18.0000,1.5000,0.3727,5.4562,0.3994,0.3420,0.2586,0.7329,0.5294,3.6355,0.9095,0.5595
5,3,1945,1946,2,2,2,0.6250,1945.369,1055.538,656.692,8.8209,16.0000,1.2308,0.7218,4.8543,0.2938,0.4054,0.3007,0.0000,0.3029,4.5526,1.5172,0.6923
6,3,1946,1948,3,2,2,0.5000,1947.247,757.260,241.685,9.0510,15.0000,1.2329,0.8571,4.5571,0.4074,0.2455,0.3471,0.9369,0.3292,4.7057,2.1249,0.5890
4,3,1946,1948,3,2,1,0.6667,1946.825,848.211,564.000,8.6539,16.0000,1.1228,1.1941,4.8609,0.7500,0.1500,0.1000,0.9487,0.0000,4.0987,0.0000,0.7895
4,3,1946,1948,3,2,1,0.6667,1947.075,859.717,443.000,8.0475,15.0000,1.1321,0.7209,4.5551,0.5357,0.3214,0.1429,1.0000,0.0000,3.9490,0.6076,0.8113
4,3,1947,1950,4,1,1,1.0000,1948.642,525.000,400.000,8.0532,15.0000,1.1321,0.6415,4.5592,0.9375,0.0000,0.0625,1.0000,0.0000,4.7109,1.2154,0.8302
5,4,1948,1949,2,3,2,0.4167,1948.439,832.136,1063.864,8.9690,15.0000,1.1364,0.5928,4.5592,0.7729,0.0435,0.1836,0.4781,0.7852,4.5571,1.2157,0.8636
9,3,1949,1951,3,3,4,0.2500,1949.858,516.792,531.311,10.7435,15.0000,1.2736,1.0594,4.5612,0.4028,0.4415,0.1557,0.0959,0.7546,3.9525,1.5201,0.4057
3,3,1950,1952,3,1,1,1.0000,1950.917,1078.000,428.000,8.4304,18.0000,1.1250,0.9167,5.4735,0.8889,0.0000,0.1111,1.0000,0.0000,5.1714,0.3042,1.0000
6,3,1954,1956,3,3,1,0.6667,1954.947,824.197,392.000,9.4554,18.0000,1.4211,0.2043,5.4856,0.6944,0.2222,0.0833,0.8000,0.0000,4.4187,1.2193,0.6053
5,3,1954,1956,3,2,1,0.8333,1955.082,1159.607,480.000,8.3140,14.0000,1.1475,1.1513,4.2666,0.5854,0.2927,0.1220,0.9487,0.0000,4.5697,1.3712,0.6885
6,3,1956,1958,3,2,2,0.5000,1956.958,665.125,514.681,8.9656,15.0000,1.2500,0.3456,4.5753,0.7074,0.0897,0.2030,0.9140,0.2540,4.4222,1.3725,0.5972
8,3,1958,1959,2,3,3,0.4444,1958.361,810.000,405.155,10.4668,14.0000,1.1546,0.3926,4.2740,0.5934,0.2509,0.1557,0.0678,0.6246,4.2731,1.8297,0.4330
6,3,1958,1960,3,2,2,0.5000,1959.200,1006.106,600.247,10.5946,21.0000,1.4824,0.3350,6.4110,0.5034,0.2551,0.2415,0.9677,0.2521,4.7330,1.3735,0.6471
4,3,1960,1963,4,1,1,1.0000,1961.346,1036.000,417.000,7.9454,15.0000,1.1538,0.3462,4.5832,0.9375,0.0000,0.0625,1.0000,0.0000,4.5834,0.7641,0.8269
3,3,1961,1962,2,1,2,0.7500,1961.644,840.000,462.311,7.9405,16.0000,1.0667,0.7156,4.8887,0.5333,0.2667,0.2000,0.7071,0.0000,5.1965,1.9861,1.0000
4,4,1963,1965,3,1,2,0.6667,1963.984,565.000,519.742,9.4838,17.0000,1.0968,0.2586,5.2009,0.5357,0.3214,0.1429,1.0000,0.0000,5.0469,1.5295,1.0000
5,3,1964,1966,3,2,2,0.4167,1965.062,847.172,681.375,8.7602,15.0000,1.1719,0.4172,4.5909,0.5461,0.2256,0.2283,0.8117,0.4177,4.8965,1.6822,0.6719
3,3,1965,1967,3,1,1,1.0000,1965.961,459.000,395.000,9.0155,19.0000,1.1176,0.0392,5.8175,0.8889,0.0000,0.1111,1.0000,0.0000,5.8153,1.5316,1.0000
6,3,1967,1969,3,1,3,0.6667,1968.066,646.000,514.211,9.5080,16.0000,1.2632,0.2206,4.9030,0.6944,0.2222,0.0833,0.8000,0.0000,4.4446,1.6859,0.5921
4,3,1967,1968,2,1,2,1.0000,1967.590,718.000,333.590,9.3448,22.0000,1.4426,0.5796,6.7416,0.0000,0.7500,0.2500,0.0000,0.0000,4.5957,1.2261,0.8197
4,3,1967,1969,3,2,1,0.6667,1968.213,1068.164,484.000,9.3471,18.0000,1.1803,0.2689,5.5181,0.7500,0.1500,0.1000,0.9487,0.0000,5.3618,0.9196,0.8361
7,3,1970,1971,2,2,2,0.8750,1970.471,1188.682,665.506,9.8547,17.0000,1.4000,0.7982,5.2157,0.0000,0.3318,0.6682,0.0000,0.5774,3.9871,1.5331,0.5529
5,3,1975,1977,3,1,2,0.8333,1975.779,471.000,675.574,9.3475,15.0000,1.1029,0.6145,4.6110,0.5854,0.2927,0.1220,0.9487,0.0000,4.6094,0.9216,0.6324
6,3,1978,1979,2,3,2,0.5000,1978.500,800.038,446.577,9.7979,15.0000,1.1538,0.6561,4.6162,0.6168,0.1058,0.2774,0.5000,0.5000,4.4615,1.3844,0.5769
6,3,1979,1981,3,2,2,0.5000,1980.351,407.143,462.312,9.6788,16.0000,1.2468,0.4904,4.9275,0.5034,0.2551,0.2415,0.9677,0.2521,4.1569,1.2317,0.5974
4,3,1982,1983,2,2,2,0.5000,1982.732,703.161,161.482,8.6284,18.0000,1.2857,0.6048,5.5474,0.5916,0.1015,0.3069,0.5000,0.5000,4.7761,1.3865,0.8393
6,3,1982,1984,3,2,2,0.5000,1983.160,756.147,181.320,9.4368,14.0000,1.1200,0.3867,4.3161,0.5230,0.1584,0.3185,0.9225,0.0898,4.3142,1.5409,0.5600
4,3,1983,1984,2,1,2,1.0000,1983.434,735.000,536.453,8.1682,15.0000,1.1321,0.6272,4.6228,0.0000,0.7500,0.2500,0.0000,0.0000,4.7779,1.2326,0.8302
4,3,1983,1985,3,2,1,0.6667,1983.982,938.750,472.000,8.6322,15.0000,1.0714,0.2506,4.6244,0.5357,0.3214,0.1429,1.0000,0.0000,4.6237,1.5409,0.7679
4,3,1988,1989,2,1,2,1.0000,1988.542,749.000,472.458,9.1084,17.0000,1.1525,0.6472,5.2497,0.0000,0.7500,0.2500,0.0000,0.0000,5.2487,1.5442,0.7966
4,3,1988,1989,2,3,1,0.6667,1988.830,1086.208,507.000,8.1829,16.0000,1.2075,0.8104,4.9409,0.7500,0.1500,0.1000,0.3162,0.0000,4.9407,0.9265,0.8302
10,3,1989,1991,3,3,3,0.3704,1989.949,928.907,282.424,11.5264,17.0000,1.4407,0.4368,5.2513,0.4376,0.2904,0.2720,0.7678,0.3050,4.0158,2.1614,0.3898
4,3,1989,1990,2,2,2,0.5000,1989.746,997.542,608.797,9.1118,17.0000,1.1525,0.5616,5.2513,0.5916,0.1015,0.3069,0.5000,0.5000,5.2502,2.4704,0.7966
4,4,1991,1992,2,2,1,1.0000,1991.483,988.500,859.000,8.9622,15.0000,1.0345,0.6950,4.6349,0.0000,0.7500,0.2500,1.0000,0.0000,4.1720,0.3094,1.0000
4,3,1992,1993,2,1,3,0.6667,1992.269,567.000,464.385,8.0370,15.0000,1.1538,0.6717,4.6364,0.7500,0.1500,0.1000,0.3162,0.0000,4.6373,0.6186,0.8269
9,3,1998,2000,3,2,3,0.5000,1999.090,859.820,589.230,10.3234,16.0000,1.4400,0.9557,4.9564,0.4175,0.3192,0.2633,0.9410,0.2486,3.7171,1.7032,0.4400
7,3,1998,2000,3,3,2,0.3889,1998.753,1054.775,734.101,10.4171,18.0000,1.4157,0.3490,5.5745,0.5453,0.2435,0.2112,0.6879,0.1639,4.6443,1.8574,0.5281
4,3,1998,1999,2,1,2,1.0000,1998.534,1063.000,342.517,8.9801,16.0000,1.1034,0.6706,4.9551,0.0000,0.7500,0.2500,0.0000,0.0000,4.7998,0.6193,0.7759
4,3,1999,2000,2,2,1,1.0000,1999.569,535.534,690.000,8.9825,17.0000,1.1724,0.6344,5.2662,0.0000,0.7500,0.2500,1.0000,0.0000,5.2653,1.5486,0.8103
5,3,2000,2002,3,1,2,0.8333,2001.250,428.000,858.469,8.8690,15.0000,1.1719,0.5312,4.6489,0.5854,0.2927,0.1220,0.9487,0.0000,4.9578,1.3944,0.7031
6,3,2000,2003,4,2,2,0.3750,2001.324,539.197,581.282,8.9819,14.0000,1.1831,0.4724,4.3390,0.7351,0.1332,0.1317,0.9406,0.2762,4.4928,1.3946,0.5915
6,3,2000,2002,3,1,3,0.6667,2001.069,929.000,526.847,9.1079,15.0000,1.2500,1.3644,4.6466,0.6944,0.2222,0.0833,0.6000,0.0000,4.1836,2.1696,0.5972
6,3,2000,2002,3,2,2,0.5000,2001.250,981.583,448.875,9.1083,14.0000,1.1667,1.3235,4.3390,0.6373,0.1269,0.2358,0.8795,0.0724,4.3375,1.5497,0.5833
6,4,2000,2002,3,2,2,0.5000,2001.241,1134.241,543.494,9.9938,16.0000,1.2152,0.5995,4.9576,0.5943,0.2116,0.1941,0.8667,0.4967,4.8022,0.7747,0.7595
3,3,2002,2003,2,2,1,0.7500,2002.667,665.333,1092.000,7.5165,14.0000,1.0000,0.7454,4.3400,0.5333,0.2667,0.2000,0.7071,0.0000,4.6500,1.5500,1.0000
4,3,2002,2003,2,1,3,0.6667,2002.259,811.000,435.926,8.3685,16.0000,1.1852,0.2696,4.9588,0.5357,0.3214,0.1429,0.0000,0.0000,4.9592,1.5498,0.8148
4,4,2004,2005,2,1,3,0.6667,2004.762,894.000,749.762,9.7689,20.0000,1.2698,0.3367,6.2028,0.7500,0.1500,0.1000,0.3162,0.0000,5.1168,1.5507,1.0000
11,3,2008,2011,4,3,2,0.4583,2010.016,952.936,921.760,11.7010,16.0000,1.4080,1.3791,4.9684,0.6804,0.1004,0.2192,0.8072,0.0940,3.7250,1.5523,0.3600
4,4,2009,2011,3,2,1,0.6667,2009.984,1281.475,563.000,9.4691,17.0000,1.1148,0.4757,5.2779,0.7576,0.1294,0.1129,0.8507,0.0000,4.3461,0.4656,1.0000
8,3,2010,2012,3,1,3,0.8889,2011.192,545.000,437.030,10.8692,18.0000,1.4545,0.1943,5.5894,0.3375,0.5625,0.1000,0.7071,0.0000,4.3473,1.5527,0.4646
4,3,2010,2011,2,1,2,1.0000,2010.556,737.000,350.537,8.3834,15.0000,1.1111,0.6971,4.6578,0.0000,0.7500,0.2500,0.0000,0.0000,4.8127,0.7762,0.8148
5,3,2013,2015,3,3,1,0.5556,2014.299,1133.925,474.000,9.3097,16.0000,1.1940,1.1612,4.9719,0.5532,0.3398,0.1070,0.8281,0.0000,4.6605,1.5534,0.6716
9,3,2017,2019,3,3,2,0.5000,2017.890,1014.367,399.294,11.2955,17.0000,1.4037,0.7064,5.2852,0.4022,0.3051,0.2927,0.7744,0.3009,3.7308,1.2435,0.4312
9,3,2019,2021,3,3,2,0.5000,2019.836,775.755,489.400,11.4025,16.0000,1.3091,0.8695,4.9757,0.6533,0.0649,0.2818,0.7632,0.5009,3.7319,1.2441,0.4273
6,3,2019,2021,3,2,2,0.5000,2020.309,1031.123,634.543,10.2841,18.0000,1.3333,0.6369,5.5977,0.6373,0.1269,0.2358,0.8795,0.0724,4.6653,1.5549,0.6420
4,3,2022,2023,2,2,2,0.5000,2022.702,894.439,683.193,8.8664,17.0000,1.1930,0.8497,5.2882,0.5916,0.1015,0.3069,0.5000,0.5000,4.8223,1.7110,0.8070
4,3,2023,2024,2,1,2,1.0000,2023.519,786.000,170.537,8.4006,15.0000,1.1111,0.6951,4.6667,0.0000,0.7500,0.2500,0.0000,0.0000,4.6674,1.0888,0.7963
5,3,2023,2024,2,2,2,0.6250,2023.609,918.594,614.859,8.9053,15.0000,1.1719,0.7245,4.6673,0.3432,0.2505,0.4063,0.6059,0.3645,4.9778,1.5556,0.6875
6,3,2025,2026,2,3,2,0.5000,2025.312,517.753,902.130,9.7828,16.0000,1.2468,0.8255,4.9791,0.5230,0.1584,0.3185,0.3667,0.5079,4.5123,0.6224,0.5974
7,3,2025,2027,3,3,1,0.7778,2025.920,1082.046,543.000,10.2341,17.0000,1.3678,0.9207,5.2903,0.6076,0.3038,0.0886,0.7071,0.0000,3.7352,1.4005,0.5172
6,3,2026,2028,3,2,2,0.5000,2027.179,636.679,842.115,9.9121,19.0000,1.4615,0.3850,5.9141,0.5230,0.1584,0.3185,0.9225,0.0898,4.2024,1.2451,0.6026
5,3,2030,2032,3,2,1,0.8333,2030.686,1136.400,617.000,9.7484,18.0000,1.2857,0.5087,5.6054,0.5854,0.2927,0.1220,0.9487,0.0000,4.9821,0.9342,0.7000
3,3,2033,2034,2,1,2,0.7500,2033.674,504.000,464.349,7.7333,15.0000,1.0465,0.7280,4.6727,0.5333,0.2667,0.2000,0.7071,0.0000,4.6727,1.2460,1.0000
7,3,2036,2038,3,3,2,0.3889,2036.877,1101.321,509.333,9.5397,15.0000,1.2963,1.1578,4.6740,0.5821,0.2823,0.1356,0.3220,0.0202,3.4276,0.9349,0.5432
10,4,2039,2040,2,2,4,0.6250,2039.431,584.836,704.457,11.4330,14.0000,1.2069,0.6491,4.3637,0.6711,0.1578,0.1711,0.0000,0.5257,3.8961,1.5584,0.4828
5,3,2039,2040,2,2,2,0.6250,2039.603,621.857,313.619,8.7814,15.0000,1.1905,0.7276,4.6754,0.3432,0.2505,0.4063,0.6059,0.3645,4.6754,0.9351,0.6984
4,3,2039,2042,4,1,1,1.0000,2040.691,1119.000,605.000,8.5720,17.0000,1.2364,0.3091,5.2992,0.9375,0.0000,0.0625,1.0000,0.0000,4.8317,1.2467,0.8364
10,3,2043,2046,4,4,3,0.2083,2044.062,507.400,577.831,12.8181,19.0000,1.4615,0.4387,5.9242,0.5694,0.2463,0.1844,0.6826,0.0069,4.3651,1.5591,0.4077
4,3,2045,2046,2,2,1,1.0000,2045.509,873.561,272.000,8.8874,18.0000,1.2632,0.6585,5.6134,0.0000,0.7500,0.2500,1.0000,0.0000,4.6775,1.8709,0.8070
6,3,2047,2048,2,2,3,0.5000,2047.532,502.156,435.662,9.8044,18.0000,1.4026,0.6495,5.6138,0.6373,0.1269,0.2358,0.4046,0.4063,4.6785,1.4035,0.6104
5,3,2047,2049,3,2,1,0.8333,2048.292,1158.600,703.000,9.0669,15.0000,1.1538,0.8129,4.6789,0.5854,0.2927,0.1220,0.9487,0.0000,4.9904,1.2477,0.6615
4,3,2049,2051,3,1,2,0.6667,2049.893,593.000,934.571,8.7346,17.0000,1.2143,0.4418,5.3032,0.7576,0.1294,0.1129,0.8507,0.0000,5.3029,1.4038,0.8393
4,3,2049,2050,2,1,2,1.0000,2049.473,741.000,415.473,8.5784,15.0000,1.0909,0.7082,4.6793,0.0000,0.7500,0.2500,0.0000,0.0000,4.8349,0.6239,0.8000
5,3,2049,2051,3,2,1,0.8333,2050.254,992.403,695.000,9.3473,15.0000,1.1194,0.4762,4.6793,0.5854,0.2927,0.1220,0.9487,0.0000,4.6796,0.9359,0.6418
6,3,2050,2052,3,2,2,0.5000,2051.233,630.726,526.685,9.2978,14.0000,1.1507,0.4781,4.3680,0.4074,0.2455,0.3471,0.9369,0.3292,4.2117,1.4039,0.5753
5,3,2053,2055,3,1,2,0.8333,2054.076,865.000,571.636,9.2105,18.0000,1.3636,0.3714,5.6169,0.5854,0.2927,0.1220,0.9487,0.0000,4.6804,0.7801,0.7121
4,3,2053,2054,2,2,1,1.0000,2053.526,1187.456,708.000,8.8931,16.0000,1.1228,0.6576,4.9928,0.0000,0.7500,0.2500,1.0000,0.0000,5.1485,1.5602,0.7895
10,3,2054,2057,4,4,3,0.2083,2055.519,927.459,400.173,13.1257,20.0000,1.5038,0.7137,6.2414,0.8551,0.0049,0.1399,0.5580,0.8138,4.3691,1.8723,0.4135
5,3,2060,2062,3,2,1,0.8333,2060.703,676.438,526.000,8.9356,14.0000,1.0937,0.8281,4.3709,0.5854,0.2927,0.1220,0.9487,0.0000,4.0584,0.6244,0.6562
3,3,2060,2061,2,1,2,0.7500,2060.340,997.000,270.319,8.4714,16.0000,1.0213,0.4666,4.9953,0.5333,0.2667,0.2000,0.7071,0.0000,5.3071,1.2487,1.0000
7,3,2069,2072,4,2,2,0.4375,2070.471,1075.913,666.385,12.2798,22.0000,1.4808,0.6596,6.8729,0.6625,0.1752,0.1623,0.9597,0.1934,4.3739,1.2496,0.5481
6,3,2070,2072,3,2,2,0.5000,2071.183,1095.451,591.890,10.4584,21.0000,1.5366,0.4991,6.5605,0.6373,0.1269,0.2358,0.8795,0.0724,4.0612,1.2497,0.6463
7,3,2070,2071,2,3,3,0.3889,2070.625,1167.034,498.602,10.3907,18.0000,1.4318,0.7103,5.6233,0.3231,0.4135,0.2634,0.1690,0.6685,4.0613,0.9373,0.5455
9,3,2072,2074,3,3,2,0.5000,2072.964,931.055,888.827,11.4563,16.0000,1.3091,0.1847,4.9991,0.6845,0.0726,0.2429,0.6969,0.1196,4.0618,1.7184,0.4000
5,3,2073,2075,3,2,2,0.4167,2073.778,947.857,462.635,8.8033,17.0000,1.3492,0.4506,5.3119,0.7729,0.0435,0.1836,0.8328,0.5477,4.6866,1.0936,0.7143
5,3,2075,2076,2,2,2,0.6250,2075.532,612.145,484.629,8.6645,15.0000,1.2097,0.6648,4.6875,0.3432,0.2505,0.4063,0.6059,0.3645,4.9997,1.2500,0.7097
7,3,2075,2076,2,3,2,0.5833,2075.584,639.865,991.247,10.5118,17.0000,1.3371,0.5021,5.3125,0.3883,0.1309,0.4808,0.3626,0.5691,4.3750,1.2500,0.5056
10,3,2076,2080,5,3,3,0.2222,2078.207,534.586,800.099,10.9704,17.0000,1.5315,0.6290,5.3131,0.8225,0.0710,0.1065,0.8367,0.4596,3.4379,1.5626,0.4144
3,3,2079,2080,2,2,1,0.7500,2079.682,741.659,394.000,7.9401,15.0000,1.0227,0.7319,4.6885,0.5333,0.2667,0.2000,0.7071,0.0000,5.0010,2.0316,1.0000
10,3,2081,2084,4,3,2,0.4167,2082.587,689.083,914.376,10.7752,16.0000,1.4679,0.5646,5.0018,0.7752,0.1014,0.1233,0.8340,0.3759,3.5951,1.5631,0.4128
3,3,2081,2082,2,1,2,0.7500,2081.311,955.000,983.311,8.1213,17.0000,1.1333,0.4400,5.3139,0.5333,0.2667,0.2000,0.7071,0.0000,5.0016,1.7192,1.0000
7,3,2082,2084,3,1,4,0.5833,2082.686,948.000,434.860,10.1614,16.0000,1.3023,1.3301,5.0016,0.5804,0.3508,0.0689,0.3052,0.0000,4.3765,1.8758,0.5233
4,3,2083,2085,3,2,1,0.6667,2083.925,922.453,469.000,8.2847,15.0000,1.1321,0.4591,4.6894,0.7576,0.1294,0.1129,0.8507,0.0000,4.6893,1.2505,0.8113
5,3,2090,2092,3,3,1,0.5556,2090.985,1049.015,602.000,9.3704,19.0000,1.4179,0.0211,5.9419,0.0000,0.8276,0.1724,1.0000,0.0000,5.0038,1.8764,0.7164
4,3,2090,2091,2,3,1,0.6667,2090.283,1210.585,384.000,8.2871,15.0000,1.1321,0.6498,4.6909,0.7500,0.1500,0.1000,0.3162,0.0000,4.3780,1.2508,0.8491
5,3,2091,2093,3,2,1,0.8333,2091.662,919.529,839.000,9.5105,17.0000,1.2500,0.8475,5.3164,0.5854,0.2927,0.1220,0.9487,0.0000,5.3164,2.1891,0.6912
5,3,2093,2095,3,2,2,0.4167,2093.871,1136.355,743.871,8.6721,16.0000,1.2903,0.9493,5.0043,0.5461,0.2256,0.2283,0.8117,0.4177,4.6915,1.4074,0.7419
5,3,2098,2100,3,2,1,0.8333,2098.871,1139.726,713.000,8.6737,15.0000,1.2097,0.9131,4.6925,0.5854,0.2927,0.1220,0.9487,0.0000,5.0050,1.4077,0.7258
6,3,2105,2106,2,3,1,1.0000,2105.486,1177.829,583.000,8.9413,14.0000,1.2000,0.9604,4.3804,0.5556,0.3333,0.1111,0.0000,0.0000,4.6932,0.9387,0.6000
9,3,2107,2110,4,3,3,0.2500,2108.588,902.510,934.088,10.6387,15.0000,1.3235,0.7834,4.6935,0.4205,0.3815,0.1980,0.7213,0.0885,3.4420,1.2516,0.4216
8,3,2108,2110,3,2,3,0.4444,2108.867,808.089,576.156,9.9566,15.0000,1.3333,0.2233,4.6936,0.6911,0.1553,0.1536,0.6966,0.1216,3.5984,1.2516,0.4889
4,3,2110,2111,2,2,2,0.5000,2110.182,992.509,681.745,8.6051,17.0000,1.2364,0.5975,5.3195,0.5916,0.1015,0.3069,0.5000,0.5000,5.0066,1.8775,0.8182
6,3,2112,2113,2,3,2,0.5000,2112.671,815.000,730.355,9.7092,19.0000,1.5000,0.4842,5.9457,0.1333,0.2667,0.6000,0.0000,0.7071,4.2245,1.5646,0.6447
6,3,2113,2116,4,2,2,0.3750,2114.568,931.892,140.689,9.4540,15.0000,1.2162,0.6561,4.6941,0.7351,0.1332,0.1317,0.9406,0.2762,4.8505,1.7212,0.5946
11,3,2117,2119,3,3,3,0.4074,2118.025,889.901,947.554,11.4175,16.0000,1.4545,1.0056,5.0073,0.3480,0.4480,0.2040,0.2108,0.1367,3.4425,1.5648,0.3719
6,3,2121,2123,3,1,3,0.6667,2121.620,738.000,243.620,9.0716,14.0000,1.1831,0.8764,4.3816,0.6061,0.3030,0.0909,0.7071,0.0000,4.3815,1.0954,0.5915
8,3,2122,2124,3,2,3,0.4444,2123.421,840.716,630.642,10.5120,19.0000,1.6000,0.7376,5.9465,0.6496,0.0648,0.2856,0.6832,0.4721,4.0686,1.4084,0.4947
4,3,2123,2125,3,1,2,0.6667,2124.155,698.000,393.138,9.0763,18.0000,1.2414,0.8560,5.6336,0.7500,0.1500,0.1000,0.9487,0.0000,5.6335,1.2519,0.8621
7,3,2128,2130,3,2,2,0.5833,2128.944,723.427,401.213,10.5285,18.0000,1.4157,0.4807,5.6337,0.3883,0.1309,0.4808,0.9235,0.3259,4.0688,1.2519,0.5506
5,3,2130,2132,3,1,2,0.8333,2131.250,665.000,420.438,8.9583,18.0000,1.4062,0.5039,5.6338,0.5854,0.2927,0.1220,0.9487,0.0000,4.6948,0.9390,0.7188
5,3,2130,2132,3,2,1,0.8333,2130.701,798.448,978.000,9.3782,16.0000,1.1940,0.8928,5.0078,0.5854,0.2927,0.1220,0.9487,0.0000,4.6948,1.5649,0.6716
11,3,2132,2134,3,2,2,0.9167,2132.894,992.537,673.577,11.6076,16.0000,1.4309,0.6361,5.0079,0.5077,0.0849,0.4074,0.9861,0.1659,3.4429,0.9390,0.3659
8,4,2132,2133,2,3,2,0.6667,2132.550,1028.315,532.739,12.2832,20.0000,1.4414,0.9160,6.2598,0.5508,0.1648,0.2844,0.0386,0.5143,4.6949,1.5650,0.6306
4,3,2134,2135,2,2,1,1.0000,2134.526,1012.526,871.000,8.9203,15.0000,1.0526,0.7081,4.6949,0.0000,0.7500,0.2500,1.0000,0.0000,5.3209,2.0345,0.7895
7,3,2135,2137,3,2,2,0.5833,2136.053,646.895,323.592,8.9909,14.0000,1.2895,1.1338,4.3819,0.5916,0.2044,0.2040,0.9664,0.1591,3.1300,0.9390,0.5526
7,3,2136,2138,3,3,2,0.3889,2137.345,1218.369,435.893,9.9373,17.0000,1.4167,0.5166,5.3209,0.5453,0.2435,0.2112,0.6879,0.1639,4.0690,0.7825,0.5595
6,3,2138,2140,3,3,1,0.6667,2139.274,892.849,772.000,9.3280,16.0000,1.3151,0.3127,5.0080,0.2083,0.6667,0.1250,0.8944,0.0000,4.2255,0.6260,0.6027
4,3,2138,2140,3,2,1,0.6667,2138.870,1074.593,427.000,8.4509,17.0000,1.2593,0.4275,5.3210,0.7576,0.1294,0.1129,0.8507,0.0000,4.8515,1.2520,0.8519
5,3,2139,2140,2,2,2,0.6250,2139.603,961.492,858.841,8.8186,17.0000,1.3492,0.8044,5.3210,0.3432,0.2505,0.4063,0.6059,0.3645,5.0080,1.7215,0.7143
5,3,2143,2144,2,2,2,0.6250,2143.465,923.169,788.408,9.9384,18.0000,1.2676,0.6942,5.6340,0.3432,0.2505,0.4063,0.6059,0.3645,4.6950,1.5650,0.6620
4,3,2146,2149,4,1,1,1.0000,2147.656,956.000,602.000,9.5465,19.0000,1.2459,0.3443,5.9470,0.9375,0.0000,0.0625,1.0000,0.0000,4.8515,1.0955,0.8525
6,3,2146,2148,3,3,1,0.6667,2146.577,1044.366,545.000,9.0725,15.0000,1.2676,0.6838,4.6950,0.6061,0.3030,0.0909,0.7071,0.0000,4.2255,0.9390,0.6197
13,5,2148,2150,3,3,3,0.4815,2148.755,716.975,875.344,14.1502,18.0000,1.4356,1.0629,5.6340,0.3991,0.1923,0.4087,0.7935,0.4591,3.7560,1.4085,0.5092
8,3,2148,2151,4,2,3,0.3333,2149.744,949.900,464.200,9.9596,17.0000,1.5111,1.0974,5.3210,0.8186,0.0862,0.0952,0.8208,0.0512,3.2865,0.9390,0.5222
12,3,2156,2159,4,3,3,0.3333,2157.678,936.399,929.357,12.9208,21.0000,1.7622,0.6241,6.5730,0.5656,0.1719,0.2625,0.8311,0.5560,3.9125,1.0955,0.3427
8,3,2157,2158,2,3,3,0.4444,2157.300,931.900,719.844,9.9596,17.0000,1.5111,1.1507,5.3210,0.3811,0.2501,0.3687,0.0762,0.7160,3.5995,1.5650,0.5000
4,3,2158,2159,2,3,1,0.6667,2158.527,1236.964,394.000,8.6075,15.0000,1.0909,0.4741,4.6950,0.7576,0.1294,0.1129,0.5257,0.0000,4.3820,0.3130,0.7818
7,3,2163,2165,3,2,2,0.5833,2164.269,686.769,1046.397,9.2275,15.0000,1.3462,0.5326,4.6949,0.4600,0.2645,0.2756,0.8571,0.1000,3.4430,1.2520,0.5513
9,4,2163,2165,3,2,3,0.5000,2164.038,905.925,807.981,11.0592,19.0000,1.6132,0.0865,5.9469,0.3095,0.4988,0.1917,0.4713,0.0727,4.0689,1.7215,0.5849
8,3,2167,2169,3,2,3,0.4444,2168.392,580.330,486.155,10.7340,18.0000,1.4845,0.5350,5.6339,0.2980,0.4245,0.2776,0.7259,0.1740,3.7559,1.7215,0.4742
4,3,2168,2169,2,3,1,0.6667,2168.796,1081.222,547.000,8.4508,15.0000,1.1111,0.8040,4.6949,0.7500,0.1500,0.1000,0.3162,0.0000,4.6949,1.4085,0.7963
4,3,2168,2169,2,2,1,1.0000,2168.444,1129.556,707.000,8.4508,15.0000,1.1111,0.7115,4.6949,0.0000,0.7500,0.2500,1.0000,0.0000,5.3209,1.8780,0.8333
4,3,2170,2171,2,1,2,1.0000,2170.472,486.000,886.528,8.2943,14.0000,1.0566,0.7082,4.3819,0.0000,0.7500,0.2500,0.0000,0.0000,4.6949,0.9390,0.7925
4,3,2174,2175,2,2,1,1.0000,2174.442,482.442,587.000,8.1377,15.0000,1.1538,0.6255,4.6949,0.0000,0.7500,0.2500,1.0000,0.0000,4.6949,0.6260,0.8269
6,3,2174,2175,2,2,3,0.5000,2174.708,858.875,438.042,9.2000,14.0000,1.1667,1.0889,4.3819,0.7074,0.0897,0.2030,0.3047,0.0847,4.3819,0.9390,0.5833
5,3,2178,2180,3,2,1,0.8333,2178.733,1011.533,849.000,8.3984,14.0000,1.1667,0.9068,4.3818,0.5854,0.2927,0.1220,0.9487,0.0000,5.0078,1.2520,0.7000
7,3,2181,2183,3,2,2,0.5833,2182.034,857.270,556.270,10.5285,14.0000,1.1011,1.1018,4.3818,0.6517,0.0773,0.2710,0.8881,0.0000,4.6948,0.9390,0.6292
8,3,2182,2184,3,3,2,0.4444,2183.045,1223.348,882.101,9.8485,15.0000,1.3483,0.3655,4.6948,0.4479,0.3131,0.2390,0.8606,0.0694,3.2864,0.9390,0.4944
6,3,2185,2186,2,2,2,0.7500,2185.451,1109.479,643.620,9.0721,15.0000,1.2676,0.7870,4.6948,0.0000,0.6000,0.4000,0.7071,0.5774,4.0688,1.0955,0.6197
7,3,2188,2190,3,2,2,0.5833,2188.674,886.198,782.523,10.1736,17.0000,1.3837,0.6472,5.3208,0.4600,0.2645,0.2756,0.8571,0.1000,4.6948,1.5649,0.5465
5,3,2193,2195,3,2,2,0.4167,2194.231,1089.877,802.123,9.0982,17.0000,1.3077,1.2430,5.3208,0.6338,0.1686,0.1975,0.9585,0.2851,4.6948,1.4084,0.7538
8,3,2193,2195,3,3,2,0.4444,2194.100,1160.311,572.122,9.9592,16.0000,1.4222,1.1400,5.0078,0.1021,0.5726,0.3253,1.0000,0.0000,3.9123,0.9390,0.4889
8,3,2196,2198,3,3,2,0.4444,2197.253,967.800,823.326,10.5125,14.0000,1.1789,0.9002,4.3818,0.3837,0.1636,0.4526,0.7961,0.3359,4.2253,1.5649,0.4421
5,3,2197,2199,3,2,2,0.4167,2198.102,1029.610,838.847,8.2584,14.0000,1.1864,0.6371,4.3819,0.1521,0.5234,0.3245,1.0000,0.0000,4.0689,0.9390,0.7119
8,3,2200,2202,3,3,2,0.4444,2201.418,1147.341,646.198,10.0700,17.0000,1.4945,0.8051,5.3209,0.5686,0.1035,0.3278,0.7327,0.1369,3.7559,1.0955,0.4945
6,3,2201,2203,3,2,2,0.5000,2202.293,655.253,513.680,9.5834,16.0000,1.2800,0.5026,5.0079,0.6381,0.1455,0.2164,0.8019,0.3768,4.2254,0.4695,0.6133
10,3,2206,2209,4,2,3,0.4167,2207.664,594.748,873.336,10.5908,15.0000,1.4019,0.9717,4.6950,0.2687,0.5334,0.1979,0.7767,0.2319,3.5995,1.8780,0.4112
7,4,2209,2212,4,2,2,0.4375,2210.541,949.541,519.882,10.0559,16.0000,1.3176,0.7192,5.0081,0.6023,0.2183,0.1794,0.9919,0.0509,4.6951,1.2520,0.6941
8,3,2211,2213,3,2,2,0.6667,2211.874,505.678,646.287,9.6278,15.0000,1.3793,0.4496,4.6951,0.6025,0.1071,0.2905,0.9114,0.4048,3.2866,1.2520,0.4943
11,3,2211,2213,3,3,4,0.3056,2211.847,886.976,725.734,11.7025,15.0000,1.3306,0.8879,4.6951,0.5485,0.2722,0.1793,0.5932,0.7077,3.7561,1.5650,0.3468
6,3,2212,2214,3,2,2,0.5000,2212.824,641.608,350.865,9.4561,15.0000,1.2162,1.0332,4.6951,0.5230,0.1584,0.3185,0.9225,0.0898,4.5386,1.5650,0.5946
3,3,2216,2218,3,1,1,1.0000,2216.977,620.000,515.000,7.9518,15.0000,1.0227,0.9773,4.6953,0.8889,0.0000,0.1111,1.0000,0.0000,5.0083,1.2521,1.0000
5,3,2216,2218,3,1,3,0.5556,2217.302,898.000,513.444,8.8192,16.0000,1.2698,0.5371,5.0083,0.6646,0.2585,0.0769,0.7071,0.0000,4.6953,1.2521,0.6984
6,3,2219,2221,3,2,2,0.5000,2219.817,896.310,401.296,9.0733,14.0000,1.1831,0.9224,4.3824,0.6381,0.1455,0.2164,0.8019,0.3768,4.6954,1.5652,0.5915
7,3,2220,2222,3,2,2,0.5833,2220.907,890.419,620.174,10.1751,15.0000,1.2209,0.4629,4.6955,0.4600,0.2645,0.2756,1.0000,0.0000,4.3824,1.2521,0.5116
9,3,2222,2224,3,2,4,0.3750,2222.920,1011.630,628.220,10.4347,16.0000,1.4400,1.0058,5.0086,0.7401,0.1467,0.1132,0.2477,0.2877,3.7565,1.0957,0.4500
6,3,2224,2226,3,1,3,0.6667,2225.143,544.000,407.043,8.9461,15.0000,1.2857,0.1491,4.6957,0.6944,0.2222,0.0833,0.8000,0.0000,4.0697,1.4087,0.6143
4,3,2224,2226,3,2,1,0.6667,2225.123,1054.754,282.000,8.9219,20.0000,1.4035,0.2746,6.2610,0.5357,0.3214,0.1429,1.0000,0.0000,4.8523,1.2522,0.8596
7,4,2225,2227,3,2,2,0.5833,2226.372,938.605,909.744,10.1758,16.0000,1.3023,0.7849,5.0089,0.4600,0.2645,0.2756,0.8571,0.1000,5.0088,0.6261,0.6744
3,3,2231,2233,3,1,1,1.0000,2231.978,1027.000,502.000,8.3150,17.0000,1.1087,0.0217,5.3225,0.8889,0.0000,0.1111,1.0000,0.0000,5.0093,1.2523,1.0000
4,3,2232,2233,2,2,2,0.5000,2232.712,652.731,419.827,8.1404,15.0000,1.1538,0.7802,4.6963,0.0000,0.5625,0.4375,0.4459,0.5774,5.0094,1.5654,0.8269
7,3,2234,2236,3,2,2,0.5833,2235.071,792.333,818.536,9.9408,15.0000,1.2500,1.2434,4.6965,0.5352,0.1763,0.2885,0.8018,0.5745,4.3836,1.2525,0.5119
7,3,2234,2236,3,3,2,0.3889,2234.930,835.163,623.093,10.1775,22.0000,1.7907,0.2001,6.8883,0.6788,0.0891,0.2320,0.7979,0.1151,3.7573,1.2524,0.6047
4,3,2241,2242,2,2,1,1.0000,2241.509,986.439,840.000,8.9251,17.0000,1.1930,0.6717,5.3236,0.0000,0.7500,0.2500,1.0000,0.0000,5.1672,1.5658,0.8070
6,3,2244,2246,3,2,2,0.5000,2244.583,906.736,871.806,9.2059,16.0000,1.3333,0.5301,5.0111,0.5034,0.2551,0.2415,0.9677,0.2521,4.3846,1.8791,0.6250
5,3,2247,2248,2,2,2,0.6250,2247.617,967.600,1052.867,8.4047,15.0000,1.2500,0.7244,4.6984,0.3432,0.2505,0.4063,0.6059,0.3645,4.6983,1.8793,0.7167
20,8,2254,2258,5,5,3,0.2667,2255.724,609.467,1148.529,18.0061,21.0000,1.6342,0.9816,6.5797,0.2818,0.4762,0.2421,0.9471,0.3208,3.9167,0.9400,0.5292
4,3,2254,2255,2,2,1,1.0000,2254.518,940.482,513.000,8.7728,15.0000,1.0714,0.7076,4.6998,0.0000,0.7500,0.2500,1.0000,0.0000,4.8563,0.9399,0.7857
9,4,2257,2259,3,2,3,0.5000,2257.867,1084.592,658.508,12.5344,20.0000,1.5000,0.6529,6.2673,0.5778,0.1533,0.2688,0.7165,0.3309,4.3869,1.2534,0.5750
8,3,2260,2262,3,4,1,0.6667,2261.258,800.701,467.000,10.7484,16.0000,1.3196,1.7204,5.0146,0.5786,0.3523,0.0691,0.1357,0.0000,4.3878,0.9401,0.4536
4,3,2262,2263,2,2,2,0.5000,2262.725,1098.569,704.843,7.9926,15.0000,1.1765,0.5348,4.7016,0.5916,0.1015,0.3069,0.5000,0.5000,5.0149,1.4104,0.8431
5,3,2270,2272,3,1,2,0.8333,2270.754,501.000,581.338,9.1152,19.0000,1.4615,0.4185,5.9579,0.5854,0.2927,0.1220,0.9487,0.0000,4.7036,1.2542,0.7538
7,4,2270,2272,3,3,2,0.3889,2270.847,1161.235,742.106,10.0742,15.0000,1.2353,1.1815,4.7039,0.3231,0.4135,0.2634,0.5071,0.1501,4.7034,1.0975,0.6706
3,3,2271,2272,2,2,1,0.7500,2271.667,1063.667,768.000,7.6041,14.0000,1.0000,0.7454,4.3903,0.5333,0.2667,0.2000,0.7071,0.0000,5.0174,1.8814,1.0000
5,3,2277,2279,3,2,1,0.8333,2278.349,1129.476,513.000,8.8383,15.0000,1.1905,0.6295,4.7056,0.5854,0.2927,0.1220,0.9487,0.0000,5.1759,1.2548,0.7143
10,3,2279,2281,3,3,2,0.5556,2279.934,789.481,586.679,10.5161,17.0000,1.6038,0.8573,5.3333,0.2449,0.3511,0.4040,0.7694,0.1648,3.2940,1.2549,0.4434
8,3,2280,2282,3,2,3,0.4444,2281.000,635.327,541.149,11.2033,18.0000,1.4257,0.3589,5.6473,0.4804,0.1508,0.3688,0.8062,0.2830,4.2355,1.2550,0.4554
3,3,2280,2281,2,2,1,0.7500,2280.318,1224.318,754.000,7.9698,16.0000,1.0909,0.4500,5.0196,0.5333,0.2667,0.2000,0.7071,0.0000,4.7061,1.5685,1.0000
9,3,2282,2285,4,2,2,0.5625,2283.309,388.753,745.423,10.1454,18.0000,1.6701,0.5792,5.6479,0.6050,0.0635,0.3315,0.9576,0.1565,3.1379,0.9413,0.4742
6,3,2282,2283,2,3,2,0.5000,2282.324,1052.882,831.118,8.7103,16.0000,1.4118,0.9471,5.0201,0.7074,0.0897,0.2030,0.3047,0.0847,3.7651,1.4119,0.6471
6,3,2283,2286,4,2,2,0.3750,2284.271,777.886,989.443,8.9673,14.0000,1.2000,0.5318,4.3932,0.8688,0.0142,0.1170,0.9156,0.3015,4.5501,1.2552,0.6000
6,3,2285,2287,3,2,2,0.5000,2286.329,1093.519,495.899,10.1211,19.0000,1.4430,0.6228,5.9625,0.6373,0.1269,0.2358,0.8795,0.0724,4.7072,1.2553,0.6582
8,3,2287,2289,3,2,2,0.6667,2287.742,1090.299,500.474,10.7629,16.0000,1.3196,0.9302,5.0214,0.4396,0.1507,0.4097,0.8641,0.2943,3.7661,1.2554,0.4845
5,3,2288,2290,3,2,1,0.8333,2289.145,902.258,817.000,8.7023,17.0000,1.3710,0.2961,5.3355,0.5854,0.2927,0.1220,0.9487,0.0000,5.0215,1.7262,0.7419
7,3,2290,2292,3,2,3,0.3889,2291.209,1122.291,629.198,10.2026,16.0000,1.3023,0.4091,5.0220,0.2843,0.4935,0.2222,0.8778,0.4790,3.7667,1.2555,0.5349
11,3,2292,2295,4,4,2,0.3438,2293.488,898.488,448.240,11.4521,15.0000,1.3636,0.7300,4.7086,0.3884,0.4957,0.1159,0.8451,0.3598,3.7668,1.2556,0.3636
6,4,2293,2294,2,4,1,0.7500,2293.397,924.449,802.000,9.9957,17.0000,1.3077,0.7513,5.3364,0.6944,0.2222,0.0833,0.0000,0.0000,5.0225,1.5695,0.7821
4,3,2293,2294,2,1,2,1.0000,2293.582,989.000,535.564,8.6324,17.0000,1.2364,0.6044,5.3364,0.0000,0.7500,0.2500,0.0000,0.0000,4.8655,0.7848,0.8364
10,3,2295,2296,2,3,3,0.5556,2295.425,722.500,583.632,10.5227,15.0000,1.4151,0.9109,4.7088,0.0188,0.4500,0.5312,0.0000,0.9129,3.7671,1.5696,0.4057
10,3,2296,2297,2,3,2,0.8333,2296.403,978.966,487.370,11.8135,18.0000,1.5126,0.5482,5.6507,0.5445,0.0233,0.4321,0.2567,0.9665,4.0811,0.9418,0.4286
7,3,2298,2300,3,2,2,0.5833,2299.090,887.303,552.775,10.5609,17.0000,1.3371,0.9853,5.3373,0.6517,0.0773,0.2710,0.8881,0.0000,4.7093,1.0988,0.5169
13,4,2300,2302,3,3,4,0.3611,2300.759,755.277,282.313,14.4548,24.0000,1.8795,0.8239,7.5351,0.7387,0.0663,0.1950,0.4327,0.0389,4.3954,1.2559,0.4217
6,3,2302,2304,3,3,1,0.6667,2302.944,937.278,498.000,9.2289,16.0000,1.3333,0.2833,5.0236,0.6944,0.2222,0.0833,0.8000,0.0000,4.5526,1.4129,0.6111
10,3,2302,2305,4,2,3,0.4167,2303.312,1190.795,602.545,11.1202,16.0000,1.4286,0.8498,5.0236,0.2404,0.5304,0.2292,0.9032,0.0309,4.0817,1.7269,0.3929
6,3,2305,2307,3,2,2,0.5000,2305.789,1176.732,511.803,9.1010,15.0000,1.2676,0.8559,4.7097,0.5230,0.1584,0.3185,0.9225,0.0898,4.3958,0.3140,0.6056
5,3,2309,2311,3,2,1,0.8333,2309.783,1120.391,763.000,9.6890,16.0000,1.1594,0.4476,5.0239,0.5854,0.2927,0.1220,0.9487,0.0000,5.0238,0.9420,0.6812
8,3,2311,2313,3,2,3,0.4444,2311.979,913.722,494.412,10.7682,18.0000,1.4845,0.4979,5.6518,0.6820,0.1035,0.2144,0.7402,0.2285,4.0819,1.2560,0.4845
3,3,2311,2313,3,1,1,1.0000,2312.041,1230.000,409.000,8.8829,19.0000,1.1633,0.0408,5.9658,0.8889,0.0000,0.1111,1.0000,0.0000,5.3378,0.9420,1.0000
6,3,2315,2317,3,2,2,0.5000,2315.675,511.117,812.442,9.8703,17.0000,1.3247,0.5604,5.3378,0.6373,0.1269,0.2358,0.8795,0.0724,4.3958,0.9420,0.5844
5,3,2323,2324,2,2,2,0.6250,2323.403,797.149,1158.522,9.4075,16.0000,1.1940,0.6764,5.0235,0.3432,0.2505,0.4063,0.6059,0.3645,4.7095,1.0989,0.6866
4,3,2325,2326,2,2,1,1.0000,2325.556,911.481,911.000,8.4769,16.0000,1.1852,0.6829,5.0233,0.0000,0.7500,0.2500,1.0000,0.0000,4.7094,1.8838,0.8148
5,3,2325,2326,2,2,2,0.6250,2325.377,1004.361,894.836,8.5649,15.0000,1.2295,0.7383,4.7094,0.3432,0.2505,0.4063,0.6059,0.3645,5.0234,1.2558,0.7049
9,3,2326,2328,3,3,2,0.5000,2327.300,976.018,551.500,11.5116,18.0000,1.4727,0.8604,5.6511,0.6086,0.1729,0.2185,0.7762,0.4460,3.4535,1.2558,0.4636
5,4,2329,2331,3,2,2,0.4167,2330.077,693.215,414.215,9.1260,14.0000,1.0769,0.3142,4.3952,0.4138,0.1655,0.4207,1.0000,0.0000,4.7092,1.2558,0.8615
4,3,2330,2331,2,2,2,0.5000,2330.719,977.246,658.228,8.9473,16.0000,1.1228,0.7936,5.0231,0.0000,0.5625,0.4375,0.4459,0.5774,4.7091,1.2558,0.7719
9,3,2334,2336,3,2,4,0.3750,2335.362,1026.500,609.574,9.8364,14.0000,1.3404,0.7496,4.3950,0.2821,0.4821,0.2358,0.4919,0.5290,3.4532,1.4127,0.4468
3,3,2335,2337,3,1,1,1.0000,2336.045,1062.000,755.000,7.9748,16.0000,1.0909,0.9545,5.0228,0.8889,0.0000,0.1111,1.0000,0.0000,4.7089,0.7848,1.0000
5,3,2342,2343,2,2,2,0.6250,2342.406,759.125,1070.578,8.9848,15.0000,1.1719,0.7176,4.7088,0.3432,0.2505,0.4063,0.6059,0.3645,4.7088,1.5696,0.6875
9,4,2345,2347,3,2,2,0.7500,2346.224,621.579,641.748,11.1964,16.0000,1.3458,0.5393,5.0227,0.5373,0.1435,0.3192,0.9487,0.2905,4.3949,0.6278,0.5514
5,3,2349,2351,3,1,2,0.8333,2349.783,675.000,657.633,8.4235,15.0000,1.2500,0.4259,4.7089,0.5854,0.2927,0.1220,0.9487,0.0000,4.7089,1.7266,0.7167
4,3,2352,2353,2,2,1,1.0000,2352.509,789.544,1131.000,8.9472,17.0000,1.1930,0.6703,5.3369,0.0000,0.7500,0.2500,1.0000,0.0000,4.7090,0.9418,0.7895
3,3,2352,2353,2,1,2,0.7500,2352.326,1047.000,648.349,7.7938,15.0000,1.0465,0.7280,4.7090,0.5333,0.2667,0.2000,0.7071,0.0000,4.0812,1.2558,1.0000
3,3,2352,2353,2,1,2,0.7500,2352.644,1056.000,670.311,8.1563,16.0000,1.0667,0.7156,5.0229,0.5333,0.2667,0.2000,0.7071,0.0000,5.0230,1.2558,1.0000
8,3,2353,2355,3,2,3,0.4444,2354.278,728.633,411.533,9.9896,16.0000,1.4222,0.6553,5.0231,0.5462,0.2052,0.2485,0.6193,0.1600,3.4534,1.2558,0.5000
5,3,2353,2355,3,2,1,0.8333,2353.972,881.278,480.000,10.1088,19.0000,1.3194,1.0111,5.9648,0.6340,0.2717,0.0943,1.0000,0.0000,5.3370,1.4127,0.7222
5,3,2353,2354,2,2,2,0.6250,2353.619,1095.857,861.603,8.8451,15.0000,1.1905,0.7276,4.7091,0.3432,0.2505,0.4063,0.6059,0.3645,5.0230,1.5697,0.6984
6,3,2357,2360,4,2,2,0.3750,2358.442,873.156,938.104,9.8696,20.0000,1.5584,0.4796,6.2793,0.8444,0.0252,0.1304,0.9761,0.1745,4.3955,1.8837,0.6234
4,3,2358,2359,2,2,2,0.5000,2358.811,1032.717,636.547,8.3202,15.0000,1.1321,0.8687,4.7096,0.5916,0.1015,0.3069,0.5000,0.5000,4.7096,1.2559,0.8113
7,3,2359,2361,3,3,3,0.2593,2360.268,1041.549,902.988,9.7313,20.0000,1.7073,0.5251,6.2796,0.5901,0.0914,0.3185,0.6832,0.7302,3.1399,1.2559,0.5854
5,4,2363,2365,3,2,1,0.8333,2364.355,1162.447,883.000,10.6728,18.0000,1.1842,0.7847,5.6524,0.5854,0.2927,0.1220,0.9487,0.0000,5.6522,1.8841,0.8816
8,3,2364,2366,3,2,2,0.6667,2365.253,1011.455,625.364,10.9914,17.0000,1.3737,0.7025,5.3384,0.4396,0.1507,0.4097,0.8641,0.2943,3.9254,0.6281,0.4848
4,3,2365,2366,2,2,1,1.0000,2365.455,1305.545,749.000,8.6357,15.0000,1.0909,0.7100,4.7105,0.0000,0.7500,0.2500,1.0000,0.0000,5.0244,1.2561,0.8182
3,3,2369,2370,2,2,1,0.7500,2369.319,970.702,492.000,8.5223,18.0000,1.1489,0.4366,5.6531,0.5333,0.2667,0.2000,0.7071,0.0000,5.0252,1.2563,1.0000
8,3,2370,2371,2,3,2,0.6667,2370.489,879.022,786.576,10.2160,15.0000,1.3043,0.7560,4.7111,0.4236,0.2081,0.3683,0.0786,0.5089,3.9259,1.2563,0.4674
5,3,2372,2374,3,2,1,0.8333,2373.269,802.507,393.000,9.4117,17.0000,1.2687,0.5742,5.3398,0.5854,0.2927,0.1220,0.9487,0.0000,4.7116,1.2564,0.7015
7,3,2374,2376,3,3,2,0.3889,2375.226,867.000,1088.536,9.9733,17.0000,1.4167,0.5815,5.3402,0.7585,0.0446,0.1969,0.8260,0.1396,4.3980,1.4136,0.5595
9,3,2374,2376,3,4,2,0.3750,2374.586,1089.141,651.626,10.3661,15.0000,1.3636,0.7092,4.7119,0.5432,0.3179,0.1389,0.2824,0.1931,3.4553,1.8847,0.4444
10,4,2381,2383,3,3,4,0.2778,2382.295,1019.951,845.410,12.1223,19.0000,1.5574,0.9207,5.9702,0.3268,0.4876,0.1856,0.2184,0.6502,4.2418,1.4139,0.5246
7,3,2389,2391,3,3,3,0.2593,2389.957,991.043,588.468,11.1668,17.0000,1.2660,0.4719,5.3432,0.6271,0.2275,0.1454,0.7272,0.6548,4.7147,1.4143,0.5000
4,3,2389,2390,2,2,1,1.0000,2389.418,1076.600,757.000,8.6432,18.0000,1.3091,0.5787,5.6573,0.0000,0.7500,0.2500,1.0000,0.0000,4.8716,0.9429,0.8545
6,3,2389,2391,3,2,2,0.5000,2389.687,1147.567,749.881,8.5970,15.0000,1.3433,0.8985,4.7144,0.5230,0.1584,0.3185,0.9225,0.0898,3.7716,1.2571,0.6418
8,3,2393,2396,4,2,2,0.5000,2394.713,987.809,697.468,10.4473,17.0000,1.4468,0.5816,5.3441,0.6677,0.1809,0.1515,0.9493,0.1029,3.4581,1.2575,0.5106
7,3,2395,2397,3,3,1,0.7778,2396.113,1074.150,949.000,9.5056,16.0000,1.4000,0.1875,5.0299,0.6076,0.3038,0.0886,0.7071,0.0000,3.4582,0.9431,0.5625
8,3,2398,2401,4,3,2,0.3333,2400.147,1220.179,598.105,10.5602,17.0000,1.4316,0.8408,5.3451,0.8004,0.0952,0.1045,0.7665,0.0224,3.4585,0.6288,0.5158
4,3,2399,2400,2,2,2,0.5000,2399.440,698.280,612.840,7.8600,14.0000,1.1200,0.5455,4.4017,0.5916,0.1015,0.3069,0.7071,0.7071,5.0303,1.5720,0.8400
12,3,2399,2401,3,3,3,0.4444,2399.960,1039.252,973.430,13.7050,18.0000,1.4305,0.6239,5.6593,0.2539,0.1681,0.5780,0.5033,0.1488,4.7160,0.9432,0.3113
9,3,2400,2402,3,2,2,0.7500,2401.170,843.440,851.720,10.4806,16.0000,1.4400,0.5485,5.0307,0.4875,0.0908,0.4217,0.9594,0.1156,3.7730,0.6288,0.4500
6,3,2406,2408,3,2,2,0.5000,2406.889,678.625,553.875,9.2433,17.0000,1.4167,0.4106,5.3459,0.3810,0.3333,0.2857,0.9487,0.1690,4.0880,1.5723,0.6250
4,3,2407,2408,2,2,1,1.0000,2407.431,633.431,459.000,8.0189,15.0000,1.1765,0.6101,4.7170,0.0000,0.7500,0.2500,1.0000,0.0000,4.7170,0.7862,0.8431
10,3,2412,2414,3,4,2,0.4167,2413.064,501.809,792.818,10.9401,16.0000,1.4545,1.2064,5.0321,0.6408,0.2172,0.1420,0.0000,0.0000,3.4596,1.5725,0.4000
7,3,2412,2414,3,2,2,0.5833,2412.837,913.465,500.756,10.2229,17.0000,1.3837,0.5500,5.3466,0.3883,0.1309,0.4808,0.9235,0.3259,4.4031,1.4153,0.5233
7,4,2412,2413,2,2,3,0.5833,2412.448,922.437,821.908,10.3417,18.0000,1.4483,0.6326,5.6610,0.5352,0.1763,0.2885,0.5345,0.8125,4.7175,1.1008,0.7241
5,3,2415,2417,3,2,2,0.4167,2416.230,978.377,879.131,8.5802,16.0000,1.3115,0.4605,5.0324,0.7729,0.0435,0.1836,0.8328,0.5477,4.7179,1.7299,0.7377
12,5,2425,2428,4,2,4,0.3750,2426.582,852.333,747.858,12.8040,15.0000,1.2766,0.8960,4.7186,0.5800,0.2142,0.2058,0.4260,0.1804,4.2467,1.8874,0.5177
5,3,2431,2433,3,2,1,0.8333,2432.355,730.645,1123.000,8.7227,16.0000,1.2903,0.5018,5.0335,0.5854,0.2927,0.1220,0.9487,0.0000,5.0335,1.7302,0.7419
7,3,2439,2440,2,3,2,0.5833,2439.595,975.143,999.643,9.9886,15.0000,1.2500,0.7087,4.7192,0.5352,0.1763,0.2885,0.2673,0.0986,4.0900,1.4158,0.5238
10,3,2440,2443,4,3,2,0.4167,2441.873,1016.464,1108.673,10.9440,15.0000,1.3636,1.0754,4.7193,0.6817,0.1226,0.1957,0.9144,0.2692,3.6181,0.7865,0.4000
6,3,2440,2442,3,3,1,0.6667,2441.162,1250.216,591.000,9.5047,17.0000,1.3784,1.1473,5.3485,0.6944,0.2222,0.0833,0.8000,0.0000,4.2473,0.9438,0.6216
8,3,2441,2444,4,2,3,0.3333,2442.355,572.817,934.151,10.3449,16.0000,1.3763,0.4266,5.0339,0.4251,0.3708,0.2041,0.9415,0.0675,4.2474,1.2585,0.4731
17,3,2443,2446,4,4,3,0.3542,2445.011,651.070,814.134,14.2697,16.0000,1.4545,0.1511,5.0340,0.5355,0.1640,0.3005,0.4903,0.0133,2.8317,1.2585,0.2460
7,3,2445,2447,3,3,1,0.7778,2445.965,925.282,648.000,10.1081,18.0000,1.4824,0.2846,5.6634,0.4747,0.4312,0.0941,0.8619,0.0000,3.4610,1.2585,0.5529
11,3,2446,2448,3,4,2,0.4583,2447.284,624.664,756.319,11.0044,15.0000,1.4224,0.7895,4.7195,0.7385,0.0389,0.2226,0.4567,0.8874,3.4610,1.2585,0.3793
9,3,2447,2449,3,3,2,0.5000,2448.417,573.241,560.713,11.3269,17.0000,1.4167,0.5603,5.3489,0.4588,0.1671,0.3740,0.7558,0.4423,3.7756,1.5732,0.4630
4,3,2447,2449,3,1,2,0.6667,2447.846,1003.000,682.173,8.1805,15.0000,1.1538,1.1668,4.7196,0.7500,0.1500,0.1000,0.9487,0.0000,4.7195,0.9439,0.8269
5,3,2447,2449,3,2,2,0.4167,2447.841,1005.855,754.116,9.7089,19.0000,1.3768,0.8608,5.9780,0.6489,0.0995,0.2515,0.9362,0.2726,5.5061,1.4159,0.7391
5,3,2448,2450,3,2,2,0.4167,2449.065,983.145,528.468,8.7241,15.0000,1.2097,0.4940,4.7196,0.7729,0.0435,0.1836,0.8328,0.5477,4.0903,0.9439,0.7097
5,3,2452,2454,3,3,1,0.5556,2453.043,1077.942,600.000,9.7094,18.0000,1.3043,0.0725,5.6637,0.0000,0.8276,0.1724,1.0000,0.0000,4.7198,1.1013,0.6812
10,3,2456,2459,4,2,3,0.4167,2457.398,883.269,735.204,10.7465,17.0000,1.5741,0.5217,5.3492,0.5399,0.2710,0.1890,0.9208,0.0463,3.3040,1.2586,0.4167
8,3,2461,2463,3,3,2,0.4444,2461.522,1287.946,593.793,10.2352,17.0000,1.4783,1.0996,5.3494,0.1440,0.6018,0.2543,0.6536,0.3529,3.4614,0.9440,0.5109
5,3,2463,2465,3,2,1,0.8333,2463.781,1209.500,800.000,9.0065,18.0000,1.4062,0.5458,5.6641,0.5854,0.2927,0.1220,0.9487,0.0000,4.7201,1.5734,0.7500
6,3,2467,2469,3,2,2,0.5000,2467.681,536.130,808.449,8.8643,15.0000,1.3043,0.5661,4.7202,0.6373,0.1269,0.2358,0.8795,0.0724,3.9335,1.2587,0.6232
5,3,2469,2471,3,2,1,0.8333,2469.922,1165.391,610.000,9.0068,17.0000,1.3281,0.3984,5.3496,0.5854,0.2927,0.1220,0.9487,0.0000,5.0349,1.5734,0.7031
6,3,2472,2474,3,2,2,0.5000,2472.676,379.892,641.595,9.5068,16.0000,1.2973,0.6859,5.0350,0.5034,0.2551,0.2415,0.9677,0.2521,4.5629,1.5734,0.6216
6,3,2473,2475,3,2,3,0.3333,2474.125,908.333,907.431,9.2499,15.0000,1.2500,0.6716,4.7203,0.8073,0.0348,0.1578,0.6277,0.5513,4.5630,1.2588,0.5972
8,3,2473,2475,3,3,2,0.4444,2474.515,946.386,622.762,11.2372,19.0000,1.5050,0.8357,5.9791,0.4188,0.3233,0.2579,0.7418,0.4204,4.4056,0.9441,0.4752
5,3,2477,2478,2,2,2,0.6250,2477.618,584.132,796.500,9.5698,18.0000,1.3235,0.6432,5.6644,0.3432,0.2505,0.4063,0.6059,0.3645,5.3497,1.4161,0.7206
5,4,2479,2481,3,1,2,0.8333,2480.271,854.000,688.571,9.8512,16.0000,1.1429,0.9259,5.0350,0.5854,0.2927,0.1220,0.9487,0.0000,5.0350,1.5734,0.8429
6,3,2481,2483,3,3,2,0.3333,2482.145,838.362,881.580,8.8644,15.0000,1.3043,1.3335,4.7203,0.6803,0.1871,0.1326,0.6721,0.5226,3.9335,1.2587,0.6377
5,3,2485,2487,3,1,2,0.8333,2486.212,953.000,980.652,9.2880,16.0000,1.2121,0.4080,5.0348,0.5854,0.2927,0.1220,0.9487,0.0000,4.8775,1.5734,0.6970
6,3,2489,2491,3,1,2,1.0000,2490.025,847.000,818.575,10.2768,17.0000,1.2750,0.4257,5.3493,0.5556,0.3333,0.1111,1.0000,0.0000,4.8773,1.7306,0.6125
4,3,2492,2493,2,1,2,1.0000,2492.566,1044.000,766.472,8.3382,16.0000,1.2075,0.6837,5.0344,0.0000,0.7500,0.2500,0.0000,0.0000,4.7197,0.9440,0.8302
6,3,2493,2495,3,2,2,0.5000,2494.341,418.106,854.318,10.9183,19.0000,1.3412,0.4780,5.9782,0.5034,0.2551,0.2415,0.9677,0.2521,4.5623,1.5732,0.6235
9,3,2493,2495,3,3,2,0.5000,2494.187,921.056,1024.196,11.2222,15.0000,1.2617,0.2768,4.7196,0.4743,0.3571,0.1686,0.5998,0.0486,3.7758,1.2586,0.4019
5,3,2497,2499,3,2,2,0.4167,2498.118,906.279,775.779,9.5676,18.0000,1.3235,0.3749,5.6631,0.5461,0.2256,0.2283,0.8117,0.4177,5.0339,1.5730,0.7206
4,3,2499,2500,2,1,3,0.6667,2499.294,733.000,542.412,8.0224,15.0000,1.1765,0.9189,4.7190,0.7500,0.1500,0.1000,0.3162,0.0000,5.0337,1.4158,0.8431
4,3,2499,2501,3,2,1,0.6667,2499.982,734.164,957.000,8.6515,17.0000,1.2364,0.1646,5.3482,0.5357,0.3214,0.1429,1.0000,0.0000,4.8763,0.6292,0.8364
5,3,2502,2503,2,2,2,0.6250,2502.468,1036.871,1048.484,8.7224,15.0000,1.2097,0.7084,4.7187,0.3432,0.2505,0.4063,0.6059,0.3645,5.0332,1.2583,0.7097
4,3,2506,2507,2,2,1,1.0000,2506.436,731.509,538.000,8.6498,17.0000,1.2364,0.6705,5.3472,0.0000,0.7500,0.2500,1.0000,0.0000,4.7181,0.6291,0.8182
4,3,2506,2507,2,2,1,1.0000,2506.459,1117.492,522.000,9.5934,17.0000,1.1148,0.6848,5.3472,0.0000,0.7500,0.2500,1.0000,0.0000,5.5044,1.2582,0.7869
3,3,2507,2509,3,1,1,1.0000,2508.023,618.000,1012.000,7.8083,15.0000,1.0465,0.9767,4.7177,0.8889,0.0000,0.1111,1.0000,0.0000,5.0324,1.5726,1.0000
5,3,2509,2510,2,1,3,0.8333,2509.391,548.000,1093.656,9.0017,16.0000,1.2500,0.7637,5.0322,0.5854,0.2927,0.1220,0.3162,0.0000,4.7175,1.5725,0.7031
6,3,2510,2512,3,2,2,0.5000,2510.855,807.406,911.319,8.8589,15.0000,1.3043,0.5360,4.7173,0.4074,0.2455,0.3471,0.9369,0.3292,4.4029,1.2580,0.6232
8,3,2517,2519,3,2,2,0.6667,2518.064,630.809,446.606,10.4488,17.0000,1.4468,0.4424,5.3448,0.4961,0.2369,0.2670,0.9586,0.0986,3.7728,0.9432,0.4787
5,3,2519,2521,3,2,1,0.8333,2520.194,1307.373,740.000,9.4196,16.0000,1.1940,0.4206,5.0300,0.5854,0.2927,0.1220,0.9487,0.0000,5.0297,1.4146,0.6567
6,3,2521,2522,2,2,3,0.5000,2521.616,1012.863,808.822,9.3684,18.0000,1.4795,0.9173,5.6583,0.7074,0.0897,0.2030,0.3047,0.0847,4.0866,1.2574,0.6301
5,3,2522,2524,3,3,1,0.5556,2523.000,737.000,616.000,8.1534,14.0000,1.2069,1.0000,4.4009,0.7911,0.1351,0.0737,0.8507,0.0000,4.7149,0.9430,0.7241
5,3,2527,2528,2,2,2,0.6250,2527.444,626.603,924.857,8.8547,15.0000,1.1905,0.6127,4.7143,0.3432,0.2505,0.4063,0.6059,0.3645,5.0284,1.8857,0.6825
6,4,2529,2531,3,1,2,1.0000,2530.173,997.000,1116.469,10.3917,17.0000,1.2593,0.9509,5.3421,0.5556,0.3333,0.1111,1.0000,0.0000,5.3422,0.9427,0.7778
9,3,2529,2532,4,3,2,0.3750,2530.400,1016.886,719.162,10.9987,15.0000,1.2857,0.4464,4.7138,0.4508,0.3599,0.1893,0.7213,0.1285,4.3994,1.5713,0.4095
9,3,2537,2539,3,5,2,0.3000,2537.891,1019.818,551.336,11.5200,17.0000,1.3909,1.0591,5.3411,0.7181,0.1970,0.0849,0.1851,0.3353,4.0844,0.9426,0.5636
6,3,2538,2540,3,2,1,1.0000,2539.026,776.474,585.000,10.0043,16.0000,1.2308,0.4751,5.0268,0.5556,0.3333,0.1111,1.0000,0.0000,4.2413,1.2567,0.5897
7,3,2540,2542,3,3,1,0.7778,2541.012,1196.301,744.000,9.8556,15.0000,1.2651,0.3014,4.7124,0.1247,0.7481,0.1273,1.0000,0.0000,3.7700,-0.6283,0.5181
6,3,2545,2547,3,2,2,0.5000,2546.217,1082.884,965.406,8.8492,14.0000,1.2174,0.4747,4.3980,0.5230,0.1584,0.3185,0.9225,0.0898,4.0839,1.5707,0.6087
6,3,2546,2548,3,2,2,0.5000,2547.000,511.116,1046.246,8.8492,15.0000,1.3043,1.0364,4.7122,0.7074,0.0897,0.2030,0.9140,0.2540,3.9268,0.9424,0.6377
6,3,2548,2549,2,2,3,0.5000,2548.630,746.192,772.507,9.3622,17.0000,1.3973,0.8228,5.3404,0.5034,0.2551,0.2415,0.1128,0.4328,4.0839,1.5707,0.6164
6,3,2548,2549,2,3,2,0.5000,2548.375,1197.917,760.708,9.2339,15.0000,1.2500,0.4823,4.7122,0.1333,0.2667,0.6000,0.0000,0.7071,4.8692,1.4136,0.5972
5,3,2551,2553,3,2,1,0.8333,2551.800,903.533,527.000,8.4295,14.0000,1.1667,0.9615,4.3981,0.5854,0.2927,0.1220,0.9487,0.0000,4.7122,0.9424,0.7000
6,3,2551,2554,4,2,2,0.3750,2552.433,942.657,953.239,8.5929,14.0000,1.2537,0.8220,4.3981,0.8460,0.0320,0.1220,0.8735,0.4867,3.9269,2.0420,0.6269
6,3,2556,2557,2,3,2,0.5000,2556.554,723.027,821.568,9.4912,16.0000,1.2973,0.7936,5.0268,0.4412,0.1872,0.3716,0.6154,0.7882,4.2413,1.2567,0.6216
6,4,2559,2561,3,2,1,1.0000,2560.165,1303.482,839.000,10.9030,19.0000,1.3412,0.5432,5.9697,0.5556,0.3333,0.1111,1.0000,0.0000,5.4986,0.7855,0.8000
14,3,2563,2567,5,3,3,0.3111,2564.888,632.928,822.164,12.7658,20.0000,1.8421,0.2117,6.2849,0.7240,0.1218,0.1542,0.7752,0.3505,3.6138,1.4141,0.3158
7,3,2563,2566,4,2,2,0.4375,2564.244,731.897,1117.205,9.2641,15.0000,1.3462,1.2646,4.7135,0.8040,0.0402,0.1558,0.9650,0.0194,3.7711,0.9428,0.5641
5,3,2563,2565,3,1,2,0.8333,2564.257,969.000,667.471,9.8372,19.0000,1.3571,0.5370,5.9705,0.5854,0.2927,0.1220,0.9487,0.0000,5.9705,1.5713,0.7714
7,3,2564,2566,3,1,3,0.7778,2565.156,784.000,1050.935,9.1457,16.0000,1.4545,0.1688,5.0279,0.6076,0.3038,0.0886,0.7071,0.0000,3.1425,0.1571,0.5714
6,4,2570,2572,3,2,2,0.5000,2571.384,1047.116,760.523,11.0358,19.0000,1.3256,0.7878,5.9724,0.6373,0.1269,0.2358,0.8795,0.0724,5.0293,1.2573,0.7558
5,3,2572,2573,2,2,3,0.4167,2572.222,637.381,830.984,8.8563,14.0000,1.1111,0.4413,4.4009,0.5461,0.2256,0.2283,0.1201,0.5647,4.7151,1.7288,0.6667
6,3,2573,2575,3,2,2,0.5000,2574.392,620.527,970.878,9.4972,16.0000,1.2973,0.7799,5.0300,0.6373,0.1269,0.2358,0.8795,0.0724,4.4012,1.2575,0.6081
8,3,2573,2574,2,2,3,0.6667,2573.467,733.533,831.804,10.2250,15.0000,1.3043,0.6893,4.7152,0.4685,0.1696,0.3619,0.3645,0.6059,3.7723,0.7859,0.4674
37,17,2574,2578,5,7,7,0.1510,2576.187,525.233,579.214,27.0318,28.0000,1.9809,0.3679,8.8029,0.4360,0.3397,0.2243,0.4211,0.9058,4.0872,1.8862,0.6233
4,3,2574,2576,3,2,1,0.6667,2575.115,946.558,695.000,8.1738,15.0000,1.1538,0.5695,4.7157,0.7576,0.1294,0.1129,0.8507,0.0000,4.8729,0.9431,0.8462
4,3,2583,2584,2,2,1,1.0000,2583.564,874.545,515.000,8.6486,16.0000,1.1636,0.6985,5.0320,0.0000,0.7500,0.2500,1.0000,0.0000,4.4029,1.4152,0.8364
6,3,2586,2588,3,2,2,0.5000,2586.945,560.123,911.562,9.3739,17.0000,1.3973,0.5776,5.3472,0.7074,0.0897,0.2030,0.9140,0.2540,4.0891,1.2582,0.6301
4,3,2591,2592,2,1,2,1.0000,2591.491,894.000,838.509,8.6512,14.0000,1.0182,0.7072,4.4043,0.0000,0.7500,0.2500,0.0000,0.0000,5.0333,1.5730,0.7636
4,3,2591,2592,2,2,1,1.0000,2591.519,1139.537,792.000,8.4939,15.0000,1.1111,0.6951,4.7188,0.0000,0.7500,0.2500,1.0000,0.0000,4.7189,1.1010,0.7963
5,3,2592,2594,3,3,1,0.5556,2593.082,857.885,633.000,8.5824,15.0000,1.2295,0.8890,4.7190,0.0000,0.8276,0.1724,1.0000,0.0000,4.7192,1.2584,0.7213
14,3,2600,2603,4,4,2,0.4375,2601.770,876.442,994.436,13.8759,20.0000,1.6970,0.9892,6.2932,0.6305,0.0861,0.2834,0.8567,0.0136,4.0906,1.2586,0.3091
5,3,2601,2602,2,2,2,0.6250,2601.462,822.354,527.154,9.1468,16.0000,1.2308,0.6016,5.0346,0.3432,0.2505,0.4063,0.6059,0.3645,4.7199,1.4160,0.7077
7,3,2601,2603,3,3,2,0.3889,2602.141,829.153,990.306,10.1092,14.0000,1.1529,0.3700,4.4053,0.3994,0.3420,0.2586,0.7329,0.5294,4.0906,1.7306,0.4941
6,3,2602,2603,2,2,3,0.5000,2602.689,976.135,862.838,9.5061,17.0000,1.3784,0.3757,5.3493,0.5230,0.1584,0.3185,0.3667,0.5079,4.0906,0.9440,0.6216
4,3,2602,2603,2,2,1,1.0000,2602.500,1054.466,727.000,9.1252,17.0000,1.1724,0.6832,5.3493,0.0000,0.7500,0.2500,1.0000,0.0000,4.2479,1.4160,0.7931
3,3,2605,2607,3,1,1,1.0000,2606.000,963.000,503.000,8.1754,17.0000,1.1333,0.0000,5.3494,0.8889,0.0000,0.1111,1.0000,0.0000,4.7201,0.4720,1.0000
8,3,2610,2613,4,2,2,0.5000,2611.424,717.788,1023.778,11.0140,22.0000,1.7778,0.5238,6.9227,0.6000,0.1500,0.2500,1.0000,0.0000,3.9334,1.2587,0.5354
8,3,2610,2612,3,3,2,0.4444,2610.862,932.085,634.574,10.4578,15.0000,1.2766,1.0391,4.7201,0.7021,0.0951,0.2027,0.7715,0.0725,4.0907,1.4160,0.4574
6,3,2611,2613,3,3,2,0.3333,2612.234,648.701,904.896,9.8916,18.0000,1.4026,0.7465,5.6640,0.7397,0.1062,0.1541,0.7434,0.5417,4.7200,1.5733,0.6234
3,3,2611,2612,2,1,2,0.7500,2611.682,840.000,842.659,7.9937,15.0000,1.0227,0.7319,4.7200,0.5333,0.2667,0.2000,0.7071,0.0000,5.3494,1.8880,1.0000
6,3,2612,2614,3,3,1,0.6667,2612.940,1097.807,846.000,10.6623,19.0000,1.3735,0.2020,5.9786,0.6944,0.2222,0.0833,0.8000,0.0000,4.5626,0.9440,0.5904
6,3,2612,2615,4,2,2,0.3750,2613.822,1134.781,1071.425,9.3776,16.0000,1.3151,0.9065,5.0346,0.7696,0.0995,0.1309,0.9136,0.2553,4.4053,1.5733,0.6301
5,3,2613,2614,2,2,2,0.6250,2613.552,885.851,1088.537,9.4284,16.0000,1.1940,0.7848,5.0346,0.3432,0.2505,0.4063,0.6059,0.3645,4.0907,1.2587,0.6716
4,3,2616,2619,4,1,1,1.0000,2617.636,995.000,790.000,8.6528,17.0000,1.2364,0.3636,5.3490,0.9375,0.0000,0.0625,1.0000,0.0000,4.4050,0.7866,0.8182
5,3,2618,2619,2,2,2,0.6250,2618.603,1151.619,789.127,8.8648,16.0000,1.2698,0.5646,5.0342,0.3432,0.2505,0.4063,0.6059,0.3645,4.7196,0.9439,0.7143
5,4,2626,2627,2,3,1,0.8333,2626.549,963.746,610.000,9.9887,18.0000,1.2676,0.6050,5.6626,0.5854,0.2927,0.1220,0.3162,0.0000,4.7188,1.8875,0.8592
6,4,2628,2630,3,2,2,0.5000,2628.618,514.105,832.395,9.7600,15.0000,1.1842,0.7412,4.7186,0.5034,0.2551,0.2415,0.9677,0.2521,5.1903,1.5728,0.7763
5,3,2629,2631,3,2,1,0.8333,2630.258,489.500,960.000,8.7216,16.0000,1.2903,0.8947,5.0327,0.5854,0.2927,0.1220,0.9487,0.0000,5.0329,0.9436,0.7419
4,3,2634,2635,2,1,2,1.0000,2634.481,526.000,1031.519,8.4918,14.0000,1.0370,0.7076,4.4032,0.0000,0.7500,0.2500,0.0000,0.0000,4.7177,1.4153,0.7778
7,3,2638,2639,2,3,2,0.5833,2638.380,1186.418,573.443,9.3899,16.0000,1.4177,0.9324,5.0315,0.5694,0.1270,0.3036,0.3597,0.8825,3.4592,0.3145,0.5570
5,4,2641,2643,3,1,2,0.8333,2642.288,640.000,868.576,9.2808,15.0000,1.1364,0.5127,4.7165,0.5854,0.2927,0.1220,0.9487,0.0000,4.7164,1.2577,0.8636
7,3,2647,2650,4,2,2,0.4375,2648.012,715.570,953.884,10.2188,17.0000,1.3837,1.0842,5.3442,0.8025,0.0737,0.1238,0.9492,0.0000,4.4014,1.2575,0.5349
4,3,2647,2648,2,1,2,1.0000,2647.519,927.000,758.481,8.4883,14.0000,1.0370,0.7076,4.4014,0.0000,0.7500,0.2500,0.0000,0.0000,4.7156,1.5719,0.7778
11,3,2649,2651,3,4,4,0.2292,2650.405,1097.529,870.000,11.4685,15.0000,1.3636,0.6661,4.7154,0.5209,0.3085,0.1705,0.3160,0.8028,3.7723,1.2574,0.3554
5,3,2650,2652,3,1,2,0.8333,2651.261,679.000,1086.609,9.7000,15.0000,1.0870,0.4703,4.7152,0.5854,0.2927,0.1220,0.9487,0.0000,5.3438,1.2574,0.6522
6,3,2652,2653,2,2,2,0.7500,2652.681,810.542,1027.708,9.2394,15.0000,1.2500,0.8708,4.7151,0.2000,0.3333,0.4667,0.7071,0.7071,4.2435,1.2573,0.5972
8,4,2654,2656,3,2,4,0.3333,2654.857,661.918,1029.327,10.8904,19.0000,1.5510,0.3656,5.9719,0.8139,0.0830,0.1031,0.6454,0.0511,4.0861,1.1001,0.6531
6,3,2655,2656,2,2,3,0.5000,2655.481,872.519,798.051,10.1369,18.0000,1.3671,0.6821,5.6576,0.6168,0.1058,0.2774,0.5000,0.5000,4.8717,2.2001,0.5823
8,3,2657,2659,3,3,2,0.4444,2657.989,706.904,411.915,10.4450,16.0000,1.3617,0.1285,5.0286,0.5543,0.2671,0.1786,0.6101,0.1606,4.0856,1.2571,0.6277
7,3,2657,2659,3,2,2,0.5833,2657.867,707.446,997.325,9.8595,15.0000,1.2651,0.5675,4.7143,0.3210,0.2459,0.4331,0.9117,0.4109,4.0856,0.7858,0.5301
4,3,2657,2658,2,2,1,1.0000,2657.528,880.472,932.000,8.3287,14.0000,1.0566,0.7082,4.4001,0.0000,0.7500,0.2500,1.0000,0.0000,4.0857,0.9428,0.7925
10,3,2657,2660,4,3,3,0.2778,2658.452,1056.670,1137.252,11.4292,16.0000,1.3913,0.8464,5.0286,0.6370,0.1802,0.1827,0.6817,0.0000,4.2428,1.4143,0.3826
6,3,2657,2658,2,3,2,0.5000,2657.364,1101.623,661.857,9.8798,16.0000,1.2468,0.5427,5.0287,0.5034,0.2551,0.2415,0.1128,0.4328,4.4001,1.1000,0.5974
7,3,2663,2666,4,2,2,0.4375,2664.704,392.889,572.519,9.6203,16.0000,1.3827,0.6075,5.0277,0.8235,0.0431,0.1334,0.9337,0.1681,3.1425,0.9427,0.5679
5,3,2663,2664,2,2,3,0.4167,2663.373,707.864,1197.458,8.2915,14.0000,1.1864,0.6057,4.3994,0.6999,0.1281,0.1720,0.4304,0.6887,5.0278,1.5712,0.7119
5,3,2664,2666,3,1,2,0.8333,2664.968,720.000,1217.270,8.8533,17.0000,1.3492,0.2717,5.3419,0.6340,0.2717,0.0943,1.0000,0.0000,4.7134,1.2569,0.7302
9,3,2664,2667,4,3,3,0.2500,2665.598,821.187,901.692,11.2074,17.0000,1.4299,0.5400,5.3418,0.6809,0.1874,0.1317,0.7200,0.6908,3.9278,1.5711,0.4393
10,4,2664,2666,3,3,3,0.3704,2664.816,895.488,943.088,12.4211,19.0000,1.5200,0.5511,5.9704,0.3249,0.3114,0.3638,0.6323,0.5552,4.0850,1.5711,0.5280
6,3,2666,2668,3,2,2,0.5000,2666.789,945.423,942.239,9.1079,16.0000,1.3521,1.0064,5.0276,0.6381,0.1455,0.2164,0.8019,0.3768,4.2419,1.7282,0.6479
4,3,2673,2675,3,1,2,0.6667,2673.804,792.000,1311.161,8.7971,17.0000,1.2143,0.8195,5.3412,0.7500,0.1500,0.1000,0.9487,0.0000,4.3985,1.2567,0.8393
9,3,2673,2675,3,3,4,0.2500,2673.821,1058.255,1050.349,11.1011,15.0000,1.2736,1.0781,4.7128,0.7829,0.0865,0.1307,0.6215,0.6470,4.3985,1.0996,0.5377
8,3,2676,2678,3,3,2,0.4444,2677.095,1224.663,888.916,10.5523,16.0000,1.3474,0.6752,5.0267,0.1021,0.5726,0.3253,1.0000,0.0000,3.9272,1.2567,0.4842
9,3,2684,2686,3,3,3,0.3333,2685.106,670.181,856.894,9.8439,14.0000,1.3404,0.8329,4.3983,0.5430,0.2634,0.1936,0.2649,0.1501,3.1417,0.9425,0.4468
9,4,2684,2686,3,3,2,0.5000,2684.936,792.037,967.284,11.4147,16.0000,1.3211,0.2939,5.0266,0.4259,0.3349,0.2392,0.7751,0.3931,4.0841,1.2567,0.5413
6,3,2685,2687,3,1,3,0.6667,2686.301,461.000,1086.671,9.3629,16.0000,1.3151,0.4460,5.0267,0.6061,0.3030,0.0909,0.7071,0.0000,4.2412,0.9425,0.6301
6,3,2687,2688,2,2,3,0.5000,2687.573,734.120,1082.973,9.6195,20.0000,1.6000,0.4440,6.2834,0.3810,0.3333,0.2857,0.3162,0.5071,3.9271,1.5708,0.6533
6,3,2688,2690,3,2,2,0.5000,2689.056,909.278,1049.889,9.2348,15.0000,1.2500,0.3043,4.7127,0.7074,0.0897,0.2030,0.9140,0.2540,3.9272,0.6284,0.6111
7,3,2690,2691,2,3,2,0.5833,2690.398,608.955,869.125,10.4499,17.0000,1.3523,0.4194,5.3411,0.4600,0.2645,0.2756,0.0000,0.3827,3.7702,0.9425,0.5341
5,3,2692,2694,3,2,1,0.8333,2692.746,719.437,618.000,9.9763,20.0000,1.4085,0.5049,6.2839,0.5854,0.2927,0.1220,0.9487,0.0000,4.7129,1.2568,0.7183
4,3,2697,2698,2,1,2,1.0000,2697.482,801.000,861.482,8.7985,15.0000,1.0714,0.6819,4.7134,0.0000,0.7500,0.2500,0.0000,0.0000,4.7134,0.9427,0.7679
4,3,2698,2699,2,2,1,1.0000,2698.537,973.556,773.000,8.4845,15.0000,1.1111,0.6971,4.7137,0.0000,0.7500,0.2500,1.0000,0.0000,4.8707,0.3143,0.8148
5,3,2701,2702,2,2,2,0.6250,2701.597,421.851,743.433,9.4167,15.0000,1.1194,0.6099,4.7142,0.3432,0.2505,0.4063,0.6059,0.3645,5.0282,1.8856,0.6567
5,3,2702,2704,3,2,2,0.4167,2703.016,754.143,1020.143,8.8550,16.0000,1.2698,0.2027,5.0287,0.7958,0.0325,0.1718,0.9294,0.3690,4.7142,1.1000,0.7143
5,3,2704,2705,2,2,2,0.6250,2704.413,1059.778,800.667,8.8555,14.0000,1.1111,0.9415,4.4005,0.3432,0.2505,0.4063,0.6059,0.3645,4.7146,0.9430,0.6667
6,3,2707,2709,3,2,3,0.3333,2707.652,868.145,581.058,8.8552,15.0000,1.3043,0.3812,4.7155,0.6494,0.1645,0.1861,0.7264,0.0379,3.4578,1.2575,0.6232
7,3,2708,2710,3,3,2,0.3889,2708.536,834.583,505.107,9.9810,16.0000,1.3333,0.6871,5.0298,0.3994,0.4037,0.1968,0.7071,0.2752,4.0870,1.5719,0.5357
5,3,2710,2711,2,1,3,0.8333,2710.623,982.000,860.787,8.5771,14.0000,1.1475,0.6584,4.4018,0.5854,0.2927,0.1220,0.3162,0.0000,5.0303,1.8864,0.6885
5,3,2711,2713,3,1,2,0.8333,2712.169,684.000,873.646,9.1403,17.0000,1.3077,0.3922,5.3453,0.5854,0.2927,0.1220,0.9487,0.0000,5.0312,1.5722,0.7077
7,3,2711,2712,2,4,1,0.8750,2711.469,811.765,565.000,9.6261,14.0000,1.2099,0.5245,4.4020,0.7331,0.1952,0.0717,0.1452,0.0000,4.0873,1.4148,0.5185
9,3,2712,2714,3,2,2,0.7500,2712.606,957.578,892.440,11.4248,15.0000,1.2385,0.7264,4.7167,0.4706,0.0000,0.5294,0.9045,0.2172,4.4022,0.7861,0.5229
4,3,2719,2720,2,2,2,0.5000,2719.731,1086.731,877.173,8.1791,15.0000,1.1538,0.4182,4.7188,0.0000,0.5625,0.4375,0.4459,0.5774,5.0333,1.5729,0.8269
6,3,2720,2722,3,2,2,0.5000,2721.306,697.111,1171.653,9.2476,16.0000,1.3333,0.4757,5.0337,0.5230,0.1584,0.3185,0.9225,0.0898,4.2474,1.5729,0.6389
4,3,2724,2726,3,1,2,0.6667,2725.115,1082.000,1060.154,8.1819,16.0000,1.2308,1.1259,5.0346,0.7500,0.1500,0.1000,0.9487,0.0000,4.7205,1.7308,0.8462
3,3,2730,2731,2,1,2,0.7500,2730.362,386.000,797.681,8.5420,17.0000,1.0851,0.7136,5.3516,0.5333,0.2667,0.2000,0.7071,0.0000,5.0365,1.8888,1.0000
10,3,2734,2737,4,3,2,0.4167,2736.207,771.888,1062.302,11.5510,16.0000,1.3793,1.0626,5.0385,0.7350,0.0975,0.1675,0.7548,0.0480,3.7787,1.2596,0.3966
6,3,2734,2736,3,3,1,0.6667,2734.649,904.351,819.000,9.8979,18.0000,1.4026,0.7380,5.6674,0.6061,0.3030,0.0909,0.7071,0.0000,4.7229,1.5743,0.6494
5,3,2738,2739,2,3,2,0.4167,2738.629,964.129,794.129,8.7322,16.0000,1.2903,0.9554,5.0390,0.1521,0.5234,0.3245,0.0000,0.5847,5.0387,1.2597,0.7419
4,3,2738,2739,2,2,1,1.0000,2738.440,1167.440,891.000,7.8732,14.0000,1.1200,0.6223,4.4091,0.0000,0.7500,0.2500,1.0000,0.0000,4.7238,0.6299,0.8400
4,3,2739,2740,2,1,3,0.6667,2739.246,827.000,1081.386,8.9758,18.0000,1.2632,0.6613,5.6688,0.7500,0.1500,0.1000,0.3162,0.0000,4.5667,0.9448,0.8246
4,3,2740,2741,2,2,1,1.0000,2740.436,1073.455,788.000,8.6613,16.0000,1.1636,0.6301,5.0392,0.0000,0.7500,0.2500,1.0000,0.0000,5.0393,1.2599,0.8182
6,3,2741,2744,4,2,2,0.3750,2742.500,871.147,566.235,8.7442,14.0000,1.2353,0.5718,4.4100,0.7351,0.1332,0.1317,0.9406,0.2762,4.2521,1.7324,0.6176
9,3,2752,2754,3,2,3,0.5000,2752.778,699.278,799.204,11.3421,20.0000,1.6667,0.4099,6.3012,0.4174,0.2785,0.3041,0.8917,0.2938,3.7807,1.1027,0.4630
3,3,2752,2753,2,2,1,0.7500,2752.304,1016.304,909.000,8.3673,18.0000,1.1739,0.4304,5.6710,0.5333,0.2667,0.2000,0.7071,0.0000,5.0410,1.2602,1.0000
7,3,2754,2757,4,2,2,0.4375,2755.575,856.900,787.763,9.5266,15.0000,1.3125,0.4970,4.7260,0.7558,0.1056,0.1386,0.9795,0.1648,3.4657,0.9452,0.5375
6,3,2755,2757,3,2,2,0.5000,2755.696,574.228,1013.380,10.1613,18.0000,1.3671,0.8251,5.6712,0.6381,0.1455,0.2164,0.8019,0.3768,4.7260,1.5753,0.6076
9,3,2756,2758,3,2,4,0.3750,2756.813,894.645,577.514,11.2373,15.0000,1.2617,1.1459,4.7260,0.8101,0.0554,0.1345,0.5446,0.0173,4.4109,1.5753,0.4019
8,3,2757,2760,4,2,2,0.5000,2758.292,724.250,919.229,10.6936,17.0000,1.4167,0.7853,5.3561,0.7248,0.0930,0.1821,0.9678,0.1435,4.2534,1.2602,0.4896
13,4,2758,2761,4,4,2,0.4062,2759.834,847.408,836.229,13.7190,21.0000,1.7389,1.0487,6.6163,0.6985,0.1618,0.1396,0.6349,0.0647,3.7807,1.2602,0.4395
9,4,2759,2761,3,2,3,0.5000,2760.252,652.544,862.835,10.8170,14.0000,1.2233,0.9844,4.4108,0.5982,0.1155,0.2863,0.5291,0.2387,3.7807,1.2602,0.5437
9,3,2761,2764,4,2,2,0.5625,2762.629,717.578,895.371,12.1819,19.0000,1.4741,0.6732,5.9859,0.6658,0.0986,0.2356,0.8946,0.4468,3.7806,1.1027,0.4655
5,3,2763,2764,2,1,3,0.8333,2763.431,954.000,1231.692,9.1580,15.0000,1.1538,0.8963,4.7256,0.5854,0.2927,0.1220,0.3162,0.0000,4.7257,0.6301,0.6615
6,3,2768,2770,3,3,1,0.6667,2769.365,940.230,744.000,9.5164,17.0000,1.3784,0.4312,5.3551,0.2083,0.6667,0.1250,0.8944,0.0000,4.4101,1.5750,0.6216
6,3,2774,2776,3,2,1,1.0000,2775.107,886.467,503.000,9.6433,16.0000,1.2800,0.4787,5.0392,0.5556,0.3333,0.1111,1.0000,0.0000,4.4092,0.9449,0.6133
8,3,2774,2776,3,3,2,0.4444,2774.802,988.363,783.813,10.1331,16.0000,1.4066,0.6930,5.0392,0.2444,0.3475,0.4081,0.6838,0.1800,3.9369,1.2598,0.4945
5,3,2777,2779,3,2,1,0.8333,2777.726,728.597,1012.000,8.7319,15.0000,1.2097,0.8303,4.7239,0.5854,0.2927,0.1220,0.9487,0.0000,4.7238,0.7873,0.7097
7,3,2778,2780,3,3,2,0.3889,2778.714,699.226,962.095,9.9981,17.0000,1.4167,0.3766,5.3534,0.3231,0.4135,0.2634,0.8452,0.2797,4.0939,1.2597,0.5476
7,3,2779,2781,3,3,2,0.3889,2780.451,712.598,974.622,9.7594,15.0000,1.2805,0.7131,4.7234,0.2234,0.5743,0.2024,0.8142,0.4626,4.4084,1.2596,0.5244
8,3,2782,2783,2,3,2,0.6667,2782.488,1116.930,699.384,9.5737,16.0000,1.4884,0.6433,5.0378,0.5482,0.2094,0.2424,0.0000,0.0000,3.4634,1.1020,0.5116
6,3,2787,2789,3,3,1,0.6667,2787.747,563.027,789.000,9.6390,16.0000,1.2800,0.7471,5.0371,0.6944,0.2222,0.0833,0.6000,0.0000,4.2499,1.8888,0.6000
4,3,2788,2789,2,2,1,1.0000,2788.481,839.537,501.000,8.4996,15.0000,1.1111,0.6951,4.7219,0.0000,0.7500,0.2500,1.0000,0.0000,4.7221,0.9444,0.7963
8,3,2789,2792,4,3,2,0.3333,2790.358,874.853,483.705,10.5727,17.0000,1.4316,0.4865,5.3513,0.8423,0.0654,0.0923,0.8752,0.3237,4.0921,1.2590,0.4737
7,3,2790,2793,4,2,2,0.4375,2791.388,567.388,1199.718,10.1126,16.0000,1.3176,1.1241,5.0362,0.7717,0.1182,0.1101,0.9303,0.3598,5.0362,1.5738,0.7059
7,3,2791,2793,3,2,2,0.5833,2791.737,681.232,933.717,11.7781,22.0000,1.5556,0.4505,6.9248,0.3772,0.3083,0.3146,0.9758,0.2185,4.4069,1.2590,0.5051
5,3,2792,2794,3,2,2,0.4167,2792.898,1049.847,666.373,8.3050,14.0000,1.1864,0.9845,4.4067,0.5461,0.2256,0.2283,0.8117,0.4177,4.7213,1.2590,0.7119
16,3,2793,2796,4,3,3,0.4444,2794.583,261.994,566.183,14.1633,15.0000,1.3333,0.4553,4.7210,0.6817,0.0227,0.2956,0.7901,0.3529,3.7769,1.8883,0.2444
7,3,2794,2796,3,2,3,0.3889,2795.185,672.652,879.011,10.9442,18.0000,1.3696,0.3940,5.6652,0.3086,0.2321,0.4593,0.9239,0.3827,4.4062,1.5737,0.5435
9,3,2800,2802,3,2,3,0.5000,2800.923,400.298,1123.692,10.9092,17.0000,1.4712,1.1917,5.3498,0.2906,0.3401,0.3693,0.8136,0.4384,3.4615,1.4161,0.4615
8,3,2800,2803,4,2,2,0.5000,2801.307,1059.682,668.580,9.7907,14.0000,1.2727,1.4092,4.4057,0.6861,0.1916,0.1223,0.9357,0.3418,3.6189,1.5734,0.4773
7,3,2801,2803,3,2,2,0.5833,2801.953,796.430,612.256,10.2287,17.0000,1.3837,0.6263,5.3496,0.5557,0.1817,0.2626,0.9141,0.3987,4.0909,1.7307,0.5465
8,3,2803,2806,4,3,2,0.3333,2804.297,950.989,732.176,10.1239,15.0000,1.3187,0.7250,4.7200,0.8273,0.0635,0.1092,0.7793,0.1445,4.0907,1.2587,0.4725
5,3,2808,2810,3,2,2,0.4167,2808.908,685.292,899.538,9.1464,16.0000,1.2308,1.0951,5.0344,0.7383,0.0485,0.2132,0.7071,0.0000,4.7197,1.8878,0.7077
5,3,2809,2811,3,1,2,0.8333,2810.275,805.000,803.391,9.7091,18.0000,1.3043,0.4785,5.6635,0.5854,0.2927,0.1220,0.9487,0.0000,5.0342,1.2586,0.6812
3,3,2811,2813,3,1,1,1.0000,2812.020,901.000,1071.000,9.0827,21.0000,1.2600,0.0200,6.6073,0.8889,0.0000,0.1111,1.0000,0.0000,5.0341,1.2585,1.0000
11,3,2813,2816,4,2,3,0.4583,2814.912,497.720,577.928,11.8579,15.0000,1.3200,1.1115,4.7194,0.4629,0.3312,0.2059,0.8114,0.2233,3.1462,0.9439,0.3440
4,3,2815,2816,2,2,2,0.5000,2815.558,454.173,961.712,8.1802,15.0000,1.1538,0.8555,4.7193,0.5916,0.1015,0.3069,0.7071,0.7071,4.7194,1.2585,0.8269
5,3,2815,2817,3,1,2,0.8333,2816.267,529.000,721.533,8.4422,14.0000,1.1667,0.5963,4.4047,0.5854,0.2927,0.1220,0.9487,0.0000,4.8766,1.5731,0.7000
7,3,2816,2818,3,2,2,0.5833,2817.083,536.536,836.095,9.9889,15.0000,1.2500,0.4812,4.7193,0.4600,0.2645,0.2756,1.0000,0.0000,4.0901,1.5731,0.5238
4,3,2821,2822,2,1,2,1.0000,2821.561,688.000,1246.579,8.9665,18.0000,1.2632,0.6080,5.6631,0.0000,0.7500,0.2500,0.0000,0.0000,4.8765,0.9438,0.8246
8,3,2823,2825,3,2,2,0.6667,2824.010,397.526,558.825,10.7895,17.0000,1.4021,0.5543,5.3484,0.5487,0.1069,0.3444,0.9672,0.2262,3.9327,1.2584,0.5052
4,3,2827,2828,2,1,2,1.0000,2827.491,587.000,1219.473,8.6518,15.0000,1.0909,0.6947,4.7191,0.0000,0.7500,0.2500,0.0000,0.0000,5.0338,1.5730,0.7818
6,3,2827,2829,3,2,1,1.0000,2827.901,905.507,983.000,9.1191,18.0000,1.5211,0.5165,5.6630,0.5556,0.3333,0.1111,1.0000,0.0000,3.9326,1.5730,0.6479
4,3,2830,2831,2,1,2,1.0000,2830.554,948.000,1070.431,10.2247,23.0000,1.4154,0.6202,7.2359,0.0000,0.7500,0.2500,0.0000,0.0000,4.8764,1.2584,0.8000
3,3,2835,2836,2,1,2,0.7500,2835.681,507.000,743.319,8.5368,17.0000,1.0851,0.4513,5.3482,0.5333,0.2667,0.2000,0.7071,0.0000,5.0336,1.8876,1.0000
9,4,2840,2842,3,2,2,0.7500,2841.241,561.371,804.371,12.1641,20.0000,1.5517,0.5771,6.2918,0.4747,0.0505,0.4749,0.9719,0.0000,4.4042,1.2584,0.5690
5,3,2841,2842,2,2,3,0.4167,2841.234,689.875,1118.422,9.0041,15.0000,1.1719,0.4985,4.7188,0.6338,0.1686,0.1975,0.2016,0.6778,5.0334,1.5730,0.7031
4,3,2846,2848,3,2,1,0.6667,2847.105,718.281,1068.000,8.9652,17.0000,1.1930,0.2998,5.3477,0.5357,0.3214,0.1429,1.0000,0.0000,5.1903,1.1010,0.8421
8,3,2852,2854,3,2,3,0.4444,2853.045,574.625,927.443,9.7861,14.0000,1.2727,0.8383,4.4035,0.3909,0.4122,0.1969,0.6935,0.1030,3.6172,1.5727,0.4773
7,3,2854,2855,2,2,2,0.8750,2854.384,395.442,841.605,10.2237,15.0000,1.2209,0.7843,4.7180,0.0000,0.3318,0.6682,0.7071,0.5774,4.4033,1.2581,0.5000
8,4,2855,2858,4,3,2,0.3333,2856.582,546.000,1107.551,10.8974,19.0000,1.5510,0.8012,5.9758,0.6891,0.1509,0.1600,0.9377,0.1423,4.2459,1.2580,0.6633
8,3,2857,2860,4,2,2,0.5000,2858.699,683.677,575.806,10.3409,17.0000,1.4624,0.4818,5.3464,0.7435,0.1182,0.1384,0.9342,0.2294,3.6167,1.2580,0.4839
8,3,2859,2861,3,2,3,0.4444,2860.146,678.906,1083.323,10.6741,17.0000,1.4167,0.3665,5.3463,0.4479,0.3131,0.2390,0.8606,0.0694,4.2456,1.2579,0.4896
5,3,2861,2863,3,2,2,0.4167,2861.525,747.770,1077.164,8.5789,14.0000,1.1475,0.9464,4.4027,0.6338,0.1686,0.1975,0.9585,0.2851,4.7171,1.2579,0.6885
10,3,2863,2865,3,2,3,0.5556,2863.848,574.429,928.357,11.1373,18.0000,1.6071,0.7874,5.6602,0.5013,0.1786,0.3202,0.7809,0.1278,3.3018,1.5722,0.4286
3,3,2869,2870,2,1,2,0.7500,2869.674,607.000,1128.651,7.8055,15.0000,1.0465,0.7280,4.7160,0.5333,0.2667,0.2000,0.7071,0.0000,4.7162,1.7292,1.0000
5,3,2869,2871,3,2,2,0.4167,2870.197,892.136,1083.848,9.2799,17.0000,1.2879,0.8285,5.3447,0.6489,0.0995,0.2515,0.9362,0.2726,5.0306,2.5152,0.7121
5,3,2882,2883,2,2,2,0.6250,2882.569,928.415,711.138,9.1363,15.0000,1.1538,0.6142,4.7144,0.3432,0.2505,0.4063,0.6059,0.3645,5.0288,1.5715,0.6615
6,4,2882,2884,3,2,2,0.5000,2882.805,1005.701,970.377,9.8799,15.0000,1.1688,0.5187,4.7144,0.6381,0.1455,0.2164,0.8019,0.3768,4.7145,1.2572,0.7532
7,3,2882,2884,3,3,2,0.3889,2882.916,1094.145,1163.410,9.8598,16.0000,1.3494,0.4425,5.0287,0.6470,0.1845,0.1685,0.7114,0.1611,4.0859,1.2572,0.5301
14,3,2884,2886,3,4,5,0.2333,2884.948,966.182,598.610,12.9353,20.0000,1.8182,0.4331,6.2856,0.4542,0.3073,0.2384,0.1808,0.6734,3.4571,1.2571,0.3117
10,3,2885,2887,3,3,3,0.3704,2886.000,867.376,888.094,11.6277,18.0000,1.5385,0.3876,5.6569,0.5157,0.1756,0.3087,0.8650,0.3752,4.0855,1.2571,0.4103
7,3,2888,2890,3,2,2,0.5833,2888.901,790.593,775.111,9.6211,16.0000,1.3827,0.4337,5.0281,0.4600,0.2645,0.2756,1.0000,0.0000,3.7711,1.2570,0.5556
8,3,2889,2891,3,3,2,0.4444,2889.856,601.928,840.660,10.7773,22.0000,1.8144,0.3765,6.9136,0.4286,0.2283,0.3431,0.7636,0.4342,3.6139,0.3143,0.5155
4,3,2889,2890,2,2,1,1.0000,2889.474,755.491,909.000,8.9563,16.0000,1.1228,0.6824,5.0281,0.0000,0.7500,0.2500,1.0000,0.0000,4.7138,0.9428,0.7719
7,3,2889,2891,3,1,3,0.7778,2890.163,966.000,896.174,10.2148,15.0000,1.2209,1.4261,4.7139,0.4747,0.4312,0.0941,0.5071,0.0000,4.7138,1.2570,0.5116
7,3,2891,2892,2,3,3,0.3889,2891.713,939.163,1009.525,9.5019,15.0000,1.3125,0.8716,4.7137,0.6205,0.1217,0.2578,0.3224,0.9339,4.7137,1.8855,0.5375
7,3,2892,2894,3,2,2,0.5833,2892.942,980.372,1140.581,10.2144,14.0000,1.1395,1.1677,4.3994,0.5927,0.2184,0.1889,0.8630,0.4864,4.7136,1.0999,0.4884
6,3,2893,2895,3,2,2,0.5000,2894.375,345.347,1035.125,9.2367,14.0000,1.1667,0.5261,4.3994,0.5034,0.2551,0.2415,0.9677,0.2521,4.5565,1.2569,0.5833
8,3,2893,2895,3,3,2,0.4444,2893.720,876.210,896.100,11.1101,20.0000,1.6000,0.3640,6.2848,0.2862,0.4811,0.2328,0.1814,0.0689,3.9280,1.5712,0.5000
7,3,2898,2900,3,2,3,0.3889,2899.395,888.211,805.908,9.0265,15.0000,1.3816,1.0121,4.7135,0.7845,0.0411,0.1744,0.6718,0.7181,2.8281,1.2569,0.5789
4,3,2903,2904,2,1,2,1.0000,2903.415,1168.000,797.585,8.3273,17.0000,1.2830,0.5870,5.3420,0.0000,0.7500,0.2500,0.0000,0.0000,4.3993,1.2570,0.8491
6,3,2905,2907,3,2,2,0.5000,2905.808,760.128,854.615,10.0066,16.0000,1.2308,0.6574,5.0279,0.5230,0.1584,0.3185,0.9225,0.0898,4.3994,1.0999,0.5769
5,3,2906,2907,2,3,1,0.8333,2906.484,883.290,996.000,8.7132,16.0000,1.2903,0.8775,5.0280,0.5854,0.2927,0.1220,0.3162,0.0000,4.7137,0.6285,0.7097
4,3,2908,2910,3,1,2,0.6667,2908.902,960.000,1012.549,8.0136,14.0000,1.0980,1.0084,4.3996,0.7576,0.1294,0.1129,0.8507,0.0000,4.7139,1.5713,0.8235
7,4,2910,2912,3,2,2,0.5833,2910.780,988.098,784.451,9.7401,14.0000,1.1951,0.9068,4.3998,0.5916,0.2044,0.2040,0.9664,0.1591,5.0282,1.2571,0.6829
5,3,2913,2914,2,2,2,0.6250,2913.873,667.349,987.492,8.8549,18.0000,1.4286,0.6166,5.6572,0.3432,0.2505,0.4063,0.5155,0.8569,4.0857,1.2572,0.7460
8,3,2914,2916,3,2,3,0.4444,2915.129,939.188,877.094,9.4452,17.0000,1.6000,0.8957,5.3431,0.3774,0.2767,0.3459,0.9741,0.1992,2.8287,1.2572,0.5294
5,3,2917,2918,2,2,2,0.6250,2917.517,985.867,877.367,8.4339,15.0000,1.2500,0.6474,4.7148,0.3432,0.2505,0.4063,0.6059,0.3645,4.7146,1.4144,0.7333
7,3,2921,2922,2,3,3,0.3889,2921.778,826.815,675.519,9.6238,18.0000,1.5556,0.5617,5.6583,0.6205,0.1217,0.2578,0.3224,0.9339,3.4577,1.5717,0.5802
4,3,2923,2924,2,2,1,1.0000,2923.509,819.439,799.000,8.9593,18.0000,1.2632,0.6585,5.6586,0.0000,0.7500,0.2500,1.0000,0.0000,4.7154,1.5718,0.8070
3,3,2924,2925,2,2,1,0.7500,2924.333,324.333,1099.000,7.6231,14.0000,1.0000,0.4714,4.4013,0.5333,0.2667,0.2000,0.7071,0.0000,4.7155,1.2575,1.0000
8,5,2926,2928,3,3,2,0.4444,2926.929,577.990,561.541,10.8931,16.0000,1.3061,1.0935,5.0303,0.4726,0.3790,0.1484,0.5910,0.3280,4.7158,1.5720,0.7449
6,3,2926,2928,3,2,2,0.5000,2926.559,637.868,1124.426,8.7277,15.0000,1.3235,0.8116,4.7158,0.5034,0.2551,0.2415,0.9677,0.2521,3.9298,1.2575,0.6324
6,3,2939,2940,2,2,2,0.7500,2939.535,524.254,1161.352,9.1154,14.0000,1.1831,0.6890,4.4028,0.2000,0.3333,0.4667,0.0000,0.0000,4.2455,0.9434,0.5915
6,3,2941,2942,2,2,2,0.7500,2941.325,648.221,1057.558,9.8860,20.0000,1.5584,0.5909,6.2898,0.2000,0.3333,0.4667,0.7071,0.7071,3.6166,0.3145,0.6494
7,3,2941,2943,3,3,2,0.3889,2941.556,877.000,555.580,9.6282,15.0000,1.2963,0.6963,4.7174,0.2873,0.4228,0.2899,0.9129,0.1849,4.0884,1.2580,0.5432
11,3,2943,2946,4,3,4,0.2292,2944.460,544.841,890.468,11.9480,22.0000,1.9206,0.7210,6.9190,0.2877,0.4797,0.2326,0.8800,0.3796,3.7740,1.5725,0.4048
6,3,2946,2948,3,2,2,0.5000,2946.909,460.558,840.870,9.8865,17.0000,1.3247,1.0748,5.3466,0.7074,0.0897,0.2030,0.9140,0.2540,4.5603,1.4153,0.6623
4,3,2950,2951,2,2,1,1.0000,2950.482,574.536,848.000,8.8062,15.0000,1.0714,0.6693,4.7176,0.0000,0.7500,0.2500,1.0000,0.0000,4.8749,1.2580,0.7857
4,3,2952,2953,2,1,3,0.6667,2952.714,630.000,1257.875,8.8061,17.0000,1.2143,0.3119,5.3466,0.5357,0.3214,0.1429,0.0000,0.0000,5.1893,0.9435,0.8571
7,3,2955,2957,3,3,2,0.3889,2956.407,343.802,850.093,10.2226,17.0000,1.3837,0.6320,5.3464,0.2873,0.4228,0.2899,0.9129,0.1849,4.7175,1.7297,0.5465
4,3,2956,2958,3,2,1,0.6667,2957.321,722.250,920.000,8.8057,16.0000,1.1429,0.4072,5.0319,0.7500,0.1500,0.1000,0.9487,0.0000,5.1891,1.2580,0.8036
7,3,2958,2959,2,3,2,0.5833,2958.425,1230.678,898.264,10.3412,14.0000,1.1264,0.8430,4.4028,0.4600,0.2645,0.2756,0.4286,0.6826,4.7172,1.1007,0.6437
6,3,2961,2963,3,2,2,0.5000,2962.181,1023.111,531.611,9.2433,15.0000,1.2500,0.4429,4.7170,0.5230,0.1584,0.3185,0.9225,0.0898,4.2453,0.6289,0.5972
9,3,2966,2968,3,3,2,0.5000,2967.029,579.441,533.598,10.6905,17.0000,1.5000,0.7437,5.3453,0.6283,0.1059,0.2658,0.7395,0.4784,3.6158,1.2577,0.4608
4,3,2971,2973,3,1,2,0.6667,2971.927,365.000,582.455,8.6455,16.0000,1.1636,0.4603,5.0301,0.7576,0.1294,0.1129,0.8507,0.0000,4.8730,1.2576,0.8182
8,4,2971,2973,3,2,2,0.6667,2972.216,421.402,869.567,10.7815,17.0000,1.4021,0.7693,5.3445,0.4396,0.1507,0.4097,0.8641,0.2943,4.0869,0.7860,0.6392
4,3,2971,2973,3,2,1,0.6667,2972.138,681.483,938.000,9.1170,20.0000,1.3793,0.5353,6.2876,0.7576,0.1294,0.1129,0.8507,0.0000,5.3443,1.7291,0.8621
7,4,2976,2978,3,3,2,0.3889,2976.976,366.683,848.732,9.7420,14.0000,1.1951,1.0012,4.4006,0.4357,0.3326,0.2317,0.4704,0.1532,4.7148,0.9430,0.6829
14,3,2976,2978,3,5,3,0.3111,2977.107,401.853,714.113,12.6011,16.0000,1.4933,0.2139,5.0293,0.3998,0.3673,0.2329,0.2175,0.1486,3.7718,1.5716,0.3000
5,3,2976,2978,3,1,3,0.5556,2976.884,759.000,1054.493,9.6995,17.0000,1.2319,1.0192,5.3438,0.3318,0.5530,0.1152,0.0000,0.0000,5.6579,0.7858,0.7391
7,3,2979,2981,3,2,3,0.3889,2979.829,967.487,889.895,9.0283,15.0000,1.3816,0.5511,4.7144,0.2063,0.5848,0.2089,0.4082,0.3639,3.4571,1.2571,0.5658
6,3,2981,2983,3,2,2,0.5000,2982.151,487.685,880.616,9.3660,14.0000,1.1507,0.7085,4.3998,0.6381,0.1455,0.2164,0.8019,0.3768,3.7712,0.7857,0.5753
4,3,2981,2982,2,1,2,1.0000,2981.574,920.000,1253.574,8.4855,17.0000,1.2593,0.6024,5.3426,0.0000,0.7500,0.2500,0.0000,0.0000,5.0284,1.1000,0.8333
8,3,2982,2984,3,3,2,0.4444,2983.184,913.908,815.724,9.6664,15.0000,1.3793,0.3441,4.7139,0.5721,0.1831,0.2448,0.8600,0.3843,3.2997,0.9427,0.5057
9,3,2988,2991,4,2,2,0.5625,2989.153,604.163,701.367,10.2637,15.0000,1.3776,0.4301,4.7130,0.6745,0.1583,0.1672,0.9871,0.1490,3.4563,0.3142,0.4388
8,3,2994,2997,4,2,3,0.3333,2995.451,536.209,1186.791,10.1067,15.0000,1.3187,0.6238,4.7119,0.5783,0.2915,0.1302,0.9062,0.1361,3.6126,0.6283,0.4725
4,3,2995,2997,3,2,1,0.6667,2996.321,356.250,872.000,8.7955,16.0000,1.1429,0.7232,5.0259,0.7500,0.1500,0.1000,0.9487,0.0000,4.7119,1.7277,0.7857
5,3,2998,2999,2,3,2,0.4167,2998.635,750.095,561.841,8.8497,16.0000,1.2698,0.4093,5.0256,0.5461,0.2256,0.2283,0.5716,0.7118,4.7115,1.5706,0.7143
5,3,2999,3000,2,2,2,0.6250,2999.478,657.130,913.536,9.6923,18.0000,1.3043,0.7595,5.6537,0.3432,0.2505,0.4063,0.6059,0.3645,4.7115,1.2564,0.6812
6,3,2999,3001,3,2,2,0.5000,3000.373,931.773,875.467,9.6170,21.0000,1.6800,0.8535,6.5958,0.6381,0.1455,0.2164,0.8019,0.3768,3.9262,1.2564,0.6667
7,3,3001,3003,3,2,3,0.3889,3001.976,573.096,1130.735,9.8529,15.0000,1.2651,0.2831,4.7112,0.6023,0.2183,0.1794,0.7436,0.2188,4.3970,2.1985,0.5181
7,3,3002,3003,2,2,2,0.8750,3002.622,750.367,922.567,10.6837,16.0000,1.2444,0.6819,5.0251,0.0000,0.3318,0.6682,0.5977,0.5774,4.3970,0.6282,0.5111
5,3,3004,3006,3,1,2,0.8333,3005.246,639.000,907.508,8.5674,16.0000,1.3115,0.9094,5.0248,0.5854,0.2927,0.1220,0.9487,0.0000,5.0249,1.5703,0.7213
5,3,3008,3010,3,2,2,0.4167,3009.469,626.656,911.875,8.9880,18.0000,1.4062,0.5946,5.6525,0.6999,0.1281,0.1720,0.8684,0.1395,4.7104,0.9421,0.7500
9,3,3011,3014,4,3,2,0.3750,3012.175,732.738,1215.592,10.7812,14.0000,1.2233,1.5084,4.3963,0.8252,0.0417,0.1331,0.7535,0.6492,4.0821,0.9420,0.4078
8,3,3013,3015,3,3,2,0.4444,3014.160,745.340,1078.819,10.4357,20.0000,1.7021,0.4172,6.2801,0.4921,0.2953,0.2126,0.7554,0.1875,3.9251,1.4130,0.5106
6,3,3014,3015,2,2,2,0.7500,3014.360,429.520,693.760,9.6144,15.0000,1.2000,0.6765,4.7101,0.2000,0.3333,0.4667,0.7071,0.7071,3.9250,1.2560,0.5867
5,3,3015,3017,3,2,2,0.4167,3016.149,1020.582,988.134,9.4084,16.0000,1.1940,0.4636,5.0240,0.7729,0.0435,0.1836,0.8328,0.5477,4.7099,1.7270,0.6716
8,3,3018,3020,3,2,3,0.4444,3018.723,512.327,913.149,11.2123,19.0000,1.5050,0.4535,5.9658,0.3837,0.1636,0.4526,0.7961,0.3359,3.9249,0.6280,0.5149
7,3,3021,3023,3,2,2,0.5833,3021.928,675.410,843.578,9.8500,17.0000,1.4337,0.7124,5.3377,0.5352,0.1763,0.2885,0.8018,0.5745,3.4538,1.8839,0.5663
7,3,3022,3024,3,3,1,0.7778,3023.284,479.716,457.000,10.4434,19.0000,1.5114,0.7702,5.9657,0.4747,0.4312,0.0941,0.5071,0.0000,4.0818,0.6280,0.5455
6,3,3025,3027,3,1,3,0.6667,3026.400,364.000,992.093,9.6137,17.0000,1.3600,0.4107,5.3377,0.2083,0.6667,0.1250,0.8944,0.0000,4.3957,1.5699,0.6133
13,3,3025,3028,4,3,4,0.2708,3026.596,663.305,1102.496,12.2787,17.0000,1.5674,0.8375,5.3377,0.8119,0.0671,0.1210,0.5330,0.3303,3.1398,0.7850,0.3262
7,3,3026,3027,2,3,2,0.5833,3026.442,181.802,667.337,10.2059,16.0000,1.3023,0.6814,5.0237,0.5352,0.1763,0.2885,0.2673,0.0986,4.0818,1.2559,0.5233
4,3,3026,3028,3,2,1,0.6667,3027.071,276.250,876.000,8.7915,18.0000,1.2857,0.2600,5.6517,0.5357,0.3214,0.1429,1.0000,0.0000,4.7097,0.6280,0.8214
7,3,3026,3028,3,1,3,0.7778,3026.790,857.000,623.247,9.6126,16.0000,1.3827,0.3241,5.0237,0.4747,0.4312,0.0941,0.8619,0.0000,3.7678,1.0989,0.5432
3,3,3030,3032,3,1,1,1.0000,3030.983,885.000,1073.000,10.5142,23.0000,1.1897,0.0172,7.2217,0.8889,0.0000,0.1111,1.0000,0.0000,5.9657,1.7269,1.0000
4,3,3032,3033,2,2,2,0.5000,3032.451,545.725,1110.176,8.0067,14.0000,1.0980,0.8723,4.3958,0.5916,0.1015,0.3069,0.7071,0.7071,4.7098,1.0990,0.8235
9,4,3032,3035,4,2,3,0.3750,3032.938,881.920,1280.947,11.8269,19.0000,1.5133,0.1140,5.9658,0.4417,0.4186,0.1397,0.9661,0.0853,3.7679,1.2559,0.5841
6,3,3033,3035,3,2,2,0.5000,3033.771,581.414,1022.114,8.9730,15.0000,1.2857,0.9753,4.7098,0.5230,0.1584,0.3185,0.9225,0.0898,4.0819,1.4130,0.6143
4,3,3036,3037,2,1,2,1.0000,3036.482,541.000,1013.571,8.7920,17.0000,1.2143,0.6722,5.3380,0.0000,0.7500,0.2500,0.0000,0.0000,4.5530,0.7850,0.8214
4,3,3037,3038,2,1,2,1.0000,3037.462,263.000,885.442,8.1641,15.0000,1.1538,0.6968,4.7101,0.0000,0.7500,0.2500,0.0000,0.0000,4.7100,0.9420,0.8269
7,3,3037,3039,3,2,2,0.5833,3038.141,1013.397,930.564,9.2573,14.0000,1.2564,0.7043,4.3961,0.3210,0.2459,0.4331,0.9117,0.4109,3.7681,0.7850,0.5385
7,3,3041,3043,3,2,3,0.3889,3042.180,518.798,1017.348,10.5635,17.0000,1.3371,0.7056,5.3384,0.2843,0.4935,0.2222,0.0803,0.1628,4.3964,1.7271,0.5393
11,3,3046,3048,3,3,2,0.6111,3046.752,1059.009,192.628,10.7001,16.0000,1.5575,0.4468,5.0249,0.3476,0.3793,0.2730,0.5545,0.1926,3.1406,1.2562,0.3894
5,3,3047,3049,3,1,2,0.8333,3047.677,765.000,1158.387,8.7081,15.0000,1.2097,0.9135,4.7110,0.5854,0.2927,0.1220,0.9487,0.0000,4.7109,1.5703,0.7097
8,3,3048,3050,3,2,2,0.6667,3048.556,535.311,605.556,9.9937,16.0000,1.4222,0.7765,5.0250,0.4716,0.1249,0.4035,0.8929,0.1898,3.7689,1.5704,0.4889
5,3,3049,3050,2,2,2,0.6250,3049.627,280.480,836.133,10.5345,21.0000,1.4000,0.6539,6.5957,0.3432,0.2505,0.4063,0.6059,0.3645,5.0252,1.5704,0.6933
6,3,3054,3056,3,2,2,0.5000,3054.947,513.355,995.882,9.7465,16.0000,1.2632,0.3782,5.0261,0.7074,0.0897,0.2030,0.9140,0.2540,4.7119,1.0994,0.6184
6,3,3055,3057,3,1,3,0.6667,3055.693,820.000,1097.360,9.6185,16.0000,1.2800,0.7812,5.0263,0.6061,0.3030,0.0909,0.7071,0.0000,4.2410,1.2566,0.6133
4,3,3059,3060,2,2,2,0.5000,3059.196,279.696,639.554,8.7969,17.0000,1.2143,0.8502,5.3410,0.5916,0.1015,0.3069,0.5000,0.5000,5.0268,1.7279,0.8036
5,3,3060,3062,3,1,2,0.8333,3061.277,385.000,689.538,9.1335,16.0000,1.2308,0.5382,5.0272,0.5854,0.2927,0.1220,0.9487,0.0000,5.0272,0.9426,0.7077
8,3,3061,3063,3,3,2,0.4444,3062.273,575.068,909.500,9.7760,14.0000,1.2727,0.5736,4.3991,0.3000,0.1956,0.5044,0.8035,0.2068,3.6135,1.4140,0.4773
10,4,3061,3064,4,3,2,0.4167,3062.681,833.933,565.479,11.8244,18.0000,1.5126,0.8350,5.6558,0.7484,0.0178,0.2338,0.9337,0.3162,3.4565,0.9427,0.5462
6,3,3062,3064,3,2,2,0.5000,3062.775,643.732,1001.408,9.1079,15.0000,1.2676,1.0108,4.7132,0.6381,0.1455,0.2164,0.8019,0.3768,4.5562,1.5711,0.6056
10,3,3063,3065,3,3,3,0.3704,3064.194,360.058,477.816,10.2352,16.0000,1.5534,0.2741,5.0278,0.2097,0.3108,0.4796,0.8941,0.2992,2.9853,1.2570,0.4272
4,3,3066,3067,2,1,2,1.0000,3066.585,609.000,1262.434,8.3281,16.0000,1.2075,0.6005,5.0284,0.0000,0.7500,0.2500,0.0000,0.0000,4.8711,1.4142,0.8491
9,3,3068,3070,3,3,3,0.3333,3069.250,879.020,729.360,10.4767,14.0000,1.2600,0.6874,4.4004,0.3881,0.4114,0.2005,0.9414,0.3170,4.0860,1.5715,0.4200
5,3,3070,3072,3,2,1,0.8333,3071.314,743.514,957.000,9.8400,18.0000,1.2857,0.8571,5.6581,0.5854,0.2927,0.1220,0.9487,0.0000,5.3435,1.5717,0.7143
4,3,3071,3072,2,2,2,0.5000,3071.269,602.846,916.423,8.1725,16.0000,1.2308,0.5245,5.0292,0.5916,0.1015,0.3069,0.5000,0.5000,4.7149,1.1001,0.8462
4,4,3073,3074,2,2,1,1.0000,3073.547,689.531,573.000,10.0594,19.0000,1.1875,0.6520,5.9729,0.0000,0.7500,0.2500,1.0000,0.0000,5.5012,0.9431,1.0000
9,3,3077,3080,4,2,4,0.2812,3078.370,491.194,832.185,11.3190,18.0000,1.5000,0.4575,5.6594,0.7702,0.1210,0.1088,0.6608,0.0268,4.0872,0.6288,0.4259
5,3,3079,3081,3,1,2,0.8333,3080.257,604.000,1135.400,9.8435,16.0000,1.1429,0.9549,5.0311,0.5854,0.2927,0.1220,0.9487,0.0000,5.0309,1.5722,0.6429
4,3,3082,3083,2,2,2,0.5000,3082.157,808.725,741.569,8.0187,15.0000,1.1765,0.5348,4.7169,0.5916,0.1015,0.3069,0.5000,0.5000,4.7169,1.4151,0.8431
6,3,3082,3083,2,2,2,0.7500,3082.556,983.556,712.778,9.2433,18.0000,1.5000,0.6667,5.6604,0.2667,0.1333,0.6000,0.7071,0.7071,4.4024,1.5723,0.6389
8,3,3085,3087,3,3,2,0.4444,3086.167,825.927,473.469,10.6744,19.0000,1.5833,0.5028,5.9754,0.1528,0.2767,0.5705,0.6280,0.3251,4.0884,1.5725,0.5104
8,3,3089,3091,3,2,4,0.3333,3089.929,476.707,972.697,11.0090,18.0000,1.4545,0.4274,5.6615,0.7048,0.0974,0.1978,0.5911,0.4589,4.2461,1.5726,0.4949
4,3,3090,3091,2,1,2,1.0000,3090.500,312.000,1173.393,8.8068,20.0000,1.4286,0.6359,6.2905,0.0000,0.7500,0.2500,0.0000,0.0000,4.7180,0.6291,0.8571
7,3,3092,3094,3,2,2,0.5833,3093.386,874.659,549.682,10.4620,18.0000,1.4318,0.9551,5.6618,0.4600,0.2645,0.2756,0.8571,0.1000,4.4036,1.8872,0.5455
6,3,3094,3096,3,2,2,0.5000,3094.896,418.312,863.442,9.8879,19.0000,1.4805,0.5504,5.9765,0.4246,0.3485,0.2269,0.7895,0.0722,4.0892,0.9437,0.6623
5,3,3095,3097,3,2,2,0.4167,3096.339,508.758,1049.161,8.7217,15.0000,1.2097,0.4464,4.7183,0.6489,0.0995,0.2515,0.9362,0.2726,4.7183,1.2582,0.7097
8,3,3096,3097,2,2,2,1.0000,3096.510,812.529,822.539,11.3436,15.0000,1.1765,0.8329,4.7183,0.0000,0.0000,1.0000,0.0000,1.0000,4.7183,1.8873,0.4216
6,3,3103,3105,3,2,2,0.5000,3104.253,843.893,941.480,9.6312,17.0000,1.3600,0.5531,5.3474,0.3810,0.3333,0.2857,0.9487,0.1690,4.5610,0.7864,0.6133
5,4,3104,3106,3,1,2,0.8333,3104.767,622.000,965.438,10.2690,18.0000,1.2329,0.6080,5.6619,0.5854,0.2927,0.1220,0.9487,0.0000,4.7183,0.3146,0.8493
4,3,3105,3106,2,2,2,0.5000,3105.727,563.291,748.182,8.6501,16.0000,1.1636,0.7812,5.0327,0.0000,0.5625,0.4375,0.4459,0.5774,5.1900,1.7300,0.8182
5,3,3108,3110,3,1,2,0.8333,3108.908,582.000,1117.615,9.1431,17.0000,1.3077,0.3955,5.3470,0.5854,0.2927,0.1220,0.9487,0.0000,4.7179,1.2581,0.6923
4,3,3109,3110,2,2,1,1.0000,3109.525,729.424,366.000,9.2786,18.0000,1.2203,0.6750,5.6616,0.0000,0.7500,0.2500,1.0000,0.0000,5.1897,1.1009,0.8305
5,3,3111,3113,3,1,2,0.8333,3112.200,663.000,1120.646,9.1424,18.0000,1.3846,0.4065,5.6612,0.5854,0.2927,0.1220,0.9487,0.0000,5.0320,1.2580,0.7077
7,4,3112,3114,3,3,3,0.2593,3113.098,378.646,795.902,9.7474,15.0000,1.2805,1.2775,4.7177,0.8582,0.0069,0.1348,0.6828,0.6811,4.7176,1.5724,0.7073
6,3,3115,3117,3,2,3,0.3333,3116.315,684.671,1118.370,9.3720,16.0000,1.3151,0.5866,5.0316,0.6803,0.1871,0.1326,0.6721,0.5226,4.4025,1.4151,0.6027
8,3,3117,3119,3,2,2,0.6667,3118.505,1090.538,865.341,10.1169,18.0000,1.5824,0.7574,5.6600,0.4716,0.1249,0.4035,0.8929,0.1898,3.4591,1.2578,0.5165
8,3,3121,3124,4,3,2,0.3333,3121.929,512.857,663.092,10.8938,18.0000,1.4694,0.1842,5.6594,0.6323,0.2182,0.1495,0.9939,0.1064,3.9300,0.9433,0.5000
8,3,3125,3128,4,3,2,0.3333,3126.414,556.575,740.092,9.6694,14.0000,1.2874,0.7141,4.4011,0.5217,0.3098,0.1685,0.8575,0.1669,3.9293,1.2575,0.4828
4,3,3127,3128,2,1,2,1.0000,3127.509,673.000,1235.456,8.9589,16.0000,1.1228,0.6833,5.0296,0.0000,0.7500,0.2500,0.0000,0.0000,5.0294,1.2574,0.7895
4,3,3128,3129,2,2,1,1.0000,3128.473,367.545,1074.000,8.6442,16.0000,1.1636,0.6962,5.0292,0.0000,0.7500,0.2500,1.0000,0.0000,4.8723,1.5717,0.8182
6,3,3129,3131,3,2,2,0.5000,3130.068,766.189,834.324,9.4955,16.0000,1.2973,0.3815,5.0290,0.5230,0.1584,0.3185,0.9225,0.0898,4.4005,1.1001,0.6081
8,3,3129,3132,4,2,2,0.5000,3130.266,828.394,487.766,10.4458,15.0000,1.2766,0.7023,4.7147,0.7435,0.1182,0.1384,0.9342,0.2294,4.0860,1.5715,0.4574
8,3,3130,3133,4,3,2,0.3333,3131.708,312.615,624.312,10.6675,16.0000,1.3333,0.8404,5.0286,0.7645,0.0809,0.1545,0.8405,0.2053,4.2431,1.2572,0.4688
8,3,3131,3133,3,3,2,0.4444,3132.370,652.815,646.315,10.2227,15.0000,1.3043,0.5197,4.7144,0.2980,0.4245,0.2776,0.7259,0.1740,3.7714,1.4143,0.4674
5,3,3135,3136,2,2,2,0.6250,3135.492,540.136,814.373,8.2916,15.0000,1.2712,0.6450,4.7136,0.3432,0.2505,0.4063,0.6059,0.3645,4.7136,0.9428,0.7288
7,4,3136,3138,3,1,4,0.5833,3136.615,836.000,1198.495,10.8080,17.0000,1.3077,0.6265,5.3419,0.6405,0.2826,0.0769,0.5145,0.0000,5.0277,0.3142,0.7033
9,3,3138,3141,4,3,2,0.3750,3139.133,395.676,755.229,10.9973,15.0000,1.2857,1.2006,4.7133,0.8042,0.0846,0.1111,0.8895,0.1273,4.0847,0.9426,0.4190
6,3,3140,3141,2,2,2,0.7500,3140.474,446.237,529.342,9.7484,17.0000,1.3421,0.6305,5.3414,0.2000,0.3333,0.4667,0.0000,0.0000,4.3987,0.6284,0.6053
4,3,3140,3141,2,1,2,1.0000,3140.439,673.000,1164.439,8.9545,18.0000,1.2632,0.6203,5.6556,0.0000,0.7500,0.2500,0.0000,0.0000,4.7129,0.6284,0.8070
5,3,3141,3143,3,1,2,0.8333,3141.746,383.000,824.492,8.2898,15.0000,1.2712,0.9026,4.7128,0.5854,0.2927,0.1220,0.9487,0.0000,4.0843,0.1571,0.7288
7,3,3142,3144,3,2,3,0.3889,3143.329,490.388,804.859,10.0931,16.0000,1.3176,0.5284,5.0267,0.7344,0.0891,0.1766,0.6799,0.3621,4.3983,1.4138,0.5176
8,3,3145,3147,3,4,2,0.3333,3145.758,630.385,592.659,10.1070,15.0000,1.3187,0.5678,4.7121,0.6796,0.1757,0.1447,0.4972,0.3969,4.0839,1.5707,0.4725
4,3,3147,3149,3,2,1,0.6667,3147.827,410.827,983.000,8.1673,15.0000,1.1538,0.2448,4.7119,0.7500,0.1500,0.1000,0.9487,0.0000,4.8689,1.0994,0.8269
8,3,3155,3157,3,2,2,0.6667,3156.040,272.762,761.475,11.2153,16.0000,1.2673,0.5774,5.0252,0.4286,0.1071,0.4643,1.0000,0.0000,4.2400,0.7852,0.4455
7,3,3156,3158,3,2,2,0.5833,3157.233,437.384,1028.802,10.2088,17.0000,1.3837,0.4903,5.3392,0.5806,0.0526,0.3668,0.8835,0.4677,4.7111,1.0992,0.5233
6,3,3158,3160,3,2,2,0.5000,3159.080,530.880,1070.560,9.6162,16.0000,1.2800,1.1723,5.0251,0.3810,0.3333,0.2857,0.9487,0.1690,4.7109,1.5703,0.5867
4,3,3159,3161,3,1,2,0.6667,3160.000,654.000,1123.148,8.4796,16.0000,1.1852,0.1481,5.0249,0.5357,0.3214,0.1429,1.0000,0.0000,5.6530,1.8844,0.8519
10,4,3159,3162,4,2,3,0.4167,3160.269,683.571,465.084,11.8184,16.0000,1.3445,1.0464,5.0249,0.4123,0.4237,0.1640,0.9180,0.2178,4.3968,1.8843,0.4958
4,3,3160,3162,3,2,1,0.6667,3161.192,288.173,1020.000,8.1655,15.0000,1.1538,0.8260,4.7108,0.7500,0.1500,0.1000,0.9487,0.0000,4.7109,0.7851,0.8269
4,3,3166,3167,2,1,2,1.0000,3166.556,940.000,978.444,8.4792,16.0000,1.1852,0.6285,5.0247,0.0000,0.7500,0.2500,0.0000,0.0000,4.7107,1.2562,0.8148
4,4,3168,3169,2,1,2,1.0000,3168.475,749.000,1159.459,9.5783,18.0000,1.1803,0.6608,5.6528,0.0000,0.7500,0.2500,0.0000,0.0000,4.8677,1.5702,1.0000
10,3,3168,3170,3,3,2,0.5556,3169.000,951.152,671.524,10.4275,16.0000,1.5238,0.5000,5.0247,0.3155,0.2552,0.4293,0.8221,0.0089,3.2975,1.4132,0.4286
4,3,3173,3174,2,2,1,1.0000,3173.527,262.545,570.000,8.6361,15.0000,1.0909,0.6962,4.7106,0.0000,0.7500,0.2500,1.0000,0.0000,4.8676,0.9421,0.8000
4,3,3173,3174,2,1,2,1.0000,3173.431,587.000,833.586,9.1072,19.0000,1.3103,0.5975,5.9668,0.0000,0.7500,0.2500,0.0000,0.0000,5.1817,1.2562,0.8276
5,3,3175,3177,3,2,1,0.8333,3175.952,590.397,481.000,8.8479,17.0000,1.3492,0.6051,5.3387,0.5854,0.2927,0.1220,0.9487,0.0000,4.7106,0.9421,0.7302
6,3,3182,3183,2,1,4,0.7500,3182.658,570.000,1095.068,9.3591,16.0000,1.3151,0.9925,5.0246,0.8001,0.1345,0.0654,0.2238,0.0000,4.3966,1.4132,0.6164
4,3,3189,3190,2,2,1,1.0000,3189.524,711.460,902.000,9.8920,18.0000,1.1429,0.6973,5.6526,0.0000,0.7500,0.2500,1.0000,0.0000,5.4955,0.9421,0.8095
6,3,3191,3193,3,2,2,0.5000,3192.207,533.902,615.451,10.5124,21.0000,1.5366,0.5061,6.5945,0.3810,0.3333,0.2857,0.9487,0.1690,4.5533,1.4131,0.6463
3,3,3193,3195,3,1,1,1.0000,3194.000,471.000,990.000,7.7958,15.0000,1.0465,0.0000,4.7103,0.8889,0.0000,0.1111,1.0000,0.0000,5.0243,0.6280,1.0000
4,3,3194,3195,2,2,1,1.0000,3194.482,331.446,936.000,8.7925,16.0000,1.1429,0.6837,5.0242,0.0000,0.7500,0.2500,1.0000,0.0000,5.1813,1.5701,0.8036
6,3,3196,3198,3,2,2,0.5000,3196.603,819.110,911.548,9.3581,16.0000,1.3151,0.7614,5.0242,0.6373,0.1269,0.2358,0.8795,0.0724,4.2391,0.9420,0.6164
8,3,3198,3200,3,2,4,0.3333,3199.045,712.091,990.909,9.7693,15.0000,1.3636,1.3884,4.7100,0.7429,0.1421,0.1149,0.5577,0.1953,3.2970,1.0990,0.4886
6,3,3202,3205,4,2,2,0.3750,3203.387,593.787,562.720,9.6133,16.0000,1.2800,0.9202,5.0235,0.8076,0.0500,0.1424,0.9217,0.3087,4.5525,1.8837,0.6000
8,3,3203,3204,2,4,2,0.5000,3203.494,451.724,1042.598,9.6574,14.0000,1.2874,0.8232,4.3956,0.7197,0.0792,0.2011,0.2868,0.2049,3.9246,1.0989,0.4828
8,3,3203,3205,3,3,2,0.4444,3203.622,509.478,1037.689,9.9904,17.0000,1.5111,0.8439,5.3375,0.5462,0.2052,0.2485,0.6193,0.1600,3.6106,1.5698,0.5000
7,3,3207,3210,4,2,3,0.2917,3208.404,400.128,1085.989,11.1535,19.0000,1.4149,0.4241,5.9647,0.7071,0.1291,0.1638,0.9797,0.1207,4.7090,1.2557,0.5532
4,3,3208,3209,2,1,3,0.6667,3208.434,758.000,1199.132,8.3191,16.0000,1.2075,0.9704,5.0229,0.7576,0.1294,0.1129,0.5257,0.0000,5.0228,1.2557,0.8302
7,3,3212,3213,2,1,4,0.8750,3212.588,695.000,1265.859,10.0843,15.0000,1.2353,0.4353,4.7083,0.7331,0.1952,0.0717,0.1452,0.0000,4.7082,1.2556,0.5059
8,3,3213,3215,3,3,2,0.4444,3214.355,224.839,641.774,10.3202,15.0000,1.2903,0.7023,4.7079,0.3086,0.2813,0.4101,0.8447,0.2974,4.2372,1.5693,0.4624
3,3,3213,3215,3,1,1,1.0000,3214.000,418.000,684.000,8.8795,21.0000,1.2857,0.0000,6.5913,0.8889,0.0000,0.1111,1.0000,0.0000,4.7082,0.9416,1.0000
4,3,3214,3216,3,2,1,0.6667,3214.868,579.736,807.000,8.3174,16.0000,1.2075,0.2953,5.0218,0.5357,0.3214,0.1429,1.0000,0.0000,5.1788,1.7263,0.8491
8,3,3217,3220,4,2,2,0.5000,3218.554,522.370,606.717,10.2076,17.0000,1.4783,0.7237,5.3351,0.6556,0.1306,0.2138,0.9180,0.3925,3.4520,1.0984,0.5109
8,3,3218,3220,3,3,2,0.4444,3219.200,639.105,858.789,10.5402,15.0000,1.2632,1.2229,4.7074,0.5480,0.1407,0.3113,0.9211,0.0941,4.0795,1.4121,0.4737
4,4,3220,3221,2,2,1,1.0000,3220.516,462.532,773.000,9.7277,17.0000,1.0968,0.6730,5.3344,0.0000,0.7500,0.2500,1.0000,0.0000,5.1776,1.5690,1.0000
9,3,3220,3222,3,3,3,0.3333,3221.238,798.089,703.119,10.5642,15.0000,1.3366,0.9170,4.7069,0.5610,0.2089,0.2301,0.5629,0.7819,3.4518,1.5690,0.4257
6,3,3221,3222,2,2,2,0.7500,3221.486,630.686,565.714,8.9671,14.0000,1.2000,0.8876,4.3931,0.2000,0.3333,0.4667,0.0000,0.0000,4.3929,1.0982,0.6000
10,3,3221,3222,2,3,4,0.4167,3221.627,832.527,443.964,10.9150,16.0000,1.4545,0.6031,5.0204,0.4672,0.2687,0.2641,0.2893,0.9411,3.4516,1.7257,0.4000
7,3,3223,3225,3,2,2,0.5833,3223.896,986.104,499.584,9.1312,15.0000,1.3636,0.9932,4.7065,0.4600,0.2645,0.2756,1.0000,0.0000,2.5102,0.4706,0.5714
6,3,3225,3227,3,2,1,1.0000,3225.988,361.462,688.000,10.2462,16.0000,1.2000,0.4627,5.0196,0.5556,0.3333,0.1111,1.0000,0.0000,4.5490,0.9412,0.5625
4,3,3225,3226,2,3,1,0.6667,3225.418,374.164,970.000,8.6277,18.0000,1.3091,0.9351,5.6473,0.7576,0.1294,0.1129,0.5257,0.0000,4.8628,1.0980,0.8364
7,3,3229,3230,2,3,2,0.5833,3229.585,724.768,927.805,9.7218,17.0000,1.4512,0.5135,5.3324,0.3883,0.1309,0.4808,0.3626,0.5691,4.3916,1.5683,0.5610
4,3,3232,3233,2,2,2,0.5000,3232.286,329.250,660.143,8.7819,18.0000,1.2857,0.4056,5.6456,0.0000,0.5625,0.4375,0.4459,0.5774,5.0182,1.4113,0.8571
7,3,3233,3235,3,2,3,0.3889,3234.048,420.631,685.250,9.9569,15.0000,1.2500,1.3402,4.7044,0.5109,0.2405,0.2486,0.5680,0.1035,3.7634,1.4112,0.5357
10,3,3233,3235,3,3,3,0.3704,3233.710,573.093,717.692,10.6117,15.0000,1.4019,0.4333,4.7042,0.5157,0.2176,0.2667,0.1910,0.4216,3.4497,1.0976,0.4019
6,3,3234,3236,3,2,3,0.3333,3235.194,519.875,677.792,9.2178,16.0000,1.3333,0.3112,5.0176,0.7273,0.0909,0.1818,0.7071,0.5774,4.2335,1.2543,0.6250
7,5,3236,3238,3,1,4,0.5833,3237.021,391.000,863.660,11.1408,17.0000,1.2660,0.3411,5.3307,0.7600,0.1784,0.0616,0.6636,0.0000,5.0170,1.2543,0.8191
5,3,3238,3240,3,1,2,0.8333,3239.323,482.000,873.500,8.6936,17.0000,1.3710,0.5950,5.3302,0.5854,0.2927,0.1220,0.9487,0.0000,4.7030,1.2542,0.7258
7,3,3240,3242,3,2,3,0.3889,3241.365,994.729,774.894,10.0721,19.0000,1.5647,0.4663,5.9568,0.4357,0.3326,0.2317,0.7656,0.4189,3.4487,1.5675,0.5882
6,3,3241,3242,2,4,1,0.7500,3241.662,159.099,733.000,9.0872,16.0000,1.3521,0.9627,5.0160,0.8001,0.1345,0.0654,0.2238,0.0000,4.0756,0.9405,0.6479
9,3,3241,3243,3,2,4,0.3750,3242.352,789.200,930.105,10.9724,19.0000,1.6286,0.4185,5.9565,0.4368,0.3997,0.1635,0.3576,0.4614,3.4485,0.9404,0.4476
4,3,3244,3246,3,2,1,0.6667,3245.082,398.754,787.000,9.5605,23.0000,1.5082,0.2592,7.2096,0.5357,0.3214,0.1429,1.0000,0.0000,5.1720,1.8807,0.8525
5,3,3247,3249,3,1,2,0.8333,3247.739,418.000,1227.478,9.6715,19.0000,1.3768,0.8804,5.9552,0.5854,0.2927,0.1220,0.9487,0.0000,5.3281,0.6269,0.7536
7,3,3247,3248,2,3,2,0.5833,3247.488,430.872,921.407,10.1879,17.0000,1.3837,0.6661,5.3281,0.3210,0.2459,0.4331,0.2906,0.6446,3.7612,1.2537,0.5581
10,3,3253,3255,3,3,2,0.5556,3254.345,299.888,477.250,11.4939,17.0000,1.4655,1.1314,5.3266,0.3905,0.2502,0.3593,0.3662,0.0677,4.2301,1.2534,0.3966
6,3,3256,3258,3,2,2,0.5000,3257.300,597.886,617.443,8.9533,17.0000,1.4571,0.6430,5.3261,0.5034,0.2551,0.2415,0.9677,0.2521,3.9162,0.6266,0.6429
5,3,3260,3261,2,3,1,0.8333,3260.531,250.250,786.000,8.9660,16.0000,1.2500,0.5871,5.0123,0.5854,0.2927,0.1220,0.3162,0.0000,5.0122,0.9398,0.7188
4,3,3264,3266,3,2,1,0.6667,3265.018,361.179,743.000,8.7699,17.0000,1.2143,0.1795,5.3246,0.5357,0.3214,0.1429,1.0000,0.0000,4.8547,0.9397,0.8214
6,3,3264,3266,3,2,1,1.0000,3264.900,428.529,611.000,8.9507,15.0000,1.2857,1.0160,4.6983,0.5556,0.3333,0.1111,1.0000,0.0000,3.2888,0.6264,0.6286
7,3,3269,3272,4,2,2,0.4375,3270.222,623.778,781.222,9.5873,16.0000,1.3827,0.3849,5.0105,0.8243,0.0513,0.1244,0.9184,0.3278,3.4446,1.0960,0.5556
5,3,3269,3271,3,1,2,0.8333,3270.234,849.000,1185.516,8.9630,17.0000,1.3281,0.5381,5.3237,0.5854,0.2927,0.1220,0.9487,0.0000,5.0104,1.4092,0.7500
6,3,3271,3273,3,3,1,0.6667,3271.853,388.027,657.000,9.5879,16.0000,1.2800,0.8537,5.0104,0.6944,0.2222,0.0833,0.8000,0.0000,4.6971,0.3131,0.6267
10,3,3273,3276,4,3,2,0.4167,3274.314,674.076,404.924,11.6839,18.0000,1.5254,0.3316,5.6361,0.6622,0.2261,0.1117,0.8560,0.0515,3.6009,0.9393,0.4322
7,3,3274,3276,3,3,1,0.7778,3275.333,247.867,657.000,10.6509,18.0000,1.4000,0.9286,5.6360,0.4747,0.4312,0.0941,0.5071,0.0000,4.6966,0.9393,0.5556
10,3,3275,3277,3,3,2,0.5556,3275.865,667.991,849.324,10.9903,19.0000,1.7117,0.3515,5.9489,0.2602,0.3061,0.4337,0.9864,0.1644,3.6006,1.5655,0.4234
7,3,3278,3281,4,2,3,0.2917,3279.557,498.772,698.823,9.3481,15.0000,1.3291,0.5288,4.6961,0.7672,0.0985,0.1342,0.7817,0.1727,3.7568,1.2522,0.5443
4,3,3279,3280,2,2,1,1.0000,3279.473,351.527,632.000,8.6096,15.0000,1.0909,0.7082,4.6962,0.0000,0.7500,0.2500,1.0000,0.0000,5.1657,1.8784,0.8000
15,3,3280,3282,3,2,4,0.6250,3280.920,823.407,942.630,13.0949,16.0000,1.4815,1.0720,5.0091,0.4624,0.3669,0.1706,0.1493,0.1362,3.1307,1.5653,0.2716
10,4,3281,3284,4,4,2,0.3125,3282.474,335.707,874.069,11.4836,17.0000,1.4655,1.5553,5.3218,0.6902,0.2020,0.1077,0.7776,0.0171,3.6002,1.2522,0.5431
5,3,3283,3284,2,1,3,0.8333,3283.525,468.000,981.344,8.5399,15.0000,1.2295,0.8398,4.6958,0.5854,0.2927,0.1220,0.3162,0.0000,4.6957,0.7826,0.7049
7,3,3285,3287,3,3,2,0.3889,3286.057,193.805,949.908,10.2934,17.0000,1.3678,0.2235,5.3216,0.7558,0.1056,0.1386,0.6480,0.2871,4.0695,1.5652,0.5517
10,4,3290,3293,4,3,2,0.4167,3291.410,593.967,1000.934,12.0759,19.0000,1.5574,0.4163,5.9472,0.6792,0.2186,0.1022,0.8213,0.1278,4.2256,1.2520,0.5164
3,3,3291,3293,3,1,1,1.0000,3292.000,567.000,751.000,7.5901,14.0000,1.0000,1.0000,4.3822,0.8889,0.0000,0.1111,1.0000,0.0000,4.6951,1.2521,1.0000
6,3,3291,3292,2,2,2,0.7500,3291.306,931.375,774.681,9.2006,17.0000,1.4167,0.5797,5.3212,0.2000,0.3333,0.4667,0.7071,0.7071,4.0691,1.2521,0.6250
7,3,3294,3296,3,2,2,0.5833,3295.012,535.576,910.129,10.0558,17.0000,1.4000,0.5909,5.3210,0.4600,0.2645,0.2756,1.0000,0.0000,3.7561,1.7215,0.5294
6,3,3306,3308,3,1,2,1.0000,3307.038,535.000,564.506,10.0952,17.0000,1.2911,0.5078,5.3212,0.5556,0.3333,0.1111,1.0000,0.0000,5.0082,1.2521,0.6203
4,3,3307,3309,3,2,1,0.6667,3307.880,340.560,540.000,7.8254,14.0000,1.1200,0.9839,4.3823,0.7576,0.1294,0.1129,0.8507,0.0000,4.6952,0.9391,0.8400
6,3,3310,3312,3,3,2,0.3333,3310.620,112.848,663.886,10.0957,20.0000,1.5190,0.4246,6.2606,0.6494,0.1645,0.1861,0.7264,0.0379,4.5389,0.9391,0.6329
7,3,3310,3312,3,3,1,0.7778,3311.391,187.184,902.000,10.2934,18.0000,1.4483,1.0184,5.6347,0.4747,0.4312,0.0941,0.5071,0.0000,3.7564,0.4695,0.5632
3,3,3312,3314,3,1,1,1.0000,3313.000,522.000,794.000,8.3138,16.0000,1.0435,0.0000,5.0087,0.8889,0.0000,0.1111,1.0000,0.0000,5.3218,1.5652,1.0000
5,3,3313,3315,3,3,1,0.5556,3314.127,523.968,737.000,8.8200,17.0000,1.3492,0.1309,5.3218,0.5532,0.3398,0.1070,0.8281,0.0000,4.6956,1.5652,0.7143
7,4,3313,3315,3,2,2,0.5833,3314.333,626.798,1179.667,9.9390,16.0000,1.3333,0.5130,5.0088,0.3772,0.3083,0.3146,0.9758,0.2185,4.6957,1.2522,0.6905
4,3,3316,3318,3,1,2,0.6667,3317.137,512.000,831.843,7.9832,15.0000,1.1765,1.1480,4.6959,0.7500,0.1500,0.1000,0.9487,0.0000,4.6961,0.7827,0.8431
7,3,3318,3320,3,2,3,0.3889,3318.714,337.403,1145.013,9.1116,14.0000,1.2727,0.8200,4.3831,0.5780,0.1560,0.2660,0.7697,0.1362,3.4440,2.0350,0.5455
8,3,3321,3323,3,3,2,0.4444,3321.921,601.629,939.775,9.8522,15.0000,1.3483,0.6728,4.6966,0.7384,0.0761,0.1855,0.5910,0.0000,3.4441,0.6262,0.4944
4,3,3322,3323,2,1,2,1.0000,3322.472,274.000,750.528,8.2974,14.0000,1.0566,0.7082,4.3836,0.0000,0.7500,0.2500,0.0000,0.0000,4.6966,1.7221,0.7925
10,3,3324,3326,3,2,3,0.5556,3324.964,479.857,791.402,11.0903,20.0000,1.7857,0.6161,6.2626,0.4730,0.3131,0.2139,0.6674,0.1040,2.5051,0.7828,0.4643
4,3,3324,3325,2,2,1,1.0000,3324.526,481.456,886.000,8.9241,16.0000,1.1228,0.6576,5.0101,0.0000,0.7500,0.2500,1.0000,0.0000,4.8535,1.2525,0.7895
11,4,3324,3327,4,3,3,0.3056,3325.852,632.242,375.594,12.0851,18.0000,1.5469,0.9741,5.6365,0.6650,0.1529,0.1821,0.7906,0.2622,3.4445,0.9394,0.4922
6,3,3324,3326,3,3,1,0.6667,3324.712,760.808,484.000,9.3319,18.0000,1.4795,0.3457,5.6363,0.2083,0.6667,0.1250,0.8944,0.0000,4.0707,1.2525,0.6438
4,3,3324,3325,2,2,2,0.5000,3324.727,768.164,940.255,8.6110,17.0000,1.2364,0.4074,5.3232,0.0000,0.5625,0.4375,0.4459,0.5774,5.0100,1.5657,0.8364
9,3,3325,3327,3,4,2,0.3750,3325.808,212.615,821.923,10.8554,18.0000,1.5577,0.4368,5.6365,0.6072,0.2486,0.1442,0.0146,0.0837,3.7577,0.3131,0.4423
3,3,3327,3328,2,1,2,0.7500,3327.688,399.000,915.688,8.6784,18.0000,1.1250,0.4419,5.6368,0.5333,0.2667,0.2000,0.7071,0.0000,5.6367,1.8789,1.0000
9,4,3328,3330,3,5,1,0.6000,3329.148,160.574,500.000,11.2740,15.0000,1.2500,1.5810,4.6975,0.8349,0.1253,0.0398,0.4011,0.0000,4.0712,0.9395,0.5370
9,4,3328,3330,3,4,2,0.3750,3329.411,444.766,577.916,11.1697,15.0000,1.2617,0.8738,4.6976,0.7563,0.1472,0.0965,0.3645,0.0072,3.7581,1.2526,0.5421
3,3,3329,3330,2,1,2,0.7500,3329.674,545.000,994.326,7.7748,15.0000,1.0465,0.4604,4.6976,0.5333,0.2667,0.2000,0.7071,0.0000,4.3845,0.9395,1.0000
6,3,3329,3331,3,3,2,0.3333,3330.324,990.000,955.211,9.0777,17.0000,1.4366,0.7083,5.3242,0.7308,0.1227,0.1465,0.8841,0.3686,3.9146,1.4093,0.6479
4,3,3333,3334,2,2,1,1.0000,3333.500,124.517,859.000,9.0831,16.0000,1.1034,0.6950,5.0113,0.0000,0.7500,0.2500,1.0000,0.0000,4.8548,0.6264,0.7759
9,3,3336,3338,3,3,2,0.5000,3337.220,489.790,851.170,10.4415,17.0000,1.5300,1.1231,5.3253,0.1174,0.5995,0.2832,0.7587,0.2920,3.1325,0.9398,0.4500
6,3,3337,3338,2,3,2,0.5000,3337.649,387.324,411.892,9.4634,17.0000,1.3784,0.4902,5.3253,0.5034,0.2551,0.2415,0.1128,0.4328,4.2289,1.5663,0.6216
9,3,3339,3342,4,3,2,0.3750,3340.327,461.010,776.471,10.8602,20.0000,1.7308,0.5735,6.2655,0.6736,0.0421,0.2844,0.9815,0.1830,3.4459,0.9398,0.4904
5,3,3342,3344,3,1,2,0.8333,3342.828,485.000,1087.266,8.9672,17.0000,1.3281,0.3164,5.3261,0.5854,0.2927,0.1220,0.9487,0.0000,4.6997,0.7833,0.7344
7,3,3344,3346,3,3,3,0.2593,3345.064,242.410,788.141,9.2371,14.0000,1.2564,0.4385,4.3867,0.1626,0.4228,0.4146,0.2673,0.8215,3.7598,1.7232,0.5385
7,3,3344,3346,3,2,2,0.5833,3345.133,616.506,720.096,9.8293,18.0000,1.5181,0.5319,5.6398,0.4600,0.2645,0.2756,1.0000,0.0000,4.0733,1.2533,0.5663
4,3,3346,3347,2,2,1,1.0000,3346.451,299.451,652.000,7.9901,14.0000,1.0980,0.6378,4.3868,0.0000,0.7500,0.2500,1.0000,0.0000,4.7000,1.0967,0.8235
5,3,3348,3350,3,2,2,0.4167,3349.484,342.172,937.609,8.9691,17.0000,1.3281,0.6456,5.3271,0.6999,0.1281,0.1720,0.8684,0.1395,5.0139,1.5668,0.7031
7,3,3349,3351,3,4,1,0.5833,3350.112,521.270,558.000,10.5415,17.0000,1.3371,0.2921,5.3273,0.7216,0.2132,0.0651,0.3827,0.0000,4.7007,0.9401,0.5169
5,3,3353,3355,3,2,2,0.4167,3353.928,612.203,956.159,9.6711,19.0000,1.3768,0.2680,5.9548,0.4138,0.1655,0.4207,1.0000,0.0000,5.0145,1.8804,0.6957
5,3,3357,3359,3,2,2,0.4167,3357.556,259.127,771.238,8.8310,15.0000,1.1905,0.6176,4.7017,0.6338,0.1686,0.1975,0.9585,0.2851,5.0150,1.0971,0.7143
5,3,3357,3358,2,2,2,0.6250,3357.400,569.500,1145.867,8.4105,16.0000,1.3333,0.7923,5.0151,0.3432,0.2505,0.4063,0.6059,0.3645,4.7015,1.2537,0.7333
4,3,3359,3360,2,2,1,1.0000,3359.508,525.458,867.000,9.2470,17.0000,1.1525,0.6841,5.3287,0.0000,0.7500,0.2500,1.0000,0.0000,5.0154,0.9404,0.7966
6,3,3360,3362,3,1,3,0.6667,3360.938,297.000,590.728,10.3659,19.0000,1.4074,0.2785,5.9560,0.6944,0.2222,0.0833,0.8000,0.0000,4.8589,1.2539,0.6173
7,3,3364,3366,3,3,2,0.3889,3364.800,763.035,929.671,10.0719,19.0000,1.5647,0.3870,5.9566,0.3231,0.4135,0.2634,0.8452,0.2797,3.4486,1.2540,0.5765
6,4,3365,3367,3,3,1,0.6667,3365.896,399.753,959.000,9.8553,15.0000,1.1688,0.2677,4.7027,0.6944,0.2222,0.0833,0.8000,0.0000,4.7026,0.6270,0.7403
4,3,3366,3368,3,1,2,0.6667,3367.094,344.000,583.453,8.3084,15.0000,1.1321,1.0126,4.7030,0.7576,0.1294,0.1129,0.8507,0.0000,4.7029,0.6271,0.8113
6,3,3366,3369,4,2,2,0.3750,3367.312,512.883,974.701,9.8557,19.0000,1.4805,0.7594,5.9571,0.6410,0.2138,0.1452,0.9804,0.0231,4.2325,0.6270,0.6364
9,3,3367,3369,3,4,2,0.3750,3367.824,401.676,799.926,11.2871,20.0000,1.6667,0.3761,6.2706,0.5648,0.3051,0.1300,0.4763,0.2572,4.0758,0.6271,0.4537
5,3,3376,3378,3,2,2,0.4167,3377.242,861.621,1074.136,9.2564,16.0000,1.2121,0.6806,5.0178,0.7729,0.0435,0.1836,0.8328,0.5477,5.6448,1.2544,0.7273
3,3,3377,3379,3,1,1,1.0000,3378.000,494.000,472.000,7.9668,16.0000,1.0909,0.0000,5.0178,0.8889,0.0000,0.1111,1.0000,0.0000,4.7042,0.9408,1.0000
3,3,3378,3379,2,1,2,0.7500,3378.333,640.000,939.667,7.6047,14.0000,1.0000,0.7454,4.3906,0.5333,0.2667,0.2000,0.7071,0.0000,4.8610,2.1953,1.0000
9,3,3378,3380,3,2,3,0.5000,3379.175,940.258,798.557,10.1403,15.0000,1.3918,0.5419,4.7044,0.6283,0.1059,0.2658,0.7395,0.4784,3.1362,0.3136,0.4536
5,3,3379,3381,3,2,2,0.4167,3379.692,452.277,668.154,9.1167,17.0000,1.3077,0.4416,5.3316,0.6999,0.1281,0.1720,0.8684,0.1395,4.7045,1.5682,0.7231
6,3,3384,3386,3,2,1,1.0000,3385.080,393.467,653.000,9.6039,18.0000,1.4400,0.4735,5.6459,0.5556,0.3333,0.1111,1.0000,0.0000,4.0777,1.2547,0.6267
4,3,3385,3388,4,1,1,1.0000,3386.393,219.000,616.000,8.7828,17.0000,1.2143,0.3929,5.3324,0.9375,0.0000,0.0625,1.0000,0.0000,4.7051,0.6274,0.8036
5,3,3386,3388,3,2,1,0.8333,3386.678,532.373,963.000,8.2765,14.0000,1.1864,0.7737,4.3915,0.5854,0.2927,0.1220,0.9487,0.0000,4.8619,1.2547,0.7119
5,3,3388,3390,3,2,1,0.8333,3389.238,322.603,852.000,8.8381,14.0000,1.1111,0.6485,4.3917,0.5854,0.2927,0.1220,0.9487,0.0000,4.0780,0.6274,0.6667
6,4,3390,3392,3,1,2,1.0000,3391.152,765.000,993.506,10.1175,17.0000,1.2911,0.9877,5.3331,0.5556,0.3333,0.1111,1.0000,0.0000,4.7056,1.2548,0.7595
4,3,3392,3394,3,2,1,0.6667,3393.000,445.160,714.000,7.8429,14.0000,1.1200,1.0127,4.3921,0.5357,0.3214,0.1429,1.0000,0.0000,4.7057,1.8823,0.8400
11,3,3395,3399,5,3,4,0.1833,3397.496,972.342,618.427,11.0679,19.0000,1.7863,1.6455,5.9613,0.8604,0.0202,0.1195,0.7824,0.6192,3.4510,1.2549,0.4017
8,4,3397,3399,3,3,1,0.8889,3398.200,233.850,398.000,11.0927,18.0000,1.4400,0.2500,5.6475,0.3375,0.5625,0.1000,0.7071,0.0000,4.7062,0.9413,0.6000
8,3,3397,3398,2,3,3,0.4444,3397.260,1076.083,838.625,10.6488,21.0000,1.7500,0.6822,6.5886,0.3086,0.2813,0.4101,0.1152,0.9129,3.1375,1.5687,0.5625
7,4,3398,3400,3,3,2,0.3889,3398.510,334.286,733.755,11.6215,17.0000,1.2143,0.6340,5.3338,0.6470,0.1845,0.1685,0.6592,0.0573,5.0201,0.9413,0.6633
5,3,3398,3400,3,2,2,0.4167,3399.188,409.812,869.884,9.6818,16.0000,1.1594,1.2088,5.0202,0.6489,0.0995,0.2515,0.9362,0.2726,5.6475,1.8825,0.6957
8,3,3401,3403,3,3,2,0.4444,3401.957,471.500,831.851,10.4279,16.0000,1.3617,0.5234,5.0203,0.5868,0.2488,0.1644,0.8431,0.1469,4.0791,1.5689,0.4681
3,3,3402,3404,3,1,1,1.0000,3403.043,433.000,941.000,8.3333,17.0000,1.1087,0.9565,5.3343,0.8889,0.0000,0.1111,1.0000,0.0000,5.3341,1.8826,1.0000
10,3,3408,3410,3,4,2,0.4167,3409.170,384.946,572.661,11.1144,16.0000,1.4286,0.6842,5.0209,0.6442,0.1562,0.1997,0.0636,0.2550,3.4520,1.5690,0.4018
7,4,3413,3415,3,2,2,0.5833,3414.250,556.466,718.807,10.4384,16.0000,1.2727,0.9038,5.0214,0.4600,0.2645,0.2756,0.8571,0.1000,5.0213,1.2554,0.6705
10,4,3417,3420,4,2,4,0.3125,3418.292,373.133,813.342,11.9097,18.0000,1.5000,0.9762,5.6493,0.7280,0.1599,0.1121,0.6369,0.0266,3.9231,1.4123,0.5500
5,4,3420,3421,2,2,2,0.6250,3420.632,434.412,385.794,9.5445,15.0000,1.1029,0.5892,4.7079,0.3432,0.2505,0.4063,0.6059,0.3645,5.0217,1.8831,0.8382
13,3,3422,3426,5,3,3,0.2889,3424.019,226.455,794.234,13.4057,17.0000,1.4351,1.1796,5.3357,0.6065,0.1956,0.1979,0.8070,0.5517,4.3941,0.9416,0.5065
7,3,3422,3424,3,2,2,0.5833,3423.289,472.224,1038.382,9.0158,15.0000,1.3816,0.7185,4.7079,0.3772,0.3083,0.3146,0.9758,0.2185,3.1386,1.0985,0.5658
4,3,3424,3426,3,2,1,0.6667,3424.968,411.222,463.000,9.8868,21.0000,1.3333,0.2245,6.5912,0.5357,0.3214,0.1429,1.0000,0.0000,4.8649,0.9416,0.7937
6,3,3427,3430,4,2,2,0.3750,3428.627,395.373,542.107,9.6103,18.0000,1.4400,0.5386,5.6497,0.8688,0.0142,0.1170,0.9156,0.3015,4.7081,1.2555,0.6267
5,3,3427,3429,3,2,1,0.8333,3427.938,466.338,956.000,9.1239,17.0000,1.3077,0.3440,5.3358,0.5854,0.2927,0.1220,0.9487,0.0000,4.7081,0.6277,0.7077
12,3,3427,3430,4,3,2,0.5000,3428.556,479.738,763.643,11.4164,15.0000,1.4286,0.6274,4.7081,0.5869,0.2157,0.1974,0.9806,0.1735,3.2956,1.2555,0.3413
4,3,3432,3434,3,2,1,0.6667,3433.000,384.836,687.000,8.6314,18.0000,1.3091,0.1636,5.6497,0.5357,0.3214,0.1429,1.0000,0.0000,4.0803,1.4124,0.8364
8,3,3432,3434,3,2,4,0.3333,3433.147,611.884,835.042,10.5421,18.0000,1.5158,0.1921,5.6497,0.5840,0.2212,0.1948,0.2529,0.0819,3.6095,1.5693,0.5053
5,3,3434,3436,3,2,1,0.8333,3434.689,153.525,768.000,8.5623,15.0000,1.2295,0.6101,4.7080,0.5854,0.2927,0.1220,0.9487,0.0000,4.7080,0.7847,0.7049
7,3,3437,3439,3,2,2,0.5833,3437.989,504.539,509.764,10.5579,15.0000,1.1798,0.5888,4.7079,0.4296,0.3471,0.2233,0.9305,0.2273,4.7080,1.7262,0.4944
7,3,3438,3440,3,2,3,0.3889,3438.694,503.894,659.694,10.0833,17.0000,1.4000,0.7659,5.3356,0.2661,0.4704,0.2635,0.6546,0.0506,3.7663,0.6277,0.5529
3,3,3441,3442,2,2,1,0.7500,3441.333,273.333,447.000,7.6104,14.0000,1.0000,0.4714,4.3939,0.5333,0.2667,0.2000,0.7071,0.0000,4.7077,1.0985,1.0000
7,3,3445,3447,3,3,3,0.2593,3445.951,778.247,613.173,9.6077,16.0000,1.3827,0.3054,5.0212,0.6675,0.1428,0.1898,0.4828,0.2261,4.0797,1.2553,0.5556
4,3,3448,3449,2,1,2,1.0000,3448.593,568.000,303.593,8.4727,18.0000,1.3333,0.5762,5.6484,0.0000,0.7500,0.2500,0.0000,0.0000,4.7071,1.2552,0.8519
7,3,3450,3452,3,2,2,0.5833,3450.643,653.369,445.298,9.9624,15.0000,1.2500,1.0212,4.7069,0.4600,0.2645,0.2756,0.8571,0.1000,4.0792,1.5689,0.5119
6,3,3451,3453,3,2,2,0.5000,3451.750,371.583,680.236,9.2231,16.0000,1.3333,0.9790,5.0205,0.6381,0.1455,0.2164,0.8019,0.3768,4.0791,0.9413,0.6250
4,3,3455,3456,2,2,1,1.0000,3455.466,601.431,988.000,9.0984,17.0000,1.1724,0.6344,5.3336,0.0000,0.7500,0.2500,1.0000,0.0000,5.0198,1.5687,0.8103
7,3,3457,3460,4,2,3,0.2917,3458.736,395.552,1010.414,10.3154,19.0000,1.5287,0.6649,5.9603,0.3562,0.4564,0.1874,0.8067,0.0720,3.7645,0.7842,0.5402
7,3,3458,3460,3,2,2,0.5833,3458.957,384.516,579.086,11.0267,19.0000,1.4301,0.4933,5.9603,0.4600,0.2645,0.2756,1.0000,0.0000,4.0779,1.0979,0.5806
4,3,3459,3460,2,2,2,0.5000,3459.268,274.482,516.143,8.7834,19.0000,1.3571,0.6003,5.9603,0.5916,0.1015,0.3069,0.5000,0.5000,4.2349,1.2548,0.8571
7,3,3459,3461,3,2,3,0.3889,3460.512,486.775,584.212,9.4847,16.0000,1.4000,0.9531,5.0188,0.6205,0.1217,0.2578,0.7589,0.3526,3.1367,1.2547,0.5750
3,3,3463,3465,3,1,1,1.0000,3464.041,279.000,751.000,8.8727,19.0000,1.1633,0.0408,5.9590,0.8889,0.0000,0.1111,1.0000,0.0000,5.6451,1.2546,1.0000
6,3,3466,3467,2,2,3,0.5000,3466.333,854.128,531.423,9.9861,17.0000,1.3077,0.8909,5.3310,0.5034,0.2551,0.2415,0.1128,0.4328,4.3905,1.5680,0.6282
5,3,3468,3470,3,2,1,0.8333,3468.757,229.629,582.000,9.8162,19.0000,1.3571,0.4438,5.9577,0.5854,0.2927,0.1220,0.9487,0.0000,4.7034,0.6271,0.6857
7,3,3468,3470,3,2,2,0.5833,3469.262,601.369,1003.226,9.9552,16.0000,1.3333,0.5059,5.0170,0.3772,0.3083,0.3146,0.9758,0.2185,3.7629,1.4110,0.5595
6,3,3471,3473,3,2,3,0.3333,3472.086,487.886,959.014,8.9595,15.0000,1.2857,0.1436,4.7028,0.7308,0.1227,0.1465,0.4448,0.4753,4.2324,1.2541,0.6143
5,3,3472,3474,3,2,1,0.8333,3472.672,413.469,767.000,8.9732,15.0000,1.1719,0.8192,4.7028,0.5854,0.2927,0.1220,0.9487,0.0000,5.1728,1.8810,0.7031
10,4,3473,3475,3,3,4,0.2778,3474.179,956.573,836.222,11.5986,16.0000,1.3675,0.6399,5.0159,0.5521,0.1430,0.3049,0.4605,0.1574,3.6053,1.0972,0.5470
9,3,3474,3476,3,3,3,0.3333,3475.146,256.816,421.097,10.7626,16.0000,1.3981,0.2543,5.0156,0.3992,0.4356,0.1652,0.8051,0.5560,3.7616,1.2539,0.4369
7,3,3474,3476,3,2,2,0.5833,3475.325,537.700,799.200,9.4785,15.0000,1.3125,0.4854,4.7022,0.3772,0.3083,0.3146,0.9758,0.2185,3.7619,0.9405,0.5500
7,3,3476,3478,3,2,2,0.5833,3476.646,445.195,630.329,9.7149,17.0000,1.4512,0.7512,5.3289,0.3772,0.3083,0.3146,0.9758,0.2185,4.0750,0.6269,0.5610
6,3,3477,3478,2,2,2,0.7500,3477.506,804.329,758.212,10.8768,20.0000,1.4118,0.6305,6.2687,0.2000,0.3333,0.4667,0.0000,0.0000,5.0151,1.5672,0.6353
7,4,3478,3480,3,1,3,0.7778,3479.244,543.000,871.814,10.1877,17.0000,1.3837,0.3070,5.3282,0.4747,0.4312,0.0941,0.8619,0.0000,4.7012,0.9402,0.6977
4,3,3479,3480,2,1,2,1.0000,3479.577,425.000,603.538,8.1488,16.0000,1.2308,0.6848,5.0146,0.0000,0.7500,0.2500,0.0000,0.0000,4.7012,0.6269,0.8462
8,3,3480,3482,3,3,2,0.4444,3480.897,199.722,383.144,10.7479,18.0000,1.4845,0.3301,5.6412,0.4479,0.3131,0.2390,0.8606,0.0694,4.0742,0.7835,0.5052
6,3,3483,3485,3,3,1,0.6667,3484.270,208.770,750.000,9.4667,17.0000,1.3784,0.3547,5.3272,0.4000,0.4800,0.1200,0.7071,0.0000,4.7004,1.5668,0.6081
5,3,3485,3487,3,2,2,0.4167,3486.000,819.136,393.136,8.2677,15.0000,1.2712,0.1918,4.7001,0.7958,0.0325,0.1718,0.9294,0.3690,4.7000,1.5667,0.7288
4,3,3486,3488,3,2,1,0.6667,3486.926,280.463,753.000,8.4600,15.0000,1.1111,1.0352,4.7001,0.7576,0.1294,0.1129,0.8507,0.0000,4.7000,0.9400,0.7963
6,3,3486,3488,3,3,2,0.3333,3486.672,469.104,619.881,8.5706,15.0000,1.3433,0.9613,4.7000,0.5367,0.2153,0.2481,0.8770,0.3081,3.1334,1.2533,0.6418
9,3,3487,3489,3,2,3,0.5000,3487.602,624.459,657.122,10.2354,15.0000,1.3776,0.7670,4.7000,0.4839,0.3219,0.1942,0.4370,0.0378,3.7598,1.2534,0.4490
14,3,3489,3491,3,4,3,0.3889,3490.251,204.795,427.614,14.3186,17.0000,1.3918,0.6944,5.3262,0.4843,0.3324,0.1833,0.0814,0.1101,4.2296,0.9400,0.3567
4,3,3496,3497,2,2,1,1.0000,3496.482,761.554,349.000,8.7717,16.0000,1.1429,0.6837,5.0124,0.0000,0.7500,0.2500,1.0000,0.0000,4.2293,0.9398,0.8036
7,3,3497,3499,3,3,2,0.3889,3497.622,620.695,573.110,9.7093,16.0000,1.3659,0.7013,5.0124,0.2661,0.4704,0.2635,0.6546,0.0506,3.7593,1.8796,0.5488
3,3,3501,3502,2,2,1,0.7500,3501.674,392.674,947.000,7.7774,15.0000,1.0465,0.4604,4.6991,0.5333,0.2667,0.2000,0.7071,0.0000,4.6991,1.4097,1.0000
7,3,3504,3506,3,4,1,0.5833,3504.765,642.647,586.000,10.0648,16.0000,1.3176,0.8422,5.0125,0.8276,0.1226,0.0498,0.3827,0.0000,3.4461,0.3133,0.5294
6,3,3504,3506,3,1,2,1.0000,3505.079,927.000,642.355,9.7202,18.0000,1.4211,0.3639,5.6391,0.5556,0.3333,0.1111,1.0000,0.0000,4.5426,0.7832,0.6447
6,3,3509,3510,2,2,3,0.5000,3509.357,520.774,559.333,10.7442,19.0000,1.3571,0.7894,5.9528,0.6381,0.1455,0.2164,0.3327,0.3629,4.6996,1.5666,0.6310
5,3,3519,3520,2,3,2,0.4167,3519.361,180.098,712.164,8.5499,15.0000,1.2295,0.4082,4.7011,0.5461,0.2256,0.2283,0.5716,0.7118,4.7011,1.5670,0.7049
7,5,3523,3525,3,2,2,0.5833,3524.385,378.344,696.646,11.3745,17.0000,1.2396,0.9663,5.3293,0.4600,0.2645,0.2756,0.8571,0.1000,4.7023,1.2539,0.7917
22,9,3526,3529,4,4,4,0.3438,3527.115,674.132,523.556,20.3201,28.0000,2.0263,0.5828,8.7785,0.2666,0.2513,0.4821,0.4537,0.5201,4.0758,0.7838,0.5559
6,3,3529,3531,3,2,2,0.5000,3529.895,217.566,845.132,9.7288,17.0000,1.3421,1.0668,5.3303,0.7074,0.0897,0.2030,0.9140,0.2540,4.0764,1.7245,0.6184
6,3,3534,3535,2,2,2,0.7500,3534.355,503.447,888.224,9.7308,17.0000,1.3421,0.8160,5.3318,0.2000,0.3333,0.4667,0.7071,0.7071,4.3907,0.9409,0.6447
4,3,3536,3538,3,2,1,0.6667,3536.836,523.855,1002.000,8.6257,18.0000,1.3091,0.2189,5.6459,0.7500,0.1500,0.1000,0.9487,0.0000,5.1754,1.8819,0.8545
9,3,3537,3539,3,3,2,0.5000,3538.313,777.152,392.444,10.3515,17.0000,1.5455,0.8963,5.3327,0.3478,0.2899,0.3623,0.6155,0.3482,3.7641,1.5683,0.4545
5,3,3539,3541,3,3,1,0.5556,3540.508,633.525,839.000,8.5580,16.0000,1.3115,0.6840,5.0194,0.6646,0.2585,0.0769,0.7071,0.0000,4.7055,1.2548,0.7377
6,3,3547,3549,3,2,2,0.5000,3548.380,888.342,957.114,10.1205,19.0000,1.4430,0.5234,5.9621,0.5034,0.2551,0.2415,0.9677,0.2521,4.5501,1.8827,0.6203
5,3,3549,3551,3,2,1,0.8333,3549.766,523.531,678.000,8.9818,16.0000,1.2500,0.5807,5.0210,0.5854,0.2927,0.1220,0.9487,0.0000,4.0795,1.0983,0.7031
8,3,3550,3552,3,2,2,0.6667,3550.849,441.344,875.258,10.3186,15.0000,1.2903,0.4557,4.7073,0.4961,0.2369,0.2670,0.9586,0.0986,3.7659,0.9415,0.4624
6,3,3553,3555,3,2,2,0.5000,3554.181,337.528,916.889,9.2252,16.0000,1.3333,0.5176,5.0215,0.3810,0.3333,0.2857,0.9487,0.1690,4.0800,1.2554,0.6250
8,3,3560,3562,3,3,2,0.4444,3561.265,652.918,835.112,10.8757,19.0000,1.5510,0.2994,5.9639,0.1021,0.5726,0.3253,0.0000,0.0940,3.7667,1.2556,0.5000
7,3,3562,3564,3,2,3,0.3889,3563.174,852.779,775.035,10.2032,17.0000,1.3837,0.2836,5.3363,0.6781,0.1136,0.2082,0.8847,0.4508,4.0807,1.2556,0.5349
3,3,3563,3564,2,1,2,0.7500,3563.298,637.000,273.702,8.5178,19.0000,1.2128,0.4213,5.9641,0.5333,0.2667,0.2000,0.7071,0.0000,5.0224,1.2556,1.0000
6,3,3567,3569,3,2,2,0.5000,3568.522,357.567,676.537,8.5865,15.0000,1.3433,0.9157,4.7088,0.5943,0.2116,0.1941,0.8667,0.4967,3.7670,0.9418,0.6418
5,4,3568,3570,3,2,1,0.8333,3568.704,581.549,562.000,9.9676,17.0000,1.1972,0.6239,5.3366,0.5854,0.2927,0.1220,0.9487,0.0000,5.0226,1.2557,0.8732
7,4,3569,3570,2,3,3,0.3889,3569.329,461.118,764.659,10.0853,16.0000,1.3176,0.7459,5.0227,0.6788,0.0891,0.2320,0.1241,0.1271,5.0227,2.0405,0.6941
9,3,3569,3571,3,3,3,0.3333,3569.723,958.020,646.208,10.5687,15.0000,1.3366,1.0725,4.7088,0.5636,0.1934,0.2430,0.7715,0.5147,3.7670,1.5696,0.4356
4,3,3570,3571,2,2,1,1.0000,3570.463,582.426,534.000,8.4759,17.0000,1.2593,0.6854,5.3367,0.0000,0.7500,0.2500,1.0000,0.0000,5.1797,1.8835,0.8519
40,5,3572,3576,5,9,4,0.2222,3574.792,781.671,625.082,22.4858,28.0000,2.4724,3.8327,8.7902,0.8758,0.0398,0.0844,0.0219,0.4379,2.8254,0.9418,0.3422
17,7,3573,3575,3,5,4,0.2833,3573.890,188.696,852.581,17.2837,23.0000,1.7225,0.5288,7.2204,0.5655,0.1687,0.2658,0.2516,0.6742,4.0811,1.5696,0.5154
6,3,3574,3575,2,3,2,0.5000,3574.333,463.884,479.217,8.8432,15.0000,1.3043,0.8585,4.7090,0.5230,0.1584,0.3185,0.3667,0.5079,3.9242,1.2557,0.6232
14,4,3574,3576,3,5,3,0.3111,3575.290,771.971,620.792,17.3679,23.0000,1.5556,1.0890,7.2205,0.7841,0.1455,0.0703,0.0471,0.0319,4.2381,0.6279,0.7246
22,4,3575,3578,4,7,4,0.1964,3576.689,763.408,617.048,19.3434,23.0000,1.7509,0.6704,7.2207,0.7764,0.1704,0.0533,0.1164,0.2653,3.1394,1.5697,0.6021
33,5,3576,3579,4,8,5,0.2062,3577.356,751.256,611.404,24.1008,25.0000,1.8707,2.8303,7.8485,0.8798,0.0787,0.0416,0.0076,0.0735,4.0812,1.5697,0.5760
37,5,3577,3581,5,5,8,0.1850,3579.282,623.125,681.699,22.6581,21.0000,1.7699,0.7645,6.5929,0.7709,0.1728,0.0562,0.1600,0.2227,2.8256,0.6279,0.3121
20,3,3577,3580,4,5,3,0.3333,3578.617,630.761,663.914,14.6719,17.0000,1.6268,0.6675,5.3371,0.5543,0.0881,0.3575,0.4561,0.0502,2.5116,0.6279,0.2153
32,7,3577,3580,4,10,3,0.2667,3578.841,691.108,605.979,26.1398,27.0000,1.8344,2.1359,8.4766,0.8877,0.0631,0.0492,0.0046,0.2094,4.5522,1.5697,0.6539
5,3,3577,3579,3,2,2,0.4167,3578.100,704.133,345.750,8.4240,15.0000,1.2500,0.7683,4.7092,0.4138,0.1655,0.4207,1.0000,0.0000,4.7092,0.4709,0.7333
56,23,3577,3580,4,17,3,0.2745,3578.671,717.834,603.080,36.0376,29.0000,1.8906,4.2209,9.1044,0.9576,0.0334,0.0090,0.0252,0.1053,5.0232,0.6279,0.7416
11,6,3577,3579,3,5,1,0.7333,3578.286,728.503,604.000,13.9147,20.0000,1.4966,1.5236,6.2790,0.6903,0.2663,0.0434,0.0312,0.0000,3.7674,-0.0000,0.6871
9,3,3577,3579,3,3,1,1.0000,3577.974,740.167,607.000,11.9299,20.0000,1.5789,0.8337,6.2789,0.0000,0.8889,0.1111,1.0000,0.0000,3.1395,-0.1570,0.4737
29,3,3578,3580,3,7,6,0.2302,3579.333,665.739,618.147,19.4135,28.0000,2.4384,1.2228,8.7905,0.6324,0.2303,0.1373,0.0468,0.9976,3.4534,0.9419,0.3694
15,3,3578,3580,3,4,4,0.3125,3579.299,670.402,615.038,14.9153,23.0000,1.8750,1.2346,7.2208,0.5801,0.1308,0.2891,0.2454,0.9583,2.8255,1.2558,0.4076
11,3,3578,3580,3,4,2,0.4583,3579.217,674.399,612.754,13.0630,21.0000,1.6739,1.4366,6.5929,0.4965,0.3456,0.1579,0.0782,0.3205,3.4535,1.5697,0.4928
11,4,3578,3580,3,4,2,0.4583,3579.013,683.874,608.352,15.0508,30.0000,2.0755,0.3742,9.4184,0.5497,0.3175,0.1327,0.2369,0.1528,3.4535,1.0988,0.6101
14,9,3578,3580,3,6,1,0.7778,3578.821,702.179,604.000,16.3617,19.0000,1.3641,2.3288,5.9649,0.7510,0.2139,0.0351,0.1566,0.0000,4.2383,1.2558,0.7487
6,3,3579,3580,2,2,2,0.7500,3579.553,660.605,620.697,9.7409,16.0000,1.2632,0.8112,5.0232,0.2000,0.3333,0.4667,0.0000,0.0000,4.0813,1.4128,0.5921
7,3,3581,3582,2,4,2,0.4375,3581.482,517.541,889.106,10.0865,16.0000,1.3176,0.7563,5.0234,0.6023,0.2183,0.1794,0.0832,0.4325,4.3954,1.4128,0.5529
6,4,3581,3583,3,3,2,0.3333,3582.589,634.616,420.301,9.3567,15.0000,1.2329,0.6378,4.7095,0.6803,0.1871,0.1326,0.6438,0.0625,4.7094,1.2558,0.7808
7,3,3582,3583,2,2,4,0.4375,3582.556,478.099,478.580,9.6120,15.0000,1.2963,0.7033,4.7095,0.6625,0.1752,0.1623,0.2754,0.5032,4.0815,1.0989,0.5432
9,3,3584,3587,4,2,4,0.2812,3585.465,672.089,706.495,10.5706,17.0000,1.5149,0.6852,5.3376,0.7604,0.1161,0.1236,0.7746,0.0512,3.4537,1.2559,0.4653
7,3,3589,3591,3,2,2,0.5833,3590.241,577.241,598.785,9.3761,15.0000,1.3291,0.8252,4.7102,0.3772,0.3083,0.3146,0.9758,0.2185,3.7681,1.5700,0.5443
4,3,3590,3591,2,1,2,1.0000,3590.491,504.000,788.473,8.6353,15.0000,1.0909,0.6947,4.7102,0.0000,0.7500,0.2500,0.0000,0.0000,4.7101,1.8840,0.7818
6,3,3591,3592,2,2,3,0.5000,3591.333,435.293,638.200,9.6148,15.0000,1.2000,0.4870,4.7104,0.6381,0.1455,0.2164,0.3327,0.3629,4.8673,1.4131,0.5867
6,3,3591,3592,2,3,2,0.5000,3591.667,709.417,537.889,9.2303,16.0000,1.3333,0.8928,5.0244,0.5034,0.2551,0.2415,0.1128,0.4328,4.0823,1.2561,0.6528
5,3,3593,3595,3,1,2,0.8333,3594.349,571.000,766.540,8.8481,15.0000,1.1905,0.8455,4.7108,0.5854,0.2927,0.1220,0.9487,0.0000,4.7107,0.6281,0.6984
7,3,3595,3597,3,2,2,0.5833,3596.165,854.570,312.899,9.3778,14.0000,1.2405,0.6015,4.3971,0.5916,0.2044,0.2040,0.9664,0.1591,3.4548,0.9422,0.5316
6,3,3597,3598,2,2,2,0.7500,3597.500,1015.195,774.671,10.5143,20.0000,1.4634,0.6297,6.2815,0.2000,0.3333,0.4667,0.0000,0.0000,4.5542,1.5704,0.6463
4,3,3599,3601,3,1,2,0.6667,3599.660,453.000,820.264,8.3239,15.0000,1.1321,0.4303,4.7117,0.7500,0.1500,0.1000,0.9487,0.0000,4.8685,1.2564,0.8113
12,3,3599,3601,3,3,4,0.3333,3600.044,533.496,355.453,12.4227,18.0000,1.5766,0.7403,5.6540,0.5048,0.2679,0.2273,0.4650,0.8851,3.4553,1.2564,0.4453
5,3,3602,3604,3,2,1,0.8333,3602.794,398.397,406.000,9.5536,15.0000,1.1029,0.4473,4.7124,0.5854,0.2927,0.1220,0.9487,0.0000,5.0263,1.2566,0.6471
8,3,3603,3605,3,2,2,0.6667,3604.212,872.374,919.202,10.9967,17.0000,1.3737,0.8951,5.3412,0.4961,0.2369,0.2670,0.9586,0.0986,3.6129,1.2567,0.4747
6,3,3605,3607,3,3,1,0.6667,3606.362,418.797,804.000,8.8511,15.0000,1.3043,0.6692,4.7134,0.2083,0.6667,0.1250,0.8944,0.0000,4.2418,0.9427,0.6232
7,3,3609,3611,3,2,2,0.5833,3610.365,537.729,523.329,10.0971,15.0000,1.2353,0.5610,4.7142,0.3772,0.3083,0.3146,0.9758,0.2185,4.8713,1.4143,0.6706
9,3,3610,3613,4,2,3,0.3750,3611.624,621.178,382.228,10.5818,17.0000,1.5149,0.6875,5.3431,0.5577,0.2061,0.2362,0.9598,0.0020,3.4575,1.1001,0.4554
4,3,3614,3616,3,2,1,0.6667,3615.093,453.722,926.000,8.4884,16.0000,1.1852,0.2928,5.0301,0.5357,0.3214,0.1429,1.0000,0.0000,4.8730,1.5720,0.8333
8,3,3614,3616,3,1,4,0.6667,3614.934,637.000,380.835,10.1147,18.0000,1.5824,0.8378,5.6589,0.4615,0.4615,0.0769,0.0000,0.0000,3.3011,1.2575,0.5165
7,3,3615,3617,3,2,2,0.5833,3616.045,489.091,619.511,10.4573,19.0000,1.5114,0.5214,5.9737,0.5916,0.2044,0.2040,0.9664,0.1591,3.7731,1.2576,0.5795
5,3,3616,3618,3,1,2,0.8333,3616.984,340.000,443.625,8.9993,16.0000,1.2500,0.3753,5.0311,0.5854,0.2927,0.1220,0.9487,0.0000,5.0308,1.5721,0.7344
8,3,3618,3620,3,3,2,0.4444,3619.011,822.374,442.275,10.1175,16.0000,1.4066,0.9584,5.0315,0.5871,0.1225,0.2904,0.7427,0.3393,3.6164,0.9434,0.4945
7,3,3619,3622,4,2,2,0.4375,3620.590,376.398,507.120,9.8663,17.0000,1.4337,0.5834,5.3467,0.6625,0.1752,0.1623,0.9597,0.1934,3.7739,1.2580,0.5542
5,3,3624,3626,3,2,2,0.4167,3625.017,422.627,529.610,8.3010,14.0000,1.1864,0.7386,4.4044,0.7383,0.0485,0.2132,0.7071,0.0000,4.7191,1.2584,0.7119
7,3,3624,3625,2,2,3,0.5833,3624.585,905.134,806.963,9.7502,15.0000,1.2805,1.0574,4.7190,0.4600,0.2645,0.2756,0.0000,0.3827,4.0896,1.8875,0.5244
6,3,3626,3628,3,2,2,0.5000,3627.222,321.431,712.750,9.2488,16.0000,1.3333,0.9958,5.0347,0.6381,0.1455,0.2164,0.8019,0.3768,4.2477,1.1012,0.6389
4,3,3629,3630,2,2,1,1.0000,3629.446,205.464,552.000,8.8116,16.0000,1.1429,0.6441,5.0350,0.0000,0.7500,0.2500,1.0000,0.0000,5.1925,2.2027,0.8036
5,3,3630,3632,3,1,2,0.8333,3630.785,848.000,673.338,9.1488,15.0000,1.1538,0.8545,4.7207,0.5854,0.2927,0.1220,0.9487,0.0000,5.0357,0.9442,0.6615
8,3,3632,3634,3,1,4,0.6667,3632.971,539.000,623.524,11.4627,20.0000,1.5534,0.5251,6.2955,0.3000,0.6000,0.1000,0.0000,0.0000,4.2496,1.2591,0.4757
13,3,3633,3637,5,4,3,0.2167,3635.034,233.973,830.851,12.9223,15.0000,1.3176,0.1548,4.7225,0.7692,0.0981,0.1326,0.8814,0.2741,3.7780,1.2592,0.2973
5,4,3635,3636,2,2,2,0.6250,3635.543,372.686,392.800,9.8555,18.0000,1.2857,0.6584,5.6666,0.3432,0.2505,0.4063,0.6059,0.3645,5.0372,1.8889,0.8857
5,3,3637,3639,3,2,1,0.8333,3638.094,665.422,846.000,9.0120,15.0000,1.1719,0.4322,4.7230,0.5854,0.2927,0.1220,0.9487,0.0000,4.7228,1.2596,0.6875
6,3,3640,3642,3,3,2,0.3333,3641.082,403.068,760.740,9.3851,16.0000,1.3151,0.2814,5.0386,0.2238,0.4308,0.3454,0.0000,0.0000,4.0939,2.2044,0.6164
8,3,3641,3642,2,3,2,0.6667,3641.366,525.570,787.301,10.3547,16.0000,1.3763,0.9044,5.0388,0.4782,0.1602,0.3617,0.2952,0.6425,3.4642,0.9447,0.4946
11,3,3643,3645,3,3,3,0.4074,3643.687,638.611,459.275,12.4399,17.0000,1.4275,0.5701,5.3542,0.1674,0.1585,0.6741,0.4109,0.2002,4.0943,1.2598,0.3588
3,3,3644,3645,2,2,1,0.7500,3644.630,273.696,622.000,8.3648,17.0000,1.1087,0.7001,5.3542,0.5333,0.2667,0.2000,0.7071,0.0000,5.0395,1.2598,1.0000
7,3,3647,3649,3,3,2,0.3889,3648.153,540.741,677.906,10.1200,18.0000,1.4824,0.3150,5.6700,0.6788,0.0891,0.2320,0.7979,0.1151,4.7251,1.8900,0.5647
5,3,3648,3649,2,3,1,0.8333,3648.466,498.301,586.000,10.2837,19.0000,1.3014,0.5548,5.9850,0.5854,0.2927,0.1220,0.3162,0.0000,5.3551,0.9450,0.7260
13,3,3648,3651,4,4,4,0.2031,3649.584,664.879,872.282,13.0179,19.0000,1.6577,1.2091,5.9853,0.5251,0.3378,0.1371,0.2515,0.7599,4.0950,1.5751,0.3356
19,3,3652,3655,4,4,4,0.2969,3653.703,621.726,618.817,15.8280,21.0000,1.8219,0.7765,6.6158,0.4515,0.1480,0.4005,0.0291,0.3573,3.4654,1.2602,0.3425
4,3,3652,3653,2,1,2,1.0000,3652.509,679.000,403.509,8.6633,14.0000,1.0182,0.7072,4.4104,0.0000,0.7500,0.2500,0.0000,0.0000,4.8829,1.7327,0.7636
7,3,3652,3654,3,2,3,0.3889,3652.744,881.782,602.192,9.2875,16.0000,1.4359,0.3876,5.0405,0.3994,0.3420,0.2586,0.7329,0.5294,3.4653,1.2601,0.5641
8,3,3654,3657,4,3,3,0.2222,3655.380,504.283,859.000,10.2473,14.0000,1.2174,0.4739,4.4106,0.5385,0.3258,0.1358,0.7814,0.6240,3.9380,1.5752,0.4565
6,3,3654,3656,3,2,3,0.3333,3655.282,834.732,305.085,9.1316,15.0000,1.2676,0.7712,4.7256,0.4635,0.2905,0.2460,0.7299,0.1708,4.2530,1.2602,0.6056
3,3,3657,3658,2,1,2,0.7500,3657.333,557.000,727.667,7.6394,14.0000,1.0000,0.7454,4.4106,0.5333,0.2667,0.2000,0.7071,0.0000,4.7257,1.5752,1.0000
5,3,3658,3659,2,2,2,0.6250,3658.371,892.516,730.839,8.7353,15.0000,1.2097,0.6558,4.7257,0.3432,0.2505,0.4063,0.6059,0.3645,5.0407,1.5752,0.7097
10,3,3662,3664,3,3,5,0.2222,3662.948,744.931,411.060,11.5563,17.0000,1.4655,0.9436,5.3556,0.7912,0.0831,0.1257,0.3785,0.2962,4.0954,1.2602,0.4052
6,3,3663,3665,3,1,3,0.6667,3663.957,610.000,923.174,8.8742,15.0000,1.3043,1.3309,4.7254,0.6944,0.2222,0.0833,0.6000,0.0000,3.9379,0.6301,0.6232
9,3,3668,3671,4,3,2,0.3750,3669.191,410.991,605.818,11.5502,20.0000,1.6364,0.2638,6.3001,0.5612,0.2738,0.1651,0.9614,0.1417,3.4651,1.2600,0.5000
7,3,3671,3673,3,3,2,0.3889,3672.280,434.268,547.098,9.7622,16.0000,1.3659,0.4002,5.0397,0.2661,0.4704,0.2635,0.7252,0.2401,3.7797,1.2599,0.5732
5,3,3672,3674,3,1,2,0.8333,3673.286,474.000,380.476,8.8742,15.0000,1.1905,0.5967,4.7246,0.5854,0.2927,0.1220,0.9487,0.0000,4.7246,1.2599,0.6984
13,3,3674,3677,4,3,3,0.3611,3675.281,507.626,453.101,12.1420,14.0000,1.3094,1.3379,4.4095,0.7011,0.1517,0.1473,0.8082,0.4728,3.4644,1.4173,0.3022
4,3,3674,3675,2,1,2,1.0000,3674.534,727.000,278.466,9.1339,17.0000,1.1724,0.6583,5.3543,0.0000,0.7500,0.2500,0.0000,0.0000,4.7244,1.5748,0.7759
4,3,3675,3677,3,1,2,0.6667,3676.179,484.000,661.143,8.8185,17.0000,1.2143,0.8338,5.3540,0.7500,0.1500,0.1000,0.9487,0.0000,5.5116,1.8896,0.8571
4,3,3678,3679,2,1,2,1.0000,3678.558,678.000,601.558,8.1880,15.0000,1.1538,0.6255,4.7238,0.0000,0.7500,0.2500,0.0000,0.0000,4.0940,0.7873,0.8269
7,3,3681,3683,3,1,4,0.5833,3682.025,754.000,78.519,9.4024,15.0000,1.3291,0.4817,4.7233,0.4802,0.4287,0.0910,0.1891,0.0000,4.0936,0.3149,0.5443
6,4,3684,3686,3,2,2,0.5000,3684.740,526.130,647.494,9.8978,15.0000,1.1688,0.5726,4.7229,0.6373,0.1269,0.2358,0.8795,0.0724,4.7228,0.6297,0.7403
4,3,3686,3688,3,2,1,0.6667,3687.000,301.222,660.000,8.5007,14.0000,1.0370,1.0244,4.4079,0.5357,0.3214,0.1429,1.0000,0.0000,5.0374,1.2594,0.7778
8,3,3688,3690,3,2,2,0.6667,3688.884,940.695,454.389,10.5742,15.0000,1.2632,1.1170,4.7225,0.5524,0.0893,0.3583,0.8881,0.4597,3.6205,0.6297,0.4632
4,3,3693,3694,2,2,2,0.5000,3693.286,386.196,576.446,8.8140,16.0000,1.1429,0.8649,5.0365,0.5916,0.1015,0.3069,0.5000,0.5000,4.8792,1.2591,0.8036
5,3,3693,3694,2,2,2,0.6250,3693.406,1120.130,508.435,9.7136,17.0000,1.2319,0.7079,5.3514,0.3432,0.2505,0.4063,0.6059,0.3645,5.0365,1.2591,0.6812
6,3,3696,3698,3,3,1,0.6667,3697.241,387.873,618.000,10.1515,17.0000,1.2911,0.2718,5.3509,0.4000,0.4800,0.1200,0.7071,0.0000,4.5640,1.5737,0.5823
8,3,3696,3698,3,2,2,0.6667,3696.699,540.419,1041.720,10.3495,17.0000,1.4624,0.5871,5.3509,0.4716,0.1249,0.4035,0.8929,0.1898,3.6198,0.7869,0.4946
6,3,3697,3699,3,2,2,0.5000,3697.667,776.870,852.565,8.8664,16.0000,1.3913,0.5632,5.0361,0.6373,0.1269,0.2358,0.8795,0.0724,3.9345,1.5738,0.6377
8,3,3697,3699,3,3,2,0.4444,3698.152,865.859,458.652,10.2379,17.0000,1.4783,0.4051,5.3508,0.1920,0.5155,0.2925,0.7043,0.5868,3.9344,1.4164,0.5000
3,3,3698,3699,2,1,2,0.7500,3698.674,476.000,310.651,7.8140,15.0000,1.0465,0.7280,4.7212,0.5333,0.2667,0.2000,0.7071,0.0000,5.0361,1.2590,1.0000
4,3,3701,3702,2,2,2,0.5000,3701.250,419.867,601.750,9.4421,22.0000,1.4667,0.3779,6.9242,0.0000,0.5625,0.4375,0.4459,0.5774,5.1931,1.5737,0.8667
3,3,3704,3706,3,1,1,1.0000,3704.957,318.000,852.000,8.3584,17.0000,1.1087,0.9565,5.3503,0.8889,0.0000,0.1111,1.0000,0.0000,5.0355,1.5736,1.0000
8,3,3705,3708,4,2,2,0.5000,3707.110,846.510,612.210,11.1268,18.0000,1.4400,0.5443,5.6648,0.7189,0.1391,0.1420,0.9388,0.0872,4.2486,1.1015,0.4600
3,3,3707,3709,3,1,1,1.0000,3707.979,579.000,706.000,8.5398,18.0000,1.1489,0.0213,5.6648,0.8889,0.0000,0.1111,1.0000,0.0000,5.0354,0.6294,1.0000
8,3,3713,3716,4,2,3,0.3333,3714.333,591.912,584.333,11.3490,22.0000,1.7255,0.9469,6.9235,0.7839,0.0964,0.1197,0.7752,0.0154,4.2485,1.1015,0.5196
16,3,3717,3721,5,4,3,0.2667,3718.940,799.155,854.381,13.2177,17.0000,1.6190,1.0264,5.3500,0.6107,0.2365,0.1528,0.6467,0.0876,3.4618,1.5735,0.2738
5,3,3720,3722,3,2,2,0.4167,3720.783,519.383,505.867,8.4445,15.0000,1.2500,0.4601,4.7207,0.7729,0.0435,0.1836,0.8328,0.5477,4.7206,1.7309,0.7167
5,3,3720,3721,2,3,2,0.4167,3720.609,924.078,550.828,9.0075,16.0000,1.2500,0.4339,5.0354,0.1521,0.5234,0.3245,0.0000,0.5847,4.7206,1.5735,0.6875
6,3,3721,3723,3,3,1,0.6667,3721.972,464.789,534.000,9.1221,18.0000,1.5211,0.2131,5.6648,0.4000,0.4800,0.1200,0.7071,0.0000,3.7766,0.9441,0.6620
4,3,3724,3726,3,2,1,0.6667,3724.846,332.827,872.000,8.1827,15.0000,1.1538,1.1668,4.7208,0.7500,0.1500,0.1000,0.9487,0.0000,4.7208,2.0457,0.8269
5,3,3728,3730,3,3,1,0.5556,3729.500,315.919,713.000,8.7266,16.0000,1.2903,0.5065,5.0357,0.3318,0.5530,0.1152,1.0000,0.0000,4.7210,0.9442,0.7258
5,3,3729,3730,2,2,2,0.6250,3729.385,497.215,307.738,9.1489,18.0000,1.3846,0.5126,5.6651,0.3432,0.2505,0.4063,0.6059,0.3645,4.7209,1.1016,0.7385
7,3,3729,3731,3,2,2,0.5833,3729.678,742.805,537.644,10.3493,17.0000,1.3678,0.9552,5.3504,0.3772,0.3083,0.3146,0.9758,0.2185,4.4062,0.9442,0.5402
4,3,3732,3733,2,2,2,0.5000,3732.560,451.720,423.840,7.8685,14.0000,1.1200,0.6462,4.4064,0.5916,0.1015,0.3069,0.7071,0.7071,4.7211,1.4163,0.8400
5,3,3733,3734,2,2,3,0.4167,3733.847,541.763,385.102,8.3047,14.0000,1.1864,0.7844,4.4064,0.4138,0.1655,0.4207,0.0000,0.7071,4.7212,1.2590,0.7119
5,3,3737,3738,2,3,1,0.8333,3737.460,385.190,480.000,8.8681,16.0000,1.2698,0.4982,5.0361,0.5854,0.2927,0.1220,0.3162,0.0000,5.0361,1.8885,0.7143
5,3,3737,3739,3,2,2,0.4167,3737.903,848.403,915.177,8.7273,15.0000,1.2097,0.4510,4.7214,0.1521,0.5234,0.3245,1.0000,0.0000,5.3508,1.8885,0.6935
6,3,3738,3740,3,3,1,0.6667,3738.775,333.930,855.000,9.1235,14.0000,1.1831,0.7778,4.4066,0.6944,0.2222,0.0833,0.6000,0.0000,4.5640,1.1017,0.5915
10,3,3739,3741,3,2,3,0.5556,3739.820,494.604,561.162,11.0486,17.0000,1.5315,0.9249,5.3510,0.3195,0.1788,0.5017,0.9056,0.2227,3.7771,1.4165,0.4505
7,3,3740,3741,2,3,3,0.3889,3740.383,467.358,342.049,9.6366,16.0000,1.3827,0.7490,5.0362,0.4888,0.1571,0.3542,0.3009,0.6843,4.4067,1.1017,0.5432
5,3,3744,3745,2,2,2,0.6250,3744.455,532.364,612.864,9.2910,18.0000,1.3636,0.5979,5.6659,0.3432,0.2505,0.4063,0.6059,0.3645,5.0364,1.2591,0.7273
7,3,3745,3747,3,2,2,0.5833,3746.247,623.776,1109.588,10.1130,17.0000,1.4000,0.5297,5.3513,0.4600,0.2645,0.2756,0.8571,0.1000,3.7774,1.4165,0.5294
9,3,3747,3749,3,2,3,0.5000,3748.019,754.389,916.750,11.3323,18.0000,1.5000,0.4627,5.6661,0.3783,0.4074,0.2142,0.5367,0.5172,4.0922,1.8887,0.4444
5,3,3750,3752,3,2,2,0.4167,3750.516,676.242,573.145,8.7283,15.0000,1.2097,0.5882,4.7218,0.6338,0.1686,0.1975,0.9585,0.2851,4.8793,1.2592,0.7097
6,3,3753,3755,3,3,2,0.3333,3753.806,445.944,387.111,9.2531,14.0000,1.1667,1.2463,4.4072,0.7308,0.1227,0.1465,0.8841,0.3686,4.4072,1.4166,0.5833
8,4,3758,3760,3,2,2,0.6667,3758.808,612.356,608.279,11.5753,17.0000,1.3077,0.4912,5.3517,0.4961,0.2369,0.2670,0.9586,0.0986,4.7221,1.2592,0.5962
7,3,3758,3760,3,3,1,0.7778,3759.157,630.289,934.000,9.8758,18.0000,1.5181,0.3289,5.6665,0.4747,0.4312,0.0941,0.8619,0.0000,3.7776,0.9444,0.5663
5,3,3772,3774,3,1,2,0.8333,3773.157,738.000,366.271,9.8556,21.0000,1.5000,0.3136,6.6113,0.5854,0.2927,0.1220,0.9487,0.0000,5.0372,1.1019,0.7286
4,3,3774,3775,2,1,2,1.0000,3774.448,531.000,214.448,9.1300,16.0000,1.1034,0.6340,5.0373,0.0000,0.7500,0.2500,0.0000,0.0000,5.3521,0.9445,0.8276
4,3,3777,3778,2,1,3,0.6667,3777.736,585.000,616.113,8.3431,15.0000,1.1321,0.2874,4.7225,0.5357,0.3214,0.1429,0.0000,0.0000,4.8799,1.2594,0.8302
4,3,3781,3782,2,2,2,0.5000,3781.741,815.815,318.722,8.5009,15.0000,1.1111,0.7894,4.7227,0.0000,0.5625,0.4375,0.4459,0.5774,5.1950,1.5743,0.8148
5,3,3787,3788,2,1,3,0.8333,3787.385,993.000,334.738,9.1531,15.0000,1.1538,0.4651,4.7231,0.5854,0.2927,0.1220,0.3162,0.0000,4.7231,1.5744,0.6615
7,3,3790,3792,3,2,2,0.5833,3790.540,697.793,1104.598,10.3547,17.0000,1.3678,0.7046,5.3533,0.5694,0.1270,0.3036,0.8963,0.4170,3.4640,0.9447,0.5632
6,3,3792,3793,2,3,2,0.5000,3792.394,215.324,643.873,9.1278,14.0000,1.1831,0.5259,4.4088,0.5034,0.2551,0.2415,0.1128,0.4328,4.4087,2.0469,0.5915
4,3,3792,3793,2,1,2,1.0000,3792.544,636.000,603.561,8.9749,17.0000,1.1930,0.6987,5.3534,0.0000,0.7500,0.2500,0.0000,0.0000,5.1961,1.2597,0.8421
7,3,3803,3806,4,2,3,0.2917,3804.805,547.908,619.598,10.3596,17.0000,1.3678,0.9043,5.3556,0.4351,0.4152,0.1497,0.9797,0.1869,4.4109,1.1027,0.5402
5,3,3804,3805,2,2,2,0.6250,3804.364,283.485,629.879,9.2987,18.0000,1.3636,0.6421,5.6706,0.3432,0.2505,0.4063,0.6059,0.3645,4.8832,0.9451,0.7273
5,3,3808,3809,2,2,3,0.4167,3808.246,493.123,202.200,9.1595,16.0000,1.2308,0.3402,5.0418,0.6489,0.0995,0.2515,0.1100,0.3726,5.0415,1.5755,0.7231
11,4,3808,3810,3,3,3,0.4074,3808.992,771.425,398.378,12.0662,17.0000,1.4724,1.1437,5.3566,0.4703,0.2817,0.2479,0.8041,0.5926,3.7814,1.4179,0.4882
4,3,3808,3810,3,1,2,0.6667,3808.842,926.000,687.842,8.9806,16.0000,1.1228,0.8568,5.0420,0.7500,0.1500,0.1000,0.9487,0.0000,5.3568,1.2604,0.8421
8,3,3816,3817,2,3,2,0.6667,3816.606,495.354,474.384,11.0344,17.0000,1.3737,0.9657,5.3594,0.4396,0.1507,0.4097,0.2015,0.5411,4.2559,1.2610,0.4848
9,3,3817,3820,4,2,3,0.3750,3818.583,307.524,380.495,10.8252,16.0000,1.3981,0.8391,5.0449,0.2964,0.3633,0.3403,0.9529,0.2188,3.4681,0.9459,0.4369
6,3,3818,3820,3,1,3,0.6667,3819.164,603.000,879.699,9.3969,16.0000,1.3151,1.0892,5.0452,0.6944,0.2222,0.0833,0.8000,0.0000,4.2566,1.5765,0.6027
5,3,3824,3826,3,3,1,0.5556,3825.171,551.000,365.000,9.8752,20.0000,1.4286,0.1714,6.3090,0.5532,0.3398,0.1070,0.8281,0.0000,5.0467,1.2618,0.7143
11,3,3824,3826,3,2,4,0.4583,3825.079,925.649,358.728,10.8428,16.0000,1.5439,0.4509,5.0472,0.5341,0.2559,0.2100,0.1835,0.2283,3.1543,0.9463,0.3947
5,3,3825,3827,3,1,3,0.5556,3826.102,886.000,692.102,8.3241,15.0000,1.2712,0.1438,4.7321,0.0000,0.8276,0.1724,0.0000,0.0000,4.7321,1.5773,0.7288
5,3,3826,3827,2,2,2,0.6250,3826.468,260.855,651.629,8.7476,16.0000,1.2903,0.6144,5.0476,0.3432,0.2505,0.4063,0.6059,0.3645,4.7325,1.1042,0.7258
9,3,3831,3833,3,2,3,0.5000,3832.224,631.827,454.918,10.3112,15.0000,1.3776,1.2145,4.7351,0.4175,0.3192,0.2633,0.2959,0.2756,3.4719,0.6313,0.4388
11,3,3835,3837,3,3,3,0.4074,3836.228,394.285,433.772,11.7108,18.0000,1.6098,0.7845,5.6838,0.6478,0.0548,0.2973,0.5404,0.3415,3.1580,1.5789,0.3902
7,3,3838,3840,3,3,2,0.3889,3838.842,679.539,333.895,9.0732,14.0000,1.2895,0.5719,4.4226,0.6188,0.1635,0.2176,0.6691,0.0458,3.4740,1.5791,0.5526
6,3,3839,3841,3,2,3,0.3333,3840.093,529.867,565.053,9.6726,15.0000,1.2000,0.1713,4.7385,0.8087,0.0589,0.1324,0.5725,0.5071,4.2646,1.8950,0.5733
3,3,3853,3855,3,1,1,1.0000,3854.000,794.000,380.000,8.4046,16.0000,1.0435,0.0000,5.0634,0.8889,0.0000,0.1111,1.0000,0.0000,5.0641,1.2657,1.0000
7,3,3856,3858,3,2,3,0.3889,3857.244,796.793,375.183,9.8128,20.0000,1.7073,0.3687,6.3320,0.3994,0.3420,0.2586,0.5524,0.0967,3.1660,1.2664,0.5854
4,3,3860,3861,2,2,1,1.0000,3860.434,747.547,946.000,8.3943,15.0000,1.1321,0.6984,4.7512,0.0000,0.7500,0.2500,1.0000,0.0000,4.9099,1.2669,0.8302
8,3,3862,3864,3,1,3,0.8889,3862.830,529.000,594.170,9.8592,15.0000,1.3636,0.2411,4.7534,0.3375,0.5625,0.1000,0.7071,0.0000,3.4859,0.9507,0.4886
3,3,3868,3869,2,1,2,0.7500,3868.652,560.000,436.304,8.4240,16.0000,1.0435,0.7197,5.0754,0.5333,0.2667,0.2000,0.7071,0.0000,5.3917,1.2687,1.0000
8,3,3871,3873,3,4,2,0.3333,3871.802,402.646,777.281,10.7718,19.0000,1.5833,0.4937,6.0302,0.7708,0.1166,0.1126,0.6266,0.4484,3.9669,1.4282,0.5208
6,3,3875,3877,3,2,2,0.5000,3875.827,564.444,835.111,10.5024,17.0000,1.2593,0.4896,5.3994,0.3810,0.3333,0.2857,0.9487,0.1690,4.7641,1.9054,0.5802
5,3,3876,3877,2,2,2,0.6250,3876.463,607.657,579.149,9.5175,18.0000,1.3433,0.5951,5.7170,0.3432,0.2505,0.4063,0.6059,0.3645,5.2415,1.5883,0.7313
4,3,3877,3878,2,2,1,1.0000,3877.448,332.500,740.000,9.2132,17.0000,1.1724,0.6715,5.4004,0.0000,0.7500,0.2500,1.0000,0.0000,4.9242,1.2703,0.7931
6,3,3878,3880,3,2,2,0.5000,3878.800,470.693,418.267,9.7299,17.0000,1.3600,0.4529,5.4024,0.6381,0.1455,0.2164,0.8019,0.3768,4.2903,1.4299,0.6133
5,3,3881,3883,3,2,1,0.8333,3882.221,718.559,848.000,9.6701,18.0000,1.3235,0.4933,5.7235,0.5854,0.2927,0.1220,0.9487,0.0000,5.0876,1.2721,0.7059
9,3,3885,3887,3,3,3,0.3333,3886.135,662.529,260.163,11.0321,18.0000,1.5577,0.5166,5.7280,0.3353,0.1356,0.5291,0.3469,0.8010,3.5005,1.5909,0.4519
4,3,3888,3889,2,2,2,0.5000,3888.472,801.264,472.208,8.4372,14.0000,1.0566,0.5791,4.4579,0.5916,0.1015,0.3069,0.7071,0.7071,5.0934,1.9104,0.7925
6,3,3900,3902,3,2,2,0.5000,3900.882,851.355,253.303,9.9049,15.0000,1.1842,0.7220,4.7887,0.3218,0.4574,0.2208,0.9366,0.3505,4.7888,1.5963,0.5658
5,3,3904,3906,3,2,1,0.8333,3904.785,554.708,423.000,9.2882,17.0000,1.3077,0.8373,5.4309,0.5854,0.2927,0.1220,0.9487,0.0000,4.1552,0.7991,0.7077
6,3,3915,3917,3,2,2,0.5000,3915.622,462.392,708.892,9.6785,16.0000,1.2973,0.5554,5.1264,0.5034,0.2551,0.2415,0.9677,0.2521,4.9652,1.2817,0.6081
6,3,3919,3921,3,2,3,0.3333,3920.064,792.885,310.692,10.2134,19.0000,1.4615,0.7048,6.0939,0.5384,0.1347,0.3269,0.5521,0.1164,4.6506,1.2835,0.6282
6,4,3930,3931,2,2,2,0.7500,3930.542,939.349,454.313,10.9002,15.0000,1.0843,0.6556,4.8260,0.2000,0.3333,0.4667,0.0000,0.0000,5.1468,0.9651,0.7108
5,3,3931,3933,3,1,2,0.8333,3932.258,747.000,274.613,8.9241,15.0000,1.2097,0.8368,4.8289,0.5854,0.2927,0.1220,0.9487,0.0000,4.8275,0.6439,0.6935
5,3,3935,3936,2,2,3,0.4167,3935.781,661.875,235.734,9.2221,17.0000,1.3281,0.7764,5.4779,0.6489,0.0995,0.2515,0.1100,0.3726,4.8321,1.4498,0.7500
4,3,3937,3938,2,1,2,1.0000,3937.400,680.000,399.473,8.8653,18.0000,1.3091,0.6618,5.8020,0.0000,0.7500,0.2500,0.0000,0.0000,4.9969,0.9672,0.8545
6,3,3943,3944,2,2,3,0.5000,3943.588,950.900,489.262,10.5510,19.0000,1.4250,0.4991,6.1390,0.3810,0.3333,0.2857,0.3162,0.5071,4.5226,1.2925,0.6375
5,3,3945,3946,2,2,2,0.6250,3945.143,467.464,507.393,8.0952,13.0000,1.1607,0.6247,4.2019,0.3432,0.2505,0.4063,0.5155,0.8569,4.5254,1.2924,0.6964
4,3,3946,3947,2,2,1,1.0000,3946.451,783.451,539.000,8.2466,15.0000,1.1765,0.7105,4.8519,0.0000,0.7500,0.2500,1.0000,0.0000,4.8503,1.4555,0.8431
4,3,3946,3948,3,1,2,0.6667,3946.816,789.000,219.163,7.9243,14.0000,1.1429,0.8325,4.5285,0.7500,0.1500,0.1000,0.9487,0.0000,4.6900,1.6162,0.8367
10,3,3949,3951,3,3,2,0.5556,3950.036,872.640,464.586,11.3672,15.0000,1.3514,0.8680,4.8575,0.5977,0.1506,0.2517,0.7992,0.4504,3.8878,0.6480,0.3874
8,3,3952,3954,3,3,3,0.2963,3952.714,585.066,317.593,10.4302,16.0000,1.4066,0.8245,5.1855,0.6013,0.2176,0.1810,0.7903,0.5818,3.5668,0.9728,0.5055
8,3,3952,3955,4,2,2,0.5000,3953.605,786.302,455.209,9.8608,16.0000,1.4884,0.5399,5.1898,0.6108,0.0874,0.3018,0.9929,0.0516,3.8912,1.6206,0.4884
6,3,3952,3954,3,3,2,0.3333,3953.235,803.985,464.559,9.0017,16.0000,1.4118,0.8830,5.1898,0.6378,0.1768,0.1854,0.7170,0.4222,3.2423,1.2981,0.6324
7,3,3953,3955,3,3,2,0.3889,3954.282,591.000,848.459,10.4220,18.0000,1.4824,0.8988,5.8409,0.2791,0.1196,0.6013,0.9487,0.3162,4.5402,1.4591,0.5412
5,3,3953,3955,3,2,2,0.4167,3953.892,597.877,519.477,9.4284,17.0000,1.3077,0.5042,5.5141,0.5461,0.2256,0.2283,0.8117,0.4177,5.5143,1.2980,0.7385
5,3,3953,3955,3,1,3,0.5556,3953.661,651.000,302.065,8.9924,16.0000,1.2903,0.6644,5.1898,0.5532,0.3398,0.1070,0.8281,0.0000,4.5390,0.6488,0.7258
6,3,3953,3955,3,2,2,0.5000,3954.333,678.116,381.493,9.1382,16.0000,1.3913,0.6179,5.1898,0.6373,0.1269,0.2358,0.8795,0.0724,4.0563,1.2978,0.6232
8,3,3954,3957,4,2,3,0.3333,3955.111,818.878,509.067,10.3259,17.0000,1.5111,1.5451,5.5141,0.7839,0.0964,0.1197,0.7752,0.0154,3.7325,1.2981,0.5000
4,3,3955,3956,2,1,3,0.6667,3955.448,766.000,386.069,9.4122,18.0000,1.2414,0.4535,5.8409,0.7576,0.1294,0.1129,0.5257,0.0000,4.5443,1.9470,0.8276
6,3,3957,3959,3,4,1,0.5000,3957.929,834.757,520.000,9.2851,16.0000,1.3714,0.7605,5.1987,0.6945,0.2391,0.0664,0.1949,0.0000,3.8980,1.6240,0.6286
3,3,3958,3959,2,2,1,0.7500,3958.614,521.318,160.000,8.2563,17.0000,1.1591,0.6912,5.5236,0.5333,0.2667,0.2000,0.7071,0.0000,4.8757,1.3000,1.0000
4,3,3959,3960,2,2,2,0.5000,3959.788,807.269,247.519,8.4547,14.0000,1.0769,0.6220,4.5530,0.5916,0.1015,0.3069,0.5000,0.5000,4.7155,0.6502,0.7885
24,9,3962,3966,5,4,4,0.3000,3964.053,900.430,820.801,20.0867,22.0000,1.7483,0.4771,7.1683,0.1867,0.3188,0.4944,0.9582,0.1168,3.5858,1.3041,0.5199
3,3,3963,3964,2,1,2,0.7500,3963.628,421.000,649.698,8.0877,16.0000,1.1163,0.6969,5.2108,0.5333,0.2667,0.2000,0.7071,0.0000,4.8873,1.6290,1.0000
5,3,3966,3967,2,2,2,0.6250,3966.603,641.138,468.534,8.4626,14.0000,1.2069,0.6797,4.5685,0.3432,0.2505,0.4063,0.6059,0.3645,4.5667,1.9565,0.6897
6,3,3966,3967,2,2,3,0.5000,3966.191,843.750,312.059,9.0553,17.0000,1.5000,0.3202,5.5447,0.5230,0.1584,0.3185,0.1207,0.8567,4.2399,1.3045,0.6324
7,3,3967,3969,3,3,1,0.7778,3967.963,891.325,512.000,9.8721,14.0000,1.2250,0.3272,4.5709,0.1247,0.7481,0.1273,1.0000,0.0000,4.2444,1.6320,0.5125
3,3,3968,3970,3,1,1,1.0000,3969.000,550.000,646.000,7.7327,15.0000,1.0976,0.0000,4.9000,0.8889,0.0000,0.1111,1.0000,0.0000,4.5755,1.3068,1.0000
8,3,3970,3972,3,2,3,0.4444,3971.318,830.294,816.188,9.8295,15.0000,1.4118,0.4721,4.9053,0.3837,0.1636,0.4526,0.7961,0.3359,3.5981,1.1450,0.4824
8,3,3971,3974,4,3,2,0.3333,3972.433,829.878,396.378,10.4142,15.0000,1.3333,0.5877,4.9081,0.6027,0.1676,0.2297,0.8845,0.3921,3.9268,1.3094,0.4667
8,3,3972,3973,2,2,3,0.6667,3972.506,888.482,900.212,9.8360,14.0000,1.3176,0.7304,4.5835,0.4685,0.1696,0.3619,0.3645,0.6059,3.5992,1.3100,0.4824
62,32,3976,3981,6,6,8,0.2153,3977.691,1037.138,418.737,45.3243,47.0000,2.6808,1.3571,15.4242,0.4313,0.3306,0.2380,0.5246,0.8450,4.5956,1.3142,0.7590
7,3,3977,3979,3,3,1,0.7778,3978.013,983.886,418.000,9.8053,15.0000,1.3291,0.8862,4.9257,0.6076,0.3038,0.0886,0.7071,0.0000,3.9383,1.6421,0.5190
16,8,3978,3980,3,2,4,0.6667,3978.990,387.681,525.986,17.0046,20.0000,1.5459,0.3193,6.5718,0.5033,0.2807,0.2160,0.1932,0.0035,4.4359,0.9863,0.6232
5,3,3979,3981,3,3,1,0.5556,3979.931,581.310,569.000,8.5283,15.0000,1.2931,0.3179,4.9321,0.5532,0.3398,0.1070,0.5606,0.0000,4.6005,0.9865,0.7069
4,3,3979,3981,3,2,1,0.6667,3979.830,695.830,211.000,7.7261,13.0000,1.1064,0.8471,4.2773,0.7500,0.1500,0.1000,0.9487,0.0000,4.6019,1.4786,0.8298
5,3,3980,3982,3,1,2,0.8333,3981.246,927.000,221.492,9.5660,17.0000,1.3077,0.5642,5.5934,0.5854,0.2927,0.1220,0.9487,0.0000,4.9348,1.4805,0.7077
5,3,3981,3983,3,2,1,0.8333,3981.737,556.596,1054.000,8.3915,13.0000,1.1404,0.8401,4.2802,0.5854,0.2927,0.1220,0.9487,0.0000,4.6068,0.6581,0.6842
6,3,3981,3982,2,3,1,1.0000,3981.500,655.171,376.000,9.4059,16.0000,1.3714,0.9677,5.2644,0.5556,0.3333,0.1111,0.0000,0.0000,4.4429,1.4815,0.6143
4,3,3981,3983,3,1,2,0.6667,3982.000,878.000,111.184,8.0666,14.0000,1.1429,0.1837,4.6095,0.5357,0.3214,0.1429,1.0000,0.0000,4.6097,1.3168,0.8163
4,3,3982,3984,3,2,1,0.6667,3982.982,696.491,494.000,9.0606,16.0000,1.1636,0.4912,5.2716,0.7576,0.1294,0.1129,0.8507,0.0000,4.4464,0.9890,0.7818
4,3,3982,3983,2,1,3,0.6667,3982.531,850.000,264.082,8.0696,14.0000,1.1429,0.5369,4.6095,0.7576,0.1294,0.1129,0.5257,0.0000,4.6125,0.9880,0.8163
7,3,3984,3986,3,2,3,0.3889,3984.880,596.253,433.217,10.3500,14.0000,1.1807,1.2045,4.6193,0.3994,0.3420,0.2586,0.5524,0.0967,4.9488,1.3191,0.6506
10,3,3985,3987,3,3,3,0.3704,3985.619,822.230,632.407,11.7958,18.0000,1.5929,0.7761,5.9391,0.5836,0.0971,0.3193,0.5510,0.1961,3.4658,0.8256,0.4513
7,3,3988,3989,2,2,3,0.5833,3988.474,857.103,754.077,9.7531,15.0000,1.3462,1.0672,4.9644,0.4600,0.2645,0.2756,0.0000,0.3827,3.9674,1.1576,0.5513
5,3,3990,3992,3,2,1,0.8333,3991.188,776.641,601.000,9.4896,16.0000,1.2500,0.4053,5.3040,0.5854,0.2927,0.1220,0.9487,0.0000,4.9728,1.3267,0.6875
5,3,3998,4000,3,2,2,0.4167,3999.311,766.131,436.787,9.1117,16.0000,1.3115,0.3995,5.3424,0.6489,0.0995,0.2515,0.9362,0.2726,4.6786,1.0020,0.7213
8,4,4000,4002,3,1,4,0.6667,4001.032,625.000,256.926,11.2377,15.0000,1.2632,0.9269,5.0185,0.4615,0.4615,0.0769,0.0000,0.0000,4.8472,1.6723,0.5789
5,3,4012,4014,3,1,3,0.5556,4013.068,455.000,200.102,8.9474,13.0000,1.1017,0.1222,4.4133,0.7911,0.1351,0.0737,0.5257,0.0000,4.7474,1.3573,0.6610
4,3,4013,4014,2,1,2,1.0000,4013.580,633.000,495.440,8.4828,15.0000,1.2000,0.6083,5.0923,0.0000,0.7500,0.2500,0.0000,0.0000,5.2581,1.8655,0.8400
9,3,4015,4017,3,3,2,0.5000,4016.020,760.530,296.530,11.3443,19.0000,1.7100,0.7498,6.4661,0.3964,0.2119,0.3917,0.3672,0.1007,3.7389,1.5317,0.4800
8,4,4016,4018,3,4,2,0.3333,4017.278,852.887,376.608,11.6899,18.0000,1.4845,0.8289,6.1411,0.8109,0.0729,0.1162,0.4754,0.3028,4.7707,1.7033,0.6598
3,3,4016,4017,2,1,2,0.7500,4016.333,1035.000,211.667,7.6661,13.0000,1.0000,0.7454,4.4297,0.5333,0.2667,0.2000,0.7071,0.0000,4.7649,1.5314,1.0000
6,3,4017,4019,3,2,2,0.5000,4017.750,465.397,640.235,9.4683,14.0000,1.2353,0.9907,4.7764,0.6381,0.1455,0.2164,0.8019,0.3768,4.4338,1.7072,0.6029
4,3,4019,4021,3,2,1,0.6667,4020.102,989.571,814.000,8.3811,15.0000,1.2245,0.4406,5.1306,0.7576,0.1294,0.1129,0.8507,0.0000,5.1322,1.7085,0.8367
3,3,4020,4022,3,1,1,1.0000,4020.977,500.000,325.000,8.6999,17.0000,1.1591,0.0227,5.8221,0.8889,0.0000,0.1111,1.0000,0.0000,5.1319,1.7100,1.0000
5,3,4024,4026,3,1,3,0.5556,4025.175,572.000,549.714,9.7013,15.0000,1.1905,0.8734,5.1705,0.8123,0.1108,0.0769,0.7071,0.0000,5.1633,1.7204,0.6825
4,3,4028,4030,3,2,1,0.6667,4029.113,954.566,450.000,9.1714,16.0000,1.2075,0.4485,5.5367,0.7576,0.1294,0.1129,0.8507,0.0000,5.7128,1.7295,0.8491
5,3,4035,4036,2,2,2,0.6250,4035.426,746.410,538.836,9.5174,13.0000,1.0656,0.6136,4.5387,0.3432,0.2505,0.4063,0.6059,0.3645,4.8817,0.8709,0.6393
11,5,4036,4038,3,2,3,0.6111,4036.874,951.512,710.630,13.3831,15.0000,1.2992,0.8214,5.2433,0.5463,0.1416,0.3121,0.8420,0.4194,4.5395,1.3969,0.5591
5,3,4040,4041,2,2,2,0.6250,4040.431,1054.138,460.466,9.1042,15.0000,1.2931,0.7927,5.2684,0.3432,0.2505,0.4063,0.6059,0.3645,4.5598,1.0539,0.6897
6,3,4041,4042,2,2,3,0.5000,4041.634,801.408,906.592,10.1879,15.0000,1.2676,0.9584,5.2684,0.6854,0.0214,0.2932,0.3377,0.6213,4.3936,1.4073,0.5775
4,3,4045,4047,3,1,2,0.6667,4045.609,696.000,242.283,8.1197,13.0000,1.1304,0.6711,4.5864,0.7500,0.1500,0.1000,0.9487,0.0000,4.7647,1.0578,0.8261
5,3,4045,4047,3,1,2,0.8333,4045.930,791.000,347.649,9.0022,15.0000,1.3158,0.3578,5.2977,0.5854,0.2927,0.1220,0.9487,0.0000,4.5917,1.4108,0.7018
5,3,4047,4048,2,2,3,0.4167,4047.684,907.228,220.667,9.0186,14.0000,1.2281,0.7721,4.9547,0.7729,0.0435,0.1836,0.4781,0.7852,4.6008,0.3546,0.6842
5,4,4048,4050,3,1,2,0.8333,4049.276,495.000,718.414,9.1914,13.0000,1.1207,0.8340,4.6099,0.5854,0.2927,0.1220,0.9487,0.0000,3.8972,1.4170,0.8448
5,4,4048,4049,2,2,3,0.4167,4048.814,956.593,633.000,9.3457,12.0000,1.0169,1.1776,4.2511,0.5461,0.2256,0.2283,0.1201,0.5647,4.6061,1.7692,0.8136
3,3,4049,4050,2,2,1,0.7500,4049.625,887.325,381.000,8.1863,15.0000,1.1250,0.7045,5.3139,0.5333,0.2667,0.2000,0.7071,0.0000,4.9648,1.0631,1.0000
4,3,4049,4050,2,1,2,1.0000,4049.473,914.000,267.600,9.7467,17.0000,1.2364,0.6193,6.0224,0.0000,0.7500,0.2500,0.0000,0.0000,5.3163,1.5945,0.8182
9,3,4051,4053,3,2,3,0.5000,4052.154,930.912,691.758,10.7778,15.0000,1.4835,0.2997,5.3290,0.3513,0.4424,0.2063,0.5884,0.0225,3.5558,1.4206,0.4286
9,5,4052,4054,3,2,2,0.7500,4052.677,650.562,355.646,11.3753,12.0000,1.1250,1.0918,4.2670,0.5373,0.1435,0.3192,0.9487,0.2905,4.6194,1.4207,0.6250
5,3,4053,4055,3,2,2,0.4167,4054.057,979.151,513.396,8.4358,12.0000,1.1321,0.4278,4.2743,0.5461,0.2256,0.2283,0.8117,0.4177,4.6269,1.2459,0.6792
6,3,4054,4056,3,2,1,1.0000,4055.032,828.532,930.000,9.0158,12.0000,1.1613,0.5332,4.2777,0.5556,0.3333,0.1111,1.0000,0.0000,4.0944,0.5341,0.5806
4,3,4055,4056,2,2,1,1.0000,4055.553,871.532,446.000,8.3742,13.0000,1.1064,0.6947,4.6342,0.0000,0.7500,0.2500,1.0000,0.0000,5.1648,1.4259,0.8085
3,3,4055,4056,2,2,1,0.7500,4055.324,1111.351,752.000,7.6109,13.0000,1.0541,0.7252,4.6304,0.5333,0.2667,0.2000,0.7071,0.0000,4.6336,1.4248,1.0000
6,3,4055,4057,3,2,2,0.5000,4055.721,1165.250,547.324,9.8938,17.0000,1.5000,0.8285,6.0552,0.6381,0.1455,0.2164,0.8019,0.3768,4.2760,1.4258,0.6029
4,3,4056,4057,2,1,3,0.6667,4056.551,743.000,422.102,8.7374,15.0000,1.2245,1.0039,5.3513,0.7576,0.1294,0.1129,0.5257,0.0000,4.6369,1.4270,0.7959
5,3,4058,4059,2,2,2,0.6250,4058.692,611.385,579.385,8.3068,12.0000,1.1538,0.6249,4.2874,0.2938,0.4054,0.3007,0.0000,0.3029,4.6446,1.4291,0.6923
5,3,4058,4060,3,1,3,0.5556,4059.000,912.000,224.635,8.3085,14.0000,1.3462,1.1844,4.9983,0.8123,0.1108,0.0769,0.7071,0.0000,4.2874,0.5358,0.7308
7,3,4058,4060,3,2,3,0.3889,4059.329,1133.214,679.557,9.4549,13.0000,1.3000,0.8324,4.6479,0.6470,0.1845,0.1685,0.6530,0.4508,4.2896,0.7152,0.5286
9,5,4059,4060,2,3,2,0.7500,4059.490,580.694,976.561,11.6752,15.0000,1.3776,0.7254,5.3592,0.5423,0.0734,0.3844,0.0465,0.4037,3.9304,0.8928,0.6837
4,3,4059,4060,2,1,3,0.6667,4059.733,877.000,130.156,8.0429,14.0000,1.2444,0.8855,5.0054,0.5357,0.3214,0.1429,0.0000,0.0000,4.6459,1.2502,0.8444
7,3,4059,4060,2,2,3,0.5833,4059.744,1161.526,356.769,10.5385,16.0000,1.4359,0.9394,5.7205,0.3883,0.1309,0.4808,0.1253,0.7549,4.6447,1.4294,0.5385
