n_voxels,n_seed,z_min,z_max,z_extent,y_extent,x_extent,fill,centroid_z,centroid_y,centroid_x,snr_cluster,r_peak,r_peak_ratio,peak_offset,snr_peak,linearity,planarity,sphericity,axis_z,normal_z,edge_contrast,decay_drop,seed_grown_ratio
7,3,200,201,2,2,3,0.5833,200.404,591.894,734.830,10.1681,10.0000,1.4894,0.9291,5.7287,0.4600,0.2645,0.2756,0.0000,0.3827,2.8584,0.5717,0.5532
24,3,200,202,3,3,10,0.2667,200.732,592.845,721.965,16.5797,8.0000,1.3521,0.7494,4.5829,0.9146,0.0450,0.0405,0.0923,0.1409,3.7177,1.1427,0.1690
19,3,200,203,4,6,3,0.2639,200.903,629.796,127.319,14.8231,10.0000,1.6814,0.9786,5.7287,0.7327,0.0228,0.2446,0.3530,0.0711,2.2927,1.1428,0.2389
15,3,200,204,5,5,3,0.2000,200.971,645.952,642.038,15.4991,10.0000,1.4286,1.6661,5.7287,0.4178,0.4957,0.0865,0.4446,0.2266,4.0089,1.7076,0.5143
8,5,200,203,4,2,2,0.5000,201.328,645.328,824.922,12.9263,11.0000,1.3750,0.7518,6.2751,0.7266,0.1136,0.1597,0.9790,0.0404,5.4174,1.7149,0.7344
30,5,200,203,4,10,4,0.1875,200.644,664.960,634.426,21.0990,11.0000,1.6337,2.1807,6.3016,0.9237,0.0498,0.0265,0.0356,0.0419,4.2863,1.7120,0.3119
11,4,200,203,4,4,2,0.3438,200.958,678.125,124.139,12.4112,10.0000,1.5278,1.3051,5.7287,0.6503,0.2726,0.0771,0.8048,0.0233,1.7210,0.5656,0.4861
17,4,200,202,3,4,5,0.2833,200.562,712.667,1086.971,14.5718,8.0000,1.2952,0.6540,4.5829,0.5390,0.1319,0.3291,0.0920,0.8834,2.8643,0.5642,0.3048
47,9,200,204,5,12,5,0.1567,200.988,738.585,637.654,28.9355,14.0000,1.8963,4.9735,8.0202,0.8943,0.0864,0.0193,0.0525,0.0686,4.5649,1.7088,0.5130
9,3,200,203,4,3,2,0.3750,201.388,839.090,857.746,12.7569,13.0000,1.7463,0.6685,7.4160,0.5459,0.1439,0.3101,0.9263,0.1134,2.8622,0.8555,0.5075
10,3,200,202,3,2,3,0.5556,200.954,986.477,778.477,11.7518,10.0000,1.5385,0.7094,5.7169,0.3332,0.3918,0.2751,0.9102,0.2010,3.7151,0.5742,0.4154
4,4,200,202,3,2,1,0.6667,200.735,1271.265,984.000,9.7238,9.0000,1.0588,1.0399,5.1558,0.7500,0.1500,0.1000,0.9487,0.0000,4.2962,0.5729,1.0000
21,5,202,206,5,6,3,0.2333,204.443,1201.136,722.036,17.3312,11.0000,1.6500,1.1839,6.2321,0.6670,0.0546,0.2784,0.1524,0.3319,2.8408,1.1305,0.4429
8,4,203,206,4,2,3,0.3333,204.638,1187.603,642.586,11.6277,10.0000,1.3793,0.8164,5.6656,0.6771,0.1420,0.1808,0.7674,0.2092,3.1242,0.5666,0.6034
60,5,203,206,4,9,11,0.1515,204.550,1188.377,632.154,27.1645,11.0000,1.7790,1.6781,6.2321,0.1512,0.7590,0.0898,0.0460,0.9891,3.9624,1.1345,0.1914
30,4,203,206,4,5,6,0.2500,204.372,1193.383,648.532,19.4753,9.0000,1.4362,0.7538,5.1111,0.3417,0.4426,0.2157,0.0188,0.9923,3.9712,0.5666,0.2287
39,3,203,206,4,5,8,0.2437,204.900,1196.056,681.196,22.6855,10.0000,1.5600,2.8063,5.6656,0.7910,0.1075,0.1015,0.0962,0.9830,2.8315,1.1305,0.2800
27,6,203,206,4,4,5,0.3375,204.398,1201.564,704.061,19.7632,10.0000,1.4917,1.2500,5.6656,0.6442,0.1934,0.1623,0.1464,0.8088,4.5311,0.5720,0.3370
7,4,204,205,2,2,2,0.8750,204.392,1176.412,592.451,10.9368,9.0000,1.2353,0.7904,5.1111,0.0000,0.3318,0.6682,0.8165,0.5774,3.9633,0.5772,0.6471
36,5,204,207,4,7,8,0.1607,205.558,1190.226,854.088,20.4626,10.0000,1.6590,2.1458,5.6518,0.6721,0.2306,0.0973,0.0434,0.9936,2.5496,0.5666,0.2350
35,3,204,206,3,7,8,0.2083,205.080,1196.147,815.147,21.4471,10.0000,1.5625,2.8372,5.6656,0.7497,0.1569,0.0934,0.0042,0.9767,3.9617,0.5720,0.2812
54,5,204,207,4,8,10,0.1688,205.301,1194.743,832.156,26.1171,13.0000,2.0708,0.9317,7.3653,0.6665,0.2405,0.0930,0.0418,0.9991,3.9590,1.6969,0.2596
12,3,204,205,2,5,3,0.4000,204.529,1196.200,693.657,11.4614,8.0000,1.3714,1.3553,4.5432,0.7267,0.1141,0.1592,0.2108,0.9262,2.2690,0.0013,0.3429
46,5,204,207,4,6,8,0.2396,205.302,1195.379,823.478,25.1250,11.0000,1.6811,1.5969,6.2321,0.4668,0.4150,0.1182,0.0082,0.9304,3.9548,0.5701,0.2791
68,4,204,207,4,7,13,0.1868,205.154,1198.279,804.251,29.8064,12.0000,1.8802,0.7791,6.7987,0.8965,0.0580,0.0455,0.0365,0.9505,3.9548,1.6969,0.3272
76,6,204,207,4,8,14,0.1696,204.799,1201.634,766.127,31.6642,13.0000,2.0287,4.3520,7.3653,0.8394,0.1175,0.0430,0.0034,0.9998,3.9726,2.2593,0.2710
54,3,204,207,4,8,9,0.1875,204.883,1200.617,777.705,25.6037,11.0000,1.7892,3.0399,6.2321,0.5399,0.3763,0.0839,0.0362,0.9982,3.9631,1.6981,0.1386
57,7,204,206,3,9,11,0.1919,205.008,1199.947,789.193,26.7893,9.0000,1.4370,4.8140,5.0990,0.8882,0.0802,0.0316,0.0122,0.9568,3.9590,1.6981,0.3277
45,8,204,206,3,7,8,0.2679,204.710,1201.672,736.638,24.7629,10.0000,1.5358,2.8008,5.6790,0.3481,0.5126,0.1393,0.0497,0.9842,2.8436,0.5732,0.3584
29,4,204,206,3,9,5,0.2148,204.755,1202.064,743.016,19.7903,10.0000,1.5426,2.2995,5.6656,0.7135,0.2093,0.0773,0.0038,0.9882,2.8356,0.5706,0.3298
45,3,204,207,4,5,8,0.2812,204.870,1201.750,751.420,23.3170,10.0000,1.6304,2.2974,5.6377,0.5392,0.2974,0.1633,0.1064,0.9697,3.9617,1.6988,0.2174
36,7,204,207,4,6,9,0.1667,205.793,1214.134,834.086,21.8645,9.0000,1.3966,1.5998,5.0990,0.8620,0.0328,0.1052,0.0401,0.9870,3.9534,0.5694,0.4009
42,3,204,207,4,6,9,0.1944,205.515,1222.271,719.214,22.8756,10.0000,1.6031,2.9258,5.6656,0.6973,0.2517,0.0510,0.1331,0.9561,3.9603,1.7024,0.2366
133,10,205,209,5,6,25,0.1773,206.585,193.793,704.485,41.3502,12.0000,1.8888,6.5148,6.7822,0.9760,0.0090,0.0150,0.0054,0.9728,2.8302,1.1254,0.2556
92,6,205,208,4,5,18,0.2556,206.534,213.384,708.457,34.3653,11.0000,1.7329,6.4853,6.2014,0.9650,0.0087,0.0263,0.0104,0.9758,2.8260,1.1261,0.2432
119,6,205,209,5,6,26,0.1526,206.563,213.690,741.720,36.3705,11.0000,1.8620,4.8031,6.2170,0.9747,0.0090,0.0163,0.0061,0.8908,2.8116,1.1261,0.1380
19,4,205,207,3,3,6,0.3519,206.361,214.067,726.471,15.4157,9.0000,1.4370,0.5971,5.0866,0.8476,0.0473,0.1051,0.0461,0.4540,2.8188,1.1247,0.3529
48,6,205,209,5,4,11,0.2182,206.795,214.467,682.480,24.5867,9.0000,1.4305,4.6129,5.0866,0.8625,0.0403,0.0972,0.0066,0.6681,2.8288,1.1211,0.2185
40,3,205,209,5,4,9,0.2222,206.538,215.731,671.021,21.2394,10.0000,1.6807,3.0803,5.6518,0.8325,0.0479,0.1195,0.0767,0.8957,2.2651,0.5694,0.1513
52,4,205,208,4,5,8,0.3250,206.406,227.818,844.708,24.8980,11.0000,1.7987,1.9362,6.2170,0.6809,0.1268,0.1923,0.1075,0.9942,2.8188,1.1247,0.1950
110,9,205,208,4,8,22,0.1562,206.332,231.729,859.280,37.7436,11.0000,1.7261,3.9456,6.2170,0.9779,0.0060,0.0161,0.0088,0.9423,3.9419,1.1239,0.2839
43,4,205,208,4,7,6,0.2560,206.327,258.685,940.965,22.1322,9.0000,1.5058,1.2834,5.0866,0.6975,0.1221,0.1805,0.0517,0.9407,2.2705,1.1204,0.2257
88,5,205,208,4,8,12,0.2292,206.136,274.170,1013.288,32.2215,10.0000,1.6449,4.2934,5.6518,0.6923,0.2469,0.0608,0.0029,0.9863,2.8288,1.1234,0.1271
12,4,205,207,3,2,4,0.5000,206.012,281.205,1027.892,13.5411,11.0000,1.5904,0.9149,6.2170,0.6317,0.1945,0.1738,0.3166,0.1456,2.2580,0.0084,0.4458
76,5,205,207,3,9,13,0.2165,205.856,286.692,994.315,30.0917,10.0000,1.6379,5.5793,5.6518,0.7906,0.1711,0.0382,0.0406,0.9990,3.9534,1.1304,0.1983
21,3,205,207,3,4,5,0.3500,205.956,287.244,1031.926,16.6515,9.0000,1.4000,1.2474,5.0866,0.6559,0.1340,0.2101,0.0532,0.7118,2.8266,1.1241,0.3185
38,5,205,207,3,4,10,0.3167,206.004,298.004,1047.856,20.9952,8.0000,1.3275,3.8559,4.5214,0.9019,0.0341,0.0640,0.0903,0.9690,2.8160,0.5709,0.2096
26,3,205,207,3,5,7,0.2476,205.753,309.858,1028.679,17.9670,9.0000,1.4444,1.9016,5.0990,0.7141,0.1909,0.0951,0.1286,0.9802,2.8295,1.1275,0.2593
56,3,205,207,3,9,11,0.1886,205.825,326.067,1051.240,25.8405,8.0000,1.3099,2.2346,4.5325,0.8318,0.1204,0.0478,0.0068,0.9698,3.9534,1.1290,0.1170
43,4,205,207,3,7,12,0.1706,205.775,352.122,1083.076,22.5939,9.0000,1.4771,2.3580,5.0990,0.9121,0.0545,0.0333,0.0469,0.9962,3.9519,1.1254,0.2214
3,3,205,207,3,1,1,1.0000,206.040,729.000,228.000,8.1567,9.0000,1.0800,0.9600,5.0739,0.8889,0.0000,0.1111,1.0000,0.0000,3.9659,0.5688,1.0000
10,3,205,207,3,4,3,0.2778,205.815,893.385,270.031,11.6223,9.0000,1.3846,0.6432,5.0866,0.6865,0.1787,0.1348,0.0159,0.0502,2.8370,1.1261,0.3846
10,3,205,208,4,2,3,0.4167,206.603,979.466,1097.411,13.0272,10.0000,1.3699,0.7824,5.6377,0.3211,0.3497,0.3292,0.9424,0.3334,3.1126,0.5624,0.4932
7,3,205,207,3,2,2,0.5833,205.638,1015.277,339.277,10.0488,8.0000,1.1915,0.7486,4.5325,0.3772,0.3083,0.3146,0.9758,0.2185,4.5186,1.6941,0.5106
15,3,205,208,4,3,6,0.2083,206.522,1038.533,1047.620,13.4078,9.0000,1.4674,0.7694,5.0739,0.8185,0.0581,0.1235,0.2270,0.1989,2.2690,0.5720,0.2717
9,4,205,208,4,3,2,0.3750,206.391,1118.275,442.290,12.9863,13.0000,1.6957,0.7283,7.3289,0.4635,0.3128,0.2237,0.8462,0.3326,3.3911,0.5679,0.5362
17,3,205,208,4,4,4,0.2656,206.138,1135.789,470.734,14.9359,10.0000,1.5596,1.0863,5.6518,0.5297,0.2301,0.2401,0.6682,0.7173,2.8188,0.5666,0.3303
17,3,205,208,4,4,5,0.2125,206.519,1144.558,487.615,14.2372,10.0000,1.6346,0.9596,5.6377,0.6734,0.1471,0.1795,0.4830,0.8403,2.2705,0.0115,0.2596
24,3,205,208,4,3,6,0.3333,206.050,1157.149,948.348,16.2643,8.0000,1.3617,0.3813,4.5214,0.8237,0.0349,0.1414,0.3719,0.7052,3.3936,1.6934,0.1702
12,4,205,206,2,5,3,0.4000,205.416,1159.156,591.234,12.5807,8.0000,1.2468,0.5016,4.5325,0.5794,0.2273,0.1933,0.2475,0.9514,3.1162,0.5720,0.4156
11,3,205,208,4,3,2,0.4583,206.972,1172.042,555.662,12.0693,9.0000,1.3944,1.0961,5.0739,0.4926,0.2207,0.2866,0.9707,0.1008,2.8188,0.5652,0.3521
24,4,205,208,4,5,5,0.2400,206.066,1178.578,679.048,19.1474,10.0000,1.4458,2.3473,5.6656,0.4323,0.4022,0.1655,0.3273,0.8772,3.1064,0.5666,0.4819
13,3,205,207,3,4,4,0.2708,206.247,1179.160,703.383,12.6891,8.0000,1.2840,0.4829,4.5214,0.7094,0.1693,0.1213,0.0634,0.2364,2.8232,0.5667,0.2963
146,11,205,208,4,8,23,0.1984,205.947,1181.962,718.614,45.0023,11.0000,1.6694,1.6874,6.2170,0.9416,0.0416,0.0168,0.0180,0.9845,3.9617,2.2521,0.2890
89,5,205,208,4,9,10,0.2472,206.107,1181.480,734.856,33.6593,11.0000,1.7420,1.2611,6.2170,0.3900,0.5384,0.0716,0.0980,0.9754,2.8302,1.1246,0.1940
11,4,205,207,3,2,3,0.6111,205.493,1183.425,881.192,12.4551,9.0000,1.3562,0.6785,5.0990,0.2529,0.2766,0.4705,0.5487,0.3460,3.4036,1.1275,0.4521
13,4,205,207,3,4,3,0.3611,206.182,1211.534,843.841,13.7878,9.0000,1.3295,0.5248,5.0866,0.4476,0.3382,0.2142,0.4034,0.3599,3.3826,1.1225,0.3977
38,4,205,208,4,4,11,0.2159,205.766,1219.623,800.799,22.3835,12.0000,1.8689,3.3497,6.7987,0.9135,0.0216,0.0649,0.0482,0.9975,3.9504,1.1283,0.3566
73,15,206,210,5,5,13,0.2246,207.842,179.281,643.314,32.5249,12.0000,1.7733,2.8292,6.7652,0.9456,0.0163,0.0381,0.0432,0.4167,2.8131,1.1202,0.3563
13,3,206,208,3,2,5,0.4333,206.738,203.607,619.869,13.1428,8.0000,1.2381,1.0920,4.5101,0.7627,0.1142,0.1231,0.1973,0.0285,2.8232,0.5594,0.2857
12,3,206,208,3,3,3,0.4444,206.658,210.224,876.737,12.3792,9.0000,1.4211,0.8882,5.0739,0.3721,0.2955,0.3324,0.0300,0.4544,2.2593,0.5609,0.3289
23,3,206,208,3,3,8,0.3194,206.713,227.547,606.647,17.6455,8.0000,1.2267,0.8402,4.5101,0.8193,0.1130,0.0677,0.0348,0.3935,3.3724,0.5683,0.1600
15,3,206,209,4,3,6,0.2083,206.969,236.604,510.896,13.9749,10.0000,1.5625,1.1464,5.6518,0.7489,0.1142,0.1370,0.3826,0.5327,2.8188,0.5679,0.2812
108,9,206,210,5,11,13,0.1510,207.504,293.905,1077.198,37.2199,10.0000,1.5721,2.8073,5.6232,0.5785,0.3568,0.0646,0.0322,0.9893,2.8218,1.1202,0.3028
17,4,206,208,3,3,5,0.3778,206.937,312.613,1096.117,15.1796,9.0000,1.3784,0.4096,5.0739,0.5942,0.1533,0.2526,0.3964,0.8758,2.8280,1.1195,0.2973
82,5,206,209,4,13,9,0.1752,207.646,321.252,1109.642,31.2632,11.0000,1.7932,4.0016,6.1855,0.8674,0.0934,0.0393,0.0562,0.9878,2.8101,1.1159,0.1909
94,5,206,210,5,12,10,0.1567,207.526,328.589,1118.420,33.3313,12.0000,1.9652,1.6085,6.7478,0.5608,0.3532,0.0861,0.1628,0.9835,2.8042,1.1187,0.2178
16,3,206,208,3,4,5,0.2667,207.175,443.398,1205.796,14.5104,9.0000,1.3981,0.6591,5.0739,0.8384,0.0605,0.1011,0.1864,0.8941,2.2580,1.1234,0.2524
7,3,206,208,3,2,3,0.3889,206.638,523.894,257.255,10.0239,9.0000,1.3404,0.6957,5.0866,0.5453,0.2435,0.2112,0.6879,0.1639,2.8174,0.5709,0.5532
12,3,206,208,3,3,3,0.4444,207.026,926.039,306.579,12.3676,8.0000,1.2632,1.1218,4.5101,0.0893,0.5893,0.3214,0.9733,0.2294,2.8231,0.5593,0.3158
8,3,206,208,3,2,2,0.6667,206.776,963.265,279.306,9.7721,8.0000,1.3061,0.8749,4.5214,0.4961,0.2369,0.2670,0.9586,0.0986,2.2586,0.0045,0.4898
15,3,206,207,2,5,4,0.3750,206.571,1063.659,1084.363,13.2605,9.0000,1.4835,1.4535,5.0739,0.6505,0.2341,0.1154,0.0682,0.8818,2.8218,1.1254,0.2747
18,6,206,209,4,5,3,0.3000,207.192,1074.633,361.167,15.9376,11.0000,1.6500,0.4460,6.2014,0.6003,0.0839,0.3158,0.4870,0.6315,2.8217,1.1268,0.4500
5,4,206,207,2,2,2,0.6250,206.575,1081.450,437.875,10.0957,10.0000,1.2500,0.7062,5.6377,0.3432,0.2505,0.4063,0.6059,0.3645,3.9563,1.1246,0.8750
15,3,206,209,4,3,3,0.4167,207.344,1096.271,417.104,13.9616,9.0000,1.4062,0.9970,5.0739,0.3309,0.2984,0.3707,0.3936,0.1888,2.8101,0.5652,0.3542
10,3,206,207,2,3,5,0.3333,206.672,1109.746,470.164,11.9545,10.0000,1.4925,1.3064,5.6518,0.7799,0.1207,0.0994,0.2310,0.9717,3.1022,0.5673,0.3881
10,4,206,209,4,3,3,0.2778,208.056,1122.944,949.915,12.6231,9.0000,1.2676,1.7521,5.0739,0.7670,0.1161,0.1169,0.6015,0.0869,3.6477,0.8412,0.6056
9,3,206,208,3,4,2,0.3750,207.117,1127.767,1006.217,11.2717,9.0000,1.3500,0.3391,5.0739,0.7407,0.0701,0.1892,0.7033,0.3181,2.2679,0.5609,0.4333
15,3,206,209,4,3,4,0.3125,207.167,1157.902,892.980,14.8407,11.0000,1.6176,1.0378,6.2014,0.4535,0.3620,0.1845,0.6450,0.0536,2.8145,0.0029,0.2647
21,3,206,210,5,4,5,0.2100,207.168,1160.511,886.840,16.1086,10.0000,1.6031,1.5192,5.6518,0.7332,0.1285,0.1382,0.5161,0.1420,2.2702,0.0029,0.2595
7,3,206,207,2,3,2,0.5833,206.478,1178.630,949.413,9.8147,8.0000,1.2174,0.8926,4.5214,0.5838,0.0731,0.3431,0.4109,0.7858,2.2580,0.0000,0.5217
9,3,206,208,3,4,3,0.2500,207.158,1187.439,588.333,10.7071,11.0000,1.7368,1.4062,6.2170,0.7775,0.1025,0.1200,0.4388,0.4243,1.6942,0.5594,0.4737
13,3,206,209,4,4,2,0.4062,207.438,1201.325,633.625,12.4946,9.0000,1.4625,0.8875,5.0739,0.5669,0.1920,0.2411,0.5741,0.0357,2.2551,0.5610,0.4250
20,3,206,209,4,6,3,0.2778,207.068,1208.880,574.043,14.7463,8.0000,1.3675,1.4395,4.5214,0.4543,0.4280,0.1177,0.4703,0.7001,2.5419,0.5667,0.2051
33,3,206,209,4,5,6,0.2750,207.328,1226.771,868.602,19.7089,9.0000,1.4776,1.4072,5.0739,0.6556,0.1885,0.1559,0.0097,0.6616,2.8072,0.5726,0.2438
23,4,206,209,4,6,5,0.1917,207.466,1231.324,852.568,17.3769,10.0000,1.5541,0.7138,5.6377,0.7032,0.0827,0.2141,0.1982,0.7752,2.8225,1.1202,0.3108
246,17,207,210,4,6,35,0.2929,207.868,173.580,716.838,56.4135,12.0000,1.8767,9.1727,6.7478,0.9844,0.0085,0.0072,0.0107,0.9999,2.8146,1.1217,0.2734
14,4,207,209,3,3,4,0.3889,208.092,199.133,559.898,14.7243,10.0000,1.4286,1.1138,5.6232,0.5804,0.0891,0.3305,0.2227,0.9121,2.8159,1.1283,0.3776
144,5,207,210,4,10,22,0.1636,208.851,262.099,892.889,41.3773,11.0000,1.7898,0.9195,6.1692,0.9401,0.0429,0.0171,0.0041,0.9927,3.9121,1.1186,0.1785
24,3,207,209,3,4,7,0.2857,208.007,303.128,1094.329,17.1020,9.0000,1.4497,1.6720,5.0739,0.7798,0.0362,0.1839,0.1186,0.5905,2.8087,0.5563,0.2349
27,3,207,209,3,7,8,0.1607,208.271,355.471,1055.759,18.3838,10.0000,1.5882,2.5553,5.6232,0.6253,0.3078,0.0669,0.0368,0.9765,2.8146,1.1187,0.2000
15,4,207,209,3,3,4,0.4167,207.938,359.959,1060.948,14.0854,9.0000,1.3918,0.0905,5.0608,0.5174,0.1225,0.3600,0.2921,0.4813,2.8109,0.2834,0.3505
12,3,207,210,4,3,3,0.3333,208.506,514.714,216.078,12.4823,9.0000,1.4026,0.5867,5.0608,0.5218,0.2027,0.2755,0.8125,0.5092,2.8101,1.4004,0.3377
4,3,207,208,2,1,2,1.0000,207.500,639.000,939.469,9.0086,9.0000,1.1250,0.6854,5.0608,0.0000,0.7500,0.2500,0.0000,0.0000,5.0732,2.2514,0.7812
8,3,207,209,3,2,2,0.6667,208.074,863.611,278.648,10.7334,9.0000,1.3333,0.7090,5.0608,0.3463,0.4131,0.2406,0.9921,0.1255,3.0905,0.5623,0.4815
6,3,207,209,3,2,2,0.5000,207.932,891.341,714.114,10.1025,10.0000,1.3636,0.3658,5.6232,0.5230,0.1584,0.3185,0.9225,0.0898,4.7848,1.6868,0.6136
13,3,207,209,3,3,3,0.4815,208.100,933.200,244.775,12.4731,9.0000,1.4625,0.8370,5.0608,0.2749,0.4251,0.3000,0.8957,0.3653,1.7033,0.5563,0.3125
8,3,207,209,3,2,3,0.4444,207.552,973.897,1103.966,11.5442,12.0000,1.6552,0.5624,6.7652,0.4400,0.3446,0.2154,0.5824,0.2130,2.8174,0.8412,0.5172
12,3,207,210,4,5,2,0.3000,208.766,1002.351,281.857,12.4737,11.0000,1.7143,0.4450,6.1692,0.7913,0.1091,0.0997,0.5198,0.1868,2.8071,0.5698,0.3506
11,3,207,209,3,2,4,0.4583,208.203,1071.841,1106.319,11.6922,8.0000,1.2754,0.4102,4.4985,0.4642,0.3650,0.1708,0.0414,0.1061,2.8174,0.5595,0.3478
16,3,207,209,3,3,5,0.3556,207.722,1108.583,996.917,15.1933,9.0000,1.3333,2.0226,5.0608,0.6719,0.0023,0.3258,0.1254,0.4293,3.0919,0.5609,0.3148
5,3,207,208,2,3,1,0.8333,207.382,1150.059,455.000,8.5638,8.0000,1.1765,1.1257,4.5101,0.5854,0.2927,0.1220,0.3162,0.0000,3.9348,-0.2789,0.7059
14,3,207,209,3,5,3,0.3111,208.080,1154.648,1033.864,13.2222,10.0000,1.5909,0.3860,5.6232,0.7567,0.1511,0.0922,0.1186,0.1292,2.8116,0.5601,0.2955
11,3,207,210,4,4,3,0.2292,208.352,1165.310,337.803,12.0263,9.0000,1.3944,0.5088,5.0608,0.3967,0.4435,0.1597,0.5207,0.3556,3.9332,1.1224,0.4648
27,7,207,210,4,5,7,0.1929,208.435,1180.349,992.108,20.1051,13.0000,1.8871,0.5686,7.3101,0.7062,0.0546,0.2392,0.1390,0.1843,2.8233,0.5623,0.4301
7,3,207,209,3,3,2,0.3889,208.302,1212.415,515.887,11.2553,10.0000,1.3208,0.6679,5.6232,0.6188,0.1635,0.2176,0.6691,0.0458,3.9434,1.6832,0.5472
12,4,207,209,3,4,3,0.3333,208.562,1217.250,540.112,12.9668,10.0000,1.5000,0.5163,5.6083,0.7469,0.1301,0.1230,0.2144,0.4468,3.0981,1.6794,0.4250
10,3,207,209,3,5,2,0.3333,208.077,1232.954,564.369,11.5559,10.0000,1.5385,0.6371,5.6232,0.7912,0.0772,0.1316,0.0752,0.0674,2.5370,0.5608,0.4154
10,3,208,210,3,3,3,0.3704,208.683,146.167,714.517,10.6499,8.0000,1.3333,0.8534,4.4985,0.1412,0.1708,0.6880,0.6325,0.5956,1.6929,0.5563,0.4000
34,5,208,210,3,5,7,0.3238,208.972,168.884,593.098,20.6804,10.0000,1.5814,0.8895,5.6083,0.8221,0.0284,0.1495,0.1337,0.2068,2.8027,0.2834,0.2233
52,4,208,212,5,7,8,0.1857,209.438,172.026,578.675,23.9254,10.0000,1.6883,2.1606,5.5932,0.8143,0.0398,0.1460,0.1224,0.4981,2.2507,0.2842,0.1948
196,7,208,212,5,6,31,0.2108,209.512,233.737,743.962,49.1244,10.0000,1.5961,6.3040,5.6083,0.9771,0.0117,0.0112,0.0079,0.9899,3.9105,1.1155,0.2402
62,6,208,211,4,6,12,0.2153,209.497,234.269,691.256,28.0251,11.0000,1.7310,2.8835,6.1525,0.8411,0.0980,0.0609,0.0495,0.9736,2.7981,1.1110,0.2437
165,6,208,212,5,6,32,0.1719,209.490,233.054,713.993,43.9950,11.0000,1.7988,5.4229,6.1525,0.9812,0.0092,0.0096,0.0016,0.9734,2.7997,1.1186,0.2101
97,5,208,212,5,6,19,0.1702,209.683,235.694,674.593,34.0461,10.0000,1.6194,7.6309,5.5932,0.9640,0.0129,0.0231,0.0392,0.9442,2.7997,0.5653,0.2087
44,6,208,211,4,5,8,0.2750,209.573,281.238,1099.943,23.7211,10.0000,1.5658,1.2257,5.6083,0.8341,0.0131,0.1527,0.0305,0.1825,2.2495,0.5578,0.3310
114,7,208,211,4,12,13,0.1827,209.058,346.573,1162.869,35.1868,11.0000,1.8716,4.6424,6.1692,0.7116,0.2446,0.0438,0.0196,0.9794,2.2523,1.1187,0.1657
105,4,208,211,4,12,14,0.1562,209.089,389.585,1197.672,33.6514,10.0000,1.7073,0.5365,5.6083,0.7081,0.2602,0.0317,0.0266,0.9867,2.2500,0.5624,0.1659
16,3,208,210,3,4,5,0.2667,209.163,1078.760,340.356,14.5751,9.0000,1.3846,1.8186,5.0475,0.8176,0.0804,0.1021,0.0906,0.4777,3.0732,0.5593,0.3173
6,3,208,210,3,4,1,0.5000,209.143,1125.500,311.000,9.6125,9.0000,1.2857,0.5200,5.0475,0.7556,0.1778,0.0667,0.5145,0.0000,4.7677,1.6840,0.5952
10,3,208,210,3,3,4,0.2778,208.721,1148.529,1046.941,12.0687,9.0000,1.3235,1.3645,5.0608,0.6119,0.2404,0.1478,0.0576,0.4037,2.8139,0.5616,0.5000
7,3,208,210,3,3,1,0.7778,209.000,1181.114,461.000,9.3268,8.0000,1.2727,1.1136,4.4867,0.3567,0.5477,0.0956,0.5505,0.0000,2.2554,1.6780,0.5455
8,3,208,210,3,3,2,0.4444,209.034,1180.224,514.172,11.4993,12.0000,1.6552,0.2849,6.7300,0.1636,0.4950,0.3414,0.9148,0.3159,2.5229,0.0014,0.5000
18,3,208,210,3,7,4,0.2143,209.068,1222.299,948.017,15.4632,10.0000,1.5385,1.2371,5.6083,0.8156,0.0818,0.1027,0.0698,0.9518,2.8072,1.1186,0.3077
12,3,208,210,3,4,3,0.3333,208.456,1236.316,572.228,12.8083,12.0000,1.8228,0.9963,6.7300,0.5844,0.1065,0.3091,0.1551,0.2886,3.6513,1.6898,0.3671
17,3,208,212,5,5,4,0.1700,209.248,1238.089,904.683,13.7286,8.0000,1.3465,1.4251,4.4985,0.8444,0.0167,0.1388,0.6153,0.3003,2.8042,0.5638,0.2376
11,3,208,211,4,4,2,0.3438,209.514,1240.792,635.458,12.1579,9.0000,1.3750,1.0882,5.0475,0.6916,0.1768,0.1316,0.5910,0.2665,3.0663,0.2789,0.3472
11,3,208,209,2,4,4,0.3438,208.300,1245.513,612.850,13.5528,11.0000,1.5125,0.6125,6.1855,0.6901,0.1966,0.1133,0.0003,0.7743,2.8116,0.5593,0.3875
16,3,208,211,4,4,3,0.3333,208.952,1249.800,856.152,14.7234,9.0000,1.3714,0.8158,5.0475,0.5987,0.1494,0.2520,0.6730,0.6818,3.3650,0.5624,0.2381
5,3,208,210,3,2,1,0.8333,208.775,1257.575,780.000,10.0384,11.0000,1.3750,0.4809,6.1692,0.5854,0.2927,0.1220,0.9487,0.0000,3.9273,0.5653,0.7000
5,3,208,210,3,2,1,0.8333,208.667,1257.361,822.000,9.0371,9.0000,1.2500,0.7582,5.0608,0.5854,0.2927,0.1220,0.9487,0.0000,3.9377,0.0000,0.7222
16,4,208,210,3,3,7,0.2540,208.468,1259.459,805.946,15.5849,11.0000,1.5856,1.2122,6.1692,0.8565,0.0387,0.1049,0.0153,0.4515,4.2092,1.6839,0.4054
33,5,209,211,3,4,8,0.3438,209.657,237.540,655.621,19.2960,10.0000,1.6667,2.5102,5.6083,0.8490,0.0504,0.1006,0.0371,0.7549,2.2448,1.1171,0.2222
18,4,209,212,4,3,4,0.3750,209.843,243.983,621.070,15.1669,10.0000,1.5652,0.1722,5.5932,0.3498,0.4037,0.2465,0.4688,0.5209,2.7981,0.0091,0.2957
9,3,209,211,3,2,4,0.3750,209.902,774.393,274.852,11.3758,10.0000,1.4754,0.4316,5.5932,0.6054,0.2195,0.1751,0.2730,0.5087,2.2526,0.5562,0.4426
18,4,209,213,5,4,3,0.3000,210.850,835.398,293.009,14.8618,9.0000,1.4336,0.9383,5.0339,0.2563,0.2253,0.5184,0.9464,0.2060,2.7889,0.5601,0.3097
6,3,209,211,3,2,2,0.5000,209.698,978.558,232.860,9.8266,10.0000,1.3953,0.8375,5.6083,0.3810,0.3333,0.2857,0.9487,0.1690,3.3544,0.5608,0.6047
8,4,209,210,2,3,2,0.6667,209.368,1019.070,267.544,11.2909,10.0000,1.4035,1.1385,5.6083,0.5524,0.0893,0.3583,0.3251,0.6280,3.0793,0.0031,0.5965
7,3,209,211,3,2,2,0.5833,210.000,1019.868,271.396,11.2041,10.0000,1.3208,0.4177,5.5932,0.4600,0.2645,0.2756,1.0000,0.0000,2.8103,0.5500,0.4906
10,4,209,212,4,3,3,0.2778,210.231,1115.062,554.077,11.4892,10.0000,1.5385,1.3132,5.5777,0.7388,0.0538,0.2073,0.7030,0.6830,2.2464,0.5546,0.5385
6,3,209,211,3,2,3,0.3333,209.905,1140.833,1033.476,9.5927,8.0000,1.1429,0.5134,4.4745,0.2963,0.4815,0.2222,0.5345,0.3145,3.6317,0.5593,0.5714
29,3,209,212,4,8,6,0.1510,210.410,1143.888,622.702,19.5038,11.0000,1.6968,2.0993,6.1355,0.6558,0.1838,0.1603,0.1414,0.9811,2.7997,1.1179,0.2394
22,3,209,211,3,5,5,0.2933,210.319,1151.736,644.090,17.1563,10.0000,1.5278,0.4241,5.5932,0.4318,0.3218,0.2464,0.0555,0.9634,2.7981,0.5609,0.2500
5,3,209,211,3,2,1,0.8333,210.079,1153.632,399.000,9.5029,10.0000,1.3158,0.3768,5.5932,0.5854,0.2927,0.1220,0.9487,0.0000,3.9273,0.5586,0.7105
5,3,209,211,3,2,2,0.4167,210.306,1184.167,485.306,8.9971,9.0000,1.2500,0.4631,5.0339,0.6999,0.1281,0.1720,0.8684,0.1395,3.3498,0.0015,0.6944
10,3,209,210,2,3,4,0.4167,209.403,1228.403,933.542,12.7554,9.0000,1.2500,0.8538,5.0475,0.5702,0.1372,0.2926,0.1603,0.9794,3.3665,0.5608,0.4583
8,3,209,212,4,3,3,0.2222,210.211,1251.351,695.000,11.2649,10.0000,1.4035,0.4092,5.5932,0.5021,0.2746,0.2233,0.9403,0.3172,2.8089,-0.5547,0.4737
64,8,210,214,5,6,10,0.2133,211.683,134.793,680.817,29.2261,11.0000,1.6762,2.2971,6.1355,0.8394,0.0437,0.1169,0.0060,0.9980,2.7889,1.1045,0.2762
31,5,210,213,4,5,6,0.2583,211.620,136.371,666.854,20.5004,11.0000,1.6634,1.3547,6.1355,0.6357,0.0558,0.3084,0.0065,0.3479,2.2407,0.5546,0.3854
115,9,210,214,5,6,21,0.1825,211.829,139.329,638.968,36.7899,10.0000,1.6220,1.2433,5.5620,0.9587,0.0223,0.0191,0.0114,0.9578,2.7826,1.1076,0.1890
17,4,210,212,3,3,6,0.3148,211.212,210.889,421.394,13.3845,9.0000,1.5455,0.6517,5.0199,0.7327,0.1158,0.1515,0.1431,0.4295,1.6813,0.5632,0.3333
72,5,210,213,4,9,11,0.1818,211.626,261.607,1097.913,27.8873,8.0000,1.3553,4.7434,4.4622,0.8683,0.0836,0.0481,0.0590,0.9819,2.7810,0.5546,0.1506
35,12,210,213,4,5,6,0.2917,211.436,267.072,1105.254,22.2226,10.0000,1.4831,0.5102,5.5777,0.4996,0.1909,0.3095,0.0088,0.9078,2.2500,0.5627,0.4407
104,6,210,213,4,13,13,0.1538,211.668,272.615,1112.768,34.5557,9.0000,1.4787,2.4882,5.0199,0.6513,0.3058,0.0429,0.0126,0.9906,2.7826,1.1093,0.1548
101,6,210,214,5,12,9,0.1870,211.634,279.337,1121.934,34.4034,10.0000,1.6264,3.2859,5.5777,0.5881,0.3391,0.0729,0.0278,0.9611,2.7826,1.1045,0.1997
74,4,210,214,5,7,12,0.1762,211.773,326.974,1171.196,29.6960,12.0000,1.9346,3.8353,6.6932,0.7268,0.2178,0.0555,0.1216,0.9893,2.7818,1.1029,0.1961
58,5,210,214,5,7,11,0.1506,211.663,343.651,1185.870,25.3661,9.0000,1.5043,3.3771,5.0199,0.7577,0.1837,0.0586,0.1149,0.9911,2.5107,1.1045,0.2133
67,6,210,213,4,9,10,0.1861,211.564,363.514,1201.496,27.1454,10.0000,1.6792,1.6795,5.5777,0.5657,0.3717,0.0626,0.0422,0.9794,2.2327,1.1069,0.1980
82,3,210,213,4,10,12,0.1708,211.631,383.739,1216.383,30.1892,9.0000,1.5031,3.8559,5.0199,0.8003,0.1586,0.0412,0.0447,0.9843,2.7826,1.1045,0.1365
15,3,210,213,4,3,6,0.2083,211.307,429.295,224.330,12.6622,9.0000,1.5341,1.0198,5.0199,0.7037,0.2302,0.0662,0.2025,0.0363,2.2327,1.1045,0.2955
17,3,210,212,3,5,4,0.2833,210.776,796.561,281.714,13.2655,9.0000,1.5612,1.5246,5.0058,0.4178,0.1643,0.4179,0.1817,0.9757,2.2388,0.5601,0.2551
9,3,210,212,3,2,3,0.5000,210.836,867.230,303.525,11.3464,8.0000,1.1803,1.0133,4.4745,0.2513,0.4614,0.2873,0.7729,0.1472,2.7889,0.5500,0.3934
5,3,210,212,3,1,2,0.8333,211.184,899.000,213.579,9.4738,9.0000,1.1842,0.4596,5.0199,0.5854,0.2927,0.1220,0.9487,0.0000,3.8934,0.5562,0.6579
5,3,210,211,2,2,2,0.6250,210.629,1085.371,499.286,8.7395,9.0000,1.2857,0.5980,5.0199,0.2938,0.4054,0.3007,0.7071,0.6739,3.9044,1.1155,0.7143
12,3,210,212,3,4,4,0.2500,210.789,1106.711,540.908,12.2442,10.0000,1.5789,1.3198,5.5777,0.6923,0.1840,0.1237,0.0760,0.6957,2.5154,0.5593,0.3684
5,3,210,212,3,2,2,0.4167,210.912,1109.853,817.382,8.4831,8.0000,1.1765,0.9996,4.4745,0.5461,0.2256,0.2283,0.8117,0.4177,3.9076,0.2836,0.7059
13,3,210,213,4,4,3,0.2708,210.889,1117.067,378.767,13.9268,10.0000,1.4444,1.0975,5.5777,0.5095,0.3908,0.0997,0.4429,0.1522,3.3574,1.1116,0.4000
8,3,210,212,3,3,2,0.4444,210.673,1119.982,570.218,10.8559,9.0000,1.3091,1.2397,5.0339,0.3199,0.4711,0.2090,0.0168,0.1920,3.0740,1.6670,0.4727
13,3,210,211,2,5,4,0.3250,210.558,1150.140,636.209,13.3203,11.0000,1.6628,0.5084,6.1355,0.7756,0.0861,0.1383,0.0316,0.7970,2.7920,0.5655,0.4186
17,3,210,212,3,7,3,0.2698,210.566,1156.195,667.938,15.3049,9.0000,1.3540,1.8931,5.0339,0.8144,0.0830,0.1025,0.0793,0.8806,3.9105,1.6771,0.4513
19,3,210,211,2,4,5,0.4750,210.276,1159.681,685.698,14.8733,9.0000,1.4741,0.5185,5.0339,0.4065,0.4183,0.1752,0.0106,0.9975,2.7904,1.6779,0.2241
30,3,210,212,3,6,8,0.2083,210.696,1160.031,694.199,19.4667,9.0000,1.4136,1.2094,5.0339,0.6485,0.2695,0.0821,0.0262,0.9389,2.7997,0.5609,0.2618
95,6,210,213,4,8,18,0.1649,211.464,1160.714,782.030,32.9187,11.0000,1.8142,5.0003,6.1355,0.9324,0.0415,0.0261,0.0165,0.9585,2.7826,0.5624,0.2170
9,4,210,213,4,3,2,0.3750,211.689,1160.787,402.197,11.3191,9.0000,1.3279,1.3432,4.9913,0.3540,0.3480,0.2980,0.9863,0.1535,3.3364,0.5609,0.5410
24,4,210,213,4,6,4,0.2500,211.513,1162.468,759.590,17.7354,11.0000,1.6923,0.8299,6.1181,0.7145,0.0344,0.2511,0.1457,0.4359,2.7912,0.5593,0.2372
48,6,210,213,4,6,13,0.1538,211.013,1163.159,746.795,24.3120,11.0000,1.7483,4.4782,6.1525,0.9169,0.0512,0.0319,0.0099,0.9886,2.7826,0.5624,0.2748
23,3,210,213,4,5,6,0.1917,211.389,1162.632,767.021,16.7291,9.0000,1.4375,0.7423,5.0199,0.6849,0.1572,0.1579,0.2879,0.9462,2.7889,0.5624,0.2292
15,6,210,212,3,4,4,0.3125,211.321,1162.714,772.223,16.1151,13.0000,1.7411,0.4845,7.2510,0.3248,0.2516,0.4236,0.0761,0.9534,2.7842,0.5609,0.5357
8,4,210,212,3,3,4,0.2222,211.000,1164.123,736.842,11.2404,11.0000,1.5439,1.1644,6.1355,0.7401,0.1187,0.1412,0.0000,0.0000,3.3482,1.1171,0.6316
15,3,210,213,4,5,3,0.2500,211.380,1172.163,418.120,13.2351,8.0000,1.3043,0.4308,4.4622,0.7029,0.1868,0.1102,0.3642,0.2833,2.7779,0.0031,0.2609
9,3,210,212,3,5,2,0.3000,210.600,1249.415,821.923,12.0983,11.0000,1.5231,0.5818,6.1355,0.8643,0.0802,0.0556,0.2775,0.0819,3.3559,0.5601,0.4615
18,4,210,212,3,5,6,0.2000,211.577,1282.350,746.976,16.1441,10.0000,1.4634,1.2464,5.5620,0.9057,0.0338,0.0606,0.0572,0.2834,3.8996,0.5586,0.4390
35,5,211,213,3,5,7,0.3333,211.828,135.568,672.476,21.3514,11.0000,1.6960,1.5935,6.1181,0.7576,0.1381,0.1043,0.1059,0.8264,2.2312,0.5546,0.2819
34,4,211,213,3,6,6,0.3148,211.818,137.374,653.117,20.4231,13.0000,2.0654,1.2933,7.2305,0.7712,0.0719,0.1568,0.0641,0.8913,2.7826,1.1093,0.1776
17,3,211,213,3,3,5,0.3778,211.912,152.020,580.824,13.7628,9.0000,1.5000,1.2288,5.0199,0.6426,0.2271,0.1303,0.2864,0.3277,2.7682,0.5481,0.2549
14,3,211,213,3,2,5,0.4667,211.911,863.522,1194.233,13.3817,9.0000,1.4000,0.9077,5.0058,0.6541,0.1978,0.1481,0.2783,0.1184,2.7794,0.5530,0.4556
6,4,211,212,2,2,2,0.7500,211.604,1003.521,380.729,10.9114,10.0000,1.2500,0.8173,5.5777,0.2000,0.3333,0.4667,0.7071,0.7071,3.8934,1.1084,0.7292
21,3,211,214,4,7,5,0.1500,212.319,1132.252,904.052,16.3700,10.0000,1.5556,0.8148,5.5620,0.8445,0.0168,0.1387,0.2589,0.8811,2.7730,1.1027,0.2667
67,7,211,214,4,7,15,0.1595,212.070,1142.804,873.980,30.2313,12.0000,1.8067,3.2114,6.6743,0.8999,0.0547,0.0453,0.0602,0.9679,2.7842,0.5578,0.2876
9,4,211,212,2,3,3,0.5000,211.774,1139.048,1100.419,11.5021,10.0000,1.4516,0.4787,5.5620,0.0093,0.5191,0.4716,0.1327,0.9912,2.2407,0.0000,0.5806
30,3,211,213,3,7,4,0.3571,211.918,1149.449,847.020,19.9075,10.0000,1.5306,1.5599,5.5459,0.7407,0.0559,0.2034,0.1045,0.9796,2.2440,0.5627,0.2653
32,7,211,213,3,8,5,0.2667,211.814,1151.381,842.005,20.6584,11.0000,1.6762,1.0229,6.1355,0.7696,0.0762,0.1542,0.0472,0.9051,2.7857,1.1060,0.3619
33,10,211,214,4,6,6,0.2292,211.978,1152.161,837.214,21.6890,11.0000,1.6205,1.4018,6.1181,0.5789,0.1912,0.2299,0.3120,0.9120,2.7873,0.2829,0.3973
28,8,211,215,5,6,4,0.2333,212.344,1153.033,832.071,19.2157,9.0000,1.3770,2.3837,5.0199,0.5848,0.1842,0.2310,0.3234,0.0779,2.7904,0.5593,0.4044
19,4,211,213,3,6,3,0.3519,211.672,1154.836,823.500,15.5816,10.0000,1.5574,1.4341,5.5777,0.6928,0.1229,0.1842,0.0891,0.9890,2.2407,0.5594,0.3443
29,3,211,214,4,7,3,0.3452,212.214,1153.610,827.813,18.7856,10.0000,1.5934,1.8552,5.5777,0.8520,0.0218,0.1262,0.3560,0.4640,2.7786,1.1011,0.2363
5,3,211,212,2,3,1,0.8333,211.457,1192.800,511.000,8.7192,8.0000,1.1429,0.4990,4.4622,0.5854,0.2927,0.1220,0.3162,0.0000,5.0065,1.6670,0.6857
4,3,211,213,3,1,2,0.6667,211.871,1195.000,1012.581,8.6241,9.0000,1.1613,0.9667,5.0199,0.7576,0.1294,0.1129,0.8507,0.0000,4.1707,1.1116,0.8387
6,3,211,213,3,2,1,1.0000,212.109,1227.478,510.000,10.4416,10.0000,1.3043,0.5329,5.5620,0.5556,0.3333,0.1111,1.0000,0.0000,3.8821,0.5578,0.6087
3,3,211,213,3,1,1,1.0000,211.963,1243.000,569.000,8.6710,10.0000,1.1111,0.0370,5.5620,0.8889,0.0000,0.1111,1.0000,0.0000,3.9075,0.0032,1.0000
5,3,211,213,3,2,2,0.4167,211.921,1245.789,567.132,9.4541,12.0000,1.5789,0.2605,6.6743,0.4138,0.1655,0.4207,1.0000,0.0000,3.8926,0.5546,0.7368
9,3,211,214,4,3,2,0.3750,212.655,1250.741,779.190,10.7327,10.0000,1.5517,0.4709,5.5459,0.2913,0.4709,0.2378,0.9434,0.0324,2.7730,0.5522,0.4483
9,4,211,213,3,3,3,0.3333,211.818,1253.576,576.682,12.2425,12.0000,1.6364,1.0498,6.6932,0.5357,0.1294,0.3348,0.3640,0.5345,3.3498,0.5546,0.5455
14,4,211,213,3,4,3,0.3889,212.041,1259.153,901.918,14.5658,9.0000,1.2857,1.3443,5.0199,0.7013,0.0836,0.2151,0.4208,0.1268,3.3349,0.0048,0.3469
14,3,211,214,4,7,2,0.2500,212.652,1258.446,624.804,13.6499,9.0000,1.3696,2.2768,5.0199,0.8677,0.0895,0.0428,0.1418,0.3202,3.0511,0.5578,0.2826
8,4,211,213,3,3,2,0.4444,211.736,1262.075,605.906,10.4299,8.0000,1.2075,0.7457,4.4622,0.4479,0.3131,0.2390,0.5093,0.1254,3.3419,0.5530,0.6038
7,3,211,213,3,3,2,0.3889,211.837,1261.735,879.898,10.3056,10.0000,1.4286,0.7595,5.5620,0.3360,0.4853,0.1787,0.2144,0.2670,3.3276,0.0032,0.5510
15,4,211,213,3,3,4,0.4167,212.089,1266.574,874.911,14.5006,12.0000,1.7822,1.2345,6.6743,0.5431,0.1007,0.3562,0.0519,0.2827,2.7730,1.1043,0.3762
15,5,211,214,4,5,2,0.3750,212.284,1266.009,869.404,15.6404,11.0000,1.5138,2.0512,6.1181,0.7317,0.1567,0.1116,0.3047,0.0945,3.3260,0.5530,0.4220
44,6,211,213,3,7,9,0.2328,211.856,1273.074,841.468,23.8228,10.0000,1.5493,1.5403,5.5620,0.6586,0.2497,0.0917,0.0862,0.9961,3.8996,0.5626,0.3239
23,6,211,215,5,5,4,0.2300,212.282,1271.886,848.852,17.2658,8.0000,1.2349,1.9126,4.4496,0.2289,0.4688,0.3023,0.7350,0.5601,2.7953,0.8350,0.3221
10,3,211,213,3,3,2,0.5556,211.776,1274.851,671.627,11.7916,8.0000,1.1940,0.8740,4.4622,0.4632,0.2914,0.2454,0.6221,0.4428,3.3371,0.5562,0.3582
27,3,211,213,3,6,8,0.1875,211.685,1279.531,689.963,17.3559,10.0000,1.6667,1.7846,5.5620,0.8878,0.0494,0.0628,0.0745,0.9895,3.3363,0.5609,0.2160
6,3,211,213,3,2,2,0.5000,212.182,1277.295,750.750,9.9856,9.0000,1.2273,0.4276,5.0058,0.4074,0.2455,0.3471,0.9369,0.3292,3.0695,0.0032,0.5909
5,3,211,212,2,2,2,0.6250,211.439,1279.512,674.878,10.2145,11.0000,1.3415,0.7694,6.1181,0.3432,0.2505,0.4063,0.6059,0.3645,4.4678,0.0031,0.7073
4,3,211,212,2,2,1,1.0000,211.467,1280.567,684.000,8.3555,9.0000,1.2000,0.6872,5.0058,0.0000,0.7500,0.2500,1.0000,0.0000,3.9060,0.0000,0.8333
21,3,211,213,3,4,4,0.4375,211.906,1281.622,737.528,15.4182,10.0000,1.6535,1.6521,5.5620,0.4351,0.2378,0.3271,0.0338,0.8691,2.7826,0.5594,0.2677
17,6,211,213,3,4,3,0.4722,211.642,1282.075,765.875,16.2040,11.0000,1.5583,1.2582,6.1355,0.2472,0.3598,0.3931,0.0834,0.9341,3.8996,1.6613,0.5417
10,3,211,212,2,4,3,0.4167,211.556,1282.319,752.181,12.6796,11.0000,1.5278,1.0403,6.1355,0.2560,0.3345,0.4095,0.1360,0.9764,3.3435,0.5562,0.5139
15,3,212,215,4,5,3,0.2500,213.078,1103.067,962.956,12.8844,9.0000,1.5000,1.0704,4.9913,0.3810,0.4557,0.1633,0.4748,0.1267,2.2280,0.5530,0.2778
10,3,212,214,3,4,3,0.2778,213.014,1214.716,1014.324,12.9773,12.0000,1.6216,0.4312,6.6551,0.5981,0.1148,0.2870,0.3723,0.8874,3.3316,0.5562,0.4865
9,3,212,213,2,3,3,0.5000,212.328,1228.690,982.879,10.7430,8.0000,1.2414,1.1645,4.4496,0.7250,0.0505,0.2245,0.0294,0.5400,2.7826,1.1116,0.4138
5,3,212,214,3,3,1,0.5556,213.111,1275.306,710.000,8.9258,8.0000,1.1111,1.3103,4.4496,0.8123,0.1108,0.0769,0.7071,0.0000,3.8805,0.5562,0.6667
13,4,213,216,4,2,3,0.5417,214.573,848.438,166.831,13.6259,9.0000,1.3146,1.8324,4.9913,0.6133,0.1856,0.2011,0.8296,0.3291,3.2945,0.5562,0.4719
8,3,213,215,3,3,2,0.4444,214.091,926.618,339.091,10.7496,10.0000,1.4545,0.4029,5.5296,0.5868,0.2488,0.1644,0.8431,0.1469,4.1513,1.6588,0.4909
7,3,213,215,3,3,2,0.3889,214.135,1054.962,1045.904,10.8636,10.0000,1.3462,0.9757,5.5296,0.7514,0.0882,0.1604,0.6022,0.1549,4.4212,1.6489,0.5577
3,3,213,214,2,2,1,0.7500,213.286,1204.679,441.000,8.9579,11.0000,1.1786,0.4301,6.1005,0.5333,0.2667,0.2000,0.7071,0.0000,4.1636,0.5562,1.0000
27,4,214,217,4,4,8,0.2109,215.428,115.084,674.048,17.5897,9.0000,1.4639,1.5676,4.9618,0.7896,0.0545,0.1559,0.0353,0.9489,2.7525,0.5564,0.1988
108,5,214,218,5,5,18,0.2400,215.909,113.761,708.661,34.8103,9.0000,1.4772,4.4980,4.9618,0.9527,0.0127,0.0346,0.0099,0.9999,2.7449,0.5497,0.1535
46,3,214,218,5,4,9,0.2556,215.818,124.939,607.889,22.7035,12.0000,1.9714,1.2097,6.6158,0.8410,0.0504,0.1086,0.0252,0.5058,2.7364,0.8210,0.1607
33,4,214,216,3,9,7,0.1746,215.492,318.503,1188.675,18.3031,9.0000,1.5550,0.9752,4.9618,0.7659,0.1716,0.0625,0.0090,0.9998,2.2036,0.5479,0.1780
57,4,214,216,3,11,8,0.2159,214.789,369.280,1043.620,25.5742,11.0000,1.7914,3.0207,6.0826,0.4772,0.4576,0.0653,0.1081,0.9917,3.2961,1.0993,0.2486
12,3,214,217,4,2,5,0.3000,214.959,564.932,164.378,11.7784,10.0000,1.6216,0.6266,5.5131,0.7774,0.1572,0.0654,0.4933,0.1149,2.2094,0.5513,0.4595
7,3,214,216,3,2,3,0.3889,215.224,774.673,701.796,10.2034,9.0000,1.2857,0.7387,4.9618,0.6788,0.0891,0.2320,0.7451,0.6669,4.3988,1.1026,0.5306
33,3,214,218,5,4,10,0.1650,215.938,837.424,1160.538,20.0962,9.0000,1.4143,2.7424,4.9315,0.9195,0.0358,0.0446,0.2827,0.1941,3.8558,1.6489,0.2333
3,3,214,215,2,2,1,0.7500,214.385,1113.308,442.000,8.2911,10.0000,1.1538,0.6880,5.5131,0.5333,0.2667,0.2000,0.7071,0.0000,4.9767,1.6556,1.0000
34,4,214,217,4,8,7,0.1518,216.099,1300.771,713.601,21.0140,11.0000,1.6771,0.8740,6.0460,0.7380,0.1645,0.0975,0.0220,0.9879,2.7533,1.6438,0.3632
115,7,215,218,4,6,16,0.2995,215.901,113.436,724.034,35.7346,9.0000,1.4849,3.0880,4.9467,0.8909,0.0692,0.0399,0.0147,0.9863,2.7380,1.0925,0.1980
242,6,215,218,4,8,37,0.2044,215.967,114.145,751.593,51.5189,10.0000,1.6598,9.5938,5.4964,0.9818,0.0121,0.0061,0.0076,0.9884,2.7499,1.0909,0.1269
51,3,215,217,3,4,10,0.4250,215.810,114.813,683.694,23.8728,9.0000,1.4806,1.8864,4.9618,0.8472,0.0640,0.0888,0.0425,0.9878,2.7465,1.0960,0.1355
25,5,215,217,3,5,6,0.2778,215.987,114.197,695.750,16.7096,9.0000,1.4803,1.4129,4.9467,0.7040,0.1126,0.1835,0.1078,0.8216,1.6641,0.5530,0.2763
6,3,215,217,3,1,2,1.0000,215.955,175.000,458.500,9.8744,8.0000,1.0909,1.0776,4.4105,0.5556,0.3333,0.1111,1.0000,0.0000,3.0357,0.5404,0.5455
537,24,215,219,5,10,70,0.1534,216.447,253.621,739.234,82.0241,14.0000,2.1710,0.6309,7.6949,0.9955,0.0025,0.0020,0.0060,0.9909,3.8406,1.0925,0.2948
196,7,215,219,5,7,33,0.1697,216.735,254.354,688.978,49.9036,12.0000,1.8462,14.0771,6.5753,0.9836,0.0071,0.0094,0.0047,0.9963,2.7533,1.0925,0.2771
31,8,215,217,3,5,7,0.2952,215.663,259.015,1126.955,19.9614,10.0000,1.5347,2.2153,5.4964,0.5220,0.3219,0.1560,0.0117,0.9955,2.7599,1.0976,0.3663
102,5,215,219,5,6,17,0.2000,216.895,256.550,662.494,33.7569,11.0000,1.8039,5.7881,6.0086,0.9363,0.0243,0.0394,0.0103,0.9671,2.7414,1.0874,0.1929
63,3,215,218,4,8,12,0.1641,215.995,312.253,1185.147,25.4141,10.0000,1.7166,2.7505,5.4964,0.6567,0.3044,0.0390,0.1851,0.9741,2.7389,0.5514,0.0763
8,3,215,217,3,2,3,0.4444,215.566,437.811,1269.019,10.3129,10.0000,1.5094,0.5970,5.5131,0.3381,0.4435,0.2184,0.3228,0.0047,1.9313,0.0000,0.5094
5,3,215,217,3,2,1,0.8333,216.216,1061.351,331.000,9.0887,11.0000,1.4865,0.4125,6.0460,0.5854,0.2927,0.1220,0.9487,0.0000,4.9315,1.6472,0.7297
6,3,215,216,2,2,2,0.7500,215.476,1162.357,374.262,9.4394,8.0000,1.1429,0.6503,4.4105,0.2000,0.3333,0.4667,0.0000,0.0000,3.5710,1.1043,0.5714
8,3,215,217,3,4,2,0.3333,215.842,1267.947,547.386,11.0819,11.0000,1.5439,0.9278,6.0644,0.8312,0.0623,0.1066,0.5126,0.2272,3.2978,0.0025,0.4912
15,3,215,218,4,4,3,0.3125,216.594,1276.554,915.386,14.3072,9.0000,1.3366,0.8997,4.9467,0.6104,0.0578,0.3318,0.6379,0.3261,3.2860,1.0925,0.4059
61,3,215,219,5,7,11,0.1584,216.831,1282.974,889.639,26.6032,10.0000,1.6095,3.3658,5.4795,0.7637,0.1482,0.0881,0.0685,0.9628,2.7449,0.5514,0.2427
55,3,215,219,5,10,7,0.1571,216.728,1278.774,904.209,25.5116,11.0000,1.7536,2.2369,6.0274,0.6092,0.2507,0.1402,0.0293,0.9985,2.7449,0.5514,0.2580
25,4,215,218,4,5,4,0.3125,216.506,1283.922,882.429,16.9024,9.0000,1.4610,1.8876,4.9315,0.5101,0.2532,0.2367,0.2234,0.9418,2.4667,0.0085,0.2662
25,5,215,218,4,8,4,0.1953,216.377,1282.437,594.371,18.3365,10.0000,1.4970,2.0234,5.5131,0.8624,0.0159,0.1217,0.2167,0.8473,3.8432,0.5530,0.4192
22,5,215,217,3,7,3,0.3492,216.231,1291.315,641.462,16.7452,11.0000,1.6923,2.3877,6.0460,0.8768,0.0360,0.0872,0.0079,0.3930,2.7516,1.1001,0.3217
49,5,215,219,5,9,7,0.1556,216.713,1291.099,854.043,25.3843,11.0000,1.6636,1.6221,6.0460,0.7447,0.1520,0.1033,0.1241,0.9865,2.7533,1.0976,0.3796
46,9,215,218,4,7,8,0.2054,216.442,1295.289,829.425,24.9262,12.0000,1.7922,3.6731,6.5957,0.6372,0.2568,0.1060,0.0449,0.9899,2.7542,0.5564,0.3604
17,5,215,218,4,5,3,0.2833,216.359,1297.291,811.077,15.5796,11.0000,1.5983,0.7988,6.0460,0.6451,0.1950,0.1599,0.0851,0.2688,2.7550,-0.0034,0.4530
26,7,215,218,4,6,4,0.2708,216.088,1299.682,693.494,18.3197,10.0000,1.5294,1.2414,5.5131,0.5663,0.2129,0.2208,0.1262,0.8971,2.7525,0.5530,0.3529
26,3,215,217,3,9,4,0.2407,216.134,1300.585,739.750,17.6707,11.0000,1.7439,2.4312,6.0460,0.8533,0.0735,0.0731,0.0678,0.9963,2.7516,0.5496,0.2805
8,3,215,217,3,4,2,0.3333,215.926,1299.463,751.222,10.4960,9.0000,1.3333,1.5548,4.9467,0.7862,0.1077,0.1061,0.2350,0.0994,3.0205,0.5496,0.4630
16,4,215,217,3,4,5,0.2667,215.804,1300.458,791.720,14.7116,10.0000,1.4953,1.5796,5.4964,0.5277,0.2661,0.2062,0.1135,0.9847,3.0297,0.5479,0.4112
13,3,215,217,3,4,3,0.3611,216.200,1299.118,807.671,12.9496,13.0000,1.9882,0.9628,7.1453,0.5760,0.1290,0.2950,0.1121,0.7837,2.7499,0.5479,0.3412
22,3,215,217,3,7,5,0.2095,216.110,1300.884,764.075,17.1029,9.0000,1.3562,2.5623,4.9618,0.7721,0.1424,0.0855,0.2584,0.9652,2.7499,0.5563,0.4041
34,5,215,218,4,7,6,0.2024,216.406,1300.111,785.456,20.4293,11.0000,1.7235,1.7539,6.0460,0.5016,0.3549,0.1436,0.0525,0.9939,2.7414,0.5564,0.3502
46,3,215,218,4,7,8,0.2054,216.485,1300.679,757.519,23.7091,12.0000,1.8840,1.4870,6.5957,0.5610,0.3327,0.1063,0.0094,0.9742,3.8423,0.5514,0.2150
16,5,215,218,4,3,4,0.3333,216.202,1302.430,774.763,15.6549,10.0000,1.4035,0.5306,5.4964,0.6310,0.1383,0.2307,0.3827,0.0198,3.3047,1.0916,0.4737
5,3,216,217,2,2,3,0.4167,216.771,150.371,632.971,8.5828,8.0000,1.1429,0.8567,4.3971,0.5461,0.2256,0.2283,0.1201,0.5647,3.8373,1.6370,0.6857
111,6,216,218,3,7,23,0.2298,216.767,259.852,643.148,36.1199,11.0000,1.7594,0.3139,6.0274,0.9734,0.0132,0.0134,0.0000,0.9740,2.7432,1.0865,0.2464
37,7,216,218,3,5,7,0.3524,216.801,263.506,626.867,21.7229,10.0000,1.5353,1.9416,5.4795,0.8414,0.0534,0.1052,0.0671,0.7108,2.7499,0.5463,0.3361
26,3,216,219,4,6,7,0.1548,217.161,283.510,560.781,16.6479,9.0000,1.5097,2.6890,4.9315,0.8707,0.0241,0.1052,0.1303,0.0689,2.4717,1.0908,0.2645
4,3,216,217,2,1,2,1.0000,216.533,938.000,570.467,8.2310,8.0000,1.0667,0.7087,4.3971,0.0000,0.7500,0.2500,0.0000,0.0000,4.9332,1.6429,0.8000
7,3,216,217,2,2,4,0.4375,216.479,985.521,1249.854,9.9570,9.0000,1.3125,0.6932,4.9467,0.7899,0.0127,0.1974,0.3550,0.6115,3.2877,0.8210,0.5208
14,3,216,218,3,6,3,0.2593,216.899,1152.854,358.000,13.0375,10.0000,1.5730,1.8567,5.4795,0.8427,0.0941,0.0632,0.2084,0.0950,3.8304,1.0942,0.3034
6,3,216,217,2,3,2,0.5000,216.512,1201.244,515.122,9.1854,8.0000,1.1707,0.5803,4.3971,0.3810,0.3333,0.2857,0.3162,0.5071,3.5701,0.5522,0.5854
26,4,216,219,4,6,4,0.2708,217.345,1236.476,1012.173,18.0338,11.0000,1.7024,0.6130,6.0274,0.6832,0.0834,0.2334,0.2047,0.0165,2.7432,1.0890,0.2619
3,3,216,217,2,2,1,0.7500,216.333,1240.667,930.000,7.6082,8.0000,1.0000,0.7454,4.3971,0.5333,0.2667,0.2000,0.7071,0.0000,4.9433,1.6447,1.0000
15,5,216,218,3,4,3,0.4167,216.691,1253.670,975.701,13.7365,9.0000,1.3918,1.3977,4.9315,0.6415,0.0556,0.3030,0.0702,0.9912,2.7533,0.0068,0.4227
19,5,216,219,4,4,5,0.2375,216.907,1266.093,943.806,16.2207,12.0000,1.7674,0.9321,6.5957,0.6819,0.1286,0.1895,0.5296,0.2455,2.7533,0.5531,0.3721
26,3,216,218,3,7,4,0.3095,216.626,1268.140,935.690,18.3970,9.0000,1.3684,2.0799,4.9467,0.6477,0.2185,0.1338,0.0114,0.9924,2.7551,0.5497,0.3567
20,5,216,218,3,7,5,0.1905,216.701,1270.378,927.630,15.5749,11.0000,1.7323,1.6693,6.0460,0.8165,0.0850,0.0985,0.1882,0.9469,2.7380,0.5488,0.3386
7,3,216,217,2,4,2,0.4375,216.306,1285.531,879.102,10.1699,9.0000,1.2857,0.6210,4.9467,0.6673,0.1280,0.2047,0.0387,0.3588,2.7397,0.5539,0.5102
82,6,216,219,4,9,13,0.1752,216.860,1288.750,865.631,32.4473,10.0000,1.5299,1.3038,5.4964,0.8050,0.1217,0.0733,0.0232,0.9973,2.7533,0.5548,0.3078
12,4,216,218,3,4,2,0.5000,217.211,1290.500,663.829,12.0136,8.0000,1.2632,0.9907,4.3836,0.5379,0.2754,0.1867,0.1546,0.0892,2.7432,0.5436,0.4211
17,4,216,219,4,5,4,0.2125,217.462,1292.887,758.472,14.0666,10.0000,1.6038,1.1393,5.4623,0.7955,0.0713,0.1332,0.3868,0.8944,2.4556,0.5428,0.3302
8,4,216,218,3,5,1,0.5333,217.172,1294.086,694.000,11.2301,10.0000,1.3793,0.9299,5.4795,0.6980,0.2529,0.0490,0.0792,0.0000,3.2902,0.5437,0.6207
38,3,216,218,3,8,9,0.1759,216.509,1298.244,801.739,20.8315,11.0000,1.7863,1.1736,6.0460,0.6914,0.2550,0.0536,0.0790,0.9904,2.7432,1.0959,0.2564
5,3,217,218,2,1,3,0.8333,217.514,349.000,443.757,9.0523,9.0000,1.2162,0.9145,4.9315,0.5854,0.2927,0.1220,0.3162,0.0000,4.3690,0.5497,0.7297
10,3,217,219,3,3,4,0.2778,217.776,669.134,291.687,11.5813,13.0000,1.9403,0.4079,7.1010,0.7750,0.0531,0.1719,0.5435,0.0326,2.1961,0.5428,0.4478
14,6,217,219,3,3,3,0.5185,217.956,713.725,293.132,13.2866,9.0000,1.3846,1.0875,4.9006,0.0989,0.4823,0.4189,0.2626,0.5700,2.7294,0.5462,0.5385
30,3,217,220,4,7,6,0.1786,218.568,857.458,323.208,19.1133,10.0000,1.5625,1.1146,5.4623,0.6718,0.1135,0.2147,0.0886,0.9951,2.7364,0.5514,0.2344
12,4,217,219,3,4,2,0.5000,217.954,1197.793,1078.529,13.7204,11.0000,1.5172,0.5167,6.0086,0.6328,0.1414,0.2258,0.6010,0.0000,3.2757,0.0035,0.5172
6,3,217,219,3,3,1,0.6667,217.884,1275.093,544.000,9.5924,9.0000,1.2558,0.8886,4.9315,0.6944,0.2222,0.0833,0.8000,0.0000,3.0051,-0.5479,0.6047
20,4,218,221,4,5,6,0.1667,219.517,245.375,322.483,14.5864,11.0000,1.8333,1.7101,5.9704,0.7749,0.0418,0.1833,0.0555,0.7434,2.1815,1.0838,0.2917
8,3,218,221,4,2,3,0.3333,219.442,664.808,293.019,9.9963,9.0000,1.3846,0.4827,4.9006,0.7836,0.0766,0.1398,0.9580,0.2726,2.7277,0.5445,0.4808
5,3,218,219,2,2,3,0.4167,218.235,1038.235,1211.559,8.2994,8.0000,1.1765,0.5526,4.3699,0.6338,0.1686,0.1975,0.2016,0.6778,3.8142,1.0890,0.7059
3,3,218,219,2,2,1,0.7500,218.643,1052.679,964.000,8.8124,10.0000,1.0714,0.7187,5.4623,0.5333,0.2667,0.2000,0.7071,0.0000,4.3560,0.8168,1.0000
18,4,218,221,4,5,4,0.2250,219.438,1130.330,845.259,14.3541,10.0000,1.6071,0.8408,5.4451,0.4725,0.1741,0.3534,0.3385,0.9183,2.4511,1.0794,0.3036
34,9,218,221,4,9,4,0.2361,219.135,1142.623,747.013,20.8151,11.0000,1.6771,1.4529,5.9704,0.7780,0.0630,0.1590,0.0643,0.8782,2.7260,0.5497,0.3498
26,3,218,222,5,6,5,0.1733,219.291,1141.958,728.248,17.6032,9.0000,1.4182,2.1957,4.9006,0.1754,0.5506,0.2740,0.2961,0.9401,2.7225,0.8167,0.2485
111,13,218,222,5,10,13,0.1708,219.854,1140.434,775.680,37.5214,15.0000,2.2871,4.5668,8.1676,0.6768,0.2595,0.0637,0.1691,0.9627,2.7191,0.5498,0.3407
34,5,218,221,4,8,5,0.2125,219.126,1142.916,741.242,20.0689,12.0000,1.8977,1.1959,6.5341,0.3021,0.4795,0.2183,0.0395,0.9789,2.7173,0.5411,0.3256
9,5,218,219,2,3,3,0.5000,218.696,1143.087,751.232,12.5357,10.0000,1.3043,0.3924,5.4451,0.5049,0.1430,0.3520,0.0207,0.8156,3.8081,0.5497,0.6377
10,4,218,220,3,3,3,0.3704,219.041,1196.356,532.685,12.5680,12.0000,1.6438,0.9409,6.5341,0.2479,0.4739,0.2782,0.8809,0.4311,4.3638,1.0907,0.5068
7,4,218,220,3,3,1,0.7778,218.885,1238.327,1019.000,10.7057,12.0000,1.6154,0.3467,6.5341,0.1247,0.7481,0.1273,1.0000,0.0000,3.8236,0.0043,0.7115
8,3,218,219,2,3,2,0.6667,218.632,1255.421,484.509,10.9860,9.0000,1.2632,0.9876,4.9161,0.4716,0.1249,0.4035,0.3646,0.8369,3.2705,0.8168,0.5965
94,6,219,222,4,5,17,0.2765,220.317,94.002,702.284,32.2683,10.0000,1.6291,6.2922,5.4276,0.9450,0.0084,0.0467,0.0139,0.9961,2.7086,0.5480,0.2097
112,3,219,222,4,6,23,0.2029,220.263,93.491,722.291,32.8977,10.0000,1.7445,1.8023,5.4276,0.9617,0.0226,0.0157,0.0044,0.9747,2.1851,1.0803,0.0919
25,6,219,222,4,3,6,0.3472,220.178,94.957,689.571,17.6839,11.0000,1.6871,0.5992,5.9704,0.6065,0.1847,0.2088,0.0634,0.5358,2.7051,0.5471,0.3436
46,5,219,223,5,4,11,0.2091,220.414,96.919,659.126,22.7768,11.0000,1.7754,0.9702,5.9704,0.8649,0.0356,0.0995,0.0061,0.1020,2.7016,0.5507,0.1825
30,4,219,222,4,4,7,0.2679,220.391,97.793,795.668,18.2103,8.0000,1.3043,1.3110,4.3421,0.7259,0.1256,0.1485,0.2927,0.8875,2.7156,1.0785,0.1739
29,3,219,222,4,4,8,0.2266,220.337,100.552,631.923,18.2229,10.0000,1.6022,1.0794,5.4276,0.8325,0.0305,0.1370,0.1341,0.0537,2.7051,1.0794,0.2044
45,9,219,222,4,5,7,0.3214,220.155,102.224,827.097,23.4522,11.0000,1.7069,0.2892,5.9704,0.5360,0.2391,0.2249,0.0092,0.9438,2.7121,0.5445,0.2724
90,8,219,222,4,8,16,0.1758,220.178,122.240,913.943,31.1627,11.0000,1.8165,5.4300,5.9704,0.9510,0.0222,0.0268,0.0164,0.9983,2.7033,1.0768,0.2073
87,4,219,222,4,7,14,0.2219,220.221,127.384,930.459,30.0047,10.0000,1.6860,3.0193,5.4276,0.8953,0.0630,0.0417,0.0042,0.9821,3.7835,1.0838,0.1609
57,6,219,222,4,6,11,0.2159,220.239,131.300,942.350,25.8607,11.0000,1.7417,1.4034,5.9704,0.8952,0.0408,0.0639,0.0055,0.9999,2.7104,1.0785,0.3083
101,3,219,222,4,8,17,0.1857,220.169,142.912,971.846,32.6563,10.0000,1.6694,6.0102,5.4276,0.9182,0.0463,0.0355,0.0317,0.9751,3.7958,1.0890,0.1488
48,7,219,221,3,6,9,0.2963,219.977,148.183,983.637,23.5040,11.0000,1.7600,0.6629,5.9704,0.7028,0.1732,0.1240,0.0280,0.9751,2.7121,1.0777,0.2933
60,6,219,221,3,8,10,0.2500,220.018,152.489,992.861,26.6251,11.0000,1.7368,3.2985,5.9704,0.8471,0.0966,0.0563,0.0194,0.9986,2.7191,1.0847,0.2237
12,3,219,221,3,4,4,0.2500,220.243,157.378,1005.770,11.5854,8.0000,1.2973,0.5051,4.3421,0.6513,0.1422,0.2065,0.1160,0.6397,2.1781,0.5463,0.3243
53,4,219,222,4,8,10,0.1656,220.201,166.465,1021.172,22.5752,8.0000,1.3993,1.9156,4.3421,0.8185,0.1116,0.0699,0.0210,0.9916,2.1746,1.0803,0.1320
27,4,219,222,4,4,5,0.3375,220.140,170.413,1029.233,17.9580,10.0000,1.5698,0.6468,5.4276,0.6767,0.0556,0.2677,0.4795,0.3199,2.7173,1.0811,0.2558
74,5,219,221,3,8,14,0.2202,220.080,174.959,1036.865,29.3315,12.0000,1.9097,4.3335,6.5132,0.9473,0.0186,0.0340,0.0253,0.9974,3.7941,1.0855,0.2215
64,3,219,222,4,9,10,0.1778,220.102,206.065,1086.809,25.9762,10.0000,1.6710,3.0575,5.4101,0.9134,0.0229,0.0637,0.0088,0.9846,3.2582,1.0803,0.1567
8,4,219,221,3,2,3,0.4444,219.814,203.508,1080.797,11.3286,10.0000,1.3559,0.5637,5.4276,0.5204,0.0932,0.3864,0.5542,0.1619,3.2653,0.5463,0.5932
13,3,219,222,4,4,4,0.2031,220.412,1076.941,491.471,12.7784,11.0000,1.6824,0.6733,5.9704,0.4494,0.2780,0.2725,0.3815,0.0885,2.4381,0.2687,0.3294
11,3,219,221,3,3,2,0.6111,220.014,1083.157,498.300,11.4549,9.0000,1.4143,0.3390,4.8849,0.2370,0.3872,0.3758,0.6931,0.0903,2.1885,0.5428,0.3571
68,7,219,223,5,8,11,0.1545,221.084,1108.560,910.998,28.9246,13.0000,2.0045,2.6986,7.0102,0.7079,0.2060,0.0860,0.1158,0.9530,2.7051,0.5436,0.2766
8,3,219,220,2,4,2,0.5000,219.537,1118.667,652.685,10.3778,10.0000,1.4815,0.6516,5.4276,0.7197,0.0792,0.2011,0.2868,0.2049,3.8150,0.0035,0.4815
26,5,219,222,4,5,4,0.3250,220.312,1118.829,882.753,18.0773,11.0000,1.6824,1.5298,5.9704,0.6881,0.0512,0.2607,0.1934,0.0112,2.7016,0.0123,0.3647
53,7,219,221,3,6,10,0.2944,219.956,1121.796,874.165,25.2774,10.0000,1.5634,1.9286,5.4451,0.7947,0.1304,0.0750,0.0207,0.9970,2.7156,0.5480,0.2891
72,7,219,223,5,11,8,0.1636,220.412,1125.394,856.440,29.3209,12.0000,1.8824,2.2101,6.5341,0.5606,0.3239,0.1155,0.0907,0.9939,2.7051,0.5480,0.2919
62,3,219,222,4,7,11,0.2013,220.093,1124.951,863.969,26.7371,9.0000,1.4381,3.3332,4.9006,0.7913,0.1237,0.0850,0.0099,0.9793,2.7156,1.0767,0.2216
28,11,219,221,3,6,5,0.3111,219.928,1129.237,849.912,19.9036,11.0000,1.5876,0.9617,5.9896,0.4814,0.1866,0.3320,0.2200,0.9531,2.7121,0.5463,0.5000
6,3,219,221,3,2,2,0.5000,220.349,1131.465,351.116,9.5173,9.0000,1.2558,0.5929,4.8849,0.6373,0.1269,0.2358,0.8795,0.0724,4.6029,1.6265,0.6279
6,3,219,220,2,2,2,0.7500,219.442,1197.698,544.721,9.5451,10.0000,1.3953,0.6038,5.4451,0.2000,0.3333,0.4667,0.0000,0.0000,4.8848,1.6318,0.6047
9,4,219,221,3,3,2,0.5000,220.180,1221.098,420.443,11.0298,9.0000,1.3279,0.4880,4.8849,0.0278,0.6981,0.2742,0.4082,0.5716,2.7051,0.5471,0.5738
5,3,220,222,3,2,2,0.4167,220.914,885.629,1185.171,8.4705,8.0000,1.1429,1.0016,4.3421,0.5461,0.2256,0.2283,0.8117,0.4177,3.7906,0.5436,0.6857
7,3,220,222,3,3,2,0.3889,221.418,947.200,1074.091,11.2312,11.0000,1.4000,0.4724,5.9511,0.2873,0.4228,0.2899,0.9129,0.1849,3.2601,0.2767,0.5636
12,3,220,223,4,4,3,0.2500,221.547,1015.280,423.907,11.6923,8.0000,1.2800,0.5409,4.3140,0.2425,0.4710,0.2865,0.9791,0.1807,2.7130,0.5481,0.3200
7,3,220,223,4,2,2,0.4375,221.362,1079.106,972.383,9.5993,8.0000,1.1915,1.4185,4.3421,0.6023,0.2183,0.1794,0.9919,0.0509,2.6962,0.0088,0.5106
17,3,220,223,4,6,4,0.1771,221.762,1088.219,514.886,13.7432,9.0000,1.4571,1.5595,4.8691,0.6374,0.2330,0.1296,0.0516,0.6694,2.6945,0.5410,0.3238
14,4,220,223,4,4,3,0.2917,221.248,1110.614,549.386,14.5919,12.0000,1.6634,0.9027,6.4921,0.4128,0.3811,0.2061,0.7071,0.7040,2.7077,0.5428,0.4257
6,3,220,221,2,3,3,0.3333,220.463,1117.024,901.805,9.0713,8.0000,1.1707,0.9291,4.3421,0.6378,0.1768,0.1854,0.5074,0.8617,3.2496,0.5410,0.5854
16,3,220,222,3,6,4,0.2222,220.940,1122.980,589.810,13.5278,10.0000,1.6000,1.3039,5.4101,0.8214,0.0845,0.0941,0.3529,0.9348,2.1623,0.5392,0.2600
5,3,220,222,3,2,1,0.8333,220.722,1178.639,806.000,8.7179,9.0000,1.2500,0.4556,4.8691,0.5854,0.2927,0.1220,0.9487,0.0000,3.8029,0.0000,0.6944
8,3,220,222,3,4,2,0.3333,221.000,1305.118,680.902,9.7550,8.0000,1.2549,1.1219,4.3281,0.7756,0.1233,0.1011,0.4827,0.3168,2.7050,1.0767,0.4706
8,3,221,223,3,2,3,0.4444,222.000,875.082,1108.016,11.6297,11.0000,1.4426,0.0836,5.9317,0.5543,0.2671,0.1786,0.7832,0.2710,3.4998,0.2670,0.6066
12,6,221,223,3,3,3,0.4444,222.055,970.912,1085.934,14.1631,13.0000,1.7143,0.1229,7.0102,0.4552,0.2772,0.2677,0.7071,0.6376,3.2390,0.8053,0.6154
7,3,221,224,4,2,2,0.4375,222.360,1036.280,1019.220,10.1787,10.0000,1.4000,0.7324,5.3747,0.6337,0.1104,0.2559,0.9775,0.0000,3.2071,0.2767,0.5200
4,3,221,222,2,2,1,1.0000,221.452,1051.548,1010.000,8.3733,9.0000,1.1613,0.6387,4.8691,0.0000,0.7500,0.2500,1.0000,0.0000,2.7086,-0.2732,0.8065
17,4,221,225,5,3,5,0.2267,222.992,1055.824,1008.443,17.0770,13.0000,1.6870,0.5843,6.9872,0.8196,0.0651,0.1153,0.7549,0.6466,2.7105,0.5393,0.5344
14,3,221,223,3,4,4,0.2917,221.911,1071.489,489.200,12.9745,9.0000,1.4000,0.9418,4.8532,0.6454,0.1310,0.2236,0.1245,0.2175,2.4337,0.0124,0.2778
5,3,221,222,2,2,2,0.6250,221.821,1125.410,602.436,9.4107,9.0000,1.1538,0.7202,4.8532,0.3432,0.2505,0.4063,0.5155,0.8569,3.7712,0.8115,0.6410
3,3,221,222,2,2,1,0.7500,221.346,1150.308,446.000,8.1120,9.0000,1.0385,0.4631,4.8691,0.5333,0.2667,0.2000,0.7071,0.0000,4.3140,0.0035,1.0000
360,23,222,226,5,9,53,0.1509,224.043,273.922,746.396,70.1504,14.0000,2.0282,11.4333,7.4997,0.9942,0.0028,0.0030,0.0034,0.9912,3.7588,1.0714,0.3984
59,4,222,224,3,8,12,0.2049,223.176,316.080,921.217,25.4554,9.0000,1.4588,2.5108,4.8532,0.7019,0.2437,0.0544,0.0469,0.9787,2.6820,1.0696,0.2692
25,3,222,224,3,4,6,0.3472,223.051,319.732,929.675,16.8738,12.0000,1.9108,0.7280,6.4497,0.5483,0.1631,0.2886,0.1472,0.9891,2.6856,0.5482,0.2357
43,7,222,224,3,6,7,0.3413,223.124,326.363,942.927,21.2200,9.0000,1.4942,1.9644,4.8373,0.4809,0.3686,0.1505,0.0182,0.9766,3.4864,0.5463,0.2510
14,4,222,224,3,3,4,0.3889,222.953,713.105,1168.744,12.3554,9.0000,1.4651,1.0824,4.8213,0.5385,0.1805,0.2810,0.1331,0.7210,1.6284,0.5384,0.3837
5,3,222,224,3,1,3,0.5556,222.973,756.000,933.000,8.8943,9.0000,1.2162,0.9730,4.8532,0.7911,0.1351,0.0737,0.8507,0.0000,4.8248,1.0794,0.6757
15,3,222,226,5,3,3,0.3333,224.613,824.796,1153.559,12.8371,8.0000,1.2903,0.8544,4.2856,0.7112,0.0807,0.2081,0.8384,0.5026,2.6660,0.2643,0.2581
12,4,222,224,3,3,5,0.2667,223.037,905.415,954.805,12.7212,9.0000,1.3171,0.9061,4.8373,0.5331,0.0959,0.3710,0.2197,0.7850,4.0337,1.6106,0.5244
11,3,222,223,2,2,6,0.4583,222.343,962.671,1088.657,11.3684,10.0000,1.5714,1.5400,5.3925,0.8737,0.0312,0.0951,0.1923,0.7725,2.1535,1.0678,0.3714
8,3,222,224,3,2,2,0.6667,222.782,967.673,948.636,10.4589,9.0000,1.3091,0.7481,4.8373,0.3704,0.0753,0.5544,0.9816,0.1908,2.9543,0.2750,0.4727
9,3,222,224,3,5,2,0.3000,223.097,996.016,416.113,11.1042,9.0000,1.3065,0.1496,4.8373,0.8265,0.0692,0.1043,0.5580,0.0439,4.2873,1.3446,0.4032
8,3,222,223,2,2,4,0.5000,222.458,1023.610,1045.661,11.2316,9.0000,1.2203,0.8346,4.8532,0.7197,0.0792,0.2011,0.2868,0.2049,2.6874,0.5357,0.4407
11,3,222,225,4,4,3,0.2292,223.261,1180.377,480.000,11.1721,10.0000,1.5942,0.4583,5.3747,0.6368,0.2422,0.1211,0.8121,0.2877,3.2355,1.6071,0.3913
8,3,222,224,3,3,1,0.8889,223.035,1180.211,784.000,10.8302,11.0000,1.5439,0.2134,5.9122,0.3375,0.5625,0.1000,0.7071,0.0000,3.7712,1.6035,0.5088
4,3,222,224,3,2,1,0.6667,222.903,1205.581,498.000,8.3335,10.0000,1.2903,0.4304,5.3747,0.7576,0.1294,0.1129,0.8507,0.0000,4.8444,1.0794,0.8387
321,17,223,226,4,8,49,0.2047,224.379,273.634,696.347,62.5607,12.0000,1.8387,19.6669,6.4284,0.9918,0.0043,0.0039,0.0050,0.9999,3.7445,0.5482,0.3384
47,11,223,226,4,6,9,0.2176,224.263,276.003,665.223,24.9046,11.0000,1.6207,1.0548,5.8927,0.8078,0.0869,0.1052,0.0568,0.9983,2.6927,1.0696,0.3417
57,11,223,226,4,6,12,0.1979,224.402,277.981,652.063,26.7849,14.0000,2.1111,2.3360,7.4997,0.8661,0.0787,0.0552,0.0206,0.9534,2.6785,1.0616,0.3545
12,3,223,225,3,3,4,0.3333,224.184,280.224,823.026,11.7456,8.0000,1.2632,0.2910,4.2856,0.4203,0.1690,0.4107,0.0109,0.9846,2.6714,1.0625,0.3158
4,3,223,225,3,2,1,0.6667,223.906,1111.750,875.000,8.5738,11.0000,1.3750,0.2670,5.8927,0.5357,0.3214,0.1429,1.0000,0.0000,3.7534,1.0705,0.8438
42,3,223,227,5,6,8,0.1750,225.329,1116.297,669.252,20.2443,10.0000,1.7073,3.6858,5.3391,0.6912,0.1443,0.1645,0.0067,0.9993,3.2115,0.5393,0.1382
349,7,223,229,7,13,25,0.1534,226.114,1120.608,749.679,65.5453,12.0000,1.8193,5.1271,6.4070,0.7973,0.1841,0.0186,0.0165,0.9902,3.7302,1.6017,0.3254
4,3,223,224,2,2,1,1.0000,223.471,1210.471,591.000,9.1228,9.0000,1.0588,0.6655,4.8373,0.0000,0.7500,0.2500,1.0000,0.0000,5.3614,0.8062,0.7941
14,6,224,226,3,2,5,0.4667,224.696,311.529,546.078,14.5696,11.0000,1.5098,1.0785,5.8730,0.6729,0.2252,0.1019,0.0746,0.0738,3.2097,1.0643,0.5196
28,8,224,227,4,5,6,0.2333,225.707,934.989,619.963,18.9243,14.0000,2.0851,1.0324,7.4498,0.6103,0.1855,0.2042,0.2317,0.9579,3.7213,1.5955,0.4202
7,3,224,226,3,4,2,0.2917,224.800,1035.489,485.778,9.0871,8.0000,1.2444,0.9635,4.2856,0.7081,0.1683,0.1236,0.4626,0.4147,3.7481,2.1303,0.5333
6,4,224,225,2,3,2,0.5000,224.381,1084.381,968.881,9.1736,8.0000,1.1429,0.5517,4.2856,0.5034,0.2551,0.2415,0.1128,0.4328,3.7338,1.0687,0.7619
6,4,224,225,2,3,2,0.5000,224.867,1099.889,602.444,9.8130,9.0000,1.2000,1.2041,4.8052,0.3810,0.3333,0.2857,0.0000,0.8452,3.7374,1.0660,0.7333
54,3,224,227,4,10,7,0.1929,225.537,1110.500,648.381,25.5291,12.0000,1.8409,3.8842,6.3855,0.7366,0.1922,0.0711,0.1225,0.9919,3.7329,0.8026,0.2443
50,12,224,227,4,9,7,0.1984,225.566,1119.317,694.381,25.6990,12.0000,1.7595,1.7797,6.3855,0.5818,0.3132,0.1050,0.0857,0.9673,2.9329,0.5411,0.4311
492,16,224,229,6,16,31,0.1653,226.251,1118.799,776.262,79.2446,13.0000,1.9347,3.3037,6.9177,0.8655,0.1226,0.0119,0.0041,0.9916,3.7285,1.6000,0.3527
12,4,224,227,4,6,2,0.2500,225.333,1119.587,715.800,11.5467,9.0000,1.4400,0.5674,4.8052,0.8835,0.0498,0.0667,0.5449,0.1599,2.1401,1.0535,0.4533
9,3,224,226,3,3,3,0.3333,224.885,1154.590,843.295,10.8604,11.0000,1.6230,0.9265,5.8730,0.5460,0.0757,0.3783,0.0854,0.2367,3.7463,1.0634,0.4590
5,4,224,225,2,3,2,0.4167,224.789,1221.921,638.579,9.0798,9.0000,1.1842,0.4773,4.8052,0.5461,0.2256,0.2283,0.1201,0.5647,4.8052,1.0687,0.8684
14,3,225,228,4,4,3,0.2917,227.035,544.329,939.824,12.0464,8.0000,1.3176,0.8877,4.2427,0.1219,0.5029,0.3752,0.0227,0.1338,3.4526,1.5875,0.2824
11,3,225,227,3,4,3,0.3056,226.107,668.867,365.000,12.0289,10.0000,1.4667,0.1707,5.3213,0.4731,0.2694,0.2575,0.1606,0.0353,3.7320,1.0669,0.3600
12,3,225,227,3,4,2,0.5000,225.829,804.592,1084.329,11.6812,10.0000,1.5789,0.5512,5.3213,0.3053,0.2420,0.4527,0.5139,0.0783,3.9883,1.0678,0.3553
19,4,225,229,5,4,4,0.2375,226.891,845.256,333.574,15.7010,11.0000,1.6202,1.0208,5.8534,0.5229,0.2589,0.2182,0.5641,0.6820,3.1660,0.7928,0.2791
9,4,225,227,3,3,2,0.5000,225.985,857.167,338.773,11.7074,12.0000,1.6364,0.2822,6.3855,0.3615,0.4618,0.1767,0.9118,0.3999,3.1785,0.0036,0.5909
19,4,225,227,3,4,4,0.3958,226.224,921.640,597.504,15.2483,9.0000,1.3680,0.8449,4.7891,0.6414,0.0454,0.3132,0.2927,0.5197,2.6660,1.0571,0.3920
37,8,225,228,4,6,7,0.2202,226.883,942.098,701.012,22.3288,14.0000,2.0234,1.0000,7.4248,0.1223,0.6165,0.2612,0.0329,0.9923,2.6731,0.5268,0.4375
10,5,225,227,3,3,2,0.5556,226.441,961.397,689.647,11.4257,9.0000,1.3235,0.8263,4.7891,0.0188,0.4500,0.5312,0.8944,0.1826,3.1856,0.5250,0.6176
20,4,225,228,4,7,4,0.1786,226.798,962.380,718.318,15.3082,9.0000,1.3953,1.6256,4.7891,0.6738,0.1675,0.1587,0.0191,0.7519,2.6571,1.0500,0.3333
62,6,225,228,4,7,11,0.2013,226.932,964.633,727.769,26.8128,11.0000,1.7136,1.3861,5.8338,0.7128,0.2082,0.0790,0.0424,0.9989,3.1812,1.0562,0.2286
14,6,225,228,4,3,3,0.3889,226.948,973.458,684.927,13.6094,10.0000,1.4583,1.4323,5.3213,0.6245,0.1337,0.2418,0.8254,0.2289,2.9106,0.7919,0.5417
58,3,225,229,5,5,14,0.1657,227.171,985.455,731.394,24.0110,10.0000,1.6812,6.5233,5.3213,0.9241,0.0441,0.0318,0.0747,0.9888,3.6928,0.5375,0.1565
7,3,225,226,2,3,2,0.5833,225.612,1034.163,1041.469,9.8680,10.0000,1.4286,0.6303,5.3213,0.5352,0.1763,0.2885,0.5345,0.8125,3.1928,1.5964,0.5306
9,3,225,227,3,3,3,0.3333,225.778,1074.889,549.175,11.1830,9.0000,1.2857,0.8048,4.8052,0.3599,0.3827,0.2574,0.3156,0.5179,4.2552,1.6000,0.3968
9,3,225,227,3,4,3,0.2500,225.946,1090.982,878.304,9.9348,8.0000,1.2857,0.3088,4.2570,0.3905,0.2016,0.4079,0.2437,0.9308,2.6606,0.5339,0.4286
20,3,225,228,4,6,3,0.2778,226.380,1091.984,883.264,15.3298,11.0000,1.7054,1.1158,5.8534,0.7535,0.1395,0.1071,0.1828,0.5709,2.6660,0.5321,0.2713
15,3,225,228,4,4,4,0.2344,226.090,1098.460,853.630,13.7353,10.0000,1.5000,1.0847,5.3034,0.5348,0.3651,0.1002,0.4297,0.4039,3.1829,1.0526,0.2600
23,3,225,226,2,6,6,0.3194,225.374,1106.986,622.957,15.4553,10.0000,1.6547,1.9923,5.3391,0.1826,0.7148,0.1026,0.0236,0.9845,2.1383,0.5321,0.2518
24,3,225,228,4,6,5,0.2000,226.604,1107.114,827.483,16.1516,9.0000,1.4497,1.2904,4.7731,0.6858,0.1559,0.1583,0.0903,0.0654,2.6517,0.5339,0.2752
69,8,225,228,4,11,7,0.2240,226.306,1113.641,822.594,28.6697,14.0000,2.1563,1.9796,7.4498,0.5829,0.3403,0.0767,0.0266,0.9986,2.6481,0.5375,0.3304
47,4,225,228,4,9,6,0.2176,226.513,1113.370,829.613,23.2455,12.0000,1.8800,2.5212,6.3855,0.4425,0.4095,0.1480,0.0632,0.9800,2.6624,1.0518,0.2133
12,3,225,227,3,3,3,0.4444,226.081,1113.284,793.649,11.3642,10.0000,1.6216,0.9697,5.3213,0.1676,0.4752,0.3571,0.2253,0.4889,1.8633,0.5375,0.3514
26,7,225,228,4,8,3,0.2708,225.866,1118.545,700.364,19.5238,12.0000,1.6684,0.8487,6.3855,0.8714,0.0489,0.0798,0.2652,0.2165,3.1820,1.0607,0.4706
13,3,225,228,4,3,2,0.5417,226.788,1115.918,794.400,12.5116,9.0000,1.3765,1.2787,4.7570,0.4562,0.2323,0.3116,0.9065,0.1153,1.6017,0.0054,0.2941
16,3,225,228,4,4,4,0.2500,226.576,1119.798,724.273,13.1447,10.0000,1.6162,1.3604,5.3213,0.5381,0.2988,0.1631,0.1234,0.0457,1.8598,0.0036,0.3434
236,22,226,230,5,8,30,0.1967,228.248,431.366,739.310,52.9411,12.0000,1.8390,12.3490,6.3213,0.9724,0.0153,0.0123,0.0175,0.9991,2.6481,1.0447,0.3506
113,5,226,229,4,7,20,0.2018,227.690,454.141,775.989,36.7833,13.0000,1.9878,4.0509,6.8944,0.9562,0.0213,0.0225,0.0032,0.9969,2.6463,1.0535,0.2639
47,6,226,230,5,6,10,0.1567,227.717,462.307,814.697,23.1515,11.0000,1.7233,2.4966,5.7945,0.7117,0.1983,0.0900,0.0579,0.9558,2.6571,1.0518,0.3033
47,3,226,229,4,9,7,0.1865,227.860,462.829,869.780,22.0604,8.0000,1.3147,1.8472,4.2284,0.4109,0.4520,0.1371,0.1207,0.9809,2.6463,1.0518,0.1399
14,3,226,229,4,3,3,0.3889,227.518,468.024,871.753,12.0269,9.0000,1.4824,0.8945,4.7570,0.3542,0.1103,0.5355,0.9068,0.4203,2.1321,0.5330,0.2941
20,7,226,228,3,5,7,0.1905,227.618,472.272,843.522,16.0944,10.0000,1.4706,2.0776,5.3034,0.7996,0.1092,0.0912,0.1359,0.9768,2.3821,0.5348,0.4559
50,3,226,229,4,8,9,0.1736,227.660,470.183,880.397,22.4505,10.0000,1.6667,0.9128,5.3034,0.7030,0.2324,0.0645,0.0072,0.9997,2.6446,0.5330,0.1800
17,5,226,229,4,4,5,0.2125,227.586,491.613,909.117,14.2494,10.0000,1.5315,1.2529,5.2856,0.6968,0.0574,0.2458,0.1824,0.0846,2.6571,1.0580,0.4054
15,3,226,229,4,3,3,0.4167,227.875,503.031,901.146,13.1069,10.0000,1.5625,0.1946,5.2856,0.0424,0.6444,0.3132,0.9695,0.1299,2.6312,0.5268,0.2812
36,3,226,228,3,5,8,0.3000,227.308,508.617,902.110,20.0438,11.0000,1.7445,1.1258,5.8338,0.5372,0.3333,0.1295,0.0848,0.9963,2.6446,1.0544,0.2026
68,4,226,230,5,8,11,0.1545,228.339,887.312,653.011,28.3625,11.0000,1.6885,3.1075,5.8141,0.6277,0.3012,0.0711,0.0540,0.9887,3.6928,0.5393,0.3273
19,3,226,229,4,5,3,0.3167,227.688,896.391,362.344,15.5376,10.0000,1.4844,0.9809,5.3034,0.7154,0.0790,0.2056,0.1138,0.5868,3.1713,1.0571,0.2109
34,4,226,229,4,9,5,0.1889,227.550,914.092,670.202,19.7910,10.0000,1.5596,3.4633,5.3034,0.8779,0.0594,0.0627,0.0072,0.9906,2.6464,1.0455,0.3211
9,4,226,228,3,3,3,0.3333,227.349,915.159,779.603,11.1241,9.0000,1.2857,0.7786,4.7570,0.4166,0.3620,0.2213,0.7623,0.3756,3.1838,0.5339,0.5397
15,5,226,228,3,3,4,0.4167,226.895,916.419,629.010,14.3831,11.0000,1.5714,1.0673,5.8534,0.6118,0.0487,0.3395,0.5906,0.8006,2.6508,0.5384,0.4667
31,3,226,228,3,7,7,0.2109,226.947,919.358,636.116,18.1011,9.0000,1.4684,2.8129,4.7570,0.6101,0.2837,0.1061,0.0437,0.9988,2.6517,1.0535,0.2158
67,3,226,228,3,6,13,0.2863,227.468,921.118,691.147,26.3933,10.0000,1.6422,6.1711,5.2856,0.7947,0.1556,0.0497,0.0472,0.9977,2.6463,0.5375,0.1495
56,12,226,230,5,9,8,0.1556,227.952,924.640,719.173,26.4910,15.0000,2.2400,1.7968,7.9283,0.7135,0.1883,0.0982,0.0006,0.9707,2.6553,0.5339,0.3253
32,5,226,228,3,6,7,0.2540,226.871,930.587,656.264,18.8524,10.0000,1.5920,0.8541,5.3034,0.4665,0.4030,0.1306,0.0235,0.9957,2.6428,1.5892,0.3433
33,3,226,228,3,8,7,0.1964,226.890,931.206,666.435,19.3022,10.0000,1.5789,3.2876,5.3034,0.4952,0.4141,0.0907,0.0203,0.9896,2.6517,1.0589,0.2919
44,3,226,229,4,9,6,0.2037,226.974,935.059,672.638,21.6689,9.0000,1.4613,2.5633,4.7891,0.5095,0.3661,0.1244,0.2230,0.9731,2.6571,1.5875,0.2546
21,4,226,228,3,4,5,0.3500,226.738,934.008,677.690,14.5948,9.0000,1.5000,0.7385,4.7731,0.4914,0.3103,0.1983,0.0573,0.8419,1.6071,0.5250,0.2619
59,4,226,229,4,10,7,0.2107,227.008,939.567,693.373,25.2006,11.0000,1.7781,1.6108,5.8338,0.4439,0.4534,0.1027,0.0023,0.9987,2.6571,1.0482,0.1671
67,5,226,229,4,8,9,0.2326,226.993,943.481,709.932,27.4723,10.0000,1.5802,1.7818,5.3034,0.3963,0.5158,0.0879,0.0279,0.9918,2.6544,1.0482,0.2925
24,5,226,229,4,5,3,0.4000,227.410,946.118,735.180,17.4051,11.0000,1.6398,1.2721,5.8338,0.6805,0.0503,0.2692,0.0105,0.9937,2.6410,0.5321,0.3602
24,4,226,228,3,4,5,0.4000,226.872,946.545,729.744,16.8952,9.0000,1.3846,1.2329,4.7891,0.5875,0.1749,0.2375,0.0918,0.9789,2.6544,0.5357,0.3397
9,3,226,228,3,3,4,0.2500,227.136,947.525,601.458,10.4253,9.0000,1.3729,1.5389,4.7731,0.7531,0.1147,0.1322,0.1382,0.2093,2.6535,1.5928,0.4237
81,8,226,230,5,7,14,0.1653,227.773,952.982,820.391,32.1491,16.0000,2.3693,2.7116,8.4855,0.9026,0.0445,0.0528,0.0485,0.9986,2.6562,1.0518,0.3821
47,9,226,229,4,7,7,0.2398,227.531,962.466,778.600,23.5521,10.0000,1.5410,1.5702,5.2856,0.2898,0.5901,0.1201,0.3003,0.9490,2.6553,0.5357,0.3344
12,3,226,229,4,2,4,0.3750,227.325,959.649,784.260,11.7755,8.0000,1.2468,1.0368,4.2427,0.5599,0.2284,0.2117,0.6131,0.0679,2.6553,0.5312,0.4156
22,4,226,228,3,4,5,0.3667,227.094,961.483,706.309,16.8420,11.0000,1.6242,1.7823,5.8534,0.5929,0.1834,0.2237,0.0108,0.4740,2.6499,0.5321,0.3289
23,3,226,228,3,4,5,0.3833,226.950,965.504,757.410,15.3738,10.0000,1.6547,1.6160,5.3034,0.1485,0.5417,0.3098,0.3371,0.9319,2.1339,0.5321,0.3237
16,5,226,229,4,6,2,0.3333,227.297,977.234,681.387,14.7023,11.0000,1.5856,0.8359,5.8141,0.7005,0.1700,0.1294,0.2251,0.4356,2.9187,0.5321,0.4144
29,3,226,229,4,4,9,0.2014,227.293,985.654,755.649,18.7915,10.0000,1.5183,2.6877,5.3034,0.8972,0.0220,0.0808,0.1459,0.9709,3.7053,1.0589,0.3560
10,3,226,229,4,2,4,0.3125,227.273,1021.409,1000.030,11.0586,9.0000,1.3636,0.4926,4.7731,0.3509,0.4075,0.2416,0.3995,0.1928,2.6562,1.5848,0.4091
25,3,226,228,3,8,4,0.2604,227.221,1074.767,931.939,17.2763,13.0000,1.9939,0.8004,6.8944,0.9319,0.0113,0.0568,0.1269,0.4143,2.6517,0.5268,0.3067
9,3,226,229,4,3,2,0.3750,227.381,1082.333,919.444,11.1229,9.0000,1.2857,1.0660,4.7570,0.6148,0.2177,0.1675,0.8535,0.1951,3.6999,1.0518,0.6508
10,4,226,228,3,3,2,0.5556,227.197,1088.211,564.225,11.8994,11.0000,1.5493,0.3665,5.8338,0.6015,0.1545,0.2440,0.6780,0.2008,2.9169,0.5303,0.5211
17,7,226,228,3,4,4,0.3542,226.841,1091.500,900.810,16.2156,11.0000,1.4841,0.9646,5.8338,0.1571,0.2553,0.5876,0.2304,0.9038,2.6642,0.5250,0.5317
19,4,226,230,5,4,6,0.1583,228.008,1089.984,905.000,15.0358,10.0000,1.5323,1.4200,5.3034,0.7769,0.1128,0.1103,0.5191,0.6643,2.6392,0.7910,0.3548
12,3,226,230,5,3,3,0.2667,228.244,1094.956,578.033,13.7210,10.0000,1.3333,1.2809,5.2677,0.8446,0.0596,0.0958,0.8163,0.1669,3.4357,1.0589,0.5111
28,3,226,230,5,6,5,0.1867,228.522,1100.101,688.781,17.7487,12.0000,1.8876,0.9209,6.3213,0.3870,0.3634,0.2496,0.0346,0.9247,3.1598,0.5357,0.2303
25,6,226,230,5,5,4,0.2500,228.407,1100.173,697.364,17.1017,12.0000,1.8519,0.7747,6.3427,0.5061,0.2922,0.2018,0.5839,0.5351,2.6321,0.7830,0.3457
30,3,226,230,5,4,7,0.2143,228.179,1102.689,705.626,18.3241,9.0000,1.4211,1.6653,4.7570,0.6979,0.1554,0.1467,0.3608,0.5023,3.6874,1.5892,0.3526
6,3,226,228,3,2,2,0.5000,226.674,1107.478,567.109,9.9704,11.0000,1.4348,0.5890,5.8338,0.6373,0.1269,0.2358,0.8795,0.0724,4.5231,1.0651,0.6304
8,3,226,228,3,3,3,0.2963,227.019,1173.075,397.528,9.9371,8.0000,1.2075,1.1502,4.2570,0.8146,0.0537,0.1317,0.6235,0.3672,3.9695,1.5910,0.4528
6,3,226,228,3,3,2,0.3333,226.767,1273.814,573.860,9.3173,9.0000,1.2558,0.8579,4.7731,0.4961,0.2890,0.2148,0.6616,0.1302,4.5106,1.5946,0.5814
48,3,227,231,5,6,8,0.2000,228.868,329.548,903.388,21.3749,9.0000,1.5374,1.5086,4.7410,0.5111,0.3521,0.1369,0.1332,0.9859,3.1660,2.0964,0.1210
11,3,227,229,3,3,4,0.3056,228.000,391.896,1006.746,10.6775,8.0000,1.3134,0.7535,4.2284,0.2164,0.5622,0.2214,0.1584,0.7915,3.6901,2.1026,0.3582
12,3,227,229,3,3,4,0.3333,228.097,409.861,674.431,10.9822,9.0000,1.5000,0.5941,4.7570,0.6500,0.1623,0.1877,0.5501,0.5539,2.1232,0.5330,0.3472
168,8,227,231,5,9,20,0.1867,228.556,417.502,797.989,42.6970,12.0000,1.9218,3.9517,6.3427,0.9024,0.0778,0.0198,0.0095,0.9993,3.6821,1.0500,0.2145
64,7,227,230,4,7,11,0.2078,228.416,429.990,839.365,27.4464,14.0000,2.1538,1.4851,7.3748,0.7473,0.1928,0.0599,0.0337,0.9990,2.6446,1.0491,0.3678
177,11,227,231,5,7,23,0.2199,228.349,432.323,712.358,46.1502,13.0000,1.9785,2.7498,6.8712,0.9466,0.0266,0.0268,0.0107,0.9982,3.6928,1.0571,0.2966
187,10,227,230,4,8,29,0.2015,227.969,451.177,751.784,46.8509,11.0000,1.6972,3.4584,5.8338,0.9607,0.0270,0.0124,0.0221,0.9930,2.6481,1.0553,0.2690
43,5,227,230,4,5,9,0.2389,228.368,459.996,666.816,22.2996,11.0000,1.7076,1.8528,5.8141,0.8569,0.0689,0.0742,0.0930,0.7090,2.6455,1.0464,0.2708
31,3,227,231,5,6,6,0.1722,228.985,458.584,906.777,18.6394,11.0000,1.7310,0.8813,5.7945,0.6396,0.1475,0.2128,0.2046,0.9779,2.6339,1.0446,0.1574
8,3,227,229,3,2,4,0.3333,227.741,462.278,642.741,10.1000,11.0000,1.6296,0.4600,5.8141,0.4225,0.3137,0.2638,0.4523,0.4658,2.6499,0.5339,0.5000
55,6,227,230,4,6,13,0.1763,228.385,465.929,911.715,24.2005,9.0000,1.4559,2.7428,4.7570,0.7889,0.1689,0.0421,0.0354,0.9536,2.6356,1.0464,0.2706
40,4,227,230,4,4,8,0.3125,228.671,470.731,743.257,20.7624,10.0000,1.6064,2.7757,5.2677,0.7258,0.0457,0.2286,0.0500,0.9974,2.6321,1.0429,0.2530
69,8,227,231,5,5,13,0.2123,228.518,471.038,755.417,28.2027,9.0000,1.3986,5.0428,4.7570,0.8818,0.0588,0.0594,0.0547,0.9777,2.6499,1.0500,0.2995
17,4,227,229,3,4,6,0.2361,228.291,471.393,915.504,14.9840,10.0000,1.4530,1.6401,5.2856,0.8484,0.0446,0.1071,0.0905,0.6945,2.6392,0.5357,0.4530
30,4,227,229,3,6,7,0.2381,228.096,477.289,924.155,18.0398,9.0000,1.4439,1.1945,4.7570,0.6151,0.2392,0.1457,0.1260,0.9597,3.1722,1.0535,0.2193
11,4,227,229,3,2,3,0.6111,228.061,478.659,563.524,13.0653,10.0000,1.3415,0.6287,5.2856,0.1092,0.4651,0.4257,1.0000,0.0000,4.2124,1.5821,0.4756
61,3,227,231,5,5,13,0.1877,229.071,483.283,657.616,26.7025,11.0000,1.6944,1.5602,5.7945,0.9139,0.0417,0.0444,0.0232,0.6577,2.6356,1.0482,0.2500
11,3,227,229,3,2,3,0.6111,228.057,481.471,804.671,11.1535,9.0000,1.4143,0.6250,4.7570,0.1446,0.4469,0.4085,1.0000,0.0000,2.6303,1.0491,0.3571
10,3,227,230,4,2,3,0.4167,228.328,481.478,941.060,11.1863,10.0000,1.4925,0.8530,5.2677,0.6827,0.1455,0.1718,0.9142,0.0101,2.6303,1.0500,0.4179
16,3,227,228,2,5,4,0.4000,227.559,485.814,902.137,13.4983,9.0000,1.4118,0.9966,4.7731,0.6600,0.1391,0.2010,0.0315,0.9842,2.6410,0.5321,0.2549
34,3,227,231,5,6,5,0.2267,228.975,490.814,595.085,17.9794,10.0000,1.7085,0.9961,5.2856,0.6709,0.2065,0.1226,0.4292,0.8349,2.1133,0.5268,0.1809
36,7,227,229,3,5,9,0.2667,227.938,489.630,828.991,20.0012,10.0000,1.5859,0.3753,5.2856,0.8698,0.0553,0.0749,0.0831,0.9798,2.6410,1.0535,0.3304
25,4,227,229,3,5,6,0.2778,227.600,489.519,876.306,16.9367,10.0000,1.5625,1.5282,5.3034,0.4820,0.3572,0.1608,0.1984,0.8967,2.6410,0.5303,0.3312
61,3,227,230,4,6,13,0.1955,228.086,493.225,841.305,25.3030,10.0000,1.6310,4.4453,5.3034,0.8823,0.0653,0.0525,0.0223,0.9997,3.1705,1.0535,0.1631
15,3,227,230,4,3,5,0.2500,228.313,493.475,586.202,13.4965,11.0000,1.6667,0.6440,5.8141,0.6641,0.0982,0.2377,0.1448,0.3994,2.6446,1.0455,0.2828
13,3,227,229,3,4,3,0.3611,228.183,495.854,946.220,12.0134,9.0000,1.4268,0.3210,4.7570,0.4310,0.0815,0.4874,0.2902,0.7564,2.6410,1.0500,0.3049
12,3,227,229,3,3,3,0.4444,227.795,503.822,856.836,11.1461,9.0000,1.4795,0.8630,4.7570,0.0454,0.2545,0.7001,0.0000,0.8967,2.1267,0.5357,0.3562
14,3,227,230,4,3,4,0.2917,228.424,526.200,520.600,11.9902,8.0000,1.3176,0.6159,4.2284,0.2950,0.3312,0.3738,0.0844,0.3399,2.6374,0.5214,0.2824
12,3,227,229,3,3,5,0.2667,227.831,553.578,957.892,12.6714,11.0000,1.5904,1.1979,5.8141,0.7567,0.0989,0.1444,0.0000,0.6391,2.9008,0.5357,0.3373
11,3,227,229,3,3,3,0.4074,227.958,568.083,689.222,11.4760,10.0000,1.5278,0.7833,5.2856,0.3579,0.3189,0.3232,0.7166,0.0972,2.6428,0.0009,0.3750
7,3,227,229,3,3,2,0.3889,227.860,772.400,460.100,9.9935,10.0000,1.4000,0.6242,5.2856,0.1917,0.4720,0.3362,0.3600,0.0855,2.6499,0.5232,0.5400
9,3,227,230,4,3,2,0.3750,228.000,808.426,488.639,10.7473,11.0000,1.6230,0.5583,5.8141,0.5235,0.2836,0.1929,0.8726,0.0261,2.6410,0.0107,0.4590
9,4,227,229,3,3,2,0.5000,228.238,828.540,521.413,11.0908,9.0000,1.2857,0.7199,4.7570,0.1776,0.3089,0.5135,0.0740,0.0873,2.6534,-0.2607,0.5397
34,3,227,230,4,7,8,0.1518,228.768,846.047,1127.213,19.0769,11.0000,1.7725,2.3912,5.7945,0.5861,0.2900,0.1239,0.1763,0.9831,2.6356,0.7893,0.2180
9,3,227,229,3,4,2,0.3750,228.000,859.069,515.914,10.2188,10.0000,1.5517,0.1104,5.2856,0.5277,0.3490,0.1233,0.6456,0.2152,2.1267,0.5294,0.4655
57,6,227,230,4,7,11,0.1851,228.537,881.090,644.110,25.5070,10.0000,1.5616,2.3593,5.2856,0.7390,0.1891,0.0719,0.0542,0.9925,2.6356,1.0482,0.3589
10,3,227,231,5,3,3,0.2222,228.609,880.016,925.094,10.6753,9.0000,1.4062,1.2521,4.7570,0.8646,0.0407,0.0948,0.8355,0.0837,2.6214,0.5321,0.4062
35,3,227,229,3,5,8,0.2917,228.019,887.412,622.123,18.8500,9.0000,1.4929,0.4308,4.7570,0.7746,0.1494,0.0760,0.0066,0.9575,3.1606,0.5321,0.1611
67,3,227,230,4,7,13,0.1841,228.673,890.514,663.199,26.2217,9.0000,1.4816,3.1646,4.7570,0.7128,0.2361,0.0510,0.0155,0.9988,2.6356,1.0527,0.1425
250,6,227,231,5,11,27,0.1684,228.928,904.267,722.287,54.3851,12.0000,1.8382,3.6890,6.3213,0.8706,0.1165,0.0129,0.0110,0.9985,3.6821,1.0500,0.3125
14,4,227,230,4,5,3,0.2333,228.521,905.830,868.702,13.2553,9.0000,1.3404,1.2990,4.7410,0.5452,0.1975,0.2574,0.0437,0.6063,3.1669,0.5286,0.3511
30,3,227,230,4,5,6,0.2500,228.726,915.629,1098.570,17.9052,10.0000,1.6129,1.6363,5.2677,0.5839,0.2053,0.2109,0.0487,0.9629,2.6303,0.5232,0.2312
13,3,227,230,4,5,3,0.2167,228.326,916.933,851.270,13.0326,10.0000,1.4607,1.0240,5.2856,0.7934,0.0693,0.1373,0.4466,0.1361,3.1580,0.5339,0.3258
81,8,227,230,4,10,11,0.1841,228.068,919.118,700.996,30.2383,10.0000,1.5728,2.3419,5.2856,0.5010,0.4305,0.0685,0.0288,0.9941,2.6446,1.0500,0.2621
8,3,227,229,3,1,4,0.6667,227.709,917.000,769.200,10.2881,10.0000,1.4545,0.7368,5.3034,0.5786,0.3523,0.0691,0.1357,0.0000,2.9071,0.5268,0.4909
13,3,227,230,4,3,3,0.3611,228.560,919.833,916.893,12.2908,9.0000,1.3929,1.0668,4.7570,0.4634,0.2623,0.2743,0.3940,0.1811,2.6339,0.5277,0.3095
10,4,227,230,4,2,2,0.6250,228.627,920.358,543.418,11.1750,9.0000,1.3433,0.7787,4.7410,0.6803,0.0554,0.2642,0.9393,0.1451,2.9062,1.0518,0.4925
35,8,227,229,3,7,7,0.2381,227.658,925.504,729.829,20.9302,11.0000,1.6453,1.7440,5.8141,0.8855,0.0436,0.0709,0.0251,0.9867,2.6446,0.5357,0.3547
95,6,227,230,4,9,15,0.1759,228.076,926.220,738.396,34.2096,15.0000,2.2583,5.6826,7.9283,0.7845,0.1791,0.0364,0.0008,1.0000,2.6446,1.0535,0.3518
24,3,227,231,5,4,7,0.1714,228.994,930.196,1090.055,17.5274,11.0000,1.6196,2.4951,5.7749,0.8310,0.0900,0.0790,0.4201,0.3245,2.1302,0.5303,0.3067
21,6,227,231,5,4,4,0.2625,228.345,936.266,707.439,16.0137,11.0000,1.6619,0.6186,5.8141,0.7506,0.0276,0.2218,0.6895,0.7227,2.6428,0.5339,0.3813
6,3,227,229,3,3,2,0.3333,227.829,940.024,753.707,8.8522,8.0000,1.1707,0.8797,4.2427,0.7883,0.0590,0.1528,0.8297,0.1610,3.1678,0.5330,0.5854
19,8,227,229,3,6,3,0.3519,227.876,942.597,845.620,15.6490,11.0000,1.6202,1.0364,5.8338,0.6710,0.1082,0.2208,0.2019,0.0515,2.6535,0.5268,0.5426
48,6,227,230,4,7,8,0.2143,228.230,947.779,831.773,24.8515,11.0000,1.6196,2.5501,5.8141,0.6834,0.1225,0.1941,0.0731,0.9436,2.9080,1.0464,0.3558
17,6,227,229,3,5,3,0.3778,227.729,954.788,812.805,15.1407,10.0000,1.4407,0.7836,5.3034,0.6390,0.1562,0.2048,0.0725,0.1455,2.1321,0.5303,0.4661
46,11,227,231,5,5,8,0.2300,228.322,968.373,835.023,24.2104,10.0000,1.4791,0.7746,5.2677,0.7920,0.0736,0.1344,0.1340,0.9716,3.1597,1.0473,0.4244
54,8,227,231,5,7,8,0.1929,228.129,971.546,825.080,25.1637,11.0000,1.6971,2.5412,5.8141,0.6445,0.1891,0.1664,0.1413,0.9562,2.6562,0.5393,0.3343
22,6,227,230,4,4,6,0.2292,228.406,971.007,1060.280,16.0924,11.0000,1.6923,1.3425,5.8141,0.5796,0.1991,0.2213,0.3770,0.6196,2.6428,0.5321,0.4266
16,5,227,229,3,5,3,0.3556,227.748,975.600,811.791,15.2089,11.0000,1.5304,0.6835,5.8141,0.5727,0.3188,0.1085,0.0371,0.6768,2.6499,1.0535,0.4261
7,3,227,228,2,2,3,0.5833,227.383,995.894,1023.915,9.4090,8.0000,1.1915,0.9975,4.2427,0.5916,0.2044,0.2040,0.1485,0.2953,4.2249,0.2678,0.5106
55,7,227,230,4,5,9,0.3056,228.827,995.528,814.032,26.3676,11.0000,1.6307,3.1258,5.8141,0.8059,0.0948,0.0993,0.0273,0.9916,2.6481,0.5339,0.3315
57,5,227,229,3,6,15,0.2111,228.092,1004.151,767.324,25.0554,11.0000,1.7514,2.3307,5.8141,0.9036,0.0624,0.0341,0.0259,0.9987,3.6946,1.0500,0.2514
47,4,227,229,3,8,9,0.2176,228.072,1004.814,751.795,23.6633,13.0000,1.9902,3.4182,6.8712,0.6322,0.3062,0.0615,0.0155,0.9996,3.6946,1.0598,0.3290
15,5,227,229,3,3,5,0.3333,227.679,1005.009,717.915,14.4818,9.0000,1.2736,1.2800,4.7731,0.5326,0.2768,0.1906,0.1084,0.7851,4.2374,1.5848,0.5566
17,3,227,229,3,4,4,0.3542,228.134,1004.812,734.384,14.3512,8.0000,1.2143,0.4478,4.2284,0.6637,0.0977,0.2386,0.4324,0.7118,2.9044,1.0482,0.2143
23,3,227,231,5,4,6,0.1917,228.980,1037.412,997.297,16.2575,10.0000,1.5541,2.2122,5.2677,0.7776,0.1093,0.1131,0.3500,0.0536,2.1232,0.5286,0.3176
6,3,227,229,3,2,2,0.5000,227.786,1041.119,472.333,9.0694,8.0000,1.1429,0.8618,4.2427,0.5230,0.1584,0.3185,0.9225,0.0898,3.4294,1.0535,0.5714
12,3,227,229,3,4,2,0.5000,228.013,1042.397,527.769,11.9008,10.0000,1.5385,0.4598,5.2856,0.4519,0.2786,0.2695,0.4623,0.2223,2.3919,0.5321,0.3590
15,4,227,230,4,4,5,0.1875,227.706,1044.471,981.304,13.9341,10.0000,1.4706,1.6593,5.3034,0.7109,0.0501,0.2390,0.1800,0.1566,2.6535,0.5330,0.4118
14,5,227,229,3,5,3,0.3111,227.869,1044.333,531.727,13.9912,9.0000,1.2727,1.1285,4.7731,0.7139,0.1394,0.1467,0.1964,0.9804,3.1731,1.0527,0.5051
8,3,227,230,4,3,2,0.3333,228.304,1048.929,553.732,10.4542,9.0000,1.2857,0.4111,4.7570,0.4251,0.3708,0.2041,0.9415,0.0675,3.7053,1.5812,0.4643
9,3,227,228,2,4,2,0.5625,227.433,1063.167,953.633,10.5914,10.0000,1.5000,0.7853,5.3034,0.7345,0.0487,0.2169,0.3113,0.6816,2.6517,0.5303,0.4333
20,4,227,229,3,5,5,0.2667,228.000,1065.231,571.092,15.3645,10.0000,1.5385,0.9366,5.2856,0.2795,0.4760,0.2446,0.3436,0.9390,2.9088,0.5339,0.3385
14,3,227,229,3,5,4,0.2333,228.011,1068.495,578.863,13.4195,11.0000,1.6211,0.5134,5.8141,0.5978,0.2278,0.1744,0.1700,0.9853,2.9080,1.0562,0.2842
24,5,227,230,4,7,2,0.4286,228.391,1075.710,598.349,18.2096,11.0000,1.5621,2.3491,5.8141,0.8415,0.0772,0.0813,0.0142,0.0429,3.7053,1.5866,0.4438
12,3,227,230,4,5,2,0.3000,228.950,1078.263,684.475,12.1674,9.0000,1.3500,1.8020,4.7410,0.5782,0.2725,0.1492,0.1261,0.3422,2.8937,0.0089,0.5125
12,4,227,229,3,3,3,0.4444,228.074,1081.864,607.889,12.3560,11.0000,1.6296,0.1905,5.8141,0.2924,0.2495,0.4581,0.7395,0.5007,2.6374,0.7902,0.4444
28,3,227,229,3,6,6,0.2593,228.275,1084.618,620.427,17.7635,10.0000,1.5730,2.7437,5.2677,0.6969,0.1781,0.1250,0.0095,0.9957,3.6946,0.5303,0.1966
42,5,227,230,4,8,7,0.1875,228.384,1088.508,638.488,21.0147,11.0000,1.7907,1.6163,5.8141,0.1458,0.6650,0.1892,0.0268,0.9674,2.1303,0.5303,0.2558
15,3,227,229,3,6,3,0.2778,228.177,1086.583,629.219,13.0935,9.0000,1.4062,2.0059,4.7570,0.7910,0.0512,0.1579,0.0042,0.7261,2.6410,0.5268,0.3646
9,4,227,229,3,4,2,0.3750,228.522,1091.075,644.910,11.7836,11.0000,1.4776,0.4916,5.7945,0.6480,0.2341,0.1178,0.2578,0.1928,3.1731,1.5803,0.5821
14,3,227,229,3,4,3,0.3889,228.309,1093.904,650.223,13.2649,9.0000,1.3404,1.1601,4.7570,0.6721,0.0671,0.2608,0.2061,0.3112,2.6499,0.5303,0.4468
22,4,227,230,4,3,6,0.3056,228.567,1091.348,674.326,15.8587,10.0000,1.5603,1.8839,5.2856,0.6747,0.1111,0.2142,0.0939,0.3192,2.6356,1.5768,0.3191
11,3,227,228,2,3,4,0.4583,227.522,1110.463,802.642,10.6947,9.0000,1.4776,0.9481,4.7731,0.6075,0.1842,0.2083,0.1973,0.8144,1.6053,0.5321,0.3881
75,3,228,231,4,6,12,0.2604,229.727,292.569,701.147,28.4577,10.0000,1.5991,2.8981,5.2499,0.8613,0.0724,0.0664,0.0456,0.9989,2.6267,1.0447,0.1493
46,8,228,231,4,4,11,0.2614,229.144,293.941,743.477,23.7551,11.0000,1.6536,0.5018,5.7945,0.8894,0.0209,0.0896,0.1282,0.1422,2.6374,1.0473,0.3007
258,18,228,232,5,8,40,0.1613,229.361,296.077,774.686,54.0138,12.0000,1.8775,2.5175,6.3213,0.9854,0.0083,0.0062,0.0097,0.9765,3.6892,2.0885,0.2492
42,3,228,231,4,4,9,0.2917,229.529,294.827,679.498,20.6901,9.0000,1.4824,1.5982,4.7410,0.8490,0.0685,0.0825,0.0637,0.9359,2.6267,1.0447,0.1333
51,7,228,232,5,4,9,0.2833,229.652,298.548,650.788,24.2883,9.0000,1.3909,0.8777,4.7410,0.8018,0.0448,0.1534,0.1417,0.8795,2.6392,1.0429,0.2333
118,4,228,231,4,7,21,0.2007,229.142,300.944,805.355,35.4802,11.0000,1.7732,7.9177,5.7945,0.9529,0.0298,0.0174,0.0113,0.9717,3.6839,1.0464,0.1803
81,3,228,230,3,8,16,0.2109,228.950,311.215,850.225,28.0408,8.0000,1.3528,1.4418,4.2142,0.8978,0.0684,0.0338,0.0001,1.0000,3.6874,1.0464,0.1169
43,3,228,231,4,5,11,0.1955,228.784,316.091,864.826,21.2232,9.0000,1.4659,3.0367,4.7410,0.9429,0.0063,0.0508,0.0110,0.9145,2.6374,0.5321,0.2159
40,7,228,231,4,6,9,0.1852,228.696,326.700,895.206,21.4276,10.0000,1.5564,0.9011,5.2677,0.8575,0.0524,0.0901,0.0350,0.9125,3.6928,1.0500,0.3191
26,3,228,230,3,4,9,0.2407,228.591,350.380,943.766,17.6903,10.0000,1.5205,3.1472,5.2856,0.9248,0.0150,0.0603,0.0210,0.8720,3.6892,1.0562,0.3918
599,16,228,232,5,10,73,0.1641,229.693,392.476,739.878,85.9995,12.0000,1.7948,3.1733,6.2999,0.9929,0.0054,0.0017,0.0037,0.9994,3.6803,1.0464,0.2797
79,12,228,230,3,6,15,0.2926,229.320,395.514,780.628,29.9565,10.0000,1.5613,0.7103,5.2677,0.9128,0.0538,0.0334,0.0241,0.9995,2.6374,1.0482,0.2213
8,4,228,230,3,3,3,0.2963,228.448,432.466,794.879,10.8222,9.0000,1.2414,0.6574,4.7570,0.7214,0.1285,0.1501,0.4865,0.0931,2.8999,1.0464,0.5690
19,5,228,230,3,2,5,0.6333,228.992,433.462,625.795,15.9527,12.0000,1.7273,0.5054,6.3213,0.5722,0.2284,0.1993,0.1767,0.1103,2.1213,0.0018,0.3561
30,4,228,231,4,3,8,0.3125,228.915,434.234,864.931,18.0862,9.0000,1.4362,1.2085,4.7410,0.7835,0.0873,0.1292,0.0030,0.1892,2.6339,1.0482,0.2234
22,3,228,231,4,3,7,0.2619,228.931,437.901,608.046,14.7159,9.0000,1.5115,0.1291,4.7410,0.8225,0.0271,0.1504,0.3663,0.5332,2.6303,0.5294,0.1985
49,4,228,231,4,8,8,0.1914,229.161,461.349,568.806,22.8646,11.0000,1.7730,2.5805,5.7945,0.2978,0.4806,0.2217,0.1006,0.9816,2.6356,1.0500,0.2007
35,3,228,230,3,7,7,0.2381,229.052,466.346,559.773,18.7844,9.0000,1.4929,2.0901,4.7570,0.4833,0.3722,0.1444,0.0463,0.9598,2.1160,0.5303,0.2417
85,7,228,231,4,13,10,0.1635,229.265,465.255,942.699,29.9699,9.0000,1.4571,4.3404,4.7410,0.7116,0.2525,0.0359,0.0596,0.9822,2.6267,1.0447,0.1790
27,5,228,231,4,4,6,0.2812,228.903,466.469,647.731,17.7469,10.0000,1.5429,1.7594,5.2499,0.6973,0.1046,0.1981,0.3298,0.4932,2.6339,1.0438,0.3943
9,4,228,230,3,2,3,0.5000,228.619,472.317,761.333,11.0765,9.0000,1.2857,0.8309,4.7410,0.4635,0.3128,0.2237,0.8462,0.3326,2.6463,0.2625,0.5238
12,3,228,231,4,2,3,0.5000,229.064,474.603,546.179,11.8586,9.0000,1.3846,1.0325,4.7250,0.4269,0.2428,0.3303,0.9709,0.1503,2.1249,0.0142,0.3205
19,3,228,230,3,5,5,0.2533,228.719,486.182,564.727,14.6368,9.0000,1.4132,1.1228,4.7570,0.6189,0.1133,0.2678,0.0857,0.6195,2.6428,0.5339,0.2727
48,3,228,231,4,8,8,0.1875,229.287,484.780,967.993,21.4206,9.0000,1.5319,1.2950,4.7410,0.3447,0.5358,0.1194,0.1326,0.9892,2.1178,1.0500,0.0887
116,6,228,231,4,7,23,0.1801,229.553,489.202,739.807,34.0753,11.0000,1.8281,8.2443,5.7749,0.9457,0.0382,0.0161,0.0147,0.9997,2.6179,1.0447,0.1662
9,3,228,231,4,2,2,0.5625,229.193,488.351,773.316,10.0022,9.0000,1.4211,0.5100,4.7410,0.6869,0.0545,0.2586,0.9625,0.2711,2.1160,0.2634,0.4561
51,3,228,232,5,5,10,0.2040,229.227,490.559,756.125,23.0702,9.0000,1.4665,1.9398,4.7410,0.7265,0.1823,0.0912,0.0574,0.8317,2.6374,1.0456,0.1374
74,5,228,232,5,8,12,0.1542,229.793,492.019,703.711,28.2766,10.0000,1.5983,4.3621,5.2677,0.8240,0.1118,0.0641,0.1445,0.9653,2.6285,1.0464,0.2311
105,4,228,232,5,7,20,0.1500,229.763,490.155,718.775,33.0727,11.0000,1.7907,1.9383,5.7945,0.9302,0.0470,0.0228,0.0250,0.9927,2.6303,0.5339,0.1085
21,6,228,230,3,4,5,0.3500,228.597,494.903,523.736,16.5756,10.0000,1.4583,1.3301,5.2677,0.7672,0.0090,0.2238,0.1142,0.2743,3.1571,0.5250,0.3819
25,4,228,230,3,5,6,0.2778,229.149,495.727,784.963,16.9536,12.0000,1.8634,1.0118,6.3213,0.5980,0.2428,0.1592,0.0507,0.9334,2.6356,0.5357,0.2795
15,3,228,230,3,4,4,0.3125,228.837,499.561,618.204,13.3366,9.0000,1.3776,0.5107,4.7410,0.1523,0.5756,0.2721,0.3521,0.9279,2.6428,0.5250,0.2653
17,4,228,229,2,4,5,0.4250,228.487,501.365,577.061,14.7181,10.0000,1.4783,0.6117,5.2856,0.7818,0.0707,0.1476,0.0373,0.9479,2.6428,1.0500,0.3826
25,4,228,230,3,4,8,0.2604,228.933,503.227,812.960,15.8068,10.0000,1.6667,2.3813,5.2677,0.8630,0.0341,0.1029,0.1269,0.9477,2.1196,0.5294,0.2267
10,3,228,229,2,4,3,0.4167,228.274,510.903,873.258,10.3533,8.0000,1.2903,0.3888,4.2284,0.6951,0.1176,0.1873,0.2011,0.9757,2.6303,0.5250,0.3871
5,3,228,229,2,2,3,0.4167,228.778,523.278,579.639,8.4873,10.0000,1.3889,0.7312,5.2677,0.7729,0.0435,0.1836,0.2791,0.2890,3.6856,1.0491,0.7222
15,5,228,230,3,4,4,0.3125,228.630,525.593,525.278,14.7078,9.0000,1.2500,0.9082,4.7570,0.5105,0.1303,0.3593,0.4339,0.8963,2.6534,0.5268,0.4815
8,3,228,230,3,2,3,0.4444,228.842,529.088,523.877,10.6215,11.0000,1.5439,0.2184,5.7945,0.2004,0.5859,0.2137,0.9674,0.2534,2.3714,0.5286,0.5088
10,4,228,229,2,2,3,0.8333,228.471,533.441,514.735,11.3478,8.0000,1.1765,0.6973,4.2284,0.5122,0.0732,0.4146,0.0000,0.0000,2.9008,0.5321,0.4706
18,3,228,230,3,5,6,0.2000,228.920,534.540,568.345,14.0341,9.0000,1.4336,1.0853,4.7570,0.7930,0.0413,0.1657,0.1480,0.5654,2.6356,1.0464,0.2389
7,3,228,229,2,2,2,0.8750,228.481,546.615,682.596,10.3715,10.0000,1.3462,0.7620,5.2677,0.0000,0.3318,0.6682,0.0000,0.5774,4.7427,1.5803,0.6538
16,3,228,230,3,4,3,0.4444,229.047,576.113,517.887,13.9573,10.0000,1.5094,0.8952,5.2677,0.5953,0.2039,0.2008,0.0415,0.1733,2.6339,1.0464,0.2453
7,3,228,229,2,2,3,0.5833,228.300,640.240,473.940,9.9787,10.0000,1.4000,0.7424,5.2677,0.6517,0.0773,0.2710,0.3251,0.7071,2.1178,0.2678,0.5600
7,3,228,230,3,2,3,0.3889,228.745,669.681,1144.872,9.3659,9.0000,1.3404,0.7383,4.7410,0.2288,0.4003,0.3709,0.8098,0.1818,2.6356,0.5321,0.5319
7,3,228,230,3,3,3,0.2593,228.935,683.761,492.957,9.1607,9.0000,1.3696,0.2516,4.7410,0.6512,0.0359,0.3129,0.3779,0.6257,2.6321,0.7875,0.5435
10,3,228,230,3,3,3,0.3704,229.273,693.030,970.242,10.9842,10.0000,1.5152,0.3662,5.2677,0.2773,0.4030,0.3197,0.6255,0.7205,2.6285,1.0518,0.4091
11,3,228,230,3,3,4,0.3056,229.241,714.342,1142.608,12.5372,11.0000,1.5316,1.0789,5.7749,0.4893,0.2966,0.2141,0.2029,0.7393,2.6499,0.5277,0.3544
15,4,228,230,3,3,5,0.3333,228.641,788.293,961.859,12.5283,9.0000,1.4674,0.9646,4.7570,0.6423,0.1686,0.1891,0.2777,0.2117,1.5928,0.0036,0.3587
6,3,228,230,3,2,2,0.5000,229.000,789.489,441.511,10.1076,10.0000,1.2766,0.7073,5.2677,0.6168,0.1058,0.2774,0.7071,0.7071,3.4240,0.7857,0.5957
13,3,228,230,3,6,2,0.3611,228.694,846.635,931.412,12.4314,10.0000,1.5294,0.8165,5.2677,0.7834,0.1175,0.0991,0.2681,0.1758,2.1213,0.5205,0.3294
29,3,228,231,4,4,7,0.2589,229.429,856.869,635.318,19.3402,10.0000,1.4646,3.0084,5.2677,0.8468,0.0462,0.1071,0.0289,0.8085,2.6383,1.0562,0.3535
25,4,228,230,3,6,7,0.1984,229.096,874.442,638.250,16.4300,9.0000,1.4423,0.5171,4.7410,0.6882,0.1967,0.1151,0.0408,0.9443,2.6339,0.7884,0.2115
16,5,228,231,4,4,4,0.2500,229.116,881.612,932.669,15.9287,11.0000,1.4545,1.6790,5.7749,0.4978,0.2447,0.2574,0.5853,0.7993,2.6374,0.2625,0.5537
5,3,228,230,3,2,1,0.8333,228.676,900.622,349.000,8.7260,9.0000,1.2162,0.7744,4.7570,0.5854,0.2927,0.1220,0.9487,0.0000,4.7552,1.0544,0.7027
22,3,228,231,4,5,4,0.2750,229.367,901.333,718.433,16.8254,11.0000,1.6133,0.8756,5.7945,0.6528,0.2273,0.1199,0.1416,0.5982,2.1106,0.0035,0.3733
43,3,228,231,4,6,7,0.2560,229.211,907.543,830.325,21.2729,9.0000,1.4604,3.0530,4.7410,0.4885,0.3378,0.1737,0.0560,0.9429,2.6339,1.0402,0.1962
9,3,228,230,3,2,3,0.5000,229.034,905.898,905.831,10.3587,9.0000,1.3729,0.2005,4.7410,0.4845,0.3543,0.1611,0.7361,0.1485,2.1249,-0.5232,0.4407
20,3,228,232,5,4,5,0.2000,229.766,908.121,960.331,14.5682,9.0000,1.4516,2.1518,4.7410,0.7205,0.0516,0.2279,0.4398,0.4650,2.3705,0.0035,0.2016
12,7,228,230,3,3,3,0.4444,228.811,910.505,929.674,14.4556,11.0000,1.3895,1.3289,5.7749,0.3352,0.2662,0.3986,0.7455,0.4618,3.7017,1.0429,0.6842
11,3,228,231,4,4,2,0.3438,229.403,932.250,931.319,11.4201,9.0000,1.3750,1.0106,4.7250,0.6442,0.2370,0.1188,0.4585,0.2292,2.6356,0.5303,0.3611
21,5,228,231,4,4,5,0.2625,229.000,956.200,642.136,16.0932,11.0000,1.6500,0.8871,5.7945,0.4242,0.3581,0.2177,0.3266,0.7633,2.6356,0.5312,0.3786
22,5,228,231,4,5,3,0.3667,229.327,956.693,864.940,16.8277,10.0000,1.4667,0.9683,5.2499,0.4886,0.2498,0.2616,0.4774,0.2222,3.1526,0.5250,0.4133
7,3,228,229,2,2,2,0.8750,228.630,960.444,653.519,10.7650,10.0000,1.2963,0.7769,5.2677,0.0000,0.3318,0.6682,0.5977,0.5774,2.6481,0.0036,0.5185
16,4,228,232,5,6,3,0.1778,229.436,961.366,856.248,13.2815,8.0000,1.2673,1.6618,4.2284,0.5882,0.2980,0.1138,0.5923,0.4263,2.1106,1.0482,0.3168
6,3,228,230,3,2,2,0.5000,228.909,963.250,606.864,9.4653,10.0000,1.3636,0.2989,5.2677,0.5230,0.1584,0.3185,0.9225,0.0898,3.1642,0.5286,0.6136
10,3,228,230,3,4,3,0.2778,228.853,967.544,608.618,11.3331,9.0000,1.3235,0.6811,4.7410,0.4973,0.2821,0.2205,0.4727,0.6712,2.9035,0.5259,0.5000
18,4,228,231,4,5,4,0.2250,229.260,970.935,876.179,15.2585,9.0000,1.3171,1.2713,4.7410,0.3594,0.4553,0.1853,0.2874,0.7622,3.4089,1.0473,0.4715
19,3,228,231,4,5,3,0.3167,229.386,986.803,843.150,15.3280,10.0000,1.4961,0.9035,5.2677,0.7086,0.0608,0.2306,0.4583,0.2196,2.1213,0.0000,0.3543
24,4,228,231,4,7,3,0.2857,229.163,988.307,840.248,16.4426,10.0000,1.5686,1.3406,5.2677,0.7903,0.1263,0.0834,0.1381,0.0833,2.1178,0.5214,0.2288
41,4,228,231,4,5,7,0.2929,228.969,988.739,834.602,21.4743,10.0000,1.5709,2.4128,5.2677,0.7896,0.0414,0.1690,0.0739,0.9924,2.6339,0.5268,0.2644
26,5,228,232,5,4,6,0.2167,229.062,993.181,821.737,16.5260,9.0000,1.4625,1.9636,4.7410,0.4248,0.2411,0.3341,0.2555,0.1741,2.6250,1.0429,0.2562
72,5,228,230,3,6,13,0.3077,228.753,1000.335,793.564,28.9539,10.0000,1.5451,5.4515,5.2677,0.9108,0.0399,0.0493,0.0344,0.9883,2.6481,0.5321,0.2747
7,3,228,230,3,3,2,0.3889,228.820,1005.120,400.120,9.9612,10.0000,1.4000,0.2474,5.2677,0.1917,0.4720,0.3362,0.9296,0.1173,3.6981,1.0500,0.5600
30,3,228,230,3,5,8,0.2500,229.148,1010.194,833.842,18.8409,9.0000,1.3776,2.1719,4.7410,0.8921,0.0477,0.0602,0.1233,0.9833,2.6428,1.0482,0.2245
63,6,228,231,4,6,10,0.2625,229.637,1013.296,823.773,27.9467,13.0000,1.9408,1.2241,6.8481,0.8690,0.0659,0.0652,0.0127,0.9848,2.6383,0.5303,0.2962
72,5,228,231,4,8,13,0.1731,229.288,1019.445,795.306,29.9560,12.0000,1.7888,4.3515,6.3213,0.8933,0.0647,0.0420,0.0526,0.9505,3.6928,0.5339,0.2629
38,8,228,231,4,7,7,0.1939,229.239,1022.405,775.124,22.1147,14.0000,2.0541,1.9653,7.3748,0.0624,0.7347,0.2029,0.0880,0.9932,3.6821,0.5303,0.3359
6,3,228,229,2,2,2,0.7500,228.643,1022.238,782.524,9.0432,9.0000,1.2857,0.6411,4.7410,0.2000,0.3333,0.4667,0.7071,0.7071,3.4285,-0.0071,0.5952
23,3,228,230,3,5,6,0.2556,229.034,1022.669,769.378,16.2545,9.0000,1.3986,2.0982,4.7410,0.8218,0.0730,0.1051,0.1931,0.8769,2.6339,0.5294,0.2770
38,3,228,230,3,4,11,0.2879,228.868,1024.644,760.860,21.3730,15.0000,2.2800,0.4047,7.9016,0.9213,0.0281,0.0506,0.0008,0.9999,3.6839,1.5803,0.2720
15,8,228,231,4,4,3,0.3125,228.917,1043.213,710.944,14.6935,10.0000,1.3889,0.2353,5.2677,0.4088,0.3478,0.2435,0.8330,0.5520,4.7374,1.5777,0.6389
26,3,228,231,4,7,5,0.1857,229.375,1068.530,640.018,17.3339,9.0000,1.3929,2.7395,4.7410,0.7884,0.1188,0.0928,0.2448,0.9662,2.6374,1.0500,0.2083
34,5,228,231,4,6,5,0.2833,229.242,1072.797,654.654,20.8517,10.0000,1.4719,1.9271,5.2677,0.6073,0.2494,0.1432,0.2073,0.9209,2.8937,1.0491,0.3377
40,3,228,231,4,9,5,0.2222,229.361,1074.657,667.064,23.2929,13.0000,1.8571,1.7510,6.8481,0.7990,0.0916,0.1094,0.1717,0.9717,3.1660,1.0562,0.3464
31,3,228,232,5,9,4,0.1722,229.528,1076.872,680.523,18.4163,9.0000,1.4308,2.6698,4.7410,0.8067,0.1257,0.0677,0.0326,0.6863,2.6232,0.5268,0.2205
38,3,228,231,4,9,6,0.1759,229.538,1080.064,871.791,21.2394,11.0000,1.6787,1.6206,5.7945,0.8279,0.0672,0.1049,0.0773,0.9900,3.6892,1.5750,0.1968
8,4,228,230,3,3,2,0.4444,228.930,1080.684,691.684,10.6184,10.0000,1.4035,0.7568,5.2677,0.1992,0.5855,0.2153,0.5513,0.2418,3.4285,0.5232,0.5965
40,3,228,231,4,6,9,0.1852,229.693,1083.839,753.195,21.6879,14.0000,2.1456,2.5023,7.3499,0.6157,0.2827,0.1016,0.0355,0.9697,3.6714,1.5750,0.1992
30,3,228,231,4,5,7,0.2143,229.714,1085.251,856.517,19.4765,10.0000,1.4778,2.0675,5.2677,0.6618,0.1455,0.1927,0.0464,0.9967,3.1393,0.5268,0.2660
19,3,228,231,4,5,4,0.2375,229.471,1091.322,836.157,14.5996,11.0000,1.7273,0.8401,5.7945,0.6397,0.1622,0.1981,0.0748,0.7245,2.6241,1.0482,0.2314
19,4,228,230,3,5,5,0.2533,228.917,1096.744,674.241,16.0776,11.0000,1.5714,0.8055,5.7945,0.4190,0.2201,0.3609,0.0479,0.8039,3.1624,0.7919,0.3459
20,7,228,231,4,5,4,0.2500,229.536,1098.943,798.736,16.4608,11.0000,1.5714,0.5373,5.7749,0.2811,0.3497,0.3691,0.3375,0.5143,3.9393,1.0456,0.4643
34,9,228,231,4,5,5,0.3400,229.145,1102.889,758.349,21.2198,10.0000,1.4468,1.7227,5.2856,0.1991,0.4195,0.3814,0.2791,0.7719,3.1597,0.5232,0.3830
20,4,228,230,3,4,5,0.3333,228.770,1103.561,753.820,16.3856,10.0000,1.4388,1.6721,5.2677,0.1983,0.5093,0.2924,0.3127,0.9376,3.1615,0.5286,0.4892
21,4,228,231,4,5,5,0.2100,228.993,1103.876,745.139,15.7488,11.0000,1.6861,1.1455,5.7945,0.7356,0.0968,0.1677,0.2994,0.9506,2.6321,0.5321,0.3358
7,3,228,230,3,3,1,0.7778,228.652,1117.043,643.000,9.1695,9.0000,1.3696,1.0178,4.7410,0.4747,0.4312,0.0941,0.5071,0.0000,2.1106,-0.2536,0.5435
4,3,228,229,2,2,1,1.0000,228.448,1142.448,426.000,7.6525,8.0000,1.1034,0.6340,4.2284,0.0000,0.7500,0.2500,1.0000,0.0000,3.6928,0.5286,0.8276
3,3,228,229,2,1,2,0.7500,228.692,1153.000,390.692,7.9157,10.0000,1.1538,0.4351,5.2677,0.5333,0.2667,0.2000,0.7071,0.0000,4.7570,1.5785,1.0000
10,3,229,231,3,3,2,0.5556,229.691,301.897,635.632,11.3010,11.0000,1.6176,0.4911,5.7749,0.3936,0.2519,0.3544,0.6299,0.5143,2.6188,0.0053,0.3971
34,4,229,232,4,5,10,0.1700,230.232,303.295,628.950,19.7924,10.0000,1.5455,3.3026,5.2677,0.9189,0.0352,0.0459,0.0098,0.1821,2.6250,0.5321,0.2091
67,4,229,232,4,6,15,0.1861,230.627,328.934,841.031,27.1371,11.0000,1.7382,2.0656,5.7554,0.8818,0.0714,0.0468,0.0477,0.9951,3.6661,1.0447,0.1392
680,15,229,233,5,10,87,0.1563,230.407,373.110,728.653,89.3868,14.0000,2.1413,5.7375,7.3499,0.9951,0.0035,0.0014,0.0030,0.9999,3.6679,1.0429,0.2175
94,9,229,233,5,9,13,0.1607,230.755,376.980,679.776,34.4052,13.0000,1.9184,3.9832,6.8249,0.8845,0.0503,0.0652,0.0182,0.8630,2.6196,1.0359,0.2669
24,3,229,232,4,4,5,0.3000,230.461,385.461,639.916,16.4776,11.0000,1.7143,1.1582,5.7749,0.5572,0.1557,0.2872,0.1353,0.8083,2.6143,1.0376,0.2013
168,3,229,232,4,12,23,0.1522,230.194,406.205,886.146,41.2063,12.0000,1.9804,8.7564,6.2999,0.8868,0.0977,0.0156,0.0227,0.9928,3.6573,1.0482,0.0845
56,3,229,234,6,7,8,0.1667,231.056,405.550,924.309,23.7679,10.0000,1.6471,1.3852,5.2322,0.3685,0.5026,0.1289,0.1130,0.8786,2.6142,1.0429,0.1088
11,5,229,231,3,2,4,0.4583,229.893,413.762,894.512,13.3014,11.0000,1.4405,0.5746,5.7749,0.2507,0.3775,0.3718,0.2613,0.2336,3.6714,0.0036,0.5476
18,3,229,231,3,4,4,0.3750,230.388,419.569,558.845,14.3353,9.0000,1.3966,0.8500,4.7090,0.2446,0.4364,0.3190,0.1092,0.9434,2.6267,1.0447,0.2328
29,4,229,231,3,5,5,0.3867,230.065,422.292,914.097,18.0316,11.0000,1.7243,1.3075,5.7749,0.4190,0.2223,0.3587,0.1144,0.9932,2.6179,1.0367,0.2054
20,3,229,231,3,4,6,0.2778,229.774,425.387,917.427,14.5678,10.0000,1.6129,0.7806,5.2499,0.6445,0.1437,0.2117,0.1103,0.9741,2.6250,1.0447,0.2258
70,6,229,231,3,11,14,0.1515,229.967,429.697,925.053,28.5540,11.0000,1.6923,3.4927,5.7749,0.8623,0.1064,0.0313,0.0223,0.9985,2.6267,1.0411,0.2220
43,4,229,232,4,9,7,0.1706,230.188,452.728,545.938,22.0828,11.0000,1.7138,2.0879,5.7749,0.7680,0.1304,0.1016,0.1734,0.8166,2.6356,0.5268,0.1377
14,4,229,232,4,2,4,0.4375,230.369,469.583,979.553,14.4340,12.0000,1.6311,0.7140,6.2999,0.5791,0.2095,0.2113,0.5775,0.0702,2.3598,0.5197,0.3981
9,3,229,232,4,3,2,0.3750,230.547,472.172,521.531,11.1792,10.0000,1.4062,0.7405,5.2499,0.6177,0.2537,0.1286,0.8577,0.2163,2.6250,0.5232,0.4375
45,7,229,232,4,6,5,0.3750,230.822,509.518,726.228,23.6475,12.0000,1.7822,1.8622,6.2999,0.4017,0.2840,0.3143,0.0149,0.9412,2.6311,0.5285,0.2343
90,4,229,232,4,5,20,0.2250,230.564,509.963,750.465,33.0300,11.0000,1.6555,2.5288,5.7749,0.9707,0.0055,0.0238,0.0089,0.9520,3.6697,1.0429,0.2425
11,5,229,230,2,2,4,0.6875,229.420,544.444,489.568,12.8468,10.0000,1.3580,0.7486,5.2677,0.6571,0.0598,0.2831,0.1285,0.0000,2.6410,0.5259,0.5309
9,3,229,232,4,2,3,0.3750,229.933,629.167,336.983,10.5023,10.0000,1.5000,0.1803,5.2499,0.4986,0.3427,0.1587,0.9726,0.2062,2.1071,0.0071,0.4500
8,3,229,230,2,4,2,0.5000,229.222,835.870,349.278,10.0495,9.0000,1.3333,0.3786,4.7410,0.7248,0.0930,0.1821,0.2338,0.8175,2.6285,0.5286,0.4815
35,4,229,233,5,4,8,0.2188,230.408,849.083,880.728,20.2050,12.0000,1.8421,2.9067,6.2999,0.7578,0.0883,0.1539,0.1304,0.5880,2.6267,0.5268,0.2895
7,3,229,231,3,2,3,0.3889,229.750,862.096,992.596,10.3271,10.0000,1.3462,0.4846,5.2499,0.6814,0.1697,0.1489,0.7744,0.2769,3.1606,0.5232,0.5385
84,4,229,233,5,11,8,0.1909,231.641,865.893,731.602,31.9003,12.0000,1.8000,2.0184,6.2575,0.5838,0.3383,0.0780,0.0307,0.9994,2.6135,1.0359,0.2446
146,11,229,232,4,10,19,0.1921,230.288,886.923,750.209,43.6238,13.0000,1.8886,8.2842,6.8249,0.8736,0.1055,0.0209,0.0048,0.9998,2.6392,0.5339,0.3005
37,3,229,233,5,6,7,0.1762,230.203,888.009,825.228,20.0100,10.0000,1.5948,0.7978,5.2499,0.5445,0.1915,0.2640,0.1749,0.9143,2.6214,1.0394,0.1552
43,5,229,232,4,6,6,0.2986,229.854,895.051,809.302,23.6297,14.0000,2.0407,0.3389,7.3499,0.6866,0.1035,0.2099,0.0407,0.9801,2.6365,0.5250,0.3017
10,3,229,232,4,4,2,0.3125,230.413,918.680,790.680,12.4340,11.0000,1.4667,0.7409,5.7554,0.3590,0.3700,0.2710,0.6818,0.1876,3.1464,0.5232,0.5067
34,4,229,232,4,11,4,0.1932,230.154,948.163,915.638,19.8876,10.0000,1.5385,4.1814,5.2499,0.9006,0.0391,0.0603,0.1047,0.4790,2.6232,0.5268,0.2941
17,3,229,233,5,7,3,0.1619,231.113,957.877,532.085,13.4463,10.0000,1.6038,1.5833,5.2499,0.8472,0.0937,0.0590,0.3560,0.2114,2.6020,0.5321,0.2642
12,3,229,232,4,4,2,0.3750,230.721,972.360,939.314,13.0019,11.0000,1.5349,0.7651,5.7554,0.5779,0.2071,0.2150,0.7120,0.3610,3.1438,0.5268,0.3372
13,4,229,231,3,3,3,0.4815,229.956,974.582,908.747,13.2523,12.0000,1.7143,0.6364,6.2999,0.2585,0.0652,0.6763,0.0000,0.0000,2.6250,1.0376,0.4286
9,3,229,231,3,3,3,0.3333,229.781,983.891,562.375,11.2082,11.0000,1.5469,0.8735,5.7945,0.5835,0.1269,0.2897,0.0497,0.3296,2.6232,0.2643,0.4531
17,4,229,232,4,3,5,0.2833,230.432,1009.814,688.593,15.0031,10.0000,1.4407,1.5285,5.2322,0.3186,0.4635,0.2179,0.0027,0.2255,2.8794,0.5197,0.4576
5,3,229,230,2,2,2,0.6250,229.571,1018.595,571.167,9.8753,10.0000,1.1905,0.7198,5.2677,0.3432,0.2505,0.4063,0.6059,0.3645,4.7392,1.0456,0.6429
49,4,229,234,6,6,8,0.1701,230.538,1021.394,861.205,23.3573,11.0000,1.7276,2.3192,5.7554,0.7086,0.0859,0.2055,0.1201,0.5940,2.6196,0.5303,0.2404
44,3,229,231,3,6,8,0.3056,230.079,1028.048,841.317,22.9462,11.0000,1.6690,1.2535,5.7749,0.7785,0.1161,0.1054,0.0854,0.9851,2.6392,1.0518,0.2276
16,5,229,230,2,6,4,0.3333,229.313,1035.304,667.887,15.1287,11.0000,1.5304,1.3461,5.7945,0.7997,0.1069,0.0933,0.1533,0.9880,3.6821,0.5303,0.5043
7,3,229,231,3,3,2,0.3889,229.560,1034.600,817.800,9.9363,10.0000,1.4000,0.7705,5.2499,0.6470,0.1845,0.1685,0.6592,0.0573,2.6214,0.5179,0.5600
18,4,229,231,3,4,5,0.3000,229.664,1043.803,727.607,15.1138,10.0000,1.4754,0.7964,5.2677,0.7414,0.0804,0.1782,0.2885,0.9305,3.4116,1.0491,0.3607
46,3,229,233,5,6,8,0.1917,230.704,1057.663,874.990,22.7034,11.0000,1.7211,3.4519,5.7554,0.6977,0.1684,0.1340,0.0906,0.9954,3.6697,1.5732,0.1020
36,3,229,233,5,6,7,0.1714,230.744,1062.851,914.991,18.7652,10.0000,1.6744,1.1770,5.2322,0.2121,0.6093,0.1786,0.5987,0.7701,2.1106,1.0306,0.1302
30,4,229,233,5,5,6,0.2000,230.624,1061.980,778.503,18.8428,11.0000,1.6751,1.6225,5.7749,0.5771,0.2340,0.1889,0.2773,0.9153,3.6590,0.5303,0.2843
11,3,229,230,2,3,4,0.4583,229.453,1074.933,886.960,11.8939,10.0000,1.4667,1.4691,5.2677,0.7153,0.0907,0.1939,0.0962,0.8370,3.1517,0.5303,0.3733
48,5,229,231,3,6,13,0.2051,229.895,1081.822,779.322,25.1668,12.0000,1.7349,2.6857,6.2999,0.9080,0.0695,0.0225,0.0532,0.9838,4.1885,0.5303,0.2771
22,4,229,231,3,4,5,0.3667,229.704,1084.486,861.345,15.9099,9.0000,1.3944,0.6653,4.7250,0.4674,0.1862,0.3464,0.3062,0.8655,2.6374,0.5339,0.2394
38,3,229,231,3,7,7,0.2585,229.593,1088.462,847.945,20.1267,9.0000,1.4492,2.1883,4.7410,0.3613,0.5081,0.1306,0.0714,0.9936,2.6392,1.0500,0.1398
28,6,229,231,3,6,6,0.2593,229.623,1090.583,840.869,19.7689,11.0000,1.5477,1.1480,5.7945,0.2752,0.4966,0.2282,0.1184,0.9619,3.6839,1.5714,0.3417
105,7,230,234,5,6,18,0.1944,231.244,315.722,667.652,34.1320,10.0000,1.5695,5.3610,5.2322,0.9563,0.0070,0.0367,0.0289,0.9621,3.6573,1.0411,0.1644
46,6,230,232,3,5,8,0.3833,230.833,314.296,682.176,24.5460,12.0000,1.7358,1.3810,6.2787,0.7868,0.0998,0.1134,0.0686,0.9174,3.1287,1.0403,0.2138
77,3,230,233,4,7,18,0.1528,231.387,321.362,638.126,28.7621,10.0000,1.5942,4.1932,5.2322,0.9660,0.0145,0.0194,0.0200,0.9076,2.6179,1.0411,0.1346
23,3,230,233,4,4,5,0.2875,231.462,326.664,619.049,15.5769,9.0000,1.4476,1.1941,4.7090,0.7294,0.0817,0.1889,0.2315,0.5294,2.6073,1.0482,0.1888
13,3,230,232,3,2,5,0.4333,231.358,333.716,598.621,13.7693,10.0000,1.3684,0.7711,5.2322,0.8139,0.0250,0.1611,0.3214,0.4962,2.6108,0.5268,0.4000
33,3,230,233,4,5,6,0.2750,231.774,356.017,548.517,20.8941,10.0000,1.4348,1.3664,5.2322,0.6753,0.1553,0.1694,0.0379,0.2148,2.8725,0.5285,0.2478
20,3,230,234,5,3,3,0.4444,231.896,370.044,624.904,15.7468,10.0000,1.4815,0.9025,5.2322,0.6172,0.0541,0.3288,0.9225,0.3277,3.1129,1.0341,0.2148
51,3,230,232,3,8,8,0.2656,230.929,414.139,938.310,23.6706,11.0000,1.7368,1.8982,5.7554,0.7376,0.2017,0.0607,0.0981,0.9951,2.6179,1.0411,0.1486
13,3,230,232,3,3,4,0.3611,231.250,444.523,982.886,12.7594,12.0000,1.7727,0.5506,6.2787,0.4208,0.1108,0.4685,0.4037,0.5496,2.6161,0.5241,0.3409
37,5,230,232,3,5,9,0.2741,231.029,517.243,680.235,20.9002,11.0000,1.6749,0.8035,5.7554,0.8509,0.0444,0.1046,0.1043,0.8635,2.1034,0.5258,0.2140
89,3,230,233,4,7,18,0.1766,231.613,529.534,754.274,31.3262,10.0000,1.5724,5.3298,5.2322,0.9420,0.0406,0.0174,0.0089,0.9864,3.6467,0.5285,0.1025
148,8,230,234,5,7,24,0.1762,232.080,528.130,735.285,39.2954,11.0000,1.7754,4.7178,5.7360,0.9423,0.0378,0.0198,0.0122,0.9873,3.6467,2.0701,0.1134
11,4,230,233,4,2,3,0.4583,231.354,665.354,927.976,12.9207,10.0000,1.3415,0.5007,5.2322,0.4818,0.2158,0.3025,0.9464,0.0948,3.1411,0.5285,0.4634
20,3,230,234,5,6,4,0.1667,232.293,771.732,1127.545,14.3279,10.0000,1.6260,1.5219,5.1970,0.4848,0.3851,0.1302,0.0396,0.5076,2.5915,0.5232,0.2276
56,7,230,233,4,10,7,0.2000,231.541,863.317,711.377,25.5435,10.0000,1.5301,1.8744,5.2322,0.7905,0.1419,0.0676,0.0933,0.9584,2.6037,0.5250,0.2787
90,5,230,233,4,7,14,0.2296,231.556,866.751,720.582,31.2128,11.0000,1.7460,1.5431,5.7554,0.7580,0.1897,0.0523,0.0549,0.9955,2.6037,0.5259,0.1023
7,3,230,232,3,2,3,0.3889,230.586,937.914,960.276,11.4861,11.0000,1.3276,0.9357,5.7749,0.5373,0.2303,0.2324,0.7071,0.2357,3.1499,0.5170,0.6897
10,3,230,232,3,4,2,0.4167,230.938,975.375,1032.766,10.5915,11.0000,1.7187,0.4466,5.7554,0.4735,0.3227,0.2038,0.5982,0.0362,1.5811,0.0035,0.4531
22,3,230,233,4,5,5,0.2200,231.085,1018.169,640.197,15.8358,10.0000,1.5493,0.9516,5.2146,0.4593,0.2538,0.2869,0.1607,0.4979,2.6196,0.5215,0.1972
11,3,230,232,3,3,4,0.3056,231.247,1029.052,688.455,12.1372,11.0000,1.5714,0.8813,5.7360,0.5930,0.2061,0.2009,0.5543,0.6613,2.6196,0.0018,0.4026
11,3,230,233,4,4,2,0.3438,231.513,1044.382,907.342,11.9689,11.0000,1.5921,1.0258,5.7360,0.7988,0.0870,0.1142,0.7060,0.0331,2.6241,0.0159,0.3947
31,4,230,233,4,7,6,0.1845,231.155,1048.127,843.394,20.0059,11.0000,1.6009,0.9706,5.7554,0.6291,0.1870,0.1839,0.0719,0.7911,3.1226,0.5250,0.2347
13,3,230,232,3,4,4,0.2708,231.034,1048.539,563.798,12.9139,10.0000,1.4607,0.5042,5.2322,0.6627,0.0454,0.2919,0.4505,0.1539,2.1141,0.2660,0.3146
63,4,230,234,5,7,10,0.1800,231.259,1050.968,833.206,28.5185,11.0000,1.6005,2.6756,5.7554,0.7552,0.1467,0.0981,0.0825,0.8621,3.6662,0.5320,0.2494
38,3,230,232,3,9,9,0.1564,230.425,1057.221,925.054,20.4104,11.0000,1.7417,4.1512,5.7749,0.8486,0.1150,0.0364,0.0125,0.9977,2.6179,0.5232,0.1958
22,3,230,231,2,5,6,0.3667,230.360,1060.687,793.627,16.7690,10.0000,1.4667,0.8045,5.2322,0.7533,0.1453,0.1014,0.0103,0.9798,4.1875,1.5785,0.1867
9,3,230,233,4,3,2,0.3750,231.656,1062.836,432.262,10.6153,9.0000,1.3279,0.7250,4.7090,0.6638,0.2208,0.1153,0.8228,0.4491,3.6626,1.5697,0.4426
10,3,230,233,4,4,2,0.3125,231.421,1075.197,624.934,12.5569,11.0000,1.4474,0.6152,5.7360,0.4202,0.4478,0.1320,0.3920,0.1171,3.6528,0.0106,0.3947
22,3,231,235,5,5,4,0.2200,232.788,554.321,638.555,15.1906,10.0000,1.6058,0.9019,5.1970,0.6450,0.0398,0.3152,0.2652,0.1754,2.6002,1.0316,0.2044
22,4,231,234,4,4,4,0.3438,232.599,561.967,898.151,16.8645,9.0000,1.3026,0.6184,4.6931,0.4829,0.1740,0.3431,0.3947,0.9177,3.1270,1.0324,0.2368
14,4,231,234,4,3,3,0.3889,232.354,646.091,376.253,13.7807,12.0000,1.6970,0.4439,6.2575,0.4566,0.1485,0.3949,0.7523,0.4337,2.6126,0.5188,0.4141
30,3,231,234,4,7,6,0.1786,232.829,845.623,712.422,18.8928,12.0000,1.8090,1.6858,6.2364,0.7415,0.1055,0.1530,0.0994,0.9160,2.5985,0.5223,0.1558
40,4,231,234,4,5,9,0.2222,232.306,865.944,773.125,23.7211,12.0000,1.6667,1.9005,6.2575,0.8452,0.0456,0.1092,0.0309,0.6542,3.1199,0.5285,0.3750
25,3,231,235,5,5,5,0.2000,232.265,980.400,501.994,16.1509,11.0000,1.7742,0.6558,5.7360,0.3872,0.3463,0.2666,0.8173,0.4721,3.6310,1.0394,0.1935
3,3,231,233,3,1,1,1.0000,232.000,980.000,530.000,9.0319,12.0000,1.2000,0.0000,6.2575,0.8889,0.0000,0.1111,1.0000,0.0000,3.6696,0.2616,1.0000
11,3,231,234,4,3,2,0.4583,232.452,1031.119,893.774,13.1868,14.0000,1.8333,1.0158,7.3004,0.5583,0.1967,0.2451,0.8344,0.2355,2.6020,0.5171,0.3929
14,5,231,234,4,3,3,0.3889,232.356,1086.851,679.139,14.0590,12.0000,1.6634,0.6749,6.2364,0.6256,0.0817,0.2927,0.7398,0.2795,1.5802,0.0018,0.5248
5,4,231,233,3,2,1,0.8333,231.833,1087.354,676.000,11.2001,12.0000,1.2500,0.3914,6.2575,0.5854,0.2927,0.1220,0.9487,0.0000,4.1752,0.2599,0.8542
16,3,231,234,4,4,5,0.2000,232.101,1145.725,555.991,14.2049,11.0000,1.6147,0.2933,5.7360,0.6775,0.2301,0.0924,0.1804,0.1340,3.6608,2.0753,0.2752
40,4,232,234,3,4,9,0.3704,233.263,548.718,750.469,21.5099,12.0000,1.8321,2.4995,6.2364,0.8790,0.0601,0.0608,0.0004,0.9434,2.6037,1.0359,0.1565
69,4,232,236,5,7,11,0.1792,234.009,550.412,709.828,27.5600,12.0000,1.8733,4.4043,6.2154,0.7183,0.2167,0.0650,0.0469,0.8271,2.5924,0.5162,0.1131
40,6,232,236,5,4,10,0.2000,234.227,575.785,781.820,20.9494,10.0000,1.5625,1.4911,5.1970,0.8609,0.0362,0.1029,0.1144,0.6752,3.0973,0.5232,0.2266
14,3,232,234,3,4,4,0.2917,232.924,840.478,825.967,12.7817,10.0000,1.5217,0.5283,5.1970,0.2126,0.5341,0.2533,0.5045,0.8296,2.6090,1.0385,0.3043
63,3,232,235,4,8,11,0.1790,233.198,847.756,735.132,26.7619,12.0000,1.8484,2.4766,6.2364,0.5669,0.3561,0.0770,0.0675,0.9967,3.6327,2.0683,0.1443
7,3,232,234,3,4,1,0.5833,232.596,1083.365,591.000,10.2282,10.0000,1.3462,0.6992,5.2146,0.7954,0.1462,0.0584,0.4981,0.0000,3.1392,0.0052,0.5385
5,3,232,233,2,3,2,0.4167,232.780,1125.927,772.146,9.5361,11.0000,1.3415,0.2738,5.7167,0.6489,0.0995,0.2515,0.1100,0.3726,5.1952,1.0403,0.7073
10,3,233,235,3,1,5,0.6667,233.897,392.000,816.721,11.1417,10.0000,1.4706,1.5626,5.1970,0.7703,0.1943,0.0354,0.1335,0.0000,2.8479,0.5223,0.4118
60,3,233,235,3,5,13,0.3077,233.616,547.763,740.177,24.5722,10.0000,1.6349,1.3494,5.1970,0.9157,0.0397,0.0447,0.0116,0.9604,3.6101,1.0324,0.1253
41,4,233,236,4,4,9,0.2847,234.579,570.348,758.454,22.0403,12.0000,1.8022,0.7105,6.1946,0.8793,0.0224,0.0983,0.0010,0.8631,3.1024,0.5249,0.1795
44,3,233,236,4,6,10,0.1833,234.214,826.355,722.390,22.6283,11.0000,1.6690,3.6737,5.6975,0.8728,0.0633,0.0639,0.0133,0.9990,3.6274,1.0350,0.2000
84,3,233,237,5,8,14,0.1500,234.718,826.756,752.183,30.7822,12.0000,1.8462,2.3110,6.2154,0.7849,0.1677,0.0474,0.0017,0.9532,3.6188,1.0273,0.1593
38,3,233,237,5,5,7,0.2171,234.767,837.424,797.898,20.5329,9.0000,1.3959,3.0526,4.6616,0.6926,0.1086,0.1988,0.2170,0.3509,2.5898,0.5144,0.1837
40,5,234,237,4,5,9,0.2222,234.782,567.934,747.295,22.1356,10.0000,1.4760,3.1014,5.1795,0.8765,0.0271,0.0963,0.1015,0.8320,2.5932,1.0239,0.2140
254,11,234,237,4,9,36,0.1960,235.120,570.535,712.467,55.1066,15.0000,2.2385,8.5931,7.7432,0.9864,0.0057,0.0078,0.0068,0.9999,3.6101,1.5505,0.1915
78,3,234,237,4,6,16,0.2031,234.966,824.976,767.250,29.5208,11.0000,1.6990,6.0807,5.6784,0.9429,0.0300,0.0272,0.0365,0.9947,2.5862,1.0239,0.1723
16,3,234,238,5,5,3,0.2133,236.545,973.980,1022.798,12.7107,9.0000,1.4545,0.9186,4.6150,0.6000,0.2216,0.1784,0.5917,0.3806,3.5844,1.5367,0.2727
15,3,235,237,3,6,3,0.2778,236.074,586.043,829.011,12.4841,10.0000,1.5957,0.9604,5.1449,0.6620,0.2030,0.1349,0.0807,0.5351,2.0614,0.5094,0.2979
5,3,238,240,3,1,2,0.8333,239.049,750.000,868.341,9.3390,12.0000,1.4634,0.3449,6.1129,0.5854,0.2927,0.1220,0.9487,0.0000,5.0916,1.0188,0.7317
6,3,239,241,3,3,1,0.6667,239.646,1137.583,588.000,9.9613,12.0000,1.5000,0.6824,6.0929,0.6061,0.3030,0.0909,0.7071,0.0000,4.5731,1.0122,0.6250
12,3,242,244,3,4,3,0.3333,242.926,842.049,811.938,11.7611,10.0000,1.4815,0.1083,5.0286,0.3870,0.3639,0.2491,0.4904,0.3739,3.5264,1.5046,0.3457
6,3,243,244,2,2,3,0.5000,243.565,956.130,496.630,9.4265,11.0000,1.4348,0.7769,5.5139,0.6373,0.1269,0.2358,0.4046,0.4063,4.2624,1.7552,0.6522
5,3,243,245,3,3,1,0.5556,244.075,983.050,524.000,8.9649,10.0000,1.2500,0.9264,4.9969,0.7911,0.1351,0.0737,0.8507,0.0000,4.0133,1.0009,0.7000
4,3,243,245,3,2,1,0.6667,244.118,1039.265,760.000,8.5184,11.0000,1.2941,0.2897,5.5139,0.5357,0.3214,0.1429,1.0000,0.0000,5.0040,1.0041,0.8529
7,4,244,246,3,3,2,0.3889,244.677,1019.581,517.097,11.7217,13.0000,1.4677,0.6712,6.4960,0.6188,0.1635,0.2176,0.7316,0.2162,5.0017,2.2418,0.6935
3,3,244,246,3,1,1,1.0000,245.036,1028.000,618.000,8.0772,10.0000,1.0714,0.9643,4.9814,0.8889,0.0000,0.1111,1.0000,0.0000,5.0095,1.4937,1.0000
5,3,245,246,2,3,2,0.4167,245.756,964.244,1088.854,9.1408,10.0000,1.2195,0.8078,4.9969,0.6489,0.0995,0.2515,0.1100,0.3726,4.9784,0.9955,0.7073
6,3,245,247,3,3,1,0.6667,246.042,1182.208,880.000,9.7604,11.0000,1.3750,0.2125,5.4796,0.6944,0.2222,0.0833,0.8000,0.0000,4.4818,0.9948,0.6042
6,3,246,248,3,1,3,0.6667,246.939,871.000,423.837,9.9362,10.0000,1.2245,0.8390,4.9661,0.6944,0.2222,0.0833,0.6000,0.0000,4.7141,0.9932,0.6122
4,3,247,250,4,1,1,1.0000,248.353,1089.000,773.000,8.4079,10.0000,1.1765,0.3529,4.9510,0.9375,0.0000,0.0625,1.0000,0.0000,4.9496,2.4727,0.8235
5,4,249,250,2,2,2,0.6250,249.783,1054.326,616.674,10.1308,12.0000,1.3043,0.5098,5.9057,0.3432,0.2505,0.4063,0.5155,0.8569,4.9214,1.4772,0.8696
6,3,249,250,2,3,2,0.5000,249.353,1066.020,527.882,10.2665,12.0000,1.4118,0.3725,5.9233,0.7074,0.0897,0.2030,0.3047,0.0847,4.6805,1.4779,0.6078
3,3,250,251,2,2,1,0.7500,250.367,1209.300,538.000,8.5149,11.0000,1.1000,0.7008,5.3976,0.5333,0.2667,0.2000,0.7071,0.0000,5.4107,-0.2454,1.0000
9,4,251,253,3,3,2,0.5000,251.789,919.577,944.535,11.5864,11.0000,1.3944,0.8152,5.3819,0.2881,0.3787,0.3332,0.6545,0.5221,3.9255,1.9628,0.5493
4,3,251,252,2,3,1,0.6667,251.257,1021.714,819.000,8.5807,9.0000,1.0286,0.7592,4.4162,0.7500,0.1500,0.1000,0.3162,0.0000,4.9012,1.4728,0.7714
4,3,251,252,2,2,1,1.0000,251.459,1039.432,942.000,9.0656,11.0000,1.1892,0.6310,5.3976,0.0000,0.7500,0.2500,1.0000,0.0000,5.1451,2.2003,0.8108
4,4,251,252,2,2,1,1.0000,251.450,1262.500,771.000,9.8010,11.0000,1.1000,0.6727,5.3976,0.0000,0.7500,0.2500,1.0000,0.0000,5.3912,1.9599,1.0000
4,3,252,254,3,2,1,0.6667,253.075,977.150,715.000,9.7552,13.0000,1.3000,0.1677,6.3421,0.5357,0.3214,0.1429,1.0000,0.0000,6.0907,1.9487,0.8500
4,3,253,254,2,2,2,0.5000,253.543,715.257,1027.171,8.5243,10.0000,1.1429,0.6247,4.8786,0.5916,0.1015,0.3069,0.7071,0.7071,5.1080,0.9764,0.8286
4,3,253,255,3,2,1,0.6667,253.972,1212.472,853.000,8.7573,10.0000,1.1111,0.4730,4.8647,0.7576,0.1294,0.1129,0.8507,0.0000,5.3520,1.4540,0.7778
6,4,253,255,3,3,1,0.6667,253.865,1269.173,930.000,10.3313,12.0000,1.3846,0.2193,5.8377,0.4000,0.4800,0.1200,0.7071,0.0000,4.8566,0.9730,0.7692
5,3,254,256,3,2,2,0.4167,255.024,857.854,521.171,8.8944,10.0000,1.2195,0.2262,4.8511,0.7958,0.0325,0.1718,0.9294,0.3690,4.8363,0.4851,0.6829
5,3,255,257,3,2,1,0.8333,255.816,811.327,740.000,10.6065,15.0000,1.5306,0.3746,7.2565,0.5854,0.2927,0.1220,0.9487,0.0000,4.8363,1.4541,0.6939
8,3,255,257,3,4,2,0.3333,255.714,865.238,385.381,10.7839,10.0000,1.2698,0.8438,4.8511,0.4225,0.3137,0.2638,0.4523,0.4658,4.1174,1.4480,0.4603
7,3,255,256,2,3,2,0.5833,255.463,1219.926,628.130,9.8884,10.0000,1.2963,0.5574,4.8377,0.4600,0.2645,0.2756,0.0000,0.3827,3.8822,1.4560,0.5185
6,3,256,258,3,2,1,1.0000,256.922,879.529,586.000,10.0471,12.0000,1.4118,0.4771,5.7893,0.5556,0.3333,0.1111,1.0000,0.0000,4.5925,1.4473,0.5882
5,3,257,259,3,1,2,0.8333,258.077,666.000,392.615,8.3901,9.0000,1.1538,1.1435,4.3420,0.5854,0.2927,0.1220,0.9487,0.0000,4.8147,1.2062,0.6923
5,3,257,259,3,2,1,0.8333,258.200,1237.550,740.000,8.6024,9.0000,1.1250,0.5852,4.3303,0.5854,0.2927,0.1220,0.9487,0.0000,4.7961,0.0020,0.6750
4,3,257,258,2,2,1,1.0000,257.528,1304.472,829.000,8.6716,10.0000,1.1111,0.6678,4.8114,0.0000,0.7500,0.2500,1.0000,0.0000,5.0573,1.9278,0.7778
6,3,258,260,3,2,2,0.5000,259.224,785.694,423.469,9.5936,10.0000,1.2245,0.6524,4.7986,0.5795,0.2234,0.1971,0.8314,0.5543,5.0228,2.3987,0.5714
4,3,258,259,2,2,1,1.0000,258.529,960.471,727.000,8.1679,9.0000,1.0588,0.7083,4.3303,0.0000,0.7500,0.2500,1.0000,0.0000,4.7986,1.4447,0.7941
3,3,258,259,2,2,1,0.7500,258.633,1113.300,708.000,8.3196,11.0000,1.1000,0.7008,5.2926,0.5333,0.2667,0.2000,0.7071,0.0000,5.2785,0.9700,1.0000
4,3,258,259,2,2,1,1.0000,258.457,1166.543,1021.000,8.4098,10.0000,1.1429,0.6465,4.8114,0.0000,0.7500,0.2500,1.0000,0.0000,4.8044,1.4409,0.8000
6,3,259,261,3,3,1,0.6667,260.020,798.796,347.000,9.5737,9.0000,1.1020,0.7962,4.3074,0.6944,0.2222,0.0833,0.8000,0.0000,4.5462,0.4817,0.5510
3,3,261,263,3,1,1,1.0000,262.036,799.000,975.000,7.6967,10.0000,1.0714,0.9643,4.7494,0.8889,0.0000,0.1111,1.0000,0.0000,5.2392,1.4321,1.0000
4,3,262,263,2,2,1,1.0000,262.444,1323.444,750.000,8.5610,11.0000,1.2222,0.6285,5.2376,0.0000,0.7500,0.2500,1.0000,0.0000,3.8061,0.9517,0.8056
6,3,263,265,3,3,1,0.6667,264.346,739.212,716.000,10.0490,12.0000,1.3846,0.4057,5.6852,0.2083,0.6667,0.1250,0.8944,0.0000,4.4880,1.1816,0.5962
6,4,263,265,3,3,1,0.6667,263.615,793.365,595.000,10.0672,12.0000,1.3846,0.7157,5.6993,0.6061,0.3030,0.0909,0.7071,0.0000,4.7382,1.6611,0.7500
6,3,263,265,3,2,2,0.5000,263.604,1248.458,608.146,9.2930,10.0000,1.2500,0.7722,4.7494,0.6373,0.1269,0.2358,0.8795,0.0724,4.2692,1.6530,0.5833
3,3,264,266,3,1,1,1.0000,264.968,856.000,382.000,8.4594,12.0000,1.1613,0.0323,5.6712,0.8889,0.0000,0.1111,1.0000,0.0000,4.2673,0.9510,1.0000
4,3,264,265,2,1,2,1.0000,264.543,1133.000,733.429,8.2798,10.0000,1.1429,0.6916,4.7376,0.0000,0.7500,0.2500,0.0000,0.0000,4.9647,1.4190,0.8286
8,4,264,266,3,4,2,0.3333,265.242,1142.045,669.894,11.0216,9.0000,1.0909,1.5704,4.2639,0.4962,0.3488,0.1549,0.0000,0.2567,4.7146,0.9458,0.6818
3,3,265,265,1,3,1,1.0000,265.000,1169.000,736.000,7.9129,10.0000,1.0345,1.0000,4.7260,0.8889,0.0000,0.1111,0.0000,1.0000,5.6667,2.5970,1.0000
6,3,266,268,3,3,1,0.6667,266.766,898.957,935.000,9.0298,10.0000,1.2766,0.7671,4.7146,0.6944,0.2222,0.0833,0.6000,0.0000,4.2343,0.9412,0.5957
4,3,266,267,2,2,2,0.5000,266.441,981.735,610.824,8.0064,10.0000,1.1765,0.5439,4.7146,0.5916,0.1015,0.3069,0.7071,0.7071,4.7073,1.8759,0.8235
7,3,267,269,3,2,2,0.5833,268.055,932.473,355.127,9.7534,11.0000,1.4000,1.1859,5.1737,0.5916,0.2044,0.2040,0.9664,0.1591,3.7485,1.6397,0.5273
3,3,267,269,3,1,1,1.0000,268.033,1112.000,671.000,8.1269,11.0000,1.1000,0.0333,5.1616,0.8889,0.0000,0.1111,1.0000,0.0000,5.1507,1.1742,1.0000
5,3,267,269,3,3,1,0.5556,268.025,1150.975,817.000,8.3936,9.0000,1.1250,1.0253,4.2331,0.7911,0.1351,0.0737,0.8507,0.0000,4.6804,1.4077,0.6750
5,3,267,269,3,2,1,0.8333,268.277,1203.362,693.000,9.8566,12.0000,1.2766,0.4553,5.6308,0.5854,0.2927,0.1220,0.9487,0.0000,5.1486,0.9380,0.7021
7,3,268,269,2,3,2,0.5833,268.607,668.164,562.115,10.8034,13.0000,1.4918,0.4414,6.0860,0.5916,0.2044,0.2040,0.1485,0.2953,4.2248,1.8742,0.5246
5,3,268,269,2,3,1,0.8333,268.625,1083.708,575.000,10.0582,12.0000,1.2500,0.8015,5.6178,0.5854,0.2927,0.1220,0.3162,0.0000,5.1616,2.3408,0.7083
9,3,269,271,3,2,3,0.5000,270.057,946.086,774.914,10.8973,11.0000,1.4143,0.1340,5.1379,0.3095,0.4988,0.1917,0.4713,0.0727,3.7372,1.3982,0.4286
6,3,269,271,3,3,2,0.3333,269.653,1035.041,651.673,9.3511,10.0000,1.2245,0.7587,4.6708,0.4767,0.3371,0.1862,0.8702,0.4927,4.4474,0.9347,0.5918
8,3,269,271,3,4,2,0.3333,269.636,1160.909,474.091,10.9083,11.0000,1.3333,0.3857,5.1379,0.5321,0.2871,0.1808,0.4032,0.1297,4.6794,2.3349,0.4394
4,3,276,278,3,2,1,0.6667,277.081,854.459,711.000,8.5114,10.0000,1.0811,0.4666,4.6015,0.7576,0.1294,0.1129,0.8507,0.0000,5.0589,1.8406,0.8108
6,3,281,282,2,3,1,1.0000,281.527,1109.182,705.000,10.2418,12.0000,1.3091,0.5065,5.4688,0.5556,0.3333,0.1111,0.0000,0.0000,5.0186,1.3697,0.6182
5,3,284,285,2,1,3,0.8333,284.533,1049.000,826.667,9.1296,11.0000,1.2222,0.8537,4.9949,0.5854,0.2927,0.1220,0.3162,0.0000,4.9918,1.3583,0.7111
8,3,284,286,3,4,1,0.6667,285.134,1196.239,645.000,10.7349,13.0000,1.5522,0.2740,5.8926,0.6881,0.2498,0.0621,0.5449,0.0000,3.8577,1.3560,0.4925
8,3,287,289,3,3,2,0.4444,287.776,934.224,798.597,10.6868,11.0000,1.3134,1.0044,4.9690,0.3811,0.2501,0.3687,0.6285,0.5748,4.5081,1.8062,0.4627
6,3,288,290,3,2,2,0.5000,288.741,816.500,528.111,9.9301,12.0000,1.3333,0.5741,5.4029,0.3810,0.3333,0.2857,0.9487,0.1690,4.7302,1.7974,0.6111
8,3,297,298,2,3,2,0.6667,297.464,1123.014,804.522,10.8481,13.0000,1.5072,0.6664,5.7844,0.5482,0.2094,0.2424,0.5257,0.8507,4.0026,2.2225,0.4783
6,3,298,300,3,2,2,0.5000,298.941,933.431,913.882,9.2408,12.0000,1.4118,0.4510,5.3255,0.3810,0.3333,0.2857,0.9487,0.1690,4.2158,1.7746,0.6275
5,3,299,301,3,2,1,0.8333,299.745,850.617,531.000,9.3194,12.0000,1.2766,0.4603,5.3188,0.5854,0.2927,0.1220,0.9487,0.0000,5.7594,1.7735,0.7234
7,3,300,302,3,2,2,0.5833,300.883,950.583,841.517,10.0408,11.0000,1.2833,0.7879,4.8696,0.4116,0.1986,0.3898,0.7926,0.0000,3.9891,0.6659,0.5167
9,3,301,304,4,2,3,0.3750,302.920,903.800,797.160,11.0425,11.0000,1.3200,1.1100,4.8527,0.6229,0.1515,0.2256,0.9942,0.1007,4.4187,1.7692,0.4133
6,3,301,303,3,2,2,0.5000,302.037,937.333,713.407,9.7473,12.0000,1.3333,0.5277,5.3060,0.4412,0.1872,0.3716,0.7882,0.6154,4.8597,2.2093,0.6296
3,3,302,304,3,1,1,1.0000,303.000,390.000,1041.000,8.1597,12.0000,1.1250,0.0000,5.2998,0.8889,0.0000,0.1111,1.0000,0.0000,4.8628,0.4411,1.0000
7,3,303,305,3,4,1,0.5833,304.048,1197.403,992.000,10.3375,12.0000,1.3548,0.4061,5.2939,0.5714,0.3520,0.0766,0.5505,0.0000,3.9746,0.8828,0.5323
6,3,305,307,3,2,2,0.5000,305.750,926.519,847.115,9.3475,11.0000,1.2692,0.5540,4.8422,0.3810,0.3333,0.2857,0.9487,0.1690,4.6242,1.3209,0.5962
6,3,307,309,3,2,3,0.3333,308.060,1155.880,794.600,8.9668,11.0000,1.3200,0.4219,4.8323,0.5367,0.2153,0.2481,0.4430,0.2219,4.3920,1.9769,0.6200
3,3,308,309,2,2,1,0.7500,308.667,1068.364,597.000,8.3644,12.0000,1.0909,0.7184,5.2665,0.5333,0.2667,0.2000,0.7071,0.0000,5.7085,1.7555,1.0000
7,3,309,310,2,3,2,0.5833,309.607,936.115,624.508,10.1128,11.0000,1.2623,0.7996,4.8276,0.5352,0.1763,0.2885,0.2673,0.0986,3.9457,1.3162,0.5246
10,3,311,314,4,4,2,0.3125,312.988,1118.512,537.207,11.3395,11.0000,1.3415,0.5302,4.8102,0.3855,0.5033,0.1112,0.8159,0.2954,3.9360,1.3115,0.5000
6,3,313,315,3,2,1,1.0000,314.078,1159.451,893.000,9.0965,11.0000,1.2941,0.4577,4.8061,0.5556,0.3333,0.1111,1.0000,0.0000,4.1506,0.8746,0.6078
9,4,315,317,3,2,2,0.7500,316.187,881.440,782.520,10.9040,10.0000,1.2000,0.7063,4.3622,0.5117,0.1619,0.3264,0.9082,0.4082,4.3596,1.3087,0.5333
7,3,315,317,3,2,2,0.5833,316.158,1145.368,780.421,9.3968,10.0000,1.2281,0.5813,4.3622,0.5352,0.1763,0.2885,0.8018,0.5745,3.9267,1.7436,0.5263
7,3,316,318,3,2,2,0.5833,317.017,756.542,1011.220,9.7202,11.0000,1.3051,0.5082,4.7948,0.5557,0.1817,0.2626,0.9141,0.3987,4.3619,1.7419,0.5254
4,3,316,317,2,1,2,1.0000,316.475,1017.000,1154.525,8.7213,11.0000,1.1000,0.6718,4.7984,0.0000,0.7500,0.2500,0.0000,0.0000,4.7975,1.3087,0.7750
8,3,316,318,3,4,2,0.3333,317.182,1033.561,854.121,10.1699,11.0000,1.3333,0.6017,4.7948,0.1374,0.6815,0.1811,0.3162,0.2573,4.3593,1.7419,0.4697
4,3,318,319,2,3,1,0.6667,318.162,1079.838,729.000,8.0570,11.0000,1.1892,0.2293,4.7912,0.7500,0.1500,0.1000,0.3162,0.0000,4.7917,0.8715,0.8378
5,3,319,320,2,3,1,0.8333,319.480,1166.640,956.000,9.7292,14.0000,1.4000,0.8000,6.0935,0.5854,0.2927,0.1220,0.3162,0.0000,4.7854,1.3051,0.7200
5,3,320,321,2,2,3,0.4167,320.750,1035.864,983.477,8.5543,11.0000,1.2500,0.9243,4.7844,0.6338,0.1686,0.1975,0.2016,0.6778,4.7809,1.3045,0.7273
5,3,323,325,3,1,2,0.8333,324.196,916.000,1018.522,8.9234,11.0000,1.1957,0.5572,4.7720,0.5854,0.2927,0.1220,0.9487,0.0000,4.7723,1.7335,0.6957
5,3,324,326,3,1,2,0.8333,324.744,653.000,996.395,8.3386,10.0000,1.1628,0.8427,4.3382,0.5854,0.2927,0.1220,0.9487,0.0000,4.7694,0.0003,0.6977
5,3,325,326,2,2,2,0.6250,325.523,970.386,840.864,8.5286,11.0000,1.2500,0.6642,4.7691,0.3432,0.2505,0.4063,0.6059,0.3645,4.7671,1.7327,0.7045
3,3,328,329,2,2,1,0.7500,328.667,1102.333,662.000,7.4938,10.0000,1.0000,0.7454,4.3281,0.5333,0.2667,0.2000,0.7071,0.0000,4.7581,1.0814,1.0000
8,4,329,331,3,3,2,0.4444,329.654,1121.269,930.321,11.9251,16.0000,1.6410,1.0316,6.9212,0.7354,0.0322,0.2324,0.5807,0.5154,4.3249,1.2980,0.6795
9,4,331,333,3,2,3,0.5000,332.145,984.447,890.908,10.9408,12.0000,1.4211,0.9696,5.1803,0.3618,0.2325,0.4057,0.9386,0.2634,3.8853,1.2957,0.5658
5,3,331,333,3,2,2,0.4167,332.043,1115.596,730.149,9.0780,11.0000,1.1702,1.0499,4.7486,0.5461,0.2256,0.2283,0.8117,0.4177,5.1820,1.7276,0.6596
5,3,332,334,3,2,1,0.8333,332.735,797.633,372.000,9.4611,14.0000,1.4286,0.4531,6.0437,0.5854,0.2927,0.1220,0.9487,0.0000,4.7508,1.2951,0.6939
6,3,333,335,3,2,3,0.3333,334.075,391.340,768.981,9.3358,12.0000,1.3585,0.6649,5.1778,0.2238,0.4308,0.3454,0.0000,0.0000,4.0996,1.7262,0.6226
6,3,333,335,3,2,2,0.5000,334.218,1016.727,817.182,9.6874,12.0000,1.3091,0.8477,5.1754,0.5230,0.1584,0.3185,0.9225,0.0898,4.7461,1.5098,0.6000
4,3,333,334,2,3,1,0.6667,333.816,1273.211,647.000,8.1989,11.0000,1.1579,0.8107,4.7463,0.7500,0.1500,0.1000,0.3162,0.0000,4.7463,1.7266,0.8158
4,3,335,337,3,2,1,0.6667,336.095,1102.524,1084.000,9.0524,14.0000,1.3333,0.5324,6.0352,0.7576,0.1294,0.1129,0.8507,0.0000,5.1722,1.0777,0.8571
3,3,337,338,2,1,2,0.7500,337.667,806.000,1150.333,7.4610,10.0000,1.0000,0.7454,4.3089,0.5333,0.2667,0.2000,0.7071,0.0000,4.7377,1.7230,1.0000
6,3,338,339,2,2,3,0.5000,338.560,914.120,1095.180,8.7895,11.0000,1.3200,0.4903,4.7356,0.6373,0.1269,0.2358,0.4046,0.4063,4.5200,1.7224,0.6200
3,3,340,341,2,1,2,0.7500,340.312,886.000,961.344,7.9494,11.0000,1.0312,0.4646,4.7336,0.5333,0.2667,0.2000,0.7071,0.0000,5.5943,1.7211,1.0000
7,3,341,343,3,3,2,0.3889,342.161,884.548,552.645,10.0753,11.0000,1.2419,1.4031,4.7317,0.6470,0.1845,0.1685,0.6530,0.4508,4.2996,1.2901,0.5161
9,3,341,343,3,2,3,0.5000,341.841,1052.500,887.927,11.7534,15.0000,1.6463,0.5296,6.4496,0.4647,0.1127,0.4226,0.8884,0.0831,4.2980,1.7196,0.5000
5,3,342,343,2,2,2,0.6250,342.471,1045.490,697.863,9.8050,14.0000,1.3725,0.7477,6.0172,0.3432,0.2505,0.4063,0.6059,0.3645,4.7284,1.7190,0.6863
6,3,342,343,2,3,2,0.5000,342.755,1083.925,617.642,9.3006,12.0000,1.3585,0.6909,5.1576,0.1333,0.2667,0.6000,0.0000,0.7071,4.0842,1.7196,0.6415
5,3,344,346,3,2,1,0.8333,344.833,630.333,829.000,9.2197,12.0000,1.2500,0.3727,5.1536,0.5854,0.2927,0.1220,0.9487,0.0000,5.1517,1.2887,0.6667
5,3,344,345,2,2,2,0.6250,344.587,923.261,1034.783,8.8363,13.0000,1.4130,0.6781,5.5852,0.3432,0.2505,0.4063,0.6059,0.3645,3.8655,1.2886,0.7391
6,3,344,346,3,2,2,0.5000,344.902,957.882,796.765,8.9422,12.0000,1.4118,0.2807,5.1536,0.5230,0.1584,0.3185,0.9225,0.0898,3.8664,0.4295,0.6471
6,3,344,346,3,3,1,0.6667,345.453,983.925,899.000,9.2909,12.0000,1.3585,0.5524,5.1517,0.2083,0.6667,0.1250,0.8944,0.0000,4.2930,0.8595,0.6226
6,3,348,350,3,2,1,1.0000,348.904,1299.481,752.000,9.1039,11.0000,1.2692,0.5281,4.7171,0.5556,0.3333,0.1111,1.0000,0.0000,4.2888,1.2865,0.5962
4,3,350,351,2,1,2,1.0000,350.553,947.000,965.579,8.1433,11.0000,1.1579,0.6948,4.7154,0.0000,0.7500,0.2500,0.0000,0.0000,4.9281,1.2857,0.8421
3,3,350,351,2,2,1,0.7500,350.697,971.697,1014.000,8.1654,13.0000,1.1818,0.4285,5.5708,0.5333,0.2667,0.2000,0.7071,0.0000,4.7152,1.2858,1.0000
4,3,350,351,2,1,2,1.0000,350.447,1038.000,746.579,8.1436,11.0000,1.1579,0.6143,4.7154,0.0000,0.7500,0.2500,0.0000,0.0000,4.9290,1.2859,0.8421
5,3,353,354,2,2,2,0.6250,353.556,636.133,712.600,8.6164,11.0000,1.2222,0.6126,4.7090,0.3432,0.2505,0.4063,0.6059,0.3645,4.2822,1.7119,0.6889
9,3,353,355,3,3,3,0.3333,354.123,1041.452,1000.000,10.4164,13.0000,1.6027,0.5616,5.5651,0.6274,0.0733,0.2993,0.8552,0.0000,2.9957,0.8559,0.4658
7,3,354,356,3,2,2,0.5833,355.211,1055.404,863.246,9.2190,11.0000,1.3509,0.5172,4.7074,0.6197,0.1831,0.1972,0.9223,0.3857,3.4227,1.7104,0.5439
5,3,355,356,2,3,1,0.8333,355.435,751.326,536.000,8.8024,11.0000,1.1957,0.8796,4.7059,0.5854,0.2927,0.1220,0.3162,0.0000,4.7073,1.7110,0.6739
6,3,357,359,3,2,2,0.5000,357.981,531.151,717.623,9.2506,10.0000,1.1321,1.1718,4.2767,0.7074,0.0897,0.2030,0.9140,0.2540,4.2751,1.7104,0.5660
4,3,358,360,3,1,2,0.6667,358.976,917.000,590.857,8.9754,15.0000,1.4286,0.1448,6.4110,0.5357,0.3214,0.1429,1.0000,0.0000,4.9149,1.7093,0.8571
4,3,359,360,2,2,1,1.0000,359.432,814.432,1048.000,7.9058,11.0000,1.1892,0.6116,4.7014,0.0000,0.7500,0.2500,1.0000,0.0000,3.8463,0.4275,0.8378
9,3,360,362,3,3,4,0.2500,361.478,680.014,1082.884,9.8227,10.0000,1.3043,0.4923,4.2713,0.7502,0.1393,0.1105,0.5057,0.8139,3.4160,0.8541,0.4348
4,3,361,363,3,2,1,0.6667,361.892,1027.432,1069.000,7.8999,11.0000,1.1892,0.4457,4.6971,0.7576,0.1294,0.1129,0.8507,0.0000,4.6976,1.2812,0.8378
8,3,366,368,3,2,2,0.6667,367.224,894.642,1086.373,10.0996,12.0000,1.4328,0.5636,5.1166,0.3704,0.0753,0.5544,0.9816,0.1908,3.6234,-0.2130,0.5075
4,3,366,367,2,2,2,0.5000,366.278,1017.722,560.167,7.6765,10.0000,1.1111,0.7915,4.2651,0.0000,0.5625,0.4375,0.4459,0.5774,4.6911,1.7060,0.8333
4,3,367,369,3,2,1,0.6667,368.103,922.256,908.000,8.3120,13.0000,1.3333,0.2762,5.5415,0.5357,0.3214,0.1429,1.0000,0.0000,4.6883,1.2784,0.8462
3,3,368,369,2,2,1,0.7500,368.677,1062.677,833.000,7.6278,11.0000,1.0645,0.4562,4.6876,0.5333,0.2667,0.2000,0.7071,0.0000,4.6888,1.7046,1.0000
6,3,369,372,4,2,2,0.3750,370.642,628.849,401.528,9.2166,10.0000,1.1321,0.8104,4.2603,0.7696,0.0995,0.1309,0.9136,0.2553,4.6858,2.3423,0.5660
6,3,371,373,3,2,2,0.5000,371.830,422.642,444.679,9.2136,10.0000,1.1321,0.7371,4.2581,0.6381,0.1455,0.2164,0.8019,0.3768,4.4716,1.2776,0.5660
8,3,373,374,2,2,3,0.6667,373.580,622.652,620.493,10.3833,11.0000,1.2754,0.8452,4.6826,0.4782,0.1602,0.3617,0.2952,0.6425,4.0435,1.7026,0.4638
8,3,373,375,3,3,3,0.2963,373.925,839.090,851.463,10.0815,13.0000,1.5522,0.5498,5.5326,0.4475,0.3122,0.2403,0.0726,0.1665,3.6184,1.7022,0.5075
4,3,374,375,2,1,2,1.0000,374.444,612.000,1059.556,7.6596,10.0000,1.1111,0.7115,4.2558,0.0000,0.7500,0.2500,0.0000,0.0000,4.6808,1.7015,0.8333
5,3,374,375,2,2,3,0.4167,374.378,932.867,1181.933,8.5639,12.0000,1.3333,0.4061,5.1070,0.5461,0.2256,0.2283,0.5716,0.7118,4.6801,1.2763,0.7111
5,3,374,376,3,2,1,0.8333,374.744,1202.488,1085.000,8.1825,11.0000,1.2791,0.9031,4.6814,0.5854,0.2927,0.1220,0.9487,0.0000,4.6804,1.2765,0.7209
4,3,377,378,2,2,2,0.5000,377.250,570.475,951.175,8.5047,12.0000,1.2000,0.6072,5.1031,0.5916,0.1015,0.3069,0.5000,0.5000,4.8900,1.2759,0.8250
5,3,381,382,2,1,3,0.8333,381.565,753.000,1305.783,8.7389,12.0000,1.3043,0.4861,5.0971,0.5854,0.2927,0.1220,0.3162,0.0000,4.6735,1.9114,0.6957
6,3,383,385,3,2,2,0.5000,383.692,598.462,891.885,9.0136,12.0000,1.3846,0.8400,5.0959,0.3810,0.3333,0.2857,0.9487,0.1690,4.2455,1.6980,0.6154
6,3,383,385,3,1,3,0.6667,383.887,706.000,1269.736,9.1866,11.0000,1.2453,0.7445,4.6702,0.6944,0.2222,0.0833,0.8000,0.0000,4.4582,0.8493,0.5849
3,3,386,388,3,1,1,1.0000,386.971,1025.000,1148.000,8.5737,14.0000,1.2000,0.0286,5.9400,0.8889,0.0000,0.1111,1.0000,0.0000,5.5163,1.6971,1.0000
8,3,386,388,3,4,2,0.3333,387.044,1043.382,956.897,10.2004,12.0000,1.4118,0.3984,5.0914,0.5994,0.2573,0.1433,0.0653,0.0849,3.6065,1.6970,0.4853
6,3,387,389,3,3,2,0.3333,388.113,485.075,886.642,9.1781,11.0000,1.2453,0.6558,4.6661,0.4899,0.3164,0.1936,0.8165,0.5506,4.2425,1.2728,0.5849
5,3,387,388,2,2,2,0.6250,387.481,942.111,843.407,10.2452,14.0000,1.2963,0.6404,5.9400,0.3432,0.2505,0.4063,0.6059,0.3645,4.6662,0.4245,0.7407
6,3,388,390,3,3,2,0.3333,389.320,398.840,647.880,8.6564,12.0000,1.4400,0.7088,5.0882,0.7397,0.1062,0.1541,0.6563,0.4773,4.2404,2.1203,0.6400
5,3,388,389,2,2,2,0.6250,388.622,829.133,819.600,8.5356,11.0000,1.2222,0.7215,4.6652,0.3432,0.2505,0.4063,0.6059,0.3645,4.6660,1.6964,0.7111
7,3,388,389,2,2,3,0.5833,388.414,992.241,642.983,9.2983,11.0000,1.3276,0.4794,4.6661,0.3883,0.1309,0.4808,0.3626,0.5691,3.8173,1.4845,0.5517
6,3,390,392,3,2,3,0.3333,390.870,595.111,832.759,9.3460,11.0000,1.2222,0.7782,4.6633,0.7273,0.0909,0.1818,0.7071,0.5774,4.8749,1.2719,0.5741
9,3,390,393,4,3,2,0.3750,391.260,893.844,1073.312,10.8804,12.0000,1.4026,0.7520,5.0872,0.8252,0.0417,0.1331,0.7535,0.6492,3.8148,1.6955,0.4286
11,3,391,393,3,2,3,0.6111,392.111,847.333,660.711,11.5013,12.0000,1.4667,0.4549,5.0862,0.3873,0.1985,0.4142,0.9645,0.1583,4.2384,1.2715,0.3556
6,3,392,394,3,2,2,0.5000,393.327,841.558,822.885,8.9955,13.0000,1.5000,0.5620,5.5090,0.6373,0.1269,0.2358,0.8795,0.0724,4.0253,1.6945,0.6346
5,3,392,394,3,2,1,0.8333,393.156,1105.689,516.000,8.5279,11.0000,1.2222,0.3478,4.6614,0.5854,0.2927,0.1220,0.9487,0.0000,4.6606,1.6950,0.6889
6,3,394,397,4,2,2,0.3750,395.685,845.852,747.315,9.3374,11.0000,1.2222,0.9803,4.6597,0.8675,0.0267,0.1059,0.9315,0.3570,4.2353,1.6940,0.5926
6,3,396,398,3,3,1,0.6667,396.889,1249.241,809.000,9.3353,11.0000,1.2222,0.2651,4.6580,0.6944,0.2222,0.0833,0.8000,0.0000,4.4466,0.6351,0.5741
6,3,397,399,3,2,2,0.5000,397.863,650.686,877.569,8.8152,12.0000,1.4118,0.6638,5.0805,0.4074,0.2455,0.3471,0.9369,0.3292,4.0224,1.2703,0.6275
6,3,397,398,2,2,3,0.5000,397.396,853.245,947.755,9.1616,11.0000,1.2453,0.9971,4.6571,0.6381,0.1455,0.2164,0.3327,0.3629,4.4458,1.2702,0.5849
9,3,399,402,4,3,2,0.3750,400.529,881.400,783.086,9.8745,11.0000,1.4143,0.6684,4.6555,0.5117,0.3379,0.1504,0.9616,0.1128,3.3848,1.2695,0.4571
4,3,400,402,3,2,1,0.6667,401.150,766.425,1147.000,8.4630,12.0000,1.2000,0.9503,5.0771,0.7576,0.1294,0.1129,0.8507,0.0000,5.0779,1.2697,0.8500
8,3,401,403,3,2,3,0.4444,401.719,837.094,1237.188,9.5739,10.0000,1.2500,1.0888,4.2316,0.2862,0.4811,0.2328,0.1814,0.0689,3.8081,1.6924,0.4688
4,3,402,403,2,1,2,1.0000,402.462,719.000,1049.487,8.2496,11.0000,1.1282,0.6899,4.6540,0.0000,0.7500,0.2500,0.0000,0.0000,3.8076,0.6344,0.7949
7,3,403,405,3,2,3,0.3889,403.633,699.133,952.733,9.5923,12.0000,1.4000,0.8307,5.0755,0.6814,0.1697,0.1489,0.6007,0.0391,3.8071,1.2691,0.5333
4,3,403,404,2,1,2,1.0000,403.459,1125.000,1030.432,7.8253,11.0000,1.1892,0.6922,4.6525,0.0000,0.7500,0.2500,0.0000,0.0000,4.6530,0.6343,0.8378
4,3,407,408,2,2,2,0.5000,407.737,561.553,961.842,8.0317,11.0000,1.1579,0.6321,4.6497,0.5916,0.1015,0.3069,0.5000,0.5000,4.8614,1.6908,0.8421
6,3,407,409,3,2,2,0.5000,407.962,610.340,1006.868,9.1462,12.0000,1.3585,0.3663,5.0724,0.5230,0.1584,0.3185,0.9225,0.0898,4.0154,1.2682,0.6415
6,4,408,409,2,3,2,0.5000,408.379,401.052,951.655,10.0084,11.0000,1.1379,0.9040,4.6491,0.1333,0.2667,0.6000,0.0000,0.7071,4.6497,1.6906,0.7241
5,3,409,411,3,2,2,0.4167,410.104,640.875,1293.771,9.0712,14.0000,1.4583,0.2811,5.9162,0.4138,0.1655,0.4207,1.0000,0.0000,5.0703,1.6901,0.7500
6,3,410,412,3,2,1,1.0000,411.074,812.556,619.000,9.3147,13.0000,1.4444,0.4506,5.4929,0.5556,0.3333,0.1111,1.0000,0.0000,4.0139,0.8451,0.6296
5,3,410,412,3,2,2,0.4167,411.043,970.213,848.128,8.8811,13.0000,1.3830,0.2517,5.4929,0.4138,0.1655,0.4207,1.0000,0.0000,4.6473,1.2675,0.7021
7,3,414,416,3,2,3,0.3889,414.759,870.759,963.000,9.2582,12.0000,1.4483,0.3414,5.0678,0.5170,0.0882,0.3949,0.8847,0.3734,3.8013,1.2669,0.5517
4,3,415,416,2,1,3,0.6667,415.282,928.000,1214.077,8.2348,11.0000,1.1282,0.2924,4.6455,0.5357,0.3214,0.1429,0.0000,0.0000,4.8561,1.2670,0.8205
10,3,417,419,3,2,4,0.4167,417.795,908.590,1226.036,11.0808,13.0000,1.5663,0.4594,5.4881,0.7149,0.0962,0.1889,0.4780,0.6796,4.0107,1.2668,0.4096
6,3,418,420,3,2,2,0.5000,418.800,441.127,1131.673,9.4783,13.0000,1.4182,0.4041,5.4875,0.5230,0.1584,0.3185,0.9225,0.0898,4.2213,1.0552,0.6000
4,3,418,419,2,1,2,1.0000,418.447,479.000,1099.579,8.0207,11.0000,1.1579,0.6143,4.6438,0.0000,0.7500,0.2500,0.0000,0.0000,4.0104,0.4222,0.8421
6,3,418,420,3,2,2,0.5000,418.796,869.755,941.551,8.4443,11.0000,1.3469,0.5506,4.6433,0.5795,0.2234,0.1971,0.8314,0.5543,3.7992,1.2664,0.6327
4,3,418,419,2,2,1,1.0000,418.556,1038.556,432.000,7.5985,10.0000,1.1111,0.7115,4.2217,0.0000,0.7500,0.2500,1.0000,0.0000,5.0652,1.2664,0.8333
7,3,419,421,3,1,4,0.5833,419.831,962.000,799.985,10.3695,13.0000,1.4000,0.9991,5.4869,0.5992,0.3329,0.0680,0.0000,0.0000,4.6428,1.6883,0.6923
6,3,421,422,2,2,2,0.7500,421.574,816.648,1215.315,9.3032,11.0000,1.2222,0.6359,4.6418,0.2000,0.3333,0.4667,0.0000,0.0000,4.4311,1.4770,0.5741
7,3,422,424,3,2,3,0.3889,422.738,873.475,462.934,9.7284,11.0000,1.2623,0.8801,4.6418,0.5109,0.2405,0.2486,0.5680,0.1035,4.6413,1.4768,0.5246
15,3,424,428,5,5,3,0.2000,425.950,1015.706,908.622,12.9606,14.0000,1.7647,1.2422,5.9060,0.8135,0.1177,0.0687,0.6302,0.2739,3.3746,1.2652,0.3697
8,3,426,429,4,2,2,0.5000,427.985,880.765,1135.735,10.1392,11.0000,1.2941,0.7722,4.6391,0.7018,0.1426,0.1556,0.9816,0.1908,3.7956,0.8435,0.4706
7,3,426,427,2,3,2,0.5833,426.726,938.452,921.516,9.8840,12.0000,1.3548,0.7386,5.0613,0.5694,0.1270,0.3036,0.3597,0.8825,3.7960,1.2654,0.5323
7,3,428,430,3,1,3,0.7778,429.048,869.000,1241.194,9.8819,12.0000,1.3548,0.8079,5.0604,0.3567,0.5477,0.0956,0.5505,0.0000,3.7956,1.6868,0.5323
6,3,429,431,3,1,3,0.6667,429.902,453.000,990.706,8.7793,11.0000,1.2941,1.1453,4.6387,0.6944,0.2222,0.0833,0.8000,0.0000,4.0060,1.4758,0.6078
7,3,429,430,2,1,4,0.8750,429.339,602.000,1224.271,9.4035,11.0000,1.3051,0.4341,4.6387,0.7331,0.1952,0.0717,0.1452,0.0000,3.3735,1.6866,0.5424
6,3,431,433,3,3,1,0.6667,432.000,1081.900,676.000,8.6056,11.0000,1.3200,1.0050,4.6371,0.6944,0.2222,0.0833,0.8000,0.0000,4.0051,0.8432,0.6200
5,3,431,433,3,2,1,0.8333,431.706,1306.451,830.000,9.6158,13.0000,1.2745,0.8943,5.4811,0.5854,0.2927,0.1220,0.9487,0.0000,4.6374,0.8432,0.6863
6,3,433,435,3,2,2,0.5000,433.655,711.473,1228.891,9.4649,13.0000,1.4182,0.8147,5.4802,0.6373,0.1269,0.2358,0.8795,0.0724,4.4260,1.4753,0.6364
3,3,434,435,2,1,2,0.7500,434.667,486.000,728.667,7.3005,10.0000,1.0000,0.7454,4.2152,0.5333,0.2667,0.2000,0.7071,0.0000,4.6364,1.2644,1.0000
6,3,434,436,3,2,2,0.5000,435.208,985.340,559.717,9.1196,10.0000,1.1321,0.4884,4.2148,0.6381,0.1455,0.2164,0.8019,0.3768,4.4252,1.2645,0.5660
6,3,435,436,2,2,2,0.7500,435.466,613.345,913.690,9.9797,12.0000,1.2414,0.8616,5.0578,0.2000,0.3333,0.4667,0.0000,0.0000,4.4254,1.6858,0.5517
7,3,436,438,3,3,2,0.3889,436.867,590.017,911.567,9.5570,12.0000,1.4000,0.4537,5.0570,0.7585,0.0446,0.1969,0.8260,0.1396,3.7925,1.4749,0.5333
8,3,437,439,3,2,3,0.4444,438.387,872.200,1056.880,11.1734,15.0000,1.6000,0.9818,6.3208,0.5687,0.2748,0.1565,0.4532,0.1805,4.0031,0.4214,0.4800
6,3,439,441,3,2,2,0.5000,440.346,553.519,629.115,8.9440,11.0000,1.2692,0.8197,4.6342,0.6373,0.1269,0.2358,0.8795,0.0724,4.2131,1.2639,0.5962
4,3,441,442,2,2,1,1.0000,441.463,495.488,441.000,8.6363,11.0000,1.0732,0.6728,4.6342,0.0000,0.7500,0.2500,1.0000,0.0000,4.8447,1.4744,0.7805
14,3,442,446,5,4,4,0.1750,444.135,948.586,950.243,12.4955,11.0000,1.3874,0.9894,4.6330,0.8942,0.0201,0.0856,0.7269,0.6704,3.7910,1.2635,0.2793
6,3,443,445,3,2,2,0.5000,444.020,857.860,537.760,8.5979,11.0000,1.3200,0.2786,4.6333,0.7074,0.0897,0.2030,0.9140,0.2540,4.0013,1.2636,0.6200
4,3,445,446,2,2,1,1.0000,445.564,419.436,618.000,8.2127,12.0000,1.2308,0.6165,5.0538,0.0000,0.7500,0.2500,1.0000,0.0000,4.6329,1.2635,0.8205
9,3,446,448,3,4,2,0.3750,447.347,983.292,865.653,10.1068,12.0000,1.5000,0.5711,5.0535,0.7530,0.0718,0.1752,0.4799,0.7981,3.3691,1.4739,0.4444
7,3,447,449,3,2,2,0.5833,448.306,451.387,812.274,9.8678,11.0000,1.2419,0.5647,4.6321,0.4600,0.2645,0.2756,0.8571,0.1000,4.2110,1.4740,0.5161
5,3,447,449,3,1,2,0.8333,447.740,904.000,1232.440,9.4162,13.0000,1.3000,0.6174,5.4743,0.5854,0.2927,0.1220,0.9487,0.0000,4.6323,1.8949,0.7000
7,3,447,448,2,2,2,0.8750,447.359,937.609,1055.547,10.1867,12.0000,1.3125,0.6979,5.0535,0.0000,0.3318,0.6682,0.0000,0.5774,4.6324,1.4738,0.5000
4,3,448,449,2,2,2,0.5000,448.722,944.722,846.833,7.5795,10.0000,1.1111,0.7915,4.2110,0.0000,0.5625,0.4375,0.4459,0.5774,4.6318,1.2632,0.8333
6,3,449,451,3,2,3,0.3333,450.176,701.196,365.608,8.7664,10.0000,1.1765,0.6626,4.2105,0.7397,0.1062,0.1541,0.6563,0.4773,4.4209,1.6842,0.5882
6,3,449,451,3,3,2,0.3333,449.800,805.140,1073.520,8.5947,11.0000,1.3200,0.5745,4.6315,0.8205,0.0256,0.1538,0.6396,0.3015,4.0000,0.8422,0.6200
8,3,450,452,3,2,4,0.3333,450.877,540.185,894.662,9.6756,12.0000,1.4769,1.3164,5.0520,0.8574,0.0317,0.1109,0.6316,0.7141,3.3684,1.2632,0.5077
9,3,451,454,4,2,3,0.3750,452.351,439.392,916.108,10.3845,13.0000,1.5811,0.5373,5.4730,0.7360,0.1073,0.1567,0.8639,0.1940,3.3682,1.2629,0.4595
6,3,451,452,2,1,3,1.0000,451.455,828.000,1135.945,9.4533,12.0000,1.3091,0.4578,5.0523,0.5556,0.3333,0.1111,0.0000,0.0000,4.4207,1.6841,0.6182
7,3,451,452,2,3,3,0.3889,451.295,918.016,891.967,9.7069,12.0000,1.3770,0.2974,5.0523,0.5479,0.1606,0.2915,0.2768,0.8348,3.7892,1.4736,0.5246
5,3,451,453,3,2,1,0.8333,451.667,952.625,427.000,9.0375,12.0000,1.2500,0.7649,5.0523,0.5854,0.2927,0.1220,0.9487,0.0000,5.0522,2.1048,0.7083
11,3,452,455,4,4,2,0.3438,453.207,1035.494,1068.678,11.0427,12.0000,1.5172,0.6342,5.0517,0.1855,0.6529,0.1616,0.2264,0.1079,3.7887,1.2629,0.3678
5,3,452,454,3,2,1,0.8333,453.326,1099.605,962.000,8.0953,10.0000,1.1628,0.5122,4.2098,0.5854,0.2927,0.1220,0.9487,0.0000,4.6305,0.8419,0.6977
7,3,455,457,3,3,2,0.3889,455.639,797.344,940.885,9.7046,12.0000,1.3770,0.7352,5.0512,0.5373,0.2303,0.2324,0.7071,0.2357,4.2091,1.2627,0.5410
7,3,456,457,2,2,4,0.4375,456.258,499.227,1007.955,10.4997,13.0000,1.3788,0.3465,5.4718,0.7119,0.0977,0.1904,0.2227,0.8090,4.6298,1.6837,0.5303
8,4,456,459,4,2,2,0.5000,457.829,866.914,928.443,10.4160,13.0000,1.4857,0.4826,5.4713,0.6810,0.1576,0.1614,0.9830,0.0199,3.9982,0.4207,0.6286
7,3,459,462,4,2,3,0.2917,460.018,840.544,1168.070,9.0662,11.0000,1.3509,1.1173,4.6293,0.7061,0.1689,0.1249,0.9026,0.2707,3.7871,1.2624,0.5439
4,3,460,461,2,1,2,1.0000,460.556,741.000,538.556,7.5747,10.0000,1.1111,0.7115,4.2083,0.0000,0.7500,0.2500,0.0000,0.0000,4.6289,1.6832,0.8333
5,3,460,462,3,2,2,0.4167,460.958,939.854,1091.875,9.0331,14.0000,1.4583,0.1965,5.8913,0.7958,0.0325,0.1718,0.9294,0.3690,4.6286,1.6831,0.7292
4,3,461,462,2,1,2,1.0000,461.538,658.000,1053.538,8.2055,11.0000,1.1282,0.6527,4.6286,0.0000,0.7500,0.2500,0.0000,0.0000,4.6287,1.2624,0.7949
7,3,461,464,4,2,3,0.2917,462.741,845.397,899.655,9.2241,11.0000,1.3276,0.9087,4.6286,0.3562,0.4564,0.1874,0.8067,0.0720,3.7868,1.8934,0.5345
6,3,462,464,3,2,2,0.5000,462.868,581.717,675.887,9.1042,12.0000,1.3585,0.3322,5.0492,0.5230,0.1584,0.3185,0.9225,0.0898,4.2076,1.2623,0.6038
5,3,462,464,3,1,2,0.8333,462.761,708.000,973.522,8.6560,11.0000,1.1957,0.9226,4.6286,0.5854,0.2927,0.1220,0.9487,0.0000,4.6285,1.0519,0.6957
10,3,463,466,4,3,4,0.2083,464.671,890.671,919.908,10.1117,10.0000,1.3158,0.9535,4.2075,0.7413,0.0991,0.1596,0.7575,0.5217,3.1555,1.2621,0.3947
7,3,464,466,3,2,2,0.5833,464.690,300.483,936.345,9.2233,12.0000,1.4483,0.9285,5.0490,0.3511,0.4804,0.1685,0.9911,0.1332,3.7867,1.6829,0.5517
9,3,465,467,3,2,3,0.5000,465.667,875.427,704.800,10.5179,12.0000,1.4400,0.8164,5.0487,0.2968,0.3146,0.3886,0.8165,0.4882,3.7864,1.6828,0.4267
7,3,466,467,2,2,2,0.8750,466.508,562.672,1107.426,9.6996,11.0000,1.2623,0.7399,4.6278,0.0000,0.3318,0.6682,0.0000,0.5774,4.2069,1.4724,0.5246
5,3,466,468,3,2,1,0.8333,467.265,812.551,949.000,9.2187,14.0000,1.4286,0.5215,5.8897,0.5854,0.2927,0.1220,0.9487,0.0000,5.0482,2.1034,0.7347
4,3,467,468,2,2,2,0.5000,467.579,914.158,867.737,7.9930,12.0000,1.2632,0.5210,5.0481,0.5916,0.1015,0.3069,0.7071,0.7071,4.6275,0.4208,0.8421
8,3,467,470,4,2,3,0.3333,468.441,922.735,663.912,10.1135,12.0000,1.4118,0.8620,5.0481,0.5368,0.3165,0.1467,0.8474,0.4116,3.7860,1.4723,0.4853
3,3,468,469,2,1,2,0.7500,468.312,819.000,938.312,7.7720,12.0000,1.1250,0.4419,5.0481,0.5333,0.2667,0.2000,0.7071,0.0000,4.6274,1.4723,1.0000
5,3,470,472,3,1,2,0.8333,471.273,353.000,1060.636,8.2767,10.0000,1.1364,0.4545,4.2062,0.5854,0.2927,0.1220,0.9487,0.0000,4.6267,0.8412,0.6818
7,3,470,471,2,3,2,0.5833,470.590,942.918,729.230,9.6980,11.0000,1.2623,0.6385,4.6270,0.3883,0.1309,0.4808,0.3626,0.5691,3.7857,0.8413,0.5246
9,4,471,473,3,3,2,0.5000,472.276,933.355,741.342,10.6553,11.0000,1.3026,0.7804,4.6267,0.6439,0.1119,0.2442,0.5337,0.4615,4.2061,1.6824,0.5526
4,3,472,474,3,2,1,0.6667,472.933,777.133,1099.000,9.4633,14.0000,1.2444,0.1491,5.8883,0.7500,0.1500,0.1000,0.9487,0.0000,5.6779,1.0515,0.8667
5,3,473,475,3,2,2,0.4167,474.000,608.213,971.723,8.8401,13.0000,1.3830,0.7540,5.4675,0.4138,0.1655,0.4207,1.0000,0.0000,4.6263,1.0514,0.7021
9,3,473,475,3,3,3,0.3333,473.675,1121.805,1018.338,10.7949,12.0000,1.4026,1.1038,5.0471,0.3779,0.1859,0.4362,0.4721,0.2104,4.2059,1.2617,0.5455
3,3,474,475,2,1,2,0.7500,474.667,426.000,869.333,8.0128,11.0000,1.0000,0.7454,4.6263,0.5333,0.2667,0.2000,0.7071,0.0000,5.0467,1.6822,1.0000
3,3,474,475,2,2,1,0.7500,474.639,953.278,1059.000,8.7413,13.0000,1.0833,0.6967,5.4675,0.5333,0.2667,0.2000,0.7071,0.0000,5.8878,1.8925,1.0000
10,3,474,476,3,4,2,0.4167,475.070,1045.047,963.163,11.4373,12.0000,1.3953,1.0614,5.0467,0.7485,0.1311,0.1204,0.4567,0.0224,3.7851,1.6821,0.3953
10,3,475,477,3,3,2,0.5556,476.096,625.133,886.277,11.0379,10.0000,1.2048,1.1699,4.2054,0.6292,0.1123,0.2585,0.6318,0.1721,3.9953,1.2616,0.3614
11,3,477,479,3,3,5,0.2444,478.057,545.659,1067.080,11.1575,12.0000,1.5000,1.0061,5.0460,0.6684,0.1764,0.1552,0.1164,0.6427,2.9437,1.6820,0.5114
5,3,477,478,2,1,3,0.8333,477.444,594.000,935.156,8.4628,10.0000,1.1111,0.4709,4.2053,0.5854,0.2927,0.1220,0.3162,0.0000,4.6257,1.6820,0.6667
5,3,480,481,2,1,3,0.8333,480.396,487.000,878.688,9.0261,12.0000,1.2500,0.5043,5.0458,0.5854,0.2927,0.1220,0.3162,0.0000,4.6252,1.2614,0.6875
4,3,480,480,1,2,3,0.6667,480.000,563.579,1160.842,7.9892,12.0000,1.2632,0.9415,5.0458,0.7576,0.1294,0.1129,0.0000,1.0000,3.7844,1.2615,0.8421
4,3,480,481,2,2,2,0.5000,480.293,1106.220,1204.756,8.6198,12.0000,1.1707,0.7797,5.0456,0.0000,0.5625,0.4375,0.4459,0.5774,4.6253,1.2614,0.7805
9,3,481,483,3,5,2,0.3000,482.392,828.203,1139.851,10.3711,11.0000,1.3378,0.9008,4.6250,0.7181,0.1788,0.1031,0.2691,0.1736,3.7841,1.6817,0.4324
3,3,483,484,2,2,1,0.7500,483.312,1009.344,586.000,7.7677,11.0000,1.0312,0.4646,4.6249,0.5333,0.2667,0.2000,0.7071,0.0000,5.4657,1.6817,1.0000
10,5,485,488,4,2,2,0.6250,486.600,512.647,397.459,11.2999,11.0000,1.2941,0.8337,4.6244,0.6747,0.1023,0.2230,0.9367,0.3499,4.2039,1.2612,0.6118
5,3,485,487,3,2,2,0.4167,485.884,925.140,1048.140,8.0844,11.0000,1.2791,1.1336,4.6242,0.6489,0.0995,0.2515,0.9362,0.2726,4.6244,0.6306,0.7209
6,3,486,488,3,2,2,0.5000,487.059,809.118,954.686,8.7527,12.0000,1.4118,0.3402,5.0446,0.5230,0.1584,0.3185,0.9225,0.0898,3.9936,1.2612,0.6275
5,4,487,488,2,2,2,0.6250,487.583,513.875,1074.562,9.0239,11.0000,1.1458,0.7111,4.6241,0.3432,0.2505,0.4063,0.6059,0.3645,4.6242,1.2611,0.8750
9,4,487,490,4,2,4,0.2812,488.333,683.910,1000.500,10.9296,12.0000,1.3846,0.6076,5.0445,0.1065,0.6788,0.2147,0.5744,0.0575,3.3630,1.6814,0.5641
6,3,489,491,3,2,2,0.5000,489.885,472.885,633.769,8.9235,14.0000,1.6154,0.2826,5.8848,0.5230,0.1584,0.3185,0.9225,0.0898,3.7831,0.4204,0.6538
5,3,489,490,2,2,2,0.6250,489.409,599.591,647.864,8.2715,10.0000,1.1364,0.7315,4.2036,0.3432,0.2505,0.4063,0.6059,0.3645,4.6238,1.2611,0.6818
9,4,491,493,3,2,3,0.5000,491.556,409.210,905.926,11.3488,14.0000,1.5556,0.4971,5.8845,0.0093,0.5191,0.4716,0.9912,0.1327,3.7829,1.6813,0.6049
9,3,493,495,3,3,3,0.3333,494.134,619.098,1091.841,11.4880,15.0000,1.6463,0.2294,6.3044,0.6593,0.1147,0.2260,0.6833,0.7007,3.7826,1.6811,0.4756
5,3,493,494,2,2,2,0.6250,493.455,624.864,985.386,8.2704,11.0000,1.2500,0.6120,4.6234,0.3432,0.2505,0.4063,0.6059,0.3645,4.6232,1.0508,0.7045
6,3,493,495,3,1,3,0.6667,493.846,867.000,1313.288,8.9224,11.0000,1.2692,0.7280,4.6232,0.6944,0.2222,0.0833,0.8000,0.0000,4.4132,0.8406,0.5962
7,3,494,496,3,2,3,0.3889,495.150,610.350,921.050,9.5310,11.0000,1.2833,0.6690,4.6231,0.5900,0.1849,0.2251,0.6102,0.6115,4.2028,0.6304,0.5167
6,3,494,495,2,1,4,0.7500,494.517,626.000,1115.569,9.9517,14.0000,1.4483,0.6733,5.8841,0.7692,0.1538,0.0769,0.3162,0.0000,4.2029,1.6811,0.6379
6,3,494,496,3,3,1,0.6667,494.946,1016.268,990.000,9.6084,12.0000,1.2857,0.2732,5.0434,0.6944,0.2222,0.0833,0.8000,0.0000,4.8332,1.2609,0.5893
5,3,495,497,3,1,2,0.8333,495.733,758.000,474.644,8.4578,11.0000,1.2222,0.4444,4.6229,0.5854,0.2927,0.1220,0.9487,0.0000,4.2028,1.2608,0.6889
3,3,496,497,2,2,1,0.7500,496.645,609.677,646.000,7.5217,11.0000,1.0645,0.7213,4.6229,0.5333,0.2667,0.2000,0.7071,0.0000,4.6228,0.8406,1.0000
5,3,496,497,2,2,2,0.6250,496.578,671.422,1114.133,8.4576,10.0000,1.1111,0.7279,4.2027,0.3432,0.2505,0.4063,0.6059,0.3645,5.0430,1.6810,0.6667
5,3,496,498,3,1,3,0.5556,497.043,702.000,869.022,8.6454,12.0000,1.3043,0.0486,5.0431,0.7911,0.1351,0.0737,0.8507,0.0000,5.0432,1.8911,0.7174
5,3,498,499,2,2,2,0.6250,498.535,945.628,752.837,8.0812,10.0000,1.1628,0.8408,4.2024,0.3432,0.2505,0.4063,0.6059,0.3645,4.6225,1.2607,0.6977
5,3,498,500,3,3,1,0.5556,499.289,1027.067,1111.000,8.4569,12.0000,1.3333,0.7142,5.0426,0.5532,0.3398,0.1070,0.8281,0.0000,4.6226,1.2607,0.7111
4,3,499,500,2,2,1,1.0000,499.475,566.475,1013.000,8.4045,11.0000,1.1000,0.6718,4.6225,0.0000,0.7500,0.2500,1.0000,0.0000,4.6225,1.2607,0.7750
5,3,499,500,2,2,2,0.6250,499.347,618.878,457.490,9.2086,14.0000,1.4286,0.6290,5.8832,0.3432,0.2505,0.4063,0.6059,0.3645,4.6224,1.4708,0.7347
6,3,500,502,3,3,2,0.3333,501.058,677.038,846.115,8.9205,10.0000,1.1538,1.0464,4.2020,0.7308,0.1227,0.1465,0.4448,0.4753,4.8322,1.2606,0.5769
5,3,500,502,3,3,1,0.5556,501.044,867.289,795.000,8.4564,11.0000,1.2222,0.7125,4.6222,0.5532,0.3398,0.1070,0.5606,0.0000,4.6221,1.2606,0.6889
9,3,500,502,3,2,3,0.5000,500.506,1131.455,1060.221,10.7854,11.0000,1.2857,0.7155,4.6224,0.0802,0.4675,0.4523,0.7435,0.0528,3.7820,1.2606,0.5584
7,3,501,503,3,2,3,0.3889,501.679,604.875,765.804,8.8939,10.0000,1.2500,0.7174,4.2020,0.3231,0.4135,0.2634,0.8452,0.2797,2.5213,0.8404,0.5357
7,3,501,503,3,2,4,0.2917,501.677,683.887,1060.452,9.8468,12.0000,1.3548,0.8788,5.0425,0.8399,0.0584,0.1017,0.5203,0.5754,4.2019,1.2606,0.5323
6,4,502,504,3,2,2,0.5000,502.929,848.339,903.893,9.6061,11.0000,1.1786,1.1447,4.6221,0.7074,0.0897,0.2030,0.9140,0.2540,4.6221,1.6807,0.7500
7,3,503,505,3,3,2,0.3889,503.633,1026.033,1229.550,9.5286,13.0000,1.5167,0.7776,5.4623,0.5780,0.1560,0.2660,0.7697,0.1362,3.7815,1.2605,0.5500
3,3,504,506,3,1,1,1.0000,505.000,372.000,1094.000,8.0050,13.0000,1.1818,0.0000,5.4620,0.8889,0.0000,0.1111,1.0000,0.0000,3.7815,1.6805,1.0000
9,3,504,506,3,2,4,0.3750,505.147,996.840,976.587,10.5038,12.0000,1.4400,0.6255,5.0418,0.6495,0.1132,0.2373,0.2830,0.2863,3.7814,1.2605,0.4667
4,3,504,506,3,2,1,0.6667,504.950,1004.750,667.000,8.4031,12.0000,1.2000,0.2550,5.0418,0.5357,0.3214,0.1429,1.0000,0.0000,4.6218,1.6806,0.8000
11,3,505,508,4,2,2,0.6875,506.362,504.628,608.638,11.9076,11.0000,1.2872,1.5424,4.6217,0.7213,0.0365,0.2422,0.9677,0.1086,4.2012,0.0000,0.3404
5,3,513,514,2,1,3,0.8333,513.545,586.000,940.205,8.2654,11.0000,1.2500,0.4984,4.6205,0.5854,0.2927,0.1220,0.3162,0.0000,4.6206,1.0501,0.7045
6,3,513,515,3,2,2,0.5000,514.224,890.483,963.121,9.9458,14.0000,1.4483,0.5458,5.8806,0.3810,0.3333,0.2857,0.9487,0.1690,4.8303,1.8901,0.6207
5,3,515,516,2,2,2,0.6250,515.522,504.870,990.609,8.6406,12.0000,1.3043,0.6651,5.0403,0.3432,0.2505,0.4063,0.6059,0.3645,4.6202,1.6800,0.6957
9,3,515,518,4,2,4,0.2812,515.795,508.590,881.192,10.9205,12.0000,1.3846,1.2875,5.0400,0.4750,0.3751,0.1499,0.8776,0.1586,4.2002,1.4700,0.5513
7,3,516,518,3,2,2,0.5833,516.762,307.302,939.302,10.0011,11.0000,1.2222,0.7971,4.6200,0.3772,0.3083,0.3146,0.9758,0.2185,3.7801,0.8400,0.5079
6,3,518,519,2,1,4,0.7500,518.423,827.000,1031.423,8.9158,11.0000,1.2692,0.5983,4.6199,0.6944,0.2222,0.0833,0.0000,0.0000,4.1998,1.6800,0.6346
8,3,521,522,2,2,4,0.5000,521.543,584.729,1098.371,10.3931,14.0000,1.6000,0.6485,5.8791,0.7197,0.0792,0.2011,0.2868,0.2049,3.5696,1.2599,0.5286
3,3,532,533,2,1,2,0.7500,532.343,329.000,1065.343,8.4828,12.0000,1.0286,0.7412,5.0375,0.5333,0.2667,0.2000,0.7071,0.0000,5.4571,1.6791,1.0000
14,3,533,535,3,3,4,0.3889,533.525,780.270,1025.918,13.6870,14.0000,1.6066,1.2124,5.8767,0.6141,0.2189,0.1670,0.1070,0.5826,4.1977,2.3086,0.3033
6,3,555,556,2,2,3,0.5000,555.404,678.123,1064.719,9.7586,12.0000,1.2632,0.6706,5.0322,0.5034,0.2551,0.2415,0.1128,0.4328,4.6130,1.6774,0.5965
7,3,564,566,3,3,2,0.3889,564.909,880.030,696.909,10.4558,16.0000,1.6970,0.1321,6.7062,0.4552,0.3334,0.2114,0.4574,0.0699,4.1914,1.2574,0.5758
10,3,580,583,4,3,3,0.2778,581.989,485.087,912.652,12.1823,14.0000,1.5217,0.6580,5.8623,0.7087,0.1038,0.1875,0.8935,0.2496,4.1876,1.2562,0.3913
9,3,591,594,4,2,3,0.3750,592.506,885.074,917.012,11.3002,14.0000,1.5556,0.5117,5.8595,0.7817,0.0952,0.1231,0.8981,0.1017,3.3483,0.4185,0.4691
5,3,593,594,2,1,3,0.8333,593.549,746.000,1127.333,9.5453,12.0000,1.1765,0.6423,5.0222,0.5854,0.2927,0.1220,0.3162,0.0000,5.0222,1.2555,0.6863
5,3,598,599,2,1,3,0.8333,598.596,906.000,549.346,9.7306,13.0000,1.2500,0.7685,5.4395,0.5854,0.2927,0.1220,0.3162,0.0000,5.4396,1.6737,0.6923
8,3,606,609,4,3,2,0.3333,607.197,554.987,1034.711,11.2404,13.0000,1.3684,0.3506,5.4382,0.7417,0.1484,0.1099,0.8355,0.4580,4.3924,1.2550,0.4737
9,3,611,613,3,2,3,0.5000,611.906,860.929,1132.953,11.8513,14.0000,1.4824,0.9602,5.8559,0.3095,0.4988,0.1917,0.4713,0.0727,3.7646,0.8366,0.4588
5,3,612,613,2,2,2,0.6250,612.583,943.875,880.542,8.9788,11.0000,1.1458,0.8058,4.6011,0.3432,0.2505,0.4063,0.6059,0.3645,5.0193,0.4183,0.6875
6,3,655,656,2,2,2,0.7500,655.678,755.712,575.525,10.0651,12.0000,1.2203,0.6418,5.0144,0.2000,0.3333,0.4667,0.7071,0.7071,5.0143,1.8803,0.5763
9,3,657,659,3,4,2,0.3750,658.154,644.551,878.090,10.8634,14.0000,1.6154,0.4828,5.8496,0.6245,0.2109,0.1646,0.3331,0.0358,3.3426,1.2535,0.4744
4,3,666,667,2,1,2,1.0000,666.532,370.000,1185.468,9.8145,13.0000,1.1064,0.6620,5.4291,0.0000,0.7500,0.2500,0.0000,0.0000,5.4293,1.2529,0.7872
7,4,675,677,3,2,2,0.5833,675.638,836.783,1264.348,10.8861,13.0000,1.3188,0.9377,5.4266,0.3772,0.3083,0.3146,0.9758,0.2185,5.0089,0.8349,0.6812
8,3,678,681,4,2,2,0.5000,679.639,871.083,1117.611,10.6233,12.0000,1.3333,0.7526,5.0081,0.7266,0.1136,0.1597,0.9790,0.0404,3.9645,1.2519,0.4861
7,3,690,691,2,2,3,0.5833,690.530,690.591,987.848,10.4048,12.0000,1.2727,0.8083,5.0053,0.5352,0.1763,0.2885,0.2673,0.0986,4.3794,1.4598,0.5303
7,3,699,701,3,2,3,0.3889,700.032,807.095,1211.603,9.9288,14.0000,1.5556,0.6115,5.8376,0.1917,0.4720,0.3362,0.3600,0.0855,3.3357,1.0424,0.6032
5,3,715,717,3,2,1,0.8333,716.275,788.490,1030.000,9.5090,13.0000,1.2745,0.8867,5.4199,0.5854,0.2927,0.1220,0.9487,0.0000,5.4199,1.6677,0.7059
8,3,723,726,4,2,2,0.5000,724.358,626.657,655.090,9.8765,13.0000,1.5522,0.7333,5.4202,0.7266,0.1136,0.1597,0.9790,0.0404,3.5440,0.6254,0.5373
7,3,732,735,4,2,3,0.2917,733.819,633.097,914.889,11.3471,14.0000,1.3611,0.2332,5.8375,0.5258,0.3307,0.1435,0.9793,0.0701,4.5866,1.2509,0.5556
7,3,734,736,3,2,2,0.5833,734.831,749.508,1049.200,10.2439,13.0000,1.4000,0.9939,5.4206,0.3883,0.1309,0.4808,0.9235,0.3259,4.1697,1.2509,0.5538
9,3,735,738,4,3,2,0.3750,736.378,854.014,1045.459,10.2852,11.0000,1.3378,0.6600,4.5866,0.4484,0.2748,0.2768,0.8490,0.2833,3.3357,1.2509,0.4459
6,3,736,738,3,2,3,0.3333,737.236,919.127,1111.345,9.3624,12.0000,1.3091,0.4375,5.0036,0.8087,0.0589,0.1324,0.5725,0.5071,4.3782,1.2509,0.6545
8,3,760,762,3,1,3,0.8889,760.986,772.000,1334.873,10.4613,14.0000,1.5775,0.1275,5.8344,0.3375,0.5625,0.1000,0.7071,0.0000,3.7508,0.0000,0.5211
5,3,763,764,2,1,3,0.8333,763.580,879.000,903.660,9.3176,12.0000,1.2000,0.7823,5.0002,0.5854,0.2927,0.1220,0.3162,0.0000,4.1669,0.0001,0.6800
3,3,765,766,2,2,1,0.7500,765.306,260.389,960.000,8.6601,14.0000,1.1667,0.6832,5.8333,0.5333,0.2667,0.2000,0.7071,0.0000,5.0000,1.2500,1.0000
6,3,775,777,3,2,3,0.3333,775.915,491.847,769.339,10.0300,13.0000,1.3220,0.3813,5.4133,0.5367,0.2153,0.2481,0.4430,0.2219,4.5805,2.0820,0.6102
3,3,782,784,3,1,1,1.0000,782.949,975.000,665.000,9.3724,15.0000,1.1538,0.0513,6.2437,0.8889,0.0000,0.1111,1.0000,0.0000,5.8277,2.0811,1.0000
4,3,786,788,3,2,1,0.6667,786.891,463.435,1096.000,9.5716,13.0000,1.1304,0.9917,5.4103,0.7576,0.1294,0.1129,0.8507,0.0000,6.0341,1.2485,0.8261
6,3,786,788,3,1,2,1.0000,786.930,588.000,881.474,9.6840,12.0000,1.2632,0.4789,4.9938,0.5556,0.3333,0.1111,1.0000,0.0000,4.3697,1.0404,0.5965
5,3,787,788,2,2,3,0.4167,787.382,539.145,1043.818,10.2358,14.0000,1.2727,0.4472,5.8261,0.7729,0.0435,0.1836,0.4781,0.7852,4.9936,1.2485,0.6727
6,4,787,789,3,2,2,0.5000,788.082,640.639,1009.328,10.3630,12.0000,1.1803,0.4943,4.9936,0.6381,0.1455,0.2164,0.8019,0.3768,4.9936,1.6644,0.7377
5,3,792,794,3,3,1,0.5556,793.098,352.647,510.000,9.4888,13.0000,1.2745,0.6544,5.4084,0.5532,0.3398,0.1070,0.5606,0.0000,5.4082,1.2482,0.7255
7,3,803,805,3,2,2,0.5833,803.910,449.254,514.507,10.5315,13.0000,1.3582,1.0728,5.4065,0.5557,0.1817,0.2626,0.9141,0.3987,4.1587,1.2476,0.5224
4,3,806,807,2,1,3,0.6667,806.524,546.000,954.071,8.7329,12.0000,1.1429,0.5287,4.9903,0.7576,0.1294,0.1129,0.5257,0.0000,4.9901,1.6634,0.8095
4,3,814,815,2,1,2,1.0000,814.523,1002.000,649.477,9.1477,12.0000,1.0909,0.6750,4.9896,0.0000,0.7500,0.2500,0.0000,0.0000,5.4055,1.8711,0.7727
4,3,821,822,2,2,2,0.5000,821.171,760.439,867.268,8.5238,12.0000,1.1707,0.5421,4.9896,0.5916,0.1015,0.3069,0.5000,0.5000,4.9896,2.0790,0.8293
6,3,833,835,3,2,2,0.5000,833.702,406.123,785.351,9.6764,12.0000,1.2632,0.7941,4.9899,0.5230,0.1584,0.3185,0.9225,0.0898,4.3662,1.6633,0.6140
6,3,837,839,3,2,3,0.3333,837.850,462.883,969.083,10.1862,14.0000,1.4000,0.2075,5.8219,0.5384,0.1347,0.3269,0.8322,0.1385,4.9902,1.6634,0.6167
4,3,839,840,2,1,3,0.6667,839.825,602.000,1003.000,8.3172,11.0000,1.1000,1.0152,4.5744,0.5357,0.3214,0.1429,0.0000,0.0000,4.9903,1.6634,0.8250
7,3,840,842,3,1,3,0.7778,840.915,839.000,527.380,11.1599,14.0000,1.3803,0.6255,5.8221,0.1247,0.7481,0.1273,1.0000,0.0000,4.5745,1.2476,0.5352
3,3,842,843,2,2,1,0.7500,842.343,677.657,975.000,8.4036,12.0000,1.0286,0.7412,4.9905,0.5333,0.2667,0.2000,0.7071,0.0000,5.4063,2.0793,1.0000
4,3,845,846,2,1,2,1.0000,845.548,456.000,878.571,8.7336,12.0000,1.1429,0.6954,4.9907,0.0000,0.7500,0.2500,0.0000,0.0000,5.1986,1.6635,0.8333
6,3,855,856,2,2,2,0.7500,855.475,605.305,860.695,10.0185,12.0000,1.2203,0.6799,4.9913,0.2000,0.3333,0.4667,0.0000,0.0000,4.5753,1.6637,0.5763
5,4,859,860,2,2,2,0.6250,859.431,398.137,1158.431,9.4870,11.0000,1.0784,0.6253,4.5755,0.3432,0.2505,0.4063,0.6059,0.3645,4.9914,0.8319,0.8627
5,3,863,865,3,2,1,0.8333,863.885,364.385,789.000,9.6734,12.0000,1.1538,0.4016,4.9917,0.5854,0.2927,0.1220,0.9487,0.0000,4.9917,1.2479,0.6731
5,3,863,864,2,2,2,0.6250,863.367,453.633,715.837,9.1153,12.0000,1.2245,0.5446,4.9916,0.3432,0.2505,0.4063,0.6059,0.3645,4.9916,1.6639,0.6939
4,3,864,866,3,1,2,0.6667,864.848,846.000,881.217,9.5674,14.0000,1.2174,1.1725,5.8237,0.7500,0.1500,0.1000,0.9487,0.0000,5.4076,2.0799,0.7826
4,3,871,872,2,1,2,1.0000,871.489,340.000,1004.511,9.3599,12.0000,1.0667,0.7073,4.9920,0.0000,0.7500,0.2500,0.0000,0.0000,4.3679,0.2080,0.7778
5,3,872,874,3,2,1,0.8333,872.740,462.560,874.000,9.3020,12.0000,1.2000,0.5111,4.9920,0.5854,0.2927,0.1220,0.9487,0.0000,4.9920,1.6640,0.6800
3,3,873,875,3,1,1,1.0000,874.054,544.000,729.000,8.8866,13.0000,1.0541,0.0541,5.4081,0.8889,0.0000,0.1111,1.0000,0.0000,5.8240,1.2480,1.0000
4,3,878,879,2,2,2,0.5000,878.195,473.732,536.537,8.5282,11.0000,1.0732,0.8878,4.5761,0.5916,0.1015,0.3069,0.5000,0.5000,4.9921,1.4560,0.8049
9,3,883,885,3,2,3,0.5000,884.165,348.706,799.988,11.7871,13.0000,1.3765,1.3446,5.4082,0.3745,0.4382,0.1874,0.7417,0.4844,4.5762,2.0801,0.4235
4,3,885,886,2,2,1,1.0000,885.548,283.548,937.000,8.7363,12.0000,1.1429,0.6398,4.9922,0.0000,0.7500,0.2500,1.0000,0.0000,4.9922,1.4561,0.8095
9,3,886,888,3,3,2,0.5000,887.349,744.759,565.518,11.5097,12.0000,1.3012,0.8659,4.9922,0.0937,0.5177,0.3885,0.7513,0.3197,4.1601,1.6641,0.4096
5,3,889,890,2,2,2,0.6250,889.577,883.212,822.346,9.6744,12.0000,1.1538,0.7053,4.9922,0.3432,0.2505,0.4063,0.6059,0.3645,4.9922,1.6641,0.6538
3,3,894,895,2,1,2,0.7500,894.333,664.000,1162.306,8.6465,13.0000,1.0833,0.4522,5.4081,0.5333,0.2667,0.2000,0.7071,0.0000,5.4080,2.0800,1.0000
3,3,895,896,2,1,2,0.7500,895.667,636.000,869.667,7.9259,11.0000,1.0000,0.7454,4.5760,0.5333,0.2667,0.2000,0.7071,0.0000,4.9920,1.2480,1.0000
4,3,904,905,2,1,2,1.0000,904.477,973.000,972.455,9.1512,12.0000,1.0909,0.6591,4.9916,0.0000,0.7500,0.2500,0.0000,0.0000,5.1996,1.4559,0.7955
6,3,906,907,2,2,2,0.7500,906.544,418.263,1153.333,9.6793,12.0000,1.2632,0.6900,4.9915,0.2000,0.3333,0.4667,0.0000,0.0000,4.3675,1.2479,0.6140
3,3,908,909,2,1,2,0.7500,908.314,643.000,1013.343,8.4051,12.0000,1.0286,0.4651,4.9913,0.5333,0.2667,0.2000,0.7071,0.0000,5.4073,1.6638,1.0000
4,3,910,912,3,2,1,0.6667,910.825,644.825,595.000,8.3185,11.0000,1.1000,0.8434,4.5753,0.7500,0.1500,0.1000,0.9487,0.0000,4.9911,1.4557,0.8250
5,3,911,912,2,2,3,0.4167,911.491,532.755,949.396,9.8583,13.0000,1.2264,0.6766,5.4070,0.6999,0.1281,0.1720,0.4304,0.6887,5.8229,1.6637,0.7358
3,3,923,925,3,1,1,1.0000,923.923,585.000,875.000,9.3628,14.0000,1.0769,0.9231,5.8216,0.8889,0.0000,0.1111,1.0000,0.0000,6.4452,2.0791,1.0000
4,3,927,928,2,2,2,0.5000,927.732,1265.268,477.171,8.5235,12.0000,1.1707,0.4161,4.9894,0.0000,0.5625,0.4375,0.4459,0.5774,4.9894,1.2473,0.8293
3,3,929,931,3,1,1,1.0000,930.000,498.000,811.000,8.1613,12.0000,1.0588,0.0000,4.9891,0.8889,0.0000,0.1111,1.0000,0.0000,4.9892,1.6630,1.0000
7,3,935,937,3,1,3,0.7778,935.954,1018.000,974.862,10.2128,13.0000,1.4000,0.1460,5.4041,0.6076,0.3038,0.0886,0.7071,0.0000,3.7412,1.4549,0.5538
4,3,937,938,2,2,1,1.0000,937.476,479.524,486.000,8.7294,11.0000,1.0476,0.7079,4.5726,0.0000,0.7500,0.2500,1.0000,0.0000,4.9882,0.8313,0.7857
3,3,942,943,2,2,1,0.7500,942.324,183.676,873.000,8.8788,13.0000,1.0541,0.4587,5.4033,0.5333,0.2667,0.2000,0.7071,0.0000,4.5720,0.4156,1.0000
4,3,947,948,2,1,2,1.0000,947.452,732.000,1023.548,8.7272,12.0000,1.1429,0.6398,4.9871,0.0000,0.7500,0.2500,0.0000,0.0000,4.1558,0.4156,0.8095
3,3,954,955,2,2,1,0.7500,954.676,243.353,987.000,8.1565,12.0000,1.0588,0.7234,4.9861,0.5333,0.2667,0.2000,0.7071,0.0000,4.9862,1.4543,1.0000
6,3,961,963,3,3,1,0.6667,961.783,286.783,780.000,10.1763,15.0000,1.5000,0.8127,6.2318,0.6944,0.2222,0.0833,0.8000,0.0000,4.3621,1.2463,0.6333
5,3,969,970,2,1,3,0.8333,969.442,600.000,1239.712,9.6596,12.0000,1.1538,0.5281,4.9846,0.5854,0.2927,0.1220,0.3162,0.0000,4.9845,1.2461,0.6731
5,3,977,978,2,3,2,0.4167,977.843,839.922,566.471,9.4723,13.0000,1.2745,0.5577,5.3990,0.5461,0.2256,0.2283,0.1201,0.5647,4.9837,0.8306,0.7059
6,3,978,981,4,2,2,0.3750,979.271,197.814,964.712,10.0032,13.0000,1.3220,0.4374,5.3989,0.7351,0.1332,0.1317,0.9406,0.2762,4.5683,1.2459,0.5932
4,3,985,986,2,1,2,1.0000,985.442,541.000,843.419,8.9280,13.0000,1.2093,0.6087,5.3984,0.0000,0.7500,0.2500,0.0000,0.0000,5.1907,1.8686,0.8372
5,3,991,992,2,2,2,0.6250,991.358,454.415,606.189,9.8416,13.0000,1.2264,0.5800,5.3979,0.3432,0.2505,0.4063,0.6059,0.3645,4.9826,1.2457,0.6604
5,3,994,996,3,2,1,0.8333,994.760,551.460,504.000,9.2841,12.0000,1.2000,0.5188,4.9824,0.5854,0.2927,0.1220,0.9487,0.0000,5.3976,1.6608,0.7000
6,3,996,998,3,2,2,0.5000,996.719,946.123,941.684,9.6615,13.0000,1.3684,0.4400,5.3974,0.5230,0.1584,0.3185,0.9225,0.0898,4.1519,1.6608,0.6316
4,3,998,999,2,1,2,1.0000,998.550,918.000,722.450,8.3036,11.0000,1.1000,0.7106,4.5670,0.0000,0.7500,0.2500,0.0000,0.0000,4.9821,1.6607,0.8250
9,3,1001,1003,3,2,3,0.5000,1002.125,501.545,411.898,12.1782,13.0000,1.3295,0.9913,5.3971,0.6810,0.0962,0.2228,0.8777,0.4213,4.5669,1.6606,0.4091
6,3,1005,1007,3,2,2,0.5000,1005.934,497.525,618.295,10.3386,12.0000,1.1803,0.5634,4.9818,0.4246,0.3485,0.2269,0.7895,0.0722,4.7742,1.2455,0.5738
6,3,1007,1008,2,2,3,0.5000,1007.517,897.517,409.983,9.8300,12.0000,1.2414,0.6829,4.9817,0.6168,0.1058,0.2774,0.5000,0.5000,4.5666,1.8681,0.5862
4,3,1017,1019,3,1,2,0.6667,1017.810,351.000,834.190,8.7176,12.0000,1.1429,0.2694,4.9815,0.7500,0.1500,0.1000,0.9487,0.0000,4.9815,1.2454,0.8095
6,3,1022,1023,2,2,2,0.7500,1022.516,457.306,1155.258,10.5072,16.0000,1.5484,0.6534,6.6419,0.2000,0.3333,0.4667,0.0000,0.0000,4.5663,1.2454,0.6290
3,3,1023,1024,2,1,2,0.7500,1023.353,899.000,808.324,8.1487,12.0000,1.0588,0.7234,4.9814,0.5333,0.2667,0.2000,0.7071,0.0000,4.9814,1.2454,1.0000
3,3,1024,1025,2,1,2,0.7500,1024.657,462.000,913.343,8.3884,12.0000,1.0286,0.7412,4.9814,0.5333,0.2667,0.2000,0.7071,0.0000,5.3965,1.6605,1.0000
4,3,1024,1026,3,1,2,0.6667,1024.860,525.000,622.256,8.9250,13.0000,1.2093,0.8977,5.3965,0.5357,0.3214,0.1429,1.0000,0.0000,5.1890,1.6605,0.8372
7,3,1026,1028,3,2,3,0.3889,1027.485,988.574,631.971,10.6692,13.0000,1.3382,0.6691,5.3965,0.2873,0.4228,0.2899,0.9129,0.1849,4.1512,1.8680,0.5294
3,3,1028,1029,2,1,2,0.7500,1028.324,224.000,651.676,8.1487,12.0000,1.0588,0.4575,4.9814,0.5333,0.2667,0.2000,0.7071,0.0000,5.3965,2.0756,1.0000
7,3,1031,1032,2,2,3,0.5833,1031.516,676.113,1060.016,9.7278,12.0000,1.3548,0.5286,4.9814,0.5916,0.2044,0.2040,0.1485,0.2953,3.3210,1.6605,0.5484
5,3,1035,1037,3,1,2,0.8333,1036.245,770.000,995.623,9.8395,13.0000,1.2264,0.4501,5.3966,0.5854,0.2927,0.1220,0.9487,0.0000,4.9815,1.4529,0.6792
5,3,1038,1040,3,3,1,0.5556,1038.681,339.915,531.000,8.7257,11.0000,1.1702,1.1404,4.5665,0.5532,0.3398,0.1070,0.8281,0.0000,4.9816,1.0378,0.7021
3,3,1038,1039,2,2,1,0.7500,1038.707,374.659,740.000,9.8267,15.0000,1.0976,0.4497,6.2270,0.5333,0.2667,0.2000,0.7071,0.0000,6.2270,1.2454,1.0000
10,3,1039,1042,4,3,2,0.4167,1040.215,560.860,1070.624,12.2088,13.0000,1.3978,0.9633,5.3967,0.5271,0.1490,0.3239,0.9862,0.1024,4.5665,1.2454,0.3763
4,3,1043,1044,2,3,1,0.6667,1043.750,270.045,969.000,9.1332,13.0000,1.1818,0.2541,5.3969,0.5357,0.3214,0.1429,0.0000,0.0000,5.3969,2.0757,0.7955
3,3,1044,1045,2,1,2,0.7500,1044.667,543.000,1098.333,7.9096,11.0000,1.0000,0.7454,4.5666,0.5333,0.2667,0.2000,0.7071,0.0000,5.3969,1.4530,1.0000
4,3,1046,1047,2,2,2,0.5000,1046.714,757.548,422.190,8.7182,12.0000,1.1429,0.8667,4.9818,0.5916,0.1015,0.3069,0.5000,0.5000,4.9819,2.0758,0.8095
5,3,1051,1053,3,2,1,0.8333,1052.208,450.434,677.000,9.8406,16.0000,1.5094,0.4810,6.6428,0.5854,0.2927,0.1220,0.9487,0.0000,4.9821,1.6607,0.7358
6,3,1056,1058,3,3,2,0.3333,1056.782,368.055,625.255,9.3227,11.0000,1.2000,0.8240,4.5672,0.4899,0.3164,0.1936,0.8165,0.5506,4.3595,0.8304,0.6000
6,3,1056,1058,3,3,1,0.6667,1057.226,376.210,637.000,10.5093,14.0000,1.3548,0.3081,5.8128,0.4000,0.4800,0.1200,0.7071,0.0000,4.7748,0.8304,0.5806
4,3,1056,1057,2,1,2,1.0000,1056.500,505.000,917.562,9.9647,14.0000,1.1667,0.6644,5.8128,0.0000,0.7500,0.2500,0.0000,0.0000,5.3975,1.4532,0.7917
6,3,1068,1070,3,2,2,0.5000,1068.897,453.466,1202.345,9.8326,12.0000,1.2414,0.8103,4.9831,0.4246,0.3485,0.2269,0.7895,0.0722,4.5678,1.0381,0.5862
5,3,1075,1076,2,2,2,0.6250,1075.618,576.364,607.182,10.2145,13.0000,1.1818,0.5577,5.3987,0.3432,0.2505,0.4063,0.6059,0.3645,4.9834,0.0000,0.6545
7,3,1076,1078,3,2,2,0.5833,1076.894,600.545,334.333,10.3595,12.0000,1.2727,0.6480,4.9834,0.5927,0.2184,0.1889,0.8630,0.4864,4.5681,1.6611,0.5152
4,3,1079,1080,2,2,1,1.0000,1079.512,360.512,485.000,8.9287,11.0000,1.0233,0.7073,4.5682,0.0000,0.7500,0.2500,1.0000,0.0000,4.9835,1.8688,0.7674
5,3,1079,1081,3,2,1,0.8333,1079.760,713.400,1096.000,9.2861,12.0000,1.2000,0.4665,4.9835,0.5854,0.2927,0.1220,0.9487,0.0000,4.9835,1.4535,0.7000
5,3,1080,1082,3,2,2,0.4167,1080.915,361.149,952.234,8.7290,11.0000,1.1702,0.9560,4.5682,0.4138,0.1655,0.4207,1.0000,0.0000,4.9835,1.0382,0.7021
5,3,1087,1088,2,2,2,0.6250,1087.451,706.353,844.824,9.4717,12.0000,1.1765,0.5992,4.9834,0.3432,0.2505,0.4063,0.6059,0.3645,4.9834,1.2458,0.6863
4,3,1098,1099,2,2,1,1.0000,1098.460,541.440,587.000,10.3800,14.0000,1.1200,0.6366,5.8129,0.0000,0.7500,0.2500,1.0000,0.0000,6.0204,2.4912,0.8200
5,3,1099,1100,2,2,2,0.6250,1099.388,267.286,1078.224,9.0983,12.0000,1.2245,0.5314,4.9823,0.3432,0.2505,0.4063,0.6059,0.3645,4.9823,1.2455,0.7143
7,4,1099,1100,2,2,2,0.8750,1099.449,379.692,666.538,12.2403,14.0000,1.2564,0.7135,5.8127,0.0000,0.3318,0.6682,0.0000,0.5774,5.3975,1.6607,0.6923
3,3,1100,1101,2,1,2,0.7500,1100.676,529.000,877.647,8.1498,12.0000,1.0588,0.7234,4.9820,0.5333,0.2667,0.2000,0.7071,0.0000,4.9822,1.6607,1.0000
3,3,1102,1103,2,1,2,0.7500,1102.343,595.000,972.657,8.3891,12.0000,1.0286,0.7412,4.9819,0.5333,0.2667,0.2000,0.7071,0.0000,5.6044,1.2455,1.0000
4,3,1107,1109,3,2,1,0.6667,1108.095,551.548,581.000,8.7162,12.0000,1.1429,1.0116,4.9805,0.7576,0.1294,0.1129,0.8507,0.0000,4.9807,1.4526,0.8095
4,3,1154,1155,2,2,1,1.0000,1154.561,212.463,910.000,8.4897,12.0000,1.1707,0.6933,4.9695,0.0000,0.7500,0.2500,1.0000,0.0000,4.9696,1.6565,0.8293
5,3,1157,1159,3,3,1,0.5556,1157.917,109.312,665.000,8.8893,11.0000,1.1458,0.3234,4.5552,0.8123,0.1108,0.0769,0.7071,0.0000,4.9692,1.2423,0.6875
5,3,1159,1161,3,2,1,0.8333,1159.765,343.647,622.000,9.4447,12.0000,1.1765,0.4242,4.9691,0.5854,0.2927,0.1220,0.9487,0.0000,4.5551,1.2423,0.6667
3,3,1159,1160,2,2,1,0.7500,1159.676,784.353,971.000,8.1287,12.0000,1.0588,0.7234,4.9691,0.5333,0.2667,0.2000,0.7071,0.0000,4.9692,0.8282,1.0000
7,3,1160,1162,3,2,2,0.5833,1161.015,612.394,882.879,10.3298,12.0000,1.2727,0.4124,4.9691,0.4600,0.2645,0.2756,1.0000,0.0000,4.1409,1.2423,0.5152
4,3,1163,1164,2,2,1,1.0000,1163.488,138.535,858.000,8.9028,12.0000,1.1163,0.6914,4.9690,0.0000,0.7500,0.2500,1.0000,0.0000,4.9690,0.8282,0.7907
11,3,1165,1167,3,4,2,0.4583,1166.108,250.914,627.269,11.6109,13.0000,1.5376,0.3020,5.3830,0.6199,0.1914,0.1887,0.5388,0.4105,3.7267,1.2422,0.3871
4,3,1167,1168,2,3,1,0.6667,1167.275,374.625,280.000,8.2815,11.0000,1.1000,0.6828,4.5548,0.7500,0.1500,0.1000,0.3162,0.0000,5.3830,0.8282,0.8250
7,3,1167,1169,3,2,2,0.5833,1167.873,664.571,496.397,9.8599,12.0000,1.3333,0.7072,4.9689,0.5352,0.1763,0.2885,0.8018,0.5745,3.7267,1.6563,0.5397
6,3,1178,1180,3,1,2,1.0000,1178.919,585.000,1007.500,10.4812,13.0000,1.2581,0.5065,5.3832,0.5556,0.3333,0.1111,1.0000,0.0000,4.7620,0.4141,0.5806
5,3,1193,1194,2,2,2,0.6250,1193.600,1147.140,601.420,9.2599,12.0000,1.2000,0.7183,4.9694,0.3432,0.2505,0.4063,0.6059,0.3645,4.1412,0.8282,0.6800
4,3,1194,1195,2,2,2,0.5000,1194.465,267.744,1004.814,8.9035,12.0000,1.1163,0.5625,4.9694,0.5916,0.1015,0.3069,0.7071,0.7071,5.1765,2.4847,0.8140
6,3,1195,1197,3,3,1,0.6667,1196.281,405.649,933.000,9.6366,12.0000,1.2632,0.4493,4.9694,0.6061,0.3030,0.0909,0.7071,0.0000,4.5553,1.4494,0.5965
5,3,1195,1196,2,2,2,0.6250,1195.453,499.604,532.132,9.8155,13.0000,1.2264,0.6884,5.3835,0.3432,0.2505,0.4063,0.6059,0.3645,4.9694,0.8282,0.6792
4,3,1200,1202,3,1,2,0.6667,1201.048,444.000,617.524,8.6963,11.0000,1.0476,0.5260,4.5552,0.7576,0.1294,0.1129,0.8507,0.0000,4.9693,0.8282,0.7857
5,3,1203,1204,2,2,2,0.6250,1203.491,584.849,1002.358,9.8153,15.0000,1.4151,0.6410,6.2116,0.3432,0.2505,0.4063,0.6059,0.3645,4.9692,1.8635,0.6981
9,3,1213,1216,4,2,3,0.3750,1214.271,352.812,316.024,11.7316,14.0000,1.4824,0.3305,5.7968,0.5968,0.2134,0.1898,0.8981,0.1115,3.7265,0.4141,0.4471
4,3,1215,1217,3,2,1,0.6667,1215.957,526.848,374.000,9.5230,15.0000,1.3043,0.1583,6.2107,0.5357,0.3214,0.1429,1.0000,0.0000,5.3826,1.2421,0.8478
8,3,1227,1229,3,3,2,0.4444,1227.850,414.988,1039.525,11.7084,15.0000,1.5000,0.4983,6.2093,0.4702,0.2602,0.2696,0.9107,0.1045,4.3466,1.2419,0.4750
5,3,1230,1232,3,1,2,0.8333,1231.176,542.000,614.392,9.4408,13.0000,1.2745,0.6329,5.3811,0.5854,0.2927,0.1220,0.9487,0.0000,4.9671,1.2418,0.6863
8,3,1255,1258,4,2,2,0.5000,1256.360,277.453,937.107,10.9724,12.0000,1.2800,0.7915,4.9655,0.6702,0.1825,0.1473,0.9937,0.1048,4.1380,1.2414,0.4533
6,3,1257,1259,3,2,2,0.5000,1258.145,484.581,513.887,10.4737,15.0000,1.4516,0.6091,6.2069,0.5230,0.1584,0.3185,0.9225,0.0898,4.5517,1.6552,0.6290
5,3,1261,1263,3,1,2,0.8333,1262.320,412.000,424.360,9.2526,13.0000,1.3000,0.4817,5.3793,0.5854,0.2927,0.1220,0.9487,0.0000,4.9655,1.6552,0.7200
6,3,1274,1275,2,3,2,0.5000,1274.638,634.276,960.121,9.7982,12.0000,1.2414,0.9726,4.9657,0.5230,0.1584,0.3185,0.3667,0.5079,4.1380,0.8276,0.6034
4,3,1292,1293,2,1,2,1.0000,1292.568,850.000,749.523,9.1051,13.0000,1.1818,0.6780,5.3803,0.0000,0.7500,0.2500,0.0000,0.0000,5.1733,1.8624,0.8182
3,3,1298,1299,2,2,1,0.7500,1298.639,379.694,696.000,8.6026,13.0000,1.0833,0.7082,5.3806,0.5333,0.2667,0.2000,0.7071,0.0000,5.3806,1.2417,1.0000
6,3,1298,1300,3,2,2,0.5000,1298.933,522.433,533.767,10.1383,14.0000,1.4000,0.6164,5.7945,0.6381,0.1455,0.2164,0.8019,0.3768,4.9667,2.0694,0.6167
5,3,1304,1306,3,2,2,0.4167,1304.906,214.868,465.660,9.8109,16.0000,1.5094,0.3764,6.6228,0.1521,0.5234,0.3245,1.0000,0.0000,4.9671,1.2418,0.7358
4,3,1321,1322,2,2,1,1.0000,1321.550,423.450,804.000,8.2802,11.0000,1.1000,0.7106,4.5541,0.0000,0.7500,0.2500,1.0000,0.0000,4.9681,1.2420,0.8250
4,3,1324,1326,3,2,1,0.6667,1324.905,337.714,519.000,8.6947,12.0000,1.1429,0.7206,4.9684,0.5357,0.3214,0.1429,1.0000,0.0000,5.1754,1.4491,0.8333
9,3,1325,1328,4,2,3,0.3750,1326.568,396.284,844.765,11.1791,12.0000,1.3333,0.9945,4.9685,0.5050,0.3126,0.1824,0.8321,0.1875,3.7264,1.2421,0.4198
6,3,1326,1328,3,3,1,0.6667,1327.203,239.780,1007.000,9.9730,12.0000,1.2203,0.8058,4.9685,0.4000,0.4800,0.1200,0.7071,0.0000,4.7615,1.4491,0.5763
32,7,1337,1342,6,7,4,0.1905,1339.697,324.254,882.975,23.6476,21.0000,2.0805,0.3964,8.6972,0.6387,0.1671,0.1942,0.3825,0.6416,4.1416,1.6566,0.4272
4,3,1343,1344,2,2,1,1.0000,1343.455,821.409,538.000,9.1122,13.0000,1.1818,0.6115,5.3846,0.0000,0.7500,0.2500,1.0000,0.0000,5.3844,0.8284,0.8409
6,3,1350,1352,3,1,3,0.6667,1351.217,775.000,212.217,10.1479,13.0000,1.3000,0.3064,5.3857,0.4000,0.4800,0.1200,0.7071,0.0000,4.5572,1.6572,0.5833
4,3,1351,1352,2,2,1,1.0000,1351.523,419.568,520.000,9.1144,13.0000,1.1818,0.6780,5.3857,0.0000,0.7500,0.2500,1.0000,0.0000,5.1787,1.8642,0.8182
4,3,1354,1356,3,1,2,0.6667,1355.372,552.000,642.279,8.9084,12.0000,1.1163,0.6871,4.9722,0.7500,0.1500,0.1000,0.9487,0.0000,5.1793,1.2430,0.8140
4,3,1357,1358,2,2,1,1.0000,1357.477,413.477,637.000,9.1163,12.0000,1.0909,0.7078,4.9726,0.0000,0.7500,0.2500,1.0000,0.0000,5.1796,1.6575,0.7955
4,3,1364,1365,2,2,1,1.0000,1364.531,698.571,840.000,10.1549,14.0000,1.1429,0.6821,5.8029,0.0000,0.7500,0.2500,1.0000,0.0000,5.8028,2.4869,0.8163
5,3,1371,1373,3,2,2,0.4167,1371.580,751.360,891.140,9.2708,13.0000,1.3000,0.5706,5.3899,0.6999,0.1281,0.1720,0.8684,0.1395,4.9751,1.6583,0.7000
7,3,1376,1378,3,2,2,0.5833,1377.152,529.561,458.758,10.3447,13.0000,1.3788,0.5242,5.3909,0.3883,0.1309,0.4808,0.9235,0.3259,4.1468,1.2441,0.5303
7,3,1381,1383,3,3,1,0.7778,1381.984,576.375,907.000,10.0329,11.0000,1.2031,1.1660,4.5623,0.1247,0.7481,0.1273,1.0000,0.0000,4.1477,1.6590,0.5156
6,3,1392,1394,3,3,1,0.6667,1393.034,871.207,957.000,9.8236,11.0000,1.1379,0.2098,4.5637,0.6944,0.2222,0.0833,0.8000,0.0000,4.5636,1.6595,0.5690
3,3,1393,1394,2,2,1,0.7500,1393.676,312.676,689.000,8.1441,12.0000,1.0588,0.4575,4.9786,0.5333,0.2667,0.2000,0.7071,0.0000,4.9786,1.0372,1.0000
5,3,1396,1398,3,2,1,0.8333,1397.235,440.373,1086.000,9.4630,14.0000,1.3725,0.4406,5.8086,0.5854,0.2927,0.1220,0.9487,0.0000,4.9788,0.8298,0.7059
4,3,1402,1404,3,2,1,0.6667,1402.907,181.419,441.000,8.9207,14.0000,1.3023,0.4288,5.8088,0.7576,0.1294,0.1129,0.8507,0.0000,4.9790,2.0746,0.8372
6,3,1405,1407,3,2,2,0.5000,1405.949,663.475,487.847,9.9939,12.0000,1.2203,0.5011,4.9790,0.3810,0.3333,0.2857,0.9487,0.1690,4.9790,1.6597,0.5932
6,3,1409,1411,3,2,2,0.5000,1410.390,550.136,494.644,9.9936,12.0000,1.2203,0.7193,4.9788,0.5034,0.2551,0.2415,0.9677,0.2521,4.7714,0.8298,0.5763
6,3,1434,1436,3,1,3,0.6667,1434.754,709.000,266.982,9.6502,11.0000,1.1579,1.2387,4.5618,0.6944,0.2222,0.0833,0.6000,0.0000,4.5617,2.0735,0.5789
4,3,1436,1438,3,2,1,0.6667,1437.021,255.229,708.000,9.9524,16.0000,1.3333,0.2301,6.6350,0.5357,0.3214,0.1429,1.0000,0.0000,4.9762,1.4514,0.7917
3,3,1446,1447,2,1,2,0.7500,1446.676,975.000,485.647,8.1389,12.0000,1.0588,0.7234,4.9754,0.5333,0.2667,0.2000,0.7071,0.0000,4.9755,1.8658,1.0000
5,3,1447,1448,2,2,2,0.6250,1447.471,579.157,930.392,9.4565,12.0000,1.1765,0.6773,4.9754,0.3432,0.2505,0.4063,0.6059,0.3645,4.9754,1.6585,0.6863
7,3,1449,1450,2,2,3,0.5833,1449.409,425.773,729.833,10.3427,13.0000,1.3788,0.4968,5.3899,0.3883,0.1309,0.4808,0.3626,0.5691,3.7315,1.8657,0.5303
9,3,1451,1452,2,3,3,0.5000,1451.400,523.435,666.929,11.7470,12.0000,1.2706,0.8270,4.9752,0.6283,0.1059,0.2658,0.2589,0.8515,4.1460,1.2438,0.4000
6,3,1453,1455,3,2,2,0.5000,1453.724,528.121,599.638,9.8170,13.0000,1.3448,0.9726,5.3898,0.5230,0.1584,0.3185,0.9225,0.0898,4.3532,1.2438,0.6034
4,3,1461,1464,4,1,1,1.0000,1462.310,468.000,482.000,8.7065,12.0000,1.1429,1.3095,4.9751,0.9375,0.0000,0.0625,1.0000,0.0000,4.3533,1.0365,0.8333
4,3,1469,1470,2,2,1,1.0000,1469.467,534.489,900.000,9.3289,12.0000,1.0667,0.6759,4.9754,0.0000,0.7500,0.2500,1.0000,0.0000,5.1827,2.0731,0.7778
6,3,1474,1476,3,3,2,0.3333,1474.985,708.000,978.742,11.1722,17.0000,1.5455,0.2580,7.0489,0.2238,0.4308,0.3454,0.0000,0.0000,4.5611,0.8293,0.6061
6,3,1478,1480,3,2,2,0.5000,1479.196,314.321,256.857,9.4799,12.0000,1.2857,0.4029,4.9759,0.5230,0.1584,0.3185,0.9225,0.0898,4.7686,1.6586,0.6071
5,3,1484,1486,3,2,2,0.4167,1484.898,801.531,326.837,9.0873,12.0000,1.2245,1.0557,4.9762,0.5461,0.2256,0.2283,0.8117,0.4177,5.3909,1.8661,0.6939
5,3,1488,1490,3,2,1,0.8333,1488.776,799.551,460.000,9.0876,13.0000,1.3265,0.5020,5.3912,0.5854,0.2927,0.1220,0.9487,0.0000,4.9764,2.0735,0.7143
3,3,1490,1492,3,1,1,1.0000,1491.000,389.000,736.000,8.1408,12.0000,1.0588,0.0000,4.9766,0.8889,0.0000,0.1111,1.0000,0.0000,4.5619,0.6221,1.0000
7,3,1491,1493,3,2,2,0.5833,1491.955,513.409,828.879,10.3454,12.0000,1.2727,0.4291,4.9766,0.5916,0.2044,0.2040,0.9664,0.1591,4.1472,1.2442,0.5152
5,3,1497,1499,3,1,2,0.8333,1497.694,585.000,526.551,9.0882,11.0000,1.1224,0.8861,4.5621,0.5854,0.2927,0.1220,0.9487,0.0000,4.9768,1.2442,0.6735
7,3,1501,1504,4,2,2,0.4375,1502.194,642.119,709.716,10.5027,12.0000,1.2537,0.3638,4.9769,0.7514,0.0882,0.1604,0.9757,0.1283,4.1474,2.0737,0.5075
5,3,1508,1509,2,2,2,0.6250,1508.360,864.180,459.460,9.2739,12.0000,1.2000,0.6735,4.9769,0.3432,0.2505,0.4063,0.6059,0.3645,4.1474,1.2442,0.6800
3,3,1513,1514,2,1,2,0.7500,1513.333,679.000,885.333,7.9017,11.0000,1.0000,0.4714,4.5621,0.5333,0.2667,0.2000,0.7071,0.0000,5.3915,2.0737,1.0000
5,3,1516,1518,3,3,1,0.5556,1517.235,221.765,599.000,9.4590,13.0000,1.2745,0.8001,5.3914,0.8123,0.1108,0.0769,0.7071,0.0000,4.9767,0.0000,0.7059
4,3,1534,1536,3,1,2,0.6667,1534.711,504.000,557.244,9.3300,14.0000,1.2444,0.3784,5.8053,0.7500,0.1500,0.1000,0.9487,0.0000,4.9760,1.2440,0.8000
5,3,1541,1543,3,2,1,0.8333,1541.745,415.471,377.000,9.4572,13.0000,1.2745,0.9140,5.3904,0.5854,0.2927,0.1220,0.9487,0.0000,4.9758,1.4513,0.6863
5,3,1545,1546,2,2,2,0.6250,1545.582,433.473,672.873,10.1988,13.0000,1.1818,0.7954,5.3903,0.3432,0.2505,0.4063,0.6059,0.3645,5.3903,0.8293,0.6909
6,3,1553,1555,3,3,1,0.6667,1554.211,366.281,659.000,9.6485,12.0000,1.2632,0.7495,4.9756,0.4000,0.4800,0.1200,0.7071,0.0000,4.3536,1.4512,0.6140
3,3,1553,1553,1,2,2,0.7500,1553.000,566.324,434.353,8.1391,12.0000,1.0588,0.7234,4.9756,0.5333,0.2667,0.2000,0.0000,1.0000,4.9756,1.0366,1.0000
6,3,1553,1555,3,3,1,0.6667,1553.632,578.228,554.000,9.6485,11.0000,1.1579,0.6715,4.5609,0.2083,0.6667,0.1250,0.8944,0.0000,4.5609,1.2439,0.5789
5,3,1567,1569,3,1,2,0.8333,1567.792,675.000,158.415,9.8280,13.0000,1.2264,0.4641,5.3904,0.5854,0.2927,0.1220,0.9487,0.0000,4.9757,0.8293,0.6604
4,3,1568,1569,2,3,1,0.6667,1568.250,323.091,455.000,9.1222,13.0000,1.1818,0.2660,5.3904,0.5357,0.3214,0.1429,0.0000,0.0000,5.1831,1.6586,0.8182
5,3,1570,1571,2,2,2,0.6250,1570.365,749.846,244.442,9.6427,13.0000,1.2500,0.5940,5.3904,0.3432,0.2505,0.4063,0.6059,0.3645,4.9758,1.2439,0.6923
5,3,1571,1572,2,3,1,0.8333,1571.558,871.673,618.000,9.6427,12.0000,1.1538,0.8741,4.9758,0.5854,0.2927,0.1220,0.3162,0.0000,4.9758,1.2440,0.6731
4,3,1576,1577,2,2,1,1.0000,1576.452,480.524,868.000,8.7079,12.0000,1.1429,0.6921,4.9759,0.0000,0.7500,0.2500,1.0000,0.0000,4.9760,1.2440,0.8095
7,3,1577,1579,3,2,2,0.5833,1577.899,535.275,571.739,10.8144,14.0000,1.4203,0.3926,5.8054,0.6517,0.0773,0.2710,0.8881,0.0000,4.5613,1.6587,0.5362
5,3,1578,1580,3,3,1,0.5556,1578.878,408.918,668.000,9.0869,11.0000,1.1224,1.2702,4.5614,0.7911,0.1351,0.0737,0.8507,0.0000,4.9760,1.2440,0.6735
4,3,1581,1583,3,2,1,0.6667,1581.930,384.256,700.000,8.9156,13.0000,1.2093,0.2652,5.3908,0.5357,0.3214,0.1429,1.0000,0.0000,4.9761,0.4147,0.8140
4,3,1593,1595,3,2,1,0.6667,1594.341,560.268,743.000,8.5017,11.0000,1.0732,0.4343,4.5619,0.7500,0.1500,0.1000,0.9487,0.0000,4.9766,1.6589,0.8049
5,3,1594,1596,3,2,2,0.4167,1594.980,865.776,460.469,9.0880,12.0000,1.2245,0.5765,4.9766,0.1521,0.5234,0.3245,1.0000,0.0000,5.3914,2.0736,0.6939
4,3,1597,1598,2,2,2,0.5000,1597.463,671.171,380.732,8.5019,12.0000,1.1707,0.6237,4.9767,0.5916,0.1015,0.3069,0.7071,0.7071,4.9767,2.0736,0.8293
8,3,1605,1607,3,4,1,0.6667,1606.200,667.325,610.000,11.7309,15.0000,1.5000,0.3816,6.2212,0.6881,0.2498,0.0621,0.5449,0.0000,4.3549,1.2443,0.4750
7,3,1609,1611,3,2,2,0.5833,1610.250,672.344,574.172,10.0329,12.0000,1.3125,0.4585,4.9771,0.5916,0.2044,0.2040,0.9664,0.1591,3.7328,1.2443,0.5469
7,3,1610,1612,3,1,3,0.7778,1610.652,420.000,236.818,10.3464,11.0000,1.1667,1.0459,4.5624,0.4747,0.4312,0.0941,0.5071,0.0000,4.1476,0.8295,0.5000
6,3,1611,1612,2,2,2,0.7500,1611.559,915.339,586.729,9.9902,13.0000,1.3220,0.8395,5.3919,0.2000,0.3333,0.4667,0.0000,0.0000,4.3550,1.4517,0.6102
6,3,1619,1620,2,3,2,0.5000,1619.673,333.800,503.855,9.3131,11.0000,1.2000,0.7167,4.5625,0.5230,0.1584,0.3185,0.3667,0.5079,4.3551,1.2443,0.6000
4,3,1633,1635,3,2,1,0.6667,1634.171,1024.171,459.000,8.5026,12.0000,1.1707,0.2415,4.9772,0.7500,0.1500,0.1000,0.9487,0.0000,4.9772,1.2443,0.8293
5,4,1638,1638,1,3,2,0.8333,1638.000,478.694,595.565,11.5000,14.0000,1.1290,0.8943,5.8066,0.5854,0.2927,0.1220,0.0000,1.0000,5.8066,1.6590,0.8710
7,3,1645,1647,3,3,2,0.3889,1646.206,555.985,518.294,10.6590,14.0000,1.4412,0.3593,5.8061,0.5170,0.0882,0.3949,0.8847,0.3734,4.1472,1.6589,0.5294
8,3,1653,1655,3,3,2,0.4444,1653.800,277.875,619.362,11.7287,14.0000,1.4000,0.4325,5.8054,0.1920,0.5155,0.2925,0.6187,0.2315,4.1468,1.6587,0.4625
4,3,1655,1657,3,1,2,0.6667,1655.625,729.000,394.275,8.2932,11.0000,1.1000,0.6828,4.5613,0.7500,0.1500,0.1000,0.9487,0.0000,5.3906,1.8659,0.8250
6,3,1663,1665,3,2,2,0.5000,1664.203,847.525,396.271,9.9859,12.0000,1.2203,0.6253,4.9750,0.5795,0.2234,0.1971,0.8314,0.5543,4.3532,1.2438,0.5932
4,3,1663,1664,2,1,2,1.0000,1663.545,868.000,463.432,9.1209,13.0000,1.1818,0.6270,5.3896,0.0000,0.7500,0.2500,0.0000,0.0000,5.1824,1.2438,0.8182
6,3,1667,1669,3,2,2,0.5000,1667.710,563.113,787.500,10.4927,13.0000,1.2581,0.8754,5.3892,0.6373,0.1269,0.2358,0.8795,0.0724,4.7672,1.6582,0.5968
6,3,1669,1671,3,2,2,0.5000,1670.345,502.879,528.466,9.8151,13.0000,1.3448,0.5918,5.3888,0.6373,0.1269,0.2358,0.8795,0.0724,4.5596,1.2436,0.6034
3,3,1670,1671,2,2,1,0.7500,1670.667,250.333,685.000,7.8976,11.0000,1.0000,0.7454,4.5597,0.5333,0.2667,0.2000,0.7071,0.0000,4.9741,0.8290,1.0000
8,4,1675,1677,3,1,3,0.8889,1676.264,834.000,446.097,10.5503,11.0000,1.2222,0.2812,4.5590,0.3375,0.5625,0.1000,0.7071,0.0000,4.1445,1.2433,0.6111
5,3,1680,1682,3,2,1,0.8333,1680.680,633.640,318.000,9.2664,13.0000,1.3000,0.7694,5.3874,0.5854,0.2927,0.1220,0.9487,0.0000,4.1440,1.0360,0.7000
5,3,1680,1682,3,2,2,0.4167,1680.915,823.383,458.149,8.7103,11.0000,1.1702,1.0029,4.5585,0.5461,0.2256,0.2283,0.8117,0.4177,4.9728,1.6576,0.7021
3,3,1686,1687,2,1,2,0.7500,1686.389,923.000,494.306,8.6119,14.0000,1.1667,0.6832,5.8007,0.5333,0.2667,0.2000,0.7071,0.0000,4.9722,1.6574,1.0000
5,3,1692,1694,3,2,2,0.4167,1692.891,817.855,222.145,10.1899,15.0000,1.3636,0.2328,6.2141,0.6489,0.0995,0.2515,0.9362,0.2726,4.9714,1.2429,0.7091
6,3,1694,1695,2,2,3,0.5000,1694.569,654.879,348.948,9.8090,13.0000,1.3448,1.1430,5.3853,0.3810,0.3333,0.2857,0.3162,0.5071,4.5568,1.6571,0.6034
4,3,1695,1696,2,1,2,1.0000,1695.419,776.000,154.581,8.9064,14.0000,1.3023,0.5920,5.7996,0.0000,0.7500,0.2500,0.0000,0.0000,4.9710,1.6570,0.8372
3,3,1698,1698,1,2,2,0.7500,1698.000,914.657,654.657,8.3705,12.0000,1.0286,0.7412,4.9708,0.5333,0.2667,0.2000,0.0000,1.0000,5.3850,2.2782,1.0000
6,3,1715,1717,3,2,2,0.5000,1716.373,857.559,619.119,9.9745,12.0000,1.2203,0.5893,4.9693,0.6373,0.1269,0.2358,0.8795,0.0724,5.1764,2.2776,0.6102
5,3,1733,1735,3,2,2,0.4167,1734.167,953.574,524.870,9.9998,13.0000,1.2037,0.6117,5.3830,0.7729,0.0435,0.1836,0.8328,0.5477,5.3830,1.0352,0.6852
18,8,1736,1738,3,4,3,0.5000,1737.253,300.253,568.775,17.7632,14.0000,1.3846,0.8532,5.7971,0.3799,0.2977,0.3224,0.5832,0.8105,4.1408,0.8282,0.5549
4,3,1736,1737,2,2,1,1.0000,1736.447,649.404,400.000,9.7309,15.0000,1.2766,0.6025,6.2112,0.0000,0.7500,0.2500,1.0000,0.0000,5.3830,1.8634,0.8298
4,3,1748,1750,3,1,2,0.6667,1748.927,572.000,389.463,8.4895,11.0000,1.0732,1.0362,4.5554,0.7576,0.1294,0.1129,0.8507,0.0000,4.9695,1.2424,0.8049
5,3,1760,1762,3,1,3,0.5556,1761.019,853.000,553.491,9.8180,13.0000,1.2264,0.5098,5.3849,0.3318,0.5530,0.1152,0.0000,0.0000,5.3847,1.4498,0.6792
4,3,1769,1770,2,2,2,0.5000,1769.152,523.696,246.435,9.5293,14.0000,1.2174,0.8343,5.8004,0.5916,0.1015,0.3069,0.5000,0.5000,6.0076,1.8645,0.8478
3,3,1777,1778,2,2,1,0.7500,1777.676,651.324,643.000,8.1356,12.0000,1.0588,0.4575,4.9735,0.5333,0.2667,0.2000,0.7071,0.0000,4.1446,0.8290,1.0000
3,3,1777,1778,2,1,2,0.7500,1777.333,849.000,596.667,7.8962,11.0000,1.0000,0.7454,4.5590,0.5333,0.2667,0.2000,0.7071,0.0000,5.3877,2.0722,1.0000
3,3,1783,1784,2,1,2,0.7500,1783.605,619.000,192.289,9.0952,15.0000,1.1842,0.6709,6.2182,0.5333,0.2667,0.2000,0.7071,0.0000,5.8039,2.0728,1.0000
4,3,1796,1798,3,1,2,0.6667,1797.109,856.000,491.565,9.5424,14.0000,1.2174,0.4482,5.8084,0.7576,0.1294,0.1129,0.8507,0.0000,5.1862,1.2447,0.8478
4,3,1816,1817,2,1,2,1.0000,1816.467,365.000,318.556,9.3497,13.0000,1.1556,0.6942,5.4023,0.0000,0.7500,0.2500,0.0000,0.0000,5.8172,1.8697,0.8222
3,3,1818,1819,2,2,1,0.7500,1818.333,348.333,461.000,7.9185,11.0000,1.0000,0.4714,4.5721,0.5333,0.2667,0.2000,0.7071,0.0000,5.4027,2.2859,1.0000
4,3,1821,1822,2,1,2,1.0000,1821.571,806.000,314.429,8.7307,13.0000,1.2381,0.6061,5.4049,0.0000,0.7500,0.2500,0.0000,0.0000,4.9889,0.6236,0.8333
4,3,1823,1824,2,1,2,1.0000,1823.465,944.000,283.558,8.9402,12.0000,1.1163,0.6415,4.9902,0.0000,0.7500,0.2500,0.0000,0.0000,5.1976,1.2474,0.8140
4,3,1832,1833,2,2,2,0.5000,1832.463,353.171,579.268,8.5324,12.0000,1.1707,0.6237,4.9948,0.5916,0.1015,0.3069,0.7071,0.7071,4.9942,1.2484,0.8293
7,4,1833,1834,2,2,2,0.8750,1833.406,765.362,558.464,10.8557,13.0000,1.3188,0.8786,5.4117,0.0000,0.3318,0.6682,0.8165,0.5774,4.9949,1.2487,0.6812
4,3,1834,1835,2,2,2,0.5000,1834.744,867.465,339.814,8.9508,12.0000,1.1163,0.5625,4.9959,0.5916,0.1015,0.3069,0.5000,0.5000,5.2039,1.6651,0.8140
4,3,1838,1839,2,2,1,1.0000,1838.463,969.439,487.000,8.5379,12.0000,1.1707,0.6933,4.9981,0.0000,0.7500,0.2500,1.0000,0.0000,4.9976,1.4578,0.8293
6,3,1841,1843,3,2,2,0.5000,1842.213,1047.885,515.377,10.3760,13.0000,1.2787,1.2755,5.4164,0.6373,0.1269,0.2358,0.8795,0.0724,3.9585,1.0415,0.6230
5,3,1843,1845,3,2,2,0.4167,1844.265,949.224,394.857,9.1324,13.0000,1.3265,0.7814,5.4182,0.6489,0.0995,0.2515,0.9362,0.2726,5.0008,1.0418,0.7143
4,3,1844,1845,2,2,2,0.5000,1844.725,859.825,232.725,8.3354,11.0000,1.1000,0.7949,4.5846,0.0000,0.5625,0.4375,0.4459,0.5774,5.0011,1.2500,0.8250
8,3,1845,1846,2,2,4,0.5000,1845.672,875.493,596.343,9.8735,11.0000,1.3134,0.9009,4.5851,0.6710,0.0682,0.2607,0.1412,0.7611,3.5430,1.2505,0.4925
6,3,1849,1851,3,1,2,1.0000,1849.966,491.000,627.500,9.8742,11.0000,1.1379,1.0873,4.5872,0.5556,0.3333,0.1111,1.0000,0.0000,4.7956,1.4594,0.5690
5,3,1849,1851,3,1,2,0.8333,1849.708,809.000,156.583,8.9515,11.0000,1.1458,0.8218,4.5872,0.5854,0.2927,0.1220,0.9487,0.0000,5.0036,1.2510,0.6875
5,3,1851,1853,3,2,2,0.4167,1851.915,752.298,249.234,8.7672,11.0000,1.1702,0.9902,4.5882,0.5461,0.2256,0.2283,0.8117,0.4177,5.0048,1.6681,0.7021
9,4,1853,1855,3,2,3,0.5000,1854.273,673.852,270.239,12.2384,14.0000,1.4318,0.3913,5.8409,0.5808,0.2190,0.2002,0.7542,0.1614,4.5887,1.2518,0.5795
8,3,1854,1856,3,2,2,0.6667,1855.197,1013.500,497.842,11.2118,13.0000,1.3684,0.5603,5.4243,0.6000,0.1500,0.2500,0.9487,0.3162,4.3812,0.8345,0.4737
5,3,1858,1859,2,2,3,0.4167,1858.239,508.870,519.652,8.5868,12.0000,1.3043,0.4418,5.0087,0.6489,0.0995,0.2515,0.3339,0.8871,5.0088,1.4608,0.7391
7,3,1881,1882,2,3,2,0.5833,1881.403,1005.742,417.435,9.8077,12.0000,1.3548,0.6472,5.0221,0.4741,0.2996,0.2262,0.3442,0.6177,3.7671,1.4647,0.5484
9,3,1883,1885,3,2,3,0.5000,1883.600,1044.412,455.776,11.8614,14.0000,1.4824,0.7613,5.8605,0.5728,0.1282,0.2989,0.6936,0.5946,4.1861,1.2561,0.4471
5,3,1885,1886,2,3,2,0.4167,1885.630,812.739,454.130,8.6142,12.0000,1.3043,0.8366,5.0251,0.7729,0.0435,0.1836,0.4781,0.7852,5.0245,2.0936,0.7391
5,3,1889,1891,3,2,2,0.4167,1889.700,608.120,377.160,9.3678,13.0000,1.3000,0.3606,5.4464,0.6338,0.1686,0.1975,0.9585,0.2851,5.0280,0.8380,0.7200
10,3,1890,1893,4,2,3,0.4167,1890.915,990.426,628.085,12.4550,14.0000,1.4894,0.4422,5.8661,0.7943,0.0431,0.1626,0.8286,0.2351,3.7717,1.6758,0.4149
10,3,1893,1896,4,2,3,0.4167,1895.089,788.644,601.200,11.9310,13.0000,1.4444,0.4175,5.4497,0.8008,0.0595,0.1397,0.9209,0.3403,4.8213,1.2577,0.4000
5,3,1900,1902,3,2,1,0.8333,1900.766,1081.511,807.000,8.8176,12.0000,1.2766,0.9206,5.0336,0.5854,0.2927,0.1220,0.9487,0.0000,5.2438,1.6777,0.7234
10,3,1903,1906,4,2,3,0.4167,1904.175,612.163,604.650,10.6172,12.0000,1.5000,0.4237,5.0361,0.6173,0.1968,0.1859,0.9371,0.1638,3.1478,1.0491,0.4250
6,4,1906,1907,2,2,2,0.7500,1906.500,1138.258,770.333,11.3113,14.0000,1.2727,0.6538,5.8776,0.2000,0.3333,0.4667,0.0000,0.0000,5.4572,1.6791,0.7424
9,4,1907,1909,3,2,3,0.5000,1908.405,553.734,472.532,11.0574,13.0000,1.4810,0.8025,5.4591,0.0196,0.5701,0.4103,0.7118,0.3742,3.7793,0.8398,0.5823
9,3,1910,1912,3,4,2,0.3750,1910.961,776.145,399.250,10.6409,11.0000,1.3026,0.8919,4.6210,0.8192,0.0514,0.1294,0.5122,0.0987,3.7804,1.6800,0.4211
8,3,1911,1913,3,3,2,0.4444,1912.015,530.000,452.529,10.0996,11.0000,1.2941,0.4708,4.6210,0.6594,0.1485,0.1922,0.8863,0.2185,4.2014,1.2604,0.4559
7,4,1911,1913,3,2,2,0.5833,1912.208,734.083,409.514,11.4323,14.0000,1.3611,0.5607,5.8812,0.5916,0.2044,0.2040,0.9664,0.1591,5.0417,1.4704,0.7083
4,3,1911,1913,3,2,1,0.6667,1912.108,1122.730,423.000,7.7717,11.0000,1.1892,0.2911,4.6210,0.5357,0.3214,0.1429,1.0000,0.0000,3.7811,0.6303,0.8378
8,3,1912,1914,3,2,3,0.4444,1912.899,874.232,413.594,10.2493,11.0000,1.2754,1.0128,4.6215,0.1440,0.6018,0.2543,0.6132,0.2716,3.9914,1.0503,0.4638
5,3,1913,1914,2,1,3,0.8333,1913.465,642.000,786.209,8.0798,10.0000,1.1628,0.5100,4.2019,0.5854,0.2927,0.1220,0.3162,0.0000,4.6215,1.6806,0.6977
5,3,1913,1915,3,2,2,0.4167,1913.956,735.844,245.444,8.4562,10.0000,1.1111,1.1162,4.2019,0.5461,0.2256,0.2283,0.8117,0.4177,4.6216,1.2605,0.6667
5,3,1913,1914,2,1,3,0.8333,1913.522,923.000,652.696,8.6436,12.0000,1.3043,0.8696,5.0417,0.5854,0.2927,0.1220,0.3162,0.0000,4.6215,1.4705,0.6957
3,3,1913,1914,2,1,2,0.7500,1913.355,950.000,751.323,7.5199,11.0000,1.0645,0.7213,4.6221,0.5333,0.2667,0.2000,0.7071,0.0000,4.6216,1.6805,1.0000
8,3,1914,1916,3,3,3,0.2963,1915.096,538.630,599.863,10.8464,11.0000,1.2055,1.4431,4.6227,0.7510,0.0825,0.1664,0.4021,0.1725,4.4126,1.6810,0.5753
7,3,1914,1917,4,2,2,0.4375,1915.561,703.424,557.242,10.4840,12.0000,1.2727,0.7638,5.0436,0.4775,0.3664,0.1561,0.9977,0.0557,4.2021,1.2607,0.5000
4,3,1914,1916,3,1,2,0.6667,1915.111,830.000,300.278,7.5645,10.0000,1.1111,0.2992,4.2030,0.5357,0.3214,0.1429,1.0000,0.0000,5.0429,1.6808,0.8333
8,3,1916,1918,3,1,3,0.8889,1917.232,815.000,137.116,10.2548,11.0000,1.2754,0.2593,4.6239,0.3375,0.5625,0.1000,0.7071,0.0000,4.2041,1.2608,0.4493
8,4,1918,1921,4,2,2,0.5000,1919.408,838.211,420.746,10.5549,12.0000,1.3521,0.5251,5.0455,0.6000,0.1500,0.2500,1.0000,0.0000,4.2044,1.2616,0.5915
6,3,1919,1922,4,2,2,0.3750,1920.078,780.235,485.118,8.7553,12.0000,1.4118,0.9584,5.0467,0.8265,0.0815,0.0920,0.9519,0.0737,3.9951,1.6818,0.6275
5,3,1921,1922,2,2,2,0.6250,1921.609,476.870,720.522,8.6523,11.0000,1.1957,0.8122,4.6267,0.3432,0.2505,0.4063,0.6059,0.3645,4.2057,1.2616,0.7174
5,3,1922,1924,3,1,2,0.8333,1922.756,748.000,491.444,8.4655,10.0000,1.1111,0.9378,4.2067,0.5854,0.2927,0.1220,0.9487,0.0000,4.6268,1.6827,0.6667
8,4,1923,1925,3,2,3,0.4444,1924.420,645.087,299.783,10.2640,12.0000,1.3913,0.4811,5.0492,0.3019,0.4872,0.2108,0.4422,0.1525,3.7865,1.2622,0.6522
5,3,1924,1926,3,2,2,0.4167,1924.979,864.146,619.396,9.0323,12.0000,1.2500,0.4224,5.0492,0.5461,0.2256,0.2283,0.8117,0.4177,4.6280,1.6833,0.6667
4,3,1925,1926,2,1,3,0.6667,1925.488,444.000,684.049,8.6263,12.0000,1.1707,0.5145,5.0499,0.7576,0.1294,0.1129,0.5257,0.0000,4.8389,1.8936,0.8049
6,3,1926,1928,3,2,3,0.3333,1926.961,567.882,393.667,8.7628,11.0000,1.2941,0.6781,4.6296,0.5574,0.2624,0.1802,0.0000,0.0000,4.2087,1.0521,0.6078
4,3,1926,1928,3,1,2,0.6667,1926.829,954.000,319.171,8.6277,14.0000,1.3659,0.2415,5.8922,0.7500,0.1500,0.1000,0.9487,0.0000,4.6297,1.6837,0.8293
8,3,1929,1931,3,3,2,0.4444,1929.823,494.000,799.468,9.2289,11.0000,1.4194,0.9463,4.6313,0.4702,0.2602,0.2696,0.9107,0.1045,2.9475,1.6839,0.5161
6,3,1929,1930,2,2,3,0.5000,1929.500,886.161,234.375,9.6250,11.0000,1.1786,0.6453,4.6313,0.6373,0.1269,0.2358,0.4046,0.4063,4.4202,1.2630,0.5536
7,3,1931,1933,3,3,2,0.3889,1931.629,774.710,1030.903,9.8683,13.0000,1.4677,0.6995,5.4741,0.2661,0.4704,0.2635,0.6546,0.0506,4.2109,1.2636,0.5484
9,3,1931,1933,3,2,2,0.7500,1931.872,963.667,872.731,10.9493,14.0000,1.6154,0.9714,5.8952,0.4444,0.2963,0.2593,1.0000,0.0000,3.7902,1.0527,0.4359
7,3,1932,1934,3,2,2,0.5833,1932.873,572.397,857.603,10.0290,12.0000,1.3333,0.5754,5.0542,0.5352,0.1763,0.2885,0.8018,0.5745,4.2121,1.6848,0.5079
7,3,1933,1935,3,2,2,0.5833,1933.842,705.123,951.579,9.0749,10.0000,1.2281,0.9495,4.2124,0.5916,0.2044,0.2040,0.9664,0.1591,3.7913,1.2636,0.5263
10,3,1934,1936,3,4,3,0.2778,1935.316,857.722,503.063,10.5250,10.0000,1.2658,1.1438,4.2134,0.5169,0.2929,0.1902,0.5301,0.8410,2.9490,0.8425,0.3797
3,3,1935,1936,2,1,2,0.7500,1935.375,1050.000,314.688,7.7837,12.0000,1.1250,0.6988,5.0561,0.5333,0.2667,0.2000,0.7071,0.0000,3.7917,0.4211,1.0000
11,3,1936,1938,3,3,5,0.2444,1937.112,642.607,530.674,11.3080,12.0000,1.4831,0.5229,5.0567,0.7346,0.0654,0.2001,0.0975,0.9577,3.3714,1.2642,0.3596
4,3,1936,1937,2,2,1,1.0000,1936.447,706.447,950.000,8.0059,11.0000,1.1579,0.6327,4.6347,0.0000,0.7500,0.2500,1.0000,0.0000,4.6351,1.6856,0.8158
8,3,1936,1938,3,3,2,0.4444,1936.687,896.433,598.716,9.9816,12.0000,1.4328,0.6050,5.0567,0.1006,0.5836,0.3157,0.0315,0.0945,4.2138,1.6855,0.4776
4,3,1936,1939,4,1,1,1.0000,1937.579,904.000,244.000,8.0070,10.0000,1.0526,0.5789,4.2149,0.9375,0.0000,0.0625,1.0000,0.0000,4.6354,0.0000,0.7895
7,3,1936,1938,3,2,2,0.5833,1937.369,948.738,687.215,10.3531,14.0000,1.5077,0.5011,5.8995,0.3772,0.3083,0.3146,0.9758,0.2185,3.3716,0.8429,0.5846
4,3,1936,1938,3,1,2,0.6667,1937.389,1063.000,427.722,7.5854,10.0000,1.1111,0.4779,4.2144,0.7500,0.1500,0.1000,0.9487,0.0000,4.6356,0.8429,0.8333
9,3,1937,1939,3,2,3,0.5000,1937.639,859.373,684.759,11.6594,14.0000,1.5181,0.9199,5.9002,0.4839,0.3219,0.1942,0.4370,0.0378,4.2143,1.2642,0.5783
6,3,1938,1940,3,2,2,0.5000,1939.288,651.519,537.885,8.9481,11.0000,1.2692,0.5724,4.6364,0.6373,0.1269,0.2358,0.8795,0.0724,4.2149,1.6861,0.5962
4,3,1940,1941,2,1,2,1.0000,1940.553,831.000,354.579,8.0098,11.0000,1.1579,0.6948,4.6375,0.0000,0.7500,0.2500,0.0000,0.0000,4.8480,1.6860,0.8421
5,3,1941,1943,3,2,1,0.8333,1941.762,990.476,591.000,7.9195,10.0000,1.1905,0.9246,4.2164,0.5854,0.2927,0.1220,0.9487,0.0000,4.6375,1.4755,0.7143
8,3,1942,1943,2,1,4,1.0000,1942.515,688.000,331.382,10.1376,11.0000,1.2941,0.6412,4.6386,0.7500,0.1875,0.0625,0.0000,0.0000,3.7951,1.2651,0.4706
7,3,1942,1944,3,2,2,0.5833,1943.081,771.645,481.258,9.8820,12.0000,1.3548,0.6995,5.0603,0.6517,0.0773,0.2710,0.8881,0.0000,4.6384,1.2649,0.5161
7,3,1942,1944,3,2,2,0.5833,1942.947,988.772,375.404,9.0849,12.0000,1.4737,0.4665,5.0603,0.6197,0.1831,0.1972,0.9223,0.3857,3.3731,0.8434,0.5614
4,3,1945,1946,2,2,1,1.0000,1945.474,1111.553,859.000,8.0145,11.0000,1.1579,0.6908,4.6402,0.0000,0.7500,0.2500,1.0000,0.0000,4.6398,1.6872,0.8158
7,4,1946,1948,3,1,3,0.7778,1947.215,725.000,141.246,10.3651,12.0000,1.2923,0.8223,5.0633,0.4747,0.4312,0.0941,0.8619,0.0000,3.7971,0.8437,0.6615
7,3,1946,1947,2,3,3,0.3889,1946.500,1249.783,759.967,9.5670,10.0000,1.1667,0.9299,4.2189,0.1909,0.4622,0.3468,0.5368,0.7626,4.2185,1.6873,0.5000
5,3,1947,1948,2,2,2,0.6250,1947.404,372.149,400.617,8.8681,11.0000,1.1702,0.5764,4.6413,0.3432,0.2505,0.4063,0.6059,0.3645,4.6408,1.2658,0.6809
4,3,1947,1948,2,2,2,0.5000,1947.459,918.162,387.270,7.8054,11.0000,1.1892,0.6257,4.6413,0.5916,0.1015,0.3069,0.7071,0.7071,5.0625,0.8439,0.8378
9,3,1949,1952,4,3,2,0.3750,1950.662,770.087,385.325,11.2551,12.0000,1.3500,0.7431,5.0644,0.8144,0.0601,0.1254,0.9233,0.3294,4.2205,1.4773,0.4000
6,3,1949,1951,3,2,2,0.5000,1950.080,892.880,431.660,8.6148,10.0000,1.2000,1.1386,4.2204,0.5230,0.1584,0.3185,0.9225,0.0898,4.0092,1.6879,0.6000
7,3,1950,1951,2,3,2,0.5833,1950.600,572.467,403.500,9.5715,12.0000,1.4000,0.9458,5.0650,0.5838,0.0731,0.3431,0.3265,0.3466,3.7986,0.8441,0.5667
21,4,1951,1954,4,4,4,0.3281,1952.835,583.684,1261.152,14.5558,12.0000,1.5949,1.6683,5.0667,0.6593,0.0976,0.2430,0.6282,0.6553,3.3767,1.6886,0.2658
9,3,1954,1957,4,2,2,0.5625,1955.557,718.557,1000.709,11.1205,12.0000,1.3671,0.7689,5.0678,0.6050,0.0635,0.3315,0.9576,0.1565,4.2229,1.6893,0.4304
4,3,1955,1956,2,1,2,1.0000,1955.538,882.000,766.487,8.2348,11.0000,1.1282,0.6899,4.6455,0.0000,0.7500,0.2500,0.0000,0.0000,5.0675,1.6892,0.7949
5,3,1955,1957,3,1,3,0.5556,1956.367,995.000,670.061,9.2548,13.0000,1.3265,0.6356,5.4907,0.3318,0.5530,0.1152,1.0000,0.0000,4.6451,1.2671,0.6939
6,3,1956,1958,3,3,1,0.6667,1957.083,713.292,928.000,8.2767,10.0000,1.2500,0.3033,4.2241,0.6944,0.2222,0.0833,0.8000,0.0000,3.8015,1.0560,0.6250
6,3,1957,1959,3,1,2,1.0000,1957.963,656.000,324.593,9.3122,12.0000,1.3333,0.4091,5.0689,0.5556,0.3333,0.1111,1.0000,0.0000,4.4351,0.4227,0.5926
6,3,1958,1960,3,2,2,0.5000,1958.804,772.161,551.357,9.6580,12.0000,1.2857,0.4381,5.0695,0.5230,0.1584,0.3185,0.9225,0.0898,4.4356,1.2672,0.5714
6,4,1963,1965,3,1,3,0.6667,1963.898,710.000,202.441,10.1809,13.0000,1.3220,0.5685,5.4949,0.2083,0.6667,0.1250,0.4472,0.0000,4.8606,0.4225,0.7797
4,3,1964,1965,2,2,1,1.0000,1964.568,804.541,361.000,7.8201,11.0000,1.1892,0.6922,4.6500,0.0000,0.7500,0.2500,1.0000,0.0000,4.6497,1.6908,0.8378
6,3,1964,1966,3,2,2,0.5000,1964.932,835.881,639.695,10.1820,15.0000,1.5254,0.3343,6.3409,0.5230,0.1584,0.3185,0.9225,0.0898,4.4385,0.8454,0.6271
5,3,1964,1965,2,2,2,0.6250,1964.381,1050.524,617.714,7.9395,10.0000,1.1905,0.7079,4.2273,0.2938,0.4054,0.3007,0.0000,0.3029,3.8042,0.8453,0.7143
5,3,1965,1967,3,3,1,0.5556,1966.091,964.909,601.000,8.3191,11.0000,1.2500,0.9136,4.6510,0.0000,0.8276,0.1724,1.0000,0.0000,4.6505,0.4229,0.7045
7,3,1966,1968,3,4,1,0.5833,1967.281,702.797,877.000,10.2281,12.0000,1.3125,0.8451,5.0738,0.5804,0.3508,0.0689,0.3052,0.0000,4.6513,1.6912,0.5312
4,3,1966,1967,2,1,2,1.0000,1966.462,718.000,271.564,8.2444,11.0000,1.1282,0.6348,4.6510,0.0000,0.7500,0.2500,0.0000,0.0000,4.8619,1.2684,0.8205
6,3,1966,1968,3,1,3,0.6667,1966.684,775.000,400.526,9.8386,13.0000,1.3684,0.6138,5.4966,0.6061,0.3030,0.0909,0.7071,0.0000,4.2284,2.1137,0.6140
8,4,1966,1969,4,3,2,0.3333,1967.162,851.622,519.135,11.0622,11.0000,1.1892,1.8080,4.6514,0.7075,0.1709,0.1216,0.8617,0.2076,4.6509,1.9026,0.7162
6,3,1966,1968,3,2,2,0.5000,1967.286,1060.554,698.875,9.6666,13.0000,1.3929,0.5446,5.4966,0.6373,0.1269,0.2358,0.8795,0.0724,4.2282,1.0571,0.6071
9,3,1967,1969,3,3,3,0.3333,1968.125,631.986,587.042,10.1487,11.0000,1.3750,0.1325,4.6519,0.6638,0.1448,0.1913,0.7491,0.4368,3.3829,1.4799,0.4444
4,3,1968,1969,2,2,1,1.0000,1968.541,879.541,848.000,7.8233,10.0000,1.0811,0.7094,4.2290,0.0000,0.7500,0.2500,1.0000,0.0000,4.6517,1.4801,0.8108
7,3,1969,1971,3,2,2,0.5833,1969.683,954.667,979.617,9.5912,10.0000,1.1667,1.0288,4.2294,0.4600,0.2645,0.2756,0.8571,0.1000,4.6523,1.2688,0.5000
5,3,1969,1970,2,2,2,0.6250,1969.400,1103.600,856.844,8.5111,10.0000,1.1111,0.7377,4.2294,0.3432,0.2505,0.4063,0.6059,0.3645,5.0748,1.2687,0.6667
10,3,1971,1974,4,4,2,0.3125,1972.551,954.295,936.923,10.4349,13.0000,1.6667,0.6299,5.4994,0.6811,0.2051,0.1138,0.7188,0.1714,2.9616,1.0577,0.4487
6,3,1972,1974,3,2,3,0.3333,1972.804,835.216,398.000,8.8084,12.0000,1.4118,0.2915,5.0768,0.5384,0.1347,0.3269,0.8322,0.1385,3.8076,2.1152,0.6471
8,3,1973,1974,2,2,4,0.5000,1973.394,1032.818,469.894,9.8725,10.0000,1.2121,0.9937,4.2311,0.7840,0.0463,0.1697,0.2073,0.2348,4.0192,0.8462,0.4545
5,3,1976,1977,2,1,3,0.8333,1976.455,903.000,273.795,8.3277,11.0000,1.2500,0.4984,4.6551,0.5854,0.2927,0.1220,0.3162,0.0000,4.6555,1.2695,0.7045
3,3,1976,1977,2,1,2,0.7500,1976.323,933.000,627.323,7.5745,11.0000,1.0645,0.4562,4.6551,0.5333,0.2667,0.2000,0.7071,0.0000,4.6556,1.6928,1.0000
11,3,1978,1982,5,3,3,0.2444,1979.880,543.470,809.627,10.5946,10.0000,1.3253,0.6122,4.2340,0.7641,0.0693,0.1665,0.8188,0.4675,3.3867,1.6931,0.3614
9,3,1979,1981,3,2,3,0.5000,1980.026,959.842,261.145,10.7251,12.0000,1.4211,0.2158,5.0803,0.6287,0.1593,0.2120,0.7623,0.2426,4.2339,0.8467,0.4342
7,3,1979,1981,3,3,2,0.3889,1979.877,1180.895,610.754,9.1207,10.0000,1.2281,0.9170,4.2340,0.7243,0.1219,0.1538,0.7824,0.2053,3.3873,1.2700,0.5263
13,4,1983,1986,4,2,4,0.4062,1984.769,1035.509,561.435,12.6868,12.0000,1.4444,0.7832,5.0826,0.4325,0.3664,0.2011,0.7469,0.1849,3.3881,1.2706,0.4074
6,3,1988,1990,3,2,2,0.5000,1988.800,1208.420,594.380,8.6487,11.0000,1.3200,0.7217,4.6607,0.4246,0.3485,0.2269,0.7895,0.0722,4.0250,0.8474,0.6200
7,3,1989,1990,2,2,2,0.8750,1989.414,659.362,628.379,9.2887,11.0000,1.3276,0.7865,4.6611,0.0000,0.3318,0.6682,0.8165,0.5774,3.8134,1.6948,0.5345
4,3,1989,1990,2,2,2,0.5000,1989.421,957.711,746.842,8.0507,11.0000,1.1579,0.8409,4.6607,0.5916,0.1015,0.3069,0.7071,0.7071,4.8729,1.4830,0.8421
4,3,1990,1991,2,1,3,0.6667,1990.205,652.000,416.795,8.2631,11.0000,1.1282,0.2901,4.6611,0.7500,0.1500,0.1000,0.3162,0.0000,4.6611,0.6357,0.7949
8,3,1990,1992,3,2,4,0.3333,1991.235,816.809,336.897,10.1885,13.0000,1.5294,1.3557,5.5096,0.6961,0.1591,0.1447,0.3812,0.5318,3.8142,1.2713,0.5000
5,3,1991,1992,2,3,1,0.8333,1991.553,912.255,479.000,8.9078,11.0000,1.1702,0.6093,4.6615,0.5854,0.2927,0.1220,0.3162,0.0000,4.6616,1.4833,0.6596
6,3,1992,1993,2,2,3,0.5000,1992.259,593.296,567.426,9.3433,13.0000,1.4444,0.5800,5.5096,0.6854,0.0214,0.2932,0.3377,0.6213,4.2383,1.2714,0.6296
4,3,1993,1994,2,1,2,1.0000,1993.512,922.000,739.463,8.6893,12.0000,1.1707,0.6728,5.0866,0.0000,0.7500,0.2500,0.0000,0.0000,4.6624,1.6953,0.7805
4,3,1994,1995,2,1,2,1.0000,1994.475,451.000,505.475,8.4780,11.0000,1.1000,0.7080,4.6631,0.0000,0.7500,0.2500,0.0000,0.0000,4.8747,1.2717,0.8000
6,3,1995,1997,3,2,2,0.5000,1996.231,785.308,583.712,9.0003,11.0000,1.2692,0.4808,4.6635,0.6381,0.1455,0.2164,0.8019,0.3768,4.2397,1.6958,0.5962
7,3,1995,1997,3,2,3,0.3889,1995.714,827.905,407.365,10.0949,14.0000,1.5556,0.7027,5.9354,0.6814,0.1697,0.1489,0.6007,0.0391,4.6633,1.6958,0.5556
4,3,1995,1996,2,2,2,0.5000,1995.436,1051.154,564.256,8.2667,12.0000,1.2308,0.5286,5.0870,0.5916,0.1015,0.3069,0.7071,0.7071,5.2991,2.1196,0.8462
7,3,1996,1999,4,2,2,0.4375,1998.000,631.887,551.435,9.9365,13.0000,1.4677,0.4499,5.5123,0.7122,0.1467,0.1411,0.9661,0.0989,4.2406,0.8481,0.5323
7,3,1996,1998,3,2,2,0.5833,1996.754,895.705,1076.197,9.7752,11.0000,1.2623,0.8333,4.6639,0.3772,0.3083,0.3146,0.9758,0.2185,4.2403,1.2719,0.5410
4,3,1997,1998,2,2,2,0.5000,1997.459,798.162,473.730,7.8441,11.0000,1.1892,0.6257,4.6643,0.5916,0.1015,0.3069,0.7071,0.7071,4.6639,1.2720,0.8378
6,3,1997,2000,4,2,2,0.3750,1998.453,879.755,534.113,9.1750,13.0000,1.4717,0.5273,5.5123,0.7351,0.1332,0.1317,0.9406,0.2762,4.0285,0.8482,0.6415
7,3,1999,2000,2,3,2,0.5833,1999.491,503.105,945.509,9.1362,12.0000,1.4737,0.7272,5.0891,0.5352,0.1763,0.2885,0.2673,0.0986,3.3925,1.2722,0.5614
7,3,2002,2004,3,2,3,0.3889,2003.234,1034.281,541.469,10.2612,13.0000,1.4219,0.5948,5.5145,0.6205,0.1217,0.2578,0.5658,0.0593,3.8177,1.2726,0.5312
15,5,2002,2005,4,3,4,0.3125,2003.526,1099.789,422.759,14.5674,13.0000,1.4662,0.9476,5.5145,0.1443,0.4200,0.4357,0.3933,0.7120,4.2422,1.6967,0.5113
4,3,2003,2004,2,1,2,1.0000,2003.556,801.000,442.444,7.6357,10.0000,1.1111,0.7115,4.2422,0.0000,0.7500,0.2500,0.0000,0.0000,4.6662,1.2727,0.8333
9,3,2004,2006,3,3,2,0.5000,2005.014,887.634,805.423,10.0407,10.0000,1.2676,0.5593,4.2428,0.0934,0.3903,0.5164,0.0000,0.0000,3.8181,1.2728,0.4225
6,3,2005,2007,3,2,1,1.0000,2006.018,732.564,967.000,9.5268,13.0000,1.4182,0.4367,5.5157,0.5556,0.3333,0.1111,1.0000,0.0000,4.2429,1.4850,0.6182
4,3,2005,2007,3,1,2,0.6667,2006.026,1057.000,862.487,8.2736,10.0000,1.0256,0.4879,4.2432,0.7576,0.1294,0.1129,0.8507,0.0000,4.6672,1.0607,0.7692
7,3,2007,2009,3,3,1,0.7778,2007.644,1109.068,709.000,9.4626,11.0000,1.3051,1.1331,4.6678,0.1247,0.7481,0.1273,0.0000,0.0000,4.2433,1.2729,0.5424
6,3,2009,2011,3,2,2,0.5000,2010.259,977.130,694.648,9.3564,12.0000,1.3333,0.4559,5.0929,0.5230,0.1584,0.3185,0.9225,0.0898,4.4565,1.6976,0.5926
11,3,2011,2014,4,4,2,0.3438,2012.744,1034.256,600.711,11.5189,12.0000,1.4667,1.3135,5.0940,0.6105,0.2347,0.1547,0.2289,0.1156,3.8201,0.8490,0.3667
4,3,2012,2014,3,2,1,0.6667,2013.000,664.189,939.000,7.8532,10.0000,1.0811,1.0177,4.2453,0.5357,0.3214,0.1429,1.0000,0.0000,4.6694,1.2735,0.8108
4,3,2012,2013,2,2,2,0.5000,2012.805,983.268,661.756,8.7021,12.0000,1.1707,0.4118,5.0940,0.0000,0.5625,0.4375,0.4459,0.5774,4.8817,2.3347,0.8049
7,3,2013,2016,4,2,2,0.4375,2014.594,505.094,584.656,10.2696,14.0000,1.5312,0.6925,5.9434,0.6023,0.2183,0.1794,0.9919,0.0509,3.8210,1.2736,0.5469
5,3,2015,2016,2,2,2,0.6250,2015.620,1009.860,651.440,9.4937,12.0000,1.2000,0.5980,5.0950,0.3432,0.2505,0.4063,0.6059,0.3645,4.6701,1.6983,0.6800
8,3,2017,2019,3,2,2,0.6667,2017.732,955.535,602.704,10.6592,11.0000,1.2394,0.9165,4.6710,0.4396,0.1507,0.4097,0.8641,0.2943,4.2465,1.2740,0.4507
4,3,2018,2019,2,1,2,1.0000,2018.541,1102.000,653.541,7.8561,10.0000,1.0811,0.7094,4.2467,0.0000,0.7500,0.2500,0.0000,0.0000,4.6712,1.2740,0.8108
9,3,2020,2022,3,3,2,0.5000,2021.028,1123.577,971.662,10.0518,11.0000,1.3944,0.7858,4.6719,0.3761,0.2546,0.3693,0.6614,0.3395,3.3979,1.2742,0.4507
8,3,2021,2023,3,3,2,0.4444,2022.108,890.154,501.800,9.7612,11.0000,1.3538,0.9273,4.6725,0.4550,0.2186,0.3264,0.8433,0.3506,3.3981,1.4867,0.4769
6,3,2023,2025,3,2,2,0.5000,2024.180,395.860,509.600,8.6714,10.0000,1.2000,0.6419,4.2483,0.5230,0.1584,0.3185,0.9225,0.0898,4.0356,1.6991,0.6000
4,3,2024,2026,3,2,1,0.6667,2024.892,615.432,536.000,7.8593,11.0000,1.1892,0.4457,4.6731,0.7576,0.1294,0.1129,0.8507,0.0000,4.6730,1.6993,0.8378
7,3,2025,2027,3,2,2,0.5833,2025.825,720.105,551.386,9.1530,11.0000,1.3509,0.9165,4.6734,0.5916,0.2044,0.2040,0.9664,0.1591,3.3990,1.0621,0.5614
10,4,2025,2028,4,3,3,0.2778,2026.364,918.943,1034.386,11.8232,13.0000,1.4773,0.7155,5.5231,0.8242,0.0583,0.1175,0.6696,0.0335,4.0365,1.2747,0.4886
8,3,2027,2028,2,2,4,0.5000,2027.265,674.794,472.559,10.2151,13.0000,1.5294,1.4797,5.5235,0.8009,0.0696,0.1296,0.0553,0.6242,3.3992,1.2747,0.5000
8,4,2028,2030,3,2,3,0.4444,2028.811,694.081,441.527,11.1175,16.0000,1.7297,0.5658,6.7990,0.4400,0.3446,0.2154,0.8075,0.0414,3.3997,0.4250,0.6486
8,5,2028,2030,3,1,4,0.6667,2029.169,823.000,319.253,12.4699,13.0000,1.2530,1.2643,5.5245,0.7895,0.1579,0.0526,0.4472,0.0000,5.3117,1.2748,0.7470
9,3,2030,2032,3,2,2,0.7500,2031.120,867.653,463.533,10.6248,11.0000,1.3200,0.5936,4.6749,0.4875,0.0908,0.4217,0.9594,0.1156,3.8251,0.8500,0.4133
6,3,2030,2031,2,2,3,0.5000,2030.647,909.529,505.000,8.8483,11.0000,1.2941,0.5882,4.6749,0.4412,0.1872,0.3716,0.0000,0.0000,4.2497,1.2749,0.6078
5,3,2030,2032,3,1,3,0.5556,2030.870,911.000,671.717,8.7427,10.0000,1.0870,0.7292,4.2501,0.8123,0.1108,0.0769,0.7071,0.0000,4.6749,1.2750,0.6522
9,3,2030,2032,3,3,3,0.3333,2030.827,1035.053,518.280,10.6246,12.0000,1.4400,1.3680,5.0995,0.7598,0.0803,0.1599,0.6165,0.6732,3.8250,1.6998,0.4267
6,3,2031,2033,3,2,2,0.5000,2031.574,614.241,473.185,9.3694,13.0000,1.4444,0.6495,5.5248,0.5034,0.2551,0.2415,0.9677,0.2521,4.4625,1.7001,0.6296
9,3,2031,2034,4,3,2,0.3750,2032.756,1031.860,575.081,12.1843,14.0000,1.4651,1.1482,5.9502,0.7299,0.1216,0.1485,0.8161,0.0377,4.2506,1.2752,0.5116
4,3,2033,2034,2,1,2,1.0000,2033.537,717.000,482.512,8.7136,11.0000,1.0732,0.6907,4.6757,0.0000,0.7500,0.2500,0.0000,0.0000,4.8882,1.4877,0.7805
7,3,2035,2037,3,2,2,0.5833,2036.367,893.317,924.750,9.6410,12.0000,1.4000,0.5452,5.1014,0.5694,0.1270,0.3036,0.8963,0.4170,3.8263,1.7005,0.5500
4,4,2036,2037,2,1,2,1.0000,2036.524,629.000,238.500,8.9277,11.0000,1.0476,0.6905,4.6766,0.0000,0.7500,0.2500,0.0000,0.0000,4.8890,1.2753,1.0000
7,3,2037,2039,3,2,2,0.5833,2037.983,959.224,412.569,9.3205,12.0000,1.4483,0.4861,5.1020,0.4296,0.3471,0.2233,0.9305,0.2273,3.4013,1.2755,0.5690
5,3,2039,2041,3,2,1,0.8333,2039.978,961.644,674.000,8.5573,12.0000,1.3333,0.3562,5.1026,0.5854,0.2927,0.1220,0.9487,0.0000,3.8270,0.4252,0.7333
4,3,2042,2043,2,1,3,0.6667,2042.447,684.000,388.105,8.0803,11.0000,1.1579,1.0003,4.6780,0.7576,0.1294,0.1129,0.5257,0.0000,4.6781,1.9137,0.8158
9,3,2044,2047,4,3,2,0.3750,2045.410,1122.974,774.090,11.0592,13.0000,1.5000,0.4207,5.5295,0.4244,0.3761,0.1996,0.8346,0.0839,3.4030,0.8508,0.4487
9,3,2045,2047,3,2,2,0.7500,2045.627,777.427,923.387,10.6340,11.0000,1.3200,0.8510,4.6788,0.4706,0.0000,0.5294,0.9045,0.0000,3.8283,1.2760,0.4133
7,4,2045,2047,3,3,2,0.3889,2046.127,779.905,533.540,10.1289,13.0000,1.4444,0.5625,5.5298,0.4527,0.3153,0.2320,0.5142,0.0123,4.6791,1.7015,0.6825
6,3,2045,2046,2,2,2,0.7500,2045.519,1146.426,719.759,9.3772,13.0000,1.4444,0.7870,5.5298,0.2000,0.3333,0.4667,0.0000,0.0000,4.2536,1.7013,0.6111
6,3,2047,2048,2,2,3,0.5000,2047.245,1054.776,690.959,8.5098,11.0000,1.3469,0.8143,4.6794,0.5230,0.1584,0.3185,0.3667,0.5079,4.2540,1.2762,0.6327
8,3,2048,2051,4,2,2,0.5000,2049.214,963.571,728.100,10.5294,11.0000,1.2571,0.6184,4.6799,0.6860,0.1469,0.1671,0.9914,0.0730,4.6798,1.7018,0.4571
6,3,2050,2051,2,3,2,0.5000,2050.538,885.615,995.154,9.0326,10.0000,1.1538,0.6794,4.2550,0.6373,0.1269,0.2358,0.4046,0.4063,4.2548,1.7019,0.5769
10,3,2052,2055,4,2,3,0.4167,2054.095,1065.810,554.738,11.3046,13.0000,1.5476,0.3376,5.5324,0.6122,0.1829,0.2049,0.9807,0.0992,3.4048,1.2766,0.4167
5,3,2054,2055,2,3,1,0.8333,2054.381,246.333,623.000,7.9937,10.0000,1.1905,0.5062,4.2560,0.5854,0.2927,0.1220,0.3162,0.0000,4.6813,1.2768,0.7143
5,4,2054,2056,3,1,2,0.8333,2054.789,645.000,328.333,10.8488,15.0000,1.3158,0.3942,6.3840,0.5854,0.2927,0.1220,0.9487,0.0000,5.1075,2.1279,0.8596
3,3,2054,2055,2,1,2,0.7500,2054.677,738.000,568.355,7.6171,11.0000,1.0645,0.7213,4.6816,0.5333,0.2667,0.2000,0.7071,0.0000,4.6816,1.7023,1.0000
3,3,2056,2057,2,1,2,0.7500,2056.656,611.000,465.688,7.8638,11.0000,1.0312,0.7269,4.6821,0.5333,0.2667,0.2000,0.7071,0.0000,5.1075,1.9153,1.0000
6,3,2056,2058,3,2,2,0.5000,2057.264,898.189,1039.717,9.2099,11.0000,1.2453,0.4307,4.6824,0.5230,0.1584,0.3185,0.9225,0.0898,4.4694,0.4257,0.6038
5,3,2057,2059,3,1,3,0.5556,2057.756,896.000,662.200,8.5664,10.0000,1.1111,0.7816,4.2567,0.8123,0.1108,0.0769,0.7071,0.0000,4.6821,2.1282,0.6667
4,3,2058,2059,2,1,2,1.0000,2058.475,557.000,497.525,8.5137,11.0000,1.1000,0.6718,4.6824,0.0000,0.7500,0.2500,0.0000,0.0000,3.8312,0.4256,0.7750
8,4,2060,2062,3,2,3,0.4444,2060.757,511.919,798.068,11.1387,14.0000,1.5135,0.2652,5.9605,0.1021,0.5726,0.3253,0.0000,0.0940,4.8959,1.7030,0.6081
6,3,2061,2062,2,3,2,0.5000,2061.608,722.216,571.255,8.8647,10.0000,1.1765,0.6935,4.2577,0.6381,0.1455,0.2164,0.3327,0.3629,4.2576,1.2773,0.5882
7,4,2064,2066,3,2,2,0.5833,2064.656,847.213,467.443,9.8181,11.0000,1.2623,0.8193,4.6843,0.4600,0.2645,0.2756,0.8571,0.1000,4.6841,1.2775,0.6885
8,3,2064,2066,3,3,2,0.4444,2064.985,946.273,699.667,9.9369,11.0000,1.3333,0.4310,4.6843,0.5859,0.0617,0.3524,0.7477,0.5237,4.0455,1.4904,0.4697
11,3,2066,2068,3,2,3,0.6111,2067.149,589.345,464.747,11.1720,12.0000,1.5172,0.4530,5.1108,0.5966,0.1002,0.3032,0.6795,0.1958,3.4071,0.8518,0.3793
5,3,2067,2069,3,1,3,0.5556,2068.048,1109.000,467.333,8.0001,10.0000,1.1905,1.2418,4.2592,0.8123,0.1108,0.0769,0.7071,0.0000,3.8331,0.4260,0.7143
5,3,2069,2070,2,2,2,0.6250,2069.378,813.156,406.467,8.5722,11.0000,1.2222,0.6718,4.6854,0.3432,0.2505,0.4063,0.6059,0.3645,4.6854,1.7038,0.6889
4,3,2070,2071,2,2,1,1.0000,2070.487,950.487,803.000,8.3067,10.0000,1.0256,0.6890,4.2600,0.0000,0.7500,0.2500,1.0000,0.0000,5.1116,1.7039,0.7692
4,3,2070,2072,3,2,1,0.6667,2071.095,1114.405,413.000,8.9460,15.0000,1.4286,0.4158,6.3899,0.7576,0.1294,0.1129,0.8507,0.0000,4.8991,1.2780,0.8571
6,3,2071,2073,3,3,2,0.3333,2072.020,981.980,747.745,8.8701,11.0000,1.2941,0.2564,4.6865,0.2238,0.4308,0.3454,0.0000,0.0000,4.0471,1.4911,0.6275
4,3,2071,2072,2,2,1,1.0000,2071.475,990.500,686.000,8.5202,11.0000,1.1000,0.6897,4.6860,0.0000,0.7500,0.2500,1.0000,0.0000,3.8341,0.2130,0.7750
6,3,2072,2073,2,3,2,0.5000,2072.600,999.400,409.420,8.6964,11.0000,1.3200,0.8102,4.6865,0.6854,0.0214,0.2932,0.3377,0.6213,4.0473,1.2782,0.6200
8,4,2072,2074,3,3,1,0.8889,2073.211,1196.958,512.000,10.6949,12.0000,1.3521,1.2407,5.1128,0.3375,0.5625,0.1000,0.7071,0.0000,4.2604,1.2781,0.6197
4,3,2073,2074,2,2,1,1.0000,2073.590,884.436,383.000,8.3082,12.0000,1.2308,0.5986,5.1128,0.0000,0.7500,0.2500,1.0000,0.0000,4.8997,1.7042,0.8462
3,3,2073,2075,3,1,1,1.0000,2074.030,1065.000,515.000,8.1177,12.0000,1.0909,0.0303,5.1128,0.8889,0.0000,0.1111,1.0000,0.0000,5.1131,1.0651,1.0000
4,3,2074,2076,3,1,2,0.6667,2074.897,675.000,326.436,8.3088,12.0000,1.2308,0.4478,5.1131,0.7576,0.1294,0.1129,0.8507,0.0000,5.3260,1.2783,0.8462
7,3,2076,2078,3,2,2,0.5833,2076.684,720.649,371.351,9.1806,10.0000,1.2281,1.0063,4.2614,0.4600,0.2645,0.2756,0.8571,0.1000,3.4091,1.0654,0.5263
4,3,2076,2077,2,1,2,1.0000,2076.541,1030.000,574.541,7.8834,10.0000,1.0811,0.7094,4.2614,0.0000,0.7500,0.2500,0.0000,0.0000,3.8352,0.8522,0.8108
4,3,2077,2078,2,2,1,1.0000,2077.436,920.436,778.000,8.3100,12.0000,1.2308,0.6165,5.1137,0.0000,0.7500,0.2500,1.0000,0.0000,4.6877,1.2784,0.8205
13,3,2079,2082,4,3,3,0.3611,2080.529,672.520,644.912,12.0578,12.0000,1.5294,0.6782,5.1149,0.5296,0.1520,0.3184,0.7898,0.5838,3.4098,1.9179,0.3137
5,3,2081,2083,3,1,3,0.5556,2081.659,592.000,435.068,8.3876,11.0000,1.2500,0.6626,4.6886,0.5532,0.3398,0.1070,0.8281,0.0000,4.6886,0.4263,0.7045
8,3,2082,2084,3,2,3,0.4444,2082.851,586.627,790.791,10.0978,13.0000,1.5522,0.4530,5.5417,0.1920,0.5155,0.2925,0.7043,0.5868,3.4104,1.4918,0.5075
5,3,2083,2085,3,1,3,0.5556,2083.980,536.000,363.980,9.3419,11.0000,1.1224,0.9798,4.6894,0.7911,0.1351,0.0737,0.5257,0.0000,4.6894,1.2789,0.6531
9,3,2084,2087,4,3,3,0.2500,2085.493,775.726,927.685,10.3743,12.0000,1.4795,1.1194,5.1162,0.7439,0.1377,0.1185,0.5927,0.2802,3.4107,0.8527,0.4521
8,3,2084,2086,3,3,2,0.4444,2084.554,938.108,385.615,9.7973,11.0000,1.3538,0.8349,4.6894,0.2980,0.4245,0.2776,0.7259,0.1740,4.0500,1.7053,0.4923
4,4,2086,2087,2,1,2,1.0000,2086.468,564.000,227.511,10.0196,13.0000,1.1064,0.6772,5.5426,0.0000,0.7500,0.2500,0.0000,0.0000,5.3295,0.6396,1.0000
7,3,2087,2089,3,2,3,0.3889,2088.083,1016.650,440.050,9.6698,12.0000,1.4000,1.1099,5.1168,0.4527,0.3153,0.2320,0.5142,0.0123,3.8378,1.7055,0.5333
3,3,2090,2091,2,2,1,0.7500,2090.667,790.303,942.000,8.1251,12.0000,1.0909,0.4505,5.1176,0.5333,0.2667,0.2000,0.7071,0.0000,5.1173,1.4926,1.0000
3,3,2091,2092,2,2,1,0.7500,2091.344,1118.688,571.000,7.8792,11.0000,1.0312,0.4646,4.6913,0.5333,0.2667,0.2000,0.7071,0.0000,5.1175,1.4926,1.0000
6,3,2093,2094,2,2,3,0.5000,2093.712,906.169,434.186,10.2735,13.0000,1.3220,0.3828,5.5449,0.5230,0.1584,0.3185,0.3667,0.5079,4.4785,2.1325,0.5763
5,3,2094,2096,3,1,2,0.8333,2095.217,857.000,695.370,8.7750,11.0000,1.1957,0.8655,4.6923,0.5854,0.2927,0.1220,0.9487,0.0000,4.9053,1.4929,0.6739
4,3,2094,2097,4,1,1,1.0000,2095.333,858.000,505.000,7.6780,10.0000,1.1111,1.3333,4.2657,0.9375,0.0000,0.0625,1.0000,0.0000,4.6919,1.2797,0.8333
8,3,2094,2096,3,2,3,0.4444,2094.712,916.212,675.621,9.9532,11.0000,1.3333,0.8340,4.6920,0.5686,0.1035,0.3278,0.6683,0.3301,3.8388,1.2796,0.4848
5,3,2096,2098,3,2,1,0.8333,2096.854,976.333,584.000,9.1572,12.0000,1.2500,0.3638,5.1191,0.5854,0.2927,0.1220,0.9487,0.0000,5.1188,1.7064,0.6667
6,3,2097,2100,4,2,2,0.3750,2098.360,1167.120,722.600,8.7083,10.0000,1.2000,0.5514,4.2665,0.8688,0.0142,0.1170,0.9156,0.3015,4.2660,0.8532,0.6000
5,3,2102,2104,3,2,1,0.8333,2103.356,994.356,760.000,8.5875,12.0000,1.3333,0.7360,5.1207,0.5854,0.2927,0.1220,0.9487,0.0000,4.6940,1.2801,0.7333
8,3,2103,2106,4,2,2,0.5000,2104.453,571.375,486.797,9.6559,11.0000,1.3750,0.6223,4.6940,0.6066,0.1994,0.1941,0.9479,0.2003,3.8406,1.7068,0.4844
5,3,2104,2105,2,1,3,0.8333,2104.395,766.000,386.163,8.2062,10.0000,1.1628,0.4276,4.2674,0.6340,0.2717,0.0943,0.0000,0.0000,4.6940,0.8536,0.6977
6,3,2104,2106,3,2,2,0.5000,2105.020,978.412,519.235,8.8851,12.0000,1.4118,0.4747,5.1209,0.6381,0.1455,0.2164,0.8019,0.3768,3.8407,0.6402,0.6471
8,3,2105,2108,4,2,2,0.5000,2106.213,612.787,684.803,9.2040,10.0000,1.3115,1.2473,4.2678,0.7248,0.0930,0.1821,0.9678,0.1435,3.2009,1.4936,0.4918
5,3,2106,2107,2,2,2,0.6250,2106.543,1052.391,861.848,8.7795,11.0000,1.1957,0.8301,4.6946,0.3432,0.2505,0.4063,0.6059,0.3645,4.6944,1.4937,0.6957
5,3,2107,2109,3,2,2,0.4167,2107.750,900.875,615.750,9.1617,14.0000,1.4583,0.3750,5.9752,0.6999,0.1281,0.1720,0.8684,0.1395,5.1214,1.7072,0.7500
4,3,2111,2113,3,1,2,0.6667,2111.838,588.000,524.838,7.8970,11.0000,1.1892,0.2293,4.6955,0.7500,0.1500,0.1000,0.9487,0.0000,4.6956,1.7075,0.8378
5,3,2111,2113,3,1,2,0.8333,2112.311,844.000,509.622,8.5906,12.0000,1.3333,0.4894,5.1224,0.5854,0.2927,0.1220,0.9487,0.0000,4.6957,1.2807,0.7111
6,3,2112,2114,3,2,2,0.5000,2112.684,952.123,643.596,9.9335,14.0000,1.4737,0.8038,5.9761,0.3810,0.3333,0.2857,0.9487,0.1690,4.0553,1.7075,0.6491
8,4,2113,2116,4,2,2,0.5000,2114.282,1094.535,673.085,10.7163,11.0000,1.2394,1.3660,4.6961,0.6702,0.1825,0.1473,0.9937,0.1048,4.2691,0.8538,0.6056
4,3,2116,2118,3,2,1,0.6667,2117.132,733.158,536.000,8.1121,11.0000,1.1579,1.1425,4.6964,0.7500,0.1500,0.1000,0.9487,0.0000,4.9099,1.9213,0.8421
4,3,2117,2118,2,2,1,1.0000,2117.537,817.512,584.000,8.7526,11.0000,1.0732,0.6907,4.6966,0.0000,0.7500,0.2500,1.0000,0.0000,4.0561,1.2809,0.7805
3,3,2117,2118,2,2,1,0.7500,2117.656,1124.688,748.000,7.8881,11.0000,1.0312,0.7269,4.6966,0.5333,0.2667,0.2000,0.7071,0.0000,5.1234,1.7079,1.0000
5,3,2118,2119,2,2,2,0.6250,2118.396,779.146,322.500,9.1654,12.0000,1.2500,0.6542,5.1237,0.3432,0.2505,0.4063,0.6059,0.3645,4.6966,0.8540,0.7083
6,3,2119,2121,3,1,3,0.6667,2120.078,472.000,397.765,8.8903,11.0000,1.2941,0.2480,4.6969,0.4000,0.4800,0.1200,0.7071,0.0000,4.2699,1.7080,0.6078
9,3,2119,2121,3,2,2,0.7500,2120.081,851.514,546.392,10.5326,10.0000,1.2162,1.2594,4.2699,0.5117,0.1619,0.3264,0.9082,0.4082,4.6968,1.4944,0.4054
10,3,2120,2122,3,3,3,0.3704,2120.805,1034.299,507.425,11.7477,14.0000,1.6092,0.5553,5.9781,0.2733,0.3329,0.3939,0.7850,0.3881,3.6297,1.2810,0.4368
3,3,2121,2122,2,2,1,0.7500,2121.656,633.688,439.000,7.8893,11.0000,1.0312,0.7269,4.6973,0.5333,0.2667,0.2000,0.7071,0.0000,4.2701,1.0675,1.0000
8,3,2122,2124,3,2,2,0.6667,2122.906,928.750,476.594,9.6627,10.0000,1.2500,0.8581,4.2704,0.4961,0.2369,0.2670,0.9586,0.0986,3.8433,1.7081,0.4688
3,3,2122,2123,2,1,2,0.7500,2122.686,993.000,195.371,8.6292,13.0000,1.1143,0.7028,5.5515,0.5333,0.2667,0.2000,0.7071,0.0000,5.1244,1.2811,1.0000
7,3,2122,2124,3,3,2,0.3889,2123.403,1149.081,553.097,10.0073,13.0000,1.4677,0.4224,5.5517,0.4000,0.4045,0.1955,0.6148,0.0943,3.4164,0.8541,0.5806
8,3,2127,2129,3,2,2,0.6667,2127.788,784.394,671.470,9.9663,11.0000,1.3333,0.6938,4.6982,0.4396,0.1507,0.4097,0.8641,0.2943,3.8439,1.7084,0.4697
8,3,2129,2131,3,2,3,0.4444,2129.970,800.742,262.273,9.9670,11.0000,1.3333,1.0397,4.6985,0.7384,0.0761,0.1855,0.5910,0.0000,3.6306,1.0678,0.4848
6,3,2131,2133,3,3,1,0.6667,2131.608,1036.608,587.000,8.8937,10.0000,1.1765,0.8596,4.2716,0.6061,0.3030,0.0909,0.7071,0.0000,3.2037,1.2815,0.5882
7,3,2131,2133,3,2,2,0.5833,2132.390,1054.780,484.576,9.5257,12.0000,1.4237,0.6165,5.1261,0.5806,0.0526,0.3668,0.8835,0.4677,3.4174,1.2815,0.5763
3,3,2132,2133,2,1,2,0.7500,2132.333,586.000,886.667,7.3987,10.0000,1.0000,0.7454,4.2717,0.5333,0.2667,0.2000,0.7071,0.0000,4.6988,1.2815,1.0000
9,3,2132,2134,3,3,3,0.3333,2133.085,909.110,605.000,11.6761,14.0000,1.5366,0.1390,5.9804,0.0606,0.5870,0.3523,0.6521,0.2735,3.8447,1.7087,0.4512
7,3,2137,2138,2,2,2,0.8750,2137.410,701.475,823.656,9.8501,11.0000,1.2623,0.7495,4.6994,0.0000,0.3318,0.6682,0.7071,0.5774,3.4179,0.4272,0.5082
4,3,2139,2139,1,2,2,1.0000,2139.000,863.432,1058.432,7.9040,11.0000,1.1892,0.6116,4.6997,0.0000,0.7500,0.2500,0.0000,1.0000,4.6997,0.8545,0.8378
6,3,2140,2141,2,2,3,0.5000,2140.482,1082.161,596.625,9.7680,11.0000,1.1786,0.6316,4.6998,0.6373,0.1269,0.2358,0.4046,0.4063,4.4862,1.4954,0.5536
9,3,2143,2146,4,3,3,0.2500,2144.650,967.625,666.325,11.3949,13.0000,1.4625,0.8478,5.5551,0.5995,0.1144,0.2861,0.7674,0.6145,3.8458,1.7092,0.4625
5,3,2147,2149,3,3,1,0.5556,2148.191,1073.766,735.000,8.9824,10.0000,1.0638,0.7895,4.2735,0.8123,0.1108,0.0769,0.7071,0.0000,4.7008,1.4957,0.6383
8,3,2149,2152,4,2,2,0.5000,2150.600,984.246,491.246,9.8214,10.0000,1.2308,0.6937,4.2738,0.7010,0.1085,0.1906,0.9918,0.0551,4.0600,0.4274,0.6154
4,3,2150,2151,2,1,2,1.0000,2150.564,833.000,487.487,8.3337,12.0000,1.2308,0.6730,5.1285,0.0000,0.7500,0.2500,0.0000,0.0000,4.7011,1.4958,0.8205
6,3,2152,2153,2,2,2,0.7500,2152.400,877.480,525.760,8.7240,10.0000,1.2000,0.6693,4.2739,0.2000,0.3333,0.4667,0.7071,0.7071,4.2738,1.2822,0.6000
8,3,2152,2154,3,2,2,0.6667,2153.227,1175.591,1018.303,9.9731,10.0000,1.2121,0.5575,4.2740,0.6025,0.1071,0.2905,0.9114,0.4048,4.0603,1.2822,0.4545
9,3,2154,2157,4,2,4,0.2812,2155.778,1017.722,797.250,10.2580,10.0000,1.2500,0.7959,4.2743,0.6908,0.1559,0.1533,0.7826,0.2948,3.8467,1.7096,0.4167
8,3,2158,2159,2,3,2,0.6667,2158.636,872.970,513.409,9.9742,11.0000,1.3333,0.8689,4.7019,0.5524,0.0893,0.3583,0.3251,0.6280,4.0607,1.2823,0.4848
4,3,2158,2159,2,2,1,1.0000,2158.568,931.432,279.000,7.9077,11.0000,1.1892,0.6116,4.7019,0.0000,0.7500,0.2500,1.0000,0.0000,4.7019,2.1372,0.8378
5,3,2162,2164,3,2,2,0.4167,2162.745,784.872,497.213,8.9851,11.0000,1.1702,0.7849,4.7023,0.6489,0.0995,0.2515,0.9362,0.2726,4.7022,0.8550,0.6809
10,3,2163,2166,4,2,4,0.3125,2164.051,992.167,761.551,10.5443,12.0000,1.5385,1.0626,5.1299,0.4203,0.4110,0.1688,0.8369,0.0515,3.4199,1.2825,0.4103
6,3,2166,2168,3,2,2,0.5000,2167.220,917.540,690.880,8.7265,11.0000,1.3200,0.5953,4.7026,0.3810,0.3333,0.2857,0.9487,0.1690,3.8476,2.1375,0.6400
7,3,2166,2168,3,2,3,0.3889,2167.362,1218.431,922.034,9.3718,10.0000,1.2069,0.5640,4.2751,0.5780,0.1560,0.2660,0.7697,0.1362,3.8476,1.0688,0.5172
6,3,2169,2171,3,2,3,0.3333,2169.981,520.115,467.750,9.0759,11.0000,1.2692,0.2760,4.7028,0.5384,0.1347,0.3269,0.5521,0.1164,4.4890,1.7101,0.5962
6,3,2171,2172,2,2,2,0.7500,2171.288,822.519,651.462,9.0761,10.0000,1.1538,0.7522,4.2753,0.2667,0.1333,0.6000,0.0000,0.0000,4.2753,1.2826,0.5769
5,4,2171,2172,2,2,2,0.6250,2171.458,1063.125,826.562,9.1776,11.0000,1.1458,0.7908,4.7029,0.3432,0.2505,0.4063,0.6059,0.3645,4.7029,1.2826,0.8750
6,3,2172,2173,2,2,2,0.7500,2172.456,653.789,474.649,9.9489,14.0000,1.4737,0.6128,5.9855,0.2000,0.3333,0.4667,0.0000,0.0000,5.1305,1.2826,0.6316
3,3,2172,2174,3,1,1,1.0000,2172.968,1006.000,276.000,7.6521,11.0000,1.0645,0.9677,4.7029,0.8889,0.0000,0.1111,1.0000,0.0000,4.7030,1.7102,1.0000
6,4,2172,2173,2,2,2,0.7500,2172.525,1012.356,983.237,10.2980,13.0000,1.3220,0.6389,5.5581,0.2000,0.3333,0.4667,0.0000,0.0000,4.9167,1.9239,0.7627
8,4,2173,2175,3,2,2,0.6667,2174.149,716.358,469.672,10.1278,11.0000,1.3134,0.5083,4.7030,0.3463,0.4131,0.2406,0.9921,0.1255,4.0617,0.8551,0.6119
4,3,2173,2174,2,2,2,0.5000,2173.432,933.838,535.703,7.9096,11.0000,1.1892,0.8409,4.7030,0.5916,0.1015,0.3069,0.7071,0.7071,4.7030,1.4964,0.8378
10,3,2173,2175,3,4,3,0.2778,2173.926,1120.370,973.815,10.9514,11.0000,1.3580,0.4207,4.7030,0.5863,0.1594,0.2543,0.6987,0.6797,3.6342,1.2826,0.3951
3,3,2174,2176,3,1,1,1.0000,2175.000,973.000,660.000,7.4054,10.0000,1.0000,1.0000,4.2756,0.8889,0.0000,0.1111,1.0000,0.0000,4.7031,0.4276,1.0000
7,3,2175,2177,3,2,3,0.3889,2176.169,949.102,685.492,9.5345,13.0000,1.5424,0.5455,5.5583,0.6188,0.1635,0.2176,0.6691,0.0458,3.8481,1.2827,0.5593
5,3,2177,2178,2,2,2,0.6250,2177.553,956.872,844.511,8.9870,14.0000,1.4894,0.7495,5.9859,0.3432,0.2505,0.4063,0.6059,0.3645,4.7032,1.2827,0.7234
10,3,2177,2179,3,3,2,0.5556,2177.704,963.765,960.173,10.9519,15.0000,1.8519,0.4156,6.4135,0.1500,0.5955,0.2545,0.8988,0.2829,3.4205,1.2827,0.4321
8,3,2178,2181,4,3,2,0.3333,2179.538,731.585,442.123,9.8260,11.0000,1.3538,0.8043,4.7033,0.3386,0.4506,0.2108,0.9762,0.1071,3.6344,1.2827,0.4923
7,3,2179,2182,4,2,2,0.4375,2180.393,1088.411,456.107,9.0501,10.0000,1.2500,0.5784,4.2758,0.7406,0.0824,0.1770,0.9316,0.0988,3.4206,0.8552,0.5357
4,3,2180,2182,3,1,2,0.6667,2181.000,600.000,865.184,8.1240,11.0000,1.1579,0.1842,4.7034,0.5357,0.3214,0.1429,1.0000,0.0000,4.7034,1.2827,0.8158
6,3,2180,2182,3,2,2,0.5000,2180.589,932.554,565.161,9.7752,12.0000,1.2857,0.7566,5.1309,0.6373,0.1269,0.2358,0.8795,0.0724,4.4896,0.0000,0.5893
4,3,2181,2183,3,2,1,0.6667,2182.225,696.825,567.000,8.5516,12.0000,1.2000,0.7945,5.1310,0.7500,0.1500,0.1000,0.9487,0.0000,4.0620,0.6414,0.8250
5,3,2181,2182,2,2,2,0.6250,2181.417,802.396,874.125,9.1785,12.0000,1.2500,0.5881,5.1309,0.3432,0.2505,0.4063,0.6059,0.3645,4.7034,1.2827,0.6875
6,3,2182,2183,2,1,3,1.0000,2182.490,888.000,873.157,8.9026,10.0000,1.1765,0.5147,4.2758,0.5556,0.3333,0.1111,0.0000,0.0000,4.4896,1.2828,0.5882
14,3,2183,2185,3,3,4,0.3889,2183.541,523.775,339.036,12.6847,12.0000,1.5135,0.9015,5.1310,0.4368,0.1311,0.4320,0.3498,0.9350,2.9931,0.8552,0.2883
6,3,2183,2184,2,2,2,0.7500,2183.596,922.288,164.500,9.0772,11.0000,1.2692,0.8298,4.7034,0.2000,0.3333,0.4667,0.7071,0.7071,4.4896,0.8552,0.5962
4,3,2186,2187,2,2,2,0.5000,2186.211,1032.526,636.263,8.1242,10.0000,1.0526,0.6250,4.2759,0.5916,0.1015,0.3069,0.5000,0.5000,3.8483,0.8552,0.7895
5,3,2188,2189,2,2,2,0.6250,2188.596,841.553,1045.851,8.9876,11.0000,1.1702,0.7012,4.7035,0.3432,0.2505,0.4063,0.6059,0.3645,4.7035,0.8552,0.6596
6,3,2189,2190,2,2,3,0.5000,2189.462,707.423,596.981,9.0774,12.0000,1.3846,0.6264,5.1311,0.6168,0.1058,0.2774,0.5000,0.5000,4.4897,1.2828,0.6346
4,3,2191,2192,2,2,2,0.5000,2191.459,891.162,620.730,7.9105,11.0000,1.1892,0.6257,4.7035,0.5916,0.1015,0.3069,0.7071,0.7071,4.7035,1.7104,0.8378
4,3,2191,2192,2,1,2,1.0000,2191.537,922.000,712.415,8.7657,12.0000,1.1707,0.6781,5.1311,0.0000,0.7500,0.2500,0.0000,0.0000,5.1311,1.4966,0.8293
3,3,2191,2193,3,1,1,1.0000,2192.000,962.000,704.000,7.6530,11.0000,1.0645,0.0000,4.7035,0.8889,0.0000,0.1111,1.0000,0.0000,4.7035,1.2828,1.0000
8,3,2194,2197,4,2,3,0.3333,2195.266,866.250,621.016,9.6753,12.0000,1.5000,0.3651,5.1311,0.8252,0.0640,0.1108,0.9538,0.2909,3.4207,1.2828,0.5000
4,3,2194,2195,2,1,2,1.0000,2194.447,912.000,412.474,8.1243,11.0000,1.1579,0.6908,4.7035,0.0000,0.7500,0.2500,0.0000,0.0000,4.7035,1.2828,0.8158
7,3,2195,2196,2,3,2,0.5833,2195.491,701.073,833.891,8.8888,11.0000,1.4000,0.5257,4.7035,0.4600,0.2645,0.2756,0.0000,0.3827,2.9931,1.2828,0.5636
8,3,2200,2201,2,2,3,0.6667,2200.500,851.734,308.984,9.6750,10.0000,1.2500,0.8886,4.2758,0.4286,0.1071,0.4643,0.0000,0.0000,3.6344,1.7103,0.4688
5,3,2200,2201,2,2,2,0.6250,2200.392,1045.863,650.373,9.7522,13.0000,1.2745,0.5580,5.5585,0.3432,0.2505,0.4063,0.6059,0.3645,5.5585,2.1379,0.7059
3,3,2201,2202,2,2,1,0.7500,2201.667,626.333,436.000,7.4058,10.0000,1.0000,0.7454,4.2758,0.5333,0.2667,0.2000,0.7071,0.0000,4.7033,0.8551,1.0000
5,3,2202,2204,3,2,1,0.8333,2203.229,1055.500,552.000,9.1783,12.0000,1.2500,0.5500,5.1308,0.5854,0.2927,0.1220,0.9487,0.0000,5.1308,1.4965,0.7292
5,3,2206,2208,3,2,1,0.8333,2207.261,895.609,1060.000,8.7954,10.0000,1.0870,0.4703,4.2755,0.5854,0.2927,0.1220,0.9487,0.0000,4.7029,1.7102,0.6522
6,3,2206,2207,2,2,2,0.7500,2206.556,965.315,500.333,9.4255,10.0000,1.1111,0.6386,4.2755,0.2000,0.3333,0.4667,0.0000,0.0000,4.4893,0.8551,0.5556
4,3,2210,2211,2,2,1,1.0000,2210.556,752.556,929.000,7.6954,10.0000,1.1111,0.7115,4.2753,0.0000,0.7500,0.2500,1.0000,0.0000,5.1302,2.1376,0.8333
4,3,2211,2212,2,2,1,1.0000,2211.550,1076.575,775.000,8.5503,12.0000,1.2000,0.6190,5.1301,0.0000,0.7500,0.2500,1.0000,0.0000,4.0614,1.7101,0.8250
6,3,2212,2213,2,3,3,0.3333,2212.585,573.000,419.925,9.2500,12.0000,1.3585,0.5898,5.1301,0.4899,0.3164,0.1936,0.4082,0.7632,4.0613,1.2825,0.6038
6,3,2212,2214,3,2,2,0.5000,2212.800,1032.660,998.120,8.7264,10.0000,1.2000,0.7000,4.2750,0.5034,0.2551,0.2415,0.9677,0.2521,4.0613,0.6413,0.6000
6,3,2215,2217,3,2,2,0.5000,2216.180,879.740,402.400,8.7258,11.0000,1.3200,0.5099,4.7023,0.6381,0.1455,0.2164,0.8019,0.3768,4.0610,0.8549,0.6200
9,3,2216,2217,2,2,3,0.7500,2216.614,755.371,465.143,9.9743,11.0000,1.4143,0.7319,4.7023,0.4875,0.0908,0.4217,0.2232,0.8691,2.9923,1.2824,0.4571
8,3,2218,2221,4,3,2,0.3333,2219.500,615.818,891.909,9.9742,11.0000,1.3333,0.5397,4.7019,0.8074,0.0834,0.1092,0.8030,0.1412,4.2743,1.2823,0.4848
7,3,2219,2221,3,2,2,0.5833,2219.984,676.613,418.629,10.0165,14.0000,1.5806,0.5364,5.9841,0.5927,0.2184,0.1889,0.8630,0.4864,3.4196,0.8549,0.5645
3,3,2221,2223,3,1,1,1.0000,2221.971,1291.000,709.000,8.3902,13.0000,1.1471,0.0294,5.5564,0.8889,0.0000,0.1111,1.0000,0.0000,5.1291,1.2823,1.0000
8,3,2224,2226,3,3,2,0.4444,2225.162,958.015,318.338,10.2750,15.0000,1.7647,0.3752,6.4108,0.5651,0.0457,0.3892,0.9498,0.3090,3.4191,0.8547,0.5147
6,3,2225,2227,3,2,2,0.5000,2226.096,894.577,437.885,9.0726,11.0000,1.2692,0.5962,4.7011,0.7074,0.0897,0.2030,0.9140,0.2540,4.0601,1.4958,0.6154
3,3,2226,2227,2,1,2,0.7500,2226.364,1023.000,510.667,8.1424,12.0000,1.0909,0.7184,5.1283,0.5333,0.2667,0.2000,0.7071,0.0000,5.5558,1.7095,1.0000
6,3,2227,2229,3,2,3,0.3333,2228.231,1152.231,749.981,9.0721,13.0000,1.5000,0.3269,5.5555,0.6117,0.2011,0.1872,0.7734,0.2698,4.4870,1.4957,0.6346
10,3,2230,2233,4,2,2,0.6250,2231.631,628.405,595.583,11.3505,12.0000,1.4286,0.8576,5.1277,0.6770,0.1070,0.2160,0.9251,0.3794,3.8458,1.2819,0.3810
10,4,2234,2236,3,3,2,0.5556,2235.237,252.828,652.720,12.5652,15.0000,1.6129,0.4046,6.4089,0.3331,0.3486,0.3184,0.7332,0.0184,4.0588,0.6409,0.5484
9,3,2234,2235,2,3,2,0.7500,2234.513,822.115,946.449,11.1089,14.0000,1.6154,0.6723,5.9816,0.3478,0.2899,0.3623,0.1231,0.6963,3.8455,1.2818,0.4744
8,3,2234,2236,3,3,2,0.4444,2234.685,873.918,566.425,11.0274,15.0000,1.6438,0.5351,6.4089,0.4281,0.3090,0.2629,0.6346,0.1550,3.8454,1.2818,0.5068
5,3,2235,2237,3,2,2,0.4167,2236.532,810.574,669.191,8.9801,11.0000,1.1702,0.7654,4.6995,0.6999,0.1281,0.1720,0.8684,0.1395,5.1268,1.7089,0.6809
5,3,2238,2239,2,2,2,0.6250,2238.625,1066.708,631.792,9.1705,13.0000,1.3542,0.5187,5.5536,0.3432,0.2505,0.4063,0.6059,0.3645,5.1264,2.1360,0.7083
7,3,2243,2244,2,2,2,0.8750,2243.517,1174.333,937.483,9.6866,13.0000,1.5167,0.7821,5.5529,0.0000,0.3318,0.6682,0.7788,0.5774,3.8442,0.0001,0.5667
7,3,2244,2246,3,2,2,0.5833,2244.847,712.271,1003.254,9.5247,12.0000,1.4237,0.9254,5.1256,0.6517,0.0773,0.2710,0.8881,0.0000,4.4848,1.7085,0.5424
10,4,2250,2253,4,2,4,0.3125,2251.463,881.402,663.622,11.0728,11.0000,1.3415,0.7699,4.6971,0.8128,0.0990,0.0882,0.7379,0.4512,4.2701,1.2811,0.5000
6,3,2250,2251,2,2,3,0.5000,2250.321,906.358,850.094,9.2398,11.0000,1.2453,0.7234,4.6974,0.6381,0.1455,0.2164,0.3327,0.3629,4.2704,1.9216,0.6038
5,3,2250,2251,2,3,1,0.8333,2250.574,1010.255,516.000,8.9758,11.0000,1.1702,0.4963,4.6973,0.5854,0.2927,0.1220,0.3162,0.0000,4.6974,2.1351,0.6596
4,3,2251,2252,2,2,1,1.0000,2251.455,641.591,618.000,9.3944,14.0000,1.2727,0.6115,5.9783,0.0000,0.7500,0.2500,1.0000,0.0000,5.1242,2.1350,0.8182
4,4,2251,2252,2,2,1,1.0000,2251.511,874.467,1095.000,9.6079,13.0000,1.1556,0.6759,5.5511,0.0000,0.7500,0.2500,1.0000,0.0000,5.1242,0.8541,1.0000
5,3,2251,2252,2,2,2,0.6250,2251.605,1073.535,822.860,8.2116,10.0000,1.1628,0.8193,4.2702,0.3432,0.2505,0.4063,0.6059,0.3645,4.6971,1.2811,0.6977
8,3,2253,2256,4,2,3,0.3333,2254.403,793.328,537.328,10.1141,14.0000,1.6716,0.6148,5.9777,0.4880,0.3049,0.2071,0.8352,0.2976,3.4159,1.4943,0.5224
4,3,2253,2255,3,2,1,0.6667,2253.707,837.268,506.000,8.7531,11.0000,1.0732,1.0177,4.6969,0.7500,0.1500,0.1000,0.9487,0.0000,4.9103,1.7079,0.7805
9,4,2255,2257,3,2,3,0.5000,2255.658,661.418,894.532,11.2431,12.0000,1.3671,0.8217,5.1234,0.4952,0.1976,0.3072,0.6312,0.3490,4.2695,1.2809,0.5570
5,3,2257,2259,3,1,2,0.8333,2257.739,633.000,1059.609,8.7825,11.0000,1.1957,0.8363,4.6962,0.5854,0.2927,0.1220,0.9487,0.0000,4.2691,1.0673,0.6739
8,3,2257,2259,3,2,2,0.6667,2257.618,855.294,629.471,10.2639,12.0000,1.4118,0.6739,5.1230,0.4716,0.1249,0.4035,0.8929,0.1898,4.2692,1.7077,0.4853
3,3,2257,2258,2,2,1,0.7500,2257.312,1030.688,818.000,7.8875,12.0000,1.1250,0.4419,5.1232,0.5333,0.2667,0.2000,0.7071,0.0000,4.6962,1.7077,1.0000
4,4,2258,2260,3,1,2,0.6667,2259.024,1100.000,833.238,8.9649,11.0000,1.0476,0.2393,4.6959,0.5357,0.3214,0.1429,1.0000,0.0000,4.0556,0.8537,1.0000
7,3,2259,2260,2,2,2,0.8750,2259.559,533.644,846.441,9.5196,10.0000,1.1864,0.8674,4.2690,0.0000,0.3318,0.6682,0.0000,0.5774,3.8421,0.8538,0.5085
6,3,2260,2262,3,3,1,0.6667,2261.176,1159.922,626.000,8.8876,11.0000,1.2941,0.1931,4.6955,0.6944,0.2222,0.0833,0.6000,0.0000,4.0553,1.2805,0.6078
5,3,2260,2261,2,3,1,0.8333,2260.469,1306.673,780.000,9.3543,13.0000,1.3265,0.8574,5.5493,0.5854,0.2927,0.1220,0.3162,0.0000,4.6955,0.8537,0.6939
7,3,2262,2264,3,2,2,0.5833,2263.097,681.403,965.597,10.0023,13.0000,1.4677,0.5784,5.5489,0.5352,0.1763,0.2885,0.8018,0.5745,3.8415,1.2805,0.5484
6,3,2262,2264,3,3,1,0.6667,2263.208,1169.774,850.000,9.2354,12.0000,1.3585,0.3071,5.1220,0.4000,0.4800,0.1200,0.7071,0.0000,4.2683,1.2805,0.6038
3,3,2263,2264,2,2,1,0.7500,2263.333,831.667,575.000,7.3929,10.0000,1.0000,0.7454,4.2684,0.5333,0.2667,0.2000,0.7071,0.0000,4.6952,1.7073,1.0000
7,3,2264,2266,3,2,3,0.3889,2265.016,636.623,831.311,9.8403,12.0000,1.3770,0.9287,5.1217,0.5170,0.0882,0.3949,0.4423,0.4828,3.8413,1.9205,0.5410
6,4,2265,2266,2,2,2,0.7500,2265.500,1093.383,845.767,10.4543,12.0000,1.2000,0.6719,5.1217,0.2000,0.3333,0.4667,0.0000,0.0000,5.5483,2.3474,0.7667
4,3,2269,2271,3,2,1,0.6667,2270.000,992.846,669.000,8.3212,13.0000,1.3333,0.1538,5.5475,0.5357,0.3214,0.1429,1.0000,0.0000,4.2673,0.4268,0.8462
5,3,2270,2272,3,3,1,0.5556,2271.234,1251.085,556.000,8.9690,13.0000,1.3830,0.2490,5.5473,0.5532,0.3398,0.1070,0.8281,0.0000,4.6937,0.8534,0.7234
6,3,2271,2273,3,2,2,0.5000,2272.059,905.451,344.255,8.8841,11.0000,1.2941,0.5214,4.6937,0.4412,0.1872,0.3716,0.7882,0.6154,4.0536,1.7067,0.6078
4,3,2273,2275,3,2,1,0.6667,2273.921,791.553,580.000,8.1067,11.0000,1.1579,0.4543,4.6934,0.7576,0.1294,0.1129,0.8507,0.0000,4.6934,1.7067,0.8158
15,5,2274,2277,4,3,3,0.4167,2275.370,591.007,385.841,15.2021,16.0000,1.7391,0.6503,6.8262,0.2639,0.2359,0.5002,0.9666,0.1611,4.2665,0.8533,0.4565
5,3,2274,2275,2,2,2,0.6250,2274.468,1071.830,880.362,8.9680,12.0000,1.2766,0.6654,5.1199,0.3432,0.2505,0.4063,0.6059,0.3645,4.6932,1.2799,0.6809
8,3,2275,2277,3,2,4,0.3333,2276.369,582.215,958.815,9.8045,11.0000,1.3538,0.6916,4.6929,0.7298,0.1653,0.1048,0.4552,0.4737,3.4132,1.2799,0.4769
5,3,2277,2279,3,2,2,0.4167,2277.978,502.356,689.867,8.5854,10.0000,1.1111,1.0489,4.2663,0.1521,0.5234,0.3245,1.0000,0.0000,4.6928,1.7064,0.6667
5,3,2277,2278,2,2,2,0.6250,2277.532,1082.511,874.872,8.9671,12.0000,1.2766,0.7340,5.1195,0.3432,0.2505,0.4063,0.6059,0.3645,3.8397,0.0000,0.7234
6,3,2278,2280,3,2,2,0.5000,2278.873,646.727,687.109,9.5788,13.0000,1.4182,0.3201,5.5458,0.5230,0.1584,0.3185,0.9225,0.0898,4.4792,1.4931,0.6182
8,3,2280,2282,3,2,3,0.4444,2280.899,571.261,463.739,10.4064,13.0000,1.5072,0.3826,5.5455,0.5871,0.1225,0.2904,0.7427,0.3393,4.0525,0.8531,0.4783
4,3,2282,2284,3,2,1,0.6667,2283.103,1186.436,752.000,8.3177,12.0000,1.2308,0.4478,5.1186,0.7576,0.1294,0.1129,0.8507,0.0000,4.9053,1.2797,0.8462
5,3,2283,2285,3,2,1,0.8333,2283.755,889.434,959.000,10.1100,15.0000,1.4151,0.4985,6.3981,0.5854,0.2927,0.1220,0.9487,0.0000,4.2655,1.2796,0.7170
5,3,2283,2284,2,2,2,0.6250,2283.426,1053.872,559.617,8.9656,13.0000,1.3830,0.5866,5.5452,0.3432,0.2505,0.4063,0.6059,0.3645,4.6920,1.7062,0.7021
6,3,2284,2286,3,2,2,0.5000,2284.839,1004.304,630.125,9.7513,12.0000,1.2857,0.3655,5.1183,0.5230,0.1584,0.3185,0.9225,0.0898,3.6255,0.4265,0.5893
4,3,2286,2288,3,2,1,0.6667,2287.158,729.158,447.000,8.1036,12.0000,1.2632,0.2233,5.1181,0.7500,0.1500,0.1000,0.9487,0.0000,4.6916,1.2795,0.8421
9,3,2286,2289,4,2,3,0.3750,2287.644,940.658,762.219,10.3782,10.0000,1.2329,0.7793,4.2650,0.1161,0.7158,0.1680,0.2939,0.0427,3.8386,1.7060,0.4110
5,3,2288,2289,2,2,3,0.4167,2288.467,807.844,240.111,8.5830,11.0000,1.2222,0.5043,4.6915,0.5461,0.2256,0.2283,0.5716,0.7118,4.9046,2.1324,0.7111
8,3,2289,2291,3,3,2,0.4444,2290.274,923.919,719.468,9.3485,10.0000,1.2903,0.5481,4.2648,0.4281,0.3090,0.2629,0.6346,0.1550,3.4118,0.4265,0.4839
6,3,2289,2291,3,3,2,0.3333,2289.815,959.056,1085.870,9.4020,13.0000,1.4444,0.2328,5.5442,0.5384,0.1347,0.3269,0.8322,0.1385,4.0516,1.7059,0.6111
4,3,2290,2291,2,1,2,1.0000,2290.459,652.000,859.541,7.8898,10.0000,1.0811,0.7094,4.2648,0.0000,0.7500,0.2500,0.0000,0.0000,4.6912,0.8529,0.8108
6,3,2294,2296,3,2,2,0.5000,2294.717,1042.868,624.491,9.2271,10.0000,1.1321,0.8787,4.2645,0.6373,0.1269,0.2358,0.8795,0.0724,4.4776,1.2794,0.5660
9,3,2295,2297,3,3,4,0.2500,2295.658,1010.986,569.027,10.3767,10.0000,1.2329,1.2199,4.2644,0.7963,0.0995,0.1042,0.4805,0.2459,3.8380,1.7057,0.4110
8,3,2297,2300,4,2,3,0.3333,2298.718,658.324,855.761,10.7042,12.0000,1.3521,1.0952,5.1171,0.8109,0.0729,0.1162,0.8092,0.2180,4.0510,1.7057,0.4789
4,3,2301,2303,3,1,2,0.6667,2301.854,919.000,924.854,8.7415,15.0000,1.4634,0.2070,6.3962,0.7500,0.1500,0.1000,0.9487,0.0000,4.6906,1.4925,0.8537
6,3,2302,2303,2,2,2,0.7500,2302.328,672.448,1040.241,10.0968,14.0000,1.4483,0.6054,5.9698,0.2000,0.3333,0.4667,0.7071,0.7071,4.4773,1.0660,0.6034
4,3,2303,2304,2,2,1,1.0000,2303.452,706.595,1003.000,8.9547,13.0000,1.2381,0.6070,5.5434,0.0000,0.7500,0.2500,1.0000,0.0000,5.1170,1.7057,0.8333
4,3,2304,2306,3,1,2,0.6667,2304.923,905.000,905.462,8.3150,11.0000,1.1282,1.0320,4.6905,0.7576,0.1294,0.1129,0.8507,0.0000,4.6905,1.7056,0.7949
7,3,2307,2308,2,2,3,0.5833,2307.607,1086.875,765.946,9.0254,10.0000,1.2500,0.6222,4.2641,0.4600,0.2645,0.2756,0.0000,0.3827,3.4113,1.7056,0.5357
7,3,2311,2312,2,3,2,0.5833,2311.500,599.297,930.234,10.3150,13.0000,1.4219,0.8940,5.5434,0.3883,0.1309,0.4808,0.3626,0.5691,3.8378,1.2793,0.5625
3,3,2311,2312,2,1,2,0.7500,2311.667,701.000,1027.667,7.3858,10.0000,1.0000,0.7454,4.2642,0.5333,0.2667,0.2000,0.7071,0.0000,3.8378,0.8528,1.0000
3,3,2313,2314,2,1,2,0.7500,2313.323,808.000,407.323,7.6321,11.0000,1.0645,0.4562,4.6907,0.5333,0.2667,0.2000,0.7071,0.0000,4.6907,1.9189,1.0000
6,3,2313,2315,3,3,1,0.6667,2314.038,1067.170,662.000,9.2267,11.0000,1.2453,0.1740,4.6907,0.6944,0.2222,0.0833,0.8000,0.0000,4.2643,1.2793,0.6038
4,3,2316,2317,2,2,2,0.5000,2316.703,565.270,744.838,7.8891,11.0000,1.1892,0.7702,4.6908,0.0000,0.5625,0.4375,0.4459,0.5774,3.8380,0.8529,0.8378
6,3,2316,2318,3,2,2,0.5000,2316.882,584.137,796.314,8.8788,11.0000,1.2941,0.3621,4.6909,0.7074,0.0897,0.2030,0.9140,0.2540,4.0512,0.4264,0.6078
4,3,2317,2319,3,2,1,0.6667,2318.000,1026.150,752.000,8.5289,12.0000,1.2000,0.1500,5.1174,0.5357,0.3214,0.1429,1.0000,0.0000,5.1174,1.7058,0.8500
9,3,2318,2320,3,3,2,0.5000,2319.205,844.782,916.513,11.0878,12.0000,1.3846,0.5718,5.1174,0.5982,0.1155,0.2863,0.7596,0.2944,4.2645,1.4926,0.4359
4,3,2318,2319,2,2,2,0.5000,2318.436,973.256,810.846,8.3158,12.0000,1.2308,0.5286,5.1174,0.5916,0.1015,0.3069,0.7071,0.7071,4.9042,1.7058,0.8462
5,3,2319,2321,3,2,2,0.4167,2320.196,975.130,882.239,8.7731,12.0000,1.3043,0.3354,5.1175,0.6489,0.0995,0.2515,0.9362,0.2726,3.8382,0.8529,0.7174
7,3,2321,2323,3,2,2,0.5833,2322.071,1108.464,1048.875,9.0267,11.0000,1.3750,0.4861,4.6912,0.4600,0.2645,0.2756,1.0000,0.0000,3.4118,1.7059,0.5536
5,3,2322,2323,2,2,2,0.6250,2322.422,886.400,784.867,8.5826,11.0000,1.2222,0.7153,4.6913,0.3432,0.2505,0.4063,0.6059,0.3645,4.6912,1.2794,0.6889
6,3,2325,2327,3,2,2,0.5000,2325.583,943.300,469.850,10.4470,14.0000,1.4000,0.6729,5.9709,0.5034,0.2551,0.2415,0.9677,0.2521,4.4782,1.2795,0.6167
4,3,2326,2327,2,1,3,0.6667,2326.263,792.000,532.316,8.1036,10.0000,1.0526,0.4111,4.2651,0.7500,0.1500,0.1000,0.3162,0.0000,4.6915,0.4265,0.7895
6,3,2327,2329,3,1,3,0.6667,2328.286,866.000,804.750,9.7511,12.0000,1.2857,0.8026,5.1182,0.2083,0.6667,0.1250,0.8944,0.0000,4.2653,1.2796,0.6071
9,3,2327,2330,4,3,2,0.3750,2328.532,1153.143,619.091,10.9474,12.0000,1.4026,1.0132,5.1182,0.6433,0.2178,0.1389,0.6657,0.0154,3.8387,1.2795,0.4286
9,3,2328,2330,3,2,3,0.5000,2329.247,1097.178,668.055,10.3788,11.0000,1.3562,0.3091,4.6918,0.0894,0.6889,0.2218,0.5819,0.3085,3.8387,1.2796,0.4247
6,3,2329,2330,2,3,2,0.5000,2329.509,846.036,728.436,9.5772,12.0000,1.3091,0.6578,5.1184,0.6168,0.1058,0.2774,0.5000,0.5000,4.2653,1.2796,0.6000
5,3,2340,2342,3,2,1,0.8333,2341.149,960.723,849.000,8.9675,12.0000,1.2766,0.8949,5.1197,0.5854,0.2927,0.1220,0.9487,0.0000,5.1195,1.7065,0.7234
4,3,2340,2341,2,2,1,1.0000,2340.400,1109.600,781.000,8.5326,14.0000,1.4000,0.5657,5.9728,0.0000,0.7500,0.2500,1.0000,0.0000,4.6929,0.8533,0.8500
7,3,2343,2345,3,3,2,0.3889,2343.767,738.567,911.100,9.6758,10.0000,1.1667,0.9586,4.2666,0.6814,0.1697,0.1489,0.7744,0.2769,4.2667,1.2800,0.5000
11,3,2343,2345,3,4,2,0.4583,2344.103,874.557,506.918,12.4785,12.0000,1.3608,0.4625,5.1201,0.5735,0.3035,0.1230,0.5111,0.1505,3.8400,1.2800,0.3608
7,3,2346,2347,2,3,3,0.3889,2346.667,799.800,484.000,9.6764,10.0000,1.1667,1.0414,4.2669,0.6781,0.1136,0.2082,0.1390,0.4984,3.8402,1.2800,0.5000
8,3,2347,2349,3,3,2,0.4444,2347.824,1051.676,596.088,10.2585,13.0000,1.5294,0.3789,5.5471,0.2862,0.4811,0.2328,0.9609,0.1997,3.8403,1.2801,0.5000
8,3,2348,2350,3,3,2,0.4444,2348.712,1112.182,618.727,9.9570,13.0000,1.5758,0.4362,5.5472,0.1920,0.5155,0.2925,0.6187,0.2315,3.4137,1.2801,0.5152
4,3,2351,2352,2,2,2,0.5000,2351.732,547.854,557.585,8.7480,13.0000,1.2683,0.5151,5.5476,0.5916,0.1015,0.3069,0.5000,0.5000,5.1208,1.0669,0.8537
9,3,2352,2354,3,3,4,0.2500,2353.500,965.987,773.316,10.8110,13.0000,1.5395,0.5915,5.5478,0.4316,0.2768,0.2916,0.4450,0.2975,3.4140,1.2803,0.4474
4,3,2354,2355,2,1,2,1.0000,2354.513,740.000,1051.538,8.3218,11.0000,1.1282,0.6899,4.6943,0.0000,0.7500,0.2500,0.0000,0.0000,4.6944,1.4937,0.7949
5,3,2354,2355,2,2,2,0.6250,2354.395,978.302,327.628,8.2066,10.0000,1.1628,0.8012,4.2676,0.2938,0.4054,0.3007,0.7071,0.6739,4.6943,1.2803,0.6977
9,3,2355,2358,4,3,3,0.2500,2356.889,669.250,302.736,10.2427,10.0000,1.2500,1.1926,4.2678,0.6880,0.1041,0.2079,0.8524,0.5213,3.8410,1.2803,0.4167
6,3,2355,2357,3,1,3,0.6667,2355.667,802.000,863.870,9.4083,12.0000,1.3333,0.3577,5.1213,0.2083,0.6667,0.1250,0.8944,0.0000,4.4810,1.7071,0.5926
7,3,2357,2359,3,3,2,0.3889,2358.000,776.618,842.309,8.8721,11.0000,1.4000,0.9271,4.6947,0.5170,0.0882,0.3949,0.4423,0.4828,3.4143,1.9206,0.5636
5,3,2358,2359,2,2,2,0.6250,2358.591,809.864,1104.386,8.3982,11.0000,1.2500,0.7191,4.6947,0.3432,0.2505,0.4063,0.6059,0.3645,4.6948,1.2804,0.7045
5,3,2363,2365,3,2,2,0.4167,2364.163,889.837,514.233,8.2082,10.0000,1.1628,0.3272,4.2685,0.7958,0.0325,0.1718,0.9294,0.3690,4.6952,2.1342,0.6977
4,3,2364,2365,2,2,1,1.0000,2364.450,1202.425,883.000,8.5368,12.0000,1.2000,0.6190,5.1221,0.0000,0.7500,0.2500,1.0000,0.0000,4.9087,0.8537,0.8250
7,3,2366,2368,3,2,2,0.5833,2367.053,486.105,1178.368,9.1963,10.0000,1.2281,1.1202,4.2687,0.5916,0.2044,0.2040,0.9664,0.1591,4.2686,1.2806,0.5263
6,3,2366,2368,3,1,3,0.6667,2366.712,493.000,1014.635,9.0618,11.0000,1.2692,0.4655,4.6955,0.6061,0.3030,0.0909,0.7071,0.0000,4.2686,1.2806,0.5962
9,3,2367,2369,3,2,3,0.5000,2368.247,649.301,615.260,10.3872,14.0000,1.7260,0.8522,5.9763,0.1686,0.4375,0.3939,0.8610,0.0555,3.4149,1.7075,0.4795
6,4,2368,2370,3,2,3,0.3333,2368.839,831.518,901.018,9.7592,12.0000,1.2857,0.9681,5.1224,0.6378,0.1768,0.1854,0.7170,0.4222,4.6957,0.8538,0.7679
7,3,2368,2370,3,3,1,0.7778,2369.034,1053.103,568.000,9.3580,12.0000,1.4483,0.1090,5.1225,0.6076,0.3038,0.0886,0.7071,0.0000,3.8419,1.0672,0.5517
6,3,2369,2371,3,2,2,0.5000,2369.827,1019.538,1156.865,9.0623,11.0000,1.2692,0.5814,4.6957,0.3810,0.3333,0.2857,0.9487,0.1690,4.0554,1.4941,0.6154
3,3,2369,2371,3,1,1,1.0000,2370.000,1039.000,923.000,7.3939,10.0000,1.0000,1.0000,4.2689,0.8889,0.0000,0.1111,1.0000,0.0000,4.6958,1.2807,1.0000
4,3,2370,2373,4,1,1,1.0000,2371.707,792.000,928.000,8.7514,13.0000,1.2683,0.2927,5.5497,0.9375,0.0000,0.0625,1.0000,0.0000,5.1228,1.2807,0.8537
6,3,2372,2374,3,2,2,0.5000,2373.020,932.745,577.255,8.8885,11.0000,1.2941,0.3610,4.6961,0.1333,0.2667,0.6000,1.0000,0.0000,4.0556,1.7076,0.6275
4,3,2373,2374,2,1,2,1.0000,2373.450,735.000,1211.550,8.5383,12.0000,1.2000,0.7106,5.1230,0.0000,0.7500,0.2500,0.0000,0.0000,5.5498,1.7076,0.8500
15,3,2374,2378,5,4,4,0.1875,2376.041,806.385,499.557,13.4485,13.0000,1.5984,0.6788,5.5501,0.8645,0.0175,0.1181,0.7624,0.4596,3.4155,1.7077,0.3607
5,3,2374,2376,3,2,1,0.8333,2375.227,817.477,569.000,8.4008,11.0000,1.2500,0.5286,4.6962,0.5854,0.2927,0.1220,0.9487,0.0000,4.6963,1.7077,0.7273
5,3,2375,2377,3,2,2,0.4167,2375.978,516.133,649.489,8.5919,11.0000,1.2222,0.5072,4.6963,0.7729,0.0435,0.1836,0.8328,0.5477,5.1232,1.7077,0.7333
6,3,2376,2378,3,2,1,1.0000,2377.115,409.500,666.000,9.0635,10.0000,1.1538,0.5131,4.2695,0.5556,0.3333,0.1111,1.0000,0.0000,4.4829,1.4943,0.5769
5,3,2377,2379,3,2,1,0.8333,2378.250,1185.583,951.000,9.1650,11.0000,1.1458,0.6346,4.6964,0.5854,0.2927,0.1220,0.9487,0.0000,4.6965,0.8539,0.6667
4,3,2378,2380,3,2,1,0.6667,2379.024,1220.805,682.000,8.7526,12.0000,1.1707,0.1966,5.1235,0.5357,0.3214,0.1429,1.0000,0.0000,4.9100,1.2809,0.8049
7,3,2379,2381,3,3,2,0.3889,2380.172,1222.312,511.578,10.3282,12.0000,1.3125,0.9146,5.1236,0.5973,0.2271,0.1757,0.3192,0.0793,4.2697,1.2809,0.5000
10,5,2380,2382,3,3,2,0.5556,2380.908,883.575,1068.759,11.7467,12.0000,1.3793,1.1965,5.1237,0.3119,0.3463,0.3417,0.9800,0.0334,4.2697,1.2809,0.6092
9,3,2382,2384,3,2,3,0.5000,2382.833,889.250,703.069,10.2476,12.0000,1.5000,0.3084,5.1238,0.5576,0.0711,0.3713,0.5574,0.0816,3.4158,1.2809,0.4444
9,3,2385,2388,4,2,2,0.5625,2386.506,533.924,808.532,11.2447,11.0000,1.2532,0.7381,4.6971,0.7189,0.1456,0.1355,0.9983,0.0383,4.2702,1.0675,0.5190
4,3,2385,2388,4,1,1,1.0000,2386.341,815.000,857.000,8.7537,14.0000,1.3659,0.3415,5.9781,0.9375,0.0000,0.0625,1.0000,0.0000,4.6971,1.2810,0.8293
10,3,2385,2388,4,3,2,0.4167,2386.622,1031.366,1132.293,11.0728,12.0000,1.4634,1.0224,5.1242,0.5797,0.2515,0.1688,0.7749,0.0303,3.8431,0.8540,0.3902
6,3,2385,2387,3,2,3,0.3333,2386.111,1067.889,766.315,9.4136,13.0000,1.4444,1.1278,5.5512,0.5384,0.1347,0.3269,0.5521,0.1164,4.0566,1.2811,0.6481
5,3,2385,2387,3,2,1,0.8333,2385.755,1082.571,899.000,9.3572,12.0000,1.2245,0.4936,5.1241,0.5854,0.2927,0.1220,0.9487,0.0000,4.6970,1.7080,0.6735
3,3,2385,2386,2,1,2,0.7500,2385.722,1093.000,839.333,8.8752,14.0000,1.1667,0.4339,5.9781,0.5333,0.2667,0.2000,0.7071,0.0000,5.5511,2.1350,1.0000
6,4,2387,2389,3,3,1,0.6667,2388.241,1183.172,634.000,10.1113,14.0000,1.4483,0.2966,5.9783,0.6944,0.2222,0.0833,0.6000,0.0000,4.6974,1.4946,0.7931
5,3,2388,2389,2,2,2,0.6250,2388.422,760.133,427.600,8.5938,11.0000,1.2222,0.7153,4.6974,0.3432,0.2505,0.4063,0.6059,0.3645,4.6973,0.4270,0.6889
7,3,2390,2392,3,3,2,0.3889,2390.559,573.000,747.475,9.5231,12.0000,1.4237,0.6858,5.1246,0.4756,0.1856,0.3387,0.8983,0.4394,4.2705,1.4946,0.5424
5,3,2390,2391,2,2,2,0.6250,2390.587,1020.609,765.870,8.7851,11.0000,1.1957,0.7174,4.6975,0.3432,0.2505,0.4063,0.6059,0.3645,4.6975,1.7081,0.6957
5,3,2391,2392,2,2,2,0.6250,2391.628,944.860,594.488,8.2123,11.0000,1.2791,0.6478,4.6976,0.3432,0.2505,0.4063,0.6059,0.3645,5.1246,1.7082,0.7209
7,3,2392,2394,3,4,1,0.5833,2393.138,558.052,543.000,9.3621,12.0000,1.4483,0.9583,5.1248,0.5992,0.3329,0.0680,0.0000,0.0000,3.4166,1.2812,0.5517
6,3,2392,2394,3,2,2,0.5000,2393.143,721.653,519.673,8.5431,10.0000,1.2245,0.7440,4.2706,0.6381,0.1455,0.2164,0.8019,0.3768,4.0571,1.7083,0.6122
4,3,2392,2393,2,2,1,1.0000,2392.512,731.537,868.000,8.7547,12.0000,1.1707,0.6728,5.1248,0.0000,0.7500,0.2500,1.0000,0.0000,4.6976,1.2812,0.7805
6,3,2392,2394,3,2,3,0.3333,2393.074,960.111,1165.574,9.4148,12.0000,1.3333,0.5894,5.1249,0.8257,0.0455,0.1288,0.7347,0.5428,4.0571,0.8541,0.6296
14,3,2392,2394,3,3,3,0.5185,2393.275,1069.037,758.679,12.4411,14.0000,1.7982,0.4245,5.9789,0.3842,0.2036,0.4123,0.5362,0.5521,3.4165,1.7082,0.3211
6,3,2393,2395,3,3,1,0.6667,2394.392,1183.255,1047.000,8.8920,10.0000,1.1765,0.4677,4.2708,0.2083,0.6667,0.1250,0.8944,0.0000,4.4843,1.7083,0.5882
7,3,2394,2397,4,3,2,0.2917,2395.767,891.433,775.283,9.6854,10.0000,1.1667,0.5679,4.2709,0.3202,0.5165,0.1633,0.9330,0.3387,4.2708,1.7083,0.5000
7,4,2394,2396,3,3,1,0.7778,2395.154,943.954,840.000,10.4924,14.0000,1.5077,0.1606,5.9791,0.1247,0.7481,0.1273,0.0000,0.0000,4.6979,0.2136,0.7077
5,3,2395,2397,3,2,2,0.4167,2395.841,975.227,1048.136,8.4040,11.0000,1.2500,0.3091,4.6980,0.7958,0.0325,0.1718,0.9294,0.3690,4.6979,1.7084,0.7045
10,4,2395,2398,4,3,3,0.2778,2396.667,1027.452,501.298,11.3449,12.0000,1.4286,0.7068,5.1252,0.4554,0.2632,0.2814,0.8143,0.5764,3.8439,1.2813,0.5000
6,3,2398,2400,3,1,3,0.6667,2399.200,726.000,1168.727,9.5903,11.0000,1.2000,1.0812,4.6983,0.4000,0.4800,0.1200,0.7071,0.0000,4.9118,1.2814,0.5636
9,3,2398,2400,3,4,2,0.3750,2399.014,1089.667,519.917,10.2507,11.0000,1.3750,0.3439,4.6982,0.5289,0.3213,0.1498,0.4999,0.2284,3.8440,1.0678,0.4306
5,3,2399,2400,2,2,2,0.6250,2399.417,977.812,977.375,9.1686,11.0000,1.1458,0.5911,4.6982,0.3432,0.2505,0.4063,0.6059,0.3645,4.6983,1.4949,0.6458
5,3,2401,2403,3,1,2,0.8333,2402.209,569.000,676.535,8.2140,10.0000,1.1628,0.5744,4.2715,0.5854,0.2927,0.1220,0.9487,0.0000,4.6985,1.2814,0.6977
6,3,2401,2402,2,2,2,0.7500,2401.474,887.719,1064.333,9.9394,12.0000,1.2632,0.6436,5.1255,0.2000,0.3333,0.4667,0.0000,0.0000,4.4849,1.2814,0.5614
3,3,2403,2405,3,1,1,1.0000,2403.969,1009.000,447.000,7.8918,11.0000,1.0312,0.9688,4.6987,0.8889,0.0000,0.1111,1.0000,0.0000,5.1258,0.8543,1.0000
7,3,2404,2406,3,3,2,0.3889,2404.831,1010.000,763.385,10.4944,12.0000,1.2923,0.9155,5.1258,0.7348,0.1163,0.1489,0.5363,0.2107,4.2716,1.7086,0.5077
8,3,2404,2405,2,2,2,1.0000,2404.554,1034.492,495.554,9.8165,10.0000,1.2308,0.8650,4.2716,0.0000,0.0000,1.0000,0.0000,1.0000,3.8445,0.8543,0.4615
24,8,2406,2408,3,3,7,0.3810,2406.712,567.009,852.183,19.0962,18.0000,1.9726,1.0842,7.6891,0.8056,0.0333,0.1611,0.2098,0.8065,3.8446,0.8543,0.4840
6,3,2407,2410,4,2,2,0.3750,2408.429,863.653,1047.878,8.5456,10.0000,1.2245,0.7907,4.2720,0.8076,0.0500,0.1424,0.9217,0.3087,4.4854,2.1359,0.6122
8,3,2407,2409,3,3,2,0.4444,2408.119,946.791,714.119,10.1193,11.0000,1.3134,1.1897,4.6992,0.5543,0.2671,0.1786,0.6101,0.1606,3.8447,1.4952,0.4627
9,3,2415,2417,3,3,2,0.5000,2415.686,787.757,556.743,9.9693,12.0000,1.5429,0.4732,5.1271,0.2589,0.2318,0.5093,0.7997,0.0731,3.4180,0.8545,0.4571
6,3,2417,2420,4,2,2,0.3750,2418.078,808.118,530.196,8.8962,11.0000,1.2941,0.2417,4.7000,0.8087,0.0589,0.1324,0.9827,0.1690,4.2728,1.2818,0.6078
4,3,2417,2418,2,2,2,0.5000,2417.263,1032.684,1010.158,8.1181,12.0000,1.2632,0.7499,5.1272,0.0000,0.5625,0.4375,0.4459,0.5774,4.7000,1.7091,0.8421
7,3,2418,2421,4,2,2,0.4375,2419.459,917.557,885.115,9.8515,12.0000,1.3770,0.7083,5.1275,0.6625,0.1752,0.1623,0.9597,0.1934,4.2729,1.2818,0.5410
3,3,2419,2420,2,1,2,0.7500,2419.286,1031.000,725.314,8.6343,14.0000,1.2000,0.4247,5.9820,0.5333,0.2667,0.2000,0.7071,0.0000,5.1274,1.2819,1.0000
4,3,2420,2422,3,2,1,0.6667,2421.081,639.270,436.000,7.9051,10.0000,1.0811,0.2822,4.2731,0.5357,0.3214,0.1429,1.0000,0.0000,3.8458,0.8546,0.8108
7,3,2420,2422,3,2,3,0.3889,2421.344,876.869,751.066,9.8519,11.0000,1.2623,0.3742,4.7004,0.1917,0.4720,0.3362,0.9296,0.1173,3.8457,1.2819,0.5246
16,3,2421,2424,4,2,7,0.2857,2422.740,621.520,669.894,13.1401,11.0000,1.4309,0.5558,4.7005,0.7257,0.1842,0.0901,0.1371,0.1741,3.4186,1.2819,0.2520
3,3,2422,2423,2,2,1,0.7500,2422.656,1023.656,705.000,7.8948,11.0000,1.0312,0.7408,4.7005,0.5333,0.2667,0.2000,0.7071,0.0000,5.1278,2.1365,1.0000
7,3,2423,2425,3,2,2,0.5833,2423.825,990.413,741.349,10.1755,13.0000,1.4444,0.7052,5.5553,0.5352,0.1763,0.2885,0.8018,0.5745,4.2733,1.2820,0.5397
5,3,2424,2425,2,2,2,0.6250,2424.386,962.705,1185.250,8.4088,11.0000,1.2500,0.8939,4.7006,0.3432,0.2505,0.4063,0.6059,0.3645,4.7007,1.4957,0.7045
6,3,2425,2427,3,2,2,0.5000,2426.291,645.127,1058.473,9.5956,13.0000,1.4182,0.6155,5.5555,0.6373,0.1269,0.2358,0.8795,0.0724,4.0599,1.2820,0.6364
8,4,2427,2429,3,2,3,0.4444,2428.099,589.775,494.254,10.7279,12.0000,1.3521,0.3532,5.1284,0.7384,0.0761,0.1855,0.5910,0.0000,4.4874,1.4958,0.6056
3,3,2427,2429,3,1,1,1.0000,2427.972,873.000,964.000,8.8827,13.0000,1.0833,0.0278,5.5558,0.8889,0.0000,0.1111,1.0000,0.0000,5.9830,2.1368,1.0000
3,3,2427,2428,2,1,2,0.7500,2427.645,923.000,861.323,7.6489,11.0000,1.0645,0.7213,4.7009,0.5333,0.2667,0.2000,0.7071,0.0000,4.7010,1.9231,1.0000
6,4,2429,2431,3,2,2,0.5000,2430.322,1000.102,769.458,10.2943,13.0000,1.3220,0.5687,5.5560,0.6373,0.1269,0.2358,0.8795,0.0724,4.9150,1.7095,0.7627
6,3,2431,2432,2,3,1,1.0000,2431.444,1040.926,372.000,9.4222,12.0000,1.3333,0.4506,5.1287,0.5556,0.3333,0.1111,0.0000,0.0000,4.2740,1.2822,0.5926
5,3,2431,2433,3,2,1,0.8333,2432.167,1331.729,740.000,9.1748,13.0000,1.3542,0.3180,5.5562,0.5854,0.2927,0.1220,0.9487,0.0000,4.7014,0.4274,0.7292
7,3,2432,2435,4,2,3,0.2917,2433.117,1012.383,525.367,9.6928,12.0000,1.4000,1.2363,5.1288,0.4729,0.3823,0.1448,0.8170,0.3450,3.8467,2.1371,0.5333
8,3,2434,2436,3,4,1,0.6667,2434.783,907.565,477.000,10.4272,13.0000,1.5072,0.6056,5.5566,0.6120,0.3152,0.0728,0.3310,0.0000,3.8468,1.7097,0.4928
6,3,2434,2436,3,2,2,0.5000,2435.275,1033.118,694.490,8.8994,10.0000,1.1765,0.5740,4.2744,0.3810,0.3333,0.2857,0.9487,0.1690,4.4880,1.9235,0.5882
3,3,2435,2437,3,1,1,1.0000,2435.943,768.000,980.000,8.6374,13.0000,1.1143,0.0571,5.5567,0.8889,0.0000,0.1111,1.0000,0.0000,5.5566,0.6411,1.0000
8,3,2435,2438,4,2,3,0.3333,2437.090,878.896,776.627,10.1254,12.0000,1.4328,0.3977,5.1294,0.7037,0.1534,0.1429,0.8844,0.0834,3.6334,1.2823,0.4925
6,3,2435,2436,2,2,2,0.7500,2435.560,1068.400,699.280,8.7250,10.0000,1.2000,0.8672,4.2744,0.2000,0.3333,0.4667,0.0000,0.0000,4.2743,1.0686,0.6000
5,3,2435,2437,3,2,2,0.4167,2436.043,1176.522,673.870,8.7932,12.0000,1.3043,0.5396,5.1293,0.5461,0.2256,0.2283,0.8117,0.4177,4.7019,1.2823,0.6957
9,4,2439,2441,3,3,3,0.3333,2439.961,776.092,558.526,10.8294,11.0000,1.3026,0.5358,4.7022,0.2799,0.0878,0.6323,0.2478,0.6623,4.2747,1.2824,0.5526
4,3,2439,2441,3,1,2,0.6667,2439.875,1129.000,649.150,8.5495,13.0000,1.3000,0.1953,5.5572,0.7500,0.1500,0.1000,0.9487,0.0000,4.9160,1.2824,0.8500
6,3,2439,2440,2,2,2,0.7500,2439.490,1156.392,876.725,8.9002,10.0000,1.1765,0.6852,4.2747,0.2000,0.3333,0.4667,0.0000,0.0000,3.4198,0.0000,0.5882
3,3,2441,2442,2,2,1,0.7500,2441.375,1155.688,670.000,7.8979,12.0000,1.1250,0.6988,5.1299,0.5333,0.2667,0.2000,0.7071,0.0000,4.7023,1.2825,1.0000
10,3,2443,2445,3,3,2,0.5556,2444.415,601.659,1135.634,11.0857,12.0000,1.4634,0.6499,5.1301,0.0188,0.4500,0.5313,0.8944,0.1826,3.8477,1.7100,0.3902
4,3,2443,2445,3,2,1,0.6667,2444.111,755.278,1104.000,7.6952,10.0000,1.1111,0.2992,4.2752,0.5357,0.3214,0.1429,1.0000,0.0000,4.7026,1.7100,0.8333
6,3,2443,2445,3,1,3,0.6667,2443.673,863.000,751.308,9.0755,11.0000,1.2692,0.7401,4.7026,0.6061,0.3030,0.0909,0.7071,0.0000,4.0614,0.8550,0.6154
7,3,2444,2446,3,2,2,0.5833,2445.088,1041.281,560.368,9.2105,10.0000,1.2281,0.4714,4.2753,0.4296,0.3471,0.2233,0.9305,0.2273,3.8477,1.2825,0.5263
3,3,2445,2446,2,1,2,0.7500,2445.667,632.000,1036.333,7.4049,10.0000,1.0000,0.7454,4.2753,0.5333,0.2667,0.2000,0.7071,0.0000,4.7028,0.4275,1.0000
7,3,2445,2446,2,4,2,0.4375,2445.708,1045.446,497.908,10.5033,12.0000,1.2923,0.6330,5.1303,0.6673,0.1280,0.2047,0.0387,0.3588,4.7027,1.2826,0.5077
7,3,2447,2449,3,3,1,0.7778,2447.594,864.922,460.000,10.3421,13.0000,1.4219,1.0965,5.5580,0.1247,0.7481,0.1273,0.0000,0.0000,3.8479,1.2826,0.5625
5,3,2449,2450,2,2,2,0.6250,2449.614,1038.864,1073.386,8.4132,11.0000,1.2500,0.7378,4.7032,0.3432,0.2505,0.4063,0.6059,0.3645,4.7032,1.7102,0.7273
4,3,2450,2451,2,2,1,1.0000,2450.436,925.564,749.000,8.3375,12.0000,1.2308,0.6165,5.1307,0.0000,0.7500,0.2500,1.0000,0.0000,4.7032,0.6413,0.8205
7,3,2451,2453,3,3,1,0.7778,2452.133,1122.650,600.000,9.6966,11.0000,1.2833,0.3745,4.7034,0.1247,0.7481,0.1273,1.0000,0.0000,4.2758,1.2827,0.5333
8,3,2453,2456,4,2,3,0.3333,2454.464,1177.449,913.841,10.4313,14.0000,1.6232,0.6651,5.9863,0.6649,0.1327,0.2024,0.8306,0.5104,3.6346,1.4966,0.5217
7,3,2455,2458,4,2,2,0.4375,2456.742,607.226,974.468,10.0207,13.0000,1.4677,0.6332,5.5590,0.7141,0.0654,0.2206,0.9180,0.3952,3.8486,1.7104,0.5323
4,3,2455,2456,2,2,1,1.0000,2455.571,793.429,1004.000,8.9797,12.0000,1.1429,0.7143,5.1313,0.0000,0.7500,0.2500,1.0000,0.0000,5.5589,1.2828,0.8571
4,3,2457,2458,2,2,2,0.5000,2457.725,1139.575,878.150,8.5525,12.0000,1.2000,0.5280,5.1315,0.5916,0.1015,0.3069,0.5000,0.5000,4.2762,1.2829,0.8500
3,3,2458,2460,3,1,1,1.0000,2459.032,866.000,976.000,7.6537,11.0000,1.0645,0.9677,4.7041,0.8889,0.0000,0.1111,1.0000,0.0000,4.7040,1.2829,1.0000
8,3,2458,2460,3,4,1,0.6667,2459.224,1300.627,741.000,10.1299,11.0000,1.3134,0.6656,4.7040,0.5011,0.4179,0.0810,0.1222,0.0000,3.6350,1.7105,0.4627
4,3,2459,2461,3,1,2,0.6667,2459.872,905.000,868.154,8.3390,12.0000,1.2308,0.2003,5.1317,0.7500,0.1500,0.1000,0.9487,0.0000,4.9179,2.1382,0.8462
9,3,2460,2463,4,2,3,0.3750,2461.384,842.384,1145.247,10.4062,12.0000,1.4795,0.7668,5.1318,0.7892,0.0551,0.1557,0.9075,0.0899,3.8489,1.4967,0.4521
5,3,2461,2462,2,2,2,0.6250,2461.644,819.867,569.489,8.6064,12.0000,1.3333,0.6367,5.1319,0.3432,0.2505,0.4063,0.6059,0.3645,4.7042,1.7106,0.7333
12,4,2462,2464,3,4,3,0.3333,2462.778,699.636,891.949,12.2221,15.0000,1.8182,0.4291,6.4150,0.6732,0.1697,0.1571,0.2931,0.2136,2.9937,1.7106,0.5051
5,3,2463,2465,3,1,2,0.8333,2464.271,769.000,1022.417,9.1806,11.0000,1.1458,0.6431,4.7045,0.5854,0.2927,0.1220,0.9487,0.0000,4.7044,0.4277,0.6667
6,3,2464,2466,3,1,3,0.6667,2464.922,557.000,1194.922,8.9046,10.0000,1.1765,0.1109,4.2769,0.4000,0.4800,0.1200,0.7071,0.0000,4.0630,0.4277,0.5882
4,3,2464,2465,2,2,1,1.0000,2464.513,1223.487,813.000,8.3397,10.0000,1.0256,0.7073,4.2768,0.0000,0.7500,0.2500,1.0000,0.0000,4.7044,0.8553,0.7692
4,3,2465,2466,2,2,1,1.0000,2465.500,1015.475,531.000,8.5537,11.0000,1.1000,0.6897,4.7045,0.0000,0.7500,0.2500,1.0000,0.0000,5.1322,1.7107,0.7750
6,3,2465,2467,3,3,1,0.6667,2466.278,1128.185,1024.000,9.4286,11.0000,1.2222,0.3338,4.7046,0.2083,0.6667,0.1250,0.8944,0.0000,4.4907,1.2830,0.5741
7,3,2467,2470,4,2,2,0.4375,2468.368,742.754,904.526,9.2145,11.0000,1.3509,0.8580,4.7048,0.7764,0.0638,0.1598,0.8790,0.1860,3.8493,1.2831,0.5439
11,3,2467,2469,3,4,2,0.4583,2467.912,749.813,966.769,11.7351,12.0000,1.4505,0.3096,5.1324,0.6061,0.1862,0.2077,0.2759,0.2963,4.2770,1.7108,0.3846
4,3,2468,2469,2,2,1,1.0000,2468.462,817.410,526.000,8.3403,12.0000,1.2308,0.6769,5.1325,0.0000,0.7500,0.2500,1.0000,0.0000,4.9186,1.4970,0.8462
7,3,2469,2470,2,3,3,0.3889,2469.291,815.018,1011.273,8.8913,10.0000,1.2727,0.3992,4.2772,0.6781,0.1136,0.2082,0.1390,0.4984,3.4217,1.2831,0.5455
6,4,2469,2471,3,2,1,1.0000,2469.931,860.500,685.000,10.1276,12.0000,1.2414,1.0568,5.1325,0.5556,0.3333,0.1111,1.0000,0.0000,4.7049,1.7108,0.7241
6,3,2471,2472,2,2,3,0.5000,2471.333,866.882,1114.059,8.9055,10.0000,1.1765,0.3583,4.2773,0.7074,0.0897,0.2030,0.3047,0.0847,4.2772,1.2832,0.5882
9,3,2473,2474,2,3,2,0.7500,2473.359,709.115,909.667,11.1212,12.0000,1.3846,0.5033,5.1328,0.4875,0.0908,0.4217,0.1726,0.4810,3.8497,1.2832,0.4359
9,4,2474,2477,4,3,3,0.2500,2475.706,923.318,978.859,12.1197,15.0000,1.5882,0.7563,6.4163,0.1608,0.6155,0.2237,0.7841,0.1722,4.2776,1.2833,0.5529
5,3,2474,2476,3,2,1,0.8333,2474.889,1040.400,1038.000,8.6083,10.0000,1.1111,0.4151,4.2776,0.5854,0.2927,0.1220,0.9487,0.0000,4.7052,0.8555,0.6667
4,3,2475,2476,2,1,3,0.6667,2475.436,698.000,967.897,8.3412,12.0000,1.2308,0.4478,5.1330,0.7576,0.1294,0.1129,0.5257,0.0000,4.9192,1.2833,0.8462
4,3,2478,2479,2,2,1,1.0000,2478.450,873.500,612.000,8.5554,12.0000,1.2000,0.6727,5.1332,0.0000,0.7500,0.2500,1.0000,0.0000,5.1332,1.7111,0.8000
8,3,2479,2481,3,3,3,0.2963,2480.016,721.159,886.032,9.5284,10.0000,1.2698,1.0287,4.2778,0.4978,0.0612,0.4410,0.9122,0.0000,3.6362,1.7111,0.4762
6,3,2480,2481,2,2,2,0.7500,2480.434,927.755,664.434,9.2560,13.0000,1.4717,0.7542,5.5612,0.2000,0.3333,0.4667,0.0000,0.0000,4.0640,0.8556,0.6415
4,4,2481,2482,2,2,1,1.0000,2481.512,683.465,612.000,9.1975,12.0000,1.1163,0.6744,5.1335,0.0000,0.7500,0.2500,1.0000,0.0000,4.9196,1.4972,1.0000
7,3,2483,2485,3,3,1,0.7778,2483.708,1115.954,937.000,10.5101,13.0000,1.4000,0.2959,5.5615,0.4747,0.4312,0.0941,0.5071,0.0000,4.2780,1.2834,0.5231
4,3,2484,2485,2,2,2,0.5000,2484.756,1041.244,869.854,8.7701,15.0000,1.4634,0.3747,6.4172,0.0000,0.5625,0.4375,0.4459,0.5774,4.7059,1.7112,0.8537
6,3,2491,2492,2,4,1,0.7500,2491.328,1122.517,893.000,10.1306,13.0000,1.3448,0.6123,5.5619,0.6944,0.2222,0.0833,0.0000,0.0000,4.9202,0.4279,0.6552
10,3,2494,2495,2,3,3,0.5556,2494.480,902.320,928.827,10.1475,10.0000,1.3333,0.6024,4.2786,0.4466,0.1385,0.4150,0.0655,0.8872,3.8507,1.7114,0.4000
4,3,2496,2498,3,2,1,0.6667,2496.821,1072.179,899.000,8.3434,12.0000,1.2308,0.2538,5.1344,0.7500,0.1500,0.1000,0.9487,0.0000,4.7065,0.8557,0.8205
4,3,2497,2498,2,3,1,0.6667,2497.575,706.825,981.000,8.5574,13.0000,1.3000,0.9280,5.5623,0.7576,0.1294,0.1129,0.5257,0.0000,4.9205,0.8558,0.8500
10,3,2497,2500,4,3,3,0.2778,2498.174,813.616,929.105,11.6362,13.0000,1.5116,0.6490,5.5623,0.5511,0.2146,0.2343,0.8367,0.1067,4.0647,1.0697,0.3953
6,3,2498,2499,2,2,3,0.5000,2498.531,535.143,791.286,8.5592,10.0000,1.2245,0.9012,4.2787,0.3810,0.3333,0.2857,0.3162,0.5071,4.0648,1.9254,0.6122
4,3,2499,2500,2,3,1,0.6667,2499.262,1250.905,677.000,8.9853,13.0000,1.2381,0.2787,5.5623,0.5357,0.3214,0.1429,0.0000,0.0000,5.1345,1.4976,0.8333
5,3,2500,2502,3,1,2,0.8333,2500.771,769.000,785.562,9.1849,11.0000,1.1458,0.9542,4.7067,0.5854,0.2927,0.1220,0.9487,0.0000,4.7067,1.0697,0.6667
5,3,2503,2504,2,1,3,0.8333,2503.372,775.000,1046.767,8.2283,11.0000,1.2791,0.4388,4.7067,0.5854,0.2927,0.1220,0.3162,0.0000,4.7067,1.2837,0.7209
6,3,2506,2507,2,3,2,0.5000,2506.547,1110.547,787.132,9.2584,12.0000,1.3585,0.7224,5.1347,0.6373,0.1269,0.2358,0.4046,0.4063,4.2789,0.8558,0.6415
4,3,2507,2508,2,1,2,1.0000,2507.525,949.000,608.600,8.5579,13.0000,1.3000,0.6600,5.5626,0.0000,0.7500,0.2500,0.0000,0.0000,4.9208,1.2837,0.8500
10,3,2508,2510,3,2,3,0.5556,2508.610,894.571,798.338,10.4191,11.0000,1.4286,0.9975,4.7069,0.2818,0.2486,0.4696,0.7071,0.4082,3.4232,1.2837,0.4026
5,3,2508,2509,2,2,2,0.6250,2508.388,1059.816,559.408,9.3767,11.0000,1.1224,0.5922,4.7069,0.3432,0.2505,0.4063,0.6059,0.3645,5.1347,1.7116,0.6327
5,3,2510,2512,3,1,2,0.8333,2511.319,581.000,1021.383,8.9941,12.0000,1.2766,0.4985,5.1348,0.5854,0.2927,0.1220,0.9487,0.0000,4.7069,1.2837,0.7021
5,3,2510,2511,2,3,1,0.8333,2510.596,1244.681,828.000,8.9940,11.0000,1.1702,0.7918,4.7069,0.5854,0.2927,0.1220,0.3162,0.0000,4.7069,1.4977,0.6809
3,3,2511,2512,2,2,1,0.7500,2511.355,1237.323,938.000,7.6585,11.0000,1.0645,0.7213,4.7069,0.5333,0.2667,0.2000,0.7071,0.0000,4.7069,0.8558,1.0000
5,3,2512,2514,3,1,2,0.8333,2512.729,830.000,673.458,9.1855,12.0000,1.2500,0.9083,5.1348,0.5854,0.2927,0.1220,0.9487,0.0000,4.7069,1.2837,0.6875
5,3,2512,2513,2,2,2,0.6250,2512.562,888.375,1003.125,9.1855,13.0000,1.3542,0.5896,5.5627,0.3432,0.2505,0.4063,0.6059,0.3645,4.7069,1.4977,0.7083
4,3,2513,2515,3,1,2,0.6667,2514.026,1041.000,722.487,8.3441,10.0000,1.0256,0.4879,4.2790,0.7576,0.1294,0.1129,0.8507,0.0000,4.7069,1.2837,0.7692
4,3,2514,2515,2,1,3,0.6667,2514.447,525.000,892.895,8.1302,11.0000,1.1579,1.0003,4.7069,0.7576,0.1294,0.1129,0.5257,0.0000,4.2790,0.8558,0.8158
5,3,2514,2515,2,2,2,0.6250,2514.535,699.860,607.395,8.2287,10.0000,1.1628,0.6796,4.2790,0.3432,0.2505,0.4063,0.6059,0.3645,4.7069,1.2837,0.6977
6,3,2514,2516,3,2,2,0.5000,2514.902,871.745,717.431,8.9092,11.0000,1.2941,1.0318,4.7069,0.4412,0.1872,0.3716,0.7882,0.6154,4.0651,0.6419,0.6275
5,3,2515,2517,3,2,2,0.4167,2516.021,988.426,1007.872,8.9941,11.0000,1.1702,0.4448,4.7069,0.5461,0.2256,0.2283,0.8117,0.4177,4.7069,0.8558,0.6809
6,3,2519,2520,2,2,2,0.7500,2519.482,1031.714,718.679,9.7827,12.0000,1.2857,0.6461,5.1348,0.2000,0.3333,0.4667,0.0000,0.0000,4.4930,1.4977,0.5714
9,3,2520,2522,3,3,2,0.5000,2520.947,1077.395,1137.303,10.8402,12.0000,1.4211,0.6787,5.1348,0.4635,0.3128,0.2237,0.8462,0.3326,4.7069,1.7116,0.4211
5,3,2520,2521,2,2,2,0.6250,2520.545,1168.523,755.136,8.4200,11.0000,1.2500,0.7060,4.7069,0.3432,0.2505,0.4063,0.6059,0.3645,4.7069,1.2837,0.7045
5,3,2521,2523,3,1,2,0.8333,2522.089,998.000,1059.622,8.6113,11.0000,1.2222,0.3881,4.7069,0.5854,0.2927,0.1220,0.9487,0.0000,4.7069,0.8558,0.6889
4,3,2522,2523,2,3,1,0.6667,2522.256,835.949,517.000,8.3441,11.0000,1.1282,0.2615,4.7069,0.5357,0.3214,0.1429,0.0000,0.0000,4.7069,1.7116,0.7949
4,3,2523,2526,4,1,1,1.0000,2524.395,940.000,842.000,8.1300,11.0000,1.1579,0.6053,4.7069,0.9375,0.0000,0.0625,1.0000,0.0000,4.7069,1.2837,0.8158
6,3,2524,2526,3,2,2,0.5000,2525.417,765.875,1016.458,8.3850,10.0000,1.2500,0.6319,4.2790,0.6373,0.1269,0.2358,0.8795,0.0724,3.8511,1.7116,0.6250
5,3,2526,2528,3,2,2,0.4167,2526.977,1050.523,870.250,8.4198,11.0000,1.2500,0.9145,4.7068,0.1521,0.5234,0.3245,1.0000,0.0000,4.7068,0.8558,0.7045
4,3,2526,2528,3,1,2,0.6667,2527.132,1074.000,713.447,8.1299,11.0000,1.1579,0.5681,4.7068,0.7576,0.1294,0.1129,0.8507,0.0000,4.9207,2.1395,0.8421
7,3,2530,2532,3,2,2,0.5833,2531.403,908.290,1002.613,10.0268,11.0000,1.2419,0.7683,4.7066,0.4600,0.2645,0.2756,0.8571,0.1000,4.2788,1.7115,0.5161
9,4,2530,2531,2,3,3,0.5000,2530.544,1020.886,370.747,11.2676,12.0000,1.3671,0.5336,5.1346,0.5143,0.1395,0.3461,0.1237,0.6392,3.4231,1.7115,0.5696
9,3,2532,2534,3,4,3,0.2500,2532.789,866.987,937.079,10.8395,12.0000,1.4211,0.2252,5.1345,0.8115,0.0787,0.1098,0.5381,0.6885,3.8509,1.7115,0.4605
9,3,2532,2534,3,3,3,0.3333,2532.740,1079.781,824.986,10.4116,11.0000,1.3562,0.8232,4.7066,0.7679,0.0701,0.1620,0.4075,0.0411,3.8508,1.7115,0.4247
7,3,2532,2534,3,4,1,0.5833,2533.492,1296.576,686.000,9.5415,11.0000,1.3051,0.6619,4.7066,0.3766,0.5340,0.0894,0.3052,0.0000,3.8508,1.2836,0.5254
10,3,2533,2536,4,3,3,0.2778,2534.735,798.904,1002.000,11.2301,11.0000,1.3253,1.2687,4.7064,0.8285,0.0628,0.1086,0.8041,0.2077,4.0647,1.4975,0.3735
9,3,2536,2539,4,2,4,0.2812,2537.625,845.736,874.389,10.2684,12.0000,1.5000,0.7820,5.1342,0.6639,0.1775,0.1585,0.7653,0.3095,3.4228,1.2836,0.4722
6,3,2539,2541,3,2,2,0.5000,2540.200,562.120,1154.540,8.7331,11.0000,1.3200,0.9306,4.7061,0.3810,0.3333,0.2857,0.9487,0.1690,4.0645,1.4974,0.6200
6,3,2539,2541,3,2,1,1.0000,2540.038,905.481,696.000,9.0825,10.0000,1.1538,0.4823,4.2784,0.5556,0.3333,0.1111,1.0000,0.0000,4.2783,1.7114,0.5769
6,3,2547,2549,3,2,2,0.5000,2548.173,1010.885,709.635,9.0811,11.0000,1.2692,0.9114,4.7054,0.7074,0.0897,0.2030,0.9140,0.2540,4.4916,0.4278,0.5962
12,4,2547,2551,5,3,3,0.2667,2548.232,1148.979,718.947,11.7312,12.0000,1.5158,1.2329,5.1334,0.7576,0.1140,0.1284,0.9109,0.4101,2.9944,1.4972,0.4737
4,3,2549,2551,3,2,1,0.6667,2549.892,1212.541,629.000,7.9135,11.0000,1.1892,0.5512,4.7053,0.7576,0.1294,0.1129,0.8507,0.0000,4.7053,1.2833,0.8378
5,3,2550,2552,3,2,1,0.8333,2550.652,852.370,506.000,8.7995,12.0000,1.3043,0.7496,5.1330,0.5854,0.2927,0.1220,0.9487,0.0000,4.7053,0.8555,0.7174
8,4,2552,2554,3,2,2,0.6667,2553.151,684.233,515.356,11.0392,13.0000,1.4247,0.4514,5.5604,0.4961,0.2369,0.2670,0.9586,0.0986,4.0634,1.2832,0.6301
5,3,2555,2557,3,2,2,0.4167,2556.457,965.152,410.630,8.7982,11.0000,1.1957,0.6068,4.7046,0.6999,0.1281,0.1720,0.8684,0.1395,4.7044,1.7107,0.6957
9,3,2558,2561,4,2,3,0.3750,2559.096,846.822,941.493,10.4061,12.0000,1.4795,0.5330,5.1318,0.4884,0.2385,0.2731,0.9087,0.0640,3.8488,1.7106,0.4521
6,3,2561,2563,3,2,2,0.5000,2562.207,911.138,1019.500,10.1251,12.0000,1.2414,0.5584,5.1313,0.3810,0.3333,0.2857,0.9487,0.1690,4.9174,1.9242,0.5862
7,3,2561,2563,3,2,4,0.2917,2562.426,1095.885,1144.344,9.8588,11.0000,1.2623,1.4149,4.7037,0.8617,0.0544,0.0840,0.4737,0.2748,4.2760,1.2828,0.5082
7,3,2563,2565,3,3,2,0.3889,2563.847,585.000,558.322,9.5351,12.0000,1.4237,0.3563,5.1310,0.5479,0.1606,0.2915,0.9003,0.3984,3.8483,1.7103,0.5593
3,3,2565,2567,3,1,1,1.0000,2566.000,630.000,664.000,7.6523,11.0000,1.0645,0.0000,4.7031,0.8889,0.0000,0.1111,1.0000,0.0000,4.7033,1.4964,1.0000
6,3,2565,2567,3,1,3,0.6667,2565.644,895.000,1089.814,10.2985,14.0000,1.4237,1.0376,5.9860,0.6944,0.2222,0.0833,0.6000,0.0000,4.7031,1.2826,0.6441
6,3,2566,2567,2,2,2,0.7500,2566.453,865.358,682.245,9.2509,12.0000,1.3585,0.8227,5.1306,0.2000,0.3333,0.4667,0.0000,0.0000,4.4891,1.4964,0.6226
10,3,2567,2570,4,3,2,0.4167,2568.221,575.026,947.299,10.4099,12.0000,1.5584,0.3723,5.1303,0.7928,0.0603,0.1469,0.8023,0.5484,3.4201,1.2825,0.4156
3,3,2567,2569,3,1,1,1.0000,2568.000,665.000,770.000,7.6518,11.0000,1.0645,0.0000,4.7028,0.8889,0.0000,0.1111,1.0000,0.0000,4.7029,1.4964,1.0000
7,3,2568,2570,3,2,2,0.5833,2569.433,842.267,574.500,9.6949,11.0000,1.2833,0.7134,4.7026,0.5694,0.1270,0.3036,0.8963,0.4170,3.4200,0.8550,0.5333
6,3,2569,2570,2,2,3,0.5000,2569.412,938.137,693.843,8.9009,11.0000,1.2941,0.9483,4.7026,0.7074,0.0897,0.2030,0.3047,0.0847,4.4887,1.7100,0.6275
6,3,2571,2574,4,2,2,0.3750,2572.963,879.870,864.556,9.4233,12.0000,1.3333,1.1357,5.1292,0.8688,0.0142,0.1170,0.9156,0.3015,4.0609,1.2824,0.6111
4,3,2571,2574,4,1,1,1.0000,2572.342,912.000,668.000,8.1217,11.0000,1.1579,0.3421,4.7021,0.9375,0.0000,0.0625,1.0000,0.0000,4.9158,1.7098,0.8421
4,3,2572,2574,3,2,1,0.6667,2572.976,1179.548,862.000,8.9764,13.0000,1.2381,0.4530,5.5568,0.7576,0.1294,0.1129,0.8507,0.0000,4.7020,1.4961,0.7857
4,3,2573,2575,3,1,2,0.6667,2574.000,854.000,743.838,7.9075,11.0000,1.1892,0.1622,4.7018,0.5357,0.3214,0.1429,1.0000,0.0000,4.7017,0.8548,0.8378
5,3,2573,2574,2,2,2,0.6250,2573.488,977.372,1120.860,8.2198,11.0000,1.2791,0.6478,4.7018,0.3432,0.2505,0.4063,0.6059,0.3645,4.7018,1.2824,0.7209
8,4,2576,2579,4,2,3,0.3333,2577.746,684.225,1014.141,10.7281,11.0000,1.2394,0.3673,4.7011,0.6485,0.2184,0.1331,0.9205,0.3527,4.4875,1.7095,0.5775
4,3,2576,2577,2,2,1,1.0000,2576.524,1220.619,768.000,8.9753,14.0000,1.3333,0.6477,5.9836,0.0000,0.7500,0.2500,1.0000,0.0000,4.2739,0.8548,0.8571
12,3,2577,2580,4,4,2,0.3750,2578.470,564.890,719.290,12.3370,13.0000,1.5600,0.6141,5.5556,0.7609,0.0992,0.1399,0.5507,0.1936,3.8461,1.7094,0.3500
6,3,2579,2581,3,1,3,0.6667,2579.667,623.000,1258.370,9.4210,12.0000,1.3333,0.4983,5.1281,0.6061,0.3030,0.0909,0.7071,0.0000,4.2736,1.7093,0.6296
6,3,2579,2581,3,2,1,1.0000,2579.943,1124.377,385.000,9.2465,12.0000,1.3585,1.0161,5.1283,0.5556,0.3333,0.1111,1.0000,0.0000,4.0597,0.8547,0.6226
8,3,2583,2585,3,2,3,0.4444,2583.667,573.275,561.043,10.4237,12.0000,1.3913,0.4345,5.1274,0.5871,0.1225,0.2904,0.6652,0.4735,4.0592,1.2819,0.4783
6,3,2583,2585,3,3,2,0.3333,2583.925,1104.981,1002.434,9.2452,12.0000,1.3585,0.5714,5.1274,0.2238,0.4308,0.3454,0.8112,0.5847,4.0592,1.4955,0.6226
5,3,2588,2589,2,2,2,0.6250,2588.729,666.646,544.250,9.1707,12.0000,1.2500,0.5112,5.1265,0.3432,0.2505,0.4063,0.6059,0.3645,5.1265,1.7088,0.7292
6,3,2591,2592,2,3,2,0.5000,2591.404,1087.904,908.308,9.0685,11.0000,1.2692,1.0367,4.6990,0.4412,0.1872,0.3716,0.6154,0.7882,4.4853,1.2816,0.5962
6,3,2600,2602,3,2,2,0.5000,2600.898,803.322,600.153,10.2865,12.0000,1.2203,1.1357,5.1249,0.7074,0.0897,0.2030,0.9140,0.2540,4.2706,0.6406,0.5932
7,3,2600,2602,3,2,2,0.5833,2601.200,996.785,1027.585,10.4919,14.0000,1.5077,0.5089,5.9789,0.3883,0.1309,0.4808,0.9235,0.3259,4.6976,0.8542,0.5385
5,3,2601,2602,2,3,2,0.4167,2601.348,639.565,939.870,8.7854,12.0000,1.3043,0.5719,5.1247,0.6999,0.1281,0.1720,0.4304,0.6887,4.6976,1.2812,0.7174
4,3,2602,2603,2,1,2,1.0000,2602.405,618.000,1063.429,8.9680,13.0000,1.2381,0.5895,5.5517,0.0000,0.7500,0.2500,0.0000,0.0000,5.3381,1.7082,0.8571
4,3,2604,2605,2,2,2,0.5000,2604.474,558.263,895.842,8.1135,12.0000,1.2632,0.6093,5.1243,0.5916,0.1015,0.3069,0.7071,0.7071,4.6974,1.7081,0.8421
7,3,2604,2605,2,3,3,0.3889,2604.500,938.828,719.000,9.3613,12.0000,1.4483,0.5289,5.1243,0.1909,0.4622,0.3468,0.5368,0.7626,3.4162,1.2811,0.5690
4,3,2606,2607,2,2,1,1.0000,2606.537,762.463,583.000,8.7537,12.0000,1.1707,0.6554,5.1241,0.0000,0.7500,0.2500,1.0000,0.0000,4.6971,0.4270,0.7805
5,3,2608,2610,3,1,2,0.8333,2608.776,628.000,1215.633,9.3568,12.0000,1.2245,0.4305,5.1239,0.5854,0.2927,0.1220,0.9487,0.0000,4.6969,1.2810,0.6735
4,3,2608,2609,2,1,2,1.0000,2608.436,684.000,993.436,8.3264,12.0000,1.2308,0.6165,5.1240,0.0000,0.7500,0.2500,0.0000,0.0000,4.6969,1.4945,0.8205
5,3,2609,2611,3,2,2,0.4167,2610.080,603.520,898.140,9.5475,13.0000,1.3000,0.5444,5.5507,0.5461,0.2256,0.2283,0.8117,0.4177,5.1237,2.1349,0.7200
6,3,2609,2611,3,2,3,0.3333,2610.400,1015.800,857.860,8.7156,11.0000,1.3200,0.6478,4.6967,0.7397,0.1062,0.1541,0.7434,0.5417,4.0563,1.2809,0.6200
4,3,2610,2611,2,1,2,1.0000,2610.526,824.000,1073.526,8.1125,10.0000,1.0526,0.7081,4.2698,0.0000,0.7500,0.2500,0.0000,0.0000,4.6967,0.4270,0.7895
5,3,2610,2611,2,3,1,0.8333,2610.500,1210.250,802.000,8.4018,11.0000,1.2500,0.5590,4.6968,0.5854,0.2927,0.1220,0.3162,0.0000,4.6967,1.4944,0.7273
5,3,2611,2612,2,3,1,0.8333,2611.413,1092.696,860.000,8.7835,11.0000,1.1957,0.5131,4.6967,0.5854,0.2927,0.1220,0.3162,0.0000,3.8427,1.7079,0.6739
4,3,2613,2615,3,1,2,0.6667,2614.049,685.000,713.439,8.7525,13.0000,1.2683,0.4417,5.5504,0.7576,0.1294,0.1129,0.8507,0.0000,4.6964,0.8539,0.8049
6,3,2613,2615,3,2,2,0.5000,2613.608,1010.118,886.431,8.8895,13.0000,1.5294,0.5947,5.5504,0.6373,0.1269,0.2358,0.8795,0.0724,4.2695,1.9213,0.6471
9,3,2613,2615,3,5,2,0.3000,2613.826,1173.928,511.623,9.8199,10.0000,1.3043,1.2980,4.2696,0.8729,0.0448,0.0823,0.4741,0.3005,3.8425,1.7078,0.4348
6,4,2621,2622,2,2,3,0.5000,2621.491,865.891,1121.909,9.5856,11.0000,1.2000,0.5110,4.6960,0.3810,0.3333,0.2857,0.3162,0.5071,4.9094,1.0673,0.7818
4,3,2623,2625,3,2,1,0.6667,2624.189,792.838,751.000,7.8975,11.0000,1.1892,0.8269,4.6958,0.7500,0.1500,0.1000,0.9487,0.0000,4.6959,1.2807,0.8378
5,3,2626,2628,3,1,2,0.8333,2626.935,722.000,895.609,8.7817,11.0000,1.1957,0.3967,4.6957,0.5854,0.2927,0.1220,0.9487,0.0000,4.6957,1.2807,0.6957
5,3,2626,2627,2,3,1,0.8333,2626.468,1186.702,1058.000,8.9727,11.0000,1.1702,0.8809,4.6957,0.5854,0.2927,0.1220,0.3162,0.0000,4.6957,0.6403,0.6809
5,3,2627,2629,3,2,1,0.8333,2628.312,953.479,631.000,9.1634,12.0000,1.2500,0.6074,5.1225,0.5854,0.2927,0.1220,0.9487,0.0000,4.6956,1.2806,0.6875
6,3,2628,2630,3,1,2,1.0000,2628.929,924.000,981.554,9.7591,14.0000,1.5000,0.4521,5.9762,0.5556,0.3333,0.1111,1.0000,0.0000,4.2687,1.2806,0.6071
5,3,2629,2630,2,2,2,0.6250,2629.356,797.356,1076.844,8.5906,12.0000,1.3333,0.5263,5.1225,0.3432,0.2505,0.4063,0.6059,0.3645,4.6956,1.7075,0.7111
6,3,2630,2632,3,2,2,0.5000,2631.269,820.519,449.115,9.0618,11.0000,1.2692,0.5630,4.6955,0.3810,0.3333,0.2857,0.9487,0.1690,4.9089,1.7074,0.5962
7,3,2631,2634,4,3,2,0.2917,2632.371,911.855,920.887,10.0029,12.0000,1.3548,0.6554,5.1223,0.7521,0.0702,0.1777,0.8604,0.1462,3.8417,1.0671,0.5484
4,3,2632,2634,3,1,2,0.6667,2633.125,660.000,987.600,8.5371,13.0000,1.3000,0.4191,5.5491,0.7576,0.1294,0.1129,0.8507,0.0000,4.0551,1.2805,0.8500
7,3,2632,2634,3,3,1,0.7778,2633.000,1144.343,1024.000,10.8095,14.0000,1.4627,0.3433,5.9760,0.1247,0.7481,0.1273,1.0000,0.0000,4.2685,1.2806,0.5522
6,3,2633,2635,3,2,1,1.0000,2633.923,788.481,1131.000,9.0616,12.0000,1.3846,0.5249,5.1222,0.5556,0.3333,0.1111,1.0000,0.0000,4.0551,1.7074,0.6154
6,3,2634,2636,3,2,3,0.3333,2635.036,1104.109,1167.236,9.5843,12.0000,1.3091,0.2629,5.1222,0.5384,0.1347,0.3269,0.5521,0.1164,4.2685,0.8537,0.6000
8,3,2638,2640,3,3,2,0.4444,2638.849,974.890,753.479,11.0163,14.0000,1.5342,0.5144,5.9757,0.4281,0.3090,0.2629,0.6346,0.1550,4.0549,1.2805,0.5205
4,3,2639,2640,2,2,2,0.5000,2639.553,744.816,933.711,8.1098,11.0000,1.1579,0.8596,4.6951,0.5916,0.1015,0.3069,0.7071,0.7071,4.6951,1.7073,0.8158
6,3,2639,2641,3,2,3,0.3333,2639.800,1066.260,553.080,8.7126,11.0000,1.3200,0.3376,4.6951,0.4899,0.3164,0.1936,0.8165,0.5506,4.0549,1.2805,0.6200
3,3,2640,2641,2,1,2,0.7500,2640.333,659.000,1118.667,7.3929,10.0000,1.0000,0.7454,4.2683,0.5333,0.2667,0.2000,0.7071,0.0000,4.6951,1.2805,1.0000
8,3,2641,2643,3,2,3,0.4444,2642.395,934.316,1076.882,11.4687,16.0000,1.6842,0.5192,6.8291,0.6139,0.0217,0.3644,0.7702,0.3069,4.4816,1.2805,0.5263
4,3,2642,2644,3,1,2,0.6667,2642.919,832.000,1285.270,7.8961,10.0000,1.0811,0.9578,4.2682,0.5357,0.3214,0.1429,1.0000,0.0000,5.1218,1.4939,0.8108
8,3,2642,2644,3,3,2,0.4444,2643.206,1018.779,918.338,10.2614,12.0000,1.4118,0.4533,5.1218,0.1733,0.4705,0.3561,0.3928,0.1906,4.2682,1.7073,0.4853
6,3,2644,2646,3,2,2,0.5000,2645.075,1063.774,598.340,9.2349,13.0000,1.4717,0.4151,5.5485,0.3218,0.4574,0.2208,0.9366,0.3505,3.4145,0.8536,0.6226
6,3,2645,2647,3,2,2,0.5000,2645.880,789.120,1171.320,8.7121,10.0000,1.2000,0.9440,4.2681,0.7074,0.0897,0.2030,0.9140,0.2540,4.2680,0.4268,0.6000
6,3,2651,2653,3,3,1,0.6667,2652.176,1004.373,703.000,8.8859,10.0000,1.1765,0.4122,4.2678,0.2083,0.6667,0.1250,0.4472,0.0000,4.2678,1.7071,0.5882
4,3,2654,2656,3,2,1,0.6667,2654.632,1051.263,681.000,8.1086,12.0000,1.2632,0.4528,5.1212,0.7500,0.1500,0.1000,0.9487,0.0000,4.6945,1.2803,0.8421
5,3,2657,2659,3,1,2,0.8333,2657.750,963.000,1188.364,8.3975,11.0000,1.2500,0.8335,4.6944,0.5854,0.2927,0.1220,0.9487,0.0000,4.6943,0.8535,0.7273
8,3,2658,2661,4,2,3,0.3333,2659.536,602.101,973.522,10.4106,13.0000,1.5072,0.7054,5.5477,0.6516,0.1798,0.1685,0.8262,0.0000,3.6273,0.8535,0.5072
3,3,2660,2661,2,1,2,0.7500,2660.697,761.000,1112.697,8.1305,13.0000,1.1818,0.4285,5.5476,0.5333,0.2667,0.2000,0.7071,0.0000,4.6942,1.0669,1.0000
5,3,2661,2662,2,2,3,0.4167,2661.522,890.174,1139.913,8.7788,12.0000,1.3043,0.5568,5.1209,0.7729,0.0435,0.1836,0.4781,0.7852,4.6941,0.8535,0.6957
4,3,2662,2663,2,2,2,0.5000,2662.270,510.541,416.811,7.8946,10.0000,1.0811,0.6333,4.2674,0.5916,0.1015,0.3069,0.5000,0.5000,4.6941,1.7069,0.8108
8,3,2662,2664,3,4,2,0.3333,2662.750,837.406,912.109,9.6559,11.0000,1.3750,0.4894,4.6941,0.6456,0.1640,0.1904,0.5153,0.0497,3.4139,1.7069,0.5000
8,4,2663,2665,3,3,2,0.4444,2664.224,928.921,920.882,11.4662,13.0000,1.3684,0.2651,5.5475,0.1021,0.5726,0.3253,0.0000,0.0940,4.4806,1.2802,0.5789
6,3,2663,2665,3,2,2,0.5000,2664.358,1009.660,1006.113,9.2331,13.0000,1.4717,0.7346,5.5474,0.5034,0.2551,0.2415,0.9677,0.2521,4.2673,1.2802,0.6604
7,3,2664,2666,3,1,3,0.7778,2664.855,523.000,731.323,9.9997,13.0000,1.4677,0.3537,5.5474,0.4747,0.4312,0.0941,0.8619,0.0000,3.8405,1.2802,0.5323
6,3,2664,2665,2,2,2,0.7500,2664.481,628.635,587.250,9.0589,10.0000,1.1538,0.8345,4.2673,0.2000,0.3333,0.4667,0.0000,0.0000,4.4806,1.2802,0.5769
4,3,2666,2667,2,1,2,1.0000,2666.537,634.000,1072.439,8.7477,12.0000,1.1707,0.6384,5.1206,0.0000,0.7500,0.2500,0.0000,0.0000,5.3339,1.4935,0.8049
5,3,2666,2667,2,3,1,0.8333,2666.468,933.234,591.000,8.9691,12.0000,1.2766,0.5233,5.1206,0.5854,0.2927,0.1220,0.3162,0.0000,4.6938,1.7069,0.7234
5,3,2666,2668,3,2,2,0.4167,2667.135,1037.365,781.173,9.9232,14.0000,1.3462,0.4261,5.9740,0.1521,0.5234,0.3245,1.0000,0.0000,4.6938,1.7069,0.7115
4,3,2668,2670,3,1,2,0.6667,2669.026,1013.000,797.487,8.3207,10.0000,1.0256,0.4879,4.2670,0.7576,0.1294,0.1129,0.8507,0.0000,4.6937,1.7068,0.7692
3,3,2670,2671,2,2,1,0.7500,2670.355,642.677,603.000,7.6369,11.0000,1.0645,0.7213,4.6936,0.5333,0.2667,0.2000,0.7071,0.0000,4.6937,1.0667,1.0000
4,3,2671,2672,2,2,1,1.0000,2671.513,657.462,603.000,8.3204,11.0000,1.1282,0.6899,4.6936,0.0000,0.7500,0.2500,1.0000,0.0000,4.6936,1.4934,0.7949
3,3,2673,2675,3,1,1,1.0000,2674.031,1179.000,818.000,7.8829,11.0000,1.0312,0.0312,4.6934,0.8889,0.0000,0.1111,1.0000,0.0000,5.1201,0.4267,1.0000
5,3,2674,2676,3,2,1,0.8333,2674.913,594.652,999.000,8.7774,11.0000,1.1957,1.1413,4.6933,0.5854,0.2927,0.1220,0.9487,0.0000,4.6934,1.0667,0.6739
4,3,2674,2675,2,2,2,0.5000,2674.750,794.275,814.150,8.5334,13.0000,1.3000,0.4008,5.5467,0.0000,0.5625,0.4375,0.4459,0.5774,4.9068,1.7067,0.8500
3,3,2675,2676,2,2,1,0.7500,2675.667,548.667,712.000,7.3901,10.0000,1.0000,0.7454,4.2667,0.5333,0.2667,0.2000,0.7071,0.0000,4.6933,0.8533,1.0000
7,3,2677,2678,2,5,2,0.3500,2677.533,851.167,574.100,9.6757,12.0000,1.4000,0.5676,5.1199,0.8873,0.0268,0.0859,0.3160,0.8616,4.6932,1.2800,0.7000
9,3,2678,2680,3,2,4,0.3750,2678.959,650.274,1003.288,10.3818,10.0000,1.2329,1.6287,4.2665,0.7149,0.1316,0.1535,0.4267,0.0579,3.8399,1.7066,0.4110
8,4,2678,2680,3,2,2,0.6667,2679.043,781.507,960.725,10.4082,11.0000,1.2754,0.5788,4.6931,0.5196,0.2468,0.2336,0.9179,0.3745,4.2665,1.7066,0.6377
5,3,2680,2682,3,1,2,0.8333,2681.082,971.000,759.592,9.3491,12.0000,1.2245,0.5974,5.1197,0.5854,0.2927,0.1220,0.9487,0.0000,5.1197,1.2799,0.6939
4,3,2681,2682,2,2,1,1.0000,2681.556,918.556,961.000,7.6794,10.0000,1.1111,0.7115,4.2664,0.0000,0.7500,0.2500,1.0000,0.0000,4.6930,1.0666,0.8333
7,3,2682,2684,3,3,2,0.3889,2682.683,1005.417,1029.900,9.6750,11.0000,1.2833,0.8066,4.6930,0.1278,0.6171,0.2551,0.5345,0.2326,4.2663,1.2799,0.5167
8,4,2683,2685,3,2,2,0.6667,2683.667,828.348,988.638,10.4076,10.0000,1.1594,0.9859,4.2663,0.3704,0.0753,0.5544,0.9816,0.1908,4.2662,1.7064,0.5797
5,3,2686,2687,2,2,3,0.4167,2686.222,593.622,984.956,8.5853,11.0000,1.2222,0.6622,4.6927,0.5461,0.2256,0.2283,0.1201,0.5647,4.6926,1.2798,0.6889
6,3,2687,2689,3,2,2,0.5000,2688.200,738.580,1162.860,8.7079,11.0000,1.3200,0.6293,4.6926,0.5230,0.1584,0.3185,0.9225,0.0898,4.0527,1.0665,0.6200
6,3,2688,2690,3,2,2,0.5000,2688.860,896.175,1035.526,9.9269,13.0000,1.3684,0.5243,5.5457,0.3810,0.3333,0.2857,0.9487,0.1690,4.4793,1.7064,0.5789
6,3,2691,2693,3,3,1,0.6667,2692.118,892.961,572.000,8.8816,12.0000,1.4118,0.9680,5.1189,0.6944,0.2222,0.0833,0.6000,0.0000,3.8392,0.0000,0.6471
5,3,2691,2693,3,2,2,0.4167,2692.067,940.533,771.133,8.5847,11.0000,1.2222,0.5538,4.6923,0.5461,0.2256,0.2283,0.8117,0.4177,5.1189,1.7063,0.7111
6,3,2693,2694,2,2,2,0.7500,2693.492,779.333,1349.651,10.9712,13.0000,1.2381,0.8992,5.5454,0.2000,0.3333,0.4667,0.0000,0.0000,4.9055,0.8531,0.7302
8,3,2694,2696,3,2,2,0.6667,2694.930,988.465,783.831,10.7076,12.0000,1.3521,0.4996,5.1187,0.6000,0.1500,0.2500,0.9487,0.3162,3.8391,1.2797,0.4930
8,3,2699,2701,3,2,2,0.6667,2700.254,1136.349,920.381,9.5005,13.0000,1.6508,0.5758,5.5449,0.4396,0.1507,0.4097,0.8641,0.2943,2.9857,1.2796,0.5238
3,3,2700,2701,2,1,2,0.7500,2700.355,636.000,1042.323,7.6340,11.0000,1.0645,0.7213,4.6918,0.5333,0.2667,0.2000,0.7071,0.0000,4.6918,0.8531,1.0000
4,3,2700,2702,3,2,1,0.6667,2701.220,994.220,918.000,8.7438,12.0000,1.1707,0.3104,5.1183,0.7500,0.1500,0.1000,0.9487,0.0000,4.6918,1.4928,0.7805
5,3,2700,2702,3,1,2,0.8333,2700.767,1167.000,887.395,8.2022,11.0000,1.2791,0.6478,4.6918,0.5854,0.2927,0.1220,0.9487,0.0000,4.6918,1.2796,0.7209
8,3,2703,2705,3,2,3,0.4444,2704.420,441.232,654.130,10.4047,13.0000,1.5072,0.4974,5.5446,0.2701,0.2819,0.4480,0.9364,0.0779,3.8386,0.8530,0.4928
4,3,2705,2707,3,1,2,0.6667,2706.098,558.000,1022.415,8.7432,13.0000,1.2683,0.4260,5.5445,0.7576,0.1294,0.1129,0.8507,0.0000,4.9047,1.7060,0.8293
5,3,2705,2706,2,2,2,0.6250,2705.381,671.381,896.857,8.0110,10.0000,1.1905,0.5574,4.2650,0.3432,0.2505,0.4063,0.6059,0.3645,4.6915,1.7060,0.7143
4,3,2708,2708,1,2,2,1.0000,2708.000,785.556,988.556,7.6768,10.0000,1.1111,0.7115,4.2649,0.0000,0.7500,0.2500,0.0000,1.0000,4.6914,1.4927,0.8333
4,3,2711,2712,2,1,2,1.0000,2711.541,850.000,1145.541,7.8897,10.0000,1.0811,0.7094,4.2647,0.0000,0.7500,0.2500,0.0000,0.0000,4.6911,1.2794,0.8108
5,3,2711,2713,3,2,1,0.8333,2711.761,1128.478,859.000,8.7733,11.0000,1.1957,0.9226,4.6912,0.5854,0.2927,0.1220,0.9487,0.0000,4.6911,1.9191,0.6957
4,3,2712,2713,2,2,1,1.0000,2712.564,1036.513,931.000,8.3161,12.0000,1.2308,0.6730,5.1176,0.0000,0.7500,0.2500,1.0000,0.0000,4.6911,0.4264,0.8205
4,3,2713,2714,2,2,2,0.5000,2713.821,928.692,942.256,8.3160,12.0000,1.2308,0.7598,5.1175,0.0000,0.5625,0.4375,0.4459,0.5774,4.6910,2.1323,0.8205
9,3,2714,2717,4,3,2,0.3750,2715.941,1006.706,923.279,9.6662,11.0000,1.4559,0.4099,4.6910,0.5520,0.3363,0.1117,0.7627,0.0890,2.9852,0.8529,0.4559
4,4,2714,2715,2,2,1,1.0000,2714.524,1196.476,870.000,8.9556,12.0000,1.1429,0.6734,5.1175,0.0000,0.7500,0.2500,1.0000,0.0000,4.6910,0.8529,1.0000
6,3,2715,2717,3,2,2,0.5000,2716.137,857.353,1050.686,8.8790,11.0000,1.2941,0.4918,4.6910,0.6381,0.1455,0.2164,0.8019,0.3768,4.0513,1.0661,0.6275
5,3,2719,2721,3,2,1,0.8333,2720.245,756.490,918.000,9.3446,13.0000,1.3265,0.5659,5.5437,0.5854,0.2927,0.1220,0.9487,0.0000,4.6908,1.9190,0.6939
5,3,2722,2723,2,2,2,0.6250,2722.378,673.667,969.222,8.5817,10.0000,1.1111,0.5506,4.2643,0.3432,0.2505,0.4063,0.6059,0.3645,4.6907,1.2793,0.6667
3,3,2722,2723,2,1,2,0.7500,2722.270,738.000,1121.730,9.1093,17.0000,1.3784,0.3822,7.2493,0.5333,0.2667,0.2000,0.7071,0.0000,4.6907,1.2793,1.0000
9,4,2724,2726,3,3,3,0.3333,2724.947,1024.132,1048.895,10.8027,12.0000,1.4211,1.0660,5.1170,0.5533,0.2223,0.2244,0.8646,0.5025,4.2642,0.8528,0.5526
10,4,2725,2727,3,3,3,0.3704,2725.895,832.314,1071.105,11.5967,13.0000,1.5116,0.3471,5.5434,0.3003,0.2741,0.4255,0.5958,0.7547,4.2642,1.4925,0.5116
7,3,2727,2729,3,2,2,0.5833,2728.316,997.754,687.474,9.1867,10.0000,1.2281,0.6200,4.2642,0.5806,0.0526,0.3668,0.8835,0.4677,3.8377,1.7057,0.5263
4,3,2728,2730,3,1,2,0.6667,2729.024,776.000,903.854,8.7415,14.0000,1.3659,0.1484,5.9698,0.5357,0.3214,0.1429,1.0000,0.0000,4.9038,0.4264,0.8537
7,3,2730,2731,2,2,3,0.5833,2730.776,662.293,1163.914,9.3478,12.0000,1.4483,0.3789,5.1170,0.6517,0.0773,0.2710,0.3251,0.7071,3.4113,0.0000,0.5690
7,3,2730,2733,4,2,2,0.4375,2731.600,741.100,1025.400,9.6702,12.0000,1.4000,0.5745,5.1170,0.7406,0.0824,0.1770,0.9316,0.0988,3.8377,1.7057,0.5333
7,3,2731,2733,3,2,2,0.5833,2731.694,744.258,904.597,9.9925,12.0000,1.3548,0.7188,5.1170,0.4600,0.2645,0.2756,0.8571,0.1000,4.2642,1.7057,0.5323
4,3,2733,2734,2,1,2,1.0000,2733.390,874.000,1194.439,8.7415,13.0000,1.2683,0.5874,5.5434,0.0000,0.7500,0.2500,0.0000,0.0000,5.1170,1.2792,0.8537
6,4,2733,2735,3,2,2,0.5000,2734.370,893.889,921.500,9.4006,11.0000,1.2222,0.8117,4.6906,0.6373,0.1269,0.2358,0.8795,0.0724,4.6906,0.8528,0.7593
4,3,2734,2736,3,1,2,0.6667,2735.081,447.000,1045.270,7.8888,10.0000,1.0811,0.2822,4.2642,0.5357,0.3214,0.1429,1.0000,0.0000,5.1170,1.2793,0.8108
6,3,2734,2736,3,2,2,0.5000,2734.818,641.327,1049.273,9.5747,12.0000,1.3091,0.4632,5.1170,0.6381,0.1455,0.2164,0.8019,0.3768,4.2642,1.2793,0.5818
4,3,2735,2736,2,2,2,0.5000,2735.289,618.842,1032.421,8.1020,11.0000,1.1579,0.5348,4.6906,0.5916,0.1015,0.3069,0.5000,0.5000,4.9038,0.8528,0.8421
5,3,2735,2736,2,3,1,0.8333,2735.574,919.213,987.000,8.9630,11.0000,1.1702,0.4758,4.6906,0.5854,0.2927,0.1220,0.3162,0.0000,4.6906,0.8528,0.6596
7,3,2736,2737,2,2,2,0.8750,2736.600,587.383,936.517,9.6704,11.0000,1.2833,0.7352,4.6907,0.0000,0.3318,0.6682,0.7788,0.5774,3.8378,0.8528,0.5167
7,3,2737,2740,4,2,2,0.4375,2738.214,997.214,1082.232,9.0258,11.0000,1.3750,0.8469,4.6907,0.8243,0.0513,0.1244,0.9184,0.3278,3.4114,1.7057,0.5536
8,3,2738,2741,4,2,3,0.3333,2739.606,630.879,997.576,9.9506,10.0000,1.2121,0.8447,4.2644,0.5217,0.3098,0.1685,0.8575,0.1669,3.8379,1.7057,0.4545
12,3,2738,2741,4,3,3,0.3333,2739.096,1072.723,1032.809,11.5714,13.0000,1.6596,0.3498,5.5436,0.6424,0.1446,0.2131,0.7926,0.5923,3.4115,1.2793,0.3511
4,3,2742,2743,2,1,2,1.0000,2742.475,419.000,1083.525,8.5290,11.0000,1.1000,0.6718,4.6909,0.0000,0.7500,0.2500,0.0000,0.0000,4.6909,1.7058,0.7750
6,3,2742,2744,3,3,2,0.3333,2743.038,1219.077,970.154,9.0531,12.0000,1.3846,0.1763,5.1174,0.5704,0.2383,0.1913,0.9082,0.3228,4.2645,1.4926,0.6154
9,3,2743,2745,3,3,2,0.5000,2744.127,772.861,1003.722,11.2301,12.0000,1.3671,0.3361,5.1175,0.4438,0.1190,0.4373,0.3609,0.3032,4.6910,1.7058,0.4177
6,4,2746,2748,3,2,2,0.5000,2747.218,852.327,901.109,9.5761,12.0000,1.3091,1.0372,5.1179,0.5230,0.1584,0.3185,0.9225,0.0898,4.6913,1.2794,0.7818
8,3,2748,2750,3,2,2,0.6667,2749.409,1180.591,817.303,9.9523,11.0000,1.3333,0.8889,4.6916,0.4782,0.1602,0.3617,0.9087,0.4175,4.0518,0.0000,0.4697
5,3,2749,2751,3,1,2,0.8333,2750.250,947.000,975.614,8.3927,11.0000,1.2500,0.4602,4.6916,0.5854,0.2927,0.1220,0.9487,0.0000,4.6916,0.8530,0.7045
6,3,2750,2752,3,2,3,0.3333,2751.080,574.140,1010.640,8.7064,10.0000,1.2000,1.1470,4.2652,0.6494,0.1645,0.1861,0.6429,0.3155,4.0520,1.0663,0.6000
8,3,2750,2753,4,2,2,0.5000,2751.940,1030.806,896.776,10.1037,13.0000,1.5522,0.3022,5.5449,0.7328,0.1115,0.1557,0.9867,0.1379,3.6256,0.8531,0.4925
10,5,2752,2754,3,2,2,0.8333,2753.085,829.543,550.394,12.6793,12.0000,1.2766,1.2416,5.1185,0.5122,0.0732,0.4146,0.9487,0.3162,4.4788,1.2796,0.5957
4,3,2753,2755,3,1,2,0.6667,2754.000,401.000,678.833,7.6780,10.0000,1.1111,1.0138,4.2657,0.5357,0.3214,0.1429,1.0000,0.0000,4.6921,0.2133,0.8333
5,3,2753,2754,2,2,2,0.6250,2753.467,742.156,1136.533,8.5842,11.0000,1.2222,0.7701,4.6921,0.3432,0.2505,0.4063,0.6059,0.3645,4.6920,1.0664,0.6889
4,3,2753,2755,3,2,1,0.6667,2754.135,834.162,1033.000,7.8913,11.0000,1.1892,1.1467,4.6920,0.7500,0.1500,0.1000,0.9487,0.0000,4.6922,1.2797,0.8378
7,3,2755,2757,3,2,2,0.5833,2756.491,637.351,808.298,9.1905,11.0000,1.3509,0.6862,4.6926,0.5694,0.1270,0.3036,0.8963,0.4170,3.4128,1.2798,0.5439
10,4,2757,2760,4,3,2,0.4167,2758.819,609.048,1188.422,11.1976,11.0000,1.3253,0.6078,4.6931,0.6818,0.0659,0.2523,0.8629,0.0988,3.8395,1.2799,0.5060
5,3,2757,2758,2,3,1,0.8333,2757.583,634.750,960.000,9.1576,14.0000,1.4583,0.4859,5.9726,0.5854,0.2927,0.1220,0.3162,0.0000,4.6926,1.2798,0.7083
5,3,2757,2758,2,2,3,0.4167,2757.217,842.826,1094.304,8.7760,11.0000,1.1957,0.7493,4.6926,0.6489,0.0995,0.2515,0.3339,0.8871,4.6926,1.2798,0.6739
6,3,2758,2760,3,2,1,1.0000,2759.071,761.554,1008.000,9.7535,12.0000,1.2857,1.0303,5.1197,0.5556,0.3333,0.1111,1.0000,0.0000,4.9062,1.4932,0.6071
5,3,2759,2761,3,2,1,0.8333,2759.681,932.596,410.000,8.9675,11.0000,1.1702,0.7918,4.6931,0.5854,0.2927,0.1220,0.9487,0.0000,4.6929,1.4932,0.6809
8,3,2759,2761,3,4,2,0.3333,2760.045,1067.515,1089.788,9.9555,13.0000,1.5758,0.5312,5.5464,0.5368,0.3165,0.1467,0.4557,0.2396,3.4131,1.2799,0.5000
5,3,2761,2763,3,2,2,0.4167,2761.712,956.115,861.154,9.9223,15.0000,1.4423,0.3467,6.4001,0.6338,0.1686,0.1975,0.9585,0.2851,5.1203,1.2800,0.7308
5,3,2762,2763,2,2,2,0.6250,2762.370,943.783,817.348,8.7776,10.0000,1.0870,0.9328,4.2669,0.3432,0.2505,0.4063,0.6059,0.3645,4.6935,1.7067,0.6522
8,3,2763,2765,3,2,4,0.3333,2763.683,606.429,1045.810,9.5043,11.0000,1.3968,0.6809,4.6938,0.4225,0.3137,0.2638,0.4523,0.4658,3.4137,1.2801,0.4921
8,3,2763,2765,3,2,3,0.4444,2764.246,767.677,953.508,9.8063,11.0000,1.3538,1.1333,4.6940,0.6709,0.1342,0.1949,0.7372,0.1788,3.4138,0.8535,0.4923
5,3,2763,2764,2,2,2,0.6250,2763.523,940.864,669.364,8.3964,11.0000,1.2500,0.6512,4.6938,0.3432,0.2505,0.4063,0.6059,0.3645,4.6936,1.2801,0.7273
7,3,2765,2767,3,1,3,0.7778,2765.914,685.000,1248.828,9.3550,12.0000,1.4483,0.8321,5.1209,0.6076,0.3038,0.0886,0.7071,0.0000,3.4138,0.8535,0.5690
3,3,2765,2766,2,2,1,0.7500,2765.667,806.333,978.000,7.3913,10.0000,1.0000,0.7454,4.2674,0.5333,0.2667,0.2000,0.7071,0.0000,4.6942,1.2802,1.0000
6,3,2767,2769,3,1,3,0.6667,2768.220,651.000,1314.940,8.7117,11.0000,1.3200,0.7823,4.6948,0.4000,0.4800,0.1200,0.7071,0.0000,4.0544,0.8536,0.6200
3,3,2767,2768,2,2,1,0.7500,2767.667,651.667,581.000,7.3919,10.0000,1.0000,0.7454,4.2678,0.5333,0.2667,0.2000,0.7071,0.0000,4.6946,0.8536,1.0000
13,4,2770,2773,4,3,3,0.3611,2771.925,914.085,950.104,12.5490,11.0000,1.3491,0.1539,4.6956,0.7885,0.0576,0.1538,0.7696,0.3262,3.8416,1.2806,0.3962
3,3,2771,2772,2,2,1,0.7500,2771.667,743.333,817.000,7.3932,10.0000,1.0000,0.7454,4.2685,0.5333,0.2667,0.2000,0.7071,0.0000,4.6954,0.8538,1.0000
7,3,2772,2774,3,3,2,0.3889,2772.912,714.737,911.140,9.1964,11.0000,1.3509,1.1811,4.6954,0.6788,0.0891,0.2320,0.7979,0.1151,3.8418,1.2806,0.5439
5,3,2774,2775,2,2,3,0.4167,2774.490,951.863,798.922,9.7366,15.0000,1.4706,0.5338,6.4036,0.5461,0.2256,0.2283,0.5716,0.7118,4.6960,0.8538,0.7451
7,3,2776,2778,3,2,3,0.3889,2777.102,882.898,1103.763,9.5208,11.0000,1.3051,0.2775,4.6966,0.6023,0.2183,0.1794,0.7436,0.2188,3.8424,1.4943,0.5424
8,3,2777,2779,3,2,2,0.6667,2778.083,754.333,389.764,10.8687,13.0000,1.4444,0.4169,5.5505,0.4961,0.2369,0.2670,0.9586,0.0986,4.2697,0.8540,0.4722
3,3,2778,2779,2,1,2,0.7500,2778.667,711.000,937.667,7.3954,10.0000,1.0000,0.7454,4.2698,0.5333,0.2667,0.2000,0.7071,0.0000,4.6967,1.0674,1.0000
6,3,2780,2782,3,2,2,0.5000,2780.789,673.105,1001.491,9.9365,14.0000,1.4737,0.5606,5.9781,0.3810,0.3333,0.2857,0.9487,0.1690,4.2700,1.2810,0.6491
4,3,2782,2783,2,2,2,0.5000,2782.488,697.244,1141.805,8.7542,13.0000,1.2683,0.5792,5.5513,0.5916,0.1015,0.3069,0.7071,0.7071,4.6975,2.1351,0.8049
11,4,2784,2787,4,2,2,0.6875,2785.306,871.412,751.329,10.9453,11.0000,1.4235,0.8717,4.6980,0.7349,0.0906,0.1745,0.9587,0.2827,3.4165,1.2813,0.4824
4,3,2785,2786,2,1,2,1.0000,2785.444,311.000,829.556,7.6874,10.0000,1.1111,0.7115,4.2709,0.0000,0.7500,0.2500,0.0000,0.0000,4.6978,1.0677,0.8333
5,3,2785,2787,3,2,1,0.8333,2786.229,1060.583,1038.000,9.1680,13.0000,1.3542,0.4755,5.5521,0.5854,0.2927,0.1220,0.9487,0.0000,3.8438,0.8541,0.6875
7,3,2786,2788,3,3,2,0.3889,2787.032,548.984,1011.333,10.1700,13.0000,1.4444,0.3352,5.5523,0.5479,0.1606,0.2915,0.9003,0.3984,3.8438,1.0677,0.5714
8,3,2789,2791,3,3,2,0.4444,2790.108,777.635,1105.838,11.1752,13.0000,1.4054,0.6644,5.5528,0.6709,0.1342,0.1949,0.7372,0.1788,4.0578,1.2814,0.5000
10,5,2789,2792,4,2,3,0.4167,2790.469,845.552,1328.021,12.9672,14.0000,1.4583,0.7245,5.9801,0.4730,0.3131,0.2139,0.9950,0.0985,3.4172,0.4271,0.6458
4,3,2789,2790,2,1,2,1.0000,2789.568,887.000,804.432,7.9020,11.0000,1.1892,0.6116,4.6985,0.0000,0.7500,0.2500,0.0000,0.0000,4.6985,2.1356,0.8378
5,3,2790,2792,3,1,2,0.8333,2791.255,678.000,1074.532,8.9783,12.0000,1.2766,0.5900,5.1258,0.5854,0.2927,0.1220,0.9487,0.0000,4.6987,0.4272,0.7021
4,3,2792,2794,3,1,2,0.6667,2793.179,1085.000,938.154,8.3298,12.0000,1.2308,0.2364,5.1260,0.7500,0.1500,0.1000,0.9487,0.0000,4.4853,1.4951,0.8462
5,3,2793,2795,3,2,1,0.8333,2793.733,664.578,883.000,8.5967,11.0000,1.2222,0.6363,4.6990,0.5854,0.2927,0.1220,0.9487,0.0000,4.6989,1.4951,0.6889
3,3,2794,2796,3,1,1,1.0000,2794.970,760.000,904.000,8.1390,12.0000,1.0909,0.0303,5.1262,0.8889,0.0000,0.1111,1.0000,0.0000,5.5533,1.7087,1.0000
4,4,2795,2796,2,2,2,0.5000,2795.244,494.512,1023.732,8.7573,11.0000,1.0732,0.9126,4.6990,0.5916,0.1015,0.3069,0.5000,0.5000,4.9127,1.7088,1.0000
9,3,2796,2799,4,3,2,0.3750,2796.945,516.274,780.301,10.3952,10.0000,1.2329,1.2294,4.2720,0.5520,0.3363,0.1117,0.7627,0.0890,4.2720,1.7088,0.4110
5,3,2797,2799,3,1,2,0.8333,2797.878,458.000,804.265,9.3615,13.0000,1.3265,0.2922,5.5537,0.5854,0.2927,0.1220,0.9487,0.0000,5.1264,2.1360,0.7347
7,3,2799,2800,2,3,3,0.3889,2799.441,1120.695,1078.966,9.5268,11.0000,1.3051,0.6380,4.6993,0.5780,0.1560,0.2660,0.4489,0.8101,3.8449,1.4952,0.5254
5,3,2801,2802,2,2,2,0.6250,2801.457,1003.500,997.130,8.7886,12.0000,1.3043,0.6895,5.1266,0.3432,0.2505,0.4063,0.6059,0.3645,4.6994,1.2817,0.7174
9,3,2801,2803,3,2,3,0.5000,2801.827,1054.093,1018.107,10.6804,12.0000,1.4400,0.9148,5.1266,0.1642,0.5935,0.2423,0.0000,0.0277,3.8449,1.7089,0.4400
15,3,2804,2808,5,4,3,0.2500,2805.879,769.147,947.267,12.7956,12.0000,1.5517,1.3470,5.1266,0.6570,0.1466,0.1965,0.7935,0.5655,3.4177,1.7089,0.2759
6,3,2807,2809,3,2,2,0.5000,2807.980,925.755,955.122,8.5460,11.0000,1.3469,1.0171,4.6994,0.7074,0.0897,0.2030,0.9140,0.2540,3.8449,1.2816,0.6327
6,3,2808,2810,3,2,2,0.5000,2808.821,542.321,667.143,9.7668,13.0000,1.3929,0.3945,5.5537,0.5230,0.1584,0.3185,0.9225,0.0898,4.2721,1.2816,0.6071
4,3,2809,2811,3,2,1,0.6667,2809.892,801.459,1171.000,7.9033,11.0000,1.1892,0.5512,4.6992,0.7576,0.1294,0.1129,0.8507,0.0000,4.6992,0.8544,0.8378
8,3,2811,2813,3,3,3,0.2963,2812.382,624.706,1011.985,10.2703,11.0000,1.2941,0.8029,4.6991,0.3016,0.1783,0.5201,0.7882,0.0000,3.8447,1.2816,0.4706
11,3,2811,2814,4,2,2,0.6875,2812.287,625.223,1063.404,12.1074,12.0000,1.4043,0.5439,5.1263,0.7524,0.0845,0.1631,0.9780,0.1961,3.8448,0.8544,0.3617
10,4,2811,2814,4,2,2,0.6250,2812.719,643.685,896.517,12.0228,15.0000,1.6854,0.6413,6.4078,0.6396,0.0391,0.3213,0.9771,0.2117,3.8447,1.2815,0.5169
4,3,2811,2813,3,2,1,0.6667,2812.132,682.579,958.000,8.1166,11.0000,1.1579,0.4411,4.6991,0.7576,0.1294,0.1129,0.8507,0.0000,4.9127,1.2816,0.8421
4,3,2812,2813,2,2,2,0.5000,2812.821,584.256,1038.462,8.3301,11.0000,1.1282,0.5577,4.6990,0.5916,0.1015,0.3069,0.5000,0.5000,4.0583,0.8544,0.8205
4,3,2812,2814,3,1,2,0.6667,2812.875,726.000,1041.575,8.5437,12.0000,1.2000,0.9728,5.1263,0.7576,0.1294,0.1129,0.8507,0.0000,4.9126,1.7088,0.8250
8,3,2812,2813,2,2,3,0.6667,2812.532,893.645,957.774,9.3641,10.0000,1.2903,0.6784,4.2719,0.4396,0.1507,0.4097,0.4612,0.7878,3.4175,1.2816,0.4839
6,3,2813,2815,3,2,2,0.5000,2813.784,769.471,945.863,8.8941,11.0000,1.2941,0.5879,4.6989,0.3810,0.3333,0.2857,0.9487,0.1690,4.0582,0.8544,0.6078
6,3,2814,2816,3,2,3,0.3333,2815.000,916.500,892.944,9.4171,11.0000,1.2222,0.5031,4.6989,0.8010,0.0697,0.1292,0.7788,0.5444,4.4852,0.4272,0.5926
6,3,2815,2816,2,1,3,1.0000,2815.481,757.000,1126.056,9.4170,11.0000,1.2222,1.1602,4.6989,0.5556,0.3333,0.1111,0.0000,0.0000,5.1259,1.2815,0.7593
7,3,2816,2817,2,3,3,0.3889,2816.627,491.186,967.186,9.5255,10.0000,1.1864,0.4567,4.2715,0.5109,0.2405,0.2486,0.4413,0.7991,4.0580,1.2815,0.5085
6,3,2816,2818,3,2,2,0.5000,2816.830,744.453,902.868,9.2424,12.0000,1.3585,0.5013,5.1258,0.3810,0.3333,0.2857,0.9487,0.1690,4.0580,0.8543,0.6226
4,3,2817,2818,2,1,2,1.0000,2817.436,436.000,933.462,8.3294,12.0000,1.2308,0.6928,5.1258,0.0000,0.7500,0.2500,0.0000,0.0000,4.0579,1.0679,0.8462
6,3,2817,2819,3,2,2,0.5000,2817.873,574.145,771.382,9.5909,11.0000,1.2000,0.4279,4.6985,0.5230,0.1584,0.3185,0.9225,0.0898,4.9121,1.2814,0.5818
15,3,2817,2820,4,3,4,0.3125,2818.754,654.947,1049.561,12.5725,10.0000,1.3158,0.8742,4.2714,0.2271,0.5982,0.1747,0.0908,0.2425,3.4171,1.2814,0.2632
5,3,2817,2818,2,2,2,0.6250,2817.617,685.170,983.383,8.9782,11.0000,1.1702,0.5677,4.6985,0.3432,0.2505,0.4063,0.6059,0.3645,4.6986,1.2814,0.6596
4,3,2818,2819,2,1,2,1.0000,2818.432,582.000,1269.568,7.9020,11.0000,1.1892,0.6116,4.6985,0.0000,0.7500,0.2500,0.0000,0.0000,3.8442,0.8543,0.8378
8,4,2819,2821,3,2,3,0.4444,2819.818,624.468,860.857,11.6278,14.0000,1.4545,0.9531,5.9798,0.6465,0.1495,0.2040,0.7679,0.0347,4.4847,1.7084,0.5974
4,3,2821,2823,3,2,1,0.6667,2821.897,414.744,1093.000,8.3284,11.0000,1.1282,0.9333,4.6982,0.5357,0.3214,0.1429,1.0000,0.0000,4.9116,1.2813,0.8205
7,3,2821,2823,3,3,2,0.3889,2821.726,475.145,904.661,10.0086,11.0000,1.2419,0.7305,4.6981,0.6788,0.0891,0.2320,0.7451,0.6669,4.2711,1.7084,0.5161
5,3,2826,2827,2,1,3,0.8333,2826.605,944.000,932.767,8.2120,11.0000,1.2791,0.6478,4.6975,0.5854,0.2927,0.1220,0.3162,0.0000,5.1243,1.7082,0.7209
8,3,2827,2830,4,3,2,0.3333,2828.636,757.939,984.455,9.9641,10.0000,1.2121,0.8403,4.2702,0.6594,0.1485,0.1922,0.8863,0.2185,4.6969,1.7081,0.6061
4,3,2828,2829,2,2,1,1.0000,2828.463,680.439,969.000,8.7538,12.0000,1.1707,0.6384,5.1242,0.0000,0.7500,0.2500,1.0000,0.0000,4.9106,1.2810,0.8049
6,3,2828,2831,4,2,2,0.3750,2829.415,954.623,808.321,9.2391,10.0000,1.1321,1.5789,4.2702,0.8460,0.0320,0.1220,0.8735,0.4867,4.4834,1.2811,0.5660
4,3,2831,2832,2,2,2,0.5000,2831.263,685.158,924.263,8.1125,12.0000,1.2632,0.4043,5.1237,0.0000,0.5625,0.4375,0.4459,0.5774,5.1236,1.2809,0.8421
7,3,2831,2833,3,2,2,0.5833,2831.746,875.712,953.593,9.5214,10.0000,1.1864,0.8584,4.2697,0.4600,0.2645,0.2756,0.8571,0.1000,3.8428,1.2809,0.5085
8,3,2831,2833,3,3,3,0.2963,2831.986,892.843,1170.286,10.5669,12.0000,1.3714,0.3264,5.1236,0.7593,0.1019,0.1388,0.5301,0.2467,3.8428,1.0674,0.5000
4,3,2832,2835,4,1,1,1.0000,2833.632,506.000,1085.000,8.1119,11.0000,1.1579,0.3684,4.6963,0.9375,0.0000,0.0625,1.0000,0.0000,5.1232,1.7078,0.8158
4,3,2833,2834,2,1,3,0.6667,2833.722,522.000,1054.389,7.6849,10.0000,1.1111,0.9461,4.2695,0.7500,0.1500,0.1000,0.3162,0.0000,4.6963,1.2808,0.8333
4,3,2833,2834,2,2,2,0.5000,2833.703,756.838,979.432,7.8984,11.0000,1.1892,0.8409,4.6965,0.5916,0.1015,0.3069,0.5000,0.5000,4.6963,0.8539,0.8378
5,3,2833,2835,3,2,1,0.8333,2833.727,799.545,879.000,8.4011,10.0000,1.1364,0.9091,4.2695,0.5854,0.2927,0.1220,0.9487,0.0000,4.6963,1.2809,0.6818
7,4,2834,2836,3,1,3,0.7778,2835.016,636.000,1024.641,10.3272,11.0000,1.2031,1.2008,4.6963,0.1247,0.7481,0.1273,1.0000,0.0000,4.6960,1.2808,0.6719
5,3,2834,2836,3,1,2,0.8333,2834.959,891.000,1012.347,9.3554,16.0000,1.6327,0.3493,6.8308,0.5854,0.2927,0.1220,0.9487,0.0000,4.6960,1.2807,0.7551
7,3,2835,2836,2,3,3,0.3889,2835.661,643.441,1226.983,9.5202,11.0000,1.3051,0.5562,4.6960,0.4001,0.1348,0.4651,0.0621,0.9981,4.2691,1.0673,0.5254
8,3,2835,2837,3,2,3,0.4444,2836.041,988.918,981.507,11.0183,15.0000,1.6438,0.5151,6.4037,0.0000,0.6964,0.3036,1.0000,0.0000,3.8423,1.0673,0.5342
6,3,2838,2840,3,2,2,0.5000,2838.763,933.271,1154.508,10.2819,12.0000,1.2203,0.6095,5.1224,0.5943,0.2116,0.1941,0.8667,0.4967,5.1225,1.9209,0.5763
3,3,2839,2841,3,1,1,1.0000,2840.000,442.000,1187.000,7.3934,10.0000,1.0000,1.0000,4.2687,0.8889,0.0000,0.1111,1.0000,0.0000,4.6954,1.9208,1.0000
5,3,2839,2841,3,2,2,0.4167,2839.913,536.761,955.696,8.7813,11.0000,1.1957,0.9917,4.6956,0.5461,0.2256,0.2283,0.8117,0.4177,4.6954,2.1343,0.6957
4,3,2840,2841,2,2,2,0.5000,2840.821,433.744,652.282,8.3235,11.0000,1.1282,0.4213,4.6953,0.0000,0.5625,0.4375,0.4459,0.5774,4.9087,1.7074,0.8205
6,3,2841,2843,3,2,3,0.3333,2842.176,819.118,1031.176,8.8869,11.0000,1.2941,0.2759,4.6951,0.8257,0.0455,0.1288,0.6506,0.3940,4.0549,1.2805,0.6275
5,3,2842,2844,3,1,2,0.8333,2842.953,631.000,1151.628,8.2078,11.0000,1.2791,0.3750,4.6950,0.5854,0.2927,0.1220,0.9487,0.0000,4.6949,1.2805,0.7209
3,3,2843,2844,2,1,2,0.7500,2843.688,429.000,1171.312,7.8854,12.0000,1.1250,0.4419,5.1217,0.5333,0.2667,0.2000,0.7071,0.0000,4.6950,0.6402,1.0000
6,3,2847,2849,3,1,2,1.0000,2847.898,570.000,534.469,8.5370,10.0000,1.2245,1.0132,4.2677,0.5556,0.3333,0.1111,1.0000,0.0000,4.4810,2.1337,0.6122
3,3,2847,2848,2,1,2,0.7500,2847.677,851.000,1131.677,7.6382,11.0000,1.0645,0.4562,4.6944,0.5333,0.2667,0.2000,0.7071,0.0000,4.6945,1.2803,1.0000
8,3,2847,2848,2,2,3,0.6667,2847.552,1025.313,1099.672,10.1093,12.0000,1.4328,0.9243,5.1213,0.4396,0.1507,0.4097,0.4612,0.7878,3.6275,1.2803,0.5075
6,3,2850,2852,3,1,2,1.0000,2850.964,454.000,767.491,9.5817,13.0000,1.4182,0.5104,5.5475,0.5556,0.3333,0.1111,1.0000,0.0000,4.2673,1.7069,0.6364
3,3,2852,2852,1,2,2,0.7500,2852.000,862.688,1114.375,7.8838,12.0000,1.1250,0.6988,5.1207,0.5333,0.2667,0.2000,0.0000,1.0000,4.6939,1.2801,1.0000
4,3,2855,2856,2,1,3,0.6667,2855.432,652.000,1228.108,7.8938,11.0000,1.1892,0.4457,4.6937,0.7576,0.1294,0.1129,0.5257,0.0000,4.6936,1.4934,0.8378
4,3,2857,2859,3,1,2,0.6667,2858.025,593.000,1022.175,8.5335,12.0000,1.2000,0.1768,5.1201,0.5357,0.3214,0.1429,1.0000,0.0000,4.9068,0.8534,0.8250
6,3,2858,2860,3,2,2,0.5000,2859.358,815.151,998.679,9.2318,11.0000,1.2453,0.7827,4.6933,0.5034,0.2551,0.2415,0.9677,0.2521,3.6266,0.4267,0.6226
4,3,2858,2860,3,1,2,0.6667,2858.950,862.000,1181.500,8.5333,12.0000,1.2000,0.5025,5.1200,0.7576,0.1294,0.1129,0.8507,0.0000,4.6934,0.8533,0.8000
3,3,2858,2860,3,1,1,1.0000,2859.000,874.000,1063.000,7.3901,10.0000,1.0000,1.0000,4.2667,0.8889,0.0000,0.1111,1.0000,0.0000,4.6933,0.8534,1.0000
6,3,2860,2862,3,2,2,0.5000,2861.304,588.875,998.464,9.7541,12.0000,1.2857,0.5686,5.1199,0.6373,0.1269,0.2358,0.8795,0.0724,4.4799,1.0666,0.6071
4,3,2861,2862,2,2,1,1.0000,2861.432,629.432,1091.000,7.8931,11.0000,1.1892,0.6116,4.6932,0.0000,0.7500,0.2500,1.0000,0.0000,4.6932,1.0666,0.8378
5,3,2861,2862,2,2,2,0.6250,2861.578,761.422,863.867,8.5862,10.0000,1.1111,0.7279,4.2665,0.3432,0.2505,0.4063,0.6059,0.3645,5.1198,1.7066,0.6667
9,3,2862,2865,4,2,3,0.3750,2863.414,444.829,768.429,9.9550,11.0000,1.4143,0.7457,4.6930,0.4382,0.3887,0.1731,0.9573,0.2046,3.4131,1.7065,0.4429
6,3,2862,2864,3,2,2,0.5000,2863.333,1055.298,1001.298,9.9280,12.0000,1.2632,0.7889,5.1197,0.6075,0.1449,0.2475,0.8795,0.4086,4.4797,1.7066,0.5614
6,3,2863,2865,3,3,1,0.6667,2864.216,877.314,957.000,8.8829,12.0000,1.4118,0.7194,5.1197,0.4000,0.4800,0.1200,0.7071,0.0000,3.1998,0.0000,0.6275
6,3,2864,2865,2,2,3,0.5000,2864.480,1022.720,1070.640,8.7087,10.0000,1.2000,0.8476,4.2664,0.5943,0.2116,0.1941,0.3104,0.4643,4.2663,1.2799,0.6000
7,3,2866,2868,3,3,1,0.7778,2867.048,600.645,1105.000,9.9975,12.0000,1.3548,0.6470,5.1195,0.1247,0.7481,0.1273,1.0000,0.0000,3.8397,1.0666,0.5323
4,3,2867,2869,3,1,2,0.6667,2868.000,929.000,824.195,8.7457,13.0000,1.2683,0.1951,5.5461,0.5357,0.3214,0.1429,1.0000,0.0000,4.6928,1.0666,0.8049
4,3,2869,2870,2,2,2,0.5000,2869.250,361.775,1070.475,8.5324,11.0000,1.1000,0.5820,4.6928,0.5916,0.1015,0.3069,0.5000,0.5000,4.6928,1.2799,0.7750
7,3,2870,2872,3,1,4,0.5833,2871.310,333.000,851.345,9.3522,11.0000,1.3276,0.9512,4.6927,0.7954,0.1462,0.0584,0.4981,0.0000,3.8395,1.2798,0.5345
6,3,2870,2872,3,1,2,1.0000,2870.907,850.000,1204.537,9.4049,11.0000,1.2222,1.0544,4.6928,0.5556,0.3333,0.1111,1.0000,0.0000,4.4794,1.7064,0.5741
4,3,2871,2872,2,1,2,1.0000,2871.476,524.000,1128.452,8.9588,12.0000,1.1429,0.6921,5.1193,0.0000,0.7500,0.2500,0.0000,0.0000,5.1194,1.2798,0.8095
7,3,2872,2874,3,2,2,0.5833,2872.803,583.475,985.230,9.8358,11.0000,1.2623,0.5634,4.6927,0.4600,0.2645,0.2756,0.8571,0.1000,4.2661,1.4931,0.5246
4,3,2874,2876,3,2,1,0.6667,2875.108,690.432,995.000,7.8922,11.0000,1.1892,0.4457,4.6927,0.7576,0.1294,0.1129,0.8507,0.0000,4.6926,1.7064,0.8378
14,3,2875,2877,3,3,4,0.3889,2875.784,948.897,1297.276,13.2257,15.0000,1.8103,0.3650,6.3991,0.3745,0.3693,0.2562,0.5225,0.7344,3.8394,0.4266,0.3103
3,3,2877,2878,2,2,1,0.7500,2877.656,600.688,1111.000,7.8816,11.0000,1.0312,0.7269,4.6926,0.5333,0.2667,0.2000,0.7071,0.0000,5.1192,1.2798,1.0000
6,3,2877,2879,3,1,3,0.6667,2878.075,615.000,1224.094,9.2305,11.0000,1.2453,0.1208,4.6926,0.6944,0.2222,0.0833,0.6000,0.0000,4.2660,1.2798,0.5849
7,3,2877,2880,4,2,2,0.4375,2878.426,962.443,874.131,9.8357,10.0000,1.1475,0.6283,4.2660,0.6625,0.1752,0.1623,0.9597,0.1934,4.2660,1.2798,0.4918
4,3,2878,2880,3,1,2,0.6667,2879.077,609.000,1101.462,8.3187,11.0000,1.1282,1.0320,4.6926,0.7576,0.1294,0.1129,0.8507,0.0000,4.6926,1.2798,0.7949
7,4,2878,2879,2,1,4,0.8750,2878.545,862.000,814.273,10.6419,11.0000,1.1667,0.6098,4.6926,0.7331,0.1952,0.0717,0.1452,0.0000,3.8394,1.2798,0.6364
5,3,2879,2880,2,3,1,0.8333,2879.455,881.818,1082.000,8.3944,10.0000,1.1364,0.4896,4.2660,0.5854,0.2927,0.1220,0.3162,0.0000,4.6926,1.2798,0.6818
8,3,2881,2883,3,2,2,0.6667,2881.841,564.435,914.362,10.4070,12.0000,1.3913,0.5880,5.1192,0.5251,0.2126,0.2623,0.9213,0.3434,3.8394,1.4931,0.4928
3,3,2882,2884,3,1,1,1.0000,2883.000,435.000,1090.000,8.6205,15.0000,1.2857,0.0000,6.3990,0.8889,0.0000,0.1111,1.0000,0.0000,3.8394,0.4266,1.0000
3,3,2882,2883,2,1,2,0.7500,2882.688,834.000,1045.312,7.8816,12.0000,1.1250,0.4419,5.1192,0.5333,0.2667,0.2000,0.7071,0.0000,4.6926,1.2798,1.0000
7,3,2884,2885,2,2,3,0.5833,2884.393,577.197,834.607,9.8357,13.0000,1.4918,0.5902,5.5458,0.5694,0.1270,0.3036,0.2595,0.2173,3.8394,1.2798,0.5410
7,3,2884,2886,3,2,2,0.5833,2885.115,656.246,947.443,9.8357,11.0000,1.2623,1.0746,4.6926,0.4296,0.3471,0.2233,0.9305,0.2273,4.2660,2.1330,0.5082
7,3,2888,2890,3,2,2,0.5833,2889.254,322.610,1053.458,9.5133,12.0000,1.4237,0.6527,5.1193,0.4470,0.2636,0.2894,0.8599,0.3065,3.8395,1.2798,0.5424
8,3,2888,2890,3,3,2,0.4444,2888.590,731.269,1041.218,11.7646,14.0000,1.4359,0.6839,5.9725,0.4702,0.2602,0.2696,0.7485,0.4004,4.4794,1.4931,0.5897
4,3,2889,2890,2,2,2,0.5000,2889.556,460.833,1027.278,7.6790,10.0000,1.1111,0.6431,4.2661,0.5916,0.1015,0.3069,0.7071,0.7071,4.6927,1.7064,0.8333
9,3,2890,2891,2,3,3,0.5000,2890.586,616.114,983.814,9.9543,10.0000,1.2857,0.6250,4.2661,0.2551,0.5685,0.1764,0.4082,0.8247,3.4129,1.2798,0.4286
4,3,2890,2891,2,1,2,1.0000,2890.447,760.000,1128.579,8.1056,11.0000,1.1579,0.6143,4.6927,0.0000,0.7500,0.2500,0.0000,0.0000,4.9060,1.2798,0.8421
4,3,2891,2892,2,2,1,1.0000,2891.415,753.610,873.000,8.7456,14.0000,1.3659,0.5694,5.9726,0.0000,0.7500,0.2500,1.0000,0.0000,4.9061,1.2798,0.8537
6,3,2893,2895,3,2,2,0.5000,2893.800,599.520,891.880,8.7083,10.0000,1.2000,0.5699,4.2662,0.6373,0.1269,0.2358,0.8795,0.0724,4.6928,1.7065,0.6000
7,3,2893,2895,3,2,3,0.3889,2893.770,757.098,1013.459,9.8361,12.0000,1.3770,0.5958,5.1194,0.2873,0.4228,0.2899,0.3651,0.0289,3.8396,1.2799,0.5410
3,3,2893,2894,2,1,2,0.7500,2893.656,774.000,1254.688,7.8819,11.0000,1.0312,0.7269,4.6928,0.5333,0.2667,0.2000,0.7071,0.0000,5.1194,1.7065,1.0000
4,3,2894,2896,3,1,2,0.6667,2895.186,462.000,1021.209,9.1724,13.0000,1.2093,0.2800,5.5461,0.7500,0.1500,0.1000,0.9487,0.0000,4.9062,1.2799,0.7907
7,3,2901,2903,3,1,3,0.7778,2901.661,273.000,844.034,9.5141,11.0000,1.3051,0.3407,4.6931,0.1247,0.7481,0.1273,0.0000,0.0000,4.2665,1.2799,0.5254
8,3,2901,2903,3,1,3,0.8889,2901.841,745.000,1121.762,9.5030,11.0000,1.3968,0.7783,4.6931,0.3375,0.5625,0.1000,0.7071,0.0000,3.4132,1.2799,0.4921
9,4,2903,2907,5,3,3,0.2000,2905.280,660.707,962.747,10.6665,12.0000,1.4400,0.8012,5.1199,0.7147,0.1399,0.1454,0.8975,0.4179,3.4133,1.7066,0.5867
4,3,2905,2906,2,2,2,0.5000,2905.725,764.550,477.800,8.5332,11.0000,1.1000,0.8764,4.6933,0.5916,0.1015,0.3069,0.5000,0.5000,4.9066,1.9200,0.8000
3,3,2909,2910,2,1,2,0.7500,2909.323,369.000,1159.323,7.6366,11.0000,1.0645,0.4562,4.6934,0.5333,0.2667,0.2000,0.7071,0.0000,4.6935,0.0000,1.0000
6,3,2909,2911,3,2,2,0.5000,2909.717,554.132,854.585,9.2321,11.0000,1.2453,1.3549,4.6935,0.6373,0.1269,0.2358,0.8795,0.0724,4.4801,1.4934,0.5849
4,3,2909,2910,2,2,2,0.5000,2909.737,932.263,1133.816,8.1069,11.0000,1.1579,0.4153,4.6935,0.0000,0.5625,0.4375,0.4459,0.5774,5.1201,1.7067,0.8158
5,3,2911,2912,2,3,2,0.4167,2911.244,662.400,927.489,8.5869,12.0000,1.3333,0.6773,5.1202,0.6999,0.1281,0.1720,0.2462,0.7115,4.6935,1.4934,0.7333
5,3,2912,2914,3,2,2,0.4167,2913.140,733.860,877.140,8.2054,11.0000,1.2791,0.2417,4.6936,0.6489,0.0995,0.2515,0.9362,0.2726,4.6936,1.4934,0.7209
9,4,2914,2917,4,2,3,0.3750,2915.218,984.333,655.256,11.0943,12.0000,1.3846,0.4737,5.1205,0.8344,0.0348,0.1308,0.8937,0.4380,4.2670,1.2801,0.5513
5,3,2915,2916,2,1,3,0.8333,2915.391,549.000,1197.130,8.7781,11.0000,1.1957,0.9536,4.6937,0.6340,0.2717,0.0943,0.0000,0.0000,5.1204,1.7068,0.6739
9,3,2915,2918,4,3,2,0.3750,2916.440,641.880,1025.600,10.6678,12.0000,1.4400,0.6986,5.1206,0.4839,0.3154,0.2007,0.8863,0.2185,3.8404,1.4935,0.4533
4,3,2915,2916,2,2,2,0.5000,2915.722,781.278,1016.833,7.6807,10.0000,1.1111,0.7915,4.2671,0.0000,0.5625,0.4375,0.4459,0.5774,4.6938,1.7068,0.8333
10,5,2917,2919,3,3,2,0.5556,2918.021,437.926,793.553,12.6844,15.0000,1.5957,0.4535,6.4008,0.5085,0.2725,0.2190,0.7547,0.0837,4.6939,1.7069,0.6277
6,3,2920,2921,2,2,3,0.5000,2920.519,699.385,935.000,9.0591,11.0000,1.2692,0.6157,4.6941,0.4412,0.1872,0.3716,0.6154,0.7882,4.4807,1.7069,0.5962
6,3,2922,2924,3,2,1,1.0000,2922.980,827.451,486.000,8.8851,10.0000,1.1765,1.0791,4.2674,0.5556,0.3333,0.1111,1.0000,0.0000,4.2674,1.0669,0.5882
5,3,2923,2924,2,2,2,0.6250,2923.159,759.636,1064.477,8.3972,11.0000,1.2500,0.6563,4.6942,0.3432,0.2505,0.4063,0.5155,0.8569,4.6942,1.7070,0.7045
4,3,2924,2925,2,1,2,1.0000,2924.513,445.000,1182.564,8.3217,12.0000,1.2308,0.6730,5.1210,0.0000,0.7500,0.2500,0.0000,0.0000,4.6943,0.8535,0.8205
6,3,2924,2925,2,2,2,0.7500,2924.426,881.426,1027.759,9.4079,14.0000,1.5556,0.6487,5.9745,0.2667,0.1333,0.6000,0.7071,0.7071,4.4809,2.1337,0.6296
7,3,2927,2929,3,2,2,0.5833,2928.052,322.724,902.759,9.3556,11.0000,1.3276,0.3702,4.6944,0.6517,0.0773,0.2710,0.8881,0.0000,3.8409,1.4937,0.5345
4,3,2930,2932,3,1,2,0.6667,2930.842,523.000,929.842,8.1088,12.0000,1.2632,0.2233,5.1214,0.7500,0.1500,0.1000,0.9487,0.0000,5.1214,0.4268,0.8421
4,3,2930,2931,2,1,3,0.6667,2930.227,534.000,1009.545,9.3891,16.0000,1.4545,0.5909,6.8284,0.7500,0.1500,0.1000,0.3162,0.0000,5.1213,2.1339,0.8636
3,3,2930,2932,3,1,1,1.0000,2931.030,869.000,1140.000,8.1313,12.0000,1.0909,0.0303,5.1214,0.8889,0.0000,0.1111,1.0000,0.0000,5.1214,1.2803,1.0000
4,3,2932,2933,2,2,1,1.0000,2932.475,609.450,1199.000,8.5357,11.0000,1.1000,0.6543,4.6947,0.0000,0.7500,0.2500,1.0000,0.0000,4.9080,1.2803,0.8000
8,3,2935,2937,3,3,2,0.4444,2936.014,835.000,963.658,11.0154,13.0000,1.4247,0.3427,5.5484,0.6609,0.0939,0.2453,0.9239,0.3827,4.0546,0.4268,0.4658
7,4,2935,2937,3,2,2,0.5833,2936.238,1019.619,1037.349,10.1629,12.0000,1.3333,0.7908,5.1216,0.4600,0.2645,0.2756,0.8571,0.1000,4.6948,1.2804,0.6667
5,3,2942,2944,3,1,2,0.8333,2942.913,348.000,871.391,8.7804,11.0000,1.1957,1.1552,4.6950,0.5854,0.2927,0.1220,0.9487,0.0000,4.6950,1.9207,0.6739
6,3,2942,2943,2,2,3,0.5000,2942.426,792.852,1266.778,9.4093,12.0000,1.3333,0.5027,5.1218,0.3810,0.3333,0.2857,0.3162,0.5071,4.2682,1.7073,0.6111
11,3,2942,2944,3,2,4,0.4583,2943.124,894.708,725.427,11.4534,12.0000,1.4831,0.5319,5.1218,0.6346,0.1741,0.1913,0.0821,0.0710,3.8414,1.7073,0.3596
9,3,2942,2943,2,2,4,0.5625,2942.368,919.408,847.513,10.8127,10.0000,1.1842,1.6099,4.2682,0.7576,0.1289,0.1136,0.0131,0.1826,4.2682,1.2804,0.5263
4,3,2943,2944,2,1,3,0.6667,2943.432,802.000,1259.108,7.8961,11.0000,1.1892,0.4457,4.6950,0.7576,0.1294,0.1129,0.5257,0.0000,4.6950,1.0670,0.8378
8,4,2944,2947,4,2,3,0.3333,2945.630,682.082,949.726,11.0160,13.0000,1.4247,0.4676,5.5487,0.5911,0.2295,0.1794,0.8759,0.1713,4.4816,1.2805,0.6164
23,8,2946,2949,4,3,4,0.4792,2947.533,108.111,706.719,17.7107,14.0000,1.6181,1.3684,5.9755,0.4516,0.2181,0.3303,0.6251,0.2162,2.9878,0.4268,0.4673
6,3,2948,2950,3,2,2,0.5000,2948.667,869.556,1040.130,9.4095,12.0000,1.3333,0.5705,5.1219,0.6373,0.1269,0.2358,0.8795,0.0724,4.0548,1.2805,0.6111
5,3,2949,2951,3,1,2,0.8333,2950.133,820.000,1100.711,8.5897,11.0000,1.2222,1.1696,4.6951,0.5854,0.2927,0.1220,0.9487,0.0000,4.6951,0.8536,0.7111
7,3,2950,2952,3,2,2,0.5833,2950.831,437.576,868.220,9.5181,10.0000,1.1864,0.9580,4.2682,0.3883,0.1309,0.4808,0.9235,0.3259,3.8414,1.4939,0.5085
7,3,2950,2951,2,2,3,0.5833,2950.603,572.638,1102.052,9.3568,11.0000,1.3276,0.7529,4.6951,0.4858,0.0882,0.4261,0.0000,0.3827,4.2682,1.7073,0.5345
7,3,2950,2952,3,2,3,0.3889,2951.203,774.729,976.881,9.5181,12.0000,1.4237,0.9443,5.1219,0.7346,0.1174,0.1480,0.6533,0.6148,3.4146,1.2805,0.5593
7,3,2951,2953,3,1,3,0.7778,2951.707,994.000,1174.155,9.3568,11.0000,1.3276,0.3316,4.6950,0.4747,0.4312,0.0941,0.5071,0.0000,3.8414,0.8536,0.5345
5,3,2952,2953,2,2,2,0.6250,2952.372,493.465,658.302,8.2079,10.0000,1.1628,0.6680,4.2682,0.2938,0.4054,0.3007,0.0000,0.3029,4.6950,1.2805,0.6977
6,4,2952,2954,3,2,2,0.5000,2953.309,878.891,1041.491,9.5837,12.0000,1.3091,0.8545,5.1219,0.3810,0.3333,0.2857,0.9487,0.1690,4.6950,1.2805,0.7818
5,3,2954,2956,3,3,1,0.5556,2954.841,636.977,993.000,8.3987,11.0000,1.2500,0.1607,4.6950,0.5532,0.3398,0.1070,0.8281,0.0000,4.6950,1.7073,0.7045
8,3,2954,2955,2,4,2,0.5000,2954.364,874.970,926.197,9.9597,11.0000,1.3333,0.4147,4.6950,0.7840,0.0463,0.1697,0.2942,0.8903,3.6280,1.2805,0.4697
5,3,2956,2958,3,1,2,0.8333,2957.109,1007.000,1126.370,8.7804,11.0000,1.1957,0.3852,4.6950,0.5854,0.2927,0.1220,0.9487,0.0000,4.6950,0.4268,0.6739
6,3,2957,2959,3,2,3,0.3333,2958.082,779.122,1262.163,8.5381,11.0000,1.3469,0.2198,4.6950,0.5367,0.2153,0.2481,0.4430,0.2219,3.8413,1.2804,0.6327
11,3,2957,2959,3,3,4,0.3056,2957.583,832.238,1049.262,10.8100,12.0000,1.5714,0.6823,5.1218,0.6954,0.1565,0.1480,0.3103,0.2684,3.4145,1.4938,0.3810
9,4,2957,2959,3,3,4,0.2500,2958.182,1064.182,853.195,10.9549,11.0000,1.2857,0.3226,4.6950,0.7236,0.1646,0.1118,0.0714,0.0432,4.2682,1.2804,0.5455
9,3,2958,2960,3,2,2,0.7500,2958.931,936.583,756.278,10.2435,13.0000,1.6250,0.6498,5.5486,0.4444,0.2963,0.2593,1.0000,0.0000,2.9877,1.2804,0.4722
6,3,2958,2960,3,2,2,0.5000,2959.208,951.113,1053.604,9.2350,13.0000,1.4717,1.0027,5.5485,0.7074,0.0897,0.2030,0.9140,0.2540,4.2681,1.2804,0.6226
6,3,2959,2961,3,3,2,0.3333,2960.127,482.127,770.891,9.5835,15.0000,1.6364,0.2105,6.4022,0.4961,0.2890,0.2148,0.6616,0.1302,4.0547,1.2804,0.6545
5,3,2960,2962,3,2,2,0.4167,2960.958,417.583,1194.812,9.1620,11.0000,1.1458,0.4588,4.6949,0.5461,0.2256,0.2283,0.8117,0.4177,4.6949,1.2804,0.6458
3,3,2962,2963,2,1,2,0.7500,2962.645,774.000,925.677,7.6389,11.0000,1.0645,0.7213,4.6949,0.5333,0.2667,0.2000,0.7071,0.0000,5.1216,1.7072,1.0000
6,3,2964,2967,4,2,2,0.3750,2965.231,791.846,1108.846,9.0605,10.0000,1.1538,1.2499,4.2680,0.8444,0.0252,0.1304,0.9761,0.1745,4.2680,0.8536,0.5769
6,3,2964,2965,2,2,2,0.7500,2964.481,801.750,844.327,9.0605,12.0000,1.3846,0.6626,5.1216,0.2000,0.3333,0.4667,0.0000,0.0000,4.0546,1.2804,0.6154
7,3,2966,2968,3,3,2,0.3889,2967.317,888.000,931.603,10.1627,13.0000,1.4444,0.5082,5.5483,0.4888,0.1571,0.3542,0.8671,0.4863,3.4143,1.7072,0.6032
7,3,2967,2969,3,2,2,0.5833,2967.912,974.895,722.544,9.1948,11.0000,1.3509,1.1842,4.6947,0.5916,0.2044,0.2040,0.9664,0.1591,3.4143,1.2804,0.5439
6,3,2969,2971,3,1,3,0.6667,2969.760,582.000,1003.480,8.7117,12.0000,1.4400,0.5367,5.1214,0.6061,0.3030,0.0909,0.7071,0.0000,3.8410,1.2804,0.6400
5,3,2972,2973,2,3,2,0.4167,2972.755,424.959,648.878,9.3521,15.0000,1.5306,0.2768,6.4016,0.6489,0.0995,0.2515,0.1100,0.3726,4.6945,1.7071,0.7551
6,3,2972,2973,2,2,3,0.5000,2972.245,934.857,700.878,8.5373,10.0000,1.2245,0.9222,4.2678,0.5230,0.1584,0.3185,0.3667,0.5079,4.0544,1.2803,0.6122
4,3,2973,2974,2,2,1,1.0000,2973.459,708.459,788.000,7.8953,10.0000,1.0811,0.6498,4.2677,0.0000,0.7500,0.2500,1.0000,0.0000,4.6945,2.1339,0.8108
6,3,2975,2976,2,4,2,0.3750,2975.471,366.314,1156.882,8.8856,10.0000,1.1765,0.5777,4.2677,0.7696,0.0995,0.1309,0.3958,0.7364,4.2677,1.2803,0.5882
9,3,2975,2978,4,2,4,0.2812,2976.554,429.919,890.622,10.5269,12.0000,1.4595,0.8366,5.1212,0.7699,0.1131,0.1169,0.7214,0.0543,3.8408,1.2803,0.4324
3,3,2977,2978,2,2,1,0.7500,2977.312,506.688,846.000,7.8845,12.0000,1.1250,0.4419,5.1212,0.5333,0.2667,0.2000,0.7071,0.0000,4.6944,0.4268,1.0000
8,3,2978,2980,3,4,1,0.6667,2978.879,467.106,1006.000,9.9582,11.0000,1.3333,0.1611,4.6943,0.5857,0.3408,0.0735,0.4132,0.0000,4.0542,1.0669,0.4697
7,3,2979,2982,4,2,3,0.2917,2980.895,565.105,1000.333,9.1940,12.0000,1.4737,0.3651,5.1211,0.4351,0.4152,0.1497,0.9797,0.1869,3.8408,1.2803,0.5614
7,3,2982,2984,3,2,2,0.5833,2982.983,913.390,844.119,9.5165,11.0000,1.3051,1.0642,4.6943,0.5916,0.2044,0.2040,0.9664,0.1591,3.4140,1.7070,0.5424
7,3,2983,2985,3,2,3,0.3889,2984.443,682.803,1193.492,9.8391,15.0000,1.7213,0.7689,6.4012,0.6470,0.1845,0.1685,0.6530,0.4508,2.1338,0.4267,0.6066
4,3,2984,2986,3,1,2,0.6667,2985.175,672.000,1189.150,8.5350,12.0000,1.2000,0.8385,5.1210,0.7500,0.1500,0.1000,0.9487,0.0000,5.1210,1.2802,0.8500
6,3,2985,2986,2,1,4,0.7500,2985.647,493.000,813.490,8.8852,11.0000,1.2941,0.6201,4.6942,0.6944,0.2222,0.0833,0.0000,0.0000,3.4140,0.4267,0.6078
6,3,2985,2987,3,2,2,0.5000,2985.963,494.481,943.222,9.4079,11.0000,1.2222,1.0993,4.6942,0.4412,0.1872,0.3716,0.7882,0.6154,4.6942,1.7070,0.6111
8,3,2985,2987,3,2,2,0.6667,2985.771,649.343,489.714,10.5615,11.0000,1.2571,0.8912,4.6942,0.4961,0.2369,0.2670,0.9586,0.0986,4.2675,1.2802,0.4429
9,4,2988,2990,3,4,2,0.3750,2989.487,543.079,948.487,10.8110,12.0000,1.4211,1.2901,5.1210,0.5334,0.3512,0.1155,0.5062,0.3838,4.6943,1.7070,0.5526
7,4,2988,2990,3,2,2,0.5833,2988.831,815.908,999.385,10.4843,12.0000,1.2923,0.9201,5.1210,0.5916,0.2044,0.2040,0.9664,0.1591,4.6943,1.2803,0.6769
9,5,2991,2993,3,2,2,0.7500,2991.874,663.484,1022.442,13.5139,15.0000,1.4211,0.6677,6.4013,0.5117,0.1619,0.3264,0.9082,0.4082,5.1210,0.8535,0.6737
8,3,2991,2992,2,2,3,0.6667,2991.414,669.571,1016.314,10.5616,12.0000,1.3714,0.9086,5.1210,0.4685,0.1696,0.3619,0.3645,0.6059,4.0542,1.2803,0.4857
5,3,2993,2995,3,2,2,0.4167,2993.891,527.522,1091.696,8.7792,11.0000,1.1957,1.0767,4.6944,0.7383,0.0485,0.2132,0.7071,0.0000,4.6944,1.2803,0.6957
8,3,2994,2996,3,3,2,0.4444,2994.838,605.265,1208.353,10.2601,10.0000,1.1765,0.9472,4.2676,0.6579,0.1126,0.2295,0.7749,0.4825,4.0542,1.2803,0.4412
8,3,2996,2999,4,3,2,0.3333,2997.563,511.014,1140.352,10.7130,15.0000,1.6901,0.5611,6.4016,0.5337,0.2413,0.2250,0.9527,0.0706,3.8410,0.8535,0.5070
3,3,2996,2998,3,1,1,1.0000,2997.032,533.000,1210.000,7.6383,11.0000,1.0645,0.9677,4.6945,0.8889,0.0000,0.1111,1.0000,0.0000,4.6945,0.8535,1.0000
8,3,2996,2998,3,4,1,0.6667,2996.738,572.138,512.000,9.8076,10.0000,1.2308,0.7513,4.2677,0.6094,0.3281,0.0625,0.5547,0.0000,4.0543,1.2803,0.4615
7,3,2997,3000,4,2,3,0.2917,2998.828,647.906,1208.109,10.3237,13.0000,1.4219,0.8406,5.5481,0.8404,0.0680,0.0916,0.8948,0.3366,3.8411,0.8536,0.5469
6,3,2998,3000,3,2,2,0.5000,2998.879,817.293,1112.241,10.1055,14.0000,1.4483,0.9578,5.9748,0.1333,0.2667,0.6000,1.0000,0.0000,3.2009,0.4268,0.6379
3,3,2999,3001,3,1,1,1.0000,3000.000,543.000,763.000,7.3921,10.0000,1.0000,1.0000,4.2679,0.8889,0.0000,0.1111,1.0000,0.0000,4.6946,2.5607,1.0000
7,4,3000,3002,3,2,2,0.5833,3000.696,641.768,1100.304,11.1305,15.0000,1.5217,0.4889,6.4019,0.3772,0.3083,0.3146,0.9758,0.2185,4.6946,1.4937,0.6957
10,3,3000,3003,4,3,3,0.2778,3001.571,708.104,470.649,10.3923,10.0000,1.2987,0.8712,4.2680,0.6328,0.1412,0.2259,0.6894,0.4136,3.4144,1.2804,0.3896
5,4,3001,3003,3,1,2,0.8333,3001.681,472.000,984.553,8.9708,11.0000,1.1702,0.8773,4.6947,0.5854,0.2927,0.1220,0.9487,0.0000,4.6948,0.4268,0.8723
5,3,3002,3004,3,2,2,0.4167,3003.022,751.267,1022.133,8.5893,12.0000,1.3333,1.0222,5.1217,0.1521,0.5234,0.3245,1.0000,0.0000,4.6948,1.2804,0.7333
6,3,3002,3004,3,2,2,0.5000,3002.786,848.875,1141.607,9.7575,11.0000,1.1786,1.0008,4.6948,0.5230,0.1584,0.3185,0.9225,0.0898,4.4814,1.2804,0.5714
6,3,3002,3004,3,1,3,0.6667,3003.182,886.000,896.091,9.5833,13.0000,1.4182,0.9271,5.5485,0.6944,0.2222,0.0833,0.6000,0.0000,4.2681,1.2804,0.6000
5,3,3003,3004,2,1,3,0.8333,3003.365,748.000,1134.269,9.9254,13.0000,1.2500,0.4539,5.5485,0.5854,0.2927,0.1220,0.3162,0.0000,5.1217,1.7072,0.7115
4,3,3003,3004,2,1,2,1.0000,3003.452,868.000,1026.500,8.9630,13.0000,1.2381,0.6743,5.5485,0.0000,0.7500,0.2500,0.0000,0.0000,4.9083,2.5608,0.8095
3,3,3007,3008,2,1,2,0.7500,3007.677,399.000,842.323,7.6395,11.0000,1.0645,0.4562,4.6953,0.5333,0.2667,0.2000,0.7071,0.0000,4.6953,1.0671,1.0000
5,3,3007,3009,3,1,2,0.8333,3007.696,596.000,804.587,8.7809,11.0000,1.1957,0.5131,4.6953,0.5854,0.2927,0.1220,0.9487,0.0000,3.8415,0.6403,0.6739
7,3,3007,3009,3,2,2,0.5833,3008.017,886.897,966.397,9.3573,11.0000,1.3276,1.0967,4.6953,0.5916,0.2044,0.2040,0.9664,0.1591,3.4148,1.2805,0.5517
7,3,3009,3012,4,2,2,0.4375,3010.417,569.733,1173.833,9.6804,11.0000,1.2833,0.6627,4.6956,0.6673,0.1280,0.2047,0.9953,0.0695,4.2687,1.2806,0.5167
3,3,3011,3012,2,2,1,0.7500,3011.676,523.324,946.000,8.3796,12.0000,1.0588,0.4575,5.1226,0.5333,0.2667,0.2000,0.7071,0.0000,5.1226,1.9209,1.0000
3,3,3013,3015,3,1,1,1.0000,3014.081,387.000,986.000,9.1195,14.0000,1.1351,0.9189,5.9768,0.8889,0.0000,0.1111,1.0000,0.0000,5.5498,1.9211,1.0000
6,3,3013,3015,3,1,2,1.0000,3013.927,1010.000,746.455,9.5856,13.0000,1.4182,0.4603,5.5498,0.5556,0.3333,0.1111,1.0000,0.0000,4.0556,1.2807,0.6364
7,3,3014,3017,4,2,2,0.4375,3014.986,804.268,1071.873,11.4565,15.0000,1.4789,0.2964,6.4037,0.7514,0.0882,0.1604,0.9757,0.1283,4.4826,2.1345,0.5775
4,3,3015,3017,3,1,2,0.6667,3016.081,858.000,679.459,7.8982,10.0000,1.0811,0.4666,4.2694,0.7576,0.1294,0.1129,0.8507,0.0000,4.6962,1.4942,0.8108
9,4,3019,3022,4,2,3,0.3750,3020.449,873.205,1013.192,11.1015,12.0000,1.3846,0.5295,5.1237,0.7381,0.0632,0.1987,0.7331,0.2852,3.8429,2.1348,0.5513
15,3,3020,3023,4,3,5,0.2500,3021.931,116.838,613.469,14.3325,14.0000,1.6154,0.5591,5.9780,0.7074,0.0674,0.2252,0.5964,0.1955,3.8429,1.7080,0.3846
4,3,3021,3023,3,1,2,0.6667,3022.000,610.000,867.825,8.5400,13.0000,1.3000,0.1750,5.5510,0.5357,0.3214,0.1429,1.0000,0.0000,4.6970,1.2810,0.8250
6,3,3021,3023,3,1,2,1.0000,3021.900,845.000,893.540,8.7160,11.0000,1.3200,0.4707,4.6970,0.5556,0.3333,0.1111,1.0000,0.0000,4.0564,1.2810,0.6200
6,3,3021,3022,2,2,3,0.5000,3021.327,901.115,972.808,9.0645,13.0000,1.5000,0.3965,5.5508,0.5230,0.1584,0.3185,0.3667,0.5079,3.8429,1.2810,0.6538
5,3,3022,3023,2,2,2,0.6250,3022.511,507.872,917.383,8.9752,12.0000,1.2766,0.6509,5.1240,0.3432,0.2505,0.4063,0.6059,0.3645,5.1240,0.4270,0.7234
5,3,3022,3023,2,3,1,0.8333,3022.587,840.348,1120.000,8.7843,11.0000,1.1957,0.8774,4.6971,0.5854,0.2927,0.1220,0.3162,0.0000,4.6971,1.9215,0.6957
6,4,3025,3027,3,3,1,0.6667,3026.246,565.351,672.000,9.9375,11.0000,1.1579,0.6940,4.6976,0.2083,0.6667,0.1250,0.4472,0.0000,4.6976,1.2812,0.7368
4,3,3026,3027,2,1,2,1.0000,3026.550,723.000,1149.400,8.5410,12.0000,1.2000,0.6801,5.1247,0.0000,0.7500,0.2500,0.0000,0.0000,5.1246,1.2811,0.8500
8,3,3028,3031,4,2,2,0.5000,3029.797,521.081,1043.459,11.1739,16.0000,1.7297,0.5087,6.8335,0.6810,0.1576,0.1614,0.9830,0.0199,4.4845,1.9219,0.4865
6,3,3028,3029,2,2,3,0.5000,3028.500,694.500,978.037,9.4150,11.0000,1.2222,0.7081,4.6979,0.6168,0.1058,0.2774,0.5000,0.5000,4.4842,1.2812,0.5741
6,3,3031,3034,4,2,2,0.3750,3033.000,556.259,735.889,9.4161,12.0000,1.3333,1.0390,5.1255,0.8265,0.0815,0.0920,0.9519,0.0737,4.2713,0.4271,0.6296
4,3,3031,3033,3,1,2,0.6667,3032.081,792.000,1147.270,7.9016,10.0000,1.0811,0.2822,4.2712,0.5357,0.3214,0.1429,1.0000,0.0000,4.6982,0.8542,0.8108
5,3,3032,3034,3,1,2,0.8333,3032.771,573.000,1160.375,9.1687,13.0000,1.3542,0.4395,5.5526,0.5854,0.2927,0.1220,0.9487,0.0000,4.6982,1.2814,0.6875
6,3,3032,3033,2,3,3,0.3333,3032.612,983.367,834.388,8.5441,10.0000,1.2245,1.4870,4.2712,0.6154,0.2308,0.1538,0.4264,0.9045,4.0576,1.2814,0.6122
10,4,3032,3035,4,2,3,0.4167,3033.482,1038.753,813.741,11.4809,11.0000,1.2941,0.6006,4.6983,0.5690,0.1624,0.2686,0.9534,0.1330,4.0577,1.2814,0.4824
7,3,3033,3035,3,1,3,0.7778,3034.271,596.000,1117.068,9.5251,11.0000,1.3051,0.2795,4.6985,0.4747,0.4312,0.0941,0.5071,0.0000,3.8443,0.8543,0.5254
4,3,3033,3034,2,1,2,1.0000,3033.436,619.000,705.410,8.3290,12.0000,1.2308,0.5986,5.1255,0.0000,0.7500,0.2500,0.0000,0.0000,4.9120,1.2814,0.8462
8,3,3035,3037,3,3,3,0.2963,3036.324,502.634,859.887,10.7225,14.0000,1.5775,0.5017,5.9801,0.4847,0.3235,0.1918,0.5863,0.5594,4.2715,1.7086,0.5211
8,3,3036,3037,2,2,4,0.5000,3036.449,463.493,1109.739,10.4205,11.0000,1.2754,0.7160,4.6988,0.6685,0.1141,0.2174,0.3313,0.7071,4.4850,1.4950,0.4638
11,3,3037,3039,3,4,2,0.4583,3037.854,694.056,909.135,11.4628,13.0000,1.6067,0.2066,5.5532,0.5594,0.2834,0.1573,0.3275,0.0363,3.4174,1.2815,0.4045
7,3,3041,3042,2,2,2,0.8750,3041.431,621.397,612.672,9.3649,12.0000,1.4483,0.7670,5.1263,0.0000,0.3318,0.6682,0.7071,0.5774,3.4176,1.2816,0.5517
8,3,3043,3045,3,2,2,0.6667,3044.333,951.212,921.515,9.9687,11.0000,1.3333,0.8512,4.6993,0.6000,0.1500,0.2500,0.9487,0.3162,3.8449,1.0680,0.4697
4,3,3044,3045,2,2,2,0.5000,3044.600,945.250,916.850,8.5441,14.0000,1.4000,0.4950,5.9809,0.5916,0.1015,0.3069,0.7071,0.7071,4.6993,1.2816,0.8500
7,3,3045,3048,4,2,2,0.4375,3046.915,1011.339,1050.898,9.5269,11.0000,1.3051,0.9813,4.6994,0.7122,0.1467,0.1411,0.9661,0.0989,3.4177,1.2816,0.5593
8,4,3047,3049,3,3,3,0.2963,3048.176,611.382,651.000,10.2710,10.0000,1.1765,0.4211,4.2722,0.3113,0.2501,0.4385,0.2230,0.1154,4.2722,1.2817,0.5882
5,3,3048,3049,2,2,2,0.6250,3048.370,684.348,524.130,8.7887,13.0000,1.4130,0.5240,5.5538,0.3432,0.2505,0.4063,0.6059,0.3645,4.6994,1.0680,0.7391
6,3,3048,3050,3,2,3,0.3333,3049.074,913.852,961.426,9.4182,12.0000,1.3333,0.5975,5.1266,0.7397,0.1062,0.1541,0.6563,0.4773,4.2722,1.7089,0.5926
6,3,3049,3052,4,2,2,0.3750,3050.293,773.103,650.138,10.1159,14.0000,1.4483,0.3401,5.9811,0.7449,0.0647,0.1904,0.9950,0.0995,4.2722,1.2817,0.6379
6,3,3050,3053,4,2,2,0.3750,3051.633,632.878,1033.878,8.5462,11.0000,1.3469,0.4061,4.6994,0.8889,0.0159,0.0952,0.9733,0.2294,3.8450,0.8544,0.6327
6,3,3052,3053,2,3,2,0.5000,3052.580,560.800,735.240,8.7206,11.0000,1.3200,0.6588,4.6994,0.6381,0.1455,0.2164,0.3327,0.3629,3.8450,1.0681,0.6400
8,3,3053,3056,4,2,2,0.5000,3054.516,651.203,685.328,9.6668,11.0000,1.3750,0.8528,4.6994,0.7500,0.0938,0.1562,1.0000,0.0000,3.6313,1.0680,0.4844
10,3,3054,3056,3,2,4,0.4167,3055.089,689.241,1052.684,10.6727,11.0000,1.3924,0.7300,4.6994,0.4861,0.3641,0.1498,0.4063,0.1598,3.6313,1.2816,0.3924
16,4,3056,3059,4,4,3,0.3333,3057.821,109.127,753.634,14.3114,14.0000,1.6716,0.4265,5.9809,0.4251,0.3000,0.2749,0.5814,0.2773,2.5633,0.4272,0.3731
8,3,3060,3062,3,2,3,0.4444,3061.138,726.185,1275.169,9.8172,11.0000,1.3538,0.2862,4.6991,0.5721,0.1831,0.2448,0.8600,0.3843,3.4176,1.2816,0.4923
3,3,3061,3062,2,2,1,0.7500,3061.323,514.323,861.000,7.6458,11.0000,1.0645,0.4562,4.6991,0.5333,0.2667,0.2000,0.7071,0.0000,4.6991,2.3495,1.0000
4,3,3062,3064,3,1,2,0.6667,3062.892,857.000,903.297,7.9028,11.0000,1.1892,0.7110,4.6990,0.5357,0.3214,0.1429,1.0000,0.0000,4.6990,1.4951,0.8378
7,3,3066,3067,2,3,2,0.5833,3066.574,459.197,778.787,9.8483,12.0000,1.3770,0.5155,5.1258,0.3883,0.1309,0.4808,0.3626,0.5691,4.2715,1.7086,0.5246
8,3,3067,3070,4,2,2,0.5000,3068.563,524.254,864.338,10.7220,12.0000,1.3521,0.7042,5.1257,0.6066,0.1994,0.1941,0.9479,0.2003,4.4848,1.2814,0.4648
3,3,3067,3068,2,1,2,0.7500,3067.303,557.000,1072.697,8.1382,13.0000,1.1818,0.4285,5.5529,0.5333,0.2667,0.2000,0.7071,0.0000,3.8443,0.8543,1.0000
3,3,3068,3069,2,1,2,0.7500,3068.323,409.000,615.355,7.6448,11.0000,1.0645,0.7213,4.6985,0.5333,0.2667,0.2000,0.7071,0.0000,4.6985,1.2814,1.0000
6,3,3069,3071,3,1,3,0.6667,3069.980,665.000,1104.137,8.8929,12.0000,1.4118,0.1386,5.1255,0.6944,0.2222,0.0833,0.8000,0.0000,4.0576,1.0678,0.6275
4,3,3070,3072,3,2,1,0.6667,3071.051,789.154,1168.000,8.3287,12.0000,1.2308,0.9611,5.1252,0.5357,0.3214,0.1429,1.0000,0.0000,5.3389,1.7085,0.8462
7,4,3070,3072,3,2,2,0.5833,3071.125,920.094,1043.453,10.3317,12.0000,1.3125,0.4793,5.1253,0.4600,0.2645,0.2756,1.0000,0.0000,4.6981,1.7084,0.7031
7,3,3072,3075,4,2,2,0.4375,3073.750,638.589,558.214,9.0397,11.0000,1.3750,0.9776,4.6980,0.7737,0.1251,0.1012,0.9494,0.3132,3.8436,1.7083,0.5536
7,3,3072,3074,3,1,4,0.5833,3072.741,900.000,1210.621,9.3627,12.0000,1.4483,0.8328,5.1252,0.7600,0.1784,0.0616,0.6636,0.0000,3.4167,0.4271,0.5517
9,4,3073,3075,3,2,3,0.5000,3074.123,793.822,896.068,10.3923,11.0000,1.3562,0.2272,4.6979,0.3738,0.3019,0.3244,0.8974,0.1487,3.8437,1.4948,0.5616
3,3,3073,3074,2,1,2,0.7500,3073.312,1025.000,1033.312,7.8906,12.0000,1.1250,0.4419,5.1251,0.5333,0.2667,0.2000,0.7071,0.0000,4.6980,1.4948,1.0000
10,4,3076,3077,2,2,6,0.4167,3076.065,882.516,1195.000,12.5595,12.0000,1.2903,1.1272,5.1247,0.8833,0.0650,0.0517,0.0389,0.9593,3.6301,0.8542,0.5914
5,3,3080,3081,2,2,2,0.6250,3080.533,805.867,962.533,8.5935,11.0000,1.2222,0.7659,4.6972,0.3432,0.2505,0.4063,0.6059,0.3645,4.6971,1.2811,0.6889
5,3,3082,3083,2,1,3,0.8333,3082.574,559.000,655.617,8.9750,13.0000,1.3830,0.8430,5.5510,0.5854,0.2927,0.1220,0.3162,0.0000,4.6969,1.7079,0.7234
21,5,3083,3086,4,3,6,0.2917,3084.497,121.419,590.827,16.6782,15.0000,1.7598,0.6770,6.4046,0.7231,0.0954,0.1815,0.3746,0.3140,3.4159,1.7079,0.3575
4,3,3083,3084,2,1,2,1.0000,3083.564,378.000,900.410,8.3262,12.0000,1.2308,0.5986,5.1238,0.0000,0.7500,0.2500,0.0000,0.0000,4.9103,1.7079,0.8462
4,3,3083,3085,3,1,2,0.6667,3083.878,470.000,992.146,8.7532,14.0000,1.3659,0.1905,5.9777,0.7500,0.1500,0.1000,0.9487,0.0000,4.0564,1.2809,0.8537
8,3,3083,3085,3,4,2,0.3333,3083.925,628.970,845.104,10.1144,12.0000,1.4328,0.1318,5.1238,0.5840,0.2212,0.1948,0.2529,0.0819,3.6294,1.2809,0.4776
6,3,3083,3085,3,2,2,0.5000,3084.250,940.654,537.115,9.0643,11.0000,1.2692,0.4423,4.6968,0.5230,0.1584,0.3185,0.9225,0.0898,4.2698,1.7079,0.5962
7,3,3083,3086,4,3,2,0.2917,3084.567,1064.950,980.267,9.6829,12.0000,1.4000,0.5113,5.1237,0.5824,0.2328,0.1848,0.9347,0.0195,4.2697,1.7079,0.5333
7,3,3087,3088,2,2,3,0.5833,3087.458,623.797,907.068,9.5210,12.0000,1.4237,0.5054,5.1235,0.5557,0.1817,0.2626,0.3005,0.5425,3.8426,1.7078,0.5593
4,3,3087,3088,2,2,1,1.0000,3087.575,677.425,511.000,8.5390,12.0000,1.2000,0.6010,5.1234,0.0000,0.7500,0.2500,1.0000,0.0000,5.1234,0.4269,0.8500
10,3,3088,3089,2,3,3,0.5556,3088.513,907.051,774.346,10.5309,11.0000,1.4103,0.8170,4.6963,0.5001,0.0573,0.4426,0.1785,0.9646,3.8425,1.2808,0.3974
7,3,3093,3094,2,2,3,0.5833,3093.484,577.438,924.875,10.3267,12.0000,1.3125,0.7732,5.1228,0.5352,0.1763,0.2885,0.2673,0.0986,4.2691,1.0673,0.5156
9,3,3094,3097,4,3,3,0.2500,3095.407,510.889,746.877,11.5262,13.0000,1.4444,0.9730,5.5497,0.6636,0.1890,0.1474,0.6317,0.1678,3.8421,1.4941,0.4691
6,3,3094,3095,2,2,2,0.7500,3094.302,771.566,558.698,9.2369,11.0000,1.2453,0.6088,4.6959,0.2000,0.3333,0.4667,0.7071,0.7071,4.4824,1.7076,0.5849
7,4,3096,3098,3,2,2,0.5833,3097.032,714.365,1174.714,10.1649,13.0000,1.4444,0.4647,5.5495,0.3883,0.1309,0.4808,0.9235,0.3259,4.6958,0.8538,0.6984
5,3,3099,3101,3,2,2,0.4167,3099.896,945.854,665.479,9.1634,12.0000,1.2500,0.5116,5.1225,0.5461,0.2256,0.2283,0.8117,0.4177,4.2688,0.6403,0.7292
5,3,3100,3102,3,2,1,0.8333,3101.326,481.395,1062.000,8.2088,10.0000,1.1628,0.5122,4.2687,0.5854,0.2927,0.1220,0.9487,0.0000,4.6956,0.8538,0.6977
12,3,3102,3104,3,2,4,0.5000,3102.766,835.138,951.798,11.5833,13.0000,1.6596,0.3388,5.5493,0.5288,0.2887,0.1825,0.3139,0.1415,3.4150,0.8537,0.3511
4,3,3103,3105,3,2,1,0.6667,3103.900,593.250,902.000,8.5374,12.0000,1.2000,0.2693,5.1224,0.5357,0.3214,0.1429,1.0000,0.0000,4.9090,2.5612,0.8250
7,3,3104,3106,3,3,3,0.2593,3105.283,477.233,938.083,9.6805,13.0000,1.5167,0.7583,5.5493,0.7632,0.1142,0.1226,0.7479,0.6563,3.4150,1.2806,0.5667
5,3,3104,3106,3,1,2,0.8333,3105.159,717.000,1277.273,8.3997,11.0000,1.2500,0.3157,4.6956,0.5854,0.2927,0.1220,0.9487,0.0000,4.6956,1.2806,0.7273
4,3,3105,3108,4,1,1,1.0000,3106.439,286.000,974.000,8.7508,12.0000,1.1707,0.4390,5.1224,0.9375,0.0000,0.0625,1.0000,0.0000,4.6956,0.4269,0.7805
3,3,3106,3108,3,1,1,1.0000,3107.032,679.000,1007.000,7.6400,11.0000,1.0645,0.9677,4.6956,0.8889,0.0000,0.1111,1.0000,0.0000,4.6956,0.0000,1.0000
8,3,3107,3110,4,2,2,0.5000,3108.789,320.352,795.127,10.7154,13.0000,1.4648,0.4298,5.5493,0.6860,0.1469,0.1671,0.9914,0.0730,4.0553,0.8537,0.4789
5,3,3107,3108,2,2,2,0.6250,3107.386,756.455,996.864,8.3997,11.0000,1.2500,0.6120,4.6956,0.3432,0.2505,0.4063,0.6059,0.3645,4.6956,1.7075,0.7045
5,3,3109,3111,3,3,1,0.5556,3110.000,304.000,621.000,8.0179,10.0000,1.1905,1.0000,4.2688,0.0000,0.8276,0.1724,1.0000,0.0000,4.6956,1.4941,0.7143
3,3,3111,3113,3,1,1,1.0000,3112.000,199.000,638.000,7.6402,11.0000,1.0645,0.0000,4.6957,0.8889,0.0000,0.1111,1.0000,0.0000,4.6957,1.7075,1.0000
6,3,3112,3114,3,2,2,0.5000,3113.396,865.132,916.415,9.2365,12.0000,1.3585,0.8509,5.1226,0.5034,0.2551,0.2415,0.9677,0.2521,4.2688,0.8538,0.6038
6,3,3114,3116,3,2,2,0.5000,3115.259,669.293,988.517,10.1081,12.0000,1.2414,0.6212,5.1227,0.5943,0.2116,0.1941,0.8667,0.4967,5.1227,2.1345,0.7414
5,3,3114,3116,3,1,2,0.8333,3114.773,723.000,1157.455,8.4001,10.0000,1.1364,0.9458,4.2689,0.5854,0.2927,0.1220,0.9487,0.0000,4.6958,0.8538,0.6818
6,3,3115,3117,3,2,2,0.5000,3116.148,571.352,485.111,9.4111,11.0000,1.2222,0.3976,4.6959,0.7074,0.0897,0.2030,0.9140,0.2540,4.4824,1.2807,0.5926
6,4,3116,3118,3,1,2,1.0000,3117.111,465.000,759.519,9.4112,10.0000,1.1111,0.5303,4.2691,0.5556,0.3333,0.1111,1.0000,0.0000,4.6959,1.2807,0.7407
3,3,3117,3117,1,2,2,0.7500,3117.000,151.333,929.333,7.3941,10.0000,1.0000,0.4714,4.2690,0.5333,0.2667,0.2000,0.0000,1.0000,4.6959,0.8538,1.0000
6,3,3117,3118,2,3,1,1.0000,3117.439,281.842,953.000,9.9341,12.0000,1.2632,0.9495,5.1229,0.5556,0.3333,0.1111,0.0000,0.0000,4.6959,1.2807,0.6140
8,4,3117,3118,2,2,4,0.5000,3117.515,914.912,594.868,10.2634,10.0000,1.1765,0.5387,4.2691,0.6810,0.1576,0.1614,0.1770,0.3679,4.6959,1.9211,0.5882
8,3,3117,3119,3,2,3,0.4444,3118.014,924.556,579.028,10.8672,13.0000,1.4444,1.1565,5.5498,0.5651,0.0457,0.3892,0.9498,0.3090,3.8422,1.2807,0.5278
12,3,3122,3126,5,4,3,0.2000,3123.642,677.600,417.063,11.7086,11.0000,1.3895,0.8811,4.6964,0.7897,0.1062,0.1041,0.8323,0.4357,3.6291,1.2809,0.3368
8,3,3123,3125,3,2,2,0.6667,3123.600,718.431,375.723,9.8116,11.0000,1.3538,0.8722,4.6964,0.4782,0.1602,0.3617,0.9087,0.4175,3.6290,1.7078,0.4923
6,4,3123,3125,3,2,2,0.5000,3123.746,781.153,925.610,10.2837,12.0000,1.2203,0.9756,5.1233,0.5230,0.1584,0.3185,0.9225,0.0898,5.1233,1.9213,0.7288
7,3,3124,3127,4,2,2,0.4375,3125.476,420.317,492.873,10.1667,11.0000,1.2222,0.5862,4.6966,0.6673,0.1280,0.2047,0.9953,0.0695,4.2696,0.8539,0.5238
5,3,3124,3125,2,2,2,0.6250,3124.438,501.333,1039.188,9.1650,12.0000,1.2500,0.5811,5.1234,0.3432,0.2505,0.4063,0.6059,0.3645,4.6965,1.0674,0.6875
7,3,3124,3126,3,3,2,0.3889,3125.322,712.034,998.407,9.5211,11.0000,1.3051,0.5199,4.6965,0.4888,0.1571,0.3542,0.8671,0.4863,3.8427,1.2809,0.5424
7,3,3126,3128,3,2,2,0.5833,3127.033,275.633,989.883,9.6828,11.0000,1.2833,0.3862,4.6968,0.4600,0.2645,0.2756,1.0000,0.0000,4.6966,1.4944,0.5333
7,3,3129,3131,3,2,3,0.3889,3130.094,536.656,871.750,10.3290,13.0000,1.4219,1.2255,5.5511,0.7348,0.1163,0.1489,0.7197,0.3918,4.2701,1.2810,0.5156
7,3,3131,3134,4,2,2,0.4375,3132.833,492.117,958.733,9.6841,12.0000,1.4000,1.2024,5.1245,0.8040,0.0402,0.1558,0.9650,0.0194,4.2702,1.2811,0.5333
6,3,3131,3133,3,2,1,1.0000,3132.074,700.463,940.000,9.4138,13.0000,1.4444,0.5421,5.5513,0.5556,0.3333,0.1111,1.0000,0.0000,4.2702,0.4270,0.6481
6,3,3132,3134,3,2,2,0.5000,3133.055,523.745,1120.473,9.5884,12.0000,1.3091,0.5397,5.1244,0.4412,0.1872,0.3716,0.7882,0.6154,4.0568,1.4947,0.6182
6,3,3133,3135,3,2,2,0.5000,3133.852,585.870,951.685,9.4142,12.0000,1.3333,0.3713,5.1245,0.5230,0.1584,0.3185,0.9225,0.0898,4.2704,1.2812,0.6111
4,3,3134,3135,2,2,1,1.0000,3134.537,518.512,594.000,8.7544,12.0000,1.1707,0.6728,5.1246,0.0000,0.7500,0.2500,1.0000,0.0000,4.6975,0.8541,0.7805
6,3,3134,3136,3,2,2,0.5000,3135.415,716.585,877.113,9.2403,13.0000,1.4717,0.7261,5.5518,0.6373,0.1269,0.2358,0.8795,0.0724,4.0570,1.2811,0.6415
6,3,3135,3137,3,2,3,0.3333,3135.912,588.667,713.000,9.9378,13.0000,1.3684,0.9713,5.5518,0.2238,0.4308,0.3454,0.8112,0.5847,4.4842,1.4947,0.6491
12,4,3136,3139,4,3,4,0.2500,3137.327,109.231,676.702,12.8218,12.0000,1.3846,0.8080,5.1250,0.4497,0.2608,0.2896,0.3107,0.3507,4.2707,1.2813,0.4231
8,3,3136,3138,3,2,3,0.4444,3137.282,313.549,898.901,10.7206,11.0000,1.2394,1.0464,4.6978,0.6410,0.1697,0.1893,0.5647,0.1201,4.6978,1.7083,0.4507
3,3,3136,3138,3,1,1,1.0000,3137.061,454.000,1178.000,8.1368,12.0000,1.0909,0.9394,5.1250,0.8889,0.0000,0.1111,1.0000,0.0000,5.1249,1.7083,1.0000
5,3,3137,3138,2,1,3,0.8333,3137.533,401.000,1087.267,8.5948,11.0000,1.2222,0.9068,4.6979,0.5854,0.2927,0.1220,0.3162,0.0000,4.6978,1.0677,0.7111
7,4,3139,3142,4,2,2,0.4375,3140.453,506.906,1162.531,10.3317,12.0000,1.3125,0.7045,5.1253,0.7406,0.0824,0.1770,0.9316,0.0988,4.6983,1.2814,0.7031
8,3,3140,3143,4,2,2,0.5000,3141.507,445.563,630.817,10.7217,14.0000,1.5775,0.6937,5.9796,0.6710,0.0682,0.2607,0.9390,0.3056,4.4847,1.4949,0.4789
4,3,3141,3143,3,2,1,0.6667,3142.000,272.811,848.000,7.9019,10.0000,1.0811,1.0177,4.2714,0.5357,0.3214,0.1429,1.0000,0.0000,4.6984,1.2814,0.8108
11,3,3142,3144,3,3,3,0.4074,3143.396,875.769,800.780,11.7198,13.0000,1.5714,0.6833,5.5530,0.3398,0.1468,0.5134,0.5731,0.7292,3.4172,1.7086,0.4066
5,3,3143,3145,3,2,1,0.8333,3144.304,558.630,1091.000,8.7874,11.0000,1.1957,0.4788,4.6988,0.5854,0.2927,0.1220,0.9487,0.0000,4.6988,1.0679,0.6957
7,3,3143,3145,3,3,3,0.2593,3143.589,604.929,734.982,9.0410,11.0000,1.3750,1.0155,4.6987,0.6271,0.2275,0.1454,0.6706,0.6139,3.4171,1.2814,0.5536
4,3,3143,3144,2,1,2,1.0000,3143.474,605.000,1005.421,8.1158,12.0000,1.2632,0.6740,5.1258,0.0000,0.7500,0.2500,0.0000,0.0000,4.6985,0.8543,0.8421
5,3,3146,3148,3,2,1,0.8333,3146.822,549.467,1092.000,8.5969,11.0000,1.2222,0.5622,4.6991,0.5854,0.2927,0.1220,0.9487,0.0000,4.6989,1.7087,0.6889
4,3,3146,3149,4,1,1,1.0000,3147.622,808.000,1002.000,7.9031,10.0000,1.0811,0.6216,4.2721,0.9375,0.0000,0.0625,1.0000,0.0000,4.6991,0.4272,0.8108
3,3,3147,3148,2,2,1,0.7500,3147.667,135.333,804.000,7.3992,10.0000,1.0000,0.7454,4.2720,0.5333,0.2667,0.2000,0.7071,0.0000,4.6992,1.2816,1.0000
4,3,3147,3148,2,1,2,1.0000,3147.474,639.000,901.526,8.1167,10.0000,1.0526,0.7081,4.2720,0.0000,0.7500,0.2500,0.0000,0.0000,4.6990,0.4272,0.7895
7,3,3148,3149,2,3,3,0.3889,3148.518,303.696,1051.893,9.0422,11.0000,1.3750,0.6098,4.6992,0.7344,0.0891,0.1766,0.3757,0.5748,3.4177,1.7088,0.5536
3,3,3150,3151,2,2,1,0.7500,3150.314,333.714,1071.000,8.6331,14.0000,1.2000,0.4247,5.9811,0.5333,0.2667,0.2000,0.7071,0.0000,5.5540,2.3497,1.0000
6,3,3152,3153,2,3,2,0.5000,3152.540,483.020,549.680,8.7213,11.0000,1.3200,0.6280,4.6997,0.4412,0.1872,0.3716,0.6154,0.7882,3.2045,0.8545,0.6200
6,3,3154,3156,3,4,1,0.5000,3155.018,179.927,860.000,9.5941,13.0000,1.4182,1.0729,5.5547,0.6945,0.2391,0.0664,0.1949,0.0000,4.4865,0.8546,0.6364
5,3,3155,3157,3,2,1,0.8333,3155.930,408.395,900.000,8.2169,10.0000,1.1628,0.4015,4.2731,0.5854,0.2927,0.1220,0.9487,0.0000,4.7002,1.0683,0.6977
6,3,3155,3157,3,2,2,0.5000,3155.927,944.327,645.382,9.5943,13.0000,1.4182,0.5081,5.5548,0.4412,0.1872,0.3716,0.7882,0.6154,4.7002,2.1364,0.6182
3,3,3157,3159,3,1,1,1.0000,3158.000,415.000,1120.000,7.8948,12.0000,1.1250,0.0000,5.1278,0.8889,0.0000,0.1111,1.0000,0.0000,3.8460,0.8547,1.0000
3,3,3158,3159,2,2,1,0.7500,3158.333,549.697,478.000,8.1416,12.0000,1.0909,0.4505,5.1278,0.5333,0.2667,0.2000,0.7071,0.0000,5.1280,1.7093,1.0000
6,3,3159,3160,2,2,2,0.7500,3159.542,539.237,766.644,10.2931,12.0000,1.2203,0.6908,5.1281,0.2000,0.3333,0.4667,0.0000,0.0000,4.9143,1.9229,0.6102
5,3,3160,3161,2,2,2,0.6250,3160.279,394.372,451.605,8.2179,11.0000,1.2791,0.7628,4.7008,0.2938,0.4054,0.3007,0.0000,0.3029,4.7008,0.8547,0.7209
9,3,3160,3163,4,2,3,0.3750,3161.712,474.616,912.877,10.3991,12.0000,1.4795,0.4950,5.1284,0.7547,0.1213,0.1240,0.9005,0.1518,3.8462,1.7094,0.4521
6,3,3162,3163,2,3,2,0.5000,3162.549,502.373,497.863,8.8982,11.0000,1.2941,0.7848,4.7011,0.6373,0.1269,0.2358,0.4046,0.4063,4.0600,0.4274,0.6078
8,3,3163,3165,3,2,3,0.4444,3163.606,734.803,1054.500,9.9728,12.0000,1.4545,0.6663,5.1287,0.4188,0.3233,0.2579,0.6551,0.2870,3.6327,1.2821,0.5000
4,3,3164,3165,2,2,1,1.0000,3164.553,372.526,698.000,8.1205,11.0000,1.1579,0.6908,4.7014,0.0000,0.7500,0.2500,1.0000,0.0000,4.7013,1.2822,0.8158
5,3,3164,3166,3,2,1,0.8333,3165.255,413.617,943.000,8.9836,13.0000,1.3830,0.4603,5.5562,0.5854,0.2927,0.1220,0.9487,0.0000,4.7014,1.2822,0.7021
10,3,3165,3168,4,3,2,0.4167,3166.203,458.620,840.608,10.6776,14.0000,1.7722,1.3207,5.9836,0.4695,0.3643,0.1662,0.9221,0.3688,3.4192,1.2822,0.4304
28,10,3166,3170,5,4,4,0.3500,3167.967,108.404,709.829,19.3865,14.0000,1.6333,0.4401,5.9840,0.0615,0.2385,0.7000,0.9768,0.0459,3.8468,1.2823,0.4667
11,3,3166,3168,3,3,2,0.6111,3166.957,449.228,816.717,11.8562,12.0000,1.4348,0.3659,5.1291,0.2803,0.3638,0.3558,0.7674,0.2242,3.8467,1.4960,0.3696
6,4,3166,3167,2,4,1,0.7500,3166.661,598.929,969.000,9.7716,12.0000,1.2857,0.6646,5.1289,0.8001,0.1345,0.0654,0.2238,0.0000,5.1290,1.2822,0.7679
9,3,3166,3169,4,4,2,0.2812,3167.286,916.471,550.086,9.9732,11.0000,1.4143,0.8927,4.7018,0.2819,0.5430,0.1751,0.8689,0.0513,2.9921,1.7097,0.4429
6,3,3169,3170,2,1,3,1.0000,3169.527,527.000,1065.018,9.5978,12.0000,1.3091,0.5276,5.1293,0.5556,0.3333,0.1111,0.0000,0.0000,4.2745,0.8549,0.6000
6,3,3170,3172,3,3,1,0.6667,3170.635,300.346,719.000,9.0745,12.0000,1.3846,0.7229,5.1294,0.6061,0.3030,0.0909,0.7071,0.0000,4.0609,1.7098,0.6346
5,3,3171,3173,3,1,2,0.8333,3171.750,534.000,1032.604,9.1762,12.0000,1.2500,0.4682,5.1297,0.5854,0.2927,0.1220,0.9487,0.0000,4.7021,1.4961,0.6667
4,3,3171,3172,2,1,2,1.0000,3171.568,766.000,1054.541,7.9082,11.0000,1.1892,0.6922,4.7022,0.0000,0.7500,0.2500,0.0000,0.0000,4.7021,1.0687,0.8378
7,3,3171,3173,3,2,2,0.5833,3172.274,941.500,858.210,10.0174,13.0000,1.4677,0.6076,5.5571,0.4600,0.2645,0.2756,0.8571,0.1000,3.8473,0.8549,0.5323
5,3,3172,3174,3,1,2,0.8333,3172.653,943.000,937.429,9.3675,13.0000,1.3265,0.8678,5.5571,0.5854,0.2927,0.1220,0.9487,0.0000,4.7023,1.2824,0.6939
5,3,3176,3178,3,1,3,0.5556,3177.087,607.000,1060.848,8.7948,11.0000,1.1957,0.8523,4.7027,0.7911,0.1351,0.0737,0.5257,0.0000,4.7028,1.2825,0.6957
10,3,3177,3180,4,3,2,0.4167,3178.768,451.902,864.768,11.0861,12.0000,1.4634,0.8084,5.1303,0.6398,0.1857,0.1745,0.8216,0.2329,3.6340,1.2826,0.4146
9,3,3178,3180,3,2,3,0.5000,3179.236,819.486,751.347,10.2608,11.0000,1.3750,0.8474,4.7028,0.3478,0.2899,0.3623,0.6155,0.3482,3.4203,1.2826,0.4306
27,11,3179,3182,4,5,4,0.3375,3180.233,125.616,572.992,20.1585,15.0000,1.6531,0.4488,6.4131,0.2983,0.1552,0.5465,0.6073,0.7677,3.8478,1.7101,0.5551
4,3,3179,3180,2,1,2,1.0000,3179.558,524.000,978.581,9.1920,13.0000,1.2093,0.6087,5.5580,0.0000,0.7500,0.2500,0.0000,0.0000,5.3442,1.9239,0.8372
9,3,3179,3182,4,3,2,0.3750,3180.308,680.103,932.192,11.1160,12.0000,1.3846,1.5976,5.1304,0.7072,0.1781,0.1147,0.7619,0.1274,4.2754,1.2826,0.4359
13,3,3180,3182,3,3,4,0.3611,3180.822,459.257,815.416,11.9764,10.0000,1.2871,1.1831,4.2754,0.7184,0.0586,0.2230,0.3512,0.2729,3.8479,1.2826,0.2970
6,3,3180,3182,3,2,2,0.5000,3181.208,481.264,830.377,9.2508,11.0000,1.2453,0.5052,4.7030,0.6381,0.1455,0.2164,0.8019,0.3768,4.2754,0.4275,0.5849
6,3,3183,3186,4,2,2,0.3750,3184.846,349.885,667.404,9.0766,12.0000,1.3846,0.4473,5.1307,0.7351,0.1332,0.1317,0.9406,0.2762,4.0618,1.2827,0.6346
6,3,3183,3185,3,2,2,0.5000,3184.255,360.418,1038.891,9.6003,13.0000,1.4182,0.9519,5.5583,0.5230,0.1584,0.3185,0.9225,0.0898,4.7031,1.2827,0.6182
6,3,3184,3186,3,1,3,0.6667,3184.741,680.000,1021.333,9.4257,12.0000,1.3333,0.8123,5.1307,0.2083,0.6667,0.1250,0.4472,0.0000,4.2756,1.2827,0.6296
5,3,3186,3187,2,2,2,0.6250,3186.682,416.227,1166.386,8.4134,10.0000,1.1364,0.5497,4.2757,0.3432,0.2505,0.4063,0.6059,0.3645,4.7032,0.8551,0.6818
6,3,3187,3189,3,3,2,0.3333,3187.800,319.582,816.127,9.6005,12.0000,1.3091,0.9974,5.1308,0.6494,0.1645,0.1861,0.6429,0.3155,4.2757,1.4965,0.6182
3,3,3187,3188,2,2,1,0.7500,3187.323,807.355,539.000,7.6526,11.0000,1.0645,0.7213,4.7032,0.5333,0.2667,0.2000,0.7071,0.0000,5.1308,1.9241,1.0000
8,3,3188,3190,3,4,1,0.6667,3189.286,141.429,542.000,9.5237,11.0000,1.3968,0.6389,4.7033,0.6120,0.3152,0.0728,0.3310,0.0000,3.4206,1.0689,0.4921
26,14,3188,3192,5,3,4,0.4333,3190.484,193.215,416.090,21.4665,17.0000,1.7266,1.0679,7.2687,0.6022,0.0955,0.3023,0.8297,0.1619,3.8481,0.4276,0.6602
7,3,3189,3191,3,2,2,0.5833,3190.052,591.207,692.500,9.3732,12.0000,1.4483,0.5436,5.1309,0.4296,0.3471,0.2233,0.9305,0.2273,3.4206,1.0689,0.5690
7,4,3191,3193,3,3,2,0.3889,3192.226,547.984,856.677,10.0196,12.0000,1.3548,0.3941,5.1308,0.6781,0.1136,0.2082,0.8847,0.4508,4.7033,1.2827,0.6935
5,3,3192,3194,3,1,2,0.8333,3193.143,392.000,850.286,8.0310,10.0000,1.1905,1.1780,4.2757,0.5854,0.2927,0.1220,0.9487,0.0000,4.7032,1.2827,0.7143
7,3,3192,3195,4,2,2,0.4375,3193.246,1072.787,690.705,9.8579,14.0000,1.6066,0.4393,5.9860,0.8243,0.0513,0.1244,0.9184,0.3278,3.8481,1.2827,0.5574
34,20,3194,3197,4,5,5,0.3400,3195.378,466.697,823.485,27.3507,23.0000,2.0965,0.7069,9.8340,0.2178,0.3714,0.4108,0.6006,0.7871,4.7031,1.7102,0.7212
5,4,3195,3196,2,2,2,0.6250,3195.600,335.527,704.855,10.5166,15.0000,1.3636,0.6776,6.4134,0.3432,0.2505,0.4063,0.6059,0.3645,5.1308,1.2827,0.8545
3,3,3195,3196,2,2,1,0.7500,3195.303,442.303,894.000,8.1462,13.0000,1.1818,0.4285,5.5583,0.5333,0.2667,0.2000,0.7071,0.0000,4.7032,1.2827,1.0000
8,3,3197,3199,3,2,4,0.3333,3198.246,483.892,1117.062,9.8255,11.0000,1.3538,0.2756,4.7031,0.7631,0.1190,0.1180,0.4247,0.1923,4.0617,2.1377,0.4769
8,3,3197,3199,3,1,4,0.6667,3197.775,600.000,1027.437,10.7325,11.0000,1.2394,0.6068,4.7031,0.7471,0.1965,0.0563,0.3641,0.0000,4.7030,1.2826,0.4366
8,3,3197,3199,3,2,3,0.4444,3197.944,808.597,1066.708,10.8837,13.0000,1.4444,0.5004,5.5582,0.6410,0.1697,0.1893,0.7118,0.5716,4.2755,1.4964,0.4861
5,3,3198,3200,3,1,2,0.8333,3199.209,957.000,1114.465,8.2217,10.0000,1.1628,0.5100,4.2754,0.5854,0.2927,0.1220,0.9487,0.0000,4.7029,0.8551,0.6977
12,7,3199,3202,4,2,3,0.5000,3201.031,118.772,835.165,15.6740,18.0000,1.7008,0.2837,7.6955,0.5835,0.1755,0.2410,0.9148,0.0238,4.7027,1.2826,0.6850
28,7,3199,3202,4,5,5,0.2800,3200.657,128.669,562.227,19.5527,15.0000,1.7355,1.9257,6.4130,0.4920,0.2231,0.2848,0.2976,0.9300,3.8478,0.8551,0.4008
7,3,3200,3202,3,2,3,0.3889,3200.828,654.362,454.121,9.3723,11.0000,1.3276,0.6718,4.7028,0.4888,0.1571,0.3542,0.7058,0.4587,3.8478,1.7101,0.5345
4,3,3200,3201,2,1,2,1.0000,3200.487,874.000,779.513,8.3369,10.0000,1.0256,0.7073,4.2754,0.0000,0.7500,0.2500,0.0000,0.0000,4.7029,1.2826,0.7692
5,3,3201,3203,3,2,2,0.4167,3202.235,228.627,917.176,9.7508,12.0000,1.1765,0.8687,5.1302,0.7729,0.0435,0.1836,0.8328,0.5477,4.7027,1.4963,0.6471
6,3,3202,3204,3,3,2,0.3333,3203.212,261.038,846.885,9.0756,11.0000,1.2692,0.2440,4.7026,0.4961,0.2890,0.2148,0.6616,0.1302,4.4889,1.2825,0.5962
5,3,3202,3204,3,3,1,0.5556,3203.261,355.217,922.000,8.7947,12.0000,1.3043,0.7704,5.1300,0.8123,0.1108,0.0769,0.7071,0.0000,4.7027,0.6413,0.6957
9,3,3203,3205,3,2,3,0.5000,3204.137,759.726,988.849,10.4026,11.0000,1.3562,0.3414,4.7025,0.4438,0.1190,0.4373,0.9234,0.0160,3.8476,1.2825,0.4384
6,3,3205,3207,3,2,2,0.5000,3206.315,343.111,534.500,9.4239,11.0000,1.2222,0.6012,4.7023,0.6373,0.1269,0.2358,0.8795,0.0724,4.2749,0.8550,0.5926
5,3,3206,3207,2,1,3,0.8333,3206.391,564.000,1096.348,8.7940,11.0000,1.1957,0.5235,4.7023,0.5854,0.2927,0.1220,0.3162,0.0000,5.5571,1.7099,0.7174
25,7,3207,3210,4,5,3,0.4167,3208.706,108.464,708.030,20.0901,21.0000,2.2340,0.5498,8.9763,0.3062,0.3956,0.2981,0.3008,0.0147,3.8470,0.8549,0.4723
8,3,3208,3210,3,2,2,0.6667,3209.070,592.479,1025.282,10.7298,14.0000,1.5775,0.5966,5.9842,0.4236,0.2081,0.3683,0.9220,0.2899,3.4196,1.4961,0.5493
12,3,3208,3210,3,2,4,0.5000,3209.155,691.454,736.515,11.9690,11.0000,1.3608,0.6815,4.7019,0.1250,0.4167,0.4583,0.0000,0.3162,4.2743,1.7097,0.3196
9,4,3209,3211,3,3,3,0.3333,3210.000,134.182,900.023,12.5380,15.0000,1.5341,0.1832,6.4115,0.5187,0.1817,0.2996,0.1695,0.8243,4.2743,0.8549,0.5682
4,3,3209,3211,3,2,1,0.6667,3210.167,512.833,616.000,7.6937,10.0000,1.1111,1.1785,4.2744,0.7500,0.1500,0.1000,0.9487,0.0000,4.7017,1.7097,0.8333
3,3,3210,3212,3,1,1,1.0000,3211.029,542.000,1026.000,8.3901,12.0000,1.0588,0.9706,5.1288,0.8889,0.0000,0.1111,1.0000,0.0000,5.1291,1.0685,1.0000
15,3,3214,3218,5,3,3,0.3333,3215.336,713.097,507.965,12.4685,11.0000,1.4602,1.6509,4.7011,0.7771,0.0736,0.1492,0.8313,0.4995,3.8458,1.7092,0.3717
4,3,3217,3220,4,1,1,1.0000,3218.439,636.000,1044.000,8.7595,12.0000,1.1707,0.4390,5.1276,0.9375,0.0000,0.0625,1.0000,0.0000,4.7003,1.0683,0.7805
6,3,3219,3220,2,2,2,0.7500,3219.534,370.293,1027.310,10.1172,13.0000,1.3448,0.6316,5.5545,0.2000,0.3333,0.4667,0.0000,0.0000,4.4864,0.8546,0.5690
8,3,3221,3224,4,2,3,0.3333,3222.851,371.701,851.761,10.1198,10.0000,1.1940,1.0458,4.2721,0.7754,0.1068,0.1178,0.7762,0.1056,3.8448,1.2816,0.4478
4,3,3221,3223,3,1,2,0.6667,3221.897,586.000,953.718,8.3310,12.0000,1.2308,0.3001,5.1267,0.5357,0.3214,0.1429,1.0000,0.0000,4.9132,1.2817,0.8462
8,3,3221,3223,3,1,4,0.6667,3222.079,966.000,1085.683,9.5160,10.0000,1.2698,0.6871,4.2723,0.5857,0.3408,0.0735,0.4132,0.0000,3.6314,0.8545,0.4762
10,4,3222,3225,4,3,3,0.2778,3223.148,189.074,891.012,10.9427,11.0000,1.3580,1.0843,4.6993,0.7450,0.0494,0.2056,0.7878,0.0928,3.6312,1.2816,0.5062
4,3,3222,3223,2,1,2,1.0000,3222.541,411.000,908.541,7.9035,10.0000,1.0811,0.7094,4.2723,0.0000,0.7500,0.2500,0.0000,0.0000,4.6993,0.8544,0.8108
6,3,3222,3223,2,2,3,0.5000,3222.560,572.880,1092.180,8.7205,11.0000,1.3200,0.4903,4.6993,0.3810,0.3333,0.2857,0.3162,0.5071,4.0585,0.8544,0.6200
7,3,3223,3224,2,2,3,0.5833,3223.450,378.233,1112.550,9.6880,11.0000,1.2833,0.7480,4.6991,0.5694,0.1270,0.3036,0.2595,0.2173,4.6991,1.7088,0.5167
8,3,3224,3227,4,2,3,0.3333,3225.373,747.791,988.209,10.1187,12.0000,1.4328,0.4760,5.1261,0.7673,0.1180,0.1147,0.7460,0.5432,4.0580,0.8543,0.4776
8,3,3226,3228,3,2,2,0.6667,3226.985,662.364,624.515,9.9669,12.0000,1.4545,0.6307,5.1256,0.4236,0.2081,0.3683,0.9220,0.2899,3.6307,1.4949,0.5000
8,3,3228,3230,3,2,2,0.6667,3228.889,616.444,544.806,10.8721,13.0000,1.4444,0.5990,5.5522,0.4961,0.2369,0.2670,0.9586,0.0986,3.8438,0.6406,0.4861
3,3,3229,3230,2,1,2,0.7500,3229.333,575.000,862.667,7.3974,10.0000,1.0000,0.7454,4.2709,0.5333,0.2667,0.2000,0.7071,0.0000,4.6981,1.7084,1.0000
5,3,3230,3231,2,2,2,0.6250,3230.689,1073.400,761.778,8.5944,11.0000,1.2222,0.5533,4.6976,0.3432,0.2505,0.4063,0.6059,0.3645,4.6976,1.2812,0.6889
5,3,3237,3238,2,2,2,0.6250,3237.381,635.476,815.857,8.0192,10.0000,1.1905,0.6263,4.2695,0.3432,0.2505,0.4063,0.6059,0.3645,4.6962,1.2808,0.7143
6,3,3237,3238,2,2,2,0.7500,3237.288,864.327,579.538,9.0635,10.0000,1.1538,0.6928,4.2695,0.2000,0.3333,0.4667,0.7071,0.7071,4.2694,1.7077,0.5769
17,6,3238,3241,4,4,3,0.3542,3239.360,119.341,835.006,16.9805,19.0000,1.9695,0.7256,8.1110,0.1399,0.2508,0.6093,0.9820,0.1491,4.0556,1.7076,0.4756
3,3,3238,3240,3,1,1,1.0000,3239.000,434.000,979.000,7.8873,12.0000,1.1250,0.0000,5.1229,0.8889,0.0000,0.1111,1.0000,0.0000,4.6962,0.4269,1.0000
5,3,3240,3242,3,2,2,0.4167,3241.222,158.844,704.378,8.5907,11.0000,1.2222,0.4651,4.6957,0.7729,0.0435,0.1836,0.8328,0.5477,4.6955,0.6403,0.6889
6,3,3242,3243,2,3,2,0.5000,3242.696,413.839,817.107,9.7587,13.0000,1.3929,0.3598,5.5490,0.5230,0.1584,0.3185,0.3667,0.5079,4.4820,0.4269,0.6071
4,3,3242,3243,2,1,2,1.0000,3242.579,581.000,729.553,8.1102,11.0000,1.1579,0.6948,4.6953,0.0000,0.7500,0.2500,0.0000,0.0000,4.9089,1.0672,0.8421
15,3,3243,3246,4,4,3,0.3125,3244.504,508.060,807.017,12.8941,12.0000,1.5385,1.1738,5.1220,0.5983,0.1901,0.2116,0.1094,0.3454,3.4148,1.2805,0.2821
7,3,3244,3246,3,2,2,0.5833,3245.061,464.606,839.879,10.6473,14.0000,1.4848,0.4166,5.9755,0.4600,0.2645,0.2756,1.0000,0.0000,4.6952,1.7073,0.5455
3,3,3244,3245,2,1,2,0.7500,3244.667,702.000,985.333,7.3928,10.0000,1.0000,0.7454,4.2683,0.5333,0.2667,0.2000,0.7071,0.0000,4.6950,1.2805,1.0000
6,3,3244,3245,2,2,2,0.7500,3244.556,917.759,623.685,9.4096,13.0000,1.4444,0.5955,5.5487,0.2000,0.3333,0.4667,0.0000,0.0000,4.0548,0.4268,0.6296
4,3,3246,3247,2,1,2,1.0000,3246.533,1151.000,699.556,9.6030,13.0000,1.1556,0.6444,5.5483,0.0000,0.7500,0.2500,0.0000,0.0000,5.3350,1.7072,0.8000
7,3,3248,3251,4,2,2,0.4375,3249.066,434.197,658.230,9.8395,11.0000,1.2623,0.9821,4.6944,0.8350,0.0098,0.1553,0.9545,0.0000,4.2678,1.2803,0.5246
5,3,3248,3250,3,1,2,0.8333,3249.244,435.000,749.444,8.5885,10.0000,1.1111,0.5072,4.2677,0.5854,0.2927,0.1220,0.9487,0.0000,4.6943,1.0669,0.6667
5,3,3248,3250,3,2,2,0.4167,3249.102,536.694,880.510,9.3520,12.0000,1.2245,0.6037,5.1212,0.7383,0.0485,0.2132,0.7071,0.0000,4.6945,1.2803,0.6939
5,3,3250,3251,2,2,2,0.6250,3250.372,487.233,735.698,8.2066,10.0000,1.1628,0.5329,4.2676,0.3432,0.2505,0.4063,0.6059,0.3645,5.1209,1.2803,0.6977
4,3,3252,3254,3,1,2,0.6667,3252.833,345.000,744.167,7.6812,10.0000,1.1111,0.8498,4.2674,0.7500,0.1500,0.1000,0.9487,0.0000,4.6940,1.2802,0.8333
4,3,3252,3253,2,2,1,1.0000,3252.556,463.556,1043.000,7.6812,10.0000,1.1111,0.7115,4.2674,0.0000,0.7500,0.2500,1.0000,0.0000,5.1207,1.7070,0.8333
4,3,3252,3255,4,1,1,1.0000,3253.410,506.000,1068.000,8.3212,12.0000,1.2308,0.5897,5.1206,0.9375,0.0000,0.0625,1.0000,0.0000,4.6941,1.7069,0.8205
5,3,3252,3254,3,1,2,0.8333,3253.222,695.000,1021.378,8.5877,11.0000,1.2222,0.4383,4.6940,0.5854,0.2927,0.1220,0.9487,0.0000,4.6939,1.2802,0.6889
8,4,3253,3256,4,2,2,0.5000,3254.606,513.789,1109.592,10.7115,11.0000,1.2394,0.8726,4.6939,0.6066,0.1994,0.1941,0.9479,0.2003,4.4805,1.7068,0.5915
6,3,3253,3255,3,2,2,0.5000,3254.161,801.696,1124.643,9.7556,11.0000,1.1786,0.4955,4.6939,0.6381,0.1455,0.2164,0.8019,0.3768,4.4806,1.4935,0.5536
8,3,3254,3256,3,3,3,0.2963,3255.257,752.229,424.757,10.5606,12.0000,1.3714,0.4211,5.1206,0.6874,0.1599,0.1527,0.6295,0.7770,4.4804,2.1335,0.4714
11,6,3255,3257,3,3,2,0.6111,3256.083,271.339,700.606,14.0235,14.0000,1.4128,0.5269,5.9739,0.4919,0.1901,0.3180,0.8603,0.3162,5.1205,1.2801,0.7064
58,16,3256,3259,4,6,8,0.3021,3257.436,108.835,728.573,29.5267,19.0000,2.0911,1.8336,8.1073,0.6049,0.2045,0.1905,0.1126,0.9388,3.8402,1.2801,0.4820
6,4,3256,3258,3,3,2,0.3333,3257.131,542.721,914.836,10.6261,13.0000,1.2787,0.7512,5.5471,0.4961,0.2890,0.2148,0.6616,0.1302,4.9070,1.7068,0.7541
6,3,3256,3258,3,1,3,0.6667,3257.111,1050.000,640.833,9.4067,11.0000,1.2222,0.2003,4.6937,0.6944,0.2222,0.0833,0.8000,0.0000,4.2670,1.2801,0.5926
4,3,3257,3258,2,1,2,1.0000,3257.548,446.000,972.476,8.9606,13.0000,1.2381,0.6568,5.5470,0.0000,0.7500,0.2500,0.0000,0.0000,4.6936,1.2801,0.7857
7,3,3257,3258,2,3,3,0.3889,3257.705,472.098,770.967,9.8378,13.0000,1.4918,0.3128,5.5470,0.5479,0.1606,0.2915,0.2768,0.8348,3.8403,1.2801,0.5410
4,3,3262,3263,2,2,1,1.0000,3262.553,472.474,692.000,8.1067,11.0000,1.1579,0.6908,4.6933,0.0000,0.7500,0.2500,1.0000,0.0000,4.6934,1.2800,0.8158
5,3,3262,3264,3,1,2,0.8333,3263.273,641.000,1067.500,8.3957,12.0000,1.3636,0.8826,5.1200,0.5854,0.2927,0.1220,0.9487,0.0000,4.6933,1.2800,0.7273
9,3,3264,3267,4,2,3,0.3750,3265.587,410.680,624.960,10.6665,10.0000,1.2000,1.8819,4.2666,0.7988,0.0670,0.1342,0.9605,0.2782,3.8400,1.0667,0.5333
8,3,3264,3266,3,2,4,0.3333,3264.892,495.646,812.369,9.8051,10.0000,1.2308,0.7520,4.2666,0.8331,0.0352,0.1317,0.6320,0.4646,3.8400,1.2800,0.4615
4,3,3265,3266,2,2,1,1.0000,3265.500,364.475,984.000,8.5332,11.0000,1.1000,0.6897,4.6933,0.0000,0.7500,0.2500,1.0000,0.0000,4.6932,2.1333,0.7750
7,3,3265,3267,3,2,2,0.5833,3266.000,719.215,929.292,10.4820,13.0000,1.4000,0.3631,5.5466,0.6517,0.0773,0.2710,0.8881,0.0000,4.2666,1.2800,0.5231
8,3,3265,3267,3,2,2,0.6667,3265.986,908.768,987.420,10.4084,11.0000,1.2754,1.0962,4.6933,0.4286,0.1071,0.4643,1.0000,0.0000,4.0533,1.7066,0.4638
4,3,3266,3267,2,1,2,1.0000,3266.526,457.000,736.447,8.1065,11.0000,1.1579,0.6908,4.6932,0.0000,0.7500,0.2500,0.0000,0.0000,5.1199,1.7066,0.8158
3,3,3268,3269,2,1,2,0.7500,3268.333,689.000,690.333,7.3899,10.0000,1.0000,0.4714,4.2666,0.5333,0.2667,0.2000,0.7071,0.0000,4.6932,1.2800,1.0000
19,8,3269,3271,3,3,4,0.5278,3270.058,110.358,668.289,16.9334,16.0000,1.7572,0.4640,6.8264,0.3767,0.2441,0.3792,0.2247,0.2751,3.4132,1.2800,0.5549
8,3,3269,3271,3,3,2,0.4444,3270.072,588.261,457.087,10.4083,13.0000,1.5072,0.2844,5.5465,0.1021,0.5726,0.3253,1.0000,0.0000,3.8399,1.7066,0.5217
7,3,3269,3271,3,3,2,0.3889,3269.821,629.696,835.643,9.0305,10.0000,1.2500,0.9458,4.2665,0.7344,0.0891,0.1766,0.6297,0.7338,3.4132,1.4933,0.5357
8,3,3270,3272,3,2,2,0.6667,3270.677,401.785,712.477,9.8049,10.0000,1.2308,0.8556,4.2665,0.6000,0.1500,0.2500,0.9487,0.3162,4.0532,0.4267,0.4615
6,3,3270,3272,3,2,2,0.5000,3270.647,570.804,794.235,8.8832,11.0000,1.2941,0.4673,4.6932,0.5034,0.2551,0.2415,0.9677,0.2521,4.2665,0.8533,0.6078
6,3,3271,3273,3,2,2,0.5000,3272.222,618.204,975.278,9.4057,12.0000,1.3333,0.4099,5.1198,0.5230,0.1584,0.3185,0.9225,0.0898,4.6932,1.7066,0.6111
26,4,3272,3274,3,5,6,0.2889,3273.168,109.195,751.073,18.4081,16.0000,1.8909,1.3714,6.8264,0.6983,0.1500,0.1517,0.1275,0.9824,3.4132,1.7066,0.3818
5,3,3272,3274,3,1,2,0.8333,3272.689,1025.000,1036.578,8.5862,10.0000,1.1111,0.8991,4.2665,0.5854,0.2927,0.1220,0.9487,0.0000,4.6932,1.2800,0.6667
5,3,3273,3275,3,2,2,0.4167,3273.932,454.295,779.523,8.3954,11.0000,1.2500,0.6043,4.6932,0.7383,0.0485,0.2132,0.7071,0.0000,4.6932,1.2800,0.7045
5,3,3273,3275,3,1,2,0.8333,3274.106,666.000,606.383,8.9678,11.0000,1.1702,0.3975,4.6932,0.5854,0.2927,0.1220,0.9487,0.0000,4.6932,0.8533,0.6809
6,3,3273,3275,3,2,3,0.3333,3274.520,903.320,751.980,8.7090,10.0000,1.2000,0.6109,4.2665,0.3348,0.4659,0.1992,0.8847,0.2635,4.0532,0.4267,0.6000
9,3,3276,3278,3,2,3,0.5000,3276.919,421.514,953.095,10.5241,11.0000,1.3378,0.5284,4.6932,0.1677,0.2728,0.5595,1.0000,0.0000,4.2665,1.2800,0.4189
8,3,3277,3279,3,4,2,0.3333,3277.873,348.577,799.718,10.7100,14.0000,1.5775,0.9303,5.9732,0.7175,0.1534,0.1292,0.3374,0.2949,4.0532,1.0666,0.4789
7,3,3278,3280,3,2,2,0.5833,3279.250,450.469,950.750,10.3207,13.0000,1.4219,0.5871,5.5465,0.4600,0.2645,0.2756,0.8571,0.1000,4.6932,1.7066,0.5312
9,3,3278,3280,3,2,4,0.3750,3278.630,472.808,692.397,10.3820,12.0000,1.4795,0.7692,5.1199,0.6559,0.1539,0.1902,0.3162,0.1880,3.4133,1.7066,0.4521
5,3,3279,3281,3,2,1,0.8333,3280.089,419.422,1024.000,8.5863,11.0000,1.2222,0.5846,4.6932,0.5854,0.2927,0.1220,0.9487,0.0000,4.6932,1.7066,0.6889
5,3,3280,3281,2,3,1,0.8333,3280.574,493.319,539.000,8.9680,11.0000,1.1702,0.8908,4.6933,0.5854,0.2927,0.1220,0.3162,0.0000,4.6932,1.2800,0.6809
6,3,3280,3283,4,2,2,0.3750,3281.500,569.362,518.103,10.1026,13.0000,1.3448,0.6259,5.5466,0.7696,0.0995,0.1309,0.9136,0.2553,4.6933,1.2800,0.6379
7,3,3281,3284,4,2,2,0.4375,3282.672,405.379,878.121,9.3532,13.0000,1.5690,0.5155,5.5466,0.8235,0.0431,0.1334,0.9337,0.1681,3.4133,1.2800,0.5690
8,3,3285,3288,4,2,3,0.3333,3286.562,627.891,601.625,9.6544,12.0000,1.5000,0.8479,5.1200,0.7963,0.0755,0.1282,0.8494,0.0607,3.4133,1.4933,0.5000
5,3,3286,3288,3,2,2,0.4167,3287.302,412.302,359.140,8.2049,10.0000,1.1628,1.3442,4.2667,0.6999,0.1281,0.1720,0.8684,0.1395,4.6933,1.2800,0.6977
10,3,3286,3289,4,2,3,0.4167,3287.469,419.580,1007.123,10.9289,14.0000,1.7284,0.6879,5.9734,0.5120,0.3122,0.1757,0.9017,0.0459,3.8400,1.2800,0.4198
4,3,3289,3291,3,1,2,0.6667,3289.865,443.000,756.432,7.8934,11.0000,1.1892,0.9669,4.6934,0.7576,0.1294,0.1129,0.8507,0.0000,4.6934,1.0667,0.8378
9,3,3289,3292,4,2,3,0.3750,3290.137,502.795,765.000,10.3823,12.0000,1.4795,0.2470,5.1201,0.7035,0.1385,0.1580,0.8142,0.3747,4.2667,2.1334,0.4384
5,3,3289,3290,2,1,3,0.8333,3289.542,539.000,531.271,9.1590,12.0000,1.2500,0.6056,5.1200,0.5854,0.2927,0.1220,0.3162,0.0000,4.6934,1.2800,0.6875
9,3,3290,3292,3,4,1,0.7500,3291.000,354.699,827.000,10.3824,11.0000,1.3562,0.3014,4.6934,0.4433,0.4756,0.0811,0.3469,0.0000,3.8401,0.4267,0.4247
6,3,3291,3293,3,1,3,0.6667,3291.654,864.000,1054.058,9.0578,10.0000,1.1538,1.2435,4.2667,0.2083,0.6667,0.1250,0.8944,0.0000,4.4801,0.8533,0.5769
5,3,3292,3293,2,3,2,0.4167,3292.744,330.791,670.140,8.2050,11.0000,1.2791,1.0948,4.6934,0.7958,0.0325,0.1718,0.2610,0.6572,3.8401,0.8534,0.7209
3,3,3294,3295,2,2,1,0.7500,3294.677,225.323,856.000,7.6366,11.0000,1.0645,0.4562,4.6934,0.5333,0.2667,0.2000,0.7071,0.0000,4.6934,0.8534,1.0000
6,3,3298,3300,3,3,2,0.3333,3298.840,498.000,1075.440,8.7095,12.0000,1.4400,0.5824,5.1201,0.4767,0.3371,0.1862,0.8702,0.4927,3.8401,0.8534,0.6400
6,4,3298,3300,3,2,2,0.5000,3298.836,516.618,931.127,9.5805,11.0000,1.2000,1.0478,4.6934,0.7074,0.0897,0.2030,0.9140,0.2540,4.6934,1.7067,0.7636
5,3,3298,3300,3,1,2,0.8333,3299.250,935.000,750.523,8.3959,11.0000,1.2500,0.5794,4.6934,0.5854,0.2927,0.1220,0.9487,0.0000,4.6934,0.8534,0.7045
6,3,3299,3301,3,2,2,0.5000,3299.600,662.880,572.560,8.7095,11.0000,1.3200,0.7537,4.6934,0.6373,0.1269,0.2358,0.8795,0.0724,4.4801,1.4934,0.6200
6,3,3300,3302,3,2,2,0.5000,3301.075,537.642,761.868,9.2321,11.0000,1.2453,0.6593,4.6934,0.5230,0.1584,0.3185,0.9225,0.0898,3.4134,0.4267,0.6038
5,3,3301,3303,3,1,3,0.5556,3302.093,539.000,863.698,8.2050,10.0000,1.1628,0.7038,4.2668,0.5532,0.3398,0.1070,0.5606,0.0000,4.6934,0.8534,0.6977
5,3,3306,3308,3,2,1,0.8333,3307.273,287.500,965.000,8.3958,12.0000,1.3636,0.8826,5.1200,0.5854,0.2927,0.1220,0.9487,0.0000,5.1200,1.2800,0.7273
10,6,3307,3309,3,3,3,0.3704,3307.667,108.100,730.144,12.1432,11.0000,1.2222,0.6894,4.6934,0.2552,0.3226,0.4221,0.6304,0.7762,3.8400,1.2800,0.7000
6,3,3307,3309,3,2,2,0.5000,3307.788,178.558,908.115,9.0577,12.0000,1.3846,0.5037,5.1200,0.3810,0.3333,0.2857,0.9487,0.1690,4.0534,1.4933,0.6538
3,3,3307,3309,3,1,1,1.0000,3308.000,217.000,426.000,7.3901,10.0000,1.0000,1.0000,4.2667,0.8889,0.0000,0.1111,1.0000,0.0000,4.6934,0.6400,1.0000
10,3,3309,3311,3,3,2,0.5556,3310.300,564.737,780.438,10.7939,12.0000,1.5000,0.6894,5.1200,0.4041,0.1554,0.4404,0.6667,0.2357,3.4133,0.8533,0.4125
4,4,3310,3311,2,1,2,1.0000,3310.524,977.000,660.524,8.9600,12.0000,1.1429,0.6734,5.1200,0.0000,0.7500,0.2500,0.0000,0.0000,5.1200,1.4933,1.0000
8,3,3315,3317,3,3,2,0.4444,3315.953,592.000,840.469,9.6541,11.0000,1.3750,0.4711,4.6932,0.6720,0.1801,0.1479,0.6280,0.3251,2.5599,0.8533,0.5000
3,3,3317,3319,3,1,1,1.0000,3318.000,225.000,648.000,8.6214,15.0000,1.2857,0.0000,6.3997,0.8889,0.0000,0.1111,1.0000,0.0000,3.8399,0.4267,1.0000
9,4,3317,3319,3,3,2,0.5000,3317.615,333.910,947.321,11.0929,11.0000,1.2692,1.1445,4.6932,0.0802,0.4675,0.4523,0.9239,0.3827,3.8398,1.2799,0.5256
4,3,3319,3320,2,1,2,1.0000,3319.541,403.000,755.432,7.8929,11.0000,1.1892,0.6922,4.6931,0.0000,0.7500,0.2500,0.0000,0.0000,4.6931,1.7066,0.8378
6,3,3321,3323,3,1,2,1.0000,3321.945,449.000,688.509,9.5796,12.0000,1.3091,0.4939,5.1197,0.5556,0.3333,0.1111,1.0000,0.0000,4.4797,2.1332,0.5818
7,3,3321,3323,3,2,3,0.3889,3321.741,772.224,1075.224,9.3528,11.0000,1.3276,1.0963,4.6931,0.3994,0.3420,0.2586,0.5524,0.0967,3.8398,1.7066,0.5345
5,3,3322,3323,2,2,2,0.6250,3322.444,533.511,878.133,8.5859,12.0000,1.3333,0.6903,5.1197,0.3432,0.2505,0.4063,0.6059,0.3645,4.6930,1.2799,0.7111
8,3,3323,3325,3,3,2,0.4444,3323.969,309.154,754.462,9.8045,11.0000,1.3538,0.4875,4.6930,0.1528,0.2767,0.5705,0.6280,0.3251,3.8397,1.7065,0.4769
3,3,3323,3324,2,2,1,0.7500,3323.697,594.333,882.000,8.1285,12.0000,1.0909,0.4505,5.1196,0.5333,0.2667,0.2000,0.7071,0.0000,5.1196,1.7065,1.0000
10,3,3323,3325,3,2,4,0.4167,3324.092,880.092,722.526,10.2535,11.0000,1.4474,0.4913,4.6930,0.4162,0.4515,0.1323,0.2193,0.1795,3.1998,0.8533,0.4079
6,3,3328,3330,3,3,1,0.6667,3329.080,459.160,671.000,8.7085,10.0000,1.2000,1.3682,4.2663,0.6944,0.2222,0.0833,0.6000,0.0000,4.2663,1.4932,0.6000
4,3,3333,3334,2,1,2,1.0000,3333.474,340.000,837.474,8.1059,10.0000,1.0526,0.6699,4.2663,0.0000,0.7500,0.2500,0.0000,0.0000,4.6929,1.7065,0.7895
8,3,3335,3336,2,3,3,0.4444,3335.507,263.203,1133.348,10.4077,13.0000,1.5072,0.8422,5.5462,0.6884,0.0774,0.2342,0.3029,0.0000,3.8397,1.7065,0.4928
6,4,3336,3339,4,2,2,0.3750,3337.778,697.519,944.889,9.4053,12.0000,1.3333,0.5418,5.1196,0.7696,0.0995,0.1309,0.9136,0.2553,4.6930,1.4932,0.7778
4,3,3340,3342,3,2,1,0.6667,3341.081,518.541,1140.000,7.8929,10.0000,1.0811,0.5466,4.2665,0.7576,0.1294,0.1129,0.8507,0.0000,4.6931,1.2799,0.8108
5,3,3341,3342,2,2,2,0.6250,3341.674,380.239,1011.370,8.7769,11.0000,1.1957,0.9066,4.6931,0.3432,0.2505,0.4063,0.6059,0.3645,4.6931,1.4933,0.6739
7,3,3341,3343,3,2,2,0.5833,3341.948,829.103,536.500,9.3529,11.0000,1.3276,0.5132,4.6931,0.4600,0.2645,0.2756,1.0000,0.0000,3.8399,0.8533,0.5345
6,4,3342,3343,2,2,2,0.7500,3342.630,282.593,737.704,9.4057,12.0000,1.3333,0.6253,5.1198,0.2000,0.3333,0.4667,0.7071,0.7071,4.6931,1.4933,0.7778
10,3,3342,3345,4,2,3,0.4167,3343.450,532.163,606.337,10.7936,11.0000,1.3750,0.8172,4.6932,0.2729,0.5368,0.1903,0.9851,0.1600,3.4133,1.2800,0.4000
7,3,3343,3344,2,2,3,0.5833,3343.559,322.492,560.847,9.5143,10.0000,1.1864,0.7601,4.2666,0.3210,0.2459,0.4331,0.2906,0.6446,4.6932,1.2800,0.5085
8,3,3345,3347,3,2,3,0.4444,3345.836,656.104,327.373,10.1069,12.0000,1.4328,1.0500,5.1200,0.4479,0.3131,0.2390,0.8606,0.0694,3.4134,1.2800,0.5224
10,3,3346,3347,2,3,4,0.4167,3346.639,475.386,624.398,11.1988,13.0000,1.5663,0.9713,5.5468,0.3122,0.3885,0.2994,0.0402,0.9484,3.4134,1.2800,0.4458
6,3,3348,3349,2,3,2,0.5000,3348.608,670.980,404.529,8.8839,10.0000,1.1765,0.8063,4.2669,0.4412,0.1872,0.3716,0.0000,0.0000,4.2668,0.8534,0.5882
7,3,3349,3351,3,2,3,0.3889,3349.635,454.873,805.889,10.1603,13.0000,1.4444,0.4022,5.5470,0.3231,0.4135,0.2634,0.8452,0.2797,4.2669,1.7068,0.5397
5,3,3349,3351,3,2,1,0.8333,3349.761,465.565,628.000,8.7779,11.0000,1.1957,0.4962,4.6936,0.5854,0.2927,0.1220,0.9487,0.0000,4.6936,1.2801,0.6739
4,3,3352,3353,2,1,2,1.0000,3352.541,566.000,1029.459,7.8943,10.0000,1.0811,0.7094,4.2672,0.0000,0.7500,0.2500,0.0000,0.0000,5.1206,2.1335,0.8108
3,3,3357,3359,3,1,1,1.0000,3358.000,790.000,685.000,7.8848,12.0000,1.1250,0.0000,5.1213,0.8889,0.0000,0.1111,1.0000,0.0000,4.6946,1.7071,1.0000
10,3,3359,3362,4,3,3,0.2778,3360.643,486.071,798.833,11.3374,12.0000,1.4286,0.4005,5.1218,0.6883,0.0916,0.2201,0.7700,0.1914,2.9877,0.8536,0.4048
5,3,3359,3361,3,1,2,0.8333,3359.837,558.000,786.698,8.2074,10.0000,1.1628,0.8901,4.2681,0.5854,0.2927,0.1220,0.9487,0.0000,4.6947,1.7072,0.6977
13,3,3360,3362,3,6,2,0.3611,3360.747,566.421,893.789,11.2457,10.0000,1.3684,0.8833,4.2681,0.8530,0.0409,0.1061,0.1854,0.2650,3.4145,1.7072,0.3158
6,3,3368,3370,3,1,3,0.6667,3369.264,830.000,1128.113,9.2377,11.0000,1.2453,0.2874,4.6964,0.6944,0.2222,0.0833,0.6000,0.0000,4.6963,2.1346,0.6038
8,3,3370,3373,4,2,3,0.3333,3371.328,426.281,702.266,9.6612,11.0000,1.3750,0.7753,4.6968,0.5142,0.3010,0.1848,0.8759,0.4292,3.6292,1.2809,0.4844
5,3,3372,3374,3,2,2,0.4167,3373.326,376.163,968.233,8.2114,10.0000,1.1628,0.4320,4.2701,0.6489,0.0995,0.2515,0.9362,0.2726,4.6970,1.7079,0.6977
4,3,3372,3374,3,1,2,0.6667,3372.889,987.000,819.556,7.6859,10.0000,1.1111,0.9938,4.2700,0.7576,0.1294,0.1129,0.8507,0.0000,4.6969,1.7080,0.8333
7,3,3373,3375,3,2,2,0.5833,3373.762,372.762,919.603,10.1679,13.0000,1.4444,0.5204,5.5512,0.4600,0.2645,0.2756,0.8571,0.1000,4.2702,1.7080,0.5397
3,3,3374,3376,3,1,1,1.0000,3375.081,488.000,917.000,9.1223,14.0000,1.1351,0.0811,5.9784,0.8889,0.0000,0.1111,1.0000,0.0000,5.9787,1.2812,1.0000
7,3,3375,3376,2,3,2,0.5833,3375.258,586.968,971.774,10.0071,11.0000,1.2419,1.0267,4.6973,0.6517,0.0773,0.2710,0.3251,0.7071,4.2705,1.9216,0.5161
6,3,3376,3377,2,3,2,0.5000,3376.240,373.680,812.680,8.7172,12.0000,1.4400,0.7889,5.1246,0.6381,0.1455,0.2164,0.4962,0.8522,3.8435,0.8541,0.6400
5,3,3378,3379,2,2,2,0.6250,3378.565,630.152,629.478,8.7861,12.0000,1.3043,0.6960,5.1252,0.3432,0.2505,0.4063,0.6059,0.3645,4.6979,1.4949,0.6957
7,3,3379,3381,3,3,2,0.3889,3379.964,855.911,1003.304,9.0403,11.0000,1.3750,0.3184,4.6983,0.3994,0.3420,0.2586,0.5524,0.0967,3.4169,2.1355,0.5536
5,3,3380,3381,2,2,2,0.6250,3380.605,890.140,866.372,8.2137,11.0000,1.2791,0.7236,4.6983,0.3432,0.2505,0.4063,0.6059,0.3645,3.8443,0.8543,0.7209
3,3,3382,3383,2,2,1,0.7500,3382.625,361.688,774.000,7.8919,12.0000,1.1250,0.6988,5.1258,0.5333,0.2667,0.2000,0.7071,0.0000,4.6988,1.2814,1.0000
3,3,3382,3383,2,2,1,0.7500,3382.625,418.312,879.000,7.8919,12.0000,1.1250,0.6988,5.1258,0.5333,0.2667,0.2000,0.7071,0.0000,4.6988,1.2815,1.0000
4,3,3382,3383,2,2,2,0.5000,3382.297,459.162,738.730,7.9023,11.0000,1.1892,0.7702,4.6988,0.0000,0.5625,0.4375,0.4459,0.5774,5.1257,1.9222,0.8378
8,3,3384,3386,3,1,4,0.6667,3384.631,730.000,855.400,9.8173,11.0000,1.3538,0.5444,4.6992,0.4690,0.4530,0.0780,0.0312,0.0000,4.2719,1.7087,0.4769
3,3,3386,3386,1,2,2,0.7500,3386.000,228.333,920.303,8.1395,12.0000,1.0909,0.4505,5.1266,0.5333,0.2667,0.2000,0.0000,1.0000,5.1266,1.4953,1.0000
3,3,3387,3388,2,1,2,0.7500,3387.656,459.000,787.312,7.8934,11.0000,1.0312,0.7269,4.6997,0.5333,0.2667,0.2000,0.7071,0.0000,5.1268,2.3498,1.0000
4,3,3388,3389,2,2,1,1.0000,3388.475,515.450,483.000,8.5451,11.0000,1.1000,0.6543,4.6999,0.0000,0.7500,0.2500,1.0000,0.0000,5.3405,1.9226,0.8000
4,3,3389,3390,2,2,1,1.0000,3389.512,226.610,881.000,8.7590,14.0000,1.3659,0.6439,5.9817,0.0000,0.7500,0.2500,1.0000,0.0000,4.9136,1.0682,0.8537
7,3,3389,3391,3,2,3,0.3889,3390.361,423.869,791.492,9.8513,13.0000,1.4918,0.6238,5.5546,0.6188,0.1635,0.2176,0.6691,0.0458,3.8455,1.4955,0.5574
7,3,3391,3392,2,4,2,0.4375,3391.719,255.088,817.789,9.2058,12.0000,1.4737,0.3617,5.1277,0.8243,0.0513,0.1244,0.2249,0.0286,3.4184,1.2819,0.5614
5,3,3391,3393,3,2,1,0.8333,3392.122,692.367,543.000,9.3638,13.0000,1.3265,0.3872,5.5550,0.5854,0.2927,0.1220,0.9487,0.0000,4.7002,1.0683,0.6735
4,3,3392,3393,2,1,2,1.0000,3392.525,260.000,834.475,8.5463,11.0000,1.1000,0.7080,4.7005,0.0000,0.7500,0.2500,0.0000,0.0000,4.9141,1.2819,0.8000
4,3,3392,3394,3,2,1,0.6667,3392.921,297.553,726.000,8.1190,11.0000,1.1579,0.4543,4.7005,0.7576,0.1294,0.1129,0.8507,0.0000,5.1277,1.2820,0.8158
5,3,3392,3394,3,1,2,0.8333,3393.294,503.000,804.353,9.7463,14.0000,1.3725,0.4594,5.9825,0.5854,0.2927,0.1220,0.9487,0.0000,4.7007,1.9228,0.7059
9,3,3392,3395,4,3,3,0.2500,3393.195,658.987,545.221,10.9679,12.0000,1.4026,0.2947,5.1280,0.7781,0.0428,0.1791,0.8859,0.1400,3.8457,1.7092,0.4416
7,3,3393,3394,2,2,3,0.5833,3393.548,508.339,1152.081,10.0139,11.0000,1.2419,0.6496,4.7007,0.5927,0.2184,0.1889,0.0417,0.2006,4.2732,1.2820,0.5161
5,3,3394,3395,2,1,3,0.8333,3394.543,495.000,565.739,8.7912,12.0000,1.3043,0.5258,5.1282,0.5854,0.2927,0.1220,0.3162,0.0000,4.7007,1.0684,0.7174
9,3,3398,3401,4,2,2,0.5625,3399.347,492.361,772.597,10.2576,11.0000,1.3750,0.8478,4.7015,0.7038,0.1221,0.1741,0.9089,0.4112,3.4193,1.2822,0.4306
4,3,3398,3400,3,1,2,0.6667,3398.575,535.000,823.250,8.5478,13.0000,1.3000,0.6270,5.5560,0.7500,0.1500,0.1000,0.9487,0.0000,4.9150,1.2822,0.8500
6,3,3400,3402,3,3,2,0.3333,3401.352,566.037,861.704,9.4227,11.0000,1.2222,0.4615,4.7016,0.6117,0.2011,0.1872,0.7734,0.2698,4.2742,1.2823,0.5741
6,3,3401,3403,3,3,1,0.6667,3401.623,622.434,348.000,9.2483,13.0000,1.4717,0.6803,5.5566,0.6061,0.3030,0.0909,0.7071,0.0000,4.2742,1.2823,0.6226
9,3,3402,3404,3,3,3,0.3333,3403.436,394.154,775.885,11.1136,13.0000,1.5000,0.5960,5.5569,0.5600,0.0957,0.3443,0.6340,0.6667,3.4196,0.8549,0.4615
4,3,3405,3406,2,2,2,0.5000,3405.275,345.775,627.525,8.5492,11.0000,1.1000,0.8955,4.7022,0.5916,0.1015,0.3069,0.5000,0.5000,4.7021,1.7099,0.7750
5,3,3406,3408,3,2,2,0.4167,3406.957,254.128,731.213,8.9852,13.0000,1.3830,0.2517,5.5572,0.4138,0.1655,0.4207,1.0000,0.0000,4.7022,1.4962,0.7021
3,3,3406,3407,2,1,2,0.7500,3406.697,501.000,749.697,8.1445,13.0000,1.1818,0.4285,5.5572,0.5333,0.2667,0.2000,0.7071,0.0000,4.7022,1.2824,1.0000
7,3,3407,3409,3,2,3,0.3889,3408.094,610.266,822.156,10.3408,12.0000,1.3125,0.3221,5.1298,0.7243,0.1219,0.1538,0.7824,0.2053,4.2749,2.1374,0.5000
6,3,3407,3409,3,2,2,0.5000,3408.283,657.528,1038.113,9.2496,11.0000,1.2453,0.5616,4.7024,0.3810,0.3333,0.2857,0.9487,0.1690,4.4887,1.7099,0.6038
12,4,3408,3411,4,2,2,0.7500,3409.755,757.453,997.670,13.0813,13.0000,1.4717,0.9889,5.5575,0.6450,0.0163,0.3387,0.9989,0.0475,3.8476,1.2825,0.4528
5,3,3409,3410,2,2,2,0.6250,3409.636,286.477,833.159,8.4121,11.0000,1.2500,0.6563,4.7025,0.3432,0.2505,0.4063,0.6059,0.3645,5.1299,1.7100,0.7045
6,3,3412,3415,4,2,2,0.3750,3413.500,892.724,652.897,10.1231,14.0000,1.4483,0.5803,5.9854,0.7351,0.1332,0.1317,0.9406,0.2762,4.7027,1.9239,0.6207
5,3,3413,3414,2,1,3,0.8333,3413.545,673.000,1105.818,8.4126,10.0000,1.1364,0.9833,4.2753,0.5854,0.2927,0.1220,0.3162,0.0000,4.7027,0.8551,0.6818
4,3,3413,3414,2,2,2,0.5000,3413.711,817.579,792.158,8.1230,11.0000,1.1579,0.8409,4.7028,0.5916,0.1015,0.3069,0.5000,0.5000,4.9165,1.2826,0.8421
7,3,3416,3418,3,3,2,0.3889,3417.429,615.107,863.232,9.0495,10.0000,1.2500,1.2674,4.2755,0.2843,0.4935,0.2222,0.8778,0.4790,3.4204,1.2827,0.5357
6,3,3417,3418,2,3,2,0.5000,3417.333,539.000,673.353,8.9018,11.0000,1.2941,0.4855,4.7030,0.1333,0.2667,0.6000,0.0000,0.7071,4.0617,0.6413,0.6275
9,3,3418,3420,3,3,4,0.2500,3418.708,505.958,679.333,10.2613,11.0000,1.3750,0.4449,4.7031,0.6845,0.0966,0.2190,0.4732,0.4579,3.4204,1.4964,0.4444
5,3,3420,3421,2,2,2,0.6250,3420.510,459.347,726.143,9.3693,13.0000,1.3265,0.6333,5.5583,0.3432,0.2505,0.4063,0.6059,0.3645,5.5583,1.9240,0.7347
5,3,3420,3422,3,2,1,0.8333,3420.773,546.364,545.000,8.4133,12.0000,1.3636,0.4288,5.1308,0.5854,0.2927,0.1220,0.9487,0.0000,5.1307,1.2827,0.7273
6,3,3421,3423,3,1,3,0.6667,3422.000,379.000,1074.900,8.7277,11.0000,1.3200,1.0050,4.7032,0.6944,0.2222,0.0833,0.8000,0.0000,4.0619,0.8551,0.6200
4,3,3423,3426,4,1,1,1.0000,3424.359,366.000,712.000,8.3377,12.0000,1.2308,0.6410,5.1309,0.9375,0.0000,0.0625,1.0000,0.0000,4.4895,0.8552,0.8462
11,3,3424,3427,4,2,4,0.3438,3425.767,500.791,579.081,11.0871,12.0000,1.5349,0.7996,5.1309,0.6066,0.3031,0.0903,0.8509,0.3311,3.4207,1.2827,0.3721
5,3,3424,3426,3,3,1,0.5556,3425.000,541.000,331.000,8.7960,12.0000,1.3043,0.0000,5.1309,0.0000,0.8276,0.1724,1.0000,0.0000,4.7033,0.8552,0.6957
3,3,3426,3427,2,2,1,0.7500,3426.323,739.677,989.000,7.6528,11.0000,1.0645,0.4562,4.7034,0.5333,0.2667,0.2000,0.7071,0.0000,4.7034,1.7103,1.0000
5,3,3428,3429,2,2,2,0.6250,3428.378,424.778,856.267,8.6050,12.0000,1.3333,0.5130,5.1310,0.3432,0.2505,0.4063,0.6059,0.3645,4.7034,0.8552,0.7333
5,3,3430,3431,2,2,2,0.6250,3430.279,777.256,826.628,8.2227,11.0000,1.2791,0.8776,4.7035,0.3432,0.2505,0.4063,0.6059,0.3645,4.7035,1.7104,0.7209
6,3,3432,3434,3,2,2,0.5000,3433.075,551.340,443.887,9.2520,11.0000,1.2453,0.3659,4.7036,0.7074,0.0897,0.2030,0.9140,0.2540,4.2760,1.7104,0.5849
3,3,3433,3435,3,1,1,1.0000,3434.000,144.000,630.000,7.4062,10.0000,1.0000,1.0000,4.2760,0.8889,0.0000,0.1111,1.0000,0.0000,4.7036,1.2828,1.0000
8,3,3433,3435,3,2,2,0.6667,3433.719,524.531,383.359,9.6755,10.0000,1.2500,0.7003,4.2760,0.4716,0.1249,0.4035,0.8929,0.1898,3.6346,0.8552,0.4688
6,3,3434,3437,4,2,2,0.3750,3435.722,571.611,988.574,9.4267,11.0000,1.2222,1.4790,4.7037,0.8091,0.0682,0.1227,0.8627,0.0802,3.6346,0.8552,0.5741
6,3,3437,3439,3,2,2,0.5000,3438.170,720.755,554.321,9.2522,13.0000,1.4717,0.4380,5.5589,0.4074,0.2455,0.3471,0.9369,0.3292,4.0623,1.2828,0.6226
9,3,3437,3440,4,3,2,0.3750,3438.058,832.899,831.377,9.8350,11.0000,1.4348,0.3945,4.7037,0.7032,0.1505,0.1463,0.8933,0.1160,3.4208,0.8552,0.4493
6,3,3438,3440,3,2,3,0.3333,3439.135,326.500,711.019,9.0777,10.0000,1.1538,0.5182,4.2761,0.6378,0.1768,0.1854,0.7170,0.4222,4.4899,1.2828,0.5769
4,3,3438,3439,2,1,2,1.0000,3438.575,405.000,641.400,8.5522,13.0000,1.3000,0.5836,5.5589,0.0000,0.7500,0.2500,0.0000,0.0000,4.9175,1.7104,0.8500
6,3,3440,3442,3,2,2,0.5000,3440.870,439.648,417.315,9.4269,12.0000,1.3333,0.7321,5.1314,0.6381,0.1455,0.2164,0.8019,0.3768,4.0623,1.2828,0.6111
7,3,3440,3443,4,2,2,0.4375,3441.379,841.293,877.121,9.3741,11.0000,1.3276,1.4153,4.7037,0.6673,0.1280,0.2047,0.9953,0.0695,3.4209,1.7105,0.5345
4,3,3444,3445,2,2,2,0.5000,3444.737,494.816,707.737,8.1248,11.0000,1.1579,0.4153,4.7038,0.0000,0.5625,0.4375,0.4459,0.5774,4.2762,1.7105,0.8158
8,3,3447,3449,3,2,3,0.4444,3448.167,449.667,626.121,9.9785,11.0000,1.3333,0.6978,4.7039,0.5721,0.1831,0.2448,0.8600,0.3843,3.8487,1.2829,0.4848
7,3,3451,3453,3,2,2,0.5833,3451.877,526.211,552.351,9.2130,10.0000,1.2281,1.1114,4.2764,0.6517,0.0773,0.2710,0.8881,0.0000,4.7040,0.8553,0.5263
7,3,3452,3453,2,2,3,0.5833,3452.768,386.482,718.696,9.0514,10.0000,1.2500,0.6152,4.2764,0.4379,0.1023,0.4598,0.2048,0.9464,3.4211,1.4967,0.5357
10,3,3454,3457,4,2,2,0.6250,3455.376,661.624,601.353,11.4949,13.0000,1.5294,0.6388,5.5594,0.6756,0.1036,0.2208,0.9362,0.2726,4.2765,1.7106,0.4000
12,3,3456,3459,4,4,3,0.2500,3457.444,533.172,769.091,12.2219,15.0000,1.8182,0.5886,6.4148,0.6672,0.1757,0.1571,0.6176,0.4875,3.4212,1.7106,0.3737
10,4,3456,3458,3,2,3,0.5556,3457.419,675.407,393.651,11.6303,12.0000,1.3953,0.6801,5.1318,0.1714,0.3429,0.4857,0.8165,0.3651,3.8489,1.2830,0.5116
10,3,3458,3462,5,3,3,0.2222,3459.889,466.605,395.704,10.9544,13.0000,1.6049,1.9524,5.5595,0.8219,0.0778,0.1003,0.8403,0.3621,3.4213,1.2830,0.4198
6,3,3458,3459,2,3,2,0.5000,3458.648,711.741,620.241,9.4279,11.0000,1.2222,0.8547,4.7043,0.6381,0.1455,0.2164,0.3327,0.3629,4.4904,1.7106,0.5926
12,3,3460,3462,3,4,3,0.3333,3461.271,637.167,1046.000,11.8519,12.0000,1.5000,0.8762,5.1320,0.4461,0.3719,0.1820,0.1633,0.3480,3.6352,1.7107,0.3333
6,3,3462,3464,3,2,2,0.5000,3463.408,476.735,564.204,8.5553,10.0000,1.2245,0.5279,4.2768,0.5034,0.2551,0.2415,0.9677,0.2521,4.0629,1.2830,0.6122
5,3,3466,3467,2,2,2,0.6250,3466.556,811.133,642.467,8.6071,11.0000,1.2222,0.7069,4.7046,0.3432,0.2505,0.4063,0.6059,0.3645,4.7046,0.8554,0.6889
7,3,3467,3469,3,2,3,0.3889,3467.526,456.684,668.667,9.2143,10.0000,1.2281,0.9253,4.2770,0.5007,0.2532,0.2461,0.6828,0.3177,3.8493,2.1385,0.5263
6,3,3467,3468,2,2,3,0.5000,3467.490,965.529,846.020,8.9049,10.0000,1.1765,0.7218,4.2770,0.6168,0.1058,0.2774,0.5000,0.5000,4.2770,1.7108,0.5882
4,3,3468,3469,2,1,2,1.0000,3468.500,290.000,625.524,8.9818,12.0000,1.1429,0.6905,5.1324,0.0000,0.7500,0.2500,0.0000,0.0000,4.9186,1.7108,0.7857
6,3,3471,3473,3,3,1,0.6667,3471.769,434.712,970.000,9.0801,12.0000,1.3846,0.3694,5.1327,0.4000,0.4800,0.1200,0.7071,0.0000,4.0634,1.2832,0.6346
6,3,3472,3474,3,3,1,0.6667,3472.759,242.963,602.000,9.4295,11.0000,1.2222,0.7602,4.7051,0.6944,0.2222,0.0833,0.6000,0.0000,4.2773,1.2832,0.5926
4,3,3472,3473,2,2,1,1.0000,3472.537,800.463,416.000,8.7684,11.0000,1.0732,0.7090,4.7051,0.0000,0.7500,0.2500,1.0000,0.0000,5.1327,0.8555,0.8049
4,3,3474,3475,2,2,1,1.0000,3474.436,845.538,945.000,8.3410,12.0000,1.2308,0.6928,5.1329,0.0000,0.7500,0.2500,1.0000,0.0000,4.9190,1.2832,0.8462
5,3,3475,3476,2,3,1,0.8333,3475.592,401.265,980.000,9.3735,11.0000,1.1224,0.9434,4.7053,0.5854,0.2927,0.1220,0.3162,0.0000,4.7053,1.2832,0.6531
7,3,3475,3476,2,3,2,0.5833,3475.411,629.071,1011.250,9.0538,10.0000,1.2500,1.1744,4.2776,0.6197,0.1831,0.1972,0.0880,0.2700,3.8498,1.2832,0.5357
5,4,3478,3480,3,1,2,0.8333,3478.827,519.000,1002.577,9.9481,12.0000,1.1538,0.4571,5.1334,0.5854,0.2927,0.1220,0.9487,0.0000,5.1333,1.4972,0.8462
5,3,3478,3480,3,2,2,0.4167,3479.289,686.133,987.311,8.6090,11.0000,1.2222,1.3326,4.7055,0.6999,0.1281,0.1720,0.8684,0.1395,4.2778,0.8556,0.6889
7,3,3482,3484,3,3,1,0.7778,3482.887,236.323,820.000,10.0255,11.0000,1.2419,0.3418,4.7061,0.4747,0.4312,0.0941,0.8619,0.0000,4.2782,1.2835,0.5000
12,4,3482,3485,4,3,5,0.2000,3483.442,759.979,462.168,11.7329,11.0000,1.3895,1.1757,4.7062,0.7744,0.1329,0.0927,0.4381,0.6322,3.6366,1.2836,0.4316
7,3,3485,3486,2,2,4,0.4375,3485.607,835.107,541.214,9.0560,11.0000,1.3750,0.4601,4.7065,0.7122,0.1467,0.1411,0.2544,0.5234,3.4229,0.8557,0.5536
5,3,3487,3488,2,2,3,0.4167,3487.766,476.766,430.021,8.9938,12.0000,1.2766,0.3317,5.1347,0.4138,0.1655,0.4207,0.0000,0.7071,5.1345,0.4279,0.7234
12,4,3487,3490,4,3,4,0.2500,3488.551,548.337,500.286,12.1053,11.0000,1.3469,0.7061,4.7068,0.7267,0.1031,0.1702,0.5835,0.0803,3.8512,1.7116,0.4286
3,3,3487,3488,2,1,2,0.7500,3487.333,642.000,403.667,7.4111,10.0000,1.0000,0.7454,4.2789,0.5333,0.2667,0.2000,0.7071,0.0000,4.7066,0.8558,1.0000
6,3,3488,3489,2,2,2,0.7500,3488.481,465.250,637.635,9.0838,10.0000,1.1538,0.8345,4.2791,0.2000,0.3333,0.4667,0.0000,0.0000,4.0650,1.4976,0.5769
6,4,3489,3490,2,2,2,0.7500,3489.491,838.679,579.302,9.2588,10.0000,1.1321,0.6593,4.2792,0.2000,0.3333,0.4667,0.0000,0.0000,5.1349,1.7117,0.7547
7,3,3491,3493,3,3,2,0.3889,3492.268,387.625,674.214,9.0582,11.0000,1.3750,0.8500,4.7077,0.3526,0.4473,0.2001,0.4910,0.4241,3.4237,1.7118,0.5536
8,4,3495,3498,4,2,2,0.5000,3496.904,428.260,928.219,11.0476,13.0000,1.4247,0.3535,5.5646,0.7830,0.0124,0.2046,0.9492,0.3148,4.4943,1.2841,0.6164
11,3,3496,3499,4,3,2,0.4583,3497.044,452.648,825.231,11.7446,12.0000,1.4505,0.6896,5.1366,0.5257,0.3038,0.1705,0.8689,0.0870,4.0666,1.2842,0.3846
5,3,3498,3499,2,2,2,0.6250,3498.587,668.130,439.543,8.8064,11.0000,1.1957,0.8105,4.7090,0.3432,0.2505,0.4063,0.6059,0.3645,4.7091,1.4982,0.6957
7,3,3499,3501,3,4,1,0.5833,3500.036,109.375,822.000,9.0615,10.0000,1.2500,1.2097,4.2811,0.7216,0.2132,0.0651,0.3827,0.0000,3.4249,0.8562,0.5357
12,4,3499,3503,5,3,3,0.2667,3501.297,522.989,576.319,11.2471,11.0000,1.4505,0.7432,4.7098,0.7193,0.1179,0.1628,0.9275,0.2919,2.9973,1.2844,0.4615
10,3,3500,3502,3,3,2,0.5556,3501.395,447.802,506.469,10.9667,13.0000,1.6049,1.1091,5.5661,0.5450,0.1593,0.2957,0.4103,0.1490,3.4252,1.0704,0.4321
11,3,3503,3506,4,3,2,0.4583,3504.354,354.114,749.696,10.2000,11.0000,1.5316,1.0015,4.7103,0.6693,0.0616,0.2691,0.8073,0.2540,2.9977,0.8566,0.3924
9,3,3503,3505,3,4,3,0.2500,3503.882,424.588,621.103,9.7061,11.0000,1.4559,0.9791,4.7100,0.6726,0.1226,0.2048,0.6013,0.5449,2.9977,1.2846,0.4559
6,3,3504,3506,3,2,1,1.0000,3504.849,268.472,757.000,9.2657,11.0000,1.2453,0.9713,4.7103,0.5556,0.3333,0.1111,1.0000,0.0000,3.6400,0.8564,0.5849
5,3,3504,3506,3,1,3,0.5556,3505.000,547.000,528.977,8.4266,11.0000,1.2500,1.0003,4.7103,0.7911,0.1351,0.0737,0.8507,0.0000,4.7106,1.9269,0.7045
5,3,3506,3508,3,3,1,0.5556,3506.979,520.688,851.000,9.1938,12.0000,1.2500,0.6878,5.1395,0.5532,0.3398,0.1070,0.5606,0.0000,4.7109,1.4991,0.6667
3,3,3506,3507,2,2,1,0.7500,3506.677,597.677,418.000,7.6653,11.0000,1.0645,0.4562,4.7112,0.5333,0.2667,0.2000,0.7071,0.0000,4.7111,0.8566,1.0000
7,3,3509,3512,4,2,2,0.4375,3510.500,803.661,962.589,9.0673,10.0000,1.2500,0.8440,4.2841,0.7415,0.1286,0.1299,0.8792,0.4749,3.6414,1.4994,0.5357
4,3,3509,3510,2,1,2,1.0000,3509.459,837.000,539.568,7.9247,11.0000,1.1892,0.6922,4.7121,0.0000,0.7500,0.2500,0.0000,0.0000,5.1401,1.7133,0.8378
4,3,3511,3512,2,1,2,1.0000,3511.512,710.000,579.537,8.7826,12.0000,1.1707,0.6728,5.1412,0.0000,0.7500,0.2500,0.0000,0.0000,3.8557,0.8569,0.7805
4,3,3512,3513,2,2,2,0.5000,3512.263,302.158,574.737,8.1404,12.0000,1.2632,0.4043,5.1412,0.0000,0.5625,0.4375,0.4459,0.5774,4.7130,1.0711,0.8421
3,3,3513,3515,3,1,1,1.0000,3513.969,597.000,288.000,7.9166,11.0000,1.0312,0.9688,4.7135,0.8889,0.0000,0.1111,1.0000,0.0000,5.3558,1.4996,1.0000
5,3,3516,3518,3,2,1,0.8333,3516.733,368.622,502.000,8.6251,10.0000,1.1111,0.9617,4.2859,0.5854,0.2927,0.1220,0.9487,0.0000,4.7142,0.4287,0.6667
6,3,3516,3518,3,2,2,0.5000,3517.245,436.132,736.453,9.2737,13.0000,1.4717,0.9415,5.5721,0.5230,0.1584,0.3185,0.9225,0.0898,4.0716,1.0715,0.6415
6,3,3516,3517,2,2,2,0.7500,3516.392,588.686,906.333,8.9232,11.0000,1.2941,0.6028,4.7142,0.2000,0.3333,0.4667,0.0000,0.0000,4.0714,1.7142,0.6078
7,3,3518,3519,2,3,2,0.5833,3518.483,962.103,523.879,9.3967,11.0000,1.3276,0.5411,4.7153,0.4600,0.2645,0.2756,0.0000,0.3827,3.4290,0.8573,0.5517
8,3,3519,3522,4,2,2,0.5000,3520.479,648.423,894.183,10.7616,13.0000,1.4648,0.6954,5.5735,0.7109,0.0438,0.2453,0.9239,0.3827,3.8584,1.7147,0.4930
5,3,3519,3520,2,2,3,0.4167,3519.837,842.233,341.907,8.2438,10.0000,1.1628,0.9504,4.2869,0.4138,0.1655,0.4207,0.0000,0.7071,4.7156,0.6430,0.6977
4,3,3521,3522,2,2,1,1.0000,3521.488,627.535,833.000,9.2180,13.0000,1.2093,0.6744,5.5735,0.0000,0.7500,0.2500,1.0000,0.0000,4.9308,1.7150,0.7907
10,3,3522,3525,4,3,3,0.2778,3523.506,810.785,818.430,10.7126,14.0000,1.7722,0.7919,6.0031,0.2952,0.4859,0.2189,0.0101,0.2191,3.2162,1.2866,0.4430
6,3,3525,3528,4,2,2,0.3750,3526.660,421.260,620.460,8.7554,11.0000,1.3200,0.8455,4.7179,0.8091,0.0682,0.1227,0.8627,0.0802,4.0748,1.5011,0.6200
6,5,3526,3528,3,2,2,0.5000,3526.831,421.305,852.644,10.3315,11.0000,1.1186,1.1399,4.7187,0.6381,0.1455,0.2164,0.8019,0.3768,4.7183,1.2868,0.8814
3,3,3526,3527,2,2,1,0.7500,3526.343,434.714,731.000,8.6672,13.0000,1.1143,0.4463,5.5757,0.5333,0.2667,0.2000,0.7071,0.0000,5.5762,1.9300,1.0000
8,4,3528,3531,4,2,2,0.5000,3529.521,281.296,579.338,10.7695,11.0000,1.2394,0.6566,4.7195,0.6066,0.1994,0.1941,0.9479,0.2003,4.5046,0.8581,0.5915
7,3,3529,3531,3,2,2,0.5833,3529.632,1046.228,708.316,9.2430,10.0000,1.2281,0.7420,4.2904,0.3772,0.3083,0.3146,0.9758,0.2185,3.8614,1.2871,0.5263
7,3,3531,3532,2,3,3,0.3889,3531.500,563.155,421.207,9.4066,10.0000,1.2069,0.5629,4.2911,0.7353,0.1201,0.1447,0.2765,0.5101,4.2910,1.7163,0.5172
5,3,3531,3533,3,2,1,0.8333,3532.239,610.478,884.000,8.8278,12.0000,1.3043,0.5347,5.1493,0.5854,0.2927,0.1220,0.9487,0.0000,5.5783,1.7165,0.7391
7,3,3532,3535,4,2,2,0.4375,3533.491,589.105,745.596,9.2459,11.0000,1.3509,0.6444,4.7206,0.6023,0.2183,0.1794,0.9919,0.0509,3.4337,1.7166,0.5439
4,3,3532,3533,2,1,3,0.6667,3532.436,602.000,307.103,8.3680,12.0000,1.2308,0.4478,5.1493,0.7576,0.1294,0.1129,0.5257,0.0000,4.9350,1.2875,0.8462
4,3,3535,3536,2,2,1,1.0000,3535.459,144.541,584.000,7.9408,10.0000,1.0811,0.7094,4.2925,0.0000,0.7500,0.2500,1.0000,0.0000,4.7214,1.2875,0.8108
5,3,3535,3537,3,2,2,0.4167,3535.979,417.426,852.170,9.0224,10.0000,1.0638,1.1476,4.2925,0.5461,0.2256,0.2283,0.8117,0.4177,4.7214,0.4293,0.6383
5,3,3538,3540,3,2,2,0.4167,3538.830,409.404,593.851,9.0245,11.0000,1.1702,0.4632,4.7229,0.7729,0.0435,0.1836,0.8328,0.5477,5.1518,1.7171,0.6596
9,3,3541,3543,3,4,2,0.3750,3542.260,284.096,564.836,10.4502,12.0000,1.4795,0.3224,5.1534,0.7144,0.1363,0.1493,0.6435,0.4158,3.0065,1.2883,0.4384
4,3,3542,3543,2,1,2,1.0000,3542.561,427.000,633.439,8.8042,12.0000,1.1707,0.6209,5.1538,0.0000,0.7500,0.2500,0.0000,0.0000,5.1536,1.2885,0.8293
4,3,3542,3543,2,2,1,1.0000,3542.538,583.538,354.000,8.3747,11.0000,1.1282,0.6527,4.7243,0.0000,0.7500,0.2500,1.0000,0.0000,4.7241,0.4295,0.7949
5,3,3544,3545,2,2,2,0.6250,3544.522,695.565,1016.870,8.8363,12.0000,1.3043,0.6916,5.1542,0.3432,0.2505,0.4063,0.6059,0.3645,4.7247,1.7181,0.6957
7,3,3547,3549,3,3,3,0.2593,3548.382,667.073,684.327,8.9317,10.0000,1.2727,0.5081,4.2967,0.4792,0.2262,0.2946,0.7202,0.5619,3.4370,1.5038,0.5455
5,3,3555,3556,2,2,2,0.6250,3555.404,577.128,748.532,9.0352,11.0000,1.1702,0.6802,4.7286,0.3432,0.2505,0.4063,0.6059,0.3645,5.1581,1.7194,0.7021
9,3,3555,3558,4,3,2,0.3750,3556.342,653.658,1022.836,10.4604,12.0000,1.4795,0.5115,5.1585,0.3564,0.3599,0.2837,0.9600,0.1979,3.4394,1.5046,0.4521
4,3,3559,3560,2,2,1,1.0000,3559.548,696.524,1077.000,9.0293,12.0000,1.1429,0.6568,5.1597,0.0000,0.7500,0.2500,1.0000,0.0000,4.9446,1.2898,0.7857
6,3,3561,3563,3,2,2,0.5000,3562.143,266.661,999.107,9.8313,12.0000,1.2857,0.3834,5.1606,0.7074,0.0897,0.2030,0.9140,0.2540,4.9453,2.1500,0.6071
4,3,3562,3563,2,2,1,1.0000,3562.568,258.541,465.000,7.9557,11.0000,1.1892,0.6922,4.7305,0.0000,0.7500,0.2500,1.0000,0.0000,4.7304,1.5051,0.8378
4,3,3563,3565,3,2,1,0.6667,3563.842,248.737,723.000,8.1713,12.0000,1.2632,0.8823,5.1606,0.5357,0.3214,0.1429,1.0000,0.0000,4.7308,1.2902,0.8421
5,3,3565,3567,3,2,1,0.8333,3566.070,796.395,1014.000,8.2713,10.0000,1.1628,1.1405,4.3012,0.5854,0.2927,0.1220,0.9487,0.0000,4.7311,0.8604,0.6977
7,3,3566,3568,3,3,2,0.3889,3567.158,337.930,790.246,9.2670,11.0000,1.3509,1.1857,4.7313,0.6122,0.0965,0.2913,0.7352,0.2674,3.0112,0.4302,0.5439
5,3,3566,3567,2,1,3,0.8333,3566.455,627.000,706.750,8.4638,11.0000,1.2500,0.5188,4.7313,0.5854,0.2927,0.1220,0.3162,0.0000,4.7315,0.8603,0.7045
5,3,3569,3570,2,2,2,0.6250,3569.469,284.388,900.122,9.4270,13.0000,1.3265,0.6685,5.5926,0.3432,0.2505,0.4063,0.6059,0.3645,4.7322,1.0755,0.6939
5,3,3569,3570,2,2,2,0.6250,3569.370,416.130,577.435,8.8498,13.0000,1.4130,0.5853,5.5924,0.3432,0.2505,0.4063,0.6059,0.3645,4.7320,1.2906,0.7174
4,3,3571,3572,2,1,2,1.0000,3571.465,580.000,478.465,9.2500,12.0000,1.1163,0.6578,5.1627,0.0000,0.7500,0.2500,0.0000,0.0000,4.3024,0.8604,0.7907
7,3,3571,3573,3,4,1,0.5833,3571.804,817.732,650.000,9.1064,11.0000,1.3750,0.8470,4.7324,0.7216,0.2132,0.0651,0.3827,0.0000,3.4419,0.8605,0.5536
7,3,3577,3578,2,4,1,0.8750,3577.672,293.213,874.000,9.9219,13.0000,1.4918,0.3910,5.5945,0.7331,0.1952,0.0717,0.1452,0.0000,3.8730,0.8607,0.5574
7,3,3577,3580,4,2,2,0.4375,3578.544,408.691,638.206,11.0609,14.0000,1.4412,0.6587,6.0249,0.6801,0.1680,0.1519,0.9328,0.2851,3.8731,1.2911,0.5588
4,3,3577,3578,2,2,2,0.5000,3577.556,503.167,438.278,7.7461,10.0000,1.1111,0.6431,4.3035,0.5916,0.1015,0.3069,0.7071,0.7071,4.7338,0.8607,0.8333
5,3,3578,3580,3,2,1,0.8333,3579.244,529.556,603.000,8.6610,10.0000,1.1111,0.6070,4.3038,0.5854,0.2927,0.1220,0.9487,0.0000,4.7340,1.2911,0.6667
6,3,3580,3582,3,2,1,1.0000,3581.102,721.441,630.000,10.3669,14.0000,1.4237,0.4523,6.0256,0.5556,0.3333,0.1111,1.0000,0.0000,4.5193,1.2912,0.6271
10,4,3584,3587,4,3,3,0.2778,3585.267,778.151,619.953,11.7066,12.0000,1.3953,0.3107,5.1655,0.8005,0.0481,0.1514,0.6972,0.5855,4.3046,1.7218,0.5116
5,3,3585,3586,2,3,1,0.8333,3585.524,569.762,866.000,8.0853,10.0000,1.1905,0.9246,4.3047,0.5854,0.2927,0.1220,0.3162,0.0000,5.1654,1.9370,0.7143
6,3,3588,3589,2,2,2,0.7500,3588.482,576.304,338.679,9.8420,11.0000,1.1786,0.8860,4.7355,0.2000,0.3333,0.4667,0.0000,0.0000,3.6593,0.4305,0.5714
52,4,3588,3591,4,5,15,0.1733,3588.984,617.763,730.954,25.9696,17.0000,2.0322,7.0872,7.3186,0.9244,0.0434,0.0322,0.0681,0.9797,3.8745,1.7220,0.3770
47,4,3588,3591,4,7,11,0.1526,3588.909,619.260,744.667,24.1134,17.0000,2.0807,1.8370,7.3186,0.7991,0.1435,0.0574,0.0170,0.9851,3.8744,1.7219,0.2500
11,3,3590,3593,4,3,4,0.2292,3591.374,398.769,619.714,11.8127,11.0000,1.3297,0.9016,4.7358,0.7512,0.1130,0.1358,0.8623,0.4783,3.8748,1.2916,0.4615
6,3,3591,3593,3,2,2,0.5000,3592.182,528.709,737.127,9.6672,12.0000,1.3091,0.8776,5.1666,0.5230,0.1584,0.3185,0.9225,0.0898,4.3054,1.7221,0.5818
8,3,3598,3600,3,2,2,0.6667,3599.123,798.277,873.785,9.8956,12.0000,1.4769,0.3718,5.1672,0.4961,0.2369,0.2670,0.9586,0.0986,3.4448,1.0765,0.5077
6,3,3600,3602,3,2,2,0.5000,3600.745,382.373,585.118,8.9656,10.0000,1.1765,0.8413,4.3061,0.5230,0.1584,0.3185,0.9225,0.0898,4.5214,0.8612,0.5882
8,3,3601,3603,3,2,2,0.6667,3601.719,818.812,542.484,9.7437,11.0000,1.3750,0.8868,4.7367,0.6000,0.1500,0.2500,0.9487,0.3162,3.6602,0.8612,0.4844
4,3,3602,3604,3,2,1,0.6667,3602.789,347.789,822.000,8.1818,10.0000,1.0526,0.8171,4.3063,0.7500,0.1500,0.1000,0.9487,0.0000,3.8756,0.6459,0.7895
5,3,3610,3611,2,2,2,0.6250,3610.395,191.512,927.140,8.2815,11.0000,1.2791,0.8043,4.7372,0.3432,0.2505,0.4063,0.6059,0.3645,4.7371,1.2920,0.7209
4,3,3610,3611,2,1,2,1.0000,3610.538,529.000,298.538,8.3977,11.0000,1.1282,0.7092,4.7372,0.0000,0.7500,0.2500,0.0000,0.0000,4.9525,1.5073,0.8205
6,3,3610,3612,3,2,3,0.3333,3611.250,655.875,489.018,9.8455,13.0000,1.3929,0.2801,5.5985,0.5384,0.1347,0.3269,0.8322,0.1385,4.5218,1.7226,0.6071
6,3,3612,3614,3,2,2,0.5000,3613.074,365.463,509.148,9.4940,11.0000,1.2222,1.1789,4.7372,0.3810,0.3333,0.2857,0.9487,0.1690,4.3066,1.2920,0.5741
4,3,3613,3614,2,3,1,0.6667,3613.556,319.889,480.000,7.7518,10.0000,1.1111,0.5666,4.3066,0.7576,0.1294,0.1129,0.5257,0.0000,4.7372,1.0766,0.8333
6,3,3613,3614,2,2,2,0.7500,3613.583,504.458,713.750,8.4391,10.0000,1.2500,0.7828,4.3066,0.2000,0.3333,0.4667,0.7071,0.7071,3.8759,1.2920,0.6250
3,3,3615,3616,2,2,1,0.7500,3615.677,328.677,538.000,7.7079,11.0000,1.0645,0.4562,4.7372,0.5333,0.2667,0.2000,0.7071,0.0000,5.1679,0.2153,1.0000
11,3,3615,3618,4,4,3,0.2292,3616.322,665.839,614.333,11.2968,10.0000,1.2644,1.6008,4.3066,0.8085,0.0289,0.1626,0.5497,0.8129,3.4453,1.2920,0.3448
4,3,3616,3617,2,1,2,1.0000,3616.462,501.000,532.462,8.3978,11.0000,1.1282,0.7092,4.7373,0.0000,0.7500,0.2500,0.0000,0.0000,5.3832,1.5073,0.8205
4,3,3617,3618,2,2,1,1.0000,3617.474,500.579,730.000,8.1825,12.0000,1.2632,0.6740,5.1679,0.0000,0.7500,0.2500,1.0000,0.0000,4.7373,0.8613,0.8421
8,3,3619,3621,3,3,3,0.2963,3619.847,375.361,817.056,10.9628,11.0000,1.2222,0.6592,4.7373,0.7510,0.0825,0.1664,0.6984,0.6929,4.5219,1.7226,0.5694
4,3,3619,3621,3,2,1,0.6667,3620.108,712.568,534.000,7.9672,11.0000,1.1892,0.4457,4.7373,0.7576,0.1294,0.1129,0.8507,0.0000,4.7373,1.5073,0.8378
9,3,3619,3621,3,4,2,0.3750,3620.125,714.431,504.375,10.3358,10.0000,1.2500,0.5845,4.3066,0.7443,0.0968,0.1590,0.6523,0.7404,4.3066,1.2920,0.4167
4,3,3621,3622,2,2,1,1.0000,3621.541,294.541,667.000,7.9672,10.0000,1.0811,0.7094,4.3066,0.0000,0.7500,0.2500,1.0000,0.0000,5.1679,2.1533,0.8108
7,3,3622,3624,3,2,2,0.5833,3622.776,569.299,548.448,10.9058,15.0000,1.5672,0.6665,6.4599,0.4600,0.2645,0.2756,0.8571,0.1000,3.8759,1.2920,0.5672
7,3,3622,3624,3,3,1,0.7778,3623.017,655.700,612.000,9.7664,10.0000,1.1667,1.2343,4.3066,0.4747,0.4312,0.0941,0.8619,0.0000,4.3066,1.7226,0.5000
6,3,3624,3625,2,2,3,0.5000,3624.392,754.882,502.863,8.9666,10.0000,1.1765,0.4318,4.3066,0.7074,0.0897,0.2030,0.3047,0.0847,4.5219,1.7226,0.5882
3,3,3625,3626,2,2,1,0.7500,3625.382,385.706,598.000,8.4538,13.0000,1.1471,0.6841,5.5985,0.5333,0.2667,0.2000,0.7071,0.0000,5.1679,1.7226,1.0000
4,3,3626,3627,2,2,1,1.0000,3626.462,408.538,965.000,8.3978,11.0000,1.1282,0.6527,4.7372,0.0000,0.7500,0.2500,1.0000,0.0000,4.7372,1.7226,0.7949
4,3,3628,3629,2,1,2,1.0000,3628.564,445.000,428.564,8.3978,11.0000,1.1282,0.7129,4.7372,0.0000,0.7500,0.2500,0.0000,0.0000,5.5985,2.1533,0.8462
7,4,3629,3632,4,2,2,0.4375,3630.532,504.435,840.097,10.0918,11.0000,1.2419,0.6945,4.7372,0.6023,0.2183,0.1794,0.9919,0.0509,4.7372,1.0766,0.6935
6,3,3629,3631,3,1,2,1.0000,3630.145,574.000,442.564,9.6697,13.0000,1.4182,0.4600,5.5985,0.5556,0.3333,0.1111,1.0000,0.0000,4.3065,0.6460,0.6364
8,4,3631,3633,3,2,2,0.6667,3632.123,346.356,591.205,11.1149,12.0000,1.3151,0.4293,5.1678,0.4961,0.2369,0.2670,0.9586,0.0986,4.5218,0.8613,0.5890
6,3,3631,3632,2,3,1,1.0000,3631.527,655.945,612.000,9.6697,10.0000,1.0909,0.5301,4.3065,0.5556,0.3333,0.1111,0.0000,0.0000,3.6605,0.8613,0.5455
3,3,3634,3636,3,1,1,1.0000,3635.032,375.000,321.000,7.7077,11.0000,1.0645,0.9677,4.7371,0.8889,0.0000,0.1111,1.0000,0.0000,4.7372,0.4307,1.0000
7,3,3634,3637,4,3,2,0.2917,3635.283,552.633,594.667,9.7662,12.0000,1.4000,0.5708,5.1678,0.7061,0.1689,0.1249,0.7526,0.0949,3.8759,1.7226,0.5667
8,3,3635,3637,3,2,4,0.3333,3636.080,727.813,383.333,11.4193,13.0000,1.3867,1.1514,5.5984,0.8273,0.0635,0.1092,0.5694,0.2430,4.5218,1.7226,0.5867
3,3,3641,3643,3,1,1,1.0000,3642.000,364.000,718.000,8.4536,14.0000,1.2353,0.0000,6.0291,0.8889,0.0000,0.1111,1.0000,0.0000,5.1678,1.2920,1.0000
5,3,3642,3643,2,3,1,0.8333,3642.444,377.267,525.000,8.6667,10.0000,1.1111,0.8575,4.3065,0.5854,0.2927,0.1220,0.3162,0.0000,4.7372,1.2920,0.6667
4,3,3643,3644,2,3,1,0.6667,3643.425,398.075,622.000,8.6131,13.0000,1.3000,0.4316,5.5985,0.7576,0.1294,0.1129,0.5257,0.0000,4.7372,1.2920,0.8250
6,3,3643,3644,2,3,2,0.5000,3643.473,430.673,996.145,9.6697,11.0000,1.2000,0.8350,4.7372,0.6373,0.1269,0.2358,0.4046,0.4063,4.3065,1.5073,0.5818
8,3,3643,3646,4,2,2,0.5000,3644.085,644.352,537.085,10.8104,12.0000,1.3521,0.3718,5.1679,0.7254,0.1462,0.1284,0.9899,0.1415,4.7372,1.7226,0.4789
5,3,3646,3648,3,1,3,0.5556,3647.087,246.000,520.674,8.8594,12.0000,1.3043,0.6795,5.1679,0.8123,0.1108,0.0769,0.7071,0.0000,4.7372,1.0766,0.6957
3,3,3646,3648,3,1,1,1.0000,3647.000,690.000,701.000,7.7079,11.0000,1.0645,0.0000,4.7372,0.8889,0.0000,0.1111,1.0000,0.0000,4.7373,1.2920,1.0000
5,3,3647,3648,2,2,2,0.6250,3647.500,609.523,369.136,8.4743,11.0000,1.2500,0.7361,4.7372,0.3432,0.2505,0.4063,0.6059,0.3645,4.7373,1.2920,0.7273
6,3,3648,3650,3,1,2,1.0000,3649.056,986.000,485.519,9.4942,11.0000,1.2222,0.4847,4.7373,0.5556,0.3333,0.1111,1.0000,0.0000,4.5219,1.7227,0.5926
5,3,3649,3651,3,2,2,0.4167,3649.880,556.880,386.320,9.6300,16.0000,1.6000,0.3622,6.8907,0.1521,0.5234,0.3245,1.0000,0.0000,5.1680,1.9380,0.7600
4,3,3654,3655,2,2,1,1.0000,3654.541,313.541,524.000,7.9676,10.0000,1.0811,0.7094,4.3068,0.0000,0.7500,0.2500,1.0000,0.0000,4.7375,1.2921,0.8108
8,4,3655,3657,3,2,2,0.6667,3655.855,537.493,442.188,10.5067,11.0000,1.2754,1.0047,4.7376,0.6479,0.0382,0.3139,0.9732,0.0000,4.0916,1.7228,0.6232
5,3,3656,3658,3,2,1,0.8333,3656.674,471.605,595.000,8.2823,10.0000,1.1628,0.9058,4.3069,0.5854,0.2927,0.1220,0.9487,0.0000,4.7376,0.8614,0.6977
9,3,3660,3663,4,2,2,0.5625,3661.287,512.450,738.763,11.4858,15.0000,1.6875,0.5844,6.4608,0.7144,0.1105,0.1751,0.9311,0.3430,3.8764,1.0768,0.4625
8,3,3662,3664,3,3,1,0.8889,3663.059,250.824,913.000,10.3555,12.0000,1.4118,0.1860,5.1688,0.3375,0.5625,0.1000,0.7071,0.0000,3.6612,0.8615,0.4706
6,3,3663,3665,3,3,1,0.6667,3664.351,340.789,748.000,10.0234,13.0000,1.3684,0.4092,5.5996,0.2083,0.6667,0.1250,0.8944,0.0000,4.5228,1.5076,0.5965
5,3,3664,3666,3,2,2,0.4167,3664.727,414.295,440.159,8.4759,11.0000,1.2500,1.3162,4.7383,0.6999,0.1281,0.1720,0.8684,0.1395,4.7381,1.2922,0.7045
9,3,3665,3667,3,2,3,0.5000,3665.761,480.648,785.451,10.1945,12.0000,1.5211,0.6950,5.1690,0.2589,0.2318,0.5093,0.5951,0.2279,3.4460,1.7230,0.4507
3,3,3666,3667,2,2,1,0.7500,3666.312,623.344,913.000,7.9583,11.0000,1.0312,0.4646,4.7383,0.5333,0.2667,0.2000,0.7071,0.0000,5.1690,1.7230,1.0000
5,3,3667,3669,3,2,1,0.8333,3668.354,416.438,845.000,9.2471,12.0000,1.2500,0.7801,5.1694,0.5854,0.2927,0.1220,0.9487,0.0000,5.1692,1.7231,0.6875
8,3,3668,3670,3,3,3,0.2963,3669.174,545.522,547.101,10.5090,13.0000,1.5072,0.5189,5.6001,0.7512,0.1002,0.1486,0.6937,0.2357,3.6617,0.8616,0.5072
7,3,3671,3673,3,2,2,0.5833,3672.167,882.600,676.200,9.7699,12.0000,1.4000,0.4773,5.1697,0.3883,0.1309,0.4808,0.9235,0.3259,3.8774,1.5078,0.5333
5,3,3673,3675,3,2,2,0.4167,3673.933,470.600,617.867,8.6703,12.0000,1.3333,0.6182,5.1700,0.1521,0.5234,0.3245,1.0000,0.0000,4.7390,2.1541,0.7111
5,3,3674,3676,3,2,1,0.8333,3674.667,265.422,821.000,8.6704,11.0000,1.2222,0.8822,4.7391,0.5854,0.2927,0.1220,0.9487,0.0000,4.7391,1.2925,0.6889
4,3,3675,3676,2,2,1,1.0000,3675.500,173.475,695.000,8.6169,11.0000,1.1000,0.6897,4.7394,0.0000,0.7500,0.2500,1.0000,0.0000,4.7392,0.8617,0.7750
9,3,3676,3678,3,3,2,0.5000,3677.141,268.113,599.606,10.1972,11.0000,1.3944,0.9520,4.7396,0.6095,0.1524,0.2381,0.7071,0.5774,3.4470,1.7234,0.4366
3,3,3676,3677,2,2,1,0.7500,3676.355,360.323,502.000,7.7114,11.0000,1.0645,0.7213,4.7395,0.5333,0.2667,0.2000,0.7071,0.0000,3.8777,1.5080,1.0000
4,3,3676,3677,2,1,2,1.0000,3676.432,518.000,531.541,7.9709,11.0000,1.1892,0.6922,4.7394,0.0000,0.7500,0.2500,0.0000,0.0000,4.9548,1.2926,0.8378
5,3,3676,3677,2,3,1,0.8333,3676.438,623.271,925.000,9.2489,12.0000,1.2500,0.5145,5.1702,0.5854,0.2927,0.1220,0.3162,0.0000,4.7395,1.7234,0.6875
5,3,3678,3680,3,1,3,0.5556,3678.783,427.000,364.761,8.8641,11.0000,1.1957,0.8183,4.7396,0.8123,0.1108,0.0769,0.7071,0.0000,4.7398,0.8618,0.6739
4,3,3682,3684,3,2,1,0.6667,3683.053,302.526,877.000,8.1879,10.0000,1.0526,0.5289,4.3096,0.7576,0.1294,0.1129,0.8507,0.0000,4.7403,1.7238,0.7895
7,3,3682,3684,3,2,2,0.5833,3682.763,587.339,913.763,9.6099,10.0000,1.1864,1.0368,4.3094,0.3772,0.3083,0.3146,0.9758,0.2185,3.8786,1.2929,0.5085
5,3,3683,3685,3,2,1,0.8333,3684.159,391.295,630.000,8.4802,11.0000,1.2500,0.3356,4.7405,0.5854,0.2927,0.1220,0.9487,0.0000,4.7404,1.2929,0.7045
5,3,3690,3692,3,2,1,0.8333,3691.192,544.596,515.000,10.0247,15.0000,1.4423,0.4473,6.4661,0.5854,0.2927,0.1220,0.9487,0.0000,4.7419,0.8622,0.6923
9,3,3691,3694,4,3,2,0.3750,3692.211,872.224,690.434,10.9210,10.0000,1.1842,1.5022,4.3109,0.7993,0.0759,0.1248,0.7361,0.6764,3.8800,1.2933,0.3947
6,3,3692,3694,3,2,2,0.5000,3693.212,592.115,333.442,9.1520,13.0000,1.5000,0.5037,5.6044,0.3810,0.3333,0.2857,0.9487,0.1690,4.0956,0.8622,0.6346
7,3,3694,3696,3,3,2,0.3889,3694.862,371.793,887.534,9.4515,11.0000,1.3276,0.9299,4.7426,0.7353,0.1201,0.1447,0.5407,0.6181,3.8805,1.2934,0.5345
15,3,3697,3699,3,3,3,0.5556,3697.719,551.816,686.018,12.6923,10.0000,1.3158,1.0878,4.3121,0.4412,0.1901,0.3686,0.2972,0.3741,3.4498,1.2937,0.2632
5,3,3702,3703,2,1,3,0.8333,3702.477,584.000,160.682,8.4869,11.0000,1.2500,0.8591,4.7445,0.5854,0.2927,0.1220,0.3162,0.0000,4.7443,0.0000,0.7045
5,3,3703,3704,2,2,2,0.6250,3703.583,446.417,829.208,9.2590,10.0000,1.0417,0.7465,4.3134,0.3432,0.2505,0.4063,0.6059,0.3645,4.7445,1.2941,0.8333
4,3,3704,3706,3,2,1,0.6667,3704.610,235.244,524.000,8.8428,13.0000,1.2683,0.6567,5.6074,0.7500,0.1500,0.1000,0.9487,0.0000,4.9606,1.7253,0.8293
4,3,3704,3706,3,1,2,0.6667,3704.872,526.000,470.590,8.4115,12.0000,1.2308,0.4298,5.1764,0.7576,0.1294,0.1129,0.8507,0.0000,5.3919,2.1567,0.8462
7,3,3707,3708,2,2,3,0.5833,3707.400,782.345,656.818,8.9684,10.0000,1.2727,0.9740,4.3144,0.5352,0.1763,0.2885,0.5345,0.8125,3.4513,1.5100,0.5455
9,3,3708,3710,3,4,2,0.3750,3709.000,354.972,276.563,10.2113,12.0000,1.5211,0.5641,5.1775,0.5146,0.2944,0.1910,0.2883,0.1826,3.4515,0.8629,0.4648
3,3,3708,3709,2,2,1,0.7500,3708.312,467.688,707.000,7.9710,12.0000,1.1250,0.4419,5.1772,0.5333,0.2667,0.2000,0.7071,0.0000,4.7461,1.7258,1.0000
7,3,3708,3709,2,2,3,0.5833,3708.587,776.714,535.873,10.2736,13.0000,1.4444,0.5178,5.6090,0.3883,0.1309,0.4808,0.3626,0.5691,3.4517,1.2944,0.5714
8,3,3710,3713,4,3,2,0.3333,3711.465,513.986,574.493,10.8323,14.0000,1.5775,0.6777,6.0412,0.6594,0.1485,0.1922,0.8863,0.2185,3.8838,0.8631,0.5211
6,3,3710,3712,3,2,1,1.0000,3710.981,822.585,732.000,9.3367,12.0000,1.3585,0.4155,5.1782,0.5556,0.3333,0.1111,1.0000,0.0000,4.5309,1.2945,0.6038
6,3,3714,3715,2,2,2,0.7500,3714.544,320.298,524.684,10.0436,12.0000,1.2632,0.6299,5.1794,0.2000,0.3333,0.4667,0.0000,0.0000,4.5317,1.2948,0.5789
6,3,3714,3715,2,3,2,0.5000,3714.404,801.712,919.115,9.1625,12.0000,1.3846,0.5095,5.1791,0.5034,0.2551,0.2415,0.1128,0.4328,4.1003,1.5106,0.6346
5,3,3716,3718,3,2,1,0.8333,3717.178,282.689,599.000,8.6874,11.0000,1.2222,0.8791,4.7487,0.5854,0.2927,0.1220,0.9487,0.0000,4.7481,1.2950,0.6889
6,3,3716,3718,3,2,2,0.5000,3716.946,494.554,363.107,9.8689,13.0000,1.3929,0.5664,5.6118,0.7074,0.0897,0.2030,0.9140,0.2540,4.5327,1.2950,0.6250
5,3,3721,3723,3,2,1,0.8333,3722.229,553.417,987.000,9.2696,11.0000,1.1458,0.4755,4.7500,0.5854,0.2927,0.1220,0.9487,0.0000,4.7500,1.5113,0.6458
10,4,3723,3726,4,4,3,0.2083,3724.637,128.900,640.000,10.9260,11.0000,1.3750,0.6453,4.7509,0.5089,0.3172,0.1740,0.6815,0.2645,3.4553,1.2957,0.5250
7,3,3724,3727,4,2,2,0.4375,3725.623,595.098,803.475,9.9582,12.0000,1.3770,0.8203,5.1828,0.7406,0.0824,0.1770,0.9316,0.0988,3.8876,1.2958,0.5574
9,4,3726,3727,2,4,2,0.5625,3726.417,450.238,707.774,12.0943,13.0000,1.3929,0.5305,5.6151,0.7065,0.1285,0.1650,0.2267,0.5522,4.3195,0.8639,0.5714
9,3,3727,3730,4,2,3,0.3750,3728.613,561.307,678.653,10.8000,11.0000,1.3200,0.6031,4.7521,0.5234,0.2785,0.1981,0.8440,0.4491,3.8876,1.0800,0.4133
9,3,3727,3729,3,2,3,0.5000,3728.067,895.413,790.267,10.7997,11.0000,1.3200,0.8444,4.7518,0.3896,0.3997,0.2108,0.8278,0.0513,3.8881,1.2961,0.4267
4,3,3728,3730,3,1,2,0.6667,3729.184,835.000,316.842,8.2083,11.0000,1.1579,0.2426,4.7525,0.7500,0.1500,0.1000,0.9487,0.0000,4.9680,0.8640,0.8421
3,3,3731,3732,2,2,1,0.7500,3731.323,294.645,602.000,7.7333,11.0000,1.0645,0.7213,4.7528,0.5333,0.2667,0.2000,0.7071,0.0000,4.7531,2.1602,1.0000
5,3,3731,3733,3,1,2,0.8333,3732.319,559.000,186.468,9.0825,11.0000,1.1702,0.6203,4.7534,0.5854,0.2927,0.1220,0.9487,0.0000,5.1853,1.7284,0.6809
6,3,3732,3734,3,3,1,0.6667,3732.741,524.204,523.000,9.5262,12.0000,1.3333,0.8374,5.1855,0.6944,0.2222,0.0833,0.6000,0.0000,4.9691,1.7284,0.6111
4,3,3733,3734,2,2,1,1.0000,3733.526,558.526,925.000,8.2107,10.0000,1.0526,0.7081,4.3215,0.0000,0.7500,0.2500,1.0000,0.0000,4.7535,1.2964,0.7895
10,3,3734,3737,4,3,2,0.4167,3735.603,539.244,634.154,10.6605,11.0000,1.4103,0.6679,4.7540,0.4894,0.3361,0.1745,0.8295,0.0696,3.4575,0.8644,0.3974
11,3,3736,3738,3,3,2,0.6111,3736.809,531.117,327.606,12.2503,12.0000,1.4043,0.9068,5.1865,0.2775,0.4914,0.2310,0.7634,0.0249,4.7544,1.7289,0.3723
4,3,3737,3738,2,1,2,1.0000,3737.513,821.000,347.462,8.4289,11.0000,1.1282,0.6899,4.7546,0.0000,0.7500,0.2500,0.0000,0.0000,4.7549,1.2969,0.7949
5,3,3739,3741,3,2,2,0.4167,3740.182,295.136,741.409,8.5069,10.0000,1.1364,0.4680,4.3234,0.7729,0.0435,0.1836,0.8328,0.5477,4.7555,0.8647,0.6818
5,3,3741,3743,3,2,2,0.4167,3741.956,181.778,713.333,8.7012,10.0000,1.1111,1.0361,4.3237,0.5461,0.2256,0.2283,0.8117,0.4177,4.7557,0.8647,0.6667
16,3,3741,3743,3,3,4,0.4444,3741.722,515.540,406.548,13.6194,13.0000,1.6508,0.7026,5.6208,0.5874,0.1056,0.3070,0.2003,0.1355,3.6750,1.2971,0.2778
7,3,3741,3743,3,3,2,0.3889,3741.821,845.875,820.661,9.1514,10.0000,1.2500,1.2472,4.3237,0.7348,0.1163,0.1489,0.5363,0.2107,3.4592,1.2971,0.5357
8,3,3747,3749,3,3,2,0.4444,3747.846,767.492,581.231,9.9396,10.0000,1.2308,1.0134,4.3252,0.6820,0.1035,0.2144,0.7402,0.2285,3.8927,1.7299,0.4615
6,3,3747,3749,3,2,1,1.0000,3748.059,797.549,1076.000,9.0053,12.0000,1.4118,0.4548,5.1902,0.5556,0.3333,0.1111,1.0000,0.0000,4.1088,0.4326,0.6275
9,3,3751,3753,3,4,3,0.2500,3751.427,618.960,316.027,10.8149,11.0000,1.3200,1.1244,4.7587,0.6886,0.1532,0.1582,0.1830,0.1339,3.8936,1.7303,0.4400
6,3,3755,3756,2,2,3,0.5000,3755.564,642.382,544.073,9.7154,14.0000,1.5273,0.5844,6.0578,0.6168,0.1058,0.2774,0.5000,0.5000,4.3268,1.5144,0.6182
6,3,3756,3758,3,2,2,0.5000,3757.148,414.333,606.130,9.5395,12.0000,1.3333,0.3871,5.1926,0.7074,0.0897,0.2030,0.9140,0.2540,4.3273,0.8654,0.6111
6,3,3757,3758,2,2,3,0.5000,3757.660,897.120,666.040,8.8331,11.0000,1.3200,0.6720,4.7601,0.5230,0.1584,0.3185,0.3667,0.5079,4.3273,1.7308,0.6400
6,3,3765,3766,2,2,2,0.7500,3765.460,727.660,1142.240,8.8362,11.0000,1.3200,0.6203,4.7616,0.2000,0.3333,0.4667,0.0000,0.0000,4.1124,1.5151,0.6200
7,3,3766,3768,3,3,2,0.3889,3767.393,453.000,527.607,9.1631,12.0000,1.5000,0.7232,5.1951,0.5780,0.1560,0.2660,0.7697,0.1362,3.0305,1.5153,0.5714
6,3,3768,3769,2,3,2,0.5000,3768.500,425.339,503.893,9.8978,12.0000,1.2857,0.6137,5.1954,0.6373,0.1269,0.2358,0.4046,0.4063,4.7623,0.8659,0.6071
4,3,3768,3769,2,2,2,0.5000,3768.256,987.462,494.821,8.4422,11.0000,1.1282,0.5577,4.7622,0.5916,0.1015,0.3069,0.5000,0.5000,4.9788,1.7316,0.8205
4,3,3776,3778,3,1,2,0.6667,3777.103,219.000,651.564,8.4452,11.0000,1.1282,0.4478,4.7641,0.7576,0.1294,0.1129,0.8507,0.0000,4.9805,1.2993,0.8205
5,3,3778,3779,2,2,2,0.6250,3778.400,614.600,248.133,8.7162,11.0000,1.2222,0.5812,4.7641,0.3432,0.2505,0.4063,0.6059,0.3645,4.7642,1.7325,0.6889
8,3,3779,3781,3,3,2,0.4444,3779.985,329.492,608.738,9.9540,11.0000,1.3538,0.5577,4.7645,0.4054,0.3243,0.2703,0.6667,0.2357,3.6816,0.8663,0.4923
4,3,3779,3780,2,2,1,1.0000,3779.533,465.489,994.000,9.7455,13.0000,1.1556,0.6921,5.6308,0.0000,0.7500,0.2500,1.0000,0.0000,5.4142,1.2994,0.8000
5,3,3780,3782,3,3,1,0.5556,3780.767,327.233,679.000,8.3296,11.0000,1.2791,0.3289,4.7647,0.8123,0.1108,0.0769,0.7071,0.0000,4.7645,0.8663,0.7209
6,4,3780,3781,2,1,3,1.0000,3780.500,880.000,374.857,9.9026,11.0000,1.1786,0.9923,4.7647,0.5556,0.3333,0.1111,0.0000,0.0000,4.9812,1.5161,0.7679
7,3,3781,3783,3,2,2,0.5833,3781.623,645.377,482.754,9.9871,13.0000,1.4918,0.7686,5.6310,0.4600,0.2645,0.2756,0.8571,0.1000,4.3316,1.2995,0.5410
4,3,3782,3784,3,2,1,0.6667,3782.907,362.163,397.000,9.3136,13.0000,1.2093,0.1875,5.6318,0.7500,0.1500,0.1000,0.9487,0.0000,5.4148,1.7327,0.8372
9,3,3783,3785,3,2,2,0.7500,3783.935,679.494,483.714,11.1191,11.0000,1.2857,0.5851,4.7655,0.4875,0.0908,0.4217,0.9594,0.1156,3.8988,1.2995,0.4156
9,3,3784,3787,4,3,2,0.3750,3785.194,501.403,927.083,10.3976,12.0000,1.5000,0.6336,5.1988,0.5061,0.3403,0.1536,0.9912,0.0302,3.4657,1.2997,0.4583
7,3,3784,3786,3,2,3,0.3889,3784.845,586.879,551.621,9.4972,12.0000,1.4483,0.6511,5.1988,0.5373,0.2303,0.2324,0.7071,0.2357,3.4658,0.8665,0.5517
8,3,3784,3787,4,2,3,0.3333,3785.667,605.905,692.619,9.6500,10.0000,1.2698,0.9147,4.3325,0.7075,0.1709,0.1216,0.8617,0.2076,3.4661,1.2997,0.4762
5,3,3790,3792,3,2,2,0.4167,3790.909,524.545,546.864,8.5271,10.0000,1.1364,0.5695,4.3337,0.7729,0.0435,0.1836,0.8328,0.5477,4.7668,1.7333,0.6818
6,3,3794,3795,2,2,3,0.5000,3794.333,573.870,542.093,9.5548,12.0000,1.3333,0.3694,5.2009,0.5230,0.1584,0.3185,0.3667,0.5079,4.5508,2.1670,0.5926
7,3,3795,3798,4,2,2,0.4375,3797.063,614.222,459.841,10.3218,14.0000,1.5556,0.9755,6.0690,0.7786,0.1009,0.1205,0.9900,0.1398,3.9014,1.7339,0.5397
10,3,3795,3797,3,2,2,0.8333,3796.205,751.489,396.489,12.0622,11.0000,1.2500,0.7363,4.7680,0.4041,0.1554,0.4404,1.0000,0.0000,4.1178,0.8669,0.3523
4,3,3796,3797,2,1,2,1.0000,3796.475,723.000,144.500,8.6693,11.0000,1.1000,0.6897,4.7680,0.0000,0.7500,0.2500,0.0000,0.0000,4.7681,0.8669,0.7750
5,3,3797,3799,3,2,1,0.8333,3797.783,856.565,1043.000,8.9177,12.0000,1.3043,0.4861,5.2020,0.5854,0.2927,0.1220,0.9487,0.0000,4.7682,1.3005,0.6957
6,3,3798,3800,3,2,2,0.5000,3799.000,583.833,366.593,9.5571,12.0000,1.3333,0.6156,5.2022,0.7074,0.0897,0.2030,0.9140,0.2540,4.5520,1.7341,0.5926
8,3,3799,3800,2,3,2,0.6667,3799.582,482.015,753.612,10.2696,11.0000,1.3134,0.8447,4.7687,0.5524,0.0893,0.3583,0.3251,0.6280,3.6851,1.3006,0.4776
10,3,3803,3805,3,3,3,0.3704,3804.000,308.067,641.867,10.2847,10.0000,1.3333,0.8692,4.3364,0.2036,0.2533,0.5431,0.3471,0.5849,3.4691,1.0842,0.4000
5,3,3803,3804,2,2,2,0.6250,3803.574,468.489,536.128,9.1145,12.0000,1.2766,0.7791,5.2034,0.3432,0.2505,0.4063,0.6059,0.3645,4.7700,0.4337,0.7021
7,4,3806,3808,3,2,2,0.5833,3807.194,810.387,986.565,10.1638,11.0000,1.2419,0.7764,4.7709,0.5352,0.1763,0.2885,0.8018,0.5745,4.7710,1.7349,0.6613
5,3,3807,3809,3,1,2,0.8333,3807.833,623.000,1004.667,9.3108,12.0000,1.2500,0.3727,5.2050,0.5854,0.2927,0.1220,0.9487,0.0000,4.7709,0.8675,0.6667
9,3,3807,3808,2,3,2,0.7500,3807.440,754.640,601.360,10.8433,13.0000,1.5600,0.6729,5.6384,0.4706,0.0000,0.5294,0.3015,0.9535,3.9037,1.3012,0.4533
5,3,3808,3809,2,2,2,0.6250,3808.522,443.130,451.522,8.9233,11.0000,1.1957,0.7493,4.7715,0.3432,0.2505,0.4063,0.6059,0.3645,5.2050,1.3013,0.7174
11,3,3815,3817,3,4,2,0.4583,3816.333,507.433,556.067,11.7768,12.0000,1.4667,1.4731,5.2078,0.4964,0.3877,0.1159,0.1717,0.1102,3.9061,1.5189,0.3778
5,3,3819,3821,3,2,1,0.8333,3820.304,485.630,328.000,8.9306,11.0000,1.1957,0.4788,4.7755,0.5854,0.2927,0.1220,0.9487,0.0000,4.7755,1.5194,0.6957
4,3,3819,3821,3,2,1,0.6667,3820.225,704.775,523.000,8.6823,11.0000,1.1000,0.3182,4.7752,0.7500,0.1500,0.1000,0.9487,0.0000,4.7752,1.0853,0.7750
9,3,3820,3823,4,3,3,0.2500,3821.360,853.187,480.147,10.8538,11.0000,1.3200,0.4312,4.7755,0.6714,0.0934,0.2352,0.8678,0.2277,3.9076,1.7365,0.4267
6,3,3822,3824,3,2,2,0.5000,3823.052,948.121,514.690,10.2814,12.0000,1.2414,0.3370,5.2105,0.7074,0.0897,0.2030,0.9140,0.2540,4.5591,1.9539,0.5690
6,3,3825,3827,3,2,2,0.5000,3825.708,552.667,942.750,8.5106,10.0000,1.2500,1.0043,4.3431,0.6381,0.1455,0.2164,0.8019,0.3768,3.9087,1.5200,0.6250
8,3,3825,3827,3,2,2,0.6667,3826.042,948.208,347.389,11.0559,12.0000,1.3333,0.4431,5.2118,0.4961,0.2369,0.2670,0.9586,0.0986,4.1262,0.8686,0.4722
11,3,3828,3830,3,4,2,0.4583,3829.078,645.478,457.133,11.7886,14.0000,1.7111,0.5021,6.0819,0.6621,0.1702,0.1677,0.5051,0.2338,3.4753,0.8688,0.4000
8,3,3829,3831,3,2,3,0.4444,3830.234,403.906,360.734,9.8310,11.0000,1.3750,0.3664,4.7791,0.5236,0.2754,0.2010,0.4628,0.0056,3.6929,0.8690,0.4844
5,4,3829,3830,2,1,3,0.8333,3829.429,763.000,129.755,9.5201,11.0000,1.1224,0.6217,4.7791,0.5854,0.2927,0.1220,0.3162,0.0000,4.7788,1.7377,0.8367
5,3,3829,3830,2,2,2,0.6250,3829.447,1086.851,635.574,9.1315,11.0000,1.1702,0.8113,4.7791,0.3432,0.2505,0.4063,0.6059,0.3645,4.7787,1.7377,0.6596
15,3,3830,3833,4,2,3,0.6250,3831.085,735.517,210.873,13.2382,11.0000,1.3983,1.0180,4.7795,0.3579,0.3667,0.2754,0.8910,0.2570,3.4766,1.3033,0.2712
5,3,3831,3833,3,2,1,0.8333,3832.222,406.356,765.000,8.7451,11.0000,1.2222,0.4193,4.7804,0.5854,0.2927,0.1220,0.9487,0.0000,4.7799,0.8691,0.7111
6,3,3831,3833,3,2,3,0.3333,3832.000,581.840,298.840,8.8700,10.0000,1.2000,0.8551,4.3454,0.7308,0.1227,0.1465,0.4448,0.4753,3.4764,0.4345,0.6000
7,3,3835,3837,3,3,1,0.7778,3835.754,362.105,766.000,9.3650,11.0000,1.3509,0.2672,4.7817,0.4747,0.4312,0.0941,0.5071,0.0000,3.4774,1.5215,0.5439
5,3,3835,3837,3,2,1,0.8333,3836.347,727.449,381.000,9.5261,13.0000,1.3265,0.8545,5.6517,0.5854,0.2927,0.1220,0.9487,0.0000,4.7821,1.3042,0.6939
8,3,3835,3837,3,2,3,0.4444,3836.388,883.090,518.791,10.2976,11.0000,1.3134,0.8856,4.7822,0.4400,0.3446,0.2154,0.5824,0.2130,3.9127,1.7387,0.4776
3,3,3838,3840,3,1,1,1.0000,3839.000,710.000,560.000,8.7867,15.0000,1.2857,0.0000,6.5224,0.8889,0.0000,0.1111,1.0000,0.0000,5.2181,1.9566,1.0000
6,3,3840,3842,3,2,2,0.5000,3841.333,739.111,413.500,9.5882,11.0000,1.2222,0.8407,4.7846,0.6373,0.1269,0.2358,0.8795,0.0724,3.6971,0.4350,0.5741
6,3,3841,3843,3,3,2,0.3333,3842.078,489.020,493.118,9.0563,10.0000,1.1765,1.0294,4.3501,0.7308,0.1227,0.1465,0.4448,0.4753,5.0018,1.7398,0.5882
9,3,3841,3843,3,4,2,0.3750,3841.914,501.657,421.614,10.1490,10.0000,1.2857,1.0499,4.3496,0.7755,0.0730,0.1515,0.6875,0.6890,3.4800,1.5223,0.4286
5,3,3841,3843,3,2,2,0.4167,3842.091,507.136,513.364,8.5590,12.0000,1.3636,0.3989,5.2195,0.1521,0.5234,0.3245,1.0000,0.0000,4.7844,1.3049,0.7273
7,3,3842,3844,3,3,2,0.3889,3843.237,554.559,650.695,9.7009,11.0000,1.3051,0.9231,4.7851,0.6470,0.1845,0.1685,0.6530,0.4508,3.9156,1.3050,0.5254
10,3,3842,3845,4,4,2,0.3125,3843.099,652.519,845.247,11.1426,13.0000,1.6049,0.5500,5.6551,0.5305,0.3551,0.1144,0.8551,0.3942,3.9152,1.5225,0.4074
9,3,3842,3844,3,1,4,0.7500,3842.859,928.000,637.436,11.3100,14.0000,1.6154,1.0276,6.0895,0.6972,0.2440,0.0588,0.4472,0.0000,3.9151,1.0874,0.4487
6,3,3842,3843,2,1,3,1.0000,3842.520,992.000,321.060,8.8791,11.0000,1.3200,0.5235,4.7846,0.5556,0.3333,0.1111,0.0000,0.0000,4.1324,0.4351,0.6200
8,4,3843,3846,4,2,2,0.5000,3844.603,421.500,581.872,11.9983,12.0000,1.2308,0.7934,5.2206,0.6702,0.1825,0.1473,0.9937,0.1048,4.7859,1.3052,0.6795
5,3,3843,3844,2,1,3,0.8333,3843.622,750.000,207.089,8.7549,11.0000,1.2222,0.3881,4.7856,0.5854,0.2927,0.1220,0.3162,0.0000,4.7851,1.7398,0.6889
11,3,3848,3852,5,3,3,0.2444,3850.303,473.562,414.506,11.6827,14.0000,1.7303,1.0224,6.0956,0.4052,0.4117,0.1831,0.8427,0.3539,3.4831,0.8707,0.3933
7,3,3849,3851,3,2,2,0.5833,3850.031,629.385,324.877,10.6955,13.0000,1.4000,0.4050,5.6595,0.4600,0.2645,0.2756,1.0000,0.0000,4.3530,0.8707,0.5385
3,3,3850,3851,2,1,2,0.7500,3850.323,810.000,116.677,7.7921,11.0000,1.0645,0.4562,4.7888,0.5333,0.2667,0.2000,0.7071,0.0000,4.7893,2.1765,1.0000
4,3,3853,3855,3,1,2,0.6667,3854.053,974.000,331.474,8.2756,10.0000,1.0526,0.4766,4.3561,0.7576,0.1294,0.1129,0.8507,0.0000,4.7912,1.3068,0.7895
7,3,3855,3857,3,2,2,0.5833,3856.310,648.638,394.483,9.5510,10.0000,1.2069,0.6786,4.3572,0.4741,0.2996,0.2262,0.8735,0.4867,3.9215,1.3073,0.5172
9,3,3855,3858,4,2,3,0.3750,3856.589,740.589,498.973,10.6019,11.0000,1.3562,0.7188,4.7923,0.7466,0.0708,0.1826,0.7334,0.4200,3.9211,1.7427,0.4247
6,3,3860,3861,2,2,3,0.5000,3860.685,302.278,401.519,9.6102,12.0000,1.3333,0.6672,5.2314,0.6854,0.0214,0.2932,0.3377,0.6213,4.3591,0.4362,0.5926
4,3,3862,3863,2,2,1,1.0000,3862.444,522.444,910.000,7.8486,10.0000,1.1111,0.6285,4.3606,0.0000,0.7500,0.2500,1.0000,0.0000,4.7961,0.4362,0.8333
9,4,3864,3867,4,2,3,0.3750,3865.605,678.272,941.901,11.7780,12.0000,1.3333,0.6704,5.2342,0.7158,0.0497,0.2345,0.9308,0.0177,4.3631,1.3086,0.5556
8,3,3867,3869,3,3,2,0.4444,3868.254,726.905,1092.619,9.7200,11.0000,1.3968,0.4676,4.8001,0.3837,0.1636,0.4526,0.7961,0.3359,3.4910,1.7455,0.4921
7,3,3867,3869,3,2,3,0.3889,3868.102,920.898,687.661,9.7312,11.0000,1.3051,0.6765,4.8001,0.6023,0.2183,0.1794,0.7436,0.2188,4.3643,1.3090,0.5254
6,3,3871,3873,3,2,2,0.5000,3872.189,155.453,957.887,9.4476,13.0000,1.4717,0.5898,5.6762,0.5230,0.1584,0.3185,0.9225,0.0898,4.1478,1.7464,0.6415
6,3,3871,3873,3,2,2,0.5000,3871.792,307.491,757.113,9.4471,12.0000,1.3585,0.5446,5.2395,0.3810,0.3333,0.2857,0.9487,0.1690,4.3657,1.5280,0.6038
5,3,3871,3873,3,1,2,0.8333,3872.213,770.000,249.574,9.1778,11.0000,1.1702,0.4758,4.8029,0.5854,0.2927,0.1220,0.9487,0.0000,4.8029,1.5281,0.6596
6,3,3876,3877,2,3,2,0.5000,3876.667,668.569,329.608,9.0974,10.0000,1.1765,1.0000,4.3696,0.6854,0.0214,0.2932,0.3377,0.6213,4.3693,1.0922,0.5882
6,4,3876,3877,2,2,2,0.7500,3876.600,758.764,377.509,9.8108,12.0000,1.3091,0.8105,5.2427,0.2000,0.3333,0.4667,0.7071,0.7071,4.8063,1.0924,0.7636
5,3,3878,3880,3,2,1,0.8333,3879.042,799.354,633.000,9.3830,14.0000,1.4583,0.3566,6.1194,0.5854,0.2927,0.1220,0.9487,0.0000,4.8081,1.3115,0.7292
12,5,3879,3881,3,2,4,0.5000,3879.676,539.676,372.481,13.6290,12.0000,1.3333,0.8909,5.2452,0.6360,0.1121,0.2519,0.3718,0.4498,3.2791,0.8742,0.5093
6,3,3883,3885,3,2,2,0.5000,3884.291,467.382,676.109,9.8231,12.0000,1.3091,0.4923,5.2495,0.5034,0.2551,0.2415,0.9677,0.2521,4.3752,0.8750,0.6000
40,27,3884,3888,5,4,4,0.5000,3885.903,441.498,508.179,40.5459,37.0000,2.5256,0.5384,16.1915,0.3845,0.1774,0.4380,0.5732,0.7596,5.2504,1.7504,0.8362
5,3,3885,3887,3,2,1,0.8333,3886.178,931.289,313.000,8.8070,11.0000,1.2222,0.3392,4.8145,0.5854,0.2927,0.1220,0.9487,0.0000,4.8130,1.0942,0.7111
6,3,3885,3887,3,2,2,0.5000,3886.259,937.111,368.519,9.6477,11.0000,1.2222,0.5903,4.8145,0.3810,0.3333,0.2857,0.9487,0.1690,4.8142,2.1877,0.6111
7,3,3889,3890,2,2,3,0.5833,3889.426,886.689,604.705,10.0955,12.0000,1.3770,0.8807,5.2550,0.5352,0.1763,0.2885,0.2673,0.0986,3.5033,1.3136,0.5738
6,3,3893,3895,3,2,1,1.0000,3894.018,747.561,481.000,10.1978,12.0000,1.2632,0.4389,5.2588,0.5556,0.3333,0.1111,1.0000,0.0000,4.6013,1.3145,0.5614
9,3,3894,3897,4,3,3,0.2500,3895.306,924.194,653.944,10.5202,11.0000,1.3750,0.3664,4.8224,0.5696,0.1544,0.2760,0.9552,0.1877,3.9453,1.7534,0.4444
7,3,3896,3898,3,4,2,0.2917,3896.719,472.982,449.895,9.4462,11.0000,1.3509,1.0272,4.8233,0.7629,0.1262,0.1110,0.5477,0.4571,3.5073,1.3152,0.5439
4,3,3896,3897,2,1,2,1.0000,3896.595,805.000,314.429,9.2074,13.0000,1.2381,0.5895,5.7003,0.0000,0.7500,0.2500,0.0000,0.0000,5.9185,1.7538,0.8571
7,3,3898,3899,2,2,3,0.5833,3898.311,956.541,676.459,10.1122,11.0000,1.2623,0.7748,4.8242,0.5694,0.1270,0.3036,0.3597,0.8825,4.3865,1.3155,0.5082
5,3,3901,3903,3,1,2,0.8333,3901.702,605.000,507.426,9.2251,11.0000,1.1702,0.9072,4.8271,0.5854,0.2927,0.1220,0.9487,0.0000,4.8271,1.3161,0.6596
8,3,3911,3913,3,3,3,0.2963,3912.258,942.758,677.939,10.2656,10.0000,1.2121,1.0038,4.4001,0.6923,0.1154,0.1923,0.5774,0.7071,3.9596,1.5399,0.4545
5,3,3912,3913,2,2,2,0.6250,3912.457,575.609,615.152,9.0507,11.0000,1.1957,0.6868,4.8401,0.3432,0.2505,0.4063,0.6059,0.3645,4.8392,1.7598,0.6739
7,3,3916,3918,3,2,2,0.5833,3917.098,731.426,478.098,10.1558,11.0000,1.2623,0.5904,4.8452,0.5916,0.2044,0.2040,0.9664,0.1591,4.4059,0.8808,0.5082
7,3,3919,3921,3,2,2,0.5833,3920.220,496.559,636.102,9.8317,11.0000,1.3051,0.6097,4.8494,0.5916,0.2044,0.2040,0.9664,0.1591,4.4099,1.5437,0.5424
5,3,3919,3920,2,3,1,0.8333,3919.512,659.767,607.000,8.4765,11.0000,1.2791,0.5620,4.8480,0.5854,0.2927,0.1220,0.3162,0.0000,5.2887,1.7632,0.7209
4,3,3919,3920,2,1,2,1.0000,3919.541,733.000,348.568,8.1547,11.0000,1.1892,0.6922,4.8480,0.0000,0.7500,0.2500,0.0000,0.0000,4.8491,1.3222,0.8378
5,3,3923,3924,2,2,2,0.6250,3923.591,529.864,554.545,8.6846,10.0000,1.1364,0.8157,4.4141,0.3432,0.2505,0.4063,0.6059,0.3645,4.8540,1.7648,0.6818
4,3,3924,3926,3,1,2,0.6667,3925.026,490.000,456.846,8.6105,12.0000,1.2308,0.1560,5.2987,0.5357,0.3214,0.1429,1.0000,0.0000,4.1949,0.8831,0.8462
3,3,3925,3926,2,1,2,0.7500,3925.645,709.000,441.323,7.9047,11.0000,1.0645,0.7213,4.8571,0.5333,0.2667,0.2000,0.7071,0.0000,4.8587,2.2078,1.0000
3,3,3934,3936,3,1,1,1.0000,3935.000,530.000,507.000,7.6790,10.0000,1.0000,1.0000,4.4356,0.8889,0.0000,0.1111,1.0000,0.0000,4.8773,1.5509,1.0000
8,3,3934,3935,2,4,2,0.5000,3934.352,939.352,774.887,11.1257,12.0000,1.3521,1.4017,5.3177,0.7957,0.0895,0.1148,0.1756,0.1304,4.4322,1.7726,0.4507
3,3,3936,3938,3,1,1,1.0000,3937.000,974.000,724.000,7.9428,11.0000,1.0645,0.0000,4.8816,0.8889,0.0000,0.1111,1.0000,0.0000,4.8841,1.7753,1.0000
6,3,3945,3946,2,1,3,1.0000,3945.509,773.000,249.055,10.0139,13.0000,1.4182,0.4939,5.7996,0.5556,0.3333,0.1111,0.0000,0.0000,4.4595,1.3375,0.6182
7,3,3949,3952,4,2,3,0.2917,3950.452,950.694,504.403,10.4877,12.0000,1.3548,0.6786,5.3727,0.8404,0.0680,0.0916,0.8132,0.4747,4.4801,1.1197,0.5484
4,3,3955,3956,2,2,2,0.5000,3955.474,818.263,424.158,8.5376,12.0000,1.2632,0.6093,5.3946,0.5916,0.1015,0.3069,0.7071,0.7071,4.9408,1.7950,0.8421
5,3,3966,3968,3,2,2,0.4167,3967.182,963.136,671.773,8.9403,12.0000,1.3636,0.3214,5.4511,0.7958,0.0325,0.1718,0.9294,0.3690,4.0939,0.9118,0.7273
4,3,3972,3974,3,2,1,0.6667,3973.073,803.854,945.000,9.3720,13.0000,1.2683,1.0831,5.9364,0.7500,0.1500,0.1000,0.9487,0.0000,5.4881,1.3714,0.8537
5,3,3976,3977,2,2,2,0.6250,3976.574,902.404,913.872,9.6457,12.0000,1.2766,0.6007,5.5094,0.3432,0.2505,0.4063,0.6059,0.3645,5.0448,1.6057,0.6809
11,3,3979,3980,2,3,4,0.4583,3979.494,701.195,548.494,12.0761,12.0000,1.5172,1.7806,5.5275,0.7984,0.0116,0.1900,0.0653,0.3751,4.1436,1.3814,0.3678
8,3,3989,3990,2,3,3,0.4444,3989.688,654.406,400.953,10.5315,11.0000,1.3750,0.5147,5.1214,0.2138,0.3975,0.3887,0.3209,0.8511,3.9560,2.0951,0.4844
4,3,3990,3993,4,1,1,1.0000,3991.634,677.000,300.000,9.5604,13.0000,1.2683,0.3659,6.0650,0.9375,0.0000,0.0625,1.0000,0.0000,5.8291,1.3987,0.8293
3,3,3993,3994,2,1,2,0.7500,3993.655,969.000,172.310,7.8244,10.0000,1.0345,0.7250,4.6748,0.5333,0.2667,0.2000,0.7071,0.0000,5.1362,1.1682,1.0000
3,3,3994,3995,2,1,2,0.7500,3994.357,986.000,227.321,7.5599,10.0000,1.0714,0.7187,4.6795,0.5333,0.2667,0.2000,0.7071,0.0000,4.6748,1.6373,1.0000
4,3,3994,3995,2,1,2,1.0000,3994.541,1040.000,432.486,8.6530,10.0000,1.0811,0.6692,4.6795,0.0000,0.7500,0.2500,0.0000,0.0000,4.9109,1.4034,0.7838
3,3,3995,3996,2,2,1,0.7500,3995.333,952.300,602.000,8.1077,11.0000,1.1000,0.4485,5.1474,0.5333,0.2667,0.2000,0.7071,0.0000,5.1524,1.8722,1.0000
7,3,3996,3998,3,2,2,0.5833,3997.228,640.421,196.719,10.1033,10.0000,1.2281,0.8641,4.6886,0.4600,0.2645,0.2756,0.8571,0.1000,4.2233,0.9364,0.4912
5,3,3996,3997,2,3,2,0.4167,3996.615,831.923,597.154,8.1745,9.0000,1.1538,0.6390,4.2197,0.5461,0.2256,0.2283,0.5716,0.7118,3.7477,0.4689,0.6923
7,3,3998,4000,3,2,2,0.5833,3998.897,925.138,279.483,10.2968,11.0000,1.3276,0.5452,5.1672,0.5916,0.2044,0.2040,0.9664,0.1591,4.2242,1.8763,0.5000
6,3,3999,4001,3,2,3,0.3333,3999.936,495.128,344.681,9.0212,11.0000,1.4043,0.3496,5.1721,0.5367,0.2153,0.2481,0.4430,0.2219,3.9963,0.4706,0.6170
5,3,3999,4001,3,2,1,0.8333,4000.238,735.452,898.000,8.8334,10.0000,1.1905,0.5112,4.7019,0.5854,0.2927,0.1220,0.9487,0.0000,4.7066,1.4116,0.6905
8,3,3999,4001,3,2,2,0.6667,3999.851,842.672,408.687,11.1362,12.0000,1.4328,0.7561,5.6422,0.4961,0.2369,0.2670,0.9586,0.0986,3.7654,1.4106,0.4776
4,3,3999,4000,2,1,3,0.6667,3999.714,1070.000,386.657,8.2261,10.0000,1.1429,0.9706,4.6975,0.7500,0.1500,0.1000,0.3162,0.0000,4.7019,1.8792,0.8000
4,3,4001,4003,3,1,2,0.6667,4002.091,736.000,290.455,7.7728,9.0000,1.0909,0.4635,4.2432,0.7576,0.1294,0.1129,0.8507,0.0000,4.7113,1.8837,0.8182
5,3,4001,4002,2,2,2,0.6250,4001.850,802.625,413.450,8.4251,10.0000,1.2500,0.6047,4.7104,0.3432,0.2505,0.4063,0.5155,0.8569,4.7100,1.4125,0.7000
5,3,4001,4002,2,2,2,0.6250,4001.341,936.610,264.780,8.6318,9.0000,1.0976,0.7325,4.2356,0.3432,0.2505,0.4063,0.6059,0.3645,4.7066,1.1774,0.6585
5,3,4003,4005,3,2,2,0.4167,4003.548,604.143,486.762,8.8597,11.0000,1.3095,0.5308,5.1906,0.6338,0.1686,0.1975,0.9585,0.2851,4.7142,1.4168,0.7143
4,3,4003,4004,2,2,1,1.0000,4003.471,1128.471,675.000,8.0182,9.0000,1.0588,0.6655,4.2469,0.0000,0.7500,0.2500,1.0000,0.0000,4.7150,1.4162,0.7941
5,3,4005,4006,2,2,2,0.6250,4005.625,611.175,900.450,8.4530,9.0000,1.1250,0.8507,4.2542,0.3432,0.2505,0.4063,0.6059,0.3645,4.7224,1.6538,0.6750
7,4,4005,4008,4,2,2,0.4375,4006.233,734.100,456.350,10.7215,12.0000,1.4000,0.6978,5.6722,0.8040,0.0402,0.1558,0.9650,0.0194,4.7234,1.4200,0.6833
5,3,4006,4008,3,2,2,0.4167,4006.911,624.800,602.133,9.5198,12.0000,1.3333,0.2563,5.6770,0.4138,0.1655,0.4207,1.0000,0.0000,4.7308,1.8927,0.7111
4,3,4006,4007,2,1,2,1.0000,4006.455,687.000,309.455,7.8023,9.0000,1.0909,0.6428,4.2577,0.0000,0.7500,0.2500,0.0000,0.0000,4.7268,0.9458,0.8182
8,3,4007,4010,4,3,2,0.3333,4008.689,480.098,593.230,10.2168,10.0000,1.3115,0.7324,4.7385,0.6712,0.1488,0.1800,0.9348,0.2705,2.8458,0.4735,0.4754
4,3,4007,4009,3,1,2,0.6667,4008.026,559.000,768.179,9.2328,13.0000,1.3333,0.1813,6.1551,0.5357,0.3214,0.1429,1.0000,0.0000,4.9716,1.6569,0.8205
8,3,4007,4009,3,4,2,0.3333,4007.652,830.290,444.087,11.5470,13.0000,1.5072,0.4610,6.1551,0.7963,0.0755,0.1282,0.5200,0.2668,4.2628,1.8909,0.4783
4,4,4007,4008,2,1,3,0.6667,4007.231,854.000,212.769,9.2268,10.0000,1.0256,0.8031,4.7308,0.7500,0.1500,0.1000,0.3162,0.0000,5.2037,1.4181,1.0000
3,3,4008,4009,2,1,2,0.7500,4008.321,799.000,605.357,7.6560,10.0000,1.0714,0.7187,4.7347,0.5333,0.2667,0.2000,0.7071,0.0000,4.2645,1.8931,1.0000
4,3,4009,4010,2,1,2,1.0000,4009.545,399.000,383.545,7.8220,9.0000,1.0909,0.7100,4.2681,0.0000,0.7500,0.2500,0.0000,0.0000,4.7394,1.8950,0.8182
5,3,4009,4011,3,1,2,0.8333,4009.860,480.000,663.302,9.1185,12.0000,1.3953,0.3330,5.6908,0.5854,0.2927,0.1220,0.9487,0.0000,4.7385,1.4221,0.6977
4,3,4009,4011,3,1,2,0.6667,4010.059,557.000,813.471,8.0622,9.0000,1.0588,0.4743,4.2714,0.7576,0.1294,0.1129,0.8507,0.0000,4.7423,1.8958,0.7941
7,3,4009,4011,3,2,3,0.3889,4010.352,744.852,338.037,9.6817,10.0000,1.2963,1.2319,4.7460,0.1917,0.4720,0.3362,0.9296,0.1173,4.2684,1.6587,0.5185
6,3,4009,4010,2,3,2,0.5000,4009.739,1120.804,520.652,8.9039,10.0000,1.3043,0.7292,4.7423,0.4074,0.2455,0.3471,0.3304,0.7250,4.0300,1.8958,0.6087
6,3,4011,4012,2,1,3,1.0000,4011.542,579.000,535.000,9.3041,9.0000,1.1250,0.5417,4.2747,0.5556,0.3333,0.1111,0.0000,0.0000,4.5109,1.8988,0.5625
3,3,4011,4013,3,1,1,1.0000,4011.912,829.000,338.000,9.3229,13.0000,1.1471,0.0882,6.1746,0.8889,0.0000,0.1111,1.0000,0.0000,6.1702,1.8993,1.0000
4,3,4011,4012,2,3,1,0.6667,4011.286,1071.086,546.000,8.3073,10.0000,1.1429,0.2983,4.7497,0.5357,0.3214,0.1429,0.0000,0.0000,4.0343,0.4753,0.8286
5,3,4012,4014,3,2,2,0.4167,4013.068,935.205,504.841,9.3536,11.0000,1.2500,0.2680,5.2286,0.4138,0.1655,0.4207,1.0000,0.0000,4.7531,1.9002,0.6818
4,3,4013,4015,3,2,1,0.6667,4013.912,899.529,929.000,8.0860,10.0000,1.1765,0.5367,4.7568,0.7576,0.1294,0.1129,0.8507,0.0000,4.9921,1.9009,0.8235
5,3,4014,4016,3,1,2,0.8333,4014.744,702.000,613.488,9.1524,11.0000,1.2791,0.8901,5.2363,0.5854,0.2927,0.1220,0.9487,0.0000,4.7613,1.6664,0.7209
9,3,4014,4016,3,3,2,0.5000,4014.868,792.676,414.176,10.7889,11.0000,1.4559,0.3916,5.2363,0.5808,0.2190,0.2002,0.6040,0.2098,3.8068,1.4291,0.4412
5,4,4015,4017,3,1,2,0.8333,4016.304,910.000,343.413,9.8019,11.0000,1.1957,0.5131,5.2401,0.5854,0.2927,0.1220,0.9487,0.0000,5.2438,1.9034,0.8696
8,3,4016,4018,3,2,2,0.6667,4016.645,1041.629,489.629,10.4469,10.0000,1.2903,0.6334,4.7671,0.4782,0.1602,0.3617,0.9087,0.4175,4.2873,0.9536,0.4516
4,3,4018,4019,2,2,2,0.5000,4018.794,1151.529,600.735,8.1141,9.0000,1.0588,0.6267,4.2963,0.5916,0.1015,0.3069,0.5000,0.5000,4.7737,1.4314,0.7941
3,3,4020,4022,3,1,1,1.0000,4021.000,722.000,944.000,7.4513,9.0000,1.0000,1.0000,4.3048,0.8889,0.0000,0.1111,1.0000,0.0000,4.7797,0.0010,1.0000
6,3,4020,4021,2,2,2,0.7500,4020.490,772.286,255.612,9.5588,10.0000,1.2245,0.8466,4.7800,0.2000,0.3333,0.4667,0.0000,0.0000,4.3000,1.4337,0.5714
5,3,4021,4023,3,1,2,0.8333,4021.860,792.000,575.326,9.1972,11.0000,1.2791,0.3542,5.2615,0.5854,0.2927,0.1220,0.9487,0.0000,4.7794,1.4353,0.6744
4,3,4023,4025,3,1,2,0.6667,4023.947,699.000,361.500,9.0993,12.0000,1.2632,0.5028,5.7471,0.7576,0.1294,0.1129,0.8507,0.0000,5.0264,1.9136,0.8158
6,3,4023,4025,3,2,2,0.5000,4024.180,948.520,678.120,9.7771,11.0000,1.3200,0.5632,5.2682,0.3810,0.3333,0.2857,0.9487,0.1690,4.3130,1.4375,0.6000
3,3,4025,4026,2,1,2,0.7500,4025.667,925.000,453.300,8.3038,11.0000,1.1000,0.4485,5.2747,0.5333,0.2667,0.2000,0.7071,0.0000,5.2720,1.4388,1.0000
4,3,4027,4028,2,2,1,1.0000,4027.463,1047.439,376.000,9.8387,14.0000,1.3659,0.6384,6.7173,0.0000,0.7500,0.2500,1.0000,0.0000,5.0409,1.4397,0.8049
7,3,4028,4029,2,2,2,0.8750,4028.589,778.661,433.411,10.1651,11.0000,1.3750,0.7944,5.2841,0.0000,0.3318,0.6682,0.0000,0.5774,3.8425,1.2005,0.5536
4,3,4028,4030,3,1,2,0.6667,4028.914,879.000,573.743,8.4061,11.0000,1.2571,0.2711,5.2841,0.5357,0.3214,0.1429,1.0000,0.0000,3.8423,2.4016,0.8286
5,3,4028,4029,2,1,3,0.8333,4028.467,940.000,514.267,9.6643,11.0000,1.2222,0.5963,5.2841,0.5854,0.2927,0.1220,0.3162,0.0000,5.2818,1.9212,0.6889
4,3,4028,4029,2,2,2,0.5000,4028.250,986.825,204.500,9.6032,13.0000,1.3000,0.5858,6.2412,0.5916,0.1015,0.3069,0.5000,0.5000,5.2830,1.4414,0.8250
7,3,4031,4033,3,3,3,0.2593,4032.508,753.932,439.136,10.7334,12.0000,1.4237,0.5144,5.7774,0.5329,0.2795,0.1876,0.7001,0.5742,4.3331,1.9248,0.5254
6,3,4033,4035,3,1,3,0.6667,4033.771,907.000,180.375,9.4384,10.0000,1.2500,0.4395,4.8171,0.2083,0.6667,0.1250,0.4472,0.0000,4.5743,0.2406,0.5833
4,3,4034,4036,3,1,2,0.6667,4034.806,801.000,753.167,8.6745,11.0000,1.2222,0.2561,5.3017,0.7500,0.1500,0.1000,0.9487,0.0000,5.0604,1.4464,0.8333
5,3,4035,4036,2,1,3,0.8333,4035.395,609.000,501.302,9.2703,11.0000,1.2791,0.8019,5.3017,0.5854,0.2927,0.1220,0.3162,0.0000,4.8192,0.4822,0.6744
5,3,4036,4037,2,2,2,0.6250,4036.395,894.860,554.581,9.2751,10.0000,1.1628,0.7168,4.8222,0.3432,0.2505,0.4063,0.6059,0.3645,5.3054,1.4472,0.6744
5,3,4036,4038,3,1,3,0.5556,4036.878,978.000,447.024,8.8459,9.0000,1.0976,0.1244,4.3444,0.5532,0.3398,0.1070,0.8281,0.0000,4.8247,1.4473,0.6585
4,3,4039,4041,3,2,1,0.6667,4039.944,839.250,645.000,8.6972,11.0000,1.2222,0.2561,5.3151,0.5357,0.3214,0.1429,1.0000,0.0000,4.8306,1.4493,0.8056
3,3,4040,4041,2,2,1,0.7500,4040.600,966.700,519.000,8.3715,12.0000,1.2000,0.6708,5.7983,0.5333,0.2667,0.2000,0.7071,0.0000,4.8342,1.6915,1.0000
4,3,4041,4042,2,1,2,1.0000,4041.486,913.000,442.459,8.9454,11.0000,1.1892,0.6891,5.3201,0.0000,0.7500,0.2500,0.0000,0.0000,5.0762,1.9346,0.8108
9,3,4041,4043,3,3,2,0.5000,4041.845,997.042,474.352,11.4455,12.0000,1.5211,1.0321,5.8038,0.5982,0.1155,0.2863,0.5291,0.2387,3.8699,1.9330,0.4366
12,6,4044,4046,3,3,4,0.3333,4044.869,886.467,388.776,14.9585,14.0000,1.5701,0.5346,6.7803,0.1390,0.3973,0.4637,0.3357,0.8564,4.6006,1.9373,0.6262
3,3,4045,4046,2,2,1,0.7500,4045.700,937.700,543.000,8.3910,12.0000,1.2000,0.4243,5.8142,0.5333,0.2667,0.2000,0.7071,0.0000,4.8452,1.6953,1.0000
5,3,4046,4048,3,1,3,0.5556,4047.279,654.000,282.884,9.3224,10.0000,1.1628,1.3288,4.8492,0.8123,0.1108,0.0769,0.7071,0.0000,4.8474,2.4232,0.6512
4,3,4046,4048,3,2,1,0.6667,4046.914,763.543,409.000,8.4823,10.0000,1.1429,1.0222,4.8452,0.7576,0.1294,0.1129,0.8507,0.0000,4.8472,1.9386,0.8000
4,3,4047,4049,3,2,1,0.6667,4047.944,421.556,623.000,8.7284,11.0000,1.2222,0.4479,5.3342,0.7576,0.1294,0.1129,0.8507,0.0000,5.3322,1.9391,0.8056
6,4,4047,4048,2,2,2,0.7500,4047.551,789.388,674.694,9.6987,10.0000,1.2245,0.8787,4.8472,0.2000,0.3333,0.4667,0.0000,0.0000,4.8492,2.1806,0.7551
7,3,4048,4049,2,2,2,0.8750,4048.500,964.607,879.429,10.2660,10.0000,1.2500,0.8549,4.8512,0.0000,0.3318,0.6682,0.0000,0.5774,4.3644,1.4550,0.5000
4,3,4049,4050,2,1,2,1.0000,4049.455,1046.000,827.545,8.0059,9.0000,1.0909,0.7100,4.3678,0.0000,0.7500,0.2500,0.0000,0.0000,4.8508,1.4555,0.8182
5,3,4051,4053,3,2,2,0.4167,4052.128,850.170,532.681,10.2090,12.0000,1.2766,0.3836,5.8303,0.5461,0.2256,0.2283,0.8117,0.4177,4.8573,1.9427,0.7021
6,3,4051,4052,2,2,3,0.5000,4051.510,872.878,277.776,9.7138,10.0000,1.2245,0.5525,4.8568,0.3810,0.3333,0.2857,0.3162,0.5071,4.6122,1.4565,0.5714
4,3,4051,4052,2,1,2,1.0000,4051.514,1048.000,788.486,8.4979,9.0000,1.0286,0.7074,4.3711,0.0000,0.7500,0.2500,0.0000,0.0000,4.8558,1.4565,0.7714
6,4,4053,4054,2,2,3,0.5000,4053.375,1060.125,379.625,9.5221,9.0000,1.1250,0.7395,4.3743,0.5034,0.2551,0.2415,0.1128,0.4328,4.8586,1.4572,0.7500
4,3,4056,4058,3,1,2,0.6667,4056.829,565.000,289.800,8.5135,10.0000,1.1429,1.1884,4.8666,0.7500,0.1500,0.1000,0.9487,0.0000,4.8646,1.4595,0.8000
6,3,4056,4058,3,2,1,1.0000,4057.040,839.380,870.000,9.9310,11.0000,1.3200,0.3821,5.3533,0.5556,0.3333,0.1111,1.0000,0.0000,4.3775,0.9730,0.6200
7,3,4057,4059,3,3,3,0.2593,4058.158,891.000,479.912,10.4852,11.0000,1.3509,0.1806,5.3533,0.3805,0.2786,0.3409,0.6013,0.3993,3.4081,0.9733,0.5263
5,3,4058,4059,2,2,3,0.4167,4058.452,625.167,794.095,9.1422,10.0000,1.1905,0.4914,4.8681,0.7729,0.0435,0.1836,0.4781,0.7852,3.8948,0.9739,0.6905
4,3,4058,4059,2,1,2,1.0000,4058.514,663.000,254.457,8.5179,10.0000,1.1429,0.6881,4.8666,0.0000,0.7500,0.2500,0.0000,0.0000,4.8678,1.4601,0.8000
5,3,4058,4060,3,1,2,0.8333,4059.308,993.000,1130.385,8.4914,9.0000,1.1538,0.4925,4.3826,0.5854,0.2927,0.1220,0.9487,0.0000,4.8682,1.4609,0.6923
5,3,4059,4060,2,1,3,0.8333,4059.595,582.000,572.238,9.1453,9.0000,1.0714,0.6411,4.3826,0.5854,0.2927,0.1220,0.3162,0.0000,4.8680,0.9732,0.6429
