n_voxels,n_seed,z_min,z_max,z_extent,y_extent,x_extent,fill,centroid_z,centroid_y,centroid_x,snr_cluster,r_peak,r_peak_ratio,peak_offset,snr_peak,linearity,planarity,sphericity,axis_z,normal_z,edge_contrast,decay_drop,seed_grown_ratio
38,19,200,203,4,7,5,0.2714,200.942,645.827,627.651,30.0584,26.0000,1.9681,2.3943,9.6020,0.5886,0.0924,0.3190,0.1779,0.6430,5.1616,1.4744,0.6833
11,4,200,202,3,3,3,0.4074,200.457,652.087,626.217,15.3624,21.0000,1.6739,0.5131,7.7555,0.4082,0.3279,0.2639,0.0603,0.3923,4.0601,1.2917,0.6304
4,4,200,202,3,2,1,0.6667,200.698,680.190,602.000,11.6286,21.0000,1.3333,0.7239,7.7555,0.7500,0.1500,0.1000,0.9487,0.0000,4.4290,-0.0000,1.0000
8,3,200,201,2,5,1,0.8000,200.397,735.359,580.000,10.1822,13.0000,1.3333,0.5356,4.8010,0.8479,0.1072,0.0450,0.1509,0.0000,4.0623,1.1073,0.4744
5,3,208,210,3,1,2,0.8333,209.309,583.000,732.582,9.0281,13.0000,1.1818,0.9033,4.7691,0.5854,0.2927,0.1220,0.9487,0.0000,4.7698,1.4684,0.6727
5,3,208,210,3,2,2,0.4167,208.926,1150.537,442.852,8.8665,13.0000,1.2037,0.5620,4.7727,0.5461,0.2256,0.2283,0.8117,0.4177,4.7761,1.1022,0.7037
4,3,209,210,2,2,1,1.0000,209.521,1324.542,664.000,8.8077,13.0000,1.0833,0.6938,4.7727,0.0000,0.7500,0.2500,1.0000,0.0000,4.9522,1.4675,0.7917
5,3,210,211,2,3,1,0.8333,210.382,849.291,941.000,9.0206,13.0000,1.1818,0.4800,4.7691,0.5854,0.2927,0.1220,0.3162,0.0000,4.7691,0.7322,0.6909
5,3,211,213,3,2,1,0.8333,212.368,1160.649,708.000,9.3337,15.0000,1.3158,0.5088,5.4940,0.5854,0.2927,0.1220,0.9487,0.0000,5.1244,1.0985,0.7544
5,3,214,216,3,3,1,0.5556,215.358,1105.981,506.000,8.6566,13.0000,1.2264,0.3590,4.7494,0.8123,0.1108,0.0769,0.7071,0.0000,5.1109,0.1828,0.7358
6,3,217,219,3,2,2,0.5000,217.778,1151.302,424.492,9.3729,13.0000,1.2381,0.6184,4.7366,0.4246,0.3485,0.2269,0.7895,0.0722,4.3722,1.4577,0.5873
9,3,218,221,4,3,3,0.2500,219.471,869.149,700.103,10.5516,13.0000,1.3448,0.5051,4.7322,0.7881,0.0678,0.1441,0.6233,0.0264,3.2788,0.5463,0.4483
4,3,219,220,2,3,1,0.6667,219.723,1130.553,909.000,8.5484,15.0000,1.2766,0.6185,5.4550,0.7500,0.1500,0.1000,0.3162,0.0000,4.9117,1.4554,0.8511
7,3,222,225,4,2,2,0.4375,223.721,1065.456,292.897,9.3125,14.0000,1.4412,0.5445,5.0712,0.8235,0.0431,0.1334,0.9337,0.1681,3.2626,0.3619,0.5588
7,3,226,228,3,2,3,0.3889,226.632,718.103,952.809,9.2846,12.0000,1.2353,0.6686,4.3378,0.5373,0.2303,0.2324,0.7071,0.2357,3.9710,1.0837,0.5294
6,3,226,228,3,2,2,0.5000,226.971,1289.441,780.897,10.0250,18.0000,1.5882,0.4540,6.4999,0.3810,0.3333,0.2857,0.9487,0.1690,4.5106,0.7220,0.6765
8,3,228,230,3,2,2,0.6667,228.775,1249.713,633.513,10.1944,13.0000,1.3000,0.6292,4.6844,0.4396,0.1507,0.4097,0.8641,0.2943,3.0629,0.3603,0.4750
12,4,230,233,4,5,2,0.3000,232.131,1225.697,619.205,12.6473,15.0000,1.4754,0.7380,5.3875,0.6208,0.2145,0.1647,0.5637,0.0361,4.3084,1.7938,0.4180
4,3,233,234,2,2,1,1.0000,233.587,1020.565,827.000,8.2462,14.0000,1.2174,0.5997,5.0171,0.0000,0.7500,0.2500,1.0000,0.0000,4.8408,0.7165,0.8478
4,3,236,237,2,2,1,1.0000,236.511,1231.489,772.000,8.3978,12.0000,1.0213,0.7073,4.2907,0.0000,0.7500,0.2500,1.0000,0.0000,3.9287,0.3572,0.7660
4,3,238,239,2,2,1,1.0000,238.458,1188.417,629.000,8.5574,14.0000,1.1667,0.6194,4.9944,0.0000,0.7500,0.2500,1.0000,0.0000,4.9916,1.2478,0.8333
4,3,238,239,2,2,2,0.5000,238.739,1212.522,986.783,8.1982,12.0000,1.0435,0.9068,4.2810,0.5916,0.1015,0.3069,0.5000,0.5000,4.6328,1.7813,0.7826
7,4,239,242,4,2,2,0.4375,240.506,1104.481,1036.111,10.8903,14.0000,1.2099,0.7074,4.9829,0.7406,0.0824,0.1770,0.9316,0.0988,4.9838,1.0678,0.6790
4,3,241,243,3,1,2,0.6667,242.182,461.000,685.818,7.8105,12.0000,1.0909,1.1957,4.2661,0.7500,0.1500,0.1000,0.9487,0.0000,4.6134,0.7108,0.8182
4,3,242,243,2,2,1,1.0000,242.545,1233.564,840.000,9.7590,16.0000,1.1636,0.6985,5.6816,0.0000,0.7500,0.2500,1.0000,0.0000,6.0288,1.4196,0.8364
4,3,244,245,2,1,2,1.0000,244.435,834.000,370.478,8.1440,14.0000,1.2174,0.6792,4.9597,0.0000,0.7500,0.2500,0.0000,0.0000,4.9585,1.9449,0.8261
6,3,244,246,3,2,2,0.5000,244.909,935.803,699.712,9.5353,13.0000,1.1818,1.2467,4.6055,0.7074,0.0897,0.2030,0.9140,0.2540,4.2468,1.2391,0.5758
5,3,244,246,3,2,1,0.8333,244.759,1151.621,574.000,9.1809,14.0000,1.2069,0.4496,4.9539,0.5854,0.2927,0.1220,0.9487,0.0000,4.6055,1.5909,0.6552
3,3,244,245,2,2,1,0.7500,244.333,1260.333,452.000,7.3604,12.0000,1.0000,0.4714,4.2512,0.5333,0.2667,0.2000,0.7071,0.0000,4.9577,1.7672,1.0000
5,3,247,249,3,1,2,0.8333,248.121,1034.000,800.707,9.1445,15.0000,1.2931,0.3170,5.2890,0.5854,0.2927,0.1220,0.9487,0.0000,3.8742,1.0578,0.7069
4,3,248,249,2,2,1,1.0000,248.489,891.532,446.000,8.2812,13.0000,1.1064,0.6927,4.5783,0.0000,0.7500,0.2500,1.0000,0.0000,4.5844,1.2337,0.7872
4,3,248,249,2,2,1,1.0000,248.553,947.489,852.000,8.2806,14.0000,1.1915,0.6785,4.9305,0.0000,0.7500,0.2500,1.0000,0.0000,4.5810,1.2318,0.8085
5,3,248,249,2,3,2,0.4167,248.607,982.964,847.179,8.8241,12.0000,1.0714,0.6339,4.2312,0.1521,0.5234,0.3245,0.0000,0.5847,4.5787,1.7609,0.6429
4,3,248,250,3,2,1,0.6667,248.889,1078.444,890.000,7.9251,13.0000,1.1556,0.9938,4.5838,0.7576,0.1294,0.1129,0.8507,0.0000,3.8748,0.7031,0.8222
6,3,249,250,2,1,4,0.7500,249.672,933.000,718.410,8.7633,13.0000,1.2787,0.6751,4.5729,0.7774,0.1594,0.0632,0.1091,0.0000,3.8715,1.4056,0.6066
4,3,249,251,3,2,1,0.6667,250.065,1067.261,1038.000,8.0898,13.0000,1.1304,0.2689,4.5729,0.5357,0.3214,0.1429,1.0000,0.0000,4.5695,1.0528,0.8043
4,3,252,254,3,2,1,0.6667,253.034,952.759,507.000,10.1642,20.0000,1.3793,0.2438,7.0100,0.5357,0.3214,0.1429,1.0000,0.0000,5.4276,0.8752,0.8103
3,3,252,253,2,2,1,0.7500,252.667,962.333,960.000,7.2880,12.0000,1.0000,0.7454,4.2111,0.5333,0.2667,0.2000,0.7071,0.0000,3.8557,1.2270,1.0000
4,3,252,253,2,2,1,1.0000,252.467,1148.444,607.000,7.8913,13.0000,1.1556,0.6942,4.5565,0.0000,0.7500,0.2500,1.0000,0.0000,3.8612,0.3518,0.8222
4,3,252,254,3,2,1,0.6667,253.042,1179.833,629.000,8.4116,14.0000,1.1667,0.1718,4.9070,0.5357,0.3214,0.1429,1.0000,0.0000,4.9075,0.7002,0.8333
5,3,253,254,2,2,2,0.6250,253.473,1151.400,777.855,8.6163,14.0000,1.2727,0.8119,4.9012,0.3432,0.2505,0.4063,0.6059,0.3645,4.5515,0.7018,0.7091
4,3,254,257,4,1,1,1.0000,255.383,1220.000,850.000,8.2134,14.0000,1.1915,0.6170,4.8895,0.9375,0.0000,0.0625,1.0000,0.0000,4.7236,0.8748,0.8298
6,3,259,260,2,2,2,0.7500,259.397,1085.353,928.309,9.6561,15.0000,1.3235,0.8196,5.2199,0.2000,0.3333,0.4667,0.0000,0.0000,4.3475,1.0440,0.6029
4,3,260,261,2,2,1,1.0000,260.574,1152.593,922.000,9.3783,17.0000,1.2593,0.5894,5.9018,0.0000,0.7500,0.2500,1.0000,0.0000,5.7305,1.3878,0.8519
4,3,263,265,3,2,1,0.6667,263.843,1267.843,522.000,8.8229,15.0000,1.1765,0.8576,5.1951,0.7500,0.1500,0.1000,0.9487,0.0000,5.1865,1.3825,0.8431
3,3,264,265,2,2,1,0.7500,264.325,1089.675,835.000,7.9859,14.0000,1.0500,0.4596,4.8430,0.5333,0.2667,0.2000,0.7071,0.0000,4.8430,1.7301,1.0000
8,3,264,266,3,3,2,0.4444,265.148,1143.432,464.648,10.7483,13.0000,1.1818,0.5765,4.4918,0.2980,0.4245,0.2776,0.5027,0.5260,4.4857,1.7284,0.4432
4,3,266,267,2,2,1,1.0000,266.574,1158.537,805.000,9.3119,16.0000,1.1852,0.6854,5.5154,0.0000,0.7500,0.2500,1.0000,0.0000,5.3467,1.3807,0.8333
5,3,273,275,3,2,1,0.8333,273.768,1016.464,910.000,8.5659,14.0000,1.2500,0.5191,4.7872,0.5854,0.2927,0.1220,0.9487,0.0000,4.7876,0.8562,0.7143
11,3,274,276,3,3,3,0.4074,274.992,954.308,737.908,12.3582,14.0000,1.2833,0.3218,4.7818,0.5858,0.1450,0.2691,0.6956,0.5570,4.1029,1.1953,0.3417
4,3,279,281,3,2,1,0.6667,279.673,782.731,503.000,8.8351,15.0000,1.1538,0.4235,5.0954,0.7500,0.1500,0.1000,0.9487,0.0000,5.2687,1.5288,0.8077
9,3,283,286,4,4,2,0.2812,284.550,712.840,448.200,11.2697,16.0000,1.4400,0.6067,5.4124,0.6798,0.2005,0.1197,0.9000,0.2382,4.0645,1.3517,0.4500
8,3,290,292,3,2,2,0.6667,290.625,425.545,792.307,10.4572,16.0000,1.4545,0.6644,5.3759,0.4716,0.1249,0.4035,0.8929,0.1898,3.8659,1.0086,0.4773
4,3,293,294,2,1,2,1.0000,293.429,870.000,723.500,9.3874,18.0000,1.2857,0.6585,6.0370,0.0000,0.7500,0.2500,0.0000,0.0000,5.0293,1.8444,0.8214
4,3,293,294,2,3,1,0.6667,293.271,1149.646,913.000,8.0475,13.0000,1.0833,0.7003,4.3601,0.7500,0.1500,0.1000,0.3162,0.0000,5.0275,1.0065,0.8125
7,3,294,297,4,2,2,0.4375,295.868,827.237,870.105,9.6106,15.0000,1.3816,0.9063,5.0222,0.7514,0.0882,0.1604,0.9757,0.1283,4.0111,2.6754,0.5395
4,3,297,298,2,1,2,1.0000,297.549,740.000,1130.471,8.5198,14.0000,1.0980,0.6518,4.6759,0.0000,0.7500,0.2500,0.0000,0.0000,5.1775,1.1691,0.8039
4,3,301,304,4,1,1,1.0000,302.640,1037.000,1038.000,8.3208,14.0000,1.1200,0.6400,4.6617,0.9375,0.0000,0.0625,1.0000,0.0000,4.8239,1.3310,0.8200
5,3,305,307,3,2,1,0.8333,306.206,741.429,639.000,9.3547,14.0000,1.1111,0.4757,4.6490,0.5854,0.2927,0.1220,0.9487,0.0000,4.9778,1.6582,0.6508
14,4,306,309,4,6,2,0.2917,307.959,981.392,916.851,13.1187,16.0000,1.5135,0.4211,5.3064,0.6675,0.2527,0.0798,0.0888,0.1640,3.6486,1.3260,0.3716
4,3,307,310,4,1,1,1.0000,308.388,786.000,534.000,8.1236,14.0000,1.1429,0.6122,4.6403,0.9375,0.0000,0.0625,1.0000,0.0000,4.6444,0.8283,0.8163
4,3,307,308,2,2,1,1.0000,307.462,836.519,839.000,8.6258,14.0000,1.0769,0.6947,4.6460,0.0000,0.7500,0.2500,1.0000,0.0000,4.1475,0.6642,0.7885
6,4,309,311,3,2,2,0.5000,310.143,1056.312,864.896,10.4121,19.0000,1.4805,0.3583,6.2938,0.5230,0.1584,0.3185,0.9225,0.0898,4.8019,1.9881,0.7532
6,3,310,312,3,3,1,0.6667,310.746,1028.075,860.000,9.0568,15.0000,1.3433,0.2645,4.9659,0.6944,0.2222,0.0833,0.6000,0.0000,3.6427,1.1585,0.6119
5,3,310,312,3,2,2,0.4167,310.548,1045.871,639.387,9.1819,16.0000,1.2903,0.8325,5.3000,0.6999,0.1281,0.1720,0.8684,0.1395,4.6348,0.9934,0.7097
5,3,312,313,2,2,2,0.6250,312.224,974.621,917.328,8.5814,13.0000,1.1207,0.7368,4.3014,0.3432,0.2505,0.4063,0.5155,0.8569,4.6295,1.1582,0.6724
5,3,315,316,2,2,2,0.6250,315.407,983.424,750.136,8.7149,14.0000,1.1864,0.7183,4.6250,0.3432,0.2505,0.4063,0.6059,0.3645,4.6232,1.4873,0.6780
6,5,316,318,3,2,2,0.5000,316.850,827.400,929.425,10.7796,17.0000,1.2750,1.1239,5.6133,0.4246,0.3485,0.2269,0.7895,0.0722,4.9506,0.9907,0.9000
7,3,316,318,3,3,2,0.3889,316.532,982.506,945.342,9.8568,16.0000,1.4177,0.8020,5.2831,0.6671,0.1121,0.2208,0.6932,0.6010,3.6290,1.3209,0.5570
6,3,318,319,2,2,2,0.7500,318.329,969.586,864.314,9.4257,14.0000,1.2000,0.8659,4.6183,0.2000,0.3333,0.4667,0.7071,0.7071,4.7834,1.6494,0.5857
4,3,319,320,2,2,1,1.0000,319.540,789.520,530.000,8.2412,14.0000,1.1200,0.6943,4.6142,0.0000,0.7500,0.2500,1.0000,0.0000,4.6151,1.3183,0.8000
4,3,321,323,3,1,2,0.6667,321.784,965.000,987.216,8.3981,14.0000,1.0980,0.3050,4.6103,0.7500,0.1500,0.1000,0.9487,0.0000,4.2809,0.8233,0.7843
5,3,321,323,3,2,1,0.8333,322.270,1033.508,1035.000,9.2770,16.0000,1.2698,0.5752,5.2689,0.5854,0.2927,0.1220,0.9487,0.0000,4.9397,0.9879,0.7143
4,3,322,324,3,2,1,0.6667,322.923,598.250,821.000,8.5588,15.0000,1.1538,0.2616,4.9376,0.5357,0.3214,0.1429,1.0000,0.0000,4.9383,1.6466,0.8077
8,3,323,325,3,2,3,0.4444,324.071,769.702,545.071,9.7718,15.0000,1.4286,0.3143,4.9356,0.6080,0.2170,0.1750,0.6085,0.0769,3.1266,1.6448,0.5119
6,3,329,331,3,3,1,0.6667,329.881,921.119,924.000,8.9814,17.0000,1.5224,0.1689,5.5818,0.4000,0.4800,0.1200,0.7071,0.0000,3.7757,1.3135,0.6418
6,3,330,331,2,3,1,1.0000,330.529,1299.868,687.000,9.1136,14.0000,1.2353,1.0164,4.5968,0.5556,0.3333,0.1111,0.0000,0.0000,4.1038,0.6568,0.5882
3,3,331,333,3,1,1,1.0000,332.000,930.000,910.000,7.3886,13.0000,1.0000,1.0000,4.2671,0.8889,0.0000,0.1111,1.0000,0.0000,5.0862,1.6405,1.0000
10,4,331,334,4,3,2,0.4167,332.609,1161.473,810.364,11.4122,15.0000,1.3636,0.8839,4.9221,0.4454,0.2989,0.2556,0.9362,0.0463,3.9376,1.4763,0.5273
4,3,333,334,2,1,2,1.0000,333.481,361.000,372.481,8.5278,14.0000,1.0769,0.6799,4.5925,0.0000,0.7500,0.2500,0.0000,0.0000,4.9194,1.3122,0.7692
3,3,333,335,3,1,1,1.0000,334.000,942.000,676.000,7.5735,14.0000,1.0500,0.0000,4.5912,0.8889,0.0000,0.1111,1.0000,0.0000,4.9202,0.9838,1.0000
5,3,336,338,3,2,1,0.8333,336.724,1016.621,444.000,8.4998,15.0000,1.2931,0.8175,4.9164,0.5854,0.2927,0.1220,0.9487,0.0000,4.5874,1.6380,0.7069
8,3,337,339,3,3,2,0.4444,337.976,703.000,863.518,9.8446,14.0000,1.3176,0.4829,4.5862,0.6594,0.1485,0.1922,0.8863,0.2185,3.9305,0.9828,0.4706
7,4,339,341,3,1,3,0.7778,339.908,971.000,732.322,10.7667,16.0000,1.2874,0.9634,5.2400,0.4747,0.4312,0.0941,0.8619,0.0000,4.5829,0.9818,0.6667
3,3,340,342,3,1,1,1.0000,340.957,708.000,628.000,8.6936,16.0000,1.0435,0.9565,5.2387,0.8889,0.0000,0.1111,1.0000,0.0000,5.5648,1.6368,1.0000
8,3,340,341,2,2,2,1.0000,340.549,721.484,821.462,10.5328,14.0000,1.2308,0.8061,4.5828,0.0000,0.0000,1.0000,0.0000,1.0000,4.4200,1.3100,0.4505
4,3,340,341,2,2,1,1.0000,340.431,1135.451,952.000,8.3483,15.0000,1.1765,0.6982,4.9113,0.0000,0.7500,0.2500,1.0000,0.0000,4.9107,1.4729,0.8431
4,3,341,343,3,2,1,0.6667,341.640,919.720,1008.000,8.1823,14.0000,1.1200,0.9633,4.5828,0.7500,0.1500,0.1000,0.9487,0.0000,4.7459,0.9817,0.8200
3,3,341,342,2,2,1,0.7500,341.644,1191.289,779.000,8.5033,16.0000,1.0667,0.7062,5.2374,0.5333,0.2667,0.2000,0.7071,0.0000,5.5633,0.6546,1.0000
12,3,345,347,3,3,4,0.3333,346.205,411.516,806.303,11.5152,15.0000,1.4754,0.6065,4.9047,0.5453,0.0921,0.3626,0.7313,0.6680,3.2704,0.6541,0.3361
9,3,346,348,3,2,3,0.5000,346.718,706.524,1089.010,11.2247,17.0000,1.4854,0.5529,5.5575,0.2968,0.3146,0.3886,0.6804,0.5402,4.2505,1.4707,0.4369
5,3,346,347,2,2,2,0.6250,346.610,1025.339,805.220,8.6265,13.0000,1.1017,0.7320,4.2507,0.3432,0.2505,0.4063,0.6059,0.3645,4.9036,1.6346,0.6610
7,4,348,350,3,2,2,0.5833,349.000,1053.417,446.095,10.3752,17.0000,1.4167,0.4274,5.5554,0.4600,0.2645,0.2756,1.0000,0.0000,4.5751,0.9805,0.6786
3,3,351,353,3,1,1,1.0000,352.000,439.000,769.000,8.1085,17.0000,1.1860,0.0000,5.5524,0.8889,0.0000,0.1111,1.0000,0.0000,4.8998,1.4697,1.0000
4,3,355,356,2,3,1,0.6667,355.250,1251.904,789.000,8.4875,18.0000,1.3846,0.2679,5.8762,0.5357,0.3214,0.1429,0.0000,0.0000,4.5701,1.1426,0.8462
4,3,358,359,2,1,2,1.0000,358.471,644.000,1047.490,8.3203,14.0000,1.0980,0.6938,4.5683,0.0000,0.7500,0.2500,0.0000,0.0000,4.5680,0.9790,0.7843
7,3,358,360,3,2,2,0.5833,358.633,929.215,1173.519,9.7425,17.0000,1.5063,0.6711,5.5465,0.4600,0.2645,0.2756,0.8571,0.1000,3.2630,0.3263,0.5696
3,3,358,359,2,2,1,0.7500,358.295,1160.318,916.000,8.2890,17.0000,1.1591,0.4342,5.5473,0.5333,0.2667,0.2000,0.7071,0.0000,4.8946,1.9575,1.0000
4,3,359,361,3,1,2,0.6667,360.104,802.000,1122.292,7.8292,14.0000,1.1667,0.7160,4.5671,0.5357,0.3214,0.1429,1.0000,0.0000,4.8930,1.9571,0.8333
6,3,360,362,3,2,2,0.5000,360.625,535.556,295.125,9.5881,16.0000,1.3333,0.5948,5.2188,0.6373,0.1269,0.2358,0.8795,0.0724,4.2405,1.9572,0.6111
3,3,360,362,3,1,1,1.0000,361.000,807.000,1041.000,7.5328,14.0000,1.0500,0.0000,4.5665,0.8889,0.0000,0.1111,1.0000,0.0000,4.5671,1.3046,1.0000
4,3,360,361,2,3,1,0.6667,360.740,1287.340,696.000,8.1547,15.0000,1.2000,0.4280,4.8927,0.7500,0.1500,0.1000,0.3162,0.0000,4.5668,1.3049,0.8200
8,4,364,367,4,2,2,0.5000,365.404,958.222,958.424,11.4108,19.0000,1.5354,0.7377,6.1944,0.7435,0.1182,0.1384,0.9342,0.2294,4.4009,1.3041,0.5960
6,3,365,366,2,2,3,0.5000,365.687,611.134,901.269,8.9168,16.0000,1.4328,0.4341,5.2157,0.5230,0.1584,0.3185,0.3667,0.5079,4.2376,1.3041,0.6269
8,3,367,370,4,3,2,0.3333,368.674,743.067,542.899,10.2546,16.0000,1.4382,0.3478,5.2141,0.8067,0.0540,0.1393,0.8369,0.1509,3.2588,1.3034,0.5169
5,3,369,371,3,1,2,0.8333,370.246,636.000,1115.404,8.3060,14.0000,1.2281,0.6451,4.5619,0.5854,0.2927,0.1220,0.9487,0.0000,4.5615,0.6517,0.7018
4,3,369,370,2,2,1,1.0000,369.520,988.460,721.000,8.1466,14.0000,1.1200,0.6943,4.5623,0.0000,0.7500,0.2500,1.0000,0.0000,4.8877,0.9776,0.8000
8,3,372,375,4,2,2,0.5000,373.930,1108.709,851.721,9.9038,14.0000,1.3023,1.3135,4.5597,0.7888,0.0442,0.1670,0.9171,0.1008,4.0716,1.3033,0.4767
4,3,373,374,2,2,2,0.5000,373.820,493.260,520.440,8.1432,15.0000,1.2000,0.5418,4.8858,0.5916,0.1015,0.3069,0.5000,0.5000,4.5601,0.9772,0.8200
5,3,375,376,2,2,2,0.6250,375.600,982.150,676.583,8.7388,14.0000,1.1667,0.7230,4.5593,0.3432,0.2505,0.4063,0.6059,0.3645,4.5593,1.1400,0.6667
6,3,376,378,3,3,2,0.3333,377.159,637.986,1015.116,9.1727,16.0000,1.3913,0.1977,5.2101,0.5384,0.1347,0.3269,0.8322,0.1385,3.9076,1.7909,0.6377
4,3,376,377,2,1,2,1.0000,376.520,647.000,1092.540,8.1412,14.0000,1.1200,0.6943,4.5593,0.0000,0.7500,0.2500,0.0000,0.0000,4.5589,1.6281,0.8000
5,3,379,381,3,2,1,0.8333,380.220,1013.559,1054.000,8.5897,15.0000,1.2712,0.4927,4.8832,0.5854,0.2927,0.1220,0.9487,0.0000,4.5574,0.9766,0.6949
4,3,385,386,2,2,2,0.5000,385.173,907.288,603.250,8.4606,15.0000,1.1538,0.4191,4.8812,0.0000,0.5625,0.4375,0.4459,0.5774,4.8812,1.3015,0.8269
4,3,385,386,2,2,1,1.0000,385.426,1242.500,521.000,8.7858,17.0000,1.2593,0.6568,5.5320,0.0000,0.7500,0.2500,1.0000,0.0000,5.0437,1.9524,0.8148
8,3,389,391,3,3,3,0.2963,389.831,917.265,831.904,9.5452,16.0000,1.5422,0.7602,5.2043,0.3198,0.2476,0.4326,0.4541,0.4113,3.2529,1.1385,0.5181
3,3,389,390,2,2,1,0.7500,389.698,970.698,642.000,8.0754,17.0000,1.1860,0.4276,5.5296,0.5333,0.2667,0.2000,0.7071,0.0000,4.8794,1.6264,1.0000
10,3,389,391,3,4,2,0.4167,389.738,1153.466,856.262,10.5948,15.0000,1.4563,0.5955,4.8791,0.7347,0.0067,0.2585,0.6641,0.5774,3.2529,0.9758,0.4078
5,3,390,392,3,2,2,0.4167,390.862,929.862,851.155,8.4364,15.0000,1.2931,0.2493,4.8786,0.6489,0.0995,0.2515,0.9362,0.2726,4.8782,1.7887,0.7069
5,3,390,392,3,2,1,0.8333,391.276,957.466,605.000,8.4360,14.0000,1.2069,0.9000,4.5530,0.5854,0.2927,0.1220,0.9487,0.0000,4.5533,0.6504,0.6897
4,3,391,392,2,1,3,0.6667,391.288,590.000,1205.673,8.4561,15.0000,1.1538,0.9794,4.8782,0.7500,0.1500,0.1000,0.3162,0.0000,4.7159,0.4878,0.7885
4,3,393,394,2,2,2,0.5000,393.774,818.264,907.509,8.6168,14.0000,1.0566,0.6169,4.5522,0.5916,0.1015,0.3069,0.5000,0.5000,4.7148,1.6257,0.7736
5,3,394,396,3,1,2,0.8333,394.867,564.000,801.583,8.7241,13.0000,1.0833,0.5984,4.2266,0.5854,0.2927,0.1220,0.9487,0.0000,4.5513,1.4630,0.6500
4,3,397,398,2,1,2,1.0000,397.426,853.000,1037.574,8.7763,16.0000,1.1852,0.6024,5.2010,0.0000,0.7500,0.2500,0.0000,0.0000,5.5258,1.7878,0.8519
6,3,398,400,3,3,2,0.3333,399.388,873.000,676.687,8.8892,15.0000,1.3433,0.4988,4.8750,0.6117,0.2011,0.1872,0.7734,0.2698,3.9000,1.9496,0.6269
8,3,399,402,4,2,2,0.5000,400.255,648.234,492.638,10.7997,15.0000,1.2766,0.5008,4.8745,0.7888,0.0442,0.1670,0.9171,0.1008,3.4124,0.6499,0.4574
5,3,400,401,2,3,2,0.4167,400.770,937.000,1047.344,8.8644,18.0000,1.4754,0.4138,5.8488,0.5461,0.2256,0.2283,0.1201,0.5647,4.5492,0.6499,0.7377
10,3,401,404,4,3,3,0.2778,402.136,823.184,941.184,10.5823,15.0000,1.4563,0.8471,4.8735,0.7972,0.0637,0.1391,0.7455,0.6429,3.5740,1.2995,0.3981
4,3,401,402,2,1,2,1.0000,401.451,1028.000,1037.569,8.2854,15.0000,1.1765,0.6982,4.8735,0.0000,0.7500,0.2500,0.0000,0.0000,4.2242,0.4873,0.8431
4,3,401,402,2,2,1,1.0000,401.481,1275.481,941.000,8.7728,15.0000,1.1111,0.7076,4.8740,0.0000,0.7500,0.2500,1.0000,0.0000,5.1985,1.2996,0.7963
3,3,402,403,2,1,2,0.7500,402.667,269.000,930.333,7.3152,13.0000,1.0000,0.7454,4.2237,0.5333,0.2667,0.2000,0.7071,0.0000,4.5482,1.4620,1.0000
6,3,403,404,2,2,3,0.5000,403.667,578.870,1240.870,9.1506,14.0000,1.2174,0.9404,4.5477,0.7074,0.0897,0.2030,0.3047,0.0847,4.0608,0.9745,0.5942
7,3,403,404,2,3,2,0.5833,403.442,973.182,881.364,9.4542,14.0000,1.2727,1.0552,4.5477,0.5670,0.2589,0.1741,0.1800,0.6838,4.5477,1.6242,0.5195
5,3,406,407,2,2,2,0.6250,406.544,877.404,936.860,8.2781,13.0000,1.1404,0.6916,4.2219,0.3432,0.2505,0.4063,0.6059,0.3645,4.8708,1.2991,0.6842
6,4,406,408,3,2,2,0.5000,406.750,926.855,896.500,10.0755,16.0000,1.2632,0.5775,5.1956,0.6373,0.1269,0.2358,0.8795,0.0724,4.7083,0.9742,0.7500
7,3,407,409,3,2,2,0.5833,407.716,831.605,953.222,9.9408,16.0000,1.3827,0.7042,5.1951,0.4600,0.2645,0.2756,0.8571,0.1000,3.8961,1.9480,0.5802
4,3,409,410,2,2,1,1.0000,409.491,932.547,728.000,8.6029,15.0000,1.1321,0.6816,4.8693,0.0000,0.7500,0.2500,1.0000,0.0000,4.7075,0.8116,0.7925
4,3,409,410,2,1,3,0.6667,409.298,1070.000,1002.579,9.2523,17.0000,1.1930,0.6513,5.5191,0.7500,0.1500,0.1000,0.3162,0.0000,5.5188,1.9478,0.8246
6,3,410,412,3,2,2,0.5000,411.214,1102.600,1020.114,9.2754,16.0000,1.3714,0.4680,5.1933,0.5230,0.1584,0.3185,0.9225,0.0898,4.0568,0.9737,0.6286
8,3,412,414,3,2,3,0.4444,412.871,916.400,957.894,9.7522,14.0000,1.3176,0.4335,4.5431,0.7021,0.0951,0.2027,0.7715,0.0725,3.5696,1.2981,0.4706
4,3,413,414,2,2,1,1.0000,413.455,679.455,946.000,8.9234,15.0000,1.0909,0.6428,4.8676,0.0000,0.7500,0.2500,1.0000,0.0000,5.5164,2.1092,0.8182
5,3,413,414,2,2,2,0.6250,413.684,1117.632,490.544,8.2713,13.0000,1.1404,0.8913,4.2181,0.2938,0.4054,0.3007,0.7071,0.6739,4.5426,1.4602,0.6842
6,3,414,416,3,3,1,0.6667,414.681,1043.203,740.000,9.1392,16.0000,1.3913,1.0485,5.1915,0.4000,0.4800,0.1200,0.7071,0.0000,4.3798,1.4599,0.6232
4,4,415,416,2,2,1,1.0000,415.444,933.540,759.000,10.2189,19.0000,1.2063,0.6399,6.1641,0.0000,0.7500,0.2500,1.0000,0.0000,5.3528,1.9465,1.0000
7,3,417,418,2,5,1,0.7000,417.295,1138.231,570.000,9.5619,16.0000,1.4359,0.3744,5.1896,0.8296,0.1196,0.0507,0.0751,0.0000,3.5675,0.6488,0.5513
3,3,418,420,3,1,1,1.0000,419.023,789.000,837.000,8.0504,16.0000,1.1163,0.0233,5.1883,0.8889,0.0000,0.1111,1.0000,0.0000,4.2151,0.1622,1.0000
4,3,420,421,2,2,1,1.0000,420.472,815.509,917.000,8.5916,15.0000,1.1321,0.6943,4.8635,0.0000,0.7500,0.2500,1.0000,0.0000,5.0252,1.1347,0.7925
7,3,426,428,3,3,2,0.3889,427.449,988.321,674.115,9.5500,15.0000,1.3462,0.5634,4.8593,0.1278,0.6171,0.2551,0.8018,0.1645,3.5635,1.2959,0.5385
5,3,430,432,3,2,1,0.8333,430.657,814.642,1035.000,9.7024,19.0000,1.4179,0.4961,6.1521,0.5854,0.2927,0.1220,0.9487,0.0000,5.1814,1.9430,0.7463
6,3,431,432,2,3,2,0.5000,431.299,955.209,965.478,8.8563,13.0000,1.1642,0.6007,4.2093,0.5795,0.2234,0.1971,0.2134,0.3849,4.5328,1.7807,0.5821
4,3,432,433,2,1,2,1.0000,432.491,492.000,899.434,8.5790,17.0000,1.2830,0.6550,5.5038,0.0000,0.7500,0.2500,0.0000,0.0000,4.5321,0.9712,0.8113
6,3,432,434,3,2,2,0.5000,433.078,794.506,955.662,10.1760,19.0000,1.4805,0.6137,6.1506,0.4246,0.3485,0.2269,0.7895,0.0722,4.5322,0.6475,0.6364
6,3,432,434,3,1,3,0.6667,433.271,806.000,1055.229,9.2507,15.0000,1.2857,0.3548,4.8558,0.4000,0.4800,0.1200,0.7071,0.0000,4.2081,0.6475,0.6000
3,3,432,433,2,2,1,0.7500,432.350,964.325,992.000,7.4765,14.0000,1.0500,0.7267,4.5320,0.5333,0.2667,0.2000,0.7071,0.0000,4.5325,0.9712,1.0000
6,3,433,434,2,2,2,0.7500,433.529,724.729,1080.514,9.2504,14.0000,1.2000,0.7486,4.5315,0.2667,0.1333,0.6000,0.7071,0.7071,4.3702,1.4566,0.5857
7,3,433,435,3,3,1,0.7778,433.688,1092.825,757.000,9.7875,15.0000,1.3125,0.8822,4.8552,0.4747,0.4312,0.0941,0.5071,0.0000,3.8847,1.2946,0.5125
5,3,437,438,2,2,2,0.6250,437.574,935.443,761.852,8.8263,14.0000,1.1475,0.8134,4.5299,0.3432,0.2505,0.4063,0.6059,0.3645,3.8824,0.9709,0.6557
5,3,437,439,3,2,1,0.8333,437.692,1246.538,903.000,9.4050,16.0000,1.2308,0.8771,5.1770,0.5854,0.2927,0.1220,0.9487,0.0000,4.8528,1.2939,0.6923
6,3,438,440,3,1,3,0.6667,438.747,916.000,801.947,9.9052,16.0000,1.2800,0.7486,5.1765,0.6944,0.2222,0.0833,0.6000,0.0000,4.2057,1.2939,0.5867
12,3,440,443,4,4,3,0.2500,441.580,1005.406,978.377,12.8834,16.0000,1.3913,1.0380,5.1747,0.8522,0.0219,0.1259,0.6767,0.4744,4.2038,1.2938,0.5145
10,3,441,444,4,3,3,0.2778,442.925,575.159,803.000,10.9412,18.0000,1.6822,0.9388,5.8210,0.5115,0.2984,0.1902,0.9488,0.1967,3.0722,0.9700,0.4299
7,4,441,443,3,2,3,0.3889,442.247,629.435,872.988,10.3892,16.0000,1.3176,0.8698,5.1736,0.1909,0.4622,0.3468,0.7315,0.2073,4.5270,1.2936,0.6824
4,3,442,444,3,1,2,0.6667,443.408,738.000,1141.286,7.9218,14.0000,1.1429,0.6572,4.5265,0.7500,0.1500,0.1000,0.9487,0.0000,4.6883,1.1317,0.8367
6,3,443,444,2,3,2,0.5000,443.639,590.736,701.889,9.5039,17.0000,1.4167,0.4609,5.4964,0.5230,0.1584,0.3185,0.3667,0.5079,4.6883,2.1016,0.6111
6,3,445,447,3,2,2,0.5000,446.224,983.132,557.671,10.0293,18.0000,1.4211,0.4190,5.8185,0.5230,0.1584,0.3185,0.9225,0.0898,4.2021,0.9699,0.5921
8,3,447,449,3,2,2,0.6667,448.043,807.362,827.202,10.7408,16.0000,1.3617,0.4165,5.1710,0.4961,0.2369,0.2670,0.9586,0.0986,4.5245,1.2927,0.4574
5,3,448,449,2,3,1,0.8333,448.525,917.328,691.000,8.8162,16.0000,1.3115,0.8526,5.1710,0.5854,0.2927,0.1220,0.3162,0.0000,3.8779,0.3232,0.6885
4,3,450,451,2,1,2,1.0000,450.463,545.000,905.537,8.7241,15.0000,1.1111,0.6547,4.8469,0.0000,0.7500,0.2500,0.0000,0.0000,4.8467,1.1309,0.7963
7,3,450,451,2,4,1,0.8750,450.421,830.750,815.000,9.2816,14.0000,1.2895,0.4897,4.5238,0.7781,0.1653,0.0566,0.0356,0.0000,3.5541,1.2925,0.5395
5,3,450,452,3,3,1,0.5556,450.933,937.850,940.000,8.6697,14.0000,1.1667,0.8526,4.5234,0.5532,0.3398,0.1070,0.5606,0.0000,4.5234,1.4540,0.6667
4,3,451,452,2,2,1,1.0000,451.525,716.441,852.000,9.5310,19.0000,1.2881,0.6476,6.1383,0.0000,0.7500,0.2500,1.0000,0.0000,4.8465,0.6461,0.7966
5,3,455,457,3,2,1,0.8333,455.746,838.444,833.000,9.0994,15.0000,1.1905,0.5119,4.8444,0.5854,0.2927,0.1220,0.9487,0.0000,4.8445,1.2917,0.6825
7,3,456,457,2,2,3,0.5833,456.602,658.193,590.482,10.1311,18.0000,1.5181,0.6809,5.8128,0.5694,0.1270,0.3036,0.2595,0.2173,4.1984,1.2918,0.5783
6,3,463,465,3,3,1,0.6667,463.784,735.432,646.000,9.7512,17.0000,1.3784,0.6074,5.4871,0.2083,0.6667,0.1250,0.4472,0.0000,4.1962,0.9684,0.6216
7,3,477,479,3,2,3,0.3889,477.671,556.101,612.671,9.6303,15.0000,1.3291,0.4763,4.8378,0.5453,0.2435,0.2112,0.6879,0.1639,4.1929,1.6126,0.5443
5,3,477,479,3,2,1,0.8333,478.032,1119.371,888.000,8.9425,16.0000,1.2903,1.0969,5.1605,0.5854,0.2927,0.1220,0.9487,0.0000,4.9990,1.2901,0.7097
5,3,479,481,3,1,2,0.8333,480.262,643.000,930.607,8.7973,15.0000,1.2295,0.4729,4.8373,0.5854,0.2927,0.1220,0.9487,0.0000,4.8371,1.2899,0.7049
9,3,479,480,2,3,2,0.7500,479.436,792.584,896.406,10.8573,16.0000,1.4257,0.9080,5.1598,0.4706,0.0000,0.5294,0.3015,0.9535,3.8699,0.8062,0.4356
3,3,491,492,2,1,2,0.7500,491.318,616.000,1290.682,8.1883,16.0000,1.0909,0.4500,5.1574,0.5333,0.2667,0.2000,0.7071,0.0000,5.1573,1.4505,1.0000
6,3,499,500,2,2,2,0.7500,499.506,866.649,892.792,10.1295,17.0000,1.3247,0.6501,5.4781,0.2000,0.3333,0.4667,0.0000,0.0000,4.6724,0.4834,0.6234
6,3,501,502,2,2,3,0.5000,501.627,700.187,849.827,9.8656,15.0000,1.2000,0.6765,4.8332,0.5230,0.1584,0.3185,0.3667,0.5079,4.6721,1.4500,0.5867
11,5,527,529,3,3,2,0.6111,528.023,912.718,588.542,12.7154,16.0000,1.3435,0.8516,5.1508,0.4782,0.1638,0.3579,0.8879,0.2584,4.1849,1.9316,0.5725
5,3,534,536,3,1,2,0.8333,535.151,595.000,589.301,10.5074,21.0000,1.4384,0.3369,6.7589,0.5854,0.2927,0.1220,0.9487,0.0000,5.1497,1.6092,0.6986
4,3,534,536,3,1,2,0.6667,534.909,750.000,1132.418,8.8510,18.0000,1.3091,0.4279,5.7934,0.7576,0.1294,0.1129,0.8507,0.0000,4.8279,0.9655,0.8364
4,3,557,558,2,1,3,0.6667,557.451,675.000,955.118,8.2012,15.0000,1.1765,0.5615,4.8242,0.7576,0.1294,0.1129,0.5257,0.0000,5.1459,1.6081,0.8431
5,3,572,573,2,2,3,0.4167,572.385,497.862,1163.938,9.3445,17.0000,1.3077,0.4134,5.4649,0.5461,0.2256,0.2283,0.5716,0.7118,4.8220,1.6073,0.7077
7,3,594,597,4,2,2,0.4375,595.886,298.684,1013.101,9.5924,16.0000,1.4177,0.9463,5.1402,0.7122,0.1467,0.1411,0.9661,0.0989,3.5337,1.2851,0.5823
7,3,595,597,3,3,3,0.2593,596.012,699.976,994.000,10.0780,20.0000,1.6867,0.0269,6.4251,0.0000,0.0000,1.0000,0.0000,1.0000,3.6944,1.9275,0.5783
7,3,596,598,3,2,2,0.5833,596.828,727.598,908.609,10.5635,15.0000,1.2069,0.9997,4.8188,0.5352,0.1763,0.2885,0.8018,0.5745,4.4974,1.6062,0.4943
6,3,597,599,3,2,2,0.5000,598.113,814.493,1067.803,9.3113,17.0000,1.4366,0.5556,5.4611,0.3810,0.3333,0.2857,0.9487,0.1690,4.0155,0.9637,0.6338
9,3,601,603,3,2,3,0.5000,602.030,1117.673,579.525,10.8142,16.0000,1.4257,0.8541,5.1394,0.4394,0.3593,0.2013,0.7942,0.2108,3.8545,0.9637,0.4554
4,3,603,604,2,2,2,0.5000,603.741,598.481,833.222,8.6726,14.0000,1.0370,0.9110,4.4969,0.5916,0.1015,0.3069,0.5000,0.5000,4.8181,1.2848,0.7778
10,3,610,613,4,4,2,0.3125,611.238,348.619,751.257,10.6641,16.0000,1.5238,0.7114,5.1387,0.6584,0.0936,0.2479,0.7598,0.1015,3.5328,0.9635,0.4286
3,3,610,611,2,1,2,0.7500,610.638,661.000,1148.681,8.7152,17.0000,1.0851,0.7136,5.4600,0.5333,0.2667,0.2000,0.7071,0.0000,5.1387,1.2847,1.0000
6,3,611,613,3,2,1,1.0000,611.944,995.417,606.000,9.4404,16.0000,1.3333,0.4204,5.1387,0.5556,0.3333,0.1111,1.0000,0.0000,4.3357,0.8029,0.6250
10,3,612,614,3,3,2,0.5556,612.906,605.103,675.205,11.8826,20.0000,1.7094,0.2479,6.4233,0.2985,0.4140,0.2874,0.8719,0.2325,3.5328,1.6058,0.4359
11,3,612,614,3,3,3,0.4074,612.878,730.561,1274.301,11.9106,19.0000,1.6992,0.5460,6.1021,0.1083,0.2820,0.6098,0.1939,0.3529,3.8540,1.2847,0.3902
5,3,629,631,3,2,1,0.8333,630.314,547.600,1196.000,10.0521,17.0000,1.2143,0.5087,5.4587,0.5854,0.2927,0.1220,0.9487,0.0000,5.1376,1.2844,0.7000
4,3,641,643,3,2,1,0.6667,641.898,897.407,1184.000,9.4708,19.0000,1.2881,0.4193,6.0998,0.7576,0.1294,0.1129,0.8507,0.0000,5.1367,0.8026,0.8305
6,4,646,648,3,2,1,1.0000,647.013,761.557,457.000,10.3531,16.0000,1.2152,0.5571,5.1362,0.5556,0.3333,0.1111,1.0000,0.0000,4.8152,1.2840,0.7595
6,3,647,649,3,2,2,0.5000,647.597,530.883,966.662,10.0909,17.0000,1.3247,0.6961,5.4572,0.5034,0.2551,0.2415,0.9677,0.2521,4.8150,1.9261,0.6104
7,3,657,659,3,3,2,0.3889,657.707,528.671,1125.793,9.9462,18.0000,1.5366,0.8073,5.7766,0.2843,0.4935,0.2222,0.0803,0.1628,3.8510,0.6418,0.5610
6,3,659,661,3,2,2,0.5000,660.395,852.658,522.895,9.9562,17.0000,1.3421,0.7032,5.4550,0.5034,0.2551,0.2415,0.9677,0.2521,4.8133,1.2836,0.6184
5,4,678,680,3,1,2,0.8333,679.260,406.000,787.416,11.0420,18.0000,1.1688,0.6395,5.7719,0.5854,0.2927,0.1220,0.9487,0.0000,6.0923,1.2827,0.8571
13,3,678,681,4,2,4,0.4062,679.891,844.601,910.355,12.2726,14.0000,1.3188,0.7068,4.4891,0.6395,0.1143,0.2462,0.7882,0.0402,3.5270,0.6413,0.3043
10,3,680,683,4,3,4,0.2083,681.284,399.606,987.239,11.0518,15.0000,1.3761,0.7102,4.8095,0.7061,0.1818,0.1121,0.7573,0.6509,3.6871,0.6413,0.3945
5,3,681,683,3,1,2,0.8333,682.288,597.000,707.333,9.4634,17.0000,1.2879,0.4404,5.4506,0.5854,0.2927,0.1220,0.9487,0.0000,4.8091,0.9619,0.7121
8,3,687,689,3,2,3,0.4444,687.969,495.784,995.371,10.9930,18.0000,1.4845,0.4308,5.7698,0.6709,0.1342,0.1949,0.7372,0.1788,4.0069,1.2821,0.4845
7,3,691,693,3,3,3,0.2593,691.646,887.241,912.810,9.5698,16.0000,1.4177,1.0634,5.1281,0.7585,0.0940,0.1475,0.5873,0.4254,3.5253,0.9615,0.5570
5,3,694,695,2,2,2,0.6250,694.532,732.161,1041.452,8.8855,15.0000,1.2097,0.7164,4.8070,0.3432,0.2505,0.4063,0.6059,0.3645,4.9670,1.7625,0.6935
5,3,696,698,3,2,1,0.8333,697.265,456.647,684.000,9.7444,20.0000,1.4706,0.4412,6.4086,0.5854,0.2927,0.1220,0.9487,0.0000,5.1269,1.2817,0.7353
3,3,696,697,2,2,1,0.7500,696.311,645.644,876.000,8.3253,16.0000,1.0667,0.7156,5.1271,0.5333,0.2667,0.2000,0.7071,0.0000,5.1271,1.2818,1.0000
13,3,702,705,4,2,4,0.4062,703.376,543.766,618.553,12.5280,15.0000,1.3830,0.9631,4.8054,0.6431,0.2327,0.1242,0.7417,0.1904,3.5240,1.2814,0.3050
5,3,714,716,3,1,2,0.8333,714.781,618.000,792.469,9.1657,17.0000,1.3281,0.5173,5.4440,0.5854,0.2927,0.1220,0.9487,0.0000,5.4440,1.6011,0.7344
6,3,715,717,3,2,2,0.5000,716.247,674.110,1060.767,9.5433,19.0000,1.5616,0.3564,6.0843,0.5034,0.2551,0.2415,0.9677,0.2521,4.0029,1.4410,0.6575
6,3,733,736,4,2,2,0.3750,734.688,528.896,1139.143,10.0607,18.0000,1.4026,0.7106,5.7610,0.8087,0.0589,0.1324,0.9827,0.1690,4.3207,1.2802,0.6104
8,3,777,780,4,2,3,0.3333,778.297,482.242,956.088,10.2813,16.0000,1.4066,0.7489,5.1128,0.5572,0.2232,0.2196,0.9806,0.0262,3.8348,0.9587,0.4945
5,3,778,780,3,1,2,0.8333,779.254,574.000,1079.627,8.4315,15.0000,1.2712,0.8338,4.7931,0.5854,0.2927,0.1220,0.9487,0.0000,4.7932,1.1184,0.7288
7,3,778,781,4,3,2,0.2917,779.303,591.197,926.895,9.1791,15.0000,1.3816,0.7324,4.7931,0.8404,0.0680,0.0916,0.8948,0.3366,3.1953,1.2781,0.5658
7,3,782,784,3,2,4,0.2917,783.266,542.215,1002.633,9.5403,14.0000,1.2405,1.3354,4.4733,0.7983,0.1032,0.0985,0.6586,0.1459,4.1536,1.2780,0.5316
5,3,796,798,3,1,2,0.8333,796.831,1197.000,818.292,9.2853,17.0000,1.3077,0.3378,5.4302,0.5854,0.2927,0.1220,0.9487,0.0000,4.7913,1.5971,0.7077
5,3,805,806,2,3,1,0.8333,805.591,586.727,791.000,9.4278,17.0000,1.2879,0.4917,5.4300,0.5854,0.2927,0.1220,0.3162,0.0000,4.7912,0.9582,0.6970
8,3,810,812,3,2,2,0.6667,810.947,725.787,1016.670,10.6157,18.0000,1.5319,0.3961,5.7496,0.4961,0.2369,0.2670,0.9586,0.0986,3.6733,1.2777,0.5000
4,3,811,813,3,1,2,0.6667,811.820,463.000,896.180,9.7425,18.0000,1.1803,0.2550,5.7497,0.7500,0.1500,0.1000,0.9487,0.0000,5.4302,0.9583,0.8197
3,3,831,833,3,1,1,1.0000,832.000,625.000,1043.000,7.9332,15.0000,1.0465,0.0000,4.7933,0.8889,0.0000,0.1111,1.0000,0.0000,5.1129,0.9587,1.0000
4,3,832,833,2,2,1,1.0000,832.531,653.391,886.000,10.2258,20.0000,1.2500,0.6102,6.3912,0.0000,0.7500,0.2500,1.0000,0.0000,5.9118,1.2782,0.8281
5,3,832,833,2,1,3,0.8333,832.571,1088.000,708.257,10.0037,17.0000,1.2143,0.6266,5.4325,0.5854,0.2927,0.1220,0.3162,0.0000,5.1129,2.0771,0.6857
5,3,834,836,3,2,1,0.8333,835.303,593.394,506.000,9.4327,17.0000,1.2879,0.8006,5.4329,0.5854,0.2927,0.1220,0.9487,0.0000,5.4328,1.9175,0.7121
7,3,836,838,3,2,3,0.3889,837.298,493.786,1188.440,10.1468,18.0000,1.5000,0.6690,5.7527,0.6470,0.1845,0.1685,0.6530,0.4508,3.5156,1.1186,0.5833
8,3,837,839,3,2,2,0.6667,837.842,464.474,870.716,10.7346,20.0000,1.6842,0.6186,6.3920,0.4804,0.1508,0.3688,0.9721,0.0163,3.6755,1.2784,0.5474
6,3,841,842,2,2,3,0.5000,841.478,841.246,1088.043,9.0037,14.0000,1.2174,0.5397,4.4749,0.6731,0.1679,0.1590,0.4848,0.8746,4.1552,1.5981,0.6087
4,3,843,844,2,1,2,1.0000,843.491,473.000,790.473,8.7902,15.0000,1.0909,0.6947,4.7947,0.0000,0.7500,0.2500,0.0000,0.0000,5.1142,1.9178,0.7818
3,3,851,852,2,2,1,0.7500,851.311,281.311,630.000,8.3061,17.0000,1.1333,0.4400,5.4349,0.5333,0.2667,0.2000,0.7071,0.0000,4.7956,0.9591,1.0000
10,3,853,856,4,2,3,0.4167,854.450,618.153,872.135,11.2227,17.0000,1.5315,0.5863,5.4354,0.5988,0.2005,0.2007,0.8685,0.1174,3.6768,1.2789,0.4144
15,3,859,863,5,4,3,0.2500,861.727,682.291,1060.273,13.6229,16.0000,1.4545,0.8072,5.1163,0.4689,0.3103,0.2208,0.7817,0.5420,3.8372,1.2790,0.2667
6,5,860,862,3,2,2,0.5000,860.829,717.902,1072.561,10.7044,16.0000,1.1707,0.4811,5.1162,0.3810,0.3333,0.2857,0.9487,0.1690,4.9563,0.9593,0.9024
5,3,861,863,3,2,2,0.4167,862.081,274.548,451.129,8.8663,15.0000,1.2097,0.4766,4.7965,0.7729,0.0435,0.1836,0.8328,0.5477,4.7964,1.2791,0.6935
5,3,861,862,2,1,3,0.8333,861.646,660.000,1178.708,9.2952,17.0000,1.3077,0.4590,5.4360,0.5854,0.2927,0.1220,0.3162,0.0000,4.7964,0.9593,0.7077
9,3,865,866,2,3,2,0.7500,865.570,592.916,416.421,11.4056,18.0000,1.5140,0.7134,5.7561,0.3478,0.2899,0.3623,0.1231,0.6963,3.5176,1.2791,0.4486
6,3,870,872,3,2,2,0.5000,871.370,456.123,1154.580,10.5754,17.0000,1.2593,0.6994,5.4368,0.5034,0.2551,0.2415,0.9677,0.2521,4.9570,1.5990,0.5926
3,3,874,876,3,1,1,1.0000,875.000,241.000,597.000,8.3091,17.0000,1.1333,0.0000,5.4369,0.8889,0.0000,0.1111,1.0000,0.0000,5.1171,1.4392,1.0000
4,3,874,875,2,2,2,0.5000,874.706,487.431,677.843,8.1554,15.0000,1.1765,0.8420,4.7972,0.5916,0.1015,0.3069,0.5000,0.5000,4.7973,1.5991,0.8431
5,3,889,891,3,1,2,0.8333,889.812,793.000,998.547,9.1541,15.0000,1.1719,0.9794,4.7975,0.5854,0.2927,0.1220,0.9487,0.0000,4.7975,1.2793,0.6719
6,3,891,892,2,1,3,1.0000,891.441,473.000,782.147,8.8787,14.0000,1.2353,0.4650,4.4776,0.5556,0.3333,0.1111,0.0000,0.0000,4.1578,1.4392,0.6176
8,3,897,899,3,3,2,0.4444,898.021,727.344,930.115,10.8548,17.0000,1.4167,0.3629,5.4368,0.0000,0.6964,0.3036,1.0000,0.0000,4.3175,1.2793,0.4688
16,3,899,903,5,4,3,0.2667,900.870,446.095,794.036,13.5116,17.0000,1.6095,1.4485,5.4366,0.3610,0.4492,0.1898,0.8006,0.2023,3.5178,1.2792,0.2663
5,3,903,905,3,1,2,0.8333,904.246,559.000,390.508,9.2958,17.0000,1.3077,0.9089,5.4363,0.5854,0.2927,0.1220,0.9487,0.0000,5.1166,1.5989,0.7077
6,3,913,914,2,1,3,1.0000,913.493,899.000,932.147,9.7896,15.0000,1.2000,0.5147,4.7960,0.5556,0.3333,0.1111,0.0000,0.0000,4.7959,1.2789,0.6000
7,3,932,934,3,2,2,0.5833,933.120,586.590,1045.386,10.0250,14.0000,1.1807,0.7153,4.4739,0.5352,0.1763,0.2885,0.8018,0.5745,4.4738,1.4380,0.5060
10,3,938,940,3,3,3,0.3704,939.289,798.132,854.939,11.5183,17.0000,1.4912,0.7252,5.4315,0.3928,0.2169,0.3902,0.7529,0.3160,3.9939,1.9170,0.4035
5,3,940,941,2,2,2,0.6250,940.452,249.548,747.129,8.8588,14.0000,1.1290,0.7220,4.4730,0.3432,0.2505,0.4063,0.6059,0.3645,4.7924,0.9585,0.6774
6,3,940,941,2,3,2,0.5000,940.438,450.603,997.137,9.5217,16.0000,1.3151,0.6072,5.1120,0.6373,0.1269,0.2358,0.4046,0.4063,4.4730,1.7572,0.6164
5,3,942,943,2,2,2,0.6250,942.561,845.152,689.394,9.4299,15.0000,1.1364,0.7017,4.7923,0.3432,0.2505,0.4063,0.6059,0.3645,4.1533,1.4377,0.6667
6,3,944,946,3,1,3,0.6667,945.296,747.000,1075.901,9.2598,14.0000,1.1831,1.2995,4.4726,0.2083,0.6667,0.1250,0.8944,0.0000,4.3126,0.3195,0.5915
9,3,947,949,3,2,2,0.7500,948.157,723.716,897.539,10.8610,17.0000,1.5000,1.2773,5.4306,0.5373,0.1435,0.3192,0.9487,0.2905,3.5139,0.9583,0.4608
7,3,948,950,3,2,2,0.5833,948.619,876.631,535.762,10.1418,15.0000,1.2500,0.5814,4.7915,0.5694,0.1270,0.3036,0.8963,0.4170,4.1527,0.9584,0.5119
8,3,950,953,4,2,2,0.5000,951.333,448.667,853.635,10.8415,15.0000,1.2500,0.7912,4.7913,0.6556,0.1306,0.2138,0.9180,0.3925,4.3122,1.2777,0.4479
10,4,950,953,4,2,3,0.4167,951.675,1107.683,640.358,12.4241,17.0000,1.3821,0.8270,5.4302,0.6944,0.0954,0.2102,0.8451,0.3179,4.3121,1.2777,0.5041
14,3,961,964,4,4,3,0.2917,961.677,447.110,693.155,13.2298,16.0000,1.4452,0.7035,5.1099,0.6202,0.1606,0.2192,0.6025,0.5884,3.6727,0.9581,0.3032
8,3,968,970,3,4,2,0.3333,968.979,511.691,931.309,10.9514,15.0000,1.2371,0.7571,4.7900,0.8478,0.0220,0.1301,0.5548,0.2285,4.1513,1.2774,0.4639
5,3,970,972,3,2,2,0.4167,971.224,927.119,946.791,9.5680,18.0000,1.3433,0.3287,5.7478,0.6489,0.0995,0.2515,0.9362,0.2726,4.7899,1.4370,0.7313
4,3,985,986,2,2,1,1.0000,985.509,251.509,953.000,9.0993,15.0000,1.0526,0.7072,4.7892,0.0000,0.7500,0.2500,1.0000,0.0000,4.3102,0.9578,0.7719
4,3,988,991,4,1,1,1.0000,989.255,429.000,1035.000,8.7797,17.0000,1.2364,0.2545,5.4275,0.9375,0.0000,0.0625,1.0000,0.0000,5.1082,0.0000,0.8545
7,3,994,996,3,4,2,0.2917,994.848,661.962,493.899,9.5323,15.0000,1.3291,1.0539,4.7886,0.6940,0.1884,0.1177,0.3312,0.3121,4.1502,1.5962,0.5443
8,3,997,1000,4,2,2,0.5000,998.375,319.083,832.635,10.8349,18.0000,1.5000,0.5296,5.7461,0.7266,0.1136,0.1597,0.9790,0.0404,3.9904,1.5961,0.5104
4,3,1007,1009,3,1,2,0.6667,1007.827,423.000,847.846,8.2987,15.0000,1.1538,0.8411,4.7878,0.7500,0.1500,0.1000,0.9487,0.0000,4.9473,0.9575,0.8462
6,3,1012,1014,3,2,3,0.3333,1012.926,564.132,686.426,8.8600,14.0000,1.2353,1.0976,4.4682,0.5367,0.2153,0.2481,0.4430,0.2219,4.3086,1.5958,0.6176
10,5,1021,1023,3,3,2,0.5556,1021.814,409.856,646.458,11.9072,18.0000,1.5254,0.5147,5.7438,0.2859,0.3374,0.3766,0.9883,0.1465,4.1483,1.7550,0.6356
3,3,1022,1024,3,1,1,1.0000,1023.022,650.000,770.000,8.2902,16.0000,1.0667,0.0222,5.1055,0.8889,0.0000,0.1111,1.0000,0.0000,5.2649,1.9145,1.0000
7,3,1030,1033,4,2,2,0.4375,1031.494,744.640,881.112,10.7319,22.0000,1.7303,0.6305,7.0186,0.6625,0.1752,0.1623,0.9597,0.1934,3.6689,1.5952,0.5730
6,3,1032,1034,3,1,3,0.6667,1033.411,495.000,1013.808,9.5075,17.0000,1.3973,0.6195,5.4233,0.2083,0.6667,0.1250,0.8944,0.0000,4.1473,0.0000,0.6164
5,3,1037,1038,2,2,2,0.6250,1037.400,316.493,832.840,10.6992,21.0000,1.4000,0.8014,6.6987,0.3432,0.2505,0.4063,0.6059,0.3645,5.7419,0.6380,0.7200
6,3,1037,1039,3,3,1,0.6667,1037.653,654.613,802.000,9.7670,16.0000,1.2800,0.5193,5.1038,0.6061,0.3030,0.0909,0.7071,0.0000,4.4659,0.6380,0.6000
7,3,1038,1040,3,2,2,0.5833,1038.897,710.908,626.575,10.4889,21.0000,1.6897,0.4472,6.6985,0.4600,0.2645,0.2756,1.0000,0.0000,3.5089,1.1164,0.5747
4,3,1039,1041,3,2,1,0.6667,1039.615,300.712,812.000,8.2933,15.0000,1.1538,0.9407,4.7847,0.7500,0.1500,0.1000,0.9487,0.0000,4.7846,0.9569,0.8269
8,3,1040,1042,3,3,2,0.4444,1041.057,672.227,905.682,9.9237,15.0000,1.3636,0.3951,4.7844,0.4055,0.1472,0.4473,0.8560,0.1892,3.6681,1.1164,0.4886
5,3,1046,1047,2,3,1,0.8333,1046.485,101.758,664.000,9.4132,16.0000,1.2121,0.9161,5.1026,0.5854,0.2927,0.1220,0.3162,0.0000,4.7838,0.7973,0.6970
8,3,1054,1057,4,2,2,0.5000,1055.667,855.828,825.548,10.4836,15.0000,1.2903,0.8234,4.7827,0.6677,0.1809,0.1515,0.9493,0.1029,4.3045,1.5942,0.4731
6,4,1056,1057,2,2,2,0.7500,1056.512,767.305,559.305,10.6734,17.0000,1.2439,0.6510,5.4201,0.2000,0.3333,0.4667,0.0000,0.0000,5.1013,1.2753,0.7317
5,3,1059,1061,3,2,1,0.8333,1060.267,321.600,625.000,8.5543,14.0000,1.1667,0.6566,4.4632,0.5854,0.2927,0.1220,0.9487,0.0000,4.7819,0.6376,0.7000
7,3,1061,1063,3,2,2,0.5833,1061.830,407.432,1028.091,10.6031,15.0000,1.1932,0.9396,4.7819,0.5916,0.2044,0.2040,0.9664,0.1591,4.7817,0.9564,0.6591
4,3,1063,1064,2,1,3,0.6667,1063.451,466.000,925.882,8.1287,15.0000,1.1765,0.5615,4.7815,0.7576,0.1294,0.1129,0.5257,0.0000,4.7816,0.6375,0.8431
4,3,1073,1074,2,2,1,1.0000,1073.453,241.472,783.000,8.4450,15.0000,1.1321,0.6958,4.7803,0.0000,0.7500,0.2500,1.0000,0.0000,4.7802,1.2747,0.8113
5,3,1074,1076,3,3,1,0.5556,1075.475,530.541,875.000,8.6931,15.0000,1.2295,0.6971,4.7798,0.6646,0.2585,0.0769,0.7071,0.0000,4.9392,1.2746,0.7049
3,3,1075,1076,2,2,1,0.7500,1075.333,467.292,880.000,8.8310,18.0000,1.1250,0.4429,5.7360,0.5333,0.2667,0.2000,0.7071,0.0000,5.4172,1.5933,1.0000
10,3,1079,1081,3,2,3,0.5556,1080.436,676.444,1065.017,11.7883,16.0000,1.3675,1.2173,5.0977,0.1247,0.5395,0.3358,0.1207,0.3549,4.6199,1.5930,0.3761
6,3,1080,1081,2,3,2,0.5000,1080.467,398.693,424.893,9.7555,16.0000,1.2800,0.8425,5.0979,0.3810,0.3333,0.2857,0.3162,0.5071,4.6198,1.2745,0.6267
7,3,1081,1084,4,2,2,0.4375,1082.588,466.587,913.788,9.6333,14.0000,1.2250,0.7486,4.4604,0.8216,0.0838,0.0946,0.9415,0.3322,4.1418,1.2744,0.5250
8,3,1089,1090,2,3,2,0.6667,1089.576,308.000,484.388,9.5723,14.0000,1.3176,0.6950,4.4594,0.5524,0.0893,0.3583,0.3251,0.6280,3.6630,1.5925,0.4941
7,3,1109,1111,3,2,3,0.3889,1109.852,605.889,1086.765,9.7452,16.0000,1.3827,0.7875,5.0930,0.6107,0.2231,0.1662,0.8599,0.3065,4.1379,1.2733,0.5556
13,3,1112,1115,4,4,3,0.2708,1113.580,368.594,514.645,12.1817,16.0000,1.5072,1.7539,5.0926,0.7253,0.0855,0.1892,0.7051,0.2378,3.8190,0.9548,0.3261
9,3,1119,1122,4,3,2,0.3750,1120.362,344.819,1086.371,11.1370,17.0000,1.4571,0.5493,5.4095,0.6444,0.2413,0.1143,0.9385,0.3440,3.5003,1.2728,0.4571
5,3,1145,1147,3,3,1,0.5556,1146.507,377.060,435.000,9.5261,19.0000,1.4179,0.4961,6.0405,0.3318,0.5530,0.1152,1.0000,0.0000,4.7689,1.4306,0.7164
7,3,1145,1147,3,2,2,0.5833,1146.216,472.307,937.193,10.5746,19.0000,1.5114,0.4220,6.0407,0.5694,0.1791,0.2515,0.9716,0.0838,4.1331,1.2717,0.5455
3,3,1145,1147,3,1,1,1.0000,1146.000,739.000,1039.000,8.2601,17.0000,1.1333,0.0000,5.4048,0.8889,0.0000,0.1111,1.0000,0.0000,5.0870,2.2255,1.0000
7,3,1146,1147,2,3,2,0.5833,1146.386,791.145,572.795,9.9737,16.0000,1.3494,0.4599,5.0869,0.3883,0.1309,0.4808,0.3626,0.5691,4.1331,1.5896,0.5301
6,3,1160,1162,3,1,2,1.0000,1161.088,786.000,296.512,10.3790,17.0000,1.2750,0.4953,5.4025,0.5556,0.3333,0.1111,1.0000,0.0000,4.6079,0.9534,0.6000
7,3,1169,1172,4,2,2,0.4375,1170.768,426.622,997.866,9.8470,18.0000,1.5366,0.4633,5.7188,0.7406,0.0824,0.1770,0.9316,0.0988,3.8126,0.9532,0.5610
10,4,1180,1182,3,2,3,0.5556,1180.893,369.656,646.959,12.2549,18.0000,1.4754,0.3627,5.7177,0.5598,0.1139,0.3263,0.8129,0.0164,4.4471,1.2706,0.5082
7,3,1185,1187,3,2,3,0.3889,1185.707,707.902,479.707,9.8443,18.0000,1.5366,1.0050,5.7174,0.4000,0.4045,0.1955,0.0440,0.0753,4.1291,0.9529,0.5610
8,3,1197,1199,3,2,3,0.4444,1197.768,277.642,755.768,10.6675,18.0000,1.5158,0.8787,5.7168,0.3811,0.2501,0.3687,0.6285,0.5748,3.6524,0.9528,0.4842
5,3,1204,1206,3,1,2,0.8333,1205.203,477.000,793.359,9.0905,17.0000,1.3281,0.4128,5.3993,0.5854,0.2927,0.1220,0.9487,0.0000,5.0817,1.1116,0.7031
6,3,1208,1209,2,1,3,1.0000,1208.566,362.000,834.066,9.8546,17.0000,1.3421,0.4392,5.3995,0.5556,0.3333,0.1111,0.0000,0.0000,4.4466,2.2233,0.6053
10,3,1220,1222,3,3,3,0.3704,1220.735,896.231,755.427,11.7532,17.0000,1.4530,0.5532,5.4003,0.4368,0.3641,0.1991,0.6182,0.7529,3.8120,1.9060,0.4017
4,3,1224,1226,3,2,1,0.6667,1225.170,213.849,621.000,8.4187,16.0000,1.2075,0.2272,5.0829,0.7500,0.1500,0.1000,0.9487,0.0000,4.9241,1.5884,0.8491
6,3,1226,1228,3,2,2,0.5000,1226.800,695.893,430.680,9.7273,18.0000,1.4400,0.3921,5.7185,0.5230,0.1584,0.3185,0.9225,0.0898,4.1300,1.5885,0.6267
10,3,1230,1232,3,3,3,0.3704,1231.128,419.607,743.838,11.7548,17.0000,1.4530,0.4443,5.4011,0.4038,0.3090,0.2873,0.8952,0.4135,4.1303,1.1120,0.4017
8,5,1231,1233,3,2,3,0.4444,1232.065,800.315,269.824,12.1315,20.0000,1.4815,0.3664,6.3543,0.4643,0.2762,0.2595,0.7284,0.0993,4.7657,1.4297,0.7130
11,3,1235,1238,4,4,2,0.3438,1236.489,266.964,813.058,13.3160,24.0000,1.8993,0.5153,7.6255,0.7089,0.2116,0.0795,0.8397,0.1605,3.4950,0.6355,0.4532
6,3,1244,1246,3,2,2,0.5000,1245.352,471.479,660.887,9.2098,15.0000,1.2676,0.6050,4.7660,0.6373,0.1269,0.2358,0.8795,0.0724,4.6072,1.1121,0.6197
6,3,1245,1246,2,2,2,0.7500,1245.473,734.770,400.365,9.5989,16.0000,1.2973,0.6400,5.0838,0.2000,0.3333,0.4667,0.0000,0.0000,4.9249,1.4298,0.5946
5,3,1248,1250,3,1,2,0.8333,1248.750,476.000,859.516,9.0940,16.0000,1.2500,0.9101,5.0837,0.5854,0.2927,0.1220,0.9487,0.0000,4.4482,1.2709,0.7188
9,3,1253,1255,3,3,2,0.5000,1253.556,375.954,659.602,11.4378,18.0000,1.5000,0.6851,5.7189,0.2275,0.5166,0.2558,0.2635,0.1749,3.4949,1.5886,0.4444
3,3,1257,1259,3,1,1,1.0000,1258.022,678.000,1086.000,8.4374,17.0000,1.1087,0.0217,5.4008,0.8889,0.0000,0.1111,1.0000,0.0000,5.0830,0.6354,1.0000
6,3,1268,1269,2,3,1,1.0000,1268.519,246.924,1032.000,10.2436,18.0000,1.3671,0.4870,5.7170,0.5556,0.3333,0.1111,0.0000,0.0000,4.4466,1.5880,0.5949
6,3,1271,1273,3,1,2,1.0000,1272.117,944.000,586.506,9.9833,16.0000,1.2468,0.5072,5.0814,0.5556,0.3333,0.1111,1.0000,0.0000,4.6049,1.5879,0.5844
8,3,1272,1274,3,2,2,0.6667,1273.178,783.189,628.456,10.1051,18.0000,1.6000,0.5242,5.7164,0.5487,0.1069,0.3444,0.9672,0.2262,3.1758,0.9527,0.5222
6,3,1275,1277,3,2,2,0.5000,1275.600,1048.114,592.643,9.0748,15.0000,1.2857,0.5483,4.7632,0.5034,0.2551,0.2415,0.9677,0.2521,4.6045,1.5877,0.6143
13,3,1283,1285,3,3,5,0.2889,1283.957,618.128,317.504,12.4152,17.0000,1.5674,0.5144,5.3970,0.8164,0.0950,0.0887,0.0904,0.4813,3.4922,1.5873,0.3404
6,3,1284,1286,3,2,2,0.5000,1284.733,523.667,722.107,9.7204,16.0000,1.2800,0.7259,5.0794,0.5034,0.2551,0.2415,0.9677,0.2521,4.7619,0.9524,0.6133
8,3,1288,1290,3,3,3,0.2963,1289.426,689.149,931.213,10.5494,17.0000,1.4468,0.6304,5.3962,0.6319,0.0452,0.3229,0.6617,0.6288,4.1265,1.2698,0.4894
7,3,1288,1290,3,2,3,0.3889,1289.025,760.500,457.450,9.5982,16.0000,1.4000,0.6731,5.0789,0.4756,0.1856,0.3387,0.0000,0.0000,3.4917,0.9523,0.5500
5,3,1307,1308,2,3,2,0.4167,1307.541,299.082,527.131,8.6569,14.0000,1.1475,1.2168,4.4427,0.7729,0.0435,0.1836,0.4781,0.7852,4.7600,1.2693,0.6885
7,4,1311,1314,4,2,2,0.4375,1312.975,624.099,981.370,9.7151,14.0000,1.2099,1.0479,4.4426,0.8025,0.0737,0.1238,0.9492,0.0000,4.7599,1.2693,0.6914
7,3,1313,1314,2,2,3,0.5833,1313.612,399.900,509.200,9.5951,17.0000,1.4875,0.8945,5.3946,0.5916,0.2044,0.2040,0.1485,0.2953,3.4906,1.2693,0.5625
5,3,1314,1316,3,1,2,0.8333,1315.087,485.000,540.667,9.7921,17.0000,1.2319,0.3445,5.3946,0.5854,0.2927,0.1220,0.9487,0.0000,5.0773,0.9520,0.6812
7,3,1319,1321,3,2,2,0.5833,1320.148,329.531,766.099,9.7152,15.0000,1.2963,0.5018,4.7600,0.5916,0.2044,0.2040,0.9664,0.1591,3.4907,0.9520,0.5309
8,3,1331,1333,3,2,2,0.6667,1332.261,385.670,748.500,9.8736,14.0000,1.2727,0.6534,4.4429,0.4396,0.1507,0.4097,0.8641,0.2943,3.1735,0.6347,0.4773
7,3,1338,1340,3,3,2,0.3889,1339.309,272.210,415.099,9.7158,15.0000,1.2963,0.3861,4.7603,0.1917,0.4720,0.3362,0.9296,0.1173,3.8082,0.3174,0.5432
5,3,1339,1341,3,2,2,0.4167,1340.062,800.125,467.609,9.0832,17.0000,1.3281,0.4149,5.3950,0.5461,0.2256,0.2283,0.8117,0.4177,4.7603,1.2694,0.7188
4,3,1341,1343,3,1,2,0.6667,1341.902,569.000,608.549,8.0925,14.0000,1.0980,1.0084,4.4430,0.7576,0.1294,0.1129,0.8507,0.0000,4.7603,0.9521,0.8235
5,3,1342,1343,2,1,4,0.6250,1342.153,416.000,461.729,8.3736,14.0000,1.1864,0.7446,4.4430,0.7911,0.1351,0.0737,0.0898,0.0000,4.7603,1.2694,0.7119
10,3,1342,1344,3,2,3,0.5556,1342.792,628.400,982.025,12.0427,18.0000,1.5000,0.4517,5.7124,0.2144,0.3927,0.3929,0.9531,0.1876,4.1256,1.2694,0.4250
4,3,1346,1348,3,2,1,0.6667,1347.130,582.167,418.000,8.5684,16.0000,1.1852,1.1419,5.0776,0.7500,0.1500,0.1000,0.9487,0.0000,4.9189,0.6347,0.8333
5,3,1347,1349,3,1,2,0.8333,1348.258,699.000,914.613,8.7992,15.0000,1.2097,0.8368,4.7602,0.5854,0.2927,0.1220,0.9487,0.0000,4.7602,1.2694,0.6935
10,3,1348,1350,3,3,3,0.3704,1349.157,327.243,517.826,11.5407,17.0000,1.4783,0.3377,5.3949,0.5168,0.1181,0.3651,0.7551,0.0778,3.8082,1.2694,0.4000
7,3,1350,1352,3,2,2,0.5833,1350.911,476.494,800.329,9.4756,15.0000,1.3291,0.5999,4.7601,0.5927,0.2184,0.1889,0.8630,0.4864,3.4908,1.5867,0.5570
7,3,1351,1354,4,2,2,0.4375,1352.513,516.885,819.282,9.3555,16.0000,1.4359,0.5746,5.0774,0.6673,0.1280,0.2047,0.9953,0.0695,3.1734,1.4280,0.5641
5,3,1353,1355,3,2,1,0.8333,1353.721,264.471,552.000,9.6503,18.0000,1.3235,0.8942,5.7121,0.5854,0.2927,0.1220,0.9487,0.0000,4.7600,1.1107,0.6912
10,3,1353,1355,3,2,3,0.5556,1353.938,563.589,679.884,11.2392,16.0000,1.4286,1.0301,5.0774,0.6507,0.0430,0.3062,0.7590,0.4344,3.4907,1.1107,0.4107
7,3,1355,1357,3,2,2,0.5833,1355.698,613.512,1029.209,10.3147,17.0000,1.3837,0.6301,5.3946,0.4600,0.2645,0.2756,0.8571,0.1000,3.8080,1.2693,0.5581
4,4,1359,1360,2,1,2,1.0000,1359.509,594.000,394.491,9.0434,15.0000,1.0526,0.6947,4.7596,0.0000,0.7500,0.2500,0.0000,0.0000,4.7597,1.4279,1.0000
4,3,1361,1362,2,2,1,1.0000,1361.509,229.491,611.000,8.7258,14.0000,1.0182,0.7072,4.4423,0.0000,0.7500,0.2500,1.0000,0.0000,4.7595,1.9038,0.7636
6,3,1369,1371,3,2,1,1.0000,1370.104,163.506,559.000,9.9728,16.0000,1.2468,0.5170,5.0760,0.5556,0.3333,0.1111,1.0000,0.0000,4.6000,0.9517,0.5974
9,3,1370,1372,3,3,3,0.3333,1370.630,437.690,767.170,10.5749,16.0000,1.4400,0.9497,5.0760,0.3590,0.1313,0.5098,0.7115,0.6654,3.4897,1.7448,0.4400
5,3,1371,1373,3,2,1,0.8333,1372.309,159.588,845.000,9.6473,17.0000,1.2500,0.8045,5.3929,0.5854,0.2927,0.1220,0.9487,0.0000,4.7585,0.3172,0.6765
4,3,1375,1376,2,3,1,0.6667,1375.537,376.093,623.000,8.5647,15.0000,1.1111,0.5450,4.7582,0.7576,0.1294,0.1129,0.5257,0.0000,4.9167,0.6344,0.8148
8,4,1375,1377,3,2,2,0.6667,1376.144,814.165,763.443,10.8785,17.0000,1.4021,0.4945,5.3925,0.5487,0.1069,0.3444,0.9672,0.2262,4.4408,1.2688,0.6289
8,3,1377,1379,3,2,2,0.6667,1378.260,345.380,693.170,11.2143,19.0000,1.5200,0.8491,6.0265,0.4961,0.2369,0.2670,0.9586,0.0986,3.8064,1.9031,0.5400
13,3,1377,1380,4,2,3,0.5417,1378.924,513.800,697.069,12.7558,16.0000,1.4345,0.9553,5.0749,0.5097,0.2876,0.2027,0.7716,0.0066,4.1233,1.7445,0.3172
9,3,1378,1381,4,2,3,0.3750,1379.556,493.602,342.065,11.4184,16.0000,1.3333,0.6002,5.0748,0.7547,0.1213,0.1240,0.9005,0.1518,4.1232,1.2687,0.4167
4,3,1383,1384,2,2,1,1.0000,1383.436,642.418,907.000,8.7215,17.0000,1.2364,0.6044,5.3915,0.0000,0.7500,0.2500,1.0000,0.0000,4.9158,1.7443,0.8364
4,4,1384,1386,3,1,2,0.6667,1385.000,431.000,676.509,9.0383,15.0000,1.0526,0.4912,4.7570,0.7576,0.1294,0.1129,0.8507,0.0000,4.7571,1.7442,1.0000
4,3,1387,1389,3,1,2,0.6667,1387.596,860.000,658.269,8.2449,15.0000,1.1538,0.6541,4.7567,0.7500,0.1500,0.1000,0.9487,0.0000,4.9152,1.5855,0.8462
4,3,1388,1390,3,2,1,0.6667,1388.709,558.255,834.000,8.7203,15.0000,1.0909,0.3866,4.7565,0.7500,0.1500,0.1000,0.9487,0.0000,4.7566,1.4270,0.7818
7,3,1395,1397,3,2,3,0.3889,1396.333,593.877,806.284,9.7061,17.0000,1.4691,0.7351,5.3895,0.2661,0.4704,0.2635,0.7252,0.2401,3.4873,0.6341,0.5802
4,3,1409,1410,2,2,1,1.0000,1409.534,444.517,518.000,9.1908,17.0000,1.1724,0.6706,5.3877,0.0000,0.7500,0.2500,1.0000,0.0000,4.7539,1.5846,0.7759
4,3,1410,1412,3,2,1,0.6667,1411.096,684.442,514.000,8.2397,15.0000,1.1538,0.4526,4.7537,0.7576,0.1294,0.1129,0.8507,0.0000,5.0705,1.5846,0.8269
7,4,1413,1415,3,3,1,0.7778,1414.242,412.232,490.000,11.3784,18.0000,1.3263,0.8057,5.7040,0.4747,0.4312,0.0941,0.5071,0.0000,5.0702,0.6338,0.6737
4,3,1415,1416,2,1,2,1.0000,1415.462,710.000,820.462,8.2388,14.0000,1.0769,0.6527,4.4363,0.0000,0.7500,0.2500,0.0000,0.0000,4.7532,1.2675,0.8077
10,3,1418,1421,4,2,4,0.3125,1419.236,297.491,482.936,11.0216,17.0000,1.5455,0.5649,5.3865,0.2927,0.5288,0.1785,0.6837,0.2322,3.6437,1.1090,0.4182
13,3,1418,1420,3,3,3,0.4815,1418.885,926.712,560.115,13.7091,16.0000,1.3333,0.3314,5.0696,0.4864,0.3154,0.1982,0.5015,0.4985,3.4853,0.6338,0.2885
5,3,1424,1426,3,1,3,0.5556,1424.967,453.000,311.100,8.5008,15.0000,1.2500,1.0382,4.7520,0.5532,0.3398,0.1070,0.8281,0.0000,4.7521,0.9504,0.7167
11,3,1428,1430,3,3,3,0.4074,1429.151,890.319,729.958,11.3659,15.0000,1.3866,0.3558,4.7517,0.4789,0.3589,0.1622,0.1892,0.0742,3.8013,1.9006,0.3697
5,3,1434,1436,3,3,1,0.5556,1435.016,374.422,403.000,9.0656,17.0000,1.3281,0.4222,5.3846,0.3318,0.5530,0.1152,0.0000,0.0000,4.7512,1.7421,0.7188
7,3,1435,1438,4,2,2,0.4375,1436.609,472.667,673.195,10.4150,22.0000,1.7701,0.7214,6.9681,0.6887,0.1889,0.1224,0.9307,0.0038,4.1175,1.4253,0.5747
9,3,1437,1439,3,3,2,0.5000,1437.614,903.832,542.723,10.6630,15.0000,1.3366,0.6943,4.7509,0.6283,0.1059,0.2658,0.6213,0.2147,3.8007,1.4252,0.4356
4,3,1439,1441,3,2,1,0.6667,1439.963,240.833,759.000,8.5511,16.0000,1.1852,0.9773,5.0674,0.5357,0.3214,0.1429,1.0000,0.0000,4.9089,1.2669,0.8333
9,3,1440,1442,3,3,4,0.2500,1440.853,356.118,410.176,10.7679,17.0000,1.5000,0.8448,5.3839,0.8590,0.0409,0.1002,0.5114,0.4075,3.8005,1.1084,0.4510
6,3,1443,1444,2,3,2,0.5000,1443.692,253.218,644.846,10.0844,19.0000,1.4615,0.4072,6.0170,0.5230,0.1584,0.3185,0.3667,0.5079,4.7503,1.7418,0.6154
6,3,1444,1446,3,1,2,1.0000,1444.842,742.000,121.526,9.8257,16.0000,1.2632,0.9931,5.0670,0.5556,0.3333,0.1111,1.0000,0.0000,4.4335,0.9500,0.5921
5,3,1444,1446,3,2,1,0.8333,1444.714,940.460,794.000,8.9224,15.0000,1.1905,0.6106,4.7502,0.5854,0.2927,0.1220,0.9487,0.0000,4.7502,1.2667,0.6825
11,3,1448,1451,4,4,3,0.2292,1449.826,422.788,593.826,12.6028,19.0000,1.5833,0.3251,6.0165,0.7441,0.1502,0.1057,0.6111,0.3083,3.7998,1.5833,0.3788
12,3,1459,1462,4,5,4,0.1500,1460.388,199.179,462.373,12.2474,16.0000,1.4328,2.0207,5.0658,0.9219,0.0078,0.0703,0.5126,0.6006,3.6411,0.9498,0.4478
5,3,1459,1460,2,2,2,0.6250,1459.621,199.517,577.138,8.2126,14.0000,1.2069,0.8196,4.4327,0.3432,0.2505,0.4063,0.6059,0.3645,4.7492,1.2665,0.7241
7,3,1459,1461,3,3,2,0.3889,1460.120,355.928,349.904,9.9326,17.0000,1.4337,0.9405,5.3825,0.7558,0.1056,0.1386,0.6480,0.2871,4.4326,1.4248,0.5542
7,3,1462,1464,3,3,1,0.7778,1462.977,215.291,728.000,10.2913,18.0000,1.4651,0.2916,5.6989,0.1247,0.7481,0.1273,1.0000,0.0000,4.1158,0.9498,0.5465
3,3,1465,1466,2,1,2,0.7500,1465.689,335.000,606.378,8.2254,17.0000,1.1333,0.6957,5.3821,0.5333,0.2667,0.2000,0.7071,0.0000,5.0656,1.2664,1.0000
11,3,1477,1479,3,2,4,0.4583,1478.102,707.492,380.059,11.2628,14.0000,1.3051,1.2078,4.4319,0.7271,0.0838,0.1891,0.6047,0.1355,3.4822,1.1080,0.3559
6,3,1478,1480,3,3,1,0.6667,1478.542,559.639,862.000,9.3050,16.0000,1.3333,0.6510,5.0650,0.6061,0.3030,0.0909,0.7071,0.0000,4.2736,1.2662,0.6250
5,3,1482,1483,2,2,2,0.6250,1482.619,401.476,228.730,8.9186,16.0000,1.2698,0.6669,5.0648,0.2938,0.4054,0.3007,0.0000,0.3029,5.3813,1.5828,0.7302
4,3,1483,1484,2,2,1,1.0000,1483.446,419.411,350.000,8.8634,17.0000,1.2143,0.6893,5.3813,0.0000,0.7500,0.2500,1.0000,0.0000,5.5396,1.1079,0.8571
7,3,1484,1485,2,3,3,0.3889,1484.310,752.345,499.750,10.0500,15.0000,1.2500,0.5268,4.7482,0.3215,0.3592,0.3193,0.3546,0.9240,4.4317,0.9496,0.5238
8,3,1484,1487,4,2,3,0.3333,1485.733,951.644,794.000,10.0723,18.0000,1.6000,0.4444,5.6977,0.5892,0.2243,0.1865,0.9800,0.0806,3.1654,1.4244,0.5556
4,3,1485,1486,2,1,2,1.0000,1485.451,384.000,475.549,8.0718,14.0000,1.0980,0.7105,4.4316,0.0000,0.7500,0.2500,0.0000,0.0000,4.9064,1.4244,0.8235
3,3,1485,1486,2,1,2,0.7500,1485.674,444.000,573.349,7.8585,15.0000,1.0465,0.7280,4.7481,0.5333,0.2667,0.2000,0.7071,0.0000,4.7482,1.2662,1.0000
5,3,1488,1490,3,2,1,0.8333,1488.712,381.621,517.000,9.3428,17.0000,1.2879,0.4758,5.3811,0.5854,0.2927,0.1220,0.9487,0.0000,4.7480,0.0000,0.7121
4,3,1490,1492,3,2,1,0.6667,1490.907,376.574,511.000,8.5462,17.0000,1.2593,0.4359,5.3810,0.7576,0.1294,0.1129,0.8507,0.0000,4.4314,0.9496,0.8333
5,3,1493,1495,3,1,2,0.8333,1494.125,509.000,740.319,10.1917,18.0000,1.2500,1.1695,5.6974,0.5854,0.2927,0.1220,0.9487,0.0000,5.3808,1.7408,0.6806
17,5,1497,1500,4,3,4,0.3542,1498.355,697.744,259.453,15.5829,22.0000,1.8424,0.7003,6.9631,0.2898,0.3096,0.4006,0.9622,0.0564,3.4815,1.4242,0.4286
5,3,1500,1501,2,2,2,0.6250,1500.429,496.614,511.857,9.9079,18.0000,1.2857,0.5940,5.6969,0.3432,0.2505,0.4063,0.6059,0.3645,5.0639,1.2660,0.6857
6,3,1501,1503,3,1,3,0.6667,1501.768,900.000,828.797,8.9153,15.0000,1.3043,0.7945,4.7474,0.4000,0.4800,0.1200,0.7071,0.0000,3.9561,1.5824,0.6232
4,3,1504,1505,2,1,2,1.0000,1504.463,595.000,485.537,8.5450,15.0000,1.1111,0.6547,4.7472,0.0000,0.7500,0.2500,0.0000,0.0000,4.7472,0.9494,0.7963
5,3,1507,1509,3,2,1,0.8333,1508.375,321.375,797.000,10.1900,20.0000,1.3889,0.7289,6.3293,0.5854,0.2927,0.1220,0.9487,0.0000,5.0634,0.6329,0.7222
6,3,1508,1509,2,3,2,0.5000,1508.348,556.710,596.870,8.9146,14.0000,1.2174,0.8014,4.4305,0.5230,0.1584,0.3185,0.3667,0.5079,4.4305,1.2659,0.6087
4,3,1514,1516,3,2,1,0.6667,1515.177,628.161,560.000,9.8096,21.0000,1.3548,0.2398,6.6452,0.7500,0.1500,0.1000,0.9487,0.0000,5.2212,1.5822,0.8387
7,3,1515,1517,3,3,2,0.3889,1515.583,933.929,586.667,10.0465,18.0000,1.5000,0.6756,5.6959,0.6788,0.0891,0.2320,0.7451,0.6669,4.2719,1.5821,0.5476
3,3,1516,1518,3,1,1,1.0000,1517.000,332.000,688.000,7.6730,14.0000,1.0000,1.0000,4.4301,0.8889,0.0000,0.1111,1.0000,0.0000,5.0629,1.7404,1.0000
8,3,1522,1525,4,3,2,0.3333,1523.441,929.989,855.602,10.4036,18.0000,1.5484,0.5939,5.6953,0.8684,0.0000,0.1316,0.9045,0.4013,3.4804,0.9492,0.5161
3,3,1523,1524,2,1,2,0.7500,1523.326,705.000,156.651,7.8551,15.0000,1.0465,0.7280,4.7461,0.5333,0.2667,0.2000,0.7071,0.0000,4.1133,0.6328,1.0000
3,3,1529,1531,3,1,1,1.0000,1529.981,917.000,429.000,9.6813,20.0000,1.1321,0.0189,6.3277,0.8889,0.0000,0.1111,1.0000,0.0000,5.6950,1.2655,1.0000
7,3,1533,1535,3,2,2,0.5833,1533.923,953.769,317.705,9.3272,14.0000,1.2564,0.9961,4.4293,0.6517,0.0773,0.2710,0.8881,0.0000,2.8474,1.2655,0.5385
6,3,1535,1537,3,2,2,0.5000,1535.780,831.890,349.463,10.5910,19.0000,1.3902,0.5244,6.0111,0.3810,0.3333,0.2857,0.9487,0.1690,5.0620,1.5819,0.6220
3,3,1537,1539,3,1,1,1.0000,1537.960,536.000,226.000,9.1328,18.0000,1.0800,0.0400,5.6947,0.8889,0.0000,0.1111,1.0000,0.0000,5.6947,1.8982,1.0000
5,3,1543,1544,2,2,2,0.6250,1543.569,392.123,533.585,9.1965,15.0000,1.1538,0.7153,4.7455,0.3432,0.2505,0.4063,0.6059,0.3645,5.0619,1.8982,0.6769
4,3,1543,1544,2,2,1,1.0000,1543.500,589.483,463.000,9.4911,17.0000,1.1333,0.6954,5.3783,0.0000,0.7500,0.2500,1.0000,0.0000,5.0619,0.9491,0.7833
5,3,1549,1551,3,2,2,0.4167,1550.063,210.143,729.524,8.9138,16.0000,1.2698,0.5466,5.0621,0.5461,0.2256,0.2283,0.8117,0.4177,4.7457,1.5819,0.6984
9,3,1554,1556,3,3,2,0.5000,1555.252,834.869,865.804,11.2848,16.0000,1.3458,0.9261,5.0623,0.5808,0.2190,0.2002,0.7542,0.1614,3.4804,1.4238,0.4299
9,3,1556,1558,3,3,3,0.3333,1557.000,341.243,758.845,10.8631,15.0000,1.3107,0.2882,4.7460,0.6735,0.0802,0.2463,0.5654,0.6451,4.1132,1.2656,0.4175
8,3,1560,1562,3,3,2,0.4444,1560.733,574.867,493.444,10.0684,15.0000,1.3333,0.6305,4.7463,0.4286,0.2283,0.3431,0.7636,0.4342,3.9552,1.2657,0.4778
5,3,1562,1564,3,2,1,0.8333,1563.061,133.379,511.000,9.3398,16.0000,1.2121,1.1262,5.0628,0.5854,0.2927,0.1220,0.9487,0.0000,5.0629,0.0000,0.6970
30,6,1575,1579,5,5,5,0.2400,1576.744,590.684,743.036,19.1854,24.0000,2.1687,0.7310,7.5964,0.2990,0.3797,0.3213,0.6387,0.7143,3.1652,0.9496,0.3253
6,3,1576,1579,4,2,2,0.3750,1577.514,442.200,654.271,9.0453,15.0000,1.2857,0.6149,4.7477,0.8076,0.0500,0.1424,0.9217,0.3087,3.6400,0.9495,0.6143
8,3,1582,1584,3,2,3,0.4444,1582.697,282.247,648.809,9.9606,16.0000,1.4382,0.4355,5.0648,0.2444,0.3475,0.4081,0.6838,0.1800,3.7986,1.2662,0.4944
6,3,1585,1586,2,3,3,0.3333,1585.671,514.400,470.343,9.0465,15.0000,1.2857,0.8534,4.7484,0.6803,0.1871,0.1326,0.3658,0.8503,4.4319,2.0576,0.6286
4,3,1586,1587,2,2,1,1.0000,1586.451,935.569,813.000,8.0724,15.0000,1.1765,0.6982,4.7485,0.0000,0.7500,0.2500,1.0000,0.0000,5.0650,1.5828,0.8431
10,3,1588,1591,4,3,2,0.4167,1589.325,405.684,674.282,11.7128,20.0000,1.7094,0.5339,6.3315,0.7739,0.0687,0.1574,0.8967,0.0709,3.7989,0.9497,0.4103
4,3,1590,1591,2,2,2,0.5000,1590.855,340.527,484.255,8.7059,18.0000,1.3091,0.6033,5.6984,0.5916,0.1015,0.3069,0.5000,0.5000,5.2236,2.2160,0.8545
8,3,1591,1593,3,1,3,0.8889,1591.945,788.000,220.231,10.1855,14.0000,1.2308,0.9728,4.4321,0.1687,0.7312,0.1000,1.0000,0.0000,3.6407,0.3166,0.4615
5,3,1595,1596,2,2,2,0.6250,1595.645,520.548,384.129,8.7781,18.0000,1.4516,0.5887,5.6986,0.3432,0.2505,0.4063,0.6059,0.3645,5.0654,1.5829,0.7419
3,3,1600,1602,3,1,1,1.0000,1600.933,704.000,373.000,8.2251,17.0000,1.1333,0.9333,5.3820,0.8889,0.0000,0.1111,1.0000,0.0000,5.0653,1.8995,1.0000
6,3,1603,1605,3,1,2,1.0000,1603.908,558.000,269.526,9.8224,17.0000,1.3421,0.4826,5.3818,0.5556,0.3333,0.1111,1.0000,0.0000,4.2738,0.6332,0.6053
11,3,1605,1606,2,4,2,0.6875,1605.444,540.410,988.684,11.1677,15.0000,1.4103,0.8033,4.7486,0.6117,0.0540,0.3343,0.1327,0.6118,3.4823,0.9497,0.3761
7,3,1609,1612,4,2,3,0.2917,1610.465,748.116,310.267,10.2895,19.0000,1.5465,0.9145,6.0145,0.8582,0.0069,0.1348,0.8724,0.4833,4.1151,0.6331,0.5465
10,3,1622,1625,4,2,2,0.6250,1624.000,985.573,787.369,10.3078,15.0000,1.4563,0.5644,4.7470,0.6412,0.1537,0.2051,0.9793,0.0047,3.0065,1.2659,0.4175
9,3,1625,1627,3,3,3,0.3333,1626.243,526.874,431.000,10.8648,16.0000,1.3981,0.2736,5.0632,0.2036,0.4314,0.3651,0.2372,0.3857,3.4810,1.4240,0.4369
10,3,1631,1634,4,2,2,0.6250,1632.382,626.382,417.855,11.0064,19.0000,1.7273,0.5592,6.0119,0.7245,0.1314,0.1441,0.9960,0.0427,3.3223,0.0000,0.4364
5,3,1633,1634,2,2,2,0.6250,1633.419,867.548,796.129,8.7731,14.0000,1.1290,0.7023,4.4297,0.3432,0.2505,0.4063,0.6059,0.3645,5.0625,1.5820,0.6774
3,3,1635,1636,2,1,2,0.7500,1635.319,725.000,505.319,8.5856,17.0000,1.0851,0.4513,5.3788,0.5333,0.2667,0.2000,0.7071,0.0000,4.4296,0.9492,1.0000
8,3,1640,1641,2,4,2,0.5000,1640.581,725.430,526.301,10.4026,17.0000,1.4624,0.8675,5.3784,0.6556,0.1306,0.2138,0.0133,0.1711,3.1638,0.9491,0.5054
5,3,1641,1642,2,2,3,0.4167,1641.603,749.857,478.063,8.9137,15.0000,1.1905,1.0271,4.7456,0.5461,0.2256,0.2283,0.5716,0.7118,5.0620,1.4237,0.6825
7,3,1643,1645,3,2,2,0.5833,1643.783,395.229,995.554,9.9249,16.0000,1.3494,0.6376,5.0619,0.3883,0.1309,0.4808,0.9235,0.3259,3.9546,1.2655,0.5422
5,3,1646,1647,2,2,2,0.6250,1646.460,560.413,359.873,8.9135,15.0000,1.1905,0.6912,4.7455,0.3432,0.2505,0.4063,0.6059,0.3645,5.0619,1.8982,0.6825
4,3,1659,1660,2,2,1,1.0000,1659.431,555.569,600.000,8.0686,15.0000,1.1765,0.6101,4.7462,0.0000,0.7500,0.2500,1.0000,0.0000,4.7463,1.4239,0.8431
4,3,1664,1666,3,2,1,0.6667,1664.929,970.446,790.000,8.8610,16.0000,1.1429,0.4521,5.0634,0.7576,0.1294,0.1129,0.8507,0.0000,5.2215,1.5823,0.8036
8,3,1666,1669,4,2,2,0.5000,1667.156,900.677,376.719,10.7419,17.0000,1.4167,0.4558,5.3802,0.7888,0.0442,0.1670,0.9171,0.1008,4.2725,1.7407,0.4688
7,3,1674,1676,3,3,2,0.3889,1675.058,598.884,630.709,10.2904,19.0000,1.5465,0.3184,6.0150,0.3994,0.3420,0.2586,0.5524,0.0967,3.7991,1.2663,0.5581
8,3,1675,1677,3,3,4,0.2222,1676.034,609.977,316.437,9.7381,16.0000,1.4713,0.5647,5.0654,0.6207,0.1829,0.1964,0.5995,0.6291,3.3241,1.5829,0.5057
8,3,1676,1678,3,2,3,0.4444,1676.979,764.094,368.802,10.7459,22.0000,1.8333,0.2200,6.9653,0.1021,0.5726,0.3253,1.0000,0.0000,3.1660,0.6332,0.5208
4,3,1685,1686,2,2,1,1.0000,1685.444,451.556,780.000,8.5514,15.0000,1.1111,0.7115,4.7509,0.0000,0.7500,0.2500,1.0000,0.0000,5.0674,1.5836,0.8333
14,4,1689,1692,4,4,2,0.4375,1690.842,737.848,600.608,14.4781,19.0000,1.5556,0.9474,6.0194,0.5287,0.3202,0.1511,0.5305,0.2443,3.1678,1.2671,0.4152
5,3,1696,1698,3,1,2,0.8333,1697.313,899.000,130.582,9.4950,15.0000,1.1194,0.5224,4.7534,0.5854,0.2927,0.1220,0.9487,0.0000,5.0701,1.2676,0.6716
11,3,1697,1699,3,4,2,0.4583,1697.837,411.504,462.447,11.7523,16.0000,1.4309,1.0710,5.0701,0.5254,0.2666,0.2080,0.4099,0.4113,4.1195,1.5845,0.3659
5,3,1698,1699,2,2,2,0.6250,1698.531,764.125,668.422,9.0703,15.0000,1.1719,0.6898,4.7534,0.3432,0.2505,0.4063,0.6059,0.3645,4.7536,0.9507,0.6875
9,3,1703,1705,3,4,2,0.3750,1704.348,718.652,565.732,11.8339,19.0000,1.5268,0.7860,6.0228,0.7647,0.0683,0.1670,0.5010,0.8602,3.8038,1.5849,0.4643
4,3,1718,1719,2,2,1,1.0000,1718.474,583.491,555.000,9.0388,16.0000,1.1228,0.6824,5.0743,0.0000,0.7500,0.2500,1.0000,0.0000,4.7573,0.3172,0.7719
4,3,1718,1719,2,2,2,0.5000,1718.731,984.154,564.731,8.2460,16.0000,1.2308,0.4107,5.0745,0.0000,0.5625,0.4375,0.4459,0.5774,5.0744,1.7443,0.8462
13,3,1721,1723,3,4,3,0.3611,1721.754,612.269,491.185,11.4364,17.0000,1.7000,0.8215,5.3921,0.5967,0.2360,0.1673,0.3974,0.2155,3.1720,1.2688,0.3538
7,3,1721,1723,3,2,2,0.5833,1721.867,844.229,323.337,9.9506,17.0000,1.4337,0.4287,5.3922,0.3883,0.1309,0.4808,0.9235,0.3259,4.1234,1.2688,0.5422
12,3,1734,1737,4,3,3,0.3333,1735.779,730.250,618.882,12.4585,20.0000,1.7647,1.2515,6.3469,0.6847,0.1230,0.1922,0.9545,0.2888,3.6494,1.5866,0.3750
5,3,1735,1737,3,2,1,0.8333,1736.136,365.682,734.000,9.3666,17.0000,1.2879,0.3462,5.3947,0.5854,0.2927,0.1220,0.9487,0.0000,4.7599,1.9040,0.6818
16,4,1740,1744,5,4,3,0.2667,1742.315,745.006,602.685,14.1243,18.0000,1.6180,0.4450,5.7131,0.5660,0.2309,0.2032,0.9052,0.3822,3.0154,0.9522,0.3539
6,3,1743,1745,3,2,2,0.5000,1744.286,866.117,544.442,9.9781,18.0000,1.4026,0.8478,5.7137,0.3810,0.3333,0.2857,0.9487,0.1690,4.4439,1.7458,0.6234
4,3,1750,1751,2,1,2,1.0000,1750.429,569.000,93.536,8.8894,16.0000,1.1429,0.6860,5.0796,0.0000,0.7500,0.2500,0.0000,0.0000,5.2384,1.4287,0.8214
4,3,1750,1752,3,2,1,0.6667,1750.926,588.444,385.000,8.5720,16.0000,1.1852,0.4506,5.0797,0.7576,0.1294,0.1129,0.8507,0.0000,4.7622,0.6350,0.8148
6,3,1751,1752,2,3,2,0.5000,1751.697,567.132,536.803,9.8507,21.0000,1.6579,0.3845,6.6674,0.5230,0.1584,0.3185,0.3667,0.5079,3.9686,1.2700,0.6579
5,3,1751,1753,3,2,2,0.4167,1751.952,676.516,499.129,8.8032,16.0000,1.2903,0.5342,5.0799,0.7729,0.0435,0.1836,0.8328,0.5477,4.7625,1.2700,0.7258
7,3,1765,1768,4,2,2,0.4375,1766.655,621.897,479.552,10.4446,17.0000,1.3678,0.6588,5.3998,0.6625,0.1752,0.1623,0.9597,0.1934,3.8117,1.5881,0.5517
5,3,1768,1769,2,2,2,0.6250,1768.190,734.635,518.556,8.9495,14.0000,1.1111,0.8649,4.4470,0.3432,0.2505,0.4063,0.5155,0.8569,5.0823,1.7470,0.6667
4,3,1773,1774,2,2,1,1.0000,1773.518,593.518,944.000,8.8954,15.0000,1.0714,0.6819,4.7655,0.0000,0.7500,0.2500,1.0000,0.0000,4.7654,1.5884,0.7679
6,3,1781,1783,3,2,2,0.5000,1782.125,548.139,615.750,9.3406,15.0000,1.2500,1.1608,4.7666,0.5230,0.1584,0.3185,0.9225,0.0898,4.1311,0.9533,0.6111
5,3,1781,1783,3,1,2,0.8333,1782.292,571.000,487.523,9.2373,16.0000,1.2308,0.8800,5.0845,0.5854,0.2927,0.1220,0.9487,0.0000,5.0844,0.7944,0.7077
6,3,1781,1782,2,2,3,0.5000,1781.610,688.247,459.273,9.9891,16.0000,1.2468,0.7126,5.0842,0.6381,0.1455,0.2164,0.3327,0.3629,4.6076,1.5888,0.5844
7,3,1782,1784,3,2,2,0.5833,1782.928,596.096,478.506,9.9691,16.0000,1.3494,1.0554,5.0845,0.4600,0.2645,0.2756,1.0000,0.0000,3.4957,1.2712,0.5663
3,3,1782,1783,2,2,1,0.7500,1782.689,954.311,342.000,8.2561,17.0000,1.1333,0.4400,5.4023,0.5333,0.2667,0.2000,0.7071,0.0000,4.7667,1.9067,1.0000
7,3,1783,1784,2,3,2,0.5833,1783.382,841.157,1044.416,10.6899,16.0000,1.2584,0.5861,5.0845,0.5352,0.1763,0.2885,0.2673,0.0986,4.1313,1.4300,0.4944
4,3,1788,1789,2,1,3,0.6667,1788.269,744.000,421.885,8.2635,16.0000,1.2308,0.2929,5.0852,0.5357,0.3214,0.1429,0.0000,0.0000,4.4496,1.2713,0.8462
4,3,1793,1795,3,1,2,0.6667,1794.098,799.000,191.549,8.1059,14.0000,1.0980,0.5577,4.4504,0.7576,0.1294,0.1129,0.8507,0.0000,4.9271,1.2715,0.8235
3,3,1797,1798,2,1,2,0.7500,1797.364,457.000,663.682,8.0760,16.0000,1.0909,0.7115,5.0866,0.5333,0.2667,0.2000,0.7071,0.0000,5.0865,1.5895,1.0000
4,3,1799,1800,2,1,2,1.0000,1799.566,603.000,361.528,8.4251,16.0000,1.2075,0.6837,5.0869,0.0000,0.7500,0.2500,0.0000,0.0000,5.0868,1.1127,0.8302
9,3,1800,1802,3,2,3,0.5000,1800.670,830.650,995.942,10.9159,18.0000,1.5728,0.4843,5.7230,0.0802,0.4675,0.4523,0.0000,0.0000,3.8152,1.2718,0.4660
5,3,1800,1801,2,2,2,0.6250,1800.578,1158.359,559.859,9.0999,18.0000,1.4062,0.6951,5.7228,0.3432,0.2505,0.4063,0.6059,0.3645,5.0870,2.2255,0.7188
7,3,1802,1803,2,2,2,0.8750,1802.465,700.651,549.430,10.3351,16.0000,1.3023,0.8558,5.0874,0.0000,0.3318,0.6682,0.0000,0.5774,4.1334,0.3179,0.5116
7,3,1804,1807,4,3,2,0.2917,1805.337,604.907,322.384,10.3360,17.0000,1.3837,0.5192,5.4056,0.5865,0.2775,0.1360,0.8165,0.2055,4.1340,0.9540,0.5349
4,3,1816,1818,3,2,1,0.6667,1816.889,1022.852,406.000,8.5886,16.0000,1.1852,0.1852,5.0897,0.7500,0.1500,0.1000,0.9487,0.0000,5.0895,0.9543,0.8519
3,3,1818,1820,3,1,1,1.0000,1819.021,445.000,756.000,8.6323,16.0000,1.0213,0.0213,5.0901,0.8889,0.0000,0.1111,1.0000,0.0000,5.5671,1.7497,1.0000
5,3,1827,1828,2,1,3,0.8333,1827.672,518.000,465.156,9.1082,15.0000,1.1719,0.3634,4.7735,0.5854,0.2927,0.1220,0.3162,0.0000,4.7735,1.2729,0.6719
8,3,1829,1832,4,2,2,0.5000,1830.652,452.191,397.427,10.0148,15.0000,1.3483,0.5832,4.7741,0.7435,0.1182,0.1384,0.9342,0.2294,3.3419,0.9548,0.4944
9,4,1831,1833,3,3,2,0.5000,1831.888,741.336,501.744,13.2621,21.0000,1.5120,0.7204,6.6841,0.1855,0.5455,0.2689,0.7970,0.1123,4.1380,1.2732,0.5920
8,3,1835,1838,4,3,3,0.2222,1835.899,548.000,576.000,11.1431,19.0000,1.5354,0.1010,6.0489,0.7246,0.0147,0.2606,0.9900,0.1411,3.8202,1.7510,0.5354
6,3,1840,1842,3,2,1,1.0000,1841.075,593.537,829.000,8.7108,14.0000,1.2537,0.5425,4.4587,0.5556,0.3333,0.1111,1.0000,0.0000,3.9806,1.4330,0.6269
4,3,1842,1843,2,2,2,0.5000,1842.509,788.807,198.754,9.0771,17.0000,1.1930,0.5970,5.4142,0.5916,0.1015,0.3069,0.7071,0.7071,4.9368,0.6370,0.8070
9,3,1859,1861,3,2,3,0.5000,1859.894,473.426,526.766,9.9952,15.0000,1.4362,0.8827,4.7850,0.3274,0.3616,0.3110,0.8566,0.3601,3.1896,0.6381,0.4574
5,3,1864,1866,3,1,2,0.8333,1864.968,927.000,604.355,8.8500,16.0000,1.2903,0.3563,5.1069,0.5854,0.2927,0.1220,0.9487,0.0000,4.7878,1.5957,0.7258
8,3,1872,1874,3,2,3,0.4444,1872.750,808.906,255.354,10.8441,15.0000,1.2500,0.9942,4.7926,0.5236,0.2754,0.2010,0.8754,0.1544,4.6325,0.9584,0.4583
5,3,1874,1875,2,1,3,0.8333,1874.476,812.000,575.365,9.0037,16.0000,1.2698,0.7937,5.1128,0.5854,0.2927,0.1220,0.3162,0.0000,5.1134,0.9586,0.7302
7,3,1878,1879,2,3,2,0.5833,1878.678,963.885,716.448,10.5144,16.0000,1.2874,0.8818,5.1163,0.3883,0.1309,0.4808,0.1253,0.7549,4.1565,1.5990,0.5402
5,3,1884,1885,2,1,3,0.8333,1884.597,728.000,354.716,9.5889,16.0000,1.1940,0.8220,5.1206,0.5854,0.2927,0.1220,0.3162,0.0000,5.1199,0.9600,0.6567
5,3,1884,1886,3,2,2,0.4167,1885.230,1034.361,575.869,8.7310,17.0000,1.3934,0.4472,5.4407,0.7729,0.0435,0.1836,0.8328,0.5477,5.1206,1.7601,0.7377
7,3,1885,1888,4,2,3,0.2917,1886.402,601.890,383.293,9.9210,16.0000,1.3659,0.5096,5.1214,0.7332,0.1206,0.1462,0.8196,0.1284,3.5219,1.9202,0.5366
6,3,1892,1894,3,2,2,0.5000,1892.973,753.397,440.548,9.5489,18.0000,1.4795,0.6024,5.7674,0.4412,0.1872,0.3716,0.7882,0.6154,4.1652,1.7623,0.6438
6,3,1905,1907,3,1,2,1.0000,1906.111,880.000,151.514,9.4362,16.0000,1.3333,0.5258,5.1364,0.5556,0.3333,0.1111,1.0000,0.0000,4.3341,0.9632,0.6111
6,3,1906,1908,3,3,2,0.3333,1907.079,1090.697,302.118,9.9619,17.0000,1.3421,0.7117,5.4582,0.4961,0.2890,0.2148,0.7188,0.3906,4.8164,2.0869,0.6053
4,3,1912,1913,2,1,2,1.0000,1912.500,1039.000,238.518,8.9972,15.0000,1.0714,0.6946,4.8196,0.0000,0.7500,0.2500,0.0000,0.0000,5.1417,1.7672,0.7679
6,3,1914,1915,2,2,3,0.5000,1914.250,930.338,279.559,8.9226,15.0000,1.3235,0.6095,4.8210,0.6854,0.0214,0.2932,0.3377,0.6213,3.3749,0.8035,0.6324
4,3,1918,1919,2,2,1,1.0000,1918.549,927.549,566.000,8.2010,14.0000,1.0980,0.7105,4.5028,0.0000,0.7500,0.2500,1.0000,0.0000,4.8243,1.2865,0.8235
4,3,1918,1919,2,3,1,0.6667,1918.731,947.096,473.000,8.3621,15.0000,1.1538,0.2859,4.8244,0.5357,0.3214,0.1429,0.0000,0.0000,5.4670,2.2513,0.8269
8,3,1921,1923,3,2,3,0.4444,1921.584,842.135,553.348,10.1242,14.0000,1.2584,0.8856,4.5048,0.3104,0.4968,0.1928,0.3265,0.2233,3.8608,0.9652,0.4719
8,3,1929,1931,3,3,2,0.4444,1930.020,996.990,672.918,11.1613,18.0000,1.4694,0.9934,5.7984,0.4054,0.4090,0.1856,0.3584,0.0586,4.0271,0.8053,0.4694
6,3,1949,1951,3,2,2,0.5000,1950.200,882.427,347.893,9.8898,17.0000,1.3600,0.9900,5.4915,0.5230,0.1584,0.3185,0.9225,0.0898,4.5216,0.9689,0.6267
5,3,1951,1952,2,2,2,0.6250,1951.373,1067.136,712.475,8.5238,15.0000,1.2712,0.6186,4.8455,0.3432,0.2505,0.4063,0.6059,0.3645,5.0070,1.6152,0.7288
4,3,1954,1956,3,1,2,0.6667,1955.040,896.000,349.180,8.0798,15.0000,1.2000,0.9767,4.8484,0.5357,0.3214,0.1429,1.0000,0.0000,4.5244,0.6464,0.8200
8,3,1954,1957,4,3,2,0.3333,1955.578,957.400,607.422,10.2845,14.0000,1.2444,0.9098,4.5247,0.6771,0.1420,0.1808,0.7674,0.2092,3.8785,0.9696,0.4444
5,3,1954,1955,2,2,2,0.6250,1954.475,1193.610,532.864,8.5270,15.0000,1.2712,0.6681,4.8478,0.3432,0.2505,0.4063,0.6059,0.3645,4.5240,0.1616,0.6949
4,3,1957,1959,3,1,2,0.6667,1958.157,890.000,321.412,8.2445,16.0000,1.2549,0.9383,5.1735,0.7576,0.1294,0.1129,0.8507,0.0000,5.0110,1.4548,0.8431
8,3,1957,1958,2,2,4,0.5000,1957.452,986.905,487.286,9.6011,15.0000,1.4286,0.5435,4.8490,0.6810,0.1576,0.1614,0.1770,0.3679,3.0713,1.2930,0.5119
6,3,1958,1960,3,2,2,0.5000,1959.278,421.889,667.639,9.5046,16.0000,1.3333,0.4689,5.1741,0.6373,0.1269,0.2358,0.8795,0.0724,4.2034,0.8083,0.6389
3,3,1958,1959,2,1,2,0.7500,1958.659,778.000,611.317,7.6537,14.0000,1.0244,0.7309,4.5268,0.5333,0.2667,0.2000,0.7071,0.0000,5.1729,0.9701,1.0000
8,4,1960,1963,4,2,2,0.5000,1961.558,574.674,875.800,10.8636,16.0000,1.3474,0.6766,5.1753,0.6066,0.1994,0.1941,0.9479,0.2003,4.0430,0.9705,0.6105
5,3,1960,1961,2,2,2,0.6250,1960.534,988.379,665.862,8.3885,14.0000,1.2069,0.6698,4.5279,0.3432,0.2505,0.4063,0.6059,0.3645,4.8509,1.7788,0.7069
5,3,1964,1966,3,2,2,0.4167,1964.968,720.286,567.873,9.1163,17.0000,1.3492,0.3143,5.5006,0.1521,0.5234,0.3245,1.0000,0.0000,4.5305,1.4561,0.7143
6,3,1965,1967,3,2,2,0.5000,1966.375,628.694,441.111,9.5124,16.0000,1.3333,0.7045,5.1782,0.5034,0.2551,0.2415,0.9677,0.2521,4.6923,1.7799,0.6250
8,4,1966,1968,3,2,2,0.6667,1967.093,1041.464,415.320,11.0992,21.0000,1.7320,0.6310,6.7964,0.3463,0.4131,0.2406,0.9921,0.1255,4.2072,0.9707,0.6289
6,3,1970,1972,3,2,2,0.5000,1971.143,933.857,390.486,9.2530,15.0000,1.2857,0.5525,4.8567,0.3810,0.3333,0.2857,0.9487,0.1690,4.2090,1.2952,0.5857
6,3,1972,1973,2,2,3,0.5000,1972.594,740.739,545.957,9.1222,15.0000,1.3043,0.6504,4.8577,0.6381,0.1455,0.2164,0.4962,0.8522,4.0479,1.6193,0.6232
3,3,1973,1974,2,1,2,0.7500,1973.333,900.000,167.689,8.4142,16.0000,1.0667,0.4560,5.1816,0.5333,0.2667,0.2000,0.7071,0.0000,5.1821,1.9430,1.0000
4,3,1973,1975,3,1,2,0.6667,1973.982,1003.000,490.800,8.9068,17.0000,1.2364,0.2008,5.5060,0.5357,0.3214,0.1429,1.0000,0.0000,4.6963,1.1335,0.8000
6,3,1974,1976,3,3,1,0.6667,1975.060,766.194,578.000,8.8601,16.0000,1.4328,0.2030,5.1827,0.4000,0.4800,0.1200,0.7071,0.0000,3.8868,0.9716,0.6269
6,3,1975,1977,3,3,1,0.6667,1976.412,670.353,904.000,8.9935,15.0000,1.3235,0.6860,4.8598,0.6061,0.3030,0.0909,0.7071,0.0000,4.5350,1.2956,0.6029
5,3,1975,1977,3,2,2,0.4167,1976.018,1020.232,472.393,8.1130,13.0000,1.1607,0.4567,4.2114,0.5461,0.2256,0.2283,0.8117,0.4177,4.5353,0.9718,0.6964
4,3,1976,1978,3,1,2,0.6667,1976.942,780.000,282.500,8.4235,16.0000,1.2308,0.5033,5.1837,0.7576,0.1294,0.1129,0.8507,0.0000,4.5356,0.9721,0.8077
6,4,1976,1978,3,3,1,0.6667,1976.627,945.640,650.000,9.9196,15.0000,1.2000,0.7227,4.8598,0.6061,0.3030,0.0909,0.7071,0.0000,4.6975,0.0001,0.7600
7,4,1976,1978,3,3,1,0.7778,1977.244,1127.128,853.000,10.5313,17.0000,1.3837,0.2757,5.5077,0.4747,0.4312,0.0941,0.5071,0.0000,4.5358,1.2960,0.6860
6,3,1976,1978,3,2,2,0.5000,1977.357,1148.529,481.886,9.2590,15.0000,1.2857,0.6024,4.8598,0.6373,0.1269,0.2358,0.8795,0.0724,4.3740,0.9721,0.6143
7,3,1977,1979,3,4,2,0.2917,1977.870,1044.455,702.870,9.4298,14.0000,1.2727,1.4661,4.5362,0.5603,0.2792,0.1605,0.3977,0.3583,3.8877,1.6200,0.5325
4,3,1978,1979,2,1,2,1.0000,1978.491,361.000,580.545,8.9109,15.0000,1.0909,0.6690,4.8607,0.0000,0.7500,0.2500,0.0000,0.0000,5.1842,1.1341,0.7818
6,3,1978,1980,3,2,3,0.3333,1978.833,691.111,408.667,9.5249,15.0000,1.2500,0.9044,4.8607,0.7397,0.1062,0.1541,0.6563,0.4773,4.6989,1.6201,0.5972
7,3,1980,1982,3,3,2,0.3889,1980.944,651.278,467.867,11.0252,20.0000,1.5556,0.7365,6.4823,0.7558,0.1056,0.1386,0.6480,0.2871,4.2131,1.1344,0.5333
7,3,1982,1984,3,2,2,0.5833,1982.674,1164.500,712.337,10.5370,17.0000,1.3837,0.6854,5.5110,0.5838,0.0731,0.3431,0.8512,0.5122,3.8898,1.6208,0.5349
7,3,1984,1986,3,3,2,0.3889,1984.833,732.141,868.577,9.5588,16.0000,1.4359,0.6169,5.1878,0.5347,0.2774,0.1879,0.6008,0.3730,2.9182,0.8107,0.5385
5,3,1985,1986,2,3,1,0.8333,1985.607,1162.344,906.000,8.8457,15.0000,1.2295,0.7647,4.8640,0.5854,0.2927,0.1220,0.3162,0.0000,4.8636,1.6212,0.7049
6,3,1987,1989,3,1,3,0.6667,1988.266,850.000,322.797,8.4742,13.0000,1.2187,0.3344,4.2166,0.4000,0.4800,0.1200,0.7071,0.0000,3.8918,1.2974,0.6094
10,3,1987,1989,3,2,3,0.5556,1987.945,877.382,449.964,11.2817,15.0000,1.3636,1.0203,4.8649,0.4762,0.2144,0.3094,0.8344,0.2609,3.8919,1.2974,0.4000
6,3,1990,1992,3,3,1,0.6667,1991.153,809.444,415.000,9.5359,15.0000,1.2500,0.4700,4.8662,0.2083,0.6667,0.1250,0.4472,0.0000,4.5417,1.4597,0.5972
5,3,1992,1994,3,2,2,0.4167,1992.914,1023.845,522.552,8.4162,15.0000,1.2931,0.4821,4.8671,0.5461,0.2256,0.2283,0.8117,0.4177,4.5423,1.6223,0.7069
5,3,1992,1994,3,2,2,0.4167,1992.800,1047.850,533.617,8.7063,15.0000,1.2500,0.4577,4.8671,0.7729,0.0435,0.1836,0.8328,0.5477,4.5423,1.6224,0.6833
10,3,1995,1999,5,3,3,0.2222,1997.279,870.923,461.067,10.6749,15.0000,1.4423,0.7284,4.8691,0.8689,0.0127,0.1184,0.9633,0.0000,3.2460,0.9738,0.3942
8,3,1996,1997,2,2,4,0.5000,1996.419,484.407,636.023,9.8685,14.0000,1.3023,1.1379,4.5441,0.7519,0.0685,0.1796,0.2230,0.1154,3.7324,1.6229,0.4767
3,3,1996,1998,3,1,1,1.0000,1996.953,755.000,538.000,8.0580,15.0000,1.0465,0.9535,4.8687,0.8889,0.0000,0.1111,1.0000,0.0000,5.1929,1.6230,1.0000
5,3,1996,1998,3,1,2,0.8333,1997.194,781.000,110.419,8.9998,17.0000,1.3710,0.4619,5.5178,0.5854,0.2927,0.1220,0.9487,0.0000,4.5441,0.6492,0.6935
7,3,1999,2001,3,2,2,0.5833,1999.633,801.253,318.380,9.6937,16.0000,1.4177,0.5857,5.1945,0.4600,0.2645,0.2756,0.8571,0.1000,3.8958,1.2987,0.5443
6,3,1999,2001,3,2,2,0.5000,2000.211,1086.408,539.113,9.4105,16.0000,1.3521,0.6382,5.1945,0.5230,0.1584,0.3185,0.9225,0.0898,4.2209,1.6232,0.6056
4,3,2001,2002,2,2,1,1.0000,2001.449,923.551,476.000,7.9550,14.0000,1.1429,0.7108,4.5459,0.0000,0.7500,0.2500,1.0000,0.0000,4.7079,1.2987,0.8367
7,3,2001,2004,4,2,2,0.4375,2002.636,1031.792,438.299,9.4504,15.0000,1.3636,0.5144,4.8710,0.8243,0.0513,0.1244,0.9184,0.3278,3.5723,0.9741,0.5325
6,3,2002,2004,3,3,2,0.3333,2002.986,615.014,695.507,9.1474,14.0000,1.2174,0.5077,4.5462,0.8010,0.0697,0.1292,0.7788,0.5444,4.2214,1.4613,0.5942
4,3,2003,2004,2,1,2,1.0000,2003.549,669.000,105.529,8.2810,14.0000,1.0980,0.6955,4.5466,0.0000,0.7500,0.2500,0.0000,0.0000,4.7088,1.2988,0.8039
3,3,2004,2006,3,1,1,1.0000,2005.000,970.000,381.000,8.6255,20.0000,1.3043,0.0000,6.4956,0.8889,0.0000,0.1111,1.0000,0.0000,4.5471,0.6496,1.0000
5,3,2004,2006,3,2,2,0.4167,2004.806,1193.403,325.161,9.0051,14.0000,1.1290,0.9160,4.5466,0.7729,0.0435,0.1836,0.8328,0.5477,4.5469,0.6495,0.6452
7,3,2005,2006,2,2,4,0.4375,2005.726,963.905,251.869,10.3119,18.0000,1.5000,0.3181,5.8464,0.7514,0.0882,0.1604,0.2188,0.5253,4.2224,1.6241,0.5357
3,3,2005,2006,2,2,1,0.7500,2005.333,971.333,742.000,7.3131,13.0000,1.0000,0.4714,4.2224,0.5333,0.2667,0.2000,0.7071,0.0000,4.8716,1.2991,1.0000
3,3,2010,2011,2,2,1,0.7500,2010.350,1051.325,552.000,7.5032,14.0000,1.0500,0.7267,4.5488,0.5333,0.2667,0.2000,0.7071,0.0000,4.5485,1.1372,1.0000
7,3,2011,2013,3,2,2,0.5833,2011.525,920.388,551.200,9.8248,18.0000,1.5750,0.6825,5.8484,0.5694,0.1270,0.3036,0.8963,0.4170,3.5745,1.2996,0.5625
8,3,2012,2014,3,2,2,0.6667,2013.064,530.479,697.574,10.7997,14.0000,1.1915,0.7505,4.5494,0.5251,0.2126,0.2623,0.9213,0.3434,4.3868,1.6246,0.5745
6,3,2012,2014,3,1,3,0.6667,2012.824,576.000,349.015,9.0210,14.0000,1.2353,0.1771,4.5494,0.6944,0.2222,0.0833,0.6000,0.0000,4.2243,0.9749,0.5882
6,3,2015,2016,2,3,1,1.0000,2015.507,656.901,858.000,9.4206,14.0000,1.1831,1.0342,4.5503,0.5556,0.3333,0.1111,0.0000,0.0000,4.7126,0.9750,0.5775
5,3,2015,2017,3,2,1,0.8333,2016.094,1042.641,523.000,9.3026,17.0000,1.3281,0.3714,5.5253,0.5854,0.2927,0.1220,0.9487,0.0000,4.5503,1.1375,0.6875
4,3,2015,2016,2,2,2,0.5000,2015.265,1179.837,385.694,7.9626,15.0000,1.2245,0.7606,4.8750,0.0000,0.5625,0.4375,0.4459,0.5774,4.5502,1.3000,0.8367
5,3,2019,2020,2,2,2,0.6250,2019.390,644.153,409.458,8.5776,14.0000,1.1864,0.6202,4.5514,0.3432,0.2505,0.4063,0.6059,0.3645,4.5511,0.9753,0.6949
6,3,2020,2022,3,1,3,0.6667,2021.214,540.000,613.229,9.2912,15.0000,1.2857,0.3133,4.8768,0.4000,0.4800,0.1200,0.7071,0.0000,4.5517,1.4631,0.6143
7,3,2020,2022,3,2,3,0.3889,2021.025,783.763,120.763,9.8307,14.0000,1.2250,1.2994,4.5514,0.7243,0.1219,0.1538,0.7824,0.2053,4.2264,1.3005,0.5000
4,3,2020,2021,2,1,2,1.0000,2020.574,814.000,667.537,8.7780,16.0000,1.1852,0.6854,5.2019,0.0000,0.7500,0.2500,0.0000,0.0000,5.0392,1.3005,0.8333
4,3,2022,2024,3,2,1,0.6667,2022.800,1056.200,606.000,8.1289,14.0000,1.1200,0.2828,4.5522,0.7500,0.1500,0.1000,0.9487,0.0000,4.5522,1.4632,0.8000
3,3,2026,2027,2,1,2,0.7500,2026.675,913.000,162.325,7.5109,14.0000,1.0500,0.4596,4.5533,0.5333,0.2667,0.2000,0.7071,0.0000,4.5534,1.3010,1.0000
6,3,2028,2030,3,2,2,0.5000,2028.677,613.877,407.662,8.6314,14.0000,1.2923,0.7464,4.5539,0.5034,0.2551,0.2415,0.9677,0.2521,3.7406,0.8132,0.6308
6,3,2028,2030,3,3,1,0.6667,2029.160,1113.333,741.000,10.7564,20.0000,1.4815,0.3700,6.5055,0.2083,0.6667,0.1250,0.4472,0.0000,4.7166,0.4879,0.6543
5,3,2032,2033,2,3,1,0.8333,2032.373,1180.339,767.000,8.5844,15.0000,1.2712,0.5039,4.8800,0.5854,0.2927,0.1220,0.3162,0.0000,4.8801,1.1386,0.7288
6,3,2033,2035,3,1,2,1.0000,2033.920,702.000,388.467,9.9625,17.0000,1.3600,0.4735,5.5314,0.5556,0.3333,0.1111,1.0000,0.0000,4.3924,1.3015,0.6000
5,3,2033,2034,2,2,2,0.6250,2033.414,1122.690,501.534,8.4394,14.0000,1.2069,0.8518,4.5552,0.2938,0.4054,0.3007,0.0000,0.3029,4.5550,1.3014,0.6897
6,3,2034,2036,3,2,2,0.5000,2035.314,962.871,398.586,9.2991,16.0000,1.3714,0.6770,5.2063,0.5034,0.2551,0.2415,0.9677,0.2521,3.9049,1.3015,0.6143
7,4,2036,2038,3,3,2,0.3889,2036.628,935.000,638.419,10.5780,19.0000,1.5465,0.7547,6.1829,0.5780,0.1560,0.2660,0.7697,0.1362,4.8811,1.3016,0.7209
7,3,2037,2039,3,3,2,0.3889,2037.713,664.212,857.875,9.8407,15.0000,1.3125,0.7539,4.8815,0.6107,0.2231,0.1662,0.8599,0.3065,4.2310,1.6273,0.5375
4,3,2038,2039,2,1,2,1.0000,2038.519,537.000,306.537,8.7876,15.0000,1.1111,0.6680,4.8821,0.0000,0.7500,0.2500,0.0000,0.0000,4.8819,1.9527,0.7778
4,4,2039,2040,2,1,2,1.0000,2039.500,508.000,645.500,8.4626,13.0000,1.0000,0.7071,4.2314,0.0000,0.7500,0.2500,0.0000,0.0000,3.9059,0.9764,1.0000
3,3,2040,2041,2,1,2,0.7500,2040.683,802.000,197.683,7.7053,15.0000,1.0976,0.4484,4.8827,0.5333,0.2667,0.2000,0.7071,0.0000,4.5572,2.1157,1.0000
6,3,2040,2042,3,1,3,0.6667,2041.181,981.000,349.931,9.5683,16.0000,1.3333,0.8224,5.2086,0.6944,0.2222,0.0833,0.8000,0.0000,4.2319,0.9766,0.6250
4,3,2043,2044,2,2,2,0.5000,2043.429,904.179,557.250,9.1159,18.0000,1.2857,0.5273,5.8601,0.5916,0.1015,0.3069,0.7071,0.7071,4.8835,1.3023,0.8214
5,3,2043,2045,3,2,1,0.8333,2043.746,1101.627,473.000,8.5905,15.0000,1.2712,0.8338,4.8834,0.5854,0.2927,0.1220,0.9487,0.0000,4.8837,1.6279,0.7288
5,3,2044,2046,3,1,3,0.5556,2045.078,1044.000,453.062,9.3193,15.0000,1.1719,0.1000,4.8843,0.7911,0.1351,0.0737,0.8507,0.0000,4.8837,1.4651,0.6875
5,3,2044,2046,3,2,1,0.8333,2044.789,1062.474,511.000,8.2998,14.0000,1.2281,0.5669,4.5584,0.5854,0.2927,0.1220,0.9487,0.0000,4.5581,1.4653,0.7018
4,3,2045,2047,3,1,2,0.6667,2046.083,753.000,315.458,7.8150,13.0000,1.0833,0.4658,4.2334,0.7576,0.1294,0.1129,0.8507,0.0000,4.8842,1.9537,0.8125
5,3,2045,2047,3,1,3,0.5556,2045.714,932.000,606.095,9.1741,15.0000,1.1905,1.1527,4.8840,0.5532,0.3398,0.1070,0.8281,0.0000,4.8841,1.3024,0.6825
6,3,2046,2047,2,1,4,0.7500,2046.523,514.000,376.523,8.6411,13.0000,1.2000,0.7079,4.2334,0.7692,0.1538,0.0769,0.3162,0.0000,4.3958,1.1396,0.6000
9,3,2049,2052,4,2,3,0.3750,2050.755,1021.922,176.676,11.0748,15.0000,1.3235,0.8250,4.8857,0.4802,0.3690,0.1508,0.8090,0.0885,3.9091,0.8143,0.4118
5,3,2050,2051,2,3,1,0.8333,2050.586,1073.741,868.000,8.4488,14.0000,1.2069,0.6407,4.5600,0.5854,0.2927,0.1220,0.3162,0.0000,4.8860,1.7913,0.6897
8,3,2053,2055,3,2,2,0.6667,2054.149,636.362,387.202,10.8279,18.0000,1.5319,0.4403,5.8645,0.4961,0.2369,0.2670,0.9586,0.0986,3.7468,0.9774,0.5000
6,3,2054,2057,4,2,2,0.3750,2055.357,791.529,466.171,9.3115,15.0000,1.2857,0.8154,4.8878,0.7696,0.0995,0.1309,0.9136,0.2553,4.3987,1.1404,0.5857
5,3,2054,2055,2,2,3,0.4167,2054.475,918.131,874.918,8.8882,16.0000,1.3115,0.5469,5.2132,0.7729,0.0435,0.1836,0.4781,0.7852,3.9100,1.3032,0.7049
8,3,2054,2056,3,3,1,0.8889,2055.200,1115.000,1092.000,9.7919,14.0000,1.3176,0.2000,4.5616,0.3375,0.5625,0.1000,0.7071,0.0000,3.7471,0.9775,0.4706
4,3,2056,2057,2,1,2,1.0000,2056.558,431.000,538.519,8.4725,15.0000,1.1538,0.6821,4.8881,0.0000,0.7500,0.2500,0.0000,0.0000,5.0509,1.3034,0.8077
9,3,2057,2059,3,5,2,0.3000,2058.133,1086.500,386.745,10.6461,17.0000,1.5612,0.5768,5.5403,0.7820,0.1027,0.1154,0.1254,0.1761,3.5849,0.9777,0.4490
4,3,2059,2060,2,1,2,1.0000,2059.449,738.000,337.531,7.9854,14.0000,1.1429,0.6951,4.5629,0.0000,0.7500,0.2500,0.0000,0.0000,4.5631,1.6296,0.8163
4,3,2062,2063,2,2,2,0.5000,2062.277,687.447,873.170,7.6610,13.0000,1.1064,0.5524,4.2383,0.5916,0.1015,0.3069,0.5000,0.5000,4.5640,1.6300,0.8298
8,3,2062,2064,3,2,2,0.6667,2062.782,885.448,599.471,10.0279,16.0000,1.4713,0.6861,5.2163,0.4685,0.1696,0.3619,0.8569,0.5155,3.5861,1.1411,0.4943
6,3,2062,2063,2,3,2,0.5000,2062.521,954.753,732.329,9.7157,14.0000,1.1507,0.6632,4.5643,0.4246,0.3485,0.2269,0.4241,0.6535,4.5641,0.9780,0.7397
5,3,2062,2064,3,2,2,0.4167,2063.035,986.404,755.632,8.3107,13.0000,1.1404,0.7503,4.2383,0.7383,0.0485,0.2132,0.7071,0.0000,4.5643,1.9560,0.6842
7,3,2063,2065,3,2,3,0.3889,2063.766,934.870,946.584,9.4888,14.0000,1.2727,0.9724,4.5643,0.5373,0.2303,0.2324,0.7071,0.2357,3.5866,1.3042,0.5195
5,3,2064,2065,2,2,2,0.6250,2064.518,1150.482,805.857,8.1658,14.0000,1.2500,0.7462,4.5646,0.3432,0.2505,0.4063,0.6059,0.3645,4.5646,1.7933,0.7143
5,3,2068,2070,3,2,2,0.4167,2068.763,871.169,725.390,8.6060,14.0000,1.1864,0.6763,4.5664,0.7729,0.0435,0.1836,0.8328,0.5477,4.5661,1.3045,0.6780
4,3,2070,2072,3,2,1,0.6667,2070.863,1028.843,1011.000,8.3185,16.0000,1.2549,0.2084,5.2195,0.7500,0.1500,0.1000,0.9487,0.0000,4.7302,1.9572,0.8431
10,3,2072,2075,4,2,3,0.4167,2073.737,899.746,646.576,12.1752,21.0000,1.7797,0.5596,6.8521,0.5220,0.2897,0.1883,0.8756,0.2100,3.9152,1.1419,0.3983
7,3,2072,2074,3,2,2,0.5833,2073.080,899.420,919.102,10.8520,19.0000,1.5114,0.4400,6.1991,0.5916,0.2044,0.2040,0.9664,0.1591,3.5890,1.6313,0.5795
6,3,2075,2077,3,3,1,0.6667,2076.282,909.474,652.000,10.3919,19.0000,1.4615,0.5965,6.2004,0.2083,0.6667,0.1250,0.4472,0.0000,4.7320,1.7948,0.6410
5,3,2076,2078,3,2,1,0.8333,2077.214,878.614,872.000,10.2169,18.0000,1.2857,0.4412,5.8745,0.5854,0.2927,0.1220,0.9487,0.0000,5.5485,0.9791,0.7143
5,3,2077,2079,3,2,2,0.4167,2078.052,962.500,620.862,8.4659,16.0000,1.3793,0.5212,5.2222,0.7729,0.0435,0.1836,0.8328,0.5477,4.5691,1.4687,0.7241
8,4,2079,2081,3,2,2,0.6667,2079.700,727.300,790.600,10.3868,14.0000,1.2444,0.7348,4.5700,0.4782,0.1602,0.3617,0.9087,0.4175,4.2434,1.3056,0.6000
6,3,2079,2081,3,2,2,0.5000,2079.587,842.427,557.133,9.9946,19.0000,1.5200,0.6088,6.2022,0.6373,0.1269,0.2358,0.8795,0.0724,4.0801,0.6529,0.6400
3,3,2086,2087,2,1,2,0.7500,2086.683,1074.000,446.341,7.7305,14.0000,1.0244,0.4660,4.5721,0.5333,0.2667,0.2000,0.7071,0.0000,5.2252,1.9595,1.0000
4,3,2089,2090,2,2,1,1.0000,2089.472,719.509,844.000,8.6556,15.0000,1.1321,0.6806,4.8993,0.0000,0.7500,0.2500,1.0000,0.0000,4.8994,1.6331,0.7736
4,3,2089,2090,2,3,1,0.6667,2089.277,877.383,924.000,7.6757,13.0000,1.1064,0.4724,4.2463,0.7500,0.1500,0.1000,0.3162,0.0000,4.5727,0.9799,0.8298
8,4,2090,2092,3,3,2,0.4444,2091.505,1185.570,941.710,10.7409,17.0000,1.4624,0.8152,5.5531,0.5462,0.2052,0.2485,0.6795,0.3815,4.2466,1.7966,0.6237
11,3,2092,2095,4,2,4,0.3438,2093.441,579.748,465.874,10.9338,14.0000,1.3874,0.5238,4.5737,0.7121,0.1673,0.1205,0.7759,0.2740,3.2670,1.3067,0.3604
4,3,2099,2100,2,1,2,1.0000,2099.527,921.000,536.527,8.9866,15.0000,1.0909,0.6685,4.9018,0.0000,0.7500,0.2500,0.0000,0.0000,4.9018,1.6339,0.7818
6,3,2099,2101,3,2,2,0.5000,2099.768,1193.391,769.145,9.2053,14.0000,1.2174,0.9907,4.5751,0.5230,0.1584,0.3185,0.9225,0.0898,4.0849,0.9804,0.5942
4,3,2100,2101,2,1,2,1.0000,2100.519,825.000,664.481,8.8235,15.0000,1.1111,0.7076,4.9020,0.0000,0.7500,0.2500,0.0000,0.0000,4.9019,1.6340,0.7963
9,4,2100,2102,3,2,2,0.7500,2100.611,966.496,557.540,12.3093,16.0000,1.2743,0.9112,5.2286,0.4706,0.0000,0.5294,0.9045,0.0000,4.9019,1.3072,0.5310
6,3,2100,2102,3,2,3,0.3333,2101.143,1269.729,755.971,9.3392,16.0000,1.3714,0.3081,5.2288,0.7883,0.0590,0.1528,0.8297,0.1610,4.0852,1.6341,0.6143
5,4,2101,2103,3,1,3,0.5556,2101.986,857.000,623.789,10.3770,17.0000,1.1972,0.2117,5.5558,0.5532,0.3398,0.1070,0.5606,0.0000,5.2290,1.3072,0.8310
5,3,2102,2104,3,3,1,0.5556,2103.154,1048.077,359.000,9.5004,17.0000,1.3077,0.8496,5.5562,0.7911,0.1351,0.0737,0.8507,0.0000,4.5757,1.3073,0.6923
6,4,2103,2104,2,2,2,0.7500,2103.507,1091.747,856.400,10.0070,16.0000,1.2800,0.8170,5.2293,0.2000,0.3333,0.4667,0.0000,0.0000,4.5756,1.3073,0.7467
8,3,2104,2105,2,3,3,0.4444,2104.361,442.012,752.145,9.5910,15.0000,1.4458,0.3895,4.9025,0.4643,0.2762,0.2595,0.4256,0.8410,3.2684,1.9609,0.4940
6,3,2104,2105,2,2,3,0.5000,2104.464,860.116,565.826,9.2067,15.0000,1.3043,0.9544,4.9025,0.3810,0.3333,0.2857,0.3162,0.5071,4.2489,1.3073,0.6087
4,3,2104,2105,2,1,2,1.0000,2104.447,959.000,841.447,7.6807,13.0000,1.1064,0.6319,4.2489,0.0000,0.7500,0.2500,0.0000,0.0000,4.5757,1.7975,0.8298
6,3,2105,2107,3,1,3,0.6667,2106.353,356.000,558.765,9.0737,14.0000,1.2353,0.6885,4.5760,0.2083,0.6667,0.1250,0.8944,0.0000,4.2491,1.3074,0.5882
8,3,2106,2108,3,3,3,0.2963,2107.035,1071.141,826.024,9.8228,15.0000,1.4118,0.1474,4.9029,0.4360,0.2223,0.3417,0.7115,0.2260,3.4320,0.9806,0.4824
5,3,2107,2109,3,2,2,0.4167,2108.065,1147.565,671.355,9.0631,14.0000,1.1290,1.1488,4.5762,0.7383,0.0485,0.2132,0.7071,0.0000,4.9029,1.6344,0.6452
5,3,2108,2109,2,2,2,0.6250,2108.404,1126.404,739.140,8.3322,13.0000,1.1404,0.5877,4.2493,0.3432,0.2505,0.4063,0.6059,0.3645,4.9030,1.6343,0.6842
12,3,2110,2112,3,2,3,0.6667,2111.246,581.706,580.024,11.8898,14.0000,1.3333,0.3838,4.5764,0.4628,0.1992,0.3380,0.4863,0.0117,3.5957,1.3075,0.3254
7,3,2113,2115,3,2,3,0.3889,2114.054,889.785,520.000,11.4906,21.0000,1.5806,0.2217,6.8648,0.5479,0.1606,0.2915,0.9003,0.3984,4.2497,1.3076,0.5699
6,3,2113,2115,3,2,1,1.0000,2113.875,1076.486,543.000,9.6087,15.0000,1.2500,0.5019,4.9034,0.5556,0.3333,0.1111,1.0000,0.0000,4.4131,0.9807,0.5833
6,3,2114,2116,3,2,3,0.3333,2114.926,943.691,462.603,9.0750,15.0000,1.3235,0.5084,4.9035,0.3348,0.4659,0.1992,0.2110,0.5091,4.5765,1.3076,0.6029
5,3,2114,2116,3,1,2,0.8333,2114.815,979.000,692.431,9.5026,18.0000,1.3846,0.4687,5.8842,0.5854,0.2927,0.1220,0.9487,0.0000,4.5765,1.3076,0.7077
4,3,2114,2115,2,2,1,1.0000,2114.566,1122.434,662.000,8.6628,15.0000,1.1321,0.7132,4.9035,0.0000,0.7500,0.2500,1.0000,0.0000,5.5573,1.3076,0.8491
10,3,2115,2118,4,3,3,0.2778,2116.481,689.889,291.481,11.1646,16.0000,1.4815,0.7163,5.2305,0.5983,0.1915,0.2102,0.8378,0.4982,3.9228,1.6345,0.4074
8,5,2116,2118,3,2,3,0.4444,2117.168,702.178,408.206,12.3669,17.0000,1.2710,1.1638,5.5574,0.3983,0.3141,0.2875,0.9498,0.3112,5.5573,1.9614,0.7290
3,3,2116,2117,2,2,1,0.7500,2116.667,1159.667,624.000,7.3608,13.0000,1.0000,0.7454,4.2498,0.5333,0.2667,0.2000,0.7071,0.0000,4.5767,1.1442,1.0000
5,3,2120,2122,3,1,2,0.8333,2121.164,889.000,224.358,9.7952,17.0000,1.2687,0.3940,5.5574,0.5854,0.2927,0.1220,0.9487,0.0000,4.9036,1.3076,0.6866
5,3,2120,2122,3,1,3,0.5556,2120.786,973.000,292.750,8.1871,13.0000,1.1607,0.8245,4.2498,0.8123,0.1108,0.0769,0.7071,0.0000,4.5767,1.3076,0.6964
4,3,2121,2122,2,2,2,0.5000,2121.216,1072.255,535.490,8.3361,14.0000,1.0980,0.6094,4.5767,0.5916,0.1015,0.3069,0.5000,0.5000,4.5767,1.7980,0.7843
4,3,2125,2126,2,2,1,1.0000,2125.491,1239.545,868.000,8.9899,16.0000,1.1636,0.6690,5.2305,0.0000,0.7500,0.2500,1.0000,0.0000,4.7401,1.1442,0.7818
4,3,2127,2128,2,2,1,1.0000,2127.471,1050.529,833.000,8.3360,14.0000,1.0980,0.7083,4.5766,0.0000,0.7500,0.2500,1.0000,0.0000,4.7401,0.9807,0.8039
6,3,2131,2134,4,2,2,0.3750,2132.059,853.471,783.132,9.0747,14.0000,1.2353,0.4924,4.5764,0.8688,0.0142,0.1170,0.9156,0.3015,4.0861,0.9807,0.6029
4,3,2132,2133,2,1,2,1.0000,2132.569,784.000,416.412,8.3356,16.0000,1.2549,0.5963,5.2301,0.0000,0.7500,0.2500,0.0000,0.0000,4.7398,1.6344,0.8431
7,3,2133,2135,3,3,2,0.3889,2133.808,969.705,848.897,9.6368,16.0000,1.4359,0.3667,5.2301,0.5453,0.2435,0.2112,0.6879,0.1639,3.9226,1.1441,0.5385
5,3,2133,2134,2,2,2,0.6250,2133.533,989.867,474.567,8.7712,15.0000,1.2500,0.7000,4.9033,0.3432,0.2505,0.4063,0.6059,0.3645,4.5763,0.9806,0.6833
5,3,2136,2138,3,1,2,0.8333,2136.679,918.000,650.393,8.1861,13.0000,1.1607,0.7841,4.2493,0.5854,0.2927,0.1220,0.9487,0.0000,4.5761,1.3075,0.6964
6,3,2137,2139,3,2,2,0.5000,2138.258,1077.667,461.742,8.8071,14.0000,1.2727,0.4938,4.5761,0.6381,0.1455,0.2164,0.8019,0.3768,3.9223,1.3074,0.6061
4,3,2138,2139,2,2,1,1.0000,2138.500,917.462,595.000,8.4984,15.0000,1.1538,0.6805,4.9029,0.0000,0.7500,0.2500,1.0000,0.0000,4.9029,1.6343,0.7885
17,4,2139,2142,4,3,4,0.3542,2140.576,226.413,798.114,14.5862,18.0000,1.6630,0.7330,5.8833,0.7552,0.0657,0.1792,0.7942,0.5852,3.5953,0.9805,0.3370
6,3,2140,2142,3,2,2,0.5000,2141.182,886.325,442.260,10.2745,18.0000,1.4026,0.4538,5.8833,0.6381,0.1455,0.2164,0.8019,0.3768,4.2490,1.3074,0.6104
5,3,2143,2145,3,2,1,0.8333,2144.118,777.676,591.000,9.9391,16.0000,1.1765,1.1635,5.2294,0.5854,0.2927,0.1220,0.9487,0.0000,5.2292,0.9805,0.6765
4,3,2146,2146,1,2,2,1.0000,2146.000,915.531,744.531,8.0072,13.0000,1.0612,0.7084,4.2487,0.0000,0.7500,0.2500,0.0000,1.0000,4.2487,1.6341,0.7959
5,3,2147,2149,3,2,2,0.4167,2147.935,905.532,988.145,9.0616,15.0000,1.2097,1.0860,4.9023,0.5461,0.2256,0.2283,0.8117,0.4177,4.7388,1.9609,0.6774
3,3,2150,2151,2,1,2,0.7500,2150.650,552.000,669.675,7.5470,14.0000,1.0500,0.7267,4.5752,0.5333,0.2667,0.2000,0.7071,0.0000,4.5751,1.3072,1.0000
5,3,2152,2153,2,2,2,0.6250,2152.375,807.422,916.328,9.3532,16.0000,1.2500,0.6529,5.2286,0.2938,0.4054,0.3007,0.0000,0.3029,4.9018,1.9607,0.6719
5,3,2152,2154,3,2,2,0.4167,2152.915,957.153,706.610,8.6224,14.0000,1.1864,1.0064,4.5750,0.5461,0.2256,0.2283,0.8117,0.4177,4.5750,1.3071,0.6949
6,3,2153,2155,3,3,1,0.6667,2153.923,593.808,833.000,10.4057,18.0000,1.3846,0.2071,5.8820,0.4000,0.4800,0.1200,0.7071,0.0000,4.4115,0.6536,0.6154
10,3,2153,2154,2,4,3,0.4167,2153.657,938.284,797.373,10.5403,15.0000,1.4706,0.7696,4.9017,0.6367,0.1553,0.2079,0.3233,0.9421,3.2678,1.6339,0.4020
8,3,2157,2160,4,3,2,0.3333,2158.733,971.000,946.907,9.9350,13.0000,1.2093,0.7384,4.2478,0.8139,0.0830,0.1031,0.7506,0.1429,3.9209,1.3070,0.4535
7,3,2158,2160,3,2,3,0.3889,2158.842,855.579,795.908,9.3859,14.0000,1.2895,0.9460,4.5745,0.5347,0.2774,0.1879,0.6008,0.3730,3.9209,1.7971,0.5395
14,3,2159,2162,4,3,3,0.3889,2160.597,806.072,916.590,12.1381,14.0000,1.4101,0.7279,4.5744,0.3712,0.1160,0.5128,0.7220,0.0947,3.2674,1.3069,0.2878
4,3,2159,2160,2,1,2,1.0000,2159.558,908.000,839.538,8.4953,15.0000,1.1538,0.6393,4.9011,0.0000,0.7500,0.2500,0.0000,0.0000,4.7378,0.4901,0.8077
6,3,2161,2162,2,1,4,0.7500,2161.528,731.000,468.500,9.6039,15.0000,1.2500,0.6877,4.9009,0.7692,0.1538,0.0769,0.3162,0.0000,4.2475,1.6336,0.5694
5,3,2164,2166,3,2,2,0.4167,2164.917,717.867,664.217,8.7666,18.0000,1.5000,0.2677,5.8808,0.4138,0.1655,0.4207,1.0000,0.0000,4.5740,1.3068,0.7333
6,3,2164,2166,3,2,2,0.5000,2165.242,1258.652,731.242,8.8030,14.0000,1.2727,0.8684,4.5739,0.6381,0.1455,0.2164,0.8019,0.3768,4.0839,0.9801,0.6061
9,5,2166,2169,4,2,3,0.3750,2166.852,1050.074,463.870,11.7612,18.0000,1.5000,0.8860,5.8806,0.6593,0.2306,0.1101,0.7777,0.0275,4.5739,1.6335,0.6759
4,3,2167,2168,2,3,1,0.6667,2167.439,1281.053,741.000,9.3109,17.0000,1.1930,0.4417,5.5539,0.7576,0.1294,0.1129,0.5257,0.0000,4.9005,1.4701,0.7895
9,4,2168,2170,3,3,3,0.3333,2168.741,752.911,481.929,12.1964,20.0000,1.6071,0.2831,6.5338,0.3930,0.1220,0.4851,0.6174,0.0626,4.5737,1.6334,0.5625
5,3,2168,2170,3,1,2,0.8333,2168.683,1141.000,629.367,8.7660,15.0000,1.2500,0.7755,4.9004,0.5854,0.2927,0.1220,0.9487,0.0000,4.9004,1.1434,0.7000
3,3,2168,2169,2,1,2,0.7500,2168.675,1216.000,766.325,7.5446,14.0000,1.0500,0.4596,4.5736,0.5333,0.2667,0.2000,0.7071,0.0000,4.5737,0.9801,1.0000
5,3,2172,2174,3,2,2,0.4167,2173.016,655.127,931.857,9.2036,19.0000,1.5079,0.1918,6.2066,0.4138,0.1655,0.4207,1.0000,0.0000,4.5734,0.9800,0.7302
6,4,2172,2173,2,3,2,0.5000,2172.500,1087.987,745.663,10.6689,15.0000,1.1250,0.6034,4.9001,0.4412,0.1872,0.3716,0.6154,0.7882,4.9000,1.6334,0.7000
5,3,2173,2175,3,1,2,0.8333,2173.754,952.000,352.557,8.9113,16.0000,1.3115,0.5063,5.2266,0.5854,0.2927,0.1220,0.9487,0.0000,4.9000,1.7966,0.7049
10,4,2173,2175,3,3,2,0.5556,2173.915,1025.254,795.831,12.1893,16.0000,1.3559,0.9649,5.2266,0.3246,0.4714,0.2039,0.4342,0.1529,4.2465,1.6333,0.5000
5,3,2176,2178,3,2,1,0.8333,2176.833,983.533,377.000,8.7648,15.0000,1.2500,0.5588,4.8997,0.5854,0.2927,0.1220,0.9487,0.0000,4.5730,1.4699,0.6833
6,3,2181,2182,2,2,2,0.7500,2181.667,840.528,743.250,9.6006,16.0000,1.3333,0.6724,5.2259,0.2000,0.3333,0.4667,0.7071,0.7071,4.2461,0.9798,0.6111
5,3,2181,2183,3,1,2,0.8333,2181.945,846.000,357.618,8.0337,13.0000,1.1818,0.6206,4.2460,0.5854,0.2927,0.1220,0.9487,0.0000,4.5726,0.9798,0.7091
5,3,2182,2184,3,2,2,0.4167,2183.145,1057.871,721.839,9.0561,17.0000,1.3710,0.2525,5.5524,0.6489,0.0995,0.2515,0.9362,0.2726,4.8991,1.6330,0.7097
8,3,2186,2188,3,2,3,0.4444,2186.770,746.356,587.885,10.0458,16.0000,1.4713,0.8563,5.2256,0.7021,0.0951,0.2027,0.7715,0.0725,3.4292,1.3064,0.4943
8,3,2186,2188,3,2,2,0.6667,2187.413,893.380,542.315,10.6231,17.0000,1.4783,0.7672,5.5520,0.4782,0.1602,0.3617,0.9087,0.4175,3.9191,0.9798,0.5000
3,3,2186,2187,2,2,1,0.7500,2186.341,1057.295,859.000,8.2967,16.0000,1.0909,0.4511,5.2256,0.5333,0.2667,0.2000,0.7071,0.0000,5.2255,1.7963,1.0000
5,3,2188,2189,2,2,2,0.6250,2188.559,821.169,657.390,8.6172,13.0000,1.1017,0.7025,4.2457,0.3432,0.2505,0.4063,0.6059,0.3645,4.5722,0.6532,0.6610
5,3,2192,2194,3,1,2,0.8333,2192.721,486.000,840.662,9.9312,19.0000,1.3971,0.4387,6.2049,0.5854,0.2927,0.1220,0.9487,0.0000,4.5721,0.9797,0.7059
7,3,2192,2194,3,3,2,0.3889,2192.514,965.473,830.230,9.1340,14.0000,1.3243,0.7350,4.5720,0.6637,0.0614,0.2749,0.7071,0.5000,3.2657,1.7961,0.5541
8,3,2192,2194,3,3,2,0.4444,2193.022,1081.244,981.822,10.3914,16.0000,1.4222,0.3031,5.2251,0.0609,0.6646,0.2745,0.0000,0.0000,4.2454,0.9797,0.4889
6,3,2192,2194,3,2,2,0.5000,2192.931,1295.292,528.875,9.5992,17.0000,1.4167,0.3248,5.5517,0.5230,0.1584,0.3185,0.9225,0.0898,4.2455,1.9594,0.6111
8,4,2194,2196,3,2,2,0.6667,2194.989,811.462,493.352,10.5067,15.0000,1.3187,0.5803,4.8985,0.5251,0.2126,0.2623,0.9213,0.3434,4.2454,1.6328,0.6044
3,3,2194,2195,2,2,1,0.7500,2194.333,1122.667,647.000,7.9188,14.0000,1.0000,0.7454,4.5720,0.5333,0.2667,0.2000,0.7071,0.0000,4.8985,1.3063,1.0000
7,3,2195,2197,3,3,2,0.3889,2195.904,969.193,657.904,10.2446,17.0000,1.4337,0.9290,5.5516,0.6788,0.0891,0.2320,0.7979,0.1151,3.5921,0.6531,0.5783
6,3,2196,2197,2,2,3,0.5000,2196.629,882.257,670.729,9.3322,15.0000,1.2857,0.9960,4.8984,0.6381,0.1455,0.2164,0.3327,0.3629,4.2453,1.6328,0.5857
7,3,2198,2200,3,2,2,0.5833,2199.318,862.773,708.364,10.8614,17.0000,1.3523,0.9599,5.5514,0.3772,0.3083,0.3146,0.9758,0.2185,4.2452,1.6328,0.5227
5,3,2201,2203,3,2,1,0.8333,2202.125,1192.594,558.000,9.3463,16.0000,1.2500,0.4250,5.2247,0.5854,0.2927,0.1220,0.9487,0.0000,3.9186,0.6531,0.6719
8,3,2203,2204,2,4,2,0.5000,2203.367,858.867,654.911,10.3905,15.0000,1.3333,0.4002,4.8982,0.7254,0.1462,0.1284,0.0448,0.3130,4.0818,0.9796,0.4667
10,3,2204,2207,4,3,2,0.4167,2205.509,458.812,610.491,11.5652,15.0000,1.3393,0.7317,4.8981,0.3689,0.3647,0.2664,0.9448,0.3266,3.7552,0.6531,0.3750
4,3,2204,2205,2,2,2,0.5000,2204.759,985.778,555.759,8.8166,16.0000,1.1852,0.4066,5.2246,0.0000,0.5625,0.4375,0.4459,0.5774,4.5716,1.9592,0.7778
9,3,2205,2206,2,2,3,0.7500,2205.510,370.292,915.188,10.4493,14.0000,1.3125,1.0029,4.5716,0.4875,0.0908,0.4217,0.1726,0.4810,3.9185,1.6327,0.4167
6,3,2205,2207,3,3,2,0.3333,2206.101,1052.000,400.130,9.1983,15.0000,1.3043,1.0136,4.8981,0.8087,0.0589,0.1324,0.5725,0.5071,4.2450,1.1429,0.5942
6,3,2206,2207,2,2,2,0.7500,2206.758,770.470,1047.545,8.7984,15.0000,1.3636,0.7393,4.8981,0.2667,0.1333,0.6000,0.0000,0.0000,3.7552,1.3062,0.6364
4,3,2207,2208,2,2,1,1.0000,2207.564,1134.455,601.000,8.9798,16.0000,1.1636,0.6985,5.2246,0.0000,0.7500,0.2500,1.0000,0.0000,5.8777,1.1429,0.8364
5,3,2208,2209,2,2,2,0.6250,2208.590,846.836,575.525,8.9079,16.0000,1.3115,0.8065,5.2246,0.3432,0.2505,0.4063,0.6059,0.3645,4.5715,0.3265,0.6885
14,4,2208,2212,5,3,4,0.2333,2210.044,1045.319,736.219,13.9632,21.0000,1.8375,1.3422,6.8572,0.8476,0.0633,0.0891,0.8062,0.5917,3.7552,1.3061,0.4188
3,3,2210,2211,2,1,2,0.7500,2210.295,888.000,723.705,8.2951,18.0000,1.2273,0.4178,5.8776,0.5333,0.2667,0.2000,0.7071,0.0000,4.7348,1.4694,1.0000
8,4,2210,2212,3,2,3,0.4444,2210.897,1037.485,544.918,11.1984,17.0000,1.4021,0.5022,5.5511,0.1528,0.2767,0.5705,0.6280,0.3251,4.4082,1.9592,0.6289
7,3,2211,2213,3,2,2,0.5833,2212.063,743.899,988.633,9.7500,19.0000,1.6835,0.3860,6.2041,0.4600,0.2645,0.2756,1.0000,0.0000,3.5919,1.3061,0.5823
5,3,2214,2216,3,1,2,0.8333,2215.279,772.000,875.590,8.9078,15.0000,1.2295,0.4956,4.8980,0.5854,0.2927,0.1220,0.9487,0.0000,4.8980,1.3061,0.6721
7,3,2214,2216,3,2,3,0.3889,2215.025,877.889,778.025,9.9969,17.0000,1.4691,0.1165,5.5511,0.2471,0.4408,0.3121,0.0000,0.0709,3.5919,1.3061,0.5556
8,3,2214,2217,4,2,2,0.5000,2215.359,955.380,598.533,10.6211,16.0000,1.3913,0.7013,5.2245,0.7197,0.0792,0.2011,0.8818,0.4381,4.4082,0.3265,0.4674
7,3,2217,2219,3,2,3,0.3889,2217.714,853.512,517.024,10.3671,17.0000,1.4167,0.8655,5.5511,0.5780,0.1560,0.2660,0.7697,0.1362,3.9184,0.9796,0.5595
8,3,2219,2221,3,2,2,0.6667,2220.066,885.549,339.648,10.5058,13.0000,1.1429,1.2095,4.2450,0.5196,0.2468,0.2336,0.9179,0.3745,4.2450,1.3061,0.4286
5,3,2220,2222,3,1,2,0.8333,2221.328,948.000,658.638,8.4698,15.0000,1.2931,0.7637,4.8981,0.5854,0.2927,0.1220,0.9487,0.0000,4.8980,1.1429,0.7069
7,3,2223,2225,3,2,3,0.3889,2223.743,590.108,356.419,9.1331,14.0000,1.3243,0.5031,4.5716,0.6188,0.1635,0.2176,0.6691,0.0458,3.5920,0.9796,0.5405
5,3,2223,2225,3,3,1,0.5556,2224.074,1123.015,908.000,9.9303,18.0000,1.3235,0.0750,5.8778,0.0000,0.8276,0.1724,1.0000,0.0000,4.5716,1.3062,0.7206
4,3,2224,2226,3,2,1,0.6667,2224.945,1282.545,707.000,8.9799,16.0000,1.1636,0.4578,5.2247,0.7576,0.1294,0.1129,0.8507,0.0000,4.8981,1.3062,0.8000
6,3,2225,2227,3,2,2,0.5000,2226.055,729.137,626.315,9.7317,18.0000,1.4795,0.3479,5.8778,0.5230,0.1584,0.3185,0.9225,0.0898,4.4084,1.6327,0.6164
10,3,2229,2231,3,3,3,0.3704,2230.051,1133.496,927.556,12.0821,16.0000,1.3675,0.7463,5.2249,0.1967,0.4500,0.3532,0.4019,0.4123,4.4085,1.6328,0.3675
6,3,2230,2231,2,3,2,0.5000,2230.528,553.625,620.153,9.5987,16.0000,1.3333,0.6652,5.2249,0.6373,0.1269,0.2358,0.4046,0.4063,3.5921,1.3062,0.5972
8,3,2230,2232,3,2,4,0.3333,2231.068,830.091,789.818,10.1601,14.0000,1.2727,0.9537,4.5718,0.8067,0.0540,0.1393,0.5469,0.1908,3.9187,1.6328,0.4545
9,3,2232,2234,3,3,2,0.5000,2232.968,682.755,1037.617,10.2323,15.0000,1.4362,0.8475,4.8984,0.3896,0.3997,0.2108,0.8278,0.0513,3.2657,1.6328,0.4362
6,3,2237,2238,2,3,2,0.5000,2237.343,650.729,971.714,9.3328,14.0000,1.2000,1.0219,4.5721,0.6381,0.1455,0.2164,0.3327,0.3629,4.4088,1.3063,0.5714
5,3,2238,2240,3,2,2,0.4167,2238.967,914.383,452.867,8.7632,15.0000,1.2500,0.6318,4.8988,0.1521,0.5234,0.3245,1.0000,0.0000,4.5721,0.9798,0.6833
4,3,2238,2239,2,2,2,0.5000,2238.255,1044.157,642.275,8.3279,16.0000,1.2549,0.4061,5.2253,0.0000,0.5625,0.4375,0.4459,0.5774,4.7355,1.6329,0.8431
10,3,2242,2245,4,2,3,0.4167,2243.845,877.591,611.091,11.3611,16.0000,1.4545,1.5254,5.2259,0.6069,0.2312,0.1619,0.8384,0.1777,4.2458,1.1431,0.3909
5,3,2246,2247,2,2,2,0.6250,2246.373,868.153,423.610,8.6182,14.0000,1.1864,0.7312,4.5727,0.3432,0.2505,0.4063,0.6059,0.3645,4.5728,0.9799,0.6949
6,4,2247,2249,3,2,1,1.0000,2248.123,1115.466,838.000,9.7344,17.0000,1.3973,0.4818,5.5528,0.5556,0.3333,0.1111,1.0000,0.0000,4.5729,1.3065,0.7671
6,3,2248,2250,3,2,2,0.5000,2249.257,998.486,675.886,9.3346,14.0000,1.2000,0.5613,4.5730,0.3810,0.3333,0.2857,0.9487,0.1690,4.7363,1.4699,0.5857
7,3,2251,2253,3,2,3,0.3889,2252.387,866.227,445.467,9.2600,15.0000,1.4000,0.8033,4.9000,0.7170,0.0607,0.2223,0.8012,0.3799,3.2667,1.9600,0.5600
6,3,2252,2254,3,2,2,0.5000,2253.313,888.463,1062.881,8.9353,15.0000,1.3433,0.8365,4.9001,0.3810,0.3333,0.2857,0.9487,0.1690,3.9200,1.1433,0.6269
5,3,2252,2253,2,3,1,0.8333,2252.650,1073.033,851.000,8.7653,15.0000,1.2500,1.0910,4.9000,0.5854,0.2927,0.1220,0.3162,0.0000,4.5732,0.6534,0.7167
6,3,2253,2255,3,2,2,0.5000,2254.116,919.884,525.261,9.2021,17.0000,1.4783,0.3081,5.5535,0.5230,0.1584,0.3185,0.9225,0.0898,4.4100,1.6333,0.6232
6,3,2253,2255,3,2,2,0.5000,2254.130,995.406,616.739,9.2021,15.0000,1.3043,0.4997,4.9001,0.4246,0.3485,0.2269,0.7895,0.0722,4.7367,1.4700,0.5942
8,3,2254,2256,3,3,2,0.4444,2254.903,1190.892,859.086,10.7414,15.0000,1.2903,0.1683,4.9002,0.2571,0.5366,0.2063,0.7331,0.2179,3.7568,0.9801,0.4731
7,3,2255,2257,3,3,2,0.3889,2255.886,843.076,1066.468,9.7546,16.0000,1.4177,0.4880,5.2270,0.1909,0.4622,0.3468,0.7315,0.2073,3.2670,1.3067,0.5570
3,3,2258,2259,2,2,1,0.7500,2258.651,1112.674,535.000,8.1109,15.0000,1.0465,0.7280,4.9006,0.5333,0.2667,0.2000,0.7071,0.0000,4.9007,0.9801,1.0000
4,3,2259,2260,2,1,2,1.0000,2259.449,900.000,700.449,8.0045,14.0000,1.1429,0.6350,4.5740,0.0000,0.7500,0.2500,0.0000,0.0000,4.7374,0.9801,0.8163
5,3,2260,2262,3,1,2,0.8333,2261.152,1009.000,697.515,9.6438,19.0000,1.4394,0.5370,6.2078,0.5854,0.2927,0.1220,0.9487,0.0000,4.9010,1.3069,0.7121
4,3,2261,2262,2,2,1,1.0000,2261.451,832.588,724.000,8.3317,15.0000,1.1765,0.6107,4.9010,0.0000,0.7500,0.2500,1.0000,0.0000,5.0643,1.3069,0.8431
7,3,2262,2263,2,2,2,0.8750,2262.506,835.584,466.416,9.5092,13.0000,1.1818,0.8705,4.2477,0.0000,0.3318,0.6682,0.0000,0.5774,3.9208,1.3069,0.5065
6,3,2262,2263,2,2,2,0.7500,2262.417,1102.764,500.500,9.6042,15.0000,1.2500,0.8038,4.9012,0.2000,0.3333,0.4667,0.7071,0.7071,4.7376,1.9604,0.5972
4,3,2263,2264,2,2,2,0.5000,2263.255,1076.804,507.725,8.3321,14.0000,1.0980,0.7936,4.5744,0.0000,0.5625,0.4375,0.4459,0.5774,4.7379,1.4703,0.8039
14,3,2263,2267,5,4,3,0.2333,2265.207,1206.524,596.986,12.6630,14.0000,1.3517,0.5637,4.5747,0.5632,0.2195,0.2173,0.9780,0.1838,3.7577,1.3071,0.2828
6,3,2267,2269,3,2,2,0.5000,2267.783,916.116,712.565,9.2053,17.0000,1.4783,0.4997,5.5554,0.3810,0.3333,0.2857,0.9487,0.1690,3.9214,1.1437,0.6377
7,3,2267,2269,3,2,2,0.5833,2267.519,946.253,586.443,9.7575,13.0000,1.1519,0.7278,4.2482,0.5694,0.1270,0.3036,0.8963,0.4170,4.5750,1.6339,0.4937
9,3,2267,2269,3,2,3,0.5000,2267.917,1109.188,675.198,10.4572,14.0000,1.3125,0.2851,4.5750,0.5141,0.2973,0.1886,0.4854,0.0607,3.2678,1.6339,0.4271
5,3,2269,2270,2,1,3,0.8333,2269.517,432.000,908.259,8.4767,14.0000,1.2069,0.5783,4.5752,0.5854,0.2927,0.1220,0.3162,0.0000,4.5753,1.3072,0.7069
6,4,2274,2275,2,2,2,0.7500,2274.571,756.700,931.629,9.3404,14.0000,1.2000,0.6416,4.5759,0.2000,0.3333,0.4667,0.0000,0.0000,4.9027,1.3074,0.7571
10,3,2275,2278,4,3,2,0.4167,2276.839,1003.542,590.390,12.1969,18.0000,1.5254,0.6871,5.8836,0.6180,0.1455,0.2365,0.8524,0.4014,4.4127,1.6343,0.4068
7,4,2276,2277,2,3,3,0.3889,2276.551,768.603,466.167,9.6363,13.0000,1.1667,0.8335,4.2493,0.4446,0.3606,0.1948,0.5030,0.8416,4.5760,0.9806,0.6667
7,3,2278,2280,3,2,2,0.5833,2278.904,1192.602,614.542,10.2546,18.0000,1.5181,0.6140,5.8839,0.4116,0.1986,0.3898,0.7926,0.0000,3.5957,0.9806,0.5663
6,3,2281,2282,2,2,3,0.5000,2281.652,792.304,502.058,9.2086,13.0000,1.1304,0.7220,4.2498,0.1333,0.2667,0.6000,0.0000,0.7071,4.5766,1.6345,0.5652
7,3,2282,2284,3,2,2,0.5833,2283.312,540.623,889.481,9.5144,13.0000,1.1818,0.6855,4.2500,0.4741,0.2996,0.2262,0.8735,0.4867,3.9231,1.3077,0.5065
4,3,2282,2283,2,2,2,0.5000,2282.723,806.447,507.830,7.6825,13.0000,1.1064,0.8671,4.2499,0.5916,0.1015,0.3069,0.5000,0.5000,4.5768,1.9615,0.8298
9,4,2284,2286,3,2,3,0.5000,2284.880,902.639,769.583,11.7694,16.0000,1.3333,0.8735,5.2309,0.3881,0.4114,0.2005,0.4797,0.2519,3.9232,1.3077,0.5278
4,3,2284,2285,2,2,1,1.0000,2284.455,997.509,728.000,8.9905,16.0000,1.1636,0.6690,5.2308,0.0000,0.7500,0.2500,1.0000,0.0000,4.7404,0.9808,0.7818
8,3,2287,2289,3,3,2,0.4444,2288.110,788.780,874.176,10.5191,17.0000,1.4945,0.3021,5.5582,0.4550,0.2186,0.3264,0.8433,0.3506,3.9234,1.9617,0.5165
4,3,2288,2289,2,2,1,1.0000,2288.542,1065.458,721.000,7.8469,13.0000,1.0833,0.7096,4.2504,0.0000,0.7500,0.2500,1.0000,0.0000,4.5773,1.3078,0.8125
4,3,2290,2292,3,1,2,0.6667,2291.125,1121.000,286.729,7.8473,14.0000,1.1667,0.9160,4.5776,0.5357,0.3214,0.1429,1.0000,0.0000,4.9045,0.8174,0.8333
5,3,2290,2291,2,4,1,0.6250,2290.484,1180.766,681.000,9.3583,18.0000,1.4062,0.5664,5.8854,0.8532,0.0807,0.0661,0.3583,0.0000,4.5775,1.6348,0.6875
4,3,2294,2295,2,2,1,1.0000,2294.460,621.440,562.000,8.1747,15.0000,1.2000,0.6966,4.9048,0.0000,0.7500,0.2500,1.0000,0.0000,4.7413,1.3079,0.8400
4,3,2294,2295,2,2,2,0.5000,2294.712,1115.442,517.846,8.5017,15.0000,1.1538,0.8518,4.9048,0.5916,0.1015,0.3069,0.5000,0.5000,5.3953,1.6349,0.8462
6,4,2296,2297,2,2,2,0.7500,2296.538,1071.333,667.641,10.4126,16.0000,1.2308,0.8573,5.2320,0.2000,0.3333,0.4667,0.0000,0.0000,4.5779,1.4715,0.7051
8,3,2301,2303,3,2,2,0.6667,2302.163,674.593,403.384,9.9430,14.0000,1.3023,0.8706,4.5782,0.3704,0.0753,0.5544,0.9816,0.1908,3.7606,1.1445,0.4651
4,3,2303,2304,2,2,1,1.0000,2303.540,1260.480,807.000,8.1754,14.0000,1.1200,0.6943,4.5782,0.0000,0.7500,0.2500,1.0000,0.0000,4.9052,0.9811,0.8000
17,6,2304,2307,4,2,6,0.3542,2306.128,1308.276,841.675,16.1007,17.0000,1.4236,0.7402,5.5593,0.6169,0.2577,0.1254,0.1035,0.1421,4.5783,1.9621,0.5074
17,4,2304,2307,4,2,5,0.4250,2306.016,1322.630,744.963,14.9903,16.0000,1.4392,1.0522,5.2323,0.2040,0.4996,0.2965,0.2879,0.0715,2.9432,0.6540,0.3810
11,8,2304,2307,4,2,3,0.4583,2305.821,1323.748,734.709,14.8886,19.0000,1.3841,0.9070,6.2133,0.5735,0.1487,0.2778,0.9643,0.0643,3.5972,0.3270,0.8146
45,4,2305,2307,3,6,11,0.2273,2306.162,1290.458,906.688,24.6671,18.0000,1.6008,0.8423,5.8863,0.9173,0.0250,0.0577,0.0086,0.9823,4.2513,1.9621,0.3696
23,7,2305,2307,3,4,5,0.3833,2306.062,1293.423,898.531,17.7289,17.0000,1.5038,1.6370,5.5593,0.5569,0.2152,0.2279,0.1805,0.7279,3.2702,1.4716,0.4462
75,7,2305,2307,3,7,17,0.2101,2306.078,1296.515,887.225,32.2479,18.0000,1.5808,6.3999,5.8864,0.9648,0.0136,0.0216,0.0089,0.7947,4.2512,2.1256,0.3970
13,4,2305,2307,3,3,4,0.3611,2305.985,1302.731,863.590,12.1536,13.0000,1.2612,0.6481,4.2513,0.5686,0.0612,0.3702,0.4569,0.8833,2.6162,1.4716,0.3881
8,3,2305,2307,3,2,3,0.4444,2306.033,1304.341,857.626,10.5213,16.0000,1.4066,1.2286,5.2323,0.6820,0.1035,0.2144,0.7402,0.2285,3.7607,2.9432,0.4945
14,3,2305,2307,3,2,5,0.4667,2306.134,1307.280,846.750,14.3335,16.0000,1.3659,0.3990,5.2323,0.4521,0.3232,0.2247,0.0456,0.1200,3.7607,0.9811,0.4329
8,3,2305,2307,3,2,3,0.4444,2306.250,1310.424,830.087,10.6369,15.0000,1.3043,0.9497,4.9053,0.7021,0.0951,0.2027,0.7715,0.0725,2.6162,-0.3270,0.4565
6,3,2305,2307,3,1,3,0.6667,2306.273,1310.000,833.792,10.2799,17.0000,1.3247,1.0754,5.5593,0.4000,0.4800,0.1200,0.7071,0.0000,4.5783,2.1256,0.7403
5,3,2305,2307,3,2,1,0.8333,2306.338,1311.492,827.000,9.5061,18.0000,1.3846,0.8339,5.8864,0.5854,0.2927,0.1220,0.9487,0.0000,1.9621,-2.9432,0.6923
9,3,2305,2307,3,1,4,0.7500,2305.871,1312.000,820.376,11.0096,16.0000,1.4257,0.3976,5.2323,0.6068,0.3303,0.0629,0.3625,0.0000,1.6351,1.6351,0.4158
8,3,2305,2307,3,2,3,0.4444,2306.340,1312.915,816.053,10.8682,15.0000,1.2766,0.3549,4.9053,0.3019,0.4872,0.2108,0.4422,0.1525,4.2513,1.3081,0.5851
3,3,2305,2307,3,1,1,1.0000,2305.957,1314.000,809.000,8.6850,18.0000,1.1739,0.0435,5.8863,0.8889,0.0000,0.1111,1.0000,0.0000,3.2702,-0.6540,1.0000
12,4,2305,2307,3,2,4,0.5000,2306.007,1315.224,803.320,13.8771,18.0000,1.4694,1.2246,5.8864,0.6066,0.2739,0.1195,0.2780,0.1908,3.2702,1.7986,0.5306
12,4,2305,2307,3,2,4,0.5000,2306.164,1317.679,788.067,12.6499,18.0000,1.6119,0.3667,5.8863,0.5198,0.2582,0.2220,0.5961,0.3015,2.9432,1.3081,0.4403
8,5,2305,2307,3,2,2,0.6667,2306.212,1318.263,784.596,11.4463,16.0000,1.2929,0.5265,5.2323,0.4961,0.2369,0.2670,0.9586,0.0986,3.1067,-0.3270,0.7374
3,3,2305,2307,3,1,1,1.0000,2306.065,1325.000,719.000,8.6850,17.0000,1.1087,0.0652,5.5593,0.8889,0.0000,0.1111,1.0000,0.0000,4.2513,-0.4905,1.0000
28,7,2305,2308,4,5,6,0.2333,2306.962,1329.509,691.275,20.8887,22.0000,1.8225,0.8865,7.1944,0.7487,0.1038,0.1475,0.2258,0.6041,3.2702,0.9811,0.5089
8,3,2306,2307,2,3,2,0.6667,2306.389,812.926,537.326,10.9838,16.0000,1.3474,0.5134,5.2323,0.5524,0.0893,0.3583,0.3251,0.6280,3.5972,0.9811,0.4526
7,3,2306,2307,2,2,3,0.5833,2306.487,1319.553,773.895,9.3937,16.0000,1.4737,0.6889,5.2323,0.3210,0.2459,0.4331,0.2906,0.6446,2.2891,0.9811,0.5526
8,4,2307,2309,3,2,2,0.6667,2308.020,847.714,1002.612,11.3307,20.0000,1.6327,0.4821,6.5404,0.5524,0.0893,0.3583,0.8881,0.4597,4.5783,1.4716,0.6122
8,3,2307,2309,3,2,3,0.4444,2308.122,947.911,661.656,10.4057,17.0000,1.5111,0.3761,5.5594,0.0000,0.6964,0.3036,1.0000,0.0000,3.5972,1.6351,0.5000
55,3,2307,2311,5,5,12,0.1833,2309.091,1321.337,833.762,25.2226,17.0000,1.6346,3.8212,5.5594,0.8855,0.0420,0.0725,0.0009,0.7821,3.9243,1.6351,0.2745
4,3,2308,2309,2,1,2,1.0000,2308.510,507.000,660.569,8.3390,16.0000,1.2549,0.6678,5.2323,0.0000,0.7500,0.2500,0.0000,0.0000,4.5783,1.6351,0.8235
6,3,2308,2310,3,2,2,0.5000,2309.078,702.266,373.344,8.5444,13.0000,1.2187,0.4414,4.2513,0.1333,0.2667,0.6000,1.0000,0.0000,3.9243,1.6351,0.6094
16,4,2308,2310,3,4,4,0.3333,2308.737,1319.269,843.404,13.9802,14.0000,1.3099,0.8755,4.5783,0.7045,0.1085,0.1869,0.1370,0.8908,3.7607,1.3081,0.3099
26,3,2308,2311,4,5,4,0.3250,2309.632,1323.805,823.823,17.7652,15.0000,1.4079,2.4397,4.9053,0.5445,0.2361,0.2195,0.4405,0.7536,3.5972,0.6540,0.2094
19,6,2308,2311,4,4,4,0.2969,2309.596,1324.474,818.385,15.9801,16.0000,1.4272,0.8833,5.2323,0.4571,0.2392,0.3037,0.7398,0.6581,2.9432,0.8176,0.3991
5,3,2309,2311,3,1,2,0.8333,2309.818,1019.000,1075.485,9.6524,17.0000,1.2879,0.5463,5.5594,0.5854,0.2927,0.1220,0.9487,0.0000,5.3958,1.3081,0.7121
3,3,2309,2310,2,2,1,0.7500,2309.683,1318.659,855.000,7.7410,14.0000,1.0244,0.7309,4.5783,0.5333,0.2667,0.2000,0.7071,0.0000,3.5972,-0.3270,1.0000
6,3,2312,2314,3,3,2,0.3333,2313.145,858.632,992.816,10.1464,14.0000,1.1053,1.0418,4.5783,0.7397,0.1062,0.1541,0.6563,0.4773,4.4148,0.9811,0.5263
6,3,2317,2319,3,2,2,0.5000,2318.227,650.667,534.880,10.0127,19.0000,1.5200,0.4206,6.2132,0.5230,0.1584,0.3185,0.9225,0.0898,4.4146,1.1445,0.6267
4,3,2317,2319,3,2,1,0.6667,2318.000,705.812,917.000,7.8483,13.0000,1.0833,1.0174,4.2512,0.5357,0.3214,0.1429,1.0000,0.0000,3.9241,0.9811,0.8125
4,3,2319,2321,3,1,2,0.6667,2319.907,303.000,846.241,8.8292,18.0000,1.3333,0.2579,5.8862,0.5357,0.3214,0.1429,1.0000,0.0000,4.7416,0.9810,0.8333
3,3,2320,2321,2,1,2,0.7500,2320.341,1094.000,679.683,7.7407,14.0000,1.0244,0.4660,4.5781,0.5333,0.2667,0.2000,0.7071,0.0000,4.9051,1.6350,1.0000
7,3,2326,2328,3,3,3,0.2593,2327.062,947.175,475.462,9.8873,14.0000,1.2250,0.9479,4.5779,0.1626,0.4228,0.4146,0.2673,0.8215,4.5778,1.1445,0.6625
4,3,2328,2329,2,2,1,1.0000,2328.528,788.547,993.000,8.6652,15.0000,1.1321,0.6958,4.9048,0.0000,0.7500,0.2500,1.0000,0.0000,4.9048,1.6349,0.8113
6,3,2329,2331,3,3,2,0.3333,2330.188,872.942,847.304,9.2108,14.0000,1.2174,0.3626,4.5778,0.7883,0.0590,0.1528,0.8297,0.1610,4.4142,0.9810,0.5797
3,3,2329,2330,2,1,2,0.7500,2329.659,990.000,740.659,7.7401,14.0000,1.0244,0.7418,4.5778,0.5333,0.2667,0.2000,0.7071,0.0000,4.2508,1.3079,1.0000
5,3,2333,2335,3,1,3,0.5556,2334.200,515.000,668.969,9.5047,17.0000,1.3077,0.2024,5.5585,0.5532,0.3398,0.1070,0.8281,0.0000,4.5776,1.3079,0.6923
6,3,2340,2342,3,2,2,0.5000,2341.127,523.127,804.254,8.4092,13.0000,1.2381,1.1622,4.2504,0.5230,0.1584,0.3185,0.9225,0.0898,3.7600,1.6348,0.6190
4,3,2340,2341,2,1,2,1.0000,2340.540,799.000,742.560,8.1739,14.0000,1.1200,0.6966,4.5774,0.0000,0.7500,0.2500,0.0000,0.0000,4.7409,1.3078,0.8200
6,4,2341,2342,2,3,2,0.5000,2341.479,872.620,362.127,9.4770,15.0000,1.2676,0.6245,4.9043,0.6373,0.1269,0.2358,0.4046,0.4063,4.5774,0.6539,0.7606
4,3,2343,2344,2,1,2,1.0000,2343.518,686.000,420.411,9.1546,17.0000,1.2143,0.6610,5.5582,0.0000,0.7500,0.2500,0.0000,0.0000,5.0677,0.9809,0.8214
7,3,2345,2347,3,4,1,0.5833,2345.838,855.425,627.000,9.8860,14.0000,1.2250,0.4550,4.5773,0.4802,0.4287,0.0910,0.1891,0.0000,3.9234,1.6347,0.5125
6,4,2345,2346,2,2,2,0.7500,2345.486,1130.611,897.250,9.6103,15.0000,1.2500,0.8199,4.9042,0.2000,0.3333,0.4667,0.0000,0.0000,4.5773,0.3270,0.7500
5,3,2347,2348,2,2,2,0.6250,2347.443,643.557,916.148,8.9191,14.0000,1.1475,0.8019,4.5773,0.3432,0.2505,0.4063,0.6059,0.3645,4.9042,1.6347,0.6557
8,3,2349,2350,2,2,3,0.6667,2349.453,840.395,915.698,9.9410,15.0000,1.3953,0.9213,4.9042,0.4685,0.1696,0.3619,0.3645,0.6059,3.5964,1.3078,0.4884
3,3,2350,2351,2,2,1,0.7500,2350.667,1283.310,604.000,7.9280,15.0000,1.0714,0.4549,4.9042,0.5333,0.2667,0.2000,0.7071,0.0000,5.2311,1.3078,1.0000
5,3,2352,2354,3,2,1,0.8333,2352.738,894.508,551.000,8.9191,16.0000,1.3115,0.5719,5.2312,0.5854,0.2927,0.1220,0.9487,0.0000,4.7407,1.3078,0.7049
4,3,2353,2354,2,1,2,1.0000,2353.442,961.000,706.538,8.5006,15.0000,1.1538,0.6393,4.9042,0.0000,0.7500,0.2500,0.0000,0.0000,5.0677,-0.3269,0.8077
4,3,2353,2354,2,2,1,1.0000,2353.585,1274.453,716.000,8.6641,16.0000,1.2075,0.6868,5.2312,0.0000,0.7500,0.2500,1.0000,0.0000,5.0677,0.8174,0.8491
5,3,2355,2357,3,2,1,0.8333,2355.750,1201.550,853.000,8.7730,14.0000,1.1667,0.6042,4.5773,0.5854,0.2927,0.1220,0.9487,0.0000,4.5773,1.3078,0.6667
5,3,2356,2358,3,1,2,0.8333,2356.783,823.000,966.383,8.7730,14.0000,1.1667,0.8721,4.5773,0.5854,0.2927,0.1220,0.9487,0.0000,4.5773,0.9809,0.6833
8,3,2356,2359,4,2,2,0.5000,2357.907,1011.419,939.360,9.9412,15.0000,1.3953,1.2247,4.9043,0.7446,0.1173,0.1381,0.9072,0.3851,3.5965,1.3078,0.4767
5,3,2358,2360,3,1,2,0.8333,2358.803,1253.000,478.667,9.6504,17.0000,1.2879,0.3872,5.5582,0.5854,0.2927,0.1220,0.9487,0.0000,4.5774,1.3078,0.6667
5,3,2359,2360,2,3,1,0.8333,2359.438,1059.781,769.000,9.3580,15.0000,1.1719,0.6035,4.9044,0.5854,0.2927,0.1220,0.3162,0.0000,4.5774,0.9809,0.6406
4,3,2363,2364,2,1,2,1.0000,2363.562,944.000,988.542,7.8472,14.0000,1.1667,0.6963,4.5776,0.0000,0.7500,0.2500,0.0000,0.0000,4.9045,1.6348,0.8333
5,3,2364,2365,2,2,2,0.6250,2364.517,946.500,792.862,8.4811,15.0000,1.2931,0.7325,4.9045,0.3432,0.2505,0.4063,0.6059,0.3645,4.9045,1.6349,0.7241
11,3,2368,2371,4,3,2,0.4583,2369.398,829.750,913.250,12.6198,17.0000,1.4609,0.8853,5.5588,0.5559,0.1962,0.2479,0.8586,0.2049,3.9239,1.4715,0.3594
6,3,2368,2370,3,2,2,0.5000,2368.709,966.354,710.759,10.5459,16.0000,1.2152,0.8282,5.2318,0.6381,0.1455,0.2164,0.8019,0.3768,5.2318,1.6349,0.6076
7,4,2369,2370,2,3,2,0.5833,2369.404,666.944,590.404,10.9996,17.0000,1.3371,0.5748,5.5589,0.2182,0.5610,0.2208,0.0000,0.7071,4.9049,1.4715,0.6966
4,3,2369,2370,2,2,1,1.0000,2369.449,1012.429,821.000,8.0113,14.0000,1.1429,0.6207,4.5779,0.0000,0.7500,0.2500,1.0000,0.0000,5.0683,0.8175,0.8367
4,3,2371,2373,3,1,2,0.6667,2372.053,976.000,763.140,9.3197,20.0000,1.4035,0.1499,6.5401,0.5357,0.3214,0.1429,1.0000,0.0000,5.0686,1.6350,0.8596
7,3,2373,2374,2,3,2,0.5833,2373.434,988.974,599.171,9.3936,16.0000,1.4737,0.5917,5.2323,0.4600,0.2645,0.2756,0.0000,0.3827,3.2702,1.3081,0.5526
6,3,2375,2376,2,2,2,0.7500,2375.529,513.265,798.485,9.0786,14.0000,1.2353,0.7460,4.5785,0.2667,0.1333,0.6000,0.7071,0.7071,4.0878,1.4716,0.5882
5,3,2376,2378,3,1,2,0.8333,2376.776,945.000,493.379,8.4829,15.0000,1.2931,0.4406,4.9056,0.5854,0.2927,0.1220,0.9487,0.0000,4.5785,1.3081,0.7241
4,3,2377,2379,3,2,1,0.6667,2378.102,935.551,939.000,8.0127,14.0000,1.1429,1.0039,4.5788,0.7576,0.1294,0.1129,0.8507,0.0000,4.5787,1.3082,0.8163
4,3,2377,2378,2,2,2,0.5000,2377.460,980.720,627.180,8.1761,14.0000,1.1200,0.8732,4.5787,0.5916,0.1015,0.3069,0.7071,0.7071,4.7421,0.9811,0.8200
7,3,2381,2383,3,2,2,0.5833,2381.795,1009.735,747.542,10.2609,17.0000,1.4337,0.6373,5.5604,0.4600,0.2645,0.2756,0.8571,0.1000,3.5980,0.8177,0.5301
9,3,2382,2384,3,2,3,0.5000,2383.143,1167.643,681.286,10.6851,15.0000,1.3776,0.4792,4.9064,0.5576,0.0711,0.3713,0.8124,0.2588,3.9251,0.9813,0.4184
4,3,2385,2387,3,2,1,0.6667,2386.283,1099.755,999.000,8.6690,16.0000,1.2075,0.3745,5.2340,0.7500,0.1500,0.1000,0.9487,0.0000,4.5799,1.3086,0.7925
4,3,2388,2389,2,2,2,0.5000,2388.170,738.277,249.277,7.6881,13.0000,1.1064,0.4266,4.2530,0.0000,0.5625,0.4375,0.4459,0.5774,4.5801,1.6357,0.8298
3,3,2389,2390,2,2,1,0.7500,2389.667,1099.333,992.000,7.3668,13.0000,1.0000,0.7454,4.2533,0.5333,0.2667,0.2000,0.7071,0.0000,4.5805,1.4722,1.0000
8,3,2392,2395,4,3,2,0.3333,2393.412,910.906,744.318,9.8338,16.0000,1.5059,0.9058,5.2358,0.6485,0.2184,0.1331,0.9205,0.3527,3.4360,1.3088,0.4941
4,3,2392,2393,2,3,1,0.6667,2392.440,1180.100,584.000,8.1803,15.0000,1.2000,0.4512,4.9081,0.7576,0.1294,0.1129,0.5257,0.0000,4.9082,1.4724,0.8400
3,3,2393,2394,2,2,1,0.7500,2393.366,1267.683,749.000,7.7459,15.0000,1.0976,0.7090,4.9085,0.5333,0.2667,0.2000,0.7071,0.0000,4.5811,0.9817,1.0000
3,3,2394,2396,3,1,1,1.0000,2395.000,877.000,614.000,7.9354,16.0000,1.1429,0.0000,5.2360,0.8889,0.0000,0.1111,1.0000,0.0000,4.5817,1.3090,1.0000
5,3,2395,2396,2,2,2,0.6250,2395.483,1037.603,651.138,8.4885,14.0000,1.2069,0.8067,4.5817,0.3432,0.2505,0.4063,0.6059,0.3645,3.9270,0.6545,0.7069
3,3,2397,2398,2,1,2,0.7500,2397.302,925.000,815.674,8.1253,16.0000,1.1163,0.4443,5.2365,0.5333,0.2667,0.2000,0.7071,0.0000,5.2365,1.4728,1.0000
4,3,2398,2400,3,1,2,0.6667,2399.367,876.000,934.735,8.0194,15.0000,1.2245,0.4531,4.9098,0.7500,0.1500,0.1000,0.9487,0.0000,4.5827,0.9820,0.8367
4,3,2400,2401,2,2,2,0.5000,2400.540,1075.720,589.840,8.1836,15.0000,1.2000,0.6290,4.9100,0.5916,0.1015,0.3069,0.7071,0.7071,5.0739,1.6368,0.8400
4,3,2401,2403,3,2,1,0.6667,2402.000,989.184,799.000,8.0206,14.0000,1.1429,0.1837,4.5832,0.5357,0.3214,0.1429,1.0000,0.0000,4.5832,0.9822,0.8163
4,3,2404,2406,3,2,1,0.6667,2404.962,753.774,830.000,8.6770,15.0000,1.1321,0.9885,4.9112,0.5357,0.3214,0.1429,1.0000,0.0000,3.9294,1.8008,0.7736
5,3,2404,2405,2,3,2,0.4167,2404.230,1117.475,438.180,8.9319,15.0000,1.2295,0.5579,4.9112,0.6338,0.1686,0.1975,0.2016,0.6778,4.9112,1.4734,0.6885
3,3,2407,2408,2,1,2,0.7500,2407.350,1132.000,448.325,7.5629,14.0000,1.0500,0.7267,4.5849,0.5333,0.2667,0.2000,0.7071,0.0000,4.5847,1.4736,1.0000
5,3,2407,2409,3,3,1,0.5556,2408.138,1160.966,509.000,8.4948,14.0000,1.2069,0.1422,4.5849,0.5532,0.3398,0.1070,0.8281,0.0000,4.9121,1.3100,0.6897
5,3,2410,2412,3,1,3,0.5556,2411.089,619.000,1002.232,8.2035,14.0000,1.2500,0.2487,4.5859,0.5532,0.3398,0.1070,0.5606,0.0000,4.5859,1.3102,0.7143
5,3,2411,2412,2,2,2,0.6250,2411.295,852.410,555.623,8.9361,16.0000,1.3115,0.7600,5.2410,0.2938,0.4054,0.3007,0.0000,0.3029,4.5859,1.3104,0.7049
6,3,2414,2416,3,2,1,1.0000,2415.155,1115.451,919.000,9.4974,17.0000,1.4366,0.4766,5.5702,0.5556,0.3333,0.1111,1.0000,0.0000,4.2597,1.1468,0.6197
4,3,2415,2417,3,1,2,0.6667,2416.100,954.000,730.440,8.1921,14.0000,1.1200,0.4512,4.5879,0.7576,0.1294,0.1129,0.8507,0.0000,5.0790,1.3108,0.8200
7,3,2416,2418,3,3,1,0.7778,2416.645,1153.776,786.000,9.4132,14.0000,1.2895,1.0091,4.5875,0.4747,0.4312,0.0941,0.5071,0.0000,3.9324,0.6555,0.5263
6,3,2418,2419,2,2,3,0.5000,2418.348,854.879,835.682,8.8307,15.0000,1.3636,0.9508,4.9163,0.5230,0.1584,0.3185,0.3667,0.5079,3.7689,1.3109,0.6364
5,4,2418,2419,2,2,2,0.6250,2418.453,883.125,927.453,9.3804,16.0000,1.2500,0.7834,5.2440,0.3432,0.2505,0.4063,0.6059,0.3645,4.5886,1.3110,0.8750
7,3,2418,2420,3,2,3,0.3889,2419.380,918.772,873.810,9.7867,15.0000,1.3291,1.0454,4.9167,0.2843,0.4935,0.2222,0.8778,0.4790,3.6055,0.6555,0.5190
9,3,2419,2421,3,2,3,0.5000,2419.716,926.505,743.137,10.3794,15.0000,1.4211,0.8868,4.9163,0.3937,0.3381,0.2682,0.5867,0.5882,3.2778,1.3112,0.4421
6,3,2421,2423,3,3,1,0.6667,2421.884,587.275,703.000,9.2345,14.0000,1.2174,1.1431,4.5896,0.6944,0.2222,0.0833,0.8000,0.0000,4.5894,2.1307,0.5942
3,3,2421,2422,2,2,1,0.7500,2421.667,922.310,1005.000,7.9492,15.0000,1.0714,0.4549,4.9174,0.5333,0.2667,0.2000,0.7071,0.0000,4.9170,1.1474,1.0000
10,3,2421,2423,3,3,4,0.2778,2421.514,987.303,799.064,11.2994,14.0000,1.2844,1.2642,4.5896,0.7731,0.0656,0.1613,0.3613,0.0583,4.0976,1.3112,0.3670
4,3,2422,2425,4,1,1,1.0000,2423.400,897.000,531.000,9.0161,17.0000,1.2364,0.4000,5.5734,0.9375,0.0000,0.0625,1.0000,0.0000,4.9178,1.4754,0.8182
7,4,2422,2424,3,2,2,0.5833,2423.094,1004.541,465.153,10.5329,16.0000,1.3176,0.4927,5.2460,0.4600,0.2645,0.2756,1.0000,0.0000,4.5899,1.3114,0.6941
7,3,2425,2426,2,2,4,0.4375,2425.556,887.123,984.358,10.0391,15.0000,1.2963,0.6724,4.9188,0.7406,0.0824,0.1770,0.3497,0.5059,2.9513,1.3116,0.5309
8,3,2428,2431,4,2,2,0.5000,2429.939,956.744,1039.220,9.5096,14.0000,1.3659,0.3428,4.5922,0.7018,0.1426,0.1556,0.9816,0.1908,3.2803,0.9841,0.4878
8,3,2430,2432,3,2,2,0.6667,2431.264,810.356,971.402,10.0904,13.0000,1.1954,0.5989,4.2648,0.3704,0.0753,0.5544,0.9816,0.1908,3.9366,0.6562,0.4483
9,3,2433,2435,3,3,3,0.3333,2433.719,1056.250,891.000,10.4991,16.0000,1.5000,0.7610,5.2493,0.4853,0.1839,0.3308,0.8798,0.3242,3.6092,1.3124,0.4479
5,3,2434,2435,2,2,2,0.6250,2434.368,724.614,1005.281,8.3640,14.0000,1.2281,0.7691,4.5935,0.2938,0.4054,0.3007,0.7071,0.6739,4.5937,1.3125,0.7193
7,3,2435,2437,3,3,2,0.3889,2436.184,775.816,826.105,9.4262,13.0000,1.1974,0.8429,4.2662,0.6107,0.2231,0.1662,0.4941,0.2987,4.2661,1.6408,0.5132
3,3,2437,2438,2,1,2,0.7500,2437.690,779.000,1093.690,7.9579,16.0000,1.1429,0.4377,5.2510,0.5333,0.2667,0.2000,0.7071,0.0000,4.5945,0.3282,1.0000
7,3,2438,2440,3,2,2,0.5833,2439.300,914.638,782.750,9.9241,15.0000,1.3125,0.7476,4.9231,0.3772,0.3083,0.3146,0.9758,0.2185,3.9386,1.8050,0.5500
6,3,2440,2442,3,2,2,0.5000,2441.104,1096.866,874.254,8.9782,14.0000,1.2537,1.1412,4.5953,0.5230,0.1584,0.3185,0.9225,0.0898,4.2672,1.9693,0.6119
6,3,2443,2446,4,2,2,0.3750,2444.597,824.881,767.881,8.9798,15.0000,1.3433,0.4369,4.9245,0.7722,0.0368,0.1910,0.9884,0.0000,3.9395,1.6414,0.6269
4,3,2443,2444,2,2,1,1.0000,2443.510,962.451,366.000,8.3711,15.0000,1.1765,0.6806,4.9241,0.0000,0.7500,0.2500,1.0000,0.0000,4.5960,0.9848,0.8039
8,3,2444,2446,3,4,2,0.3333,2445.207,883.529,599.207,10.0984,16.0000,1.4713,0.9754,5.2531,0.8395,0.0669,0.0936,0.3280,0.3336,3.6114,1.3133,0.4828
5,3,2445,2447,3,2,2,0.4167,2446.288,1029.864,845.153,8.6629,16.0000,1.3559,0.3531,5.2531,0.6338,0.1686,0.1975,0.9585,0.2851,4.9246,1.4774,0.7119
4,3,2448,2450,3,1,2,0.6667,2449.096,808.000,984.538,8.5372,15.0000,1.1538,0.5470,4.9253,0.7576,0.1294,0.1129,0.8507,0.0000,4.9253,0.9850,0.8269
7,3,2451,2452,2,4,2,0.4375,2451.566,521.553,508.895,9.4328,14.0000,1.2895,0.6323,4.5974,0.7406,0.0824,0.1770,0.3497,0.5059,4.2688,1.3135,0.5263
6,3,2452,2454,3,2,2,0.5000,2453.104,637.672,899.851,8.9824,13.0000,1.1642,0.3755,4.2692,0.7074,0.0897,0.2030,0.9140,0.2540,4.1049,1.6420,0.5821
5,3,2456,2458,3,2,2,0.4167,2457.100,845.514,505.743,10.2811,20.0000,1.4286,0.5586,6.5684,0.7383,0.0485,0.2132,0.7071,0.0000,5.5831,1.1494,0.7429
6,3,2456,2457,2,3,2,0.5000,2456.632,1060.985,713.500,9.1171,13.0000,1.1471,0.8063,4.2694,0.4412,0.1872,0.3716,0.0000,0.0000,4.7620,0.9853,0.5735
5,3,2459,2461,3,1,2,0.8333,2459.918,798.000,1029.361,8.9596,17.0000,1.3934,0.3699,5.5833,0.5854,0.2927,0.1220,0.9487,0.0000,4.9264,0.8211,0.7049
10,3,2460,2462,3,4,3,0.2778,2460.893,459.854,557.874,10.6975,15.0000,1.4563,0.2203,4.9265,0.7073,0.0936,0.1991,0.6791,0.6470,3.4485,1.3137,0.3981
7,3,2460,2462,3,3,2,0.3889,2460.805,1147.494,767.532,9.5585,14.0000,1.2727,0.7072,4.5981,0.2234,0.5743,0.2024,0.2476,0.2699,3.6128,1.3137,0.5325
5,3,2465,2467,3,2,2,0.4167,2466.033,873.131,630.459,8.9598,15.0000,1.2295,0.5576,4.9266,0.5461,0.2256,0.2283,0.8117,0.4177,4.5981,0.9853,0.6885
5,3,2466,2468,3,2,2,0.4167,2466.949,941.559,1108.153,8.6660,14.0000,1.1864,0.4691,4.5981,0.5461,0.2256,0.2283,0.8117,0.4177,4.5981,0.8211,0.6780
5,3,2466,2468,3,2,1,0.8333,2466.733,1004.550,599.000,8.8129,14.0000,1.1667,0.9167,4.5981,0.5854,0.2927,0.1220,0.9487,0.0000,4.5981,0.9853,0.6667
6,3,2470,2472,3,2,2,0.5000,2470.714,666.129,1159.643,9.3856,14.0000,1.2000,0.9695,4.5980,0.5230,0.1584,0.3185,0.9225,0.0898,4.7622,1.6421,0.6000
5,3,2471,2473,3,2,2,0.4167,2472.089,428.696,777.768,8.2251,13.0000,1.1607,0.8305,4.2695,0.5461,0.2256,0.2283,0.8117,0.4177,4.5979,1.3137,0.6964
6,3,2473,2475,3,2,2,0.5000,2473.879,1103.606,707.258,8.8490,14.0000,1.2727,0.4860,4.5979,0.4246,0.3485,0.2269,0.7895,0.0722,3.9410,0.8210,0.6061
5,3,2474,2476,3,3,1,0.5556,2474.968,971.677,590.000,9.1060,15.0000,1.2097,0.6782,4.9262,0.5532,0.3398,0.1070,0.5606,0.0000,4.5979,1.1495,0.6935
8,3,2476,2478,3,2,3,0.4444,2476.787,769.798,962.883,10.9143,20.0000,1.7021,0.3159,6.5681,0.3086,0.2813,0.4101,0.8447,0.2974,3.7767,1.6420,0.5106
4,3,2476,2478,3,2,1,0.6667,2476.865,854.538,776.000,8.5386,16.0000,1.2308,0.5550,5.2545,0.7576,0.1294,0.1129,0.8507,0.0000,4.9261,1.6420,0.8462
8,3,2476,2478,3,3,2,0.4444,2476.966,885.955,950.101,10.3337,17.0000,1.5281,0.9610,5.5829,0.5224,0.3255,0.1522,0.7803,0.1301,3.6125,1.3136,0.4831
3,3,2476,2478,3,1,1,1.0000,2477.065,1012.000,739.000,8.7218,17.0000,1.1087,0.9348,5.5828,0.8889,0.0000,0.1111,1.0000,0.0000,5.5829,2.1346,1.0000
4,3,2479,2480,2,2,2,0.5000,2479.292,776.167,746.271,7.8815,14.0000,1.1667,0.7764,4.5975,0.0000,0.5625,0.4375,0.4459,0.5774,4.5976,1.3136,0.8333
7,3,2480,2482,3,3,2,0.3889,2480.882,420.934,838.776,9.4330,16.0000,1.4737,0.2615,5.2542,0.5479,0.1606,0.2915,0.9003,0.3984,3.2839,1.3135,0.5526
9,5,2485,2487,3,2,3,0.5000,2485.605,904.849,962.832,13.0252,21.0000,1.5882,0.6459,6.8957,0.3237,0.4225,0.2539,0.1921,0.0699,4.9254,0.9851,0.6723
3,3,2485,2487,3,1,1,1.0000,2486.000,1004.000,643.000,7.5832,14.0000,1.0500,0.0000,4.5971,0.8889,0.0000,0.1111,1.0000,0.0000,4.5971,1.3135,1.0000
5,3,2487,2489,3,2,1,0.8333,2488.098,835.377,982.000,8.9575,14.0000,1.1475,1.1613,4.5970,0.5854,0.2927,0.1220,0.9487,0.0000,4.7611,0.8209,0.6721
5,3,2489,2490,2,2,2,0.6250,2489.623,1203.672,728.541,8.9573,15.0000,1.2295,0.7364,4.9252,0.2938,0.4054,0.3007,0.0000,0.3029,4.9252,1.6417,0.6721
7,3,2490,2493,4,2,2,0.4375,2491.360,879.442,834.895,10.6727,16.0000,1.3023,0.5798,5.2535,0.6625,0.1752,0.1623,0.9597,0.1934,4.2685,1.9700,0.5465
5,3,2491,2493,3,2,2,0.4167,2492.050,729.133,966.650,8.8102,16.0000,1.3333,0.3779,5.2534,0.1521,0.5234,0.3245,1.0000,0.0000,4.5967,1.6417,0.7000
5,3,2491,2493,3,2,1,0.8333,2492.322,1138.407,611.000,8.6634,14.0000,1.1864,0.7906,4.5967,0.5854,0.2927,0.1220,0.9487,0.0000,4.5967,1.6417,0.6780
6,4,2492,2493,2,2,2,0.7500,2492.296,720.423,858.366,9.5171,15.0000,1.2676,0.6325,4.9251,0.2000,0.3333,0.4667,0.7071,0.7071,4.5967,0.9850,0.7606
5,3,2496,2498,3,1,2,0.8333,2496.778,871.000,488.413,9.2503,16.0000,1.2698,0.4687,5.2532,0.5854,0.2927,0.1220,0.9487,0.0000,4.9248,0.9850,0.6667
4,3,2498,2501,4,1,1,1.0000,2499.660,404.000,798.000,7.7155,13.0000,1.1064,0.6596,4.2681,0.9375,0.0000,0.0625,1.0000,0.0000,4.5964,1.3133,0.8298
11,3,2500,2502,3,4,3,0.3056,2500.678,982.240,649.157,11.9779,19.0000,1.7273,0.4313,6.2380,0.3896,0.3579,0.2525,0.0693,0.4726,3.6115,0.9850,0.3884
4,3,2501,2503,3,1,2,0.6667,2502.018,1001.000,831.140,9.3570,18.0000,1.2632,0.1414,5.9097,0.5357,0.3214,0.1429,1.0000,0.0000,5.4172,1.8057,0.8596
12,3,2502,2503,2,3,4,0.5000,2502.545,875.940,1054.306,12.7000,16.0000,1.4328,1.1290,5.2530,0.3815,0.3936,0.2249,0.3772,0.9045,3.1190,0.6566,0.3507
6,3,2503,2505,3,1,3,0.6667,2504.288,850.000,1006.822,9.7844,18.0000,1.4795,0.3383,5.9096,0.2083,0.6667,0.1250,0.8944,0.0000,4.2681,1.3133,0.6301
10,3,2506,2508,3,3,3,0.3704,2507.058,1030.712,640.779,10.7975,13.0000,1.2500,1.1184,4.2681,0.5189,0.2949,0.1862,0.4078,0.1684,3.6114,1.3133,0.3750
3,3,2512,2514,3,1,1,1.0000,2513.025,1108.000,914.000,7.5822,14.0000,1.0500,0.9750,4.5965,0.8889,0.0000,0.1111,1.0000,0.0000,4.9248,1.8057,1.0000
4,3,2514,2515,2,2,1,1.0000,2514.472,920.491,497.000,8.7005,14.0000,1.0566,0.6806,4.5965,0.0000,0.7500,0.2500,1.0000,0.0000,5.0890,1.3133,0.7736
8,3,2517,2518,2,4,2,0.5000,2517.478,1015.933,677.089,10.4473,16.0000,1.4222,0.4905,5.2532,0.7589,0.1106,0.1304,0.2069,0.2613,3.7758,1.8058,0.4778
4,3,2519,2520,2,2,2,0.5000,2519.812,1039.729,1227.271,7.8799,13.0000,1.0833,0.8001,4.2683,0.0000,0.5625,0.4375,0.4459,0.5774,4.5966,0.6567,0.8125
7,3,2520,2523,4,2,2,0.4375,2521.070,819.105,946.791,10.6725,19.0000,1.5465,0.2442,6.2383,0.7514,0.0882,0.1604,0.9757,0.1283,3.9400,0.9850,0.5930
7,3,2521,2524,4,2,3,0.2917,2522.853,1026.400,631.000,9.3075,17.0000,1.5867,0.6177,5.5817,0.6059,0.1701,0.2240,0.9451,0.3269,2.9550,1.4775,0.5733
7,3,2522,2525,4,2,2,0.4375,2523.024,712.602,889.723,10.3003,14.0000,1.1807,1.3151,4.5967,0.7941,0.0831,0.1229,0.8986,0.2604,4.5967,0.9850,0.6506
7,3,2524,2526,3,2,2,0.5833,2525.183,718.098,1134.573,10.1763,15.0000,1.2805,0.9270,4.9251,0.5916,0.2044,0.2040,0.9664,0.1591,4.5968,1.4775,0.5122
9,4,2525,2527,3,3,2,0.5000,2526.059,1048.198,727.604,11.0542,17.0000,1.5149,0.4468,5.5818,0.4270,0.1806,0.3924,0.7116,0.2688,3.2834,1.1492,0.5842
6,3,2526,2527,2,3,2,0.5000,2526.467,1159.373,823.867,10.0534,16.0000,1.2800,0.6123,5.2535,0.6373,0.1269,0.2358,0.4046,0.4063,4.4326,0.9850,0.5867
4,3,2530,2531,2,1,2,1.0000,2530.540,385.000,936.460,8.2086,14.0000,1.1200,0.6505,4.5968,0.0000,0.7500,0.2500,0.0000,0.0000,4.5968,0.9850,0.8000
6,3,2538,2539,2,3,1,1.0000,2538.453,877.000,794.000,10.0530,16.0000,1.2800,0.4533,5.2533,0.5556,0.3333,0.1111,0.0000,0.0000,4.4325,1.6416,0.5600
5,3,2538,2540,3,2,2,0.4167,2539.206,1018.254,633.857,9.2504,16.0000,1.2698,0.3571,5.2532,0.6489,0.0995,0.2515,0.9362,0.2726,3.9399,1.4775,0.7143
8,4,2541,2543,3,2,3,0.4444,2542.053,850.611,883.821,11.0272,14.0000,1.1789,0.6384,4.5964,0.5859,0.0617,0.3524,0.7477,0.5237,4.5963,1.3133,0.5684
4,3,2543,2544,2,1,2,1.0000,2543.455,708.000,1052.491,9.0283,16.0000,1.1636,0.6825,5.2529,0.0000,0.7500,0.2500,0.0000,0.0000,4.9246,1.3132,0.8000
10,5,2546,2548,3,2,3,0.5556,2547.364,589.603,600.463,12.5609,17.0000,1.4050,0.8859,5.5807,0.4098,0.1756,0.4146,0.7071,0.4082,4.7599,1.9696,0.6033
4,3,2546,2547,2,1,2,1.0000,2546.460,903.000,1023.560,8.2070,14.0000,1.1200,0.6366,4.5960,0.0000,0.7500,0.2500,0.0000,0.0000,4.7601,0.9848,0.8200
4,3,2548,2550,3,2,1,0.6667,2549.078,1053.510,627.000,8.3705,16.0000,1.2549,0.5158,5.2521,0.7576,0.1294,0.1129,0.8507,0.0000,4.5955,1.1489,0.8235
4,3,2550,2551,2,1,2,1.0000,2550.418,390.000,875.455,9.0266,17.0000,1.2364,0.6873,5.5802,0.0000,0.7500,0.2500,0.0000,0.0000,5.2518,1.3129,0.8545
7,3,2556,2558,3,2,3,0.3889,2557.041,536.784,906.743,9.1782,14.0000,1.3243,0.7751,4.5941,0.6031,0.0562,0.3407,0.2982,0.2409,3.9379,1.6408,0.5405
5,3,2557,2559,3,1,2,0.8333,2558.172,837.000,785.266,9.3917,17.0000,1.3281,0.3164,5.5783,0.5854,0.2927,0.1220,0.9487,0.0000,4.9222,1.3125,0.7344
4,3,2559,2560,2,1,2,1.0000,2559.520,619.000,1043.540,8.2028,14.0000,1.1200,0.6943,4.5937,0.0000,0.7500,0.2500,0.0000,0.0000,4.5934,1.6405,0.8000
7,3,2560,2561,2,2,3,0.5833,2560.494,970.785,1062.190,9.7966,17.0000,1.5063,0.5820,5.5774,0.3883,0.1309,0.4808,0.3626,0.5691,3.6092,0.9843,0.5570
4,3,2560,2561,2,1,2,1.0000,2560.510,984.000,621.431,8.3664,16.0000,1.2549,0.6678,5.2496,0.0000,0.7500,0.2500,0.0000,0.0000,4.5932,1.1483,0.8235
5,3,2561,2563,3,2,1,0.8333,2562.236,827.382,634.000,8.0693,13.0000,1.1818,0.4491,4.2649,0.5854,0.2927,0.1220,0.9487,0.0000,4.5927,1.1482,0.7091
5,3,2561,2563,3,3,1,0.5556,2561.552,845.500,629.000,8.5097,14.0000,1.2069,0.7446,4.5932,0.6646,0.2585,0.0769,0.7071,0.0000,4.5932,1.3124,0.7069
5,3,2563,2565,3,3,1,0.5556,2564.263,796.947,510.000,8.3617,13.0000,1.1404,0.9832,4.2644,0.5532,0.3398,0.1070,0.8281,0.0000,4.5922,1.1481,0.6842
10,3,2567,2569,3,3,3,0.3704,2567.466,974.029,888.379,10.6822,14.0000,1.3592,1.2893,4.5916,0.5313,0.2495,0.2192,0.3988,0.4613,3.2798,1.9676,0.3981
4,3,2570,2571,2,1,2,1.0000,2570.463,737.000,869.463,8.8533,15.0000,1.1111,0.6547,4.9186,0.0000,0.7500,0.2500,0.0000,0.0000,4.9185,0.6558,0.7963
4,3,2570,2571,2,2,1,1.0000,2570.562,1128.542,477.000,7.8695,14.0000,1.1667,0.6963,4.5904,0.0000,0.7500,0.2500,1.0000,0.0000,4.5906,1.3116,0.8333
9,3,2572,2575,4,2,3,0.3750,2573.318,990.916,812.271,11.6930,18.0000,1.5140,0.7997,5.9012,0.6724,0.1967,0.1309,0.8066,0.0570,3.6061,0.6557,0.4486
5,3,2575,2577,3,1,2,0.8333,2575.719,1100.000,1146.344,9.3819,16.0000,1.2500,0.7967,5.2449,0.5854,0.2927,0.1220,0.9487,0.0000,4.9170,1.4750,0.6875
5,3,2576,2578,3,2,1,0.8333,2577.242,922.435,774.000,9.0878,15.0000,1.2097,0.4982,4.9164,0.5854,0.2927,0.1220,0.9487,0.0000,4.9161,0.9832,0.6774
4,3,2577,2578,2,1,2,1.0000,2577.440,824.000,1176.440,8.1938,15.0000,1.2000,0.6223,4.9164,0.0000,0.7500,0.2500,0.0000,0.0000,4.9162,1.3110,0.8200
4,3,2580,2581,2,2,2,0.5000,2580.314,1129.176,898.745,8.3562,16.0000,1.2549,0.7531,5.2429,0.0000,0.5625,0.4375,0.4459,0.5774,4.5878,0.8192,0.8235
4,3,2583,2585,3,1,2,0.6667,2583.923,829.000,791.731,8.5183,16.0000,1.2308,0.2800,5.2420,0.5357,0.3214,0.1429,1.0000,0.0000,5.4057,2.1296,0.8269
6,3,2584,2586,3,2,2,0.5000,2585.343,538.672,727.134,8.9607,15.0000,1.3433,0.4937,4.9141,0.5034,0.2551,0.2415,0.9677,0.2521,3.9311,1.6381,0.6119
4,3,2591,2592,2,2,1,1.0000,2591.453,805.566,532.000,8.6787,16.0000,1.2075,0.6272,5.2401,0.0000,0.7500,0.2500,1.0000,0.0000,5.0762,1.9650,0.8113
6,3,2592,2594,3,2,2,0.5000,2593.244,776.110,998.500,10.9627,20.0000,1.4634,0.5670,6.5496,0.3810,0.3333,0.2857,0.9487,0.1690,4.9120,0.3275,0.6463
8,3,2593,2595,3,2,3,0.4444,2593.747,943.361,722.783,9.6095,15.0000,1.4458,0.4916,4.9120,0.1733,0.4705,0.3561,0.8342,0.4856,3.4384,1.3099,0.4940
5,3,2595,2597,3,1,2,0.8333,2596.288,825.000,1280.559,8.6396,13.0000,1.1017,0.6292,4.2567,0.5854,0.2927,0.1220,0.9487,0.0000,4.5840,1.4735,0.6610
5,3,2596,2597,2,2,2,0.6250,2596.594,689.203,936.328,9.3717,16.0000,1.2500,0.5603,5.2389,0.3432,0.2505,0.4063,0.6059,0.3645,4.5840,1.6372,0.6719
6,3,2596,2597,2,2,2,0.7500,2596.439,1122.409,630.758,8.8226,15.0000,1.3636,0.6475,4.9116,0.2000,0.3333,0.4667,0.0000,0.0000,4.0929,1.3097,0.6364
4,4,2597,2598,2,2,1,1.0000,2597.483,1051.483,712.000,9.4953,16.0000,1.1034,0.6827,5.2389,0.0000,0.7500,0.2500,1.0000,0.0000,5.2388,2.2919,1.0000
4,3,2600,2601,2,2,2,0.5000,2600.264,558.245,595.189,8.6761,16.0000,1.2075,0.4069,5.2384,0.0000,0.5625,0.4375,0.4459,0.5774,4.7473,0.9822,0.8113
5,3,2600,2601,2,1,3,0.8333,2600.548,615.000,1245.258,9.0778,15.0000,1.2097,0.6061,4.9110,0.5854,0.2927,0.1220,0.3162,0.0000,4.5835,1.6370,0.6613
8,4,2600,2602,3,3,2,0.4444,2601.032,993.570,838.656,10.7649,17.0000,1.4624,0.6665,5.5657,0.2229,0.3023,0.4748,0.3761,0.4381,4.4198,1.3096,0.6344
6,3,2604,2606,3,2,2,0.5000,2605.149,461.392,600.149,9.8900,15.0000,1.2162,0.6434,4.9106,0.5230,0.1584,0.3185,0.9225,0.0898,4.0922,0.9821,0.5676
5,3,2604,2606,3,2,1,0.8333,2605.237,474.593,941.000,8.6379,15.0000,1.2712,0.6389,4.9106,0.5854,0.2927,0.1220,0.9487,0.0000,4.5832,1.4732,0.7119
4,3,2611,2613,3,2,1,0.6667,2612.093,952.426,1033.000,8.8388,18.0000,1.3333,0.4359,5.8925,0.7576,0.1294,0.1129,0.8507,0.0000,4.9104,1.8005,0.8519
5,4,2612,2613,2,2,2,0.6250,2612.571,648.587,1019.143,9.2233,14.0000,1.1111,0.7192,4.5831,0.3432,0.2505,0.4063,0.6059,0.3645,4.5831,0.9821,0.8571
5,3,2612,2614,3,2,1,0.8333,2613.167,971.433,512.000,8.7841,15.0000,1.2500,0.4643,4.9105,0.5854,0.2927,0.1220,0.9487,0.0000,4.5831,0.9821,0.6833
12,3,2616,2618,3,2,3,0.6667,2616.970,579.409,879.561,12.4747,15.0000,1.3636,0.6011,4.9106,0.3960,0.2386,0.3653,0.9270,0.1152,3.9285,1.3095,0.3182
3,3,2621,2623,3,1,1,1.0000,2622.000,543.000,1021.000,7.3721,13.0000,1.0000,1.0000,4.2564,0.8889,0.0000,0.1111,1.0000,0.0000,4.5837,1.3096,1.0000
6,3,2622,2624,3,1,2,1.0000,2623.062,736.000,1085.462,8.6883,14.0000,1.2923,0.5420,4.5838,0.5556,0.3333,0.1111,1.0000,0.0000,4.2563,1.3096,0.6154
4,3,2624,2625,2,1,2,1.0000,2624.538,704.000,880.423,8.5130,15.0000,1.1538,0.6848,4.9114,0.0000,0.7500,0.2500,0.0000,0.0000,4.9114,0.6548,0.8269
9,3,2624,2627,4,2,3,0.3750,2625.710,1004.500,937.000,10.9145,15.0000,1.3500,0.5780,4.9116,0.6736,0.0421,0.2844,0.9815,0.1830,3.9294,0.6549,0.4100
9,3,2627,2629,3,5,1,0.6000,2628.081,1145.313,893.000,10.8061,15.0000,1.3636,0.3234,4.9118,0.6899,0.2653,0.0448,0.1961,0.0000,3.6019,0.9824,0.5556
8,3,2631,2634,4,2,2,0.5000,2633.067,466.461,872.809,10.3054,17.0000,1.5281,0.5032,5.5676,0.7189,0.1391,0.1420,0.9388,0.0872,3.7663,0.9825,0.4831
10,3,2632,2634,3,2,2,0.8333,2632.793,854.550,1014.541,11.4958,15.0000,1.3514,1.0600,4.9124,0.5122,0.0732,0.4146,0.9487,0.3162,4.2575,0.9825,0.3694
5,3,2634,2636,3,2,1,0.8333,2634.695,694.373,816.000,8.6419,16.0000,1.3559,0.4818,5.2404,0.5854,0.2927,0.1220,0.9487,0.0000,4.5852,1.3101,0.7119
4,3,2636,2637,2,2,2,0.5000,2636.735,892.796,1012.531,8.0249,13.0000,1.0612,0.8954,4.2582,0.5916,0.1015,0.3069,0.5000,0.5000,4.5856,1.3102,0.7959
3,3,2636,2637,2,2,1,0.7500,2636.650,975.675,629.000,7.5644,14.0000,1.0500,0.7267,4.5855,0.5333,0.2667,0.2000,0.7071,0.0000,4.5857,1.3101,1.0000
9,3,2644,2646,3,3,3,0.3333,2644.646,918.949,918.010,10.8121,15.0000,1.3636,0.6485,4.9147,0.3721,0.2924,0.3355,0.6123,0.4437,3.9317,1.6382,0.4444
3,3,2644,2645,2,2,1,0.7500,2644.675,1125.675,786.000,7.5665,14.0000,1.0500,0.4596,4.5870,0.5333,0.2667,0.2000,0.7071,0.0000,4.5870,0.9829,1.0000
4,3,2648,2649,2,3,1,0.6667,2648.250,1259.077,788.000,8.5198,17.0000,1.3077,0.2616,5.5706,0.5357,0.3214,0.1429,0.0000,0.0000,4.5876,1.1469,0.8269
7,3,2649,2651,3,4,1,0.5833,2650.235,1052.593,898.000,10.0328,15.0000,1.2963,0.9680,4.9157,0.6657,0.2663,0.0680,0.3162,0.0000,3.9325,1.3108,0.5185
10,4,2653,2655,3,2,3,0.5556,2653.944,679.264,460.976,12.9555,21.0000,1.6800,0.2709,6.8828,0.5542,0.0823,0.3635,0.8507,0.0000,4.4247,1.6387,0.5120
8,3,2655,2658,4,3,2,0.3333,2656.489,812.023,1064.511,10.1982,15.0000,1.3636,1.5957,4.9170,0.7292,0.1114,0.1594,0.9312,0.3637,3.6055,1.3111,0.4886
3,3,2655,2656,2,1,2,0.7500,2655.333,832.000,1221.690,7.9479,15.0000,1.0714,0.4549,4.9165,0.5333,0.2667,0.2000,0.7071,0.0000,4.5889,0.9833,1.0000
4,4,2660,2661,2,2,1,1.0000,2660.483,654.533,971.000,9.8348,17.0000,1.1333,0.6719,5.5730,0.0000,0.7500,0.2500,1.0000,0.0000,5.4092,1.6391,1.0000
7,3,2662,2663,2,2,3,0.5833,2662.582,615.620,1166.165,9.7894,13.0000,1.1519,0.7144,4.2621,0.5352,0.1763,0.2885,0.2673,0.0986,2.9507,0.9835,0.4937
4,3,2664,2665,2,2,2,0.5000,2664.277,951.830,1057.723,7.7049,13.0000,1.1064,0.7930,4.2624,0.0000,0.5625,0.4375,0.4459,0.5774,3.9344,0.9836,0.8298
3,3,2664,2665,2,2,1,0.7500,2664.675,1065.675,905.000,7.5719,14.0000,1.0500,0.4596,4.5903,0.5333,0.2667,0.2000,0.7071,0.0000,4.9181,1.4754,1.0000
8,3,2665,2666,2,3,3,0.4444,2665.523,523.884,939.500,9.9695,14.0000,1.3023,0.7006,4.5904,0.2658,0.3492,0.3850,0.3372,0.8372,3.9346,1.1476,0.4651
5,3,2670,2672,3,2,1,0.8333,2671.181,1056.597,899.000,10.5595,18.0000,1.2500,0.4414,5.9029,0.5854,0.2927,0.1220,0.9487,0.0000,4.9192,1.6397,0.6667
5,3,2671,2672,2,1,3,0.8333,2671.702,492.000,931.965,8.3597,14.0000,1.2281,1.0100,4.5913,0.6340,0.2717,0.0943,0.0000,0.0000,4.5913,1.6397,0.7018
7,3,2671,2673,3,2,2,0.5833,2671.835,1078.481,694.114,9.7922,14.0000,1.2405,0.9901,4.5911,0.5916,0.2044,0.2040,0.9664,0.1591,4.2634,1.3118,0.5063
4,3,2672,2673,2,1,2,1.0000,2672.540,494.000,985.460,8.1989,14.0000,1.1200,0.6505,4.5914,0.0000,0.7500,0.2500,0.0000,0.0000,4.5913,0.6559,0.8000
9,3,2672,2675,4,2,2,0.5625,2673.102,858.306,715.224,10.7133,15.0000,1.3776,0.3931,4.9194,0.6745,0.1583,0.1672,0.9871,0.1490,3.6074,0.9839,0.4184
4,3,2676,2677,2,2,1,1.0000,2676.469,931.551,879.000,8.0358,14.0000,1.1429,0.6951,4.5919,0.0000,0.7500,0.2500,1.0000,0.0000,4.5918,1.4760,0.8163
5,3,2677,2679,3,2,1,0.8333,2678.100,645.583,854.000,8.8013,14.0000,1.1667,0.5918,4.5921,0.5854,0.2927,0.1220,0.9487,0.0000,4.9199,1.6400,0.6833
7,3,2679,2680,2,3,3,0.3889,2679.692,893.628,767.859,9.6704,15.0000,1.3462,0.7984,4.9203,0.3215,0.3592,0.3193,0.3546,0.9240,3.9362,1.3120,0.5513
5,3,2680,2682,3,2,2,0.4167,2680.917,971.533,832.300,8.8019,14.0000,1.1667,1.1021,4.5924,0.7383,0.0485,0.2132,0.7071,0.0000,4.9203,1.4761,0.7000
6,4,2681,2683,3,1,3,0.6667,2681.857,616.000,997.442,10.3118,15.0000,1.1688,0.5764,4.9207,0.2083,0.6667,0.1250,0.4472,0.0000,4.9204,1.8042,0.7273
9,3,2681,2683,3,3,2,0.5000,2682.356,681.743,559.178,11.0440,15.0000,1.3366,0.4744,4.9207,0.3237,0.4225,0.2539,0.1921,0.0699,3.2804,0.9841,0.4356
6,3,2681,2682,2,3,2,0.5000,2681.310,870.887,1034.155,9.5082,15.0000,1.2676,0.9526,4.9204,0.7074,0.0897,0.2030,0.3047,0.0847,4.2644,1.3121,0.5915
8,3,2682,2684,3,3,3,0.2963,2683.092,469.575,543.115,10.0904,16.0000,1.4713,0.4500,5.2487,0.5767,0.2220,0.2014,0.6965,0.7172,3.4445,1.9682,0.4943
4,3,2682,2683,2,2,2,0.5000,2682.280,820.560,985.180,8.2010,14.0000,1.1200,0.5517,4.5926,0.5916,0.1015,0.3069,0.5000,0.5000,4.7565,1.6402,0.8200
4,3,2683,2684,2,2,2,0.5000,2683.830,1050.277,930.723,7.7092,13.0000,1.1064,0.7930,4.2647,0.0000,0.5625,0.4375,0.4459,0.5774,4.5927,1.6402,0.8298
8,3,2684,2686,3,3,2,0.4444,2685.154,605.769,930.758,10.5547,16.0000,1.4066,0.3679,5.2489,0.7333,0.0170,0.2496,0.7796,0.5273,3.9367,1.1482,0.4725
6,3,2686,2688,3,3,2,0.3333,2687.246,1009.812,766.725,9.2415,14.0000,1.2174,0.4148,4.5931,0.8073,0.0348,0.1578,0.6277,0.5513,4.7570,1.8044,0.6087
7,3,2686,2688,3,3,1,0.7778,2687.337,1093.072,1000.000,10.2920,17.0000,1.4337,0.3450,5.5772,0.1247,0.7481,0.1273,0.0000,0.0000,3.6088,0.8202,0.5422
3,3,2693,2694,2,1,2,0.7500,2693.372,808.000,887.302,8.1455,16.0000,1.1163,0.6969,5.2497,0.5333,0.2667,0.2000,0.7071,0.0000,4.9215,1.1484,1.0000
6,3,2694,2696,3,1,3,0.6667,2695.239,557.000,1237.373,8.9747,13.0000,1.1642,0.4430,4.2655,0.2083,0.6667,0.1250,0.4472,0.0000,4.1014,1.3124,0.5821
5,3,2695,2697,3,2,1,0.8333,2696.310,336.603,660.000,8.5108,14.0000,1.2069,0.9164,4.5936,0.5854,0.2927,0.1220,0.9487,0.0000,4.9217,1.4765,0.6897
8,4,2697,2699,3,1,4,0.6667,2698.065,883.000,763.538,10.7887,17.0000,1.4624,0.4668,5.5780,0.6207,0.3103,0.0690,0.7071,0.0000,4.4296,1.3125,0.6129
9,3,2699,2701,3,2,3,0.5000,2699.871,475.743,879.307,11.0468,17.0000,1.5149,1.1427,5.5781,0.7042,0.0110,0.2849,0.8650,0.2919,3.6094,1.4766,0.4455
5,3,2701,2702,2,3,2,0.4167,2701.167,871.950,947.133,8.8045,15.0000,1.2500,0.9737,4.9219,0.7958,0.0325,0.1718,0.2610,0.6572,4.5938,1.6406,0.7000
6,3,2701,2703,3,2,2,0.5000,2701.795,1075.877,1014.685,9.7789,19.0000,1.5616,0.8636,6.2344,0.7074,0.0897,0.2030,0.9140,0.2540,4.4297,1.3125,0.6301
6,3,2702,2704,3,2,2,0.5000,2702.900,1065.329,986.243,9.3770,15.0000,1.2857,0.9884,4.9219,0.1333,0.2667,0.6000,1.0000,0.0000,4.2657,1.6406,0.6429
13,3,2704,2707,4,3,3,0.3611,2705.428,894.869,920.352,13.1960,18.0000,1.6138,0.7876,5.9063,0.5439,0.2954,0.1607,0.5389,0.0535,4.2657,1.4766,0.4000
6,3,2706,2708,3,2,2,0.5000,2706.765,716.632,1000.868,9.1092,14.0000,1.2353,0.6876,4.5938,0.5230,0.1584,0.3185,0.9225,0.0898,4.2657,0.9844,0.5882
4,3,2708,2709,2,1,2,1.0000,2708.547,629.000,769.472,8.6954,15.0000,1.1321,0.6958,4.9219,0.0000,0.7500,0.2500,0.0000,0.0000,4.9219,0.9844,0.8113
5,3,2708,2709,2,2,2,0.6250,2708.383,675.850,902.533,8.8046,15.0000,1.2500,0.6737,4.9219,0.3432,0.2505,0.4063,0.6059,0.3645,4.5938,1.3125,0.6833
4,3,2708,2709,2,2,1,1.0000,2708.528,681.528,490.000,8.6954,15.0000,1.1321,0.6671,4.9219,0.0000,0.7500,0.2500,1.0000,0.0000,4.5938,1.3125,0.7736
4,3,2708,2710,3,1,2,0.6667,2708.980,970.000,789.816,8.0391,14.0000,1.1429,0.9967,4.5938,0.5357,0.3214,0.1429,1.0000,0.0000,4.5938,1.3125,0.8163
6,3,2710,2711,2,2,3,0.5000,2710.500,608.118,501.397,9.1091,14.0000,1.2353,0.7921,4.5938,0.6373,0.1269,0.2358,0.4046,0.4063,4.7578,1.6406,0.5882
4,3,2711,2712,2,2,1,1.0000,2711.440,711.540,1079.000,8.2031,14.0000,1.1200,0.6966,4.5938,0.0000,0.7500,0.2500,1.0000,0.0000,5.0859,0.0000,0.8200
6,3,2714,2716,3,2,2,0.5000,2714.650,787.550,975.112,10.7163,22.0000,1.6500,0.5811,7.2186,0.6373,0.1269,0.2358,0.8795,0.0724,3.7734,0.6562,0.6250
4,3,2715,2717,3,2,1,0.6667,2716.053,363.842,725.000,9.3512,19.0000,1.3333,0.1664,6.2341,0.5357,0.3214,0.1429,1.0000,0.0000,5.0857,0.6562,0.8421
5,3,2715,2717,3,2,2,0.4167,2715.984,778.794,1047.429,9.2444,17.0000,1.3492,0.4759,5.5779,0.1521,0.5234,0.3245,1.0000,0.0000,4.5936,1.1484,0.6984
5,4,2716,2718,3,1,2,0.8333,2717.200,821.000,999.585,9.5378,14.0000,1.0769,0.9908,4.5935,0.5854,0.2927,0.1220,0.9487,0.0000,4.9216,1.8046,0.8154
5,3,2716,2718,3,2,1,0.8333,2716.800,1103.633,1044.000,8.8041,14.0000,1.1667,0.8800,4.5936,0.5854,0.2927,0.1220,0.9487,0.0000,4.5935,1.3124,0.6667
8,3,2720,2721,2,3,2,0.6667,2720.533,597.478,586.333,10.4400,16.0000,1.4222,0.7756,5.2495,0.4716,0.1249,0.4035,0.2642,0.5134,4.1012,1.8045,0.4778
5,3,2720,2721,2,2,2,0.6250,2720.131,603.590,1047.541,8.9505,15.0000,1.2295,0.6913,4.9215,0.3432,0.2505,0.4063,0.5155,0.8569,4.5934,0.6562,0.6721
6,3,2722,2724,3,3,1,0.6667,2722.829,726.814,951.000,9.3759,17.0000,1.4571,0.8321,5.5775,0.2593,0.6296,0.1111,0.0000,0.0000,4.1011,1.3123,0.6143
8,4,2727,2729,3,2,2,0.6667,2727.844,506.667,1041.250,11.1348,17.0000,1.4167,0.4450,5.5770,0.4961,0.2369,0.2670,0.9586,0.0986,4.5929,1.3123,0.6146
4,3,2733,2734,2,1,2,1.0000,2733.542,916.000,1154.438,7.8727,14.0000,1.1667,0.6963,4.5924,0.0000,0.7500,0.2500,0.0000,0.0000,4.2643,0.9841,0.8333
4,3,2735,2737,3,1,2,0.6667,2736.170,576.000,779.170,7.7083,13.0000,1.1064,1.1825,4.2642,0.7500,0.1500,0.1000,0.9487,0.0000,4.5921,0.9840,0.8298
6,4,2736,2738,3,2,2,0.5000,2736.947,694.171,1167.237,10.1770,16.0000,1.2632,0.9914,5.2482,0.7074,0.0897,0.2030,0.9140,0.2540,4.5921,0.9840,0.7632
12,3,2736,2739,4,3,3,0.3333,2737.650,1035.400,964.329,13.2560,19.0000,1.6286,1.8257,6.2322,0.6472,0.2173,0.1355,0.7692,0.5184,3.9360,0.9840,0.5500
4,3,2737,2738,2,1,2,1.0000,2737.564,860.000,1151.418,9.0201,18.0000,1.3091,0.6044,5.9040,0.0000,0.7500,0.2500,0.0000,0.0000,4.7561,1.6400,0.8182
7,3,2738,2740,3,2,2,0.5833,2739.155,895.512,1004.095,10.4134,18.0000,1.5000,0.5208,5.9039,0.5916,0.2044,0.2040,0.9664,0.1591,4.5920,1.6399,0.5357
7,3,2739,2742,4,3,2,0.2917,2740.783,709.036,799.108,10.2891,16.0000,1.3494,0.2451,5.2477,0.7097,0.1513,0.1391,0.9698,0.2030,4.5918,1.6399,0.5422
3,3,2739,2741,3,1,1,1.0000,2739.976,722.000,1176.000,7.7639,14.0000,1.0244,0.9756,4.5919,0.8889,0.0000,0.1111,1.0000,0.0000,4.9198,0.8200,1.0000
4,3,2740,2741,2,1,2,1.0000,2740.538,812.000,1053.538,8.5275,15.0000,1.1538,0.6527,4.9197,0.0000,0.7500,0.2500,0.0000,0.0000,4.5917,0.3280,0.7885
5,3,2740,2742,3,1,2,0.8333,2740.820,974.000,1139.557,8.9473,15.0000,1.2295,0.4779,4.9197,0.5854,0.2927,0.1220,0.9487,0.0000,4.5917,1.3119,0.6885
4,3,2741,2742,2,1,2,1.0000,2741.580,694.000,1221.560,8.1994,15.0000,1.2000,0.6083,4.9196,0.0000,0.7500,0.2500,0.0000,0.0000,4.7557,1.3119,0.8400
5,3,2741,2743,3,1,3,0.5556,2741.929,714.000,1172.482,8.2138,13.0000,1.1607,1.0632,4.2637,0.3318,0.5530,0.1152,0.0000,0.0000,4.9196,1.1479,0.6964
5,3,2744,2746,3,2,2,0.4167,2744.921,804.476,1228.143,9.2399,15.0000,1.1905,0.5487,4.9193,0.7729,0.0435,0.1836,0.8328,0.5477,4.5914,1.1478,0.6825
6,4,2744,2745,2,2,2,0.7500,2744.753,848.481,1047.630,10.8448,17.0000,1.2593,0.6557,5.5752,0.2000,0.3333,0.4667,0.7071,0.7071,5.0833,1.6398,0.7531
9,3,2746,2748,3,3,2,0.5000,2747.155,469.742,599.732,10.6033,15.0000,1.3918,0.4027,4.9191,0.1855,0.5455,0.2689,0.7970,0.1123,3.9353,1.6397,0.4330
4,3,2747,2748,2,1,2,1.0000,2747.566,540.000,1114.547,8.6903,15.0000,1.1321,0.6984,4.9190,0.0000,0.7500,0.2500,0.0000,0.0000,5.0830,1.3117,0.8302
9,4,2749,2751,3,2,3,0.5000,2750.346,586.260,890.144,11.3677,15.0000,1.2981,0.7181,4.9187,0.3557,0.4360,0.2083,0.4807,0.4520,4.5908,1.3116,0.5385
4,3,2751,2752,2,2,2,0.5000,2751.740,809.440,1011.840,8.1976,15.0000,1.2000,0.5355,4.9186,0.5916,0.1015,0.3069,0.5000,0.5000,4.7547,1.3116,0.8400
7,3,2752,2753,2,2,4,0.4375,2752.263,964.671,855.066,9.4191,13.0000,1.1974,0.7238,4.2628,0.7119,0.0977,0.1904,0.2227,0.8090,4.2627,0.6558,0.5132
5,3,2765,2766,2,2,2,0.6250,2765.390,593.153,384.390,8.6495,14.0000,1.1864,0.5720,4.5894,0.3432,0.2505,0.4063,0.6059,0.3645,4.5893,1.6390,0.6780
6,3,2766,2768,3,2,2,0.5000,2767.261,515.768,990.406,9.2339,15.0000,1.3043,0.6891,4.9170,0.6381,0.1455,0.2164,0.8019,0.3768,4.4253,1.6390,0.5942
8,3,2769,2771,3,4,2,0.3333,2770.263,637.333,585.111,11.4730,17.0000,1.3737,0.4387,5.5723,0.6456,0.1640,0.1904,0.5153,0.0497,4.0973,1.6389,0.4848
5,3,2770,2771,2,2,3,0.4167,2770.368,993.860,810.912,8.3555,15.0000,1.3158,0.4039,4.9168,0.5461,0.2256,0.2283,0.5716,0.7118,4.5889,2.1306,0.7193
5,3,2772,2774,3,2,1,0.8333,2773.232,608.375,475.000,8.2085,14.0000,1.2500,0.4410,4.5887,0.5854,0.2927,0.1220,0.9487,0.0000,4.5887,1.3111,0.7143
5,3,2772,2773,2,1,3,0.8333,2772.603,870.000,714.286,9.2347,16.0000,1.2698,0.8171,5.2443,0.5854,0.2927,0.1220,0.3162,0.0000,4.5887,1.9666,0.6825
5,3,2773,2775,3,1,3,0.5556,2774.076,631.000,711.985,9.6742,20.0000,1.5152,0.0773,6.5552,0.5532,0.3398,0.1070,0.8281,0.0000,4.5886,1.4749,0.7424
8,3,2773,2776,4,2,3,0.3333,2774.756,766.911,1075.311,10.4291,16.0000,1.4222,0.4055,5.2441,0.7835,0.1136,0.1029,0.9046,0.1225,3.7692,0.6555,0.4889
6,3,2776,2778,3,2,2,0.5000,2776.767,1066.890,776.521,9.7675,16.0000,1.3151,0.5807,5.2439,0.3810,0.3333,0.2857,0.9487,0.1690,4.4246,1.3110,0.6301
6,5,2776,2777,2,3,2,0.5000,2776.364,1120.922,749.481,10.3028,15.0000,1.1688,0.8252,4.9162,0.4412,0.1872,0.3716,0.0000,0.0000,5.0801,1.3110,0.8961
3,3,2785,2786,2,1,2,0.7500,2785.318,704.000,1064.659,8.3249,15.0000,1.0227,0.7319,4.9156,0.5333,0.2667,0.2000,0.7071,0.0000,4.9156,1.6385,1.0000
11,3,2785,2787,3,2,4,0.4583,2785.888,877.759,705.552,11.4616,17.0000,1.6121,0.5213,5.5710,0.4393,0.2284,0.3323,0.6022,0.1107,3.6048,0.9831,0.3707
5,3,2787,2788,2,2,2,0.6250,2787.656,783.459,983.164,8.9397,15.0000,1.2295,0.5967,4.9155,0.3432,0.2505,0.4063,0.6059,0.3645,4.5878,0.3277,0.7049
13,3,2788,2791,4,3,4,0.2708,2789.690,897.894,1043.127,12.9058,18.0000,1.6479,0.7096,5.8985,0.6478,0.1023,0.2499,0.8746,0.4271,3.6046,1.3108,0.3310
6,3,2789,2791,3,2,2,0.5000,2790.282,929.155,880.479,9.4984,14.0000,1.1831,0.6123,4.5877,0.6373,0.1269,0.2358,0.8795,0.0724,4.7515,1.6385,0.5634
3,3,2789,2790,2,2,1,0.7500,2789.667,1236.667,810.000,7.3786,13.0000,1.0000,0.7454,4.2601,0.5333,0.2667,0.2000,0.7071,0.0000,4.9154,1.9662,1.0000
6,3,2790,2792,3,3,2,0.3333,2791.382,761.926,1098.882,9.0970,16.0000,1.4118,0.6330,5.2430,0.6494,0.1645,0.1861,0.7264,0.0379,4.4238,1.6384,0.6176
5,3,2790,2791,2,2,2,0.6250,2790.600,953.867,1130.467,8.7929,15.0000,1.2500,0.6799,4.9154,0.3432,0.2505,0.4063,0.6059,0.3645,4.5877,0.9831,0.6833
4,3,2793,2795,3,1,2,0.6667,2794.370,778.000,912.722,8.8475,16.0000,1.1852,0.4630,5.2430,0.7500,0.1500,0.1000,0.9487,0.0000,5.0791,1.3107,0.8333
4,3,2793,2796,4,1,1,1.0000,2794.627,862.000,1274.000,8.3560,16.0000,1.2549,0.6275,5.2430,0.9375,0.0000,0.0625,1.0000,0.0000,4.7514,1.6384,0.8431
4,3,2795,2796,2,2,1,1.0000,2795.458,1027.458,931.000,7.8644,13.0000,1.0833,0.6482,4.2599,0.0000,0.7500,0.2500,1.0000,0.0000,4.5876,1.3107,0.8125
4,3,2796,2798,3,1,2,0.6667,2796.646,655.000,1242.271,7.8644,13.0000,1.0833,0.7003,4.2599,0.7500,0.1500,0.1000,0.9487,0.0000,4.5876,1.3107,0.8125
7,3,2796,2798,3,3,2,0.3889,2797.210,928.926,858.111,10.0321,14.0000,1.2099,1.2223,4.5876,0.6788,0.0891,0.2320,0.6025,0.1824,4.2599,0.9831,0.4938
4,3,2797,2798,2,2,1,1.0000,2797.469,764.449,505.000,8.0282,14.0000,1.1429,0.6951,4.5876,0.0000,0.7500,0.2500,1.0000,0.0000,4.5876,1.3107,0.8163
5,3,2800,2802,3,2,2,0.4167,2801.188,925.844,1025.125,9.3788,16.0000,1.2500,0.2742,5.2429,0.6489,0.0995,0.2515,0.9362,0.2726,5.2429,1.4746,0.7188
4,3,2803,2804,2,2,2,0.5000,2803.447,838.277,1037.170,7.7006,13.0000,1.1064,0.5524,4.2599,0.5916,0.1015,0.3069,0.7071,0.7071,4.5876,1.8023,0.8298
8,3,2806,2808,3,3,2,0.4444,2807.385,567.143,1062.802,10.5430,16.0000,1.4066,0.6620,5.2431,0.3104,0.4968,0.1928,0.5850,0.4439,3.7685,1.3108,0.4835
7,3,2806,2808,3,3,1,0.7778,2807.280,934.146,245.000,10.1562,15.0000,1.2805,0.8986,4.9154,0.4747,0.4312,0.0941,0.5071,0.0000,4.2600,1.3108,0.5000
5,3,2806,2808,3,1,2,0.8333,2807.133,954.000,683.317,8.7929,15.0000,1.2500,0.3436,4.9154,0.5854,0.2927,0.1220,0.9487,0.0000,4.5877,0.6554,0.6833
6,3,2808,2809,2,3,2,0.5000,2808.159,627.391,883.435,9.2308,15.0000,1.3043,0.7648,4.9154,0.6373,0.1269,0.2358,0.2504,0.9108,4.5877,1.8023,0.5942
8,4,2808,2810,3,3,2,0.4444,2809.337,730.848,1088.446,10.6590,15.0000,1.3043,0.6663,4.9155,0.4281,0.3090,0.2629,0.6346,0.1550,3.9324,0.3277,0.6304
5,3,2809,2811,3,2,1,0.8333,2809.733,779.400,590.000,8.7931,15.0000,1.2500,0.4807,4.9155,0.5854,0.2927,0.1220,0.9487,0.0000,4.5877,1.3108,0.6833
3,3,2811,2813,3,1,1,1.0000,2812.024,547.000,854.000,7.9464,15.0000,1.0714,0.0238,4.9156,0.8889,0.0000,0.1111,1.0000,0.0000,4.9156,1.6385,1.0000
4,3,2812,2813,2,2,1,1.0000,2812.492,1102.407,890.000,9.6673,18.0000,1.2203,0.6512,5.8987,0.0000,0.7500,0.2500,1.0000,0.0000,5.5710,1.3108,0.8136
4,3,2813,2814,2,2,1,1.0000,2813.564,923.491,891.000,9.0120,16.0000,1.1636,0.6705,5.2434,0.0000,0.7500,0.2500,1.0000,0.0000,4.5879,0.6554,0.8000
5,3,2817,2818,2,2,2,0.6250,2817.390,713.864,877.610,8.6472,15.0000,1.2712,0.5677,4.9158,0.3432,0.2505,0.4063,0.6059,0.3645,4.5881,1.4747,0.6949
6,3,2817,2818,2,2,2,0.7500,2817.648,728.606,1059.549,9.4993,15.0000,1.2676,0.8823,4.9159,0.2667,0.1333,0.6000,0.0000,0.0000,4.0966,1.3109,0.6056
6,3,2817,2819,3,2,2,0.5000,2818.225,1076.113,619.620,9.4994,15.0000,1.2676,0.4562,4.9159,0.5230,0.1584,0.3185,0.9225,0.0898,4.4244,0.9832,0.5915
3,3,2818,2820,3,1,1,1.0000,2818.978,649.000,877.000,8.5147,18.0000,1.2000,0.0222,5.8992,0.8889,0.0000,0.1111,1.0000,0.0000,4.9159,0.9832,1.0000
6,3,2820,2822,3,1,3,0.6667,2820.842,614.000,1111.737,10.1688,22.0000,1.7368,0.3069,7.2103,0.4000,0.4800,0.1200,0.7071,0.0000,4.4245,1.1471,0.6579
4,3,2821,2822,2,2,1,1.0000,2821.458,932.438,1103.000,7.8658,14.0000,1.1667,0.6963,4.5884,0.0000,0.7500,0.2500,1.0000,0.0000,4.9161,1.3110,0.8333
24,5,2830,2833,4,4,4,0.3750,2831.121,443.072,328.773,17.6642,19.0000,1.7273,0.2674,6.2280,0.1631,0.3687,0.4683,0.6511,0.5849,3.6057,1.3112,0.3523
5,3,2831,2832,2,2,2,0.6250,2831.367,707.867,1090.433,8.7956,17.0000,1.4167,0.5831,5.5724,0.3432,0.2505,0.4063,0.6059,0.3645,4.5891,1.6390,0.7167
5,3,2833,2835,3,3,1,0.5556,2834.254,383.780,978.000,8.6494,15.0000,1.2712,0.3364,4.9171,0.8123,0.1108,0.0769,0.7071,0.0000,4.9170,1.6390,0.7288
3,3,2837,2838,2,2,1,0.7500,2837.619,878.310,902.000,7.9492,16.0000,1.1429,0.6921,5.2451,0.5333,0.2667,0.2000,0.7071,0.0000,4.5895,1.8030,1.0000
4,3,2840,2841,2,2,1,1.0000,2840.519,531.426,583.000,8.8515,16.0000,1.1852,0.6710,5.2453,0.0000,0.7500,0.2500,1.0000,0.0000,5.2454,1.3113,0.8148
4,3,2841,2842,2,2,1,1.0000,2841.412,871.549,1188.000,8.3599,15.0000,1.1765,0.6863,4.9175,0.0000,0.7500,0.2500,1.0000,0.0000,5.2454,1.4753,0.8431
4,3,2843,2844,2,1,2,1.0000,2843.469,595.000,1179.531,8.0322,13.0000,1.0612,0.7084,4.2620,0.0000,0.7500,0.2500,0.0000,0.0000,4.2620,1.4753,0.7959
8,3,2844,2846,3,2,2,0.6667,2845.395,701.721,870.547,9.9685,17.0000,1.5814,0.8615,5.5735,0.4782,0.1602,0.3617,0.9087,0.4175,3.1146,1.1475,0.5233
5,3,2846,2848,3,1,2,0.8333,2847.203,642.000,1207.441,8.6507,14.0000,1.1864,0.4853,4.5900,0.5854,0.2927,0.1220,0.9487,0.0000,4.5900,0.8197,0.6780
5,3,2850,2851,2,2,2,0.6250,2850.565,396.145,1097.597,9.0909,15.0000,1.2097,0.7088,4.9180,0.3432,0.2505,0.4063,0.6059,0.3645,4.5902,1.3115,0.6613
5,3,2850,2852,3,2,2,0.4167,2850.672,900.224,567.155,8.5044,14.0000,1.2069,0.7256,4.5902,0.6489,0.0995,0.2515,0.9362,0.2726,4.5901,1.3115,0.7069
4,3,2851,2853,3,1,2,0.6667,2852.020,977.000,1196.837,8.0328,14.0000,1.1429,0.1645,4.5902,0.5357,0.3214,0.1429,1.0000,0.0000,4.7541,0.6557,0.8367
3,3,2853,2854,2,1,2,0.7500,2853.333,679.000,1003.333,7.3826,13.0000,1.0000,0.4714,4.2624,0.5333,0.2667,0.2000,0.7071,0.0000,4.9181,1.3115,1.0000
4,3,2856,2858,3,2,1,0.6667,2856.880,1005.260,831.000,8.1970,15.0000,1.2000,0.2864,4.9182,0.5357,0.3214,0.1429,1.0000,0.0000,4.7542,1.3115,0.8400
3,3,2858,2860,3,1,1,1.0000,2859.043,491.000,1135.000,8.7079,18.0000,1.1739,0.0435,5.9019,0.8889,0.0000,0.1111,1.0000,0.0000,5.5740,1.6394,1.0000
6,3,2860,2862,3,2,1,1.0000,2861.191,943.544,895.000,9.1023,15.0000,1.3235,0.9748,4.9183,0.5556,0.3333,0.1111,1.0000,0.0000,3.9346,1.6394,0.6324
4,3,2862,2864,3,1,2,0.6667,2862.673,525.000,879.288,8.5250,15.0000,1.1538,0.9794,4.9183,0.7500,0.1500,0.1000,0.9487,0.0000,4.5904,1.6394,0.7885
14,5,2864,2867,4,3,3,0.3889,2865.312,790.682,984.465,13.7580,16.0000,1.4268,0.6965,5.2462,0.6580,0.0874,0.2546,0.7656,0.2870,3.6067,0.6558,0.4777
4,3,2865,2867,3,1,2,0.6667,2866.060,726.000,472.260,8.1971,14.0000,1.1200,0.2668,4.5904,0.5357,0.3214,0.1429,1.0000,0.0000,4.5904,0.6558,0.8000
7,3,2866,2868,3,2,3,0.3889,2866.553,731.235,1042.035,10.5339,18.0000,1.4824,0.5064,5.9019,0.7845,0.0411,0.1744,0.6718,0.7181,4.5904,1.4755,0.5529
10,3,2869,2872,4,2,4,0.3125,2870.573,667.145,1070.527,11.4054,17.0000,1.5455,0.6941,5.5740,0.8402,0.0542,0.1056,0.6117,0.1825,3.9346,0.9836,0.3909
6,3,2870,2872,3,2,3,0.3333,2870.803,948.873,699.352,9.5039,16.0000,1.3521,0.6890,5.2461,0.7397,0.1062,0.1541,0.6563,0.4773,4.4264,2.1312,0.6197
5,3,2877,2879,3,2,1,0.8333,2878.200,607.615,893.000,9.5310,14.0000,1.0769,0.6471,4.5903,0.5854,0.2927,0.1220,0.9487,0.0000,5.2460,1.9672,0.6462
8,4,2877,2879,3,2,3,0.4444,2878.301,1036.366,1066.194,10.7807,14.0000,1.2043,0.5116,4.5903,0.6000,0.1687,0.2313,0.7071,0.6667,4.7542,1.8033,0.5699
4,3,2879,2880,2,1,2,1.0000,2879.558,917.000,826.577,8.5247,16.0000,1.2308,0.6121,5.2460,0.0000,0.7500,0.2500,0.0000,0.0000,4.0984,0.8197,0.8269
4,4,2880,2882,3,1,2,0.6667,2881.278,434.000,963.759,8.8525,15.0000,1.1111,0.7613,4.9181,0.7500,0.1500,0.1000,0.9487,0.0000,3.9345,0.9836,1.0000
4,3,2880,2881,2,2,1,1.0000,2880.549,749.588,955.000,8.3607,15.0000,1.1765,0.6863,4.9181,0.0000,0.7500,0.2500,1.0000,0.0000,4.9181,1.4754,0.8431
7,3,2885,2887,3,2,3,0.3889,2886.307,943.227,549.280,9.2941,15.0000,1.4000,0.4731,4.9180,0.6360,0.2036,0.1604,0.7071,0.5972,2.9508,1.4754,0.5600
8,3,2886,2888,3,1,4,0.6667,2887.000,713.000,894.846,10.5485,17.0000,1.4945,0.1538,5.5737,0.5857,0.3408,0.0735,0.4132,0.0000,4.0983,1.6393,0.4725
6,3,2890,2892,3,2,2,0.5000,2891.053,568.895,781.395,10.1724,16.0000,1.2632,0.4119,5.2457,0.7074,0.0897,0.2030,0.9140,0.2540,3.9343,0.8197,0.6053
4,3,2893,2895,3,1,2,0.6667,2894.102,880.000,1009.469,8.0324,15.0000,1.2245,0.5403,4.9178,0.7576,0.1294,0.1129,0.8507,0.0000,4.5900,1.6393,0.8367
4,3,2894,2896,3,2,1,0.6667,2895.078,978.510,1016.000,8.3603,16.0000,1.2549,0.5158,5.2457,0.7576,0.1294,0.1129,0.8507,0.0000,4.5899,1.1475,0.8235
3,3,2894,2895,2,2,1,0.7500,2894.675,1058.675,759.000,7.5715,14.0000,1.0500,0.4596,4.5900,0.5333,0.2667,0.2000,0.7071,0.0000,4.9178,1.8032,1.0000
11,3,2895,2897,3,4,4,0.2292,2896.376,955.538,685.846,11.5656,19.0000,1.7863,0.6746,6.2292,0.1055,0.5192,0.3752,0.5749,0.8067,3.2785,1.1475,0.3932
6,3,2896,2898,3,2,1,1.0000,2897.072,937.420,660.000,9.2353,16.0000,1.3913,1.0183,5.2456,0.5556,0.3333,0.1111,1.0000,0.0000,4.2621,1.3114,0.6087
3,3,2897,2899,3,1,1,1.0000,2897.979,1003.000,1039.000,9.0857,21.0000,1.3125,0.0208,6.8849,0.8889,0.0000,0.1111,1.0000,0.0000,4.9178,0.9835,1.0000
5,3,2898,2899,2,2,2,0.6250,2898.429,328.873,1070.524,9.2370,15.0000,1.1905,0.6886,4.9178,0.3432,0.2505,0.4063,0.6059,0.3645,4.9178,1.9671,0.6825
6,3,2900,2902,3,2,2,0.5000,2901.239,608.887,975.479,9.5029,15.0000,1.2676,0.5471,4.9177,0.3810,0.3333,0.2857,0.9487,0.1690,4.4259,0.9835,0.6197
6,3,2900,2902,3,1,3,0.6667,2900.870,930.000,1195.261,9.2352,15.0000,1.3043,0.2917,4.9177,0.4000,0.4800,0.1200,0.7071,0.0000,4.4259,0.9835,0.5942
8,3,2900,2902,3,3,2,0.4444,2901.125,1021.091,511.898,10.2002,14.0000,1.2727,0.9233,4.5899,0.5543,0.2671,0.1786,0.7832,0.2710,4.0981,1.6392,0.4659
4,3,2900,2901,2,1,2,1.0000,2900.449,1027.000,745.469,8.0323,14.0000,1.1429,0.6951,4.5899,0.0000,0.7500,0.2500,0.0000,0.0000,4.5899,1.6392,0.8163
6,3,2901,2903,3,2,2,0.5000,2902.315,652.493,470.890,9.7705,15.0000,1.2329,0.5954,4.9177,0.6373,0.1269,0.2358,0.8795,0.0724,4.5899,1.3114,0.5890
5,4,2901,2903,3,1,2,0.8333,2901.692,837.000,1076.600,9.5302,16.0000,1.2308,0.5047,5.2456,0.5854,0.2927,0.1220,0.9487,0.0000,4.5899,0.9835,0.8769
7,4,2902,2904,3,3,2,0.3889,2903.193,889.284,863.909,10.9045,19.0000,1.5114,0.3554,6.2291,0.3231,0.4135,0.2634,0.5071,0.1501,4.5898,0.9835,0.6818
4,3,2905,2907,3,1,2,0.6667,2905.896,826.000,905.562,7.8683,14.0000,1.1667,0.4497,4.5898,0.7576,0.1294,0.1129,0.8507,0.0000,4.5898,1.3114,0.8333
7,4,2907,2909,3,2,2,0.5833,2908.267,1068.326,963.488,10.6565,17.0000,1.3837,0.9510,5.5733,0.5352,0.1763,0.2885,0.8018,0.5745,4.5898,0.9835,0.6744
6,3,2908,2910,3,2,2,0.5000,2908.895,591.618,1037.132,10.1720,18.0000,1.4211,0.4171,5.9012,0.3810,0.3333,0.2857,0.9487,0.1690,4.5898,1.3114,0.6184
5,4,2908,2909,2,2,2,0.6250,2908.433,831.134,747.582,9.8233,16.0000,1.1940,0.7172,5.2455,0.3432,0.2505,0.4063,0.6059,0.3645,4.9177,1.9671,0.8657
3,3,2913,2914,2,2,1,0.7500,2913.650,302.325,588.000,7.5712,14.0000,1.0500,0.7267,4.5898,0.5333,0.2667,0.2000,0.7071,0.0000,4.5898,1.4753,1.0000
10,3,2915,2918,4,3,2,0.4167,2916.157,611.902,1079.588,10.5747,13.0000,1.2745,0.6166,4.2620,0.8171,0.0417,0.1411,0.9352,0.3305,3.6063,1.6392,0.3824
4,3,2917,2918,2,1,2,1.0000,2917.529,627.000,1315.510,8.3600,14.0000,1.0980,0.6938,4.5898,0.0000,0.7500,0.2500,0.0000,0.0000,4.5898,1.1475,0.7843
8,3,2918,2920,3,1,5,0.5333,2918.905,621.000,1072.536,9.7365,14.0000,1.3333,0.5441,4.5898,0.7708,0.1839,0.0453,0.1222,0.0000,3.4424,0.9835,0.4762
5,3,2920,2921,2,2,2,0.6250,2920.379,970.828,601.466,8.5038,14.0000,1.2069,0.8371,4.5899,0.3432,0.2505,0.4063,0.6059,0.3645,4.5898,2.2949,0.6897
8,4,2921,2923,3,2,4,0.3333,2922.250,676.083,1188.760,11.1275,18.0000,1.5000,0.8048,5.9013,0.6642,0.1966,0.1392,0.4377,0.3196,4.0981,0.6557,0.6250
8,3,2924,2926,3,3,2,0.4444,2925.135,476.472,1030.742,10.3162,17.0000,1.5281,0.5547,5.5735,0.5855,0.2041,0.2104,0.5265,0.2198,3.6064,0.9836,0.5169
7,3,2924,2925,2,2,2,0.8750,2924.316,974.421,871.592,9.4176,15.0000,1.3816,0.7754,4.9177,0.0000,0.3318,0.6682,0.7071,0.5774,3.6063,1.3114,0.5658
5,3,2925,2927,3,1,2,0.8333,2925.935,841.000,879.629,9.0904,15.0000,1.2097,0.3765,4.9178,0.5854,0.2927,0.1220,0.9487,0.0000,3.9342,0.6557,0.6935
4,3,2928,2929,2,1,2,1.0000,2928.462,443.000,1054.462,8.5243,15.0000,1.1538,0.6527,4.9178,0.0000,0.7500,0.2500,0.0000,0.0000,4.5900,0.1639,0.7885
8,3,2928,2930,3,2,3,0.4444,2928.820,913.562,868.090,10.3164,16.0000,1.4382,0.5967,5.2457,0.7021,0.0951,0.2027,0.7715,0.0725,3.7703,1.6393,0.5056
7,3,2929,2931,3,2,2,0.5833,2930.025,845.900,911.600,9.9135,15.0000,1.3125,0.4131,4.9179,0.4600,0.2645,0.2756,1.0000,0.0000,3.6064,0.0000,0.5125
5,3,2930,2931,2,2,2,0.6250,2930.400,714.450,897.133,8.7974,14.0000,1.1667,0.6167,4.5900,0.3432,0.2505,0.4063,0.6059,0.3645,4.9179,1.6393,0.6833
3,3,2934,2936,3,1,1,1.0000,2934.976,966.000,460.000,7.9504,15.0000,1.0714,0.0238,4.9180,0.8889,0.0000,0.1111,1.0000,0.0000,4.5901,0.9836,1.0000
5,3,2935,2937,3,1,2,0.8333,2935.931,732.000,1156.379,8.5044,14.0000,1.2069,0.3855,4.5902,0.5854,0.2927,0.1220,0.9487,0.0000,4.5902,0.9836,0.7069
8,3,2937,2939,3,3,2,0.4444,2938.169,475.759,713.301,9.6215,13.0000,1.2530,1.4257,4.2624,0.4880,0.3511,0.1609,0.3617,0.1395,3.7706,1.3115,0.4699
5,3,2937,2938,2,2,2,0.6250,2937.632,991.140,1027.544,8.3579,15.0000,1.3158,0.6029,4.9181,0.3432,0.2505,0.4063,0.6059,0.3645,4.5902,0.9836,0.7193
6,3,2939,2941,3,1,3,0.6667,2939.747,352.000,631.493,10.0393,19.0000,1.5200,0.5546,6.2298,0.6061,0.3030,0.0909,0.7071,0.0000,3.9346,1.3115,0.6267
3,3,2940,2941,2,1,2,0.7500,2940.614,626.000,1280.318,8.3294,17.0000,1.1591,0.6912,5.5740,0.5333,0.2667,0.2000,0.7071,0.0000,4.9183,1.3115,1.0000
4,3,2940,2942,3,1,2,0.6667,2940.837,828.000,1080.837,8.0332,15.0000,1.2245,0.2309,4.9183,0.7500,0.1500,0.1000,0.9487,0.0000,4.5904,1.6394,0.8367
3,3,2945,2945,1,1,3,1.0000,2945.000,783.000,1182.000,8.1405,15.0000,1.0465,0.0000,4.9185,0.8889,0.0000,0.1111,0.0000,1.0000,4.9185,1.9674,1.0000
6,3,2946,2948,3,2,2,0.5000,2947.158,550.658,696.684,10.1740,14.0000,1.1053,0.7466,4.5907,0.6381,0.1455,0.2164,0.8019,0.3768,4.9186,1.8035,0.6974
9,3,2946,2949,4,2,3,0.3750,2947.913,649.311,1050.476,11.2583,14.0000,1.2233,0.5749,4.5908,0.7458,0.1069,0.1473,0.8450,0.2848,3.9350,1.3117,0.3981
7,3,2948,2949,2,3,2,0.5833,2948.443,589.810,922.658,9.7912,15.0000,1.3291,0.5909,4.9187,0.5352,0.1763,0.2885,0.2673,0.0986,3.9349,0.9838,0.5316
7,3,2951,2952,2,3,2,0.5833,2951.321,787.167,907.603,9.6677,15.0000,1.3462,0.5371,4.9189,0.5352,0.1763,0.2885,0.2673,0.0986,3.6072,1.3117,0.5513
3,3,2953,2954,2,2,1,0.7500,2953.317,595.366,981.000,7.7627,15.0000,1.0976,0.7090,4.9190,0.5333,0.2667,0.2000,0.7071,0.0000,4.5911,0.9838,1.0000
3,3,2953,2955,3,1,1,1.0000,2953.977,617.000,819.000,8.3308,17.0000,1.1591,0.0227,5.5750,0.8889,0.0000,0.1111,1.0000,0.0000,4.5911,1.6397,1.0000
7,4,2954,2956,3,3,2,0.3889,2954.763,483.645,1003.892,11.5274,17.0000,1.2796,0.4398,5.5750,0.5373,0.2303,0.2324,0.7071,0.2357,4.9192,1.6397,0.6667
12,6,2956,2958,3,3,3,0.4444,2956.707,1056.251,828.132,15.8102,24.0000,1.7246,0.4083,7.8709,0.4861,0.0579,0.4559,0.3170,0.6321,4.5913,1.1478,0.6647
7,3,2957,2958,2,2,2,0.8750,2957.645,920.408,564.408,9.4207,15.0000,1.3816,0.8020,4.9194,0.0000,0.3318,0.6682,0.7788,0.5774,3.9354,1.4758,0.5395
6,3,2959,2960,2,2,2,0.7500,2959.514,401.429,1145.329,9.3725,14.0000,1.2000,0.9330,4.5916,0.2667,0.1333,0.6000,0.7071,0.7071,4.4275,0.9839,0.5714
4,3,2961,2962,2,1,2,1.0000,2961.531,802.000,1150.429,8.0355,15.0000,1.2245,0.6821,4.9196,0.0000,0.7500,0.2500,0.0000,0.0000,4.5917,0.6560,0.8367
4,3,2961,2962,2,2,2,0.5000,2961.729,1055.812,604.271,7.8715,13.0000,1.0833,0.8001,4.2638,0.0000,0.5625,0.4375,0.4459,0.5774,4.5917,1.9678,0.8125
5,3,2964,2966,3,1,2,0.8333,2965.344,637.000,1167.359,9.3879,17.0000,1.3281,0.7482,5.5761,0.5854,0.2927,0.1220,0.9487,0.0000,4.9200,0.6560,0.7188
3,3,2970,2971,2,2,1,0.7500,2970.675,758.350,1121.000,7.5755,14.0000,1.0500,0.7267,4.5924,0.5333,0.2667,0.2000,0.7071,0.0000,3.9364,0.6561,1.0000
7,3,2972,2973,2,2,2,0.8750,2972.551,450.436,899.333,9.6710,14.0000,1.2564,0.7778,4.5925,0.0000,0.3318,0.6682,0.7788,0.5774,4.2645,0.9841,0.5128
9,4,2974,2977,4,2,2,0.5625,2975.423,384.337,1033.413,11.3726,15.0000,1.2981,0.6806,4.9208,0.6077,0.1265,0.2658,0.9351,0.3204,3.9366,0.6561,0.5481
5,3,2977,2979,3,2,1,0.8333,2977.733,484.483,1150.000,8.8029,15.0000,1.2500,0.5814,4.9210,0.5854,0.2927,0.1220,0.9487,0.0000,4.5929,1.3123,0.7000
6,3,2980,2982,3,2,2,0.5000,2980.652,252.522,849.116,9.2417,14.0000,1.2174,0.8170,4.5931,0.6373,0.1269,0.2358,0.8795,0.0724,4.2650,0.8202,0.5942
5,3,2980,2981,2,1,3,0.8333,2980.617,485.000,876.683,8.8033,15.0000,1.2500,0.9204,4.9211,0.5854,0.2927,0.1220,0.3162,0.0000,4.5931,1.6404,0.7000
8,3,2981,2983,3,2,3,0.4444,2982.379,459.529,742.195,10.0916,15.0000,1.3793,0.6794,4.9213,0.6120,0.1210,0.2669,0.7000,0.4735,3.6089,0.9843,0.4828
4,3,2982,2983,2,2,2,0.5000,2982.463,599.722,1124.778,8.8583,15.0000,1.1111,0.8862,4.9213,0.5916,0.1015,0.3069,0.7071,0.7071,4.7572,1.6404,0.7778
11,3,2987,2991,5,4,3,0.1833,2988.786,537.214,777.752,11.5744,16.0000,1.5043,1.1089,5.2496,0.8587,0.0393,0.1019,0.7450,0.3849,3.6091,1.4765,0.3675
4,3,2989,2990,2,3,1,0.6667,2989.571,548.102,912.000,8.0385,15.0000,1.2245,0.4406,4.9216,0.7576,0.1294,0.1129,0.5257,0.0000,4.5934,1.3124,0.8367
7,4,2991,2993,3,2,2,0.5833,2991.976,695.439,913.634,10.1690,15.0000,1.2805,0.5720,4.9216,0.5352,0.1763,0.2885,0.8018,0.5745,4.5935,0.9843,0.6951
7,3,2993,2995,3,2,2,0.5833,2994.306,695.518,937.800,10.5411,17.0000,1.4000,0.6337,5.5778,0.5806,0.0526,0.3668,0.8835,0.4677,3.6092,1.6405,0.5882
5,3,2995,2997,3,1,2,0.8333,2995.889,642.000,950.619,9.2442,17.0000,1.3492,0.3968,5.5778,0.5854,0.2927,0.1220,0.9487,0.0000,3.9372,0.6562,0.6825
8,3,2996,2998,3,2,3,0.4444,2997.298,715.894,1232.851,10.9042,18.0000,1.5319,0.3496,5.9059,0.4479,0.3131,0.2390,0.5093,0.1254,2.9529,0.3281,0.5106
5,3,2999,3000,2,3,2,0.4167,2999.806,312.919,896.435,9.0973,15.0000,1.2097,0.4833,4.9215,0.5461,0.2256,0.2283,0.1201,0.5647,4.9214,1.6405,0.6774
7,3,3000,3002,3,3,2,0.3889,3001.147,1026.907,926.240,9.3006,14.0000,1.3067,0.2963,4.5933,0.7243,0.1219,0.1538,0.7824,0.2053,3.2809,0.9843,0.5467
5,3,3003,3005,3,2,1,0.8333,3004.348,512.391,807.000,10.1239,17.0000,1.2319,0.5235,5.5774,0.5854,0.2927,0.1220,0.9487,0.0000,5.2493,1.6404,0.7101
4,3,3003,3004,2,1,2,1.0000,3003.519,591.000,833.481,8.5303,14.0000,1.0769,0.6799,4.5932,0.0000,0.7500,0.2500,0.0000,0.0000,4.5932,1.3123,0.7692
7,4,3005,3007,3,2,3,0.3889,3005.952,953.494,685.843,10.2921,15.0000,1.2651,0.5204,4.9211,0.1909,0.4622,0.3468,0.4205,0.6127,4.5931,0.6562,0.6627
4,3,3007,3009,3,1,2,0.6667,3008.125,426.000,829.438,7.8736,14.0000,1.1667,0.9783,4.5928,0.7576,0.1294,0.1129,0.8507,0.0000,4.9210,0.9842,0.8333
5,3,3010,3011,2,2,2,0.6250,3010.267,456.350,1103.383,8.8026,16.0000,1.3333,0.5836,5.2489,0.2938,0.4054,0.3007,0.0000,0.3029,4.5928,1.3122,0.7333
4,3,3010,3012,3,2,1,0.6667,3010.780,464.840,553.000,8.2012,16.0000,1.2800,0.7962,5.2489,0.7500,0.1500,0.1000,0.9487,0.0000,4.2646,1.3122,0.8400
3,3,3011,3012,2,1,2,0.7500,3011.357,419.000,650.690,7.9547,15.0000,1.0714,0.7135,4.9206,0.5333,0.2667,0.2000,0.7071,0.0000,4.9207,1.4762,1.0000
8,4,3013,3014,2,2,2,1.0000,3013.495,450.495,773.419,10.7859,14.0000,1.2043,0.8221,4.5925,0.0000,0.0000,1.0000,0.0000,1.0000,4.2644,0.3280,0.5806
7,4,3017,3019,3,2,2,0.5833,3017.889,909.432,822.901,10.0418,14.0000,1.2099,1.1963,4.5919,0.5916,0.2044,0.2040,0.9664,0.1591,4.5920,0.9840,0.6543
6,3,3017,3019,3,1,2,1.0000,3018.069,931.000,872.486,9.6412,15.0000,1.2500,0.5186,4.9200,0.5556,0.3333,0.1111,1.0000,0.0000,4.5919,1.4760,0.5972
4,3,3018,3019,2,1,2,1.0000,3018.580,579.000,1209.440,8.1999,15.0000,1.2000,0.6083,4.9199,0.0000,0.7500,0.2500,0.0000,0.0000,4.7559,0.6560,0.8400
30,13,3024,3027,4,5,3,0.5000,3025.514,731.879,203.688,23.7699,24.0000,1.8136,0.6134,7.8707,0.3693,0.2376,0.3931,0.5007,0.0454,4.2632,1.6397,0.5869
6,3,3024,3025,2,2,2,0.7500,3024.629,972.757,1135.543,9.3719,16.0000,1.3714,0.8143,5.2473,0.2000,0.3333,0.4667,0.7071,0.7071,4.4273,1.3118,0.6143
4,3,3025,3026,2,2,2,0.5000,3025.540,721.260,890.840,8.1986,15.0000,1.2000,0.6203,4.9192,0.5916,0.1015,0.3069,0.7071,0.7071,4.7551,1.3117,0.8400
5,3,3029,3031,3,2,2,0.4167,3029.919,1136.839,730.403,9.0921,16.0000,1.2903,0.6234,5.2466,0.5461,0.2256,0.2283,0.8117,0.4177,4.5908,1.3116,0.6935
7,3,3030,3031,2,2,4,0.4375,3030.250,930.224,1205.566,9.4193,15.0000,1.3816,0.6578,4.9187,0.6337,0.1104,0.2559,0.1491,0.7071,3.6069,1.3116,0.5395
4,3,3035,3038,4,1,1,1.0000,3036.333,687.000,641.000,8.3608,16.0000,1.2549,0.3333,5.2460,0.9375,0.0000,0.0625,1.0000,0.0000,4.7542,0.6558,0.8431
6,3,3036,3038,3,2,2,0.5000,3037.029,374.686,737.114,9.3697,17.0000,1.4571,0.3356,5.5738,0.7074,0.0897,0.2030,0.9140,0.2540,4.0984,1.1475,0.6143
8,3,3037,3038,2,2,3,0.6667,3037.600,645.667,1003.189,10.4327,14.0000,1.2444,0.7119,4.5902,0.3704,0.0753,0.5544,0.1349,0.6941,4.2623,1.8033,0.4556
5,3,3038,3039,2,1,3,0.8333,3038.368,472.000,1019.684,8.3577,15.0000,1.3158,0.4852,4.9180,0.5854,0.2927,0.1220,0.3162,0.0000,4.9179,0.9836,0.7193
6,3,3039,3041,3,1,2,1.0000,3039.957,732.000,1090.471,9.3694,14.0000,1.2000,0.5303,4.5900,0.5556,0.3333,0.1111,1.0000,0.0000,4.5900,1.3114,0.5714
4,3,3042,3044,3,2,1,0.6667,3043.060,302.260,866.000,8.1963,14.0000,1.1200,0.2668,4.5899,0.5357,0.3214,0.1429,1.0000,0.0000,4.5899,0.6557,0.8000
25,13,3042,3046,5,3,4,0.4167,3044.290,1147.882,714.552,26.0313,35.0000,2.2040,0.5468,11.4748,0.2807,0.2722,0.4471,0.9511,0.1510,4.2621,1.6393,0.6877
5,3,3043,3045,3,1,2,0.8333,3044.228,680.000,687.386,8.3573,13.0000,1.1404,0.4483,4.2621,0.5854,0.2927,0.1220,0.9487,0.0000,4.5899,0.8196,0.6842
6,3,3044,3045,2,2,2,0.7500,3044.477,327.323,843.246,8.6999,15.0000,1.3846,0.6623,4.9177,0.2000,0.3333,0.4667,0.0000,0.0000,3.9342,1.4753,0.6308
7,3,3047,3049,3,1,4,0.5833,3048.210,671.000,1287.420,10.0372,15.0000,1.2963,0.9803,4.9178,0.7600,0.1784,0.0616,0.6636,0.0000,4.2621,1.3114,0.5062
10,5,3047,3049,3,4,3,0.2778,3047.915,774.839,1022.305,12.2337,16.0000,1.3559,0.7183,5.2456,0.6878,0.0539,0.2583,0.4226,0.5778,4.2620,1.3114,0.6102
4,3,3053,3054,2,2,1,1.0000,3053.562,584.438,1026.000,7.8688,14.0000,1.1667,0.6187,4.5901,0.0000,0.7500,0.2500,1.0000,0.0000,4.5901,0.8197,0.8333
4,3,3057,3059,3,1,2,0.6667,3058.083,439.000,1100.458,7.8694,13.0000,1.0833,0.4658,4.2627,0.7576,0.1294,0.1129,0.8507,0.0000,4.5905,1.3115,0.8125
6,3,3059,3061,3,2,2,0.5000,3059.906,742.750,1009.453,8.5674,14.0000,1.3125,1.0436,4.5906,0.4412,0.1872,0.3716,0.7882,0.6154,4.0988,1.3116,0.6250
5,3,3068,3070,3,1,2,0.8333,3068.800,880.000,583.385,9.5343,16.0000,1.2308,0.4335,5.2479,0.5854,0.2927,0.1220,0.9487,0.0000,4.5917,0.9839,0.6615
6,3,3070,3071,2,2,3,0.5000,3070.304,544.116,1181.986,9.2397,14.0000,1.2174,0.3260,4.5920,0.5556,0.1852,0.2593,0.0000,0.4472,4.5921,0.9840,0.5797
4,3,3070,3071,2,1,2,1.0000,3070.574,860.000,1255.537,8.8563,16.0000,1.1852,0.6854,5.2482,0.0000,0.7500,0.2500,0.0000,0.0000,5.0841,0.9840,0.8333
4,3,3071,3072,2,2,1,1.0000,3071.480,348.460,935.000,8.2005,14.0000,1.1200,0.6943,4.5924,0.0000,0.7500,0.2500,1.0000,0.0000,4.5922,0.9841,0.8000
11,4,3072,3075,4,2,4,0.3438,3073.583,491.150,676.394,12.5615,15.0000,1.2992,0.8541,4.9206,0.6943,0.1491,0.1566,0.7141,0.2406,4.2645,1.3123,0.4488
17,3,3072,3076,5,3,4,0.2833,3073.624,665.050,1202.834,14.4009,17.0000,1.5967,0.4136,5.5769,0.4783,0.3795,0.1422,0.7246,0.4493,3.9364,1.6402,0.3094
4,3,3073,3074,2,2,1,1.0000,3073.553,486.553,739.000,7.7091,13.0000,1.1064,0.7111,4.2647,0.0000,0.7500,0.2500,1.0000,0.0000,4.5926,1.3122,0.8298
7,3,3073,3075,3,3,2,0.3889,3074.263,556.329,952.763,9.4235,14.0000,1.2895,0.8410,4.5929,0.6360,0.2036,0.1604,0.7071,0.5972,3.6086,1.3122,0.5263
7,3,3075,3077,3,2,3,0.3889,3076.000,597.427,782.360,9.3001,13.0000,1.2133,0.5583,4.2650,0.5780,0.1560,0.2660,0.4539,0.5702,3.6088,0.8202,0.5200
10,4,3076,3078,3,2,4,0.4167,3077.046,610.422,1014.468,11.3089,14.0000,1.2844,1.2833,4.5933,0.7464,0.1300,0.1235,0.5185,0.7086,3.9371,1.6404,0.5046
4,3,3080,3081,2,2,1,1.0000,3080.481,937.481,813.000,8.8597,14.0000,1.0370,0.6809,4.5940,0.0000,0.7500,0.2500,1.0000,0.0000,4.9220,1.1485,0.7778
8,3,3082,3084,3,2,3,0.4444,3083.228,566.913,1037.152,10.6745,17.0000,1.4783,0.2878,5.5789,0.4479,0.3131,0.2390,0.5093,0.1254,4.2662,1.3127,0.4891
6,3,3082,3083,2,1,3,1.0000,3082.603,741.000,1118.074,9.1101,15.0000,1.3235,1.0080,4.9226,0.5556,0.3333,0.1111,0.0000,0.0000,3.6098,0.8204,0.6029
5,4,3084,3085,2,3,1,0.8333,3084.426,751.311,547.000,8.9530,14.0000,1.1475,0.8098,4.5946,0.5854,0.2927,0.1220,0.3162,0.0000,4.9229,1.4768,0.8689
3,3,3085,3087,3,1,1,1.0000,3086.023,453.000,786.000,8.1482,16.0000,1.1163,0.0233,5.2514,0.8889,0.0000,0.1111,1.0000,0.0000,4.9233,0.9847,1.0000
7,3,3085,3088,4,2,2,0.4375,3086.566,461.882,1033.421,9.4281,14.0000,1.2895,0.8181,4.5949,0.6023,0.2183,0.1794,0.9919,0.0509,3.6106,0.6563,0.5263
8,3,3086,3087,2,2,4,0.5000,3086.523,386.663,1034.128,9.9796,15.0000,1.3953,0.5978,4.9233,0.7519,0.0685,0.1796,0.3767,0.9056,3.6103,0.9846,0.4767
4,3,3089,3091,3,2,1,0.6667,3089.961,339.490,661.000,8.3707,14.0000,1.0980,0.5113,4.5957,0.7576,0.1294,0.1129,0.8507,0.0000,4.5956,1.6412,0.7843
4,4,3089,3090,2,1,2,1.0000,3089.519,830.000,1183.500,8.8629,14.0000,1.0370,0.6941,4.5957,0.0000,0.7500,0.2500,0.0000,0.0000,4.7597,1.3130,1.0000
6,3,3090,3092,3,3,1,0.6667,3091.402,504.305,544.000,10.9896,21.0000,1.5366,0.6708,6.8940,0.6061,0.3030,0.0909,0.7071,0.0000,4.4318,1.3132,0.6341
5,3,3098,3099,2,1,3,0.8333,3098.379,449.000,1091.224,8.5171,15.0000,1.2931,0.4406,4.9253,0.5854,0.2927,0.1220,0.3162,0.0000,4.9253,1.3134,0.7241
8,3,3103,3106,4,2,3,0.3333,3104.578,873.644,917.944,10.4503,16.0000,1.4222,0.5548,5.2548,0.6085,0.2771,0.1144,0.9326,0.3599,4.1053,1.6421,0.5000
6,3,3104,3107,4,2,2,0.3750,3105.797,753.875,1214.547,8.5812,14.0000,1.3125,0.5121,4.5981,0.8688,0.0142,0.1170,0.9156,0.3015,3.7769,0.9853,0.6250
5,3,3105,3107,3,1,2,0.8333,3105.824,315.000,542.294,9.9878,20.0000,1.4706,0.3430,6.5686,0.5854,0.2927,0.1220,0.9487,0.0000,4.5982,1.6422,0.7059
8,4,3105,3107,3,3,2,0.4444,3106.020,750.850,451.750,11.6118,19.0000,1.5200,0.2922,6.2402,0.7021,0.0951,0.2027,0.7715,0.0725,4.5980,1.6421,0.6400
5,3,3105,3106,2,1,3,0.8333,3105.596,951.000,1202.316,8.3720,13.0000,1.1404,0.9077,4.2696,0.5854,0.2927,0.1220,0.3162,0.0000,4.5979,0.9853,0.6842
7,3,3109,3110,2,2,3,0.5833,3109.308,801.795,944.679,9.6834,15.0000,1.3462,0.9915,4.9270,0.3772,0.3083,0.3146,0.1545,0.6900,3.9415,0.9854,0.5385
5,3,3110,3111,2,2,2,0.6250,3110.541,272.656,428.869,8.9606,17.0000,1.3934,0.5886,5.5840,0.3432,0.2505,0.4063,0.6059,0.3645,4.5985,1.3139,0.7377
6,3,3110,3111,2,1,4,0.7500,3110.671,651.000,639.014,9.7891,15.0000,1.2329,0.3291,4.9271,0.8001,0.1345,0.0654,0.2238,0.0000,4.2701,1.9708,0.5890
5,3,3112,3113,2,2,2,0.6250,3112.393,466.787,566.738,8.9609,16.0000,1.3115,0.5187,5.2557,0.3432,0.2505,0.4063,0.6059,0.3645,4.7629,2.1351,0.7377
8,3,3112,3114,3,2,3,0.4444,3112.783,599.543,1060.217,10.6845,14.0000,1.2174,1.3182,4.5988,0.3208,0.3208,0.3583,0.6280,0.3251,4.2703,0.9855,0.5761
7,3,3115,3117,3,1,3,0.7778,3116.025,639.000,1238.284,10.0571,15.0000,1.2963,1.0158,4.9276,0.1247,0.7481,0.1273,1.0000,0.0000,3.9420,0.9855,0.5185
6,3,3118,3120,3,2,2,0.5000,3119.200,509.143,748.514,9.3881,15.0000,1.2857,0.5700,4.9277,0.3810,0.3333,0.2857,0.9487,0.1690,4.4350,1.8068,0.5857
4,3,3119,3121,3,2,1,0.6667,3120.078,653.255,456.000,8.3772,16.0000,1.2549,0.2667,5.2563,0.5357,0.3214,0.1429,1.0000,0.0000,4.5993,0.3285,0.8235
4,3,3121,3122,2,1,2,1.0000,3121.481,569.000,892.556,8.8701,15.0000,1.1111,0.6553,4.9279,0.0000,0.7500,0.2500,0.0000,0.0000,4.2708,0.6570,0.7963
3,3,3122,3124,3,1,1,1.0000,3122.976,322.000,1182.000,7.7767,14.0000,1.0244,0.9756,4.5994,0.8889,0.0000,0.1111,1.0000,0.0000,4.9279,1.6426,1.0000
8,4,3125,3128,4,2,3,0.3333,3126.083,1035.406,625.875,11.1509,15.0000,1.2500,0.9683,4.9280,0.8312,0.0623,0.1066,0.7817,0.2756,4.4352,1.6427,0.5938
4,3,3129,3130,2,2,1,1.0000,3129.518,278.536,806.000,9.1991,15.0000,1.0714,0.6955,4.9281,0.0000,0.7500,0.2500,1.0000,0.0000,5.0924,0.3285,0.7857
5,3,3129,3130,2,1,3,0.8333,3129.603,453.000,847.310,8.5218,14.0000,1.2069,0.9164,4.5995,0.5854,0.2927,0.1220,0.3162,0.0000,4.5996,0.3285,0.6897
4,3,3129,3132,4,1,1,1.0000,3130.407,591.000,1280.000,8.8706,19.0000,1.4074,0.5926,6.2423,0.9375,0.0000,0.0625,1.0000,0.0000,4.7638,0.9856,0.8519
3,3,3136,3137,2,1,2,0.7500,3136.675,552.000,905.675,7.5871,14.0000,1.0500,0.4596,4.5995,0.5333,0.2667,0.2000,0.7071,0.0000,4.5995,1.3141,1.0000
5,3,3138,3139,2,2,2,0.6250,3138.288,466.627,1027.373,8.6684,15.0000,1.2712,0.6009,4.9279,0.2938,0.4054,0.3007,0.0000,0.3029,4.5994,1.3141,0.7119
6,3,3140,3141,2,3,1,1.0000,3140.530,430.091,400.000,8.8518,14.0000,1.2727,0.5380,4.5993,0.5556,0.3333,0.1111,0.0000,0.0000,4.2708,1.6426,0.6212
4,3,3141,3142,2,2,1,1.0000,3141.547,680.547,613.000,8.7057,16.0000,1.2075,0.6404,5.2563,0.0000,0.7500,0.2500,1.0000,0.0000,4.5993,1.3141,0.7925
9,4,3150,3151,2,3,2,0.7500,3150.437,571.660,906.524,11.2773,15.0000,1.3107,0.7298,4.9270,0.4706,0.0000,0.5294,0.3015,0.9535,4.2701,0.9854,0.5340
5,3,3151,3153,3,2,2,0.4167,3152.274,647.339,1121.758,9.1070,15.0000,1.2097,1.1028,4.9267,0.7729,0.0435,0.1836,0.8328,0.5477,4.9267,1.3138,0.6613
6,3,3151,3153,3,2,2,0.5000,3152.408,805.803,963.606,9.5203,15.0000,1.2676,0.7378,4.9267,0.6373,0.1269,0.2358,0.8795,0.0724,4.9267,1.4780,0.6056
6,3,3152,3154,3,3,1,0.6667,3153.324,453.704,629.000,9.5201,15.0000,1.2676,0.7379,4.9265,0.6061,0.3030,0.0909,0.7071,0.0000,4.2698,1.4780,0.5775
7,3,3153,3155,3,3,3,0.2593,3154.013,285.158,976.197,9.4344,14.0000,1.2895,0.2531,4.5981,0.5373,0.2303,0.2324,0.0000,0.0000,3.9412,1.3138,0.5395
11,3,3153,3156,4,4,2,0.3438,3154.104,854.113,1031.504,11.3880,14.0000,1.3391,1.0214,4.5981,0.7988,0.0840,0.1172,0.6263,0.5589,3.6129,1.3138,0.3565
8,4,3154,3156,3,3,2,0.4444,3154.560,802.736,622.341,10.5667,14.0000,1.2308,0.9046,4.5981,0.5726,0.2236,0.2038,0.6380,0.0939,4.4338,1.1495,0.5934
7,3,3154,3156,3,1,3,0.7778,3155.156,920.000,692.312,9.5582,14.0000,1.2727,0.3485,4.5980,0.4747,0.4312,0.0941,0.8619,0.0000,3.9412,1.3137,0.5195
6,3,3156,3158,3,2,2,0.5000,3157.195,384.338,842.766,10.3234,20.0000,1.5584,0.4545,6.5681,0.4758,0.3366,0.1876,0.8466,0.1665,4.2692,1.3136,0.6623
5,3,3156,3157,2,2,2,0.6250,3156.397,653.466,963.862,8.5185,14.0000,1.2069,0.6797,4.5978,0.3432,0.2505,0.4063,0.6059,0.3645,4.2693,0.9852,0.6897
4,3,3159,3160,2,2,2,0.5000,3159.531,715.265,835.163,8.0453,15.0000,1.2245,0.6153,4.9258,0.5916,0.1015,0.3069,0.7071,0.7071,4.9256,1.9703,0.8367
13,3,3159,3161,3,2,3,0.7222,3160.304,882.348,783.000,12.2950,14.0000,1.3481,0.4620,4.5972,0.2627,0.3824,0.3549,0.5345,0.2964,3.6121,1.3134,0.2963
7,3,3162,3164,3,2,2,0.5833,3162.711,597.289,883.614,10.3005,14.0000,1.1807,0.8588,4.5969,0.4600,0.2645,0.2756,0.8571,0.1000,4.5967,1.6418,0.4819
6,3,3162,3164,3,2,2,0.5000,3163.013,762.587,1003.293,10.0533,17.0000,1.3600,0.6560,5.5818,0.1333,0.2667,0.6000,1.0000,0.0000,4.2684,0.6567,0.6400
6,3,3163,3165,3,1,3,0.6667,3163.987,787.000,835.147,10.0530,16.0000,1.2800,0.1473,5.2533,0.6944,0.2222,0.0833,0.8000,0.0000,4.4325,0.9850,0.5600
6,3,3163,3165,3,1,2,1.0000,3164.156,832.000,856.531,8.5785,13.0000,1.2187,0.4941,4.2683,0.5556,0.3333,0.1111,1.0000,0.0000,3.9399,1.3133,0.6094
4,3,3164,3166,3,2,1,0.6667,3164.882,465.451,1050.000,8.3721,15.0000,1.1765,0.5615,4.9247,0.7576,0.1294,0.1129,0.8507,0.0000,4.9248,1.3133,0.8431
3,3,3166,3167,2,1,2,0.7500,3166.325,379.000,1169.325,7.5818,14.0000,1.0500,0.4596,4.5963,0.5333,0.2667,0.2000,0.7071,0.0000,4.5963,1.3132,1.0000
6,3,3167,3169,3,2,1,1.0000,3168.028,348.549,919.000,9.5154,14.0000,1.1831,0.4516,4.5959,0.5556,0.3333,0.1111,1.0000,0.0000,4.4318,1.3131,0.5775
7,3,3168,3170,3,2,2,0.5833,3169.276,420.299,725.195,10.7942,19.0000,1.5287,0.4512,6.2371,0.3772,0.3083,0.3146,0.9758,0.2185,4.2673,1.6413,0.5632
6,4,3168,3170,3,3,1,0.6667,3168.620,474.746,759.000,9.5152,14.0000,1.1831,0.8378,4.5957,0.2083,0.6667,0.1250,0.8944,0.0000,4.5959,1.1490,0.7606
6,3,3170,3173,4,2,2,0.3750,3171.486,704.300,956.329,9.3801,15.0000,1.2857,0.8974,4.9234,0.8460,0.0320,0.1220,0.8735,0.4867,4.5953,1.6412,0.5857
10,3,3173,3176,4,2,4,0.3125,3174.960,377.830,906.280,10.3783,15.0000,1.5000,0.3300,4.9228,0.2585,0.5217,0.2198,0.5478,0.0831,3.2819,0.9846,0.4100
7,3,3174,3176,3,3,3,0.2593,3175.392,623.013,1092.063,9.7993,17.0000,1.5063,0.3977,5.5792,0.4430,0.2796,0.2773,0.7469,0.3798,3.9381,1.9691,0.5443
7,3,3177,3179,3,3,2,0.3889,3178.312,381.700,866.112,9.9222,16.0000,1.4000,0.7748,5.2504,0.7514,0.0882,0.1604,0.6022,0.1549,3.2815,0.6563,0.5750
6,3,3177,3179,3,2,2,0.5000,3178.324,576.882,1031.515,9.1097,15.0000,1.3235,0.6192,4.9223,0.6373,0.1269,0.2358,0.8795,0.0724,4.2659,1.6407,0.6176
3,3,3178,3179,2,1,2,0.7500,3178.325,440.000,846.325,7.5782,14.0000,1.0500,0.4596,4.5941,0.5333,0.2667,0.2000,0.7071,0.0000,3.9378,0.9844,1.0000
6,3,3178,3181,4,2,2,0.3750,3179.507,479.293,836.307,10.0470,16.0000,1.2800,0.6609,5.2502,0.8460,0.0320,0.1220,0.8735,0.4867,4.4297,0.9844,0.5733
4,3,3178,3179,2,1,2,1.0000,3178.528,896.000,1274.509,8.6958,15.0000,1.1321,0.6806,4.9221,0.0000,0.7500,0.2500,0.0000,0.0000,4.5940,1.3126,0.7736
4,3,3179,3181,3,1,2,0.6667,3179.917,385.000,841.458,7.8751,13.0000,1.0833,1.0249,4.2658,0.7576,0.1294,0.1129,0.8507,0.0000,4.5938,0.8203,0.8125
4,3,3180,3181,2,1,2,1.0000,3180.463,842.000,654.481,8.8593,15.0000,1.1111,0.6951,4.9219,0.0000,0.7500,0.2500,0.0000,0.0000,5.2499,1.6406,0.7963
3,3,3183,3185,3,1,1,1.0000,3183.933,486.000,928.000,8.5238,16.0000,1.0667,0.9333,5.2494,0.8889,0.0000,0.1111,1.0000,0.0000,4.9212,0.6562,1.0000
6,3,3184,3185,2,4,1,0.7500,3184.309,898.206,1051.000,9.1077,17.0000,1.5000,0.3712,5.5773,0.8001,0.1345,0.0654,0.2238,0.0000,3.7729,1.8044,0.6471
6,3,3185,3186,2,2,3,0.5000,3185.551,541.246,961.783,9.2412,16.0000,1.3913,0.6413,5.2491,0.6381,0.1455,0.2164,0.3327,0.3629,3.9367,0.8201,0.6377
7,3,3186,3189,4,2,2,0.4375,3187.341,517.122,1085.622,10.1670,17.0000,1.4512,0.5238,5.5768,0.7406,0.0824,0.1770,0.9316,0.0988,3.9366,0.6561,0.5244
5,3,3186,3187,2,2,3,0.4167,3186.220,737.847,1120.254,8.6559,15.0000,1.2712,0.3694,4.9208,0.6489,0.0995,0.2515,0.1100,0.3726,4.5927,1.6403,0.7119
7,3,3187,3189,3,2,2,0.5833,3187.724,922.632,526.289,9.4230,13.0000,1.1974,0.8621,4.2646,0.4600,0.2645,0.2756,0.8571,0.1000,3.9364,0.6561,0.5132
9,3,3188,3191,4,2,3,0.3750,3189.495,798.812,467.614,11.0434,17.0000,1.5149,0.8107,5.5764,0.6531,0.1893,0.1577,0.7024,0.2779,3.6082,0.9841,0.4257
4,3,3188,3189,2,1,2,1.0000,3188.551,839.000,676.429,8.0367,14.0000,1.1429,0.6981,4.5925,0.0000,0.7500,0.2500,0.0000,0.0000,4.7564,0.6561,0.8367
8,3,3189,3191,3,2,4,0.3333,3189.793,303.218,911.391,10.0896,15.0000,1.3793,0.4932,4.9202,0.6465,0.1737,0.1798,0.4767,0.1556,3.9362,1.6400,0.4713
5,3,3196,3198,3,2,1,0.8333,3196.780,656.627,1057.000,8.6535,14.0000,1.1864,0.8642,4.5915,0.5854,0.2927,0.1220,0.9487,0.0000,4.5915,1.4758,0.6780
5,3,3197,3198,2,1,3,0.8333,3197.373,1006.000,641.791,9.8267,17.0000,1.2687,0.4277,5.5753,0.5854,0.2927,0.1220,0.3162,0.0000,4.9193,1.3118,0.6716
5,3,3199,3201,3,2,2,0.4167,3200.194,563.145,864.613,9.0929,15.0000,1.2097,0.4565,4.9191,0.7729,0.0435,0.1836,0.8328,0.5477,4.5912,1.3118,0.6774
12,3,3200,3203,4,2,4,0.3750,3201.426,733.434,574.264,12.2120,16.0000,1.4884,0.6631,5.2470,0.5872,0.2238,0.1889,0.7188,0.3542,3.6073,1.6397,0.3488
3,3,3200,3201,2,1,2,0.7500,3200.326,948.000,774.349,8.1415,15.0000,1.0465,0.7280,4.9191,0.5333,0.2667,0.2000,0.7071,0.0000,4.9191,2.1316,1.0000
7,3,3201,3203,3,2,2,0.5833,3201.753,473.714,867.312,9.5440,15.0000,1.3636,0.4896,4.9190,0.3772,0.3083,0.3146,0.9758,0.2185,3.9353,1.1478,0.5455
9,4,3202,3205,4,3,2,0.3750,3203.325,297.263,1146.325,12.4613,21.0000,1.6579,0.8681,6.8865,0.2828,0.4992,0.2180,0.9489,0.1415,4.2630,1.3117,0.5614
5,3,3207,3208,2,2,2,0.6250,3207.397,384.845,520.603,8.5057,13.0000,1.1207,0.7386,4.2629,0.3432,0.2505,0.4063,0.6059,0.3645,3.9350,0.1640,0.6724
6,3,3208,3210,3,2,2,0.5000,3208.957,417.130,729.348,9.2371,15.0000,1.3043,0.6665,4.9187,0.7074,0.0897,0.2030,0.9140,0.2540,4.4268,1.3117,0.5942
6,3,3210,3212,3,2,2,0.5000,3211.194,417.111,589.500,9.6387,14.0000,1.1667,0.5479,4.5908,0.3810,0.3333,0.2857,0.9487,0.1690,4.4268,0.9837,0.5833
5,3,3212,3214,3,3,1,0.5556,3212.705,248.033,840.000,8.9455,16.0000,1.3115,0.2969,5.2466,0.5532,0.3398,0.1070,0.8281,0.0000,4.5908,0.3279,0.6885
4,3,3213,3214,2,2,2,0.5000,3213.735,457.429,1087.837,8.0339,15.0000,1.2245,0.5298,4.9187,0.5916,0.1015,0.3069,0.5000,0.5000,4.5908,0.9837,0.8367
7,3,3213,3215,3,2,3,0.3889,3214.346,572.123,942.778,10.0392,15.0000,1.2963,0.8600,4.9187,0.1917,0.4720,0.3362,0.9296,0.1173,4.4269,1.6396,0.5062
13,6,3216,3218,3,3,2,0.7222,3217.162,290.778,718.383,15.1884,25.0000,1.9461,0.4713,8.1980,0.1607,0.3986,0.4407,0.9562,0.0694,3.6071,0.6558,0.5928
4,3,3217,3218,2,1,2,1.0000,3217.500,418.000,893.554,9.1818,17.0000,1.2143,0.6703,5.5747,0.0000,0.7500,0.2500,0.0000,0.0000,5.2467,1.6396,0.8036
5,3,3217,3218,2,3,1,0.8333,3217.459,439.230,576.000,8.9457,15.0000,1.2295,0.5132,4.9188,0.5854,0.2927,0.1220,0.3162,0.0000,4.9188,1.4756,0.7049
4,3,3217,3218,2,2,2,0.5000,3217.735,560.449,907.816,8.0341,14.0000,1.1429,0.5529,4.5909,0.5916,0.1015,0.3069,0.5000,0.5000,4.5909,1.9675,0.8163
5,3,3217,3218,2,2,2,0.6250,3217.576,568.394,1046.136,9.6789,16.0000,1.2121,0.7108,5.2467,0.3432,0.2505,0.4063,0.6059,0.3645,4.2630,1.3117,0.6818
3,3,3218,3218,1,2,2,0.7500,3218.000,464.643,892.690,7.9517,15.0000,1.0714,0.7135,4.9188,0.5333,0.2667,0.2000,0.0000,1.0000,4.9188,0.6559,1.0000
9,4,3220,3222,3,2,3,0.5000,3220.733,525.297,697.782,11.0402,15.0000,1.3366,0.8201,4.9189,0.6439,0.1119,0.2442,0.5337,0.4615,3.6072,1.3117,0.5545
6,3,3221,3223,3,3,2,0.3333,3222.014,171.986,910.153,9.6392,16.0000,1.3333,0.1540,5.2469,0.5704,0.2383,0.1913,0.3439,0.2128,4.2631,1.3117,0.5833
4,3,3224,3225,2,2,1,1.0000,3224.549,321.529,444.000,8.3625,14.0000,1.0980,0.6955,4.5912,0.0000,0.7500,0.2500,1.0000,0.0000,5.0831,1.3118,0.8039
12,4,3224,3226,3,3,3,0.4444,3225.345,825.106,384.852,13.4430,19.0000,1.6056,0.6797,6.2310,0.4296,0.0945,0.4760,0.3243,0.4709,3.2794,0.9838,0.4577
6,3,3226,3228,3,2,1,1.0000,3227.054,442.568,508.000,9.9075,17.0000,1.3784,0.4358,5.5751,0.5556,0.3333,0.1111,1.0000,0.0000,4.2633,1.3118,0.5946
5,3,3229,3231,3,1,2,0.8333,3230.262,431.000,1105.525,8.9468,15.0000,1.2295,0.5865,4.9194,0.5854,0.2927,0.1220,0.9487,0.0000,4.9194,0.9839,0.7049
8,3,3229,3231,3,3,3,0.2963,3230.155,543.083,714.155,9.7400,15.0000,1.4286,0.2342,4.9195,0.5578,0.2721,0.1700,0.8460,0.4687,3.4436,1.6398,0.5119
6,3,3231,3232,2,2,2,0.7500,3231.625,527.438,928.737,10.7114,18.0000,1.3500,0.6332,5.9034,0.2000,0.3333,0.4667,0.7071,0.7071,4.7555,0.9839,0.6000
9,3,3237,3240,4,3,3,0.2500,3238.412,1030.155,660.804,10.6052,15.0000,1.3918,0.4820,4.9199,0.6815,0.1204,0.1981,0.6847,0.4539,3.6079,1.3120,0.4433
7,4,3238,3241,4,2,3,0.2917,3239.500,550.167,1013.560,10.4136,18.0000,1.5000,0.6869,5.9040,0.7074,0.1321,0.1605,0.8132,0.0194,4.5920,1.3120,0.7024
5,3,3241,3243,3,3,1,0.5556,3241.712,579.955,578.000,9.6815,19.0000,1.4394,0.2914,6.2322,0.5532,0.3398,0.1070,0.8281,0.0000,3.9361,0.9840,0.7121
3,3,3242,3243,2,2,1,0.7500,3242.317,319.659,496.000,7.7644,14.0000,1.0244,0.7309,4.5921,0.5333,0.2667,0.2000,0.7071,0.0000,4.5921,0.4920,1.0000
11,3,3244,3247,4,2,3,0.4583,3245.807,731.655,786.160,11.7693,15.0000,1.3866,0.8916,4.9203,0.4531,0.3475,0.1994,0.9951,0.0947,3.6082,1.1481,0.3613
4,3,3246,3248,3,1,2,0.6667,3246.920,626.000,946.300,8.2006,15.0000,1.2000,0.7046,4.9204,0.5357,0.3214,0.1429,1.0000,0.0000,4.5923,1.6401,0.8200
5,3,3247,3249,3,2,1,0.8333,3248.250,496.367,786.000,8.8019,16.0000,1.3333,0.4438,5.2484,0.5854,0.2927,0.1220,0.9487,0.0000,4.9204,1.9682,0.7167
8,3,3247,3249,3,2,2,0.6667,3247.812,941.412,879.682,9.8578,14.0000,1.3176,0.5531,4.5924,0.4396,0.1507,0.4097,0.8641,0.2943,3.4443,0.9841,0.4824
7,3,3249,3252,4,3,2,0.2917,3250.800,399.025,762.237,9.9188,15.0000,1.3125,0.8349,4.9205,0.4595,0.3414,0.1990,0.9880,0.0957,3.9364,1.3121,0.5500
9,3,3249,3251,3,2,3,0.5000,3250.020,620.307,1037.673,11.0437,19.0000,1.6931,0.4487,6.2326,0.1335,0.4984,0.3681,0.6280,0.3251,3.6083,1.3121,0.4653
5,3,3249,3251,3,1,3,0.5556,3249.949,878.000,1083.898,8.6553,14.0000,1.1864,0.8997,4.5924,0.0000,0.8276,0.1724,0.0000,0.0000,4.5924,0.9841,0.6949
5,3,3252,3254,3,2,2,0.4167,3252.934,546.197,1073.426,8.9488,14.0000,1.1475,0.4740,4.5925,0.5461,0.2256,0.2283,0.8117,0.4177,4.5925,1.3121,0.6557
5,3,3253,3254,2,2,2,0.6250,3253.787,425.393,889.738,8.9489,16.0000,1.3115,0.5187,5.2486,0.3432,0.2505,0.4063,0.5155,0.8569,4.5925,0.4921,0.7377
4,3,3267,3270,4,1,1,1.0000,3268.660,636.000,526.000,8.6932,16.0000,1.2075,0.3396,5.2487,0.9375,0.0000,0.0625,1.0000,0.0000,4.9207,0.9841,0.8302
5,4,3276,3278,3,2,1,0.8333,3277.286,620.556,497.000,9.2424,14.0000,1.1111,0.6247,4.5926,0.5854,0.2927,0.1220,0.9487,0.0000,4.5926,1.3122,0.8571
4,3,3277,3279,3,1,2,0.6667,3277.796,663.000,503.796,8.8571,15.0000,1.1111,0.2881,4.9206,0.7500,0.1500,0.1000,0.9487,0.0000,4.9206,1.6402,0.7963
7,4,3278,3280,3,1,3,0.7778,3279.213,485.000,1068.955,11.0349,18.0000,1.4157,0.2182,5.9047,0.1247,0.7481,0.1273,0.0000,0.0000,4.5926,1.3122,0.6629
3,3,3282,3283,2,2,1,0.7500,3282.675,633.675,951.000,7.5757,14.0000,1.0500,0.4596,4.5925,0.5333,0.2667,0.2000,0.7071,0.0000,4.5925,1.4762,1.0000
6,3,3283,3285,3,3,1,0.6667,3283.797,205.468,569.000,10.5798,19.0000,1.4430,0.5689,6.2327,0.2083,0.6667,0.1250,0.4472,0.0000,4.5926,0.9841,0.6076
7,3,3283,3284,2,2,3,0.5833,3283.420,906.198,732.272,10.0430,16.0000,1.3827,0.8636,5.2486,0.3883,0.1309,0.4808,0.3626,0.5691,3.9365,1.6402,0.5556
5,3,3284,3286,3,1,2,0.8333,3285.167,402.000,809.333,8.8022,14.0000,1.1667,0.3727,4.5926,0.5854,0.2927,0.1220,0.9487,0.0000,4.5926,0.8201,0.6667
5,4,3285,3286,2,2,2,0.6250,3285.594,368.531,686.875,9.3891,17.0000,1.3281,0.6804,5.5767,0.3432,0.2505,0.4063,0.6059,0.3645,4.9206,1.4762,0.8750
4,3,3285,3287,3,1,2,0.6667,3285.945,500.000,560.527,9.0211,15.0000,1.0909,1.0571,4.9206,0.7576,0.1294,0.1129,0.8507,0.0000,5.2486,2.2963,0.7818
5,3,3286,3288,3,1,2,0.8333,3287.242,390.000,1080.545,9.6825,16.0000,1.2121,0.5969,5.2487,0.5854,0.2927,0.1220,0.9487,0.0000,5.2487,1.3122,0.6667
5,3,3286,3288,3,2,2,0.4167,3287.295,487.852,1042.213,8.9490,16.0000,1.3115,0.3928,5.2487,0.6489,0.0995,0.2515,0.9362,0.2726,4.5926,1.6402,0.7049
6,3,3287,3288,2,2,2,0.7500,3287.485,846.758,661.394,8.8389,13.0000,1.1818,0.6701,4.2645,0.2000,0.3333,0.4667,0.0000,0.0000,4.5926,1.6402,0.5909
6,3,3288,3289,2,2,3,0.5000,3288.521,716.113,976.690,9.5085,16.0000,1.3521,0.6167,5.2487,0.6373,0.1269,0.2358,0.4046,0.4063,4.4286,0.9841,0.6056
6,3,3289,3291,3,2,2,0.5000,3290.182,279.455,611.121,8.8389,15.0000,1.3636,0.5043,4.9207,0.6373,0.1269,0.2358,0.8795,0.0724,3.9365,1.1482,0.6212
5,3,3289,3290,2,3,1,0.8333,3289.350,712.317,901.000,8.8023,16.0000,1.3333,0.7678,5.2487,0.5854,0.2927,0.1220,0.3162,0.0000,4.5926,1.3122,0.7000
5,3,3293,3295,3,1,2,0.8333,3294.293,488.000,732.379,8.5091,14.0000,1.2069,0.9407,4.5927,0.5854,0.2927,0.1220,0.9487,0.0000,4.5927,0.9841,0.6897
9,3,3294,3297,4,3,3,0.2500,3295.415,429.245,739.074,10.2790,14.0000,1.3404,0.9583,4.5928,0.1537,0.6007,0.2455,0.8636,0.0070,3.6085,1.4762,0.4255
8,3,3295,3297,3,2,2,0.6667,3296.020,401.663,1099.208,11.7145,19.0000,1.5050,0.3962,6.2330,0.4961,0.2369,0.2670,0.9586,0.0986,4.2647,1.3122,0.4950
5,3,3296,3297,2,2,2,0.6250,3296.409,991.152,955.455,9.6829,15.0000,1.1364,0.6985,4.9208,0.3432,0.2505,0.4063,0.6059,0.3645,5.2489,1.9683,0.6667
3,3,3297,3298,2,2,1,0.7500,3297.667,317.289,611.000,8.5232,17.0000,1.1333,0.4411,5.5770,0.5333,0.2667,0.2000,0.7071,0.0000,5.2489,1.6403,1.0000
9,3,3299,3301,3,3,2,0.5000,3299.866,594.237,854.392,10.6074,15.0000,1.3918,1.0845,4.9209,0.5418,0.1816,0.2766,0.8064,0.4687,3.6088,0.6561,0.4330
4,3,3303,3304,2,2,1,1.0000,3303.472,679.453,597.000,8.6941,16.0000,1.2075,0.6958,5.2493,0.0000,0.7500,0.2500,1.0000,0.0000,4.9211,1.4763,0.8302
11,3,3303,3305,3,2,3,0.6111,3304.017,940.158,848.908,11.8704,17.0000,1.5583,0.1837,5.5774,0.1300,0.5645,0.3055,0.0000,0.0000,3.6089,0.6562,0.3833
5,3,3305,3307,3,2,1,0.8333,3306.164,479.557,423.000,8.9503,15.0000,1.2295,0.4720,4.9213,0.5854,0.2927,0.1220,0.9487,0.0000,3.9371,0.6562,0.6885
4,3,3313,3314,2,2,1,1.0000,3313.500,516.538,1007.000,8.5313,15.0000,1.1538,0.6805,4.9219,0.0000,0.7500,0.2500,1.0000,0.0000,5.2501,2.6250,0.7885
3,3,3315,3316,2,1,2,0.7500,3315.683,495.000,1255.683,7.7675,15.0000,1.0976,0.4484,4.9221,0.5333,0.2667,0.2000,0.7071,0.0000,4.5940,0.9844,1.0000
4,3,3318,3320,3,2,1,0.6667,3318.896,152.458,681.000,7.8758,14.0000,1.1667,0.5516,4.5943,0.7576,0.1294,0.1129,0.8507,0.0000,4.5942,0.3282,0.8333
8,3,3318,3319,2,3,3,0.4444,3318.539,275.303,817.169,10.3259,15.0000,1.3483,0.8520,4.9224,0.6884,0.0774,0.2342,0.3029,0.0000,3.7738,1.6407,0.4719
3,3,3320,3321,2,2,1,0.7500,3320.333,442.667,709.000,7.3893,13.0000,1.0000,0.7454,4.2662,0.5333,0.2667,0.2000,0.7071,0.0000,3.9380,1.3127,1.0000
9,3,3324,3327,4,2,2,0.5625,3325.486,329.686,601.543,11.4870,15.0000,1.2857,0.7373,4.9230,0.6050,0.0635,0.3315,0.9576,0.1565,4.2666,0.0000,0.4095
4,3,3324,3325,2,1,2,1.0000,3324.558,434.000,854.423,8.5331,16.0000,1.2308,0.6121,5.2512,0.0000,0.7500,0.2500,0.0000,0.0000,5.0870,1.6410,0.8269
8,3,3326,3329,4,3,2,0.3333,3327.136,467.523,820.409,10.2115,14.0000,1.2727,0.7717,4.5949,0.5720,0.3009,0.1271,0.8335,0.3170,3.9385,0.6564,0.4545
4,3,3328,3329,2,2,2,0.5000,3328.434,560.830,792.264,8.6977,16.0000,1.2075,0.5357,5.2514,0.5916,0.1015,0.3069,0.7071,0.7071,4.9233,1.4770,0.8302
3,3,3333,3334,2,1,2,0.7500,3333.310,464.000,795.690,7.9594,16.0000,1.1429,0.4377,5.2518,0.5333,0.2667,0.2000,0.7071,0.0000,4.5954,0.6565,1.0000
4,3,3333,3334,2,1,2,1.0000,3333.471,790.000,814.510,8.3702,14.0000,1.0980,0.6938,4.5954,0.0000,0.7500,0.2500,0.0000,0.0000,4.5954,1.4771,0.7843
4,3,3334,3335,2,2,1,1.0000,3334.444,260.519,855.000,8.8626,15.0000,1.1111,0.6829,4.9237,0.0000,0.7500,0.2500,1.0000,0.0000,4.9237,1.1489,0.7963
10,3,3338,3340,3,2,4,0.4167,3339.263,511.456,767.895,11.8339,17.0000,1.4912,1.2596,5.5805,0.5407,0.2734,0.1859,0.0938,0.4051,4.2674,1.4772,0.5088
7,3,3343,3345,3,3,2,0.3889,3344.453,355.012,886.302,10.6705,19.0000,1.5465,0.6247,6.2372,0.4001,0.1348,0.4651,0.9981,0.0621,3.9393,1.4772,0.5814
3,3,3347,3349,3,1,1,1.0000,3347.976,585.000,918.000,7.7707,14.0000,1.0244,0.9756,4.5958,0.8889,0.0000,0.1111,1.0000,0.0000,4.2675,0.9848,1.0000
5,3,3352,3353,2,2,2,0.6250,3352.615,680.554,423.154,9.5423,16.0000,1.2308,0.6916,5.2522,0.3432,0.2505,0.4063,0.6059,0.3645,4.5957,1.6413,0.6615
3,3,3353,3353,1,2,2,0.7500,3353.000,486.333,542.333,7.3914,13.0000,1.0000,0.4714,4.2674,0.5333,0.2667,0.2000,0.0000,1.0000,4.5957,1.9696,1.0000
7,3,3357,3359,3,2,2,0.5833,3357.722,360.582,681.228,9.8012,14.0000,1.2405,0.8643,4.5955,0.4600,0.2645,0.2756,0.8571,0.1000,3.9389,0.9848,0.5190
5,3,3358,3360,3,2,2,0.4167,3359.185,717.185,844.815,9.5416,14.0000,1.0769,1.2130,4.5955,0.6489,0.0995,0.2515,0.9362,0.2726,4.5954,1.6412,0.6308
8,3,3359,3360,2,3,2,0.6667,3359.545,320.227,379.534,10.2124,17.0000,1.5455,0.7372,5.5800,0.4685,0.1696,0.3619,0.3645,0.6059,3.9389,0.0000,0.5000
5,3,3359,3361,3,2,1,0.8333,3359.947,364.632,1014.000,8.3672,14.0000,1.2281,1.1152,4.5953,0.5854,0.2927,0.1220,0.9487,0.0000,4.5953,1.3129,0.7018
9,3,3362,3363,2,3,3,0.5000,3362.450,875.600,801.770,10.9408,17.0000,1.5300,0.7845,5.5799,0.2968,0.3146,0.3886,0.4082,0.8657,3.6105,0.9847,0.4400
6,3,3364,3366,3,2,2,0.5000,3365.206,400.500,685.750,9.1113,15.0000,1.3235,0.5957,4.9231,0.5943,0.2116,0.1941,0.8667,0.4967,4.1026,0.9846,0.6029
8,3,3365,3367,3,3,2,0.4444,3365.759,337.782,610.356,10.0953,15.0000,1.3793,0.4826,4.9230,0.2857,0.4561,0.2582,0.3818,0.0219,3.4461,0.9846,0.4713
7,3,3365,3367,3,3,2,0.3889,3366.036,920.238,645.131,10.4201,17.0000,1.4167,0.7739,5.5794,0.7558,0.1056,0.1386,0.6480,0.2871,4.2667,1.3128,0.5119
10,3,3369,3371,3,2,2,0.8333,3370.000,293.510,471.441,10.5854,14.0000,1.3725,0.7434,4.5944,0.5445,0.0233,0.4321,0.9665,0.2567,3.6099,0.3282,0.3922
4,3,3371,3372,2,2,2,0.5000,3371.440,427.720,776.160,8.2041,14.0000,1.1200,0.8588,4.5943,0.5916,0.1015,0.3069,0.7071,0.7071,4.9225,1.8049,0.8400
3,3,3372,3373,2,1,2,0.7500,3372.698,387.000,518.395,8.1468,17.0000,1.1860,0.6760,5.5786,0.5333,0.2667,0.2000,0.7071,0.0000,4.5942,1.9689,1.0000
3,3,3374,3376,3,1,1,1.0000,3374.935,421.000,504.000,8.7147,17.0000,1.1087,0.0652,5.5783,0.8889,0.0000,0.1111,1.0000,0.0000,5.5785,1.3125,1.0000
3,3,3375,3376,2,1,2,0.7500,3375.683,258.000,746.366,7.7673,15.0000,1.0976,0.7090,4.9220,0.5333,0.2667,0.2000,0.7071,0.0000,4.9221,2.2969,1.0000
6,3,3377,3379,3,3,1,0.6667,3378.290,881.188,555.000,9.2427,16.0000,1.3913,0.3457,5.2498,0.2083,0.6667,0.1250,0.8944,0.0000,4.1015,1.9686,0.6232
7,3,3379,3381,3,2,3,0.3889,3379.622,395.098,891.024,10.1689,18.0000,1.5366,0.6300,5.9059,0.4000,0.4045,0.1955,0.6148,0.0943,3.9373,1.8045,0.5854
7,3,3379,3381,3,2,2,0.5833,3379.727,445.455,918.784,10.9130,19.0000,1.5114,0.6469,6.2339,0.4600,0.2645,0.2756,0.8571,0.1000,3.9373,0.9843,0.5455
4,3,3379,3381,3,1,2,0.6667,3379.896,580.000,735.438,7.8744,14.0000,1.1667,0.4497,4.5934,0.7576,0.1294,0.1129,0.8507,0.0000,4.5935,1.3124,0.8333
5,3,3383,3385,3,1,2,0.8333,3383.723,336.000,697.477,9.5368,16.0000,1.2308,0.5919,5.2492,0.5854,0.2927,0.1220,0.9487,0.0000,4.5930,0.8202,0.6769
7,3,3384,3386,3,1,3,0.7778,3384.692,961.000,1026.808,9.6719,14.0000,1.2564,0.7185,4.5930,0.4747,0.4312,0.0941,0.5071,0.0000,3.6088,1.3123,0.5128
7,3,3385,3388,4,2,3,0.2917,3386.488,619.702,545.119,10.4155,16.0000,1.3333,0.5839,5.2490,0.6094,0.2492,0.1414,0.8802,0.4088,4.2648,1.3122,0.5119
7,3,3386,3389,4,2,2,0.4375,3387.479,709.575,523.781,9.0514,14.0000,1.3425,0.8062,4.5927,0.7764,0.0638,0.1598,0.8790,0.1860,3.4446,1.3122,0.5479
14,3,3387,3389,3,5,3,0.3111,3387.535,611.181,1076.723,13.5897,21.0000,1.8968,1.0174,6.8892,0.7004,0.0599,0.2397,0.1276,0.2599,3.4446,1.6402,0.4258
5,3,3387,3388,2,2,2,0.6250,3387.355,647.129,871.419,9.0960,19.0000,1.5323,0.5643,6.2330,0.3432,0.2505,0.4063,0.6059,0.3645,4.9208,1.3122,0.7258
7,3,3392,3394,3,3,2,0.3889,3392.829,530.118,630.171,9.4227,17.0000,1.5658,0.2693,5.5765,0.4009,0.2683,0.3308,0.7054,0.0496,3.2803,1.3121,0.5658
8,3,3392,3394,3,2,2,0.6667,3393.196,720.630,575.239,10.6697,15.0000,1.3043,0.7021,4.9204,0.4961,0.2369,0.2670,0.9586,0.0986,4.4283,1.6401,0.4674
10,3,3393,3396,4,2,3,0.4167,3394.726,587.274,661.623,10.9953,14.0000,1.3208,0.5405,4.5923,0.3323,0.4619,0.2058,0.9745,0.0990,3.7723,0.6560,0.3774
5,3,3394,3395,2,2,2,0.6250,3394.532,387.871,666.613,9.0951,17.0000,1.3710,0.6207,5.5763,0.3432,0.2505,0.4063,0.6059,0.3645,3.9363,1.3121,0.7419
7,3,3397,3400,4,2,3,0.2917,3399.000,361.190,1002.013,9.7942,15.0000,1.3291,1.2870,4.9202,0.7880,0.0938,0.1182,0.9588,0.1997,3.6082,1.3120,0.5190
6,3,3398,3401,4,2,2,0.3750,3399.418,376.254,893.866,8.9720,13.0000,1.1642,0.5070,4.2642,0.6410,0.2138,0.1452,0.9804,0.0231,4.2641,0.8200,0.5821
5,3,3399,3400,2,2,2,0.6250,3399.379,405.397,872.155,8.5081,14.0000,1.2069,0.7295,4.5922,0.3432,0.2505,0.4063,0.6059,0.3645,3.9361,1.1480,0.6897
8,3,3402,3404,3,2,2,0.6667,3403.049,608.515,1003.194,11.9448,18.0000,1.3981,0.5521,5.9042,0.4286,0.1071,0.4643,1.0000,0.0000,4.4281,1.6401,0.4854
5,3,3403,3405,3,2,2,0.4167,3404.482,369.607,618.839,8.2147,13.0000,1.1607,0.6424,4.2642,0.6999,0.1281,0.1720,0.8684,0.1395,4.5921,0.6560,0.6964
9,3,3404,3406,3,2,3,0.5000,3405.466,814.544,1014.039,11.2618,15.0000,1.3107,0.7171,4.9202,0.1909,0.4559,0.3532,0.7269,0.3718,4.2642,1.8041,0.4175
6,4,3405,3407,3,1,3,0.6667,3406.400,519.000,823.750,10.7129,16.0000,1.2000,0.4717,5.2482,0.2083,0.6667,0.1250,0.8944,0.0000,5.0842,1.3121,0.7625
4,3,3409,3410,2,2,1,1.0000,3409.553,454.447,590.000,7.7085,13.0000,1.1064,0.7111,4.2643,0.0000,0.7500,0.2500,1.0000,0.0000,4.5923,1.4761,0.8298
5,3,3415,3417,3,2,1,0.8333,3415.780,299.542,855.000,8.6557,14.0000,1.1864,0.5854,4.5927,0.5854,0.2927,0.1220,0.9487,0.0000,4.5926,0.9841,0.6949
5,3,3415,3416,2,2,2,0.6250,3415.140,822.386,932.544,8.3622,14.0000,1.2281,0.6138,4.5926,0.3432,0.2505,0.4063,0.5155,0.8569,4.5926,1.3122,0.7018
4,3,3418,3419,2,2,1,1.0000,3418.500,539.462,515.000,8.5296,15.0000,1.1538,0.6805,4.9209,0.0000,0.7500,0.2500,1.0000,0.0000,4.5928,1.6403,0.7885
4,3,3422,3423,2,2,1,1.0000,3422.429,628.429,586.000,8.0380,15.0000,1.2245,0.6061,4.9212,0.0000,0.7500,0.2500,1.0000,0.0000,4.9212,1.3123,0.8367
5,3,3424,3426,3,2,1,0.8333,3424.729,269.576,633.000,8.6570,14.0000,1.1864,0.6369,4.5934,0.5854,0.2927,0.1220,0.9487,0.0000,4.7573,0.9843,0.6780
5,3,3427,3429,3,2,2,0.4167,3428.089,846.143,879.536,8.2174,14.0000,1.2500,0.4939,4.5936,0.5461,0.2256,0.2283,0.8117,0.4177,4.5936,0.6562,0.7143
6,3,3427,3429,3,1,2,1.0000,3427.924,849.000,857.515,8.8409,14.0000,1.2727,0.5207,4.5936,0.5556,0.3333,0.1111,1.0000,0.0000,3.9374,0.6562,0.6061
5,3,3429,3430,2,3,1,0.8333,3429.619,567.190,590.000,9.2448,15.0000,1.1905,0.4259,4.9219,0.5854,0.2927,0.1220,0.3162,0.0000,4.2657,0.8203,0.6667
4,3,3432,3434,3,1,2,0.6667,3432.980,612.000,282.804,8.3678,14.0000,1.0980,0.9998,4.5941,0.5357,0.3214,0.1429,1.0000,0.0000,4.7582,1.4767,0.8039
5,3,3433,3435,3,2,1,0.8333,3434.000,188.733,869.000,8.8053,16.0000,1.3333,0.2667,5.2505,0.6340,0.2717,0.0943,1.0000,0.0000,5.2504,1.3126,0.7333
11,4,3433,3434,2,4,3,0.4583,3433.602,275.641,975.523,12.6645,16.0000,1.3750,0.8474,5.2505,0.5193,0.2090,0.2717,0.0734,0.9497,3.9378,0.9845,0.4688
7,3,3433,3435,3,3,2,0.3889,3434.364,300.026,893.558,9.5504,16.0000,1.4545,0.5726,5.2505,0.7344,0.0891,0.1766,0.6799,0.3621,3.2816,1.3126,0.5584
7,3,3434,3437,4,2,2,0.4375,3435.952,628.434,965.759,10.2949,16.0000,1.3494,0.6173,5.2507,0.7941,0.0831,0.1229,0.8986,0.2604,4.2661,1.6409,0.5181
11,3,3435,3436,2,4,2,0.6875,3435.431,362.552,703.414,11.4776,16.0000,1.5172,0.7470,5.2506,0.7065,0.0723,0.2212,0.0385,0.2036,3.6098,1.9690,0.3793
3,3,3438,3439,2,2,1,0.7500,3438.698,450.302,693.000,8.1474,17.0000,1.1860,0.4276,5.5791,0.5333,0.2667,0.2000,0.7071,0.0000,4.2664,0.9845,1.0000
5,4,3440,3442,3,2,1,0.8333,3440.692,303.446,926.000,9.5401,15.0000,1.1538,0.8866,4.9229,0.5854,0.2927,0.1220,0.9487,0.0000,4.9229,1.3128,0.8769
7,3,3442,3444,3,3,1,0.7778,3442.988,276.775,691.000,9.9239,15.0000,1.3125,1.2251,4.9230,0.1247,0.7481,0.1273,1.0000,0.0000,3.9384,0.9846,0.5375
6,3,3443,3445,3,2,1,1.0000,3444.061,362.530,1091.000,8.8433,14.0000,1.2727,1.0503,4.5949,0.5556,0.3333,0.1111,1.0000,0.0000,4.1025,1.3128,0.6061
3,3,3443,3444,2,1,2,0.7500,3443.325,414.000,564.350,7.5795,14.0000,1.0500,0.7267,4.5948,0.5333,0.2667,0.2000,0.7071,0.0000,4.9231,1.9692,1.0000
4,3,3444,3446,3,2,1,0.6667,3445.075,384.755,648.000,8.6975,18.0000,1.3585,0.2566,5.9078,0.5357,0.3214,0.1429,1.0000,0.0000,4.5949,1.3128,0.8302
9,5,3444,3447,4,2,2,0.5625,3445.349,537.575,517.538,11.5967,14.0000,1.1887,0.7182,4.5949,0.5982,0.1155,0.2863,0.9349,0.3411,4.9231,1.3128,0.6226
8,3,3445,3447,3,2,3,0.4444,3446.011,340.787,630.124,10.3276,15.0000,1.3483,0.2469,4.9232,0.4550,0.2186,0.3264,0.8433,0.3506,4.1027,1.9693,0.4831
6,4,3452,3454,3,3,1,0.6667,3452.753,472.416,843.000,10.3179,18.0000,1.4026,0.6344,5.9081,0.6061,0.3030,0.0909,0.7071,0.0000,4.5952,1.1488,0.7532
5,3,3454,3456,3,1,2,0.8333,3455.113,728.000,1073.597,9.1010,14.0000,1.1290,1.1837,4.5952,0.5854,0.2927,0.1220,0.9487,0.0000,4.5952,0.4923,0.6613
3,3,3455,3456,2,2,1,0.7500,3455.326,294.674,731.000,8.1487,15.0000,1.0465,0.4604,4.9235,0.5333,0.2667,0.2000,0.7071,0.0000,5.5799,1.3129,1.0000
8,3,3456,3459,4,2,2,0.5000,3457.476,505.810,813.548,9.7480,16.0000,1.5238,0.6839,5.2517,0.6479,0.0382,0.3139,0.9732,0.0000,3.2823,1.3129,0.5000
4,3,3456,3457,2,1,2,1.0000,3456.556,685.000,1176.463,8.8623,15.0000,1.1111,0.6418,4.9235,0.0000,0.7500,0.2500,0.0000,0.0000,5.0876,1.3129,0.8148
3,3,3460,3461,2,2,1,0.7500,3460.675,132.350,625.000,7.5802,14.0000,1.0500,0.7267,4.5953,0.5333,0.2667,0.2000,0.7071,0.0000,4.5953,0.9847,1.0000
3,3,3462,3463,2,2,1,0.7500,3462.325,465.650,805.000,7.5802,14.0000,1.0500,0.7267,4.5953,0.5333,0.2667,0.2000,0.7071,0.0000,4.5953,0.9847,1.0000
4,3,3463,3465,3,2,1,0.6667,3463.920,224.560,976.000,8.2058,15.0000,1.2000,0.4472,4.9235,0.7576,0.1294,0.1129,0.8507,0.0000,4.5953,0.6565,0.8200
6,3,3463,3465,3,3,1,0.6667,3464.158,227.961,884.000,10.1840,18.0000,1.4211,0.1628,5.9082,0.6944,0.2222,0.0833,0.6000,0.0000,4.4311,0.6565,0.5921
4,3,3469,3472,4,1,1,1.0000,3470.615,482.000,1083.000,8.5339,16.0000,1.2308,0.3846,5.2517,0.9375,0.0000,0.0625,1.0000,0.0000,4.5952,0.9847,0.8077
6,3,3472,3473,2,2,2,0.7500,3472.537,555.597,941.761,8.9779,15.0000,1.3433,0.6584,4.9234,0.2000,0.3333,0.4667,0.0000,0.0000,3.9387,1.3129,0.6269
5,3,3473,3475,3,2,1,0.8333,3474.262,506.615,644.000,9.5412,15.0000,1.1538,0.4651,4.9234,0.5854,0.2927,0.1220,0.9487,0.0000,5.0875,1.6411,0.6615
7,3,3476,3477,2,2,2,0.8750,3476.525,563.513,721.350,9.9247,16.0000,1.4000,0.7815,5.2517,0.0000,0.3318,0.6682,0.0000,0.5774,3.9387,1.3129,0.5375
8,3,3477,3478,2,3,2,0.6667,3477.596,265.213,641.483,10.3282,15.0000,1.3483,0.7960,4.9234,0.4396,0.1507,0.4097,0.2015,0.5411,4.1029,0.6565,0.4607
4,3,3479,3480,2,2,1,1.0000,3479.441,529.475,618.000,9.6829,17.0000,1.1525,0.6858,5.5799,0.0000,0.7500,0.2500,1.0000,0.0000,5.7441,1.9694,0.8136
4,3,3484,3485,2,1,2,1.0000,3484.429,563.000,495.571,8.0420,15.0000,1.2245,0.6061,4.9237,0.0000,0.7500,0.2500,0.0000,0.0000,4.5955,0.8206,0.8367
7,3,3485,3487,3,2,2,0.5833,3486.211,535.553,603.895,9.4292,15.0000,1.3816,0.5055,4.9238,0.5916,0.2044,0.2040,0.9664,0.1591,4.2674,1.3130,0.5395
4,3,3485,3486,2,3,1,0.6667,3485.560,667.900,561.000,8.2063,14.0000,1.1200,1.0018,4.5956,0.7576,0.1294,0.1129,0.5257,0.0000,4.7597,0.9848,0.8200
3,3,3486,3486,1,2,2,0.7500,3486.000,369.675,573.350,7.5807,14.0000,1.0500,0.7267,4.5956,0.5333,0.2667,0.2000,0.0000,1.0000,4.5955,0.9847,1.0000
7,3,3486,3488,3,3,2,0.3889,3487.318,490.012,1038.118,10.5460,16.0000,1.3176,0.3389,5.2521,0.4000,0.4045,0.1955,0.6148,0.0943,4.5956,1.3131,0.5176
7,3,3487,3490,4,3,2,0.2917,3488.855,434.349,667.096,10.2982,17.0000,1.4337,0.3902,5.5806,0.8243,0.0392,0.1364,0.8415,0.2378,3.9393,1.3131,0.5542
6,3,3487,3489,3,2,2,0.5000,3487.591,447.606,990.879,8.8448,14.0000,1.2727,0.7205,4.5956,0.5034,0.2551,0.2415,0.9677,0.2521,4.4316,0.6565,0.6061
7,3,3487,3489,3,2,2,0.5833,3487.922,660.600,636.900,11.1665,17.0000,1.3222,1.0102,5.5804,0.4600,0.2645,0.2756,1.0000,0.0000,4.2675,1.3131,0.5444
9,3,3488,3490,3,3,2,0.5000,3489.168,373.970,453.554,11.0519,17.0000,1.5149,0.4772,5.5806,0.6031,0.1995,0.1974,0.6782,0.0842,4.2676,0.8207,0.4455
4,3,3488,3489,2,2,2,0.5000,3488.560,409.260,652.180,8.2067,15.0000,1.2000,0.5418,4.9241,0.5916,0.1015,0.3069,0.7071,0.7071,4.9240,1.3131,0.8200
5,3,3488,3490,3,2,1,0.8333,3489.220,531.610,639.000,8.6617,13.0000,1.1017,0.6487,4.2676,0.5854,0.2927,0.1220,0.9487,0.0000,4.5958,1.6414,0.6610
7,3,3491,3492,2,3,2,0.5833,3491.477,519.256,539.779,10.6711,19.0000,1.5465,0.6229,6.2376,0.5806,0.0526,0.3668,0.4377,0.8437,3.6112,1.6415,0.5698
4,3,3492,3493,2,2,1,1.0000,3492.447,789.447,478.000,7.7150,13.0000,1.1064,0.6319,4.2680,0.0000,0.7500,0.2500,1.0000,0.0000,4.9244,1.4773,0.8298
5,3,3496,3498,3,1,2,0.8333,3497.290,916.000,664.468,9.1044,15.0000,1.2097,0.6063,4.9253,0.5854,0.2927,0.1220,0.9487,0.0000,4.5971,1.1492,0.6774
6,3,3497,3499,3,2,2,0.5000,3497.721,296.882,538.309,9.1156,17.0000,1.5000,0.4328,5.5822,0.5230,0.1584,0.3185,0.9225,0.0898,3.7761,0.9850,0.6471
5,3,3501,3502,2,2,2,0.6250,3501.407,228.864,830.475,8.6654,14.0000,1.1864,0.6782,4.5979,0.3432,0.2505,0.4063,0.6059,0.3645,4.5977,1.3137,0.6949
5,3,3502,3504,3,2,1,0.8333,3503.228,455.526,896.000,8.3725,14.0000,1.2281,0.5736,4.5982,0.5854,0.2927,0.1220,0.9487,0.0000,4.7626,1.3137,0.7193
5,3,3504,3505,2,2,2,0.6250,3504.217,586.683,562.400,8.8136,14.0000,1.1667,0.5543,4.5984,0.3432,0.2505,0.4063,0.5155,0.8569,3.9418,0.3285,0.6833
8,3,3512,3514,3,2,3,0.4444,3513.101,439.461,676.258,10.3415,15.0000,1.3483,0.5378,4.9298,0.4281,0.3090,0.2629,0.5844,0.5449,3.2866,0.9859,0.4607
6,3,3512,3515,4,2,2,0.3750,3513.615,454.754,291.138,8.7216,14.0000,1.2923,0.6771,4.6011,0.8076,0.0500,0.1424,0.9217,0.3087,3.9441,1.6431,0.6154
3,3,3513,3514,2,2,1,0.7500,3513.617,281.277,848.000,8.9185,18.0000,1.1489,0.6762,5.9157,0.5333,0.2667,0.2000,0.7071,0.0000,5.7518,1.8077,1.0000
8,3,3513,3515,3,3,2,0.4444,3514.471,393.862,913.494,10.1102,14.0000,1.2874,1.1307,4.6018,0.0000,0.6964,0.3036,0.9806,0.1961,3.9443,1.1504,0.4598
4,3,3513,3514,2,1,3,0.6667,3513.714,725.000,368.898,8.0524,14.0000,1.1429,0.7215,4.6015,0.5357,0.3214,0.1429,0.0000,0.0000,4.7657,1.1504,0.8367
6,3,3514,3515,2,2,2,0.7500,3514.514,182.600,921.771,9.3931,15.0000,1.2857,0.8226,4.9305,0.2000,0.3333,0.4667,0.0000,0.0000,4.6016,1.6434,0.6143
7,3,3514,3516,3,3,2,0.3889,3514.549,460.275,331.582,11.3052,16.0000,1.2308,0.9505,5.2592,0.5851,0.2609,0.1540,0.6244,0.1675,4.6016,1.3147,0.6264
6,3,3518,3520,3,1,3,0.6667,3518.781,417.000,575.575,9.7990,16.0000,1.3151,0.4779,5.2609,0.2083,0.6667,0.1250,0.4472,0.0000,4.4385,0.9864,0.6301
4,3,3519,3520,2,2,2,0.5000,3519.804,722.549,1199.745,8.3852,15.0000,1.1765,0.5539,4.9325,0.5916,0.1015,0.3069,0.5000,0.5000,4.6037,1.9729,0.8039
8,3,3526,3527,2,2,2,1.0000,3526.549,407.415,900.476,9.5387,14.0000,1.3659,0.8065,4.6064,0.0000,0.0000,1.0000,0.0000,1.0000,3.6193,1.3160,0.4878
4,3,3526,3527,2,1,2,1.0000,3526.558,478.000,657.481,8.5545,15.0000,1.1538,0.6821,4.9355,0.0000,0.7500,0.2500,0.0000,0.0000,4.7707,0.9870,0.8077
11,3,3528,3530,3,4,4,0.2292,3528.835,650.209,638.365,11.4106,15.0000,1.4348,0.4519,4.9363,0.5846,0.1871,0.2282,0.3660,0.9306,3.2908,0.9873,0.4696
3,3,3528,3530,3,1,1,1.0000,3529.055,671.000,626.000,10.4500,20.0000,1.0909,0.0545,6.5818,0.8889,0.0000,0.1111,1.0000,0.0000,6.2532,0.9872,1.0000
13,6,3528,3531,4,3,2,0.5417,3529.412,683.225,622.375,14.6042,20.0000,1.6250,0.9547,6.5818,0.2586,0.4162,0.3252,0.9432,0.1634,3.9491,0.8227,0.5750
5,3,3528,3530,3,2,2,0.4167,3529.207,802.862,656.603,8.5362,14.0000,1.2069,0.8974,4.6076,0.7729,0.0435,0.1836,0.8328,0.5477,4.6072,0.9873,0.6897
12,3,3528,3530,3,2,4,0.5000,3528.961,809.326,682.953,12.2549,15.0000,1.3953,0.3312,4.9363,0.3900,0.4240,0.1860,0.2961,0.4699,3.1260,0.6583,0.3333
8,3,3529,3531,3,2,2,0.6667,3530.000,513.816,935.437,10.1234,15.0000,1.3793,0.4739,4.9368,0.4286,0.1071,0.4643,1.0000,0.0000,4.1140,1.6457,0.4713
6,3,3529,3530,2,3,1,1.0000,3529.530,678.807,623.000,11.1516,19.0000,1.3735,0.9340,6.2532,0.5556,0.3333,0.1111,0.0000,0.0000,3.9493,0.6581,0.7590
13,3,3529,3531,3,4,3,0.3611,3529.728,688.241,621.475,14.7871,18.0000,1.4444,1.3561,5.9241,0.7223,0.0906,0.1871,0.1283,0.4913,3.2912,1.4810,0.5000
12,5,3529,3531,3,6,2,0.3333,3530.013,695.428,620.138,15.1063,21.0000,1.5849,1.4344,6.9115,0.7871,0.1590,0.0539,0.1151,0.3429,3.7850,0.9873,0.5283
8,3,3529,3531,3,3,1,0.8889,3529.874,702.023,620.000,10.1233,15.0000,1.3793,0.9852,4.9368,0.1687,0.7312,0.1000,0.0000,0.0000,2.9621,0.3292,0.4828
15,6,3529,3531,3,8,2,0.3125,3529.912,720.121,621.049,15.4658,21.0000,1.7308,0.8849,6.9115,0.8998,0.0709,0.0293,0.1444,0.1348,3.2912,0.6583,0.5110
5,3,3529,3531,3,3,1,0.5556,3529.986,734.527,623.000,10.8917,24.0000,1.6216,0.4732,7.8988,0.3318,0.5530,0.1152,0.0000,0.0000,3.6208,1.1521,0.6892
10,3,3529,3531,3,4,2,0.4167,3530.067,764.600,633.658,12.4892,20.0000,1.6667,0.8932,6.5824,0.6478,0.1677,0.1845,0.5768,0.3268,3.9495,0.9872,0.5417
20,9,3529,3532,4,3,4,0.4167,3530.683,1074.370,1070.755,19.5033,23.0000,1.7358,0.7468,7.5704,0.2391,0.1466,0.6142,0.7701,0.2423,3.9500,0.9873,0.5925
11,6,3530,3531,2,7,1,0.7857,3530.353,727.707,622.000,14.8854,19.0000,1.3933,2.3204,6.2532,0.9275,0.0524,0.0201,0.0603,0.0000,4.6076,0.9874,0.8267
4,3,3534,3536,3,2,1,0.6667,3535.151,563.170,1008.000,8.7254,17.0000,1.2830,0.2272,5.5974,0.7500,0.1500,0.1000,0.9487,0.0000,4.1158,1.3169,0.8302
5,3,3535,3537,3,2,1,0.8333,3535.770,248.607,1037.000,8.9827,15.0000,1.2295,0.4555,4.9393,0.5854,0.2927,0.1220,0.9487,0.0000,4.6097,0.9878,0.6885
3,3,3535,3536,2,1,2,0.7500,3535.683,378.000,528.659,7.7944,14.0000,1.0244,0.7309,4.6100,0.5333,0.2667,0.2000,0.7071,0.0000,4.9393,1.9756,1.0000
7,3,3536,3538,3,2,2,0.5833,3536.590,325.530,684.229,10.3305,14.0000,1.1807,0.8258,4.6104,0.5694,0.1270,0.3036,0.8963,0.4170,4.2814,0.6586,0.4940
4,3,3536,3537,2,2,1,1.0000,3536.471,476.431,889.000,8.3971,16.0000,1.2549,0.6829,5.2690,0.0000,0.7500,0.2500,1.0000,0.0000,4.7746,0.9877,0.8431
4,3,3536,3537,2,1,2,1.0000,3536.481,503.000,715.500,8.5617,14.0000,1.0769,0.6936,4.6100,0.0000,0.7500,0.2500,0.0000,0.0000,3.9516,0.3293,0.7692
4,3,3537,3538,2,2,1,1.0000,3537.552,338.431,731.000,9.5505,18.0000,1.2414,0.6219,5.9281,0.0000,0.7500,0.2500,1.0000,0.0000,5.1045,1.6467,0.8103
7,3,3539,3540,2,2,2,0.8750,3539.392,702.443,434.342,9.8348,16.0000,1.4177,0.7622,5.2698,0.0000,0.3318,0.6682,0.8165,0.5774,3.6230,1.3176,0.5443
5,4,3541,3543,3,2,1,0.8333,3542.167,236.530,520.000,9.7239,16.0000,1.2121,0.5559,5.2710,0.5854,0.2927,0.1220,0.9487,0.0000,4.7769,0.9884,0.8636
5,3,3542,3543,2,2,2,0.6250,3542.852,580.508,511.377,8.9877,15.0000,1.2295,0.6498,4.9420,0.3432,0.2505,0.4063,0.5155,0.8569,4.9420,1.8120,0.7213
7,3,3543,3545,3,3,2,0.3889,3543.713,332.087,920.837,9.9626,14.0000,1.2250,0.7360,4.6128,0.6023,0.2183,0.1794,0.6617,0.3765,4.2836,0.9884,0.5125
3,3,3545,3547,3,1,1,1.0000,3546.000,446.000,715.000,7.6103,14.0000,1.0500,0.0000,4.6135,0.8889,0.0000,0.1111,1.0000,0.0000,4.6138,0.6591,1.0000
4,3,3545,3546,2,2,1,1.0000,3545.577,592.442,589.000,8.5676,16.0000,1.2308,0.6121,5.2725,0.0000,0.7500,0.2500,1.0000,0.0000,4.1191,0.9885,0.8269
4,3,3545,3546,2,1,2,1.0000,3545.551,789.000,207.449,8.0733,14.0000,1.1429,0.6350,4.6135,0.0000,0.7500,0.2500,0.0000,0.0000,4.6133,1.3181,0.8163
5,3,3546,3548,3,2,1,0.8333,3546.690,347.603,1021.000,8.5480,14.0000,1.2069,0.9164,4.6135,0.5854,0.2927,0.1220,0.9487,0.0000,4.6135,0.3295,0.6897
5,3,3548,3549,2,2,2,0.6250,3548.368,387.842,758.526,8.4015,14.0000,1.2281,0.6616,4.6141,0.3432,0.2505,0.4063,0.6059,0.3645,4.7789,0.9888,0.7018
5,3,3554,3556,3,1,2,0.8333,3555.143,424.000,449.381,9.2895,15.0000,1.1905,0.4069,4.9456,0.5854,0.2927,0.1220,0.9487,0.0000,4.6157,0.4946,0.6508
6,3,3554,3555,2,2,3,0.5000,3554.477,608.446,653.015,8.7490,14.0000,1.2923,0.6877,4.6159,0.6168,0.1058,0.2774,0.5000,0.5000,4.2860,1.6485,0.6154
9,3,3555,3558,4,3,2,0.3750,3556.653,421.776,535.837,10.7714,17.0000,1.5612,1.0269,5.6053,0.7619,0.1176,0.1205,0.7729,0.2699,3.9570,1.6487,0.4592
5,3,3555,3557,3,2,1,0.8333,3555.847,849.678,296.000,8.7000,14.0000,1.1864,0.3563,4.6162,0.5854,0.2927,0.1220,0.9487,0.0000,4.6160,0.9892,0.6780
6,3,3561,3563,3,3,2,0.3333,3561.904,426.616,552.836,9.8290,16.0000,1.3151,0.4282,5.2770,0.7111,0.1556,0.1333,0.7845,0.3145,4.4525,0.9895,0.5753
5,3,3561,3563,3,2,1,0.8333,3562.345,490.621,970.000,8.5549,15.0000,1.2931,0.7571,4.9474,0.5854,0.2927,0.1220,0.9487,0.0000,4.6174,0.8245,0.7069
8,3,3562,3565,4,2,2,0.5000,3563.275,622.714,503.791,10.6116,16.0000,1.4066,0.4480,5.2772,0.8151,0.0630,0.1219,0.9661,0.2353,3.9581,1.1544,0.4725
3,3,3567,3567,1,2,2,0.7500,3567.000,524.674,820.302,8.1893,16.0000,1.1163,0.4443,5.2779,0.5333,0.2667,0.2000,0.0000,1.0000,4.9480,1.9792,1.0000
4,3,3568,3569,2,3,1,0.6667,3568.560,230.880,719.000,8.2470,15.0000,1.2000,0.9839,4.9483,0.7576,0.1294,0.1129,0.5257,0.0000,4.6184,1.1546,0.8200
5,3,3568,3569,2,1,3,0.8333,3568.448,743.000,437.241,8.5566,13.0000,1.1207,0.5091,4.2885,0.5854,0.2927,0.1220,0.3162,0.0000,4.6183,1.6494,0.6724
9,3,3571,3573,3,3,3,0.3333,3572.092,344.051,813.582,10.7771,14.0000,1.2857,1.2381,4.6186,0.4563,0.3506,0.1931,0.3979,0.1183,3.9590,1.6495,0.4082
8,3,3576,3578,3,3,2,0.4444,3577.133,705.911,598.911,10.4987,15.0000,1.3333,0.1832,4.9491,0.6911,0.1553,0.1536,0.6966,0.1216,4.4542,1.6497,0.4556
4,3,3583,3584,2,2,1,1.0000,3583.458,369.562,1021.000,7.9192,14.0000,1.1667,0.6963,4.6196,0.0000,0.7500,0.2500,1.0000,0.0000,4.9495,1.3199,0.8333
3,3,3586,3587,2,2,1,0.7500,3586.341,425.705,539.000,8.3825,16.0000,1.0909,0.4511,5.2796,0.5333,0.2667,0.2000,0.7071,0.0000,5.2797,0.6600,1.0000
3,3,3588,3589,2,1,2,0.7500,3588.667,647.000,410.333,7.4301,13.0000,1.0000,0.7454,4.2898,0.5333,0.2667,0.2000,0.7071,0.0000,4.6198,1.9799,1.0000
10,5,3592,3595,4,3,2,0.4167,3593.577,497.512,543.577,12.8353,15.0000,1.2195,0.9510,4.9499,0.7482,0.0420,0.2099,0.8167,0.1031,4.6199,1.3200,0.6016
8,3,3593,3595,3,3,2,0.4444,3594.000,162.935,863.543,10.7336,14.0000,1.2174,0.4612,4.6199,0.6720,0.1801,0.1479,0.6280,0.3251,4.1249,1.3200,0.5761
4,3,3593,3594,2,3,1,0.6667,3593.245,195.906,809.000,8.7447,19.0000,1.4340,0.2628,6.2698,0.5357,0.3214,0.1429,0.0000,0.0000,4.6199,1.3200,0.8491
6,3,3596,3598,3,1,3,0.6667,3597.061,412.000,601.788,8.8915,15.0000,1.3636,0.2206,4.9499,0.6944,0.2222,0.0833,0.8000,0.0000,4.2899,1.1550,0.6212
6,3,3597,3599,3,2,1,1.0000,3598.183,178.535,661.000,9.5651,16.0000,1.3521,0.9399,5.2799,0.5556,0.3333,0.1111,1.0000,0.0000,4.4549,1.3200,0.6056
7,3,3598,3599,2,2,2,0.8750,3598.422,495.458,899.639,10.3523,14.0000,1.1807,0.7762,4.6199,0.0000,0.3318,0.6682,0.7071,0.5774,4.6199,1.8150,0.4940
7,3,3598,3599,2,3,3,0.3889,3598.550,813.987,770.700,9.9781,15.0000,1.3125,0.8903,4.9499,0.5780,0.1560,0.2660,0.4489,0.8101,3.9599,1.6500,0.5250
5,4,3600,3602,3,1,2,0.8333,3601.221,472.000,359.412,10.0353,16.0000,1.1765,0.4671,5.2799,0.5854,0.2927,0.1220,0.9487,0.0000,4.9499,1.3200,0.8382
7,3,3602,3603,2,2,2,0.8750,3602.518,295.711,447.566,10.3523,16.0000,1.3494,0.8202,5.2799,0.0000,0.3318,0.6682,0.8165,0.5774,4.2899,1.3200,0.5663
9,3,3602,3605,4,2,3,0.3750,3603.551,830.735,331.755,10.7798,16.0000,1.4694,0.5761,5.2799,0.6478,0.2229,0.1293,0.8683,0.2249,2.9700,0.8250,0.4388
4,3,3602,3603,2,1,2,1.0000,3602.471,961.000,492.471,8.4149,14.0000,1.0980,0.6655,4.6199,0.0000,0.7500,0.2500,0.0000,0.0000,4.9499,1.4850,0.7843
8,3,3604,3606,3,2,3,0.4444,3605.074,484.234,919.436,10.9670,15.0000,1.2766,0.5006,4.9499,0.6820,0.1035,0.2144,0.7402,0.2285,4.2899,0.6600,0.4362
4,3,3605,3606,2,2,2,0.5000,3605.255,386.824,889.725,8.4149,15.0000,1.1765,0.4141,4.9499,0.0000,0.5625,0.4375,0.4459,0.5774,4.7849,1.6500,0.8235
7,3,3605,3606,2,2,2,0.8750,3605.468,451.571,534.377,9.6039,14.0000,1.2727,0.8288,4.6199,0.0000,0.3318,0.6682,0.0000,0.5774,3.9599,0.6600,0.5325
9,3,3605,3607,3,3,4,0.2500,3606.126,603.221,1194.337,10.4498,15.0000,1.4211,0.4222,4.9499,0.6202,0.2555,0.1243,0.0226,0.4118,3.6299,0.6600,0.4421
6,3,3607,3608,2,3,2,0.5000,3607.439,484.045,396.318,8.8915,13.0000,1.1818,0.5444,4.2899,0.4412,0.1872,0.3716,0.6154,0.7882,4.6199,0.6600,0.5909
4,3,3608,3609,2,3,1,0.6667,3608.577,161.865,822.000,8.5798,15.0000,1.1538,0.9633,4.9499,0.7576,0.1294,0.1129,0.5257,0.0000,5.4449,1.9800,0.8462
4,3,3610,3611,2,1,2,1.0000,3610.472,754.000,358.528,8.7448,15.0000,1.1321,0.6671,4.9499,0.0000,0.7500,0.2500,0.0000,0.0000,4.9499,1.3200,0.7736
6,3,3620,3622,3,1,3,0.6667,3621.310,576.000,582.775,9.5647,17.0000,1.4366,0.7260,5.6096,0.4000,0.4800,0.1200,0.7071,0.0000,4.4547,1.3199,0.6197
6,3,3622,3624,3,2,1,1.0000,3623.026,524.494,535.000,10.3729,17.0000,1.3247,0.5072,5.6096,0.5556,0.3333,0.1111,1.0000,0.0000,4.2897,1.8149,0.5974
5,3,3628,3629,2,3,1,0.8333,3628.542,237.305,707.000,8.7065,14.0000,1.1864,0.8815,4.6196,0.5854,0.2927,0.1220,0.3162,0.0000,3.9597,0.9899,0.6780
3,3,3628,3629,2,1,2,0.7500,3628.659,527.000,405.341,7.8109,14.0000,1.0244,0.7418,4.6196,0.5333,0.2667,0.2000,0.7071,0.0000,4.9496,0.9899,1.0000
9,3,3630,3633,4,3,2,0.3750,3631.726,599.695,1094.263,10.4491,16.0000,1.5158,0.7917,5.2795,0.6478,0.2229,0.1293,0.8683,0.2249,3.6297,1.3199,0.4421
7,3,3631,3633,3,3,2,0.3889,3631.848,934.013,688.430,9.8527,15.0000,1.3291,0.5897,4.9496,0.2791,0.1196,0.6013,0.9487,0.3162,3.6297,1.3199,0.5190
7,3,3632,3635,4,2,2,0.4375,3633.494,599.530,379.880,10.3515,15.0000,1.2651,0.6923,4.9496,0.6023,0.2183,0.1794,0.9919,0.0509,4.2896,1.3199,0.5301
3,3,3633,3634,2,1,2,0.7500,3633.698,490.000,607.651,8.1919,15.0000,1.0465,0.7179,4.9495,0.5333,0.2667,0.2000,0.7071,0.0000,5.6095,2.1448,1.0000
4,3,3634,3635,2,2,1,1.0000,3634.451,284.549,767.000,8.4142,15.0000,1.1765,0.7105,4.9495,0.0000,0.7500,0.2500,1.0000,0.0000,4.9495,1.6498,0.8431
4,3,3636,3637,2,2,2,0.5000,3636.453,608.811,492.245,8.7442,16.0000,1.2075,0.5485,5.2795,0.5916,0.1015,0.3069,0.7071,0.7071,4.7846,0.8249,0.8113
4,3,3641,3642,2,2,1,1.0000,3641.481,390.500,1080.000,8.9092,15.0000,1.1111,0.6941,4.9496,0.0000,0.7500,0.2500,1.0000,0.0000,4.7846,1.4849,0.7778
9,3,3643,3645,3,2,3,0.5000,3644.021,612.621,466.000,10.4492,16.0000,1.5158,0.3795,5.2796,0.4059,0.2474,0.3467,0.6572,0.2610,3.2997,1.1549,0.4632
6,3,3644,3646,3,2,1,1.0000,3644.925,389.478,1063.000,9.0257,14.0000,1.2537,0.4834,4.6197,0.5556,0.3333,0.1111,1.0000,0.0000,3.9597,-0.3300,0.6119
4,3,3645,3646,2,2,2,0.5000,3645.314,812.412,616.843,8.4144,16.0000,1.2549,0.8156,5.2796,0.5916,0.1015,0.3069,0.5000,0.5000,4.7846,1.3199,0.8431
5,4,3646,3648,3,2,1,0.8333,3646.705,337.557,493.000,9.0018,14.0000,1.1475,0.6307,4.6197,0.5854,0.2927,0.1220,0.9487,0.0000,4.9497,1.4849,0.8689
9,3,3649,3651,3,2,2,0.7500,3650.111,950.596,458.424,10.8895,17.0000,1.5455,0.5963,5.6097,0.5117,0.1619,0.3264,0.9082,0.4082,4.2898,1.6499,0.4545
4,3,3657,3659,3,1,2,0.6667,3658.314,403.000,842.275,8.4153,14.0000,1.0980,0.9987,4.6202,0.7500,0.1500,0.1000,0.9487,0.0000,4.6202,1.1550,0.7843
7,3,3657,3659,3,2,2,0.5833,3658.012,729.488,948.905,10.4775,16.0000,1.3333,0.4974,5.2802,0.4600,0.2645,0.2756,1.0000,0.0000,4.6201,1.4851,0.5357
6,3,3662,3664,3,2,2,0.5000,3662.803,508.515,678.121,8.8925,14.0000,1.2727,0.5647,4.6205,0.3810,0.3333,0.2857,0.9487,0.1690,3.9604,0.6601,0.6061
4,3,3664,3665,2,3,1,0.6667,3664.531,354.939,849.000,8.0860,13.0000,1.0612,0.5341,4.2906,0.7576,0.1294,0.1129,0.5257,0.0000,4.6206,1.6502,0.7959
10,3,3666,3669,4,3,2,0.4167,3667.510,1121.922,785.402,10.6462,16.0000,1.5686,0.6539,5.2809,0.4890,0.3014,0.2096,0.9753,0.0702,3.1356,1.1552,0.4314
4,3,3677,3679,3,1,2,0.6667,3678.019,579.000,922.509,8.7487,14.0000,1.0566,0.5098,4.6220,0.7576,0.1294,0.1129,0.8507,0.0000,4.7871,1.6507,0.7736
6,4,3683,3685,3,2,2,0.5000,3684.240,348.627,642.720,10.1104,14.0000,1.1200,0.7271,4.6230,0.6381,0.1455,0.2164,0.8019,0.3768,4.7879,0.9906,0.7333
9,3,3687,3690,4,3,2,0.3750,3688.490,431.794,913.637,11.2287,15.0000,1.3235,0.6436,4.9539,0.7647,0.0683,0.1670,0.8612,0.5064,3.9630,1.6513,0.4412
6,3,3688,3690,3,2,2,0.5000,3688.778,585.236,304.444,9.7076,16.0000,1.3333,0.9845,5.2842,0.3218,0.4574,0.2208,0.9366,0.3505,4.1283,1.6512,0.6389
4,3,3688,3689,2,1,2,1.0000,3688.449,669.000,360.429,8.0912,14.0000,1.1429,0.6207,4.6237,0.0000,0.7500,0.2500,0.0000,0.0000,5.1188,0.9908,0.8367
6,3,3689,3691,3,3,2,0.3333,3689.803,498.648,573.887,9.5731,16.0000,1.3521,0.6865,5.2844,0.7397,0.1062,0.1541,0.6563,0.4773,4.1285,1.8165,0.6197
5,3,3690,3691,2,2,2,0.6250,3690.667,530.794,768.397,9.3056,16.0000,1.2698,0.5578,5.2846,0.3432,0.2505,0.4063,0.6059,0.3645,4.9543,1.6514,0.6667
7,3,3691,3694,4,2,2,0.4375,3692.500,245.526,625.769,9.7379,14.0000,1.2564,0.7268,4.6244,0.7764,0.0638,0.1598,0.8790,0.1860,3.9639,0.9909,0.5256
4,3,3692,3695,4,1,1,1.0000,3693.660,746.000,313.000,8.7536,17.0000,1.2830,0.3396,5.6156,0.9375,0.0000,0.0625,1.0000,0.0000,4.9550,1.3213,0.8491
7,3,3695,3698,4,3,2,0.2917,3696.392,626.924,1001.899,9.8645,15.0000,1.3291,0.4123,4.9554,0.7521,0.0702,0.1777,0.8604,0.1462,4.2949,2.1474,0.5316
5,3,3697,3698,2,2,2,0.6250,3697.530,182.394,786.879,9.7516,16.0000,1.2121,0.6716,5.2863,0.3432,0.2505,0.4063,0.6059,0.3645,5.2860,1.6518,0.7121
4,3,3700,3701,2,1,2,1.0000,3700.529,585.000,436.529,8.4261,14.0000,1.0980,0.6655,4.6262,0.0000,0.7500,0.2500,0.0000,0.0000,3.9652,0.6609,0.7843
4,3,3706,3708,3,1,2,0.6667,3706.922,976.000,521.431,8.4290,16.0000,1.2549,0.4384,5.2888,0.7576,0.1294,0.1129,0.8507,0.0000,4.9582,1.6529,0.8235
4,3,3708,3709,2,2,2,0.5000,3708.292,580.833,834.729,7.9338,14.0000,1.1667,0.7764,4.6282,0.0000,0.5625,0.4375,0.4459,0.5774,4.6280,1.4876,0.8333
7,4,3708,3710,3,2,2,0.5833,3709.370,600.210,825.556,10.1213,15.0000,1.2963,0.7988,4.9591,0.4600,0.2645,0.2756,0.8571,0.1000,4.6283,1.3223,0.6914
4,3,3709,3710,2,2,2,0.5000,3709.260,888.440,808.840,8.2649,15.0000,1.2000,0.5355,4.9588,0.5916,0.1015,0.3069,0.5000,0.5000,4.7937,1.3222,0.8400
4,3,3713,3714,2,2,1,1.0000,3713.531,532.531,320.000,8.1017,13.0000,1.0612,0.7084,4.2990,0.0000,0.7500,0.2500,1.0000,0.0000,4.6295,1.3228,0.7959
73,50,3715,3720,6,9,6,0.2253,3717.524,1065.364,956.543,81.6457,102.0000,3.5306,0.7530,33.7390,0.5217,0.1515,0.3268,0.3088,0.0620,6.2842,1.6537,0.9042
4,3,3719,3721,3,1,2,0.6667,3720.082,912.000,312.551,8.1051,14.0000,1.1429,0.4563,4.6314,0.7576,0.1294,0.1129,0.8507,0.0000,4.7969,1.3233,0.8163
4,3,3722,3723,2,2,1,1.0000,3722.469,305.571,691.000,8.1063,15.0000,1.2245,0.6821,4.9632,0.0000,0.7500,0.2500,1.0000,0.0000,4.6321,0.9926,0.8367
5,3,3722,3724,3,2,1,0.8333,3722.661,498.482,443.000,8.2864,14.0000,1.2500,0.8395,4.6320,0.5854,0.2927,0.1220,0.9487,0.0000,4.6321,1.1580,0.7143
4,3,3723,3724,2,2,2,0.5000,3723.449,291.265,668.163,8.1068,14.0000,1.1429,0.5465,4.6326,0.5916,0.1015,0.3069,0.7071,0.7071,5.1286,1.1581,0.8367
7,3,3724,3726,3,3,2,0.3889,3725.215,459.367,540.873,9.8812,15.0000,1.3291,0.6804,4.9638,0.1917,0.4720,0.3362,0.3600,0.0855,3.9713,1.3237,0.5316
6,3,3726,3728,3,2,1,1.0000,3727.069,458.486,897.000,9.7284,15.0000,1.2500,0.4910,4.9645,0.5556,0.3333,0.1111,1.0000,0.0000,4.3028,0.9930,0.5833
4,3,3726,3727,2,2,1,1.0000,3726.585,737.566,910.000,8.7703,17.0000,1.2830,0.6005,5.6264,0.0000,0.7500,0.2500,1.0000,0.0000,4.7989,1.3238,0.8302
6,3,3727,3729,3,2,2,0.5000,3728.319,368.145,335.536,9.3238,14.0000,1.2174,0.5812,4.6338,0.6373,0.1269,0.2358,0.8795,0.0724,4.4685,1.6550,0.5797
5,3,3732,3734,3,2,2,0.4167,3732.776,654.776,922.862,8.5877,16.0000,1.3793,0.3457,5.2974,0.6489,0.0995,0.2515,0.9362,0.2726,4.9660,1.6554,0.7241
4,3,3735,3736,2,2,2,0.5000,3735.542,360.271,874.812,7.9472,13.0000,1.0833,0.6340,4.3049,0.5916,0.1015,0.3069,0.7071,0.7071,4.6359,0.9934,0.8125
4,3,3736,3737,2,1,2,1.0000,3736.560,496.000,376.580,8.2788,15.0000,1.2000,0.6083,4.9674,0.0000,0.7500,0.2500,0.0000,0.0000,5.1328,1.3246,0.8400
4,3,3738,3739,2,1,2,1.0000,3738.491,465.000,175.527,9.1076,15.0000,1.0909,0.6947,4.9679,0.0000,0.7500,0.2500,0.0000,0.0000,4.9677,1.3248,0.7818
5,3,3742,3743,2,2,2,0.6250,3742.373,464.153,557.492,8.7403,15.0000,1.2712,0.6487,4.9687,0.3432,0.2505,0.4063,0.6059,0.3645,4.6375,0.9938,0.7119
5,3,3743,3745,3,2,1,0.8333,3744.299,339.328,452.000,9.9262,18.0000,1.3433,0.7745,5.9632,0.5854,0.2927,0.1220,0.9487,0.0000,4.6381,1.3251,0.7015
3,3,3745,3747,3,1,1,1.0000,3746.000,980.000,531.000,7.4598,13.0000,1.0000,1.0000,4.3071,0.8889,0.0000,0.1111,1.0000,0.0000,4.6383,0.9939,1.0000
8,3,3746,3748,3,2,2,0.6667,3746.697,1038.449,886.337,10.4252,16.0000,1.4382,0.7133,5.3011,0.3704,0.0753,0.5544,0.9816,0.1908,4.1414,1.1595,0.4719
5,3,3748,3749,2,2,2,0.6250,3748.768,595.286,631.375,8.2980,14.0000,1.2500,0.5255,4.6388,0.3432,0.2505,0.4063,0.5155,0.8569,4.6386,1.1597,0.7143
3,3,3749,3750,2,1,2,0.7500,3749.341,562.000,684.317,7.8434,14.0000,1.0244,0.4660,4.6390,0.5333,0.2667,0.2000,0.7071,0.0000,4.9701,1.9881,1.0000
5,3,3751,3752,2,4,1,0.6250,3751.852,595.492,639.000,9.0399,16.0000,1.3115,0.5292,5.3020,0.7911,0.1351,0.0737,0.0898,0.0000,4.6393,0.9941,0.7049
5,3,3752,3753,2,3,1,0.8333,3752.419,239.726,527.000,9.1883,15.0000,1.2097,0.5010,4.9706,0.5854,0.2927,0.1220,0.3162,0.0000,4.6393,1.4912,0.6774
5,3,3753,3755,3,3,1,0.5556,3753.917,528.683,594.000,8.8923,14.0000,1.1667,0.6884,4.6397,0.8123,0.1108,0.0769,0.7071,0.0000,4.9709,1.6569,0.6833
9,4,3753,3755,3,3,2,0.5000,3753.924,909.695,262.324,11.5988,20.0000,1.7143,0.4512,6.6279,0.2059,0.4550,0.3392,0.7188,0.0195,3.6452,0.9942,0.5905
12,4,3754,3756,3,4,3,0.3333,3754.938,601.047,913.682,12.3412,15.0000,1.3953,0.3271,4.9711,0.4598,0.2719,0.2683,0.4312,0.3990,3.6454,1.3256,0.4264
5,3,3759,3760,2,2,2,0.6250,3759.361,862.148,339.492,9.0417,16.0000,1.3115,0.6404,5.3030,0.3432,0.2505,0.4063,0.6059,0.3645,5.3030,1.9886,0.7213
7,3,3760,3763,4,2,2,0.4375,3761.338,457.883,527.221,9.6463,15.0000,1.3636,0.4200,4.9718,0.6673,0.1280,0.2047,0.9953,0.0695,3.6459,1.6572,0.5584
3,3,3761,3763,3,1,1,1.0000,3762.000,558.000,368.000,8.9942,21.0000,1.3404,0.0000,6.9606,0.8889,0.0000,0.1111,1.0000,0.0000,4.6405,0.8286,1.0000
7,3,3762,3764,3,3,2,0.3889,3763.244,232.179,439.462,9.7719,15.0000,1.3462,0.5519,4.9719,0.1278,0.6171,0.2551,0.2673,0.0986,4.3090,1.3258,0.5513
4,3,3763,3764,2,2,1,1.0000,3763.449,219.429,640.000,8.1209,14.0000,1.1429,0.6207,4.6405,0.0000,0.7500,0.2500,1.0000,0.0000,5.1376,1.3259,0.8367
6,3,3767,3769,3,2,2,0.5000,3768.435,562.623,365.130,9.3377,16.0000,1.3913,0.6917,5.3039,0.5034,0.2551,0.2415,0.9677,0.2521,4.1436,0.9945,0.6087
5,3,3770,3771,2,3,1,0.8333,3770.450,515.250,391.000,8.8950,14.0000,1.1667,0.6042,4.6410,0.5854,0.2927,0.1220,0.3162,0.0000,4.6409,1.3260,0.6667
7,3,3771,3773,3,2,3,0.3889,3772.154,523.103,392.462,9.7731,16.0000,1.4359,0.5693,5.3040,0.1278,0.6171,0.2551,0.5345,0.2326,3.3151,0.8288,0.5641
8,3,3774,3776,3,3,2,0.4444,3774.700,840.111,568.611,10.5487,14.0000,1.2444,0.8084,4.6412,0.3837,0.1636,0.4526,0.7961,0.3359,4.1439,1.9891,0.4444
4,3,3785,3787,3,2,1,0.6667,3786.188,495.812,238.000,7.9579,13.0000,1.0833,1.2022,4.3106,0.7500,0.1500,0.1000,0.9487,0.0000,4.6420,1.3263,0.8125
4,3,3785,3787,3,1,2,0.6667,3785.830,565.000,396.170,7.7920,13.0000,1.1064,0.8471,4.3106,0.7500,0.1500,0.1000,0.9487,0.0000,4.6420,0.9947,0.8298
4,3,3785,3786,2,2,2,0.5000,3785.700,604.820,389.740,8.2894,15.0000,1.2000,0.7681,4.9735,0.0000,0.5625,0.4375,0.4459,0.5774,4.6421,2.3210,0.8200
8,3,3786,3789,4,2,2,0.5000,3787.259,794.906,397.706,9.9649,15.0000,1.4118,0.4029,4.9738,0.7866,0.1078,0.1056,0.9928,0.1040,3.6476,1.1606,0.4824
4,3,3794,3796,3,2,1,0.6667,3795.176,866.824,745.000,8.4578,14.0000,1.0980,1.1896,4.6437,0.7500,0.1500,0.1000,0.9487,0.0000,4.9751,1.6583,0.8235
5,4,3795,3797,3,1,2,0.8333,3795.779,540.000,578.603,10.0868,15.0000,1.1029,0.4542,4.9754,0.5854,0.2927,0.1220,0.9487,0.0000,5.1410,1.8243,0.8235
8,4,3797,3799,3,2,2,0.6667,3797.978,379.413,885.815,10.7900,14.0000,1.2174,0.4530,4.6444,0.4961,0.2369,0.2670,0.9586,0.0986,4.6441,1.3269,0.5870
11,3,3798,3802,5,4,3,0.1833,3800.128,548.410,537.291,11.7036,19.0000,1.7863,1.1965,6.3039,0.8492,0.0390,0.1118,0.7722,0.5136,2.9857,0.6635,0.3932
6,3,3803,3805,3,2,1,1.0000,3804.062,766.523,550.000,8.8061,14.0000,1.2923,0.5267,4.6459,0.5556,0.3333,0.1111,1.0000,0.0000,3.9821,0.9955,0.6154
5,3,3803,3804,2,2,3,0.4167,3803.232,851.768,386.446,8.3104,13.0000,1.1607,0.9180,4.3140,0.6338,0.1686,0.1975,0.2016,0.6778,4.6456,1.3274,0.6964
5,3,3806,3808,3,2,2,0.4167,3806.953,437.125,756.125,9.5003,18.0000,1.4062,0.9694,5.9742,0.7958,0.0325,0.1718,0.9294,0.3690,5.3109,0.9958,0.7500
6,3,3806,3807,2,3,1,1.0000,3806.465,463.958,622.000,9.6207,15.0000,1.2676,0.5369,4.9789,0.5556,0.3333,0.1111,0.0000,0.0000,4.4806,1.3277,0.5775
3,3,3808,3809,2,1,2,0.7500,3808.628,791.000,550.302,8.2417,16.0000,1.1163,0.6969,5.3113,0.5333,0.2667,0.2000,0.7071,0.0000,4.9798,1.1619,1.0000
4,3,3814,3815,2,1,2,1.0000,3814.562,822.000,349.562,7.9726,14.0000,1.1667,0.6187,4.6509,0.0000,0.7500,0.2500,0.0000,0.0000,4.6507,1.4949,0.8333
6,3,3815,3817,3,2,2,0.5000,3815.718,442.127,648.676,9.6302,15.0000,1.2676,0.7981,4.9838,0.5230,0.1584,0.3185,0.9225,0.0898,4.1532,1.1629,0.6197
5,3,3818,3819,2,2,2,0.6250,3818.375,350.143,595.607,8.3237,14.0000,1.2500,0.7278,4.6528,0.3432,0.2505,0.4063,0.6059,0.3645,4.6529,1.6617,0.7143
3,3,3818,3819,2,2,1,0.7500,3818.643,684.310,501.000,8.0597,15.0000,1.0714,0.7135,4.9852,0.5333,0.2667,0.2000,0.7071,0.0000,5.1520,1.3297,1.0000
21,8,3818,3820,3,4,4,0.4375,3818.855,721.964,1106.290,20.0190,27.0000,2.0543,0.3261,8.9746,0.3204,0.1973,0.4824,0.2279,0.9348,3.9895,1.6623,0.5217
8,4,3820,3822,3,2,3,0.4444,3821.100,869.822,502.800,10.5803,15.0000,1.3333,0.2857,4.9875,0.2835,0.5426,0.1739,0.3145,0.3486,4.3226,0.6649,0.6000
7,3,3822,3824,3,2,2,0.5833,3822.976,615.488,517.878,10.3088,18.0000,1.5366,0.5034,5.9871,0.4600,0.2645,0.2756,1.0000,0.0000,3.9921,1.6630,0.5488
9,3,3826,3828,3,3,2,0.5000,3826.798,758.000,354.351,10.4300,17.0000,1.6277,1.2523,5.6604,0.3964,0.2119,0.3917,0.9191,0.1922,3.3283,1.3314,0.4787
4,3,3830,3832,3,1,2,0.6667,3830.961,284.000,442.529,8.4968,14.0000,1.0980,0.4722,4.6649,0.7576,0.1294,0.1129,0.8507,0.0000,4.9974,1.3331,0.7843
4,3,3847,3848,2,1,3,0.6667,3847.569,788.000,392.922,8.5501,16.0000,1.2549,0.4384,5.3659,0.7576,0.1294,0.1129,0.5257,0.0000,4.6939,2.0115,0.8235
7,3,3848,3849,2,1,4,0.8750,3848.423,419.000,198.885,9.8893,14.0000,1.2564,1.1929,4.6952,0.7331,0.1952,0.0717,0.1452,0.0000,4.3617,1.0068,0.5128
5,3,3849,3850,2,2,2,0.6250,3849.593,735.559,774.153,8.8563,13.0000,1.1017,0.8295,4.3644,0.3432,0.2505,0.4063,0.6059,0.3645,4.0265,0.3357,0.6610
6,3,3853,3855,3,1,3,0.6667,3854.382,830.000,531.676,9.3434,17.0000,1.5000,0.6973,5.7238,0.6061,0.3030,0.0909,0.7071,0.0000,4.0392,1.1777,0.6324
4,3,3858,3859,2,1,2,1.0000,3858.491,548.000,250.491,8.9424,14.0000,1.0566,0.7072,4.7259,0.0000,0.7500,0.2500,0.0000,0.0000,4.8914,1.0124,0.7736
7,3,3861,3864,4,2,2,0.4375,3862.000,548.101,584.354,10.1004,15.0000,1.3291,1.1946,5.0704,0.7514,0.0882,0.1604,0.9757,0.1283,4.0561,0.8469,0.5316
11,3,3871,3873,3,3,4,0.3056,3871.632,302.752,362.598,12.0200,15.0000,1.4103,1.1505,5.1125,0.7877,0.0627,0.1497,0.4036,0.5473,3.7494,1.8718,0.3675
4,3,3872,3873,2,2,1,1.0000,3872.462,763.558,474.000,8.8649,15.0000,1.1538,0.6393,5.1125,0.0000,0.7500,0.2500,1.0000,0.0000,4.9434,1.5344,0.8077
12,3,3874,3876,3,3,4,0.3333,3875.197,849.906,519.378,12.5274,15.0000,1.4173,0.4365,5.1247,0.6483,0.0956,0.2561,0.4689,0.4321,3.9285,1.1959,0.3228
5,3,3876,3877,2,2,2,0.6250,3876.614,306.842,609.526,8.7202,14.0000,1.2281,0.8240,4.7869,0.3432,0.2505,0.4063,0.6059,0.3645,4.7909,1.0256,0.7018
18,8,3883,3885,3,3,4,0.5000,3884.367,1046.594,616.528,18.5783,21.0000,1.6507,0.7224,7.2317,0.6633,0.0625,0.2742,0.2858,0.5603,4.4751,1.3781,0.5983
3,3,3892,3893,2,2,1,0.7500,3892.698,888.302,368.000,8.5981,17.0000,1.1860,0.4276,5.8889,0.5333,0.2667,0.2000,0.7071,0.0000,4.8502,1.2119,1.0000
6,3,3896,3898,3,1,3,0.6667,3897.103,440.000,365.221,9.6431,13.0000,1.1471,1.1248,4.5154,0.4000,0.4800,0.1200,0.7071,0.0000,4.8625,1.3907,0.5735
5,4,3910,3912,3,3,1,0.5556,3910.841,519.238,509.000,9.8622,15.0000,1.1905,0.2862,5.2510,0.8123,0.1108,0.0769,0.7071,0.0000,4.8985,1.3996,0.8413
6,3,3911,3913,3,2,2,0.5000,3912.145,682.884,337.319,9.8663,17.0000,1.4783,0.3689,5.9539,0.7074,0.0897,0.2030,0.9140,0.2540,4.5526,1.4001,0.6232
4,3,3912,3913,2,1,2,1.0000,3912.438,483.000,506.562,8.4072,14.0000,1.1667,0.6187,4.9032,0.0000,0.7500,0.2500,0.0000,0.0000,4.9044,1.5764,0.8333
6,3,3912,3914,3,2,2,0.5000,3913.212,706.121,541.364,9.4419,14.0000,1.2727,0.4381,4.9055,0.5230,0.1584,0.3185,0.9225,0.0898,4.5568,2.1034,0.6061
5,4,3916,3918,3,1,2,0.8333,3917.115,620.000,396.590,9.5754,15.0000,1.2295,0.4256,5.2648,0.5854,0.2927,0.1220,0.9487,0.0000,4.9122,1.7538,0.8689
4,3,3916,3918,3,2,1,0.6667,3917.085,1030.553,527.000,8.2485,13.0000,1.1064,0.4548,4.5647,0.7576,0.1294,0.1129,0.8507,0.0000,4.7383,0.5270,0.8085
5,3,3916,3917,2,2,2,0.6250,3916.617,1078.867,826.567,9.4165,16.0000,1.3333,0.6970,5.6158,0.3432,0.2505,0.4063,0.6059,0.3645,4.9118,1.7542,0.7000
5,3,3917,3918,2,2,2,0.6250,3917.404,503.561,347.842,8.9486,13.0000,1.1404,0.7092,4.5629,0.3432,0.2505,0.4063,0.6059,0.3645,3.8612,0.7023,0.6491
3,3,3918,3919,2,1,2,0.7500,3918.649,985.000,583.676,7.5027,13.0000,1.0541,0.7252,4.5647,0.5333,0.2667,0.2000,0.7071,0.0000,4.5662,0.8773,1.0000
5,3,3918,3920,3,1,3,0.5556,3919.054,1060.000,323.054,8.7973,13.0000,1.1607,0.0758,4.5665,0.7911,0.1351,0.0737,0.5257,0.0000,3.8644,1.2291,0.6607
4,3,3920,3921,2,1,3,0.6667,3920.711,475.000,235.911,7.9087,13.0000,1.1556,0.7166,4.5683,0.5357,0.3214,0.1429,0.0000,0.0000,4.5700,1.7573,0.8222
9,4,3920,3922,3,2,3,0.5000,3920.768,685.411,549.884,11.1310,15.0000,1.4211,0.4854,5.2731,0.2513,0.4614,0.2873,0.9880,0.0115,3.5166,1.0542,0.5474
6,3,3920,3922,3,2,2,0.5000,3921.203,710.297,245.324,10.6209,16.0000,1.2973,0.9106,5.6267,0.6381,0.1455,0.2164,0.8019,0.3768,4.9207,1.4058,0.7162
5,3,3921,3922,2,2,2,0.6250,3921.589,545.429,1051.143,8.8058,13.0000,1.1607,0.6105,4.5717,0.3432,0.2505,0.4063,0.6059,0.3645,3.8669,0.7039,0.6607
4,3,3922,3922,1,2,2,1.0000,3922.000,352.457,535.543,8.0884,13.0000,1.1304,0.7098,4.5717,0.0000,0.7500,0.2500,0.0000,1.0000,4.7475,1.7583,0.8261
10,4,3922,3924,3,3,4,0.2778,3922.961,495.706,767.912,11.3471,13.0000,1.2745,1.1955,4.5734,0.4351,0.0192,0.5457,0.2961,0.3915,3.8692,1.2317,0.4902
3,3,3924,3926,3,1,1,1.0000,3925.000,1025.000,809.000,7.7237,14.0000,1.1053,0.0000,4.9287,0.8889,0.0000,0.1111,1.0000,0.0000,4.5783,1.7596,1.0000
3,3,3925,3926,2,1,2,0.7500,3925.325,531.000,868.325,8.1312,14.0000,1.0500,0.4596,4.9287,0.5333,0.2667,0.2000,0.7071,0.0000,4.9304,1.0566,1.0000
6,3,3925,3927,3,2,2,0.5000,3926.328,945.719,266.484,9.2026,13.0000,1.2187,0.6728,4.5783,0.5943,0.2116,0.1941,0.8667,0.4967,4.0509,1.7614,0.5781
6,3,3926,3928,3,1,2,1.0000,3927.088,472.000,547.471,9.7803,13.0000,1.1471,0.4788,4.5814,0.5556,0.3333,0.1111,1.0000,0.0000,4.4045,1.0569,0.5588
6,4,3927,3929,3,1,2,1.0000,3928.092,806.000,149.447,10.9347,16.0000,1.2632,0.4568,5.6387,0.5556,0.3333,0.1111,1.0000,0.0000,4.7585,1.0570,0.7368
4,3,3928,3929,2,1,2,1.0000,3928.460,650.000,189.540,8.8118,14.0000,1.1200,0.6505,4.9338,0.0000,0.7500,0.2500,0.0000,0.0000,4.9345,1.0571,0.8000
5,3,3928,3930,3,2,1,0.8333,3929.203,850.373,593.000,9.3026,14.0000,1.1864,0.4247,4.9355,0.5854,0.2927,0.1220,0.9487,0.0000,4.9355,1.0574,0.6780
5,3,3932,3933,2,2,2,0.6250,3932.639,476.869,831.492,9.6291,17.0000,1.3934,0.6368,6.0012,0.3432,0.2505,0.4063,0.6059,0.3645,4.9405,1.4121,0.7213
5,3,3933,3934,2,2,2,0.6250,3933.774,612.623,394.321,8.3694,12.0000,1.1321,0.9185,4.2376,0.3432,0.2505,0.4063,0.5155,0.8569,4.9427,1.7650,0.6792
5,3,3935,3936,2,2,2,0.6250,3935.625,579.839,263.375,8.8487,13.0000,1.1607,0.7464,4.5938,0.3432,0.2505,0.4063,0.6059,0.3645,5.1222,1.0599,0.6964
4,3,3935,3937,3,2,1,0.6667,3936.143,641.816,399.000,8.6580,15.0000,1.2245,1.1575,5.2988,0.7500,0.1500,0.1000,0.9487,0.0000,4.7716,1.0599,0.8163
5,3,3936,3938,3,1,3,0.5556,3937.333,619.000,426.519,8.5376,13.0000,1.2037,0.8224,4.5969,0.6646,0.2585,0.0769,0.7071,0.0000,4.5942,1.5912,0.6852
6,3,3938,3940,3,2,2,0.5000,3938.606,705.500,432.879,9.5298,14.0000,1.2727,0.7950,4.9506,0.6373,0.1269,0.2358,0.8795,0.0724,4.4212,1.7681,0.5909
5,3,3938,3939,2,2,2,0.6250,3938.429,923.393,496.161,8.8571,13.0000,1.1607,0.6032,4.5969,0.3432,0.2505,0.4063,0.6059,0.3645,4.9520,1.7677,0.6607
5,3,3938,3939,2,2,2,0.6250,3938.614,1105.860,730.526,9.0159,14.0000,1.2281,0.6676,4.9523,0.3432,0.2505,0.4063,0.6059,0.3645,5.3039,2.1214,0.7018
4,3,3940,3941,2,2,2,0.5000,3940.702,656.745,302.170,8.3176,14.0000,1.1915,0.7663,4.9540,0.0000,0.5625,0.4375,0.4459,0.5774,4.7787,1.5926,0.8298
3,3,3943,3944,2,2,1,0.7500,3943.649,1025.324,729.000,7.5688,13.0000,1.0541,0.7252,4.6050,0.5333,0.2667,0.2000,0.7071,0.0000,4.9615,2.1255,1.0000
6,4,3944,3945,2,3,2,0.5000,3944.368,450.882,704.118,9.8386,15.0000,1.3235,0.4035,5.3153,0.7074,0.0897,0.2030,0.3047,0.0847,4.6075,1.4174,0.7647
7,3,3945,3947,3,3,2,0.3889,3945.736,355.583,527.125,9.6494,14.0000,1.3611,0.5088,4.9646,0.6188,0.1635,0.2176,0.6691,0.0458,3.9017,2.1268,0.5278
3,3,3946,3947,2,2,1,0.7500,3946.300,1048.300,740.000,8.1904,16.0000,1.2000,0.4243,5.6739,0.5333,0.2667,0.2000,0.7071,0.0000,4.6116,1.5958,1.0000
5,3,3950,3951,2,2,2,0.6250,3950.316,814.404,620.632,9.0545,13.0000,1.1404,0.8133,4.6170,0.2938,0.4054,0.3007,0.0000,0.3029,4.9721,1.0658,0.6842
4,4,3950,3951,2,1,2,1.0000,3950.500,837.000,694.537,9.5911,15.0000,1.1111,0.6814,5.3274,0.0000,0.7500,0.2500,0.0000,0.0000,5.5073,1.4211,1.0000
5,3,3952,3953,2,2,2,0.6250,3952.368,420.228,501.702,9.0620,15.0000,1.3158,0.5260,5.3316,0.3432,0.2505,0.4063,0.6059,0.3645,4.6226,2.1321,0.7018
4,3,3957,3959,3,2,1,0.6667,3957.865,1048.558,450.000,9.2644,17.0000,1.3077,0.9719,6.0552,0.7576,0.1294,0.1129,0.8507,0.0000,5.1664,1.7827,0.8077
7,3,3962,3964,3,2,3,0.3889,3962.784,1169.108,349.473,9.9886,14.0000,1.3243,0.9507,5.0003,0.2873,0.4228,0.2899,0.3651,0.0289,4.2873,0.7145,0.5541
4,3,3963,3966,4,1,1,1.0000,3964.392,742.000,550.000,9.1138,17.0000,1.3333,0.6078,6.0776,0.9375,0.0000,0.0625,1.0000,0.0000,5.0016,1.4293,0.8431
7,3,3966,3968,3,2,2,0.5833,3966.861,727.291,127.367,10.6848,15.0000,1.3291,0.4888,5.3679,0.3883,0.1309,0.4808,0.9235,0.3259,4.2922,1.7884,0.5316
6,3,3966,3968,3,2,2,0.5000,3967.359,921.125,745.484,9.3519,12.0000,1.1250,0.6160,4.2965,0.6373,0.1269,0.2358,0.8795,0.0724,4.8308,1.6101,0.5625
5,3,3970,3972,3,1,3,0.5556,3971.267,859.000,149.950,9.6238,16.0000,1.3333,1.2677,5.7346,0.3318,0.5530,0.1152,1.0000,0.0000,4.6621,0.8971,0.7167
10,3,3972,3975,4,2,2,0.6250,3973.465,498.337,709.495,11.4688,14.0000,1.3861,0.8088,5.0286,0.5872,0.0511,0.3617,0.9487,0.3162,4.1285,1.4371,0.3762
5,3,3974,3975,2,2,2,0.6250,3974.224,657.707,426.621,9.3179,14.0000,1.2069,0.7221,5.0286,0.3432,0.2505,0.4063,0.5155,0.8569,5.3900,1.7952,0.7069
15,3,3975,3976,2,4,3,0.6250,3975.533,694.753,1311.260,13.9233,13.0000,1.3000,1.3563,4.6747,0.6183,0.0992,0.2825,0.0851,0.9961,4.3131,1.4383,0.4067
8,3,3975,3977,3,2,2,0.6667,3976.377,857.312,774.532,9.7915,13.0000,1.3506,0.7229,4.6774,0.4716,0.1249,0.4035,0.8929,0.1898,3.4181,1.4395,0.4935
9,3,3976,3978,3,2,2,0.7500,3976.913,396.739,521.348,11.0333,14.0000,1.3696,1.0113,5.0372,0.4444,0.2963,0.2593,1.0000,0.0000,3.9603,1.2597,0.4348
5,3,3976,3978,3,1,2,0.8333,3977.316,687.000,426.474,9.1733,14.0000,1.2281,0.8632,5.0401,0.5854,0.2927,0.1220,0.9487,0.0000,4.6776,1.0800,0.6842
4,3,3980,3981,2,1,2,1.0000,3980.521,835.000,370.479,8.6531,13.0000,1.0833,0.7077,4.6884,0.0000,0.7500,0.2500,0.0000,0.0000,4.8674,1.4414,0.7917
10,3,3983,3985,3,2,3,0.5556,3983.625,868.510,663.875,10.9664,12.0000,1.2500,0.6456,4.3359,0.1247,0.5395,0.3358,0.1207,0.3549,3.6114,0.7236,0.3750
9,3,3986,3989,4,2,2,0.5625,3987.353,928.600,1040.518,10.2597,12.0000,1.2706,0.7192,4.3471,0.7058,0.0987,0.1955,0.9267,0.3669,3.9799,1.0873,0.4235
8,3,3995,3998,4,2,2,0.5000,3996.805,716.740,404.753,9.9242,12.0000,1.2468,0.8043,4.3752,0.7248,0.0930,0.1821,0.9678,0.1435,3.6466,1.4590,0.4675
4,3,3998,3999,2,1,2,1.0000,3998.553,796.000,434.511,8.5783,14.0000,1.1915,0.6785,5.1123,0.0000,0.7500,0.2500,0.0000,0.0000,4.7454,1.4595,0.8085
5,3,4008,4010,3,1,2,0.8333,4008.776,1107.000,327.552,9.5509,14.0000,1.2069,0.9520,5.1513,0.5854,0.2927,0.1220,0.9487,0.0000,4.7879,1.1049,0.6724
6,4,4009,4011,3,1,3,0.6667,4010.130,621.000,488.232,10.3854,14.0000,1.2174,0.2661,5.1658,0.6944,0.2222,0.0833,0.8000,0.0000,4.7943,1.1066,0.7536
9,3,4010,4012,3,3,2,0.5000,4010.824,852.209,445.615,11.1907,15.0000,1.4835,0.9332,5.5347,0.5160,0.1383,0.3457,0.7887,0.2113,3.6903,1.6603,0.4725
3,3,4020,4021,2,2,1,0.7500,4020.692,446.359,672.000,8.3927,14.0000,1.0769,0.7110,5.2201,0.5333,0.2667,0.2000,0.7071,0.0000,5.2205,1.8667,1.0000
9,3,4025,4027,3,2,3,0.5000,4026.190,955.500,609.190,10.5050,14.0000,1.5000,0.5679,5.2512,0.5888,0.0611,0.3501,0.8007,0.5688,3.5634,1.4999,0.4524
4,3,4027,4028,2,2,2,0.5000,4027.739,904.717,342.848,8.6460,14.0000,1.2174,0.4136,5.2645,0.0000,0.5625,0.4375,0.4459,0.5774,5.0741,0.7518,0.8478
7,3,4029,4031,3,2,3,0.3889,4030.057,824.500,605.057,9.9758,13.0000,1.3000,0.5065,4.9012,0.5487,0.1939,0.2574,0.8285,0.0460,4.8988,1.8851,0.5286
3,3,4030,4032,3,1,1,1.0000,4030.974,736.000,363.000,8.2823,13.0000,1.0263,0.9737,4.9078,0.8889,0.0000,0.1111,1.0000,0.0000,5.2803,2.2649,1.0000
15,6,4035,4037,3,3,3,0.5556,4035.990,983.152,235.136,19.4343,27.0000,2.0455,0.2041,10.2640,0.0251,0.2238,0.7512,1.0000,0.0000,4.3704,1.5168,0.5808
10,3,4038,4041,4,4,3,0.2083,4039.711,751.433,267.033,10.8779,12.0000,1.3333,0.6369,4.5953,0.6764,0.1762,0.1474,0.5938,0.5610,4.0105,1.5295,0.3889
3,3,4038,4039,2,1,2,0.7500,4038.676,1083.000,344.676,8.1523,13.0000,1.0541,0.4587,4.9635,0.5333,0.2667,0.2000,0.7071,0.0000,5.3442,1.7159,1.0000
4,3,4039,4041,3,1,2,0.6667,4040.070,937.000,475.256,8.2219,13.0000,1.2093,0.2652,4.9708,0.5357,0.3214,0.1429,1.0000,0.0000,4.5910,1.9119,0.8140
6,3,4044,4045,2,3,2,0.5000,4044.679,1016.214,435.268,8.8034,12.0000,1.2857,0.4701,4.6231,0.6381,0.1455,0.2164,0.4962,0.8522,4.4249,1.1575,0.6071
11,4,4047,4049,3,3,2,0.6111,4047.867,386.781,320.619,12.2498,14.0000,1.4667,0.4592,5.4181,0.3993,0.2990,0.3017,0.6074,0.1122,3.1031,0.9664,0.4571
5,3,4048,4050,3,2,1,0.8333,4049.075,676.642,563.000,9.1879,13.0000,1.2264,1.1336,5.0311,0.5854,0.2927,0.1220,0.9487,0.0000,5.0387,1.7433,0.6792
3,3,4048,4050,3,1,1,1.0000,4049.000,845.000,532.000,7.3847,11.0000,1.0000,1.0000,4.2700,0.8889,0.0000,0.1111,1.0000,0.0000,4.6500,1.1654,1.0000
4,3,4049,4052,4,1,1,1.0000,4050.650,451.000,843.000,7.7711,11.0000,1.1000,0.6500,4.2827,0.9375,0.0000,0.0625,1.0000,0.0000,4.6608,0.3888,0.8250
10,3,4050,4053,4,2,3,0.4167,4052.276,1008.235,326.061,12.0706,17.0000,1.7347,0.3671,6.6285,0.5515,0.2291,0.2195,0.9627,0.1213,3.5072,-0.0023,0.4592
8,3,4052,4054,3,2,4,0.3333,4052.792,506.909,545.532,10.6115,14.0000,1.4545,0.5788,5.4588,0.6565,0.1841,0.1594,0.2799,0.1525,3.8954,1.1663,0.4935
4,3,4054,4056,3,2,1,0.6667,4055.357,1193.714,655.000,8.2160,12.0000,1.1429,0.9610,4.6992,0.7500,0.1500,0.1000,0.9487,0.0000,4.6961,1.9546,0.8095
8,3,4057,4058,2,2,3,0.6667,4057.685,960.192,889.932,10.1306,14.0000,1.5342,0.3752,5.4976,0.4961,0.2369,0.2670,0.1645,0.5745,3.5307,1.1786,0.4932
6,3,4058,4060,3,3,1,0.6667,4059.193,894.947,323.000,9.1526,13.0000,1.3684,0.2000,5.1118,0.6944,0.2222,0.0833,0.6000,0.0000,4.1283,1.1799,0.6140
6,3,4058,4060,3,1,2,1.0000,4059.150,1176.000,1120.483,9.6337,12.0000,1.2000,0.9778,4.7249,0.5556,0.3333,0.1111,1.0000,0.0000,4.1285,0.5898,0.5833
6,3,4058,4060,3,2,2,0.5000,4059.371,1265.532,441.887,9.9578,14.0000,1.3548,0.6076,5.5051,0.6373,0.1269,0.2358,0.8795,0.0724,3.5418,0.7867,0.6129
4,3,4059,4060,2,1,2,1.0000,4059.511,667.000,537.447,9.2469,13.0000,1.1064,0.6785,5.1186,0.0000,0.7500,0.2500,0.0000,0.0000,4.3293,1.9676,0.7872
