stem,Particle,n_voxels,n_seed,z_min,z_max,z_extent,y_extent,x_extent,fill,centroid_z,centroid_y,centroid_x,snr_cluster,r_peak,r_peak_ratio,peak_offset,snr_peak,linearity,planarity,sphericity,axis_z,normal_z,edge_contrast,decay_drop,seed_grown_ratio,distance_to_center
M50L-01,0,10.0,3.0,200.0,201.0,2.0,2.0,5.0,0.5,200.284,620.676,699.122,16.1594,24.0,1.6216,1.3398,8.2889,0.8667,0.0502,0.0831,0.1128,0.5475,3.6238,0.8622,0.6351,92.79341496032998
M50L-01,0,20.0,4.0,200.0,202.0,3.0,7.0,6.0,0.1587,200.41,697.123,712.432,17.5234,16.0,1.4097,2.3957,5.5259,0.9208,0.0301,0.0491,0.0161,0.2316,4.1396,1.0353,0.3128,15.377150353690327
M50L-01,0,11.0,5.0,200.0,202.0,3.0,2.0,5.0,0.3667,200.486,629.266,720.572,18.0063,27.0,1.7168,0.6996,9.325,0.7506,0.1688,0.0806,0.3722,0.0951,4.1455,1.0333,0.7457,83.62449366064948
M50L-01,0,15.0,11.0,200.0,203.0,4.0,7.0,2.0,0.2679,200.555,695.13,605.035,22.6376,29.0,1.7126,0.5712,10.0158,0.8612,0.1096,0.0292,0.266,0.0103,4.4818,1.2077,0.8425,108.8597406068929
M50L-01,0,12.0,6.0,200.0,202.0,3.0,5.0,2.0,0.4,200.604,680.506,607.058,15.3445,21.0,1.6364,1.6241,7.2528,0.6154,0.3004,0.0842,0.0489,0.1204,3.6212,1.3806,0.6104,110.1890711459172
M50L-01,0,13.0,3.0,200.0,202.0,3.0,2.0,5.0,0.4333,200.623,633.552,730.393,17.5184,25.0,1.776,0.9206,8.6343,0.591,0.2832,0.1258,0.278,0.0235,4.1361,0.6934,0.6612,80.9502696289518
M50L-01,0,14.0,5.0,200.0,203.0,4.0,2.0,5.0,0.35,200.648,636.562,736.808,20.2015,27.0,1.726,1.1786,9.325,0.5877,0.3179,0.0944,0.2197,0.1602,3.971,0.6907,0.7397,79.73367361410106
M50L-01,0,25.0,6.0,200.0,203.0,4.0,4.0,8.0,0.1953,200.733,637.517,742.919,20.4309,18.0,1.5203,0.9007,6.2167,0.6942,0.0794,0.2264,0.1004,0.7574,2.4196,0.6935,0.4595,80.91826647920722
M50L-01,0,14.0,3.0,200.0,202.0,3.0,2.0,5.0,0.4667,200.747,601.193,705.073,13.8353,15.0,1.4,1.2057,5.1806,0.4954,0.3171,0.1874,0.3526,0.2041,3.9692,1.379,0.2733,111.55450944717566
M50L-01,0,12.0,7.0,200.0,203.0,4.0,2.0,4.0,0.375,200.8,713.724,603.706,16.9353,19.0,1.3412,1.118,6.5621,0.2649,0.4899,0.2452,0.904,0.052,5.0042,1.3783,0.6882,108.80088516184048
M50L-01,0,22.0,11.0,200.0,203.0,4.0,5.0,4.0,0.275,201.037,680.832,722.705,21.9197,24.0,1.7718,1.362,8.2889,0.3585,0.4663,0.1752,0.0823,0.1919,4.9952,1.381,0.6342,33.27167337240496
M50L-01,1,29.0,14.0,200.0,204.0,5.0,5.0,5.0,0.232,202.352,977.88,587.268,26.7433,33.0,2.2895,0.458,11.3742,0.4981,0.0536,0.4483,0.5772,0.3503,4.4821,1.7196,0.6435,293.4443698965785
M50L-01,1,14.0,6.0,875.0,878.0,4.0,4.0,3.0,0.2917,877.045,228.164,530.741,16.9777,22.0,1.4,1.4696,6.3525,0.6507,0.1684,0.181,0.5069,0.2368,4.0425,1.0106,0.6545,517.3177891557567
M50L-01,0,11.0,5.0,1205.0,1208.0,4.0,2.0,3.0,0.4583,1206.672,619.213,656.851,15.1079,22.0,1.3908,1.214,6.3354,0.4726,0.3968,0.1306,0.8219,0.2125,5.1835,1.7278,0.7069,108.6244704014708
M50L-01,1,15.0,3.0,1240.0,1243.0,4.0,3.0,4.0,0.3125,1241.377,1190.059,608.529,15.1632,19.0,1.3971,0.6528,5.4697,0.4116,0.3104,0.278,0.902,0.4308,3.1667,1.0076,0.3529,488.7459128442917
M50L-01,1,16.0,11.0,1350.0,1352.0,3.0,5.0,3.0,0.3556,1351.253,287.996,679.399,19.5995,29.0,1.6996,0.6517,8.3281,0.688,0.0662,0.2457,0.4222,0.8558,4.7384,2.0101,0.7656,425.79258121414
M50L-01,1,43.0,24.0,1910.0,1913.0,4.0,6.0,7.0,0.256,1911.451,1197.587,416.613,37.1143,57.0,2.9248,0.7882,16.5554,0.5888,0.1003,0.3109,0.0721,0.1133,4.6473,1.162,0.7351,568.2064011765443
M50L-01,1,14.0,5.0,1993.0,1995.0,3.0,2.0,3.0,0.7778,1993.784,441.418,864.042,16.7165,23.0,1.5117,1.067,6.7541,0.2121,0.3788,0.4092,0.7346,0.0996,4.4045,1.615,0.4554,310.56469291920484
M50L-01,1,10.0,3.0,2022.0,2023.0,2.0,3.0,3.0,0.5556,2022.596,459.809,290.319,13.1151,19.0,1.3475,0.7024,5.5887,0.6295,0.0405,0.33,0.26,0.9487,3.5296,1.1765,0.3972,492.0259528134669
M50L-01,1,15.0,5.0,2181.0,2184.0,4.0,3.0,4.0,0.3125,2182.752,712.881,1234.604,15.4225,19.0,1.4109,0.6634,5.6183,0.6024,0.1971,0.2004,0.6399,0.6039,3.8441,1.7742,0.4059,522.1041390153885
M50L-01,1,14.0,3.0,3085.0,3087.0,3.0,4.0,3.0,0.3889,3086.315,799.37,181.842,14.6185,19.0,1.4457,0.5107,5.6481,0.3611,0.2058,0.4331,0.1907,0.0139,4.0131,1.1891,0.2717,537.7214054359376
M50L-01,1,21.0,12.0,3469.0,3471.0,3.0,4.0,4.0,0.4375,3470.051,515.556,632.066,26.4339,44.0,2.2647,0.5627,13.0636,0.5566,0.1081,0.3353,0.3473,0.5171,5.3442,1.3361,0.7279,212.73591020793828
M50L-01,0,37.0,8.0,3512.0,3514.0,3.0,5.0,14.0,0.1762,3513.2,616.957,696.906,27.0772,26.0,1.7365,6.0009,7.7297,0.9521,0.0215,0.0264,0.0176,0.9937,4.4594,1.1892,0.5668,96.8072191781171
M50L-01,0,10.0,5.0,3512.0,3514.0,3.0,3.0,3.0,0.3704,3513.443,619.275,687.719,15.7006,27.0,1.6168,0.6821,8.0275,0.4819,0.2094,0.3087,0.3296,0.3168,3.865,1.1892,0.6467,96.46242058957468
M50L-01,0,11.0,5.0,3512.0,3515.0,4.0,3.0,3.0,0.3056,3513.684,622.559,679.237,15.8666,33.0,2.0508,0.685,9.8114,0.4676,0.2713,0.2612,0.6917,0.7138,2.6761,0.5947,0.6102,95.89478948305798
M50L-01,0,10.0,4.0,3513.0,3515.0,3.0,5.0,2.0,0.3333,3513.708,681.273,617.621,15.1368,28.0,1.7391,1.3602,8.3248,0.7383,0.177,0.0847,0.0297,0.1026,4.0139,1.9324,0.7205,99.88568551098804
M50L-01,0,28.0,12.0,3513.0,3515.0,3.0,6.0,8.0,0.1944,3513.935,628.477,668.604,24.9469,26.0,1.6396,2.6563,7.7302,0.7993,0.1601,0.0406,0.0285,0.9354,4.757,1.784,0.6059,94.7983298639802
M50L-01,0,10.0,3.0,3513.0,3515.0,3.0,3.0,4.0,0.2778,3514.199,641.901,649.354,15.1372,23.0,1.4286,1.126,6.8382,0.7387,0.1454,0.1159,0.1895,0.1315,5.0544,0.8919,0.7019,94.71872104816453
M50L-01,0,11.0,4.0,3514.0,3515.0,2.0,3.0,4.0,0.4583,3514.278,633.295,660.75,15.7775,24.0,1.5,0.8528,7.1355,0.6845,0.1321,0.1834,0.0383,0.6155,3.8653,2.0812,0.5795,94.61233812246692
M50L-01,0,11.0,3.0,3512.0,3515.0,4.0,3.0,3.0,0.3056,3514.294,645.607,644.982,14.6122,27.0,1.8221,0.6752,8.0275,0.6291,0.0879,0.283,0.7735,0.4311,3.2706,0.8918,0.589,95.04395705672196
M50L-01,0,14.0,8.0,3513.0,3515.0,3.0,4.0,3.0,0.3889,3514.438,650.459,640.153,19.2299,26.0,1.5041,1.3469,7.7302,0.4704,0.1761,0.3535,0.1483,0.5187,5.2032,1.4866,0.6942,95.30568760572478
M50L-01,1,13.0,5.0,3559.0,3561.0,3.0,5.0,2.0,0.4333,3560.005,211.403,747.711,16.6218,27.0,1.7463,0.4957,8.0504,0.7795,0.1069,0.1136,0.3936,0.2941,4.1743,1.4909,0.5771,502.3325770144715
M50L-01,1,13.0,8.0,3814.0,3816.0,3.0,4.0,2.0,0.5417,3815.31,506.888,438.46,16.1173,18.0,1.2513,1.0844,5.5942,0.5842,0.1332,0.2826,0.1779,0.0888,4.6619,1.3984,0.6952,342.5992062804583
M50L-01,0,4.0,3.0,200.0,201.0,2.0,1.0,3.0,0.6667,200.254,626.0,713.413,10.8765,22.0,1.3968,0.6399,7.5982,0.75,0.15,0.1,0.3162,0.0,4.6601,1.2072,0.8095,86.50481818372893
M50L-01,0,8.0,3.0,200.0,202.0,3.0,2.0,4.0,0.3333,200.393,631.196,725.42,13.6706,27.0,1.9286,0.7278,9.325,0.7255,0.1564,0.1181,0.3865,0.0618,3.2817,0.8617,0.5357,82.32415694071817
M50L-01,0,4.0,4.0,200.0,201.0,2.0,2.0,1.0,1.0,200.416,684.506,606.0,13.2913,24.0,1.2468,0.6452,8.2889,0.0,0.75,0.25,1.0,0.0,5.1791,0.5161,1.0,110.1177280731854
M50L-01,0,4.0,3.0,200.0,202.0,3.0,2.0,1.0,0.6667,200.589,671.25,609.0,9.6647,18.0,1.2857,0.6401,6.2167,0.75,0.15,0.1,0.9487,0.0,4.6606,0.8636,0.8393,111.41728995088688
M50L-01,0,5.0,3.0,200.0,202.0,3.0,1.0,2.0,0.8333,200.63,623.0,705.644,11.2681,22.0,1.5068,0.7238,7.5982,0.5854,0.2927,0.122,0.9487,0.0,4.141,0.6922,0.7123,89.76221218307846
M50L-01,0,7.0,5.0,200.0,202.0,3.0,1.0,3.0,0.7778,200.701,618.0,690.299,12.6533,19.0,1.3711,0.9914,6.5621,0.4747,0.4312,0.0941,0.8619,0.0,4.8307,0.519,0.8041,97.07283039553344
M50L-01,0,7.0,3.0,200.0,202.0,3.0,2.0,2.0,0.5833,200.824,616.099,680.582,11.8691,18.0,1.3846,0.9292,6.2167,0.5916,0.2044,0.204,0.9664,0.1591,4.1364,0.8631,0.6484,101.54758256600692
M50L-02,0,10.0,3.0,200.0,202.0,3.0,6.0,2.0,0.2778,200.292,693.423,603.515,15.4711,21.0,1.6154,0.827,7.9045,0.8791,0.083,0.0379,0.1237,0.0967,3.7634,1.5035,0.6385,110.64204514559556
M50L-02,0,13.0,4.0,200.0,202.0,3.0,4.0,5.0,0.2167,200.336,812.452,679.952,15.2387,19.0,1.6918,1.2293,7.1517,0.418,0.2897,0.2923,0.2539,0.9475,2.6374,0.7533,0.4315,105.1179081222605
M50L-02,0,12.0,4.0,200.0,202.0,3.0,5.0,2.0,0.4,200.558,704.167,600.674,14.9898,23.0,2.0,1.2083,8.6573,0.7432,0.1444,0.1123,0.1467,0.1601,3.012,0.3766,0.6159,112.13604757168858
M50L-02,0,11.0,4.0,200.0,202.0,3.0,6.0,1.0,0.6111,200.592,737.8,593.0,14.7484,16.0,1.3538,0.9954,6.0225,0.7584,0.2074,0.0342,0.22,0.0,3.3866,1.1278,0.5308,122.14884362940158
M50L-02,0,16.0,6.0,200.0,203.0,4.0,3.0,6.0,0.2222,200.6,814.822,667.562,17.4023,18.0,1.5568,1.6829,6.7753,0.8212,0.1,0.0788,0.2811,0.07,3.3876,0.3767,0.5514,111.7551588428919
M50L-02,0,23.0,6.0,200.0,203.0,4.0,8.0,3.0,0.2396,200.735,678.98,613.474,19.5342,16.0,1.4779,2.2012,6.0225,0.7834,0.1539,0.0627,0.0945,0.0421,4.1379,2.2551,0.4378,104.54539241879571
M50L-02,0,75.0,14.0,200.0,203.0,4.0,4.0,21.0,0.2232,200.905,827.197,664.438,37.4881,19.0,1.6512,1.0833,7.1517,0.9747,0.0142,0.0112,0.0187,0.0137,4.5169,1.5045,0.5527,124.359791142475
M50L-02,0,11.0,3.0,200.0,203.0,4.0,2.0,3.0,0.4583,200.95,683.319,604.035,15.9927,22.0,1.7163,1.5156,8.2809,0.4249,0.4514,0.1237,0.8002,0.1002,4.1388,0.7542,0.6596,112.32180102722717
M50L-02,0,18.0,8.0,200.0,203.0,4.0,6.0,2.0,0.375,201.06,717.935,596.452,21.9879,23.0,1.6694,1.569,8.6573,0.6512,0.3121,0.0367,0.0751,0.0921,4.5132,0.7524,0.7944,116.17520186769636
M50L-02,1,13.0,4.0,963.0,965.0,3.0,3.0,4.0,0.3611,964.006,549.157,760.446,14.9251,17.0,1.3313,0.576,5.511,0.5992,0.2145,0.1863,0.4139,0.6904,4.2143,1.6209,0.4458,170.23441063721515
M50L-02,1,67.0,40.0,1089.0,1093.0,5.0,5.0,7.0,0.3829,1090.853,192.299,639.781,54.0753,55.0,2.6878,0.8492,17.7566,0.4117,0.1189,0.4694,0.5904,0.4883,5.1656,1.6143,0.8053,525.2591106891913
M50L-02,1,17.0,11.0,1164.0,1167.0,4.0,4.0,2.0,0.5312,1165.358,355.412,1086.638,20.1388,25.0,1.6537,0.7774,8.0772,0.5976,0.1908,0.2115,0.3603,0.1297,4.8463,1.2924,0.7315,517.1954009733652
M50L-02,1,32.0,15.0,1193.0,1197.0,5.0,6.0,5.0,0.2133,1194.987,412.875,608.958,25.5911,23.0,1.6429,0.1327,7.4321,0.5625,0.0944,0.3431,0.2113,0.6204,4.3624,2.2619,0.6071,317.0111770726704
M50L-02,0,14.0,8.0,1202.0,1205.0,4.0,3.0,3.0,0.3889,1203.319,807.038,640.8,15.9752,17.0,1.2865,0.3783,5.4928,0.3908,0.3986,0.2107,0.8353,0.5482,3.8771,0.9693,0.627,118.6521109968129
M50L-02,0,13.0,4.0,1204.0,1207.0,4.0,2.0,4.0,0.4062,1205.149,809.264,643.77,15.592,20.0,1.4943,0.9199,6.4617,0.6733,0.1606,0.1661,0.7122,0.3651,3.5541,0.9693,0.4885,118.689024749553
M50L-02,1,18.0,6.0,1437.0,1441.0,5.0,4.0,5.0,0.18,1438.435,1240.262,810.017,17.9449,17.0,1.2911,0.5075,5.4611,0.6182,0.2446,0.1372,0.7211,0.4631,3.8549,1.1243,0.5274,536.6957181988691
M50L-02,0,13.0,3.0,2304.0,2305.0,2.0,5.0,5.0,0.26,2304.716,1281.729,934.542,14.3009,14.0,1.1742,0.6032,4.6573,0.654,0.2307,0.1153,0.0133,0.9265,3.6593,2.3286,0.3419,611.0027039260956
M50L-02,0,19.0,7.0,2304.0,2306.0,3.0,6.0,5.0,0.2111,2304.861,1176.546,1103.752,18.1638,18.0,1.437,1.3351,5.988,0.6011,0.3124,0.0866,0.1698,0.9839,3.6594,0.6653,0.542,606.9734900471354
M50L-02,0,22.0,5.0,2304.0,2306.0,3.0,6.0,8.0,0.1528,2304.875,1253.157,993.129,20.3552,19.0,1.4564,2.2034,6.3206,0.9244,0.0444,0.0312,0.0556,0.9059,5.1563,1.996,0.5889,609.1491010335646
M50L-02,0,10.0,5.0,2304.0,2305.0,2.0,4.0,5.0,0.25,2304.919,1246.375,1005.206,14.3069,17.0,1.25,0.4354,5.6553,0.8671,0.0635,0.0694,0.0564,0.9966,4.8237,2.1623,0.6765,608.8508175743874
M50L-02,0,14.0,4.0,2304.0,2306.0,3.0,5.0,5.0,0.1867,2305.0,1171.11,1118.093,15.2922,18.0,1.4651,0.1444,5.988,0.7808,0.1415,0.0776,0.1135,0.981,3.493,0.998,0.5174,612.2326467520332
M50L-02,0,15.0,4.0,2305.0,2305.0,1.0,6.0,5.0,0.5,2305.0,1197.668,1077.121,16.3198,18.0,1.4211,0.6793,5.988,0.536,0.4282,0.0359,0.0,1.0,3.3267,1.1643,0.4737,606.9072926444368
M50L-02,0,26.0,7.0,2305.0,2306.0,2.0,8.0,6.0,0.2708,2305.03,1192.96,1083.948,21.399,17.0,1.3476,0.072,5.6553,0.6228,0.3524,0.0248,0.0025,0.9994,3.6593,1.6633,0.4939,607.3017604980247
M50L-02,1,13.0,4.0,2731.0,2735.0,5.0,3.0,3.0,0.2889,2732.903,832.325,1279.487,14.2221,16.0,1.3506,0.5934,5.3276,0.6811,0.1006,0.2183,0.9154,0.4016,4.3287,1.6649,0.4545,579.5103871321032
M50L-02,1,17.0,12.0,3247.0,3249.0,3.0,4.0,2.0,0.7083,3248.011,814.292,300.517,21.8929,25.0,1.5683,0.5646,8.3272,0.578,0.1508,0.2712,0.5061,0.1076,5.3294,1.1658,0.7934,424.3720108030218
M50L-02,0,16.0,3.0,3522.0,3524.0,3.0,3.0,8.0,0.2222,3523.344,807.765,701.514,15.2848,15.0,1.3115,3.5383,5.0113,0.8883,0.0718,0.0398,0.0904,0.6762,4.0093,1.6704,0.306,95.8963629185174
M50L-02,1,18.0,9.0,3753.0,3756.0,4.0,3.0,3.0,0.5,3754.81,867.645,702.218,19.6707,25.0,1.8145,0.7068,8.413,0.1822,0.3571,0.4607,0.7465,0.2717,4.3751,1.3461,0.629,155.48533869468207
M50L-02,1,13.0,7.0,3995.0,3996.0,2.0,3.0,4.0,0.5417,3995.484,516.604,268.459,16.3826,16.0,1.3082,0.8999,5.9471,0.5506,0.1909,0.2585,0.077,0.8857,4.8313,1.1123,0.6289,485.33251745272537
M50L-03,0,32.0,19.0,200.0,203.0,4.0,7.0,4.0,0.2857,200.838,645.878,627.552,29.8862,26.0,1.8166,2.3254,9.602,0.5498,0.1972,0.253,0.1976,0.6406,5.167,1.4764,0.7489,107.95672090240602
M50L-03,1,10.0,5.0,1497.0,1499.0,3.0,2.0,3.0,0.5556,1498.2,697.641,259.4,14.5126,22.0,1.5172,0.7271,6.9631,0.4368,0.1868,0.3764,0.848,0.3482,4.5893,1.266,0.6,453.3435781843612
M50L-03,0,10.0,4.0,1741.0,1744.0,4.0,3.0,2.0,0.4167,1742.438,744.688,602.828,12.8475,18.0,1.4062,0.5644,5.7131,0.5697,0.2734,0.1569,0.9772,0.2124,3.3328,0.9522,0.4922,114.29792180087966
M50L-03,0,14.0,3.0,2097.0,2101.0,5.0,4.0,3.0,0.2333,2098.883,744.128,614.91,16.4189,20.0,1.4894,1.2445,6.5358,0.8041,0.0665,0.1295,0.7685,0.2779,4.2483,2.2873,0.4574,102.5872237854208
M50L-03,0,10.0,8.0,2304.0,2307.0,4.0,2.0,2.0,0.625,2305.811,1323.734,734.636,14.788,19.0,1.3287,0.9278,6.2133,0.7074,0.0614,0.2311,0.9717,0.2141,3.7607,0.327,0.8601,611.6346991889848
M50L-03,0,12.0,5.0,2305.0,2307.0,3.0,4.0,3.0,0.3333,2305.87,1294.584,893.403,14.538,17.0,1.3247,0.593,5.5593,0.5279,0.1942,0.2779,0.5525,0.7686,3.7607,1.3081,0.5844,609.547109307394
M50L-03,0,13.0,6.0,2304.0,2307.0,4.0,2.0,5.0,0.325,2305.994,1308.286,841.911,15.2374,17.0,1.3155,0.9545,5.5593,0.5845,0.2971,0.1184,0.2559,0.2939,5.0688,2.9432,0.6131,609.6787389412559
M50L-03,0,10.0,4.0,2305.0,2307.0,3.0,2.0,4.0,0.4167,2306.069,1315.192,803.423,13.4436,18.0,1.3846,1.1118,5.8864,0.5665,0.336,0.0976,0.1959,0.2613,3.5972,2.2891,0.6,609.511803653547
M50L-03,0,33.0,4.0,2305.0,2307.0,3.0,5.0,11.0,0.2,2306.121,1290.641,906.319,22.9984,18.0,1.4703,0.7264,5.8863,0.9389,0.0193,0.0417,0.0581,0.7702,4.2513,2.2891,0.4629,609.7645616481824
M50L-03,0,11.0,4.0,2305.0,2307.0,3.0,2.0,3.0,0.6111,2306.13,1322.551,744.891,13.6068,16.0,1.2754,0.9848,5.2323,0.5576,0.139,0.3034,0.8155,0.4095,3.2702,0.9811,0.5217,610.9103039579542
M50L-03,0,26.0,7.0,2305.0,2307.0,3.0,4.0,9.0,0.2407,2306.135,1296.544,887.547,20.9718,17.0,1.3517,2.5913,5.5593,0.8845,0.0629,0.0526,0.016,0.8029,4.2513,1.9621,0.5291,609.7121010321184
M50L-03,0,12.0,3.0,2305.0,2307.0,3.0,2.0,5.0,0.4,2306.149,1307.311,846.723,13.9716,16.0,1.2973,0.4421,5.2323,0.5718,0.2212,0.207,0.0261,0.2049,3.9242,1.6351,0.4797,609.7671190298801
M50L-03,0,13.0,7.0,2305.0,2307.0,3.0,3.0,5.0,0.2889,2306.216,1293.922,898.383,15.1467,17.0,1.3234,1.4021,5.5593,0.7634,0.0925,0.1441,0.0111,0.0939,3.5972,1.3081,0.6168,610.4130009862175
M50L-03,0,13.0,3.0,2305.0,2307.0,3.0,3.0,5.0,0.2889,2306.26,1298.278,881.189,15.3281,18.0,1.3846,0.4254,5.8864,0.7222,0.0634,0.2144,0.2422,0.9071,3.2702,2.6161,0.4497,609.5833363905217
M50L-03,0,21.0,7.0,2305.0,2308.0,4.0,4.0,6.0,0.2188,2307.014,1329.522,691.126,19.8385,22.0,1.6619,1.018,7.1944,0.7753,0.0647,0.16,0.1606,0.591,3.7607,1.3081,0.6187,617.392092887494
M50L-03,0,11.0,4.0,2308.0,2310.0,3.0,4.0,3.0,0.3056,2308.715,1319.162,843.538,12.8181,14.0,1.1846,1.0363,4.5783,0.668,0.1693,0.1627,0.3894,0.7917,4.2513,0.9811,0.4077,620.6526723442025
M50L-03,0,12.0,3.0,2308.0,2310.0,3.0,3.0,4.0,0.3333,2309.284,1322.039,830.665,14.6324,17.0,1.3161,0.7236,5.5594,0.5679,0.2282,0.204,0.3981,0.3334,3.5972,1.3081,0.5806,620.8870748743284
M50L-03,0,14.0,6.0,2308.0,2311.0,4.0,4.0,3.0,0.2917,2309.592,1324.651,818.497,14.7706,16.0,1.3254,0.848,5.2323,0.6522,0.1137,0.2341,0.7962,0.5734,3.1067,0.9811,0.503,621.2601796429577
M50L-03,1,14.0,5.0,2830.0,2832.0,3.0,3.0,3.0,0.5185,2831.14,443.011,328.844,15.6814,19.0,1.486,0.21,6.228,0.3114,0.351,0.3376,0.7064,0.7076,4.0974,1.639,0.5196,468.84565419442674
M50L-03,1,21.0,13.0,3024.0,3027.0,4.0,4.0,3.0,0.4375,3025.551,731.926,203.693,23.1148,24.0,1.5604,0.6349,7.8707,0.4943,0.08,0.4256,0.6445,0.3883,4.5912,1.9677,0.7214,509.1777025017887
M50L-03,1,22.0,13.0,3043.0,3046.0,4.0,3.0,4.0,0.4583,3044.355,1147.919,714.522,26.002,35.0,2.0699,0.6011,11.4748,0.0962,0.4175,0.4863,0.5283,0.1094,4.7538,1.9671,0.7339,435.4236948593865
M50L-03,1,10.0,6.0,3216.0,3218.0,3.0,3.0,2.0,0.5556,3217.189,290.797,718.448,14.8287,25.0,1.7483,0.5264,8.198,0.2418,0.3396,0.4186,0.9733,0.0557,4.099,0.9838,0.6923,421.7449453318913
M50L-03,0,10.0,5.0,3529.0,3531.0,3.0,4.0,2.0,0.4167,3530.014,694.978,620.158,14.4666,21.0,1.5108,0.9912,6.9115,0.5888,0.3014,0.1098,0.3674,0.3588,3.9494,0.6583,0.6043,93.98970926649363
M50L-03,1,15.0,9.0,3530.0,3532.0,3.0,3.0,4.0,0.4167,3530.735,1074.516,1070.668,18.9512,23.0,1.5471,0.6439,7.5704,0.1358,0.3243,0.5399,0.621,0.4448,4.6081,0.9874,0.704,509.25425916726505
M50L-03,1,59.0,50.0,3715.0,3720.0,6.0,6.0,5.0,0.3278,3717.569,1065.437,956.475,85.6933,102.0,3.0241,0.8074,33.739,0.2715,0.2953,0.4332,0.1747,0.4274,8.5991,1.6541,0.9583,429.0551556548411
M50L-03,1,15.0,8.0,3818.0,3820.0,3.0,3.0,3.0,0.5556,3818.897,722.121,1106.323,19.1384,27.0,1.8161,0.3599,8.9746,0.3696,0.2081,0.4224,0.5067,0.21,4.6528,1.662,0.6457,393.9405018146777
M50L-03,1,12.0,8.0,3884.0,3885.0,2.0,2.0,4.0,0.75,3884.464,1046.53,616.359,17.9857,21.0,1.3923,0.9201,7.2317,0.6617,0.0486,0.2896,0.185,0.6825,5.6795,1.0344,0.7569,347.5904670456311
M50L-03,1,13.0,6.0,4035.0,4037.0,3.0,3.0,3.0,0.4815,4036.027,983.163,235.109,19.4007,27.0,1.9076,0.1978,10.264,0.0299,0.4453,0.5248,0.6702,0.2255,4.5577,1.5217,0.625,548.7810368899421
M50L-04,0,14.0,6.0,200.0,202.0,3.0,3.0,4.0,0.3889,200.449,784.823,759.545,19.686,25.0,1.7677,0.6633,9.3027,0.5115,0.1422,0.3462,0.0218,0.5013,3.3503,0.7456,0.6465,86.27773962036785
M50L-04,0,15.0,6.0,200.0,202.0,3.0,3.0,3.0,0.5556,200.607,775.725,769.242,17.0958,18.0,1.5169,1.4328,6.6979,0.2932,0.2181,0.4886,0.6452,0.7605,2.9745,0.3746,0.5506,84.95325296302667
M50L-04,0,23.0,9.0,200.0,203.0,4.0,4.0,5.0,0.2875,200.758,771.838,774.168,23.034,21.0,1.6263,1.1365,7.8142,0.5623,0.1416,0.2961,0.2684,0.155,3.3509,1.117,0.771,85.58002376723202
M50L-04,0,80.0,39.0,200.0,203.0,4.0,22.0,6.0,0.1515,200.8,749.541,734.523,44.6191,23.0,1.7148,5.8014,8.5585,0.9764,0.0159,0.0077,0.0197,0.2612,5.2049,1.858,0.7512,43.09348222179318
M50L-04,1,23.0,14.0,229.0,232.0,4.0,4.0,5.0,0.2875,230.162,1086.172,1122.777,22.3776,21.0,1.6318,1.4441,7.6235,0.589,0.0394,0.3716,0.549,0.6886,4.7082,1.0887,0.7027,554.939618618999
M50L-04,1,14.0,3.0,610.0,612.0,3.0,3.0,4.0,0.3889,611.129,855.882,465.271,14.7283,18.0,1.4824,1.7382,5.835,0.3531,0.4795,0.1674,0.1363,0.7285,3.89,1.6208,0.2824,285.7981391909331
M50L-04,1,26.0,10.0,780.0,783.0,4.0,4.0,5.0,0.325,781.191,285.534,664.281,22.5166,21.0,1.5337,1.2068,6.7727,0.4754,0.2539,0.2706,0.4427,0.6424,4.5151,1.935,0.5084,429.6801567643077
M50L-04,1,16.0,11.0,871.0,874.0,4.0,3.0,4.0,0.3333,872.196,1138.855,871.11,20.5545,27.0,1.6941,0.2675,8.7054,0.4457,0.1813,0.373,0.7478,0.1125,4.8364,1.7733,0.7804,454.9018774691967
M50L-04,1,15.0,5.0,1517.0,1519.0,3.0,4.0,4.0,0.3125,1517.964,552.203,267.883,16.2227,22.0,1.6751,0.2369,7.0166,0.4052,0.2071,0.3877,0.4945,0.4911,3.5083,0.9568,0.4416,472.630304675864
M50L-04,1,10.0,4.0,1773.0,1775.0,3.0,3.0,3.0,0.3704,1773.942,270.367,1082.792,12.1382,16.0,1.3333,0.4257,5.1179,0.4473,0.2507,0.302,0.8507,0.4558,3.6784,1.2793,0.4917,576.7128877985995
M50L-04,1,10.0,4.0,1801.0,1803.0,3.0,2.0,3.0,0.5556,1802.058,1178.261,725.072,13.9924,20.0,1.4493,0.2769,6.4127,0.3714,0.3775,0.2511,0.4305,0.075,4.6491,1.4428,0.587,465.9306432345913
M50L-04,1,24.0,16.0,2654.0,2657.0,4.0,4.0,4.0,0.375,2655.673,634.04,854.003,25.1508,29.0,1.866,0.3296,9.5797,0.4469,0.186,0.3671,0.4485,0.8208,5.2853,1.9819,0.7641,161.7994765411805
M50L-04,1,10.0,3.0,2947.0,2948.0,2.0,2.0,4.0,0.625,2947.471,335.273,440.372,12.6395,16.0,1.3223,0.6592,5.2853,0.6147,0.1349,0.2505,0.1511,0.594,4.1291,1.3213,0.4793,465.13853625882257
M50L-04,1,15.0,12.0,3020.0,3022.0,3.0,4.0,3.0,0.4167,3021.125,802.657,440.354,23.858,34.0,1.8214,0.5081,11.2202,0.2661,0.2918,0.4421,0.449,0.1242,5.7751,1.98,0.8893,286.69100084411446
M50L-04,1,18.0,13.0,3288.0,3291.0,4.0,4.0,4.0,0.2812,3289.471,150.334,854.505,25.6167,32.0,1.7508,0.8038,10.5709,0.319,0.1619,0.5191,0.8156,0.1272,5.1203,1.9821,0.8298,579.8241384945956
M50L-04,1,11.0,4.0,3312.0,3314.0,3.0,2.0,4.0,0.4583,3312.699,1251.729,883.684,13.2516,16.0,1.3233,1.0151,5.2872,0.6976,0.1314,0.1711,0.3161,0.3837,3.9654,0.9914,0.4436,565.7489516534697
M50L-04,0,11.0,4.0,3527.0,3529.0,3.0,4.0,4.0,0.2292,3527.829,635.414,777.393,13.9759,15.0,1.1786,1.4778,4.9664,0.812,0.0967,0.0914,0.084,0.4628,4.6353,1.9866,0.6929,100.7638469144564
M50L-04,0,12.0,6.0,3527.0,3529.0,3.0,5.0,3.0,0.2667,3527.91,745.759,800.47,15.866,23.0,1.6627,0.9302,7.6151,0.7422,0.0753,0.1825,0.0089,0.8369,4.4697,1.6555,0.6084,94.04723271314263
M50L-04,0,26.0,12.0,3527.0,3529.0,3.0,7.0,4.0,0.3095,3528.283,721.394,805.425,23.3757,25.0,1.8056,0.8818,8.2773,0.4998,0.3331,0.1671,0.0643,0.9039,4.6353,0.9933,0.6361,93.34965913703162
M50L-04,0,18.0,10.0,3527.0,3529.0,3.0,9.0,2.0,0.3333,3528.292,695.738,804.962,20.2902,22.0,1.5231,1.7633,7.284,0.9173,0.0593,0.0234,0.014,0.0357,4.1386,0.9933,0.6769,93.96906984747692
M50L-04,0,23.0,9.0,3527.0,3529.0,3.0,9.0,3.0,0.284,3528.297,686.827,803.391,22.7824,23.0,1.603,1.9965,7.6151,0.9104,0.048,0.0417,0.0328,0.1486,4.3042,0.9933,0.7091,94.44721705799483
M50L-04,0,18.0,12.0,3528.0,3529.0,2.0,8.0,3.0,0.375,3528.392,706.984,805.759,19.1196,21.0,1.5429,2.0363,6.9529,0.9384,0.0159,0.0457,0.0087,0.7083,4.1387,1.1588,0.7306,93.42198529789442
M50L-04,1,18.0,11.0,3711.0,3713.0,3.0,4.0,3.0,0.5,3711.759,852.33,581.048,21.2052,31.0,2.0667,0.411,10.3295,0.2944,0.249,0.4566,0.2863,0.5718,4.665,1.666,0.7259,191.91679760771336
M50L-04,1,15.0,5.0,3823.0,3825.0,3.0,4.0,3.0,0.4167,3824.339,786.911,1078.927,16.6648,22.0,1.7187,0.6713,7.3966,0.5531,0.148,0.299,0.4602,0.7226,3.6984,1.3442,0.4583,373.9060620663964
M50L-05,0,19.0,4.0,200.0,202.0,3.0,4.0,7.0,0.2262,200.403,799.248,647.686,21.3557,21.0,1.7655,2.9888,8.6533,0.9109,0.0373,0.0518,0.0676,0.17,3.7086,1.2364,0.6239,108.28698028849084
M50L-05,1,12.0,5.0,1123.0,1125.0,3.0,4.0,3.0,0.3333,1123.637,486.253,790.829,14.9675,17.0,1.3973,0.4747,6.0372,0.3954,0.373,0.2315,0.6433,0.7645,4.4392,2.1307,0.6027,239.4225078182918
M50L-05,1,65.0,49.0,1719.0,1724.0,6.0,8.0,5.0,0.2708,1721.541,510.535,1109.186,63.9501,72.0,3.2077,0.7288,25.4433,0.7018,0.0145,0.2837,0.223,0.7582,5.3008,1.7669,0.8897,445.1400272060466
M50L-05,1,10.0,3.0,1979.0,1981.0,3.0,3.0,2.0,0.5556,1980.3,784.39,825.37,11.4061,12.0,1.2,0.6156,4.3285,0.0188,0.45,0.5312,0.4472,0.3651,3.9678,1.4428,0.36,133.82006202359943
M50L-05,0,15.0,3.0,2299.0,2300.0,2.0,4.0,5.0,0.375,2299.515,451.816,1273.84,15.2919,15.0,1.3804,1.3011,5.4501,0.5658,0.2735,0.1608,0.1555,0.9622,3.6334,1.4535,0.4049,618.9173963106869
M50L-05,1,18.0,9.0,2895.0,2898.0,4.0,4.0,4.0,0.2812,2896.8,742.349,1260.396,20.2056,25.0,1.9149,0.5642,9.1198,0.3482,0.2556,0.3962,0.6606,0.7434,3.6478,0.912,0.617,548.7084741618266
M50L-05,1,25.0,13.0,3242.0,3245.0,4.0,5.0,5.0,0.25,3243.808,168.177,587.028,25.9088,30.0,2.1127,0.2626,10.9474,0.2998,0.3544,0.3458,0.2353,0.5893,4.1964,1.0947,0.6845,558.5971277342911
M50L-05,1,22.0,16.0,3308.0,3310.0,3.0,4.0,3.0,0.6111,3308.958,889.254,865.175,25.7633,29.0,1.9275,0.3113,10.5873,0.3896,0.0865,0.5239,0.1961,0.4948,5.1111,1.4603,0.8278,233.5629083159396
M50L-05,0,22.0,6.0,3526.0,3527.0,2.0,9.0,5.0,0.2444,3526.681,752.273,798.381,20.3091,20.0,1.6923,4.0324,7.3275,0.9461,0.0194,0.0345,0.0161,0.8962,4.3965,1.4655,0.55,94.64374089183076
M50L-05,0,14.0,8.0,3526.0,3528.0,3.0,4.0,4.0,0.2917,3526.819,761.542,791.78,17.3316,18.0,1.4237,1.5394,6.5947,0.6553,0.2117,0.1331,0.2745,0.9547,4.3965,1.0992,0.678,93.22250889136164
M50L-05,0,11.0,3.0,3526.0,3528.0,3.0,2.0,4.0,0.4583,3527.101,767.565,787.58,15.2446,18.0,1.4348,0.6132,6.5948,0.6996,0.1646,0.1359,0.4303,0.4623,3.6639,1.0991,0.5652,93.10832736656808
M50L-05,0,15.0,3.0,3526.0,3529.0,4.0,2.0,6.0,0.3125,3527.408,773.391,781.149,16.4604,21.0,1.8103,1.123,7.694,0.8132,0.0637,0.1231,0.4028,0.2594,3.6639,0.916,0.431,91.7627325334201
M50L-05,0,11.0,7.0,3526.0,3528.0,3.0,3.0,4.0,0.3056,3527.455,782.399,768.79,15.7971,17.0,1.3077,1.3524,6.2285,0.5671,0.2328,0.2001,0.4517,0.6301,4.0302,1.4655,0.7203,89.74650021588583
M50L-05,0,38.0,15.0,3526.0,3528.0,3.0,7.0,9.0,0.2011,3527.467,778.189,774.64,30.1931,22.0,1.6457,3.8843,8.0604,0.9246,0.0407,0.0347,0.0213,0.7514,5.1293,1.4655,0.7244,90.42358277020432
M50L-05,0,31.0,11.0,3526.0,3529.0,4.0,5.0,10.0,0.155,3527.777,790.707,749.871,27.4407,21.0,1.5612,2.4027,7.694,0.9238,0.0438,0.0324,0.0326,0.7596,4.0303,2.1983,0.717,86.67713937365491
M50L-05,0,14.0,9.0,3527.0,3529.0,3.0,3.0,3.0,0.5185,3527.859,797.484,728.223,18.0175,19.0,1.4457,1.3349,6.9614,0.237,0.3535,0.4095,0.5199,0.1307,4.2135,1.0992,0.7283,86.42622857096106
M50L-05,0,18.0,9.0,3527.0,3529.0,3.0,2.0,8.0,0.375,3527.872,798.789,718.748,18.8261,19.0,1.5688,1.2764,6.9614,0.8778,0.057,0.0652,0.028,0.4465,4.5798,2.1982,0.6055,86.51490637456645
M50L-05,0,21.0,5.0,3527.0,3529.0,3.0,4.0,7.0,0.25,3528.008,793.654,740.955,19.4284,17.0,1.4691,2.1474,6.2286,0.8482,0.0942,0.0576,0.0448,0.5369,3.2975,1.0991,0.5062,85.9980159131593
M50L-05,0,28.0,3.0,3526.0,3529.0,4.0,4.0,6.0,0.2917,3528.035,795.75,733.266,21.8801,17.0,1.5063,1.2907,6.2286,0.5873,0.2908,0.1219,0.1484,0.8158,4.3966,0.7328,0.3956,85.80086978580111
M50L-05,1,24.0,16.0,3707.0,3710.0,4.0,6.0,3.0,0.3333,3709.019,636.865,330.306,27.2752,34.0,2.2479,0.3348,12.5154,0.431,0.3016,0.2673,0.4284,0.6339,5.5217,0.7363,0.7851,389.6060919197748
M50L-06,0,32.0,5.0,200.0,203.0,4.0,5.0,9.0,0.1778,201.06,625.537,713.943,24.139,19.0,1.6477,3.5817,7.0354,0.8552,0.1142,0.0306,0.1785,0.1188,4.8093,2.5887,0.4715,86.97497121586183
M50L-06,1,10.0,4.0,945.0,946.0,2.0,4.0,3.0,0.4167,945.75,185.823,539.468,12.5796,18.0,1.4516,0.6142,5.7745,0.4223,0.3085,0.2693,0.1603,0.922,3.2081,0.9624,0.5,554.3723796808423
M50L-06,1,15.0,9.0,950.0,953.0,4.0,4.0,2.0,0.4688,951.684,284.235,806.551,19.3761,23.0,1.4744,1.1198,7.3764,0.4342,0.3082,0.2576,0.5412,0.3246,4.8107,1.4432,0.7222,438.47063849931845
M50L-06,1,11.0,6.0,1098.0,1100.0,3.0,3.0,3.0,0.4074,1098.727,513.212,867.77,15.9162,22.0,1.4667,0.4152,7.0384,0.5391,0.1077,0.3531,0.5492,0.8138,5.4388,1.5996,0.6545,252.63507247411235
M50L-06,1,23.0,10.0,1108.0,1112.0,5.0,5.0,4.0,0.23,1109.794,469.725,245.493,23.0152,23.0,1.5333,0.9744,7.3585,0.5366,0.2373,0.2262,0.5968,0.1948,4.4791,1.9196,0.6,526.3413708554554
M50L-06,1,16.0,7.0,1449.0,1451.0,3.0,4.0,3.0,0.4444,1449.9,624.442,1118.016,19.9552,27.0,1.7211,0.4536,8.5863,0.1013,0.4912,0.4074,0.257,0.5304,4.4522,1.9081,0.6255,414.9667909845317
M50L-06,1,25.0,15.0,1682.0,1685.0,4.0,3.0,4.0,0.5208,1683.709,934.128,1044.797,25.4053,29.0,1.817,0.3769,9.2325,0.2398,0.1482,0.6119,0.4159,0.1727,4.9346,1.1143,0.7243,399.4249198447689
M50L-06,1,10.0,5.0,1686.0,1688.0,3.0,3.0,2.0,0.5556,1687.107,566.992,817.527,13.1883,21.0,1.6031,0.4853,6.6855,0.6384,0.0538,0.3077,0.625,0.4103,4.2978,1.9102,0.6107,179.45263662872168
M50L-06,1,16.0,7.0,1713.0,1716.0,4.0,4.0,3.0,0.3333,1715.0,403.56,776.052,19.742,24.0,1.5484,0.4426,7.6422,0.6655,0.0763,0.2582,0.6798,0.7328,3.9803,0.9553,0.6089,315.4089096775803
M50L-06,1,19.0,8.0,1741.0,1743.0,3.0,3.0,5.0,0.4222,1742.023,565.332,639.823,19.3694,22.0,1.5774,0.8874,7.0092,0.5898,0.1322,0.278,0.1237,0.0101,4.4604,1.2744,0.5774,164.13520814560172
M50L-06,1,10.0,7.0,1918.0,1920.0,3.0,2.0,3.0,0.5556,1919.179,795.633,469.24,20.0051,29.0,1.4796,0.9312,9.3611,0.3195,0.1788,0.5017,0.9056,0.2227,6.4551,1.1295,0.8163,257.07299214230966
M50L-06,1,29.0,20.0,2739.0,2742.0,4.0,4.0,4.0,0.4531,2740.533,891.719,1197.658,31.306,33.0,1.8691,0.6433,10.8659,0.4135,0.0529,0.5337,0.8469,0.5209,5.1037,1.6464,0.8066,517.2018319041416
M50L-06,1,34.0,25.0,2807.0,2810.0,4.0,4.0,5.0,0.425,2808.708,730.647,1085.366,34.6327,36.0,1.9935,0.5867,11.8401,0.0493,0.458,0.4926,0.9348,0.3218,4.9335,0.9867,0.8436,373.3073366075197
M50L-06,1,10.0,4.0,2832.0,2834.0,3.0,4.0,3.0,0.2778,2833.163,1284.333,640.096,14.0246,22.0,1.6296,0.3833,7.2274,0.4956,0.314,0.1904,0.7487,0.509,3.6138,1.314,0.5037,576.3985765986936
M50L-06,1,12.0,7.0,2974.0,2977.0,4.0,2.0,3.0,0.5,2975.606,599.683,1068.933,17.0803,26.0,1.7333,0.5102,8.5465,0.2551,0.3957,0.3492,0.5063,0.111,4.6019,1.8079,0.6944,373.8611493295338
M50L-06,1,38.0,33.0,3731.0,3734.0,4.0,5.0,6.0,0.3167,3732.419,1261.834,782.809,49.9905,61.0,2.4952,0.489,20.2343,0.3182,0.1125,0.5693,0.5428,0.7882,6.6343,0.9952,0.9408,553.8151307403944
M50L-06,1,20.0,17.0,3814.0,3816.0,3.0,3.0,4.0,0.5556,3815.103,705.778,591.082,24.5688,29.0,1.7629,0.7892,9.6849,0.3521,0.1577,0.4902,0.5247,0.6378,5.3427,1.5032,0.9149,121.6039308904116
M50L-07,0,10.0,8.0,809.0,812.0,4.0,2.0,2.0,0.625,810.377,725.435,795.182,15.1476,20.0,1.2987,0.8607,6.2208,0.7362,0.1243,0.1395,0.9842,0.0947,4.3546,0.7776,0.8442,83.68767740235118
M50L-07,0,22.0,10.0,858.0,862.0,5.0,7.0,3.0,0.2095,860.189,731.186,792.848,19.6169,19.0,1.4122,1.8304,5.9062,0.7364,0.2017,0.0619,0.2315,0.0439,4.352,1.5542,0.5338,82.49222811877489
M50L-07,0,12.0,4.0,876.0,880.0,5.0,3.0,3.0,0.2667,877.894,756.73,785.534,16.9549,22.0,1.3968,1.2448,6.8368,0.6341,0.2543,0.1116,0.8376,0.0917,5.1276,1.3984,0.6984,85.38300800510602
M50L-07,0,15.0,7.0,887.0,891.0,5.0,3.0,4.0,0.25,889.465,750.221,788.373,17.4075,21.0,1.4516,0.6885,6.5243,0.8477,0.0284,0.1239,0.7198,0.4778,4.3494,0.9321,0.6221,84.73243753132567
M50L-07,1,15.0,7.0,1451.0,1453.0,3.0,3.0,4.0,0.4167,1452.127,406.807,755.855,17.5517,25.0,1.6447,0.2727,7.4537,0.372,0.3898,0.2382,0.3077,0.5841,4.4722,1.7888,0.5614,308.75211136767956
M50L-07,1,12.0,6.0,1897.0,1899.0,3.0,3.0,3.0,0.4444,1897.783,165.892,789.283,14.8615,19.0,1.3735,0.3728,5.8929,0.5042,0.1947,0.3011,0.6402,0.7546,4.1864,1.2412,0.5904,551.9745779952189
M50L-07,1,17.0,13.0,2093.0,2095.0,3.0,4.0,3.0,0.4722,2093.692,663.508,437.639,23.4087,27.0,1.5049,0.6833,8.5441,0.5569,0.1287,0.3144,0.4301,0.8979,6.0124,1.5823,0.8426,279.1930969508379
M50L-07,0,22.0,11.0,2291.0,2295.0,5.0,4.0,6.0,0.1833,2293.415,434.752,1266.676,21.5728,23.0,1.5912,1.0928,7.3182,0.716,0.1765,0.1074,0.5715,0.7215,5.2499,1.9091,0.6101,619.8830458078362
M50L-07,1,19.0,14.0,2351.0,2353.0,3.0,4.0,3.0,0.5278,2351.868,204.982,796.859,24.3737,33.0,1.8772,0.1936,10.4969,0.4055,0.1757,0.4187,0.3851,0.5962,5.4074,1.2724,0.8323,514.4812544738633
M50L-07,1,15.0,8.0,2533.0,2535.0,3.0,5.0,3.0,0.3333,2534.219,771.173,312.684,16.0801,17.0,1.301,0.7387,5.4017,0.6856,0.0394,0.2749,0.2443,0.3929,4.7662,1.271,0.6071,404.0981994330091
M50L-07,1,11.0,8.0,2775.0,2776.0,2.0,4.0,4.0,0.3438,2775.414,1081.107,409.686,16.1423,21.0,1.3669,0.8087,6.6526,0.6853,0.1618,0.1529,0.2589,0.9452,5.0686,1.4255,0.8047,477.040290798377
M50L-07,1,33.0,20.0,2966.0,2968.0,3.0,6.0,5.0,0.3667,2967.058,1268.778,683.957,33.3844,44.0,2.404,0.2333,13.9706,0.2162,0.3894,0.3944,0.075,0.9633,5.7153,1.5876,0.7699,557.0097989559969
M50L-07,1,16.0,4.0,3029.0,3031.0,3.0,3.0,4.0,0.4444,3029.824,867.935,1217.551,17.136,23.0,1.7037,0.582,7.2987,0.2904,0.3609,0.3486,0.7306,0.6769,3.1733,0.6347,0.4537,528.4283790884058
M50L-07,1,20.0,14.0,3189.0,3192.0,4.0,4.0,3.0,0.4167,3190.299,688.565,1120.601,21.8673,28.0,1.8182,0.7536,8.8904,0.1097,0.4743,0.416,0.9616,0.2128,4.9215,1.5875,0.7825,408.8022876966322
M50L-07,1,24.0,14.0,3369.0,3372.0,4.0,4.0,4.0,0.375,3370.235,895.799,563.894,24.5706,29.0,1.8364,1.1117,9.2103,0.3276,0.2461,0.4263,0.3913,0.9111,4.764,0.9528,0.6966,235.97090209811884
M50L-07,1,17.0,3.0,3407.0,3410.0,4.0,5.0,3.0,0.2833,3408.683,736.441,344.361,17.4831,18.0,1.348,0.8383,5.716,0.7613,0.1207,0.1179,0.6292,0.4676,4.4457,0.9527,0.4141,368.91665020977297
M50L-07,0,21.0,8.0,3586.0,3588.0,3.0,9.0,3.0,0.2593,3587.109,663.507,794.007,19.1126,19.0,1.4562,0.519,6.0734,0.8488,0.0914,0.0599,0.0647,0.7893,4.1557,1.2786,0.4745,95.0983969265518
M50L-07,0,18.0,8.0,3586.0,3588.0,3.0,4.0,3.0,0.5,3587.336,721.0,794.35,20.6442,23.0,1.5109,1.365,7.3524,0.5393,0.0503,0.4103,0.0324,0.8227,4.4749,0.9589,0.6679,82.29017256027602
M50L-07,0,58.0,9.0,3586.0,3588.0,3.0,20.0,4.0,0.2417,3587.369,707.929,796.952,35.6352,24.0,1.6396,9.1279,7.6716,0.9802,0.0095,0.0104,0.0114,0.4244,3.9957,0.9591,0.6042,84.57561318134205
M50L-07,0,32.0,19.0,3586.0,3589.0,4.0,11.0,3.0,0.2424,3587.463,691.579,798.744,29.5539,26.0,1.5908,3.4721,8.3114,0.9273,0.0296,0.0431,0.0197,0.4167,5.9137,0.9592,0.7361,88.74522960137072
M50L-07,0,13.0,6.0,3586.0,3588.0,3.0,7.0,1.0,0.619,3587.47,681.24,798.0,19.2387,27.0,1.6175,2.3015,8.6311,0.8565,0.1188,0.0247,0.0225,0.0,4.1555,0.7993,0.8433,91.0353645568578
M50L-07,0,11.0,5.0,3587.0,3588.0,2.0,3.0,3.0,0.6111,3587.611,758.197,778.006,15.132,20.0,1.4013,1.009,6.3934,0.3022,0.3034,0.3944,0.0242,0.9516,3.5164,1.2785,0.5732,79.87021876143821
M50L-07,0,24.0,6.0,3586.0,3589.0,4.0,8.0,5.0,0.15,3587.633,739.155,788.464,24.3386,26.0,1.6729,2.9507,8.3109,0.8272,0.1073,0.0656,0.0612,0.8191,4.3155,1.758,0.681,80.50477203868108
M50L-07,0,17.0,8.0,3587.0,3589.0,3.0,3.0,6.0,0.3148,3588.258,794.415,726.379,19.2281,23.0,1.5766,0.743,7.3524,0.5695,0.2399,0.1906,0.291,0.7353,4.1559,1.2786,0.6411,83.08245221465238
M50L-07,0,16.0,7.0,3587.0,3589.0,3.0,2.0,5.0,0.5333,3588.285,792.415,733.079,22.1376,29.0,1.6751,1.9855,9.2704,0.7155,0.1488,0.1356,0.1134,0.2765,4.7954,0.7992,0.787,82.5221331886179
M50L-07,1,14.0,8.0,3740.0,3742.0,3.0,4.0,3.0,0.3889,3741.065,529.27,1255.58,17.1667,22.0,1.54,0.6431,7.0655,0.4549,0.099,0.4461,0.5312,0.463,4.8172,1.927,0.655,573.1571506140352
M50L-08,0,13.0,3.0,200.0,203.0,4.0,2.0,5.0,0.325,200.649,638.62,740.468,15.1642,21.0,1.5965,1.7069,6.7145,0.5838,0.327,0.0892,0.3444,0.0815,4.1566,1.5987,0.4971,78.99660387636925
M50L-08,0,12.0,3.0,200.0,202.0,3.0,5.0,2.0,0.4,200.805,689.208,620.063,14.6758,18.0,1.3585,0.2916,5.7553,0.5073,0.3953,0.0974,0.1669,0.172,3.0375,0.9592,0.5283,95.32636693486228
M50L-08,0,11.0,3.0,200.0,203.0,4.0,2.0,4.0,0.3438,201.056,645.469,768.427,13.7859,18.0,1.3846,0.7838,5.7553,0.6245,0.2696,0.106,0.5804,0.087,3.8369,1.4388,0.5315,87.29824906606085
M50L-08,1,11.0,4.0,550.0,553.0,4.0,3.0,2.0,0.4583,551.39,1023.573,485.39,14.4672,18.0,1.2073,0.7957,5.2664,0.5225,0.2913,0.1861,0.9381,0.1144,4.3887,1.1703,0.5366,385.15628442101263
M50L-08,1,14.0,10.0,669.0,673.0,5.0,3.0,3.0,0.3111,671.091,517.214,1075.932,17.1068,23.0,1.4636,0.9363,6.6916,0.5945,0.2193,0.1862,0.843,0.5067,4.6552,1.4547,0.8364,412.5765873386419
M50L-08,1,12.0,7.0,955.0,958.0,4.0,3.0,2.0,0.5,956.557,292.986,673.717,18.2775,28.0,1.5342,1.1176,8.095,0.2944,0.3923,0.3133,0.6478,0.106,5.204,1.7347,0.7032,421.30288069867265
M50L-08,0,17.0,3.0,1285.0,1288.0,4.0,5.0,4.0,0.2125,1286.444,625.028,664.607,17.6064,20.0,1.3492,1.2294,5.7613,0.6383,0.2613,0.1004,0.281,0.1728,4.8972,2.0165,0.5556,99.725073241387
M50L-08,1,26.0,14.0,1586.0,1591.0,6.0,4.0,5.0,0.2167,1588.678,1280.413,817.658,22.2561,23.0,1.5139,0.9603,6.6081,0.7899,0.041,0.1691,0.7104,0.7013,4.5969,1.1492,0.6582,577.566775821636
M50L-08,1,32.0,24.0,1691.0,1694.0,4.0,3.0,4.0,0.6667,1692.292,430.97,1060.759,32.0508,40.0,2.0285,0.3794,11.4931,0.2474,0.2045,0.5481,0.5633,0.3756,5.3159,1.724,0.8447,447.82080342587926
M50L-08,1,21.0,5.0,1788.0,1791.0,4.0,4.0,5.0,0.2625,1789.312,1163.076,967.477,19.1811,25.0,1.727,0.614,7.2284,0.6301,0.1889,0.181,0.0844,0.0679,4.337,1.7348,0.4934,517.718072221745
M50L-08,1,20.0,6.0,2666.0,2669.0,4.0,4.0,3.0,0.4167,2667.327,1049.942,279.532,19.285,24.0,1.7266,0.6276,7.4456,0.2905,0.3935,0.3159,0.7875,0.437,4.1882,1.5512,0.4209,548.9338688658225
M50L-08,1,20.0,8.0,2687.0,2690.0,4.0,6.0,3.0,0.2778,2688.671,795.161,443.308,19.8408,22.0,1.5385,1.2783,6.8255,0.6508,0.0785,0.2707,0.0911,0.0096,4.1883,1.8615,0.535,281.5975386699962
M50L-08,1,12.0,8.0,2698.0,2700.0,3.0,2.0,3.0,0.6667,2698.832,1261.411,605.611,16.571,22.0,1.427,0.7549,6.8264,0.1842,0.4239,0.392,0.6726,0.0816,5.1198,1.086,0.7622,559.2213731984857
M50L-08,1,22.0,13.0,2806.0,2808.0,3.0,4.0,4.0,0.4583,2807.088,618.239,811.577,25.5459,35.0,2.0,0.4941,10.8928,0.2946,0.2713,0.4341,0.3791,0.7097,5.2906,1.7118,0.7377,136.75301843103864
M50L-08,1,18.0,11.0,2878.0,2881.0,4.0,4.0,3.0,0.375,2879.371,624.553,113.14,19.3015,22.0,1.5,0.6806,6.8241,0.3861,0.1389,0.475,0.6939,0.4792,4.6528,1.5509,0.7083,605.7780818162704
M50L-08,1,14.0,5.0,3301.0,3305.0,5.0,3.0,4.0,0.2333,3302.738,802.937,955.455,15.8716,24.0,1.7592,0.9195,7.4622,0.6926,0.1978,0.1096,0.7319,0.2451,4.1974,0.9327,0.4764,259.2411676296803
M50L-08,1,12.0,6.0,3478.0,3480.0,3.0,2.0,3.0,0.6667,3478.96,231.402,677.649,15.6057,20.0,1.3793,0.6941,6.2138,0.5309,0.1008,0.3683,0.8945,0.2,4.6603,1.5535,0.6034,482.3586609619444
M50L-08,0,28.0,14.0,3573.0,3576.0,4.0,6.0,6.0,0.1944,3574.531,724.325,605.634,24.6379,31.0,2.0766,0.678,9.669,0.6928,0.1675,0.1397,0.3073,0.8563,4.5223,0.9357,0.6292,107.5182430148484
M50L-08,0,25.0,15.0,3574.0,3576.0,3.0,3.0,6.0,0.463,3574.807,629.524,712.641,22.9558,23.0,1.5625,2.424,7.1738,0.727,0.086,0.187,0.1023,0.6561,4.9901,1.2474,0.6821,82.97611979961464
M50L-08,0,18.0,7.0,3574.0,3576.0,3.0,9.0,2.0,0.3333,3574.943,709.34,608.046,19.2612,27.0,1.855,3.3405,8.4214,0.9273,0.0539,0.0188,0.1507,0.0829,4.3666,1.2474,0.5191,104.5017880995344
M50L-08,0,41.0,5.0,3574.0,3577.0,4.0,5.0,11.0,0.1864,3575.064,630.609,722.127,28.3012,26.0,1.8348,4.8887,8.11,0.9097,0.0441,0.0461,0.0486,0.8229,4.3665,1.8713,0.4768,82.45492714204526
M50L-08,0,16.0,8.0,3574.0,3576.0,3.0,6.0,2.0,0.4444,3575.262,688.056,612.444,19.3383,25.0,1.6129,2.1465,7.7976,0.7218,0.2071,0.0712,0.1345,0.2281,4.2108,0.9358,0.7621,102.99860325266556
M50L-08,0,11.0,3.0,3574.0,3576.0,3.0,4.0,2.0,0.4583,3575.292,683.447,614.516,15.1411,23.0,1.5714,0.8103,7.1738,0.5529,0.3456,0.1014,0.1593,0.1731,3.743,0.9356,0.559,102.2004944459664
M50L-09,0,11.0,3.0,200.0,201.0,2.0,1.0,7.0,0.7857,200.315,615.0,735.268,14.1427,16.0,1.3858,2.7504,5.9102,0.9338,0.0482,0.0179,0.04,0.0,3.3248,0.9237,0.4331,100.12308337241718
M50L-09,0,14.0,3.0,200.0,202.0,3.0,1.0,7.0,0.6667,200.556,613.0,716.275,16.8777,19.0,1.5556,1.8124,7.0184,0.8734,0.1084,0.0183,0.0732,0.0,3.3246,0.5543,0.5263,99.57158542978011
M50L-09,0,12.0,7.0,200.0,202.0,3.0,1.0,5.0,0.8,200.762,614.0,724.351,16.0964,18.0,1.4305,0.8386,6.649,0.6811,0.2781,0.0408,0.2254,0.0,3.6918,0.7382,0.6689,99.21036337500232
M50L-09,0,12.0,5.0,877.0,880.0,4.0,4.0,3.0,0.25,878.599,628.675,773.713,14.5975,17.0,1.2994,0.739,5.4754,0.5413,0.2784,0.1803,0.5352,0.4621,4.5092,1.2883,0.5924,103.79625231192118
M50L-09,1,46.0,18.0,909.0,912.0,4.0,7.0,6.0,0.2738,910.403,495.317,599.528,33.5772,36.0,2.3423,0.8245,11.5959,0.2844,0.3988,0.3168,0.3183,0.9011,4.5095,0.9663,0.5926,244.80835008839057
M50L-09,1,17.0,11.0,1132.0,1135.0,4.0,3.0,2.0,0.7083,1134.026,1050.179,1000.566,21.2928,27.0,1.6752,0.4704,8.6511,0.3601,0.2999,0.34,0.9281,0.1105,5.1266,1.6021,0.7445,443.8571024519041
M50L-09,1,10.0,3.0,1248.0,1250.0,3.0,3.0,3.0,0.3704,1248.862,1281.976,883.415,12.4513,19.0,1.5447,0.4377,6.0822,0.4439,0.2401,0.316,0.3654,0.6932,3.8415,0.9604,0.3902,594.5711494859132
M50L-09,1,10.0,5.0,1362.0,1364.0,3.0,3.0,2.0,0.5556,1363.166,531.921,807.464,15.2694,24.0,1.5894,0.4986,7.6746,0.2704,0.5206,0.209,0.5606,0.1382,4.7967,2.0785,0.5894,204.0268034768961
M50L-09,1,12.0,4.0,1539.0,1541.0,3.0,3.0,3.0,0.4444,1539.857,628.552,823.305,14.2281,17.0,1.3247,0.6467,5.4409,0.3061,0.3519,0.342,0.6457,0.6243,4.4806,1.6002,0.4805,139.0144407210991
M50L-09,1,10.0,4.0,1602.0,1604.0,3.0,2.0,3.0,0.5556,1602.94,1075.284,841.075,13.5373,20.0,1.4925,0.2993,6.3893,0.5106,0.1404,0.3489,0.6931,0.14,4.4725,0.9584,0.4701,384.89448070997344
M50L-09,1,14.0,5.0,1758.0,1760.0,3.0,3.0,4.0,0.3889,1759.031,327.216,1026.521,16.5762,24.0,1.732,0.5647,7.6729,0.2446,0.1498,0.6056,0.397,0.1757,4.1562,1.2788,0.4742,497.0442124167628
M50L-09,1,10.0,4.0,1933.0,1935.0,3.0,2.0,4.0,0.4167,1934.296,210.584,415.592,12.8603,16.0,1.28,0.7715,5.2053,0.4852,0.2088,0.306,0.5007,0.5045,4.2295,0.9762,0.472,583.158667533974
M50L-09,1,27.0,15.0,2761.0,2764.0,4.0,3.0,6.0,0.375,2762.751,393.247,1010.41,27.6077,31.0,1.9286,0.9887,10.2466,0.4174,0.2901,0.2925,0.2982,0.4115,5.6193,1.6526,0.7028,436.66101968117096
M50L-09,1,13.0,6.0,2821.0,2823.0,3.0,4.0,3.0,0.3611,2822.228,976.455,239.15,15.2926,18.0,1.4012,0.5304,5.943,0.5956,0.2129,0.1915,0.3499,0.387,4.2923,1.3206,0.5269,541.9709074526049
M50L-09,1,22.0,12.0,3074.0,3077.0,4.0,4.0,5.0,0.275,3075.487,947.389,1153.287,25.0034,29.0,1.7972,0.6864,9.5804,0.5408,0.2136,0.2455,0.2244,0.0511,4.4598,1.817,0.7014,499.46573625224784
M50L-09,1,41.0,34.0,3094.0,3097.0,4.0,5.0,5.0,0.41,3095.61,1078.413,703.558,43.94,47.0,2.2617,0.72,15.5205,0.0819,0.1777,0.7403,0.2975,0.9166,5.2836,1.6511,0.912,366.022243768053
M50L-09,1,15.0,7.0,3209.0,3211.0,3.0,5.0,3.0,0.3333,3210.455,462.756,1137.761,18.1848,26.0,1.831,0.5695,8.597,0.5011,0.1479,0.3509,0.0474,0.8479,3.8025,0.8266,0.6573,493.1723670857888
M50L-09,0,143.0,61.0,3593.0,3596.0,4.0,7.0,31.0,0.1647,3594.469,622.308,689.878,57.546,29.0,1.9909,10.3952,9.5808,0.9793,0.0136,0.0072,0.051,0.979,5.2859,1.9821,0.7105,92.98576099597184
M50L-09,0,10.0,3.0,3593.0,3595.0,3.0,4.0,2.0,0.4167,3594.481,708.481,796.725,13.6857,20.0,1.5267,1.5931,6.6074,0.5089,0.2887,0.2024,0.0925,0.3657,3.634,1.1563,0.5038,84.32083364151474
M50L-09,0,10.0,7.0,3594.0,3596.0,3.0,4.0,2.0,0.4167,3595.168,691.242,793.859,15.5666,26.0,1.745,1.2608,8.5897,0.6703,0.1886,0.1411,0.013,0.1696,4.9557,1.6519,0.7852,84.09036475720633
M50L-09,0,13.0,4.0,3595.0,3597.0,3.0,3.0,4.0,0.3611,3596.064,626.738,734.807,17.1354,28.0,1.9465,1.2226,9.2508,0.6255,0.2277,0.1468,0.3202,0.2215,4.295,0.8261,0.6631,88.61559057524805
M50L-09,1,23.0,17.0,3727.0,3730.0,4.0,4.0,4.0,0.3594,3728.374,519.754,982.959,28.7285,31.0,1.7222,0.4501,10.3165,0.2545,0.2065,0.539,0.7478,0.6463,5.9902,1.9966,0.843,332.1130698978888
M50L-09,1,11.0,7.0,3733.0,3735.0,3.0,3.0,2.0,0.6111,3734.425,493.822,1190.63,14.6535,15.0,1.1301,0.5906,4.9933,0.2406,0.3479,0.4115,0.2619,0.1674,4.6603,1.6644,0.6849,525.7645524224699
M50L-10,0,10.0,4.0,200.0,202.0,3.0,3.0,4.0,0.2778,200.361,254.361,755.271,11.9918,19.0,1.4286,0.7823,5.4142,0.332,0.4406,0.2274,0.1023,0.5876,2.1386,1.1352,0.4962,460.13117886315854
M50L-10,0,21.0,4.0,200.0,201.0,2.0,4.0,7.0,0.375,200.399,259.868,799.715,17.4846,15.0,1.121,1.9634,4.2812,0.8955,0.0367,0.0678,0.0121,0.8225,3.1376,1.1435,0.3203,460.9578979136815
M50L-10,0,22.0,5.0,200.0,202.0,3.0,3.0,7.0,0.3492,200.578,256.728,777.289,17.4525,20.0,1.5331,2.3767,5.6992,0.8257,0.0624,0.1119,0.0824,0.4337,2.8514,1.1455,0.3031,460.3539187462186
M50L-10,0,19.0,5.0,200.0,202.0,3.0,5.0,4.0,0.3167,200.611,257.861,792.635,16.4904,17.0,1.2817,1.44,4.852,0.6421,0.1497,0.2081,0.3423,0.8971,2.5646,0.8577,0.3175,461.64730969215015
M50L-10,0,18.0,5.0,200.0,202.0,3.0,4.0,3.0,0.5,200.71,254.331,759.565,16.6761,18.0,1.3065,1.0683,5.1374,0.3624,0.2289,0.4087,0.4486,0.1821,2.7113,0.5678,0.3427,460.5800112749141
M50L-10,0,16.0,3.0,200.0,202.0,3.0,2.0,4.0,0.6667,200.789,235.408,748.183,15.1933,17.0,1.277,0.495,4.852,0.506,0.2153,0.2787,0.2728,0.1327,2.8498,0.858,0.2958,478.4245530415428
M50L-10,1,11.0,4.0,626.0,628.0,3.0,2.0,3.0,0.6111,627.092,782.399,932.767,14.6527,20.0,1.3497,1.3927,5.9629,0.2967,0.4156,0.2877,0.7697,0.4909,4.174,1.4907,0.454,231.09180316488948
M50L-10,1,11.0,6.0,930.0,933.0,4.0,2.0,3.0,0.4583,931.352,227.534,991.324,15.682,26.0,1.625,0.8611,7.6831,0.4925,0.2808,0.2267,0.8882,0.3233,4.4326,1.1824,0.6534,559.4057955831348
M50L-10,1,40.0,29.0,1429.0,1432.0,4.0,5.0,5.0,0.4,1430.671,111.826,853.444,40.0164,50.0,2.3148,0.5794,14.6461,0.4351,0.1872,0.3777,0.2928,0.8216,5.4191,1.4646,0.8438,616.9882214532138
M50L-10,1,16.0,8.0,2254.0,2257.0,4.0,4.0,3.0,0.3333,2255.717,609.565,1148.498,17.4681,21.0,1.5067,1.0423,6.5797,0.4154,0.2835,0.3011,0.9172,0.3685,3.9167,0.94,0.6099,447.98422988873176
M50L-10,1,11.0,4.0,2300.0,2302.0,3.0,3.0,4.0,0.3056,2300.733,755.253,282.347,14.1994,24.0,1.76,0.8653,7.5351,0.6932,0.0955,0.2113,0.3176,0.3727,4.3954,1.5698,0.4667,432.2723937727229
M50L-10,1,25.0,17.0,2575.0,2578.0,4.0,4.0,5.0,0.3125,2576.153,525.096,578.844,26.2204,28.0,1.6787,0.2389,8.8029,0.5891,0.1528,0.258,0.589,0.8069,5.6589,2.2007,0.7818,230.18293931566689
M50L-10,1,12.0,3.0,2794.0,2796.0,3.0,3.0,3.0,0.4444,2794.855,262.062,566.29,13.1742,15.0,1.2414,0.3297,4.721,0.375,0.0838,0.5412,0.801,0.2615,3.9342,1.5737,0.3034,473.57339024062577
M50L-10,1,17.0,9.0,3526.0,3528.0,3.0,4.0,3.0,0.4722,3527.095,674.03,523.582,19.9984,28.0,1.8099,0.5902,8.7785,0.179,0.3868,0.4342,0.2914,0.3863,4.7027,0.9405,0.6426,192.795102697138
M50L-10,1,14.0,7.0,3573.0,3575.0,3.0,4.0,4.0,0.2917,3573.871,188.612,852.577,16.8643,23.0,1.602,0.5883,7.2204,0.5327,0.1153,0.352,0.1597,0.0798,4.3951,1.7266,0.5821,542.2916212454328
M50L-10,0,24.0,5.0,3574.0,3576.0,3.0,9.0,3.0,0.2963,3574.894,781.212,625.013,20.5062,28.0,2.1,3.37,8.7902,0.9304,0.0234,0.0462,0.0587,0.7315,3.7672,1.0988,0.4844,111.24438913041858
M50L-10,0,11.0,5.0,3576.0,3578.0,3.0,4.0,2.0,0.4583,3577.199,753.739,612.323,15.2398,25.0,1.7081,0.4603,7.8485,0.6209,0.2518,0.1273,0.2791,0.04,3.7673,0.4709,0.6398,108.33321951276076
M50L-10,0,11.0,4.0,3576.0,3579.0,4.0,4.0,2.0,0.3438,3577.561,749.535,610.545,17.7009,23.0,1.3529,0.948,7.2207,0.505,0.3716,0.1235,0.306,0.0867,5.337,1.0988,0.8075,108.47309919975554
M50L-10,0,46.0,23.0,3577.0,3580.0,4.0,16.0,2.0,0.3594,3578.69,718.238,603.048,35.8277,29.0,1.7235,3.8253,9.1044,0.9641,0.0296,0.0063,0.0318,0.0538,5.3371,0.9418,0.823,109.60230357068232
M50L-10,0,12.0,9.0,3578.0,3580.0,3.0,5.0,1.0,0.8,3578.753,701.961,604.0,16.1319,19.0,1.2809,2.1002,5.9649,0.6756,0.279,0.0454,0.0843,0.0,4.5522,1.2558,0.8202,109.01064407203546
M50L-10,0,26.0,7.0,3578.0,3580.0,3.0,10.0,3.0,0.2889,3578.857,691.238,605.917,25.8595,27.0,1.6714,1.9912,8.4766,0.9158,0.0377,0.0465,0.0016,0.3373,4.7092,1.2558,0.7333,108.68306460990136
M50L-10,0,17.0,5.0,3577.0,3581.0,5.0,3.0,4.0,0.2833,3579.105,622.696,682.464,18.0461,21.0,1.5063,1.499,6.5929,0.1618,0.6803,0.1579,0.6111,0.2055,3.4535,0.9418,0.443,94.6938208754932
M50L-10,0,14.0,3.0,3578.0,3580.0,3.0,5.0,4.0,0.2333,3579.291,665.153,617.921,17.033,28.0,1.931,1.2849,8.7905,0.8356,0.0442,0.1202,0.0186,0.2413,3.9244,1.5697,0.6059,105.7682639074689
M50L-10,1,10.0,3.0,3652.0,3654.0,3.0,2.0,4.0,0.4167,3653.418,621.44,618.603,14.0468,21.0,1.4894,0.8042,6.6158,0.5889,0.0688,0.3422,0.5527,0.3075,3.4653,0.6301,0.5319,130.79973321455972
M50L-10,1,46.0,32.0,3976.0,3980.0,5.0,6.0,5.0,0.3067,3977.553,1036.906,418.883,45.548,47.0,2.2976,1.0681,15.4242,0.3246,0.3542,0.3212,0.3124,0.6386,5.578,1.9693,0.8767,437.5502205747358
M50L-10,1,13.0,8.0,3978.0,3980.0,3.0,2.0,3.0,0.7222,3978.945,387.683,525.765,16.6772,20.0,1.4208,0.3983,6.5718,0.0992,0.5874,0.3134,0.0,0.0,4.5974,1.3142,0.7049,374.6679112414086
M50L-10,0,10.0,3.0,200.0,201.0,2.0,3.0,4.0,0.4167,200.182,175.803,748.629,11.8982,18.0,1.3636,0.6835,5.1293,0.5119,0.2288,0.2592,0.068,0.9835,2.4203,1.138,0.3712,537.9116790422011
M50L-10,0,10.0,4.0,200.0,201.0,2.0,3.0,3.0,0.5556,200.184,254.838,750.971,12.2588,17.0,1.25,1.3402,4.8443,0.2702,0.4364,0.2933,0.1478,0.988,2.5639,0.8549,0.4779,459.2760869945223
M50L-10,0,15.0,6.0,200.0,201.0,2.0,3.0,5.0,0.5,200.212,282.166,884.724,15.9714,22.0,1.5207,0.772,6.2691,0.6804,0.1842,0.1355,0.0559,0.9758,2.8482,1.1402,0.4931,463.5174837392868
M50L-10,0,20.0,3.0,200.0,201.0,2.0,4.0,9.0,0.2778,200.28,256.712,768.054,16.383,17.0,1.323,0.4054,4.8443,0.9277,0.0294,0.0428,0.0053,0.9987,2.9943,0.8614,0.1907,459.1611349624443
M50L-10,0,14.0,4.0,200.0,201.0,2.0,3.0,5.0,0.4667,200.298,261.845,809.779,13.7912,16.0,1.2376,0.4022,4.5593,0.5077,0.2559,0.2363,0.1013,0.9939,2.5609,0.8532,0.337,461.0348499473766
M50L-11,0,13.0,6.0,894.0,897.0,4.0,3.0,3.0,0.3611,894.9,794.07,742.985,16.1866,24.0,1.56,1.4782,7.0032,0.5895,0.073,0.3375,0.7989,0.3891,3.5017,1.4589,0.56,87.08042331661008
M50L-11,0,11.0,5.0,1265.0,1267.0,3.0,3.0,3.0,0.4074,1265.994,800.587,704.825,13.971,22.0,1.5125,0.613,6.3713,0.4171,0.185,0.3979,0.8019,0.4761,3.1856,1.1584,0.5625,88.4207283050756
M50L-11,0,10.0,4.0,1277.0,1279.0,3.0,2.0,3.0,0.5556,1278.022,799.173,714.072,12.7294,20.0,1.4388,0.9442,5.7919,0.19,0.5646,0.2454,0.7071,0.2404,4.0544,1.1584,0.4892,86.68725461681204
M50L-11,1,24.0,15.0,1759.0,1762.0,4.0,4.0,4.0,0.375,1760.738,179.429,882.295,24.4626,28.0,1.6271,0.6944,8.1249,0.4062,0.1071,0.4866,0.4909,0.5583,5.2232,1.741,0.7264,559.459590199328
M50L-11,1,22.0,10.0,1990.0,1992.0,3.0,5.0,4.0,0.3667,1991.233,1258.014,457.933,22.5683,35.0,2.1629,0.2431,10.4068,0.2862,0.2938,0.4199,0.1186,0.8192,4.4601,1.1894,0.618,601.9882737105432
M50L-11,1,16.0,6.0,3095.0,3098.0,4.0,3.0,3.0,0.4444,3096.604,1019.892,1119.263,18.6077,26.0,1.7333,0.6676,8.0634,0.2184,0.0769,0.7047,0.9215,0.0471,4.0317,1.2405,0.5042,509.84897747568345
M50L-11,1,14.0,5.0,3326.0,3329.0,4.0,4.0,4.0,0.2188,3327.401,807.771,1096.641,15.8961,23.0,1.6771,0.7898,7.125,0.469,0.3292,0.2018,0.3469,0.6312,4.182,1.7038,0.4583,395.7788161612494
M50L-11,1,10.0,7.0,3442.0,3444.0,3.0,3.0,3.0,0.3704,3442.654,683.096,1137.904,15.2994,23.0,1.4744,0.3719,7.1331,0.0938,0.225,0.6812,0.9701,0.2425,4.4969,0.9304,0.8013,426.4189939859621
M50L-11,0,10.0,4.0,3598.0,3599.0,2.0,3.0,3.0,0.5556,3598.398,739.758,785.5,12.5341,16.0,1.25,0.6837,4.9545,0.528,0.1292,0.3428,0.2406,0.9285,4.1804,0.6193,0.4688,77.9230297408924
M50L-11,0,41.0,31.0,3597.0,3601.0,5.0,3.0,15.0,0.1822,3599.475,795.806,691.025,34.2393,27.0,1.5636,5.9965,8.3608,0.9677,0.02,0.0123,0.1133,0.4375,5.8835,1.858,0.8715,86.02944415140672
M50L-11,0,15.0,9.0,3599.0,3601.0,3.0,3.0,5.0,0.3333,3599.968,794.688,704.835,17.43,26.0,1.789,1.2066,8.0512,0.6745,0.1997,0.1257,0.2567,0.5899,4.645,1.2386,0.7156,82.54465197091812
M50L-11,0,17.0,6.0,3599.0,3601.0,3.0,3.0,6.0,0.3148,3600.23,787.986,729.777,21.2544,31.0,1.8622,2.0592,9.5995,0.8124,0.11,0.0776,0.1033,0.2506,4.0256,0.7742,0.7491,77.43791658483589
M50L-11,1,22.0,10.0,3620.0,3623.0,4.0,4.0,6.0,0.2292,3621.578,1044.64,919.585,21.4849,30.0,2.0308,0.798,9.3016,0.6689,0.0878,0.2433,0.5607,0.828,4.3403,1.8603,0.5815,391.409219136443
M50L-11,1,25.0,13.0,3657.0,3659.0,3.0,5.0,5.0,0.3333,3658.174,182.715,498.464,25.333,36.0,2.2113,0.6313,11.2036,0.7549,0.0113,0.2338,0.2327,0.7326,4.9798,1.2449,0.6757,571.3873953116222
M50L-12,0,11.0,4.0,200.0,202.0,3.0,1.0,5.0,0.7333,200.695,597.0,727.695,13.6474,16.0,1.3435,1.4787,5.532,0.7273,0.2291,0.0436,0.2992,0.0,3.8,0.3481,0.4198,116.49522747735206
M50L-12,0,14.0,4.0,200.0,203.0,4.0,2.0,5.0,0.35,200.725,599.333,743.519,17.4526,21.0,1.5556,1.6477,7.254,0.6618,0.2682,0.07,0.1832,0.1803,3.4532,0.5195,0.619,117.34116178903297
M50L-12,0,15.0,6.0,864.0,867.0,4.0,2.0,4.0,0.4688,865.629,613.724,757.638,17.4226,23.0,1.4871,0.9376,6.6897,0.2415,0.5067,0.2519,0.8451,0.2057,4.3627,1.745,0.5086,108.6008159269533
M50L-12,0,13.0,3.0,929.0,932.0,4.0,2.0,4.0,0.4062,930.768,614.74,760.221,14.5816,19.0,1.3646,0.4124,5.5189,0.6353,0.2194,0.1453,0.7332,0.0143,3.4856,1.0167,0.4696,108.78562148096594
M50L-12,1,20.0,9.0,1126.0,1128.0,3.0,5.0,4.0,0.3333,1126.682,877.916,805.502,20.7622,25.0,1.5576,1.0901,7.2314,0.5751,0.1141,0.3108,0.0879,0.6249,3.7604,1.7355,0.6044,189.76781882078956
M50L-12,1,10.0,5.0,1940.0,1941.0,2.0,3.0,3.0,0.5556,1940.45,212.894,673.406,14.9158,25.0,1.5625,0.7525,7.3694,0.4593,0.216,0.3247,0.2797,0.933,4.1272,1.4737,0.6,501.1332119027834
M50L-12,1,22.0,15.0,1992.0,1995.0,4.0,4.0,5.0,0.275,1993.662,981.393,756.089,25.6158,35.0,1.9012,0.5258,10.3835,0.3647,0.0444,0.5909,0.6456,0.1541,4.3016,1.1867,0.7827,272.40309537521784
M50L-12,1,11.0,7.0,2067.0,2069.0,3.0,3.0,4.0,0.3056,2067.718,1010.121,495.264,15.637,25.0,1.5805,0.4047,7.4515,0.3709,0.4517,0.1773,0.0613,0.6681,5.0668,0.8942,0.7184,368.46945509363456
M50L-12,1,21.0,15.0,2211.0,2214.0,4.0,4.0,4.0,0.3281,2212.969,579.969,440.537,25.5006,33.0,1.7815,0.539,9.9135,0.2593,0.2474,0.4933,0.7327,0.6518,5.4085,1.2014,0.8226,302.5365090860936
M50L-12,1,20.0,10.0,2212.0,2215.0,4.0,3.0,5.0,0.3333,2213.759,557.127,258.522,20.0885,26.0,1.7391,0.5885,7.8125,0.6754,0.1256,0.199,0.454,0.3768,4.3558,1.5019,0.6288,479.8299632296841
M50L-12,1,15.0,3.0,2423.0,2427.0,5.0,4.0,3.0,0.25,2424.875,822.177,862.536,15.3659,20.0,1.5625,0.9903,6.1992,0.7608,0.1231,0.116,0.7661,0.5963,3.7196,1.2399,0.3646,185.848986074716
M50L-12,1,10.0,6.0,2579.0,2582.0,4.0,2.0,2.0,0.625,2580.987,962.727,1256.37,15.0967,25.0,1.6234,0.4599,7.75,0.6669,0.075,0.2581,0.9824,0.1857,4.65,0.93,0.7013,598.6719706391806
M50L-12,1,29.0,13.0,2850.0,2854.0,5.0,4.0,5.0,0.29,2852.65,605.502,645.962,28.771,40.0,2.32,0.6099,12.395,0.3674,0.3226,0.31,0.4944,0.0676,4.3383,1.5493,0.624,125.9995136816012
M50L-12,1,14.0,9.0,2907.0,2909.0,3.0,3.0,4.0,0.3889,2908.088,771.74,1291.502,18.8101,32.0,1.9736,0.5723,9.9215,0.4027,0.3378,0.2594,0.5505,0.7432,4.9608,1.2402,0.793,582.024650340516
M50L-12,1,16.0,7.0,3125.0,3126.0,2.0,5.0,4.0,0.4,3125.538,1126.8,668.453,16.9925,22.0,1.5644,0.6776,6.6451,0.3564,0.3478,0.2958,0.0982,0.9939,3.9279,1.6614,0.5467,416.63488597211824
M50L-12,0,10.0,7.0,3592.0,3594.0,3.0,3.0,3.0,0.3704,3593.211,670.869,794.724,19.3272,31.0,1.5578,1.1506,9.5201,0.5543,0.3108,0.1349,0.2398,0.0445,5.2209,0.9208,0.8191,92.16249962430491
M50L-12,0,41.0,3.0,3592.0,3594.0,3.0,5.0,12.0,0.2278,3593.342,623.063,720.833,24.4155,17.0,1.3694,3.0451,5.2207,0.9496,0.0118,0.0386,0.0121,0.9345,3.9935,1.2287,0.2947,89.8243611611015
M50L-12,0,20.0,9.0,3592.0,3596.0,5.0,3.0,6.0,0.2222,3593.67,617.472,711.743,20.8125,25.0,1.6502,0.6308,7.6807,0.6124,0.286,0.1016,0.1824,0.3283,4.2984,1.5357,0.5974,95.03101511085738
M50L-12,0,17.0,3.0,3593.0,3595.0,3.0,3.0,6.0,0.3148,3593.755,622.788,711.188,15.4972,19.0,1.5529,1.2309,5.8373,0.7862,0.0927,0.1211,0.1238,0.9886,3.3798,1.2283,0.2356,89.7215932092158
M50L-12,0,15.0,3.0,3593.0,3595.0,3.0,4.0,4.0,0.3125,3594.23,644.694,772.464,19.9919,28.0,1.6667,0.6583,8.6023,0.7223,0.1837,0.094,0.2214,0.0203,3.9921,0.6155,0.6706,90.517042218579
M50L-12,0,20.0,5.0,3593.0,3595.0,3.0,4.0,6.0,0.2778,3594.244,633.897,759.37,23.9779,29.0,1.6619,2.8627,8.9096,0.8402,0.0891,0.0707,0.0166,0.1915,5.5322,1.2292,0.7794,91.51627455813524
M50L-12,0,29.0,8.0,3593.0,3596.0,4.0,4.0,10.0,0.1812,3594.251,620.216,730.616,27.9576,28.0,1.6571,2.8961,8.6023,0.9132,0.0623,0.0245,0.0276,0.012,5.8349,1.8425,0.7796,94.04534072456752
M50L-12,0,16.0,6.0,3593.0,3596.0,4.0,3.0,4.0,0.3333,3594.428,639.164,766.833,20.6645,30.0,1.7844,0.4873,9.2205,0.2219,0.607,0.1711,0.2393,0.0187,3.8419,0.4605,0.6617,91.27016919563587
M50L-12,1,18.0,7.0,3605.0,3608.0,4.0,4.0,3.0,0.375,3606.31,1067.291,605.101,18.7627,24.0,1.6744,0.7554,7.4064,0.5463,0.1215,0.3322,0.5488,0.042,4.0124,1.3883,0.5078,370.6901656127391
M50L-12,1,16.0,6.0,3998.0,4000.0,3.0,2.0,4.0,0.6667,3998.903,353.56,665.179,17.2062,19.0,1.4686,0.4843,6.3178,0.2413,0.4328,0.3258,0.1615,0.2826,4.1563,1.6619,0.4734,362.045854334779
M50L-12,1,16.0,10.0,4000.0,4002.0,3.0,3.0,3.0,0.5926,4001.112,734.165,1236.786,18.6618,22.0,1.5714,0.2927,7.3305,0.3089,0.2769,0.4141,0.6038,0.6999,4.6695,1.1674,0.7188,524.7334390154682
M50L-13,0,14.0,6.0,200.0,202.0,3.0,3.0,4.0,0.3889,200.459,322.356,733.205,14.6446,19.0,1.2976,0.6157,5.0729,0.4527,0.0868,0.4604,0.1131,0.3097,2.4009,0.5339,0.4976,390.693022411458
M50L-13,0,27.0,7.0,862.0,865.0,4.0,4.0,7.0,0.2411,863.69,801.451,683.443,24.1068,29.0,1.9286,0.9356,8.9488,0.7228,0.191,0.0861,0.0325,0.1282,4.3192,1.8511,0.6084,93.57665120103415
M50L-13,0,14.0,3.0,953.0,955.0,3.0,3.0,3.0,0.5185,953.706,755.194,615.789,14.4178,15.0,1.1667,0.7617,4.4961,0.5051,0.1691,0.3258,0.5354,0.7693,4.1951,1.3484,0.25,105.71563345598416
M50L-13,1,12.0,4.0,1221.0,1222.0,2.0,3.0,3.0,0.6667,1221.438,794.391,1277.124,14.546,20.0,1.4201,0.5997,5.9631,0.2221,0.3487,0.4292,0.1064,0.9173,4.0252,1.1927,0.432,570.5316794508434
M50L-13,0,15.0,11.0,1250.0,1252.0,3.0,2.0,4.0,0.625,1251.065,808.344,704.733,19.0157,21.0,1.2753,0.4405,6.2615,0.2706,0.4366,0.2928,0.5667,0.1898,4.4726,1.1927,0.7935,96.15819582854084
M50L-13,0,32.0,11.0,1254.0,1257.0,4.0,3.0,7.0,0.381,1255.83,794.605,663.9,24.8233,25.0,1.6985,1.3659,7.4536,0.6975,0.1434,0.1591,0.2559,0.3793,4.472,1.4906,0.552,95.41064419130606
M50L-13,1,13.0,8.0,1572.0,1574.0,3.0,4.0,4.0,0.2708,1572.705,264.884,737.807,17.0578,25.0,1.57,0.7404,7.4278,0.6678,0.1706,0.1616,0.454,0.8833,5.0509,2.3769,0.7005,448.3308239514656
M50L-13,1,10.0,3.0,2224.0,2226.0,3.0,4.0,2.0,0.4167,2224.746,418.418,656.582,13.4572,17.0,1.2687,0.952,5.3988,0.8206,0.0293,0.1501,0.547,0.7751,4.6049,1.2703,0.5597,299.35104049927736
M50L-13,0,11.0,3.0,2326.0,2328.0,3.0,3.0,4.0,0.3056,2327.115,810.162,699.515,12.4824,15.0,1.2692,1.2393,4.7769,0.3225,0.3798,0.2977,0.1736,0.4087,3.1847,1.2737,0.3385,98.5214518214181
M50L-13,1,16.0,8.0,2373.0,2376.0,4.0,4.0,4.0,0.25,2374.454,837.201,922.9,18.2286,22.0,1.5371,0.5066,7.005,0.5622,0.2348,0.203,0.7463,0.6645,4.6167,1.5921,0.6114,244.57820712606423
M50L-13,1,16.0,6.0,2375.0,2377.0,3.0,4.0,3.0,0.4444,2375.991,486.204,395.292,17.1929,23.0,1.7037,0.3559,7.3229,0.4982,0.144,0.3577,0.348,0.4336,4.1391,1.9103,0.4861,389.6547123800763
M50L-13,0,10.0,3.0,2434.0,2436.0,3.0,4.0,2.0,0.4167,2435.331,1041.984,634.815,12.4885,17.0,1.371,1.0544,5.4142,0.6258,0.1554,0.2188,0.4153,0.139,4.618,1.2739,0.379,338.518338470754
M50L-13,1,27.0,10.0,2900.0,2903.0,4.0,5.0,4.0,0.3375,2901.646,613.989,600.141,22.6313,26.0,1.8973,0.3811,8.2634,0.302,0.1498,0.5483,0.6948,0.3276,3.4961,0.9535,0.4946,149.4287857208242
M50L-13,1,16.0,7.0,3077.0,3079.0,3.0,5.0,4.0,0.2667,3078.005,631.236,1065.029,16.5205,20.0,1.5385,0.2374,6.354,0.5304,0.3197,0.1499,0.5398,0.7856,4.289,2.2239,0.5192,361.77414713740944
M50L-13,0,10.0,7.0,3592.0,3593.0,2.0,3.0,3.0,0.5556,3592.58,744.031,608.605,16.3412,23.0,1.4198,0.8388,7.3364,0.5977,0.1506,0.2517,0.0816,0.5748,5.5824,1.595,0.7901,108.57428326265844
M50L-13,0,10.0,4.0,3593.0,3595.0,3.0,2.0,4.0,0.4167,3594.275,799.57,715.161,15.0315,23.0,1.5436,0.5349,7.3373,0.485,0.3334,0.1815,0.0689,0.2198,3.9876,0.6381,0.6779,87.1106527412119
M50L-13,0,19.0,6.0,3593.0,3596.0,4.0,3.0,6.0,0.2639,3594.627,797.293,721.856,19.2488,22.0,1.5894,0.9564,7.0187,0.6867,0.196,0.1173,0.2032,0.4179,3.5092,0.9572,0.4677,85.30760566913129
M50L-13,1,14.0,6.0,3645.0,3647.0,3.0,3.0,3.0,0.5185,3646.133,1030.835,735.5,16.0763,19.0,1.4149,0.543,6.0792,0.162,0.3103,0.5276,0.3978,0.1076,4.6395,1.7598,0.5904,319.16480417646306
M50L-13,1,12.0,7.0,4001.0,4002.0,2.0,3.0,3.0,0.6667,4001.497,134.47,768.074,14.5435,16.0,1.2886,0.6876,5.4123,0.2694,0.2557,0.4748,0.1448,0.9719,4.0598,1.0125,0.6644,580.6954024064595
M50L-14,0,12.0,9.0,200.0,202.0,3.0,3.0,5.0,0.2667,200.311,638.617,752.65,17.5197,20.0,1.3115,1.7893,6.634,0.8729,0.0272,0.0999,0.2468,0.0476,4.8082,1.1606,0.8251,84.08757452204222
M50L-14,0,14.0,3.0,200.0,202.0,3.0,2.0,6.0,0.3889,200.534,640.687,775.442,14.4456,15.0,1.2883,1.5689,4.9755,0.7883,0.1184,0.0933,0.1968,0.3703,4.4743,1.9896,0.2577,95.49242029082728
M50L-14,0,13.0,5.0,200.0,203.0,4.0,3.0,5.0,0.2167,200.578,623.691,740.819,18.7611,28.0,1.7843,1.2176,9.2876,0.6686,0.2688,0.0626,0.234,0.1826,4.6386,0.9949,0.7255,93.21482844483484
M50L-14,0,11.0,5.0,200.0,202.0,3.0,1.0,5.0,0.7333,200.645,618.0,702.23,15.1961,19.0,1.375,0.6846,6.3023,0.6109,0.3365,0.0526,0.1735,0.0,4.6432,2.3211,0.5789,95.0564195622789
M50L-14,0,22.0,6.0,200.0,203.0,4.0,4.0,8.0,0.1719,200.741,625.443,722.534,21.5599,25.0,1.8033,1.7343,8.2925,0.8436,0.1254,0.031,0.0499,0.0716,4.8064,1.3251,0.6426,87.63334071573446
M50L-14,0,11.0,3.0,200.0,203.0,4.0,2.0,4.0,0.3438,200.747,629.537,750.654,16.1948,25.0,1.6975,1.6072,8.2925,0.1668,0.6971,0.136,0.7846,0.1111,4.6378,1.3256,0.679,91.31586436649437
M50L-14,0,15.0,5.0,200.0,202.0,3.0,3.0,5.0,0.3333,200.765,633.866,741.845,16.0085,17.0,1.3636,0.7916,5.6389,0.6453,0.24,0.1147,0.0877,0.451,3.3172,0.4976,0.4866,83.93113237053343
M50L-14,0,11.0,7.0,200.0,203.0,4.0,2.0,4.0,0.3438,200.799,637.738,766.756,16.3943,23.0,1.5427,1.1307,7.6291,0.1963,0.6715,0.1322,0.4051,0.064,4.9741,1.6563,0.7195,92.3746187001602
M50L-14,0,12.0,9.0,200.0,203.0,4.0,2.0,3.0,0.5,201.012,629.476,731.81,16.0772,18.0,1.2857,1.3806,5.9706,0.3157,0.5226,0.1618,0.8552,0.1972,4.971,1.3247,0.8095,85.2400180431703
M50L-14,0,36.0,16.0,200.0,203.0,4.0,3.0,11.0,0.2727,201.038,641.252,764.299,25.9123,22.0,1.6887,1.1093,7.2974,0.8837,0.0872,0.0291,0.0783,0.2336,3.4806,0.9936,0.5885,88.08753546898679
M50L-14,0,12.0,8.0,200.0,203.0,4.0,2.0,4.0,0.375,201.331,636.061,747.123,15.5957,20.0,1.4724,1.1048,6.6263,0.6126,0.2943,0.0931,0.7969,0.0224,4.9731,1.9881,0.7362,83.91467601081469
M50L-14,0,12.0,4.0,880.0,883.0,4.0,3.0,4.0,0.25,881.298,625.181,647.585,15.5593,22.0,1.4043,0.5418,6.3074,0.6553,0.0972,0.2475,0.6081,0.1627,4.1572,0.8601,0.6755,108.80516984959854
M50L-14,0,13.0,4.0,902.0,904.0,3.0,3.0,3.0,0.4815,902.937,636.558,629.942,15.0936,18.0,1.2316,1.5192,5.1559,0.6112,0.1327,0.2561,0.623,0.7822,3.7235,0.7161,0.5211,112.17401984416892
M50L-14,0,13.0,3.0,1380.0,1383.0,4.0,3.0,4.0,0.2708,1381.647,762.054,86.778,13.1654,16.0,1.2455,0.4205,4.5479,0.3752,0.354,0.2707,0.4457,0.0364,3.9794,0.8528,0.2754,627.681145327785
M50L-14,1,17.0,14.0,1783.0,1785.0,3.0,3.0,4.0,0.4722,1783.682,311.844,460.405,23.8978,34.0,1.6705,0.5377,9.6827,0.3435,0.3182,0.3383,0.3089,0.8023,5.4108,0.8544,0.8902,473.3678478318949
M50L-14,1,18.0,9.0,2097.0,2100.0,4.0,5.0,3.0,0.3,2098.513,932.0,227.677,20.7682,23.0,1.38,1.1696,6.7551,0.6982,0.0501,0.2516,0.2383,0.092,4.4058,1.1748,0.6667,532.1969478764416
M50L-14,1,12.0,5.0,2394.0,2396.0,3.0,4.0,2.0,0.5,2394.749,897.421,121.656,15.5742,23.0,1.5082,0.7192,6.7807,0.4849,0.1957,0.3194,0.3245,0.3654,3.8325,1.0318,0.5246,619.1061367625102
M50L-14,1,27.0,12.0,2440.0,2443.0,4.0,4.0,5.0,0.3375,2441.2,390.533,771.04,22.9867,27.0,1.8,0.5093,7.9628,0.4286,0.1921,0.3793,0.5567,0.6251,4.4238,1.4746,0.5852,327.2455968978039
M50L-14,1,10.0,4.0,3150.0,3153.0,4.0,3.0,3.0,0.2778,3151.382,195.888,991.309,14.1757,21.0,1.3816,0.7971,6.1933,0.3796,0.2595,0.3609,0.8609,0.038,3.5391,1.4745,0.5197,587.045498258014
M50L-14,1,20.0,11.0,3291.0,3293.0,3.0,3.0,5.0,0.4444,3292.013,926.235,147.184,20.416,25.0,1.6129,0.299,7.3631,0.4278,0.1781,0.3941,0.2726,0.246,4.7124,1.7671,0.6452,604.371433872416
M50L-14,0,18.0,3.0,3575.0,3579.0,5.0,4.0,4.0,0.225,3576.845,724.636,604.868,17.9131,22.0,1.5349,0.6674,6.4806,0.2953,0.5156,0.1891,0.7753,0.4304,4.1242,1.7672,0.438,108.3140338091052
M50L-14,0,10.0,5.0,3577.0,3580.0,4.0,2.0,3.0,0.4167,3579.058,627.077,662.161,14.4404,22.0,1.4194,1.1653,6.4814,0.525,0.3335,0.1415,0.8525,0.0663,3.8301,0.8838,0.6194,99.15192307766908
M50L-14,0,14.0,7.0,3577.0,3580.0,4.0,5.0,3.0,0.2333,3579.067,664.101,616.788,16.3775,22.0,1.4808,1.1231,6.4814,0.6516,0.2241,0.1243,0.5473,0.1672,4.2721,1.1785,0.5721,107.25320575628496
M50L-14,0,41.0,3.0,3578.0,3580.0,3.0,7.0,11.0,0.1775,3579.357,619.082,685.176,25.6742,19.0,1.3961,3.9906,5.5976,0.9089,0.0571,0.034,0.0974,0.9947,3.5356,0.8839,0.405,97.33202813051828
M50L-14,0,30.0,8.0,3578.0,3581.0,4.0,4.0,6.0,0.3125,3579.419,629.453,657.723,23.5059,27.0,1.8535,1.8302,7.9544,0.6733,0.0866,0.2401,0.1281,0.9234,3.6827,1.4732,0.5172,99.48529508424856
M50L-14,0,10.0,3.0,3579.0,3580.0,2.0,3.0,4.0,0.4167,3579.44,644.913,631.453,13.9749,21.0,1.4,1.8672,6.1868,0.8089,0.086,0.1051,0.0503,0.0558,3.9774,0.8839,0.5733,105.53017946540224
M50L-14,0,12.0,6.0,3579.0,3580.0,2.0,3.0,5.0,0.4,3579.454,641.07,636.93,15.734,20.0,1.2973,1.1647,5.8922,0.846,0.0653,0.0886,0.0716,0.1821,3.9775,1.473,0.7135,103.9859115457474
M50L-14,0,16.0,7.0,3579.0,3580.0,2.0,3.0,7.0,0.381,3579.465,631.926,651.496,18.8555,26.0,1.625,1.8262,7.6598,0.9125,0.0377,0.0498,0.0169,0.143,3.6827,1.1784,0.6055,101.06264142599872
M50L-14,0,10.0,6.0,3579.0,3580.0,2.0,3.0,3.0,0.5556,3579.469,659.55,619.712,14.9066,21.0,1.3125,1.0148,6.1868,0.1714,0.3429,0.4857,0.4082,0.9129,4.4191,1.1785,0.6875,106.83311960249034
M50L-14,0,15.0,5.0,3578.0,3580.0,3.0,5.0,4.0,0.25,3579.489,655.571,622.379,16.6593,22.0,1.5068,0.8415,6.4814,0.5358,0.3267,0.1374,0.0379,0.7335,3.8296,1.4732,0.4201,106.5959928046078
M50L-14,0,29.0,9.0,3579.0,3580.0,2.0,5.0,7.0,0.4143,3579.522,636.078,645.293,24.6192,25.0,1.6111,1.397,7.3652,0.8168,0.1017,0.0814,0.0283,0.9857,4.4193,1.473,0.5844,101.76985277084762
M50L-14,0,52.0,22.0,3578.0,3580.0,3.0,7.0,12.0,0.2063,3579.603,623.51,671.905,34.7688,29.0,1.772,0.6534,8.5442,0.9366,0.0383,0.0252,0.0096,0.9451,4.2721,1.4729,0.6827,97.81193242646832
M50L-14,0,11.0,4.0,3579.0,3582.0,4.0,2.0,3.0,0.4583,3580.2,626.626,743.839,13.7693,20.0,1.4194,0.4539,5.8925,0.6512,0.1597,0.1891,0.8359,0.3037,3.2411,0.5893,0.4581,91.41376699928742
M50L-14,1,12.0,6.0,3653.0,3655.0,3.0,2.0,3.0,0.6667,3653.891,300.689,381.077,15.5896,23.0,1.5082,0.3388,6.7874,0.3371,0.373,0.2899,0.7369,0.3776,3.9839,0.7378,0.6066,528.6109199118006
M50L-14,1,13.0,3.0,4033.0,4035.0,3.0,3.0,4.0,0.3611,4034.08,210.86,509.7,14.1669,19.0,1.6467,0.3406,6.4694,0.2334,0.3529,0.4137,0.3137,0.285,3.0697,1.3651,0.3333,541.0827382203206
M50L-15,0,11.0,3.0,200.0,202.0,3.0,4.0,4.0,0.2292,200.514,928.041,1011.493,12.095,17.0,1.2808,0.7133,4.6758,0.8013,0.0604,0.1383,0.3332,0.5774,2.4626,0.5529,0.3425,368.5847754994773
M50L-15,0,30.0,7.0,200.0,202.0,3.0,8.0,6.0,0.2083,200.675,918.841,1017.537,20.8254,18.0,1.3012,1.1732,4.9401,0.8976,0.0575,0.0448,0.0512,0.0146,3.1589,0.8299,0.3229,368.2718827849881
M50L-15,0,15.0,3.0,201.0,203.0,3.0,4.0,5.0,0.25,201.566,354.379,852.843,14.0794,17.0,1.2879,0.8546,4.6758,0.6885,0.086,0.2256,0.3663,0.9203,3.023,1.0983,0.2475,384.6385423875251
M50L-15,0,13.0,3.0,204.0,206.0,3.0,5.0,3.0,0.2889,204.529,1226.124,855.206,13.0774,17.0,1.3,0.5813,4.7207,0.7335,0.1448,0.1217,0.1053,0.3181,2.7739,0.554,0.2941,533.0803089704215
M50L-15,0,18.0,3.0,208.0,210.0,3.0,4.0,5.0,0.3,209.291,330.658,894.291,15.6962,18.0,1.3671,0.8391,5.0533,0.7532,0.0789,0.1679,0.1167,0.3149,2.8032,0.8422,0.2785,422.90812317216137
M50L-15,0,22.0,6.0,208.0,211.0,4.0,3.0,6.0,0.3056,209.399,309.282,847.319,18.0375,19.0,1.3887,0.5834,5.3341,0.6789,0.2284,0.0927,0.0548,0.6283,2.8157,0.8512,0.3355,425.1598737945527
M50L-15,0,11.0,3.0,209.0,210.0,2.0,2.0,4.0,0.6875,209.423,337.458,906.655,12.0348,17.0,1.3169,0.7692,4.7726,0.5952,0.0783,0.3265,0.1277,0.6955,2.2591,0.5635,0.331,422.31820442528874
M50L-15,0,20.0,3.0,209.0,210.0,2.0,4.0,8.0,0.3125,209.506,287.722,746.593,16.5346,17.0,1.2928,0.8274,4.7867,0.8449,0.0952,0.0599,0.0273,0.9514,2.8103,1.1213,0.1863,426.14396855170907
M50L-15,0,13.0,3.0,214.0,215.0,2.0,2.0,5.0,0.65,214.381,281.227,821.222,13.9352,17.0,1.2557,1.0204,4.8631,0.8184,0.0875,0.0941,0.0371,0.567,2.8454,0.5739,0.3523,444.7660888748152
M50L-15,0,15.0,4.0,214.0,215.0,2.0,4.0,4.0,0.4688,214.425,276.595,804.325,14.7442,18.0,1.35,0.8002,5.1492,0.7443,0.0646,0.1911,0.0419,0.8863,2.8577,0.8554,0.33,445.4716597607529
M50L-15,0,15.0,3.0,213.0,216.0,4.0,3.0,3.0,0.4167,214.505,271.103,777.948,14.306,18.0,1.3918,1.0307,5.1321,0.6785,0.1126,0.2089,0.6421,0.2196,2.5746,0.7084,0.2577,446.22276086389854
M50L-15,0,18.0,4.0,214.0,215.0,2.0,4.0,5.0,0.45,214.565,272.763,786.987,15.6203,16.0,1.2414,0.6125,4.577,0.6592,0.1619,0.1789,0.0436,0.9928,2.5717,1.1328,0.2716,446.0010564314843
M50L-15,0,20.0,7.0,214.0,216.0,3.0,4.0,6.0,0.2778,214.827,266.458,704.439,17.325,18.0,1.3284,0.7443,5.1492,0.769,0.084,0.147,0.156,0.8932,2.8662,0.8554,0.4096,446.1148344148623
M50L-15,0,14.0,3.0,214.0,216.0,3.0,4.0,4.0,0.2917,215.022,1205.077,755.525,13.9922,16.0,1.224,0.5306,4.577,0.4222,0.3824,0.1954,0.1131,0.9042,3.0095,1.4256,0.3333,494.4524765374323
M50L-15,0,16.0,4.0,218.0,219.0,2.0,4.0,4.0,0.5,218.359,281.689,884.432,14.9039,16.0,1.2427,0.7404,4.6244,0.156,0.5644,0.2796,0.1649,0.979,2.7616,0.878,0.2961,463.8520565277252
M50L-15,0,20.0,3.0,218.0,220.0,3.0,4.0,4.0,0.4167,218.828,248.057,746.533,16.9178,18.0,1.3793,0.5627,5.221,0.1984,0.32,0.4816,0.1951,0.9802,2.8903,0.8691,0.1839,465.6882490873052
M50L-15,0,14.0,7.0,219.0,221.0,3.0,2.0,7.0,0.3333,220.289,207.469,708.33,15.109,18.0,1.299,0.9024,5.2398,0.8958,0.058,0.0462,0.0739,0.0017,3.1989,1.0198,0.5773,505.0482153824524
M50L-15,0,14.0,3.0,220.0,222.0,3.0,3.0,4.0,0.3889,220.891,210.786,656.927,14.9861,17.0,1.2396,1.0994,4.9667,0.6431,0.1925,0.1644,0.0701,0.1266,3.057,0.722,0.4167,504.7824245405143
M50L-15,1,48.0,22.0,697.0,701.0,5.0,6.0,6.0,0.2667,698.799,823.669,607.33,30.6748,25.0,1.7518,0.9254,7.7565,0.4175,0.3088,0.2736,0.5726,0.786,4.3436,1.241,0.6044,153.03357625370973
M50L-15,1,19.0,8.0,789.0,792.0,4.0,3.0,3.0,0.5278,790.143,749.056,1023.871,20.1006,27.0,1.7875,0.2003,8.2431,0.3472,0.2552,0.3976,0.8442,0.5251,4.2755,1.526,0.5993,313.5095545226652
M50L-15,0,16.0,3.0,827.0,829.0,3.0,4.0,4.0,0.3333,827.724,790.919,688.133,15.8336,17.0,1.2952,1.7087,5.1253,0.502,0.3031,0.1949,0.3979,0.8396,4.0715,1.5082,0.5143,82.11753923492833
M50L-15,0,34.0,8.0,965.0,970.0,6.0,5.0,6.0,0.1889,967.862,757.435,624.107,27.7452,28.0,1.7565,2.0071,8.358,0.7529,0.1104,0.1367,0.4966,0.6264,3.8804,1.3432,0.559,99.15884566693988
M50L-15,0,12.0,3.0,1261.0,1264.0,4.0,3.0,3.0,0.3333,1262.438,788.609,664.136,14.496,21.0,1.4911,0.7627,6.2399,0.6091,0.1908,0.2001,0.8677,0.1373,4.3084,1.7828,0.3314,90.17569726373073
M50L-15,0,16.0,4.0,1263.0,1266.0,4.0,4.0,5.0,0.2,1264.682,808.171,713.493,16.1186,18.0,1.3272,0.611,5.3481,0.8464,0.0471,0.1065,0.4569,0.6839,3.1198,0.8914,0.4608,95.67615319399088
M50L-15,0,10.0,4.0,1320.0,1323.0,4.0,2.0,3.0,0.4167,1321.916,807.072,718.192,15.6801,26.0,1.5569,0.2212,7.7198,0.5732,0.2746,0.1521,0.8679,0.003,3.4145,0.2969,0.6108,94.74313720792657
M50L-15,1,45.0,28.0,1568.0,1571.0,4.0,6.0,7.0,0.2679,1569.414,808.594,452.019,38.7556,44.0,2.2577,0.8347,13.0433,0.3938,0.1631,0.4432,0.3814,0.8017,5.3357,1.7787,0.7662,277.6407898652502
M50L-15,0,12.0,7.0,2289.0,2291.0,3.0,3.0,4.0,0.3333,2290.101,784.615,677.769,15.4806,19.0,1.3491,0.8659,6.029,0.4251,0.1296,0.4453,0.4542,0.8592,3.4904,0.476,0.6509,80.04258607766243
M50L-15,1,16.0,11.0,2617.0,2619.0,3.0,3.0,3.0,0.5926,2617.897,968.252,880.628,23.0503,34.0,1.8759,0.6841,10.8098,0.3462,0.1743,0.4795,0.6239,0.4243,4.928,1.9076,0.7966,306.06553201561263
M50L-15,1,15.0,8.0,2950.0,2952.0,3.0,3.0,4.0,0.4167,2951.336,149.972,840.436,17.274,21.0,1.4929,0.5515,6.6585,0.2645,0.1785,0.557,0.0224,0.9153,3.9634,0.9512,0.6209,576.8928590995039
M50L-15,1,13.0,6.0,3392.0,3394.0,3.0,3.0,3.0,0.4815,3392.724,522.097,278.335,16.2838,21.0,1.4757,0.804,6.6648,0.189,0.2332,0.5778,0.4543,0.2866,3.8085,1.2694,0.5676,474.08074168225824
M50L-15,0,30.0,18.0,3597.0,3600.0,4.0,6.0,5.0,0.25,3598.861,753.226,793.906,27.1315,25.0,1.6026,2.575,7.9384,0.6245,0.2238,0.1517,0.1642,0.808,4.763,1.905,0.7179,91.02496312550744
M50L-15,0,13.0,4.0,3599.0,3600.0,2.0,5.0,4.0,0.325,3599.796,755.698,788.87,14.2678,16.0,1.284,0.7381,5.0809,0.8471,0.0439,0.109,0.1002,0.9853,3.4931,1.2703,0.3704,87.74077788576984
M50L-15,0,32.0,6.0,3599.0,3601.0,3.0,5.0,11.0,0.1939,3600.164,794.554,728.128,26.3282,23.0,1.5693,0.4918,7.3037,0.9141,0.0546,0.0312,0.0514,0.6196,3.9696,1.2702,0.6013,83.52899676160368
M50L-15,0,20.0,6.0,3599.0,3601.0,3.0,2.0,10.0,0.3333,3600.266,795.917,715.654,20.5215,20.0,1.3841,4.355,6.3511,0.949,0.0308,0.0202,0.1589,0.2388,4.6046,1.9053,0.5744,83.47660513581039
M50L-15,0,14.0,5.0,3599.0,3601.0,3.0,3.0,5.0,0.3111,3600.332,777.04,663.801,19.181,24.0,1.4867,0.8678,7.6213,0.7157,0.2075,0.0769,0.0488,0.1528,4.7635,1.5879,0.792,80.85174210244323
M50L-15,0,11.0,4.0,3599.0,3601.0,3.0,3.0,4.0,0.3056,3600.39,792.726,694.226,15.7028,30.0,2.0122,1.3152,9.5266,0.8046,0.0136,0.1818,0.345,0.2043,3.4934,0.7938,0.5183,82.2809221630385
M50L-15,1,29.0,19.0,3655.0,3658.0,4.0,5.0,5.0,0.29,3656.632,492.527,164.939,31.083,43.0,2.3798,0.6028,13.7363,0.3154,0.1935,0.4911,0.5838,0.6636,4.7918,2.3956,0.7824,590.0942038776521
M50L-15,1,17.0,7.0,3832.0,3834.0,3.0,3.0,4.0,0.4722,3833.154,988.145,580.689,18.8085,22.0,1.5519,0.7205,7.0791,0.3427,0.1062,0.5511,0.041,0.0122,4.5048,0.9654,0.5353,305.53936856974747
M50L-15,1,16.0,5.0,3838.0,3840.0,3.0,4.0,3.0,0.4444,3839.111,619.535,334.925,18.1909,21.0,1.4867,0.5519,6.7611,0.4391,0.2193,0.3415,0.276,0.7669,4.5075,1.9315,0.469,388.8513492968746
M50L-15,1,28.0,19.0,3872.0,3876.0,5.0,4.0,5.0,0.28,3874.242,135.254,467.85,29.819,35.0,2.0082,0.3813,11.3163,0.4023,0.2271,0.3706,0.7288,0.547,5.1725,1.2935,0.7992,626.950210954586
M50L-15,1,13.0,4.0,3953.0,3955.0,3.0,3.0,3.0,0.4815,3954.03,548.964,277.32,15.4131,21.0,1.6154,0.3229,6.9054,0.3557,0.0847,0.5596,0.7071,0.7071,3.9465,1.316,0.4911,464.89316589513334
M50L-16,0,10.0,3.0,200.0,201.0,2.0,3.0,3.0,0.5556,200.443,1200.979,878.423,12.1637,14.0,1.4433,0.7282,5.5571,0.3318,0.2074,0.4608,0.0,1.0,3.1724,1.1863,0.3711,515.8896930255537
M50L-16,0,24.0,8.0,200.0,202.0,3.0,9.0,2.0,0.4444,200.514,698.783,804.576,22.337,20.0,1.7391,2.8878,7.9388,0.8882,0.0652,0.0466,0.0281,0.322,3.9569,1.1863,0.6413,93.09213642945362
M50L-16,0,11.0,3.0,200.0,202.0,3.0,2.0,3.0,0.6111,200.533,810.383,707.0,14.3446,13.0,1.1917,1.2902,5.1602,0.4044,0.2901,0.3055,0.3077,0.3645,3.1755,0.5945,0.5167,98.03739944021368
M50L-16,0,13.0,3.0,200.0,202.0,3.0,4.0,3.0,0.3611,200.57,1172.385,897.311,14.8433,16.0,1.5407,0.8945,6.351,0.6573,0.0994,0.2433,0.1005,0.1591,2.778,0.0054,0.4741,495.63022400374257
M50L-16,0,15.0,5.0,200.0,202.0,3.0,3.0,5.0,0.3333,200.709,551.106,943.457,15.4512,13.0,1.2914,0.899,5.1602,0.5963,0.0296,0.3741,0.305,0.474,2.7803,0.9896,0.4106,281.76081893158954
M50L-16,0,21.0,3.0,200.0,202.0,3.0,2.0,8.0,0.4375,200.714,1082.132,710.505,19.0256,14.0,1.3364,2.6076,5.5571,0.8599,0.0987,0.0415,0.0132,0.1147,4.3537,1.1904,0.4955,369.6373837276204
M50L-16,0,10.0,4.0,200.0,203.0,4.0,2.0,5.0,0.25,200.923,644.635,753.76,13.027,14.0,1.3462,0.4441,5.5447,0.7904,0.1464,0.0632,0.5762,0.1625,3.9622,1.1891,0.6827,79.42320709339305
M50L-16,0,37.0,22.0,200.0,204.0,5.0,10.0,4.0,0.185,200.95,708.188,806.462,28.7808,23.0,1.9253,3.0169,9.1296,0.8147,0.1365,0.0489,0.1016,0.1357,5.1363,1.9733,0.6991,94.06088872639891
M50L-16,0,12.0,3.0,200.0,203.0,4.0,3.0,4.0,0.25,200.992,799.795,771.066,13.948,16.0,1.5738,1.0149,6.351,0.5755,0.2862,0.1383,0.6887,0.1754,2.9617,0.7939,0.5082,105.12085131409464
M50L-16,0,11.0,5.0,200.0,203.0,4.0,3.0,2.0,0.4583,200.992,862.21,1056.462,14.2101,14.0,1.2941,1.1475,5.5571,0.4933,0.3352,0.1715,0.9942,0.0954,4.3436,1.5796,0.5462,375.1305659953612
M50L-16,0,21.0,6.0,200.0,203.0,4.0,3.0,6.0,0.2917,201.009,1105.643,847.31,18.4077,15.0,1.4789,1.7274,5.9408,0.5792,0.2478,0.173,0.0271,0.1191,3.1675,0.7949,0.4836,415.61418954241685
M50L-16,0,12.0,3.0,200.0,202.0,3.0,4.0,3.0,0.3333,201.035,1153.193,472.009,13.0324,13.0,1.3684,0.1963,5.1487,0.5579,0.3118,0.1303,0.1195,0.4864,3.1652,1.1882,0.3158,502.0420712749082
M50L-16,0,19.0,10.0,200.0,202.0,3.0,7.0,4.0,0.2262,201.058,1026.894,259.923,18.8053,14.0,1.285,0.8989,5.5447,0.852,0.0779,0.0701,0.1042,0.2968,3.5581,1.1954,0.6039,551.0621817590098
M50L-16,0,11.0,6.0,200.0,203.0,4.0,3.0,2.0,0.4583,201.123,691.892,803.192,15.5188,17.0,1.4385,0.2524,6.7329,0.6004,0.2475,0.1521,0.9832,0.1383,4.767,0.3997,0.6692,93.0039167347268
M50L-16,0,13.0,3.0,200.0,202.0,3.0,2.0,5.0,0.4333,201.124,941.14,1180.659,14.1658,14.0,1.4109,0.6849,5.5447,0.6203,0.2264,0.1533,0.0339,0.0786,3.1611,0.596,0.3643,521.0077723806048
M50L-16,0,21.0,5.0,200.0,203.0,4.0,4.0,5.0,0.2625,201.181,1023.652,279.99,18.1413,14.0,1.4,1.4545,5.5319,0.5227,0.2151,0.2622,0.4043,0.0967,3.5654,0.7884,0.4,532.8043423284012
M50L-17,0,15.0,7.0,200.0,201.0,2.0,7.0,3.0,0.3571,200.198,1232.713,702.156,15.4203,15.0,1.3473,0.7557,5.3642,0.8721,0.0587,0.0692,0.0815,0.9757,2.8608,0.7152,0.5449,520.3158307268768
M50L-17,0,16.0,3.0,200.0,201.0,2.0,5.0,4.0,0.4,200.225,155.533,845.888,15.1094,14.0,1.3254,0.5889,5.0066,0.5465,0.3229,0.1306,0.084,0.9807,2.8609,1.0728,0.3195,572.7168564247083
M50L-17,0,18.0,8.0,200.0,201.0,2.0,4.0,5.0,0.45,200.26,162.5,867.066,16.5212,15.0,1.3776,1.0906,5.3642,0.315,0.4673,0.2176,0.0794,0.9958,3.2187,1.0728,0.5102,571.3060898992763
M50L-16,0,17.0,3.0,209.0,211.0,3.0,5.0,4.0,0.2833,210.0,158.438,849.228,15.1983,14.0,1.4691,1.5783,5.4155,0.466,0.3771,0.1569,0.2008,0.9478,2.71,0.7841,0.358,570.6831396037559
M50L-16,0,31.0,3.0,209.0,211.0,3.0,4.0,7.0,0.369,210.003,155.838,836.257,20.5641,13.0,1.3615,1.2672,5.0287,0.7788,0.0694,0.1518,0.0108,0.9999,3.1002,1.1594,0.277,570.2529064309975
M50L-16,0,56.0,7.0,214.0,216.0,3.0,6.0,13.0,0.2393,215.046,190.878,814.026,29.6708,19.0,1.825,1.4865,7.2373,0.8653,0.0863,0.0484,0.0353,0.9846,3.4282,1.1458,0.3533,531.4104247754273
M50L-16,0,110.0,4.0,214.0,217.0,4.0,7.0,22.0,0.1786,215.214,187.694,796.607,38.2891,17.0,1.7725,3.6424,6.4755,0.9561,0.0281,0.0157,0.0192,0.9508,3.051,1.3234,0.1839,531.5028928284399
M50L-16,0,38.0,12.0,219.0,222.0,4.0,5.0,9.0,0.2111,220.046,1119.57,855.105,24.8548,17.0,1.5795,1.8081,6.3694,0.8454,0.0353,0.1194,0.0228,0.7928,3.0088,1.1202,0.4401,431.3260610315588
M50L-16,0,13.0,3.0,219.0,222.0,4.0,4.0,3.0,0.2708,220.053,1152.917,879.076,13.7142,14.0,1.3788,0.9536,5.2276,0.5286,0.2553,0.2161,0.7895,0.1829,2.9783,0.374,0.2955,470.86590199864753
M50L-16,0,12.0,4.0,220.0,221.0,2.0,6.0,4.0,0.25,220.225,1065.845,483.744,13.9417,14.0,1.3023,1.1482,5.2454,0.7928,0.11,0.0972,0.0093,0.9932,3.3632,1.874,0.4031,420.9299188237871
M50L-16,0,10.0,4.0,219.0,221.0,3.0,4.0,4.0,0.2083,220.242,1045.708,455.792,14.2061,14.0,1.1667,0.7769,5.2454,0.6428,0.1492,0.208,0.1142,0.5629,4.1188,1.505,0.575,420.62640017954186
M50L-16,0,17.0,7.0,224.0,226.0,3.0,4.0,4.0,0.3542,225.0,423.396,635.307,17.1508,17.0,1.5052,1.4401,6.2612,0.3817,0.2473,0.371,0.2245,0.7651,2.9553,1.0992,0.5,299.232154129532
M50L-16,0,16.0,3.0,224.0,226.0,3.0,4.0,4.0,0.3333,225.023,456.171,671.874,16.1121,15.0,1.3714,1.2048,5.5246,0.3913,0.348,0.2607,0.3931,0.8777,3.137,1.1056,0.3771,259.528472651846
M50L-16,0,24.0,7.0,224.0,227.0,4.0,5.0,7.0,0.1714,225.086,1064.323,834.759,19.9919,16.0,1.4436,0.7234,5.8929,0.8322,0.0292,0.1386,0.0004,0.4388,3.3173,1.1043,0.4887,372.46031521492336
M50L-16,0,10.0,3.0,224.0,226.0,3.0,3.0,3.0,0.3704,225.093,1067.009,824.776,12.4581,13.0,1.215,1.0382,4.788,0.6183,0.1789,0.2029,0.5294,0.6555,3.1338,0.7296,0.5794,371.8635922714134
M50L-16,0,21.0,4.0,229.0,231.0,3.0,3.0,8.0,0.2917,230.036,574.88,684.08,17.7725,14.0,1.3067,2.3626,5.0682,0.8943,0.0262,0.0795,0.0945,0.8966,3.2581,1.2628,0.4,140.5238798211891
M50L-16,0,14.0,7.0,229.0,231.0,3.0,4.0,5.0,0.2333,230.284,577.964,671.154,16.3354,16.0,1.3254,0.325,5.7922,0.5738,0.1997,0.2265,0.0969,0.8583,3.6152,0.729,0.568,140.74596623704704
M50L-16,0,22.0,5.0,229.0,232.0,4.0,5.0,6.0,0.1833,230.3,572.196,702.108,19.2758,19.0,1.672,2.2298,6.8548,0.6529,0.1246,0.2225,0.1179,0.9867,3.0642,1.0897,0.468,140.68832957996193
M50L-16,0,11.0,3.0,230.0,231.0,2.0,3.0,5.0,0.3667,230.602,822.039,757.07,13.9428,17.0,1.4609,1.108,6.1542,0.8285,0.0676,0.1039,0.0321,0.2389,2.9071,0.9001,0.5312,118.25936504564872
M50L-16,0,19.0,4.0,230.0,232.0,3.0,6.0,4.0,0.2639,230.986,825.29,744.222,17.1342,13.0,1.1932,3.1321,4.7062,0.8164,0.0243,0.1593,0.0557,0.0453,3.247,0.7289,0.4831,117.16599073109906
M50L-16,1,12.0,3.0,1239.0,1241.0,3.0,3.0,2.0,0.6667,1239.862,790.839,420.615,14.4155,20.0,1.3793,0.9335,5.7398,0.3515,0.2943,0.3543,0.509,0.2464,3.7309,0.861,0.4253,302.21491052891486
M50L-16,0,11.0,5.0,1432.0,1436.0,5.0,3.0,3.0,0.2444,1434.0,602.107,797.836,13.7382,19.0,1.3145,1.0189,5.4447,0.8909,0.0164,0.0927,0.8993,0.3869,4.2987,1.4328,0.5283,139.5308114539581
M50L-16,1,20.0,12.0,2067.0,2069.0,3.0,3.0,5.0,0.4444,2068.017,1100.713,416.076,23.5201,33.0,1.8592,0.2977,9.7778,0.4107,0.1953,0.394,0.4588,0.747,5.037,1.4815,0.7099,488.4429558761186
M50L-16,1,13.0,7.0,2429.0,2431.0,3.0,3.0,2.0,0.7222,2430.419,812.111,238.498,17.9696,25.0,1.4977,0.7727,7.4643,0.4416,0.1703,0.3881,0.316,0.3162,5.3743,0.5972,0.6959,484.35549684606656
M50L-16,1,15.0,6.0,2461.0,2463.0,3.0,3.0,4.0,0.4167,2462.217,440.096,429.561,17.7199,23.0,1.5,0.4992,6.863,0.2479,0.0989,0.6533,0.671,0.4848,4.4758,1.7903,0.5174,392.7574530635925
M50L-16,1,31.0,22.0,3045.0,3049.0,5.0,5.0,3.0,0.4133,3046.791,665.907,164.379,31.9845,34.0,1.7596,1.176,10.1082,0.5955,0.1194,0.2852,0.6204,0.044,5.054,1.7838,0.8214,550.0977533947944
M50L-16,1,11.0,4.0,3064.0,3067.0,4.0,2.0,2.0,0.6875,3065.18,1287.647,808.467,13.453,20.0,1.4667,0.6646,5.9491,0.6952,0.0214,0.2834,0.9637,0.2518,3.2721,1.1898,0.46,583.0983936678268
M50L-16,1,12.0,5.0,3135.0,3137.0,3.0,3.0,3.0,0.4444,3135.938,1276.147,550.169,15.1897,24.0,1.6271,0.2327,7.1347,0.4441,0.1692,0.3867,0.7868,0.4343,3.8647,1.3378,0.5141,586.5571533704111
M50L-16,1,13.0,6.0,3225.0,3227.0,3.0,3.0,4.0,0.3611,3226.218,512.28,759.503,15.895,22.0,1.4819,0.615,6.5328,0.3188,0.2415,0.4397,0.2969,0.9419,4.1572,1.1878,0.5699,205.6631479118221
M50L-16,1,17.0,7.0,3257.0,3259.0,3.0,4.0,3.0,0.4722,3258.31,257.876,925.018,19.7138,34.0,2.1095,0.3346,10.0861,0.3134,0.1576,0.529,0.3496,0.8619,4.4497,1.4832,0.5474,501.84348326943535
M50L-16,1,12.0,4.0,3454.0,3457.0,4.0,3.0,3.0,0.3333,3455.733,1262.894,509.728,15.4644,24.0,1.6,0.7893,7.1426,0.4437,0.2196,0.3367,0.8353,0.1937,3.5714,1.0416,0.5278,586.5577884744179
M50L-16,1,15.0,9.0,3519.0,3521.0,3.0,3.0,3.0,0.5556,3519.879,1292.0,766.071,18.4576,27.0,1.6875,0.1401,8.0422,0.344,0.3959,0.2601,0.129,0.376,4.9147,1.6382,0.6833,581.9708773134614
M50L-16,0,29.0,5.0,3581.0,3583.0,3.0,6.0,5.0,0.3222,3582.287,755.276,793.066,25.0949,30.0,1.9205,1.0151,8.9496,0.8042,0.1252,0.0706,0.0156,0.7264,4.4749,1.79,0.5629,91.21768760498152
M50L-16,0,19.0,3.0,3581.0,3584.0,4.0,2.0,10.0,0.2375,3582.771,787.875,728.933,20.327,23.0,1.4714,3.1652,6.8616,0.9394,0.0353,0.0254,0.1027,0.1648,4.4749,1.1934,0.5825,77.14553852297617
M50L-16,0,12.0,4.0,3582.0,3583.0,2.0,3.0,7.0,0.2857,3582.853,786.314,738.34,16.4489,21.0,1.3194,2.6822,6.2649,0.9108,0.046,0.0432,0.0463,0.9178,4.6241,1.79,0.7382,78.206215839919
M50L-16,0,22.0,11.0,3582.0,3584.0,3.0,3.0,7.0,0.3492,3583.285,781.592,756.061,22.7705,26.0,1.5978,1.0622,7.7566,0.773,0.1311,0.0959,0.1445,0.6122,4.3259,1.4917,0.7235,81.67781329712494
M50L-16,1,17.0,6.0,3648.0,3651.0,4.0,4.0,4.0,0.2656,3649.453,170.502,489.343,17.8146,23.0,1.5959,0.8153,6.8957,0.5134,0.2003,0.2863,0.5486,0.8328,4.1974,1.4991,0.449,586.1406645618439
M50L-16,1,36.0,17.0,3789.0,3794.0,6.0,5.0,5.0,0.24,3791.303,218.463,315.63,26.8529,27.0,1.8656,0.9147,8.3512,0.657,0.1684,0.1746,0.7735,0.517,3.7118,0.6185,0.6238,633.7021021497404
M50L-17,0,11.0,3.0,224.0,226.0,3.0,4.0,4.0,0.2292,225.0,436.23,804.049,13.1644,16.0,1.4426,1.074,5.7261,0.5442,0.1956,0.2602,0.0449,0.7257,2.8631,0.7158,0.3607,291.04352303564497
M50L-17,0,23.0,3.0,224.0,227.0,4.0,5.0,6.0,0.1917,225.004,429.278,654.143,18.2826,15.0,1.4082,2.471,5.3679,0.8414,0.0301,0.1285,0.1365,0.6688,2.8633,1.0735,0.2735,289.171645797094
M50L-17,0,14.0,3.0,224.0,226.0,3.0,2.0,7.0,0.3333,225.007,897.612,766.476,14.0602,13.0,1.2381,1.6422,4.6525,0.9205,0.019,0.0605,0.0167,0.07,2.5054,0.5369,0.3401,192.8208005377013
M50L-17,0,10.0,3.0,224.0,226.0,3.0,4.0,4.0,0.2083,225.027,976.726,767.035,12.7884,17.0,1.5044,1.2074,6.084,0.7792,0.1031,0.1177,0.0303,0.8867,3.5788,0.7159,0.4779,269.795191397104
M50L-17,0,22.0,10.0,224.0,226.0,3.0,4.0,6.0,0.3056,225.055,912.125,787.989,20.6773,20.0,1.6236,0.1376,7.1576,0.7354,0.0786,0.1861,0.1414,0.8533,3.2208,1.0736,0.5535,213.42148379673495
M50L-17,0,20.0,4.0,223.0,227.0,5.0,5.0,5.0,0.16,225.056,916.679,770.47,17.2051,16.0,1.4884,1.4031,5.7261,0.5735,0.1901,0.2363,0.442,0.3058,2.8631,0.8947,0.2744,212.24887500526356
M50L-17,0,24.0,7.0,224.0,227.0,4.0,4.0,7.0,0.2143,225.092,406.603,662.061,19.1395,17.0,1.5573,0.4119,6.084,0.7382,0.0711,0.1907,0.056,0.5052,3.221,1.0736,0.355,310.02752672948253
M50L-17,0,13.0,3.0,224.0,226.0,3.0,3.0,6.0,0.2407,225.093,402.5,727.307,14.8887,19.0,1.6467,1.7681,6.7997,0.8871,0.0194,0.0935,0.0258,0.8796,3.2209,1.0736,0.3867,310.3534231307913
M50L-17,0,22.0,9.0,224.0,227.0,4.0,5.0,5.0,0.22,225.136,914.023,781.591,20.1431,16.0,1.3333,0.4318,5.7261,0.7232,0.1281,0.1487,0.0259,0.0039,3.5785,0.8947,0.6136,213.03775677095365
M50L-17,0,11.0,3.0,224.0,227.0,4.0,3.0,4.0,0.2292,225.177,978.887,726.355,13.3801,14.0,1.2419,0.9718,5.0103,0.3954,0.3732,0.2314,0.4527,0.6964,3.5788,0.7158,0.5161,266.74706145335506
M50L-17,0,10.0,3.0,224.0,226.0,3.0,3.0,4.0,0.2778,225.221,433.635,640.76,11.7697,14.0,1.3462,1.9587,5.0101,0.7591,0.079,0.1619,0.2316,0.6823,2.6842,0.8948,0.3654,287.94498749761215
M50L-17,0,27.0,6.0,224.0,227.0,4.0,3.0,8.0,0.2812,225.224,484.847,670.629,20.2487,17.0,1.5612,2.3863,6.084,0.849,0.0804,0.0705,0.0491,0.0849,3.5786,0.8947,0.4456,231.47152967481767
M50L-17,0,10.0,6.0,224.0,227.0,4.0,3.0,2.0,0.4167,225.234,948.565,802.565,14.0331,17.0,1.371,0.7503,6.084,0.5749,0.1909,0.2341,0.8507,0.3072,3.5787,1.0734,0.7016,252.6625980433195
M50L-17,0,33.0,5.0,224.0,227.0,4.0,5.0,10.0,0.165,225.27,404.0,752.259,22.6142,16.0,1.4545,2.9302,5.7261,0.8404,0.1081,0.0515,0.0348,0.9472,3.042,1.4312,0.3719,311.0514878295875
M50L-17,0,53.0,5.0,224.0,227.0,4.0,4.0,17.0,0.1949,225.346,899.547,754.986,28.4132,16.0,1.4671,6.2192,5.7261,0.9681,0.0108,0.0211,0.033,0.9508,3.221,1.0735,0.372,191.81147099430737
M50L-17,0,11.0,6.0,225.0,226.0,2.0,4.0,2.0,0.6875,225.35,893.049,777.398,13.2721,14.0,1.252,1.0889,5.0103,0.6951,0.0494,0.2556,0.2408,0.9596,3.2208,1.0735,0.6179,191.85852028252484
M50L-17,0,25.0,3.0,224.0,228.0,5.0,4.0,7.0,0.1786,225.35,910.354,794.567,19.8261,17.0,1.5343,2.4836,6.084,0.77,0.1409,0.089,0.0333,0.1715,3.2211,1.0737,0.3718,214.1989677962992
M50L-17,0,33.0,8.0,224.0,227.0,4.0,4.0,9.0,0.2292,225.372,401.964,736.292,22.801,17.0,1.5328,1.3081,6.084,0.8285,0.1026,0.0689,0.0891,0.9926,2.8631,1.4312,0.4372,311.44608933168513
M50L-17,0,12.0,4.0,224.0,227.0,4.0,2.0,6.0,0.25,225.388,404.101,672.512,13.3269,13.0,1.2093,1.0942,4.6525,0.7305,0.203,0.0665,0.122,0.0635,3.2209,1.0734,0.4729,310.9806800188719
M50L-17,0,21.0,8.0,224.0,227.0,4.0,3.0,6.0,0.2917,225.407,382.259,716.119,18.9769,16.0,1.3827,1.2191,5.7261,0.6419,0.12,0.2381,0.1199,0.7944,3.5788,1.0736,0.4609,330.2608291063292
M50L-17,0,18.0,4.0,224.0,227.0,4.0,5.0,3.0,0.3,225.415,400.472,715.813,16.2798,14.0,1.3057,1.0549,5.0103,0.6274,0.0428,0.3298,0.3813,0.704,3.0421,1.0737,0.3316,312.045587619822
M50L-17,0,11.0,4.0,225.0,226.0,2.0,2.0,3.0,0.9167,225.468,499.492,710.857,13.5957,15.0,1.3095,0.7055,5.3682,0.5077,0.0849,0.4074,0.1173,0.6973,3.2209,0.7156,0.4286,213.014336402506
M50L-17,0,24.0,3.0,224.0,227.0,4.0,4.0,9.0,0.1667,225.492,364.821,754.366,17.9703,14.0,1.3659,1.1482,5.0103,0.9197,0.0125,0.0677,0.1207,0.6324,3.042,1.4314,0.3089,350.1905895323288
M50L-17,0,20.0,4.0,225.0,226.0,2.0,6.0,7.0,0.2381,225.507,968.114,805.066,16.8848,13.0,1.2322,3.5837,4.6522,0.8843,0.0691,0.0466,0.0517,0.8384,2.8632,1.0736,0.4028,271.8583847373482
M50L-17,0,12.0,3.0,225.0,226.0,2.0,3.0,5.0,0.4,225.535,366.062,768.884,13.3268,13.0,1.2093,0.4834,4.6522,0.7638,0.1001,0.1361,0.1152,0.9166,2.8632,1.4314,0.4806,350.99635795831273
M50L-17,0,19.0,8.0,224.0,226.0,3.0,4.0,7.0,0.2262,225.572,880.536,749.45,18.2264,18.0,1.5405,0.8206,6.4415,0.8394,0.0678,0.0927,0.1048,0.7334,3.5786,1.4314,0.527,172.05057336725147
M50L-17,0,10.0,5.0,225.0,227.0,3.0,2.0,3.0,0.5556,225.638,924.603,810.991,13.1275,14.0,1.2069,1.2438,5.0103,0.3193,0.3186,0.3622,0.9209,0.1505,3.3999,0.3579,0.5603,233.8549971456671
M50L-17,0,15.0,9.0,225.0,227.0,3.0,3.0,3.0,0.5556,225.644,383.197,739.963,17.3715,17.0,1.3564,1.0299,6.084,0.2223,0.3905,0.3873,0.4278,0.8451,3.5786,0.8948,0.6809,330.44618650848435
M50L-17,0,15.0,3.0,225.0,227.0,3.0,4.0,4.0,0.3125,225.65,881.638,725.081,14.7842,13.0,1.2187,1.5118,4.6525,0.6822,0.1747,0.1431,0.2136,0.7797,2.8631,1.0734,0.3875,169.60526113596833
M50L-17,0,11.0,3.0,225.0,227.0,3.0,3.0,4.0,0.3056,225.658,1015.812,771.607,12.6245,14.0,1.3162,0.7215,5.0101,0.4153,0.3336,0.2511,0.5183,0.8293,3.2209,0.8947,0.3333,309.0174862252944
M50L-17,0,10.0,5.0,225.0,227.0,3.0,3.0,3.0,0.3704,225.684,1017.035,756.798,12.9011,14.0,1.2281,0.3764,5.0101,0.4476,0.3446,0.2078,0.4932,0.6029,3.7577,1.2525,0.5789,307.7399535793167
M50L-17,0,10.0,4.0,225.0,227.0,3.0,2.0,3.0,0.5556,225.696,445.491,875.339,12.6748,14.0,1.25,0.6696,5.0101,0.2818,0.2486,0.4696,0.7071,0.4082,3.5788,1.4314,0.4464,312.7464564179745
M50L-17,0,16.0,4.0,225.0,227.0,3.0,3.0,4.0,0.4444,225.75,383.198,694.279,15.3883,15.0,1.3953,0.7882,5.3679,0.2142,0.2803,0.5054,0.0985,0.1889,3.2209,0.358,0.3198,329.80571863598726
M50L-17,0,16.0,4.0,225.0,227.0,3.0,4.0,3.0,0.4444,225.757,381.905,725.124,15.1199,13.0,1.2308,1.3369,4.6525,0.3628,0.2177,0.4196,0.4482,0.8816,2.8629,1.0736,0.3728,330.83594031029946
M50L-17,0,17.0,3.0,225.0,227.0,3.0,3.0,6.0,0.3148,225.829,390.088,789.238,15.7099,13.0,1.221,2.974,4.6522,0.8288,0.0422,0.129,0.1348,0.1961,2.8629,0.8948,0.4144,331.4184943360886
M50L-17,0,19.0,3.0,225.0,228.0,4.0,3.0,6.0,0.2639,225.868,363.245,694.368,16.7483,17.0,1.5833,0.691,6.0837,0.7067,0.1573,0.136,0.1656,0.1577,2.8632,1.0737,0.348,349.72535574218807
M50L-17,0,11.0,4.0,225.0,227.0,3.0,4.0,3.0,0.3056,225.887,887.573,798.298,13.3796,17.0,1.5081,0.8293,6.0837,0.5327,0.2688,0.1985,0.0928,0.0149,2.8631,0.7157,0.4435,194.96628460582613
M50L-17,0,15.0,3.0,225.0,227.0,3.0,4.0,4.0,0.3125,225.918,361.925,719.233,14.6916,17.0,1.6038,0.2579,6.0837,0.6183,0.1191,0.2626,0.1391,0.8262,2.6841,0.8947,0.2767,350.63964966044557
M50L-17,0,31.0,5.0,225.0,228.0,4.0,6.0,8.0,0.1615,226.143,1019.327,835.268,22.0457,19.0,1.7172,2.3704,6.7994,0.8764,0.0287,0.095,0.1338,0.914,3.9364,1.4314,0.3703,330.4766099938088
M50L-17,0,12.0,5.0,225.0,227.0,3.0,3.0,5.0,0.2667,226.179,365.015,677.873,13.8428,14.0,1.2537,0.8914,5.0101,0.6814,0.1985,0.1201,0.187,0.1405,3.2207,0.8946,0.4851,349.20603424625983
M50L-17,0,11.0,3.0,225.0,227.0,3.0,3.0,3.0,0.4074,226.195,878.585,761.941,12.732,16.0,1.4915,0.4625,5.7258,0.3201,0.2793,0.4006,0.6692,0.4891,2.5049,0.8945,0.3559,173.2877367444102
M50L-17,0,18.0,3.0,225.0,228.0,4.0,4.0,5.0,0.225,226.254,854.054,690.108,15.6043,14.0,1.3622,1.3369,5.0098,0.6182,0.2457,0.1362,0.2601,0.4557,2.5052,0.7157,0.3405,143.3141185647806
M50L-17,0,11.0,4.0,226.0,227.0,2.0,5.0,3.0,0.3667,226.544,860.675,841.886,12.3001,13.0,1.2544,1.6838,4.6522,0.7603,0.1325,0.1072,0.1452,0.751,2.5051,1.0734,0.4386,196.7144316541112
M50L-17,0,12.0,5.0,226.0,228.0,3.0,3.0,4.0,0.3333,226.651,1004.671,821.158,15.082,17.0,1.3973,0.948,6.0837,0.5266,0.2601,0.2132,0.3326,0.5655,3.7576,1.4313,0.589,311.72175767020184
M50L-17,0,10.0,3.0,226.0,228.0,3.0,2.0,3.0,0.5556,226.809,861.636,739.009,12.4476,14.0,1.2727,0.4108,5.0098,0.3716,0.2127,0.4157,0.0189,0.1294,2.8629,0.7156,0.4636,151.47367288410217
M50L-17,0,21.0,7.0,226.0,229.0,4.0,5.0,5.0,0.21,227.153,859.39,756.919,18.4282,17.0,1.5127,0.6341,6.0833,0.5977,0.196,0.2063,0.2512,0.6827,3.0417,0.7156,0.4576,153.45917913569065
M50L-17,0,21.0,11.0,226.0,228.0,3.0,4.0,6.0,0.2917,227.189,861.418,746.406,19.4433,17.0,1.4337,0.7343,6.0833,0.8386,0.0313,0.1301,0.0491,0.9508,3.9362,1.4312,0.6064,152.7291313404224
M50L-17,0,13.0,3.0,227.0,229.0,3.0,4.0,3.0,0.3611,227.497,859.98,752.06,14.7872,18.0,1.5705,1.1362,6.4411,0.6856,0.1851,0.1293,0.1026,0.392,2.8628,0.7157,0.3423,152.6936278958621
M50L-17,0,21.0,10.0,226.0,229.0,4.0,4.0,4.0,0.3281,227.577,857.917,761.526,19.755,18.0,1.4941,1.5854,6.4411,0.2281,0.3158,0.4561,0.4113,0.7865,3.3991,0.7156,0.5968,153.4589605236527
M50L-17,0,11.0,5.0,227.0,229.0,3.0,3.0,4.0,0.3056,227.821,843.463,722.699,13.2699,13.0,1.1626,0.9897,4.6519,0.3861,0.3377,0.2763,0.1231,0.7992,3.2206,0.7157,0.5203,131.35953322846422
M50L-17,0,16.0,4.0,227.0,229.0,3.0,3.0,5.0,0.3556,228.13,850.207,785.343,15.1173,13.0,1.2308,0.7009,4.6515,0.7694,0.0635,0.1671,0.4711,0.8768,3.2204,1.0734,0.2959,155.78613705333345
M50L-17,0,27.0,6.0,228.0,229.0,2.0,5.0,7.0,0.3857,228.422,559.571,718.699,19.9,16.0,1.4948,1.8024,5.725,0.4989,0.3819,0.1193,0.0168,0.9931,3.22,1.0734,0.2976,153.0545871315198
M50L-17,0,16.0,5.0,228.0,229.0,2.0,3.0,7.0,0.381,228.631,560.235,709.263,16.0111,14.0,1.2514,0.5099,5.0089,0.8992,0.0323,0.0684,0.0851,0.826,3.2203,1.073,0.3575,152.29940378740815
M50L-17,0,14.0,3.0,228.0,230.0,3.0,4.0,2.0,0.5833,228.637,836.752,764.548,15.0128,17.0,1.5159,0.6309,6.0822,0.6683,0.1067,0.2251,0.2312,0.0688,2.8625,0.358,0.2803,134.71285687713697
M50L-17,0,14.0,5.0,228.0,231.0,4.0,4.0,4.0,0.2188,229.007,818.85,742.667,14.6297,14.0,1.281,1.5644,5.0094,0.8417,0.0707,0.0876,0.4817,0.4842,3.3991,0.7156,0.4248,110.54578413037744
M50L-17,1,14.0,5.0,589.0,592.0,4.0,3.0,5.0,0.2333,590.939,298.122,1164.244,15.4762,21.0,1.6333,0.9132,6.7557,0.457,0.2477,0.2953,0.5728,0.5646,4.1823,1.9302,0.4389,613.0104146097356
M50L-17,1,14.0,6.0,1248.0,1251.0,4.0,4.0,3.0,0.2917,1249.128,332.897,420.133,17.2537,24.0,1.6552,0.2117,7.6324,0.4328,0.3742,0.193,0.2899,0.2121,4.4523,0.9541,0.532,479.1418373488168
M50L-17,1,21.0,13.0,1271.0,1273.0,3.0,4.0,3.0,0.5833,1271.907,868.986,1220.328,24.5636,33.0,1.9576,0.341,10.4933,0.3536,0.1477,0.4987,0.5374,0.5179,5.4056,2.2258,0.7514,531.3917065404765
M50L-17,0,20.0,3.0,2126.0,2129.0,4.0,3.0,5.0,0.3333,2127.785,601.195,748.992,18.0461,15.0,1.2195,1.3079,4.921,0.5494,0.2844,0.1662,0.3922,0.2221,3.6087,1.1483,0.4553,117.13440608548792
M50L-17,1,12.0,5.0,2159.0,2161.0,3.0,2.0,3.0,0.6667,2160.101,330.494,562.165,14.9592,20.0,1.519,0.5419,6.5595,0.2787,0.3995,0.3218,0.7319,0.0235,4.2637,1.9678,0.5063,410.523076404969
M50L-17,1,10.0,8.0,2527.0,2529.0,3.0,3.0,3.0,0.3704,2528.162,633.176,452.77,15.4007,23.0,1.5541,0.3316,7.5684,0.5168,0.1181,0.3651,0.7551,0.0778,4.6069,1.6453,0.8446,271.5731390914794
M50L-17,1,15.0,10.0,3089.0,3091.0,3.0,2.0,5.0,0.5,3089.611,1123.468,598.949,18.301,20.0,1.3889,0.6103,6.563,0.6132,0.1232,0.2635,0.1834,0.3894,4.9221,1.3126,0.75,426.3666574968077
M50L-17,1,10.0,4.0,3562.0,3564.0,3.0,4.0,2.0,0.4167,3563.205,378.477,947.508,13.7239,20.0,1.5152,0.7467,6.5755,0.3689,0.3647,0.2664,0.193,0.4904,4.2741,1.9727,0.5076,408.4117096668508
M50L-17,1,45.0,26.0,3581.0,3584.0,4.0,7.0,6.0,0.2679,3582.422,175.884,1003.028,34.6161,30.0,1.9122,1.4201,9.8673,0.7113,0.0524,0.2363,0.099,0.9572,4.6047,1.3156,0.6997,610.2157407343734
M50L-17,0,10.0,4.0,3585.0,3587.0,3.0,2.0,4.0,0.4167,3586.189,615.346,663.748,13.2105,21.0,1.6535,0.4682,6.9077,0.5444,0.2247,0.2309,0.2394,0.3157,2.9605,0.4934,0.5118,108.69984921792668
M50L-17,0,42.0,13.0,3585.0,3587.0,3.0,5.0,14.0,0.2,3586.236,602.102,704.567,28.8296,23.0,1.7007,4.5741,7.5656,0.9036,0.0735,0.0229,0.0216,0.9745,4.6051,1.3157,0.6743,110.6826585016822
M50L-17,0,16.0,5.0,3585.0,3588.0,4.0,3.0,6.0,0.2222,3586.471,603.736,724.189,18.6674,22.0,1.5507,1.4759,7.2366,0.7893,0.1037,0.107,0.1427,0.3369,4.6053,0.9868,0.5991,109.39031226301532
M50L-17,0,11.0,6.0,3586.0,3588.0,3.0,2.0,3.0,0.6111,3586.959,613.414,749.065,16.7615,26.0,1.6923,0.4213,8.5526,0.1142,0.6778,0.208,0.2885,0.0781,3.2894,0.6578,0.6805,105.6173973405897
M50L-17,1,16.0,9.0,3885.0,3888.0,4.0,4.0,4.0,0.25,3887.048,398.167,603.333,17.5831,20.0,1.5238,1.5731,6.6982,0.6804,0.167,0.1526,0.5087,0.533,4.8581,1.3397,0.6857,332.75015969643056
M50L-18,0,25.0,5.0,229.0,232.0,4.0,3.0,6.0,0.3472,230.232,546.079,702.561,19.8362,15.0,1.3393,1.46,5.3143,0.7395,0.1448,0.1158,0.1062,0.7833,3.1866,1.0621,0.4286,166.71752445978802
M50L-18,0,15.0,3.0,229.0,231.0,3.0,3.0,5.0,0.3333,230.295,567.163,716.669,15.1824,15.0,1.3554,0.4726,5.313,0.6283,0.1915,0.1802,0.0935,0.7559,2.8341,1.0623,0.3434,145.39678170441047
M50L-18,0,14.0,8.0,230.0,232.0,3.0,3.0,3.0,0.5185,230.657,849.279,728.581,16.2847,17.0,1.3837,0.9876,6.0229,0.4349,0.2393,0.3258,0.323,0.3254,3.5423,0.5314,0.6744,137.72107101674746
M50L-18,0,14.0,8.0,229.0,232.0,4.0,3.0,4.0,0.2917,230.728,845.787,740.243,16.0009,16.0,1.3254,1.2898,5.6686,0.3607,0.3888,0.2505,0.4944,0.4417,3.5416,0.5311,0.645,136.1436682993374
M50L-18,0,11.0,3.0,230.0,232.0,3.0,3.0,4.0,0.3056,230.965,829.835,711.652,12.2843,13.0,1.2435,0.3866,4.6057,0.6279,0.1752,0.1969,0.332,0.6444,2.8343,1.2399,0.3217,117.33806428009628
M50L-18,0,11.0,3.0,230.0,232.0,3.0,4.0,4.0,0.2292,231.168,826.565,725.969,13.9941,15.0,1.2595,1.1345,5.3143,0.7383,0.1274,0.1343,0.1404,0.5012,3.542,1.4168,0.6183,114.85746900397908
M50L-18,1,43.0,26.0,761.0,766.0,6.0,6.0,6.0,0.1991,763.526,551.039,763.017,34.5333,34.0,2.0448,0.476,10.7681,0.3944,0.2817,0.324,0.6501,0.6968,5.0675,1.2669,0.7399,169.179259396653
M50L-18,1,17.0,4.0,793.0,795.0,3.0,4.0,5.0,0.2833,793.913,1292.222,591.722,17.6546,22.0,1.6261,0.76,6.9627,0.7556,0.0432,0.2013,0.2139,0.7394,4.1143,1.4242,0.3391,592.1696737996635
M50L-18,0,14.0,4.0,865.0,868.0,4.0,3.0,3.0,0.3889,866.618,732.849,612.468,15.7343,19.0,1.4301,1.1501,6.0138,0.7074,0.0992,0.1935,0.7645,0.5955,3.7982,1.1078,0.5806,102.08076618540836
M50L-18,1,20.0,16.0,873.0,876.0,4.0,4.0,3.0,0.4167,874.928,971.135,1191.436,29.372,39.0,1.8795,0.5843,12.3443,0.5153,0.0228,0.4618,0.7179,0.6471,6.6469,1.5826,0.8892,544.3085111598016
M50L-18,1,28.0,19.0,1050.0,1053.0,4.0,4.0,5.0,0.35,1051.236,885.974,929.73,29.4997,40.0,2.2581,0.3596,12.5886,0.5146,0.2571,0.2283,0.2476,0.0561,4.5632,0.9441,0.7923,277.99658554737687
M50L-18,0,13.0,7.0,1235.0,1238.0,4.0,3.0,5.0,0.2167,1236.681,756.514,625.865,16.172,20.0,1.4054,2.086,6.3036,0.8257,0.0829,0.0913,0.6141,0.3761,4.7277,1.2608,0.6432,97.1743557786724
M50L-18,1,12.0,6.0,1521.0,1524.0,4.0,3.0,3.0,0.3333,1522.414,1018.55,476.03,15.3202,20.0,1.4201,0.8043,6.2807,0.6684,0.1889,0.1427,0.7505,0.0561,4.0823,1.256,0.6509,386.761765690457
M50L-18,1,11.0,3.0,1639.0,1640.0,2.0,2.0,5.0,0.55,1639.616,780.312,508.906,13.0484,15.0,1.1957,0.9285,4.704,0.8435,0.028,0.1285,0.152,0.5149,3.7632,0.9408,0.4275,214.5902704690965
M50L-18,1,13.0,5.0,2003.0,2005.0,3.0,3.0,3.0,0.4815,2004.257,1298.097,618.897,15.6598,20.0,1.4857,0.2935,6.4527,0.1723,0.4046,0.4231,0.4176,0.4461,4.194,1.2904,0.4629,593.0306636405911
M50L-18,1,14.0,9.0,2143.0,2145.0,3.0,3.0,3.0,0.5185,2144.307,199.913,659.353,18.9462,28.0,1.7982,0.4762,9.1051,0.0233,0.2625,0.7141,0.4963,0.2949,4.2274,1.3007,0.7523,515.3348777038092
M50L-18,0,21.0,5.0,2330.0,2332.0,3.0,6.0,6.0,0.1944,2330.844,1046.638,1212.691,17.2736,16.0,1.3827,2.3421,5.212,0.5239,0.3744,0.1016,0.1249,0.9909,3.909,2.1174,0.3498,601.5307469489818
M50L-18,0,23.0,5.0,2330.0,2332.0,3.0,6.0,6.0,0.213,2330.907,1075.807,1190.566,19.698,17.0,1.3483,2.2377,5.5378,0.3991,0.5211,0.0798,0.0722,0.9958,4.2348,1.9545,0.5517,600.4490624565918
M50L-18,0,39.0,4.0,2330.0,2332.0,3.0,9.0,9.0,0.1605,2330.961,1097.366,1173.004,24.2032,18.0,1.5129,0.6348,5.8635,0.7263,0.2419,0.0318,0.0394,0.9938,3.909,0.9773,0.403,600.1547900100439
M50L-18,0,33.0,3.0,2330.0,2332.0,3.0,9.0,7.0,0.1746,2330.972,1131.251,1142.046,22.3422,17.0,1.4239,1.7496,5.5378,0.6683,0.2945,0.0372,0.0549,0.9958,3.909,1.6288,0.335,599.8851274344114
M50L-18,0,42.0,6.0,2330.0,2332.0,3.0,9.0,8.0,0.1944,2331.039,1110.349,1161.659,25.635,17.0,1.4,1.4913,5.5378,0.4781,0.4853,0.0366,0.0436,0.9896,4.2348,1.303,0.4706,600.023027959761
M50L-18,0,16.0,3.0,2330.0,2332.0,3.0,4.0,6.0,0.2222,2331.052,1127.495,1147.371,15.799,16.0,1.3196,1.4586,5.212,0.671,0.2552,0.0739,0.1339,0.9873,3.5833,0.9773,0.4433,601.1103365156849
M50L-18,0,12.0,4.0,2331.0,2332.0,2.0,5.0,5.0,0.24,2331.075,1028.116,1225.259,13.8234,15.0,1.2245,1.1476,4.8863,0.6746,0.2607,0.0646,0.0755,0.9963,3.4204,0.9773,0.4762,602.1090030359951
M50L-18,0,17.0,4.0,2331.0,2332.0,2.0,7.0,5.0,0.2429,2331.104,1081.935,1187.682,15.8803,17.0,1.4378,0.9935,5.5378,0.6145,0.3231,0.0624,0.0153,0.9948,3.909,1.303,0.2935,601.8971277128676
M50L-18,0,19.0,5.0,2331.0,2332.0,2.0,5.0,5.0,0.38,2331.567,1184.202,1093.753,18.459,17.0,1.3077,1.3521,5.5378,0.6774,0.215,0.1076,0.0556,0.928,4.8863,1.9545,0.5951,606.5118521620167
M50L-18,1,16.0,6.0,2649.0,2652.0,4.0,5.0,4.0,0.2,2650.875,363.322,1176.913,16.9712,20.0,1.5385,0.9364,6.5274,0.7128,0.1154,0.1718,0.4786,0.5205,4.406,1.1423,0.5721,581.0376151790863
M50L-18,1,12.0,3.0,2780.0,2782.0,3.0,3.0,4.0,0.3333,2781.38,564.766,859.146,14.8589,19.0,1.443,1.2995,6.1897,0.2515,0.3713,0.3772,0.4909,0.8705,4.5609,1.6289,0.519,208.15951592949096
M50L-18,1,11.0,7.0,2925.0,2926.0,2.0,3.0,3.0,0.6111,2925.526,1299.701,639.617,15.1169,19.0,1.3571,0.6788,6.1859,0.3207,0.2891,0.3902,0.2128,0.8889,4.2323,0.9766,0.7273,591.7068075406942
M50L-18,1,11.0,3.0,2959.0,2961.0,3.0,3.0,3.0,0.4074,2960.142,535.922,538.965,13.857,18.0,1.4043,0.1657,5.867,0.6915,0.1331,0.1753,0.5262,0.5706,3.9114,0.9779,0.5177,247.57662714602117
M50L-18,1,12.0,9.0,3023.0,3025.0,3.0,3.0,3.0,0.4444,3023.774,1092.684,897.995,17.8731,30.0,1.8947,0.3885,9.7759,0.2149,0.2258,0.5593,0.2203,0.6934,4.5621,0.9776,0.8211,423.0227758419161
M50L-18,1,17.0,9.0,3138.0,3140.0,3.0,4.0,4.0,0.3542,3138.973,937.553,557.836,17.809,21.0,1.5796,0.5774,6.823,0.2288,0.4734,0.2978,0.6436,0.7538,4.3862,1.6245,0.6062,273.07472549652044
M50L-18,1,21.0,13.0,3138.0,3141.0,4.0,3.0,4.0,0.4375,3139.03,1252.186,939.713,20.9864,22.0,1.5608,0.3434,7.1479,0.4999,0.1456,0.3545,0.627,0.386,3.8988,1.2996,0.7061,585.5653046117059
M50L-18,1,11.0,5.0,3143.0,3144.0,2.0,3.0,3.0,0.6111,3143.521,918.903,959.34,14.106,18.0,1.375,0.8461,5.8481,0.6117,0.054,0.3343,0.1327,0.6118,3.5738,1.2996,0.5417,321.7641745269352
M50L-18,1,11.0,7.0,3325.0,3328.0,4.0,3.0,2.0,0.4583,3326.49,537.136,253.558,14.4149,19.0,1.4218,1.0871,6.1794,0.7385,0.0172,0.2443,0.6829,0.4626,4.5532,0.9757,0.7007,491.3046833279732
M50L-18,1,28.0,20.0,3378.0,3381.0,4.0,4.0,4.0,0.4375,3379.776,1242.405,960.062,28.8361,29.0,1.7313,0.467,9.435,0.2234,0.0737,0.7029,0.7294,0.6085,5.2055,1.3014,0.8102,584.8814006864981
M50L-18,1,10.0,6.0,3512.0,3514.0,3.0,2.0,3.0,0.5556,3512.912,1293.759,594.861,14.074,22.0,1.6058,0.2914,7.1469,0.1234,0.5178,0.3588,0.4924,0.1784,3.8983,1.2994,0.6861,593.0438090073953
M50L-18,1,10.0,5.0,3532.0,3534.0,3.0,2.0,3.0,0.5556,3533.078,1295.643,608.442,13.2639,16.0,1.2403,0.5731,5.2024,0.4186,0.1313,0.4501,0.7566,0.0789,4.3896,0.9755,0.5659,592.3544764859973
M50L-18,0,19.0,5.0,3589.0,3591.0,3.0,7.0,4.0,0.2262,3589.651,743.003,625.527,21.8438,25.0,1.6267,1.157,8.1521,0.9043,0.0478,0.0479,0.0573,0.0772,4.5652,2.2825,0.7397,92.1668906820665
M50L-18,0,10.0,6.0,3589.0,3591.0,3.0,1.0,6.0,0.5556,3589.825,792.0,708.701,15.8798,20.0,1.2987,2.707,6.5217,0.9134,0.0624,0.0242,0.2152,0.0,4.7281,0.9782,0.8442,79.59071805807508
M50L-18,1,14.0,5.0,3641.0,3643.0,3.0,4.0,3.0,0.3889,3641.778,287.114,1160.843,16.1594,21.0,1.5892,0.2942,6.8634,0.1877,0.2872,0.5251,0.0938,0.5786,3.922,0.9805,0.4703,618.032923593072
M50L-18,1,33.0,21.0,3820.0,3823.0,4.0,4.0,5.0,0.4125,3821.892,965.435,909.2,35.4363,46.0,2.4484,0.4912,15.1034,0.408,0.0774,0.5147,0.5144,0.8554,4.5971,1.6414,0.7984,320.4169225009815
M50L-18,1,17.0,10.0,3894.0,3896.0,3.0,4.0,4.0,0.3542,3894.722,665.57,922.818,24.2791,37.0,2.0828,0.5439,12.2652,0.0966,0.1963,0.7071,0.1475,0.975,5.635,1.8233,0.7417,215.4903385862113
M50L-19,1,34.0,20.0,1122.0,1125.0,4.0,4.0,4.0,0.5312,1123.18,856.645,1238.784,36.1623,43.0,2.1886,0.4523,13.5734,0.2051,0.1646,0.6303,0.264,0.0213,5.3663,1.5783,0.7665,545.6671418374026
M50L-19,0,12.0,5.0,1263.0,1265.0,3.0,4.0,3.0,0.3333,1263.651,800.066,690.368,13.8541,15.0,1.1842,1.1803,4.7361,0.6386,0.1474,0.214,0.1926,0.0881,3.1574,0.9472,0.4803,90.31959798404776
M50L-19,0,10.0,3.0,1614.0,1617.0,4.0,3.0,2.0,0.4167,1614.893,797.861,684.82,12.1663,18.0,1.4754,0.2516,5.6764,0.5298,0.3243,0.1459,0.9385,0.2243,3.7843,1.5768,0.377,89.73674119890913
M50L-19,0,10.0,5.0,1779.0,1782.0,4.0,2.0,3.0,0.4167,1780.456,796.228,685.294,13.5907,20.0,1.4706,0.6592,6.3204,0.4299,0.1932,0.3769,0.9187,0.039,4.2662,1.1061,0.6176,88.0371763518117
M50L-19,0,10.0,7.0,2122.0,2125.0,4.0,3.0,3.0,0.2778,2123.526,799.852,692.333,13.9342,17.0,1.2593,1.0303,5.5488,0.3559,0.1813,0.4628,0.9523,0.2152,3.9167,1.3056,0.7778,89.64976181228815
M50L-19,0,39.0,6.0,2334.0,2336.0,3.0,8.0,8.0,0.2031,2334.994,1184.176,1077.893,25.6169,20.0,1.5984,2.1139,6.5564,0.7226,0.217,0.0604,0.0869,0.9952,4.2617,1.3113,0.5369,596.6492214232748
M50L-19,0,37.0,10.0,2334.0,2336.0,3.0,9.0,6.0,0.2284,2335.079,1162.211,1101.615,24.4677,16.0,1.304,0.4467,5.2452,0.7316,0.2158,0.0527,0.1505,0.9878,3.606,0.9835,0.4714,594.685182887551
M50L-19,0,27.0,4.0,2334.0,2336.0,3.0,6.0,8.0,0.1875,2335.096,1170.552,1092.134,21.135,20.0,1.6119,1.561,6.5564,0.8322,0.1192,0.0486,0.0683,0.9958,3.2782,0.9835,0.4985,594.9231955975494
M50L-19,0,11.0,3.0,2335.0,2336.0,2.0,4.0,5.0,0.275,2335.156,1193.532,1066.986,13.9367,19.0,1.4823,2.0617,6.2286,0.6666,0.2414,0.092,0.0438,0.9555,3.2782,0.9835,0.5532,597.538374684003
M50L-19,0,16.0,3.0,2335.0,2336.0,2.0,2.0,7.0,0.5714,2335.245,1167.585,1097.729,15.4077,16.0,1.3617,2.3218,5.2452,0.9047,0.0299,0.0655,0.0806,0.9227,3.2782,1.1474,0.3883,596.2413434725909
M50L-19,0,27.0,4.0,2334.0,2336.0,3.0,7.0,7.0,0.1837,2335.348,1120.997,1144.367,20.8195,16.0,1.3091,2.8922,5.2452,0.8058,0.1335,0.0607,0.2227,0.9715,4.2617,1.3113,0.5152,594.4568148301439
M50L-19,0,24.0,6.0,2334.0,2336.0,3.0,5.0,5.0,0.32,2335.356,1174.142,1089.912,19.7404,17.0,1.3831,1.4305,5.573,0.2711,0.5214,0.2075,0.1,0.9683,3.606,1.3113,0.4814,596.2827801538463
M50L-19,0,13.0,7.0,2335.0,2336.0,2.0,5.0,3.0,0.4333,2335.412,1150.096,1117.085,16.0931,19.0,1.3955,1.2465,6.2286,0.7146,0.0983,0.1871,0.1055,0.985,3.606,0.6556,0.6215,595.9691950436701
M50L-19,0,23.0,3.0,2334.0,2336.0,3.0,6.0,5.0,0.2556,2335.44,1031.404,1225.815,18.7978,17.0,1.4218,1.8776,5.573,0.6846,0.1519,0.1635,0.2976,0.9442,3.2782,1.3113,0.4255,604.3112198536447
M50L-19,0,19.0,4.0,2335.0,2336.0,2.0,6.0,5.0,0.3167,2335.467,1133.775,1133.066,17.0721,16.0,1.3392,0.9075,5.2452,0.7288,0.1858,0.0855,0.1635,0.9752,4.2617,1.9669,0.4802,595.2716908950065
M50L-19,0,14.0,4.0,2335.0,2336.0,2.0,4.0,5.0,0.35,2335.5,1115.541,1151.065,14.8944,17.0,1.4,0.7396,5.573,0.5643,0.2535,0.1822,0.1741,0.9841,3.606,0.9835,0.4235,595.6352129500068
M50L-19,0,18.0,3.0,2335.0,2336.0,2.0,7.0,5.0,0.2571,2335.554,1108.235,1157.648,16.4582,16.0,1.3521,1.6164,5.2452,0.8433,0.0936,0.0631,0.1436,0.9668,3.4421,0.9835,0.3897,595.619788228195
M50L-19,0,26.0,3.0,2335.0,2336.0,2.0,6.0,7.0,0.3095,2335.559,1097.671,1167.071,18.9659,15.0,1.322,2.3712,4.9173,0.4552,0.4582,0.0865,0.1064,0.9866,3.9339,1.3113,0.2746,595.8116256687175
M50L-19,0,14.0,4.0,2335.0,2336.0,2.0,4.0,5.0,0.35,2335.572,1034.328,1216.906,15.7706,18.0,1.4,0.5471,5.9008,0.4081,0.4387,0.1532,0.0125,0.8807,2.7865,0.6556,0.5278,598.3299043337212
M50L-19,0,20.0,4.0,2335.0,2336.0,2.0,5.0,5.0,0.4,2335.61,1112.454,1155.586,18.2525,15.0,1.2048,1.6823,4.9173,0.1109,0.6628,0.2263,0.0186,0.9975,4.4256,1.9669,0.5582,596.8989910462238
M50L-19,0,17.0,3.0,2335.0,2336.0,2.0,6.0,3.0,0.4722,2335.613,1039.284,1214.779,16.2198,19.0,1.5833,1.7726,6.2286,0.7859,0.0964,0.1177,0.0333,0.9972,3.9339,1.3113,0.3627,599.2261480417891
M50L-19,0,20.0,4.0,2335.0,2336.0,2.0,7.0,5.0,0.2857,2335.613,1078.765,1183.517,17.4462,16.0,1.3445,1.093,5.2452,0.7386,0.1902,0.0712,0.181,0.9689,3.2782,1.6391,0.4244,596.663275653865
M50L-19,0,20.0,4.0,2335.0,2336.0,2.0,8.0,5.0,0.25,2335.65,1087.868,1175.617,17.8127,18.0,1.4815,1.2481,5.9008,0.8581,0.0939,0.0481,0.1044,0.9901,3.9339,1.3113,0.3621,596.1363024619453
M50L-19,0,12.0,3.0,2335.0,2336.0,2.0,5.0,4.0,0.3,2335.703,1055.103,1200.862,13.722,17.0,1.4069,0.9543,5.573,0.8127,0.0764,0.111,0.073,0.8634,3.1143,1.1474,0.3172,596.5519748127568
M50L-19,0,12.0,6.0,2335.0,2337.0,3.0,3.0,4.0,0.3333,2335.822,1200.895,1065.171,14.3844,17.0,1.3421,1.1324,5.573,0.4425,0.1543,0.4033,0.1812,0.9531,4.2617,1.803,0.5921,602.4172227501468
M50L-19,1,15.0,10.0,2631.0,2633.0,3.0,4.0,3.0,0.4167,2632.4,1259.493,503.653,19.0441,24.0,1.6,0.7327,7.8675,0.2587,0.3827,0.3587,0.0164,0.7918,4.9171,1.3113,0.76,585.5069696066819
M50L-19,1,12.0,9.0,2739.0,2740.0,2.0,3.0,3.0,0.6667,2739.486,1245.79,670.094,17.1074,21.0,1.3923,1.0626,6.8757,0.6667,0.0278,0.3056,0.0,0.0,4.7475,1.4734,0.8177,534.9733572207124
M50L-19,1,10.0,4.0,2890.0,2892.0,3.0,2.0,3.0,0.5556,2890.669,1158.638,330.477,13.4335,19.0,1.4615,0.7167,6.2087,0.0188,0.45,0.5312,0.4472,0.3651,3.4311,1.3071,0.4923,587.3505661638541
M50L-19,1,15.0,6.0,2895.0,2897.0,3.0,3.0,4.0,0.4167,2896.158,1263.832,516.663,16.0301,18.0,1.4211,0.4084,5.8817,0.4764,0.1677,0.3559,0.3389,0.0496,4.2479,1.307,0.4684,585.0804259185228
M50L-19,1,42.0,27.0,3214.0,3218.0,5.0,6.0,6.0,0.2333,3215.607,553.058,706.445,38.2222,46.0,2.5421,0.683,14.9928,0.1421,0.1113,0.7466,0.33,0.3391,5.2148,1.9556,0.7882,159.55693149781993
M50L-19,1,16.0,7.0,3262.0,3264.0,3.0,3.0,3.0,0.5926,3263.228,1150.752,748.965,16.4712,20.0,1.5842,0.3381,6.5232,0.286,0.186,0.528,0.2768,0.6966,4.2401,1.9568,0.5149,439.7664286061408
M50L-19,0,12.0,8.0,3581.0,3583.0,3.0,2.0,4.0,0.5,3582.356,767.497,761.836,16.7098,19.0,1.2881,1.3147,6.2135,0.5325,0.2823,0.1852,0.4777,0.277,4.5785,1.1446,0.7345,73.88308943865299
M50L-19,0,20.0,9.0,3582.0,3584.0,3.0,2.0,9.0,0.3704,3583.243,786.923,696.794,19.8911,22.0,1.6176,1.8121,7.1949,0.8974,0.0751,0.0275,0.0102,0.175,4.5785,1.6351,0.636,76.06222035281378
M50L-19,0,33.0,5.0,3581.0,3584.0,4.0,5.0,9.0,0.1833,3583.265,776.828,744.285,25.1635,23.0,1.7172,1.7592,7.5219,0.8566,0.0666,0.0768,0.0384,0.8987,4.2517,2.2893,0.5498,71.7521972416176
M50L-19,0,12.0,5.0,3582.0,3584.0,3.0,3.0,5.0,0.2667,3583.301,783.055,728.62,15.3887,18.0,1.3252,0.936,5.887,0.4827,0.3828,0.1344,0.0752,0.6644,4.2515,0.9813,0.6748,72.37307804011097
M50L-19,0,13.0,7.0,3582.0,3585.0,4.0,2.0,5.0,0.325,3583.53,780.881,734.627,16.7807,19.0,1.3351,0.6587,6.214,0.7385,0.1533,0.1082,0.3497,0.2005,3.9244,0.9811,0.6541,71.87186716650677
M50L-19,1,60.0,42.0,3594.0,3598.0,5.0,4.0,6.0,0.5,3596.135,1290.267,638.746,38.7428,27.0,1.7666,1.2893,8.836,0.4838,0.1011,0.4151,0.3956,0.3985,3.9274,1.309,0.7863,582.4554564986065
M50L-19,1,13.0,6.0,3634.0,3637.0,4.0,4.0,3.0,0.2708,3635.292,609.24,265.263,15.5644,21.0,1.5965,0.4607,6.8916,0.3869,0.1794,0.4337,0.7495,0.2568,3.9385,1.3127,0.5673,459.00279058955624
M50L-19,1,26.0,15.0,3814.0,3817.0,4.0,4.0,5.0,0.325,3815.627,1288.429,773.776,24.2137,26.0,1.8027,0.6115,8.5605,0.4959,0.2074,0.2967,0.0654,0.2098,4.9384,1.3169,0.6907,579.1795587009267
M50L-19,1,20.0,6.0,3874.0,3877.0,4.0,4.0,4.0,0.3125,3875.324,1274.148,557.788,18.5138,19.0,1.52,1.0487,6.2931,0.2135,0.1902,0.5963,0.1226,0.1913,4.305,1.3249,0.416,582.5669737017366
M50L-19,1,11.0,4.0,3925.0,3927.0,3.0,3.0,2.0,0.6111,3926.113,847.865,1290.582,14.2287,18.0,1.4043,0.454,6.0242,0.2836,0.2041,0.5122,0.6934,0.1385,3.6827,1.0045,0.4539,593.7191945263351
M50L-19,1,15.0,3.0,3941.0,3944.0,4.0,3.0,4.0,0.3125,3942.535,1179.388,361.324,14.7924,17.0,1.5,0.8336,5.7304,0.6549,0.1163,0.2288,0.568,0.4459,3.7091,1.0102,0.4235,584.2165587519751
M50L-19,1,38.0,23.0,4028.0,4032.0,5.0,5.0,5.0,0.304,4029.677,1211.265,410.171,32.341,28.0,1.9206,1.1023,10.0724,0.4676,0.1128,0.4196,0.6629,0.7058,4.6786,1.4398,0.7365,583.2403873755659
M50L-20,0,14.0,5.0,1168.0,1170.0,3.0,1.0,6.0,0.7778,1169.054,803.0,721.534,15.9893,22.0,1.5098,1.5353,6.4519,0.7982,0.1723,0.0295,0.1936,0.0,3.6658,1.1731,0.4559,90.9497837050754
M50L-20,0,12.0,5.0,1239.0,1241.0,3.0,4.0,2.0,0.5,1240.023,799.11,753.686,14.5568,20.0,1.3953,1.1542,5.8635,0.3679,0.4053,0.2268,0.1535,0.2757,3.6647,0.8795,0.5581,95.90400771604912
M50L-20,0,15.0,4.0,1312.0,1315.0,4.0,3.0,3.0,0.4167,1313.448,801.713,729.305,16.9186,21.0,1.4126,0.9326,6.1706,0.6472,0.0997,0.2532,0.7427,0.6696,3.8198,1.0284,0.5516,90.78197725319708
M50L-20,0,28.0,6.0,1319.0,1322.0,4.0,4.0,7.0,0.25,1320.718,803.456,719.914,20.7148,22.0,1.6515,0.5425,6.4651,0.7431,0.0447,0.2122,0.4291,0.6875,4.1141,0.8816,0.2788,91.2576645109878
M50L-20,1,21.0,10.0,2259.0,2263.0,5.0,5.0,4.0,0.21,2261.189,389.404,1017.222,20.3727,25.0,1.7677,0.4982,7.8585,0.4826,0.2768,0.2406,0.626,0.6444,4.5579,1.8861,0.6061,444.12444483500343
M50L-20,1,11.0,5.0,2753.0,2755.0,3.0,2.0,5.0,0.3667,2754.344,614.623,1292.232,14.3175,18.0,1.3113,1.1864,5.6605,0.679,0.1246,0.1964,0.1497,0.1089,4.7171,1.5724,0.6225,587.9363051836483
M50L-20,1,60.0,35.0,2763.0,2767.0,5.0,4.0,8.0,0.375,2765.265,1314.867,686.617,40.267,33.0,1.996,1.4145,10.376,0.7697,0.0231,0.2072,0.1333,0.5203,4.5592,1.5721,0.7137,602.922824562149
M50L-20,1,20.0,9.0,2777.0,2780.0,4.0,4.0,3.0,0.4167,2778.087,1194.878,1051.944,20.1024,21.0,1.4685,1.6487,6.601,0.505,0.2272,0.2678,0.4673,0.352,4.4008,1.5717,0.5664,589.83960872427
M50L-20,1,102.0,67.0,2800.0,2804.0,5.0,7.0,8.0,0.3643,2801.968,1316.096,690.469,54.2299,36.0,2.1067,1.8336,11.3121,0.529,0.1001,0.3709,0.1744,0.5646,4.7134,1.8853,0.7745,603.9979272952846
M50L-20,1,10.0,7.0,2832.0,2833.0,2.0,2.0,3.0,0.8333,2832.447,1266.382,913.757,15.105,20.0,1.3158,0.9582,6.285,0.5122,0.0732,0.4146,0.0,0.0,5.1851,1.8855,0.7697,589.3128625551966
M50L-20,1,29.0,18.0,2855.0,2857.0,3.0,4.0,6.0,0.4028,2855.806,1157.514,1100.002,25.9093,26.0,1.6982,1.1308,8.1704,0.558,0.2106,0.2314,0.1794,0.9836,4.7137,1.8855,0.7252,590.080723460782
M50L-20,1,31.0,15.0,2867.0,2870.0,4.0,6.0,5.0,0.2583,2868.077,990.013,1230.793,30.8686,42.0,2.3803,0.2208,13.1966,0.6028,0.231,0.1662,0.3912,0.8682,4.8701,1.4139,0.7166,587.912492653456
M50L-20,1,23.0,10.0,2920.0,2923.0,4.0,3.0,5.0,0.3833,2921.033,304.854,602.241,22.0167,27.0,1.8482,0.7735,8.4848,0.5379,0.0475,0.4146,0.3838,0.6317,4.0854,1.257,0.5685,422.2941017786064
M50L-20,1,46.0,19.0,3127.0,3132.0,6.0,5.0,6.0,0.2556,3129.139,1314.853,682.715,31.7076,30.0,2.0146,1.3528,9.4181,0.5776,0.2014,0.221,0.6737,0.0841,3.4534,1.5697,0.5825,603.0889510130327
M50L-20,1,14.0,5.0,3143.0,3146.0,4.0,3.0,3.0,0.3889,3144.229,1271.12,537.76,16.1131,22.0,1.6042,0.8032,6.9082,0.2688,0.3413,0.39,0.8954,0.1075,3.4541,1.256,0.4792,585.3122004537407
M50L-20,1,25.0,11.0,3150.0,3153.0,4.0,3.0,6.0,0.3472,3151.396,1315.072,709.46,21.73,23.0,1.6618,1.5812,7.2224,0.7624,0.0684,0.1693,0.2681,0.1482,3.6112,1.2561,0.5405,602.5796684124016
M50L-20,1,11.0,4.0,3185.0,3187.0,3.0,4.0,2.0,0.4583,3185.715,676.418,1307.646,14.9516,24.0,1.6709,0.6174,7.5324,0.3207,0.2891,0.3902,0.2552,0.4119,3.7662,0.6278,0.557,596.238770996989
M50L-20,1,19.0,8.0,3227.0,3230.0,4.0,3.0,4.0,0.3958,3228.54,1292.579,547.46,18.7817,20.0,1.4559,0.8725,6.2734,0.4092,0.1919,0.399,0.7112,0.0675,4.0777,0.941,0.5326,603.100197182027
M50L-20,1,23.0,13.0,3253.0,3255.0,3.0,6.0,4.0,0.3194,3254.011,597.321,1148.186,23.8742,28.0,1.7644,0.3709,8.7833,0.5092,0.2438,0.247,0.395,0.7576,4.7053,1.2548,0.6877,450.6534063301862
M50L-20,1,10.0,3.0,3255.0,3257.0,3.0,3.0,3.0,0.3704,3256.114,314.016,959.902,12.2015,17.0,1.3821,0.1508,5.3329,0.4646,0.156,0.3794,0.1885,0.5774,3.7643,1.5685,0.3902,469.03864218207013
M50L-20,1,17.0,3.0,3302.0,3305.0,4.0,4.0,4.0,0.2656,3303.588,1231.763,991.171,16.0604,18.0,1.4502,0.8839,5.649,0.1322,0.2875,0.5802,0.0454,0.8704,4.0798,0.9415,0.2417,589.3145080600001
M50L-20,1,74.0,52.0,3306.0,3310.0,5.0,6.0,6.0,0.4111,3308.228,758.005,1322.317,54.0301,47.0,2.3484,0.3904,14.7501,0.3522,0.1594,0.4885,0.3041,0.9158,5.3351,1.5692,0.8332,611.5124516426464
M50L-20,1,20.0,8.0,3310.0,3313.0,4.0,5.0,4.0,0.25,3311.748,1249.183,955.679,20.3505,25.0,1.7241,0.7471,7.8457,0.2324,0.2132,0.5544,0.4575,0.8673,4.0798,0.9415,0.5345,589.2068130376633
M50L-20,1,33.0,20.0,3318.0,3321.0,4.0,4.0,5.0,0.4125,3319.516,1295.129,556.071,27.0956,26.0,1.7298,0.5057,8.1592,0.5372,0.1291,0.3338,0.5139,0.8391,4.7072,1.2552,0.6996,603.2632789106261
M50L-20,1,44.0,24.0,3388.0,3392.0,5.0,5.0,5.0,0.352,3389.888,911.256,138.797,32.2013,27.0,1.7445,0.3447,8.4687,0.3674,0.3569,0.2757,0.7789,0.5429,4.3913,1.2546,0.6579,607.156552912838
M50L-20,1,43.0,24.0,3500.0,3504.0,5.0,4.0,6.0,0.3583,3501.772,1310.724,640.187,33.3056,32.0,1.977,0.404,10.0414,0.4183,0.073,0.5087,0.517,0.5948,3.7656,1.0982,0.6997,602.5787285865639
M50L-20,1,14.0,7.0,3542.0,3545.0,4.0,3.0,3.0,0.3889,3543.722,1222.448,1007.026,16.2876,20.0,1.4433,0.85,6.2828,0.4387,0.2279,0.3334,0.872,0.224,4.3979,1.5707,0.6237,588.8909299522281
M50L-20,1,27.0,19.0,3550.0,3553.0,4.0,3.0,5.0,0.45,3551.058,1187.137,1061.121,25.9992,26.0,1.6326,0.1919,8.1686,0.2603,0.2809,0.4588,0.2877,0.0146,4.7126,1.2567,0.7837,588.9116091655861
M50L-20,1,53.0,35.0,3549.0,3553.0,5.0,5.0,6.0,0.3533,3551.391,1311.199,641.881,37.6749,28.0,1.6999,1.2898,8.7971,0.488,0.0938,0.4182,0.1709,0.8339,5.0268,1.5708,0.7617,602.8495133629951
M50L-20,1,20.0,8.0,3565.0,3567.0,3.0,3.0,5.0,0.4444,3565.934,1296.632,758.415,19.1126,22.0,1.6176,0.6937,6.9134,0.6566,0.0893,0.2541,0.4376,0.413,3.4566,1.257,0.511,585.9337681419292
M50L-20,0,10.0,7.0,3587.0,3590.0,4.0,2.0,4.0,0.3125,3588.553,788.874,715.711,15.8058,23.0,1.4465,0.9095,7.2302,0.4195,0.4541,0.1264,0.3114,0.2194,4.4009,1.1002,0.8113,76.44147040056205
M50L-20,0,61.0,12.0,3587.0,3590.0,4.0,9.0,11.0,0.154,3588.628,760.697,778.078,34.5337,26.0,1.8485,4.801,8.1731,0.9019,0.0686,0.0295,0.0524,0.8104,4.401,1.5718,0.5571,81.3844265999337
M50L-20,0,12.0,3.0,3588.0,3590.0,3.0,1.0,6.0,0.6667,3588.691,785.0,685.188,13.5212,16.0,1.2886,2.2096,5.0297,0.808,0.1579,0.0341,0.0423,0.0,3.7723,1.1002,0.4966,77.47383651272216
M50L-20,0,14.0,8.0,3588.0,3590.0,3.0,1.0,7.0,0.6667,3588.795,788.0,704.854,17.2231,20.0,1.3659,2.1561,6.2871,0.8773,0.1007,0.022,0.1472,0.0,4.7153,1.2574,0.6683,75.88617341782361
M50L-20,0,24.0,4.0,3588.0,3590.0,3.0,4.0,8.0,0.25,3589.054,784.103,744.394,20.0204,18.0,1.3846,1.6877,5.6585,0.8058,0.1344,0.0599,0.1877,0.8096,3.615,1.5718,0.4615,78.38505498499056
M50L-20,1,10.0,8.0,3595.0,3596.0,2.0,3.0,4.0,0.4167,3595.558,1208.973,1029.517,14.6152,19.0,1.2925,0.7611,5.9736,0.7326,0.0956,0.1718,0.0,0.0,4.4016,1.4148,0.8435,589.0545119239814
M50L-20,1,22.0,7.0,3603.0,3606.0,4.0,4.0,4.0,0.3438,3604.352,1162.161,1092.919,19.9801,23.0,1.698,0.6722,7.2332,0.6333,0.0773,0.2894,0.7468,0.3501,3.4592,1.258,0.4732,588.9937440092214
M50L-20,1,16.0,9.0,3625.0,3628.0,4.0,3.0,3.0,0.4444,3626.689,1200.534,1041.973,17.2321,19.0,1.3881,0.6185,5.9802,0.53,0.0961,0.3739,0.7312,0.1729,4.0917,1.1017,0.6484,588.8375352208792
M50L-20,1,14.0,6.0,3631.0,3634.0,4.0,3.0,2.0,0.5833,3632.508,1059.749,436.421,16.4072,22.0,1.5795,0.8008,6.9262,0.6523,0.1698,0.1779,0.9109,0.2901,4.4077,1.5742,0.5179,443.62313086898433
M50L-20,1,18.0,11.0,3978.0,3981.0,4.0,5.0,3.0,0.3,3979.225,480.631,1269.514,19.2183,20.0,1.4458,0.844,6.5484,0.6803,0.1186,0.2011,0.4545,0.0913,4.5858,1.638,0.7309,603.3471880741633
M50L-20,1,15.0,10.0,3988.0,3991.0,4.0,3.0,3.0,0.4167,3989.579,851.843,888.648,18.3657,22.0,1.5278,0.883,7.2466,0.3604,0.3306,0.309,0.803,0.5959,4.609,1.6461,0.7593,224.5987300787785
M50L-20,1,13.0,8.0,4032.0,4034.0,3.0,3.0,3.0,0.4815,4032.742,604.105,267.274,18.0812,27.0,1.8474,0.3905,9.2669,0.2701,0.3099,0.42,0.3709,0.8457,4.8058,2.0578,0.7316,458.2310193570487
M50L-21,0,16.0,4.0,233.0,235.0,3.0,5.0,5.0,0.2133,234.077,891.893,761.179,15.1261,16.0,1.5238,0.832,5.7624,0.3117,0.4083,0.28,0.121,0.9923,2.5219,0.7209,0.3988,185.88032034080425
M50L-21,0,16.0,4.0,233.0,235.0,3.0,4.0,5.0,0.2667,234.166,898.521,737.284,15.2158,15.0,1.4201,1.8009,5.4023,0.6737,0.1244,0.2019,0.1675,0.9065,2.8818,1.4412,0.3787,187.66475187685083
M50L-21,0,16.0,5.0,233.0,235.0,3.0,3.0,7.0,0.254,234.25,579.488,707.982,15.1255,14.0,1.3333,2.0624,5.0421,0.9081,0.0289,0.0629,0.0405,0.7304,2.8803,0.7207,0.375,133.08870901770737
M50L-21,0,24.0,4.0,233.0,236.0,4.0,5.0,6.0,0.2,234.465,581.831,688.712,17.8624,13.0,1.284,3.0011,4.6809,0.8013,0.0252,0.1735,0.0544,0.8363,3.0607,1.08,0.2016,132.8166273664559
M50L-21,0,16.0,3.0,234.0,236.0,3.0,4.0,5.0,0.2667,234.503,1019.551,570.784,15.0346,13.0,1.2455,0.7765,4.682,0.6519,0.1915,0.1565,0.0953,0.8804,2.8812,1.0798,0.3713,338.177085647446
M50L-21,0,13.0,4.0,233.0,236.0,4.0,4.0,2.0,0.4062,234.556,905.216,779.268,15.2808,18.0,1.5294,0.6534,6.4827,0.2273,0.5267,0.246,0.76,0.0606,2.5223,0.7201,0.4837,203.95446178007484
M50L-21,0,18.0,5.0,233.0,236.0,4.0,3.0,5.0,0.3,234.56,888.084,771.817,16.2116,14.0,1.3194,0.9314,5.041,0.4917,0.1101,0.3982,0.3526,0.8018,2.5226,1.0797,0.3298,185.3328021290349
M50L-21,0,20.0,3.0,234.0,236.0,3.0,3.0,7.0,0.3175,234.563,880.311,725.279,17.8759,15.0,1.3514,1.9372,5.4023,0.8798,0.0533,0.0669,0.1083,0.7807,3.6005,1.4398,0.4009,168.29686438552565
M50L-21,0,10.0,7.0,234.0,235.0,2.0,3.0,3.0,0.5556,234.568,1015.025,824.169,13.4373,15.0,1.2712,1.0795,5.401,0.5765,0.0962,0.3273,0.264,0.8155,3.601,0.72,0.7712,322.4768847312935
M50L-21,0,23.0,3.0,234.0,236.0,3.0,5.0,5.0,0.3067,234.867,870.987,763.483,18.0196,14.0,1.3417,1.8009,5.041,0.209,0.556,0.235,0.0782,0.956,3.2413,0.7207,0.2083,166.48542115752954
M50L-21,0,26.0,8.0,234.0,236.0,3.0,5.0,6.0,0.2889,234.941,873.469,756.611,21.3966,16.0,1.3729,1.4675,5.7611,0.4893,0.3089,0.2018,0.0676,0.9483,3.2405,1.0805,0.4752,166.90356281997103
M50L-21,0,11.0,3.0,234.0,236.0,3.0,3.0,3.0,0.4074,235.043,880.829,791.205,12.7018,13.0,1.2222,1.3222,4.682,0.3373,0.3987,0.2641,0.6978,0.2765,3.2394,0.7201,0.3333,185.8201530136061
M50L-21,0,12.0,4.0,235.0,236.0,2.0,3.0,5.0,0.4,235.514,856.171,746.807,14.5501,14.0,1.2,1.8867,5.041,0.7851,0.0746,0.1403,0.0593,0.7737,3.5998,0.7204,0.7214,147.7102788908071
M50L-21,0,18.0,3.0,234.0,237.0,4.0,5.0,4.0,0.225,235.558,1038.274,815.65,16.7167,15.0,1.3706,0.9805,5.401,0.2289,0.4551,0.316,0.1221,0.9087,3.0604,0.3605,0.269,341.7142396447651
M50L-21,0,20.0,4.0,235.0,237.0,3.0,5.0,5.0,0.2667,235.657,998.033,864.394,17.1465,13.0,1.2207,2.6726,4.6809,0.8043,0.0517,0.144,0.065,0.3878,3.5986,1.4393,0.2958,323.4205950847905
M50L-21,0,22.0,6.0,235.0,238.0,4.0,5.0,5.0,0.22,235.81,853.0,754.964,18.9573,18.0,1.6032,0.8105,6.4812,0.4066,0.3242,0.2692,0.4706,0.8638,3.0605,0.7197,0.4089,146.7768418245876
M50L-21,0,18.0,4.0,235.0,238.0,4.0,5.0,4.0,0.225,235.839,864.372,781.917,15.2729,12.0,1.2,0.9215,4.3208,0.412,0.4019,0.1861,0.5792,0.6898,2.7011,1.0799,0.2667,166.98450309235284
M50L-21,0,13.0,4.0,235.0,237.0,3.0,4.0,4.0,0.2708,235.923,833.503,752.713,14.2772,14.0,1.2727,0.8765,5.0397,0.4754,0.0732,0.4514,0.1323,0.9873,2.8807,0.8999,0.3916,127.5100442239748
M50L-21,0,13.0,3.0,235.0,237.0,3.0,3.0,5.0,0.2889,235.936,837.766,739.099,14.0775,13.0,1.1986,1.1841,4.6797,0.6987,0.0406,0.2607,0.0644,0.3657,3.5984,1.0804,0.3617,128.05888316317612
M50L-21,0,15.0,4.0,235.0,237.0,3.0,4.0,3.0,0.4167,236.099,851.523,761.047,15.986,17.0,1.4826,1.0921,6.1196,0.5704,0.1352,0.2944,0.3599,0.7105,3.5995,1.0796,0.5523,147.25557964980482
M50L-21,1,11.0,4.0,765.0,768.0,4.0,3.0,3.0,0.3056,766.799,603.688,1227.201,14.6803,18.0,1.2857,1.2573,5.6909,0.7504,0.0476,0.2019,0.7032,0.475,4.1101,0.6323,0.5455,526.0771528445234
M50L-21,1,18.0,8.0,1082.0,1084.0,3.0,5.0,3.0,0.4,1083.389,786.724,1312.477,20.9779,24.0,1.5265,0.8229,7.5478,0.737,0.0989,0.1641,0.0706,0.1506,4.4029,1.5725,0.5795,604.5507445243948
M50L-21,1,18.0,9.0,1141.0,1145.0,5.0,4.0,4.0,0.225,1142.81,1102.333,1165.373,18.6429,20.0,1.4286,1.0768,6.2776,0.7557,0.0803,0.164,0.7192,0.099,4.3941,1.2553,0.6825,597.5480918034966
M50L-21,1,26.0,15.0,1238.0,1242.0,5.0,4.0,5.0,0.26,1239.845,592.396,363.743,27.8107,30.0,1.7257,0.4967,9.412,0.3039,0.2779,0.4182,0.6996,0.3694,5.1766,1.7255,0.7633,368.8582598573604
M50L-21,0,12.0,3.0,1290.0,1293.0,4.0,2.0,5.0,0.3,1291.285,609.854,482.062,13.0498,17.0,1.4167,0.7327,5.3368,0.6728,0.2281,0.0991,0.4059,0.1682,4.0811,1.2557,0.3264,252.26548150708211
M50L-21,1,11.0,6.0,1368.0,1370.0,3.0,3.0,2.0,0.6111,1369.123,835.826,1293.458,14.6576,19.0,1.3484,0.5052,5.9591,0.0369,0.5409,0.4222,0.7185,0.4609,4.7046,1.5682,0.6452,593.9036117418382
M50L-21,1,16.0,10.0,1481.0,1484.0,4.0,4.0,3.0,0.3333,1481.891,773.282,956.298,19.4156,23.0,1.4839,0.4249,7.2026,0.4508,0.3209,0.2282,0.7825,0.2713,5.4802,0.9395,0.746,251.2606541581869
M50L-21,1,30.0,13.0,1706.0,1709.0,4.0,5.0,6.0,0.25,1707.766,557.589,872.367,24.9716,26.0,1.789,0.896,8.1563,0.4992,0.2546,0.2462,0.228,0.837,4.3919,1.8822,0.5757,222.60924421505945
M50L-21,1,32.0,17.0,1763.0,1767.0,5.0,6.0,4.0,0.2667,1764.998,672.039,1126.877,28.4089,28.0,1.75,0.1291,8.7886,0.3826,0.2947,0.3226,0.4137,0.7648,4.7081,2.0402,0.6914,416.34768001034905
M50L-21,1,14.0,3.0,2163.0,2165.0,3.0,3.0,4.0,0.3889,2163.561,325.076,494.749,14.8057,20.0,1.6374,0.6198,6.4791,0.4897,0.1789,0.3314,0.1269,0.5958,3.8876,2.2677,0.3041,444.42418225947154
M50L-21,0,36.0,13.0,2334.0,2337.0,4.0,5.0,6.0,0.3,2335.439,341.837,1222.195,25.515,22.0,1.6815,1.284,7.1505,0.4712,0.3139,0.2149,0.4282,0.8268,4.5504,1.6252,0.518,630.2222247699616
M50L-21,1,10.0,4.0,2641.0,2643.0,3.0,3.0,3.0,0.3704,2642.143,1035.893,1220.114,14.3668,26.0,1.8571,0.212,8.4373,0.32,0.3702,0.3098,0.6954,0.477,4.3809,0.8113,0.6143,601.876237647741
M50L-21,1,25.0,14.0,2767.0,2770.0,4.0,4.0,5.0,0.3125,2769.151,957.507,1252.243,24.8443,28.0,1.8277,0.5818,9.0815,0.5606,0.0106,0.4288,0.524,0.5241,4.2164,1.1352,0.6919,592.748628086139
M50L-21,1,18.0,13.0,2799.0,2803.0,5.0,5.0,3.0,0.24,2800.629,741.251,1309.22,19.8066,19.0,1.3205,1.2512,6.1645,0.8151,0.0476,0.1372,0.5643,0.7961,4.7045,1.2978,0.7799,597.4122348939634
M50L-21,1,10.0,4.0,2835.0,2837.0,3.0,3.0,3.0,0.3704,2835.842,707.396,1309.835,14.2699,21.0,1.5108,0.4572,6.8175,0.5631,0.0805,0.3564,0.6837,0.6355,3.5711,1.6232,0.518,597.3568054697294
M50L-21,1,23.0,12.0,2836.0,2840.0,5.0,5.0,3.0,0.3067,2837.918,699.564,1309.803,21.5943,25.0,1.8025,0.6034,8.1162,0.2893,0.4372,0.2735,0.867,0.1195,4.545,0.9739,0.6364,597.4430633164973
M50L-21,1,13.0,4.0,2968.0,2970.0,3.0,3.0,3.0,0.4815,2969.052,950.431,1254.971,15.6487,22.0,1.6437,0.572,7.1339,0.4803,0.166,0.3536,0.2327,0.0362,3.5669,0.6485,0.5057,592.3562666183249
M50L-21,1,12.0,4.0,2973.0,2975.0,3.0,3.0,3.0,0.4444,2973.876,679.523,1308.405,14.3225,17.0,1.3333,1.1612,5.5127,0.5701,0.1691,0.2608,0.6664,0.6101,4.2156,1.7835,0.4967,596.8167654766411
M50L-21,1,56.0,42.0,3022.0,3027.0,6.0,7.0,5.0,0.2667,3024.385,600.906,1300.48,42.8566,36.0,2.0384,1.1956,11.6739,0.6203,0.1194,0.2603,0.6164,0.7031,4.8642,1.6214,0.8413,598.4761492624414
M50L-21,1,17.0,8.0,3095.0,3098.0,4.0,3.0,4.0,0.3542,3096.612,320.982,894.272,17.6065,21.0,1.5937,0.9507,6.8057,0.3261,0.3356,0.3384,0.7704,0.1115,4.2129,1.2964,0.5625,431.65658144872526
M50L-21,1,23.0,11.0,3098.0,3102.0,5.0,4.0,5.0,0.23,3100.009,533.639,1284.505,22.0951,24.0,1.6881,0.8087,7.7772,0.2567,0.5039,0.2394,0.8965,0.4423,4.2125,0.9722,0.6361,599.3170924861063
M50L-21,1,17.0,6.0,3147.0,3150.0,4.0,4.0,3.0,0.3542,3149.068,1150.251,1098.26,17.1873,21.0,1.6301,0.3681,6.7953,0.3373,0.3344,0.3283,0.5535,0.2364,3.3976,0.809,0.4521,583.4695498490046
M50L-21,1,19.0,12.0,3199.0,3201.0,3.0,4.0,3.0,0.5278,3200.155,1006.296,1224.116,20.5862,27.0,1.852,0.3537,8.7465,0.2795,0.1776,0.5429,0.6721,0.6721,4.8592,0.9718,0.7329,589.972051093948
M50L-21,1,14.0,6.0,3202.0,3205.0,4.0,2.0,4.0,0.4375,3203.575,1009.305,1221.5,17.3166,26.0,1.82,0.7236,8.4231,0.418,0.4503,0.1317,0.8011,0.3644,3.8876,1.2958,0.615,589.2149081829141
M50L-21,1,19.0,12.0,3211.0,3214.0,4.0,4.0,3.0,0.3958,3212.034,940.773,1258.318,19.6227,19.0,1.3674,0.3925,6.1558,0.1306,0.5225,0.3469,0.5147,0.0232,4.5359,1.62,0.7083,591.629826541056
M50L-21,1,24.0,16.0,3255.0,3257.0,3.0,5.0,5.0,0.32,3255.986,858.694,1287.366,23.1336,23.0,1.5771,0.9405,7.4475,0.5409,0.2473,0.2118,0.2937,0.8325,4.8569,1.619,0.7571,593.1640612781594
M50L-21,1,15.0,5.0,3293.0,3297.0,5.0,3.0,3.0,0.3333,3294.85,1101.919,1148.971,14.4512,14.0,1.2139,1.3752,4.5293,0.641,0.1872,0.1718,0.773,0.142,3.8823,1.2941,0.3815,584.939391221005
M50L-21,1,13.0,7.0,3294.0,3296.0,3.0,4.0,3.0,0.3611,3295.167,997.178,1228.845,15.6128,21.0,1.569,0.2891,6.7939,0.6509,0.1813,0.1678,0.1158,0.1217,4.5293,1.2941,0.6264,589.6216776111611
M50L-21,1,29.0,14.0,3323.0,3326.0,4.0,6.0,4.0,0.3021,3324.241,853.487,1288.706,24.936,27.0,1.8867,0.6176,8.7366,0.6482,0.184,0.1677,0.0676,0.0566,4.2065,1.1325,0.6096,593.203749655209
M50L-21,1,13.0,7.0,3328.0,3330.0,3.0,3.0,3.0,0.4815,3328.948,966.081,1246.076,15.437,18.0,1.3605,1.322,5.8247,0.5405,0.2563,0.2032,0.5206,0.7303,4.8539,1.9416,0.6337,590.7678658635725
M50L-21,1,43.0,25.0,3342.0,3346.0,5.0,5.0,6.0,0.2867,3344.194,1275.731,516.174,29.5637,22.0,1.5793,1.3963,7.1202,0.2464,0.174,0.5796,0.131,0.9914,3.8837,0.9709,0.6912,596.4671471564884
M50L-21,1,11.0,4.0,3344.0,3346.0,3.0,2.0,4.0,0.4583,3345.0,1074.545,1173.832,13.9543,20.0,1.5385,0.4845,6.4729,0.4359,0.1647,0.3994,0.0,0.0,4.2074,1.2946,0.4545,586.4331131928006
M50L-21,1,23.0,12.0,3379.0,3382.0,4.0,5.0,4.0,0.2875,3380.731,916.09,1268.715,21.7858,21.0,1.4954,0.7893,6.793,0.5381,0.0791,0.3828,0.6038,0.355,4.2052,1.6173,0.6316,592.3039881049257
M50L-21,1,20.0,10.0,3409.0,3411.0,3.0,4.0,4.0,0.4167,3410.038,811.311,1297.901,22.5663,29.0,1.859,0.3286,9.3804,0.42,0.2578,0.3223,0.2137,0.6528,4.2051,1.6173,0.6282,593.6816861938728
M50L-21,1,17.0,8.0,3431.0,3433.0,3.0,4.0,4.0,0.3542,3431.798,967.864,1244.649,18.9964,23.0,1.6157,0.4277,7.4441,0.6435,0.0279,0.3286,0.1942,0.8214,3.5603,1.2947,0.5868,590.2485329901294
M50L-21,1,10.0,5.0,3438.0,3441.0,4.0,3.0,2.0,0.4167,3439.488,903.287,1273.178,13.2054,17.0,1.3178,0.8826,5.5031,0.793,0.0796,0.1274,0.8137,0.1348,3.7227,0.8093,0.5736,592.2495243163984
M50L-21,1,20.0,11.0,3475.0,3477.0,3.0,4.0,3.0,0.5556,3475.835,957.559,1250.111,20.191,19.0,1.362,1.7722,6.1494,0.657,0.1164,0.2266,0.411,0.8196,4.5311,1.4564,0.681,590.8295023117922
M50L-21,1,10.0,6.0,3477.0,3479.0,3.0,3.0,3.0,0.3704,3478.225,858.478,1287.188,14.1229,21.0,1.5217,0.561,6.7962,0.0562,0.225,0.7188,0.0,0.7071,4.0453,0.9709,0.7029,592.9383389763223
M50L-21,1,17.0,8.0,3498.0,3501.0,4.0,3.0,2.0,0.7083,3499.397,615.004,1301.368,18.9892,24.0,1.686,0.541,7.7648,0.4247,0.2582,0.3171,0.8846,0.1021,4.2059,1.6177,0.5826,596.8844037500057
M50L-21,1,11.0,6.0,3511.0,3513.0,3.0,3.0,2.0,0.6111,3511.733,999.673,1226.56,14.6338,20.0,1.4667,0.6094,6.4713,0.4115,0.2374,0.3511,0.8338,0.3238,3.8829,1.2942,0.62,588.8344551136593
M50L-21,1,19.0,11.0,3531.0,3533.0,3.0,4.0,4.0,0.3958,3532.036,740.412,1306.347,20.3505,25.0,1.7336,0.54,8.0936,0.3965,0.1556,0.4479,0.6439,0.6602,4.3704,1.295,0.6861,594.5025981044994
M50L-21,1,14.0,8.0,3544.0,3546.0,3.0,5.0,2.0,0.4667,3544.738,906.525,1271.53,15.8407,19.0,1.4536,0.7516,6.1538,0.7923,0.0532,0.1545,0.3638,0.0068,3.8866,1.2955,0.6503,591.7433916192051
M50L-21,1,12.0,9.0,3556.0,3557.0,2.0,4.0,3.0,0.5,3556.541,747.314,1305.657,16.0875,20.0,1.3953,0.6536,6.4802,0.5938,0.0937,0.3125,0.1827,0.8668,4.2121,1.62,0.8198,594.1777858898798
M50L-21,1,65.0,41.0,3568.0,3571.0,4.0,6.0,6.0,0.4514,3569.455,1205.399,367.313,41.3684,33.0,2.0845,1.063,10.6962,0.4691,0.1971,0.3338,0.3444,0.9387,3.8894,1.2963,0.7454,601.7503545241996
M50L-21,0,17.0,10.0,3589.0,3591.0,3.0,10.0,1.0,0.5667,3589.714,683.257,797.0,19.2698,19.0,1.3184,1.2892,6.1616,0.9465,0.0421,0.0114,0.0518,0.0,4.54,1.2972,0.8694,89.41701767001628
M50L-21,0,14.0,8.0,3589.0,3591.0,3.0,3.0,5.0,0.3111,3590.185,777.204,742.479,18.2877,23.0,1.5261,1.546,7.4588,0.7592,0.1199,0.1209,0.1293,0.2267,4.0537,1.135,0.7867,71.31162638027544
M50L-21,0,36.0,5.0,3589.0,3591.0,3.0,6.0,11.0,0.1818,3590.261,781.0,734.114,25.0249,21.0,1.6328,1.9036,6.8102,0.9058,0.0584,0.0358,0.0278,0.8828,3.5672,1.135,0.486,71.82906790429625
M50L-21,0,22.0,14.0,3589.0,3591.0,3.0,6.0,5.0,0.2444,3590.305,740.435,785.161,24.9596,26.0,1.5845,1.6026,8.4316,0.8498,0.0781,0.0721,0.0752,0.3162,5.5131,1.135,0.8116,77.84590641774292
M50L-21,0,24.0,8.0,3590.0,3591.0,2.0,5.0,6.0,0.4,3590.643,747.874,778.534,19.462,18.0,1.4694,1.6057,5.8373,0.4857,0.3833,0.1309,0.1101,0.9781,3.5672,1.135,0.4422,74.91200859675303
M50L-21,1,10.0,6.0,3688.0,3690.0,3.0,4.0,2.0,0.4167,3689.204,975.211,1239.732,14.6086,22.0,1.5493,0.3974,7.1572,0.5469,0.2264,0.2267,0.1419,0.1787,4.2292,1.3013,0.6831,589.0591238110144
M50L-21,1,25.0,17.0,3863.0,3867.0,5.0,4.0,4.0,0.3125,3864.917,367.369,267.955,29.2197,42.0,2.3596,0.6385,13.7892,0.5341,0.0829,0.383,0.591,0.3788,5.2533,0.9849,0.8022,562.792736436781
M50L-21,1,14.0,3.0,3938.0,3940.0,3.0,3.0,4.0,0.3889,3939.224,1197.702,412.615,14.387,18.0,1.5652,0.5359,6.0177,0.549,0.1402,0.3108,0.428,0.7691,4.0123,1.0018,0.3602,570.3963481904491
M50L-22,0,13.0,3.0,233.0,236.0,4.0,4.0,2.0,0.4062,234.094,1004.863,608.496,14.0208,16.0,1.4964,0.5301,5.8198,0.2549,0.4475,0.2976,0.6434,0.2842,2.9104,0.7321,0.3165,310.3110629432989
M50L-22,0,15.0,3.0,234.0,235.0,2.0,5.0,4.0,0.375,234.189,813.918,688.761,14.9289,14.0,1.3208,0.7883,5.0923,0.4372,0.4181,0.1447,0.1638,0.9814,3.6378,1.454,0.3899,104.15925712580712
M50L-22,0,21.0,4.0,233.0,236.0,4.0,4.0,8.0,0.1641,234.394,555.04,662.562,17.929,14.0,1.3009,1.6113,5.0923,0.9115,0.0068,0.0818,0.1815,0.8143,2.9128,1.2728,0.4027,165.1891505032943
M50L-22,0,22.0,9.0,234.0,236.0,3.0,5.0,6.0,0.2444,234.409,553.222,670.222,19.5316,19.0,1.6587,1.5053,6.911,0.5397,0.2972,0.1631,0.0333,0.9932,3.2736,1.0902,0.496,164.7935392180167
M50L-22,0,20.0,8.0,234.0,236.0,3.0,4.0,6.0,0.2778,234.454,811.79,726.376,18.6141,14.0,1.2227,1.105,5.0923,0.6298,0.2278,0.1425,0.0499,0.9158,3.6335,1.0922,0.6245,100.2549124781424
M50L-22,0,11.0,3.0,234.0,236.0,3.0,4.0,4.0,0.2292,234.525,807.534,742.542,12.932,12.0,1.1186,0.9248,4.3648,0.4869,0.2409,0.2722,0.3153,0.8819,2.906,0.3676,0.3051,99.669368012444
M50L-22,0,13.0,4.0,233.0,236.0,4.0,3.0,3.0,0.3611,234.565,813.959,708.844,14.8184,15.0,1.3265,1.6551,5.456,0.4907,0.2585,0.2508,0.4252,0.0314,3.2702,1.09,0.3946,101.52484925869128
M50L-22,0,17.0,3.0,234.0,236.0,3.0,3.0,5.0,0.3778,234.896,802.428,758.988,15.2435,15.0,1.474,0.4404,5.4487,0.6421,0.1038,0.2541,0.0531,0.0603,2.5471,0.728,0.237,101.23329159915728
M50L-22,0,32.0,8.0,863.0,868.0,6.0,5.0,4.0,0.2667,865.28,670.644,609.986,23.146,21.0,1.5962,0.8032,6.531,0.5667,0.272,0.1614,0.8289,0.5383,4.3541,1.866,0.4442,110.72960278082822
M50L-22,1,10.0,4.0,1394.0,1396.0,3.0,3.0,3.0,0.3704,1394.986,946.105,1008.895,13.5253,21.0,1.4685,0.149,6.281,0.4646,0.156,0.3794,0.5938,0.5774,4.1873,1.3459,0.4825,377.3874561375881
M50L-22,1,15.0,4.0,1424.0,1427.0,4.0,3.0,4.0,0.3125,1425.384,1218.972,517.469,16.281,21.0,1.4929,0.6069,6.2758,0.6206,0.1776,0.2018,0.7017,0.7025,3.5864,1.6435,0.4171,542.7255086551579
M50L-22,1,33.0,13.0,1756.0,1761.0,6.0,4.0,7.0,0.1964,1758.711,1057.5,231.188,24.3906,24.0,1.7069,1.9023,7.2482,0.3831,0.3531,0.2639,0.4513,0.1193,4.2298,1.2085,0.5819,592.1876740898953
M50L-22,1,10.0,6.0,1911.0,1914.0,4.0,3.0,2.0,0.4167,1912.775,935.106,800.852,14.0726,20.0,1.4085,0.2895,6.268,0.4504,0.3207,0.2289,0.8944,0.1408,4.3879,0.6268,0.6831,239.49844913902885
M50L-22,1,18.0,8.0,1998.0,2000.0,3.0,4.0,4.0,0.375,1998.762,898.448,146.583,18.8141,20.0,1.4286,1.0592,6.3346,0.6704,0.1288,0.2007,0.3606,0.6147,4.4343,1.5839,0.5317,595.6833971104113
M50L-22,1,15.0,8.0,2004.0,2006.0,3.0,3.0,3.0,0.5556,2004.785,617.807,509.609,19.067,25.0,1.6094,0.6744,7.9236,0.4548,0.1643,0.3809,0.6441,0.7071,4.7541,0.9509,0.7167,223.9006970288391
M50L-22,1,11.0,6.0,2013.0,2015.0,3.0,2.0,4.0,0.4583,2014.314,1035.805,216.107,15.2072,21.0,1.4528,0.3851,6.6612,0.4951,0.2213,0.2836,0.0604,0.0582,4.7584,0.9515,0.673,592.3952510562522
M50L-22,1,29.0,13.0,2025.0,2028.0,4.0,6.0,4.0,0.3021,2026.678,869.32,138.38,24.5296,24.0,1.6731,0.5918,7.6211,0.4618,0.2677,0.2705,0.0877,0.6969,4.4459,1.5876,0.5889,595.1523223511776
M50L-22,1,13.0,4.0,2061.0,2063.0,3.0,3.0,4.0,0.3611,2061.736,993.786,190.67,16.0721,26.0,1.8571,1.0185,8.2779,0.3144,0.4996,0.186,0.1302,0.586,3.8209,1.2735,0.489,592.8139359832898
M50L-22,1,33.0,23.0,2060.0,2064.0,5.0,4.0,5.0,0.33,2062.201,1115.771,283.002,32.481,29.0,1.6331,0.3047,9.2338,0.2989,0.2427,0.4584,0.5916,0.2652,5.0942,1.5922,0.8003,589.1485648331836
M50L-22,1,24.0,6.0,2207.0,2211.0,5.0,4.0,4.0,0.3,2209.323,922.51,155.651,22.6652,21.0,1.4524,1.5867,6.7198,0.7162,0.1042,0.1796,0.73,0.6585,4.7998,1.5999,0.634,595.1344460716418
M50L-22,1,16.0,7.0,2542.0,2545.0,4.0,3.0,4.0,0.3333,2543.571,126.699,494.598,17.5254,20.0,1.4612,0.6607,6.402,0.3062,0.2293,0.4645,0.3644,0.0211,3.8412,1.2804,0.5388,625.0152743773548
M50L-22,1,11.0,3.0,2571.0,2573.0,3.0,3.0,3.0,0.4074,2572.106,939.468,163.014,13.6002,20.0,1.5603,0.4802,6.3981,0.2765,0.162,0.5615,0.626,0.3469,3.1992,0.9598,0.3688,594.5160529539971
M50L-22,1,13.0,9.0,2608.0,2610.0,3.0,3.0,4.0,0.3611,2609.01,912.815,1129.424,18.1773,21.0,1.3317,0.9186,6.7138,0.5386,0.2053,0.2561,0.7187,0.6625,5.1152,1.5985,0.7707,462.5491552267715
M50L-22,1,13.0,4.0,2839.0,2842.0,4.0,3.0,3.0,0.3611,2840.915,169.848,405.0,14.6049,18.0,1.4182,0.1737,5.7446,0.663,0.0776,0.2594,0.7808,0.0404,2.8723,0.9574,0.4061,623.7206450839992
M50L-22,1,11.0,3.0,2863.0,2865.0,3.0,2.0,4.0,0.4583,2863.908,1007.731,198.608,12.5176,16.0,1.3538,0.671,5.1097,0.5938,0.1426,0.2636,0.4644,0.1903,3.8322,0.6387,0.3462,592.6603842210142
M50L-22,1,13.0,10.0,3022.0,3024.0,3.0,3.0,3.0,0.4815,3022.623,1013.406,391.042,18.77,25.0,1.533,0.7053,7.9807,0.2946,0.3349,0.3705,0.2355,0.6092,5.4268,1.5962,0.8538,440.31768826609726
M50L-22,1,38.0,11.0,3049.0,3053.0,5.0,4.0,5.0,0.38,3051.148,1175.365,351.168,25.5371,22.0,1.6957,1.2164,7.0248,0.5463,0.2478,0.2059,0.4966,0.5952,3.5125,0.958,0.3753,587.2008365533891
M50L-22,1,21.0,9.0,3115.0,3118.0,4.0,4.0,4.0,0.3281,3116.409,1014.403,202.309,20.7577,21.0,1.4799,0.7872,6.7034,0.4281,0.0232,0.5486,0.8178,0.5533,3.8304,1.2768,0.5369,592.8239855893147
M50L-22,1,23.0,15.0,3433.0,3436.0,4.0,3.0,4.0,0.4792,3434.769,455.91,1041.141,26.4744,40.0,2.3116,0.2853,12.7605,0.4605,0.2614,0.2781,0.5514,0.7585,5.5827,1.276,0.7764,416.94524218534985
M50L-22,1,72.0,33.0,3548.0,3552.0,5.0,5.0,9.0,0.32,3549.84,103.794,570.913,41.4764,31.0,2.0254,0.8146,9.9004,0.7615,0.0471,0.1914,0.0186,0.0473,4.4714,1.2775,0.6488,624.9558968479296
M50L-22,1,17.0,4.0,3564.0,3567.0,4.0,4.0,3.0,0.3542,3565.183,1019.514,207.192,16.1297,18.0,1.4712,0.5788,5.7551,0.7821,0.0504,0.1675,0.682,0.117,3.5167,1.279,0.3029,591.2645525143546
M50L-22,0,11.0,4.0,3590.0,3592.0,3.0,7.0,2.0,0.2619,3590.901,728.927,629.338,14.5868,22.0,1.6026,0.3595,7.0486,0.8785,0.0578,0.0637,0.0352,0.084,3.8447,1.2815,0.5364,84.76888918111412
M50L-22,0,10.0,5.0,3590.0,3592.0,3.0,4.0,1.0,0.8333,3590.932,711.932,626.0,14.8935,20.0,1.3605,1.4175,6.4078,0.345,0.5751,0.0799,0.0,0.0,3.6846,1.2816,0.6054,86.50186485851042
M50L-22,1,56.0,27.0,3592.0,3596.0,5.0,6.0,8.0,0.2333,3593.877,1251.382,488.53,34.1715,23.0,1.614,1.5819,7.3703,0.733,0.1275,0.1395,0.1678,0.9268,3.8452,0.9615,0.6003,583.5720785164418
M50L-22,1,36.0,12.0,3593.0,3597.0,5.0,7.0,4.0,0.2571,3594.738,916.141,155.27,26.0642,22.0,1.623,3.3987,7.0503,0.7885,0.1307,0.0808,0.0473,0.2257,3.8459,1.1215,0.5758,593.2747506686932
M50L-22,1,22.0,7.0,3670.0,3672.0,3.0,6.0,3.0,0.4074,3670.993,826.779,131.121,19.8212,19.0,1.4414,0.7886,6.0911,0.7506,0.0427,0.2067,0.2934,0.4916,4.4881,1.2823,0.4069,592.5042037673658
M50L-22,1,26.0,6.0,3698.0,3701.0,4.0,5.0,7.0,0.1857,3699.096,967.064,177.471,21.5191,27.0,2.0526,1.0793,8.6626,0.8495,0.027,0.1235,0.2849,0.9358,4.1709,1.2833,0.4181,592.5022033182661
M50L-22,1,23.0,8.0,3708.0,3711.0,4.0,5.0,4.0,0.2875,3709.545,858.472,138.16,22.9575,25.0,1.6764,0.7389,8.025,0.6843,0.1005,0.2152,0.231,0.1571,4.4942,1.605,0.6006,592.5995784541194
M50L-22,1,16.0,6.0,3832.0,3835.0,4.0,4.0,5.0,0.2,3832.881,1076.644,248.795,17.6823,18.0,1.3151,1.0295,5.8134,0.8141,0.0601,0.1258,0.4664,0.1195,4.1984,0.9691,0.6347,589.5957765800227
M50L-22,1,19.0,11.0,3896.0,3898.0,3.0,5.0,4.0,0.3167,3896.823,1072.743,246.032,18.6197,18.0,1.3735,1.2839,5.8673,0.7014,0.1072,0.1913,0.0347,0.6931,4.5626,1.3042,0.6546,589.3788374831589
M50L-22,1,39.0,27.0,3931.0,3934.0,4.0,5.0,7.0,0.2786,3932.475,913.075,344.881,39.4173,55.0,2.8638,0.4956,18.0736,0.4834,0.0999,0.4168,0.0238,0.7176,4.7654,1.3147,0.8278,418.7768615694999
M50L-23,0,19.0,6.0,233.0,235.0,3.0,3.0,6.0,0.3519,234.055,575.807,780.697,17.2267,10.0,1.3103,1.1148,5.197,0.7614,0.0709,0.1677,0.0514,0.1926,3.1094,1.0385,0.4,152.76062011526398
M50L-23,0,27.0,4.0,233.0,236.0,4.0,4.0,9.0,0.1875,234.557,570.419,758.266,20.1973,12.0,1.5961,0.6653,6.1946,0.8768,0.0406,0.0826,0.0148,0.8693,3.099,1.0359,0.2414,149.27001479533658
M50L-23,0,18.0,5.0,234.0,236.0,3.0,4.0,5.0,0.3,234.594,567.341,745.848,16.8139,10.0,1.3043,1.6938,5.1795,0.7347,0.0956,0.1697,0.0397,0.6782,3.1086,0.5231,0.3478,148.94033834055836
M50L-23,0,23.0,3.0,233.0,237.0,5.0,4.0,6.0,0.1917,234.639,837.391,797.781,18.2131,9.0,1.2249,2.9179,4.6616,0.6669,0.1374,0.1956,0.3557,0.4025,3.1077,1.0289,0.2663,151.2303238176788
M50L-23,0,30.0,3.0,234.0,236.0,3.0,5.0,6.0,0.3333,234.684,827.351,755.614,21.5114,10.0,1.3158,2.779,5.1795,0.5958,0.1883,0.2159,0.008,0.988,3.3632,1.0324,0.3289,122.67668562934035
