n_voxels,n_seed,z_min,z_max,z_extent,y_extent,x_extent,fill,centroid_z,centroid_y,centroid_x,snr_cluster,r_peak,r_peak_ratio,peak_offset,snr_peak,linearity,planarity,sphericity,axis_z,normal_z,edge_contrast,decay_drop,seed_grown_ratio
6,3,200,201,2,2,3,0.5000,200.500,606.667,757.030,9.9508,12.0000,1.0909,0.8339,4.4327,0.4412,0.1872,0.3716,0.6154,0.7882,3.5077,0.5551,0.5455
14,3,200,202,3,1,7,0.6667,200.556,613.000,716.275,16.8777,19.0000,1.5556,1.8124,7.0184,0.8734,0.1084,0.0183,0.0732,0.0000,3.3246,0.5543,0.5263
12,7,200,202,3,1,5,0.8000,200.762,614.000,724.351,16.0964,18.0000,1.4305,0.8386,6.6490,0.6811,0.2781,0.0408,0.2254,0.0000,3.6918,0.7382,0.6689
11,3,200,201,2,1,7,0.7857,200.315,615.000,735.268,14.1427,16.0000,1.3858,2.7504,5.9102,0.9338,0.0482,0.0179,0.0400,0.0000,3.3248,0.9237,0.4331
4,3,200,201,2,3,1,0.6667,200.184,689.204,808.000,9.0493,14.0000,1.1429,0.8168,5.1714,0.7500,0.1500,0.1000,0.3162,0.0000,3.8793,0.7396,0.8163
7,3,200,201,2,5,1,0.7000,200.263,693.026,807.000,10.6096,13.0000,1.1974,1.0086,4.8020,0.8296,0.1196,0.0507,0.0751,0.0000,2.5846,0.3691,0.5000
6,3,200,201,2,3,2,0.5000,200.250,700.947,804.592,11.4597,22.0000,1.7368,0.4813,8.1265,0.4412,0.1872,0.3716,0.0000,0.0000,3.5084,1.4769,0.6316
9,6,200,202,3,2,2,0.7500,200.940,713.405,800.750,14.2773,17.0000,1.3190,1.1399,6.2796,0.4444,0.2963,0.2593,1.0000,0.0000,3.6930,0.7392,0.7500
9,6,200,202,3,4,1,0.7500,200.737,716.720,793.000,14.5247,18.0000,1.3729,0.7885,6.6490,0.2881,0.6266,0.0853,0.1327,0.0000,4.4331,1.1080,0.7542
4,3,200,202,3,2,1,0.6667,200.746,724.814,797.000,10.8935,18.0000,1.2203,0.3153,6.6462,0.7500,0.1500,0.1000,0.9487,0.0000,4.8006,1.1072,0.8136
3,3,200,201,2,2,1,0.7500,200.283,738.739,792.000,9.8091,21.0000,1.3696,0.3846,7.7571,0.5333,0.2667,0.2000,0.7071,0.0000,5.1691,0.7391,1.0000
5,3,200,201,2,2,2,0.6250,200.354,911.615,427.862,10.7361,18.0000,1.3846,0.5407,6.6490,0.3432,0.2505,0.4063,0.6059,0.3645,5.1692,0.7384,0.7077
4,4,201,202,2,2,1,1.0000,201.520,1246.480,938.000,9.2287,14.0000,1.1200,0.6788,5.1670,0.0000,0.7500,0.2500,1.0000,0.0000,4.7999,1.8463,1.0000
3,3,208,209,2,2,1,0.7500,208.300,1077.650,440.000,8.4964,14.0000,1.0500,0.7159,5.1515,0.5333,0.2667,0.2000,0.7071,0.0000,4.7840,1.2872,1.0000
4,4,212,213,2,2,1,1.0000,212.510,1010.510,593.000,9.3583,13.0000,1.0196,0.7072,4.7724,0.0000,0.7500,0.2500,1.0000,0.0000,5.1366,0.7343,1.0000
4,3,212,213,2,2,1,1.0000,212.468,1057.532,681.000,8.6246,13.0000,1.1064,0.6620,4.7724,0.0000,0.7500,0.2500,1.0000,0.0000,4.7709,0.7340,0.7872
3,3,220,222,3,1,1,1.0000,221.000,1006.000,536.000,8.2155,15.0000,1.1538,0.0000,5.4730,0.8889,0.0000,0.1111,1.0000,0.0000,4.7467,2.1878,1.0000
5,3,222,224,3,2,1,0.8333,222.833,907.667,336.000,8.7990,12.0000,1.1111,0.8975,4.3751,0.5854,0.2927,0.1220,0.9487,0.0000,5.0964,1.6384,0.6667
4,3,231,233,3,2,1,0.6667,232.087,622.543,394.000,8.3168,13.0000,1.1304,1.0208,4.6970,0.7576,0.1294,0.1129,0.8507,0.0000,4.7008,0.9052,0.8043
3,3,231,233,3,1,1,1.0000,232.000,988.000,850.000,7.7250,13.0000,1.0541,0.0000,4.7012,0.8889,0.0000,0.1111,1.0000,0.0000,3.9826,1.0853,1.0000
4,3,231,232,2,2,1,1.0000,231.500,1123.479,1025.000,8.6828,13.0000,1.0833,0.6925,4.7052,0.0000,0.7500,0.2500,1.0000,0.0000,5.0615,0.7243,0.7708
4,4,233,234,2,2,1,1.0000,233.536,1218.500,610.000,10.1119,16.0000,1.1429,0.6823,5.7759,0.0000,0.7500,0.2500,1.0000,0.0000,5.4168,1.0839,1.0000
4,3,239,240,2,2,1,1.0000,239.451,1181.490,621.000,9.1597,14.0000,1.0980,0.6661,5.0310,0.0000,0.7500,0.2500,1.0000,0.0000,5.0283,1.6142,0.7843
3,3,241,243,3,1,1,1.0000,242.026,739.000,827.000,8.0684,14.0000,1.0769,0.0256,5.0168,0.8889,0.0000,0.1111,1.0000,0.0000,5.0113,0.5379,1.0000
5,4,241,243,3,2,1,0.8333,241.750,1203.583,516.000,9.6176,14.0000,1.1667,0.4859,5.0168,0.5854,0.2927,0.1220,0.9487,0.0000,4.6622,0.5367,0.8500
4,3,243,245,3,2,1,0.6667,244.036,751.818,591.000,9.8351,17.0000,1.2364,0.1854,6.0801,0.5357,0.3214,0.1429,1.0000,0.0000,5.3645,1.2520,0.8182
5,3,243,245,3,2,2,0.4167,244.448,782.828,816.397,9.2729,14.0000,1.2069,0.6228,5.0072,0.6999,0.1281,0.1720,0.8684,0.1395,4.6459,2.1442,0.6724
4,3,244,245,2,1,2,1.0000,244.490,867.000,908.531,8.7584,14.0000,1.1429,0.6933,5.0023,0.0000,0.7500,0.2500,0.0000,0.0000,4.8276,1.2513,0.7959
4,3,244,246,3,2,1,0.6667,244.957,1059.478,834.000,8.2184,12.0000,1.0435,1.0694,4.2919,0.7576,0.1294,0.1129,0.8507,0.0000,4.6452,1.4315,0.7826
3,3,248,249,2,2,1,0.7500,248.667,1197.333,777.000,7.3997,12.0000,1.0000,0.7454,4.2751,0.5333,0.2667,0.2000,0.7071,0.0000,4.6274,2.8476,1.0000
7,5,248,250,3,4,1,0.5833,249.321,1226.381,837.000,11.2959,14.0000,1.1667,0.7782,4.9776,0.4340,0.4774,0.0886,0.3162,0.0000,4.6217,1.4236,0.7500
4,3,251,252,2,1,2,1.0000,251.549,953.000,606.490,9.0523,15.0000,1.1765,0.6661,5.3224,0.0000,0.7500,0.2500,0.0000,0.0000,4.7931,1.4208,0.7843
5,3,253,254,2,3,1,0.8333,253.397,1109.155,679.000,9.1906,13.0000,1.1207,0.6231,4.6034,0.5854,0.2927,0.1220,0.3162,0.0000,4.6084,0.7086,0.6379
3,3,257,258,2,2,1,0.7500,257.667,396.333,949.000,7.3322,12.0000,1.0000,0.7454,4.2362,0.5333,0.2667,0.2000,0.7071,0.0000,4.9356,1.7631,1.0000
5,3,257,259,3,2,2,0.4167,258.291,641.236,818.327,8.6714,13.0000,1.1818,1.0923,4.5797,0.7729,0.0435,0.1836,0.8328,0.5477,4.5808,1.2345,0.6727
4,3,257,259,3,2,1,0.6667,257.933,961.467,937.000,7.9352,12.0000,1.0667,1.0435,4.2362,0.7576,0.1294,0.1129,0.8507,0.0000,4.5833,1.0590,0.8000
6,3,257,259,3,3,1,0.6667,257.884,1262.101,478.000,9.9350,14.0000,1.2174,0.9060,4.9371,0.6944,0.2222,0.0833,0.6000,0.0000,4.7584,1.2321,0.5652
5,3,258,260,3,2,1,0.8333,259.232,1070.554,708.000,8.8204,13.0000,1.1607,0.5032,4.5797,0.5854,0.2927,0.1220,0.9487,0.0000,4.5793,0.7046,0.6786
6,3,258,260,3,2,2,0.5000,258.721,1086.279,828.132,9.7825,14.0000,1.2353,0.4167,4.9320,0.5034,0.2551,0.2415,0.9677,0.2521,4.7553,2.1137,0.5882
3,3,259,260,2,2,1,0.7500,259.676,1067.676,956.000,7.5202,13.0000,1.0541,0.4587,4.5749,0.5333,0.2667,0.2000,0.7071,0.0000,4.5782,0.3527,1.0000
3,3,259,260,2,2,1,0.7500,259.333,1271.333,706.000,7.3195,12.0000,1.0000,0.4714,4.2274,0.5333,0.2667,0.2000,0.7071,0.0000,4.9316,1.0576,1.0000
4,3,260,261,2,2,2,0.5000,260.533,505.267,697.800,7.9137,12.0000,1.0667,0.6289,4.2230,0.5916,0.1015,0.3069,0.7071,0.7071,4.5702,1.4066,0.8000
3,3,260,261,2,2,1,0.7500,260.326,966.302,320.000,8.7337,16.0000,1.1163,0.4443,5.6307,0.5333,0.2667,0.2000,0.7071,0.0000,5.2740,2.1097,1.0000
5,3,260,262,3,3,1,0.5556,260.875,998.000,999.000,8.8054,14.0000,1.2500,1.1250,4.9166,0.5532,0.3398,0.1070,0.8281,0.0000,4.5698,1.4047,0.6786
3,3,261,262,2,2,1,0.7500,261.676,1279.676,862.000,7.5045,13.0000,1.0541,0.4587,4.5654,0.5333,0.2667,0.2000,0.7071,0.0000,4.5698,1.0543,1.0000
4,3,262,264,3,2,1,0.6667,262.706,1033.745,1100.000,8.9486,14.0000,1.0980,0.3892,4.9114,0.7500,0.1500,0.1000,0.9487,0.0000,4.2142,0.7035,0.7843
4,3,263,265,3,2,1,0.6667,263.915,883.532,410.000,8.2363,13.0000,1.1064,1.0277,4.5606,0.7576,0.1294,0.1129,0.8507,0.0000,4.7303,0.7018,0.8085
4,3,263,264,2,2,2,0.5000,263.521,985.271,834.208,8.4150,13.0000,1.0833,0.6229,4.5606,0.5916,0.1015,0.3069,0.7071,0.7071,4.7303,1.4023,0.7917
4,3,264,265,2,1,2,1.0000,264.440,755.000,993.480,8.7572,14.0000,1.1200,0.6512,4.9063,0.0000,0.7500,0.2500,0.0000,0.0000,4.9044,1.4027,0.8000
5,3,264,266,3,1,2,0.8333,264.789,1056.000,729.386,8.9260,14.0000,1.2281,0.4396,4.9011,0.5854,0.2927,0.1220,0.9487,0.0000,4.9034,1.5770,0.6842
4,3,264,266,3,1,2,0.6667,264.957,1285.000,911.478,8.0523,12.0000,1.0435,1.0694,4.2054,0.7576,0.1294,0.1129,0.8507,0.0000,4.5507,0.8747,0.7826
3,3,268,269,2,1,2,0.7500,268.683,800.000,949.341,8.2551,14.0000,1.0244,0.4660,4.8807,0.5333,0.2667,0.2000,0.7071,0.0000,5.2300,1.5681,1.0000
4,3,275,276,2,2,1,1.0000,275.520,1229.480,770.000,8.6572,13.0000,1.0400,0.7077,4.5041,0.0000,0.7500,0.2500,1.0000,0.0000,5.0186,1.0370,0.7800
6,3,290,292,3,1,2,1.0000,290.986,961.000,1005.542,10.0311,15.0000,1.2500,0.5418,5.1189,0.5556,0.3333,0.1111,1.0000,0.0000,4.6066,0.6817,0.5833
4,3,292,293,2,2,2,0.5000,292.780,733.740,930.480,8.5188,13.0000,1.0400,0.9091,4.4289,0.5916,0.1015,0.3069,0.5000,0.5000,4.7702,1.7043,0.7800
5,3,293,294,2,2,2,0.6250,293.542,969.847,851.610,8.9853,14.0000,1.1864,0.8305,4.7696,0.3432,0.2505,0.4063,0.6059,0.3645,5.1087,1.3628,0.6949
4,3,295,296,2,2,1,1.0000,295.458,752.542,517.000,8.1603,13.0000,1.0833,0.7096,4.4218,0.0000,0.7500,0.2500,1.0000,0.0000,4.7599,1.5297,0.8125
3,3,297,298,2,1,2,0.7500,297.325,1026.000,1049.650,7.8409,14.0000,1.0500,0.7267,4.7545,0.5333,0.2667,0.2000,0.7071,0.0000,4.7542,1.5267,1.0000
6,3,298,299,2,2,2,0.7500,298.529,674.529,1017.588,9.4169,14.0000,1.2353,0.7826,4.7473,0.0000,0.6000,0.4000,0.7071,0.5774,4.2402,1.0180,0.5882
6,3,301,303,3,2,2,0.5000,301.767,769.151,980.685,10.0859,16.0000,1.3151,0.4198,5.4140,0.5230,0.1584,0.3185,0.9225,0.0898,4.4006,1.3537,0.5890
4,3,304,306,3,2,1,0.6667,304.796,1162.796,1092.000,8.2748,13.0000,1.0612,0.8217,4.3929,0.7500,0.1500,0.1000,0.9487,0.0000,4.8953,1.6885,0.7959
4,3,309,310,2,2,2,0.5000,309.759,1121.241,645.172,9.7651,20.0000,1.3793,0.3824,6.7336,0.0000,0.5625,0.4375,0.4459,0.5774,4.3784,1.5150,0.8276
4,3,311,312,2,2,2,0.5000,311.180,615.700,813.440,8.4115,15.0000,1.2000,0.8462,5.0474,0.5916,0.1015,0.3069,0.5000,0.5000,4.7113,1.3467,0.8200
3,3,316,317,2,1,2,0.7500,316.350,1104.000,1150.325,7.7495,14.0000,1.0500,0.7267,4.6964,0.5333,0.2667,0.2000,0.7071,0.0000,4.6988,1.5097,1.0000
7,4,316,318,3,3,2,0.3889,317.159,1196.080,701.216,11.1568,16.0000,1.2727,0.2797,5.3673,0.7243,0.1219,0.1538,0.5108,0.3286,4.6941,1.0064,0.6591
3,3,325,326,2,2,1,0.7500,325.628,1158.698,996.000,8.2975,16.0000,1.1163,0.6969,5.3489,0.5333,0.2667,0.2000,0.7071,0.0000,5.0124,2.0055,1.0000
9,4,328,330,3,2,2,0.7500,328.886,737.438,558.514,11.6838,16.0000,1.3714,0.6640,5.3410,0.5117,0.1619,0.3264,0.9082,0.4082,3.6735,1.3357,0.5429
3,3,330,331,2,1,2,0.7500,330.341,772.000,873.317,7.8980,14.0000,1.0244,0.4660,4.6717,0.5333,0.2667,0.2000,0.7071,0.0000,5.0039,1.1676,1.0000
8,3,330,332,3,2,3,0.4444,331.202,918.586,846.899,11.6750,18.0000,1.4545,0.4717,6.0044,0.4281,0.3090,0.2629,0.6346,0.1550,4.3359,1.6670,0.4949
3,3,332,334,3,1,1,1.0000,333.000,1039.000,939.000,7.8910,15.0000,1.0976,0.0000,5.0003,0.8889,0.0000,0.1111,1.0000,0.0000,4.0020,0.3334,1.0000
3,3,339,341,3,1,1,1.0000,339.976,810.000,1284.000,7.8743,14.0000,1.0244,0.9756,4.6584,0.8889,0.0000,0.1111,1.0000,0.0000,4.9897,1.1645,1.0000
7,3,341,343,3,1,3,0.7778,341.988,595.000,966.977,10.8067,14.0000,1.1395,0.9768,4.6545,0.6076,0.3038,0.0886,0.7071,0.0000,4.3233,1.6625,0.4767
5,3,342,343,2,2,2,0.6250,342.429,831.159,782.444,9.3659,14.0000,1.1111,0.7194,4.6545,0.3432,0.2505,0.4063,0.6059,0.3645,4.6533,1.6618,0.6508
3,3,343,344,2,1,2,0.7500,343.659,913.000,845.682,8.4419,15.0000,1.0227,0.7319,4.9856,0.5333,0.2667,0.2000,0.7071,0.0000,5.3164,1.1632,1.0000
5,5,343,345,3,2,1,0.8333,344.209,1060.403,923.000,9.9558,14.0000,1.0448,0.6325,4.6520,0.5854,0.2927,0.1220,0.9487,0.0000,4.6532,0.8304,1.0000
3,3,343,344,2,2,1,0.7500,343.675,1132.350,912.000,7.6744,14.0000,1.0500,0.7267,4.6520,0.5333,0.2667,0.2000,0.7071,0.0000,4.6532,1.8274,1.0000
8,3,348,350,3,3,2,0.4444,349.156,749.589,474.222,10.5595,14.0000,1.2444,1.0532,4.6450,0.6709,0.1342,0.1949,0.7372,0.1788,3.9827,1.6596,0.4444
3,3,349,350,2,1,2,0.7500,349.683,814.000,1234.341,7.8544,14.0000,1.0244,0.4660,4.6450,0.5333,0.2667,0.2000,0.7071,0.0000,5.3084,1.4932,1.0000
6,3,349,350,2,2,3,0.5000,349.446,956.595,800.054,10.0247,17.0000,1.3784,0.6051,5.6417,0.6168,0.1058,0.2774,0.5000,0.5000,4.4794,1.6592,0.5946
4,3,351,352,2,1,2,1.0000,351.463,812.000,825.500,8.9552,15.0000,1.1111,0.6814,4.9756,0.0000,0.7500,0.2500,0.0000,0.0000,4.8093,0.9950,0.7778
4,4,352,353,2,1,2,1.0000,352.500,966.000,878.500,8.6215,13.0000,1.0000,0.7071,4.3112,0.0000,0.7500,0.2500,0.0000,0.0000,4.6425,1.3262,1.0000
4,3,354,355,2,1,3,0.6667,354.527,829.000,1106.964,9.1147,16.0000,1.1636,0.4741,5.3026,0.7576,0.1294,0.1129,0.5257,0.0000,4.9717,1.9888,0.8000
3,3,355,356,2,1,2,0.7500,355.333,556.000,987.333,7.4617,13.0000,1.0000,0.4714,4.3083,0.5333,0.2667,0.2000,0.7071,0.0000,4.6399,0.9942,1.0000
3,3,355,356,2,2,1,0.7500,355.372,949.302,811.000,8.2269,16.0000,1.1163,0.6969,5.3014,0.5333,0.2667,0.2000,0.7071,0.0000,4.9712,1.3257,1.0000
3,3,359,360,2,2,1,0.7500,359.698,839.372,1008.000,8.2195,16.0000,1.1163,0.6969,5.2970,0.5333,0.2667,0.2000,0.7071,0.0000,4.9658,0.9932,1.0000
5,4,360,362,3,2,1,0.8333,361.278,947.389,881.000,10.6574,17.0000,1.1806,0.9461,5.6259,0.5854,0.2927,0.1220,0.9487,0.0000,5.2960,1.6549,0.8472
4,3,361,363,3,1,2,0.6667,362.000,613.000,1086.796,8.9352,17.0000,1.2593,0.2037,5.6259,0.5357,0.3214,0.1429,1.0000,0.0000,4.9640,1.9865,0.7963
5,3,361,363,3,3,1,0.5556,362.091,1122.470,710.000,9.7677,17.0000,1.2879,1.0525,5.6248,0.3318,0.5530,0.1152,0.0000,0.0000,4.6332,1.3238,0.6818
3,3,370,371,2,1,2,0.7500,370.319,639.000,983.319,8.9666,17.0000,1.0851,0.4513,5.6177,0.5333,0.2667,0.2000,0.7071,0.0000,5.2872,0.8261,1.0000
4,3,371,372,2,2,1,1.0000,371.444,451.537,356.000,8.9201,16.0000,1.1852,0.6418,5.2864,0.0000,0.7500,0.2500,1.0000,0.0000,4.7904,1.1561,0.7963
6,3,375,378,4,2,2,0.3750,376.551,710.128,877.167,10.5117,19.0000,1.4615,0.4955,6.2716,0.7722,0.0368,0.1910,0.9884,0.0000,4.2917,0.9905,0.5897
3,3,376,377,2,1,2,0.7500,376.682,936.000,1016.705,8.3857,17.0000,1.1591,0.4342,5.6114,0.5333,0.2667,0.2000,0.7071,0.0000,4.9520,1.6505,1.0000
4,3,377,378,2,1,2,1.0000,377.526,728.000,326.421,9.4067,17.0000,1.1930,0.6338,5.6106,0.0000,0.7500,0.2500,0.0000,0.0000,5.1159,1.4851,0.8070
4,3,379,380,2,2,1,1.0000,379.463,880.444,1151.000,8.9090,16.0000,1.1852,0.6418,5.2798,0.0000,0.7500,0.2500,1.0000,0.0000,4.7845,1.3198,0.7963
3,3,380,381,2,1,2,0.7500,380.310,954.000,754.667,8.0002,15.0000,1.0714,0.4549,4.9491,0.5333,0.2667,0.2000,0.7071,0.0000,5.2788,1.6498,1.0000
5,3,382,383,2,2,2,0.6250,382.636,1053.606,598.409,9.7348,15.0000,1.1364,0.7979,4.9470,0.2938,0.4054,0.3007,0.0000,0.3029,4.6173,1.9788,0.6364
3,3,386,387,2,1,2,0.7500,386.310,758.000,1246.667,7.9936,15.0000,1.0714,0.4549,4.9450,0.5333,0.2667,0.2000,0.7071,0.0000,4.2857,1.3184,1.0000
4,3,388,389,2,1,3,0.6667,388.509,591.000,1043.943,8.7333,15.0000,1.1321,0.5126,4.9437,0.7576,0.1294,0.1129,0.5257,0.0000,5.1077,1.6480,0.7925
3,3,390,392,3,1,1,1.0000,390.977,899.000,606.000,8.1792,16.0000,1.1163,0.0233,5.2713,0.8889,0.0000,0.1111,1.0000,0.0000,4.9426,1.6471,1.0000
4,3,391,392,2,2,1,1.0000,391.509,1020.491,932.000,8.7301,14.0000,1.0566,0.7072,4.6124,0.0000,0.7500,0.2500,1.0000,0.0000,5.1060,1.3176,0.7736
6,3,392,394,3,2,2,0.5000,392.865,988.635,993.676,9.9509,14.0000,1.1351,0.7258,4.6113,0.6381,0.1455,0.2164,0.8019,0.3768,4.6110,0.0002,0.7162
4,4,393,394,2,2,1,1.0000,393.492,925.458,973.000,9.7162,16.0000,1.0847,0.6716,5.2701,0.0000,0.7500,0.2500,1.0000,0.0000,5.2698,0.6588,1.0000
4,3,398,399,2,1,2,1.0000,398.520,991.000,1058.540,8.2295,14.0000,1.1200,0.6943,4.6088,0.0000,0.7500,0.2500,0.0000,0.0000,4.9373,1.1522,0.8000
4,3,401,404,4,1,1,1.0000,402.569,967.000,1242.000,8.3907,15.0000,1.1765,0.5686,4.9360,0.9375,0.0000,0.0625,1.0000,0.0000,4.6063,0.8226,0.8039
5,3,402,404,3,2,2,0.4167,403.016,817.587,1142.175,9.2703,14.0000,1.1111,0.4484,4.6065,0.5461,0.2256,0.2283,0.8117,0.4177,4.6062,1.8097,0.6349
3,3,403,404,2,1,2,0.7500,403.667,645.000,916.667,7.4083,13.0000,1.0000,0.7454,4.2774,0.5333,0.2667,0.2000,0.7071,0.0000,3.6191,0.3289,1.0000
3,3,403,404,2,2,1,0.7500,403.357,974.667,989.000,7.9784,15.0000,1.0714,0.7241,4.9350,0.5333,0.2667,0.2000,0.7071,0.0000,5.2644,1.3161,1.0000
4,3,403,404,2,2,1,1.0000,403.471,999.451,809.000,8.3900,14.0000,1.0980,0.6518,4.6065,0.0000,0.7500,0.2500,1.0000,0.0000,5.0997,1.9739,0.8039
4,3,405,407,3,1,2,0.6667,405.941,653.000,902.529,8.3881,14.0000,1.0980,1.0523,4.6056,0.7576,0.1294,0.1129,0.8507,0.0000,4.6052,2.4671,0.7843
4,3,411,413,3,2,1,0.6667,412.058,793.538,608.000,8.5481,15.0000,1.1538,0.4651,4.9316,0.7576,0.1294,0.1129,0.8507,0.0000,4.7671,1.3150,0.8077
4,3,412,413,2,1,2,1.0000,412.538,494.000,837.558,8.5478,15.0000,1.1538,0.6393,4.9312,0.0000,0.7500,0.2500,0.0000,0.0000,4.9314,1.3150,0.8077
4,3,413,414,2,3,1,0.6667,413.265,1119.061,1095.000,8.0542,13.0000,1.0612,0.2723,4.2737,0.5357,0.3214,0.1429,0.0000,0.0000,4.6024,1.6437,0.7959
3,3,415,416,2,2,1,0.7500,415.628,689.698,882.000,8.1599,16.0000,1.1163,0.6969,5.2592,0.5333,0.2667,0.2000,0.7071,0.0000,4.9302,2.3008,1.0000
4,3,415,417,3,2,1,0.6667,415.947,891.737,679.000,9.3672,19.0000,1.3333,0.2684,6.2448,0.5357,0.3214,0.1429,1.0000,0.0000,4.9303,1.6435,0.8246
5,3,415,417,3,3,1,0.5556,416.278,919.819,1023.000,10.5829,20.0000,1.3889,0.7444,6.5730,0.8123,0.1108,0.0769,0.7071,0.0000,4.6014,1.6434,0.7222
3,3,416,417,2,2,1,0.7500,416.683,1012.683,745.000,7.7798,15.0000,1.0976,0.4484,4.9297,0.5333,0.2667,0.2000,0.7071,0.0000,4.9302,2.3008,1.0000
3,3,419,421,3,1,1,1.0000,420.064,883.000,1120.000,8.9161,18.0000,1.1489,0.0638,5.9144,0.8889,0.0000,0.1111,1.0000,0.0000,5.5855,1.4786,1.0000
4,3,421,422,2,2,1,1.0000,421.444,899.500,1021.000,8.8707,16.0000,1.1852,0.6690,5.2569,0.0000,0.7500,0.2500,1.0000,0.0000,4.7639,1.8069,0.7963
4,3,422,423,2,1,2,1.0000,422.540,544.000,692.460,8.2130,14.0000,1.1200,0.6505,4.5991,0.0000,0.7500,0.2500,0.0000,0.0000,4.5993,2.2997,0.8000
4,3,423,425,3,2,1,0.6667,423.962,846.500,1093.000,8.5407,15.0000,1.1538,0.5015,4.9273,0.7576,0.1294,0.1129,0.8507,0.0000,4.5990,1.4783,0.7885
5,3,423,425,3,2,2,0.4167,424.273,864.167,812.167,9.6955,17.0000,1.2879,1.2944,5.5847,0.6338,0.1686,0.1975,0.9585,0.2851,4.5985,1.3139,0.6667
3,3,424,425,2,1,2,0.7500,424.333,906.000,620.667,7.9652,14.0000,1.0000,0.7454,4.5988,0.5333,0.2667,0.2000,0.7071,0.0000,4.9273,1.3139,1.0000
5,3,424,426,3,2,2,0.4167,425.016,1131.619,716.413,9.2543,15.0000,1.1905,0.7002,4.9270,0.7383,0.0485,0.2132,0.7071,0.0000,4.9270,1.9708,0.6667
4,3,426,428,3,1,2,0.6667,426.750,895.000,896.808,8.5391,16.0000,1.2308,0.7743,5.2551,0.7500,0.1500,0.1000,0.9487,0.0000,4.5977,1.3136,0.8077
6,3,426,428,3,1,2,1.0000,426.949,909.000,1253.443,10.5921,16.0000,1.2152,1.0477,5.2551,0.5556,0.3333,0.1111,1.0000,0.0000,4.7619,0.6569,0.5949
4,3,430,431,2,3,1,0.6667,430.471,881.941,897.000,8.3728,14.0000,1.0980,0.4743,4.5969,0.7576,0.1294,0.1129,0.5257,0.0000,4.7610,1.1491,0.8039
7,3,431,433,3,2,3,0.3889,432.443,500.227,783.545,10.9195,16.0000,1.2727,0.7539,5.2526,0.6637,0.0614,0.2749,0.7071,0.5000,3.6117,1.3132,0.5114
5,3,433,434,2,1,3,0.8333,433.606,577.000,1315.788,9.6894,16.0000,1.2121,0.4474,5.2522,0.5854,0.2927,0.1220,0.3162,0.0000,4.5957,0.3283,0.6515
4,3,435,437,3,1,2,0.6667,435.943,622.000,832.509,8.6979,15.0000,1.1321,0.5126,4.9233,0.7576,0.1294,0.1129,0.8507,0.0000,4.7593,1.6412,0.7925
3,3,435,435,1,2,2,0.7500,435.000,923.650,729.325,7.5804,14.0000,1.0500,0.7267,4.5954,0.5333,0.2667,0.2000,0.0000,1.0000,4.2672,1.3129,1.0000
4,4,436,438,3,2,1,0.6667,437.000,598.491,851.000,8.6972,14.0000,1.0566,0.4906,4.5948,0.7576,0.1294,0.1129,0.8507,0.0000,4.9230,1.1487,1.0000
7,3,436,439,4,3,2,0.2917,437.185,709.716,448.247,10.0477,15.0000,1.2963,1.2435,4.9233,0.6153,0.2563,0.1284,0.7859,0.1866,3.9383,1.9689,0.5062
8,3,437,440,4,2,3,0.3333,438.571,973.622,957.000,11.3702,14.0000,1.1429,0.8450,4.5944,0.6339,0.1190,0.2472,0.9299,0.3677,4.9221,1.6409,0.6735
4,3,445,446,2,2,2,0.5000,445.280,875.200,724.540,8.2001,14.0000,1.1200,0.8775,4.5918,0.5916,0.1015,0.3069,0.5000,0.5000,4.9201,1.9679,0.8000
3,3,446,448,3,1,1,1.0000,447.000,533.000,852.000,7.5739,14.0000,1.0500,0.0000,4.5914,0.8889,0.0000,0.1111,1.0000,0.0000,4.5917,0.9840,1.0000
3,3,446,447,2,2,1,0.7500,446.325,816.350,1074.000,7.5743,14.0000,1.0500,0.7267,4.5918,0.5333,0.2667,0.2000,0.7071,0.0000,4.5918,2.1318,1.0000
3,3,447,448,2,2,1,0.7500,447.667,707.667,899.000,7.3842,13.0000,1.0000,0.7454,4.2635,0.5333,0.2667,0.2000,0.7071,0.0000,3.9353,0.6559,1.0000
5,3,447,448,2,3,1,0.8333,447.547,1056.266,697.000,9.3864,15.0000,1.1719,0.6080,4.9194,0.5854,0.2927,0.1220,0.3162,0.0000,5.2469,1.3119,0.6719
5,3,449,451,3,2,1,0.8333,449.778,624.413,969.000,9.2381,16.0000,1.2698,0.6279,5.2461,0.5854,0.2927,0.1220,0.9487,0.0000,4.5903,0.9837,0.6825
5,3,450,451,2,3,2,0.4167,450.846,368.923,683.200,9.5306,16.0000,1.2308,0.2638,5.2457,0.7958,0.0325,0.1718,0.2610,0.6572,4.5900,1.4754,0.6615
3,3,455,456,2,2,1,0.7500,455.683,999.659,1103.000,7.7578,14.0000,1.0244,0.7309,4.5881,0.5333,0.2667,0.2000,0.7071,0.0000,4.9158,0.9832,1.0000
3,3,457,458,2,2,1,0.7500,457.711,782.289,577.000,8.5132,19.0000,1.2667,0.4086,6.2256,0.5333,0.2667,0.2000,0.7071,0.0000,4.5878,2.1298,1.0000
4,3,460,461,2,1,2,1.0000,460.474,539.000,717.439,9.3364,17.0000,1.1930,0.6456,5.5693,0.0000,0.7500,0.2500,0.0000,0.0000,5.2415,1.8018,0.7895
4,3,462,463,2,1,2,1.0000,462.472,462.000,905.547,8.6797,15.0000,1.1321,0.6539,4.9132,0.0000,0.7500,0.2500,0.0000,0.0000,4.7493,1.8013,0.7925
5,3,463,464,2,1,3,0.8333,463.613,890.000,1053.290,9.0807,15.0000,1.2097,0.8084,4.9123,0.5854,0.2927,0.1220,0.3162,0.0000,4.9122,1.9649,0.6613
5,3,464,465,2,2,2,0.6250,464.382,869.412,912.147,9.9587,18.0000,1.3235,0.5808,5.8948,0.3432,0.2505,0.4063,0.6059,0.3645,5.2393,1.3100,0.6765
4,3,466,467,2,1,2,1.0000,466.421,463.000,806.544,9.3313,17.0000,1.1930,0.6208,5.5663,0.0000,0.7500,0.2500,0.0000,0.0000,4.5838,0.9822,0.8246
3,3,466,467,2,1,2,0.7500,466.333,919.000,1157.667,7.3724,13.0000,1.0000,0.7454,4.2566,0.5333,0.2667,0.2000,0.7071,0.0000,4.7477,1.6369,1.0000
4,3,467,469,3,2,1,0.6667,467.941,860.490,959.000,8.3479,15.0000,1.1765,0.5132,4.9105,0.7576,0.1294,0.1129,0.8507,0.0000,4.9106,0.6549,0.8039
5,3,467,469,3,1,3,0.5556,468.031,901.000,1017.031,9.3697,16.0000,1.2500,0.0442,5.2379,0.0000,0.8276,0.1724,0.0000,0.0000,4.9101,1.8007,0.6562
4,3,468,469,2,2,1,1.0000,468.520,602.540,753.000,8.1838,14.0000,1.1200,0.6943,4.5831,0.0000,0.7500,0.2500,1.0000,0.0000,4.5827,1.3094,0.8000
4,3,468,470,3,2,1,0.6667,469.020,1092.490,978.000,8.3470,13.0000,1.0196,0.4906,4.2554,0.7576,0.1294,0.1129,0.8507,0.0000,4.9098,0.9819,0.7647
3,3,469,470,2,1,2,0.7500,469.667,842.000,1058.667,7.3700,13.0000,1.0000,0.7454,4.2554,0.5333,0.2667,0.2000,0.7071,0.0000,3.9276,0.0000,1.0000
4,3,470,471,2,1,2,1.0000,470.519,847.000,1059.537,8.8368,15.0000,1.1111,0.6680,4.9091,0.0000,0.7500,0.2500,0.0000,0.0000,4.7457,0.8182,0.7778
3,3,471,473,3,1,1,1.0000,471.918,615.000,1234.000,9.2578,19.0000,1.1633,0.0816,6.2176,0.8889,0.0000,0.1111,1.0000,0.0000,5.8909,0.6545,1.0000
5,4,474,475,2,3,1,0.8333,474.569,1080.754,1019.000,9.5102,15.0000,1.1538,0.6202,4.9077,0.5854,0.2927,0.1220,0.3162,0.0000,4.5805,1.3088,0.8462
5,3,477,479,3,2,2,0.4167,477.565,611.161,668.613,9.0686,15.0000,1.2097,0.6046,4.9057,0.6999,0.1281,0.1720,0.8684,0.1395,4.9061,1.3083,0.6774
3,3,478,479,2,1,2,0.7500,478.705,852.000,957.591,8.3076,18.0000,1.2273,0.6607,5.8863,0.5333,0.2667,0.2000,0.7071,0.0000,4.5787,1.6352,1.0000
7,3,478,481,4,2,2,0.4375,479.069,874.667,791.138,10.7532,15.0000,1.2069,1.2673,4.9057,0.7514,0.0882,0.1604,0.9757,0.1283,4.2513,1.6350,0.5057
3,3,484,485,2,1,2,0.7500,484.667,1009.000,782.667,7.3592,13.0000,1.0000,0.7454,4.2491,0.5333,0.2667,0.2000,0.7071,0.0000,4.5756,1.6343,1.0000
3,3,488,489,2,1,2,0.7500,488.705,800.000,609.295,8.2995,18.0000,1.2273,0.4178,5.8806,0.5333,0.2667,0.2000,0.7071,0.0000,4.9008,2.2869,1.0000
4,3,493,494,2,2,1,1.0000,493.480,910.540,396.000,8.1639,14.0000,1.1200,0.6943,4.5716,0.0000,0.7500,0.2500,1.0000,0.0000,4.8984,1.6327,0.8000
5,3,495,497,3,1,2,0.8333,495.788,585.000,1216.424,9.6366,18.0000,1.3636,0.4743,5.8766,0.5854,0.2927,0.1220,0.9487,0.0000,4.8972,0.3265,0.6970
4,3,496,497,2,2,1,1.0000,496.453,939.547,841.000,8.6514,15.0000,1.1321,0.6404,4.8972,0.0000,0.7500,0.2500,1.0000,0.0000,4.2441,1.6322,0.8113
4,4,500,501,2,2,1,1.0000,500.518,1005.536,260.000,9.1376,16.0000,1.1429,0.6693,5.2213,0.0000,0.7500,0.2500,1.0000,0.0000,5.0585,1.3054,1.0000
7,3,503,505,3,2,3,0.3889,504.238,769.560,1042.000,10.3577,14.0000,1.1667,0.6081,4.5674,0.4888,0.1571,0.3542,0.8671,0.4863,4.5671,2.1206,0.4762
4,3,503,504,2,2,2,0.5000,503.725,1068.745,709.196,8.3194,14.0000,1.0980,0.7936,4.5678,0.0000,0.5625,0.4375,0.4459,0.5774,5.0566,1.3050,0.8039
3,3,506,507,2,1,2,0.7500,506.295,438.000,875.341,8.2860,16.0000,1.0909,0.4511,5.2190,0.5333,0.2667,0.2000,0.7071,0.0000,5.5450,1.9568,1.0000
3,3,506,507,2,2,1,0.7500,506.350,878.675,1032.000,7.5327,14.0000,1.0500,0.7267,4.5662,0.5333,0.2667,0.2000,0.7071,0.0000,4.8927,1.3047,1.0000
3,3,506,507,2,1,2,0.7500,506.659,1123.000,1056.341,8.2857,15.0000,1.0227,0.7420,4.8928,0.5333,0.2667,0.2000,0.7071,0.0000,5.2186,1.3047,1.0000
4,3,506,508,3,2,1,0.6667,507.019,1140.811,860.000,8.6431,16.0000,1.2075,0.1896,5.2185,0.5357,0.3214,0.1429,1.0000,0.0000,4.7293,1.3047,0.8113
4,3,507,508,2,2,1,1.0000,507.536,594.429,755.000,9.1320,16.0000,1.1429,0.6860,5.2185,0.0000,0.7500,0.2500,1.0000,0.0000,5.5441,1.6306,0.8214
5,3,508,509,2,3,1,0.8333,508.516,576.250,507.000,9.3339,16.0000,1.2500,0.9101,5.2181,0.5854,0.2927,0.1220,0.3162,0.0000,4.5654,0.8152,0.6875
4,3,508,509,2,1,2,1.0000,508.492,648.000,379.492,9.6204,17.0000,1.1525,0.7072,5.5442,0.0000,0.7500,0.2500,0.0000,0.0000,4.5656,0.8152,0.7966
4,3,511,513,3,2,1,0.6667,512.056,645.574,914.000,8.8025,18.0000,1.3333,0.4295,5.8684,0.7576,0.1294,0.1129,0.8507,0.0000,4.8901,1.6301,0.8148
5,3,511,513,3,2,2,0.4167,511.985,677.456,884.779,9.9144,16.0000,1.1765,0.5873,5.2163,0.1521,0.5234,0.3245,1.0000,0.0000,4.8903,1.9563,0.6618
6,3,511,514,4,2,2,0.3750,512.548,786.881,909.679,11.1797,19.0000,1.3571,0.6460,6.1944,0.8076,0.0500,0.1424,0.9217,0.3087,4.8903,1.1409,0.7619
3,3,511,512,2,1,2,0.7500,511.682,1108.000,831.318,8.2822,16.0000,1.0909,0.4500,5.2163,0.5333,0.2667,0.2000,0.7071,0.0000,5.2167,1.6303,1.0000
4,3,513,514,2,1,2,1.0000,513.538,1049.000,901.538,8.4755,14.0000,1.0769,0.7092,4.5639,0.0000,0.7500,0.2500,0.0000,0.0000,4.8896,1.7929,0.8077
9,5,514,517,4,3,2,0.3750,515.579,960.500,1068.754,12.3852,15.0000,1.1842,0.6983,4.8887,0.5738,0.2840,0.1422,0.8853,0.2634,4.8890,1.3036,0.6140
3,3,516,517,2,1,2,0.7500,516.667,613.000,1081.333,7.3381,13.0000,1.0000,0.7454,4.2369,0.5333,0.2667,0.2000,0.7071,0.0000,3.9107,1.3035,1.0000
3,3,518,519,2,2,1,0.7500,518.675,962.350,721.000,7.5251,14.0000,1.0500,0.7267,4.5618,0.5333,0.2667,0.2000,0.7071,0.0000,4.5621,1.3033,1.0000
4,3,523,525,3,1,2,0.6667,524.056,713.000,1179.241,8.7944,18.0000,1.3333,0.2471,5.8630,0.5357,0.3214,0.1429,1.0000,0.0000,4.5600,1.3029,0.8148
3,3,525,526,2,2,1,0.7500,525.683,1083.341,826.000,7.7094,14.0000,1.0244,0.4660,4.5595,0.5333,0.2667,0.2000,0.7071,0.0000,4.2338,1.9540,1.0000
4,3,526,528,3,2,1,0.6667,526.942,953.538,511.000,8.4670,15.0000,1.1538,0.4651,4.8848,0.7576,0.1294,0.1129,0.8507,0.0000,5.0477,1.6283,0.8077
4,3,526,527,2,1,3,0.6667,526.500,977.000,704.962,8.4673,15.0000,1.1538,0.5015,4.8848,0.7576,0.1294,0.1129,0.5257,0.0000,4.5595,1.4655,0.7885
5,4,527,529,3,1,3,0.5556,527.809,595.000,1306.029,9.9028,16.0000,1.1765,0.1934,5.2101,0.5532,0.3398,0.1070,0.8281,0.0000,4.5589,1.6282,0.8382
5,3,527,528,2,2,2,0.6250,527.382,851.382,552.824,9.9031,16.0000,1.1765,0.5688,5.2105,0.3432,0.2505,0.4063,0.6059,0.3645,4.8845,1.3028,0.6471
3,3,528,529,2,1,2,0.7500,528.317,875.000,1022.341,7.7080,14.0000,1.0244,0.4660,4.5589,0.5333,0.2667,0.2000,0.7071,0.0000,4.8846,1.6281,1.0000
4,4,529,530,2,2,1,1.0000,529.509,1078.456,758.000,9.2796,16.0000,1.1228,0.6703,5.2095,0.0000,0.7500,0.2500,1.0000,0.0000,4.8842,1.6281,1.0000
4,3,529,531,3,2,1,0.6667,530.132,1250.566,874.000,8.6281,17.0000,1.2830,0.9704,5.5347,0.7576,0.1294,0.1129,0.8507,0.0000,4.5583,1.7908,0.8113
4,3,534,535,2,3,1,0.6667,534.481,1011.942,983.000,8.4631,15.0000,1.1538,0.5224,4.8824,0.7576,0.1294,0.1129,0.5257,0.0000,4.7199,1.1393,0.8077
4,3,535,537,3,2,1,0.6667,535.684,861.263,798.000,9.2763,17.0000,1.1930,0.4111,5.5331,0.7500,0.1500,0.1000,0.9487,0.0000,5.3706,1.6274,0.8070
4,3,538,539,2,1,3,0.6667,538.275,625.000,1296.667,8.2987,14.0000,1.0980,0.4318,4.5562,0.7500,0.1500,0.1000,0.3162,0.0000,4.7188,1.4644,0.8039
3,3,541,543,3,1,1,1.0000,542.000,795.000,829.000,7.5144,14.0000,1.0500,0.0000,4.5554,0.8889,0.0000,0.1111,1.0000,0.0000,3.9048,0.6508,1.0000
5,3,542,544,3,2,2,0.4167,543.031,856.422,934.672,9.3126,16.0000,1.2500,0.5354,5.2059,0.7383,0.0485,0.2132,0.7071,0.0000,4.8803,1.4641,0.6719
3,3,547,548,2,2,1,0.7500,547.667,435.667,745.000,7.3250,13.0000,1.0000,0.7454,4.2292,0.5333,0.2667,0.2000,0.7071,0.0000,3.9037,1.3013,1.0000
4,3,548,550,3,2,1,0.6667,549.089,646.500,541.000,9.1083,18.0000,1.2857,0.5079,5.8554,0.7576,0.1294,0.1129,0.8507,0.0000,5.2047,1.6265,0.8214
3,3,549,550,2,1,2,0.7500,549.667,840.000,570.667,7.3245,13.0000,1.0000,0.7454,4.2289,0.5333,0.2667,0.2000,0.7071,0.0000,4.5540,1.9518,1.0000
4,3,549,550,2,2,2,0.5000,549.255,903.745,1109.218,8.9456,15.0000,1.0909,0.4209,4.8795,0.0000,0.5625,0.4375,0.4459,0.5774,5.2048,1.1385,0.7818
4,3,552,553,2,1,2,1.0000,552.556,485.000,756.481,8.7822,15.0000,1.1111,0.6553,4.8789,0.0000,0.7500,0.2500,0.0000,0.0000,5.2043,1.1384,0.7963
4,3,552,554,3,2,1,0.6667,552.691,1009.255,911.000,8.9448,16.0000,1.1636,0.4004,5.2042,0.7500,0.1500,0.1000,0.9487,0.0000,4.8790,1.1384,0.8000
5,3,554,556,3,2,2,0.4167,555.111,823.175,1172.444,9.1637,14.0000,1.1111,1.2545,4.5536,0.7729,0.0435,0.1836,0.8328,0.5477,4.8787,1.1384,0.6667
5,3,554,555,2,2,2,0.6250,554.422,954.172,613.641,9.3093,16.0000,1.2500,0.5802,5.2041,0.3432,0.2505,0.4063,0.6059,0.3645,4.5535,1.3010,0.6719
5,4,555,556,2,2,2,0.6250,555.375,717.781,1077.625,9.3091,14.0000,1.0937,0.9442,4.5535,0.3432,0.2505,0.4063,0.6059,0.3645,4.5535,0.0000,0.8281
4,3,558,559,2,2,1,1.0000,558.500,982.429,1175.000,9.1064,17.0000,1.2143,0.6585,5.5288,0.0000,0.7500,0.2500,1.0000,0.0000,4.8785,0.9757,0.8036
3,3,560,561,2,1,2,0.7500,560.634,1052.000,1002.317,7.6984,15.0000,1.0976,0.7090,4.8783,0.5333,0.2667,0.2000,0.7071,0.0000,3.9026,1.3009,1.0000
5,3,562,563,2,2,2,0.6250,562.621,645.606,992.848,9.5990,16.0000,1.2121,0.5671,5.2034,0.3432,0.2505,0.4063,0.6059,0.3645,4.8782,1.3008,0.6818
3,3,563,565,3,1,1,1.0000,564.000,697.000,1043.000,8.4491,19.0000,1.2667,0.0000,6.1789,0.8889,0.0000,0.1111,1.0000,0.0000,4.8781,1.3008,1.0000
4,4,565,566,2,1,2,1.0000,565.491,588.000,1079.509,8.6179,14.0000,1.0566,0.6938,4.5529,0.0000,0.7500,0.2500,0.0000,0.0000,4.8780,1.3008,1.0000
4,3,567,568,2,2,2,0.5000,567.260,679.260,669.800,8.1300,14.0000,1.1200,0.4186,4.5528,0.0000,0.5625,0.4375,0.4459,0.5774,4.5528,0.6504,0.8000
4,3,568,570,3,2,1,0.6667,569.039,1081.490,627.000,8.2925,14.0000,1.0980,0.5113,4.5528,0.7576,0.1294,0.1129,0.8507,0.0000,4.5527,0.9756,0.7843
3,3,569,570,2,1,2,0.7500,569.667,453.000,1160.333,7.3223,13.0000,1.0000,0.7454,4.2276,0.5333,0.2667,0.2000,0.7071,0.0000,4.5527,1.4634,1.0000
4,3,569,570,2,2,1,1.0000,569.471,590.471,945.000,8.2925,14.0000,1.0980,0.6655,4.5528,0.0000,0.7500,0.2500,1.0000,0.0000,4.5527,1.1382,0.7843
4,3,571,572,2,2,1,1.0000,571.490,750.549,527.000,8.2924,15.0000,1.1765,0.6806,4.8779,0.0000,0.7500,0.2500,1.0000,0.0000,4.8779,1.3008,0.8039
4,3,572,573,2,1,2,1.0000,572.529,1015.000,1043.510,8.2924,14.0000,1.0980,0.6938,4.5527,0.0000,0.7500,0.2500,0.0000,0.0000,4.5527,1.6260,0.7843
3,3,573,574,2,1,2,0.7500,573.341,529.000,1253.659,7.6977,14.0000,1.0244,0.7418,4.5527,0.5333,0.2667,0.2000,0.7071,0.0000,5.2031,1.7886,1.0000
3,3,573,574,2,1,2,0.7500,573.675,605.000,916.325,7.5100,14.0000,1.0500,0.4596,4.5527,0.5333,0.2667,0.2000,0.7071,0.0000,4.5527,1.7886,1.0000
6,3,573,575,3,3,2,0.3333,574.013,838.921,1007.855,10.0897,15.0000,1.1842,1.0887,4.8779,0.7308,0.1227,0.1465,0.4448,0.4753,4.3901,1.9511,0.5526
5,3,573,574,2,2,2,0.6250,573.578,927.547,878.844,9.3075,16.0000,1.2500,0.8110,5.2031,0.3432,0.2505,0.4063,0.6059,0.3645,3.9023,0.9756,0.6719
9,3,574,576,3,2,3,0.5000,574.911,1174.723,642.938,12.1404,16.0000,1.2857,0.2975,5.2030,0.4438,0.1190,0.4373,0.9234,0.0160,3.9023,0.9756,0.4107
4,4,575,576,2,1,2,1.0000,575.509,517.000,974.491,9.2679,15.0000,1.0526,0.7072,4.8779,0.0000,0.7500,0.2500,0.0000,0.0000,5.0404,1.3008,1.0000
5,3,576,577,2,2,2,0.6250,576.615,924.154,1161.538,9.4529,17.0000,1.3077,0.6794,5.5282,0.3432,0.2505,0.4063,0.6059,0.3645,4.7152,1.9511,0.6615
3,3,577,578,2,2,1,0.7500,577.683,558.341,776.000,7.6976,14.0000,1.0244,0.4660,4.5526,0.5333,0.2667,0.2000,0.7071,0.0000,4.8778,1.3007,1.0000
3,3,577,578,2,1,2,0.7500,577.326,633.000,1082.391,8.6364,18.0000,1.1739,0.6905,5.8534,0.5333,0.2667,0.2000,0.7071,0.0000,5.2030,0.9756,1.0000
4,3,580,582,3,1,2,0.6667,581.018,697.000,1034.196,9.1051,18.0000,1.2857,0.1972,5.8533,0.5357,0.3214,0.1429,1.0000,0.0000,4.7152,1.3007,0.8036
4,3,581,582,2,1,2,1.0000,581.469,465.000,1207.469,7.9670,13.0000,1.0612,0.6638,4.2274,0.0000,0.7500,0.2500,0.0000,0.0000,4.5526,1.6259,0.7959
5,4,581,582,2,2,2,0.6250,581.600,934.431,651.831,9.4527,15.0000,1.1538,0.7160,4.8777,0.3432,0.2505,0.4063,0.6059,0.3645,4.5526,1.6259,0.8308
4,3,584,586,3,2,1,0.6667,585.069,526.552,975.000,9.4301,17.0000,1.1724,0.4535,5.5280,0.7576,0.1294,0.1129,0.8507,0.0000,5.3654,1.3007,0.8103
3,3,586,587,2,2,1,0.7500,586.333,643.690,684.000,7.8850,15.0000,1.0714,0.4549,4.8776,0.5333,0.2667,0.2000,0.7071,0.0000,4.2272,0.9755,1.0000
3,3,587,588,2,1,2,0.7500,587.619,468.000,856.310,7.8849,16.0000,1.1429,0.6921,5.2027,0.5333,0.2667,0.2000,0.7071,0.0000,3.9020,0.9755,1.0000
3,3,587,589,3,1,1,1.0000,588.000,540.000,1077.000,7.5094,14.0000,1.0500,0.0000,4.5523,0.8889,0.0000,0.1111,1.0000,0.0000,4.5524,1.6258,1.0000
4,3,591,592,2,2,1,1.0000,591.534,899.414,638.000,9.4293,18.0000,1.2414,0.6228,5.8526,0.0000,0.7500,0.2500,1.0000,0.0000,5.3649,1.9509,0.8103
3,3,593,594,2,1,2,0.7500,593.667,703.000,897.690,7.8841,15.0000,1.0714,0.4549,4.8770,0.5333,0.2667,0.2000,0.7071,0.0000,4.8771,2.1134,1.0000
3,3,595,596,2,1,2,0.7500,595.690,511.000,929.310,7.8838,16.0000,1.1429,0.4377,5.2019,0.5333,0.2667,0.2000,0.7071,0.0000,4.7143,1.1379,1.0000
3,3,595,596,2,1,2,0.7500,595.311,787.000,786.689,8.4470,17.0000,1.1333,0.4400,5.5272,0.5333,0.2667,0.2000,0.7071,0.0000,4.2267,1.3004,1.0000
4,3,595,596,2,2,1,1.0000,595.519,1022.537,611.000,8.7783,15.0000,1.1111,0.6680,4.8768,0.0000,0.7500,0.2500,1.0000,0.0000,4.7143,1.6256,0.7778
4,3,599,600,2,2,1,1.0000,599.455,729.436,579.000,8.9400,16.0000,1.1636,0.6301,5.2015,0.0000,0.7500,0.2500,1.0000,0.0000,4.7138,0.9753,0.8182
5,3,601,602,2,2,2,0.6250,601.377,429.607,835.672,8.8679,14.0000,1.1475,0.7859,4.5510,0.2938,0.4054,0.3007,0.7071,0.6739,4.5509,1.6253,0.6721
3,3,601,603,3,1,1,1.0000,602.025,796.000,840.000,7.5070,14.0000,1.0500,0.9750,4.5507,0.8889,0.0000,0.1111,1.0000,0.0000,4.5510,1.9504,1.0000
3,3,602,603,2,1,2,0.7500,602.325,601.000,1161.325,7.5069,14.0000,1.0500,0.4596,4.5509,0.5333,0.2667,0.2000,0.7071,0.0000,4.5509,1.6253,1.0000
3,3,607,608,2,1,2,0.7500,607.333,876.000,1136.690,7.8808,15.0000,1.0714,0.4549,4.8750,0.5333,0.2667,0.2000,0.7071,0.0000,4.8748,1.9500,1.0000
4,3,607,608,2,1,2,1.0000,607.463,1063.000,1015.463,8.7749,16.0000,1.1852,0.6547,5.2000,0.0000,0.7500,0.2500,0.0000,0.0000,4.5499,0.9750,0.7778
4,3,609,610,2,2,1,1.0000,609.517,646.586,450.000,9.4240,17.0000,1.1724,0.6624,5.5246,0.0000,0.7500,0.2500,1.0000,0.0000,5.1994,0.8124,0.8103
3,3,609,611,3,1,1,1.0000,610.023,689.000,799.000,8.0674,16.0000,1.1163,0.0233,5.1993,0.8889,0.0000,0.1111,1.0000,0.0000,4.8742,1.1373,1.0000
4,3,610,612,3,2,1,0.6667,610.982,519.554,1045.000,9.0984,18.0000,1.2857,0.4468,5.8490,0.7576,0.1294,0.1129,0.8507,0.0000,4.5493,1.2998,0.7857
3,3,611,612,2,1,2,0.7500,611.357,485.000,1150.310,7.8793,15.0000,1.0714,0.7135,4.8739,0.5333,0.2667,0.2000,0.7071,0.0000,4.8741,1.2997,1.0000
5,3,611,613,3,2,1,0.8333,612.121,724.652,898.000,9.5905,19.0000,1.4394,0.3690,6.1736,0.5854,0.2927,0.1220,0.9487,0.0000,4.5490,1.2997,0.6818
4,3,611,612,2,2,1,1.0000,611.460,739.480,957.000,8.1234,14.0000,1.1200,0.6943,4.5492,0.0000,0.7500,0.2500,1.0000,0.0000,4.5491,1.2997,0.8000
3,3,611,612,2,1,2,0.7500,611.683,840.000,1140.659,7.6916,14.0000,1.0244,0.7309,4.5490,0.5333,0.2667,0.2000,0.7071,0.0000,4.8739,1.2997,1.0000
3,3,611,613,3,1,1,1.0000,612.000,1020.000,807.000,7.8791,14.0000,1.0000,1.0000,4.5492,0.8889,0.0000,0.1111,1.0000,0.0000,4.2241,0.9748,1.0000
5,3,614,615,2,2,2,0.6250,614.387,746.839,1082.403,9.0083,14.0000,1.1290,0.5818,4.5485,0.3432,0.2505,0.4063,0.6059,0.3645,4.5483,0.9747,0.6613
4,3,615,617,3,1,2,0.6667,615.833,926.000,836.833,9.7459,22.0000,1.4667,0.2357,7.1469,0.7500,0.1500,0.1000,0.9487,0.0000,4.8729,1.2994,0.8333
5,3,616,618,3,1,2,0.8333,617.274,842.000,1011.403,9.0069,14.0000,1.1290,0.8303,4.5475,0.5854,0.2927,0.1220,0.9487,0.0000,4.2227,1.4619,0.6452
3,3,619,620,2,1,2,0.7500,619.310,491.000,1109.667,7.8760,15.0000,1.0714,0.4549,4.8721,0.5333,0.2667,0.2000,0.7071,0.0000,4.8721,0.9744,1.0000
5,3,619,620,2,2,2,0.6250,619.831,1055.610,577.390,8.5698,13.0000,1.1017,0.7436,4.2222,0.3432,0.2505,0.4063,0.5155,0.8569,4.5470,1.6239,0.6610
3,3,622,622,1,3,1,1.0000,622.000,707.000,833.000,7.8748,14.0000,1.0000,1.0000,4.5465,0.8889,0.0000,0.1111,0.0000,1.0000,5.1959,1.9484,1.0000
5,3,623,624,2,2,2,0.6250,623.536,869.348,1040.841,10.0201,18.0000,1.3043,0.6587,5.8452,0.3432,0.2505,0.4063,0.6059,0.3645,4.8709,0.9742,0.6957
4,3,625,626,2,1,2,1.0000,625.547,665.000,922.566,8.6041,16.0000,1.2075,0.6272,5.1948,0.0000,0.7500,0.2500,0.0000,0.0000,5.0327,2.5974,0.8113
3,3,627,628,2,2,1,0.7500,627.326,439.326,923.000,8.0597,15.0000,1.0465,0.4604,4.8698,0.5333,0.2667,0.2000,0.7071,0.0000,4.8698,0.6494,1.0000
4,3,627,628,2,2,1,1.0000,627.537,839.556,1042.000,8.7653,15.0000,1.1111,0.6971,4.8698,0.0000,0.7500,0.2500,1.0000,0.0000,5.0318,0.9739,0.8148
3,3,628,629,2,1,2,0.7500,628.675,364.000,1161.325,7.4968,14.0000,1.0500,0.4596,4.5446,0.5333,0.2667,0.2000,0.7071,0.0000,4.5448,0.9738,1.0000
3,3,629,630,2,1,2,0.7500,629.326,545.000,1039.674,8.0587,15.0000,1.0465,0.4604,4.8692,0.5333,0.2667,0.2000,0.7071,0.0000,4.8692,1.9476,1.0000
5,3,629,631,3,2,2,0.4167,630.182,801.379,805.848,9.5807,18.0000,1.3636,0.4466,5.8427,0.7729,0.0435,0.1836,0.8328,0.5477,4.8686,1.2983,0.6818
4,3,632,633,2,1,2,1.0000,632.528,641.000,1256.491,8.6005,14.0000,1.0566,0.6806,4.5435,0.0000,0.7500,0.2500,0.0000,0.0000,5.0305,1.6226,0.7736
3,3,633,635,3,1,1,1.0000,634.024,639.000,1008.000,7.8691,15.0000,1.0714,0.0238,4.8678,0.8889,0.0000,0.1111,1.0000,0.0000,4.8675,1.4603,1.0000
4,3,633,635,3,1,2,0.6667,633.768,915.000,777.196,9.0866,17.0000,1.2143,0.3041,5.5168,0.7500,0.1500,0.1000,0.9487,0.0000,4.8678,1.2981,0.8036
4,3,634,635,2,1,2,1.0000,634.519,833.000,807.462,8.4372,14.0000,1.0769,0.6947,4.5432,0.0000,0.7500,0.2500,0.0000,0.0000,5.0297,1.2980,0.7885
3,3,638,639,2,2,1,0.7500,638.302,720.651,1199.000,8.0545,15.0000,1.0465,0.7179,4.8666,0.5333,0.2667,0.2000,0.7071,0.0000,5.1911,1.9465,1.0000
3,3,639,641,3,1,1,1.0000,640.000,823.000,958.000,7.3046,13.0000,1.0000,1.0000,4.2175,0.8889,0.0000,0.1111,1.0000,0.0000,4.8660,1.2976,1.0000
3,3,641,643,3,1,1,1.0000,641.956,572.000,919.000,8.4275,17.0000,1.1333,0.0444,5.5143,0.8889,0.0000,0.1111,1.0000,0.0000,5.1902,1.2975,1.0000
3,3,642,643,2,1,2,0.7500,642.333,856.000,1132.643,7.8655,15.0000,1.0714,0.7241,4.8656,0.5333,0.2667,0.2000,0.7071,0.0000,4.8654,0.9731,1.0000
3,3,645,646,2,2,1,0.7500,645.667,647.356,1046.000,8.4259,16.0000,1.0667,0.7255,5.1889,0.5333,0.2667,0.2000,0.7071,0.0000,5.1892,1.6214,1.0000
4,3,645,646,2,1,2,1.0000,645.527,887.000,931.545,8.9187,16.0000,1.1636,0.6962,5.1892,0.0000,0.7500,0.2500,0.0000,0.0000,4.3782,0.6487,0.8182
6,4,646,647,2,3,2,0.5000,646.386,604.125,894.864,11.6508,18.0000,1.2273,1.0774,5.8373,0.7074,0.0897,0.2030,0.3047,0.0847,5.6752,1.9458,0.7500
5,3,648,649,2,2,2,0.6250,648.569,920.554,600.154,9.4262,16.0000,1.2308,0.8090,5.1885,0.3432,0.2505,0.4063,0.6059,0.3645,4.5397,1.2970,0.6615
6,3,649,650,2,2,3,0.5000,649.500,574.347,1011.014,9.5312,13.0000,1.0833,0.6089,4.2154,0.4412,0.1872,0.3716,0.6154,0.7882,4.7018,1.7834,0.5417
4,3,650,651,2,2,2,0.5000,650.732,406.196,976.500,9.0787,17.0000,1.2143,0.6003,5.5120,0.5916,0.1015,0.3069,0.5000,0.5000,4.2152,1.2969,0.8036
3,3,653,654,2,1,2,0.7500,653.317,532.000,894.634,7.6744,15.0000,1.0976,0.7090,4.8631,0.5333,0.2667,0.2000,0.7071,0.0000,4.5389,1.1347,1.0000
3,3,653,654,2,2,1,0.7500,653.326,863.302,937.000,8.0488,16.0000,1.1163,0.4443,5.1874,0.5333,0.2667,0.2000,0.7071,0.0000,5.1872,2.2695,1.0000
4,3,655,656,2,2,2,0.5000,655.288,537.808,724.750,8.4287,15.0000,1.1538,0.7783,4.8626,0.0000,0.5625,0.4375,0.4459,0.5774,4.7007,1.2968,0.8077
3,3,657,659,3,1,1,1.0000,658.000,711.000,1083.000,8.2345,18.0000,1.2273,0.0000,5.8347,0.8889,0.0000,0.1111,1.0000,0.0000,4.5383,1.6207,1.0000
4,3,660,661,2,3,1,0.6667,660.264,529.642,1072.000,8.5894,15.0000,1.1321,0.6938,4.8620,0.7500,0.1500,0.1000,0.3162,0.0000,4.8619,1.2965,0.8113
6,3,660,662,3,1,3,0.6667,660.822,963.000,1021.068,9.6595,14.0000,1.1507,0.1908,4.5377,0.6944,0.2222,0.0833,0.6000,0.0000,4.3757,0.9724,0.5616
3,3,662,663,2,1,2,0.7500,662.333,471.000,1052.289,8.4206,17.0000,1.1333,0.4411,5.5099,0.5333,0.2667,0.2000,0.7071,0.0000,5.1856,0.9723,1.0000
3,3,662,663,2,1,2,0.7500,662.357,834.000,919.333,7.8592,15.0000,1.0714,0.7241,4.8615,0.5333,0.2667,0.2000,0.7071,0.0000,4.2134,0.8103,1.0000
4,3,664,665,2,2,1,1.0000,664.547,570.528,1061.000,8.5883,15.0000,1.1321,0.6539,4.8612,0.0000,0.7500,0.2500,1.0000,0.0000,4.6993,1.2963,0.7925
5,3,664,665,2,2,2,0.6250,664.426,921.426,842.820,8.8411,13.0000,1.0656,0.7372,4.2132,0.3432,0.2505,0.4063,0.6059,0.3645,4.5372,1.7824,0.6393
3,3,665,666,2,1,2,0.7500,665.325,488.000,1004.650,7.4843,14.0000,1.0500,0.7267,4.5372,0.5333,0.2667,0.2000,0.7071,0.0000,3.8890,0.4861,1.0000
3,3,668,669,2,1,2,0.7500,668.381,433.000,934.690,7.8579,16.0000,1.1429,0.6921,5.1848,0.5333,0.2667,0.2000,0.7071,0.0000,4.5368,1.2962,1.0000
4,3,669,670,2,2,1,1.0000,669.462,906.481,902.000,8.4252,14.0000,1.0769,0.6665,4.5367,0.0000,0.7500,0.2500,1.0000,0.0000,4.6987,0.8102,0.7885
3,3,673,674,2,1,2,0.7500,673.289,596.000,1102.400,8.4182,18.0000,1.2000,0.6659,5.8323,0.5333,0.2667,0.2000,0.7071,0.0000,4.8603,1.2960,1.0000
5,3,674,675,2,2,2,0.6250,674.390,941.780,959.661,8.5492,13.0000,1.1017,0.9353,4.2122,0.3432,0.2505,0.4063,0.6059,0.3645,4.5361,1.6200,0.6610
4,3,676,677,2,1,2,1.0000,676.547,499.000,533.491,8.5858,15.0000,1.1321,0.6816,4.8598,0.0000,0.7500,0.2500,0.0000,0.0000,4.6979,1.1340,0.7925
8,3,677,679,3,2,3,0.4444,678.255,462.214,920.041,11.2253,17.0000,1.3878,0.3357,5.5077,0.5074,0.3123,0.1803,0.2951,0.0437,4.2118,1.6199,0.4592
3,3,677,678,2,2,1,0.7500,677.317,847.317,615.000,7.6692,15.0000,1.0976,0.4484,4.8598,0.5333,0.2667,0.2000,0.7071,0.0000,4.5358,1.2959,1.0000
4,3,678,679,2,2,2,0.5000,678.212,540.538,1094.731,8.4235,14.0000,1.0769,0.8898,4.5357,0.5916,0.1015,0.3069,0.5000,0.5000,4.6977,1.6199,0.7885
3,3,678,680,3,1,1,1.0000,679.000,655.000,1125.000,7.2948,13.0000,1.0000,1.0000,4.2118,0.8889,0.0000,0.1111,1.0000,0.0000,4.5356,0.8099,1.0000
3,3,678,679,2,2,1,0.7500,678.711,732.689,882.000,8.4172,18.0000,1.2000,0.4246,5.8315,0.5333,0.2667,0.2000,0.7071,0.0000,5.1836,1.2959,1.0000
4,3,679,680,2,1,2,1.0000,679.481,585.000,1067.537,8.7472,16.0000,1.1852,0.6680,5.1836,0.0000,0.7500,0.2500,0.0000,0.0000,4.5355,1.9438,0.7778
3,3,679,680,2,1,2,0.7500,679.350,597.000,1259.675,7.4818,14.0000,1.0500,0.7267,4.5355,0.5333,0.2667,0.2000,0.7071,0.0000,4.5356,0.6479,1.0000
7,3,679,681,3,3,2,0.3889,680.193,781.841,632.489,10.7754,16.0000,1.2727,0.5490,5.1835,0.7353,0.1201,0.1447,0.7945,0.5981,3.8877,1.7818,0.5114
5,3,683,684,2,1,3,0.8333,683.403,565.000,930.209,9.7063,19.0000,1.4179,0.4539,6.1549,0.5854,0.2927,0.1220,0.3162,0.0000,4.8590,2.1056,0.6866
3,3,687,688,2,2,1,0.7500,687.667,893.333,1109.000,7.2932,13.0000,1.0000,0.7454,4.2108,0.5333,0.2667,0.2000,0.7071,0.0000,3.8868,1.1336,1.0000
4,3,688,689,2,3,1,0.6667,688.490,518.941,596.000,8.2593,15.0000,1.1765,0.5132,4.8583,0.7576,0.1294,0.1129,0.5257,0.0000,4.8584,1.2956,0.8039
3,3,689,690,2,1,2,0.7500,689.333,797.000,1149.310,7.8538,15.0000,1.0714,0.4549,4.8583,0.5333,0.2667,0.2000,0.7071,0.0000,5.1821,2.2672,1.0000
7,3,691,693,3,1,3,0.7778,692.298,582.000,1004.143,10.2821,15.0000,1.2500,0.9073,4.8579,0.4747,0.4312,0.0941,0.5071,0.0000,4.2100,0.9715,0.4881
3,3,692,694,3,1,1,1.0000,693.025,403.000,952.000,7.4789,14.0000,1.0500,0.9750,4.5337,0.8889,0.0000,0.1111,1.0000,0.0000,3.8863,0.9716,1.0000
4,3,692,693,2,1,2,1.0000,692.490,815.000,955.471,8.2583,14.0000,1.0980,0.6938,4.5339,0.0000,0.7500,0.2500,0.0000,0.0000,3.8863,1.2954,0.7843
4,3,692,693,2,2,2,0.5000,692.778,893.741,701.241,8.7440,15.0000,1.1111,0.4178,4.8577,0.0000,0.5625,0.4375,0.4459,0.5774,4.6958,1.2954,0.7778
3,3,694,695,2,1,2,0.7500,694.659,794.000,1153.317,7.6655,14.0000,1.0244,0.7309,4.5337,0.5333,0.2667,0.2000,0.7071,0.0000,4.8574,1.2953,1.0000
4,4,696,697,2,2,1,1.0000,696.526,808.526,398.000,9.2285,16.0000,1.1228,0.6699,5.1808,0.0000,0.7500,0.2500,1.0000,0.0000,5.1808,1.6191,1.0000
3,3,697,698,2,1,2,0.7500,697.683,656.000,1241.659,7.6646,14.0000,1.0244,0.7309,4.5330,0.5333,0.2667,0.2000,0.7071,0.0000,5.1806,1.6190,1.0000
4,3,698,700,3,2,1,0.6667,699.018,439.446,860.000,9.0657,18.0000,1.2857,0.4468,5.8279,0.7576,0.1294,0.1129,0.8507,0.0000,4.5328,0.6476,0.7857
6,3,701,702,2,2,2,0.7500,701.373,742.453,1078.267,9.9125,17.0000,1.3600,0.6450,5.5037,0.2000,0.3333,0.4667,0.7071,0.7071,4.5323,2.5900,0.6000
6,4,702,705,4,2,2,0.3750,703.351,467.857,472.325,10.1760,14.0000,1.0909,0.4988,4.5321,0.8675,0.0267,0.1059,0.9315,0.3570,4.8557,1.6186,0.7013
3,3,704,705,2,1,2,0.7500,704.667,665.000,1303.310,7.8491,15.0000,1.0714,0.4549,4.8553,0.5333,0.2667,0.2000,0.7071,0.0000,5.1792,1.2948,1.0000
4,3,704,706,3,1,2,0.6667,705.033,819.000,1069.450,9.7106,19.0000,1.2667,0.4512,6.1501,0.7576,0.1294,0.1129,0.8507,0.0000,5.6643,2.2658,0.8000
4,3,705,706,2,2,2,0.5000,705.250,989.481,1061.788,8.4158,14.0000,1.0769,0.5817,4.5316,0.5916,0.1015,0.3069,0.5000,0.5000,4.6934,1.7803,0.7885
4,3,706,707,2,1,2,1.0000,706.500,598.000,1130.481,8.4153,14.0000,1.0769,0.6936,4.5314,0.0000,0.7500,0.2500,0.0000,0.0000,4.8548,1.4564,0.7692
3,3,708,709,2,1,2,0.7500,708.317,530.000,930.659,7.6609,14.0000,1.0244,0.7309,4.5310,0.5333,0.2667,0.2000,0.7071,0.0000,4.8546,2.1036,1.0000
6,3,711,713,3,2,2,0.5000,712.230,491.514,964.135,9.7751,15.0000,1.2162,0.9210,4.8533,0.3810,0.3333,0.2857,0.9487,0.1690,4.6916,1.2942,0.5541
4,4,712,713,2,1,2,1.0000,712.536,580.000,1010.482,9.0597,16.0000,1.1429,0.6693,5.1768,0.0000,0.7500,0.2500,0.0000,0.0000,4.6916,1.2943,1.0000
7,3,712,714,3,3,2,0.3889,713.310,791.862,933.241,10.6392,17.0000,1.3678,0.7436,5.5001,0.2843,0.4935,0.2222,0.8778,0.4790,4.2063,1.9414,0.5172
5,3,714,716,3,2,2,0.4167,714.806,433.209,988.836,9.6937,16.0000,1.1940,0.3290,5.1763,0.6489,0.0995,0.2515,0.9362,0.2726,4.8528,0.9706,0.6567
4,3,714,715,2,1,2,1.0000,714.472,540.000,766.509,8.5734,15.0000,1.1321,0.6806,4.8530,0.0000,0.7500,0.2500,0.0000,0.0000,4.5294,0.9705,0.7736
3,3,715,717,3,1,1,1.0000,716.000,872.000,1154.000,7.6576,15.0000,1.0976,0.0000,4.8525,0.8889,0.0000,0.1111,1.0000,0.0000,3.8823,1.1322,1.0000
5,3,716,718,3,2,1,0.8333,717.206,525.333,872.000,9.1137,16.0000,1.2698,0.8608,5.1754,0.5854,0.2927,0.1220,0.9487,0.0000,4.5287,1.2939,0.6667
5,3,717,719,3,1,2,0.8333,718.194,1057.000,543.597,9.6918,15.0000,1.1194,0.6278,4.8519,0.5854,0.2927,0.1220,0.9487,0.0000,4.5282,1.2938,0.6418
4,3,720,721,2,1,2,1.0000,720.481,468.000,1151.500,8.7321,15.0000,1.1111,0.6941,4.8513,0.0000,0.7500,0.2500,0.0000,0.0000,4.6895,0.9702,0.7778
5,3,720,721,2,2,2,0.6250,720.397,505.349,870.794,9.1120,14.0000,1.1111,0.5674,4.5279,0.3432,0.2505,0.4063,0.6059,0.3645,4.5279,1.9403,0.6508
4,3,721,722,2,1,2,1.0000,721.500,510.000,940.463,8.7316,15.0000,1.1111,0.6814,4.8507,0.0000,0.7500,0.2500,0.0000,0.0000,4.6893,1.4552,0.7778
3,3,722,723,2,1,2,0.7500,722.357,742.000,1066.690,7.8414,15.0000,1.0714,0.7135,4.8504,0.5333,0.2667,0.2000,0.7071,0.0000,5.1741,2.1018,1.0000
3,3,723,724,2,2,1,0.7500,723.659,381.317,918.000,7.6541,14.0000,1.0244,0.7309,4.5271,0.5333,0.2667,0.2000,0.7071,0.0000,4.2035,0.6467,1.0000
4,3,726,728,3,2,1,0.6667,727.038,1026.755,649.000,8.5670,16.0000,1.2075,0.2482,5.1726,0.5357,0.3214,0.1429,1.0000,0.0000,4.5258,0.9699,0.7925
5,3,728,730,3,2,2,0.4167,728.855,189.161,831.839,8.9628,15.0000,1.2097,0.2704,4.8487,0.6489,0.0995,0.2515,0.9362,0.2726,4.5257,0.9698,0.6774
4,4,730,731,2,2,1,1.0000,730.517,493.500,739.000,9.3733,15.0000,1.0345,0.6950,4.8481,0.0000,0.7500,0.2500,1.0000,0.0000,4.3634,0.9697,1.0000
4,3,731,733,3,2,1,0.6667,732.173,569.808,919.000,8.4029,15.0000,1.1538,0.2587,4.8479,0.7500,0.1500,0.1000,0.9487,0.0000,4.6863,1.6160,0.8077
3,3,731,732,2,1,2,0.7500,731.690,636.000,1132.643,7.8371,15.0000,1.0714,0.7135,4.8479,0.5333,0.2667,0.2000,0.7071,0.0000,4.8479,1.9391,1.0000
4,3,731,732,2,2,1,1.0000,731.451,1102.451,822.000,8.2416,15.0000,1.1765,0.6378,4.8481,0.0000,0.7500,0.2500,1.0000,0.0000,4.5248,1.1313,0.8039
3,3,732,734,3,1,1,1.0000,733.000,672.000,791.000,7.6499,15.0000,1.0976,0.0000,4.8476,0.8889,0.0000,0.1111,1.0000,0.0000,4.2015,1.2928,1.0000
3,3,732,734,3,1,1,1.0000,733.000,878.000,977.000,7.8365,16.0000,1.1429,0.0000,5.1708,0.8889,0.0000,0.1111,1.0000,0.0000,4.6862,-0.3231,1.0000
4,3,734,735,2,2,1,1.0000,734.491,211.455,690.000,8.8865,15.0000,1.0909,0.6690,4.8473,0.0000,0.7500,0.2500,1.0000,0.0000,4.8472,1.2925,0.7818
5,3,734,736,3,2,1,0.8333,735.234,834.625,523.000,9.2486,16.0000,1.2500,0.4422,5.1702,0.5854,0.2927,0.1220,0.9487,0.0000,4.8467,1.2927,0.6562
3,3,735,736,2,1,2,0.7500,735.317,663.000,1124.683,7.6489,15.0000,1.0976,0.4484,4.8470,0.5333,0.2667,0.2000,0.7071,0.0000,4.5239,1.4542,1.0000
4,3,735,736,2,2,1,1.0000,735.527,724.564,534.000,8.8860,16.0000,1.1636,0.6433,5.1699,0.0000,0.7500,0.2500,1.0000,0.0000,5.1700,1.2926,0.8000
3,3,737,738,2,1,2,0.7500,737.333,386.000,566.667,7.8347,14.0000,1.0000,0.7454,4.5234,0.5333,0.2667,0.2000,0.7071,0.0000,4.8465,1.6156,1.0000
3,3,738,739,2,1,2,0.7500,738.333,922.000,1194.667,8.3938,15.0000,1.0000,0.7454,4.8463,0.5333,0.2667,0.2000,0.7071,0.0000,5.1693,0.3231,1.0000
4,3,756,758,3,1,2,0.6667,757.189,665.000,1009.811,8.5554,15.0000,1.1321,0.2668,4.8427,0.7500,0.1500,0.1000,0.9487,0.0000,4.8427,0.9685,0.8113
4,3,760,761,2,1,2,1.0000,760.483,947.000,711.450,9.6847,18.0000,1.2000,0.6604,5.8109,0.0000,0.7500,0.2500,0.0000,0.0000,5.0037,1.1299,0.7833
4,3,768,769,2,1,2,1.0000,768.527,555.000,1189.545,8.8765,15.0000,1.0909,0.6962,4.8417,0.0000,0.7500,0.2500,0.0000,0.0000,5.3259,1.6139,0.8000
5,4,768,770,3,1,2,0.8333,768.848,618.000,935.576,9.5272,14.0000,1.0606,1.0254,4.5190,0.5854,0.2927,0.1220,0.9487,0.0000,4.8417,2.0981,0.8485
5,3,771,772,2,2,2,0.6250,771.365,629.865,885.405,10.6817,20.0000,1.3514,0.5619,6.4554,0.3432,0.2505,0.4063,0.6059,0.3645,4.8415,1.2911,0.6892
3,3,776,778,3,1,1,1.0000,776.935,622.000,765.000,8.5717,17.0000,1.1087,0.9348,5.4869,0.8889,0.0000,0.1111,1.0000,0.0000,3.5503,0.3227,1.0000
5,3,784,785,2,2,2,0.6250,784.446,695.431,450.846,9.3814,15.0000,1.1538,0.7183,4.8409,0.3432,0.2505,0.4063,0.6059,0.3645,5.3250,1.9364,0.6615
5,3,792,794,3,2,1,0.8333,792.833,598.333,881.000,9.5247,16.0000,1.2121,0.3727,5.1631,0.5854,0.2927,0.1220,0.9487,0.0000,4.8404,0.6454,0.6667
5,3,793,794,2,1,3,0.8333,793.358,1004.000,1048.746,9.6690,16.0000,1.1940,0.4390,5.1631,0.5854,0.2927,0.1220,0.3162,0.0000,5.1630,1.2908,0.6716
6,3,796,798,3,2,2,0.5000,797.096,613.639,750.133,10.9336,17.0000,1.2289,0.6592,5.4854,0.5230,0.1584,0.3185,0.9225,0.0898,4.1947,0.9680,0.5783
4,4,806,809,4,1,1,1.0000,807.567,636.000,782.000,10.8067,22.0000,1.3134,0.4328,7.0968,0.9375,0.0000,0.0625,1.0000,0.0000,4.6774,0.9677,1.0000
3,3,808,809,2,2,1,0.7500,808.667,395.311,438.000,8.3808,16.0000,1.0667,0.4560,5.1612,0.5333,0.2667,0.2000,0.7071,0.0000,5.1613,1.4516,1.0000
7,4,809,811,3,2,2,0.5833,810.144,614.611,752.756,10.9725,15.0000,1.1667,0.4815,4.8384,0.6197,0.1831,0.1972,0.9223,0.3857,4.5159,1.4516,0.6444
4,3,814,815,2,1,2,1.0000,814.544,623.000,669.491,9.1916,17.0000,1.1930,0.6833,5.4826,0.0000,0.7500,0.2500,0.0000,0.0000,4.9990,1.9351,0.8070
5,3,815,817,3,2,1,0.8333,815.735,660.618,519.000,9.8074,16.0000,1.1765,0.4650,5.1599,0.5854,0.2927,0.1220,0.9487,0.0000,4.8376,0.9675,0.6618
3,3,819,820,2,2,1,0.7500,819.326,332.696,513.000,8.5638,17.0000,1.1087,0.4460,5.4818,0.5333,0.2667,0.2000,0.7071,0.0000,5.1592,1.2899,1.0000
3,3,833,834,2,1,2,0.7500,833.340,624.000,767.298,8.7453,17.0000,1.0851,0.4523,5.4789,0.5333,0.2667,0.2000,0.7071,0.0000,4.3507,0.0001,1.0000
4,3,835,837,3,1,2,0.6667,836.000,563.000,918.780,9.5065,18.0000,1.2203,0.2203,5.8006,0.5357,0.3214,0.1429,1.0000,0.0000,4.8338,1.9335,0.7797
4,3,847,848,2,2,2,0.5000,847.702,600.754,1132.825,9.1812,17.0000,1.1930,0.7639,5.4766,0.0000,0.5625,0.4375,0.4459,0.5774,4.8322,1.1275,0.8246
3,3,862,863,2,1,2,0.7500,862.688,744.000,1004.396,8.9258,19.0000,1.1875,0.6802,6.1196,0.5333,0.2667,0.2000,0.7071,0.0000,5.1533,1.9325,1.0000
3,3,869,871,3,1,1,1.0000,870.000,439.000,887.000,7.8100,14.0000,1.0000,1.0000,4.5091,0.8889,0.0000,0.1111,1.0000,0.0000,4.8312,1.6104,1.0000
9,3,872,874,3,2,2,0.7500,872.685,588.550,380.432,11.9169,17.0000,1.3784,0.6995,5.4753,0.4706,0.0000,0.5294,0.9045,0.2172,4.1870,1.7714,0.5405
9,3,874,877,4,2,4,0.2812,875.689,621.451,762.779,13.0980,18.0000,1.3279,0.9081,5.7975,0.8744,0.0262,0.0994,0.6867,0.3230,4.5091,1.7714,0.5246
12,5,877,880,4,4,3,0.2500,878.599,628.675,773.713,14.5975,17.0000,1.2994,0.7390,5.4754,0.5413,0.2784,0.1803,0.5352,0.4621,4.5092,1.2883,0.5924
5,3,885,886,2,2,2,0.6250,885.377,534.174,765.594,9.9391,16.0000,1.1594,0.7248,5.1535,0.3432,0.2505,0.4063,0.6059,0.3645,4.8315,1.6105,0.6522
4,3,888,890,3,1,2,0.6667,889.097,623.000,765.139,11.5957,22.0000,1.2222,1.1060,7.0862,0.7500,0.1500,0.1000,0.9487,0.0000,6.1199,0.9663,0.8611
5,3,891,892,2,2,2,0.6250,891.606,749.818,934.364,9.5073,16.0000,1.2121,0.7298,5.1537,0.3432,0.2505,0.4063,0.6059,0.3645,4.8316,1.2884,0.6667
3,3,899,900,2,2,1,0.7500,899.354,635.292,835.000,8.9266,17.0000,1.0625,0.4588,5.4759,0.5333,0.2667,0.2000,0.7071,0.0000,5.7980,0.9663,1.0000
4,3,901,902,2,2,2,0.5000,901.293,446.828,751.259,9.3413,17.0000,1.1724,0.7722,5.4759,0.0000,0.5625,0.4375,0.4459,0.5774,5.3149,1.6106,0.8276
5,3,901,902,2,2,2,0.6250,901.582,1097.463,668.149,9.6516,16.0000,1.1940,0.8061,5.1538,0.3432,0.2505,0.4063,0.6059,0.3645,5.1538,1.4495,0.6716
9,3,906,908,3,4,3,0.2500,907.330,497.191,602.591,12.3476,20.0000,1.5652,0.5593,6.4422,0.4079,0.1320,0.4601,0.4753,0.7591,4.1875,1.6106,0.4174
46,18,909,912,4,7,6,0.2738,910.403,495.317,599.528,33.5772,36.0000,2.3423,0.8245,11.5959,0.2844,0.3988,0.3168,0.3183,0.9011,4.5095,0.9663,0.5926
4,3,909,910,2,1,3,0.6667,909.259,976.000,1078.667,8.6970,15.0000,1.1111,0.7153,4.8317,0.7500,0.1500,0.1000,0.3162,0.0000,4.8317,1.4495,0.7963
4,3,910,912,3,1,2,0.6667,910.912,649.000,616.439,9.1801,16.0000,1.1228,1.0122,5.1538,0.7576,0.1294,0.1129,0.8507,0.0000,5.1538,1.9327,0.8070
7,3,912,914,3,1,3,0.7778,913.300,1048.000,852.833,10.9570,17.0000,1.3222,0.7196,5.4758,0.4747,0.4312,0.0941,0.5071,0.0000,4.1874,0.9663,0.5111
4,3,914,915,2,1,2,1.0000,914.473,664.000,844.545,8.8579,16.0000,1.1636,0.6962,5.1537,0.0000,0.7500,0.2500,0.0000,0.0000,4.9926,1.4495,0.8182
4,3,919,920,2,2,1,1.0000,919.561,304.491,719.000,9.1798,17.0000,1.1930,0.6717,5.4756,0.0000,0.7500,0.2500,1.0000,0.0000,5.3146,1.6105,0.8070
3,3,934,935,2,2,1,0.7500,934.667,394.333,513.000,8.3675,15.0000,1.0000,0.7454,4.8310,0.5333,0.2667,0.2000,0.7071,0.0000,5.4751,2.0934,1.0000
4,3,938,939,2,1,3,0.6667,938.561,790.000,1074.088,9.1786,17.0000,1.1930,0.4473,5.4749,0.7576,0.1294,0.1129,0.5257,0.0000,5.1529,1.7713,0.8246
4,3,940,941,2,1,2,1.0000,940.552,683.000,1116.500,9.3395,17.0000,1.1724,0.6715,5.4748,0.0000,0.7500,0.2500,0.0000,0.0000,4.9918,1.2882,0.7931
5,3,941,942,2,2,2,0.6250,941.838,517.485,1088.412,9.7936,18.0000,1.3235,0.7982,5.7969,0.3432,0.2505,0.4063,0.5155,0.8569,5.1528,2.2543,0.6912
4,3,945,947,3,1,2,0.6667,945.949,343.000,855.746,9.5001,17.0000,1.1525,0.2593,5.4747,0.5357,0.3214,0.1429,1.0000,0.0000,5.4747,1.2882,0.7966
3,3,946,947,2,1,2,0.7500,946.674,786.000,950.349,7.9949,15.0000,1.0465,0.7280,4.8305,0.5333,0.2667,0.2000,0.7071,0.0000,4.8306,1.2882,1.0000
5,3,954,956,3,2,1,0.8333,954.785,286.446,926.000,9.3608,16.0000,1.2308,0.4954,5.1523,0.5854,0.2927,0.1220,0.9487,0.0000,4.8303,1.2881,0.6923
4,3,954,955,2,1,3,0.6667,954.586,803.000,1118.931,9.3386,20.0000,1.3793,0.4195,6.4404,0.7576,0.1294,0.1129,0.5257,0.0000,4.8303,1.2881,0.8276
3,3,957,958,2,2,1,0.7500,957.318,203.364,683.000,8.1803,16.0000,1.0909,0.7115,5.1523,0.5333,0.2667,0.2000,0.7071,0.0000,4.8303,1.1271,1.0000
5,3,962,964,3,2,1,0.8333,963.191,263.368,501.000,9.7924,16.0000,1.1765,0.4144,5.1521,0.5854,0.2927,0.1220,0.9487,0.0000,5.4741,1.6100,0.6765
5,3,973,975,3,1,2,0.8333,973.706,517.000,1016.456,9.7917,16.0000,1.1765,0.6185,5.1517,0.5854,0.2927,0.1220,0.9487,0.0000,5.1517,0.3220,0.6765
8,3,976,978,3,2,2,0.6667,977.221,482.385,739.519,11.8388,16.0000,1.2308,0.6542,5.1516,0.4396,0.1507,0.4097,0.8641,0.2943,4.9905,0.9659,0.5577
3,3,981,982,2,2,1,0.7500,981.333,378.333,575.000,7.8071,14.0000,1.0000,0.4714,4.5074,0.5333,0.2667,0.2000,0.7071,0.0000,4.8294,1.2878,1.0000
7,3,990,992,3,3,2,0.3889,990.645,559.000,838.419,11.3154,19.0000,1.4301,0.5493,6.1162,0.5780,0.1560,0.2660,0.7697,0.1362,4.1848,1.4486,0.5591
3,3,1003,1004,2,2,1,0.7500,1003.333,290.667,1022.000,7.8033,14.0000,1.0000,0.7454,4.5053,0.5333,0.2667,0.2000,0.7071,0.0000,5.1489,1.2872,1.0000
4,3,1013,1015,3,2,1,0.6667,1013.877,166.439,804.000,9.1678,17.0000,1.1930,0.9807,5.4687,0.7576,0.1294,0.1129,0.8507,0.0000,5.1468,0.4826,0.8246
3,3,1016,1017,2,2,1,0.7500,1016.333,337.667,614.000,7.7994,14.0000,1.0000,0.7454,4.5031,0.5333,0.2667,0.2000,0.7071,0.0000,4.8247,0.9650,1.0000
3,3,1022,1024,3,1,1,1.0000,1023.000,367.000,872.000,7.7971,14.0000,1.0000,1.0000,4.5019,0.8889,0.0000,0.1111,1.0000,0.0000,5.1447,1.2862,1.0000
6,3,1027,1029,3,2,2,0.5000,1028.360,695.140,362.488,11.2864,17.0000,1.1860,0.8308,5.4647,0.6373,0.1269,0.2358,0.8795,0.0724,4.9827,1.2858,0.5581
3,3,1040,1041,2,2,1,0.7500,1040.340,595.340,367.000,9.2746,17.0000,1.0200,0.7424,5.4619,0.5333,0.2667,0.2000,0.7071,0.0000,6.1042,1.2852,1.0000
5,3,1048,1049,2,1,3,0.8333,1048.406,688.000,962.841,9.9104,15.0000,1.0870,0.4360,4.8175,0.5854,0.2927,0.1220,0.3162,0.0000,4.8175,0.6424,0.6377
3,3,1051,1052,2,2,1,0.7500,1051.333,848.667,947.000,7.7868,14.0000,1.0000,0.7454,4.4958,0.5333,0.2667,0.2000,0.7071,0.0000,4.8169,1.9268,1.0000
5,4,1059,1060,2,2,2,0.6250,1059.630,226.603,715.795,10.4800,17.0000,1.1644,0.5804,5.4572,0.3432,0.2505,0.4063,0.6059,0.3645,5.1362,1.6051,0.8356
4,3,1059,1060,2,2,1,1.0000,1059.545,438.455,597.000,8.8279,15.0000,1.0909,0.7100,4.8153,0.0000,0.7500,0.2500,1.0000,0.0000,5.1362,1.2841,0.8182
4,3,1061,1063,3,2,1,0.6667,1061.938,326.185,701.000,10.4321,19.0000,1.1692,0.9564,6.0990,0.5357,0.3214,0.1429,1.0000,0.0000,6.0986,2.4075,0.8154
4,3,1063,1065,3,2,1,0.6667,1064.103,757.552,909.000,9.3079,16.0000,1.1034,0.5613,5.1354,0.7576,0.1294,0.1129,0.8507,0.0000,5.4563,1.4443,0.8276
6,3,1065,1066,2,3,1,1.0000,1065.526,541.079,602.000,9.9579,15.0000,1.1842,0.4802,4.8141,0.5556,0.3333,0.1111,0.0000,0.0000,4.3328,1.2837,0.5658
4,3,1066,1067,2,2,2,0.5000,1066.800,387.767,731.767,9.6279,20.0000,1.3333,0.3859,6.4186,0.0000,0.5625,0.4375,0.4459,0.5774,4.8139,1.6046,0.8000
4,3,1068,1071,4,1,1,1.0000,1069.678,362.000,1137.000,9.4665,20.0000,1.3559,0.3220,6.4179,0.9375,0.0000,0.0625,1.0000,0.0000,4.9739,0.9627,0.8305
4,3,1069,1071,3,2,1,0.6667,1070.088,348.246,692.000,9.1455,18.0000,1.2632,0.2608,5.7761,0.5357,0.3214,0.1429,1.0000,0.0000,4.9738,0.9627,0.8246
3,3,1075,1076,2,2,1,0.7500,1075.674,164.651,988.000,7.9651,15.0000,1.0465,0.7280,4.8125,0.5333,0.2667,0.2000,0.7071,0.0000,4.8126,0.8021,1.0000
3,3,1076,1077,2,2,1,0.7500,1076.341,306.318,954.000,8.1501,15.0000,1.0227,0.4663,4.8125,0.5333,0.2667,0.2000,0.7071,0.0000,4.4915,0.3209,1.0000
6,3,1095,1097,3,3,1,0.6667,1096.051,869.772,1007.000,10.3413,16.0000,1.2152,0.7738,5.1303,0.6944,0.2222,0.0833,0.8000,0.0000,4.8097,1.9238,0.5696
3,3,1109,1110,2,1,2,0.7500,1109.681,433.000,833.362,8.6979,17.0000,1.0851,0.7136,5.4491,0.5333,0.2667,0.2000,0.7071,0.0000,5.4492,2.0835,1.0000
5,3,1122,1124,3,2,2,0.4167,1123.194,413.597,412.149,9.6017,15.0000,1.1194,0.6453,4.8068,0.7729,0.0435,0.1836,0.8328,0.5477,5.1271,1.2818,0.6716
17,11,1132,1135,4,3,2,0.7083,1134.026,1050.179,1000.566,21.2928,27.0000,1.6752,0.4704,8.6511,0.3601,0.2999,0.3400,0.9281,0.1105,5.1266,1.6021,0.7445
4,3,1138,1139,2,2,2,0.5000,1138.278,509.537,1083.204,8.6510,15.0000,1.1111,0.8817,4.8061,0.5916,0.1015,0.3069,0.5000,0.5000,4.1653,1.2816,0.7963
3,3,1142,1143,2,2,1,0.7500,1142.311,284.689,746.000,8.3245,17.0000,1.1333,0.4400,5.4469,0.5333,0.2667,0.2000,0.7071,0.0000,4.4857,1.1214,1.0000
4,3,1143,1145,3,2,1,0.6667,1143.643,224.286,649.000,8.9715,16.0000,1.1429,0.9610,5.1266,0.7500,0.1500,0.1000,0.9487,0.0000,4.9664,1.1214,0.8036
3,3,1148,1149,2,2,1,0.7500,1148.674,140.349,694.000,7.9549,15.0000,1.0465,0.7280,4.8064,0.5333,0.2667,0.2000,0.7071,0.0000,4.8064,1.9226,1.0000
3,3,1148,1149,2,2,1,0.7500,1148.348,725.696,1078.000,8.5099,16.0000,1.0435,0.4622,5.1269,0.5333,0.2667,0.2000,0.7071,0.0000,5.4472,1.1215,1.0000
3,3,1149,1150,2,2,1,0.7500,1149.681,190.298,699.000,8.6951,18.0000,1.1489,0.4366,5.7678,0.5333,0.2667,0.2000,0.7071,0.0000,5.1269,1.6022,1.0000
3,3,1157,1158,2,1,2,0.7500,1157.604,370.000,628.292,8.8814,19.0000,1.1875,0.6709,6.0891,0.5333,0.2667,0.2000,0.7071,0.0000,5.1277,1.6024,1.0000
3,3,1163,1164,2,2,1,0.7500,1163.367,383.286,517.000,9.0679,18.0000,1.1020,0.6942,5.7697,0.5333,0.2667,0.2000,0.7071,0.0000,5.7695,2.2437,1.0000
4,3,1169,1171,3,1,2,0.6667,1169.814,678.000,472.831,9.4576,18.0000,1.2203,0.2520,5.7707,0.7500,0.1500,0.1000,0.9487,0.0000,4.6487,0.6412,0.8305
4,3,1170,1172,3,2,1,0.6667,1170.909,517.564,1011.000,8.8167,16.0000,1.1636,0.4457,5.1297,0.7576,0.1294,0.1129,0.8507,0.0000,4.9693,1.6030,0.8182
5,3,1180,1182,3,1,2,0.8333,1180.791,396.000,498.612,9.6093,17.0000,1.2687,0.4407,5.4519,0.5854,0.2927,0.1220,0.9487,0.0000,4.8104,1.6035,0.7015
8,3,1180,1182,3,2,3,0.4444,1181.038,767.371,929.095,11.9055,19.0000,1.4476,0.3853,6.0934,0.4643,0.2762,0.2595,0.7284,0.0993,4.0087,1.1225,0.4857
4,3,1186,1187,2,2,1,1.0000,1186.482,154.536,590.000,8.9808,16.0000,1.1429,0.6955,5.1319,0.0000,0.7500,0.2500,1.0000,0.0000,4.9715,0.6415,0.8036
4,3,1189,1191,3,1,2,0.6667,1189.931,456.000,724.448,9.3020,16.0000,1.1034,1.0333,5.1321,0.7576,0.1294,0.1129,0.8507,0.0000,5.1321,1.6038,0.7931
6,3,1195,1197,3,3,1,0.6667,1195.684,415.430,716.000,10.3453,16.0000,1.2152,0.8898,5.1323,0.6061,0.3030,0.0909,0.7071,0.0000,4.4908,1.6038,0.5823
6,3,1196,1197,2,2,3,0.5000,1196.667,361.393,743.071,11.0001,18.0000,1.2857,0.7771,5.7739,0.4412,0.1872,0.3716,0.0000,0.0000,4.9719,0.6415,0.6071
3,3,1212,1213,2,1,2,0.7500,1212.320,285.000,663.340,9.2570,17.0000,1.0200,0.4669,5.4515,0.5333,0.2667,0.2000,0.7071,0.0000,5.7721,1.6034,1.0000
4,3,1213,1215,3,2,1,0.6667,1213.945,615.473,546.000,8.8179,15.0000,1.0909,0.4759,4.8098,0.7576,0.1294,0.1129,0.8507,0.0000,4.9702,2.2445,0.8000
5,3,1220,1222,3,2,2,0.4167,1221.065,698.323,310.774,8.8880,14.0000,1.1290,0.8412,4.4877,0.5461,0.2256,0.2283,0.8117,0.4177,5.1286,1.2822,0.6774
5,3,1221,1222,2,2,2,0.6250,1221.159,573.619,225.397,9.0313,15.0000,1.1905,0.7308,4.8083,0.3432,0.2505,0.4063,0.5155,0.8569,5.1289,1.6028,0.6825
4,3,1228,1229,2,2,1,1.0000,1228.526,567.526,1055.000,9.1323,16.0000,1.1228,0.6699,5.1268,0.0000,0.7500,0.2500,1.0000,0.0000,4.8065,1.2817,0.7719
5,3,1232,1233,2,2,2,0.6250,1232.389,384.500,469.139,10.3156,20.0000,1.3889,0.6485,6.4075,0.3432,0.2505,0.4063,0.6059,0.3645,4.8056,2.2426,0.6944
6,3,1233,1236,4,2,2,0.3750,1234.857,350.818,481.870,10.0695,15.0000,1.1688,1.1645,4.8046,0.8087,0.0589,0.1324,0.9827,0.1690,4.8050,1.2812,0.5584
5,3,1236,1237,2,2,2,0.6250,1236.409,651.606,863.152,9.4540,15.0000,1.1364,0.5878,4.8046,0.3432,0.2505,0.4063,0.6059,0.3645,5.1248,1.9218,0.6667
4,3,1242,1244,3,1,2,0.6667,1243.036,885.000,710.527,8.8054,15.0000,1.0909,0.4741,4.8030,0.7576,0.1294,0.1129,0.8507,0.0000,4.8028,0.8006,0.7818
4,3,1246,1247,2,2,2,0.5000,1246.803,829.230,815.230,9.7644,21.0000,1.3770,0.3795,6.7230,0.0000,0.5625,0.4375,0.4459,0.5774,4.8021,0.9604,0.8033
4,3,1248,1250,3,2,1,0.6667,1249.155,476.172,527.000,9.2833,17.0000,1.1724,0.2320,5.4420,0.7500,0.1500,0.1000,0.9487,0.0000,5.2819,1.2805,0.8276
10,3,1248,1250,3,3,3,0.3704,1248.862,1281.976,883.415,12.4513,19.0000,1.5447,0.4377,6.0822,0.4439,0.2401,0.3160,0.3654,0.6932,3.8415,0.9604,0.3902
3,3,1251,1252,2,1,2,0.7500,1251.340,229.000,667.681,8.6857,16.0000,1.0213,0.4666,5.1215,0.5333,0.2667,0.2000,0.7071,0.0000,5.4413,2.0805,1.0000
5,3,1256,1258,3,2,2,0.4167,1256.943,328.857,613.657,10.0185,20.0000,1.4286,0.3758,6.4006,0.1521,0.5234,0.3245,1.0000,0.0000,4.9604,1.9202,0.7000
4,3,1265,1266,2,1,2,1.0000,1265.463,569.000,808.519,8.6390,15.0000,1.1111,0.6951,4.7995,0.0000,0.7500,0.2500,0.0000,0.0000,4.7994,1.9198,0.7963
4,3,1267,1268,2,2,1,1.0000,1267.593,145.492,880.000,9.4385,20.0000,1.3559,0.6380,6.3989,0.0000,0.7500,0.2500,1.0000,0.0000,5.1192,1.5998,0.8305
4,3,1276,1278,3,2,1,0.6667,1277.074,812.537,574.000,8.6376,15.0000,1.1111,0.5421,4.7987,0.7576,0.1294,0.1129,0.8507,0.0000,4.3188,1.1197,0.8148
5,3,1284,1285,2,2,2,0.6250,1284.761,552.620,734.338,10.1573,17.0000,1.1972,0.9151,5.4382,0.3432,0.2505,0.4063,0.5155,0.8569,4.7984,1.2796,0.6620
4,3,1287,1288,2,1,3,0.6667,1287.550,376.000,696.067,9.5967,17.0000,1.1333,0.4549,5.4381,0.7576,0.1294,0.1129,0.5257,0.0000,5.2782,1.2796,0.8000
3,3,1290,1291,2,1,2,0.7500,1290.340,454.000,908.702,8.6803,17.0000,1.0851,0.4523,5.4381,0.5333,0.2667,0.2000,0.7071,0.0000,5.4381,1.5994,1.0000
4,3,1296,1297,2,2,1,1.0000,1296.518,436.500,632.000,8.9569,15.0000,1.0714,0.6946,4.7983,0.0000,0.7500,0.2500,1.0000,0.0000,4.9583,1.7594,0.7679
3,3,1304,1306,3,1,1,1.0000,1304.980,424.000,937.000,9.0498,20.0000,1.2245,0.0204,6.3979,0.8889,0.0000,0.1111,1.0000,0.0000,5.1183,1.5995,1.0000
3,3,1317,1318,2,2,1,0.7500,1317.333,489.667,440.000,7.7573,14.0000,1.0000,0.7454,4.4787,0.5333,0.2667,0.2000,0.7071,0.0000,4.7986,1.9194,1.0000
3,3,1330,1331,2,1,2,0.7500,1330.333,593.000,706.667,7.7575,14.0000,1.0000,0.7454,4.4788,0.5333,0.2667,0.2000,0.7071,0.0000,4.7987,1.2796,1.0000
3,3,1339,1340,2,2,1,0.7500,1339.348,193.304,582.000,8.4960,16.0000,1.0435,0.4622,5.1185,0.5333,0.2667,0.2000,0.7071,0.0000,5.4383,0.9597,1.0000
3,3,1340,1341,2,2,1,0.7500,1340.651,806.326,493.000,7.9419,15.0000,1.0465,0.7280,4.7985,0.5333,0.2667,0.2000,0.7071,0.0000,4.7985,1.9194,1.0000
5,3,1342,1343,2,3,2,0.4167,1342.211,631.296,759.183,10.1574,17.0000,1.1972,0.4070,5.4382,0.6489,0.0995,0.2515,0.3339,0.8871,4.4785,1.2796,0.6761
4,3,1345,1347,3,2,1,0.6667,1345.796,288.815,503.000,8.6369,15.0000,1.1111,0.8175,4.7983,0.7500,0.1500,0.1000,0.9487,0.0000,4.9581,0.3199,0.8148
3,3,1356,1357,2,1,2,0.7500,1356.630,398.000,418.304,8.4940,17.0000,1.1087,0.7001,5.4371,0.5333,0.2667,0.2000,0.7071,0.0000,5.4370,2.2388,1.0000
3,3,1361,1362,2,1,2,0.7500,1361.340,569.000,140.298,8.6777,17.0000,1.0851,0.4523,5.4365,0.5333,0.2667,0.2000,0.7071,0.0000,5.4363,0.7995,1.0000
10,5,1362,1364,3,3,2,0.5556,1363.166,531.921,807.464,15.2694,24.0000,1.5894,0.4986,7.6746,0.2704,0.5206,0.2090,0.5606,0.1382,4.7967,2.0785,0.5894
3,3,1363,1364,2,1,2,0.7500,1363.667,310.000,752.333,7.7540,14.0000,1.0000,0.7454,4.4769,0.5333,0.2667,0.2000,0.7071,0.0000,4.7965,1.4390,1.0000
4,3,1376,1378,3,1,2,0.6667,1376.935,312.000,581.226,9.9091,22.0000,1.4194,0.2348,7.0323,0.5357,0.3214,0.1429,1.0000,0.0000,5.2742,2.5571,0.8226
4,3,1383,1384,2,2,1,1.0000,1383.500,273.448,1064.000,9.2680,17.0000,1.1724,0.6715,5.4331,0.0000,0.7500,0.2500,1.0000,0.0000,4.9535,1.9175,0.7931
6,3,1392,1393,2,2,2,0.7500,1392.506,1077.691,793.346,10.5656,15.0000,1.1111,0.8759,4.7926,0.2000,0.3333,0.4667,0.0000,0.0000,3.9939,1.5975,0.5309
6,3,1399,1400,2,2,2,0.7500,1399.375,613.712,399.500,10.4336,15.0000,1.1250,0.8505,4.7919,0.2000,0.3333,0.4667,0.7071,0.7071,4.6322,1.5973,0.5500
3,3,1401,1402,2,2,1,0.7500,1401.682,351.364,466.000,8.1151,16.0000,1.0909,0.7115,5.1112,0.5333,0.2667,0.2000,0.7071,0.0000,5.1112,1.2778,1.0000
3,3,1402,1403,2,2,1,0.7500,1402.702,305.702,713.000,8.6683,19.0000,1.2128,0.4213,6.0694,0.5333,0.2667,0.2000,0.7071,0.0000,4.1528,0.9583,1.0000
5,3,1405,1406,2,2,2,0.6250,1405.618,636.515,408.147,9.7140,17.0000,1.2500,0.6578,5.4303,0.3432,0.2505,0.4063,0.6059,0.3645,5.1108,1.4374,0.7059
4,3,1408,1409,2,2,1,1.0000,1408.545,357.564,622.000,8.7840,16.0000,1.1636,0.6301,5.1106,0.0000,0.7500,0.2500,1.0000,0.0000,5.1107,0.7985,0.8182
3,3,1411,1412,2,1,2,0.7500,1411.682,621.000,106.636,8.1140,16.0000,1.0909,0.7115,5.1105,0.5333,0.2667,0.2000,0.7071,0.0000,4.7911,1.9164,1.0000
6,3,1413,1415,3,2,2,0.5000,1413.880,562.313,643.687,10.8226,17.0000,1.2289,0.4591,5.4297,0.3218,0.4574,0.2208,0.9366,0.3505,4.9506,1.5970,0.5542
5,3,1418,1420,3,2,2,0.4167,1419.191,476.176,367.853,9.7126,16.0000,1.1765,0.8408,5.1101,0.6489,0.0995,0.2515,0.9362,0.2726,4.4714,0.6388,0.6765
5,3,1418,1419,2,2,2,0.6250,1418.634,649.380,849.169,10.1411,17.0000,1.1972,0.5543,5.4295,0.3432,0.2505,0.4063,0.6059,0.3645,5.1102,1.2775,0.6761
4,3,1424,1426,3,1,2,0.6667,1424.808,788.000,398.192,8.3035,14.0000,1.0769,0.8303,4.4712,0.7500,0.1500,0.1000,0.9487,0.0000,4.9502,1.9162,0.8077
3,3,1437,1439,3,1,1,1.0000,1438.000,303.000,534.000,7.9276,15.0000,1.0465,0.0000,4.7899,0.8889,0.0000,0.1111,1.0000,0.0000,4.7899,0.7983,1.0000
3,3,1442,1443,2,1,2,0.7500,1442.326,282.000,282.696,8.4801,17.0000,1.1087,0.4460,5.4282,0.5333,0.2667,0.2000,0.7071,0.0000,5.1088,1.5965,1.0000
4,3,1458,1459,2,1,2,1.0000,1458.536,495.000,439.482,8.9373,15.0000,1.0714,0.6693,4.7878,0.0000,0.7500,0.2500,0.0000,0.0000,4.9474,0.4788,0.7857
4,3,1468,1469,2,1,2,1.0000,1468.547,663.000,354.472,8.4562,15.0000,1.1321,0.6958,4.7865,0.0000,0.7500,0.2500,0.0000,0.0000,4.7865,1.5955,0.8113
3,3,1468,1469,2,2,1,0.7500,1468.674,767.651,899.000,7.9220,15.0000,1.0465,0.7280,4.7865,0.5333,0.2667,0.2000,0.7071,0.0000,5.1056,1.9146,1.0000
5,4,1473,1474,2,2,2,0.6250,1473.606,436.197,646.380,10.1308,16.0000,1.1268,0.5823,5.1049,0.3432,0.2505,0.4063,0.6059,0.3645,4.7860,2.2334,0.8169
5,3,1475,1477,3,2,2,0.4167,1476.058,425.435,722.826,9.8449,17.0000,1.2319,0.4718,5.4237,0.5461,0.2256,0.2283,0.8117,0.4177,5.1046,1.5952,0.6812
4,3,1477,1478,2,2,1,1.0000,1477.547,963.472,924.000,8.4544,15.0000,1.1321,0.6958,4.7855,0.0000,0.7500,0.2500,1.0000,0.0000,4.1475,0.9571,0.8113
4,3,1481,1484,4,1,1,1.0000,1482.621,314.000,513.000,9.2513,19.0000,1.3103,0.3793,6.0612,0.9375,0.0000,0.0625,1.0000,0.0000,4.7852,1.2760,0.8103
4,3,1482,1484,3,1,2,0.6667,1483.053,370.000,426.754,9.0918,18.0000,1.2632,0.2512,5.7422,0.5357,0.3214,0.1429,1.0000,0.0000,4.7852,1.2760,0.8070
3,3,1484,1486,3,1,1,1.0000,1485.000,503.000,578.000,7.7355,14.0000,1.0000,1.0000,4.4661,0.8889,0.0000,0.1111,1.0000,0.0000,4.7851,0.9570,1.0000
5,3,1486,1487,2,2,2,0.6250,1486.439,671.167,1003.636,9.4158,16.0000,1.2121,0.5942,5.1041,0.3432,0.2505,0.4063,0.6059,0.3645,4.7851,1.4355,0.6818
5,3,1486,1487,2,2,2,0.6250,1486.406,796.420,480.826,9.8438,15.0000,1.0870,0.6096,4.7851,0.3432,0.2505,0.4063,0.6059,0.3645,4.7851,0.9570,0.6377
3,3,1494,1495,2,2,1,0.7500,1494.333,639.667,523.000,7.7362,14.0000,1.0000,0.7454,4.4666,0.5333,0.2667,0.2000,0.7071,0.0000,4.7855,1.4357,1.0000
3,3,1498,1498,1,2,2,0.7500,1498.000,284.356,647.689,8.2897,16.0000,1.0667,0.7156,5.1052,0.5333,0.2667,0.2000,0.0000,1.0000,4.4670,0.9572,1.0000
4,3,1518,1519,2,1,2,1.0000,1518.444,537.000,118.481,8.6264,16.0000,1.1852,0.6829,5.1118,0.0000,0.7500,0.2500,0.0000,0.0000,4.7925,0.9585,0.8148
3,3,1520,1521,2,2,1,0.7500,1520.326,248.326,665.000,7.9332,15.0000,1.0465,0.4604,4.7931,0.5333,0.2667,0.2000,0.7071,0.0000,4.1545,1.4378,1.0000
4,3,1520,1521,2,3,1,0.6667,1520.259,498.667,759.000,8.6278,15.0000,1.1111,0.7153,4.7931,0.7500,0.1500,0.1000,0.3162,0.0000,4.7933,1.5977,0.7963
5,3,1521,1523,3,2,2,0.4167,1522.344,550.844,582.688,9.1477,16.0000,1.2500,0.7435,5.1140,0.6999,0.1281,0.1720,0.8684,0.1395,5.1132,1.5980,0.6875
3,3,1523,1524,2,1,2,0.7500,1523.354,538.000,778.292,8.8580,17.0000,1.0625,0.4588,5.4341,0.5333,0.2667,0.2000,0.7071,0.0000,5.7532,1.5981,1.0000
3,3,1526,1528,3,1,1,1.0000,1527.000,584.000,711.000,8.8608,20.0000,1.2500,0.0000,6.3948,0.8889,0.0000,0.1111,1.0000,0.0000,4.7964,1.5988,1.0000
4,3,1529,1530,2,2,1,1.0000,1529.463,872.537,645.000,8.6348,15.0000,1.1111,0.6547,4.7969,0.0000,0.7500,0.2500,1.0000,0.0000,5.1169,2.0785,0.7963
8,3,1530,1532,3,2,3,0.4444,1530.853,658.706,550.101,12.3259,18.0000,1.3211,0.7285,5.7572,0.6689,0.0577,0.2733,0.8372,0.4082,4.4781,1.1195,0.4404
4,3,1533,1534,2,1,3,0.6667,1533.538,416.000,498.077,8.3177,14.0000,1.0769,0.5439,4.4789,0.7576,0.1294,0.1129,0.5257,0.0000,4.7986,0.1600,0.8077
4,3,1538,1540,3,2,1,0.6667,1538.983,687.190,418.000,9.2809,18.0000,1.2414,0.1904,5.7606,0.5357,0.3214,0.1429,1.0000,0.0000,4.9605,0.9601,0.8103
5,3,1538,1540,3,2,2,0.4167,1538.937,770.444,418.841,9.0167,15.0000,1.1905,0.4762,4.8005,0.5461,0.2256,0.2283,0.8117,0.4177,4.8002,0.9600,0.6825
12,4,1539,1541,3,3,3,0.4444,1539.857,628.552,823.305,14.2281,17.0000,1.3247,0.6467,5.4409,0.3061,0.3519,0.3420,0.6457,0.6243,4.4806,1.6002,0.4805
7,3,1542,1544,3,2,2,0.5833,1543.069,697.701,442.230,10.5260,17.0000,1.3678,0.3833,5.4418,0.6517,0.0773,0.2710,0.8881,0.0000,4.1615,0.9603,0.5172
6,3,1542,1544,3,1,2,1.0000,1543.054,1038.000,540.514,9.6705,14.0000,1.1351,0.5164,4.4817,0.5556,0.3333,0.1111,1.0000,0.0000,4.3215,0.9603,0.5676
6,4,1544,1546,3,2,2,0.5000,1545.232,753.841,502.354,10.7169,15.0000,1.0976,0.4515,4.8022,0.5230,0.1584,0.3185,0.9225,0.0898,4.9622,1.7607,0.7195
3,3,1548,1549,2,2,1,0.7500,1548.651,591.674,504.000,7.9486,15.0000,1.0465,0.7280,4.8025,0.5333,0.2667,0.2000,0.7071,0.0000,4.1623,1.2807,1.0000
3,3,1551,1552,2,2,1,0.7500,1551.689,422.311,553.000,8.3188,17.0000,1.1333,0.4400,5.4432,0.5333,0.2667,0.2000,0.7071,0.0000,4.8029,1.4409,1.0000
4,3,1555,1556,2,2,1,1.0000,1555.541,244.590,696.000,9.7660,18.0000,1.1803,0.6787,5.7635,0.0000,0.7500,0.2500,1.0000,0.0000,5.6034,0.9606,0.8361
3,3,1557,1558,2,1,2,0.7500,1557.667,592.000,372.667,7.7642,14.0000,1.0000,0.7454,4.4827,0.5333,0.2667,0.2000,0.7071,0.0000,4.8029,1.2808,1.0000
3,3,1574,1576,3,1,1,1.0000,1575.000,1104.000,786.000,8.3133,17.0000,1.1333,0.0000,5.4397,0.8889,0.0000,0.1111,1.0000,0.0000,4.4800,0.9599,1.0000
5,3,1576,1577,2,2,2,0.6250,1576.631,609.831,880.538,9.3006,16.0000,1.2308,0.6745,5.1191,0.3432,0.2505,0.4063,0.6059,0.3645,4.1592,1.1198,0.6769
4,3,1577,1578,2,1,2,1.0000,1577.557,939.000,359.574,9.7579,19.0000,1.2459,0.6145,6.0785,0.0000,0.7500,0.2500,0.0000,0.0000,5.2789,1.1197,0.8197
3,3,1580,1581,2,1,2,0.7500,1580.659,714.000,502.318,8.1258,15.0000,1.0227,0.7319,4.7982,0.5333,0.2667,0.2000,0.7071,0.0000,4.4781,1.5993,1.0000
4,3,1581,1582,2,1,2,1.0000,1581.500,436.000,449.464,8.9559,16.0000,1.1429,0.6823,5.1178,0.0000,0.7500,0.2500,0.0000,0.0000,4.1580,1.7591,0.7857
3,3,1583,1584,2,1,2,0.7500,1583.636,234.000,407.682,8.1243,16.0000,1.0909,0.7115,5.1172,0.5333,0.2667,0.2000,0.7071,0.0000,4.7971,2.7184,1.0000
4,3,1587,1589,3,2,1,0.6667,1587.782,286.782,401.000,8.7925,15.0000,1.0909,0.3086,4.7958,0.7500,0.1500,0.1000,0.9487,0.0000,5.1155,1.1190,0.7818
7,3,1588,1591,4,2,2,0.4375,1589.578,999.311,542.267,10.8749,14.0000,1.0889,0.7083,4.4758,0.6801,0.1680,0.1519,0.9328,0.2851,4.7951,1.7583,0.6222
6,4,1593,1594,2,2,3,0.5000,1593.341,517.634,266.012,10.6998,16.0000,1.1707,0.7203,5.1140,0.1333,0.2667,0.6000,0.0000,0.7071,4.7942,1.4384,0.7195
10,4,1602,1604,3,2,3,0.5556,1602.940,1075.284,841.075,13.5373,20.0000,1.4925,0.2993,6.3893,0.5106,0.1404,0.3489,0.6931,0.1400,4.4725,0.9584,0.4701
5,3,1609,1610,2,2,2,0.6250,1609.773,397.636,607.348,9.4270,15.0000,1.1364,0.9224,4.7909,0.3432,0.2505,0.4063,0.5155,0.8569,4.7908,0.6388,0.6515
4,3,1615,1617,3,2,1,0.6667,1615.906,671.264,224.000,8.4623,15.0000,1.1321,0.9434,4.7901,0.5357,0.3214,0.1429,1.0000,0.0000,4.7900,1.2773,0.8113
4,3,1621,1622,2,1,2,1.0000,1621.509,766.000,377.509,9.1000,15.0000,1.0526,0.7072,4.7895,0.0000,0.7500,0.2500,0.0000,0.0000,5.1087,0.9579,0.7719
5,3,1622,1623,2,2,2,0.6250,1622.603,387.441,426.853,9.7098,16.0000,1.1765,0.7011,5.1086,0.3432,0.2505,0.4063,0.6059,0.3645,4.7894,1.7561,0.6618
5,3,1624,1626,3,1,2,0.8333,1624.803,816.000,547.465,10.1379,19.0000,1.3380,0.5704,6.0663,0.5854,0.2927,0.1220,0.9487,0.0000,4.7893,1.9157,0.6901
4,3,1626,1628,3,2,1,0.6667,1627.062,736.422,468.000,10.2167,21.0000,1.3125,0.4265,6.7047,0.7576,0.1294,0.1129,0.8507,0.0000,5.2680,1.9156,0.8125
4,3,1640,1642,3,1,2,0.6667,1640.945,402.000,171.727,8.7791,15.0000,1.0909,0.7293,4.7886,0.5357,0.3214,0.1429,1.0000,0.0000,4.9482,1.7558,0.8000
7,3,1654,1656,3,3,2,0.3889,1654.857,758.538,525.121,10.9798,16.0000,1.2308,0.5701,5.1076,0.6814,0.1697,0.1489,0.7744,0.2769,3.8307,0.9577,0.4945
3,3,1660,1661,2,2,1,0.7500,1660.659,116.682,504.000,8.1094,15.0000,1.0227,0.7319,4.7884,0.5333,0.2667,0.2000,0.7071,0.0000,5.1076,1.9154,1.0000
4,3,1660,1661,2,2,1,1.0000,1660.500,816.435,468.000,9.8960,19.0000,1.2258,0.6631,6.0653,0.0000,0.7500,0.2500,1.0000,0.0000,5.5864,1.4365,0.8065
14,4,1660,1662,3,3,6,0.2593,1660.737,1065.947,484.690,14.5891,16.0000,1.3099,0.7404,5.1076,0.7932,0.0835,0.1232,0.0617,0.1427,3.8307,1.5961,0.4327
4,3,1663,1665,3,2,1,0.6667,1664.050,861.450,930.000,9.5767,17.0000,1.1333,0.4528,5.4268,0.7576,0.1294,0.1129,0.8507,0.0000,5.1076,1.5961,0.7833
4,3,1665,1666,2,1,2,1.0000,1665.536,615.000,343.518,8.9383,15.0000,1.0714,0.6955,4.7884,0.0000,0.7500,0.2500,0.0000,0.0000,5.2672,1.7557,0.7857
6,4,1672,1673,2,3,2,0.5000,1672.692,477.115,484.859,10.1652,15.0000,1.1538,1.1656,4.7884,0.5230,0.1584,0.3185,0.3667,0.5079,5.1076,0.9577,0.7308
6,3,1672,1674,3,3,1,0.6667,1673.062,721.150,430.000,10.4259,15.0000,1.1250,0.9494,4.7884,0.6944,0.2222,0.0833,0.8000,0.0000,4.7884,1.2769,0.5375
4,3,1673,1675,3,1,2,0.6667,1674.000,710.000,290.175,9.0979,19.0000,1.3333,0.1754,6.0653,0.5357,0.3214,0.1429,1.0000,0.0000,4.7884,0.6385,0.8246
3,3,1674,1675,2,1,2,0.7500,1674.644,338.000,416.311,8.2937,16.0000,1.0667,0.7156,5.1076,0.5333,0.2667,0.2000,0.7071,0.0000,5.4269,1.5961,1.0000
5,3,1675,1677,3,2,2,0.4167,1675.809,233.853,462.147,9.7079,17.0000,1.2500,0.8351,5.4269,0.6489,0.0995,0.2515,0.9362,0.2726,5.1076,1.9154,0.7059
6,4,1675,1677,3,2,2,0.5000,1676.112,981.625,696.138,10.4259,16.0000,1.2000,0.6498,5.1076,0.5230,0.1584,0.3185,0.9225,0.0898,5.1076,1.2769,0.7375
3,3,1676,1678,3,1,1,1.0000,1677.039,682.000,496.000,9.3996,21.0000,1.2353,0.0392,6.7038,0.8889,0.0000,0.1111,1.0000,0.0000,5.7461,1.9154,1.0000
5,3,1676,1678,3,2,1,0.8333,1676.757,806.343,509.000,9.9934,17.0000,1.2143,0.4202,5.4269,0.5854,0.2927,0.1220,0.9487,0.0000,4.7884,1.5961,0.6714
4,3,1702,1703,2,1,2,1.0000,1702.475,628.000,572.426,9.7383,18.0000,1.1803,0.6759,5.7472,0.0000,0.7500,0.2500,0.0000,0.0000,5.7472,1.5964,0.8197
3,3,1714,1715,2,2,1,0.7500,1714.326,520.326,527.000,7.9282,15.0000,1.0465,0.4604,4.7902,0.5333,0.2667,0.2000,0.7071,0.0000,4.7903,0.7984,1.0000
5,3,1722,1723,2,1,3,0.8333,1722.634,824.000,332.704,10.1418,18.0000,1.2676,0.4707,5.7493,0.5854,0.2927,0.1220,0.3162,0.0000,4.7910,0.9582,0.6901
3,3,1725,1726,2,2,1,0.7500,1725.667,122.667,765.000,7.7457,14.0000,1.0000,0.7454,4.4720,0.5333,0.2667,0.2000,0.7071,0.0000,4.1526,0.7986,1.0000
4,4,1725,1726,2,1,2,1.0000,1725.523,397.000,639.508,10.3813,17.0000,1.0462,0.6966,5.4303,0.0000,0.7500,0.2500,0.0000,0.0000,5.5899,1.9165,1.0000
4,3,1727,1728,2,1,3,0.6667,1727.264,573.000,288.925,8.4651,15.0000,1.1321,0.2747,4.7916,0.5357,0.3214,0.1429,0.0000,0.0000,5.1110,1.9166,0.8113
3,3,1731,1732,2,1,2,0.7500,1731.333,482.000,765.667,8.3001,15.0000,1.0000,0.7454,4.7921,0.5333,0.2667,0.2000,0.7071,0.0000,5.1115,1.5973,1.0000
4,3,1737,1739,3,1,2,0.6667,1737.926,550.000,361.481,8.6271,16.0000,1.1852,0.5238,5.1124,0.7576,0.1294,0.1129,0.8507,0.0000,5.1123,1.7574,0.8148
3,3,1742,1744,3,1,1,1.0000,1742.979,999.000,543.000,8.8560,19.0000,1.1875,0.0208,6.0717,0.8889,0.0000,0.1111,1.0000,0.0000,5.4325,1.4381,1.0000
4,3,1744,1746,3,1,2,0.6667,1745.074,664.000,937.463,8.6287,15.0000,1.1111,0.4689,4.7937,0.7576,0.1294,0.1129,0.8507,0.0000,4.3144,1.5978,0.8148
4,4,1745,1746,2,2,1,1.0000,1745.500,568.500,558.000,8.9484,14.0000,1.0000,0.7071,4.4743,0.0000,0.7500,0.2500,1.0000,0.0000,5.1134,1.2784,1.0000
3,3,1745,1746,2,2,1,0.7500,1745.667,855.333,900.000,7.7496,14.0000,1.0000,0.7454,4.4743,0.5333,0.2667,0.2000,0.7071,0.0000,4.7939,1.9175,1.0000
5,3,1752,1754,3,2,1,0.8333,1753.235,579.382,493.000,9.7208,18.0000,1.3235,0.4490,5.7537,0.5854,0.2927,0.1220,0.9487,0.0000,4.7948,1.2786,0.6765
5,3,1752,1754,3,1,3,0.5556,1752.552,621.000,337.522,9.5776,17.0000,1.2687,0.6880,5.4340,0.6646,0.2585,0.0769,0.7071,0.0000,5.1143,1.2786,0.7015
6,3,1753,1755,3,2,2,0.5000,1754.158,585.855,864.539,9.9180,15.0000,1.1842,0.5079,4.7949,0.3810,0.3333,0.2857,0.9487,0.1690,4.4752,1.2787,0.5658
14,5,1758,1760,3,3,4,0.3889,1759.031,327.216,1026.521,16.5762,24.0000,1.7320,0.5647,7.6729,0.2446,0.1498,0.6056,0.3970,0.1757,4.1562,1.2788,0.4742
6,3,1760,1761,2,2,2,0.7500,1760.342,510.494,254.291,10.3113,15.0000,1.1392,0.6673,4.7958,0.2000,0.3333,0.4667,0.7071,0.7071,4.6358,0.9591,0.5570
3,3,1761,1763,3,1,1,1.0000,1761.955,833.000,534.000,8.1222,16.0000,1.0909,0.9545,5.1155,0.8889,0.0000,0.1111,1.0000,0.0000,4.7961,1.2790,1.0000
3,3,1766,1768,3,1,1,1.0000,1767.040,728.000,894.000,9.2312,20.0000,1.2000,0.0400,6.3956,0.8889,0.0000,0.1111,1.0000,0.0000,5.4363,0.9594,1.0000
7,3,1768,1769,2,2,2,0.8750,1768.562,663.573,527.618,10.7575,15.0000,1.1798,0.8024,4.7970,0.0000,0.3318,0.6682,0.8165,0.5774,4.4772,0.9594,0.4944
4,3,1769,1771,3,1,2,0.6667,1769.638,842.000,546.293,9.2743,17.0000,1.1724,0.9522,5.4366,0.7500,0.1500,0.1000,0.9487,0.0000,5.4367,1.9188,0.8103
8,3,1776,1777,2,3,2,0.6667,1776.460,537.820,570.650,11.3093,17.0000,1.3600,0.6054,5.4378,0.5251,0.2126,0.2623,0.3865,0.7589,4.4782,2.2390,0.4500
3,3,1782,1783,2,2,1,0.7500,1782.349,253.674,815.000,7.9429,15.0000,1.0465,0.7280,4.7992,0.5333,0.2667,0.2000,0.7071,0.0000,4.7991,0.6399,1.0000
5,3,1785,1787,3,2,2,0.4167,1786.000,520.209,433.776,9.5879,15.0000,1.1194,0.8038,4.7998,0.4138,0.1655,0.4207,1.0000,0.0000,5.1198,2.2398,0.6418
4,3,1787,1788,2,1,3,0.6667,1787.464,946.000,168.071,8.9602,16.0000,1.1429,0.4697,5.1202,0.7576,0.1294,0.1129,0.5257,0.0000,4.4800,0.6400,0.8214
3,3,1790,1791,2,1,2,0.7500,1790.326,1021.000,235.674,7.9455,15.0000,1.0465,0.4604,4.8006,0.5333,0.2667,0.2000,0.7071,0.0000,4.8008,1.9201,1.0000
3,3,1796,1798,3,1,1,1.0000,1796.978,559.000,294.000,8.3176,16.0000,1.0667,0.0222,5.1223,0.8889,0.0000,0.1111,1.0000,0.0000,5.1221,0.6403,1.0000
5,3,1799,1801,3,2,2,0.4167,1799.824,712.559,216.853,9.7372,18.0000,1.3235,0.6042,5.7635,0.7729,0.0435,0.1836,0.8328,0.5477,5.1228,1.2808,0.6765
3,3,1804,1805,2,1,2,0.7500,1804.667,784.000,367.333,7.7664,14.0000,1.0000,0.7454,4.4840,0.5333,0.2667,0.2000,0.7071,0.0000,4.8043,1.4412,1.0000
5,4,1806,1807,2,2,2,0.6250,1806.426,949.426,595.162,9.7409,15.0000,1.1029,0.8271,4.8049,0.3432,0.2505,0.4063,0.6059,0.3645,4.8046,1.6015,0.8382
4,3,1809,1811,3,2,1,0.6667,1810.073,587.745,584.000,8.8106,15.0000,1.0909,0.2647,4.8061,0.5357,0.3214,0.1429,1.0000,0.0000,4.9659,1.4417,0.8000
4,3,1815,1816,2,2,1,1.0000,1815.491,1158.439,517.000,9.1343,18.0000,1.2632,0.6585,5.7688,0.0000,0.7500,0.2500,1.0000,0.0000,4.8077,0.9615,0.8070
4,3,1826,1828,3,2,1,0.6667,1826.982,559.518,800.000,8.9819,15.0000,1.0714,0.4825,4.8117,0.7576,0.1294,0.1129,0.8507,0.0000,5.1323,1.6042,0.7679
4,4,1831,1832,2,1,2,1.0000,1831.525,942.000,357.492,9.4667,16.0000,1.0847,0.6832,5.1347,0.0000,0.7500,0.2500,0.0000,0.0000,5.2950,1.9254,1.0000
3,3,1832,1834,3,1,1,1.0000,1833.000,775.000,611.000,7.7826,14.0000,1.0000,1.0000,4.4937,0.8889,0.0000,0.1111,1.0000,0.0000,4.1723,1.2836,1.0000
4,3,1853,1855,3,1,2,0.6667,1853.918,749.000,426.754,9.8101,21.0000,1.3770,0.2592,6.7546,0.5357,0.3214,0.1429,1.0000,0.0000,5.1461,1.9299,0.8361
3,3,1858,1858,1,1,3,1.0000,1858.000,840.000,102.000,8.7322,17.0000,1.0851,0.0000,5.4706,0.8889,0.0000,0.1111,0.0000,1.0000,5.1488,1.9306,1.0000
3,3,1860,1861,2,2,1,0.7500,1860.318,1179.659,832.000,8.1772,15.0000,1.0227,0.7319,4.8282,0.5333,0.2667,0.2000,0.7071,0.0000,5.1501,1.7704,1.0000
6,3,1866,1868,3,3,1,0.6667,1866.803,1038.250,795.000,9.9958,17.0000,1.3421,0.3185,5.4770,0.4000,0.4800,0.1200,0.7071,0.0000,4.8324,1.9328,0.6053
6,3,1868,1870,3,2,2,0.5000,1868.788,1105.671,645.882,11.1825,18.0000,1.2706,0.4089,5.8007,0.5230,0.1584,0.3185,0.9225,0.0898,4.8339,0.6446,0.5765
4,3,1869,1871,3,1,2,0.6667,1869.821,776.000,363.821,9.0243,18.0000,1.2857,0.2525,5.8015,0.7500,0.1500,0.1000,0.9487,0.0000,4.8345,0.9668,0.8214
8,4,1886,1888,3,2,2,0.6667,1886.752,758.653,553.446,11.5366,16.0000,1.2673,0.6163,5.1694,0.4396,0.1507,0.4097,0.8641,0.2943,4.3619,1.2923,0.5842
3,3,1887,1888,2,1,2,0.7500,1887.689,740.000,463.644,8.3948,16.0000,1.0667,0.7156,5.1701,0.5333,0.2667,0.2000,0.7071,0.0000,5.1701,0.9693,1.0000
3,3,1887,1888,2,1,2,0.7500,1887.667,992.000,595.357,7.8351,15.0000,1.0714,0.7241,4.8470,0.5333,0.2667,0.2000,0.7071,0.0000,5.1694,1.6157,1.0000
4,3,1889,1890,2,1,2,1.0000,1889.509,620.000,656.434,8.5649,16.0000,1.2075,0.6692,5.1709,0.0000,0.7500,0.2500,0.0000,0.0000,4.0404,0.9694,0.8113
3,3,1889,1889,1,3,1,1.0000,1889.000,882.975,735.000,7.4635,14.0000,1.0500,0.9750,4.5245,0.8889,0.0000,0.1111,0.0000,1.0000,4.5244,0.8080,1.0000
4,3,1892,1894,3,1,2,0.6667,1893.377,626.000,88.679,8.5698,17.0000,1.2830,0.9214,5.4981,0.7500,0.1500,0.1000,0.9487,0.0000,4.5276,1.2934,0.8113
3,3,1892,1893,2,2,1,0.7500,1892.350,1157.675,806.000,7.4672,14.0000,1.0500,0.7267,4.5272,0.5333,0.2667,0.2000,0.7071,0.0000,3.8800,1.2935,1.0000
5,3,1893,1894,2,1,3,0.8333,1893.607,848.000,773.098,8.8223,14.0000,1.1475,0.6145,4.5278,0.5854,0.2927,0.1220,0.3162,0.0000,4.5278,1.9403,0.6721
3,3,1894,1895,2,1,2,0.7500,1894.667,499.000,311.667,7.2830,13.0000,1.0000,0.7454,4.2051,0.5333,0.2667,0.2000,0.7071,0.0000,4.8519,1.1322,1.0000
3,3,1894,1895,2,2,1,0.7500,1894.681,542.298,564.000,8.7770,18.0000,1.1489,0.4366,5.8224,0.5333,0.2667,0.2000,0.7071,0.0000,5.4981,1.9405,1.0000
3,3,1894,1894,1,2,2,0.7500,1894.000,586.689,460.333,8.4026,16.0000,1.0667,0.4560,5.1747,0.5333,0.2667,0.2000,0.0000,1.0000,5.1747,1.2938,1.0000
3,3,1894,1895,2,1,2,0.7500,1894.683,739.000,83.683,7.6565,15.0000,1.0976,0.4484,4.8520,0.5333,0.2667,0.2000,0.7071,0.0000,4.5286,1.6174,1.0000
4,3,1895,1897,3,1,2,0.6667,1895.941,1123.000,378.471,8.2495,14.0000,1.0980,0.4743,4.5292,0.7576,0.1294,0.1129,0.8507,0.0000,5.0141,0.6469,0.8039
5,4,1896,1898,3,1,2,0.8333,1897.200,581.000,412.631,9.4059,15.0000,1.1538,0.4199,4.8534,0.5854,0.2927,0.1220,0.9487,0.0000,4.8540,1.2941,0.8308
5,3,1897,1899,3,2,2,0.4167,1898.016,821.371,561.387,8.9728,15.0000,1.2097,0.5364,4.8541,0.7383,0.0485,0.2132,0.7071,0.0000,4.5305,1.7796,0.6613
4,3,1898,1900,3,2,1,0.6667,1899.059,621.529,725.000,8.2534,14.0000,1.0980,0.5327,4.5312,0.7576,0.1294,0.1129,0.8507,0.0000,4.6934,1.2946,0.8039
4,3,1898,1900,3,2,1,0.6667,1899.036,989.196,524.000,9.0625,17.0000,1.2143,0.1996,5.5022,0.5357,0.3214,0.1429,1.0000,0.0000,4.2076,0.9708,0.8036
4,3,1899,1901,3,1,2,0.6667,1900.150,777.000,215.817,9.7114,17.0000,1.1333,1.1645,5.5030,0.7500,0.1500,0.1000,0.9487,0.0000,5.5031,1.6189,0.8167
6,3,1899,1900,2,3,1,1.0000,1899.533,853.080,531.000,9.9108,15.0000,1.2000,1.0316,4.8556,0.5556,0.3333,0.1111,0.0000,0.0000,4.3696,1.6183,0.5467
6,3,1900,1902,3,2,3,0.3333,1900.973,805.851,874.959,9.7807,15.0000,1.2162,0.9713,4.8563,0.5704,0.2383,0.1913,0.9082,0.3228,4.3706,1.1331,0.5541
4,3,1901,1902,2,1,2,1.0000,1901.472,230.000,744.509,8.5801,15.0000,1.1321,0.6943,4.8563,0.0000,0.7500,0.2500,0.0000,0.0000,4.6948,1.4569,0.7925
4,3,1901,1902,2,2,2,0.5000,1901.531,497.204,812.735,7.9326,13.0000,1.0612,0.6274,4.2094,0.5916,0.1015,0.3069,0.7071,0.7071,4.5328,1.6191,0.7959
4,3,1901,1902,2,1,3,0.6667,1901.745,685.000,518.275,8.2567,13.0000,1.0196,1.0400,4.2094,0.7500,0.1500,0.1000,0.3162,0.0000,4.5330,1.7807,0.7647
4,3,1904,1905,2,2,2,0.5000,1904.500,670.808,1012.750,8.4220,16.0000,1.2308,0.5912,5.1824,0.5916,0.1015,0.3069,0.7071,0.7071,3.8875,0.9719,0.8077
4,3,1905,1906,2,2,1,1.0000,1905.520,946.480,899.000,8.0993,13.0000,1.0400,0.7077,4.2119,0.0000,0.7500,0.2500,1.0000,0.0000,4.5356,1.7819,0.7800
4,3,1905,1907,3,1,2,0.6667,1906.059,958.000,522.451,8.2620,15.0000,1.1765,0.4548,4.8599,0.7576,0.1294,0.1129,0.8507,0.0000,4.5363,1.2961,0.8039
3,3,1906,1908,3,1,1,1.0000,1907.043,985.000,623.000,8.6061,18.0000,1.1739,0.0435,5.8328,0.8889,0.0000,0.1111,1.0000,0.0000,5.5096,1.6204,1.0000
4,3,1906,1907,2,2,1,1.0000,1906.527,1051.564,421.000,8.9106,16.0000,1.1636,0.6844,5.1839,0.0000,0.7500,0.2500,1.0000,0.0000,5.0227,2.1059,0.8182
4,3,1908,1910,3,1,2,0.6667,1909.308,877.000,471.250,8.4281,16.0000,1.2308,0.3965,5.1863,0.7500,0.1500,0.1000,0.9487,0.0000,4.7005,1.4587,0.8077
3,3,1913,1914,2,1,2,0.7500,1913.646,829.000,344.646,8.9891,17.0000,1.0625,0.7366,5.5145,0.5333,0.2667,0.2000,0.7071,0.0000,5.8381,1.6219,1.0000
3,3,1913,1914,2,1,2,0.7500,1913.667,890.000,548.333,8.4273,15.0000,1.0000,0.7454,4.8657,0.5333,0.2667,0.2000,0.7071,0.0000,5.5146,2.1088,1.0000
3,3,1913,1914,2,1,2,0.7500,1913.652,935.000,705.652,8.6145,16.0000,1.0435,0.7391,5.1901,0.5333,0.2667,0.2000,0.7071,0.0000,5.1893,1.2975,1.0000
4,3,1915,1916,2,2,2,0.5000,1915.460,584.800,792.720,8.1113,14.0000,1.1200,0.8775,4.5420,0.5916,0.1015,0.3069,0.7071,0.7071,4.5424,0.6491,0.8000
3,3,1916,1917,2,2,1,0.7500,1916.333,765.310,548.000,7.8686,15.0000,1.0714,0.4549,4.8672,0.5333,0.2667,0.2000,0.7071,0.0000,5.1923,2.4337,1.0000
3,3,1920,1921,2,1,2,0.7500,1920.325,1171.000,499.650,7.4983,14.0000,1.0500,0.7267,4.5454,0.5333,0.2667,0.2000,0.7071,0.0000,3.8967,0.9742,1.0000
7,3,1921,1923,3,2,2,0.5833,1921.699,1213.265,444.289,10.1878,13.0000,1.0964,0.8014,4.2220,0.3772,0.3083,0.3146,0.9758,0.2185,4.2214,0.9743,0.4699
4,3,1924,1925,2,1,2,1.0000,1924.451,708.000,131.471,8.2845,14.0000,1.0980,0.6518,4.5481,0.0000,0.7500,0.2500,0.0000,0.0000,4.7108,1.2996,0.8039
4,3,1924,1926,3,2,1,0.6667,1924.964,1005.214,552.000,9.0974,16.0000,1.1429,0.2172,5.1985,0.5357,0.3214,0.1429,1.0000,0.0000,4.8735,1.4621,0.7857
3,3,1928,1930,3,1,1,1.0000,1929.000,502.000,490.000,7.5078,14.0000,1.0500,0.0000,4.5514,0.8889,0.0000,0.1111,1.0000,0.0000,4.2269,1.6252,1.0000
3,3,1928,1929,2,1,2,0.7500,1928.325,1020.000,578.350,7.5071,14.0000,1.0500,0.7267,4.5507,0.5333,0.2667,0.2000,0.7071,0.0000,4.5513,0.9753,1.0000
4,3,1930,1931,2,1,2,1.0000,1930.547,564.000,703.528,8.6170,15.0000,1.1321,0.6539,4.8778,0.0000,0.7500,0.2500,0.0000,0.0000,4.7149,0.6505,0.7925
10,4,1933,1935,3,2,4,0.4167,1934.296,210.584,415.592,12.8603,16.0000,1.2800,0.7715,5.2053,0.4852,0.2088,0.3060,0.5007,0.5045,4.2295,0.9762,0.4720
3,3,1933,1934,2,1,2,0.7500,1933.667,877.000,872.667,7.3250,13.0000,1.0000,0.7454,4.2293,0.5333,0.2667,0.2000,0.7071,0.0000,3.9040,0.3254,1.0000
5,3,1935,1937,3,2,1,0.8333,1936.069,1012.597,447.000,10.4784,18.0000,1.2500,0.6012,5.8575,0.5854,0.2927,0.1220,0.9487,0.0000,5.8569,1.9526,0.7083
3,3,1936,1937,2,2,1,0.7500,1936.311,1008.689,473.000,8.4550,17.0000,1.1333,0.4400,5.5321,0.5333,0.2667,0.2000,0.7071,0.0000,5.2072,2.1154,1.0000
4,3,1937,1938,2,2,2,0.5000,1937.780,1098.480,863.260,8.1375,13.0000,1.0400,0.5886,4.2316,0.5916,0.1015,0.3069,0.5000,0.5000,4.5571,1.6276,0.7800
5,3,1941,1942,2,2,2,0.6250,1941.415,807.846,379.369,9.4666,17.0000,1.3077,0.5767,5.5359,0.3432,0.2505,0.4063,0.6059,0.3645,4.8851,1.3027,0.6769
6,3,1942,1944,3,1,3,0.6667,1943.392,468.000,540.851,9.8410,14.0000,1.1351,1.2997,4.5608,0.5005,0.4177,0.0818,0.5048,0.0000,4.3977,1.3030,0.5405
3,3,1944,1945,2,1,2,0.7500,1944.325,533.000,448.350,7.5238,14.0000,1.0500,0.7267,4.5608,0.5333,0.2667,0.2000,0.7071,0.0000,4.5614,1.4660,1.0000
4,3,1946,1948,3,1,2,0.6667,1946.946,507.000,806.446,9.1252,18.0000,1.2857,0.4496,5.8662,0.7576,0.1294,0.1129,0.8507,0.0000,4.8883,2.2808,0.8214
3,3,1946,1947,2,1,2,0.7500,1946.682,664.000,327.341,8.2787,15.0000,1.0227,0.4663,4.8885,0.5333,0.2667,0.2000,0.7071,0.0000,5.2144,1.3036,1.0000
3,3,1946,1947,2,2,1,0.7500,1946.633,1299.653,592.000,9.2194,18.0000,1.1020,0.7215,5.8655,0.5333,0.2667,0.2000,0.7071,0.0000,5.8662,1.6295,1.0000
3,3,1947,1948,2,1,2,0.7500,1947.341,993.000,380.682,8.2794,15.0000,1.0227,0.4663,4.8892,0.5333,0.2667,0.2000,0.7071,0.0000,5.2145,1.6294,1.0000
3,3,1948,1948,1,3,1,1.0000,1948.000,1119.000,697.000,7.7156,15.0000,1.0976,0.0000,4.8892,0.8889,0.0000,0.1111,0.0000,1.0000,4.5633,1.9558,1.0000
3,3,1950,1951,2,2,1,0.7500,1950.667,877.333,729.000,7.9064,14.0000,1.0000,0.7454,4.5650,0.5333,0.2667,0.2000,0.7071,0.0000,5.2171,1.7934,1.0000
3,3,1950,1951,2,2,1,0.7500,1950.675,912.325,970.000,7.5299,14.0000,1.0500,0.4596,4.5650,0.5333,0.2667,0.2000,0.7071,0.0000,3.9129,0.9781,1.0000
4,3,1950,1951,2,1,2,1.0000,1950.558,940.000,385.442,8.4773,16.0000,1.2308,0.6255,5.2171,0.0000,0.7500,0.2500,0.0000,0.0000,4.5647,0.8151,0.8077
3,3,1952,1953,2,1,2,0.7500,1952.643,863.000,351.690,7.9084,15.0000,1.0714,0.7135,4.8917,0.5333,0.2667,0.2000,0.7071,0.0000,4.8923,1.1414,1.0000
3,3,1954,1955,2,2,1,0.7500,1954.310,880.310,617.000,7.9100,16.0000,1.1429,0.4377,5.2191,0.5333,0.2667,0.2000,0.7071,0.0000,4.2410,2.1203,1.0000
4,3,1954,1955,2,1,2,1.0000,1954.510,956.000,669.451,8.3184,15.0000,1.1765,0.6806,4.8929,0.0000,0.7500,0.2500,0.0000,0.0000,4.5673,0.9787,0.8039
5,3,1958,1960,3,2,1,0.8333,1959.302,538.571,379.000,9.1962,16.0000,1.2698,0.9024,5.2228,0.5854,0.2927,0.1220,0.9487,0.0000,4.5695,1.3056,0.6667
6,4,1959,1961,3,3,2,0.3333,1960.026,493.779,450.299,10.2613,15.0000,1.1688,1.2826,4.8970,0.4899,0.3164,0.1936,0.4082,0.3381,4.8960,1.9588,0.7013
4,3,1961,1962,2,2,1,1.0000,1961.480,782.460,392.000,8.1621,14.0000,1.1200,0.6943,4.5711,0.0000,0.7500,0.2500,1.0000,0.0000,4.8968,1.3059,0.8000
4,3,1962,1963,2,2,2,0.5000,1962.451,772.275,389.804,8.3263,14.0000,1.0980,0.5632,4.5711,0.5916,0.1015,0.3069,0.7071,0.7071,4.7346,1.6326,0.8039
4,3,1962,1964,3,1,2,0.6667,1963.192,819.000,169.788,8.4903,14.0000,1.0769,1.2109,4.5716,0.7500,0.1500,0.1000,0.9487,0.0000,4.7348,1.7958,0.7885
4,3,1964,1966,3,1,2,0.6667,1964.964,618.000,464.455,8.9819,17.0000,1.2364,0.4560,5.5525,0.7576,0.1294,0.1129,0.8507,0.0000,4.7357,1.6330,0.8000
4,3,1964,1965,2,2,2,0.5000,1964.519,753.778,489.759,8.8182,15.0000,1.1111,0.5824,4.8992,0.5916,0.1015,0.3069,0.7071,0.7071,4.7357,1.6329,0.7778
3,3,1969,1971,3,1,1,1.0000,1970.070,785.000,228.000,8.1132,16.0000,1.1163,0.9302,5.2293,0.8889,0.0000,0.1111,1.0000,0.0000,4.9020,1.3072,1.0000
3,3,1969,1970,2,2,1,0.7500,1969.310,1053.357,821.000,7.9238,15.0000,1.0714,0.7135,4.9014,0.5333,0.2667,0.2000,0.7071,0.0000,4.9015,1.3070,1.0000
5,3,1970,1972,3,2,1,0.8333,1970.780,743.441,318.000,8.6235,13.0000,1.1017,0.9595,4.2488,0.5854,0.2927,0.1220,0.9487,0.0000,3.9216,0.9804,0.6610
4,3,1970,1971,2,1,3,0.6667,1970.481,917.000,549.963,8.8240,15.0000,1.1111,0.4829,4.9025,0.7576,0.1294,0.1129,0.5257,0.0000,4.9020,1.6338,0.7963
3,3,1971,1972,2,1,2,0.7500,1971.310,484.000,869.690,7.9255,16.0000,1.1429,0.4377,5.2293,0.5333,0.2667,0.2000,0.7071,0.0000,4.5761,1.9610,1.0000
5,5,1971,1973,3,1,2,0.8333,1972.221,719.000,427.397,9.9405,14.0000,1.0294,0.4542,4.5766,0.5854,0.2927,0.1220,0.9487,0.0000,4.9031,0.9806,1.0000
6,3,1971,1972,2,3,2,0.5000,1971.513,898.808,510.128,10.4080,16.0000,1.2308,0.5625,5.2293,0.3810,0.3333,0.2857,0.3162,0.5071,3.9223,1.4708,0.5769
4,3,1974,1975,2,1,2,1.0000,1974.453,447.000,182.491,8.6643,15.0000,1.1321,0.6816,4.9041,0.0000,0.7500,0.2500,0.0000,0.0000,4.7408,1.1445,0.7925
4,4,1974,1975,2,1,3,0.6667,1974.759,546.000,467.259,8.8280,14.0000,1.0370,0.3538,4.5776,0.7500,0.1500,0.1000,0.3162,0.0000,5.0681,2.4522,1.0000
3,3,1979,1981,3,1,1,1.0000,1980.023,535.000,499.000,8.1216,16.0000,1.1163,0.0233,5.2342,0.8889,0.0000,0.1111,1.0000,0.0000,4.9075,0.6545,1.0000
4,3,1979,1981,3,1,2,0.6667,1979.962,776.000,420.481,8.5056,14.0000,1.0769,0.4823,4.5800,0.7576,0.1294,0.1129,0.8507,0.0000,5.2340,1.4721,0.7885
4,3,1981,1982,2,1,2,1.0000,1981.475,811.000,308.424,9.6521,17.0000,1.1525,0.6362,5.5625,0.0000,0.7500,0.2500,0.0000,0.0000,5.7254,1.1451,0.8136
4,3,1984,1985,2,2,2,0.5000,1984.265,729.204,550.531,8.0183,13.0000,1.0612,0.6274,4.2549,0.5916,0.1015,0.3069,0.5000,0.5000,4.5818,1.8000,0.7959
4,3,1986,1988,3,2,1,0.6667,1986.926,503.241,178.000,8.8388,17.0000,1.2593,0.2519,5.5652,0.5357,0.3214,0.1429,1.0000,0.0000,4.0918,0.8183,0.8148
5,3,1987,1989,3,1,2,0.8333,1987.738,980.000,205.574,8.9311,13.0000,1.0656,0.9346,4.2561,0.5854,0.2927,0.1220,0.9487,0.0000,4.7468,0.6548,0.6393
3,3,1988,1990,3,1,1,1.0000,1989.000,839.000,474.000,7.7506,15.0000,1.0976,0.0000,4.9114,0.8889,0.0000,0.1111,1.0000,0.0000,3.9295,0.3276,1.0000
5,3,1990,1991,2,2,2,0.6250,1990.465,1023.648,781.169,10.3979,20.0000,1.4085,0.6626,6.5497,0.3432,0.2505,0.4063,0.6059,0.3645,4.9123,1.4737,0.6620
4,3,1997,1999,3,2,1,0.6667,1997.960,1129.260,782.000,8.1923,13.0000,1.0400,0.9946,4.2600,0.5357,0.3214,0.1429,1.0000,0.0000,4.9150,1.6385,0.7800
3,3,1998,1999,2,2,1,0.7500,1998.326,487.651,830.000,8.1355,15.0000,1.0465,0.7280,4.9154,0.5333,0.2667,0.2000,0.7071,0.0000,4.9158,0.9833,1.0000
5,4,2003,2005,3,1,2,0.8333,2004.227,271.000,334.394,9.6773,16.0000,1.2121,0.4548,5.2457,0.5854,0.2927,0.1220,0.9487,0.0000,3.9346,0.8198,0.8333
4,3,2006,2007,2,1,2,1.0000,2006.540,1014.000,635.480,8.1981,14.0000,1.1200,0.6943,4.5911,0.0000,0.7500,0.2500,0.0000,0.0000,4.5909,1.9676,0.8000
3,3,2008,2008,1,1,3,1.0000,2008.000,801.000,313.976,7.7633,14.0000,1.0244,0.9756,4.5915,0.8889,0.0000,0.1111,0.0000,1.0000,4.9194,1.1479,1.0000
3,3,2008,2009,2,2,1,0.7500,2008.350,1109.325,635.000,7.5742,14.0000,1.0500,0.7267,4.5918,0.5333,0.2667,0.2000,0.7071,0.0000,4.9194,1.6398,1.0000
5,3,2009,2010,2,2,2,0.6250,2009.559,903.831,943.610,8.6546,13.0000,1.1017,0.8449,4.2642,0.3432,0.2505,0.4063,0.6059,0.3645,4.5918,1.3120,0.6610
4,3,2012,2013,2,1,3,0.6667,2012.250,915.000,792.096,8.5298,15.0000,1.1538,0.9378,4.9210,0.5357,0.3214,0.1429,0.0000,0.0000,4.9211,2.2965,0.8077
5,3,2012,2013,2,3,2,0.4167,2012.206,1111.286,826.841,9.2432,15.0000,1.1905,0.3865,4.9210,0.6489,0.0995,0.2515,0.3339,0.8871,4.9212,1.3122,0.6825
4,3,2014,2015,2,1,3,0.6667,2014.236,925.000,685.364,9.0233,17.0000,1.2364,0.6788,5.5779,0.7500,0.1500,0.1000,0.3162,0.0000,5.2499,1.6407,0.8182
3,3,2015,2017,3,1,1,1.0000,2016.000,1053.000,804.000,7.5786,14.0000,1.0500,0.0000,4.5943,0.8889,0.0000,0.1111,1.0000,0.0000,4.5946,1.6407,1.0000
3,3,2016,2018,3,1,1,1.0000,2016.951,1080.000,468.000,7.7686,15.0000,1.0976,0.9512,4.9224,0.8889,0.0000,0.1111,1.0000,0.0000,4.5950,1.3128,1.0000
4,3,2017,2018,2,2,2,0.5000,2017.509,804.264,353.792,8.6972,15.0000,1.1321,0.6102,4.9228,0.5916,0.1015,0.3069,0.7071,0.7071,4.7591,1.9692,0.7925
3,3,2018,2020,3,1,1,1.0000,2018.976,726.000,356.000,7.9592,15.0000,1.0714,0.9762,4.9231,0.8889,0.0000,0.1111,1.0000,0.0000,4.9238,0.8207,1.0000
5,3,2019,2021,3,2,1,0.8333,2019.844,838.328,557.000,9.3951,15.0000,1.1719,0.3634,4.9238,0.5854,0.2927,0.1220,0.9487,0.0000,5.2517,1.9694,0.6719
3,3,2021,2023,3,1,1,1.0000,2022.023,1208.000,539.000,8.3400,17.0000,1.1591,0.0227,5.5811,0.8889,0.0000,0.1111,1.0000,0.0000,4.2683,0.6565,1.0000
3,3,2026,2027,2,2,1,0.7500,2026.660,1010.681,448.000,8.9114,16.0000,1.0213,0.7327,5.2546,0.5333,0.2667,0.2000,0.7071,0.0000,5.5827,1.3136,1.0000
4,3,2028,2029,2,1,2,1.0000,2028.471,516.000,578.529,8.3753,14.0000,1.0980,0.7083,4.5984,0.0000,0.7500,0.2500,0.0000,0.0000,4.7623,1.4779,0.8039
5,3,2028,2030,3,1,3,0.5556,2028.952,781.000,369.903,9.1071,14.0000,1.1290,1.3120,4.5984,0.7911,0.1351,0.0737,0.5257,0.0000,4.5984,1.6423,0.6613
3,3,2028,2029,2,2,1,0.7500,2028.326,1009.326,901.000,8.1539,15.0000,1.0465,0.4604,4.9265,0.5333,0.2667,0.2000,0.7071,0.0000,4.2700,0.9853,1.0000
5,3,2031,2033,3,3,1,0.5556,2031.985,888.773,508.000,9.6965,18.0000,1.3636,0.2278,5.9133,0.5532,0.3398,0.1070,0.5606,0.0000,3.9420,1.9711,0.6667
3,3,2032,2033,2,2,1,0.7500,2032.366,798.683,805.000,7.7766,15.0000,1.0976,0.7090,4.9281,0.5333,0.2667,0.2000,0.7071,0.0000,4.9277,2.7924,1.0000
3,3,2033,2034,2,1,2,0.7500,2033.325,1099.000,568.675,7.5874,14.0000,1.0500,0.4596,4.5995,0.5333,0.2667,0.2000,0.7071,0.0000,4.5998,0.6571,1.0000
7,4,2037,2039,3,2,2,0.5833,2037.644,771.230,618.586,10.8063,18.0000,1.4483,0.7990,5.9151,0.4600,0.2645,0.2756,0.8571,0.1000,4.7649,1.3146,0.6552
4,3,2037,2038,2,1,2,1.0000,2037.436,832.000,424.527,9.0372,16.0000,1.1636,0.6844,5.2579,0.0000,0.7500,0.2500,0.0000,0.0000,5.0937,1.4788,0.8182
5,3,2040,2042,3,3,1,0.5556,2041.062,999.016,569.000,9.4078,14.0000,1.0937,0.0644,4.6020,0.7911,0.1351,0.0737,0.8507,0.0000,4.6020,1.3148,0.6406
4,3,2041,2043,3,2,1,0.6667,2042.216,573.196,496.000,8.3822,14.0000,1.0980,0.2915,4.6022,0.7500,0.1500,0.1000,0.9487,0.0000,4.7662,1.4792,0.8039
4,3,2044,2045,2,2,1,1.0000,2044.540,708.540,800.000,8.2189,14.0000,1.1200,0.6505,4.6027,0.0000,0.7500,0.2500,1.0000,0.0000,4.7670,1.3150,0.8000
4,3,2044,2045,2,1,2,1.0000,2044.574,898.000,203.444,8.8765,17.0000,1.2593,0.6156,5.5890,0.0000,0.7500,0.2500,0.0000,0.0000,4.7670,0.9862,0.8148
3,3,2046,2048,3,1,1,1.0000,2046.975,782.000,458.000,7.5933,14.0000,1.0500,0.9750,4.6030,0.8889,0.0000,0.1111,1.0000,0.0000,3.9459,0.3289,1.0000
3,3,2047,2048,2,1,2,0.7500,2047.310,665.000,86.643,7.9731,15.0000,1.0714,0.7135,4.9320,0.5333,0.2667,0.2000,0.7071,0.0000,4.2744,1.3152,1.0000
4,3,2050,2051,2,2,1,1.0000,2050.510,1147.510,801.000,8.3859,13.0000,1.0196,0.7072,4.2753,0.0000,0.7500,0.2500,1.0000,0.0000,4.6040,0.9866,0.7647
3,3,2051,2052,2,1,2,0.7500,2051.674,1020.000,530.304,8.7344,17.0000,1.1087,0.4460,5.5910,0.5333,0.2667,0.2000,0.7071,0.0000,5.2619,1.3156,1.0000
4,3,2051,2052,2,2,2,0.5000,2051.255,1044.784,746.490,8.3862,14.0000,1.0980,0.6094,4.6041,0.5916,0.1015,0.3069,0.5000,0.5000,4.6043,1.4798,0.7843
3,3,2053,2055,3,1,1,1.0000,2054.000,682.000,316.000,7.4061,13.0000,1.0000,1.0000,4.2761,0.8889,0.0000,0.1111,1.0000,0.0000,4.6048,2.1380,1.0000
4,3,2055,2056,2,2,2,0.5000,2055.538,923.712,489.808,8.5524,15.0000,1.1538,0.8696,4.9342,0.5916,0.1015,0.3069,0.7071,0.7071,4.7696,1.8092,0.8077
5,3,2056,2057,2,2,2,0.6250,2056.210,935.645,945.613,9.1209,14.0000,1.1290,0.7386,4.6053,0.3432,0.2505,0.4063,0.5155,0.8569,4.6053,1.1514,0.6452
4,3,2057,2058,2,1,2,1.0000,2057.481,340.000,325.500,8.5532,14.0000,1.0769,0.6936,4.6055,0.0000,0.7500,0.2500,0.0000,0.0000,3.9477,0.6580,0.7692
3,3,2062,2063,2,2,1,0.7500,2062.628,717.698,275.000,8.1689,16.0000,1.1163,0.6969,5.2646,0.5333,0.2667,0.2000,0.7071,0.0000,4.9357,2.3033,1.0000
4,3,2064,2065,2,2,1,1.0000,2064.469,1026.531,733.000,8.0622,13.0000,1.0612,0.7084,4.2780,0.0000,0.7500,0.2500,1.0000,0.0000,4.6069,1.3163,0.7959
5,3,2065,2066,2,1,3,0.8333,2065.565,494.000,451.758,9.1246,14.0000,1.1290,0.9452,4.6073,0.5854,0.2927,0.1220,0.3162,0.0000,4.6071,1.6454,0.6613
4,3,2067,2068,2,2,2,0.5000,2067.500,614.769,636.250,8.5568,14.0000,1.0769,0.6048,4.6074,0.5916,0.1015,0.3069,0.7071,0.7071,4.9367,1.9746,0.7692
3,3,2069,2070,2,2,1,0.7500,2069.341,613.341,548.000,7.7910,14.0000,1.0244,0.7418,4.6080,0.5333,0.2667,0.2000,0.7071,0.0000,4.9369,0.6583,1.0000
4,3,2069,2070,2,2,2,0.5000,2069.745,933.510,510.765,8.3930,13.0000,1.0196,0.9224,4.2788,0.5916,0.1015,0.3069,0.5000,0.5000,4.9370,1.8103,0.7647
3,3,2070,2071,2,2,1,0.7500,2070.636,1074.682,717.000,8.3615,16.0000,1.0909,0.7115,5.2663,0.5333,0.2667,0.2000,0.7071,0.0000,5.2664,1.3165,1.0000
3,3,2075,2076,2,2,1,0.7500,2075.318,596.341,613.000,8.3629,15.0000,1.0227,0.4663,4.9380,0.5333,0.2667,0.2000,0.7071,0.0000,5.5964,1.9753,1.0000
3,3,2075,2077,3,1,1,1.0000,2075.975,766.000,464.000,7.6028,14.0000,1.0500,0.9750,4.6088,0.8889,0.0000,0.1111,1.0000,0.0000,4.6091,1.3168,1.0000
3,3,2075,2076,2,2,1,0.7500,2075.295,940.318,593.000,8.3629,17.0000,1.1591,0.4342,5.5964,0.5333,0.2667,0.2000,0.7071,0.0000,4.9380,1.8106,1.0000
3,3,2075,2076,2,2,1,0.7500,2075.643,1047.690,736.000,7.9829,15.0000,1.0714,0.7135,4.9380,0.5333,0.2667,0.2000,0.7071,0.0000,5.2673,1.9753,1.0000
3,3,2075,2077,3,1,1,1.0000,2076.000,1113.000,880.000,7.6028,14.0000,1.0500,0.0000,4.6090,0.8889,0.0000,0.1111,1.0000,0.0000,4.7737,0.9876,1.0000
7,4,2077,2079,3,2,3,0.3889,2077.578,1001.767,693.056,11.1994,16.0000,1.2444,0.4856,5.2678,0.4001,0.1348,0.4651,0.9981,0.0621,4.6094,0.9876,0.6556
3,3,2078,2078,1,3,1,1.0000,2078.000,1066.049,308.000,7.7934,15.0000,1.0976,0.9512,4.9385,0.8889,0.0000,0.1111,0.0000,1.0000,4.6093,1.6462,1.0000
3,3,2078,2079,2,2,1,0.7500,2078.302,1157.674,567.000,8.1737,16.0000,1.1163,0.4443,5.2678,0.5333,0.2667,0.2000,0.7071,0.0000,4.9385,0.6585,1.0000
4,3,2079,2080,2,1,2,1.0000,2079.471,815.000,398.471,8.3959,14.0000,1.0980,0.6655,4.6094,0.0000,0.7500,0.2500,0.0000,0.0000,4.6095,1.4816,0.7843
5,4,2079,2081,3,3,1,0.5556,2080.169,929.969,550.000,9.5712,15.0000,1.1538,1.1696,4.9387,0.5532,0.3398,0.1070,0.8281,0.0000,4.6098,1.9755,0.8308
3,3,2082,2084,3,1,1,1.0000,2082.935,558.000,646.000,8.7452,17.0000,1.1087,0.0652,5.5979,0.8889,0.0000,0.1111,1.0000,0.0000,5.5977,0.9879,1.0000
3,3,2087,2088,2,1,2,0.7500,2087.705,1076.000,361.682,8.3662,17.0000,1.1591,0.4342,5.5987,0.5333,0.2667,0.2000,0.7071,0.0000,4.9400,1.6466,1.0000
4,3,2089,2090,2,2,1,1.0000,2089.529,801.471,467.000,8.3984,14.0000,1.0980,0.6655,4.6109,0.0000,0.7500,0.2500,1.0000,0.0000,3.9522,0.9881,0.7843
4,3,2090,2091,2,2,2,0.5000,2090.185,656.722,408.426,8.8926,16.0000,1.1852,0.5412,5.2696,0.5916,0.1015,0.3069,0.5000,0.5000,4.9403,1.1528,0.8148
4,3,2092,2093,2,2,1,1.0000,2092.538,905.462,689.000,8.5637,14.0000,1.0769,0.7092,4.6113,0.0000,0.7500,0.2500,1.0000,0.0000,4.9406,0.9881,0.8077
4,3,2092,2093,2,2,2,0.5000,2092.469,1137.735,545.796,8.0697,13.0000,1.0612,0.8954,4.2819,0.5916,0.1015,0.3069,0.7071,0.7071,4.6112,0.9881,0.7959
3,3,2093,2094,2,1,2,0.7500,2093.349,1008.000,618.349,8.1772,15.0000,1.0465,0.7387,4.9408,0.5333,0.2667,0.2000,0.7071,0.0000,5.2701,1.3175,1.0000
8,4,2096,2098,3,2,2,0.6667,2097.031,1044.515,667.474,11.2970,13.0000,1.0722,0.7011,4.2824,0.5482,0.2094,0.2424,0.8507,0.5257,4.4470,1.1529,0.5361
6,3,2099,2101,3,2,2,0.5000,2099.797,540.284,435.324,9.9522,15.0000,1.2162,0.9063,4.9414,0.6381,0.1455,0.2164,0.8019,0.3768,4.6120,1.6471,0.5676
3,3,2101,2101,1,1,3,1.0000,2101.000,741.000,265.000,7.4178,13.0000,1.0000,1.0000,4.2827,0.8889,0.0000,0.1111,0.0000,1.0000,4.6121,1.9766,1.0000
5,3,2101,2103,3,2,1,0.8333,2102.131,1127.393,953.000,8.9873,14.0000,1.1475,0.6206,4.6122,0.5854,0.2927,0.1220,0.9487,0.0000,4.6121,1.3178,0.6557
5,3,2102,2104,3,2,1,0.8333,2102.708,818.385,852.000,9.5767,15.0000,1.1538,0.8055,4.9417,0.5854,0.2927,0.1220,0.9487,0.0000,5.2712,1.6472,0.6769
3,3,2103,2104,2,2,1,0.7500,2103.333,779.667,532.000,7.4182,13.0000,1.0000,0.7454,4.2829,0.5333,0.2667,0.2000,0.7071,0.0000,4.9417,1.6472,1.0000
3,3,2103,2104,2,2,1,0.7500,2103.333,905.333,877.000,7.4182,13.0000,1.0000,0.4714,4.2829,0.5333,0.2667,0.2000,0.7071,0.0000,4.6123,1.3178,1.0000
3,3,2104,2105,2,2,1,0.7500,2104.312,1016.729,381.000,9.1302,20.0000,1.2500,0.4135,6.5891,0.5333,0.2667,0.2000,0.7071,0.0000,5.2714,1.3178,1.0000
3,3,2104,2105,2,2,1,0.7500,2104.643,1076.667,896.000,7.9890,15.0000,1.0714,0.7241,4.9418,0.5333,0.2667,0.2000,0.7071,0.0000,4.9419,1.3178,1.0000
4,3,2105,2106,2,2,1,1.0000,2105.545,1066.545,984.000,9.0603,16.0000,1.1636,0.6428,5.2715,0.0000,0.7500,0.2500,1.0000,0.0000,4.9420,0.4942,0.8000
4,4,2108,2109,2,2,1,1.0000,2108.547,1146.562,556.000,10.5434,21.0000,1.3125,0.6299,6.9192,0.0000,0.7500,0.2500,1.0000,0.0000,5.1070,0.9884,1.0000
6,3,2109,2112,4,2,2,0.3750,2110.887,868.875,582.150,10.7612,17.0000,1.2750,0.2253,5.6014,0.8087,0.0589,0.1324,0.9827,0.1690,5.1072,1.3180,0.6000
4,4,2110,2111,2,1,2,1.0000,2110.525,1046.000,418.492,10.0495,16.0000,1.0492,0.6840,5.2719,0.0000,0.7500,0.2500,0.0000,0.0000,5.4366,0.1647,1.0000
4,3,2110,2111,2,3,1,0.6667,2110.250,1069.036,879.000,9.2257,16.0000,1.1429,0.2525,5.2718,0.5357,0.3214,0.1429,0.0000,0.0000,4.9424,2.1416,0.7857
4,3,2112,2114,3,2,1,0.6667,2112.827,1241.788,567.000,8.5671,15.0000,1.1538,1.1920,4.9426,0.7500,0.1500,0.1000,0.9487,0.0000,4.6130,1.8123,0.7885
3,3,2113,2114,2,1,2,0.7500,2113.311,1048.000,401.311,8.5608,17.0000,1.1333,0.4400,5.6015,0.5333,0.2667,0.2000,0.7071,0.0000,4.9426,1.6475,1.0000
4,3,2116,2117,2,1,3,0.6667,2116.720,890.000,705.660,8.2380,14.0000,1.1200,0.9767,4.6132,0.7500,0.1500,0.1000,0.3162,0.0000,4.6133,0.9886,0.8000
4,3,2117,2118,2,1,2,1.0000,2117.490,647.000,333.529,8.4028,14.0000,1.0980,0.6938,4.6133,0.0000,0.7500,0.2500,0.0000,0.0000,4.6133,1.3181,0.7843
5,4,2118,2120,3,1,2,0.8333,2119.277,723.000,432.585,9.5790,15.0000,1.1538,0.8339,4.9430,0.5854,0.2927,0.1220,0.9487,0.0000,4.6134,1.3181,0.8462
4,3,2119,2120,2,1,2,1.0000,2119.481,713.000,435.481,8.8973,14.0000,1.0370,0.6809,4.6134,0.0000,0.7500,0.2500,0.0000,0.0000,4.9429,0.9886,0.7778
3,3,2121,2122,2,1,2,0.7500,2121.277,847.000,296.298,8.9421,20.0000,1.2766,0.4065,6.5907,0.5333,0.2667,0.2000,0.7071,0.0000,5.2725,1.6477,1.0000
4,3,2121,2123,3,1,2,0.6667,2122.370,867.000,379.759,8.8975,17.0000,1.2593,0.6741,5.6022,0.7500,0.1500,0.1000,0.9487,0.0000,4.7783,0.6591,0.8148
4,3,2121,2123,3,2,1,0.6667,2122.377,1102.283,725.000,8.7328,15.0000,1.1321,0.6839,4.9431,0.7500,0.1500,0.1000,0.9487,0.0000,5.2726,1.1534,0.8113
5,4,2123,2125,3,2,1,0.8333,2124.191,979.368,422.000,10.0216,15.0000,1.1029,0.4144,4.9432,0.5854,0.2927,0.1220,0.9487,0.0000,4.9432,0.9886,0.8382
3,3,2123,2124,2,2,1,0.7500,2123.696,1063.283,937.000,8.7520,19.0000,1.2391,0.4153,6.2613,0.5333,0.2667,0.2000,0.7071,0.0000,4.9431,0.9886,1.0000
3,3,2125,2126,2,2,1,0.7500,2125.341,744.659,862.000,7.8008,14.0000,1.0244,0.7418,4.6137,0.5333,0.2667,0.2000,0.7071,0.0000,4.9432,0.9887,1.0000
3,3,2127,2128,2,1,2,0.7500,2127.318,836.000,533.636,8.3718,16.0000,1.0909,0.7115,5.2728,0.5333,0.2667,0.2000,0.7071,0.0000,4.9433,0.6591,1.0000
4,3,2129,2131,3,2,1,0.6667,2129.654,914.269,527.000,8.5685,14.0000,1.0769,0.7071,4.6138,0.7500,0.1500,0.1000,0.9487,0.0000,4.9434,1.8126,0.8077
3,3,2130,2131,2,2,1,0.7500,2130.667,1151.667,383.000,7.9915,14.0000,1.0000,0.7454,4.6139,0.5333,0.2667,0.2000,0.7071,0.0000,4.9434,0.9887,1.0000
5,4,2131,2132,2,2,2,0.6250,2131.385,680.354,364.554,9.5800,15.0000,1.1538,0.9004,4.9435,0.2938,0.4054,0.3007,0.0000,0.3029,4.6139,1.3183,0.8462
6,4,2131,2132,2,2,3,0.5000,2131.316,723.816,504.579,10.2253,15.0000,1.1842,0.6847,4.9434,0.5034,0.2551,0.2415,0.1128,0.4328,4.6139,1.3183,0.7237
4,3,2133,2135,3,2,1,0.6667,2133.922,468.529,508.000,8.4040,14.0000,1.0980,1.0348,4.6140,0.7576,0.1294,0.1129,0.8507,0.0000,4.7787,1.8126,0.8039
4,3,2133,2134,2,2,1,1.0000,2133.527,734.455,950.000,9.0631,16.0000,1.1636,0.6558,5.2731,0.0000,0.7500,0.2500,1.0000,0.0000,4.7787,0.9887,0.7818
6,3,2135,2137,3,1,3,0.6667,2135.690,740.000,384.338,9.5529,14.0000,1.1831,0.4586,4.6140,0.6061,0.3030,0.0909,0.7071,0.0000,4.6140,1.6479,0.5634
6,3,2140,2142,3,2,2,0.5000,2140.667,756.486,438.847,9.6877,13.0000,1.0833,0.8391,4.2846,0.6373,0.1269,0.2358,0.8795,0.0724,4.2846,0.9887,0.5417
3,3,2140,2141,2,2,1,0.7500,2140.683,823.659,848.000,7.8017,14.0000,1.0244,0.7309,4.6142,0.5333,0.2667,0.2000,0.7071,0.0000,4.9438,1.1535,1.0000
4,3,2142,2143,2,2,1,1.0000,2142.446,871.500,868.000,9.2284,16.0000,1.1429,0.6703,5.2734,0.0000,0.7500,0.2500,1.0000,0.0000,5.2734,1.9775,0.7857
4,3,2144,2145,2,3,1,0.6667,2144.740,784.340,954.000,8.2398,14.0000,1.1200,0.7094,4.6143,0.7500,0.1500,0.1000,0.3162,0.0000,4.6143,0.9888,0.8000
6,3,2144,2146,3,2,2,0.5000,2145.049,945.244,489.878,11.0335,22.0000,1.6098,0.2770,7.2510,0.7074,0.0897,0.2030,0.9140,0.2540,3.4607,0.3296,0.6341
3,3,2145,2147,3,1,1,1.0000,2146.047,921.000,327.000,8.1825,15.0000,1.0465,0.0465,4.9439,0.8889,0.0000,0.1111,1.0000,0.0000,4.6143,0.6592,1.0000
3,3,2148,2150,3,1,1,1.0000,2148.977,776.000,1036.000,8.3729,17.0000,1.1591,0.0227,5.6032,0.8889,0.0000,0.1111,1.0000,0.0000,4.9439,2.3072,1.0000
3,3,2149,2151,3,1,1,1.0000,2150.049,769.000,873.000,7.8021,15.0000,1.0976,0.9512,4.9440,0.8889,0.0000,0.1111,1.0000,0.0000,4.9440,1.6480,1.0000
3,3,2151,2152,2,1,2,0.7500,2151.326,957.000,425.674,8.1827,15.0000,1.0465,0.4604,4.9440,0.5333,0.2667,0.2000,0.7071,0.0000,4.9440,2.3072,1.0000
5,3,2152,2154,3,2,1,0.8333,2152.789,753.366,887.000,10.4656,18.0000,1.2676,0.4228,5.9329,0.5854,0.2927,0.1220,0.9487,0.0000,5.6032,1.4832,0.7042
4,3,2152,2154,3,1,2,0.6667,2153.288,973.000,478.750,8.5697,14.0000,1.0769,0.7542,4.6145,0.7500,0.1500,0.1000,0.9487,0.0000,4.6145,1.9776,0.7692
4,3,2157,2158,2,2,1,1.0000,2157.491,858.421,373.000,9.3939,18.0000,1.2632,0.6470,5.9330,0.0000,0.7500,0.2500,1.0000,0.0000,5.2738,1.6480,0.8070
4,3,2162,2163,2,2,1,1.0000,2162.528,857.472,624.000,8.7349,15.0000,1.1321,0.6671,4.9443,0.0000,0.7500,0.2500,1.0000,0.0000,4.9443,1.8129,0.7736
5,3,2163,2164,2,1,3,0.8333,2163.382,719.000,906.221,10.0239,17.0000,1.2500,0.4414,5.6035,0.5854,0.2927,0.1220,0.3162,0.0000,5.2739,1.9777,0.6471
3,3,2163,2164,2,1,2,0.7500,2163.395,849.000,568.698,8.1832,17.0000,1.1860,0.6760,5.6035,0.5333,0.2667,0.2000,0.7071,0.0000,4.6147,1.3185,1.0000
5,4,2168,2169,2,3,2,0.4167,2168.797,1122.072,665.812,10.1716,17.0000,1.2319,0.2862,5.6037,0.4138,0.1655,0.4207,0.0000,0.7071,4.9444,1.9778,0.8551
3,3,2170,2171,2,2,1,0.7500,2170.683,770.317,959.000,7.8028,15.0000,1.0976,0.4484,4.9445,0.5333,0.2667,0.2000,0.7071,0.0000,4.6149,2.3074,1.0000
4,3,2172,2174,3,2,1,0.6667,2172.983,905.828,879.000,9.5595,17.0000,1.1724,0.1733,5.6038,0.5357,0.3214,0.1429,1.0000,0.0000,5.4390,1.4834,0.8276
4,3,2176,2177,2,2,1,1.0000,2176.441,984.475,600.000,9.7245,20.0000,1.3559,0.6476,6.5929,0.0000,0.7500,0.2500,1.0000,0.0000,4.9447,0.9889,0.8136
6,3,2177,2179,3,2,1,1.0000,2177.946,740.473,528.000,9.9588,16.0000,1.2973,1.0576,5.2743,0.5556,0.3333,0.1111,1.0000,0.0000,4.4503,0.9889,0.5676
4,3,2180,2181,2,2,1,1.0000,2180.538,601.538,621.000,8.5711,14.0000,1.0769,0.7092,4.6152,0.0000,0.7500,0.2500,1.0000,0.0000,4.9448,2.3076,0.8077
4,3,2181,2183,3,1,2,0.6667,2182.060,600.000,448.460,8.2415,14.0000,1.1200,0.4639,4.6152,0.7576,0.1294,0.1129,0.8507,0.0000,4.6153,0.4945,0.8000
4,3,2184,2185,2,2,2,0.5000,2184.510,866.216,641.255,8.4065,14.0000,1.0980,0.6094,4.6153,0.5916,0.1015,0.3069,0.7071,0.7071,4.9450,1.6484,0.7843
4,3,2184,2185,2,2,1,1.0000,2184.556,1123.537,823.000,8.9011,15.0000,1.1111,0.6971,4.9451,0.0000,0.7500,0.2500,1.0000,0.0000,5.1099,0.8242,0.8148
4,3,2185,2186,2,1,2,1.0000,2185.520,606.000,459.480,8.2418,13.0000,1.0400,0.7077,4.2858,0.0000,0.7500,0.2500,0.0000,0.0000,4.9451,1.6484,0.7800
3,3,2193,2195,3,1,1,1.0000,2194.024,1190.000,828.000,7.9950,15.0000,1.0714,0.0238,4.9456,0.8889,0.0000,0.1111,1.0000,0.0000,4.9457,1.6485,1.0000
3,3,2195,2196,2,1,2,0.7500,2195.643,1040.000,599.690,7.9952,15.0000,1.0714,0.7135,4.9457,0.5333,0.2667,0.2000,0.7071,0.0000,4.9458,1.6486,1.0000
6,3,2196,2198,3,2,2,0.5000,2197.026,833.325,759.506,10.3650,16.0000,1.2468,0.6022,5.2756,0.4412,0.1872,0.3716,0.7882,0.6154,4.6162,1.3189,0.5584
5,4,2196,2197,2,3,1,0.8333,2196.594,1208.261,606.000,10.1745,16.0000,1.1594,0.8432,5.2756,0.5854,0.2927,0.1220,0.3162,0.0000,5.2756,1.6486,0.8406
3,3,2197,2199,3,1,1,1.0000,2198.043,1005.000,780.000,8.7571,18.0000,1.1739,0.0435,5.9352,0.8889,0.0000,0.1111,1.0000,0.0000,5.6055,0.9892,1.0000
3,3,2198,2199,2,2,1,0.7500,2198.675,824.325,1009.000,7.6149,14.0000,1.0500,0.4596,4.6163,0.5333,0.2667,0.2000,0.7071,0.0000,4.9461,1.6487,1.0000
5,3,2201,2202,2,2,2,0.6250,2201.397,1069.175,877.413,9.2906,14.0000,1.1111,0.7300,4.6165,0.3432,0.2505,0.4063,0.6059,0.3645,3.9570,0.9893,0.6349
3,3,2202,2203,2,1,2,0.7500,2202.333,784.000,649.690,7.9962,15.0000,1.0714,0.4549,4.9464,0.5333,0.2667,0.2000,0.7071,0.0000,5.2762,1.3190,1.0000
3,3,2202,2204,3,1,1,1.0000,2203.000,816.000,412.000,8.1867,15.0000,1.0465,0.0000,4.9465,0.8889,0.0000,0.1111,1.0000,0.0000,4.9466,0.9893,1.0000
4,3,2208,2209,2,2,1,1.0000,2208.529,820.529,1128.000,8.4101,14.0000,1.0980,0.7083,4.6173,0.0000,0.7500,0.2500,1.0000,0.0000,4.7822,1.6490,0.8039
3,3,2209,2210,2,2,1,0.7500,2209.319,782.277,512.000,8.9496,19.0000,1.2128,0.4223,6.2664,0.5333,0.2667,0.2000,0.7071,0.0000,4.6175,1.6490,1.0000
4,4,2213,2214,2,2,2,0.5000,2213.500,550.259,628.741,8.9059,14.0000,1.0370,0.9305,4.6179,0.5916,0.1015,0.3069,0.7071,0.7071,5.1126,1.9791,1.0000
3,3,2217,2218,2,1,2,0.7500,2217.333,1033.000,430.333,7.4279,13.0000,1.0000,0.4714,4.2886,0.5333,0.2667,0.2000,0.7071,0.0000,4.6183,1.6494,1.0000
3,3,2217,2218,2,2,1,0.7500,2217.689,1167.333,985.000,8.5707,16.0000,1.0667,0.4560,5.2782,0.5333,0.2667,0.2000,0.7071,0.0000,4.6185,1.3195,1.0000
3,3,2228,2229,2,2,1,0.7500,2228.325,642.675,548.000,7.6208,14.0000,1.0500,0.4596,4.6198,0.5333,0.2667,0.2000,0.7071,0.0000,4.6200,1.6499,1.0000
4,3,2228,2229,2,3,1,0.6667,2228.183,1089.267,567.000,9.8997,19.0000,1.2667,0.7559,6.2698,0.7500,0.1500,0.1000,0.3162,0.0000,5.2798,1.6499,0.8167
3,3,2232,2233,2,2,1,0.7500,2232.333,755.667,496.000,7.4312,13.0000,1.0000,0.7454,4.2905,0.5333,0.2667,0.2000,0.7071,0.0000,4.6204,1.6501,1.0000
4,3,2233,2234,2,1,3,0.6667,2233.241,1064.000,591.397,9.5712,20.0000,1.3793,0.6499,6.6007,0.7500,0.1500,0.1000,0.3162,0.0000,4.1255,1.3202,0.8103
4,3,2233,2234,2,2,2,0.5000,2233.192,1084.500,493.750,8.5810,16.0000,1.2308,0.5912,5.2806,0.5916,0.1015,0.3069,0.5000,0.5000,4.6205,1.3202,0.8077
5,3,2236,2238,3,2,2,0.4167,2236.935,933.161,756.371,9.1521,15.0000,1.2097,0.4096,4.9512,0.5461,0.2256,0.2283,0.8117,0.4177,4.7861,1.6504,0.6774
5,3,2237,2238,2,2,2,0.6250,2237.190,593.381,597.381,9.2998,14.0000,1.1111,0.5714,4.6211,0.3432,0.2505,0.4063,0.5155,0.8569,3.9609,0.9902,0.6349
3,3,2237,2238,2,1,2,0.7500,2237.341,795.000,1063.317,7.8135,14.0000,1.0244,0.4660,4.6212,0.5333,0.2667,0.2000,0.7071,0.0000,4.9512,1.3203,1.0000
3,3,2237,2238,2,2,1,0.7500,2237.675,1206.675,438.000,7.6230,14.0000,1.0500,0.4596,4.6212,0.5333,0.2667,0.2000,0.7071,0.0000,3.9611,0.1650,1.0000
4,3,2239,2241,3,1,2,0.6667,2239.692,870.000,793.250,8.5827,14.0000,1.0769,0.7361,4.6215,0.7500,0.1500,0.1000,0.9487,0.0000,4.7864,1.9806,0.7885
4,3,2241,2243,3,2,1,0.6667,2242.038,755.500,368.000,8.5833,15.0000,1.1538,0.5015,4.9519,0.7576,0.1294,0.1129,0.8507,0.0000,3.9616,0.3301,0.7885
3,3,2241,2242,2,1,2,0.7500,2241.310,915.000,1119.690,8.0050,16.0000,1.1429,0.4377,5.2819,0.5333,0.2667,0.2000,0.7071,0.0000,4.6217,1.9807,1.0000
7,3,2242,2244,3,2,2,0.5833,2242.807,952.250,542.409,10.9805,16.0000,1.2727,1.2859,5.2823,0.4379,0.1023,0.4598,0.9744,0.1730,4.6219,1.6507,0.4886
5,4,2242,2244,3,2,1,0.8333,2243.145,1026.420,775.000,10.1873,16.0000,1.1594,0.5976,5.2822,0.5854,0.2927,0.1220,0.9487,0.0000,4.6220,1.6507,0.8261
3,3,2242,2243,2,2,1,0.7500,2242.333,1284.711,728.000,8.5770,17.0000,1.1333,0.4411,5.6121,0.5333,0.2667,0.2000,0.7071,0.0000,5.2821,0.8253,1.0000
5,3,2244,2246,3,2,2,0.4167,2244.881,1027.806,311.851,9.8925,20.0000,1.4925,0.2724,6.6031,0.6489,0.0995,0.2515,0.9362,0.2726,4.9523,2.3110,0.6866
3,3,2245,2246,2,2,1,0.7500,2245.381,1012.310,566.000,8.0059,16.0000,1.1429,0.6921,5.2826,0.5333,0.2667,0.2000,0.7071,0.0000,4.6221,1.6508,1.0000
3,3,2248,2249,2,1,2,0.7500,2248.667,1023.000,706.690,8.0066,15.0000,1.0714,0.4549,4.9528,0.5333,0.2667,0.2000,0.7071,0.0000,4.9527,1.3207,1.0000
3,3,2249,2251,3,1,1,1.0000,2250.000,975.000,543.000,8.7694,20.0000,1.3043,0.0000,6.6040,0.8889,0.0000,0.1111,1.0000,0.0000,4.7880,1.3208,1.0000
4,3,2250,2251,2,1,2,1.0000,2250.469,477.000,482.531,8.0900,13.0000,1.0612,0.7084,4.2927,0.0000,0.7500,0.2500,0.0000,0.0000,4.6228,0.9906,0.7959
3,3,2250,2251,2,1,2,0.7500,2250.333,1021.000,515.333,7.4350,13.0000,1.0000,0.4714,4.2927,0.5333,0.2667,0.2000,0.7071,0.0000,4.6228,1.4859,1.0000
5,3,2252,2253,2,2,2,0.6250,2252.420,925.652,782.145,10.1898,19.0000,1.3768,0.5645,6.2741,0.3432,0.2505,0.4063,0.6059,0.3645,4.9533,1.6511,0.6957
5,3,2253,2255,3,2,1,0.8333,2253.710,939.403,581.000,9.1563,14.0000,1.1290,0.8162,4.6231,0.5854,0.2927,0.1220,0.9487,0.0000,4.6233,0.8256,0.6613
5,3,2253,2255,3,1,3,0.5556,2253.794,941.000,569.971,10.0425,19.0000,1.3971,0.2080,6.2744,0.5532,0.3398,0.1070,0.8281,0.0000,4.6231,1.4860,0.6618
4,3,2256,2257,2,2,1,1.0000,2256.460,841.520,919.000,8.2563,14.0000,1.1200,0.6943,4.6235,0.0000,0.7500,0.2500,1.0000,0.0000,4.6235,1.6512,0.8000
4,3,2257,2259,3,2,1,0.6667,2258.093,1048.444,760.000,8.9171,15.0000,1.1111,0.4540,4.9541,0.7576,0.1294,0.1129,0.8507,0.0000,4.4585,0.6605,0.8148
3,3,2259,2260,2,2,1,0.7500,2259.696,975.674,572.000,8.7715,17.0000,1.1087,0.4460,5.6147,0.5333,0.2667,0.2000,0.7071,0.0000,5.6147,1.3212,1.0000
5,3,2264,2265,2,1,3,0.8333,2264.323,962.000,628.815,9.6017,16.0000,1.2308,0.8771,5.2849,0.5854,0.2927,0.1220,0.3162,0.0000,4.6243,1.6515,0.6769
3,3,2267,2268,2,1,2,0.7500,2267.675,756.000,984.350,7.6287,14.0000,1.0500,0.7267,4.6247,0.5333,0.2667,0.2000,0.7071,0.0000,4.6247,1.3213,1.0000
3,3,2268,2269,2,1,2,0.7500,2268.698,560.000,612.674,8.2010,16.0000,1.1163,0.4443,5.2854,0.5333,0.2667,0.2000,0.7071,0.0000,4.9551,1.6517,1.0000
3,3,2268,2269,2,1,2,0.7500,2268.717,1012.000,684.717,8.7732,20.0000,1.3043,0.3997,6.6068,0.5333,0.2667,0.2000,0.7071,0.0000,4.6248,1.6517,1.0000
4,4,2270,2271,2,1,2,1.0000,2270.500,771.000,767.483,9.5801,15.0000,1.0345,0.6950,4.9553,0.0000,0.7500,0.2500,0.0000,0.0000,5.4508,1.9821,1.0000
6,3,2271,2273,3,2,2,0.5000,2271.810,537.321,806.881,11.3289,18.0000,1.2857,0.3921,5.9465,0.5230,0.1584,0.3185,0.9225,0.0898,4.9554,1.4866,0.6071
4,3,2272,2273,2,2,1,1.0000,2272.453,1139.453,819.000,8.7546,16.0000,1.2075,0.6404,5.2857,0.0000,0.7500,0.2500,1.0000,0.0000,4.9554,1.4866,0.7925
5,3,2273,2275,3,1,3,0.5556,2274.197,833.000,791.246,9.0126,14.0000,1.1475,0.7793,4.6252,0.8123,0.1108,0.0769,0.7071,0.0000,4.6252,1.9822,0.6557
4,3,2273,2274,2,2,2,0.5000,2273.260,1153.800,763.540,8.2592,14.0000,1.1200,0.5650,4.6251,0.5916,0.1015,0.3069,0.5000,0.5000,4.9555,1.8170,0.8000
3,3,2273,2274,2,2,1,0.7500,2273.702,1154.277,659.000,8.9647,20.0000,1.2766,0.4065,6.6074,0.5333,0.2667,0.2000,0.7071,0.0000,4.9555,1.3215,1.0000
3,3,2274,2276,3,1,1,1.0000,2274.935,680.000,482.000,8.7742,17.0000,1.1087,0.0652,5.6164,0.8889,0.0000,0.1111,1.0000,0.0000,5.6163,1.3215,1.0000
3,3,2276,2277,2,2,1,0.7500,2276.667,1236.688,648.000,9.1559,17.0000,1.0625,0.4569,5.6166,0.5333,0.2667,0.2000,0.7071,0.0000,5.6165,1.6519,1.0000
5,3,2281,2283,3,2,2,0.4167,2282.017,1036.400,795.217,8.8659,13.0000,1.0833,0.4552,4.2954,0.5461,0.2256,0.2283,0.8117,0.4177,4.6258,1.3217,0.6500
5,3,2285,2286,2,3,2,0.4167,2285.359,1124.016,965.219,9.4575,16.0000,1.2500,0.4210,5.2869,0.5461,0.2256,0.2283,0.5716,0.7118,4.6261,1.9826,0.6719
3,3,2286,2287,2,2,1,0.7500,2286.643,841.690,925.000,8.0127,15.0000,1.0714,0.7135,4.9565,0.5333,0.2667,0.2000,0.7071,0.0000,4.9566,1.9826,1.0000
3,3,2288,2289,2,2,1,0.7500,2288.683,1004.317,839.000,7.8221,15.0000,1.0976,0.4484,4.9567,0.5333,0.2667,0.2000,0.7071,0.0000,4.6262,1.3218,1.0000
4,3,2288,2289,2,3,1,0.6667,2288.255,1090.941,433.000,8.4263,15.0000,1.1765,0.2616,4.9566,0.5357,0.3214,0.1429,0.0000,0.0000,4.6262,0.9913,0.8039
3,3,2300,2302,3,1,1,1.0000,2301.000,654.000,849.000,8.2048,17.0000,1.1860,0.0000,5.6184,0.8889,0.0000,0.1111,1.0000,0.0000,4.6269,1.3220,1.0000
4,3,2300,2302,3,1,2,0.6667,2300.980,934.000,631.804,8.4276,14.0000,1.0980,0.9998,4.6269,0.5357,0.3214,0.1429,1.0000,0.0000,4.7921,1.6525,0.8039
3,3,2301,2302,2,2,1,0.7500,2301.667,1162.667,1021.000,7.4416,13.0000,1.0000,0.7454,4.2964,0.5333,0.2667,0.2000,0.7071,0.0000,4.6269,0.6610,1.0000
4,3,2319,2320,2,2,1,1.0000,2319.480,841.480,891.000,8.2636,13.0000,1.0400,0.6788,4.2971,0.0000,0.7500,0.2500,1.0000,0.0000,4.6276,1.6527,0.7800
3,3,2319,2320,2,2,1,0.7500,2319.366,885.317,1031.000,7.8244,15.0000,1.0976,0.7090,4.9582,0.5333,0.2667,0.2000,0.7071,0.0000,4.6276,1.4874,1.0000
4,3,2321,2322,2,1,2,1.0000,2321.434,1040.000,605.547,8.7596,16.0000,1.2075,0.6272,5.2888,0.0000,0.7500,0.2500,0.0000,0.0000,4.1319,0.9917,0.8113
3,3,2325,2326,2,1,2,0.7500,2325.381,736.000,901.690,8.0156,16.0000,1.1429,0.6921,5.2890,0.5333,0.2667,0.2000,0.7071,0.0000,4.9584,1.4875,1.0000
4,3,2330,2332,3,1,2,0.6667,2331.037,995.000,660.185,8.9256,16.0000,1.1852,0.1889,5.2892,0.5357,0.3214,0.1429,1.0000,0.0000,5.2892,1.6529,0.8148
4,3,2331,2333,3,2,1,0.6667,2331.961,1208.490,843.000,8.4298,14.0000,1.0980,0.5113,4.6281,0.7576,0.1294,0.1129,0.8507,0.0000,4.6281,0.6612,0.7843
5,3,2333,2335,3,2,1,0.8333,2334.227,936.636,596.000,9.7576,16.0000,1.2121,0.4288,5.2894,0.5854,0.2927,0.1220,0.9487,0.0000,4.9589,1.6530,0.6515
4,3,2333,2335,3,2,1,0.6667,2334.192,1056.808,899.000,8.5953,16.0000,1.2308,0.2720,5.2894,0.7500,0.1500,0.1000,0.9487,0.0000,4.7935,1.9835,0.8077
4,3,2341,2342,2,1,2,1.0000,2341.574,927.000,567.500,8.9267,17.0000,1.2593,0.6568,5.6205,0.0000,0.7500,0.2500,0.0000,0.0000,4.7940,1.6531,0.8148
4,3,2341,2342,2,3,1,0.6667,2341.255,1196.922,415.000,8.4307,14.0000,1.0980,0.9562,4.6286,0.5357,0.3214,0.1429,0.0000,0.0000,4.7939,1.3225,0.8039
3,3,2342,2343,2,2,1,0.7500,2342.333,617.333,390.000,7.4445,13.0000,1.0000,0.4714,4.2981,0.5333,0.2667,0.2000,0.7071,0.0000,3.9674,0.8266,1.0000
4,3,2343,2344,2,2,2,0.5000,2343.481,699.815,814.241,8.9269,16.0000,1.1852,0.6009,5.2901,0.5916,0.1015,0.3069,0.7071,0.7071,4.2981,1.3225,0.8148
3,3,2344,2345,2,2,1,0.7500,2344.325,871.350,529.000,7.6356,14.0000,1.0500,0.7267,4.6288,0.5333,0.2667,0.2000,0.7071,0.0000,4.6289,0.9919,1.0000
6,3,2345,2347,3,2,2,0.5000,2345.840,683.720,878.653,10.1237,15.0000,1.2000,0.4735,4.9596,0.6381,0.1455,0.2164,0.8019,0.3768,4.7942,1.3226,0.5600
4,3,2346,2347,2,2,1,1.0000,2346.451,463.471,889.000,8.4314,14.0000,1.0980,0.6518,4.6289,0.0000,0.7500,0.2500,1.0000,0.0000,4.9596,1.6532,0.8039
4,3,2347,2349,3,2,1,0.6667,2347.833,918.815,878.000,8.9275,17.0000,1.2593,0.2491,5.6210,0.7500,0.1500,0.1000,0.9487,0.0000,4.7944,0.9920,0.8148
6,3,2349,2351,3,2,2,0.5000,2350.205,891.301,648.685,9.8544,15.0000,1.2329,0.9063,4.9600,0.6381,0.1455,0.2164,0.8019,0.3768,4.4639,1.6533,0.5616
4,3,2349,2351,3,2,1,0.6667,2350.078,1011.471,852.000,8.4319,14.0000,1.0980,0.5352,4.6293,0.7576,0.1294,0.1129,0.8507,0.0000,4.7946,2.3146,0.8039
3,3,2350,2352,3,1,1,1.0000,2351.000,1086.000,571.000,7.6364,14.0000,1.0500,0.0000,4.6293,0.8889,0.0000,0.1111,1.0000,0.0000,4.6294,0.8267,1.0000
4,3,2351,2352,2,1,2,1.0000,2351.436,480.000,784.527,9.0934,16.0000,1.1636,0.6433,5.2907,0.0000,0.7500,0.2500,0.0000,0.0000,4.9601,1.9840,0.8000
4,3,2355,2356,2,2,2,0.5000,2355.265,605.265,890.204,8.1020,13.0000,1.0612,0.4271,4.2991,0.0000,0.5625,0.4375,0.4459,0.5774,4.6297,1.6535,0.7959
3,3,2358,2359,2,2,1,0.7500,2358.667,1173.667,906.000,7.4467,13.0000,1.0000,0.7454,4.2994,0.5333,0.2667,0.2000,0.7071,0.0000,4.9608,1.6536,1.0000
3,3,2360,2361,2,1,2,0.7500,2360.333,841.000,839.667,7.4469,13.0000,1.0000,0.7454,4.2996,0.5333,0.2667,0.2000,0.7071,0.0000,4.6302,1.4883,1.0000
4,3,2360,2362,3,2,1,0.6667,2360.980,1150.216,481.000,8.4337,14.0000,1.0980,1.0038,4.6302,0.5357,0.3214,0.1429,1.0000,0.0000,3.9689,0.9922,0.7843
4,3,2362,2364,3,2,1,0.6667,2363.040,946.520,870.000,8.2688,13.0000,1.0400,0.5215,4.2998,0.7576,0.1294,0.1129,0.8507,0.0000,3.9690,1.3230,0.7800
4,3,2362,2364,3,2,1,0.6667,2363.340,1046.245,346.000,8.7649,15.0000,1.1321,0.4189,4.9614,0.7500,0.1500,0.1000,0.9487,0.0000,4.9613,0.9922,0.8113
4,3,2363,2364,2,2,2,0.5000,2363.740,853.740,437.800,8.2689,14.0000,1.1200,0.4186,4.6306,0.0000,0.5625,0.4375,0.4459,0.5774,4.9613,1.9846,0.8000
3,3,2363,2364,2,1,2,0.7500,2363.667,963.000,692.333,7.4475,13.0000,1.0000,0.7454,4.2998,0.5333,0.2667,0.2000,0.7071,0.0000,4.6306,1.4884,1.0000
7,4,2374,2377,4,2,2,0.4375,2375.793,895.272,496.109,11.5044,17.0000,1.2935,0.3582,5.6244,0.8040,0.0402,0.1558,0.9650,0.0194,4.6319,1.4888,0.6413
3,3,2375,2377,3,1,1,1.0000,2375.952,574.000,793.000,8.0226,15.0000,1.0714,0.9524,4.9626,0.8889,0.0000,0.1111,1.0000,0.0000,4.3010,0.8272,1.0000
4,3,2380,2382,3,1,2,0.6667,2381.070,1020.000,791.228,9.4301,18.0000,1.2632,0.2386,5.9558,0.5357,0.3214,0.1429,1.0000,0.0000,4.9633,1.9852,0.8070
5,3,2380,2382,3,2,1,0.8333,2380.825,1195.349,565.000,9.3223,15.0000,1.1905,0.3904,4.9632,0.5854,0.2927,0.1220,0.9487,0.0000,3.9705,1.6544,0.6508
5,3,2382,2384,3,1,2,0.8333,2383.250,1092.000,548.391,9.4707,16.0000,1.2500,0.4638,5.2943,0.5854,0.2927,0.1220,0.9487,0.0000,4.6326,1.1581,0.6562
4,3,2385,2387,3,1,2,0.6667,2385.941,894.000,730.529,8.4381,14.0000,1.0980,0.5327,4.6327,0.7576,0.1294,0.1129,0.8507,0.0000,5.1290,1.3236,0.8039
5,3,2386,2387,2,1,3,0.8333,2386.391,910.000,961.703,9.4712,15.0000,1.1719,0.4906,4.9637,0.5854,0.2927,0.1220,0.3162,0.0000,4.9636,1.6545,0.6875
5,3,2389,2391,3,2,2,0.4167,2390.048,564.613,753.823,9.1756,15.0000,1.2097,0.4286,4.9639,0.1521,0.5234,0.3245,1.0000,0.0000,4.6329,1.1582,0.6613
3,3,2390,2391,2,2,1,0.7500,2390.650,1313.675,746.000,7.6424,14.0000,1.0500,0.7267,4.6329,0.5333,0.2667,0.2000,0.7071,0.0000,5.2948,1.9855,1.0000
4,3,2391,2392,2,1,2,1.0000,2391.519,772.000,321.519,8.6041,14.0000,1.0769,0.6799,4.6330,0.0000,0.7500,0.2500,0.0000,0.0000,3.9711,1.6546,0.7692
4,3,2392,2394,3,2,1,0.6667,2393.038,1180.192,920.000,8.6042,15.0000,1.1538,0.9806,4.9640,0.5357,0.3214,0.1429,1.0000,0.0000,4.7985,1.3237,0.8077
3,3,2395,2396,2,2,1,0.7500,2395.333,854.667,596.000,8.0248,14.0000,1.0000,0.7454,4.6331,0.5333,0.2667,0.2000,0.7071,0.0000,4.9640,0.8273,1.0000
3,3,2397,2398,2,1,2,0.7500,2397.317,896.000,752.341,7.8338,14.0000,1.0244,0.4660,4.6331,0.5333,0.2667,0.2000,0.7071,0.0000,4.9641,2.1511,1.0000
4,3,2399,2400,2,2,2,0.5000,2399.196,623.294,373.255,8.4389,15.0000,1.1765,0.7757,4.9641,0.0000,0.5625,0.4375,0.4459,0.5774,3.9713,1.3238,0.8039
3,3,2402,2403,2,1,2,0.7500,2402.349,1120.000,910.326,8.2158,15.0000,1.0465,0.7280,4.9640,0.5333,0.2667,0.2000,0.7071,0.0000,5.2950,1.6547,1.0000
4,3,2403,2405,3,1,2,0.6667,2403.981,421.000,597.811,8.7697,15.0000,1.1321,0.9991,4.9640,0.5357,0.3214,0.1429,1.0000,0.0000,4.9640,1.6547,0.8113
4,3,2403,2404,2,2,1,1.0000,2403.529,680.471,538.000,8.4388,14.0000,1.0980,0.6655,4.6331,0.0000,0.7500,0.2500,1.0000,0.0000,4.9640,1.9856,0.7843
3,3,2409,2410,2,2,1,0.7500,2409.350,1248.675,616.000,7.6422,14.0000,1.0500,0.7267,4.6328,0.5333,0.2667,0.2000,0.7071,0.0000,4.6328,1.3237,1.0000
3,3,2410,2411,2,1,2,0.7500,2410.317,959.000,593.341,7.8331,14.0000,1.0244,0.4660,4.6328,0.5333,0.2667,0.2000,0.7071,0.0000,4.9637,0.6618,1.0000
3,3,2410,2412,3,1,1,1.0000,2410.980,1056.000,807.000,9.5525,23.0000,1.3800,0.0200,7.6109,0.8889,0.0000,0.1111,1.0000,0.0000,5.2946,1.4891,1.0000
4,3,2411,2413,3,1,2,0.6667,2411.965,800.000,1181.754,9.4308,19.0000,1.3333,0.2481,6.2872,0.5357,0.3214,0.1429,1.0000,0.0000,4.7981,0.9927,0.8070
4,4,2411,2413,3,2,1,0.6667,2412.088,947.544,677.000,9.4308,18.0000,1.2632,1.0200,5.9562,0.7576,0.1294,0.1129,0.8507,0.0000,4.9636,1.9854,1.0000
3,3,2415,2416,2,2,1,0.7500,2415.310,1155.357,948.000,8.0236,15.0000,1.0714,0.7135,4.9633,0.5333,0.2667,0.2000,0.7071,0.0000,4.9633,1.8199,1.0000
4,3,2416,2417,2,2,2,0.5000,2416.471,1002.216,686.745,8.4374,14.0000,1.0980,0.5770,4.6324,0.5916,0.1015,0.3069,0.7071,0.7071,4.6323,1.3235,0.7843
4,3,2417,2418,2,2,1,1.0000,2417.421,955.474,835.000,9.4299,17.0000,1.1930,0.6338,5.6249,0.0000,0.7500,0.2500,1.0000,0.0000,5.4594,1.3235,0.8070
3,3,2421,2422,2,2,1,0.7500,2421.628,990.302,753.000,8.2137,16.0000,1.1163,0.6969,5.2936,0.5333,0.2667,0.2000,0.7071,0.0000,5.2935,1.6542,1.0000
3,3,2422,2423,2,1,2,0.7500,2422.659,621.000,1072.683,7.8315,14.0000,1.0244,0.7309,4.6318,0.5333,0.2667,0.2000,0.7071,0.0000,4.3009,1.1579,1.0000
5,3,2426,2427,2,2,2,0.6250,2426.556,776.810,565.556,9.3206,15.0000,1.1905,0.8084,4.9623,0.3432,0.2505,0.4063,0.6059,0.3645,4.6314,1.3233,0.6508
7,4,2426,2428,3,3,2,0.3889,2427.169,1287.225,731.888,11.1281,17.0000,1.3371,0.8013,5.6238,0.5604,0.2394,0.2002,0.3743,0.0299,4.6314,0.6616,0.6517
4,3,2429,2430,2,2,1,1.0000,2429.545,1055.455,572.000,9.0969,15.0000,1.0909,0.7100,4.9620,0.0000,0.7500,0.2500,1.0000,0.0000,5.2927,1.3232,0.8182
4,3,2435,2436,2,2,1,1.0000,2435.500,711.481,601.000,8.5999,14.0000,1.0769,0.6936,4.6307,0.0000,0.7500,0.2500,1.0000,0.0000,4.9615,2.3153,0.7692
3,3,2439,2441,3,1,1,1.0000,2440.047,1150.000,647.000,8.2111,15.0000,1.0465,0.0465,4.9612,0.8889,0.0000,0.1111,1.0000,0.0000,5.2919,0.9923,1.0000
4,3,2440,2442,3,1,2,0.6667,2441.019,1018.000,859.808,8.5993,15.0000,1.1538,0.9994,4.9611,0.5357,0.3214,0.1429,1.0000,0.0000,4.1343,1.1576,0.8077
5,3,2441,2443,3,1,2,0.8333,2441.774,728.000,979.403,9.1705,14.0000,1.1290,0.4621,4.6304,0.5854,0.2927,0.1220,0.9487,0.0000,4.6304,0.9922,0.6613
4,3,2446,2447,2,2,1,1.0000,2446.558,741.519,449.000,8.5991,15.0000,1.1538,0.6821,4.9610,0.0000,0.7500,0.2500,1.0000,0.0000,4.7956,0.3307,0.8077
4,3,2447,2448,2,2,2,0.5000,2447.250,509.500,933.788,8.5991,15.0000,1.1538,0.5977,4.9610,0.5916,0.1015,0.3069,0.5000,0.5000,4.6303,1.4883,0.7885
5,3,2448,2450,3,1,3,0.5556,2448.783,701.000,1033.767,8.8745,14.0000,1.1667,0.7967,4.6303,0.8123,0.1108,0.0769,0.7071,0.0000,4.6303,1.3229,0.6667
3,3,2448,2449,2,2,1,0.7500,2448.354,846.292,1212.000,9.1655,17.0000,1.0625,0.4588,5.6225,0.5333,0.2667,0.2000,0.7071,0.0000,5.9532,1.4883,1.0000
3,3,2450,2451,2,2,1,0.7500,2450.341,940.341,597.000,7.8289,14.0000,1.0244,0.7418,4.6303,0.5333,0.2667,0.2000,0.7071,0.0000,5.2917,0.9922,1.0000
3,3,2451,2453,3,1,1,1.0000,2452.000,907.000,954.000,8.9747,19.0000,1.2128,0.0000,6.2840,0.8889,0.0000,0.1111,1.0000,0.0000,4.9611,1.6537,1.0000
4,3,2453,2454,2,1,2,1.0000,2453.540,522.000,769.480,8.2685,14.0000,1.1200,0.6943,4.6304,0.0000,0.7500,0.2500,0.0000,0.0000,4.6304,1.3230,0.8000
4,3,2454,2455,2,2,1,1.0000,2454.556,924.463,666.000,8.9301,15.0000,1.1111,0.6418,4.9612,0.0000,0.7500,0.2500,1.0000,0.0000,5.1265,1.4883,0.8148
3,3,2454,2455,2,2,1,0.7500,2454.317,983.683,356.000,7.8291,15.0000,1.0976,0.4484,4.9611,0.5333,0.2667,0.2000,0.7071,0.0000,4.6304,1.9845,1.0000
4,3,2456,2458,3,2,1,0.6667,2456.981,982.755,913.000,8.7649,15.0000,1.1321,0.2460,4.9613,0.5357,0.3214,0.1429,1.0000,0.0000,4.6305,1.6538,0.7736
4,3,2461,2462,2,1,2,1.0000,2461.561,508.000,981.509,9.4271,17.0000,1.1930,0.6585,5.6232,0.0000,0.7500,0.2500,0.0000,0.0000,4.9616,1.4885,0.7895
4,3,2461,2463,3,2,1,0.6667,2461.981,651.204,876.000,8.9310,16.0000,1.1852,0.2045,5.2924,0.5357,0.3214,0.1429,1.0000,0.0000,5.1270,1.3231,0.7963
8,4,2462,2463,2,2,3,0.6667,2462.733,915.515,805.000,11.8119,17.0000,1.3465,0.5539,5.6233,0.4286,0.1071,0.4643,0.0000,1.0000,4.3002,1.6539,0.5842
4,3,2464,2465,2,2,1,1.0000,2464.407,914.593,852.000,9.7584,21.0000,1.4237,0.5753,6.9466,0.0000,0.7500,0.2500,1.0000,0.0000,4.9619,1.9847,0.8305
6,3,2468,2469,2,1,3,1.0000,2468.514,810.000,984.917,9.7242,14.0000,1.1667,1.0376,4.6316,0.5556,0.3333,0.1111,0.0000,0.0000,4.4661,1.6541,0.5556
8,3,2468,2470,3,2,2,0.6667,2469.104,869.385,917.760,11.2287,17.0000,1.4167,0.6678,5.6240,0.4961,0.2369,0.2670,0.9586,0.0986,3.9700,1.6541,0.4792
4,3,2469,2471,3,1,2,0.6667,2470.056,1060.000,727.185,8.9325,16.0000,1.1852,0.9624,5.2935,0.5357,0.3214,0.1429,1.0000,0.0000,4.9625,1.4888,0.8148
4,3,2470,2471,2,2,1,1.0000,2470.481,628.538,534.000,8.6018,14.0000,1.0769,0.6665,4.6318,0.0000,0.7500,0.2500,1.0000,0.0000,4.7971,1.3233,0.7885
5,3,2474,2475,2,3,2,0.4167,2474.209,1054.925,496.836,9.9139,17.0000,1.2687,0.2760,5.6247,0.4138,0.1655,0.4207,0.0000,0.7071,5.2940,1.9852,0.6866
3,3,2475,2476,2,2,1,0.7500,2475.325,789.675,556.000,7.6413,14.0000,1.0500,0.4596,4.6323,0.5333,0.2667,0.2000,0.7071,0.0000,4.6324,1.1581,1.0000
3,3,2475,2476,2,1,2,0.7500,2475.605,1148.000,1064.302,8.2145,17.0000,1.1860,0.6760,5.6249,0.5333,0.2667,0.2000,0.7071,0.0000,4.6324,1.4889,1.0000
3,3,2479,2480,2,2,1,0.7500,2479.659,533.317,615.000,7.8332,14.0000,1.0244,0.7309,4.6328,0.5333,0.2667,0.2000,0.7071,0.0000,5.2946,1.9855,1.0000
3,3,2481,2482,2,1,2,0.7500,2481.325,1034.000,574.325,7.6425,14.0000,1.0500,0.4596,4.6330,0.5333,0.2667,0.2000,0.7071,0.0000,4.9640,1.9855,1.0000
5,3,2483,2485,3,2,2,0.4167,2484.068,902.863,852.233,10.8044,17.0000,1.1644,0.2787,5.6263,0.4138,0.1655,0.4207,1.0000,0.0000,5.9571,1.6547,0.6986
3,3,2485,2485,1,2,2,0.7500,2485.000,635.675,972.675,7.6431,14.0000,1.0500,0.4596,4.6334,0.5333,0.2667,0.2000,0.0000,1.0000,4.7989,1.6548,1.0000
4,3,2487,2489,3,1,2,0.6667,2488.196,875.000,601.179,9.2674,17.0000,1.2143,0.2655,5.6266,0.7500,0.1500,0.1000,0.9487,0.0000,5.4611,1.9859,0.8214
4,3,2488,2489,2,1,2,1.0000,2488.482,958.000,781.554,9.2675,18.0000,1.2857,0.6571,5.9576,0.0000,0.7500,0.2500,0.0000,0.0000,4.1373,0.3310,0.8036
3,3,2496,2496,1,2,2,0.7500,2496.000,1038.675,990.350,7.6446,14.0000,1.0500,0.7267,4.6343,0.5333,0.2667,0.2000,0.0000,1.0000,4.6343,1.6551,1.0000
3,3,2500,2501,2,1,2,0.7500,2500.698,492.000,651.698,8.2183,17.0000,1.1860,0.4276,5.6276,0.5333,0.2667,0.2000,0.7071,0.0000,3.9724,1.3241,1.0000
5,3,2500,2501,2,2,2,0.6250,2500.613,875.597,872.161,9.1787,14.0000,1.1290,0.7294,4.6345,0.3432,0.2505,0.4063,0.6059,0.3645,3.9724,0.3310,0.6613
4,3,2501,2502,2,3,1,0.6667,2501.182,1042.255,500.000,9.1035,17.0000,1.2364,0.7673,5.6276,0.7500,0.1500,0.1000,0.3162,0.0000,4.3035,0.6621,0.8182
3,3,2504,2505,2,2,1,0.7500,2504.675,1284.650,655.000,7.6450,14.0000,1.0500,0.7267,4.6346,0.5333,0.2667,0.2000,0.7071,0.0000,4.6346,1.4897,1.0000
3,3,2505,2506,2,2,1,0.7500,2505.325,928.675,567.000,7.6450,14.0000,1.0500,0.4596,4.6346,0.5333,0.2667,0.2000,0.7071,0.0000,3.9725,0.3310,1.0000
6,3,2511,2512,2,2,2,0.7500,2511.622,943.486,675.689,10.0006,15.0000,1.2162,0.8483,4.9655,0.2000,0.3333,0.4667,0.7071,0.7071,4.9655,1.4896,0.7297
4,3,2513,2516,4,1,1,1.0000,2514.714,890.000,848.000,9.2686,17.0000,1.2143,1.2857,5.6273,0.9375,0.0000,0.0625,1.0000,0.0000,5.1309,1.4896,0.8214
4,3,2514,2516,3,2,1,0.6667,2515.107,946.554,750.000,9.2686,16.0000,1.1429,0.9982,5.2963,0.7576,0.1294,0.1129,0.8507,0.0000,5.2964,1.3241,0.8214
5,3,2514,2516,3,2,1,0.8333,2514.776,1030.537,913.000,9.9185,16.0000,1.1940,0.9440,5.2964,0.5854,0.2927,0.1220,0.9487,0.0000,4.6343,0.6620,0.6567
5,4,2516,2517,2,3,1,0.8333,2516.625,982.708,563.000,10.6585,18.0000,1.2500,0.8015,5.9583,0.5854,0.2927,0.1220,0.3162,0.0000,4.9653,0.9931,0.8611
3,3,2517,2518,2,2,1,0.7500,2517.650,604.325,666.000,7.6444,14.0000,1.0500,0.7267,4.6342,0.5333,0.2667,0.2000,0.7071,0.0000,4.6342,1.6550,1.0000
3,3,2517,2518,2,2,1,0.7500,2517.690,850.381,835.000,8.0266,16.0000,1.1429,0.6921,5.2962,0.5333,0.2667,0.2000,0.7071,0.0000,4.3032,0.6620,1.0000
3,3,2517,2518,2,2,1,0.7500,2517.325,1072.650,756.000,7.6444,14.0000,1.0500,0.7267,4.6342,0.5333,0.2667,0.2000,0.7071,0.0000,4.6342,0.3310,1.0000
4,3,2517,2518,2,2,1,1.0000,2517.500,1097.463,782.000,8.9373,16.0000,1.1852,0.6814,5.2962,0.0000,0.7500,0.2500,1.0000,0.0000,5.1307,1.8206,0.7963
4,3,2522,2523,2,3,1,0.6667,2522.434,1214.057,905.000,8.7712,17.0000,1.2830,0.4376,5.6269,0.7576,0.1294,0.1129,0.5257,0.0000,4.6339,1.6549,0.8113
4,3,2523,2524,2,2,2,0.5000,2523.212,533.288,403.250,8.6056,15.0000,1.1538,0.7833,4.9648,0.0000,0.5625,0.4375,0.4459,0.5774,4.6338,1.4894,0.7885
3,3,2526,2527,2,2,1,0.7500,2526.650,1097.325,747.000,7.6434,14.0000,1.0500,0.7267,4.6336,0.5333,0.2667,0.2000,0.7071,0.0000,3.9716,0.6619,1.0000
3,3,2528,2530,3,1,1,1.0000,2528.976,519.000,633.000,8.0252,15.0000,1.0714,0.0238,4.9643,0.8889,0.0000,0.1111,1.0000,0.0000,4.9644,1.3238,1.0000
4,3,2532,2534,3,2,1,0.6667,2533.056,941.537,509.000,8.9351,15.0000,1.1111,0.4663,4.9640,0.7576,0.1294,0.1129,0.8507,0.0000,4.9639,1.3237,0.7963
5,4,2539,2541,3,2,1,0.8333,2539.746,769.582,824.000,9.9147,15.0000,1.1194,0.6350,4.9634,0.5854,0.2927,0.1220,0.9487,0.0000,4.9635,0.8272,0.8507
3,3,2543,2544,2,1,2,0.7500,2543.674,925.000,1005.283,8.7874,18.0000,1.1739,0.4315,5.9557,0.5333,0.2667,0.2000,0.7071,0.0000,5.4595,1.6544,1.0000
4,3,2545,2546,2,3,1,0.6667,2545.444,866.926,840.000,8.9334,15.0000,1.1111,1.0271,4.9630,0.7576,0.1294,0.1129,0.5257,0.0000,4.9630,2.3161,0.7963
4,3,2550,2551,2,2,1,1.0000,2550.469,1037.531,732.000,8.1058,13.0000,1.0612,0.7084,4.3010,0.0000,0.7500,0.2500,1.0000,0.0000,4.6319,1.3234,0.7959
3,3,2551,2552,2,2,1,0.7500,2551.333,874.667,807.000,7.4495,13.0000,1.0000,0.7454,4.3010,0.5333,0.2667,0.2000,0.7071,0.0000,4.6318,0.9925,1.0000
4,3,2553,2554,2,2,2,0.5000,2553.255,578.784,673.275,8.4364,14.0000,1.0980,0.7986,4.6318,0.0000,0.5625,0.4375,0.4459,0.5774,4.6317,0.9925,0.7843
3,3,2562,2563,2,2,1,0.7500,2562.341,611.659,926.000,7.8310,14.0000,1.0244,0.7418,4.6315,0.5333,0.2667,0.2000,0.7071,0.0000,5.2932,1.8195,1.0000
3,3,2563,2564,2,2,1,0.7500,2563.333,800.667,876.000,7.4490,13.0000,1.0000,0.7454,4.3007,0.5333,0.2667,0.2000,0.7071,0.0000,4.7969,1.3233,1.0000
4,3,2565,2566,2,2,1,1.0000,2565.456,982.439,738.000,9.4284,17.0000,1.1930,0.6328,5.6240,0.0000,0.7500,0.2500,1.0000,0.0000,5.1277,1.8195,0.8070
3,3,2571,2573,3,1,1,1.0000,2572.000,452.000,946.000,8.4041,16.0000,1.0909,0.0000,5.2932,0.8889,0.0000,0.1111,1.0000,0.0000,4.6315,0.6616,1.0000
5,3,2573,2574,2,1,3,0.8333,2573.576,385.000,1191.712,9.7647,17.0000,1.2879,0.9158,5.6240,0.5854,0.2927,0.1220,0.3162,0.0000,4.9624,1.6541,0.6667
3,3,2573,2574,2,2,1,0.7500,2573.628,1097.302,1004.000,8.2131,16.0000,1.1163,0.6969,5.2932,0.5333,0.2667,0.2000,0.7071,0.0000,4.6316,0.9925,1.0000
4,3,2578,2580,3,2,1,0.6667,2578.944,967.259,852.000,8.9325,15.0000,1.1111,0.2651,4.9625,0.5357,0.3214,0.1429,1.0000,0.0000,4.3008,0.9925,0.7963
3,3,2587,2588,2,2,1,0.7500,2587.659,860.341,565.000,7.8316,14.0000,1.0244,0.7418,4.6319,0.5333,0.2667,0.2000,0.7071,0.0000,4.9627,1.4888,1.0000
4,3,2588,2589,2,1,2,1.0000,2588.519,528.000,777.538,8.6021,14.0000,1.0769,0.6947,4.6319,0.0000,0.7500,0.2500,0.0000,0.0000,4.1356,1.4888,0.7885
5,4,2589,2590,2,2,2,0.6250,2589.785,802.585,1069.646,9.6175,14.0000,1.0769,0.9557,4.6319,0.3432,0.2505,0.4063,0.5155,0.8569,5.2936,1.3234,0.8462
3,3,2590,2591,2,2,1,0.7500,2590.659,669.341,481.000,7.8318,14.0000,1.0244,0.7418,4.6320,0.5333,0.2667,0.2000,0.7071,0.0000,4.3011,1.6543,1.0000
4,3,2590,2591,2,2,2,0.5000,2590.549,818.804,931.706,8.4368,15.0000,1.1765,0.8603,4.9628,0.5916,0.1015,0.3069,0.7071,0.7071,4.6319,1.6543,0.8039
4,3,2590,2592,3,2,1,0.6667,2590.926,873.444,949.000,8.9331,15.0000,1.1111,1.0271,4.9628,0.7576,0.1294,0.1129,0.8507,0.0000,5.1282,0.9926,0.7963
5,3,2592,2594,3,3,1,0.5556,2592.815,957.738,918.000,9.6177,15.0000,1.1538,0.7612,4.9629,0.8123,0.1108,0.0769,0.7071,0.0000,4.9628,1.6543,0.6615
3,3,2593,2594,2,1,2,0.7500,2593.619,1040.000,856.690,8.0229,16.0000,1.1429,0.6921,5.2937,0.5333,0.2667,0.2000,0.7071,0.0000,4.9629,1.8197,1.0000
4,3,2593,2594,2,2,1,1.0000,2593.537,1119.481,776.000,8.9332,16.0000,1.1852,0.6680,5.2938,0.0000,0.7500,0.2500,1.0000,0.0000,4.9629,1.1580,0.7778
3,3,2595,2597,3,1,1,1.0000,2595.951,1099.000,813.000,7.8320,15.0000,1.0976,0.9512,4.9629,0.8889,0.0000,0.1111,1.0000,0.0000,4.9630,1.6543,1.0000
4,3,2597,2598,2,2,1,1.0000,2597.436,1027.491,710.000,9.0989,17.0000,1.2364,0.6568,5.6247,0.0000,0.7500,0.2500,1.0000,0.0000,4.1358,0.3309,0.8000
4,3,2600,2601,2,1,2,1.0000,2600.540,957.000,1041.480,8.2719,14.0000,1.1200,0.6943,4.6323,0.0000,0.7500,0.2500,0.0000,0.0000,4.9631,1.3235,0.8000
3,3,2601,2602,2,1,2,0.7500,2601.310,707.000,1041.667,8.0233,15.0000,1.0714,0.4549,4.9631,0.5333,0.2667,0.2000,0.7071,0.0000,5.2940,1.3235,1.0000
4,4,2607,2609,3,1,2,0.6667,2608.000,810.000,1129.466,9.5958,18.0000,1.2414,0.4655,5.9560,0.7576,0.1294,0.1129,0.8507,0.0000,5.1288,1.3236,1.0000
7,3,2607,2609,3,3,2,0.3889,2607.878,913.134,655.122,10.2553,15.0000,1.2805,0.8829,4.9633,0.4000,0.4045,0.1955,0.0440,0.0753,3.9707,1.6544,0.5122
4,3,2608,2609,2,2,1,1.0000,2608.520,551.540,724.000,8.2722,14.0000,1.1200,0.6943,4.6324,0.0000,0.7500,0.2500,1.0000,0.0000,4.6325,1.9853,0.8000
5,3,2609,2611,3,2,2,0.4167,2609.590,927.213,890.836,9.0267,14.0000,1.1475,0.4902,4.6325,0.6338,0.1686,0.1975,0.9585,0.2851,4.6325,1.3236,0.6557
5,3,2609,2611,3,3,1,0.5556,2609.565,963.032,781.000,9.1747,14.0000,1.1290,0.5654,4.6325,0.3318,0.5530,0.1152,1.0000,0.0000,4.6325,0.6618,0.6452
5,3,2612,2614,3,1,3,0.5556,2613.062,787.000,1114.953,9.4708,17.0000,1.3281,0.0781,5.6253,0.0000,0.8276,0.1724,0.0000,0.0000,4.6326,1.4890,0.6875
4,3,2617,2618,2,1,2,1.0000,2617.462,518.000,826.538,8.6035,14.0000,1.0769,0.7092,4.6327,0.0000,0.7500,0.2500,0.0000,0.0000,4.9636,0.9927,0.8077
3,3,2617,2618,2,2,1,0.7500,2617.317,1224.659,978.000,7.8330,14.0000,1.0244,0.7309,4.6327,0.5333,0.2667,0.2000,0.7071,0.0000,4.9636,1.6545,1.0000
8,3,2618,2620,3,2,2,0.6667,2618.904,785.769,1107.375,12.1673,17.0000,1.3077,0.6731,5.6254,0.4961,0.2369,0.2670,0.9586,0.0986,4.3018,1.6545,0.5769
3,3,2618,2620,3,1,1,1.0000,2618.977,908.000,930.000,8.4062,17.0000,1.1591,0.0227,5.6254,0.8889,0.0000,0.1111,1.0000,0.0000,4.9636,1.6545,1.0000
4,4,2618,2620,3,1,2,0.6667,2619.034,1003.000,876.780,9.7618,18.0000,1.2203,0.2229,5.9563,0.5357,0.3214,0.1429,1.0000,0.0000,4.9636,1.1582,1.0000
4,3,2619,2620,2,1,2,1.0000,2619.490,701.000,1215.490,8.4381,13.0000,1.0196,0.6932,4.3018,0.0000,0.7500,0.2500,0.0000,0.0000,4.9636,1.3236,0.7647
4,3,2620,2621,2,2,2,0.5000,2620.796,355.735,590.735,8.1073,13.0000,1.0612,0.8073,4.3018,0.0000,0.5625,0.4375,0.4459,0.5774,4.9636,1.9855,0.7959
3,3,2624,2625,2,1,2,0.7500,2624.326,683.000,1010.326,8.7884,16.0000,1.0435,0.4612,5.2946,0.5333,0.2667,0.2000,0.7071,0.0000,5.2946,2.3164,1.0000
3,3,2624,2625,2,2,1,0.7500,2624.717,897.696,499.000,8.7884,19.0000,1.2391,0.4153,6.2874,0.5333,0.2667,0.2000,0.7071,0.0000,5.2946,0.9927,1.0000
4,3,2624,2625,2,2,1,1.0000,2624.481,971.481,540.000,8.9347,14.0000,1.0370,0.6809,4.6328,0.0000,0.7500,0.2500,1.0000,0.0000,4.9637,1.3237,0.7778
4,3,2626,2627,2,2,2,0.5000,2626.255,1033.745,622.784,8.4383,14.0000,1.0980,0.4201,4.6328,0.0000,0.5625,0.4375,0.4459,0.5774,4.6328,1.3237,0.7843
3,3,2631,2632,2,1,2,0.7500,2631.326,421.000,1186.302,8.2154,16.0000,1.1163,0.4443,5.2947,0.5333,0.2667,0.2000,0.7071,0.0000,4.3019,0.9928,1.0000
5,3,2632,2633,2,2,2,0.6250,2632.610,930.220,660.339,8.7315,13.0000,1.1017,0.7320,4.3019,0.3432,0.2505,0.4063,0.6059,0.3645,4.9638,1.9855,0.6610
5,3,2636,2637,2,1,3,0.8333,2636.452,504.000,873.242,9.1754,14.0000,1.1290,0.5994,4.6328,0.5854,0.2927,0.1220,0.3162,0.0000,4.6328,1.1582,0.6613
4,3,2636,2637,2,2,1,1.0000,2636.436,961.491,995.000,9.1002,16.0000,1.1636,0.6705,5.2947,0.0000,0.7500,0.2500,1.0000,0.0000,4.3019,1.3237,0.8000
3,3,2639,2640,2,1,2,0.7500,2639.675,597.000,1048.350,7.6422,14.0000,1.0500,0.7267,4.6328,0.5333,0.2667,0.2000,0.7071,0.0000,4.9637,1.6546,1.0000
4,3,2644,2645,2,1,2,1.0000,2644.490,355.000,864.490,8.4382,13.0000,1.0196,0.6932,4.3018,0.0000,0.7500,0.2500,0.0000,0.0000,4.6327,0.9927,0.7647
3,3,2649,2651,3,1,1,1.0000,2650.000,884.000,1151.000,8.5970,17.0000,1.1333,0.0000,5.6253,0.8889,0.0000,0.1111,1.0000,0.0000,4.9635,-0.3309,1.0000
5,3,2649,2650,2,3,1,0.8333,2649.354,1227.831,727.000,9.6189,17.0000,1.3077,0.3922,5.6253,0.5854,0.2927,0.1220,0.3162,0.0000,4.6326,1.4890,0.6615
3,3,2650,2651,2,1,2,0.7500,2650.333,933.000,1077.667,7.4507,13.0000,1.0000,0.7454,4.3017,0.5333,0.2667,0.2000,0.7071,0.0000,4.6326,1.1581,1.0000
4,3,2650,2652,3,1,2,0.6667,2651.038,1017.000,827.509,8.7688,14.0000,1.0566,0.5108,4.6326,0.7576,0.1294,0.1129,0.8507,0.0000,4.7980,0.9927,0.7736
3,3,2658,2659,2,1,2,0.7500,2658.366,700.000,1223.317,7.8323,15.0000,1.0976,0.7090,4.9631,0.5333,0.2667,0.2000,0.7071,0.0000,4.6323,1.3235,1.0000
4,3,2661,2663,3,2,1,0.6667,2662.055,939.564,623.000,9.0987,18.0000,1.3091,0.4398,5.9555,0.7576,0.1294,0.1129,0.8507,0.0000,4.1358,1.1580,0.8182
3,3,2670,2671,2,2,1,0.7500,2670.364,672.705,920.000,8.4042,16.0000,1.0909,0.7016,5.2932,0.5333,0.2667,0.2000,0.7071,0.0000,5.6241,1.6541,1.0000
4,3,2672,2674,3,1,2,0.6667,2673.036,527.000,1056.818,9.0975,17.0000,1.2364,0.1854,5.6239,0.5357,0.3214,0.1429,1.0000,0.0000,4.9623,1.8195,0.8182
4,3,2673,2674,2,1,2,1.0000,2673.500,446.000,808.462,8.6012,15.0000,1.1538,0.6805,4.9622,0.0000,0.7500,0.2500,0.0000,0.0000,4.6315,0.9924,0.7885
5,3,2675,2676,2,3,1,0.8333,2675.371,971.145,877.000,9.1724,14.0000,1.1290,0.3984,4.6313,0.5854,0.2927,0.1220,0.3162,0.0000,4.9621,1.8194,0.6452
3,3,2677,2678,2,2,1,0.7500,2677.326,1118.698,692.000,8.2125,16.0000,1.1163,0.4443,5.2928,0.5333,0.2667,0.2000,0.7071,0.0000,4.9620,0.6616,1.0000
3,3,2678,2679,2,1,2,0.7500,2678.333,595.000,970.333,7.4484,13.0000,1.0000,0.4714,4.3004,0.5333,0.2667,0.2000,0.7071,0.0000,3.8042,0.3308,1.0000
4,3,2679,2680,2,2,1,1.0000,2679.509,1217.455,871.000,9.0968,15.0000,1.0909,0.6825,4.9619,0.0000,0.7500,0.2500,1.0000,0.0000,4.9618,0.9924,0.7818
4,3,2681,2683,3,1,2,0.6667,2682.038,676.000,1003.462,8.6003,15.0000,1.1538,0.4631,4.9617,0.7576,0.1294,0.1129,0.8507,0.0000,4.6309,2.3155,0.7885
4,3,2684,2686,3,1,2,0.6667,2685.103,618.000,1136.569,9.5924,17.0000,1.1724,0.9948,5.6231,0.7576,0.1294,0.1129,0.8507,0.0000,5.2924,0.9923,0.8103
3,3,2684,2685,2,2,1,0.7500,2684.333,1101.333,877.000,7.4479,13.0000,1.0000,0.4714,4.3001,0.5333,0.2667,0.2000,0.7071,0.0000,4.6308,1.3231,1.0000
4,3,2685,2686,2,2,2,0.5000,2685.735,753.204,1140.735,8.1039,13.0000,1.0612,0.8073,4.3000,0.0000,0.5625,0.4375,0.4459,0.5774,4.6308,1.9846,0.7959
4,3,2687,2689,3,2,1,0.6667,2687.981,567.519,462.000,8.9306,16.0000,1.1852,0.4818,5.2922,0.7576,0.1294,0.1129,0.8507,0.0000,4.6307,1.3230,0.7778
4,3,2689,2690,2,1,2,1.0000,2689.519,489.000,861.463,8.9305,15.0000,1.1111,0.6951,4.9614,0.0000,0.7500,0.2500,0.0000,0.0000,5.2921,2.1499,0.7963
4,3,2690,2691,2,1,2,1.0000,2690.549,443.000,1094.529,8.4343,14.0000,1.0980,0.6955,4.6306,0.0000,0.7500,0.2500,0.0000,0.0000,4.7960,1.8192,0.8039
3,3,2693,2694,2,2,1,0.7500,2693.650,887.675,718.000,7.6383,14.0000,1.0500,0.7267,4.6305,0.5333,0.2667,0.2000,0.7071,0.0000,4.7959,1.3230,1.0000
3,3,2695,2696,2,2,1,0.7500,2695.325,802.675,908.000,7.6383,14.0000,1.0500,0.4596,4.6305,0.5333,0.2667,0.2000,0.7071,0.0000,4.6305,1.4884,1.0000
4,3,2695,2697,3,2,1,0.6667,2696.055,829.818,994.000,9.0955,16.0000,1.1636,0.1898,5.2919,0.5357,0.3214,0.1429,1.0000,0.0000,5.4573,1.3230,0.8182
4,3,2700,2701,2,2,2,0.5000,2700.740,650.740,684.200,8.2685,14.0000,1.1200,0.4186,4.6304,0.0000,0.5625,0.4375,0.4459,0.5774,4.6304,0.9922,0.8000
4,3,2702,2704,3,2,1,0.6667,2702.942,966.250,794.000,8.5993,16.0000,1.2308,0.2566,5.2919,0.5357,0.3214,0.1429,1.0000,0.0000,4.9611,2.1498,0.8077
3,3,2704,2705,2,2,1,0.7500,2704.317,1209.317,718.000,7.8291,15.0000,1.0976,0.4484,4.9611,0.5333,0.2667,0.2000,0.7071,0.0000,4.6304,2.6459,1.0000
3,3,2707,2708,2,2,1,0.7500,2707.317,1019.683,948.000,7.8291,15.0000,1.0976,0.4484,4.9611,0.5333,0.2667,0.2000,0.7071,0.0000,4.9611,2.3152,1.0000
3,3,2707,2708,2,2,1,0.7500,2707.644,1026.711,913.000,8.5930,16.0000,1.0667,0.7062,5.2919,0.5333,0.2667,0.2000,0.7071,0.0000,5.6226,1.1576,1.0000
5,3,2709,2711,3,1,2,0.8333,2710.222,670.000,640.429,9.3186,15.0000,1.1905,0.4828,4.9612,0.5854,0.2927,0.1220,0.9487,0.0000,4.7958,1.4884,0.6667
3,3,2709,2710,2,1,2,0.7500,2709.325,852.000,1258.350,7.6382,14.0000,1.0500,0.7267,4.6304,0.5333,0.2667,0.2000,0.7071,0.0000,4.6304,1.3230,1.0000
4,3,2712,2713,2,1,2,1.0000,2712.469,608.000,838.531,8.1033,13.0000,1.0612,0.7084,4.2997,0.0000,0.7500,0.2500,0.0000,0.0000,4.6305,1.6537,0.7959
6,4,2712,2713,2,2,2,0.7500,2712.697,832.342,848.500,10.2621,14.0000,1.1053,0.6772,4.6305,0.2000,0.3333,0.4667,0.7071,0.7071,4.6305,1.4884,0.6974
5,3,2714,2715,2,2,2,0.6250,2714.385,995.585,917.169,9.6145,16.0000,1.2308,0.5909,5.2920,0.3432,0.2505,0.4063,0.6059,0.3645,4.6305,1.6537,0.6615
4,4,2716,2717,2,2,2,0.5000,2716.737,844.491,877.737,9.4265,15.0000,1.0526,0.9238,4.9613,0.5916,0.1015,0.3069,0.5000,0.5000,5.1267,1.6538,1.0000
5,3,2716,2717,2,3,1,0.8333,2716.617,1083.267,992.000,8.8750,14.0000,1.1667,0.4670,4.6306,0.5854,0.2927,0.1220,0.3162,0.0000,4.6305,1.4884,0.6667
5,3,2717,2718,2,3,1,0.8333,2717.631,691.200,842.000,9.6147,17.0000,1.3077,0.4199,5.6228,0.5854,0.2927,0.1220,0.3162,0.0000,4.6306,1.3230,0.6615
5,3,2717,2718,2,2,2,0.6250,2717.574,942.607,622.164,9.0230,14.0000,1.1475,0.6028,4.6306,0.3432,0.2505,0.4063,0.6059,0.3645,4.6306,0.9923,0.6557
3,3,2726,2727,2,2,1,0.7500,2726.333,893.333,657.000,7.4477,13.0000,1.0000,0.4714,4.2999,0.5333,0.2667,0.2000,0.7071,0.0000,4.6307,1.8192,1.0000
4,3,2729,2731,3,1,2,0.6667,2730.115,526.000,594.558,8.5999,16.0000,1.2308,0.9890,5.2922,0.7576,0.1294,0.1129,0.8507,0.0000,4.9615,1.6538,0.8077
4,3,2729,2731,3,1,2,0.6667,2729.944,939.000,872.259,8.9307,17.0000,1.2593,0.2651,5.6230,0.5357,0.3214,0.1429,1.0000,0.0000,4.7961,0.9923,0.8148
7,3,2732,2734,3,2,2,0.5833,2732.837,1049.652,490.739,11.5016,19.0000,1.4457,0.4643,6.2845,0.3883,0.1309,0.4808,0.9235,0.3259,4.2999,1.6538,0.5217
3,3,2734,2736,3,1,1,1.0000,2734.913,504.000,1189.000,8.7844,17.0000,1.1087,0.9130,5.6230,0.8889,0.0000,0.1111,1.0000,0.0000,5.6229,0.9923,1.0000
3,3,2735,2736,2,1,2,0.7500,2735.643,847.000,1046.690,8.0205,15.0000,1.0714,0.7135,4.9614,0.5333,0.2667,0.2000,0.7071,0.0000,5.2921,1.4884,1.0000
4,3,2735,2737,3,1,2,0.6667,2736.000,985.000,858.196,9.2612,19.0000,1.3571,0.1964,6.2844,0.5357,0.3214,0.1429,1.0000,0.0000,4.6306,1.6538,0.8036
4,3,2736,2737,2,2,1,1.0000,2736.549,737.529,432.000,8.4343,14.0000,1.0980,0.6955,4.6306,0.0000,0.7500,0.2500,1.0000,0.0000,5.1267,2.3153,0.8039
3,3,2737,2738,2,1,2,0.7500,2737.667,814.000,1063.333,7.4475,13.0000,1.0000,0.7454,4.2998,0.5333,0.2667,0.2000,0.7071,0.0000,4.6305,1.1576,1.0000
7,3,2738,2739,2,2,2,0.8750,2738.571,288.405,590.464,10.5010,14.0000,1.1667,0.7966,4.6305,0.0000,0.3318,0.6682,0.7788,0.5774,4.2998,1.6538,0.4762
4,3,2741,2742,2,1,2,1.0000,2741.469,500.000,779.469,8.1031,13.0000,1.0612,0.6638,4.2997,0.0000,0.7500,0.2500,0.0000,0.0000,4.6304,1.4883,0.7959
3,3,2744,2745,2,2,1,0.7500,2744.705,923.636,795.000,8.4015,16.0000,1.0909,0.7016,5.2915,0.5333,0.2667,0.2000,0.7071,0.0000,5.2916,1.6536,1.0000
6,4,2747,2748,2,2,2,0.7500,2747.467,1082.307,620.693,10.1257,15.0000,1.2000,0.6874,4.9605,0.2000,0.3333,0.4667,0.0000,0.0000,4.6299,0.8268,0.7333
4,3,2757,2759,3,2,1,0.6667,2758.056,663.444,529.000,8.9262,16.0000,1.1852,0.4479,5.2896,0.7576,0.1294,0.1129,0.8507,0.0000,4.7936,1.6530,0.7963
3,3,2757,2758,2,1,2,0.7500,2757.711,761.000,815.311,8.5894,18.0000,1.2000,0.4246,5.9508,0.5333,0.2667,0.2000,0.7071,0.0000,4.9590,1.3225,1.0000
3,3,2760,2761,2,2,1,0.7500,2760.302,388.349,522.000,8.2068,15.0000,1.0465,0.4616,4.9586,0.5333,0.2667,0.2000,0.7071,0.0000,5.2892,1.9834,1.0000
27,15,2761,2764,4,3,6,0.3750,2762.751,393.247,1010.410,27.6077,31.0000,1.9286,0.9887,10.2466,0.4174,0.2901,0.2925,0.2982,0.4115,5.6193,1.6526,0.7028
4,3,2762,2764,3,2,1,0.6667,2763.017,816.483,599.000,9.5855,17.0000,1.1724,0.4831,5.6191,0.7576,0.1294,0.1129,0.8507,0.0000,5.1232,0.6611,0.7931
4,3,2763,2764,2,2,2,0.5000,2763.735,282.204,1088.265,8.0979,13.0000,1.0612,0.8073,4.2970,0.0000,0.5625,0.4375,0.4459,0.5774,4.7925,1.6526,0.7959
4,4,2771,2772,2,2,2,0.5000,2771.500,512.232,614.732,9.2515,15.0000,1.0714,0.6129,4.9563,0.5916,0.1015,0.3069,0.7071,0.7071,4.9562,2.3128,1.0000
3,3,2772,2773,2,1,2,0.7500,2772.651,645.000,951.302,8.2023,15.0000,1.0465,0.7179,4.9560,0.5333,0.2667,0.2000,0.7071,0.0000,5.6166,1.3216,1.0000
5,3,2772,2774,3,2,1,0.8333,2772.767,927.550,382.000,8.8653,14.0000,1.1667,0.9435,4.6256,0.5854,0.2927,0.1220,0.9487,0.0000,4.6254,0.9912,0.6667
3,3,2778,2780,3,1,1,1.0000,2779.023,973.000,1004.000,8.1999,16.0000,1.1163,0.0233,5.2847,0.8889,0.0000,0.1111,1.0000,0.0000,4.2937,0.6606,1.0000
4,3,2781,2782,2,2,2,0.5000,2781.500,1004.250,687.231,8.5868,14.0000,1.0769,0.6048,4.6237,0.5916,0.1015,0.3069,0.7071,0.7071,4.9538,1.9815,0.7692
6,4,2782,2784,3,2,2,0.5000,2782.667,714.128,984.551,10.5161,16.0000,1.2308,0.5735,5.2838,0.6373,0.1269,0.2358,0.8795,0.0724,4.7885,0.9907,0.7436
4,3,2783,2785,3,2,1,0.6667,2783.889,759.463,858.000,8.9162,16.0000,1.1852,1.0022,5.2838,0.7576,0.1294,0.1129,0.8507,0.0000,4.9534,1.6511,0.8148
4,3,2784,2785,2,3,1,0.6667,2784.755,730.943,588.000,8.7507,17.0000,1.2830,0.2517,5.6136,0.5357,0.3214,0.1429,0.0000,0.0000,4.9533,1.6512,0.8113
4,3,2785,2786,2,2,2,0.5000,2785.558,692.808,1046.288,8.5854,15.0000,1.1538,0.8596,4.9530,0.5916,0.1015,0.3069,0.7071,0.7071,4.7880,0.9907,0.8077
3,3,2786,2787,2,1,2,0.7500,2786.341,857.000,779.317,7.8162,14.0000,1.0244,0.4660,4.6228,0.5333,0.2667,0.2000,0.7071,0.0000,5.1179,1.4859,1.0000
3,3,2786,2787,2,2,1,0.7500,2786.650,1095.675,918.000,7.6255,14.0000,1.0500,0.7267,4.6228,0.5333,0.2667,0.2000,0.7071,0.0000,4.6227,1.3208,1.0000
4,3,2787,2788,2,1,2,1.0000,2787.480,489.000,889.520,8.2546,13.0000,1.0400,0.7077,4.2925,0.0000,0.7500,0.2500,0.0000,0.0000,4.6225,1.1556,0.7800
5,4,2790,2791,2,2,3,0.4167,2790.569,597.200,800.462,9.5971,15.0000,1.1538,0.8087,4.9524,0.6999,0.1281,0.1720,0.4304,0.6887,4.6221,1.9809,0.8308
4,3,2790,2791,2,1,2,1.0000,2790.481,662.000,713.444,8.9141,15.0000,1.1111,0.6553,4.9524,0.0000,0.7500,0.2500,0.0000,0.0000,4.9523,0.8254,0.7963
5,3,2792,2794,3,2,2,0.4167,2793.159,493.810,905.206,9.3012,14.0000,1.1111,0.3226,4.6218,0.6489,0.0995,0.2515,0.9362,0.2726,4.9519,1.9807,0.6349
4,3,2796,2798,3,1,2,0.6667,2797.038,482.000,712.519,8.5826,14.0000,1.0769,0.5207,4.6214,0.7576,0.1294,0.1129,0.8507,0.0000,4.7865,2.1457,0.7885
4,3,2796,2798,3,2,1,0.6667,2796.945,706.273,1088.000,9.0778,17.0000,1.2364,0.2781,5.6117,0.5357,0.3214,0.1429,1.0000,0.0000,4.9516,1.3204,0.8182
4,3,2797,2799,3,1,2,0.6667,2798.000,687.000,883.796,8.9126,17.0000,1.2593,0.2037,5.6116,0.5357,0.3214,0.1429,1.0000,0.0000,4.6214,1.6505,0.7963
3,3,2798,2799,2,1,2,0.7500,2798.675,286.000,985.325,7.6232,14.0000,1.0500,0.4596,4.6213,0.5333,0.2667,0.2000,0.7071,0.0000,4.6214,1.3204,1.0000
5,3,2799,2801,3,1,2,0.8333,2800.217,647.000,1109.383,8.8572,14.0000,1.1667,0.4403,4.6212,0.5854,0.2927,0.1220,0.9487,0.0000,4.6212,0.9903,0.6667
4,3,2800,2801,2,2,2,0.5000,2800.741,862.204,917.259,8.9123,15.0000,1.1111,0.4194,4.9513,0.0000,0.5625,0.4375,0.4459,0.5774,4.9513,1.8155,0.7963
3,3,2804,2806,3,1,1,1.0000,2805.000,437.000,608.000,7.6229,14.0000,1.0500,0.0000,4.6211,0.8889,0.0000,0.1111,1.0000,0.0000,4.2910,0.8252,1.0000
3,3,2814,2815,2,2,1,0.7500,2814.674,632.302,902.000,8.1953,16.0000,1.1163,0.4443,5.2818,0.5333,0.2667,0.2000,0.7071,0.0000,4.9516,1.6506,1.0000
4,3,2815,2816,2,1,2,1.0000,2815.466,478.000,1065.448,9.5733,17.0000,1.1724,0.6463,5.6119,0.0000,0.7500,0.2500,0.0000,0.0000,5.4469,2.3107,0.7931
13,6,2821,2823,3,4,3,0.3611,2822.228,976.455,239.150,15.2926,18.0000,1.4012,0.5304,5.9430,0.5956,0.2129,0.1915,0.3499,0.3870,4.2923,1.3206,0.5269
6,3,2822,2824,3,2,2,0.5000,2823.189,679.473,1050.135,9.9748,15.0000,1.2162,0.5270,4.9527,0.3810,0.3333,0.2857,0.9487,0.1690,3.9622,0.4953,0.5946
6,3,2822,2824,3,2,2,0.5000,2822.795,1042.301,886.630,9.8399,14.0000,1.1507,0.7281,4.6225,0.6381,0.1455,0.2164,0.8019,0.3768,4.2923,1.1556,0.5479
6,6,2823,2825,3,2,2,0.5000,2823.988,486.547,715.465,11.5926,19.0000,1.3256,0.6497,6.2735,0.6168,0.1058,0.2774,0.7071,0.7071,4.7877,1.9810,1.0000
3,3,2824,2825,2,2,1,0.7500,2824.325,641.325,815.000,7.6254,14.0000,1.0500,0.4596,4.6226,0.5333,0.2667,0.2000,0.7071,0.0000,4.6227,1.6509,1.0000
3,3,2829,2830,2,2,1,0.7500,2829.659,553.341,518.000,7.8175,14.0000,1.0244,0.7418,4.6236,0.5333,0.2667,0.2000,0.7071,0.0000,5.2839,1.8164,1.0000
3,3,2829,2830,2,2,1,0.7500,2829.667,851.333,1018.000,7.4361,13.0000,1.0000,0.7454,4.2933,0.5333,0.2667,0.2000,0.7071,0.0000,4.6236,1.3210,1.0000
4,3,2832,2833,2,2,2,0.5000,2832.231,898.750,607.250,8.5873,14.0000,1.0769,0.4222,4.6239,0.0000,0.5625,0.4375,0.4459,0.5774,4.9542,1.6514,0.7692
4,3,2833,2834,2,2,2,0.5000,2833.740,781.520,1016.220,8.2575,13.0000,1.0400,0.9091,4.2939,0.5916,0.1015,0.3069,0.5000,0.5000,4.6242,1.6515,0.7800
3,3,2836,2837,2,2,1,0.7500,2836.689,1002.311,984.000,8.5824,17.0000,1.1333,0.4400,5.6158,0.5333,0.2667,0.2000,0.7071,0.0000,4.2945,0.8258,1.0000
3,3,2837,2839,3,1,1,1.0000,2838.000,695.000,1052.000,8.2014,15.0000,1.0465,1.0000,4.9555,0.8889,0.0000,0.1111,1.0000,0.0000,5.2855,1.6518,1.0000
5,3,2840,2842,3,2,2,0.4167,2841.061,675.848,1126.621,9.7520,16.0000,1.2121,1.0242,5.2865,0.5461,0.2256,0.2283,0.8117,0.4177,4.6255,1.6521,0.6667
5,4,2840,2842,3,1,2,0.8333,2840.788,909.000,761.379,9.7519,14.0000,1.0606,0.8742,4.6255,0.5854,0.2927,0.1220,0.9487,0.0000,4.9560,1.6519,0.8182
5,3,2843,2844,2,2,2,0.6250,2843.182,554.364,406.364,9.7528,16.0000,1.2121,0.5455,5.2867,0.3432,0.2505,0.4063,0.5155,0.8569,4.9563,0.9913,0.6667
3,3,2843,2844,2,1,2,0.7500,2843.317,850.000,751.341,7.8216,14.0000,1.0244,0.4660,4.6259,0.5333,0.2667,0.2000,0.7071,0.0000,4.9563,1.3217,1.0000
3,3,2844,2846,3,1,1,1.0000,2844.977,530.000,1010.000,8.3945,17.0000,1.1591,0.0227,5.6176,0.8889,0.0000,0.1111,1.0000,0.0000,4.6261,0.6609,1.0000
3,3,2846,2847,2,1,2,0.7500,2846.310,555.000,897.690,8.0134,16.0000,1.1429,0.4377,5.2874,0.5333,0.2667,0.2000,0.7071,0.0000,4.6266,1.3219,1.0000
3,3,2846,2847,2,1,2,0.7500,2846.295,611.000,1124.682,8.3949,17.0000,1.1591,0.4342,5.6178,0.5333,0.2667,0.2000,0.7071,0.0000,5.2873,0.9915,1.0000
3,3,2849,2850,2,2,1,0.7500,2849.674,385.349,731.000,8.2052,15.0000,1.0465,0.7280,4.9577,0.5333,0.2667,0.2000,0.7071,0.0000,4.9577,1.8178,1.0000
4,4,2849,2850,2,2,2,0.5000,2849.517,1089.741,811.259,9.5847,15.0000,1.0345,0.9402,4.9577,0.5916,0.1015,0.3069,0.7071,0.7071,5.2881,1.3220,1.0000
3,3,2862,2863,2,1,2,0.7500,2862.683,836.000,1066.634,7.8274,15.0000,1.0976,0.7090,4.9601,0.5333,0.2667,0.2000,0.7071,0.0000,4.6294,1.9840,1.0000
4,3,2864,2865,2,1,2,1.0000,2864.531,664.000,1104.469,8.1019,13.0000,1.0612,0.7084,4.2990,0.0000,0.7500,0.2500,0.0000,0.0000,4.6297,0.9921,0.7959
3,3,2866,2867,2,2,1,0.7500,2866.310,717.310,1019.000,8.0193,16.0000,1.1429,0.4377,5.2913,0.5333,0.2667,0.2000,0.7071,0.0000,4.6300,2.3149,1.0000
3,3,2868,2869,2,1,2,0.7500,2868.643,496.000,973.310,8.0199,15.0000,1.0714,0.7135,4.9609,0.5333,0.2667,0.2000,0.7071,0.0000,4.2996,1.3229,1.0000
6,3,2871,2873,3,2,2,0.5000,2872.253,558.722,1073.722,10.6678,19.0000,1.4430,0.4682,6.2845,0.6075,0.1449,0.2475,0.8795,0.4086,4.4654,1.6538,0.5949
4,3,2871,2872,2,1,2,1.0000,2871.540,747.000,1024.460,8.2690,14.0000,1.1200,0.6505,4.6307,0.0000,0.7500,0.2500,0.0000,0.0000,4.6306,1.3230,0.8000
4,3,2876,2877,2,2,2,0.5000,2876.778,900.741,1105.481,8.9317,14.0000,1.0370,0.9110,4.6313,0.5916,0.1015,0.3069,0.5000,0.5000,4.9621,1.3232,0.7778
5,3,2881,2882,2,1,3,0.8333,2881.459,534.000,824.246,9.0252,15.0000,1.2295,0.9281,4.9626,0.5854,0.2927,0.1220,0.3162,0.0000,4.6316,0.6617,0.6721
4,3,2881,2882,2,1,2,1.0000,2881.517,604.000,850.466,9.5942,18.0000,1.2414,0.6706,5.9551,0.0000,0.7500,0.2500,0.0000,0.0000,4.9625,1.6542,0.7931
5,3,2882,2883,2,2,3,0.4167,2882.435,560.839,1037.032,9.1733,14.0000,1.1290,0.4655,4.6318,0.5461,0.2256,0.2283,0.5716,0.7118,4.9626,1.6542,0.6613
3,3,2882,2884,3,1,1,1.0000,2883.000,622.000,1065.000,7.6405,14.0000,1.0500,0.0000,4.6318,0.8889,0.0000,0.1111,1.0000,0.0000,4.6319,0.9925,1.0000
4,4,2889,2890,2,2,1,1.0000,2889.525,1044.525,618.000,9.7604,17.0000,1.1525,0.6712,5.6247,0.0000,0.7500,0.2500,1.0000,0.0000,4.9629,0.9926,1.0000
5,3,2891,2892,2,1,3,0.8333,2891.348,584.000,1112.742,9.7658,17.0000,1.2879,0.4333,5.6247,0.5854,0.2927,0.1220,0.3162,0.0000,4.9629,1.6543,0.6818
3,3,2891,2893,3,1,1,1.0000,2891.975,882.000,1063.000,7.6410,14.0000,1.0500,0.9750,4.6321,0.8889,0.0000,0.1111,1.0000,0.0000,4.9630,1.3235,1.0000
4,3,2892,2894,3,1,2,0.6667,2893.321,710.000,1100.245,8.7679,16.0000,1.2075,0.4038,5.2938,0.7500,0.1500,0.1000,0.9487,0.0000,4.7975,0.6617,0.8113
5,3,2895,2896,2,1,3,0.8333,2895.617,803.000,952.217,8.8779,14.0000,1.1667,0.4403,4.6320,0.5854,0.2927,0.1220,0.3162,0.0000,4.6320,1.3234,0.6667
3,3,2896,2897,2,1,2,0.7500,2896.333,459.000,805.310,8.0229,15.0000,1.0714,0.4549,4.9629,0.5333,0.2667,0.2000,0.7071,0.0000,4.9628,1.6543,1.0000
3,3,2897,2898,2,1,2,0.7500,2897.674,700.000,1209.651,8.2138,15.0000,1.0465,0.7280,4.9628,0.5333,0.2667,0.2000,0.7071,0.0000,4.3011,0.6617,1.0000
4,3,2897,2898,2,1,2,1.0000,2897.536,1143.000,877.500,9.2639,17.0000,1.2143,0.6823,5.6245,0.0000,0.7500,0.2500,0.0000,0.0000,4.9628,0.9926,0.8036
4,3,2899,2900,2,2,1,1.0000,2899.480,518.480,509.000,8.2711,13.0000,1.0400,0.6788,4.3010,0.0000,0.7500,0.2500,1.0000,0.0000,4.9626,1.1580,0.7800
5,3,2899,2901,3,2,2,0.4167,2900.014,962.425,835.658,10.8009,19.0000,1.3014,0.6697,6.2860,0.7383,0.0485,0.2132,0.7071,0.0000,4.9626,1.6542,0.6849
4,3,2900,2901,2,1,2,1.0000,2900.473,703.000,926.436,9.0981,16.0000,1.1636,0.6433,5.2935,0.0000,0.7500,0.2500,0.0000,0.0000,4.9626,1.6542,0.8000
3,3,2900,2900,1,2,2,0.7500,2900.000,707.650,924.325,7.6405,14.0000,1.0500,0.7267,4.6318,0.5333,0.2667,0.2000,0.0000,1.0000,4.9627,2.1505,1.0000
3,3,2901,2901,1,1,3,1.0000,2901.000,879.000,1251.000,7.6404,14.0000,1.0500,0.0000,4.6317,0.8889,0.0000,0.1111,0.0000,1.0000,4.3009,1.3234,1.0000
5,3,2902,2904,3,1,2,0.8333,2903.258,508.000,1238.591,9.7646,15.0000,1.1364,0.8477,4.9623,0.5854,0.2927,0.1220,0.9487,0.0000,4.7969,1.3233,0.6364
4,3,2913,2914,2,1,3,0.6667,2913.192,971.000,871.827,8.5990,15.0000,1.1538,1.1887,4.9610,0.7500,0.1500,0.1000,0.3162,0.0000,4.7956,1.6536,0.8077
3,3,2918,2920,3,1,1,1.0000,2918.978,765.000,926.000,8.5907,16.0000,1.0667,0.0222,5.2905,0.8889,0.0000,0.1111,1.0000,0.0000,4.6294,0.9919,1.0000
4,3,2919,2920,2,1,2,1.0000,2919.556,926.000,1105.426,8.9275,17.0000,1.2593,0.6156,5.6209,0.0000,0.7500,0.2500,0.0000,0.0000,4.7944,1.6533,0.8148
4,3,2927,2929,3,1,2,0.6667,2928.346,942.000,981.250,8.5937,15.0000,1.1538,0.7000,4.9578,0.7500,0.1500,0.1000,0.9487,0.0000,4.1316,0.3306,0.8077
3,3,2933,2934,2,1,2,0.7500,2933.683,849.000,890.659,7.8223,14.0000,1.0244,0.7309,4.6263,0.5333,0.2667,0.2000,0.7071,0.0000,4.9568,1.6523,1.0000
3,3,2936,2938,3,1,1,1.0000,2937.047,622.000,1043.000,8.2029,15.0000,1.0465,0.0465,4.9562,0.8889,0.0000,0.1111,1.0000,0.0000,5.2865,1.6521,1.0000
5,3,2937,2939,3,1,2,0.8333,2937.846,352.000,833.369,9.6045,16.0000,1.2308,0.4000,5.2865,0.5854,0.2927,0.1220,0.9487,0.0000,4.6255,1.3216,0.6462
4,3,2937,2938,2,2,2,0.5000,2937.571,584.250,933.804,9.2514,18.0000,1.2857,0.5336,5.9473,0.5916,0.1015,0.3069,0.7071,0.7071,5.1213,1.9825,0.8036
4,3,2938,2939,2,2,1,1.0000,2938.455,426.509,563.000,9.0860,15.0000,1.0909,0.6825,4.9561,0.0000,0.7500,0.2500,1.0000,0.0000,4.9560,1.6520,0.7818
5,4,2940,2941,2,1,3,0.8333,2940.581,814.000,1286.161,9.1604,13.0000,1.0484,0.6026,4.2950,0.5854,0.2927,0.1220,0.3162,0.0000,4.9556,1.8171,0.8387
4,3,2941,2942,2,1,2,1.0000,2941.540,821.000,1034.540,8.2592,14.0000,1.1200,0.6505,4.6251,0.0000,0.7500,0.2500,0.0000,0.0000,4.6252,0.9911,0.8000
5,3,2946,2947,2,2,3,0.4167,2946.774,1022.565,843.984,9.1590,14.0000,1.1290,0.9583,4.6246,0.1521,0.5234,0.3245,0.0000,0.8112,4.6245,1.3213,0.6613
7,4,2948,2950,3,2,2,0.5833,2949.094,510.896,915.625,11.9852,18.0000,1.3125,0.4003,5.9456,0.5916,0.2044,0.2040,0.9664,0.1591,4.9547,1.6516,0.6562
4,4,2953,2954,2,3,1,0.6667,2953.509,524.000,596.000,8.7528,14.0000,1.0566,0.4906,4.6241,0.7576,0.1294,0.1129,0.5257,0.0000,4.6241,0.9909,1.0000
7,3,2955,2956,2,3,2,0.5833,2955.545,620.170,634.273,10.9857,16.0000,1.2727,0.6332,5.2846,0.3883,0.1309,0.4808,0.3626,0.5691,4.6240,2.1469,0.6250
4,3,2956,2957,2,2,1,1.0000,2956.482,625.554,779.000,9.2480,16.0000,1.1429,0.6837,5.2846,0.0000,0.7500,0.2500,1.0000,0.0000,5.2846,1.4863,0.8036
5,3,2957,2959,3,1,3,0.5556,2957.952,805.000,731.079,9.3056,15.0000,1.1905,1.0804,4.9543,0.5532,0.3398,0.1070,0.5606,0.0000,3.9634,0.9909,0.6825
3,3,2959,2961,3,1,1,1.0000,2960.024,943.000,1016.000,8.0090,15.0000,1.0714,0.0238,4.9543,0.8889,0.0000,0.1111,1.0000,0.0000,4.9543,0.6606,1.0000
6,3,2966,2968,3,2,2,0.5000,2967.173,866.293,552.347,10.1135,15.0000,1.2000,0.7368,4.9546,0.6381,0.1455,0.2164,0.8019,0.3768,4.7894,1.8167,0.5600
4,3,2968,2969,2,3,1,0.6667,2968.750,643.346,585.000,8.5881,15.0000,1.1538,0.7000,4.9547,0.7500,0.1500,0.1000,0.3162,0.0000,4.7895,1.3212,0.8077
3,3,2969,2970,2,2,1,0.7500,2969.318,409.636,777.000,8.3911,16.0000,1.0909,0.7115,5.2850,0.5333,0.2667,0.2000,0.7071,0.0000,4.9548,1.1561,1.0000
4,3,2970,2970,1,2,2,1.0000,2970.000,1082.509,701.528,8.7534,15.0000,1.1321,0.6806,4.9548,0.0000,0.7500,0.2500,0.0000,1.0000,4.6244,1.3213,0.7736
3,3,2971,2972,2,2,1,0.7500,2971.350,748.675,624.000,7.6285,14.0000,1.0500,0.7267,4.6246,0.5333,0.2667,0.2000,0.7071,0.0000,4.6245,1.1561,1.0000
4,3,2971,2972,2,1,2,1.0000,2971.519,773.000,1029.500,8.5885,14.0000,1.0769,0.6936,4.6246,0.0000,0.7500,0.2500,0.0000,0.0000,4.6245,1.3213,0.7692
4,3,2972,2973,2,2,2,0.5000,2972.758,794.161,1170.403,10.2403,22.0000,1.4194,0.4971,7.2673,0.5916,0.1015,0.3069,0.5000,0.5000,4.6246,1.1562,0.8387
3,3,2978,2979,2,1,2,0.7500,2978.650,752.000,641.325,7.6296,14.0000,1.0500,0.7267,4.6251,0.5333,0.2667,0.2000,0.7071,0.0000,3.9645,0.8259,1.0000
3,3,2979,2981,3,1,1,1.0000,2980.000,427.000,585.000,7.4390,13.0000,1.0000,1.0000,4.2950,0.8889,0.0000,0.1111,1.0000,0.0000,4.6253,1.9822,1.0000
4,3,2980,2981,2,2,1,1.0000,2980.463,614.537,997.000,8.9203,15.0000,1.1111,0.7090,4.9558,0.0000,0.7500,0.2500,1.0000,0.0000,5.1209,0.9911,0.8148
4,3,2986,2988,3,2,1,0.6667,2986.964,1012.236,873.000,9.0867,16.0000,1.1636,0.2391,5.2868,0.5357,0.3214,0.1429,1.0000,0.0000,4.7911,2.3129,0.7818
4,3,2990,2991,2,2,2,0.5000,2990.804,512.255,1057.725,8.4265,14.0000,1.0980,0.7936,4.6263,0.0000,0.5625,0.4375,0.4459,0.5774,4.7916,2.3132,0.8039
3,3,2992,2993,2,2,1,0.7500,2992.650,564.675,710.000,7.6317,14.0000,1.0500,0.7267,4.6264,0.5333,0.2667,0.2000,0.7071,0.0000,4.6265,1.3218,1.0000
4,3,2993,2994,2,2,2,0.5000,2993.480,527.800,969.740,8.2617,14.0000,1.1200,0.6148,4.6266,0.5916,0.1015,0.3069,0.7071,0.7071,3.9656,1.3219,0.8000
4,3,2995,2996,2,2,1,1.0000,2995.490,727.471,412.000,8.4272,14.0000,1.0980,0.6938,4.6267,0.0000,0.7500,0.2500,1.0000,0.0000,4.9572,1.6524,0.7843
4,3,2999,3000,2,2,2,0.5000,2999.250,1097.589,716.179,9.2539,19.0000,1.3571,0.5129,6.2794,0.5916,0.1015,0.3069,0.5000,0.5000,4.1312,1.9830,0.8214
3,3,3003,3004,2,1,2,0.7500,3003.333,603.000,944.711,8.5870,17.0000,1.1333,0.4411,5.6187,0.5333,0.2667,0.2000,0.7071,0.0000,5.2882,0.9915,1.0000
4,3,3005,3007,3,2,1,0.6667,3006.346,630.250,856.000,8.5936,15.0000,1.1538,0.7000,4.9579,0.7500,0.1500,0.1000,0.9487,0.0000,4.7926,0.9916,0.8077
3,3,3007,3009,3,1,1,1.0000,3008.022,482.000,425.000,8.5873,18.0000,1.2000,0.0222,5.9495,0.8889,0.0000,0.1111,1.0000,0.0000,4.9579,1.3221,1.0000
3,3,3012,3013,2,2,1,0.7500,3012.698,513.372,973.000,8.2059,16.0000,1.1163,0.6969,5.2886,0.5333,0.2667,0.2000,0.7071,0.0000,4.9580,0.8263,1.0000
3,3,3012,3013,2,1,2,0.7500,3012.326,603.000,1272.674,8.2059,15.0000,1.0465,0.4604,4.9580,0.5333,0.2667,0.2000,0.7071,0.0000,4.9580,1.6527,1.0000
4,3,3014,3016,3,1,2,0.6667,3015.019,632.000,1314.245,8.7592,15.0000,1.1321,0.2460,4.9581,0.5357,0.3214,0.1429,1.0000,0.0000,4.6275,0.3305,0.7736
3,3,3015,3016,2,1,2,0.7500,3015.295,780.000,1121.295,8.3968,18.0000,1.2273,0.4178,5.9497,0.5333,0.2667,0.2000,0.7071,0.0000,4.2970,0.9916,1.0000
5,4,3017,3018,2,2,2,0.6250,3017.549,888.859,1031.366,10.4953,19.0000,1.3380,0.6750,6.2802,0.3432,0.2505,0.4063,0.6059,0.3645,4.6275,1.3222,0.8592
4,3,3018,3019,2,1,2,1.0000,3018.481,464.000,1058.463,8.9245,16.0000,1.1852,0.6951,5.2886,0.0000,0.7500,0.2500,0.0000,0.0000,5.2886,2.1485,0.8148
5,3,3018,3019,2,1,3,0.8333,3018.587,635.000,1161.794,9.3127,17.0000,1.3492,0.4614,5.6192,0.5854,0.2927,0.1220,0.3162,0.0000,4.6275,0.6611,0.6825
9,5,3019,3020,2,2,3,0.7500,3019.302,596.405,1162.112,12.7808,16.0000,1.2414,0.6763,5.2886,0.4875,0.0908,0.4217,0.2232,0.8691,3.9665,0.6611,0.6293
4,3,3020,3021,2,2,1,1.0000,3020.480,439.460,622.000,8.2635,14.0000,1.1200,0.6943,4.6275,0.0000,0.7500,0.2500,1.0000,0.0000,4.6275,1.9832,0.8000
3,3,3020,3022,3,1,1,1.0000,3021.021,457.000,1125.000,8.9693,18.0000,1.1489,0.0213,5.9497,0.8889,0.0000,0.1111,1.0000,0.0000,4.6275,0.6611,1.0000
6,3,3020,3022,3,2,2,0.5000,3021.171,895.695,1016.390,11.0652,17.0000,1.2439,0.7028,5.6191,0.6381,0.1455,0.2164,0.8019,0.3768,3.9665,0.4958,0.7073
3,3,3021,3022,2,1,2,0.7500,3021.318,901.000,1092.705,8.3968,17.0000,1.1591,0.4342,5.6191,0.5333,0.2667,0.2000,0.7071,0.0000,4.6275,0.6611,1.0000
3,3,3023,3024,2,1,2,0.7500,3023.630,641.000,1127.304,8.7784,17.0000,1.1087,0.7001,5.6191,0.5333,0.2667,0.2000,0.7071,0.0000,5.6191,1.6527,1.0000
8,4,3025,3026,2,2,4,0.5000,3025.500,236.210,518.550,11.6861,15.0000,1.2000,0.7724,4.9580,0.7156,0.0642,0.2202,0.1550,0.2618,3.8011,1.3221,0.5700
4,3,3026,3028,3,1,2,0.6667,3026.940,522.000,955.480,8.2633,14.0000,1.1200,0.5235,4.6274,0.7576,0.1294,0.1129,0.8507,0.0000,3.9664,0.3305,0.8000
4,3,3033,3034,2,1,2,1.0000,3033.453,534.000,897.509,8.7588,16.0000,1.2075,0.6816,5.2883,0.0000,0.7500,0.2500,0.0000,0.0000,5.1230,1.8179,0.8113
4,3,3033,3035,3,1,2,0.6667,3033.808,795.000,1252.212,8.5935,14.0000,1.0769,0.2859,4.6273,0.7500,0.1500,0.1000,0.9487,0.0000,4.7925,1.3221,0.7885
6,4,3036,3038,3,1,2,1.0000,3037.125,851.000,919.487,10.7944,16.0000,1.2000,1.0016,5.2881,0.5556,0.3333,0.1111,1.0000,0.0000,5.1229,1.3220,0.7500
4,3,3038,3039,2,2,2,0.5000,3038.275,610.196,1024.451,8.4279,14.0000,1.0980,0.5632,4.6271,0.5916,0.1015,0.3069,0.5000,0.5000,4.7923,1.9830,0.8039
3,3,3042,3043,2,2,1,0.7500,3042.683,565.341,673.000,7.8232,14.0000,1.0244,0.4660,4.6269,0.5333,0.2667,0.2000,0.7071,0.0000,5.2879,1.6525,1.0000
3,3,3043,3044,2,1,2,0.7500,3043.690,779.000,838.357,8.0140,15.0000,1.0714,0.7135,4.9573,0.5333,0.2667,0.2000,0.7071,0.0000,4.9573,1.6524,1.0000
4,3,3045,3046,2,1,2,1.0000,3045.464,1039.000,626.554,9.2536,16.0000,1.1429,0.6441,5.2878,0.0000,0.7500,0.2500,0.0000,0.0000,5.1225,1.3219,0.8036
3,3,3049,3050,2,1,2,0.7500,3049.341,434.000,1208.317,7.8227,14.0000,1.0244,0.4660,4.6266,0.5333,0.2667,0.2000,0.7071,0.0000,4.9570,1.3219,1.0000
3,3,3049,3050,2,2,1,0.7500,3049.705,577.409,969.000,8.3951,18.0000,1.2273,0.6607,5.9484,0.5333,0.2667,0.2000,0.7071,0.0000,4.6266,1.3219,1.0000
5,3,3049,3050,2,1,3,0.8333,3049.354,654.000,1176.785,9.6064,17.0000,1.3077,0.4142,5.6180,0.5854,0.2927,0.1220,0.3162,0.0000,4.6266,1.1566,0.6615
4,3,3051,3052,2,1,2,1.0000,3051.519,598.000,812.500,8.5920,14.0000,1.0769,0.6936,4.6265,0.0000,0.7500,0.2500,0.0000,0.0000,3.9656,0.9914,0.7692
3,3,3054,3055,2,1,2,0.7500,3054.667,535.000,1224.667,7.4407,13.0000,1.0000,0.7454,4.2959,0.5333,0.2667,0.2000,0.7071,0.0000,4.6263,0.9914,1.0000
4,3,3060,3061,2,2,1,1.0000,3060.491,316.434,768.000,8.7563,16.0000,1.2075,0.6692,5.2868,0.0000,0.7500,0.2500,1.0000,0.0000,5.1217,1.6521,0.8113
3,3,3063,3065,3,1,1,1.0000,3064.000,547.000,890.000,7.6305,14.0000,1.0500,0.0000,4.6258,0.8889,0.0000,0.1111,1.0000,0.0000,4.6258,0.6608,1.0000
3,3,3063,3065,3,1,1,1.0000,3063.933,857.000,1003.000,8.5844,16.0000,1.0667,0.9333,5.2867,0.8889,0.0000,0.1111,1.0000,0.0000,4.9562,0.4956,1.0000
3,3,3066,3067,2,2,1,0.7500,3066.325,512.325,925.000,7.6303,14.0000,1.0500,0.4596,4.6256,0.5333,0.2667,0.2000,0.7071,0.0000,4.6256,1.1564,1.0000
5,4,3067,3068,2,2,2,0.6250,3067.621,641.212,1019.394,9.7520,14.0000,1.0606,0.5862,4.6255,0.3432,0.2505,0.4063,0.6059,0.3645,4.9560,1.6520,0.8182
7,4,3068,3070,3,2,2,0.5833,3069.044,517.615,785.418,11.3636,15.0000,1.1538,0.5694,4.9558,0.5927,0.2184,0.1889,0.8630,0.4864,4.9559,1.6520,0.7582
7,3,3069,3071,3,2,3,0.3889,3070.318,645.466,901.057,10.9888,14.0000,1.1136,0.5670,4.6254,0.6706,0.1745,0.1549,0.5692,0.0089,4.9557,1.6519,0.6250
3,3,3071,3072,2,1,2,0.7500,3071.350,866.000,1121.325,7.6297,14.0000,1.0500,0.7267,4.6252,0.5333,0.2667,0.2000,0.7071,0.0000,4.9557,1.6519,1.0000
4,3,3072,3073,2,2,1,1.0000,3072.471,521.510,782.000,8.4245,14.0000,1.0980,0.6938,4.6252,0.0000,0.7500,0.2500,1.0000,0.0000,4.6252,1.4867,0.7843
5,3,3073,3074,2,2,2,0.6250,3073.588,370.176,686.338,10.0466,18.0000,1.3235,0.5613,5.9465,0.3432,0.2505,0.4063,0.6059,0.3645,3.9644,1.3215,0.6765
22,12,3074,3077,4,4,5,0.2750,3075.487,947.389,1153.287,25.0034,29.0000,1.7972,0.6864,9.5804,0.5408,0.2136,0.2455,0.2244,0.0511,4.4598,1.8170,0.7014
6,3,3075,3078,4,2,2,0.3750,3076.342,434.137,760.507,9.8452,16.0000,1.3151,0.6269,5.2856,0.7696,0.0995,0.1309,0.9136,0.2553,4.6248,1.3214,0.5753
4,3,3075,3076,2,1,2,1.0000,3075.529,1034.000,974.451,8.4241,14.0000,1.0980,0.6955,4.6250,0.0000,0.7500,0.2500,0.0000,0.0000,4.1294,1.6518,0.8039
3,3,3076,3078,3,1,1,1.0000,3077.070,1131.000,717.000,8.2012,16.0000,1.1163,0.9302,5.2855,0.8889,0.0000,0.1111,1.0000,0.0000,4.9552,1.6517,1.0000
3,3,3078,3080,3,1,1,1.0000,3079.000,311.000,832.000,7.6288,14.0000,1.0500,0.0000,4.6247,0.8889,0.0000,0.1111,1.0000,0.0000,4.6248,1.4865,1.0000
3,3,3081,3082,2,1,2,0.7500,3081.638,945.000,1002.681,8.9634,17.0000,1.0851,0.7136,5.6155,0.5333,0.2667,0.2000,0.7071,0.0000,5.6154,1.8168,1.0000
4,3,3082,3083,2,2,2,0.5000,3082.725,375.745,1069.784,8.4230,14.0000,1.0980,0.7986,4.6245,0.0000,0.5625,0.4375,0.4459,0.5774,4.6244,1.3212,0.7843
5,3,3086,3087,2,2,2,0.6250,3086.619,444.667,661.206,9.3057,16.0000,1.2698,0.5466,5.2846,0.3432,0.2505,0.4063,0.6059,0.3645,4.6240,1.3211,0.6667
3,3,3089,3090,2,2,1,0.7500,3089.659,698.317,1042.000,7.8179,14.0000,1.0244,0.7309,4.6238,0.5333,0.2667,0.2000,0.7071,0.0000,4.9540,1.6514,1.0000
3,3,3091,3091,1,3,1,1.0000,3091.000,155.049,816.000,7.8177,15.0000,1.0976,0.9512,4.9539,0.8889,0.0000,0.1111,0.0000,1.0000,4.6237,1.9815,1.0000
4,3,3091,3093,3,1,2,0.6667,3091.692,369.000,954.250,8.5866,16.0000,1.2308,0.3965,5.2841,0.7500,0.1500,0.1000,0.9487,0.0000,4.6236,1.9815,0.8077
41,34,3094,3097,4,5,5,0.4100,3095.610,1078.413,703.558,43.9400,47.0000,2.2617,0.7200,15.5205,0.0819,0.1777,0.7403,0.2975,0.9166,5.2836,1.6511,0.9120
4,3,3096,3097,2,2,1,1.0000,3096.536,400.464,1042.000,9.2462,16.0000,1.1429,0.6566,5.2835,0.0000,0.7500,0.2500,1.0000,0.0000,4.9533,1.8162,0.7857
5,3,3096,3098,3,1,3,0.5556,3096.651,669.000,1062.508,9.3037,14.0000,1.1111,0.8255,4.6231,0.6646,0.2585,0.0769,0.7071,0.0000,4.6230,1.6511,0.6508
4,3,3096,3098,3,1,2,0.6667,3096.906,853.000,947.547,8.7507,16.0000,1.2075,1.0126,5.2836,0.7576,0.1294,0.1129,0.8507,0.0000,4.6230,1.6511,0.7925
6,5,3097,3098,2,3,2,0.5000,3097.330,229.034,664.886,11.8632,20.0000,1.3636,0.3503,6.6043,0.7074,0.0897,0.2030,0.3047,0.0847,5.4485,1.6511,0.8864
3,3,3100,3101,2,2,1,0.7500,3100.667,447.667,791.000,7.4347,13.0000,1.0000,0.7454,4.2925,0.5333,0.2667,0.2000,0.7071,0.0000,4.6226,1.9811,1.0000
3,3,3102,3103,2,1,2,0.7500,3102.289,338.000,1015.667,8.5782,17.0000,1.1333,0.4411,5.6130,0.5333,0.2667,0.2000,0.7071,0.0000,5.6130,1.6509,1.0000
4,3,3102,3103,2,2,1,1.0000,3102.528,647.491,550.000,8.7496,15.0000,1.1321,0.6806,4.9525,0.0000,0.7500,0.2500,1.0000,0.0000,4.6224,1.4858,0.7736
4,3,3102,3103,2,2,2,0.5000,3102.200,911.520,516.260,8.2544,14.0000,1.1200,0.6148,4.6225,0.5916,0.1015,0.3069,0.5000,0.5000,4.6225,1.4858,0.8000
3,3,3111,3112,2,1,2,0.7500,3111.650,558.000,1106.675,7.6232,14.0000,1.0500,0.7267,4.6214,0.5333,0.2667,0.2000,0.7071,0.0000,3.9611,1.1553,1.0000
6,4,3111,3113,3,1,3,0.6667,3112.346,807.000,1302.628,10.5111,15.0000,1.1538,0.7522,4.9512,0.6061,0.3030,0.0909,0.7071,0.0000,4.7863,0.8252,0.7179
3,3,3114,3115,2,1,2,0.7500,3114.636,485.000,929.341,8.3849,16.0000,1.0909,0.7219,5.2812,0.5333,0.2667,0.2000,0.7071,0.0000,5.2811,1.1552,1.0000
3,3,3114,3115,2,1,2,0.7500,3114.333,542.000,1028.667,7.4321,13.0000,1.0000,0.7454,4.2910,0.5333,0.2667,0.2000,0.7071,0.0000,4.6210,2.3104,1.0000
5,3,3126,3128,3,2,2,0.4167,3127.449,373.188,669.159,10.1822,18.0000,1.3043,0.5126,5.9396,0.6338,0.1686,0.1975,0.9585,0.2851,4.6196,1.6499,0.6957
5,3,3129,3131,3,2,1,0.8333,3129.778,543.524,1020.000,9.2965,16.0000,1.2698,0.5690,5.2794,0.5854,0.2927,0.1220,0.9487,0.0000,4.6194,1.6498,0.6825
5,4,3130,3131,2,1,3,0.8333,3130.574,752.000,1029.779,10.0342,16.0000,1.1765,0.6145,5.2794,0.5854,0.2927,0.1220,0.3162,0.0000,4.9494,1.6498,0.8382
3,3,3130,3131,2,1,2,0.7500,3130.698,857.000,1034.302,8.1915,17.0000,1.1860,0.4276,5.6092,0.5333,0.2667,0.2000,0.7071,0.0000,4.6194,1.6498,1.0000
5,4,3131,3133,3,1,2,0.8333,3131.776,576.000,736.642,9.8864,16.0000,1.1940,0.4224,5.2792,0.5854,0.2927,0.1220,0.9487,0.0000,4.9493,2.3096,0.8507
3,3,3132,3133,2,2,1,0.7500,3132.283,559.652,743.000,8.7628,17.0000,1.1087,0.4482,5.6092,0.5333,0.2667,0.2000,0.7071,0.0000,5.6092,1.1548,1.0000
5,3,3139,3140,2,2,2,0.6250,3139.358,576.358,458.836,9.8859,18.0000,1.3433,0.5325,5.9388,0.3432,0.2505,0.4063,0.6059,0.3645,4.9490,0.9898,0.6866
3,3,3141,3142,2,2,1,0.7500,3141.698,589.628,1086.000,8.1910,16.0000,1.1163,0.6969,5.2790,0.5333,0.2667,0.2000,0.7071,0.0000,4.2892,0.8248,1.0000
3,3,3142,3143,2,2,1,0.7500,3142.317,511.659,826.000,7.8100,14.0000,1.0244,0.7309,4.6191,0.5333,0.2667,0.2000,0.7071,0.0000,4.9490,1.6497,1.0000
4,3,3143,3145,3,1,2,0.6667,3143.661,842.000,998.729,9.7332,19.0000,1.2881,0.4341,6.2688,0.7500,0.1500,0.1000,0.9487,0.0000,4.6191,1.4847,0.8305
6,3,3143,3144,2,2,2,0.7500,3143.667,922.500,884.306,9.6982,13.0000,1.0833,0.8876,4.2892,0.2000,0.3333,0.4667,0.7071,0.7071,4.4542,1.4847,0.5417
3,3,3144,3145,2,2,1,0.7500,3144.325,532.675,1073.000,7.6196,14.0000,1.0500,0.4596,4.6191,0.5333,0.2667,0.2000,0.7071,0.0000,4.6192,1.8147,1.0000
3,3,3145,3146,2,2,1,0.7500,3145.317,428.659,656.000,7.8102,14.0000,1.0244,0.7309,4.6192,0.5333,0.2667,0.2000,0.7071,0.0000,4.9491,0.6599,1.0000
3,3,3149,3150,2,1,2,0.7500,3149.705,649.000,1027.318,8.3822,17.0000,1.1591,0.4342,5.6094,0.5333,0.2667,0.2000,0.7071,0.0000,5.2794,1.4848,1.0000
3,3,3149,3149,1,2,2,0.7500,3149.000,655.356,1004.667,8.5726,16.0000,1.0667,0.7255,5.2794,0.5333,0.2667,0.2000,0.0000,1.0000,5.6093,1.6498,1.0000
4,3,3151,3153,3,2,1,0.6667,3151.942,308.481,668.000,8.5795,15.0000,1.1538,0.5224,4.9497,0.7576,0.1294,0.1129,0.8507,0.0000,4.7847,1.6499,0.8077
4,3,3154,3155,2,1,2,1.0000,3154.519,524.000,520.462,8.5801,14.0000,1.0769,0.6947,4.6201,0.0000,0.7500,0.2500,0.0000,0.0000,4.7850,1.3200,0.7885
3,3,3157,3158,2,2,1,0.7500,3157.350,343.325,890.000,7.6217,14.0000,1.0500,0.7267,4.6205,0.5333,0.2667,0.2000,0.7071,0.0000,4.6204,0.3300,1.0000
3,3,3157,3158,2,2,1,0.7500,3157.333,521.357,1084.000,8.0028,15.0000,1.0714,0.7241,4.9504,0.5333,0.2667,0.2000,0.7071,0.0000,5.2805,1.9801,1.0000
4,3,3157,3158,2,2,2,0.5000,3157.750,569.536,759.214,9.2410,16.0000,1.1429,0.5692,5.2806,0.5916,0.1015,0.3069,0.5000,0.5000,4.9505,1.6503,0.7857
3,3,3159,3160,2,1,2,0.7500,3159.705,596.000,693.364,8.3846,16.0000,1.0909,0.7016,5.2810,0.5333,0.2667,0.2000,0.7071,0.0000,5.2810,1.3202,1.0000
4,3,3159,3160,2,2,2,0.5000,3159.460,854.200,941.720,8.2514,14.0000,1.1200,0.8775,4.6207,0.5916,0.1015,0.3069,0.7071,0.7071,4.6208,1.6503,0.8000
4,3,3160,3161,2,2,2,0.5000,3160.327,587.564,1200.200,9.0768,18.0000,1.3091,0.8264,5.9413,0.5916,0.1015,0.3069,0.5000,0.5000,3.9607,0.6601,0.8000
6,3,3162,3163,2,3,2,0.5000,3162.474,283.684,721.842,10.2418,14.0000,1.1053,0.8470,4.6214,0.6373,0.1269,0.2358,0.4046,0.4063,4.6214,1.9806,0.5526
4,3,3163,3164,2,3,1,0.6667,3163.745,564.314,472.000,8.4179,14.0000,1.0980,0.7321,4.6216,0.7500,0.1500,0.1000,0.3162,0.0000,4.6216,1.6506,0.7843
3,3,3163,3164,2,1,2,0.7500,3163.659,617.000,1020.341,7.8142,14.0000,1.0244,0.7418,4.6216,0.5333,0.2667,0.2000,0.7071,0.0000,4.9515,0.9903,1.0000
4,3,3168,3169,2,1,2,1.0000,3168.538,660.000,1150.519,8.5848,14.0000,1.0769,0.6947,4.6227,0.0000,0.7500,0.2500,0.0000,0.0000,5.1179,1.4858,0.7885
3,3,3172,3173,2,2,1,0.7500,3172.357,740.690,426.000,8.0081,15.0000,1.0714,0.7135,4.9539,0.5333,0.2667,0.2000,0.7071,0.0000,4.9536,1.3210,1.0000
3,3,3174,3175,2,1,2,0.7500,3174.630,841.000,923.283,8.7717,17.0000,1.1087,0.6909,5.6147,0.5333,0.2667,0.2000,0.7071,0.0000,5.9452,1.6514,1.0000
3,3,3175,3176,2,1,2,0.7500,3175.333,568.000,858.667,8.0093,14.0000,1.0000,0.7454,4.6243,0.5333,0.2667,0.2000,0.7071,0.0000,5.2846,2.3120,1.0000
3,3,3178,3179,2,2,1,0.7500,3178.650,267.675,905.000,7.6291,14.0000,1.0500,0.7267,4.6248,0.5333,0.2667,0.2000,0.7071,0.0000,4.6250,1.1563,1.0000
4,3,3178,3179,2,1,3,0.6667,3178.434,910.000,766.057,8.7542,17.0000,1.2830,0.4376,5.6158,0.7576,0.1294,0.1129,0.5257,0.0000,4.6249,1.6518,0.8113
3,3,3180,3181,2,1,2,0.7500,3180.659,615.000,1140.317,7.8206,14.0000,1.0244,0.7309,4.6255,0.5333,0.2667,0.2000,0.7071,0.0000,4.9556,2.1474,1.0000
3,3,3180,3181,2,1,2,0.7500,3180.683,780.000,1160.659,7.8206,14.0000,1.0244,0.7309,4.6255,0.5333,0.2667,0.2000,0.7071,0.0000,4.9558,0.6608,1.0000
3,3,3182,3183,2,1,2,0.7500,3182.317,593.000,1047.341,7.8213,14.0000,1.0244,0.4660,4.6257,0.5333,0.2667,0.2000,0.7071,0.0000,4.9561,0.8260,1.0000
4,3,3185,3186,2,2,2,0.5000,3185.250,365.538,850.212,8.5918,15.0000,1.1538,0.5659,4.9568,0.5916,0.1015,0.3069,0.5000,0.5000,4.6264,1.3218,0.7885
3,3,3185,3187,3,1,1,1.0000,3186.044,415.000,597.000,8.5858,16.0000,1.0667,0.9556,5.2877,0.8889,0.0000,0.1111,1.0000,0.0000,5.2875,0.6609,1.0000
4,3,3185,3186,2,1,2,1.0000,3185.520,894.000,651.520,8.2615,13.0000,1.0400,0.7077,4.2961,0.0000,0.7500,0.2500,0.0000,0.0000,4.6264,0.8262,0.7800
4,3,3188,3189,2,3,1,0.6667,3188.531,283.061,814.000,8.0973,13.0000,1.0612,0.5341,4.2966,0.7576,0.1294,0.1129,0.5257,0.0000,4.6270,0.8262,0.7959
4,3,3189,3190,2,2,1,1.0000,3189.500,599.481,617.000,8.5934,14.0000,1.0769,0.6936,4.6271,0.0000,0.7500,0.2500,1.0000,0.0000,4.6273,1.6525,0.7692
4,3,3191,3193,3,2,1,0.6667,3191.962,470.453,559.000,8.7594,16.0000,1.2075,0.4544,5.2887,0.7576,0.1294,0.1129,0.8507,0.0000,4.9581,1.6527,0.7925
3,3,3191,3192,2,2,1,0.7500,3191.317,630.683,910.000,7.8242,15.0000,1.0976,0.4484,4.9580,0.5333,0.2667,0.2000,0.7071,0.0000,4.6276,1.3221,1.0000
4,3,3192,3193,2,1,2,1.0000,3192.431,695.000,934.431,9.5859,18.0000,1.2414,0.6096,5.9498,0.0000,0.7500,0.2500,0.0000,0.0000,5.2888,1.9833,0.8276
4,3,3193,3195,3,1,2,0.6667,3193.945,495.000,618.255,9.0906,16.0000,1.1636,0.2603,5.2891,0.5357,0.3214,0.1429,1.0000,0.0000,4.9584,1.3223,0.8000
3,3,3194,3196,3,1,1,1.0000,3195.000,884.000,543.000,9.1612,22.0000,1.3750,0.0000,7.2727,0.8889,0.0000,0.1111,1.0000,0.0000,4.6282,1.9835,1.0000
4,3,3196,3197,2,2,1,1.0000,3196.480,369.480,534.000,8.2648,13.0000,1.0400,0.6788,4.2977,0.0000,0.7500,0.2500,1.0000,0.0000,4.7935,1.3223,0.7800
3,3,3197,3198,2,2,1,0.7500,3197.675,886.650,893.000,7.6349,14.0000,1.0500,0.7267,4.6284,0.5333,0.2667,0.2000,0.7071,0.0000,4.6284,1.9836,1.0000
5,3,3201,3202,2,2,2,0.6250,3201.567,493.167,541.617,8.8717,14.0000,1.1667,0.6021,4.6288,0.3432,0.2505,0.4063,0.6059,0.3645,4.6287,0.8266,0.6667
3,3,3202,3203,2,1,2,0.7500,3202.317,717.000,1077.366,7.8265,15.0000,1.0976,0.7090,4.9595,0.5333,0.2667,0.2000,0.7071,0.0000,4.7942,1.9838,1.0000
3,3,3203,3204,2,1,2,0.7500,3203.650,625.000,979.675,7.6358,14.0000,1.0500,0.7267,4.6289,0.5333,0.2667,0.2000,0.7071,0.0000,3.9677,1.4878,1.0000
4,3,3205,3206,2,2,1,1.0000,3205.491,396.453,779.000,8.7621,16.0000,1.2075,0.6676,5.2903,0.0000,0.7500,0.2500,1.0000,0.0000,4.9597,1.1573,0.7925
3,3,3205,3205,1,2,2,0.7500,3205.000,613.675,897.325,7.6359,14.0000,1.0500,0.4596,4.6290,0.5333,0.2667,0.2000,0.0000,1.0000,4.9597,1.6532,1.0000
3,3,3206,3207,2,1,2,0.7500,3206.386,401.000,789.295,8.3996,17.0000,1.1591,0.6811,5.6210,0.5333,0.2667,0.2000,0.7071,0.0000,4.9597,0.6613,1.0000
15,7,3209,3211,3,5,3,0.3333,3210.455,462.756,1137.761,18.1848,26.0000,1.8310,0.5695,8.5970,0.5011,0.1479,0.3509,0.0474,0.8479,3.8025,0.8266,0.6573
4,3,3209,3211,3,1,2,0.6667,3209.981,509.000,980.500,8.9276,15.0000,1.1111,0.5003,4.9598,0.7576,0.1294,0.1129,0.8507,0.0000,5.1251,1.3226,0.7778
4,3,3212,3214,3,2,1,0.6667,3212.964,562.250,880.000,9.2583,18.0000,1.2857,0.2525,5.9517,0.5357,0.3214,0.1429,1.0000,0.0000,4.1332,0.9920,0.8036
4,3,3215,3217,3,2,1,0.6667,3216.019,781.500,983.000,8.5968,14.0000,1.0769,0.5004,4.6291,0.7576,0.1294,0.1129,0.8507,0.0000,4.6290,1.6532,0.7692
4,3,3217,3219,3,2,1,0.6667,3218.056,654.241,423.000,8.9273,18.0000,1.3333,0.2471,5.9515,0.5357,0.3214,0.1429,1.0000,0.0000,4.6290,0.9919,0.8148
5,3,3219,3220,2,2,2,0.6250,3219.349,686.397,558.397,9.3155,15.0000,1.1905,0.8020,4.9596,0.2938,0.4054,0.3007,0.0000,0.3029,4.6289,1.9838,0.6508
7,3,3222,3224,3,1,3,0.7778,3223.070,431.000,781.640,10.7468,16.0000,1.3023,1.1289,5.2898,0.1247,0.7481,0.1273,1.0000,0.0000,4.2981,1.3225,0.4884
3,3,3230,3231,2,2,1,0.7500,3230.310,234.357,693.000,8.0161,15.0000,1.0714,0.7135,4.9587,0.5333,0.2667,0.2000,0.7071,0.0000,4.9587,1.9835,1.0000
3,3,3231,3232,2,2,1,0.7500,3231.310,338.357,1012.000,8.0160,15.0000,1.0714,0.7135,4.9586,0.5333,0.2667,0.2000,0.7071,0.0000,4.9586,0.9917,1.0000
4,3,3235,3236,2,3,1,0.6667,3235.759,438.315,507.000,8.9248,15.0000,1.1111,0.3963,4.9582,0.7500,0.1500,0.1000,0.3162,0.0000,4.9582,1.3222,0.7963
3,3,3236,3238,3,1,1,1.0000,3236.976,332.000,968.000,7.8244,14.0000,1.0244,0.9756,4.6277,0.8889,0.0000,0.1111,1.0000,0.0000,4.9581,2.3138,1.0000
3,3,3236,3237,2,2,1,0.7500,3236.634,446.317,983.000,7.8244,15.0000,1.0976,0.7090,4.9582,0.5333,0.2667,0.2000,0.7071,0.0000,4.6276,1.9833,1.0000
3,3,3237,3239,3,1,1,1.0000,3238.000,876.000,859.000,7.8242,15.0000,1.0976,0.0000,4.9580,0.8889,0.0000,0.1111,1.0000,0.0000,4.9581,1.4874,1.0000
4,3,3238,3240,3,1,2,0.6667,3238.789,305.000,917.193,9.4202,19.0000,1.3333,0.2856,6.2801,0.7500,0.1500,0.1000,0.9487,0.0000,4.1316,1.1569,0.8070
3,3,3241,3242,2,1,2,0.7500,3241.690,562.000,663.357,8.0146,15.0000,1.0714,0.7135,4.9577,0.5333,0.2667,0.2000,0.7071,0.0000,4.2967,1.4873,1.0000
3,3,3243,3244,2,2,1,0.7500,3243.667,296.310,873.000,8.0144,15.0000,1.0714,0.4549,4.9576,0.5333,0.2667,0.2000,0.7071,0.0000,5.2882,1.6525,1.0000
3,3,3247,3248,2,2,1,0.7500,3247.674,518.717,522.000,8.7773,18.0000,1.1739,0.4315,5.9488,0.5333,0.2667,0.2000,0.7071,0.0000,5.2879,1.3220,1.0000
6,3,3247,3249,3,2,2,0.5000,3248.197,671.507,906.859,9.5795,14.0000,1.1831,0.5620,4.6269,0.3810,0.3333,0.2857,0.9487,0.1690,4.2963,0.9915,0.5634
3,3,3248,3249,2,1,2,0.7500,3248.651,542.000,824.674,8.2048,15.0000,1.0465,0.7280,4.9574,0.5333,0.2667,0.2000,0.7071,0.0000,4.2963,0.4957,1.0000
5,3,3248,3250,3,2,1,0.8333,3249.129,702.597,577.000,9.1635,14.0000,1.1290,0.6106,4.6268,0.5854,0.2927,0.1220,0.9487,0.0000,4.9574,1.6524,0.6613
4,3,3249,3251,3,2,1,0.6667,3249.943,795.245,609.000,8.7579,15.0000,1.1321,0.9748,4.9573,0.5357,0.3214,0.1429,1.0000,0.0000,4.6268,0.9915,0.7736
3,3,3250,3251,2,1,2,0.7500,3250.698,526.000,730.674,8.2046,16.0000,1.1163,0.4443,5.2877,0.5333,0.2667,0.2000,0.7071,0.0000,4.9572,0.6610,1.0000
7,3,3251,3254,4,3,2,0.2917,3252.733,541.022,1038.722,11.2419,18.0000,1.4000,0.3857,5.9486,0.7198,0.1612,0.1190,0.9347,0.3509,4.6267,1.3219,0.6556
3,3,3252,3253,2,1,2,0.7500,3252.675,498.000,441.325,7.6321,14.0000,1.0500,0.4596,4.6267,0.5333,0.2667,0.2000,0.7071,0.0000,4.6267,1.9829,1.0000
3,3,3253,3253,1,3,1,1.0000,3253.000,283.024,703.000,8.0137,15.0000,1.0714,0.9762,4.9572,0.8889,0.0000,0.1111,0.0000,1.0000,5.2877,1.9829,1.0000
6,4,3254,3256,3,2,2,0.5000,3254.816,569.303,938.658,10.2536,15.0000,1.1842,0.7472,4.9571,0.6381,0.1455,0.2164,0.8019,0.3768,4.6267,1.4871,0.7237
4,3,3256,3257,2,2,1,1.0000,3256.471,730.471,971.000,8.4271,14.0000,1.0980,0.6655,4.6266,0.0000,0.7500,0.2500,1.0000,0.0000,4.6266,0.9914,0.7843
5,3,3260,3261,2,2,2,0.6250,3260.403,381.149,975.388,9.9021,16.0000,1.1940,0.7275,5.2876,0.3432,0.2505,0.4063,0.6059,0.3645,4.6266,0.9914,0.6866
4,3,3266,3267,2,2,1,1.0000,3266.490,366.471,514.000,8.4272,14.0000,1.0980,0.6938,4.6267,0.0000,0.7500,0.2500,1.0000,0.0000,4.6267,1.3219,0.7843
5,3,3266,3267,2,2,2,0.6250,3266.524,892.841,699.635,9.3110,17.0000,1.3492,0.6579,5.6181,0.3432,0.2505,0.4063,0.6059,0.3645,4.6267,1.8176,0.6825
5,3,3271,3272,2,2,2,0.6250,3271.634,508.549,805.690,10.4937,17.0000,1.1972,0.6582,5.6183,0.2938,0.4054,0.3007,0.0000,0.3029,5.6183,1.9829,0.6901
4,3,3272,3274,3,1,2,0.6667,3272.981,429.000,888.481,8.5928,14.0000,1.0769,0.4812,4.6269,0.7576,0.1294,0.1129,0.8507,0.0000,4.6269,1.4872,0.7692
4,3,3276,3277,2,2,1,1.0000,3276.545,229.545,596.000,9.0887,17.0000,1.2364,0.6428,5.6185,0.0000,0.7500,0.2500,1.0000,0.0000,4.6270,1.1567,0.7818
3,3,3279,3280,2,1,2,0.7500,3279.333,582.000,830.667,7.4419,13.0000,1.0000,0.7454,4.2966,0.5333,0.2667,0.2000,0.7071,0.0000,4.6271,1.6525,1.0000
3,3,3280,3281,2,2,1,0.7500,3280.711,429.378,960.000,8.5869,17.0000,1.1333,0.6860,5.6187,0.5333,0.2667,0.2000,0.7071,0.0000,5.2882,2.3136,1.0000
4,3,3280,3282,3,1,2,0.6667,3281.061,513.000,1001.531,8.0975,13.0000,1.0612,0.5341,4.2967,0.7576,0.1294,0.1129,0.8507,0.0000,4.9576,1.3221,0.7959
3,3,3280,3281,2,2,1,0.7500,3280.659,564.683,917.000,7.8236,14.0000,1.0244,0.7309,4.6271,0.5333,0.2667,0.2000,0.7071,0.0000,4.9576,1.1568,1.0000
4,3,3283,3285,3,1,2,0.6667,3283.926,980.000,629.444,8.9240,16.0000,1.1852,0.4506,5.2883,0.7576,0.1294,0.1129,0.8507,0.0000,4.9577,0.8263,0.8148
5,3,3284,3285,2,3,1,0.8333,3284.606,435.227,685.000,9.7556,15.0000,1.1364,0.4548,4.9578,0.5854,0.2927,0.1220,0.3162,0.0000,4.6273,2.3136,0.6364
4,3,3287,3288,2,3,1,0.6667,3287.460,230.060,376.000,8.2631,14.0000,1.1200,0.4639,4.6273,0.7576,0.1294,0.1129,0.5257,0.0000,4.9579,1.8179,0.8000
4,3,3291,3293,3,2,1,0.6667,3292.019,823.755,940.000,8.7591,15.0000,1.1321,0.2460,4.9580,0.5357,0.3214,0.1429,1.0000,0.0000,4.6274,0.9916,0.7736
3,3,3293,3294,2,2,1,0.7500,3293.317,557.317,421.000,7.8241,15.0000,1.0976,0.4484,4.9580,0.5333,0.2667,0.2000,0.7071,0.0000,4.6274,0.9916,1.0000
3,3,3299,3300,2,1,2,0.7500,3299.326,428.000,830.302,8.2058,16.0000,1.1163,0.4443,5.2885,0.5333,0.2667,0.2000,0.7071,0.0000,5.2885,1.3221,1.0000
4,3,3300,3301,2,1,3,0.6667,3300.456,563.000,873.053,9.4201,16.0000,1.1228,0.4592,5.2885,0.7576,0.1294,0.1129,0.5257,0.0000,5.4538,1.6527,0.7895
3,3,3301,3302,2,1,2,0.7500,3301.386,326.000,468.318,8.3966,17.0000,1.1591,0.6912,5.6190,0.5333,0.2667,0.2000,0.7071,0.0000,5.1232,2.1484,1.0000
3,3,3302,3303,2,1,2,0.7500,3302.636,315.000,944.295,8.3966,16.0000,1.0909,0.7016,5.2885,0.5333,0.2667,0.2000,0.7071,0.0000,5.2885,1.1569,1.0000
6,3,3306,3308,3,2,3,0.3333,3307.333,471.855,852.101,9.3105,13.0000,1.1304,1.1599,4.2968,0.6494,0.1645,0.1861,0.7264,0.0379,4.4620,1.9831,0.5652
4,3,3307,3309,3,1,2,0.6667,3307.943,297.000,1010.245,8.7587,17.0000,1.2830,0.2517,5.6188,0.5357,0.3214,0.1429,1.0000,0.0000,4.6273,1.6526,0.8113
4,3,3307,3309,3,1,2,0.6667,3307.962,418.000,641.491,8.7587,15.0000,1.1321,0.5108,4.9578,0.7576,0.1294,0.1129,0.8507,0.0000,4.7925,0.9916,0.7925
3,3,3312,3314,3,1,1,1.0000,3313.000,226.000,546.000,7.8234,15.0000,1.0976,0.0000,4.9575,0.8889,0.0000,0.1111,1.0000,0.0000,4.6271,1.4873,1.0000
4,3,3316,3317,2,2,1,1.0000,3316.556,485.500,627.000,8.9232,16.0000,1.1852,0.6690,5.2878,0.0000,0.7500,0.2500,1.0000,0.0000,4.7921,1.6524,0.7963
4,3,3319,3320,2,2,1,1.0000,3319.481,587.519,892.000,8.5923,14.0000,1.0769,0.7076,4.6267,0.0000,0.7500,0.2500,1.0000,0.0000,4.7919,1.9828,0.7885
3,3,3321,3321,1,3,1,1.0000,3321.000,157.000,647.000,7.4410,13.0000,1.0000,1.0000,4.2961,0.8889,0.0000,0.1111,0.0000,1.0000,4.6265,1.6524,1.0000
4,3,3328,3329,2,2,1,1.0000,3328.564,526.509,492.000,9.0866,17.0000,1.2364,0.6568,5.6171,0.0000,0.7500,0.2500,1.0000,0.0000,4.7911,1.4869,0.8000
4,3,3332,3334,3,1,2,0.6667,3333.061,522.000,805.735,8.0946,13.0000,1.0612,0.7372,4.2951,0.5357,0.3214,0.1429,1.0000,0.0000,4.9558,1.3216,0.7959
4,3,3338,3339,2,2,2,0.5000,3338.735,528.796,1036.735,8.0936,13.0000,1.0612,0.8073,4.2946,0.0000,0.5625,0.4375,0.4459,0.5774,4.6249,1.4866,0.7959
6,3,3340,3342,3,2,2,0.5000,3341.167,992.861,595.528,9.7097,13.0000,1.0833,0.5706,4.2943,0.3810,0.3333,0.2857,0.9487,0.1690,4.4595,1.1562,0.5417
4,3,3345,3347,3,1,2,0.6667,3345.946,628.000,1011.500,9.2482,16.0000,1.1429,0.5029,5.2847,0.7576,0.1294,0.1129,0.8507,0.0000,4.9545,1.9818,0.7857
5,4,3345,3346,2,2,2,0.6250,3345.614,741.557,1081.814,10.3399,16.0000,1.1429,0.7026,5.2847,0.3432,0.2505,0.4063,0.6059,0.3645,4.9544,2.3120,0.8286
5,3,3345,3346,2,2,2,0.6250,3345.565,887.161,675.613,9.1582,14.0000,1.1290,0.7032,4.6242,0.3432,0.2505,0.4063,0.6059,0.3645,4.6242,0.9908,0.6613
6,3,3347,3349,3,2,3,0.3333,3347.948,680.130,921.519,10.3823,16.0000,1.2468,0.5005,5.2844,0.3889,0.3074,0.3038,0.0000,0.0000,4.6239,1.3211,0.5844
4,3,3351,3353,3,1,2,0.6667,3352.241,430.000,804.185,8.9165,16.0000,1.1852,0.7815,5.2838,0.7500,0.1500,0.1000,0.9487,0.0000,4.9537,0.6605,0.8148
5,3,3352,3353,2,2,2,0.6250,3352.787,724.590,877.672,9.0089,15.0000,1.2295,0.7080,4.9535,0.3432,0.2505,0.4063,0.5155,0.8569,4.6233,1.3210,0.6721
4,3,3353,3354,2,1,3,0.6667,3353.745,554.000,697.941,8.4208,14.0000,1.0980,0.9751,4.6232,0.5357,0.3214,0.1429,0.0000,0.0000,4.6232,1.9814,0.7843
4,3,3356,3358,3,1,2,0.6667,3357.180,411.000,988.803,10.0711,22.0000,1.4426,0.2669,7.2644,0.7500,0.1500,0.1000,0.9487,0.0000,4.7879,0.6604,0.8033
3,3,3357,3359,3,1,1,1.0000,3358.025,494.000,516.000,7.6255,14.0000,1.0500,0.9750,4.6226,0.8889,0.0000,0.1111,1.0000,0.0000,4.9530,1.6510,1.0000
4,3,3363,3364,2,2,1,1.0000,3363.520,561.480,593.000,8.2537,13.0000,1.0400,0.7077,4.2920,0.0000,0.7500,0.2500,1.0000,0.0000,4.6220,1.3206,0.7800
4,3,3364,3365,2,1,2,1.0000,3364.446,587.000,652.500,9.2439,16.0000,1.1429,0.6703,5.2823,0.0000,0.7500,0.2500,0.0000,0.0000,4.9521,1.3206,0.7857
3,3,3369,3370,2,1,2,0.7500,3369.333,259.000,725.690,8.0045,15.0000,1.0714,0.4549,4.9515,0.5333,0.2667,0.2000,0.7071,0.0000,4.9514,1.6505,1.0000
4,4,3371,3372,2,2,1,1.0000,3371.491,340.491,479.000,8.7472,14.0000,1.0566,0.6938,4.6212,0.0000,0.7500,0.2500,1.0000,0.0000,4.6212,0.9903,1.0000
4,3,3376,3377,2,2,1,1.0000,3376.547,205.472,510.000,8.7463,15.0000,1.1321,0.6958,4.9507,0.0000,0.7500,0.2500,1.0000,0.0000,5.2808,0.3300,0.8113
4,3,3376,3379,4,1,1,1.0000,3377.453,308.000,558.000,8.7461,17.0000,1.2830,0.5472,5.6107,0.9375,0.0000,0.0625,1.0000,0.0000,3.9606,0.9902,0.8113
6,3,3382,3384,3,2,2,0.5000,3383.169,476.366,964.690,9.5656,13.0000,1.0986,0.5086,4.2902,0.6381,0.1455,0.2164,0.8019,0.3768,4.2902,1.6500,0.5493
3,3,3387,3388,2,2,1,0.7500,3387.325,762.350,411.000,7.6209,14.0000,1.0500,0.7267,4.6200,0.5333,0.2667,0.2000,0.7071,0.0000,4.6200,2.3100,1.0000
8,3,3388,3390,3,4,2,0.3333,3388.695,401.547,375.232,11.0836,15.0000,1.2632,0.5930,4.9499,0.4932,0.3739,0.1329,0.1725,0.3151,4.1249,1.4850,0.4421
5,3,3389,3391,3,1,2,0.8333,3389.780,465.000,952.390,8.7070,13.0000,1.1017,0.8717,4.2899,0.5854,0.2927,0.1220,0.9487,0.0000,4.6199,0.9900,0.6610
5,3,3391,3392,2,2,3,0.4167,3391.177,559.452,501.887,9.1496,14.0000,1.1290,0.5873,4.6198,0.7729,0.0435,0.1836,0.2791,0.2890,4.2898,1.4849,0.6613
4,3,3394,3395,2,2,2,0.5000,3394.755,575.208,834.245,8.7446,16.0000,1.2075,0.4042,5.2798,0.0000,0.5625,0.4375,0.4459,0.5774,4.6198,1.3199,0.7925
4,3,3401,3402,2,2,2,0.5000,3401.471,409.745,650.804,8.4149,14.0000,1.0980,0.5700,4.6199,0.5916,0.1015,0.3069,0.7071,0.7071,4.7849,1.6500,0.8039
6,3,3401,3402,2,2,2,0.7500,3401.720,590.507,1036.333,10.1040,16.0000,1.2800,0.6579,5.2799,0.2000,0.3333,0.4667,0.7071,0.7071,4.2900,1.6500,0.5733
5,3,3411,3413,3,2,2,0.4167,3412.164,544.851,545.836,9.8893,19.0000,1.4179,0.2760,6.2709,0.6489,0.0995,0.2515,0.9362,0.2726,4.9506,1.6502,0.6866
5,3,3417,3419,3,1,2,0.8333,3418.186,414.000,915.643,10.3336,20.0000,1.4286,0.4025,6.6018,0.5854,0.2927,0.1220,0.9487,0.0000,4.9515,0.6602,0.7000
5,3,3418,3419,2,2,2,0.6250,3418.537,577.552,522.164,9.8908,18.0000,1.3433,0.7878,5.9417,0.3432,0.2505,0.4063,0.6059,0.3645,4.6213,1.4854,0.6567
5,3,3418,3419,2,2,2,0.6250,3418.607,630.574,482.180,9.0050,13.0000,1.0656,0.8542,4.2913,0.3432,0.2505,0.4063,0.6059,0.3645,4.6213,0.9903,0.6393
4,3,3423,3424,2,3,1,0.6667,3423.286,257.982,685.000,9.2438,16.0000,1.1429,0.7145,5.2822,0.5357,0.3214,0.1429,0.0000,0.0000,4.9520,1.1555,0.7857
9,3,3429,3431,3,2,3,0.5000,3430.215,438.467,860.841,11.7767,15.0000,1.2617,0.5960,4.9528,0.3274,0.3616,0.3110,0.2647,0.3081,4.2925,1.6509,0.3925
4,3,3431,3432,2,2,2,0.5000,3431.759,466.778,410.500,8.9153,15.0000,1.1111,0.5978,4.9530,0.5916,0.1015,0.3069,0.5000,0.5000,4.7879,0.9906,0.7778
6,3,3432,3433,2,2,2,0.7500,3432.479,465.671,730.438,9.8407,15.0000,1.2329,0.7281,4.9530,0.2667,0.1333,0.6000,0.7071,0.7071,4.2926,1.6510,0.5616
4,3,3434,3436,3,1,2,0.6667,3435.086,356.000,773.448,9.5763,17.0000,1.1724,1.0178,5.6138,0.7576,0.1294,0.1129,0.8507,0.0000,5.1184,1.6511,0.7931
3,3,3437,3438,2,1,2,0.7500,3437.698,593.000,820.628,8.1983,16.0000,1.1163,0.6969,5.2837,0.5333,0.2667,0.2000,0.7071,0.0000,4.2930,1.4860,1.0000
3,3,3440,3441,2,2,1,0.7500,3440.682,131.636,808.000,8.3892,16.0000,1.0909,0.7115,5.2838,0.5333,0.2667,0.2000,0.7071,0.0000,4.9536,1.4861,1.0000
3,3,3442,3443,2,2,1,0.7500,3442.667,476.333,666.000,7.4360,13.0000,1.0000,0.7454,4.2932,0.5333,0.2667,0.2000,0.7071,0.0000,4.6234,1.6512,1.0000
3,3,3444,3445,2,2,1,0.7500,3444.675,435.325,543.000,7.6267,14.0000,1.0500,0.4596,4.6234,0.5333,0.2667,0.2000,0.7071,0.0000,4.9537,1.6512,1.0000
5,4,3447,3449,3,2,2,0.4167,3447.985,282.412,553.853,10.0428,17.0000,1.2500,0.4375,5.6141,0.5461,0.2256,0.2283,0.8117,0.4177,4.6234,0.9907,0.8529
6,3,3447,3449,3,2,2,0.5000,3447.824,705.608,894.865,9.9767,16.0000,1.2973,0.6472,5.2839,0.5230,0.1584,0.3185,0.9225,0.0898,4.1280,1.3210,0.5946
3,3,3449,3451,3,1,1,1.0000,3450.000,485.000,707.000,8.1985,17.0000,1.1860,0.0000,5.6140,0.8889,0.0000,0.1111,1.0000,0.0000,4.6234,1.6512,1.0000
6,3,3450,3451,2,2,2,0.7500,3450.526,491.408,691.737,10.2461,17.0000,1.3421,0.8026,5.6140,0.2000,0.3333,0.4667,0.0000,0.0000,4.4582,1.3209,0.5789
3,3,3451,3452,2,2,1,0.7500,3451.302,384.302,702.000,8.1983,17.0000,1.1860,0.4276,5.6140,0.5333,0.2667,0.2000,0.7071,0.0000,4.6233,1.6512,1.0000
4,3,3455,3457,3,1,2,0.6667,3455.962,444.000,400.491,8.7505,16.0000,1.2075,0.4920,5.2833,0.7576,0.1294,0.1129,0.8507,0.0000,4.6229,0.6604,0.7925
4,3,3457,3458,2,2,1,1.0000,3457.490,256.451,834.000,8.4200,15.0000,1.1765,0.6806,4.9529,0.0000,0.7500,0.2500,1.0000,0.0000,4.6228,1.3208,0.8039
5,3,3460,3462,3,2,1,0.8333,3460.778,618.397,550.000,9.3023,15.0000,1.1905,0.6428,4.9525,0.5854,0.2927,0.1220,0.9487,0.0000,5.2826,1.6509,0.6825
4,3,3473,3474,2,2,2,0.5000,3473.740,488.800,974.540,8.2503,14.0000,1.1200,0.5650,4.6201,0.5916,0.1015,0.3069,0.5000,0.5000,4.9503,2.3100,0.8000
5,3,3474,3475,2,2,2,0.6250,3474.780,533.610,664.661,8.7072,13.0000,1.1017,0.9353,4.2901,0.3432,0.2505,0.4063,0.5155,0.8569,4.6199,0.9899,0.6610
5,3,3480,3482,3,2,2,0.4167,3481.031,368.812,989.156,9.4427,15.0000,1.1719,0.9990,4.9485,0.4138,0.1655,0.4207,1.0000,0.0000,4.6190,1.6496,0.6562
3,3,3481,3482,2,2,1,0.7500,3481.310,571.643,764.000,7.9999,15.0000,1.0714,0.7135,4.9487,0.5333,0.2667,0.2000,0.7071,0.0000,5.2786,1.8144,1.0000
5,3,3483,3484,2,3,1,0.8333,3483.433,430.783,612.000,8.8517,14.0000,1.1667,0.4845,4.6185,0.5854,0.2927,0.1220,0.3162,0.0000,4.6183,1.8143,0.6667
4,4,3489,3490,2,1,2,1.0000,3489.500,413.000,789.464,9.2348,15.0000,1.0714,0.6823,4.9473,0.0000,0.7500,0.2500,0.0000,0.0000,4.9472,1.8139,1.0000
5,3,3497,3499,3,2,1,0.8333,3498.106,658.621,546.000,9.7327,15.0000,1.1364,1.1691,4.9463,0.5854,0.2927,0.1220,0.9487,0.0000,5.2759,0.9892,0.6667
3,3,3497,3499,3,1,1,1.0000,3498.000,862.000,442.000,7.9959,14.0000,1.0000,1.0000,4.6165,0.8889,0.0000,0.1111,1.0000,0.0000,4.9462,1.6487,1.0000
3,3,3497,3498,2,2,1,0.7500,3497.325,887.325,463.000,7.6152,14.0000,1.0500,0.4596,4.6165,0.5333,0.2667,0.2000,0.7071,0.0000,4.6165,1.3190,1.0000
5,3,3499,3501,3,2,1,0.8333,3499.765,516.529,515.000,10.0274,16.0000,1.1765,0.9301,5.2758,0.5854,0.2927,0.1220,0.9487,0.0000,5.9352,1.3189,0.7059
3,3,3501,3502,2,2,1,0.7500,3501.667,537.310,298.000,7.9954,15.0000,1.0714,0.4549,4.9459,0.5333,0.2667,0.2000,0.7071,0.0000,4.9459,1.6486,1.0000
3,3,3503,3504,2,1,2,0.7500,3503.667,596.000,940.333,7.4242,13.0000,1.0000,0.7454,4.2864,0.5333,0.2667,0.2000,0.7071,0.0000,4.6161,1.9783,1.0000
5,3,3505,3507,3,2,1,0.8333,3505.938,408.369,643.000,9.5844,17.0000,1.3077,0.3743,5.6052,0.6340,0.2717,0.0943,1.0000,0.0000,4.6160,1.4837,0.6615
4,3,3507,3508,2,2,1,1.0000,3507.500,594.442,340.000,8.5725,16.0000,1.2308,0.6676,5.2754,0.0000,0.7500,0.2500,1.0000,0.0000,3.9566,1.3189,0.8077
3,3,3507,3508,2,2,1,0.7500,3507.659,799.317,1039.000,7.8048,14.0000,1.0244,0.7309,4.6160,0.5333,0.2667,0.2000,0.7071,0.0000,4.2863,1.3189,1.0000
7,3,3512,3514,3,2,2,0.5833,3512.859,671.388,434.129,10.5929,15.0000,1.2353,0.4329,4.9458,0.5916,0.2044,0.2040,0.9664,0.1591,4.4512,1.8134,0.4824
6,3,3516,3519,4,2,2,0.3750,3517.658,220.544,399.722,10.6345,16.0000,1.2152,0.8476,5.2758,0.8091,0.0682,0.1227,0.8627,0.0802,4.7812,1.3189,0.5823
4,3,3516,3518,3,2,1,0.6667,3516.946,705.250,591.000,9.2325,17.0000,1.2143,0.2557,5.6054,0.5357,0.3214,0.1429,1.0000,0.0000,5.2757,1.9784,0.8036
8,3,3517,3519,3,2,2,0.6667,3518.273,570.566,633.505,11.5414,16.0000,1.2929,0.7198,5.2759,0.4685,0.1696,0.3619,0.8569,0.5155,3.9569,1.3190,0.4545
4,3,3518,3519,2,2,2,0.5000,3518.750,738.462,333.212,8.5732,15.0000,1.1538,0.5659,4.9461,0.5916,0.1015,0.3069,0.5000,0.5000,4.6163,1.6487,0.7885
5,3,3522,3524,3,2,1,0.8333,3523.226,296.435,770.000,9.1435,14.0000,1.1290,0.9582,4.6168,0.5854,0.2927,0.1220,0.9487,0.0000,4.6167,0.9893,0.6452
3,3,3522,3523,2,1,2,0.7500,3522.667,396.000,580.690,7.9963,15.0000,1.0714,0.4549,4.9465,0.5333,0.2667,0.2000,0.7071,0.0000,5.2761,1.6488,1.0000
4,3,3523,3524,2,3,1,0.6667,3523.453,119.943,534.000,8.7388,16.0000,1.2075,0.4564,5.2762,0.7576,0.1294,0.1129,0.5257,0.0000,4.7816,1.6488,0.8113
4,3,3526,3527,2,2,2,0.5000,3526.528,337.736,497.792,8.7394,14.0000,1.0566,0.6261,4.6171,0.5916,0.1015,0.3069,0.7071,0.7071,4.9468,1.3191,0.7925
4,3,3529,3530,2,2,1,1.0000,3529.480,245.480,340.000,8.2452,13.0000,1.0400,0.6788,4.2876,0.0000,0.7500,0.2500,1.0000,0.0000,4.6173,0.6596,0.7800
4,3,3530,3532,3,2,1,0.6667,3530.796,228.204,493.000,8.0806,13.0000,1.0612,0.8217,4.2878,0.7500,0.1500,0.1000,0.9487,0.0000,4.6175,1.3192,0.7959
3,3,3533,3533,1,2,2,0.7500,3533.000,407.659,694.683,7.8077,14.0000,1.0244,0.7309,4.6177,0.5333,0.2667,0.2000,0.0000,1.0000,4.9475,1.9791,1.0000
3,3,3538,3539,2,2,1,0.7500,3538.667,344.667,661.000,7.4279,13.0000,1.0000,0.7454,4.2885,0.5333,0.2667,0.2000,0.7071,0.0000,4.6184,1.8143,1.0000
3,3,3538,3538,1,2,2,0.7500,3538.000,851.310,543.690,7.9991,16.0000,1.1429,0.4377,5.2781,0.5333,0.2667,0.2000,0.0000,1.0000,4.6183,1.4844,1.0000
4,3,3540,3541,2,2,2,0.5000,3540.725,638.804,875.451,8.4125,14.0000,1.0980,0.8765,4.6186,0.5916,0.1015,0.3069,0.5000,0.5000,5.1134,2.3092,0.8039
5,4,3540,3541,2,2,2,0.6250,3540.625,926.819,818.556,10.6226,17.0000,1.1806,0.6942,5.6084,0.3432,0.2505,0.4063,0.6059,0.3645,5.2783,1.4845,0.8333
6,3,3541,3543,3,3,2,0.3333,3541.974,513.051,599.462,10.5055,16.0000,1.2308,0.4651,5.2786,0.3218,0.4574,0.2208,0.5418,0.4544,4.6187,1.4846,0.5897
5,3,3541,3543,3,2,2,0.4167,3541.950,792.667,382.217,8.8524,14.0000,1.1667,0.4007,4.6188,0.5461,0.2256,0.2283,0.8117,0.4177,4.6187,0.6598,0.6667
4,3,3544,3545,2,1,3,0.6667,3544.531,772.000,518.061,8.0833,13.0000,1.0612,0.5341,4.2892,0.7576,0.1294,0.1129,0.5257,0.0000,4.6191,1.6497,0.7959
3,3,3545,3546,2,2,1,0.7500,3545.625,371.729,569.000,9.1436,18.0000,1.1250,0.6812,5.9389,0.5333,0.2667,0.2000,0.7071,0.0000,5.9390,1.3198,1.0000
4,3,3546,3547,2,2,1,1.0000,3546.519,523.519,596.000,8.5787,14.0000,1.0769,0.6799,4.6193,0.0000,0.7500,0.2500,1.0000,0.0000,4.6193,0.9899,0.7692
3,3,3547,3548,2,1,2,0.7500,3547.667,566.000,785.333,7.4296,13.0000,1.0000,0.7454,4.2895,0.5333,0.2667,0.2000,0.7071,0.0000,4.6195,1.3198,1.0000
3,3,3549,3551,3,1,1,1.0000,3550.000,405.000,566.000,8.1920,15.0000,1.0465,1.0000,4.9498,0.8889,0.0000,0.1111,1.0000,0.0000,5.2795,1.6499,1.0000
4,3,3553,3555,3,2,1,0.6667,3553.961,556.529,497.000,8.4152,14.0000,1.0980,0.4722,4.6201,0.7576,0.1294,0.1129,0.8507,0.0000,3.9600,0.6600,0.7843
3,3,3555,3556,2,2,1,0.7500,3555.319,400.277,829.000,8.9552,19.0000,1.2128,0.4223,6.2703,0.5333,0.2667,0.2000,0.7071,0.0000,4.6203,0.8250,1.0000
3,3,3556,3557,2,1,2,0.7500,3556.333,467.000,337.690,8.0027,15.0000,1.0714,0.4549,4.9503,0.5333,0.2667,0.2000,0.7071,0.0000,4.2904,0.6601,1.0000
5,4,3563,3565,3,2,2,0.4167,3564.029,447.471,497.143,10.3332,17.0000,1.2143,0.5483,5.6114,0.5461,0.2256,0.2283,0.8117,0.4177,4.9511,1.4854,0.8571
4,3,3569,3570,2,2,1,1.0000,3569.490,640.529,865.000,8.4181,14.0000,1.0980,0.6938,4.6217,0.0000,0.7500,0.2500,1.0000,0.0000,4.9517,0.9903,0.7843
3,3,3583,3584,2,2,1,0.7500,3583.628,499.698,502.000,8.1985,16.0000,1.1163,0.6969,5.2837,0.5333,0.2667,0.2000,0.7071,0.0000,4.9536,0.6605,1.0000
3,3,3584,3585,2,2,1,0.7500,3584.350,184.325,433.000,7.6267,14.0000,1.0500,0.7267,4.6235,0.5333,0.2667,0.2000,0.7071,0.0000,4.9536,1.3210,1.0000
3,3,3584,3585,2,2,1,0.7500,3584.674,889.674,657.000,8.1988,15.0000,1.0465,0.4604,4.9538,0.5333,0.2667,0.2000,0.7071,0.0000,5.2840,1.6512,1.0000
3,3,3586,3587,2,2,1,0.7500,3586.690,483.357,518.000,8.0086,15.0000,1.0714,0.7135,4.9541,0.5333,0.2667,0.2000,0.7071,0.0000,4.9541,0.9908,1.0000
3,3,3587,3588,2,2,1,0.7500,3587.667,173.667,820.000,7.4368,13.0000,1.0000,0.7454,4.2937,0.5333,0.2667,0.2000,0.7071,0.0000,4.9542,1.8165,1.0000
3,3,3587,3588,2,2,1,0.7500,3587.698,268.628,291.000,8.1996,16.0000,1.1163,0.6969,5.2845,0.5333,0.2667,0.2000,0.7071,0.0000,4.2937,1.6514,1.0000
3,3,3588,3589,2,1,2,0.7500,3588.350,456.000,192.675,7.6277,14.0000,1.0500,0.7267,4.6241,0.5333,0.2667,0.2000,0.7071,0.0000,4.6240,0.9909,1.0000
7,5,3589,3591,3,1,3,0.7778,3590.258,611.000,707.124,12.1100,18.0000,1.2990,0.2859,5.9455,0.4747,0.4312,0.0941,0.5071,0.0000,5.2849,1.1561,0.7629
8,4,3589,3591,3,2,4,0.3333,3590.431,611.333,716.912,11.9119,15.0000,1.1765,1.7295,4.9546,0.7340,0.1544,0.1116,0.4387,0.1215,3.3032,1.6516,0.5588
4,3,3590,3591,2,1,2,1.0000,3590.460,753.000,904.540,8.2578,14.0000,1.1200,0.6505,4.6243,0.0000,0.7500,0.2500,0.0000,0.0000,4.6244,1.1561,0.8000
143,61,3593,3596,4,7,31,0.1647,3594.469,622.308,689.878,57.5460,29.0000,1.9909,10.3952,9.5808,0.9793,0.0136,0.0072,0.0510,0.9790,5.2859,1.9821,0.7105
10,3,3593,3595,3,4,2,0.4167,3594.481,708.481,796.725,13.6857,20.0000,1.5267,1.5931,6.6074,0.5089,0.2887,0.2024,0.0925,0.3657,3.6340,1.1563,0.5038
4,3,3594,3595,2,2,1,1.0000,3594.463,291.556,504.000,8.9199,16.0000,1.1852,0.6418,5.2857,0.0000,0.7500,0.2500,1.0000,0.0000,5.1207,1.8170,0.7963
4,3,3594,3595,2,2,2,0.5000,3594.661,628.429,201.821,9.2503,19.0000,1.3571,0.8075,6.2768,0.5916,0.1015,0.3069,0.5000,0.5000,4.7904,1.1563,0.8214
4,3,3594,3597,4,1,1,1.0000,3595.689,636.000,752.000,12.2241,27.0000,1.4595,0.3108,8.9204,0.9375,0.0000,0.0625,1.0000,0.0000,5.7817,0.4957,0.8649
5,4,3594,3596,3,2,1,0.8333,3595.196,687.315,793.000,13.5928,27.0000,1.4674,0.3710,8.9201,0.5854,0.2927,0.1220,0.9487,0.0000,5.9467,1.4867,0.8696
10,7,3594,3596,3,4,2,0.4167,3595.168,691.242,793.859,15.5666,26.0000,1.7450,1.2608,8.5897,0.6703,0.1886,0.1411,0.0130,0.1696,4.9557,1.6519,0.7852
9,5,3594,3596,3,4,2,0.3750,3595.274,695.089,794.911,14.8669,20.0000,1.3333,1.1264,6.6074,0.4881,0.3193,0.1926,0.1073,0.0885,4.2948,1.3214,0.6667
6,3,3595,3597,3,3,1,0.6667,3596.181,336.083,599.000,9.7114,14.0000,1.1667,0.1989,4.6254,0.2593,0.6296,0.1111,0.0000,0.0000,4.6255,0.6608,0.5694
6,5,3595,3597,3,1,3,0.6667,3596.196,621.000,720.520,13.7579,25.0000,1.4706,0.5189,8.2597,0.2083,0.6667,0.1250,0.4472,0.0000,4.7905,1.1563,0.9020
7,6,3595,3597,3,1,3,0.7778,3595.901,622.000,723.315,13.8610,21.0000,1.3243,0.3305,6.9381,0.4747,0.4312,0.0941,0.8619,0.0000,3.9644,0.6607,0.8919
5,3,3595,3597,3,1,2,0.8333,3595.957,625.000,731.696,10.1950,18.0000,1.3043,0.3074,5.9470,0.6340,0.2717,0.0943,1.0000,0.0000,3.3041,0.9911,0.6957
13,4,3595,3597,3,3,4,0.3611,3596.064,626.738,734.807,17.1354,28.0000,1.9465,1.2226,9.2508,0.6255,0.2277,0.1468,0.3202,0.2215,4.2950,0.8261,0.6631
4,3,3595,3597,3,2,1,0.6667,3595.838,628.147,738.000,11.2331,23.0000,1.3529,0.2186,7.5989,0.7500,0.1500,0.1000,0.9487,0.0000,5.1209,0.6608,0.8529
5,3,3595,3597,3,2,2,0.4167,3596.012,630.138,741.875,11.8203,24.0000,1.5000,0.1862,7.9293,0.4138,0.1655,0.4207,1.0000,0.0000,5.2859,0.9912,0.7375
5,4,3595,3597,3,1,2,0.8333,3596.078,635.000,749.688,11.3771,23.0000,1.4935,0.3213,7.5989,0.5854,0.2927,0.1220,0.9487,0.0000,4.2950,0.4955,0.8701
3,3,3595,3597,3,1,1,1.0000,3596.000,637.000,753.000,9.9189,22.0000,1.2692,0.0000,7.2685,0.8889,0.0000,0.1111,1.0000,0.0000,4.2953,0.6609,1.0000
3,3,3595,3597,3,1,1,1.0000,3596.169,655.000,774.000,11.2543,23.0000,1.1695,0.1695,7.5992,0.8889,0.0000,0.1111,1.0000,0.0000,6.9381,0.3304,1.0000
4,4,3595,3596,2,2,1,1.0000,3595.524,674.476,788.000,10.4070,17.0000,1.0794,0.6734,5.6166,0.0000,0.7500,0.2500,1.0000,0.0000,4.6253,0.3304,1.0000
5,4,3595,3596,2,3,1,0.8333,3595.437,681.632,791.000,12.8542,21.0000,1.2069,0.7684,6.9381,0.5854,0.2927,0.1220,0.3162,0.0000,5.2858,0.8258,0.8851
4,4,3595,3596,2,2,1,1.0000,3595.506,684.367,792.000,13.0500,26.0000,1.3165,0.6152,8.5901,0.0000,0.7500,0.2500,1.0000,0.0000,5.7815,0.9910,1.0000
4,3,3595,3596,2,3,1,0.6667,3595.197,700.656,796.000,10.0764,22.0000,1.4426,0.6846,7.2682,0.7500,0.1500,0.1000,0.3162,0.0000,3.7993,1.8170,0.8033
3,3,3596,3597,2,1,2,0.7500,3596.675,383.000,429.675,7.6302,14.0000,1.0500,0.4596,4.6256,0.5333,0.2667,0.2000,0.7071,0.0000,4.9560,1.8171,1.0000
4,3,3598,3599,2,2,1,1.0000,3598.500,232.442,668.000,8.5910,16.0000,1.2308,0.6676,5.2867,0.0000,0.7500,0.2500,1.0000,0.0000,4.6260,1.4869,0.8077
3,3,3600,3601,2,2,1,0.7500,3600.675,524.325,957.000,7.6316,14.0000,1.0500,0.4596,4.6265,0.5333,0.2667,0.2000,0.7071,0.0000,4.6265,0.9913,1.0000
6,3,3602,3604,3,2,2,0.5000,3603.013,630.276,672.145,10.2543,17.0000,1.3421,0.3122,5.6185,0.7074,0.0897,0.2030,0.9140,0.2540,4.2965,1.3220,0.5789
4,3,3602,3602,1,2,3,0.6667,3602.000,817.741,447.704,8.9230,16.0000,1.1852,0.3937,5.2877,0.7500,0.1500,0.1000,0.0000,1.0000,5.1224,1.9828,0.7963
3,3,3603,3603,1,2,2,0.7500,3603.000,616.317,501.366,7.8233,15.0000,1.0976,0.7090,4.9575,0.5333,0.2667,0.2000,0.0000,1.0000,4.9575,1.6525,1.0000
4,3,3607,3608,2,2,2,0.5000,3607.768,398.696,328.214,9.2564,17.0000,1.2143,0.7647,5.6200,0.0000,0.5625,0.4375,0.4459,0.5774,4.7934,1.6529,0.7857
3,3,3608,3609,2,2,1,0.7500,3608.341,385.317,655.000,7.8257,14.0000,1.0244,0.4660,4.6285,0.5333,0.2667,0.2000,0.7071,0.0000,5.2895,0.6612,1.0000
5,3,3608,3609,2,2,2,0.6250,3608.581,436.435,862.161,9.1667,14.0000,1.1290,0.8257,4.6283,0.3432,0.2505,0.4063,0.6059,0.3645,4.6286,1.3225,0.6452
3,3,3610,3612,3,1,1,1.0000,3611.000,406.000,474.000,7.6361,14.0000,1.0500,0.0000,4.6291,0.8889,0.0000,0.1111,1.0000,0.0000,3.9681,0.6614,1.0000
4,3,3610,3611,2,2,2,0.5000,3610.750,563.750,419.769,8.5968,14.0000,1.0769,0.4222,4.6291,0.0000,0.5625,0.4375,0.4459,0.5774,4.6290,1.3226,0.7692
4,3,3611,3613,3,2,1,0.6667,3612.038,382.519,576.000,8.5975,14.0000,1.0769,0.5207,4.6294,0.7576,0.1294,0.1129,0.8507,0.0000,4.4642,0.3307,0.7885
4,3,3619,3621,3,2,1,0.6667,3619.904,580.462,968.000,8.6020,15.0000,1.1538,1.0149,4.9624,0.7576,0.1294,0.1129,0.8507,0.0000,4.7973,1.3233,0.8077
4,3,3620,3620,1,2,2,1.0000,3620.000,489.481,648.462,8.6021,15.0000,1.1538,0.6947,4.9627,0.0000,0.7500,0.2500,0.0000,1.0000,5.1281,1.9849,0.8077
6,4,3622,3623,2,3,2,0.5000,3622.355,767.395,975.855,10.2669,15.0000,1.1842,0.7166,4.9634,0.5034,0.2551,0.2415,0.1128,0.4328,4.6327,1.9854,0.7237
4,3,3626,3627,2,2,1,1.0000,3626.455,832.545,536.000,9.1026,17.0000,1.2364,0.6428,5.6269,0.0000,0.7500,0.2500,1.0000,0.0000,4.6340,1.3240,0.7818
3,3,3628,3629,2,1,2,0.7500,3628.366,890.000,807.317,7.8364,15.0000,1.0976,0.7090,4.9660,0.5333,0.2667,0.2000,0.7071,0.0000,4.6346,1.3242,1.0000
3,3,3631,3632,2,2,1,0.7500,3631.350,490.325,773.000,7.6469,14.0000,1.0500,0.7267,4.6359,0.5333,0.2667,0.2000,0.7071,0.0000,4.6357,2.3178,1.0000
9,3,3634,3637,4,3,2,0.3750,3635.812,536.940,442.111,12.9180,16.0000,1.2308,1.0821,5.2998,0.5122,0.3564,0.1314,0.7365,0.0477,4.6370,1.6561,0.6068
4,3,3635,3636,2,2,1,1.0000,3635.453,247.566,806.000,8.7774,16.0000,1.2075,0.6272,5.2994,0.0000,0.7500,0.2500,1.0000,0.0000,4.8027,0.9937,0.8113
3,3,3637,3638,2,1,2,0.7500,3637.578,399.000,595.289,8.6067,19.0000,1.2667,0.6460,6.2939,0.5333,0.2667,0.2000,0.7071,0.0000,4.6380,1.3250,1.0000
3,3,3638,3639,2,1,2,0.7500,3638.366,645.000,634.317,7.8421,15.0000,1.0976,0.7090,4.9696,0.5333,0.2667,0.2000,0.7071,0.0000,4.6379,0.6627,1.0000
3,3,3643,3645,3,1,1,1.0000,3644.000,361.000,676.000,8.4193,18.0000,1.2273,0.0000,5.9657,0.8889,0.0000,0.1111,1.0000,0.0000,4.6402,1.3257,1.0000
3,3,3650,3651,2,1,2,0.7500,3650.659,839.000,376.659,7.8489,14.0000,1.0244,0.7418,4.6422,0.5333,0.2667,0.2000,0.7071,0.0000,5.3050,1.6579,1.0000
4,3,3651,3653,3,2,1,0.6667,3652.091,380.527,602.000,9.1192,16.0000,1.1636,0.5351,5.3057,0.7576,0.1294,0.1129,0.8507,0.0000,5.1401,2.1555,0.8182
5,3,3653,3654,2,3,1,0.8333,3653.571,411.778,602.000,9.3438,16.0000,1.2698,0.4828,5.3064,0.5854,0.2927,0.1220,0.3162,0.0000,4.6428,1.1607,0.6825
4,3,3657,3658,2,1,2,1.0000,3657.559,782.000,459.576,9.7859,19.0000,1.2881,0.6113,6.3029,0.0000,0.7500,0.2500,0.0000,0.0000,5.1417,0.6634,0.8136
3,3,3658,3659,2,2,1,0.7500,3658.333,345.667,264.000,7.4697,13.0000,1.0000,0.7454,4.3128,0.5333,0.2667,0.2000,0.7071,0.0000,4.6443,1.1611,1.0000
4,3,3658,3659,2,1,2,1.0000,3658.566,1038.000,321.472,8.7912,15.0000,1.1321,0.6410,4.9763,0.0000,0.7500,0.2500,0.0000,0.0000,5.3080,2.1564,0.8113
6,3,3659,3661,3,2,3,0.3333,3660.203,558.149,327.824,10.0231,14.0000,1.1351,0.8618,4.6451,0.4961,0.2890,0.2148,0.7188,0.3906,4.4791,1.4930,0.5676
6,3,3661,3663,3,3,2,0.3333,3661.795,519.671,649.712,9.8886,16.0000,1.3151,0.9067,5.3087,0.8073,0.0348,0.1578,0.6277,0.5513,4.3137,1.3273,0.5753
4,3,3663,3664,2,1,2,1.0000,3663.518,543.000,1002.446,9.2916,17.0000,1.2143,0.6571,5.6415,0.0000,0.7500,0.2500,0.0000,0.0000,4.8116,1.3274,0.7857
3,3,3663,3664,2,2,1,0.7500,3663.650,661.325,477.000,7.6636,14.0000,1.0500,0.7267,4.6457,0.5333,0.2667,0.2000,0.7071,0.0000,4.9778,2.1570,1.0000
3,3,3664,3665,2,2,1,0.7500,3664.683,137.634,507.000,7.8557,15.0000,1.0976,0.7090,4.9781,0.5333,0.2667,0.2000,0.7071,0.0000,4.9780,1.6594,1.0000
3,3,3664,3665,2,2,1,0.7500,3664.341,582.295,442.000,8.4304,16.0000,1.0909,0.4511,5.3096,0.5333,0.2667,0.2000,0.7071,0.0000,5.6417,1.9910,1.0000
3,3,3665,3666,2,2,1,0.7500,3665.683,817.659,849.000,7.8562,14.0000,1.0244,0.7309,4.6465,0.5333,0.2667,0.2000,0.7071,0.0000,4.9783,1.4935,1.0000
4,3,3669,3670,2,1,2,1.0000,3669.540,957.000,783.480,8.2989,14.0000,1.1200,0.6943,4.6475,0.0000,0.7500,0.2500,0.0000,0.0000,4.8134,1.3278,0.8000
3,3,3686,3687,2,1,2,0.7500,3686.295,660.000,420.295,8.4399,18.0000,1.2273,0.4178,5.9802,0.5333,0.2667,0.2000,0.7071,0.0000,4.6514,1.3290,1.0000
4,3,3686,3687,2,1,2,1.0000,3686.554,683.000,157.446,9.3027,18.0000,1.2857,0.6313,5.9805,0.0000,0.7500,0.2500,0.0000,0.0000,4.6513,1.1628,0.7857
4,3,3691,3692,2,2,2,0.5000,3691.456,666.737,519.789,9.4710,16.0000,1.1228,0.5671,5.3169,0.5916,0.1015,0.3069,0.7071,0.7071,5.1509,1.1631,0.7895
3,3,3692,3694,3,1,1,1.0000,3693.000,521.000,599.000,8.0587,16.0000,1.1429,0.0000,5.3174,0.8889,0.0000,0.1111,1.0000,0.0000,4.6529,1.9941,1.0000
3,3,3693,3693,1,2,2,0.7500,3693.000,719.667,463.667,7.4831,13.0000,1.0000,0.7454,4.3204,0.5333,0.2667,0.2000,0.0000,1.0000,4.6527,0.9970,1.0000
3,3,3694,3695,2,1,2,0.7500,3694.690,816.000,363.333,8.0593,15.0000,1.0714,0.4549,4.9855,0.5333,0.2667,0.2000,0.7071,0.0000,4.9855,0.9971,1.0000
3,3,3696,3697,2,1,2,0.7500,3696.318,885.000,1016.705,8.4437,17.0000,1.1591,0.4342,5.6504,0.5333,0.2667,0.2000,0.7071,0.0000,4.9859,1.9943,1.0000
3,3,3697,3698,2,2,1,0.7500,3697.659,548.659,445.000,7.8684,14.0000,1.0244,0.7418,4.6537,0.5333,0.2667,0.2000,0.7071,0.0000,4.9859,1.3296,1.0000
6,3,3699,3700,2,3,2,0.5000,3699.649,483.584,356.649,10.4500,15.0000,1.1688,0.8469,4.9865,0.6854,0.0214,0.2932,0.3377,0.6213,4.6540,1.6621,0.5714
6,3,3699,3701,3,1,3,0.6667,3700.055,501.000,407.795,9.9073,16.0000,1.3151,0.7964,5.3190,0.6944,0.2222,0.0833,0.8000,0.0000,4.3217,1.3298,0.5753
3,3,3701,3702,2,2,1,0.7500,3701.667,724.644,387.000,8.6375,16.0000,1.0667,0.7255,5.3194,0.5333,0.2667,0.2000,0.7071,0.0000,4.6543,1.3299,1.0000
4,3,3702,3703,2,1,2,1.0000,3702.460,663.000,547.520,8.3117,14.0000,1.1200,0.6943,4.6545,0.0000,0.7500,0.2500,0.0000,0.0000,4.6545,0.3325,0.8000
5,3,3705,3706,2,2,2,0.6250,3705.390,466.441,583.661,8.7734,13.0000,1.1017,0.6790,4.3227,0.2938,0.4054,0.3007,0.0000,0.3029,4.9875,1.8287,0.6610
3,3,3707,3708,2,2,1,0.7500,3707.634,421.317,465.000,7.8715,15.0000,1.0976,0.7090,4.9879,0.5333,0.2667,0.2000,0.7071,0.0000,4.8218,1.8290,1.0000
3,3,3707,3708,2,2,1,0.7500,3707.341,547.683,632.000,7.8715,14.0000,1.0244,0.4660,4.6555,0.5333,0.2667,0.2000,0.7071,0.0000,4.9879,1.9952,1.0000
4,3,3708,3709,2,2,1,1.0000,3708.528,317.491,859.000,8.8125,14.0000,1.0566,0.6806,4.6557,0.0000,0.7500,0.2500,1.0000,0.0000,5.1544,1.4964,0.7736
3,3,3712,3713,2,2,1,0.7500,3712.698,314.302,925.000,8.2571,17.0000,1.1860,0.4276,5.6542,0.5333,0.2667,0.2000,0.7071,0.0000,4.6564,1.3305,1.0000
3,3,3716,3718,3,1,1,1.0000,3716.929,690.000,534.000,8.0664,16.0000,1.1429,0.9286,5.3222,0.8889,0.0000,0.1111,1.0000,0.0000,3.9920,0.9980,1.0000
4,3,3724,3725,2,2,1,1.0000,3724.549,429.471,488.000,8.4850,14.0000,1.0980,0.6518,4.6585,0.0000,0.7500,0.2500,1.0000,0.0000,4.8248,1.3310,0.8039
3,3,3724,3725,2,1,2,0.7500,3724.333,649.000,396.667,8.6449,15.0000,1.0000,0.7454,4.9913,0.5333,0.2667,0.2000,0.7071,0.0000,5.3238,1.6637,1.0000
3,3,3725,3727,3,1,1,1.0000,3726.024,386.000,300.000,8.0691,15.0000,1.0714,0.0238,4.9915,0.8889,0.0000,0.1111,1.0000,0.0000,4.9917,0.9983,1.0000
23,17,3727,3730,4,4,4,0.3594,3728.374,519.754,982.959,28.7285,31.0000,1.7222,0.4501,10.3165,0.2545,0.2065,0.5390,0.7478,0.6463,5.9902,1.9966,0.8430
6,3,3730,3732,3,2,2,0.5000,3730.868,492.684,474.658,10.3266,15.0000,1.1842,0.4838,4.9924,0.6381,0.1455,0.2164,0.8019,0.3768,4.4933,1.1648,0.5526
4,3,3730,3731,2,2,2,0.5000,3730.472,543.792,656.736,8.8198,14.0000,1.0566,0.8984,4.6596,0.5916,0.1015,0.3069,0.7071,0.7071,4.9923,1.6642,0.7925
11,7,3733,3735,3,3,2,0.6111,3734.425,493.822,1190.630,14.6535,15.0000,1.1301,0.5906,4.9933,0.2406,0.3479,0.4115,0.2619,0.1674,4.6603,1.6644,0.6849
5,3,3733,3735,3,1,2,0.8333,3734.258,650.000,310.403,9.2297,14.0000,1.1290,0.9522,4.6604,0.5854,0.2927,0.1220,0.9487,0.0000,3.9945,0.8322,0.6452
4,3,3733,3734,2,1,2,1.0000,3733.426,713.000,288.519,8.9873,16.0000,1.1852,0.6710,5.3257,0.0000,0.7500,0.2500,0.0000,0.0000,4.9930,1.3314,0.8148
4,3,3735,3737,3,2,1,0.6667,3736.060,1006.540,815.000,8.3225,14.0000,1.1200,0.4639,4.6606,0.7576,0.1294,0.1129,0.8507,0.0000,4.6607,1.9975,0.8000
4,3,3737,3739,3,2,1,0.6667,3738.000,656.220,812.000,8.3232,13.0000,1.0400,1.0239,4.3283,0.5357,0.3214,0.1429,1.0000,0.0000,4.6609,1.8311,0.7800
3,3,3743,3744,2,1,2,0.7500,3743.674,444.000,343.349,8.2675,15.0000,1.0465,0.7280,4.9953,0.5333,0.2667,0.2000,0.7071,0.0000,4.9953,1.3321,1.0000
5,4,3743,3745,3,1,2,0.8333,3744.206,651.000,436.426,10.1275,16.0000,1.1765,0.6094,5.3284,0.5854,0.2927,0.1220,0.9487,0.0000,4.6625,0.9991,0.8235
6,3,3744,3747,4,2,2,0.3750,3745.471,346.857,503.814,9.5176,14.0000,1.2000,0.5264,4.6626,0.7722,0.0368,0.1910,0.9884,0.0000,4.1632,1.6651,0.5714
3,3,3745,3746,2,2,1,0.7500,3745.310,448.333,351.000,8.0759,15.0000,1.0714,0.4549,4.9956,0.5333,0.2667,0.2000,0.7071,0.0000,5.3286,1.9982,1.0000
4,3,3753,3755,3,2,1,0.6667,3754.039,576.490,314.000,8.4967,14.0000,1.0980,0.5113,4.6648,0.7576,0.1294,0.1129,0.8507,0.0000,4.8315,1.9991,0.7843
5,3,3755,3756,2,2,2,0.6250,3755.383,968.550,827.833,8.9415,14.0000,1.1667,0.6908,4.6651,0.3432,0.2505,0.4063,0.6059,0.3645,4.6651,1.6662,0.6667
5,3,3764,3766,3,2,1,0.8333,3765.262,484.631,802.000,9.6928,15.0000,1.1538,0.8256,5.0019,0.5854,0.2927,0.1220,0.9487,0.0000,5.0016,1.6673,0.6615
4,3,3765,3766,2,2,1,1.0000,3765.463,227.556,410.000,9.0031,15.0000,1.1111,0.6418,5.0019,0.0000,0.7500,0.2500,1.0000,0.0000,5.1683,1.3338,0.8148
4,3,3768,3769,2,2,2,0.5000,3768.667,589.593,429.167,9.0051,18.0000,1.3333,0.7989,6.0031,0.5916,0.1015,0.3069,0.5000,0.5000,4.8362,1.0007,0.8333
4,3,3769,3770,2,1,2,1.0000,3769.460,635.000,504.540,8.3385,14.0000,1.1200,0.7094,4.6698,0.0000,0.7500,0.2500,0.0000,0.0000,5.1697,1.6677,0.8200
5,3,3770,3772,3,2,1,0.8333,3770.780,655.627,424.000,8.8015,15.0000,1.2712,0.4331,5.0037,0.5854,0.2927,0.1220,0.9487,0.0000,4.6698,1.3342,0.6949
4,3,3773,3774,2,2,1,1.0000,3773.464,374.500,681.000,9.3419,17.0000,1.2143,0.6823,5.6717,0.0000,0.7500,0.2500,1.0000,0.0000,5.0046,2.0017,0.8036
4,3,3773,3775,3,2,1,0.6667,3774.017,570.793,921.000,9.6759,19.0000,1.3103,0.2076,6.3394,0.5357,0.3214,0.1429,1.0000,0.0000,5.1716,2.3352,0.7931
3,3,3777,3779,3,1,1,1.0000,3778.000,959.000,443.000,8.0931,16.0000,1.1429,0.0000,5.3401,0.8889,0.0000,0.1111,1.0000,0.0000,4.0054,0.8344,1.0000
5,3,3781,3782,2,1,3,0.8333,3781.448,726.000,377.276,8.6594,13.0000,1.1207,0.8517,4.3402,0.5854,0.2927,0.1220,0.3162,0.0000,4.6737,1.6692,0.6724
10,4,3785,3788,4,3,2,0.4167,3786.436,899.675,638.462,12.3568,15.0000,1.2821,0.9268,5.0095,0.6259,0.1957,0.1784,0.8754,0.4206,4.3420,1.3360,0.5812
4,3,3787,3789,3,1,2,0.6667,3788.018,959.000,583.263,9.5197,17.0000,1.1930,0.2637,5.6784,0.5357,0.3214,0.1429,1.0000,0.0000,5.3443,1.8372,0.7895
3,3,3789,3790,2,2,1,0.7500,3789.317,302.317,393.000,7.9076,15.0000,1.0976,0.4484,5.0108,0.5333,0.2667,0.2000,0.7071,0.0000,4.6771,1.5032,1.0000
3,3,3791,3792,2,1,2,0.7500,3791.325,642.000,288.675,7.7161,14.0000,1.0500,0.4596,4.6775,0.5333,0.2667,0.2000,0.7071,0.0000,4.3438,1.5034,1.0000
4,3,3791,3792,2,2,1,1.0000,3791.549,703.549,519.000,8.5201,15.0000,1.1765,0.6378,5.0120,0.0000,0.7500,0.2500,1.0000,0.0000,4.6777,2.1718,0.8039
4,3,3793,3794,2,2,1,1.0000,3793.491,287.473,362.000,9.1899,15.0000,1.0909,0.6947,5.0129,0.0000,0.7500,0.2500,1.0000,0.0000,5.0125,1.0025,0.7818
3,3,3797,3798,2,1,2,0.7500,3797.310,423.000,601.667,8.1062,15.0000,1.0714,0.4549,5.0142,0.5333,0.2667,0.2000,0.7071,0.0000,5.0142,1.0029,1.0000
3,3,3799,3800,2,1,2,0.7500,3799.683,559.000,253.317,7.9149,15.0000,1.0976,0.4484,5.0156,0.5333,0.2667,0.2000,0.7071,0.0000,4.6813,1.6719,1.0000
4,3,3800,3801,2,3,1,0.6667,3800.245,574.679,345.000,8.8612,16.0000,1.2075,0.4038,5.3500,0.7500,0.1500,0.1000,0.3162,0.0000,5.1830,1.5047,0.8113
5,3,3806,3807,2,2,2,0.6250,3806.783,418.367,951.667,8.9783,14.0000,1.1667,0.5408,4.6845,0.3432,0.2505,0.4063,0.5155,0.8569,4.8513,2.0076,0.6667
4,4,3806,3807,2,2,1,1.0000,3806.526,686.509,908.000,9.5358,15.0000,1.0526,0.6951,5.0191,0.0000,0.7500,0.2500,1.0000,0.0000,5.1862,1.6730,1.0000
4,3,3809,3810,2,1,2,1.0000,3809.538,517.000,556.481,8.7022,14.0000,1.0769,0.6665,4.6860,0.0000,0.7500,0.2500,0.0000,0.0000,4.8531,1.3388,0.7885
3,3,3811,3813,3,1,1,1.0000,3812.000,701.000,371.000,7.5384,13.0000,1.0000,1.0000,4.3528,0.8889,0.0000,0.1111,1.0000,0.0000,4.6871,1.1718,1.0000
3,3,3812,3813,2,2,1,0.7500,3812.667,478.333,405.000,8.1190,14.0000,1.0000,0.7454,4.6877,0.5333,0.2667,0.2000,0.7071,0.0000,5.0225,1.8417,1.0000
4,3,3819,3820,2,1,2,1.0000,3819.569,654.000,196.529,8.5458,15.0000,1.1765,0.6829,5.0273,0.0000,0.7500,0.2500,0.0000,0.0000,5.1945,1.5080,0.8235
3,3,3819,3820,2,1,2,0.7500,3819.682,780.000,274.705,8.5136,17.0000,1.1591,0.4342,5.6976,0.5333,0.2667,0.2000,0.7071,0.0000,5.0266,1.3406,1.0000
4,3,3826,3827,2,2,1,1.0000,3826.481,365.442,535.000,8.7236,15.0000,1.1538,0.6821,5.0334,0.0000,0.7500,0.2500,1.0000,0.0000,4.8645,1.1743,0.8077
6,3,3828,3830,3,2,2,0.5000,3828.787,504.347,525.120,10.2781,16.0000,1.2800,0.4244,5.3711,0.5230,0.1584,0.3185,0.9225,0.0898,4.6989,1.6779,0.5867
5,3,3829,3831,3,2,2,0.4167,3829.940,559.642,779.164,10.0607,17.0000,1.2687,0.3985,5.7081,0.5461,0.2256,0.2283,0.8117,0.4177,4.7007,1.0072,0.6716
3,3,3833,3834,2,2,1,0.7500,3833.659,199.705,519.000,8.5373,16.0000,1.0909,0.4511,5.3775,0.5333,0.2667,0.2000,0.7071,0.0000,5.3763,1.1762,1.0000
5,3,3833,3835,3,2,2,0.4167,3834.169,818.431,848.815,9.7704,15.0000,1.1538,0.6219,5.0415,0.7729,0.0435,0.1836,0.8328,0.5477,4.8722,1.6805,0.6308
5,3,3835,3837,3,1,2,0.8333,3835.823,404.000,385.565,9.3237,14.0000,1.1290,0.9977,4.7079,0.5854,0.2927,0.1220,0.9487,0.0000,5.0440,1.3448,0.6613
4,3,3847,3849,3,2,1,0.6667,3847.981,693.491,497.000,8.9501,14.0000,1.0566,0.4909,4.7284,0.7576,0.1294,0.1129,0.8507,0.0000,4.8963,2.0250,0.7736
3,3,3848,3849,2,1,2,0.7500,3848.689,723.000,466.289,8.7775,18.0000,1.2000,0.4246,6.0821,0.5333,0.2667,0.2000,0.7071,0.0000,5.0663,1.3508,1.0000
4,3,3851,3852,2,2,1,1.0000,3851.463,822.481,532.000,9.1337,15.0000,1.1111,0.6680,5.0732,0.0000,0.7500,0.2500,1.0000,0.0000,5.2433,1.5218,0.7778
5,3,3853,3855,3,2,2,0.4167,3853.984,901.387,405.597,9.3917,13.0000,1.0484,0.7115,4.4034,0.7383,0.0485,0.2132,0.7071,0.0000,5.0803,1.5240,0.6290
4,3,3856,3857,2,1,3,0.6667,3856.607,946.000,480.839,9.4976,18.0000,1.2857,0.9267,6.1069,0.7576,0.1294,0.1129,0.5257,0.0000,5.2572,2.0338,0.8393
4,3,3868,3869,2,1,2,1.0000,3868.407,657.000,426.576,10.0799,20.0000,1.3559,0.5874,6.8319,0.0000,0.7500,0.2500,0.0000,0.0000,5.2971,1.0248,0.8305
4,3,3876,3877,2,2,1,1.0000,3876.526,566.421,560.000,9.7931,19.0000,1.3333,0.6338,6.5309,0.0000,0.7500,0.2500,1.0000,0.0000,4.9807,1.2028,0.8070
5,3,3877,3878,2,2,2,0.6250,3877.556,495.841,637.587,9.6882,14.0000,1.1111,0.8239,4.8122,0.3432,0.2505,0.4063,0.6059,0.3645,4.8155,1.5474,0.6508
4,3,3880,3881,2,2,1,1.0000,3880.442,504.462,793.000,8.9587,15.0000,1.1538,0.6393,5.1669,0.0000,0.7500,0.2500,1.0000,0.0000,4.9962,1.2064,0.8077
6,3,3884,3885,2,1,3,1.0000,3884.541,542.000,251.068,10.4391,15.0000,1.2162,0.4644,5.1849,0.5556,0.3333,0.1111,0.0000,0.0000,4.6646,1.3824,0.5541
4,3,3895,3896,2,1,2,1.0000,3895.569,778.000,156.448,10.0934,18.0000,1.2414,0.6219,6.2665,0.0000,0.7500,0.2500,0.0000,0.0000,5.7415,1.3928,0.8103
3,3,3895,3896,2,2,1,0.7500,3895.333,898.333,395.000,8.4385,14.0000,1.0000,0.4714,4.8740,0.5333,0.2667,0.2000,0.7071,0.0000,5.5668,2.2629,1.0000
4,3,3898,3899,2,1,2,1.0000,3898.472,945.000,413.491,9.2392,14.0000,1.0566,0.6806,4.8798,0.0000,0.7500,0.2500,0.0000,0.0000,5.4039,1.9173,0.7736
4,3,3898,3899,2,1,2,1.0000,3898.549,986.000,646.451,8.8910,14.0000,1.0980,0.7105,4.8826,0.0000,0.7500,0.2500,0.0000,0.0000,5.5783,1.7433,0.8235
7,3,3899,3900,2,3,3,0.3889,3899.646,557.532,228.835,10.4174,15.0000,1.3291,1.4115,5.2314,0.6470,0.1845,0.1685,0.3729,0.8908,4.0129,1.9178,0.5190
6,3,3899,3901,3,2,2,0.5000,3900.343,1102.857,847.629,9.9742,13.0000,1.1143,0.7301,4.5390,0.5034,0.2551,0.2415,0.9677,0.2521,4.5375,1.0463,0.5571
5,3,3901,3903,3,2,1,0.8333,3902.270,512.365,500.000,9.8440,16.0000,1.2698,0.4540,5.5895,0.5854,0.2927,0.1220,0.9487,0.0000,5.2424,1.7473,0.6825
8,3,3904,3905,2,4,2,0.5000,3904.306,556.459,534.184,12.1191,18.0000,1.4694,0.8521,6.2982,0.6000,0.1500,0.2500,0.0000,0.7071,4.3726,1.5742,0.5102
3,3,3904,3906,3,1,1,1.0000,3904.976,864.000,375.000,8.2825,16.0000,1.1707,0.0244,5.5984,0.8889,0.0000,0.1111,1.0000,0.0000,4.8957,0.8747,1.0000
4,3,3906,3907,2,1,2,1.0000,3906.481,1047.000,504.577,9.1043,15.0000,1.1538,0.6404,5.2538,0.0000,0.7500,0.2500,0.0000,0.0000,5.0762,1.2258,0.8077
3,3,3908,3909,2,1,2,0.7500,3908.351,379.000,514.676,7.4871,13.0000,1.0541,0.7252,4.5577,0.5333,0.2667,0.2000,0.7071,0.0000,4.5555,1.0515,1.0000
4,3,3909,3910,2,3,1,0.6667,3909.542,491.042,393.000,8.4164,14.0000,1.1667,0.4602,4.9106,0.7576,0.1294,0.1129,0.5257,0.0000,3.8573,0.7012,0.7917
4,3,3910,3911,2,2,2,0.5000,3910.700,312.200,380.760,8.7718,15.0000,1.2000,0.7666,5.2614,0.0000,0.5625,0.4375,0.4459,0.5774,5.0884,1.9291,0.8000
4,3,3910,3911,2,1,2,1.0000,3910.521,477.000,637.521,8.4203,13.0000,1.0833,0.6776,4.5620,0.0000,0.7500,0.2500,0.0000,0.0000,4.5605,1.0524,0.7708
5,3,3912,3913,2,2,2,0.6250,3912.621,722.672,404.776,9.1090,13.0000,1.1207,0.7368,4.5661,0.3432,0.2505,0.4063,0.6059,0.3645,4.9153,1.4046,0.6724
4,3,3912,3913,2,1,2,1.0000,3912.469,827.000,525.490,8.6033,13.0000,1.0612,0.6784,4.5641,0.0000,0.7500,0.2500,0.0000,0.0000,4.7404,1.4045,0.7755
6,3,3913,3915,3,2,2,0.5000,3914.097,825.250,402.417,10.3292,18.0000,1.5000,0.6421,6.3250,0.6381,0.1455,0.2164,0.8019,0.3768,4.5679,2.1080,0.6111
3,3,3913,3915,3,1,1,1.0000,3913.911,907.000,592.000,9.1290,17.0000,1.1333,0.0889,5.9736,0.8889,0.0000,0.1111,1.0000,0.0000,6.3220,1.4057,1.0000
5,3,3914,3915,2,2,2,0.6250,3914.579,389.404,316.842,8.9596,13.0000,1.1404,0.7231,4.5681,0.3432,0.2505,0.4063,0.6059,0.3645,4.9211,1.7580,0.6491
4,3,3914,3915,2,2,2,0.5000,3914.267,395.533,418.800,7.9072,12.0000,1.0667,0.6289,4.2185,0.5916,0.1015,0.3069,0.5000,0.5000,4.5682,1.7559,0.8000
3,3,3916,3917,2,1,2,0.7500,3916.293,500.000,179.634,8.3260,15.0000,1.0976,0.6984,5.2753,0.5333,0.2667,0.2000,0.7071,0.0000,5.2753,1.2309,1.0000
4,3,3917,3918,2,2,1,1.0000,3917.510,422.529,593.000,8.9736,14.0000,1.0980,0.6938,4.9257,0.0000,0.7500,0.2500,1.0000,0.0000,5.2795,1.7590,0.7843
5,3,3919,3920,2,2,2,0.6250,3919.768,706.339,962.375,8.8211,13.0000,1.1607,0.9194,4.5775,0.3432,0.2505,0.4063,0.5155,0.8569,4.5795,1.2322,0.6607
6,3,3921,3923,3,2,2,0.5000,3921.824,860.132,361.353,9.7858,13.0000,1.1471,0.4162,4.5828,0.5230,0.1584,0.3185,0.9225,0.0898,4.4066,1.4100,0.5441
4,3,3922,3923,2,1,3,0.6667,3922.457,466.000,365.065,8.1095,13.0000,1.1304,0.4612,4.5828,0.7576,0.1294,0.1129,0.5257,0.0000,4.5837,1.2337,0.8043
3,3,3922,3924,3,1,1,1.0000,3922.973,972.000,451.000,7.5334,13.0000,1.0541,0.9730,4.5828,0.8889,0.0000,0.1111,1.0000,0.0000,4.5860,1.2343,1.0000
4,3,3923,3924,2,2,1,1.0000,3923.489,711.511,871.000,8.2890,12.0000,1.0213,0.7073,4.2335,0.0000,0.7500,0.2500,1.0000,0.0000,4.5846,1.0581,0.7660
5,3,3924,3925,2,2,2,0.6250,3924.540,595.476,492.825,9.9417,17.0000,1.3492,0.7721,5.9974,0.3432,0.2505,0.4063,0.6059,0.3645,4.5859,0.7056,0.6667
3,3,3924,3926,3,1,1,1.0000,3925.025,621.000,357.000,8.1504,15.0000,1.1250,0.0250,5.2938,0.8889,0.0000,0.1111,1.0000,0.0000,4.9424,0.7058,1.0000
4,3,3924,3925,2,2,2,0.5000,3924.543,877.804,714.283,8.1158,13.0000,1.1304,0.8725,4.5880,0.5916,0.1015,0.3069,0.7071,0.7071,4.9393,1.0590,0.8043
4,3,3926,3927,2,1,2,1.0000,3926.481,508.000,406.481,9.1809,15.0000,1.1538,0.7076,5.2977,0.0000,0.7500,0.2500,0.0000,0.0000,5.1193,1.4126,0.8077
5,3,3927,3929,3,2,1,0.8333,3928.150,695.667,418.000,9.4806,14.0000,1.1667,1.1973,4.9462,0.5854,0.2927,0.1220,0.9487,0.0000,4.9478,1.7666,0.6667
4,3,3927,3928,2,2,2,0.5000,3927.457,914.283,500.196,8.1244,13.0000,1.1304,0.8725,4.5913,0.5916,0.1015,0.3069,0.7071,0.7071,4.5922,1.7658,0.8043
4,3,3928,3929,2,2,1,1.0000,3928.560,455.580,805.000,8.8343,16.0000,1.2800,0.6083,5.6549,0.0000,0.7500,0.2500,1.0000,0.0000,4.7706,2.1201,0.8200
4,3,3928,3931,4,1,1,1.0000,3929.510,850.000,297.000,9.0141,15.0000,1.1765,0.5098,5.3014,0.9375,0.0000,0.0625,1.0000,0.0000,4.7740,1.7680,0.7843
4,3,3933,3935,3,1,2,0.6667,3934.200,910.000,395.800,7.9667,12.0000,1.0667,1.2166,4.2501,0.7500,0.1500,0.1000,0.9487,0.0000,4.6019,1.5932,0.8000
4,3,3933,3934,2,1,2,1.0000,3933.489,1045.000,419.511,8.3187,12.0000,1.0213,0.7073,4.2486,0.0000,0.7500,0.2500,0.0000,0.0000,4.6012,1.2392,0.7660
6,4,3934,3936,3,2,2,0.5000,3935.191,690.353,337.691,9.8329,13.0000,1.1471,0.5064,4.6043,0.6381,0.1455,0.2164,0.8019,0.3768,4.6039,1.5936,0.7206
4,4,3934,3936,3,1,2,0.6667,3935.203,845.000,143.780,10.4489,17.0000,1.1525,0.2999,6.0210,0.7500,0.1500,0.1000,0.9487,0.0000,5.8441,1.7706,1.0000
5,3,3935,3936,2,2,3,0.4167,3935.393,494.161,317.946,8.8712,13.0000,1.1607,1.0373,4.6043,0.5461,0.2256,0.2283,0.5716,0.7118,4.9584,1.7711,0.6607
4,3,3936,3937,2,2,2,0.5000,3936.261,851.217,458.739,8.1496,12.0000,1.0435,0.8134,4.2531,0.0000,0.5625,0.4375,0.4459,0.5774,4.9599,2.1250,0.7826
10,6,3936,3938,3,3,2,0.5556,3937.127,1251.890,714.678,13.2258,14.0000,1.1864,0.6985,4.9619,0.5106,0.1404,0.3489,0.6931,0.1400,4.7848,2.1257,0.6610
4,4,3937,3938,2,1,2,1.0000,3937.500,473.000,546.482,9.9256,15.0000,1.0714,0.6946,5.3182,0.0000,0.7500,0.2500,0.0000,0.0000,5.3163,1.4181,1.0000
3,3,3937,3938,2,2,1,0.7500,3937.690,800.286,449.000,8.5964,17.0000,1.2143,0.4212,6.0273,0.5333,0.2667,0.2000,0.7071,0.0000,4.9620,1.0636,1.0000
4,3,3938,3940,3,1,2,0.6667,3939.093,1047.000,447.537,9.5765,15.0000,1.1111,0.5450,5.3220,0.7576,0.1294,0.1129,0.8507,0.0000,5.8519,2.1278,0.8148
6,3,3939,3940,2,3,2,0.5000,3939.391,489.420,341.319,9.9922,14.0000,1.2174,0.8055,4.9672,0.6854,0.0214,0.2932,0.3377,0.6213,4.6109,1.0643,0.5797
4,3,3940,3941,2,2,2,0.5000,3940.478,662.804,401.739,8.1618,13.0000,1.1304,0.6153,4.6140,0.5916,0.1015,0.3069,0.7071,0.7071,4.6126,1.9518,0.8043
5,4,3940,3942,3,1,2,0.8333,3941.279,992.000,725.574,9.6833,13.0000,1.0656,0.6379,4.6157,0.5854,0.2927,0.1220,0.9487,0.0000,4.9690,1.4196,0.8525
4,3,3940,3941,2,2,1,1.0000,3940.460,1074.500,564.000,8.8714,14.0000,1.1200,0.6794,4.9672,0.0000,0.7500,0.2500,1.0000,0.0000,4.7907,1.0645,0.7800
3,3,3941,3942,2,1,2,0.7500,3941.674,469.000,473.698,8.8135,16.0000,1.1163,0.4443,5.6808,0.5333,0.2667,0.2000,0.7071,0.0000,5.6788,1.7755,1.0000
4,3,3942,3943,2,2,2,0.5000,3942.292,526.542,310.792,8.5222,14.0000,1.1667,0.8690,4.9725,0.5916,0.1015,0.3069,0.5000,0.5000,4.6159,1.5984,0.7917
4,3,3942,3943,2,1,3,0.6667,3942.571,559.000,476.939,8.7006,16.0000,1.3061,0.4329,5.6829,0.7576,0.1294,0.1129,0.5257,0.0000,4.6167,1.7753,0.8163
5,3,3942,3944,3,2,2,0.4167,3943.071,618.839,375.232,8.8954,13.0000,1.1607,0.7877,4.6190,0.4138,0.1655,0.4207,1.0000,0.0000,4.9720,1.7753,0.6786
6,3,3942,3944,3,1,4,0.5000,3943.386,709.000,116.871,10.1516,16.0000,1.3714,0.6276,5.6850,0.8424,0.1058,0.0518,0.5335,0.0000,4.4398,1.0659,0.5714
3,3,3943,3944,2,1,2,0.7500,3943.316,830.000,402.316,7.7933,14.0000,1.1053,0.4466,4.9725,0.5333,0.2667,0.2000,0.7071,0.0000,4.9741,2.1309,1.0000
3,3,3944,3946,3,1,1,1.0000,3945.026,555.000,434.000,8.0034,14.0000,1.0769,0.0256,4.9762,0.8889,0.0000,0.1111,1.0000,0.0000,4.9776,1.4219,1.0000
6,3,3944,3945,2,2,3,0.5000,3944.868,964.691,485.397,9.8668,16.0000,1.4118,0.6902,5.6870,0.5034,0.2551,0.2415,0.2255,0.8655,4.2651,1.4216,0.5882
5,3,3944,3945,2,2,2,0.6250,3944.814,966.627,520.576,9.3778,13.0000,1.1017,0.7113,4.6207,0.3432,0.2505,0.4063,0.5155,0.8569,4.6208,1.7762,0.6441
5,3,3946,3948,3,2,2,0.4167,3947.048,650.161,851.806,9.8629,17.0000,1.3710,0.2565,6.0470,0.4138,0.1655,0.4207,1.0000,0.0000,4.6241,1.2445,0.6774
3,3,3949,3950,2,1,2,0.7500,3949.351,1146.000,296.676,7.6053,13.0000,1.0541,0.7252,4.6294,0.5333,0.2667,0.2000,0.7071,0.0000,4.6278,2.1350,1.0000
5,3,3950,3951,2,2,2,0.6250,3950.561,560.386,276.175,9.0796,13.0000,1.1404,0.7035,4.6294,0.3432,0.2505,0.4063,0.6059,0.3645,4.6300,1.4256,0.6491
3,3,3950,3951,2,2,1,0.7500,3950.359,639.667,395.000,8.0195,14.0000,1.0769,0.7225,4.9874,0.5333,0.2667,0.2000,0.7071,0.0000,4.9859,1.6026,1.0000
3,3,3951,3952,2,2,1,0.7500,3951.293,535.317,619.000,8.4338,16.0000,1.1707,0.4315,5.6999,0.5333,0.2667,0.2000,0.7071,0.0000,4.9874,1.7812,1.0000
4,3,3952,3954,3,1,2,0.6667,3952.957,733.000,533.478,8.2000,12.0000,1.0435,1.0694,4.2783,0.7576,0.1294,0.1129,0.8507,0.0000,4.6339,1.4260,0.7826
6,3,3952,3954,3,2,2,0.5000,3953.408,735.423,309.873,10.3358,16.0000,1.3521,0.8363,5.7067,0.5034,0.2551,0.2415,0.9677,0.2521,4.8143,1.9615,0.6056
4,4,3953,3954,2,1,2,1.0000,3953.482,647.000,531.464,9.9847,15.0000,1.0714,0.6693,5.3500,0.0000,0.7500,0.2500,0.0000,0.0000,5.5261,1.0696,1.0000
4,3,3953,3954,2,2,1,1.0000,3953.467,794.533,245.000,8.0233,12.0000,1.0667,0.7087,4.2800,0.0000,0.7500,0.2500,1.0000,0.0000,4.6348,1.0699,0.8000
3,3,3953,3953,1,2,2,0.7500,3953.000,977.308,567.333,8.0278,14.0000,1.0769,0.4536,4.9914,0.5333,0.2667,0.2000,0.0000,1.0000,4.9914,1.4253,1.0000
3,3,3954,3956,3,1,1,1.0000,3954.952,533.000,128.000,8.6521,15.0000,1.0714,0.9524,5.3500,0.8889,0.0000,0.1111,1.0000,0.0000,5.3520,0.8916,1.0000
3,3,3954,3955,2,1,2,0.7500,3954.368,719.000,463.684,7.8262,14.0000,1.1053,0.7061,4.9954,0.5333,0.2667,0.2000,0.7071,0.0000,4.6368,1.4267,1.0000
4,3,3954,3955,2,1,2,1.0000,3954.547,916.000,216.509,9.4538,15.0000,1.1321,0.6816,5.3522,0.0000,0.7500,0.2500,0.0000,0.0000,5.1726,0.7132,0.7925
4,3,3955,3956,2,2,2,0.5000,3955.739,864.522,382.804,8.2092,13.0000,1.1304,0.6153,4.6405,0.5916,0.1015,0.3069,0.5000,0.5000,4.9960,1.6061,0.8043
3,3,3962,3963,2,2,1,0.7500,3962.667,511.333,141.000,7.4403,12.0000,1.0000,0.7454,4.2963,0.5333,0.2667,0.2000,0.7071,0.0000,3.9384,1.0737,1.0000
9,3,3962,3964,3,4,2,0.3750,3963.167,650.314,1094.176,12.1737,16.0000,1.4118,0.3967,5.7309,0.6495,0.1132,0.2373,0.2830,0.2863,3.2209,1.0752,0.4412
3,3,3962,3963,2,2,1,0.7500,3962.649,999.676,834.000,7.6469,13.0000,1.0541,0.7252,4.6523,0.5333,0.2667,0.2000,0.7071,0.0000,4.6542,2.1488,1.0000
4,3,3963,3965,3,2,1,0.6667,3964.000,1001.804,594.000,8.2382,13.0000,1.1304,0.1957,4.6564,0.5357,0.3214,0.1429,1.0000,0.0000,4.6566,0.7165,0.8043
6,3,3964,3965,2,2,2,0.7500,3964.653,982.472,856.250,10.5315,15.0000,1.2500,0.6372,5.3752,0.2000,0.3333,0.4667,0.7071,0.7071,4.8357,1.4326,0.5972
4,3,3966,3967,2,2,2,0.5000,3966.327,508.404,234.827,9.3226,17.0000,1.3077,0.8038,6.0974,0.5916,0.1015,0.3069,0.5000,0.5000,5.0194,2.3300,0.8269
4,3,3966,3968,3,2,1,0.6667,3967.348,1078.283,590.000,8.2508,13.0000,1.1304,0.9695,4.6649,0.7500,0.1500,0.1000,0.9487,0.0000,5.0221,1.7935,0.8043
4,3,3967,3969,3,2,1,0.6667,3968.022,941.196,677.000,8.2534,13.0000,1.1304,0.9976,4.6671,0.5357,0.3214,0.1429,1.0000,0.0000,4.6638,1.7941,0.8043
3,3,3969,3970,2,2,1,0.7500,3969.350,526.300,404.000,8.2923,14.0000,1.0500,0.4610,5.0285,0.5333,0.2667,0.2000,0.7071,0.0000,5.3850,1.4360,1.0000
6,4,3970,3971,2,2,2,0.7500,3970.545,933.740,810.675,11.2938,18.0000,1.4026,0.6160,6.4683,0.2000,0.3333,0.4667,0.0000,0.0000,4.8504,1.6173,0.7403
3,3,3971,3973,3,1,1,1.0000,3971.975,521.000,372.000,8.3028,15.0000,1.1250,0.0250,5.3929,0.8889,0.0000,0.1111,1.0000,0.0000,5.0310,0.7191,1.0000
5,3,3972,3974,3,1,2,0.8333,3973.206,702.000,214.540,10.1355,15.0000,1.1905,0.5778,5.3956,0.5854,0.2927,0.1220,0.9487,0.0000,5.7574,1.4388,0.6984
6,3,3973,3975,3,2,3,0.3333,3974.239,931.127,250.225,10.4327,16.0000,1.3521,0.3524,5.7581,0.7397,0.1062,0.1541,0.7434,0.5417,4.3186,1.4407,0.5915
3,3,3975,3976,2,1,2,0.7500,3975.702,944.000,910.702,9.7740,19.0000,1.2128,0.4213,6.8447,0.5333,0.2667,0.2000,0.7071,0.0000,5.4035,1.6206,1.0000
4,3,3976,3978,3,1,2,0.6667,3976.577,724.000,326.269,9.3692,17.0000,1.3077,0.6367,6.1242,0.7500,0.1500,0.1000,0.9487,0.0000,5.0444,1.0811,0.8269
4,3,3977,3979,3,2,1,0.6667,3977.827,958.596,604.000,9.3753,18.0000,1.3846,0.9203,6.4878,0.7576,0.1294,0.1129,0.8507,0.0000,4.8683,1.4424,0.8269
3,3,3980,3981,2,1,2,0.7500,3980.333,657.000,197.692,8.1300,14.0000,1.0769,0.4536,5.0540,0.5333,0.2667,0.2000,0.7071,0.0000,5.0566,1.4435,1.0000
4,3,3980,3982,3,1,2,0.6667,3980.915,945.000,470.553,8.4877,13.0000,1.1064,1.0182,4.6956,0.7576,0.1294,0.1129,0.8507,0.0000,4.8752,0.9032,0.8085
4,3,3981,3981,1,2,3,0.6667,3981.000,512.562,299.104,8.6687,14.0000,1.1667,0.9970,5.0567,0.7576,0.1294,0.1129,0.0000,1.0000,4.8761,1.4453,0.8125
4,3,3981,3981,1,2,2,1.0000,3981.000,778.533,970.533,8.1269,12.0000,1.0667,0.7087,4.3344,0.0000,0.7500,0.2500,0.0000,1.0000,4.6952,0.7223,0.8000
4,3,3982,3984,3,1,2,0.6667,3983.062,701.000,282.750,8.6785,13.0000,1.0833,0.2577,4.7033,0.5357,0.3214,0.1429,1.0000,0.0000,5.0623,0.3618,0.7917
4,3,3984,3985,2,2,1,1.0000,3984.533,589.467,480.000,8.1428,12.0000,1.0667,0.7087,4.3440,0.0000,0.7500,0.2500,1.0000,0.0000,4.7046,0.7238,0.8000
4,3,3984,3986,3,2,1,0.6667,3984.963,737.537,357.000,9.7738,17.0000,1.2593,0.4644,6.1540,0.7576,0.1294,0.1129,0.8507,0.0000,5.2482,1.2666,0.8148
5,3,3985,3986,2,1,3,0.8333,3985.375,361.000,540.812,10.3632,18.0000,1.4062,0.4193,6.5160,0.5854,0.2927,0.1220,0.3162,0.0000,5.0674,2.1712,0.6875
3,3,3985,3986,2,2,1,0.7500,3985.368,1185.684,656.000,7.9437,14.0000,1.1053,0.7061,5.0709,0.5333,0.2667,0.2000,0.7071,0.0000,4.7062,1.8088,1.0000
5,3,3987,3988,2,2,3,0.4167,3987.776,1036.328,354.310,9.4047,14.0000,1.2069,0.7957,5.0768,0.7729,0.0435,0.1836,0.2791,0.2890,5.0761,2.5359,0.6724
4,3,3989,3990,2,2,1,1.0000,3989.542,791.521,439.000,8.7110,13.0000,1.0833,0.6938,4.7197,0.0000,0.7500,0.2500,1.0000,0.0000,4.9002,2.1766,0.7917
3,3,3991,3992,2,2,1,0.7500,3991.667,873.333,344.000,7.5537,12.0000,1.0000,0.7454,4.3620,0.5333,0.2667,0.2000,0.7071,0.0000,4.9070,1.8177,1.0000
5,4,3995,3996,2,2,2,0.6250,3995.350,719.800,887.400,9.7743,15.0000,1.2500,0.5679,5.4628,0.3432,0.2505,0.4063,0.6059,0.3645,5.0986,1.4565,0.8500
3,3,3995,3997,3,1,1,1.0000,3996.049,1002.000,423.000,8.6266,15.0000,1.0976,0.0488,5.4663,0.8889,0.0000,0.1111,1.0000,0.0000,5.8336,2.0048,1.0000
5,3,3996,3997,2,2,2,0.6250,3996.421,863.807,517.579,9.2920,12.0000,1.0526,0.7414,4.3759,0.3432,0.2505,0.4063,0.6059,0.3645,5.1009,0.9115,0.6316
4,3,3998,4000,3,2,1,0.6667,3999.041,860.490,327.000,8.9462,14.0000,1.1429,0.5118,5.1120,0.7576,0.1294,0.1129,0.8507,0.0000,4.9309,0.7303,0.7959
5,3,4000,4002,3,2,2,0.4167,4001.087,528.391,355.130,11.2833,18.0000,1.3043,0.4215,6.5814,0.5461,0.2256,0.2283,0.8117,0.4177,6.2196,1.6445,0.7391
4,3,4000,4001,2,2,1,1.0000,4000.438,1076.542,759.000,8.7719,14.0000,1.1667,0.6336,5.1154,0.0000,0.7500,0.2500,1.0000,0.0000,4.9343,1.4625,0.8125
4,3,4002,4004,3,1,2,0.6667,4002.620,817.000,539.760,9.1511,16.0000,1.2800,0.6648,5.8542,0.7500,0.1500,0.1000,0.9487,0.0000,4.9404,0.7322,0.8200
4,3,4003,4004,2,3,1,0.6667,4003.191,664.191,297.000,8.6055,13.0000,1.1064,1.2068,4.7598,0.7500,0.1500,0.1000,0.3162,0.0000,4.9434,1.8297,0.8085
3,3,4004,4006,3,1,1,1.0000,4004.974,770.000,417.000,8.2558,14.0000,1.0769,0.0256,5.1332,0.8889,0.0000,0.1111,1.0000,0.0000,5.1298,2.1981,1.0000
6,5,4005,4007,3,1,3,0.6667,4005.775,840.000,667.690,10.6337,13.0000,1.0986,1.0375,4.7700,0.2083,0.6667,0.1250,0.4472,0.0000,4.7701,2.2002,0.8732
6,4,4005,4006,2,2,3,0.5000,4005.355,925.145,408.934,11.3791,16.0000,1.2632,0.3892,5.8665,0.7074,0.0897,0.2030,0.3047,0.0847,4.9520,1.8330,0.7368
3,3,4012,4013,2,2,1,0.7500,4012.324,890.351,701.000,7.8750,13.0000,1.0541,0.7252,4.7912,0.5333,0.2667,0.2000,0.7071,0.0000,4.7951,1.1066,1.0000
5,3,4021,4023,3,2,1,0.8333,4021.737,753.386,697.000,9.4666,13.0000,1.1404,0.8318,4.8249,0.5854,0.2927,0.1220,0.9487,0.0000,4.8254,1.3001,0.6491
4,3,4024,4025,2,1,3,0.6667,4024.255,492.000,123.319,8.7447,14.0000,1.1915,0.4087,5.2086,0.7500,0.1500,0.1000,0.3162,0.0000,4.8389,1.4894,0.8085
4,3,4029,4030,2,2,2,0.5000,4029.250,807.458,302.792,8.9666,14.0000,1.1667,0.5621,5.2295,0.5916,0.1015,0.3069,0.5000,0.5000,5.2313,1.8692,0.7917
4,3,4030,4032,3,1,2,0.6667,4031.083,995.000,468.729,8.9797,13.0000,1.0833,0.7339,4.8676,0.5357,0.3214,0.1429,1.0000,0.0000,5.2381,0.7490,0.8125
5,3,4033,4034,2,2,2,0.6250,4033.661,873.797,457.610,9.8925,14.0000,1.1864,0.5552,5.2503,0.3432,0.2505,0.4063,0.6059,0.3645,4.8755,1.8736,0.6610
6,3,4036,4038,3,2,2,0.5000,4036.619,710.873,466.349,9.6650,13.0000,1.2381,0.5322,4.8866,0.5034,0.2551,0.2415,0.9677,0.2521,4.5087,1.1272,0.5873
4,3,4036,4037,2,1,2,1.0000,4036.444,891.000,538.533,8.4540,13.0000,1.1556,0.6942,4.8828,0.0000,0.7500,0.2500,0.0000,0.0000,4.8849,1.1278,0.8222
3,3,4039,4040,2,2,1,0.7500,4039.658,1080.342,623.000,8.2634,13.0000,1.0263,0.7415,4.8977,0.5333,0.2667,0.2000,0.7071,0.0000,5.6469,2.2588,1.0000
5,4,4041,4043,3,2,1,0.8333,4042.305,912.576,1157.000,9.9574,13.0000,1.1017,0.5221,4.9084,0.5854,0.2927,0.1220,0.9487,0.0000,5.2824,1.1323,0.8644
6,3,4053,4055,3,1,3,0.6667,4054.041,947.000,543.178,11.3326,17.0000,1.3973,0.1828,6.4643,0.6944,0.2222,0.0833,0.8000,0.0000,4.7537,1.5208,0.5753
