n_voxels,n_seed,z_min,z_max,z_extent,y_extent,x_extent,fill,centroid_z,centroid_y,centroid_x,snr_cluster,r_peak,r_peak_ratio,peak_offset,snr_peak,linearity,planarity,sphericity,axis_z,normal_z,edge_contrast,decay_drop,seed_grown_ratio
14,3,200,202,3,2,5,0.4667,200.747,601.193,705.073,13.8353,15.0000,1.4000,1.2057,5.1806,0.4954,0.3171,0.1874,0.3526,0.2041,3.9692,1.3790,0.2733
7,3,200,202,3,2,2,0.5833,200.824,616.099,680.582,11.8691,18.0000,1.3846,0.9292,6.2167,0.5916,0.2044,0.2040,0.9664,0.1591,4.1364,0.8631,0.6484
7,5,200,202,3,1,3,0.7778,200.701,618.000,690.299,12.6533,19.0000,1.3711,0.9914,6.5621,0.4747,0.4312,0.0941,0.8619,0.0000,4.8307,0.5190,0.8041
10,3,200,201,2,2,5,0.5000,200.284,620.676,699.122,16.1594,24.0000,1.6216,1.3398,8.2889,0.8667,0.0502,0.0831,0.1128,0.5475,3.6238,0.8622,0.6351
5,3,200,202,3,1,2,0.8333,200.630,623.000,705.644,11.2681,22.0000,1.5068,0.7238,7.5982,0.5854,0.2927,0.1220,0.9487,0.0000,4.1410,0.6922,0.7123
4,3,200,201,2,1,3,0.6667,200.254,626.000,713.413,10.8765,22.0000,1.3968,0.6399,7.5982,0.7500,0.1500,0.1000,0.3162,0.0000,4.6601,1.2072,0.8095
11,5,200,202,3,2,5,0.3667,200.486,629.266,720.572,18.0063,27.0000,1.7168,0.6996,9.3250,0.7506,0.1688,0.0806,0.3722,0.0951,4.1455,1.0333,0.7457
8,3,200,202,3,2,4,0.3333,200.393,631.196,725.420,13.6706,27.0000,1.9286,0.7278,9.3250,0.7255,0.1564,0.1181,0.3865,0.0618,3.2817,0.8617,0.5357
13,3,200,202,3,2,5,0.4333,200.623,633.552,730.393,17.5184,25.0000,1.7760,0.9206,8.6343,0.5910,0.2832,0.1258,0.2780,0.0235,4.1361,0.6934,0.6612
14,5,200,203,4,2,5,0.3500,200.648,636.562,736.808,20.2015,27.0000,1.7260,1.1786,9.3250,0.5877,0.3179,0.0944,0.2197,0.1602,3.9710,0.6907,0.7397
25,6,200,203,4,4,8,0.1953,200.733,637.517,742.919,20.4309,18.0000,1.5203,0.9007,6.2167,0.6942,0.0794,0.2264,0.1004,0.7574,2.4196,0.6935,0.4595
4,3,200,202,3,2,1,0.6667,200.589,671.250,609.000,9.6647,18.0000,1.2857,0.6401,6.2167,0.7500,0.1500,0.1000,0.9487,0.0000,4.6606,0.8636,0.8393
12,6,200,202,3,5,2,0.4000,200.604,680.506,607.058,15.3445,21.0000,1.6364,1.6241,7.2528,0.6154,0.3004,0.0842,0.0489,0.1204,3.6212,1.3806,0.6104
22,11,200,203,4,5,4,0.2750,201.037,680.832,722.705,21.9197,24.0000,1.7718,1.3620,8.2889,0.3585,0.4663,0.1752,0.0823,0.1919,4.9952,1.3810,0.6342
4,4,200,201,2,2,1,1.0000,200.416,684.506,606.000,13.2913,24.0000,1.2468,0.6452,8.2889,0.0000,0.7500,0.2500,1.0000,0.0000,5.1791,0.5161,1.0000
15,11,200,203,4,7,2,0.2679,200.555,695.130,605.035,22.6376,29.0000,1.7126,0.5712,10.0158,0.8612,0.1096,0.0292,0.2660,0.0103,4.4818,1.2077,0.8425
20,4,200,202,3,7,6,0.1587,200.410,697.123,712.432,17.5234,16.0000,1.4097,2.3957,5.5259,0.9208,0.0301,0.0491,0.0161,0.2316,4.1396,1.0353,0.3128
12,7,200,203,4,2,4,0.3750,200.800,713.724,603.706,16.9353,19.0000,1.3412,1.1180,6.5621,0.2649,0.4899,0.2452,0.9040,0.0520,5.0042,1.3783,0.6882
3,3,200,201,2,1,2,0.7500,200.667,800.000,1112.310,8.3693,15.0000,1.0714,0.4549,5.1754,0.5333,0.2667,0.2000,0.7071,0.0000,4.1459,0.8617,1.0000
5,3,200,201,2,2,2,0.6250,200.593,811.847,536.559,9.1075,13.0000,1.1017,0.8295,4.4898,0.3432,0.2505,0.4063,0.6059,0.3645,4.1405,1.0351,0.6610
29,14,200,204,5,5,5,0.2320,202.352,977.880,587.268,26.7433,33.0000,2.2895,0.4580,11.3742,0.4981,0.0536,0.4483,0.5772,0.3503,4.4821,1.7196,0.6435
3,3,200,201,2,2,1,0.7500,200.325,1176.350,400.000,7.9734,14.0000,1.0500,0.7267,4.8352,0.5333,0.2667,0.2000,0.7071,0.0000,5.5233,1.8975,1.0000
6,4,206,207,2,2,2,0.7500,206.494,732.370,307.272,11.3396,15.0000,1.1111,0.8450,5.1468,0.2000,0.3333,0.4667,0.0000,0.0000,5.3159,2.0549,0.7284
3,3,207,208,2,1,2,0.7500,207.643,1057.000,553.690,8.3035,15.0000,1.0714,0.7135,5.1406,0.5333,0.2667,0.2000,0.7071,0.0000,5.1346,1.7114,1.0000
8,6,208,210,3,4,2,0.3333,209.283,1157.198,819.774,12.8062,17.0000,1.2830,0.7775,5.8036,0.8574,0.0317,0.1109,0.6316,0.7141,4.9538,1.7078,0.8113
4,3,211,212,2,2,1,1.0000,211.542,1175.458,989.000,8.1762,13.0000,1.0833,0.7096,4.4321,0.0000,0.7500,0.2500,1.0000,0.0000,4.7678,1.1930,0.8125
4,3,213,215,3,1,2,0.6667,214.183,986.000,584.183,10.1820,17.0000,1.1333,1.1975,5.7797,0.7500,0.1500,0.1000,0.9487,0.0000,6.1077,1.6960,0.8167
4,3,214,215,2,2,1,1.0000,214.440,972.520,831.000,8.4819,15.0000,1.2000,0.6812,5.0924,0.0000,0.7500,0.2500,1.0000,0.0000,4.7502,1.3560,0.8200
6,3,215,217,3,2,2,0.5000,216.186,952.857,508.514,9.6706,16.0000,1.3714,0.5651,5.4159,0.3810,0.3333,0.2857,0.9487,0.1690,4.2268,1.3519,0.6000
4,3,219,221,3,1,2,0.6667,219.939,776.000,1110.469,8.2429,13.0000,1.0612,1.0496,4.3803,0.7576,0.1294,0.1129,0.8507,0.0000,4.7101,1.6847,0.7959
5,3,219,220,2,2,2,0.6250,219.486,961.457,471.857,10.5400,18.0000,1.2857,0.6821,6.0650,0.3432,0.2505,0.4063,0.6059,0.3645,5.2152,1.5144,0.7143
3,3,219,220,2,2,1,0.7500,219.317,1273.659,635.000,7.9719,14.0000,1.0244,0.7309,4.7172,0.5333,0.2667,0.2000,0.7071,0.0000,5.0539,2.1864,1.0000
5,3,221,223,3,2,2,0.4167,221.787,1048.623,877.164,9.1513,15.0000,1.2295,0.4631,5.0301,0.7729,0.0435,0.1836,0.8328,0.5477,4.6959,1.5069,0.6721
4,3,222,223,2,2,2,0.5000,222.196,1152.275,727.255,8.5485,14.0000,1.0980,0.4228,4.6948,0.0000,0.5625,0.4375,0.4459,0.5774,4.1929,1.3411,0.8039
5,4,223,225,3,2,1,0.8333,223.712,837.409,935.000,9.8705,16.0000,1.2121,0.5002,5.3481,0.5854,0.2927,0.1220,0.9487,0.0000,5.0220,1.3381,0.8636
6,4,223,225,3,2,2,0.5000,224.070,1071.310,640.437,9.6875,14.0000,1.1831,1.0727,4.6719,0.4412,0.1872,0.3716,0.7882,0.6154,4.0116,1.0060,0.7465
5,4,224,226,3,1,2,0.8333,225.293,715.000,438.373,11.1875,22.0000,1.4667,0.4748,7.3416,0.5854,0.2927,0.1220,0.9487,0.0000,5.6615,2.0022,0.8800
3,3,224,225,2,2,1,0.7500,224.333,870.667,453.000,7.5222,13.0000,1.0000,0.7454,4.3453,0.5333,0.2667,0.2000,0.7071,0.0000,3.6779,-0.3326,1.0000
4,3,224,225,2,2,1,1.0000,224.458,1213.458,595.000,8.0161,13.0000,1.0833,0.6482,4.3453,0.0000,0.7500,0.2500,1.0000,0.0000,4.0080,-0.3337,0.8125
4,3,227,228,2,2,2,0.5000,227.661,847.390,749.831,9.8011,20.0000,1.3559,0.7859,6.6521,0.5916,0.1015,0.3069,0.5000,0.5000,5.1474,2.3219,0.8305
6,3,227,229,3,2,3,0.3333,228.405,1123.338,815.973,10.0248,15.0000,1.2162,0.6844,4.9725,0.6117,0.2011,0.1872,0.7734,0.2698,4.8062,1.1619,0.5676
5,3,230,232,3,2,1,0.8333,230.766,874.422,578.000,9.4603,15.0000,1.1719,0.4826,4.9560,0.5854,0.2927,0.1220,0.9487,0.0000,4.6333,0.0006,0.6562
3,3,230,231,2,2,1,0.7500,230.333,1174.333,608.000,8.0207,14.0000,1.0000,0.4714,4.6333,0.5333,0.2667,0.2000,0.7071,0.0000,4.9637,1.6537,1.0000
6,3,232,234,3,3,1,0.6667,233.135,1312.851,646.000,9.9462,16.0000,1.2973,0.2009,5.2689,0.4000,0.4800,0.1200,0.7071,0.0000,4.6133,1.9788,0.5676
3,3,233,234,2,1,2,0.7500,233.667,1064.000,558.667,7.4067,13.0000,1.0000,0.7454,4.2810,0.5333,0.2667,0.2000,0.7071,0.0000,4.2741,1.3131,1.0000
4,3,235,236,2,2,1,1.0000,235.531,930.531,982.000,8.0343,13.0000,1.0612,0.7084,4.2668,0.0000,0.7500,0.2500,1.0000,0.0000,4.5880,0.4907,0.7959
4,3,235,236,2,2,1,1.0000,235.481,989.462,266.000,8.5269,14.0000,1.0769,0.6665,4.5950,0.0000,0.7500,0.2500,1.0000,0.0000,5.0841,1.3123,0.7885
6,4,236,238,3,2,2,0.5000,237.373,709.520,840.867,10.0106,15.0000,1.2000,0.8006,4.8992,0.6373,0.1269,0.2358,0.8795,0.0724,4.2489,1.3064,0.7333
6,3,237,239,3,2,2,0.5000,237.900,838.486,636.429,9.3353,14.0000,1.2000,0.6769,4.5726,0.5926,0.1852,0.2222,0.8018,0.5071,4.4064,1.7940,0.5714
5,4,238,239,2,2,2,0.6250,238.382,753.838,1169.618,9.9263,18.0000,1.3235,0.5644,5.8790,0.3432,0.2505,0.4063,0.6059,0.3645,4.5642,1.3072,0.8382
3,3,238,239,2,1,2,0.7500,238.683,815.000,999.659,7.7228,14.0000,1.0244,0.7309,4.5652,0.5333,0.2667,0.2000,0.7071,0.0000,4.8915,1.3059,1.0000
4,3,239,241,3,2,1,0.6667,240.059,1197.549,649.000,8.3011,15.0000,1.1765,0.4548,4.8834,0.7576,0.1294,0.1129,0.8507,0.0000,4.5550,0.8147,0.8039
4,3,239,240,2,3,1,0.6667,239.804,1226.196,612.000,8.3045,14.0000,1.0980,1.2120,4.5579,0.7500,0.1500,0.1000,0.3162,0.0000,4.7207,1.3023,0.8039
3,3,240,240,1,3,1,1.0000,240.000,1259.000,668.000,8.0825,15.0000,1.0465,1.0000,4.8834,0.8889,0.0000,0.1111,0.0000,1.0000,5.2101,1.9511,1.0000
3,3,241,242,2,2,1,0.7500,241.325,537.650,286.000,7.5028,14.0000,1.0500,0.7267,4.5507,0.5333,0.2667,0.2000,0.7071,0.0000,4.5507,1.3022,1.0000
4,4,242,243,2,2,1,1.0000,242.508,1058.443,389.000,9.8905,17.0000,1.1148,0.6739,5.5171,0.0000,0.7500,0.2500,1.0000,0.0000,5.5080,1.6217,1.0000
3,3,243,244,2,2,1,0.7500,243.659,883.682,575.000,8.2231,15.0000,1.0227,0.7319,4.8604,0.5333,0.2667,0.2000,0.7071,0.0000,5.1775,1.6204,1.0000
5,3,243,244,2,2,2,0.6250,243.556,964.429,635.159,9.1215,14.0000,1.1111,0.7194,4.5364,0.3432,0.2505,0.4063,0.6059,0.3645,4.8515,1.6197,0.6508
4,3,247,248,2,2,2,0.5000,247.759,935.276,860.828,9.3295,18.0000,1.2414,0.4051,5.7887,0.0000,0.5625,0.4375,0.4459,0.5774,5.1493,2.2545,0.8276
3,3,251,252,2,2,1,0.7500,251.689,674.311,278.000,8.3113,17.0000,1.1333,0.4400,5.4360,0.5333,0.2667,0.2000,0.7071,0.0000,4.1641,1.2760,1.0000
6,3,251,252,2,3,2,0.5000,251.688,1050.000,691.312,10.0562,19.0000,1.4805,0.4408,6.0755,0.1333,0.2667,0.6000,0.0000,0.7071,4.1596,1.2804,0.6104
7,3,252,254,3,3,2,0.3889,253.099,1185.868,647.890,10.9817,18.0000,1.3846,0.1981,5.7478,0.4000,0.4045,0.1955,0.9660,0.2575,4.1456,0.9589,0.5165
3,3,254,255,2,2,1,0.7500,254.651,666.326,485.000,7.9099,15.0000,1.0465,0.7280,4.7834,0.5333,0.2667,0.2000,0.7071,0.0000,4.1396,1.1142,1.0000
6,3,258,260,3,2,1,1.0000,258.988,965.566,880.000,10.7359,18.0000,1.3012,0.4339,5.7029,0.5556,0.3333,0.1111,1.0000,0.0000,4.4353,1.2685,0.5663
4,3,260,261,2,2,1,1.0000,260.492,1173.556,892.000,9.9618,19.0000,1.2063,0.6631,6.0123,0.0000,0.7500,0.2500,1.0000,0.0000,5.5321,1.7410,0.7937
3,3,261,262,2,2,1,0.7500,261.378,1283.689,527.000,8.2075,17.0000,1.1333,0.6957,5.3664,0.5333,0.2667,0.2000,0.7071,0.0000,4.1094,1.2633,1.0000
5,3,263,265,3,3,1,0.5556,263.792,907.069,838.000,10.1431,17.0000,1.1806,0.7947,5.3601,0.5532,0.3398,0.1070,0.8281,0.0000,5.0387,0.9459,0.6667
5,3,264,266,3,1,2,0.8333,265.000,1027.000,412.278,10.1291,18.0000,1.2500,0.2778,5.6623,0.6340,0.2717,0.0943,1.0000,0.0000,5.6566,1.4140,0.7222
4,3,266,268,3,1,2,0.6667,266.796,880.000,929.204,8.4764,15.0000,1.1111,0.2881,4.7080,0.7500,0.1500,0.1000,0.9487,0.0000,4.7074,1.5664,0.7963
4,3,266,267,2,2,1,1.0000,266.453,1041.453,685.000,8.3226,15.0000,1.1321,0.6404,4.7133,0.0000,0.7500,0.2500,1.0000,0.0000,4.0827,0.7842,0.8113
5,3,266,268,3,2,1,0.8333,266.815,1225.692,649.000,9.1257,16.0000,1.2308,0.8715,5.0275,0.5854,0.2927,0.1220,0.9487,0.0000,5.0171,1.5715,0.6923
5,3,268,269,2,3,1,0.8333,268.600,753.186,447.000,9.8085,19.0000,1.3571,0.4410,5.9505,0.5854,0.2927,0.1220,0.3162,0.0000,4.3892,1.5673,0.6714
5,3,268,270,3,1,2,0.8333,268.778,821.000,1074.417,10.0868,18.0000,1.2500,0.4722,5.6374,0.5854,0.2927,0.1220,0.9487,0.0000,4.8546,1.8771,0.6667
5,3,274,274,1,3,3,0.5556,274.000,495.889,1055.952,8.7784,14.0000,1.1111,1.3027,4.3620,0.7911,0.1351,0.0737,0.0000,1.0000,4.6739,0.9350,0.6667
3,3,275,277,3,1,1,1.0000,276.023,1255.000,800.000,7.8993,15.0000,1.0227,0.0227,4.6644,0.8889,0.0000,0.1111,1.0000,0.0000,4.9713,1.2448,1.0000
6,3,276,279,4,2,2,0.3750,277.380,654.367,509.139,10.0156,16.0000,1.2152,0.5462,4.9705,0.8076,0.0500,0.1424,0.9217,0.3087,4.5050,1.3966,0.5696
6,3,277,278,2,3,1,1.0000,277.476,1114.988,604.000,10.6485,18.0000,1.2857,0.5239,5.5865,0.5556,0.3333,0.1111,0.0000,0.0000,4.8137,0.9323,0.5952
5,3,278,280,3,2,1,0.8333,278.761,1069.592,419.000,9.8476,19.0000,1.3380,0.4735,5.8913,0.5854,0.2927,0.1220,0.9487,0.0000,4.6546,0.9305,0.6761
7,3,279,281,3,3,2,0.3889,279.865,1035.180,801.382,10.4220,14.0000,1.1011,1.2519,4.3410,0.2063,0.5848,0.2089,0.4082,0.3639,4.0235,0.9314,0.4719
3,3,280,281,2,2,1,0.7500,280.364,1096.318,637.000,7.8669,16.0000,1.0909,0.7115,4.9519,0.5333,0.2667,0.2000,0.7071,0.0000,4.6470,1.8593,1.0000
8,3,281,283,3,2,3,0.4444,281.706,525.500,602.098,11.1541,17.0000,1.3333,0.5883,5.2567,0.5204,0.0932,0.3864,0.7525,0.5168,4.1764,1.5455,0.4412
3,3,286,288,3,1,1,1.0000,287.042,902.000,592.000,8.5314,18.0000,1.1250,0.0417,5.5415,0.8889,0.0000,0.1111,1.0000,0.0000,5.2294,0.9242,1.0000
4,3,287,288,2,1,2,1.0000,287.475,562.000,613.525,9.0782,16.0000,1.0847,0.6712,4.9258,0.0000,0.7500,0.2500,0.0000,0.0000,4.9242,1.5394,0.7797
3,3,287,289,3,1,1,1.0000,288.022,1242.000,864.000,7.9915,16.0000,1.0667,0.9778,4.9174,0.8889,0.0000,0.1111,1.0000,0.0000,4.9249,0.4613,1.0000
3,3,287,288,2,2,1,0.7500,287.354,1275.333,640.000,8.5291,17.0000,1.0625,0.7268,5.2292,0.5333,0.2667,0.2000,0.7071,0.0000,5.5410,1.6939,1.0000
3,3,289,290,2,1,2,0.7500,289.667,884.000,700.689,7.9805,16.0000,1.0667,0.4560,4.9133,0.5333,0.2667,0.2000,0.7071,0.0000,5.2256,2.1501,1.0000
3,3,291,292,2,1,2,0.7500,291.674,1064.000,626.349,7.6132,15.0000,1.0465,0.7280,4.5987,0.5333,0.2667,0.2000,0.7071,0.0000,4.6017,2.1463,1.0000
4,3,292,293,2,1,2,1.0000,292.564,667.000,669.564,8.4271,17.0000,1.2364,0.6171,5.2076,0.0000,0.7500,0.2500,0.0000,0.0000,4.7495,1.2271,0.8182
4,3,293,295,3,1,2,0.6667,293.943,1060.000,804.736,8.1117,14.0000,1.0566,0.9797,4.2886,0.5357,0.3214,0.1429,1.0000,0.0000,4.5915,1.5308,0.7925
4,3,296,297,2,2,2,0.5000,296.241,623.569,602.828,8.8609,19.0000,1.3103,0.5232,5.8065,0.5916,0.1015,0.3069,0.5000,0.5000,4.7357,2.1373,0.8276
4,3,299,300,2,2,2,0.5000,299.482,979.250,1111.786,8.5340,15.0000,1.0714,0.5838,4.5735,0.5916,0.1015,0.3069,0.7071,0.7071,4.7242,1.5235,0.7857
4,3,300,301,2,2,1,1.0000,300.463,1120.463,592.000,8.2232,15.0000,1.1111,0.6547,4.5700,0.0000,0.7500,0.2500,1.0000,0.0000,3.9594,0.9142,0.7963
4,3,301,303,3,1,2,0.6667,302.055,498.000,845.709,8.3656,16.0000,1.1636,0.7112,4.8674,0.5357,0.3214,0.1429,1.0000,0.0000,4.5623,1.5211,0.8000
4,3,301,302,2,2,1,1.0000,301.464,984.554,838.000,8.5214,16.0000,1.1429,0.6441,4.8710,0.0000,0.7500,0.2500,1.0000,0.0000,5.0216,1.0648,0.8036
6,3,302,303,2,2,2,0.7500,302.526,1018.408,698.526,9.4352,15.0000,1.1842,0.8172,4.5632,0.0000,0.6000,0.4000,0.7071,0.5774,4.2575,1.2166,0.5921
4,3,303,305,3,2,1,0.6667,304.036,911.732,847.000,8.5053,15.0000,1.0714,0.7330,4.5565,0.5357,0.3214,0.1429,1.0000,0.0000,4.7067,0.9119,0.7857
4,4,306,307,2,2,1,1.0000,306.508,841.492,831.000,9.2484,17.0000,1.1148,0.6955,5.1530,0.0000,0.7500,0.2500,1.0000,0.0000,5.1562,2.1214,1.0000
5,3,307,309,3,2,1,0.8333,307.734,1140.453,532.000,8.6713,15.0000,1.1719,0.6080,4.5436,0.5854,0.2927,0.1220,0.9487,0.0000,4.5466,0.9094,0.6719
4,3,309,310,2,1,2,1.0000,309.518,728.000,1125.500,8.4725,15.0000,1.0714,0.6946,4.5373,0.0000,0.7500,0.2500,0.0000,0.0000,4.8409,2.1171,0.7679
4,3,310,311,2,2,1,1.0000,310.464,753.482,607.000,8.4670,16.0000,1.1429,0.6955,4.8398,0.0000,0.7500,0.2500,1.0000,0.0000,4.9883,1.8133,0.8036
4,3,310,311,2,2,1,1.0000,310.453,980.528,819.000,8.0135,15.0000,1.1321,0.6958,4.5373,0.0000,0.7500,0.2500,1.0000,0.0000,4.5359,0.9074,0.8113
3,3,311,313,3,1,1,1.0000,312.000,925.000,627.000,7.6739,16.0000,1.0909,0.0000,4.8333,0.8889,0.0000,0.1111,1.0000,0.0000,4.5340,1.2067,1.0000
8,3,312,315,4,2,2,0.5000,313.990,901.545,934.788,10.5594,15.0000,1.2121,1.1097,4.5282,0.7189,0.1391,0.1420,0.9388,0.0872,3.6188,1.3580,0.4343
3,3,313,314,2,1,2,0.7500,313.688,824.000,433.292,8.3621,19.0000,1.1875,0.4275,5.7319,0.5333,0.2667,0.2000,0.7071,0.0000,5.1315,1.2079,1.0000
8,3,314,316,3,2,3,0.4444,315.314,774.500,1076.471,10.8699,16.0000,1.2549,0.9708,4.8206,0.1799,0.3767,0.4433,0.0000,0.0000,4.0702,1.5072,0.5980
4,3,314,315,2,2,1,1.0000,314.565,879.532,463.000,9.3486,19.0000,1.2258,0.6391,5.7281,0.0000,0.7500,0.2500,1.0000,0.0000,4.8251,1.2065,0.7903
7,4,315,316,2,2,3,0.5833,315.583,405.740,639.688,10.9350,17.0000,1.2396,0.7112,5.1252,0.4600,0.2645,0.2756,0.4286,0.6826,4.5198,1.3563,0.6458
6,3,315,317,3,2,1,1.0000,315.962,1065.513,499.000,9.8402,16.0000,1.2000,0.4889,4.8206,0.5556,0.3333,0.1111,1.0000,0.0000,4.3690,1.5068,0.5625
5,3,318,320,3,2,1,0.8333,318.794,849.397,318.000,9.1461,17.0000,1.2500,0.4473,5.1121,0.5854,0.2927,0.1220,0.9487,0.0000,4.5136,0.9026,0.7059
3,3,318,320,3,1,1,1.0000,318.978,860.000,953.000,7.9865,17.0000,1.1087,0.0217,5.1121,0.8889,0.0000,0.1111,1.0000,0.0000,5.1153,1.6544,1.0000
3,3,319,321,3,1,1,1.0000,320.023,1073.000,798.000,7.6343,15.0000,1.0227,0.0227,4.5079,0.8889,0.0000,0.1111,1.0000,0.0000,4.8058,1.2030,1.0000
5,3,321,323,3,2,1,0.8333,321.694,1208.667,707.000,9.6668,19.0000,1.3194,0.7703,5.7065,0.5854,0.2927,0.1220,0.9487,0.0000,4.8044,1.2017,0.7083
6,3,322,324,3,1,3,0.6667,323.198,1012.000,885.358,9.9187,16.0000,1.1852,1.0277,4.7969,0.2083,0.6667,0.1250,0.4472,0.0000,4.5000,0.9003,0.5679
3,3,326,327,2,1,2,0.7500,326.340,515.000,801.319,8.1244,16.0000,1.0213,0.4666,4.7913,0.5333,0.2667,0.2000,0.7071,0.0000,5.3875,1.4975,1.0000
6,3,327,329,3,2,1,1.0000,328.000,1072.524,937.000,10.2577,16.0000,1.1429,0.5238,4.7859,0.5556,0.3333,0.1111,1.0000,0.0000,4.4870,0.8979,0.5595
3,3,335,335,1,2,2,0.7500,335.000,1119.340,724.660,8.0869,16.0000,1.0213,0.7422,4.7683,0.5333,0.2667,0.2000,0.0000,1.0000,5.0666,1.0430,1.0000
3,3,336,337,2,2,1,0.7500,336.660,1041.340,725.000,8.0804,16.0000,1.0213,0.7422,4.7660,0.5333,0.2667,0.2000,0.7071,0.0000,5.3587,1.7865,1.0000
5,3,340,341,2,2,2,0.6250,340.459,913.176,892.622,9.8373,18.0000,1.2162,0.6828,5.3493,0.3432,0.2505,0.4063,0.6059,0.3645,4.7571,1.7831,0.6622
3,3,343,345,3,1,1,1.0000,344.073,649.000,999.000,9.4246,21.0000,1.1455,0.0727,6.2330,0.8889,0.0000,0.1111,1.0000,0.0000,5.3405,1.0386,1.0000
3,3,347,348,2,2,1,0.7500,347.327,1091.306,742.000,8.3858,18.0000,1.1020,0.4476,5.3362,0.5333,0.2667,0.2000,0.7071,0.0000,5.0380,1.7779,1.0000
4,3,355,356,2,2,1,1.0000,355.540,1161.508,739.000,9.3117,17.0000,1.0794,0.6855,5.0247,0.0000,0.7500,0.2500,1.0000,0.0000,5.3208,1.1824,0.7778
3,3,362,363,2,1,2,0.7500,362.625,1088.000,931.312,8.1770,18.0000,1.1250,0.6988,5.3119,0.5333,0.2667,0.2000,0.7071,0.0000,4.7206,1.3280,1.0000
3,3,363,364,2,1,2,0.7500,363.688,1109.000,1049.354,8.1751,17.0000,1.0625,0.7175,5.0145,0.5333,0.2667,0.2000,0.7071,0.0000,5.0146,1.9176,1.0000
3,3,364,365,2,2,1,0.7500,364.326,1021.326,596.000,7.8334,16.0000,1.0435,0.4612,4.7196,0.5333,0.2667,0.2000,0.7071,0.0000,4.7194,1.6224,1.0000
4,3,369,370,2,2,1,1.0000,369.526,1058.474,621.000,8.3975,15.0000,1.0526,0.7081,4.4202,0.0000,0.7500,0.2500,1.0000,0.0000,4.8612,1.1786,0.7895
4,3,373,374,2,2,2,0.5000,373.746,820.746,899.814,8.6860,18.0000,1.2203,0.4050,5.2997,0.0000,0.5625,0.4375,0.4459,0.5774,4.1224,1.1777,0.8136
6,3,381,383,3,2,2,0.5000,381.788,1052.338,665.725,9.6057,16.0000,1.2000,0.8998,4.7063,0.6381,0.1455,0.2164,0.8019,0.3768,4.2648,1.1764,0.5750
3,3,386,387,2,1,2,0.7500,386.312,1161.000,721.333,8.1463,17.0000,1.0625,0.4569,4.9974,0.5333,0.2667,0.2000,0.7071,0.0000,4.9975,1.7636,1.0000
5,3,401,403,3,1,2,0.8333,401.811,986.000,832.351,9.7125,21.0000,1.4189,0.3990,6.1631,0.5854,0.2927,0.1220,0.9487,0.0000,4.9893,1.3206,0.6892
5,3,404,406,3,3,1,0.5556,404.943,901.214,996.000,9.1847,16.0000,1.1429,0.2218,4.6943,0.5532,0.3398,0.1070,0.5606,0.0000,4.9880,1.1736,0.6714
3,3,405,406,2,1,2,0.7500,405.638,739.000,938.681,7.9608,17.0000,1.0851,0.7136,4.9877,0.5333,0.2667,0.2000,0.7071,0.0000,5.2805,1.6136,1.0000
5,3,409,410,2,2,2,0.6250,409.629,550.671,738.771,9.1804,16.0000,1.1429,0.9171,4.6920,0.3432,0.2505,0.4063,0.6059,0.3645,4.6924,1.9061,0.6714
6,3,414,415,2,3,1,1.0000,414.488,823.071,895.000,10.0518,17.0000,1.2143,1.0490,4.9832,0.5556,0.3333,0.1111,0.0000,0.0000,4.6897,1.1725,0.7381
5,3,415,417,3,2,1,0.8333,416.153,994.333,638.000,9.4367,18.0000,1.2500,0.3667,5.2753,0.5854,0.2927,0.1220,0.9487,0.0000,4.9817,1.3188,0.6667
3,3,416,417,2,1,2,0.7500,416.367,866.000,1247.694,8.2908,18.0000,1.1020,0.7028,5.2748,0.5333,0.2667,0.2000,0.7071,0.0000,5.2752,1.7583,1.0000
5,3,417,419,3,2,1,0.8333,418.222,1026.514,935.000,9.4347,19.0000,1.3194,0.5599,5.5673,0.5854,0.2927,0.1220,0.9487,0.0000,4.6883,1.4651,0.6944
3,3,421,422,2,2,1,0.7500,421.319,846.638,781.000,7.9485,17.0000,1.0851,0.7136,4.9798,0.5333,0.2667,0.2000,0.7071,0.0000,4.6869,1.4647,1.0000
7,3,436,438,3,3,2,0.3889,436.561,1050.990,761.765,10.8336,19.0000,1.3571,0.6084,5.5574,0.7845,0.0411,0.1744,0.6718,0.7181,4.3866,1.4623,0.5000
4,3,439,441,3,1,2,0.6667,440.016,549.000,1078.766,9.3562,20.0000,1.2500,0.2349,5.8476,0.5357,0.3214,0.1429,1.0000,0.0000,5.2625,2.1930,0.7812
5,3,440,442,3,1,2,0.8333,441.225,673.000,1220.408,9.2826,16.0000,1.1268,0.6330,4.6777,0.5854,0.2927,0.1220,0.9487,0.0000,4.6773,1.4617,0.6479
3,3,440,441,2,2,1,0.7500,440.717,761.340,520.000,8.9461,20.0000,1.1321,0.4421,5.8471,0.5333,0.2667,0.2000,0.7071,0.0000,5.5548,2.3388,1.0000
3,3,445,446,2,2,1,0.7500,445.633,691.306,537.000,8.2671,18.0000,1.1020,0.7028,5.2603,0.5333,0.2667,0.2000,0.7071,0.0000,4.3832,0.8766,1.0000
3,3,445,446,2,2,1,0.7500,445.667,978.333,1117.000,7.5922,15.0000,1.0000,0.7454,4.3836,0.5333,0.2667,0.2000,0.7071,0.0000,4.9677,1.7532,1.0000
5,3,446,448,3,2,2,0.4167,446.973,749.147,1104.560,9.8003,17.0000,1.1333,0.5795,4.9672,0.5461,0.2256,0.2283,0.8117,0.4177,5.2597,1.4609,0.6667
3,3,447,448,2,1,2,0.7500,447.340,947.000,1272.660,7.9284,16.0000,1.0213,0.7422,4.6750,0.5333,0.2667,0.2000,0.7071,0.0000,4.3824,1.0226,1.0000
3,3,451,453,3,1,1,1.0000,452.000,940.000,817.000,7.9249,16.0000,1.0213,1.0000,4.6732,0.8889,0.0000,0.1111,1.0000,0.0000,4.9644,1.7524,1.0000
3,3,453,453,1,2,2,0.7500,453.000,977.674,935.348,7.7556,16.0000,1.0435,0.7292,4.6724,0.5333,0.2667,0.2000,0.0000,1.0000,4.6723,2.3360,1.0000
3,3,457,458,2,2,1,0.7500,457.667,732.333,812.000,8.0894,16.0000,1.0000,0.7454,4.6707,0.5333,0.2667,0.2000,0.7071,0.0000,4.9622,2.0431,1.0000
3,3,457,459,3,1,1,1.0000,458.040,1033.000,967.000,8.4262,18.0000,1.0800,0.0400,5.2541,0.8889,0.0000,0.1111,1.0000,0.0000,5.5455,1.7514,1.0000
3,3,458,459,2,1,2,0.7500,458.673,989.000,1133.694,8.2573,18.0000,1.1020,0.4476,5.2536,0.5333,0.2667,0.2000,0.7071,0.0000,4.6703,1.3134,1.0000
4,4,459,462,4,1,1,1.0000,460.508,680.000,471.000,9.1927,17.0000,1.0794,0.5079,4.9613,0.9375,0.0000,0.0625,1.0000,0.0000,4.8152,1.7512,1.0000
4,3,480,481,2,3,1,0.6667,480.738,873.984,626.000,8.8873,16.0000,1.0492,0.7379,4.6624,0.5357,0.3214,0.1429,0.0000,0.0000,5.0992,1.4569,0.7705
7,3,483,485,3,2,3,0.3889,484.444,509.586,678.000,10.9009,17.0000,1.2020,0.6075,4.9526,0.4756,0.1856,0.3387,0.8983,0.4394,4.3698,1.4566,0.5051
3,3,490,491,2,1,2,0.7500,490.667,645.000,1250.667,8.5755,17.0000,1.0000,0.7454,4.9512,0.5333,0.2667,0.2000,0.7071,0.0000,5.2422,1.4562,1.0000
6,3,494,497,4,2,2,0.3750,495.554,746.807,960.265,9.8668,19.0000,1.3735,0.5533,5.5325,0.8076,0.0500,0.1424,0.9217,0.3087,4.0768,1.7471,0.6024
4,3,494,495,2,2,1,1.0000,494.533,769.550,890.000,8.7359,17.0000,1.1333,0.6483,4.9503,0.0000,0.7500,0.2500,1.0000,0.0000,4.2224,0.4368,0.8000
4,3,500,501,2,1,2,1.0000,500.500,921.000,526.516,9.0258,17.0000,1.0968,0.6958,4.9496,0.0000,0.7500,0.2500,0.0000,0.0000,4.8041,1.7470,0.7742
4,3,508,510,3,2,1,0.6667,508.914,771.259,933.000,8.4430,16.0000,1.1034,0.9497,4.6582,0.5357,0.3214,0.1429,1.0000,0.0000,4.5126,1.0190,0.8103
3,3,509,511,3,1,1,1.0000,510.022,442.000,1053.000,7.7321,16.0000,1.0435,0.9783,4.6583,0.8889,0.0000,0.1111,1.0000,0.0000,4.6582,1.7468,1.0000
5,3,521,522,2,2,2,0.6250,521.613,761.547,458.813,9.7667,18.0000,1.2000,0.8425,5.2413,0.3432,0.2505,0.4063,0.6059,0.3645,4.6590,1.4560,0.6667
8,5,528,530,3,3,2,0.4444,529.226,657.766,864.274,12.7682,19.0000,1.2258,1.0792,5.5336,0.6765,0.1305,0.1930,0.5286,0.2322,5.0968,1.8930,0.7984
3,3,531,532,2,1,2,0.7500,531.667,692.000,834.667,7.5672,15.0000,1.0000,0.7454,4.3689,0.5333,0.2667,0.2000,0.7071,0.0000,4.6602,1.7476,1.0000
3,3,541,543,3,1,1,1.0000,541.958,817.000,1118.000,8.0736,17.0000,1.0625,0.9583,4.9525,0.8889,0.0000,0.1111,1.0000,0.0000,4.9527,1.1653,1.0000
3,3,542,543,2,2,1,0.7500,542.308,646.712,968.000,8.7465,21.0000,1.2115,0.4218,6.1180,0.5333,0.2667,0.2000,0.7071,0.0000,4.9527,1.7480,1.0000
3,3,547,549,3,1,1,1.0000,547.958,677.000,1083.000,8.0745,17.0000,1.0625,0.9583,4.9531,0.8889,0.0000,0.1111,1.0000,0.0000,5.2445,1.4568,1.0000
4,3,549,551,3,1,2,0.6667,549.941,550.000,1100.500,9.9066,21.0000,1.2353,0.5034,6.1188,0.7576,0.1294,0.1129,0.8507,0.0000,5.2446,1.3112,0.8088
5,3,555,556,2,2,3,0.4167,555.797,423.608,835.000,9.6430,19.0000,1.2838,0.4412,5.5363,0.5461,0.2256,0.2283,0.1201,0.5647,4.9535,1.6026,0.7027
4,3,558,559,2,2,1,1.0000,558.516,580.468,880.000,9.0329,18.0000,1.1613,0.6965,5.2449,0.0000,0.7500,0.2500,1.0000,0.0000,5.2449,2.0397,0.8065
3,3,563,564,2,1,2,0.7500,563.667,1026.000,991.314,8.5797,18.0000,1.0588,0.4577,5.2448,0.5333,0.2667,0.2000,0.7071,0.0000,5.2449,1.1655,1.0000
3,3,565,566,2,1,2,0.7500,565.652,630.000,1025.674,7.7384,16.0000,1.0435,0.7292,4.6620,0.5333,0.2667,0.2000,0.7071,0.0000,4.6620,1.4569,1.0000
6,3,567,569,3,2,2,0.5000,567.741,914.272,811.383,9.6351,16.0000,1.1852,0.8769,4.6620,0.6381,0.1455,0.2164,0.8019,0.3768,4.5162,1.4568,0.5802
3,3,572,573,2,2,1,0.7500,572.660,603.681,1094.000,7.9060,16.0000,1.0213,0.7327,4.6617,0.5333,0.2667,0.2000,0.7071,0.0000,5.2443,1.3111,1.0000
6,3,575,576,2,4,1,0.7500,575.683,1014.963,925.000,9.7530,17.0000,1.2439,1.0840,4.9527,0.8001,0.1345,0.0654,0.2238,0.0000,4.6614,0.5827,0.5732
3,3,583,584,2,1,2,0.7500,583.347,1008.000,1182.347,8.2408,17.0000,1.0408,0.7395,4.9521,0.5333,0.2667,0.2000,0.7071,0.0000,5.5346,1.0195,1.0000
5,3,596,598,3,2,1,0.8333,597.160,776.387,604.000,9.7669,18.0000,1.2000,0.4185,5.2415,0.5854,0.2927,0.1220,0.9487,0.0000,4.6591,1.6015,0.6400
3,3,602,604,3,1,1,1.0000,602.922,613.000,1126.000,8.5728,19.0000,1.1176,0.9216,5.5319,0.8889,0.0000,0.1111,1.0000,0.0000,5.2406,2.0381,1.0000
4,3,606,607,2,1,2,1.0000,606.475,344.000,1104.525,8.5879,16.0000,1.0847,0.6712,4.6579,0.0000,0.7500,0.2500,0.0000,0.0000,4.9489,1.1645,0.7797
5,3,606,608,3,2,2,0.4167,607.068,790.356,1119.151,9.5038,18.0000,1.2329,1.0086,5.2399,0.1521,0.5234,0.3245,1.0000,0.0000,4.9489,1.3100,0.6712
5,3,608,609,2,2,2,0.6250,608.441,929.162,1220.559,8.8525,15.0000,1.1029,0.7301,4.3666,0.3432,0.2505,0.4063,0.6059,0.3645,4.6575,1.4555,0.6618
5,3,609,610,2,2,2,0.6250,609.753,529.630,1060.315,9.5031,18.0000,1.2329,0.8965,5.2397,0.3432,0.2505,0.4063,0.5155,0.8569,4.0752,1.4554,0.6849
5,3,609,610,2,2,2,0.6250,609.571,699.157,1170.629,9.1126,18.0000,1.2857,0.5885,5.2396,0.3432,0.2505,0.4063,0.6059,0.3645,4.6575,1.1643,0.6857
4,4,615,616,2,2,1,1.0000,615.508,944.508,1162.000,8.8767,16.0000,1.0492,0.6955,4.6566,0.0000,0.7500,0.2500,1.0000,0.0000,4.6567,1.3097,1.0000
5,3,616,618,3,1,2,0.8333,616.731,581.000,856.615,10.1519,21.0000,1.3462,0.4695,6.1116,0.5854,0.2927,0.1220,0.9487,0.0000,4.9476,1.7462,0.6795
4,3,619,620,2,2,1,1.0000,619.500,559.576,473.000,9.6033,21.0000,1.2727,0.6557,6.1111,0.0000,0.7500,0.2500,1.0000,0.0000,5.0927,1.7460,0.8182
5,3,624,626,3,1,2,0.8333,625.173,889.000,725.413,9.7593,20.0000,1.3333,0.4482,5.8193,0.5854,0.2927,0.1220,0.9487,0.0000,4.9463,1.1639,0.6800
4,3,625,626,2,2,1,1.0000,625.517,573.483,887.000,8.4379,15.0000,1.0345,0.7075,4.3645,0.0000,0.7500,0.2500,1.0000,0.0000,4.6554,1.8913,0.7759
4,3,630,631,2,2,1,1.0000,630.458,591.458,877.000,8.5825,17.0000,1.1525,0.6472,4.9459,0.0000,0.7500,0.2500,1.0000,0.0000,4.9458,1.7456,0.7966
6,3,640,642,3,2,2,0.5000,641.024,803.537,1001.463,9.7380,15.0000,1.0976,0.7094,4.3634,0.6168,0.1058,0.2774,0.7071,0.7071,4.5088,1.4545,0.5488
4,3,649,651,3,1,2,0.6667,649.937,684.000,1040.238,9.1630,20.0000,1.2698,0.2464,5.8178,0.5357,0.3214,0.1429,1.0000,0.0000,4.7997,1.5999,0.8095
3,3,649,650,2,1,2,0.7500,649.660,689.000,966.680,8.3973,17.0000,1.0200,0.7335,4.9451,0.5333,0.2667,0.2000,0.7071,0.0000,5.5269,1.1636,1.0000
4,3,650,652,3,1,2,0.6667,651.082,545.000,1235.557,8.8722,18.0000,1.1803,0.4501,5.2361,0.7576,0.1294,0.1129,0.8507,0.0000,4.9452,1.7453,0.8197
4,3,651,652,2,1,2,1.0000,651.475,773.000,1184.525,8.5813,16.0000,1.0847,0.7080,4.6543,0.0000,0.7500,0.2500,0.0000,0.0000,5.0906,1.4545,0.7966
7,3,651,653,3,2,2,0.5833,652.074,803.232,499.316,10.4450,17.0000,1.2526,0.3985,4.9452,0.6517,0.0773,0.2710,0.8881,0.0000,4.3635,1.1636,0.5053
6,3,656,658,3,2,1,1.0000,656.967,714.500,699.000,10.9263,20.0000,1.3043,0.5011,5.8182,0.5556,0.3333,0.1111,1.0000,0.0000,4.6546,1.7454,0.5870
3,3,660,662,3,1,1,1.0000,660.979,665.000,822.000,7.8946,16.0000,1.0213,0.9787,4.6549,0.8889,0.0000,0.1111,1.0000,0.0000,5.2367,1.6001,1.0000
3,3,660,661,2,2,1,0.7500,660.306,757.633,731.000,8.2304,18.0000,1.1020,0.7028,5.2367,0.5333,0.2667,0.2000,0.7071,0.0000,5.2367,2.1820,1.0000
4,3,664,665,2,1,2,1.0000,664.569,838.000,849.431,9.4560,21.0000,1.2923,0.6092,6.1101,0.0000,0.7500,0.2500,0.0000,0.0000,4.9462,2.1822,0.8154
6,3,668,670,3,2,2,0.5000,669.198,384.349,904.302,10.2163,16.0000,1.1163,0.7446,4.6557,0.6381,0.1455,0.2164,0.8019,0.3768,4.8013,1.7458,0.5349
4,3,675,677,3,1,2,0.6667,676.083,584.000,699.467,8.7309,17.0000,1.1333,0.5398,4.9475,0.7576,0.1294,0.1129,0.8507,0.0000,4.9476,1.7462,0.8167
6,3,679,681,3,2,2,0.5000,680.239,873.386,1024.875,10.4564,19.0000,1.2955,0.9858,5.5301,0.5230,0.1584,0.3185,0.9225,0.0898,4.5114,1.1642,0.5795
3,3,681,682,2,2,1,0.7500,681.688,1046.312,761.000,8.0661,18.0000,1.1250,0.4419,5.2391,0.5333,0.2667,0.2000,0.7071,0.0000,4.9481,1.7464,1.0000
3,3,686,688,3,1,1,1.0000,686.978,884.000,909.000,7.7305,16.0000,1.0435,0.9783,4.6572,0.8889,0.0000,0.1111,1.0000,0.0000,4.6573,0.5822,1.0000
4,3,687,688,2,2,1,1.0000,687.467,657.517,529.000,8.7324,16.0000,1.0667,0.6962,4.6573,0.0000,0.7500,0.2500,1.0000,0.0000,4.8028,0.8732,0.7833
3,3,691,693,3,1,1,1.0000,692.000,433.000,680.000,8.4028,20.0000,1.2000,0.0000,5.8216,0.8889,0.0000,0.1111,1.0000,0.0000,4.6573,1.4554,1.0000
4,3,691,692,2,1,2,1.0000,691.450,659.000,1286.567,8.7325,18.0000,1.2000,0.6247,5.2395,0.0000,0.7500,0.2500,0.0000,0.0000,4.8028,1.7465,0.8167
3,3,692,693,2,2,1,0.7500,692.404,217.712,695.000,8.7389,21.0000,1.2115,0.6623,6.1127,0.5333,0.2667,0.2000,0.7071,0.0000,4.3662,1.7465,1.0000
6,3,692,694,3,2,2,0.5000,693.369,553.512,603.143,9.9819,16.0000,1.1429,0.8250,4.6572,0.6373,0.1269,0.2358,0.8795,0.0724,4.3662,1.8920,0.5595
8,3,693,696,4,3,3,0.2222,694.564,672.009,861.664,11.3202,21.0000,1.5273,0.6564,6.1126,0.7932,0.1036,0.1032,0.8664,0.4834,3.9295,1.7464,0.4636
3,3,695,696,2,2,1,0.7500,695.673,507.306,1004.000,8.2345,18.0000,1.1020,0.4476,5.2393,0.5333,0.2667,0.2000,0.7071,0.0000,5.2393,0.8732,1.0000
4,3,695,696,2,1,2,1.0000,695.456,655.000,1154.544,8.2956,16.0000,1.1228,0.6451,4.6572,0.0000,0.7500,0.2500,0.0000,0.0000,4.6572,0.8732,0.8070
5,3,698,699,2,1,3,0.8333,698.397,944.000,853.274,9.5021,17.0000,1.1644,0.8276,4.9481,0.5854,0.2927,0.1220,0.3162,0.0000,4.9480,1.4553,0.6438
5,4,704,705,2,2,2,0.6250,704.447,523.145,961.408,9.8909,18.0000,1.1842,0.7019,5.2381,0.3432,0.2505,0.4063,0.6059,0.3645,4.9471,2.0370,0.8553
4,3,711,712,2,3,1,0.6667,711.466,451.948,692.000,8.4367,16.0000,1.1034,0.4684,4.6548,0.7576,0.1294,0.1129,0.5257,0.0000,4.6547,1.6000,0.7931
5,3,713,714,2,3,1,0.8333,713.438,538.685,699.000,9.4965,18.0000,1.2329,0.8132,5.2361,0.5854,0.2927,0.1220,0.3162,0.0000,4.9450,1.7452,0.6849
5,3,714,716,3,2,1,0.8333,714.841,779.333,899.000,8.9754,16.0000,1.1594,0.3695,4.6538,0.5854,0.2927,0.1220,0.9487,0.0000,4.6535,1.1635,0.6667
5,3,715,716,2,2,2,0.6250,715.391,525.174,940.609,8.9751,15.0000,1.0870,0.7442,4.3629,0.3432,0.2505,0.4063,0.6059,0.3645,4.6535,1.4543,0.6522
4,3,715,716,2,1,3,0.6667,715.523,789.000,932.954,9.4527,18.0000,1.1077,0.5251,5.2355,0.7576,0.1294,0.1129,0.5257,0.0000,5.2352,1.0180,0.8000
5,3,717,719,3,2,1,0.8333,718.303,536.461,966.000,9.8839,18.0000,1.1842,0.8817,5.2342,0.5854,0.2927,0.1220,0.9487,0.0000,5.2342,0.2908,0.6842
3,3,727,728,2,1,2,0.7500,727.667,913.000,812.333,7.5503,15.0000,1.0000,0.7454,4.3594,0.5333,0.2667,0.2000,0.7071,0.0000,4.6497,1.4531,1.0000
4,4,728,729,2,2,1,1.0000,728.500,650.500,618.000,9.0084,16.0000,1.0323,0.7071,4.6497,0.0000,0.7500,0.2500,1.0000,0.0000,5.0854,1.4530,1.0000
3,3,733,734,2,2,1,0.7500,733.312,551.312,1058.000,8.0503,18.0000,1.1250,0.4419,5.2289,0.5333,0.2667,0.2000,0.7071,0.0000,4.9384,1.5977,1.0000
5,3,738,739,2,2,3,0.4167,738.214,664.457,1107.986,9.0904,17.0000,1.2143,0.5838,4.9366,0.1521,0.5234,0.3245,0.0000,0.8112,4.6459,1.4519,0.6714
6,3,739,741,3,3,1,0.6667,739.786,693.905,964.000,9.9569,17.0000,1.2143,0.9298,4.9359,0.6944,0.2222,0.0833,0.6000,0.0000,4.3552,1.1614,0.5714
4,3,744,746,3,1,2,0.6667,745.034,327.000,492.797,8.5622,17.0000,1.1525,0.9873,4.9338,0.5357,0.3214,0.1429,1.0000,0.0000,4.9343,1.1611,0.7966
3,3,748,749,2,1,2,0.7500,748.354,767.000,800.688,8.0417,17.0000,1.0625,0.7175,4.9328,0.5333,0.2667,0.2000,0.7071,0.0000,4.9331,2.6116,1.0000
5,4,749,751,3,1,2,0.8333,750.171,687.000,948.378,10.6401,21.0000,1.2805,0.4148,6.0931,0.5854,0.2927,0.1220,0.9487,0.0000,4.9322,1.4507,0.8293
6,3,750,752,3,2,2,0.5000,751.402,548.476,891.159,9.7123,16.0000,1.1707,0.6429,4.6421,0.6373,0.1269,0.2358,0.8795,0.0724,4.3517,0.7253,0.5732
4,3,761,762,2,1,3,0.6667,761.268,664.000,1033.071,8.1189,15.0000,1.0714,0.2772,4.3495,0.5357,0.3214,0.1429,0.0000,0.0000,4.6394,2.3196,0.8036
5,3,763,765,3,2,1,0.8333,763.931,739.625,443.000,9.3353,17.0000,1.1806,0.3814,4.9287,0.5854,0.2927,0.1220,0.9487,0.0000,5.2185,1.4496,0.6944
4,3,763,765,3,1,2,0.6667,763.919,947.000,844.726,8.9876,17.0000,1.0968,0.9594,4.9289,0.5357,0.3214,0.1429,1.0000,0.0000,5.0736,1.7395,0.8065
3,3,770,771,2,1,2,0.7500,770.326,802.000,973.674,7.6975,16.0000,1.0435,0.4612,4.6374,0.5333,0.2667,0.2000,0.7071,0.0000,4.6375,1.8840,1.0000
5,3,774,776,3,2,2,0.4167,775.149,387.851,1188.149,9.5898,20.0000,1.3514,0.2575,5.7956,0.6489,0.0995,0.2515,0.9362,0.2726,4.9260,1.1592,0.7027
3,3,774,775,2,1,2,0.7500,774.319,675.000,1141.340,7.8635,16.0000,1.0213,0.4666,4.6366,0.5333,0.2667,0.2000,0.7071,0.0000,4.9264,1.1591,1.0000
4,3,777,779,3,1,2,0.6667,777.930,858.000,806.526,8.2577,16.0000,1.1228,0.5310,4.6359,0.7576,0.1294,0.1129,0.8507,0.0000,4.6360,1.1589,0.8070
4,3,789,790,2,1,2,1.0000,789.525,739.000,1236.508,8.8330,16.0000,1.0492,0.6959,4.6336,0.0000,0.7500,0.2500,0.0000,0.0000,4.7785,1.4481,0.7705
4,3,790,792,3,2,1,0.6667,790.950,900.750,798.000,8.6877,18.0000,1.2000,0.2550,5.2126,0.5357,0.3214,0.1429,1.0000,0.0000,4.6335,1.3032,0.8000
4,4,791,792,2,2,1,1.0000,791.493,299.507,618.000,9.7010,18.0000,1.0746,0.7072,5.2126,0.0000,0.7500,0.2500,1.0000,0.0000,5.2125,1.4479,1.0000
3,3,791,792,2,2,1,0.7500,791.319,618.681,991.000,7.8580,17.0000,1.0851,0.4513,4.9230,0.5333,0.2667,0.2000,0.7071,0.0000,4.9229,1.5927,1.0000
5,3,791,792,2,2,2,0.6250,791.386,929.314,749.229,9.0654,16.0000,1.1429,0.5475,4.6334,0.3432,0.2505,0.4063,0.6059,0.3645,5.0676,0.8688,0.6857
5,3,792,793,2,2,2,0.6250,792.413,386.427,938.187,9.7125,17.0000,1.1333,0.8413,4.9226,0.3432,0.2505,0.4063,0.6059,0.3645,4.6332,1.4478,0.6267
5,4,795,796,2,2,2,0.6250,795.395,482.789,782.553,9.8407,19.0000,1.2500,0.8462,5.5010,0.3432,0.2505,0.4063,0.6059,0.3645,4.9221,1.7372,0.8553
4,3,796,797,2,1,2,1.0000,796.525,879.000,1123.525,8.5408,16.0000,1.0847,0.6712,4.6322,0.0000,0.7500,0.2500,0.0000,0.0000,4.6324,1.4476,0.7797
4,3,796,797,2,1,2,1.0000,796.594,949.000,1049.547,9.2646,20.0000,1.2500,0.6086,5.7903,0.0000,0.7500,0.2500,0.0000,0.0000,5.0666,1.4476,0.8281
3,3,797,798,2,1,2,0.7500,797.319,513.000,938.638,7.8560,17.0000,1.0851,0.7136,4.9217,0.5333,0.2667,0.2000,0.7071,0.0000,4.6322,1.4476,1.0000
5,3,800,801,2,1,3,0.8333,800.560,756.000,1032.173,9.7091,18.0000,1.2000,0.5862,5.2106,0.5854,0.2927,0.1220,0.3162,0.0000,4.6316,0.7237,0.6800
5,3,815,816,2,2,2,0.6250,815.356,535.384,756.808,9.4436,17.0000,1.1644,0.7373,4.9176,0.3432,0.2505,0.4063,0.6059,0.3645,4.6281,2.0248,0.6575
4,3,816,818,3,1,2,0.6667,816.914,530.000,564.552,8.3881,16.0000,1.1034,1.0178,4.6281,0.7576,0.1294,0.1129,0.8507,0.0000,4.7725,1.1570,0.8103
4,3,822,824,3,1,2,0.6667,823.081,493.000,840.516,8.9639,18.0000,1.1613,0.5224,5.2049,0.7576,0.1294,0.1129,0.8507,0.0000,4.9156,1.1567,0.8065
3,3,823,824,2,2,1,0.7500,823.688,426.646,953.000,8.0131,17.0000,1.0625,0.7175,4.9155,0.5333,0.2667,0.2000,0.7071,0.0000,4.9155,1.1566,1.0000
5,3,823,825,3,3,1,0.5556,823.740,484.013,834.000,9.9569,20.0000,1.2987,0.2601,5.7829,0.5532,0.3398,0.1070,0.8281,0.0000,4.9155,1.8794,0.6753
5,3,825,827,3,2,2,0.4167,826.027,588.589,860.836,9.4387,16.0000,1.0959,0.6122,4.6259,0.5461,0.2256,0.2283,0.8117,0.4177,4.0477,1.5901,0.6438
4,3,827,829,3,1,2,0.6667,828.082,619.000,692.426,8.8172,19.0000,1.2459,0.4340,5.4927,0.7576,0.1294,0.1129,0.8507,0.0000,4.9144,2.0236,0.8197
3,3,832,833,2,2,1,0.7500,832.319,721.362,367.000,7.8430,17.0000,1.0851,0.7136,4.9136,0.5333,0.2667,0.2000,0.7071,0.0000,4.0465,0.8670,1.0000
4,3,836,837,2,1,2,1.0000,836.524,576.000,1066.444,9.1029,18.0000,1.1429,0.6870,5.2018,0.0000,0.7500,0.2500,0.0000,0.0000,5.3460,1.7339,0.8095
4,3,836,837,2,1,2,1.0000,836.453,796.000,1205.547,9.2474,18.0000,1.1250,0.7102,5.2018,0.0000,0.7500,0.2500,0.0000,0.0000,5.3462,1.0114,0.8281
4,3,837,839,3,2,1,0.6667,837.905,654.238,473.000,9.1024,20.0000,1.2698,0.2564,5.7793,0.5357,0.3214,0.1429,1.0000,0.0000,4.9125,1.0114,0.8254
3,3,838,839,2,1,2,0.7500,838.333,887.000,1052.667,7.5074,15.0000,1.0000,0.7454,4.3345,0.5333,0.2667,0.2000,0.7071,0.0000,4.6234,1.1558,1.0000
3,3,839,840,2,1,2,0.7500,839.347,474.000,1036.673,8.1744,17.0000,1.0408,0.7301,4.9120,0.5333,0.2667,0.2000,0.7071,0.0000,4.9122,1.4448,1.0000
4,3,841,842,2,1,2,1.0000,841.548,714.000,988.468,8.9567,17.0000,1.0968,0.6502,4.9116,0.0000,0.7500,0.2500,0.0000,0.0000,5.0562,1.1556,0.8065
3,3,842,843,2,2,1,0.7500,842.312,416.312,1001.000,8.0067,18.0000,1.1250,0.4419,5.2006,0.5333,0.2667,0.2000,0.7071,0.0000,4.6227,1.5890,1.0000
4,3,846,847,2,2,2,0.5000,846.268,343.268,808.196,8.0886,15.0000,1.0714,0.4267,4.3332,0.0000,0.5625,0.4375,0.4459,0.5774,4.6220,1.1555,0.8036
4,3,848,849,2,2,2,0.5000,848.458,374.746,883.797,8.5214,17.0000,1.1525,0.5616,4.9107,0.5916,0.1015,0.3069,0.7071,0.7071,4.3329,1.4443,0.7966
5,3,852,854,3,3,1,0.5556,853.329,517.908,917.000,9.8166,19.0000,1.2500,1.1290,5.4875,0.5532,0.3398,0.1070,0.8281,0.0000,4.6212,1.1553,0.6842
5,3,852,853,2,2,2,0.6250,852.623,700.435,425.174,8.9126,16.0000,1.1594,0.6011,4.6212,0.3432,0.2505,0.4063,0.6059,0.3645,4.0436,1.1553,0.6667
3,3,858,859,2,1,2,0.7500,858.667,891.000,777.667,8.0032,16.0000,1.0000,0.7454,4.6207,0.5333,0.2667,0.2000,0.7071,0.0000,4.9094,1.1552,1.0000
3,3,861,863,3,1,1,1.0000,862.000,538.000,579.000,7.8361,17.0000,1.0851,0.0000,4.9092,0.8889,0.0000,0.1111,1.0000,0.0000,4.0429,1.7326,1.0000
3,3,864,866,3,1,1,1.0000,865.000,595.000,578.000,8.0025,18.0000,1.1250,0.0000,5.1978,0.8889,0.0000,0.1111,1.0000,0.0000,4.9091,1.5882,1.0000
6,3,865,867,3,2,3,0.3333,865.659,518.134,1033.951,9.6668,17.0000,1.2439,0.6738,4.9090,0.5367,0.2153,0.2481,0.8770,0.3081,4.0427,0.5775,0.5976
3,3,868,869,2,1,2,0.7500,868.288,458.000,697.346,8.6691,19.0000,1.0962,0.4506,5.4864,0.5333,0.2667,0.2000,0.7071,0.0000,5.7752,2.0213,1.0000
5,4,868,869,2,3,1,0.8333,868.413,682.853,591.000,9.6852,17.0000,1.1333,0.4386,4.9089,0.5854,0.2927,0.1220,0.3162,0.0000,5.1976,1.7325,0.8533
3,3,870,871,2,2,1,0.7500,870.667,836.333,954.000,7.5020,15.0000,1.0000,0.7454,4.3313,0.5333,0.2667,0.2000,0.7071,0.0000,4.6200,1.4438,1.0000
7,4,872,874,3,1,3,0.7778,872.947,621.000,1050.000,10.3680,15.0000,1.1053,1.0014,4.3312,0.3567,0.5477,0.0956,0.8348,0.0000,4.9087,1.4437,0.6316
14,6,875,878,4,4,3,0.2917,877.045,228.164,530.741,16.9777,22.0000,1.4000,1.4696,6.3525,0.6507,0.1684,0.1810,0.5069,0.2368,4.0425,1.0106,0.6545
4,3,878,880,3,1,2,0.6667,879.071,501.000,872.536,8.0850,15.0000,1.0714,0.5405,4.3312,0.7576,0.1294,0.1129,0.8507,0.0000,4.9087,2.5987,0.8036
3,3,882,883,2,2,1,0.7500,882.320,486.360,708.000,8.3355,18.0000,1.0800,0.7155,5.1975,0.5333,0.2667,0.2000,0.7071,0.0000,4.3313,0.5775,1.0000
3,3,882,883,2,1,2,0.7500,882.688,627.000,1078.646,8.0021,17.0000,1.0625,0.7175,4.9088,0.5333,0.2667,0.2000,0.7071,0.0000,4.9088,1.7325,1.0000
3,3,883,884,2,1,2,0.7500,883.667,603.000,1104.706,8.5023,19.0000,1.1176,0.4445,5.4863,0.5333,0.2667,0.2000,0.7071,0.0000,5.1975,1.1550,1.0000
6,3,888,890,3,1,3,0.6667,888.917,975.000,1161.202,9.9025,18.0000,1.2857,0.2189,5.1977,0.4000,0.4800,0.1200,0.7071,0.0000,4.3314,1.4438,0.5952
3,3,889,891,3,1,1,1.0000,890.000,359.000,1087.000,8.1692,19.0000,1.1633,0.0000,5.4866,0.8889,0.0000,0.1111,1.0000,0.0000,4.6203,1.1551,1.0000
4,3,891,893,3,1,2,0.6667,891.931,605.000,906.466,8.3744,16.0000,1.1034,1.0409,4.6203,0.7576,0.1294,0.1129,0.8507,0.0000,4.6204,1.7327,0.7931
6,3,891,893,3,2,2,0.5000,891.815,609.852,1126.630,9.5491,15.0000,1.1111,1.0403,4.3316,0.5230,0.1584,0.3185,0.9225,0.0898,4.1872,1.4438,0.5556
4,4,903,904,2,2,1,1.0000,903.500,321.516,1029.000,9.2421,17.0000,1.0625,0.6961,4.9098,0.0000,0.7500,0.2500,1.0000,0.0000,4.9099,1.1552,1.0000
4,3,905,906,2,1,2,1.0000,905.526,318.000,1179.526,8.2316,15.0000,1.0526,0.7081,4.3324,0.0000,0.7500,0.2500,0.0000,0.0000,4.6212,0.5777,0.7895
4,3,906,908,3,2,1,0.6667,906.763,390.814,765.000,8.5206,18.0000,1.2203,0.7852,5.1989,0.7500,0.1500,0.1000,0.9487,0.0000,4.9102,1.7330,0.8136
4,3,906,906,1,2,3,0.6667,906.000,480.800,688.292,9.3869,21.0000,1.2923,0.7354,6.0654,0.7500,0.1500,0.1000,0.0000,1.0000,5.0545,1.7330,0.8000
7,3,906,907,2,2,2,0.8750,906.384,510.404,753.495,10.8076,19.0000,1.3434,0.7521,5.4877,0.0000,0.3318,0.6682,0.8165,0.5774,4.9101,1.4442,0.4949
3,3,909,910,2,2,1,0.7500,909.333,471.646,534.000,8.0047,17.0000,1.0625,0.7268,4.9103,0.5333,0.2667,0.2000,0.7071,0.0000,5.1993,1.7330,1.0000
4,3,909,911,3,1,2,0.6667,910.388,900.000,762.239,9.6765,21.0000,1.2537,0.6569,6.0659,0.7500,0.1500,0.1000,0.9487,0.0000,5.6326,2.0220,0.8358
3,3,910,912,3,1,1,1.0000,911.000,691.000,1102.000,7.8382,16.0000,1.0213,1.0000,4.6218,0.8889,0.0000,0.1111,1.0000,0.0000,4.9104,0.2889,1.0000
5,3,912,914,3,2,1,0.8333,912.750,352.611,874.000,9.3012,17.0000,1.1806,0.4623,4.9107,0.5854,0.2927,0.1220,0.9487,0.0000,4.6218,1.1555,0.6528
4,3,912,913,2,2,1,1.0000,912.492,401.475,817.000,8.5214,16.0000,1.0847,0.6955,4.6218,0.0000,0.7500,0.2500,1.0000,0.0000,4.9106,1.1554,0.7797
3,3,912,913,2,2,1,0.7500,912.319,528.681,575.000,7.8384,17.0000,1.0851,0.4513,4.9106,0.5333,0.2667,0.2000,0.7071,0.0000,4.3330,0.7221,1.0000
3,3,922,923,2,1,2,0.7500,922.340,581.000,893.681,7.8398,16.0000,1.0213,0.4666,4.6227,0.5333,0.2667,0.2000,0.7071,0.0000,4.9115,2.3113,1.0000
3,3,923,925,3,1,1,1.0000,923.962,356.000,827.000,8.6741,20.0000,1.1538,0.0385,5.7784,0.8889,0.0000,0.1111,1.0000,0.0000,5.4894,1.1557,1.0000
3,3,926,927,2,2,1,0.7500,926.348,587.326,935.000,7.6735,16.0000,1.0435,0.7292,4.6230,0.5333,0.2667,0.2000,0.7071,0.0000,4.6229,1.1557,1.0000
4,3,932,933,2,1,2,1.0000,932.508,602.000,976.542,8.5241,17.0000,1.1525,0.6841,4.9122,0.0000,0.7500,0.2500,0.0000,0.0000,4.6233,0.5779,0.7966
6,3,935,937,3,2,2,0.5000,935.812,893.129,526.518,10.0272,17.0000,1.2000,0.5658,4.9123,0.3810,0.3333,0.2857,0.9487,0.1690,4.4789,1.5893,0.5765
3,3,936,937,2,2,1,0.7500,936.327,411.306,972.000,8.1747,18.0000,1.1020,0.4476,5.2013,0.5333,0.2667,0.2000,0.7071,0.0000,5.2013,1.1558,1.0000
3,3,936,937,2,1,2,0.7500,936.326,1031.000,1005.674,7.6742,16.0000,1.0435,0.4612,4.6234,0.5333,0.2667,0.2000,0.7071,0.0000,4.6234,1.7338,1.0000
6,3,937,939,3,2,2,0.5000,937.823,442.278,1001.658,9.3195,15.0000,1.1392,0.9335,4.3344,0.6381,0.1455,0.2164,0.8019,0.3768,4.1899,1.4448,0.5696
5,3,939,940,2,1,3,0.8333,939.581,706.000,1041.770,9.5629,18.0000,1.2162,0.6248,5.2013,0.5854,0.2927,0.1220,0.3162,0.0000,4.6234,1.1558,0.6622
3,3,948,949,2,2,1,0.7500,948.694,657.633,1027.000,8.1743,18.0000,1.1020,0.7028,5.2010,0.5333,0.2667,0.2000,0.7071,0.0000,4.9120,1.4447,1.0000
3,3,957,958,2,2,1,0.7500,957.652,313.674,656.000,7.6723,16.0000,1.0435,0.7292,4.6223,0.5333,0.2667,0.2000,0.7071,0.0000,4.0444,1.0111,1.0000
4,3,958,959,2,2,2,0.5000,958.741,201.190,839.259,8.3775,17.0000,1.1724,0.4120,4.9109,0.0000,0.5625,0.4375,0.4459,0.5774,4.9110,0.8667,0.8103
4,3,960,961,2,2,1,1.0000,960.441,391.508,746.000,8.5215,18.0000,1.2203,0.6729,5.1996,0.0000,0.7500,0.2500,1.0000,0.0000,4.9107,1.5887,0.8136
4,3,961,963,3,1,2,0.6667,962.317,509.000,1276.250,8.6654,17.0000,1.1333,0.4035,4.9105,0.7500,0.1500,0.1000,0.9487,0.0000,5.0547,1.5887,0.8000
7,3,961,963,3,2,3,0.3889,961.980,783.444,1012.020,10.8083,17.0000,1.2020,0.4454,4.9105,0.5487,0.1939,0.2574,0.8285,0.0460,4.6215,2.0219,0.5051
4,3,962,964,3,1,2,0.6667,963.015,422.000,792.194,9.6761,19.0000,1.1343,0.1946,5.4880,0.5357,0.3214,0.1429,1.0000,0.0000,5.6324,1.7330,0.8060
4,3,962,963,2,2,1,1.0000,962.532,627.548,927.000,8.9542,17.0000,1.0968,0.6980,4.9105,0.0000,0.7500,0.2500,1.0000,0.0000,5.0547,1.4442,0.8065
6,3,962,963,2,2,2,0.7500,962.580,661.386,439.318,10.3770,20.0000,1.3636,0.8091,5.7768,0.2000,0.3333,0.4667,0.0000,0.0000,4.4771,1.4442,0.5795
6,3,967,969,3,2,2,0.5000,968.181,514.133,608.313,9.7854,18.0000,1.3012,0.3852,5.1982,0.5230,0.1584,0.3185,0.9225,0.0898,3.6099,1.4439,0.5904
4,3,968,969,2,3,1,0.6667,968.262,501.049,469.000,8.8079,18.0000,1.1803,0.2669,5.1982,0.5357,0.3214,0.1429,0.0000,0.0000,4.7649,1.2995,0.8033
5,3,975,976,2,2,2,0.6250,975.577,555.577,1115.831,9.1668,15.0000,1.0563,0.8340,4.3306,0.3432,0.2505,0.4063,0.6059,0.3645,5.1965,1.8766,0.6338
4,4,978,980,3,2,1,0.6667,979.015,361.769,857.000,9.3814,17.0000,1.0462,0.2313,4.9072,0.5357,0.3214,0.1429,1.0000,0.0000,5.0515,1.4433,1.0000
3,3,980,981,2,2,1,0.7500,980.326,616.674,827.000,7.6658,16.0000,1.0435,0.4612,4.6184,0.5333,0.2667,0.2000,0.7071,0.0000,4.9070,1.2989,1.0000
4,3,980,982,3,2,1,0.6667,980.950,811.250,510.000,8.6591,18.0000,1.2000,0.2550,5.1954,0.5357,0.3214,0.1429,1.0000,0.0000,4.0410,0.8660,0.8000
4,3,981,982,2,2,2,0.5000,981.533,747.817,1082.267,8.6589,17.0000,1.1333,0.6238,4.9068,0.5916,0.1015,0.3069,0.7071,0.7071,4.9066,1.1545,0.8167
3,3,985,986,2,2,1,0.7500,985.700,218.380,780.000,8.3307,19.0000,1.1400,0.6888,5.4830,0.5333,0.2667,0.2000,0.7071,0.0000,5.1945,1.8758,1.0000
5,3,985,987,3,2,2,0.4167,986.226,912.619,689.143,10.8408,21.0000,1.2500,0.4655,6.0602,0.7729,0.0435,0.1836,0.8328,0.5477,5.7715,1.2986,0.7143
6,3,986,988,3,2,2,0.5000,986.948,280.875,577.312,11.3097,22.0000,1.3750,0.3406,6.3486,0.7074,0.0897,0.2030,0.9140,0.2540,4.7614,2.0200,0.5938
4,3,986,987,2,3,1,0.6667,986.492,342.949,781.000,8.5130,17.0000,1.1525,0.5110,4.9057,0.7576,0.1294,0.1129,0.5257,0.0000,4.9058,1.7315,0.7966
3,3,986,987,2,1,2,0.7500,986.653,521.000,922.653,8.1638,17.0000,1.0408,0.7395,4.9059,0.5333,0.2667,0.2000,0.7071,0.0000,5.1943,1.5871,1.0000
3,3,989,991,3,1,1,1.0000,989.885,423.000,811.000,8.6627,21.0000,1.2115,0.8846,6.0596,0.8889,0.0000,0.1111,1.0000,0.0000,4.9052,1.2984,1.0000
3,3,989,990,2,1,2,0.7500,989.652,611.000,1257.674,7.6633,16.0000,1.0435,0.7292,4.6168,0.5333,0.2667,0.2000,0.7071,0.0000,4.6167,0.8656,1.0000
5,4,992,994,3,1,2,0.8333,992.744,588.000,1038.378,10.5805,21.0000,1.2805,0.4566,6.0589,0.5854,0.2927,0.1220,0.9487,0.0000,5.1933,1.1541,0.8537
4,3,995,997,3,1,2,0.6667,996.048,399.000,630.500,8.9434,19.0000,1.2258,0.5023,5.4815,0.7576,0.1294,0.1129,0.8507,0.0000,4.7602,0.7213,0.8065
4,3,999,1001,3,1,2,0.6667,999.984,546.000,791.820,8.7985,18.0000,1.1803,1.0000,5.1927,0.5357,0.3214,0.1429,1.0000,0.0000,4.9041,2.0193,0.8197
4,3,1001,1002,2,1,3,0.6667,1001.222,796.000,1085.000,9.0868,19.0000,1.2063,0.2222,5.4810,0.5357,0.3214,0.1429,0.0000,0.0000,4.6155,0.5769,0.7778
3,3,1003,1005,3,1,1,1.0000,1004.000,403.000,843.000,7.8275,17.0000,1.0851,0.0000,4.9038,0.8889,0.0000,0.1111,1.0000,0.0000,4.9039,2.0192,1.0000
4,3,1006,1007,2,2,1,1.0000,1006.526,757.526,1146.000,8.2210,15.0000,1.0526,0.7081,4.3268,0.0000,0.7500,0.2500,1.0000,0.0000,4.6153,1.4423,0.7895
3,3,1007,1009,3,1,1,1.0000,1008.000,526.000,874.000,7.4943,15.0000,1.0000,1.0000,4.3268,0.8889,0.0000,0.1111,1.0000,0.0000,4.9037,2.1634,1.0000
4,3,1017,1018,2,3,1,0.6667,1017.525,214.951,761.000,8.7980,17.0000,1.1148,0.5269,4.9038,0.7576,0.1294,0.1129,0.5257,0.0000,4.9038,1.1538,0.8033
3,3,1017,1018,2,1,2,0.7500,1017.302,474.000,875.340,8.8267,19.0000,1.0755,0.4544,5.4807,0.5333,0.2667,0.2000,0.7071,0.0000,5.4807,0.8654,1.0000
6,3,1018,1020,3,2,2,0.5000,1019.333,629.845,831.262,9.8922,19.0000,1.3571,0.7328,5.4808,0.5034,0.2551,0.2415,0.9677,0.2521,4.6154,1.7308,0.5833
5,4,1019,1020,2,2,2,0.6250,1019.554,433.602,743.157,10.7074,20.0000,1.2048,0.6998,5.7693,0.3432,0.2505,0.4063,0.6059,0.3645,5.1923,1.4423,0.8434
4,3,1021,1023,3,2,1,0.6667,1021.985,395.292,457.000,9.3753,19.0000,1.1692,0.7079,5.4809,0.5357,0.3214,0.1429,1.0000,0.0000,4.9040,1.1539,0.7846
6,3,1023,1024,2,3,2,0.5000,1023.345,195.226,726.869,9.8926,17.0000,1.2143,0.4330,4.9040,0.5230,0.1584,0.3185,0.3667,0.5079,4.7598,1.7308,0.5714
3,3,1023,1024,2,2,1,0.7500,1023.646,669.312,860.000,7.9945,17.0000,1.0625,0.7175,4.9040,0.5333,0.2667,0.2000,0.7071,0.0000,5.1926,1.0097,1.0000
5,3,1031,1033,3,1,3,0.5556,1032.026,575.000,873.013,9.8055,21.0000,1.3816,0.0294,6.0585,0.0000,0.8276,0.1724,0.0000,0.0000,4.9044,1.4425,0.6974
4,3,1032,1034,3,2,1,0.6667,1032.968,173.484,719.000,8.9435,16.0000,1.0323,1.0820,4.6160,0.7576,0.1294,0.1129,0.8507,0.0000,4.9045,1.4425,0.7742
4,3,1033,1035,3,1,2,0.6667,1033.983,576.000,903.750,8.6551,16.0000,1.0667,0.2506,4.6160,0.5357,0.3214,0.1429,1.0000,0.0000,4.6160,1.1540,0.7667
5,3,1038,1039,2,3,2,0.4167,1038.608,394.905,661.811,9.5479,18.0000,1.2162,1.0046,5.1932,0.1521,0.5234,0.3245,0.0000,0.5847,4.6161,1.4425,0.6622
3,3,1038,1039,2,1,2,0.7500,1038.673,482.000,1120.633,8.1620,18.0000,1.1020,0.7119,5.1932,0.5333,0.2667,0.2000,0.7071,0.0000,5.1932,2.0196,1.0000
4,3,1039,1040,2,1,2,1.0000,1039.492,581.000,962.415,9.3766,21.0000,1.2923,0.6560,6.0587,0.0000,0.7500,0.2500,0.0000,0.0000,5.3374,0.8655,0.8308
3,3,1041,1041,1,2,2,0.7500,1041.000,375.674,984.326,7.6623,16.0000,1.0435,0.4612,4.6162,0.5333,0.2667,0.2000,0.0000,1.0000,4.9047,2.8851,1.0000
3,3,1043,1045,3,1,1,1.0000,1044.062,583.000,1189.000,7.9954,18.0000,1.1250,0.9375,5.1931,0.8889,0.0000,0.1111,1.0000,0.0000,4.6162,1.4425,1.0000
4,3,1044,1045,2,1,2,1.0000,1044.526,530.000,968.474,8.2225,15.0000,1.0526,0.7081,4.3276,0.0000,0.7500,0.2500,0.0000,0.0000,4.6161,1.7311,0.7895
5,3,1044,1046,3,2,1,0.8333,1044.760,696.387,545.000,9.6769,18.0000,1.2000,0.4551,5.1931,0.5854,0.2927,0.1220,0.9487,0.0000,5.4816,1.4425,0.6933
7,3,1051,1053,3,2,2,0.5833,1051.775,212.735,942.696,11.1220,21.0000,1.4412,0.4618,6.0583,0.3772,0.3083,0.3146,0.9758,0.2185,3.7504,1.0097,0.5392
6,3,1052,1054,3,2,2,0.5000,1053.241,441.566,884.506,9.7751,16.0000,1.1566,0.7001,4.6157,0.5926,0.1852,0.2222,0.8018,0.5071,4.4715,1.1539,0.5663
4,3,1058,1060,3,2,1,0.6667,1059.068,444.729,644.000,8.5092,17.0000,1.1525,0.2795,4.9036,0.5357,0.3214,0.1429,1.0000,0.0000,4.7594,1.4422,0.8136
5,3,1060,1062,3,1,3,0.5556,1060.918,847.000,634.671,9.4164,18.0000,1.2329,1.1371,5.1920,0.5532,0.3398,0.1070,0.5606,0.0000,4.9034,1.7307,0.6849
5,3,1062,1063,2,2,2,0.6250,1062.623,528.391,476.826,8.9000,16.0000,1.1594,0.7367,4.6147,0.3432,0.2505,0.4063,0.6059,0.3645,4.6147,0.8653,0.6667
3,3,1063,1065,3,1,1,1.0000,1063.958,515.000,495.000,7.9927,17.0000,1.0625,0.9583,4.9031,0.8889,0.0000,0.1111,1.0000,0.0000,5.0472,1.0094,1.0000
4,3,1064,1066,3,1,2,0.6667,1064.931,290.000,774.517,8.3637,17.0000,1.1724,0.5218,4.9028,0.7576,0.1294,0.1129,0.8507,0.0000,4.6145,1.4420,0.8103
4,3,1064,1065,2,2,2,0.5000,1064.770,413.738,467.475,8.7963,16.0000,1.0492,0.9071,4.6144,0.5916,0.1015,0.3069,0.5000,0.5000,5.0470,2.3073,0.7705
4,3,1066,1068,3,2,1,0.6667,1067.175,190.825,844.000,9.0840,20.0000,1.2698,0.2469,5.7677,0.7500,0.1500,0.1000,0.9487,0.0000,4.9025,0.8652,0.8254
4,3,1069,1071,3,1,2,0.6667,1070.092,96.000,624.831,9.3715,20.0000,1.2308,1.1053,5.7673,0.7500,0.1500,0.1000,0.9487,0.0000,5.1903,0.8651,0.8308
4,3,1071,1073,3,2,1,0.6667,1071.930,157.544,723.000,8.2175,16.0000,1.1228,0.4615,4.6133,0.7576,0.1294,0.1129,0.8507,0.0000,4.6134,0.7208,0.8070
3,3,1081,1082,2,1,2,0.7500,1081.319,438.000,858.660,7.8215,16.0000,1.0213,0.7327,4.6119,0.5333,0.2667,0.2000,0.7071,0.0000,5.1883,0.8647,1.0000
3,3,1085,1087,3,1,1,1.0000,1086.000,436.000,984.000,7.8203,17.0000,1.0851,0.0000,4.8993,0.8889,0.0000,0.1111,1.0000,0.0000,4.6112,1.1528,1.0000
4,4,1092,1093,2,2,1,1.0000,1092.492,330.492,751.000,9.0764,17.0000,1.0794,0.6959,4.8984,0.0000,0.7500,0.2500,1.0000,0.0000,4.7543,1.7288,1.0000
5,3,1096,1097,2,2,2,0.6250,1096.174,425.449,820.391,8.8905,16.0000,1.1594,0.8391,4.6098,0.3432,0.2505,0.4063,0.5155,0.8569,4.8979,1.4406,0.6667
3,3,1099,1100,2,1,2,0.7500,1099.667,554.000,802.333,7.4849,15.0000,1.0000,0.7454,4.3215,0.5333,0.2667,0.2000,0.7071,0.0000,5.1856,2.5928,1.0000
5,4,1106,1108,3,2,1,0.8333,1107.247,674.416,977.000,9.9197,18.0000,1.1688,0.4833,5.1852,0.5854,0.2927,0.1220,0.9487,0.0000,5.1852,1.7284,0.8442
5,3,1112,1113,2,2,2,0.6250,1112.671,613.368,619.237,9.7906,18.0000,1.1842,0.9090,5.1851,0.3432,0.2505,0.4063,0.6059,0.3645,4.6089,0.7201,0.6711
5,3,1113,1115,3,1,2,0.8333,1113.800,579.000,826.438,10.3059,20.0000,1.2500,0.5970,5.7612,0.5854,0.2927,0.1220,0.9487,0.0000,4.6089,1.7284,0.6625
4,4,1117,1118,2,2,1,1.0000,1117.523,632.508,839.000,9.3620,17.0000,1.0462,0.6966,4.8970,0.0000,0.7500,0.2500,1.0000,0.0000,5.3291,1.4403,1.0000
5,3,1120,1122,3,1,2,0.8333,1121.250,439.000,675.431,9.2755,16.0000,1.1111,0.4979,4.6090,0.5854,0.2927,0.1220,0.9487,0.0000,4.6091,1.7284,0.6528
3,3,1121,1122,2,2,1,0.7500,1121.667,210.312,398.000,7.9831,17.0000,1.0625,0.4569,4.8971,0.5333,0.2667,0.2000,0.7071,0.0000,4.8971,1.5844,1.0000
3,3,1121,1122,2,1,2,0.7500,1121.319,432.000,818.340,7.8168,16.0000,1.0213,0.4666,4.6090,0.5333,0.2667,0.2000,0.7071,0.0000,4.8971,1.8724,1.0000
5,3,1123,1124,2,3,2,0.4167,1123.167,391.974,495.526,10.0486,22.0000,1.4103,0.5520,6.3375,0.5461,0.2256,0.2283,0.1201,0.5647,4.6091,2.1605,0.6667
4,3,1125,1126,2,2,2,0.5000,1125.574,593.820,775.262,8.7862,19.0000,1.2459,0.5320,5.4734,0.5916,0.1015,0.3069,0.7071,0.7071,4.7532,1.5844,0.8197
8,3,1134,1136,3,2,3,0.4444,1134.700,628.217,644.092,12.2228,21.0000,1.4000,0.9808,6.0500,0.5074,0.3123,0.1803,0.2951,0.0437,3.8893,1.7286,0.5917
4,3,1138,1139,2,1,2,1.0000,1138.458,699.000,935.542,8.4991,17.0000,1.1525,0.6472,4.8977,0.0000,0.7500,0.2500,0.0000,0.0000,4.6097,1.1524,0.7966
4,3,1139,1140,2,2,1,1.0000,1139.517,714.517,532.000,8.6432,16.0000,1.0667,0.7075,4.6097,0.0000,0.7500,0.2500,1.0000,0.0000,5.0418,1.7286,0.7833
3,3,1144,1145,2,1,2,0.7500,1144.348,506.000,667.674,7.6518,16.0000,1.0435,0.7292,4.6099,0.5333,0.2667,0.2000,0.7071,0.0000,4.0336,0.7203,1.0000
7,3,1146,1147,2,2,2,0.8750,1146.467,466.619,875.571,11.4343,19.0000,1.2667,0.7831,5.4743,0.0000,0.3318,0.6682,0.0000,0.5774,4.8980,1.1525,0.6381
4,3,1150,1152,3,1,2,0.6667,1150.836,335.000,512.820,8.7877,17.0000,1.1148,0.2437,4.8981,0.7500,0.1500,0.1000,0.9487,0.0000,5.0421,1.2966,0.8197
5,3,1150,1152,3,2,1,0.8333,1151.240,503.613,924.000,9.6639,19.0000,1.2667,0.4551,5.4743,0.5854,0.2927,0.1220,0.9487,0.0000,4.8981,1.1525,0.6800
7,4,1154,1156,3,2,2,0.5833,1155.155,580.567,782.722,10.5633,16.0000,1.1546,0.5375,4.6100,0.3883,0.1309,0.4808,0.9235,0.3259,4.8981,1.0084,0.6289
5,3,1155,1157,3,2,2,0.4167,1155.779,655.208,466.857,9.9217,19.0000,1.2338,0.8190,5.4743,0.6489,0.0995,0.2515,0.9362,0.2726,5.1862,2.0169,0.6883
6,3,1156,1158,3,3,1,0.6667,1156.953,184.802,575.000,10.1158,18.0000,1.2558,0.2031,5.1862,0.6944,0.2222,0.0833,0.8000,0.0000,4.3218,0.5762,0.5698
3,3,1160,1162,3,1,1,1.0000,1160.980,552.000,980.000,8.3173,18.0000,1.0800,0.9800,5.1862,0.8889,0.0000,0.1111,1.0000,0.0000,5.1861,1.1525,1.0000
4,3,1161,1162,2,2,1,1.0000,1161.541,434.443,461.000,8.7876,17.0000,1.1148,0.6990,4.8980,0.0000,0.7500,0.2500,1.0000,0.0000,5.1861,2.3049,0.8197
5,3,1161,1162,2,2,2,0.6250,1161.467,727.413,882.853,9.6638,18.0000,1.2000,0.8063,5.1861,0.3432,0.2505,0.4063,0.6059,0.3645,5.1862,1.4406,0.6800
3,3,1163,1165,3,1,1,1.0000,1164.000,693.000,947.000,8.1509,17.0000,1.0408,0.0000,4.8980,0.8889,0.0000,0.1111,1.0000,0.0000,4.3218,1.0084,1.0000
3,3,1166,1167,2,2,1,0.7500,1166.660,143.681,735.000,7.8181,16.0000,1.0213,0.7327,4.6098,0.5333,0.2667,0.2000,0.7071,0.0000,4.8979,1.0084,1.0000
3,3,1168,1169,2,2,1,0.7500,1168.354,107.667,705.000,7.9843,17.0000,1.0625,0.7268,4.8978,0.5333,0.2667,0.2000,0.7071,0.0000,4.8979,1.1524,1.0000
3,3,1171,1172,2,2,1,0.7500,1171.681,480.681,1020.000,7.8178,17.0000,1.0851,0.4513,4.8977,0.5333,0.2667,0.2000,0.7071,0.0000,4.6096,0.5762,1.0000
4,3,1175,1176,2,3,1,0.6667,1175.197,291.754,455.000,8.7868,18.0000,1.1803,0.7793,5.1857,0.7500,0.1500,0.1000,0.3162,0.0000,5.0416,1.2964,0.8033
4,3,1177,1179,3,1,2,0.6667,1178.250,724.000,845.800,8.6425,18.0000,1.2000,0.7762,5.1854,0.7500,0.1500,0.1000,0.9487,0.0000,4.6094,1.4404,0.8000
9,4,1179,1180,2,5,3,0.3000,1179.414,164.100,652.557,13.4437,23.0000,1.4786,0.8145,6.6258,0.8827,0.0125,0.1048,0.2272,0.9709,4.3212,1.7285,0.5571
4,3,1179,1181,3,2,1,0.6667,1179.983,460.500,507.000,8.6423,16.0000,1.0667,0.5003,4.6092,0.7576,0.1294,0.1129,0.8507,0.0000,4.6093,0.8642,0.7667
4,3,1181,1182,2,1,2,1.0000,1181.530,724.000,909.409,9.5064,20.0000,1.2121,0.6229,5.7614,0.0000,0.7500,0.2500,0.0000,0.0000,5.1853,1.4403,0.8182
3,3,1185,1186,2,1,2,0.7500,1185.319,470.000,587.660,7.8166,16.0000,1.0213,0.7327,4.6090,0.5333,0.2667,0.2000,0.7071,0.0000,4.8970,1.1522,1.0000
4,3,1186,1189,4,1,1,1.0000,1187.373,388.000,903.000,8.4975,17.0000,1.1525,1.3729,4.8970,0.9375,0.0000,0.0625,1.0000,0.0000,4.8968,1.2962,0.7966
4,3,1194,1196,3,1,2,0.6667,1195.016,478.000,614.742,8.9287,17.0000,1.0968,0.2586,4.8964,0.5357,0.3214,0.1429,1.0000,0.0000,4.7523,2.0161,0.7742
5,3,1196,1198,3,1,2,0.8333,1196.737,440.000,834.538,10.3043,19.0000,1.1875,0.9126,5.4723,0.5854,0.2927,0.1220,0.9487,0.0000,5.4723,1.2960,0.7000
4,3,1201,1202,2,2,2,0.5000,1201.456,159.737,869.193,8.2079,16.0000,1.1228,0.5609,4.6079,0.5916,0.1015,0.3069,0.7071,0.7071,4.6079,0.5760,0.8070
8,3,1204,1207,4,2,2,0.5000,1205.826,648.455,621.438,12.3196,23.0000,1.5207,0.6547,6.6234,0.7224,0.1500,0.1276,0.9100,0.4146,4.3196,1.1519,0.4876
11,5,1205,1208,4,2,3,0.4583,1206.672,619.213,656.851,15.1079,22.0000,1.3908,1.2140,6.3354,0.4726,0.3968,0.1306,0.8219,0.2125,5.1835,1.7278,0.7069
5,3,1206,1207,2,3,1,0.8333,1206.365,364.743,824.000,9.5302,19.0000,1.2838,0.4462,5.4715,0.5854,0.2927,0.1220,0.3162,0.0000,4.8955,1.4399,0.6757
3,3,1207,1208,2,1,2,0.7500,1207.633,470.000,885.673,8.1467,18.0000,1.1020,0.7119,5.1835,0.5333,0.2667,0.2000,0.7071,0.0000,5.1834,1.7278,1.0000
5,3,1211,1213,3,2,1,0.8333,1212.128,280.692,842.000,10.0445,19.0000,1.2179,1.1694,5.4712,0.5854,0.2927,0.1220,0.9487,0.0000,5.1831,0.7199,0.6923
4,3,1212,1214,3,2,1,0.6667,1212.932,564.729,622.000,8.4945,17.0000,1.1525,0.2795,4.8951,0.5357,0.3214,0.1429,1.0000,0.0000,5.0391,1.4397,0.8136
3,3,1219,1220,2,2,1,0.7500,1219.688,629.667,167.000,7.9791,17.0000,1.0625,0.4569,4.8947,0.5333,0.2667,0.2000,0.7071,0.0000,4.8947,1.7276,1.0000
4,3,1220,1221,2,1,2,1.0000,1220.492,671.000,580.492,8.4936,15.0000,1.0169,0.6951,4.3188,0.0000,0.7500,0.2500,0.0000,0.0000,4.8946,1.4396,0.7627
4,4,1231,1232,2,2,1,1.0000,1231.508,399.508,464.000,8.7806,16.0000,1.0492,0.6955,4.6062,0.0000,0.7500,0.2500,1.0000,0.0000,4.6062,1.4394,1.0000
3,3,1231,1233,3,1,1,1.0000,1232.000,832.000,745.000,7.4795,15.0000,1.0000,1.0000,4.3183,0.8889,0.0000,0.1111,1.0000,0.0000,4.6062,1.1516,1.0000
3,3,1232,1233,2,1,2,0.7500,1232.319,586.000,866.319,7.8119,17.0000,1.0851,0.4513,4.8941,0.5333,0.2667,0.2000,0.7071,0.0000,4.8941,1.0076,1.0000
3,3,1233,1234,2,2,1,0.7500,1233.640,356.660,773.000,8.3105,18.0000,1.0800,0.7247,5.1819,0.5333,0.2667,0.2000,0.7071,0.0000,5.1819,1.4394,1.0000
4,3,1235,1236,2,2,2,0.5000,1235.474,622.737,744.193,8.2046,16.0000,1.1228,0.6193,4.6061,0.5916,0.1015,0.3069,0.7071,0.7071,4.6061,0.8636,0.8070
3,3,1237,1238,2,2,1,0.7500,1237.674,288.326,990.000,7.6455,16.0000,1.0435,0.4612,4.6061,0.5333,0.2667,0.2000,0.7071,0.0000,4.8940,1.8712,1.0000
15,3,1240,1243,4,3,4,0.3125,1241.377,1190.059,608.529,15.1632,19.0000,1.3971,0.6528,5.4697,0.4116,0.3104,0.2780,0.9020,0.4308,3.1667,1.0076,0.3529
5,3,1242,1243,2,3,2,0.4167,1242.171,628.771,434.386,9.0120,16.0000,1.1429,0.8794,4.6060,0.7729,0.0435,0.1836,0.2791,0.2890,4.6060,1.4394,0.6571
4,3,1243,1245,3,2,1,0.6667,1243.984,390.234,525.000,9.2121,20.0000,1.2500,0.2349,5.7576,0.5357,0.3214,0.1429,1.0000,0.0000,4.6060,1.7273,0.7812
4,3,1243,1245,3,2,1,0.6667,1243.810,636.810,849.000,8.3485,17.0000,1.1724,0.2682,4.8939,0.7500,0.1500,0.1000,0.9487,0.0000,4.6061,0.4318,0.8103
7,3,1246,1247,2,2,3,0.5833,1246.436,376.139,476.881,10.9897,18.0000,1.2475,0.4724,5.1818,0.5916,0.2044,0.2040,0.1485,0.2953,4.3182,1.4394,0.5050
5,3,1246,1247,2,2,2,0.6250,1246.634,656.620,950.183,9.1408,16.0000,1.1268,0.7427,4.6061,0.3432,0.2505,0.4063,0.6059,0.3645,4.6061,2.0152,0.6620
5,3,1247,1249,3,2,2,0.4167,1248.338,795.338,452.824,8.7547,15.0000,1.1029,1.3916,4.3183,0.6999,0.1281,0.1720,0.8684,0.1395,4.6061,0.8637,0.6618
3,3,1255,1257,3,1,1,1.0000,1256.000,358.000,526.000,8.4772,21.0000,1.2353,0.0000,6.0459,0.8889,0.0000,0.1111,1.0000,0.0000,4.6065,2.3032,1.0000
8,3,1255,1258,4,2,3,0.3333,1257.121,618.560,658.302,11.8076,21.0000,1.4483,1.0284,6.0461,0.8062,0.0405,0.1533,0.8203,0.1462,3.7428,1.4395,0.5862
7,3,1267,1270,4,2,2,0.4375,1268.301,464.720,956.247,10.1217,16.0000,1.2043,0.4796,4.6072,0.8243,0.0513,0.1244,0.9184,0.3278,4.3192,1.4397,0.4946
4,3,1268,1269,2,1,2,1.0000,1268.475,308.000,596.459,8.7825,17.0000,1.1148,0.6608,4.8951,0.0000,0.7500,0.2500,0.0000,0.0000,4.7512,1.1518,0.7869
4,3,1268,1269,2,2,1,1.0000,1268.475,703.475,587.000,8.7825,16.0000,1.0492,0.6723,4.6073,0.0000,0.7500,0.2500,1.0000,0.0000,5.1831,2.0157,0.7869
5,4,1270,1271,2,2,2,0.6250,1270.405,504.176,747.581,9.5297,16.0000,1.0811,0.7300,4.6073,0.3432,0.2505,0.4063,0.6059,0.3645,4.8953,1.1519,0.8243
7,3,1273,1275,3,3,2,0.3889,1273.866,373.000,850.588,10.5579,17.0000,1.2268,0.4336,4.8956,0.6506,0.2085,0.1409,0.5052,0.2991,4.6077,1.7278,0.4845
4,3,1276,1278,3,1,2,0.6667,1277.017,365.000,798.500,8.6396,16.0000,1.0667,0.5003,4.6078,0.7576,0.1294,0.1129,0.8507,0.0000,5.1838,1.8719,0.7667
4,3,1277,1278,2,2,1,1.0000,1277.455,492.500,608.000,9.5036,19.0000,1.1515,0.6757,5.4717,0.0000,0.7500,0.2500,1.0000,0.0000,5.3278,1.4399,0.7879
6,3,1278,1279,2,3,2,0.5000,1278.863,524.221,577.674,11.1693,20.0000,1.2632,0.4172,5.7598,0.5230,0.1584,0.3185,0.1207,0.8567,5.3278,2.7359,0.5789
5,3,1281,1283,3,3,1,0.5556,1281.986,299.167,580.000,9.2734,17.0000,1.1806,0.8334,4.8960,0.5532,0.3398,0.1070,0.5606,0.0000,4.8960,1.0080,0.6806
5,3,1281,1283,3,2,1,0.8333,1282.133,557.373,981.000,9.6598,17.0000,1.1333,0.3964,4.8960,0.5854,0.2927,0.1220,0.9487,0.0000,4.8959,1.2960,0.6533
5,3,1282,1284,3,2,1,0.8333,1283.243,616.557,382.000,9.0159,16.0000,1.1429,0.5051,4.6080,0.5854,0.2927,0.1220,0.9487,0.0000,4.6080,0.8640,0.6714
4,4,1285,1286,2,1,2,1.0000,1285.500,817.000,490.500,8.9281,16.0000,1.0323,0.7071,4.6081,0.0000,0.7500,0.2500,0.0000,0.0000,5.0401,1.1520,1.0000
3,3,1287,1288,2,1,2,0.7500,1287.652,788.000,161.674,7.6488,16.0000,1.0435,0.7292,4.6081,0.5333,0.2667,0.2000,0.7071,0.0000,4.8960,1.5840,1.0000
5,3,1288,1289,2,1,3,0.8333,1288.384,810.000,305.767,9.4023,16.0000,1.0959,0.8577,4.6080,0.5854,0.2927,0.1220,0.3162,0.0000,4.8960,1.7280,0.6301
9,3,1289,1291,3,4,2,0.3750,1289.833,535.849,545.778,12.0960,18.0000,1.2857,0.8755,5.1840,0.7574,0.0689,0.1737,0.5917,0.4866,4.3200,1.4400,0.3889
3,3,1290,1291,2,2,1,0.7500,1290.653,242.306,765.000,8.1476,17.0000,1.0408,0.7212,4.8960,0.5333,0.2667,0.2000,0.7071,0.0000,5.4720,1.1520,1.0000
4,3,1291,1292,2,2,1,1.0000,1291.508,227.460,574.000,9.0719,18.0000,1.1429,0.6738,5.1839,0.0000,0.7500,0.2500,1.0000,0.0000,5.0400,1.0080,0.7778
5,3,1291,1292,2,2,2,0.6250,1291.377,384.364,550.818,9.9173,18.0000,1.1688,0.5542,5.1840,0.3432,0.2505,0.4063,0.6059,0.3645,4.8960,1.1520,0.6623
6,4,1291,1293,3,2,2,0.5000,1291.791,599.132,393.648,10.6993,20.0000,1.3187,0.4297,5.7599,0.5230,0.1584,0.3185,0.9225,0.0898,5.3279,2.0160,0.7363
5,3,1293,1294,2,3,1,0.8333,1293.338,449.212,932.000,10.3035,20.0000,1.2500,0.3988,5.7599,0.5854,0.2927,0.1220,0.3162,0.0000,4.6078,0.8640,0.6750
3,3,1294,1296,3,1,1,1.0000,1295.000,322.000,743.000,7.6484,16.0000,1.0435,0.0000,4.6078,0.8889,0.0000,0.1111,1.0000,0.0000,4.6078,1.2959,1.0000
5,3,1297,1299,3,1,3,0.5556,1298.000,495.000,332.014,9.1437,16.0000,1.1268,0.0141,4.6075,0.7911,0.1351,0.0737,0.5257,0.0000,4.8955,1.4399,0.6620
3,3,1297,1299,3,1,1,1.0000,1297.929,553.000,288.000,9.3106,20.0000,1.0714,0.9286,5.7595,0.8889,0.0000,0.1111,1.0000,0.0000,6.0474,2.0158,1.0000
4,3,1297,1299,3,2,1,0.6667,1298.355,633.242,832.000,8.9270,18.0000,1.1613,0.4295,5.1835,0.7500,0.1500,0.1000,0.9487,0.0000,5.0394,1.4398,0.8226
4,4,1298,1299,2,2,1,1.0000,1298.471,298.529,748.000,10.0789,20.0000,1.1429,0.6667,5.7594,0.0000,0.7500,0.2500,1.0000,0.0000,5.7593,1.7278,1.0000
3,3,1299,1301,3,1,1,1.0000,1299.958,403.000,800.000,7.9801,17.0000,1.0625,0.9583,4.8954,0.8889,0.0000,0.1111,1.0000,0.0000,5.0392,0.8639,1.0000
3,3,1300,1301,2,2,1,0.7500,1300.326,304.348,546.000,7.6475,16.0000,1.0435,0.7292,4.6073,0.5333,0.2667,0.2000,0.7071,0.0000,5.1832,2.3036,1.0000
5,3,1305,1307,3,2,2,0.4167,1306.026,733.410,578.167,10.0428,19.0000,1.2179,0.4436,5.4702,0.5461,0.2256,0.2283,0.8117,0.4177,4.8942,1.4395,0.6538
4,3,1308,1309,2,2,2,0.5000,1308.254,420.475,744.780,8.4924,16.0000,1.0847,0.5817,4.6061,0.5916,0.1015,0.3069,0.5000,0.5000,4.6060,1.4394,0.7797
6,3,1308,1310,3,2,2,0.5000,1309.146,430.820,703.472,10.4594,17.0000,1.1461,0.5257,4.8938,0.3810,0.3333,0.2857,0.9487,0.1690,4.1742,1.1514,0.5393
3,3,1312,1313,2,2,1,0.7500,1312.653,553.694,839.000,8.1425,17.0000,1.0408,0.7212,4.8931,0.5333,0.2667,0.2000,0.7071,0.0000,5.1807,1.4391,1.0000
3,3,1318,1320,3,1,1,1.0000,1318.959,781.000,473.000,8.1398,17.0000,1.0408,0.9592,4.8916,0.8889,0.0000,0.1111,1.0000,0.0000,5.1790,1.4385,1.0000
4,3,1320,1321,2,2,1,1.0000,1320.525,368.541,506.000,8.7748,17.0000,1.1148,0.6971,4.8910,0.0000,0.7500,0.2500,1.0000,0.0000,4.8907,0.8631,0.8033
5,3,1322,1324,3,3,1,0.5556,1323.292,220.875,706.000,9.2622,16.0000,1.1111,0.7193,4.6022,0.8123,0.1108,0.0769,0.7071,0.0000,4.8900,1.4383,0.6528
6,4,1322,1324,3,3,2,0.3333,1322.554,220.978,729.261,10.8043,20.0000,1.3043,0.6130,5.7535,0.4767,0.3371,0.1862,0.8702,0.4927,5.0341,2.4452,0.7391
6,3,1322,1323,2,2,2,0.7500,1322.729,559.518,649.671,9.9822,17.0000,1.2000,0.6706,4.8902,0.2000,0.3333,0.4667,0.7071,0.7071,4.6025,1.2944,0.5882
5,3,1327,1329,3,2,1,0.8333,1327.792,303.583,677.000,9.2596,18.0000,1.2500,0.4658,5.1762,0.5854,0.2927,0.1220,0.9487,0.0000,4.6011,0.7189,0.6667
3,3,1329,1330,2,2,1,0.7500,1329.681,404.340,671.000,7.8024,16.0000,1.0213,0.4666,4.6005,0.5333,0.2667,0.2000,0.7071,0.0000,5.1755,1.5814,1.0000
3,3,1330,1331,2,2,1,0.7500,1330.680,494.300,699.000,8.2999,19.0000,1.1400,0.4386,5.4627,0.5333,0.2667,0.2000,0.7071,0.0000,4.8880,1.7251,1.0000
3,3,1331,1332,2,1,2,0.7500,1331.360,305.000,504.300,8.2996,18.0000,1.0800,0.7068,5.1749,0.5333,0.2667,0.2000,0.7071,0.0000,4.6002,1.8688,1.0000
4,3,1332,1333,2,2,2,0.5000,1332.210,390.516,719.726,8.9122,17.0000,1.0968,0.6209,4.8874,0.5916,0.1015,0.3069,0.5000,0.5000,5.1749,1.4375,0.7903
3,3,1333,1335,3,1,1,1.0000,1333.980,399.000,635.000,8.4642,20.0000,1.1765,0.0196,5.7492,0.8889,0.0000,0.1111,1.0000,0.0000,5.1746,1.7248,1.0000
5,3,1334,1335,2,2,2,0.6250,1334.589,458.425,581.151,9.3842,17.0000,1.1644,0.6099,4.8865,0.3432,0.2505,0.4063,0.6059,0.3645,4.5991,0.7187,0.6575
4,3,1336,1337,2,1,2,1.0000,1336.525,801.000,406.441,8.4787,17.0000,1.1525,0.6858,4.8862,0.0000,0.7500,0.2500,0.0000,0.0000,4.7422,1.1497,0.8136
3,3,1340,1341,2,2,1,0.7500,1340.700,121.300,546.000,8.2948,20.0000,1.2000,0.4243,5.7467,0.5333,0.2667,0.2000,0.7071,0.0000,4.5976,0.2873,1.0000
5,3,1341,1343,3,2,2,0.4167,1342.240,892.187,598.627,9.6368,17.0000,1.1333,0.8671,4.8841,0.7729,0.0435,0.1836,0.8328,0.5477,4.5971,1.4366,0.6400
7,3,1343,1345,3,3,2,0.3889,1343.775,605.010,580.569,11.0756,18.0000,1.2353,0.9609,5.1714,0.7585,0.0446,0.1969,0.8260,0.1396,4.5966,1.8674,0.5098
3,3,1344,1345,2,2,1,0.7500,1344.319,194.319,758.000,7.7955,17.0000,1.0851,0.4513,4.8838,0.5333,0.2667,0.2000,0.7071,0.0000,4.5966,1.8673,1.0000
7,3,1350,1351,2,4,2,0.4375,1350.689,171.184,468.117,11.1800,20.0000,1.3592,0.7230,5.7438,0.8040,0.0402,0.1558,0.2392,0.3441,4.3077,0.8616,0.5243
16,11,1350,1352,3,5,3,0.3556,1351.253,287.996,679.399,19.5995,29.0000,1.6996,0.6517,8.3281,0.6880,0.0662,0.2457,0.4222,0.8558,4.7384,2.0101,0.7656
4,3,1350,1351,2,2,1,1.0000,1350.500,543.435,793.000,8.9027,19.0000,1.2258,0.6631,5.4564,0.0000,0.7500,0.2500,1.0000,0.0000,4.1643,0.7179,0.8065
3,3,1351,1353,3,1,1,1.0000,1352.000,619.000,346.000,8.1239,17.0000,1.0408,0.0000,4.8818,0.8889,0.0000,0.1111,1.0000,0.0000,5.1692,1.8665,1.0000
5,3,1352,1353,2,1,3,0.8333,1352.625,874.000,413.792,9.2462,17.0000,1.1806,0.4290,4.8815,0.5854,0.2927,0.1220,0.3162,0.0000,4.8815,0.5743,0.6806
7,4,1356,1358,3,2,2,0.5833,1356.651,467.377,798.274,11.5024,20.0000,1.3208,0.5823,5.7419,0.4600,0.2645,0.2756,0.8571,0.1000,4.5937,1.1485,0.6415
4,4,1358,1359,2,1,2,1.0000,1358.569,600.000,646.500,10.3348,21.0000,1.1667,0.6598,6.0285,0.0000,0.7500,0.2500,0.0000,0.0000,5.4544,0.5741,1.0000
5,3,1361,1362,2,2,2,0.6250,1361.338,787.595,477.378,9.4994,17.0000,1.1486,0.7816,4.8798,0.2938,0.4054,0.3007,0.0000,0.3029,4.8798,0.7176,0.6622
4,3,1365,1367,3,2,1,0.6667,1365.984,245.492,645.000,9.0404,17.0000,1.0794,0.4923,4.8789,0.7576,0.1294,0.1129,0.8507,0.0000,5.1660,2.2958,0.7778
3,3,1365,1366,2,2,1,0.7500,1365.667,298.667,751.000,7.4565,15.0000,1.0000,0.7454,4.3051,0.5333,0.2667,0.2000,0.7071,0.0000,4.5919,1.4350,1.0000
5,3,1365,1367,3,2,1,0.8333,1366.233,765.507,550.000,9.3694,19.0000,1.3014,0.5578,5.4529,0.5854,0.2927,0.1220,0.9487,0.0000,4.5920,1.1480,0.6986
3,3,1367,1368,2,1,2,0.7500,1367.608,339.000,296.686,8.4501,20.0000,1.1765,0.6840,5.7397,0.5333,0.2667,0.2000,0.7071,0.0000,5.1656,2.1523,1.0000
6,5,1367,1368,2,2,2,0.7500,1367.485,390.722,489.361,11.3645,18.0000,1.1134,0.6652,5.1658,0.2000,0.3333,0.4667,0.0000,0.0000,5.4526,1.2914,0.8763
4,3,1368,1370,3,2,1,0.6667,1369.091,323.727,454.000,9.4700,20.0000,1.2121,0.2875,5.7394,0.5357,0.3214,0.1429,1.0000,0.0000,4.7349,0.8609,0.8333
4,3,1369,1370,2,2,2,0.5000,1369.542,611.186,368.254,8.4655,17.0000,1.1525,0.5557,4.8783,0.5916,0.1015,0.3069,0.7071,0.7071,4.7349,0.7174,0.8136
6,3,1372,1374,3,2,3,0.3333,1372.835,461.847,485.212,9.9571,17.0000,1.2000,0.3088,4.8779,0.7273,0.0909,0.1818,0.7071,0.5774,4.3041,1.4346,0.5765
4,3,1375,1376,2,1,2,1.0000,1375.467,592.000,231.533,8.6076,17.0000,1.1333,0.6600,4.8777,0.0000,0.7500,0.2500,0.0000,0.0000,4.8776,1.2911,0.7833
5,4,1378,1380,3,1,2,0.8333,1379.228,1044.000,500.380,10.1360,18.0000,1.1392,0.8605,5.1641,0.5854,0.2927,0.1220,0.9487,0.0000,5.1641,2.0083,0.8228
5,3,1379,1380,2,3,1,0.8333,1379.417,438.222,473.000,9.2379,17.0000,1.1806,0.4722,4.8773,0.5854,0.2927,0.1220,0.3162,0.0000,4.8772,0.8607,0.6528
3,3,1380,1382,3,1,1,1.0000,1381.000,429.000,993.000,8.1161,17.0000,1.0408,1.0000,4.8772,0.8889,0.0000,0.1111,1.0000,0.0000,5.1639,1.1475,1.0000
3,3,1384,1386,3,1,1,1.0000,1385.020,801.000,973.000,8.1156,18.0000,1.1020,0.0204,5.1637,0.8889,0.0000,0.1111,1.0000,0.0000,4.8768,1.1475,1.0000
4,3,1388,1389,2,1,2,1.0000,1388.532,801.000,836.468,8.8927,17.0000,1.0968,0.6615,4.8766,0.0000,0.7500,0.2500,0.0000,0.0000,4.8766,1.1474,0.7903
3,3,1389,1390,2,2,1,0.7500,1389.321,447.302,607.000,8.7777,20.0000,1.1321,0.4405,5.7372,0.5333,0.2667,0.2000,0.7071,0.0000,5.7371,1.7211,1.0000
4,3,1392,1393,2,2,2,0.5000,1392.797,636.484,377.250,9.1793,18.0000,1.1250,0.6080,5.1633,0.5916,0.1015,0.3069,0.5000,0.5000,5.0199,1.0040,0.7969
3,3,1394,1395,2,1,2,0.7500,1394.312,393.000,534.688,7.9494,18.0000,1.1250,0.4419,5.1633,0.5333,0.2667,0.2000,0.7071,0.0000,4.8765,1.2908,1.0000
4,4,1394,1395,2,2,1,1.0000,1394.500,771.455,872.000,9.4661,18.0000,1.0909,0.6757,5.1633,0.0000,0.7500,0.2500,1.0000,0.0000,5.0199,1.1474,1.0000
6,3,1395,1397,3,3,1,0.6667,1396.181,532.241,813.000,9.7198,19.0000,1.3735,0.3012,5.4501,0.4000,0.4800,0.1200,0.7071,0.0000,4.3027,1.1474,0.6024
6,3,1396,1398,3,4,1,0.5000,1397.349,96.942,633.000,10.0711,19.0000,1.3256,0.6538,5.4501,0.8424,0.1058,0.0518,0.5335,0.0000,4.5896,1.1474,0.6163
4,3,1397,1398,2,2,1,1.0000,1397.492,218.525,414.000,8.7489,17.0000,1.1148,0.6959,4.8764,0.0000,0.7500,0.2500,1.0000,0.0000,4.7330,1.4342,0.7869
4,3,1398,1399,2,2,1,1.0000,1398.525,308.508,698.000,8.4621,16.0000,1.0847,0.6955,4.5896,0.0000,0.7500,0.2500,1.0000,0.0000,4.5896,1.8645,0.7797
5,3,1398,1400,3,2,2,0.4167,1399.194,415.833,511.833,9.2364,17.0000,1.1806,0.8393,4.8765,0.6489,0.0995,0.2515,0.9362,0.2726,4.8765,1.4343,0.6667
3,3,1398,1399,2,2,1,0.7500,1398.674,489.326,549.000,7.6182,16.0000,1.0435,0.4612,4.5896,0.5333,0.2667,0.2000,0.7071,0.0000,4.5896,1.2908,1.0000
5,3,1398,1400,3,1,2,0.8333,1398.767,993.000,455.562,9.3647,17.0000,1.1644,0.6080,4.8765,0.5854,0.2927,0.1220,0.9487,0.0000,4.8764,1.4343,0.6438
3,3,1402,1403,2,2,1,0.7500,1402.392,536.706,673.000,8.4464,20.0000,1.1765,0.6753,5.7371,0.5333,0.2667,0.2000,0.7071,0.0000,4.8765,2.0080,1.0000
4,4,1405,1406,2,1,2,1.0000,1405.469,441.000,334.469,9.1796,19.0000,1.1875,0.6629,5.4503,0.0000,0.7500,0.2500,0.0000,0.0000,4.5898,0.5737,1.0000
3,3,1405,1407,3,1,1,1.0000,1405.979,488.000,891.000,7.9498,17.0000,1.0625,0.0208,4.8767,0.8889,0.0000,0.1111,1.0000,0.0000,5.1635,2.1514,1.0000
3,3,1406,1407,2,2,1,0.7500,1406.688,381.312,528.000,7.9498,18.0000,1.1250,0.4419,5.1636,0.5333,0.2667,0.2000,0.7071,0.0000,4.5898,1.4343,1.0000
4,3,1411,1412,2,1,2,1.0000,1411.556,566.000,352.524,9.0367,18.0000,1.1429,0.6870,5.1639,0.0000,0.7500,0.2500,0.0000,0.0000,5.1639,0.7172,0.8095
4,3,1414,1416,3,1,2,0.6667,1415.017,450.000,761.220,8.4634,16.0000,1.0847,1.0074,4.5904,0.5357,0.3214,0.1429,1.0000,0.0000,4.5903,1.4345,0.7797
4,4,1415,1416,2,2,1,1.0000,1415.548,220.438,650.000,10.4718,24.0000,1.3151,0.6297,6.8856,0.0000,0.7500,0.2500,1.0000,0.0000,5.0207,1.7214,1.0000
5,3,1417,1418,2,2,2,0.6250,1417.333,881.208,669.597,9.2382,17.0000,1.1806,0.5628,4.8774,0.3432,0.2505,0.4063,0.6059,0.3645,4.8774,1.2911,0.6667
4,3,1418,1419,2,3,1,0.6667,1418.754,342.951,672.000,8.7508,17.0000,1.1148,0.2508,4.8775,0.5357,0.3214,0.1429,0.0000,0.0000,4.7340,1.0042,0.7869
3,3,1418,1419,2,2,1,0.7500,1418.638,581.690,557.000,9.6076,21.0000,1.0862,0.7094,6.0251,0.5333,0.2667,0.2000,0.7071,0.0000,5.7383,1.0042,1.0000
4,3,1419,1421,3,1,2,0.6667,1419.917,1003.000,633.467,8.6076,17.0000,1.1333,0.5398,4.8776,0.7576,0.1294,0.1129,0.8507,0.0000,4.8776,2.0084,0.8167
7,4,1420,1422,3,3,2,0.3889,1421.155,137.340,866.107,11.1701,22.0000,1.4951,0.3886,6.3123,0.2873,0.4228,0.2899,0.3651,0.0289,4.5908,1.2912,0.6796
3,3,1420,1421,2,1,2,0.7500,1420.674,374.000,705.674,7.6201,16.0000,1.0435,0.4612,4.5908,0.5333,0.2667,0.2000,0.7071,0.0000,4.8777,1.2912,1.0000
5,4,1420,1422,3,1,2,0.8333,1420.743,905.000,924.432,9.4954,17.0000,1.1486,0.6229,4.8777,0.5854,0.2927,0.1220,0.9487,0.0000,4.5907,1.1477,0.8514
3,3,1421,1422,2,2,1,0.7500,1421.694,365.694,500.000,8.1172,19.0000,1.1633,0.4329,5.4516,0.5333,0.2667,0.2000,0.7071,0.0000,4.5909,0.1435,1.0000
4,3,1422,1424,3,1,2,0.6667,1422.953,413.000,482.516,9.1819,20.0000,1.2500,0.4866,5.7387,0.7576,0.1294,0.1129,0.8507,0.0000,4.7344,1.4347,0.7969
5,3,1431,1433,3,2,1,0.8333,1432.243,342.600,692.000,8.9838,16.0000,1.1429,0.6473,4.5917,0.5854,0.2927,0.1220,0.9487,0.0000,4.5916,1.2914,0.6714
4,3,1432,1433,2,1,2,1.0000,1432.463,377.000,291.478,9.6137,21.0000,1.2537,0.6650,6.0265,0.0000,0.7500,0.2500,0.0000,0.0000,4.3047,1.1479,0.7910
5,3,1433,1434,2,2,2,0.6250,1433.338,710.789,428.606,9.1122,16.0000,1.1268,0.7250,4.5917,0.3432,0.2505,0.4063,0.6059,0.3645,4.5917,0.7175,0.6620
4,3,1438,1439,2,1,2,1.0000,1438.534,586.000,629.517,8.3229,16.0000,1.1034,0.6959,4.5920,0.0000,0.7500,0.2500,0.0000,0.0000,4.5919,1.1480,0.7931
4,3,1438,1439,2,2,1,1.0000,1438.450,632.500,1004.000,8.6099,18.0000,1.2000,0.6727,5.1659,0.0000,0.7500,0.2500,1.0000,0.0000,4.5920,1.1480,0.8000
3,3,1439,1440,2,2,1,0.7500,1439.674,777.674,556.000,7.6222,16.0000,1.0435,0.4612,4.5920,0.5333,0.2667,0.2000,0.7071,0.0000,4.5920,0.8610,1.0000
5,3,1440,1442,3,2,1,0.8333,1440.732,313.408,1074.000,9.1129,16.0000,1.1268,0.4883,4.5920,0.5854,0.2927,0.1220,0.9487,0.0000,4.5920,1.4350,0.6479
4,3,1445,1446,2,2,2,0.5000,1445.526,483.737,494.211,8.1797,15.0000,1.0526,0.6250,4.3051,0.5916,0.1015,0.3069,0.7071,0.7071,4.5921,1.7220,0.7895
4,3,1449,1451,3,1,2,0.6667,1449.983,633.000,431.492,8.4666,15.0000,1.0169,1.0991,4.3051,0.7576,0.1294,0.1129,0.8507,0.0000,4.0181,1.4350,0.7627
4,3,1449,1450,2,2,2,0.5000,1449.238,672.810,571.746,9.0406,20.0000,1.2698,0.3968,5.7401,0.0000,0.5625,0.4375,0.4459,0.5774,4.7356,1.1480,0.8095
7,3,1450,1451,2,3,2,0.5833,1450.581,664.473,838.290,10.0883,15.0000,1.1290,0.8361,4.3051,0.5694,0.1270,0.3036,0.2595,0.2173,4.0180,1.1480,0.4839
3,3,1451,1452,2,1,2,0.7500,1451.712,633.000,457.654,8.6164,19.0000,1.0962,0.4506,5.4530,0.5333,0.2667,0.2000,0.7071,0.0000,5.1660,1.1480,1.0000
3,3,1459,1460,2,1,2,0.7500,1459.620,433.000,677.320,8.2842,19.0000,1.1400,0.6977,5.4525,0.5333,0.2667,0.2000,0.7071,0.0000,5.4524,1.5783,1.0000
4,3,1462,1463,2,2,1,1.0000,1462.444,387.508,367.000,9.0392,19.0000,1.2063,0.6631,5.4523,0.0000,0.7500,0.2500,1.0000,0.0000,4.7348,1.2913,0.7937
3,3,1465,1466,2,2,1,0.7500,1465.340,228.319,521.000,7.7863,16.0000,1.0213,0.4666,4.5911,0.5333,0.2667,0.2000,0.7071,0.0000,4.8779,1.4347,1.0000
3,3,1465,1466,2,1,2,0.7500,1465.306,479.000,372.694,8.1176,19.0000,1.1633,0.4329,5.4519,0.5333,0.2667,0.2000,0.7071,0.0000,4.5911,1.1478,1.0000
4,3,1466,1468,3,1,2,0.6667,1467.048,635.000,507.548,8.8948,19.0000,1.2258,0.4542,5.4517,0.7576,0.1294,0.1129,0.8507,0.0000,5.0212,1.7216,0.8065
4,3,1470,1471,2,2,2,0.5000,1470.710,427.419,515.177,8.8941,18.0000,1.1613,0.8432,5.1644,0.5916,0.1015,0.3069,0.5000,0.5000,5.0208,1.7215,0.8226
4,3,1477,1478,2,1,3,0.6667,1477.234,925.000,181.031,9.1794,21.0000,1.3125,0.2364,6.0240,0.5357,0.3214,0.1429,0.0000,0.0000,4.5897,1.4343,0.7969
5,3,1478,1479,2,3,1,0.8333,1478.390,129.234,891.000,9.8777,17.0000,1.1039,0.4544,4.8765,0.5854,0.2927,0.1220,0.3162,0.0000,5.3066,1.7211,0.6494
4,3,1479,1480,2,1,2,1.0000,1479.500,660.000,481.547,9.1789,20.0000,1.2500,0.6748,5.7369,0.0000,0.7500,0.2500,0.0000,0.0000,4.8762,1.7211,0.8125
4,3,1481,1483,3,2,1,0.6667,1481.952,967.742,862.000,8.8915,17.0000,1.0968,0.2626,4.8760,0.5357,0.3214,0.1429,1.0000,0.0000,4.8760,1.4341,0.7903
5,3,1485,1486,2,2,2,0.6250,1485.583,490.847,301.611,9.2346,17.0000,1.1806,0.7175,4.8756,0.3432,0.2505,0.4063,0.6059,0.3645,4.5887,1.1472,0.6667
4,3,1488,1490,3,2,1,0.6667,1488.797,312.220,627.000,8.4598,16.0000,1.0847,1.2234,4.5883,0.7500,0.1500,0.1000,0.9487,0.0000,4.5884,1.8639,0.7797
5,3,1490,1491,2,3,1,0.8333,1490.414,686.729,343.000,8.9772,15.0000,1.0714,0.8381,4.3015,0.5854,0.2927,0.1220,0.3162,0.0000,4.8749,1.2904,0.6429
3,3,1492,1492,1,2,2,0.7500,1492.000,418.681,478.638,7.7813,17.0000,1.0851,0.7136,4.8748,0.5333,0.2667,0.2000,0.0000,1.0000,4.8748,1.4338,1.0000
5,4,1492,1493,2,2,2,0.6250,1492.388,932.565,454.871,10.9004,21.0000,1.2353,0.5975,6.0219,0.3432,0.2505,0.4063,0.6059,0.3645,5.4483,2.0073,0.8706
4,3,1493,1494,2,2,1,1.0000,1493.477,275.492,591.000,9.3193,19.0000,1.1692,0.6966,5.4483,0.0000,0.7500,0.2500,1.0000,0.0000,5.3048,1.7205,0.8000
4,3,1500,1501,2,2,2,0.5000,1500.242,406.790,795.306,8.8883,19.0000,1.2258,0.7639,5.4477,0.0000,0.5625,0.4375,0.4459,0.5774,4.8742,1.8637,0.7903
5,3,1501,1502,2,2,2,0.6250,1501.563,847.817,663.577,9.1039,16.0000,1.1268,0.7276,4.5875,0.3432,0.2505,0.4063,0.6059,0.3645,4.0140,0.8602,0.6479
4,3,1502,1504,3,1,2,0.6667,1502.934,451.000,213.557,8.7448,19.0000,1.2459,0.4475,5.4476,0.7576,0.1294,0.1129,0.8507,0.0000,5.0175,1.0035,0.8197
6,3,1505,1507,3,3,1,0.6667,1506.303,219.584,537.000,10.4173,20.0000,1.3483,0.6583,5.7342,0.6061,0.3030,0.0909,0.7071,0.0000,4.4440,1.4335,0.5843
4,3,1506,1507,2,2,2,0.5000,1506.276,661.741,373.810,8.3145,16.0000,1.1034,0.4230,4.5873,0.0000,0.5625,0.4375,0.4459,0.5774,4.7307,0.2867,0.8103
3,3,1508,1510,3,1,1,1.0000,1509.021,878.000,452.000,7.7799,16.0000,1.0213,0.0213,4.5873,0.8889,0.0000,0.1111,1.0000,0.0000,4.8740,1.4335,1.0000
3,3,1512,1513,2,1,2,0.7500,1512.674,657.000,505.674,7.6144,16.0000,1.0435,0.4612,4.5873,0.5333,0.2667,0.2000,0.7071,0.0000,4.8740,1.7202,1.0000
4,3,1513,1514,2,1,3,0.6667,1513.476,575.000,218.032,9.0313,20.0000,1.2698,0.4772,5.7342,0.7576,0.1294,0.1129,0.5257,0.0000,4.5873,1.1468,0.7937
4,3,1514,1515,2,2,1,1.0000,1514.557,308.508,551.000,8.7446,18.0000,1.1803,0.6739,5.1608,0.0000,0.7500,0.2500,1.0000,0.0000,4.7307,1.7203,0.8033
3,3,1517,1518,2,1,2,0.7500,1517.646,515.000,491.333,7.9457,17.0000,1.0625,0.7268,4.8741,0.5333,0.2667,0.2000,0.7071,0.0000,4.8742,0.5734,1.0000
4,3,1518,1519,2,2,1,1.0000,1518.458,542.458,766.000,8.4582,16.0000,1.0847,0.6472,4.5875,0.0000,0.7500,0.2500,1.0000,0.0000,4.3007,0.2867,0.8136
4,3,1520,1521,2,1,2,1.0000,1520.557,488.000,336.525,8.7450,17.0000,1.1148,0.6864,4.8743,0.0000,0.7500,0.2500,0.0000,0.0000,4.8743,1.4336,0.8033
4,3,1520,1522,3,2,1,0.6667,1521.051,1113.729,882.000,8.4584,16.0000,1.0847,0.7306,4.5876,0.5357,0.3214,0.1429,1.0000,0.0000,5.0177,1.7204,0.7966
5,3,1521,1522,2,3,1,0.8333,1521.391,1028.768,860.000,8.8477,16.0000,1.1594,0.4549,4.5876,0.5854,0.2927,0.1220,0.3162,0.0000,4.5876,1.1469,0.6667
4,4,1523,1524,2,2,1,1.0000,1523.500,400.516,409.000,9.1754,17.0000,1.0625,0.6961,4.8745,0.0000,0.7500,0.2500,1.0000,0.0000,4.8744,0.8602,1.0000
4,3,1524,1526,3,1,2,0.6667,1525.328,599.000,318.724,8.3154,16.0000,1.1034,0.9882,4.5879,0.7500,0.1500,0.1000,0.9487,0.0000,4.5878,1.4337,0.7931
4,3,1533,1534,2,2,1,1.0000,1533.508,300.492,551.000,8.4599,15.0000,1.0169,0.7072,4.3017,0.0000,0.7500,0.2500,1.0000,0.0000,4.8752,1.1471,0.7627
3,3,1533,1534,2,1,2,0.7500,1533.674,821.000,294.326,7.6163,16.0000,1.0435,0.4612,4.5885,0.5333,0.2667,0.2000,0.7071,0.0000,4.8752,1.7207,1.0000
6,3,1533,1535,3,2,1,1.0000,1534.025,903.531,1040.000,9.4832,16.0000,1.1852,0.4698,4.5885,0.5556,0.3333,0.1111,1.0000,0.0000,4.1583,1.4339,0.5679
4,3,1535,1537,3,2,1,0.6667,1535.950,493.467,829.000,8.6037,16.0000,1.0667,1.0584,4.5886,0.7576,0.1294,0.1129,0.8507,0.0000,4.7320,1.2905,0.7833
4,3,1537,1538,2,3,1,0.6667,1537.508,212.051,353.000,8.4606,17.0000,1.1525,0.5110,4.8755,0.7576,0.1294,0.1129,0.5257,0.0000,4.5888,1.2906,0.7966
3,3,1542,1543,2,2,1,0.7500,1542.640,241.680,449.000,8.2800,18.0000,1.0800,0.7155,5.1629,0.5333,0.2667,0.2000,0.7071,0.0000,5.1630,1.2908,1.0000
4,3,1542,1543,2,2,1,1.0000,1542.444,431.583,673.000,10.3258,21.0000,1.1667,0.6092,6.0235,0.0000,0.7500,0.2500,1.0000,0.0000,6.3101,1.4342,0.8472
7,5,1545,1547,3,2,2,0.5833,1546.038,890.142,766.453,11.4925,18.0000,1.1887,0.4759,5.1633,0.4600,0.2645,0.2756,1.0000,0.0000,4.5896,1.4342,0.7642
4,3,1549,1550,2,2,2,0.5000,1549.254,369.413,572.175,9.0365,21.0000,1.3333,0.5151,6.0243,0.5916,0.1015,0.3069,0.5000,0.5000,5.0203,2.5818,0.8254
3,3,1555,1557,3,1,1,1.0000,1556.000,597.000,850.000,7.4544,15.0000,1.0000,1.0000,4.3039,0.8889,0.0000,0.1111,1.0000,0.0000,4.5907,2.0084,1.0000
3,3,1556,1557,2,2,1,0.7500,1556.673,576.327,599.000,8.1171,17.0000,1.0408,0.4618,4.8777,0.5333,0.2667,0.2000,0.7071,0.0000,5.1646,2.1520,1.0000
4,3,1561,1564,4,1,1,1.0000,1562.371,471.000,398.000,8.8959,18.0000,1.1613,0.3710,5.1653,0.9375,0.0000,0.0625,1.0000,0.0000,5.0218,1.4349,0.8226
6,3,1562,1563,2,2,2,0.7500,1562.506,611.690,415.299,10.1923,19.0000,1.3103,0.6557,5.4524,0.2000,0.3333,0.4667,0.0000,0.0000,4.5914,1.5783,0.5632
6,3,1562,1564,3,2,2,0.5000,1563.205,928.470,639.699,9.7238,16.0000,1.1566,0.9715,4.5916,0.5795,0.2234,0.1971,0.8314,0.5543,4.3046,1.7218,0.5542
3,3,1564,1565,2,1,2,0.7500,1564.321,585.000,228.604,8.7814,21.0000,1.1887,0.6837,6.0265,0.5333,0.2667,0.2000,0.7071,0.0000,5.1657,1.2914,1.0000
5,3,1566,1568,3,1,2,0.8333,1567.211,652.000,371.618,9.7545,18.0000,1.1842,0.4358,5.1659,0.5854,0.2927,0.1220,0.9487,0.0000,4.8789,1.1480,0.6579
3,3,1566,1567,2,1,2,0.7500,1566.688,889.000,399.688,7.9534,18.0000,1.1250,0.4419,5.1659,0.5333,0.2667,0.2000,0.7071,0.0000,4.5919,1.4350,1.0000
3,3,1567,1568,2,2,1,0.7500,1567.312,664.667,834.000,7.9535,17.0000,1.0625,0.4569,4.8789,0.5333,0.2667,0.2000,0.7071,0.0000,4.8789,0.8610,1.0000
6,3,1570,1572,3,2,2,0.5000,1570.810,899.468,338.278,9.2569,16.0000,1.2152,0.5770,4.5924,0.5795,0.2234,0.1971,0.8314,0.5543,4.3053,1.8656,0.5823
4,3,1570,1571,2,1,2,1.0000,1570.448,1033.000,409.448,8.3236,17.0000,1.1724,0.6340,4.8793,0.0000,0.7500,0.2500,0.0000,0.0000,4.5923,1.1481,0.8103
3,3,1572,1573,2,1,2,0.7500,1572.660,439.000,372.681,7.7888,16.0000,1.0213,0.7327,4.5926,0.5333,0.2667,0.2000,0.7071,0.0000,4.8795,1.2916,1.0000
6,3,1572,1574,3,1,3,0.6667,1572.943,775.000,532.261,10.3120,18.0000,1.2273,1.1980,5.1666,0.6944,0.2222,0.0833,0.8000,0.0000,4.5926,2.0092,0.5795
3,3,1575,1576,2,1,2,0.7500,1575.652,416.000,550.674,7.6236,16.0000,1.0435,0.7292,4.5928,0.5333,0.2667,0.2000,0.7071,0.0000,4.0188,1.4353,1.0000
6,3,1578,1579,2,3,2,0.5000,1578.402,690.000,312.451,9.6100,18.0000,1.3171,0.7488,5.1673,0.4412,0.1872,0.3716,0.0000,0.0000,4.3060,1.2918,0.5976
6,3,1583,1585,3,2,2,0.5000,1584.317,518.476,439.866,9.6110,15.0000,1.0976,0.5871,4.3065,0.6373,0.1269,0.2358,0.8795,0.0724,4.5936,1.1484,0.5488
4,3,1583,1584,2,2,1,1.0000,1583.540,927.444,866.000,9.0435,18.0000,1.1429,0.6399,5.1678,0.0000,0.7500,0.2500,1.0000,0.0000,5.0242,0.4306,0.8095
5,4,1589,1591,3,2,2,0.4167,1589.829,562.579,449.842,9.7587,17.0000,1.1184,0.6240,4.8811,0.7729,0.0435,0.1836,0.8328,0.5477,4.8810,1.1485,0.8421
3,3,1589,1590,2,1,2,0.7500,1589.688,882.000,377.312,7.9569,18.0000,1.1250,0.4419,5.1682,0.5333,0.2667,0.2000,0.7071,0.0000,4.5939,0.8614,1.0000
7,3,1590,1592,3,2,2,0.5833,1591.302,807.679,484.755,11.5034,20.0000,1.3208,0.5042,5.7425,0.3772,0.3083,0.3146,0.9758,0.2185,4.3069,1.4356,0.5094
3,3,1594,1595,2,1,2,0.7500,1594.380,512.000,709.320,8.2888,19.0000,1.1400,0.6977,5.4555,0.5333,0.2667,0.2000,0.7071,0.0000,4.8812,2.0099,1.0000
5,3,1595,1597,3,2,2,0.4167,1596.000,378.612,295.224,8.6035,15.0000,1.1194,0.6516,4.3070,0.5461,0.2256,0.2283,0.8117,0.4177,4.5941,0.5743,0.6716
3,3,1597,1598,2,1,2,0.7500,1597.688,578.000,558.667,7.9573,17.0000,1.0625,0.4569,4.8813,0.5333,0.2667,0.2000,0.7071,0.0000,4.8813,1.1485,1.0000
3,3,1599,1600,2,2,1,0.7500,1599.333,443.312,284.000,7.9574,17.0000,1.0625,0.4569,4.8813,0.5333,0.2667,0.2000,0.7071,0.0000,5.1685,1.7228,1.0000
5,3,1600,1602,3,1,2,0.8333,1601.203,424.000,233.419,9.5025,19.0000,1.2838,0.4654,5.4556,0.5854,0.2927,0.1220,0.9487,0.0000,4.8813,0.8614,0.6757
7,3,1601,1603,3,3,2,0.3889,1602.266,570.160,521.723,10.2016,16.0000,1.1915,0.4156,4.5942,0.2843,0.4935,0.2222,0.8778,0.4790,4.3071,1.0050,0.4894
4,3,1603,1604,2,1,2,1.0000,1603.446,427.000,535.477,9.3319,19.0000,1.1692,0.6531,5.4556,0.0000,0.7500,0.2500,0.0000,0.0000,5.1684,1.8664,0.7846
6,3,1604,1605,2,2,2,0.7500,1604.532,521.392,175.722,9.2605,16.0000,1.2152,0.8161,4.5941,0.2000,0.3333,0.4667,0.0000,0.0000,4.0199,1.1485,0.5823
3,3,1605,1606,2,1,2,0.7500,1605.327,517.000,449.306,8.1230,18.0000,1.1020,0.4476,5.1684,0.5333,0.2667,0.2000,0.7071,0.0000,5.1684,1.1485,1.0000
5,3,1608,1610,3,1,3,0.5556,1608.889,414.000,349.972,9.2453,17.0000,1.1806,1.1115,4.8811,0.5532,0.3398,0.1070,0.8281,0.0000,4.8811,1.7227,0.6528
5,3,1608,1609,2,2,2,0.6250,1608.389,529.833,825.403,9.2453,16.0000,1.1111,0.5842,4.5940,0.3432,0.2505,0.4063,0.6059,0.3645,4.5940,0.8614,0.6528
4,3,1612,1613,2,2,2,0.5000,1612.224,745.483,306.741,8.3263,15.0000,1.0345,0.9127,4.3067,0.5916,0.1015,0.3069,0.5000,0.5000,5.1681,1.5792,0.7759
7,3,1614,1616,3,2,3,0.3889,1614.667,856.152,416.505,11.3942,22.0000,1.4667,0.6161,6.3163,0.3994,0.4037,0.1968,0.7071,0.2752,4.8807,1.1484,0.6667
3,3,1614,1615,2,2,1,0.7500,1614.688,884.688,408.000,7.9565,18.0000,1.1250,0.4419,5.1679,0.5333,0.2667,0.2000,0.7071,0.0000,4.5937,1.7226,1.0000
3,3,1615,1616,2,2,1,0.7500,1615.333,553.333,372.000,7.4592,15.0000,1.0000,0.4714,4.3066,0.5333,0.2667,0.2000,0.7071,0.0000,4.0195,1.2920,1.0000
5,3,1615,1617,3,2,1,0.8333,1616.225,888.535,840.000,9.1160,18.0000,1.2676,0.5807,5.1678,0.5854,0.2927,0.1220,0.9487,0.0000,4.0193,0.8613,0.6761
3,3,1616,1617,2,2,1,0.7500,1616.688,759.312,447.000,7.9563,18.0000,1.1250,0.4419,5.1677,0.5333,0.2667,0.2000,0.7071,0.0000,4.0194,1.4355,1.0000
3,3,1619,1620,2,2,1,0.7500,1619.375,276.312,499.000,7.9559,18.0000,1.1250,0.6988,5.1674,0.5333,0.2667,0.2000,0.7071,0.0000,4.8804,1.1483,1.0000
4,3,1621,1624,4,1,1,1.0000,1622.421,203.000,531.000,8.1814,15.0000,1.0526,1.4211,4.3061,0.9375,0.0000,0.0625,1.0000,0.0000,4.5931,1.0047,0.7895
4,3,1627,1629,3,1,2,0.6667,1628.147,836.000,258.787,10.7636,26.0000,1.3867,0.2589,7.4628,0.5357,0.3214,0.1429,1.0000,0.0000,5.7405,1.4352,0.8533
6,3,1627,1628,2,3,2,0.5000,1627.536,1104.833,658.810,9.8432,16.0000,1.1429,0.5925,4.5926,0.3810,0.3333,0.2857,0.3162,0.5071,4.4490,1.1481,0.5714
3,3,1645,1646,2,1,2,0.7500,1645.674,327.000,605.652,7.6194,16.0000,1.0435,0.7292,4.5903,0.5333,0.2667,0.2000,0.7071,0.0000,4.5904,1.4345,1.0000
3,3,1645,1646,2,1,2,0.7500,1645.333,842.000,226.354,7.9507,17.0000,1.0625,0.7268,4.8773,0.5333,0.2667,0.2000,0.7071,0.0000,4.3034,-0.1434,1.0000
5,3,1648,1650,3,2,2,0.4167,1648.757,455.157,650.629,8.9804,17.0000,1.2143,0.8579,4.8769,0.7729,0.0435,0.1836,0.8328,0.5477,4.8768,2.0080,0.6857
5,3,1648,1650,3,1,2,0.8333,1649.247,837.000,390.411,9.3651,17.0000,1.1644,0.4793,4.8767,0.5854,0.2927,0.1220,0.9487,0.0000,4.8766,0.8606,0.6575
3,3,1650,1652,3,1,1,1.0000,1651.020,866.000,380.000,8.2806,19.0000,1.1400,0.0200,5.4501,0.8889,0.0000,0.1111,1.0000,0.0000,4.8763,1.0040,1.0000
4,3,1651,1651,1,3,2,0.6667,1651.000,346.047,270.547,9.1792,19.0000,1.1875,0.4555,5.4501,0.7576,0.1294,0.1129,0.0000,1.0000,4.8765,1.4343,0.7969
6,3,1652,1654,3,3,2,0.3333,1652.713,282.988,472.863,9.3680,16.0000,1.2000,0.3189,4.5893,0.5367,0.2153,0.2481,0.8770,0.3081,4.1591,1.7210,0.5750
4,3,1653,1654,2,1,2,1.0000,1653.542,741.000,532.508,8.4614,17.0000,1.1525,0.6841,4.8760,0.0000,0.7500,0.2500,0.0000,0.0000,4.8760,1.7209,0.7966
4,3,1654,1655,2,2,2,0.5000,1654.738,743.574,466.820,8.7479,19.0000,1.2459,0.5320,5.4495,0.5916,0.1015,0.3069,0.5000,0.5000,5.0193,1.4341,0.8197
6,3,1655,1657,3,2,2,0.5000,1656.024,459.500,631.631,9.8354,16.0000,1.1429,0.8054,4.5889,0.4412,0.1872,0.3716,0.7882,0.6154,3.8719,0.8604,0.5476
4,3,1655,1656,2,2,2,0.5000,1655.210,708.484,575.726,8.8912,17.0000,1.0968,0.8972,4.8759,0.5916,0.1015,0.3069,0.5000,0.5000,5.1626,1.7209,0.7903
3,3,1660,1662,3,1,1,1.0000,1660.979,348.000,224.000,7.7815,16.0000,1.0213,0.9787,4.5884,0.8889,0.0000,0.1111,1.0000,0.0000,5.1618,1.7207,1.0000
4,3,1660,1661,2,2,1,1.0000,1660.459,685.557,307.000,8.7465,18.0000,1.1803,0.6377,5.1619,0.0000,0.7500,0.2500,1.0000,0.0000,4.7317,1.1471,0.8033
3,3,1661,1663,3,1,1,1.0000,1661.961,600.000,776.000,8.4436,19.0000,1.1176,0.0392,5.4484,0.8889,0.0000,0.1111,1.0000,0.0000,5.1618,1.4338,1.0000
6,3,1662,1663,2,3,2,0.5000,1662.389,773.444,359.122,10.5360,21.0000,1.4000,0.6891,6.0219,0.5034,0.2551,0.2415,0.1128,0.4328,4.5881,2.0073,0.6222
5,3,1662,1664,3,1,2,0.8333,1662.808,873.000,724.534,9.3615,18.0000,1.2329,0.5676,5.1615,0.5854,0.2927,0.1220,0.9487,0.0000,4.5880,1.7205,0.6712
4,3,1662,1663,2,2,1,1.0000,1662.559,1108.525,906.000,8.4592,17.0000,1.1525,0.6858,4.8747,0.0000,0.7500,0.2500,1.0000,0.0000,4.7315,1.8638,0.8136
4,3,1663,1664,2,1,2,1.0000,1663.541,843.000,195.459,8.7457,18.0000,1.1803,0.6491,5.1614,0.0000,0.7500,0.2500,0.0000,0.0000,4.5879,1.7205,0.7869
8,4,1666,1668,3,2,3,0.4444,1667.150,773.752,494.416,11.4548,18.0000,1.2743,0.5070,5.1609,0.6709,0.1342,0.1949,0.7372,0.1788,4.3008,1.4336,0.5752
5,3,1667,1669,3,2,1,0.8333,1667.770,704.446,423.000,9.4884,18.0000,1.2162,0.5998,5.1608,0.5854,0.2927,0.1220,0.9487,0.0000,4.8742,1.5769,0.6757
3,3,1667,1668,2,1,2,0.7500,1667.327,738.000,823.694,8.1113,18.0000,1.1020,0.4476,5.1609,0.5333,0.2667,0.2000,0.7071,0.0000,4.8741,1.7203,1.0000
4,3,1667,1668,2,1,2,1.0000,1667.534,968.000,490.483,8.3147,16.0000,1.1034,0.6959,4.5874,0.0000,0.7500,0.2500,0.0000,0.0000,4.5875,1.4335,0.7931
4,3,1671,1672,2,2,1,1.0000,1671.467,682.500,890.000,8.6006,17.0000,1.1333,0.6839,4.8737,0.0000,0.7500,0.2500,1.0000,0.0000,4.5870,0.8601,0.7833
3,3,1675,1677,3,1,1,1.0000,1676.021,510.000,386.000,7.9441,17.0000,1.0625,0.0208,4.8732,0.8889,0.0000,0.1111,1.0000,0.0000,4.8731,0.7167,1.0000
3,3,1675,1676,2,2,1,0.7500,1675.653,955.327,408.000,8.1096,17.0000,1.0408,0.7301,4.8733,0.5333,0.2667,0.2000,0.7071,0.0000,4.2999,0.5733,1.0000
3,3,1676,1676,1,2,2,0.7500,1676.000,468.681,507.319,7.7786,17.0000,1.0851,0.4513,4.8732,0.5333,0.2667,0.2000,0.0000,1.0000,4.5865,1.7199,1.0000
5,3,1676,1678,3,2,2,0.4167,1676.640,475.160,651.160,9.6147,18.0000,1.2000,0.6788,5.1598,0.6338,0.1686,0.1975,0.9585,0.2851,4.8730,1.7199,0.6800
3,3,1678,1679,2,1,2,0.7500,1678.700,546.000,642.380,8.2747,19.0000,1.1400,0.6888,5.4462,0.5333,0.2667,0.2000,0.7071,0.0000,4.8729,0.5733,1.0000
4,3,1678,1680,3,1,2,0.6667,1678.918,942.000,544.246,8.7426,17.0000,1.1148,0.9504,4.8730,0.5357,0.3214,0.1429,1.0000,0.0000,4.8729,1.1465,0.8033
4,3,1679,1679,1,3,2,0.6667,1679.000,483.797,341.797,8.4559,17.0000,1.1525,0.2876,4.8729,0.7500,0.1500,0.1000,0.0000,1.0000,4.5863,1.4332,0.7966
5,3,1679,1681,3,2,2,0.4167,1679.946,1013.459,807.149,9.4859,18.0000,1.2162,0.5632,5.1594,0.5461,0.2256,0.2283,0.8117,0.4177,5.1595,1.4332,0.6892
3,3,1680,1682,3,1,1,1.0000,1680.980,701.000,169.000,8.2743,17.0000,1.0200,0.9800,4.8728,0.8889,0.0000,0.1111,1.0000,0.0000,5.1594,1.1465,1.0000
3,3,1685,1687,3,1,1,1.0000,1686.021,789.000,149.000,7.7774,16.0000,1.0213,0.0213,4.5858,0.8889,0.0000,0.1111,1.0000,0.0000,4.8724,0.5732,1.0000
3,3,1686,1687,2,2,1,0.7500,1686.346,668.654,385.000,8.6047,18.0000,1.0385,0.7398,5.1590,0.5333,0.2667,0.2000,0.7071,0.0000,5.7322,1.5764,1.0000
4,3,1686,1687,2,1,2,1.0000,1686.567,918.000,451.550,8.5983,18.0000,1.2000,0.6247,5.1590,0.0000,0.7500,0.2500,0.0000,0.0000,4.7291,1.8630,0.8167
4,3,1688,1690,3,2,1,0.6667,1689.083,672.467,575.000,8.5982,17.0000,1.1333,0.5398,4.8723,0.7576,0.1294,0.1129,0.8507,0.0000,5.1589,1.7196,0.8167
5,3,1689,1691,3,2,2,0.4167,1690.072,853.536,992.159,8.8440,17.0000,1.2319,1.2096,4.8723,0.7729,0.0435,0.1836,0.8328,0.5477,4.5857,1.1464,0.6812
4,3,1692,1694,3,2,1,0.6667,1693.069,786.466,466.000,8.3115,16.0000,1.1034,1.0409,4.5856,0.7576,0.1294,0.1129,0.8507,0.0000,4.7289,0.8598,0.7931
3,3,1696,1697,2,1,2,0.7500,1696.667,592.000,549.333,7.4462,15.0000,1.0000,0.7454,4.2991,0.5333,0.2667,0.2000,0.7071,0.0000,4.5857,1.4330,1.0000
9,3,1697,1699,3,2,2,0.7500,1698.339,742.529,593.397,11.5599,18.0000,1.3388,0.7029,5.1590,0.4706,0.0000,0.5294,0.9045,0.3927,4.0126,0.8598,0.4215
7,3,1698,1700,3,2,3,0.3889,1698.968,649.581,455.000,10.0746,17.0000,1.2796,0.5815,4.8724,0.5487,0.1939,0.2574,0.8285,0.0460,3.7260,1.2898,0.5161
5,3,1699,1701,3,2,2,0.4167,1699.875,679.847,460.153,9.2288,18.0000,1.2500,0.2496,5.1591,0.6489,0.0995,0.2515,0.9362,0.2726,4.5858,1.4331,0.6944
4,3,1702,1703,2,2,2,0.5000,1702.286,829.476,373.190,9.0286,18.0000,1.1429,0.6263,5.1593,0.5916,0.1015,0.3069,0.5000,0.5000,5.0159,1.7198,0.8095
7,4,1702,1704,3,3,2,0.3889,1702.990,896.859,945.303,10.7251,17.0000,1.2020,0.3346,4.8726,0.5567,0.2652,0.1781,0.8065,0.4949,4.5860,1.7198,0.6364
5,3,1712,1713,2,2,2,0.6250,1712.162,647.600,261.350,10.2569,22.0000,1.3750,0.5558,6.3071,0.3432,0.2505,0.4063,0.5155,0.8569,4.8736,1.5767,0.6750
4,3,1712,1714,3,2,1,0.6667,1712.948,698.517,473.000,8.3141,16.0000,1.1034,0.5198,4.5871,0.7576,0.1294,0.1129,0.8507,0.0000,4.5871,1.5769,0.7931
6,6,1714,1716,3,2,1,1.0000,1714.990,610.525,540.000,11.8221,21.0000,1.2475,0.4754,6.0210,0.5556,0.3333,0.1111,1.0000,0.0000,5.1608,1.7202,1.0000
3,3,1718,1719,2,1,2,0.7500,1718.638,285.000,438.681,7.7811,17.0000,1.0851,0.7136,4.8747,0.5333,0.2667,0.2000,0.7071,0.0000,4.5881,1.1471,1.0000
4,3,1721,1722,2,1,2,1.0000,1721.464,629.000,829.536,8.0299,15.0000,1.0714,0.7089,4.3018,0.0000,0.7500,0.2500,0.0000,0.0000,4.0149,1.1472,0.8036
4,3,1724,1726,3,2,1,0.6667,1724.938,1052.562,740.000,9.1784,19.0000,1.1875,0.4419,5.4497,0.7576,0.1294,0.1129,0.8507,0.0000,5.1627,2.0077,0.7969
5,3,1725,1726,2,1,3,0.8333,1725.573,539.000,520.787,9.6207,17.0000,1.1333,0.6117,4.8760,0.5854,0.2927,0.1220,0.3162,0.0000,4.5892,1.4342,0.6267
3,3,1731,1732,2,1,2,0.7500,1731.300,1074.000,579.680,8.2823,19.0000,1.1400,0.4386,5.4511,0.5333,0.2667,0.2000,0.7071,0.0000,4.8774,2.0083,1.0000
5,4,1732,1734,3,2,1,0.8333,1733.273,712.584,474.000,9.8807,17.0000,1.1039,0.8376,4.8780,0.5854,0.2927,0.1220,0.9487,0.0000,5.1647,1.7215,0.8442
4,3,1732,1734,3,2,1,0.6667,1732.983,748.817,570.000,8.6079,18.0000,1.2000,0.1841,5.1647,0.5357,0.3214,0.1429,1.0000,0.0000,4.7343,1.1477,0.8167
5,3,1733,1735,3,2,2,0.4167,1733.944,565.167,434.792,9.2394,19.0000,1.3194,0.2725,5.4519,0.4138,0.1655,0.4207,1.0000,0.0000,4.8777,2.0085,0.6806
7,3,1738,1740,3,2,2,0.5833,1738.882,1094.699,655.581,10.0886,17.0000,1.2796,0.8236,4.8792,0.3883,0.1309,0.4808,0.9235,0.3259,3.7313,1.4351,0.5269
6,3,1739,1740,2,3,2,0.5000,1739.256,632.581,246.779,10.0769,19.0000,1.3256,1.0052,5.4532,0.5034,0.2551,0.2415,0.1128,0.4328,4.5923,2.0090,0.6163
3,3,1742,1744,3,1,1,1.0000,1743.060,673.000,604.000,8.2869,18.0000,1.0800,0.9400,5.1674,0.8889,0.0000,0.1111,1.0000,0.0000,4.3060,0.7177,1.0000
6,3,1745,1746,2,2,2,0.7500,1745.475,767.675,673.288,9.3766,16.0000,1.2000,0.6434,4.5935,0.2000,0.3333,0.4667,0.0000,0.0000,4.1630,1.1484,0.5750
4,3,1748,1750,3,1,2,0.6667,1749.048,906.000,483.468,8.9016,17.0000,1.0968,1.0604,4.8817,0.7576,0.1294,0.1129,0.8507,0.0000,4.7380,0.8614,0.7742
3,3,1750,1751,2,2,1,0.7500,1750.722,766.296,557.000,8.9531,23.0000,1.2778,0.4061,6.6050,0.5333,0.2667,0.2000,0.7071,0.0000,5.1691,1.5794,1.0000
5,3,1751,1752,2,2,2,0.6250,1751.551,681.449,551.841,8.8618,16.0000,1.1594,0.7950,4.5948,0.3432,0.2505,0.4063,0.6059,0.3645,4.5948,0.5744,0.6667
4,3,1751,1752,2,1,2,1.0000,1751.533,1015.000,501.500,8.6155,17.0000,1.1333,0.6839,4.8822,0.0000,0.7500,0.2500,0.0000,0.0000,4.8821,1.8666,0.7833
4,3,1752,1754,3,2,1,0.6667,1753.031,999.828,576.000,9.1904,21.0000,1.3125,0.1747,6.0312,0.5357,0.3214,0.1429,1.0000,0.0000,5.1696,1.7233,0.8281
3,3,1754,1755,2,1,2,0.7500,1754.294,1074.000,306.627,8.4571,19.0000,1.1176,0.6930,5.4571,0.5333,0.2667,0.2000,0.7071,0.0000,5.1699,1.4360,1.0000
3,3,1755,1756,2,1,2,0.7500,1755.680,759.000,374.660,8.2918,17.0000,1.0200,0.7335,4.8831,0.5333,0.2667,0.2000,0.7071,0.0000,5.4576,1.8670,1.0000
6,4,1756,1758,3,2,2,0.5000,1757.333,764.146,383.500,11.2581,19.0000,1.1875,0.6184,5.4581,0.6373,0.1269,0.2358,0.8795,0.0724,5.0268,1.4362,0.7083
5,3,1758,1759,2,2,2,0.6250,1758.382,866.338,657.441,8.7361,15.0000,1.1029,0.6747,4.3092,0.2938,0.4054,0.3007,0.0000,0.3029,4.5963,0.8618,0.6618
3,3,1760,1762,3,1,1,1.0000,1761.041,439.000,170.000,8.1279,17.0000,1.0408,0.0408,4.8844,0.8889,0.0000,0.1111,1.0000,0.0000,5.1715,1.2929,1.0000
4,3,1762,1763,2,1,2,1.0000,1762.550,874.000,495.450,8.6197,17.0000,1.1333,0.6364,4.8846,0.0000,0.7500,0.2500,0.0000,0.0000,5.1718,1.8676,0.8167
4,3,1763,1764,2,2,1,1.0000,1763.500,1028.545,474.000,9.4821,19.0000,1.1515,0.6757,5.4592,0.0000,0.7500,0.2500,1.0000,0.0000,5.3158,1.4367,0.7879
3,3,1766,1767,2,1,2,0.7500,1766.319,496.000,467.340,7.7979,16.0000,1.0213,0.4666,4.5978,0.5333,0.2667,0.2000,0.7071,0.0000,4.8852,1.1494,1.0000
4,3,1767,1768,2,1,2,1.0000,1767.533,413.000,739.533,8.6215,16.0000,1.0667,0.7087,4.5982,0.0000,0.7500,0.2500,0.0000,0.0000,4.8855,1.1496,0.8000
4,3,1769,1770,2,2,1,1.0000,1769.517,443.533,615.000,8.6222,17.0000,1.1333,0.6962,4.8858,0.0000,0.7500,0.2500,1.0000,0.0000,4.7423,1.7245,0.8000
6,3,1769,1771,3,2,2,0.5000,1770.193,713.301,1147.181,9.7389,17.0000,1.2289,0.4007,4.8860,0.5230,0.1584,0.3185,0.9225,0.0898,4.3112,1.4370,0.5663
3,3,1772,1773,2,2,1,0.7500,1772.694,647.673,409.000,8.1318,18.0000,1.1020,0.4476,5.1740,0.5333,0.2667,0.2000,0.7071,0.0000,5.1740,1.7246,1.0000
4,3,1775,1776,2,1,2,1.0000,1775.467,498.000,580.467,8.6242,17.0000,1.1333,0.7087,4.8872,0.0000,0.7500,0.2500,0.0000,0.0000,5.1745,1.5811,0.8167
6,3,1777,1779,3,2,2,0.5000,1778.301,858.446,400.169,9.7420,16.0000,1.1566,1.3858,4.5999,0.6373,0.1269,0.2358,0.8795,0.0724,4.4563,0.8625,0.5542
4,3,1783,1786,4,1,1,1.0000,1784.369,930.000,245.000,9.3460,19.0000,1.1692,0.3692,5.4637,0.9375,0.0000,0.0625,1.0000,0.0000,5.1762,0.2876,0.8154
3,3,1785,1786,2,1,2,0.7500,1785.333,948.000,240.333,7.9696,16.0000,1.0000,0.4714,4.6013,0.5333,0.2667,0.2000,0.7071,0.0000,4.3136,1.5816,1.0000
5,3,1794,1796,3,1,2,0.8333,1795.205,733.000,376.397,10.0346,18.0000,1.1538,0.6365,5.1780,0.5854,0.2927,0.1220,0.9487,0.0000,5.1780,1.1507,0.6538
7,4,1796,1798,3,3,2,0.3889,1797.364,679.019,303.570,11.6347,19.0000,1.2430,0.8540,5.4661,0.3231,0.4135,0.2634,0.8452,0.2797,4.6029,1.1508,0.6355
4,3,1796,1797,2,1,2,1.0000,1796.458,849.000,676.559,8.4865,17.0000,1.1525,0.6353,4.8905,0.0000,0.7500,0.2500,0.0000,0.0000,5.0344,0.5754,0.8136
4,3,1797,1798,2,2,1,1.0000,1797.429,957.476,691.000,9.0621,19.0000,1.2063,0.6768,5.4660,0.0000,0.7500,0.2500,1.0000,0.0000,5.0345,1.4384,0.8254
4,3,1799,1801,3,1,2,0.6667,1800.108,800.000,471.554,9.3505,18.0000,1.1077,0.5642,5.1789,0.7576,0.1294,0.1129,0.8507,0.0000,4.8910,1.1508,0.8308
7,3,1800,1802,3,2,2,0.5833,1801.138,778.596,420.681,10.2222,16.0000,1.1915,0.5333,4.6034,0.3883,0.1309,0.4808,0.9235,0.3259,4.3158,0.8632,0.4894
3,3,1802,1804,3,1,1,1.0000,1803.000,959.000,162.000,8.3061,18.0000,1.0800,0.0000,5.1792,0.8889,0.0000,0.1111,1.0000,0.0000,4.8916,1.4387,1.0000
4,3,1805,1806,2,1,2,1.0000,1805.452,699.000,188.452,8.9202,18.0000,1.1613,0.6387,5.1794,0.0000,0.7500,0.2500,0.0000,0.0000,4.8917,1.4388,0.8065
6,3,1805,1807,3,2,3,0.3333,1806.000,981.675,690.928,9.7504,17.0000,1.2289,0.9831,4.8918,0.2238,0.4308,0.3454,0.0000,0.0000,4.4602,2.0143,0.5783
4,3,1807,1808,2,2,1,1.0000,1807.444,716.508,409.000,9.0646,19.0000,1.2063,0.6631,5.4675,0.0000,0.7500,0.2500,1.0000,0.0000,4.7481,1.8705,0.7937
5,3,1808,1809,2,2,2,0.6250,1808.160,850.533,583.400,9.6521,18.0000,1.2000,0.8186,5.1798,0.3432,0.2505,0.4063,0.5155,0.8569,4.8921,0.8633,0.6800
3,3,1813,1814,2,1,2,0.7500,1813.306,895.000,337.306,8.1421,19.0000,1.1633,0.4329,5.4683,0.5333,0.2667,0.2000,0.7071,0.0000,4.8928,1.7268,1.0000
5,3,1815,1817,3,1,2,0.8333,1815.838,477.000,432.649,9.5253,19.0000,1.2838,0.3870,5.4687,0.5854,0.2927,0.1220,0.9487,0.0000,4.8929,0.8635,0.6622
6,4,1817,1819,3,2,2,0.5000,1818.135,1040.360,569.876,10.4585,19.0000,1.2809,0.4034,5.4690,0.5230,0.1584,0.3185,0.9225,0.0898,5.0372,1.4392,0.7528
4,3,1819,1821,3,1,2,0.6667,1820.062,566.000,337.323,9.3554,21.0000,1.2923,0.6797,6.0450,0.5357,0.3214,0.1429,1.0000,0.0000,5.0376,2.0150,0.8308
5,3,1820,1821,2,1,3,0.8333,1820.614,939.000,166.229,9.0115,17.0000,1.2143,0.4484,4.8937,0.5854,0.2927,0.1220,0.3162,0.0000,4.7496,1.1515,0.6714
3,3,1822,1823,2,2,1,0.7500,1822.652,635.674,445.000,7.6455,16.0000,1.0435,0.7292,4.6060,0.5333,0.2667,0.2000,0.7071,0.0000,4.8940,1.4394,1.0000
5,3,1823,1825,3,3,1,0.5556,1823.757,976.176,559.000,9.5273,17.0000,1.1486,0.3000,4.8941,0.8123,0.1108,0.0769,0.7071,0.0000,4.8941,2.0151,0.6486
7,3,1824,1825,2,2,2,0.8750,1824.396,398.425,624.434,11.5343,19.0000,1.2547,0.7249,5.4699,0.0000,0.3318,0.6682,0.8165,0.5774,4.6063,1.7273,0.6226
6,3,1824,1826,3,2,2,0.5000,1824.670,548.500,592.875,10.3429,21.0000,1.4318,0.6117,6.0459,0.6373,0.1269,0.2358,0.8795,0.0724,4.3184,1.5834,0.6136
5,3,1826,1827,2,2,2,0.6250,1826.623,767.584,402.143,9.9144,19.0000,1.2338,0.5788,5.4704,0.3432,0.2505,0.4063,0.6059,0.3645,4.8944,0.8637,0.6753
3,3,1828,1829,2,1,2,0.7500,1828.673,853.000,240.692,8.6444,19.0000,1.0962,0.4489,5.4708,0.5333,0.2667,0.2000,0.7071,0.0000,5.4706,1.4397,1.0000
4,3,1829,1830,2,1,2,1.0000,1829.522,769.000,497.391,9.9340,22.0000,1.2754,0.6522,6.3346,0.0000,0.7500,0.2500,0.0000,0.0000,6.0469,2.0155,0.8406
4,3,1829,1831,3,1,2,0.6667,1829.929,1067.000,502.464,8.0625,15.0000,1.0714,1.0382,4.3192,0.7576,0.1294,0.1129,0.8507,0.0000,4.6071,1.4397,0.8036
4,4,1831,1832,2,2,2,0.5000,1831.250,1034.250,475.750,8.6388,15.0000,1.0000,0.8292,4.3195,0.0000,0.5625,0.4375,0.4459,0.5774,4.8953,1.1519,1.0000
3,3,1834,1836,3,1,1,1.0000,1835.019,406.000,560.000,8.6465,21.0000,1.2115,0.0192,6.0481,0.8889,0.0000,0.1111,1.0000,0.0000,4.8963,1.4400,1.0000
4,3,1834,1835,2,1,2,1.0000,1834.467,763.000,844.500,8.6399,17.0000,1.1333,0.6839,4.8959,0.0000,0.7500,0.2500,0.0000,0.0000,5.1839,2.3040,0.7833
3,3,1835,1836,2,1,2,0.7500,1835.688,826.000,490.688,7.9817,18.0000,1.1250,0.4419,5.1843,0.5333,0.2667,0.2000,0.7071,0.0000,4.6083,1.0081,1.0000
4,3,1840,1842,3,2,1,0.6667,1840.846,1072.185,407.000,9.3628,19.0000,1.1692,0.2403,5.4737,0.7500,0.1500,0.1000,0.9487,0.0000,5.4737,1.4404,0.8154
9,3,1842,1844,3,2,4,0.3750,1842.760,1222.628,381.891,12.3891,21.0000,1.4651,0.4560,6.0506,0.6824,0.1661,0.1515,0.5945,0.2601,4.1775,1.7286,0.4341
7,3,1850,1853,4,2,2,0.4375,1851.474,794.684,470.232,10.3514,16.0000,1.1789,0.8937,4.6128,0.6801,0.1680,0.1519,0.9328,0.2851,4.6124,1.4416,0.4947
13,6,1851,1854,4,3,3,0.3611,1852.513,509.026,1010.231,15.5928,21.0000,1.4000,0.5397,6.0548,0.7020,0.0519,0.2460,0.7024,0.6926,4.3248,1.4413,0.5692
3,3,1852,1854,3,1,1,1.0000,1852.962,771.000,490.000,8.6560,20.0000,1.1538,0.0385,5.7664,0.8889,0.0000,0.1111,1.0000,0.0000,5.4778,2.0182,1.0000
5,3,1864,1865,2,2,2,0.6250,1864.581,921.851,902.581,9.5520,17.0000,1.1486,0.7316,4.9070,0.3432,0.2505,0.4063,0.6059,0.3645,4.9070,1.7318,0.6622
4,3,1866,1867,2,3,1,0.6667,1866.770,937.262,530.000,8.8054,17.0000,1.1148,0.7726,4.9081,0.7500,0.1500,0.1000,0.3162,0.0000,4.9079,1.8766,0.7705
6,3,1869,1870,2,4,2,0.3750,1869.325,941.325,407.850,9.4317,16.0000,1.2000,0.4835,4.6204,0.7351,0.1332,0.1317,0.3371,0.6928,4.4759,1.4440,0.5750
5,3,1871,1872,2,2,2,0.6250,1871.595,494.149,671.392,9.5595,17.0000,1.1486,0.7275,4.9108,0.3432,0.2505,0.4063,0.6059,0.3645,4.9108,1.1555,0.6757
4,3,1874,1875,2,1,2,1.0000,1874.542,992.000,404.525,8.5244,16.0000,1.0847,0.6968,4.6236,0.0000,0.7500,0.2500,0.0000,0.0000,5.0569,1.7338,0.7966
9,3,1876,1878,3,3,2,0.5000,1876.871,849.036,451.683,13.3924,24.0000,1.5540,0.3439,6.9372,0.5546,0.0806,0.3648,0.7806,0.2821,4.3358,1.7343,0.4604
3,3,1878,1880,3,1,1,1.0000,1878.978,1019.000,525.000,7.6785,16.0000,1.0435,0.9783,4.6254,0.8889,0.0000,0.1111,1.0000,0.0000,4.3374,0.8673,1.0000
4,3,1883,1885,3,2,1,0.6667,1884.127,1175.413,533.000,9.1134,19.0000,1.2063,0.9656,5.4976,0.7576,0.1294,0.1129,0.8507,0.0000,5.0628,0.8681,0.8254
6,3,1884,1886,3,2,2,0.5000,1884.783,491.133,407.410,9.8041,17.0000,1.2289,0.9896,4.9189,0.5230,0.1584,0.3185,0.9225,0.0898,4.1953,1.7359,0.5904
13,4,1887,1889,3,3,3,0.4815,1887.975,590.020,269.025,15.9761,20.0000,1.3065,1.7209,5.7900,0.6917,0.0851,0.2232,0.6059,0.3645,5.2097,2.0256,0.6834
7,3,1887,1889,3,2,2,0.5833,1888.250,783.593,601.269,11.8163,22.0000,1.4259,0.5483,6.3682,0.4600,0.2645,0.2756,0.8571,0.1000,4.6309,0.8685,0.6389
6,3,1890,1892,3,2,3,0.3333,1890.977,589.663,867.465,10.1669,18.0000,1.2558,0.8100,5.2124,0.3348,0.4659,0.1992,0.2110,0.5091,4.4882,1.4478,0.5814
8,3,1894,1895,2,2,3,0.6667,1894.564,947.470,547.256,11.9846,21.0000,1.4359,0.6905,6.0845,0.4685,0.1696,0.3619,0.3645,0.6059,4.4904,1.3036,0.4615
4,3,1896,1898,3,2,1,0.6667,1897.085,945.458,844.000,8.5498,16.0000,1.0847,0.4654,4.6378,0.7576,0.1294,0.1129,0.8507,0.0000,4.3474,0.8697,0.8136
6,3,1897,1899,3,2,2,0.5000,1898.078,740.856,622.344,10.6503,19.0000,1.2667,1.1407,5.5082,0.7074,0.0897,0.2030,0.9140,0.2540,4.4929,2.0295,0.5667
3,3,1901,1902,2,1,2,0.7500,1901.333,728.000,327.312,8.0367,17.0000,1.0625,0.4569,4.9298,0.5333,0.2667,0.2000,0.7071,0.0000,5.2204,2.3205,1.0000
5,3,1901,1902,2,2,2,0.6250,1901.528,941.847,295.611,9.3381,18.0000,1.2500,0.6731,5.2197,0.3432,0.2505,0.4063,0.6059,0.3645,4.9305,1.1600,0.6806
4,3,1902,1904,3,1,2,0.6667,1902.951,1062.000,598.262,8.8470,18.0000,1.1803,0.2669,5.2212,0.5357,0.3214,0.1429,1.0000,0.0000,4.7859,1.7402,0.8033
5,3,1903,1904,2,2,2,0.6250,1903.587,544.813,286.400,9.7300,16.0000,1.0667,0.8597,4.6418,0.3432,0.2505,0.4063,0.6059,0.3645,4.6411,1.4505,0.6267
5,3,1903,1905,3,1,2,0.8333,1903.880,617.000,444.387,9.7304,19.0000,1.2667,0.4049,5.5121,0.5854,0.2927,0.1220,0.9487,0.0000,4.3516,0.8705,0.6667
4,3,1904,1906,3,1,2,0.6667,1905.061,926.000,591.758,9.5751,20.0000,1.2121,0.2499,5.8030,0.5357,0.3214,0.1429,1.0000,0.0000,4.4977,0.8706,0.8030
5,3,1910,1912,3,2,1,0.8333,1911.244,1055.641,812.000,10.1304,20.0000,1.2821,0.8373,5.8089,0.5854,0.2927,0.1220,0.9487,0.0000,5.2272,0.2903,0.7051
43,24,1910,1913,4,6,7,0.2560,1911.451,1197.587,416.613,37.1143,57.0000,2.9248,0.7882,16.5554,0.5888,0.1003,0.3109,0.0721,0.1133,4.6473,1.1620,0.7351
3,3,1911,1913,3,1,1,1.0000,1912.000,657.000,290.000,7.5460,15.0000,1.0000,1.0000,4.3573,0.8889,0.0000,0.1111,1.0000,0.0000,4.6472,1.4522,1.0000
4,3,1914,1915,2,2,1,1.0000,1914.533,940.567,480.000,8.7166,17.0000,1.1333,0.6872,4.9398,0.0000,0.7500,0.2500,1.0000,0.0000,4.9394,1.3074,0.8167
3,3,1920,1921,2,1,2,0.7500,1920.652,1053.000,425.674,7.7235,16.0000,1.0435,0.7292,4.6526,0.5333,0.2667,0.2000,0.7071,0.0000,4.6533,1.4538,1.0000
6,3,1921,1923,3,1,3,0.6667,1922.179,983.000,530.905,9.9752,18.0000,1.2857,1.2220,5.2365,0.6944,0.2222,0.0833,0.6000,0.0000,4.5083,1.7454,0.5714
3,3,1926,1927,2,1,2,0.7500,1926.667,637.000,401.667,7.5623,15.0000,1.0000,0.7454,4.3663,0.5333,0.2667,0.2000,0.7071,0.0000,4.0754,1.3097,1.0000
5,4,1928,1929,2,1,3,0.8333,1928.432,700.000,254.333,10.5467,20.0000,1.2346,0.8758,5.8235,0.5854,0.2927,0.1220,0.3162,0.0000,5.5315,1.7469,0.8642
4,3,1929,1930,2,3,1,0.6667,1929.750,505.933,1030.000,8.7362,17.0000,1.1333,0.2587,4.9507,0.5357,0.3214,0.1429,0.0000,0.0000,4.8048,2.0380,0.8000
4,3,1932,1933,2,1,2,1.0000,1932.516,493.000,262.468,9.0311,18.0000,1.1613,0.6965,5.2435,0.0000,0.7500,0.2500,0.0000,0.0000,4.3703,0.7281,0.8065
3,3,1933,1935,3,1,1,1.0000,1934.022,467.000,983.000,7.7388,16.0000,1.0435,0.9783,4.6629,0.8889,0.0000,0.1111,1.0000,0.0000,4.9535,1.3113,1.0000
4,3,1935,1936,2,2,1,1.0000,1935.526,1082.526,1045.000,8.3065,15.0000,1.0526,0.7081,4.3721,0.0000,0.7500,0.2500,1.0000,0.0000,4.6632,0.8743,0.7895
3,3,1938,1939,2,1,2,0.7500,1938.370,659.000,496.278,9.0905,20.0000,1.1111,0.6882,5.8321,0.5333,0.2667,0.2000,0.7071,0.0000,5.5397,1.1660,1.0000
3,3,1939,1940,2,2,1,0.7500,1939.680,1066.340,628.000,8.4187,17.0000,1.0200,0.4669,4.9580,0.5333,0.2667,0.2000,0.7071,0.0000,5.5412,2.0410,1.0000
3,3,1944,1945,2,1,2,0.7500,1944.348,720.000,321.326,7.7505,16.0000,1.0435,0.7292,4.6697,0.5333,0.2667,0.2000,0.7071,0.0000,4.6691,1.4593,1.0000
4,3,1945,1946,2,1,2,1.0000,1945.439,1009.000,501.561,9.6320,21.0000,1.2727,0.6214,6.1290,0.0000,0.7500,0.2500,0.0000,0.0000,5.2537,1.3135,0.8030
5,3,1947,1948,2,1,4,0.6250,1947.233,599.000,935.699,9.5313,17.0000,1.1644,0.3809,4.9638,0.7911,0.1351,0.0737,0.0898,0.0000,4.9631,1.8977,0.6712
4,3,1957,1959,3,2,1,0.6667,1957.875,613.153,449.000,10.5262,21.0000,1.1667,0.1974,6.1412,0.7500,0.1500,0.1000,0.9487,0.0000,6.1399,0.5849,0.8472
4,3,1964,1965,2,1,2,1.0000,1964.522,879.000,674.551,10.0968,19.0000,1.1014,0.6885,5.5609,0.0000,0.7500,0.2500,0.0000,0.0000,5.8531,1.1707,0.7971
4,3,1966,1967,2,2,2,0.5000,1966.525,547.770,868.262,8.9285,16.0000,1.0492,0.5895,4.6841,0.5916,0.1015,0.3069,0.7071,0.7071,5.1229,1.7564,0.7705
5,3,1968,1969,2,1,3,0.8333,1968.441,379.000,709.221,8.9046,16.0000,1.1765,0.4933,4.6847,0.5854,0.2927,0.1220,0.3162,0.0000,4.6853,1.6106,0.6765
3,3,1968,1969,2,2,1,0.7500,1968.353,981.667,815.000,8.6217,18.0000,1.0588,0.7279,5.2710,0.5333,0.2667,0.2000,0.7071,0.0000,4.9775,2.0495,1.0000
3,3,1971,1973,3,1,1,1.0000,1972.000,893.000,501.000,8.1184,18.0000,1.1250,0.0000,5.2730,0.8889,0.0000,0.1111,1.0000,0.0000,4.6877,0.5859,1.0000
3,3,1977,1978,2,2,1,0.7500,1977.300,839.660,378.000,8.4622,18.0000,1.0800,0.4534,5.2763,0.5333,0.2667,0.2000,0.7071,0.0000,5.2763,1.7586,1.0000
4,3,1978,1979,2,2,1,1.0000,1978.544,620.474,644.000,8.3557,16.0000,1.1228,0.6965,4.6912,0.0000,0.7500,0.2500,1.0000,0.0000,4.6909,1.4662,0.8070
3,3,1979,1980,2,1,2,0.7500,1979.694,671.000,555.673,8.2953,18.0000,1.1020,0.4476,5.2782,0.5333,0.2667,0.2000,0.7071,0.0000,4.3985,1.6127,1.0000
5,3,1987,1989,3,1,2,0.8333,1988.263,512.000,913.632,9.9754,19.0000,1.2500,0.8238,5.5768,0.5854,0.2927,0.1220,0.9487,0.0000,4.6958,1.1739,0.6447
4,3,1989,1990,2,1,2,1.0000,1989.508,714.000,226.492,8.6592,15.0000,1.0169,0.7072,4.4032,0.0000,0.7500,0.2500,0.0000,0.0000,4.6965,1.1741,0.7627
14,5,1993,1995,3,2,3,0.7778,1993.784,441.418,864.042,16.7165,23.0000,1.5117,1.0670,6.7541,0.2121,0.3788,0.4092,0.7346,0.0996,4.4045,1.6150,0.4554
4,3,1995,1996,2,2,1,1.0000,1995.433,871.567,560.000,8.8108,19.0000,1.2667,0.6128,5.5799,0.0000,0.7500,0.2500,1.0000,0.0000,4.6991,1.1748,0.8167
4,3,1999,2001,3,2,1,0.6667,1999.931,1166.466,820.000,8.5201,16.0000,1.1034,0.4706,4.7008,0.7576,0.1294,0.1129,0.8507,0.0000,4.8475,1.4691,0.8103
5,3,2009,2011,3,2,1,0.8333,2009.761,1001.549,658.000,9.3345,16.0000,1.1268,0.9382,4.7038,0.5854,0.2927,0.1220,0.9487,0.0000,5.2915,2.3519,0.6761
3,3,2017,2018,2,2,1,0.7500,2017.326,825.326,1130.000,7.8103,16.0000,1.0435,0.4612,4.7053,0.5333,0.2667,0.2000,0.7071,0.0000,4.9995,2.0585,1.0000
10,3,2022,2023,2,3,3,0.5556,2022.596,459.809,290.319,13.1151,19.0000,1.3475,0.7024,5.5887,0.6295,0.0405,0.3300,0.2600,0.9487,3.5296,1.1765,0.3972
4,4,2022,2023,2,1,2,1.0000,2022.500,1030.000,361.516,9.4124,17.0000,1.0625,0.6961,5.0003,0.0000,0.7500,0.2500,0.0000,0.0000,5.0004,1.4707,1.0000
3,3,2029,2031,3,1,1,1.0000,2030.073,724.000,365.000,9.3422,20.0000,1.0909,0.9273,5.8842,0.8889,0.0000,0.1111,1.0000,0.0000,5.8840,1.1768,1.0000
4,3,2036,2037,2,2,1,1.0000,2036.492,793.525,513.000,8.6803,16.0000,1.0847,0.6955,4.7080,0.0000,0.7500,0.2500,1.0000,0.0000,4.7079,1.0299,0.7797
5,3,2038,2040,3,2,2,0.4167,2038.986,851.149,648.392,9.7384,19.0000,1.2838,0.4194,5.5911,0.5461,0.2256,0.2283,0.8117,0.4177,4.4139,0.5886,0.6622
3,3,2042,2044,3,1,1,1.0000,2042.978,669.000,302.000,7.8159,16.0000,1.0435,0.9783,4.7086,0.8889,0.0000,0.1111,1.0000,0.0000,4.7088,1.4714,1.0000
6,3,2045,2047,3,2,2,0.5000,2045.675,1115.614,919.133,9.9727,16.0000,1.1566,0.9221,4.7091,0.5034,0.2551,0.2415,0.9677,0.2521,4.4147,0.8830,0.5783
4,3,2047,2048,2,2,1,1.0000,2047.484,1129.500,550.000,9.1242,17.0000,1.0968,0.6958,5.0035,0.0000,0.7500,0.2500,1.0000,0.0000,4.8564,1.1773,0.7742
4,3,2049,2051,3,1,2,0.6667,2050.052,371.000,420.517,8.5361,16.0000,1.1034,0.5198,4.7096,0.7576,0.1294,0.1129,0.8507,0.0000,5.2983,2.0604,0.7931
3,3,2049,2050,2,2,1,0.7500,2049.704,1168.685,475.000,9.1768,21.0000,1.1667,0.4323,6.1813,0.5333,0.2667,0.2000,0.7071,0.0000,5.2983,1.4717,1.0000
4,3,2055,2057,3,1,2,0.6667,2055.967,1027.000,846.483,8.8319,16.0000,1.0667,0.4845,4.7103,0.7576,0.1294,0.1129,0.8507,0.0000,4.8575,1.1776,0.7833
3,3,2058,2059,2,2,1,0.7500,2058.688,1279.646,607.000,8.1592,17.0000,1.0625,0.7175,5.0052,0.5333,0.2667,0.2000,0.7071,0.0000,4.4163,0.2944,1.0000
5,3,2059,2061,3,2,2,0.4167,2060.443,592.614,507.157,9.2173,17.0000,1.2143,0.6079,5.0053,0.6999,0.1281,0.1720,0.8684,0.1395,4.7110,1.9138,0.6857
3,3,2063,2065,3,1,1,1.0000,2064.020,896.000,418.000,8.3306,18.0000,1.1020,0.0204,5.3004,0.8889,0.0000,0.1111,1.0000,0.0000,5.0061,1.0307,1.0000
3,3,2068,2069,2,2,1,0.7500,2068.667,666.312,808.000,8.1619,17.0000,1.0625,0.4569,5.0068,0.5333,0.2667,0.2000,0.7071,0.0000,5.0067,1.4726,1.0000
4,3,2075,2076,2,1,2,1.0000,2075.550,909.000,608.533,8.8377,17.0000,1.1333,0.6483,5.0081,0.0000,0.7500,0.2500,0.0000,0.0000,4.8607,0.8838,0.8000
4,3,2080,2081,2,1,3,0.6667,2080.193,613.000,304.825,8.3973,16.0000,1.1228,1.1912,4.7142,0.7500,0.1500,0.1000,0.3162,0.0000,4.7142,1.0312,0.8070
4,3,2084,2085,2,2,2,0.5000,2084.806,908.532,707.242,9.1356,18.0000,1.1613,0.5610,5.3046,0.5916,0.1015,0.3069,0.5000,0.5000,5.1572,1.1787,0.8065
4,3,2096,2098,3,2,1,0.6667,2097.356,914.746,842.000,8.6983,17.0000,1.1525,0.6924,5.0127,0.7500,0.1500,0.1000,0.9487,0.0000,4.8652,1.4742,0.8136
4,3,2104,2105,2,1,2,1.0000,2104.508,569.000,400.441,8.7012,18.0000,1.2203,0.6729,5.3091,0.0000,0.7500,0.2500,0.0000,0.0000,5.0143,1.4748,0.8136
4,3,2105,2106,2,1,3,0.6667,2105.467,987.000,469.083,8.8491,17.0000,1.1333,0.5398,5.0146,0.7576,0.1294,0.1129,0.5257,0.0000,5.3093,1.4749,0.8167
6,4,2112,2114,3,1,3,0.6667,2113.000,1069.000,281.247,10.2394,17.0000,1.2000,0.7529,5.0163,0.6944,0.2222,0.0833,0.8000,0.0000,5.0162,1.7705,0.7412
3,3,2115,2117,3,1,1,1.0000,2115.978,840.000,863.000,7.8378,16.0000,1.0435,0.9783,4.7217,0.8889,0.0000,0.1111,1.0000,0.0000,4.1319,0.5904,1.0000
5,3,2116,2117,2,2,2,0.6250,2116.471,1057.157,549.629,9.2389,18.0000,1.2857,0.6649,5.3124,0.3432,0.2505,0.4063,0.6059,0.3645,5.0170,1.9183,0.6857
4,3,2118,2119,2,1,2,1.0000,2118.446,435.000,762.477,9.5925,19.0000,1.1692,0.6531,5.6078,0.0000,0.7500,0.2500,0.0000,0.0000,5.0176,1.1807,0.7846
3,3,2118,2119,2,2,1,0.7500,2118.660,774.340,950.000,8.5204,17.0000,1.0200,0.7424,5.0177,0.5333,0.2667,0.2000,0.7071,0.0000,5.3127,1.6234,1.0000
4,3,2127,2128,2,2,1,1.0000,2127.508,956.459,399.000,9.0061,18.0000,1.1803,0.6727,5.3152,0.0000,0.7500,0.2500,1.0000,0.0000,4.8720,1.1811,0.7869
10,3,2132,2135,4,3,2,0.4167,2133.519,1009.961,624.093,12.0487,16.0000,1.2403,0.4911,4.7258,0.4090,0.4609,0.1301,0.9886,0.1509,3.9875,0.8861,0.3566
3,3,2135,2136,2,2,1,0.7500,2135.667,1131.333,609.000,8.1860,16.0000,1.0000,0.7454,4.7262,0.5333,0.2667,0.2000,0.7071,0.0000,5.0216,1.4769,1.0000
4,3,2136,2138,3,2,1,0.6667,2137.095,732.524,869.000,9.3052,19.0000,1.2063,0.5324,5.6126,0.7576,0.1294,0.1129,0.8507,0.0000,5.4651,1.4770,0.8254
4,3,2137,2138,2,2,2,0.5000,2137.548,903.194,220.742,9.1577,18.0000,1.1613,0.5550,5.3175,0.5916,0.1015,0.3069,0.7071,0.7071,5.3173,1.1817,0.8065
4,4,2137,2138,2,1,2,1.0000,2137.476,976.000,310.476,9.3054,18.0000,1.1429,0.6734,5.3172,0.0000,0.7500,0.2500,0.0000,0.0000,4.7266,0.7385,1.0000
6,3,2144,2146,3,2,2,0.5000,2145.306,272.871,1043.518,10.2540,19.0000,1.3412,0.6150,5.6143,0.6373,0.1269,0.2358,0.8795,0.0724,3.5460,1.4774,0.6118
4,3,2149,2150,2,2,2,0.5000,2149.222,849.476,333.762,9.3092,19.0000,1.2063,0.5769,5.6150,0.5916,0.1015,0.3069,0.5000,0.5000,4.7284,1.4776,0.7778
4,3,2149,2151,3,2,1,0.6667,2149.933,1224.250,429.000,8.8661,17.0000,1.1333,0.2587,5.0241,0.5357,0.3214,0.1429,1.0000,0.0000,4.8763,0.5911,0.8000
3,3,2155,2156,2,1,2,0.7500,2155.569,1125.000,737.690,9.8979,25.0000,1.2931,0.6481,7.3894,0.5333,0.2667,0.2000,0.7071,0.0000,5.6161,1.7735,1.0000
4,3,2158,2159,2,1,2,1.0000,2158.492,857.000,638.542,8.7202,17.0000,1.1525,0.6841,5.0253,0.0000,0.7500,0.2500,0.0000,0.0000,5.0251,1.9214,0.7966
3,3,2160,2161,2,2,1,0.7500,2160.688,851.333,724.000,8.1923,17.0000,1.0625,0.4569,5.0255,0.5333,0.2667,0.2000,0.7071,0.0000,5.0255,1.4781,1.0000
4,3,2165,2166,2,2,1,1.0000,2165.483,903.517,934.000,8.5735,15.0000,1.0345,0.7075,4.4346,0.0000,0.7500,0.2500,1.0000,0.0000,4.7302,2.0695,0.7759
4,3,2168,2169,2,1,2,1.0000,2168.508,972.000,477.542,8.7217,17.0000,1.1525,0.6841,5.0261,0.0000,0.7500,0.2500,0.0000,0.0000,4.7305,1.1826,0.7966
3,3,2169,2171,3,1,1,1.0000,2170.020,1141.000,387.000,8.3642,17.0000,1.0408,0.9796,5.0263,0.8889,0.0000,0.1111,1.0000,0.0000,5.0262,1.6261,1.0000
4,3,2179,2180,2,2,1,1.0000,2179.458,792.508,803.000,8.7229,17.0000,1.1525,0.6841,5.0267,0.0000,0.7500,0.2500,1.0000,0.0000,4.8789,1.4784,0.7966
15,5,2181,2184,4,3,4,0.3125,2182.752,712.881,1234.604,15.4225,19.0000,1.4109,0.6634,5.6183,0.6024,0.1971,0.2004,0.6399,0.6039,3.8441,1.7742,0.4059
3,3,2182,2184,3,1,1,1.0000,2183.000,556.000,686.000,8.3654,17.0000,1.0408,0.0000,5.0269,0.8889,0.0000,0.1111,1.0000,0.0000,5.0269,1.1828,1.0000
3,3,2189,2191,3,1,1,1.0000,2190.000,986.000,471.000,8.0245,17.0000,1.0851,0.0000,5.0272,0.8889,0.0000,0.1111,1.0000,0.0000,4.8794,1.6265,1.0000
4,3,2196,2198,3,1,2,0.6667,2196.900,649.000,528.567,8.8721,17.0000,1.1333,0.9989,5.0275,0.7576,0.1294,0.1129,0.8507,0.0000,5.3232,1.9223,0.8167
3,3,2207,2208,2,2,1,0.7500,2207.348,850.674,674.000,7.8550,16.0000,1.0435,0.7292,4.7323,0.5333,0.2667,0.2000,0.7071,0.0000,5.0280,1.9225,1.0000
4,3,2207,2208,2,2,1,1.0000,2207.526,903.526,520.000,8.4293,15.0000,1.0526,0.7081,4.4365,0.0000,0.7500,0.2500,1.0000,0.0000,4.7322,0.8873,0.7895
4,3,2209,2210,2,2,1,1.0000,2209.467,1088.467,835.000,8.8731,17.0000,1.1333,0.6600,5.0281,0.0000,0.7500,0.2500,1.0000,0.0000,5.0281,1.7746,0.7833
4,3,2212,2213,2,2,1,1.0000,2212.476,996.444,824.000,9.3170,18.0000,1.1429,0.6514,5.3240,0.0000,0.7500,0.2500,1.0000,0.0000,5.0282,1.7747,0.7937
4,3,2226,2227,2,1,2,1.0000,2226.450,804.000,631.433,8.8738,18.0000,1.2000,0.6247,5.3243,0.0000,0.7500,0.2500,0.0000,0.0000,5.1764,1.6269,0.8167
4,3,2230,2231,2,2,1,1.0000,2230.525,763.574,1003.000,9.0215,18.0000,1.1803,0.6759,5.3242,0.0000,0.7500,0.2500,1.0000,0.0000,5.0284,1.6268,0.8197
5,3,2230,2232,3,1,2,0.8333,2231.203,919.000,458.391,9.1273,16.0000,1.1594,0.6416,4.7326,0.5854,0.2927,0.1220,0.9487,0.0000,4.7325,1.7747,0.6667
6,3,2231,2232,2,2,2,0.7500,2231.539,965.348,334.258,10.7470,21.0000,1.4157,0.6327,6.2114,0.2000,0.3333,0.4667,0.0000,0.0000,4.5847,0.8874,0.5843
3,3,2249,2250,2,1,2,0.7500,2249.674,952.000,773.652,7.8516,16.0000,1.0435,0.7292,4.7301,0.5333,0.2667,0.2000,0.7071,0.0000,5.0260,1.7738,1.0000
3,3,2254,2255,2,1,2,0.7500,2254.320,910.000,762.380,8.5323,19.0000,1.1400,0.6977,5.6159,0.5333,0.2667,0.2000,0.7071,0.0000,5.0244,2.0689,1.0000
6,3,2259,2261,3,1,4,0.5000,2259.912,985.000,472.850,9.6498,17.0000,1.2750,1.1533,5.0229,0.8704,0.0790,0.0506,0.4884,0.0000,4.1365,1.1818,0.5875
5,3,2261,2263,3,1,2,0.8333,2261.794,875.000,248.441,8.9841,15.0000,1.1029,0.9710,4.4316,0.5854,0.2927,0.1220,0.9487,0.0000,4.7267,1.1817,0.6618
5,3,2263,2264,2,2,2,0.6250,2263.611,942.833,450.542,9.5113,17.0000,1.1806,0.8334,5.0218,0.3432,0.2505,0.4063,0.6059,0.3645,5.0214,1.6245,0.6806
4,3,2270,2272,3,2,1,0.6667,2270.931,970.534,810.000,8.5617,16.0000,1.1034,1.0409,4.7240,0.7576,0.1294,0.1129,0.8507,0.0000,4.7236,1.6238,0.7931
5,3,2271,2272,2,2,2,0.6250,2271.603,845.644,653.822,9.6378,18.0000,1.2329,0.7224,5.3141,0.3432,0.2505,0.4063,0.6059,0.3645,4.7233,1.1810,0.6712
5,3,2272,2274,3,3,1,0.5556,2273.057,1020.271,565.000,9.2407,16.0000,1.1429,0.2774,4.7230,0.5532,0.3398,0.1070,0.5606,0.0000,4.7226,0.5903,0.6714
3,3,2280,2281,2,2,1,0.7500,2280.673,610.653,873.000,8.3464,17.0000,1.0408,0.7301,5.0154,0.5333,0.2667,0.2000,0.7071,0.0000,5.0157,1.4751,1.0000
4,3,2281,2282,2,2,1,1.0000,2281.547,612.531,412.000,9.4404,19.0000,1.1875,0.6520,5.6051,0.0000,0.7500,0.2500,1.0000,0.0000,4.8677,1.4750,0.7812
3,3,2281,2283,3,1,1,1.0000,2281.964,1086.000,772.000,9.3676,21.0000,1.1455,0.0364,6.1951,0.8889,0.0000,0.1111,1.0000,0.0000,5.6054,0.8851,1.0000
4,3,2282,2283,2,1,2,1.0000,2282.448,511.000,344.534,8.5549,16.0000,1.1034,0.6976,4.7201,0.0000,0.7500,0.2500,0.0000,0.0000,4.8674,1.4750,0.8103
3,3,2282,2283,2,2,1,0.7500,2282.635,975.673,812.000,8.8563,19.0000,1.0962,0.7139,5.6051,0.5333,0.2667,0.2000,0.7071,0.0000,5.3098,1.6224,1.0000
4,3,2285,2287,3,1,2,0.6667,2286.034,1002.000,531.517,8.5532,15.0000,1.0345,0.5184,4.4241,0.7576,0.1294,0.1129,0.8507,0.0000,4.7189,1.4747,0.7759
3,3,2287,2289,3,1,1,1.0000,2287.963,1008.000,625.000,9.1944,22.0000,1.2222,0.0370,6.4880,0.8889,0.0000,0.1111,1.0000,0.0000,5.3086,0.8848,1.0000
5,3,2294,2295,2,1,3,0.8333,2294.618,925.000,780.750,10.0213,18.0000,1.1842,0.8415,5.3072,0.5854,0.2927,0.1220,0.3162,0.0000,5.0125,2.0639,0.6711
5,3,2296,2298,3,2,2,0.4167,2296.929,1117.543,957.157,9.2298,16.0000,1.1429,1.0870,4.7174,0.5461,0.2256,0.2283,0.8117,0.4177,5.0122,0.8845,0.6857
6,3,2298,2300,3,2,2,0.5000,2298.770,986.874,464.322,10.4717,19.0000,1.3103,0.4152,5.6018,0.5230,0.1584,0.3185,0.9225,0.0898,4.5699,1.4742,0.5977
3,3,2299,2301,3,1,1,1.0000,2299.980,682.000,570.000,8.3408,18.0000,1.1020,0.0204,5.3070,0.8889,0.0000,0.1111,1.0000,0.0000,5.0121,1.6216,1.0000
4,3,2301,2303,3,2,1,0.6667,2301.968,860.810,548.000,9.2873,19.0000,1.2063,0.1931,5.6019,0.5357,0.3214,0.1429,1.0000,0.0000,5.3070,0.5897,0.8095
4,3,2307,2308,2,1,3,0.6667,2307.754,1077.000,798.066,8.9935,17.0000,1.1148,0.9662,5.0128,0.5357,0.3214,0.1429,0.0000,0.0000,5.1602,2.0641,0.7869
4,3,2312,2313,2,2,1,1.0000,2312.444,1149.460,621.000,9.2901,19.0000,1.2063,0.6399,5.6035,0.0000,0.7500,0.2500,1.0000,0.0000,4.8663,1.1797,0.7937
3,3,2318,2320,3,1,1,1.0000,2318.959,1058.000,707.000,8.3465,17.0000,1.0408,0.9592,5.0156,0.8889,0.0000,0.1111,1.0000,0.0000,4.7202,0.4425,1.0000
5,3,2324,2326,3,1,3,0.5556,2324.859,867.000,238.746,9.3718,16.0000,1.1268,0.2900,4.7225,0.8123,0.1108,0.0769,0.7071,0.0000,4.7225,1.1806,0.6479
3,3,2324,2325,2,1,2,0.7500,2324.346,1012.000,772.308,8.8608,18.0000,1.0385,0.4631,5.3128,0.5333,0.2667,0.2000,0.7071,0.0000,5.3124,1.9186,1.0000
4,3,2325,2327,3,2,1,0.6667,2326.033,1261.279,851.000,9.0029,17.0000,1.1148,0.7221,5.0180,0.5357,0.3214,0.1429,1.0000,0.0000,4.8706,1.4758,0.7869
7,3,2347,2349,3,3,3,0.2593,2347.939,891.969,712.031,10.9495,17.0000,1.2143,0.0750,5.0254,0.5561,0.2124,0.2315,0.8507,0.5257,4.7295,1.4781,0.4898
3,3,2350,2351,2,2,1,0.7500,2350.673,1108.327,467.000,8.8760,18.0000,1.0385,0.4623,5.3217,0.5333,0.2667,0.2000,0.7071,0.0000,5.3217,1.1826,1.0000
4,3,2356,2357,2,2,1,1.0000,2356.582,890.463,568.000,9.9063,21.0000,1.2537,0.6235,6.2100,0.0000,0.7500,0.2500,1.0000,0.0000,5.1749,0.8872,0.8060
4,3,2358,2360,3,2,1,0.6667,2358.952,798.468,498.000,9.1676,17.0000,1.0968,0.4702,5.0274,0.7576,0.1294,0.1129,0.8507,0.0000,5.1752,1.7744,0.7903
3,3,2374,2375,2,2,1,0.7500,2374.681,1045.362,1002.000,8.0263,17.0000,1.0851,0.7136,5.0284,0.5333,0.2667,0.2000,0.7071,0.0000,4.7326,0.8874,1.0000
4,3,2377,2378,2,3,1,0.6667,2377.466,690.914,977.000,8.5779,16.0000,1.1034,1.0255,4.7326,0.7576,0.1294,0.1129,0.5257,0.0000,5.1763,1.4789,0.8103
3,3,2380,2381,2,2,1,0.7500,2380.647,996.294,813.000,8.7096,18.0000,1.0588,0.7108,5.3243,0.5333,0.2667,0.2000,0.7071,0.0000,5.6201,1.1832,1.0000
4,3,2381,2383,3,1,2,0.6667,2382.345,519.000,892.724,8.5782,16.0000,1.1034,0.4416,4.7328,0.7500,0.1500,0.1000,0.9487,0.0000,4.8807,0.8874,0.8103
7,3,2381,2382,2,1,4,0.8750,2381.549,1037.000,688.647,11.4037,18.0000,1.2353,0.6527,5.3243,0.7331,0.1952,0.0717,0.1452,0.0000,5.0286,2.3664,0.6569
4,3,2382,2383,2,2,1,1.0000,2382.467,988.433,951.000,8.8740,17.0000,1.1333,0.6368,5.0286,0.0000,0.7500,0.2500,1.0000,0.0000,5.1765,1.3311,0.8167
4,3,2384,2385,2,2,1,1.0000,2384.557,827.557,914.000,9.0220,18.0000,1.1803,0.6260,5.3245,0.0000,0.7500,0.2500,1.0000,0.0000,5.3245,1.4790,0.8197
4,3,2386,2387,2,2,1,1.0000,2386.540,1000.460,753.000,9.3181,18.0000,1.1429,0.6510,5.3246,0.0000,0.7500,0.2500,1.0000,0.0000,5.0288,1.1833,0.7937
4,3,2388,2389,2,2,1,1.0000,2388.524,999.413,496.000,9.3183,19.0000,1.2063,0.6669,5.6205,0.0000,0.7500,0.2500,1.0000,0.0000,5.4727,1.4791,0.8254
3,3,2394,2396,3,1,1,1.0000,2394.979,826.000,978.000,8.1991,17.0000,1.0625,0.0208,5.0296,0.8889,0.0000,0.1111,1.0000,0.0000,5.0295,1.4793,1.0000
4,3,2394,2395,2,2,2,0.5000,2394.536,975.196,1150.268,8.2840,15.0000,1.0714,0.6303,4.4379,0.5916,0.1015,0.3069,0.7071,0.7071,4.1420,0.8876,0.8036
3,3,2397,2398,2,2,1,0.7500,2397.333,1290.667,478.000,7.6872,15.0000,1.0000,0.7454,4.4383,0.5333,0.2667,0.2000,0.7071,0.0000,4.7341,1.7753,1.0000
4,3,2400,2401,2,1,2,1.0000,2400.463,623.000,880.478,9.9131,19.0000,1.1343,0.6978,5.6223,0.0000,0.7500,0.2500,0.0000,0.0000,5.4744,1.4796,0.8060
3,3,2402,2403,2,2,1,0.7500,2402.667,1253.333,910.000,7.6888,15.0000,1.0000,0.7454,4.4392,0.5333,0.2667,0.2000,0.7071,0.0000,4.1433,0.5919,1.0000
6,4,2407,2408,2,2,2,0.7500,2407.656,788.531,931.677,11.6013,18.0000,1.1250,0.6650,5.3284,0.2000,0.3333,0.4667,0.7071,0.7071,5.4760,1.3321,0.7083
4,3,2413,2414,2,2,1,1.0000,2413.534,823.483,868.000,8.5874,16.0000,1.1034,0.6959,4.7380,0.0000,0.7500,0.2500,1.0000,0.0000,4.7378,1.0363,0.7931
4,3,2415,2416,2,1,2,1.0000,2415.565,1015.000,647.548,9.1808,18.0000,1.1613,0.6274,5.3310,0.0000,0.7500,0.2500,0.0000,0.0000,4.5904,1.4807,0.8226
3,3,2417,2418,2,2,1,0.7500,2417.326,803.326,896.000,7.8663,16.0000,1.0435,0.4612,4.7390,0.5333,0.2667,0.2000,0.7071,0.0000,4.7393,1.6291,1.0000
3,3,2421,2423,3,1,1,1.0000,2422.057,833.000,959.000,9.0664,20.0000,1.1321,0.9434,5.9262,0.8889,0.0000,0.1111,1.0000,0.0000,5.4810,2.0739,1.0000
5,3,2441,2443,3,2,1,0.8333,2442.269,754.372,869.000,10.3494,20.0000,1.2821,0.4590,5.9338,0.5854,0.2927,0.1220,0.9487,0.0000,5.0440,1.4834,0.6795
6,3,2455,2456,2,3,2,0.5000,2455.313,790.976,865.723,10.0585,17.0000,1.2289,0.4189,5.0463,0.1333,0.2667,0.6000,0.0000,0.7071,4.4527,1.7811,0.5663
4,3,2456,2457,2,1,2,1.0000,2456.523,659.000,1050.554,9.6477,18.0000,1.1077,0.6875,5.3434,0.0000,0.7500,0.2500,0.0000,0.0000,5.6402,2.0779,0.8000
8,3,2458,2460,3,3,2,0.4444,2459.215,670.168,1033.794,11.2306,17.0000,1.2710,0.3417,5.0468,0.3086,0.2813,0.4101,0.8447,0.2974,3.7109,0.8906,0.4393
3,3,2459,2459,1,2,2,0.7500,2459.000,826.688,641.354,8.2271,17.0000,1.0625,0.7175,5.0468,0.5333,0.2667,0.2000,0.0000,1.0000,5.0468,2.0780,1.0000
3,3,2468,2469,2,1,2,0.7500,2468.326,1141.000,816.652,7.8848,16.0000,1.0435,0.7292,4.7502,0.5333,0.2667,0.2000,0.7071,0.0000,5.0471,1.0391,1.0000
3,3,2470,2472,3,1,1,1.0000,2471.022,657.000,1009.000,7.8848,16.0000,1.0435,0.9783,4.7502,0.8889,0.0000,0.1111,1.0000,0.0000,4.7502,0.8907,1.0000
5,3,2470,2471,2,2,2,0.6250,2470.614,1105.843,816.543,9.2941,17.0000,1.2143,0.6842,5.0471,0.3432,0.2505,0.4063,0.6059,0.3645,4.7502,1.0391,0.6714
7,3,2473,2475,3,3,2,0.3889,2474.113,893.500,740.302,11.8944,20.0000,1.3208,0.5949,5.9377,0.6205,0.1217,0.2578,0.5658,0.0593,4.7502,1.6329,0.5094
4,3,2488,2489,2,1,3,0.6667,2488.741,620.000,475.672,8.6084,17.0000,1.1724,0.4174,5.0463,0.7500,0.1500,0.1000,0.3162,0.0000,4.7495,1.0389,0.8103
6,4,2490,2491,2,2,2,0.7500,2490.500,870.689,995.689,10.9064,17.0000,1.1333,0.6660,5.0462,0.2000,0.3333,0.4667,0.0000,0.0000,4.7494,0.5937,0.7111
4,3,2517,2520,4,1,1,1.0000,2518.585,796.000,943.000,9.6472,20.0000,1.2308,0.5846,5.9367,0.9375,0.0000,0.0625,1.0000,0.0000,5.4915,1.7810,0.8154
5,3,2517,2518,2,2,2,0.6250,2517.620,1071.155,782.408,9.4251,18.0000,1.2676,0.7201,5.3430,0.3432,0.2505,0.4063,0.6059,0.3645,5.0462,1.7810,0.6901
3,3,2517,2518,2,2,1,0.7500,2517.333,1143.333,1025.000,8.7402,17.0000,1.0000,0.4714,5.0462,0.5333,0.2667,0.2000,0.7071,0.0000,5.3430,0.8905,1.0000
3,3,2518,2519,2,2,1,0.7500,2518.326,1247.348,724.000,7.8834,16.0000,1.0435,0.7292,4.7493,0.5333,0.2667,0.2000,0.7071,0.0000,4.7494,1.1873,1.0000
4,3,2522,2524,3,1,2,0.6667,2523.000,964.000,851.818,9.7961,24.0000,1.4545,0.1818,7.1244,0.5357,0.3214,0.1429,1.0000,0.0000,5.0465,1.1874,0.8182
4,3,2528,2529,2,1,2,1.0000,2528.500,859.000,808.565,9.2030,19.0000,1.2258,0.6631,5.6406,0.0000,0.7500,0.2500,0.0000,0.0000,4.8983,1.0391,0.8065
5,3,2529,2530,2,2,2,0.6250,2529.164,1079.438,784.562,9.6920,17.0000,1.1644,0.8111,5.0469,0.3432,0.2505,0.4063,0.5155,0.8569,5.3437,1.4844,0.6438
3,3,2530,2532,3,1,1,1.0000,2531.000,1100.000,726.000,7.8847,16.0000,1.0435,0.0000,4.7501,0.8889,0.0000,0.1111,1.0000,0.0000,4.7502,1.6328,1.0000
4,3,2533,2534,2,2,2,0.5000,2533.737,989.474,769.789,8.4615,15.0000,1.0526,0.9009,4.4535,0.5916,0.1015,0.3069,0.5000,0.5000,5.0472,1.1876,0.7895
3,3,2538,2539,2,2,1,0.7500,2538.312,700.646,374.000,8.2284,17.0000,1.0625,0.7175,5.0476,0.5333,0.2667,0.2000,0.7071,0.0000,5.3445,1.3361,1.0000
3,3,2544,2545,2,1,2,0.7500,2544.326,626.000,1075.326,7.8864,16.0000,1.0435,0.4612,4.7511,0.5333,0.2667,0.2000,0.7071,0.0000,4.7512,1.3363,1.0000
4,3,2548,2549,2,2,1,1.0000,2548.524,429.508,512.000,9.3545,18.0000,1.1429,0.6962,5.3455,0.0000,0.7500,0.2500,1.0000,0.0000,5.3454,1.7818,0.7937
5,3,2550,2551,2,2,2,0.6250,2550.205,592.385,913.679,10.3593,21.0000,1.3462,0.5410,6.2365,0.3432,0.2505,0.4063,0.5155,0.8569,5.3455,1.4849,0.6795
4,3,2565,2566,2,2,1,1.0000,2565.467,1269.467,666.000,8.9113,17.0000,1.1333,0.6600,5.0497,0.0000,0.7500,0.2500,1.0000,0.0000,5.0497,1.6337,0.7833
4,3,2567,2568,2,2,1,1.0000,2567.526,619.456,575.000,8.4659,16.0000,1.1228,0.6965,4.7528,0.0000,0.7500,0.2500,1.0000,0.0000,4.7528,1.4853,0.8070
3,3,2572,2573,2,1,2,0.7500,2572.340,913.000,963.660,8.0610,16.0000,1.0213,0.7422,4.7531,0.5333,0.2667,0.2000,0.7071,0.0000,5.0501,1.7824,1.0000
7,3,2576,2578,3,2,2,0.5833,2577.387,1119.763,710.559,10.4426,16.0000,1.2043,0.6326,4.7533,0.5694,0.1270,0.3036,0.8963,0.4170,4.1591,1.7825,0.4946
4,3,2583,2584,2,1,3,0.6667,2583.721,1014.000,998.074,10.1011,22.0000,1.2941,0.2889,6.5360,0.5357,0.3214,0.1429,0.0000,0.0000,5.7933,2.3767,0.8382
7,3,2585,2587,3,2,2,0.5833,2585.700,943.440,841.750,11.2291,16.0000,1.1200,0.8638,4.7535,0.4600,0.2645,0.2756,0.8571,0.1000,4.7535,1.4855,0.4700
3,3,2588,2589,2,1,2,0.7500,2588.667,785.000,869.667,7.7188,15.0000,1.0000,0.7454,4.4564,0.5333,0.2667,0.2000,0.7071,0.0000,4.7535,1.7826,1.0000
4,3,2603,2604,2,2,1,1.0000,2603.475,723.525,419.000,8.7637,16.0000,1.0847,0.6712,4.7532,0.0000,0.7500,0.2500,1.0000,0.0000,4.1590,1.0398,0.7797
3,3,2608,2609,2,1,2,0.7500,2608.667,1012.000,880.667,7.7177,15.0000,1.0000,0.7454,4.4558,0.5333,0.2667,0.2000,0.7071,0.0000,5.0499,1.7824,1.0000
3,3,2616,2618,3,1,1,1.0000,2617.000,815.000,770.000,8.0595,16.0000,1.0213,1.0000,4.7522,0.8889,0.0000,0.1111,1.0000,0.0000,5.0490,1.3365,1.0000
4,3,2618,2619,2,2,1,1.0000,2618.545,770.455,980.000,9.8010,18.0000,1.0909,0.7100,5.3460,0.0000,0.7500,0.2500,1.0000,0.0000,5.9399,2.0790,0.8182
4,3,2623,2625,3,1,2,0.6667,2624.083,497.000,845.250,8.9089,18.0000,1.2000,0.2635,5.3453,0.5357,0.3214,0.1429,1.0000,0.0000,5.1968,1.4848,0.8167
7,3,2625,2627,3,2,3,0.3889,2625.823,538.396,743.781,10.7747,16.0000,1.1667,0.6665,4.7512,0.3286,0.4589,0.2125,0.5428,0.4748,4.7513,1.7817,0.4792
4,3,2625,2626,2,1,2,1.0000,2625.500,556.000,986.483,8.9086,16.0000,1.0667,0.6954,4.7513,0.0000,0.7500,0.2500,0.0000,0.0000,5.0481,1.7817,0.7667
3,3,2642,2644,3,1,1,1.0000,2643.022,729.000,926.000,7.8832,16.0000,1.0435,0.9783,4.7492,0.8889,0.0000,0.1111,1.0000,0.0000,4.1557,1.4841,1.0000
6,3,2645,2647,3,2,1,1.0000,2646.059,1033.447,864.000,10.2996,19.0000,1.3412,0.4509,5.6394,0.5556,0.3333,0.1111,1.0000,0.0000,4.0070,0.7420,0.6000
6,3,2646,2648,3,2,2,0.5000,2646.814,727.326,922.698,10.4206,17.0000,1.1860,0.4817,5.0457,0.6381,0.1455,0.2164,0.8019,0.3768,4.7489,0.8904,0.7326
3,3,2649,2650,2,1,2,0.7500,2649.347,992.000,938.327,8.3962,17.0000,1.0408,0.7301,5.0453,0.5333,0.2667,0.2000,0.7071,0.0000,5.0454,1.4840,1.0000
3,3,2657,2659,3,1,1,1.0000,2657.961,931.000,1064.000,8.7375,18.0000,1.0588,0.9608,5.3414,0.8889,0.0000,0.1111,1.0000,0.0000,5.3413,1.1870,1.0000
3,3,2664,2665,2,1,2,0.7500,2664.340,485.000,1162.680,8.5653,17.0000,1.0200,0.4669,5.0441,0.5333,0.2667,0.2000,0.7071,0.0000,5.3408,1.4836,1.0000
3,3,2664,2664,1,2,2,0.7500,2664.000,833.333,1076.667,8.7367,17.0000,1.0000,0.7454,5.0441,0.5333,0.2667,0.2000,0.0000,1.0000,5.3408,2.3737,1.0000
5,3,2669,2671,3,2,1,0.8333,2670.211,1114.421,888.000,10.0840,19.0000,1.2500,0.6160,5.6371,0.5854,0.2927,0.1220,0.9487,0.0000,4.7470,1.7801,0.6711
4,3,2686,2687,2,2,1,1.0000,2686.460,848.460,890.000,9.3448,18.0000,1.1429,0.6510,5.3399,0.0000,0.7500,0.2500,1.0000,0.0000,5.0432,1.3350,0.7937
5,4,2689,2691,3,2,2,0.4167,2689.831,687.208,1168.169,10.2156,16.0000,1.0390,0.8732,4.7466,0.6489,0.0995,0.2515,0.9362,0.2726,5.3399,1.7800,0.8312
9,3,2689,2691,3,3,2,0.5000,2690.220,787.212,982.610,11.6686,16.0000,1.2203,0.9065,4.7466,0.2886,0.3885,0.3229,0.1283,0.4284,4.4499,1.1866,0.3898
5,4,2690,2692,3,2,1,0.8333,2691.253,1039.587,871.000,9.9503,16.0000,1.0667,0.9496,4.7466,0.5854,0.2927,0.1220,0.9487,0.0000,4.7466,0.8900,0.8267
5,3,2691,2692,2,2,2,0.6250,2691.548,539.849,724.589,9.6850,17.0000,1.1644,0.7013,5.0432,0.3432,0.2505,0.4063,0.6059,0.3645,4.7466,0.5933,0.6575
6,3,2693,2695,3,3,2,0.3333,2694.000,871.667,873.357,10.1734,19.0000,1.3571,0.7241,5.6366,0.4767,0.3371,0.1862,0.0000,0.0000,4.3016,1.7800,0.5833
4,3,2698,2699,2,1,3,0.6667,2698.534,460.000,1025.069,8.6035,16.0000,1.1034,1.0409,4.7468,0.7576,0.1294,0.1129,0.5257,0.0000,4.4501,1.1867,0.7931
3,3,2701,2702,2,1,2,0.7500,2701.333,874.000,635.333,8.2218,16.0000,1.0000,0.4714,4.7469,0.5333,0.2667,0.2000,0.7071,0.0000,5.0435,1.4834,1.0000
3,3,2701,2703,3,1,1,1.0000,2702.000,1167.000,920.000,8.0506,16.0000,1.0213,1.0000,4.7470,0.8889,0.0000,0.1111,1.0000,0.0000,5.3402,2.0768,1.0000
3,3,2707,2708,2,2,1,0.7500,2707.326,520.348,890.000,7.8798,16.0000,1.0435,0.7292,4.7472,0.5333,0.2667,0.2000,0.7071,0.0000,4.1539,0.8901,1.0000
6,3,2711,2713,3,2,1,1.0000,2711.943,839.511,1049.000,10.6600,19.0000,1.2955,0.5145,5.6377,0.5556,0.3333,0.1111,1.0000,0.0000,4.8959,1.3353,0.5795
6,3,2712,2713,2,2,3,0.5000,2712.423,636.141,1069.718,9.4487,15.0000,1.1538,0.8452,4.4508,0.6373,0.1269,0.2358,0.4046,0.4063,4.1541,1.1869,0.5769
4,3,2716,2717,2,2,1,1.0000,2716.517,895.500,551.000,8.9023,16.0000,1.0667,0.6954,4.7480,0.0000,0.7500,0.2500,1.0000,0.0000,5.0447,1.7804,0.7667
4,3,2719,2720,2,2,2,0.5000,2719.724,732.207,957.534,8.6061,16.0000,1.1034,0.8854,4.7481,0.5916,0.1015,0.3069,0.5000,0.5000,5.0450,1.6322,0.7931
3,3,2723,2724,2,1,2,0.7500,2723.688,896.000,1068.688,8.2247,18.0000,1.1250,0.4419,5.3421,0.5333,0.2667,0.2000,0.7071,0.0000,4.1550,0.5936,1.0000
4,3,2725,2726,2,2,1,1.0000,2725.467,794.517,810.000,8.9038,16.0000,1.0667,0.6962,4.7486,0.0000,0.7500,0.2500,1.0000,0.0000,4.8971,1.0388,0.7833
6,3,2729,2731,3,2,2,0.5000,2729.965,758.663,820.849,10.4210,18.0000,1.2558,0.3712,5.3427,0.7074,0.0897,0.2030,0.9140,0.2540,4.6006,1.7809,0.5581
6,3,2733,2734,2,2,3,0.5000,2733.488,501.128,812.326,10.4215,18.0000,1.2558,0.6007,5.3429,0.6373,0.1269,0.2358,0.4046,0.4063,4.0072,0.5936,0.5698
3,3,2734,2735,2,2,1,0.7500,2734.674,1082.326,956.000,7.8834,16.0000,1.0435,0.4612,4.7494,0.5333,0.2667,0.2000,0.7071,0.0000,4.7494,0.8905,1.0000
5,4,2738,2740,3,2,1,0.8333,2738.827,362.427,757.000,9.9566,16.0000,1.0667,1.0060,4.7496,0.5854,0.2927,0.1220,0.9487,0.0000,5.0464,1.4843,0.8400
3,3,2749,2751,3,1,1,1.0000,2750.042,772.000,827.000,8.2269,17.0000,1.0625,0.9583,5.0466,0.8889,0.0000,0.1111,1.0000,0.0000,5.0467,0.8906,1.0000
3,3,2749,2750,2,1,2,0.7500,2749.618,787.000,1172.709,9.4266,21.0000,1.1455,0.6832,6.2341,0.5333,0.2667,0.2000,0.7071,0.0000,5.9372,1.7812,1.0000
3,3,2769,2770,2,1,2,0.7500,2769.674,459.000,858.652,7.8824,16.0000,1.0435,0.7292,4.7488,0.5333,0.2667,0.2000,0.7071,0.0000,5.0456,1.7808,1.0000
3,3,2771,2772,2,1,2,0.7500,2771.340,918.000,1051.319,8.0535,16.0000,1.0213,0.4666,4.7487,0.5333,0.2667,0.2000,0.7071,0.0000,5.0454,1.1872,1.0000
3,3,2775,2776,2,1,2,0.7500,2775.367,820.000,897.673,8.3957,18.0000,1.1020,0.7119,5.3418,0.5333,0.2667,0.2000,0.7071,0.0000,5.0451,1.7806,1.0000
5,3,2781,2783,3,2,1,0.8333,2782.239,825.437,538.000,9.4221,16.0000,1.1268,0.4980,4.7478,0.5854,0.2927,0.1220,0.9487,0.0000,4.7478,1.1870,0.6620
4,3,2781,2782,2,2,1,1.0000,2781.517,1104.534,402.000,8.6055,16.0000,1.1034,0.6959,4.7479,0.0000,0.7500,0.2500,1.0000,0.0000,5.0446,1.1870,0.7931
6,3,2784,2785,2,3,2,0.5000,2784.690,1063.988,799.869,10.1758,16.0000,1.1429,1.0437,4.7477,0.5556,0.1852,0.2593,0.0000,0.4472,5.0444,2.0771,0.5595
8,4,2786,2788,3,4,2,0.3333,2787.145,906.239,838.274,12.2742,18.0000,1.2308,0.3914,5.3410,0.3949,0.3171,0.2881,0.1291,0.3853,4.3025,1.0385,0.5641
4,3,2794,2795,2,1,2,1.0000,2794.474,613.000,1031.526,8.4564,15.0000,1.0526,0.7081,4.4507,0.0000,0.7500,0.2500,0.0000,0.0000,5.0442,1.7803,0.7895
4,4,2798,2799,2,1,3,0.6667,2798.500,449.000,670.000,8.9016,15.0000,1.0000,1.1180,4.4508,0.7576,0.1294,0.1129,0.5257,0.0000,4.7475,1.9287,1.0000
3,3,2798,2799,2,2,1,0.7500,2798.681,693.638,956.000,8.0517,17.0000,1.0851,0.7136,5.0443,0.5333,0.2667,0.2000,0.7071,0.0000,4.7476,1.9287,1.0000
6,3,2807,2809,3,2,2,0.5000,2808.205,723.855,1058.651,10.0558,16.0000,1.1566,0.6972,4.7482,0.5230,0.1584,0.3185,0.9225,0.0898,4.4516,1.4839,0.5663
5,3,2819,2821,3,2,1,0.8333,2820.250,772.583,567.000,9.5591,16.0000,1.1111,0.6346,4.7499,0.5854,0.2927,0.1220,0.9487,0.0000,4.7501,1.4843,0.6528
4,3,2837,2838,2,1,2,1.0000,2837.571,777.000,1046.556,9.3581,19.0000,1.2063,0.6174,5.6447,0.0000,0.7500,0.2500,0.0000,0.0000,5.1989,0.8913,0.8254
8,3,2844,2847,4,4,2,0.2500,2845.897,673.533,930.832,11.2426,18.0000,1.3458,1.4805,5.3496,0.8064,0.1060,0.0876,0.6947,0.2989,3.8635,1.4859,0.4579
3,3,2844,2845,2,1,2,0.7500,2844.319,885.000,1161.681,8.0638,17.0000,1.0851,0.4513,5.0518,0.5333,0.2667,0.2000,0.7071,0.0000,4.7548,2.0801,1.0000
4,3,2852,2853,2,2,1,1.0000,2852.530,754.576,511.000,9.8096,19.0000,1.1515,0.6791,5.6481,0.0000,0.7500,0.2500,1.0000,0.0000,5.4993,1.7835,0.8182
7,3,2854,2855,2,2,3,0.5833,2854.596,790.242,1054.303,11.1239,20.0000,1.4141,0.5602,5.9457,0.4600,0.2645,0.2756,0.4286,0.6826,4.7564,1.7837,0.5051
3,3,2860,2861,2,1,2,0.7500,2860.288,687.000,1285.308,8.9268,21.0000,1.2115,0.4218,6.2441,0.5333,0.2667,0.2000,0.7071,0.0000,5.0547,1.1893,1.0000
6,3,2860,2861,2,2,3,0.5000,2860.607,919.667,951.571,10.1967,17.0000,1.2143,0.9984,5.0547,0.6854,0.0214,0.2932,0.3377,0.6213,4.7574,1.7841,0.5833
5,3,2861,2863,3,1,2,0.8333,2862.267,486.000,1015.413,9.9736,17.0000,1.1333,0.9391,5.0552,0.5854,0.2927,0.1220,0.9487,0.0000,4.7577,1.4868,0.6400
3,3,2879,2880,2,1,2,0.7500,2879.320,446.000,1055.620,8.5869,19.0000,1.1400,0.6977,5.6517,0.5333,0.2667,0.2000,0.7071,0.0000,5.0568,1.4873,1.0000
5,3,2879,2881,3,1,2,0.8333,2880.205,693.000,1277.589,9.7111,19.0000,1.3014,0.6239,5.6517,0.5854,0.2927,0.1220,0.9487,0.0000,4.7594,1.1898,0.6986
4,3,2882,2883,2,2,2,0.5000,2882.186,527.288,874.271,8.7752,17.0000,1.1525,0.7843,5.0569,0.0000,0.5625,0.4375,0.4459,0.5774,5.2056,2.0822,0.8136
4,3,2883,2885,3,1,2,0.6667,2883.969,542.000,1087.812,9.5189,19.0000,1.1875,0.9867,5.6518,0.5357,0.3214,0.1429,1.0000,0.0000,5.2057,1.1899,0.8125
4,3,2896,2898,3,1,2,0.6667,2897.190,521.000,1023.810,8.6254,17.0000,1.1724,0.2682,5.0563,0.7500,0.1500,0.1000,0.9487,0.0000,4.7589,1.6358,0.8103
4,3,2901,2902,2,2,2,0.5000,2901.273,757.227,925.788,9.8141,19.0000,1.1515,0.4136,5.6506,0.0000,0.5625,0.4375,0.4459,0.5774,5.5018,1.6357,0.7879
4,3,2901,2902,2,2,2,0.5000,2901.193,980.263,993.474,8.4758,16.0000,1.1228,0.6193,4.7584,0.5916,0.1015,0.3069,0.5000,0.5000,4.4610,1.3383,0.8070
4,3,2903,2905,3,1,2,0.6667,2903.929,935.000,829.536,8.3264,15.0000,1.0714,1.0382,4.4607,0.7576,0.1294,0.1129,0.8507,0.0000,4.7579,0.5948,0.8036
5,3,2904,2905,2,1,3,0.8333,2904.551,908.000,594.203,9.1760,16.0000,1.1594,0.5869,4.7579,0.5854,0.2927,0.1220,0.3162,0.0000,4.7577,1.7842,0.6667
3,3,2909,2910,2,1,2,0.7500,2909.348,617.000,925.674,7.8959,16.0000,1.0435,0.7292,4.7568,0.5333,0.2667,0.2000,0.7071,0.0000,4.7570,1.4866,1.0000
3,3,2910,2911,2,2,1,0.7500,2910.680,927.340,584.000,8.5820,17.0000,1.0200,0.4669,5.0538,0.5333,0.2667,0.2000,0.7071,0.0000,4.7565,1.0405,1.0000
4,3,2913,2914,2,1,2,1.0000,2913.517,989.000,1128.483,8.9174,16.0000,1.0667,0.6835,4.7558,0.0000,0.7500,0.2500,0.0000,0.0000,4.7560,1.7834,0.7667
4,3,2915,2917,3,2,1,0.6667,2915.934,360.738,823.000,9.0649,19.0000,1.2459,0.2704,5.6470,0.5357,0.3214,0.1429,1.0000,0.0000,4.9041,1.1888,0.8197
3,3,2920,2922,3,1,1,1.0000,2921.021,616.000,843.000,8.0626,16.0000,1.0213,0.0213,4.7540,0.8889,0.0000,0.1111,1.0000,0.0000,4.4566,1.1886,1.0000
3,3,2920,2921,2,1,2,0.7500,2920.686,897.000,1175.706,8.7490,20.0000,1.1765,0.4300,5.9425,0.5333,0.2667,0.2000,0.7071,0.0000,5.0514,0.8914,1.0000
5,3,2927,2929,3,1,2,0.8333,2927.886,1042.000,665.614,9.2978,16.0000,1.1429,1.1792,4.7518,0.5854,0.2927,0.1220,0.9487,0.0000,4.7521,0.8910,0.6571
4,3,2934,2935,2,1,2,1.0000,2934.466,523.000,857.552,8.6099,16.0000,1.1034,0.6463,4.7504,0.0000,0.7500,0.2500,0.0000,0.0000,5.1956,1.4845,0.8103
4,3,2936,2937,2,1,2,1.0000,2936.534,1075.000,1047.448,8.6089,16.0000,1.1034,0.6976,4.7499,0.0000,0.7500,0.2500,0.0000,0.0000,4.8981,0.8907,0.8103
4,3,2937,2939,3,2,1,0.6667,2938.339,1099.732,828.000,8.3113,15.0000,1.0714,0.4323,4.4526,0.7500,0.1500,0.1000,0.9487,0.0000,4.7492,0.7421,0.8036
3,3,2942,2943,2,2,1,0.7500,2942.674,567.652,856.000,7.8816,16.0000,1.0435,0.7292,4.7482,0.5333,0.2667,0.2000,0.7071,0.0000,4.7484,1.3354,1.0000
4,3,2945,2947,3,1,2,0.6667,2945.966,410.000,1051.525,8.7534,16.0000,1.0847,0.4758,4.7476,0.7576,0.1294,0.1129,0.8507,0.0000,4.7477,0.0000,0.7797
3,3,2948,2949,2,1,2,0.7500,2948.300,787.000,698.660,8.5649,18.0000,1.0800,0.4534,5.3406,0.5333,0.2667,0.2000,0.7071,0.0000,5.6372,1.1868,1.0000
5,3,2951,2952,2,2,2,0.6250,2951.421,357.842,1020.553,10.0830,18.0000,1.1842,0.8158,5.3398,0.3432,0.2505,0.4063,0.6059,0.3645,5.0433,0.5934,0.6579
5,3,2958,2960,3,2,2,0.4167,2959.039,576.197,958.211,10.0809,17.0000,1.1184,0.2913,5.0422,0.7958,0.0325,0.1718,0.9294,0.3690,5.0421,2.0761,0.8421
5,3,2959,2961,3,2,1,0.8333,2960.229,633.443,1091.000,9.2848,16.0000,1.1429,0.9516,4.7454,0.5854,0.2927,0.1220,0.9487,0.0000,4.7455,1.4829,0.6571
8,3,2965,2966,2,2,3,0.6667,2965.550,851.315,845.333,11.6386,20.0000,1.4414,0.6430,5.9313,0.4716,0.1249,0.4035,0.2642,0.5134,4.4485,1.6311,0.4505
5,3,2970,2971,2,2,2,0.6250,2970.691,750.222,990.346,10.7424,21.0000,1.2963,0.5139,6.2276,0.3432,0.2505,0.4063,0.6059,0.3645,5.6345,2.5207,0.6914
4,3,2985,2987,3,1,2,0.6667,2985.947,953.000,1245.526,8.4520,15.0000,1.0526,1.0592,4.4484,0.7576,0.1294,0.1129,0.8507,0.0000,4.7450,1.4828,0.7895
3,3,2993,2994,2,2,1,0.7500,2993.688,567.333,531.000,8.2192,17.0000,1.0625,0.4569,5.0420,0.5333,0.2667,0.2000,0.7071,0.0000,5.3385,1.7795,1.0000
5,3,2998,3000,3,1,2,0.8333,2998.914,500.000,650.629,9.2853,17.0000,1.2143,0.3812,5.0423,0.5854,0.2927,0.1220,0.9487,0.0000,5.0423,1.7796,0.6857
4,3,3000,3002,3,2,1,0.6667,3001.309,814.765,644.000,10.0851,21.0000,1.2353,0.3882,6.2290,0.7500,0.1500,0.1000,0.9487,0.0000,5.3392,1.1865,0.8088
4,3,3001,3002,2,1,2,1.0000,3001.508,845.000,373.475,8.7503,16.0000,1.0847,0.6955,4.7459,0.0000,0.7500,0.2500,0.0000,0.0000,4.7460,1.7797,0.7797
4,3,3004,3006,3,1,2,0.6667,3005.052,910.000,1022.466,8.6025,16.0000,1.1034,0.4684,4.7462,0.7576,0.1294,0.1129,0.8507,0.0000,4.7463,0.8899,0.7931
3,3,3009,3011,3,1,1,1.0000,3010.022,403.000,912.000,7.8789,16.0000,1.0435,0.9783,4.7468,0.8889,0.0000,0.1111,1.0000,0.0000,4.7467,1.3350,1.0000
4,3,3009,3010,2,2,1,1.0000,3009.467,452.550,1137.000,8.8999,17.0000,1.1333,0.6483,5.0432,0.0000,0.7500,0.2500,1.0000,0.0000,5.0433,1.7800,0.8000
4,3,3012,3013,2,2,1,1.0000,3012.533,604.550,837.000,8.9005,17.0000,1.1333,0.6483,5.0437,0.0000,0.7500,0.2500,1.0000,0.0000,5.1920,1.4834,0.8000
5,3,3024,3026,3,1,2,0.8333,3025.197,731.000,1116.338,9.4231,16.0000,1.1268,0.3913,4.7484,0.5854,0.2927,0.1220,0.9487,0.0000,4.7482,0.8903,0.6620
4,4,3027,3029,3,1,2,0.6667,3027.754,525.000,671.246,9.6457,19.0000,1.1692,0.3481,5.6391,0.7500,0.1500,0.1000,0.9487,0.0000,5.1939,2.0775,1.0000
5,3,3030,3032,3,1,3,0.5556,3031.039,318.000,811.688,10.2210,20.0000,1.2987,0.6894,5.9363,0.5532,0.3398,0.1070,0.5606,0.0000,4.1555,0.8905,0.7013
10,3,3031,3032,2,4,2,0.6250,3031.507,870.000,1110.284,12.5776,18.0000,1.3433,1.1502,5.3428,0.7001,0.0501,0.2498,0.2187,0.4587,3.4134,1.1873,0.3806
6,5,3033,3036,4,2,2,0.3750,3034.565,824.696,789.663,11.1492,17.0000,1.1087,0.9576,5.0464,0.8460,0.0320,0.1220,0.8735,0.4867,5.3432,2.0779,0.8804
6,3,3034,3036,3,2,2,0.5000,3035.034,701.386,1019.125,10.6646,18.0000,1.2273,0.4075,5.3433,0.7074,0.0897,0.2030,0.9140,0.2540,5.1948,1.3359,0.5909
4,3,3038,3039,2,1,2,1.0000,3038.534,602.000,958.466,8.6095,16.0000,1.1034,0.6583,4.7501,0.0000,0.7500,0.2500,0.0000,0.0000,5.0469,1.6328,0.7931
4,3,3038,3040,3,1,2,0.6667,3039.066,837.000,1105.246,9.0549,20.0000,1.3115,0.2545,5.9376,0.5357,0.3214,0.1429,1.0000,0.0000,4.7502,1.1875,0.8197
4,3,3045,3046,2,1,2,1.0000,3045.475,927.000,1134.492,8.7597,16.0000,1.0847,0.6955,4.7510,0.0000,0.7500,0.2500,0.0000,0.0000,4.7510,1.4847,0.7797
4,3,3047,3048,2,1,2,1.0000,3047.530,745.000,1156.424,9.7996,20.0000,1.2121,0.6329,5.9392,0.0000,0.7500,0.2500,0.0000,0.0000,4.6028,0.7424,0.8030
5,3,3048,3049,2,2,2,0.6250,3048.390,856.195,628.662,10.2261,20.0000,1.2987,0.5511,5.9392,0.3432,0.2505,0.4063,0.6059,0.3645,4.7514,2.3758,0.6623
4,3,3050,3052,3,1,2,0.6667,3050.968,866.000,788.286,9.3551,18.0000,1.1429,0.7150,5.3458,0.5357,0.3214,0.1429,1.0000,0.0000,5.3457,1.4850,0.7937
3,3,3054,3055,2,1,2,0.7500,3054.660,888.000,766.340,9.0888,18.0000,1.0189,0.7426,5.3465,0.5333,0.2667,0.2000,0.7071,0.0000,5.9404,2.2277,1.0000
4,3,3055,3055,1,2,2,1.0000,3055.000,589.536,982.536,8.3167,15.0000,1.0714,0.7089,4.4554,0.0000,0.7500,0.2500,0.0000,1.0000,5.0494,2.0791,0.8036
4,3,3058,3060,3,1,2,0.6667,3059.000,586.000,741.185,9.6545,21.0000,1.2923,0.1846,6.2383,0.5357,0.3214,0.1429,1.0000,0.0000,5.3471,1.7823,0.8154
5,3,3064,3066,3,2,2,0.4167,3065.078,682.442,1003.143,10.2314,21.0000,1.3636,0.4706,6.2395,0.5461,0.2256,0.2283,0.8117,0.4177,5.3481,1.0399,0.7143
4,3,3071,3072,2,2,1,1.0000,3071.479,373.411,1022.000,10.8468,23.0000,1.2603,0.6632,6.8351,0.0000,0.7500,0.2500,1.0000,0.0000,6.2406,1.7830,0.8356
3,3,3075,3076,2,2,1,0.7500,3075.652,777.674,412.000,7.8932,16.0000,1.0435,0.7292,4.7552,0.5333,0.2667,0.2000,0.7071,0.0000,4.9039,1.9318,1.0000
6,4,3076,3078,3,3,1,0.6667,3077.239,346.398,748.000,10.6778,18.0000,1.2273,0.9708,5.3500,0.2083,0.6667,0.1250,0.4472,0.0000,4.9041,0.7431,0.7386
4,3,3078,3079,2,1,2,1.0000,3078.450,1036.000,580.467,8.9167,17.0000,1.1333,0.6483,5.0528,0.0000,0.7500,0.2500,0.0000,0.0000,4.9042,0.5945,0.8000
4,3,3081,3082,2,2,1,1.0000,3081.474,418.474,486.000,8.4714,15.0000,1.0526,0.6699,4.4587,0.0000,0.7500,0.2500,1.0000,0.0000,5.0531,1.7835,0.7895
5,3,3082,3084,3,1,2,0.8333,3082.757,1005.000,773.554,9.8372,17.0000,1.1486,0.6051,5.0533,0.5854,0.2927,0.1220,0.9487,0.0000,5.0532,1.1890,0.6757
14,3,3085,3087,3,4,3,0.3889,3086.315,799.370,181.842,14.6185,19.0000,1.4457,0.5107,5.6481,0.3611,0.2058,0.4331,0.1907,0.0139,4.0131,1.1891,0.2717
4,3,3087,3088,2,2,2,0.5000,3087.450,900.183,930.250,8.9182,18.0000,1.2000,0.5465,5.3509,0.5916,0.1015,0.3069,0.7071,0.7071,5.2023,1.6350,0.8167
5,3,3089,3091,3,2,2,0.4167,3089.767,533.342,1057.795,9.7052,18.0000,1.2329,0.4623,5.3510,0.7729,0.0435,0.1836,0.8328,0.5477,4.7564,1.7837,0.6575
6,3,3091,3092,2,3,3,0.3333,3091.659,710.388,1002.035,10.3161,18.0000,1.2706,0.8998,5.3511,0.6117,0.2011,0.1872,0.4431,0.8772,4.9052,1.7837,0.5765
4,3,3093,3094,2,1,3,0.6667,3093.483,510.000,820.931,8.6213,17.0000,1.1724,0.5218,5.0539,0.7576,0.1294,0.1129,0.5257,0.0000,5.0539,1.4864,0.8103
3,3,3097,3098,2,2,1,0.7500,3097.674,624.348,1218.000,7.8954,16.0000,1.0435,0.7292,4.7566,0.5333,0.2667,0.2000,0.7071,0.0000,4.4593,1.1892,1.0000
5,3,3099,3100,2,3,1,0.8333,3099.394,128.761,521.000,9.4395,15.0000,1.0563,0.8567,4.4593,0.5854,0.2927,0.1220,0.3162,0.0000,4.7565,0.8919,0.6338
3,3,3103,3104,2,1,2,0.7500,3103.319,484.000,1004.340,8.0667,16.0000,1.0213,0.4666,4.7564,0.5333,0.2667,0.2000,0.7071,0.0000,5.3510,2.0809,1.0000
5,4,3105,3106,2,2,2,0.6250,3105.579,428.171,751.592,10.1036,17.0000,1.1184,0.7286,5.0536,0.3432,0.2505,0.4063,0.6059,0.3645,4.7563,0.8918,0.8289
3,3,3126,3127,2,1,2,0.7500,3126.660,497.000,1025.660,8.0621,16.0000,1.0213,0.7422,4.7538,0.5333,0.2667,0.2000,0.7071,0.0000,4.4566,1.3370,1.0000
4,3,3127,3128,2,2,1,1.0000,3127.460,781.508,644.000,9.3586,18.0000,1.1429,0.6738,5.3479,0.0000,0.7500,0.2500,1.0000,0.0000,4.9021,1.1884,0.7778
7,3,3136,3138,3,2,2,0.5833,3137.000,517.745,894.283,11.8997,23.0000,1.5189,0.3808,6.8314,0.6517,0.0773,0.2710,0.8881,0.0000,5.0493,1.3365,0.6509
3,3,3140,3141,2,2,1,0.7500,3140.660,386.340,927.000,8.0590,16.0000,1.0213,0.7422,4.7519,0.5333,0.2667,0.2000,0.7071,0.0000,5.0488,1.4850,1.0000
3,3,3140,3142,3,1,1,1.0000,3141.060,729.000,1182.000,8.5733,18.0000,1.0800,0.9400,5.3457,0.8889,0.0000,0.1111,1.0000,0.0000,5.3458,1.7819,1.0000
4,4,3143,3144,2,2,1,1.0000,3143.508,486.508,774.000,9.3546,17.0000,1.0794,0.6959,5.0485,0.0000,0.7500,0.2500,1.0000,0.0000,5.1970,1.1879,1.0000
4,3,3145,3146,2,1,3,0.6667,3145.767,617.000,1280.233,8.9088,16.0000,1.0667,0.3300,4.7513,0.7500,0.1500,0.1000,0.3162,0.0000,4.7513,1.6333,0.7667
4,3,3154,3155,2,2,1,1.0000,3154.534,390.517,934.000,8.6110,16.0000,1.1034,0.6959,4.7509,0.0000,0.7500,0.2500,1.0000,0.0000,5.0478,1.1877,0.7931
3,3,3158,3159,2,2,1,0.7500,3158.706,494.373,599.000,8.7430,19.0000,1.1176,0.6930,5.6416,0.5333,0.2667,0.2000,0.7071,0.0000,5.0478,1.7816,1.0000
4,4,3164,3165,2,1,2,1.0000,3164.508,792.000,1244.508,9.6503,17.0000,1.0462,0.6962,5.0479,0.0000,0.7500,0.2500,0.0000,0.0000,5.6417,2.0785,1.0000
6,3,3173,3175,3,2,1,1.0000,3173.988,469.476,821.000,9.9413,16.0000,1.1707,0.4758,4.7514,0.5556,0.3333,0.1111,1.0000,0.0000,4.7514,1.1878,0.5610
5,3,3174,3176,3,1,2,0.8333,3175.269,543.000,817.538,10.3591,18.0000,1.1538,0.6020,5.3455,0.5854,0.2927,0.1220,0.9487,0.0000,5.6424,1.7818,0.6795
3,3,3179,3180,2,1,2,0.7500,3179.333,600.000,1188.667,9.2592,18.0000,1.0000,0.7454,5.3458,0.5333,0.2667,0.2000,0.7071,0.0000,5.9397,2.0789,1.0000
5,3,3184,3186,3,1,3,0.5556,3185.239,455.000,758.789,9.4309,17.0000,1.1972,0.3193,5.0494,0.8123,0.1108,0.0769,0.7071,0.0000,4.9008,1.1881,0.6901
6,4,3184,3186,3,2,2,0.5000,3185.165,471.637,732.242,11.0344,19.0000,1.2527,0.9420,5.6434,0.6381,0.1455,0.2164,0.8019,0.3768,5.1977,1.7821,0.7582
3,3,3190,3191,2,1,2,0.7500,3190.706,522.000,809.627,8.7464,19.0000,1.1176,0.6930,5.6439,0.5333,0.2667,0.2000,0.7071,0.0000,5.3468,1.3367,1.0000
3,3,3199,3200,2,2,1,0.7500,3199.674,535.326,922.000,7.8899,16.0000,1.0435,0.4612,4.7533,0.5333,0.2667,0.2000,0.7071,0.0000,4.7533,1.9310,1.0000
4,3,3222,3223,2,3,1,0.6667,3222.484,629.047,594.000,9.5079,20.0000,1.2500,0.4866,5.9424,0.7576,0.1294,0.1129,0.5257,0.0000,5.1996,1.1885,0.7969
6,3,3222,3224,3,1,3,0.6667,3222.631,924.000,774.679,10.1891,19.0000,1.3571,0.7081,5.6453,0.6061,0.3030,0.0909,0.7071,0.0000,4.3083,1.4856,0.5952
4,3,3236,3237,2,2,1,1.0000,3236.516,970.452,961.000,9.2098,18.0000,1.1613,0.6858,5.3477,0.0000,0.7500,0.2500,1.0000,0.0000,5.0505,1.4854,0.8065
3,3,3237,3238,2,2,1,0.7500,3237.333,188.688,593.000,8.2331,17.0000,1.0625,0.4569,5.0505,0.5333,0.2667,0.2000,0.7071,0.0000,4.4562,1.1884,1.0000
3,3,3237,3238,2,1,2,0.7500,3237.326,847.000,816.326,7.8900,16.0000,1.0435,0.4612,4.7534,0.5333,0.2667,0.2000,0.7071,0.0000,4.7534,1.1884,1.0000
5,4,3248,3250,3,2,2,0.4167,3248.975,448.671,520.861,10.4935,21.0000,1.3291,0.3583,6.2373,0.1521,0.5234,0.3245,1.0000,0.0000,5.0492,1.1881,0.8608
6,3,3256,3257,2,2,2,0.7500,3256.568,559.477,978.261,10.6681,19.0000,1.2955,0.7867,5.6421,0.2000,0.3333,0.4667,0.7071,0.7071,4.4541,1.4847,0.6136
4,3,3259,3260,2,2,1,1.0000,3259.548,669.484,570.000,9.2044,19.0000,1.2258,0.6619,5.6413,0.0000,0.7500,0.2500,1.0000,0.0000,5.0476,2.0785,0.7903
5,3,3266,3267,2,2,2,0.6250,3266.319,254.609,892.391,9.1598,16.0000,1.1594,0.7908,4.7495,0.2938,0.4054,0.3007,0.0000,0.3029,4.7495,1.0389,0.6812
4,3,3268,3270,3,2,1,0.6667,3268.969,442.516,890.000,9.4979,18.0000,1.1250,0.5166,5.3426,0.7576,0.1294,0.1129,0.8507,0.0000,5.1943,0.8905,0.7969
6,4,3277,3278,2,2,2,0.7500,3277.539,519.303,798.326,10.7808,18.0000,1.2135,0.6406,5.3407,0.2000,0.3333,0.4667,0.0000,0.0000,5.0442,1.4835,0.7191
4,3,3279,3280,2,2,1,1.0000,3279.526,243.526,818.000,8.4557,15.0000,1.0526,0.7081,4.4505,0.0000,0.7500,0.2500,1.0000,0.0000,4.7470,1.3351,0.7895
4,3,3279,3280,2,2,1,1.0000,3279.431,293.492,717.000,9.6425,20.0000,1.2308,0.6542,5.9339,0.0000,0.7500,0.2500,1.0000,0.0000,5.0438,0.8901,0.8000
3,3,3281,3282,2,2,1,0.7500,3281.354,440.312,801.000,8.2216,17.0000,1.0625,0.7175,5.0433,0.5333,0.2667,0.2000,0.7071,0.0000,5.0435,1.3351,1.0000
3,3,3283,3284,2,2,1,0.7500,3283.312,507.688,542.000,8.2211,18.0000,1.1250,0.4419,5.3398,0.5333,0.2667,0.2000,0.7071,0.0000,4.7465,0.4450,1.0000
4,3,3283,3285,3,1,2,0.6667,3284.049,780.000,919.246,9.0477,19.0000,1.2459,0.2508,5.6363,0.5357,0.3214,0.1429,1.0000,0.0000,4.7463,1.7799,0.8033
4,3,3286,3287,2,2,1,1.0000,3286.525,285.574,790.000,9.0471,18.0000,1.1803,0.6759,5.3393,0.0000,0.7500,0.2500,1.0000,0.0000,5.3392,1.1865,0.8197
4,3,3287,3289,3,2,1,0.6667,3287.983,475.492,842.000,8.7501,15.0000,1.0169,1.0991,4.4493,0.7576,0.1294,0.1129,0.8507,0.0000,4.1526,0.8898,0.7627
4,3,3295,3297,3,2,1,0.6667,3296.033,511.230,909.000,9.0453,17.0000,1.1148,0.9941,5.0416,0.5357,0.3214,0.1429,1.0000,0.0000,4.1520,0.8897,0.7705
4,3,3306,3308,3,2,1,0.6667,3306.656,582.246,577.000,9.0450,18.0000,1.1803,0.7003,5.3380,0.7500,0.1500,0.1000,0.9487,0.0000,5.1898,1.9276,0.8033
4,3,3312,3314,3,1,2,0.6667,3313.000,579.000,758.197,9.0457,19.0000,1.2459,0.1967,5.6350,0.5357,0.3214,0.1429,1.0000,0.0000,4.7453,1.0380,0.8033
4,3,3316,3317,2,1,2,1.0000,3316.448,578.000,1030.534,8.6013,16.0000,1.1034,0.6976,4.7455,0.0000,0.7500,0.2500,0.0000,0.0000,5.1904,1.7795,0.8103
5,4,3317,3318,2,2,2,0.6250,3317.408,753.145,886.408,10.0810,18.0000,1.1842,0.5947,5.3388,0.3432,0.2505,0.4063,0.6059,0.3645,5.0422,1.0381,0.8553
5,3,3329,3331,3,2,1,0.8333,3329.747,433.547,722.000,9.9515,18.0000,1.2000,0.6025,5.3405,0.5854,0.2927,0.1220,0.9487,0.0000,5.0437,0.5934,0.6667
7,3,3333,3335,3,3,2,0.3889,3333.687,491.222,752.162,11.1030,17.0000,1.2020,0.4166,5.0444,0.5373,0.2303,0.2324,0.7071,0.2357,4.4508,0.8902,0.4949
5,3,3336,3337,2,3,2,0.4167,3336.217,331.029,830.377,9.1569,15.0000,1.0870,0.4360,4.4513,0.5461,0.2256,0.2283,0.1201,0.5647,5.0446,1.4837,0.6522
3,3,3341,3342,2,2,1,0.7500,3341.358,496.302,1026.000,9.0813,19.0000,1.0755,0.7090,5.6389,0.5333,0.2667,0.2000,0.7071,0.0000,5.6388,1.1871,1.0000
5,3,3346,3347,2,2,2,0.6250,3346.366,334.789,831.324,9.4242,18.0000,1.2676,0.5326,5.3425,0.3432,0.2505,0.4063,0.6059,0.3645,4.7489,1.3356,0.6761
3,3,3347,3349,3,1,1,1.0000,3348.020,602.000,767.000,8.3969,18.0000,1.1020,0.0204,5.3426,0.8889,0.0000,0.1111,1.0000,0.0000,5.0459,1.9293,1.0000
4,3,3351,3352,2,2,1,1.0000,3351.532,584.565,882.000,9.2016,18.0000,1.1613,0.6391,5.3429,0.0000,0.7500,0.2500,1.0000,0.0000,5.3428,1.0389,0.8065
5,4,3355,3356,2,2,2,0.6250,3355.397,347.641,546.192,10.3544,19.0000,1.2179,0.7273,5.6399,0.3432,0.2505,0.4063,0.6059,0.3645,5.3430,0.8905,0.8462
4,3,3356,3358,3,1,2,0.6667,3357.069,451.000,1176.534,8.6083,16.0000,1.1034,0.5389,4.7494,0.7576,0.1294,0.1129,0.8507,0.0000,4.8978,1.3358,0.8103
9,4,3359,3361,3,4,2,0.3750,3360.338,146.460,900.367,13.7535,21.0000,1.3597,0.8527,6.2336,0.7624,0.0971,0.1406,0.4658,0.2408,4.1557,1.0389,0.5396
3,3,3365,3366,2,2,1,0.7500,3365.681,260.681,675.000,8.0547,17.0000,1.0851,0.4513,5.0462,0.5333,0.2667,0.2000,0.7071,0.0000,4.7494,1.4842,1.0000
3,3,3366,3367,2,2,1,0.7500,3366.333,491.312,1008.000,8.2261,17.0000,1.0625,0.4569,5.0462,0.5333,0.2667,0.2000,0.7071,0.0000,5.3430,1.6326,1.0000
4,3,3376,3378,3,2,1,0.6667,3377.339,433.288,933.000,8.7558,17.0000,1.1525,0.9714,5.0457,0.7500,0.1500,0.1000,0.9487,0.0000,4.7489,0.8904,0.7966
5,3,3383,3384,2,2,2,0.6250,3383.603,1024.151,1007.479,9.6891,18.0000,1.2329,0.6719,5.3422,0.3432,0.2505,0.4063,0.6059,0.3645,4.1550,0.8904,0.6849
3,3,3385,3386,2,2,1,0.7500,3385.319,440.319,557.000,8.0533,17.0000,1.0851,0.4513,5.0453,0.5333,0.2667,0.2000,0.7071,0.0000,4.7485,1.4839,1.0000
4,3,3391,3392,2,1,2,1.0000,3391.567,596.000,851.450,8.9030,18.0000,1.2000,0.6247,5.3418,0.0000,0.7500,0.2500,0.0000,0.0000,4.8966,0.8903,0.8167
4,3,3393,3394,2,2,2,0.5000,3393.780,544.525,648.254,8.7545,16.0000,1.0847,0.5817,4.7482,0.5916,0.1015,0.3069,0.5000,0.5000,5.0449,0.7419,0.7797
5,3,3397,3399,3,1,2,0.8333,3397.783,879.000,924.609,9.1572,15.0000,1.0870,0.8750,4.4513,0.5854,0.2927,0.1220,0.9487,0.0000,4.7481,0.8903,0.6522
3,3,3400,3401,2,2,1,0.7500,3400.375,511.312,774.000,8.2238,18.0000,1.1250,0.6988,5.3415,0.5333,0.2667,0.2000,0.7071,0.0000,4.7480,1.6321,1.0000
3,3,3405,3406,2,2,1,0.7500,3405.688,304.688,785.000,8.2238,18.0000,1.1250,0.4419,5.3415,0.5333,0.2667,0.2000,0.7071,0.0000,4.7480,1.4838,1.0000
4,3,3405,3406,2,1,2,1.0000,3405.508,919.000,912.492,8.7541,15.0000,1.0169,0.7072,4.4513,0.0000,0.7500,0.2500,0.0000,0.0000,5.0448,1.7805,0.7627
3,3,3408,3409,2,2,1,0.7500,3408.681,208.660,961.000,8.0525,16.0000,1.0213,0.7327,4.7480,0.5333,0.2667,0.2000,0.7071,0.0000,5.0448,1.7805,1.0000
4,3,3413,3414,2,2,1,1.0000,3413.485,350.591,873.000,9.7930,20.0000,1.2121,0.6578,5.9351,0.0000,0.7500,0.2500,1.0000,0.0000,5.3416,1.3354,0.8182
3,3,3413,3414,2,2,1,0.7500,3413.333,398.667,511.000,7.7100,15.0000,1.0000,0.7454,4.4514,0.5333,0.2667,0.2000,0.7071,0.0000,4.1546,1.1870,1.0000
3,3,3417,3418,2,2,1,0.7500,3417.667,233.667,519.000,7.7102,15.0000,1.0000,0.7454,4.4515,0.5333,0.2667,0.2000,0.7071,0.0000,5.0450,1.4838,1.0000
4,3,3425,3426,2,1,3,0.6667,3425.712,554.000,640.932,8.7551,17.0000,1.1525,0.7151,5.0453,0.5357,0.3214,0.1429,0.0000,0.0000,5.1937,2.0775,0.8136
4,3,3430,3432,3,1,2,0.6667,3431.049,675.000,423.541,9.0524,18.0000,1.1803,0.4616,5.3424,0.7576,0.1294,0.1129,0.8507,0.0000,5.0456,0.7420,0.8033
3,3,3446,3447,2,2,1,0.7500,3446.674,684.348,524.000,7.8836,16.0000,1.0435,0.7292,4.7495,0.5333,0.2667,0.2000,0.7071,0.0000,4.7495,1.1874,1.0000
7,5,3450,3452,3,2,2,0.5833,3451.310,630.336,1261.407,12.6787,21.0000,1.3009,0.8380,6.2339,0.4600,0.2645,0.2756,0.8571,0.1000,4.7497,0.8906,0.7788
21,12,3469,3471,3,4,4,0.4375,3470.051,515.556,632.066,26.4339,44.0000,2.2647,0.5627,13.0636,0.5566,0.1081,0.3353,0.3473,0.5171,5.3442,1.3361,0.7279
5,3,3471,3473,3,2,1,0.8333,3471.797,492.365,884.000,9.8257,20.0000,1.3514,0.4174,5.9381,0.5854,0.2927,0.1220,0.9487,0.0000,4.7504,1.1876,0.6757
5,3,3479,3481,3,2,2,0.4167,3480.181,864.417,449.833,9.5612,16.0000,1.1111,0.6330,4.7510,0.7729,0.0435,0.1836,0.8328,0.5477,5.0479,1.9301,0.6389
3,3,3481,3482,2,2,1,0.7500,3481.688,255.333,811.000,8.2292,17.0000,1.0625,0.4569,5.0481,0.5333,0.2667,0.2000,0.7071,0.0000,5.0481,1.4847,1.0000
6,3,3484,3486,3,2,2,0.5000,3484.713,621.736,886.862,10.5474,20.0000,1.3793,0.4141,5.9393,0.5034,0.2551,0.2415,0.9677,0.2521,4.8999,1.6333,0.5977
4,3,3495,3497,3,2,1,0.6667,3496.069,202.466,734.000,8.6146,16.0000,1.1034,0.4706,4.7529,0.7576,0.1294,0.1129,0.8507,0.0000,4.9015,0.5941,0.8103
5,4,3503,3504,2,2,2,0.6250,3503.213,533.360,389.627,9.9665,17.0000,1.1333,0.7535,5.0514,0.3432,0.2505,0.4063,0.5155,0.8569,5.0514,1.7828,0.8533
6,3,3508,3509,2,2,2,0.7500,3508.341,610.549,751.330,11.0418,18.0000,1.1868,0.8639,5.3501,0.2000,0.3333,0.4667,0.7071,0.7071,4.1610,1.1889,0.5495
37,8,3512,3514,3,5,14,0.1762,3513.200,616.957,696.906,27.0772,26.0000,1.7365,6.0009,7.7297,0.9521,0.0215,0.0264,0.0176,0.9937,4.4594,1.1892,0.5668
10,5,3512,3514,3,3,3,0.3704,3513.443,619.275,687.719,15.7006,27.0000,1.6168,0.6821,8.0275,0.4819,0.2094,0.3087,0.3296,0.3168,3.8650,1.1892,0.6467
11,5,3512,3515,4,3,3,0.3056,3513.684,622.559,679.237,15.8666,33.0000,2.0508,0.6850,9.8114,0.4676,0.2713,0.2612,0.6917,0.7138,2.6761,0.5947,0.6102
11,3,3512,3515,4,3,3,0.3056,3514.294,645.607,644.982,14.6122,27.0000,1.8221,0.6752,8.0275,0.6291,0.0879,0.2830,0.7735,0.4311,3.2706,0.8918,0.5890
7,3,3512,3514,3,2,3,0.3889,3513.320,729.689,612.165,11.5741,18.0000,1.2233,0.7653,5.3516,0.6934,0.1763,0.1303,0.5639,0.3706,3.8652,1.1892,0.7864
9,4,3513,3515,3,3,3,0.3333,3513.822,621.526,682.548,13.3790,19.0000,1.2667,1.1194,5.6486,0.4717,0.2001,0.3281,0.3711,0.6923,3.5677,0.5946,0.5259
5,3,3513,3515,3,1,2,0.8333,3513.813,625.000,673.330,12.0995,28.0000,1.5385,0.3789,8.3248,0.5854,0.2927,0.1220,0.9487,0.0000,5.0543,1.4866,0.7143
28,12,3513,3515,3,6,8,0.1944,3513.935,628.477,668.604,24.9469,26.0000,1.6396,2.6563,7.7302,0.7993,0.1601,0.0406,0.0285,0.9354,4.7570,1.7840,0.6059
9,3,3513,3515,3,5,2,0.3000,3514.013,632.356,663.732,14.7666,25.0000,1.5101,1.5405,7.4328,0.9099,0.0127,0.0774,0.3447,0.1705,4.1626,1.1894,0.7383
6,4,3513,3515,3,3,2,0.3333,3514.213,635.324,657.574,13.1090,29.0000,1.6111,0.6928,8.6221,0.6803,0.1871,0.1326,0.6721,0.5226,4.3111,1.1893,0.7778
10,3,3513,3515,3,3,4,0.2778,3514.199,641.901,649.354,15.1372,23.0000,1.4286,1.1260,6.8382,0.7387,0.1454,0.1159,0.1895,0.1315,5.0544,0.8919,0.7019
7,3,3513,3515,3,2,2,0.5833,3514.311,647.487,642.714,13.3728,26.0000,1.5294,0.6449,7.7302,0.4600,0.2645,0.2756,0.8571,0.1000,3.8651,-0.4461,0.7983
14,8,3513,3515,3,4,3,0.3889,3514.438,650.459,640.153,19.2299,26.0000,1.5041,1.3469,7.7302,0.4704,0.1761,0.3535,0.1483,0.5187,5.2032,1.4866,0.6942
10,4,3513,3515,3,5,2,0.3333,3513.708,681.273,617.621,15.1368,28.0000,1.7391,1.3602,8.3248,0.7383,0.1770,0.0847,0.0297,0.1026,4.0139,1.9324,0.7205
11,4,3514,3515,2,3,4,0.4583,3514.278,633.295,660.750,15.7775,24.0000,1.5000,0.8528,7.1355,0.6845,0.1321,0.1834,0.0383,0.6155,3.8653,2.0812,0.5795
3,3,3521,3522,2,2,1,0.7500,3521.674,355.326,384.000,7.8999,16.0000,1.0435,0.4612,4.7594,0.5333,0.2667,0.2000,0.7071,0.0000,5.0568,1.1898,1.0000
3,3,3527,3528,2,1,2,0.7500,3527.314,359.000,381.314,8.7619,19.0000,1.1176,0.4437,5.6537,0.5333,0.2667,0.2000,0.7071,0.0000,4.4638,0.8927,1.0000
4,3,3535,3536,2,2,2,0.5000,3535.263,362.737,725.807,8.4854,16.0000,1.1228,0.4192,4.7636,0.0000,0.5625,0.4375,0.4459,0.5774,4.7638,1.6374,0.8070
5,3,3538,3540,3,2,1,0.8333,3538.882,271.605,797.000,10.1218,19.0000,1.2500,0.4121,5.6583,0.5854,0.2927,0.1220,0.9487,0.0000,5.3605,1.1911,0.6711
4,3,3555,3557,3,1,2,0.6667,3555.966,800.000,612.475,8.7941,16.0000,1.0847,0.4758,4.7697,0.7576,0.1294,0.1129,0.8507,0.0000,4.7696,1.1924,0.7797
13,5,3559,3561,3,5,2,0.4333,3560.005,211.403,747.711,16.6218,27.0000,1.7463,0.4957,8.0504,0.7795,0.1069,0.1136,0.3936,0.2941,4.1743,1.4909,0.5771
5,3,3575,3577,3,3,1,0.5556,3576.029,543.271,753.000,9.3400,16.0000,1.1429,0.2729,4.7737,0.5532,0.3398,0.1070,0.5606,0.0000,5.0720,1.6409,0.6571
5,3,3585,3586,2,3,1,0.8333,3585.451,330.817,871.000,9.4759,17.0000,1.1972,0.5790,5.0734,0.5854,0.2927,0.1220,0.3162,0.0000,5.0733,1.4922,0.6620
4,3,3587,3588,2,2,2,0.5000,3587.817,987.450,746.267,8.9535,17.0000,1.1333,0.5543,5.0736,0.5916,0.1015,0.3069,0.5000,0.5000,5.0737,1.7907,0.8167
4,3,3591,3592,2,2,1,1.0000,3591.475,124.459,528.000,9.1033,17.0000,1.1148,0.6971,5.0740,0.0000,0.7500,0.2500,1.0000,0.0000,5.2232,1.4924,0.8033
4,3,3592,3594,3,1,2,0.6667,3592.661,552.000,446.268,8.3573,15.0000,1.0714,0.7129,4.4772,0.7500,0.1500,0.1000,0.9487,0.0000,5.0740,0.8954,0.8036
3,3,3596,3597,2,2,1,0.7500,3596.333,439.333,604.000,7.7551,15.0000,1.0000,0.4714,4.4774,0.5333,0.2667,0.2000,0.7071,0.0000,4.7759,1.4925,1.0000
5,4,3596,3598,3,2,2,0.4167,3597.158,704.408,236.158,10.1453,18.0000,1.1842,0.4650,5.3729,0.7729,0.0435,0.1836,0.8328,0.5477,4.1790,0.5970,0.8421
3,3,3614,3615,2,2,1,0.7500,3614.646,398.688,527.000,8.2729,17.0000,1.0625,0.7175,5.0749,0.5333,0.2667,0.2000,0.7071,0.0000,5.3734,1.7911,1.0000
5,3,3625,3626,2,2,2,0.6250,3625.370,740.603,527.849,9.7454,18.0000,1.2329,0.5633,5.3732,0.3432,0.2505,0.4063,0.6059,0.3645,4.7762,1.4926,0.6849
4,3,3628,3629,2,2,1,1.0000,3628.475,652.559,551.000,8.8060,17.0000,1.1525,0.6858,5.0746,0.0000,0.7500,0.2500,1.0000,0.0000,4.3284,2.0895,0.8136
3,3,3629,3630,2,1,2,0.7500,3629.638,301.000,719.681,8.1001,17.0000,1.0851,0.7136,5.0746,0.5333,0.2667,0.2000,0.7071,0.0000,4.7761,1.4925,1.0000
3,3,3630,3632,3,1,1,1.0000,3631.000,542.000,673.000,9.3065,20.0000,1.1111,0.0000,5.9701,0.8889,0.0000,0.1111,1.0000,0.0000,5.3731,1.1940,1.0000
4,3,3636,3637,2,2,1,1.0000,3636.458,393.525,644.000,8.8058,17.0000,1.1525,0.6968,5.0745,0.0000,0.7500,0.2500,1.0000,0.0000,4.9253,1.4925,0.8136
4,3,3638,3639,2,2,2,0.5000,3638.226,494.742,677.726,9.2535,17.0000,1.0968,0.8027,5.0745,0.0000,0.5625,0.4375,0.4459,0.5774,4.9253,1.9403,0.7742
4,3,3641,3642,2,1,2,1.0000,3641.492,935.000,408.460,9.4028,18.0000,1.1429,0.6738,5.3730,0.0000,0.7500,0.2500,0.0000,0.0000,4.9253,0.8955,0.7778
3,3,3643,3644,2,2,1,0.7500,3643.333,128.667,597.000,7.7553,15.0000,1.0000,0.7454,4.4776,0.5333,0.2667,0.2000,0.7071,0.0000,4.9253,1.6418,1.0000
3,3,3649,3650,2,1,2,0.7500,3649.326,969.000,421.326,7.9280,16.0000,1.0435,0.4612,4.7762,0.5333,0.2667,0.2000,0.7071,0.0000,5.0748,1.4926,1.0000
5,3,3663,3664,2,2,2,0.6250,3663.425,356.462,689.837,10.6829,19.0000,1.1875,0.7042,5.6733,0.3432,0.2505,0.4063,0.6059,0.3645,5.2255,1.3437,0.6625
3,3,3665,3666,2,2,1,0.7500,3665.646,89.312,649.000,8.2756,17.0000,1.0625,0.7175,5.0764,0.5333,0.2667,0.2000,0.7071,0.0000,5.3752,1.3438,1.0000
3,3,3666,3668,3,1,1,1.0000,3667.021,687.000,358.000,8.1036,16.0000,1.0213,0.0213,4.7783,0.8889,0.0000,0.1111,1.0000,0.0000,5.0768,1.1946,1.0000
3,3,3677,3678,2,1,2,0.7500,3677.698,491.000,505.283,9.1433,22.0000,1.2453,0.4138,6.5738,0.5333,0.2667,0.2000,0.7071,0.0000,5.3782,2.0919,1.0000
3,3,3684,3685,2,1,2,0.7500,3684.680,413.000,588.360,8.6308,18.0000,1.0800,0.7155,5.3818,0.5333,0.2667,0.2000,0.7071,0.0000,5.3817,2.0927,1.0000
4,3,3685,3686,2,2,2,0.5000,3685.266,805.234,566.188,9.5680,20.0000,1.2500,0.4008,5.9798,0.0000,0.5625,0.4375,0.4459,0.5774,5.0831,1.7941,0.8125
3,3,3694,3695,2,1,2,0.7500,3694.347,849.000,403.327,8.4684,17.0000,1.0408,0.7301,5.0893,0.5333,0.2667,0.2000,0.7071,0.0000,5.3878,1.7958,1.0000
3,3,3706,3708,3,1,1,1.0000,3706.957,574.000,1063.000,8.1420,17.0000,1.0851,0.0426,5.1009,0.8889,0.0000,0.1111,1.0000,0.0000,5.0997,1.5002,1.0000
4,3,3707,3709,3,2,1,0.6667,3708.032,364.841,915.000,9.4539,19.0000,1.2063,0.1619,5.7023,0.5357,0.3214,0.1429,1.0000,0.0000,5.7024,1.3506,0.8413
6,3,3707,3708,2,2,3,0.5000,3707.274,710.833,441.333,10.2903,18.0000,1.2857,0.4625,5.4009,0.5034,0.2551,0.2415,0.1128,0.4328,4.3510,1.2001,0.5714
3,3,3708,3709,2,1,2,0.7500,3708.318,515.000,428.341,7.6246,15.0000,1.0227,0.4663,4.5018,0.5333,0.2667,0.2000,0.7071,0.0000,5.1020,1.3505,1.0000
4,3,3710,3712,3,1,2,0.6667,3711.105,416.000,279.579,8.5598,17.0000,1.1930,0.4340,5.1057,0.7576,0.1294,0.1129,0.8507,0.0000,5.1060,1.0513,0.8246
7,3,3711,3712,2,3,2,0.5833,3711.632,778.895,401.611,10.7858,20.0000,1.4737,0.7494,6.0067,0.3883,0.1309,0.4808,0.1253,0.7549,4.2058,1.3517,0.5368
5,3,3711,3712,2,1,3,0.8333,3711.544,889.000,795.235,9.1346,16.0000,1.1765,0.5928,4.8066,0.5854,0.2927,0.1220,0.3162,0.0000,4.8055,1.2013,0.6912
5,4,3720,3722,3,2,1,0.8333,3721.171,293.421,667.000,10.2364,17.0000,1.1184,0.6037,5.1197,0.5854,0.2927,0.1220,0.9487,0.0000,5.4214,1.8068,0.8289
4,3,3720,3721,2,1,2,1.0000,3720.472,507.000,750.547,7.9795,15.0000,1.1321,0.6958,4.5174,0.0000,0.7500,0.2500,0.0000,0.0000,4.5163,1.6565,0.8113
4,3,3721,3722,2,2,1,1.0000,3721.473,582.527,906.000,8.2830,15.0000,1.0909,0.6685,4.5174,0.0000,0.7500,0.2500,1.0000,0.0000,4.8190,1.2048,0.7818
3,3,3721,3722,2,1,2,0.7500,3721.362,618.000,601.319,8.1730,17.0000,1.0851,0.7136,5.1212,0.5333,0.2667,0.2000,0.7071,0.0000,5.1197,1.6561,1.0000
3,3,3722,3723,2,2,1,0.7500,3722.689,252.333,520.000,7.8283,16.0000,1.0667,0.4560,4.8214,0.5333,0.2667,0.2000,0.7071,0.0000,4.9720,1.5068,1.0000
3,3,3722,3723,2,1,2,0.7500,3722.333,590.000,209.333,7.3056,14.0000,1.0000,0.4714,4.2188,0.5333,0.2667,0.2000,0.7071,0.0000,4.5190,1.3557,1.0000
3,3,3725,3726,2,1,2,0.7500,3725.318,609.000,402.341,7.6606,15.0000,1.0227,0.4663,4.5229,0.5333,0.2667,0.2000,0.7071,0.0000,4.8242,0.7538,1.0000
4,3,3727,3728,2,2,1,1.0000,3727.484,597.548,569.000,9.3548,19.0000,1.2258,0.6619,5.7327,0.0000,0.7500,0.2500,1.0000,0.0000,5.1305,1.2072,0.7903
5,4,3728,3730,3,1,2,0.8333,3729.300,459.000,583.538,10.8027,21.0000,1.3125,0.6156,6.3402,0.5854,0.2927,0.1220,0.9487,0.0000,5.1342,1.8115,0.8750
3,3,3729,3730,2,2,1,0.7500,3729.286,674.327,364.000,8.5420,19.0000,1.1633,0.4339,5.7364,0.5333,0.2667,0.2000,0.7071,0.0000,5.1326,1.5105,1.0000
4,3,3729,3731,3,1,2,0.6667,3730.018,1022.000,459.179,8.4565,17.0000,1.2143,0.1795,5.1343,0.5357,0.3214,0.1429,1.0000,0.0000,4.6813,1.5097,0.8214
4,3,3730,3731,2,2,1,1.0000,3730.463,151.537,605.000,8.1557,15.0000,1.1111,0.6547,4.5302,0.0000,0.7500,0.2500,1.0000,0.0000,4.2290,0.7554,0.7963
4,3,3730,3731,2,2,2,0.5000,3730.464,473.732,426.804,8.4577,15.0000,1.0714,0.8889,4.5317,0.5916,0.1015,0.3069,0.7071,0.7071,4.8322,0.9063,0.8036
3,3,3732,3733,2,2,1,0.7500,3732.304,771.348,793.000,8.0272,16.0000,1.0435,0.4622,4.8355,0.5333,0.2667,0.2000,0.7071,0.0000,5.4397,1.9644,1.0000
7,3,3734,3735,2,2,3,0.5833,3734.582,932.242,763.890,10.4040,16.0000,1.2308,0.6401,4.8388,0.3883,0.1309,0.4808,0.3626,0.5691,3.9329,1.2101,0.4945
6,4,3735,3737,3,2,2,0.5000,3736.238,421.188,463.663,9.8849,15.0000,1.1250,0.9113,4.5412,0.5230,0.1584,0.3185,0.9225,0.0898,4.8427,1.2105,0.7250
3,3,3735,3736,2,2,1,0.7500,3735.341,468.659,964.000,7.6862,15.0000,1.0227,0.7420,4.5396,0.5333,0.2667,0.2000,0.7071,0.0000,5.1426,1.6638,1.0000
3,3,3736,3738,3,1,1,1.0000,3736.979,439.000,380.000,8.2150,18.0000,1.1489,0.0213,5.4494,0.8889,0.0000,0.1111,1.0000,0.0000,5.1448,1.2113,1.0000
4,3,3736,3737,2,2,1,1.0000,3736.564,472.436,721.000,8.3242,17.0000,1.2364,0.6171,5.1467,0.0000,0.7500,0.2500,1.0000,0.0000,3.9349,0.7560,0.8182
4,3,3736,3739,4,1,1,1.0000,3737.370,570.000,489.000,8.1752,16.0000,1.1852,0.3704,4.8439,0.9375,0.0000,0.0625,1.0000,0.0000,4.5413,1.0600,0.8148
4,3,3740,3742,3,2,1,0.6667,3741.075,94.528,691.000,8.0345,15.0000,1.1321,0.5337,4.5477,0.7576,0.1294,0.1129,0.8507,0.0000,4.5486,1.2123,0.8113
3,3,3741,3742,2,2,1,0.7500,3741.341,238.659,566.000,7.7028,15.0000,1.0227,0.7420,4.5494,0.5333,0.2667,0.2000,0.7071,0.0000,4.2448,0.6067,1.0000
3,3,3742,3743,2,1,2,0.7500,3742.622,488.000,632.689,7.8816,17.0000,1.1333,0.6957,5.1560,0.5333,0.2667,0.2000,0.7071,0.0000,4.8546,1.9720,1.0000
4,3,3743,3744,2,3,1,0.6667,3743.519,393.056,685.000,8.1935,15.0000,1.1111,0.5215,4.5511,0.7576,0.1294,0.1129,0.5257,0.0000,4.5529,0.4554,0.7963
4,3,3745,3746,2,3,1,0.6667,3745.276,284.103,823.000,8.8063,16.0000,1.1034,0.2946,4.8600,0.5357,0.3214,0.1429,0.0000,0.0000,5.1616,1.8223,0.8276
5,3,3746,3748,3,1,2,0.8333,3746.761,774.000,414.448,9.1039,15.0000,1.1194,0.9404,4.5579,0.5854,0.2927,0.1220,0.9487,0.0000,4.8613,1.9747,0.6567
4,4,3747,3748,2,1,2,1.0000,3747.500,500.000,353.469,9.7255,17.0000,1.0625,0.6854,5.1676,0.0000,0.7500,0.2500,0.0000,0.0000,5.4704,1.5185,1.0000
4,3,3747,3749,3,2,1,0.6667,3748.000,748.179,232.000,8.5114,16.0000,1.1429,0.1786,4.8637,0.5357,0.3214,0.1429,1.0000,0.0000,5.1671,1.2157,0.8214
4,3,3751,3752,2,2,2,0.5000,3751.250,495.750,315.196,8.5221,17.0000,1.2143,0.4045,5.1737,0.0000,0.5625,0.4375,0.4459,0.5774,4.5657,0.6088,0.8036
27,12,3751,3754,4,5,5,0.2700,3753.082,1201.470,406.599,22.2157,21.0000,1.4960,0.6230,6.3960,0.4870,0.1781,0.3349,0.4793,0.8761,4.2648,1.3704,0.5435
5,3,3752,3753,2,2,2,0.6250,3752.621,567.455,492.167,8.9884,16.0000,1.2121,0.6847,4.8731,0.3432,0.2505,0.4063,0.6059,0.3645,4.8711,1.8262,0.6667
3,3,3754,3755,2,2,1,0.7500,3754.667,575.667,778.000,7.3903,14.0000,1.0000,0.7454,4.2674,0.5333,0.2667,0.2000,0.7071,0.0000,4.5721,0.6095,1.0000
4,3,3756,3757,2,2,1,1.0000,3756.474,113.509,674.000,8.6922,16.0000,1.1228,0.6951,4.8789,0.0000,0.7500,0.2500,1.0000,0.0000,4.7276,1.8296,0.7895
7,3,3756,3758,3,2,2,0.5833,3756.978,635.292,495.258,10.2616,16.0000,1.2584,0.7539,4.8809,0.6517,0.0773,0.2710,0.8881,0.0000,4.2705,1.5255,0.5056
4,3,3756,3758,3,1,2,0.6667,3756.984,702.000,214.844,9.7617,21.0000,1.3125,0.1570,6.4062,0.5357,0.3214,0.1429,1.0000,0.0000,5.3387,1.3728,0.8438
3,3,3756,3758,3,1,1,1.0000,3757.043,842.000,743.000,8.1018,16.0000,1.0435,0.0435,4.8828,0.8889,0.0000,0.1111,1.0000,0.0000,5.1860,1.5252,1.0000
4,3,3761,3762,2,2,2,0.5000,3761.526,335.737,597.789,8.7099,15.0000,1.0526,0.6250,4.5850,0.5916,0.1015,0.3069,0.7071,0.7071,4.8900,1.5274,0.7895
3,3,3764,3766,3,1,1,1.0000,3765.023,215.000,554.000,7.5979,15.0000,1.0465,0.9767,4.5925,0.8889,0.0000,0.1111,1.0000,0.0000,4.5907,1.8356,1.0000
4,3,3764,3765,2,2,2,0.5000,3764.737,811.509,353.789,8.7212,16.0000,1.1228,0.6103,4.8967,0.5916,0.1015,0.3069,0.5000,0.5000,4.7428,1.5297,0.7895
6,3,3765,3766,2,3,2,0.5000,3765.526,577.846,523.872,9.7474,14.0000,1.0769,0.5625,4.2863,0.3810,0.3333,0.2857,0.3162,0.5071,4.7444,1.8365,0.5385
3,3,3766,3767,2,2,1,0.7500,3766.667,122.311,574.000,7.9565,16.0000,1.0667,0.4560,4.9006,0.5333,0.2667,0.2000,0.7071,0.0000,5.2052,1.0718,1.0000
4,3,3768,3770,3,1,2,0.6667,3768.925,462.000,471.736,8.1229,15.0000,1.1321,0.2747,4.5980,0.5357,0.3214,0.1429,1.0000,0.0000,4.9032,0.6129,0.8113
3,3,3769,3771,3,1,1,1.0000,3770.000,644.000,919.000,7.7902,15.0000,1.0227,1.0000,4.6017,0.8889,0.0000,0.1111,1.0000,0.0000,4.9046,1.0726,1.0000
3,3,3770,3772,3,1,1,1.0000,3770.977,615.000,322.000,7.6161,15.0000,1.0465,0.9767,4.5999,0.8889,0.0000,0.1111,1.0000,0.0000,4.6032,0.9200,1.0000
5,3,3770,3771,2,1,3,0.8333,3770.391,712.000,151.304,9.4643,17.0000,1.2319,0.9244,5.2153,0.5854,0.2927,0.1220,0.3162,0.0000,4.6001,1.2275,0.6812
3,3,3770,3771,2,1,2,0.7500,3770.696,1032.000,626.326,8.1465,17.0000,1.1087,0.4460,5.2153,0.5333,0.2667,0.2000,0.7071,0.0000,4.9081,1.2276,1.0000
4,3,3770,3772,3,1,2,0.6667,3771.000,1121.000,648.811,8.1297,15.0000,1.1321,0.1887,4.6017,0.5357,0.3214,0.1429,1.0000,0.0000,4.6018,1.8409,0.8113
6,3,3773,3775,3,2,2,0.5000,3773.989,551.736,773.126,10.9090,23.0000,1.5862,0.2933,7.0644,0.7074,0.0897,0.2030,0.9140,0.2540,4.7609,1.6897,0.6092
7,3,3774,3776,3,2,4,0.2917,3774.946,538.761,219.598,10.6843,21.0000,1.5978,0.4710,6.4526,0.6405,0.2031,0.1565,0.0000,0.0000,3.8407,1.2281,0.5435
3,3,3774,3775,2,2,1,0.7500,3774.326,844.674,736.000,7.6262,15.0000,1.0465,0.4604,4.6072,0.5333,0.2667,0.2000,0.7071,0.0000,3.9944,0.7680,1.0000
6,3,3776,3777,2,3,3,0.3333,3776.310,612.071,536.988,10.5424,18.0000,1.2857,0.3179,5.5330,0.2238,0.4308,0.3454,0.5847,0.8112,4.4582,1.8454,0.6071
4,3,3777,3778,2,2,1,1.0000,3777.464,375.464,900.000,8.6117,16.0000,1.1429,0.6566,4.9201,0.0000,0.7500,0.2500,1.0000,0.0000,4.6135,1.0764,0.7857
3,3,3779,3780,2,2,1,0.7500,3779.318,585.682,491.000,7.8186,16.0000,1.0909,0.4500,4.9238,0.5333,0.2667,0.2000,0.7071,0.0000,4.7715,1.5392,1.0000
6,3,3780,3782,3,2,2,0.5000,3781.200,587.875,548.663,10.0590,17.0000,1.2750,0.4117,5.2355,0.5230,0.1584,0.3185,0.9225,0.0898,4.7745,2.0018,0.5625
6,3,3782,3784,3,2,2,0.5000,3782.765,578.580,672.877,10.1906,20.0000,1.4815,0.4964,6.1639,0.6373,0.1269,0.2358,0.8795,0.0724,4.4684,1.5405,0.5926
4,3,3785,3787,3,1,2,0.6667,3785.965,541.000,235.526,8.7928,16.0000,1.1228,0.4750,4.9364,0.7576,0.1294,0.1129,0.8507,0.0000,4.7814,1.3878,0.7895
5,3,3786,3787,2,3,1,0.8333,3786.667,345.136,737.000,9.1085,16.0000,1.2121,1.1842,4.9381,0.5854,0.2927,0.1220,0.3162,0.0000,4.9378,2.1597,0.6667
6,3,3786,3788,3,2,2,0.5000,3787.208,826.130,437.506,9.7024,16.0000,1.2468,0.5627,4.9381,0.3810,0.3333,0.2857,0.9487,0.1690,4.4762,1.5427,0.5844
3,3,3789,3790,2,1,2,0.7500,3789.696,479.000,489.304,8.2039,18.0000,1.1739,0.4304,5.5608,0.5333,0.2667,0.2000,0.7071,0.0000,4.6340,1.2359,1.0000
4,3,3793,3794,2,3,1,0.6667,3793.525,328.033,619.000,9.4328,17.0000,1.1148,0.4765,5.2584,0.7576,0.1294,0.1129,0.5257,0.0000,5.1029,0.7731,0.7869
4,3,3793,3794,2,2,1,1.0000,3793.517,340.500,509.000,9.2781,17.0000,1.1333,0.6954,5.2584,0.0000,0.7500,0.2500,1.0000,0.0000,4.3298,0.3099,0.7833
3,3,3797,3799,3,1,1,1.0000,3798.000,675.000,455.000,7.6877,15.0000,1.0465,0.0000,4.6449,0.8889,0.0000,0.1111,1.0000,0.0000,4.6461,1.5490,1.0000
4,3,3798,3799,2,2,1,1.0000,3798.500,496.567,878.000,9.2911,18.0000,1.2000,0.6616,5.5739,0.0000,0.7500,0.2500,1.0000,0.0000,4.9559,1.5484,0.8000
4,3,3799,3800,2,1,2,1.0000,3799.554,973.000,581.446,8.6740,17.0000,1.2143,0.6313,5.2670,0.0000,0.7500,0.2500,0.0000,0.0000,4.9564,1.5492,0.8036
3,3,3800,3801,2,1,2,0.7500,3800.660,758.000,278.702,8.4085,17.0000,1.0851,0.4523,5.2683,0.5333,0.2667,0.2000,0.7071,0.0000,5.2669,1.5491,1.0000
3,3,3801,3802,2,2,1,0.7500,3801.689,421.622,579.000,8.0527,17.0000,1.1333,0.6957,5.2695,0.5333,0.2667,0.2000,0.7071,0.0000,4.0296,0.7747,1.0000
4,3,3802,3803,2,2,1,1.0000,3802.544,684.509,949.000,8.8353,17.0000,1.1930,0.6703,5.2708,0.0000,0.7500,0.2500,1.0000,0.0000,5.2700,1.7048,0.7895
4,3,3802,3804,3,1,2,0.6667,3803.093,935.000,861.444,8.3714,15.0000,1.1111,0.4540,4.6517,0.7576,0.1294,0.1129,0.8507,0.0000,4.8058,1.3953,0.8148
4,3,3803,3805,3,1,2,0.6667,3804.091,781.000,425.436,8.5283,16.0000,1.1636,0.4457,4.9618,0.7576,0.1294,0.1129,0.8507,0.0000,4.8073,1.2407,0.8182
4,3,3804,3805,2,2,1,1.0000,3804.464,610.464,962.000,8.6841,15.0000,1.0714,0.6566,4.6527,0.0000,0.7500,0.2500,1.0000,0.0000,5.2719,1.8609,0.8036
3,3,3807,3808,2,2,1,0.7500,3807.356,784.311,1021.000,8.0627,16.0000,1.0667,0.7156,4.9659,0.5333,0.2667,0.2000,0.7071,0.0000,4.3445,1.2412,1.0000
5,3,3808,3810,3,1,2,0.8333,3808.657,828.000,603.629,9.7174,18.0000,1.2857,0.7548,5.5867,0.5854,0.2927,0.1220,0.9487,0.0000,5.5867,1.0866,0.7143
4,4,3811,3812,2,2,1,1.0000,3811.500,352.483,536.000,9.0065,15.0000,1.0345,0.6950,4.6589,0.0000,0.7500,0.2500,1.0000,0.0000,4.8139,1.7076,1.0000
5,3,3812,3813,2,2,2,0.6250,3812.403,863.836,950.537,9.3071,16.0000,1.1940,0.8198,4.9703,0.3432,0.2505,0.4063,0.6059,0.3645,4.9695,1.7084,0.6716
3,3,3813,3815,3,1,1,1.0000,3813.958,272.000,520.000,8.6102,18.0000,1.1250,0.0417,5.5925,0.8889,0.0000,0.1111,1.0000,0.0000,5.2811,1.8643,1.0000
4,3,3813,3815,3,2,1,0.6667,3814.019,361.811,477.000,8.2335,15.0000,1.1321,0.9991,4.6612,0.5357,0.3214,0.1429,1.0000,0.0000,4.6601,0.3109,0.8113
5,4,3813,3815,3,1,2,0.8333,3814.200,584.000,856.613,10.4214,16.0000,1.0667,0.6451,4.9719,0.5854,0.2927,0.1220,0.9487,0.0000,5.2820,1.7087,0.8267
13,8,3814,3816,3,4,2,0.5417,3815.310,506.888,438.460,16.1173,18.0000,1.2513,1.0844,5.5942,0.5842,0.1332,0.2826,0.1779,0.0888,4.6619,1.3984,0.6952
5,3,3815,3816,2,2,2,0.6250,3815.620,743.437,394.155,9.8677,17.0000,1.1972,0.5994,5.2834,0.3432,0.2505,0.4063,0.6059,0.3645,4.9719,0.3109,0.6761
3,3,3820,3821,2,2,1,0.7500,3820.370,529.304,585.000,8.2589,17.0000,1.1087,0.7001,5.2870,0.5333,0.2667,0.2000,0.7071,0.0000,4.9754,1.0884,1.0000
5,3,3820,3822,3,1,3,0.5556,3820.912,757.000,274.926,9.4576,16.0000,1.1765,1.2999,4.9754,0.7911,0.1351,0.0737,0.8507,0.0000,4.6646,1.0884,0.6471
3,3,3826,3828,3,1,1,1.0000,3827.020,675.000,527.000,8.8045,17.0000,1.0408,0.9796,5.2914,0.8889,0.0000,0.1111,1.0000,0.0000,5.2908,1.7118,1.0000
7,3,3826,3828,3,2,2,0.5833,3827.337,994.250,614.543,10.8224,17.0000,1.2935,0.6866,5.2908,0.4600,0.2645,0.2756,0.8571,0.1000,4.3571,1.4005,0.5000
4,3,3828,3829,2,1,2,1.0000,3828.475,511.000,789.441,9.1825,17.0000,1.1525,0.6858,5.2919,0.0000,0.7500,0.2500,0.0000,0.0000,5.1358,1.8676,0.8136
7,3,3828,3829,2,2,2,0.8750,3828.545,539.420,625.375,10.3533,16.0000,1.2727,0.8798,4.9801,0.0000,0.3318,0.6682,0.7788,0.5774,4.3581,1.0895,0.5000
6,4,3829,3832,4,2,2,0.3750,3830.405,608.119,323.690,10.6767,18.0000,1.2857,0.6814,5.6044,0.7351,0.1332,0.1317,0.9406,0.2762,4.8259,1.2456,0.7381
4,3,3829,3830,2,2,1,1.0000,3829.542,626.441,594.000,9.1836,18.0000,1.2203,0.6353,5.6038,0.0000,0.7500,0.2500,1.0000,0.0000,5.1365,1.4009,0.7966
6,4,3830,3832,3,2,2,0.5000,3831.173,521.481,553.790,10.2962,17.0000,1.2593,0.9413,5.2931,0.3810,0.3333,0.2857,0.9487,0.1690,4.6705,1.8681,0.7284
3,3,3830,3831,2,1,2,0.7500,3830.659,854.000,228.682,7.9093,15.0000,1.0227,0.7319,4.6704,0.5333,0.2667,0.2000,0.7071,0.0000,4.9812,1.2456,1.0000
3,3,3832,3833,2,2,1,0.7500,3832.681,708.702,972.000,8.4504,18.0000,1.1489,0.4366,5.6057,0.5333,0.2667,0.2000,0.7071,0.0000,5.1379,1.2458,1.0000
3,3,3834,3835,2,1,2,0.7500,3834.333,900.000,615.333,8.0922,15.0000,1.0000,0.4714,4.6724,0.5333,0.2667,0.2000,0.7071,0.0000,5.2947,1.5574,1.0000
4,3,3838,3839,2,2,1,1.0000,3838.567,540.467,946.000,9.3485,18.0000,1.2000,0.6368,5.6094,0.0000,0.7500,0.2500,1.0000,0.0000,4.9860,1.8698,0.8000
5,3,3838,3839,2,2,2,0.6250,3838.418,789.448,473.836,9.3369,16.0000,1.1940,0.8190,4.9861,0.3432,0.2505,0.4063,0.6059,0.3645,4.9856,1.8694,0.6567
5,3,3843,3844,2,2,3,0.4167,3843.763,620.132,635.053,10.5978,24.0000,1.5789,0.2760,7.4836,0.4138,0.1655,0.4207,0.0000,0.7071,4.6774,1.8708,0.7368
7,3,3844,3846,3,3,2,0.3889,3845.326,890.465,931.116,10.1373,16.0000,1.3023,0.6369,4.9897,0.6188,0.1635,0.2176,0.6691,0.0458,3.4305,0.6239,0.5116
6,3,3845,3846,2,2,2,0.7500,3845.645,1033.434,993.329,9.6768,15.0000,1.1842,0.8747,4.6785,0.2000,0.3333,0.4667,0.7071,0.7071,4.5220,1.5593,0.5658
6,3,3846,3847,2,3,2,0.5000,3846.347,500.787,457.280,9.5503,14.0000,1.1200,0.9041,4.3671,0.6381,0.1455,0.2164,0.3327,0.3629,4.6787,1.5596,0.5600
5,3,3846,3847,2,3,2,0.4167,3846.609,648.014,431.638,9.6252,17.0000,1.2319,0.7085,5.3030,0.7383,0.0485,0.2132,0.5000,0.7071,4.9909,1.8716,0.6957
4,3,3848,3849,2,1,2,1.0000,3848.481,924.000,343.444,8.4241,16.0000,1.1852,0.6829,4.9924,0.0000,0.7500,0.2500,0.0000,0.0000,4.6798,1.8718,0.8148
3,3,3850,3852,3,1,1,1.0000,3850.977,352.000,285.000,7.7485,15.0000,1.0465,0.9767,4.6810,0.8889,0.0000,0.1111,1.0000,0.0000,4.6824,0.6241,1.0000
4,3,3856,3858,3,2,1,0.6667,3857.074,397.537,418.000,8.4351,15.0000,1.1111,0.5421,4.6861,0.7576,0.1294,0.1129,0.8507,0.0000,5.1550,1.5622,0.8148
4,3,3856,3857,2,2,2,0.5000,3856.491,798.218,426.255,8.5904,15.0000,1.0909,0.6096,4.6861,0.5916,0.1015,0.3069,0.7071,0.7071,4.6853,1.0933,0.7818
5,3,3858,3860,3,2,2,0.4167,3859.197,515.152,773.212,9.2244,15.0000,1.1364,0.3267,4.6885,0.6489,0.0995,0.2515,0.9362,0.2726,4.6878,1.0936,0.6667
6,3,3858,3859,2,1,5,0.6000,3858.133,765.000,178.307,9.5673,16.0000,1.2800,0.7060,4.9993,0.8891,0.0670,0.0439,0.0825,0.0000,4.2182,1.2501,0.5867
3,3,3860,3861,2,2,1,0.7500,3860.333,436.667,730.000,7.5798,14.0000,1.0000,0.7454,4.3767,0.5333,0.2667,0.2000,0.7071,0.0000,4.6885,1.5626,1.0000
3,3,3866,3867,2,2,1,0.7500,3866.364,770.318,536.000,7.9496,16.0000,1.0909,0.7115,5.0076,0.5333,0.2667,0.2000,0.7071,0.0000,4.6938,0.6261,1.0000
7,3,3869,3871,3,3,2,0.3889,3870.180,1025.371,874.112,10.5349,15.0000,1.1798,0.4271,4.6984,0.6814,0.1697,0.1489,0.7744,0.2769,4.3853,1.2528,0.4944
3,3,3870,3871,2,1,2,0.7500,3870.311,955.000,451.622,8.1368,17.0000,1.1333,0.6957,5.3238,0.5333,0.2667,0.2000,0.7071,0.0000,4.0722,1.0965,1.0000
5,4,3872,3874,3,1,2,0.8333,3873.368,576.000,734.566,10.6514,19.0000,1.2500,0.8479,5.9551,0.5854,0.2927,0.1220,0.9487,0.0000,5.0134,1.5664,0.8684
4,3,3872,3873,2,2,2,0.5000,3872.246,717.246,555.175,8.9293,19.0000,1.3333,0.3891,5.9526,0.0000,0.5625,0.4375,0.4459,0.5774,4.0734,0.9398,0.8246
4,3,3873,3874,2,1,2,1.0000,3873.519,823.000,658.556,8.4617,16.0000,1.1852,0.6829,5.0138,0.0000,0.7500,0.2500,0.0000,0.0000,4.7014,1.4104,0.8148
3,3,3874,3875,2,1,2,0.7500,3874.667,743.000,156.333,7.6013,14.0000,1.0000,0.7454,4.3889,0.5333,0.2667,0.2000,0.7071,0.0000,4.7026,1.5676,1.0000
7,3,3879,3881,3,2,2,0.5833,3880.135,370.229,440.240,11.3880,18.0000,1.3125,0.3581,5.6492,0.5694,0.1791,0.2515,0.9716,0.0838,4.3945,2.0398,0.5312
7,3,3880,3882,3,3,2,0.3889,3880.978,684.132,434.736,10.7970,14.0000,1.0769,1.0215,4.3948,0.4861,0.2303,0.2836,0.8111,0.2357,4.3957,1.5694,0.4615
7,3,3880,3882,3,2,3,0.3889,3881.267,914.453,792.116,10.2044,14.0000,1.1395,0.5392,4.3958,0.3286,0.4589,0.2125,0.6526,0.2808,4.0800,1.5692,0.4884
3,3,3881,3882,2,1,2,0.7500,3881.674,633.000,194.674,7.7945,15.0000,1.0465,0.4604,4.7098,0.5333,0.2667,0.2000,0.7071,0.0000,4.7097,0.6283,1.0000
3,3,3881,3882,2,1,2,0.7500,3881.674,807.000,934.326,7.7945,15.0000,1.0465,0.4604,4.7098,0.5333,0.2667,0.2000,0.7071,0.0000,4.7096,1.2559,1.0000
3,3,3882,3883,2,2,1,0.7500,3882.319,519.702,328.000,8.5208,18.0000,1.1489,0.4366,5.6518,0.5333,0.2667,0.2000,0.7071,0.0000,5.0249,1.7267,1.0000
6,4,3883,3884,2,2,2,0.7500,3883.341,500.463,549.341,10.5144,16.0000,1.1707,0.8747,5.0261,0.2000,0.3333,0.4667,0.7071,0.7071,4.7110,1.0993,0.7073
6,3,3885,3887,3,2,2,0.5000,3885.756,483.744,527.397,10.0072,17.0000,1.3077,0.6987,5.3428,0.6381,0.1455,0.2164,0.8019,0.3768,5.0275,2.1989,0.5897
4,3,3887,3888,2,2,1,1.0000,3887.464,820.518,539.000,8.8029,16.0000,1.1429,0.6955,5.0297,0.0000,0.7500,0.2500,1.0000,0.0000,4.2443,0.9429,0.8036
5,3,3888,3889,2,3,1,0.8333,3888.614,795.214,936.000,9.8447,19.0000,1.3571,0.4412,5.9756,0.5854,0.2927,0.1220,0.3162,0.0000,5.0316,1.2581,0.7000
3,3,3889,3890,2,2,1,0.7500,3889.681,435.681,506.000,8.5357,17.0000,1.0851,0.4513,5.3479,0.5333,0.2667,0.2000,0.7071,0.0000,5.3480,2.0449,1.0000
3,3,3892,3893,2,1,2,0.7500,3892.333,732.000,153.333,7.6325,14.0000,1.0000,0.4714,4.4074,0.5333,0.2667,0.2000,0.7071,0.0000,4.7210,1.8887,1.0000
4,3,3897,3898,2,1,2,1.0000,3897.536,746.000,802.464,8.8247,16.0000,1.1429,0.6566,5.0433,0.0000,0.7500,0.2500,0.0000,0.0000,4.8850,1.4183,0.7857
3,3,3898,3899,2,2,1,0.7500,3898.667,595.667,324.000,8.1906,15.0000,1.0000,0.7454,4.7292,0.5333,0.2667,0.2000,0.7071,0.0000,5.0445,1.5763,1.0000
8,4,3898,3901,4,2,2,0.5000,3899.602,826.694,465.509,12.0405,18.0000,1.3333,0.8345,5.6751,0.7197,0.0792,0.2011,0.8818,0.4381,4.5721,1.7342,0.6019
4,3,3898,3900,3,1,2,0.6667,3899.068,846.000,503.441,9.3010,17.0000,1.1525,0.4459,5.3598,0.7576,0.1294,0.1129,0.8507,0.0000,5.0452,2.3643,0.7966
5,3,3898,3900,3,2,2,0.4167,3898.632,903.147,492.647,9.5870,17.0000,1.2500,0.5304,5.3598,0.6999,0.1281,0.1720,0.8684,0.1395,4.7281,1.5762,0.6618
5,3,3901,3902,2,2,2,0.6250,3901.580,556.348,929.159,9.7353,19.0000,1.3768,0.5684,5.9950,0.3432,0.2505,0.4063,0.6059,0.3645,4.7318,1.5777,0.6957
6,3,3902,3903,2,3,1,1.0000,3902.533,872.893,446.000,9.6622,15.0000,1.2000,1.0079,4.7341,0.5556,0.3333,0.1111,0.0000,0.0000,4.2596,1.7359,0.5867
4,3,3907,3908,2,2,2,0.5000,3907.689,771.246,490.180,9.6377,19.0000,1.2459,0.7530,6.0027,0.0000,0.5625,0.4375,0.4459,0.5774,5.5301,1.8958,0.8197
4,3,3908,3909,2,2,2,0.5000,3908.792,782.264,479.472,8.3762,14.0000,1.0566,0.5791,4.4254,0.5916,0.1015,0.3069,0.5000,0.5000,4.7415,1.2639,0.7925
6,3,3909,3910,2,2,2,0.7500,3909.671,637.544,361.253,10.1965,18.0000,1.3671,0.6165,5.6913,0.2000,0.3333,0.4667,0.7071,0.7071,4.4254,1.4228,0.6076
6,3,3911,3913,3,2,2,0.5000,3911.676,817.622,557.865,9.5563,16.0000,1.2973,0.5164,5.0616,0.5034,0.2551,0.2415,0.9677,0.2521,4.1124,1.5812,0.5946
4,3,3912,3913,2,2,2,0.5000,3912.745,946.255,794.218,8.7014,15.0000,1.0909,0.4209,4.7466,0.0000,0.5625,0.4375,0.4459,0.5774,4.1132,0.9493,0.7818
4,3,3919,3921,3,2,1,0.6667,3919.984,538.180,958.000,9.6699,21.0000,1.3770,0.1811,6.6580,0.5357,0.3214,0.1429,1.0000,0.0000,5.0727,1.5856,0.8197
7,3,3920,3921,2,2,2,0.8750,3920.643,665.405,535.417,10.0678,15.0000,1.2500,0.6819,4.7570,0.0000,0.3318,0.6682,0.7788,0.5774,3.4885,0.9514,0.5238
5,3,3929,3930,2,1,3,0.8333,3929.569,1080.000,742.262,9.2419,14.0000,1.0769,0.6264,4.4516,0.5854,0.2927,0.1220,0.3162,0.0000,5.0860,1.5894,0.6462
5,3,3934,3935,2,2,2,0.6250,3934.385,916.385,308.169,9.2556,15.0000,1.1538,0.5696,4.7755,0.3432,0.2505,0.4063,0.6059,0.3645,5.0938,1.4325,0.6615
6,3,3935,3937,3,2,2,0.5000,3936.187,739.280,342.600,9.7546,15.0000,1.2000,0.6879,4.7800,0.6381,0.1455,0.2164,0.8019,0.3768,4.6186,1.2743,0.5867
3,3,3938,3939,2,2,1,0.7500,3938.667,510.333,429.000,8.2838,15.0000,1.0000,0.7454,4.7832,0.5333,0.2667,0.2000,0.7071,0.0000,5.1020,1.5938,1.0000
4,3,3941,3942,2,2,1,1.0000,3941.571,803.536,233.000,8.9363,16.0000,1.1429,0.6860,5.1072,0.0000,0.7500,0.2500,1.0000,0.0000,5.1066,1.1173,0.8214
3,3,3943,3944,2,1,2,0.7500,3943.304,957.000,387.304,8.4812,18.0000,1.1739,0.4304,5.7476,0.5333,0.2667,0.2000,0.7071,0.0000,4.7911,0.9578,1.0000
4,3,3945,3948,4,1,1,1.0000,3946.579,472.000,498.000,9.1119,15.0000,1.0526,0.5789,4.7982,0.9375,0.0000,0.0625,1.0000,0.0000,5.1155,1.7580,0.7895
6,3,3945,3946,2,3,2,0.5000,3945.486,660.351,362.865,9.6549,14.0000,1.1351,0.6151,4.4751,0.6373,0.1269,0.2358,0.4046,0.4063,4.7937,2.0771,0.5676
9,4,3948,3950,3,2,3,0.5000,3948.779,839.230,534.975,13.0122,20.0000,1.4754,0.3198,6.4000,0.3738,0.3019,0.3244,0.8974,0.1487,4.1587,1.2795,0.5492
5,3,3948,3950,3,2,1,0.8333,3949.119,851.627,688.000,9.5887,16.0000,1.1940,0.3918,5.1200,0.5854,0.2927,0.1220,0.9487,0.0000,4.7986,1.4399,0.6716
5,3,3952,3954,3,2,2,0.4167,3952.886,455.157,672.557,10.0325,16.0000,1.1429,1.2557,5.1299,0.7729,0.0435,0.1836,0.8328,0.5477,5.1281,0.9606,0.6571
4,3,3957,3959,3,2,1,0.6667,3957.925,781.547,536.000,8.5101,15.0000,1.1321,0.4591,4.8172,0.7576,0.1294,0.1129,0.8507,0.0000,4.8164,0.9637,0.8113
4,3,3974,3976,3,1,2,0.6667,3975.058,937.000,553.500,8.4202,16.0000,1.2308,0.5033,5.1815,0.7576,0.1294,0.1129,0.8507,0.0000,4.5349,1.2946,0.8077
5,3,3976,3977,2,2,2,0.6250,3976.381,1043.349,465.206,9.1315,14.0000,1.1111,0.5565,4.5392,0.3432,0.2505,0.4063,0.6059,0.3645,4.5371,1.2963,0.6508
4,3,3977,3978,2,1,2,1.0000,3977.434,611.000,573.453,8.5943,16.0000,1.2075,0.6272,5.1876,0.0000,0.7500,0.2500,0.0000,0.0000,4.7028,1.2973,0.8113
5,3,3977,3979,3,1,2,0.8333,3977.766,981.000,397.438,9.2843,15.0000,1.1719,0.6094,4.8664,0.5854,0.2927,0.1220,0.9487,0.0000,4.5396,1.9455,0.6562
5,3,3978,3980,3,2,2,0.4167,3978.812,984.844,354.828,9.2904,15.0000,1.1719,0.8451,4.8664,0.6489,0.0995,0.2515,0.9362,0.2726,4.8700,0.9739,0.6719
4,3,3979,3980,2,1,3,0.6667,3979.453,938.000,190.057,8.6052,15.0000,1.1321,0.4564,4.8694,0.7576,0.1294,0.1129,0.5257,0.0000,4.7087,1.2985,0.7925
3,3,3981,3983,3,1,1,1.0000,3981.977,893.000,432.000,8.0751,16.0000,1.1163,0.0233,5.2043,0.8889,0.0000,0.1111,1.0000,0.0000,4.8760,0.4874,1.0000
3,3,3982,3984,3,1,1,1.0000,3983.024,781.000,347.000,7.7051,14.0000,1.0244,0.0244,4.5601,0.8889,0.0000,0.1111,1.0000,0.0000,4.8822,0.3271,1.0000
3,3,3984,3986,3,1,1,1.0000,3984.975,619.000,399.000,7.5276,14.0000,1.0500,0.9750,4.5601,0.8889,0.0000,0.1111,1.0000,0.0000,4.5665,1.4658,1.0000
3,3,3984,3985,2,1,2,0.7500,3984.667,1074.000,618.357,7.9022,15.0000,1.0714,0.7241,4.8894,0.5333,0.2667,0.2000,0.7071,0.0000,4.8861,1.1404,1.0000
3,3,3985,3987,3,1,1,1.0000,3986.043,553.000,292.000,8.6636,18.0000,1.1739,0.0435,5.8716,0.8889,0.0000,0.1111,1.0000,0.0000,5.2232,0.3255,1.0000
3,3,3985,3987,3,1,1,1.0000,3985.955,837.000,644.000,8.2864,16.0000,1.0909,0.9545,5.2154,0.8889,0.0000,0.1111,1.0000,0.0000,4.8968,1.4673,1.0000
3,3,3985,3986,2,2,1,0.7500,3985.340,877.319,1003.000,8.8473,16.0000,1.0213,0.4666,5.2192,0.5333,0.2667,0.2000,0.7071,0.0000,5.5416,1.6298,1.0000
4,3,3988,3989,2,1,2,1.0000,3988.549,784.000,341.549,8.3346,15.0000,1.1765,0.6378,4.9045,0.0000,0.7500,0.2500,0.0000,0.0000,4.5758,0.9800,0.8039
3,3,3989,3990,2,2,1,0.7500,3989.317,715.659,436.000,7.7417,14.0000,1.0244,0.7309,4.5775,0.5333,0.2667,0.2000,0.7071,0.0000,5.2315,2.2880,1.0000
5,3,3990,3992,3,2,2,0.4167,3991.452,428.839,646.226,9.0845,14.0000,1.1290,0.5301,4.5891,0.6338,0.1686,0.1975,0.9585,0.2851,4.2579,1.3105,0.6774
4,3,3991,3992,2,2,1,1.0000,3991.482,732.429,443.000,9.1740,17.0000,1.2143,0.6722,5.5724,0.0000,0.7500,0.2500,1.0000,0.0000,5.4028,2.1284,0.8214
3,3,3991,3992,2,1,2,0.7500,3991.659,953.000,733.659,7.7570,14.0000,1.0244,0.7418,4.5891,0.5333,0.2667,0.2000,0.7071,0.0000,5.2413,2.1315,1.0000
4,3,3992,3993,2,2,1,1.0000,3992.462,960.538,936.000,8.5260,15.0000,1.1538,0.6527,4.9168,0.0000,0.7500,0.2500,1.0000,0.0000,4.9182,1.3112,0.7885
3,3,3993,3994,2,1,2,0.7500,3993.317,838.000,291.317,7.7683,15.0000,1.0976,0.4484,4.9212,0.5333,0.2667,0.2000,0.7071,0.0000,4.5972,1.3123,1.0000
3,3,3996,3997,2,1,2,0.7500,3996.341,839.000,198.659,7.7902,14.0000,1.0244,0.7418,4.6103,0.5333,0.2667,0.2000,0.7071,0.0000,4.9348,1.6461,1.0000
3,3,3997,3998,2,2,1,0.7500,3997.325,613.650,588.000,7.6074,14.0000,1.0500,0.7267,4.6103,0.5333,0.2667,0.2000,0.7071,0.0000,4.6148,1.3172,1.0000
4,3,3997,3998,2,1,2,1.0000,3997.471,1154.000,674.471,8.4012,14.0000,1.0980,0.7083,4.6148,0.0000,0.7500,0.2500,0.0000,0.0000,4.7753,0.9882,0.8039
3,3,3998,3999,2,1,2,0.7500,3998.325,589.000,235.675,7.6150,14.0000,1.0500,0.4596,4.6148,0.5333,0.2667,0.2000,0.7071,0.0000,3.9602,0.9894,1.0000
5,3,3998,3999,2,2,2,0.6250,3998.571,811.381,307.841,9.2925,15.0000,1.1905,0.5950,4.9495,0.3432,0.2505,0.4063,0.6059,0.3645,4.6155,1.6475,0.6667
4,3,3999,4001,3,1,2,0.6667,3999.673,969.000,397.255,9.0804,15.0000,1.0909,0.7193,4.9546,0.7500,0.1500,0.1000,0.9487,0.0000,5.4454,1.8166,0.8000
3,3,4004,4006,3,1,1,1.0000,4005.000,972.000,454.000,8.0535,16.0000,1.1429,0.0000,5.3139,0.8889,0.0000,0.1111,1.0000,0.0000,4.6551,1.6602,1.0000
5,3,4007,4009,3,1,2,0.8333,4007.708,491.000,706.600,9.6852,15.0000,1.1538,0.8129,4.9934,0.5854,0.2927,0.1220,0.9487,0.0000,4.9955,1.3328,0.6615
4,3,4008,4009,2,2,2,0.5000,4008.741,1098.722,437.204,9.0071,15.0000,1.1111,0.7939,5.0055,0.0000,0.5625,0.4375,0.4459,0.5774,5.0027,0.8349,0.7963
9,5,4010,4012,3,3,3,0.3333,4010.833,848.675,593.000,12.7096,19.0000,1.5000,0.6957,6.3561,0.5675,0.2364,0.1961,0.6451,0.0282,5.0125,1.6756,0.6579
4,3,4011,4012,2,2,1,1.0000,4011.540,810.440,598.000,8.3690,14.0000,1.1200,0.6966,4.6894,0.0000,0.7500,0.2500,1.0000,0.0000,4.8539,1.6720,0.8200
7,3,4016,4018,3,2,2,0.5833,4016.926,1094.691,347.222,10.3213,14.0000,1.2099,1.0010,4.7140,0.6517,0.0773,0.2710,0.8881,0.0000,4.5461,1.6876,0.4938
3,3,4017,4019,3,1,1,1.0000,4018.000,723.000,232.000,7.9920,14.0000,1.0244,1.0000,4.7331,0.8889,0.0000,0.1111,1.0000,0.0000,5.0579,1.5177,1.0000
4,4,4018,4020,3,1,2,0.6667,4018.759,938.000,723.741,9.1252,14.0000,1.0370,1.0607,4.7396,0.7500,0.1500,0.1000,0.9487,0.0000,4.8994,1.8602,1.0000
8,3,4020,4022,3,2,3,0.4444,4020.839,711.570,623.602,11.1443,15.0000,1.2903,0.7135,5.0922,0.2331,0.4795,0.2874,0.2649,0.2532,3.8970,1.3542,0.4731
5,3,4022,4024,3,2,1,0.8333,4022.770,889.361,502.000,9.2709,16.0000,1.3115,0.4275,5.4392,0.5854,0.2927,0.1220,0.9487,0.0000,4.7593,1.3584,0.7049
6,3,4025,4027,3,2,2,0.5000,4025.770,859.716,748.297,10.3097,16.0000,1.2973,0.8731,5.4543,0.6381,0.1455,0.2164,0.8019,0.3768,4.6078,1.3669,0.5946
3,3,4027,4028,2,1,2,0.7500,4027.325,822.000,345.325,7.8982,14.0000,1.0500,0.4596,4.7859,0.5333,0.2667,0.2000,0.7071,0.0000,4.7913,1.3655,1.0000
5,3,4028,4030,3,2,1,0.8333,4029.197,914.439,620.000,10.1208,18.0000,1.3636,0.4815,6.1704,0.5854,0.2927,0.1220,0.9487,0.0000,5.3195,1.3724,0.7121
4,3,4031,4034,4,1,1,1.0000,4032.358,821.000,341.000,9.1261,17.0000,1.2830,0.3585,5.8516,0.9375,0.0000,0.0625,1.0000,0.0000,4.9920,1.3773,0.8302
4,3,4031,4033,3,2,1,0.6667,4031.833,1084.204,780.000,9.2916,15.0000,1.1111,0.2632,5.1702,0.7500,0.1500,0.1000,0.9487,0.0000,5.1597,1.7243,0.7963
5,3,4031,4032,2,3,1,0.8333,4031.448,1150.310,745.000,8.9216,14.0000,1.2069,0.8225,4.8124,0.5854,0.2927,0.1220,0.3162,0.0000,5.1613,2.0615,0.6897
9,3,4033,4036,4,3,2,0.3750,4034.427,753.938,523.281,11.0509,13.0000,1.2187,1.1341,4.4988,0.7834,0.1189,0.0977,0.7636,0.6027,3.7971,1.0368,0.4062
4,3,4035,4036,2,2,1,1.0000,4035.577,850.577,525.000,8.9926,17.0000,1.3077,0.5983,5.8831,0.0000,0.7500,0.2500,1.0000,0.0000,4.8421,2.0736,0.8269
6,4,4036,4037,2,2,2,0.7500,4036.571,970.667,742.702,11.8763,17.0000,1.2143,0.6192,5.8908,0.2000,0.3333,0.4667,0.0000,0.0000,5.3674,1.3852,0.7381
5,3,4044,4045,2,2,2,0.6250,4044.609,852.547,514.828,10.0105,15.0000,1.1719,0.6937,5.2486,0.3432,0.2505,0.4063,0.6059,0.3645,4.8991,0.7000,0.6562
6,3,4046,4048,3,1,3,0.6667,4046.859,573.000,528.465,10.1631,18.0000,1.5211,0.5534,6.3122,0.2083,0.6667,0.1250,0.4472,0.0000,4.2055,1.0513,0.5915
3,3,4046,4047,2,1,2,0.7500,4046.341,893.000,429.707,8.2951,15.0000,1.0976,0.4497,5.2545,0.5333,0.2667,0.2000,0.7071,0.0000,5.2602,1.2276,1.0000
5,3,4047,4049,3,1,2,0.8333,4048.241,846.000,324.603,9.1080,13.0000,1.1207,0.6499,4.5684,0.5854,0.2927,0.1220,0.9487,0.0000,4.9153,1.0524,0.6724
4,3,4048,4049,2,2,2,0.5000,4048.468,1151.191,747.723,8.2537,13.0000,1.1064,0.8827,4.5684,0.5916,0.1015,0.3069,0.7071,0.7071,4.7396,1.7556,0.8085
3,3,4049,4050,2,1,2,0.7500,4049.641,1086.000,679.333,7.9178,14.0000,1.0769,0.7225,4.9198,0.5333,0.2667,0.2000,0.7071,0.0000,4.9251,1.7588,1.0000
4,3,4050,4051,2,1,2,1.0000,4050.500,606.000,181.558,9.1504,15.0000,1.1538,0.6676,5.2817,0.0000,0.7500,0.2500,0.0000,0.0000,4.9251,0.7039,0.7885
5,3,4050,4051,2,2,2,0.6250,4050.542,621.407,529.847,9.2865,15.0000,1.2712,0.6949,5.2765,0.3432,0.2505,0.4063,0.6059,0.3645,4.5730,0.3534,0.6610
4,3,4051,4052,2,2,2,0.5000,4051.440,1151.820,359.240,8.8065,16.0000,1.2800,0.5325,5.6338,0.5916,0.1015,0.3069,0.7071,0.7071,4.7562,1.9364,0.8200
5,3,4052,4053,2,1,3,0.8333,4052.617,1067.000,454.783,9.4624,16.0000,1.3333,0.4403,5.6443,0.5854,0.2927,0.1220,0.3162,0.0000,4.9394,1.4101,0.6833
7,3,4052,4054,3,3,2,0.3889,4053.296,1132.901,449.309,10.8028,14.0000,1.2099,0.7586,4.9431,0.2843,0.4935,0.2222,0.8778,0.4790,4.5888,1.4117,0.4938
5,3,4053,4054,2,2,3,0.4167,4053.738,987.852,605.295,9.6298,16.0000,1.3115,1.0310,5.6443,0.6489,0.0995,0.2515,0.3339,0.8871,4.5903,1.5881,0.6721
4,3,4054,4055,2,1,2,1.0000,4054.544,797.000,366.596,10.0675,17.0000,1.1930,0.6772,6.0075,0.0000,0.7500,0.2500,0.0000,0.0000,5.8285,1.0601,0.8421
6,3,4055,4057,3,1,3,0.6667,4056.149,954.000,502.986,10.6858,16.0000,1.2973,0.1493,5.6588,0.6944,0.2222,0.0833,0.6000,0.0000,4.7768,1.7704,0.6081
3,3,4055,4056,2,2,1,0.7500,4055.368,1209.684,456.000,7.7553,14.0000,1.1053,0.7061,4.9514,0.5333,0.2667,0.2000,0.7071,0.0000,3.8875,1.0612,1.0000
3,3,4056,4057,2,2,1,0.7500,4056.324,693.676,250.000,7.5571,13.0000,1.0541,0.4587,4.5978,0.5333,0.2667,0.2000,0.7071,0.0000,4.6014,1.7675,1.0000
4,3,4057,4058,2,2,1,1.0000,4057.522,758.457,912.000,8.1442,13.0000,1.1304,0.6933,4.6014,0.0000,0.7500,0.2500,1.0000,0.0000,4.6046,1.2396,0.8043
4,3,4057,4060,4,1,1,1.0000,4058.565,902.000,937.000,8.1504,12.0000,1.0435,0.5652,4.2568,0.9375,0.0000,0.0625,1.0000,0.0000,4.6062,0.7087,0.7826
4,4,4057,4060,4,1,1,1.0000,4058.529,1027.000,612.000,9.0361,13.0000,1.0196,0.5294,4.6115,0.9375,0.0000,0.0625,1.0000,0.0000,4.9606,0.8849,1.0000
4,3,4057,4058,2,3,1,0.6667,4057.714,1159.673,774.000,8.6766,14.0000,1.1429,0.9817,4.9554,0.7500,0.1500,0.1000,0.3162,0.0000,4.7820,1.2392,0.7959
4,3,4057,4058,2,2,1,1.0000,4057.490,1171.551,859.000,8.6751,15.0000,1.2245,0.6644,5.3093,0.0000,0.7500,0.2500,1.0000,0.0000,4.6046,1.4162,0.7959
3,3,4057,4059,3,1,1,1.0000,4058.000,1255.000,701.000,7.5669,13.0000,1.0541,0.0000,4.6049,0.8889,0.0000,0.1111,1.0000,0.0000,4.6082,1.9476,1.0000
6,3,4058,4060,3,2,1,1.0000,4059.043,667.507,1066.000,9.9857,15.0000,1.3043,0.5091,5.3173,0.5556,0.3333,0.1111,1.0000,0.0000,4.2563,0.7097,0.5797
3,3,4058,4060,3,1,1,1.0000,4059.026,701.000,494.000,7.7772,13.0000,1.0263,0.0263,4.6115,0.8889,0.0000,0.1111,1.0000,0.0000,4.9625,1.5944,1.0000
3,3,4058,4060,3,1,1,1.0000,4059.000,761.000,360.000,7.9817,15.0000,1.1538,0.0000,5.3173,0.8889,0.0000,0.1111,1.0000,0.0000,4.9652,1.0618,1.0000
5,3,4058,4060,3,2,1,0.8333,4059.158,954.684,627.000,9.0371,13.0000,1.1404,1.2002,4.6115,0.5854,0.2927,0.1220,0.9487,0.0000,4.9597,1.7727,0.6842
4,3,4058,4060,3,2,1,0.6667,4058.980,1323.531,639.000,8.6847,14.0000,1.1429,0.4698,4.9628,0.7576,0.1294,0.1129,0.8507,0.0000,3.5443,1.4177,0.7755
5,4,4059,4060,2,2,2,0.6250,4059.439,791.167,430.439,10.4662,17.0000,1.2879,0.8101,6.0305,0.3432,0.2505,0.4063,0.6059,0.3645,3.5483,0.3557,0.8333
5,3,4059,4060,2,3,2,0.4167,4059.661,1308.946,560.214,8.8818,13.0000,1.1607,0.4048,4.6115,0.5461,0.2256,0.2283,0.5716,0.7118,3.5478,1.0637,0.6607
5,3,4060,4060,1,3,3,0.5556,4060.000,938.717,833.983,9.5185,14.0000,1.1667,0.7169,4.9663,0.5532,0.3398,0.1070,0.0000,1.0000,4.6107,2.1267,0.6667
