n_voxels,n_seed,z_min,z_max,z_extent,y_extent,x_extent,fill,centroid_z,centroid_y,centroid_x,snr_cluster,r_peak,r_peak_ratio,peak_offset,snr_peak,linearity,planarity,sphericity,axis_z,normal_z,edge_contrast,decay_drop,seed_grown_ratio
24,5,200,203,4,4,4,0.3750,200.744,224.165,831.045,16.0241,14.0000,1.3884,0.7633,4.5422,0.1638,0.5102,0.3260,0.5620,0.7692,1.9473,0.6475,0.2810
42,3,200,202,3,6,10,0.2333,200.756,225.848,836.575,20.1219,15.0000,1.5672,2.5906,4.8666,0.7656,0.1500,0.0844,0.0243,0.9958,2.2702,0.6489,0.1368
14,3,200,203,4,4,4,0.2188,200.697,784.400,631.065,13.4375,17.0000,1.5355,1.7128,5.5192,0.5295,0.2828,0.1877,0.3787,0.1353,3.5687,1.6222,0.2968
3,3,200,202,3,1,1,1.0000,201.022,786.000,640.000,8.6167,17.0000,1.1087,0.0217,5.5155,0.8889,0.0000,0.1111,1.0000,0.0000,4.5452,0.0003,1.0000
32,4,200,206,7,5,6,0.1524,201.851,790.781,748.623,18.8809,15.0000,1.4590,1.9017,4.8634,0.6048,0.3581,0.0371,0.7234,0.0198,2.9201,0.6485,0.2462
8,3,200,202,3,2,2,0.6667,200.755,795.309,628.245,10.7808,17.0000,1.4468,0.8518,5.5119,0.4961,0.2369,0.2670,0.9586,0.0986,3.7314,0.3251,0.4787
73,12,200,205,6,4,18,0.1690,201.538,812.944,710.260,31.9854,21.0000,1.8207,1.8011,6.8178,0.8940,0.0938,0.0122,0.0307,0.0694,3.2442,0.6506,0.4442
14,7,200,202,3,4,3,0.3889,200.781,927.544,408.053,14.6520,15.0000,1.2426,0.9058,4.8634,0.6366,0.2344,0.1290,0.2638,0.1039,4.5410,1.2978,0.6568
11,5,200,203,4,3,3,0.3056,201.252,968.595,442.916,12.8170,15.0000,1.2595,1.3183,4.8666,0.4734,0.3520,0.1746,0.8265,0.1369,4.5417,1.2982,0.5344
7,3,200,201,2,5,2,0.3500,200.099,1122.988,473.123,9.9269,16.0000,1.3827,1.0002,5.1877,0.8900,0.0084,0.1017,0.0887,0.7071,2.9177,0.9726,0.5432
26,3,200,203,4,6,4,0.2708,201.107,1141.342,515.309,17.3081,17.0000,1.6250,1.6900,5.5155,0.6198,0.1611,0.2191,0.2295,0.7378,2.5940,0.6476,0.2243
14,4,200,202,3,3,3,0.5185,200.994,1144.259,522.778,13.7002,17.0000,1.5063,0.3412,5.5155,0.1365,0.4460,0.4176,0.0000,0.0000,2.5962,0.0009,0.3797
17,3,200,202,3,5,4,0.2833,200.525,1154.136,544.870,13.9235,15.0000,1.4407,0.5580,4.8634,0.8408,0.0461,0.1131,0.2256,0.7229,2.2690,0.3264,0.2316
6,3,200,202,3,3,2,0.3333,201.318,1167.061,583.136,8.7437,14.0000,1.2727,0.3514,4.5422,0.6494,0.1645,0.1861,0.7264,0.0379,2.2721,0.6485,0.6061
26,3,200,202,3,7,5,0.2476,200.968,1178.079,631.544,16.0340,15.0000,1.5476,1.7976,4.8666,0.8252,0.0436,0.1312,0.0388,0.9990,1.9466,0.6470,0.1627
78,4,200,204,5,9,10,0.1733,201.911,1181.710,759.000,28.3776,18.0000,1.8187,2.5483,5.8399,0.6273,0.2544,0.1183,0.0464,0.9982,2.2751,0.6493,0.1528
31,3,200,204,5,7,5,0.1771,201.702,1182.221,767.093,18.1893,15.0000,1.4904,0.9801,4.8699,0.7598,0.1210,0.1193,0.0320,0.3517,2.2711,0.3261,0.2212
87,4,200,203,4,8,13,0.2091,201.322,1183.894,680.268,29.8509,17.0000,1.7238,1.1537,5.5192,0.7088,0.2392,0.0520,0.0286,0.9903,2.2726,0.9709,0.1923
127,3,200,204,5,7,23,0.1578,201.467,1185.217,736.621,35.9694,15.0000,1.5252,2.7859,4.8666,0.9422,0.0420,0.0159,0.0167,0.9909,2.5989,0.9718,0.1233
67,4,200,204,5,8,10,0.1675,201.521,1184.615,690.758,25.8523,14.0000,1.4387,1.9338,4.5422,0.6899,0.2196,0.0905,0.0384,0.9477,2.2737,0.6493,0.1426
208,5,200,203,4,9,32,0.1806,201.463,1185.264,710.298,47.3913,21.0000,2.0741,2.6632,6.8132,0.9589,0.0340,0.0072,0.0093,0.9914,2.5959,0.6502,0.1681
18,3,200,202,3,6,3,0.3333,200.559,1252.799,824.257,13.6845,13.0000,1.3073,0.6470,4.2150,0.7127,0.1616,0.1257,0.1647,0.6189,2.4323,0.6484,0.2179
19,3,201,203,3,3,5,0.4222,201.877,1183.872,751.251,15.1186,16.0000,1.4975,0.3077,5.1945,0.6878,0.1009,0.2113,0.2113,0.2511,2.4350,0.3265,0.2167
15,3,203,206,4,3,3,0.4167,204.108,257.041,868.831,12.4250,15.0000,1.5203,0.2046,4.8768,0.2735,0.2422,0.4843,0.9851,0.1706,2.2778,0.6498,0.2838
8,3,203,205,3,2,2,0.6667,204.165,1090.659,467.780,10.4615,15.0000,1.3187,0.4376,4.8768,0.4961,0.2369,0.2670,0.9586,0.0986,2.7625,0.6509,0.4615
152,6,203,207,5,10,19,0.1600,204.899,1161.809,657.928,39.1078,17.0000,1.7436,3.1624,5.5311,0.8181,0.1561,0.0259,0.0470,0.9847,2.6045,0.6531,0.1518
138,4,203,207,5,10,15,0.1840,204.832,1163.750,674.095,39.1306,18.0000,1.7580,5.6312,5.8565,0.7507,0.2098,0.0395,0.0532,0.9942,3.5755,0.9768,0.2081
61,3,203,208,6,9,6,0.1883,204.973,1165.495,708.281,26.0778,16.0000,1.5591,2.2846,5.2058,0.5540,0.2508,0.1952,0.0683,0.9918,2.6022,0.9739,0.2013
124,7,203,207,5,11,11,0.2050,205.010,1164.715,716.821,36.2313,17.0000,1.7000,3.3857,5.5311,0.2385,0.6738,0.0878,0.1068,0.9852,2.6058,1.2995,0.1742
41,3,204,206,3,4,10,0.3417,204.582,230.781,695.762,20.6745,15.0000,1.5111,0.5283,4.8804,0.9037,0.0030,0.0933,0.0117,0.3146,2.6034,1.2995,0.1327
63,4,204,207,4,5,14,0.2250,204.716,234.806,650.934,25.9834,14.0000,1.3912,2.1954,4.5551,0.9392,0.0116,0.0492,0.0145,0.9388,2.9261,1.3009,0.1483
29,3,204,208,5,6,5,0.1933,205.684,1150.558,825.738,18.1955,15.0000,1.4452,2.1190,4.8842,0.7747,0.0971,0.1282,0.1940,0.5813,2.9275,0.6525,0.2824
29,3,204,207,4,8,4,0.2266,205.347,1161.890,682.364,17.5864,13.0000,1.2955,0.5150,4.2329,0.8532,0.0557,0.0910,0.2366,0.0082,2.6019,0.3238,0.1787
13,3,205,207,3,4,4,0.2708,205.504,1146.429,839.278,12.0064,15.0000,1.4662,0.7175,4.8804,0.7101,0.1024,0.1875,0.0619,0.1134,2.6031,0.6492,0.3158
52,3,206,209,4,4,11,0.2955,208.164,254.415,774.500,22.8875,14.0000,1.4387,1.9867,4.5658,0.8690,0.0520,0.0791,0.0960,0.9936,2.9323,1.3024,0.1087
68,7,207,212,6,7,9,0.1799,209.119,1131.384,819.861,28.2245,17.0000,1.6213,2.7827,5.5442,0.8240,0.0588,0.1172,0.1481,0.7625,2.9341,0.6554,0.2454
69,4,207,212,6,9,8,0.1597,209.055,1139.739,774.270,26.9567,15.0000,1.5087,2.5166,4.8919,0.6094,0.1824,0.2082,0.1243,0.9697,1.9678,0.6524,0.1399
25,6,207,209,3,6,4,0.3472,207.969,1143.141,658.489,17.0888,15.0000,1.4313,0.5315,4.8919,0.5490,0.1616,0.2894,0.1556,0.9511,1.6351,0.3268,0.3626
125,6,207,211,5,9,12,0.2315,208.410,1143.508,667.937,36.7665,16.0000,1.5873,3.5292,5.2139,0.5059,0.4177,0.0764,0.0762,0.9803,2.9341,0.9771,0.1873
179,9,207,212,6,11,18,0.1507,208.723,1144.806,719.763,44.8543,19.0000,1.8494,2.8625,6.1964,0.6839,0.2852,0.0309,0.0417,0.9537,2.9346,0.9779,0.2387
119,5,207,211,5,10,12,0.1983,208.527,1144.704,733.185,34.8443,16.0000,1.6343,2.2675,5.2181,0.3344,0.5887,0.0769,0.1243,0.9666,2.6109,0.6560,0.1330
4,3,208,209,2,1,2,1.0000,208.481,1102.000,509.558,8.4827,15.0000,1.1538,0.6821,4.8960,0.0000,0.7500,0.2500,0.0000,0.0000,4.0765,0.8151,0.8077
11,3,209,212,4,3,4,0.2292,210.309,747.909,1145.100,10.8371,14.0000,1.4000,0.3373,4.5734,0.4735,0.3370,0.1895,0.7728,0.4421,1.9632,0.3290,0.3636
24,3,209,213,5,3,6,0.2667,210.780,854.610,1122.743,16.0800,14.0000,1.3942,1.2378,4.5734,0.4206,0.4580,0.1214,0.2914,0.3676,2.2845,0.6522,0.1660
20,3,209,212,4,6,3,0.2778,210.746,1083.888,933.941,14.9833,17.0000,1.6585,1.1423,5.5579,0.6936,0.2104,0.0960,0.2288,0.0721,2.4518,0.6539,0.2146
26,4,211,213,3,4,9,0.2407,211.942,1115.690,608.643,16.5539,16.0000,1.6124,1.3928,5.2349,0.8776,0.0570,0.0654,0.0034,0.9187,2.6169,0.6561,0.2209
253,5,211,215,5,10,27,0.1874,212.731,1125.862,681.362,52.7900,17.0000,1.6768,12.4359,5.5620,0.9321,0.0532,0.0148,0.0038,0.9758,2.6184,0.6563,0.1813
84,3,212,216,5,6,13,0.2154,213.529,270.022,697.039,29.9138,13.0000,1.3047,1.1666,4.2597,0.8278,0.0957,0.0765,0.0299,0.9137,2.6182,0.9820,0.0777
196,6,212,216,5,7,34,0.1647,213.264,270.722,736.437,46.0826,19.0000,1.8904,14.4421,6.2211,0.9885,0.0038,0.0077,0.0058,0.8476,2.6209,0.9818,0.1802
108,6,212,216,5,6,21,0.1714,213.230,273.295,766.406,32.6779,15.0000,1.5622,3.4857,4.9114,0.9598,0.0196,0.0207,0.0223,0.9266,2.6189,0.9830,0.0964
55,4,212,219,8,5,9,0.1528,214.224,277.013,636.654,23.2446,16.0000,1.6730,1.9390,5.2428,0.6521,0.2520,0.0959,0.3386,0.6060,2.6197,0.9795,0.1084
31,7,212,217,6,4,6,0.2153,214.144,281.469,617.894,18.8347,15.0000,1.4531,1.2406,4.9151,0.2681,0.4464,0.2855,0.1126,0.1660,2.4582,0.6599,0.3125
69,3,212,218,7,6,10,0.1643,213.961,1100.219,853.129,27.5334,15.0000,1.4828,2.1150,4.9151,0.7951,0.0557,0.1492,0.0845,0.6869,2.2972,0.6548,0.1590
88,3,212,217,6,9,10,0.1630,213.436,1119.401,782.880,30.2366,15.0000,1.5242,2.5782,4.9114,0.4725,0.3749,0.1526,0.0854,0.9380,2.2942,0.6538,0.1594
40,3,213,216,4,3,10,0.3333,214.012,286.825,598.162,20.7759,16.0000,1.5960,2.1692,5.2428,0.8829,0.0647,0.0524,0.0415,0.1605,2.6179,0.6548,0.1696
7,3,213,215,3,3,1,0.7778,214.181,1062.627,914.000,10.2809,17.0000,1.4337,0.6521,5.5704,0.4747,0.4312,0.0941,0.8619,0.0000,2.9480,0.6558,0.5301
19,4,213,217,5,5,4,0.1900,215.102,1086.330,886.650,15.4989,20.0000,1.8447,1.2022,6.5534,0.5614,0.2987,0.1399,0.6142,0.0234,2.2975,0.6543,0.3010
47,5,213,216,4,7,9,0.1865,214.063,1095.593,864.755,23.3734,18.0000,1.7301,2.3233,5.8981,0.7554,0.1141,0.1305,0.0261,0.9841,2.2957,0.3289,0.2372
23,5,214,218,5,4,3,0.3833,215.609,957.765,1043.856,16.6235,17.0000,1.6091,0.6684,5.5747,0.6037,0.1544,0.2419,0.8868,0.2310,2.2939,0.3287,0.2963
33,3,214,217,4,6,7,0.1964,215.303,1022.239,985.000,18.6710,18.0000,1.8165,0.8194,5.9026,0.3058,0.2763,0.4179,0.1059,0.9940,1.9676,0.6546,0.1957
17,5,215,219,5,3,4,0.2833,216.254,990.017,1023.198,14.0911,16.0000,1.5367,0.3225,5.2509,0.6347,0.2075,0.1578,0.8313,0.2850,2.3001,0.6564,0.4011
103,5,215,219,5,8,15,0.1717,217.058,1106.232,681.828,34.1431,17.0000,1.6597,2.0672,5.5834,0.8288,0.1353,0.0359,0.0677,0.9744,2.6259,0.6584,0.2057
90,3,215,220,6,10,8,0.1875,217.677,1105.494,692.467,31.0361,17.0000,1.7076,4.3396,5.5834,0.4994,0.4193,0.0813,0.2211,0.9734,2.3055,0.6571,0.1239
269,5,216,220,5,6,53,0.1692,217.426,290.175,722.899,53.5448,17.0000,1.7108,21.9042,5.5834,0.9948,0.0021,0.0030,0.0083,0.9689,2.6316,0.9848,0.1433
67,4,216,219,4,6,14,0.1994,217.122,294.494,773.352,26.3243,18.0000,1.8384,5.8465,5.9118,0.9187,0.0478,0.0334,0.0132,0.9940,2.6293,0.8203,0.1341
36,3,216,219,4,3,9,0.3333,217.019,293.041,762.246,19.8159,16.0000,1.5912,1.7547,5.2550,0.8890,0.0101,0.1009,0.0879,0.5329,2.6249,0.9848,0.1188
12,3,216,218,3,4,4,0.2500,217.125,298.602,795.516,12.1370,15.0000,1.4062,0.6395,4.9265,0.3743,0.3353,0.2904,0.3911,0.8557,2.6257,0.9840,0.3359
158,5,216,220,5,10,16,0.1975,217.637,1105.216,733.084,40.7814,18.0000,1.8231,5.6853,5.9118,0.7135,0.2484,0.0381,0.0352,0.9884,2.3052,0.6589,0.1622
198,3,216,221,6,12,17,0.1618,217.726,1103.594,748.240,45.6573,19.0000,1.9243,6.3967,6.2501,0.5884,0.3604,0.0512,0.0053,0.9886,2.6308,0.6605,0.1136
343,10,216,221,6,12,30,0.1588,217.712,1105.356,711.591,62.9370,19.0000,1.8373,1.8587,6.2451,0.9115,0.0780,0.0105,0.0232,0.9834,2.9554,0.9871,0.2546
31,3,217,221,5,4,4,0.3875,218.584,1077.597,853.503,17.6005,14.0000,1.4564,0.8659,4.6053,0.2105,0.2672,0.5223,0.0395,0.7603,2.3006,0.9832,0.1409
12,3,217,220,4,4,2,0.3750,218.636,1099.527,676.194,12.2463,18.0000,1.6744,0.8156,5.9165,0.3900,0.3203,0.2898,0.8296,0.0366,1.9760,0.3277,0.3721
17,3,218,220,3,4,4,0.3542,219.214,1030.474,511.630,13.8046,14.0000,1.3757,0.9897,4.6089,0.2188,0.2255,0.5557,0.2520,0.4506,2.9604,1.1503,0.2312
16,3,218,222,5,4,3,0.2667,220.271,1038.653,472.788,13.9943,14.0000,1.3176,1.7766,4.6161,0.6604,0.2536,0.0860,0.9122,0.3931,2.9662,0.8243,0.2353
82,3,219,223,5,5,20,0.1640,220.986,311.212,744.726,29.0701,19.0000,1.9499,0.3465,6.2599,0.9719,0.0104,0.0177,0.0401,0.9065,2.6375,0.9889,0.0914
15,4,219,221,3,3,4,0.4167,220.116,1070.177,592.695,13.9415,15.0000,1.3720,1.0836,4.9381,0.2879,0.2520,0.4602,0.1890,0.8534,2.6359,1.3162,0.3354
20,6,220,223,4,2,6,0.4167,221.287,310.445,692.517,15.4007,14.0000,1.3397,0.7399,4.6125,0.6059,0.2222,0.1720,0.0306,0.0503,2.3076,0.8216,0.3780
15,3,220,222,3,4,3,0.4167,221.274,312.433,756.134,13.3585,14.0000,1.3376,1.0709,4.6125,0.5287,0.1284,0.3430,0.3322,0.4094,2.6386,0.6588,0.3376
58,8,220,224,5,7,8,0.2071,221.890,1071.055,813.194,26.7106,19.0000,1.7861,1.8097,6.2648,0.2937,0.4389,0.2674,0.0452,0.9926,2.9655,0.6600,0.2480
51,5,220,223,4,5,11,0.2318,221.492,1079.944,783.134,24.0915,19.0000,1.8563,1.3726,6.2599,0.8671,0.0683,0.0646,0.0510,0.9893,2.3114,0.6605,0.2280
10,3,220,221,2,3,4,0.4167,220.491,1086.755,667.264,11.0394,13.0000,1.2264,0.9381,4.2831,0.7050,0.0798,0.2152,0.3289,0.9353,2.4713,0.4945,0.3679
38,5,220,223,4,6,6,0.2639,221.369,1085.319,741.325,20.5829,15.0000,1.4805,2.2240,4.9459,0.2512,0.5645,0.1843,0.2848,0.9452,2.6342,0.4960,0.1818
19,5,220,223,4,5,4,0.2375,221.108,1088.005,729.718,16.1009,17.0000,1.5164,1.3205,5.5966,0.6838,0.1120,0.2042,0.4842,0.6162,2.6373,0.6600,0.3474
11,4,221,224,4,2,3,0.4583,221.895,327.782,602.637,12.3265,15.0000,1.3306,1.1201,4.9459,0.5413,0.2877,0.1710,0.8984,0.2670,2.6414,0.3277,0.4677
9,3,221,224,4,3,2,0.3750,222.357,664.694,316.684,10.7740,16.0000,1.4694,0.5669,5.2756,0.5576,0.2334,0.2090,0.8265,0.3442,2.6373,0.9890,0.4286
31,6,221,225,5,5,4,0.3100,223.141,834.906,1064.596,18.9078,15.0000,1.4577,1.0021,4.9497,0.1944,0.5170,0.2886,0.9133,0.1065,2.3093,0.3295,0.2508
22,3,221,224,4,4,6,0.2292,222.692,983.270,965.776,16.6694,16.0000,1.4852,0.7757,5.2756,0.6862,0.1821,0.1317,0.1323,0.3157,2.3111,0.0010,0.2954
25,3,221,225,5,5,6,0.1667,222.664,1060.762,844.090,16.8905,14.0000,1.3672,1.7782,4.6267,0.6739,0.1298,0.1962,0.1602,0.3129,2.3065,0.6572,0.2656
59,3,221,224,4,7,14,0.1505,222.490,1064.205,834.314,25.3362,16.0000,1.6000,5.1632,5.2756,0.9333,0.0075,0.0592,0.0121,0.4049,2.6337,0.6600,0.1678
34,7,221,223,3,7,6,0.2698,221.888,1068.160,825.060,19.7333,16.0000,1.5587,1.3569,5.2756,0.5993,0.2449,0.1558,0.1340,0.9903,1.9814,0.6588,0.2837
18,3,221,224,4,3,3,0.5000,222.144,1069.075,819.316,13.5242,15.0000,1.5517,0.7028,4.9459,0.4430,0.0985,0.4584,0.6646,0.6825,1.9764,0.0020,0.2414
68,3,221,224,4,8,9,0.2361,221.944,1075.962,795.609,27.1885,15.0000,1.5000,1.1109,4.9459,0.2587,0.6115,0.1298,0.1023,0.9883,2.6342,0.3313,0.1191
12,3,221,223,3,4,3,0.3333,221.492,1074.061,624.053,12.5592,15.0000,1.3636,1.0691,4.9420,0.5246,0.1792,0.2961,0.1765,0.3946,2.8007,0.3313,0.3182
17,3,222,225,4,3,3,0.4722,223.512,884.181,1043.060,13.2904,13.0000,1.3313,1.5240,4.2930,0.6158,0.0643,0.3199,0.9080,0.3580,1.9792,0.3279,0.2349
7,3,222,223,2,2,2,0.8750,222.386,947.352,998.602,10.9702,17.0000,1.3523,0.6569,5.6053,0.0000,0.3318,0.6682,0.7071,0.5774,2.6388,0.8225,0.5341
17,5,222,225,4,4,3,0.3542,223.792,947.798,1002.273,14.6547,15.0000,1.3934,1.1571,4.9497,0.5902,0.0994,0.3104,0.7250,0.3863,2.1417,0.3306,0.3770
14,4,222,225,4,3,2,0.5833,222.860,1007.662,935.420,13.8444,15.0000,1.3376,1.2305,4.9459,0.5025,0.2405,0.2571,0.8769,0.0280,2.8034,0.0025,0.4522
13,3,222,224,3,5,3,0.2889,223.147,1015.175,928.308,13.0888,14.0000,1.2727,0.8928,4.6233,0.8347,0.0212,0.1440,0.0835,0.1382,2.6398,0.6620,0.2867
51,6,223,226,4,5,10,0.2550,224.567,330.177,733.038,24.2410,15.0000,1.4599,2.9986,4.9572,0.8933,0.0339,0.0728,0.0337,0.9675,2.9726,0.9894,0.2061
93,3,223,228,6,6,13,0.1987,225.385,334.446,655.855,31.0567,15.0000,1.5397,4.2021,4.9609,0.9084,0.0111,0.0805,0.1528,0.1087,2.3177,0.8270,0.1203
21,3,224,226,3,4,8,0.2188,224.444,334.768,771.455,14.2732,14.0000,1.4848,1.6248,4.6267,0.8906,0.0097,0.0997,0.0581,0.9897,1.9839,0.9882,0.2121
55,7,224,228,5,5,12,0.1833,225.818,351.059,744.401,24.9252,18.0000,1.7710,1.3093,5.9487,0.8523,0.0584,0.0893,0.0378,0.7721,2.6480,0.9914,0.2361
95,7,224,229,6,7,14,0.1616,226.201,408.859,692.365,33.1222,16.0000,1.5574,2.6335,5.2916,0.9222,0.0103,0.0675,0.0310,0.9912,2.9756,0.9898,0.1732
91,3,224,229,6,5,18,0.1685,226.030,408.708,707.302,30.1977,17.0000,1.7761,0.7571,5.6224,0.9601,0.0145,0.0254,0.0046,0.8695,2.3161,0.9888,0.0677
5,3,224,225,2,2,2,0.6250,224.544,1073.544,715.842,8.4215,13.0000,1.1404,0.7852,4.2963,0.3432,0.2505,0.4063,0.6059,0.3645,3.9621,0.8245,0.6842
93,3,225,228,4,6,17,0.2279,226.143,348.679,714.480,30.3196,15.0000,1.5781,5.0835,4.9609,0.9115,0.0535,0.0350,0.0324,0.9747,2.3161,0.9922,0.1244
54,3,225,228,4,5,12,0.2250,226.194,350.320,685.483,23.2264,14.0000,1.4651,1.6742,4.6302,0.8798,0.0275,0.0927,0.0409,0.9870,2.6462,0.9927,0.1298
164,4,225,229,5,8,27,0.1519,226.433,353.739,658.717,41.2301,16.0000,1.6441,4.3681,5.2916,0.9794,0.0024,0.0182,0.0002,0.1420,2.6471,0.6638,0.1115
36,4,225,228,4,4,10,0.2250,226.452,358.736,635.506,19.6295,16.0000,1.6180,2.0172,5.2916,0.9022,0.0253,0.0725,0.0996,0.7750,2.3168,0.9900,0.1601
127,4,225,229,5,5,25,0.2032,226.595,368.877,711.521,35.4961,15.0000,1.5757,4.9311,4.9609,0.9740,0.0131,0.0130,0.0095,0.9973,2.6471,0.9912,0.0893
33,4,225,229,5,4,7,0.2357,226.775,367.809,607.124,19.9311,16.0000,1.5260,0.8073,5.2955,0.7926,0.0593,0.1481,0.1560,0.1824,2.6464,0.3330,0.1734
165,12,225,229,5,6,24,0.2292,226.712,370.685,682.660,44.2304,19.0000,1.8259,1.5499,6.2838,0.9686,0.0104,0.0210,0.0156,0.8962,2.6517,0.9905,0.2784
74,3,225,228,4,5,16,0.2313,226.446,372.676,759.130,27.4979,14.0000,1.4490,2.5476,4.6302,0.9527,0.0213,0.0261,0.0112,0.9836,2.6475,0.9915,0.1287
112,5,225,228,4,6,21,0.2222,226.315,389.271,729.196,34.5712,18.0000,1.8228,4.2706,5.9531,0.9619,0.0214,0.0167,0.0005,0.9956,2.6473,0.9910,0.1790
158,7,225,228,4,8,24,0.2057,226.050,408.181,726.925,41.6783,17.0000,1.6957,2.0924,5.6224,0.9313,0.0523,0.0164,0.0238,0.9973,2.6471,0.9929,0.1793
77,6,225,227,3,6,15,0.2852,225.977,410.254,745.611,28.9452,17.0000,1.7044,5.4408,5.6224,0.9100,0.0560,0.0339,0.0299,0.9928,2.3177,0.9905,0.2122
150,3,225,229,5,8,22,0.1705,226.573,412.005,668.550,40.2791,17.0000,1.7103,0.6960,5.6264,0.9603,0.0145,0.0252,0.0420,0.9976,2.6453,0.9900,0.0671
64,6,225,227,3,7,14,0.2177,226.126,428.946,742.158,25.8404,16.0000,1.6384,2.3619,5.2916,0.8684,0.0964,0.0353,0.0072,0.9995,2.3141,0.6634,0.1584
90,3,225,227,3,8,18,0.2083,226.013,435.177,773.384,30.6087,14.0000,1.4351,3.3885,4.6302,0.9400,0.0368,0.0232,0.0273,0.9992,2.3182,0.9902,0.1230
34,4,225,227,3,5,9,0.2519,226.096,440.880,794.780,18.8320,15.0000,1.5361,1.7868,4.9645,0.8498,0.0552,0.0950,0.0592,0.7357,2.3168,0.6619,0.1747
52,3,225,227,3,7,10,0.2476,226.250,451.178,752.900,24.2662,15.0000,1.4745,4.4938,4.9609,0.8720,0.0800,0.0481,0.0607,0.9772,2.6492,0.9900,0.1588
16,3,225,227,3,4,6,0.2222,226.107,453.956,765.421,13.1474,14.0000,1.4088,1.1984,4.6302,0.7929,0.1030,0.1041,0.1273,0.9297,2.1504,0.6608,0.3333
102,8,225,230,6,6,15,0.1889,227.259,454.476,658.408,33.7269,15.0000,1.4869,4.6713,4.9680,0.9097,0.0340,0.0563,0.0416,0.3010,2.3205,0.9924,0.2012
125,14,225,229,5,6,21,0.1984,226.588,467.407,709.748,38.8269,20.0000,1.9055,5.7920,6.6145,0.9626,0.0175,0.0199,0.0136,0.9955,2.6463,0.9895,0.2271
60,4,225,228,4,5,12,0.2500,226.492,467.383,728.300,25.3281,16.0000,1.6189,1.7169,5.2916,0.7622,0.1387,0.0992,0.0536,0.9900,2.3173,0.9922,0.1535
20,4,225,228,4,4,3,0.4167,226.465,493.851,767.670,15.9052,16.0000,1.4884,0.8289,5.2955,0.3997,0.1620,0.4383,0.8051,0.3619,2.4816,0.9915,0.2884
41,3,225,229,5,6,8,0.1708,227.287,928.106,710.722,21.9720,15.0000,1.4471,2.4798,4.9645,0.7708,0.0941,0.1350,0.0940,0.9744,2.6482,0.9906,0.2259
19,3,225,228,4,5,4,0.2375,226.503,1027.847,612.788,14.3453,14.0000,1.4074,1.3207,4.6302,0.7161,0.0689,0.2150,0.5884,0.8073,2.6501,0.9930,0.2169
33,5,226,231,6,4,8,0.1719,227.826,395.876,590.771,19.6001,16.0000,1.5529,1.1367,5.2992,0.7231,0.1632,0.1137,0.3626,0.3145,2.6455,0.3321,0.2912
37,5,226,229,4,4,9,0.2569,227.578,419.719,586.505,20.9022,16.0000,1.5417,1.6368,5.2992,0.8243,0.0908,0.0849,0.0537,0.6490,2.3168,0.6624,0.3281
30,8,226,230,5,4,5,0.3000,227.417,436.903,595.950,19.4023,17.0000,1.5888,1.0423,5.6264,0.1513,0.5984,0.2503,0.8707,0.2818,2.3191,0.6612,0.3551
22,4,226,229,4,3,5,0.3667,227.141,440.394,550.261,17.5717,21.0000,1.8554,0.4927,6.9503,0.3472,0.3264,0.3265,0.3431,0.5578,2.3164,0.4968,0.3735
32,4,226,229,4,6,5,0.2667,227.278,440.789,637.450,20.0133,17.0000,1.5906,0.5694,5.6264,0.6460,0.1506,0.2034,0.4538,0.5842,2.6447,0.6628,0.2573
21,4,226,230,5,4,5,0.2100,227.711,444.022,544.886,16.4750,19.0000,1.7500,0.7200,6.2884,0.4459,0.2954,0.2587,0.4964,0.0193,2.3179,0.6616,0.2632
72,4,226,230,5,6,11,0.2182,227.405,458.056,645.859,27.1940,15.0000,1.5495,0.9515,4.9645,0.8736,0.0360,0.0904,0.0624,0.0551,2.3184,0.9915,0.1750
31,4,226,229,4,5,6,0.2583,227.279,460.711,593.089,18.7283,16.0000,1.5746,1.1891,5.2955,0.6104,0.1261,0.2635,0.0934,0.9043,2.3175,0.6606,0.2254
138,10,226,231,6,7,21,0.1565,227.431,487.475,694.460,39.7933,19.0000,1.8569,6.5710,6.2884,0.9524,0.0114,0.0362,0.0114,0.9917,2.9754,0.6647,0.2025
43,5,226,230,5,5,7,0.2457,227.428,489.120,680.188,21.4570,14.0000,1.4165,2.1710,4.6335,0.4048,0.2471,0.3482,0.1379,0.9815,2.3199,0.9914,0.2212
28,3,226,228,3,4,7,0.3333,226.711,488.529,734.604,17.5094,14.0000,1.4000,0.8529,4.6335,0.6649,0.1221,0.2130,0.0763,0.9635,2.6458,0.6617,0.1464
11,3,226,229,4,2,4,0.3438,227.202,835.535,384.596,11.3777,14.0000,1.3509,0.6999,4.6335,0.4192,0.3345,0.2462,0.1552,0.1424,2.3184,0.9912,0.3596
62,3,226,229,4,7,11,0.2013,227.943,885.967,678.787,25.2786,15.0000,1.5474,1.2148,4.9680,0.8020,0.1477,0.0504,0.0450,0.9927,2.3199,0.9924,0.1581
63,6,226,229,4,9,10,0.1750,227.797,907.874,720.716,26.9103,19.0000,1.8558,4.9958,6.2972,0.7286,0.1962,0.0752,0.0443,0.9747,2.3205,0.6652,0.2822
33,4,226,228,3,5,10,0.2200,227.281,906.971,677.312,20.1113,17.0000,1.6074,1.2228,5.6264,0.8589,0.0796,0.0615,0.0562,0.9897,2.9787,0.9927,0.2120
35,3,226,230,5,5,6,0.2333,227.799,909.203,708.781,21.4945,20.0000,1.8229,1.1338,6.6240,0.5676,0.1499,0.2825,0.2156,0.9764,3.1460,0.9918,0.2812
48,3,226,229,4,8,9,0.1667,227.803,926.125,736.209,23.3255,18.0000,1.7705,2.9041,5.9616,0.8574,0.0633,0.0793,0.0400,0.9756,2.6511,1.3236,0.1824
6,3,226,227,2,2,2,0.7500,226.471,936.515,980.735,9.1844,14.0000,1.2353,0.7654,4.6335,0.2667,0.1333,0.6000,0.7071,0.7071,2.8110,0.1658,0.5882
33,3,226,228,3,6,8,0.2292,227.345,967.865,709.359,20.0546,15.0000,1.4224,2.8950,4.9680,0.6271,0.2725,0.1004,0.0373,0.9971,2.9806,0.9922,0.2414
40,5,226,231,6,6,5,0.2222,228.215,1024.094,827.038,22.2069,16.0000,1.5094,2.2402,5.2992,0.1953,0.4030,0.4018,0.8618,0.4385,2.9813,0.9932,0.2642
25,6,226,229,4,5,4,0.3125,227.285,1033.394,801.212,18.1406,19.0000,1.7336,1.3843,6.2884,0.3525,0.2609,0.3866,0.3105,0.8336,2.9808,0.8276,0.3759
37,3,226,228,3,7,7,0.2517,226.975,1045.403,717.907,19.8595,16.0000,1.6219,2.1768,5.2955,0.4875,0.4295,0.0830,0.0690,0.9970,2.6494,0.9933,0.1205
22,3,226,228,3,7,4,0.2619,226.857,1044.776,684.175,15.7338,14.0000,1.3812,1.1416,4.6335,0.8127,0.0790,0.1084,0.0368,0.5761,2.8124,0.8269,0.3004
17,3,226,228,3,5,4,0.2833,227.091,1045.253,734.333,14.9314,20.0000,1.8280,0.8234,6.6193,0.8506,0.0469,0.1025,0.2094,0.3456,2.9758,0.6615,0.2796
50,5,227,229,3,4,11,0.3788,227.809,506.682,706.170,24.3061,16.0000,1.5414,0.4077,5.2992,0.9228,0.0246,0.0527,0.0093,0.9589,2.6494,0.8273,0.2466
16,3,227,229,3,4,5,0.2667,227.743,506.193,714.749,14.1563,15.0000,1.4035,0.8836,4.9680,0.5878,0.2140,0.1982,0.0312,0.6148,2.8126,0.6634,0.2515
36,3,227,230,4,4,7,0.3214,228.597,513.054,665.384,20.4325,16.0000,1.5568,1.5082,5.2992,0.7495,0.0678,0.1828,0.1592,0.2006,2.6510,0.8273,0.1946
34,3,227,232,6,5,7,0.1619,229.091,526.430,601.773,18.7581,14.0000,1.4424,1.8281,4.6431,0.6944,0.1664,0.1392,0.4435,0.6750,2.3197,0.3330,0.2000
8,3,227,229,3,2,2,0.6667,228.293,573.620,1032.326,10.7752,15.0000,1.3043,0.5807,4.9680,0.3704,0.0753,0.5544,0.9816,0.1908,3.1486,0.9938,0.4674
11,3,227,230,4,3,3,0.3056,228.252,857.042,491.471,11.8855,15.0000,1.3866,0.5879,4.9680,0.6718,0.1705,0.1577,0.8841,0.4237,2.6485,0.3303,0.3529
49,6,227,230,4,8,6,0.2552,227.959,883.658,667.054,24.3189,17.0000,1.6206,3.0183,5.6304,0.2423,0.6002,0.1575,0.0314,0.9633,2.9785,0.8275,0.2899
44,7,227,230,4,10,7,0.1571,228.142,888.275,698.633,22.8704,15.0000,1.4410,2.2053,4.9680,0.8373,0.0891,0.0736,0.0712,0.9974,2.6483,0.6622,0.2642
45,3,227,229,3,6,8,0.3125,228.035,888.561,687.550,22.3663,17.0000,1.6887,2.5875,5.6304,0.7124,0.1879,0.0997,0.0742,0.9972,2.3184,0.9908,0.2208
29,3,227,229,3,5,6,0.3222,227.498,908.277,685.472,16.6613,15.0000,1.6052,1.7154,4.9680,0.4899,0.3539,0.1562,0.0732,0.9849,2.3170,0.9924,0.1513
7,3,227,228,2,3,2,0.5833,227.593,908.790,828.790,10.1369,16.0000,1.3827,0.5041,5.2992,0.3883,0.1309,0.4808,0.3626,0.5691,3.6406,0.6632,0.5309
23,4,227,231,5,5,3,0.3067,228.145,931.231,789.406,16.1616,15.0000,1.4744,0.9827,4.9680,0.5825,0.1522,0.2653,0.6196,0.5247,2.6487,0.6635,0.2350
41,5,227,230,4,5,10,0.2050,228.334,934.704,782.057,21.8329,15.0000,1.4573,2.2736,4.9715,0.8840,0.0406,0.0754,0.0496,0.7477,2.6499,0.6643,0.2299
56,7,227,232,6,7,7,0.1905,228.292,939.244,766.214,25.6308,17.0000,1.6442,2.3580,5.6304,0.6550,0.0939,0.2510,0.2065,0.8262,2.8166,0.8290,0.2522
72,4,227,232,6,7,11,0.1558,228.900,941.275,815.725,28.7844,15.0000,1.4654,3.9895,4.9715,0.8339,0.0276,0.1385,0.1767,0.2862,2.6519,0.6637,0.2049
70,4,227,231,5,8,10,0.1750,228.749,946.303,805.846,28.3581,14.0000,1.3687,3.4934,4.6431,0.8240,0.0293,0.1467,0.0292,0.9499,2.6503,0.6629,0.2430
21,4,227,229,3,4,4,0.4375,227.592,947.478,726.298,16.4737,14.0000,1.2895,1.4575,4.6368,0.5612,0.1422,0.2966,0.2149,0.9584,2.9815,0.6605,0.2368
30,5,227,231,5,5,4,0.3000,228.922,955.144,834.041,19.3622,19.0000,1.7812,1.3976,6.2928,0.2232,0.4326,0.3443,0.6775,0.7144,2.3218,0.3317,0.3219
30,3,227,231,5,6,5,0.2000,228.179,956.751,776.007,17.2356,16.0000,1.6842,1.2688,5.2992,0.2252,0.2696,0.5052,0.6928,0.7018,1.9883,0.8281,0.1509
35,3,227,230,4,6,8,0.1823,227.841,959.351,770.003,19.3120,15.0000,1.5217,1.2053,4.9680,0.8066,0.1000,0.0934,0.0030,0.9044,2.3200,0.6639,0.1594
25,6,227,230,4,5,6,0.2083,227.813,961.569,761.840,17.3526,16.0000,1.5267,1.5267,5.2955,0.8050,0.0723,0.1227,0.3799,0.9195,2.3216,0.9923,0.3321
20,3,227,229,3,6,5,0.2222,227.735,965.373,744.034,15.1052,14.0000,1.3725,1.2696,4.6368,0.4214,0.3934,0.1852,0.2545,0.9266,2.6475,0.4957,0.2059
28,3,227,231,5,3,5,0.3733,229.018,964.923,812.110,17.0992,14.0000,1.4359,1.8516,4.6400,0.3964,0.2820,0.3216,0.4415,0.0444,2.3231,0.6637,0.1502
42,6,227,231,5,6,7,0.2000,228.761,968.023,803.686,22.6515,16.0000,1.5169,1.7033,5.3029,0.6283,0.1032,0.2686,0.1529,0.9823,2.8157,0.4989,0.2483
34,5,227,231,5,4,6,0.2833,228.563,971.069,795.974,19.8878,17.0000,1.6514,2.3584,5.6304,0.4740,0.3042,0.2218,0.1771,0.4382,2.4831,0.4981,0.2514
39,8,227,230,4,8,7,0.1741,228.441,995.199,784.443,21.0612,14.0000,1.3753,1.6301,4.6400,0.7793,0.1131,0.1076,0.0385,0.9971,2.6492,0.6642,0.2720
36,3,227,229,3,6,8,0.2500,228.102,1001.830,760.036,20.0943,14.0000,1.3846,1.1753,4.6368,0.7227,0.1579,0.1194,0.0552,0.9981,2.9806,0.9941,0.1813
22,4,227,231,5,4,4,0.2750,228.469,1009.259,862.268,16.1047,16.0000,1.5439,0.5990,5.2992,0.4359,0.2855,0.2785,0.5953,0.2956,2.6481,0.6606,0.3026
28,5,227,230,4,5,6,0.2333,228.405,1012.381,797.131,18.2191,16.0000,1.5395,1.8437,5.2955,0.5312,0.2374,0.2314,0.1366,0.9227,2.6496,0.6642,0.2887
18,4,227,230,4,2,6,0.3750,227.762,1017.601,782.389,15.0640,16.0000,1.4922,0.6058,5.2992,0.5427,0.3441,0.1133,0.0002,0.2251,2.6482,0.9929,0.3005
20,3,227,229,3,4,5,0.3333,228.036,1018.557,776.804,14.3678,15.0000,1.5464,1.2759,4.9680,0.6350,0.0879,0.2771,0.0857,0.6858,2.3200,0.6628,0.2165
18,3,227,229,3,4,4,0.3750,227.866,1021.760,760.810,13.9723,13.0000,1.3073,1.5245,4.3056,0.4647,0.2524,0.2829,0.3190,0.9414,2.9785,0.9941,0.2179
18,4,227,230,4,4,4,0.2812,227.839,1025.622,738.961,14.0500,15.0000,1.5000,1.2216,4.9680,0.3493,0.3318,0.3189,0.4904,0.4776,2.6473,0.6626,0.3056
5,3,228,230,3,1,2,0.8333,228.825,434.000,528.684,8.4475,13.0000,1.1404,0.8830,4.3115,0.5854,0.2927,0.1220,0.9487,0.0000,3.3127,0.3312,0.6842
106,3,228,233,6,6,19,0.1550,229.406,526.302,702.014,33.0693,14.0000,1.4450,1.3638,4.6400,0.9256,0.0295,0.0448,0.0085,0.9925,2.6532,0.6655,0.0652
52,7,228,231,4,4,12,0.2708,229.167,526.200,718.728,24.1781,17.0000,1.6806,0.8617,5.6343,0.9019,0.0248,0.0733,0.0284,0.7224,2.6509,0.9935,0.2148
65,3,228,232,5,6,12,0.1806,230.199,567.393,729.992,26.8243,15.0000,1.4954,2.0404,4.9748,0.8370,0.1120,0.0510,0.0686,0.9976,2.6547,0.9962,0.2086
5,3,228,229,2,2,2,0.6250,228.617,797.433,884.183,8.8909,13.0000,1.0833,0.8573,4.3086,0.3432,0.2505,0.4063,0.6059,0.3645,3.6437,0.6624,0.6500
20,3,228,232,5,4,3,0.3333,230.308,847.757,851.472,15.8731,17.0000,1.5888,1.4317,5.6343,0.5992,0.1605,0.2403,0.9599,0.0830,2.6511,0.6604,0.2664
37,6,228,233,6,5,7,0.1762,230.599,855.217,769.043,20.1265,16.0000,1.6043,1.2998,5.3098,0.5161,0.2036,0.2803,0.5331,0.1848,2.6494,0.4973,0.2276
19,3,228,230,3,5,5,0.2533,228.757,863.324,662.411,14.0642,15.0000,1.5405,1.7439,4.9715,0.7739,0.1138,0.1123,0.0845,0.8731,2.3180,0.6615,0.2216
18,6,228,230,3,2,5,0.6000,228.617,869.477,689.969,15.0730,15.0000,1.3990,1.2435,4.9715,0.6386,0.1631,0.1982,0.0000,0.0000,2.6494,0.6619,0.4404
15,3,228,230,3,6,4,0.2083,229.000,874.297,814.090,13.2641,15.0000,1.4516,1.6381,4.9748,0.8061,0.0699,0.1240,0.2235,0.7318,2.6510,0.9929,0.2645
28,3,228,231,4,6,4,0.2917,229.093,917.255,821.528,18.1650,17.0000,1.6414,1.8957,5.6304,0.6535,0.1368,0.2097,0.1811,0.6225,2.1553,0.6629,0.2034
18,3,228,230,3,4,4,0.3750,228.757,928.475,558.403,14.1371,17.0000,1.6906,0.7052,5.6343,0.4354,0.1462,0.4184,0.3121,0.6880,2.3206,0.3320,0.2431
21,3,228,230,3,6,4,0.2917,228.505,957.168,826.683,14.6045,14.0000,1.4554,1.1889,4.6368,0.7742,0.0948,0.1310,0.0444,0.8951,2.6486,0.6631,0.1980
11,4,228,230,3,4,2,0.4583,229.446,956.754,830.254,12.9948,19.0000,1.6077,0.5693,6.2972,0.4757,0.2235,0.3008,0.3757,0.2508,2.3234,0.1660,0.4769
31,4,228,231,4,3,6,0.4306,229.084,960.791,821.501,19.9424,17.0000,1.5731,1.6965,5.6343,0.4475,0.3216,0.2309,0.0411,0.0450,2.9797,0.9925,0.2507
25,3,228,230,3,5,5,0.3333,229.019,962.134,816.065,17.3008,16.0000,1.5326,1.3728,5.3029,0.2022,0.4643,0.3335,0.1331,0.7891,2.6494,0.6633,0.2720
10,4,228,230,3,3,3,0.3704,228.864,1007.160,577.616,13.0997,21.0000,1.6800,0.4377,6.9600,0.5468,0.1023,0.3509,0.0328,0.7188,2.9828,0.8284,0.5120
9,3,228,231,4,4,2,0.2812,229.586,1092.131,650.182,10.9415,18.0000,1.6364,0.4710,5.9697,0.3656,0.4267,0.2077,0.6113,0.1661,2.6528,0.9935,0.4747
55,3,229,232,4,7,11,0.1786,229.901,530.826,674.330,25.1755,18.0000,1.7584,4.4878,5.9697,0.9427,0.0076,0.0497,0.0208,0.0901,2.6502,0.6629,0.1297
65,6,229,232,4,6,10,0.2708,230.312,545.757,700.813,26.6204,15.0000,1.5070,4.2501,4.9780,0.8876,0.0224,0.0900,0.0182,0.8993,2.3235,0.9935,0.1731
46,3,229,231,3,6,14,0.1825,229.868,546.155,722.854,21.8072,14.0000,1.4439,2.0421,4.6431,0.8617,0.1088,0.0295,0.0074,0.9769,2.6530,1.3251,0.1233
23,4,229,231,3,3,9,0.2840,230.244,548.651,685.046,16.4613,17.0000,1.6429,2.0900,5.6381,0.9243,0.0244,0.0513,0.0387,0.5521,2.6524,0.6654,0.2605
103,6,229,233,5,6,18,0.1907,230.537,567.396,711.035,34.3896,18.0000,1.7624,7.0814,5.9697,0.9436,0.0324,0.0240,0.0486,0.8139,2.3245,0.8290,0.2215
26,4,229,232,4,6,4,0.2708,230.658,571.438,683.309,17.6989,16.0000,1.5294,0.9192,5.3064,0.5947,0.2501,0.1552,0.1594,0.7126,2.6543,0.6622,0.2096
97,6,229,232,4,8,20,0.1516,230.757,846.992,735.499,34.6674,16.0000,1.5083,3.6474,5.3098,0.9611,0.0138,0.0251,0.0024,1.0000,2.9860,0.9950,0.2915
53,4,229,232,4,8,10,0.1656,230.115,859.092,760.896,23.6907,16.0000,1.6308,4.2483,5.3064,0.8038,0.1229,0.0732,0.0573,0.8520,2.3203,0.8277,0.1885
19,3,229,232,4,4,4,0.2969,230.034,866.029,793.936,15.5218,15.0000,1.3971,1.0367,4.9748,0.2480,0.4040,0.3480,0.5111,0.5701,2.3231,0.6626,0.2843
11,3,229,231,3,5,3,0.2444,230.120,869.863,855.197,11.7005,14.0000,1.3162,0.8237,4.6461,0.8080,0.0595,0.1325,0.4550,0.1330,2.3224,0.3310,0.3504
14,4,229,231,3,4,5,0.2333,230.172,905.417,604.596,13.3857,16.0000,1.4834,0.7476,5.3064,0.7681,0.0929,0.1390,0.3492,0.8736,2.4890,0.8286,0.3841
9,3,229,232,4,2,3,0.3750,229.989,940.351,587.245,10.3916,14.0000,1.3404,1.0779,4.6431,0.6187,0.1565,0.2248,0.8559,0.3925,2.3206,0.3318,0.4468
16,4,229,232,4,3,4,0.3333,230.819,984.078,585.813,13.7707,17.0000,1.6386,0.8368,5.6417,0.6296,0.1610,0.2094,0.5002,0.4858,2.3230,0.9930,0.3434
9,3,229,232,4,3,2,0.3750,230.186,1013.657,665.078,11.2774,16.0000,1.4118,0.6873,5.3064,0.3854,0.4702,0.1445,0.8596,0.0239,2.9816,0.3307,0.4314
14,4,230,232,3,4,2,0.5833,230.755,551.006,677.497,14.1002,16.0000,1.4088,0.9071,5.3098,0.4158,0.2170,0.3672,0.2463,0.1502,2.6537,0.6621,0.3899
20,4,230,234,5,3,4,0.3333,231.165,556.759,662.108,15.7333,16.0000,1.5094,0.3113,5.3098,0.6662,0.1354,0.1984,0.8258,0.5500,2.6518,0.6616,0.2736
58,3,230,234,5,5,14,0.1657,231.460,827.364,726.554,24.8017,15.0000,1.5290,2.1179,4.9780,0.9040,0.0367,0.0593,0.0199,0.9986,2.9843,0.9947,0.1459
25,3,231,235,5,4,4,0.3125,233.233,543.327,773.412,16.2828,13.0000,1.3265,0.5751,4.3218,0.6292,0.1942,0.1766,0.6195,0.0351,1.9974,0.3343,0.1592
11,3,231,233,3,2,3,0.6111,231.850,572.310,609.398,11.3128,15.0000,1.4602,0.6933,4.9810,0.4702,0.1855,0.3443,0.9131,0.1591,2.3223,0.3317,0.3628
20,3,231,233,3,5,5,0.2667,231.807,813.310,798.472,14.6261,14.0000,1.4213,0.6417,4.6490,0.5770,0.2510,0.1720,0.1488,0.9636,2.3236,0.3304,0.2030
47,4,231,234,4,7,9,0.1865,231.854,823.160,740.008,23.5382,15.0000,1.4506,2.5260,4.9780,0.8109,0.0485,0.1405,0.0880,0.9941,2.9860,0.9955,0.2551
9,3,231,232,2,4,3,0.3750,231.559,962.275,903.588,11.2873,17.0000,1.5000,0.7465,5.6452,0.7052,0.1118,0.1831,0.1521,0.6787,2.6570,0.9956,0.4706
4,3,243,244,2,2,1,1.0000,243.562,953.458,1083.000,8.0054,14.0000,1.1667,0.6963,4.6701,0.0000,0.7500,0.2500,1.0000,0.0000,4.6697,1.0006,0.8333
6,3,248,251,4,2,2,0.3750,249.765,1109.118,678.147,9.2579,15.0000,1.3235,0.7876,5.0031,0.8444,0.0252,0.1304,0.9761,0.1745,4.1674,0.6669,0.6176
7,3,250,251,2,3,3,0.3889,250.275,984.188,373.462,10.0828,15.0000,1.3125,0.5698,5.0022,0.6205,0.1217,0.2578,0.3224,0.9339,3.6683,1.0007,0.5375
7,4,250,252,3,2,2,0.5833,251.333,1058.367,744.789,11.3401,17.0000,1.3222,0.7462,5.6678,0.3772,0.3083,0.3146,0.9758,0.2185,5.3331,1.6661,0.6778
8,3,251,253,3,3,2,0.4444,251.614,1119.120,680.807,9.7818,15.0000,1.4458,0.4476,4.9996,0.2082,0.4839,0.3079,0.4997,0.3278,3.6665,1.6667,0.4940
6,3,256,257,2,3,1,1.0000,256.451,1276.831,500.000,9.6422,16.0000,1.3521,0.9453,5.3238,0.5556,0.3333,0.1111,0.0000,0.0000,3.8264,0.8313,0.6056
10,3,257,259,3,3,2,0.5556,258.481,1068.644,784.500,10.9269,13.0000,1.2500,0.9668,4.3178,0.1714,0.3429,0.4857,0.8165,0.3651,3.1564,0.6642,0.3750
6,3,261,263,3,3,1,0.6667,262.246,953.217,363.000,9.3330,16.0000,1.3913,0.3286,5.3022,0.4000,0.4800,0.1200,0.7071,0.0000,4.1406,1.3247,0.6087
7,3,262,264,3,3,2,0.3889,262.782,1093.000,672.487,9.7634,16.0000,1.4359,0.9352,5.3022,0.1909,0.4622,0.3468,0.7315,0.2073,3.6436,1.3230,0.5769
8,3,262,264,3,3,2,0.4444,262.833,1166.367,619.911,10.5373,15.0000,1.3333,0.4125,4.9667,0.3019,0.4872,0.2108,0.8676,0.1774,4.3049,1.1572,0.4667
4,3,263,264,2,2,1,1.0000,263.431,1193.569,598.000,8.4402,16.0000,1.2549,0.6101,5.2978,0.0000,0.7500,0.2500,1.0000,0.0000,4.9642,1.1584,0.8235
6,4,264,266,3,1,2,1.0000,265.157,407.000,427.500,9.4438,14.0000,1.2000,0.5241,4.6273,0.5556,0.3333,0.1111,1.0000,0.0000,3.9648,0.6626,0.7714
4,3,265,266,2,2,1,1.0000,265.556,977.463,510.000,8.9193,16.0000,1.1852,0.6418,5.2832,0.0000,0.7500,0.2500,1.0000,0.0000,4.7912,1.9822,0.7963
7,3,268,271,4,2,2,0.4375,269.562,969.312,730.900,9.9476,15.0000,1.3125,0.5469,4.9325,0.6673,0.1280,0.2047,0.9953,0.0695,3.9460,0.9856,0.5250
7,3,271,274,4,2,2,0.4375,272.840,1084.864,744.407,10.0347,14.0000,1.2099,0.6288,4.5880,0.7122,0.1467,0.1411,0.9661,0.0989,3.9414,0.9807,0.4938
6,3,272,273,2,2,2,0.7500,272.676,1008.493,992.282,9.5025,15.0000,1.2676,0.6537,4.9157,0.2000,0.3333,0.4667,0.7071,0.7071,4.2599,1.1470,0.5775
8,3,273,276,4,3,2,0.3333,274.533,1052.283,896.804,10.6401,17.0000,1.4783,0.6339,5.5645,0.2747,0.5526,0.1726,0.9696,0.1865,3.9275,1.6335,0.4783
8,3,274,276,3,5,1,0.5333,274.908,944.690,777.000,10.0573,16.0000,1.4713,0.6958,5.2309,0.7771,0.1802,0.0427,0.0723,0.0000,3.1074,0.3283,0.5287
4,3,274,276,3,2,1,0.6667,274.898,1157.571,927.000,8.0109,15.0000,1.2245,0.4406,4.9040,0.7576,0.1294,0.1129,0.8507,0.0000,4.9042,1.3089,0.8367
10,3,275,278,4,4,2,0.3125,276.342,1075.378,646.847,11.4570,16.0000,1.4414,2.3240,5.2118,0.7930,0.0801,0.1269,0.7501,0.3132,3.7500,0.8175,0.5045
4,3,278,280,3,2,1,0.6667,278.617,1074.723,808.000,7.6489,13.0000,1.1064,0.9508,4.2346,0.7500,0.1500,0.1000,0.9487,0.0000,4.5577,0.9764,0.8298
4,3,282,283,2,2,1,1.0000,282.537,794.500,543.000,8.7450,15.0000,1.1111,0.6814,4.8555,0.0000,0.7500,0.2500,1.0000,0.0000,4.8586,2.2651,0.7778
9,3,283,285,3,3,2,0.5000,283.904,873.968,487.830,10.1312,14.0000,1.3404,0.1979,4.5261,0.6397,0.1686,0.1916,0.7382,0.3628,3.5536,0.9711,0.4362
7,3,283,284,2,3,2,0.5833,283.413,939.261,921.772,11.2502,17.0000,1.2935,0.5392,5.5029,0.3883,0.1309,0.4808,0.3626,0.5691,4.2028,0.9699,0.5435
5,3,304,305,2,2,2,0.6250,304.571,952.540,1051.317,8.9008,15.0000,1.1905,0.8477,4.7413,0.2938,0.4054,0.3007,0.0000,0.3029,4.7368,0.9465,0.6825
5,3,306,308,3,2,2,0.4167,306.703,876.359,785.141,9.0246,18.0000,1.4062,0.8021,5.6791,0.7729,0.0435,0.1836,0.8328,0.5477,4.7289,1.5784,0.7344
6,3,306,308,3,2,2,0.5000,307.099,1014.321,845.901,10.4230,21.0000,1.5556,0.3501,6.6197,0.5230,0.1584,0.3185,0.9225,0.0898,4.4137,1.2604,0.6296
5,3,311,312,2,3,1,0.8333,311.431,1063.846,888.000,9.1296,15.0000,1.1538,0.4574,4.7126,0.5854,0.2927,0.1220,0.3162,0.0000,3.7674,0.6290,0.6615
7,3,321,323,3,2,2,0.5833,321.953,827.523,943.105,10.1355,18.0000,1.4651,0.5356,5.6125,0.4600,0.2645,0.2756,1.0000,0.0000,3.1163,0.9346,0.5465
4,3,322,323,2,2,1,1.0000,322.439,933.509,568.000,8.8841,18.0000,1.2632,0.6585,5.6125,0.0000,0.7500,0.2500,1.0000,0.0000,4.9865,1.0917,0.8070
8,3,326,328,3,2,3,0.4444,327.176,851.198,793.099,10.0031,15.0000,1.3187,0.2825,4.6641,0.7384,0.0761,0.1855,0.7653,0.3162,3.5743,1.2438,0.4725
4,3,328,329,2,3,1,0.6667,328.741,927.870,480.000,8.3879,16.0000,1.1852,0.9082,4.9700,0.5357,0.3214,0.1429,0.0000,0.0000,4.8157,1.2426,0.8333
3,3,331,332,2,2,1,0.7500,331.333,1005.356,979.000,8.0611,16.0000,1.0667,0.7255,4.9651,0.5333,0.2667,0.2000,0.7071,0.0000,5.2731,2.0172,1.0000
4,3,341,342,2,1,2,1.0000,341.414,560.000,1119.534,8.9600,17.0000,1.1724,0.6759,5.2532,0.0000,0.7500,0.2500,0.0000,0.0000,5.0979,1.2361,0.8276
3,3,345,347,3,1,1,1.0000,346.000,808.000,1178.000,7.4798,14.0000,1.0000,1.0000,4.3199,0.8889,0.0000,0.1111,1.0000,0.0000,4.6272,1.2339,1.0000
4,3,348,349,2,2,2,0.5000,348.291,924.182,1093.436,8.4762,16.0000,1.1636,0.8522,4.9305,0.5916,0.1015,0.3069,0.5000,0.5000,4.7778,0.7710,0.8182
6,3,356,358,3,2,2,0.5000,357.370,879.691,846.840,10.1653,17.0000,1.2593,0.7193,5.2250,0.5034,0.2551,0.2415,0.9677,0.2521,4.4571,0.6150,0.5679
7,3,357,360,4,2,3,0.2917,358.640,920.895,1099.070,9.9888,17.0000,1.3837,0.6518,5.2250,0.7763,0.0607,0.1630,0.9495,0.0886,3.3790,0.4609,0.5349
7,3,359,362,4,2,3,0.2917,360.637,588.780,1023.923,10.5641,19.0000,1.4615,0.4310,5.8352,0.6094,0.2492,0.1414,0.8802,0.4088,3.9916,1.2294,0.5385
12,3,364,366,3,2,5,0.4000,365.186,799.414,1128.807,12.3994,16.0000,1.3714,0.9261,4.9091,0.7754,0.1442,0.0803,0.1192,0.1194,3.6819,0.9205,0.3143
5,3,366,367,2,3,1,0.8333,366.615,1096.308,956.000,8.9156,16.0000,1.2308,0.7920,4.9069,0.5854,0.2927,0.1220,0.3162,0.0000,4.6001,1.0734,0.6769
4,3,368,370,3,2,1,0.6667,368.800,891.164,645.000,8.4304,16.0000,1.1636,0.8166,4.9058,0.7500,0.1500,0.1000,0.9487,0.0000,4.9043,1.6859,0.8364
5,3,386,387,2,2,2,0.6250,386.597,560.552,790.149,9.1539,16.0000,1.1940,0.6997,4.8877,0.3432,0.2505,0.4063,0.6059,0.3645,4.5822,1.0693,0.6567
5,3,392,394,3,2,2,0.4167,393.065,874.226,1048.855,8.4613,16.0000,1.2903,0.2761,4.8826,0.6489,0.0995,0.2515,0.9362,0.2726,4.5774,1.5257,0.7097
6,3,397,399,3,3,2,0.3333,397.671,890.012,936.183,10.2078,20.0000,1.4634,0.3769,6.0982,0.3552,0.3122,0.3326,0.9915,0.1299,4.1166,1.3722,0.6463
3,3,403,404,2,2,1,0.7500,403.370,1141.696,890.000,8.0906,17.0000,1.1087,0.7001,5.1783,0.5333,0.2667,0.2000,0.7071,0.0000,4.8745,1.5233,1.0000
4,3,405,407,3,1,2,0.6667,406.333,477.000,1097.246,8.6780,16.0000,1.1228,0.4140,4.8721,0.7500,0.1500,0.1000,0.9487,0.0000,4.2623,0.6087,0.8070
5,3,411,412,2,1,3,0.8333,411.400,707.000,1330.262,8.8440,16.0000,1.2308,0.4779,4.8682,0.5854,0.2927,0.1220,0.3162,0.0000,4.8676,1.5213,0.6769
7,3,413,415,3,2,2,0.5833,414.033,642.272,952.783,10.5749,20.0000,1.5217,0.3495,6.0823,0.6517,0.0773,0.2710,0.8881,0.0000,3.9541,1.8242,0.5326
3,3,413,414,2,1,2,0.7500,413.674,844.000,1038.651,7.5504,15.0000,1.0465,0.7280,4.5617,0.5333,0.2667,0.2000,0.7071,0.0000,3.9542,1.2165,1.0000
9,3,415,418,4,2,3,0.3750,416.604,808.297,1301.207,11.2477,19.0000,1.5405,0.7040,5.7764,0.2471,0.5104,0.2425,0.8378,0.3812,3.9515,1.2164,0.4324
5,3,415,417,3,2,1,0.8333,415.696,914.609,682.000,9.3818,17.0000,1.2319,0.4957,5.1684,0.5854,0.2927,0.1220,0.9487,0.0000,4.8650,2.1282,0.6812
8,3,417,419,3,2,3,0.4444,417.990,379.479,772.979,10.3156,16.0000,1.3333,0.4797,4.8628,0.2143,0.4286,0.3571,1.0000,0.0000,3.6467,0.6080,0.4688
3,3,418,419,2,2,1,0.7500,418.318,798.318,1017.000,7.7204,16.0000,1.0909,0.4500,4.8628,0.5333,0.2667,0.2000,0.7071,0.0000,3.9510,0.0000,1.0000
8,3,419,421,3,2,3,0.4444,419.740,982.802,969.333,10.3129,17.0000,1.4167,0.7426,5.1652,0.2444,0.3475,0.4081,0.6838,0.1800,3.4947,0.9112,0.4896
6,3,420,422,3,3,1,0.6667,421.329,693.767,854.000,9.0531,15.0000,1.2329,0.4029,4.5568,0.2083,0.6667,0.1250,0.8944,0.0000,4.1006,1.6705,0.5890
3,3,423,425,3,1,1,1.0000,424.022,935.000,1069.000,8.0644,17.0000,1.1087,0.0217,5.1621,0.8889,0.0000,0.1111,1.0000,0.0000,5.1612,1.8220,1.0000
4,3,425,426,2,1,3,0.6667,425.491,436.000,909.927,8.3486,17.0000,1.2364,0.5143,5.1606,0.7576,0.1294,0.1129,0.5257,0.0000,4.5541,1.2143,0.8182
9,3,428,431,4,3,3,0.2500,429.291,469.107,753.816,10.4175,15.0000,1.3107,0.7401,4.5509,0.5479,0.1525,0.2996,0.9390,0.3348,3.3381,1.2140,0.4175
10,4,428,431,4,2,3,0.4167,429.592,916.658,1152.608,11.5135,17.0000,1.4167,1.7664,5.1591,0.8123,0.0244,0.1633,0.9098,0.2042,3.9444,1.2137,0.5083
7,3,429,430,2,2,2,0.8750,429.500,445.476,610.345,9.6330,17.0000,1.4167,0.8022,5.1584,0.0000,0.3318,0.6682,0.7788,0.5774,3.3376,1.2134,0.5476
4,3,437,439,3,1,2,0.6667,438.186,969.000,1117.407,8.9405,21.0000,1.4237,0.9096,6.3638,0.7576,0.1294,0.1129,0.8507,0.0000,4.8491,2.2729,0.8305
4,3,440,441,2,2,2,0.5000,440.158,858.491,1061.754,8.6354,19.0000,1.3333,0.5866,5.7570,0.5916,0.1015,0.3069,0.5000,0.5000,4.6965,0.9091,0.8421
6,3,442,444,3,2,2,0.5000,443.333,760.120,617.373,9.2740,17.0000,1.3600,0.7199,5.1493,0.5034,0.2551,0.2415,0.9677,0.2521,3.4830,0.9086,0.6133
5,3,443,445,3,1,2,0.8333,443.696,629.000,1079.420,9.3460,16.0000,1.1594,0.9055,4.8464,0.5854,0.2927,0.1220,0.9487,0.0000,4.2401,0.4544,0.6667
9,4,443,446,4,2,2,0.5625,443.991,828.319,787.726,11.4079,18.0000,1.4336,0.4205,5.4516,0.6967,0.0349,0.2684,0.9758,0.2185,4.2400,1.6656,0.5487
21,7,444,448,5,3,5,0.2800,446.323,756.743,1133.743,17.7740,22.0000,1.7175,0.4860,6.6616,0.2716,0.4535,0.2750,0.9886,0.1379,3.9356,0.9086,0.4424
13,3,448,451,4,2,5,0.3250,449.418,1062.336,697.712,12.2573,16.0000,1.4247,1.0599,4.8434,0.7113,0.1835,0.1052,0.6200,0.0740,3.3295,0.9081,0.4041
7,3,450,452,3,2,2,0.5833,451.366,892.756,781.585,9.3799,15.0000,1.2805,0.7960,4.5394,0.5806,0.0526,0.3668,0.8835,0.4677,3.6316,1.9671,0.5244
4,3,451,452,2,2,2,0.5000,451.254,930.814,1182.576,8.9281,19.0000,1.2881,0.5282,5.7505,0.5916,0.1015,0.3069,0.5000,0.5000,4.6909,1.2106,0.8136
6,3,453,455,3,2,2,0.5000,454.013,853.329,1054.382,9.3880,16.0000,1.2632,0.5040,4.8412,0.1333,0.2667,0.6000,1.0000,0.0000,4.6896,1.9667,0.5921
7,4,454,457,4,2,2,0.4375,455.791,901.663,1047.895,9.8339,15.0000,1.2209,0.8659,4.5383,0.8040,0.0402,0.1558,0.9650,0.0194,4.5376,1.0588,0.6744
6,3,456,458,3,2,3,0.3333,457.203,745.392,679.419,9.1387,15.0000,1.2162,1.4113,4.5379,0.6803,0.1871,0.1326,0.6721,0.5226,4.0837,1.2099,0.5946
12,3,460,462,3,2,3,0.6667,460.904,1237.433,733.038,13.7064,18.0000,1.3758,1.0681,5.4439,0.5610,0.0883,0.3507,0.6469,0.3111,3.3268,0.9073,0.4331
6,3,462,463,2,2,3,0.5000,462.479,1138.521,1036.972,8.7650,14.0000,1.1831,0.7083,4.2336,0.6168,0.1058,0.2774,0.5000,0.5000,4.0822,0.9072,0.5915
4,3,467,468,2,2,2,0.5000,467.538,758.269,782.808,7.8598,14.0000,1.0769,0.6320,4.2323,0.5916,0.1015,0.3069,0.7071,0.7071,4.8367,1.5116,0.8077
8,3,469,472,4,2,3,0.3333,471.104,468.750,563.990,10.2585,17.0000,1.4167,0.2710,5.1382,0.7156,0.0642,0.2202,0.9774,0.1808,3.1737,0.9067,0.4896
5,3,474,476,3,2,1,0.8333,475.266,885.469,1118.000,8.6490,15.0000,1.1719,0.5940,4.5328,0.5854,0.2927,0.1220,0.9487,0.0000,4.5328,0.9066,0.6875
6,3,475,477,3,2,2,0.5000,475.803,503.549,742.845,8.7588,14.0000,1.1831,0.9336,4.2306,0.3810,0.3333,0.2857,0.9487,0.1690,4.0794,1.5109,0.5915
4,3,475,477,3,2,1,0.6667,476.121,1033.448,1001.000,8.7630,17.0000,1.1724,0.5648,5.1370,0.7576,0.1294,0.1129,0.8507,0.0000,5.4390,1.8130,0.8448
4,3,476,477,2,1,2,1.0000,476.482,686.000,1040.464,8.4607,15.0000,1.0714,0.6693,4.5326,0.0000,0.7500,0.2500,0.0000,0.0000,4.0793,0.6044,0.7857
5,3,481,483,3,2,1,0.8333,482.235,729.441,575.000,9.1867,16.0000,1.1765,0.5000,4.8335,0.5854,0.2927,0.1220,0.9487,0.0000,4.8335,1.9636,0.6765
10,4,483,486,4,2,3,0.4167,484.328,355.730,722.820,11.6534,17.0000,1.3934,1.3671,5.1353,0.5399,0.2710,0.1890,0.9208,0.0463,4.0778,1.2082,0.5082
6,3,486,487,2,3,2,0.5000,486.544,556.975,1135.506,9.7409,16.0000,1.2152,0.6723,4.8324,0.6168,0.1058,0.2774,0.5000,0.5000,4.2285,1.0571,0.5696
4,3,491,492,2,1,2,1.0000,491.421,400.000,875.439,8.6058,18.0000,1.2632,0.6080,5.4354,0.0000,0.7500,0.2500,0.0000,0.0000,4.0765,0.9059,0.8246
4,3,495,497,3,2,1,0.6667,496.036,606.527,944.000,8.3019,15.0000,1.0909,0.4741,4.5283,0.7576,0.1294,0.1129,0.8507,0.0000,4.5282,0.6038,0.7818
9,3,495,498,4,3,2,0.3750,496.396,775.842,759.713,10.1633,15.0000,1.3366,0.5142,4.5283,0.7365,0.1135,0.1500,0.9014,0.1197,3.6223,0.7547,0.4257
7,3,495,498,4,2,2,0.4375,496.287,896.489,1014.138,10.7255,18.0000,1.3404,0.6020,5.4340,0.8235,0.0431,0.1334,0.9337,0.1681,4.2267,1.3584,0.5426
8,3,495,498,4,2,2,0.5000,496.309,999.433,916.381,10.3530,16.0000,1.3196,0.7501,4.8302,0.6556,0.1306,0.2138,0.9180,0.3925,3.7736,1.8111,0.4536
6,3,496,498,3,2,2,0.5000,497.243,513.608,628.878,9.1195,15.0000,1.2162,0.4770,4.5281,0.5230,0.1584,0.3185,0.9225,0.0898,4.2261,1.2074,0.5946
8,3,496,497,2,3,3,0.4444,496.689,524.633,1077.267,9.6057,14.0000,1.2444,0.9730,4.2264,0.6765,0.1305,0.1930,0.2442,0.8796,3.4715,1.5093,0.4667
7,3,499,500,2,3,3,0.3889,499.593,887.267,1026.128,9.8109,16.0000,1.3023,0.5035,4.8291,0.3790,0.4227,0.1983,0.5356,0.8439,4.2256,1.5091,0.5233
4,3,500,501,2,3,1,0.6667,500.558,927.115,704.000,7.8471,15.0000,1.1538,0.9890,4.5270,0.7576,0.1294,0.1129,0.5257,0.0000,4.8289,2.1126,0.8269
12,3,503,507,5,4,4,0.1500,505.176,1032.198,920.962,11.4102,15.0000,1.3740,0.8488,4.5256,0.7576,0.1475,0.0949,0.8113,0.4739,3.3189,0.9053,0.3282
3,3,514,516,3,1,1,1.0000,514.978,638.000,1121.000,7.8339,16.0000,1.0667,0.0222,4.8244,0.8889,0.0000,0.1111,1.0000,0.0000,4.5232,0.9047,1.0000
7,3,515,517,3,2,2,0.5833,515.965,892.471,691.635,9.6864,16.0000,1.3176,1.1593,4.8244,0.5927,0.2184,0.1889,0.8630,0.4864,4.2207,1.8089,0.5294
3,3,516,517,2,1,2,0.7500,516.333,548.000,1139.667,7.8331,15.0000,1.0000,0.7454,4.5226,0.5333,0.2667,0.2000,0.7071,0.0000,4.8240,0.9045,1.0000
6,3,516,518,3,2,2,0.5000,516.690,558.535,646.127,8.7388,15.0000,1.2676,0.5728,4.5222,0.6373,0.1269,0.2358,0.8795,0.0724,3.3162,0.6030,0.6056
8,3,516,518,3,2,3,0.4444,517.337,950.480,870.122,10.4456,15.0000,1.2245,0.5987,4.5222,0.0000,0.6964,0.3036,0.0000,0.1961,3.9193,0.9044,0.4388
6,3,517,519,3,2,1,1.0000,517.911,1084.532,1018.000,9.7226,16.0000,1.2152,1.0247,4.8237,0.5556,0.3333,0.1111,1.0000,0.0000,4.5219,1.2057,0.5823
7,3,518,519,2,2,3,0.5833,518.506,916.106,980.059,9.6846,16.0000,1.3176,0.5202,4.8234,0.4600,0.2645,0.2756,0.0000,0.3827,3.6175,0.7537,0.5412
9,3,521,523,3,2,3,0.5000,522.307,455.404,1005.237,11.4519,19.0000,1.5000,0.9162,5.7261,0.4839,0.3219,0.1942,0.4370,0.0378,3.6162,1.2053,0.4211
6,3,521,523,3,2,2,0.5000,521.733,665.480,566.147,9.2278,15.0000,1.2000,0.9109,4.5209,0.3810,0.3333,0.2857,0.9487,0.1690,4.2193,1.5070,0.5733
6,3,522,524,3,2,2,0.5000,523.275,574.688,1006.750,9.8419,18.0000,1.3500,0.4856,5.4243,0.6381,0.1455,0.2164,0.8019,0.3768,4.0681,1.8080,0.6125
5,3,522,523,2,2,3,0.4167,522.149,1029.463,680.060,9.0300,17.0000,1.2687,0.5608,5.1233,0.5461,0.2256,0.2283,0.1201,0.5647,4.5206,1.5069,0.7015
7,3,532,534,3,2,2,0.5833,533.059,482.400,920.224,9.6746,17.0000,1.4000,0.4620,5.1194,0.3883,0.1309,0.4808,0.9235,0.3259,3.0112,0.3012,0.5412
8,3,536,538,3,2,3,0.4444,536.925,900.085,1110.330,11.2828,19.0000,1.4340,0.3492,5.7202,0.5661,0.2858,0.1481,0.6554,0.2323,3.7634,1.2041,0.5094
4,3,538,540,3,2,1,0.6667,539.000,647.170,1250.000,7.9772,16.0000,1.2075,0.1698,4.8164,0.5357,0.3214,0.1429,1.0000,0.0000,4.8164,0.9032,0.8302
5,3,539,541,3,2,2,0.4167,540.000,294.559,919.221,9.1538,16.0000,1.1765,0.4933,4.8161,0.1521,0.5234,0.3245,1.0000,0.0000,4.8161,1.3545,0.6765
5,3,540,542,3,1,2,0.8333,541.106,599.000,935.591,8.8840,15.0000,1.1364,1.1793,4.5151,0.5854,0.2927,0.1220,0.9487,0.0000,3.9129,0.9032,0.6667
9,3,541,543,3,3,2,0.5000,541.536,950.845,859.191,11.0360,15.0000,1.2273,0.9830,4.5146,0.2513,0.4614,0.2873,0.5579,0.3059,3.9129,1.5049,0.4000
4,3,543,544,2,1,3,0.6667,543.707,814.000,1093.328,8.7275,17.0000,1.1724,0.9756,5.1163,0.7500,0.1500,0.1000,0.3162,0.0000,4.0628,1.2038,0.7931
5,4,547,549,3,2,1,0.8333,547.826,764.594,860.000,9.2848,15.0000,1.0870,0.4415,4.5133,0.5854,0.2927,0.1220,0.9487,0.0000,4.5133,1.0532,0.8261
4,3,548,550,3,2,1,0.6667,549.000,1110.792,465.000,7.9732,14.0000,1.0566,1.0213,4.2124,0.5357,0.3214,0.1429,1.0000,0.0000,3.9113,0.9026,0.7925
7,3,552,555,4,2,3,0.2917,553.071,1008.143,977.976,9.5510,15.0000,1.2500,1.0812,4.5126,0.6877,0.1243,0.1880,0.9808,0.0278,3.3092,1.0529,0.5119
4,3,553,555,3,1,2,0.6667,554.018,857.000,1315.836,8.2725,17.0000,1.2364,0.1646,5.1139,0.5357,0.3214,0.1429,1.0000,0.0000,4.6627,1.0529,0.8364
4,3,555,557,3,2,1,0.6667,555.655,646.759,1010.000,8.7233,20.0000,1.3793,0.4209,6.0160,0.7500,0.1500,0.1000,0.9487,0.0000,4.6625,0.3008,0.8448
6,4,557,559,3,2,2,0.5000,557.883,941.364,493.883,9.4553,16.0000,1.2468,0.3994,4.8126,0.7074,0.0897,0.2030,0.9140,0.2540,4.5118,1.2032,0.7532
10,3,562,564,3,3,3,0.3704,562.703,1085.297,786.017,11.2227,17.0000,1.4407,0.4198,5.1129,0.4579,0.1412,0.4009,0.6280,0.7071,3.6091,1.2030,0.3983
3,3,563,565,3,1,1,1.0000,563.979,643.000,1126.000,8.3347,19.0000,1.1875,0.0208,5.7143,0.8889,0.0000,0.1111,1.0000,0.0000,4.2106,1.2030,1.0000
3,3,567,568,2,1,2,0.7500,567.362,656.000,1158.702,8.1607,17.0000,1.0851,0.7044,5.1125,0.5333,0.2667,0.2000,0.7071,0.0000,4.5111,0.0000,1.0000
5,3,567,569,3,1,2,0.8333,568.143,904.000,945.400,9.4146,17.0000,1.2143,0.6168,5.1125,0.5854,0.2927,0.1220,0.9487,0.0000,4.8118,0.9022,0.6571
7,3,569,571,3,2,2,0.5833,569.683,1097.720,797.256,9.3207,15.0000,1.2805,0.7814,4.5110,0.3772,0.3083,0.3146,0.9758,0.2185,3.6088,1.5037,0.5244
5,3,578,580,3,2,2,0.4167,579.100,398.429,876.143,9.4141,19.0000,1.3571,0.4627,5.7137,0.7729,0.0435,0.1836,0.8328,0.5477,4.5109,0.6014,0.7000
4,3,578,581,4,1,1,1.0000,579.339,693.000,1043.000,8.4203,17.0000,1.2143,0.6607,5.1123,0.9375,0.0000,0.0625,1.0000,0.0000,4.2101,0.6014,0.8393
5,4,578,580,3,1,2,0.8333,579.143,877.000,551.357,9.4141,17.0000,1.2143,0.3847,5.1123,0.5854,0.2927,0.1220,0.9487,0.0000,4.5109,1.3533,0.8571
5,3,581,583,3,1,2,0.8333,581.750,890.000,819.368,9.1452,15.0000,1.1029,0.8353,4.5109,0.5854,0.2927,0.1220,0.9487,0.0000,5.1123,1.2029,0.6618
3,3,582,583,2,1,2,0.7500,582.651,895.000,967.674,7.4658,15.0000,1.0465,0.7280,4.5109,0.5333,0.2667,0.2000,0.7071,0.0000,4.5109,1.3533,1.0000
9,3,584,587,4,2,2,0.5625,585.078,375.495,883.806,10.3249,15.0000,1.3107,1.2018,4.5109,0.7065,0.1285,0.1650,0.9584,0.0201,3.6087,1.2029,0.4175
8,3,587,589,3,2,4,0.3333,588.065,1025.710,891.419,9.8880,16.0000,1.3763,0.5141,4.8116,0.5627,0.2733,0.1640,0.1611,0.1611,3.6087,1.2029,0.4731
7,3,592,595,4,2,2,0.4375,593.744,797.356,1007.378,10.2296,18.0000,1.4000,1.4610,5.4130,0.7764,0.0638,0.1598,0.8790,0.1860,4.5108,1.8043,0.6778
4,3,595,596,2,2,1,1.0000,595.558,768.538,946.000,7.8188,15.0000,1.1538,0.6968,4.5108,0.0000,0.7500,0.2500,1.0000,0.0000,3.9094,1.8043,0.8269
5,3,599,601,3,1,2,0.8333,600.234,638.000,1020.484,8.6070,16.0000,1.2500,0.5664,4.8115,0.5854,0.2927,0.1220,0.9487,0.0000,4.8115,1.2029,0.7188
9,3,600,602,3,3,2,0.5000,601.055,519.027,960.209,11.0263,16.0000,1.3091,0.2178,4.8115,0.5418,0.1816,0.2766,0.7831,0.3304,3.6086,1.3532,0.4000
3,3,600,601,2,1,2,0.7500,600.333,1018.000,699.667,7.2920,14.0000,1.0000,0.7454,4.2100,0.5333,0.2667,0.2000,0.7071,0.0000,4.5108,1.5036,1.0000
5,3,601,602,2,1,3,0.8333,601.562,494.000,1214.250,8.6070,16.0000,1.2500,0.5039,4.8114,0.5854,0.2927,0.1220,0.3162,0.0000,3.9093,0.7518,0.6875
5,3,603,605,3,2,2,0.4167,603.970,337.134,868.239,9.0103,16.0000,1.1940,0.2756,4.8114,0.4138,0.1655,0.4207,1.0000,0.0000,4.5107,1.0525,0.6866
4,3,603,605,3,1,2,0.6667,603.904,936.000,992.731,7.8185,15.0000,1.1538,0.2859,4.5107,0.5357,0.3214,0.1429,1.0000,0.0000,4.5107,0.6014,0.8269
3,3,607,608,2,1,2,0.7500,607.644,776.000,1088.311,7.8125,16.0000,1.0667,0.7156,4.8113,0.5333,0.2667,0.2000,0.7071,0.0000,4.8112,1.2028,1.0000
6,3,614,616,3,2,2,0.5000,615.282,732.397,515.256,9.5746,18.0000,1.3846,0.5507,5.4122,0.4758,0.3366,0.1876,0.8466,0.1665,4.0592,1.8041,0.6026
9,3,616,618,3,2,2,0.7500,616.941,571.327,354.277,10.1226,15.0000,1.3366,1.0336,4.5101,0.4444,0.2963,0.2593,1.0000,0.0000,3.3074,1.2027,0.4356
4,3,617,620,4,1,1,1.0000,618.466,621.000,801.000,8.7193,16.0000,1.1034,0.4655,4.8107,0.9375,0.0000,0.0625,1.0000,0.0000,4.3597,1.5034,0.7759
4,3,620,622,3,2,1,0.6667,621.396,492.283,720.000,7.9673,15.0000,1.1321,0.6668,4.5098,0.7500,0.1500,0.1000,0.9487,0.0000,4.6601,1.2026,0.8302
4,3,620,621,2,2,2,0.5000,620.800,850.455,1085.291,8.2681,16.0000,1.1636,0.8657,4.8105,0.5916,0.1015,0.3069,0.5000,0.5000,3.9085,1.2026,0.8000
9,3,621,624,4,2,2,0.5625,622.697,590.450,810.743,10.9236,17.0000,1.4037,0.6787,5.1110,0.6808,0.1427,0.1765,0.9394,0.3311,3.3072,1.2026,0.4404
4,3,621,622,2,1,2,1.0000,621.459,618.000,1206.393,9.1700,19.0000,1.2459,0.6689,5.7124,0.0000,0.7500,0.2500,0.0000,0.0000,5.2615,0.6013,0.8525
4,3,628,629,2,2,2,0.5000,628.558,629.173,961.269,7.8162,15.0000,1.1538,0.5460,4.5093,0.5916,0.1015,0.3069,0.7071,0.7071,3.9081,0.3006,0.8269
5,3,637,638,2,3,1,0.8333,637.561,693.727,571.000,8.8722,15.0000,1.1364,0.6234,4.5088,0.5854,0.2927,0.1220,0.3162,0.0000,3.9077,1.2023,0.6667
4,4,638,639,2,1,2,1.0000,638.508,647.000,1023.492,8.8672,16.0000,1.0847,0.6951,4.8093,0.0000,0.7500,0.2500,0.0000,0.0000,4.9597,1.5029,1.0000
6,3,640,642,3,2,2,0.5000,641.149,793.878,923.486,9.0805,15.0000,1.2162,0.5230,4.5086,0.3810,0.3333,0.2857,0.9487,0.1690,4.2081,1.2023,0.5946
6,3,647,649,3,1,3,0.6667,648.347,531.000,1171.413,9.2025,15.0000,1.2000,0.6814,4.5083,0.6061,0.3030,0.0909,0.7071,0.0000,4.2077,1.0519,0.5733
10,4,653,655,3,3,3,0.3704,654.513,953.425,753.097,10.7395,15.0000,1.3274,1.1758,4.5081,0.5976,0.1640,0.2384,0.4608,0.3269,2.7049,0.9016,0.5044
4,3,659,660,2,1,2,1.0000,659.509,1040.000,971.474,8.5652,16.0000,1.1228,0.6951,4.8086,0.0000,0.7500,0.2500,0.0000,0.0000,4.0572,0.9016,0.7895
8,3,663,664,2,2,2,1.0000,663.480,667.600,1009.470,10.6253,18.0000,1.4400,0.7819,5.4095,0.0000,0.0000,1.0000,0.0000,1.0000,3.9069,0.6011,0.4800
3,3,666,666,1,1,3,1.0000,666.000,928.000,1027.045,7.6344,16.0000,1.0909,0.9545,4.8084,0.8889,0.0000,0.1111,0.0000,1.0000,3.9069,1.8032,1.0000
8,3,669,671,3,2,2,0.6667,669.919,601.343,948.768,10.5189,15.0000,1.2121,0.4224,4.5079,0.4961,0.2369,0.2670,0.9586,0.0986,4.3576,1.5026,0.4343
8,3,670,673,4,3,2,0.3333,671.806,494.845,813.359,10.9438,16.0000,1.2427,0.9382,4.8083,0.6960,0.1832,0.1208,0.8697,0.2753,3.4560,0.9016,0.5825
3,3,674,676,3,1,1,1.0000,674.956,606.000,1029.000,7.8077,16.0000,1.0667,0.9556,4.8083,0.8889,0.0000,0.1111,1.0000,0.0000,4.8083,1.5026,1.0000
11,3,683,685,3,2,3,0.6111,683.712,565.386,719.152,11.9597,17.0000,1.4167,0.9757,5.1085,0.5278,0.2341,0.2381,0.6454,0.4041,3.0050,0.9015,0.3561
12,4,685,687,3,3,3,0.4444,686.095,533.797,552.824,12.8381,17.0000,1.3784,0.8541,5.1083,0.5629,0.1815,0.2556,0.7708,0.1215,3.1552,0.9015,0.4189
4,3,685,686,2,2,2,0.5000,685.536,563.804,660.250,8.4138,16.0000,1.1429,0.5627,4.8079,0.5916,0.1015,0.3069,0.7071,0.7071,4.6576,1.2020,0.8036
7,3,686,688,3,2,2,0.5833,686.659,636.788,1168.482,9.6538,16.0000,1.3176,0.6551,4.8078,0.4600,0.2645,0.2756,0.8571,0.1000,3.0049,0.9015,0.5412
5,3,688,690,3,3,1,0.5556,688.743,490.586,481.000,9.4065,18.0000,1.2857,0.4876,5.4086,0.6646,0.2585,0.0769,0.7071,0.0000,4.2068,0.7512,0.7143
8,3,689,691,3,3,2,0.4444,690.126,495.330,1119.816,10.9420,18.0000,1.3981,1.1880,5.4086,0.6709,0.1342,0.1949,0.7372,0.1788,3.9061,0.9014,0.4951
9,3,690,693,4,3,2,0.3750,691.867,883.029,963.686,10.5162,17.0000,1.4571,0.3426,5.1078,0.7781,0.0358,0.1861,0.8571,0.2172,3.6055,0.9014,0.4286
5,3,692,693,2,2,3,0.4167,692.630,485.219,1170.000,9.8089,20.0000,1.3699,0.4299,6.0091,0.5461,0.2256,0.2283,0.5716,0.7118,5.2580,1.5023,0.7260
8,3,692,694,3,2,2,0.6667,693.383,847.500,1030.691,9.9853,14.0000,1.1915,0.7013,4.2064,0.4716,0.1249,0.4035,0.8929,0.1898,3.7557,1.2018,0.4468
5,3,693,695,3,1,2,0.8333,694.306,510.000,833.639,9.6742,21.0000,1.4583,0.4730,6.3094,0.5854,0.2927,0.1220,0.9487,0.0000,4.2062,0.3005,0.7361
3,3,693,695,3,1,1,1.0000,694.000,1056.000,900.000,7.6324,16.0000,1.0909,0.0000,4.8072,0.8889,0.0000,0.1111,1.0000,0.0000,4.5068,1.2018,1.0000
6,3,695,698,4,2,2,0.3750,696.455,823.883,985.130,9.4441,19.0000,1.4805,0.4870,5.7083,0.7449,0.0647,0.1904,0.9950,0.0995,4.2059,1.5022,0.6364
6,3,696,698,3,2,2,0.5000,697.185,323.877,1043.642,9.9345,17.0000,1.2593,0.4216,5.1073,0.5230,0.1584,0.3185,0.9225,0.0898,3.7552,0.6008,0.5679
5,3,698,700,3,1,2,0.8333,699.123,795.000,1210.338,8.7326,15.0000,1.1538,1.1730,4.5063,0.5854,0.2927,0.1220,0.9487,0.0000,4.8064,1.6523,0.6615
11,4,699,701,3,3,2,0.6111,699.992,455.248,980.737,12.0464,17.0000,1.4060,0.3618,5.1068,0.2803,0.3638,0.3558,0.7674,0.2242,3.6048,0.9012,0.4737
4,3,700,701,2,2,2,0.5000,700.786,362.250,793.482,8.4110,15.0000,1.0714,0.5838,4.5059,0.5916,0.1015,0.3069,0.5000,0.5000,4.6561,0.9012,0.7857
8,3,700,702,3,2,3,0.4444,701.398,596.118,741.892,9.8769,14.0000,1.2043,0.9843,4.2055,0.4400,0.3446,0.2154,0.5824,0.2130,3.7548,1.2015,0.4516
4,3,703,704,2,2,1,1.0000,703.481,454.444,1081.000,8.1099,16.0000,1.1852,0.6829,4.8058,0.0000,0.7500,0.2500,1.0000,0.0000,4.5056,1.5018,0.8148
8,4,703,705,3,4,2,0.3333,704.126,498.670,899.757,10.9379,15.0000,1.1650,0.7236,4.5054,0.8069,0.0390,0.1540,0.6612,0.7498,3.7545,1.0513,0.5631
4,3,704,706,3,1,2,0.6667,705.321,522.000,1159.268,8.4097,16.0000,1.1429,0.4184,4.8056,0.7500,0.1500,0.1000,0.9487,0.0000,4.0546,0.3004,0.8036
4,3,708,710,3,2,1,0.6667,708.902,667.451,1016.000,7.6578,14.0000,1.0980,1.0084,4.2044,0.7576,0.1294,0.1129,0.8507,0.0000,4.5045,0.9009,0.8235
5,3,708,710,3,1,3,0.5556,709.303,730.000,1161.894,8.8637,16.0000,1.2121,0.3211,4.8049,0.8123,0.1108,0.0769,0.7071,0.0000,4.5044,0.9009,0.6818
12,3,709,711,3,3,3,0.4444,710.423,513.141,571.500,12.3092,15.0000,1.2676,0.6696,4.5044,0.5979,0.0594,0.3427,0.4089,0.0938,3.7536,1.5013,0.3028
5,3,709,711,3,1,2,0.8333,710.157,791.000,925.343,9.4005,19.0000,1.3571,0.3772,5.7055,0.5854,0.2927,0.1220,0.9487,0.0000,4.5042,0.9009,0.6714
9,3,714,717,4,3,2,0.3750,715.406,481.462,666.802,10.6076,16.0000,1.3585,0.6461,4.8035,0.4610,0.3931,0.1459,0.9500,0.2511,3.6025,1.2008,0.4245
6,3,715,717,3,2,2,0.5000,716.120,624.880,666.253,9.1919,17.0000,1.3600,0.3049,5.1035,0.5230,0.1584,0.3185,0.9225,0.0898,4.3528,1.2008,0.6267
6,3,717,719,3,1,3,0.6667,717.802,579.000,930.901,9.9264,18.0000,1.3333,0.8085,5.4035,0.6944,0.2222,0.0833,0.6000,0.0000,4.3525,1.0506,0.6296
4,3,717,719,3,2,1,0.6667,717.855,886.582,948.000,8.2549,17.0000,1.2364,0.9514,5.1033,0.7576,0.1294,0.1129,0.8507,0.0000,4.6527,0.9005,0.8364
8,3,720,722,3,3,4,0.2222,721.174,559.402,991.185,9.7622,15.0000,1.3043,1.3303,4.5022,0.5751,0.2603,0.1646,0.4950,0.6806,3.4514,1.5006,0.4674
6,3,721,723,3,3,2,0.3333,721.859,445.000,502.487,9.5567,16.0000,1.2308,0.5072,4.8018,0.6378,0.1768,0.1854,0.7170,0.4222,4.8018,1.8007,0.6026
5,3,724,726,3,2,2,0.4167,724.873,1000.169,933.127,9.5278,19.0000,1.3380,0.2464,5.7012,0.6489,0.0995,0.2515,0.9362,0.2726,4.5012,1.2003,0.7042
3,3,726,727,2,1,2,0.7500,726.333,764.000,992.333,7.7954,15.0000,1.0000,0.4714,4.5007,0.5333,0.2667,0.2000,0.7071,0.0000,4.2007,0.9000,1.0000
5,3,734,735,2,2,2,0.6250,734.378,975.392,716.878,9.9252,20.0000,1.3514,0.5582,5.9983,0.3432,0.2505,0.4063,0.6059,0.3645,5.3982,1.9494,0.7162
3,3,744,746,3,1,1,1.0000,745.000,885.000,980.000,7.9605,16.0000,1.0435,0.0000,4.7958,0.8889,0.0000,0.1111,1.0000,0.0000,4.7961,1.3488,1.0000
5,3,748,749,2,2,2,0.6250,748.457,569.857,1045.600,9.3818,17.0000,1.2143,0.6893,5.0946,0.3432,0.2505,0.4063,0.6059,0.3645,5.0945,1.4984,0.6714
6,3,759,761,3,2,2,0.5000,759.734,389.772,874.241,9.6607,18.0000,1.3671,0.8055,5.3919,0.6075,0.1449,0.2475,0.8795,0.4086,4.0437,0.8986,0.6456
4,3,759,761,3,1,2,0.6667,760.125,992.000,936.268,8.3870,16.0000,1.1429,0.2956,4.7926,0.5357,0.3214,0.1429,1.0000,0.0000,5.2419,1.4977,0.8393
66,29,760,766,7,7,6,0.2245,763.230,551.316,762.907,39.1888,36.0000,2.2352,0.8371,10.7818,0.2961,0.2415,0.4623,0.7578,0.6201,4.1929,1.4975,0.6134
6,3,763,765,3,2,2,0.5000,763.784,678.122,1202.446,9.0479,16.0000,1.2973,0.9099,4.7921,0.3810,0.3333,0.2857,0.9487,0.1690,3.2945,0.7487,0.6351
12,3,764,767,4,3,3,0.3333,765.262,761.929,916.518,12.1898,17.0000,1.4468,0.5536,5.0912,0.6330,0.1374,0.2296,0.9759,0.1321,3.5937,1.4973,0.3475
5,3,766,768,3,2,1,0.8333,766.781,989.469,624.000,8.5712,15.0000,1.1719,0.9448,4.4921,0.5854,0.2927,0.1220,0.9487,0.0000,4.7914,0.5989,0.7031
12,3,773,776,4,3,3,0.3333,774.355,917.116,600.732,11.9271,16.0000,1.3913,1.1267,4.7902,0.2785,0.5467,0.1747,0.2627,0.0685,3.1437,1.4970,0.4420
4,3,774,775,2,2,1,1.0000,774.492,454.540,992.000,9.4309,19.0000,1.2063,0.6738,5.6886,0.0000,0.7500,0.2500,1.0000,0.0000,4.9400,1.4970,0.7937
3,3,780,782,3,1,1,1.0000,781.000,566.000,1010.000,8.1229,17.0000,1.0851,0.0000,5.0889,0.8889,0.0000,0.1111,1.0000,0.0000,5.0890,1.1974,1.0000
31,5,792,795,4,4,5,0.3875,793.863,1292.168,591.439,20.8022,25.0000,2.0026,0.6011,7.4820,0.3407,0.2531,0.4063,0.2790,0.5949,3.7410,1.4964,0.2584
5,3,795,796,2,2,2,0.6250,795.580,348.130,959.435,9.2350,16.0000,1.1594,0.7163,4.7884,0.3432,0.2505,0.4063,0.6059,0.3645,5.0877,2.0949,0.6667
3,3,825,826,2,2,1,0.7500,825.688,346.646,825.000,8.2941,17.0000,1.0625,0.7175,5.0879,0.5333,0.2667,0.2000,0.7071,0.0000,5.0879,0.7482,1.0000
9,4,829,831,3,3,2,0.5000,830.345,329.698,538.750,11.5730,19.0000,1.4741,0.8179,5.6867,0.2589,0.2318,0.5093,0.7997,0.0731,2.9930,1.1972,0.5948
4,3,831,834,4,1,1,1.0000,832.362,248.000,977.000,8.6799,17.0000,1.1724,0.3621,5.0882,0.9375,0.0000,0.0625,1.0000,0.0000,4.3399,0.5986,0.8276
4,3,833,834,2,1,2,1.0000,833.483,433.000,812.448,8.6800,17.0000,1.1724,0.6845,5.0883,0.0000,0.7500,0.2500,0.0000,0.0000,4.7890,1.3469,0.8103
7,3,835,838,4,2,2,0.4375,835.889,462.878,661.289,10.1819,17.0000,1.3222,0.3328,5.0884,0.7632,0.1142,0.1226,0.9822,0.1774,2.9932,0.8979,0.5222
3,3,841,842,2,2,1,0.7500,841.654,420.692,987.000,8.9868,18.0000,1.0385,0.7226,5.3881,0.5333,0.2667,0.2000,0.7071,0.0000,5.6874,1.1974,1.0000
35,17,873,877,5,5,6,0.2333,874.900,971.232,1191.402,30.8213,41.0000,2.3563,0.4748,12.2758,0.2343,0.3000,0.4657,0.3592,0.4805,4.0420,0.7485,0.6979
6,3,877,880,4,2,2,0.3750,878.531,301.259,913.333,9.9009,17.0000,1.2593,0.6783,5.0900,0.8460,0.0320,0.1220,0.8735,0.4867,4.3415,1.4970,0.6173
5,3,903,905,3,2,1,0.8333,904.229,411.357,794.000,9.3704,19.0000,1.3571,0.4240,5.6872,0.5854,0.2927,0.1220,0.9487,0.0000,5.0885,1.4966,0.7143
4,3,931,932,2,3,1,0.6667,931.439,412.877,799.000,8.5240,17.0000,1.1930,0.9807,5.0846,0.7576,0.1294,0.1129,0.5257,0.0000,5.0845,1.7945,0.8246
4,3,938,939,2,1,3,0.6667,938.536,1056.000,859.071,8.3727,15.0000,1.0714,0.5405,4.4855,0.7576,0.1294,0.1129,0.5257,0.0000,4.7844,1.1961,0.8036
4,3,945,947,3,1,2,0.6667,945.891,459.000,1005.727,8.2217,16.0000,1.1636,0.2937,4.7835,0.5357,0.3214,0.1429,1.0000,0.0000,4.7836,1.3454,0.8364
6,3,947,949,3,1,3,0.6667,948.203,450.000,1059.063,9.6418,17.0000,1.2911,0.8000,5.0821,0.6944,0.2222,0.0833,0.6000,0.0000,3.5875,0.5979,0.6076
4,3,949,950,2,2,1,1.0000,949.483,158.483,823.000,8.9684,16.0000,1.0667,0.7075,4.7832,0.0000,0.7500,0.2500,1.0000,0.0000,4.3347,1.4947,0.7833
9,4,953,955,3,3,3,0.3333,954.310,537.267,389.966,11.5582,17.0000,1.3190,0.4110,5.0817,0.7639,0.0890,0.1471,0.4141,0.0833,4.1849,1.7935,0.5345
9,3,957,960,4,2,3,0.3750,958.578,448.734,788.706,10.8600,19.0000,1.5688,0.5789,5.6791,0.4895,0.3670,0.1435,0.9376,0.3296,3.2879,1.4945,0.4587
4,3,970,973,4,1,1,1.0000,971.717,194.000,948.000,8.9655,18.0000,1.2000,0.2833,5.3793,0.9375,0.0000,0.0625,1.0000,0.0000,5.2298,0.5977,0.8500
5,3,974,976,3,1,2,0.8333,974.806,845.000,923.313,8.9541,16.0000,1.1940,0.8648,4.7814,0.5854,0.2927,0.1220,0.9487,0.0000,4.7813,1.3448,0.6866
5,3,978,980,3,2,1,0.8333,978.667,346.619,440.000,8.4190,15.0000,1.1905,0.9098,4.4823,0.5854,0.2927,0.1220,0.9487,0.0000,4.1834,0.5976,0.7143
4,3,981,982,2,1,2,1.0000,981.446,971.000,772.536,8.3664,16.0000,1.1429,0.6973,4.7808,0.0000,0.7500,0.2500,0.0000,0.0000,4.7808,1.6434,0.8214
7,3,985,987,3,2,2,0.5833,986.247,482.788,1066.541,9.5983,16.0000,1.3176,0.5625,4.7802,0.4600,0.2645,0.2756,0.8571,0.1000,3.2863,0.8963,0.5412
10,3,999,1002,4,2,3,0.4167,1000.595,863.500,717.069,10.9525,16.0000,1.3793,0.6472,4.7771,0.4890,0.3014,0.2096,0.9753,0.0702,3.5828,1.3436,0.3966
9,3,1002,1005,4,3,2,0.3750,1003.772,685.798,435.719,11.3437,19.0000,1.5000,0.8458,5.6721,0.5919,0.2295,0.1786,0.9298,0.1266,3.5822,1.4925,0.4649
4,3,1007,1010,4,1,1,1.0000,1008.672,366.000,629.000,8.6541,17.0000,1.1724,0.3276,5.0729,0.9375,0.0000,0.0625,1.0000,0.0000,4.9237,1.1937,0.8276
5,4,1010,1012,3,2,1,0.8333,1011.267,242.587,682.000,10.0072,18.0000,1.2000,0.4919,5.3705,0.5854,0.2927,0.1220,0.9487,0.0000,5.0721,1.4917,0.8533
5,3,1011,1012,2,3,1,0.8333,1011.519,658.247,892.000,10.2739,20.0000,1.2987,0.5751,5.9673,0.5854,0.2927,0.1220,0.3162,0.0000,5.0718,1.4917,0.6883
43,22,1050,1054,5,4,6,0.3583,1051.530,885.810,929.575,31.3484,39.0000,2.4269,0.7053,11.6023,0.2682,0.4386,0.2931,0.3962,0.4829,3.7188,0.5951,0.6715
5,3,1058,1060,3,1,2,0.8333,1058.826,668.000,540.696,9.1782,18.0000,1.3043,0.3505,5.3539,0.5854,0.2927,0.1220,0.9487,0.0000,4.1641,0.5949,0.6957
5,3,1084,1086,3,2,2,0.4167,1085.072,474.174,954.449,9.1804,16.0000,1.1594,0.4872,4.7601,0.5461,0.2256,0.2283,0.8117,0.4177,4.7602,1.3388,0.6812
7,3,1086,1089,4,2,2,0.4375,1087.747,522.648,983.099,10.2332,18.0000,1.3846,0.4442,5.3554,0.8235,0.0431,0.1334,0.9337,0.1681,3.8677,1.1901,0.5495
6,3,1088,1090,3,3,1,0.6667,1089.359,615.385,444.000,9.4744,17.0000,1.3077,0.7124,5.0580,0.6061,0.3030,0.0909,0.7071,0.0000,4.1654,2.0827,0.6026
4,3,1095,1098,4,1,1,1.0000,1096.562,320.000,852.000,9.5221,18.0000,1.1250,0.5625,5.3562,0.9375,0.0000,0.0625,1.0000,0.0000,5.2075,1.4878,0.7969
3,3,1096,1098,3,1,1,1.0000,1097.000,598.000,408.000,8.4183,19.0000,1.1633,0.0000,5.6538,0.8889,0.0000,0.1111,1.0000,0.0000,4.7611,1.3391,1.0000
8,3,1114,1116,3,2,3,0.4444,1115.150,354.510,659.770,10.5216,15.0000,1.2000,0.9357,4.4639,0.6465,0.1495,0.2040,0.5066,0.5781,4.1663,1.4880,0.4500
7,3,1117,1119,3,2,2,0.5833,1117.948,643.711,483.206,10.9105,19.0000,1.3711,0.3585,5.6543,0.6517,0.0773,0.2710,0.8881,0.0000,4.4639,1.1904,0.5052
6,3,1137,1139,3,2,2,0.5000,1137.636,537.883,1195.519,9.3540,16.0000,1.2468,0.6138,4.7610,0.6373,0.1269,0.2358,0.8795,0.0724,3.8684,0.8927,0.5974
10,3,1149,1152,4,3,3,0.2778,1150.508,921.068,888.881,11.1041,17.0000,1.4407,0.5265,5.0588,0.4389,0.2764,0.2847,0.8900,0.4559,3.4222,1.4879,0.4068
5,3,1150,1152,3,2,1,0.8333,1150.739,270.580,717.000,9.1826,17.0000,1.2319,0.6357,5.0588,0.5854,0.2927,0.1220,0.9487,0.0000,4.1661,1.1903,0.6957
6,3,1150,1153,4,2,2,0.3750,1151.909,630.870,1015.870,9.3545,17.0000,1.3247,0.2049,5.0589,0.8087,0.0589,0.1324,0.9827,0.1690,4.0173,1.3391,0.6234
7,3,1159,1161,3,2,3,0.3889,1160.287,440.897,994.483,9.7865,16.0000,1.2874,0.6007,4.7618,0.1278,0.6171,0.2551,0.5345,0.2326,3.8690,0.8929,0.5287
10,3,1161,1163,3,4,2,0.4167,1161.894,777.325,641.837,11.5764,19.0000,1.5447,1.3393,5.6549,0.7052,0.1883,0.1065,0.3627,0.2829,3.1250,0.5953,0.4065
7,3,1165,1167,3,2,3,0.3889,1166.435,445.120,637.717,10.3502,17.0000,1.2935,0.6431,5.0602,0.6188,0.1635,0.2176,0.7316,0.2162,3.5719,1.6371,0.5326
4,3,1171,1174,4,1,1,1.0000,1172.339,776.000,642.000,8.7820,17.0000,1.1525,1.3390,5.0606,0.9375,0.0000,0.0625,1.0000,0.0000,4.3166,0.5954,0.8136
6,3,1175,1177,3,2,2,0.5000,1175.789,592.513,598.289,9.2374,15.0000,1.1842,0.9716,4.4659,0.4246,0.3485,0.2269,0.7895,0.0722,4.3169,0.8932,0.5921
6,3,1185,1187,3,1,3,0.6667,1186.233,998.000,574.123,8.8754,16.0000,1.3151,1.2390,4.7648,0.2083,0.6667,0.1250,0.8944,0.0000,3.2759,0.5956,0.6301
5,3,1186,1188,3,2,1,0.8333,1187.280,294.573,762.000,9.9892,19.0000,1.2667,0.5103,5.6585,0.5854,0.2927,0.1220,0.9487,0.0000,4.7651,1.6380,0.6800
5,3,1195,1197,3,2,2,0.4167,1196.315,448.123,748.822,9.7253,18.0000,1.2329,0.3823,5.3621,0.6338,0.1686,0.1975,0.9585,0.2851,5.0641,1.0426,0.6986
5,3,1224,1225,2,2,2,0.6250,1224.649,212.446,518.135,9.8653,21.0000,1.4189,0.5836,6.2602,0.3432,0.2505,0.4063,0.6059,0.3645,5.0676,1.4905,0.7297
22,7,1242,1247,6,4,4,0.2292,1244.456,761.981,629.893,19.6442,25.0000,1.7799,0.4690,7.4546,0.7244,0.1526,0.1230,0.8525,0.1525,3.5783,1.1928,0.5437
5,3,1254,1256,3,2,2,0.4167,1254.857,292.143,564.844,10.2688,23.0000,1.4935,0.2552,6.8587,0.6489,0.0995,0.2515,0.9362,0.2726,4.7712,2.0874,0.7013
7,3,1255,1257,3,2,3,0.3889,1256.375,341.906,679.000,10.8202,21.0000,1.5312,0.6320,6.2623,0.4000,0.4045,0.1955,0.6148,0.0943,3.5784,0.8946,0.5833
8,3,1255,1258,4,3,3,0.2222,1256.990,1018.596,732.111,10.4377,19.0000,1.5354,0.4192,5.6659,0.7660,0.1247,0.1093,0.8281,0.0366,3.4293,0.8946,0.4949
6,3,1256,1258,3,2,1,1.0000,1257.071,596.494,866.000,10.3480,19.0000,1.3412,0.5108,5.6659,0.5556,0.3333,0.1111,1.0000,0.0000,4.4731,1.4910,0.6000
4,3,1272,1275,4,1,1,1.0000,1273.361,776.000,641.000,9.0944,19.0000,1.2459,0.3607,5.6654,0.9375,0.0000,0.0625,1.0000,0.0000,4.1745,0.5963,0.8361
8,3,1288,1291,4,2,2,0.5000,1288.889,780.192,304.667,10.4335,17.0000,1.3737,1.1758,5.0673,0.7840,0.0463,0.1697,0.9550,0.2592,3.8752,1.4903,0.4747
4,3,1298,1299,2,3,1,0.6667,1298.458,589.932,560.000,8.7907,16.0000,1.0847,1.0385,4.7679,0.7576,0.1294,0.1129,0.5257,0.0000,4.3208,1.0430,0.7966
8,4,1308,1310,3,2,3,0.4444,1308.892,837.098,413.706,10.7411,16.0000,1.2549,0.9445,4.7658,0.4494,0.3709,0.1797,0.9407,0.2084,3.7230,0.8935,0.6078
6,4,1316,1318,3,2,2,0.5000,1316.576,430.518,602.859,10.3313,17.0000,1.2000,0.7648,5.0614,0.6373,0.1269,0.2358,0.8795,0.0724,4.9123,1.7861,0.7529
7,3,1318,1320,3,3,1,0.7778,1318.841,351.068,712.000,9.9012,17.0000,1.3523,0.8437,5.0609,0.3567,0.5477,0.0956,0.8348,0.0000,3.8696,0.8930,0.5568
4,3,1322,1324,3,2,1,0.6667,1323.200,445.185,729.000,9.6722,20.0000,1.2308,0.2722,5.9522,0.7500,0.1500,0.1000,0.9487,0.0000,5.8032,1.6369,0.8154
4,3,1327,1329,3,1,2,0.6667,1328.230,662.000,891.230,9.0743,17.0000,1.1148,0.3246,5.0579,0.7500,0.1500,0.1000,0.9487,0.0000,4.1653,1.0412,0.7705
9,3,1333,1335,3,4,3,0.2500,1333.962,624.189,856.321,10.5088,15.0000,1.2736,1.0317,4.4615,0.3620,0.3984,0.2396,0.3437,0.5407,3.5688,1.1897,0.4245
5,3,1338,1340,3,2,2,0.4167,1338.667,664.130,490.188,9.1752,16.0000,1.1594,0.7049,4.7576,0.6338,0.1686,0.1975,0.9585,0.2851,4.1624,0.8921,0.6812
5,3,1339,1341,3,3,1,0.5556,1339.738,617.908,481.000,8.6429,17.0000,1.3077,0.7442,5.0547,0.5532,0.3398,0.1070,0.8281,0.0000,4.7571,1.1893,0.7231
7,4,1348,1350,3,3,1,0.7778,1348.952,387.606,445.000,11.6820,19.0000,1.2788,0.6077,5.6466,0.4747,0.4312,0.0941,0.8619,0.0000,4.7552,0.5944,0.6538
5,3,1358,1360,3,3,1,0.5556,1359.192,518.781,855.000,9.6985,18.0000,1.2329,0.2912,5.3474,0.8123,0.1108,0.0769,0.7071,0.0000,5.0501,2.0795,0.6575
11,3,1366,1369,4,3,2,0.4583,1367.257,661.397,1025.368,12.1790,18.0000,1.4559,0.5992,5.3462,0.3648,0.3160,0.3192,0.9828,0.1845,3.5642,1.4851,0.3603
7,4,1369,1371,3,3,3,0.2593,1369.870,438.033,446.043,10.3272,15.0000,1.1413,0.8713,4.4550,0.6124,0.1838,0.2038,0.8770,0.4804,4.7518,1.7819,0.6522
5,3,1370,1371,2,3,1,0.8333,1370.318,186.955,644.000,8.7660,15.0000,1.1364,1.0062,4.4549,0.6340,0.2717,0.0943,0.0000,0.0000,4.7519,0.7425,0.6818
4,3,1376,1377,2,1,2,1.0000,1376.441,603.000,360.475,8.7603,17.0000,1.1525,0.6858,5.0483,0.0000,0.7500,0.2500,0.0000,0.0000,4.8998,1.3363,0.8136
4,3,1377,1379,3,2,1,0.6667,1378.071,164.536,752.000,8.3146,15.0000,1.0714,0.5405,4.4543,0.7576,0.1294,0.1129,0.8507,0.0000,4.7512,1.1878,0.8036
4,3,1378,1380,3,2,1,0.6667,1379.143,862.161,736.000,8.3145,16.0000,1.1429,1.1541,4.7512,0.7500,0.1500,0.1000,0.9487,0.0000,4.8996,1.7817,0.8393
5,3,1381,1382,2,2,2,0.6250,1381.412,495.397,822.132,9.0301,16.0000,1.1765,0.5871,4.7511,0.3432,0.2505,0.4063,0.6059,0.3645,4.7511,1.7816,0.6912
7,3,1383,1385,3,3,1,0.7778,1383.718,528.824,877.000,9.5396,16.0000,1.3176,0.7390,4.7510,0.4747,0.4312,0.0941,0.5071,0.0000,3.2663,1.1877,0.5529
5,3,1389,1391,3,2,2,0.4167,1389.971,297.214,941.786,9.2951,20.0000,1.4286,0.3044,5.9384,0.4138,0.1655,0.4207,1.0000,0.0000,4.7507,0.8908,0.7143
6,3,1389,1391,3,2,2,0.5000,1389.560,459.600,515.600,9.0914,15.0000,1.2000,0.9130,4.4538,0.4758,0.3366,0.1876,0.8466,0.1665,4.3054,1.1877,0.6000
6,3,1389,1391,3,2,1,1.0000,1390.088,596.562,576.000,9.6974,17.0000,1.2750,1.0120,5.0477,0.5556,0.3333,0.1111,1.0000,0.0000,3.7115,0.4454,0.6000
6,3,1390,1392,3,2,2,0.5000,1390.833,532.615,407.885,9.4550,15.0000,1.1538,1.0423,4.4538,0.5230,0.1584,0.3185,0.9225,0.0898,4.6023,2.2269,0.5769
3,3,1390,1392,3,1,1,1.0000,1391.000,733.000,976.000,7.8857,16.0000,1.0435,0.0000,4.7507,0.8889,0.0000,0.1111,1.0000,0.0000,4.7507,0.2969,1.0000
9,3,1393,1396,4,3,2,0.3750,1393.975,490.429,861.311,11.7778,19.0000,1.4370,0.5301,5.6415,0.7684,0.0650,0.1666,0.8759,0.3373,3.8599,1.4846,0.4202
5,3,1399,1401,3,2,1,0.8333,1400.261,439.609,498.000,9.1623,16.0000,1.1594,0.4703,4.7507,0.5854,0.2927,0.1220,0.9487,0.0000,4.7507,0.5938,0.6812
5,3,1408,1409,2,2,2,0.6250,1408.529,1008.143,311.543,9.2955,17.0000,1.2143,0.7710,5.0478,0.3432,0.2505,0.4063,0.6059,0.3645,4.4540,1.0393,0.6857
5,3,1411,1413,3,2,1,0.8333,1412.141,221.676,728.000,9.4285,18.0000,1.2676,0.3532,5.3449,0.5854,0.2927,0.1220,0.9487,0.0000,5.0479,1.6332,0.6761
10,4,1417,1420,4,3,2,0.4167,1417.971,483.971,468.065,12.9590,18.0000,1.3043,1.0315,5.3453,0.4871,0.3861,0.1268,0.9115,0.0717,4.3058,0.8909,0.4928
5,3,1418,1420,3,2,2,0.4167,1418.855,417.188,540.768,9.1635,16.0000,1.1594,1.1648,4.7513,0.7958,0.0325,0.1718,0.9294,0.3690,4.1574,0.7424,0.6812
5,3,1423,1425,3,1,2,0.8333,1423.886,698.000,602.386,9.2967,16.0000,1.1429,0.4023,4.7515,0.5854,0.2927,0.1220,0.9487,0.0000,4.1576,1.1879,0.6714
6,3,1425,1426,2,3,2,0.5000,1425.487,850.346,1014.885,9.4567,16.0000,1.2308,0.8235,4.7516,0.6373,0.1269,0.2358,0.4046,0.4063,3.7122,1.1879,0.6026
6,3,1433,1434,2,4,1,0.7500,1433.506,253.530,707.000,10.0634,19.0000,1.3735,0.6818,5.6428,0.7692,0.1538,0.0769,0.3162,0.0000,4.7519,0.2970,0.6145
7,3,1441,1443,3,3,2,0.3889,1442.394,466.862,787.213,10.5518,19.0000,1.4149,0.6573,5.6429,0.6360,0.2036,0.1604,0.7071,0.5972,3.5639,1.6335,0.5638
4,3,1443,1444,2,3,1,0.6667,1443.484,316.081,791.000,9.2068,19.0000,1.2258,0.5224,5.6428,0.7576,0.1294,0.1129,0.5257,0.0000,4.4549,1.0395,0.8226
8,4,1447,1450,4,2,2,0.5000,1448.193,753.440,830.092,11.4449,19.0000,1.3945,0.4893,5.6427,0.6810,0.1576,0.1614,0.9830,0.0199,4.9002,1.3364,0.6147
5,3,1452,1453,2,2,2,0.6250,1452.382,655.853,303.471,9.0310,17.0000,1.2500,0.6694,5.0485,0.3432,0.2505,0.4063,0.6059,0.3645,4.7515,0.8909,0.6912
4,3,1456,1457,2,2,1,1.0000,1456.557,373.459,705.000,9.0570,18.0000,1.1803,0.6990,5.3451,0.0000,0.7500,0.2500,1.0000,0.0000,5.4936,1.7817,0.8361
7,4,1461,1463,3,2,2,0.5833,1461.639,714.330,505.649,10.8860,19.0000,1.3711,0.9691,5.6416,0.4600,0.2645,0.2756,0.8571,0.1000,4.7507,1.0392,0.6701
7,3,1467,1469,3,2,3,0.3889,1468.337,317.880,582.325,9.3134,16.0000,1.3494,0.7639,4.7501,0.6814,0.1697,0.1489,0.6007,0.0391,3.2656,1.6328,0.5542
8,3,1470,1472,3,2,3,0.4444,1471.374,626.692,289.121,11.2302,21.0000,1.5701,0.4996,6.2341,0.2980,0.4245,0.2776,0.7259,0.1740,3.8591,1.1874,0.4953
8,3,1471,1474,4,2,3,0.3333,1471.838,455.629,651.990,11.0202,17.0000,1.2952,0.4053,5.0465,0.6542,0.2028,0.1430,0.9752,0.1543,4.1559,1.1874,0.4571
5,3,1475,1477,3,2,1,0.8333,1475.677,426.369,848.000,8.6285,17.0000,1.3077,0.4906,5.0461,0.5854,0.2927,0.1220,0.9487,0.0000,4.1557,0.8905,0.7231
4,3,1481,1482,2,3,1,0.6667,1481.564,351.109,494.000,8.1618,16.0000,1.1636,0.4498,4.7486,0.7576,0.1294,0.1129,0.5257,0.0000,5.0455,1.7808,0.8364
6,3,1491,1493,3,2,2,0.5000,1492.383,570.519,228.840,9.8131,15.0000,1.1111,0.6357,4.4513,0.6373,0.1269,0.2358,0.8795,0.0724,4.7480,1.4838,0.5556
5,3,1509,1510,2,2,2,0.6250,1509.557,760.600,504.143,9.2912,16.0000,1.1429,0.7006,4.7488,0.3432,0.2505,0.4063,0.6059,0.3645,4.7487,1.1872,0.6714
3,3,1510,1511,2,1,2,0.7500,1510.674,723.000,310.348,7.8826,16.0000,1.0435,0.7292,4.7489,0.5333,0.2667,0.2000,0.7071,0.0000,4.7489,1.6324,1.0000
3,3,1511,1512,2,2,1,0.7500,1511.681,463.319,508.000,8.0541,17.0000,1.0851,0.4513,5.0458,0.5333,0.2667,0.2000,0.7071,0.0000,5.0458,1.4841,1.0000
34,11,1520,1525,6,4,5,0.2833,1522.579,1018.396,475.604,22.5062,22.0000,1.6923,0.7004,6.5320,0.5765,0.1803,0.2432,0.6609,0.1148,3.8598,1.1876,0.4344
7,3,1528,1531,4,2,2,0.4375,1530.143,547.357,333.107,9.4286,16.0000,1.3333,0.9347,4.7517,0.7632,0.1142,0.1226,0.9822,0.1774,3.2667,1.1879,0.5476
6,3,1534,1536,3,1,2,1.0000,1534.889,828.000,439.469,9.8216,17.0000,1.2593,0.4821,5.0492,0.5556,0.3333,0.1111,1.0000,0.0000,4.4551,0.8910,0.5802
6,3,1545,1547,3,2,2,0.5000,1545.896,869.195,481.753,9.3380,15.0000,1.1688,0.9497,4.4559,0.7074,0.0897,0.2030,0.9140,0.2540,4.4559,1.7823,0.5844
6,3,1546,1548,3,3,1,0.6667,1547.052,588.792,853.000,9.3381,18.0000,1.4026,0.2142,5.3471,0.6944,0.2222,0.0833,0.8000,0.0000,4.0103,0.8912,0.6234
9,3,1554,1556,3,2,2,0.7500,1554.866,612.589,473.491,11.0896,15.0000,1.2054,1.0853,4.4557,0.5117,0.1619,0.3264,0.9082,0.4082,3.8616,1.1882,0.4018
5,3,1574,1575,2,2,2,0.6250,1574.582,676.866,480.612,8.8948,17.0000,1.2687,0.7124,5.0467,0.3432,0.2505,0.4063,0.6059,0.3645,4.7496,1.1874,0.7015
5,3,1582,1583,2,2,2,0.6250,1582.563,610.535,477.859,9.4224,17.0000,1.1972,0.7049,5.0446,0.3432,0.2505,0.4063,0.6059,0.3645,4.7481,1.1870,0.6761
4,3,1584,1585,2,1,3,0.6667,1584.564,959.000,340.109,8.1599,16.0000,1.1636,0.4498,4.7475,0.7576,0.1294,0.1129,0.5257,0.0000,4.1541,1.0385,0.8364
8,3,1632,1635,4,3,2,0.3333,1633.588,512.804,536.907,10.1635,17.0000,1.4021,0.6263,5.0381,0.5994,0.2573,0.1433,0.9807,0.1892,3.8527,1.3336,0.4948
8,3,1637,1640,4,2,2,0.5000,1638.391,598.191,433.536,11.5253,18.0000,1.3091,0.6358,5.3343,0.7654,0.0656,0.1690,0.9353,0.3445,4.5934,1.7781,0.4545
18,5,1638,1641,4,3,5,0.3000,1639.472,780.174,508.789,15.2273,16.0000,1.3211,0.9360,4.7416,0.7258,0.1171,0.1571,0.3132,0.4933,3.1117,1.1854,0.3578
10,3,1642,1645,4,3,2,0.4167,1643.400,616.712,495.712,11.7139,17.0000,1.3600,0.5709,5.0378,0.4431,0.3052,0.2517,0.9836,0.1718,3.8524,1.1854,0.3840
8,3,1644,1647,4,2,2,0.5000,1645.790,806.257,635.324,11.0010,18.0000,1.3714,0.4635,5.3341,0.7888,0.0442,0.1670,0.9171,0.1008,4.1487,1.0372,0.4667
9,3,1646,1649,4,2,3,0.3750,1647.432,569.586,446.018,10.9644,18.0000,1.4595,0.5992,5.3341,0.5808,0.2190,0.2002,0.9913,0.0740,3.5560,1.4817,0.4414
6,3,1653,1655,3,2,2,0.5000,1653.962,472.316,652.253,9.5571,18.0000,1.3671,0.4070,5.3339,0.3218,0.4574,0.2208,0.9366,0.3505,4.1486,1.0372,0.6329
8,4,1660,1662,3,3,2,0.4444,1661.104,752.575,560.085,11.1052,17.0000,1.2830,0.4452,5.0375,0.3019,0.4872,0.2108,0.8676,0.1774,4.8893,1.4816,0.5943
7,3,1664,1666,3,2,2,0.5833,1664.824,653.388,863.224,9.5199,18.0000,1.4824,0.4815,5.3338,0.3883,0.1309,0.4808,0.9235,0.3259,3.2595,0.8890,0.5647
8,3,1665,1668,4,3,2,0.3333,1666.579,440.674,841.105,9.9526,16.0000,1.3474,0.8945,4.7411,0.3337,0.5096,0.1567,0.7151,0.0114,3.1113,0.5926,0.4947
4,3,1666,1668,3,1,2,0.6667,1666.695,654.000,187.254,8.7414,16.0000,1.0847,0.7400,4.7411,0.7500,0.1500,0.1000,0.9487,0.0000,4.7411,1.1853,0.7797
7,3,1679,1680,2,2,3,0.5833,1679.455,654.352,294.852,9.8559,17.0000,1.3523,1.0281,5.0374,0.5927,0.2184,0.1889,0.0417,0.2006,4.0003,0.8890,0.5341
5,3,1691,1692,2,2,2,0.6250,1691.373,911.627,762.149,8.8793,17.0000,1.2687,0.5484,5.0378,0.3432,0.2505,0.4063,0.6059,0.3645,4.7414,1.3335,0.7015
9,3,1693,1696,4,4,2,0.2812,1694.327,783.467,448.916,10.5698,16.0000,1.3458,0.6308,4.7416,0.7530,0.1203,0.1267,0.7691,0.0170,3.5561,1.1854,0.4393
4,3,1700,1703,4,1,1,1.0000,1701.339,398.000,733.000,8.7432,17.0000,1.1525,0.3390,5.0384,0.9375,0.0000,0.0625,1.0000,0.0000,5.0384,1.7783,0.8305
15,4,1700,1702,3,3,4,0.4167,1700.887,915.704,928.522,14.2335,20.0000,1.6129,0.6100,5.9276,0.4209,0.2141,0.3650,0.6165,0.2666,3.5565,0.8891,0.3871
3,3,1703,1704,2,1,2,0.7500,1703.652,513.000,461.326,7.8716,16.0000,1.0435,0.7292,4.7422,0.5333,0.2667,0.2000,0.7071,0.0000,4.1495,1.1856,1.0000
3,3,1713,1715,3,1,1,1.0000,1714.000,518.000,245.000,8.0448,17.0000,1.0851,0.0000,5.0399,0.8889,0.0000,0.1111,1.0000,0.0000,4.7436,1.4824,1.0000
5,3,1715,1717,3,2,1,0.8333,1716.187,437.640,390.000,9.9445,18.0000,1.2000,0.4055,5.3367,0.5854,0.2927,0.1220,0.9487,0.0000,4.7436,1.1860,0.6400
5,3,1719,1720,2,1,3,0.8333,1719.441,692.000,344.235,9.0173,15.0000,1.1029,0.5000,4.4479,0.5854,0.2927,0.1220,0.3162,0.0000,4.7442,1.1861,0.6618
9,3,1738,1741,4,3,2,0.3750,1739.116,685.901,343.463,11.9714,21.0000,1.5620,0.4873,6.2330,0.6393,0.1170,0.2437,0.9379,0.2801,4.4526,0.8905,0.4545
5,3,1738,1740,3,2,2,0.4167,1738.917,738.222,498.806,9.5571,16.0000,1.1111,0.9631,4.7490,0.4138,0.1655,0.4207,1.0000,0.0000,5.3423,1.9293,0.6667
4,3,1751,1753,3,2,1,0.6667,1752.364,587.727,358.000,8.1710,15.0000,1.0909,0.4545,4.4572,0.7500,0.1500,0.1000,0.9487,0.0000,4.1599,1.1882,0.8182
18,3,1760,1763,4,3,4,0.3750,1761.893,1286.991,846.266,15.0017,18.0000,1.5140,0.2874,5.3535,0.3577,0.3658,0.2765,0.1229,0.1974,2.9744,0.8923,0.2336
4,3,1764,1767,4,1,1,1.0000,1765.365,745.000,618.000,9.3721,20.0000,1.2698,0.3651,5.9503,0.9375,0.0000,0.0625,1.0000,0.0000,5.2066,1.6362,0.8413
7,3,1767,1769,3,2,2,0.5833,1767.871,752.412,347.400,9.5614,15.0000,1.2353,0.5885,4.4642,0.3210,0.2459,0.4331,0.9117,0.4109,3.5710,1.4879,0.5294
3,3,1773,1775,3,1,1,1.0000,1774.000,914.000,511.000,8.4254,17.0000,1.0408,0.0000,5.0630,0.8889,0.0000,0.1111,1.0000,0.0000,5.0636,1.7869,1.0000
6,3,1796,1799,4,2,2,0.3750,1797.987,964.885,479.128,9.5060,17.0000,1.3077,0.1730,5.0749,0.8288,0.0681,0.1031,0.9831,0.1830,4.1793,1.4926,0.6282
6,3,1807,1810,4,2,2,0.3750,1808.330,599.125,396.443,10.7310,20.0000,1.3636,0.5662,5.9739,0.7696,0.0995,0.1309,0.9136,0.2553,4.7793,1.7922,0.6250
6,3,1815,1817,3,2,2,0.5000,1816.195,782.468,384.117,9.3922,17.0000,1.3247,0.9384,5.0794,0.3810,0.3333,0.2857,0.9487,0.1690,3.5853,0.5976,0.6234
4,3,1837,1839,3,1,2,0.6667,1837.842,507.000,351.158,8.5186,16.0000,1.1228,0.8568,4.7825,0.7500,0.1500,0.1000,0.9487,0.0000,5.0812,1.3450,0.8421
3,3,1839,1840,2,1,2,0.7500,1839.674,920.000,326.326,7.9385,16.0000,1.0435,0.4612,4.7826,0.5333,0.2667,0.2000,0.7071,0.0000,4.7826,1.4945,1.0000
7,3,1839,1842,4,2,2,0.4375,1840.681,924.723,427.096,10.6201,18.0000,1.3404,0.7411,5.3805,0.7558,0.1056,0.1386,0.9795,0.1648,4.1849,1.7935,0.5426
8,3,1845,1847,3,2,3,0.4444,1845.958,751.611,591.600,10.0413,15.0000,1.2632,0.7311,4.4845,0.5843,0.2257,0.1899,0.7190,0.2966,3.5875,0.8969,0.4737
6,3,1856,1859,4,2,2,0.3750,1857.189,379.135,358.541,9.0359,16.0000,1.2973,0.5149,4.7856,0.8688,0.0142,0.1170,0.9156,0.3015,4.3367,1.1964,0.6216
7,3,1867,1868,2,3,2,0.5833,1867.419,968.978,489.462,10.5203,17.0000,1.2796,0.6246,5.0882,0.5352,0.1763,0.2885,0.2673,0.0986,4.4895,1.4966,0.5376
5,3,1868,1870,3,2,1,0.8333,1868.849,818.726,433.000,9.7719,19.0000,1.3014,0.3127,5.6872,0.5854,0.2927,0.1220,0.9487,0.0000,5.6870,1.4966,0.7260
7,3,1873,1874,2,2,3,0.5833,1873.477,774.341,513.795,9.9595,16.0000,1.2727,1.0110,4.7912,0.5352,0.1763,0.2885,0.2673,0.0986,3.8924,1.1977,0.5341
5,3,1889,1890,2,1,3,0.8333,1889.631,760.000,113.354,8.7185,17.0000,1.3077,0.7442,5.0989,0.5854,0.2927,0.1220,0.3162,0.0000,4.7984,0.7498,0.7231
5,3,1893,1894,2,2,2,0.6250,1893.603,756.444,636.159,8.4543,14.0000,1.1111,0.8353,4.2012,0.3432,0.2505,0.4063,0.6059,0.3645,3.9006,1.2005,0.6667
20,7,1895,1898,4,2,4,0.6250,1896.798,1299.569,630.512,16.6470,19.0000,1.5323,1.0304,5.7038,0.4664,0.2604,0.2732,0.5567,0.0739,3.0020,0.6003,0.4677
7,3,1896,1898,3,2,2,0.5833,1897.300,473.222,458.700,10.2123,17.0000,1.3222,0.4789,5.1034,0.3772,0.3083,0.3146,0.9758,0.2185,4.2033,0.9006,0.5111
5,3,1897,1898,2,2,2,0.6250,1897.375,376.359,747.844,8.5927,16.0000,1.2500,0.5424,4.8032,0.3432,0.2505,0.4063,0.6059,0.3645,4.5030,0.9005,0.7031
6,3,1897,1899,3,2,2,0.5000,1898.176,571.257,523.649,9.0706,15.0000,1.2162,0.7194,4.5036,0.6381,0.1455,0.2164,0.8019,0.3768,3.4528,0.3004,0.5946
26,6,1899,1904,6,4,4,0.2708,1901.436,1277.639,877.822,18.9101,19.0000,1.5389,0.9986,5.7077,0.4651,0.3730,0.1619,0.9576,0.0640,3.0047,1.2014,0.3645
4,3,1900,1901,2,2,2,0.5000,1900.192,825.269,246.462,7.8086,14.0000,1.0769,0.5679,4.2045,0.5916,0.1015,0.3069,0.5000,0.5000,4.5047,1.0511,0.8077
3,3,1903,1905,3,1,1,1.0000,1903.978,1003.000,423.000,7.8070,16.0000,1.0667,0.9778,4.8072,0.8889,0.0000,0.1111,1.0000,0.0000,4.8087,1.2022,1.0000
4,3,1906,1907,2,2,2,0.5000,1906.825,515.754,639.474,8.5677,17.0000,1.1930,0.6067,5.1107,0.5916,0.1015,0.3069,0.5000,0.5000,4.8100,2.1038,0.8246
4,3,1911,1913,3,2,1,0.6667,1912.000,1000.839,569.000,8.4242,19.0000,1.3571,0.1607,5.7164,0.5357,0.3214,0.1429,1.0000,0.0000,4.5130,1.3539,0.8393
5,3,1916,1917,2,2,2,0.6250,1916.700,1032.383,564.617,8.0793,14.0000,1.1667,0.7856,4.2156,0.2938,0.4054,0.3007,0.0000,0.3029,4.5166,1.5057,0.7000
9,3,1918,1920,3,2,3,0.5000,1918.676,219.396,506.964,11.1443,17.0000,1.3784,0.5134,5.1206,0.2275,0.5166,0.2558,0.2635,0.1749,3.9164,1.0542,0.4144
7,4,1919,1921,3,2,2,0.5833,1919.906,647.115,203.531,10.9311,20.0000,1.4583,0.4916,6.0253,0.5916,0.2044,0.2040,0.9664,0.1591,4.5183,1.2054,0.6875
4,3,1921,1922,2,2,1,1.0000,1921.518,903.536,842.000,8.4376,15.0000,1.0714,0.6955,4.5205,0.0000,0.7500,0.2500,1.0000,0.0000,4.6708,1.6572,0.7857
8,3,1925,1927,3,2,3,0.4444,1926.189,792.095,455.189,10.1296,15.0000,1.2632,0.2842,4.5244,0.5661,0.2858,0.1481,0.6554,0.2323,4.2216,1.2065,0.4632
5,3,1925,1926,2,1,3,0.8333,1925.635,1036.000,277.952,8.4962,16.0000,1.2698,1.1094,4.8252,0.5854,0.2927,0.1220,0.3162,0.0000,3.9198,1.2060,0.6984
5,3,1927,1929,3,1,2,0.8333,1927.870,688.000,574.377,9.3090,16.0000,1.1594,0.3987,4.8269,0.5854,0.2927,0.1220,0.9487,0.0000,4.8272,1.9608,0.6667
4,3,1929,1931,3,2,1,0.6667,1929.778,974.190,889.000,9.5060,19.0000,1.2063,0.2927,5.7340,0.7500,0.1500,0.1000,0.9487,0.0000,5.1303,2.1121,0.8095
4,3,1930,1931,2,1,2,1.0000,1930.526,1134.000,398.474,8.6018,16.0000,1.1228,0.6699,4.8295,0.0000,0.7500,0.2500,0.0000,0.0000,4.5273,1.0563,0.7719
3,3,1935,1936,2,2,1,0.7500,1935.364,1107.682,439.000,7.6736,16.0000,1.0909,0.7115,4.8337,0.5333,0.2667,0.2000,0.7071,0.0000,4.5308,1.2082,1.0000
4,3,1938,1940,3,1,2,0.6667,1938.759,754.000,434.172,8.7652,18.0000,1.2414,0.7780,5.4398,0.7500,0.1500,0.1000,0.9487,0.0000,4.8365,1.5111,0.8276
8,3,1938,1940,3,3,2,0.4444,1938.677,1078.796,818.903,9.9380,15.0000,1.2903,1.0495,4.5332,0.5661,0.2858,0.1481,0.7315,0.0419,3.1734,0.9066,0.4624
4,3,1942,1943,2,1,2,1.0000,1942.475,446.000,337.458,8.9220,17.0000,1.1525,0.6593,5.1411,0.0000,0.7500,0.2500,0.0000,0.0000,4.6878,1.3607,0.7797
10,3,1944,1947,4,4,2,0.3125,1945.064,865.272,765.808,11.9603,17.0000,1.3600,0.3390,5.1437,0.4611,0.3560,0.1829,0.8770,0.2130,3.9344,1.2101,0.3840
6,3,1947,1950,4,2,2,0.3750,1948.347,976.133,435.347,9.2695,16.0000,1.2800,0.7515,4.8436,0.6410,0.2138,0.1452,0.9804,0.0231,4.0875,1.8166,0.5867
4,3,1948,1949,2,2,1,1.0000,1948.473,958.473,722.000,8.3255,15.0000,1.0909,0.6685,4.5408,0.0000,0.7500,0.2500,1.0000,0.0000,4.2384,1.3624,0.7818
6,3,1950,1952,3,1,3,0.6667,1950.787,764.000,670.513,9.8914,21.0000,1.5750,0.5318,6.3603,0.6061,0.3030,0.0909,0.7071,0.0000,3.9370,0.9086,0.6375
4,3,1950,1951,2,2,1,1.0000,1950.458,943.475,485.000,8.9339,17.0000,1.1525,0.6593,5.1480,0.0000,0.7500,0.2500,1.0000,0.0000,4.6940,0.3030,0.7797
11,5,1956,1958,3,4,3,0.3056,1957.272,646.662,428.574,12.4318,16.0000,1.2941,0.9865,4.8513,0.5242,0.0793,0.3964,0.0730,0.9712,3.3349,0.9096,0.5588
3,3,1956,1958,3,1,1,1.0000,1957.000,809.000,903.000,7.3512,14.0000,1.0000,1.0000,4.2449,0.8889,0.0000,0.1111,1.0000,0.0000,3.9411,0.6064,1.0000
6,3,1961,1963,3,2,2,0.5000,1962.436,793.538,543.859,9.6616,17.0000,1.3077,0.6503,5.1577,0.6373,0.1269,0.2358,0.8795,0.0724,4.7034,1.5168,0.6282
11,3,1961,1964,4,3,5,0.1833,1963.109,1037.051,435.365,12.5343,22.0000,1.7664,0.9638,6.6766,0.8138,0.1274,0.0588,0.4763,0.5073,3.0343,1.2134,0.4088
7,3,1963,1965,3,4,2,0.2917,1964.422,699.952,540.361,9.5211,15.0000,1.2651,0.5575,4.5522,0.8192,0.0720,0.1088,0.5151,0.2156,3.9458,1.8210,0.5301
4,3,1965,1967,3,2,1,0.6667,1966.365,1213.269,584.000,7.8932,15.0000,1.1538,0.4539,4.5536,0.7500,0.1500,0.1000,0.9487,0.0000,4.5542,1.2141,0.8269
4,3,1970,1971,2,1,2,1.0000,1970.473,610.000,888.545,8.3535,16.0000,1.1636,0.6962,4.8606,0.0000,0.7500,0.2500,0.0000,0.0000,4.7081,0.7594,0.8182
5,3,1971,1973,3,2,1,0.8333,1972.215,1198.369,620.000,8.8322,18.0000,1.3846,0.4275,5.4689,0.5854,0.2927,0.1220,0.9487,0.0000,4.5580,1.0636,0.7231
7,3,1981,1984,4,2,2,0.4375,1982.400,1088.106,491.659,9.7744,15.0000,1.2353,0.7780,4.5634,0.6673,0.1280,0.2047,0.9953,0.0695,3.6512,1.2170,0.5176
3,3,1982,1984,3,1,1,1.0000,1983.000,968.000,728.000,7.9051,15.0000,1.0000,1.0000,4.5646,0.8889,0.0000,0.1111,1.0000,0.0000,4.8682,1.5211,1.0000
6,3,1987,1988,2,3,2,0.5000,1987.867,623.080,472.613,9.3217,16.0000,1.2800,0.4168,4.8712,0.7074,0.0897,0.2030,0.2678,0.9635,3.5012,0.6090,0.6000
3,3,1990,1992,3,1,1,1.0000,1991.000,873.000,450.000,7.7368,16.0000,1.0909,0.0000,4.8729,0.8889,0.0000,0.1111,1.0000,0.0000,4.5688,1.5228,1.0000
8,3,1993,1995,3,3,3,0.2963,1994.031,899.206,504.000,10.4482,16.0000,1.3196,0.2085,4.8751,0.5086,0.2268,0.2646,0.7171,0.4219,3.8081,1.2183,0.4742
3,3,1994,1996,3,1,1,1.0000,1995.022,749.000,794.000,7.9161,16.0000,1.0667,0.0222,4.8751,0.8889,0.0000,0.1111,1.0000,0.0000,5.1802,0.7618,1.0000
5,3,1995,1996,2,1,3,0.8333,1995.469,838.000,329.266,8.7212,16.0000,1.2500,0.9064,4.8756,0.5854,0.2927,0.1220,0.3162,0.0000,3.9614,0.6094,0.7031
4,3,1999,2000,2,2,2,0.5000,1999.444,786.167,563.296,8.2305,16.0000,1.1852,0.8488,4.8771,0.5916,0.1015,0.3069,0.7071,0.7071,4.1153,0.6098,0.8333
8,3,1999,2001,3,2,2,0.6667,2000.061,800.561,323.724,10.5626,16.0000,1.3061,0.5217,4.8776,0.4286,0.1071,0.4643,1.0000,0.0000,4.1155,0.6096,0.4694
11,4,2003,2004,2,3,3,0.6111,2003.346,286.971,307.779,12.5047,17.0000,1.3750,0.4110,5.1840,0.1992,0.4243,0.3765,0.0831,0.9173,3.6593,0.9149,0.4485
7,3,2005,2008,4,2,2,0.4375,2006.300,781.900,421.222,10.3764,22.0000,1.7111,0.3865,6.7106,0.6673,0.1280,0.2047,0.9953,0.0695,3.9654,1.2201,0.5778
7,3,2005,2006,2,3,2,0.5833,2005.415,867.085,1076.476,9.4532,15.0000,1.2805,0.6367,4.5750,0.5352,0.1763,0.2885,0.2673,0.0986,3.6604,1.5250,0.5244
6,3,2006,2009,4,2,2,0.3750,2007.494,978.130,641.117,9.5899,17.0000,1.3247,0.5358,5.1864,0.8444,0.0252,0.1304,0.9761,0.1745,4.1188,1.6779,0.6234
8,3,2008,2010,3,3,2,0.4444,2009.054,1146.728,525.337,9.9243,15.0000,1.3043,1.0400,4.5771,0.5292,0.1869,0.2838,0.6941,0.3929,3.5088,0.9153,0.4674
5,3,2009,2011,3,2,2,0.4167,2009.803,789.864,539.242,9.0063,17.0000,1.2879,0.3408,5.1873,0.6489,0.0995,0.2515,0.9362,0.2726,3.9665,1.0681,0.7121
7,3,2010,2012,3,2,2,0.5833,2010.929,806.655,534.762,9.6886,15.0000,1.2500,1.1609,4.5771,0.6517,0.0773,0.2710,0.8881,0.0000,2.8988,0.9156,0.5119
5,3,2012,2014,3,1,2,0.8333,2012.761,702.000,426.463,9.1451,16.0000,1.1940,0.5880,4.8834,0.5854,0.2927,0.1220,0.9487,0.0000,4.8831,0.6105,0.6866
7,3,2014,2016,3,3,2,0.3889,2015.114,811.034,337.443,10.1535,16.0000,1.2727,0.5693,4.8843,0.7585,0.0446,0.1969,0.8260,0.1396,4.2733,1.8316,0.5000
5,3,2018,2020,3,2,1,0.8333,2019.083,810.667,733.000,9.8325,21.0000,1.4583,0.3436,6.4126,0.5854,0.2927,0.1220,0.9487,0.0000,4.8855,1.3742,0.7083
8,3,2020,2022,3,2,3,0.4444,2021.010,793.093,563.186,10.4739,16.0000,1.3196,0.2077,4.8865,0.2004,0.5859,0.2137,0.0000,0.0000,4.1227,1.8322,0.4845
5,3,2023,2025,3,2,2,0.4167,2024.047,640.859,1045.406,8.7433,15.0000,1.1719,1.0456,4.5825,0.5461,0.2256,0.2283,0.8117,0.4177,4.5821,1.2218,0.6719
5,3,2023,2024,2,1,3,0.8333,2023.621,1044.000,295.667,9.0162,17.0000,1.2879,0.7668,5.1931,0.5854,0.2927,0.1220,0.3162,0.0000,3.9709,0.4582,0.6970
5,3,2025,2027,3,1,2,0.8333,2026.302,855.000,753.587,8.6080,14.0000,1.1111,0.5112,4.2776,0.5854,0.2927,0.1220,0.9487,0.0000,4.5828,0.9166,0.6667
8,3,2027,2030,4,2,2,0.5000,2028.779,555.095,934.526,10.2636,15.0000,1.2632,0.9166,4.5834,0.6810,0.1576,0.1614,0.9830,0.0199,4.1256,1.6808,0.4526
4,3,2031,2034,4,1,1,1.0000,2032.630,588.000,350.000,8.2527,16.0000,1.1852,0.3704,4.8906,0.9375,0.0000,0.0625,1.0000,0.0000,4.5849,1.2226,0.8148
7,3,2035,2037,3,2,2,0.5833,2035.966,1105.472,440.124,10.2841,16.0000,1.2584,0.5434,4.8916,0.5916,0.2044,0.2040,0.9664,0.1591,4.2804,1.5285,0.5056
5,3,2036,2037,2,1,3,0.8333,2036.582,627.000,374.716,9.1608,15.0000,1.1194,0.9231,4.5861,0.5854,0.2927,0.1220,0.3162,0.0000,3.9747,0.4586,0.6567
4,3,2042,2044,3,2,1,0.6667,2042.873,1005.418,376.000,8.4109,16.0000,1.1636,0.9677,4.8937,0.7576,0.1294,0.1129,0.8507,0.0000,4.8935,1.2234,0.8364
10,4,2043,2046,4,3,2,0.4167,2044.508,745.992,578.540,11.9943,18.0000,1.4516,0.6852,5.5057,0.6540,0.1697,0.1763,0.9895,0.0544,4.1294,1.5295,0.5000
5,3,2051,2053,3,1,2,0.8333,2051.788,1046.000,604.636,9.0322,18.0000,1.3636,0.4210,5.5082,0.5854,0.2927,0.1220,0.9487,0.0000,4.5899,1.2240,0.6970
4,3,2062,2064,3,1,2,0.6667,2062.914,565.000,685.569,8.8795,18.0000,1.2414,0.4396,5.5114,0.7576,0.1294,0.1129,0.8507,0.0000,4.8990,1.6842,0.8276
3,3,2063,2064,2,1,2,0.7500,2063.689,570.000,437.333,7.9553,16.0000,1.0667,0.4560,4.8993,0.5333,0.2667,0.2000,0.7071,0.0000,4.2869,0.6124,1.0000
3,3,2070,2071,2,1,2,0.7500,2070.667,597.000,411.333,7.9581,15.0000,1.0000,0.7454,4.5947,0.5333,0.2667,0.2000,0.7071,0.0000,4.9010,1.5315,1.0000
5,3,2071,2072,2,2,2,0.6250,2071.394,772.167,322.530,9.0414,16.0000,1.2121,0.8224,4.9013,0.3432,0.2505,0.4063,0.6059,0.3645,3.9821,1.0721,0.6818
7,3,2076,2077,2,3,2,0.5833,2076.424,626.141,609.306,9.8436,16.0000,1.3176,0.8253,4.9022,0.3883,0.1309,0.4808,0.3626,0.5691,3.9832,1.5319,0.5294
6,3,2077,2079,3,2,2,0.5000,2078.177,1042.886,1063.608,9.8826,17.0000,1.2911,1.0291,5.2094,0.5230,0.1584,0.3185,0.9225,0.0898,4.4430,1.2257,0.5949
5,4,2079,2080,2,2,2,0.6250,2079.577,479.873,417.549,9.7303,17.0000,1.1972,0.7045,5.2097,0.3432,0.2505,0.4063,0.6059,0.3645,4.9029,1.0726,0.8732
6,3,2079,2081,3,2,2,0.5000,2079.811,532.149,603.419,9.2579,17.0000,1.3784,0.6289,5.2097,0.5230,0.1584,0.3185,0.9225,0.0898,4.1370,1.2257,0.6081
5,3,2081,2082,2,1,3,0.8333,2081.408,974.000,327.254,9.7311,18.0000,1.2676,0.6436,5.5167,0.5854,0.2927,0.1220,0.3162,0.0000,5.5164,1.8388,0.7183
5,3,2086,2087,2,1,3,0.8333,2086.452,916.000,517.226,8.4997,16.0000,1.2903,0.5049,4.9047,0.5854,0.2927,0.1220,0.3162,0.0000,4.9048,1.5327,0.7097
13,3,2089,2092,4,2,5,0.3250,2090.479,935.380,339.275,12.0755,17.0000,1.5563,0.9487,5.2123,0.6530,0.2352,0.1119,0.3740,0.4955,3.6794,1.3797,0.3169
3,3,2089,2090,2,2,1,0.7500,2089.651,979.674,580.000,7.6116,15.0000,1.0465,0.7280,4.5988,0.5333,0.2667,0.2000,0.7071,0.0000,4.9056,1.6862,1.0000
3,3,2093,2095,3,1,1,1.0000,2093.977,1223.000,701.000,7.7903,15.0000,1.0227,0.9773,4.6000,0.8889,0.0000,0.1111,1.0000,0.0000,3.9864,0.4599,1.0000
5,3,2097,2099,3,2,1,0.8333,2097.754,916.377,815.000,8.3675,15.0000,1.2295,0.8431,4.6007,0.5854,0.2927,0.1220,0.9487,0.0000,4.6009,1.2268,0.7049
5,3,2099,2100,2,3,1,0.8333,2099.600,1065.692,665.000,8.9170,15.0000,1.1538,0.7996,4.6014,0.5854,0.2927,0.1220,0.3162,0.0000,4.6012,1.2270,0.6769
4,3,2099,2100,2,2,1,1.0000,2099.500,1106.448,676.000,8.8958,17.0000,1.1724,0.6715,5.2147,0.0000,0.7500,0.2500,1.0000,0.0000,4.7548,0.7669,0.7931
3,3,2100,2101,2,2,1,0.7500,2100.341,1167.682,386.000,7.7929,15.0000,1.0227,0.4663,4.6016,0.5333,0.2667,0.2000,0.7071,0.0000,4.9082,1.2270,1.0000
3,3,2103,2105,3,1,1,1.0000,2104.000,735.000,442.000,7.9715,15.0000,1.0000,1.0000,4.6026,0.8889,0.0000,0.1111,1.0000,0.0000,4.9092,0.7670,1.0000
9,3,2105,2108,4,3,2,0.3750,2106.029,1123.333,704.600,10.7400,15.0000,1.2857,1.1529,4.6029,0.6851,0.2035,0.1114,0.8672,0.4338,3.6824,1.3808,0.4190
7,3,2109,2111,3,2,2,0.5833,2109.776,951.435,873.141,9.8604,16.0000,1.3176,0.5093,4.9108,0.5916,0.2044,0.2040,0.9664,0.1591,3.9898,1.5345,0.5176
7,3,2109,2110,2,3,2,0.5833,2109.588,1088.129,716.600,9.8603,16.0000,1.3176,0.5885,4.9108,0.5352,0.1763,0.2885,0.2673,0.0986,3.9900,1.5345,0.5294
5,3,2116,2117,2,2,2,0.6250,2116.538,1118.169,589.431,8.9250,16.0000,1.2308,0.7100,4.9123,0.3432,0.2505,0.4063,0.6059,0.3645,4.9124,1.5353,0.6769
6,3,2117,2119,3,1,3,0.6667,2117.810,572.000,255.786,10.5296,19.0000,1.3571,0.2867,5.8340,0.4000,0.4800,0.1200,0.7071,0.0000,3.8380,0.6142,0.5833
4,3,2120,2121,2,2,1,1.0000,2120.456,792.526,604.000,8.7521,16.0000,1.1228,0.6576,4.9134,0.0000,0.7500,0.2500,1.0000,0.0000,4.7600,1.9961,0.7895
4,3,2123,2124,2,2,2,0.5000,2123.442,865.827,484.712,7.9856,15.0000,1.1538,0.8555,4.6070,0.5916,0.1015,0.3069,0.7071,0.7071,4.6071,1.5357,0.8269
6,3,2125,2127,3,3,1,0.6667,2126.000,656.861,980.000,9.0292,14.0000,1.1667,1.0096,4.3007,0.2593,0.6296,0.1111,1.0000,0.0000,3.3789,0.7681,0.5833
5,3,2130,2132,3,1,2,0.8333,2131.203,530.000,201.547,8.7942,15.0000,1.1719,0.5834,4.6088,0.5854,0.2927,0.1220,0.9487,0.0000,4.6088,0.7682,0.6719
31,5,2130,2135,6,5,6,0.1722,2132.309,784.272,646.183,22.2957,25.0000,1.9183,2.1756,7.6813,0.5654,0.1620,0.2726,0.2541,0.1802,3.9945,0.6147,0.4455
6,4,2132,2132,1,2,4,0.7500,2132.000,677.304,501.886,9.9098,16.0000,1.2152,0.3245,4.9163,0.8001,0.1345,0.0654,0.0000,1.0000,4.7626,1.8436,0.7468
6,3,2132,2134,3,2,2,0.5000,2133.315,967.877,685.342,9.1577,15.0000,1.2329,0.4814,4.6092,0.5034,0.2551,0.2415,0.9677,0.2521,3.9948,0.9219,0.6027
9,4,2141,2143,3,2,3,0.5000,2142.008,774.772,651.309,12.6031,21.0000,1.5366,0.3838,6.4552,0.1855,0.5455,0.2689,0.7970,0.1123,3.3815,0.3074,0.5772
6,4,2141,2143,3,2,1,1.0000,2142.013,1117.506,529.000,9.6629,16.0000,1.2468,0.4937,4.9183,0.5556,0.3333,0.1111,1.0000,0.0000,4.6108,1.6906,0.7532
8,3,2142,2143,2,3,2,0.6667,2142.490,761.719,782.573,10.4334,15.0000,1.2500,0.9689,4.6109,0.4685,0.1696,0.3619,0.3645,0.6059,3.9963,0.9222,0.4583
9,4,2142,2144,3,2,4,0.3750,2143.321,819.266,115.257,11.1691,16.0000,1.3211,0.4898,4.9185,0.7007,0.1089,0.1904,0.5128,0.4586,3.3815,1.2296,0.5596
4,3,2142,2144,3,2,1,0.6667,2142.906,1138.472,424.000,8.1462,16.0000,1.2075,0.5367,4.9185,0.7576,0.1294,0.1129,0.8507,0.0000,4.6110,1.2296,0.8302
18,9,2143,2145,3,3,3,0.6667,2144.161,199.963,659.337,19.3464,28.0000,1.8876,0.3754,8.6076,0.1223,0.2408,0.6369,0.8622,0.3700,3.6891,0.9223,0.6292
5,3,2148,2150,3,2,2,0.4167,2148.970,745.164,436.448,9.2125,16.0000,1.1940,0.5769,4.9194,0.5461,0.2256,0.2283,0.8117,0.4177,4.9192,1.3836,0.6567
5,3,2153,2154,2,1,3,0.8333,2153.292,1011.000,643.000,8.9385,16.0000,1.2308,1.0418,4.9199,0.6340,0.2717,0.0943,0.0000,0.0000,5.2274,1.2300,0.7077
6,3,2158,2160,3,2,2,0.5000,2158.756,595.872,1109.526,9.7927,16.0000,1.2308,0.5484,4.9205,0.3810,0.3333,0.2857,0.9487,0.1690,4.9204,1.8452,0.5897
4,3,2160,2161,2,2,1,1.0000,2160.473,907.436,847.000,8.4572,17.0000,1.2364,0.6844,5.2281,0.0000,0.7500,0.2500,1.0000,0.0000,4.7668,1.5377,0.8364
8,4,2163,2165,3,2,2,0.6667,2164.245,216.791,608.618,11.9609,18.0000,1.3091,0.4998,5.5359,0.4961,0.2369,0.2670,0.9586,0.0986,4.1520,1.2302,0.6182
4,3,2163,2165,3,1,2,0.6667,2164.056,903.000,756.537,8.3038,15.0000,1.1111,0.4663,4.6132,0.7576,0.1294,0.1129,0.8507,0.0000,4.6133,0.9226,0.7963
5,3,2164,2166,3,2,1,0.8333,2164.642,877.373,494.000,9.2153,18.0000,1.3433,0.7424,5.5359,0.5854,0.2927,0.1220,0.9487,0.0000,5.2283,1.8453,0.7164
7,3,2172,2174,3,2,2,0.5833,2173.315,835.620,902.239,10.6951,18.0000,1.3696,0.7351,5.5363,0.3772,0.3083,0.3146,0.9758,0.2185,4.3060,1.2303,0.5326
8,3,2173,2176,4,2,2,0.5000,2174.220,909.385,981.692,9.8957,14.0000,1.2308,1.3155,4.3060,0.7502,0.1177,0.1321,0.9197,0.3912,3.9984,1.3841,0.4615
6,3,2175,2177,3,2,2,0.5000,2175.589,841.479,622.877,9.1664,16.0000,1.3151,0.7957,4.9212,0.6373,0.1269,0.2358,0.8795,0.0724,4.3061,1.6917,0.6164
4,3,2183,2184,2,1,2,1.0000,2183.453,795.000,221.528,8.1510,15.0000,1.1321,0.6958,4.6138,0.0000,0.7500,0.2500,0.0000,0.0000,4.9214,1.8455,0.8113
5,3,2185,2186,2,2,2,0.6250,2185.433,748.418,830.164,9.2164,15.0000,1.1194,0.8291,4.6138,0.3432,0.2505,0.4063,0.6059,0.3645,4.6138,1.5379,0.6418
5,3,2193,2195,3,2,1,0.8333,2194.189,805.662,1074.000,10.1798,20.0000,1.3514,0.3872,6.1521,0.5854,0.2927,0.1220,0.9487,0.0000,3.9988,0.9228,0.6622
4,3,2193,2194,2,2,1,1.0000,2193.482,912.500,614.000,8.6129,15.0000,1.0714,0.6946,4.6140,0.0000,0.7500,0.2500,1.0000,0.0000,4.6140,1.3842,0.7679
3,3,2193,2195,3,1,1,1.0000,2193.978,1065.000,759.000,7.9918,16.0000,1.0667,0.0222,4.9217,0.8889,0.0000,0.1111,1.0000,0.0000,4.9216,0.9228,1.0000
6,3,2206,2207,2,3,2,0.5000,2206.534,560.603,540.863,9.1685,15.0000,1.2329,0.7739,4.6147,0.6373,0.1269,0.2358,0.4046,0.4063,3.9994,1.2306,0.5890
3,3,2210,2212,3,1,1,1.0000,2210.956,1129.000,618.000,7.9934,16.0000,1.0667,0.9556,4.9226,0.8889,0.0000,0.1111,1.0000,0.0000,4.3073,0.7692,1.0000
7,3,2215,2218,4,2,2,0.4375,2216.729,908.835,228.600,9.8854,14.0000,1.1529,0.5102,4.3079,0.8192,0.0720,0.1088,0.9672,0.1156,4.3077,0.6154,0.4941
5,3,2219,2221,3,2,1,0.8333,2219.910,977.343,634.000,9.2202,19.0000,1.4179,0.3548,5.8466,0.5854,0.2927,0.1220,0.9487,0.0000,4.6157,0.6154,0.7015
3,3,2224,2226,3,1,1,1.0000,2225.023,777.000,884.000,7.8178,15.0000,1.0227,0.0227,4.6163,0.8889,0.0000,0.1111,1.0000,0.0000,4.3085,1.0771,1.0000
6,3,2232,2235,4,2,2,0.3750,2233.770,827.189,863.865,9.2987,15.0000,1.2162,0.3268,4.6170,0.7449,0.0647,0.1904,0.9950,0.0995,4.1553,1.6929,0.5811
8,3,2237,2239,3,4,2,0.3333,2238.010,908.990,864.912,11.1008,17.0000,1.3333,0.9942,5.2330,0.7036,0.1852,0.1113,0.6703,0.2999,3.6938,0.9235,0.4804
4,3,2237,2238,2,2,1,1.0000,2237.500,1143.482,656.000,8.6190,15.0000,1.0714,0.6946,4.6173,0.0000,0.7500,0.2500,1.0000,0.0000,4.9252,1.2313,0.7679
4,3,2244,2246,3,2,1,0.6667,2245.094,790.434,522.000,8.1582,16.0000,1.2075,0.4441,4.9257,0.7576,0.1294,0.1129,0.8507,0.0000,4.0022,0.9236,0.8302
4,3,2245,2246,2,1,2,1.0000,2245.462,604.000,295.538,8.0043,14.0000,1.0769,0.7092,4.3101,0.0000,0.7500,0.2500,0.0000,0.0000,4.0021,1.0775,0.8077
4,3,2245,2247,3,2,1,0.6667,2245.623,711.283,1003.000,8.1583,15.0000,1.1321,0.9496,4.6179,0.7500,0.1500,0.1000,0.9487,0.0000,4.7718,1.3854,0.8302
6,3,2245,2247,3,3,1,0.6667,2246.110,843.780,789.000,10.3061,18.0000,1.3171,0.2454,5.5415,0.6944,0.2222,0.0833,0.8000,0.0000,4.6180,1.2315,0.5854
7,3,2245,2247,3,3,2,0.3889,2246.074,886.862,817.755,10.9379,22.0000,1.6383,0.2908,6.7730,0.3994,0.3420,0.2586,0.5524,0.0967,4.3101,1.6932,0.5426
8,3,2246,2248,3,3,3,0.2963,2247.165,364.319,450.780,9.9051,14.0000,1.2308,1.3672,4.3101,0.6874,0.1599,0.1527,0.5494,0.4451,3.5405,1.2315,0.4615
8,3,2251,2252,2,3,2,0.6667,2251.541,729.531,934.367,10.6676,17.0000,1.3878,0.8420,5.2340,0.4716,0.1249,0.4035,0.2642,0.5134,4.1564,1.6933,0.4592
3,3,2254,2256,3,1,1,1.0000,2255.000,1083.000,350.000,7.6438,15.0000,1.0465,0.0000,4.6184,0.8889,0.0000,0.1111,1.0000,0.0000,4.0026,0.6158,1.0000
5,3,2258,2260,3,2,1,0.8333,2258.676,1128.471,957.000,9.3634,17.0000,1.2500,0.6204,5.2343,0.5854,0.2927,0.1220,0.9487,0.0000,5.0803,1.5395,0.7059
13,4,2266,2269,4,3,3,0.3611,2267.227,847.360,822.920,12.8100,20.0000,1.7333,0.4329,6.1583,0.5209,0.2489,0.2302,0.9602,0.1370,2.7712,0.9237,0.4200
5,3,2269,2271,3,2,1,0.8333,2270.288,982.636,706.000,9.0885,19.0000,1.4394,0.4638,5.8504,0.5854,0.2927,0.1220,0.9487,0.0000,4.6187,1.8475,0.7121
4,3,2270,2272,3,2,1,0.6667,2270.909,521.745,1077.000,8.4677,16.0000,1.1636,0.2703,4.9267,0.5357,0.3214,0.1429,1.0000,0.0000,4.1569,1.2317,0.8182
5,3,2277,2279,3,2,2,0.4167,2278.145,583.855,847.145,8.5377,15.0000,1.2097,1.1634,4.6187,0.6489,0.0995,0.2515,0.9362,0.2726,4.0029,0.9238,0.7097
7,3,2286,2289,4,2,3,0.2917,2287.607,896.810,764.000,9.7759,16.0000,1.3333,0.6363,4.9266,0.6441,0.1439,0.2119,0.9670,0.1046,3.3870,1.2317,0.5595
5,3,2288,2289,2,2,2,0.6250,2288.623,553.475,971.852,8.3999,15.0000,1.2295,0.6627,4.6187,0.3432,0.2505,0.4063,0.6059,0.3645,4.6187,1.2317,0.7049
3,3,2298,2300,3,1,1,1.0000,2299.022,811.000,826.000,7.9997,16.0000,1.0667,0.0222,4.9265,0.8889,0.0000,0.1111,1.0000,0.0000,4.9265,0.9237,1.0000
7,4,2302,2304,3,2,2,0.5833,2303.198,970.396,377.135,11.1723,17.0000,1.2396,0.4628,5.2344,0.5916,0.2044,0.2040,0.9664,0.1591,4.6186,0.6158,0.6250
5,3,2304,2306,3,2,1,0.8333,2305.344,770.375,505.000,8.8128,17.0000,1.3281,0.7558,5.2344,0.5854,0.2927,0.1220,0.9487,0.0000,4.9265,2.3093,0.7031
5,3,2307,2309,3,2,1,0.8333,2307.789,1000.620,927.000,9.7767,16.0000,1.1268,0.4350,4.9265,0.5854,0.2927,0.1220,0.9487,0.0000,4.9265,1.6935,0.6338
6,3,2320,2322,3,2,2,0.5000,2320.705,942.115,558.282,9.8048,18.0000,1.3846,0.4240,5.5423,0.5034,0.2551,0.2415,0.9677,0.2521,4.4646,1.0777,0.6026
5,3,2323,2324,2,2,2,0.6250,2323.586,828.371,920.843,9.6390,17.0000,1.2143,0.7111,5.2344,0.3432,0.2505,0.4063,0.6059,0.3645,4.6186,1.3856,0.6714
32,3,2328,2331,4,8,5,0.2000,2330.095,1004.603,1240.732,19.4861,15.0000,1.3408,1.6857,4.6186,0.6846,0.1599,0.1556,0.1718,0.9782,2.4632,0.6158,0.2011
28,3,2329,2331,3,6,8,0.1944,2330.175,1008.763,1236.734,17.9221,15.0000,1.3636,1.9176,4.6186,0.7640,0.1604,0.0757,0.1819,0.9657,2.6172,0.6158,0.2338
23,3,2330,2332,3,6,7,0.1825,2330.867,1027.689,1224.667,16.9495,16.0000,1.3939,1.8743,4.9265,0.6352,0.2898,0.0749,0.1358,0.9805,3.0791,0.9237,0.2311
49,4,2330,2332,3,10,9,0.1815,2330.952,1097.445,1172.987,24.5005,17.0000,1.4955,3.8804,5.2344,0.7331,0.2323,0.0347,0.0240,0.9946,3.6949,1.3856,0.2190
59,3,2330,2332,3,13,10,0.1513,2330.966,1111.556,1160.978,27.0980,21.0000,1.8328,5.7920,6.4660,0.7293,0.2477,0.0230,0.0012,0.9887,3.6949,1.5395,0.2249
30,3,2330,2332,3,7,9,0.1587,2330.854,1139.077,1133.737,19.6754,16.0000,1.3714,2.4481,4.9265,0.5338,0.4227,0.0435,0.1074,0.9779,3.3870,0.9237,0.3371
4,3,2331,2333,3,1,2,0.6667,2332.089,1050.000,798.518,8.6213,17.0000,1.2143,0.5255,5.2344,0.7576,0.1294,0.1129,0.8507,0.0000,4.1567,1.2316,0.8214
7,4,2331,2331,1,3,4,0.5833,2331.000,1123.538,1152.312,10.8231,18.0000,1.3548,0.6215,5.5423,0.3766,0.5340,0.0894,0.0000,1.0000,4.9265,2.0014,0.6774
7,4,2336,2339,4,2,2,0.4375,2337.207,1010.322,689.115,10.1248,15.0000,1.2069,0.8636,4.6185,0.8040,0.0402,0.1558,0.9650,0.0194,4.0027,0.9237,0.6552
6,3,2343,2345,3,2,2,0.5000,2344.179,943.718,616.679,9.8046,17.0000,1.3077,0.4631,5.2343,0.6381,0.1455,0.2164,0.8019,0.3768,4.1567,1.5395,0.5769
3,3,2347,2349,3,1,1,1.0000,2347.958,750.000,1061.000,8.5327,18.0000,1.1250,0.0417,5.5422,0.8889,0.0000,0.1111,1.0000,0.0000,5.2343,0.9237,1.0000
24,8,2347,2351,5,5,3,0.3200,2348.853,1249.075,455.034,20.0489,24.0000,1.8056,0.8567,7.3895,0.4024,0.0666,0.5311,0.6831,0.6560,3.3869,0.9237,0.4765
4,3,2350,2351,2,2,1,1.0000,2350.583,944.417,595.000,9.2369,21.0000,1.4000,0.5893,6.4658,0.0000,0.7500,0.2500,1.0000,0.0000,4.0026,1.8474,0.8167
5,3,2357,2359,3,2,2,0.4167,2358.029,1063.588,528.853,9.3630,16.0000,1.1765,0.6071,4.9262,0.5461,0.2256,0.2283,0.8117,0.4177,4.6183,1.8473,0.6765
7,3,2360,2363,4,2,2,0.4375,2361.511,1002.883,691.383,10.9387,17.0000,1.2660,0.6489,5.2340,0.6625,0.1752,0.1623,0.9597,0.1934,4.3104,1.6934,0.5000
5,3,2361,2362,2,2,2,0.6250,2361.226,723.387,400.306,8.5368,15.0000,1.2097,0.7215,4.6183,0.3432,0.2505,0.4063,0.5155,0.8569,3.8485,0.4618,0.6935
3,3,2370,2372,3,1,1,1.0000,2371.000,1202.000,633.000,7.8211,16.0000,1.0909,0.0000,4.9260,0.8889,0.0000,0.1111,1.0000,0.0000,4.6182,1.2315,1.0000
8,3,2372,2374,3,3,3,0.2963,2372.792,626.740,559.958,10.4497,14.0000,1.1667,0.7695,4.3103,0.3370,0.4791,0.1839,0.4544,0.5418,4.0024,1.8473,0.4375
9,3,2377,2380,4,2,3,0.3750,2378.155,799.564,524.082,11.2889,17.0000,1.3909,0.4701,5.2339,0.5709,0.2392,0.1899,0.9372,0.3487,3.6945,1.0776,0.4182
6,3,2379,2380,2,3,2,0.5000,2379.887,959.337,771.312,10.0553,21.0000,1.5750,0.7411,6.4655,0.5230,0.1584,0.3185,0.1207,0.8567,4.4643,2.0012,0.6500
11,3,2386,2388,3,4,4,0.2292,2386.545,1002.195,408.244,11.4185,15.0000,1.3415,2.0768,4.6185,0.8283,0.0798,0.0918,0.2666,0.0059,3.3868,1.6934,0.3496
5,3,2390,2392,3,2,2,0.4167,2391.273,774.864,662.212,9.0883,17.0000,1.2879,0.3714,5.2345,0.6489,0.0995,0.2515,0.9362,0.2726,4.6187,1.3856,0.6970
5,3,2402,2404,3,2,2,0.4167,2402.910,973.866,1032.493,9.2284,17.0000,1.2687,0.5325,5.2358,0.5461,0.2256,0.2283,0.8117,0.4177,4.9278,0.9240,0.7164
7,3,2406,2408,3,3,2,0.3889,2406.747,1145.831,574.241,9.6631,17.0000,1.4337,0.8028,5.2363,0.3994,0.3420,0.2586,0.7329,0.5294,3.3885,1.6940,0.5422
6,3,2408,2410,3,2,1,1.0000,2409.078,759.481,330.000,9.6836,16.0000,1.2468,0.4868,4.9288,0.5556,0.3333,0.1111,1.0000,0.0000,4.3129,1.2322,0.5844
5,3,2429,2431,3,2,2,0.4167,2429.891,803.453,978.859,8.8251,15.0000,1.1719,0.5752,4.6251,0.7729,0.0435,0.1836,0.8328,0.5477,4.6251,1.2335,0.6719
5,3,2429,2431,3,2,1,0.8333,2430.302,1001.381,582.000,8.6874,15.0000,1.1905,0.7956,4.6253,0.5854,0.2927,0.1220,0.9487,0.0000,4.6251,1.5416,0.6825
9,4,2429,2432,4,3,2,0.3750,2430.549,1237.257,862.080,11.6144,16.0000,1.2743,0.5253,4.9337,0.1080,0.6836,0.2084,0.7759,0.0733,4.3169,0.6167,0.5221
6,3,2438,2441,4,2,2,0.3750,2439.798,871.869,748.810,10.5789,20.0000,1.4286,0.3072,6.1698,0.7449,0.0647,0.1904,0.9950,0.0995,4.7816,1.8509,0.6071
6,3,2445,2447,3,2,1,1.0000,2445.958,727.444,1032.000,9.0702,15.0000,1.2500,0.4464,4.6286,0.5556,0.3333,0.1111,1.0000,0.0000,4.1657,1.2343,0.5972
8,3,2446,2449,4,2,2,0.5000,2447.304,1042.559,902.088,11.1287,16.0000,1.2549,0.5429,4.9374,0.6810,0.1576,0.1614,0.9830,0.0199,4.0118,1.5429,0.4412
4,3,2448,2449,2,1,2,1.0000,2448.500,749.000,1023.446,8.6411,17.0000,1.2143,0.6703,5.2463,0.0000,0.7500,0.2500,0.0000,0.0000,4.6293,0.7716,0.8036
7,3,2449,2451,3,2,2,0.5833,2450.289,826.590,968.771,9.6822,16.0000,1.3494,0.5512,4.9381,0.4600,0.2645,0.2756,0.8571,0.1000,3.3951,1.3888,0.5301
6,3,2458,2459,2,3,1,1.0000,2458.506,987.062,785.000,10.2094,17.0000,1.2593,0.4977,5.2486,0.5556,0.3333,0.1111,0.0000,0.0000,4.7854,1.3893,0.5679
5,3,2463,2465,3,2,2,0.4167,2464.063,1114.381,695.159,8.7002,15.0000,1.1905,0.4176,4.6320,0.1521,0.5234,0.3245,1.0000,0.0000,4.9408,2.0072,0.6825
6,3,2467,2469,3,2,2,0.5000,2467.732,900.873,553.662,8.9518,15.0000,1.2676,0.4494,4.6326,0.5230,0.1584,0.3185,0.9225,0.0898,4.0148,1.5441,0.6056
8,3,2468,2471,4,4,2,0.2500,2469.010,918.771,749.552,10.4826,17.0000,1.4167,0.5032,5.2504,0.7605,0.1541,0.0853,0.7842,0.3535,3.8606,1.2354,0.4792
5,3,2475,2477,3,2,1,0.8333,2475.746,820.444,772.000,8.7031,15.0000,1.1905,0.5119,4.6335,0.5854,0.2927,0.1220,0.9487,0.0000,4.6334,1.2356,0.6825
6,4,2483,2485,3,2,2,0.5000,2484.333,806.358,583.123,10.2163,15.0000,1.1111,0.5045,4.6342,0.5034,0.2551,0.2415,0.9677,0.2521,4.7887,1.5447,0.7284
6,3,2487,2489,3,2,2,0.5000,2487.772,653.291,1148.658,9.9643,15.0000,1.1392,0.8932,4.6343,0.6381,0.1455,0.2164,0.8019,0.3768,4.4799,1.5448,0.5443
5,3,2487,2488,2,2,2,0.6250,2487.369,877.862,650.369,8.9810,18.0000,1.3846,0.5402,5.5612,0.3432,0.2505,0.4063,0.6059,0.3645,4.0164,0.9269,0.7077
6,3,2498,2500,3,2,2,0.5000,2498.610,777.649,765.143,9.7121,15.0000,1.1688,0.7183,4.6344,0.5034,0.2551,0.2415,0.9677,0.2521,4.4798,1.2358,0.5584
6,3,2502,2504,3,2,2,0.5000,2502.765,777.420,1098.877,10.2161,17.0000,1.2593,0.4964,5.2520,0.6373,0.1269,0.2358,0.8795,0.0724,4.4797,1.2358,0.5802
12,6,2503,2506,4,4,2,0.3750,2504.169,570.916,589.221,13.7340,18.0000,1.4026,0.2905,5.5608,0.2332,0.5612,0.2056,0.8398,0.2940,3.7072,0.9268,0.5909
12,3,2510,2513,4,2,4,0.3750,2511.725,837.866,524.380,12.6618,15.0000,1.2676,0.4878,4.6332,0.6438,0.2157,0.1404,0.8160,0.1615,3.8612,1.5444,0.3028
5,3,2519,2520,2,1,3,0.8333,2519.446,541.000,892.738,8.9769,15.0000,1.1538,0.5172,4.6323,0.5854,0.2927,0.1220,0.3162,0.0000,3.8601,0.4632,0.6769
5,3,2525,2527,3,1,2,0.8333,2525.730,849.000,510.540,8.6990,15.0000,1.1905,0.9080,4.6314,0.5854,0.2927,0.1220,0.9487,0.0000,4.0138,0.9262,0.6825
6,3,2528,2530,3,3,1,0.6667,2529.241,794.861,581.000,9.9566,16.0000,1.2152,0.8937,4.9395,0.6944,0.2222,0.0833,0.6000,0.0000,4.6306,1.2348,0.5823
6,3,2529,2531,3,1,2,1.0000,2529.987,899.000,1087.513,9.5783,15.0000,1.1842,1.1004,4.6308,0.5556,0.3333,0.1111,1.0000,0.0000,3.8588,0.6174,0.5789
3,3,2532,2533,2,2,1,0.7500,2532.689,944.689,1038.000,8.0198,17.0000,1.1333,0.4400,5.2476,0.5333,0.2667,0.2000,0.7071,0.0000,4.0130,0.6174,1.0000
6,3,2533,2535,3,2,2,0.5000,2534.184,722.882,260.434,9.5770,19.0000,1.5000,0.4863,5.8647,0.3810,0.3333,0.2857,0.9487,0.1690,3.3954,0.4630,0.6184
4,3,2536,2537,2,2,1,1.0000,2536.518,1132.500,1027.000,8.6421,15.0000,1.0714,0.6946,4.6297,0.0000,0.7500,0.2500,1.0000,0.0000,4.6297,1.0803,0.7679
4,3,2537,2538,2,3,1,0.6667,2537.255,816.073,1000.000,8.4876,15.0000,1.0909,0.2647,4.6297,0.5357,0.3214,0.1429,0.0000,0.0000,5.0926,1.8518,0.8000
6,3,2539,2541,3,2,1,1.0000,2540.000,809.532,885.000,9.7015,17.0000,1.3247,0.4675,5.2465,0.5556,0.3333,0.1111,1.0000,0.0000,4.4750,1.2344,0.5844
6,3,2549,2552,4,2,2,0.3750,2550.319,646.458,376.875,9.0696,15.0000,1.2500,0.5725,4.6284,0.7696,0.0995,0.1309,0.9136,0.2553,4.0113,1.5428,0.6111
5,3,2549,2551,3,2,1,0.8333,2549.718,1212.380,1002.000,9.7974,17.0000,1.1972,0.9487,5.2455,0.5854,0.2927,0.1220,0.9487,0.0000,4.9370,1.2342,0.6901
4,3,2552,2554,3,1,2,0.6667,2553.098,684.000,1111.549,7.8679,14.0000,1.0980,0.5577,4.3196,0.7576,0.1294,0.1129,0.8507,0.0000,4.6282,0.9256,0.8235
5,3,2561,2562,2,2,2,0.6250,2561.613,980.371,446.145,8.5548,15.0000,1.2097,0.7310,4.6280,0.3432,0.2505,0.4063,0.6059,0.3645,4.0109,1.2341,0.7097
4,4,2567,2569,3,1,2,0.6667,2568.017,1005.000,865.475,9.1020,16.0000,1.0847,0.4749,4.9367,0.7576,0.1294,0.1129,0.8507,0.0000,4.7824,1.2342,1.0000
7,3,2575,2577,3,4,1,0.5833,2575.847,861.600,406.000,9.9132,14.0000,1.1529,1.0380,4.3199,0.7600,0.1784,0.0616,0.6636,0.0000,3.3943,0.6171,0.4941
3,3,2581,2583,3,1,1,1.0000,2582.023,706.000,987.000,7.6610,15.0000,1.0465,0.9767,4.6289,0.8889,0.0000,0.1111,1.0000,0.0000,4.6288,1.6972,1.0000
5,3,2581,2583,3,2,1,0.8333,2581.738,1161.431,751.000,8.9703,16.0000,1.2308,0.5039,4.9374,0.5854,0.2927,0.1220,0.9487,0.0000,4.6288,1.0801,0.6769
6,3,2583,2585,3,2,2,0.5000,2584.176,777.716,1002.378,9.3229,14.0000,1.1351,0.5045,4.3204,0.3218,0.4574,0.2208,0.9366,0.3505,4.1661,0.9258,0.5676
3,3,2589,2591,3,1,1,1.0000,2590.000,917.000,882.000,7.6619,15.0000,1.0465,0.0000,4.6294,0.8889,0.0000,0.1111,1.0000,0.0000,4.6294,1.2345,1.0000
3,3,2596,2598,3,1,1,1.0000,2597.023,664.000,1011.000,7.8409,15.0000,1.0227,0.0227,4.6299,0.8889,0.0000,0.1111,1.0000,0.0000,4.9385,1.2346,1.0000
8,3,2598,2600,3,2,2,0.6667,2599.206,560.598,962.186,11.1311,19.0000,1.4902,0.6593,5.8646,0.4961,0.2369,0.2670,0.9586,0.0986,3.8583,1.5433,0.5098
5,3,2610,2612,3,1,3,0.5556,2611.076,924.000,635.197,9.1116,17.0000,1.2879,0.2110,5.2479,0.5532,0.3398,0.1070,0.5606,0.0000,4.6305,1.2348,0.6970
5,3,2610,2612,3,3,1,0.5556,2610.921,1170.143,846.000,8.6975,16.0000,1.2698,0.1634,4.9392,0.7911,0.1351,0.0737,0.5257,0.0000,4.6305,0.9261,0.6984
7,3,2613,2615,3,2,3,0.3889,2613.650,966.112,971.800,9.3344,14.0000,1.2250,1.0369,4.3219,0.3231,0.4135,0.2634,0.8452,0.2797,3.0871,1.2348,0.5250
5,3,2615,2616,2,2,3,0.4167,2615.582,783.851,1043.194,9.2500,17.0000,1.2687,0.6315,5.2481,0.7729,0.0435,0.1836,0.4781,0.7852,4.6307,1.5435,0.6866
6,3,2623,2624,2,4,1,0.7500,2623.410,1064.115,724.000,9.8308,18.0000,1.3846,0.6009,5.5570,0.8001,0.1345,0.0654,0.2238,0.0000,4.1677,0.9262,0.5897
4,3,2632,2634,3,2,1,0.6667,2633.208,959.170,1112.000,8.1812,16.0000,1.2075,0.8104,4.9396,0.7500,0.1500,0.1000,0.9487,0.0000,4.6309,1.8523,0.8302
9,3,2640,2643,4,3,3,0.2500,2641.345,975.690,826.177,11.6283,19.0000,1.5133,0.7918,5.8656,0.8288,0.0637,0.1075,0.7095,0.1982,4.0133,1.5436,0.4513
10,3,2642,2645,4,3,2,0.4167,2643.469,942.168,1129.292,11.0314,14.0000,1.2389,0.5775,4.3220,0.7752,0.0466,0.1783,0.8776,0.0777,3.7045,0.9261,0.3717
4,3,2646,2647,2,2,1,1.0000,2646.446,860.429,512.000,8.6437,17.0000,1.2143,0.6188,5.2480,0.0000,0.7500,0.2500,1.0000,0.0000,4.7849,0.7718,0.8214
3,3,2655,2656,2,2,1,0.7500,2655.340,778.280,953.000,8.9106,19.0000,1.1400,0.4405,5.8648,0.5333,0.2667,0.2000,0.7071,0.0000,5.8647,1.5434,1.0000
4,3,2666,2668,3,2,1,0.6667,2667.000,952.182,957.000,8.4867,17.0000,1.2364,0.1818,5.2463,0.5357,0.3214,0.1429,1.0000,0.0000,4.9377,1.3887,0.8182
5,3,2669,2670,2,3,1,0.8333,2669.381,701.286,825.000,8.6944,15.0000,1.1905,0.9452,4.6288,0.5854,0.2927,0.1220,0.3162,0.0000,4.6289,1.2343,0.6825
9,3,2669,2671,3,3,2,0.5000,2669.935,830.028,824.196,11.0063,15.0000,1.2617,1.0486,4.6288,0.5418,0.1816,0.2766,0.6100,0.2424,4.3202,1.5429,0.4112
4,3,2670,2673,4,1,1,1.0000,2671.589,773.000,584.000,8.6402,16.0000,1.1429,0.4107,4.9372,0.9375,0.0000,0.0625,1.0000,0.0000,4.7829,1.5429,0.8036
8,4,2671,2673,3,2,2,0.6667,2672.330,761.330,592.708,11.5642,19.0000,1.4340,0.5510,5.8629,0.4782,0.1602,0.3617,0.9087,0.4175,4.6286,1.3886,0.5943
6,3,2675,2677,3,2,2,0.5000,2675.778,776.528,889.139,9.0694,15.0000,1.2500,0.9204,4.6283,0.3810,0.3333,0.2857,0.9487,0.1690,4.0111,1.2342,0.5972
7,3,2675,2677,3,3,2,0.3889,2676.011,793.562,991.899,10.3791,17.0000,1.3371,0.4499,5.2453,0.4000,0.4045,0.1955,0.7464,0.2512,4.3195,1.5427,0.5169
4,3,2684,2685,2,2,1,1.0000,2684.527,557.473,897.000,8.4830,15.0000,1.0909,0.6685,4.6270,0.0000,0.7500,0.2500,1.0000,0.0000,4.9356,1.3881,0.7818
6,3,2695,2696,2,2,2,0.7500,2695.633,701.772,1047.544,9.9453,18.0000,1.3671,0.6280,5.5505,0.2000,0.3333,0.4667,0.7071,0.7071,4.1630,1.0793,0.6076
8,3,2698,2699,2,4,2,0.5000,2698.520,1227.450,857.120,10.9013,15.0000,1.2000,0.7664,4.6251,0.6702,0.1825,0.1473,0.0764,0.3685,4.0084,1.2333,0.4500
8,3,2703,2705,3,2,3,0.4444,2704.058,768.379,941.893,11.2262,17.0000,1.3204,1.1290,5.2409,0.7021,0.0951,0.2027,0.7715,0.0725,4.0075,1.5414,0.4757
6,3,2709,2711,3,2,2,0.5000,2709.889,538.667,575.679,10.1919,18.0000,1.3333,0.4759,5.5477,0.6381,0.1455,0.2164,0.8019,0.3768,3.8525,0.6164,0.5679
8,3,2709,2711,3,2,3,0.4444,2710.154,674.788,1018.865,11.3326,18.0000,1.3846,0.2942,5.5477,0.6689,0.0577,0.2733,0.8372,0.4082,4.0068,1.6951,0.4615
4,3,2715,2716,2,1,2,1.0000,2715.509,484.000,855.526,8.7821,16.0000,1.1228,0.6951,4.9304,0.0000,0.7500,0.2500,0.0000,0.0000,4.1599,1.0785,0.7895
3,3,2728,2729,2,2,1,0.7500,2728.333,915.689,1036.000,8.0022,16.0000,1.0667,0.4560,4.9281,0.5333,0.2667,0.2000,0.7071,0.0000,4.9280,1.3860,1.0000
4,3,2733,2735,3,2,1,0.6667,2734.000,790.836,417.000,9.3926,19.0000,1.2459,0.1639,5.8511,0.5357,0.3214,0.1429,1.0000,0.0000,5.2352,1.5397,0.8361
3,3,2734,2735,2,1,2,0.7500,2734.682,797.000,473.318,7.8229,16.0000,1.0909,0.4500,4.9271,0.5333,0.2667,0.2000,0.7071,0.0000,4.0034,1.2317,1.0000
4,3,2740,2741,2,2,1,1.0000,2740.536,467.536,651.000,8.6214,16.0000,1.1429,0.6566,4.9265,0.0000,0.7500,0.2500,1.0000,0.0000,4.6186,1.8474,0.7857
8,3,2741,2744,4,2,2,0.5000,2742.070,684.090,1051.490,10.8858,16.0000,1.2800,0.5031,4.9264,0.7589,0.1106,0.1304,0.9682,0.0838,4.0027,1.8473,0.4600
5,3,2741,2742,2,2,2,0.6250,2741.387,707.387,1057.145,8.5373,15.0000,1.2097,0.5664,4.6186,0.3432,0.2505,0.4063,0.6059,0.3645,4.0027,0.6158,0.6935
4,3,2744,2745,2,1,2,1.0000,2744.473,650.000,1048.473,8.4669,15.0000,1.0909,0.7082,4.6183,0.0000,0.7500,0.2500,0.0000,0.0000,4.1565,1.2315,0.8000
3,3,2745,2747,3,1,1,1.0000,2746.023,1155.000,949.000,7.8212,15.0000,1.0227,0.0227,4.6182,0.8889,0.0000,0.1111,1.0000,0.0000,4.3103,1.2315,1.0000
7,3,2750,2752,3,2,2,0.5833,2751.069,520.103,1026.402,10.1236,16.0000,1.2874,0.4211,4.9259,0.4600,0.2645,0.2756,1.0000,0.0000,4.0023,1.0775,0.5172
7,3,2752,2753,2,2,3,0.5833,2752.341,783.500,1030.098,9.5417,16.0000,1.3659,1.0867,4.9259,0.5927,0.2184,0.1889,0.0417,0.2006,3.3865,0.3079,0.5488
5,3,2756,2758,3,2,2,0.4167,2757.353,963.191,1023.132,9.3624,16.0000,1.1765,0.4227,4.9259,0.6338,0.1686,0.1975,0.9585,0.2851,4.9258,1.6933,0.6765
5,3,2758,2760,3,1,3,0.5556,2759.000,457.000,1078.000,8.6741,17.0000,1.3492,0.0000,5.2338,0.7911,0.1351,0.0737,0.8507,0.0000,4.0023,0.6157,0.7143
4,3,2763,2764,2,2,2,0.5000,2763.564,879.818,1136.691,8.4667,17.0000,1.2364,0.8372,5.2340,0.5916,0.1015,0.3069,0.7071,0.7071,4.6182,1.5394,0.8182
4,3,2774,2776,3,2,1,0.6667,2775.017,811.817,991.000,9.2380,20.0000,1.3333,0.1841,6.1587,0.5357,0.3214,0.1429,1.0000,0.0000,4.7730,1.2318,0.8167
8,3,2777,2780,4,4,2,0.2500,2778.315,717.022,943.902,10.0167,15.0000,1.3043,1.1981,4.6193,0.8391,0.0589,0.1020,0.7620,0.1351,3.6954,0.9238,0.4674
9,3,2784,2787,4,4,2,0.2812,2785.965,731.175,925.807,11.7036,20.0000,1.5789,0.2632,6.1598,0.3587,0.4114,0.2299,0.9292,0.1384,4.0039,0.7700,0.4474
7,4,2785,2788,4,2,2,0.4375,2786.619,616.546,331.093,11.2918,19.0000,1.3711,0.5999,5.8519,0.8235,0.0431,0.1334,0.9337,0.1681,5.5438,1.5400,0.7010
7,3,2791,2793,3,2,2,0.5833,2792.314,669.488,985.233,10.0120,18.0000,1.4651,0.6437,5.5442,0.4600,0.2645,0.2756,0.8571,0.1000,3.8502,0.6160,0.5465
6,4,2803,2805,3,1,3,0.6667,2804.268,622.000,1045.390,10.3115,18.0000,1.3171,0.8293,5.5444,0.2083,0.6667,0.1250,0.4472,0.0000,4.6204,0.9241,0.7683
4,3,2807,2808,2,1,2,1.0000,2807.481,657.000,1026.519,8.3165,14.0000,1.0370,0.7076,4.3123,0.0000,0.7500,0.2500,0.0000,0.0000,4.0042,1.0781,0.7778
18,3,2807,2810,4,3,4,0.3750,2808.588,836.583,1064.431,15.3186,17.0000,1.4502,0.7280,5.2362,0.4494,0.0743,0.4762,0.8516,0.0429,3.8502,1.8481,0.3507
5,3,2812,2814,3,1,2,0.8333,2812.731,835.000,504.493,9.2287,17.0000,1.2687,0.8902,5.2361,0.5854,0.2927,0.1220,0.9487,0.0000,5.0820,1.5400,0.7164
12,3,2814,2817,4,3,3,0.3333,2815.275,513.739,907.855,12.2694,16.0000,1.3913,0.7837,4.9278,0.7269,0.0228,0.2502,0.8048,0.4254,3.5419,1.2320,0.3333
11,4,2820,2823,4,2,2,0.6875,2821.085,983.504,930.465,11.9779,17.0000,1.4496,0.7345,5.2353,0.6899,0.0291,0.2811,0.9578,0.2532,3.6956,1.5397,0.4651
4,3,2824,2827,4,1,1,1.0000,2825.340,676.000,726.000,8.1600,15.0000,1.1321,1.3396,4.6190,0.9375,0.0000,0.0625,1.0000,0.0000,4.1570,0.6158,0.8302
7,3,2827,2830,4,2,2,0.4375,2828.607,845.595,863.893,9.7755,15.0000,1.2500,0.7212,4.6185,0.6023,0.2183,0.1794,0.9919,0.0509,3.0789,0.6158,0.5238
5,3,2832,2834,3,2,2,0.4167,2832.971,671.200,868.129,9.6377,21.0000,1.5000,0.2395,6.4652,0.4138,0.1655,0.4207,1.0000,0.0000,4.6180,2.1550,0.7000
4,3,2834,2835,2,1,2,1.0000,2834.482,869.000,936.500,8.6198,15.0000,1.0714,0.6946,4.6178,0.0000,0.7500,0.2500,0.0000,0.0000,4.6178,1.3854,0.7679
5,3,2834,2836,3,1,2,0.8333,2834.758,918.000,852.387,8.5358,15.0000,1.2097,0.4565,4.6177,0.5854,0.2927,0.1220,0.9487,0.0000,4.6177,1.6932,0.6935
7,3,2835,2838,4,2,2,0.4375,2836.618,405.596,940.326,10.3551,17.0000,1.3371,0.8073,5.2332,0.7415,0.1286,0.1299,0.8792,0.4749,3.3860,0.9235,0.5393
3,3,2837,2839,3,1,1,1.0000,2837.977,658.000,959.000,7.6420,15.0000,1.0465,0.9767,4.6174,0.8889,0.0000,0.1111,1.0000,0.0000,4.9251,1.6930,1.0000
3,3,2850,2851,2,1,2,0.7500,2850.622,979.000,1078.689,7.9944,17.0000,1.1333,0.6957,5.2310,0.5333,0.2667,0.2000,0.7071,0.0000,4.6155,1.5385,1.0000
6,3,2852,2854,3,2,1,1.0000,2853.062,966.494,915.000,10.1744,17.0000,1.2593,0.5099,5.2306,0.5556,0.3333,0.1111,1.0000,0.0000,4.4612,1.2307,0.5802
5,3,2864,2866,3,1,2,0.8333,2864.738,653.000,850.600,8.9409,16.0000,1.2308,0.4779,4.9212,0.5854,0.2927,0.1220,0.9487,0.0000,3.9985,1.0766,0.6769
6,3,2864,2866,3,2,2,0.5000,2865.123,676.815,999.296,10.1708,18.0000,1.3333,0.3706,5.5363,0.7074,0.0897,0.2030,0.9140,0.2540,4.6136,0.3076,0.5926
3,3,2865,2867,3,1,1,1.0000,2866.000,877.000,974.000,7.9908,15.0000,1.0000,1.0000,4.6136,0.8889,0.0000,0.1111,1.0000,0.0000,5.2286,1.5378,1.0000
7,3,2873,2875,3,2,3,0.3889,2873.720,421.463,838.000,9.5306,17.0000,1.4512,0.5417,5.2276,0.5780,0.1560,0.2660,0.7697,0.1362,3.0751,1.5375,0.5610
5,3,2873,2874,2,2,2,0.6250,2873.638,543.580,1047.145,9.4890,20.0000,1.4493,0.5735,6.1501,0.3432,0.2505,0.4063,0.6059,0.3645,3.9976,0.9225,0.7101
3,3,2884,2885,2,2,1,0.7500,2884.682,981.682,1054.000,7.8105,16.0000,1.0909,0.4500,4.9193,0.5333,0.2667,0.2000,0.7071,0.0000,4.6119,1.5373,1.0000
4,3,2885,2888,4,1,1,1.0000,2886.648,839.000,1286.000,8.3013,16.0000,1.1852,0.6481,4.9193,0.9375,0.0000,0.0625,1.0000,0.0000,4.7655,0.9224,0.8333
3,3,2886,2887,2,1,2,0.7500,2886.333,730.000,1304.667,7.4554,14.0000,1.0000,0.7454,4.3044,0.5333,0.2667,0.2000,0.7071,0.0000,4.9193,1.2298,1.0000
9,4,2895,2897,3,3,2,0.5000,2896.280,493.813,456.364,10.9663,15.0000,1.2617,0.9781,4.6120,0.4174,0.2785,0.3041,0.8917,0.2938,3.6896,1.5373,0.5327
4,3,2897,2898,2,2,1,1.0000,2897.518,636.500,502.000,8.6092,15.0000,1.0714,0.6946,4.6121,0.0000,0.7500,0.2500,1.0000,0.0000,3.9971,0.9224,0.7679
8,3,2904,2906,3,3,2,0.4444,2904.837,746.541,1010.133,10.6551,18.0000,1.4694,0.5803,5.5354,0.4400,0.3446,0.2154,0.8075,0.0414,3.9977,0.6151,0.4796
10,4,2907,2910,4,2,2,0.6250,2908.667,565.296,963.496,13.1300,20.0000,1.4815,0.6672,6.1513,0.6747,0.1023,0.2230,0.9367,0.3499,4.6135,0.9227,0.5111
5,4,2908,2910,3,1,2,0.8333,2909.299,761.000,1117.582,9.2157,15.0000,1.1194,0.5136,4.6136,0.5854,0.2927,0.1220,0.9487,0.0000,4.6136,1.5378,0.8657
6,3,2913,2916,4,2,2,0.3750,2914.734,709.633,1225.823,9.9217,15.0000,1.1392,0.7090,4.6146,0.6410,0.2138,0.1452,0.9804,0.0231,4.4608,1.3843,0.5443
6,3,2915,2916,2,3,2,0.5000,2915.640,574.893,1048.333,9.4198,16.0000,1.2800,0.7294,4.9222,0.6381,0.1455,0.2164,0.4962,0.8522,4.1533,1.2305,0.6000
4,3,2918,2919,2,1,2,1.0000,2918.456,529.000,1233.439,8.7691,16.0000,1.1228,0.6328,4.9231,0.0000,0.7500,0.2500,0.0000,0.0000,5.0767,1.2307,0.8246
13,6,2925,2927,3,3,3,0.4815,2925.624,1299.786,639.578,14.7688,20.0000,1.5029,0.6041,6.1561,0.3929,0.0871,0.5200,0.0662,0.4064,3.6937,0.6156,0.5780
5,3,2933,2934,2,2,2,0.6250,2933.373,748.627,1120.866,9.2265,19.0000,1.4179,0.5445,5.8505,0.3432,0.2505,0.4063,0.6059,0.3645,4.6188,0.6159,0.7015
4,3,2936,2938,3,1,2,0.6667,2937.373,965.000,751.275,7.8538,14.0000,1.0980,0.4628,4.3120,0.7500,0.1500,0.1000,0.9487,0.0000,4.6199,1.5400,0.8235
7,4,2950,2952,3,2,2,0.5833,2950.583,670.198,956.573,11.1818,20.0000,1.4583,0.6286,6.1635,0.5694,0.1270,0.3036,0.8963,0.4170,4.6226,1.5408,0.6875
6,3,2954,2956,3,2,2,0.5000,2954.667,405.115,1183.526,9.8145,17.0000,1.3077,0.5911,5.2397,0.6373,0.1269,0.2358,0.8795,0.0724,4.4690,1.2328,0.5897
15,3,2958,2961,4,3,3,0.4167,2959.856,536.070,538.829,14.8836,18.0000,1.4439,0.2344,5.5486,0.7448,0.0468,0.2084,0.6742,0.2381,4.0074,0.9248,0.4064
3,3,2964,2965,2,2,1,0.7500,2964.696,443.652,871.000,8.1876,16.0000,1.0435,0.7197,4.9327,0.5333,0.2667,0.2000,0.7071,0.0000,5.5492,1.5414,1.0000
6,4,2966,2969,4,2,2,0.3750,2967.899,823.823,1009.114,9.9434,18.0000,1.3671,0.2337,5.5495,0.8087,0.0589,0.1324,0.9827,0.1690,4.9329,1.8498,0.7722
4,3,2970,2971,2,2,1,1.0000,2970.481,488.481,712.000,8.3246,14.0000,1.0370,0.6809,4.3165,0.0000,0.7500,0.2500,1.0000,0.0000,4.6247,1.2333,0.7778
5,3,2974,2976,3,2,2,0.4167,2975.074,329.838,901.603,9.3765,18.0000,1.3235,0.6286,5.5500,0.5461,0.2256,0.2283,0.8117,0.4177,4.6250,1.0792,0.7059
4,3,2979,2980,2,2,1,1.0000,2979.464,241.482,928.000,8.6335,16.0000,1.1429,0.6955,4.9334,0.0000,0.7500,0.2500,1.0000,0.0000,4.7793,1.3875,0.8036
8,4,2987,2989,3,2,3,0.4444,2987.804,463.598,690.108,11.1196,16.0000,1.2549,1.0078,4.9335,0.1920,0.5155,0.2925,0.6187,0.2315,4.4710,0.9250,0.5784
9,3,2991,2993,3,2,3,0.5000,2992.202,703.921,1126.754,11.7168,19.0000,1.5000,0.3275,5.8584,0.0918,0.7053,0.2029,0.7071,0.1682,4.3167,0.4625,0.4386
4,3,2991,2992,2,2,2,0.5000,2991.741,868.155,1013.759,8.9418,20.0000,1.3793,0.3863,6.1668,0.0000,0.5625,0.4375,0.4459,0.5774,5.0876,1.5417,0.8448
4,3,3007,3008,2,1,2,1.0000,3007.583,541.000,1168.433,9.2488,20.0000,1.3333,0.6012,6.1658,0.0000,0.7500,0.2500,0.0000,0.0000,4.7785,1.5415,0.8167
6,3,3007,3009,3,2,2,0.5000,3008.224,725.842,903.684,9.5653,15.0000,1.1842,1.0468,4.6243,0.5230,0.1584,0.3185,0.9225,0.0898,4.6243,1.2331,0.5658
7,3,3014,3017,4,2,2,0.4375,3015.410,571.880,596.530,9.6702,15.0000,1.2651,0.6807,4.6238,0.6023,0.2183,0.1794,0.9919,0.0509,3.3909,1.2330,0.5181
6,3,3015,3017,3,2,2,0.5000,3016.000,820.873,912.254,8.9348,16.0000,1.3521,0.2834,4.9320,0.7074,0.0897,0.2030,0.9140,0.2540,3.8531,1.2330,0.6197
5,3,3021,3022,2,2,2,0.6250,3021.629,533.839,587.532,8.5460,15.0000,1.2097,0.6685,4.6232,0.3432,0.2505,0.4063,0.6059,0.3645,4.6232,0.6165,0.6935
18,9,3023,3025,3,3,4,0.5000,3023.856,1092.605,898.221,19.6865,31.0000,2.0590,0.4750,9.5543,0.2549,0.1757,0.5694,0.6435,0.5025,4.3149,0.9246,0.6494
3,3,3027,3028,2,1,2,0.7500,3027.304,703.000,1020.652,8.1847,16.0000,1.0435,0.7197,4.9309,0.5333,0.2667,0.2000,0.7071,0.0000,4.6227,0.9246,1.0000
8,3,3029,3032,4,2,2,0.5000,3030.579,940.095,950.526,10.3502,15.0000,1.2632,0.7881,4.6224,0.6702,0.1825,0.1473,0.9937,0.1048,3.2357,0.6164,0.4526
5,3,3035,3037,3,2,1,0.8333,3035.875,885.703,731.000,8.8188,16.0000,1.2500,1.1635,4.9297,0.5854,0.2927,0.1220,0.9487,0.0000,4.6218,0.6162,0.7031
3,3,3036,3037,2,2,1,0.7500,3036.348,419.326,888.000,8.1829,16.0000,1.0435,0.7292,4.9297,0.5333,0.2667,0.2000,0.7071,0.0000,4.9298,0.7703,1.0000
11,3,3036,3038,3,3,2,0.6111,3036.985,569.940,890.459,12.3554,20.0000,1.6541,0.4628,6.1621,0.5584,0.1847,0.2569,0.7789,0.2531,4.0054,1.5406,0.3910
4,3,3040,3042,3,1,2,0.6667,3041.037,491.000,1022.185,8.3180,16.0000,1.1852,0.9806,4.9290,0.5357,0.3214,0.1429,1.0000,0.0000,4.6211,1.5403,0.8148
6,3,3043,3045,3,3,1,0.6667,3044.208,521.922,642.000,9.6834,16.0000,1.2468,0.9452,4.9288,0.6944,0.2222,0.0833,0.6000,0.0000,4.3126,1.0782,0.5844
8,3,3043,3046,4,2,2,0.5000,3044.474,799.495,565.887,10.5642,17.0000,1.4021,0.7021,5.2368,0.6702,0.1825,0.1473,0.9937,0.1048,4.0047,1.3862,0.4742
5,3,3044,3046,3,1,3,0.5556,3044.970,858.000,1262.470,9.0921,16.0000,1.2121,1.0775,4.9288,0.3318,0.5530,0.1152,0.0000,0.0000,4.6205,1.3862,0.6667
7,3,3046,3048,3,3,1,0.7778,3047.241,820.885,502.000,10.1285,16.0000,1.2874,0.2673,4.9283,0.4747,0.4312,0.0941,0.5071,0.0000,3.0801,1.2320,0.5287
4,3,3052,3055,4,1,1,1.0000,3053.448,371.000,835.000,8.9309,16.0000,1.1034,0.4483,4.9274,0.9375,0.0000,0.0625,1.0000,0.0000,4.3115,0.6160,0.7931
3,3,3055,3056,2,2,1,0.7500,3055.304,430.304,918.000,8.1784,18.0000,1.1739,0.4304,5.5430,0.5333,0.2667,0.2000,0.7071,0.0000,4.0033,0.4619,1.0000
8,4,3060,3062,3,2,2,0.6667,3060.695,510.495,716.495,11.4298,17.0000,1.2952,0.7700,5.2341,0.4685,0.1696,0.3619,0.8569,0.5155,4.4644,0.9237,0.5810
5,3,3061,3063,3,2,1,0.8333,3062.161,615.677,824.000,8.5365,14.0000,1.1290,1.2053,4.3104,0.5854,0.2927,0.1220,0.9487,0.0000,4.6180,0.9237,0.6774
3,3,3067,3068,2,2,1,0.7500,3067.333,541.667,613.000,7.4643,14.0000,1.0000,0.7454,4.3095,0.5333,0.2667,0.2000,0.7071,0.0000,4.0017,1.3852,1.0000
5,3,3067,3069,3,1,2,0.8333,3068.154,659.000,721.708,8.9478,18.0000,1.3846,0.3303,5.5406,0.5854,0.2927,0.1220,0.9487,0.0000,4.6171,1.0773,0.7077
3,3,3068,3069,2,2,1,0.7500,3068.659,477.318,629.000,7.8193,15.0000,1.0227,0.7319,4.6172,0.5333,0.2667,0.2000,0.7071,0.0000,5.2327,1.5390,1.0000
4,3,3071,3073,3,2,1,0.6667,3071.778,665.204,1008.000,8.3099,15.0000,1.1111,0.8040,4.6167,0.7500,0.1500,0.1000,0.9487,0.0000,4.0010,0.9234,0.7963
12,4,3077,3079,3,4,3,0.3333,3077.922,775.922,814.627,13.5907,20.0000,1.5686,0.3887,6.1542,0.2529,0.4372,0.3099,0.2569,0.3027,3.3848,0.9232,0.5359
11,3,3080,3082,3,2,3,0.6111,3081.244,226.521,704.294,11.0393,14.0000,1.2941,0.6460,4.3075,0.2529,0.2766,0.4705,0.9939,0.1076,2.7691,0.0000,0.3529
4,3,3091,3094,4,1,1,1.0000,3092.661,598.000,999.000,8.6117,17.0000,1.2143,0.3393,5.2285,0.9375,0.0000,0.0625,1.0000,0.0000,4.7671,1.3840,0.8214
10,3,3095,3097,3,2,3,0.5556,3095.918,385.443,937.172,11.8644,17.0000,1.3934,1.2292,5.2278,0.3501,0.1970,0.4528,0.9546,0.2201,3.3829,1.5376,0.3852
6,3,3103,3105,3,2,1,1.0000,3103.908,348.513,957.000,9.5394,15.0000,1.1842,1.0302,4.6120,0.5556,0.3333,0.1111,1.0000,0.0000,3.6895,0.9223,0.5789
5,3,3108,3110,3,1,2,0.8333,3108.766,882.000,712.438,8.7988,15.0000,1.1719,0.4963,4.6112,0.5854,0.2927,0.1220,0.9487,0.0000,4.6112,0.9222,0.6719
4,4,3109,3112,4,1,1,1.0000,3110.500,460.000,1098.000,8.9147,15.0000,1.0345,0.5000,4.6111,0.9375,0.0000,0.0625,1.0000,0.0000,4.7648,1.3833,1.0000
3,3,3114,3116,3,1,1,1.0000,3114.978,437.000,1046.000,8.1632,17.0000,1.1087,0.0217,5.2253,0.8889,0.0000,0.1111,1.0000,0.0000,4.9180,1.2295,1.0000
7,3,3114,3117,4,2,2,0.4375,3115.882,642.894,847.588,9.8746,17.0000,1.4000,0.4411,5.2252,0.7122,0.1467,0.1411,0.9661,0.0989,3.9956,1.2295,0.5294
12,4,3115,3117,3,3,3,0.4444,3115.791,577.229,914.072,13.5754,22.0000,1.7255,0.3182,6.7620,0.2499,0.2828,0.4673,0.7432,0.6520,3.9957,1.2294,0.4575
10,3,3122,3125,4,2,3,0.4167,3123.516,566.148,1145.107,11.8561,20.0000,1.6393,0.5475,6.1463,0.4116,0.2946,0.2938,0.8569,0.0213,2.9195,0.3073,0.4262
8,3,3124,3125,2,2,4,0.5000,3124.468,535.319,394.415,10.2131,16.0000,1.3617,0.7022,4.9170,0.7197,0.0792,0.2011,0.2868,0.2049,3.3804,1.2292,0.4787
4,3,3126,3129,4,1,1,1.0000,3127.729,583.000,1063.000,9.0650,18.0000,1.2203,0.2712,5.5312,0.9375,0.0000,0.0625,1.0000,0.0000,4.6093,0.9219,0.8475
5,3,3127,3129,3,1,2,0.8333,3127.691,634.000,928.426,9.3448,16.0000,1.1765,0.8981,4.9167,0.5854,0.2927,0.1220,0.9487,0.0000,4.6094,1.5364,0.6765
7,3,3128,3130,3,2,3,0.3889,3128.753,361.101,1181.708,10.3367,17.0000,1.3371,0.8138,5.2239,0.7514,0.0882,0.1604,0.7791,0.1005,3.9946,1.2291,0.5618
3,3,3129,3131,3,1,1,1.0000,3130.000,570.000,547.000,7.8059,16.0000,1.0909,0.0000,4.9164,0.8889,0.0000,0.1111,1.0000,0.0000,3.9947,0.7682,1.0000
5,3,3132,3134,3,2,1,0.8333,3133.269,583.403,986.000,9.2066,17.0000,1.2687,0.4843,5.2235,0.5854,0.2927,0.1220,0.9487,0.0000,4.9162,1.5363,0.6716
7,3,3134,3136,3,2,3,0.3889,3135.305,436.220,1046.598,9.5228,15.0000,1.2805,0.7058,4.6088,0.6470,0.1845,0.1685,0.6530,0.4508,2.7653,0.3073,0.5366
23,8,3137,3140,4,4,5,0.2875,3138.945,937.514,557.740,18.7068,24.0000,1.8904,0.5785,7.3738,0.2796,0.3755,0.3448,0.4967,0.7977,3.9942,1.5362,0.4384
35,15,3138,3141,4,4,7,0.3125,3139.093,1252.224,939.696,23.8893,22.0000,1.6739,0.3892,6.7593,0.6015,0.1405,0.2580,0.1712,0.3512,3.3796,1.2290,0.5457
6,3,3140,3142,3,1,2,1.0000,3140.986,396.000,678.541,9.2817,15.0000,1.2162,0.4597,4.6085,0.5556,0.3333,0.1111,1.0000,0.0000,3.5332,0.9217,0.5811
17,8,3142,3145,4,3,3,0.4722,3143.473,919.000,959.198,16.5422,20.0000,1.5315,0.5128,6.1446,0.4084,0.3089,0.2827,0.6179,0.0373,3.2259,0.9217,0.5991
3,3,3143,3145,3,1,1,1.0000,3144.044,502.000,815.000,7.9821,16.0000,1.0667,0.9556,4.9156,0.8889,0.0000,0.1111,1.0000,0.0000,4.9157,1.5361,1.0000
5,3,3143,3145,3,1,2,0.8333,3144.234,787.000,835.453,8.7934,16.0000,1.2500,0.5102,4.9157,0.5854,0.2927,0.1220,0.9487,0.0000,4.6084,1.5361,0.7031
6,3,3146,3148,3,1,3,0.6667,3146.667,790.000,1109.680,9.4068,17.0000,1.3600,0.7573,5.2228,0.6061,0.3030,0.0909,0.7071,0.0000,4.1476,0.9217,0.6133
6,3,3148,3150,3,2,2,0.5000,3149.101,754.886,462.532,9.9084,16.0000,1.2152,0.5531,4.9156,0.3810,0.3333,0.2857,0.9487,0.1690,4.7620,1.8433,0.5949
4,3,3156,3157,2,2,1,1.0000,3156.509,277.526,768.000,8.7559,16.0000,1.1228,0.6951,4.9156,0.0000,0.7500,0.2500,1.0000,0.0000,5.3764,1.6897,0.7895
6,3,3156,3158,3,3,1,0.6667,3156.608,460.622,384.000,9.2814,15.0000,1.2162,0.7162,4.6084,0.6061,0.3030,0.0909,0.7071,0.0000,4.4548,0.9217,0.5811
4,3,3157,3158,2,1,2,1.0000,3157.558,324.000,582.462,7.9879,15.0000,1.1538,0.6968,4.6084,0.0000,0.7500,0.2500,0.0000,0.0000,3.9939,0.9217,0.8269
4,3,3159,3162,4,1,1,1.0000,3160.351,445.000,1077.000,8.7561,16.0000,1.1228,1.3509,4.9157,0.9375,0.0000,0.0625,1.0000,0.0000,5.0693,1.5361,0.8246
8,4,3161,3163,3,3,2,0.4444,3161.817,485.769,934.721,11.2969,17.0000,1.3077,0.8384,5.2230,0.4880,0.3511,0.1609,0.3617,0.1395,3.5332,0.6145,0.6250
4,3,3179,3180,2,2,1,1.0000,3179.418,431.564,958.000,8.4510,17.0000,1.2364,0.6044,5.2242,0.0000,0.7500,0.2500,1.0000,0.0000,4.7633,0.9219,0.8364
6,4,3180,3182,3,3,1,0.6667,3180.964,399.190,735.000,10.5389,17.0000,1.2143,0.9829,5.2243,0.6944,0.2222,0.0833,0.8000,0.0000,4.6098,1.2293,0.7143
5,3,3187,3188,2,2,2,0.6250,3187.393,827.459,648.852,8.3849,14.0000,1.1475,0.6223,4.3032,0.3432,0.2505,0.4063,0.6059,0.3645,4.6104,1.2295,0.6885
7,3,3191,3193,3,3,2,0.3889,3191.783,474.988,787.470,9.6435,15.0000,1.2651,0.5729,4.6110,0.2791,0.1196,0.6013,0.9487,0.3162,3.0740,0.9222,0.5181
6,3,3203,3205,3,2,2,0.5000,3204.211,442.662,723.873,8.9137,15.0000,1.2676,0.4183,4.6128,0.5230,0.1584,0.3185,0.9225,0.0898,3.9978,1.5376,0.6056
5,3,3204,3206,3,2,2,0.4167,3204.516,484.609,1074.156,8.8019,15.0000,1.1719,0.8134,4.6129,0.6999,0.1281,0.1720,0.8684,0.1395,5.0741,1.8451,0.7031
7,3,3207,3209,3,2,2,0.5833,3208.344,522.774,922.710,10.8112,19.0000,1.4301,0.5037,5.8437,0.3772,0.3083,0.3146,0.9758,0.2185,4.3058,1.5379,0.5484
6,3,3209,3212,4,2,2,0.3750,3210.284,415.878,653.716,9.2924,16.0000,1.2973,0.4194,4.9214,0.8675,0.0267,0.1059,0.9315,0.3570,3.9986,0.6152,0.5946
7,3,3210,3212,3,3,2,0.3889,3211.319,459.022,747.571,10.5798,17.0000,1.3077,0.6547,5.2291,0.4888,0.1571,0.3542,0.8671,0.4863,3.9989,1.2305,0.5385
3,3,3212,3214,3,1,1,1.0000,3213.000,518.000,1012.000,7.6370,15.0000,1.0465,0.0000,4.6143,0.8889,0.0000,0.1111,1.0000,0.0000,3.9992,1.2305,1.0000
3,3,3217,3218,2,1,2,0.7500,3217.694,582.000,815.306,8.7041,19.0000,1.1633,0.4329,5.8459,0.5333,0.2667,0.2000,0.7071,0.0000,4.9228,1.2308,1.0000
8,3,3219,3221,3,2,2,0.6667,3220.000,539.614,963.762,10.9876,18.0000,1.4257,1.1972,5.5388,0.4961,0.2369,0.2670,0.9586,0.0986,4.6155,1.5385,0.6040
9,4,3222,3224,3,2,3,0.5000,3222.724,830.533,976.190,10.7705,16.0000,1.3714,0.6301,4.9237,0.1900,0.3222,0.4878,0.7812,0.4722,3.3851,1.5386,0.5524
6,3,3223,3225,3,2,2,0.5000,3224.110,410.315,511.562,9.1714,17.0000,1.3973,0.5508,5.2316,0.5795,0.2234,0.1971,0.8314,0.5543,4.3083,1.8464,0.6164
3,3,3226,3228,3,1,1,1.0000,3227.021,296.000,614.000,8.3516,18.0000,1.1489,0.0213,5.5399,0.8889,0.0000,0.1111,1.0000,0.0000,5.2323,1.0772,1.0000
6,3,3228,3229,2,3,2,0.5000,3228.584,374.818,816.260,9.6754,18.0000,1.4026,0.6649,5.5401,0.6381,0.1455,0.2164,0.3327,0.3629,4.1552,1.5389,0.5974
4,3,3229,3230,2,1,2,1.0000,3229.462,260.000,933.538,8.0028,14.0000,1.0769,0.7092,4.3093,0.0000,0.7500,0.2500,0.0000,0.0000,4.0013,0.9234,0.8077
8,3,3230,3233,4,2,2,0.5000,3231.429,420.653,661.653,10.6653,16.0000,1.3061,0.6515,4.9250,0.6692,0.1484,0.1824,0.8881,0.0000,4.3093,1.2312,0.4592
4,3,3231,3233,3,2,1,0.6667,3231.808,668.173,918.000,8.0033,15.0000,1.1538,0.8260,4.6172,0.7500,0.1500,0.1000,0.9487,0.0000,4.6174,0.9235,0.8269
4,3,3231,3232,2,2,1,1.0000,3231.500,906.467,428.000,9.2346,17.0000,1.1333,0.6839,5.2330,0.0000,0.7500,0.2500,1.0000,0.0000,4.3094,0.7696,0.7833
4,3,3234,3237,4,1,1,1.0000,3235.615,724.000,982.000,8.0042,14.0000,1.0769,0.6154,4.3101,0.9375,0.0000,0.0625,1.0000,0.0000,4.6178,0.6156,0.8077
6,3,3236,3238,3,1,3,0.6667,3237.447,339.000,881.263,9.5521,15.0000,1.1842,0.6121,4.6180,0.6061,0.3030,0.0909,0.7071,0.0000,4.4641,0.9236,0.5658
6,3,3236,3237,2,2,2,0.7500,3236.533,634.267,1026.320,9.4262,16.0000,1.2800,0.6767,4.9257,0.2000,0.3333,0.4667,0.0000,0.0000,4.4640,1.0775,0.6133
3,3,3238,3239,2,1,2,0.7500,3238.341,333.000,763.318,7.8210,15.0000,1.0227,0.4663,4.6181,0.5333,0.2667,0.2000,0.7071,0.0000,4.9259,1.2315,1.0000
7,3,3239,3241,3,2,2,0.5833,3239.663,923.241,790.711,9.6585,14.0000,1.1807,1.0012,4.3103,0.3772,0.3083,0.3146,0.9758,0.2185,4.0025,1.5394,0.5060
5,3,3241,3243,3,3,1,0.5556,3241.954,296.308,1007.000,8.9501,17.0000,1.3077,1.2545,5.2342,0.8123,0.1108,0.0769,0.7071,0.0000,4.6184,1.5394,0.6923
6,3,3242,3245,4,2,2,0.3750,3243.701,346.883,747.117,9.6788,16.0000,1.2468,0.3414,4.9264,0.8087,0.0589,0.1324,0.9827,0.1690,4.6185,1.2316,0.5974
6,3,3243,3245,3,2,2,0.5000,3244.298,432.298,896.857,10.5588,19.0000,1.3571,0.7761,5.8502,0.5230,0.1584,0.3185,0.9225,0.0898,4.6185,1.2316,0.6310
9,3,3245,3248,4,3,2,0.3750,3246.110,605.186,958.780,12.1110,17.0000,1.2966,1.2257,5.2345,0.7003,0.0972,0.2025,0.9504,0.1784,4.3107,1.5395,0.5085
10,5,3245,3247,3,4,3,0.2778,3245.748,701.022,1236.446,13.5342,19.0000,1.3669,0.6089,5.8502,0.6377,0.1358,0.2264,0.1740,0.0797,4.4647,1.2316,0.5827
7,3,3246,3248,3,2,2,0.5833,3247.484,382.352,774.297,10.5905,18.0000,1.3846,0.9408,5.5424,0.5694,0.1270,0.3036,0.8963,0.4170,3.3870,0.6158,0.5385
9,3,3247,3250,4,2,2,0.5625,3248.476,639.583,955.913,10.5717,15.0000,1.3107,0.6389,4.6187,0.7189,0.1456,0.1355,0.9983,0.0383,3.6950,1.2317,0.4175
4,3,3254,3257,4,1,1,1.0000,3255.296,365.000,856.000,8.3136,16.0000,1.1852,1.2963,4.9266,0.9375,0.0000,0.0625,1.0000,0.0000,4.1568,0.6158,0.8333
3,3,3257,3258,2,2,1,0.7500,3257.651,401.326,865.000,7.6441,15.0000,1.0465,0.7280,4.6186,0.5333,0.2667,0.2000,0.7071,0.0000,4.0027,0.3079,1.0000
5,3,3263,3265,3,2,1,0.8333,3263.738,440.354,1113.000,8.9497,18.0000,1.3846,0.8189,5.5419,0.5854,0.2927,0.1220,0.9487,0.0000,4.7721,1.5394,0.7077
4,3,3275,3277,3,2,1,0.6667,3275.830,282.170,610.000,8.1564,15.0000,1.1321,0.8474,4.6169,0.7500,0.1500,0.1000,0.9487,0.0000,4.7706,1.2312,0.8302
6,3,3279,3281,3,4,1,0.5000,3279.873,166.338,988.000,8.9205,14.0000,1.1831,1.5978,4.3087,0.8734,0.0730,0.0536,0.6386,0.0000,4.0008,0.9233,0.5915
7,3,3285,3288,4,2,2,0.4375,3286.879,610.714,881.429,10.5832,17.0000,1.3077,0.5291,5.2308,0.7941,0.0831,0.1229,0.8986,0.2604,4.6154,1.2308,0.6593
6,3,3287,3289,3,2,3,0.3333,3287.438,456.644,1025.014,9.1699,15.0000,1.2329,0.7790,4.6154,0.3348,0.4659,0.1992,0.8847,0.2635,4.1538,1.5385,0.5890
9,3,3291,3293,3,2,3,0.5000,3291.638,577.810,771.981,10.7682,15.0000,1.2857,0.4094,4.6149,0.5418,0.2602,0.1980,0.3800,0.0642,3.9996,1.8459,0.4095
13,3,3291,3293,3,3,2,0.7222,3292.204,761.053,544.507,12.9700,17.0000,1.4539,0.5365,5.2302,0.1791,0.3338,0.4871,0.5419,0.1557,3.3843,1.2306,0.3158
3,3,3298,3299,2,1,2,0.7500,3298.682,917.000,942.318,7.8147,16.0000,1.0909,0.4500,4.9219,0.5333,0.2667,0.2000,0.7071,0.0000,4.6144,1.0767,1.0000
4,3,3306,3307,2,2,1,1.0000,3306.561,240.474,1019.000,8.7665,16.0000,1.1228,0.6456,4.9215,0.0000,0.7500,0.2500,1.0000,0.0000,4.6139,1.5380,0.8070
3,3,3309,3311,3,1,1,1.0000,3310.000,926.000,972.000,7.9914,17.0000,1.1333,0.0000,5.2290,0.8889,0.0000,0.1111,1.0000,0.0000,4.9214,2.4607,1.0000
8,3,3311,3313,3,3,3,0.2963,3312.099,673.736,859.473,9.8961,15.0000,1.3187,0.5501,4.6138,0.5024,0.1956,0.3020,0.3463,0.4678,3.6911,1.8455,0.4725
6,3,3311,3312,2,2,2,0.7500,3311.595,799.257,631.446,9.2923,16.0000,1.2973,0.6551,4.9214,0.2000,0.3333,0.4667,0.7071,0.7071,4.1524,1.2303,0.6216
4,3,3315,3317,3,2,1,0.6667,3315.627,288.275,507.000,7.8435,14.0000,1.0980,0.6849,4.3062,0.7500,0.1500,0.1000,0.9487,0.0000,4.6138,1.2303,0.8235
5,3,3315,3317,3,1,2,0.8333,3315.742,563.000,796.394,9.0788,17.0000,1.2879,0.4707,5.2290,0.5854,0.2927,0.1220,0.9487,0.0000,4.6138,1.2303,0.6818
4,3,3316,3318,3,2,1,0.6667,3317.096,575.442,1059.000,7.9973,15.0000,1.1538,0.4526,4.6138,0.7576,0.1294,0.1129,0.8507,0.0000,3.9987,1.2304,0.8269
25,12,3323,3328,6,4,4,0.2604,3325.871,537.681,253.219,21.0401,23.0000,1.6813,0.4077,7.0749,0.6151,0.1195,0.2654,0.7636,0.4276,3.6913,0.7690,0.5819
6,3,3323,3325,3,1,3,0.6667,3324.197,765.000,1117.355,9.5439,17.0000,1.3421,0.4064,5.2292,0.2083,0.6667,0.1250,0.4472,0.0000,4.1526,0.9228,0.6053
5,4,3324,3326,3,1,2,0.8333,3325.236,541.000,576.403,9.9046,18.0000,1.2500,0.4669,5.5368,0.5854,0.2927,0.1220,0.9487,0.0000,4.6141,0.9228,0.8472
5,3,3324,3325,2,2,2,0.6250,3324.493,613.403,605.134,9.2167,17.0000,1.2687,0.6618,5.2292,0.3432,0.2505,0.4063,0.6059,0.3645,3.9988,0.6152,0.7015
5,3,3329,3331,3,1,2,0.8333,3329.725,529.000,608.449,9.4923,16.0000,1.1594,0.9102,4.9218,0.5854,0.2927,0.1220,0.9487,0.0000,4.6142,1.6919,0.6522
5,3,3338,3340,3,2,1,0.8333,3339.288,242.470,505.000,9.0806,16.0000,1.2121,0.8879,4.9224,0.5854,0.2927,0.1220,0.9487,0.0000,4.6147,1.2306,0.6818
5,3,3343,3345,3,2,1,0.8333,3343.797,110.641,875.000,8.8059,17.0000,1.3281,0.4128,5.2303,0.5854,0.2927,0.1220,0.9487,0.0000,3.9996,0.9230,0.7031
13,3,3343,3346,4,3,3,0.3611,3344.625,453.954,677.934,12.9705,15.0000,1.2829,1.2203,4.6150,0.3708,0.3703,0.2589,0.9661,0.1103,3.9996,0.9230,0.3750
12,4,3349,3352,4,2,3,0.5000,3350.831,410.789,694.310,12.6129,17.0000,1.4366,0.9117,5.2307,0.7076,0.1283,0.1641,0.9223,0.0786,3.8462,1.5385,0.4366
6,3,3361,3364,4,2,2,0.3750,3362.041,614.137,858.260,9.1711,16.0000,1.3151,1.0030,4.9238,0.8265,0.0815,0.0920,0.9519,0.0737,4.0005,1.2309,0.6027
6,4,3371,3373,3,3,1,0.6667,3372.202,607.250,972.000,10.5538,18.0000,1.2857,0.3216,5.5396,0.4000,0.4800,0.1200,0.7071,0.0000,4.6163,0.9233,0.7381
4,3,3374,3376,3,1,2,0.6667,3374.907,397.000,828.537,8.3095,16.0000,1.1852,0.5450,4.9241,0.7576,0.1294,0.1129,0.8507,0.0000,4.7703,1.8466,0.8333
4,3,3375,3376,2,2,1,1.0000,3375.556,506.463,699.000,8.3095,15.0000,1.1111,0.6418,4.6164,0.0000,0.7500,0.2500,1.0000,0.0000,4.7703,1.2310,0.8148
8,3,3378,3380,3,2,3,0.4444,3379.435,322.478,593.891,10.0105,15.0000,1.3043,0.7483,4.6164,0.3830,0.2927,0.3243,0.8310,0.4577,3.6931,1.2310,0.4674
42,22,3378,3382,5,4,5,0.4200,3379.739,1242.482,960.067,30.4400,30.0000,1.9657,0.5520,9.2328,0.4238,0.0763,0.4999,0.6164,0.3999,3.6931,1.2310,0.6755
3,3,3380,3382,3,1,1,1.0000,3381.023,515.000,672.000,7.8181,15.0000,1.0227,0.0227,4.6164,0.8889,0.0000,0.1111,1.0000,0.0000,4.9241,1.2310,1.0000
5,3,3383,3385,3,1,2,0.8333,3383.688,701.000,546.422,8.8085,15.0000,1.1719,0.8983,4.6163,0.5854,0.2927,0.1220,0.9487,0.0000,4.9241,1.5388,0.6719
6,3,3386,3387,2,3,2,0.5000,3386.611,463.264,1075.750,9.0459,14.0000,1.1667,0.7111,4.3085,0.6381,0.1455,0.2164,0.3327,0.3629,4.3085,1.5387,0.5833
6,3,3389,3390,2,2,3,0.5000,3389.658,954.863,974.603,9.1712,15.0000,1.2329,0.5421,4.6160,0.5034,0.2551,0.2415,0.1128,0.4328,4.1544,0.6155,0.5890
5,3,3391,3393,3,2,1,0.8333,3392.328,344.433,520.000,9.2205,16.0000,1.1940,0.7990,4.9236,0.5854,0.2927,0.1220,0.9487,0.0000,4.0005,0.9231,0.6716
4,3,3391,3392,2,2,1,1.0000,3391.545,442.564,600.000,8.4626,16.0000,1.1636,0.6301,4.9236,0.0000,0.7500,0.2500,1.0000,0.0000,4.1543,0.9232,0.8182
4,3,3406,3407,2,2,1,1.0000,3406.481,223.537,749.000,8.3055,15.0000,1.1111,0.6951,4.6141,0.0000,0.7500,0.2500,1.0000,0.0000,3.9990,1.0767,0.7963
5,3,3407,3409,3,2,1,0.8333,3407.881,444.582,575.000,9.2165,17.0000,1.2687,0.5942,5.2291,0.5854,0.2927,0.1220,0.9487,0.0000,3.9986,1.2303,0.6716
6,3,3413,3416,4,2,2,0.3750,3414.276,892.882,720.132,9.5411,17.0000,1.3421,0.3282,5.2278,0.7449,0.0647,0.1904,0.9950,0.0995,3.8437,0.9227,0.6053
7,3,3425,3428,4,3,2,0.2917,3426.448,445.046,615.126,10.1060,19.0000,1.5287,0.4680,5.8395,0.5603,0.2792,0.1605,0.9080,0.0216,3.6880,1.2294,0.5632
5,3,3434,3436,3,2,1,0.8333,3434.918,282.623,615.000,8.3806,14.0000,1.1475,0.6283,4.3009,0.5854,0.2927,0.1220,0.9487,0.0000,4.6079,1.3824,0.6885
5,3,3435,3436,2,2,3,0.4167,3435.365,288.222,517.968,8.6552,15.0000,1.1905,0.4286,4.6081,0.5461,0.2256,0.2283,0.5716,0.7118,4.9151,1.2287,0.6825
5,3,3438,3439,2,2,2,0.6250,3438.615,313.462,614.154,8.9287,15.0000,1.1538,0.8321,4.6075,0.3432,0.2505,0.4063,0.6059,0.3645,4.9145,0.9215,0.6923
5,4,3441,3442,2,3,1,0.8333,3441.595,139.257,623.000,10.1638,17.0000,1.1486,0.4799,5.2210,0.5854,0.2927,0.1220,0.3162,0.0000,5.2210,0.7678,0.8514
9,3,3442,3445,4,2,2,0.5625,3443.542,418.589,991.215,10.9531,15.0000,1.2617,0.6519,4.6064,0.7574,0.0689,0.1737,0.9726,0.1979,3.9921,1.0749,0.5327
4,3,3446,3449,4,1,1,1.0000,3447.474,331.000,797.000,8.7511,15.0000,1.0526,0.4737,4.6059,0.9375,0.0000,0.0625,1.0000,0.0000,4.7594,0.1535,0.7719
3,3,3447,3448,2,2,1,0.7500,3447.681,381.362,547.000,8.3320,17.0000,1.0851,0.7136,5.2199,0.5333,0.2667,0.2000,0.7071,0.0000,4.2989,1.2282,1.0000
9,3,3452,3454,3,3,2,0.5000,3452.569,352.843,767.618,10.4383,15.0000,1.3235,1.0214,4.6051,0.5778,0.1533,0.2688,0.6612,0.6030,3.3772,1.5350,0.4216
10,3,3453,3455,3,4,2,0.4167,3453.887,668.591,1248.704,11.1644,15.0000,1.3043,0.6707,4.6050,0.8056,0.0234,0.1710,0.3160,0.8945,3.0700,0.6140,0.3739
5,3,3456,3457,2,2,3,0.4167,3456.606,338.788,630.000,9.0609,15.0000,1.1364,0.6421,4.6048,0.5461,0.2256,0.2283,0.5716,0.7118,4.6047,1.5349,0.6667
4,3,3459,3460,2,2,1,1.0000,3459.561,574.439,519.000,8.7485,17.0000,1.1930,0.6203,5.2184,0.0000,0.7500,0.2500,1.0000,0.0000,4.2975,0.7674,0.8246
5,3,3460,3462,3,2,1,0.8333,3460.671,535.493,638.000,10.0212,18.0000,1.2329,0.8411,5.5254,0.5854,0.2927,0.1220,0.9487,0.0000,4.6045,0.9209,0.6986
4,3,3460,3463,4,1,1,1.0000,3461.418,803.000,493.000,8.4414,15.0000,1.0909,0.4182,4.6044,0.9375,0.0000,0.0625,1.0000,0.0000,4.7579,1.0743,0.8000
10,3,3468,3471,4,2,2,0.6250,3469.688,506.385,323.358,10.5799,14.0000,1.2844,0.8660,4.2972,0.6803,0.0554,0.2642,0.9393,0.1451,3.2229,0.9208,0.3853
15,3,3469,3473,5,3,4,0.2500,3470.767,640.086,550.883,12.9180,16.0000,1.4724,0.7804,4.9110,0.7472,0.1351,0.1177,0.9083,0.1296,3.3763,1.2278,0.2761
6,3,3471,3473,3,2,2,0.5000,3472.378,484.878,717.554,9.2728,18.0000,1.4595,0.7746,5.5249,0.6373,0.1269,0.2358,0.8795,0.0724,3.9902,0.6139,0.6216
7,3,3472,3474,3,2,2,0.5833,3472.683,818.280,934.232,9.5130,14.0000,1.1951,0.7738,4.2972,0.3772,0.3083,0.3146,0.9758,0.2185,4.2972,1.3812,0.5122
4,3,3477,3480,4,1,1,1.0000,3478.660,719.000,925.000,8.1341,16.0000,1.2075,0.3396,4.9112,0.9375,0.0000,0.0625,1.0000,0.0000,3.8369,0.9208,0.8302
5,4,3481,3483,3,2,1,0.8333,3482.189,382.365,845.000,10.1584,17.0000,1.1486,0.4110,5.2183,0.5854,0.2927,0.1220,0.9487,0.0000,5.5252,1.2278,0.8514
6,3,3483,3484,2,2,3,0.5000,3483.351,709.676,495.892,9.2735,15.0000,1.2162,0.4902,4.6045,0.6381,0.1455,0.2164,0.4962,0.8522,4.1440,1.5348,0.5946
4,3,3486,3487,2,2,1,1.0000,3486.429,310.536,526.000,8.5954,16.0000,1.1429,0.6860,4.9116,0.0000,0.7500,0.2500,1.0000,0.0000,4.9116,1.8419,0.8214
8,3,3486,3488,3,2,3,0.4444,3486.642,795.789,851.358,10.3107,16.0000,1.3474,0.7647,4.9116,0.1006,0.5836,0.3157,0.0315,0.0945,3.5303,1.2279,0.4737
5,3,3491,3492,2,3,1,0.8333,3491.532,316.774,956.000,8.5124,15.0000,1.2097,0.9395,4.6050,0.5854,0.2927,0.1220,0.3162,0.0000,3.9910,0.3070,0.6935
6,3,3498,3501,4,2,2,0.3750,3499.303,617.132,679.882,9.5273,16.0000,1.2632,0.7195,4.9132,0.8087,0.0589,0.1324,0.9827,0.1690,4.2990,1.5354,0.5921
5,3,3501,3503,3,2,1,0.8333,3502.323,112.615,914.000,8.9269,16.0000,1.2308,0.7786,4.9136,0.5854,0.2927,0.1220,0.9487,0.0000,4.6064,1.5354,0.6923
4,3,3508,3509,2,2,1,1.0000,3508.537,273.519,547.000,8.2933,15.0000,1.1111,0.6951,4.6075,0.0000,0.7500,0.2500,1.0000,0.0000,4.3002,0.9215,0.7963
7,3,3508,3511,4,2,2,0.4375,3509.719,910.135,720.652,10.3330,17.0000,1.3371,0.4673,5.2220,0.7122,0.1467,0.1411,0.9661,0.0989,3.9933,1.5359,0.5281
23,12,3511,3515,5,4,3,0.3833,3512.782,1293.505,594.769,19.6657,23.0000,1.7231,0.5884,7.0659,0.5173,0.1296,0.3531,0.9984,0.0557,3.0723,0.9217,0.6515
6,3,3513,3515,3,3,2,0.3333,3513.944,430.139,703.681,9.0305,16.0000,1.3333,0.3527,4.9156,0.4899,0.3164,0.1936,0.4082,0.3381,3.9939,1.5361,0.6111
4,3,3517,3518,2,2,1,1.0000,3517.566,393.453,816.000,8.1427,15.0000,1.1321,0.6272,4.6092,0.0000,0.7500,0.2500,1.0000,0.0000,4.7627,0.6145,0.8302
4,3,3517,3519,3,2,1,0.6667,3517.792,458.189,431.000,8.1428,15.0000,1.1321,0.8146,4.6090,0.7500,0.1500,0.1000,0.9487,0.0000,3.6874,0.6145,0.8113
7,3,3520,3522,3,3,1,0.7778,3520.685,445.022,523.000,10.3377,16.0000,1.2584,1.2309,4.9169,0.4747,0.4312,0.0941,0.5071,0.0000,4.3025,0.9219,0.4944
5,3,3527,3528,2,2,2,0.6250,3527.567,545.134,380.627,9.2112,18.0000,1.3433,0.6921,5.5333,0.3432,0.2505,0.4063,0.6059,0.3645,4.9187,1.8445,0.7015
4,3,3530,3532,3,2,1,0.6667,3531.075,833.547,510.000,8.1479,15.0000,1.1321,0.4591,4.6120,0.7576,0.1294,0.1129,0.8507,0.0000,4.6121,1.2299,0.8113
17,7,3532,3535,4,3,3,0.4722,3533.447,1295.761,608.319,16.8553,20.0000,1.5044,0.5986,6.1499,0.4934,0.2352,0.2714,0.9498,0.2250,3.6900,1.2299,0.5088
6,4,3550,3552,3,3,2,0.3333,3550.770,665.023,1078.839,10.9318,20.0000,1.3793,0.2816,6.1558,0.5367,0.2153,0.2481,0.8770,0.3081,4.7705,2.0005,0.7701
4,3,3552,3555,4,1,1,1.0000,3553.691,372.000,785.000,8.4654,17.0000,1.2364,0.3091,5.2333,0.9375,0.0000,0.0625,1.0000,0.0000,4.1559,1.2313,0.8364
8,3,3554,3556,3,3,2,0.4444,3554.842,404.137,705.263,10.3400,15.0000,1.2632,0.3360,4.6178,0.5721,0.1831,0.2448,0.8600,0.3843,3.6943,1.2313,0.4632
8,3,3563,3566,4,2,2,0.5000,3564.230,621.610,384.910,10.8899,15.0000,1.2000,1.2935,4.6201,0.7266,0.1136,0.1597,0.9790,0.0404,3.6961,1.5400,0.4500
5,3,3565,3567,3,2,1,0.8333,3566.231,482.646,645.000,8.9545,16.0000,1.2308,0.4224,4.9289,0.5854,0.2927,0.1220,0.9487,0.0000,4.0046,0.9242,0.7077
8,3,3568,3570,3,3,1,0.8889,3568.958,298.189,900.000,10.3481,15.0000,1.2632,0.1941,4.6214,0.3375,0.5625,0.1000,0.7071,0.0000,4.0052,1.5404,0.4632
3,3,3569,3571,3,1,1,1.0000,3569.978,369.000,548.000,8.0049,16.0000,1.0667,0.0222,4.9298,0.8889,0.0000,0.1111,1.0000,0.0000,4.9295,0.6163,1.0000
6,3,3569,3571,3,3,2,0.3333,3569.855,540.928,909.130,8.6791,14.0000,1.2174,1.2683,4.3135,0.7676,0.0121,0.2203,0.8507,0.5257,3.8514,1.2324,0.6087
7,4,3570,3571,2,3,2,0.5833,3570.489,645.818,850.352,10.2483,16.0000,1.2727,1.0160,4.9300,0.3883,0.1309,0.4808,0.3626,0.5691,4.0054,1.2325,0.6932
7,4,3576,3578,3,2,2,0.5833,3577.228,728.250,575.446,10.7181,17.0000,1.2935,0.6495,5.2399,0.4600,0.2645,0.2756,0.8571,0.1000,4.6232,0.9248,0.6413
5,4,3586,3587,2,2,2,0.6250,3586.565,735.870,323.464,9.5163,16.0000,1.1594,0.7900,4.9344,0.3432,0.2505,0.4063,0.6059,0.3645,4.6259,1.2336,0.8696
3,3,3587,3589,3,1,1,1.0000,3588.043,387.000,482.000,8.3690,17.0000,1.0851,0.9574,5.2434,0.8889,0.0000,0.1111,1.0000,0.0000,4.9346,1.5420,1.0000
25,7,3588,3591,4,7,4,0.2232,3589.790,742.846,625.448,23.2569,28.0000,1.8568,1.2960,8.6366,0.8202,0.1329,0.0470,0.0843,0.0792,4.9355,2.0049,0.6976
5,5,3589,3590,2,2,2,0.6250,3589.356,738.391,622.609,12.0006,19.0000,1.0920,0.6576,5.8602,0.2938,0.4054,0.3007,0.0000,0.3029,5.8602,2.1589,1.0000
6,3,3589,3591,3,1,2,1.0000,3590.000,779.000,657.333,10.9554,22.0000,1.5172,0.3333,6.7859,0.5556,0.3333,0.1111,1.0000,0.0000,4.6265,0.4627,0.6667
6,6,3589,3590,2,1,3,1.0000,3589.533,792.000,698.022,11.3329,17.0000,1.1333,1.0834,5.2436,0.5556,0.3333,0.1111,0.0000,0.0000,4.1640,1.2337,1.0000
6,4,3589,3591,3,1,3,0.6667,3589.920,792.000,702.284,11.0813,19.0000,1.2955,1.2866,5.8605,0.2083,0.6667,0.1250,0.4472,0.0000,3.3932,0.4629,0.7614
15,7,3589,3591,3,2,6,0.4167,3589.986,791.959,708.835,17.3618,20.0000,1.3761,2.8352,6.1690,0.7429,0.2048,0.0523,0.1334,0.1350,4.0096,0.9254,0.6514
5,3,3591,3593,3,2,1,0.8333,3591.716,89.448,593.000,9.2430,16.0000,1.1940,0.6208,4.9357,0.5854,0.2927,0.1220,0.9487,0.0000,4.6270,0.6170,0.6716
3,3,3592,3593,2,2,1,0.7500,3592.333,636.333,458.000,7.4805,14.0000,1.0000,0.4714,4.3190,0.5333,0.2667,0.2000,0.7071,0.0000,4.9358,2.1594,1.0000
6,3,3599,3600,2,2,3,0.5000,3599.474,381.132,490.355,9.5751,15.0000,1.1842,0.6065,4.6290,0.6373,0.1269,0.2358,0.4046,0.4063,4.3206,1.3887,0.5789
15,3,3599,3601,3,2,3,0.8333,3599.908,1293.466,595.253,13.8650,16.0000,1.3793,0.5984,4.9379,0.3825,0.2369,0.3807,0.7930,0.0741,3.3946,0.9258,0.2586
8,4,3601,3603,3,3,2,0.4444,3601.773,410.887,528.381,10.5849,16.0000,1.3196,0.8696,4.9381,0.3837,0.1636,0.4526,0.7961,0.3359,4.1666,0.9259,0.6082
4,3,3601,3603,3,1,2,0.6667,3601.782,934.000,513.782,8.4878,15.0000,1.0909,0.3086,4.6297,0.7500,0.1500,0.1000,0.9487,0.0000,4.6297,0.9260,0.7818
3,3,3611,3613,3,1,1,1.0000,3611.955,508.000,520.000,7.8448,16.0000,1.0909,0.9545,4.9407,0.8889,0.0000,0.1111,1.0000,0.0000,4.6324,0.9264,1.0000
6,3,3618,3620,3,3,1,0.6667,3619.228,263.582,900.000,9.9632,16.0000,1.2152,0.9671,4.9429,0.2083,0.6667,0.1250,0.4472,0.0000,4.0160,0.6179,0.5823
5,3,3618,3620,3,2,2,0.4167,3618.841,398.857,444.841,8.7035,16.0000,1.2698,0.2661,4.9427,0.6489,0.0995,0.2515,0.9362,0.2726,4.6336,1.2357,0.6984
7,3,3622,3624,3,2,2,0.5833,3622.682,891.761,419.716,10.2766,17.0000,1.3523,0.4888,5.2526,0.3772,0.3083,0.3146,0.9758,0.2185,4.0166,0.4635,0.5227
5,3,3623,3625,3,2,1,0.8333,3623.836,415.705,564.000,8.4292,15.0000,1.2295,0.8866,4.6346,0.5854,0.2927,0.1220,0.9487,0.0000,4.6348,1.5449,0.7049
8,3,3633,3636,4,3,2,0.3333,3634.412,572.137,792.098,11.1478,18.0000,1.4118,0.4450,5.5642,0.7580,0.1343,0.1077,0.9453,0.1974,3.8641,1.7002,0.4804
6,3,3634,3636,3,3,1,0.6667,3634.880,459.675,531.000,10.4748,21.0000,1.5181,0.6854,6.4918,0.6944,0.2222,0.0833,0.8000,0.0000,4.4824,1.3911,0.6145
8,3,3634,3637,4,2,2,0.5000,3635.191,769.904,360.617,10.2738,16.0000,1.3617,0.4388,4.9461,0.7589,0.1106,0.1304,0.9682,0.0838,4.0189,1.2365,0.4787
4,3,3635,3637,3,2,1,0.6667,3635.818,478.164,726.000,8.5014,17.0000,1.2364,0.2446,5.2555,0.7500,0.1500,0.1000,0.9487,0.0000,4.7917,1.2366,0.8364
4,3,3640,3643,4,1,1,1.0000,3641.600,290.000,387.000,8.5031,16.0000,1.1636,0.4000,4.9473,0.9375,0.0000,0.0625,1.0000,0.0000,4.6381,1.5460,0.8000
21,6,3641,3643,3,5,4,0.3500,3641.933,287.299,1160.825,18.0832,23.0000,1.8022,0.3527,7.1118,0.5226,0.2055,0.2718,0.1449,0.7034,3.7106,0.9276,0.3918
3,3,3648,3649,2,2,1,0.7500,3648.682,662.318,929.000,7.8564,16.0000,1.0909,0.4500,4.9483,0.5333,0.2667,0.2000,0.7071,0.0000,4.9483,0.7732,1.0000
9,3,3658,3661,4,3,2,0.3750,3659.505,495.883,682.090,11.4452,16.0000,1.2973,1.2291,4.9492,0.4514,0.3744,0.1743,0.7545,0.0289,3.7119,0.3093,0.4054
7,3,3660,3662,3,2,3,0.3889,3660.812,413.141,550.071,9.9380,16.0000,1.3176,0.9587,4.9494,0.4552,0.3334,0.2114,0.4574,0.0699,4.0214,1.2373,0.5176
3,3,3672,3674,3,1,1,1.0000,3673.022,391.000,627.000,8.2160,17.0000,1.1087,0.0217,5.2591,0.8889,0.0000,0.1111,1.0000,0.0000,4.3311,0.7734,1.0000
7,3,3684,3686,3,3,2,0.3889,3685.470,658.301,632.120,9.7048,16.0000,1.3494,0.5710,4.9497,0.1278,0.6171,0.2551,0.8018,0.1645,3.7123,1.3921,0.5422
11,3,3685,3688,4,3,2,0.4583,3686.664,497.953,816.859,11.9390,14.0000,1.2031,0.6804,4.3310,0.4804,0.3078,0.2117,0.7984,0.0218,4.3309,1.5468,0.3281
5,3,3687,3689,3,2,1,0.8333,3687.686,212.471,601.000,9.6843,19.0000,1.3571,0.8658,5.8777,0.5854,0.2927,0.1220,0.9487,0.0000,4.0216,0.6187,0.6714
5,3,3687,3689,3,1,2,0.8333,3688.169,904.000,354.646,8.9925,16.0000,1.2308,0.3922,4.9496,0.5854,0.2927,0.1220,0.9487,0.0000,4.0215,1.0827,0.6769
4,3,3688,3689,2,2,1,1.0000,3688.518,261.518,583.000,8.6618,15.0000,1.0714,0.7076,4.6403,0.0000,0.7500,0.2500,1.0000,0.0000,4.7949,0.6187,0.7857
4,3,3691,3693,3,2,1,0.6667,3691.691,686.727,363.000,8.5070,15.0000,1.0909,1.0031,4.6402,0.7500,0.1500,0.1000,0.9487,0.0000,4.9495,1.8561,0.7818
6,3,3695,3696,2,2,3,0.5000,3695.711,409.500,557.961,9.5977,15.0000,1.1842,0.5791,4.6400,0.4412,0.1872,0.3716,0.0000,0.0000,4.3307,1.2373,0.5658
4,3,3706,3707,2,1,2,1.0000,3706.500,495.000,513.482,8.6606,15.0000,1.0714,0.6946,4.6396,0.0000,0.7500,0.2500,0.0000,0.0000,4.9490,1.8558,0.7679
4,3,3709,3710,2,2,1,1.0000,3709.482,412.500,625.000,8.6604,15.0000,1.0714,0.6946,4.6395,0.0000,0.7500,0.2500,1.0000,0.0000,4.6395,0.9279,0.7679
6,3,3713,3715,3,3,1,0.6667,3713.757,559.662,869.000,9.3437,15.0000,1.2162,0.8287,4.6394,0.2083,0.6667,0.1250,0.4472,0.0000,4.3300,0.9279,0.5811
4,3,3724,3726,3,1,2,0.6667,3725.143,430.000,635.821,8.6593,17.0000,1.2143,1.1567,5.2574,0.7500,0.1500,0.1000,0.9487,0.0000,4.7935,1.3917,0.8214
7,3,3726,3728,3,1,3,0.7778,3727.067,526.000,202.278,10.5199,15.0000,1.1667,0.7253,4.6388,0.1247,0.7481,0.1273,1.0000,0.0000,4.3296,1.2370,0.4778
5,3,3726,3728,3,2,1,0.8333,3727.281,556.578,901.000,8.8514,14.0000,1.0937,0.6429,4.3296,0.5854,0.2927,0.1220,0.9487,0.0000,4.7934,0.9278,0.6562
5,3,3752,3754,3,1,2,0.8333,3753.212,724.000,273.379,9.1288,16.0000,1.2121,0.4341,4.9485,0.5854,0.2927,0.1220,0.9487,0.0000,4.3300,0.3093,0.7121
6,3,3758,3761,4,2,2,0.3750,3759.289,495.882,418.579,9.5971,15.0000,1.1842,0.5245,4.6398,0.8688,0.0142,0.1170,0.9156,0.3015,3.7118,1.2373,0.5789
6,3,3759,3761,3,3,1,0.6667,3759.615,584.782,865.000,9.8498,15.0000,1.1538,0.9951,4.6397,0.2083,0.6667,0.1250,0.8944,0.0000,4.3304,1.5466,0.5513
7,4,3761,3763,3,2,2,0.5833,3762.278,472.588,627.371,11.3411,20.0000,1.4433,0.6207,6.1867,0.4741,0.2996,0.2262,0.8735,0.4867,4.9494,0.6187,0.6804
7,3,3766,3767,2,2,3,0.5833,3766.407,444.674,492.558,10.0561,18.0000,1.4651,0.9032,5.5686,0.5694,0.1270,0.3036,0.2595,0.2173,3.7125,1.7015,0.5465
4,3,3770,3771,2,1,3,0.6667,3770.453,400.000,719.094,8.1994,15.0000,1.1321,1.0126,4.6411,0.7576,0.1294,0.1129,0.5257,0.0000,4.0224,0.7736,0.8113
5,3,3770,3772,3,3,1,0.5556,3771.234,465.203,807.000,8.8561,17.0000,1.3281,0.3101,5.2601,0.8123,0.1108,0.0769,0.7071,0.0000,4.6413,1.5471,0.7031
6,3,3779,3781,3,2,2,0.5000,3779.813,402.680,567.293,9.4772,15.0000,1.2000,0.4725,4.6429,0.6381,0.1455,0.2164,0.8019,0.3768,4.3333,1.2381,0.5733
7,4,3782,3784,3,2,2,0.5833,3783.292,455.607,582.281,10.4137,16.0000,1.2584,0.7296,4.9531,0.4600,0.2645,0.2756,0.8571,0.1000,4.0245,0.9288,0.6629
7,3,3784,3786,3,3,2,0.3889,3784.921,292.775,310.787,10.4146,19.0000,1.4944,0.3198,5.8824,0.4357,0.3326,0.2317,0.4704,0.1532,3.7152,1.2383,0.5506
22,3,3787,3791,5,4,4,0.2750,3788.838,724.238,119.423,17.1654,18.0000,1.5231,0.5118,5.5740,0.1201,0.0881,0.7918,0.6229,0.1586,3.0967,0.9288,0.2500
3,3,3789,3791,3,1,1,1.0000,3790.000,438.000,239.000,7.5095,14.0000,1.0000,1.0000,4.3358,0.8889,0.0000,0.1111,1.0000,0.0000,4.6453,0.9291,1.0000
7,3,3789,3791,3,2,2,0.5833,3790.126,464.310,390.782,10.1834,16.0000,1.2874,0.9524,4.9553,0.6517,0.0773,0.2710,0.8881,0.0000,4.3356,1.7032,0.5172
4,3,3791,3793,3,1,2,0.6667,3792.071,387.000,507.464,8.6723,16.0000,1.1429,1.0382,4.9559,0.7576,0.1294,0.1129,0.8507,0.0000,4.6459,0.9292,0.7857
6,3,3791,3793,3,2,2,0.5000,3791.790,721.877,192.481,10.2418,17.0000,1.2593,0.5728,5.2653,0.3810,0.3333,0.2857,0.9487,0.1690,4.4909,1.5486,0.5926
7,3,3793,3795,3,3,2,0.3889,3793.837,586.767,603.651,10.0687,16.0000,1.3023,0.4497,4.9562,0.7344,0.0891,0.1766,0.6799,0.3621,4.0268,1.2391,0.5349
6,3,3794,3795,2,3,1,1.0000,3794.487,357.882,506.000,9.6112,16.0000,1.2632,0.5010,4.9565,0.5556,0.3333,0.1111,0.0000,0.0000,4.6465,1.2391,0.6053
4,3,3799,3800,2,1,2,1.0000,3799.472,413.000,569.472,8.2117,14.0000,1.0566,0.6671,4.3384,0.0000,0.7500,0.2500,0.0000,0.0000,4.6480,1.2395,0.7925
7,3,3800,3803,4,2,2,0.4375,3801.968,474.355,427.280,10.8944,18.0000,1.3548,1.1268,5.5792,0.7941,0.0831,0.1229,0.8986,0.2604,4.6486,1.5496,0.5161
6,3,3803,3805,3,1,3,0.6667,3803.743,549.000,359.770,9.3645,15.0000,1.2162,1.0704,4.6497,0.4000,0.4800,0.1200,0.7071,0.0000,4.1846,1.2399,0.5946
6,4,3804,3805,2,2,2,0.7500,3804.500,551.638,858.275,10.1243,15.0000,1.1250,0.6760,4.6501,0.2000,0.3333,0.4667,0.0000,0.0000,4.6499,1.0850,0.7250
3,3,3813,3814,2,2,1,0.7500,3813.667,253.689,831.000,8.0602,16.0000,1.0667,0.4560,4.9639,0.5333,0.2667,0.2000,0.7071,0.0000,4.9635,1.8614,1.0000
6,3,3814,3816,3,1,3,0.6667,3814.987,594.000,314.158,9.6268,15.0000,1.1842,0.1584,4.6541,0.6944,0.2222,0.0833,0.8000,0.0000,4.4988,1.5514,0.5658
3,3,3814,3816,3,1,1,1.0000,3815.000,945.000,514.000,7.7029,15.0000,1.0465,0.0000,4.6541,0.8889,0.0000,0.1111,1.0000,0.0000,4.0340,0.7758,1.0000
40,22,3820,3823,4,4,5,0.5000,3821.829,965.327,909.216,36.5237,50.0000,2.6882,0.4274,15.5242,0.2588,0.1841,0.5571,0.6355,0.7455,4.3463,1.5521,0.7460
7,3,3822,3824,3,2,3,0.3889,3823.186,802.116,600.081,10.0935,15.0000,1.2209,0.2340,4.6577,0.6107,0.2231,0.1662,0.4941,0.2987,4.3476,1.2420,0.5000
6,3,3824,3825,2,2,3,0.5000,3824.309,784.148,847.272,10.2695,18.0000,1.3333,0.4370,5.5898,0.5230,0.1584,0.3185,0.3667,0.5079,4.3479,1.3975,0.6049
8,3,3828,3830,3,3,2,0.4444,3829.062,683.443,422.887,10.6557,19.0000,1.5670,0.5715,5.9034,0.0000,0.6964,0.3036,1.0000,0.0000,3.8840,1.2429,0.4948
3,3,3832,3833,2,2,1,0.7500,3832.667,381.333,800.000,7.5372,14.0000,1.0000,0.7454,4.3517,0.5333,0.2667,0.2000,0.7071,0.0000,4.6626,0.9326,1.0000
4,3,3835,3836,2,2,2,0.5000,3835.811,613.283,604.264,8.2397,15.0000,1.1321,0.7870,4.6641,0.0000,0.5625,0.4375,0.4459,0.5774,5.2859,1.8656,0.8113
7,3,3837,3838,2,3,2,0.5833,3837.404,676.955,970.663,10.4613,19.0000,1.4944,0.5284,5.9085,0.4116,0.1986,0.3898,0.4312,0.7071,3.7317,1.5551,0.5618
6,4,3845,3847,3,2,1,1.0000,3846.049,787.481,889.000,10.2937,15.0000,1.1111,0.4840,4.6693,0.5556,0.3333,0.1111,1.0000,0.0000,4.6696,0.7784,0.7037
6,3,3860,3862,3,2,1,1.0000,3861.053,442.447,874.000,9.6752,16.0000,1.2632,0.4505,4.9893,0.5556,0.3333,0.1111,1.0000,0.0000,4.6771,1.5588,0.5789
4,3,3876,3878,3,2,1,0.6667,3876.845,428.172,536.000,9.0618,17.0000,1.1724,1.1680,5.3130,0.7500,0.1500,0.1000,0.9487,0.0000,5.4680,2.1873,0.8276
5,3,3877,3879,3,2,2,0.4167,3877.926,990.456,799.868,9.5040,16.0000,1.1765,0.4804,5.0012,0.7729,0.0435,0.1836,0.8328,0.5477,5.0004,1.2500,0.6912
29,10,3893,3896,4,5,5,0.2900,3894.622,665.380,923.009,25.2577,39.0000,2.6060,0.7260,12.2236,0.4408,0.2003,0.3589,0.6207,0.7744,4.0738,1.4102,0.5714
15,3,3910,3913,4,3,3,0.4167,3911.569,731.413,418.874,13.5676,18.0000,1.6168,0.8269,5.6629,0.6219,0.0227,0.3553,0.8660,0.4973,3.4600,0.9440,0.2874
4,3,3940,3942,3,1,2,0.6667,3941.154,857.000,701.846,8.2813,15.0000,1.1538,1.1641,4.7801,0.7500,0.1500,0.1000,0.9487,0.0000,4.9351,0.9562,0.8462
4,3,3955,3958,4,1,1,1.0000,3956.673,670.000,473.000,8.8568,17.0000,1.2364,0.3273,5.4766,0.9375,0.0000,0.0625,1.0000,0.0000,5.4763,1.9313,0.8545
9,3,3961,3964,4,3,2,0.3750,3962.859,661.880,476.446,9.9306,14.0000,1.3696,0.4826,4.5341,0.7032,0.1505,0.1463,0.8933,0.1160,2.9175,1.1333,0.4457
4,3,3962,3963,2,2,2,0.5000,3962.265,428.286,361.816,7.9294,14.0000,1.1429,0.7838,4.5300,0.0000,0.5625,0.4375,0.4459,0.5774,3.8848,1.6178,0.8163
6,3,3962,3964,3,2,2,0.5000,3962.636,695.879,282.409,8.7235,14.0000,1.2727,0.8768,4.5300,0.5034,0.2551,0.2415,0.9677,0.2521,4.0465,1.2953,0.6061
8,3,3966,3968,3,3,3,0.2963,3967.034,524.885,414.678,9.9999,15.0000,1.3793,0.6887,4.8764,0.7916,0.0660,0.1424,0.7295,0.2204,3.4137,0.9753,0.4943
6,3,3966,3968,3,2,2,0.5000,3967.257,631.357,881.114,9.2926,14.0000,1.2000,0.4547,4.5557,0.5230,0.1584,0.3185,0.9225,0.0898,4.3905,0.9759,0.5857
12,3,3967,3969,3,3,3,0.4444,3967.712,436.985,1028.682,12.3963,20.0000,1.8182,0.4294,6.5082,0.1266,0.4410,0.4324,0.4923,0.7148,3.4160,0.6516,0.3864
4,3,3971,3973,3,2,1,0.6667,3972.388,722.286,377.000,8.0073,14.0000,1.1429,0.4816,4.5784,0.7500,0.1500,0.1000,0.9487,0.0000,5.0647,1.7988,0.8367
5,3,3979,3981,3,2,2,0.4167,3979.814,1084.390,372.864,8.6892,15.0000,1.2712,0.4529,4.9407,0.7729,0.0435,0.1836,0.8328,0.5477,4.6069,1.4809,0.6949
6,4,3980,3982,3,1,2,1.0000,3981.013,551.000,628.443,10.6341,17.0000,1.2911,0.4432,5.6052,0.5556,0.3333,0.1111,1.0000,0.0000,3.9544,0.9907,0.7215
8,3,3981,3983,3,3,2,0.4444,3982.185,582.074,629.642,9.4539,13.0000,1.2840,0.6722,4.2952,0.5777,0.1583,0.2641,0.8456,0.4460,3.3043,1.6486,0.4815
6,3,3985,3987,3,2,1,1.0000,3985.986,815.435,429.000,9.3354,15.0000,1.3043,0.4350,4.9711,0.5556,0.3333,0.1111,1.0000,0.0000,4.3080,1.1593,0.5942
6,3,3986,3987,2,2,2,0.7500,3986.549,830.437,477.746,9.6115,17.0000,1.4366,0.7647,5.6397,0.2000,0.3333,0.4667,0.0000,0.0000,3.9806,0.9946,0.6197
4,3,3997,3999,3,1,2,0.6667,3998.204,271.000,428.163,8.2168,15.0000,1.2245,0.8125,5.0344,0.7500,0.1500,0.1000,0.9487,0.0000,4.3574,0.5031,0.8367
5,3,4000,4001,2,1,3,0.8333,4000.435,625.000,84.323,9.3182,16.0000,1.2903,0.8818,5.3798,0.5854,0.2927,0.1220,0.3162,0.0000,4.7031,1.0075,0.6774
5,3,4008,4010,3,2,1,0.8333,4008.764,753.473,558.000,8.3258,13.0000,1.1818,0.9280,4.4013,0.5854,0.2927,0.1220,0.9487,0.0000,4.0598,2.0315,0.7091
7,3,4015,4018,4,2,3,0.2917,4016.619,778.131,254.810,10.8131,18.0000,1.5000,0.4456,6.1322,0.8336,0.0666,0.0998,0.7341,0.3987,4.0884,1.3627,0.5357
5,3,4018,4020,3,1,2,0.8333,4018.859,807.000,725.297,9.7641,18.0000,1.4062,0.3285,6.1412,0.5854,0.2927,0.1220,0.9487,0.0000,4.0912,1.0243,0.7031
7,3,4019,4021,3,2,2,0.5833,4019.654,651.420,612.247,10.4502,15.0000,1.2963,0.5972,5.1214,0.4600,0.2645,0.2756,0.8571,0.1000,3.7535,1.3627,0.5062
10,3,4036,4039,4,2,3,0.4167,4037.637,847.725,770.020,11.1391,14.0000,1.3725,0.4553,4.8358,0.5887,0.1528,0.2586,0.9256,0.2376,3.6264,1.5535,0.3922
8,3,4056,4058,3,2,3,0.4444,4057.146,501.494,904.000,10.9690,16.0000,1.4382,0.5263,5.5772,0.4702,0.2602,0.2696,0.9107,0.1045,4.1826,1.3948,0.4831
