n_voxels,n_seed,z_min,z_max,z_extent,y_extent,x_extent,fill,centroid_z,centroid_y,centroid_x,snr_cluster,r_peak,r_peak_ratio,peak_offset,snr_peak,linearity,planarity,sphericity,axis_z,normal_z,edge_contrast,decay_drop,seed_grown_ratio
10,4,200,202,3,4,2,0.4167,200.567,785.000,790.773,11.9590,14.0000,1.4433,1.1131,5.4558,0.6829,0.1541,0.1630,0.4134,0.2753,3.9008,1.5565,0.5052
34,4,200,204,5,5,9,0.1511,200.815,799.642,648.954,24.8663,24.0000,2.1935,4.3586,9.3625,0.8533,0.0942,0.0525,0.0654,0.3541,2.7319,0.7759,0.5081
33,7,200,205,6,5,5,0.2200,201.691,803.984,772.213,25.4197,19.0000,1.6720,3.1602,7.4120,0.3710,0.5732,0.0558,0.4818,0.0758,4.6710,1.1666,0.6693
6,3,200,201,2,2,3,0.5000,200.324,803.662,655.068,11.7812,23.0000,1.8649,0.4732,8.9724,0.4412,0.1872,0.3716,0.0000,0.0000,2.7303,-0.0018,0.6622
22,3,200,204,5,4,5,0.2200,201.208,812.814,670.907,18.7725,20.0000,1.9469,2.0149,7.8021,0.2796,0.5814,0.1390,0.5826,0.0151,2.7291,0.7759,0.5442
17,3,200,204,5,3,4,0.2833,200.866,815.441,675.788,16.9205,21.0000,1.9944,1.0521,8.1922,0.2177,0.5149,0.2674,0.9344,0.3054,2.3345,0.3880,0.5251
8,3,200,202,3,2,3,0.4444,200.693,820.907,688.573,10.3367,13.0000,1.3867,0.9045,5.0713,0.3104,0.4968,0.1928,0.9398,0.1804,1.9520,0.1986,0.4800
11,3,200,202,3,2,5,0.3667,201.146,836.757,681.010,12.1005,11.0000,1.1748,1.5336,4.2911,0.7024,0.1871,0.1105,0.3135,0.1548,4.2828,1.5590,0.4272
19,5,200,202,3,3,6,0.3519,200.797,844.176,736.462,16.2748,14.0000,1.4615,1.8574,5.4614,0.7227,0.1771,0.1002,0.0580,0.1537,2.9275,0.7794,0.4066
7,3,200,203,4,2,2,0.4375,201.210,943.242,1189.113,9.1300,11.0000,1.2419,1.2388,4.2911,0.8040,0.0402,0.1558,0.9650,0.0194,3.5097,1.1693,0.5323
4,3,200,201,2,2,1,1.0000,200.545,1230.432,524.000,8.5774,13.0000,1.1818,0.6270,5.0661,0.0000,0.7500,0.2500,1.0000,0.0000,4.0947,1.5592,0.8182
5,3,201,203,3,2,1,0.8333,201.780,848.620,429.000,8.7067,12.0000,1.2000,0.8676,4.6764,0.5854,0.2927,0.1220,0.9487,0.0000,3.8933,0.7777,0.7000
6,3,202,205,4,2,2,0.3750,203.371,1034.290,844.113,9.8382,14.0000,1.3548,0.4844,5.4440,0.6410,0.2138,0.1452,0.9804,0.0231,3.4959,0.7786,0.6129
6,3,206,208,3,3,1,0.6667,207.367,1262.600,795.000,9.4750,13.0000,1.3000,0.7032,5.0310,0.6061,0.3030,0.0909,0.7071,0.0000,4.2532,1.1590,0.5833
4,3,209,210,2,3,1,0.6667,209.439,987.902,254.000,7.9081,12.0000,1.1707,0.4497,4.6319,0.7576,0.1294,0.1129,0.5257,0.0000,4.6290,1.9286,0.8293
7,3,211,213,3,3,1,0.7778,211.957,1125.029,609.000,10.0254,13.0000,1.3188,0.0523,4.9971,0.6076,0.3038,0.0886,0.7071,0.0000,4.2338,1.1537,0.5217
6,3,211,213,3,2,2,0.5000,212.276,1137.621,510.879,9.0982,12.0000,1.2414,0.9614,4.6061,0.5230,0.1584,0.3185,0.9225,0.0898,4.4158,0.0017,0.5862
3,3,213,215,3,1,1,1.0000,213.972,910.000,949.000,7.9665,13.0000,1.0833,0.0278,4.9826,0.8889,0.0000,0.1111,1.0000,0.0000,4.2234,1.5297,1.0000
9,3,213,215,3,2,3,0.5000,213.644,987.437,700.770,11.1208,12.0000,1.2414,0.6088,4.5993,0.3130,0.2485,0.4385,0.7111,0.1535,3.4504,1.1504,0.3908
6,3,215,217,3,1,2,1.0000,215.911,475.000,873.518,8.7372,12.0000,1.2857,0.5255,4.5855,0.5556,0.3333,0.1111,1.0000,0.0000,4.0122,0.3842,0.6071
7,3,231,233,3,2,2,0.5833,231.944,841.239,789.366,9.9927,14.0000,1.3803,0.6799,5.2127,0.6517,0.0773,0.2710,0.8881,0.0000,3.7173,1.1146,0.5493
7,3,233,235,3,2,2,0.5833,233.642,588.209,537.299,9.4038,13.0000,1.3582,0.7380,4.8325,0.3772,0.3083,0.3146,0.9758,0.2185,3.7077,1.3005,0.5522
4,3,235,236,2,2,1,1.0000,235.500,1162.479,568.000,8.8857,13.0000,1.0833,0.6925,4.8169,0.0000,0.7500,0.2500,1.0000,0.0000,4.8099,1.6653,0.7708
7,3,238,240,3,2,2,0.5833,238.958,1009.183,346.690,9.8820,13.0000,1.2817,1.0231,4.7942,0.4600,0.2645,0.2756,1.0000,0.0000,3.3095,1.1058,0.5493
3,3,244,246,3,1,1,1.0000,245.000,935.000,722.000,9.2723,18.0000,1.2273,0.0000,6.5700,0.8889,0.0000,0.1111,1.0000,0.0000,5.1157,1.0935,1.0000
3,3,248,250,3,1,1,1.0000,248.974,696.000,277.000,8.1750,14.0000,1.0769,0.0256,5.0827,0.8889,0.0000,0.1111,1.0000,0.0000,5.0879,1.2702,1.0000
8,3,249,251,3,3,3,0.2963,249.588,849.000,1057.362,10.2609,14.0000,1.4000,0.6903,5.0827,0.6604,0.0280,0.3116,0.6739,0.2142,2.9053,0.7263,0.4750
6,3,252,253,2,2,2,0.7500,252.581,1108.677,838.726,9.1487,13.0000,1.2581,0.8426,4.6965,0.2000,0.3333,0.4667,0.0000,0.0000,4.3382,1.0856,0.6129
4,3,257,258,2,1,2,1.0000,257.533,1068.000,414.467,8.0878,12.0000,1.0667,0.7087,4.3159,0.0000,0.7500,0.2500,0.0000,0.0000,4.6703,1.0782,0.8000
8,4,261,263,3,3,2,0.4444,261.721,788.674,425.826,10.8843,14.0000,1.3023,0.8100,5.0150,0.5452,0.2911,0.1637,0.8024,0.1595,4.4728,1.6098,0.6163
8,4,261,264,4,2,2,0.5000,262.033,957.100,784.478,11.3873,15.0000,1.3333,1.1428,5.3732,0.6810,0.1576,0.1614,0.9830,0.0199,4.2967,1.4300,0.6444
6,3,264,266,3,2,2,0.5000,265.381,991.873,646.397,9.1769,13.0000,1.2381,0.7246,4.6399,0.5034,0.2551,0.2415,0.9677,0.2521,4.4577,1.4268,0.5873
4,3,267,268,2,2,1,1.0000,267.489,704.511,443.000,8.3704,12.0000,1.0213,0.7073,4.2759,0.0000,0.7500,0.2500,1.0000,0.0000,5.3419,1.7799,0.7660
5,3,267,269,3,2,2,0.4167,268.077,1104.154,726.385,8.2793,12.0000,1.1538,0.4213,4.2725,0.1521,0.5234,0.3245,1.0000,0.0000,3.9137,0.3572,0.6923
8,4,268,270,3,2,2,0.6667,269.276,1063.713,792.563,10.9407,16.0000,1.4713,0.5911,5.6922,0.4716,0.1249,0.4035,0.8929,0.1898,4.0894,1.2436,0.6092
7,3,269,270,2,3,2,0.5833,269.644,956.329,771.658,9.8112,14.0000,1.3425,0.9911,4.9807,0.4600,0.2645,0.2756,0.2857,0.7240,3.9104,1.4225,0.5205
4,3,271,272,2,2,1,1.0000,271.500,1272.479,767.000,8.5225,13.0000,1.0833,0.6925,4.6180,0.0000,0.7500,0.2500,1.0000,0.0000,4.6142,1.2433,0.7708
5,4,273,275,3,2,1,0.8333,273.791,949.373,698.000,10.6231,20.0000,1.4925,0.4277,7.0897,0.5854,0.2927,0.1220,0.9487,0.0000,3.9017,0.7119,0.8507
4,3,275,276,2,2,1,1.0000,275.471,1057.451,568.000,9.0305,15.0000,1.1765,0.6518,5.3137,0.0000,0.7500,0.2500,1.0000,0.0000,4.0726,0.7087,0.7843
5,3,280,282,3,2,1,0.8333,281.250,1056.607,650.000,8.8378,14.0000,1.2500,0.4657,4.9412,0.5854,0.2927,0.1220,0.9487,0.0000,4.5856,1.0586,0.6786
5,3,284,286,3,1,2,0.8333,285.267,908.000,748.450,9.4480,15.0000,1.2500,0.6112,5.2824,0.5854,0.2927,0.1220,0.9487,0.0000,4.5758,1.4079,0.6833
7,4,286,288,3,2,2,0.5833,286.935,575.416,735.130,10.2385,12.0000,1.0909,1.0315,4.2236,0.4600,0.2645,0.2756,1.0000,0.0000,4.5729,1.2299,0.6234
7,3,287,290,4,2,2,0.4375,288.702,958.893,721.464,11.1593,16.0000,1.3333,0.8898,5.6257,0.8235,0.0431,0.1334,0.9337,0.1681,3.8673,0.3520,0.5476
7,3,287,289,3,3,1,0.7778,288.256,1094.333,666.000,10.3645,18.0000,1.6154,0.7143,6.3289,0.4747,0.4312,0.0941,0.5071,0.0000,3.8659,1.4060,0.5641
6,3,289,291,3,2,2,0.5000,290.203,970.844,750.500,9.1767,13.0000,1.2187,0.5618,4.5663,0.3810,0.3333,0.2857,0.9487,0.1690,3.5119,0.7016,0.5781
6,3,291,293,3,2,2,0.5000,292.348,1074.682,823.833,9.4536,14.0000,1.2727,0.5005,4.9128,0.5034,0.2551,0.2415,0.9677,0.2521,4.3844,1.0522,0.5909
6,3,292,294,3,3,1,0.6667,292.924,926.182,853.000,9.4511,13.0000,1.1818,0.9420,4.5619,0.6944,0.2222,0.0833,0.8000,0.0000,4.3834,1.4021,0.5606
5,3,292,293,2,2,2,0.6250,292.638,953.397,447.845,9.0994,14.0000,1.2069,0.5590,4.9105,0.3432,0.2505,0.4063,0.6059,0.3645,4.9121,1.4037,0.6897
4,3,292,294,3,1,2,0.6667,293.107,1144.000,767.821,9.8205,18.0000,1.2857,0.2082,6.3135,0.7500,0.1500,0.1000,0.9487,0.0000,5.2619,1.7527,0.8214
5,3,295,296,2,2,2,0.6250,295.556,835.630,418.852,8.4604,14.0000,1.2963,0.5972,4.9037,0.3432,0.2505,0.4063,0.6059,0.3645,4.5553,1.0516,0.7037
4,3,296,297,2,2,1,1.0000,296.543,983.457,789.000,8.0540,13.0000,1.1304,0.6456,4.5513,0.0000,0.7500,0.2500,1.0000,0.0000,4.5521,0.6999,0.8043
4,3,297,299,3,1,2,0.6667,297.854,908.000,1013.833,8.3993,15.0000,1.2500,0.2215,5.2492,0.7500,0.1500,0.1000,0.9487,0.0000,5.0740,2.0988,0.8333
5,3,301,303,3,1,2,0.8333,301.815,812.000,933.369,10.1558,16.0000,1.2308,0.4128,5.5895,0.5854,0.2927,0.1220,0.9487,0.0000,5.2427,1.0480,0.6923
11,3,308,311,4,4,2,0.3438,309.396,726.874,380.225,11.6564,16.0000,1.5856,0.4730,5.5734,0.4957,0.2466,0.2577,0.5378,0.1053,3.4838,1.3931,0.3964
5,3,327,329,3,1,2,0.8333,327.697,872.000,891.591,10.2125,16.0000,1.2121,0.9138,5.5372,0.5854,0.2927,0.1220,0.9487,0.0000,5.1910,1.3842,0.6818
4,4,336,337,2,2,1,1.0000,336.491,1058.491,483.000,9.1443,14.0000,1.0566,0.6938,4.8316,0.0000,0.7500,0.2500,1.0000,0.0000,4.4859,1.3806,1.0000
10,3,349,351,3,3,2,0.5556,350.150,704.140,876.393,11.6360,15.0000,1.4019,0.4428,5.1585,0.3501,0.1970,0.4528,0.9546,0.2201,3.7832,1.0320,0.4019
5,3,352,354,3,2,1,0.8333,353.167,1115.700,547.000,9.2218,16.0000,1.3333,0.3432,5.4990,0.5854,0.2927,0.1220,0.9487,0.0000,4.1235,1.0309,0.7000
4,3,366,367,2,1,2,1.0000,366.490,356.000,685.569,8.7446,16.0000,1.2549,0.6678,5.4864,0.0000,0.7500,0.2500,0.0000,0.0000,4.8013,1.0289,0.8235
5,3,374,376,3,2,1,0.8333,374.702,705.632,429.000,8.7331,14.0000,1.2281,0.4740,4.7961,0.5854,0.2927,0.1220,0.9487,0.0000,4.1114,0.8565,0.7018
7,3,376,378,3,1,3,0.7778,377.118,799.000,1012.271,11.0038,17.0000,1.4000,0.2951,5.8227,0.4747,0.4312,0.0941,0.8619,0.0000,4.4526,1.3700,0.5176
4,3,386,387,2,1,2,1.0000,386.436,943.000,1179.545,9.4118,17.0000,1.2364,0.6301,5.8184,0.0000,0.7500,0.2500,0.0000,0.0000,4.6203,0.3423,0.8000
5,3,399,400,2,2,2,0.6250,399.459,1111.869,769.492,9.3296,15.0000,1.2295,0.6973,5.1300,0.3432,0.2505,0.4063,0.6059,0.3645,4.7878,1.0260,0.7049
6,3,410,412,3,1,3,0.6667,411.158,567.000,1162.211,10.6065,19.0000,1.5000,0.2632,6.4952,0.4000,0.4800,0.1200,0.7071,0.0000,4.6150,1.3674,0.6316
3,3,412,413,2,1,2,0.7500,412.357,586.000,1010.310,8.2891,15.0000,1.0714,0.7135,5.1275,0.5333,0.2667,0.2000,0.7071,0.0000,5.1276,1.3673,1.0000
9,3,419,422,4,3,2,0.3750,420.459,655.592,561.102,11.1642,14.0000,1.2857,0.8082,4.7846,0.5117,0.3379,0.1504,0.9616,0.1128,4.1012,1.0253,0.4184
6,3,419,421,3,2,3,0.3333,420.069,878.403,900.181,10.0458,15.0000,1.2500,1.1204,5.1264,0.4635,0.2905,0.2460,0.5935,0.6387,3.9303,1.3670,0.5972
8,3,421,424,4,2,2,0.5000,422.413,559.359,656.196,11.1159,15.0000,1.3043,0.5810,5.1262,0.6108,0.0874,0.3018,0.9929,0.0516,4.4427,1.7087,0.4565
10,3,428,430,3,2,2,0.8333,429.010,903.505,909.467,11.3451,15.0000,1.4286,0.6875,5.1252,0.4736,0.1990,0.3273,0.9530,0.3029,3.5877,1.3667,0.4000
12,3,430,433,4,4,3,0.2500,431.820,1160.859,1018.180,12.6241,14.0000,1.3125,0.8962,4.7831,0.4374,0.4453,0.1173,0.9469,0.3162,4.0998,1.3666,0.4219
4,3,439,442,4,1,1,1.0000,440.353,952.000,1124.000,8.7089,15.0000,1.1765,0.3529,5.1230,0.9375,0.0000,0.0625,1.0000,0.0000,5.1230,1.3661,0.8431
4,3,465,467,3,1,2,0.6667,466.093,597.000,1035.593,9.2026,18.0000,1.3333,0.4178,6.1351,0.7576,0.1294,0.1129,0.8507,0.0000,5.2827,1.7042,0.8333
4,3,467,468,2,1,2,1.0000,467.551,931.000,1265.469,8.3492,14.0000,1.1429,0.6951,4.7708,0.0000,0.7500,0.2500,0.0000,0.0000,5.1115,0.6816,0.8163
5,3,492,493,2,1,3,0.8333,492.534,801.000,1107.310,8.8187,14.0000,1.2069,0.6180,4.7600,0.5854,0.2927,0.1220,0.3162,0.0000,5.0997,1.3600,0.6897
4,3,492,494,3,2,1,0.6667,493.180,1019.820,739.000,8.4993,15.0000,1.2000,0.2546,5.0996,0.7500,0.1500,0.1000,0.9487,0.0000,4.7597,1.3599,0.8200
9,4,493,496,4,2,3,0.3750,494.565,459.528,605.991,12.2380,17.0000,1.4167,0.6841,5.7789,0.7479,0.0971,0.1550,0.9486,0.0537,3.7391,1.5298,0.5926
4,3,496,499,4,1,1,1.0000,497.407,846.000,963.000,9.1770,16.0000,1.1852,0.5926,5.4381,0.9375,0.0000,0.0625,1.0000,0.0000,5.0985,1.0198,0.8148
6,3,497,499,3,1,2,1.0000,497.985,873.000,1274.448,9.2966,13.0000,1.1642,1.0821,4.4187,0.5556,0.3333,0.1111,1.0000,0.0000,4.4183,1.1895,0.5821
3,3,509,510,2,1,2,0.7500,509.325,740.000,1172.350,7.8467,14.0000,1.0500,0.7267,4.7568,0.5333,0.2667,0.2000,0.7071,0.0000,4.0773,1.0193,1.0000
3,3,525,527,3,1,1,1.0000,526.000,1112.000,842.000,8.0446,15.0000,1.0976,0.0000,5.0977,0.8889,0.0000,0.1111,1.0000,0.0000,5.0978,1.3593,1.0000
9,3,534,537,4,2,3,0.3750,535.176,1045.648,1045.121,10.3116,13.0000,1.2857,0.6826,4.4192,0.5093,0.2883,0.2024,0.9584,0.0731,3.3995,1.5298,0.4286
3,3,544,546,3,1,1,1.0000,545.025,1103.000,920.000,7.8528,14.0000,1.0500,0.9750,4.7606,0.8889,0.0000,0.1111,1.0000,0.0000,4.7605,1.7001,1.0000
6,3,549,551,3,1,2,1.0000,549.896,597.000,799.463,9.3019,14.0000,1.2537,1.0080,4.7610,0.5556,0.3333,0.1111,1.0000,0.0000,4.2508,1.0202,0.6269
5,3,551,553,3,3,1,0.5556,551.762,952.048,1152.000,9.5816,16.0000,1.2698,0.2428,5.4413,0.5532,0.3398,0.1070,0.8281,0.0000,4.7611,1.3603,0.6667
6,3,565,567,3,2,2,0.5000,565.803,843.121,1107.530,9.1637,14.0000,1.2727,0.5236,4.7614,0.3810,0.3333,0.2857,0.9487,0.1690,4.4213,0.5102,0.6061
6,3,572,573,2,2,2,0.7500,572.500,951.703,719.297,10.2736,16.0000,1.2973,0.6533,5.4410,0.2000,0.3333,0.4667,0.0000,0.0000,4.5909,1.1903,0.5811
5,3,574,576,3,2,1,0.8333,575.048,809.355,940.000,9.4287,16.0000,1.2903,0.3581,5.4408,0.5854,0.2927,0.1220,0.9487,0.0000,4.7607,1.3602,0.7097
8,3,575,578,4,2,2,0.5000,576.402,797.770,831.816,10.4594,15.0000,1.3793,0.6663,5.1005,0.7248,0.0930,0.1821,0.9678,0.1435,3.7405,1.3601,0.4828
5,3,584,586,3,2,2,0.4167,584.862,513.862,837.155,8.8178,15.0000,1.2931,0.2493,5.0993,0.6489,0.0995,0.2515,0.9362,0.2726,4.7591,1.3598,0.7069
8,3,588,590,3,1,4,0.6667,588.663,479.000,1126.848,11.0560,16.0000,1.3913,1.3293,5.4386,0.5011,0.4179,0.0810,0.1222,0.0000,4.0789,1.0197,0.4783
9,3,588,590,3,3,2,0.5000,589.031,846.010,732.333,10.8767,16.0000,1.5000,0.3350,5.4384,0.6153,0.1805,0.2042,0.8004,0.3814,3.3990,0.6798,0.4479
5,3,613,615,3,2,1,0.8333,613.828,1072.362,540.000,8.8030,13.0000,1.1207,0.9033,4.4122,0.5854,0.2927,0.1220,0.9487,0.0000,4.7512,0.6788,0.6724
4,3,614,616,3,2,1,0.6667,614.857,472.163,942.000,8.3142,14.0000,1.1429,0.2169,4.7509,0.7500,0.1500,0.1000,0.9487,0.0000,4.9205,0.3394,0.8367
4,3,614,616,3,1,2,0.6667,614.879,582.000,1030.741,9.8413,18.0000,1.2414,0.2854,6.1083,0.5357,0.3214,0.1429,1.0000,0.0000,5.5995,1.6967,0.8448
4,3,622,625,4,1,1,1.0000,623.421,1010.000,996.000,9.6650,15.0000,1.0526,1.4211,5.0874,0.9375,0.0000,0.0625,1.0000,0.0000,4.7477,0.8478,0.7895
4,3,632,634,3,1,2,0.6667,633.120,595.000,968.740,8.4712,15.0000,1.2000,0.9176,5.0824,0.5357,0.3214,0.1429,1.0000,0.0000,4.7439,0.8471,0.8200
6,3,632,633,2,2,2,0.7500,632.549,826.732,918.338,9.8222,15.0000,1.2676,0.6237,5.0828,0.2000,0.3333,0.4667,0.0000,0.0000,3.5584,1.1860,0.6056
9,4,632,635,4,2,3,0.3750,633.243,1100.816,774.398,11.6337,14.0000,1.2233,1.3179,4.7443,0.6310,0.2101,0.1589,0.9678,0.0017,4.0665,1.3554,0.5146
5,3,633,635,3,2,2,0.4167,634.136,545.271,859.508,8.9400,16.0000,1.3559,1.0307,5.4207,0.7383,0.0485,0.2132,0.7071,0.0000,4.7436,1.6939,0.7288
5,3,647,649,3,2,1,0.8333,648.119,457.299,1043.000,10.1413,19.0000,1.4179,0.3215,6.4307,0.5854,0.2927,0.1220,0.9487,0.0000,4.7382,1.3539,0.7015
6,3,650,653,4,2,2,0.3750,651.309,774.191,1080.132,9.3938,14.0000,1.2353,0.3866,4.7374,0.7449,0.0647,0.1904,0.9950,0.0995,4.5682,1.5226,0.5882
5,3,653,655,3,2,2,0.4167,654.071,836.464,738.143,8.4729,13.0000,1.1607,0.4910,4.3982,0.5461,0.2256,0.2283,0.8117,0.4177,4.7362,1.0149,0.6964
11,4,655,657,3,3,4,0.3056,655.697,1152.803,1106.742,13.4635,18.0000,1.5000,0.8257,6.0890,0.5332,0.2262,0.2406,0.5901,0.5498,3.7211,0.6766,0.5909
4,3,656,657,2,1,3,0.6667,656.700,549.000,940.420,8.4566,15.0000,1.2000,0.9091,5.0742,0.7500,0.1500,0.1000,0.3162,0.0000,4.9047,1.6912,0.8400
5,3,656,658,3,1,2,0.8333,657.250,568.000,1099.650,9.0762,14.0000,1.1667,0.8276,4.7353,0.5854,0.2927,0.1220,0.9487,0.0000,4.7353,1.3529,0.6667
5,3,669,671,3,2,1,0.8333,670.265,638.382,779.000,10.2792,17.0000,1.2500,0.4650,5.7463,0.5854,0.2927,0.1220,0.9487,0.0000,5.0701,1.6901,0.6765
7,3,672,674,3,2,2,0.5833,673.152,282.582,444.684,10.0915,15.0000,1.3291,0.9970,5.0694,0.5927,0.2184,0.1889,0.8630,0.4864,4.3936,1.1829,0.5316
5,3,676,678,3,1,2,0.8333,676.845,858.000,987.293,8.7651,15.0000,1.2931,0.3316,5.0688,0.5854,0.2927,0.1220,0.9487,0.0000,4.7307,0.6758,0.7069
8,3,678,681,4,2,2,0.5000,679.539,735.820,992.629,10.6320,17.0000,1.5281,0.8003,5.7439,0.6066,0.1994,0.1941,0.9479,0.2003,3.5478,2.1962,0.5393
4,3,679,682,4,1,1,1.0000,680.627,632.000,817.000,8.6157,14.0000,1.0980,0.3725,4.7301,0.9375,0.0000,0.0625,1.0000,0.0000,5.2369,1.6894,0.8039
7,3,682,685,4,2,2,0.4375,683.550,534.700,886.888,10.2153,14.0000,1.2250,0.6365,4.7298,0.6673,0.1280,0.2047,0.9953,0.0695,3.3785,1.0135,0.5125
4,3,682,684,3,2,1,0.6667,682.898,552.449,513.000,8.2772,14.0000,1.1429,1.0039,4.7300,0.7576,0.1294,0.1129,0.8507,0.0000,5.0676,2.0270,0.8163
9,3,686,689,4,2,3,0.3750,687.350,552.730,794.410,11.2600,16.0000,1.4400,0.8146,5.4047,0.6667,0.1754,0.1579,0.8337,0.1616,3.7159,1.3512,0.4400
9,3,687,690,4,2,3,0.3750,688.663,811.426,590.545,11.3722,15.0000,1.3366,0.9104,5.0669,0.5600,0.2161,0.2240,0.8158,0.4732,4.3912,0.6756,0.4257
7,3,695,698,4,2,2,0.4375,696.556,541.901,493.728,10.3398,16.0000,1.3827,0.5301,5.4037,0.6673,0.1280,0.2047,0.9953,0.0695,4.3905,1.1821,0.5432
3,3,702,703,2,1,2,0.7500,702.667,642.000,1194.667,7.6041,13.0000,1.0000,0.7454,4.3903,0.5333,0.2667,0.2000,0.7071,0.0000,4.7279,1.5197,1.0000
9,3,708,710,3,2,3,0.5000,708.663,963.446,808.924,10.3561,13.0000,1.2717,0.8025,4.3901,0.4839,0.3219,0.1942,0.4370,0.0378,4.0524,1.3508,0.4239
8,4,721,724,4,2,2,0.5000,722.404,462.255,679.670,11.2238,14.0000,1.1915,0.5808,4.7281,0.7435,0.1182,0.1384,0.9342,0.2294,4.3904,1.6886,0.5745
6,3,730,731,2,2,3,0.5000,730.448,492.716,540.925,9.2383,14.0000,1.2537,0.5352,4.7285,0.4412,0.1872,0.3716,0.6154,0.7882,4.2219,1.8576,0.5970
4,3,731,732,2,1,2,1.0000,731.451,535.000,853.549,8.6127,14.0000,1.0980,0.7105,4.7286,0.0000,0.7500,0.2500,0.0000,0.0000,5.0663,1.6888,0.8235
3,3,739,741,3,1,1,1.0000,739.957,802.000,795.000,9.1660,17.0000,1.0851,0.0426,5.7424,0.8889,0.0000,0.1111,1.0000,0.0000,5.7423,1.0134,1.0000
4,3,755,758,4,1,1,1.0000,756.407,667.000,1066.000,9.1214,17.0000,1.2593,0.4074,5.7431,0.9375,0.0000,0.0625,1.0000,0.0000,4.7296,1.3513,0.7963
6,3,764,766,3,2,2,0.5000,765.362,649.116,867.478,9.5165,14.0000,1.2174,0.8320,4.7297,0.6373,0.1269,0.2358,0.8795,0.0724,4.3919,0.8446,0.5797
5,3,769,771,3,2,2,0.4167,769.935,525.790,825.177,9.3672,14.0000,1.1290,0.9750,4.7297,0.4138,0.1655,0.4207,1.0000,0.0000,4.7297,1.6892,0.6613
6,3,772,774,3,2,2,0.5000,772.735,738.485,475.868,9.3785,13.0000,1.1471,0.8909,4.3918,0.6373,0.1269,0.2358,0.8795,0.0724,4.7297,1.0135,0.5735
5,3,780,782,3,2,2,0.4167,781.262,431.213,1022.672,9.2159,14.0000,1.1475,0.4709,4.7296,0.7729,0.0435,0.1836,0.8328,0.5477,4.7295,1.3513,0.6721
9,3,789,791,3,1,4,0.7500,790.247,974.000,1038.557,10.9226,15.0000,1.3918,0.6092,5.0672,0.2881,0.6266,0.0853,0.1327,0.0000,3.7159,0.3378,0.4433
5,3,791,792,2,1,3,0.8333,791.464,586.000,1043.232,8.4601,14.0000,1.2500,0.5191,4.7293,0.5854,0.2927,0.1220,0.3162,0.0000,4.7293,1.0134,0.7143
4,3,791,792,2,1,2,1.0000,791.542,806.000,901.508,9.9654,17.0000,1.1525,0.6841,5.7428,0.0000,0.7500,0.2500,0.0000,0.0000,5.4050,1.1823,0.7966
4,3,794,796,3,1,2,0.6667,794.906,883.000,1110.755,8.9518,19.0000,1.4340,0.2628,6.4183,0.5357,0.3214,0.1429,1.0000,0.0000,5.0671,1.1823,0.8491
5,3,801,802,2,2,2,0.6250,801.571,552.206,788.667,9.5171,16.0000,1.2698,0.6930,5.4047,0.3432,0.2505,0.4063,0.6059,0.3645,5.0669,1.5201,0.6667
8,3,805,807,3,2,3,0.4444,806.125,681.466,969.932,10.5093,15.0000,1.3636,0.5527,5.0667,0.1528,0.2767,0.5705,0.6280,0.3251,3.8845,1.6889,0.4773
3,3,822,824,3,1,1,1.0000,823.025,607.000,1125.000,7.7994,14.0000,1.0500,0.9750,4.7280,0.8889,0.0000,0.1111,1.0000,0.0000,4.0527,1.0132,1.0000
7,3,823,825,3,2,2,0.5833,823.520,560.587,1071.213,9.5734,15.0000,1.4000,0.6977,5.0658,0.5694,0.1270,0.3036,0.8963,0.4170,3.7149,0.6754,0.5467
10,3,824,827,4,4,3,0.2083,824.991,945.804,522.925,11.4269,16.0000,1.4953,0.2102,5.4034,0.5792,0.2958,0.1250,0.6581,0.0033,2.8705,1.0132,0.4206
6,3,825,827,3,2,2,0.5000,825.778,413.736,1091.889,9.9265,16.0000,1.3333,0.3624,5.4033,0.5034,0.2551,0.2415,0.9677,0.2521,4.3902,1.1820,0.6250
6,3,825,827,3,2,2,0.5000,825.671,477.371,679.114,9.6508,16.0000,1.3714,0.5089,5.4033,0.5034,0.2551,0.2415,0.9677,0.2521,4.3902,1.3508,0.6000
4,3,833,835,3,2,1,0.6667,833.963,374.481,933.000,9.1163,17.0000,1.2593,0.4829,5.7399,0.7576,0.1294,0.1129,0.8507,0.0000,4.7270,1.6882,0.7963
6,3,834,835,2,2,3,0.5000,834.529,527.714,1134.214,9.6487,15.0000,1.2857,0.5914,5.0644,0.5943,0.2116,0.1941,0.3104,0.4643,3.7140,0.6753,0.6000
7,3,843,846,4,2,2,0.4375,844.587,697.107,790.427,9.5672,13.0000,1.2133,0.7332,4.3876,0.6023,0.2183,0.1794,0.9919,0.0509,4.0501,1.0125,0.5200
7,3,847,849,3,2,2,0.5833,847.628,548.756,627.551,9.9483,14.0000,1.2564,0.8706,4.7244,0.4600,0.2645,0.2756,0.8571,0.1000,3.3744,0.6750,0.5128
4,3,853,854,2,1,2,1.0000,853.481,836.000,1252.519,8.7705,14.0000,1.0769,0.6799,4.7227,0.0000,0.7500,0.2500,0.0000,0.0000,4.7225,1.3495,0.7692
6,3,857,859,3,2,3,0.3333,858.254,577.254,863.000,8.6730,13.0000,1.2381,1.2794,4.3842,0.6117,0.2011,0.1872,0.7734,0.2698,3.8779,1.6860,0.6190
6,3,861,864,4,2,2,0.3750,862.492,481.754,559.615,8.9454,14.0000,1.2923,0.6828,4.7193,0.8091,0.0682,0.1227,0.8627,0.0802,4.0450,1.1800,0.6154
4,3,872,874,3,1,2,0.6667,873.118,548.000,1176.412,8.5885,16.0000,1.2549,0.4282,5.3889,0.7576,0.1294,0.1129,0.8507,0.0000,4.8835,1.0105,0.8431
7,3,876,878,3,2,2,0.5833,876.759,493.430,1120.329,10.0537,14.0000,1.2405,1.0048,4.7141,0.5352,0.1763,0.2885,0.8018,0.5745,4.3770,1.0101,0.5190
8,3,878,880,3,3,1,0.8889,878.923,427.187,688.000,10.8309,15.0000,1.3187,0.2020,5.0496,0.3375,0.5625,0.1000,0.7071,0.0000,4.3761,1.3466,0.4725
3,3,880,882,3,1,1,1.0000,880.976,592.000,925.000,7.9675,14.0000,1.0244,0.9756,4.7126,0.8889,0.0000,0.1111,1.0000,0.0000,5.0488,0.5049,1.0000
6,3,883,886,4,2,2,0.3750,884.985,565.121,969.758,9.0665,14.0000,1.2727,0.2715,4.7108,0.8265,0.0815,0.0920,0.9519,0.0737,4.0382,1.0095,0.6212
4,3,884,885,2,2,2,0.5000,884.260,359.840,1023.420,8.4126,16.0000,1.2800,0.5192,5.3842,0.5916,0.1015,0.3069,0.5000,0.5000,4.7110,1.0095,0.8400
8,3,887,889,3,3,1,0.8889,887.875,522.818,298.000,10.4670,13.0000,1.1818,0.8277,4.3734,0.3375,0.5625,0.1000,0.7071,0.0000,4.0373,1.1775,0.4432
5,3,895,896,2,3,1,0.8333,895.527,406.764,829.000,8.2714,13.0000,1.1818,0.9280,4.3717,0.5854,0.2927,0.1220,0.3162,0.0000,4.7078,1.0088,0.7091
4,3,898,899,2,1,2,1.0000,898.473,457.000,1073.527,9.2466,15.0000,1.0909,0.7082,5.0437,0.0000,0.7500,0.2500,0.0000,0.0000,5.2117,1.1768,0.8000
5,3,899,901,3,2,1,0.8333,899.780,735.525,538.000,8.8715,15.0000,1.2712,0.5698,5.0433,0.5854,0.2927,0.1220,0.9487,0.0000,5.0435,1.5130,0.7288
5,3,903,904,2,1,3,0.8333,903.383,498.000,944.750,9.0210,15.0000,1.2500,0.8423,5.0429,0.5854,0.2927,0.1220,0.3162,0.0000,4.7067,1.1767,0.7000
6,3,907,909,3,1,2,1.0000,908.083,949.000,746.528,9.8813,14.0000,1.1667,0.5343,4.7064,0.5556,0.3333,0.1111,1.0000,0.0000,4.5383,1.3447,0.5833
5,3,910,911,2,2,2,0.6250,910.390,887.644,1241.864,8.8700,15.0000,1.2712,0.5450,5.0425,0.3432,0.2505,0.4063,0.6059,0.3645,4.7063,1.6808,0.7288
5,3,912,914,3,1,2,0.8333,913.217,576.000,958.617,9.0204,14.0000,1.1667,0.6536,4.7064,0.5854,0.2927,0.1220,0.9487,0.0000,5.0425,1.3447,0.6833
6,3,915,916,2,2,4,0.3750,915.209,423.194,896.791,9.1952,14.0000,1.2537,0.8409,4.7065,0.8288,0.0681,0.1031,0.1294,0.6952,3.3617,1.0085,0.6119
10,3,920,922,3,3,3,0.3704,921.000,452.073,1023.193,11.5886,18.0000,1.6514,0.2062,6.0517,0.3686,0.3419,0.2894,0.4442,0.1834,2.6897,1.0086,0.4404
7,3,922,923,2,2,2,0.8750,922.387,466.360,761.453,9.5308,14.0000,1.3067,0.6961,4.7070,0.0000,0.3318,0.6682,0.8165,0.5774,4.0346,1.3449,0.5333
12,5,922,925,4,3,4,0.2500,923.674,479.085,808.837,13.6854,16.0000,1.3617,1.4112,5.3795,0.5923,0.2110,0.1968,0.5313,0.3789,4.5390,2.0173,0.5177
9,3,925,927,3,4,2,0.3750,925.932,204.117,641.903,11.5444,14.0000,1.2233,0.1662,4.7074,0.6564,0.2208,0.1228,0.4785,0.1516,4.0349,1.6812,0.3981
6,4,925,927,3,2,2,0.5000,926.143,609.701,907.364,10.5700,15.0000,1.1688,0.7173,5.0437,0.6381,0.1455,0.2164,0.8019,0.3768,5.0436,1.3450,0.7013
6,3,931,933,3,1,2,1.0000,932.029,669.000,1062.536,9.4734,14.0000,1.2174,0.5370,4.7084,0.5556,0.3333,0.1111,1.0000,0.0000,4.2037,1.6816,0.5942
8,3,932,934,3,2,2,0.6667,933.035,686.471,724.600,10.1069,15.0000,1.4118,0.6186,5.0447,0.5482,0.2094,0.2424,0.8507,0.5257,3.5313,1.5134,0.4824
5,3,938,940,3,2,1,0.8333,939.333,485.386,283.000,8.5746,14.0000,1.2281,0.7703,4.7094,0.5854,0.2927,0.1220,0.9487,0.0000,4.7092,0.6727,0.7018
8,3,939,941,3,2,3,0.4444,940.088,396.505,704.011,10.8226,14.0000,1.2308,0.5132,4.7094,0.4702,0.2602,0.2696,0.9107,0.1045,4.2049,1.0091,0.4396
5,3,940,942,3,2,1,0.8333,940.867,404.683,822.000,9.0263,14.0000,1.1667,0.3436,4.7096,0.5854,0.2927,0.1220,0.9487,0.0000,4.8776,1.3456,0.6833
9,3,941,943,3,1,5,0.6000,941.770,746.000,1037.460,11.2133,18.0000,1.6200,0.5143,6.0552,0.7222,0.2281,0.0497,0.1025,0.0000,3.3640,1.3456,0.4800
6,3,952,954,3,3,2,0.3333,952.870,302.000,658.754,9.4785,17.0000,1.4783,0.2788,5.7202,0.4635,0.2905,0.2460,0.7299,0.1708,4.0379,1.5142,0.6377
3,3,952,954,3,1,1,1.0000,952.975,498.000,1222.000,7.7708,14.0000,1.0500,0.9750,4.7107,0.8889,0.0000,0.1111,1.0000,0.0000,4.7108,1.1777,1.0000
3,3,961,962,2,1,2,0.7500,961.310,844.000,939.667,8.1601,15.0000,1.0714,0.4549,5.0478,0.5333,0.2667,0.2000,0.7071,0.0000,4.3747,0.6730,1.0000
3,3,962,964,3,1,1,1.0000,962.977,287.000,877.000,8.3545,15.0000,1.0465,0.9767,5.0478,0.8889,0.0000,0.1111,1.0000,0.0000,5.0479,1.5143,1.0000
6,3,966,967,2,2,3,0.5000,966.387,426.693,742.133,10.3040,19.0000,1.5200,0.6986,6.3940,0.6381,0.1455,0.2164,0.3327,0.3629,4.5431,1.3461,0.6267
6,3,967,969,3,2,2,0.5000,967.779,466.882,816.544,9.3423,15.0000,1.3235,0.5199,5.0479,0.3810,0.3333,0.2857,0.9487,0.1690,4.2066,1.0096,0.6324
4,3,974,976,3,1,2,0.6667,975.106,537.000,1144.553,7.9082,13.0000,1.1064,0.5633,4.3748,0.7576,0.1294,0.1129,0.8507,0.0000,4.7113,1.1778,0.8298
5,3,987,989,3,1,2,0.8333,987.917,950.000,784.383,9.0285,16.0000,1.3333,0.3923,5.3836,0.5854,0.2927,0.1220,0.9487,0.0000,5.0470,1.3459,0.7000
14,4,988,991,4,4,3,0.2917,989.944,540.392,673.168,12.8590,14.0000,1.3706,1.0357,4.7105,0.3922,0.3734,0.2344,0.7907,0.1289,3.3647,1.5140,0.3846
6,4,992,994,3,2,2,0.5000,992.724,612.487,914.118,10.4388,16.0000,1.2632,0.8802,5.3832,0.3810,0.3333,0.2857,0.9487,0.1690,5.0466,1.3458,0.7632
3,3,997,998,2,2,1,0.7500,997.333,119.667,717.000,7.5749,13.0000,1.0000,0.7454,4.3734,0.5333,0.2667,0.2000,0.7071,0.0000,4.0370,0.5046,1.0000
5,3,1000,1001,2,2,2,0.6250,1000.633,512.633,894.833,9.0263,15.0000,1.2500,0.5447,5.0458,0.3432,0.2505,0.4063,0.6059,0.3645,4.0367,0.6728,0.6833
3,3,1001,1002,2,1,2,0.7500,1001.634,359.000,887.317,7.9626,15.0000,1.0976,0.7090,5.0458,0.5333,0.2667,0.2000,0.7071,0.0000,4.0365,1.3456,1.0000
7,3,1002,1004,3,3,1,0.7778,1003.105,616.663,505.000,10.9337,16.0000,1.3023,0.3531,5.3819,0.4747,0.4312,0.0941,0.8619,0.0000,4.3729,1.6818,0.5116
10,3,1003,1006,4,2,5,0.2500,1004.000,874.914,931.781,11.1685,15.0000,1.4286,0.2352,5.0454,0.7055,0.2220,0.0726,0.5450,0.0962,3.5318,1.0091,0.3905
4,3,1005,1006,2,1,2,1.0000,1005.481,441.000,918.538,8.7451,15.0000,1.1538,0.6947,5.0452,0.0000,0.7500,0.2500,0.0000,0.0000,4.8771,1.6817,0.8077
8,3,1006,1008,3,2,3,0.4444,1007.337,1050.750,570.272,10.9399,14.0000,1.2174,0.4999,4.7087,0.5686,0.1035,0.3278,0.7327,0.1369,3.5315,0.8409,0.4565
6,3,1013,1015,3,2,2,0.5000,1013.676,687.127,839.324,9.7471,14.0000,1.1831,0.4753,4.7078,0.5034,0.2551,0.2415,0.9677,0.2521,4.5397,1.6814,0.5634
4,3,1019,1020,2,1,3,0.6667,1019.807,526.000,977.035,9.5822,18.0000,1.2632,0.1961,6.0519,0.5357,0.3214,0.1429,0.0000,0.0000,5.0432,1.3449,0.8070
5,3,1027,1028,2,2,2,0.6250,1027.390,737.458,827.831,8.8694,14.0000,1.1864,0.8338,4.7060,0.3432,0.2505,0.4063,0.6059,0.3645,4.7061,1.0085,0.6780
4,3,1030,1032,3,1,2,0.6667,1030.980,385.000,832.184,8.2349,14.0000,1.1429,0.9967,4.7057,0.5357,0.3214,0.1429,1.0000,0.0000,4.7056,0.6722,0.8163
6,3,1030,1031,2,2,3,0.5000,1030.526,564.645,815.013,10.4288,16.0000,1.2632,0.6351,5.3780,0.4412,0.1872,0.3716,0.6154,0.7882,4.8737,1.3445,0.6184
5,3,1042,1043,2,2,3,0.4167,1042.433,482.850,1053.033,9.0168,14.0000,1.1667,0.4598,4.7046,0.5461,0.2256,0.2283,0.5716,0.7118,5.0405,1.3442,0.6667
7,3,1048,1050,3,3,2,0.3889,1048.976,310.036,490.762,10.6680,17.0000,1.4167,0.2419,5.7122,0.5479,0.1606,0.2915,0.9003,0.3984,3.6961,0.6720,0.5357
5,3,1049,1050,2,1,3,0.8333,1049.594,566.000,1017.297,9.6172,15.0000,1.1719,0.9203,5.0402,0.5854,0.2927,0.1220,0.3162,0.0000,5.0401,0.6720,0.6719
5,3,1059,1061,3,1,2,0.8333,1059.778,930.000,788.603,9.4666,14.0000,1.1111,0.4548,4.7040,0.5854,0.2927,0.1220,0.9487,0.0000,4.7040,1.3440,0.6349
5,3,1063,1065,3,3,1,0.5556,1064.467,192.450,593.000,9.0160,15.0000,1.2500,0.6978,5.0401,0.6646,0.2585,0.0769,0.7071,0.0000,4.7041,0.8400,0.7000
7,3,1076,1078,3,2,2,0.5833,1076.731,211.615,533.205,9.9068,16.0000,1.4359,0.5123,5.3766,0.5694,0.1270,0.3036,0.8963,0.4170,3.6964,1.3441,0.5513
8,3,1076,1078,3,2,3,0.4444,1076.598,528.207,651.000,10.3362,15.0000,1.3793,1.4175,5.0406,0.4054,0.3243,0.2703,0.6667,0.2357,3.5284,1.8482,0.4943
5,3,1078,1080,3,1,2,0.8333,1078.721,574.000,842.557,9.1673,15.0000,1.2295,0.5231,5.0407,0.5854,0.2927,0.1220,0.9487,0.0000,5.0407,1.3442,0.6885
5,3,1081,1083,3,2,1,0.8333,1082.254,215.407,586.000,8.8669,14.0000,1.1864,0.4797,4.7047,0.5854,0.2927,0.1220,0.9487,0.0000,4.3687,0.3360,0.6949
4,3,1081,1083,3,2,1,0.6667,1082.236,790.836,485.000,9.2414,17.0000,1.2364,0.7810,5.7129,0.7500,0.1500,0.1000,0.9487,0.0000,5.2088,1.6802,0.8364
8,3,1084,1087,4,3,2,0.3333,1085.264,817.529,872.368,10.3369,15.0000,1.3793,1.4190,5.0408,0.1413,0.7048,0.1539,0.6305,0.3202,4.0327,1.6803,0.4713
8,3,1097,1099,3,2,2,0.6667,1097.967,581.522,787.300,10.6935,16.0000,1.4222,1.1773,5.3770,0.5251,0.2126,0.2623,0.9213,0.3434,3.6967,1.0082,0.4889
8,3,1105,1107,3,3,2,0.4444,1106.376,502.247,744.903,11.0492,16.0000,1.3763,0.8471,5.3767,0.3019,0.4872,0.2108,0.4422,0.1525,3.8645,1.0081,0.4946
4,4,1107,1109,3,2,1,0.6667,1108.000,260.491,622.000,8.9049,14.0000,1.0566,0.4906,4.7045,0.7576,0.1294,0.1129,0.8507,0.0000,4.7045,1.1761,1.0000
5,3,1108,1109,2,2,2,0.6250,1108.407,579.610,902.847,8.8664,14.0000,1.1864,0.7260,4.7044,0.3432,0.2505,0.4063,0.6059,0.3645,5.0405,1.6802,0.6780
6,3,1108,1110,3,2,2,0.5000,1108.786,673.457,962.129,9.6028,15.0000,1.2857,0.9181,5.0405,0.3810,0.3333,0.2857,0.9487,0.1690,4.5364,1.3441,0.6143
21,5,1121,1125,5,5,3,0.2800,1123.326,486.568,790.758,17.2997,18.0000,1.6017,0.5929,6.0466,0.7687,0.0791,0.1522,0.6617,0.7485,3.6951,1.6796,0.3475
10,3,1124,1127,4,2,3,0.4167,1125.385,600.844,861.661,11.5781,16.0000,1.4679,0.5367,5.3745,0.4751,0.2828,0.2421,0.9693,0.0992,3.6949,1.5115,0.4037
5,3,1139,1141,3,1,2,0.8333,1140.194,651.000,765.661,9.3088,17.0000,1.3710,0.3901,5.7074,0.5854,0.2927,0.1220,0.9487,0.0000,4.7002,1.6787,0.7097
6,3,1140,1141,2,3,2,0.5000,1140.544,457.353,875.132,9.3200,15.0000,1.3235,0.8025,5.0358,0.6373,0.1269,0.2358,0.4046,0.4063,4.0287,1.0072,0.6029
3,3,1141,1143,3,1,1,1.0000,1142.000,516.000,716.000,7.9466,15.0000,1.0976,0.0000,5.0356,0.8889,0.0000,0.1111,1.0000,0.0000,4.7001,1.8464,1.0000
8,3,1151,1154,4,2,3,0.3333,1152.621,448.611,667.958,11.2704,17.0000,1.4316,0.8719,5.7046,0.6339,0.1190,0.2472,0.9299,0.3677,3.6911,1.5099,0.5895
7,3,1153,1155,3,2,2,0.5833,1153.650,541.337,729.763,10.1457,14.0000,1.2250,0.7699,4.6977,0.3772,0.3083,0.3146,0.9758,0.2185,4.0264,1.8454,0.5125
7,3,1159,1161,3,3,2,0.3889,1160.316,421.823,483.899,10.0158,15.0000,1.3291,0.3766,5.0316,0.3231,0.4135,0.2634,0.8452,0.2797,3.6900,1.0063,0.5316
6,3,1160,1162,3,2,2,0.5000,1160.809,343.544,875.118,9.3117,15.0000,1.3235,0.5082,5.0313,0.3810,0.3333,0.2857,0.9487,0.1690,4.3606,1.6771,0.6176
6,3,1166,1167,2,2,2,0.7500,1166.471,802.662,797.721,9.3091,13.0000,1.1471,0.8588,4.3594,0.2000,0.3333,0.4667,0.0000,0.0000,4.1916,0.6707,0.5735
5,3,1168,1170,3,2,1,0.8333,1169.246,450.596,1107.000,8.5468,14.0000,1.2281,0.6451,4.6940,0.5854,0.2927,0.1220,0.9487,0.0000,4.0233,0.3353,0.7018
4,3,1170,1172,3,2,1,0.6667,1171.083,247.458,588.000,8.0461,13.0000,1.0833,0.4658,4.3583,0.7576,0.1294,0.1129,0.8507,0.0000,4.0229,0.3352,0.8125
4,4,1170,1172,3,1,2,0.6667,1171.000,394.000,972.500,9.0519,14.0000,1.0370,0.5000,4.6936,0.7576,0.1294,0.1129,0.8507,0.0000,4.1908,0.8382,1.0000
7,3,1176,1179,4,3,2,0.2917,1177.338,552.568,925.662,9.3738,14.0000,1.3243,0.9353,4.6919,0.8399,0.0584,0.1017,0.7889,0.0288,3.3517,1.6757,0.5541
8,3,1177,1180,4,2,3,0.3333,1178.386,413.250,645.761,10.4267,14.0000,1.2727,0.5184,4.6919,0.2747,0.5526,0.1726,0.9696,0.1865,3.8539,1.3405,0.4773
4,3,1183,1184,2,2,2,0.5000,1183.260,560.740,1027.180,8.3760,15.0000,1.2000,0.4094,5.0257,0.0000,0.5625,0.4375,0.4459,0.5774,4.0205,1.3403,0.8200
7,3,1188,1191,4,2,2,0.4375,1189.269,596.103,853.436,9.8742,14.0000,1.2564,0.5225,4.6891,0.8235,0.0431,0.1334,0.9337,0.1681,4.0195,0.6699,0.5128
8,3,1189,1191,3,2,3,0.4444,1190.169,493.764,767.146,10.5385,14.0000,1.2584,1.1822,4.6889,0.6765,0.1305,0.1930,0.5286,0.2322,3.1817,1.0047,0.4607
7,3,1193,1196,4,2,2,0.4375,1194.481,465.896,937.273,9.7449,16.0000,1.4545,0.5622,5.3575,0.6673,0.1280,0.2047,0.9953,0.0695,3.3485,1.5066,0.5844
9,3,1194,1197,4,3,2,0.3750,1195.845,807.087,785.165,11.4953,18.0000,1.5728,0.2429,6.0266,0.6875,0.1347,0.1778,0.9478,0.2480,4.0178,1.3393,0.4563
33,5,1196,1201,6,5,5,0.2200,1199.334,799.708,769.183,20.7451,17.0000,1.5758,1.9183,5.6912,0.4849,0.2476,0.2675,0.6943,0.5670,3.6823,1.3391,0.2556
5,3,1205,1206,2,2,2,0.6250,1205.349,392.571,993.190,9.4284,15.0000,1.1905,0.5847,5.0198,0.3432,0.2505,0.4063,0.6059,0.3645,4.6849,1.6732,0.6667
4,3,1207,1209,3,1,2,0.6667,1207.964,925.000,812.236,9.2015,18.0000,1.3091,0.2391,6.0228,0.5357,0.3214,0.1429,1.0000,0.0000,4.6845,1.3383,0.8000
8,3,1209,1211,3,3,2,0.4444,1210.224,628.353,825.094,10.0542,13.0000,1.2235,0.4282,4.3493,0.3104,0.4968,0.1928,0.9398,0.1804,3.8475,1.3381,0.4588
3,3,1214,1216,3,1,1,1.0000,1215.000,529.000,614.000,7.5314,13.0000,1.0000,1.0000,4.3485,0.8889,0.0000,0.1111,1.0000,0.0000,5.0172,2.0069,1.0000
4,3,1215,1216,2,2,1,1.0000,1215.553,511.447,465.000,7.8601,13.0000,1.1064,0.7111,4.3482,0.0000,0.7500,0.2500,1.0000,0.0000,4.6825,1.1706,0.8298
3,3,1217,1218,2,2,1,0.7500,1217.675,113.350,655.000,7.7235,14.0000,1.0500,0.7267,4.6821,0.5333,0.2667,0.2000,0.7071,0.0000,4.6823,1.0033,1.0000
4,3,1218,1219,2,2,2,0.5000,1218.277,314.830,833.553,7.8591,13.0000,1.1064,0.6415,4.3476,0.5916,0.1015,0.3069,0.5000,0.5000,5.0163,2.0066,0.8298
11,3,1221,1224,4,2,3,0.4583,1222.388,803.647,738.836,11.6946,14.0000,1.3276,0.7255,4.6810,0.6297,0.1986,0.1717,0.9288,0.0313,3.0095,1.0030,0.3448
5,3,1232,1234,3,1,2,0.8333,1233.295,551.000,636.590,9.1180,14.0000,1.1475,0.8154,4.6792,0.5854,0.2927,0.1220,0.9487,0.0000,4.6793,1.3369,0.6557
5,3,1235,1237,3,2,1,0.8333,1236.138,458.707,627.000,8.6690,15.0000,1.2931,0.3239,5.0132,0.5854,0.2927,0.1220,0.9487,0.0000,4.6789,1.3368,0.7069
5,3,1241,1242,2,3,1,0.8333,1241.600,260.233,710.000,8.9671,14.0000,1.1667,0.6438,4.6786,0.5854,0.2927,0.1220,0.3162,0.0000,4.0102,0.3342,0.6833
4,3,1258,1260,3,1,2,0.6667,1259.083,438.000,860.542,8.0218,13.0000,1.0833,0.5480,4.3453,0.7576,0.1294,0.1129,0.8507,0.0000,4.3452,0.5014,0.8125
5,4,1269,1271,3,1,3,0.5556,1269.857,371.000,635.063,9.4211,15.0000,1.1905,0.1563,5.0158,0.5532,0.3398,0.1070,0.8281,0.0000,4.6814,1.6719,0.8571
8,4,1273,1276,4,3,2,0.3333,1274.843,398.438,945.910,10.5244,15.0000,1.3483,0.5903,5.0170,0.6907,0.1714,0.1379,0.8806,0.0995,4.1807,1.0035,0.6180
4,3,1284,1285,2,2,1,1.0000,1284.558,567.538,1010.000,8.7004,15.0000,1.1538,0.6393,5.0196,0.0000,0.7500,0.2500,1.0000,0.0000,4.8521,1.0039,0.8077
9,3,1295,1298,4,3,2,0.3750,1296.657,445.061,965.374,11.0490,16.0000,1.4545,0.7579,5.3570,0.6301,0.2489,0.1210,0.8165,0.2642,4.0176,1.3392,0.4343
3,3,1295,1296,2,2,1,0.7500,1295.333,475.333,652.000,7.5386,13.0000,1.0000,0.4714,4.3525,0.5333,0.2667,0.2000,0.7071,0.0000,4.6871,1.3392,1.0000
8,3,1300,1302,3,3,3,0.2963,1301.152,573.783,710.978,10.8924,16.0000,1.3913,0.7976,5.3580,0.5016,0.2511,0.2473,0.0641,0.0580,4.3533,1.6743,0.4783
4,3,1300,1302,3,1,2,0.6667,1301.170,799.000,544.830,7.8695,13.0000,1.1064,1.1825,4.3535,0.7500,0.1500,0.1000,0.9487,0.0000,4.6881,1.1720,0.8298
8,3,1304,1306,3,3,3,0.2963,1305.169,448.795,833.446,9.8281,16.0000,1.5422,0.5188,5.3586,0.3746,0.3286,0.2968,0.0450,0.4811,3.1817,1.3396,0.5060
3,3,1305,1307,3,1,1,1.0000,1306.000,520.000,321.000,7.5413,13.0000,1.0000,1.0000,4.3541,0.8889,0.0000,0.1111,1.0000,0.0000,4.0191,0.6699,1.0000
8,3,1318,1321,4,3,2,0.3333,1319.547,439.081,852.581,10.1857,14.0000,1.3023,0.6932,4.6899,0.8186,0.0623,0.1192,0.7370,0.3280,4.1874,1.5075,0.4651
6,3,1319,1320,2,3,2,0.5000,1319.500,398.265,490.882,9.2997,15.0000,1.3235,0.5778,5.0249,0.6373,0.1269,0.2358,0.4046,0.4063,3.6849,0.6700,0.6029
11,3,1321,1325,5,3,3,0.2444,1323.239,588.947,693.230,11.4136,15.0000,1.4602,0.7969,5.0249,0.8388,0.0545,0.1068,0.8786,0.1953,3.3500,1.1725,0.3628
6,3,1330,1331,2,3,2,0.5000,1330.356,721.671,454.890,9.9830,15.0000,1.2329,0.7677,5.0247,0.5034,0.2551,0.2415,0.1128,0.4328,4.8571,2.0098,0.5753
10,3,1333,1336,4,3,3,0.2778,1334.236,391.453,427.142,11.2276,14.0000,1.3208,0.5298,4.6894,0.5836,0.2548,0.1615,0.8032,0.5878,3.6844,1.3398,0.3774
12,4,1338,1341,4,2,5,0.3000,1339.719,693.570,474.562,12.3747,14.0000,1.3125,1.0088,4.6887,0.5434,0.3256,0.1309,0.6422,0.0331,3.0142,1.6745,0.4219
8,3,1352,1355,4,2,2,0.5000,1353.667,1057.688,698.115,11.3592,17.0000,1.4167,0.4711,5.6893,0.7266,0.1136,0.1597,0.9790,0.0404,4.0162,1.3387,0.4688
6,3,1353,1354,2,3,2,0.5000,1353.537,817.000,1068.343,9.1543,15.0000,1.3433,0.5761,5.0200,0.4412,0.1872,0.3716,0.6154,0.7882,4.1835,2.0080,0.6119
5,4,1356,1358,3,2,1,0.8333,1356.786,338.614,627.000,10.4748,19.0000,1.3571,0.4412,6.3574,0.5854,0.2927,0.1220,0.9487,0.0000,4.0155,1.0039,0.8429
7,3,1357,1359,3,2,2,0.5833,1357.987,417.312,381.712,10.1166,13.0000,1.1375,0.7781,4.3495,0.6517,0.0773,0.2710,0.8881,0.0000,4.3492,0.3346,0.4875
4,3,1358,1360,3,2,1,0.6667,1358.981,603.170,975.000,8.8656,17.0000,1.2830,0.1709,5.6874,0.5357,0.3214,0.1429,1.0000,0.0000,4.8510,1.6728,0.8302
4,3,1365,1367,3,1,2,0.6667,1366.080,512.000,683.540,8.3593,14.0000,1.1200,0.5459,4.6812,0.7576,0.1294,0.1129,0.8507,0.0000,4.1796,1.3375,0.8200
4,3,1370,1371,2,2,1,1.0000,1370.519,421.574,454.000,9.0248,17.0000,1.2593,0.6710,5.6825,0.0000,0.7500,0.2500,1.0000,0.0000,5.0136,1.3370,0.8333
7,3,1372,1375,4,2,2,0.4375,1373.547,869.400,439.747,9.4728,14.0000,1.3067,0.8503,4.6786,0.7764,0.0638,0.1598,0.8790,0.1860,3.6758,1.5038,0.5333
7,3,1374,1377,4,2,2,0.4375,1375.779,827.597,591.896,9.7237,15.0000,1.3636,0.9874,5.0120,0.7976,0.0792,0.1232,0.9682,0.0838,4.3429,1.3364,0.5455
9,3,1377,1380,4,2,3,0.3750,1378.275,716.824,913.538,10.1327,16.0000,1.5824,0.6295,5.3448,0.6051,0.2648,0.1301,0.7864,0.2727,3.0067,1.3362,0.4615
7,3,1382,1384,3,2,2,0.5833,1382.679,612.705,460.256,9.8449,14.0000,1.2564,0.5054,4.6750,0.3772,0.3083,0.3146,0.9758,0.2185,4.0073,1.3357,0.5128
4,3,1382,1384,3,2,1,0.6667,1383.106,618.447,1108.000,7.8473,13.0000,1.1064,0.4593,4.3411,0.7576,0.1294,0.1129,0.8507,0.0000,4.6748,1.0018,0.8298
8,3,1390,1392,3,2,3,0.4444,1390.787,517.292,530.337,10.5026,15.0000,1.3483,1.0693,5.0068,0.1920,0.5155,0.2925,0.7043,0.5868,4.3391,1.8358,0.4831
5,3,1391,1393,3,2,1,0.8333,1391.875,534.562,951.000,9.5526,16.0000,1.2500,0.5762,5.3400,0.5854,0.2927,0.1220,0.9487,0.0000,4.6724,1.0014,0.6719
4,3,1393,1394,2,2,1,1.0000,1393.540,412.440,993.000,8.3433,14.0000,1.1200,0.6966,4.6723,0.0000,0.7500,0.2500,1.0000,0.0000,4.8390,0.6675,0.8200
4,3,1395,1397,3,2,1,0.6667,1396.000,1082.157,533.000,8.5093,17.0000,1.3333,0.1569,5.6729,0.5357,0.3214,0.1429,1.0000,0.0000,4.6718,1.0010,0.8431
6,3,1396,1399,4,2,2,0.3750,1397.567,382.881,529.343,9.1271,14.0000,1.2537,0.5652,4.6715,0.8076,0.0500,0.1424,0.9217,0.3087,4.1709,1.3347,0.5970
5,3,1400,1401,2,2,2,0.6250,1400.778,438.698,555.381,9.4006,17.0000,1.3492,0.5343,5.6722,0.3432,0.2505,0.4063,0.5155,0.8569,4.6712,0.6673,0.6984
5,3,1400,1402,3,2,2,0.4167,1401.482,540.857,752.393,8.3560,14.0000,1.2500,0.8107,4.6711,0.6999,0.1281,0.1720,0.8684,0.1395,5.0048,1.3346,0.7143
7,3,1406,1408,3,2,2,0.5833,1406.699,511.277,614.373,10.4667,15.0000,1.2651,0.5541,5.0046,0.4600,0.2645,0.2756,0.8571,0.1000,4.0037,1.5014,0.5181
4,3,1407,1408,2,2,2,0.5000,1407.673,273.596,548.846,8.6747,17.0000,1.3077,0.7999,5.6719,0.5916,0.1015,0.3069,0.5000,0.5000,5.1715,1.6682,0.8462
5,3,1409,1410,2,2,2,0.6250,1409.617,542.850,984.617,8.9527,15.0000,1.2500,0.5625,5.0047,0.3432,0.2505,0.4063,0.6059,0.3645,4.6710,1.1678,0.6833
9,4,1410,1412,3,3,2,0.5000,1411.105,342.168,469.442,10.5657,14.0000,1.3263,0.4847,4.6712,0.4270,0.1806,0.3924,0.7116,0.2688,3.3365,1.0010,0.5684
4,3,1411,1412,2,2,2,0.5000,1411.500,291.185,510.241,9.0087,17.0000,1.2593,0.5850,5.6721,0.5916,0.1015,0.3069,0.7071,0.7071,4.8381,1.6683,0.8148
8,3,1414,1416,3,4,2,0.3333,1414.821,434.238,974.690,9.9098,13.0000,1.2381,1.4288,4.3379,0.6465,0.1737,0.1798,0.4767,0.1556,3.3368,0.3338,0.4643
5,3,1421,1423,3,2,1,0.8333,1422.186,161.644,921.000,8.8065,15.0000,1.2712,0.4018,5.0064,0.5854,0.2927,0.1220,0.9487,0.0000,4.6726,1.3350,0.6949
5,3,1421,1422,2,2,2,0.6250,1421.433,1036.400,574.833,8.9555,13.0000,1.0833,0.6128,4.3389,0.3432,0.2505,0.4063,0.6059,0.3645,4.0050,1.1681,0.6500
4,3,1425,1427,3,1,2,0.6667,1426.204,884.000,756.204,8.1786,13.0000,1.0612,1.2213,4.3399,0.7500,0.1500,0.1000,0.9487,0.0000,5.0072,1.6691,0.7959
4,3,1436,1438,3,1,2,0.6667,1437.157,657.000,179.843,8.5172,17.0000,1.3333,0.2218,5.6781,0.7500,0.1500,0.1000,0.9487,0.0000,5.0101,1.3361,0.8431
3,3,1437,1438,2,2,1,0.7500,1437.325,588.325,828.000,7.7137,14.0000,1.0500,0.4596,4.6761,0.5333,0.2667,0.2000,0.7071,0.0000,4.0083,0.8350,1.0000
7,3,1441,1443,3,3,2,0.3889,1442.000,470.494,580.727,9.7233,14.0000,1.2727,0.5753,4.6773,0.4001,0.1348,0.4651,0.0000,0.0000,3.6752,1.1693,0.5195
5,3,1441,1443,3,2,1,0.8333,1442.254,794.475,470.000,8.8154,14.0000,1.1864,0.5384,4.6776,0.5854,0.2927,0.1220,0.9487,0.0000,4.3433,1.0023,0.7119
4,3,1442,1443,2,1,2,1.0000,1442.438,742.000,476.438,8.0185,14.0000,1.1667,0.6187,4.6773,0.0000,0.7500,0.2500,0.0000,0.0000,4.6775,1.6705,0.8333
5,3,1451,1453,3,2,1,0.8333,1452.333,215.404,434.000,8.5209,14.0000,1.2281,0.8946,4.6799,0.5854,0.2927,0.1220,0.9487,0.0000,4.6797,0.6685,0.7018
7,3,1455,1457,3,2,2,0.5833,1456.000,466.671,659.195,10.3617,17.0000,1.4512,0.3827,5.6835,0.6517,0.0773,0.2710,0.8881,0.0000,4.3463,1.3373,0.5488
5,3,1463,1465,3,2,1,0.8333,1463.873,433.302,535.000,9.4223,17.0000,1.3492,0.3272,5.6853,0.5854,0.2927,0.1220,0.9487,0.0000,4.6818,1.6722,0.6984
11,3,1468,1470,3,5,2,0.3667,1469.062,650.832,505.850,11.3961,15.0000,1.4602,1.2628,5.0174,0.6475,0.1782,0.1742,0.0000,0.0000,3.6792,1.3379,0.3717
6,3,1481,1483,3,3,2,0.3333,1481.894,433.636,639.455,9.0149,15.0000,1.3636,1.0668,5.0186,0.4795,0.2713,0.2493,0.0000,0.0000,3.8476,0.5019,0.6364
6,3,1484,1485,2,1,3,1.0000,1484.583,508.000,635.986,9.8348,17.0000,1.4167,0.4169,5.6880,0.5556,0.3333,0.1111,0.0000,0.0000,4.5169,1.0038,0.6111
4,3,1484,1485,2,2,1,1.0000,1484.471,752.510,448.000,8.5319,14.0000,1.0980,0.6938,4.6842,0.0000,0.7500,0.2500,1.0000,0.0000,4.0150,0.5019,0.7843
5,3,1487,1489,3,2,1,0.8333,1487.742,426.435,1008.000,9.2774,14.0000,1.1290,0.5062,4.6843,0.5854,0.2927,0.1220,0.9487,0.0000,4.6843,1.5057,0.6613
7,3,1493,1495,3,3,2,0.3889,1493.974,371.714,534.896,9.7377,14.0000,1.2727,1.0204,4.6843,0.6023,0.2183,0.1794,0.7436,0.2188,4.3497,1.1711,0.5325
5,3,1505,1507,3,1,2,0.8333,1505.841,552.000,627.397,9.4252,14.0000,1.1111,0.6237,4.6834,0.5854,0.2927,0.1220,0.9487,0.0000,4.0142,0.6691,0.6349
4,3,1514,1516,3,2,1,0.6667,1514.796,473.204,327.000,9.0298,17.0000,1.2593,0.2881,5.6854,0.7500,0.1500,0.1000,0.9487,0.0000,4.6820,0.8361,0.7963
12,4,1516,1520,5,3,3,0.2667,1517.817,447.246,866.841,12.1630,15.0000,1.4286,1.4114,5.0157,0.8158,0.0722,0.1120,0.9322,0.3597,3.3442,1.6719,0.4365
5,3,1516,1518,3,2,1,0.8333,1516.902,604.393,341.000,9.1227,16.0000,1.3115,0.4056,5.3505,0.5854,0.2927,0.1220,0.9487,0.0000,4.0127,0.6688,0.6885
8,3,1516,1519,4,2,3,0.3333,1517.437,950.218,567.046,10.2859,15.0000,1.3793,0.4905,5.0161,0.4791,0.2744,0.2465,0.9558,0.1532,3.8457,0.6688,0.4713
5,3,1521,1522,2,2,2,0.6250,1521.150,765.400,838.550,8.9715,14.0000,1.1667,0.6205,4.6809,0.3432,0.2505,0.4063,0.5155,0.8569,4.0122,1.0031,0.6833
13,3,1523,1527,5,3,3,0.2889,1525.045,593.158,730.135,12.3311,16.0000,1.5639,1.0656,5.3489,0.6938,0.1057,0.2005,0.9925,0.1219,3.3430,1.3372,0.3233
5,3,1525,1527,3,2,2,0.4167,1525.895,711.614,568.140,8.5211,14.0000,1.2281,0.9845,4.6801,0.5461,0.2256,0.2283,0.8117,0.4177,5.0141,1.6714,0.7193
7,3,1525,1527,3,2,2,0.5833,1525.819,786.108,435.410,10.4867,16.0000,1.3494,0.9224,5.3487,0.5916,0.2044,0.2040,0.9664,0.1591,3.6772,1.3371,0.5301
5,3,1526,1528,3,1,2,0.8333,1526.836,561.000,565.639,9.1187,15.0000,1.2295,0.3962,5.0139,0.5854,0.2927,0.1220,0.9487,0.0000,4.0113,1.0028,0.6885
5,3,1529,1530,2,2,3,0.4167,1529.450,402.233,507.983,8.9681,14.0000,1.1667,0.5072,4.6792,0.1521,0.5234,0.3245,0.0000,0.5847,4.6790,1.6711,0.6833
5,3,1530,1532,3,1,2,0.8333,1530.783,413.000,378.533,8.9675,15.0000,1.2500,0.9477,5.0132,0.5854,0.2927,0.1220,0.9487,0.0000,4.0104,0.6684,0.7000
5,3,1533,1534,2,3,1,0.8333,1533.448,376.741,615.000,8.6674,14.0000,1.2069,0.5175,4.6783,0.5854,0.2927,0.1220,0.3162,0.0000,4.6781,1.3366,0.6897
10,3,1533,1536,4,2,2,0.6250,1534.110,953.495,999.826,11.5176,15.0000,1.3761,0.5366,5.0122,0.7762,0.0915,0.1323,0.9820,0.1891,3.6756,1.6706,0.3945
6,3,1540,1541,2,2,2,0.7500,1540.574,588.235,491.676,9.2732,17.0000,1.5000,0.5847,5.6785,0.2000,0.3333,0.4667,0.0000,0.0000,3.8416,1.3362,0.6471
5,3,1541,1543,3,1,2,0.8333,1542.258,513.000,583.371,9.2612,17.0000,1.3710,0.4519,5.6783,0.5854,0.2927,0.1220,0.9487,0.0000,4.6763,1.3361,0.7097
7,3,1548,1550,3,2,4,0.2917,1549.000,560.663,432.814,10.8537,17.0000,1.3837,0.3851,5.6764,0.6059,0.1701,0.2240,0.0000,0.0000,3.3391,1.0017,0.5349
4,3,1550,1551,2,1,2,1.0000,1550.458,626.000,122.438,8.0133,14.0000,1.1667,0.6963,4.6743,0.0000,0.7500,0.2500,0.0000,0.0000,4.0067,0.6678,0.8333
4,3,1553,1554,2,2,2,0.5000,1553.442,432.827,414.308,8.6799,16.0000,1.2308,0.8396,5.3416,0.5916,0.1015,0.3069,0.7071,0.7071,4.8407,1.0015,0.8269
7,3,1565,1567,3,2,3,0.3889,1566.297,378.230,376.649,9.3329,13.0000,1.2297,1.4685,4.3381,0.6470,0.1845,0.1685,0.6592,0.0573,3.6705,1.3347,0.5270
6,3,1566,1568,3,3,1,0.6667,1566.648,265.831,674.000,9.6719,16.0000,1.3521,0.3906,5.3388,0.2083,0.6667,0.1250,0.8944,0.0000,4.3379,1.0010,0.6056
6,3,1576,1578,3,2,1,1.0000,1576.912,800.500,387.000,9.2608,13.0000,1.1471,1.0399,4.3368,0.5556,0.3333,0.1111,1.0000,0.0000,4.3367,1.0008,0.5735
7,4,1577,1579,3,2,2,0.5833,1578.094,893.482,365.906,10.7171,17.0000,1.4000,0.5004,5.6710,0.5916,0.2044,0.2040,0.9664,0.1591,4.6703,0.6671,0.6824
4,3,1580,1582,3,2,1,0.6667,1580.917,663.271,350.000,8.0057,13.0000,1.0833,0.9558,4.3365,0.5357,0.3214,0.1429,1.0000,0.0000,5.0036,2.0014,0.8125
9,3,1586,1588,3,2,3,0.5000,1586.856,886.186,590.299,10.7849,15.0000,1.3918,0.9252,5.0033,0.5808,0.2190,0.2002,0.6040,0.2098,3.6691,1.0007,0.4536
6,3,1587,1589,3,2,2,0.5000,1588.415,372.338,489.877,8.8512,14.0000,1.2923,0.6866,4.6697,0.5034,0.2551,0.2415,0.9677,0.2521,4.3362,1.5010,0.6154
4,3,1587,1588,2,2,1,1.0000,1587.536,383.500,734.000,9.3395,16.0000,1.1429,0.6823,5.3368,0.0000,0.7500,0.2500,1.0000,0.0000,5.0033,2.3349,0.7857
4,3,1593,1595,3,1,2,0.6667,1594.000,572.000,264.833,8.0055,14.0000,1.1667,0.1667,4.6699,0.5357,0.3214,0.1429,1.0000,0.0000,5.0034,1.1675,0.8333
4,3,1598,1600,3,2,1,0.6667,1598.837,993.837,709.000,8.1729,15.0000,1.2245,0.2309,5.0038,0.7500,0.1500,0.1000,0.9487,0.0000,4.6702,1.3343,0.8367
7,3,1599,1601,3,3,1,0.7778,1600.221,376.000,601.000,9.7087,15.0000,1.3636,1.2208,5.0040,0.1247,0.7481,0.1273,0.0000,0.0000,2.6688,0.6672,0.5584
6,3,1602,1604,3,2,2,0.5000,1603.357,528.114,535.557,9.5341,16.0000,1.3714,0.7890,5.3381,0.6373,0.1269,0.2358,0.8795,0.0724,4.1703,1.5013,0.6429
4,3,1603,1604,2,2,2,0.5000,1603.490,765.235,347.745,8.5074,13.0000,1.0196,0.9224,4.3372,0.5916,0.1015,0.3069,0.7071,0.7071,4.6707,1.3345,0.7647
7,3,1609,1611,3,2,2,0.5833,1610.132,459.421,590.118,9.5857,13.0000,1.1974,0.4568,4.3383,0.5916,0.2044,0.2040,0.9664,0.1591,4.0043,1.5017,0.5132
6,3,1610,1612,3,2,1,1.0000,1610.986,468.527,725.000,10.0816,13.0000,1.0541,1.0940,4.3385,0.5556,0.3333,0.1111,1.0000,0.0000,4.5050,1.0012,0.5270
10,4,1611,1614,4,2,2,0.6250,1612.764,548.318,751.491,11.6092,14.0000,1.2727,0.9620,4.6724,0.7157,0.0590,0.2252,0.9625,0.2704,3.6712,1.3350,0.5000
5,3,1612,1614,3,2,2,0.4167,1613.089,549.286,699.768,8.3583,14.0000,1.2500,0.3788,4.6724,0.5461,0.2256,0.2283,0.8117,0.4177,4.6724,1.3350,0.7143
5,3,1628,1630,3,2,2,0.4167,1629.016,515.381,521.603,9.4109,16.0000,1.2698,0.7136,5.3444,0.7383,0.0485,0.2132,0.7071,0.0000,5.0104,1.0022,0.6984
7,4,1637,1639,3,2,2,0.5833,1637.864,562.111,459.370,10.2309,15.0000,1.2963,0.4098,5.0127,0.5916,0.2044,0.2040,0.9664,0.1591,5.0127,1.0025,0.6790
5,3,1638,1639,2,2,3,0.4167,1638.459,830.148,413.934,9.1167,16.0000,1.3115,0.4866,5.3469,0.7729,0.0435,0.1836,0.4781,0.7852,4.6788,1.6709,0.7213
7,4,1639,1641,3,2,2,0.5833,1640.169,626.470,828.096,10.4847,14.0000,1.1807,0.5646,4.6792,0.5916,0.2044,0.2040,0.9664,0.1591,4.0106,1.0026,0.6506
8,3,1642,1645,4,3,2,0.3333,1643.596,716.553,469.245,11.1091,16.0000,1.3617,0.6503,5.3484,0.8627,0.0176,0.1197,0.8558,0.4082,4.0111,1.3370,0.4468
3,3,1652,1653,2,1,2,0.7500,1652.325,766.000,340.675,7.7220,14.0000,1.0500,0.4596,4.6812,0.5333,0.2667,0.2000,0.7071,0.0000,4.0126,0.3344,1.0000
4,3,1655,1656,2,1,2,1.0000,1655.472,1045.000,454.547,8.8617,15.0000,1.1321,0.6539,5.0160,0.0000,0.7500,0.2500,0.0000,0.0000,4.1801,1.0032,0.7925
5,3,1657,1659,3,2,2,0.4167,1658.000,292.842,286.702,8.5248,14.0000,1.2281,0.3375,4.6819,0.1521,0.5234,0.3245,1.0000,0.0000,4.0130,0.6688,0.7018
5,3,1660,1661,2,3,1,0.8333,1660.450,638.750,608.000,8.9739,14.0000,1.1667,0.5148,4.6822,0.5854,0.2927,0.1220,0.3162,0.0000,4.6822,1.3377,0.6833
4,3,1660,1661,2,2,1,1.0000,1660.520,647.520,802.000,8.3609,13.0000,1.0400,0.7077,4.3477,0.0000,0.7500,0.2500,1.0000,0.0000,4.6821,1.6722,0.7800
5,3,1663,1665,3,2,2,0.4167,1664.062,693.625,518.172,9.5726,15.0000,1.1719,0.4172,5.0168,0.5461,0.2256,0.2283,0.8117,0.4177,5.0168,1.6723,0.6719
8,3,1669,1671,3,2,3,0.4444,1670.136,502.091,413.045,10.4063,16.0000,1.4545,0.1701,5.3515,0.5543,0.2671,0.1786,0.7832,0.2710,3.6792,1.3379,0.4773
4,3,1670,1671,2,1,2,1.0000,1670.540,871.000,634.460,8.3618,14.0000,1.1200,0.6505,4.6826,0.0000,0.7500,0.2500,0.0000,0.0000,4.0136,0.3345,0.8000
3,3,1671,1673,3,1,1,1.0000,1672.000,605.000,376.000,7.7243,14.0000,1.0500,0.0000,4.6826,0.8889,0.0000,0.1111,1.0000,0.0000,4.6826,1.3379,1.0000
6,3,1671,1673,3,2,2,0.5000,1672.420,874.652,408.304,9.4218,14.0000,1.2174,0.9241,4.6826,0.6075,0.1449,0.2475,0.8795,0.4086,4.3481,1.3379,0.5797
9,3,1672,1674,3,2,3,0.5000,1673.235,822.796,478.133,10.9261,14.0000,1.2857,0.3381,4.6826,0.5027,0.1913,0.3060,0.8742,0.0793,4.3481,1.6724,0.4184
10,3,1676,1678,3,3,2,0.5556,1677.444,1066.176,426.370,11.4230,14.0000,1.2963,0.6905,4.6826,0.4186,0.1313,0.4501,0.6368,0.1363,4.1809,1.6724,0.3796
8,3,1679,1682,4,2,3,0.3333,1680.452,454.892,525.161,10.9974,14.0000,1.2043,0.4915,4.6825,0.7196,0.1374,0.1430,0.7620,0.2434,4.0136,1.3379,0.4409
6,3,1679,1681,3,1,3,0.6667,1679.634,869.000,396.761,9.6948,15.0000,1.2676,0.6775,5.0170,0.2083,0.6667,0.1250,0.8944,0.0000,4.8498,1.6723,0.5915
4,4,1682,1683,2,1,2,1.0000,1682.509,758.000,314.491,8.8632,14.0000,1.0566,0.6938,4.6824,0.0000,0.7500,0.2500,0.0000,0.0000,4.6825,0.6689,1.0000
5,3,1683,1684,2,2,2,0.6250,1683.369,670.138,326.538,9.7224,17.0000,1.3077,0.6674,5.6858,0.3432,0.2505,0.4063,0.6059,0.3645,4.6824,0.8362,0.6923
5,3,1697,1699,3,1,2,0.8333,1698.100,867.000,300.383,8.9730,14.0000,1.1667,0.3962,4.6816,0.5854,0.2927,0.1220,0.9487,0.0000,4.6817,1.5048,0.6833
5,3,1701,1703,3,1,2,0.8333,1702.220,1096.000,402.458,8.8229,15.0000,1.2712,0.5079,5.0158,0.5854,0.2927,0.1220,0.9487,0.0000,4.6814,1.0032,0.7119
6,3,1703,1705,3,2,2,0.5000,1703.836,950.881,128.672,9.1460,13.0000,1.1642,0.9059,4.3469,0.5230,0.1584,0.3185,0.9225,0.0898,4.3468,0.3344,0.5821
17,6,1704,1707,4,4,4,0.2656,1705.826,703.168,132.200,15.4081,19.0000,1.7000,0.8358,6.3529,0.4194,0.3884,0.1922,0.6182,0.5384,3.6779,0.6687,0.4842
3,3,1705,1707,3,1,1,1.0000,1705.976,480.000,485.000,8.1079,15.0000,1.0714,0.0238,5.0154,0.8889,0.0000,0.1111,1.0000,0.0000,5.3499,2.0061,1.0000
4,3,1705,1707,3,2,1,0.6667,1706.396,585.708,307.000,8.0247,14.0000,1.1667,0.9310,4.6810,0.7500,0.1500,0.1000,0.9487,0.0000,4.6810,0.6687,0.8333
6,3,1706,1709,4,2,2,0.3750,1707.542,915.125,719.875,9.8280,17.0000,1.4167,0.4912,5.6840,0.7449,0.0647,0.1904,0.9950,0.0995,3.5107,1.0031,0.6250
3,3,1708,1709,2,1,2,0.7500,1708.619,960.000,399.310,8.1075,16.0000,1.1429,0.6921,5.3496,0.5333,0.2667,0.2000,0.7071,0.0000,4.3465,0.6687,1.0000
4,3,1714,1717,4,1,1,1.0000,1715.612,877.000,718.000,8.1907,14.0000,1.1429,0.6122,4.6804,0.9375,0.0000,0.0625,1.0000,0.0000,4.6803,1.0030,0.8163
5,3,1715,1716,2,1,3,0.8333,1715.567,1066.000,426.850,8.9706,14.0000,1.1667,0.4586,4.6804,0.5854,0.2927,0.1220,0.3162,0.0000,4.6804,1.3372,0.6667
6,3,1716,1718,3,2,2,0.5000,1717.206,480.441,451.250,9.2807,15.0000,1.3235,0.9422,5.0145,0.4246,0.3485,0.2269,0.7895,0.0722,4.1789,1.0029,0.6029
82,51,1719,1725,7,11,6,0.1775,1721.613,510.489,1109.078,62.5358,77.0000,3.7273,0.6285,25.7401,0.5604,0.1962,0.2434,0.2277,0.5291,4.6801,1.6714,0.8247
3,3,1719,1721,3,1,1,1.0000,1720.000,970.000,554.000,7.5272,13.0000,1.0000,1.0000,4.3459,0.8889,0.0000,0.1111,1.0000,0.0000,4.6801,0.6686,1.0000
6,3,1722,1724,3,2,2,0.5000,1723.134,530.343,235.657,9.1435,14.0000,1.2537,0.7531,4.6800,0.6381,0.1455,0.2164,0.8019,0.3768,4.1785,1.3371,0.5970
4,3,1725,1726,2,2,2,0.5000,1725.569,800.275,459.824,8.5241,15.0000,1.1765,0.5409,5.0141,0.5916,0.1015,0.3069,0.7071,0.7071,4.1785,0.6686,0.8235
7,3,1726,1728,3,3,2,0.3889,1726.707,814.733,494.120,9.4758,14.0000,1.3067,0.7989,4.6798,0.2661,0.4704,0.2635,0.7252,0.2401,3.6770,1.6714,0.5333
6,3,1727,1729,3,2,2,0.5000,1727.886,777.314,311.800,9.5526,16.0000,1.3714,0.3897,5.3484,0.5230,0.1584,0.3185,0.9225,0.0898,4.5127,2.0056,0.6286
5,3,1738,1739,2,2,2,0.6250,1738.534,369.621,600.155,8.6708,14.0000,1.2069,0.8337,4.6800,0.3432,0.2505,0.4063,0.6059,0.3645,4.6799,1.6714,0.7069
11,3,1740,1743,4,3,2,0.4583,1741.425,925.969,486.756,12.8009,18.0000,1.5591,0.4913,6.0173,0.4324,0.2661,0.3015,0.7477,0.0325,4.0115,1.6715,0.3780
6,3,1743,1745,3,1,2,1.0000,1744.101,928.000,279.478,9.4174,13.0000,1.1304,0.4889,4.3462,0.5556,0.3333,0.1111,1.0000,0.0000,4.5133,0.6686,0.5652
9,3,1745,1747,3,3,2,0.5000,1746.206,649.660,512.485,10.8101,16.0000,1.4845,0.6511,5.3493,0.5767,0.0922,0.3312,0.7834,0.0985,3.6775,1.3373,0.4330
6,3,1745,1747,3,3,2,0.3333,1745.817,954.014,464.155,9.6907,15.0000,1.2676,0.8316,5.0148,0.3122,0.4039,0.2838,0.9403,0.3404,4.3463,1.8388,0.5775
12,3,1762,1765,4,2,3,0.5000,1763.512,1058.600,720.544,12.0735,14.0000,1.3440,0.7785,4.6844,0.5629,0.1815,0.2556,0.9421,0.1867,3.6805,1.3384,0.3200
9,3,1763,1765,3,2,3,0.5000,1763.743,411.713,808.287,11.2647,15.0000,1.3366,0.4808,5.0190,0.2442,0.2218,0.5340,0.6916,0.1474,4.0150,1.0039,0.4257
5,3,1766,1767,2,1,3,0.8333,1766.386,603.000,426.053,8.5307,14.0000,1.2281,0.3895,4.6853,0.5854,0.2927,0.1220,0.3162,0.0000,4.6850,1.3386,0.7193
5,4,1770,1772,3,2,1,0.8333,1770.705,671.574,811.000,9.1320,14.0000,1.1475,0.5184,4.6866,0.5854,0.2927,0.1220,0.9487,0.0000,4.0168,0.6696,0.8689
6,3,1771,1773,3,1,2,1.0000,1772.026,419.000,314.377,10.5239,20.0000,1.5584,0.3775,6.6956,0.5556,0.3333,0.1111,1.0000,0.0000,3.6825,1.3389,0.6234
3,3,1772,1774,3,1,1,1.0000,1773.000,536.000,276.000,7.7320,14.0000,1.0500,0.0000,4.6873,0.8889,0.0000,0.1111,1.0000,0.0000,4.6875,1.0044,1.0000
5,3,1778,1780,3,1,2,0.8333,1779.220,629.000,450.475,8.8380,15.0000,1.2712,0.5698,5.0243,0.5854,0.2927,0.1220,0.9487,0.0000,4.6893,1.3399,0.6949
4,4,1782,1783,2,2,1,1.0000,1782.509,826.526,412.000,9.5486,15.0000,1.0526,0.6951,5.0258,0.0000,0.7500,0.2500,1.0000,0.0000,5.1931,2.0101,1.0000
6,3,1783,1785,3,2,2,0.5000,1783.794,824.873,313.540,8.6179,13.0000,1.2381,0.9262,4.3560,0.3810,0.3333,0.2857,0.9487,0.1690,3.1832,0.6701,0.6190
5,3,1785,1786,2,2,2,0.6250,1785.508,769.410,244.131,9.1419,15.0000,1.2295,0.6659,5.0265,0.3432,0.2505,0.4063,0.6059,0.3645,5.0268,1.6756,0.7049
4,3,1786,1787,2,1,2,1.0000,1786.469,399.000,541.449,8.2108,14.0000,1.1429,0.6951,4.6921,0.0000,0.7500,0.2500,0.0000,0.0000,4.6918,1.6756,0.8163
13,3,1791,1793,3,4,4,0.2708,1791.597,640.754,184.567,12.4598,17.0000,1.6493,0.6406,5.6996,0.5748,0.1513,0.2739,0.3341,0.6250,3.3527,1.5086,0.3284
6,3,1801,1803,3,1,2,1.0000,1801.934,993.000,207.539,10.4090,15.0000,1.1842,0.4652,5.0323,0.5556,0.3333,0.1111,1.0000,0.0000,3.8581,0.6710,0.5526
8,3,1803,1805,3,4,2,0.3333,1804.165,795.659,573.212,10.0833,15.0000,1.4118,0.4340,5.0329,0.5299,0.2568,0.2133,0.1772,0.0152,3.5231,1.3421,0.4941
8,4,1804,1806,3,3,2,0.4444,1805.090,806.000,423.404,10.5584,15.0000,1.3483,0.6023,5.0332,0.5651,0.0457,0.3892,0.9498,0.3090,4.0266,1.3423,0.6180
6,3,1805,1807,3,2,2,0.5000,1805.731,758.328,832.134,9.1784,15.0000,1.3433,0.4450,5.0334,0.5230,0.1584,0.3185,0.9225,0.0898,4.0266,0.6712,0.6119
5,4,1809,1811,3,2,2,0.4167,1809.954,1063.215,525.354,9.7565,15.0000,1.1538,0.4168,5.0345,0.5461,0.2256,0.2283,0.8117,0.4177,5.0345,1.3427,0.8462
15,3,1811,1814,4,4,2,0.4688,1812.986,742.601,822.162,12.8277,15.0000,1.5203,0.6230,5.0353,0.3110,0.4969,0.1922,0.6696,0.1559,3.3566,1.0070,0.2905
5,3,1820,1821,2,1,3,0.8333,1820.594,1039.000,284.859,9.6114,14.0000,1.0937,0.6102,4.7014,0.5854,0.2927,0.1220,0.3162,0.0000,4.7014,1.3433,0.6406
10,3,1825,1827,3,3,3,0.3704,1826.009,595.336,507.673,11.3654,19.0000,1.7757,0.9451,6.3820,0.6580,0.1384,0.2036,0.2668,0.2639,2.6873,1.0077,0.4206
5,3,1829,1831,3,1,2,0.8333,1830.138,430.000,329.724,8.7142,14.0000,1.2069,1.1709,4.7036,0.5854,0.2927,0.1220,0.9487,0.0000,5.0391,0.6719,0.7241
9,3,1832,1834,3,3,3,0.3333,1832.615,898.817,699.385,11.6479,19.0000,1.6442,0.7483,6.3838,0.4609,0.2164,0.3227,0.4641,0.1916,3.6961,1.6801,0.4712
6,3,1836,1838,3,1,3,0.6667,1837.188,580.000,341.609,9.4669,15.0000,1.3043,0.6372,5.0411,0.2083,0.6667,0.1250,0.4472,0.0000,4.2010,0.6722,0.5942
3,3,1836,1838,3,1,1,1.0000,1836.976,1120.000,264.000,7.9553,14.0000,1.0244,0.9756,4.7050,0.8889,0.0000,0.1111,1.0000,0.0000,5.3768,0.6721,1.0000
7,3,1838,1839,2,2,3,0.5833,1838.703,899.311,404.568,9.4006,14.0000,1.3243,0.9410,4.7055,0.3772,0.3083,0.3146,0.1545,0.6900,3.3611,1.1764,0.5405
4,3,1846,1848,3,1,2,0.6667,1847.102,1236.000,558.551,8.2385,14.0000,1.1429,1.0039,4.7080,0.7576,0.1294,0.1129,0.8507,0.0000,4.7077,0.8407,0.8163
3,3,1849,1851,3,1,1,1.0000,1850.000,1173.000,768.000,8.3497,15.0000,1.0465,0.0000,5.0449,0.8889,0.0000,0.1111,1.0000,0.0000,5.0452,0.8409,1.0000
6,3,1853,1855,3,1,3,0.6667,1853.806,886.000,298.903,9.8886,16.0000,1.3333,0.2174,5.3827,0.4000,0.4800,0.1200,0.7071,0.0000,4.7095,1.6820,0.5833
4,3,1853,1854,2,3,1,0.6667,1853.723,950.617,785.000,7.9058,13.0000,1.1064,0.9508,4.3735,0.7500,0.1500,0.1000,0.3162,0.0000,4.0369,1.0092,0.8298
8,3,1853,1855,3,2,2,0.6667,1854.300,993.589,579.411,10.7051,15.0000,1.3333,0.7783,5.0463,0.4396,0.1507,0.4097,0.8641,0.2943,4.2053,1.0093,0.4667
7,3,1856,1859,4,2,2,0.4375,1857.615,936.885,497.718,9.9208,17.0000,1.5256,0.4907,5.7209,0.6673,0.1280,0.2047,0.9953,0.0695,3.3652,1.0096,0.5769
9,3,1862,1864,3,2,3,0.5000,1863.229,373.533,540.314,11.7833,16.0000,1.3714,1.1327,5.3870,0.4640,0.3602,0.1758,0.6330,0.2850,4.0403,1.5151,0.4190
5,4,1863,1865,3,2,2,0.4167,1863.619,1082.143,761.365,9.4857,14.0000,1.1111,0.7327,4.7132,0.6999,0.1281,0.1720,0.8684,0.1395,4.7140,1.6834,0.8571
4,3,1873,1874,2,1,3,0.6667,1873.549,582.000,476.882,8.5932,15.0000,1.1765,0.9909,5.0550,0.7576,0.1294,0.1129,0.5257,0.0000,4.8863,1.6848,0.8235
6,3,1882,1884,3,2,2,0.5000,1883.169,732.123,289.662,8.9514,14.0000,1.2923,0.9055,4.7230,0.7074,0.0897,0.2030,0.9140,0.2540,3.3734,1.6866,0.6154
5,3,1883,1884,2,3,2,0.4167,1883.517,1008.583,404.767,9.0518,15.0000,1.2500,0.7036,5.0598,0.6999,0.1281,0.1720,0.4304,0.6887,5.0598,0.3374,0.7167
5,3,1885,1886,2,3,2,0.4167,1885.780,877.949,755.458,8.9032,14.0000,1.1864,0.5876,4.7241,0.1521,0.5234,0.3245,0.0000,0.8112,4.7236,1.6870,0.6780
7,3,1887,1889,3,2,2,0.5833,1887.701,799.299,340.351,9.8224,14.0000,1.2727,0.5490,4.7252,0.4600,0.2645,0.2756,0.8571,0.1000,4.0501,1.3499,0.5195
3,3,1896,1897,2,2,1,0.7500,1896.341,752.683,551.000,7.9976,14.0000,1.0244,0.4660,4.7305,0.5333,0.2667,0.2000,0.7071,0.0000,5.4056,1.8582,1.0000
7,3,1897,1899,3,2,3,0.3889,1897.550,988.888,623.688,10.2176,15.0000,1.3125,0.6425,5.0684,0.6188,0.1635,0.2176,0.7316,0.2162,3.7173,1.5206,0.5125
10,3,1909,1911,3,2,3,0.5556,1910.400,334.536,862.873,11.7752,16.0000,1.4545,0.7689,5.4167,0.1247,0.5395,0.3358,0.1207,0.3549,4.0620,1.6926,0.3818
4,3,1910,1911,2,1,2,1.0000,1910.527,499.000,454.582,9.3093,16.0000,1.1636,0.6730,5.4167,0.0000,0.7500,0.2500,0.0000,0.0000,5.2470,1.0155,0.8182
5,3,1910,1912,3,2,2,0.4167,1911.097,608.806,327.210,9.3870,15.0000,1.2097,0.3013,5.0781,0.6489,0.0995,0.2515,0.9362,0.2726,4.7397,1.8622,0.6774
4,3,1910,1912,3,1,2,0.6667,1911.208,677.000,237.792,8.9716,16.0000,1.2075,0.2935,5.4167,0.7500,0.1500,0.1000,0.9487,0.0000,4.7396,1.6926,0.7925
4,3,1915,1916,2,2,2,0.5000,1915.538,1026.288,351.173,8.8079,15.0000,1.1538,0.6349,5.0818,0.5916,0.1015,0.3069,0.7071,0.7071,5.4202,2.0323,0.8269
3,3,1926,1927,2,1,2,0.7500,1926.675,882.000,723.675,7.8363,14.0000,1.0500,0.4596,4.7507,0.5333,0.2667,0.2000,0.7071,0.0000,4.7507,1.6961,1.0000
4,3,1950,1951,2,1,3,0.6667,1950.271,621.000,171.896,8.1684,14.0000,1.1667,0.2902,4.7647,0.5357,0.3214,0.1429,0.0000,0.0000,5.1053,1.3614,0.8333
7,3,1957,1959,3,2,3,0.3889,1957.925,810.100,153.275,10.2988,14.0000,1.2250,0.3021,4.7685,0.7514,0.0882,0.1604,0.7791,0.1005,4.0868,1.0218,0.5125
6,3,1983,1985,3,2,2,0.5000,1983.618,903.853,485.559,9.4734,15.0000,1.3235,0.7731,5.1185,0.6373,0.1269,0.2358,0.8795,0.0724,4.2656,1.3650,0.6029
4,3,2003,2005,3,1,2,0.6667,2003.830,927.000,357.170,9.0581,18.0000,1.3585,0.2401,6.1528,0.7500,0.1500,0.1000,0.9487,0.0000,5.1272,1.0254,0.8302
5,3,2012,2014,3,1,2,0.8333,2013.206,652.000,320.381,9.6398,15.0000,1.1905,0.4332,5.1321,0.5854,0.2927,0.1220,0.9487,0.0000,4.1056,1.0261,0.6508
5,3,2013,2015,3,1,2,0.8333,2014.258,1021.000,328.484,9.4879,17.0000,1.3710,0.5770,5.8170,0.5854,0.2927,0.1220,0.9487,0.0000,4.7905,1.3687,0.6935
5,3,2017,2018,2,2,2,0.6250,2017.356,943.220,553.322,9.0319,14.0000,1.1864,0.5282,4.7921,0.3432,0.2505,0.4063,0.6059,0.3645,4.1075,1.0270,0.6780
4,3,2020,2021,2,2,1,1.0000,2020.520,636.480,1042.000,8.5607,13.0000,1.0400,0.7077,4.4518,0.0000,0.7500,0.2500,1.0000,0.0000,4.7939,1.3697,0.7800
5,3,2035,2037,3,2,1,0.8333,2036.270,794.571,794.000,9.6644,14.0000,1.1111,0.6319,4.8027,0.5854,0.2927,0.1220,0.9487,0.0000,4.8026,0.6861,0.6508
4,3,2040,2041,2,2,1,1.0000,2040.480,942.580,359.000,8.5791,16.0000,1.2800,0.6684,5.4909,0.0000,0.7500,0.2500,1.0000,0.0000,5.1472,1.8872,0.8400
3,3,2050,2051,2,1,2,0.7500,2050.634,996.000,435.317,8.1300,15.0000,1.0976,0.7090,5.1516,0.5333,0.2667,0.2000,0.7071,0.0000,5.1519,1.7172,1.0000
7,3,2058,2060,3,2,2,0.5833,2059.107,1066.400,933.880,9.7410,13.0000,1.2133,0.4310,4.4674,0.4600,0.2645,0.2756,1.0000,0.0000,3.7797,0.3437,0.5200
4,3,2063,2064,2,2,1,1.0000,2063.510,845.510,576.000,8.7644,13.0000,1.0196,0.7072,4.4682,0.0000,0.7500,0.2500,1.0000,0.0000,4.1244,0.3437,0.7647
5,3,2081,2083,3,1,3,0.5556,2081.864,494.000,704.017,9.0726,15.0000,1.2712,0.1366,5.1577,0.5532,0.3398,0.1070,0.8281,0.0000,4.8138,1.7192,0.7119
5,3,2081,2083,3,1,2,0.8333,2082.322,670.000,305.593,9.0726,14.0000,1.1864,0.7906,4.8139,0.5854,0.2927,0.1220,0.9487,0.0000,4.1262,0.5158,0.6780
4,3,2081,2082,2,1,3,0.6667,2081.830,849.000,222.830,8.0804,13.0000,1.1064,0.8471,4.4700,0.7500,0.1500,0.1000,0.3162,0.0000,4.8138,1.2035,0.8298
5,3,2084,2085,2,2,2,0.6250,2084.534,732.603,547.862,8.9190,14.0000,1.2069,0.6797,4.8139,0.3432,0.2505,0.4063,0.6059,0.3645,4.8139,1.0316,0.6897
6,3,2084,2086,3,2,2,0.5000,2085.047,862.250,565.578,8.9841,14.0000,1.3125,0.6316,4.8139,0.6381,0.1455,0.2164,0.8019,0.3768,3.9543,0.3439,0.6250
4,3,2087,2090,4,1,1,1.0000,2088.420,998.000,736.000,8.5964,14.0000,1.1200,0.5800,4.8140,0.9375,0.0000,0.0625,1.0000,0.0000,4.1263,0.6877,0.8000
4,3,2088,2091,4,1,1,1.0000,2089.389,801.000,759.000,9.2841,15.0000,1.1111,1.3889,5.1578,0.9375,0.0000,0.0625,1.0000,0.0000,5.1578,0.1719,0.7963
4,3,2093,2095,3,1,2,0.6667,2094.255,1006.000,266.236,9.4558,17.0000,1.2364,0.3474,5.8454,0.7500,0.1500,0.1000,0.9487,0.0000,4.8139,1.0315,0.7818
4,3,2095,2097,3,2,1,0.6667,2095.816,773.163,793.000,8.4242,14.0000,1.1429,0.8325,4.8139,0.7500,0.1500,0.1000,0.9487,0.0000,3.6103,1.0315,0.8367
7,3,2102,2105,4,3,2,0.2917,2103.316,637.101,356.886,10.2661,19.0000,1.6835,0.3513,6.5325,0.7521,0.0702,0.1777,0.8604,0.1462,3.4382,0.6876,0.5823
5,4,2103,2105,3,2,1,0.8333,2104.312,772.578,1004.000,9.8405,15.0000,1.1719,0.8066,5.1571,0.5854,0.2927,0.1220,0.9487,0.0000,5.1572,1.0314,0.8750
6,3,2106,2108,3,2,2,0.5000,2106.613,1060.147,703.680,10.5267,15.0000,1.2000,0.9274,5.1570,0.5034,0.2551,0.2415,0.9677,0.2521,3.9536,0.8595,0.5733
6,3,2114,2116,3,2,3,0.3333,2115.310,747.761,577.155,9.9636,16.0000,1.3521,0.7467,5.4998,0.8073,0.0348,0.1578,0.6277,0.5513,4.2969,2.0624,0.6338
8,4,2124,2126,3,3,2,0.4444,2125.108,948.194,544.140,11.3003,16.0000,1.3763,0.2618,5.4989,0.4479,0.3131,0.2390,0.8606,0.0694,4.2959,1.3747,0.5914
12,3,2126,2129,4,3,3,0.3333,2127.434,953.124,508.202,12.7977,16.0000,1.4884,0.4944,5.4987,0.6326,0.0852,0.2822,0.7689,0.6198,3.7802,1.0310,0.3566
6,3,2137,2139,3,3,1,0.6667,2137.901,764.775,504.000,9.9600,15.0000,1.2676,0.2460,5.1542,0.6944,0.2222,0.0833,0.8000,0.0000,3.9516,1.0309,0.5775
4,3,2146,2147,2,2,1,1.0000,2146.553,1153.553,476.000,8.0749,13.0000,1.1064,0.7111,4.4670,0.0000,0.7500,0.2500,1.0000,0.0000,4.8106,0.3436,0.8298
6,3,2153,2155,3,1,3,0.6667,2153.704,936.000,262.366,9.9606,15.0000,1.2676,0.7937,5.1545,0.2083,0.6667,0.1250,0.4472,0.0000,4.4673,1.0309,0.6197
4,3,2155,2158,4,1,1,1.0000,2156.600,749.000,482.000,8.5914,14.0000,1.1200,0.4000,4.8112,0.9375,0.0000,0.0625,1.0000,0.0000,4.8113,0.6873,0.8000
13,3,2168,2170,3,3,3,0.4815,2169.194,605.180,385.194,13.2533,15.0000,1.4029,1.2232,5.1567,0.1150,0.2886,0.5964,0.1789,0.3625,3.0940,0.6876,0.3022
9,3,2169,2172,4,2,2,0.5625,2170.531,1074.740,465.562,11.0015,14.0000,1.3125,0.7771,4.8132,0.4952,0.1976,0.3072,0.9965,0.0823,4.1255,1.2033,0.4271
6,3,2173,2174,2,3,1,1.0000,2173.458,1217.000,731.000,10.1065,15.0000,1.2500,0.4583,5.1576,0.5556,0.3333,0.1111,0.0000,0.0000,3.7821,0.0000,0.5972
11,3,2178,2181,4,3,3,0.3056,2179.102,951.475,590.636,12.2355,14.0000,1.3051,0.7997,4.8146,0.6974,0.0783,0.2243,0.8338,0.0115,4.1271,1.0316,0.4492
4,3,2196,2198,3,1,2,0.6667,2197.183,786.000,531.817,10.3230,19.0000,1.2667,0.2593,6.5379,0.7500,0.1500,0.1000,0.9487,0.0000,5.5056,1.8925,0.8167
7,3,2201,2203,3,2,2,0.5833,2201.831,953.108,709.506,10.7957,17.0000,1.4337,0.5443,5.8502,0.5916,0.2044,0.2040,0.9664,0.1591,4.1297,1.3765,0.5301
3,3,2216,2218,3,1,1,1.0000,2216.977,952.000,715.000,8.5443,16.0000,1.1163,0.0233,5.5066,0.8889,0.0000,0.1111,1.0000,0.0000,5.5067,2.2371,1.0000
5,3,2225,2226,2,2,2,0.6250,2225.542,1058.153,636.458,9.0803,14.0000,1.1864,0.7821,4.8180,0.3432,0.2505,0.4063,0.6059,0.3645,5.1620,1.3766,0.6780
6,3,2230,2232,3,1,2,1.0000,2231.143,1034.000,518.457,9.8336,15.0000,1.2857,0.4789,5.1616,0.5556,0.3333,0.1111,1.0000,0.0000,4.4733,1.3764,0.6143
9,4,2234,2237,4,2,2,0.5625,2235.360,1004.840,690.450,11.4689,17.0000,1.5300,0.5981,5.8492,0.5965,0.2191,0.1844,0.9935,0.0922,3.0967,1.0322,0.6000
5,3,2238,2240,3,3,1,0.5556,2238.903,944.258,509.000,9.5391,14.0000,1.1290,1.1689,4.8166,0.5532,0.3398,0.1070,0.5606,0.0000,5.1605,1.3761,0.6774
3,3,2260,2261,2,2,1,0.7500,2260.659,1053.683,738.000,8.1359,14.0000,1.0244,0.7309,4.8120,0.5333,0.2667,0.2000,0.7071,0.0000,5.1555,1.5467,1.0000
6,3,2263,2264,2,3,2,0.5000,2263.328,764.925,580.119,9.3998,15.0000,1.3433,0.3573,5.1549,0.7074,0.0897,0.2030,0.3047,0.0847,4.1238,1.3746,0.6119
9,3,2279,2282,4,2,2,0.5625,2280.667,838.729,828.490,10.9877,16.0000,1.5000,0.6671,5.4938,0.6077,0.1265,0.2658,0.9351,0.3204,3.4337,1.3735,0.4375
4,3,2282,2283,2,2,1,1.0000,2282.542,1079.562,562.000,8.2402,14.0000,1.1667,0.6963,4.8069,0.0000,0.7500,0.2500,1.0000,0.0000,4.8067,1.2017,0.8333
5,4,2295,2297,3,2,1,0.8333,2295.710,1012.594,777.000,10.5932,17.0000,1.2319,0.4987,5.8360,0.5854,0.2927,0.1220,0.9487,0.0000,5.1494,1.0299,0.8696
5,4,2321,2323,3,2,1,0.8333,2322.138,974.677,982.000,9.9947,17.0000,1.3077,0.3515,5.8450,0.5854,0.2927,0.1220,0.9487,0.0000,4.1260,1.3752,0.8769
4,3,2329,2330,2,2,1,1.0000,2329.440,788.560,431.000,8.6020,15.0000,1.2000,0.6223,5.1610,0.0000,0.7500,0.2500,1.0000,0.0000,5.1610,1.3764,0.8200
4,3,2340,2341,2,2,1,1.0000,2340.480,1130.520,753.000,8.6117,13.0000,1.0400,0.7077,4.4783,0.0000,0.7500,0.2500,1.0000,0.0000,4.8224,1.0335,0.7800
7,3,2362,2365,4,3,2,0.2917,2363.573,806.939,889.110,10.6955,14.0000,1.1951,0.5868,4.8314,0.7061,0.1689,0.1249,0.7849,0.1479,3.7959,1.3803,0.5000
3,3,2364,2366,3,1,1,1.0000,2365.000,414.000,1126.000,7.7710,13.0000,1.0000,1.0000,4.4868,0.8889,0.0000,0.1111,1.0000,0.0000,4.8317,1.3805,1.0000
6,4,2383,2385,3,2,2,0.5000,2384.116,836.246,746.623,9.7285,13.0000,1.1304,1.3017,4.4898,0.6381,0.1455,0.2164,0.8019,0.3768,5.1803,1.5541,0.7536
6,3,2383,2385,3,2,1,1.0000,2384.076,1089.439,701.000,9.3055,16.0000,1.4545,0.4459,5.5258,0.5556,0.3333,0.1111,1.0000,0.0000,3.2810,1.3814,0.6364
4,3,2384,2385,2,2,1,1.0000,2384.449,756.469,521.000,8.4614,14.0000,1.1429,0.6951,4.8350,0.0000,0.7500,0.2500,1.0000,0.0000,4.8351,1.3815,0.8163
8,4,2384,2386,3,3,2,0.4444,2384.967,902.341,685.824,11.1116,17.0000,1.4945,0.3848,5.8712,0.1440,0.6018,0.2543,0.6132,0.2716,4.3171,1.2088,0.6264
8,3,2387,2389,3,2,2,0.6667,2387.624,970.677,1011.409,11.3563,15.0000,1.2903,0.7717,5.1807,0.4782,0.1602,0.3617,0.9087,0.4175,4.4899,1.7269,0.4624
5,3,2389,2391,3,2,2,0.4167,2390.015,894.138,943.846,10.0401,17.0000,1.3077,0.2075,5.8716,0.4138,0.1655,0.4207,1.0000,0.0000,5.1808,1.3816,0.7077
11,4,2392,2396,5,3,3,0.2444,2393.667,879.070,806.891,13.4343,21.0000,1.7907,0.6790,7.2534,0.7419,0.0215,0.2365,0.9865,0.1564,3.7994,1.7270,0.4961
5,3,2397,2398,2,2,3,0.4167,2397.492,1111.136,896.102,9.1136,16.0000,1.3559,0.5199,5.5264,0.5461,0.2256,0.2283,0.5716,0.7118,4.1448,1.3816,0.7288
4,3,2412,2413,2,2,1,1.0000,2412.442,1029.442,1194.000,8.9785,16.0000,1.2308,0.6255,5.5253,0.0000,0.7500,0.2500,1.0000,0.0000,4.8346,1.7266,0.8077
10,3,2422,2424,3,3,3,0.3704,2423.319,956.752,886.770,12.3363,17.0000,1.5044,0.4646,5.8689,0.1931,0.5024,0.3046,0.9080,0.3678,3.7975,1.0356,0.4248
8,3,2444,2446,3,3,2,0.4444,2445.241,834.345,557.230,10.6148,15.0000,1.3793,0.4796,5.1764,0.2444,0.3475,0.4081,0.6838,0.1800,3.7960,1.3804,0.4943
5,3,2460,2462,3,1,3,0.5556,2460.881,947.000,644.356,9.1075,16.0000,1.3559,1.0916,5.5226,0.5532,0.3398,0.1070,0.5606,0.0000,5.1775,1.3807,0.7119
9,3,2464,2467,4,3,2,0.3750,2465.406,865.066,581.208,12.1977,17.0000,1.4434,0.4604,5.8688,0.7563,0.0928,0.1508,0.9393,0.2644,4.4877,1.5535,0.4434
6,3,2467,2470,4,2,2,0.3750,2468.754,812.123,826.846,9.1618,13.0000,1.2000,0.7792,4.4885,0.7449,0.0647,0.1904,0.9950,0.0995,4.6609,1.7264,0.6000
8,3,2479,2481,3,2,3,0.4444,2480.221,853.895,363.733,10.5020,14.0000,1.3023,0.3623,4.8355,0.5236,0.2754,0.2010,0.8754,0.1544,3.7994,1.5543,0.4651
4,3,2490,2492,3,1,2,0.6667,2490.837,653.000,399.837,8.4644,15.0000,1.2245,0.2309,5.1823,0.7500,0.1500,0.1000,0.9487,0.0000,4.1458,0.6910,0.8367
10,3,2492,2495,4,3,2,0.4167,2493.844,899.092,711.486,11.9088,17.0000,1.5596,0.5188,5.8734,0.4430,0.3447,0.2123,0.9918,0.1187,2.9367,1.3820,0.4037
7,3,2508,2510,3,2,2,0.5833,2509.066,719.645,1048.250,9.9223,14.0000,1.2895,0.4394,4.8359,0.6517,0.0773,0.2710,0.8881,0.0000,3.1088,0.3454,0.5395
7,3,2509,2511,3,2,3,0.3889,2509.560,741.893,1076.733,9.7915,14.0000,1.3067,0.6294,4.8359,0.6188,0.1635,0.2176,0.7316,0.2162,3.7996,1.7271,0.5333
5,3,2542,2544,3,1,2,0.8333,2542.820,382.000,871.344,9.4069,14.0000,1.1475,0.8890,4.8278,0.5854,0.2927,0.1220,0.9487,0.0000,4.8274,1.3793,0.6557
4,3,2548,2549,2,2,1,1.0000,2548.462,947.462,1098.000,8.9637,15.0000,1.1538,0.6527,5.1714,0.0000,0.7500,0.2500,1.0000,0.0000,4.8266,1.7238,0.7885
4,3,2551,2553,3,2,1,0.6667,2552.000,991.170,813.000,9.1352,16.0000,1.2075,0.1698,5.5156,0.5357,0.3214,0.1429,1.0000,0.0000,5.1709,0.8618,0.8302
7,3,2554,2556,3,2,2,0.5833,2554.893,524.107,877.387,9.7714,14.0000,1.3067,0.9793,4.8259,0.4600,0.2645,0.2756,1.0000,0.0000,3.4470,0.6894,0.5333
4,3,2555,2556,2,2,1,1.0000,2555.451,1059.529,780.000,8.7899,14.0000,1.0980,0.6955,4.8258,0.0000,0.7500,0.2500,1.0000,0.0000,4.3088,0.6894,0.8039
7,3,2575,2576,2,2,3,0.5833,2575.581,575.365,1029.824,9.6419,13.0000,1.2297,0.7083,4.4816,0.5352,0.1763,0.2885,0.2673,0.0986,3.7920,1.3789,0.5270
5,3,2587,2588,2,3,2,0.4167,2587.828,1097.707,559.862,8.9450,14.0000,1.2069,1.3118,4.8280,0.6338,0.1686,0.1975,0.2016,0.6778,4.8280,1.3794,0.6897
5,3,2600,2602,3,2,1,0.8333,2601.210,1088.613,929.000,9.5673,14.0000,1.1290,0.4402,4.8306,0.5854,0.2927,0.1220,0.9487,0.0000,4.8306,0.6901,0.6452
6,3,2612,2614,3,3,1,0.6667,2613.057,1246.771,584.000,9.8664,13.0000,1.1143,0.7735,4.4885,0.6944,0.2222,0.0833,0.8000,0.0000,5.0059,1.3809,0.5571
5,3,2621,2623,3,3,1,0.5556,2622.236,1136.909,687.000,8.4962,13.0000,1.1818,0.9393,4.4906,0.5532,0.3398,0.1070,0.8281,0.0000,4.8358,1.0362,0.7091
4,3,2623,2625,3,1,2,0.6667,2623.926,767.000,995.556,9.3271,15.0000,1.1111,1.0271,5.1818,0.7576,0.1294,0.1129,0.8507,0.0000,5.1816,1.0364,0.7963
4,3,2627,2629,3,2,1,0.6667,2628.104,917.562,529.000,8.2926,14.0000,1.1667,0.4497,4.8373,0.7576,0.1294,0.1129,0.8507,0.0000,4.8374,1.3821,0.8333
3,3,2635,2636,2,1,2,0.7500,2635.341,1115.000,834.683,8.1819,14.0000,1.0244,0.4660,4.8392,0.5333,0.2667,0.2000,0.7071,0.0000,5.1846,2.0739,1.0000
6,3,2636,2638,3,2,1,1.0000,2637.071,914.486,517.000,9.8784,14.0000,1.2000,0.4909,4.8394,0.5556,0.3333,0.1111,1.0000,0.0000,3.8024,0.6913,0.5714
10,3,2640,2643,4,3,2,0.4167,2641.358,811.000,788.697,11.9170,14.0000,1.2844,0.4687,4.8404,0.6677,0.1084,0.2239,0.8780,0.1281,3.9760,1.0373,0.3761
5,3,2642,2643,2,3,1,0.8333,2642.391,1074.266,568.000,9.8959,16.0000,1.2500,0.4724,5.5319,0.5854,0.2927,0.1220,0.3162,0.0000,4.8406,1.0372,0.6719
5,3,2659,2660,2,2,3,0.4167,2659.650,1019.133,1097.983,9.2820,14.0000,1.1667,0.3749,4.8429,0.1521,0.5234,0.3245,0.0000,0.5847,4.8428,1.0378,0.6667
5,3,2691,2693,3,2,2,0.4167,2692.140,665.140,942.860,8.8174,14.0000,1.2281,1.1575,4.8427,0.6489,0.0995,0.2515,0.9362,0.2726,4.8426,1.0377,0.7193
6,3,2694,2696,3,3,1,0.6667,2694.652,771.348,482.000,9.7432,14.0000,1.2174,0.4919,4.8423,0.6061,0.3030,0.0909,0.7071,0.0000,4.4965,0.6918,0.5797
4,3,2700,2702,3,2,1,0.6667,2701.408,902.735,1008.000,8.4727,15.0000,1.2245,0.6486,5.1873,0.7500,0.1500,0.1000,0.9487,0.0000,4.8415,1.3833,0.8367
9,3,2706,2709,4,2,2,0.5625,2707.160,721.630,546.660,11.5253,13.0000,1.1700,0.9263,4.4949,0.6869,0.0545,0.2586,0.9625,0.2711,4.1493,1.3830,0.3900
7,3,2706,2708,3,2,2,0.5833,2706.667,846.654,979.231,10.1936,14.0000,1.2564,0.7693,4.8407,0.3772,0.3083,0.3146,0.9758,0.2185,4.4949,1.3831,0.5128
8,3,2744,2746,3,2,3,0.4444,2744.824,752.776,1163.188,10.3772,13.0000,1.2235,0.3414,4.4890,0.3086,0.2813,0.4101,0.8447,0.2974,3.9710,1.0359,0.4588
3,3,2749,2751,3,1,1,1.0000,2750.024,1161.000,969.000,8.3726,15.0000,1.0714,0.0238,5.1792,0.8889,0.0000,0.1111,1.0000,0.0000,5.1791,2.0716,1.0000
4,3,2758,2760,3,1,2,0.6667,2758.811,763.000,1034.849,9.1495,17.0000,1.2830,0.2416,5.8695,0.7500,0.1500,0.1000,0.9487,0.0000,5.5242,1.0358,0.8491
4,3,2773,2775,3,2,1,0.6667,2774.241,823.138,928.000,10.0140,19.0000,1.3103,0.7711,6.5609,0.7500,0.1500,0.1000,0.9487,0.0000,5.0069,1.3812,0.8621
6,3,2778,2780,3,2,2,0.5000,2778.861,417.694,812.667,10.1505,16.0000,1.3333,0.4730,5.5252,0.3218,0.4574,0.2208,0.9366,0.3505,4.4892,1.3813,0.5833
13,3,2780,2783,4,4,3,0.2708,2781.031,839.620,677.217,12.3554,14.0000,1.4109,0.4386,4.8347,0.2337,0.5303,0.2359,0.9862,0.1380,3.4533,1.3813,0.3178
4,3,2782,2783,2,1,3,0.6667,2782.706,612.000,1046.569,8.8061,15.0000,1.1765,0.9064,5.1801,0.7500,0.1500,0.1000,0.3162,0.0000,5.1801,1.7267,0.8431
5,3,2790,2792,3,1,3,0.5556,2791.086,843.000,1026.759,8.9577,15.0000,1.2931,0.2563,5.1802,0.5532,0.3398,0.1070,0.5606,0.0000,4.8348,0.6907,0.7241
7,3,2795,2797,3,2,2,0.5833,2796.341,844.463,644.768,10.7028,14.0000,1.1951,0.6769,4.8346,0.4600,0.2645,0.2756,0.8571,0.1000,4.1440,1.0360,0.5122
7,3,2816,2817,2,2,3,0.5833,2816.581,824.527,720.892,9.6527,14.0000,1.3243,0.6819,4.8316,0.5352,0.1763,0.2885,0.5345,0.8125,4.1414,2.0708,0.5405
6,3,2820,2822,3,2,3,0.3333,2821.484,764.250,1144.609,9.0152,13.0000,1.2187,0.8365,4.4854,0.6803,0.1871,0.1326,0.6721,0.5226,4.1405,1.2076,0.6094
5,3,2823,2824,2,2,2,0.6250,2823.544,896.860,588.456,8.7946,13.0000,1.1404,0.7236,4.4852,0.3432,0.2505,0.4063,0.6059,0.3645,4.8300,1.2075,0.6842
4,3,2825,2828,4,1,1,1.0000,2826.340,958.000,880.000,8.6240,15.0000,1.2000,0.3400,5.1745,0.9375,0.0000,0.0625,1.0000,0.0000,5.0020,1.7248,0.8400
3,3,2850,2851,2,1,2,0.7500,2850.674,477.000,964.674,8.5569,15.0000,1.0465,0.4604,5.1701,0.5333,0.2667,0.2000,0.7071,0.0000,5.1701,1.7234,1.0000
6,3,2860,2862,3,2,2,0.5000,2860.900,634.800,1093.757,9.8496,14.0000,1.2000,0.8420,4.8253,0.5230,0.1584,0.3185,0.9225,0.0898,4.6530,1.8956,0.5857
4,3,2870,2872,3,2,1,0.6667,2871.125,704.562,507.000,8.2733,14.0000,1.1667,0.9783,4.8262,0.7576,0.1294,0.1129,0.8507,0.0000,4.8260,1.3788,0.8333
9,3,2870,2872,3,3,3,0.3333,2871.218,1188.990,1050.693,11.6056,16.0000,1.4257,0.3765,5.5155,0.4167,0.2158,0.3675,0.3273,0.3009,3.1026,0.6895,0.4257
24,10,2895,2898,4,5,4,0.3000,2896.722,742.345,1260.450,22.0424,27.0000,2.0703,0.6319,9.3151,0.3041,0.1776,0.5183,0.5495,0.8290,3.4500,1.0350,0.5591
4,3,2903,2904,2,2,1,1.0000,2903.472,452.453,728.000,9.1446,15.0000,1.1321,0.6539,5.1761,0.0000,0.7500,0.2500,1.0000,0.0000,4.3135,1.3802,0.7925
10,3,2906,2908,3,3,2,0.5556,2907.283,489.057,488.481,11.5685,15.0000,1.4151,0.5611,5.1768,0.2676,0.3433,0.3891,0.2846,0.1378,2.9336,1.0353,0.3962
5,3,2911,2912,2,1,3,0.8333,2911.435,380.000,750.274,9.5704,15.0000,1.2097,0.6276,5.1775,0.5854,0.2927,0.1220,0.3162,0.0000,5.1773,1.7258,0.6774
4,3,2933,2935,3,2,1,0.6667,2933.804,839.804,997.000,8.8064,15.0000,1.1765,0.2773,5.1802,0.7500,0.1500,0.1000,0.9487,0.0000,5.1802,1.3814,0.8039
3,3,2947,2949,3,1,1,1.0000,2948.070,971.000,929.000,8.5751,16.0000,1.1163,0.9302,5.5265,0.8889,0.0000,0.1111,1.0000,0.0000,4.4903,1.2089,1.0000
4,3,2954,2955,2,2,2,0.5000,2954.277,739.830,282.447,8.1173,13.0000,1.1064,0.5524,4.4904,0.5916,0.1015,0.3069,0.5000,0.5000,5.1812,2.0725,0.8298
4,3,2956,2958,3,2,1,0.6667,2957.000,447.843,952.000,8.8081,17.0000,1.3333,0.1569,5.8721,0.5357,0.3214,0.1429,1.0000,0.0000,4.8358,1.3817,0.8431
6,3,2964,2966,3,2,2,0.5000,2965.324,593.108,1035.365,10.4349,15.0000,1.2162,0.5000,5.1811,0.5034,0.2551,0.2415,0.9677,0.2521,4.8357,1.0362,0.5946
6,3,2967,2969,3,2,2,0.5000,2967.672,614.531,1033.125,9.0247,14.0000,1.3125,0.6368,4.8357,0.6373,0.1269,0.2358,0.8795,0.0724,3.2814,1.0362,0.6250
4,3,2972,2973,2,2,1,1.0000,2972.560,648.580,879.000,8.6349,15.0000,1.2000,0.6083,5.1809,0.0000,0.7500,0.2500,1.0000,0.0000,5.3537,1.0362,0.8400
6,3,2980,2981,2,2,2,0.7500,2980.529,539.691,1097.279,9.5882,15.0000,1.3235,0.6736,5.1808,0.2000,0.3333,0.4667,0.0000,0.0000,3.6265,0.5181,0.6029
6,3,2984,2985,2,2,3,0.5000,2984.471,531.882,857.426,9.5881,15.0000,1.3235,0.7512,5.1807,0.6373,0.1269,0.2358,0.4046,0.4063,4.3173,1.8996,0.6176
8,3,2986,2988,3,4,2,0.3333,2987.012,676.667,898.429,10.2573,14.0000,1.3333,1.1484,4.8353,0.6088,0.2299,0.1612,0.4638,0.0073,3.6265,1.7269,0.4762
6,3,2999,3001,3,2,2,0.5000,3000.380,694.521,951.113,10.0118,15.0000,1.2676,0.7912,5.1811,0.6373,0.1269,0.2358,0.8795,0.0724,3.9722,1.0362,0.5915
10,3,3002,3005,4,3,3,0.2778,3003.218,416.653,718.277,11.0323,14.0000,1.3861,0.7425,4.8358,0.6722,0.1348,0.1930,0.7887,0.4163,2.9361,1.0362,0.3960
5,3,3029,3031,3,2,1,0.8333,3029.919,336.387,968.000,9.5833,15.0000,1.2097,1.1479,5.1845,0.5854,0.2927,0.1220,0.9487,0.0000,4.8388,1.7282,0.6774
6,3,3048,3049,2,1,3,1.0000,3048.537,885.000,934.851,9.4570,14.0000,1.2537,0.9684,4.8405,0.5556,0.3333,0.1111,0.0000,0.0000,4.1489,1.3830,0.6119
7,3,3050,3052,3,2,2,0.5833,3051.125,569.462,1009.900,10.4546,17.0000,1.4875,0.4894,5.8778,0.5916,0.2044,0.2040,0.9664,0.1591,3.4575,0.6915,0.5375
4,3,3052,3054,3,1,2,0.6667,3053.216,901.000,1152.804,8.8168,14.0000,1.0980,0.2915,4.8406,0.7500,0.1500,0.1000,0.9487,0.0000,5.0134,1.2101,0.8039
5,3,3054,3055,2,2,2,0.6250,3054.460,661.397,891.127,9.7415,17.0000,1.3492,0.6818,5.8779,0.3432,0.2505,0.4063,0.6059,0.3645,5.1864,1.0373,0.6825
14,3,3060,3063,4,3,3,0.3889,3061.014,700.163,1084.891,13.5838,15.0000,1.4286,0.1967,5.1863,0.2471,0.4241,0.3288,0.8483,0.0387,4.1491,1.5559,0.2925
4,3,3068,3070,3,1,2,0.6667,3068.902,510.000,966.549,8.8161,15.0000,1.1765,1.0084,5.1860,0.7576,0.1294,0.1129,0.8507,0.0000,4.8402,1.0372,0.8039
6,3,3078,3080,3,1,3,0.6667,3079.145,568.000,1052.478,9.7372,14.0000,1.2174,0.5415,4.8394,0.2083,0.6667,0.1250,0.4472,0.0000,3.8024,0.6914,0.5942
9,3,3085,3088,4,2,2,0.5625,3086.724,815.816,1019.520,11.2899,16.0000,1.4694,0.5828,5.5297,0.6963,0.0584,0.2453,0.9760,0.1186,3.1106,0.6912,0.4286
7,3,3091,3093,3,3,2,0.3889,3092.141,1102.183,844.113,9.2732,13.0000,1.2817,0.2570,4.4923,0.6788,0.0891,0.2320,0.7979,0.1151,3.1101,1.0366,0.5493
4,3,3110,3111,2,1,2,1.0000,3110.451,476.000,896.588,8.8067,15.0000,1.1765,0.6107,5.1805,0.0000,0.7500,0.2500,0.0000,0.0000,5.3531,1.7268,0.8431
6,3,3116,3118,3,3,2,0.3333,3117.354,734.185,836.262,9.1624,14.0000,1.2923,0.7211,4.8338,0.8073,0.0348,0.1578,0.6885,0.0637,3.4528,0.6906,0.6154
8,3,3128,3129,2,2,3,0.6667,3128.596,834.427,915.382,10.8605,15.0000,1.3483,0.9348,5.1771,0.4716,0.1249,0.4035,0.2642,0.5134,3.4515,1.0354,0.4719
8,3,3132,3134,3,1,4,0.6667,3133.256,527.000,815.314,10.4928,15.0000,1.3953,0.7322,5.1765,0.5462,0.3862,0.0676,0.5606,0.0000,3.7962,1.0353,0.4767
6,3,3153,3155,3,3,1,0.6667,3154.106,620.833,977.000,9.2933,13.0000,1.1818,0.1976,4.4838,0.6944,0.2222,0.0833,0.8000,0.0000,4.3113,1.0347,0.5909
7,3,3158,3161,4,2,2,0.4375,3159.582,478.532,775.899,10.2976,14.0000,1.2405,0.7950,4.8282,0.8235,0.0431,0.1334,0.9337,0.1681,4.4833,1.7243,0.5063
11,3,3165,3168,4,3,2,0.4583,3166.788,567.746,879.356,12.2688,15.0000,1.3983,0.9014,5.1726,0.6058,0.1867,0.2076,0.9137,0.2888,4.4828,1.2070,0.3475
9,3,3178,3181,4,3,2,0.3750,3179.947,578.904,883.787,10.8041,13.0000,1.2447,0.9751,4.4825,0.6875,0.1347,0.1778,0.9478,0.2480,3.4481,1.0344,0.4149
8,3,3184,3187,4,2,3,0.3333,3185.705,511.091,1032.568,10.7280,16.0000,1.4545,0.8313,5.5170,0.6807,0.2124,0.1069,0.9264,0.1665,3.7929,1.0344,0.4773
7,3,3186,3189,4,2,2,0.4375,3187.532,494.390,899.143,10.0352,15.0000,1.3636,0.6251,5.1722,0.7406,0.0824,0.1770,0.9316,0.0988,4.1378,1.0344,0.5325
5,3,3215,3217,3,2,1,0.8333,3215.683,257.397,651.000,9.7188,16.0000,1.2698,0.5082,5.5193,0.5854,0.2927,0.1220,0.9487,0.0000,5.1742,0.6899,0.6984
4,3,3218,3219,2,1,2,1.0000,3218.528,622.000,1028.509,9.1418,14.0000,1.0566,0.6943,4.8297,0.0000,0.7500,0.2500,0.0000,0.0000,5.0022,2.0698,0.7736
6,3,3219,3221,3,3,1,0.6667,3220.200,345.969,808.000,9.1547,14.0000,1.2923,0.2024,4.8298,0.4000,0.4800,0.1200,0.7071,0.0000,4.3124,1.7250,0.6308
3,3,3226,3228,3,1,1,1.0000,3227.000,639.000,778.000,7.7693,13.0000,1.0000,1.0000,4.4857,0.8889,0.0000,0.1111,1.0000,0.0000,4.8306,1.0351,1.0000
8,3,3228,3231,4,2,3,0.3333,3229.466,390.716,794.500,10.7359,15.0000,1.3636,0.7401,5.1759,0.7044,0.1459,0.1497,0.6934,0.3128,3.9683,1.7253,0.4773
8,4,3235,3237,3,2,2,0.6667,3235.758,706.495,940.780,11.1036,16.0000,1.4066,0.6019,5.5219,0.5487,0.1069,0.3444,0.9672,0.2262,5.0041,1.7256,0.6044
4,3,3238,3240,3,1,2,0.6667,3238.923,853.000,721.538,8.9736,14.0000,1.0769,1.0320,4.8320,0.7576,0.1294,0.1129,0.8507,0.0000,5.1771,1.3805,0.8077
32,14,3242,3245,4,7,5,0.2286,3243.896,168.545,587.018,27.6413,31.0000,2.1898,0.5553,10.7004,0.4688,0.1117,0.4195,0.3286,0.7970,3.6243,1.0355,0.6336
6,3,3259,3261,3,2,2,0.5000,3259.779,429.132,874.662,9.5841,15.0000,1.3235,0.4249,5.1786,0.5230,0.1584,0.3185,0.9225,0.0898,4.3155,1.0357,0.6029
7,3,3269,3271,3,1,3,0.7778,3270.145,529.000,875.699,10.8310,18.0000,1.5181,0.3341,6.2146,0.4747,0.4312,0.0941,0.8619,0.0000,4.4883,1.3810,0.5542
5,3,3295,3297,3,1,2,0.8333,3296.262,750.000,835.525,9.4193,15.0000,1.2295,0.5865,5.1792,0.5854,0.2927,0.1220,0.9487,0.0000,5.1792,1.3811,0.7049
7,3,3307,3309,3,3,2,0.3889,3307.797,178.595,790.892,9.6585,14.0000,1.3243,0.6374,4.8346,0.6814,0.1697,0.1489,0.7744,0.2769,2.7626,1.0360,0.5405
27,17,3308,3311,4,5,3,0.4500,3309.113,889.077,865.019,27.5804,35.0000,2.2771,0.1384,12.0865,0.1778,0.3643,0.4579,0.6492,0.4258,5.1800,1.3814,0.7711
6,3,3309,3311,3,1,3,0.6667,3309.929,498.000,938.800,9.8688,16.0000,1.3714,0.2124,5.5254,0.6944,0.2222,0.0833,0.8000,0.0000,4.3167,1.0360,0.6143
5,3,3312,3314,3,1,3,0.5556,3312.867,407.000,1037.067,9.2667,14.0000,1.1667,0.1491,4.8349,0.5532,0.3398,0.1070,0.8281,0.0000,4.8348,1.0361,0.6667
6,3,3314,3315,2,2,3,0.5000,3314.662,972.868,536.574,9.5875,15.0000,1.3235,0.6789,5.1804,0.5034,0.2551,0.2415,0.1128,0.4328,4.3169,1.0361,0.6029
6,3,3315,3317,3,2,1,1.0000,3315.941,446.471,589.000,9.5877,14.0000,1.2353,1.0523,4.8351,0.5556,0.3333,0.1111,1.0000,0.0000,4.3171,0.3454,0.5882
7,3,3319,3320,2,2,2,0.8750,3319.476,362.607,733.536,10.9657,15.0000,1.2500,0.8174,5.1809,0.0000,0.3318,0.6682,0.0000,0.5774,4.4901,1.5542,0.5119
6,3,3322,3323,2,2,3,0.5000,3322.470,495.879,836.439,9.3068,15.0000,1.3636,0.7811,5.1812,0.6373,0.1269,0.2358,0.4046,0.4063,4.3176,1.3816,0.6364
5,3,3322,3324,3,2,1,0.8333,3323.148,575.672,688.000,9.4228,15.0000,1.2295,0.3595,5.1812,0.5854,0.2927,0.1220,0.9487,0.0000,4.8357,0.6908,0.6721
4,3,3369,3370,2,1,2,1.0000,3369.447,474.000,467.447,8.1220,13.0000,1.1064,0.6319,4.4930,0.0000,0.7500,0.2500,0.0000,0.0000,4.8386,2.0737,0.8298
3,3,3370,3372,3,1,1,1.0000,3371.000,879.000,889.000,7.9817,14.0000,1.0500,0.0000,4.8386,0.8889,0.0000,0.1111,1.0000,0.0000,4.1474,0.8641,1.0000
7,3,3371,3374,4,2,2,0.4375,3372.753,556.741,915.706,11.1038,17.0000,1.4000,0.4632,5.8756,0.6337,0.1104,0.2559,0.9775,0.0000,4.1475,1.5553,0.5176
6,3,3386,3388,3,2,2,0.5000,3387.269,802.881,974.388,9.4544,14.0000,1.2537,0.4869,4.8391,0.6373,0.1269,0.2358,0.8795,0.0724,3.8021,1.3826,0.6119
3,3,3387,3389,3,1,1,1.0000,3388.000,627.000,935.000,7.9825,14.0000,1.0500,0.0000,4.8391,0.8889,0.0000,0.1111,1.0000,0.0000,4.8391,1.3826,1.0000
4,3,3393,3395,3,2,1,0.6667,3394.083,588.458,973.000,8.2961,13.0000,1.0833,0.4658,4.4937,0.7576,0.1294,0.1129,0.8507,0.0000,4.1480,1.3827,0.8125
12,3,3406,3409,4,4,2,0.3750,3408.031,411.523,547.359,12.7751,15.0000,1.4062,0.5977,5.1861,0.3678,0.4203,0.2120,0.7449,0.1818,3.8031,1.3829,0.3516
6,4,3420,3422,3,4,1,0.5000,3420.961,307.487,597.000,10.7300,17.0000,1.3421,1.0769,5.8790,0.8734,0.0730,0.0536,0.6386,0.0000,5.3604,1.5562,0.7632
4,3,3430,3431,2,2,1,1.0000,3430.490,746.510,424.000,8.8207,13.0000,1.0196,0.7072,4.4969,0.0000,0.7500,0.2500,1.0000,0.0000,4.8427,0.3459,0.7647
7,3,3432,3435,4,2,2,0.4375,3433.726,548.238,677.274,10.9832,15.0000,1.2500,0.4546,5.1891,0.8243,0.0513,0.1244,0.9184,0.3278,4.4974,1.7297,0.5000
8,3,3456,3458,3,3,2,0.4444,3456.940,499.560,328.893,10.2801,13.0000,1.2381,0.5728,4.5000,0.4400,0.3446,0.2154,0.8075,0.0414,3.6346,1.3846,0.4643
12,3,3493,3496,4,2,3,0.5000,3494.433,693.535,847.071,12.7006,14.0000,1.3228,0.6391,4.8499,0.6568,0.2012,0.1420,0.8933,0.0150,3.8107,1.0393,0.3150
5,3,3511,3513,3,1,2,0.8333,3512.211,815.000,663.544,8.8331,14.0000,1.2281,0.5024,4.8512,0.5854,0.2927,0.1220,0.9487,0.0000,4.1582,1.0396,0.7018
5,3,3514,3516,3,2,2,0.4167,3514.915,539.847,472.508,9.1433,16.0000,1.3559,0.5376,5.5444,0.5461,0.2256,0.2283,0.8117,0.4177,4.8513,1.0396,0.7119
26,8,3526,3529,4,4,5,0.3250,3527.615,781.804,768.099,21.2070,21.0000,1.7500,1.6184,7.2782,0.5751,0.1868,0.2382,0.3690,0.8954,3.1193,0.8665,0.5128
36,7,3527,3530,4,3,12,0.2500,3528.109,798.333,720.316,23.7414,19.0000,1.6642,0.7460,6.5852,0.9184,0.0470,0.0346,0.0000,0.6019,3.9858,1.5596,0.4428
4,3,3550,3551,2,2,1,1.0000,3550.520,229.480,743.000,8.6697,13.0000,1.0400,0.7077,4.5083,0.0000,0.7500,0.2500,1.0000,0.0000,4.8550,0.6936,0.7800
6,3,3553,3555,3,1,4,0.5000,3554.041,597.000,291.493,10.3364,14.0000,1.1507,1.0783,4.8559,0.8734,0.0730,0.0536,0.6386,0.0000,4.6821,1.0405,0.5479
6,4,3554,3556,3,1,2,1.0000,3555.149,903.000,711.514,10.4784,15.0000,1.2162,0.5087,5.2027,0.5556,0.3333,0.1111,1.0000,0.0000,5.5496,1.3874,0.7703
5,3,3556,3557,2,2,2,0.6250,3556.612,480.433,767.851,10.3934,16.0000,1.1940,0.6002,5.5500,0.3432,0.2505,0.4063,0.6059,0.3645,5.8966,1.7344,0.6716
4,3,3588,3590,3,1,2,0.6667,3588.604,507.000,307.755,9.2049,16.0000,1.2075,0.6517,5.5577,0.7500,0.1500,0.1000,0.9487,0.0000,4.6892,0.6947,0.8491
5,3,3595,3597,3,1,2,0.8333,3595.750,504.000,713.450,9.3221,14.0000,1.1667,0.6042,4.8638,0.5854,0.2927,0.1220,0.9487,0.0000,4.8637,0.3474,0.6667
6,3,3609,3610,2,2,2,0.7500,3609.639,441.556,831.750,10.2121,15.0000,1.2500,0.8174,5.2114,0.2000,0.3333,0.4667,0.7071,0.7071,4.5165,1.3897,0.5972
4,3,3609,3610,2,1,2,1.0000,3609.551,681.000,313.449,8.5118,14.0000,1.1429,0.6350,4.8639,0.0000,0.7500,0.2500,0.0000,0.0000,4.8639,0.5211,0.8163
7,3,3623,3625,3,2,3,0.3889,3624.272,294.457,700.025,10.6332,14.0000,1.2099,0.5320,4.8625,0.3231,0.4135,0.2634,0.8452,0.2797,4.1679,1.3893,0.5062
6,3,3640,3641,2,2,2,0.7500,3640.552,557.761,470.687,9.4970,16.0000,1.4328,0.5965,5.5553,0.2000,0.3333,0.4667,0.0000,0.0000,3.2985,1.3888,0.6418
5,3,3644,3646,3,2,1,0.8333,3645.267,246.417,627.000,9.3163,15.0000,1.2500,0.6414,5.2080,0.5854,0.2927,0.1220,0.9487,0.0000,4.8608,1.0416,0.7000
12,3,3648,3651,4,3,2,0.5000,3649.930,957.163,463.535,12.9297,17.0000,1.5814,0.5634,5.9025,0.4099,0.4312,0.1589,0.8338,0.4185,3.4721,1.0416,0.3721
4,3,3655,3657,3,1,2,0.6667,3655.961,466.000,913.157,8.8547,15.0000,1.1765,0.9735,5.2086,0.5357,0.3214,0.1429,1.0000,0.0000,4.5142,1.3890,0.8431
7,3,3677,3679,3,2,3,0.3889,3677.767,519.767,486.890,9.5900,14.0000,1.3425,0.3471,4.8661,0.7755,0.0410,0.1835,0.8213,0.4733,3.4757,1.3903,0.5479
4,3,3694,3696,3,1,2,0.6667,3695.106,485.000,667.723,8.1763,13.0000,1.1064,0.7312,4.5233,0.5357,0.3214,0.1429,1.0000,0.0000,4.8710,1.5656,0.8298
6,3,3696,3698,3,2,2,0.5000,3697.358,683.463,348.134,9.5180,14.0000,1.2537,0.6596,4.8718,0.6373,0.1269,0.2358,0.8795,0.0724,4.1757,1.0438,0.6119
5,3,3697,3698,2,1,3,0.8333,3697.576,753.000,209.695,9.1816,13.0000,1.1017,0.9028,4.5238,0.5854,0.2927,0.1220,0.3162,0.0000,4.8715,1.0438,0.6610
5,4,3704,3706,3,1,2,0.8333,3704.891,560.000,363.406,9.9636,15.0000,1.1719,1.1814,5.2220,0.5854,0.2927,0.1220,0.9487,0.0000,4.8737,1.7406,0.8594
5,3,3706,3708,3,2,1,0.8333,3706.721,649.393,657.000,9.4975,15.0000,1.2295,0.4821,5.2223,0.5854,0.2927,0.1220,0.9487,0.0000,4.8739,1.3925,0.6721
31,13,3707,3711,5,6,4,0.2583,3709.080,636.901,330.354,27.2034,35.0000,2.4943,0.3763,12.1866,0.4221,0.0859,0.4920,0.2570,0.0086,4.1783,0.6964,0.6046
4,3,3721,3722,2,2,2,0.5000,3721.260,432.160,692.440,8.7096,15.0000,1.2000,0.5355,5.2257,0.5916,0.1015,0.3069,0.5000,0.5000,5.0516,1.7419,0.8400
4,3,3722,3724,3,2,1,0.6667,3722.812,833.167,335.000,8.3617,14.0000,1.1667,0.8294,4.8775,0.7500,0.1500,0.1000,0.9487,0.0000,4.8778,1.3936,0.8333
7,3,3735,3737,3,1,3,0.7778,3735.662,706.000,268.113,10.5401,15.0000,1.3125,1.1075,5.2286,0.1247,0.7481,0.1273,0.0000,0.0000,3.8344,1.3943,0.5250
5,3,3736,3738,3,2,1,0.8333,3736.917,797.350,851.000,9.3538,16.0000,1.3333,0.3598,5.5776,0.5854,0.2927,0.1220,0.9487,0.0000,4.8803,1.3944,0.7000
5,3,3755,3757,3,2,1,0.8333,3755.750,524.536,630.000,8.7360,13.0000,1.1607,0.9217,4.5348,0.5854,0.2927,0.1220,0.9487,0.0000,4.1858,1.0465,0.6964
10,3,3766,3769,4,2,2,0.6250,3767.425,505.264,766.547,11.6975,15.0000,1.4151,0.7785,5.2346,0.6147,0.1349,0.2505,0.9825,0.1781,3.8387,1.7447,0.3962
3,3,3776,3777,2,1,2,0.7500,3776.364,462.000,388.295,8.8678,16.0000,1.0909,0.7016,5.5854,0.5333,0.2667,0.2000,0.7071,0.0000,5.5852,1.7454,1.0000
8,3,3787,3789,3,2,3,0.4444,3788.079,517.090,466.180,10.9895,17.0000,1.5281,0.9430,5.9374,0.3523,0.3997,0.2481,0.5466,0.0108,3.4925,1.3970,0.5281
5,3,3809,3811,3,2,1,0.8333,3809.797,732.359,512.000,10.0077,18.0000,1.4062,0.4128,6.2938,0.5854,0.2927,0.1220,0.9487,0.0000,4.8949,1.7482,0.6875
6,3,3831,3833,3,3,2,0.3333,3831.412,711.971,497.691,9.7233,14.0000,1.2353,0.5155,4.9033,0.3348,0.4659,0.1992,0.8847,0.2635,3.6778,0.7005,0.5735
15,5,3832,3835,4,4,3,0.3125,3833.637,1045.013,309.643,14.2014,15.0000,1.4331,0.9054,5.2546,0.3556,0.2842,0.3602,0.5330,0.1971,3.1531,1.0511,0.4395
4,3,3833,3836,4,1,1,1.0000,3834.609,567.000,763.000,8.0584,13.0000,1.1304,0.3913,4.5549,0.9375,0.0000,0.0625,1.0000,0.0000,3.8542,0.5256,0.8043
3,3,3834,3836,3,1,1,1.0000,3835.024,557.000,383.000,8.2939,16.0000,1.1707,0.0244,5.6060,0.8889,0.0000,0.1111,1.0000,0.0000,4.9057,0.7009,1.0000
4,3,3835,3836,2,2,1,1.0000,3835.468,647.468,844.000,8.2343,13.0000,1.1064,0.6620,4.5549,0.0000,0.7500,0.2500,1.0000,0.0000,4.5551,1.0512,0.7872
4,3,3841,3843,3,2,1,0.6667,3842.182,553.182,471.000,7.7145,12.0000,1.0909,1.1957,4.2083,0.7500,0.1500,0.1000,0.9487,0.0000,4.5581,0.8766,0.8182
4,3,3845,3846,2,1,2,1.0000,3845.511,1024.000,663.468,8.2439,13.0000,1.1064,0.6927,4.5601,0.0000,0.7500,0.2500,0.0000,0.0000,4.5606,1.0525,0.7872
3,3,3849,3851,3,1,1,1.0000,3850.026,498.000,223.000,7.9037,14.0000,1.0769,0.0256,4.9142,0.8889,0.0000,0.1111,1.0000,0.0000,4.2128,1.2288,1.0000
7,3,3852,3855,4,2,2,0.4375,3853.181,763.108,392.807,11.0167,18.0000,1.5181,0.2856,6.3210,0.7558,0.1056,0.1386,0.9795,0.1648,3.8639,1.4048,0.5783
6,3,3855,3856,2,3,2,0.5000,3855.532,908.258,488.129,8.8919,13.0000,1.2581,0.5496,4.5672,0.3810,0.3333,0.2857,0.3162,0.5071,4.3906,0.8784,0.5968
3,3,3860,3861,2,2,1,0.7500,3860.667,643.667,537.000,7.3076,12.0000,1.0000,0.7454,4.2193,0.5333,0.2667,0.2000,0.7071,0.0000,3.8678,0.8791,1.0000
4,3,3863,3864,2,2,1,1.0000,3863.444,412.444,638.000,7.9145,13.0000,1.1556,0.6285,4.5725,0.0000,0.7500,0.2500,1.0000,0.0000,4.5730,1.0552,0.8222
6,3,3863,3865,3,3,2,0.3333,3864.328,452.194,341.134,9.6229,14.0000,1.2537,0.8806,4.9251,0.7397,0.1062,0.1541,0.7434,0.5417,4.2222,1.0552,0.5821
4,3,3865,3866,2,2,1,1.0000,3865.462,430.538,553.000,9.1489,15.0000,1.1538,0.6527,5.2778,0.0000,0.7500,0.2500,1.0000,0.0000,5.4543,1.4074,0.7885
6,3,3865,3867,3,2,1,1.0000,3866.061,936.485,729.000,9.4823,14.0000,1.2727,0.4886,4.9268,0.5556,0.3333,0.1111,1.0000,0.0000,4.0475,1.0560,0.6061
6,3,3867,3869,3,2,2,0.5000,3867.750,757.312,381.172,9.1977,13.0000,1.2187,0.4355,4.5766,0.5230,0.1584,0.3185,0.9225,0.0898,4.4001,1.2319,0.5781
6,3,3869,3871,3,2,2,0.5000,3870.154,815.600,571.123,9.3457,14.0000,1.2923,0.6315,4.9305,0.5230,0.1584,0.3185,0.9225,0.0898,4.2262,1.7609,0.6000
7,3,3873,3875,3,1,4,0.5833,3873.908,1033.000,224.132,10.1241,16.0000,1.4737,0.1606,5.6392,0.5949,0.3298,0.0753,0.2567,0.0000,3.8763,0.3525,0.5263
5,3,3875,3877,3,1,3,0.5556,3875.852,330.000,551.984,9.6185,16.0000,1.3115,0.1484,5.6415,0.5532,0.3398,0.1070,0.8281,0.0000,4.5838,1.4101,0.6557
5,3,3875,3877,3,2,1,0.8333,3876.263,761.649,525.000,8.9885,14.0000,1.2281,0.4386,4.9363,0.5854,0.2927,0.1220,0.9487,0.0000,3.8793,1.0574,0.6842
5,3,3880,3881,2,2,2,0.6250,3880.630,410.704,442.241,8.5232,13.0000,1.2037,0.5319,4.5885,0.3432,0.2505,0.4063,0.6059,0.3645,4.5876,1.7644,0.7037
5,3,3880,3882,3,2,1,0.8333,3880.709,465.436,647.000,8.6812,12.0000,1.0909,0.8326,4.2356,0.5854,0.2927,0.1220,0.9487,0.0000,4.5878,1.4118,0.6545
3,3,3883,3884,2,1,2,0.7500,3883.676,655.000,425.351,7.5444,13.0000,1.0541,0.7252,4.5916,0.5333,0.2667,0.2000,0.7071,0.0000,3.8854,0.3533,1.0000
7,3,3885,3887,3,2,2,0.5833,3886.236,959.500,795.250,9.6166,12.0000,1.1667,1.3566,4.2413,0.4600,0.2645,0.2756,0.8571,0.1000,3.1803,0.7068,0.5000
4,3,3887,3888,2,1,2,1.0000,3887.510,857.000,551.469,8.6602,14.0000,1.1429,0.6933,4.9481,0.0000,0.7500,0.2500,0.0000,0.0000,4.7725,0.7074,0.7959
6,3,3889,3891,3,3,1,0.6667,3890.094,540.781,431.000,9.2413,13.0000,1.2187,1.1154,4.5968,0.4000,0.4800,0.1200,0.7071,0.0000,3.5374,0.3539,0.5781
14,6,3890,3892,3,3,3,0.5185,3890.634,485.055,423.079,15.5048,22.0000,1.8780,0.3783,7.7830,0.4786,0.0612,0.4602,0.1104,0.4546,4.0681,0.7078,0.5549
3,3,3902,3904,3,1,1,1.0000,3902.973,407.000,804.000,7.5809,13.0000,1.0541,0.9730,4.6121,0.8889,0.0000,0.1111,1.0000,0.0000,4.6146,1.0644,1.0000
5,3,3912,3914,3,1,2,0.8333,3913.186,706.000,437.271,9.3927,16.0000,1.3559,0.3291,5.6953,0.5854,0.2927,0.1220,0.9487,0.0000,4.6256,0.7120,0.7288
5,3,3912,3913,2,3,2,0.4167,3912.556,792.056,555.167,8.5949,12.0000,1.1111,0.5827,4.2715,0.5461,0.2256,0.2283,0.5716,0.7118,4.6260,1.9569,0.6667
4,3,3914,3916,3,2,1,0.6667,3914.979,555.830,431.000,8.3705,14.0000,1.1915,0.1715,4.9867,0.5357,0.3214,0.1429,1.0000,0.0000,5.1643,1.4250,0.8298
4,3,3923,3924,2,1,2,1.0000,3923.478,742.000,226.435,8.2182,14.0000,1.2174,0.6792,5.0035,0.0000,0.7500,0.2500,0.0000,0.0000,3.9301,1.0720,0.8261
5,3,3924,3925,2,2,2,0.6250,3924.604,316.396,429.849,8.4731,12.0000,1.1321,0.7378,4.2905,0.3432,0.2505,0.4063,0.6059,0.3645,4.6462,1.4299,0.6792
11,3,3925,3928,4,2,3,0.4583,3926.812,472.562,168.357,12.0833,17.0000,1.6696,0.6922,6.0834,0.5871,0.1753,0.2376,0.9445,0.1544,3.5801,1.0732,0.4018
3,3,3936,3938,3,1,1,1.0000,3936.974,1159.000,790.000,8.0981,14.0000,1.0769,0.0256,5.0351,0.8889,0.0000,0.1111,1.0000,0.0000,5.0325,1.2588,1.0000
6,3,3952,3954,3,2,1,1.0000,3953.045,597.530,871.000,9.8014,13.0000,1.1818,0.4719,4.7287,0.5556,0.3333,0.1111,1.0000,0.0000,4.3662,0.9091,0.5606
5,3,3955,3957,3,2,2,0.4167,3955.706,895.863,404.157,8.3160,12.0000,1.1765,0.7360,4.3804,0.6338,0.1686,0.1975,0.9585,0.2851,5.0997,1.6404,0.7059
7,3,3959,3962,4,2,2,0.4375,3960.465,549.268,368.887,9.8281,13.0000,1.2817,0.6089,4.7635,0.7558,0.1056,0.1386,0.9795,0.1648,3.6653,0.0000,0.5211
6,3,3976,3978,3,3,1,0.6667,3977.000,941.742,406.000,9.4356,12.0000,1.1613,0.7419,4.4785,0.6944,0.2222,0.0833,0.8000,0.0000,4.6566,0.7458,0.5806
6,3,3989,3991,3,2,2,0.5000,3990.470,636.803,262.455,10.2005,13.0000,1.1818,1.0643,4.9245,0.6373,0.1269,0.2358,0.8795,0.0724,4.7314,0.7563,0.5758
23,7,3994,3997,4,4,5,0.2875,3995.984,354.886,329.744,20.1744,25.0000,2.2638,0.2807,9.5231,0.2021,0.3466,0.4513,0.3546,0.7543,4.1864,1.5260,0.4291
11,4,4002,4004,3,2,4,0.4583,4002.845,587.417,375.767,11.9173,13.0000,1.3883,0.5027,4.9895,0.6764,0.1561,0.1674,0.4773,0.0817,3.8384,1.3429,0.4563
9,4,4002,4005,4,3,3,0.2500,4003.462,1032.813,690.000,11.6477,15.0000,1.4835,0.5699,5.7631,0.3332,0.4170,0.2497,0.8466,0.2927,3.4610,1.5366,0.5714
4,3,4007,4009,3,2,1,0.6667,4008.149,770.830,541.000,9.0673,14.0000,1.1915,0.2262,5.4010,0.7500,0.1500,0.1000,0.9487,0.0000,5.2081,1.9297,0.8298
9,3,4012,4015,4,3,2,0.3750,4013.713,847.375,701.362,10.3456,11.0000,1.2375,1.8654,4.2647,0.7458,0.1069,0.1473,0.8450,0.2848,3.1057,0.7780,0.4125
5,3,4014,4015,2,2,2,0.6250,4014.714,1169.224,423.367,8.5098,13.0000,1.3265,0.5167,5.0497,0.3432,0.2505,0.4063,0.6059,0.3645,4.6606,1.1653,0.7143
9,3,4015,4017,3,2,3,0.5000,4015.952,860.500,638.952,10.8862,12.0000,1.2857,1.1618,4.6701,0.0992,0.6353,0.2655,0.4372,0.0930,4.2795,1.9404,0.5357
14,5,4016,4018,3,2,5,0.4667,4016.952,460.612,359.218,15.2891,14.0000,1.3333,1.3762,5.4485,0.6145,0.2507,0.1348,0.2684,0.3405,4.4748,1.1679,0.6054
10,4,4016,4019,4,2,2,0.6250,4017.355,884.645,430.720,11.4492,12.0000,1.2903,0.5744,4.6701,0.6582,0.0445,0.2973,0.9871,0.0888,3.3091,1.1673,0.4839
5,3,4017,4018,2,2,2,0.6250,4017.396,768.458,477.854,8.3573,11.0000,1.1458,0.6229,4.2850,0.3432,0.2505,0.4063,0.6059,0.3645,4.6701,1.5567,0.6875
9,3,4018,4021,4,2,3,0.3750,4019.410,1086.434,735.096,10.7914,14.0000,1.5181,0.7055,5.4586,0.4494,0.2081,0.3425,0.9781,0.2063,3.5084,0.7818,0.4699
3,3,4019,4021,3,1,1,1.0000,4020.000,990.000,418.000,7.6608,12.0000,1.0588,0.0000,4.6831,0.8889,0.0000,0.1111,1.0000,0.0000,4.6867,1.3657,1.0000
4,3,4020,4021,2,1,3,0.6667,4020.452,769.000,244.095,8.1989,12.0000,1.1429,0.4623,4.6874,0.7576,0.1294,0.1129,0.5257,0.0000,4.8786,1.5603,0.8333
4,3,4030,4033,4,1,1,1.0000,4031.659,777.000,502.000,8.0822,12.0000,1.1707,0.3415,4.7324,0.9375,0.0000,0.0625,1.0000,0.0000,3.9446,1.5757,0.8293
6,3,4031,4033,3,2,2,0.5000,4031.897,920.603,655.259,9.3371,12.0000,1.2414,0.6646,4.7324,0.6381,0.1455,0.2164,0.8019,0.3768,4.3362,0.9856,0.5862
4,3,4036,4038,3,2,1,0.6667,4036.651,630.256,351.000,8.5107,14.0000,1.3023,0.4326,5.5433,0.7500,0.1500,0.1000,0.9487,0.0000,3.9571,1.9782,0.8372
3,3,4039,4041,3,1,1,1.0000,4040.000,917.000,361.000,7.7904,12.0000,1.0588,0.0000,4.7624,0.8889,0.0000,0.1111,1.0000,0.0000,4.7650,0.7937,1.0000
6,3,4040,4042,3,2,2,0.5000,4041.196,887.125,496.554,9.0811,13.0000,1.3929,0.5035,5.1631,0.3810,0.3333,0.2857,0.9487,0.1690,4.3698,1.5889,0.6250
3,3,4053,4055,3,1,1,1.0000,4053.944,740.000,108.000,8.3252,13.0000,1.0833,0.9444,5.2043,0.8889,0.0000,0.1111,1.0000,0.0000,4.4057,1.2027,1.0000
5,3,4054,4056,3,2,2,0.4167,4054.830,704.132,395.849,9.4986,15.0000,1.4151,0.2628,6.0118,0.6489,0.0995,0.2515,0.9362,0.2726,5.2121,1.6031,0.7170
28,3,4055,4060,6,5,5,0.1867,4058.112,212.971,1090.554,18.3587,12.0000,1.3884,1.9849,4.8193,0.4951,0.3585,0.1464,0.5778,0.0505,2.8105,0.8036,0.2314
38,4,4055,4060,6,9,4,0.1759,4058.295,482.220,1291.720,21.8822,13.0000,1.4702,4.0192,5.2234,0.6873,0.2878,0.0249,0.1326,0.0691,2.8131,0.8038,0.1845
25,3,4056,4060,5,5,4,0.2500,4058.726,209.731,1085.736,16.7044,12.0000,1.4423,1.0725,4.8216,0.2666,0.4043,0.3291,0.9770,0.1826,2.8106,0.8030,0.1683
44,4,4056,4060,5,11,4,0.2000,4058.644,516.385,1303.542,22.4579,13.0000,1.5418,2.1575,5.2234,0.8707,0.1100,0.0192,0.0873,0.0388,3.6123,0.8043,0.2453
28,4,4057,4060,4,6,7,0.1667,4059.008,220.963,1101.300,18.2151,16.0000,1.8667,1.8973,6.4287,0.7907,0.1707,0.0386,0.2594,0.0903,2.0099,0.0021,0.2083
12,3,4058,4060,3,3,5,0.2667,4059.533,139.028,964.224,12.4080,12.0000,1.3458,0.5191,4.8216,0.7161,0.1800,0.1038,0.1129,0.2619,3.0135,0.8040,0.3178
7,3,4058,4060,3,3,1,0.7778,4059.200,729.308,1333.000,9.8674,11.0000,1.1846,0.3670,4.4198,0.4747,0.4312,0.0941,0.8619,0.0000,3.2131,1.2047,0.5077
5,3,4058,4060,3,2,1,0.8333,4059.306,946.531,1288.000,8.8019,12.0000,1.2245,0.6126,4.8193,0.5854,0.2927,0.1220,0.9487,0.0000,4.0180,0.8030,0.6939
5,3,4059,4060,2,4,1,0.6250,4059.471,760.275,389.000,9.1618,13.0000,1.2745,0.5963,5.2234,0.8532,0.0807,0.0661,0.3583,0.0000,4.0161,1.2050,0.6863
