n_voxels,n_seed,z_min,z_max,z_extent,y_extent,x_extent,fill,centroid_z,centroid_y,centroid_x,snr_cluster,r_peak,r_peak_ratio,peak_offset,snr_peak,linearity,planarity,sphericity,axis_z,normal_z,edge_contrast,decay_drop,seed_grown_ratio
55,4,200,202,3,4,16,0.2865,200.514,213.110,693.224,26.7735,15.0000,1.3285,3.9692,4.7961,0.9638,0.0144,0.0218,0.0191,0.9255,2.8776,0.9592,0.2110
25,3,200,203,4,3,6,0.3472,200.909,212.263,704.128,17.5217,16.0000,1.4599,1.9215,5.1158,0.6264,0.1200,0.2536,0.2450,0.0275,2.8776,0.9592,0.1642
27,5,200,202,3,5,6,0.3000,200.588,214.418,758.116,19.5677,19.0000,1.6132,1.1353,6.0750,0.6130,0.2247,0.1623,0.0427,0.9990,2.5579,0.9592,0.2547
61,3,200,203,4,6,13,0.1955,200.797,214.909,767.295,26.4052,15.0000,1.4186,0.3693,4.7961,0.9057,0.0505,0.0438,0.0038,0.9793,2.5579,0.9592,0.0667
17,3,200,203,4,2,5,0.4250,200.755,214.375,674.587,14.2688,15.0000,1.3859,1.1427,4.7961,0.7099,0.1482,0.1419,0.4416,0.0706,2.2382,0.6395,0.2337
57,5,200,202,3,6,10,0.3167,200.652,217.660,791.649,26.6384,18.0000,1.6312,1.4286,5.7553,0.6816,0.2260,0.0924,0.0114,0.9998,2.8777,1.2790,0.2226
44,3,200,202,3,5,12,0.2444,200.565,222.110,812.644,23.1854,18.0000,1.6466,3.4046,5.7553,0.9546,0.0093,0.0361,0.0432,0.9784,2.8776,1.2790,0.1351
35,5,200,202,3,6,9,0.2160,200.560,223.705,823.087,21.2400,17.0000,1.5140,1.3679,5.4356,0.7983,0.1230,0.0787,0.1235,0.9911,2.8777,1.2790,0.2036
49,4,200,202,3,6,10,0.2722,200.608,232.469,861.684,24.2545,19.0000,1.7533,1.5241,6.0750,0.8218,0.1177,0.0606,0.0226,0.9972,2.5579,1.2790,0.1507
40,4,200,202,3,3,12,0.3704,200.662,232.376,716.277,22.2948,19.0000,1.7234,3.3525,6.0750,0.9516,0.0036,0.0447,0.0475,0.5193,2.5579,0.9592,0.1814
69,4,200,203,4,4,13,0.3317,200.667,232.659,730.309,29.9083,19.0000,1.6873,1.5080,6.0750,0.9205,0.0245,0.0551,0.0275,0.9994,2.8777,0.9592,0.2368
94,5,200,203,4,5,23,0.2043,200.684,233.569,687.135,34.5285,17.0000,1.5263,3.2372,5.4356,0.9834,0.0022,0.0143,0.0154,0.6437,3.1974,0.9592,0.1843
70,5,200,203,4,4,19,0.2303,200.630,234.228,753.837,30.1907,19.0000,1.6835,3.8948,6.0750,0.9776,0.0021,0.0202,0.0134,0.0914,2.8777,1.2790,0.2392
20,4,200,201,2,4,6,0.4167,200.397,234.671,766.000,15.6576,14.0000,1.2785,2.1467,4.4763,0.7801,0.1137,0.1062,0.0279,0.9957,2.5579,0.9592,0.2557
30,5,200,202,3,5,7,0.2857,200.737,235.622,772.844,19.7895,18.0000,1.5929,1.4225,5.7553,0.7621,0.1085,0.1294,0.0755,0.9899,2.7178,0.9592,0.2684
39,3,200,202,3,5,6,0.4333,200.720,235.852,872.815,21.0429,16.0000,1.5182,1.3681,5.1158,0.1663,0.5625,0.2711,0.0543,0.9309,2.5579,0.6395,0.1411
37,4,200,203,4,4,11,0.2102,200.537,243.768,820.795,21.0259,16.0000,1.4800,0.9592,5.1158,0.9456,0.0112,0.0431,0.0636,0.9911,2.5579,0.6395,0.2575
56,6,200,202,3,5,12,0.3111,200.555,246.156,833.184,26.8752,16.0000,1.4245,3.2361,5.1158,0.8739,0.0725,0.0536,0.0471,0.9803,2.8776,1.2790,0.1860
54,4,200,202,3,6,13,0.2308,200.455,249.243,845.305,25.2363,16.0000,1.4897,1.5759,5.1158,0.9262,0.0488,0.0249,0.0023,0.9980,2.5579,0.6395,0.1500
24,3,200,202,3,3,8,0.3333,200.484,253.602,749.129,18.2093,15.0000,1.2903,2.0242,4.7961,0.8798,0.0286,0.0916,0.0135,0.8555,3.5171,0.9592,0.2616
13,3,200,202,3,2,5,0.4333,200.444,254.646,666.653,12.7699,15.0000,1.3542,1.4622,4.7961,0.6627,0.1563,0.1810,0.0653,0.1841,2.8777,0.6395,0.2986
36,5,200,202,3,5,6,0.4000,200.570,256.024,869.623,21.7955,16.0000,1.4083,1.2741,5.1158,0.6429,0.1747,0.1824,0.0969,0.9645,2.8776,1.2790,0.2152
10,4,200,201,2,3,3,0.5556,200.260,257.878,644.687,13.2454,21.0000,1.6031,0.4245,6.7145,0.1832,0.3552,0.4616,0.2094,0.9688,2.8776,0.6395,0.5267
37,3,200,201,2,6,11,0.2803,200.180,261.780,813.590,20.7631,16.0000,1.4987,4.4193,5.1158,0.8391,0.1345,0.0265,0.0291,0.9969,2.5579,0.6395,0.1823
10,3,200,201,2,3,3,0.5556,200.267,267.308,834.833,12.1332,16.0000,1.3333,0.9277,5.1158,0.4646,0.1560,0.3794,0.0628,0.9623,2.7178,0.9592,0.3833
18,3,200,202,3,4,4,0.3750,200.440,292.120,956.605,15.0726,14.0000,1.2600,1.3469,4.4763,0.3523,0.3579,0.2898,0.2012,0.9504,2.8776,0.6395,0.2100
17,3,200,202,3,4,7,0.2024,200.396,318.843,999.051,15.2770,15.0000,1.2944,1.0405,4.7961,0.7470,0.1335,0.1195,0.1039,0.9284,2.5579,0.3197,0.2944
8,3,200,203,4,2,2,0.5000,201.109,587.891,862.565,10.4001,15.0000,1.3043,0.9976,4.7961,0.7589,0.1106,0.1304,0.9682,0.0838,3.9967,1.5987,0.4674
9,3,200,202,3,2,4,0.3750,200.584,615.920,719.896,13.3224,24.0000,1.7280,1.2515,7.6737,0.4460,0.3902,0.1638,0.0154,0.1969,3.1974,0.3197,0.5760
20,3,200,203,4,2,6,0.4167,200.983,638.609,740.426,16.8015,21.0000,1.7872,1.8970,6.7145,0.3237,0.5766,0.0998,0.2037,0.0631,3.9967,1.9184,0.3617
5,3,200,201,2,1,3,0.8333,200.377,640.000,745.710,9.8664,17.0000,1.2319,0.8039,5.4356,0.5854,0.2927,0.1220,0.3162,0.0000,4.7961,1.2790,0.6957
17,3,200,203,4,3,6,0.2361,201.086,645.569,768.538,15.2770,18.0000,1.5533,0.6380,5.7553,0.5935,0.3169,0.0896,0.1693,0.1345,3.8369,0.9592,0.3858
17,3,200,202,3,6,3,0.3148,200.849,689.429,620.234,15.8973,18.0000,1.4927,0.5118,5.7553,0.6125,0.1856,0.2019,0.0940,0.3361,2.8777,0.9592,0.4098
9,5,200,202,3,3,1,1.0000,200.828,695.793,619.000,15.4540,31.0000,1.9241,1.1463,9.9119,0.0000,0.8889,0.1111,1.0000,0.0000,4.4763,1.4388,0.6828
4,3,200,201,2,1,2,1.0000,200.463,945.000,940.519,8.6329,15.0000,1.1111,0.6951,4.7961,0.0000,0.7500,0.2500,0.0000,0.0000,4.7961,1.5987,0.7963
7,3,200,203,4,2,2,0.4375,201.695,1287.756,618.890,9.9097,15.0000,1.2805,1.7161,4.7961,0.7514,0.0882,0.1604,0.9757,0.1283,3.5171,1.5987,0.5366
5,4,225,226,2,2,2,0.6250,225.587,965.480,772.813,10.7206,20.0000,1.3333,0.8059,6.3927,0.3432,0.2505,0.4063,0.6059,0.3645,4.7943,2.0775,0.8533
4,3,228,229,2,3,1,0.6667,228.726,1074.081,564.000,9.9067,20.0000,1.2903,0.2858,6.3913,0.5357,0.3214,0.1429,0.0000,0.0000,5.4328,1.2783,0.8387
8,3,230,232,3,3,3,0.2963,231.152,959.837,528.902,10.3928,17.0000,1.4783,0.8689,5.4314,0.1275,0.5482,0.3243,0.9007,0.4344,3.1954,1.2781,0.5109
4,3,230,232,3,2,1,0.6667,230.966,1230.259,891.000,9.2661,15.0000,1.0345,0.9996,4.7931,0.5357,0.3214,0.1429,1.0000,0.0000,5.1123,0.9585,0.7759
4,3,236,237,2,1,2,1.0000,236.472,743.000,946.472,8.4627,14.0000,1.0566,0.6671,4.4711,0.0000,0.7500,0.2500,0.0000,0.0000,5.1094,0.6389,0.7925
5,3,245,247,3,2,1,0.8333,246.258,1102.545,543.000,9.4109,16.0000,1.2121,0.5225,5.1017,0.5854,0.2927,0.1220,0.9487,0.0000,5.1008,1.2754,0.6970
4,3,246,247,2,2,2,0.5000,246.436,964.727,740.164,8.7678,16.0000,1.1636,0.5400,5.1017,0.5916,0.1015,0.3069,0.7071,0.7071,4.7824,0.6377,0.8364
5,3,252,254,3,2,2,0.4167,252.855,891.870,902.812,9.8228,16.0000,1.1594,0.8852,5.0944,0.6489,0.0995,0.2515,0.9362,0.2726,5.0915,1.2726,0.6812
4,3,254,256,3,2,1,0.6667,254.926,430.444,733.000,8.5896,16.0000,1.1852,0.4506,5.0900,0.7576,0.1294,0.1129,0.8507,0.0000,4.7726,0.7954,0.8148
5,4,255,256,2,2,2,0.6250,255.449,453.870,937.551,9.8153,16.0000,1.1594,0.7897,5.0884,0.3432,0.2505,0.4063,0.6059,0.3645,5.4062,0.9550,0.8696
4,3,257,258,2,3,1,0.6667,257.442,1236.904,662.000,8.2649,15.0000,1.1538,0.4526,4.7689,0.7576,0.1294,0.1129,0.5257,0.0000,4.7682,1.2719,0.8269
5,3,258,259,2,2,2,0.6250,258.400,778.457,355.857,9.9480,17.0000,1.2143,0.6893,5.4030,0.3432,0.2505,0.4063,0.6059,0.3645,5.4006,1.9067,0.6714
3,3,259,261,3,1,1,1.0000,260.000,1095.000,642.000,8.4348,16.0000,1.0435,1.0000,5.0834,0.8889,0.0000,0.1111,1.0000,0.0000,5.7151,1.9067,1.0000
5,3,260,261,2,2,2,0.6250,260.540,812.460,695.143,8.9464,15.0000,1.1905,0.7765,4.7640,0.3432,0.2505,0.4063,0.6059,0.3645,4.7623,1.1117,0.6825
4,3,261,262,2,2,1,1.0000,261.556,793.444,436.000,8.5703,15.0000,1.1111,0.7115,4.7623,0.0000,0.7500,0.2500,1.0000,0.0000,5.0776,1.9035,0.8333
3,3,262,263,2,2,1,0.7500,262.689,1023.644,868.000,8.2432,16.0000,1.0667,0.7156,5.0759,0.5333,0.2667,0.2000,0.7071,0.0000,5.0763,0.9523,1.0000
4,3,266,267,2,2,1,1.0000,266.571,943.554,689.000,8.8698,17.0000,1.2143,0.6188,5.3843,0.0000,0.7500,0.2500,1.0000,0.0000,4.5933,0.4754,0.8214
5,3,267,268,2,2,2,0.6250,267.592,935.606,806.183,10.0540,16.0000,1.1268,0.5966,5.0653,0.3432,0.2505,0.4063,0.6059,0.3645,4.7508,1.2674,0.6338
7,4,270,272,3,2,2,0.5833,271.021,679.777,399.617,11.2323,19.0000,1.4149,0.6566,6.0069,0.6517,0.0773,0.2710,0.8881,0.0000,5.0580,1.2642,0.6809
3,3,271,272,2,1,2,0.7500,271.622,1193.000,619.689,8.2114,17.0000,1.1333,0.6957,5.3746,0.5333,0.2667,0.2000,0.7071,0.0000,5.0557,1.8961,1.0000
6,3,271,272,2,4,2,0.3750,271.333,1291.853,819.147,9.6786,15.0000,1.2000,0.9278,4.7423,0.8265,0.0815,0.0920,0.2707,0.6570,4.5833,1.8963,0.5867
7,3,273,275,3,2,3,0.3889,273.648,664.132,1081.703,10.8600,16.0000,1.2308,0.7251,5.0535,0.2661,0.4704,0.2635,0.6546,0.0506,4.4193,1.2634,0.5165
3,3,274,276,3,1,1,1.0000,275.020,790.000,585.000,9.1085,17.0000,1.0200,0.0200,5.3640,0.8889,0.0000,0.1111,1.0000,0.0000,5.6769,1.8916,1.0000
4,3,274,276,3,2,1,0.6667,274.607,1074.262,395.000,9.6256,18.0000,1.1803,0.6608,5.6824,0.7500,0.1500,0.1000,0.9487,0.0000,5.5229,1.5778,0.8361
8,3,276,278,3,2,2,0.6667,277.121,1075.788,665.616,11.0319,16.0000,1.2929,0.6628,5.0433,0.4961,0.2369,0.2670,0.9586,0.0986,4.5700,1.2605,0.4545
7,3,280,282,3,2,2,0.5833,281.154,972.758,950.615,10.8167,19.0000,1.4615,0.4796,5.9758,0.3883,0.1309,0.4808,0.9235,0.3259,3.7765,1.2582,0.5275
5,3,286,287,2,2,2,0.6250,286.413,686.857,977.635,8.8330,17.0000,1.3492,0.7061,5.3277,0.3432,0.2505,0.4063,0.6059,0.3645,5.0167,1.2532,0.7143
8,3,287,289,3,2,3,0.4444,288.133,903.490,397.112,10.8509,15.0000,1.2245,0.5197,4.6980,0.5543,0.2671,0.1786,0.7832,0.2710,4.6978,1.7223,0.4388
4,3,290,291,2,1,2,1.0000,290.554,975.000,1015.571,8.7552,17.0000,1.2143,0.6188,5.3141,0.0000,0.7500,0.2500,0.0000,0.0000,4.8470,1.2508,0.8214
5,3,290,292,3,2,2,0.4167,290.734,1163.219,1059.172,8.9486,15.0000,1.1719,0.7853,4.6920,0.6489,0.0995,0.2515,0.9362,0.2726,4.6891,1.0942,0.6875
5,3,292,294,3,2,1,0.8333,293.288,1023.485,419.000,9.2125,17.0000,1.2879,0.8789,5.3034,0.5854,0.2927,0.1220,0.9487,0.0000,4.6827,1.5607,0.6970
9,3,293,296,4,2,2,0.5625,294.368,834.396,593.736,11.0200,18.0000,1.5283,0.7914,5.6115,0.6696,0.0941,0.2363,0.9599,0.0218,3.7453,1.2483,0.4528
7,3,294,296,3,2,2,0.5833,295.494,666.398,804.229,9.7766,17.0000,1.4337,0.6830,5.2961,0.5694,0.1270,0.3036,0.8963,0.4170,3.4277,1.0910,0.5542
4,3,294,295,2,2,1,1.0000,294.564,1077.564,523.000,8.5757,16.0000,1.1636,0.6171,4.9880,0.0000,0.7500,0.2500,1.0000,0.0000,4.9893,0.6234,0.8364
3,3,294,296,3,1,1,1.0000,294.925,1109.000,1025.000,9.5399,21.0000,1.1887,0.0755,6.5468,0.8889,0.0000,0.1111,1.0000,0.0000,5.9275,1.8699,1.0000
7,3,295,297,3,2,3,0.3889,295.663,1082.120,1032.141,10.8354,18.0000,1.3696,0.9302,5.6076,0.6023,0.2183,0.1794,0.6617,0.3765,4.6756,1.7130,0.5435
6,3,299,301,3,1,3,0.6667,300.202,776.000,1094.833,10.6510,22.0000,1.5714,0.8148,6.8290,0.6944,0.2222,0.0833,0.8000,0.0000,4.0380,1.2417,0.6548
4,3,303,304,2,1,2,1.0000,303.474,780.000,698.526,8.8301,16.0000,1.1228,0.7081,4.9591,0.0000,0.7500,0.2500,0.0000,0.0000,4.9572,0.9310,0.8070
7,3,303,306,4,2,3,0.2917,304.112,913.133,868.857,11.4706,20.0000,1.4286,0.2250,6.1941,0.8404,0.0680,0.0916,0.8948,0.3366,4.6491,1.7012,0.5204
3,3,304,306,3,1,1,1.0000,304.955,956.000,994.000,7.8617,16.0000,1.0909,0.9545,4.9553,0.8889,0.0000,0.1111,1.0000,0.0000,4.6417,0.6183,1.0000
6,3,305,306,2,2,3,0.5000,305.526,528.526,583.026,9.5978,15.0000,1.1842,0.6704,4.6384,0.6168,0.1058,0.2774,0.5000,0.5000,4.4856,1.2377,0.5658
3,3,305,306,2,1,2,0.7500,305.320,812.000,868.280,8.9313,20.0000,1.2000,0.4252,6.1893,0.5333,0.2667,0.2000,0.7071,0.0000,5.5660,1.2386,1.0000
5,3,306,308,3,2,1,0.8333,307.217,1106.362,873.000,9.5329,20.0000,1.4493,0.4225,6.1797,0.5854,0.2927,0.1220,0.9487,0.0000,4.9397,0.6193,0.7391
3,3,306,308,3,1,1,1.0000,307.023,1210.000,810.000,7.6707,15.0000,1.0465,0.9767,4.6311,0.8889,0.0000,0.1111,1.0000,0.0000,4.6386,0.9262,1.0000
4,3,308,309,2,1,2,1.0000,308.534,1004.000,824.483,8.9496,17.0000,1.1724,0.6959,5.2444,0.0000,0.7500,0.2500,0.0000,0.0000,4.9378,1.2340,0.8103
3,3,310,310,1,1,3,1.0000,310.000,843.000,961.977,7.8305,15.0000,1.0227,0.9773,4.6237,0.8889,0.0000,0.1111,0.0000,1.0000,5.2399,1.5415,1.0000
3,3,311,313,3,1,1,1.0000,311.938,867.000,567.000,8.5290,17.0000,1.0625,0.9375,5.2359,0.8889,0.0000,0.1111,1.0000,0.0000,5.5392,1.2302,1.0000
4,3,311,313,3,2,1,0.6667,312.246,966.807,1038.000,8.7690,17.0000,1.1930,0.7787,5.2274,0.7500,0.1500,0.1000,0.9487,0.0000,4.7716,1.2319,0.8070
4,3,311,312,2,3,1,0.6667,311.442,1074.904,834.000,8.0050,15.0000,1.1538,0.4526,4.6200,0.7576,0.1294,0.1129,0.5257,0.0000,4.6183,0.9234,0.8269
7,3,313,314,2,2,3,0.5833,313.678,981.517,531.885,10.1058,16.0000,1.2874,0.8606,4.9199,0.3883,0.1309,0.4808,0.1253,0.7549,3.9975,1.5360,0.5402
5,3,313,314,2,2,2,0.6250,313.476,1020.524,817.841,8.6602,16.0000,1.2698,0.7576,4.9159,0.3432,0.2505,0.4063,0.6059,0.3645,4.6087,1.2299,0.6984
7,3,314,316,3,2,2,0.5833,315.100,867.600,702.288,9.2818,15.0000,1.3125,0.5026,4.6049,0.3883,0.1309,0.4808,0.9235,0.3259,3.3791,1.0737,0.5375
4,3,314,316,3,2,1,0.6667,315.373,1166.275,852.000,7.8259,14.0000,1.0980,0.4628,4.2979,0.7500,0.1500,0.1000,0.9487,0.0000,4.6011,0.9214,0.8235
4,3,314,315,2,2,1,1.0000,314.564,1264.418,605.000,8.4453,17.0000,1.2364,0.6044,5.2189,0.0000,0.7500,0.2500,1.0000,0.0000,4.7600,1.2287,0.8364
4,3,316,318,3,1,2,0.6667,317.071,330.000,581.464,8.5811,16.0000,1.1429,1.0382,4.8997,0.7576,0.1294,0.1129,0.8507,0.0000,4.5973,1.5334,0.7857
3,3,316,317,2,1,2,0.7500,316.667,994.000,926.333,8.4959,16.0000,1.0000,0.7454,4.9078,0.5333,0.2667,0.2000,0.7071,0.0000,5.5173,1.3792,1.0000
7,3,317,318,2,2,3,0.5833,317.372,777.581,808.174,9.9593,16.0000,1.3023,0.7120,4.9038,0.5352,0.1763,0.2885,0.5345,0.8125,4.5925,1.5324,0.5116
7,3,317,319,3,3,2,0.3889,318.000,800.170,549.886,10.1856,18.0000,1.4318,0.2049,5.5122,0.6788,0.0891,0.2320,0.7979,0.1151,4.2847,1.0726,0.5227
5,3,318,320,3,2,2,0.4167,319.313,807.179,1075.761,9.1658,16.0000,1.1940,1.0406,4.8916,0.6489,0.0995,0.2515,0.9362,0.2726,4.5899,1.8373,0.6716
6,3,319,321,3,2,2,0.5000,319.959,607.315,937.712,9.1116,15.0000,1.2329,1.1251,4.5821,0.3218,0.4574,0.2208,0.9366,0.3505,4.5849,1.0712,0.5890
4,3,319,320,2,2,1,1.0000,319.473,763.545,332.000,8.4111,15.0000,1.0909,0.6558,4.5897,0.0000,0.7500,0.2500,1.0000,0.0000,5.0468,1.8346,0.8000
6,3,319,321,3,3,2,0.3333,319.958,978.722,524.125,8.9868,15.0000,1.2500,0.7341,4.5859,0.5384,0.1347,0.3269,0.5521,0.1164,4.1262,0.9173,0.5972
3,3,323,325,3,1,1,1.0000,323.979,1059.000,403.000,8.2688,16.0000,1.0213,0.9787,4.8795,0.8889,0.0000,0.1111,1.0000,0.0000,5.1799,1.5251,1.0000
4,3,324,326,3,1,2,0.6667,325.103,800.000,512.448,8.8289,16.0000,1.1034,0.4601,4.8715,0.7576,0.1294,0.1129,0.8507,0.0000,5.4775,1.5224,0.8276
4,3,324,325,2,1,2,1.0000,324.435,879.000,1107.484,9.4429,19.0000,1.2258,0.6510,5.7897,0.0000,0.7500,0.2500,0.0000,0.0000,4.8735,1.2186,0.7903
5,3,326,328,3,1,2,0.8333,326.824,583.000,715.368,9.2454,15.0000,1.1029,0.4078,4.5596,0.5854,0.2927,0.1220,0.9487,0.0000,3.9490,1.5210,0.6324
4,3,328,330,3,1,2,0.6667,329.123,290.000,668.561,8.6486,17.0000,1.1930,0.9807,5.1552,0.7576,0.1294,0.1129,0.8507,0.0000,5.1581,1.0632,0.8246
4,3,329,330,2,1,3,0.6667,329.519,785.000,951.074,8.1908,16.0000,1.1852,0.5238,4.8558,0.7576,0.1294,0.1129,0.5257,0.0000,4.5488,0.4554,0.8148
5,3,331,333,3,1,2,0.8333,332.277,437.000,603.631,8.7994,17.0000,1.3077,0.4615,5.1471,0.5854,0.2927,0.1220,0.9487,0.0000,4.5376,0.9088,0.6923
4,3,332,333,2,2,2,0.5000,332.712,848.254,618.831,8.9269,17.0000,1.1525,0.7747,5.1471,0.0000,0.5625,0.4375,0.4459,0.5774,5.1432,1.0595,0.8305
5,3,333,334,2,2,3,0.4167,333.233,813.795,877.000,9.8752,19.0000,1.3014,0.3106,5.7483,0.4138,0.1655,0.4207,0.0000,0.7071,5.1425,1.9650,0.6986
3,3,335,336,2,1,2,0.7500,335.311,587.000,983.311,7.8465,17.0000,1.1333,0.4400,5.1354,0.5333,0.2667,0.2000,0.7071,0.0000,4.5306,0.6047,1.0000
6,3,335,336,2,2,2,0.7500,335.448,864.724,1156.655,10.7257,19.0000,1.3103,0.8404,5.7396,0.2000,0.3333,0.4667,0.0000,0.0000,4.5294,1.2083,0.5977
5,4,337,338,2,3,2,0.4167,337.149,1153.000,877.627,9.0371,15.0000,1.1194,0.6444,4.5246,0.1521,0.5234,0.3245,0.0000,0.8112,4.5244,1.5082,0.8507
3,3,338,339,2,2,1,0.7500,338.333,680.667,552.000,7.3073,14.0000,1.0000,0.7454,4.2199,0.5333,0.2667,0.2000,0.7071,0.0000,4.5211,1.2059,1.0000
3,3,338,339,2,2,1,0.7500,338.333,1131.667,995.000,7.3073,14.0000,1.0000,0.7454,4.2199,0.5333,0.2667,0.2000,0.7071,0.0000,4.5213,1.5063,1.0000
5,3,341,342,2,2,2,0.6250,341.448,1143.552,857.149,9.0100,16.0000,1.1940,0.7265,4.8127,0.3432,0.2505,0.4063,0.6059,0.3645,4.5095,1.2024,0.6866
5,3,343,344,2,2,2,0.6250,343.565,979.855,840.522,9.2660,17.0000,1.2319,0.6944,5.1034,0.3432,0.2505,0.4063,0.6059,0.3645,4.8071,1.6522,0.6812
3,3,346,347,2,1,2,0.7500,346.674,919.000,1011.674,7.9595,16.0000,1.0435,0.4612,4.7943,0.5333,0.2667,0.2000,0.7071,0.0000,5.0967,1.9474,1.0000
4,3,348,350,3,1,2,0.6667,349.119,480.000,636.458,8.8287,17.0000,1.1525,0.5552,5.0880,0.7576,0.1294,0.1129,0.8507,0.0000,5.3851,1.7945,0.8305
4,3,352,353,2,1,2,1.0000,352.417,824.000,925.467,8.9623,18.0000,1.2000,0.6768,5.3785,0.0000,0.7500,0.2500,0.0000,0.0000,5.3765,1.4936,0.8333
6,3,356,358,3,1,3,0.6667,356.938,941.000,873.788,9.7356,16.0000,1.2000,0.2215,4.7693,0.6944,0.2222,0.0833,0.8000,0.0000,4.3231,0.8943,0.5750
3,3,364,365,2,2,1,0.7500,364.340,898.320,468.000,8.5797,17.0000,1.0200,0.4669,5.0532,0.5333,0.2667,0.2000,0.7071,0.0000,5.3486,2.0798,1.0000
4,3,371,372,2,2,2,0.5000,371.182,706.455,987.727,8.1557,15.0000,1.0909,0.8767,4.4488,0.5916,0.1015,0.3069,0.5000,0.5000,5.0416,1.4828,0.8182
6,3,374,376,3,2,2,0.5000,375.286,836.119,545.524,10.1595,19.0000,1.3571,0.5679,5.6292,0.6373,0.1269,0.2358,0.8795,0.0724,4.7401,1.4813,0.5833
10,3,385,388,4,3,2,0.4167,387.105,894.798,615.161,11.5891,20.0000,1.6129,0.9317,5.9101,0.6634,0.1586,0.1779,0.8474,0.0699,3.5472,1.4777,0.4032
8,4,393,395,3,3,2,0.4444,393.945,744.174,996.817,11.3774,18.0000,1.3211,0.9783,5.3149,0.2835,0.5426,0.1739,0.3145,0.3486,4.7233,1.4759,0.5963
3,3,394,396,3,1,1,1.0000,395.074,978.000,937.000,9.2029,20.0000,1.1111,0.0741,5.9037,0.8889,0.0000,0.1111,1.0000,0.0000,5.9031,1.4757,1.0000
7,3,397,400,4,2,2,0.4375,398.596,790.556,857.879,11.0401,19.0000,1.3434,0.6976,5.6055,0.6023,0.2183,0.1794,0.9919,0.0509,4.4259,1.4754,0.5354
4,3,398,399,2,1,2,1.0000,398.448,572.000,985.431,8.5564,17.0000,1.1724,0.6219,5.0161,0.0000,0.7500,0.2500,0.0000,0.0000,5.1634,1.1803,0.8276
26,8,398,402,5,6,4,0.2167,399.708,576.394,1009.273,21.5798,25.0000,1.7426,0.8550,7.3757,0.1869,0.5307,0.2824,0.6702,0.4539,4.4243,1.4751,0.4397
5,3,399,401,3,3,1,0.5556,399.776,872.224,544.000,8.8391,17.0000,1.2687,0.3166,5.0148,0.8123,0.1108,0.0769,0.7071,0.0000,4.7198,1.1798,0.7015
4,4,411,412,2,1,2,1.0000,411.521,1003.000,845.479,10.4584,19.0000,1.0704,0.6772,5.5972,0.0000,0.7500,0.2500,0.0000,0.0000,6.1866,1.7675,1.0000
5,3,412,414,3,1,3,0.5556,412.542,448.000,1126.944,9.4850,17.0000,1.1806,0.4617,5.0075,0.3318,0.5530,0.1152,1.0000,0.0000,5.0079,1.4729,0.6806
3,3,416,417,2,1,2,0.7500,416.674,629.000,866.674,7.8201,16.0000,1.0435,0.4612,4.7111,0.5333,0.2667,0.2000,0.7071,0.0000,4.7115,1.0306,1.0000
4,3,419,421,3,2,1,0.6667,419.902,971.525,846.000,8.9781,18.0000,1.1803,0.5337,5.2985,0.7576,0.1294,0.1129,0.8507,0.0000,5.5930,2.0603,0.8197
3,3,420,422,3,1,1,1.0000,421.019,852.000,821.000,9.0065,22.0000,1.2453,0.0189,6.4754,0.8889,0.0000,0.1111,1.0000,0.0000,5.0033,1.4716,1.0000
6,4,424,425,2,1,3,1.0000,424.489,802.000,797.909,10.5711,19.0000,1.2955,0.4970,5.5909,0.5556,0.3333,0.1111,0.0000,0.0000,4.7080,0.8828,0.7500
3,3,439,440,2,2,1,0.7500,439.327,865.653,508.000,8.3152,17.0000,1.0408,0.7301,4.9969,0.5333,0.2667,0.2000,0.7071,0.0000,4.9968,1.3228,1.0000
6,3,452,455,4,2,2,0.3750,453.700,413.489,982.833,10.7911,20.0000,1.3333,0.8826,5.8741,0.7696,0.0995,0.1309,0.9136,0.2553,4.9927,1.4685,0.7333
4,3,456,457,2,1,2,1.0000,456.450,1076.000,998.467,8.8098,17.0000,1.1333,0.6978,4.9923,0.0000,0.7500,0.2500,0.0000,0.0000,4.4049,1.1746,0.8167
7,4,459,461,3,2,3,0.3889,459.888,815.571,930.020,10.8758,16.0000,1.1429,0.4435,4.6979,0.7348,0.1163,0.1489,0.5363,0.2107,4.6979,1.6149,0.6224
3,3,459,460,2,2,1,0.7500,459.326,939.348,895.000,7.7982,16.0000,1.0435,0.7292,4.6981,0.5333,0.2667,0.2000,0.7071,0.0000,4.6981,1.7617,1.0000
5,3,461,463,3,1,2,0.8333,462.242,915.000,867.379,8.6657,16.0000,1.2121,0.8470,4.6974,0.5854,0.2927,0.1220,0.9487,0.0000,4.6975,1.1744,0.6970
7,3,467,470,4,2,2,0.4375,468.419,701.581,1040.280,10.3178,17.0000,1.2796,0.7689,4.9901,0.7197,0.1146,0.1657,0.9107,0.4045,4.6964,1.1741,0.5054
3,3,471,472,2,1,2,0.7500,471.674,739.000,987.348,7.7948,16.0000,1.0435,0.7292,4.6960,0.5333,0.2667,0.2000,0.7071,0.0000,4.6961,0.5870,1.0000
4,3,475,476,2,3,1,0.6667,475.453,1005.078,732.000,9.3910,20.0000,1.2500,0.4598,5.8694,0.7576,0.1294,0.1129,0.5257,0.0000,5.2824,1.4673,0.8438
4,3,483,484,2,2,1,1.0000,483.517,657.466,544.000,8.5086,16.0000,1.1034,0.6959,4.6945,0.0000,0.7500,0.2500,1.0000,0.0000,4.6943,0.2934,0.7931
8,3,485,487,3,2,3,0.4444,486.268,619.625,657.920,11.6171,17.0000,1.2143,1.0286,4.9874,0.4880,0.3511,0.1609,0.3617,0.1395,4.8406,0.8801,0.5714
5,3,499,500,2,2,2,0.6250,499.449,796.826,1162.449,9.0490,16.0000,1.1594,0.7980,4.6919,0.3432,0.2505,0.4063,0.6059,0.3645,4.9851,1.4663,0.6667
5,3,509,510,2,2,2,0.6250,509.859,815.423,880.408,9.3075,17.0000,1.1972,0.6043,4.9832,0.3432,0.2505,0.4063,0.5155,0.8569,4.6900,1.7587,0.6620
4,3,515,516,2,1,3,0.6667,515.576,589.000,1040.915,8.6451,19.0000,1.2881,0.4321,5.5679,0.7576,0.1294,0.1129,0.5257,0.0000,4.1028,1.3186,0.8305
5,3,516,518,3,2,2,0.4167,516.903,919.139,852.444,9.4356,17.0000,1.1806,0.4757,4.9816,0.7729,0.0435,0.1836,0.8328,0.5477,4.9814,1.9046,0.6806
4,3,517,519,3,1,2,0.6667,517.940,608.000,753.463,9.8163,18.0000,1.0746,1.0480,5.2747,0.7576,0.1294,0.1129,0.8507,0.0000,5.4209,1.1721,0.7910
4,3,518,519,2,2,2,0.5000,518.464,812.196,1147.732,8.2045,15.0000,1.0714,0.8889,4.3953,0.5916,0.1015,0.3069,0.7071,0.7071,4.6883,2.0511,0.8036
8,3,519,521,3,3,3,0.2963,519.752,951.881,736.327,10.4627,16.0000,1.2673,1.0167,4.6881,0.5216,0.1836,0.2947,0.6707,0.7035,4.2485,1.7580,0.4554
7,3,521,523,3,3,3,0.2593,522.074,365.766,903.202,10.4087,18.0000,1.3404,0.3181,5.2734,0.6343,0.1895,0.1762,0.6007,0.7535,3.9550,1.7577,0.5106
4,3,524,525,2,2,1,1.0000,524.536,729.536,1110.000,8.2021,15.0000,1.0714,0.7089,4.3941,0.0000,0.7500,0.2500,1.0000,0.0000,4.9797,1.6111,0.8036
4,3,526,529,4,1,1,1.0000,527.597,533.000,962.000,9.0796,18.0000,1.1613,0.4032,5.2719,0.9375,0.0000,0.0625,1.0000,0.0000,4.8326,1.4645,0.7903
7,3,529,531,3,2,2,0.5833,530.305,794.800,946.419,11.6222,20.0000,1.3333,0.5554,5.8571,0.4600,0.2645,0.2756,0.8571,0.1000,4.3927,1.9035,0.5714
3,3,543,543,1,2,2,0.7500,543.000,868.354,598.688,8.1110,17.0000,1.0625,0.7175,4.9756,0.5333,0.2667,0.2000,0.0000,1.0000,4.9755,1.4634,1.0000
4,3,544,546,3,2,1,0.6667,545.136,825.746,904.000,8.6333,18.0000,1.2203,0.9010,5.2676,0.5357,0.3214,0.1429,1.0000,0.0000,4.8288,1.3169,0.8305
6,3,545,546,2,2,2,0.7500,545.593,601.444,972.333,9.6773,17.0000,1.2593,0.8989,4.9749,0.2667,0.1333,0.6000,0.7071,0.7071,4.2434,1.6096,0.5926
8,3,549,550,2,3,2,0.6667,549.406,852.377,846.340,10.9656,17.0000,1.2830,0.9253,4.9741,0.4782,0.1602,0.3617,0.2952,0.6425,4.6816,1.7556,0.4434
6,3,549,550,2,2,2,0.7500,549.566,910.289,945.687,9.9145,18.0000,1.3012,0.6082,5.2667,0.2000,0.3333,0.4667,0.0000,0.0000,4.6816,1.1705,0.5904
15,4,550,553,4,4,4,0.2344,551.215,1023.400,485.307,15.4863,18.0000,1.3171,0.5482,5.2664,0.2394,0.5612,0.1994,0.2281,0.1587,4.0961,1.4629,0.4293
5,3,553,555,3,1,2,0.8333,554.155,866.000,816.380,9.2889,15.0000,1.0563,1.2159,4.3883,0.5854,0.2927,0.1220,0.9487,0.0000,4.6807,0.7314,0.6338
4,3,561,562,2,2,2,0.5000,561.197,518.508,992.754,8.9201,19.0000,1.2459,0.5840,5.5568,0.5916,0.1015,0.3069,0.5000,0.5000,4.9719,1.7548,0.8033
4,3,562,563,2,1,2,1.0000,562.550,514.000,1119.567,8.7734,17.0000,1.1333,0.7002,4.9717,0.0000,0.7500,0.2500,0.0000,0.0000,4.8253,0.4387,0.8333
4,3,564,565,2,2,2,0.5000,564.517,1014.224,972.741,8.4804,15.0000,1.0345,0.6202,4.3865,0.5916,0.1015,0.3069,0.7071,0.7071,4.0939,1.4622,0.7759
3,3,566,567,2,1,2,0.7500,566.354,628.000,1227.688,8.1034,17.0000,1.0625,0.7175,4.9708,0.5333,0.2667,0.2000,0.7071,0.0000,5.2634,1.7545,1.0000
4,3,569,570,2,2,1,1.0000,569.475,780.475,922.000,8.9174,16.0000,1.0492,0.6723,4.6780,0.0000,0.7500,0.2500,1.0000,0.0000,5.2627,1.4618,0.7869
6,3,571,573,3,2,2,0.5000,571.733,512.279,1139.360,10.2642,18.0000,1.2558,0.8628,5.2624,0.6381,0.1455,0.2164,0.8019,0.3768,4.8238,1.4617,0.5698
3,3,571,572,2,1,2,0.7500,571.679,1040.000,993.679,9.4521,20.0000,1.0714,0.4546,5.8469,0.5333,0.2667,0.2000,0.7071,0.0000,5.8471,1.4618,1.0000
6,3,572,573,2,2,2,0.7500,572.506,402.259,856.341,10.1445,18.0000,1.2706,0.6539,5.2620,0.2000,0.3333,0.4667,0.0000,0.0000,5.1159,2.0464,0.5765
4,3,573,574,2,2,1,1.0000,573.459,600.492,761.000,8.9161,18.0000,1.1803,0.6848,5.2620,0.0000,0.7500,0.2500,1.0000,0.0000,4.8235,1.6079,0.8033
4,3,583,584,2,2,2,0.5000,583.773,1004.212,688.697,9.6430,20.0000,1.2121,0.7632,5.8442,0.0000,0.5625,0.4375,0.4459,0.5774,4.6754,0.8767,0.7879
5,3,584,585,2,2,2,0.6250,584.649,996.176,1029.622,9.6701,18.0000,1.2162,0.7353,5.2596,0.3432,0.2505,0.4063,0.6059,0.3645,5.1136,2.0453,0.6892
4,3,587,588,2,1,2,1.0000,587.438,731.000,1025.578,9.3494,21.0000,1.3125,0.6078,6.1356,0.0000,0.7500,0.2500,0.0000,0.0000,5.1129,1.8991,0.8125
9,3,587,589,3,3,2,0.5000,588.457,828.509,906.741,11.2966,21.0000,1.6293,0.7310,6.1354,0.4162,0.2870,0.2968,0.7071,0.4389,3.2139,0.8764,0.4655
8,3,589,591,3,3,2,0.4444,589.640,869.886,555.632,11.7747,22.0000,1.5439,0.5273,6.4269,0.6139,0.0217,0.3644,0.7702,0.3069,3.9440,1.7529,0.5000
9,3,590,592,3,3,3,0.3333,590.726,709.077,881.684,11.3928,16.0000,1.2308,0.7404,4.6739,0.4750,0.1930,0.3320,0.4773,0.6795,4.0899,1.1685,0.3932
5,3,591,592,2,2,2,0.6250,591.563,363.394,781.141,9.2752,18.0000,1.2676,0.7020,5.2582,0.3432,0.2505,0.4063,0.6059,0.3645,4.6737,1.3145,0.6761
5,3,592,594,3,1,2,0.8333,593.200,595.000,1061.588,10.4501,22.0000,1.3750,0.4584,6.4260,0.5854,0.2927,0.1220,0.9487,0.0000,4.6732,1.4604,0.6875
5,3,602,604,3,1,2,0.8333,602.729,375.000,1024.386,9.1393,17.0000,1.2143,0.8244,4.9633,0.5854,0.2927,0.1220,0.9487,0.0000,4.6711,0.8758,0.6857
6,3,602,604,3,2,2,0.5000,603.120,717.663,604.133,9.8922,17.0000,1.2289,0.3819,4.9630,0.5230,0.1584,0.3185,0.9225,0.0898,4.6709,1.1678,0.5663
6,3,605,606,2,3,1,1.0000,605.500,814.065,908.000,10.9634,19.0000,1.2391,1.0601,5.5462,0.5556,0.3333,0.1111,0.0000,0.0000,5.1083,2.0433,0.7283
3,3,609,610,2,1,2,0.7500,609.660,630.000,978.680,8.4243,17.0000,1.0200,0.7335,4.9612,0.5333,0.2667,0.2000,0.7071,0.0000,5.2527,1.8968,1.0000
4,3,610,612,3,1,2,0.6667,610.897,455.000,653.724,8.4623,16.0000,1.1034,0.9380,4.6691,0.5357,0.3214,0.1429,1.0000,0.0000,4.9606,1.1672,0.8276
7,3,617,618,2,2,4,0.4375,617.714,583.890,823.407,10.0321,16.0000,1.2308,0.9351,4.6670,0.6673,0.1280,0.2047,0.0387,0.3588,4.6666,0.8750,0.5165
4,3,617,618,2,2,1,1.0000,617.517,702.533,527.000,8.7504,17.0000,1.1333,0.6962,4.9587,0.0000,0.7500,0.2500,1.0000,0.0000,5.1043,1.1668,0.8000
4,3,625,627,3,1,2,0.6667,626.177,1130.000,1084.177,9.0369,21.0000,1.3548,0.2509,6.1218,0.7500,0.1500,0.1000,0.9487,0.0000,5.2472,1.7489,0.8226
6,3,634,636,3,3,1,0.6667,634.851,636.126,992.000,10.3482,23.0000,1.5862,0.1957,6.7011,0.4000,0.4800,0.1200,0.7071,0.0000,4.5158,1.1654,0.6207
5,3,641,642,2,2,2,0.6250,641.438,913.863,635.466,9.5081,18.0000,1.2329,0.7045,5.2425,0.3432,0.2505,0.4063,0.6059,0.3645,4.9510,1.0193,0.6849
3,3,646,648,3,1,1,1.0000,646.983,697.000,1204.000,9.7500,23.0000,1.1897,0.0172,6.6967,0.8889,0.0000,0.1111,1.0000,0.0000,5.8234,1.7469,1.0000
5,3,647,649,3,1,2,0.8333,647.924,614.000,1059.379,8.5936,16.0000,1.2121,0.3863,4.6584,0.5854,0.2927,0.1220,0.9487,0.0000,4.6582,0.5823,0.6970
5,3,648,650,3,2,1,0.8333,649.314,738.593,944.000,11.1971,21.0000,1.2209,0.5140,6.1139,0.5854,0.2927,0.1220,0.9487,0.0000,5.5313,0.4367,0.6977
7,3,651,654,4,3,2,0.2917,652.374,917.990,847.535,10.8924,18.0000,1.2727,0.6530,5.2398,0.8677,0.0256,0.1067,0.7280,0.0551,4.6574,1.8921,0.6566
4,3,653,654,2,1,3,0.6667,653.295,530.000,1173.410,8.8781,18.0000,1.1803,0.9193,5.2394,0.7500,0.1500,0.1000,0.3162,0.0000,5.0941,1.1644,0.8361
3,3,661,662,2,2,1,0.7500,661.674,472.326,982.000,7.7286,16.0000,1.0435,0.4612,4.6560,0.5333,0.2667,0.2000,0.7071,0.0000,4.0742,1.3095,1.0000
4,3,663,665,3,1,2,0.6667,664.000,774.000,1036.164,8.8751,21.0000,1.3770,0.1639,6.1107,0.5357,0.3214,0.1429,1.0000,0.0000,4.6558,0.8730,0.8361
4,3,664,666,3,2,1,0.6667,664.895,638.281,932.000,8.2930,16.0000,1.1228,0.9377,4.6558,0.5357,0.3214,0.1429,1.0000,0.0000,4.9467,1.6004,0.8246
3,3,666,667,2,2,1,0.7500,666.340,928.319,778.000,7.8957,16.0000,1.0213,0.4666,4.6556,0.5333,0.2667,0.2000,0.7071,0.0000,5.0919,0.8729,1.0000
5,3,668,670,3,2,2,0.4167,669.290,763.696,1136.217,8.9782,18.0000,1.3043,0.4732,5.2372,0.7729,0.0435,0.1836,0.8328,0.5477,4.9461,1.7457,0.6957
17,10,669,673,5,4,3,0.2833,671.240,517.188,1075.900,17.6411,23.0000,1.5640,0.7893,6.6916,0.6714,0.0800,0.2486,0.8014,0.5922,4.6551,1.4547,0.7360
4,3,673,674,2,1,2,1.0000,673.484,447.000,664.453,9.3098,18.0000,1.1250,0.6633,5.2368,0.0000,0.7500,0.2500,0.0000,0.0000,4.9459,1.7456,0.7812
3,3,677,678,2,2,1,0.7500,677.333,507.667,1050.000,7.5582,15.0000,1.0000,0.7454,4.3638,0.5333,0.2667,0.2000,0.7071,0.0000,4.9456,1.3091,1.0000
5,3,677,679,3,1,2,0.8333,678.072,509.000,758.406,8.9769,18.0000,1.3043,0.5986,5.2364,0.5854,0.2927,0.1220,0.9487,0.0000,4.6547,0.8727,0.7101
4,3,687,688,2,1,2,1.0000,687.536,530.000,968.536,8.1446,15.0000,1.0714,0.7089,4.3632,0.0000,0.7500,0.2500,0.0000,0.0000,4.6541,0.2909,0.8036
7,3,688,691,4,2,2,0.4375,689.469,805.582,741.102,10.7741,19.0000,1.3571,0.6370,5.5266,0.7406,0.0824,0.1770,0.9316,0.0988,4.2177,2.0361,0.5612
4,3,691,692,2,2,1,1.0000,691.500,678.483,511.000,8.7261,16.0000,1.0667,0.6954,4.6539,0.0000,0.7500,0.2500,1.0000,0.0000,4.6539,0.8726,0.7667
8,3,691,693,3,2,2,0.6667,692.072,727.198,1094.432,11.4149,21.0000,1.5135,0.4811,6.1082,0.5487,0.1069,0.3444,0.9672,0.2262,3.3449,0.5817,0.4865
4,3,691,693,3,1,2,0.6667,692.016,851.000,986.500,9.3077,18.0000,1.1250,0.5002,5.2356,0.7576,0.1294,0.1129,0.8507,0.0000,4.9447,1.1635,0.7812
7,3,697,698,2,4,1,0.8750,697.645,485.462,749.000,10.2236,16.0000,1.2043,0.5828,4.6536,0.7781,0.1653,0.0566,0.0356,0.0000,4.2173,1.7451,0.5054
4,3,697,698,2,1,2,1.0000,697.500,748.000,1020.517,8.7255,16.0000,1.0667,0.6954,4.6536,0.0000,0.7500,0.2500,0.0000,0.0000,4.3627,0.2908,0.7667
6,3,709,711,3,1,3,0.6667,709.941,728.000,1234.235,10.0914,20.0000,1.4118,0.2425,5.8162,0.4000,0.4800,0.1200,0.7071,0.0000,3.9259,1.4540,0.6471
3,3,709,710,2,1,2,0.7500,709.667,1109.000,708.333,7.5555,15.0000,1.0000,0.7454,4.3622,0.5333,0.2667,0.2000,0.7071,0.0000,4.0713,1.1632,1.0000
5,3,715,717,3,1,2,0.8333,716.333,616.000,1029.514,9.3631,19.0000,1.3194,0.8417,5.5249,0.5854,0.2927,0.1220,0.9487,0.0000,4.7979,1.4539,0.6944
4,3,716,718,3,1,2,0.6667,717.049,949.000,1140.508,8.8688,17.0000,1.1148,0.5106,4.9433,0.7576,0.1294,0.1129,0.8507,0.0000,5.0886,1.7447,0.7869
4,3,719,720,2,1,2,1.0000,719.448,247.000,934.483,8.4324,17.0000,1.1724,0.6845,4.9432,0.0000,0.7500,0.2500,0.0000,0.0000,4.6523,1.7446,0.8103
4,3,720,721,2,2,1,1.0000,720.438,383.562,968.000,9.3046,21.0000,1.3125,0.6187,6.1062,0.0000,0.7500,0.2500,1.0000,0.0000,4.6523,1.4538,0.7969
7,3,720,722,3,2,2,0.5833,720.681,853.383,583.745,10.3305,18.0000,1.3404,0.5601,5.2338,0.4600,0.2645,0.2756,0.8571,0.1000,4.0708,1.1631,0.5213
4,3,721,722,2,2,1,1.0000,721.526,354.561,694.000,8.2867,17.0000,1.1930,0.6851,4.9430,0.0000,0.7500,0.2500,1.0000,0.0000,4.6522,1.1630,0.8246
5,3,727,729,3,2,2,0.4167,727.750,711.235,1053.176,8.8413,16.0000,1.1765,0.8237,4.6517,0.6489,0.0995,0.2515,0.9362,0.2726,4.9424,1.8897,0.6765
9,3,732,734,3,2,2,0.7500,732.853,362.560,725.414,11.2405,16.0000,1.2414,1.0454,4.6513,0.5117,0.1619,0.3264,0.9082,0.4082,3.7792,1.3082,0.3966
6,3,746,748,3,1,3,0.6667,747.011,390.000,593.195,10.3215,21.0000,1.4483,0.1957,6.1027,0.6944,0.2222,0.0833,0.8000,0.0000,4.3591,1.3077,0.5977
5,4,746,748,3,1,3,0.5556,746.805,782.000,1122.951,10.6569,21.0000,1.2805,0.2011,6.1027,0.5532,0.3398,0.1070,0.8281,0.0000,5.5213,1.4530,0.8659
4,4,748,750,3,1,2,0.6667,748.768,494.000,1262.217,10.0253,21.0000,1.2174,0.3179,6.1023,0.7500,0.1500,0.1000,0.9487,0.0000,5.0853,1.1624,1.0000
5,4,748,749,2,2,2,0.6250,748.346,1070.808,716.346,10.1366,21.0000,1.3462,0.5260,6.1025,0.3432,0.2505,0.4063,0.6059,0.3645,4.9401,1.4530,0.8462
6,3,749,751,3,3,1,0.6667,749.886,566.924,747.000,9.3716,16.0000,1.2152,0.8893,4.6494,0.6944,0.2222,0.0833,0.8000,0.0000,4.2133,1.5981,0.5823
4,3,752,753,2,1,2,1.0000,752.567,661.000,985.550,8.7166,18.0000,1.2000,0.6247,5.2299,0.0000,0.7500,0.2500,0.0000,0.0000,4.7942,2.0338,0.8167
7,3,755,757,3,2,3,0.3889,755.791,990.264,706.593,9.9925,16.0000,1.2308,0.9278,4.6485,0.7140,0.0858,0.2003,0.7585,0.3162,4.3577,2.0337,0.5055
4,3,758,759,2,2,2,0.5000,758.705,701.426,711.836,8.8601,18.0000,1.1803,0.8399,5.2290,0.5916,0.1015,0.3069,0.5000,0.5000,5.0836,1.7429,0.8361
4,3,762,764,3,1,2,0.6667,763.085,490.000,908.542,8.5683,16.0000,1.0847,0.5490,4.6472,0.7576,0.1294,0.1129,0.8507,0.0000,4.9376,1.4522,0.8136
5,3,764,766,3,1,2,0.8333,764.707,516.000,589.387,9.7415,18.0000,1.2000,0.8055,5.2279,0.5854,0.2927,0.1220,0.9487,0.0000,4.6469,1.1617,0.6800
3,3,765,766,2,1,2,0.7500,765.370,1068.000,846.278,9.0546,20.0000,1.1111,0.6882,5.8084,0.5333,0.2667,0.2000,0.7071,0.0000,5.8086,0.5809,1.0000
5,3,777,778,2,1,3,0.8333,777.333,808.000,933.813,9.7371,20.0000,1.3333,0.3820,5.8061,0.5854,0.2927,0.1220,0.3162,0.0000,4.9350,1.7418,0.6933
6,3,778,780,3,2,1,1.0000,779.013,906.519,575.000,9.3622,15.0000,1.1392,0.5191,4.3543,0.5556,0.3333,0.1111,1.0000,0.0000,4.3543,1.3063,0.5696
4,3,779,781,3,1,2,0.6667,780.373,707.000,1164.271,8.5631,17.0000,1.1525,0.4611,4.9347,0.7500,0.1500,0.1000,0.9487,0.0000,5.2248,1.4513,0.8305
4,3,779,781,3,2,1,0.6667,779.966,844.517,775.000,8.4180,15.0000,1.0345,1.0795,4.3543,0.7576,0.1294,0.1129,0.8507,0.0000,4.6444,1.1612,0.7759
5,3,781,783,3,2,1,0.8333,781.761,699.380,602.000,9.2164,18.0000,1.2676,0.4494,5.2247,0.5854,0.2927,0.1220,0.9487,0.0000,4.9344,1.3062,0.7042
3,3,785,786,2,1,2,0.7500,785.712,470.000,848.712,8.7132,22.0000,1.2692,0.4079,6.3849,0.5333,0.2667,0.2000,0.7071,0.0000,4.6437,1.7413,1.0000
4,3,785,786,2,2,1,1.0000,785.483,628.483,545.000,8.4166,15.0000,1.0345,0.6827,4.3535,0.0000,0.7500,0.2500,1.0000,0.0000,4.6437,1.7414,0.7759
3,3,795,797,3,1,1,1.0000,796.000,619.000,923.000,8.2086,19.0000,1.1633,0.0000,5.5130,0.8889,0.0000,0.1111,1.0000,0.0000,4.6426,1.4508,1.0000
4,3,800,801,2,2,1,1.0000,800.544,459.456,722.000,8.2689,16.0000,1.1228,0.7098,4.6422,0.0000,0.7500,0.2500,1.0000,0.0000,4.7872,1.4507,0.8246
7,3,806,807,2,3,3,0.3889,806.663,409.966,1140.258,9.7593,16.0000,1.2584,0.4261,4.6419,0.3231,0.4135,0.2634,0.1690,0.6685,4.0617,1.5957,0.5169
3,3,808,809,2,1,2,0.7500,808.673,775.000,845.306,8.2075,18.0000,1.1020,0.4476,5.2221,0.5333,0.2667,0.2000,0.7071,0.0000,5.2221,1.7407,1.0000
4,3,809,811,3,2,1,0.6667,810.000,215.183,756.000,8.7035,19.0000,1.2667,0.1833,5.5122,0.5357,0.3214,0.1429,1.0000,0.0000,4.6419,1.1605,0.8167
4,3,810,811,2,2,2,0.5000,810.525,529.169,966.746,8.5585,18.0000,1.2203,0.6078,5.2221,0.5916,0.1015,0.3069,0.7071,0.7071,5.0771,2.1759,0.8305
5,3,818,820,3,2,1,0.8333,819.211,482.658,620.000,9.8607,18.0000,1.1842,0.4017,5.2222,0.5854,0.2927,0.1220,0.9487,0.0000,4.6419,1.3055,0.6579
3,3,818,819,2,1,2,0.7500,818.326,517.000,946.674,7.7051,16.0000,1.0435,0.4612,4.6419,0.5333,0.2667,0.2000,0.7071,0.0000,4.9321,1.7407,1.0000
6,3,818,820,3,2,2,0.5000,818.955,680.169,827.348,10.5413,17.0000,1.1461,0.3895,4.9321,0.7074,0.0897,0.2030,0.9140,0.2540,4.7870,1.1605,0.7303
3,3,820,821,2,1,2,0.7500,820.694,393.000,1023.306,8.2077,19.0000,1.1633,0.4329,5.5124,0.5333,0.2667,0.2000,0.7071,0.0000,4.6420,1.1605,1.0000
5,3,824,826,3,2,2,0.4167,824.833,302.154,900.410,10.1205,19.0000,1.2179,0.4688,5.5125,0.7729,0.0435,0.1836,0.8328,0.5477,4.6421,1.7408,0.6667
5,4,824,826,3,2,1,0.8333,825.260,858.425,526.000,9.4718,16.0000,1.0959,0.4981,4.6421,0.5854,0.2927,0.1220,0.9487,0.0000,4.9322,1.5957,0.8493
5,3,826,828,3,1,2,0.8333,826.757,462.000,1025.557,9.0826,17.0000,1.2143,0.5051,4.9323,0.5854,0.2927,0.1220,0.9487,0.0000,4.7872,1.4507,0.6857
4,3,827,829,3,2,1,0.6667,828.000,563.203,931.000,8.5590,17.0000,1.1525,0.2034,4.9323,0.5357,0.3214,0.1429,1.0000,0.0000,4.9323,1.4507,0.7966
5,3,828,829,2,2,2,0.6250,828.625,583.625,656.833,9.3422,17.0000,1.1806,0.5559,4.9323,0.3432,0.2505,0.4063,0.6059,0.3645,5.2224,1.4507,0.6806
7,3,831,833,3,2,3,0.3889,832.021,701.117,1172.883,10.3083,18.0000,1.3404,0.9926,5.2225,0.4552,0.3334,0.2114,0.8579,0.2968,3.7718,1.5958,0.5532
8,3,834,837,4,3,3,0.2222,835.282,610.660,811.126,10.5658,16.0000,1.2427,0.7287,4.6423,0.5746,0.1506,0.2748,0.8140,0.5789,4.3521,1.4507,0.4563
3,3,836,837,2,2,1,0.7500,836.694,509.694,474.000,8.2082,19.0000,1.1633,0.4329,5.5127,0.5333,0.2667,0.2000,0.7071,0.0000,4.9324,2.0310,1.0000
4,3,837,838,2,2,1,1.0000,837.500,364.516,619.000,8.9944,17.0000,1.0968,0.6958,4.9324,0.0000,0.7500,0.2500,1.0000,0.0000,5.0775,1.5958,0.7742
5,3,840,842,3,1,2,0.8333,840.650,753.000,909.650,10.3804,21.0000,1.3125,0.7382,6.0930,0.5854,0.2927,0.1220,0.9487,0.0000,5.2226,1.1606,0.7375
5,3,841,842,2,2,2,0.6250,841.662,593.784,638.297,9.6019,21.0000,1.4189,0.4993,6.0929,0.3432,0.2505,0.4063,0.6059,0.3645,4.6423,1.7408,0.7027
5,3,845,847,3,2,2,0.4167,846.116,420.145,675.551,8.9528,16.0000,1.1594,0.5812,4.6421,0.7729,0.0435,0.1836,0.8328,0.5477,4.9323,1.3056,0.6667
5,3,845,846,2,2,2,0.6250,845.627,843.836,963.448,8.6934,16.0000,1.1940,0.6055,4.6421,0.3432,0.2505,0.4063,0.6059,0.3645,4.9323,1.5957,0.6866
4,3,850,851,2,2,1,1.0000,850.548,226.516,835.000,8.9936,19.0000,1.2258,0.6619,5.5122,0.0000,0.7500,0.2500,1.0000,0.0000,4.9320,1.7407,0.7903
8,3,852,853,2,3,4,0.3333,852.515,542.495,832.198,10.3595,16.0000,1.2673,0.7209,4.6417,0.4565,0.3261,0.2174,0.4082,0.9129,3.7714,1.1605,0.4554
5,3,853,855,3,1,2,0.8333,853.731,768.000,1131.449,10.1195,19.0000,1.2179,0.5233,5.5119,0.5854,0.2927,0.1220,0.9487,0.0000,5.2219,1.0154,0.6923
6,3,860,861,2,3,2,0.5000,860.554,611.783,965.265,9.8285,18.0000,1.3012,0.9393,5.2210,0.4246,0.3485,0.2269,0.4241,0.6535,4.3510,1.7404,0.6024
4,3,864,865,2,1,2,1.0000,864.458,352.000,1141.458,8.5558,16.0000,1.0847,0.6472,4.6405,0.0000,0.7500,0.2500,0.0000,0.0000,4.9304,1.7401,0.8136
4,3,868,869,2,1,2,1.0000,868.574,824.000,925.443,8.8446,18.0000,1.1803,0.6145,5.2197,0.0000,0.7500,0.2500,0.0000,0.0000,5.3648,1.7400,0.8361
4,3,873,874,2,1,2,1.0000,873.500,521.000,978.470,9.5679,19.0000,1.1515,0.6860,5.5087,0.0000,0.7500,0.2500,0.0000,0.0000,5.0740,1.4497,0.7879
4,3,873,874,2,1,2,1.0000,873.464,923.000,1123.536,8.1182,15.0000,1.0714,0.7089,4.3491,0.0000,0.7500,0.2500,0.0000,0.0000,4.6390,1.7396,0.8036
3,3,876,878,3,1,1,1.0000,876.961,703.000,716.000,8.5360,19.0000,1.1176,0.0392,5.5080,0.8889,0.0000,0.1111,1.0000,0.0000,5.2183,0.8697,1.0000
5,3,877,879,3,2,2,0.4167,878.184,416.197,674.842,9.8526,21.0000,1.3816,0.3128,6.0876,0.6489,0.0995,0.2515,0.9362,0.2726,4.9279,1.3044,0.6711
5,3,879,881,3,2,1,0.8333,879.797,481.638,812.000,8.9446,16.0000,1.1594,0.8756,4.6380,0.5854,0.2927,0.1220,0.9487,0.0000,4.9277,2.0291,0.6812
6,3,880,882,3,3,2,0.3333,881.357,485.952,980.131,9.9397,19.0000,1.3571,0.6578,5.5069,0.8257,0.0455,0.1288,0.6506,0.3940,4.0580,1.7391,0.6071
3,3,882,883,2,1,2,0.7500,882.320,618.000,1051.380,8.3668,19.0000,1.1400,0.6977,5.5069,0.5333,0.2667,0.2000,0.7071,0.0000,4.9271,0.8695,1.0000
6,3,882,884,3,2,3,0.3333,882.975,677.329,1012.051,9.3474,16.0000,1.2152,0.3339,4.6372,0.2238,0.4308,0.3454,0.0000,0.0000,4.2025,1.1593,0.5823
6,3,885,887,3,2,2,0.5000,885.866,601.122,737.585,9.7012,18.0000,1.3171,0.4525,5.2162,0.3810,0.3333,0.2857,0.9487,0.1690,3.7672,1.1592,0.5854
6,3,886,887,2,2,3,0.5000,886.651,684.578,1157.000,9.8192,18.0000,1.3012,0.6757,5.2160,0.1333,0.2667,0.6000,0.0000,0.7071,4.3468,0.8694,0.6145
3,3,887,889,3,1,1,1.0000,888.000,330.000,857.000,7.8629,17.0000,1.0851,0.0000,4.9260,0.8889,0.0000,0.1111,1.0000,0.0000,4.9262,1.4488,1.0000
3,3,887,888,2,1,2,0.7500,887.326,551.000,719.674,7.6958,16.0000,1.0435,0.4612,4.6364,0.5333,0.2667,0.2000,0.7071,0.0000,4.9262,1.4489,1.0000
4,3,887,888,2,2,1,1.0000,887.541,944.492,469.000,8.8380,17.0000,1.1148,0.6848,4.9260,0.0000,0.7500,0.2500,1.0000,0.0000,4.7812,1.3040,0.7869
4,3,889,892,4,1,1,1.0000,890.322,830.000,977.000,8.5472,18.0000,1.2203,0.3220,5.2153,0.9375,0.0000,0.0625,1.0000,0.0000,4.2013,0.2897,0.8305
3,3,892,893,2,2,1,0.7500,892.667,375.333,770.000,7.5268,15.0000,1.0000,0.7454,4.3457,0.5333,0.2667,0.2000,0.7071,0.0000,4.6353,1.4485,1.0000
5,3,892,893,2,2,2,0.6250,892.449,736.641,926.859,10.1059,20.0000,1.2821,0.6728,5.7941,0.3432,0.2505,0.4063,0.6059,0.3645,4.9250,1.4486,0.6923
4,3,894,895,2,1,2,1.0000,894.500,675.000,1191.550,8.6906,18.0000,1.2000,0.6727,5.2145,0.0000,0.7500,0.2500,0.0000,0.0000,4.6349,-0.4345,0.8000
4,3,898,899,2,2,1,1.0000,898.464,576.464,989.000,8.1099,15.0000,1.0714,0.6566,4.3446,0.0000,0.7500,0.2500,1.0000,0.0000,4.9238,1.4482,0.8036
3,3,901,902,2,1,2,0.7500,901.674,843.000,1022.652,7.6912,16.0000,1.0435,0.7292,4.6335,0.5333,0.2667,0.2000,0.7071,0.0000,4.6337,1.4480,1.0000
7,3,906,907,2,2,2,0.8750,906.621,304.347,888.611,10.3964,20.0000,1.4737,0.6449,5.7907,0.0000,0.3318,0.6682,0.5977,0.5774,3.7640,1.1581,0.5474
4,3,910,912,3,2,1,0.6667,911.106,456.758,715.000,9.5531,23.0000,1.3939,0.2646,6.6583,0.5357,0.3214,0.1429,1.0000,0.0000,5.3555,1.4475,0.8485
4,3,918,919,2,1,2,1.0000,918.534,500.000,1241.517,8.3928,16.0000,1.1034,0.6959,4.6304,0.0000,0.7500,0.2500,0.0000,0.0000,4.9199,1.4471,0.7931
4,3,923,925,3,1,2,0.6667,923.949,682.000,1120.525,8.5359,16.0000,1.0847,0.5279,4.6296,0.7576,0.1294,0.1129,0.8507,0.0000,5.0637,2.0255,0.7966
5,3,924,926,3,1,2,0.8333,925.270,599.000,1229.635,9.5753,19.0000,1.2838,0.4541,5.4975,0.5854,0.2927,0.1220,0.9487,0.0000,4.7741,1.4466,0.7027
4,4,925,926,2,1,2,1.0000,925.484,378.000,934.484,8.9695,17.0000,1.0968,0.6843,4.9188,0.0000,0.7500,0.2500,0.0000,0.0000,4.6294,1.7360,1.0000
5,3,926,928,3,1,2,0.8333,927.108,271.000,1023.392,9.5747,17.0000,1.1486,0.4065,4.9185,0.5854,0.2927,0.1220,0.9487,0.0000,5.2080,1.4466,0.6757
4,3,927,928,2,1,2,1.0000,927.443,533.000,1216.426,8.8242,19.0000,1.2459,0.6145,5.4971,0.0000,0.7500,0.2500,0.0000,0.0000,4.7737,0.4340,0.8197
5,3,928,929,2,2,3,0.4167,928.169,763.563,1040.944,9.1863,17.0000,1.1972,0.4716,4.9183,0.5461,0.2256,0.2283,0.1201,0.5647,4.6290,1.4466,0.6761
5,3,932,934,3,1,2,0.8333,932.833,655.000,1111.597,9.3143,15.0000,1.0417,0.6200,4.3390,0.5854,0.2927,0.1220,0.9487,0.0000,4.6282,1.4463,0.6250
4,3,932,933,2,2,2,0.5000,932.446,680.821,1222.268,8.0996,16.0000,1.1429,0.5504,4.6284,0.5916,0.1015,0.3069,0.7071,0.7071,4.6283,1.0124,0.8214
4,3,934,935,2,2,1,1.0000,934.544,596.561,562.000,8.2437,16.0000,1.1228,0.6987,4.6281,0.0000,0.7500,0.2500,1.0000,0.0000,4.7726,1.3016,0.8246
3,3,935,937,3,1,1,1.0000,936.000,157.000,583.000,8.0157,16.0000,1.0000,1.0000,4.6280,0.8889,0.0000,0.1111,1.0000,0.0000,5.2063,1.4462,1.0000
4,3,935,936,2,2,2,0.5000,935.263,322.263,1065.193,8.2436,16.0000,1.1228,0.4192,4.6280,0.0000,0.5625,0.4375,0.4459,0.5774,4.9172,1.4462,0.8070
6,3,938,940,3,2,1,1.0000,939.076,447.544,674.000,9.3277,17.0000,1.2911,0.4620,4.9167,0.5556,0.3333,0.1111,1.0000,0.0000,4.0490,1.7353,0.6203
5,3,940,942,3,1,3,0.5556,941.042,670.000,652.514,9.3121,20.0000,1.3889,0.4879,5.7841,0.3318,0.5530,0.1152,0.0000,0.0000,4.6271,1.7352,0.6944
3,3,943,945,3,1,1,1.0000,944.000,572.000,1147.000,8.8488,21.0000,1.1887,0.0000,6.0728,0.8889,0.0000,0.1111,1.0000,0.0000,4.9162,1.0121,1.0000
4,3,945,946,2,3,1,0.6667,945.804,217.804,871.000,8.0967,15.0000,1.0714,0.8272,4.3375,0.7500,0.1500,0.1000,0.3162,0.0000,4.9158,1.4459,0.8036
18,7,955,958,4,4,4,0.2812,956.473,292.953,673.419,19.0122,28.0000,1.8065,1.2344,8.0950,0.5172,0.1399,0.3428,0.5917,0.7862,4.3366,1.3010,0.5520
7,3,959,960,2,2,2,0.8750,959.426,286.351,942.447,10.2713,17.0000,1.2660,0.7812,4.9147,0.0000,0.3318,0.6682,0.8165,0.5774,4.6255,1.1564,0.5000
4,3,961,962,2,1,3,0.6667,961.443,433.000,1120.951,8.8172,19.0000,1.2459,0.4453,5.4927,0.7576,0.1294,0.1129,0.5257,0.0000,4.9145,2.0236,0.8033
4,3,961,962,2,3,1,0.6667,961.175,540.982,1018.000,8.2391,16.0000,1.1228,0.9980,4.6255,0.5357,0.3214,0.1429,0.0000,0.0000,4.7700,1.3009,0.8246
5,4,963,964,2,2,2,0.6250,963.644,443.205,634.370,9.4375,16.0000,1.0959,0.5531,4.6253,0.3432,0.2505,0.4063,0.6059,0.3645,4.9144,1.7345,0.8493
6,3,964,965,2,2,2,0.7500,964.622,776.671,1028.683,9.6773,18.0000,1.3171,0.5932,5.2034,0.2000,0.3333,0.4667,0.0000,0.0000,4.4807,1.4454,0.6220
6,4,965,967,3,2,2,0.5000,966.373,185.880,825.494,9.7951,16.0000,1.1566,0.6309,4.6252,0.6373,0.1269,0.2358,0.8795,0.0724,4.7697,1.1563,0.7590
5,3,965,966,2,3,1,0.8333,965.620,948.239,495.000,9.1788,17.0000,1.1972,0.4494,4.9143,0.5854,0.2927,0.1220,0.3162,0.0000,4.9143,1.7345,0.6761
3,3,967,968,2,1,2,0.7500,967.692,591.000,864.327,8.6785,19.0000,1.0962,0.4489,5.4923,0.5333,0.2667,0.2000,0.7071,0.0000,5.4923,2.0235,1.0000
7,3,968,970,3,2,2,0.5833,969.097,822.641,920.311,11.2534,19.0000,1.2913,0.4848,5.4922,0.3883,0.1309,0.4808,0.9235,0.3259,4.6250,2.0234,0.5049
4,3,973,974,2,2,1,1.0000,973.492,912.574,914.000,8.8161,19.0000,1.2459,0.6633,5.4920,0.0000,0.7500,0.2500,1.0000,0.0000,5.0584,1.3007,0.8197
6,3,974,976,3,2,2,0.5000,974.851,879.115,535.506,10.2664,19.0000,1.3103,0.5397,5.4919,0.3810,0.3333,0.2857,0.9487,0.1690,4.7693,1.1562,0.6092
5,3,979,981,3,2,1,0.8333,979.845,367.338,1127.000,9.1776,17.0000,1.1972,0.3718,4.9136,0.5854,0.2927,0.1220,0.9487,0.0000,4.7691,1.1562,0.6620
6,4,984,986,3,2,2,0.5000,985.067,790.315,528.169,10.5015,19.0000,1.2809,0.3632,5.4915,0.7074,0.0897,0.2030,0.9140,0.2540,4.6244,1.3006,0.7303
4,3,986,988,3,2,1,0.6667,987.224,598.190,1179.000,8.3816,17.0000,1.1724,0.7987,4.9133,0.7500,0.1500,0.1000,0.9487,0.0000,4.6244,1.4451,0.8103
5,3,987,988,2,4,1,0.6250,987.137,342.507,602.000,9.4356,20.0000,1.3699,0.5118,5.7804,0.7911,0.1351,0.0737,0.0898,0.0000,4.9134,1.4451,0.7123
4,3,987,989,3,2,1,0.6667,987.930,404.544,480.000,8.2371,16.0000,1.1228,0.4615,4.6243,0.7576,0.1294,0.1129,0.8507,0.0000,4.9133,1.0116,0.8070
5,3,988,990,3,2,1,0.8333,989.221,441.441,784.000,8.7891,16.0000,1.1765,0.4933,4.6243,0.5854,0.2927,0.1220,0.9487,0.0000,5.2023,1.4451,0.6765
5,3,989,990,2,2,2,0.6250,989.605,369.421,594.842,9.8231,18.0000,1.1842,0.7183,5.2023,0.3432,0.2505,0.4063,0.6059,0.3645,5.2022,1.3006,0.6579
4,3,991,992,2,2,1,1.0000,991.548,489.435,718.000,8.9593,19.0000,1.2258,0.6274,5.4912,0.0000,0.7500,0.2500,1.0000,0.0000,5.0577,2.0231,0.8065
5,3,995,997,3,2,1,0.8333,996.224,334.434,802.000,9.8225,18.0000,1.1842,0.4884,5.2020,0.5854,0.2927,0.1220,0.9487,0.0000,5.2019,1.5895,0.6711
9,3,996,998,3,3,3,0.3333,996.878,543.261,976.626,11.0782,16.0000,1.2522,1.2073,4.6240,0.4671,0.3044,0.2285,0.2733,0.6575,4.3349,1.4450,0.5304
5,3,1000,1002,3,1,2,0.8333,1001.333,522.000,636.623,8.9173,18.0000,1.3043,0.7658,5.2016,0.5854,0.2927,0.1220,0.9487,0.0000,4.9126,1.1559,0.6957
6,3,1001,1003,3,2,2,0.5000,1001.965,266.329,700.165,10.0279,16.0000,1.1294,1.0326,4.6237,0.7074,0.0897,0.2030,0.9140,0.2540,4.7681,0.8669,0.5412
6,3,1002,1004,3,2,3,0.3333,1002.939,546.305,777.963,9.6739,18.0000,1.3171,1.1045,5.2015,0.4635,0.2905,0.2460,0.7299,0.1708,4.3347,1.4449,0.5976
5,3,1004,1005,2,1,3,0.8333,1004.408,705.000,1308.775,9.1754,18.0000,1.2676,0.6330,5.2014,0.5854,0.2927,0.1220,0.3162,0.0000,4.6236,1.1559,0.7042
4,3,1010,1012,3,2,1,0.6667,1011.350,259.283,639.000,8.6683,17.0000,1.1333,0.9675,4.9120,0.7500,0.1500,0.1000,0.9487,0.0000,4.7676,0.8668,0.8000
4,3,1011,1013,3,1,2,0.6667,1011.923,420.000,1103.477,9.3906,19.0000,1.1692,1.0390,5.4899,0.7576,0.1294,0.1129,0.8507,0.0000,4.9120,1.4447,0.7846
8,3,1015,1017,3,3,3,0.2963,1015.454,539.713,929.093,11.0322,19.0000,1.4074,0.5448,5.4896,0.5024,0.1956,0.3020,0.6714,0.4819,3.7560,1.7336,0.4907
4,3,1017,1018,2,2,2,0.5000,1017.446,973.179,764.732,8.0896,16.0000,1.1429,0.5504,4.6227,0.5916,0.1015,0.3069,0.7071,0.7071,4.6226,1.4446,0.8214
3,3,1018,1019,2,1,2,0.7500,1018.333,493.000,738.333,7.5061,15.0000,1.0000,0.4714,4.3337,0.5333,0.2667,0.2000,0.7071,0.0000,4.9115,1.4446,1.0000
3,3,1021,1023,3,1,1,1.0000,1021.982,528.000,829.000,9.5071,26.0000,1.3684,0.0175,7.5112,0.8889,0.0000,0.1111,1.0000,0.0000,4.9112,1.1556,1.0000
4,3,1024,1026,3,1,2,0.6667,1024.672,292.000,966.246,8.8108,17.0000,1.1148,0.7157,4.9110,0.7500,0.1500,0.1000,0.9487,0.0000,4.9109,0.8666,0.8033
7,3,1025,1027,3,1,3,0.7778,1025.979,685.000,189.621,10.3724,19.0000,1.4000,1.1951,5.4884,0.4747,0.4312,0.0941,0.8619,0.0000,3.7554,1.1555,0.5474
5,3,1026,1027,2,1,3,0.8333,1026.443,1003.000,837.271,9.0430,16.0000,1.1429,0.6197,4.6218,0.5854,0.2927,0.1220,0.3162,0.0000,4.6218,1.4443,0.6571
5,3,1027,1029,3,2,2,0.4167,1028.000,417.615,965.769,8.3968,15.0000,1.1538,0.6572,4.3329,0.5461,0.2256,0.2283,0.8117,0.4177,4.9106,1.2999,0.6923
4,3,1029,1031,3,2,1,0.6667,1029.873,500.270,925.000,9.0987,18.0000,1.1429,0.9138,5.1994,0.5357,0.3214,0.1429,1.0000,0.0000,5.3437,1.7331,0.8413
3,3,1031,1033,3,1,1,1.0000,1032.022,232.000,673.000,7.6709,16.0000,1.0435,0.9783,4.6213,0.8889,0.0000,0.1111,1.0000,0.0000,4.6214,1.8774,1.0000
4,3,1039,1041,3,1,2,0.6667,1039.985,601.000,778.515,9.5299,20.0000,1.2121,0.4851,5.7757,0.7576,0.1294,0.1129,0.8507,0.0000,5.1981,1.4440,0.7879
6,3,1045,1047,3,3,2,0.3333,1045.687,537.084,669.880,9.7840,18.0000,1.3012,0.3461,5.1974,0.5367,0.2153,0.2481,0.8770,0.3081,4.6198,1.5880,0.6265
9,3,1046,1049,4,3,2,0.3750,1047.509,508.897,681.353,11.1643,18.0000,1.3966,0.8291,5.1973,0.7032,0.0728,0.2239,0.9193,0.1987,4.0422,1.7324,0.4224
3,3,1048,1050,3,1,1,1.0000,1049.000,426.000,1015.000,7.8346,17.0000,1.0851,0.0000,4.9083,0.8889,0.0000,0.1111,1.0000,0.0000,4.6197,1.4436,1.0000
4,3,1050,1052,3,2,1,0.6667,1050.909,164.727,519.000,7.9395,15.0000,1.0909,0.9491,4.3307,0.5357,0.3214,0.1429,1.0000,0.0000,4.3306,0.7218,0.8182
4,3,1052,1055,4,1,1,1.0000,1053.373,664.000,653.000,8.5164,18.0000,1.2203,0.3729,5.1965,0.9375,0.0000,0.0625,1.0000,0.0000,4.6191,1.2991,0.8136
3,3,1056,1057,2,1,2,0.7500,1056.694,623.000,1141.367,8.1664,18.0000,1.1020,0.7028,5.1959,0.5333,0.2667,0.2000,0.7071,0.0000,4.3299,0.8660,1.0000
3,3,1057,1058,2,2,1,0.7500,1057.674,299.674,918.000,7.6662,16.0000,1.0435,0.4612,4.6185,0.5333,0.2667,0.2000,0.7071,0.0000,4.9072,2.3092,1.0000
6,3,1058,1059,2,2,3,0.5000,1058.450,496.663,678.013,9.4273,17.0000,1.2750,0.5626,4.9071,0.4412,0.1872,0.3716,0.6154,0.7882,4.3298,1.1546,0.6000
5,3,1059,1061,3,1,2,0.8333,1059.681,959.000,553.417,9.2941,17.0000,1.1806,0.7980,4.9070,0.5854,0.2927,0.1220,0.9487,0.0000,4.6182,1.4432,0.6667
3,3,1063,1064,2,1,2,0.7500,1063.333,340.000,724.688,7.9983,17.0000,1.0625,0.4569,4.9065,0.5333,0.2667,0.2000,0.7071,0.0000,4.9063,1.1545,1.0000
3,3,1063,1064,2,2,1,0.7500,1063.306,483.306,437.000,8.1649,19.0000,1.1633,0.4329,5.4837,0.5333,0.2667,0.2000,0.7071,0.0000,4.6179,1.7317,1.0000
7,3,1063,1066,4,2,2,0.4375,1064.541,666.112,954.735,10.6900,20.0000,1.4286,0.5421,5.7720,0.8522,0.0413,0.1065,0.9646,0.1833,4.0404,1.4430,0.5204
7,3,1065,1066,2,3,2,0.5833,1065.598,517.241,653.230,9.4899,16.0000,1.2874,0.5225,4.6175,0.6521,0.0981,0.2499,0.3796,0.8165,3.4631,1.4430,0.5402
4,3,1066,1067,2,2,1,1.0000,1066.594,366.578,900.000,9.2348,22.0000,1.3750,0.5857,6.3489,0.0000,0.7500,0.2500,1.0000,0.0000,4.7617,1.4430,0.8281
7,3,1067,1068,2,3,2,0.5833,1067.380,398.040,507.110,10.9074,22.0000,1.5400,0.3976,6.3489,0.4600,0.2645,0.2756,0.0000,0.3827,4.6173,1.4429,0.5200
5,4,1067,1068,2,1,3,0.8333,1067.436,793.000,1075.282,10.0665,18.0000,1.1538,0.5192,5.1945,0.5854,0.2927,0.1220,0.3162,0.0000,4.6174,0.8658,0.8718
4,3,1068,1069,2,2,2,0.5000,1068.787,472.492,1082.754,8.8014,18.0000,1.1803,0.5897,5.1942,0.5916,0.1015,0.3069,0.5000,0.5000,4.9057,1.7314,0.7869
3,3,1069,1070,2,2,1,0.7500,1069.681,352.660,413.000,7.8303,16.0000,1.0213,0.7327,4.6170,0.5333,0.2667,0.2000,0.7071,0.0000,4.9055,0.8657,1.0000
3,3,1071,1072,2,2,1,0.7500,1071.348,431.674,1052.000,7.6634,16.0000,1.0435,0.7292,4.6167,0.5333,0.2667,0.2000,0.7071,0.0000,4.6168,0.7214,1.0000
4,3,1071,1073,3,1,2,0.6667,1072.085,506.000,861.576,8.5121,19.0000,1.2881,0.4321,5.4824,0.7576,0.1294,0.1129,0.8507,0.0000,4.6167,1.8755,0.8305
4,3,1072,1073,2,2,1,1.0000,1072.476,413.556,638.000,9.0891,18.0000,1.1429,0.6514,5.1938,0.0000,0.7500,0.2500,1.0000,0.0000,5.0495,1.7312,0.7937
4,3,1077,1078,2,1,2,1.0000,1077.459,607.000,849.508,8.7994,18.0000,1.1803,0.6727,5.1932,0.0000,0.7500,0.2500,0.0000,0.0000,4.9046,1.1540,0.7869
5,3,1079,1080,2,2,2,0.6250,1079.522,198.580,831.145,8.9022,18.0000,1.3043,0.7933,5.1929,0.3432,0.2505,0.4063,0.6059,0.3645,4.6158,1.1540,0.6957
4,3,1079,1080,2,2,1,1.0000,1079.443,351.426,561.000,8.7990,18.0000,1.1803,0.6145,5.1929,0.0000,0.7500,0.2500,1.0000,0.0000,5.3371,1.5867,0.8361
3,3,1080,1081,2,1,2,0.7500,1080.326,520.000,1213.326,7.6616,16.0000,1.0435,0.4612,4.6158,0.5333,0.2667,0.2000,0.7071,0.0000,4.6158,1.1539,1.0000
3,3,1088,1090,3,1,1,1.0000,1089.000,543.000,1094.000,7.8267,17.0000,1.0851,0.0000,4.9033,0.8889,0.0000,0.1111,1.0000,0.0000,4.6150,1.0095,1.0000
4,3,1091,1092,2,1,2,1.0000,1091.547,601.000,1075.516,9.2294,20.0000,1.2500,0.6633,5.7683,0.0000,0.7500,0.2500,0.0000,0.0000,5.0473,1.8747,0.7969
4,3,1093,1095,3,2,1,0.6667,1094.000,268.791,573.000,9.6616,21.0000,1.2537,0.2090,6.0565,0.5357,0.3214,0.1429,1.0000,0.0000,5.1913,1.7305,0.7910
3,3,1099,1101,3,1,1,1.0000,1100.000,244.000,550.000,7.4924,15.0000,1.0000,1.0000,4.3258,0.8889,0.0000,0.1111,1.0000,0.0000,4.6141,0.8652,1.0000
7,3,1099,1101,3,2,2,0.5833,1099.760,854.583,875.698,10.4638,17.0000,1.2396,0.8474,4.9025,0.4600,0.2645,0.2756,0.8571,0.1000,4.3257,1.4419,0.4896
3,3,1100,1101,2,2,1,0.7500,1100.333,555.667,591.000,7.9918,16.0000,1.0000,0.7454,4.6141,0.5333,0.2667,0.2000,0.7071,0.0000,4.9025,1.1535,1.0000
4,3,1100,1102,3,2,1,0.6667,1101.000,782.161,532.000,8.9397,20.0000,1.2903,0.1613,5.7675,0.5357,0.3214,0.1429,1.0000,0.0000,4.9024,1.1535,0.8387
5,3,1103,1105,3,1,2,0.8333,1103.770,335.000,556.635,9.5432,20.0000,1.3514,0.4312,5.7674,0.5854,0.2927,0.1220,0.9487,0.0000,4.9023,1.1535,0.6892
7,3,1105,1106,2,3,3,0.3889,1105.495,781.989,568.817,10.1362,18.0000,1.3548,0.5375,5.1905,0.7585,0.0446,0.1969,0.3557,0.6224,3.7487,1.7302,0.5484
4,3,1106,1107,2,3,1,0.6667,1106.559,458.085,563.000,8.5067,17.0000,1.1525,0.4488,4.9021,0.7576,0.1294,0.1129,0.5257,0.0000,5.0463,0.8651,0.8136
5,3,1110,1112,3,3,1,0.5556,1111.000,595.013,325.000,10.0585,23.0000,1.4744,0.0128,6.6321,0.0000,0.8276,0.1724,1.0000,0.0000,5.1903,1.4418,0.7308
8,3,1113,1115,3,2,2,0.6667,1114.235,522.353,296.471,10.3985,15.0000,1.1765,0.6335,4.3252,0.4396,0.1507,0.4097,0.8641,0.2943,4.0369,0.8650,0.4412
7,5,1114,1117,4,2,2,0.4375,1115.384,598.661,871.357,12.2063,20.0000,1.2500,0.8435,5.7669,0.7764,0.0638,0.1598,0.8790,0.1860,5.7669,1.1534,0.8036
7,3,1115,1117,3,1,3,0.7778,1115.883,441.000,869.096,10.2445,18.0000,1.3404,0.8882,5.1902,0.6076,0.3038,0.0886,0.7071,0.0000,4.3252,1.4417,0.5106
3,3,1118,1120,3,1,1,1.0000,1119.038,336.000,690.000,8.8231,19.0000,1.0755,0.0377,5.4785,0.8889,0.0000,0.1111,1.0000,0.0000,5.7668,1.8742,1.0000
5,4,1118,1120,3,2,1,0.8333,1119.316,480.557,827.000,10.1871,20.0000,1.2658,0.8817,5.7668,0.5854,0.2927,0.1220,0.9487,0.0000,4.9018,1.8742,0.8734
6,3,1119,1121,3,2,2,0.5000,1119.774,481.179,683.298,9.8880,17.0000,1.2143,0.4143,4.9018,0.5230,0.1584,0.3185,0.9225,0.0898,4.7576,1.5859,0.5714
5,3,1119,1121,3,3,1,0.5556,1120.239,629.211,700.000,9.1554,19.0000,1.3380,0.3193,5.4785,0.8123,0.1108,0.0769,0.7071,0.0000,4.9018,1.5859,0.7183
7,3,1119,1121,3,3,1,0.7778,1119.643,832.806,932.000,10.6803,17.0000,1.2143,0.6715,4.9018,0.4747,0.4312,0.0941,0.5071,0.0000,4.7576,1.7300,0.4898
5,3,1124,1126,3,1,2,0.8333,1125.304,573.000,1156.362,8.8973,18.0000,1.3043,0.4732,5.1900,0.5854,0.2927,0.1220,0.9487,0.0000,4.6133,0.8650,0.7101
6,3,1131,1133,3,1,3,0.6667,1131.740,961.000,801.039,9.0635,15.0000,1.1688,0.7413,4.3249,0.6944,0.2222,0.0833,0.6000,0.0000,4.1807,0.8650,0.5844
7,3,1135,1136,2,2,2,0.8750,1135.363,791.516,456.538,9.9165,16.0000,1.2308,0.8296,4.6130,0.0000,0.3318,0.6682,0.0000,0.5774,4.0364,1.1533,0.5275
3,3,1137,1139,3,1,1,1.0000,1138.036,543.000,860.000,9.1549,19.0000,1.0364,0.0364,5.4778,0.8889,0.0000,0.1111,1.0000,0.0000,6.0544,1.8740,1.0000
6,4,1142,1143,2,2,3,0.5000,1142.628,598.116,1072.895,10.1216,17.0000,1.1860,0.4036,4.9008,0.7074,0.0897,0.2030,0.3047,0.0847,4.9009,1.7297,0.7442
3,3,1150,1152,3,1,1,1.0000,1150.980,292.000,875.000,8.1542,18.0000,1.1020,0.0204,5.1882,0.8889,0.0000,0.1111,1.0000,0.0000,4.9001,0.8647,1.0000
4,3,1150,1151,2,2,2,0.5000,1150.542,527.203,435.271,8.5030,16.0000,1.0847,0.5695,4.6117,0.5916,0.1015,0.3069,0.7071,0.7071,5.0441,2.0177,0.7966
5,3,1150,1151,2,2,2,0.6250,1150.466,587.151,735.384,9.4100,17.0000,1.1644,0.6219,4.9001,0.3432,0.2505,0.4063,0.6059,0.3645,5.4765,1.7295,0.6986
5,3,1151,1153,3,1,3,0.5556,1152.155,579.000,662.986,9.1518,19.0000,1.3380,0.1556,5.4763,0.5532,0.3398,0.1070,0.8281,0.0000,4.9000,1.7293,0.7042
3,3,1152,1153,2,2,1,0.7500,1152.333,184.333,779.000,7.4883,15.0000,1.0000,0.4714,4.3234,0.5333,0.2667,0.2000,0.7071,0.0000,4.8998,1.1528,1.0000
4,3,1157,1158,2,1,2,1.0000,1157.536,665.000,927.536,8.0690,15.0000,1.0714,0.7089,4.3227,0.0000,0.7500,0.2500,0.0000,0.0000,4.6108,1.2968,0.8036
4,3,1157,1158,2,1,2,1.0000,1157.492,1103.000,1010.475,8.5013,16.0000,1.0847,0.6955,4.6108,0.0000,0.7500,0.2500,0.0000,0.0000,4.6109,0.8645,0.7797
6,3,1158,1160,3,3,2,0.3333,1158.941,491.000,671.588,9.9996,18.0000,1.2706,0.5912,5.1869,0.4899,0.3164,0.1936,0.8165,0.5506,4.6106,1.8730,0.6000
4,3,1168,1169,2,1,2,1.0000,1168.534,463.000,922.483,8.3537,16.0000,1.1034,0.6959,4.6089,0.0000,0.7500,0.2500,0.0000,0.0000,4.6089,1.1522,0.7931
4,3,1168,1169,2,2,1,1.0000,1168.484,766.532,939.000,8.9299,17.0000,1.0968,0.6730,4.8971,0.0000,0.7500,0.2500,1.0000,0.0000,5.0411,1.4403,0.7742
3,3,1170,1172,3,1,1,1.0000,1171.000,363.000,698.000,7.8158,17.0000,1.0851,0.0000,4.8965,0.8889,0.0000,0.1111,1.0000,0.0000,4.8966,0.4321,1.0000
6,3,1177,1179,3,1,2,1.0000,1178.000,517.000,725.482,9.7570,16.0000,1.1566,0.4819,4.6072,0.5556,0.3333,0.1111,1.0000,0.0000,4.7512,1.4398,0.5542
4,3,1180,1181,2,1,3,0.6667,1180.741,405.000,552.328,8.3496,16.0000,1.1034,0.7204,4.6066,0.7500,0.1500,0.1000,0.3162,0.0000,4.6067,1.4395,0.7931
4,3,1180,1182,3,1,2,0.6667,1180.885,742.000,526.574,8.7814,18.0000,1.1803,0.4414,5.1824,0.7576,0.1294,0.1129,0.8507,0.0000,5.0386,0.8637,0.8361
3,3,1182,1183,2,2,1,0.7500,1182.704,375.704,735.000,8.9757,22.0000,1.2222,0.4190,6.3336,0.5333,0.2667,0.2000,0.7071,0.0000,4.8943,1.5834,1.0000
4,3,1197,1199,3,1,2,0.6667,1198.017,568.000,147.169,8.4892,17.0000,1.1525,0.9976,4.8920,0.5357,0.3214,0.1429,1.0000,0.0000,4.8921,0.8633,0.8305
7,3,1198,1200,3,3,2,0.3889,1198.698,634.219,649.375,10.4414,17.0000,1.2396,1.1127,4.8921,0.3286,0.4589,0.2125,0.6526,0.2808,4.0288,1.1511,0.5000
6,3,1199,1201,3,2,1,1.0000,1200.099,683.494,890.000,9.5156,16.0000,1.1852,0.5036,4.6041,0.5556,0.3333,0.1111,1.0000,0.0000,4.4602,1.4388,0.5679
4,3,1199,1201,3,2,1,0.6667,1200.121,687.431,533.000,8.3450,17.0000,1.1724,0.9793,4.8918,0.7576,0.1294,0.1129,0.8507,0.0000,5.0358,1.2949,0.8276
3,3,1200,1201,2,2,1,0.7500,1200.268,405.357,574.000,9.3037,21.0000,1.1250,0.4464,6.0429,0.5333,0.2667,0.2000,0.7071,0.0000,6.3307,1.2949,1.0000
10,3,1204,1207,4,2,4,0.3125,1205.492,552.583,955.697,12.0109,17.0000,1.2879,0.8213,4.8916,0.2072,0.5909,0.2019,0.6485,0.2730,4.0284,0.8632,0.4848
4,3,1205,1206,2,2,2,0.5000,1205.526,499.737,556.807,8.2006,16.0000,1.1228,0.6193,4.6039,0.5916,0.1015,0.3069,0.7071,0.7071,4.8916,1.5826,0.8070
7,3,1207,1210,4,2,3,0.2917,1208.520,367.102,751.469,10.6580,21.0000,1.5000,0.6788,6.0425,0.7074,0.1321,0.1605,0.8132,0.0194,4.3161,2.0142,0.5306
8,3,1208,1209,2,2,3,0.6667,1208.570,477.250,473.340,10.1731,16.0000,1.2800,0.6025,4.6038,0.6000,0.1500,0.2500,0.0000,0.0000,3.8845,1.4387,0.4700
4,3,1223,1224,2,2,1,1.0000,1223.483,237.567,620.000,8.6331,19.0000,1.2667,0.6743,5.4677,0.0000,0.7500,0.2500,1.0000,0.0000,4.7482,1.1511,0.8333
6,4,1229,1231,3,2,2,0.5000,1229.762,317.357,840.726,9.8695,16.0000,1.1429,0.5091,4.6048,0.6381,0.1455,0.2164,0.8019,0.3768,4.8925,1.1512,0.7262
6,4,1233,1234,2,3,2,0.5000,1233.660,302.596,754.638,11.0452,18.0000,1.1489,1.0942,5.1808,0.6075,0.1449,0.2475,0.1615,0.2261,5.6125,2.0147,0.7234
5,3,1236,1238,3,1,2,0.8333,1236.797,623.000,667.568,9.5257,17.0000,1.1486,0.4776,4.8933,0.5854,0.2927,0.1220,0.9487,0.0000,5.1810,2.0148,0.6622
4,3,1238,1240,3,1,2,0.6667,1239.018,211.000,700.179,8.0599,16.0000,1.1429,0.9982,4.6057,0.5357,0.3214,0.1429,1.0000,0.0000,4.6056,1.7271,0.8214
3,3,1244,1245,2,2,1,0.7500,1244.700,225.300,591.000,8.3105,20.0000,1.2000,0.4243,5.7577,0.5333,0.2667,0.2000,0.7071,0.0000,4.6062,1.1516,1.0000
4,3,1246,1248,3,1,2,0.6667,1246.893,580.000,603.554,8.0611,16.0000,1.1429,0.9982,4.6063,0.7576,0.1294,0.1129,0.8507,0.0000,4.8943,1.1516,0.8214
5,3,1252,1254,3,1,2,0.8333,1253.240,780.000,400.560,9.6575,17.0000,1.1333,0.5012,4.8949,0.5854,0.2927,0.1220,0.9487,0.0000,5.1828,1.1517,0.6667
5,3,1255,1257,3,2,1,0.8333,1256.257,756.392,592.000,9.5293,17.0000,1.1486,0.8402,4.8952,0.5854,0.2927,0.1220,0.9487,0.0000,4.8951,1.4397,0.6486
6,3,1257,1258,2,2,2,0.7500,1257.482,543.753,413.400,9.9923,17.0000,1.2000,0.8085,4.8953,0.2000,0.3333,0.4667,0.0000,0.0000,4.6073,0.5759,0.5882
4,3,1259,1260,2,1,2,1.0000,1259.443,249.000,726.525,8.7829,18.0000,1.1803,0.6864,5.1833,0.0000,0.7500,0.2500,0.0000,0.0000,4.8954,1.5838,0.8197
3,3,1260,1261,2,2,1,0.7500,1260.638,119.319,535.000,7.8142,17.0000,1.0851,0.7136,4.8954,0.5333,0.2667,0.2000,0.7071,0.0000,4.6075,1.0079,1.0000
4,3,1261,1263,3,2,1,0.6667,1261.879,699.431,1044.000,8.3513,17.0000,1.1724,0.9793,4.8955,0.7576,0.1294,0.1129,0.8507,0.0000,4.7516,1.7278,0.8276
3,3,1262,1263,2,2,1,0.7500,1262.302,375.660,939.000,8.8119,19.0000,1.0755,0.4544,5.4715,0.5333,0.2667,0.2000,0.7071,0.0000,5.4715,1.0079,1.0000
4,3,1262,1263,2,2,2,0.5000,1262.262,490.769,942.800,9.3592,20.0000,1.2308,0.4021,5.7595,0.0000,0.5625,0.4375,0.4459,0.5774,5.1836,1.7278,0.8000
4,3,1265,1266,2,2,1,1.0000,1265.531,314.438,353.000,9.2157,19.0000,1.1875,0.6882,5.4718,0.0000,0.7500,0.2500,1.0000,0.0000,5.1839,1.4399,0.8281
5,3,1275,1277,3,2,2,0.4167,1276.093,249.733,724.200,9.6609,23.0000,1.5333,0.3462,6.6247,0.5461,0.2256,0.2283,0.8117,0.4177,4.6085,1.7282,0.7333
9,3,1275,1277,3,2,3,0.5000,1275.802,307.405,911.835,11.6172,18.0000,1.3388,0.9132,5.1845,0.5136,0.3242,0.1622,0.6744,0.4567,4.0324,1.7282,0.4298
5,3,1276,1277,2,2,2,0.6250,1276.408,290.789,780.676,9.1457,17.0000,1.1972,0.5625,4.8965,0.3432,0.2505,0.4063,0.6059,0.3645,4.8965,1.1521,0.6761
5,3,1278,1279,2,2,3,0.4167,1278.681,604.232,990.087,8.8883,16.0000,1.1594,0.9945,4.6087,0.5461,0.2256,0.2283,0.5716,0.7118,4.6087,1.0082,0.6812
3,3,1281,1282,2,1,2,0.7500,1281.680,301.000,805.620,8.3153,19.0000,1.1400,0.6977,5.4730,0.5333,0.2667,0.2000,0.7071,0.0000,4.8968,2.1604,1.0000
3,3,1283,1284,2,1,2,0.7500,1283.674,540.000,214.652,7.6503,16.0000,1.0435,0.7292,4.6089,0.5333,0.2667,0.2000,0.7071,0.0000,4.8970,1.7283,1.0000
21,3,1284,1288,5,5,5,0.1680,1286.418,624.784,664.798,18.3555,20.0000,1.4384,1.5131,5.7613,0.6043,0.2990,0.0967,0.1972,0.1888,4.6092,1.7284,0.4795
7,3,1288,1290,3,2,3,0.3889,1289.337,446.891,443.185,10.0172,18.0000,1.3696,0.3994,5.1854,0.3231,0.4135,0.2634,0.8452,0.2797,3.7450,0.8642,0.5326
4,3,1290,1292,3,2,1,0.6667,1290.636,936.273,889.000,7.9222,15.0000,1.0909,0.6923,4.3212,0.7500,0.1500,0.1000,0.9487,0.0000,4.6093,1.0083,0.8182
3,3,1292,1293,2,2,1,0.7500,1292.700,844.700,977.000,8.3163,20.0000,1.2000,0.4243,5.7617,0.5333,0.2667,0.2000,0.7071,0.0000,4.0332,0.8642,1.0000
4,3,1293,1294,2,3,1,0.6667,1293.172,177.172,731.000,8.3545,16.0000,1.1034,1.1850,4.6094,0.7500,0.1500,0.1000,0.3162,0.0000,4.8975,2.3047,0.8276
6,3,1296,1297,2,2,3,0.5000,1296.468,404.456,799.013,9.2916,16.0000,1.2152,0.6536,4.6095,0.6168,0.1058,0.2774,0.5000,0.5000,4.1774,1.4405,0.5823
4,3,1299,1300,2,2,1,1.0000,1299.458,154.458,447.000,8.4991,17.0000,1.1525,0.6472,4.8978,0.0000,0.7500,0.2500,1.0000,0.0000,4.6097,1.4405,0.7966
6,3,1299,1302,4,2,2,0.3750,1300.481,560.136,466.259,9.5272,18.0000,1.3333,0.5635,5.1859,0.6410,0.2138,0.1452,0.9804,0.0231,4.0335,1.4405,0.6173
4,3,1300,1301,2,1,3,0.6667,1300.554,587.000,459.089,8.0670,16.0000,1.1429,0.4553,4.6098,0.7576,0.1294,0.1129,0.5257,0.0000,4.8978,1.5846,0.8214
4,3,1302,1303,2,1,2,1.0000,1302.517,461.000,418.567,8.6434,18.0000,1.2000,0.6743,5.1860,0.0000,0.7500,0.2500,0.0000,0.0000,4.7539,1.1525,0.8167
6,3,1304,1306,3,2,2,0.5000,1305.202,375.333,384.702,9.8805,16.0000,1.1429,0.7576,4.6100,0.6381,0.1455,0.2164,0.8019,0.3768,4.4659,0.8644,0.5595
4,3,1304,1305,2,2,1,1.0000,1304.476,437.429,879.000,9.0758,18.0000,1.1429,0.6406,5.1862,0.0000,0.7500,0.2500,1.0000,0.0000,5.3302,1.5847,0.8095
6,3,1307,1309,3,2,2,0.5000,1307.864,427.136,769.667,9.5278,17.0000,1.2593,0.9362,4.8981,0.7074,0.0897,0.2030,0.9140,0.2540,4.3219,1.1525,0.5926
4,3,1307,1309,3,1,2,0.6667,1307.738,461.000,357.754,8.7879,17.0000,1.1148,0.3595,4.8982,0.7500,0.1500,0.1000,0.9487,0.0000,4.6100,1.2966,0.7705
5,3,1307,1308,2,2,2,0.6250,1307.347,744.587,962.800,9.6641,18.0000,1.2000,0.7102,5.1863,0.3432,0.2505,0.4063,0.6059,0.3645,4.8981,1.5847,0.6533
7,3,1309,1311,3,1,3,0.7778,1310.326,990.000,688.967,10.0192,17.0000,1.2935,0.3277,4.8983,0.1247,0.7481,0.1273,0.0000,0.0000,3.7457,1.7288,0.5109
5,3,1310,1312,3,3,1,0.5556,1310.597,603.931,889.000,9.2777,16.0000,1.1111,1.1057,4.6101,0.3318,0.5530,0.1152,1.0000,0.0000,4.7542,1.4407,0.6528
4,3,1316,1317,2,2,1,1.0000,1316.476,599.492,645.000,9.0766,18.0000,1.1429,0.6962,5.1866,0.0000,0.7500,0.2500,1.0000,0.0000,4.8985,1.1526,0.7937
3,3,1316,1317,2,1,2,0.7500,1316.660,634.000,652.700,8.3181,18.0000,1.0800,0.4534,5.1866,0.5333,0.2667,0.2000,0.7071,0.0000,4.0340,0.8644,1.0000
5,3,1316,1317,2,2,2,0.6250,1316.368,712.162,220.632,8.7627,17.0000,1.2500,0.5445,4.8985,0.3432,0.2505,0.4063,0.6059,0.3645,4.6103,1.1526,0.6912
9,3,1317,1319,3,2,3,0.5000,1318.071,635.291,650.283,12.1983,20.0000,1.4173,0.7767,5.7630,0.1855,0.5455,0.2689,0.7970,0.1123,4.6104,0.8644,0.4173
4,3,1318,1320,3,2,1,0.6667,1318.785,203.185,672.000,9.3649,21.0000,1.2923,0.2837,6.0512,0.7500,0.1500,0.1000,0.9487,0.0000,5.0426,1.2967,0.8154
4,3,1325,1327,3,1,2,0.6667,1326.068,477.000,455.271,8.5007,17.0000,1.1525,0.2795,4.8987,0.5357,0.3214,0.1429,1.0000,0.0000,4.7546,0.5763,0.8136
4,3,1325,1326,2,1,2,1.0000,1325.429,798.000,477.460,9.0770,19.0000,1.2063,0.6892,5.4750,0.0000,0.7500,0.2500,0.0000,0.0000,5.1869,1.4408,0.8413
5,3,1326,1328,3,2,2,0.4167,1326.910,683.851,394.522,8.6342,16.0000,1.1940,1.0602,4.6106,0.5461,0.2256,0.2283,0.8117,0.4177,4.6106,0.5763,0.7015
4,3,1330,1331,2,2,2,0.5000,1330.738,739.769,560.185,9.3652,21.0000,1.2923,0.3946,6.0514,0.0000,0.5625,0.4375,0.4459,0.5774,4.3224,1.1526,0.8154
5,3,1330,1331,2,2,2,0.6250,1330.521,1047.141,481.366,9.1497,18.0000,1.2676,0.6523,5.1869,0.3432,0.2505,0.4063,0.6059,0.3645,4.8987,0.5763,0.7183
5,4,1331,1332,2,2,2,0.6250,1331.603,881.154,541.564,10.0518,19.0000,1.2179,0.7070,5.4751,0.3432,0.2505,0.4063,0.6059,0.3645,4.8987,0.8645,0.8462
3,3,1332,1333,2,2,1,0.7500,1332.640,605.320,967.000,8.3185,18.0000,1.0800,0.7155,5.1869,0.5333,0.2667,0.2000,0.7071,0.0000,4.8987,1.4408,1.0000
6,4,1336,1337,2,2,2,0.7500,1336.378,660.522,1080.767,10.5876,18.0000,1.2000,0.6523,5.1869,0.2000,0.3333,0.4667,0.7071,0.7071,5.0428,1.7289,0.7667
5,3,1341,1343,3,2,2,0.4167,1341.949,363.633,543.848,10.1803,23.0000,1.4557,0.4005,6.6274,0.5461,0.2256,0.2283,0.8117,0.4177,4.6104,1.1526,0.7089
4,3,1343,1345,3,2,1,0.6667,1343.938,527.266,390.000,9.2206,17.0000,1.0625,0.9744,4.8985,0.5357,0.3214,0.1429,1.0000,0.0000,5.1866,0.8644,0.7969
3,3,1343,1344,2,1,2,0.7500,1343.674,584.000,549.326,7.6526,16.0000,1.0435,0.4612,4.6103,0.5333,0.2667,0.2000,0.7071,0.0000,4.6103,1.7289,1.0000
5,3,1344,1346,3,2,2,0.4167,1345.072,754.145,379.464,8.8914,17.0000,1.2319,0.4913,4.8984,0.7729,0.0435,0.1836,0.8328,0.5477,4.8984,1.7288,0.7101
4,3,1351,1352,2,1,2,1.0000,1351.478,390.000,688.433,9.6519,20.0000,1.1940,0.6784,5.7623,0.0000,0.7500,0.2500,0.0000,0.0000,5.3302,0.5763,0.8209
3,3,1352,1353,2,2,1,0.7500,1352.312,155.688,714.000,7.9844,18.0000,1.1250,0.4419,5.1861,0.5333,0.2667,0.2000,0.7071,0.0000,4.6098,1.1525,1.0000
7,3,1355,1357,3,2,2,0.5833,1355.793,584.750,326.478,10.0179,18.0000,1.3696,0.6143,5.1857,0.4600,0.2645,0.2756,0.8571,0.1000,4.0334,0.2881,0.5217
5,3,1356,1357,2,2,2,0.6250,1356.583,376.181,783.611,9.2763,16.0000,1.1111,0.5979,4.6094,0.3432,0.2505,0.4063,0.6059,0.3645,4.8976,1.4405,0.6389
3,3,1359,1360,2,1,2,0.7500,1359.333,664.000,880.667,7.4844,15.0000,1.0000,0.7454,4.3212,0.5333,0.2667,0.2000,0.7071,0.0000,4.6092,0.7202,1.0000
5,3,1368,1370,3,1,2,0.8333,1368.806,436.000,715.319,9.2738,18.0000,1.2500,0.3740,5.1842,0.5854,0.2927,0.1220,0.9487,0.0000,4.6081,2.0160,0.6806
3,3,1370,1370,1,2,2,0.7500,1370.000,703.326,879.652,7.6488,16.0000,1.0435,0.7292,4.6080,0.5333,0.2667,0.2000,0.0000,1.0000,4.6080,2.3040,1.0000
8,4,1371,1373,3,3,2,0.4444,1372.115,509.549,467.354,11.5055,19.0000,1.3451,1.2254,5.4716,0.7197,0.0792,0.2011,0.6957,0.7128,4.8958,1.7279,0.6106
7,3,1372,1375,4,2,2,0.4375,1373.868,625.242,599.319,9.9048,16.0000,1.2308,1.3430,4.6075,0.8243,0.0513,0.1244,0.9184,0.3278,4.3196,1.7278,0.5055
4,3,1376,1378,3,1,2,0.6667,1377.159,306.000,448.841,9.0705,18.0000,1.1429,1.1696,5.1833,0.7500,0.1500,0.1000,0.9487,0.0000,5.3271,0.2880,0.8413
4,3,1376,1378,3,2,1,0.6667,1377.045,714.773,547.000,9.5025,24.0000,1.4545,0.2318,6.9109,0.5357,0.3214,0.1429,1.0000,0.0000,4.8952,1.5838,0.8182
5,3,1377,1379,3,1,2,0.8333,1377.736,726.000,365.417,9.2718,16.0000,1.1111,0.8459,4.6073,0.5854,0.2927,0.1220,0.9487,0.0000,4.6072,0.7199,0.6528
3,3,1378,1379,2,2,1,0.7500,1378.673,631.327,511.000,8.1459,17.0000,1.0408,0.4618,4.8950,0.5333,0.2667,0.2000,0.7071,0.0000,4.8951,1.2958,1.0000
7,4,1381,1383,3,3,2,0.3889,1381.928,229.000,838.546,10.5560,17.0000,1.2268,0.5511,4.8947,0.5487,0.1939,0.2574,0.8285,0.0460,4.8946,1.4396,0.6392
5,3,1381,1382,2,2,3,0.4167,1381.382,439.618,809.985,8.7560,16.0000,1.1765,0.7266,4.6068,0.7383,0.0485,0.2132,0.5000,0.7071,4.6067,0.8638,0.6912
4,3,1382,1383,2,1,2,1.0000,1382.431,474.000,465.462,9.3574,20.0000,1.2308,0.6313,5.7584,0.0000,0.7500,0.2500,0.0000,0.0000,4.8946,1.1517,0.8000
5,3,1382,1383,2,2,2,0.6250,1382.486,505.167,650.611,9.2708,18.0000,1.2500,0.8157,5.1825,0.3432,0.2505,0.4063,0.6059,0.3645,4.8947,1.8715,0.6944
3,3,1384,1385,2,1,2,0.7500,1384.652,343.000,617.326,7.6463,16.0000,1.0435,0.7292,4.6066,0.5333,0.2667,0.2000,0.7071,0.0000,4.8944,1.5835,1.0000
5,3,1384,1386,3,1,2,0.8333,1385.076,486.000,444.606,8.4978,16.0000,1.2121,0.6108,4.6065,0.5854,0.2927,0.1220,0.9487,0.0000,4.6065,0.8637,0.6970
4,3,1384,1386,3,1,2,0.6667,1385.091,529.000,273.455,7.9174,15.0000,1.0909,0.4635,4.3186,0.7576,0.1294,0.1129,0.8507,0.0000,4.6064,0.5758,0.8182
4,3,1386,1387,2,3,1,0.6667,1386.569,355.103,895.000,8.3490,17.0000,1.1724,0.4433,4.8942,0.7576,0.1294,0.1129,0.5257,0.0000,5.0382,1.7274,0.8276
5,3,1389,1390,2,2,2,0.6250,1389.635,654.189,296.649,9.5272,18.0000,1.2162,0.5407,5.1819,0.3432,0.2505,0.4063,0.6059,0.3645,4.6061,1.1515,0.6622
4,3,1393,1394,2,1,2,1.0000,1393.460,815.000,287.508,9.0680,18.0000,1.1429,0.6738,5.1817,0.0000,0.7500,0.2500,0.0000,0.0000,4.7499,1.5833,0.7778
4,3,1395,1396,2,2,1,1.0000,1395.540,704.524,510.000,9.0678,18.0000,1.1429,0.6623,5.1816,0.0000,0.7500,0.2500,1.0000,0.0000,4.7498,0.7197,0.7778
4,3,1396,1397,2,3,1,0.6667,1396.705,374.066,652.000,8.7799,18.0000,1.1803,0.7080,5.1816,0.5357,0.3214,0.1429,0.0000,0.0000,4.8937,0.8636,0.8197
3,3,1399,1400,2,1,2,0.7500,1399.660,660.000,180.660,7.8113,16.0000,1.0213,0.7422,4.6058,0.5333,0.2667,0.2000,0.7071,0.0000,4.8937,1.2954,1.0000
5,3,1400,1402,3,1,2,0.8333,1401.164,506.000,683.411,9.3978,20.0000,1.3699,0.4426,5.7573,0.5854,0.2927,0.1220,0.9487,0.0000,4.6058,1.4393,0.6849
5,3,1402,1404,3,2,1,0.8333,1403.314,796.586,557.000,9.0116,16.0000,1.1429,0.9018,4.6059,0.5854,0.2927,0.1220,0.9487,0.0000,4.8937,1.2954,0.6714
11,4,1405,1407,3,2,4,0.4583,1405.905,678.892,515.885,12.8458,16.0000,1.1892,1.2761,4.6059,0.2486,0.5917,0.1597,0.0754,0.1460,4.6059,1.4394,0.5270
4,4,1405,1406,2,2,1,1.0000,1405.516,977.484,648.000,9.2118,17.0000,1.0625,0.6850,4.8938,0.0000,0.7500,0.2500,1.0000,0.0000,5.1816,2.0151,1.0000
8,3,1406,1409,4,3,3,0.2222,1407.370,482.460,599.880,10.1778,15.0000,1.2000,0.6024,4.3181,0.5755,0.2167,0.2078,0.7645,0.4130,4.0302,1.1515,0.4500
4,3,1409,1410,2,2,2,0.5000,1409.439,457.825,648.719,8.2045,16.0000,1.1228,0.8605,4.6060,0.5916,0.1015,0.3069,0.7071,0.7071,5.0379,1.7273,0.8246
6,3,1411,1412,2,3,2,0.5000,1411.329,933.939,504.134,9.6373,17.0000,1.2439,0.6867,4.8941,0.7074,0.0897,0.2030,0.3047,0.0847,4.3182,1.4394,0.5976
4,3,1415,1416,2,2,1,1.0000,1415.450,465.450,758.000,8.6370,18.0000,1.2000,0.6364,5.1822,0.0000,0.7500,0.2500,1.0000,0.0000,4.8943,2.0153,0.8000
4,3,1415,1416,2,2,2,0.5000,1415.525,505.836,550.246,8.7810,19.0000,1.2459,0.6021,5.4701,0.5916,0.1015,0.3069,0.7071,0.7071,4.8944,2.1593,0.8361
4,3,1419,1421,3,2,1,0.6667,1419.983,550.217,764.000,8.6376,16.0000,1.0667,1.0069,4.6067,0.5357,0.3214,0.1429,1.0000,0.0000,4.7507,1.4396,0.7833
4,3,1422,1423,2,1,3,0.6667,1422.552,866.000,680.103,8.3501,16.0000,1.1034,0.5613,4.6070,0.7576,0.1294,0.1129,0.5257,0.0000,4.8949,1.4397,0.8276
4,3,1424,1426,3,1,2,0.6667,1424.909,858.000,482.455,7.9185,15.0000,1.0909,1.0164,4.3192,0.7576,0.1294,0.1129,0.8507,0.0000,4.6071,1.4397,0.8182
3,3,1427,1428,2,1,2,0.7500,1427.294,473.000,415.314,8.4788,20.0000,1.1765,0.4300,5.7591,0.5333,0.2667,0.2000,0.7071,0.0000,4.8952,1.5838,1.0000
5,3,1428,1430,3,1,2,0.8333,1428.690,896.000,567.380,9.1434,18.0000,1.2676,0.4905,5.1833,0.5854,0.2927,0.1220,0.9487,0.0000,4.8953,1.1519,0.7042
4,3,1433,1434,2,1,2,1.0000,1433.433,440.000,365.483,8.6393,18.0000,1.2000,0.6743,5.1836,0.0000,0.7500,0.2500,0.0000,0.0000,5.0396,1.5839,0.8167
5,3,1435,1437,3,2,1,0.8333,1435.770,487.527,711.000,9.5304,19.0000,1.2838,0.9333,5.4716,0.5854,0.2927,0.1220,0.9487,0.0000,4.6077,1.5839,0.6757
4,3,1440,1441,2,2,1,1.0000,1440.492,906.538,550.000,9.3596,19.0000,1.1692,0.6748,5.4717,0.0000,0.7500,0.2500,1.0000,0.0000,5.1837,1.5839,0.7846
4,3,1443,1444,2,3,1,0.6667,1443.741,519.672,1044.000,8.3515,16.0000,1.1034,0.7204,4.6077,0.7500,0.1500,0.1000,0.3162,0.0000,4.8957,1.8719,0.7931
5,3,1445,1446,2,2,2,0.6250,1445.406,991.145,455.536,8.8863,16.0000,1.1594,0.6879,4.6077,0.3432,0.2505,0.4063,0.6059,0.3645,4.8956,1.1519,0.6812
3,3,1446,1447,2,2,1,0.7500,1446.652,146.326,569.000,7.6480,16.0000,1.0435,0.7292,4.6076,0.5333,0.2667,0.2000,0.7071,0.0000,4.8955,1.7278,1.0000
4,3,1453,1456,4,1,1,1.0000,1454.279,274.000,425.000,8.7818,19.0000,1.2459,1.2787,5.4708,0.9375,0.0000,0.0625,1.0000,0.0000,4.8948,1.2956,0.8361
7,3,1454,1456,3,3,1,0.7778,1455.082,327.704,995.000,10.6648,21.0000,1.5000,0.3070,6.0464,0.1247,0.7481,0.1273,1.0000,0.0000,4.0308,1.1517,0.5408
4,3,1458,1460,3,2,1,0.6667,1458.968,546.524,397.000,9.0684,20.0000,1.2698,0.4772,5.7577,0.7576,0.1294,0.1129,0.8507,0.0000,4.8941,1.4394,0.7937
4,3,1459,1460,2,2,1,1.0000,1459.446,592.464,899.000,8.0606,16.0000,1.1429,0.6973,4.6061,0.0000,0.7500,0.2500,1.0000,0.0000,4.8939,1.5833,0.8214
4,3,1460,1462,3,2,1,0.6667,1461.065,456.468,579.000,8.9237,17.0000,1.0968,1.0459,4.8935,0.7576,0.1294,0.1129,0.8507,0.0000,5.1815,1.4393,0.7903
4,3,1462,1463,2,3,1,0.6667,1462.186,237.983,712.000,8.4915,17.0000,1.1525,0.1872,4.8935,0.5357,0.3214,0.1429,0.0000,0.0000,4.7495,1.1513,0.8136
7,3,1463,1465,3,3,1,0.7778,1464.103,641.691,519.000,10.5524,18.0000,1.2990,0.3260,5.1809,0.4747,0.4312,0.0941,0.8619,0.0000,4.3176,1.1513,0.5258
6,3,1474,1476,3,3,2,0.3333,1475.060,562.000,825.120,9.7477,20.0000,1.4458,1.0671,5.7538,0.7308,0.1227,0.1465,0.8841,0.3686,4.0274,1.1508,0.6145
6,3,1475,1477,3,2,2,0.5000,1476.125,591.312,615.475,9.3948,17.0000,1.2750,0.5822,4.8902,0.4246,0.3485,0.2269,0.7895,0.0722,4.3149,1.0068,0.6000
5,3,1477,1478,2,3,1,0.8333,1477.423,251.310,997.000,9.1332,17.0000,1.1972,0.8999,4.8897,0.5854,0.2927,0.1220,0.3162,0.0000,4.8899,1.4382,0.6761
3,3,1480,1482,3,1,1,1.0000,1481.000,569.000,194.000,9.1322,21.0000,1.1455,0.0000,6.0394,0.8889,0.0000,0.1111,1.0000,0.0000,5.3206,1.8693,1.0000
6,4,1489,1491,3,3,1,0.6667,1490.333,606.456,283.000,10.5626,20.0000,1.3333,0.6384,5.7496,0.6061,0.3030,0.0909,0.7071,0.0000,4.8872,1.5811,0.7556
3,3,1489,1491,3,1,1,1.0000,1490.041,726.000,308.000,8.1329,17.0000,1.0408,0.0408,4.8872,0.8889,0.0000,0.1111,1.0000,0.0000,5.1745,1.4374,1.0000
5,3,1494,1495,2,2,2,0.6250,1494.456,117.456,728.853,8.7412,16.0000,1.1765,0.7834,4.5990,0.3432,0.2505,0.4063,0.6059,0.3645,4.5990,1.1498,0.6765
4,4,1496,1497,2,2,2,0.5000,1496.242,694.758,396.484,8.9103,17.0000,1.0968,0.5926,4.8863,0.5916,0.1015,0.3069,0.5000,0.5000,4.8863,2.1557,1.0000
5,3,1496,1498,3,2,2,0.4167,1496.930,696.493,280.141,9.1263,19.0000,1.3380,0.5309,5.4610,0.5461,0.2256,0.2283,0.8117,0.4177,4.0239,1.0060,0.7042
4,3,1500,1502,3,1,2,0.6667,1501.371,599.000,827.726,8.9095,17.0000,1.0968,0.4613,4.8859,0.7500,0.1500,0.1000,0.9487,0.0000,5.1732,1.5807,0.8226
5,3,1502,1504,3,1,2,0.8333,1502.775,661.000,429.606,9.1256,16.0000,1.1268,0.4542,4.5984,0.5854,0.2927,0.1220,0.9487,0.0000,4.0236,0.7185,0.6479
8,3,1506,1508,3,2,2,0.6667,1507.248,922.771,390.381,10.6690,17.0000,1.2952,0.8738,4.8857,0.4961,0.2369,0.2670,0.9586,0.0986,4.3109,1.4370,0.4476
4,3,1508,1509,2,2,2,0.5000,1508.242,292.177,644.742,8.9092,20.0000,1.2903,0.3957,5.7479,0.0000,0.5625,0.4375,0.4459,0.5774,4.1672,0.8622,0.8226
5,3,1508,1509,2,3,1,0.8333,1508.554,358.243,314.000,9.5110,19.0000,1.2838,0.5080,5.4605,0.5854,0.2927,0.1220,0.3162,0.0000,4.7420,2.0118,0.7027
9,4,1512,1514,3,2,2,0.7500,1513.259,685.543,406.724,11.1130,17.0000,1.3190,0.6618,4.8859,0.5373,0.1435,0.3192,0.9487,0.2905,4.0236,2.0118,0.5345
4,3,1521,1522,2,1,2,1.0000,1521.441,645.000,327.441,8.4797,18.0000,1.2203,0.6232,5.1740,0.0000,0.7500,0.2500,0.0000,0.0000,5.0303,1.4372,0.8136
5,3,1522,1523,2,2,2,0.6250,1522.392,454.865,311.378,9.5129,20.0000,1.3514,0.5613,5.7490,0.3432,0.2505,0.4063,0.6059,0.3645,4.5992,1.1498,0.6892
4,3,1524,1525,2,1,2,1.0000,1524.484,549.000,395.532,8.9114,17.0000,1.0968,0.6730,4.8869,0.0000,0.7500,0.2500,0.0000,0.0000,4.7432,1.4373,0.7742
5,3,1525,1526,2,3,1,0.8333,1525.629,538.871,497.000,8.9993,16.0000,1.1429,0.3931,4.5996,0.5854,0.2927,0.1220,0.3162,0.0000,4.8870,0.8624,0.6571
7,4,1527,1529,3,2,2,0.5833,1528.038,766.552,515.105,11.4094,18.0000,1.2000,0.5635,5.1748,0.4600,0.2645,0.2756,1.0000,0.0000,5.1749,1.4374,0.6381
4,3,1528,1530,3,1,2,0.6667,1529.100,521.000,494.167,8.6249,19.0000,1.2667,1.1126,5.4623,0.7500,0.1500,0.1000,0.9487,0.0000,4.7437,1.4375,0.8333
5,3,1531,1532,2,2,2,0.6250,1531.568,707.162,478.459,9.5149,19.0000,1.2838,0.8004,5.4627,0.3432,0.2505,0.4063,0.6059,0.3645,4.6003,1.1501,0.6622
4,3,1535,1536,2,2,1,1.0000,1535.443,572.508,541.000,8.7698,19.0000,1.2459,0.6617,5.4631,0.0000,0.7500,0.2500,1.0000,0.0000,4.8881,1.4376,0.8033
6,3,1535,1536,2,2,2,0.7500,1535.694,817.376,756.294,9.9779,23.0000,1.6235,0.5673,6.6134,0.2000,0.3333,0.4667,0.7071,0.7071,4.3130,1.5815,0.6235
7,3,1539,1540,2,4,1,0.8750,1539.594,288.365,547.000,10.4339,19.0000,1.3854,0.7542,5.4636,0.7331,0.1952,0.0717,0.1452,0.0000,4.0258,1.8691,0.5312
7,4,1539,1541,3,1,4,0.5833,1539.838,678.000,175.020,10.7600,16.0000,1.1313,1.3205,4.6010,0.5949,0.3298,0.0753,0.2567,0.0000,4.8885,1.2940,0.6364
4,3,1543,1545,3,2,1,0.6667,1543.810,520.172,289.000,8.3396,17.0000,1.1724,0.2563,4.8887,0.7500,0.1500,0.1000,0.9487,0.0000,4.1698,1.4378,0.8276
6,3,1544,1546,3,2,2,0.5000,1544.833,280.821,659.274,9.8617,20.0000,1.4286,0.3669,5.7515,0.5230,0.1584,0.3185,0.9225,0.0898,4.6012,0.1438,0.5952
8,3,1545,1547,3,3,2,0.4444,1545.950,377.990,367.653,10.2690,17.0000,1.3465,1.0117,4.8888,0.6609,0.0939,0.2453,0.9239,0.3827,3.7385,0.8627,0.4653
7,3,1546,1548,3,2,3,0.3889,1547.216,545.670,164.856,10.5433,17.0000,1.2268,1.0410,4.8888,0.4888,0.1571,0.3542,0.7058,0.4587,4.6012,0.2876,0.5052
10,3,1548,1550,3,2,4,0.4167,1548.522,575.157,339.358,12.1860,20.0000,1.4925,0.8152,5.7516,0.4734,0.3045,0.2221,0.3548,0.3017,4.1699,1.4379,0.4030
6,3,1552,1554,3,2,2,0.5000,1552.976,737.729,988.118,9.9792,21.0000,1.4824,0.2960,6.0391,0.7074,0.0897,0.2030,0.9140,0.2540,4.6012,0.8627,0.6118
8,3,1553,1556,4,3,2,0.3333,1554.735,1057.069,862.794,10.3706,17.0000,1.3333,0.3423,4.8887,0.7418,0.0907,0.1675,0.8942,0.3670,4.0260,1.7254,0.4608
7,3,1554,1557,4,2,2,0.4375,1555.602,448.301,825.882,10.1083,16.0000,1.2043,0.9301,4.6012,0.6673,0.1280,0.2047,0.9953,0.0695,4.3135,1.1503,0.4946
4,3,1555,1557,3,1,2,0.6667,1555.914,329.000,297.448,8.3395,17.0000,1.1724,0.4565,4.8887,0.7576,0.1294,0.1129,0.8507,0.0000,4.1698,1.0065,0.8276
4,3,1555,1556,2,2,1,1.0000,1555.446,333.536,649.000,8.0520,16.0000,1.1429,0.6973,4.6012,0.0000,0.7500,0.2500,1.0000,0.0000,4.6011,1.1503,0.8214
5,3,1555,1557,3,1,2,0.8333,1555.739,840.000,490.594,8.8738,16.0000,1.1594,0.4824,4.6011,0.5854,0.2927,0.1220,0.9487,0.0000,4.0260,0.8627,0.6667
5,3,1556,1558,3,2,1,0.8333,1556.768,428.536,669.000,8.8737,17.0000,1.2319,0.9368,4.8887,0.5854,0.2927,0.1220,0.9487,0.0000,4.8886,1.2941,0.6957
5,3,1560,1561,2,3,1,0.8333,1560.541,729.257,947.000,9.5161,18.0000,1.2162,0.5984,5.1760,0.5854,0.2927,0.1220,0.3162,0.0000,4.6008,1.1502,0.6622
4,4,1563,1564,2,1,2,1.0000,1563.492,403.000,311.524,9.0573,17.0000,1.0794,0.6848,4.8881,0.0000,0.7500,0.2500,0.0000,0.0000,5.0318,0.7188,1.0000
5,3,1563,1565,3,2,2,0.4167,1563.750,777.847,840.139,9.2583,18.0000,1.2500,0.3242,5.1755,0.6338,0.1686,0.1975,0.9585,0.2851,4.8881,2.3002,0.7083
4,3,1565,1566,2,1,2,1.0000,1565.567,663.000,196.507,9.6319,21.0000,1.2537,0.6670,6.0378,0.0000,0.7500,0.2500,0.0000,0.0000,5.1753,1.0063,0.8209
7,3,1567,1569,3,3,2,0.3889,1567.862,244.402,753.586,9.4539,15.0000,1.2069,0.7242,4.3125,0.2767,0.4208,0.3025,0.1378,0.2846,3.4501,1.1500,0.5172
3,3,1567,1569,3,1,1,1.0000,1567.980,822.000,344.000,8.1334,18.0000,1.1020,0.0204,5.1750,0.8889,0.0000,0.1111,1.0000,0.0000,5.0314,1.4375,1.0000
9,3,1568,1571,4,2,2,0.5625,1569.752,343.388,633.579,11.5953,19.0000,1.4132,0.9456,5.4624,0.7038,0.1221,0.1741,0.9089,0.4112,4.5997,1.2937,0.4298
4,3,1568,1570,3,1,2,0.6667,1568.650,667.000,235.750,8.6249,17.0000,1.1333,0.6964,4.8875,0.7500,0.1500,0.1000,0.9487,0.0000,5.1749,2.0125,0.8167
5,4,1574,1575,2,2,2,0.6250,1574.653,310.787,421.453,9.6411,18.0000,1.2000,0.6816,5.1739,0.3432,0.2505,0.4063,0.6059,0.3645,4.8865,1.1498,0.8667
7,3,1578,1580,3,4,1,0.5833,1579.272,217.424,824.000,9.9936,16.0000,1.2174,1.4496,4.5984,0.4340,0.4774,0.0886,0.3162,0.0000,3.7363,1.1496,0.5109
8,5,1581,1584,4,2,3,0.3333,1582.225,329.108,668.317,12.1919,20.0000,1.3333,1.2699,5.7476,0.6837,0.1810,0.1353,0.8939,0.2135,4.7415,1.1495,0.7000
6,3,1581,1583,3,2,3,0.3333,1581.951,838.123,575.802,9.5028,16.0000,1.1852,1.2501,4.5981,0.7308,0.1227,0.1465,0.4448,0.4753,4.3105,1.1495,0.5679
3,3,1582,1584,3,1,1,1.0000,1583.056,509.000,207.000,8.9590,19.0000,1.0556,0.0556,5.4598,0.8889,0.0000,0.1111,1.0000,0.0000,5.7470,0.4310,1.0000
7,4,1585,1587,3,2,3,0.3889,1586.079,1046.634,824.000,10.9686,19.0000,1.3168,0.6386,5.4592,0.5598,0.1704,0.2698,0.9487,0.3162,5.1717,2.0112,0.7030
30,14,1586,1591,6,4,6,0.2083,1588.823,1280.421,817.414,22.8173,23.0000,1.5862,1.1647,6.6081,0.8036,0.0583,0.1381,0.6535,0.7563,4.4532,1.1491,0.5977
6,3,1587,1589,3,2,2,0.5000,1588.000,546.467,893.533,8.7970,15.0000,1.2000,0.7087,4.3096,0.6168,0.1058,0.2774,0.7071,0.7071,4.1660,1.2929,0.6000
6,3,1589,1591,3,2,2,0.5000,1589.900,470.812,708.275,9.3828,16.0000,1.2000,0.9596,4.5968,0.7074,0.0897,0.2030,0.9140,0.2540,4.1656,1.7237,0.5750
5,3,1592,1594,3,2,1,0.8333,1593.271,560.543,511.000,8.9926,16.0000,1.1429,0.6069,4.5962,0.5854,0.2927,0.1220,0.9487,0.0000,4.5962,1.4363,0.6714
4,3,1594,1596,3,2,1,0.6667,1594.806,561.806,607.000,8.9045,20.0000,1.2903,0.2737,5.7448,0.7500,0.1500,0.1000,0.9487,0.0000,4.5959,1.4362,0.8065
5,3,1594,1595,2,2,2,0.6250,1594.608,697.838,300.608,9.5060,17.0000,1.1486,0.5775,4.8831,0.3432,0.2505,0.4063,0.6059,0.3645,5.1704,1.2926,0.6622
3,3,1596,1596,1,2,2,0.7500,1596.000,733.681,255.638,7.7942,17.0000,1.0851,0.7136,4.8830,0.5333,0.2667,0.2000,0.0000,1.0000,4.3085,0.8617,1.0000
6,4,1597,1599,3,2,2,0.5000,1597.845,503.691,481.309,11.3738,20.0000,1.2371,0.4639,5.7443,0.6381,0.1455,0.2164,0.8019,0.3768,5.3136,2.0105,0.7320
5,3,1604,1606,3,2,2,0.4167,1605.053,905.867,516.760,9.6316,21.0000,1.4000,0.2797,6.0304,0.4138,0.1655,0.4207,1.0000,0.0000,4.5945,1.7229,0.7200
4,3,1606,1607,2,2,2,0.5000,1606.552,715.724,667.190,8.3273,16.0000,1.1034,0.8725,4.5943,0.5916,0.1015,0.3069,0.7071,0.7071,4.7380,1.4358,0.8103
6,3,1609,1611,3,3,1,0.6667,1609.900,529.289,590.000,10.5498,19.0000,1.2667,0.7181,5.4554,0.5235,0.3913,0.0852,0.4179,0.0000,4.4505,1.4357,0.5778
4,3,1611,1612,2,2,2,0.5000,1611.250,499.467,572.167,8.6136,18.0000,1.2000,0.6121,5.1682,0.5916,0.1015,0.3069,0.5000,0.5000,5.1681,1.5791,0.8333
6,3,1611,1612,2,2,2,0.7500,1611.452,825.655,837.714,9.8461,16.0000,1.1429,0.8456,4.5940,0.2000,0.3333,0.4667,0.0000,0.0000,4.7375,1.8663,0.5595
3,3,1617,1618,2,1,2,0.7500,1617.681,379.000,307.319,7.7903,17.0000,1.0851,0.4513,4.8805,0.5333,0.2667,0.2000,0.7071,0.0000,4.7370,1.1483,1.0000
4,3,1617,1618,2,2,1,1.0000,1617.475,575.458,905.000,8.4691,16.0000,1.0847,0.6593,4.5935,0.0000,0.7500,0.2500,1.0000,0.0000,4.7370,1.1484,0.7966
4,3,1619,1620,2,1,2,1.0000,1619.431,510.000,470.552,8.3253,17.0000,1.1724,0.6219,4.8804,0.0000,0.7500,0.2500,0.0000,0.0000,5.0239,2.1531,0.8276
4,3,1625,1627,3,1,2,0.6667,1626.017,430.000,232.833,8.6118,19.0000,1.2667,0.1675,5.4541,0.5357,0.3214,0.1429,1.0000,0.0000,4.7365,1.1482,0.8333
3,3,1626,1628,3,1,1,1.0000,1626.958,715.000,320.000,7.9551,17.0000,1.0625,0.9583,4.8800,0.8889,0.0000,0.1111,1.0000,0.0000,4.8800,1.4353,1.0000
7,3,1627,1629,3,2,3,0.3889,1628.042,548.438,345.875,10.4156,17.0000,1.2396,0.5777,4.8799,0.6506,0.2085,0.1409,0.7678,0.5841,4.7364,1.7223,0.6562
3,3,1627,1628,2,2,1,0.7500,1627.660,606.340,841.000,7.7894,16.0000,1.0213,0.7422,4.5929,0.5333,0.2667,0.2000,0.7071,0.0000,4.8799,1.1482,1.0000
5,3,1633,1635,3,1,2,0.8333,1634.292,631.000,187.417,9.2426,17.0000,1.1806,0.5086,4.8797,0.5854,0.2927,0.1220,0.9487,0.0000,4.8797,1.7222,0.6667
5,3,1636,1637,2,3,1,0.8333,1636.461,628.658,487.000,9.7560,19.0000,1.2500,0.8508,5.4538,0.5854,0.2927,0.1220,0.3162,0.0000,5.1667,1.2917,0.6974
4,3,1637,1639,3,1,2,0.6667,1637.825,580.000,892.825,8.1806,17.0000,1.1930,0.2481,4.8797,0.7500,0.1500,0.1000,0.9487,0.0000,4.5926,0.5741,0.8246
4,3,1638,1639,2,1,2,1.0000,1638.523,773.000,206.462,9.3288,20.0000,1.2308,0.6637,5.7408,0.0000,0.7500,0.2500,0.0000,0.0000,4.1621,0.5741,0.7846
7,3,1644,1646,3,2,2,0.5833,1644.761,995.467,420.761,9.9812,19.0000,1.4457,0.5769,5.4538,0.4600,0.2645,0.2756,0.8571,0.1000,3.4445,1.1482,0.5326
4,3,1646,1648,3,1,2,0.6667,1646.909,410.000,795.545,7.8937,15.0000,1.0909,1.0164,4.3056,0.7576,0.1294,0.1129,0.8507,0.0000,4.8797,1.1482,0.8182
4,3,1651,1653,3,1,2,0.6667,1651.933,577.000,109.567,8.6116,19.0000,1.2667,0.4384,5.4540,0.7576,0.1294,0.1129,0.8507,0.0000,4.5928,1.1482,0.8167
7,3,1652,1654,3,1,3,0.7778,1652.596,778.000,192.000,10.1986,17.0000,1.2660,1.1640,4.8799,0.1247,0.7481,0.1273,0.0000,0.0000,4.3058,1.7223,0.5106
5,3,1653,1655,3,1,2,0.8333,1654.268,557.000,116.479,9.1147,17.0000,1.1972,0.5858,4.8800,0.5854,0.2927,0.1220,0.9487,0.0000,4.5929,1.8659,0.6901
8,3,1655,1657,3,3,2,0.4444,1655.600,509.945,480.891,11.1641,18.0000,1.3091,0.4182,5.1671,0.3019,0.4872,0.2108,0.4422,0.1525,4.3059,0.5741,0.4545
5,4,1656,1656,1,3,2,0.8333,1656.000,645.733,487.440,9.6284,18.0000,1.2000,0.6203,5.1671,0.5854,0.2927,0.1220,0.0000,1.0000,4.8801,1.7224,0.8533
4,3,1658,1659,2,2,1,1.0000,1658.484,474.565,832.000,8.8992,18.0000,1.1613,0.6753,5.1673,0.0000,0.7500,0.2500,1.0000,0.0000,5.1672,1.2918,0.8065
8,3,1662,1664,3,3,2,0.4444,1663.116,784.973,662.214,11.3682,20.0000,1.4286,0.2452,5.7418,0.5393,0.2247,0.2360,0.7172,0.4697,4.3064,1.1484,0.4732
6,3,1662,1665,4,2,2,0.3750,1663.221,823.274,357.147,11.1344,21.0000,1.3263,0.3814,6.0289,0.8675,0.0267,0.1059,0.9315,0.3570,4.7370,1.4354,0.5789
3,3,1669,1670,2,1,2,0.7500,1669.327,698.000,358.306,8.1228,18.0000,1.1020,0.4476,5.1682,0.5333,0.2667,0.2000,0.7071,0.0000,4.8811,1.1485,1.0000
4,3,1673,1674,2,2,1,1.0000,1673.547,748.578,868.000,9.1888,19.0000,1.1875,0.6191,5.4559,0.0000,0.7500,0.2500,1.0000,0.0000,5.4558,1.5793,0.8281
7,3,1676,1678,3,2,3,0.3889,1676.844,547.111,206.733,9.7688,16.0000,1.2444,1.1239,4.5947,0.4000,0.4045,0.1955,0.0440,0.0753,4.0206,0.5744,0.5111
4,4,1677,1678,2,2,2,0.5000,1677.266,584.766,427.766,9.1897,17.0000,1.0625,0.4248,4.8821,0.0000,0.5625,0.4375,0.4459,0.5774,5.1691,1.2923,1.0000
4,3,1678,1679,2,2,1,1.0000,1678.517,475.500,714.000,8.6157,16.0000,1.0667,0.6954,4.5951,0.0000,0.7500,0.2500,1.0000,0.0000,4.8822,1.1488,0.7667
7,3,1679,1681,3,2,2,0.5833,1680.067,432.528,275.112,9.6611,17.0000,1.3371,1.0776,4.8826,0.4600,0.2645,0.2756,1.0000,0.0000,3.7335,1.1488,0.5393
5,4,1679,1680,2,2,2,0.6250,1679.603,636.397,476.141,10.0182,20.0000,1.2821,0.5795,5.7440,0.3432,0.2505,0.4063,0.6059,0.3645,5.1695,1.1488,0.8590
4,3,1681,1683,3,1,2,0.6667,1682.083,741.000,176.500,8.6166,20.0000,1.3333,0.5069,5.7444,0.7576,0.1294,0.1129,0.8507,0.0000,4.7392,1.1489,0.8333
6,3,1683,1685,3,3,2,0.3333,1683.927,708.037,419.122,9.6157,16.0000,1.1707,0.1468,4.5960,0.7308,0.1227,0.1465,0.8841,0.3686,4.4522,1.4362,0.5732
4,3,1683,1685,3,2,1,0.6667,1684.177,774.823,965.000,8.9045,19.0000,1.2258,0.2509,5.4575,0.7500,0.1500,0.1000,0.9487,0.0000,4.8831,1.7234,0.8226
6,3,1688,1690,3,2,2,0.5000,1689.098,711.512,460.317,9.6175,17.0000,1.2439,0.6102,4.8840,0.4246,0.3485,0.2269,0.7895,0.0722,4.3093,1.1492,0.5854
37,24,1690,1694,5,4,5,0.3700,1692.329,431.060,1060.747,32.1686,40.0000,2.1733,0.4191,11.4931,0.2901,0.2478,0.4620,0.7156,0.5474,5.1716,1.7240,0.7827
5,4,1692,1693,2,2,2,0.6250,1692.605,248.645,311.211,9.7661,18.0000,1.1842,0.7327,5.1719,0.3432,0.2505,0.4063,0.6059,0.3645,4.5974,0.8620,0.8421
3,3,1693,1694,2,2,1,0.7500,1693.340,671.300,287.000,8.2950,18.0000,1.0800,0.4534,5.1721,0.5333,0.2667,0.2000,0.7071,0.0000,5.1724,0.5747,1.0000
3,3,1696,1698,3,1,1,1.0000,1696.960,774.000,1024.000,8.2964,18.0000,1.0800,0.0400,5.1731,0.8889,0.0000,0.1111,1.0000,0.0000,5.1729,1.1496,1.0000
6,3,1696,1698,3,3,1,0.6667,1696.789,1126.395,916.000,8.9169,15.0000,1.1842,0.4474,4.3112,0.6061,0.3030,0.0909,0.7071,0.0000,4.0235,1.2933,0.5921
4,3,1703,1704,2,2,2,0.5000,1703.254,570.831,229.712,8.4810,17.0000,1.1525,0.7747,4.8873,0.0000,0.5625,0.4375,0.4459,0.5774,4.8875,1.4375,0.8305
4,3,1704,1705,2,2,2,0.5000,1704.293,660.810,327.741,8.3378,17.0000,1.1724,0.7762,4.8879,0.0000,0.5625,0.4375,0.4459,0.5774,4.6001,2.0126,0.8103
6,4,1704,1706,3,1,2,1.0000,1704.989,690.000,334.489,10.3295,18.0000,1.2273,0.4888,5.1754,0.5556,0.3333,0.1111,1.0000,0.0000,4.8877,1.1502,0.7159
3,3,1705,1706,2,2,1,0.7500,1705.700,530.320,404.000,8.3004,19.0000,1.1400,0.4386,5.4633,0.5333,0.2667,0.2000,0.7071,0.0000,4.3131,1.1501,1.0000
8,4,1705,1707,3,3,3,0.2963,1705.773,958.464,601.991,11.1825,18.0000,1.3091,0.5826,5.1757,0.3766,0.2740,0.3494,0.5857,0.3306,4.1692,1.7252,0.5909
6,4,1707,1709,3,1,3,0.6667,1707.859,514.000,503.753,9.9791,17.0000,1.2000,1.1421,4.8885,0.6944,0.2222,0.0833,0.8000,0.0000,4.8886,1.1503,0.7529
4,3,1708,1709,2,2,1,1.0000,1708.618,653.588,484.000,9.7780,25.0000,1.4706,0.5619,7.1898,0.0000,0.7500,0.2500,1.0000,0.0000,4.8890,0.5751,0.8382
3,3,1711,1712,2,1,2,0.7500,1711.667,736.000,342.333,7.4732,15.0000,1.0000,0.7454,4.3148,0.5333,0.2667,0.2000,0.7071,0.0000,4.8899,1.4381,1.0000
7,4,1713,1716,4,2,3,0.2917,1714.544,527.893,322.990,11.2003,19.0000,1.2913,0.4687,5.4665,0.8261,0.0570,0.1169,0.7779,0.4952,5.1785,1.5825,0.6796
5,3,1713,1715,3,1,2,0.8333,1713.671,552.000,206.571,9.0059,18.0000,1.2857,0.8817,5.1781,0.5854,0.2927,0.1220,0.9487,0.0000,4.8905,1.4384,0.6857
3,3,1714,1715,2,1,2,0.7500,1714.346,697.000,541.288,8.6373,19.0000,1.0962,0.4506,5.4661,0.5333,0.2667,0.2000,0.7071,0.0000,5.4664,1.0071,1.0000
6,3,1715,1716,2,2,3,0.5000,1715.333,579.563,631.989,10.2190,20.0000,1.3793,0.5496,5.7542,0.4412,0.1872,0.3716,0.0000,0.0000,4.3158,1.1507,0.6322
6,3,1715,1716,2,2,3,0.5000,1715.329,860.127,808.797,9.2793,18.0000,1.3671,0.4066,5.1788,0.5230,0.1584,0.3185,0.3667,0.5079,3.4527,1.1507,0.6076
8,3,1717,1719,3,2,3,0.4444,1717.713,855.099,586.208,10.2758,17.0000,1.3465,0.3681,4.8921,0.2862,0.4811,0.2328,0.1814,0.0689,3.0216,1.5827,0.4752
5,3,1720,1722,3,2,2,0.4167,1720.957,197.429,419.786,9.0106,17.0000,1.2143,0.6118,4.8932,0.5461,0.2256,0.2283,0.8117,0.4177,4.8931,1.7271,0.6714
6,3,1721,1723,3,2,1,1.0000,1722.078,577.556,1000.000,10.5766,20.0000,1.3333,0.4512,5.7571,0.5556,0.3333,0.1111,1.0000,0.0000,4.6059,1.2954,0.5889
8,4,1723,1725,3,2,3,0.4444,1723.907,832.102,502.815,10.9930,17.0000,1.2593,0.9317,4.8939,0.5543,0.2671,0.1786,0.6101,0.1606,4.3184,1.7274,0.5926
5,3,1724,1726,3,1,2,0.8333,1724.769,783.000,441.462,8.3694,15.0000,1.1538,0.9390,4.3188,0.5854,0.2927,0.1220,0.9487,0.0000,4.0305,0.1440,0.6923
4,3,1724,1725,2,2,1,1.0000,1724.492,952.424,704.000,8.4933,19.0000,1.2881,0.6619,5.4705,0.0000,0.7500,0.2500,1.0000,0.0000,4.0306,1.1515,0.8305
3,3,1726,1727,2,1,2,0.7500,1726.312,557.000,361.688,7.9799,18.0000,1.1250,0.4419,5.1830,0.5333,0.2667,0.2000,0.7071,0.0000,4.6074,1.5837,1.0000
7,3,1726,1728,3,2,3,0.3889,1726.945,922.220,579.593,9.9044,18.0000,1.3846,0.4654,5.1834,0.3215,0.3592,0.3193,0.4240,0.2953,3.4556,0.8640,0.5385
4,3,1727,1729,3,1,2,0.6667,1727.719,640.000,334.203,9.2154,20.0000,1.2500,0.7469,5.7593,0.7500,0.1500,0.1000,0.9487,0.0000,4.7520,1.1520,0.7969
6,3,1731,1732,2,1,3,1.0000,1731.477,780.000,379.012,10.1137,18.0000,1.2558,0.5234,5.1854,0.5556,0.3333,0.1111,0.0000,0.0000,4.1769,1.1523,0.5930
3,3,1735,1736,2,1,2,0.7500,1735.306,782.000,279.367,8.1518,18.0000,1.1020,0.7028,5.1865,0.5333,0.2667,0.2000,0.7071,0.0000,4.8984,0.5763,1.0000
5,3,1735,1737,3,2,2,0.4167,1736.055,557.205,366.411,9.4076,19.0000,1.3014,0.4627,5.4751,0.1521,0.5234,0.3245,1.0000,0.0000,4.6107,1.7289,0.6712
8,4,1738,1740,3,3,2,0.4444,1739.202,806.851,612.895,11.6173,18.0000,1.2632,0.2721,5.1881,0.5661,0.2858,0.1481,0.7315,0.0419,4.6113,1.2970,0.5789
5,3,1740,1742,3,1,2,0.8333,1740.767,737.000,224.575,9.4110,19.0000,1.3014,0.4843,5.4772,0.5854,0.2927,0.1220,0.9487,0.0000,4.6124,1.1530,0.6849
3,3,1745,1746,2,1,2,0.7500,1745.667,924.000,513.667,7.4921,15.0000,1.0000,0.7454,4.3257,0.5333,0.2667,0.2000,0.7071,0.0000,4.6141,1.7302,1.0000
3,3,1745,1746,2,2,1,0.7500,1745.688,1089.312,607.000,7.9916,18.0000,1.1250,0.4419,5.1908,0.5333,0.2667,0.2000,0.7071,0.0000,4.7582,1.1535,1.0000
6,3,1750,1752,3,2,2,0.5000,1751.221,565.130,692.481,9.0686,15.0000,1.1688,0.5445,4.3276,0.3810,0.3333,0.2857,0.9487,0.1690,4.1831,1.1539,0.5844
4,3,1751,1752,2,2,1,1.0000,1751.484,723.468,431.000,8.9433,18.0000,1.1613,0.6965,5.1931,0.0000,0.7500,0.2500,1.0000,0.0000,5.4812,2.1637,0.8065
4,3,1752,1754,3,1,2,0.6667,1752.812,791.000,303.156,9.2326,22.0000,1.3750,0.2441,6.3475,0.7500,0.1500,0.1000,0.9487,0.0000,4.9049,1.4426,0.8438
5,3,1756,1757,2,2,2,0.6250,1756.521,667.606,313.141,9.1635,17.0000,1.1972,0.8113,4.9059,0.3432,0.2505,0.4063,0.6059,0.3645,4.9062,1.4429,0.7042
8,3,1757,1759,3,3,2,0.4444,1758.146,673.019,1001.117,10.5105,16.0000,1.2427,0.1875,4.6183,0.3523,0.3997,0.2481,0.8371,0.0339,4.1852,1.5874,0.4563
4,3,1759,1761,3,2,1,0.6667,1759.911,582.286,528.000,8.0824,16.0000,1.1429,0.7198,4.6186,0.5357,0.3214,0.1429,1.0000,0.0000,4.6184,1.1547,0.8214
4,3,1759,1761,3,1,2,0.6667,1760.386,753.000,235.298,8.2270,17.0000,1.1930,0.9325,4.9075,0.7500,0.1500,0.1000,0.9487,0.0000,4.9073,1.1547,0.8246
3,3,1760,1761,2,1,2,0.7500,1760.652,506.000,592.326,7.6666,16.0000,1.0435,0.7292,4.6186,0.5333,0.2667,0.2000,0.7071,0.0000,4.9075,2.3093,1.0000
5,3,1760,1762,3,2,1,0.8333,1761.366,1016.577,642.000,9.1664,20.0000,1.4085,0.8574,5.7739,0.5854,0.2927,0.1220,0.9487,0.0000,4.6189,0.5774,0.7183
3,3,1761,1762,2,1,2,0.7500,1761.333,675.000,456.667,7.5002,15.0000,1.0000,0.7454,4.3305,0.5333,0.2667,0.2000,0.7071,0.0000,4.6189,1.4434,1.0000
3,3,1766,1768,3,1,1,1.0000,1767.021,989.000,807.000,8.0031,17.0000,1.0625,0.9792,4.9097,0.8889,0.0000,0.1111,1.0000,0.0000,4.9091,1.7328,1.0000
8,3,1768,1770,3,2,2,0.6667,1769.302,793.689,308.453,10.8243,18.0000,1.3585,0.8884,5.1991,0.4396,0.1507,0.4097,0.8641,0.2943,4.0437,1.1553,0.4906
4,3,1770,1772,3,1,2,0.6667,1770.807,978.000,439.175,8.2323,16.0000,1.1228,0.8259,4.6217,0.7500,0.1500,0.1000,0.9487,0.0000,5.0549,1.1555,0.8246
4,3,1771,1773,3,1,2,0.6667,1772.049,700.000,393.443,8.8107,19.0000,1.2459,0.4453,5.4886,0.7576,0.1294,0.1129,0.8507,0.0000,4.6221,1.5887,0.8033
3,3,1778,1779,2,2,1,0.7500,1778.362,493.319,725.000,7.8415,17.0000,1.0851,0.7136,4.9128,0.5333,0.2667,0.2000,0.7071,0.0000,4.6235,1.5894,1.0000
3,3,1785,1786,2,2,1,0.7500,1785.319,679.681,378.000,7.8444,17.0000,1.0851,0.4513,4.9143,0.5333,0.2667,0.2000,0.7071,0.0000,4.6255,1.5900,1.0000
5,3,1785,1786,2,3,1,0.8333,1785.620,1006.761,891.000,9.1792,19.0000,1.3380,0.4494,5.4928,0.5854,0.2927,0.1220,0.3162,0.0000,4.6253,1.7345,0.6901
5,3,1787,1788,2,2,2,0.6250,1787.592,617.775,198.324,9.1801,17.0000,1.1972,0.7111,4.9148,0.3432,0.2505,0.4063,0.6059,0.3645,4.6259,0.5782,0.6761
23,5,1788,1791,4,4,5,0.2875,1789.262,1163.133,967.509,19.5339,25.0000,1.7747,0.5721,7.2284,0.5899,0.1822,0.2279,0.0961,0.1174,4.0480,1.7348,0.4630
4,3,1790,1792,3,1,2,0.6667,1791.052,1136.000,454.483,8.3858,16.0000,1.1034,0.5198,4.6266,0.7576,0.1294,0.1129,0.8507,0.0000,4.6267,1.4458,0.7931
5,3,1791,1793,3,2,2,0.4167,1791.704,742.690,254.789,9.1819,18.0000,1.2676,0.4776,5.2052,0.7729,0.0435,0.1836,0.8328,0.5477,4.6266,1.7350,0.6901
4,3,1796,1797,2,1,2,1.0000,1796.460,768.000,407.492,9.1110,19.0000,1.2063,0.6855,5.4954,0.0000,0.7500,0.2500,0.0000,0.0000,4.9171,1.7354,0.8095
5,3,1796,1797,2,3,1,0.8333,1796.581,897.743,570.000,9.5720,18.0000,1.2162,0.4913,5.2064,0.5854,0.2927,0.1220,0.3162,0.0000,4.6277,1.1570,0.6622
4,3,1799,1800,2,2,1,1.0000,1799.450,576.567,326.000,8.6783,17.0000,1.1333,0.6247,4.9178,0.0000,0.7500,0.2500,1.0000,0.0000,4.4837,0.8678,0.8333
3,3,1801,1802,2,2,1,0.7500,1801.319,1018.660,441.000,7.8502,16.0000,1.0213,0.7327,4.6287,0.5333,0.2667,0.2000,0.7071,0.0000,4.3394,0.8679,1.0000
5,3,1802,1804,3,2,1,0.8333,1802.750,1055.556,501.000,9.3158,17.0000,1.1806,0.6092,4.9184,0.5854,0.2927,0.1220,0.9487,0.0000,4.6289,1.3019,0.6528
5,3,1803,1804,2,2,3,0.4167,1803.808,615.137,352.110,9.4456,19.0000,1.3014,0.9211,5.4973,0.7958,0.0325,0.1718,0.2610,0.6572,4.9186,1.5913,0.6712
5,3,1806,1808,3,2,2,0.4167,1807.221,955.147,703.397,8.7999,16.0000,1.1765,0.6587,4.6301,0.7729,0.0435,0.1836,0.8328,0.5477,4.0512,0.5787,0.6912
6,3,1812,1813,2,2,3,0.5000,1812.395,499.116,262.198,10.1617,18.0000,1.2558,0.6467,5.2098,0.5230,0.1584,0.3185,0.3667,0.5079,4.4861,1.3024,0.5698
4,3,1816,1818,3,1,2,0.6667,1816.794,1031.000,344.824,9.8423,22.0000,1.2941,0.2712,6.3686,0.7500,0.1500,0.1000,0.9487,0.0000,5.5002,1.0132,0.8235
5,3,1817,1819,3,1,2,0.8333,1818.208,603.000,280.325,9.9689,24.0000,1.5584,0.3855,6.9478,0.5854,0.2927,0.1220,0.9487,0.0000,4.0529,0.7237,0.7273
4,3,1820,1822,3,1,2,0.6667,1821.052,573.000,570.724,8.3963,16.0000,1.1034,0.7260,4.6325,0.5357,0.3214,0.1429,1.0000,0.0000,4.9220,1.1582,0.7931
5,3,1822,1823,2,2,2,0.6250,1822.394,1095.225,299.662,9.1937,16.0000,1.1268,0.9327,4.6328,0.3432,0.2505,0.4063,0.6059,0.3645,4.6327,1.1582,0.6620
6,3,1824,1826,3,1,3,0.6667,1824.808,862.000,288.821,9.2210,17.0000,1.3077,0.2631,4.9228,0.4000,0.4800,0.1200,0.7071,0.0000,4.0540,0.8688,0.6026
6,4,1827,1829,3,2,2,0.5000,1827.767,909.314,459.686,10.1681,17.0000,1.1860,0.5012,4.9235,0.6381,0.1455,0.2164,0.8019,0.3768,4.7785,1.4480,0.7442
3,3,1830,1831,2,1,2,0.7500,1830.377,864.000,475.283,8.8631,20.0000,1.1321,0.6839,5.7932,0.5333,0.2667,0.2000,0.7071,0.0000,4.9240,0.8690,1.0000
3,3,1834,1835,2,1,2,0.7500,1834.681,645.000,291.319,7.8615,17.0000,1.0851,0.4513,4.9252,0.5333,0.2667,0.2000,0.7071,0.0000,4.6355,1.1589,1.0000
3,3,1836,1837,2,2,1,0.7500,1836.667,972.688,543.000,8.0297,17.0000,1.0625,0.4569,4.9258,0.5333,0.2667,0.2000,0.7071,0.0000,4.3460,0.7244,1.0000
6,3,1838,1840,3,1,3,0.6667,1839.316,741.000,284.203,9.3462,16.0000,1.2152,0.3757,4.6368,0.2083,0.6667,0.1250,0.8944,0.0000,4.2018,0.5796,0.6076
5,3,1840,1841,2,1,3,0.8333,1840.430,799.000,184.241,10.2390,19.0000,1.2025,0.4930,5.5063,0.5854,0.2927,0.1220,0.3162,0.0000,5.2168,1.3041,0.6709
4,3,1849,1850,2,1,2,1.0000,1849.526,531.000,709.526,8.2650,15.0000,1.0526,0.7081,4.3502,0.0000,0.7500,0.2500,0.0000,0.0000,4.6401,1.4500,0.7895
4,3,1850,1852,3,1,2,0.6667,1851.381,861.000,445.762,9.1364,20.0000,1.2698,0.6633,5.8012,0.7500,0.1500,0.1000,0.9487,0.0000,4.9308,0.8701,0.8254
3,3,1850,1850,1,2,2,0.7500,1850.000,908.688,411.625,8.0370,18.0000,1.1250,0.6988,5.2202,0.5333,0.2667,0.2000,0.0000,1.0000,4.0602,0.7250,1.0000
5,3,1851,1853,3,1,2,0.8333,1851.716,545.000,429.388,8.6910,15.0000,1.1194,0.8148,4.3509,0.5854,0.2927,0.1220,0.9487,0.0000,4.7856,1.5952,0.6716
6,3,1859,1861,3,2,2,0.5000,1860.367,545.873,506.367,9.3624,15.0000,1.1392,0.5344,4.3547,0.5034,0.2551,0.2415,0.9677,0.2521,4.4996,1.4514,0.5696
7,3,1865,1867,3,2,2,0.5833,1866.061,818.510,457.765,10.7593,18.0000,1.2857,0.5649,5.2291,0.4296,0.3471,0.2233,0.9305,0.2273,4.0666,0.8713,0.5408
5,3,1868,1870,3,2,1,0.8333,1869.261,1009.594,969.000,8.9667,16.0000,1.1594,0.4824,4.6492,0.5854,0.2927,0.1220,0.9487,0.0000,4.9398,1.4528,0.6667
6,4,1872,1874,3,1,3,0.6667,1873.045,569.000,437.213,10.5631,18.0000,1.2135,0.9786,5.2336,0.6944,0.2222,0.0833,0.8000,0.0000,5.0873,1.4540,0.7303
4,3,1881,1882,2,1,2,1.0000,1881.448,698.000,406.552,8.4405,17.0000,1.1724,0.6340,4.9476,0.0000,0.7500,0.2500,0.0000,0.0000,4.6569,1.7463,0.8103
5,3,1887,1888,2,2,2,0.6250,1887.606,934.535,793.155,9.2500,17.0000,1.1972,0.6826,4.9527,0.3432,0.2505,0.4063,0.6059,0.3645,4.6613,2.0392,0.6761
8,3,1888,1891,4,3,2,0.3333,1889.261,921.530,674.217,11.8476,21.0000,1.4609,0.5795,6.1190,0.6235,0.2527,0.1238,0.8638,0.3143,4.0801,1.1653,0.4609
3,3,1891,1892,2,2,1,0.7500,1891.633,870.306,313.000,8.2466,18.0000,1.1020,0.7028,5.2465,0.5333,0.2667,0.2000,0.7071,0.0000,4.9559,1.1661,1.0000
4,3,1892,1893,2,2,1,1.0000,1892.574,774.459,565.000,8.8921,18.0000,1.1803,0.6264,5.2482,0.0000,0.7500,0.2500,1.0000,0.0000,4.9562,0.8746,0.8197
7,3,1895,1897,3,2,3,0.3889,1895.812,787.771,602.521,10.5842,19.0000,1.3854,0.9919,5.5416,0.3526,0.4473,0.2001,0.4910,0.4241,3.9386,1.4587,0.5312
7,3,1897,1899,3,2,3,0.3889,1897.750,581.341,133.170,9.7054,16.0000,1.2727,1.4313,4.6681,0.7344,0.0891,0.1766,0.6297,0.7338,3.5018,1.0213,0.5341
4,3,1899,1900,2,2,2,0.5000,1899.797,721.542,558.271,8.6110,16.0000,1.0847,0.5695,4.6705,0.5916,0.1015,0.3069,0.5000,0.5000,4.8165,1.8974,0.7966
3,3,1902,1903,2,1,2,0.7500,1902.667,665.000,292.688,8.0934,17.0000,1.0625,0.4569,4.9651,0.5333,0.2667,0.2000,0.7071,0.0000,4.9643,1.1682,1.0000
4,3,1902,1904,3,1,2,0.6667,1902.797,901.000,160.797,8.6155,17.0000,1.1525,0.2876,4.9651,0.7500,0.1500,0.1000,0.9487,0.0000,4.6730,1.4605,0.7966
4,3,1903,1904,2,2,1,1.0000,1903.540,735.460,569.000,9.2009,18.0000,1.1429,0.7093,5.2581,0.0000,0.7500,0.2500,1.0000,0.0000,5.2576,1.4605,0.8254
4,3,1903,1905,3,2,1,0.6667,1903.847,862.831,457.000,8.6171,17.0000,1.1525,1.1649,4.9668,0.7500,0.1500,0.1000,0.9487,0.0000,5.2573,1.1683,0.8305
3,3,1907,1908,2,2,1,0.7500,1907.681,857.681,853.000,7.9320,17.0000,1.0851,0.4513,4.9696,0.5333,0.2667,0.2000,0.7071,0.0000,4.6772,1.3153,1.0000
4,3,1907,1908,2,2,2,0.5000,1907.820,1029.262,691.557,8.9157,18.0000,1.1803,0.5452,5.2619,0.5916,0.1015,0.3069,0.5000,0.5000,5.2618,1.9000,0.8197
3,3,1909,1910,2,1,2,0.7500,1909.653,956.000,341.327,8.2725,17.0000,1.0408,0.7301,4.9705,0.5333,0.2667,0.2000,0.7071,0.0000,4.9714,1.4622,1.0000
4,3,1911,1912,2,2,1,1.0000,1911.492,925.525,682.000,8.6293,16.0000,1.0847,0.6955,4.6807,0.0000,0.7500,0.2500,1.0000,0.0000,4.9723,1.4622,0.7797
7,3,1915,1918,4,2,2,0.4375,1916.835,601.732,595.567,10.7354,16.0000,1.1546,0.6485,4.6852,0.6887,0.1889,0.1224,0.9307,0.0038,4.3933,1.4642,0.4845
4,3,1915,1916,2,1,2,1.0000,1915.543,712.000,357.600,10.2460,23.0000,1.3143,0.6074,6.7337,0.0000,0.7500,0.2500,0.0000,0.0000,5.5620,1.4635,0.8143
4,3,1919,1920,2,2,2,0.5000,1919.508,893.237,752.254,8.6426,15.0000,1.0169,0.6160,4.3949,0.5916,0.1015,0.3069,0.7071,0.7071,4.9805,1.7579,0.7627
6,3,1922,1924,3,2,2,0.5000,1922.774,861.381,524.262,10.0531,17.0000,1.2143,0.5147,4.9838,0.6381,0.1455,0.2164,0.8019,0.3768,4.8366,2.3449,0.5833
5,3,1923,1925,3,3,1,0.5556,1923.940,1127.119,407.000,8.7859,15.0000,1.1194,1.2883,4.3984,0.7911,0.1351,0.0737,0.5257,0.0000,4.9838,0.5866,0.6716
7,3,1924,1925,2,2,3,0.5833,1924.600,516.526,589.137,10.5299,18.0000,1.3263,0.6751,5.2791,0.5352,0.1763,0.2885,0.2673,0.0986,4.1056,1.7594,0.5263
8,3,1931,1933,3,1,4,0.6667,1931.722,771.000,290.565,11.2132,18.0000,1.3333,0.6294,5.2862,0.7471,0.1965,0.0563,0.3641,0.0000,4.1112,1.0279,0.4722
4,3,1939,1940,2,2,1,1.0000,1939.523,656.554,290.000,9.5581,19.0000,1.1692,0.6875,5.5873,0.0000,0.7500,0.2500,1.0000,0.0000,5.5886,1.7645,0.8154
5,3,1949,1951,3,2,1,0.8333,1950.257,1069.378,792.000,9.7511,20.0000,1.3514,0.4573,5.8928,0.5854,0.2927,0.1220,0.9487,0.0000,4.7142,1.1786,0.6892
6,3,1968,1970,3,3,2,0.3333,1968.952,1177.179,764.714,10.1328,19.0000,1.3571,0.3403,5.6141,0.4899,0.3164,0.1936,0.4082,0.3381,4.4319,1.3298,0.5833
5,3,1972,1973,2,2,2,0.6250,1972.853,729.441,400.588,8.9902,15.0000,1.1029,0.6211,4.4345,0.3432,0.2505,0.4063,0.5155,0.8569,4.7302,1.6260,0.6618
4,3,1973,1974,2,1,2,1.0000,1973.448,874.000,497.448,8.5739,17.0000,1.1724,0.6340,5.0258,0.0000,0.7500,0.2500,0.0000,0.0000,4.7305,1.7738,0.8103
5,3,1976,1978,3,1,2,0.8333,1976.833,958.000,664.692,10.3174,23.0000,1.4744,0.3499,6.8030,0.5854,0.2927,0.1220,0.9487,0.0000,5.0288,1.4788,0.6923
4,3,1977,1979,3,1,2,0.6667,1977.823,1021.000,699.161,9.1701,21.0000,1.3548,0.2398,6.2122,0.7500,0.1500,0.1000,0.9487,0.0000,5.1766,1.7747,0.8387
5,3,1978,1979,2,2,2,0.6250,1978.592,810.563,869.845,9.3935,16.0000,1.1268,0.8315,4.7336,0.3432,0.2505,0.4063,0.6059,0.3645,5.0294,1.7750,0.6620
3,3,1979,1981,3,1,1,1.0000,1980.022,956.000,572.000,7.8582,16.0000,1.0435,0.9783,4.7347,0.8889,0.0000,0.1111,1.0000,0.0000,4.7342,1.6274,1.0000
7,3,1996,1998,3,2,3,0.3889,1997.231,946.890,488.264,10.1953,16.0000,1.2308,0.7794,4.7426,0.5453,0.2435,0.2112,0.6879,0.1639,4.1502,1.0375,0.5055
6,3,2007,2009,3,1,3,0.6667,2007.688,602.000,309.273,9.3262,16.0000,1.2468,0.7912,4.7470,0.2083,0.6667,0.1250,0.8944,0.0000,4.4502,1.4834,0.5974
4,3,2010,2011,2,2,1,1.0000,2010.470,741.530,406.000,9.7926,20.0000,1.2121,0.7084,5.9351,0.0000,0.7500,0.2500,1.0000,0.0000,5.7863,1.9288,0.8333
4,3,2012,2013,2,2,1,1.0000,2012.484,963.531,296.000,9.4972,17.0000,1.0625,0.6741,5.0456,0.0000,0.7500,0.2500,1.0000,0.0000,5.6388,2.3744,0.7812
6,3,2022,2024,3,2,2,0.5000,2023.098,934.805,350.732,9.9424,16.0000,1.1707,0.3458,4.7522,0.7074,0.0897,0.2030,0.9140,0.2540,4.4548,1.3365,0.5854
5,3,2030,2032,3,1,2,0.8333,2031.329,722.000,217.608,10.4978,20.0000,1.2658,0.5122,5.9426,0.5854,0.2927,0.1220,0.9487,0.0000,5.6458,0.2971,0.7089
4,3,2056,2058,3,1,2,0.6667,2056.672,1063.000,632.705,9.0732,18.0000,1.1803,0.9740,5.3545,0.7500,0.1500,0.1000,0.9487,0.0000,4.7597,1.7849,0.7869
4,3,2070,2071,2,2,1,1.0000,2070.525,1136.508,837.000,8.7799,16.0000,1.0847,0.6955,4.7620,0.0000,0.7500,0.2500,1.0000,0.0000,5.3571,1.1905,0.7797
3,3,2074,2075,2,1,2,0.7500,2074.354,850.000,570.312,8.2489,17.0000,1.0625,0.7175,5.0603,0.5333,0.2667,0.2000,0.7071,0.0000,5.0601,1.1907,1.0000
9,4,2078,2080,3,2,3,0.5000,2078.842,876.436,228.774,13.1978,20.0000,1.3534,0.5157,5.9539,0.3478,0.2899,0.3623,0.6155,0.3482,3.8700,1.0419,0.5188
3,3,2080,2081,2,2,1,0.7500,2080.694,890.653,457.000,8.4222,17.0000,1.0408,0.7212,5.0611,0.5333,0.2667,0.2000,0.7071,0.0000,5.3588,1.7862,1.0000
7,3,2084,2086,3,2,2,0.5833,2084.923,641.484,400.615,10.2407,15.0000,1.1538,0.6226,4.4662,0.5352,0.1763,0.2885,0.8018,0.5745,4.4661,0.8932,0.4945
3,3,2091,2092,2,1,2,0.7500,2091.674,1179.000,437.674,7.9086,16.0000,1.0435,0.4612,4.7646,0.5333,0.2667,0.2000,0.7071,0.0000,4.7646,1.9356,1.0000
9,4,2092,2095,4,2,2,0.5625,2093.562,621.686,985.463,12.0111,17.0000,1.2645,0.8385,5.0625,0.7386,0.0678,0.1936,0.9219,0.3728,4.7646,1.4890,0.5124
5,3,2093,2094,2,2,2,0.6250,2093.427,989.187,385.600,9.9884,17.0000,1.1333,0.7236,5.0626,0.3432,0.2505,0.4063,0.6059,0.3645,4.7647,1.1912,0.6267
4,3,2107,2108,2,3,1,0.6667,2107.453,896.094,636.000,9.5317,18.0000,1.1250,0.4627,5.3616,0.7576,0.1294,0.1129,0.5257,0.0000,5.2126,1.6383,0.8281
4,3,2110,2111,2,1,2,1.0000,2110.508,872.000,705.475,9.0853,16.0000,1.0492,0.6959,4.7661,0.0000,0.7500,0.2500,0.0000,0.0000,4.9150,1.1915,0.7705
8,4,2110,2112,3,2,2,0.6667,2110.650,916.283,409.625,12.6380,23.0000,1.5333,0.5860,6.8513,0.4782,0.1602,0.3617,0.9087,0.4175,4.6171,0.8936,0.6167
5,3,2122,2124,3,2,1,0.8333,2123.221,878.416,465.000,10.2593,19.0000,1.2338,0.4706,5.6606,0.5854,0.2927,0.1220,0.9487,0.0000,5.0648,1.7876,0.6623
3,3,2124,2125,2,2,1,0.7500,2124.660,825.660,454.000,8.0846,16.0000,1.0213,0.7422,4.7670,0.5333,0.2667,0.2000,0.7071,0.0000,5.0648,1.0428,1.0000
7,3,2137,2139,3,3,1,0.7778,2137.989,1119.779,952.000,10.7003,19.0000,1.4000,0.2213,5.6621,0.1247,0.7481,0.1273,1.0000,0.0000,4.1721,1.7880,0.5263
5,4,2146,2147,2,2,2,0.6250,2146.405,902.162,670.419,9.8641,16.0000,1.0811,0.6051,4.7690,0.3432,0.2505,0.4063,0.6059,0.3645,4.7691,1.3412,0.8378
3,3,2150,2151,2,2,1,0.7500,2150.694,929.653,473.000,8.4334,17.0000,1.0408,0.7212,5.0678,0.5333,0.2667,0.2000,0.7071,0.0000,4.7697,1.1924,1.0000
5,3,2150,2152,3,1,2,0.8333,2150.805,935.000,828.571,10.2654,18.0000,1.1688,0.6037,5.3659,0.5854,0.2927,0.1220,0.9487,0.0000,5.0676,1.3415,0.6623
3,3,2151,2152,2,1,2,0.7500,2151.306,1023.000,404.306,8.4336,19.0000,1.1633,0.4329,5.6640,0.5333,0.2667,0.2000,0.7071,0.0000,4.7699,1.1924,1.0000
4,3,2156,2159,4,1,1,1.0000,2157.649,749.000,954.000,8.4981,17.0000,1.1930,0.3509,5.0691,0.9375,0.0000,0.0625,1.0000,0.0000,4.1746,0.7454,0.8246
4,3,2157,2158,2,1,2,1.0000,2157.536,895.000,871.464,8.3490,15.0000,1.0714,0.7089,4.4727,0.0000,0.7500,0.2500,0.0000,0.0000,4.7709,0.2982,0.8036
4,3,2169,2170,2,2,1,1.0000,2169.431,895.569,351.000,8.6514,18.0000,1.2414,0.6096,5.3697,0.0000,0.7500,0.2500,1.0000,0.0000,5.0715,0.7458,0.8276
6,3,2176,2178,3,2,2,0.5000,2176.663,785.884,564.488,10.4770,20.0000,1.3953,0.6048,5.9683,0.6373,0.1269,0.2358,0.8795,0.0724,5.0729,1.7904,0.6047
5,3,2179,2181,3,2,2,0.4167,2180.014,964.155,579.197,9.4764,16.0000,1.1268,1.0173,4.7754,0.4138,0.1655,0.4207,1.0000,0.0000,4.1781,0.8953,0.6479
3,3,2179,2180,2,2,1,0.7500,2179.367,1179.673,427.000,8.4430,18.0000,1.1020,0.7119,5.3721,0.5333,0.2667,0.2000,0.7071,0.0000,5.0735,1.7907,1.0000
5,3,2180,2181,2,2,3,0.4167,2180.391,857.145,360.072,9.2096,17.0000,1.2319,0.4235,5.0738,0.5461,0.2256,0.2283,0.5716,0.7118,4.7752,0.8953,0.7101
4,3,2196,2197,2,2,2,0.5000,2196.737,905.439,403.825,8.5091,17.0000,1.1930,0.5407,5.0756,0.5916,0.1015,0.3069,0.5000,0.5000,4.7770,1.0450,0.8246
5,3,2200,2202,3,1,2,0.8333,2201.101,900.000,734.594,9.2131,16.0000,1.1594,0.6028,4.7771,0.5854,0.2927,0.1220,0.9487,0.0000,4.7771,1.7914,0.6812
6,3,2203,2205,3,2,2,0.5000,2204.193,1038.277,295.325,10.1167,17.0000,1.2289,0.4688,5.0756,0.6381,0.1455,0.2164,0.8019,0.3768,4.6277,0.2986,0.6024
6,3,2210,2212,3,2,2,0.5000,2210.875,862.325,803.325,9.7500,17.0000,1.2750,0.4763,5.0750,0.6381,0.1455,0.2164,0.8019,0.3768,4.1795,1.1941,0.6000
3,3,2215,2217,3,1,1,1.0000,2216.000,1073.000,269.000,8.0997,16.0000,1.0213,1.0000,4.7760,0.8889,0.0000,0.1111,1.0000,0.0000,4.4772,0.2985,1.0000
8,3,2220,2222,3,2,3,0.4444,2221.279,999.779,762.644,10.9735,18.0000,1.3846,0.7360,5.3720,0.6765,0.1305,0.1930,0.8130,0.4152,4.1782,1.1937,0.4712
3,3,2227,2228,2,2,1,0.7500,2227.706,966.627,1028.000,8.7853,19.0000,1.1176,0.6930,5.6689,0.5333,0.2667,0.2000,0.7071,0.0000,5.3705,0.5968,1.0000
6,3,2229,2231,3,2,2,0.5000,2230.217,723.482,592.120,10.1090,18.0000,1.3012,0.5420,5.3701,0.3810,0.3333,0.2857,0.9487,0.1690,4.0274,1.0442,0.5783
5,3,2231,2233,3,2,2,0.4167,2232.081,899.149,774.865,9.8723,19.0000,1.2838,1.0996,5.6682,0.6489,0.0995,0.2515,0.9362,0.2726,4.7729,0.7458,0.7162
3,3,2235,2236,2,2,1,0.7500,2235.673,1221.653,664.000,8.4382,17.0000,1.0408,0.7301,5.0706,0.5333,0.2667,0.2000,0.7071,0.0000,5.0707,1.0439,1.0000
5,3,2242,2244,3,2,2,0.4167,2242.932,985.216,726.703,9.8684,21.0000,1.4189,0.3738,6.2621,0.5461,0.2256,0.2283,0.8117,0.4177,4.7712,1.6400,0.7027
4,3,2245,2247,3,2,1,0.6667,2246.000,1015.161,928.000,9.2431,20.0000,1.2903,0.1613,5.9633,0.5357,0.3214,0.1429,1.0000,0.0000,5.0688,1.6398,0.8387
5,3,2256,2258,3,1,2,0.8333,2257.268,794.000,881.451,9.4649,16.0000,1.1268,0.5242,4.7694,0.5854,0.2927,0.1220,0.9487,0.0000,5.3655,1.3414,0.6761
3,3,2259,2260,2,2,1,0.7500,2259.354,1100.667,639.000,8.2606,17.0000,1.0625,0.7268,5.0673,0.5333,0.2667,0.2000,0.7071,0.0000,4.4712,0.4471,1.0000
4,4,2264,2265,2,1,2,1.0000,2264.507,860.000,561.535,10.5812,20.0000,1.1268,0.6878,5.9613,0.0000,0.7500,0.2500,0.0000,0.0000,5.6632,1.9374,1.0000
5,3,2265,2266,2,2,2,0.6250,2265.836,639.384,882.630,9.7306,18.0000,1.2329,0.5576,5.3651,0.3432,0.2505,0.4063,0.5155,0.8569,4.7690,1.4903,0.6712
3,3,2267,2269,3,1,1,1.0000,2268.021,836.000,894.000,8.0879,16.0000,1.0213,0.0213,4.7689,0.8889,0.0000,0.1111,1.0000,0.0000,4.4708,0.2981,1.0000
3,3,2269,2271,3,1,1,1.0000,2270.000,793.000,572.000,7.9158,16.0000,1.0435,0.0000,4.7689,0.8889,0.0000,0.1111,1.0000,0.0000,4.7689,0.8942,1.0000
9,4,2271,2273,3,3,2,0.5000,2271.732,870.724,1284.228,12.6177,18.0000,1.2756,0.8053,5.3650,0.4058,0.3793,0.2149,0.7195,0.3229,3.8747,0.8942,0.5118
7,3,2273,2275,3,2,3,0.3889,2273.689,678.244,284.844,10.1390,16.0000,1.2444,0.9325,4.7689,0.6788,0.0891,0.2320,0.7451,0.6669,4.1728,1.6393,0.5111
5,3,2278,2280,3,1,2,0.8333,2278.746,639.000,312.592,9.4642,16.0000,1.1268,0.4807,4.7691,0.5854,0.2927,0.1220,0.9487,0.0000,5.0671,1.6394,0.6479
5,3,2278,2279,2,2,2,0.6250,2278.701,908.597,809.224,8.9310,17.0000,1.2687,0.7040,5.0671,0.3432,0.2505,0.4063,0.6059,0.3645,4.7691,1.6393,0.7015
6,3,2279,2281,3,1,2,1.0000,2280.070,464.000,811.453,10.4650,19.0000,1.3256,0.4588,5.6633,0.5556,0.3333,0.1111,1.0000,0.0000,4.4710,0.8942,0.5814
6,3,2282,2284,3,3,1,0.6667,2283.173,861.691,890.000,9.8569,17.0000,1.2593,0.3537,5.0673,0.2083,0.6667,0.1250,0.4472,0.0000,4.3222,1.4904,0.5926
6,3,2289,2291,3,3,1,0.6667,2290.354,983.684,654.000,9.6145,16.0000,1.2152,0.7700,4.7697,0.6061,0.3030,0.0909,0.7071,0.0000,4.3226,0.4472,0.5823
4,3,2290,2291,2,1,2,1.0000,2290.550,528.000,554.583,8.9433,18.0000,1.2000,0.6133,5.3661,0.0000,0.7500,0.2500,0.0000,0.0000,5.3660,1.4906,0.8333
4,3,2300,2303,4,1,1,1.0000,2301.356,1028.000,513.000,8.7964,17.0000,1.1525,0.3559,5.0691,0.9375,0.0000,0.0625,1.0000,0.0000,5.2181,1.4909,0.8136
7,4,2304,2306,3,2,3,0.3889,2305.186,605.330,1014.485,10.9334,16.0000,1.1546,1.4561,4.7714,0.6470,0.1845,0.1685,0.6530,0.4508,4.7714,1.1929,0.6495
8,3,2307,2309,3,4,2,0.3333,2307.827,1289.255,756.909,11.5988,18.0000,1.3091,0.3208,5.3683,0.8186,0.0862,0.0952,0.5551,0.3066,4.4736,1.4912,0.4727
5,3,2330,2331,2,1,3,0.8333,2330.600,836.000,712.729,9.3443,16.0000,1.1429,0.9438,4.7758,0.5854,0.2927,0.1220,0.3162,0.0000,4.7760,1.1940,0.6571
5,3,2330,2332,3,1,2,0.8333,2331.149,902.000,869.328,8.9440,15.0000,1.1194,1.1952,4.4777,0.5854,0.2927,0.1220,0.9487,0.0000,4.7758,1.4925,0.6716
7,3,2331,2333,3,2,2,0.5833,2332.022,1037.826,711.576,10.3800,16.0000,1.2174,0.9288,4.7762,0.4600,0.2645,0.2756,1.0000,0.0000,4.4778,1.1941,0.5217
4,4,2338,2339,2,1,2,1.0000,2338.462,874.000,747.523,9.7043,19.0000,1.1692,0.6637,5.6732,0.0000,0.7500,0.2500,0.0000,0.0000,4.9268,2.0901,1.0000
9,3,2340,2341,2,3,2,0.7500,2340.311,803.033,617.631,12.1438,20.0000,1.4754,0.4839,5.9723,0.5629,0.0925,0.3446,0.0190,0.6934,4.4794,1.7917,0.4262
3,3,2347,2348,2,2,1,0.7500,2347.674,1040.326,473.000,7.9334,16.0000,1.0435,0.4612,4.7796,0.5333,0.2667,0.2000,0.7071,0.0000,4.7796,1.4936,1.0000
5,3,2350,2352,3,1,2,0.8333,2350.703,1101.000,766.595,9.8872,18.0000,1.2162,0.5027,5.3778,0.5854,0.2927,0.1220,0.9487,0.0000,5.0788,1.1950,0.6757
4,3,2355,2357,3,1,2,0.6667,2355.871,757.000,806.161,9.2641,20.0000,1.2903,0.2066,5.9769,0.7500,0.1500,0.1000,0.9487,0.0000,5.0803,2.0918,0.8387
6,3,2363,2365,3,2,2,0.5000,2364.262,813.619,653.274,10.2535,17.0000,1.2143,1.0015,5.0832,0.6381,0.1455,0.2164,0.8019,0.3768,4.9334,2.0930,0.5595
6,4,2383,2385,3,1,3,0.6667,2384.375,359.000,933.739,10.7675,18.0000,1.2273,0.6774,5.3955,0.6061,0.3030,0.0909,0.7071,0.0000,5.2446,1.4987,0.7386
5,3,2389,2391,3,2,2,0.4167,2389.928,1170.362,1092.145,9.2595,17.0000,1.2319,0.3969,5.1013,0.1521,0.5234,0.3245,1.0000,0.0000,5.1010,1.8000,0.6957
6,3,2390,2391,2,2,2,0.7500,2390.640,913.480,595.427,9.1894,15.0000,1.2000,0.9067,4.5011,0.2667,0.1333,0.6000,0.0000,0.0000,4.5017,1.8005,0.5733
4,4,2390,2391,2,2,1,1.0000,2390.516,933.531,444.000,9.6037,18.0000,1.1250,0.6741,5.4027,0.0000,0.7500,0.2500,1.0000,0.0000,4.9518,0.3002,1.0000
7,3,2390,2392,3,2,2,0.5833,2391.076,979.261,975.391,10.4373,18.0000,1.3696,0.4764,5.4027,0.5557,0.1817,0.2626,0.9141,0.3987,4.5028,1.3510,0.5109
3,3,2390,2391,2,2,1,0.7500,2390.622,1091.689,670.000,7.7974,17.0000,1.1333,0.6957,5.1013,0.5333,0.2667,0.2000,0.7071,0.0000,4.5023,1.0505,1.0000
6,3,2391,2393,3,2,2,0.5000,2391.910,933.346,679.846,9.5601,17.0000,1.3077,0.6777,5.1039,0.5230,0.1584,0.3185,0.9225,0.0898,4.2030,1.5015,0.5769
3,3,2395,2396,2,1,2,0.7500,2395.304,964.000,853.348,7.9809,16.0000,1.0435,0.4622,4.8077,0.5333,0.2667,0.2000,0.7071,0.0000,5.1082,1.2026,1.0000
4,3,2395,2397,3,2,1,0.6667,2395.918,989.525,929.000,9.1672,19.0000,1.2459,0.5310,5.7108,0.7576,0.1294,0.1129,0.8507,0.0000,5.1088,0.9020,0.8361
5,3,2396,2398,3,3,1,0.5556,2396.894,1102.712,864.000,8.8742,15.0000,1.1364,0.7200,4.5114,0.8123,0.1108,0.0769,0.7071,0.0000,4.5101,1.2027,0.6667
4,3,2397,2399,3,1,2,0.6667,2398.262,963.000,862.213,9.1741,17.0000,1.1148,0.3380,5.1147,0.7500,0.1500,0.1000,0.9487,0.0000,4.9621,1.5035,0.7869
6,3,2397,2398,2,2,2,0.7500,2397.457,1155.346,831.494,9.9439,15.0000,1.1111,0.7563,4.5100,0.2667,0.1333,0.6000,0.7071,0.7071,4.5109,1.2028,0.7160
5,4,2401,2402,2,2,2,0.6250,2401.613,1016.173,652.413,10.1007,17.0000,1.1333,0.7237,5.1202,0.3432,0.2505,0.4063,0.6059,0.3645,5.1181,2.1071,0.8267
3,3,2401,2402,2,2,1,0.7500,2401.660,1110.319,849.000,8.1718,16.0000,1.0213,0.7327,4.8190,0.5333,0.2667,0.2000,0.7071,0.0000,5.1181,0.9030,1.0000
6,3,2403,2405,3,2,2,0.5000,2403.947,917.697,983.539,9.3519,15.0000,1.1842,0.5536,4.5213,0.4412,0.1872,0.3716,0.7882,0.6154,4.2191,1.6568,0.5658
4,3,2403,2404,2,2,1,1.0000,2403.491,1061.439,499.000,8.5888,18.0000,1.2632,0.6585,5.4234,0.0000,0.7500,0.2500,1.0000,0.0000,4.8225,0.9038,0.8070
3,3,2403,2404,2,2,1,0.7500,2403.659,1171.318,779.000,7.6561,15.0000,1.0227,0.7319,4.5213,0.5333,0.2667,0.2000,0.7071,0.0000,5.1219,1.8081,1.0000
3,3,2405,2406,2,2,1,0.7500,2405.356,1239.689,741.000,7.8354,16.0000,1.0667,0.7156,4.8267,0.5333,0.2667,0.2000,0.7071,0.0000,4.8245,1.2062,1.0000
4,3,2406,2407,2,2,1,1.0000,2406.509,1053.491,929.000,8.2976,14.0000,1.0182,0.7072,4.2251,0.0000,0.7500,0.2500,1.0000,0.0000,4.5260,1.5088,0.7636
4,3,2408,2409,2,2,2,0.5000,2408.463,582.278,685.204,8.1536,15.0000,1.1111,0.8817,4.5289,0.5916,0.1015,0.3069,0.7071,0.7071,4.8315,1.9626,0.7963
4,3,2408,2409,2,3,1,0.6667,2408.782,948.018,675.000,8.3058,15.0000,1.0909,1.0058,4.5309,0.5357,0.3214,0.1429,0.0000,0.0000,3.9267,0.9066,0.7818
3,3,2412,2414,3,1,1,1.0000,2413.087,1116.000,638.000,8.0373,18.0000,1.1739,0.9130,5.4498,0.8889,0.0000,0.1111,1.0000,0.0000,4.5394,2.1180,1.0000
4,3,2413,2414,2,1,3,0.6667,2413.220,814.000,951.000,8.9282,18.0000,1.2203,0.2203,5.4471,0.5357,0.3214,0.1429,0.0000,0.0000,4.5393,1.2114,0.7797
4,4,2413,2414,2,1,2,1.0000,2413.500,926.000,1032.467,9.0808,16.0000,1.0667,0.6839,4.8442,0.0000,0.7500,0.2500,0.0000,0.0000,4.8428,0.0000,1.0000
3,3,2413,2414,2,1,2,0.7500,2413.688,978.000,549.708,8.3892,19.0000,1.1875,0.4275,5.7525,0.5333,0.2667,0.2000,0.7071,0.0000,4.8421,1.2106,1.0000
3,3,2415,2416,2,1,2,0.7500,2415.646,764.000,895.292,8.3973,17.0000,1.0625,0.7086,5.1521,0.5333,0.2667,0.2000,0.7071,0.0000,5.4528,1.6658,1.0000
7,4,2415,2417,3,3,2,0.3889,2416.340,1106.000,436.371,11.1130,19.0000,1.3711,0.9115,5.7611,0.5170,0.0882,0.3949,0.8847,0.3734,4.5461,1.2127,0.6598
6,3,2416,2418,3,2,2,0.5000,2417.183,857.280,901.378,10.1515,16.0000,1.1707,0.7064,4.8515,0.6381,0.1455,0.2164,0.8019,0.3768,4.5494,1.2126,0.5610
3,3,2417,2418,2,2,1,0.7500,2417.682,469.659,535.000,7.7054,15.0000,1.0227,0.7319,4.5506,0.5333,0.2667,0.2000,0.7071,0.0000,4.8539,1.6676,1.0000
3,3,2417,2419,3,1,1,1.0000,2418.043,1006.000,795.000,8.0571,16.0000,1.0435,0.0435,4.8564,0.8889,0.0000,0.1111,1.0000,0.0000,5.3091,1.8202,1.0000
4,3,2420,2422,3,1,2,0.6667,2420.983,1196.000,1050.167,9.1151,21.0000,1.4000,0.1675,6.3807,0.5357,0.3214,0.1429,1.0000,0.0000,4.7093,1.2152,0.8333
5,3,2421,2423,3,2,2,0.4167,2421.765,848.173,954.877,11.0108,26.0000,1.6049,0.3164,7.9040,0.6489,0.0995,0.2515,0.9362,0.2726,4.5576,1.5205,0.7160
5,4,2424,2426,3,2,2,0.4167,2425.456,696.794,483.412,9.2616,15.0000,1.1029,0.6479,4.5672,0.6999,0.1281,0.1720,0.8684,0.1395,4.5691,0.9128,0.8382
3,3,2425,2426,2,2,1,0.7500,2425.702,1023.383,551.000,8.2652,18.0000,1.1489,0.6852,5.4835,0.5333,0.2667,0.2000,0.7071,0.0000,4.2654,0.6094,1.0000
3,3,2426,2428,3,1,1,1.0000,2426.958,943.000,775.000,8.4467,18.0000,1.1250,0.0417,5.4864,0.8889,0.0000,0.1111,1.0000,0.0000,5.4835,1.2184,1.0000
5,4,2427,2429,3,1,2,0.8333,2427.700,738.000,1224.414,9.5452,17.0000,1.2143,0.8134,5.1816,0.5854,0.2927,0.1220,0.9487,0.0000,4.5741,1.8291,0.8571
4,3,2430,2431,2,2,1,1.0000,2430.536,988.464,646.000,8.5501,16.0000,1.1429,0.6566,4.8870,0.0000,0.7500,0.2500,1.0000,0.0000,4.8852,1.2214,0.7857
5,3,2430,2431,2,2,2,0.6250,2430.844,1127.375,796.562,8.7413,16.0000,1.2500,0.5970,4.8870,0.3432,0.2505,0.4063,0.5155,0.8569,4.8870,1.9851,0.6875
3,3,2434,2434,1,2,2,0.7500,2434.000,956.327,631.714,8.6539,19.0000,1.1633,0.4339,5.8121,0.5333,0.2667,0.2000,0.0000,1.0000,5.5057,1.5293,1.0000
3,3,2434,2435,2,2,1,0.7500,2434.326,1040.304,399.000,8.1254,17.0000,1.1087,0.4460,5.2003,0.5333,0.2667,0.2000,0.7071,0.0000,4.8967,1.8354,1.0000
5,3,2435,2437,3,1,2,0.8333,2436.138,740.000,952.708,8.9015,18.0000,1.3846,0.3234,5.5116,0.5854,0.2927,0.1220,0.9487,0.0000,5.2033,1.8357,0.7077
4,3,2436,2436,1,2,3,0.6667,2436.000,920.472,1077.906,8.1143,16.0000,1.2075,0.5367,4.8992,0.7576,0.1294,0.1129,0.0000,1.0000,4.5929,1.3776,0.8302
7,3,2437,2439,3,1,4,0.5833,2438.191,542.000,925.596,10.3110,16.0000,1.2584,0.4473,4.9039,0.4802,0.4287,0.0910,0.1891,0.0000,3.9863,1.5312,0.5169
9,3,2438,2440,3,2,3,0.5000,2439.195,603.449,893.822,12.0621,19.0000,1.4492,0.5210,5.8261,0.3478,0.2899,0.3623,0.6155,0.3482,4.2913,1.5339,0.4237
3,3,2438,2439,2,2,1,0.7500,2438.333,1008.667,683.000,7.4332,14.0000,1.0000,0.7454,4.2929,0.5333,0.2667,0.2000,0.7071,0.0000,4.5972,1.5319,1.0000
7,3,2440,2442,3,2,2,0.5833,2440.946,949.283,583.272,10.6720,20.0000,1.5217,0.3958,6.1383,0.6517,0.0773,0.2710,0.8881,0.0000,3.9884,1.2282,0.5326
6,3,2440,2442,3,1,2,1.0000,2440.929,979.000,639.529,10.6499,19.0000,1.3412,0.4759,5.8314,0.5556,0.3333,0.1111,1.0000,0.0000,4.7571,1.5354,0.7529
5,3,2441,2443,3,2,1,0.8333,2441.773,1031.394,422.000,9.0620,17.0000,1.2879,0.6473,5.2198,0.5854,0.2927,0.1220,0.9487,0.0000,4.9109,1.0747,0.7273
6,3,2442,2443,2,2,2,0.7500,2442.649,973.481,989.740,9.6548,15.0000,1.1688,0.6491,4.6077,0.2000,0.3333,0.4667,0.7071,0.7071,4.4524,1.5363,0.5714
4,3,2445,2447,3,2,1,0.6667,2446.364,986.255,1107.000,8.4590,17.0000,1.2364,0.4439,5.2285,0.7500,0.1500,0.1000,0.9487,0.0000,4.4614,1.2301,0.8364
6,3,2448,2450,3,2,2,0.5000,2449.231,924.872,799.590,9.8054,16.0000,1.2308,0.6461,4.9282,0.5230,0.1584,0.3185,0.9225,0.0898,4.4653,0.9240,0.6154
4,3,2448,2449,2,2,2,0.5000,2448.807,1035.737,525.754,8.7746,17.0000,1.1930,0.4084,5.2343,0.0000,0.5625,0.4375,0.4459,0.5774,4.7727,1.2311,0.8070
5,3,2448,2449,2,2,2,0.6250,2448.381,1051.857,808.524,8.6730,16.0000,1.2698,0.6633,4.9247,0.3432,0.2505,0.4063,0.6059,0.3645,4.9242,0.9236,0.6984
4,4,2449,2451,3,1,2,0.6667,2449.984,681.000,924.226,9.5483,19.0000,1.2258,0.2264,5.8522,0.5357,0.3214,0.1429,1.0000,0.0000,4.7738,0.9238,1.0000
7,3,2450,2452,3,2,2,0.5833,2450.833,360.500,899.262,9.7818,16.0000,1.3333,0.5885,4.9298,0.3883,0.1309,0.4808,0.9235,0.3259,4.3134,1.8475,0.5238
6,3,2452,2453,2,3,2,0.5000,2452.312,742.188,1027.112,10.0673,20.0000,1.5000,0.3814,6.1643,0.5230,0.1584,0.3185,0.3667,0.5079,4.3149,0.7709,0.6500
4,3,2453,2454,2,2,1,1.0000,2453.453,560.528,448.000,8.1714,15.0000,1.1321,0.6958,4.6247,0.0000,0.7500,0.2500,1.0000,0.0000,4.6252,1.2335,0.8113
6,3,2454,2457,4,2,2,0.3750,2454.784,1222.189,912.378,9.3191,15.0000,1.2162,0.8907,4.6261,0.8265,0.0815,0.0920,0.9519,0.0737,4.4726,1.3881,0.5811
3,3,2455,2456,2,2,1,0.7500,2455.682,973.659,757.000,7.8383,15.0000,1.0227,0.7319,4.6287,0.5333,0.2667,0.2000,0.7071,0.0000,4.9371,0.9255,1.0000
3,3,2455,2457,3,1,1,1.0000,2456.000,1231.000,664.000,7.4827,14.0000,1.0000,1.0000,4.3213,0.8889,0.0000,0.1111,1.0000,0.0000,4.6286,0.7715,1.0000
6,3,2456,2457,2,2,3,0.5000,2456.547,713.533,440.013,9.4497,16.0000,1.2800,0.7189,4.9386,0.6168,0.1058,0.2774,0.5000,0.5000,4.4753,1.2344,0.6267
6,3,2457,2458,2,2,3,0.5000,2457.532,665.886,638.304,9.9563,17.0000,1.2911,0.5698,5.2486,0.6373,0.1269,0.2358,0.4046,0.4063,4.4763,1.8514,0.5696
6,3,2457,2459,3,2,2,0.5000,2457.747,870.653,638.253,9.4527,16.0000,1.2800,0.4985,4.9399,0.6381,0.1455,0.2164,0.8019,0.3768,4.6307,0.9266,0.5867
6,3,2457,2459,3,2,1,1.0000,2457.944,967.472,827.000,9.0750,15.0000,1.2500,1.0559,4.6300,0.5556,0.3333,0.1111,1.0000,0.0000,4.1685,0.7718,0.5972
4,3,2460,2461,2,2,2,0.5000,2460.173,531.269,763.462,8.0314,15.0000,1.1538,0.6264,4.6334,0.5916,0.1015,0.3069,0.5000,0.5000,4.6334,1.2359,0.8269
4,3,2461,2463,3,2,1,0.6667,2462.192,923.192,867.000,8.0349,14.0000,1.0769,1.2077,4.3272,0.7500,0.1500,0.1000,0.9487,0.0000,4.0170,0.3092,0.8077
4,3,2463,2465,3,2,1,0.6667,2464.066,1119.836,898.000,9.4290,19.0000,1.2459,0.1766,5.8737,0.5357,0.3214,0.1429,1.0000,0.0000,5.5649,1.8546,0.8361
6,3,2465,2466,2,3,2,0.5000,2465.618,1081.816,564.882,9.5945,18.0000,1.4211,0.6561,5.5656,0.5034,0.2551,0.2415,0.1128,0.4328,4.4837,0.9277,0.6184
5,3,2466,2467,2,2,2,0.6250,2466.592,1128.845,756.479,9.8203,19.0000,1.3380,0.8034,5.8758,0.3432,0.2505,0.4063,0.6059,0.3645,5.5672,2.0098,0.7042
3,3,2467,2468,2,2,1,0.7500,2467.333,1115.333,1020.000,7.5005,14.0000,1.0000,0.4714,4.3308,0.5333,0.2667,0.2000,0.7071,0.0000,4.6394,0.4641,1.0000
4,3,2468,2469,2,2,1,1.0000,2468.500,777.518,936.000,8.6623,15.0000,1.0714,0.6946,4.6402,0.0000,0.7500,0.2500,1.0000,0.0000,4.9501,1.2375,0.7679
6,3,2468,2470,3,2,2,0.5000,2469.074,863.617,595.889,10.2310,16.0000,1.1852,0.6316,4.9502,0.7074,0.0897,0.2030,0.9140,0.2540,4.9505,1.5472,0.5679
4,3,2468,2470,3,1,2,0.6667,2468.827,1019.000,824.173,8.0439,15.0000,1.1538,0.2448,4.6408,0.7500,0.1500,0.1000,0.9487,0.0000,4.6409,1.0828,0.8269
3,3,2471,2472,2,2,1,0.7500,2471.674,457.674,925.000,7.6835,15.0000,1.0465,0.4604,4.6426,0.5333,0.2667,0.2000,0.7071,0.0000,4.6424,1.3925,1.0000
7,3,2472,2474,3,2,3,0.3889,2473.049,895.220,1015.732,9.5936,15.0000,1.2805,0.3501,4.6435,0.5598,0.1704,0.2698,0.0000,0.0000,4.0236,0.9287,0.5366
3,3,2472,2473,2,2,1,0.7500,2472.298,1023.319,708.000,8.3988,18.0000,1.1489,0.4366,5.5711,0.5333,0.2667,0.2000,0.7071,0.0000,4.9521,2.0117,1.0000
7,4,2474,2476,3,3,2,0.3889,2475.223,916.851,624.681,10.9999,18.0000,1.3404,0.4171,5.5728,0.2843,0.4935,0.2222,0.8778,0.4790,5.2627,1.5482,0.6596
6,4,2480,2481,2,3,2,0.5000,2480.442,779.779,839.519,9.7363,15.0000,1.1688,1.0164,4.6458,0.5926,0.1852,0.2222,0.2673,0.1690,4.6458,1.7034,0.7403
7,3,2482,2484,3,3,1,0.7778,2483.340,760.957,449.000,11.0059,19.0000,1.4149,0.6609,5.8859,0.4747,0.4312,0.0941,0.5071,0.0000,4.3368,2.1685,0.5426
6,3,2487,2490,4,2,2,0.3750,2488.533,583.680,789.707,9.4869,15.0000,1.2000,0.6374,4.6477,0.8460,0.0320,0.1220,0.8735,0.4867,4.8024,1.8589,0.5733
4,3,2488,2490,3,2,1,0.6667,2489.170,947.170,988.000,8.2109,16.0000,1.2075,0.2401,4.9575,0.7500,0.1500,0.1000,0.9487,0.0000,4.6477,1.5492,0.8302
6,4,2488,2490,3,2,2,0.5000,2488.605,1124.877,740.506,10.2459,17.0000,1.2593,0.7906,5.2674,0.6373,0.1269,0.2358,0.8795,0.0724,4.8025,0.9295,0.7654
6,3,2490,2492,3,2,2,0.5000,2491.000,1051.133,700.267,9.4876,16.0000,1.2800,1.0435,4.9579,0.7074,0.0897,0.2030,0.9140,0.2540,4.1831,1.2395,0.6000
5,3,2490,2491,2,3,1,0.8333,2490.459,1263.689,824.000,8.4530,14.0000,1.1475,0.8275,4.3381,0.5854,0.2927,0.1220,0.3162,0.0000,4.9577,1.5492,0.6885
7,3,2495,2497,3,2,2,0.5833,2495.942,911.337,827.779,10.0732,18.0000,1.4651,0.4073,5.5782,0.6517,0.0773,0.2710,0.8881,0.0000,3.4089,1.2396,0.5465
4,4,2498,2499,2,2,1,1.0000,2498.500,620.517,444.000,8.9874,15.0000,1.0345,0.6950,4.6487,0.0000,0.7500,0.2500,1.0000,0.0000,4.8036,1.3946,1.0000
8,3,2498,2500,3,2,2,0.6667,2499.351,769.351,1017.485,10.6284,15.0000,1.2371,0.8829,4.6488,0.4716,0.1249,0.4035,0.8929,0.1898,4.3388,0.9297,0.4433
3,3,2503,2505,3,1,1,1.0000,2503.957,927.000,514.000,8.4102,17.0000,1.0851,0.0426,5.2689,0.8889,0.0000,0.1111,1.0000,0.0000,4.6489,0.9298,1.0000
4,3,2503,2504,2,2,1,1.0000,2503.491,933.455,650.000,8.5231,16.0000,1.1636,0.6825,4.9589,0.0000,0.7500,0.2500,1.0000,0.0000,4.6490,0.9298,0.8000
6,3,2505,2506,2,3,2,0.5000,2505.145,1119.355,475.461,9.6164,15.0000,1.1842,0.5994,4.6491,0.6373,0.1269,0.2358,0.2504,0.9108,4.1842,1.3947,0.5789
9,3,2507,2510,4,3,3,0.2500,2508.303,934.789,842.789,11.2614,20.0000,1.6514,0.4251,6.1989,0.3377,0.4593,0.2029,0.7202,0.1970,3.7194,2.0147,0.4404
7,3,2511,2513,3,3,1,0.7778,2512.034,1129.067,781.000,10.4266,17.0000,1.3371,0.0754,5.2693,0.6076,0.3038,0.0886,0.7071,0.0000,4.3394,0.6199,0.5169
5,3,2516,2518,3,2,2,0.4167,2516.515,1085.632,832.147,9.4263,18.0000,1.3235,0.6494,5.5794,0.6999,0.1281,0.1720,0.8684,0.1395,5.2694,1.8598,0.7059
5,3,2518,2520,3,1,2,0.8333,2519.145,813.000,959.609,9.5651,17.0000,1.2319,0.4173,5.2696,0.5854,0.2927,0.1220,0.9487,0.0000,4.9595,1.2399,0.6522
7,3,2518,2520,3,1,3,0.7778,2519.159,827.000,1146.682,10.3100,16.0000,1.2727,0.3557,4.9596,0.4747,0.4312,0.0941,0.8619,0.0000,4.0297,0.9299,0.5000
3,3,2520,2521,2,1,2,0.7500,2520.689,874.000,824.356,8.0535,16.0000,1.0667,0.7156,4.9597,0.5333,0.2667,0.2000,0.7071,0.0000,4.9597,1.0849,1.0000
5,3,2522,2524,3,2,2,0.4167,2523.062,1039.138,992.631,9.0109,15.0000,1.1538,0.6487,4.6498,0.1521,0.5234,0.3245,1.0000,0.0000,4.3398,1.2399,0.6923
3,3,2523,2524,2,2,1,0.7500,2523.349,1046.674,665.000,7.6957,15.0000,1.0465,0.7280,4.6498,0.5333,0.2667,0.2000,0.7071,0.0000,4.6497,2.1699,1.0000
4,3,2524,2525,2,1,3,0.6667,2524.500,734.000,840.911,8.6796,19.0000,1.3571,0.5079,5.8898,0.7576,0.1294,0.1129,0.5257,0.0000,4.6498,0.9300,0.8393
4,3,2526,2527,2,3,1,0.6667,2526.192,1059.808,560.000,8.0598,14.0000,1.0769,0.8303,4.3399,0.7500,0.1500,0.1000,0.3162,0.0000,4.9598,1.2400,0.8077
4,3,2528,2529,2,1,2,1.0000,2528.481,489.000,998.537,8.3699,15.0000,1.1111,0.6951,4.6500,0.0000,0.7500,0.2500,0.0000,0.0000,4.6499,1.3950,0.7963
4,3,2528,2530,3,1,2,0.6667,2529.071,691.000,1097.429,8.6799,18.0000,1.2857,0.4345,5.5800,0.7576,0.1294,0.1129,0.8507,0.0000,4.6500,0.9300,0.8214
4,3,2528,2529,2,3,1,0.6667,2528.722,786.870,905.000,8.3699,16.0000,1.1852,0.9136,4.9600,0.5357,0.3214,0.1429,0.0000,0.0000,4.8049,1.5500,0.8333
6,3,2529,2531,3,2,2,0.5000,2529.852,1017.543,1169.704,10.2511,15.0000,1.1111,1.0110,4.6500,0.4246,0.3485,0.2269,0.7895,0.0722,4.4950,1.3950,0.5432
8,3,2531,2533,3,3,2,0.4444,2531.830,648.510,1031.600,10.9603,16.0000,1.2800,0.8056,4.9601,0.6902,0.0960,0.2138,0.7462,0.5137,3.8750,1.5500,0.4600
6,3,2533,2535,3,2,2,0.5000,2533.867,1024.819,817.434,10.5046,18.0000,1.3012,0.4882,5.5802,0.3810,0.3333,0.2857,0.9487,0.1690,4.8052,2.0151,0.5663
6,3,2536,2538,3,2,2,0.5000,2537.069,910.403,400.125,9.1127,15.0000,1.2500,0.6141,4.6503,0.7074,0.0897,0.2030,0.9140,0.2540,4.0303,1.2401,0.5972
3,3,2536,2537,2,2,1,0.7500,2536.674,925.651,884.000,7.6965,15.0000,1.0465,0.7280,4.6503,0.5333,0.2667,0.2000,0.7071,0.0000,4.9603,1.2401,1.0000
7,3,2536,2538,3,3,2,0.3889,2536.875,977.417,632.573,11.2489,16.0000,1.1667,0.7194,4.9603,0.2767,0.4208,0.3025,0.1378,0.2846,4.6503,0.9301,0.5000
5,3,2537,2538,2,2,2,0.6250,2537.438,1043.453,992.859,8.8733,15.0000,1.1719,0.7143,4.6503,0.3432,0.2505,0.4063,0.6059,0.3645,4.9604,1.2401,0.6719
6,3,2538,2540,3,2,2,0.5000,2538.635,776.554,1146.162,9.3660,15.0000,1.2162,0.7928,4.6504,0.6373,0.1269,0.2358,0.8795,0.0724,4.6504,1.5501,0.5946
3,3,2539,2540,2,2,1,0.7500,2539.667,938.667,537.000,8.0548,15.0000,1.0000,0.7454,4.6504,0.5333,0.2667,0.2000,0.7071,0.0000,4.9605,1.2401,1.0000
4,3,2539,2540,2,2,1,1.0000,2539.456,1177.579,735.000,8.8358,17.0000,1.1930,0.6208,5.2704,0.0000,0.7500,0.2500,1.0000,0.0000,4.6504,1.2401,0.8246
3,3,2542,2543,2,2,1,0.7500,2542.622,923.311,810.000,8.0550,17.0000,1.1333,0.6957,5.2706,0.5333,0.2667,0.2000,0.7071,0.0000,4.6506,2.1703,1.0000
6,3,2542,2544,3,2,2,0.5000,2542.633,1156.709,954.468,9.9992,15.0000,1.1392,0.8395,4.6505,0.4758,0.3366,0.1876,0.8466,0.1665,4.4956,0.9301,0.5443
5,3,2543,2544,2,1,3,0.8333,2543.476,767.000,1179.206,8.7353,16.0000,1.2698,0.5630,4.9607,0.5854,0.2927,0.1220,0.3162,0.0000,4.0305,0.3101,0.6984
5,3,2543,2544,2,2,2,0.6250,2543.384,1048.644,766.178,10.1218,18.0000,1.2329,0.5529,5.5807,0.3432,0.2505,0.4063,0.6059,0.3645,4.9606,1.3952,0.6575
5,3,2544,2546,3,2,2,0.4167,2545.048,953.468,828.145,8.5968,15.0000,1.2097,1.1847,4.6507,0.7729,0.0435,0.1836,0.8328,0.5477,4.6507,1.7053,0.7097
8,3,2545,2547,3,2,4,0.3333,2545.893,896.252,768.388,11.2908,19.0000,1.4757,0.4753,5.8910,0.4251,0.3708,0.2041,0.2573,0.4891,3.8756,1.2402,0.4951
3,3,2545,2546,2,2,1,0.7500,2545.333,971.646,955.000,8.5923,17.0000,1.0625,0.7268,5.2708,0.5333,0.2667,0.2000,0.7071,0.0000,5.2709,1.2402,1.0000
5,3,2546,2548,3,2,1,0.8333,2547.192,874.740,1005.000,10.1223,20.0000,1.3699,0.3233,6.2011,0.5854,0.2927,0.1220,0.9487,0.0000,4.9608,1.2402,0.7397
7,4,2549,2552,4,2,3,0.2917,2550.663,745.217,926.196,10.7820,18.0000,1.3696,0.7247,5.5812,0.8647,0.0308,0.1045,0.8674,0.0103,4.6510,1.5503,0.6848
6,3,2549,2550,2,3,1,1.0000,2549.533,810.853,517.000,9.4938,16.0000,1.2800,0.9726,4.9611,0.5556,0.3333,0.1111,0.0000,0.0000,4.3409,1.5503,0.5867
6,3,2550,2552,3,2,2,0.5000,2551.078,847.688,966.143,9.7472,19.0000,1.4805,0.3516,5.8914,0.7074,0.0897,0.2030,0.9140,0.2540,4.1860,1.0853,0.6104
4,3,2550,2551,2,2,1,1.0000,2550.562,1226.438,552.000,9.9223,21.0000,1.3125,0.6187,6.5115,0.0000,0.7500,0.2500,1.0000,0.0000,4.9611,0.3101,0.7969
6,3,2551,2553,3,2,1,1.0000,2552.000,1086.557,443.000,10.0005,17.0000,1.2911,0.4430,5.2713,0.5556,0.3333,0.1111,1.0000,0.0000,4.4961,0.7752,0.5696
7,3,2555,2556,2,2,3,0.5833,2555.458,634.217,294.108,9.7279,15.0000,1.2651,0.5181,4.6514,0.5557,0.1817,0.2626,0.3005,0.5425,4.3413,1.5505,0.5301
3,3,2556,2558,3,1,1,1.0000,2556.978,1158.000,809.000,8.0567,16.0000,1.0667,0.0222,4.9616,0.8889,0.0000,0.1111,1.0000,0.0000,4.9615,1.8606,1.0000
5,3,2561,2562,2,2,2,0.6250,2561.369,854.615,752.846,9.0149,16.0000,1.2308,0.5549,4.9619,0.3432,0.2505,0.4063,0.6059,0.3645,4.8070,0.9304,0.6923
4,3,2561,2563,3,2,1,0.6667,2562.407,998.278,1030.000,8.3735,16.0000,1.1852,0.6545,4.9621,0.7500,0.1500,0.1000,0.9487,0.0000,4.8070,1.2405,0.8333
3,3,2562,2563,2,2,1,0.7500,2562.667,905.292,876.000,8.5946,18.0000,1.1250,0.4429,5.5824,0.5333,0.2667,0.2000,0.7071,0.0000,5.5823,0.9304,1.0000
4,3,2563,2565,3,2,1,0.6667,2564.094,910.547,623.000,8.2187,15.0000,1.1321,0.5552,4.6521,0.7576,0.1294,0.1129,0.8507,0.0000,4.8072,1.3956,0.8302
4,3,2564,2565,2,1,2,1.0000,2564.500,632.000,986.483,8.9941,16.0000,1.1034,0.6950,4.9622,0.0000,0.7500,0.2500,0.0000,0.0000,4.8072,1.7058,0.7759
7,3,2564,2566,3,2,3,0.3889,2565.345,1030.417,678.012,9.8468,15.0000,1.2500,0.5412,4.6522,0.5780,0.1560,0.2660,0.7697,0.1362,4.0319,1.7058,0.5238
4,3,2565,2566,2,1,2,1.0000,2565.500,747.000,1129.586,8.9942,19.0000,1.3103,0.6490,5.8927,0.0000,0.7500,0.2500,0.0000,0.0000,4.8073,1.5507,0.8276
5,3,2567,2568,2,3,2,0.4167,2567.836,799.642,915.179,9.2934,15.0000,1.1194,0.6862,4.6524,0.6338,0.1686,0.1975,0.2016,0.6778,4.9626,2.0161,0.6567
8,3,2568,2570,3,3,2,0.4444,2569.062,1019.309,938.309,10.6370,16.0000,1.3196,0.4417,4.9626,0.2901,0.4848,0.2251,0.8528,0.5119,4.3423,1.5508,0.4742
5,3,2572,2573,2,2,2,0.6250,2572.387,696.613,854.161,8.6006,14.0000,1.1290,0.7426,4.3426,0.3432,0.2505,0.4063,0.6059,0.3645,4.9629,1.2408,0.6774
5,3,2572,2574,3,1,2,0.8333,2572.698,990.000,609.587,8.7393,14.0000,1.1111,0.9125,4.3426,0.5854,0.2927,0.1220,0.9487,0.0000,4.6527,1.3958,0.6667
5,3,2575,2577,3,2,2,0.4167,2576.082,1005.295,884.770,8.4624,15.0000,1.2295,0.3827,4.6531,0.5461,0.2256,0.2283,0.8117,0.4177,4.6531,1.3959,0.7049
7,3,2577,2579,3,2,3,0.3889,2577.824,701.871,437.388,9.9663,18.0000,1.4824,0.6497,5.5839,0.1917,0.4720,0.3362,0.3600,0.0855,3.8777,1.7062,0.5529
5,3,2579,2581,3,1,2,0.8333,2579.816,684.000,569.382,10.5440,20.0000,1.3158,0.4237,6.2045,0.5854,0.2927,0.1220,0.9487,0.0000,4.0329,0.9307,0.6579
7,3,2581,2584,4,3,2,0.2917,2582.058,976.221,791.105,10.0842,15.0000,1.2209,1.6190,4.6535,0.8243,0.0392,0.1364,0.8415,0.2378,4.0331,1.2410,0.5000
6,3,2581,2582,2,3,2,0.5000,2581.671,1057.158,653.671,9.6256,15.0000,1.1842,0.7638,4.6535,0.6381,0.1455,0.2164,0.3327,0.3629,4.6535,1.2409,0.5789
4,3,2582,2583,2,1,2,1.0000,2582.462,360.000,953.462,8.0662,14.0000,1.0769,0.6527,4.3434,0.0000,0.7500,0.2500,0.0000,0.0000,4.6535,0.6205,0.8077
3,3,2582,2583,2,1,2,0.7500,2582.341,973.000,705.682,7.8811,15.0000,1.0227,0.4663,4.6536,0.5333,0.2667,0.2000,0.7071,0.0000,4.9638,1.8614,1.0000
5,3,2582,2584,3,2,1,0.8333,2583.227,1172.470,555.000,9.1571,16.0000,1.2121,0.5770,4.9639,0.5854,0.2927,0.1220,0.9487,0.0000,4.9639,1.3961,0.6970
6,3,2583,2585,3,3,1,0.6667,2583.568,1158.608,657.000,9.3726,16.0000,1.2973,0.6897,4.9639,0.6061,0.3030,0.0909,0.7071,0.0000,4.3434,1.7063,0.6216
7,4,2584,2586,3,2,2,0.5833,2584.758,1258.209,893.703,10.6710,17.0000,1.3077,0.7724,5.2743,0.3772,0.3083,0.3146,0.9758,0.2185,4.6538,0.7756,0.6813
5,3,2587,2588,2,2,2,0.6250,2587.141,912.391,1109.453,8.8802,16.0000,1.2500,0.6146,4.9642,0.3432,0.2505,0.4063,0.5155,0.8569,4.6539,0.9308,0.7031
8,3,2589,2591,3,3,2,0.4444,2589.856,958.900,823.567,9.8728,16.0000,1.4222,0.5933,4.9644,0.4030,0.3371,0.2599,0.9119,0.3730,3.5682,1.2411,0.4889
8,3,2593,2595,3,2,2,0.6667,2594.418,815.612,803.592,10.7510,15.0000,1.2245,0.9159,4.6544,0.4782,0.1602,0.3617,0.9087,0.4175,4.4992,1.8617,0.5816
5,3,2594,2596,3,1,2,0.8333,2594.783,865.000,1243.638,9.5749,17.0000,1.2319,0.8624,5.2749,0.5854,0.2927,0.1220,0.9487,0.0000,5.2750,1.8618,0.6812
6,4,2594,2595,2,2,2,0.7500,2594.457,902.358,991.704,10.2607,15.0000,1.1111,0.6516,4.6543,0.2000,0.3333,0.4667,0.0000,0.0000,4.6543,1.2412,0.7160
4,3,2594,2595,2,2,2,0.5000,2594.255,1001.818,1237.745,8.5329,17.0000,1.2364,0.4033,5.2749,0.0000,0.5625,0.4375,0.4459,0.5774,4.6543,1.3963,0.8182
4,3,2595,2597,3,1,2,0.6667,2595.983,952.000,1159.155,8.9985,20.0000,1.3793,0.1561,6.2059,0.5357,0.3214,0.1429,1.0000,0.0000,4.9647,1.3963,0.8448
7,3,2597,2599,3,2,2,0.5833,2598.226,945.298,777.405,9.8517,15.0000,1.2500,0.5510,4.6545,0.4600,0.2645,0.2756,0.8571,0.1000,3.7236,1.2412,0.5357
4,3,2597,2599,3,2,1,0.6667,2598.339,952.268,802.000,8.6884,15.0000,1.0714,0.4323,4.6545,0.7500,0.1500,0.1000,0.9487,0.0000,4.9648,1.8618,0.8036
3,3,2598,2600,3,1,1,1.0000,2599.000,818.000,796.000,7.8827,16.0000,1.0909,0.0000,4.9648,0.8889,0.0000,0.1111,1.0000,0.0000,4.6546,1.5515,1.0000
4,3,2601,2602,2,1,2,1.0000,2601.558,851.000,1296.558,8.0680,15.0000,1.1538,0.6255,4.6546,0.0000,0.7500,0.2500,0.0000,0.0000,4.6546,0.6206,0.8269
6,3,2605,2607,3,2,2,0.5000,2606.278,736.125,522.347,9.1214,15.0000,1.2500,0.8110,4.6548,0.5230,0.1584,0.3185,0.9225,0.0898,4.4996,1.2413,0.5972
4,3,2605,2606,2,2,1,1.0000,2605.474,1036.421,881.000,8.8440,17.0000,1.1930,0.6740,5.2754,0.0000,0.7500,0.2500,1.0000,0.0000,4.9650,1.5516,0.8246
6,4,2605,2606,2,2,2,0.7500,2605.500,1113.655,618.310,10.6416,15.0000,1.0714,0.6819,4.6547,0.2000,0.3333,0.4667,0.0000,0.0000,4.6547,1.2413,0.6905
5,3,2606,2608,3,1,2,0.8333,2607.242,848.000,1244.606,9.1593,17.0000,1.2879,0.4626,5.2754,0.5854,0.2927,0.1220,0.9487,0.0000,4.6548,1.0861,0.6970
5,3,2606,2608,3,2,2,0.4167,2607.167,885.409,1194.864,9.1593,16.0000,1.2121,0.4623,4.9651,0.7729,0.0435,0.1836,0.8328,0.5477,4.6548,0.1552,0.6818
5,3,2607,2609,3,1,2,0.8333,2607.797,890.000,1129.562,8.8818,15.0000,1.1719,0.4824,4.6548,0.5854,0.2927,0.1220,0.9487,0.0000,4.8099,0.7758,0.6719
3,3,2609,2611,3,1,1,1.0000,2610.000,836.000,1025.000,8.0623,17.0000,1.1333,0.0000,5.2754,0.8889,0.0000,0.1111,1.0000,0.0000,4.0342,0.7758,1.0000
3,3,2609,2611,3,1,1,1.0000,2610.040,990.000,794.000,8.9581,20.0000,1.2000,0.0400,6.2064,0.8889,0.0000,0.1111,1.0000,0.0000,5.4306,1.5516,1.0000
7,4,2609,2611,3,2,2,0.5833,2609.705,1055.500,714.432,10.3215,15.0000,1.1932,1.0340,4.6548,0.4470,0.2636,0.2894,0.8599,0.3065,4.9651,1.5516,0.6705
4,3,2610,2611,2,3,1,0.6667,2610.537,1162.944,500.000,8.3786,15.0000,1.1111,0.4663,4.6548,0.7576,0.1294,0.1129,0.5257,0.0000,4.9651,1.5516,0.7963
5,3,2612,2613,2,2,2,0.6250,2612.576,401.364,592.197,9.1594,15.0000,1.1364,0.5925,4.6548,0.3432,0.2505,0.4063,0.6059,0.3645,4.6548,1.5516,0.6515
7,3,2613,2614,2,3,2,0.5833,2613.455,795.102,475.318,10.3215,17.0000,1.3523,0.5642,5.2754,0.3883,0.1309,0.4808,0.3626,0.5691,4.3445,1.5516,0.5455
4,3,2614,2616,3,2,1,0.6667,2614.949,409.492,691.000,9.1544,16.0000,1.0847,1.0689,4.9651,0.7576,0.1294,0.1129,0.8507,0.0000,4.9651,0.6206,0.7797
9,3,2614,2616,3,3,3,0.3333,2615.106,850.000,982.394,10.7578,16.0000,1.3846,0.6149,4.9651,0.6422,0.1485,0.2093,0.8336,0.3001,3.4135,0.6206,0.4327
5,3,2615,2617,3,2,1,0.8333,2616.254,863.444,869.000,8.7431,15.0000,1.1905,0.5119,4.6548,0.5854,0.2927,0.1220,0.9487,0.0000,4.9651,1.3964,0.6825
4,3,2615,2616,2,1,3,0.6667,2615.246,1048.000,1191.053,8.8441,16.0000,1.1228,0.2512,4.9651,0.5357,0.3214,0.1429,0.0000,0.0000,4.8100,1.2413,0.7895
3,3,2617,2618,2,2,1,0.7500,2617.688,1140.688,885.000,8.5998,18.0000,1.1250,0.4419,5.5857,0.5333,0.2667,0.2000,0.7071,0.0000,4.9651,1.7068,1.0000
3,3,2618,2620,3,1,1,1.0000,2619.021,864.000,1120.000,8.5998,19.0000,1.1875,0.0208,5.8960,0.8889,0.0000,0.1111,1.0000,0.0000,4.9651,0.6206,1.0000
6,5,2620,2622,3,2,3,0.3333,2620.976,876.894,917.294,10.7683,18.0000,1.2706,0.7142,5.5857,0.5574,0.2624,0.1802,0.0000,0.0000,4.6547,1.5516,0.8941
9,3,2622,2624,3,2,3,0.5000,2623.083,543.083,829.138,11.2747,17.0000,1.4037,0.1805,5.2753,0.3095,0.4988,0.1917,0.8707,0.1974,3.7237,0.6206,0.4404
5,3,2625,2626,2,2,2,0.6250,2625.418,853.612,1024.851,9.2979,16.0000,1.1940,0.7153,4.9650,0.3432,0.2505,0.4063,0.6059,0.3645,4.9650,1.8619,0.6716
6,3,2630,2631,2,2,2,0.7500,2630.662,853.527,791.243,9.3743,16.0000,1.2973,0.6716,4.9648,0.2000,0.3333,0.4667,0.7071,0.7071,4.1891,1.5515,0.6216
5,3,2630,2631,2,3,1,0.8333,2630.309,996.971,897.000,9.4365,18.0000,1.3235,1.0185,5.5855,0.6340,0.2717,0.0943,0.0000,0.0000,5.1200,1.5515,0.6912
5,3,2632,2634,3,2,2,0.4167,2633.156,826.130,1125.156,10.6852,23.0000,1.4935,0.2558,7.1368,0.6489,0.0995,0.2515,0.9362,0.2726,4.9648,1.8618,0.7143
7,3,2632,2635,4,3,2,0.2917,2633.605,851.198,729.111,9.4998,15.0000,1.2963,0.6460,4.6545,0.7146,0.1193,0.1661,0.8685,0.2357,3.4132,1.5515,0.5432
4,3,2632,2633,2,2,1,1.0000,2632.481,1022.556,653.000,8.3781,16.0000,1.1852,0.6829,4.9648,0.0000,0.7500,0.2500,1.0000,0.0000,4.6545,1.5515,0.8148
5,4,2633,2634,2,2,2,0.6250,2633.652,760.203,903.551,9.5750,16.0000,1.1594,0.6822,4.9647,0.3432,0.2505,0.4063,0.6059,0.3645,4.9647,0.9309,0.8696
5,3,2633,2635,3,3,1,0.5556,2633.903,990.710,632.000,8.6036,14.0000,1.1290,0.7162,4.3441,0.8123,0.1108,0.0769,0.7071,0.0000,4.6544,0.9309,0.6774
4,3,2635,2636,2,2,1,1.0000,2635.579,962.561,532.000,8.8433,18.0000,1.2632,0.6080,5.5852,0.0000,0.7500,0.2500,1.0000,0.0000,4.8095,1.2412,0.8246
4,3,2637,2638,2,2,1,1.0000,2637.455,921.455,918.000,8.5329,15.0000,1.0909,0.6428,4.6543,0.0000,0.7500,0.2500,1.0000,0.0000,5.2749,1.5514,0.8182
8,3,2641,2643,3,2,3,0.4444,2641.890,704.626,587.110,9.9827,15.0000,1.3187,1.0939,4.6542,0.3047,0.3914,0.3039,0.8859,0.4125,3.4131,1.2411,0.4835
4,3,2644,2645,2,1,3,0.6667,2644.545,889.000,695.927,8.5325,15.0000,1.0909,1.0327,4.6541,0.7576,0.1294,0.1129,0.5257,0.0000,5.1195,1.0860,0.8000
7,3,2645,2647,3,2,2,0.5833,2646.333,988.226,1120.690,9.8508,15.0000,1.2500,0.9861,4.6540,0.3772,0.3083,0.3146,0.9758,0.2185,3.7233,0.6206,0.5119
6,3,2646,2648,3,1,2,1.0000,2646.963,709.000,1065.395,10.2600,19.0000,1.4074,1.0409,5.8951,0.5556,0.3333,0.1111,1.0000,0.0000,4.3437,1.0859,0.6049
5,3,2647,2648,2,2,2,0.6250,2647.781,944.578,489.656,8.8804,14.0000,1.0937,0.9521,4.3438,0.3432,0.2505,0.4063,0.5155,0.8569,4.6540,0.6205,0.6562
10,3,2649,2652,4,4,2,0.3125,2650.688,745.864,1034.184,12.2641,22.0000,1.7600,0.3869,6.8257,0.5492,0.3139,0.1369,0.6654,0.1685,3.8782,1.5513,0.4160
7,3,2650,2651,2,4,2,0.4375,2650.818,1173.943,970.773,10.3195,18.0000,1.4318,1.0962,5.5847,0.7558,0.1056,0.1386,0.1870,0.9578,4.0334,1.3962,0.5455
8,3,2658,2660,3,2,3,0.4444,2659.000,924.525,695.307,11.0785,17.0000,1.3465,0.8404,5.2742,0.6410,0.1697,0.1893,0.7118,0.5716,4.0332,0.6205,0.4752
5,3,2659,2660,2,3,2,0.4167,2659.641,645.906,1131.172,8.8797,15.0000,1.1719,0.9899,4.6537,0.5461,0.2256,0.2283,0.5716,0.7118,4.0332,0.6205,0.6875
5,3,2662,2664,3,2,2,0.4167,2662.938,637.688,827.469,8.8796,16.0000,1.2500,0.6195,4.9638,0.7383,0.0485,0.2132,0.7071,0.0000,4.8087,0.9307,0.6875
5,3,2662,2664,3,2,2,0.4167,2663.000,924.141,828.844,8.8796,16.0000,1.2500,0.2102,4.9638,0.7958,0.0325,0.1718,0.9294,0.3690,4.6536,0.7756,0.7031
7,3,2664,2666,3,2,3,0.3889,2664.878,648.889,1066.322,10.5533,19.0000,1.4778,0.3621,5.8945,0.7514,0.0882,0.1604,0.7791,0.1005,4.6535,1.3961,0.5333
20,6,2666,2669,4,4,3,0.4167,2667.327,1049.942,279.532,19.2850,24.0000,1.7266,0.6276,7.4456,0.2905,0.3935,0.3159,0.7875,0.4370,4.1882,1.5512,0.4209
4,3,2666,2669,4,1,1,1.0000,2667.368,1103.000,1029.000,8.8417,16.0000,1.1228,0.3684,4.9637,0.9375,0.0000,0.0625,1.0000,0.0000,5.1189,0.9307,0.8246
4,3,2669,2671,3,1,2,0.6667,2670.000,575.000,693.200,8.5314,16.0000,1.1636,0.2000,4.9637,0.5357,0.3214,0.1429,1.0000,0.0000,4.6535,1.3960,0.8000
8,3,2669,2671,3,2,3,0.4444,2669.707,696.374,912.121,10.8587,17.0000,1.3737,0.4901,5.2739,0.3811,0.2501,0.3687,0.7741,0.3962,3.8779,1.5512,0.4646
5,3,2669,2670,2,2,3,0.4167,2669.788,799.455,820.561,9.1568,16.0000,1.2121,0.6668,4.9637,0.6999,0.1281,0.1720,0.2462,0.7115,4.6535,1.5512,0.6970
4,3,2669,2672,4,1,1,1.0000,2670.362,901.000,1124.000,8.9967,18.0000,1.2414,0.6379,5.5842,0.9375,0.0000,0.0625,1.0000,0.0000,5.1188,0.9307,0.8448
3,3,2672,2673,2,2,1,0.7500,2672.298,968.702,751.000,8.4182,19.0000,1.2128,0.4213,5.8944,0.5333,0.2667,0.2000,0.7071,0.0000,4.6535,1.5512,1.0000
6,3,2674,2676,3,2,2,0.5000,2675.188,564.288,893.325,10.1321,16.0000,1.2000,0.4727,4.9637,0.6381,0.1455,0.2164,0.8019,0.3768,4.3432,1.5511,0.5625
5,3,2674,2676,3,2,1,0.8333,2675.219,1182.625,844.000,8.8793,17.0000,1.3281,0.4341,5.2739,0.5854,0.2927,0.1220,0.9487,0.0000,4.6534,1.3960,0.7188
3,3,2675,2676,2,1,2,0.7500,2675.311,872.000,865.667,8.0600,16.0000,1.0667,0.4560,4.9637,0.5333,0.2667,0.2000,0.7071,0.0000,4.9637,1.8614,1.0000
5,3,2676,2678,3,1,2,0.8333,2676.809,360.000,1015.382,9.4343,17.0000,1.2500,0.4275,5.2739,0.5854,0.2927,0.1220,0.9487,0.0000,4.6534,1.0858,0.6912
3,3,2683,2684,2,1,2,0.7500,2683.341,1023.000,1165.682,7.8810,15.0000,1.0227,0.4663,4.6535,0.5333,0.2667,0.2000,0.7071,0.0000,4.9638,1.0858,1.0000
3,3,2684,2686,3,1,1,1.0000,2684.977,907.000,796.000,7.8811,15.0000,1.0227,0.9773,4.6536,0.8889,0.0000,0.1111,1.0000,0.0000,4.3433,0.6205,1.0000
5,3,2686,2688,3,2,1,0.8333,2686.765,1105.529,1104.000,9.4346,17.0000,1.2500,0.5793,5.2741,0.5854,0.2927,0.1220,0.9487,0.0000,4.9638,0.9307,0.6912
22,8,2687,2690,4,6,4,0.2292,2688.691,795.122,443.319,20.1080,22.0000,1.5921,1.3085,6.8255,0.6895,0.0045,0.3060,0.0645,0.6812,3.8781,1.8615,0.5033
5,3,2689,2691,3,2,1,0.8333,2689.788,748.515,821.000,9.1574,16.0000,1.2121,0.9413,4.9640,0.5854,0.2927,0.1220,0.9487,0.0000,4.9640,1.5513,0.6970
6,3,2690,2692,3,3,1,0.6667,2690.627,966.293,802.000,9.4995,15.0000,1.2000,0.4748,4.6538,0.6061,0.3030,0.0909,0.7071,0.0000,4.6538,1.8615,0.5733
5,3,2690,2691,2,1,3,0.8333,2690.394,972.000,1080.242,9.1574,17.0000,1.2879,0.4626,5.2743,0.5854,0.2927,0.1220,0.3162,0.0000,4.0333,1.2410,0.6970
6,3,2692,2694,3,3,2,0.3333,2692.736,838.000,1111.139,9.1198,16.0000,1.3333,0.2982,4.9642,0.5367,0.2153,0.2481,0.8770,0.3081,4.0334,1.0859,0.6111
5,3,2696,2697,2,2,2,0.6250,2696.619,492.143,727.476,8.7419,16.0000,1.2698,0.6633,4.9645,0.3432,0.2505,0.4063,0.6059,0.3645,4.9644,1.5514,0.6984
5,3,2696,2698,3,2,1,0.8333,2697.257,645.557,1040.000,9.7133,16.0000,1.1429,0.6136,4.9645,0.5854,0.2927,0.1220,0.9487,0.0000,4.9646,0.7757,0.6714
4,3,2697,2698,2,3,1,0.6667,2697.250,942.571,815.000,8.6879,19.0000,1.3571,0.6237,5.8953,0.7500,0.1500,0.1000,0.3162,0.0000,4.6542,1.5514,0.8393
15,8,2698,2700,3,3,3,0.5556,2698.854,1261.274,605.575,16.9847,22.0000,1.5566,0.6538,6.8264,0.3079,0.0169,0.6753,0.8289,0.1093,4.6543,1.3963,0.6651
5,3,2700,2701,2,1,3,0.8333,2700.382,960.000,1064.721,9.4363,16.0000,1.1765,0.9491,4.9648,0.5854,0.2927,0.1220,0.3162,0.0000,4.9648,2.1720,0.6765
6,4,2702,2704,3,2,2,0.5000,2703.274,702.357,1046.107,10.6417,19.0000,1.3571,0.4626,5.8960,0.5034,0.2551,0.2415,0.9677,0.2521,4.9650,1.7067,0.7500
3,3,2704,2706,3,1,1,1.0000,2705.000,464.000,1062.000,7.8835,16.0000,1.0909,0.0000,4.9653,0.8889,0.0000,0.1111,1.0000,0.0000,4.6551,1.2413,1.0000
4,3,2704,2705,2,2,1,1.0000,2704.453,657.453,602.000,8.2236,15.0000,1.1321,0.6404,4.6548,0.0000,0.7500,0.2500,1.0000,0.0000,4.6549,2.1722,0.8113
3,3,2705,2705,1,2,2,0.7500,2705.000,992.341,1088.682,7.8834,15.0000,1.0227,0.4663,4.6550,0.5333,0.2667,0.2000,0.0000,1.0000,4.9653,0.7759,1.0000
6,3,2706,2707,2,3,2,0.5000,2706.829,1225.183,794.256,10.3892,20.0000,1.4634,0.3580,6.2069,0.5230,0.1584,0.3185,0.1207,0.8567,4.5000,1.5517,0.6098
7,3,2707,2709,3,2,3,0.3889,2707.946,521.097,888.688,10.9091,19.0000,1.4301,0.3309,5.8967,0.6023,0.2183,0.1794,0.7436,0.2188,4.0347,1.5518,0.5591
3,3,2709,2710,2,2,1,0.7500,2709.333,886.667,1154.000,7.5260,14.0000,1.0000,0.7454,4.3452,0.5333,0.2667,0.2000,0.7071,0.0000,4.9658,1.2415,1.0000
4,3,2710,2711,2,2,2,0.5000,2710.475,727.271,838.831,9.1561,18.0000,1.2203,0.6151,5.5868,0.5916,0.1015,0.3069,0.7071,0.7071,5.1212,2.1725,0.8305
5,3,2710,2712,3,2,1,0.8333,2710.764,812.583,244.000,9.9940,18.0000,1.2500,0.4789,5.5868,0.5854,0.2927,0.1220,0.9487,0.0000,4.6556,0.9312,0.6806
3,3,2710,2711,2,1,2,0.7500,2710.326,903.000,1100.674,7.7054,15.0000,1.0465,0.4604,4.6556,0.5333,0.2667,0.2000,0.7071,0.0000,4.0350,0.9311,1.0000
4,3,2711,2712,2,2,1,1.0000,2711.528,802.453,973.000,8.2252,15.0000,1.1321,0.6958,4.6557,0.0000,0.7500,0.2500,1.0000,0.0000,4.0351,0.4656,0.8113
5,3,2711,2713,3,1,2,0.8333,2711.879,921.000,831.424,9.1615,15.0000,1.1364,0.4412,4.6558,0.5854,0.2927,0.1220,0.9487,0.0000,4.9663,1.2416,0.6667
7,3,2712,2714,3,2,2,0.5833,2712.815,356.228,408.239,10.7934,18.0000,1.3696,0.3787,5.5872,0.3772,0.3083,0.3146,0.9758,0.2185,4.3456,1.5520,0.5326
7,3,2713,2715,3,2,2,0.5833,2713.667,802.763,1116.355,10.9110,22.0000,1.6559,0.7914,6.8288,0.4600,0.2645,0.2756,0.8571,0.1000,4.3458,1.5520,0.5699
6,3,2714,2716,3,3,1,0.6667,2715.342,838.658,648.000,9.2513,16.0000,1.3151,0.4843,4.9667,0.6061,0.3030,0.0909,0.7071,0.0000,4.3459,0.7761,0.6027
4,3,2716,2717,2,2,1,1.0000,2716.431,1109.466,712.000,9.0026,17.0000,1.1724,0.6344,5.2773,0.0000,0.7500,0.2500,1.0000,0.0000,5.2774,1.2417,0.8103
4,3,2724,2725,2,2,1,1.0000,2724.558,972.538,1043.000,8.0737,15.0000,1.1538,0.6968,4.6580,0.0000,0.7500,0.2500,1.0000,0.0000,4.6579,0.7763,0.8269
6,3,2726,2727,2,3,2,0.5000,2726.356,892.301,677.123,9.2551,16.0000,1.3151,0.9580,4.9689,0.5230,0.1584,0.3185,0.3667,0.5079,4.0372,1.8633,0.6164
7,4,2727,2729,3,1,4,0.5833,2728.146,388.000,1024.011,10.4473,16.0000,1.2584,0.8540,4.9693,0.7644,0.1796,0.0560,0.6120,0.0000,4.6584,0.9317,0.6742
4,3,2730,2731,2,1,2,1.0000,2730.483,764.000,1167.467,9.3181,16.0000,1.0667,0.6719,4.9698,0.0000,0.7500,0.2500,0.0000,0.0000,5.1248,1.2425,0.7833
4,3,2730,2731,2,2,1,1.0000,2730.552,1013.586,918.000,9.0075,18.0000,1.2414,0.6101,5.5910,0.0000,0.7500,0.2500,1.0000,0.0000,4.9697,0.9318,0.8276
5,3,2733,2735,3,2,1,0.8333,2733.785,643.631,1077.000,9.0302,16.0000,1.2308,0.4275,4.9704,0.5854,0.2927,0.1220,0.9487,0.0000,4.9702,1.2425,0.7077
6,3,2734,2735,2,3,2,0.5000,2734.395,838.432,1056.395,10.2728,18.0000,1.3333,0.9584,5.5920,0.6854,0.0214,0.2932,0.3377,0.6213,3.8832,1.8639,0.5679
3,3,2735,2736,2,1,2,0.7500,2735.674,410.000,966.349,7.7128,15.0000,1.0465,0.7280,4.6602,0.5333,0.2667,0.2000,0.7071,0.0000,4.6602,0.6214,1.0000
3,3,2735,2736,2,2,1,0.7500,2735.651,1001.674,630.000,7.7128,15.0000,1.0465,0.7280,4.6600,0.5333,0.2667,0.2000,0.7071,0.0000,4.6602,1.5534,1.0000
8,3,2736,2739,4,2,3,0.3333,2737.347,502.911,1216.069,11.0947,18.0000,1.4257,0.3645,5.5925,0.7925,0.0836,0.1239,0.8471,0.2488,3.8837,1.0874,0.5050
6,3,2736,2737,2,1,4,0.7500,2736.482,791.000,1231.446,10.5275,15.0000,1.0843,1.5240,4.6604,0.7692,0.1538,0.0769,0.3162,0.0000,4.8156,1.2428,0.7108
5,3,2739,2741,3,1,2,0.8333,2739.766,785.000,1183.547,8.8937,17.0000,1.3281,0.5102,5.2825,0.5854,0.2927,0.1220,0.9487,0.0000,4.6611,0.6215,0.7188
4,3,2742,2743,2,2,1,1.0000,2742.482,873.500,1018.000,8.7016,15.0000,1.0714,0.6946,4.6615,0.0000,0.7500,0.2500,1.0000,0.0000,4.6616,1.2430,0.7679
4,3,2744,2745,2,1,2,1.0000,2744.482,625.000,1230.464,8.7025,16.0000,1.1429,0.6955,4.9730,0.0000,0.7500,0.2500,0.0000,0.0000,4.8173,0.4662,0.8036
6,3,2744,2745,2,2,3,0.5000,2744.467,974.120,618.800,9.5163,17.0000,1.3600,0.5217,5.2835,0.3810,0.3333,0.2857,0.3162,0.5071,4.0404,0.9324,0.6267
4,3,2746,2747,2,1,2,1.0000,2746.464,814.000,1077.536,8.7033,16.0000,1.1429,0.6566,4.9732,0.0000,0.7500,0.2500,0.0000,0.0000,4.6625,0.9325,0.7857
3,3,2748,2749,2,2,1,0.7500,2748.341,945.659,735.000,7.8969,15.0000,1.0227,0.7420,4.6631,0.5333,0.2667,0.2000,0.7071,0.0000,4.9737,1.2434,1.0000
6,3,2748,2750,3,2,2,0.5000,2748.750,966.554,502.109,11.6758,23.0000,1.5000,0.5224,7.1500,0.3810,0.3333,0.2857,0.9487,0.1690,5.4401,1.7097,0.6522
4,3,2748,2749,2,2,1,1.0000,2748.545,1150.564,922.000,8.5487,16.0000,1.1636,0.6301,4.9739,0.0000,0.7500,0.2500,1.0000,0.0000,4.8183,1.2434,0.8182
6,3,2751,2752,2,3,2,0.5000,2751.338,969.788,710.125,10.1541,18.0000,1.3500,0.4180,5.5962,0.5230,0.1584,0.3185,0.3667,0.5079,4.5082,0.3110,0.5750
5,4,2754,2756,3,2,2,0.4167,2754.932,436.392,777.203,10.2909,20.0000,1.3514,0.4464,6.2192,0.5461,0.2256,0.2283,0.8117,0.4177,5.2861,2.1767,0.8649
4,3,2755,2756,2,2,1,1.0000,2755.451,1154.451,853.000,7.9297,14.0000,1.0980,0.6378,4.3537,0.0000,0.7500,0.2500,1.0000,0.0000,4.6644,1.5549,0.8235
6,3,2757,2759,3,1,3,0.6667,2758.181,545.000,718.169,10.5384,21.0000,1.5181,0.2472,6.5311,0.4000,0.4800,0.1200,0.7071,0.0000,4.6650,1.5550,0.6386
4,3,2758,2759,2,2,1,1.0000,2758.482,901.500,1163.000,8.7084,15.0000,1.0714,0.6946,4.6651,0.0000,0.7500,0.2500,1.0000,0.0000,4.0432,0.3110,0.7679
4,3,2759,2761,3,1,2,0.6667,2760.400,937.000,491.255,8.5537,17.0000,1.2364,0.6518,5.2879,0.7500,0.1500,0.1000,0.9487,0.0000,4.8212,1.2442,0.8364
4,3,2763,2766,4,1,1,1.0000,2764.459,901.000,1062.000,9.4886,17.0000,1.1148,0.5410,5.2889,0.9375,0.0000,0.0625,1.0000,0.0000,5.1330,1.8666,0.7869
6,3,2767,2769,3,1,3,0.6667,2767.850,775.000,1145.112,10.1621,18.0000,1.3500,0.1875,5.6007,0.4000,0.4800,0.1200,0.7071,0.0000,4.6674,1.5557,0.5875
4,3,2772,2774,3,2,1,0.6667,2773.345,535.273,768.000,8.5585,16.0000,1.1636,0.4401,4.9795,0.7500,0.1500,0.1000,0.9487,0.0000,4.8240,1.8674,0.8182
6,3,2774,2776,3,2,2,0.5000,2774.711,743.868,908.461,9.6567,16.0000,1.2632,0.8569,4.9798,0.3810,0.3333,0.2857,0.9487,0.1690,4.2016,1.2449,0.6184
5,4,2776,2778,3,1,2,0.8333,2777.297,638.000,1204.432,10.3009,17.0000,1.1486,0.5248,5.2914,0.5854,0.2927,0.1220,0.9487,0.0000,4.6691,0.6225,0.8784
5,4,2776,2778,3,2,1,0.8333,2777.135,1066.473,908.000,10.3008,20.0000,1.3514,0.5441,6.2252,0.5854,0.2927,0.1220,0.9487,0.0000,4.9803,0.3112,0.8784
4,3,2777,2778,2,3,1,0.6667,2777.463,1125.944,619.000,8.4041,15.0000,1.1111,0.4663,4.6689,0.7576,0.1294,0.1129,0.5257,0.0000,4.6690,1.2450,0.7963
3,3,2779,2780,2,2,1,0.7500,2779.333,884.667,507.000,7.5482,14.0000,1.0000,0.7454,4.3580,0.5333,0.2667,0.2000,0.7071,0.0000,4.6692,1.5563,1.0000
4,3,2782,2783,2,1,2,1.0000,2782.561,447.000,1031.456,8.8723,17.0000,1.1930,0.6328,5.2923,0.0000,0.7500,0.2500,0.0000,0.0000,4.8253,1.2452,0.8070
5,3,2783,2784,2,2,2,0.6250,2783.379,658.864,860.576,9.1887,18.0000,1.3636,0.5849,5.6036,0.3432,0.2505,0.4063,0.6059,0.3645,4.6697,0.9339,0.6970
4,3,2784,2785,2,1,2,1.0000,2784.463,430.000,1093.556,8.4056,15.0000,1.1111,0.6418,4.6698,0.0000,0.7500,0.2500,0.0000,0.0000,4.8254,1.5566,0.8148
8,5,2784,2786,3,3,2,0.4444,2785.291,816.591,842.345,12.1076,20.0000,1.4545,0.7437,6.2264,0.5726,0.2236,0.2038,0.6616,0.5747,4.9812,1.5566,0.7000
8,3,2786,2788,3,2,3,0.4444,2786.725,649.676,972.588,11.2273,17.0000,1.3333,0.9884,5.2926,0.1711,0.4368,0.3921,0.1441,0.1502,4.0473,1.5567,0.4510
6,3,2788,2790,3,2,2,0.5000,2789.067,576.133,744.600,9.5327,16.0000,1.2800,0.6182,4.9814,0.7074,0.0897,0.2030,0.9140,0.2540,4.2030,0.9340,0.5867
7,3,2791,2793,3,3,2,0.3889,2792.444,842.667,1118.878,10.5907,17.0000,1.3222,0.6593,5.2927,0.6188,0.1635,0.2176,0.7316,0.2162,4.0474,1.2454,0.5111
3,3,2792,2793,2,1,2,0.7500,2792.318,979.000,1102.318,7.9090,16.0000,1.0909,0.4500,4.9814,0.5333,0.2667,0.2000,0.7071,0.0000,5.2927,2.1794,1.0000
7,3,2792,2793,2,2,3,0.5833,2792.437,1045.609,983.506,10.2377,16.0000,1.2874,0.7741,4.9814,0.4935,0.1801,0.3263,0.3403,0.7071,4.0474,0.7783,0.5057
4,3,2793,2795,3,1,2,0.6667,2793.906,926.000,1014.698,8.2504,16.0000,1.2075,0.7045,4.9814,0.5357,0.3214,0.1429,1.0000,0.0000,4.6700,1.2453,0.8302
4,3,2795,2796,2,2,2,0.5000,2795.793,1178.483,1053.759,9.0285,16.0000,1.1034,0.5780,4.9812,0.5916,0.1015,0.3069,0.5000,0.5000,5.2926,2.1793,0.7931
6,4,2799,2800,2,2,2,0.7500,2799.358,725.519,948.272,10.2944,16.0000,1.1852,0.6586,4.9810,0.2000,0.3333,0.4667,0.7071,0.7071,4.6696,1.0896,0.7284
4,3,2799,2801,3,2,1,0.6667,2800.036,979.482,528.000,8.7165,15.0000,1.0714,0.4835,4.6695,0.7576,0.1294,0.1129,0.8507,0.0000,5.1364,2.0235,0.7857
6,3,2800,2801,2,1,3,1.0000,2800.462,802.000,1036.167,9.9128,17.0000,1.3077,0.9922,5.2920,0.5556,0.3333,0.1111,0.0000,0.0000,4.3583,1.0896,0.6282
5,3,2803,2804,2,2,2,0.6250,2803.469,793.516,794.141,8.9090,16.0000,1.2500,0.7536,4.9802,0.3432,0.2505,0.4063,0.6059,0.3645,4.6690,1.5563,0.7031
4,3,2805,2806,2,1,2,1.0000,2805.463,490.000,1224.537,8.4036,15.0000,1.1111,0.7090,4.6688,0.0000,0.7500,0.2500,0.0000,0.0000,4.8243,1.4006,0.8148
8,3,2805,2807,3,1,4,0.6667,2806.290,550.000,1020.440,11.0038,16.0000,1.2800,0.8353,4.9796,0.7471,0.1965,0.0563,0.3641,0.0000,4.0462,1.5562,0.4500
7,3,2806,2808,3,2,2,0.5833,2806.955,594.364,410.250,10.3516,16.0000,1.2727,1.1741,4.9798,0.6517,0.0773,0.2710,0.8881,0.0000,3.7347,1.0893,0.5341
30,13,2806,2809,4,5,5,0.3000,2807.255,618.144,811.541,26.0239,35.0000,2.2926,0.5443,10.8928,0.3116,0.0313,0.6570,0.5252,0.4173,4.0460,1.5559,0.6201
4,3,2808,2810,3,1,2,0.6667,2809.304,955.000,932.250,8.7133,15.0000,1.0714,0.3933,4.6679,0.7500,0.1500,0.1000,0.9487,0.0000,4.8232,1.0892,0.7857
4,3,2810,2812,3,1,2,0.6667,2811.056,562.000,976.537,8.4013,15.0000,1.1111,0.4663,4.6674,0.7576,0.1294,0.1129,0.8507,0.0000,4.0450,0.9335,0.7963
6,3,2812,2813,2,3,1,1.0000,2812.544,888.949,841.000,10.0345,17.0000,1.2911,0.4585,5.2891,0.5556,0.3333,0.1111,0.0000,0.0000,4.6669,1.2445,0.6076
8,3,2814,2816,3,4,2,0.3333,2815.000,747.315,1053.152,10.1186,16.0000,1.3913,0.3500,4.9774,0.5992,0.2626,0.1381,0.6435,0.2960,3.8883,1.8664,0.4783
6,3,2815,2817,3,2,2,0.5000,2816.203,844.743,964.608,9.3972,16.0000,1.2973,0.5105,4.9770,0.6381,0.1455,0.2164,0.8019,0.3768,4.3549,1.2441,0.6081
7,3,2815,2817,3,3,2,0.3889,2815.824,997.988,809.565,9.9937,18.0000,1.4824,0.5918,5.5992,0.3231,0.4135,0.2634,0.8452,0.2797,3.7330,1.5554,0.5529
8,3,2816,2819,4,2,3,0.3333,2817.337,717.768,1031.126,10.4469,16.0000,1.3474,0.9646,4.9767,0.7787,0.0636,0.1577,0.7882,0.6154,4.1988,1.8661,0.4737
4,4,2817,2820,4,1,1,1.0000,2818.500,668.000,976.000,9.0193,15.0000,1.0345,1.5000,4.6656,0.9375,0.0000,0.0625,1.0000,0.0000,4.8205,1.2440,1.0000
4,3,2822,2823,2,1,2,1.0000,2822.491,529.000,1016.473,8.5503,15.0000,1.0909,0.6947,4.6636,0.0000,0.7500,0.2500,0.0000,0.0000,4.9748,1.3991,0.7818
5,3,2822,2823,2,2,2,0.6250,2822.778,976.683,583.365,8.7598,15.0000,1.1905,0.5324,4.6636,0.3432,0.2505,0.4063,0.5155,0.8569,4.9746,1.5545,0.6825
4,3,2824,2825,2,1,3,0.6667,2824.714,535.000,772.054,8.7043,16.0000,1.1429,0.7163,4.9742,0.5357,0.3214,0.1429,0.0000,0.0000,5.1292,1.2435,0.8036
6,3,2824,2825,2,2,3,0.5000,2824.506,700.316,827.228,10.0262,16.0000,1.2152,1.3607,4.9738,0.5943,0.2116,0.1941,0.3104,0.4643,4.8185,1.5542,0.7595
7,3,2827,2829,3,2,2,0.5833,2828.062,572.284,870.235,9.5149,16.0000,1.3827,0.3734,4.9727,0.6517,0.0773,0.2710,0.8881,0.0000,3.4187,1.0877,0.5432
5,3,2827,2828,2,2,2,0.6250,2827.493,904.845,1080.352,9.8687,21.0000,1.4789,0.6365,6.5266,0.3432,0.2505,0.4063,0.6059,0.3645,4.9727,1.7094,0.6901
5,3,2829,2830,2,2,2,0.6250,2829.600,871.400,983.169,9.0333,14.0000,1.0769,0.7407,4.3507,0.3432,0.2505,0.4063,0.6059,0.3645,4.6612,1.2429,0.6462
8,3,2833,2835,3,3,2,0.4444,2834.381,666.247,640.299,10.6534,15.0000,1.2371,0.9671,4.6594,0.5686,0.1035,0.3278,0.7327,0.1369,4.0384,1.5533,0.4433
6,3,2834,2836,3,2,2,0.5000,2834.829,575.724,851.303,9.6379,15.0000,1.1842,0.4441,4.6594,0.6605,0.1810,0.1584,0.9290,0.3479,4.3491,1.0873,0.5789
7,3,2834,2836,3,2,2,0.5833,2834.849,723.395,379.442,10.0971,16.0000,1.3023,0.7005,4.9701,0.5352,0.1763,0.2885,0.8018,0.5745,4.0383,1.5532,0.5116
4,3,2836,2837,2,1,2,1.0000,2836.439,918.000,1046.561,8.8520,17.0000,1.1930,0.6203,5.2803,0.0000,0.7500,0.2500,0.0000,0.0000,4.9695,0.3107,0.8246
12,5,2838,2840,3,3,4,0.3333,2839.178,112.260,822.479,13.0881,18.0000,1.4795,1.0071,5.5894,0.2906,0.4978,0.2116,0.3858,0.6708,3.4161,1.8630,0.5548
4,3,2839,2841,3,2,1,0.6667,2839.966,591.492,569.000,9.1604,17.0000,1.1525,0.5096,5.2789,0.7576,0.1294,0.1129,0.8507,0.0000,4.9685,1.2421,0.7966
4,3,2843,2845,3,2,1,0.6667,2844.218,631.818,1085.000,8.5371,16.0000,1.1636,0.8027,4.9668,0.7500,0.1500,0.1000,0.9487,0.0000,4.8120,1.8626,0.8182
3,3,2845,2846,2,2,1,0.7500,2845.667,771.667,1034.000,8.0648,15.0000,1.0000,0.7454,4.6564,0.5333,0.2667,0.2000,0.7071,0.0000,4.9665,0.9312,1.0000
9,3,2846,2849,4,3,2,0.3750,2847.419,977.286,891.819,10.8635,17.0000,1.4571,0.9383,5.2764,0.7451,0.0653,0.1896,0.7326,0.3606,3.7246,1.2415,0.4476
3,3,2853,2854,2,1,2,0.7500,2853.348,612.000,898.674,8.2411,16.0000,1.0435,0.7292,4.9647,0.5333,0.2667,0.2000,0.7071,0.0000,4.9649,1.5515,1.0000
3,3,2853,2854,2,2,1,0.7500,2853.326,948.652,916.000,8.2411,16.0000,1.0435,0.7292,4.9649,0.5333,0.2667,0.2000,0.7071,0.0000,5.2752,1.3964,1.0000
6,3,2858,2860,3,3,1,0.6667,2859.189,539.284,1004.000,9.3726,17.0000,1.3784,0.3411,5.2742,0.2083,0.6667,0.1250,0.4472,0.0000,4.1882,1.2410,0.6081
4,3,2860,2862,3,1,2,0.6667,2860.875,453.000,846.161,8.6865,17.0000,1.2143,1.1364,5.2738,0.7500,0.1500,0.1000,0.9487,0.0000,5.2740,1.8613,0.8393
6,3,2861,2862,2,2,2,0.7500,2861.444,791.278,1122.403,9.1188,15.0000,1.2500,0.7946,4.6535,0.2000,0.3333,0.4667,0.0000,0.0000,4.8085,1.2409,0.5972
5,3,2863,2864,2,1,3,0.8333,2863.617,896.000,1052.767,8.3239,14.0000,1.1667,0.6593,4.3430,0.5854,0.2927,0.1220,0.3162,0.0000,4.6532,1.0858,0.7000
7,3,2868,2870,3,2,2,0.5833,2868.727,987.432,911.795,10.3173,18.0000,1.4318,0.5502,5.5835,0.5806,0.0526,0.3668,0.8835,0.4677,4.0326,1.3959,0.5341
8,3,2870,2872,3,2,3,0.4444,2871.082,683.092,917.061,10.7475,15.0000,1.2245,1.5181,4.6529,0.6911,0.1553,0.1536,0.6966,0.1216,4.3426,1.0857,0.5816
3,3,2872,2873,2,1,2,0.7500,2872.326,510.000,703.674,7.7007,15.0000,1.0465,0.4604,4.6528,0.5333,0.2667,0.2000,0.7071,0.0000,4.6528,1.5509,1.0000
7,3,2872,2874,3,2,2,0.5833,2873.274,550.512,975.238,9.8481,16.0000,1.3333,0.6275,4.9630,0.4600,0.2645,0.2756,0.8571,0.1000,4.0324,1.5509,0.5357
4,3,2872,2873,2,2,1,1.0000,2872.574,887.426,895.000,8.3750,17.0000,1.2593,0.6024,5.2732,0.0000,0.7500,0.2500,1.0000,0.0000,4.6528,1.5509,0.8333
25,11,2878,2881,4,4,3,0.5208,2879.382,624.639,113.086,20.2863,22.0000,1.6820,0.7496,6.8241,0.3457,0.1998,0.4545,0.7088,0.3342,3.7222,1.5509,0.5719
5,3,2879,2880,2,2,2,0.6250,2879.597,570.145,858.452,8.6007,14.0000,1.1290,0.8234,4.3426,0.3432,0.2505,0.4063,0.6059,0.3645,4.6528,1.5509,0.6774
3,3,2879,2880,2,1,2,0.7500,2879.636,632.000,1263.318,7.8798,16.0000,1.0909,0.7115,4.9630,0.5333,0.2667,0.2000,0.7071,0.0000,4.6528,0.9306,1.0000
5,3,2880,2882,3,2,2,0.4167,2881.000,719.138,367.846,9.0169,18.0000,1.3846,0.2070,5.5834,0.4138,0.1655,0.4207,1.0000,0.0000,4.6528,1.2408,0.7077
3,3,2880,2882,3,1,1,1.0000,2880.957,725.000,1095.000,8.4171,17.0000,1.0851,0.0426,5.2732,0.8889,0.0000,0.1111,1.0000,0.0000,5.5834,0.9306,1.0000
3,3,2882,2884,3,1,1,1.0000,2882.980,1114.000,733.000,8.7754,20.0000,1.2245,0.0204,6.2039,0.8889,0.0000,0.1111,1.0000,0.0000,5.2732,1.7061,1.0000
8,3,2883,2886,4,2,3,0.3333,2884.378,365.092,887.061,10.7477,17.0000,1.3878,0.3934,5.2733,0.5630,0.2506,0.1864,0.8508,0.1257,3.8775,0.9306,0.4796
5,3,2883,2884,2,3,1,0.8333,2883.600,739.692,471.000,9.0170,15.0000,1.1538,0.7996,4.6529,0.5854,0.2927,0.1220,0.3162,0.0000,4.6529,1.7061,0.6769
3,3,2884,2885,2,1,2,0.7500,2884.304,516.000,847.674,8.2382,17.0000,1.1087,0.4460,5.2733,0.5333,0.2667,0.2000,0.7071,0.0000,4.9631,1.2408,1.0000
4,3,2888,2889,2,1,2,1.0000,2888.492,819.000,989.441,9.1511,19.0000,1.2881,0.6729,5.8939,0.0000,0.7500,0.2500,0.0000,0.0000,4.9633,0.6204,0.8305
4,3,2889,2890,2,1,2,1.0000,2889.483,389.000,790.467,9.3062,16.0000,1.0667,0.6719,4.9633,0.0000,0.7500,0.2500,0.0000,0.0000,5.4286,1.7061,0.7833
6,3,2895,2897,3,3,1,0.6667,2895.744,543.359,569.000,9.8786,17.0000,1.3077,0.8257,5.2738,0.2083,0.6667,0.1250,0.4472,0.0000,4.8085,1.2409,0.6154
5,3,2897,2899,3,1,2,0.8333,2898.258,386.000,491.548,8.6019,14.0000,1.1290,0.6061,4.3433,0.5854,0.2927,0.1220,0.9487,0.0000,4.9637,1.5512,0.6774
6,3,2902,2904,3,2,2,0.5000,2902.975,403.519,728.671,10.0060,15.0000,1.1392,0.6151,4.6537,0.4412,0.1872,0.3716,0.7882,0.6154,4.4986,1.8614,0.5443
4,3,2904,2904,1,2,2,1.0000,2904.000,625.547,931.528,8.2216,15.0000,1.1321,0.6958,4.6537,0.0000,0.7500,0.2500,0.0000,1.0000,4.6537,1.2410,0.8113
7,4,2905,2907,3,2,3,0.3889,2905.732,874.619,1141.443,11.3747,20.0000,1.4433,0.8068,6.2051,0.4740,0.3590,0.1670,0.6417,0.4192,4.9641,1.8615,0.6804
7,3,2906,2909,4,2,2,0.4375,2907.376,580.600,418.859,9.9677,16.0000,1.3176,0.7223,4.9641,0.6625,0.1752,0.1623,0.9597,0.1934,4.0334,1.3962,0.5412
8,3,2906,2909,4,2,2,0.5000,2907.542,900.719,917.281,10.5306,16.0000,1.3333,0.6069,4.9642,0.7435,0.1182,0.1384,0.9342,0.2294,4.3436,1.2410,0.4688
5,3,2907,2908,2,2,2,0.6250,2907.758,554.387,966.710,8.6027,15.0000,1.2097,0.8993,4.6539,0.3432,0.2505,0.4063,0.5155,0.8569,4.6539,1.2410,0.7097
5,3,2907,2909,3,2,1,0.8333,2907.889,620.278,1010.000,9.9902,23.0000,1.5972,0.2992,7.1360,0.5854,0.2927,0.1220,0.9487,0.0000,4.6539,1.2411,0.7222
11,4,2908,2910,3,5,2,0.3667,2909.122,604.672,525.664,12.2548,18.0000,1.5115,0.9525,5.5847,0.6901,0.2010,0.1090,0.0743,0.2534,3.4129,1.2410,0.4809
7,3,2910,2913,4,2,2,0.4375,2911.404,902.236,771.708,10.4371,17.0000,1.3371,0.5519,5.2746,0.6801,0.1680,0.1519,0.9328,0.2851,4.0335,0.9308,0.5281
3,3,2911,2911,1,1,3,1.0000,2911.000,623.000,1307.977,7.8819,15.0000,1.0227,0.9773,4.6540,0.8889,0.0000,0.1111,0.0000,1.0000,4.9643,1.5513,1.0000
8,3,2913,2915,3,2,3,0.4444,2914.105,432.295,1032.158,10.4214,16.0000,1.3474,0.3505,4.9645,0.4643,0.2762,0.2595,0.7284,0.0993,3.8784,1.5514,0.4842
5,3,2919,2921,3,2,1,0.8333,2920.208,553.649,917.000,10.6850,21.0000,1.3636,0.4076,6.5161,0.5854,0.2927,0.1220,0.9487,0.0000,5.2750,0.9309,0.7013
6,3,2919,2921,3,2,2,0.5000,2919.750,884.882,895.355,9.6274,18.0000,1.4211,0.4503,5.5852,0.6373,0.1269,0.2358,0.8795,0.0724,4.0338,1.2412,0.6447
3,3,2921,2923,3,1,1,1.0000,2922.000,1048.000,972.000,7.5243,14.0000,1.0000,1.0000,4.3442,0.8889,0.0000,0.1111,1.0000,0.0000,4.6544,0.9309,1.0000
6,3,2927,2928,2,3,2,0.5000,2927.477,393.977,755.602,11.1482,21.0000,1.4318,0.6572,6.5165,0.6168,0.1058,0.2774,0.5000,0.5000,4.8098,1.5516,0.6136
4,3,2928,2929,2,2,2,0.5000,2928.750,585.821,1055.429,8.6888,18.0000,1.2857,0.5273,5.5857,0.5916,0.1015,0.3069,0.5000,0.5000,5.1202,1.2412,0.8214
5,3,2929,2930,2,2,2,0.6250,2929.433,657.836,1226.567,9.2981,15.0000,1.1194,0.8187,4.6548,0.3432,0.2505,0.4063,0.6059,0.3645,4.9650,1.0861,0.6418
3,3,2932,2932,1,2,2,0.7500,2932.000,589.318,966.659,7.8832,15.0000,1.0227,0.7319,4.6548,0.5333,0.2667,0.2000,0.0000,1.0000,4.3445,1.5516,1.0000
6,3,2933,2935,3,2,1,1.0000,2934.190,530.557,626.000,10.0086,19.0000,1.4430,0.9234,5.8963,0.5556,0.3333,0.1111,1.0000,0.0000,4.6549,1.3965,0.6203
4,4,2937,2938,2,2,2,0.5000,2937.770,572.508,982.754,9.4653,17.0000,1.1148,0.5958,5.2758,0.5916,0.1015,0.3069,0.5000,0.5000,5.2758,1.5517,1.0000
5,4,2940,2942,3,1,2,0.8333,2941.232,898.000,882.348,9.5767,16.0000,1.1594,0.4180,4.9656,0.5854,0.2927,0.1220,0.9487,0.0000,5.2760,1.5518,0.8696
4,3,2942,2943,2,1,2,1.0000,2942.571,482.000,484.429,8.6899,18.0000,1.2857,0.6061,5.5864,0.0000,0.7500,0.2500,0.0000,0.0000,4.6553,1.3966,0.8214
3,3,2942,2943,2,2,1,0.7500,2942.311,615.311,973.000,8.0632,17.0000,1.1333,0.4400,5.2760,0.5333,0.2667,0.2000,0.7071,0.0000,4.6553,1.5517,1.0000
6,3,2944,2945,2,2,3,0.5000,2944.389,431.875,1038.417,9.1227,16.0000,1.3333,0.7121,4.9657,0.5034,0.2551,0.2415,0.1128,0.4328,4.0347,1.2414,0.6111
7,3,2945,2947,3,2,3,0.3889,2945.625,485.886,1239.182,10.3230,18.0000,1.4318,0.6608,5.5865,0.2661,0.4704,0.2635,0.6546,0.0506,3.4140,1.3966,0.5568
9,3,2945,2947,3,3,2,0.5000,2945.860,922.159,956.551,11.0697,17.0000,1.4299,0.5907,5.2762,0.5160,0.1383,0.3457,0.7887,0.2113,3.7244,1.5518,0.4579
3,3,2950,2951,2,1,2,0.7500,2950.333,515.000,1138.333,7.5263,14.0000,1.0000,0.4714,4.3454,0.5333,0.2667,0.2000,0.7071,0.0000,4.6557,1.5519,1.0000
4,3,2950,2951,2,1,2,1.0000,2950.444,556.000,796.537,8.3803,15.0000,1.1111,0.6971,4.6557,0.0000,0.7500,0.2500,0.0000,0.0000,4.8109,1.3967,0.8148
3,3,2950,2951,2,1,2,0.7500,2950.349,808.000,1155.326,7.7055,15.0000,1.0465,0.7280,4.6558,0.5333,0.2667,0.2000,0.7071,0.0000,4.0349,0.3104,1.0000
4,3,2952,2953,2,1,2,1.0000,2952.559,450.000,1122.576,9.1565,19.0000,1.2881,0.6113,5.8974,0.0000,0.7500,0.2500,0.0000,0.0000,4.5006,0.9312,0.8136
8,3,2952,2955,4,2,3,0.3333,2953.732,607.907,646.598,10.6449,17.0000,1.4021,0.4920,5.2767,0.4361,0.4159,0.1480,0.9832,0.1759,3.7247,0.9312,0.4845
8,3,2952,2954,3,2,2,0.6667,2952.740,933.710,812.610,10.9740,20.0000,1.6000,0.5512,6.2078,0.3704,0.0753,0.5544,0.9816,0.1908,4.1903,1.7071,0.5000
6,3,2955,2956,2,2,3,0.5000,2955.730,622.122,901.838,9.3774,16.0000,1.2973,0.3378,4.9665,0.5230,0.1584,0.3185,0.3667,0.5079,4.5008,1.8624,0.6081
6,3,2955,2957,3,2,1,1.0000,2956.057,805.391,894.000,11.0248,20.0000,1.3793,0.3950,6.2081,0.5556,0.3333,0.1111,1.0000,0.0000,4.8113,1.5520,0.6092
5,3,2956,2957,2,2,2,0.6250,2956.545,731.515,1083.136,9.1620,17.0000,1.2879,0.7004,5.2769,0.3432,0.2505,0.4063,0.6059,0.3645,4.9665,1.8624,0.7121
4,3,2959,2960,2,2,1,1.0000,2959.444,687.537,876.000,8.3813,15.0000,1.1111,0.6971,4.6563,0.0000,0.7500,0.2500,1.0000,0.0000,5.4323,2.3282,0.8148
4,3,2960,2961,2,3,1,0.6667,2960.453,422.906,866.000,8.2262,15.0000,1.1321,1.0126,4.6563,0.7576,0.1294,0.1129,0.5257,0.0000,4.0355,0.6209,0.8113
10,3,2963,2966,4,2,4,0.3125,2964.592,715.417,506.417,11.7805,16.0000,1.3333,0.8350,4.9670,0.5706,0.2470,0.1824,0.5480,0.3348,3.8806,1.5522,0.3833
7,3,2964,2966,3,3,2,0.3889,2965.306,907.729,929.647,9.9737,16.0000,1.3176,0.8244,4.9672,0.7222,0.0829,0.1949,0.6845,0.7266,3.7254,1.7074,0.5176
3,3,2965,2966,2,1,2,0.7500,2965.326,926.000,1158.304,8.2449,17.0000,1.1087,0.4460,5.2776,0.5333,0.2667,0.2000,0.7071,0.0000,4.9672,1.5522,1.0000
7,4,2967,2969,3,1,3,0.7778,2967.946,709.000,1209.355,10.9129,15.0000,1.1290,0.6474,4.6570,0.4747,0.4312,0.0941,0.8619,0.0000,4.6568,1.7075,0.6344
4,3,2969,2970,2,1,2,1.0000,2969.536,536.000,1033.518,8.6931,15.0000,1.0714,0.6955,4.6571,0.0000,0.7500,0.2500,0.0000,0.0000,5.1227,1.8628,0.7857
5,4,2969,2971,3,2,2,0.4167,2970.043,892.371,882.414,9.7193,15.0000,1.0714,0.5581,4.6571,0.7383,0.0485,0.2132,0.7071,0.0000,4.6571,1.5524,0.8286
7,3,2969,2971,3,2,2,0.5833,2970.345,952.345,416.774,9.8572,15.0000,1.2500,0.9532,4.6571,0.3772,0.3083,0.3146,0.9758,0.2185,4.3467,1.5523,0.5119
7,3,2970,2972,3,4,2,0.2917,2971.048,389.723,732.108,9.7399,17.0000,1.4337,0.3014,5.2781,0.5941,0.1900,0.2159,0.0000,0.0000,3.4152,1.2419,0.5422
3,3,2970,2971,2,1,2,0.7500,2970.696,586.000,906.326,8.2456,17.0000,1.1087,0.4460,5.2781,0.5333,0.2667,0.2000,0.7071,0.0000,5.1228,2.1733,1.0000
6,3,2971,2973,3,2,2,0.5000,2971.658,538.877,428.534,9.2529,16.0000,1.3151,0.8152,4.9677,0.6373,0.1269,0.2358,0.8795,0.0724,3.8810,1.5524,0.6301
8,3,2974,2976,3,2,3,0.4444,2974.885,669.906,488.708,10.5386,18.0000,1.5000,0.3271,5.5889,0.4479,0.3131,0.2390,0.8606,0.0694,3.5708,0.6210,0.5000
6,3,2976,2978,3,2,2,0.5000,2976.873,535.747,990.506,10.0143,16.0000,1.2152,0.5801,4.9681,0.5795,0.2234,0.1971,0.8314,0.5543,4.8129,1.8630,0.5823
7,3,2977,2979,3,2,2,0.5833,2977.667,853.333,640.633,10.5626,17.0000,1.3222,0.9781,5.2786,0.4600,0.2645,0.2756,0.8571,0.1000,4.3471,1.5525,0.5333
4,3,2981,2983,3,2,1,0.6667,2982.093,490.537,1029.000,8.3844,15.0000,1.1111,0.5450,4.6581,0.7576,0.1294,0.1129,0.8507,0.0000,4.8133,0.9316,0.8148
4,3,2981,2982,2,2,1,1.0000,2981.536,537.482,508.000,8.6949,16.0000,1.1429,0.6955,4.9685,0.0000,0.7500,0.2500,1.0000,0.0000,4.1922,1.0868,0.8036
6,3,2981,2983,3,1,3,0.6667,2981.915,917.000,1173.282,9.0010,15.0000,1.2676,0.7233,4.6580,0.6944,0.2222,0.0833,0.8000,0.0000,4.0369,0.3105,0.6056
6,3,2983,2985,3,1,3,0.6667,2984.190,627.000,870.215,10.0156,16.0000,1.2152,0.2870,4.9687,0.4000,0.4800,0.1200,0.7071,0.0000,4.5029,1.7080,0.5570
4,3,2983,2985,3,2,1,0.6667,2983.893,945.750,759.000,8.6952,18.0000,1.2857,0.2720,5.5898,0.5357,0.3214,0.1429,1.0000,0.0000,4.8134,0.6211,0.8393
10,3,2985,2987,3,3,3,0.3704,2986.419,655.078,1069.915,12.6686,20.0000,1.5504,0.5927,6.2112,0.3784,0.1177,0.5039,0.6466,0.4430,4.0372,0.9317,0.4031
8,3,2985,2987,3,2,2,0.6667,2986.059,872.327,897.624,11.0896,17.0000,1.3465,1.0644,5.2795,0.5524,0.0893,0.3583,0.8881,0.4597,4.5030,1.5528,0.4554
4,3,2986,2988,3,2,1,0.6667,2987.143,428.446,930.000,8.6957,17.0000,1.2143,0.9664,5.2796,0.7576,0.1294,0.1129,0.8507,0.0000,4.9689,1.2422,0.8393
5,3,2986,2988,3,2,1,0.8333,2986.773,785.500,899.000,9.1665,17.0000,1.2879,0.5492,5.2795,0.5854,0.2927,0.1220,0.9487,0.0000,4.8137,1.2422,0.7121
9,3,2990,2992,3,2,2,0.7500,2990.617,744.583,727.548,11.9055,16.0000,1.2522,0.7879,4.9693,0.4706,0.0000,0.5294,0.9045,0.0000,4.3481,1.5530,0.5130
5,3,2992,2993,2,2,2,0.6250,2992.625,938.562,725.812,8.8896,14.0000,1.0937,0.8615,4.3483,0.3432,0.2505,0.4063,0.6059,0.3645,4.9694,1.8635,0.6562
6,3,3002,3004,3,3,1,0.6667,3002.908,233.947,545.000,9.6381,16.0000,1.2632,0.9518,4.9702,0.6944,0.2222,0.0833,0.6000,0.0000,4.3490,1.7085,0.5921
5,3,3002,3004,3,1,2,0.8333,3002.791,572.000,697.627,9.3077,17.0000,1.2687,0.4277,5.2809,0.5854,0.2927,0.1220,0.9487,0.0000,4.6595,1.5532,0.6716
8,4,3003,3005,3,2,3,0.4444,3004.173,596.394,1066.587,11.4222,18.0000,1.3846,0.5969,5.5916,0.2331,0.4795,0.2874,0.2649,0.2532,4.3490,1.5532,0.6058
11,4,3008,3011,4,2,3,0.4583,3009.493,449.239,1019.955,12.5517,19.0000,1.5597,0.5492,5.9026,0.7346,0.1082,0.1572,0.7996,0.1028,4.0387,1.2427,0.4627
6,4,3013,3014,2,2,2,0.7500,3013.506,423.765,725.519,10.2737,18.0000,1.3333,0.7285,5.5923,0.2667,0.1333,0.6000,0.7071,0.7071,4.8156,1.7088,0.7654
5,3,3013,3015,3,2,1,0.8333,3014.225,468.634,559.000,9.8650,19.0000,1.3380,0.4300,5.9030,0.5854,0.2927,0.1220,0.9487,0.0000,4.6603,1.5534,0.6620
5,3,3015,3017,3,1,2,0.8333,3016.246,1050.000,870.631,9.0315,15.0000,1.1538,0.4438,4.6604,0.5854,0.2927,0.1220,0.9487,0.0000,4.6605,1.5535,0.6615
8,3,3016,3017,2,3,2,0.6667,3016.330,486.820,795.590,10.9847,16.0000,1.2800,0.5562,4.9711,0.6025,0.1071,0.2905,0.1043,0.0528,4.3497,0.9321,0.4600
5,3,3016,3017,2,2,2,0.6250,3016.625,620.828,919.531,8.8926,15.0000,1.1719,0.8381,4.6605,0.3432,0.2505,0.4063,0.6059,0.3645,4.9711,1.5535,0.6875
5,3,3018,3020,3,2,2,0.4167,3019.088,459.162,959.765,9.4487,18.0000,1.3235,0.2989,5.5927,0.6489,0.0995,0.2515,0.9362,0.2726,4.6605,2.0196,0.7059
4,3,3019,3021,3,2,1,0.6667,3019.774,745.177,1104.000,9.6319,20.0000,1.2903,0.2872,6.2142,0.7500,0.1500,0.1000,0.9487,0.0000,5.1267,1.7089,0.8226
8,3,3020,3021,2,3,2,0.6667,3020.489,619.064,919.745,10.3261,14.0000,1.1915,0.8934,4.3500,0.4286,0.1071,0.4643,0.0000,0.0000,4.0392,1.0875,0.4468
3,3,3022,3023,2,1,2,0.7500,3022.674,739.000,790.326,7.7139,15.0000,1.0465,0.4604,4.6608,0.5333,0.2667,0.2000,0.7071,0.0000,4.6608,1.3982,1.0000
5,3,3023,3024,2,2,2,0.6250,3023.585,569.154,864.446,9.0323,15.0000,1.1538,0.8199,4.6608,0.3432,0.2505,0.4063,0.6059,0.3645,4.3501,1.2429,0.6615
4,3,3027,3029,3,1,2,0.6667,3027.627,666.000,1041.725,7.9237,14.0000,1.0980,0.9592,4.3503,0.7500,0.1500,0.1000,0.9487,0.0000,4.6610,1.3983,0.8235
5,3,3030,3032,3,3,1,0.5556,3030.712,223.909,793.000,9.1719,16.0000,1.2121,0.3019,4.9719,0.8123,0.1108,0.0769,0.7071,0.0000,4.6611,0.7769,0.6818
7,3,3034,3036,3,2,2,0.5833,3035.188,838.294,1007.729,9.9836,15.0000,1.2353,0.7791,4.6613,0.3772,0.3083,0.3146,0.9758,0.2185,4.3505,0.6215,0.5059
5,3,3040,3042,3,1,2,0.8333,3040.718,708.000,1068.465,9.8676,18.0000,1.2676,0.8958,5.5938,0.5854,0.2927,0.1220,0.9487,0.0000,4.9723,1.5538,0.6620
12,3,3041,3043,3,2,3,0.6667,3041.725,781.423,403.754,12.7391,17.0000,1.4366,0.9594,5.2831,0.2053,0.4222,0.3725,0.7796,0.3963,4.0400,1.5539,0.3169
7,3,3041,3043,3,2,3,0.3889,3041.978,784.880,939.196,10.8064,19.0000,1.4457,0.2303,5.9047,0.6788,0.0891,0.2320,0.7979,0.1151,3.7293,1.5539,0.5435
4,3,3046,3047,2,2,1,1.0000,3046.527,231.545,920.000,8.5464,15.0000,1.0909,0.6962,4.6617,0.0000,0.7500,0.2500,1.0000,0.0000,4.8171,0.9323,0.8000
5,3,3047,3048,2,1,3,0.8333,3047.533,509.000,614.747,10.4239,18.0000,1.2000,0.9176,5.5941,0.5854,0.2927,0.1220,0.3162,0.0000,4.8171,1.5539,0.6533
4,4,3047,3050,4,1,1,1.0000,3048.429,580.000,997.000,9.7897,17.0000,1.0794,1.4286,5.2833,0.9375,0.0000,0.0625,1.0000,0.0000,5.2833,1.3985,1.0000
3,3,3048,3049,2,1,2,0.7500,3048.659,521.000,831.341,7.8950,15.0000,1.0227,0.7420,4.6618,0.5333,0.2667,0.2000,0.7071,0.0000,5.2833,1.8647,1.0000
3,3,3049,3050,2,2,1,0.7500,3049.298,164.298,908.000,8.4333,19.0000,1.2128,0.4213,5.9049,0.5333,0.2667,0.2000,0.7071,0.0000,4.6618,1.5539,1.0000
3,3,3050,3052,3,1,1,1.0000,3051.023,516.000,899.000,7.7156,15.0000,1.0465,0.9767,4.6618,0.8889,0.0000,0.1111,1.0000,0.0000,4.6618,0.7770,1.0000
3,3,3051,3053,3,1,1,1.0000,3051.979,685.000,1017.000,8.4334,16.0000,1.0213,0.9787,4.9726,0.8889,0.0000,0.1111,1.0000,0.0000,5.5942,1.5539,1.0000
5,3,3053,3054,2,3,1,0.8333,3053.387,902.774,504.000,8.6173,14.0000,1.1290,0.8656,4.3511,0.5854,0.2927,0.1220,0.3162,0.0000,4.6618,1.7093,0.6774
5,3,3054,3055,2,2,2,0.6250,3054.516,544.141,715.594,8.8954,16.0000,1.2500,0.7989,4.9727,0.3432,0.2505,0.4063,0.6059,0.3645,4.6619,0.9324,0.7031
10,3,3055,3057,3,2,3,0.5556,3056.065,622.512,867.707,12.0886,17.0000,1.3821,1.3773,5.2835,0.6384,0.1053,0.2564,0.6460,0.4936,4.0403,0.9324,0.3902
3,3,3058,3059,2,1,2,0.7500,3058.333,808.000,1018.667,7.5364,14.0000,1.0000,0.7454,4.3511,0.5333,0.2667,0.2000,0.7071,0.0000,4.9727,1.5540,1.0000
10,3,3058,3060,3,3,3,0.3704,3059.224,1181.103,780.233,11.4008,18.0000,1.5517,0.3393,5.5943,0.3069,0.4139,0.2792,0.6213,0.3377,3.7295,1.7094,0.4224
3,3,3059,3060,2,1,2,0.7500,3059.311,873.000,590.333,8.0747,16.0000,1.0667,0.4560,4.9727,0.5333,0.2667,0.2000,0.7071,0.0000,4.3511,0.9324,1.0000
14,3,3060,3063,4,2,6,0.2917,3061.131,488.319,1064.744,13.2903,16.0000,1.4000,0.9602,4.9728,0.5694,0.3476,0.0830,0.3471,0.0726,3.7296,0.9324,0.2812
6,4,3060,3062,3,2,2,0.5000,3060.725,521.513,780.875,10.1506,16.0000,1.2000,0.8966,4.9728,0.3810,0.3333,0.2857,0.9487,0.1690,4.8174,1.5540,0.7625
4,3,3063,3064,2,2,2,0.5000,3063.259,492.741,1054.815,8.3916,16.0000,1.1852,0.4108,4.9728,0.0000,0.5625,0.4375,0.4459,0.5774,4.9728,0.9324,0.8148
5,3,3064,3065,2,3,1,0.8333,3064.362,609.232,367.000,9.5906,18.0000,1.3043,0.4302,5.5944,0.5854,0.2927,0.1220,0.3162,0.0000,4.9728,1.5540,0.7101
6,3,3065,3067,3,3,2,0.3333,3066.093,1098.040,893.547,9.5163,15.0000,1.2000,0.5560,4.6620,0.8010,0.0697,0.1292,0.7788,0.5444,4.3512,1.7094,0.5867
4,3,3066,3067,2,2,2,0.5000,3066.255,305.745,916.764,8.5471,14.0000,1.0182,0.8224,4.3512,0.0000,0.5625,0.4375,0.4459,0.5774,4.6620,2.0202,0.7636
3,3,3066,3067,2,2,1,0.7500,3066.612,390.327,992.000,8.7927,19.0000,1.1633,0.6939,5.9052,0.5333,0.2667,0.2000,0.7071,0.0000,5.5945,2.0202,1.0000
3,3,3071,3072,2,2,1,0.7500,3071.696,162.674,752.000,8.2545,17.0000,1.1087,0.4460,5.2837,0.5333,0.2667,0.2000,0.7071,0.0000,5.2837,1.7094,1.0000
3,3,3072,3074,3,1,1,1.0000,3072.955,546.000,845.000,7.8956,16.0000,1.0909,0.9545,4.9729,0.8889,0.0000,0.1111,1.0000,0.0000,4.6622,0.9324,1.0000
5,3,3075,3077,3,1,3,0.5556,3075.824,580.000,1000.294,9.4520,16.0000,1.1765,0.8745,4.9730,0.8123,0.1108,0.0769,0.7071,0.0000,4.6622,1.8649,0.6765
7,3,3076,3077,2,3,3,0.3889,3076.519,823.114,859.241,9.2807,15.0000,1.3291,0.5832,4.6622,0.5109,0.2405,0.2486,0.4413,0.7991,3.4190,0.9324,0.5443
8,3,3076,3078,3,2,2,0.6667,3076.758,1015.485,896.616,10.8791,17.0000,1.3737,0.6866,5.2839,0.4396,0.1507,0.4097,0.8641,0.2943,4.0406,1.2433,0.4545
5,3,3077,3079,3,1,3,0.5556,3077.781,550.000,1013.281,8.8961,18.0000,1.4062,0.7513,5.5947,0.8123,0.1108,0.0769,0.7071,0.0000,4.9730,1.3987,0.7188
4,3,3078,3080,3,1,2,0.6667,3078.914,563.000,858.552,9.0138,16.0000,1.1034,1.0178,4.9731,0.7576,0.1294,0.1129,0.8507,0.0000,5.1285,1.0879,0.8103
4,3,3078,3080,3,1,2,0.6667,3078.661,636.000,1026.750,8.7029,17.0000,1.2143,0.4214,5.2839,0.7500,0.1500,0.1000,0.9487,0.0000,5.1285,1.3987,0.8214
6,3,3080,3082,3,2,2,0.5000,3080.946,495.676,673.878,9.3901,16.0000,1.2973,0.3506,4.9732,0.5230,0.1584,0.3185,0.9225,0.0898,4.1961,1.2433,0.6216
7,4,3080,3082,3,2,2,0.5833,3080.957,770.796,951.624,10.9257,19.0000,1.4301,0.4304,5.9057,0.5557,0.1817,0.2626,0.9141,0.3987,5.2840,2.0204,0.6774
3,3,3082,3083,2,1,2,0.7500,3082.667,573.000,1163.356,8.0755,16.0000,1.0667,0.7255,4.9733,0.5333,0.2667,0.2000,0.7071,0.0000,4.9732,1.5541,1.0000
6,3,3083,3084,2,2,2,0.7500,3083.311,704.270,966.554,9.3903,17.0000,1.3784,0.6071,5.2841,0.2000,0.3333,0.4667,0.7071,0.7071,4.0408,0.9325,0.6081
9,3,3085,3088,4,3,2,0.3750,3086.327,464.346,693.916,11.0866,18.0000,1.5140,0.7612,5.5951,0.5821,0.2618,0.1561,0.9192,0.0125,3.4193,0.9325,0.4393
6,3,3085,3087,3,1,2,1.0000,3086.000,541.000,895.411,9.2636,15.0000,1.2329,0.4110,4.6626,0.5556,0.3333,0.1111,1.0000,0.0000,4.6625,0.9325,0.5890
5,3,3087,3089,3,1,3,0.5556,3088.206,634.000,1138.250,9.4530,19.0000,1.3971,0.3239,5.9060,0.8123,0.1108,0.0769,0.7071,0.0000,4.6627,0.9325,0.7353
6,3,3088,3089,2,3,2,0.5000,3088.649,516.792,482.753,9.7715,17.0000,1.3247,0.7251,5.2844,0.4074,0.2455,0.3471,0.1139,0.6050,4.6627,1.8651,0.6364
4,3,3088,3088,1,2,2,1.0000,3088.000,574.474,856.491,8.8591,16.0000,1.1228,0.6824,4.9735,0.0000,0.7500,0.2500,0.0000,1.0000,4.9735,1.8650,0.7719
7,3,3089,3091,3,2,3,0.3889,3090.071,737.235,379.259,9.9868,16.0000,1.3176,0.3568,4.9736,0.6478,0.1687,0.1835,0.6934,0.0195,4.3520,1.2434,0.5176
6,3,3092,3094,3,2,2,0.5000,3092.757,929.811,575.311,9.3914,14.0000,1.1351,0.8397,4.3521,0.5230,0.1584,0.3185,0.9225,0.0898,4.8183,1.2435,0.5676
3,3,3094,3095,2,1,2,0.7500,3094.651,515.000,898.674,7.7178,15.0000,1.0465,0.7280,4.6631,0.5333,0.2667,0.2000,0.7071,0.0000,4.6631,1.8652,1.0000
5,3,3095,3097,3,2,1,0.8333,3095.806,394.448,841.000,9.3150,16.0000,1.1940,0.9770,4.9740,0.5854,0.2927,0.1220,0.9487,0.0000,4.9741,1.8653,0.6567
4,3,3096,3097,2,2,1,1.0000,3096.491,544.527,435.000,8.5493,15.0000,1.0909,0.6947,4.6633,0.0000,0.7500,0.2500,1.0000,0.0000,4.6632,0.3109,0.7818
4,3,3097,3099,3,2,1,0.6667,3097.615,1134.731,916.000,8.0832,15.0000,1.1538,0.6717,4.6633,0.7500,0.1500,0.1000,0.9487,0.0000,4.6634,0.7772,0.8269
4,3,3098,3099,2,2,1,1.0000,3098.508,539.407,1075.000,9.1715,20.0000,1.3559,0.6512,6.2179,0.0000,0.7500,0.2500,1.0000,0.0000,4.9744,1.2436,0.8475
6,4,3099,3100,2,3,2,0.5000,3099.642,606.037,1020.358,10.2811,17.0000,1.2593,0.5077,5.2854,0.1333,0.2667,0.6000,0.0000,0.7071,4.6636,1.8654,0.7407
4,3,3100,3100,1,2,3,0.6667,3100.000,438.556,1148.889,8.3945,16.0000,1.1852,0.9938,4.9745,0.7576,0.1294,0.1129,0.0000,1.0000,4.0418,0.7773,0.8148
5,3,3100,3102,3,1,3,0.5556,3101.076,502.000,960.576,9.1770,17.0000,1.2879,0.5807,5.2856,0.3318,0.5530,0.1152,0.0000,0.0000,4.9746,1.3991,0.6818
3,3,3100,3100,1,2,2,0.7500,3100.000,888.311,702.667,8.0776,16.0000,1.0667,0.4560,4.9745,0.5333,0.2667,0.2000,0.0000,1.0000,4.9745,1.5545,1.0000
4,3,3101,3102,2,2,2,0.5000,3101.566,666.830,1090.717,8.2394,15.0000,1.1321,0.8551,4.6638,0.5916,0.1015,0.3069,0.7071,0.7071,5.1301,1.8655,0.8302
9,3,3104,3107,4,2,3,0.3750,3105.786,540.179,960.911,11.6089,16.0000,1.2857,1.2306,4.9754,0.7531,0.1025,0.1443,0.8703,0.3701,4.6642,1.2438,0.5446
3,3,3104,3105,2,2,1,0.7500,3104.326,589.674,902.000,7.7194,15.0000,1.0465,0.4604,4.6641,0.5333,0.2667,0.2000,0.7071,0.0000,4.6642,1.2437,1.0000
10,3,3106,3108,3,3,3,0.3704,3107.147,800.457,1174.293,11.4069,16.0000,1.3793,1.0532,4.9755,0.6811,0.1134,0.2055,0.4947,0.6832,3.8870,0.9329,0.3793
4,3,3107,3108,2,2,1,1.0000,3107.549,378.549,1049.000,7.9297,14.0000,1.0980,0.7105,4.3536,0.0000,0.7500,0.2500,1.0000,0.0000,4.0426,0.6219,0.8235
5,3,3108,3109,2,2,2,0.6250,3108.424,937.227,595.303,9.1788,17.0000,1.2879,0.6892,5.2867,0.3432,0.2505,0.4063,0.6059,0.3645,4.6646,1.5549,0.6970
4,3,3109,3111,3,2,1,0.6667,3110.286,417.254,845.000,9.7963,19.0000,1.2063,0.3823,5.9088,0.7500,0.1500,0.1000,0.9487,0.0000,5.1315,1.7104,0.7937
3,3,3111,3113,3,1,1,1.0000,3112.021,690.000,1067.000,8.6190,19.0000,1.1875,0.0208,5.9092,0.8889,0.0000,0.1111,1.0000,0.0000,5.2873,1.5551,1.0000
4,3,3113,3114,2,1,2,1.0000,3113.451,457.000,774.549,7.9311,14.0000,1.0980,0.7105,4.3544,0.0000,0.7500,0.2500,0.0000,0.0000,4.6653,1.2441,0.8235
8,3,3115,3117,3,2,3,0.4444,3116.140,531.420,742.230,10.9973,17.0000,1.3600,0.4989,5.2879,0.2857,0.4561,0.2582,0.7820,0.5405,4.1992,1.8662,0.4800
9,3,3117,3118,2,4,2,0.5625,3117.480,413.167,764.235,10.5762,16.0000,1.4118,0.5943,4.9771,0.6663,0.0662,0.2675,0.1602,0.0794,3.4217,1.2442,0.4314
6,3,3121,3123,3,2,2,0.5000,3122.214,721.129,827.657,8.8909,14.0000,1.2000,0.7031,4.3558,0.5230,0.1584,0.3185,0.9225,0.0898,4.0445,1.2444,0.6000
6,3,3122,3124,3,2,3,0.3333,3123.068,775.405,914.527,9.3993,16.0000,1.2973,1.3308,4.9778,0.8073,0.0348,0.1578,0.6277,0.5513,4.3558,1.5556,0.5946
4,3,3125,3127,3,1,2,0.6667,3125.964,331.000,999.500,8.7124,16.0000,1.1429,0.5013,4.9785,0.7576,0.1294,0.1129,0.8507,0.0000,4.6673,1.4002,0.7857
3,3,3125,3126,2,2,1,0.7500,3125.682,366.659,786.000,7.9044,15.0000,1.0227,0.7319,4.6674,0.5333,0.2667,0.2000,0.7071,0.0000,5.6008,1.4001,1.0000
6,3,3125,3127,3,2,2,0.5000,3126.250,586.724,558.645,9.6544,15.0000,1.1842,1.0269,4.6676,0.4074,0.2455,0.3471,0.9369,0.3292,4.6673,2.1781,0.5789
3,3,3126,3127,2,2,1,0.7500,3126.311,623.378,1012.000,8.0842,17.0000,1.1333,0.6957,5.2897,0.5333,0.2667,0.2000,0.7071,0.0000,4.6675,1.4003,1.0000
3,3,3126,3128,3,1,1,1.0000,3127.000,866.000,1194.000,7.7251,15.0000,1.0465,0.0000,4.6676,0.8889,0.0000,0.1111,1.0000,0.0000,4.6677,1.8670,1.0000
6,3,3128,3129,2,1,3,1.0000,3128.442,451.000,515.013,9.7822,16.0000,1.2468,0.4417,4.9789,0.5556,0.3333,0.1111,0.0000,0.0000,4.3566,1.5559,0.5844
5,3,3128,3129,2,2,2,0.6250,3128.366,1072.873,911.592,9.8808,18.0000,1.2676,0.7072,5.6013,0.3432,0.2505,0.4063,0.6059,0.3645,4.9791,1.8671,0.7183
9,3,3129,3131,3,3,2,0.5000,3130.000,470.283,618.770,11.7220,19.0000,1.5133,0.3649,5.9129,0.0093,0.5191,0.4716,0.0000,0.0000,4.0458,1.2448,0.4336
5,3,3129,3130,2,2,2,0.6250,3129.418,572.866,1079.537,9.3245,16.0000,1.1940,0.8035,4.9792,0.3432,0.2505,0.4063,0.6059,0.3645,4.9791,0.9336,0.6866
4,3,3129,3130,2,2,1,1.0000,3129.473,713.491,919.000,8.5579,15.0000,1.0909,0.6947,4.6679,0.0000,0.7500,0.2500,1.0000,0.0000,4.9791,1.8671,0.7818
8,4,3131,3133,3,4,2,0.3333,3132.469,430.221,1023.646,12.4341,20.0000,1.4159,0.6279,6.2245,0.3437,0.4316,0.2247,0.3046,0.2718,4.6685,1.2448,0.6283
4,3,3131,3133,3,2,1,0.6667,3131.947,786.246,952.000,8.8699,18.0000,1.2632,0.2512,5.6020,0.5357,0.3214,0.1429,1.0000,0.0000,4.6683,1.5560,0.8070
4,3,3133,3134,2,1,2,1.0000,3133.576,858.000,392.576,9.1816,18.0000,1.2203,0.5992,5.6024,0.0000,0.7500,0.2500,0.0000,0.0000,5.2911,0.9338,0.8475
4,3,3134,3135,2,1,2,1.0000,3134.436,892.000,1076.455,8.5594,16.0000,1.1636,0.6301,4.9799,0.0000,0.7500,0.2500,0.0000,0.0000,4.8244,1.0894,0.8182
8,4,3135,3138,4,2,2,0.5000,3136.864,309.631,646.893,11.3353,18.0000,1.3981,0.4074,5.6029,0.6860,0.1469,0.1671,0.9914,0.0730,4.5135,0.9338,0.5922
4,3,3136,3137,2,2,1,1.0000,3136.527,251.473,827.000,8.5599,15.0000,1.0909,0.6685,4.6691,0.0000,0.7500,0.2500,1.0000,0.0000,4.6690,1.7120,0.7818
4,3,3137,3138,2,2,2,0.5000,3137.827,601.731,1074.712,8.0933,15.0000,1.1538,0.7802,4.6693,0.0000,0.5625,0.4375,0.4459,0.5774,4.6693,1.7120,0.8269
3,3,3137,3139,3,1,1,1.0000,3138.021,817.000,502.000,8.6266,17.0000,1.0625,0.0208,5.2918,0.8889,0.0000,0.1111,1.0000,0.0000,5.6033,2.4902,1.0000
4,3,3138,3139,2,2,2,0.5000,3138.275,212.549,516.176,7.9378,14.0000,1.0980,0.6387,4.3581,0.5916,0.1015,0.3069,0.5000,0.5000,4.9805,1.4008,0.8235
9,3,3138,3141,4,2,2,0.5625,3139.457,480.724,602.410,10.8954,17.0000,1.4571,0.6730,5.2920,0.4952,0.1976,0.3072,0.9965,0.0823,3.7354,0.9339,0.4571
6,3,3140,3142,3,2,1,1.0000,3141.052,478.545,869.000,9.7861,18.0000,1.4026,0.4575,5.6036,0.5556,0.3333,0.1111,1.0000,0.0000,4.3583,1.0896,0.6234
5,3,3141,3142,2,3,1,0.8333,3141.438,501.734,296.000,8.9104,15.0000,1.1719,0.5118,4.6697,0.5854,0.2927,0.1220,0.3162,0.0000,4.6698,0.6226,0.6719
6,3,3141,3143,3,2,2,0.5000,3141.693,850.466,820.886,11.1843,19.0000,1.2955,0.8429,5.9149,0.6373,0.1269,0.2358,0.8795,0.0724,5.6038,2.1792,0.6136
5,3,3144,3145,2,2,2,0.6250,3144.627,242.836,820.582,9.3288,17.0000,1.2687,0.5838,5.2929,0.3432,0.2505,0.4063,0.6059,0.3645,4.6701,1.8680,0.6716
4,3,3146,3148,3,2,1,0.6667,3147.000,394.820,1055.000,9.4964,17.0000,1.1148,1.0161,5.2932,0.5357,0.3214,0.1429,1.0000,0.0000,5.4487,1.2454,0.8197
4,4,3148,3149,2,1,2,1.0000,3148.492,425.000,835.476,9.8081,17.0000,1.0794,0.6962,5.2933,0.0000,0.7500,0.2500,0.0000,0.0000,5.2932,1.4012,1.0000
11,3,3148,3150,3,3,3,0.4074,3149.111,808.921,1196.167,11.8292,17.0000,1.4841,0.2155,5.2933,0.3849,0.2571,0.3580,0.7874,0.1465,4.0478,1.2455,0.3571
4,3,3152,3153,2,2,1,1.0000,3152.564,362.564,756.000,8.5633,17.0000,1.2364,0.6171,5.2937,0.0000,0.7500,0.2500,1.0000,0.0000,4.9822,1.2456,0.8182
4,3,3152,3153,2,1,2,1.0000,3152.544,606.000,985.421,8.8747,17.0000,1.1930,0.6208,5.2937,0.0000,0.7500,0.2500,0.0000,0.0000,4.9823,1.0899,0.8246
4,3,3153,3154,2,1,2,1.0000,3153.547,634.000,1257.453,8.2520,15.0000,1.1321,0.6404,4.6710,0.0000,0.7500,0.2500,0.0000,0.0000,4.6710,0.9342,0.8113
6,3,3154,3156,3,3,2,0.3333,3155.403,780.028,788.319,9.1534,15.0000,1.2500,0.6779,4.6711,0.6117,0.2011,0.1872,0.7734,0.2698,4.2040,1.2456,0.5972
3,3,3156,3157,2,1,2,0.7500,3156.667,452.000,939.667,7.5513,14.0000,1.0000,0.7454,4.3598,0.5333,0.2667,0.2000,0.7071,0.0000,4.9826,1.7128,1.0000
4,3,3156,3157,2,1,2,1.0000,3156.444,633.000,838.444,8.4081,16.0000,1.1852,0.6285,4.9825,0.0000,0.7500,0.2500,0.0000,0.0000,4.6711,0.6228,0.8148
3,3,3158,3160,3,1,1,1.0000,3158.980,883.000,476.000,9.1697,18.0000,1.0588,0.0196,5.6056,0.8889,0.0000,0.1111,1.0000,0.0000,5.9169,1.8685,1.0000
3,3,3159,3160,2,2,1,0.7500,3159.638,559.660,1142.000,8.4506,17.0000,1.0851,0.7234,5.2941,0.5333,0.2667,0.2000,0.7071,0.0000,5.2942,1.8685,1.0000
8,4,3162,3164,3,3,2,0.4444,3163.187,222.972,734.664,11.7815,20.0000,1.4953,0.3859,6.2286,0.5651,0.0457,0.3892,0.9498,0.3090,4.5157,0.9343,0.5888
9,3,3166,3168,3,3,2,0.5000,3166.882,451.555,817.327,11.4193,16.0000,1.3091,0.5652,4.9830,0.2059,0.4550,0.3392,0.7188,0.0195,4.0486,1.2457,0.4091
8,3,3167,3170,4,2,3,0.3333,3168.433,435.673,844.346,11.4513,18.0000,1.3846,0.9253,5.6058,0.6796,0.1757,0.1447,0.7763,0.1937,4.5158,1.4015,0.4423
5,3,3167,3168,2,2,2,0.6250,3167.369,468.569,916.154,9.0531,17.0000,1.3077,0.5878,5.2944,0.3432,0.2505,0.4063,0.6059,0.3645,4.9830,1.5572,0.6923
5,3,3168,3170,3,1,2,0.8333,3168.774,1050.000,1090.532,8.6352,15.0000,1.2097,0.5782,4.6715,0.5854,0.2927,0.1220,0.9487,0.0000,4.6715,1.0900,0.7097
6,3,3170,3172,3,2,1,1.0000,3171.137,513.500,676.000,10.1714,18.0000,1.3500,0.9969,5.6058,0.5556,0.3333,0.1111,1.0000,0.0000,4.3601,1.5572,0.5875
3,3,3171,3172,2,2,1,0.7500,3171.348,472.652,850.000,8.2711,16.0000,1.0435,0.7391,4.9830,0.5333,0.2667,0.2000,0.7071,0.0000,5.4501,1.2457,1.0000
4,3,3173,3174,2,2,2,0.5000,3173.719,492.772,833.754,8.8759,16.0000,1.1228,0.7936,4.9829,0.0000,0.5625,0.4375,0.4459,0.5774,4.6715,1.5572,0.7719
5,4,3173,3175,3,1,2,0.8333,3174.211,747.000,970.648,9.8887,16.0000,1.1268,0.4106,4.9829,0.5854,0.2927,0.1220,0.9487,0.0000,4.9829,0.9343,0.8592
6,3,3177,3179,3,2,2,0.5000,3178.366,594.463,763.146,10.4254,18.0000,1.3171,0.6083,5.6057,0.6373,0.1269,0.2358,0.8795,0.0724,4.3600,0.7786,0.5732
3,3,3177,3178,2,1,2,0.7500,3177.673,644.000,965.286,8.8103,19.0000,1.1633,0.4339,5.9171,0.5333,0.2667,0.2000,0.7071,0.0000,5.2943,1.8686,1.0000
4,3,3179,3181,3,2,1,0.6667,3179.963,501.519,813.000,8.4084,14.0000,1.0370,1.0766,4.3599,0.7576,0.1294,0.1129,0.8507,0.0000,4.6713,1.8685,0.7778
6,3,3179,3180,2,2,3,0.5000,3179.653,704.520,947.000,9.5354,16.0000,1.2800,0.5921,4.9828,0.4412,0.1872,0.3716,0.0000,0.0000,4.3599,1.7128,0.6000
5,3,3180,3182,3,2,1,0.8333,3180.968,798.714,650.000,8.7741,16.0000,1.2698,1.0095,4.9828,0.6340,0.2717,0.0943,1.0000,0.0000,4.6713,1.5571,0.7143
6,3,3181,3182,2,2,3,0.5000,3181.641,914.321,566.128,9.9166,17.0000,1.3077,0.7281,5.2941,0.6381,0.1455,0.2164,0.4962,0.8522,3.5813,1.2457,0.5897
8,3,3182,3184,3,2,2,0.6667,3182.978,426.380,1003.207,10.1294,15.0000,1.3043,0.4334,4.6712,0.4961,0.2369,0.2670,0.9586,0.0986,3.8927,1.2457,0.4783
3,3,3182,3183,2,2,1,0.7500,3182.356,535.689,723.000,8.0908,16.0000,1.0667,0.7156,4.9826,0.5333,0.2667,0.2000,0.7071,0.0000,5.2941,1.5571,1.0000
3,3,3182,3184,3,1,1,1.0000,3183.000,1037.000,995.000,8.4504,17.0000,1.0851,0.0000,5.2940,0.8889,0.0000,0.1111,1.0000,0.0000,4.9827,1.5571,1.0000
7,3,3185,3188,4,2,2,0.4375,3186.602,853.716,439.750,10.3575,16.0000,1.2727,0.5490,4.9824,0.6801,0.1680,0.1519,0.9328,0.2851,4.0482,1.7127,0.5227
7,3,3185,3187,3,2,3,0.3889,3185.729,942.306,772.435,10.0045,16.0000,1.3176,0.5969,4.9825,0.6470,0.1845,0.1685,0.6530,0.4508,3.7368,1.7127,0.5412
4,3,3189,3190,2,2,2,0.5000,3189.481,423.185,762.741,8.4076,16.0000,1.1852,0.6086,4.9822,0.5916,0.1015,0.3069,0.7071,0.7071,4.9823,2.1797,0.8148
9,3,3190,3193,4,2,2,0.5625,3191.688,693.908,1155.468,11.3135,16.0000,1.3211,1.3959,4.9820,0.7680,0.1244,0.1077,0.9903,0.1001,3.7365,0.9341,0.4128
3,3,3191,3192,2,2,1,0.7500,3191.326,935.674,1005.000,7.7304,15.0000,1.0465,0.4604,4.6708,0.5333,0.2667,0.2000,0.7071,0.0000,4.6708,0.7784,1.0000
7,4,3192,3194,3,3,2,0.3889,3192.930,753.826,850.442,10.1213,14.0000,1.1395,0.9390,4.3593,0.5347,0.2774,0.1879,0.6008,0.3730,4.9819,1.2455,0.6512
4,3,3194,3195,2,2,1,1.0000,3194.519,297.426,898.000,8.4069,17.0000,1.2593,0.6710,5.2933,0.0000,0.7500,0.2500,1.0000,0.0000,4.6705,0.6227,0.8333
5,3,3194,3196,3,3,1,0.5556,3194.818,448.045,1056.000,9.1903,17.0000,1.2879,0.1874,5.2932,0.5532,0.3398,0.1070,0.8281,0.0000,4.6704,1.2455,0.6818
3,3,3194,3195,2,2,1,0.7500,3194.333,457.292,911.000,8.6289,18.0000,1.1250,0.4429,5.6047,0.5333,0.2667,0.2000,0.7071,0.0000,5.2932,1.8682,1.0000
3,3,3195,3197,3,1,1,1.0000,3195.957,581.000,637.000,8.2692,16.0000,1.0435,0.9565,4.9819,0.8889,0.0000,0.1111,1.0000,0.0000,5.2931,1.8681,1.0000
7,3,3197,3199,3,3,2,0.3889,3197.859,399.261,686.870,10.8265,21.0000,1.5978,0.3241,6.5383,0.7514,0.0882,0.1604,0.7791,0.1005,4.0476,0.7784,0.5435
3,3,3198,3199,2,1,2,0.7500,3198.311,531.000,1185.644,8.0891,16.0000,1.0667,0.7156,4.9816,0.5333,0.2667,0.2000,0.7071,0.0000,5.2929,1.8681,1.0000
4,3,3198,3199,2,1,2,1.0000,3198.528,746.000,1143.547,8.2507,15.0000,1.1321,0.6958,4.6702,0.0000,0.7500,0.2500,0.0000,0.0000,4.6702,1.5567,0.8113
5,3,3198,3200,3,1,2,0.8333,3198.692,780.000,1146.385,9.0505,16.0000,1.2308,0.9263,4.9816,0.5854,0.2927,0.1220,0.9487,0.0000,4.6702,0.6227,0.7077
5,4,3201,3203,3,1,2,0.8333,3201.880,651.000,1115.600,10.4422,18.0000,1.2000,0.4176,5.6039,0.5854,0.2927,0.1220,0.9487,0.0000,5.9151,1.4010,0.8533
7,3,3205,3207,3,2,2,0.5833,3206.012,680.233,1082.547,10.1188,14.0000,1.1395,0.5940,4.3582,0.4296,0.3471,0.2233,0.9305,0.2273,4.6696,1.2452,0.4884
4,3,3206,3207,2,2,2,0.5000,3206.446,1044.821,910.750,8.7164,17.0000,1.2143,0.5419,5.2921,0.5916,0.1015,0.3069,0.7071,0.7071,4.8251,0.9339,0.8214
3,3,3210,3212,3,1,1,1.0000,3211.067,233.000,973.000,8.0870,17.0000,1.1333,0.9333,5.2914,0.8889,0.0000,0.1111,1.0000,0.0000,4.9804,1.8676,1.0000
5,4,3214,3216,3,2,1,0.8333,3214.768,490.638,901.000,9.6042,15.0000,1.0870,0.9983,4.6687,0.5854,0.2927,0.1220,0.9487,0.0000,4.9799,1.5562,0.8551
6,4,3215,3216,2,1,4,0.7500,3215.688,556.000,1061.545,9.7837,15.0000,1.1688,0.8782,4.6686,0.6944,0.2222,0.0833,0.0000,0.0000,4.3573,0.3112,0.7532
5,4,3221,3222,2,1,3,0.8333,3221.536,568.000,1148.304,9.6027,16.0000,1.1594,0.6166,4.9791,0.5854,0.2927,0.1220,0.3162,0.0000,4.6678,1.2448,0.8696
6,3,3221,3222,2,2,3,0.5000,3221.368,715.289,1143.197,9.6553,16.0000,1.2632,0.5084,4.9791,0.6381,0.1455,0.2164,0.3327,0.3629,4.8235,1.8671,0.5789
7,3,3225,3227,3,2,2,0.5833,3225.788,295.412,738.894,9.9966,16.0000,1.3176,0.8956,4.9787,0.5916,0.2044,0.2040,0.9664,0.1591,3.7338,1.5558,0.5294
6,3,3227,3229,3,1,2,1.0000,3227.972,938.000,682.542,9.1457,14.0000,1.1667,1.0748,4.3561,0.5556,0.3333,0.1111,1.0000,0.0000,4.2004,1.2446,0.5833
4,4,3235,3236,2,2,1,1.0000,3235.508,216.492,862.000,9.1773,16.0000,1.0847,0.6951,4.9775,0.0000,0.7500,0.2500,1.0000,0.0000,4.8220,1.5555,1.0000
7,4,3236,3238,3,3,2,0.3889,3237.011,191.753,556.899,10.4645,16.0000,1.2584,0.7597,4.9774,0.6816,0.1457,0.1727,0.8400,0.3030,4.9773,1.8665,0.6854
5,3,3236,3237,2,2,2,0.6250,3236.400,855.692,899.769,9.0430,15.0000,1.1538,0.9200,4.6664,0.3432,0.2505,0.4063,0.6059,0.3645,5.2885,1.8665,0.6923
5,3,3238,3240,3,2,1,0.8333,3238.912,159.618,665.000,9.4599,17.0000,1.2500,0.6239,5.2882,0.5854,0.2927,0.1220,0.9487,0.0000,4.0439,-0.0000,0.7059
5,3,3238,3240,3,1,2,0.8333,3239.271,490.000,882.414,9.7381,16.0000,1.1429,0.6455,4.9772,0.5854,0.2927,0.1220,0.9487,0.0000,5.2882,1.7109,0.6714
5,3,3238,3240,3,1,2,0.8333,3238.870,519.000,776.667,9.5990,16.0000,1.1594,1.1786,4.9771,0.5854,0.2927,0.1220,0.9487,0.0000,4.3550,0.3111,0.6667
6,3,3241,3243,3,2,1,1.0000,3241.879,572.593,489.000,11.5560,21.0000,1.3846,0.9686,6.5323,0.5556,0.3333,0.1111,1.0000,0.0000,4.8214,1.5553,0.6044
4,3,3245,3246,2,2,1,1.0000,3245.538,485.558,869.000,8.0870,15.0000,1.1538,0.6968,4.6656,0.0000,0.7500,0.2500,1.0000,0.0000,4.3545,1.0886,0.8269
4,3,3245,3246,2,2,1,1.0000,3245.429,743.571,592.000,8.7091,17.0000,1.2143,0.6061,5.2877,0.0000,0.7500,0.2500,1.0000,0.0000,4.9766,1.8663,0.8393
3,3,3247,3248,2,2,1,0.7500,3247.348,454.674,840.000,8.2604,16.0000,1.0435,0.7292,4.9765,0.5333,0.2667,0.2000,0.7071,0.0000,5.2875,1.7107,1.0000
3,3,3252,3253,2,2,1,0.7500,3252.341,536.318,805.000,7.9008,15.0000,1.0227,0.4663,4.6652,0.5333,0.2667,0.2000,0.7071,0.0000,4.9762,0.7775,1.0000
5,3,3253,3254,2,2,2,0.6250,3253.636,580.621,939.833,9.1798,16.0000,1.2121,0.5509,4.9761,0.3432,0.2505,0.4063,0.6059,0.3645,4.6652,1.2440,0.6818
7,3,3255,3257,3,3,2,0.3889,3256.321,443.798,860.786,9.8740,15.0000,1.2500,0.8862,4.6650,0.2843,0.4935,0.2222,0.8778,0.4790,4.3540,0.9330,0.5238
5,4,3255,3257,3,1,2,0.8333,3255.836,611.000,906.644,10.1532,19.0000,1.3014,0.3923,5.9090,0.5854,0.2927,0.1220,0.9487,0.0000,4.9760,1.2440,0.8356
8,4,3256,3258,3,3,2,0.4444,3257.314,605.095,775.200,11.5453,18.0000,1.3714,0.3845,5.5980,0.5871,0.1225,0.2904,0.6652,0.4735,4.6650,0.6220,0.6095
6,3,3257,3259,3,2,2,0.5000,3258.355,603.829,696.539,9.6493,15.0000,1.1842,0.6682,4.6650,0.6373,0.1269,0.2358,0.8795,0.0724,4.6649,1.3995,0.5658
7,3,3259,3261,3,2,3,0.3889,3260.154,499.275,696.055,10.6966,19.0000,1.4615,0.3196,5.9089,0.4888,0.1571,0.3542,0.7058,0.4587,4.0429,1.3995,0.5275
4,3,3260,3261,2,2,1,1.0000,3260.556,437.519,561.000,8.3968,16.0000,1.1852,0.6829,4.9759,0.0000,0.7500,0.2500,1.0000,0.0000,4.6649,0.9330,0.8148
5,3,3261,3262,2,2,2,0.6250,3261.554,1039.154,603.369,9.0402,16.0000,1.2308,0.5992,4.9758,0.3432,0.2505,0.4063,0.6059,0.3645,4.6649,0.6220,0.6923
6,3,3262,3264,3,3,1,0.6667,3262.795,234.013,546.000,9.9029,15.0000,1.1538,0.2055,4.6648,0.6944,0.2222,0.0833,0.6000,0.0000,4.8203,1.7104,0.5513
5,3,3263,3264,2,2,2,0.6250,3263.412,613.838,822.382,9.4573,16.0000,1.1765,0.7200,4.9758,0.3432,0.2505,0.4063,0.6059,0.3645,4.9758,1.3994,0.6618
6,3,3265,3266,2,2,3,0.5000,3265.338,990.865,619.595,9.3950,15.0000,1.2162,0.6971,4.6648,0.5034,0.2551,0.2415,0.1128,0.4328,4.3538,1.7104,0.5946
4,3,3266,3269,4,1,1,1.0000,3267.339,380.000,1116.000,8.7075,16.0000,1.1429,1.3393,4.9758,0.9375,0.0000,0.0625,1.0000,0.0000,4.3538,0.1555,0.8214
5,3,3266,3268,3,2,2,0.4167,3266.939,892.167,765.227,9.1790,15.0000,1.1364,0.9808,4.6648,0.4138,0.1655,0.4207,1.0000,0.0000,4.6648,1.5549,0.6667
5,3,3267,3269,3,3,1,0.5556,3268.212,305.242,620.000,9.1790,18.0000,1.3636,0.3221,5.5977,0.8123,0.1108,0.0769,0.7071,0.0000,4.6647,1.2439,0.7273
8,5,3268,3270,3,2,3,0.4444,3268.712,558.631,1034.730,12.2043,20.0000,1.4414,0.5409,6.2196,0.1733,0.4705,0.3561,0.8342,0.4856,4.6647,1.2439,0.7027
4,3,3270,3271,2,1,2,1.0000,3270.509,471.000,828.421,8.8630,18.0000,1.2632,0.6604,5.5977,0.0000,0.7500,0.2500,0.0000,0.0000,4.8202,1.2439,0.8246
8,4,3271,3273,3,3,2,0.4444,3271.710,660.047,980.383,11.7645,18.0000,1.3458,0.8084,5.5977,0.5735,0.1397,0.2868,0.6268,0.4164,4.6647,1.5549,0.5888
6,4,3272,3273,2,2,3,0.5000,3272.500,476.110,882.817,10.4105,18.0000,1.3171,0.5436,5.5976,0.3810,0.3333,0.2857,0.3162,0.5071,4.6647,0.6220,0.7317
5,3,3273,3274,2,2,2,0.6250,3273.328,610.391,678.781,8.9007,15.0000,1.1719,0.7258,4.6647,0.3432,0.2505,0.4063,0.6059,0.3645,4.9757,1.5549,0.6719
5,3,3273,3275,3,2,1,0.8333,3273.789,749.380,566.000,9.8743,19.0000,1.3380,0.4350,5.9086,0.5854,0.2927,0.1220,0.9487,0.0000,4.6647,0.6220,0.6761
3,3,3276,3277,2,1,2,0.7500,3276.682,704.000,576.341,7.8999,15.0000,1.0227,0.4663,4.6647,0.5333,0.2667,0.2000,0.7071,0.0000,4.9756,2.3323,1.0000
7,3,3278,3280,3,3,2,0.3889,3278.585,637.390,827.220,9.6381,15.0000,1.2805,0.6102,4.6646,0.5007,0.2532,0.2461,0.6828,0.3177,4.3537,1.2439,0.5244
5,3,3280,3282,3,2,1,0.8333,3280.708,925.615,811.000,9.0397,15.0000,1.1538,0.8055,4.6646,0.5854,0.2927,0.1220,0.9487,0.0000,4.0427,1.8658,0.6769
6,3,3281,3283,3,2,2,0.5000,3282.329,435.165,632.544,10.0294,16.0000,1.2152,0.5857,4.9756,0.6373,0.1269,0.2358,0.8795,0.0724,4.5091,1.5549,0.5696
4,3,3283,3285,3,2,1,0.6667,3283.786,284.821,745.000,8.7072,16.0000,1.1429,0.8058,4.9756,0.7500,0.1500,0.1000,0.9487,0.0000,4.9755,0.9329,0.8214
7,4,3288,3290,3,2,2,0.5833,3289.086,497.559,557.097,10.9306,17.0000,1.2796,0.5739,5.2864,0.4600,0.2645,0.2756,1.0000,0.0000,4.9754,1.5548,0.6774
5,3,3293,3295,3,1,2,0.8333,3294.266,527.000,932.609,8.9000,14.0000,1.0937,0.4724,4.3533,0.5854,0.2927,0.1220,0.9487,0.0000,4.6642,0.6219,0.6562
8,3,3293,3294,2,3,2,0.6667,3293.639,689.784,528.392,10.6641,17.0000,1.4021,0.5749,5.2862,0.3704,0.0753,0.5544,0.1349,0.6941,3.8869,1.5548,0.4845
5,3,3296,3297,2,2,2,0.6250,3296.343,428.433,953.313,9.3170,17.0000,1.2687,0.6352,5.2861,0.2938,0.4054,0.3007,0.0000,0.3029,4.6642,1.5547,0.6866
4,3,3296,3297,2,2,1,1.0000,3296.444,637.574,403.000,8.3955,16.0000,1.1852,0.6156,4.9752,0.0000,0.7500,0.2500,1.0000,0.0000,4.8197,0.9328,0.8333
6,3,3299,3301,3,4,1,0.5000,3300.247,411.532,664.000,9.7742,17.0000,1.3247,0.8865,5.2858,0.7556,0.1778,0.0667,0.5145,0.0000,4.5085,1.5547,0.5844
3,3,3299,3301,3,1,1,1.0000,3300.000,490.000,830.000,7.7193,15.0000,1.0465,0.0000,4.6640,0.8889,0.0000,0.1111,1.0000,0.0000,4.6641,1.2437,1.0000
17,5,3301,3305,5,4,4,0.2125,3302.771,803.110,955.564,16.4393,24.0000,1.8716,0.8921,7.4622,0.4519,0.4047,0.1434,0.7106,0.1981,3.7310,1.5546,0.4174
4,3,3302,3303,2,2,1,1.0000,3302.574,548.426,518.000,8.3949,17.0000,1.2593,0.6024,5.2857,0.0000,0.7500,0.2500,1.0000,0.0000,4.9748,1.5546,0.8333
7,4,3304,3306,3,3,2,0.3889,3304.667,451.011,552.563,10.2237,15.0000,1.2069,0.7971,4.6638,0.4756,0.1856,0.3387,0.8983,0.4394,4.9745,1.7100,0.6782
4,3,3306,3307,2,2,1,1.0000,3306.414,382.586,696.000,9.0163,19.0000,1.3103,0.5852,5.9072,0.0000,0.7500,0.2500,1.0000,0.0000,4.9745,1.5545,0.8448
3,3,3309,3311,3,1,1,1.0000,3310.021,179.000,755.000,8.4360,18.0000,1.1489,0.0213,5.5960,0.8889,0.0000,0.1111,1.0000,0.0000,5.2850,1.0881,1.0000
8,3,3311,3314,4,2,3,0.3333,3312.312,1046.719,747.750,10.5514,17.0000,1.4167,0.8598,5.2849,0.6960,0.1832,0.1208,0.8697,0.2753,3.7304,1.0880,0.4896
4,3,3312,3313,2,2,2,0.5000,3312.263,466.193,1065.246,8.8599,17.0000,1.1930,0.4084,5.2849,0.0000,0.5625,0.4375,0.4459,0.5774,5.1294,2.1761,0.8070
4,3,3312,3313,2,1,2,1.0000,3312.500,468.000,930.431,9.0153,19.0000,1.3103,0.6601,5.9066,0.0000,0.7500,0.2500,0.0000,0.0000,5.1293,2.1761,0.8276
4,3,3313,3314,2,2,1,1.0000,3313.429,558.429,281.000,9.7923,19.0000,1.2063,0.6061,5.9065,0.0000,0.7500,0.2500,1.0000,0.0000,5.2847,0.7772,0.8413
4,4,3314,3315,2,1,2,1.0000,3314.492,917.000,876.525,9.4812,17.0000,1.1148,0.6840,5.2847,0.0000,0.7500,0.2500,0.0000,0.0000,5.1291,1.2434,1.0000
4,3,3315,3316,2,1,2,1.0000,3315.455,868.000,744.564,8.5485,16.0000,1.1636,0.6985,4.9736,0.0000,0.7500,0.2500,0.0000,0.0000,4.9737,2.4867,0.8364
4,3,3318,3319,2,2,1,1.0000,3318.508,249.576,674.000,9.1696,19.0000,1.2881,0.6490,5.9058,0.0000,0.7500,0.2500,1.0000,0.0000,4.1963,0.9325,0.8136
4,3,3320,3321,2,2,1,1.0000,3320.550,289.500,875.000,9.3246,17.0000,1.1333,0.6727,5.2839,0.0000,0.7500,0.2500,1.0000,0.0000,4.9731,1.2432,0.7833
4,3,3322,3323,2,3,1,0.6667,3322.451,536.902,835.000,7.9256,14.0000,1.0980,1.0084,4.3513,0.7576,0.1294,0.1129,0.5257,0.0000,4.9729,1.8648,0.8235
3,3,3332,3333,2,2,1,0.7500,3332.714,314.367,849.000,8.7908,18.0000,1.1020,0.6942,5.5932,0.5333,0.2667,0.2000,0.7071,0.0000,5.5932,1.3983,1.0000
5,3,3333,3335,3,2,2,0.4167,3334.047,507.453,947.141,8.8935,15.0000,1.1719,0.4768,4.6609,0.5461,0.2256,0.2283,0.8117,0.4177,4.6608,1.8644,0.6875
12,3,3335,3337,3,2,4,0.5000,3335.943,532.557,564.600,12.5574,17.0000,1.4571,1.2937,5.2820,0.5832,0.2093,0.2075,0.6026,0.3957,3.5732,1.2428,0.4286
5,3,3336,3338,3,2,2,0.4167,3336.531,549.391,682.172,8.8931,16.0000,1.2500,0.6339,4.9713,0.6999,0.1281,0.1720,0.8684,0.1395,4.6607,0.6214,0.6875
4,3,3337,3339,3,2,1,0.6667,3337.824,267.176,558.000,7.9229,14.0000,1.0980,0.8422,4.3499,0.7500,0.1500,0.1000,0.9487,0.0000,4.6605,1.0875,0.8235
4,3,3338,3339,2,1,2,1.0000,3338.464,531.000,906.500,8.6996,16.0000,1.1429,0.6823,4.9712,0.0000,0.7500,0.2500,0.0000,0.0000,4.6605,1.7089,0.7857
6,3,3340,3342,3,3,2,0.3333,3340.848,239.038,624.861,10.0201,17.0000,1.2911,0.2095,5.2816,0.5384,0.1347,0.3269,0.8322,0.1385,4.8156,2.1748,0.5949
5,3,3340,3342,3,1,2,0.8333,3340.750,354.000,805.417,10.0039,17.0000,1.1806,0.4859,5.2816,0.5854,0.2927,0.1220,0.9487,0.0000,4.9711,2.1747,0.6806
4,3,3341,3343,3,1,2,0.6667,3342.075,750.000,962.472,8.2330,15.0000,1.1321,0.5337,4.6602,0.7576,0.1294,0.1129,0.8507,0.0000,4.6602,2.1747,0.8113
5,3,3344,3346,3,2,2,0.4167,3344.955,225.136,782.455,9.1696,16.0000,1.2121,0.4767,4.9706,0.5461,0.2256,0.2283,0.8117,0.4177,4.6601,1.5533,0.6970
10,3,3350,3353,4,3,3,0.2778,3351.227,644.234,864.039,12.5737,18.0000,1.4062,0.8091,5.5914,0.4730,0.3795,0.1475,0.8241,0.0205,4.3490,0.9319,0.4922
5,3,3352,3353,2,2,3,0.4167,3352.222,919.365,806.016,8.7520,16.0000,1.2698,0.4277,4.9702,0.5461,0.2256,0.2283,0.1201,0.5647,4.9701,2.0191,0.6984
5,3,3354,3356,3,2,1,0.8333,3355.242,402.484,397.000,8.6128,15.0000,1.2097,0.5700,4.6594,0.5854,0.2927,0.1220,0.9487,0.0000,4.6594,1.2425,0.7097
5,3,3354,3356,3,1,2,0.8333,3354.692,836.000,903.585,9.0296,15.0000,1.1538,0.8074,4.6594,0.5854,0.2927,0.1220,0.9487,0.0000,4.6594,1.2425,0.6615
8,3,3360,3363,4,2,2,0.5000,3361.227,500.247,1136.412,10.6524,17.0000,1.4021,0.6767,5.2804,0.7888,0.0442,0.1670,0.9171,0.1008,4.3486,1.0871,0.4639
7,3,3361,3364,4,2,2,0.4375,3362.554,417.250,997.283,10.8008,16.0000,1.2174,1.4941,4.9697,0.6801,0.1680,0.1519,0.9328,0.2851,4.0380,1.8637,0.5000
3,3,3362,3364,3,1,1,1.0000,3363.045,835.000,811.000,7.8906,16.0000,1.0909,0.9545,4.9697,0.8889,0.0000,0.1111,1.0000,0.0000,4.6592,1.3977,1.0000
6,3,3367,3368,2,3,1,1.0000,3367.450,509.850,851.000,10.1444,18.0000,1.3500,0.9618,5.5909,0.5556,0.3333,0.1111,0.0000,0.0000,4.6591,1.2424,0.6125
6,3,3368,3370,3,2,2,0.5000,3368.986,692.459,1120.459,9.3835,16.0000,1.2973,0.6499,4.9697,0.6168,0.1058,0.2774,0.7071,0.7071,4.3485,1.5530,0.6081
8,3,3373,3375,3,3,2,0.4444,3374.020,364.307,738.911,11.0914,18.0000,1.4257,0.6991,5.5909,0.2862,0.4811,0.2328,0.9609,0.1997,3.8826,1.3977,0.4851
5,3,3375,3377,3,2,2,0.4167,3376.242,381.848,479.636,9.1680,17.0000,1.2879,0.4626,5.2803,0.7729,0.0435,0.1836,0.8328,0.5477,4.3485,0.6212,0.7121
7,3,3376,3379,4,2,2,0.4375,3377.465,945.233,867.395,10.0964,17.0000,1.3837,0.6532,5.2804,0.7764,0.0638,0.1598,0.8790,0.1860,4.0379,1.5530,0.5349
8,3,3377,3380,4,2,3,0.3333,3378.210,581.300,691.420,10.9818,20.0000,1.6000,1.1360,6.2122,0.7605,0.1378,0.1018,0.8568,0.3426,4.0379,2.0190,0.4800
10,3,3384,3386,3,2,3,0.5556,3385.200,145.367,884.317,11.7873,16.0000,1.3333,0.5241,4.9699,0.2110,0.3825,0.4065,0.9713,0.2325,3.4168,0.9319,0.4833
4,3,3386,3388,3,1,2,0.6667,3387.173,422.000,615.827,8.0763,15.0000,1.1538,0.2448,4.6594,0.7500,0.1500,0.1000,0.9487,0.0000,4.6594,1.2425,0.8269
9,3,3388,3390,3,3,2,0.5000,3388.667,455.157,869.194,11.1826,17.0000,1.4167,0.4168,5.2807,0.5808,0.2190,0.2002,0.7542,0.1614,4.0381,1.8637,0.4352
7,3,3388,3391,4,2,2,0.4375,3389.143,483.692,557.121,10.6840,16.0000,1.2308,0.3601,4.9701,0.7514,0.0882,0.1604,0.9757,0.1283,4.6594,1.0872,0.5165
4,3,3388,3390,3,1,2,0.6667,3389.094,585.000,812.434,8.2317,16.0000,1.2075,0.4441,4.9701,0.7576,0.1294,0.1129,0.8507,0.0000,4.6595,1.2425,0.8302
5,3,3388,3390,3,1,2,0.8333,3389.306,783.000,995.629,8.6129,15.0000,1.2097,0.7865,4.6595,0.5854,0.2927,0.1220,0.9487,0.0000,4.6594,1.0872,0.6935
4,3,3390,3392,3,2,1,0.6667,3391.016,501.246,858.000,9.4743,19.0000,1.2459,0.2464,5.9020,0.5357,0.3214,0.1429,1.0000,0.0000,4.5042,1.5532,0.7869
5,3,3393,3395,3,2,1,0.8333,3393.768,478.522,829.000,9.5857,18.0000,1.3043,0.5709,5.5915,0.5854,0.2927,0.1220,0.9487,0.0000,4.9702,1.3979,0.6957
5,3,3398,3400,3,2,2,0.4167,3398.857,707.129,858.457,9.7250,19.0000,1.3571,0.5759,5.9024,0.7729,0.0435,0.1836,0.8328,0.5477,4.9704,0.9320,0.6857
4,3,3400,3401,2,2,1,1.0000,3400.464,875.464,463.000,8.6985,16.0000,1.1429,0.6566,4.9705,0.0000,0.7500,0.2500,1.0000,0.0000,4.9705,1.5533,0.7857
6,3,3401,3403,3,1,3,0.6667,3401.782,821.000,745.333,9.8926,18.0000,1.3846,0.3983,5.5919,0.2083,0.6667,0.1250,0.4472,0.0000,4.3493,1.5533,0.6026
3,3,3405,3406,2,2,1,0.7500,3405.674,514.674,565.000,7.7128,15.0000,1.0465,0.4604,4.6601,0.5333,0.2667,0.2000,0.7071,0.0000,4.9708,1.8641,1.0000
4,3,3406,3407,2,3,1,0.6667,3406.444,217.074,639.000,8.3883,16.0000,1.1852,0.4506,4.9708,0.7576,0.1294,0.1129,0.5257,0.0000,4.3495,1.7087,0.8148
5,3,3407,3409,3,2,1,0.8333,3407.776,229.373,610.000,9.3091,16.0000,1.1940,0.4351,4.9709,0.5854,0.2927,0.1220,0.9487,0.0000,4.6602,1.3981,0.6716
6,3,3409,3411,3,3,1,0.6667,3410.253,412.560,775.000,9.5129,19.0000,1.5200,0.6146,5.9031,0.2083,0.6667,0.1250,0.4472,0.0000,4.0390,1.2428,0.6267
5,3,3410,3412,3,3,1,0.5556,3410.938,463.859,558.000,8.8925,15.0000,1.1719,0.8616,4.6604,0.7911,0.1351,0.0737,0.5257,0.0000,4.0390,1.2428,0.6875
3,3,3411,3412,2,2,1,0.7500,3411.702,344.681,914.000,8.4308,18.0000,1.1489,0.4366,5.5925,0.5333,0.2667,0.2000,0.7071,0.0000,4.9711,1.5535,1.0000
5,3,3411,3413,3,2,2,0.4167,3411.657,527.829,717.871,9.7263,18.0000,1.2857,0.4043,5.5925,0.6338,0.1686,0.1975,0.9585,0.2851,4.6605,1.7088,0.7000
7,3,3416,3418,3,2,3,0.3889,3417.384,432.605,697.895,10.0997,18.0000,1.4651,0.8697,5.5929,0.6788,0.0891,0.2320,0.7451,0.6669,3.4179,1.3982,0.5581
4,3,3416,3417,2,2,2,0.5000,3416.731,827.827,876.269,8.0785,15.0000,1.1538,0.4182,4.6607,0.0000,0.5625,0.4375,0.4459,0.5774,4.6607,1.5536,0.8269
5,3,3422,3424,3,2,1,0.8333,3422.725,331.638,455.000,9.5884,18.0000,1.3043,0.4551,5.5932,0.5854,0.2927,0.1220,0.9487,0.0000,5.1270,1.5537,0.6957
3,3,3422,3424,3,1,1,1.0000,3422.918,860.000,363.000,8.7906,18.0000,1.1020,0.9184,5.5931,0.8889,0.0000,0.1111,1.0000,0.0000,5.5931,1.2429,1.0000
6,3,3426,3428,3,3,1,0.6667,3426.803,523.070,233.000,9.0070,15.0000,1.2676,0.9503,4.6611,0.6944,0.2222,0.0833,0.6000,0.0000,4.0396,1.3983,0.6056
3,3,3430,3430,1,2,2,0.7500,3430.000,392.312,721.292,8.6117,19.0000,1.1875,0.4275,5.9042,0.5333,0.2667,0.2000,0.0000,1.0000,4.9720,1.8645,1.0000
5,3,3433,3434,2,2,2,0.6250,3433.348,500.333,862.561,9.1723,16.0000,1.2121,0.7395,4.9721,0.2938,0.4054,0.3007,0.7071,0.6739,4.6613,1.3984,0.6667
6,3,3433,3435,3,3,2,0.3333,3434.194,918.611,970.875,9.1344,15.0000,1.2500,0.6534,4.6614,0.6494,0.1645,0.1861,0.6429,0.3155,4.0399,1.5538,0.6111
5,3,3435,3437,3,2,2,0.4167,3435.943,546.129,739.414,9.7283,17.0000,1.2143,0.6024,5.2829,0.5461,0.2256,0.2283,0.8117,0.4177,5.5937,1.5538,0.7000
3,3,3438,3439,2,1,2,0.7500,3438.667,754.000,467.667,7.5356,14.0000,1.0000,0.7454,4.3507,0.5333,0.2667,0.2000,0.7071,0.0000,4.3507,1.2431,1.0000
5,3,3439,3440,2,2,2,0.6250,3439.200,332.320,520.587,10.4234,18.0000,1.2000,0.6976,5.5938,0.3432,0.2505,0.4063,0.5155,0.8569,4.6615,0.9323,0.6800
10,4,3439,3442,4,2,3,0.4167,3440.184,480.928,612.192,12.2841,18.0000,1.4400,1.1506,5.5938,0.5348,0.3536,0.1116,0.8745,0.0654,4.0399,0.9323,0.5280
3,3,3444,3445,2,1,2,0.7500,3444.652,520.000,673.696,8.2534,16.0000,1.0435,0.7197,4.9723,0.5333,0.2667,0.2000,0.7071,0.0000,5.4384,1.2431,1.0000
7,3,3445,3447,3,2,3,0.3889,3445.788,526.894,663.565,9.9840,18.0000,1.4824,0.6123,5.5938,0.2661,0.4704,0.2635,0.7252,0.2401,4.3507,1.5538,0.5412
8,3,3447,3449,3,2,4,0.3333,3447.633,911.211,485.378,9.8885,14.0000,1.2444,0.7671,4.3507,0.3436,0.4875,0.1690,0.4531,0.4558,3.8846,1.5538,0.4667
3,3,3449,3450,2,2,1,0.7500,3449.333,97.333,626.000,7.5356,14.0000,1.0000,0.4714,4.3507,0.5333,0.2667,0.2000,0.7071,0.0000,4.0399,0.3108,1.0000
6,3,3449,3450,2,2,2,0.7500,3449.493,449.425,1001.685,9.2614,14.0000,1.1507,0.9448,4.3507,0.2667,0.1333,0.6000,0.7071,0.7071,4.9722,1.8646,0.5753
5,3,3451,3453,3,1,2,0.8333,3451.754,451.000,831.449,9.5894,16.0000,1.1594,0.5124,4.9722,0.5854,0.2927,0.1220,0.9487,0.0000,4.9722,1.2430,0.6812
3,3,3451,3452,2,1,2,0.7500,3451.298,678.000,562.340,8.4327,17.0000,1.0851,0.4523,5.2830,0.5333,0.2667,0.2000,0.7071,0.0000,5.2830,1.8646,1.0000
3,3,3458,3460,3,1,1,1.0000,3459.000,396.000,577.000,7.8940,16.0000,1.0909,0.0000,4.9720,0.8889,0.0000,0.1111,1.0000,0.0000,4.9720,1.5537,1.0000
5,3,3462,3464,3,2,1,0.8333,3463.300,505.371,915.000,9.7275,19.0000,1.3571,0.4775,5.9040,0.5854,0.2927,0.1220,0.9487,0.0000,5.2825,1.8644,0.7000
3,3,3464,3464,1,3,1,1.0000,3464.000,106.978,827.000,8.0731,16.0000,1.0667,0.9778,4.9717,0.8889,0.0000,0.1111,0.0000,1.0000,4.9717,0.3107,1.0000
4,3,3464,3465,2,1,2,1.0000,3464.436,454.000,892.545,8.5451,16.0000,1.1636,0.6301,4.9717,0.0000,0.7500,0.2500,0.0000,0.0000,4.8163,0.9322,0.8182
3,3,3464,3465,2,1,2,0.7500,3464.674,463.000,774.326,8.2524,16.0000,1.0435,0.4612,4.9717,0.5333,0.2667,0.2000,0.7071,0.0000,5.2824,1.7090,1.0000
5,4,3465,3467,3,2,2,0.4167,3465.833,327.833,769.569,10.0052,17.0000,1.1806,0.6163,5.2824,0.7729,0.0435,0.1836,0.8328,0.5477,4.9717,1.2429,0.8333
6,3,3466,3468,3,1,2,1.0000,3467.076,839.000,829.494,10.0213,15.0000,1.1392,0.5120,4.6609,0.5556,0.3333,0.1111,1.0000,0.0000,4.5055,1.2429,0.5570
7,3,3468,3469,2,4,2,0.4375,3468.506,308.770,550.770,10.2173,18.0000,1.4483,0.5916,5.5929,0.7941,0.0831,0.1229,0.3815,0.8614,4.0393,0.9322,0.5287
7,3,3469,3471,3,4,1,0.5833,3470.190,232.179,782.000,9.8648,15.0000,1.2500,0.2611,4.6607,0.7644,0.1796,0.0560,0.6120,0.0000,4.3500,0.3107,0.5119
8,4,3471,3473,3,2,2,0.6667,3472.279,592.442,743.394,11.4245,17.0000,1.3077,0.8002,5.2820,0.4396,0.1507,0.4097,0.8641,0.2943,4.6606,1.5535,0.6058
3,3,3472,3473,2,1,2,0.7500,3472.333,763.000,478.292,8.6105,18.0000,1.1250,0.4429,5.5927,0.5333,0.2667,0.2000,0.7071,0.0000,5.4373,1.5535,1.0000
3,3,3473,3475,3,1,1,1.0000,3473.979,434.000,546.000,8.4310,18.0000,1.1489,0.0213,5.5926,0.8889,0.0000,0.1111,1.0000,0.0000,4.9713,1.2428,1.0000
4,3,3474,3475,2,3,1,0.6667,3474.473,258.055,753.000,8.5442,15.0000,1.0909,0.4759,4.6605,0.7576,0.1294,0.1129,0.5257,0.0000,5.1265,1.5535,0.8000
5,3,3474,3476,3,1,2,0.8333,3474.771,997.000,589.543,9.7264,17.0000,1.2143,0.5890,5.2819,0.5854,0.2927,0.1220,0.9487,0.0000,4.9712,1.2428,0.6714
5,3,3477,3478,2,2,2,0.6250,3477.371,750.452,914.306,8.6146,15.0000,1.2097,0.6599,4.6604,0.2938,0.4054,0.3007,0.0000,0.3029,4.0390,0.9321,0.6935
13,6,3478,3480,3,2,3,0.7222,3478.913,231.432,677.617,15.7690,20.0000,1.4208,0.6906,6.2138,0.4416,0.1703,0.3881,0.9429,0.0000,4.3497,1.2428,0.5738
5,3,3478,3480,3,2,1,0.8333,3478.803,451.364,801.000,9.1703,18.0000,1.3636,0.4136,5.5924,0.5854,0.2927,0.1220,0.9487,0.0000,4.6603,1.3981,0.7121
4,3,3481,3482,2,3,1,0.6667,3481.418,594.127,644.000,8.5438,16.0000,1.1636,0.4371,4.9709,0.7576,0.1294,0.1129,0.5257,0.0000,4.9709,1.5534,0.8364
6,3,3485,3487,3,1,3,0.6667,3485.684,1139.000,835.368,9.6393,15.0000,1.1842,0.7771,4.6602,0.6061,0.3030,0.0909,0.7071,0.0000,4.3495,0.9320,0.5921
5,3,3488,3490,3,2,2,0.4167,3489.145,496.203,527.188,9.5868,17.0000,1.2319,0.3125,5.2815,0.6489,0.0995,0.2515,0.9362,0.2726,4.0388,0.6214,0.6522
4,3,3488,3489,2,1,2,1.0000,3488.500,603.000,196.482,8.6989,15.0000,1.0714,0.6946,4.6601,0.0000,0.7500,0.2500,0.0000,0.0000,4.9708,1.5534,0.7679
9,3,3493,3494,2,3,3,0.5000,3493.375,470.385,715.471,10.7703,15.0000,1.2981,0.8939,4.6602,0.4001,0.2614,0.3385,0.1988,0.9614,3.7282,1.5534,0.4327
7,3,3495,3497,3,2,3,0.3889,3496.141,666.318,354.576,9.9815,16.0000,1.3176,1.0089,4.9711,0.7845,0.0411,0.1744,0.6968,0.5293,4.6603,1.8641,0.5294
6,3,3496,3498,3,2,2,0.5000,3497.095,390.667,1056.893,10.6545,20.0000,1.4286,0.3629,6.2138,0.5230,0.1584,0.3185,0.9225,0.0898,4.6604,0.9321,0.6071
8,3,3496,3498,3,3,1,0.8889,3497.058,548.223,893.000,11.3141,17.0000,1.3204,0.7789,5.2817,0.3375,0.5625,0.1000,0.7071,0.0000,4.3497,1.2428,0.4757
5,3,3497,3498,2,3,1,0.8333,3497.354,203.923,465.000,9.0315,18.0000,1.3846,0.3621,5.5924,0.5854,0.2927,0.1220,0.3162,0.0000,4.9711,1.8642,0.7077
3,3,3497,3498,2,1,2,0.7500,3497.356,362.000,676.689,8.0720,16.0000,1.0667,0.7156,4.9711,0.5333,0.2667,0.2000,0.7071,0.0000,5.2817,2.1748,1.0000
8,3,3498,3500,3,3,3,0.2963,3498.911,929.733,621.522,9.8864,15.0000,1.3333,0.5543,4.6605,0.2512,0.5008,0.2480,0.6546,0.7543,3.7284,1.8642,0.4778
4,3,3509,3510,2,2,1,1.0000,3509.426,237.443,640.000,9.4784,18.0000,1.1803,0.6145,5.5937,0.0000,0.7500,0.2500,1.0000,0.0000,5.4384,1.2431,0.8361
5,3,3509,3511,3,2,2,0.4167,3510.045,470.866,947.209,9.3118,17.0000,1.2687,1.0739,5.2830,0.6489,0.0995,0.2515,0.9362,0.2726,4.6616,1.3985,0.7015
5,3,3510,3511,2,2,2,0.6250,3510.554,556.138,367.446,9.0339,15.0000,1.1538,0.7954,4.6616,0.3432,0.2505,0.4063,0.6059,0.3645,4.6616,0.6216,0.6615
4,4,3513,3515,3,2,1,0.6667,3514.016,573.460,468.000,9.7906,18.0000,1.1429,0.4606,5.5946,0.7576,0.1294,0.1129,0.8507,0.0000,5.1284,1.3987,1.0000
4,3,3514,3516,3,2,1,0.6667,3515.086,317.431,592.000,9.0139,19.0000,1.3103,0.4396,5.9056,0.7576,0.1294,0.1129,0.8507,0.0000,4.9732,1.5542,0.8448
5,3,3514,3515,2,3,1,0.8333,3514.413,396.921,831.000,8.7571,16.0000,1.2698,0.5926,4.9732,0.5854,0.2927,0.1220,0.3162,0.0000,4.6622,1.5540,0.6984
4,3,3520,3521,2,2,2,0.5000,3520.175,273.737,409.474,8.8602,17.0000,1.1930,0.6140,5.2850,0.5916,0.1015,0.3069,0.5000,0.5000,5.2850,1.3990,0.8246
3,3,3521,3523,3,1,1,1.0000,3522.021,717.000,930.000,8.6161,17.0000,1.0625,0.0208,5.2854,0.8889,0.0000,0.1111,1.0000,0.0000,5.2856,1.5545,1.0000
5,3,3522,3524,3,1,2,0.8333,3522.788,539.000,920.394,9.1771,17.0000,1.2879,0.4474,5.2857,0.5854,0.2927,0.1220,0.9487,0.0000,4.6636,1.5545,0.7273
5,3,3522,3523,2,2,2,0.6250,3522.492,898.354,262.138,9.0379,18.0000,1.3846,0.6341,5.5966,0.3432,0.2505,0.4063,0.6059,0.3645,4.6638,1.5545,0.7231
4,3,3525,3526,2,2,1,1.0000,3525.500,787.552,939.000,9.0178,18.0000,1.2414,0.6715,5.5974,0.0000,0.7500,0.2500,1.0000,0.0000,4.8197,2.3321,0.8103
6,3,3526,3528,3,2,3,0.3333,3527.222,382.861,841.736,9.1410,14.0000,1.1667,1.4335,4.3537,0.7397,0.1062,0.1541,0.7434,0.5417,4.1982,0.9330,0.5833
5,3,3526,3528,3,2,1,0.8333,3526.783,601.580,585.000,9.5960,19.0000,1.3768,0.4732,5.9086,0.5854,0.2927,0.1220,0.9487,0.0000,4.0425,0.9330,0.6957
3,3,3527,3528,2,1,2,0.7500,3527.348,269.000,574.326,8.2592,16.0000,1.0435,0.7292,4.9759,0.5333,0.2667,0.2000,0.7071,0.0000,5.2866,1.5549,1.0000
4,3,3527,3528,2,3,1,0.6667,3527.418,413.891,666.000,8.5521,17.0000,1.2364,0.4322,5.2866,0.7576,0.1294,0.1129,0.5257,0.0000,4.8203,1.2439,0.8364
7,3,3527,3529,3,2,3,0.3889,3528.188,716.694,399.835,9.9914,16.0000,1.3176,0.3951,4.9759,0.3004,0.3514,0.3482,0.6567,0.3240,4.3539,1.2440,0.5176
4,3,3534,3535,2,2,1,1.0000,3534.545,194.455,528.000,8.5552,15.0000,1.0909,0.7100,4.6666,0.0000,0.7500,0.2500,1.0000,0.0000,4.9776,0.1556,0.8182
5,3,3534,3535,2,2,2,0.6250,3534.554,828.631,457.846,9.0433,17.0000,1.3077,0.5992,5.2888,0.3432,0.2505,0.4063,0.6059,0.3645,4.9774,1.8667,0.7077
4,3,3535,3537,3,1,2,0.6667,3536.098,702.000,436.451,7.9337,14.0000,1.0980,0.4615,4.3560,0.7576,0.1294,0.1129,0.8507,0.0000,4.9779,1.8667,0.8235
4,3,3537,3538,2,1,2,1.0000,3537.550,800.000,853.483,9.3345,17.0000,1.1333,0.6604,5.2897,0.0000,0.7500,0.2500,0.0000,0.0000,5.2895,1.4001,0.7833
5,3,3539,3541,3,2,1,0.8333,3540.152,578.288,335.000,9.1853,16.0000,1.2121,0.3253,4.9794,0.5854,0.2927,0.1220,0.9487,0.0000,5.2900,1.5560,0.7121
5,3,3539,3541,3,1,2,0.8333,3540.318,679.000,246.576,9.1854,17.0000,1.2879,0.8924,5.2906,0.5854,0.2927,0.1220,0.9487,0.0000,4.6679,1.0892,0.6818
7,3,3539,3542,4,2,2,0.4375,3540.337,959.602,666.241,9.7627,15.0000,1.2651,0.8095,4.6682,0.7141,0.0654,0.2206,0.9180,0.3952,3.7348,0.9337,0.5181
5,3,3540,3542,3,1,2,0.8333,3541.318,652.000,267.394,9.1860,16.0000,1.2121,0.7874,4.9797,0.5854,0.2927,0.1220,0.9487,0.0000,4.6684,0.4668,0.6818
10,4,3541,3544,4,2,2,0.6250,3542.736,917.603,848.777,11.9093,17.0000,1.4050,0.5264,5.2912,0.6582,0.0445,0.2973,0.9871,0.0888,4.2015,1.2449,0.5124
5,4,3544,3546,3,2,2,0.4167,3545.162,444.206,736.868,9.4665,16.0000,1.1765,0.8732,4.9809,0.6489,0.0995,0.2515,0.9362,0.2726,4.9805,1.5565,0.8676
4,3,3545,3546,2,2,2,0.5000,3545.268,421.161,540.554,8.7162,16.0000,1.1429,0.6356,4.9806,0.5916,0.1015,0.3069,0.5000,0.5000,5.1364,1.8677,0.8393
6,3,3545,3547,3,1,2,1.0000,3545.838,485.000,420.538,10.1671,17.0000,1.2750,0.9567,5.2919,0.5556,0.3333,0.1111,1.0000,0.0000,4.9807,0.7783,0.6000
6,3,3547,3549,3,3,1,0.6667,3547.887,864.873,555.000,9.0245,15.0000,1.2676,0.1696,4.6705,0.4000,0.4800,0.1200,0.7071,0.0000,3.8917,1.2453,0.6197
5,3,3548,3550,3,2,1,0.8333,3548.787,438.541,409.000,8.4939,14.0000,1.1475,0.9549,4.3591,0.5854,0.2927,0.1220,0.9487,0.0000,4.0475,0.3114,0.6885
4,3,3548,3549,2,1,2,1.0000,3548.468,558.000,650.435,9.6520,19.0000,1.2258,0.6391,5.9156,0.0000,0.7500,0.2500,0.0000,0.0000,4.9817,1.8682,0.7903
3,3,3549,3550,2,2,1,0.7500,3549.688,706.333,878.000,8.6292,17.0000,1.0625,0.4569,5.2935,0.5333,0.2667,0.2000,0.7071,0.0000,5.6048,2.1796,1.0000
5,4,3558,3559,2,2,2,0.6250,3558.567,888.552,827.134,9.3354,15.0000,1.1194,0.8029,4.6735,0.3432,0.2505,0.4063,0.6059,0.3645,4.0504,1.2461,0.8657
5,3,3559,3561,3,2,2,0.4167,3559.766,483.141,294.375,8.9181,16.0000,1.2500,0.4640,4.9854,0.7729,0.0435,0.1836,0.8328,0.5477,5.2967,1.2464,0.7188
5,3,3561,3563,3,2,1,0.8333,3561.750,567.469,773.000,8.9193,16.0000,1.2500,0.5871,4.9861,0.5854,0.2927,0.1220,0.9487,0.0000,4.9858,1.8697,0.6875
6,3,3562,3564,3,2,3,0.3333,3562.883,388.117,930.312,9.7968,16.0000,1.2468,0.3528,4.9864,0.7397,0.1062,0.1541,0.6563,0.4773,4.8306,1.5583,0.7662
3,3,3563,3564,2,2,1,0.7500,3563.682,316.659,820.000,7.9174,15.0000,1.0227,0.7319,4.6751,0.5333,0.2667,0.2000,0.7071,0.0000,4.9868,1.0908,1.0000
3,3,3565,3566,2,2,1,0.7500,3565.674,204.326,950.000,7.7385,15.0000,1.0465,0.4604,4.6757,0.5333,0.2667,0.2000,0.7071,0.0000,4.6757,1.5586,1.0000
3,3,3566,3567,2,2,1,0.7500,3566.644,356.667,488.000,8.0990,16.0000,1.0667,0.7255,4.9875,0.5333,0.2667,0.2000,0.7071,0.0000,4.9878,1.2469,1.0000
4,3,3567,3568,2,3,1,0.6667,3567.491,470.982,754.000,8.5731,14.0000,1.0182,1.0977,4.3646,0.7576,0.1294,0.1129,0.5257,0.0000,4.6761,1.7146,0.7636
4,3,3569,3570,2,1,2,1.0000,3569.455,576.000,852.582,8.5742,16.0000,1.1636,0.6176,4.9888,0.0000,0.7500,0.2500,0.0000,0.0000,5.3001,1.4031,0.8364
10,3,3570,3572,3,4,2,0.4167,3571.082,298.791,693.345,10.8468,16.0000,1.4545,0.4120,4.9891,0.6306,0.1791,0.1904,0.3452,0.0785,3.4300,1.8710,0.4091
4,3,3570,3571,2,2,1,1.0000,3570.404,524.456,373.000,8.8865,17.0000,1.1930,0.6090,5.3006,0.0000,0.7500,0.2500,1.0000,0.0000,5.1448,1.2473,0.8421
9,3,3570,3573,4,2,2,0.5625,3570.936,653.700,884.673,11.4334,16.0000,1.3091,0.4485,4.9891,0.7348,0.0703,0.1949,0.9553,0.2956,4.6769,1.4032,0.4000
33,14,3573,3577,5,6,7,0.1571,3574.499,724.352,605.592,25.1379,31.0000,2.2095,0.7360,9.6690,0.7324,0.1491,0.1185,0.3929,0.8188,4.0550,1.2476,0.5680
33,15,3574,3576,3,4,8,0.3438,3574.786,629.603,712.413,24.3240,23.0000,1.6942,2.6650,7.1738,0.8209,0.0461,0.1330,0.0700,0.9245,4.3664,1.2477,0.5603
52,5,3574,3577,4,6,12,0.1806,3574.978,630.854,722.336,29.7149,26.0000,1.9680,4.6661,8.1100,0.8980,0.0615,0.0406,0.0201,0.8266,4.0546,1.5595,0.4032
8,4,3574,3576,3,3,3,0.2963,3575.246,635.447,739.193,12.5715,23.0000,1.6140,1.1919,7.1742,0.6694,0.0804,0.2503,0.4942,0.8272,3.8988,0.9356,0.6316
12,3,3574,3576,3,4,2,0.5000,3575.276,683.476,614.541,15.3068,23.0000,1.6235,0.8021,7.1738,0.5497,0.3194,0.1309,0.1505,0.1506,3.7430,0.7796,0.5294
17,8,3574,3576,3,6,2,0.4722,3575.288,688.125,612.463,19.4418,25.0000,1.6537,2.2102,7.7976,0.7290,0.1883,0.0826,0.1613,0.2942,4.0550,0.9356,0.7354
5,3,3574,3576,3,2,1,0.8333,3574.722,692.304,611.000,11.0193,24.0000,1.5190,0.4121,7.4857,0.5854,0.2927,0.1220,0.9487,0.0000,3.7427,0.4679,0.7722
9,4,3574,3576,3,2,2,0.7500,3575.096,695.397,610.228,14.1397,26.0000,1.7206,0.4677,8.1095,0.5373,0.1435,0.3192,0.9487,0.2905,3.7431,1.4036,0.5882
8,5,3574,3576,3,3,2,0.4444,3575.074,699.620,609.083,13.3432,24.0000,1.5868,0.6297,7.4857,0.2862,0.4811,0.2328,0.9609,0.1997,4.8348,0.7798,0.7273
24,7,3574,3576,3,11,2,0.3636,3574.981,709.538,608.123,20.1187,27.0000,2.0506,3.5402,8.4214,0.9451,0.0311,0.0239,0.0841,0.1681,4.0550,0.6239,0.4304
8,7,3574,3576,3,3,2,0.4444,3574.710,718.733,607.084,14.4457,21.0000,1.2824,1.0238,6.5495,0.5236,0.2754,0.2010,0.4628,0.0056,4.6784,0.6239,0.9160
4,4,3575,3576,2,1,2,1.0000,3575.526,634.000,737.538,12.1646,23.0000,1.1795,0.6618,7.1742,0.0000,0.7500,0.2500,0.0000,0.0000,5.1466,0.9356,1.0000
3,3,3575,3576,2,1,2,0.7500,3575.700,636.000,742.700,9.0043,20.0000,1.2000,0.4243,6.2385,0.5333,0.2667,0.2000,0.7071,0.0000,4.3669,0.9358,1.0000
6,4,3575,3576,2,2,2,0.7500,3575.388,637.175,745.495,13.1157,23.0000,1.3398,0.6605,7.1738,0.2000,0.3333,0.4667,0.7071,0.7071,5.9266,1.5595,0.8252
4,3,3575,3576,2,1,3,0.6667,3575.455,718.000,520.073,8.5776,15.0000,1.0909,0.4603,4.6785,0.7576,0.1294,0.1129,0.5257,0.0000,4.2109,1.0916,0.8000
4,3,3577,3579,3,2,1,0.6667,3577.648,653.722,900.000,8.4228,15.0000,1.1111,0.9704,4.6794,0.7500,0.1500,0.1000,0.9487,0.0000,4.8351,1.2478,0.8148
5,3,3578,3580,3,2,2,0.4167,3578.855,620.565,610.841,9.6270,16.0000,1.1594,0.6049,4.9917,0.7729,0.0435,0.1836,0.8328,0.5477,4.6800,0.7800,0.6522
11,3,3579,3582,4,3,2,0.4583,3580.375,579.734,580.625,12.0414,16.0000,1.3750,1.1492,4.9923,0.4252,0.3468,0.2281,0.8600,0.2995,4.0560,1.5599,0.3594
4,3,3580,3581,2,1,2,1.0000,3580.547,437.000,579.472,8.2683,15.0000,1.1321,0.6958,4.6803,0.0000,0.7500,0.2500,0.0000,0.0000,4.9921,2.1841,0.8113
5,3,3582,3584,3,2,2,0.4167,3582.985,613.369,610.415,9.0711,16.0000,1.2308,0.6916,4.9929,0.7383,0.0485,0.2132,0.7071,0.0000,4.9929,1.5602,0.6769
5,4,3585,3587,3,2,2,0.4167,3585.917,365.403,479.792,10.0496,17.0000,1.1806,0.4611,5.3058,0.1521,0.5234,0.3245,1.0000,0.0000,5.3058,1.8726,0.8611
6,3,3585,3586,2,1,3,1.0000,3585.456,556.000,307.848,10.0657,17.0000,1.2911,0.4803,5.3055,0.5556,0.3333,0.1111,0.0000,0.0000,4.5255,0.9363,0.6076
3,3,3589,3590,2,2,1,0.7500,3589.652,387.304,560.000,8.2905,16.0000,1.0435,0.7197,4.9947,0.5333,0.2667,0.2000,0.7071,0.0000,5.3067,0.9365,1.0000
4,3,3590,3591,2,2,2,0.5000,3590.745,973.727,804.836,8.5850,17.0000,1.2364,0.4074,5.3072,0.0000,0.5625,0.4375,0.4459,0.5774,4.8388,1.2488,0.8364
6,3,3592,3594,3,3,1,0.6667,3593.093,509.227,255.000,9.5596,15.0000,1.2000,0.2451,4.6832,0.4000,0.4800,0.1200,0.7071,0.0000,4.3710,1.5612,0.5867
3,3,3595,3596,2,2,1,0.7500,3595.341,811.318,508.000,7.9321,15.0000,1.0227,0.4663,4.6838,0.5333,0.2667,0.2000,0.7071,0.0000,5.3080,1.8734,1.0000
5,3,3596,3598,3,1,2,0.8333,3596.773,992.000,550.424,9.2167,15.0000,1.1364,0.4813,4.6840,0.5854,0.2927,0.1220,0.9487,0.0000,4.9960,2.0296,0.6515
3,3,3600,3601,2,1,2,0.7500,3600.341,540.000,363.682,7.9335,15.0000,1.0227,0.4663,4.6846,0.5333,0.2667,0.2000,0.7071,0.0000,4.9967,1.7176,1.0000
4,3,3607,3608,2,2,1,1.0000,3607.434,307.547,364.000,8.2774,15.0000,1.1321,0.6984,4.6853,0.0000,0.7500,0.2500,1.0000,0.0000,5.1538,1.4056,0.8302
6,3,3610,3611,2,3,3,0.3333,3610.213,450.975,432.800,10.2019,17.0000,1.2750,0.2929,5.3103,0.5384,0.1347,0.3269,0.0519,0.9835,4.3732,1.5618,0.6000
3,3,3613,3614,2,2,1,0.7500,3613.617,471.298,432.000,8.4766,18.0000,1.1489,0.6852,5.6228,0.5333,0.2667,0.2000,0.7071,0.0000,5.3105,1.5619,1.0000
3,3,3614,3616,3,1,1,1.0000,3614.978,502.000,589.000,8.1160,16.0000,1.0667,0.9778,4.9981,0.8889,0.0000,0.1111,1.0000,0.0000,4.3734,1.2495,1.0000
4,3,3616,3617,2,2,2,0.5000,3616.564,477.745,971.818,8.5907,17.0000,1.2364,0.5369,5.3106,0.5916,0.1015,0.3069,0.7071,0.7071,4.8420,1.8743,0.8182
4,3,3619,3621,3,2,1,0.6667,3620.094,541.472,996.000,8.2784,16.0000,1.2075,0.5367,4.9983,0.7576,0.1294,0.1129,0.8507,0.0000,4.6859,1.2496,0.8302
4,3,3621,3623,3,1,2,0.6667,3622.208,542.000,825.170,8.2784,16.0000,1.2075,0.8104,4.9983,0.7500,0.1500,0.1000,0.9487,0.0000,4.6859,1.5620,0.8302
6,3,3623,3625,3,3,1,0.6667,3623.790,407.593,976.000,10.3302,18.0000,1.3333,0.4583,5.6231,0.2083,0.6667,0.1250,0.4472,0.0000,4.5297,1.4058,0.6173
3,3,3626,3628,3,1,1,1.0000,3627.045,426.000,655.000,7.9358,16.0000,1.0909,0.9545,4.9982,0.8889,0.0000,0.1111,1.0000,0.0000,4.9983,1.8743,1.0000
3,3,3626,3628,3,1,1,1.0000,3626.959,779.000,885.000,8.8376,19.0000,1.1633,0.0408,5.9354,0.8889,0.0000,0.1111,1.0000,0.0000,5.3107,1.2496,1.0000
4,3,3626,3627,2,2,2,0.5000,3626.179,1086.446,759.732,8.7470,16.0000,1.1429,0.5504,4.9983,0.5916,0.1015,0.3069,0.5000,0.5000,4.9983,1.8743,0.8214
3,3,3632,3633,2,2,1,0.7500,3632.674,999.696,916.000,8.2963,17.0000,1.1087,0.4460,5.3105,0.5333,0.2667,0.2000,0.7071,0.0000,4.9981,0.9372,1.0000
6,3,3635,3637,3,2,2,0.5000,3636.356,646.123,328.575,9.3094,16.0000,1.3151,0.8722,4.9980,0.5034,0.2551,0.2415,0.9677,0.2521,4.0609,1.2495,0.6164
6,3,3638,3640,3,2,3,0.3333,3639.125,547.472,696.069,9.1817,15.0000,1.2500,0.5468,4.6855,0.6378,0.1768,0.1854,0.7170,0.4222,4.0608,0.9371,0.5972
4,3,3641,3643,3,2,1,0.6667,3642.098,524.549,335.000,7.9652,14.0000,1.0980,0.5577,4.3731,0.7576,0.1294,0.1129,0.8507,0.0000,4.6854,0.0000,0.8235
4,3,3647,3649,3,1,2,0.6667,3648.190,592.000,471.190,9.0582,19.0000,1.3103,0.2682,5.9347,0.7500,0.1500,0.1000,0.9487,0.0000,4.6853,1.0932,0.8103
5,3,3648,3650,3,2,2,0.4167,3648.529,439.214,693.157,9.7781,17.0000,1.2143,0.5916,5.3100,0.6338,0.1686,0.1975,0.9585,0.2851,5.4661,1.8741,0.7000
6,3,3649,3651,3,2,2,0.5000,3650.154,553.256,425.385,9.9462,15.0000,1.1538,0.4872,4.6852,0.3218,0.4574,0.2208,0.9366,0.3505,4.6852,1.5617,0.5769
4,3,3649,3651,3,2,1,0.6667,3650.093,823.463,934.000,8.4334,15.0000,1.1111,0.5450,4.6852,0.7576,0.1294,0.1129,0.8507,0.0000,4.8414,1.4056,0.8148
4,3,3652,3653,2,1,2,1.0000,3652.482,455.000,142.500,8.7457,15.0000,1.0714,0.6946,4.6852,0.0000,0.7500,0.2500,0.0000,0.0000,4.6852,1.2494,0.7679
4,3,3652,3653,2,2,2,0.5000,3652.528,778.811,891.736,8.2771,15.0000,1.1321,0.6201,4.6852,0.5916,0.1015,0.3069,0.7071,0.7071,4.6852,2.0302,0.8113
5,3,3654,3656,3,2,2,0.4167,3654.769,306.215,524.338,9.0795,15.0000,1.1538,0.4628,4.6851,0.7729,0.0435,0.1836,0.8328,0.5477,4.6852,1.5617,0.6615
5,3,3654,3655,2,2,2,0.6250,3654.557,484.400,681.157,9.7779,16.0000,1.1429,0.8337,4.9975,0.3432,0.2505,0.4063,0.6059,0.3645,5.3098,2.1864,0.6714
6,3,3656,3658,3,1,2,1.0000,3656.935,864.000,559.455,9.8185,17.0000,1.3247,1.0397,5.3098,0.5556,0.3333,0.1111,1.0000,0.0000,4.3728,1.5617,0.6104
6,3,3657,3658,2,1,3,1.0000,3657.506,553.000,659.152,10.0735,18.0000,1.3671,0.9877,5.6221,0.5556,0.3333,0.1111,0.0000,0.0000,4.5289,1.0932,0.5949
6,3,3657,3658,2,2,3,0.5000,3657.662,727.112,339.750,10.2010,20.0000,1.5000,0.4348,6.2468,0.5230,0.1584,0.3185,0.3667,0.5079,4.5289,0.9370,0.6125
5,3,3658,3659,2,1,3,0.8333,3658.383,219.000,389.067,8.3810,14.0000,1.1667,1.1335,4.3728,0.5854,0.2927,0.1220,0.3162,0.0000,4.9974,1.2494,0.7000
5,3,3660,3662,3,2,1,0.8333,3661.215,461.538,640.000,9.0794,16.0000,1.2308,0.5093,4.9974,0.5854,0.2927,0.1220,0.9487,0.0000,4.9974,1.5617,0.7077
4,3,3661,3663,3,2,1,0.6667,3662.017,802.763,894.000,9.2140,18.0000,1.2203,0.2379,5.6221,0.5357,0.3214,0.1429,1.0000,0.0000,4.8413,1.8740,0.7797
4,3,3666,3668,3,2,1,0.6667,3667.016,627.219,335.000,9.9950,23.0000,1.4375,0.2193,7.1839,0.5357,0.3214,0.1429,1.0000,0.0000,4.6852,1.5617,0.7969
4,3,3667,3668,2,1,2,1.0000,3667.466,537.000,329.414,9.0580,17.0000,1.1724,0.6228,5.3099,0.0000,0.7500,0.2500,0.0000,0.0000,5.4660,0.9370,0.8276
4,3,3675,3676,2,1,2,1.0000,3675.559,702.000,614.525,9.2147,17.0000,1.1525,0.6476,5.3102,0.0000,0.7500,0.2500,0.0000,0.0000,4.9978,1.5618,0.7966
4,3,3678,3679,2,2,2,0.5000,3678.455,784.200,334.727,8.5902,15.0000,1.0909,0.8806,4.6855,0.5916,0.1015,0.3069,0.7071,0.7071,4.9979,2.1866,0.8000
9,3,3678,3680,3,2,2,0.7500,3679.168,1052.636,641.626,11.1414,15.0000,1.2617,0.7563,4.6856,0.4875,0.0908,0.4217,0.9594,0.1156,3.7485,1.8742,0.4019
4,3,3680,3682,3,2,1,0.6667,3681.019,876.189,539.000,8.2781,15.0000,1.1321,0.9991,4.6858,0.5357,0.3214,0.1429,1.0000,0.0000,4.6857,0.6248,0.8113
3,3,3684,3685,2,1,2,0.7500,3684.689,467.000,427.644,8.1164,16.0000,1.0667,0.7156,4.9985,0.5333,0.2667,0.2000,0.7071,0.0000,4.9985,1.2496,1.0000
4,3,3685,3686,2,2,1,1.0000,3685.453,273.528,465.000,8.2788,15.0000,1.1321,0.6958,4.6861,0.0000,0.7500,0.2500,1.0000,0.0000,4.6861,0.9372,0.8113
5,3,3686,3687,2,3,1,0.8333,3686.632,363.735,1021.000,9.5007,16.0000,1.1765,0.8221,4.9987,0.5854,0.2927,0.1220,0.3162,0.0000,4.6861,1.2497,0.6618
7,3,3687,3689,3,2,2,0.5833,3688.289,392.470,607.747,9.8011,15.0000,1.2651,0.6547,4.6863,0.4379,0.1023,0.4598,0.9744,0.1730,3.7492,1.4059,0.5181
4,3,3687,3689,3,1,2,0.6667,3688.098,531.000,604.275,7.9668,14.0000,1.0980,0.2915,4.3740,0.5357,0.3214,0.1429,1.0000,0.0000,4.9988,1.2497,0.8235
7,3,3688,3691,4,2,2,0.4375,3689.544,477.111,420.600,10.6280,17.0000,1.3222,0.6847,5.3114,0.6625,0.1752,0.1623,0.9597,0.1934,3.7494,1.4059,0.5444
8,3,3690,3692,3,2,3,0.4444,3690.842,549.221,558.200,10.4943,15.0000,1.2632,1.2304,4.6867,0.4053,0.3563,0.2385,0.2336,0.1274,4.2180,2.1870,0.4526
5,4,3690,3692,3,2,1,0.8333,3690.836,599.552,403.000,9.3619,16.0000,1.1940,1.0018,4.9990,0.5854,0.2927,0.1220,0.9487,0.0000,4.6867,1.2498,0.8657
4,3,3691,3692,2,2,1,1.0000,3691.500,279.569,497.000,9.0611,18.0000,1.2414,0.6601,5.6242,0.0000,0.7500,0.2500,1.0000,0.0000,4.8429,1.4060,0.8103
5,3,3694,3696,3,3,1,0.5556,3694.889,518.730,479.000,8.8040,14.0000,1.1111,0.7386,4.3749,0.8123,0.1108,0.0769,0.7071,0.0000,4.6872,1.2499,0.6667
6,3,3697,3699,3,2,2,0.5000,3698.076,865.570,993.278,10.0791,17.0000,1.2911,0.5182,5.3127,0.4412,0.1872,0.3716,0.7882,0.6154,4.3752,1.5626,0.5949
6,3,3701,3703,3,2,3,0.3333,3702.179,453.141,744.795,9.9530,19.0000,1.4615,0.3069,5.9386,0.7273,0.0909,0.1818,0.7071,0.5774,4.2196,1.4065,0.6282
6,3,3701,3703,3,1,3,0.6667,3702.301,848.000,702.277,10.5911,20.0000,1.4458,1.0054,6.2515,0.4000,0.4800,0.1200,0.7071,0.0000,4.8448,1.2503,0.6145
6,3,3702,3704,3,3,1,0.6667,3702.885,518.256,864.000,9.9533,17.0000,1.3077,0.2812,5.3137,0.6944,0.2222,0.0833,0.8000,0.0000,4.5322,1.5628,0.5897
4,3,3703,3705,3,2,1,0.6667,3704.182,332.164,433.000,8.5962,17.0000,1.2364,0.2446,5.3140,0.7500,0.1500,0.1000,0.9487,0.0000,4.8451,0.9378,0.8364
4,3,3703,3705,3,1,2,0.6667,3704.000,683.000,585.808,8.1272,14.0000,1.0769,1.0183,4.3764,0.5357,0.3214,0.1429,1.0000,0.0000,4.6887,1.4066,0.8077
4,3,3704,3706,3,1,2,0.6667,3705.293,816.000,300.724,9.0655,16.0000,1.1034,1.0120,5.0018,0.7500,0.1500,0.1000,0.9487,0.0000,4.8454,0.7815,0.7759
6,3,3705,3707,3,1,3,0.6667,3706.038,792.000,411.821,9.9547,17.0000,1.3077,0.1836,5.3144,0.6944,0.2222,0.0833,0.8000,0.0000,3.7513,0.6252,0.5897
6,3,3711,3713,3,2,3,0.3333,3711.947,535.711,630.171,9.7022,16.0000,1.2632,0.3403,5.0033,0.4899,0.3164,0.1936,0.4082,0.3381,4.2214,1.2508,0.5789
6,3,3715,3717,3,2,2,0.5000,3716.286,400.351,659.247,9.8322,18.0000,1.4026,0.9964,5.6302,0.6381,0.1455,0.2164,0.8019,0.3768,3.4406,0.3128,0.6364
3,3,3718,3720,3,1,1,1.0000,3719.000,565.000,393.000,8.3081,18.0000,1.1739,0.0000,5.6309,0.8889,0.0000,0.1111,1.0000,0.0000,4.6927,1.4077,1.0000
4,3,3720,3721,2,2,1,1.0000,3720.564,454.436,890.000,8.6036,17.0000,1.2364,0.6171,5.3187,0.0000,0.7500,0.2500,1.0000,0.0000,4.6928,1.4079,0.8182
5,3,3723,3725,3,2,2,0.4167,3723.905,425.143,787.746,8.8164,16.0000,1.2698,0.7655,5.0068,0.4138,0.1655,0.4207,1.0000,0.0000,4.6938,1.2517,0.7143
5,3,3730,3732,3,3,1,0.5556,3730.710,341.919,400.000,8.6802,15.0000,1.2097,0.3013,4.6959,0.8123,0.1108,0.0769,0.7071,0.0000,4.6956,0.3130,0.6935
5,3,3732,3734,3,2,2,0.4167,3733.143,635.457,526.171,9.8018,18.0000,1.2857,0.5869,5.6359,0.7729,0.0435,0.1836,0.8328,0.5477,4.6963,1.8786,0.6571
7,3,3736,3739,4,2,2,0.4375,3737.824,458.424,529.871,10.0623,17.0000,1.4000,0.9351,5.3242,0.7122,0.1467,0.1411,0.9661,0.0989,3.7587,0.9395,0.5294
6,4,3738,3740,3,1,2,1.0000,3739.118,710.000,544.500,9.7186,15.0000,1.1842,0.5138,4.6984,0.5556,0.3333,0.1111,1.0000,0.0000,4.6986,0.9397,0.7500
5,3,3747,3748,2,2,2,0.6250,3747.591,758.848,580.591,9.2506,15.0000,1.1364,0.5981,4.7013,0.3432,0.2505,0.4063,0.6059,0.3645,4.7010,1.7238,0.6515
5,3,3748,3749,2,2,2,0.6250,3748.388,623.149,550.418,9.3913,16.0000,1.1940,0.7153,5.0147,0.3432,0.2505,0.4063,0.6059,0.3645,5.0149,1.0970,0.6716
4,3,3757,3757,1,1,4,1.0000,3757.000,729.000,153.400,9.4081,18.0000,1.2000,0.4000,5.6449,0.9375,0.0000,0.0625,0.0000,1.0000,4.3905,0.4704,0.8000
4,3,3762,3763,2,1,2,1.0000,3762.463,858.000,418.556,8.4703,15.0000,1.1111,0.6418,4.7059,0.0000,0.7500,0.2500,0.0000,0.0000,4.8625,0.9411,0.8148
4,3,3763,3766,4,1,1,1.0000,3764.607,264.000,279.000,8.7853,16.0000,1.1429,0.6071,5.0203,0.9375,0.0000,0.0625,1.0000,0.0000,5.0202,1.2550,0.8214
6,3,3763,3765,3,2,2,0.5000,3764.347,399.507,967.880,9.6067,17.0000,1.3600,0.6148,5.3337,0.6373,0.1269,0.2358,0.8795,0.0724,4.3926,1.2550,0.6000
5,3,3774,3776,3,2,2,0.4167,3774.508,1142.369,682.846,9.1264,17.0000,1.3077,0.6463,5.3371,0.6999,0.1281,0.1720,0.8684,0.1395,4.7093,1.2558,0.7077
7,3,3776,3778,3,2,2,0.5833,3777.284,432.636,499.205,10.4444,17.0000,1.3523,0.7263,5.3382,0.3772,0.3083,0.3146,0.9758,0.2185,4.0824,1.0990,0.5341
4,3,3776,3777,2,1,2,1.0000,3776.442,608.000,425.462,8.1640,15.0000,1.1538,0.6968,4.7098,0.0000,0.7500,0.2500,0.0000,0.0000,4.0820,0.7850,0.8269
4,3,3777,3778,2,1,2,1.0000,3777.463,1118.000,559.537,8.4785,15.0000,1.1111,0.6547,4.7101,0.0000,0.7500,0.2500,0.0000,0.0000,5.0243,1.2560,0.7963
7,3,3779,3781,3,2,2,0.5833,3779.718,524.718,444.753,10.0899,16.0000,1.3176,0.4696,5.0251,0.3772,0.3083,0.3146,0.9758,0.2185,3.9259,1.2563,0.5176
4,3,3779,3781,3,2,1,0.6667,3780.115,603.442,842.000,8.1659,15.0000,1.1538,0.9890,4.7114,0.7576,0.1294,0.1129,0.8507,0.0000,5.0250,1.8844,0.8269
7,4,3780,3782,3,1,3,0.7778,3781.082,887.000,137.024,10.0908,14.0000,1.1529,1.0268,4.3975,0.6076,0.3038,0.0886,0.7071,0.0000,4.7114,0.6282,0.6588
4,3,3783,3784,2,1,2,1.0000,3783.509,712.000,484.526,8.9530,16.0000,1.1228,0.6951,5.0261,0.0000,0.7500,0.2500,0.0000,0.0000,5.1834,1.0995,0.7895
5,3,3786,3787,2,2,2,0.6250,3786.606,482.465,855.127,9.9767,17.0000,1.1972,0.6226,5.3416,0.3432,0.2505,0.4063,0.6059,0.3645,5.6555,1.5710,0.7042
5,3,3786,3787,2,1,3,0.8333,3786.424,798.000,535.288,9.2740,15.0000,1.1364,0.8289,4.7132,0.5854,0.2927,0.1220,0.3162,0.0000,4.7129,0.3143,0.6667
7,3,3788,3790,3,3,2,0.3889,3788.866,417.305,546.390,9.7396,16.0000,1.3659,0.5131,5.0281,0.4310,0.3628,0.2063,0.6221,0.5491,4.0850,1.4141,0.5366
4,3,3788,3789,2,2,1,1.0000,3788.491,722.544,461.000,8.9559,16.0000,1.1228,0.6833,5.0281,0.0000,0.7500,0.2500,1.0000,0.0000,5.1848,1.5711,0.7895
6,3,3788,3789,2,2,2,0.7500,3788.333,1010.480,539.707,9.6216,14.0000,1.1200,0.6539,4.3996,0.2000,0.3333,0.4667,0.7071,0.7071,4.2423,1.5713,0.5600
4,3,3790,3791,2,2,2,0.5000,3790.717,478.830,628.566,8.3287,15.0000,1.1321,0.8551,4.7144,0.5916,0.1015,0.3069,0.5000,0.5000,5.1857,1.8857,0.8302
4,3,3791,3792,2,2,1,1.0000,3791.472,1045.472,746.000,8.3291,14.0000,1.0566,0.6671,4.4004,0.0000,0.7500,0.2500,1.0000,0.0000,4.7144,0.9429,0.7925
8,3,3793,3795,3,2,3,0.4444,3794.071,787.131,296.737,11.0031,16.0000,1.2929,1.1935,5.0301,0.1021,0.5726,0.3253,1.0000,0.0000,3.7724,0.6287,0.4444
4,3,3794,3796,3,2,1,0.6667,3794.964,216.518,384.000,8.8026,15.0000,1.0714,0.5191,4.7157,0.7576,0.1294,0.1129,0.8507,0.0000,4.8728,1.4146,0.7857
7,3,3796,3799,4,3,2,0.2917,3797.270,648.315,528.517,10.5770,17.0000,1.3371,0.6624,5.3452,0.4729,0.3823,0.1448,0.8170,0.3450,4.0872,1.5721,0.5393
6,3,3798,3800,3,1,3,0.6667,3798.871,899.000,222.141,10.9122,21.0000,1.4824,0.1915,6.6037,0.4000,0.4800,0.1200,0.7071,0.0000,4.4026,0.6289,0.6118
5,3,3806,3808,3,1,2,0.8333,3806.918,741.000,562.397,10.2719,18.0000,1.2329,1.1528,5.6639,0.5854,0.2927,0.1220,0.9487,0.0000,5.3489,1.5732,0.6712
4,3,3816,3817,2,1,3,0.6667,3816.255,894.000,783.400,8.6586,17.0000,1.2364,0.6518,5.3525,0.7500,0.1500,0.1000,0.3162,0.0000,4.2507,0.9445,0.8364
8,3,3823,3825,3,3,2,0.4444,3823.719,635.899,396.371,9.9134,15.0000,1.3483,0.8154,4.7255,0.3328,0.2023,0.4649,0.7758,0.0641,3.3080,0.9452,0.4831
3,3,3824,3825,2,2,1,0.7500,3824.333,402.311,773.000,8.1857,16.0000,1.0667,0.4560,5.0409,0.5333,0.2667,0.2000,0.7071,0.0000,5.0413,0.6302,1.0000
3,3,3825,3827,3,1,1,1.0000,3825.979,523.000,319.000,8.7326,19.0000,1.1875,0.0208,5.9871,0.8889,0.0000,0.1111,1.0000,0.0000,4.7263,0.9454,1.0000
5,3,3825,3827,3,3,1,0.5556,3826.046,710.723,343.000,9.1600,16.0000,1.2308,0.2807,5.0418,0.5532,0.3398,0.1070,0.5606,0.0000,4.7267,1.2605,0.6769
5,3,3826,3828,3,2,1,0.8333,3827.235,558.632,527.000,9.5838,17.0000,1.2500,0.4365,5.3574,0.5854,0.2927,0.1220,0.9487,0.0000,5.0426,0.9453,0.6618
4,3,3837,3838,2,1,2,1.0000,3837.473,791.000,474.473,8.6753,15.0000,1.0909,0.6685,4.7317,0.0000,0.7500,0.2500,0.0000,0.0000,4.1011,0.4733,0.7818
4,4,3842,3843,2,2,1,1.0000,3842.483,821.517,900.000,9.1537,16.0000,1.1034,0.6827,5.0500,0.0000,0.7500,0.2500,1.0000,0.0000,5.0505,1.2626,1.0000
5,3,3843,3844,2,3,1,0.8333,3843.621,388.273,625.000,9.3179,17.0000,1.2879,0.8200,5.3670,0.5854,0.2927,0.1220,0.3162,0.0000,5.3663,1.2627,0.7121
4,3,3844,3845,2,1,2,1.0000,3844.549,908.000,534.549,8.0510,14.0000,1.0980,0.7105,4.4204,0.0000,0.7500,0.2500,0.0000,0.0000,4.1045,0.9473,0.8235
5,3,3854,3856,3,1,2,0.8333,3854.824,995.000,301.441,9.6148,18.0000,1.3235,0.4752,5.6912,0.5854,0.2927,0.1220,0.9487,0.0000,5.0578,0.9486,0.7059
8,3,3855,3857,3,2,3,0.4444,3856.394,931.500,691.096,10.5100,15.0000,1.2766,0.7917,4.7441,0.2788,0.2283,0.4929,0.8874,0.1535,3.9526,1.2650,0.4681
3,3,3858,3860,3,1,1,1.0000,3859.000,312.000,499.000,7.8543,15.0000,1.0465,0.0000,4.7456,0.8889,0.0000,0.1111,1.0000,0.0000,4.7464,1.1072,1.0000
7,3,3858,3859,2,2,3,0.5833,3858.464,531.512,403.131,10.0437,16.0000,1.3333,0.7034,5.0620,0.5352,0.1763,0.2885,0.2673,0.0986,3.4795,1.1071,0.5476
4,3,3864,3866,3,1,2,0.6667,3865.036,288.000,310.732,8.8674,15.0000,1.0714,0.7330,4.7504,0.5357,0.3214,0.1429,1.0000,0.0000,4.9091,0.9501,0.7857
4,3,3866,3867,2,2,2,0.5000,3866.818,424.745,300.473,8.7118,16.0000,1.1636,0.6131,5.0688,0.5916,0.1015,0.3069,0.5000,0.5000,4.9104,1.4257,0.8182
3,3,3868,3870,3,1,1,1.0000,3869.022,866.000,212.000,8.2338,16.0000,1.0667,0.0222,5.0707,0.8889,0.0000,0.1111,1.0000,0.0000,5.7049,2.3764,1.0000
6,3,3871,3873,3,2,2,0.5000,3872.338,548.450,548.888,10.3570,18.0000,1.3500,0.5736,5.7077,0.6373,0.1269,0.2358,0.8795,0.0724,4.4395,1.4268,0.6000
4,3,3876,3877,2,2,1,1.0000,3876.439,242.561,532.000,9.0451,17.0000,1.1930,0.6203,5.3949,0.0000,0.7500,0.2500,1.0000,0.0000,5.3953,1.5867,0.8246
4,3,3876,3877,2,1,2,1.0000,3876.558,692.000,181.538,8.2519,15.0000,1.1538,0.6968,4.7611,0.0000,0.7500,0.2500,0.0000,0.0000,5.0785,0.9522,0.8269
4,3,3879,3880,2,2,2,0.5000,3879.250,616.821,633.732,8.8915,17.0000,1.2143,0.4076,5.3982,0.0000,0.5625,0.4375,0.4459,0.5774,5.2395,2.2228,0.8214
5,3,3879,3880,2,2,2,0.6250,3879.397,690.143,369.381,8.9472,15.0000,1.1905,0.5683,4.7641,0.3432,0.2505,0.4063,0.6059,0.3645,4.7631,1.2702,0.6984
4,3,3900,3901,2,2,2,0.5000,3900.815,848.556,315.704,8.6173,16.0000,1.1852,0.8527,5.1068,0.5916,0.1015,0.3069,0.5000,0.5000,5.1067,1.9147,0.8148
5,3,3900,3901,2,1,3,0.8333,3900.612,971.000,419.313,9.5625,16.0000,1.1940,0.9197,5.1068,0.5854,0.2927,0.1220,0.3162,0.0000,5.1068,1.1170,0.7015
3,3,3908,3909,2,1,2,0.7500,3908.341,495.000,409.318,8.1242,15.0000,1.0227,0.4663,4.7980,0.5333,0.2667,0.2000,0.7071,0.0000,5.1165,1.9187,1.0000
7,3,3913,3915,3,3,1,0.7778,3914.074,365.815,461.000,9.8072,16.0000,1.3827,0.1995,5.1253,0.3567,0.5477,0.0956,0.5505,0.0000,3.5244,1.4413,0.5432
4,3,3929,3931,3,2,1,0.6667,3929.782,877.200,291.000,8.8536,15.0000,1.0909,0.8070,4.8296,0.7500,0.1500,0.1000,0.9487,0.0000,4.9904,0.9666,0.8000
9,4,3930,3933,4,2,3,0.3750,3931.192,760.231,355.038,11.1663,15.0000,1.2981,0.3028,4.8329,0.6875,0.1347,0.1778,0.9478,0.2480,3.2229,1.2881,0.5673
5,3,3937,3938,2,2,2,0.6250,3937.387,682.226,902.306,8.9511,15.0000,1.2097,0.5429,4.8417,0.3432,0.2505,0.4063,0.6059,0.3645,5.1645,1.2914,0.6935
4,3,3939,3940,2,2,1,1.0000,3939.444,736.519,487.000,8.7231,15.0000,1.1111,0.6829,4.8453,0.0000,0.7500,0.2500,1.0000,0.0000,5.1696,1.6157,0.7963
4,3,3940,3941,2,1,2,1.0000,3940.519,470.000,525.462,8.4035,14.0000,1.0769,0.6947,4.5258,0.0000,0.7500,0.2500,0.0000,0.0000,5.0098,1.2930,0.7885
4,3,3940,3942,3,2,1,0.6667,3940.917,940.458,466.000,7.7582,13.0000,1.0833,1.0249,4.2025,0.7576,0.1294,0.1129,0.8507,0.0000,4.5252,1.2931,0.8125
5,3,3940,3941,2,1,3,0.8333,3940.441,1067.000,228.186,8.5278,13.0000,1.1017,0.4785,4.2025,0.5854,0.2927,0.1220,0.3162,0.0000,4.5241,0.8075,0.6610
3,3,3941,3942,2,2,1,0.7500,3941.667,877.667,936.000,8.4010,15.0000,1.0000,0.7454,4.8509,0.5333,0.2667,0.2000,0.7071,0.0000,5.1744,1.4548,1.0000
4,3,3942,3943,2,1,2,1.0000,3942.551,595.000,559.449,7.9249,14.0000,1.1429,0.6350,4.5293,0.0000,0.7500,0.2500,0.0000,0.0000,4.8518,1.4559,0.8163
5,3,3949,3950,2,2,2,0.6250,3949.571,638.524,341.143,9.1400,17.0000,1.3492,0.7882,5.5135,0.3432,0.2505,0.4063,0.6059,0.3645,4.8673,3.0813,0.6984
4,4,3954,3954,1,2,2,1.0000,3954.000,813.544,459.474,9.2637,17.0000,1.1930,0.6576,5.5257,0.0000,0.7500,0.2500,0.0000,1.0000,4.7133,1.6257,1.0000
3,3,3954,3955,2,2,1,0.7500,3954.325,968.675,355.000,7.5077,14.0000,1.0500,0.4596,4.5506,0.5333,0.2667,0.2000,0.7071,0.0000,4.5524,0.9753,1.0000
7,3,3960,3962,3,2,3,0.3889,3960.860,925.895,423.360,10.6002,17.0000,1.3837,0.4004,5.5443,0.3231,0.4135,0.2634,0.5071,0.1501,3.9154,1.6302,0.5581
4,3,3961,3962,2,2,1,1.0000,3961.540,600.540,516.000,8.1555,14.0000,1.1200,0.7094,4.5682,0.0000,0.7500,0.2500,1.0000,0.0000,4.0776,0.9784,0.8200
5,4,3962,3963,2,2,2,0.6250,3962.415,711.815,401.415,9.4871,14.0000,1.0769,0.8471,4.5705,0.3432,0.2505,0.4063,0.6059,0.3645,3.9156,0.6531,0.8154
3,3,3963,3964,2,1,2,0.7500,3963.349,643.000,612.698,8.1063,15.0000,1.0465,0.4616,4.8995,0.5333,0.2667,0.2000,0.7071,0.0000,5.2234,1.9608,1.0000
6,3,3964,3965,2,1,3,1.0000,3964.562,775.000,227.068,9.7373,17.0000,1.3973,0.4437,5.5557,0.5556,0.3333,0.1111,0.0000,0.0000,3.7563,0.1631,0.6164
7,4,3968,3970,3,2,2,0.5833,3968.869,1059.345,382.440,10.3979,15.0000,1.2500,1.0897,4.9101,0.5927,0.2184,0.1889,0.8630,0.4864,4.9133,1.3092,0.6548
3,3,3971,3972,2,1,2,0.7500,3971.698,806.000,90.651,8.1440,15.0000,1.0465,0.7179,4.9215,0.5333,0.2667,0.2000,0.7071,0.0000,5.2495,2.2963,1.0000
3,3,3976,3978,3,1,1,1.0000,3977.070,798.000,408.000,8.1714,16.0000,1.1163,0.9302,5.2696,0.8889,0.0000,0.1111,1.0000,0.0000,5.2652,1.9735,1.0000
3,3,3977,3978,2,2,1,0.7500,3977.326,886.698,418.000,8.1728,16.0000,1.1163,0.4443,5.2661,0.5333,0.2667,0.2000,0.7071,0.0000,4.9400,1.6473,1.0000
3,3,3981,3981,1,2,2,0.7500,3981.000,841.675,773.675,7.6217,14.0000,1.0500,0.4596,4.6204,0.5333,0.2667,0.2000,0.0000,1.0000,4.9502,2.3098,1.0000
5,3,3989,3990,2,2,2,0.6250,3989.678,836.237,658.610,8.7672,14.0000,1.1864,0.9151,4.6531,0.3432,0.2505,0.4063,0.6059,0.3645,4.6525,1.3285,0.6780
3,3,3990,3991,2,1,2,0.7500,3990.659,686.000,389.659,7.8720,14.0000,1.0244,0.7418,4.6571,0.5333,0.2667,0.2000,0.7071,0.0000,4.9858,0.9980,1.0000
4,3,3991,3993,3,2,1,0.6667,3992.040,1109.480,450.000,8.3241,13.0000,1.0400,0.4817,4.3323,0.7576,0.1294,0.1129,0.8507,0.0000,4.6617,1.0008,0.7800
9,3,3992,3995,4,2,2,0.5625,3993.612,735.316,911.684,10.8924,14.0000,1.2857,0.5920,4.6698,0.6854,0.1426,0.1721,0.9365,0.1398,4.0009,0.9989,0.4082
3,3,3993,3995,3,1,1,1.0000,3993.955,561.000,414.000,8.4732,16.0000,1.0909,0.0455,5.3369,0.8889,0.0000,0.1111,1.0000,0.0000,5.3323,1.0004,1.0000
5,4,3999,4001,3,1,2,0.8333,4000.174,684.000,321.565,10.3564,16.0000,1.1594,1.0009,5.3746,0.5854,0.2927,0.1220,0.9487,0.0000,5.0342,1.3415,0.8551
3,3,4000,4001,2,1,2,0.7500,4000.350,826.000,540.325,7.7522,14.0000,1.0500,0.7267,4.7027,0.5333,0.2667,0.2000,0.7071,0.0000,5.0333,1.8479,1.0000
3,3,4003,4004,2,2,1,0.7500,4003.630,769.348,332.000,8.9469,17.0000,1.1087,0.7200,5.7229,0.5333,0.2667,0.2000,0.7071,0.0000,5.7297,1.3466,1.0000
5,4,4006,4008,3,1,2,0.8333,4007.136,1002.000,698.652,9.9838,16.0000,1.2121,0.3742,5.4111,0.5854,0.2927,0.1220,0.9487,0.0000,5.0773,1.6926,0.8485
4,3,4007,4009,3,2,1,0.6667,4008.082,804.551,650.000,8.2964,14.0000,1.1429,0.4563,4.7403,0.7576,0.1294,0.1129,0.8507,0.0000,4.7434,0.6772,0.8163
4,3,4008,4009,2,2,1,1.0000,4008.519,879.519,693.000,8.8090,14.0000,1.0769,0.7076,4.7461,0.0000,0.7500,0.2500,1.0000,0.0000,4.9129,1.3564,0.7885
3,3,4008,4009,2,1,2,0.7500,4008.587,1104.000,636.283,8.9988,19.0000,1.2391,0.6514,6.4333,0.5333,0.2667,0.2000,0.7071,0.0000,5.0855,2.2035,1.0000
4,3,4017,4018,2,2,1,1.0000,4017.540,851.480,229.000,8.5681,14.0000,1.1200,0.6943,4.8011,0.0000,0.7500,0.2500,1.0000,0.0000,4.1131,0.1722,0.8000
8,3,4017,4020,4,2,2,0.5000,4018.811,1087.789,638.779,11.5308,18.0000,1.5158,0.3593,6.1810,0.7248,0.0930,0.1821,0.9678,0.1435,4.6356,1.3722,0.4632
10,5,4032,4034,3,3,3,0.3704,4033.105,971.079,770.798,12.6174,16.0000,1.4035,0.2409,5.5992,0.6163,0.1041,0.2796,0.6075,0.3303,5.0770,2.1017,0.6053
7,3,4034,4035,2,2,4,0.4375,4034.299,512.403,812.753,10.2021,14.0000,1.2727,0.8455,4.9121,0.7141,0.0654,0.2206,0.1196,0.1948,4.2040,1.2267,0.5195
4,3,4035,4037,3,1,2,0.6667,4035.636,1070.000,326.273,7.7254,12.0000,1.0909,0.6923,4.2158,0.7500,0.1500,0.1000,0.9487,0.0000,4.5613,1.7523,0.8182
4,3,4036,4037,2,1,2,1.0000,4036.519,778.000,136.481,9.1404,14.0000,1.0769,0.7076,4.9248,0.0000,0.7500,0.2500,0.0000,0.0000,5.0984,0.7051,0.7885
3,3,4036,4038,3,1,1,1.0000,4036.975,974.000,291.000,8.1235,15.0000,1.1250,0.0250,5.2765,0.8889,0.0000,0.1111,1.0000,0.0000,4.9198,1.0549,1.0000
5,3,4037,4039,3,2,1,0.8333,4038.186,1222.339,663.000,9.2955,16.0000,1.3559,0.3869,5.6354,0.5854,0.2927,0.1220,0.9487,0.0000,4.5794,0.8814,0.6949
3,3,4039,4040,2,2,1,0.7500,4039.667,994.333,661.000,7.3357,12.0000,1.0000,0.7454,4.2370,0.5333,0.2667,0.2000,0.7071,0.0000,4.5909,1.7658,1.0000
5,4,4039,4041,3,1,2,0.8333,4040.214,849.000,493.643,8.8448,12.0000,1.0714,1.2657,4.2421,0.5854,0.2927,0.1220,0.9487,0.0000,4.5901,1.4132,0.8571
6,3,4039,4041,3,3,2,0.3333,4040.162,969.206,984.132,9.8038,15.0000,1.3235,0.2934,5.2962,0.7273,0.0909,0.1818,0.7071,0.5774,4.5905,1.9426,0.5882
4,3,4040,4041,2,2,1,1.0000,4040.542,758.458,429.000,8.4795,13.0000,1.0833,0.7096,4.5956,0.0000,0.7500,0.2500,1.0000,0.0000,5.1216,1.4115,0.8125
5,3,4040,4042,3,1,2,0.8333,4040.763,894.000,485.373,9.3248,15.0000,1.2712,0.4420,5.3026,0.5854,0.2927,0.1220,0.9487,0.0000,4.7712,1.0592,0.6780
4,4,4040,4041,2,2,1,1.0000,4040.491,1007.509,354.000,10.0688,16.0000,1.1228,0.6947,5.6493,0.0000,0.7500,0.2500,1.0000,0.0000,5.3026,1.2383,1.0000
4,3,4041,4042,2,1,2,1.0000,4041.562,758.000,445.438,8.4898,15.0000,1.2500,0.6187,5.3089,0.0000,0.7500,0.2500,0.0000,0.0000,4.5989,-0.3527,0.8125
5,3,4041,4043,3,2,1,0.8333,4041.836,898.279,382.000,9.6532,16.0000,1.3115,0.3233,5.6628,0.5854,0.2927,0.1220,0.9487,0.0000,4.9599,0.8854,0.7213
4,3,4042,4044,3,1,2,0.6667,4042.957,954.000,420.170,8.3265,14.0000,1.1915,0.9725,4.9550,0.5357,0.3214,0.1429,1.0000,0.0000,5.1387,1.7717,0.8298
4,3,4044,4045,2,1,2,1.0000,4044.457,574.000,366.457,8.1632,13.0000,1.1304,0.7098,4.6168,0.0000,0.7500,0.2500,0.0000,0.0000,4.7888,1.4192,0.8261
8,3,4044,4046,3,2,4,0.3333,4045.053,854.221,374.737,11.9289,18.0000,1.5158,1.1073,6.3854,0.4406,0.3722,0.1872,0.5273,0.0847,4.0845,1.7757,0.5053
4,3,4044,4045,2,1,2,1.0000,4044.478,883.000,335.435,8.1634,14.0000,1.2174,0.6792,4.9719,0.0000,0.7500,0.2500,0.0000,0.0000,4.6118,1.0644,0.8261
4,3,4048,4050,3,2,1,0.6667,4048.940,996.720,406.000,8.9154,15.0000,1.2000,0.2864,5.3496,0.5357,0.3214,0.1429,1.0000,0.0000,5.3474,1.4262,0.8200
3,3,4049,4050,2,1,2,0.7500,4049.333,675.000,258.359,8.0329,14.0000,1.0769,0.7225,4.9929,0.5333,0.2667,0.2000,0.7071,0.0000,4.9982,1.7821,1.0000
7,4,4049,4051,3,2,3,0.3889,4050.241,946.785,498.734,10.6619,15.0000,1.3291,1.0780,5.3600,0.3994,0.3420,0.2586,0.7329,0.5294,5.0020,1.7832,0.6835
3,3,4050,4051,2,1,2,0.7500,4050.333,832.000,113.333,7.4223,12.0000,1.0000,0.4714,4.2880,0.5333,0.2667,0.2000,0.7071,0.0000,4.6419,0.3578,1.0000
6,3,4051,4052,2,3,2,0.5000,4051.692,914.277,548.123,9.4883,15.0000,1.3846,0.7954,5.3650,0.5230,0.1584,0.3185,0.3667,0.5079,4.1108,1.4295,0.6154
4,3,4051,4053,3,2,1,0.6667,4052.000,979.833,502.000,8.5839,16.0000,1.3333,0.1667,5.7226,0.5357,0.3214,0.1429,1.0000,0.0000,4.6496,1.0733,0.8333
6,3,4051,4052,2,2,2,0.7500,4051.455,1059.470,653.470,9.6322,12.0000,1.0909,0.8049,4.2880,0.0000,0.6000,0.4000,0.7071,0.5774,4.4688,1.0713,0.5455
4,3,4051,4052,2,1,2,1.0000,4051.489,1108.000,598.489,8.4011,12.0000,1.0213,0.6921,4.2920,0.0000,0.7500,0.2500,0.0000,0.0000,4.6463,1.4303,0.7660
4,3,4053,4055,3,1,2,0.6667,4053.913,801.000,416.435,8.2402,14.0000,1.2174,0.4434,5.0162,0.7576,0.1294,0.1129,0.8507,0.0000,3.9397,1.4335,0.8261
7,3,4054,4055,2,4,3,0.2917,4054.129,1038.414,845.843,9.4807,12.0000,1.2000,0.9479,4.2996,0.7146,0.1193,0.1661,0.0482,0.9157,3.5851,1.0752,0.5143
6,3,4055,4057,3,2,2,0.5000,4055.912,1151.706,461.397,9.9624,15.0000,1.3235,0.6766,5.3834,0.6381,0.1455,0.2164,0.8019,0.3768,4.4870,1.4344,0.5735
5,3,4057,4059,3,1,3,0.5556,4058.017,1005.000,378.000,9.3234,17.0000,1.4655,0.0172,6.1105,0.0000,0.8276,0.1724,0.0000,0.0000,4.6695,0.8981,0.7241
5,3,4058,4060,3,1,2,0.8333,4058.695,518.000,654.441,9.4888,14.0000,1.1864,0.8229,5.0322,0.5854,0.2927,0.1220,0.9487,0.0000,3.9577,0.7189,0.6780
6,3,4058,4060,3,2,2,0.5000,4058.864,715.136,529.424,9.6909,14.0000,1.2727,0.4660,5.0358,0.3810,0.3333,0.2857,0.9487,0.1690,4.3149,1.4387,0.5758
