n_voxels,n_seed,z_min,z_max,z_extent,y_extent,x_extent,fill,centroid_z,centroid_y,centroid_x,snr_cluster,r_peak,r_peak_ratio,peak_offset,snr_peak,linearity,planarity,sphericity,axis_z,normal_z,edge_contrast,decay_drop,seed_grown_ratio
8,3,200,202,3,2,3,0.4444,200.576,643.529,811.129,10.7942,13.0000,1.2235,0.7553,4.6686,0.0000,0.6964,0.3036,0.0000,0.1961,4.1304,0.7187,0.4353
27,8,200,203,4,5,3,0.4500,201.263,679.652,813.172,22.0556,18.0000,1.5235,1.4321,6.4642,0.2834,0.5635,0.1531,0.2247,0.1762,4.6722,2.1571,0.5517
3,3,200,201,2,2,1,0.7500,200.359,763.308,814.000,8.0871,14.0000,1.0769,0.7110,5.0292,0.5333,0.2667,0.2000,0.7071,0.0000,4.3091,1.0785,1.0000
26,5,200,203,4,7,5,0.1857,200.928,776.061,822.426,19.5146,20.0000,1.8773,1.3868,7.1824,0.8135,0.1279,0.0586,0.3581,0.4691,3.7719,1.0782,0.3357
31,3,200,203,4,7,7,0.1582,200.659,779.626,809.448,21.7409,15.0000,1.3798,0.8801,5.3868,0.8509,0.0381,0.1111,0.1986,0.3611,4.3096,1.4363,0.3798
14,8,200,202,3,3,4,0.3889,200.506,781.383,802.450,17.2789,18.0000,1.4000,0.7778,6.4661,0.5458,0.1214,0.3328,0.1244,0.1589,4.8492,1.7967,0.6778
29,5,200,203,4,5,7,0.2071,200.946,796.091,791.956,19.7451,15.0000,1.4696,1.7819,5.3868,0.8597,0.0876,0.0527,0.0506,0.1723,3.2342,1.0791,0.3007
17,6,202,204,3,3,4,0.4722,203.098,163.287,702.575,15.1701,14.0000,1.3678,0.5225,5.0324,0.2943,0.2605,0.4453,0.3030,0.6051,3.2350,1.0786,0.4368
19,3,202,205,4,4,3,0.3958,203.388,164.287,676.048,15.5055,15.0000,1.5160,0.8131,5.3919,0.3997,0.2995,0.3008,0.5078,0.0995,2.8754,1.0790,0.2128
37,5,202,205,4,3,15,0.2056,203.339,163.619,731.371,22.1630,18.0000,1.7760,2.6783,6.4703,0.9720,0.0043,0.0237,0.0010,0.2504,3.2352,1.0786,0.2587
25,3,202,204,3,3,9,0.3086,203.122,165.906,661.359,17.6142,13.0000,1.3265,2.7946,4.6730,0.9070,0.0582,0.0348,0.0016,0.1322,2.8766,1.4375,0.2571
23,4,202,205,4,3,7,0.2738,203.530,167.374,782.388,16.4175,13.0000,1.3653,0.9069,4.6745,0.8550,0.0626,0.0825,0.1355,0.4718,2.8764,1.0781,0.2283
51,4,203,205,3,4,11,0.3864,203.762,144.067,684.248,23.9149,13.0000,1.3958,2.8560,4.6745,0.8822,0.0666,0.0512,0.0151,0.9431,3.5950,1.0793,0.1621
64,3,203,206,4,4,18,0.2222,203.874,142.942,709.952,27.0571,16.0000,1.7010,5.0501,5.7532,0.9700,0.0147,0.0152,0.0096,0.8790,2.8767,1.4393,0.1312
61,4,203,205,3,5,15,0.2711,204.155,146.232,772.134,26.7502,14.0000,1.4699,2.0234,5.0341,0.9540,0.0175,0.0285,0.0092,0.9915,2.8764,1.0791,0.1515
55,8,203,205,3,3,16,0.3819,203.660,165.222,761.675,26.2277,15.0000,1.5250,0.7874,5.3937,0.9672,0.0062,0.0266,0.0059,0.9937,2.8771,1.0776,0.2384
66,3,203,206,4,5,15,0.2200,204.010,169.862,800.780,26.5567,14.0000,1.5400,3.7825,5.0341,0.9271,0.0361,0.0368,0.0092,0.9916,3.5942,1.4376,0.0883
11,3,203,205,3,2,3,0.6111,203.914,174.250,833.776,12.5760,15.0000,1.4224,0.3467,5.3937,0.3215,0.3100,0.3684,0.7071,0.1925,2.8764,0.7205,0.3534
21,4,203,205,3,4,4,0.4375,203.990,176.618,836.327,15.6148,12.0000,1.2663,0.6992,4.3149,0.3896,0.2631,0.3473,0.2650,0.9444,2.8769,1.0788,0.2412
33,7,203,205,3,4,11,0.2500,203.595,183.761,738.733,20.4031,14.0000,1.4172,1.7958,5.0341,0.9077,0.0293,0.0630,0.0505,0.9174,2.8780,1.0792,0.3098
87,4,203,206,4,6,18,0.2014,203.919,185.970,771.688,33.0372,15.0000,1.5228,4.6892,5.3937,0.9515,0.0233,0.0252,0.0066,0.9666,2.8780,1.0794,0.1809
25,3,203,205,3,3,7,0.3968,203.770,185.975,660.525,17.5461,14.0000,1.4344,2.5927,5.0324,0.8637,0.0143,0.1220,0.1131,0.7019,2.8777,1.0793,0.2623
43,3,203,206,4,6,9,0.1991,204.215,185.731,871.758,22.6486,13.0000,1.3535,1.3095,4.6745,0.8558,0.0628,0.0814,0.0125,0.9329,2.8774,1.0795,0.1768
15,3,203,205,3,3,4,0.4167,203.651,187.243,782.750,14.1105,13.0000,1.2829,0.7389,4.6745,0.4215,0.1012,0.4773,0.3427,0.2639,2.8766,0.7196,0.2500
23,3,203,205,3,3,4,0.6389,204.028,187.806,788.472,16.1953,15.0000,1.5972,0.5114,5.3937,0.3889,0.1541,0.4570,0.0199,0.6850,2.5157,0.7198,0.1852
62,3,203,206,4,4,14,0.2768,203.991,189.647,799.611,26.3952,13.0000,1.3945,3.6683,4.6745,0.9422,0.0124,0.0454,0.0037,0.9288,2.8755,1.4373,0.1055
53,5,203,205,3,6,16,0.1840,204.202,190.219,885.630,25.4879,14.0000,1.4380,3.6420,5.0341,0.9399,0.0399,0.0202,0.0282,0.9993,3.5966,1.4381,0.3198
23,3,203,205,3,3,6,0.4259,203.784,193.189,817.662,16.6438,13.0000,1.3468,1.3077,4.6745,0.5779,0.1470,0.2751,0.1189,0.9928,2.8765,1.0784,0.1712
58,3,203,206,4,6,12,0.2014,204.412,193.969,899.311,26.2552,14.0000,1.4604,2.9390,5.0358,0.8398,0.1135,0.0468,0.0264,0.9815,2.8780,1.0790,0.2248
31,4,203,205,3,4,8,0.3229,204.017,194.749,824.908,19.0519,14.0000,1.4712,1.6602,5.0341,0.7955,0.0830,0.1215,0.0504,0.8554,3.5955,1.0786,0.1729
14,3,203,205,3,3,5,0.3111,204.155,199.345,910.831,13.6471,13.0000,1.2817,0.9130,4.6745,0.6902,0.0826,0.2272,0.0622,0.1817,3.2364,1.0790,0.2676
36,3,203,206,4,5,9,0.2000,204.375,200.794,917.401,20.6185,14.0000,1.4651,1.3255,5.0341,0.7467,0.1378,0.1154,0.0784,0.9827,2.8775,1.0776,0.1831
50,7,203,205,3,7,11,0.2165,204.261,212.603,890.654,25.1231,16.0000,1.6194,1.4275,5.7532,0.7800,0.1516,0.0683,0.0092,0.9908,3.5966,1.0796,0.2409
52,4,204,207,4,5,12,0.2167,205.652,103.306,712.202,25.2458,14.0000,1.4387,2.3986,5.0358,0.9350,0.0238,0.0412,0.0053,0.9495,2.5204,1.0796,0.1739
38,4,204,207,4,4,9,0.2639,205.663,104.102,746.222,21.8284,14.0000,1.4225,1.9004,5.0358,0.8723,0.0218,0.1058,0.0149,0.9724,2.8794,1.0780,0.2032
37,5,204,207,4,5,9,0.2056,205.530,104.295,679.831,20.6418,15.0000,1.5903,2.0323,5.3955,0.8441,0.0710,0.0849,0.0796,0.9659,2.8772,0.7207,0.1920
15,3,204,206,3,3,4,0.4167,205.154,109.248,630.268,13.8390,13.0000,1.3087,1.3017,4.6761,0.6663,0.0460,0.2877,0.1856,0.0146,3.0572,1.2580,0.2550
12,3,204,206,3,4,3,0.3333,205.407,111.407,616.720,12.2545,13.0000,1.3220,1.0180,4.6761,0.4741,0.2240,0.3019,0.1958,0.3338,2.5190,0.7202,0.3136
54,7,204,206,3,7,11,0.2338,204.843,122.774,731.040,25.5501,16.0000,1.6552,1.9790,5.7552,0.8420,0.1045,0.0535,0.0311,0.9991,2.8775,1.0785,0.2663
36,5,204,206,3,4,9,0.3333,204.806,124.242,679.749,20.0820,13.0000,1.3970,1.7765,4.6761,0.8805,0.0401,0.0794,0.0498,0.9489,2.8765,1.0793,0.1851
24,3,204,206,3,3,6,0.4444,204.936,123.760,696.627,17.1074,15.0000,1.5451,2.3864,5.3955,0.7801,0.0755,0.1444,0.1026,0.2544,2.8773,1.0782,0.2790
15,4,204,206,3,3,4,0.4167,204.740,123.662,703.636,14.3014,15.0000,1.4610,0.8912,5.3955,0.3255,0.2167,0.4578,0.4336,0.3606,2.5184,1.0801,0.3766
39,7,204,206,3,5,10,0.2600,204.834,123.326,720.286,21.5405,16.0000,1.6684,1.8490,5.7552,0.8735,0.0591,0.0674,0.0029,0.9866,2.8764,0.7194,0.2567
45,4,204,207,4,5,9,0.2500,204.967,124.444,755.058,22.9496,13.0000,1.3668,1.1960,4.6777,0.7601,0.1221,0.1179,0.0864,0.9876,2.8775,1.0797,0.1776
54,4,204,206,3,5,12,0.3000,205.069,125.683,767.572,26.2863,14.0000,1.4078,2.5236,5.0358,0.9221,0.0179,0.0600,0.0044,0.9887,3.2372,1.0792,0.3035
23,4,204,206,3,3,5,0.5111,205.124,125.872,776.225,16.3513,13.0000,1.3716,1.1730,4.6761,0.6893,0.0267,0.2839,0.3656,0.9148,2.5174,0.5397,0.2294
32,4,204,206,3,4,6,0.4444,205.084,126.857,781.299,19.5853,16.0000,1.6623,1.1843,5.7552,0.3412,0.3253,0.3335,0.1934,0.9765,2.5177,0.7204,0.2500
46,4,204,206,3,5,12,0.2556,204.996,128.222,790.268,23.9188,17.0000,1.7339,1.2508,6.1149,0.9143,0.0350,0.0507,0.0197,0.9820,2.8780,1.0791,0.2328
25,3,204,206,3,5,5,0.3333,205.033,129.074,798.881,17.5536,14.0000,1.4344,0.1437,5.0358,0.4221,0.2541,0.3238,0.1428,0.8197,2.8786,1.0782,0.2541
37,3,204,206,3,5,8,0.3083,205.201,130.121,805.504,21.4673,16.0000,1.6309,1.7465,5.7552,0.6551,0.1947,0.1502,0.0561,0.9976,2.8766,1.0786,0.1901
14,3,204,205,2,3,4,0.5833,204.550,130.740,622.664,12.5916,13.0000,1.3893,0.6944,4.6745,0.7666,0.0091,0.2243,0.0766,0.8708,2.3379,1.0787,0.2824
46,4,204,207,4,6,11,0.1742,205.027,132.013,814.501,23.7069,14.0000,1.4407,1.5014,5.0358,0.9203,0.0160,0.0637,0.0145,0.9888,2.8776,1.0795,0.1432
49,9,204,207,4,6,9,0.2269,205.350,132.862,823.593,25.3877,15.0000,1.4879,1.1037,5.3955,0.7767,0.1395,0.0838,0.0410,0.9888,2.8784,1.0790,0.2935
117,3,204,207,4,8,19,0.1924,205.323,135.900,838.669,37.5484,14.0000,1.4508,5.6788,5.0358,0.9365,0.0452,0.0182,0.0033,0.9872,2.8787,1.2589,0.2090
97,3,204,207,4,10,16,0.1516,205.270,142.886,868.584,33.0191,14.0000,1.5022,2.4336,5.0358,0.9095,0.0685,0.0220,0.0247,0.9970,2.8775,1.0789,0.1228
48,4,204,206,3,7,12,0.1905,205.082,193.926,952.249,23.9870,13.0000,1.3506,2.7153,4.6761,0.7964,0.1615,0.0420,0.0174,0.9998,2.8777,1.0802,0.2100
15,3,204,207,4,4,4,0.2344,205.326,203.021,709.931,13.3754,14.0000,1.4583,0.3343,5.0358,0.4848,0.3507,0.1645,0.2859,0.2757,2.8772,1.0792,0.2708
29,5,204,206,3,5,7,0.2762,205.239,203.667,973.598,18.4369,14.0000,1.4710,0.7250,5.0358,0.6616,0.2519,0.0865,0.0815,0.9966,2.5181,0.8993,0.2283
49,5,204,207,4,4,15,0.2042,205.099,207.332,776.201,25.5397,15.0000,1.4789,0.9814,5.3974,0.9612,0.0122,0.0265,0.0361,0.1238,3.2361,1.0786,0.3380
37,3,204,206,3,6,9,0.2284,205.139,208.042,981.339,21.2894,14.0000,1.4389,2.0716,5.0358,0.7073,0.2119,0.0807,0.0018,0.9863,2.8784,1.0799,0.2111
57,5,204,207,4,4,13,0.2740,205.277,213.496,815.688,25.6347,15.0000,1.5892,1.9020,5.3974,0.9528,0.0054,0.0418,0.0381,0.9984,2.8776,1.0787,0.1673
60,6,204,206,3,8,16,0.1562,204.722,223.735,969.467,26.2345,15.0000,1.5929,1.9574,5.3955,0.9145,0.0648,0.0207,0.0097,0.9974,2.8762,0.7199,0.2018
29,3,204,206,3,5,9,0.2148,205.159,223.221,856.616,18.4364,13.0000,1.3659,0.8830,4.6761,0.8310,0.1121,0.0569,0.1577,0.9668,2.8774,1.0789,0.2210
25,3,204,206,3,6,5,0.2778,204.975,232.811,987.172,17.1216,15.0000,1.5756,1.2018,5.3955,0.7856,0.0639,0.1505,0.0420,0.9672,2.8774,0.7195,0.2185
18,3,204,206,3,4,4,0.3750,205.117,239.172,996.911,15.2614,14.0000,1.4000,0.2262,5.0358,0.3637,0.1811,0.4553,0.2236,0.9575,2.5195,0.8995,0.2167
13,3,204,207,4,4,3,0.2708,205.628,257.535,946.326,12.8723,13.0000,1.3101,0.7284,4.6777,0.6254,0.1390,0.2356,0.4975,0.6865,2.8774,0.7194,0.2868
28,5,205,207,3,4,5,0.4667,205.949,104.681,753.788,18.5639,17.0000,1.7436,0.8511,6.1170,0.4147,0.2007,0.3846,0.1701,0.8969,2.5190,1.0783,0.2564
97,4,205,207,3,7,20,0.2310,205.842,107.875,790.261,34.0121,13.0000,1.3545,3.0783,4.6777,0.9666,0.0172,0.0162,0.0242,0.9997,2.8786,1.0786,0.1740
92,9,205,208,4,7,16,0.2054,206.116,117.557,847.441,33.0892,14.0000,1.4603,3.4877,5.0376,0.9127,0.0551,0.0322,0.0141,0.9954,2.8784,1.0792,0.2188
53,4,205,208,4,7,10,0.1893,206.255,123.356,869.925,25.5556,13.0000,1.3327,2.9572,4.6794,0.8807,0.0666,0.0527,0.0234,0.9360,2.8795,1.0789,0.1431
19,7,205,207,3,4,4,0.3958,205.495,140.436,855.397,16.8372,15.0000,1.3971,0.7765,5.3974,0.5725,0.1043,0.3232,0.1535,0.9804,3.0578,1.0787,0.4510
27,3,205,208,4,5,5,0.2700,205.922,162.665,932.331,17.7965,13.0000,1.3658,1.6556,4.6777,0.6283,0.1419,0.2297,0.3468,0.8521,2.1595,0.3605,0.1946
58,4,205,207,3,9,10,0.2148,205.781,166.400,939.369,26.3621,16.0000,1.6631,3.1769,5.7552,0.8431,0.1152,0.0418,0.0531,0.9966,2.8784,1.0791,0.1828
37,3,205,207,3,6,6,0.3426,206.052,178.622,967.870,20.5272,13.0000,1.3862,1.6302,4.6777,0.1389,0.6040,0.2571,0.0139,0.9997,2.5188,1.0793,0.1095
50,3,205,207,3,6,9,0.3086,206.160,189.557,990.641,23.5621,14.0000,1.5119,1.9881,5.0376,0.5074,0.4221,0.0705,0.0510,0.9930,2.5193,1.0794,0.1080
58,3,205,208,4,9,10,0.1611,206.432,201.143,1011.678,25.7066,12.0000,1.2794,3.8761,4.3195,0.6779,0.2669,0.0552,0.0163,0.9968,2.8788,1.0790,0.1544
30,6,205,208,4,3,8,0.3125,206.557,223.527,699.943,19.7124,18.0000,1.8000,0.7329,6.4769,0.8337,0.0602,0.1061,0.0884,0.1415,2.8807,1.0792,0.2733
19,3,205,207,3,6,5,0.2111,205.693,245.238,1042.958,15.6002,15.0000,1.5079,1.5951,5.3974,0.8276,0.0431,0.1293,0.0515,0.9217,2.5199,0.7199,0.2804
49,3,206,207,2,6,11,0.3712,206.437,135.849,912.205,24.8319,13.0000,1.3188,0.9764,4.6794,0.8312,0.1215,0.0473,0.0208,0.9998,3.2383,1.0783,0.2526
83,5,206,208,3,8,13,0.2660,206.512,139.622,924.050,31.7607,14.0000,1.4453,3.2963,5.0376,0.8808,0.0898,0.0293,0.0057,0.9999,3.7784,1.2588,0.1393
29,6,206,208,3,5,6,0.3222,206.882,148.329,946.166,19.3165,15.0000,1.5052,0.7015,5.3993,0.5216,0.2874,0.1910,0.2380,0.9645,2.5209,0.7207,0.3253
10,3,206,208,3,2,3,0.5556,207.217,162.745,983.670,12.0667,14.0000,1.3208,0.7487,5.0412,0.4646,0.1560,0.3794,0.8451,0.1925,2.5190,0.7212,0.3868
55,3,206,208,3,4,16,0.2865,206.760,223.187,717.544,25.4309,14.0000,1.4695,3.6308,5.0394,0.9657,0.0105,0.0238,0.0308,0.9536,2.5202,0.7213,0.1927
40,4,206,209,4,3,12,0.2778,206.878,224.342,743.782,22.9353,16.0000,1.5881,3.2388,5.7593,0.9519,0.0180,0.0302,0.0832,0.5502,2.8784,1.0784,0.2035
72,5,206,208,3,5,16,0.3000,206.845,225.408,760.852,29.7356,14.0000,1.4379,4.9415,5.0376,0.9531,0.0147,0.0322,0.0256,0.9985,2.8795,1.0789,0.2168
16,3,206,208,3,3,6,0.2963,206.669,226.368,771.472,14.6664,15.0000,1.4724,1.0342,5.3974,0.8175,0.0374,0.1451,0.0679,0.4997,2.8780,0.3600,0.2515
30,3,206,208,3,4,11,0.2273,206.580,226.651,659.648,18.4641,14.0000,1.4947,1.0863,5.0376,0.9529,0.0101,0.0370,0.0033,0.3498,2.5199,1.0783,0.1388
15,3,206,208,3,3,4,0.4167,206.887,227.246,650.423,13.1970,13.0000,1.3732,1.2995,4.6777,0.5200,0.1734,0.3066,0.4073,0.2349,2.5194,0.7191,0.2606
107,6,206,209,4,7,25,0.1529,206.852,230.103,798.634,36.3622,15.0000,1.5359,8.5791,5.3993,0.9846,0.0047,0.0107,0.0092,0.9979,2.8806,1.0795,0.1856
23,7,206,208,3,4,6,0.3194,207.016,236.754,828.389,18.9142,17.0000,1.5516,0.4605,6.1192,0.6646,0.0659,0.2695,0.1011,0.9896,3.5995,1.0799,0.3849
20,3,206,208,3,4,5,0.3333,206.926,238.094,835.926,16.3387,14.0000,1.3793,1.2980,5.0394,0.6381,0.2124,0.1495,0.0506,0.7938,2.8796,1.0781,0.3054
19,7,206,208,3,5,3,0.4222,206.575,243.615,1075.260,16.5134,15.0000,1.4250,0.6296,5.3993,0.6144,0.0891,0.2965,0.0042,0.9500,2.8786,0.7196,0.4600
21,3,206,209,4,5,5,0.2100,207.180,278.118,1117.118,16.5749,15.0000,1.4929,0.2460,5.3993,0.3450,0.3906,0.2644,0.0329,0.8339,3.2393,1.0808,0.2986
21,5,207,208,2,3,7,0.5000,207.579,214.612,1069.622,16.4201,14.0000,1.4067,2.7541,5.0394,0.8258,0.0919,0.0823,0.0810,0.9810,2.8794,0.7199,0.3014
13,3,207,210,4,2,5,0.3250,208.436,259.936,592.329,13.9840,16.0000,1.4857,0.5495,5.7614,0.5589,0.3464,0.0948,0.5135,0.0417,2.8802,0.7192,0.3214
26,5,208,210,3,4,10,0.2167,208.506,243.857,684.579,18.2936,14.0000,1.4054,1.5111,5.0431,0.9017,0.0472,0.0511,0.0454,0.9955,2.5223,0.7206,0.2973
31,7,208,210,3,4,10,0.2583,208.749,251.769,802.350,19.6013,14.0000,1.4323,2.6720,5.0431,0.9250,0.0267,0.0483,0.0087,0.4010,2.5213,0.7214,0.2937
30,3,208,210,3,4,9,0.2778,208.867,256.213,824.287,18.8082,15.0000,1.5734,3.2963,5.4033,0.8770,0.0257,0.0973,0.0752,0.6947,2.5221,1.0800,0.2273
19,3,208,210,3,7,4,0.2262,209.194,1211.622,653.821,16.1984,15.0000,1.4541,0.6760,5.4033,0.7429,0.1465,0.1106,0.0100,0.9187,3.2410,1.0800,0.2653
7,3,209,210,2,4,2,0.4375,209.429,332.229,995.457,9.5318,12.0000,1.2000,0.6670,4.3240,0.7899,0.0127,0.1974,0.3550,0.6115,2.8826,0.7201,0.5143
12,4,209,210,2,5,3,0.4000,209.605,1162.756,533.571,12.3768,12.0000,1.2101,0.8672,4.3240,0.7168,0.0939,0.1894,0.1649,0.9779,2.8829,0.7204,0.4034
9,4,209,211,3,3,2,0.5000,210.198,1174.218,572.634,12.1311,15.0000,1.3366,1.0259,5.4050,0.5067,0.2821,0.2111,0.4953,0.4922,3.2435,0.9008,0.5050
23,4,209,212,4,5,4,0.2875,210.491,1191.200,640.243,17.2814,13.0000,1.3000,1.5070,4.6847,0.2029,0.5382,0.2589,0.4228,0.9062,2.8827,1.0804,0.3217
28,3,209,212,4,7,4,0.2500,210.599,1192.131,651.319,19.2039,14.0000,1.3901,1.3849,5.0450,0.7839,0.0823,0.1338,0.0159,0.9978,3.2430,1.0811,0.3085
45,6,209,211,3,5,14,0.2143,210.004,1210.176,771.052,24.9767,17.0000,1.6452,1.2561,6.1257,0.9359,0.0325,0.0316,0.0023,0.9923,3.2418,0.7211,0.3828
11,3,209,210,2,5,3,0.3667,209.534,1213.216,667.457,12.6009,16.0000,1.5172,0.7919,5.7635,0.7630,0.0564,0.1807,0.0316,0.8492,2.5223,0.7207,0.3621
13,3,209,210,2,5,2,0.6500,209.367,1213.950,670.475,13.8887,15.0000,1.4029,1.1455,5.4033,0.7329,0.0556,0.2115,0.0436,0.5563,3.2430,0.7207,0.4604
40,4,209,211,3,6,9,0.2469,209.825,1213.752,741.085,24.0979,18.0000,1.7021,1.6632,6.4860,0.8574,0.0833,0.0592,0.0438,0.9982,3.2430,0.7210,0.3499
18,4,209,211,3,5,2,0.6000,209.885,1214.891,707.246,15.5411,17.0000,1.6721,1.1420,6.1257,0.6204,0.2359,0.1437,0.1762,0.2692,2.8827,0.3608,0.3770
5,3,209,210,2,3,2,0.4167,209.339,1215.679,714.143,9.0223,13.0000,1.1607,1.3717,4.6829,0.6999,0.1281,0.1720,0.4304,0.6887,3.2426,0.3608,0.6607
11,4,209,210,2,4,3,0.4583,209.492,1215.976,690.177,13.4698,17.0000,1.5081,0.5387,6.1257,0.6228,0.1866,0.1905,0.3074,0.9416,3.2438,1.0810,0.5403
34,3,209,212,4,5,10,0.1700,210.006,1221.851,816.342,20.7628,14.0000,1.4167,4.8449,5.0447,0.9035,0.0429,0.0535,0.0214,0.9990,2.8830,1.0804,0.2619
9,3,209,210,2,4,2,0.5625,209.446,1226.783,794.391,11.0483,13.0000,1.2717,0.6317,4.6829,0.6745,0.1583,0.1672,0.0866,0.4252,3.2418,0.3602,0.4022
26,3,209,211,3,4,6,0.3611,210.042,1225.602,799.695,18.3019,15.0000,1.5058,1.1567,5.4050,0.6945,0.1237,0.1818,0.0731,0.9291,3.0629,0.7208,0.2587
10,3,209,211,3,3,2,0.5556,209.991,1225.047,805.434,12.0775,14.0000,1.3208,0.4366,5.0447,0.5085,0.2725,0.2190,0.7547,0.0837,3.0628,0.9010,0.3679
25,4,209,211,3,5,7,0.2381,209.855,1228.896,781.438,17.9430,16.0000,1.6064,1.2477,5.7653,0.6267,0.1774,0.1959,0.1528,0.9848,2.8832,1.0811,0.2169
35,3,209,212,4,6,7,0.2083,209.885,1229.659,773.037,21.6204,16.0000,1.5775,0.9486,5.7635,0.7713,0.1204,0.1083,0.1595,0.9830,3.2430,0.3607,0.2592
27,3,209,211,3,7,7,0.1837,210.316,1251.143,755.188,18.4462,14.0000,1.4211,1.4986,5.0450,0.9006,0.0262,0.0732,0.0876,0.8472,2.8829,0.7209,0.2895
5,3,209,209,1,3,2,0.8333,209.000,1254.344,659.557,9.8268,16.0000,1.3115,0.8606,5.7635,0.5854,0.2927,0.1220,0.0000,1.0000,4.3226,1.0805,0.6885
47,4,210,212,3,5,9,0.3481,211.151,262.556,711.349,23.6540,14.0000,1.4622,0.5849,5.0450,0.8135,0.0860,0.1005,0.0453,0.9944,2.8829,0.7208,0.1667
65,7,210,212,3,6,14,0.2579,210.945,262.989,723.640,29.4106,16.0000,1.5805,4.6402,5.7658,0.9279,0.0371,0.0350,0.0184,0.9960,3.2432,0.7208,0.2584
84,5,210,212,3,5,18,0.3111,210.953,263.861,743.972,31.8872,15.0000,1.5536,3.9744,5.4054,0.9487,0.0279,0.0234,0.0156,0.9719,2.8829,1.4412,0.1739
13,3,210,212,3,3,5,0.2889,211.150,263.271,702.669,13.2929,15.0000,1.4662,0.7373,5.4054,0.5128,0.1674,0.3198,0.0314,0.3201,2.5226,0.7206,0.3008
35,4,210,212,3,4,13,0.2244,210.779,265.057,671.713,20.4052,16.0000,1.6716,3.4593,5.7658,0.9481,0.0224,0.0296,0.0268,0.8950,2.5222,1.0811,0.1970
18,3,210,212,3,4,5,0.3000,210.874,264.829,758.303,14.8639,13.0000,1.3371,0.3700,4.6847,0.6302,0.1771,0.1927,0.0431,0.9879,2.5226,0.9012,0.2171
65,8,210,213,4,7,15,0.1548,211.212,275.864,820.685,28.6513,15.0000,1.5211,1.7506,5.4054,0.9592,0.0156,0.0252,0.0173,0.9631,3.0630,1.0812,0.2777
23,5,210,213,4,3,7,0.2738,211.296,279.840,836.325,18.2594,15.0000,1.4198,2.9308,5.4054,0.8231,0.0891,0.0878,0.1336,0.5654,3.2434,1.0809,0.3909
16,3,210,212,3,3,5,0.3556,211.086,286.006,856.179,14.5947,16.0000,1.5802,0.1989,5.7658,0.5523,0.2170,0.2306,0.2252,0.5936,3.7837,0.5406,0.2654
7,3,210,212,3,2,3,0.3889,211.256,959.846,1184.026,10.6240,15.0000,1.3462,0.7598,5.4058,0.4552,0.3334,0.2114,0.4574,0.0699,3.6036,1.0810,0.6795
9,3,210,213,4,2,3,0.3750,211.462,1129.912,448.077,10.9313,14.0000,1.3846,1.1750,5.0450,0.4970,0.3646,0.1384,0.6529,0.1705,3.2429,0.9010,0.4176
24,3,210,214,5,4,5,0.2400,212.755,1175.452,709.610,17.7296,14.0000,1.3942,2.2466,5.0457,0.5269,0.1982,0.2749,0.4045,0.7778,3.2434,0.7208,0.2199
8,3,210,213,4,2,3,0.3333,210.911,1180.797,599.089,10.0650,13.0000,1.3165,0.2382,4.6847,0.6153,0.2346,0.1501,0.9754,0.2043,2.5226,0.7206,0.4684
11,4,210,212,3,2,5,0.3667,211.000,1181.719,885.132,13.1470,13.0000,1.1818,1.5365,4.6847,0.7268,0.1156,0.1576,0.2524,0.4597,3.2432,0.7207,0.5124
35,3,210,213,4,6,8,0.1823,211.194,1184.926,875.618,20.7103,14.0000,1.4412,2.5635,5.0450,0.9058,0.0253,0.0690,0.1142,0.6327,2.5227,0.7209,0.2235
4,3,210,211,2,2,1,1.0000,210.469,1184.510,615.000,8.8285,14.0000,1.1429,0.6784,5.0447,0.0000,0.7500,0.2500,1.0000,0.0000,3.6034,0.3603,0.7755
45,3,210,214,5,7,7,0.1837,211.830,1186.749,791.694,23.3692,17.0000,1.7586,2.9752,6.1265,0.5075,0.3370,0.1556,0.0895,0.9694,2.8831,1.0810,0.2115
9,3,210,211,2,3,3,0.5000,210.382,1187.730,621.831,10.6902,12.0000,1.2135,0.4971,4.3243,0.5067,0.2821,0.2111,0.3683,0.8652,2.8826,0.7207,0.4045
32,3,210,212,3,9,6,0.1975,210.668,1189.866,648.188,19.9386,16.0000,1.6358,2.5324,5.7653,0.9265,0.0202,0.0533,0.1252,0.6580,2.8829,0.7208,0.2141
29,3,210,212,3,6,5,0.3222,210.932,1194.548,707.199,18.8036,14.0000,1.4448,1.8578,5.0450,0.7585,0.1157,0.1257,0.0979,0.8389,2.5226,0.7206,0.2633
16,3,210,212,3,7,4,0.1905,210.735,1194.741,688.506,15.3150,14.0000,1.3176,2.0959,5.0450,0.8996,0.0516,0.0488,0.1748,0.8787,3.0630,1.0810,0.3882
9,4,210,212,3,4,2,0.3750,210.730,1212.391,858.183,13.8135,21.0000,1.6435,0.5090,7.5676,0.4978,0.3467,0.1555,0.6064,0.2046,3.2435,0.7207,0.5826
16,4,210,212,3,6,4,0.2222,210.847,1228.965,866.465,15.3151,15.0000,1.4118,1.1138,5.4054,0.6881,0.1296,0.1823,0.0492,0.6983,2.8829,0.7208,0.3941
17,3,210,213,4,4,6,0.1771,211.058,1236.590,839.809,15.1203,14.0000,1.3757,1.1277,5.0454,0.4183,0.3859,0.1958,0.0871,0.7721,3.2432,0.3608,0.2254
16,3,211,212,2,4,5,0.4000,211.373,295.713,884.833,13.5138,12.0000,1.2800,0.8222,4.3246,0.4810,0.3769,0.1420,0.1911,0.9409,2.7027,0.9010,0.3200
13,5,211,214,4,3,4,0.2708,212.609,942.203,1172.511,13.2942,15.0000,1.4662,1.0134,5.4061,0.3230,0.4524,0.2246,0.5904,0.7527,2.8832,1.4415,0.4812
6,3,211,212,2,3,2,0.5000,211.537,1164.433,595.881,9.8572,15.0000,1.3433,0.7903,5.4058,0.6373,0.1269,0.2358,0.4046,0.4063,3.0632,1.0811,0.6269
28,7,211,213,3,5,5,0.3733,211.767,1165.411,608.962,19.5462,16.0000,1.5610,1.0716,5.7662,0.2827,0.4099,0.3074,0.0168,0.9722,2.5228,0.7206,0.3833
16,4,211,213,3,4,6,0.2222,212.343,1165.325,619.154,15.2266,14.0000,1.3254,0.4974,5.0457,0.7796,0.0856,0.1348,0.2137,0.9392,2.8831,1.4415,0.4083
39,3,211,214,4,5,10,0.1950,212.328,1170.079,856.344,21.8140,16.0000,1.6508,1.1771,5.7662,0.8931,0.0583,0.0486,0.0069,0.9981,2.5230,0.3605,0.2063
3,3,211,212,2,2,1,0.7500,211.649,1172.324,636.000,7.6983,13.0000,1.0541,0.7252,4.6847,0.5333,0.2667,0.2000,0.7071,0.0000,3.2435,1.0809,1.0000
42,4,211,214,4,8,5,0.2625,212.605,1174.663,697.941,22.8004,14.0000,1.4341,1.4683,5.0457,0.6787,0.2166,0.1047,0.0567,0.9591,2.7029,0.3606,0.2171
38,5,211,215,5,6,6,0.2111,212.149,1179.279,823.522,22.3912,16.0000,1.5875,0.8774,5.7662,0.1788,0.3953,0.4259,0.1506,0.8811,2.8832,0.3606,0.2768
15,3,211,213,3,3,6,0.2778,212.315,1176.586,692.426,15.0746,15.0000,1.3889,0.9849,5.4061,0.7269,0.0920,0.1811,0.0236,0.9214,3.2437,1.0811,0.4815
22,3,211,213,3,6,6,0.2037,212.184,1177.783,832.660,16.2891,14.0000,1.4528,0.4430,5.0454,0.8220,0.0741,0.1039,0.0135,0.7847,2.1624,0.7206,0.2406
35,3,211,213,3,6,5,0.3889,211.839,1182.683,810.663,21.5031,16.0000,1.5864,2.1553,5.7662,0.4255,0.3464,0.2281,0.0302,0.9993,2.5228,0.7208,0.3088
31,3,211,214,4,6,7,0.1845,212.103,1181.268,817.674,20.0655,16.0000,1.6000,2.4405,5.7662,0.6977,0.1946,0.1077,0.1202,0.9841,2.5230,0.7208,0.2935
18,3,211,213,3,5,2,0.6000,211.918,1184.800,801.472,16.5639,17.0000,1.5692,1.2920,6.1265,0.5769,0.2934,0.1297,0.0548,0.4828,2.8831,0.7206,0.2410
27,3,211,213,3,8,4,0.2812,211.816,1187.854,784.837,19.9743,16.0000,1.5000,0.2859,5.7662,0.7960,0.0900,0.1140,0.0566,0.6359,3.2433,0.3604,0.2917
3,3,211,212,2,2,1,0.7500,211.350,1186.700,971.000,8.3224,14.0000,1.0500,0.4610,5.0454,0.5333,0.2667,0.2000,0.7071,0.0000,4.3243,0.9009,1.0000
27,4,211,213,3,4,6,0.3750,211.665,1189.417,778.050,19.2805,16.0000,1.5540,1.3732,5.7658,0.6511,0.1326,0.2162,0.0434,0.9985,2.5230,0.7206,0.3094
15,3,211,214,4,6,3,0.2083,211.883,1197.571,947.006,15.1672,15.0000,1.3804,1.1625,5.4058,0.6070,0.2205,0.1725,0.3091,0.4202,3.2433,0.3604,0.4172
6,3,211,213,3,3,2,0.3333,211.485,1198.985,551.470,9.7100,14.0000,1.2727,0.6973,5.0454,0.4795,0.2713,0.2493,0.8817,0.4719,3.2433,0.7207,0.5758
9,5,211,212,2,4,3,0.3750,211.252,1262.476,814.631,12.3726,13.0000,1.1359,0.6528,4.6850,0.6531,0.1893,0.1577,0.1214,0.8604,3.6036,0.7206,0.6214
12,3,211,212,2,4,4,0.3750,211.440,1264.600,800.032,13.0038,15.0000,1.4400,0.6889,5.4058,0.6552,0.1615,0.1833,0.1936,0.9519,2.8829,0.1802,0.3280
7,5,211,212,2,3,2,0.5833,211.545,1291.955,757.091,11.9863,16.0000,1.2727,0.5548,5.7662,0.5916,0.2044,0.2040,0.1485,0.2953,4.6850,1.8018,0.7955
17,3,211,212,2,6,4,0.3542,211.432,1294.160,706.053,14.7711,14.0000,1.4083,1.0528,5.0450,0.6410,0.2592,0.0998,0.0932,0.8991,3.9640,1.8018,0.2959
6,3,212,213,2,2,2,0.7500,212.712,1123.652,537.530,9.7108,14.0000,1.2727,0.8532,5.0457,0.2000,0.3333,0.4667,0.7071,0.7071,3.2435,0.5406,0.5758
16,3,212,215,4,4,3,0.3333,213.562,1134.012,565.396,15.2278,14.0000,1.3254,0.6880,5.0457,0.5691,0.1259,0.3050,0.4573,0.1151,2.7033,0.5406,0.3728
6,3,212,214,3,2,2,0.5000,213.197,1142.408,590.127,10.4468,17.0000,1.4366,0.4709,6.1269,0.6373,0.1269,0.2358,0.8795,0.0724,3.4240,1.2616,0.6056
36,4,212,215,4,6,8,0.1875,213.447,1169.544,776.547,20.9644,15.0000,1.5473,2.9677,5.4065,0.7304,0.1930,0.0766,0.0155,0.8601,2.8833,1.0812,0.2350
23,3,212,214,3,5,6,0.2556,213.116,1172.667,751.778,16.9090,15.0000,1.5333,1.0309,5.4061,0.5153,0.2988,0.1859,0.0182,0.9998,2.8832,1.0810,0.2844
17,3,213,216,4,5,4,0.2125,214.514,282.040,719.133,15.1237,15.0000,1.4740,0.5329,5.4065,0.4782,0.1820,0.3398,0.0494,0.8015,2.7033,0.7209,0.2370
19,3,213,216,4,3,6,0.2639,214.570,284.790,677.145,15.3806,13.0000,1.3280,0.9114,4.6859,0.6368,0.2123,0.1509,0.0173,0.3765,2.5231,0.3603,0.2634
68,4,213,216,4,7,13,0.1868,214.840,284.404,758.393,28.1498,15.0000,1.5839,2.4159,5.4068,0.8560,0.0922,0.0517,0.0001,0.9928,2.8836,1.0813,0.1584
28,3,213,216,4,4,10,0.1750,214.711,290.137,638.365,18.8687,15.0000,1.5162,1.6663,5.4068,0.9019,0.0339,0.0642,0.0577,0.9091,2.8837,1.0813,0.2852
52,3,213,216,4,5,17,0.1529,214.667,297.229,823.882,24.1927,15.0000,1.6116,4.4947,5.4068,0.9734,0.0058,0.0208,0.0111,0.9978,2.8835,1.0814,0.0847
9,5,213,214,2,4,2,0.5625,213.633,1108.495,520.165,13.0954,18.0000,1.4862,0.6383,6.4878,0.7824,0.0670,0.1506,0.1937,0.4263,4.3249,0.9009,0.6789
36,3,213,216,4,8,7,0.1607,213.934,1140.680,594.889,21.0251,15.0000,1.5429,1.1584,5.4065,0.6104,0.3029,0.0867,0.2188,0.9755,2.8832,1.0811,0.1457
14,3,213,214,2,5,2,0.7000,213.507,1144.296,601.620,13.6783,14.0000,1.3803,0.9474,5.0457,0.8198,0.0164,0.1638,0.0234,0.1504,2.8831,0.7207,0.2746
29,3,213,215,3,7,6,0.2302,213.784,1149.272,631.254,18.9411,16.0000,1.6396,0.8007,5.7669,0.6823,0.2339,0.0838,0.1209,0.9872,2.5231,0.7209,0.2438
5,4,213,214,2,3,1,0.8333,213.590,1153.262,845.000,9.8323,13.0000,1.0656,0.9447,4.6856,0.5854,0.2927,0.1220,0.3162,0.0000,3.2434,-0.5405,0.8361
47,5,213,216,4,9,5,0.2611,214.725,1150.887,664.002,25.6048,17.0000,1.6407,3.3496,6.1273,0.8986,0.0290,0.0724,0.1828,0.4057,2.8832,0.7207,0.4066
21,3,213,215,3,5,6,0.2333,214.319,1155.005,726.191,16.0454,13.0000,1.3382,1.5845,4.6859,0.5932,0.2719,0.1349,0.0885,0.9918,2.5232,0.9010,0.2451
65,7,213,216,4,6,12,0.2257,214.780,1152.840,752.943,29.0603,15.0000,1.5000,3.5747,5.4068,0.8140,0.1340,0.0520,0.0771,0.9969,2.5234,0.7209,0.3092
27,4,213,216,4,6,6,0.1875,214.196,1154.970,676.568,18.7982,16.0000,1.5941,1.7743,5.7669,0.5200,0.3139,0.1660,0.1166,0.9464,3.2436,0.7209,0.2583
30,3,213,215,3,9,7,0.1587,214.301,1154.062,692.614,20.1368,16.0000,1.5686,3.3657,5.7669,0.8851,0.0688,0.0461,0.1232,0.9921,2.8832,0.7209,0.2712
22,3,213,216,4,6,6,0.1528,214.248,1155.664,701.434,17.3671,16.0000,1.5575,1.4932,5.7669,0.5164,0.3260,0.1576,0.2446,0.9693,2.7033,1.0813,0.3496
29,7,213,215,3,7,4,0.3452,213.965,1158.532,825.294,20.7484,17.0000,1.5903,0.5534,6.1273,0.7231,0.0642,0.2127,0.0652,0.8943,2.7033,0.7209,0.3387
15,8,213,215,3,4,4,0.3125,214.107,1156.551,716.051,16.5653,19.0000,1.6011,1.1476,6.8482,0.6349,0.0294,0.3357,0.0143,0.4027,3.6043,0.7210,0.6292
48,6,214,217,4,4,10,0.3000,214.820,282.901,733.317,25.7530,14.0000,1.3576,2.8072,5.0463,0.8497,0.0647,0.0856,0.1226,0.9400,3.2441,0.7210,0.2808
21,7,214,216,3,4,5,0.3500,214.717,284.359,750.067,17.5403,17.0000,1.6009,0.4616,6.1277,0.6464,0.0883,0.2653,0.1960,0.9802,2.5231,0.7210,0.4350
10,3,214,215,2,4,3,0.4167,214.289,285.567,667.103,11.0561,15.0000,1.5464,1.0369,5.4065,0.7060,0.1482,0.1459,0.2958,0.9534,2.3428,1.0812,0.4021
41,6,214,216,3,5,7,0.3905,214.859,288.328,784.510,21.9542,14.0000,1.4718,0.6229,5.0463,0.7349,0.1245,0.1406,0.1288,0.8900,2.8836,0.7209,0.1949
80,3,214,216,3,6,23,0.1932,214.676,291.772,801.474,30.1840,14.0000,1.4953,0.9887,5.0463,0.9839,0.0061,0.0100,0.0073,0.9999,2.8836,1.0812,0.0988
28,8,214,217,4,3,7,0.3333,215.134,311.153,869.121,20.9128,17.0000,1.5505,1.4563,6.1277,0.7148,0.1463,0.1389,0.0751,0.8019,3.2441,0.7210,0.4723
18,4,214,217,4,5,4,0.2250,215.384,327.258,910.526,16.1427,14.0000,1.3263,0.9876,5.0463,0.5434,0.2580,0.1986,0.2656,0.7217,2.8839,1.0815,0.3474
10,3,214,216,3,3,2,0.5556,214.677,1087.717,978.495,11.2843,13.0000,1.3131,0.6553,4.6859,0.2818,0.2486,0.4696,0.7071,0.4082,2.5232,0.7209,0.4949
6,3,214,215,2,2,2,0.7500,214.476,1129.270,906.333,9.2704,13.0000,1.2381,0.6770,4.6859,0.2000,0.3333,0.4667,0.0000,0.0000,2.7033,0.5406,0.5873
58,5,214,218,5,7,11,0.1506,215.701,1132.955,844.129,27.5470,17.0000,1.6942,2.4728,6.1277,0.9268,0.0198,0.0534,0.0193,0.7404,2.8838,1.0814,0.2491
4,3,214,215,2,2,1,1.0000,214.449,1134.449,552.000,8.8308,14.0000,1.1429,0.6350,5.0460,0.0000,0.7500,0.2500,1.0000,0.0000,3.9648,0.3605,0.8163
32,4,214,217,4,6,5,0.2667,215.400,1138.885,823.318,21.6652,18.0000,1.6941,1.7717,6.4882,0.8000,0.0247,0.1754,0.0460,0.8674,2.8838,0.7208,0.3029
17,4,214,217,4,4,4,0.2656,215.435,1148.085,749.644,15.4742,15.0000,1.4407,1.2007,5.4068,0.5924,0.2011,0.2064,0.6203,0.4579,2.5234,0.9010,0.4407
32,6,214,217,4,5,6,0.2667,215.182,1149.301,778.219,20.9640,16.0000,1.5562,0.8567,5.7676,0.5482,0.1967,0.2551,0.1177,0.9654,2.5236,0.7212,0.2979
10,4,214,217,4,4,2,0.3125,215.191,1149.918,682.318,12.5385,17.0000,1.5455,1.2645,6.1280,0.5333,0.3626,0.1041,0.6329,0.1368,2.5230,0.3604,0.5273
17,4,214,216,3,7,4,0.2024,214.931,1149.619,768.302,16.5228,16.0000,1.4392,0.9358,5.7673,0.8341,0.0626,0.1032,0.0030,0.8815,2.8835,0.9011,0.4444
36,3,214,217,4,8,5,0.2250,214.948,1153.989,720.893,21.9876,16.0000,1.5738,2.2526,5.7679,0.8262,0.0758,0.0980,0.1004,0.8908,2.8835,0.7212,0.2568
35,3,214,216,3,5,9,0.2593,214.955,1152.665,762.031,21.4465,16.0000,1.5909,3.4040,5.7673,0.9018,0.0382,0.0599,0.0090,0.7817,2.8834,0.7209,0.2642
6,3,214,215,2,2,2,0.7500,214.500,1151.270,770.311,10.8891,16.0000,1.2973,0.6478,5.7669,0.2000,0.3333,0.4667,0.0000,0.0000,2.7034,0.0001,0.5811
6,3,214,215,2,2,2,0.7500,214.429,1156.614,694.729,10.3005,15.0000,1.2857,0.7967,5.4065,0.2000,0.3333,0.4667,0.0000,0.0000,3.4242,1.0813,0.5857
19,4,214,216,3,7,3,0.3016,214.966,1289.580,865.691,17.1175,17.0000,1.5604,1.2249,6.1280,0.8502,0.0767,0.0731,0.0024,0.1053,3.6043,0.7210,0.3575
5,3,214,216,3,3,1,0.5556,215.309,1288.982,825.000,8.8661,14.0000,1.2727,0.3096,5.0463,0.3318,0.5530,0.1152,1.0000,0.0000,3.9647,0.1802,0.6909
12,3,214,215,2,3,3,0.6667,214.500,1292.262,858.434,12.6942,14.0000,1.3770,1.0555,5.0460,0.4167,0.1733,0.4101,0.0612,0.9710,3.2439,1.0813,0.4098
17,5,215,217,3,4,5,0.2833,215.472,338.682,930.580,15.3868,16.0000,1.5455,0.8464,5.7676,0.7043,0.0699,0.2257,0.1954,0.8333,2.8838,0.7210,0.3864
15,3,215,216,2,5,5,0.3000,215.568,353.993,957.628,13.7746,13.0000,1.3176,1.7478,4.6862,0.7999,0.0935,0.1066,0.0129,0.7952,3.2441,1.0813,0.2500
6,3,215,216,2,3,2,0.5000,215.143,1071.587,1005.333,9.2708,13.0000,1.2381,0.6902,4.6859,0.5034,0.2551,0.2415,0.2255,0.8655,2.7035,0.3605,0.5873
16,7,215,217,3,4,3,0.4444,215.867,1120.707,876.707,16.3113,15.0000,1.3260,0.7768,5.4071,0.3218,0.2564,0.4218,0.1769,0.5842,2.8839,0.9011,0.5359
75,3,215,219,5,8,12,0.1562,217.154,1129.444,633.059,30.8450,16.0000,1.6194,4.1002,5.7679,0.7161,0.2267,0.0572,0.0204,0.9865,2.8841,1.0815,0.2456
27,3,215,217,3,6,4,0.3750,216.011,1130.319,852.641,19.1470,16.0000,1.5652,2.1465,5.7673,0.6226,0.1518,0.2255,0.0200,0.8787,2.8837,0.3604,0.2572
52,4,215,218,4,8,10,0.1625,216.984,1131.685,648.642,25.5455,16.0000,1.6282,2.4556,5.7679,0.8362,0.1135,0.0503,0.0668,0.9971,3.2442,0.9014,0.2094
22,4,215,218,4,5,4,0.2750,216.078,1139.719,818.043,17.7531,18.0000,1.7143,0.2952,6.4885,0.3739,0.4075,0.2186,0.1279,0.5997,2.7036,0.7209,0.3160
37,5,215,217,3,8,10,0.1542,215.424,1142.492,810.307,22.7557,15.0000,1.4453,1.4599,5.4068,0.8134,0.1539,0.0327,0.0702,0.9891,2.8836,1.0813,0.3438
19,3,216,219,4,5,4,0.2375,217.703,1129.579,640.549,16.1275,14.0000,1.3641,1.6663,5.0471,0.6179,0.1877,0.1943,0.2344,0.2687,2.5233,0.7209,0.3385
91,7,216,219,4,7,17,0.1912,217.386,1135.470,684.321,34.8428,17.0000,1.6779,6.3550,6.1284,0.9196,0.0595,0.0208,0.0247,0.9865,2.8841,1.0815,0.3666
43,3,216,220,5,9,6,0.1593,217.648,1133.040,667.698,23.0899,17.0000,1.7405,3.1088,6.1284,0.7074,0.2412,0.0514,0.2227,0.9542,2.5238,0.7211,0.1714
3,3,216,217,2,2,1,0.7500,216.300,1164.350,715.000,8.3249,14.0000,1.0500,0.4610,5.0466,0.5333,0.2667,0.2000,0.7071,0.0000,4.3257,1.0813,1.0000
54,4,217,221,5,6,10,0.1800,218.429,1127.402,786.542,25.5110,14.0000,1.4538,4.6926,5.0471,0.8282,0.0992,0.0725,0.0028,0.9601,2.8842,1.0815,0.1673
122,3,217,220,4,9,17,0.1993,218.005,1132.734,740.892,39.6235,18.0000,1.8089,7.0074,6.4891,0.8449,0.1258,0.0293,0.0102,0.9898,2.8842,1.0815,0.2455
40,7,217,220,4,9,5,0.2222,217.918,1134.150,726.813,22.8574,16.0000,1.5960,0.8746,5.7681,0.7951,0.0697,0.1353,0.1194,0.9643,3.2444,0.7211,0.2718
35,3,217,220,4,9,6,0.1620,218.320,1130.757,765.575,20.7797,15.0000,1.5396,0.5850,5.4076,0.7479,0.1173,0.1348,0.0429,0.9938,2.5237,0.7210,0.2317
257,6,218,221,4,8,53,0.1515,219.185,303.424,738.045,56.6044,19.0000,1.9400,7.9781,6.8499,0.9935,0.0039,0.0026,0.0023,0.9956,2.8843,1.0816,0.2312
47,4,218,221,4,6,10,0.1958,219.251,304.083,684.682,24.1378,14.0000,1.4336,2.5707,5.0473,0.8478,0.0992,0.0529,0.0108,0.9624,2.8843,1.0815,0.1438
99,9,218,221,4,5,21,0.2357,219.163,303.430,699.757,36.7050,17.0000,1.6614,0.6403,6.1289,0.9730,0.0081,0.0189,0.0072,0.9867,2.8843,0.7211,0.3534
32,8,218,221,4,3,10,0.2667,219.359,310.284,639.814,21.2866,20.0000,1.9162,2.9261,7.2104,0.9190,0.0401,0.0409,0.0028,0.0625,2.5237,1.0815,0.3982
15,3,218,220,3,4,5,0.2500,218.937,316.324,822.113,13.2182,13.0000,1.3732,0.9467,4.6868,0.5782,0.2416,0.1803,0.0883,0.9128,2.1630,0.7210,0.2606
16,5,218,220,3,3,5,0.3556,219.299,333.061,870.146,14.7815,15.0000,1.4634,0.7189,5.4080,0.7006,0.1225,0.1769,0.1548,0.9818,3.0645,1.0816,0.4695
27,4,218,220,3,5,9,0.2000,219.255,345.781,898.471,19.0109,14.0000,1.3796,1.3532,5.0473,0.9113,0.0279,0.0609,0.0248,0.9283,2.8842,1.0815,0.3212
8,4,218,221,4,2,3,0.3333,219.644,366.611,940.522,11.4719,13.0000,1.1556,1.0085,4.6869,0.6771,0.1420,0.1808,0.7674,0.2092,3.2449,0.7210,0.5667
13,4,218,220,3,6,2,0.3611,218.800,1112.256,841.648,12.4987,13.0000,1.3520,1.7904,4.6868,0.8133,0.0830,0.1037,0.0786,0.2038,2.5235,0.7210,0.3920
43,3,218,221,4,6,8,0.2240,219.061,1115.450,833.950,24.3007,16.0000,1.5566,2.0995,5.7683,0.4975,0.3101,0.1924,0.0998,0.9403,2.8841,1.0816,0.2964
20,3,218,221,4,6,4,0.2083,218.910,1121.161,805.526,17.0097,15.0000,1.4218,1.9148,5.4080,0.7064,0.1557,0.1379,0.2789,0.6564,2.8841,0.7210,0.3128
7,3,218,219,2,3,3,0.3889,218.763,1124.447,638.395,10.3560,17.0000,1.5658,0.7890,6.1289,0.7170,0.0607,0.2223,0.0879,0.8390,2.8840,1.4421,0.5526
7,3,219,220,2,2,3,0.5833,219.474,329.750,859.224,10.3562,14.0000,1.2895,0.6241,5.0475,0.3883,0.1309,0.4808,0.3626,0.5691,2.8842,1.0816,0.5132
7,3,220,221,2,2,3,0.5833,220.560,835.227,1129.627,10.2203,15.0000,1.4000,0.7986,5.4081,0.4379,0.1023,0.4598,0.0927,0.2727,2.5238,1.0816,0.5333
52,6,220,223,4,6,10,0.2167,221.151,1114.141,661.806,25.7989,17.0000,1.7132,1.4056,6.1292,0.7146,0.1594,0.1261,0.0891,0.9958,2.8844,0.7211,0.2345
15,5,220,223,4,4,4,0.2344,221.348,1115.500,674.285,14.7084,16.0000,1.5190,0.6725,5.7686,0.4391,0.3072,0.2537,0.2063,0.6064,2.8842,1.0816,0.4241
7,3,221,222,2,3,3,0.3889,221.156,1108.169,631.948,10.4929,15.0000,1.3636,0.8472,5.4081,0.6107,0.2231,0.1662,0.1283,0.9038,3.6054,0.7210,0.6623
52,6,221,225,5,8,8,0.1625,222.496,1107.559,781.245,26.8991,17.0000,1.6431,1.5432,6.1293,0.6843,0.2083,0.1075,0.2008,0.9691,3.2449,1.0816,0.2807
34,5,221,223,3,6,5,0.3778,221.958,1114.090,740.628,21.9506,17.0000,1.6282,1.3724,6.1293,0.6252,0.2521,0.1227,0.2518,0.9482,2.8844,0.7211,0.3437
10,4,222,224,3,3,2,0.5556,223.202,1078.018,876.505,12.4275,16.0000,1.4679,0.5438,5.7687,0.0333,0.6640,0.3027,1.0000,0.0000,2.5239,1.0816,0.5138
22,3,222,224,3,6,4,0.3056,223.231,1085.587,858.316,17.2953,16.0000,1.5644,1.7986,5.7687,0.4657,0.3452,0.1891,0.0083,0.9201,2.5238,0.7211,0.4222
55,6,222,224,3,8,12,0.1910,223.025,1095.103,831.480,26.8358,17.0000,1.6938,3.9635,6.1293,0.9159,0.0384,0.0457,0.0536,0.9968,2.8844,1.0816,0.3134
3,3,223,224,2,2,1,0.7500,223.333,1257.667,536.000,7.4937,12.0000,1.0000,0.7454,4.3265,0.5333,0.2667,0.2000,0.7071,0.0000,4.6871,1.0816,1.0000
14,3,224,226,3,2,4,0.5833,224.826,322.590,696.278,13.8753,17.0000,1.6528,0.5246,6.1290,0.3874,0.2587,0.3539,0.5681,0.1473,2.7041,0.7211,0.2917
44,3,224,226,3,4,11,0.3333,224.942,325.681,668.640,23.5344,14.0000,1.4226,1.3983,5.0474,0.9250,0.0296,0.0454,0.0343,0.8045,3.2446,0.7211,0.2055
40,3,224,226,3,4,14,0.2381,224.945,328.431,782.584,22.8589,14.0000,1.3965,4.6190,5.0474,0.9475,0.0205,0.0320,0.0105,0.9402,2.8843,1.0815,0.2469
16,5,224,226,3,3,4,0.4444,224.948,344.798,842.590,15.5929,16.0000,1.4798,0.4605,5.7685,0.5936,0.2248,0.1817,0.1636,0.4005,3.2448,1.0815,0.4104
46,4,224,227,4,6,8,0.2396,225.087,346.839,852.479,24.5054,17.0000,1.6963,2.4861,6.1290,0.5055,0.3193,0.1752,0.0069,0.9940,3.2446,1.0816,0.2321
4,3,224,224,1,4,1,1.0000,224.000,1132.608,557.000,9.1938,15.0000,1.1765,0.3922,5.4081,0.9375,0.0000,0.0625,0.0000,1.0000,5.0475,1.4421,0.8039
25,4,225,228,4,5,5,0.2500,226.721,1096.140,728.453,18.6018,14.0000,1.3566,2.2258,5.0469,0.6689,0.1356,0.1955,0.1010,0.9946,2.8843,0.7211,0.3411
14,5,226,229,4,3,3,0.3889,227.642,856.570,352.609,14.5476,14.0000,1.2980,0.7778,5.0466,0.1992,0.5728,0.2279,0.7126,0.2184,4.3257,1.8022,0.4238
51,6,226,229,4,7,9,0.2024,227.252,1089.871,773.060,26.2488,15.0000,1.4712,2.9540,5.4074,0.6209,0.2813,0.0978,0.0941,0.9936,2.8841,0.7212,0.3788
60,10,226,229,4,5,9,0.3333,227.100,1093.314,750.677,28.9474,16.0000,1.5434,1.7088,5.7679,0.7842,0.1038,0.1120,0.0666,0.9789,3.2444,1.0813,0.3408
55,5,226,229,4,9,9,0.1698,227.252,1091.256,759.716,27.1719,15.0000,1.4758,2.4158,5.4074,0.6784,0.2568,0.0647,0.1593,0.9642,3.2442,0.9013,0.3220
13,5,226,228,3,6,3,0.2407,226.626,1096.338,703.137,13.8980,16.0000,1.4964,1.7089,5.7679,0.8251,0.0640,0.1109,0.2496,0.5540,2.8840,0.3606,0.4892
18,3,226,228,3,5,4,0.3000,226.885,1095.862,706.437,14.7848,12.0000,1.2414,0.9966,4.3262,0.6933,0.1745,0.1322,0.2923,0.8195,3.0642,1.0815,0.2759
25,3,226,228,3,5,7,0.2381,226.645,1096.529,714.269,17.4483,15.0000,1.5496,1.8449,5.4074,0.8418,0.1016,0.0567,0.0186,0.7599,2.5237,0.7210,0.2149
26,9,227,230,4,4,6,0.2708,228.479,401.906,710.283,20.2175,18.0000,1.6364,1.3730,6.4884,0.6806,0.0452,0.2742,0.0385,0.9655,2.5234,0.7212,0.4685
113,7,227,230,4,6,20,0.2354,228.700,402.192,730.490,38.0785,15.0000,1.5093,1.7387,5.4065,0.9614,0.0229,0.0157,0.0187,0.9987,3.6045,1.0816,0.3375
34,8,227,230,4,4,7,0.3036,228.631,402.322,703.569,22.8102,19.0000,1.7507,1.0215,6.8489,0.7359,0.0754,0.1888,0.0022,0.9656,3.2439,1.0814,0.4472
137,4,227,230,4,8,28,0.1529,228.702,408.831,782.398,42.0658,18.0000,1.8053,4.5600,6.4878,0.9680,0.0233,0.0087,0.0215,0.9994,3.2440,0.7213,0.2291
36,3,227,231,5,5,7,0.2057,228.763,420.746,707.726,21.0258,14.0000,1.4400,1.1015,5.0466,0.7895,0.0719,0.1386,0.2431,0.8190,2.8838,0.7211,0.1886
34,3,227,231,5,5,7,0.1943,228.916,422.710,684.533,19.8424,13.0000,1.3769,1.6914,4.6857,0.4057,0.2851,0.3091,0.2431,0.9119,2.5234,1.0811,0.1900
66,7,227,231,5,5,14,0.1886,228.685,421.626,719.766,29.9038,16.0000,1.5668,3.3094,5.7670,0.8917,0.0481,0.0603,0.0350,0.9992,3.0634,1.0814,0.3056
26,3,227,230,4,5,6,0.2167,228.642,421.642,730.575,16.9655,13.0000,1.4083,2.3918,4.6851,0.4865,0.3367,0.1767,0.0247,0.9550,2.5231,0.7209,0.2542
20,7,227,229,3,3,5,0.4444,228.262,426.343,664.190,16.9263,16.0000,1.5238,1.3848,5.7675,0.6583,0.0359,0.3058,0.1503,0.9880,2.8837,1.0812,0.4429
17,7,227,230,4,3,4,0.3542,228.534,429.042,649.429,16.5228,14.0000,1.2593,0.7835,5.0466,0.5267,0.0840,0.3893,0.3197,0.3006,2.8840,0.3607,0.4762
20,3,227,230,4,4,4,0.3125,228.581,433.016,794.916,15.3944,12.0000,1.2565,2.2892,4.3256,0.6069,0.1226,0.2705,0.2868,0.9579,2.8836,1.0813,0.3141
5,3,227,229,3,2,1,0.8333,228.196,1054.446,496.000,9.0274,13.0000,1.1607,0.4877,4.6861,0.5854,0.2927,0.1220,0.9487,0.0000,4.6861,1.4420,0.6786
25,3,227,230,4,5,5,0.2500,228.394,1070.064,843.894,17.0134,13.0000,1.3771,1.2626,4.6857,0.4615,0.1462,0.3923,0.2294,0.8749,2.8838,0.7213,0.1568
6,3,227,228,2,3,2,0.5000,227.716,1073.970,832.478,9.8600,14.0000,1.2537,0.5563,5.0466,0.4412,0.1872,0.3716,0.0000,0.0000,3.4246,0.0002,0.5672
19,3,227,229,3,3,5,0.4222,228.055,1075.794,827.271,16.4566,16.0000,1.5276,1.7418,5.7675,0.6671,0.0382,0.2947,0.3716,0.0823,3.2442,0.7210,0.3417
16,4,227,229,3,4,3,0.4444,227.975,1080.062,813.710,14.5990,14.0000,1.3827,0.7130,5.0466,0.4810,0.1485,0.3705,0.3168,0.8130,2.5235,0.7207,0.3210
23,4,227,230,4,6,5,0.1917,227.682,1083.764,802.399,17.5133,15.0000,1.4807,2.7246,5.4074,0.7739,0.0850,0.1411,0.1108,0.0740,2.8839,0.7209,0.3863
48,4,228,231,4,4,11,0.2727,229.451,342.289,713.395,25.0224,15.0000,1.4969,3.4979,5.4065,0.9272,0.0132,0.0596,0.0259,0.6972,2.8836,1.0812,0.2744
57,5,228,231,4,4,16,0.2227,229.500,342.792,728.045,26.4470,14.0000,1.4404,1.3378,5.0461,0.9676,0.0086,0.0239,0.0080,0.9946,3.2435,1.0809,0.2094
21,3,228,230,3,5,8,0.1750,228.899,346.479,660.166,17.0680,17.0000,1.6452,2.2299,6.1274,0.8911,0.0649,0.0440,0.0112,0.9980,2.5232,0.7211,0.3687
15,3,228,231,4,2,6,0.3125,229.376,364.738,590.436,13.8659,13.0000,1.3087,1.5075,4.6857,0.6806,0.1935,0.1259,0.0433,0.2896,3.2436,0.5409,0.2483
98,10,228,231,4,5,22,0.2227,229.364,382.188,720.815,35.1337,14.0000,1.4218,2.0211,5.0461,0.9750,0.0084,0.0166,0.0051,0.9993,3.0635,1.0810,0.2622
131,5,228,232,5,5,30,0.1747,229.449,383.355,688.153,41.5665,17.0000,1.6871,3.2496,6.1274,0.9850,0.0044,0.0106,0.0037,0.9965,3.2436,1.0810,0.2530
34,3,228,231,4,4,8,0.2656,229.367,387.182,658.291,20.3978,15.0000,1.5455,0.8187,5.4065,0.8697,0.0156,0.1147,0.0188,0.5006,2.5229,0.7211,0.1636
41,7,228,231,4,5,11,0.1864,229.417,389.607,647.142,23.3595,16.0000,1.5807,2.9147,5.7670,0.9332,0.0199,0.0469,0.0251,0.9977,3.2435,1.0813,0.3325
70,7,228,230,3,6,16,0.2431,228.749,403.195,748.215,30.2430,15.0000,1.4957,1.1518,5.4065,0.9467,0.0221,0.0311,0.0127,0.9865,3.2435,0.7209,0.2593
79,8,228,230,3,6,18,0.2438,228.645,402.982,691.072,33.0511,18.0000,1.7448,4.9404,6.4878,0.9544,0.0252,0.0204,0.0278,0.9989,2.8840,1.0812,0.2957
48,3,228,231,4,3,11,0.3636,228.751,405.055,675.070,23.7756,14.0000,1.4705,4.0780,5.0461,0.9222,0.0112,0.0666,0.0260,0.3741,2.5235,0.7210,0.1707
22,3,228,230,3,4,7,0.2619,228.786,405.410,765.981,16.1378,16.0000,1.6762,0.6284,5.7670,0.6329,0.2150,0.1521,0.1179,0.9867,2.8832,1.0811,0.2476
25,4,228,229,2,4,7,0.4464,228.496,410.960,642.306,18.1668,15.0000,1.4881,0.5839,5.4070,0.8108,0.0987,0.0904,0.0152,0.9611,2.8834,0.5409,0.2659
39,5,228,231,4,5,9,0.2167,228.899,414.569,801.606,23.3174,18.0000,1.7376,2.2480,6.4878,0.8700,0.0527,0.0773,0.0643,0.7674,3.2436,1.0812,0.3663
29,4,228,231,4,5,7,0.2071,229.076,418.181,814.861,19.2759,14.0000,1.4097,1.7684,5.0466,0.4806,0.3330,0.1864,0.2221,0.8550,3.2435,1.0813,0.2674
7,3,228,230,3,2,3,0.3889,228.800,419.880,605.333,10.2176,13.0000,1.2133,1.0483,4.6861,0.1917,0.4720,0.3362,0.3600,0.0855,3.2442,1.0812,0.4933
13,4,228,229,2,3,5,0.4333,228.403,425.090,757.382,14.3960,17.0000,1.5347,0.7146,6.1274,0.8485,0.0399,0.1115,0.1597,0.8534,3.2442,0.3606,0.4931
3,3,228,230,3,1,1,1.0000,228.974,432.000,641.000,7.9077,13.0000,1.0263,0.9737,4.6861,0.8889,0.0000,0.1111,1.0000,0.0000,3.6045,0.9008,1.0000
27,5,228,230,3,5,5,0.3600,228.927,440.992,820.271,18.1739,14.0000,1.4427,1.2731,5.0461,0.3022,0.4101,0.2877,0.1692,0.8801,2.8836,0.9013,0.2481
83,4,228,231,4,5,21,0.1976,229.163,441.294,727.315,31.1354,16.0000,1.6874,2.9847,5.7670,0.9708,0.0071,0.0221,0.0099,0.9798,2.8836,1.0813,0.1461
48,4,228,231,4,5,10,0.2400,229.065,441.178,697.354,23.9830,14.0000,1.4577,1.8414,5.0461,0.7965,0.1231,0.0803,0.0931,0.9214,2.8835,0.7213,0.1866
82,8,228,231,4,6,20,0.1708,229.053,443.702,676.635,32.0813,17.0000,1.7295,0.9484,6.1274,0.9656,0.0132,0.0212,0.0137,0.9890,2.8836,1.2614,0.2779
25,3,228,231,4,3,7,0.2976,229.099,445.024,760.806,18.1657,15.0000,1.4881,1.5458,5.4065,0.8360,0.0228,0.1413,0.1340,0.9485,2.8836,0.7209,0.2540
38,3,228,231,4,3,11,0.2879,229.466,461.810,694.835,20.9313,14.0000,1.4860,2.2364,5.0461,0.9220,0.0229,0.0551,0.0093,0.9808,2.8831,1.0812,0.2486
12,4,228,231,4,3,2,0.5000,229.524,1053.754,882.690,13.1093,14.0000,1.3333,0.6563,5.0461,0.5269,0.3108,0.1623,0.9980,0.0593,2.5232,0.3602,0.4127
12,3,228,229,2,5,4,0.3000,228.236,1066.528,853.606,13.2151,14.0000,1.3228,0.6994,5.0466,0.7053,0.1658,0.1289,0.0111,0.9922,2.7036,0.7209,0.3937
8,4,228,230,3,3,2,0.4444,228.908,1084.713,770.184,11.0867,14.0000,1.2874,1.1440,5.0455,0.4507,0.3672,0.1820,0.8887,0.3732,3.4242,0.7209,0.5977
18,3,229,231,3,4,5,0.3000,229.757,345.854,770.038,15.7154,14.0000,1.3622,0.2862,5.0455,0.5426,0.2079,0.2496,0.2075,0.8189,2.8838,0.7207,0.4108
36,4,229,231,3,4,10,0.3000,229.591,348.520,781.861,22.0452,16.0000,1.5695,2.9296,5.7663,0.9099,0.0284,0.0617,0.0165,0.9988,3.2436,1.0809,0.3188
105,10,229,232,4,6,23,0.1902,230.330,362.169,722.819,36.7168,16.0000,1.6092,0.4120,5.7663,0.9574,0.0243,0.0183,0.0250,0.9986,2.8833,0.7212,0.3247
84,3,229,232,4,6,20,0.1750,230.304,362.689,701.156,31.8104,15.0000,1.5575,4.3684,5.4059,0.9642,0.0183,0.0176,0.0049,0.9986,2.8835,0.7211,0.1397
15,3,229,232,4,4,5,0.1875,230.471,363.507,748.164,13.0267,13.0000,1.3929,1.0787,4.6851,0.2561,0.5682,0.1756,0.1905,0.7280,2.5223,0.7212,0.2643
80,4,229,232,4,7,17,0.1681,230.105,369.427,644.411,30.7030,14.0000,1.4698,1.6928,5.0455,0.9494,0.0198,0.0308,0.0046,0.9599,2.8833,1.0813,0.1535
18,3,229,231,3,4,6,0.2500,230.049,367.478,655.489,15.4600,15.0000,1.4835,0.6856,5.4059,0.7673,0.0324,0.2003,0.1934,0.3938,2.8833,1.4412,0.2143
26,4,229,232,4,4,8,0.2031,230.346,366.835,774.946,18.3758,14.0000,1.4000,1.9836,5.0455,0.8662,0.0470,0.0868,0.0098,0.9811,2.7031,1.0809,0.3385
17,4,229,232,4,3,6,0.2361,230.515,378.107,819.882,14.7710,15.0000,1.5089,1.0265,5.4059,0.6664,0.1926,0.1410,0.0417,0.1516,2.7031,0.7211,0.3195
29,5,229,231,3,4,9,0.2685,229.701,394.459,805.388,19.6762,15.0000,1.4796,1.7267,5.4059,0.8847,0.0434,0.0719,0.1293,0.9861,2.8831,0.7206,0.3027
10,3,229,230,2,3,5,0.3333,229.706,401.873,824.363,11.6250,13.0000,1.2745,1.7875,4.6857,0.8317,0.0723,0.0960,0.1874,0.8533,2.5230,1.4413,0.4902
16,3,229,231,3,3,5,0.3556,229.699,403.763,829.468,14.0559,15.0000,1.5385,0.6558,5.4059,0.6965,0.0655,0.2380,0.0895,0.9701,2.5226,1.0809,0.2692
6,3,229,230,2,2,2,0.7500,229.444,409.302,653.381,9.2698,12.0000,1.1429,0.6585,4.3252,0.2000,0.3333,0.4667,0.0000,0.0000,3.0633,0.7206,0.5714
14,4,229,231,3,3,2,0.7778,229.979,414.125,856.368,13.8700,14.0000,1.3611,1.1839,5.0455,0.3587,0.2492,0.3921,0.7379,0.2321,2.8833,0.7209,0.3681
35,4,229,231,3,5,8,0.2917,230.148,418.781,866.456,20.5898,15.0000,1.5533,2.4698,5.4059,0.6521,0.2521,0.0957,0.0648,0.9812,3.2430,1.0810,0.2604
13,3,229,231,3,4,3,0.3611,229.723,461.323,688.162,12.9946,12.0000,1.2000,0.4551,4.3247,0.4513,0.3099,0.2388,0.0642,0.7690,2.8833,1.0809,0.2769
34,3,229,231,3,3,7,0.5397,229.790,461.286,705.364,21.2004,14.0000,1.3878,2.3909,5.0455,0.8299,0.0560,0.1141,0.1030,0.9346,2.8828,0.7208,0.3003
16,5,229,230,2,4,4,0.5000,229.622,460.524,721.720,14.7768,15.0000,1.4634,0.6692,5.4059,0.5761,0.1928,0.2311,0.1417,0.9777,2.8832,0.7204,0.3902
40,3,229,231,3,4,10,0.3333,229.595,462.470,739.810,22.7944,15.0000,1.5000,1.0203,5.4059,0.9273,0.0293,0.0433,0.0030,0.8963,3.2440,1.0813,0.2225
9,3,229,230,2,3,5,0.3000,229.256,479.644,482.011,10.8128,14.0000,1.4000,0.8251,5.0455,0.8013,0.0698,0.1290,0.1090,0.9419,2.5228,0.3605,0.4333
17,5,229,231,3,4,6,0.2361,229.947,481.146,697.357,14.9469,15.0000,1.4912,1.3656,5.4059,0.5604,0.2091,0.2306,0.1141,0.8834,2.5229,0.9009,0.3801
22,5,229,231,3,4,7,0.2619,230.299,480.603,708.140,16.4424,14.0000,1.4393,0.5166,5.0455,0.6910,0.1513,0.1577,0.0344,0.9987,2.8833,0.7209,0.2944
33,3,229,231,3,3,13,0.2821,230.062,480.788,721.077,21.2675,20.0000,1.9469,4.9283,7.2079,0.9727,0.0125,0.0148,0.0189,0.2802,3.2430,1.0807,0.3245
20,5,229,231,3,4,5,0.3333,230.217,481.311,735.915,17.0839,18.0000,1.6981,0.7270,6.4871,0.6344,0.0144,0.3512,0.0727,0.9960,2.8830,0.9009,0.3349
28,5,229,231,3,4,9,0.2593,230.112,483.623,678.194,18.2527,16.0000,1.6716,1.0249,5.7663,0.8559,0.0738,0.0703,0.0205,0.8546,2.5229,0.7208,0.2500
25,10,229,232,4,4,6,0.2604,230.522,485.122,668.439,20.0365,18.0000,1.6187,0.6925,6.4871,0.7349,0.0424,0.2227,0.0983,0.6992,2.8823,0.9007,0.5216
15,3,229,232,4,4,5,0.1875,230.290,493.883,591.455,13.4922,13.0000,1.3448,1.0770,4.6851,0.6428,0.0793,0.2779,0.4265,0.4221,2.5231,1.0811,0.2621
12,3,229,230,2,3,5,0.4000,229.346,509.189,534.780,13.2137,14.0000,1.3228,1.2827,5.0461,0.7562,0.1287,0.1151,0.1862,0.9721,3.0636,0.7209,0.4016
6,3,229,232,4,2,2,0.3750,230.631,976.723,654.615,9.5626,13.0000,1.2000,0.7692,4.6845,0.8460,0.0320,0.1220,0.8735,0.4867,3.9637,1.0811,0.5692
10,3,229,231,3,3,3,0.3704,230.248,983.257,868.782,11.5102,12.0000,1.1881,0.4183,4.3247,0.5822,0.1711,0.2468,0.6301,0.0581,4.3248,1.4415,0.3564
6,4,229,230,2,4,1,0.7500,229.338,1087.074,752.000,10.0056,13.0000,1.1471,0.9863,4.6857,0.8001,0.1345,0.0654,0.2238,0.0000,3.6041,0.0001,0.7206
38,6,230,232,3,5,8,0.3167,230.628,365.216,761.000,22.4482,14.0000,1.3854,1.6950,5.0455,0.7670,0.1230,0.1101,0.0555,0.9755,3.2432,0.7211,0.3385
19,3,230,232,3,6,4,0.2639,230.643,368.253,786.698,15.0465,13.0000,1.3571,0.5317,4.6845,0.6519,0.1312,0.2169,0.0632,0.7702,2.5229,0.7209,0.2033
25,5,230,232,3,4,6,0.3472,230.690,373.097,800.109,17.8739,14.0000,1.4113,0.9486,5.0449,0.6842,0.1532,0.1625,0.1512,0.9276,3.0631,1.0810,0.3065
16,3,230,231,2,3,5,0.5333,230.536,383.627,835.255,13.7841,13.0000,1.3595,0.7007,4.6851,0.7179,0.1561,0.1260,0.0491,0.8685,3.0629,0.7209,0.2418
16,3,230,232,3,4,6,0.2222,230.390,404.881,549.453,14.3250,17.0000,1.7107,1.8818,6.1259,0.8430,0.0874,0.0695,0.1494,0.8804,2.5230,0.9009,0.3459
7,3,230,232,3,2,3,0.3889,230.986,441.329,906.986,9.9425,12.0000,1.1507,1.1931,4.3247,0.5479,0.1606,0.2915,0.9003,0.3984,2.8829,0.7208,0.4932
8,3,230,231,2,3,4,0.3333,230.198,489.296,650.568,10.3207,13.0000,1.2840,0.8491,4.6851,0.8159,0.0222,0.1618,0.1233,0.3060,2.8833,0.5408,0.4568
27,5,230,232,3,3,7,0.4286,230.658,500.319,706.608,18.0315,13.0000,1.3500,2.4377,4.6845,0.8053,0.0583,0.1364,0.1087,0.9696,2.8832,0.7208,0.2346
65,3,230,232,3,5,16,0.2708,230.901,499.682,719.828,27.5774,16.0000,1.6856,1.8582,5.7656,0.9370,0.0462,0.0168,0.0072,0.9107,2.8832,1.4410,0.1280
7,3,230,231,2,2,4,0.4375,230.253,499.373,811.653,10.2159,12.0000,1.1200,0.7940,4.3247,0.7717,0.1182,0.1101,0.1009,0.4372,3.2436,1.0810,0.4800
15,3,230,233,4,2,5,0.3750,230.922,501.837,690.752,14.2354,15.0000,1.4706,0.7732,5.4052,0.7513,0.1370,0.1117,0.4226,0.1113,2.5222,0.3602,0.3399
25,4,230,232,3,2,6,0.6944,230.797,502.593,680.000,17.7295,15.0000,1.5244,1.0984,5.4052,0.7606,0.1249,0.1145,0.1424,0.0597,2.5228,1.0803,0.2195
18,5,230,232,3,3,6,0.3333,230.896,504.266,671.745,16.3077,15.0000,1.4062,1.7680,5.4052,0.7278,0.0987,0.1735,0.0130,0.8646,3.2431,1.0812,0.3698
33,5,230,233,4,4,9,0.2292,231.185,506.381,663.443,21.0761,16.0000,1.5714,1.6131,5.7656,0.9021,0.0155,0.0824,0.0103,0.4695,3.0626,0.7207,0.3482
5,3,230,231,2,2,2,0.6250,230.356,845.339,471.559,9.5088,14.0000,1.1864,0.7446,5.0455,0.2938,0.4054,0.3007,0.0000,0.3029,3.9638,0.9011,0.6610
10,3,230,233,4,3,2,0.4167,231.125,955.904,1018.750,11.8507,14.0000,1.3462,1.5905,5.0455,0.7827,0.0490,0.1682,0.7792,0.3889,3.2427,0.7209,0.4904
10,4,230,232,3,4,3,0.2778,231.037,979.083,683.046,12.3067,17.0000,1.5741,0.1023,6.1259,0.5190,0.2872,0.1938,0.0398,0.4741,2.7029,0.7203,0.5278
27,3,230,233,4,4,10,0.1688,231.476,979.271,704.695,18.6534,15.0000,1.5056,2.3792,5.4044,0.9070,0.0291,0.0639,0.0793,0.9921,3.6035,1.0812,0.2528
13,3,230,232,3,4,2,0.5417,231.331,1069.585,637.454,12.9918,16.0000,1.6000,0.9585,5.7647,0.5879,0.1442,0.2679,0.0110,0.2351,2.5223,0.0003,0.3154
23,5,230,234,5,6,4,0.1917,231.678,1077.407,696.695,17.7305,17.0000,1.6568,2.0845,6.1250,0.4523,0.3329,0.2148,0.1799,0.6680,3.2426,0.7203,0.3390
16,3,231,233,3,3,4,0.4444,231.857,519.961,695.234,13.8715,16.0000,1.6623,0.2767,5.7647,0.3018,0.4253,0.2729,0.4469,0.8163,2.5222,0.9006,0.2597
38,6,231,234,4,4,13,0.1827,232.411,525.474,666.521,22.3249,15.0000,1.4921,1.6610,5.4044,0.8869,0.0376,0.0754,0.0183,0.5836,3.2419,0.7208,0.2382
16,3,231,234,4,4,3,0.3333,232.255,537.366,632.033,13.7805,14.0000,1.4641,0.6841,5.0441,0.6408,0.0706,0.2887,0.2740,0.2940,2.1623,0.3612,0.2680
6,3,231,233,3,3,1,0.6667,232.231,730.385,376.000,9.5603,13.0000,1.2000,0.4485,4.6838,0.2083,0.6667,0.1250,0.4472,0.0000,3.7824,0.7205,0.5846
5,3,231,232,2,2,2,0.6250,231.379,771.362,354.155,9.3463,15.0000,1.2931,0.5469,5.4052,0.3432,0.2505,0.4063,0.6059,0.3645,3.6037,1.0813,0.6897
12,4,231,234,4,4,2,0.3750,232.333,889.516,454.548,13.1040,14.0000,1.3333,1.5869,5.0441,0.3571,0.3648,0.2781,0.8178,0.2419,3.4230,0.9008,0.4206
14,4,231,233,3,5,4,0.2333,232.271,912.868,658.861,13.8653,14.0000,1.3611,1.1421,5.0432,0.7695,0.0705,0.1599,0.0407,0.0098,3.2422,1.0809,0.3542
4,3,231,232,2,2,1,1.0000,231.444,930.556,404.000,8.1073,13.0000,1.1556,0.6285,4.6845,0.0000,0.7500,0.2500,1.0000,0.0000,3.9635,0.1803,0.8222
26,3,231,233,3,6,9,0.1605,231.984,959.417,696.409,17.4527,13.0000,1.3684,2.2445,4.6838,0.5774,0.3252,0.0974,0.0457,0.9848,2.5226,1.0809,0.1498
19,5,231,233,3,3,6,0.3519,232.327,958.740,725.878,16.1997,16.0000,1.5510,0.4351,5.7647,0.8194,0.0660,0.1145,0.0794,0.1021,2.8826,0.7207,0.4031
6,3,231,233,3,2,3,0.3333,232.000,974.136,751.000,9.7078,13.0000,1.1818,0.1364,4.6838,0.7676,0.0121,0.2203,0.5257,0.8507,3.2430,0.7206,0.5606
13,4,231,234,4,3,3,0.3611,232.587,992.210,759.007,14.2879,19.0000,1.7273,0.6238,6.8455,0.4727,0.2020,0.3253,0.7957,0.5562,3.2433,0.7207,0.3986
17,3,231,233,3,3,5,0.3778,231.788,998.806,706.491,14.4187,13.0000,1.3394,1.3082,4.6838,0.5265,0.2371,0.2365,0.0442,0.9227,2.5227,0.5405,0.2970
11,3,231,233,3,5,3,0.2444,231.632,1075.660,687.906,11.5156,13.0000,1.3491,0.7237,4.6845,0.7965,0.0337,0.1698,0.4006,0.9162,2.1619,0.3605,0.3491
11,3,231,233,3,4,3,0.3056,231.929,1078.111,682.817,13.6877,16.0000,1.3968,0.2253,5.7647,0.6631,0.1399,0.1970,0.4402,0.7357,3.2432,0.7206,0.5476
7,3,231,233,3,3,2,0.3889,231.986,1077.851,703.743,10.0771,14.0000,1.3243,0.2970,5.0441,0.3086,0.2321,0.4593,0.0000,0.0000,3.2426,0.7206,0.5135
4,3,231,232,2,2,2,0.5000,231.755,1270.755,605.796,8.8275,15.0000,1.2245,0.4020,5.4044,0.0000,0.5625,0.4375,0.4459,0.5774,4.6842,2.1618,0.7959
12,3,232,234,3,4,3,0.3333,232.886,486.065,848.358,12.7908,13.0000,1.2683,0.3810,4.6829,0.5081,0.2446,0.2473,0.4598,0.2343,3.4217,1.0808,0.4065
9,4,232,234,3,1,4,0.7500,232.969,540.000,685.302,11.5272,14.0000,1.3125,0.3037,5.0432,0.4433,0.4756,0.0811,0.3469,0.0000,3.2422,0.7206,0.5208
29,3,232,235,4,6,6,0.2014,233.691,552.441,648.500,18.1920,12.0000,1.2794,1.6302,4.3218,0.6367,0.1407,0.2225,0.0616,0.7458,2.8818,0.7210,0.1324
8,4,232,234,3,3,3,0.2963,232.617,603.704,1005.000,10.3168,12.0000,1.1852,0.9361,4.3235,0.3766,0.2740,0.3494,0.6969,0.2608,3.2418,0.7205,0.5926
31,3,232,235,4,7,6,0.1845,233.421,915.377,747.262,19.5372,19.0000,1.9503,2.2575,6.8443,0.7672,0.1203,0.1125,0.1107,0.8112,2.8811,1.0802,0.2682
9,3,232,233,2,3,2,0.7500,232.548,915.817,841.409,11.1679,12.0000,1.1613,1.0656,4.3235,0.4747,0.0505,0.4749,0.1664,0.7071,3.9631,1.0809,0.3871
27,5,232,235,4,6,6,0.1875,233.580,919.500,799.460,18.9929,14.0000,1.3796,1.6486,5.0432,0.6840,0.1571,0.1589,0.1412,0.8622,2.8811,0.7207,0.4270
25,3,232,234,3,4,8,0.2604,233.179,920.312,716.550,17.2902,15.0000,1.5625,0.5764,5.4034,0.8848,0.0172,0.0980,0.0224,0.6717,2.8817,1.0805,0.2125
22,3,232,234,3,5,7,0.2095,233.009,931.413,766.404,16.3584,14.0000,1.4460,0.7255,5.0432,0.9077,0.0304,0.0619,0.1276,0.7141,2.5221,1.0806,0.3005
13,3,232,234,3,5,3,0.2889,233.023,934.782,744.729,13.2877,13.0000,1.2707,1.9256,4.6829,0.7363,0.1726,0.0911,0.0729,0.3420,2.5217,1.0804,0.3910
11,3,232,233,2,3,5,0.3667,232.442,939.117,728.308,13.0348,16.0000,1.4667,1.7523,5.7647,0.8317,0.0560,0.1123,0.0013,0.4794,3.2422,1.0806,0.4583
29,3,232,234,3,4,11,0.2197,233.239,939.502,802.587,20.4011,16.0000,1.5213,3.8946,5.7636,0.9425,0.0096,0.0478,0.0390,0.9512,2.8826,0.5407,0.2951
30,4,232,234,3,5,8,0.2500,233.270,943.168,794.171,20.7157,14.0000,1.3333,0.3613,5.0432,0.8955,0.0495,0.0550,0.0824,0.9432,2.8820,0.7207,0.3683
32,5,232,234,3,4,6,0.4444,232.893,949.826,769.571,20.1867,15.0000,1.5142,2.5791,5.4034,0.5776,0.2078,0.2145,0.1571,0.9484,2.8818,1.0806,0.3659
14,3,232,234,3,3,4,0.3889,233.262,953.662,820.255,13.9590,13.0000,1.2552,1.0304,4.6829,0.4239,0.1982,0.3779,0.2047,0.9327,3.0620,0.7206,0.2552
18,3,232,234,3,4,4,0.3750,233.138,961.957,795.101,15.9618,15.0000,1.4362,1.3206,5.4034,0.4310,0.3700,0.1990,0.0008,0.5383,2.8821,0.7200,0.3511
44,5,232,234,3,6,8,0.3056,232.700,965.576,785.889,22.4296,14.0000,1.4915,1.9587,5.0432,0.8054,0.0945,0.1001,0.0111,0.9955,2.8819,0.7201,0.1889
43,3,232,234,3,7,7,0.2925,232.779,968.300,777.380,22.8534,15.0000,1.5505,1.1136,5.4044,0.6488,0.2341,0.1172,0.0475,0.9976,3.6026,1.0805,0.1611
62,3,232,234,3,8,16,0.1615,232.474,971.166,766.221,28.0924,16.0000,1.6156,2.4197,5.7647,0.9316,0.0517,0.0167,0.0306,0.9990,2.8826,0.7211,0.2557
13,3,232,233,2,3,5,0.4333,232.307,975.394,742.898,13.6892,13.0000,1.2336,1.2945,4.6838,0.7925,0.1059,0.1016,0.0135,0.9922,3.2420,0.7208,0.4526
21,3,232,235,4,5,4,0.2625,233.305,975.981,813.476,16.5065,16.0000,1.6000,1.1654,5.7636,0.6409,0.1305,0.2286,0.3777,0.9243,2.5223,0.5402,0.3190
43,3,232,235,4,5,12,0.1792,232.688,985.511,789.000,24.6117,16.0000,1.5357,5.2684,5.7647,0.9504,0.0101,0.0394,0.0335,0.9819,3.2427,1.0809,0.2746
17,4,232,234,3,3,5,0.3778,232.457,994.087,753.277,16.0772,17.0000,1.5707,1.3907,6.1238,0.6771,0.1658,0.1571,0.2702,0.8895,3.6030,0.9006,0.4891
11,3,232,234,3,3,3,0.4074,232.915,1013.551,754.695,12.8164,16.0000,1.4915,0.8318,5.7636,0.5172,0.2381,0.2448,0.5376,0.6158,3.6014,0.7209,0.3475
15,3,232,234,3,5,5,0.2000,233.020,1017.554,718.182,13.7654,14.0000,1.4189,0.9315,5.0432,0.4891,0.3475,0.1634,0.1721,0.9759,3.2415,1.4409,0.2635
8,3,232,233,2,2,4,0.5000,232.512,1075.787,746.188,10.1896,12.0000,1.2000,0.5856,4.3235,0.7361,0.1009,0.1629,0.2903,0.5737,3.0628,0.3602,0.4500
15,4,233,234,2,3,6,0.4167,233.707,558.907,709.113,13.9495,17.0000,1.7000,1.1551,6.1226,0.8511,0.0573,0.0916,0.1242,0.8655,2.5209,1.0803,0.4400
44,4,233,236,4,5,8,0.2750,234.480,582.218,687.973,22.1498,13.0000,1.4020,2.1850,4.6809,0.8547,0.0437,0.1016,0.0199,0.9635,2.8806,0.7212,0.1201
34,5,233,235,3,4,13,0.2179,234.030,579.721,708.206,20.3824,14.0000,1.4424,4.8480,5.0421,0.9545,0.0174,0.0281,0.0134,0.8272,2.8811,1.0800,0.2697
8,3,233,235,3,2,3,0.4444,234.061,580.439,698.561,10.4411,13.0000,1.2683,0.7957,4.6820,0.2980,0.4245,0.2776,0.5027,0.5260,2.3425,0.3609,0.4512
5,3,233,234,2,2,3,0.4167,233.241,862.685,638.296,8.6989,13.0000,1.2037,1.0820,4.6820,0.7729,0.0435,0.1836,0.2791,0.2890,3.9625,0.7207,0.6852
28,3,233,235,3,8,7,0.1667,233.869,880.212,675.661,18.6495,13.0000,1.3285,2.0598,4.6820,0.8312,0.1021,0.0667,0.1284,0.9904,3.0614,0.7205,0.1861
32,3,233,236,4,5,7,0.2286,234.806,882.013,789.461,19.7328,14.0000,1.4452,3.2645,5.0421,0.8393,0.0524,0.1083,0.1085,0.3906,2.8800,0.7205,0.2097
5,3,233,235,3,1,2,0.8333,233.946,887.000,581.643,9.0197,15.0000,1.3393,0.3611,5.4023,0.5854,0.2927,0.1220,0.9487,0.0000,3.9616,0.1802,0.7143
23,5,233,236,4,4,5,0.2875,234.636,888.208,771.814,17.3448,14.0000,1.3939,0.9153,5.0410,0.3350,0.2405,0.4245,0.3285,0.9188,2.7006,0.3604,0.2727
23,4,233,235,3,6,5,0.2556,234.035,891.436,760.965,17.0468,16.0000,1.6211,1.1794,5.7624,0.3420,0.4263,0.2318,0.0348,0.9933,2.8812,1.0802,0.2952
25,4,233,236,4,6,6,0.1736,234.207,898.102,737.606,17.7185,15.0000,1.5244,1.4133,5.4023,0.7732,0.0752,0.1516,0.2213,0.9729,2.5223,1.0805,0.2602
10,3,233,235,3,3,3,0.3704,233.960,896.290,745.000,11.3891,15.0000,1.5000,0.7111,5.4023,0.4351,0.3071,0.2578,0.1543,0.3023,2.1615,1.0802,0.4000
12,4,233,236,4,4,3,0.2500,234.142,896.955,741.963,13.9310,18.0000,1.6119,1.0550,6.4827,0.5041,0.3217,0.1742,0.5210,0.4275,3.0615,0.7194,0.5299
18,6,233,235,3,3,4,0.5000,234.037,899.074,799.324,15.9589,15.0000,1.4362,1.7059,5.4023,0.6053,0.0412,0.3535,0.3728,0.1642,3.2405,1.0805,0.4202
35,5,233,235,3,4,10,0.2917,233.717,899.666,729.728,21.4907,14.0000,1.3881,0.5157,5.0421,0.9140,0.0230,0.0630,0.0285,0.8436,3.2406,1.0809,0.3569
42,3,233,235,3,6,9,0.2593,233.880,902.376,790.969,23.2299,17.0000,1.7081,1.1589,6.1226,0.8709,0.0616,0.0675,0.0388,0.8927,3.2405,0.7208,0.2536
37,4,233,236,4,4,8,0.2891,234.240,905.391,781.346,22.7347,18.0000,1.7344,2.3907,6.4827,0.8365,0.0196,0.1439,0.1019,0.5033,2.8798,0.7205,0.3594
17,5,233,235,3,4,6,0.2361,233.858,908.670,774.273,15.3740,15.0000,1.4489,0.9993,5.4023,0.7219,0.1138,0.1642,0.0185,0.7865,2.5215,0.5403,0.3693
18,4,233,236,4,4,4,0.2812,234.282,910.586,768.178,14.7695,12.0000,1.2414,1.7894,4.3227,0.3900,0.4236,0.1864,0.6383,0.4343,2.7009,0.7203,0.2759
11,3,233,234,2,4,3,0.4583,233.477,925.523,865.919,12.0548,14.0000,1.3874,0.7434,5.0421,0.7352,0.0562,0.2086,0.0781,0.5162,2.8820,1.0802,0.3423
13,4,233,235,3,6,3,0.2407,233.761,927.970,829.597,13.3856,16.0000,1.5522,0.4694,5.7624,0.7405,0.1337,0.1257,0.2053,0.6814,2.5217,0.3603,0.4104
19,3,233,235,3,4,6,0.2639,233.630,933.661,817.406,15.8651,15.0000,1.4844,1.0896,5.4034,0.7572,0.0938,0.1490,0.1732,0.0708,2.5213,0.3604,0.2188
6,3,233,234,2,3,1,1.0000,233.485,940.121,884.000,9.7051,13.0000,1.1818,0.4998,4.6829,0.5556,0.3333,0.1111,0.0000,0.0000,3.9616,0.9001,0.5909
6,3,233,235,3,3,1,0.6667,233.865,962.851,644.000,10.8806,19.0000,1.5405,0.2009,6.8429,0.4000,0.4800,0.1200,0.7071,0.0000,3.7814,0.7201,0.6081
5,3,233,234,2,2,2,0.6250,233.390,980.864,585.610,9.5040,15.0000,1.2712,0.5677,5.4034,0.3432,0.2505,0.4063,0.6059,0.3645,3.9614,0.7202,0.6949
11,3,233,235,3,5,2,0.3667,233.773,989.840,522.252,12.9228,14.0000,1.2941,1.4164,5.0432,0.7490,0.0899,0.1612,0.1217,0.1619,3.2412,0.3603,0.3445
11,5,233,235,3,3,2,0.6111,233.699,993.398,826.451,14.4433,17.0000,1.4060,0.8098,6.1226,0.3207,0.2891,0.3902,0.8428,0.0431,2.8817,0.5398,0.5639
8,3,233,235,3,2,3,0.4444,233.822,1001.533,581.789,11.4603,15.0000,1.3333,0.9337,5.4023,0.6789,0.0627,0.2584,0.5573,0.0535,3.4214,0.3604,0.6111
26,3,233,235,3,5,6,0.2889,233.589,1008.209,779.759,17.8713,14.0000,1.4387,1.2441,5.0432,0.7412,0.1399,0.1189,0.0171,0.9920,2.8817,1.0799,0.2016
18,7,233,235,3,3,4,0.5000,233.649,1010.175,770.747,16.4696,18.0000,1.6701,1.0056,6.4841,0.5917,0.0728,0.3355,0.2912,0.7904,3.2413,1.0808,0.5000
13,3,233,234,2,4,5,0.3250,233.203,1012.511,761.248,13.2873,13.0000,1.2707,0.9316,4.6829,0.8737,0.0372,0.0890,0.0468,0.8416,2.8819,0.7206,0.3759
23,3,233,236,4,4,5,0.2875,234.558,1019.513,571.205,16.8195,13.0000,1.3348,0.7856,4.6820,0.5220,0.3036,0.1744,0.1591,0.8734,2.7014,0.7202,0.2768
7,3,233,235,3,2,2,0.5833,234.175,1029.550,776.875,10.8895,16.0000,1.4000,0.4987,5.7624,0.5916,0.2044,0.2040,0.9664,0.1591,3.0622,0.0005,0.5250
10,3,233,235,3,3,2,0.5556,233.816,1033.981,726.534,11.7311,15.0000,1.4563,1.1360,5.4023,0.4039,0.2857,0.3104,0.2995,0.5520,3.2414,1.0804,0.3883
11,3,234,236,3,2,4,0.4583,234.655,521.691,839.236,11.9431,14.0000,1.4000,0.7615,5.0421,0.4939,0.2143,0.2917,0.1689,0.0714,2.8806,0.7206,0.3636
6,3,234,235,2,2,2,0.7500,234.682,586.303,675.545,9.7025,13.0000,1.1818,0.6322,4.6809,0.2000,0.3333,0.4667,0.7071,0.7071,3.4206,0.5403,0.5606
11,3,234,237,4,3,3,0.3056,235.430,858.206,612.692,11.6151,16.0000,1.6449,0.5676,5.7611,0.3310,0.4545,0.2145,0.4380,0.0183,2.1615,0.3607,0.3832
11,3,234,236,3,4,4,0.2292,235.042,861.950,710.358,13.0276,16.0000,1.4667,1.0162,5.7611,0.6617,0.2153,0.1230,0.0170,0.6836,3.6006,0.7204,0.4417
24,3,234,236,3,5,5,0.3200,234.903,871.020,763.500,18.2280,14.0000,1.3548,1.7943,5.0410,0.2268,0.5003,0.2728,0.0421,0.9614,3.2413,0.9006,0.2016
71,8,234,237,4,7,14,0.1811,234.971,873.588,754.663,30.4254,16.0000,1.5955,3.3887,5.7611,0.8924,0.0588,0.0488,0.0306,0.9969,3.2400,1.0804,0.2542
30,3,234,236,3,3,8,0.4167,234.516,880.168,725.329,19.9869,15.0000,1.4803,1.9369,5.4023,0.8618,0.0433,0.0948,0.1131,0.9693,3.2415,1.4402,0.2928
4,3,234,235,2,2,1,1.0000,234.467,978.444,529.000,8.1026,13.0000,1.1556,0.6942,4.6809,0.0000,0.7500,0.2500,1.0000,0.0000,4.6819,1.0805,0.8222
36,3,234,237,4,7,7,0.1837,235.423,1007.442,844.242,21.8417,18.0000,1.7802,2.3131,6.4812,0.8231,0.0724,0.1044,0.1468,0.7264,2.8799,0.7205,0.2830
13,7,234,236,3,3,3,0.4815,234.641,1014.965,824.085,14.1820,15.0000,1.3732,1.0990,5.4010,0.6112,0.1327,0.2561,0.2387,0.1832,3.6009,0.7205,0.6408
24,3,234,237,4,6,5,0.2000,235.514,1038.286,815.816,18.0047,15.0000,1.4694,0.8991,5.4010,0.1683,0.5713,0.2604,0.3386,0.9122,3.2398,0.3607,0.2163
11,3,234,236,3,4,3,0.3056,235.216,1041.034,806.905,12.5928,13.0000,1.2328,0.2380,4.6809,0.7109,0.1036,0.1855,0.2110,0.2297,2.8807,1.2597,0.4397
23,4,235,238,4,4,6,0.2396,235.911,833.723,752.308,16.8137,14.0000,1.4375,0.7911,5.0397,0.3417,0.1836,0.4746,0.1308,0.8695,2.8797,0.7204,0.2500
16,3,235,237,3,4,5,0.2667,236.042,837.800,739.036,14.8487,13.0000,1.2606,1.2532,4.6797,0.5445,0.1402,0.3153,0.0067,0.9732,3.2401,0.7205,0.3091
9,3,235,236,2,3,3,0.5000,235.564,842.872,703.872,11.2805,14.0000,1.3404,0.9836,5.0397,0.5836,0.2015,0.2149,0.2883,0.7116,2.5209,1.0802,0.4149
20,4,235,237,3,4,4,0.4167,236.038,851.502,760.878,17.1447,17.0000,1.5962,1.2300,6.1196,0.5905,0.1146,0.2948,0.1488,0.0706,3.2391,1.0795,0.4460
28,6,235,238,4,5,5,0.2800,235.895,853.000,754.997,20.0689,18.0000,1.7085,0.8949,6.4812,0.2930,0.4740,0.2330,0.4259,0.8385,3.2383,0.7195,0.3424
15,4,235,236,2,3,5,0.5000,235.537,856.244,746.738,15.2448,14.0000,1.2805,1.8350,5.0410,0.7974,0.0304,0.1722,0.0482,0.9987,3.5998,0.7200,0.6159
20,4,235,238,4,5,4,0.2500,235.811,864.301,781.883,15.7772,12.0000,1.2245,0.8732,4.3208,0.2686,0.5377,0.1937,0.4329,0.6805,2.5211,1.0797,0.2449
8,3,235,237,3,2,3,0.4444,235.714,873.512,633.869,10.6915,13.0000,1.2381,0.6007,4.6797,0.0000,0.6964,0.3036,0.0000,0.1961,2.8805,0.7200,0.4524
22,4,235,237,3,5,5,0.2933,235.646,998.031,864.472,17.5766,13.0000,1.2489,2.6224,4.6809,0.7969,0.0112,0.1919,0.0719,0.9966,3.4196,1.0806,0.2751
8,3,235,237,3,2,2,0.6667,235.895,1017.802,582.360,10.9455,16.0000,1.4884,0.4242,5.7596,0.4961,0.2369,0.2670,0.9586,0.0986,2.8789,0.5402,0.4767
13,3,235,236,2,3,4,0.5417,235.362,1035.150,827.165,12.6817,12.0000,1.2283,1.2295,4.3208,0.6047,0.1659,0.2295,0.0080,0.9556,3.2398,1.0805,0.2835
6,3,236,237,2,2,3,0.5000,236.532,823.871,775.581,9.1101,13.0000,1.2581,0.7982,4.6797,0.6373,0.1269,0.2358,0.4046,0.4063,2.5202,0.5399,0.6129
16,3,236,238,3,3,4,0.4444,236.758,828.078,765.817,13.7660,12.0000,1.2549,1.6804,4.3197,0.5709,0.0986,0.3305,0.2851,0.8743,2.6995,0.7201,0.2353
5,3,236,237,2,2,2,0.6250,236.433,888.850,864.550,9.6579,15.0000,1.2500,0.8038,5.3981,0.3432,0.2505,0.4063,0.6059,0.3645,3.9598,1.2598,0.6667
6,3,237,238,2,4,2,0.3750,237.455,916.394,598.864,9.6951,14.0000,1.2727,0.7698,5.0382,0.7696,0.0995,0.1309,0.3958,0.7364,4.3186,1.4394,0.5909
3,3,238,239,2,1,2,0.7500,238.300,1144.000,711.325,8.3073,15.0000,1.1250,0.4423,5.3963,0.5333,0.2667,0.2000,0.7071,0.0000,4.6768,1.0793,1.0000
4,3,241,242,2,2,1,1.0000,241.549,1281.569,632.000,9.1610,15.0000,1.1765,0.6982,5.3901,0.0000,0.7500,0.2500,1.0000,0.0000,5.3877,1.6167,0.8431
4,3,242,244,3,2,1,0.6667,243.022,1155.196,884.000,8.2570,13.0000,1.1304,0.9976,4.6646,0.5357,0.3214,0.1429,1.0000,0.0000,5.0278,1.9740,0.8043
4,3,244,245,2,3,1,0.6667,244.283,1230.698,710.000,9.5072,15.0000,1.1321,0.4138,5.3823,0.7500,0.1500,0.1000,0.3162,0.0000,5.2015,1.2560,0.7925
5,3,246,247,2,3,1,0.8333,246.419,970.823,897.000,9.9349,17.0000,1.3710,0.6071,6.0890,0.5854,0.2927,0.1220,0.3162,0.0000,4.6590,0.7170,0.6935
5,3,246,247,2,3,1,0.8333,246.586,1298.310,579.000,9.2930,13.0000,1.1207,0.9051,4.6593,0.5854,0.2927,0.1220,0.3162,0.0000,5.0151,1.4327,0.6724
5,3,248,249,2,2,2,0.6250,248.214,978.357,603.696,8.9628,15.0000,1.3393,0.5154,5.3691,0.3432,0.2505,0.4063,0.5155,0.8569,5.0078,1.7904,0.6964
3,3,249,250,2,2,1,0.7500,249.324,923.324,449.000,7.6390,13.0000,1.0541,0.4587,4.6499,0.5333,0.2667,0.2000,0.7071,0.0000,3.9345,0.7159,1.0000
6,3,250,251,2,3,2,0.5000,250.386,907.771,548.886,10.2109,15.0000,1.2857,0.4627,5.3612,0.5230,0.1584,0.3185,0.3667,0.5079,4.8230,1.7869,0.6000
4,3,251,252,2,2,1,1.0000,251.592,1007.510,185.000,8.7455,16.0000,1.3061,0.6534,5.7094,0.0000,0.7500,0.2500,1.0000,0.0000,4.8197,0.8922,0.8367
4,3,251,252,2,2,1,1.0000,251.426,1217.537,833.000,9.6393,18.0000,1.3333,0.6291,6.4284,0.0000,0.7500,0.2500,1.0000,0.0000,4.8190,1.0708,0.7963
5,3,252,254,3,2,1,0.8333,252.759,948.500,646.000,9.2498,15.0000,1.2931,0.9086,5.3526,0.5854,0.2927,0.1220,0.9487,0.0000,4.9895,1.4255,0.7069
6,3,252,255,4,2,2,0.3750,253.373,1015.881,867.746,9.7487,18.0000,1.6119,0.4668,6.4176,0.8076,0.0500,0.1424,0.9217,0.3087,4.0958,0.7154,0.6269
6,3,253,254,2,2,2,0.7500,253.531,824.625,365.750,9.3110,14.0000,1.3125,0.6503,4.9870,0.2000,0.3333,0.4667,0.0000,0.0000,3.5637,1.0667,0.5938
9,4,253,255,3,3,2,0.5000,254.157,1182.294,470.294,12.1094,16.0000,1.4118,0.7806,5.6994,0.1855,0.5455,0.2689,0.7970,0.1123,4.2721,1.0699,0.5392
4,3,255,256,2,2,1,1.0000,255.455,1162.545,319.000,7.8259,12.0000,1.0909,0.7100,4.2706,0.0000,0.7500,0.2500,1.0000,0.0000,4.6240,0.7126,0.8182
4,3,256,257,2,2,2,0.5000,256.739,844.739,491.826,8.1712,14.0000,1.2174,0.4079,4.9725,0.0000,0.5625,0.4375,0.4459,0.5774,3.9098,1.2435,0.8261
3,3,257,259,3,1,1,1.0000,258.000,1040.000,488.000,7.9890,15.0000,1.1538,0.0000,5.3221,0.8889,0.0000,0.1111,1.0000,0.0000,4.6161,0.7085,1.0000
5,3,257,258,2,3,1,0.8333,257.556,1073.741,787.000,8.5724,12.0000,1.1111,0.9259,4.2621,0.5854,0.2927,0.1220,0.3162,0.0000,4.6139,1.0648,0.6667
5,3,258,259,2,2,2,0.6250,258.377,732.656,448.164,9.6752,15.0000,1.2295,0.5362,5.3221,0.3432,0.2505,0.4063,0.6059,0.3645,4.9673,1.4192,0.7049
5,3,258,259,2,2,2,0.6250,258.649,1037.211,734.368,9.0381,13.0000,1.1404,0.5506,4.6075,0.3432,0.2505,0.4063,0.6059,0.3645,4.6079,1.4183,0.6491
5,3,260,261,2,2,2,0.6250,260.587,1135.540,993.127,9.9680,15.0000,1.1905,0.8077,5.3105,0.3432,0.2505,0.4063,0.6059,0.3645,5.3048,1.0609,0.6984
5,3,262,264,3,1,2,0.8333,262.871,330.000,1017.613,9.7834,15.0000,1.2097,0.4080,5.2919,0.5854,0.2927,0.1220,0.9487,0.0000,4.9343,1.4105,0.6613
5,3,262,264,3,3,1,0.5556,263.109,1055.655,784.000,8.6764,14.0000,1.2727,1.1055,4.9331,0.5532,0.3398,0.1070,0.5606,0.0000,4.5869,1.7644,0.7091
7,3,262,264,3,4,1,0.5833,263.493,1314.822,722.000,9.7282,15.0000,1.4384,0.5372,5.2854,0.5493,0.3786,0.0721,0.3827,0.0000,3.1777,0.7052,0.5616
8,3,263,265,3,2,2,0.6667,263.966,1117.307,725.784,10.9633,17.0000,1.5455,0.3767,5.9902,0.5309,0.2319,0.2372,1.0000,0.0000,4.4047,1.0588,0.4773
3,3,263,265,3,1,1,1.0000,264.026,1160.000,774.000,7.7303,13.0000,1.0263,0.0263,4.5807,0.8889,0.0000,0.1111,1.0000,0.0000,4.9262,0.7058,1.0000
5,3,264,265,2,2,2,0.6250,264.638,788.466,365.328,9.1324,14.0000,1.2069,0.7239,4.9269,0.2938,0.4054,0.3007,0.0000,0.3029,4.5759,1.5832,0.6724
6,3,264,265,2,2,2,0.7500,264.514,860.306,407.681,10.3506,14.0000,1.1667,0.6779,4.9331,0.2000,0.3333,0.4667,0.0000,0.0000,4.5783,1.7596,0.5556
6,4,264,266,3,2,2,0.5000,264.778,981.681,760.292,10.3472,16.0000,1.3333,0.4863,5.6307,0.6381,0.1455,0.2164,0.8019,0.3768,5.1075,1.4086,0.7639
5,4,264,266,3,2,1,0.8333,264.833,1107.567,738.000,9.4450,14.0000,1.1667,1.0077,4.9331,0.5854,0.2927,0.1220,0.9487,0.0000,4.5759,1.7591,0.8500
4,3,264,265,2,2,1,1.0000,264.529,1135.392,458.000,8.9793,16.0000,1.2549,0.6588,5.6378,0.0000,0.7500,0.2500,1.0000,0.0000,5.1037,1.0573,0.8431
4,3,265,267,3,1,2,0.6667,265.646,890.000,808.250,8.4392,14.0000,1.1667,0.6925,4.9269,0.7500,0.1500,0.1000,0.9487,0.0000,4.7476,1.2301,0.8125
5,3,265,267,3,2,2,0.4167,265.983,1066.780,529.322,9.2740,15.0000,1.2712,0.3906,5.2721,0.5461,0.2256,0.2283,0.8117,0.4177,4.5745,0.7043,0.6780
4,3,266,267,2,2,1,1.0000,266.457,1143.457,510.000,8.0791,13.0000,1.1304,0.6456,4.5692,0.0000,0.7500,0.2500,1.0000,0.0000,4.5660,1.2295,0.8043
3,3,268,269,2,2,1,0.7500,268.707,829.634,923.000,8.2903,15.0000,1.0976,0.6984,5.2514,0.5333,0.2667,0.2000,0.7071,0.0000,5.2514,1.7509,1.0000
5,3,274,276,3,3,1,0.5556,274.683,1266.517,708.000,9.3205,15.0000,1.2500,0.5778,5.2080,0.6646,0.2585,0.0769,0.7071,0.0000,4.8559,1.0450,0.6833
4,3,280,282,3,2,1,0.6667,281.083,892.542,588.000,8.2614,13.0000,1.0833,0.5480,4.4754,0.7576,0.1294,0.1129,0.8507,0.0000,5.1598,2.0617,0.8125
6,3,280,283,4,2,2,0.3750,281.353,1082.191,786.118,9.5523,15.0000,1.3235,0.4183,5.1640,0.7449,0.0647,0.1904,0.9950,0.0995,4.2958,1.7151,0.6029
4,3,281,282,2,2,1,1.0000,281.562,1083.438,480.000,8.2558,14.0000,1.1667,0.6187,4.8129,0.0000,0.7500,0.2500,1.0000,0.0000,4.8158,0.6876,0.8333
5,3,282,283,2,2,2,0.6250,282.639,971.459,808.180,9.3699,15.0000,1.2295,0.6747,5.1495,0.3432,0.2505,0.4063,0.6059,0.3645,4.8055,0.5149,0.6721
5,3,282,283,2,2,2,0.6250,282.373,1108.851,617.388,10.2954,19.0000,1.4179,0.5587,6.5318,0.3432,0.2505,0.4063,0.6059,0.3645,4.8067,1.0289,0.6716
6,3,283,285,3,3,1,0.6667,284.227,1095.173,764.000,10.4935,17.0000,1.3600,0.2853,5.8280,0.4000,0.4800,0.1200,0.7071,0.0000,4.9693,1.7127,0.6000
6,3,284,286,3,3,2,0.3333,285.408,740.056,725.845,9.9177,15.0000,1.2676,0.4405,5.1352,0.7397,0.1062,0.1541,0.7434,0.5417,4.4454,1.1971,0.5915
5,3,284,285,2,2,2,0.6250,284.847,848.542,807.593,9.0350,14.0000,1.1864,0.8181,4.7929,0.3432,0.2505,0.4063,0.5155,0.8569,5.1352,1.7132,0.6780
3,3,286,287,2,2,1,0.7500,286.311,948.667,652.000,8.8786,16.0000,1.0667,0.4560,5.4701,0.5333,0.2667,0.2000,0.7071,0.0000,5.4703,0.8533,1.0000
3,3,287,288,2,2,1,0.7500,287.378,977.689,767.000,8.8658,17.0000,1.1333,0.6957,5.7963,0.5333,0.2667,0.2000,0.7071,0.0000,5.1217,1.7094,1.0000
3,3,288,289,2,1,2,0.7500,288.651,1015.000,407.674,8.4573,15.0000,1.0465,0.7280,5.1144,0.5333,0.2667,0.2000,0.7071,0.0000,5.4486,2.0431,1.0000
5,3,288,289,2,3,1,0.8333,288.617,1122.200,634.000,9.1414,13.0000,1.0833,0.6483,4.4325,0.5854,0.2927,0.1220,0.3162,0.0000,4.7662,0.6801,0.6500
6,4,296,298,3,2,2,0.5000,297.386,553.386,834.880,11.4188,18.0000,1.3012,0.8773,6.0616,0.5034,0.2551,0.2415,0.9677,0.2521,5.5615,2.3562,0.7470
4,3,298,300,3,2,1,0.6667,299.380,894.740,776.000,8.4059,15.0000,1.2000,0.6723,5.0401,0.7500,0.1500,0.1000,0.9487,0.0000,4.7065,1.3440,0.8200
4,3,298,299,2,2,1,1.0000,298.542,1161.542,413.000,8.0772,13.0000,1.0833,0.7096,4.3778,0.0000,0.7500,0.2500,1.0000,0.0000,4.3725,0.6724,0.8125
6,3,302,304,3,3,1,0.6667,303.216,825.351,708.000,10.1168,16.0000,1.2973,0.6837,5.3592,0.2083,0.6667,0.1250,0.4472,0.0000,4.5176,1.6754,0.6216
8,3,303,305,3,2,2,0.6667,303.570,634.366,964.452,11.0070,14.0000,1.2043,0.8713,4.6893,0.4782,0.1602,0.3617,0.9087,0.4175,4.1854,1.0047,0.4516
4,3,314,317,4,1,1,1.0000,315.473,783.000,975.000,9.1120,16.0000,1.1636,0.5273,5.2994,0.9375,0.0000,0.0625,1.0000,0.0000,5.1377,1.6580,0.7818
3,3,317,318,2,2,1,0.7500,317.310,701.310,930.000,8.0241,16.0000,1.1429,0.4377,5.2957,0.5333,0.2667,0.2000,0.7071,0.0000,4.9642,1.6554,1.0000
4,3,318,319,2,2,1,1.0000,318.436,1205.582,660.000,9.0930,18.0000,1.3091,0.6044,5.9535,0.0000,0.7500,0.2500,1.0000,0.0000,4.7939,0.6613,0.8182
6,3,326,328,3,1,3,0.6667,327.233,532.000,558.205,9.8020,16.0000,1.3151,0.3106,5.2631,0.4000,0.4800,0.1200,0.7071,0.0000,4.4396,1.3152,0.5753
5,3,329,331,3,2,2,0.4167,329.933,918.150,1000.233,8.8129,15.0000,1.2500,0.2853,4.9264,0.4138,0.1655,0.4207,1.0000,0.0000,4.9276,1.4779,0.7000
3,3,330,331,2,2,1,0.7500,330.349,866.651,477.000,8.1521,15.0000,1.0465,0.7387,4.9264,0.5333,0.2667,0.2000,0.7071,0.0000,5.2527,1.6426,1.0000
8,3,330,332,3,2,3,0.4444,331.021,1040.628,1072.128,10.9094,16.0000,1.3617,0.3942,5.2522,0.4055,0.1472,0.4473,0.8560,0.1892,4.4306,1.3130,0.4574
6,3,332,334,3,3,2,0.3333,332.848,1099.975,888.139,10.5775,16.0000,1.2152,0.8598,5.2496,0.5384,0.1347,0.3269,0.8322,0.1385,4.5903,1.6403,0.5823
4,3,334,335,2,1,2,1.0000,334.453,864.000,1063.434,8.6846,16.0000,1.2075,0.6272,5.2446,0.0000,0.7500,0.2500,0.0000,0.0000,4.0965,0.6550,0.8113
5,3,335,337,3,3,1,0.5556,335.672,1058.082,550.000,8.9353,15.0000,1.2295,0.6771,4.9146,0.5532,0.3398,0.1070,0.8281,0.0000,5.2393,1.6376,0.7049
4,3,336,337,2,2,2,0.5000,336.245,846.491,621.226,8.6775,15.0000,1.1321,0.5934,4.9123,0.5916,0.1015,0.3069,0.5000,0.5000,4.9105,1.9632,0.7736
4,3,337,339,3,1,2,0.6667,338.193,957.000,935.825,9.3245,18.0000,1.2632,0.2608,5.8896,0.7500,0.1500,0.1000,0.9487,0.0000,5.0715,1.4723,0.8246
5,3,343,344,2,3,1,0.8333,343.419,1031.774,671.000,9.0521,15.0000,1.2097,0.4763,4.8979,0.5854,0.2927,0.1220,0.3162,0.0000,4.5697,0.9798,0.6613
4,3,343,344,2,2,1,1.0000,343.560,1040.460,1108.000,8.1613,14.0000,1.1200,0.6366,4.5695,0.0000,0.7500,0.2500,1.0000,0.0000,4.7337,1.9584,0.8200
5,3,344,346,3,2,2,0.4167,344.700,884.167,525.683,8.7558,14.0000,1.1667,0.4670,4.5678,0.6999,0.1281,0.1720,0.8684,0.1395,4.5693,1.3051,0.6833
4,3,347,349,3,2,1,0.6667,348.173,600.827,1058.000,8.4729,15.0000,1.1538,0.2448,4.8885,0.7500,0.1500,0.1000,0.9487,0.0000,4.8884,0.9776,0.8269
4,3,348,349,2,2,2,0.5000,348.245,812.811,1083.245,8.6356,17.0000,1.2830,0.3949,5.5403,0.0000,0.5625,0.4375,0.4459,0.5774,4.5620,0.9776,0.8113
4,3,349,350,2,2,2,0.5000,349.265,729.816,890.265,7.9809,14.0000,1.1429,0.4177,4.5609,0.0000,0.5625,0.4375,0.4459,0.5774,4.5602,1.3031,0.8163
4,3,349,350,2,2,1,1.0000,349.547,1005.547,856.000,8.6315,16.0000,1.2075,0.6404,5.2106,0.0000,0.7500,0.2500,1.0000,0.0000,4.5602,1.1394,0.7925
5,3,349,351,3,2,2,0.4167,350.250,1113.617,979.150,8.7377,15.0000,1.2500,0.8555,4.8832,0.7729,0.0435,0.1836,0.8328,0.5477,4.5593,1.6279,0.7000
5,3,350,352,3,2,1,0.8333,350.797,976.641,784.000,9.3184,19.0000,1.4844,0.4128,6.1854,0.5854,0.2927,0.1220,0.9487,0.0000,4.8845,1.1392,0.7188
3,3,351,352,2,2,1,0.7500,351.333,892.333,635.000,7.3294,13.0000,1.0000,0.4714,4.2321,0.5333,0.2667,0.2000,0.7071,0.0000,4.5577,1.3028,1.0000
4,3,354,355,2,2,1,1.0000,354.431,429.549,820.000,8.2916,15.0000,1.1765,0.6241,4.8781,0.0000,0.7500,0.2500,1.0000,0.0000,4.7147,1.3008,0.8235
5,3,354,356,3,1,3,0.5556,355.083,510.000,1142.717,8.7231,14.0000,1.1667,1.2989,4.5529,0.8123,0.1108,0.0769,0.7071,0.0000,3.9014,0.9753,0.6833
5,3,355,356,2,2,2,0.6250,355.688,611.203,992.578,9.3027,17.0000,1.3281,0.6879,5.5248,0.3432,0.2505,0.4063,0.6059,0.3645,4.8755,1.9501,0.6875
6,3,355,357,3,3,1,0.6667,355.897,1264.412,938.000,9.0223,13.0000,1.1471,0.4244,4.2249,0.2083,0.6667,0.1250,0.4472,0.0000,4.2248,0.9748,0.5735
4,3,357,359,3,2,1,0.6667,357.772,886.158,576.000,9.2569,18.0000,1.2632,0.2774,5.8460,0.7500,0.1500,0.1000,0.9487,0.0000,5.1970,1.2994,0.8421
5,3,357,359,3,2,1,0.8333,358.227,997.500,930.000,9.5855,18.0000,1.3636,0.5492,5.8460,0.5854,0.2927,0.1220,0.9487,0.0000,5.1948,0.9742,0.7273
3,3,358,359,2,2,1,0.7500,358.325,1019.325,600.000,7.4996,14.0000,1.0500,0.4596,4.5469,0.5333,0.2667,0.2000,0.7071,0.0000,4.5465,0.9741,1.0000
4,3,359,360,2,1,2,1.0000,359.462,523.000,972.481,8.4403,14.0000,1.0769,0.6665,4.5454,0.0000,0.7500,0.2500,0.0000,0.0000,4.7072,0.6489,0.7885
4,3,359,361,3,2,1,0.6667,359.939,1081.531,710.000,7.9521,13.0000,1.0612,1.0496,4.2207,0.7576,0.1294,0.1129,0.8507,0.0000,4.5440,1.2985,0.7959
4,3,360,362,3,2,1,0.6667,360.887,762.566,974.000,8.5987,16.0000,1.2075,0.9873,5.1931,0.7576,0.1294,0.1129,0.8507,0.0000,4.7048,1.6219,0.8113
5,3,360,362,3,2,1,0.8333,361.145,983.710,961.000,8.9962,15.0000,1.2097,1.1814,4.8685,0.5854,0.2927,0.1220,0.9487,0.0000,4.8671,1.6218,0.7097
3,3,361,363,3,1,1,1.0000,362.000,601.000,873.000,8.2400,16.0000,1.0909,0.0000,5.1899,0.8889,0.0000,0.1111,1.0000,0.0000,5.1910,1.6215,1.0000
6,3,362,363,2,4,1,0.7500,362.471,1175.515,789.000,9.0034,14.0000,1.2353,0.6974,4.5411,0.7692,0.1538,0.0769,0.3162,0.0000,4.0533,0.6486,0.5882
3,3,363,364,2,2,1,0.7500,363.698,518.349,477.000,8.0486,15.0000,1.0465,0.4616,4.8625,0.5333,0.2667,0.2000,0.7071,0.0000,5.1868,1.2965,1.0000
5,3,363,365,3,2,1,0.8333,364.279,911.377,574.000,8.8426,16.0000,1.3115,0.4689,5.1867,0.5854,0.2927,0.1220,0.9487,0.0000,4.5371,1.2970,0.6885
7,3,364,366,3,3,2,0.3889,364.798,702.845,368.845,10.2896,15.0000,1.2500,0.8271,4.8625,0.6816,0.1457,0.1727,0.8400,0.3030,4.2131,1.9437,0.5119
6,3,367,368,2,2,3,0.5000,367.458,773.486,634.000,9.5189,16.0000,1.3333,0.6886,5.1821,0.6168,0.1058,0.2774,0.5000,0.5000,4.2093,1.7812,0.6111
7,3,367,369,3,3,2,0.3889,367.810,1085.127,994.456,9.6686,15.0000,1.3291,0.5096,4.8568,0.3790,0.4227,0.1983,0.7973,0.5178,4.0485,2.2661,0.5316
4,3,369,370,2,1,2,1.0000,369.547,738.000,1062.585,8.5766,16.0000,1.2075,0.6143,5.1777,0.0000,0.7500,0.2500,0.0000,0.0000,4.8548,1.6184,0.8302
5,3,370,371,2,1,4,0.6250,370.217,1023.000,725.450,8.6827,14.0000,1.1667,0.5911,4.5305,0.7911,0.1351,0.0737,0.0898,0.0000,4.5293,1.9414,0.6667
6,3,371,373,3,3,1,0.6667,371.767,850.192,644.000,9.6394,16.0000,1.3151,0.7907,5.1762,0.2083,0.6667,0.1250,0.4472,0.0000,4.2051,1.4562,0.6164
5,3,372,374,3,2,1,0.8333,372.778,846.365,429.000,9.1104,18.0000,1.4286,0.4274,5.8201,0.5854,0.2927,0.1220,0.9487,0.0000,4.8499,1.4552,0.6984
6,3,373,374,2,3,2,0.5000,373.494,938.684,594.873,10.4267,17.0000,1.2911,0.5999,5.4967,0.6373,0.1269,0.2358,0.4046,0.4063,4.6873,2.1015,0.5949
7,3,379,380,2,2,2,0.8750,379.583,842.512,1176.583,10.2481,15.0000,1.2500,0.8673,4.8425,0.0000,0.3318,0.6682,0.5977,0.5774,4.5182,1.1300,0.5119
3,3,386,387,2,2,1,0.7500,386.667,901.333,627.000,7.8139,14.0000,1.0000,0.7454,4.5121,0.5333,0.2667,0.2000,0.7071,0.0000,4.8334,1.2886,1.0000
7,3,399,401,3,2,3,0.3889,399.674,747.140,702.198,10.4469,16.0000,1.3023,0.7165,5.1429,0.1917,0.4720,0.3362,0.9296,0.1173,4.4998,2.2493,0.5116
4,3,399,402,4,1,1,1.0000,400.614,962.000,814.000,9.1582,17.0000,1.1930,0.3860,5.4624,0.9375,0.0000,0.0625,1.0000,0.0000,5.1411,0.9640,0.8246
6,3,400,402,3,2,2,0.5000,401.195,703.110,922.524,10.7562,18.0000,1.3171,0.5257,5.7837,0.3810,0.3333,0.2857,0.9487,0.1690,4.8191,1.4457,0.5854
6,3,411,414,4,2,2,0.3750,412.260,776.123,580.247,9.5592,17.0000,1.3973,0.3791,5.4530,0.8675,0.0267,0.1059,0.9315,0.3570,4.0101,1.4433,0.6301
5,3,417,418,2,2,2,0.6250,417.765,740.265,907.397,9.7474,18.0000,1.3235,0.6993,5.7693,0.3432,0.2505,0.4063,0.5155,0.8569,5.4488,1.6027,0.7353
8,3,417,419,3,2,3,0.4444,417.883,755.798,816.830,10.6522,17.0000,1.4468,0.2890,5.4488,0.6689,0.0577,0.2733,0.8372,0.4082,3.6858,0.9616,0.4787
5,3,417,419,3,2,2,0.4167,417.897,799.441,995.838,9.7472,17.0000,1.2500,0.4810,5.4488,0.7729,0.0435,0.1836,0.8328,0.5477,4.8073,0.9617,0.6912
5,3,419,421,3,1,2,0.8333,419.862,1066.000,707.662,9.3150,15.0000,1.1538,1.1877,4.8061,0.5854,0.2927,0.1220,0.9487,0.0000,5.1270,1.2820,0.6615
8,3,420,422,3,1,4,0.6667,421.056,786.000,1165.899,10.0819,15.0000,1.3483,0.1157,4.8061,0.7339,0.2045,0.0616,0.5786,0.0000,3.6847,0.9613,0.4831
6,3,421,423,3,3,1,0.6667,422.273,1050.156,876.000,10.0705,18.0000,1.4026,0.3141,5.7666,0.4000,0.4800,0.1200,0.7071,0.0000,4.6450,1.7618,0.6234
5,3,430,432,3,1,3,0.5556,430.823,325.000,1118.984,8.8750,15.0000,1.2097,0.8227,4.8016,0.5532,0.3398,0.1070,0.8281,0.0000,4.8007,1.6003,0.6935
7,3,435,437,3,2,2,0.5833,436.032,686.753,1016.645,11.2459,19.0000,1.4301,1.1192,6.0793,0.3883,0.1309,0.4808,0.9235,0.3259,4.4791,1.5996,0.5269
6,3,437,439,3,1,2,1.0000,437.964,255.000,922.554,10.8391,16.0000,1.1566,1.0620,5.1185,0.5556,0.3333,0.1111,1.0000,0.0000,4.7982,1.5993,0.5542
5,3,440,441,2,2,2,0.6250,440.455,1056.409,1053.833,9.4398,16.0000,1.2121,0.8213,5.1169,0.3432,0.2505,0.4063,0.6059,0.3645,4.7971,1.5990,0.6667
4,3,442,444,3,2,1,0.6667,442.877,506.579,780.000,9.1131,17.0000,1.1930,0.9730,5.4363,0.7576,0.1294,0.1129,0.8507,0.0000,4.4766,0.7993,0.8246
3,3,452,454,3,1,1,1.0000,453.000,838.000,1190.000,8.1174,15.0000,1.0227,1.0000,4.7934,0.8889,0.0000,0.1111,1.0000,0.0000,4.4733,0.7988,1.0000
4,3,455,456,2,1,2,1.0000,455.564,456.000,1114.455,8.7859,16.0000,1.1636,0.6301,5.1117,0.0000,0.7500,0.2500,0.0000,0.0000,4.9521,1.2780,0.8182
4,3,459,460,2,2,1,1.0000,459.424,1133.492,667.000,9.4228,18.0000,1.2203,0.6619,5.7496,0.0000,0.7500,0.2500,1.0000,0.0000,5.1106,0.7986,0.8136
3,3,462,464,3,1,1,1.0000,462.956,733.000,1104.000,8.2970,16.0000,1.0667,0.9556,5.1099,0.8889,0.0000,0.1111,1.0000,0.0000,5.1097,1.5967,1.0000
8,4,469,470,2,2,3,0.6667,469.442,788.823,862.071,12.7542,22.0000,1.5575,0.4818,7.0235,0.4286,0.1071,0.4643,0.0000,0.0000,5.1078,0.9577,0.6106
8,3,471,473,3,3,3,0.2963,472.303,880.333,926.091,11.1724,16.0000,1.2929,0.7379,5.1072,0.5958,0.1885,0.2158,0.5251,0.0242,4.3091,1.5959,0.4444
7,3,475,477,3,1,4,0.5833,475.790,506.000,746.086,9.7704,15.0000,1.2963,0.7948,4.7872,0.5992,0.3329,0.0680,0.0000,0.0000,3.8298,1.4361,0.5309
3,3,480,481,2,1,2,0.7500,480.298,729.000,1194.702,8.6578,19.0000,1.2128,0.4213,6.0622,0.5333,0.2667,0.2000,0.7071,0.0000,4.7859,0.6381,1.0000
6,3,491,492,2,3,1,1.0000,491.542,1047.875,890.000,9.3721,15.0000,1.2500,0.9878,4.7825,0.5556,0.3333,0.1111,0.0000,0.0000,4.1449,1.5941,0.5972
3,3,510,511,2,1,2,0.7500,510.333,275.000,970.333,7.7204,14.0000,1.0000,0.4714,4.4575,0.5333,0.2667,0.2000,0.7071,0.0000,4.4575,0.6368,1.0000
6,3,514,515,2,3,2,0.5000,514.513,381.605,854.158,9.8747,15.0000,1.1842,0.6463,4.7738,0.6373,0.1269,0.2358,0.4046,0.4063,4.4556,0.9547,0.5658
3,3,522,523,2,1,2,0.7500,522.696,867.000,1151.674,8.4462,17.0000,1.1087,0.4460,5.4063,0.5333,0.2667,0.2000,0.7071,0.0000,4.4523,0.9541,1.0000
4,3,531,533,3,2,1,0.6667,532.000,1072.792,1086.000,8.4210,14.0000,1.0566,1.0213,4.4492,0.5357,0.3214,0.1429,1.0000,0.0000,4.7664,1.5888,0.7925
6,3,533,535,3,1,2,1.0000,534.039,865.000,893.526,9.8579,16.0000,1.2632,0.4753,5.0836,0.5556,0.3333,0.1111,1.0000,0.0000,4.6068,1.5885,0.5921
4,3,536,538,3,2,1,0.6667,536.889,877.259,982.000,8.5767,16.0000,1.1852,0.2821,5.0824,0.5357,0.3214,0.1429,1.0000,0.0000,4.9238,1.1118,0.8333
3,3,538,539,2,1,2,0.7500,538.333,709.000,1032.667,7.7019,14.0000,1.0000,0.7454,4.4468,0.5333,0.2667,0.2000,0.7071,0.0000,5.0820,1.9058,1.0000
4,3,542,543,2,1,2,1.0000,542.483,976.000,1013.448,9.2087,16.0000,1.1034,0.6588,5.0808,0.0000,0.7500,0.2500,0.0000,0.0000,5.0806,1.7465,0.7931
5,3,544,545,2,1,3,0.8333,544.300,967.000,871.000,8.5196,14.0000,1.1667,1.0440,4.4452,0.6340,0.2717,0.0943,0.0000,0.0000,4.7627,0.6350,0.7000
7,3,548,550,3,2,3,0.3889,548.816,883.218,743.230,10.4384,19.0000,1.5287,0.3666,6.0313,0.3994,0.3420,0.2586,0.7329,0.5294,4.1268,1.2698,0.5517
5,3,552,554,3,1,3,0.5556,553.191,676.000,1138.059,9.6521,17.0000,1.2500,0.2000,5.3957,0.5532,0.3398,0.1070,0.8281,0.0000,4.7609,1.5870,0.6765
6,4,558,559,2,2,2,0.7500,558.519,929.259,784.346,10.4944,17.0000,1.2593,0.6469,5.3950,0.2000,0.3333,0.4667,0.0000,0.0000,5.0777,1.4281,0.7407
5,3,560,561,2,2,2,0.6250,560.391,584.453,850.844,9.0830,15.0000,1.1719,0.6183,4.7602,0.3432,0.2505,0.4063,0.6059,0.3645,4.7602,0.9520,0.6875
3,3,563,564,2,2,1,0.7500,563.362,615.702,865.000,8.6112,17.0000,1.0851,0.7044,5.3948,0.5333,0.2667,0.2000,0.7071,0.0000,5.3948,1.5867,1.0000
4,3,575,576,2,2,1,1.0000,575.459,754.492,1039.000,9.6794,17.0000,1.1148,0.6848,5.3951,0.0000,0.7500,0.2500,1.0000,0.0000,5.5538,1.2694,0.7869
8,3,576,578,3,1,4,0.6667,577.111,906.000,802.505,11.1082,16.0000,1.2929,0.5073,5.0778,0.4158,0.4977,0.0865,0.5696,0.0000,4.2844,1.2694,0.4444
5,3,577,578,2,2,2,0.6250,577.457,419.471,644.129,9.9350,17.0000,1.2143,0.7685,5.3952,0.3432,0.2505,0.4063,0.6059,0.3645,5.3952,2.2215,0.6857
3,3,589,591,3,1,1,1.0000,590.000,353.000,1070.000,8.2460,17.0000,1.1333,0.0000,5.3956,0.8889,0.0000,0.1111,1.0000,0.0000,5.0782,0.7935,1.0000
5,3,592,593,2,2,2,0.6250,592.556,369.159,951.397,8.9421,14.0000,1.1111,0.7009,4.4434,0.3432,0.2505,0.4063,0.6059,0.3645,5.0781,1.7456,0.6667
4,3,599,600,2,2,2,0.5000,599.473,523.182,660.727,8.7274,16.0000,1.1636,0.6208,5.0777,0.5916,0.1015,0.3069,0.7071,0.7071,5.2365,1.5868,0.8182
5,3,604,606,3,1,2,0.8333,604.791,638.000,1213.373,9.5079,17.0000,1.2687,0.4277,5.3944,0.5854,0.2927,0.1220,0.9487,0.0000,5.0771,1.2693,0.6716
4,3,610,611,2,2,2,0.5000,610.190,491.270,802.524,9.9937,18.0000,1.1429,0.6193,5.7107,0.5916,0.1015,0.3069,0.5000,0.5000,5.5521,1.7449,0.8095
5,4,613,615,3,2,1,0.8333,614.197,831.395,795.000,10.7812,19.0000,1.2500,0.4413,6.0270,0.5854,0.2927,0.1220,0.9487,0.0000,4.7579,0.9516,0.8289
3,3,646,647,2,1,2,0.7500,646.326,994.000,670.326,7.8620,15.0000,1.0465,0.4604,4.7503,0.5333,0.2667,0.2000,0.7071,0.0000,5.0670,1.9001,1.0000
5,3,651,652,2,2,2,0.6250,651.368,671.221,1159.603,9.6287,15.0000,1.1029,0.9488,4.7494,0.3432,0.2505,0.4063,0.6059,0.3645,4.7494,1.2665,0.6324
7,3,651,653,3,2,2,0.5833,651.954,873.241,1078.414,10.4113,15.0000,1.2069,0.4813,4.7493,0.5557,0.1817,0.2626,0.9141,0.3987,4.1162,1.2665,0.5057
6,3,652,654,3,2,2,0.5000,652.671,505.481,726.139,10.2112,17.0000,1.2911,0.6301,5.3823,0.6373,0.1269,0.2358,0.8795,0.0724,4.2743,0.9498,0.5949
9,3,655,656,2,3,4,0.3750,655.730,642.890,670.310,10.5528,16.0000,1.4400,0.7491,5.0653,0.7363,0.0195,0.2442,0.1427,0.4961,3.1659,1.8995,0.4400
6,3,657,658,2,2,2,0.7500,657.539,276.263,861.382,9.8222,16.0000,1.2632,0.6534,5.0651,0.2000,0.3333,0.4667,0.0000,0.0000,4.2737,0.7914,0.5921
5,3,660,662,3,2,1,0.8333,660.848,874.303,782.000,9.3433,16.0000,1.2121,0.3388,5.0648,0.5854,0.2927,0.1220,0.9487,0.0000,5.0647,1.8993,0.6970
5,3,662,663,2,1,3,0.8333,662.619,634.000,403.667,8.9183,16.0000,1.2698,0.7678,5.0646,0.5854,0.2927,0.1220,0.3162,0.0000,4.7481,1.5827,0.6984
5,3,663,664,2,2,3,0.4167,663.562,518.808,1046.973,10.3337,21.0000,1.4384,0.4793,6.6472,0.1521,0.5234,0.3245,0.0000,0.5847,4.7480,0.9496,0.7260
4,3,663,665,3,2,1,0.6667,664.098,769.549,970.000,8.0715,14.0000,1.0980,0.5577,4.4314,0.7576,0.1294,0.1129,0.8507,0.0000,5.3810,1.8992,0.8235
5,3,666,667,2,2,2,0.6250,666.603,530.857,934.603,8.9178,15.0000,1.1905,0.7360,4.7478,0.3432,0.2505,0.4063,0.6059,0.3645,5.0643,1.4243,0.6984
3,3,672,673,2,1,2,0.7500,672.292,1055.000,1152.292,8.7713,20.0000,1.2500,0.4125,6.3301,0.5333,0.2667,0.2000,0.7071,0.0000,4.7476,1.2660,1.0000
7,3,685,687,3,2,2,0.5833,685.698,506.616,940.279,10.2878,15.0000,1.2209,0.7410,4.7475,0.4600,0.2645,0.2756,0.8571,0.1000,4.1145,0.9495,0.5116
4,3,696,698,3,1,2,0.6667,696.627,479.000,1134.275,8.0709,14.0000,1.0980,0.6849,4.4311,0.7500,0.1500,0.1000,0.9487,0.0000,4.7476,0.7913,0.8235
4,3,697,698,2,1,2,1.0000,697.491,976.000,979.418,8.7039,18.0000,1.3091,0.6588,5.6971,0.0000,0.7500,0.2500,0.0000,0.0000,5.0641,1.2660,0.8364
7,4,698,700,3,2,3,0.3889,699.121,872.899,831.152,11.8432,23.0000,1.6263,0.2188,7.2797,0.4009,0.2683,0.3308,0.7054,0.0496,5.0641,1.7408,0.6768
3,3,707,709,3,1,1,1.0000,708.065,452.000,872.000,8.4058,17.0000,1.1087,0.9348,5.3806,0.8889,0.0000,0.1111,1.0000,0.0000,5.0641,1.4243,1.0000
4,3,709,711,3,2,1,0.6667,710.070,624.544,586.000,9.0204,16.0000,1.1228,0.4615,5.0641,0.7576,0.1294,0.1129,0.8507,0.0000,4.4311,0.6330,0.8070
6,3,709,711,3,2,2,0.5000,710.158,866.329,901.263,9.8202,15.0000,1.1842,0.4499,4.7476,0.4074,0.2455,0.3471,0.9369,0.3292,4.4311,1.5825,0.5789
6,3,713,714,2,3,3,0.3333,713.640,434.973,1019.293,9.6909,15.0000,1.2000,0.7045,4.7476,0.4767,0.3371,0.1862,0.4927,0.8702,4.4310,1.5825,0.5733
8,3,718,721,4,2,3,0.3333,719.389,495.526,993.000,10.6303,16.0000,1.3474,0.7727,5.0639,0.5236,0.2754,0.2010,0.9386,0.2226,3.1650,0.9495,0.4737
4,3,723,725,3,1,2,0.6667,724.088,784.000,1032.596,9.0198,20.0000,1.4035,0.4129,6.3297,0.7576,0.1294,0.1129,0.8507,0.0000,4.7473,1.1077,0.8421
5,3,724,726,3,1,2,0.8333,725.297,501.000,967.547,9.0582,15.0000,1.1719,0.6223,4.7472,0.5854,0.2927,0.1220,0.9487,0.0000,4.7472,1.1077,0.6719
4,3,727,729,3,1,2,0.6667,727.887,964.000,1131.547,8.3866,15.0000,1.1321,0.9957,4.7472,0.7576,0.1294,0.1129,0.8507,0.0000,5.2218,1.8988,0.8302
5,3,730,731,2,2,2,0.6250,730.149,735.537,1098.522,9.4824,17.0000,1.2687,0.7641,5.3799,0.3432,0.2505,0.4063,0.5155,0.8569,4.7470,1.2659,0.6866
4,3,735,737,3,1,2,0.6667,736.179,322.000,874.804,8.8603,16.0000,1.1429,0.2655,5.0631,0.7500,0.1500,0.1000,0.9487,0.0000,5.2213,1.4240,0.8036
4,3,735,736,2,1,2,1.0000,735.534,951.000,1092.448,9.1769,17.0000,1.1724,0.6463,5.3795,0.0000,0.7500,0.2500,0.0000,0.0000,4.9049,1.4240,0.7931
7,3,738,739,2,2,3,0.5833,738.565,459.894,1005.812,10.1659,15.0000,1.2353,0.6046,4.7465,0.5916,0.2044,0.2040,0.1485,0.2953,4.1136,1.1075,0.5176
7,3,742,744,3,3,2,0.3889,742.844,713.000,1075.289,10.7630,21.0000,1.6333,0.3281,6.6444,0.6781,0.1136,0.2082,0.8847,0.4508,4.1133,1.5820,0.5556
6,3,744,745,2,2,2,0.7500,744.722,914.542,1001.472,9.2999,15.0000,1.2500,0.7704,4.7458,0.2667,0.1333,0.6000,0.0000,0.0000,4.2713,1.2656,0.5972
6,3,749,751,3,2,2,0.5000,750.211,623.368,870.724,9.8152,15.0000,1.1842,0.5064,4.7452,0.6381,0.1455,0.2164,0.8019,0.3768,4.4287,0.7909,0.5658
5,3,750,751,2,2,2,0.6250,750.154,520.385,1155.585,9.1958,16.0000,1.2308,0.7165,5.0615,0.3432,0.2505,0.4063,0.5155,0.8569,4.7452,0.3164,0.6769
4,3,753,754,2,1,3,0.6667,753.545,1010.000,678.091,8.6986,15.0000,1.0909,0.5530,4.7448,0.7576,0.1294,0.1129,0.5257,0.0000,5.0610,1.8979,0.8182
5,3,754,756,3,1,2,0.8333,754.729,560.000,652.414,9.9018,19.0000,1.3571,0.4953,6.0097,0.5854,0.2927,0.1220,0.9487,0.0000,4.7445,1.5815,0.6857
5,4,764,766,3,1,2,0.8333,764.845,513.000,966.676,10.0397,18.0000,1.2676,0.3591,5.6914,0.5854,0.2927,0.1220,0.9487,0.0000,4.7428,1.5809,0.8732
11,4,765,768,4,3,3,0.3056,766.799,603.688,1227.201,14.6803,18.0000,1.2857,1.2573,5.6909,0.7504,0.0476,0.2019,0.7032,0.4750,4.1101,0.6323,0.5455
8,4,770,772,3,2,2,0.6667,770.841,575.626,795.364,11.9585,16.0000,1.1963,0.7417,5.0577,0.3463,0.4131,0.2406,0.9921,0.1255,4.1095,0.9483,0.5701
5,3,772,774,3,2,1,0.8333,773.231,701.523,558.000,9.1880,16.0000,1.2308,0.5717,5.0573,0.5854,0.2927,0.1220,0.9487,0.0000,5.0571,0.6322,0.7231
5,3,774,775,2,2,2,0.6250,774.681,512.306,942.556,10.1768,18.0000,1.2500,0.7100,5.6889,0.2938,0.4054,0.3007,0.0000,0.3029,4.7410,1.8963,0.6944
4,3,774,775,2,1,2,1.0000,774.541,550.000,1179.590,9.6397,19.0000,1.2459,0.6154,6.0050,0.0000,0.7500,0.2500,0.0000,0.0000,5.2150,1.2643,0.8197
4,3,775,776,2,1,2,1.0000,775.464,830.000,982.536,8.8492,16.0000,1.1429,0.6566,5.0568,0.0000,0.7500,0.2500,0.0000,0.0000,4.1086,0.3160,0.7857
4,3,776,777,2,2,2,0.5000,776.444,787.167,1151.741,8.5328,16.0000,1.1852,0.5409,5.0566,0.5916,0.1015,0.3069,0.7071,0.7071,4.8984,1.2640,0.8333
9,3,783,785,3,3,3,0.3333,784.133,319.230,1091.124,11.8993,18.0000,1.4336,1.6259,5.6867,0.6107,0.2213,0.1680,0.6537,0.6260,4.1069,1.4216,0.5664
4,3,786,787,2,2,1,1.0000,786.544,351.456,930.000,9.0024,17.0000,1.1930,0.6451,5.3697,0.0000,0.7500,0.2500,1.0000,0.0000,5.0540,1.4214,0.7895
4,3,792,794,3,1,2,0.6667,792.911,491.000,988.286,8.8415,17.0000,1.2143,0.2993,5.3680,0.5357,0.3214,0.1429,1.0000,0.0000,5.3682,1.2631,0.8393
4,4,793,794,2,2,1,1.0000,793.517,268.467,722.000,9.4728,17.0000,1.1333,0.6719,5.3678,0.0000,0.7500,0.2500,1.0000,0.0000,4.8944,0.6315,1.0000
7,3,794,796,3,2,2,0.5833,795.429,335.265,1029.541,11.6947,16.0000,1.1429,0.7393,5.0517,0.5694,0.1270,0.3036,0.8963,0.4170,4.7357,1.5787,0.4898
6,4,795,797,3,2,2,0.5000,796.235,372.111,1097.481,10.4400,18.0000,1.3333,0.5470,5.6829,0.6373,0.1269,0.2358,0.8795,0.0724,4.8936,0.6315,0.7778
4,4,795,797,3,1,2,0.6667,796.220,474.000,906.763,9.3135,16.0000,1.0847,0.3238,5.0515,0.7500,0.1500,0.1000,0.9487,0.0000,4.8936,1.2627,1.0000
5,3,795,797,3,1,2,0.8333,796.309,576.000,815.368,9.6010,19.0000,1.3971,0.4801,5.9986,0.5854,0.2927,0.1220,0.9487,0.0000,4.4198,0.7893,0.7206
6,3,797,800,4,2,2,0.3750,798.519,795.222,762.642,10.4387,19.0000,1.4074,0.6398,5.9976,0.8091,0.0682,0.1227,0.8627,0.0802,4.8928,1.4206,0.6420
5,3,798,800,3,2,2,0.4167,798.912,429.162,941.471,9.5996,17.0000,1.2500,0.5606,5.3663,0.5461,0.2256,0.2283,0.8117,0.4177,5.3665,1.2627,0.7059
4,3,799,800,2,2,1,1.0000,799.474,789.526,904.000,8.9962,16.0000,1.1228,0.7081,5.0507,0.0000,0.7500,0.2500,1.0000,0.0000,4.4192,0.9470,0.8070
9,4,801,803,3,2,3,0.5000,802.120,331.205,1176.479,12.3089,18.0000,1.3846,0.5729,5.6811,0.2513,0.4614,0.2873,0.7729,0.1472,4.4184,0.6312,0.5470
5,3,806,808,3,1,3,0.5556,806.841,425.000,996.000,9.7365,19.0000,1.3768,0.1594,5.9950,0.5532,0.3398,0.1070,0.8281,0.0000,4.7327,1.8932,0.6812
5,3,806,808,3,2,1,0.8333,807.067,584.617,731.000,8.4664,14.0000,1.1667,1.1335,4.4176,0.5854,0.2927,0.1220,0.9487,0.0000,4.7329,1.2620,0.7000
5,3,807,809,3,2,1,0.8333,808.250,212.562,1031.000,9.0303,14.0000,1.0937,0.6156,4.4171,0.5854,0.2927,0.1220,0.9487,0.0000,4.7324,1.1043,0.6562
6,3,811,812,2,3,2,0.5000,811.577,513.211,1127.254,9.1434,15.0000,1.2676,0.6651,4.7319,0.6381,0.1455,0.2164,0.3327,0.3629,3.9430,0.7886,0.6197
6,3,811,813,3,1,3,0.6667,811.928,555.000,1207.759,10.6886,17.0000,1.2289,0.2516,5.3625,0.6944,0.2222,0.0833,0.8000,0.0000,4.5740,0.6309,0.5663
4,3,812,813,2,2,1,1.0000,812.547,469.453,996.000,8.3589,15.0000,1.1321,0.6404,4.7313,0.0000,0.7500,0.2500,1.0000,0.0000,4.7315,1.8927,0.8113
5,3,814,816,3,2,2,0.4167,814.697,633.227,1028.167,9.3091,17.0000,1.2879,0.4138,5.3616,0.6489,0.0995,0.2515,0.9362,0.2726,4.7311,1.2616,0.6970
4,3,826,827,2,2,1,1.0000,826.500,266.534,1024.000,9.1406,16.0000,1.1034,0.6832,5.0430,0.0000,0.7500,0.2500,1.0000,0.0000,5.2008,1.2607,0.7759
5,3,830,832,3,2,1,0.8333,830.750,283.426,747.000,9.5831,16.0000,1.1765,0.6256,5.0420,0.5854,0.2927,0.1220,0.9487,0.0000,4.7270,0.9454,0.6618
7,4,830,831,2,2,3,0.5833,830.570,348.903,1016.065,11.0770,17.0000,1.2796,1.2113,5.3573,0.5916,0.2044,0.2040,0.1485,0.2953,4.7271,1.1029,0.6774
7,4,831,833,3,2,2,0.5833,832.011,436.215,966.462,11.0762,19.0000,1.4301,0.5791,5.9870,0.5557,0.1817,0.2626,0.9141,0.3987,5.0417,1.5755,0.6667
5,4,838,840,3,2,2,0.4167,839.013,533.776,1013.382,10.7066,17.0000,1.1184,0.8651,5.3552,0.5461,0.2256,0.2283,0.8117,0.4177,5.6701,1.5751,0.8289
4,3,844,845,2,2,2,0.5000,844.736,434.170,633.283,8.3460,15.0000,1.1321,0.4227,4.7241,0.0000,0.5625,0.4375,0.4459,0.5774,4.8816,1.2597,0.8302
3,3,848,850,3,1,1,1.0000,848.956,282.000,904.000,8.1813,16.0000,1.0667,0.9556,5.0385,0.8889,0.0000,0.1111,1.0000,0.0000,5.3533,1.5744,1.0000
5,3,851,852,2,2,2,0.6250,851.446,551.862,847.369,9.1532,17.0000,1.3077,0.5954,5.3530,0.3432,0.2505,0.4063,0.6059,0.3645,4.0934,0.7872,0.7077
4,3,855,856,2,2,1,1.0000,855.491,563.509,668.000,8.6583,14.0000,1.0182,0.7072,4.4079,0.0000,0.7500,0.2500,1.0000,0.0000,4.7227,0.6297,0.7636
5,3,856,858,3,1,2,0.8333,856.762,480.000,526.476,8.8705,15.0000,1.1905,0.9246,4.7227,0.5854,0.2927,0.1220,0.9487,0.0000,5.0374,0.9445,0.7143
4,3,857,860,4,1,1,1.0000,858.647,543.000,949.000,8.0282,14.0000,1.0980,0.6471,4.4077,0.9375,0.0000,0.0625,1.0000,0.0000,4.7224,1.5742,0.8235
9,3,863,865,3,2,2,0.7500,864.059,625.333,582.373,10.7034,16.0000,1.4118,0.5034,5.0369,0.4875,0.0908,0.4217,0.9594,0.1156,4.0925,1.7314,0.4314
3,3,864,865,2,1,2,0.7500,864.674,527.000,764.674,7.8154,15.0000,1.0465,0.4604,4.7221,0.5333,0.2667,0.2000,0.7071,0.0000,4.0925,1.5740,1.0000
10,4,865,867,3,3,3,0.3704,866.172,570.131,454.008,12.1450,16.0000,1.3115,1.4018,5.0368,0.6844,0.1128,0.2027,0.5657,0.8230,4.0924,1.5740,0.4918
6,3,868,869,2,3,2,0.5000,868.494,377.785,390.127,10.1527,17.0000,1.2911,0.5645,5.3515,0.3810,0.3333,0.2857,0.3162,0.5071,4.8793,1.5740,0.5949
5,3,868,870,3,2,1,0.8333,869.134,587.313,911.000,9.4323,16.0000,1.1940,0.3410,5.0367,0.5854,0.2927,0.1220,0.9487,0.0000,5.0367,1.2592,0.6866
6,3,868,870,3,3,2,0.3333,869.173,907.333,919.867,9.6386,14.0000,1.1200,0.3987,4.4071,0.7397,0.1062,0.1541,0.6563,0.4773,4.4071,1.5740,0.5600
4,3,870,871,2,1,2,1.0000,870.517,554.000,1032.517,9.1290,15.0000,1.0345,0.7075,4.7219,0.0000,0.7500,0.2500,0.0000,0.0000,5.0367,0.9444,0.7759
5,3,872,874,3,2,1,0.8333,872.662,349.559,786.000,9.5730,17.0000,1.2500,0.8662,5.3515,0.5854,0.2927,0.1220,0.9487,0.0000,4.0923,1.1018,0.6765
7,3,873,875,3,2,2,0.5833,873.911,795.200,875.256,10.7082,21.0000,1.6333,0.3365,6.6106,0.6517,0.0773,0.2710,0.8881,0.0000,3.4627,1.4166,0.5889
5,3,874,876,3,1,2,0.8333,874.788,1159.000,569.576,9.2914,14.0000,1.0606,0.9758,4.4071,0.5854,0.2927,0.1220,0.9487,0.0000,4.7219,1.2592,0.6364
6,3,875,877,3,3,1,0.6667,876.171,635.224,341.000,9.7670,18.0000,1.4211,0.2816,5.6663,0.4000,0.4800,0.1200,0.7071,0.0000,4.2497,0.9444,0.6053
6,3,879,881,3,2,1,1.0000,880.065,409.545,499.000,9.8957,16.0000,1.2468,0.4592,5.0367,0.5556,0.3333,0.1111,1.0000,0.0000,4.4072,1.2592,0.5714
5,3,879,880,2,2,2,0.6250,879.406,694.826,906.391,9.7139,16.0000,1.1594,0.5899,5.0367,0.3432,0.2505,0.4063,0.6059,0.3645,4.7219,0.9444,0.6377
4,3,879,880,2,1,3,0.6667,879.566,780.000,1253.094,8.3421,16.0000,1.2075,0.4441,5.0367,0.7576,0.1294,0.1129,0.5257,0.0000,5.0367,1.2592,0.8302
5,3,880,882,3,2,1,0.8333,881.209,413.522,635.000,9.4324,18.0000,1.3433,0.5626,5.6664,0.5854,0.2927,0.1220,0.9487,0.0000,5.0368,0.9444,0.7313
4,3,880,881,2,2,2,0.5000,880.815,777.259,913.463,8.4996,15.0000,1.1111,0.5620,4.7220,0.5916,0.1015,0.3069,0.5000,0.5000,4.8794,2.0462,0.8148
4,3,881,882,2,2,1,1.0000,881.509,468.509,985.000,8.6570,14.0000,1.0182,0.7072,4.4072,0.0000,0.7500,0.2500,1.0000,0.0000,4.7220,1.4166,0.7636
5,3,881,883,3,1,2,0.8333,881.821,775.000,416.418,9.4325,15.0000,1.1194,0.4547,4.7220,0.5854,0.2927,0.1220,0.9487,0.0000,5.0368,0.9444,0.6418
3,3,883,885,3,1,1,1.0000,884.043,310.000,821.000,8.5424,17.0000,1.0851,0.0426,5.3517,0.8889,0.0000,0.1111,1.0000,0.0000,5.6666,2.2036,1.0000
3,3,885,886,2,2,1,0.7500,885.682,712.318,539.000,7.9973,16.0000,1.0909,0.4500,5.0370,0.5333,0.2667,0.2000,0.7071,0.0000,4.7222,0.6296,1.0000
3,3,894,896,3,1,1,1.0000,894.979,301.000,1169.000,8.7254,17.0000,1.0625,0.9792,5.3524,0.8889,0.0000,0.1111,1.0000,0.0000,5.6674,2.0465,1.0000
4,3,901,903,3,1,2,0.6667,902.091,603.000,825.745,8.6595,18.0000,1.3091,0.2703,5.6681,0.5357,0.3214,0.1429,1.0000,0.0000,4.8809,1.5745,0.8364
5,3,908,909,2,2,3,0.4167,908.562,545.859,1086.078,9.0141,18.0000,1.4062,0.4661,5.6690,0.5461,0.2256,0.2283,0.5716,0.7118,4.7240,1.2597,0.7188
8,3,909,911,3,2,3,0.4444,909.897,748.278,899.144,10.8011,17.0000,1.4021,0.7431,5.3541,0.6689,0.0577,0.2733,0.8372,0.4082,4.0944,0.9448,0.4639
9,3,911,913,3,2,4,0.3750,912.065,283.241,942.611,11.3388,15.0000,1.2500,1.2511,4.7245,0.7215,0.1424,0.1361,0.5766,0.5340,3.7797,1.2599,0.4167
8,4,912,915,4,3,2,0.3333,913.324,402.618,1004.794,11.3588,17.0000,1.3333,0.7270,5.3545,0.7895,0.0621,0.1484,0.8238,0.0552,4.2522,1.8897,0.6078
6,3,912,914,3,2,2,0.5000,912.718,440.648,1047.746,9.1296,15.0000,1.2676,1.0000,4.7245,0.6381,0.1455,0.2164,0.8019,0.3768,4.4095,1.5749,0.6056
3,3,920,921,2,2,1,0.7500,920.659,218.318,994.000,8.0029,15.0000,1.0227,0.7319,4.7255,0.5333,0.2667,0.2000,0.7071,0.0000,5.0404,0.9451,1.0000
6,3,922,924,3,2,2,0.5000,922.803,420.873,930.479,9.1319,16.0000,1.3521,0.5714,5.0408,0.3810,0.3333,0.2857,0.9487,0.1690,3.9381,1.4177,0.6197
4,3,923,924,2,2,2,0.5000,923.286,354.839,892.732,8.8215,16.0000,1.1429,0.4233,5.0409,0.0000,0.5625,0.4375,0.4459,0.5774,5.1983,0.9452,0.8393
7,3,931,934,4,2,3,0.2917,932.859,369.529,1007.365,10.1236,16.0000,1.3176,0.6119,5.0418,0.7540,0.1494,0.0966,0.8403,0.3579,4.7268,1.7331,0.5294
8,3,931,932,2,2,3,0.6667,931.418,708.516,986.945,10.1380,15.0000,1.3187,0.6664,4.7265,0.5482,0.2094,0.2424,0.0000,0.0000,3.4662,0.9453,0.4835
3,3,934,936,3,1,1,1.0000,935.000,423.000,882.000,8.3690,16.0000,1.0435,0.0000,5.0419,0.8889,0.0000,0.1111,1.0000,0.0000,5.0420,1.4180,1.0000
5,3,934,936,3,2,1,0.8333,935.028,771.375,846.000,10.1467,18.0000,1.2500,1.0941,5.6721,0.5854,0.2927,0.1220,0.9487,0.0000,5.0419,0.9454,0.7222
3,3,939,940,2,1,2,0.7500,939.348,957.000,872.304,8.3694,16.0000,1.0435,0.4622,5.0422,0.5333,0.2667,0.2000,0.7071,0.0000,5.3573,1.5757,1.0000
5,3,945,946,2,2,2,0.6250,945.591,422.136,1093.424,9.3016,15.0000,1.1364,0.6049,4.7271,0.3432,0.2505,0.4063,0.6059,0.3645,5.0422,0.9454,0.6667
4,3,957,958,2,1,2,1.0000,957.537,634.000,930.481,8.5073,15.0000,1.1111,0.6951,4.7262,0.0000,0.7500,0.2500,0.0000,0.0000,4.7263,0.9453,0.7963
6,3,961,962,2,3,2,0.5000,961.135,616.351,656.608,9.5179,15.0000,1.2162,0.7152,4.7258,0.5034,0.2551,0.2415,0.2255,0.8655,4.2532,1.4177,0.5946
4,3,962,964,3,2,1,0.6667,963.057,853.528,540.000,8.3485,14.0000,1.0566,0.5313,4.4105,0.7576,0.1294,0.1129,0.8507,0.0000,4.7255,0.6301,0.7925
4,3,968,969,2,1,2,1.0000,968.462,485.000,840.558,8.1894,15.0000,1.1538,0.6968,4.7246,0.0000,0.7500,0.2500,0.0000,0.0000,5.0397,1.2599,0.8269
5,3,968,969,2,2,2,0.6250,968.368,748.647,528.176,9.5786,17.0000,1.2500,0.5393,5.3547,0.3432,0.2505,0.4063,0.6059,0.3645,5.0397,1.5749,0.6765
9,3,972,974,3,3,4,0.2500,973.028,468.991,809.396,11.1272,17.0000,1.4434,0.6045,5.3537,0.4251,0.3277,0.2472,0.0399,0.3620,3.7791,1.7320,0.4434
3,3,975,977,3,1,1,1.0000,976.000,701.000,1009.000,7.8173,15.0000,1.0465,0.0000,4.7232,0.8889,0.0000,0.1111,1.0000,0.0000,5.0383,1.2596,1.0000
9,3,982,984,3,3,3,0.3333,982.788,885.067,830.269,10.9128,16.0000,1.3846,0.8359,5.0368,0.4698,0.3654,0.1648,0.7348,0.5875,3.4629,1.5739,0.4327
4,3,984,985,2,3,1,0.6667,984.328,365.431,844.000,9.1284,19.0000,1.3103,0.8808,5.9805,0.7500,0.1500,0.1000,0.3162,0.0000,5.0364,0.9443,0.8448
7,4,991,993,3,2,2,0.5833,991.804,818.272,662.707,10.9423,16.0000,1.2174,0.7819,5.0349,0.3772,0.3083,0.3146,0.9758,0.2185,4.7200,1.2587,0.6522
3,3,993,994,2,1,2,0.7500,993.696,454.000,1100.348,8.3568,16.0000,1.0435,0.4622,5.0345,0.5333,0.2667,0.2000,0.7071,0.0000,5.3492,1.8879,1.0000
7,3,993,995,3,2,3,0.3889,993.805,530.110,1064.841,9.7523,16.0000,1.3659,0.8277,5.0347,0.6816,0.1457,0.1727,0.5229,0.2303,3.6185,1.2586,0.5488
4,3,998,1000,3,1,2,0.6667,999.034,408.000,925.500,9.1236,16.0000,1.1034,0.5012,5.0337,0.7576,0.1294,0.1129,0.8507,0.0000,4.8763,1.5730,0.7759
4,3,999,1000,2,1,2,1.0000,999.545,542.000,1130.545,8.6516,16.0000,1.1636,0.6428,5.0336,0.0000,0.7500,0.2500,0.0000,0.0000,4.7191,1.1011,0.8000
3,3,1000,1001,2,2,1,0.7500,1000.696,673.696,984.000,8.3550,18.0000,1.1739,0.4304,5.6626,0.5333,0.2667,0.2000,0.7071,0.0000,4.7190,1.8876,1.0000
5,3,1007,1009,3,3,1,0.5556,1007.892,280.062,590.000,9.1434,16.0000,1.2308,0.8944,5.0327,0.5532,0.3398,0.1070,0.5606,0.0000,5.3472,1.4154,0.7077
4,3,1007,1009,3,1,2,0.6667,1008.018,383.000,789.161,8.8071,18.0000,1.2857,0.1617,5.6617,0.5357,0.3214,0.1429,1.0000,0.0000,4.8754,1.4154,0.8393
4,3,1008,1009,2,2,2,0.5000,1008.254,514.847,779.729,9.2789,19.0000,1.2881,0.4018,5.9763,0.0000,0.5625,0.4375,0.4459,0.5774,5.1899,0.9436,0.8475
9,3,1009,1012,4,4,2,0.2812,1010.761,390.376,734.917,11.4278,16.0000,1.3211,1.8031,5.0326,0.7120,0.1681,0.1200,0.8008,0.0764,3.7744,1.5726,0.5596
4,3,1009,1010,2,2,1,1.0000,1009.463,543.481,487.000,8.4924,15.0000,1.1111,0.6951,4.7180,0.0000,0.7500,0.2500,1.0000,0.0000,4.7180,1.5727,0.7963
4,3,1010,1011,2,1,2,1.0000,1010.463,603.000,590.537,8.4922,15.0000,1.1111,0.6547,4.7179,0.0000,0.7500,0.2500,0.0000,0.0000,4.7179,2.2016,0.7963
4,3,1011,1013,3,2,1,0.6667,1012.057,223.472,696.000,8.3348,14.0000,1.0566,0.4751,4.4033,0.7576,0.1294,0.1129,0.8507,0.0000,4.7178,1.2581,0.7925
6,3,1020,1022,3,1,3,0.6667,1020.923,498.000,895.282,10.0145,17.0000,1.3077,1.1694,5.3464,0.6944,0.2222,0.0833,0.8000,0.0000,4.8746,1.4152,0.5769
4,3,1021,1022,2,1,3,0.6667,1021.182,538.000,1136.000,8.6485,17.0000,1.2364,0.1818,5.3463,0.5357,0.3214,0.1429,0.0000,0.0000,4.7174,1.2580,0.8182
6,3,1023,1025,3,1,2,1.0000,1024.062,826.000,813.487,10.2711,16.0000,1.2000,0.4915,5.0318,0.5556,0.3333,0.1111,1.0000,0.0000,4.8745,0.9435,0.5625
5,3,1025,1027,3,2,2,0.4167,1025.924,385.833,967.758,9.2823,16.0000,1.2121,0.7794,5.0317,0.4138,0.1655,0.4207,1.0000,0.0000,4.7173,0.9435,0.6970
7,4,1026,1029,4,2,2,0.4375,1027.581,480.237,1012.548,11.0543,17.0000,1.2796,0.7298,5.3462,0.7764,0.0638,0.1598,0.8790,0.1860,4.7172,1.5724,0.6667
5,3,1027,1028,2,1,3,0.8333,1027.567,428.000,851.254,9.4229,18.0000,1.3433,0.6213,5.6607,0.5854,0.2927,0.1220,0.3162,0.0000,4.7172,1.2579,0.7015
3,3,1035,1036,2,2,1,0.7500,1035.682,352.341,411.000,7.9889,15.0000,1.0227,0.4663,4.7172,0.5333,0.2667,0.2000,0.7071,0.0000,5.3462,1.1007,1.0000
5,3,1036,1037,2,2,3,0.4167,1036.778,664.143,927.317,8.8604,16.0000,1.2698,0.7319,5.0317,0.6489,0.0995,0.2515,0.3339,0.8871,4.7172,0.9434,0.6984
3,3,1041,1042,2,2,1,0.7500,1041.333,446.333,506.000,7.6258,14.0000,1.0000,0.4714,4.4028,0.5333,0.2667,0.2000,0.7071,0.0000,4.7173,1.1007,1.0000
7,3,1042,1044,3,2,3,0.3889,1042.835,398.412,958.082,10.1035,17.0000,1.4000,0.4511,5.3463,0.5347,0.2774,0.1879,0.6008,0.3730,4.0883,1.4152,0.5294
3,3,1047,1049,3,1,1,1.0000,1048.082,262.000,684.000,8.8970,19.0000,1.1633,0.9184,5.9753,0.8889,0.0000,0.1111,1.0000,0.0000,5.0319,0.9435,1.0000
5,3,1058,1059,2,2,2,0.6250,1058.409,177.333,717.212,9.2829,16.0000,1.2121,0.5687,5.0320,0.3432,0.2505,0.4063,0.6059,0.3645,5.0320,1.4153,0.6667
5,3,1062,1063,2,3,1,0.8333,1062.535,283.690,428.000,9.9862,18.0000,1.2676,0.6184,5.6611,0.5854,0.2927,0.1220,0.3162,0.0000,5.0321,1.5725,0.6901
5,3,1062,1063,2,2,2,0.6250,1062.435,833.623,886.174,9.7049,16.0000,1.1594,0.7012,5.0321,0.3432,0.2505,0.4063,0.6059,0.3645,5.0321,1.5725,0.6522
9,3,1063,1065,3,2,4,0.3750,1063.843,835.639,631.315,11.3222,15.0000,1.2500,1.1033,4.7176,0.6037,0.2129,0.1833,0.5825,0.2450,4.4031,1.5725,0.4074
4,3,1067,1069,3,1,2,0.6667,1068.093,442.000,879.556,8.4917,16.0000,1.1852,0.4540,5.0321,0.7576,0.1294,0.1129,0.8507,0.0000,4.8749,1.2580,0.8333
5,3,1067,1068,2,2,2,0.6250,1067.548,474.452,713.855,8.7204,14.0000,1.1290,0.7251,4.4031,0.3432,0.2505,0.4063,0.6059,0.3645,4.7176,0.9435,0.6774
5,3,1070,1071,2,2,2,0.6250,1070.412,627.794,1060.691,9.5644,17.0000,1.2500,0.5544,5.3466,0.3432,0.2505,0.4063,0.6059,0.3645,4.7176,2.2016,0.6912
5,3,1078,1080,3,2,2,0.4167,1078.703,449.141,490.828,9.0016,15.0000,1.1719,0.3707,4.7175,0.6338,0.1686,0.1975,0.9585,0.2851,4.7176,1.5725,0.6875
6,3,1080,1081,2,2,2,0.7500,1080.463,319.671,1021.695,10.5283,16.0000,1.1707,0.8704,5.0320,0.2000,0.3333,0.4667,0.0000,0.0000,4.5602,1.2580,0.5610
22,8,1082,1084,3,6,3,0.4074,1083.401,786.530,1312.480,21.3890,24.0000,1.6552,0.8998,7.5478,0.8120,0.0576,0.1303,0.1675,0.2983,4.2457,0.9435,0.5141
6,3,1084,1086,3,2,1,1.0000,1084.895,466.513,675.000,9.7576,16.0000,1.2632,0.5238,5.0318,0.5556,0.3333,0.1111,1.0000,0.0000,4.4029,0.9435,0.5921
5,3,1086,1088,3,2,2,0.4167,1086.905,860.857,595.508,8.8604,16.0000,1.2698,0.5362,5.0317,0.5461,0.2256,0.2283,0.8117,0.4177,4.0883,1.2579,0.7143
3,3,1088,1089,2,1,2,0.7500,1088.306,502.000,727.714,8.8966,20.0000,1.2245,0.4187,6.2896,0.5333,0.2667,0.2000,0.7071,0.0000,5.0316,1.2579,1.0000
5,3,1090,1091,2,2,2,0.6250,1090.357,281.614,847.843,9.8444,18.0000,1.2857,0.7277,5.6604,0.3432,0.2505,0.4063,0.6059,0.3645,5.3459,1.4151,0.7143
5,3,1094,1096,3,2,1,0.8333,1094.743,769.400,1032.000,9.8436,16.0000,1.1429,0.8437,5.0312,0.5854,0.2927,0.1220,0.9487,0.0000,5.3455,1.2578,0.6857
4,3,1095,1096,2,1,3,0.6667,1095.167,518.000,971.783,9.4332,18.0000,1.2000,0.8009,5.6600,0.7500,0.1500,0.1000,0.3162,0.0000,5.6599,1.8866,0.8333
10,3,1099,1102,4,3,3,0.2778,1100.852,531.943,756.943,12.1294,17.0000,1.3934,0.1684,5.3447,0.6063,0.1557,0.2380,0.7803,0.2969,4.4016,1.5720,0.3770
3,3,1101,1102,2,2,1,0.7500,1101.659,400.659,404.000,7.9866,15.0000,1.0227,0.7420,4.7160,0.5333,0.2667,0.2000,0.7071,0.0000,5.0302,1.5719,1.0000
4,3,1106,1108,3,2,1,0.6667,1106.593,529.259,607.000,8.4873,17.0000,1.2593,0.6468,5.3440,0.7500,0.1500,0.1000,0.9487,0.0000,4.0865,0.4715,0.8333
3,3,1108,1110,3,1,1,1.0000,1108.978,324.000,578.000,8.3477,16.0000,1.0435,0.9783,5.0293,0.8889,0.0000,0.1111,1.0000,0.0000,5.0291,0.9429,1.0000
4,3,1109,1110,2,3,1,0.6667,1109.527,195.073,719.000,8.6436,15.0000,1.0909,0.5323,4.7148,0.7576,0.1294,0.1129,0.5257,0.0000,4.8717,1.4144,0.8000
8,3,1109,1111,3,3,3,0.2963,1110.062,634.771,507.792,10.6679,17.0000,1.4167,0.3160,5.3432,0.2748,0.5273,0.1979,0.7402,0.5343,3.7717,1.5716,0.4896
9,4,1110,1113,4,3,2,0.3750,1111.984,724.780,924.642,12.8856,16.0000,1.1707,0.4200,5.0285,0.6085,0.2312,0.1603,0.9338,0.3359,4.0858,0.9429,0.6260
8,3,1111,1113,3,1,5,0.5333,1111.839,383.000,953.763,10.3338,15.0000,1.2903,1.1341,4.7144,0.8961,0.0721,0.0319,0.2702,0.0000,3.7714,0.9429,0.4624
5,3,1122,1123,2,3,1,0.8333,1122.603,353.676,585.000,9.5533,17.0000,1.2500,0.5122,5.3404,0.5854,0.2927,0.1220,0.3162,0.0000,5.3403,1.5708,0.7059
7,3,1122,1124,3,3,1,0.7778,1123.111,549.044,829.000,10.6859,16.0000,1.2444,0.8900,5.0260,0.6076,0.3038,0.0886,0.7071,0.0000,4.3981,1.4137,0.5111
7,3,1123,1125,3,3,2,0.3889,1123.936,291.000,887.287,11.1605,19.0000,1.4149,0.2942,5.9684,0.3086,0.2321,0.4593,0.9239,0.3827,4.3979,0.9424,0.5319
5,3,1123,1124,2,2,2,0.6250,1123.776,386.343,866.731,9.4123,20.0000,1.4925,0.4900,6.2825,0.3432,0.2505,0.4063,0.5155,0.8569,4.7119,1.2564,0.7313
5,3,1125,1127,3,2,1,0.8333,1125.687,656.403,914.000,9.4115,16.0000,1.1940,0.7961,5.0258,0.5854,0.2927,0.1220,0.9487,0.0000,4.7117,1.5704,0.6716
5,3,1131,1132,2,2,2,0.6250,1131.515,386.456,847.132,9.5495,17.0000,1.2500,0.7606,5.3384,0.3432,0.2505,0.4063,0.6059,0.3645,4.7102,1.4131,0.6912
6,3,1132,1133,2,2,2,0.7500,1132.526,350.308,415.667,9.9990,15.0000,1.1538,0.8741,4.7100,0.2000,0.3333,0.4667,0.0000,0.0000,4.3961,0.3140,0.5513
4,3,1132,1133,2,1,2,1.0000,1132.509,721.000,1022.545,8.6351,16.0000,1.1636,0.6825,5.0242,0.0000,0.7500,0.2500,0.0000,0.0000,4.7100,1.4130,0.8000
11,4,1136,1138,3,3,4,0.3056,1137.188,415.133,627.453,12.1161,17.0000,1.4609,0.5081,5.3370,0.5614,0.1275,0.3110,0.4535,0.4496,3.7673,1.5697,0.5000
4,3,1137,1138,2,2,1,1.0000,1137.448,383.448,359.000,9.1042,18.0000,1.2414,0.6340,5.6510,0.0000,0.7500,0.2500,1.0000,0.0000,5.0230,1.7266,0.7931
3,3,1138,1139,2,2,1,0.7500,1138.617,356.702,702.000,8.5184,18.0000,1.1489,0.6852,5.6507,0.5333,0.2667,0.2000,0.7071,0.0000,5.3366,1.5697,1.0000
6,3,1141,1142,2,2,2,0.7500,1141.359,417.679,735.641,9.9952,18.0000,1.3846,0.8016,5.6498,0.2000,0.3333,0.4667,0.7071,0.7071,4.7083,0.6278,0.6410
4,3,1141,1142,2,1,2,1.0000,1141.463,657.000,616.537,8.4749,15.0000,1.1111,0.7090,4.7084,0.0000,0.7500,0.2500,0.0000,0.0000,5.0221,1.4125,0.8148
9,3,1141,1143,3,2,3,0.5000,1142.324,659.637,410.696,10.6717,14.0000,1.2353,0.5733,4.3943,0.3557,0.4360,0.2083,0.8651,0.3843,3.4527,1.2555,0.4118
21,9,1141,1145,5,5,4,0.2100,1142.860,1102.301,1165.369,19.1092,20.0000,1.5054,1.1084,6.2776,0.7405,0.0916,0.1679,0.6811,0.3390,4.5510,0.9417,0.6165
4,3,1147,1149,3,1,2,0.6667,1148.075,574.000,300.528,8.3159,15.0000,1.1321,0.5337,4.7071,0.7576,0.1294,0.1129,0.8507,0.0000,4.7070,0.9414,0.8113
4,3,1150,1151,2,2,1,1.0000,1150.441,485.407,906.000,9.2566,18.0000,1.2203,0.5997,5.6482,0.0000,0.7500,0.2500,1.0000,0.0000,5.3343,1.4120,0.8475
3,3,1151,1152,2,2,1,0.7500,1151.326,680.630,322.000,8.3332,17.0000,1.1087,0.7098,5.3342,0.5333,0.2667,0.2000,0.7071,0.0000,5.0203,1.8826,1.0000
3,3,1158,1160,3,1,1,1.0000,1158.978,190.000,820.000,8.3313,17.0000,1.1087,0.0217,5.3329,0.8889,0.0000,0.1111,1.0000,0.0000,5.0194,1.2548,1.0000
4,3,1158,1160,3,1,2,0.6667,1159.054,334.000,897.839,8.7837,17.0000,1.2143,0.9600,5.3328,0.5357,0.3214,0.1429,1.0000,0.0000,5.3330,0.9411,0.8393
3,3,1160,1161,2,2,1,0.7500,1160.304,201.326,636.000,8.3311,17.0000,1.1087,0.4460,5.3328,0.5333,0.2667,0.2000,0.7071,0.0000,5.3328,1.7253,1.0000
5,3,1163,1164,2,2,2,0.6250,1163.529,479.857,824.371,9.8194,17.0000,1.2143,0.6616,5.3324,0.3432,0.2505,0.4063,0.6059,0.3645,5.6461,1.5683,0.7143
5,3,1167,1168,2,2,2,0.6250,1167.406,457.145,975.464,9.6783,16.0000,1.1594,0.6879,5.0183,0.3432,0.2505,0.4063,0.6059,0.3645,5.0183,0.3136,0.6812
3,3,1169,1170,2,2,1,0.7500,1169.333,189.333,999.000,7.6052,14.0000,1.0000,0.4714,4.3909,0.5333,0.2667,0.2000,0.7071,0.0000,4.7045,1.2545,1.0000
5,3,1176,1177,2,2,2,0.6250,1176.613,628.548,962.145,8.6952,15.0000,1.2097,0.6123,4.7040,0.3432,0.2505,0.4063,0.6059,0.3645,4.7040,1.8816,0.6935
3,3,1177,1178,2,1,2,0.7500,1177.318,1104.000,604.318,7.9664,16.0000,1.0909,0.4500,5.0176,0.5333,0.2667,0.2000,0.7071,0.0000,4.7040,1.8816,1.0000
4,3,1178,1179,2,1,2,1.0000,1178.558,324.000,548.462,8.1534,15.0000,1.1538,0.6968,4.7039,0.0000,0.7500,0.2500,0.0000,0.0000,4.7039,1.5680,0.8269
8,3,1179,1182,4,2,2,0.5000,1180.554,1111.772,692.750,10.2000,16.0000,1.3913,0.5597,5.0174,0.6000,0.1500,0.2500,1.0000,0.0000,3.9198,1.7247,0.4783
4,3,1185,1186,2,2,1,1.0000,1185.446,432.446,709.000,8.7801,16.0000,1.1429,0.6313,5.0172,0.0000,0.7500,0.2500,1.0000,0.0000,5.0172,0.9407,0.8214
3,3,1186,1187,2,2,1,0.7500,1186.318,387.318,619.000,7.9658,16.0000,1.0909,0.4500,5.0172,0.5333,0.2667,0.2000,0.7071,0.0000,4.7036,1.2543,1.0000
4,3,1186,1187,2,2,1,1.0000,1186.583,438.400,624.000,9.4072,20.0000,1.3333,0.5776,6.2715,0.0000,0.7500,0.2500,1.0000,0.0000,4.5468,1.5679,0.8500
3,3,1187,1188,2,2,1,0.7500,1187.667,689.667,933.000,7.6037,14.0000,1.0000,0.7454,4.3900,0.5333,0.2667,0.2000,0.7071,0.0000,4.0764,0.6271,1.0000
8,4,1188,1190,3,2,3,0.4444,1188.950,273.590,621.930,11.0864,15.0000,1.2000,0.5962,4.7036,0.4643,0.2762,0.2595,0.7284,0.0993,4.3900,1.2543,0.5700
4,3,1190,1191,2,1,2,1.0000,1190.492,421.000,1029.542,9.2503,17.0000,1.1525,0.6841,5.3307,0.0000,0.7500,0.2500,0.0000,0.0000,5.3307,1.2543,0.7966
4,4,1190,1191,2,1,2,1.0000,1190.516,690.000,453.484,9.7206,17.0000,1.0968,0.6843,5.3307,0.0000,0.7500,0.2500,0.0000,0.0000,5.0171,1.2543,1.0000
8,3,1196,1198,3,2,2,0.6667,1197.084,852.621,432.695,10.5320,15.0000,1.2632,0.4938,4.7035,0.5524,0.0893,0.3583,0.8881,0.4597,4.0764,1.4111,0.4632
6,3,1198,1199,2,2,3,0.5000,1198.382,654.237,1080.276,9.7291,16.0000,1.2632,0.9809,5.0171,0.6381,0.1455,0.2164,0.3327,0.3629,4.5468,1.5678,0.5921
3,3,1199,1200,2,1,2,0.7500,1199.620,639.000,368.280,9.0520,19.0000,1.1400,0.6803,5.9578,0.5333,0.2667,0.2000,0.7071,0.0000,5.6443,1.7246,1.0000
4,3,1199,1200,2,2,2,0.5000,1199.298,715.456,922.807,8.9368,17.0000,1.1930,0.8589,5.3307,0.5916,0.1015,0.3069,0.5000,0.5000,4.8603,0.6271,0.8070
8,3,1200,1202,3,3,2,0.4444,1200.779,348.263,763.642,10.5321,15.0000,1.2632,0.8485,4.7036,0.4766,0.2362,0.2872,0.7176,0.5639,3.7629,1.2543,0.4526
7,4,1204,1207,4,3,2,0.2917,1205.681,302.967,703.462,10.7856,16.0000,1.2308,0.6266,5.0173,0.8732,0.0378,0.0890,0.8975,0.3728,4.7037,1.2543,0.6484
8,3,1205,1207,3,2,3,0.4444,1206.149,397.734,577.383,10.4216,15.0000,1.2766,0.9704,4.7037,0.4274,0.2440,0.3286,0.0808,0.1853,3.7630,1.2543,0.4681
7,3,1206,1208,3,2,2,0.5833,1207.322,780.222,817.400,10.6672,18.0000,1.4000,0.8178,5.6446,0.4600,0.2645,0.2756,0.8571,0.1000,4.0766,0.9408,0.5333
6,3,1213,1215,3,2,2,0.5000,1213.946,251.324,862.270,9.4742,15.0000,1.2162,1.0359,4.7040,0.1333,0.2667,0.6000,1.0000,0.0000,4.2337,0.1568,0.5811
4,3,1214,1215,2,2,1,1.0000,1214.558,531.538,771.000,8.1538,15.0000,1.1538,0.6968,4.7042,0.0000,0.7500,0.2500,1.0000,0.0000,5.0177,1.2544,0.8269
4,3,1218,1219,2,2,1,1.0000,1218.545,159.455,898.000,8.6247,15.0000,1.0909,0.7100,4.7044,0.0000,0.7500,0.2500,1.0000,0.0000,5.0180,0.9409,0.8182
4,3,1220,1221,2,2,2,0.5000,1220.554,479.250,889.821,8.7817,17.0000,1.2143,0.5419,5.3318,0.5916,0.1015,0.3069,0.7071,0.7071,4.8613,1.8818,0.8214
4,3,1226,1228,3,2,1,0.6667,1227.167,407.815,810.000,8.4690,15.0000,1.1111,1.1813,4.7050,0.7500,0.1500,0.1000,0.9487,0.0000,4.8618,1.2546,0.8148
5,3,1228,1230,3,2,1,0.8333,1228.743,551.405,456.000,10.3806,19.0000,1.2838,0.4799,5.9598,0.5854,0.2927,0.1220,0.9487,0.0000,5.3324,0.7842,0.7162
3,3,1229,1230,2,1,2,0.7500,1229.349,532.000,843.326,7.7873,15.0000,1.0465,0.7280,4.7052,0.5333,0.2667,0.2000,0.7071,0.0000,5.0188,2.1957,1.0000
6,3,1237,1239,3,2,2,0.5000,1237.597,581.528,269.125,9.2215,15.0000,1.2500,0.8068,4.7058,0.6373,0.1269,0.2358,0.8795,0.0724,4.2352,0.6275,0.6111
30,15,1238,1243,6,4,6,0.2083,1240.020,592.337,363.557,28.1816,30.0000,1.8293,0.5573,9.4120,0.6333,0.1238,0.2429,0.7112,0.6312,4.7060,1.5686,0.7012
6,3,1239,1240,2,3,2,0.5000,1239.469,320.938,975.593,10.3745,16.0000,1.1852,1.1254,5.0197,0.6168,0.1058,0.2774,0.5000,0.5000,4.5491,0.9412,0.5926
6,3,1240,1242,3,3,1,0.6667,1241.221,372.584,326.000,9.8625,17.0000,1.3247,0.6247,5.3336,0.2083,0.6667,0.1250,0.4472,0.0000,4.5493,1.5687,0.5844
7,3,1240,1241,2,3,2,0.5833,1240.367,431.978,793.167,10.6723,15.0000,1.1667,0.4034,4.7060,0.4600,0.2645,0.2756,0.0000,0.3827,4.7060,1.2550,0.4889
6,3,1241,1244,4,2,2,0.3750,1242.227,504.133,605.747,9.6065,18.0000,1.4400,0.8246,5.6475,0.8265,0.0815,0.0920,0.9519,0.0737,4.0786,1.2549,0.6133
5,3,1242,1244,3,1,2,0.8333,1242.722,634.000,954.653,10.1025,21.0000,1.4583,0.4447,6.5887,0.5854,0.2927,0.1220,0.9487,0.0000,5.3336,1.4119,0.7222
3,3,1243,1244,2,1,2,0.7500,1243.644,289.000,500.311,8.1515,16.0000,1.0667,0.7156,5.0200,0.5333,0.2667,0.2000,0.7071,0.0000,5.0201,1.2550,1.0000
5,3,1243,1245,3,2,2,0.4167,1244.111,435.302,454.476,8.8399,16.0000,1.2698,1.0749,5.0202,0.7383,0.0485,0.2132,0.7071,0.0000,4.7063,1.5688,0.6984
4,3,1251,1252,2,1,2,1.0000,1251.460,393.000,773.429,9.8845,20.0000,1.2698,0.6289,6.2758,0.0000,0.7500,0.2500,0.0000,0.0000,5.3345,1.5690,0.7937
5,4,1259,1260,2,2,2,0.6250,1259.574,240.559,875.868,9.5439,15.0000,1.1029,0.8116,4.7076,0.3432,0.2505,0.4063,0.6059,0.3645,5.0213,1.2553,0.8676
3,3,1259,1261,3,1,1,1.0000,1259.977,626.000,650.000,7.7913,15.0000,1.0465,0.9767,4.7075,0.8889,0.0000,0.1111,1.0000,0.0000,4.0800,1.2553,1.0000
4,3,1263,1264,2,2,1,1.0000,1263.411,243.482,508.000,8.7879,18.0000,1.2857,0.6610,5.6493,0.0000,0.7500,0.2500,1.0000,0.0000,4.8647,0.3138,0.8393
6,3,1263,1264,2,2,2,0.7500,1263.463,313.329,749.732,10.5067,18.0000,1.3171,0.6286,5.6493,0.2000,0.3333,0.4667,0.0000,0.0000,4.5509,1.2554,0.5732
4,3,1265,1266,2,2,1,1.0000,1265.500,200.482,796.000,8.7881,15.0000,1.0714,0.6946,4.7079,0.0000,0.7500,0.2500,1.0000,0.0000,5.0218,1.4124,0.7679
5,3,1266,1268,3,3,1,0.5556,1267.388,308.522,522.000,9.4046,16.0000,1.1940,0.7763,5.0220,0.6646,0.2585,0.0769,0.7071,0.0000,4.7081,0.9416,0.6716
4,3,1272,1273,2,2,2,0.5000,1272.736,538.264,455.170,8.3181,16.0000,1.2075,0.4104,5.0223,0.0000,0.5625,0.4375,0.4459,0.5774,4.0806,0.6278,0.8302
4,3,1275,1277,3,2,1,0.6667,1275.925,502.547,503.000,8.3184,15.0000,1.1321,0.4591,4.7085,0.7576,0.1294,0.1129,0.8507,0.0000,4.7085,1.0987,0.8113
5,3,1275,1277,3,1,2,0.8333,1275.794,976.000,654.524,8.8440,16.0000,1.2698,0.5630,5.0224,0.5854,0.2927,0.1220,0.9487,0.0000,5.0224,1.7264,0.6984
5,3,1277,1278,2,2,2,0.6250,1277.690,528.676,421.225,9.9672,19.0000,1.3380,0.5017,5.9642,0.3432,0.2505,0.4063,0.6059,0.3645,4.7086,1.5695,0.6901
7,3,1281,1283,3,3,1,0.7778,1281.795,408.318,770.000,10.4412,16.0000,1.2727,0.8567,5.0226,0.4747,0.4312,0.0941,0.8619,0.0000,4.0810,1.4126,0.5000
4,3,1284,1285,2,2,2,0.5000,1284.518,349.821,644.750,8.7898,17.0000,1.2143,0.6021,5.3367,0.5916,0.1015,0.3069,0.7071,0.7071,4.8658,1.5696,0.8214
3,3,1284,1286,3,1,1,1.0000,1284.873,402.000,746.000,9.9684,21.0000,1.1455,0.8727,6.5923,0.8889,0.0000,0.1111,1.0000,0.0000,6.5924,2.3544,1.0000
16,3,1290,1293,4,2,5,0.4000,1291.478,609.833,481.950,14.1268,17.0000,1.5111,0.5504,5.3368,0.6812,0.2222,0.0966,0.5209,0.1884,3.9241,1.2557,0.2611
4,3,1291,1293,3,1,2,0.6667,1292.100,306.000,422.417,9.4179,18.0000,1.2000,0.4285,5.6507,0.7576,0.1294,0.1129,0.8507,0.0000,5.4937,1.4127,0.8167
7,3,1291,1293,3,2,2,0.5833,1292.275,364.286,916.253,10.7975,18.0000,1.3846,0.4701,5.6507,0.3772,0.3083,0.3146,0.9758,0.2185,4.7089,1.2557,0.5165
6,3,1295,1297,3,2,2,0.5000,1296.375,217.137,686.550,10.2528,19.0000,1.4250,0.7823,5.9646,0.6373,0.1269,0.2358,0.8795,0.0724,4.2380,1.2557,0.6125
4,3,1299,1300,2,2,1,1.0000,1299.509,202.526,726.000,8.9468,16.0000,1.1228,0.6824,5.0227,0.0000,0.7500,0.2500,1.0000,0.0000,5.0228,1.4126,0.7719
5,3,1304,1306,3,1,2,0.8333,1305.091,743.000,606.409,9.2653,15.0000,1.1364,1.1651,4.7087,0.5854,0.2927,0.1220,0.9487,0.0000,5.0225,1.5695,0.6818
4,3,1305,1307,3,2,1,0.6667,1305.926,533.556,514.000,8.4754,16.0000,1.1852,0.4506,5.0225,0.7576,0.1294,0.1129,0.8507,0.0000,5.0225,1.2556,0.8148
4,3,1315,1317,3,2,1,0.6667,1316.094,235.302,831.000,8.3173,16.0000,1.2075,0.7045,5.0218,0.5357,0.3214,0.1429,1.0000,0.0000,5.0217,2.1970,0.8302
4,3,1315,1317,3,2,1,0.6667,1316.000,391.180,499.000,9.5728,20.0000,1.3115,0.1803,6.2772,0.5357,0.3214,0.1429,1.0000,0.0000,4.3941,1.0985,0.8197
6,3,1317,1318,2,2,3,0.5000,1317.338,921.538,571.013,10.2505,19.0000,1.4250,0.5727,5.9633,0.4412,0.1872,0.3716,0.0000,0.0000,4.5508,1.0985,0.6125
4,3,1318,1320,3,2,1,0.6667,1319.071,381.732,544.000,8.7877,17.0000,1.2143,0.2772,5.3354,0.5357,0.3214,0.1429,1.0000,0.0000,5.1784,0.9415,0.8214
4,3,1326,1327,2,2,2,0.5000,1326.736,305.170,721.453,8.3157,15.0000,1.1321,0.5511,4.7070,0.5916,0.1015,0.3069,0.5000,0.5000,5.1777,1.4121,0.8302
4,3,1329,1330,2,1,2,1.0000,1329.436,530.000,524.509,8.6291,17.0000,1.2364,0.6705,5.3344,0.0000,0.7500,0.2500,0.0000,0.0000,4.7068,1.2551,0.8182
6,3,1331,1333,3,2,2,0.5000,1332.317,333.500,741.134,10.5038,18.0000,1.3171,0.6071,5.6479,0.6373,0.1269,0.2358,0.8795,0.0724,4.3927,0.9413,0.5854
4,3,1331,1333,3,2,1,0.6667,1331.808,386.192,584.000,8.1580,14.0000,1.0769,0.8303,4.3929,0.7500,0.1500,0.1000,0.9487,0.0000,4.7065,0.9413,0.8077
4,3,1331,1332,2,2,1,1.0000,1331.462,563.462,543.000,8.1581,14.0000,1.0769,0.6527,4.3929,0.0000,0.7500,0.2500,1.0000,0.0000,4.7066,0.6276,0.8077
4,3,1334,1336,3,2,1,0.6667,1335.094,256.566,605.000,8.3144,16.0000,1.2075,0.4441,5.0200,0.7576,0.1294,0.1129,0.8507,0.0000,4.7063,0.9412,0.8302
4,3,1335,1336,2,3,1,0.6667,1335.519,280.944,1130.000,8.4712,15.0000,1.1111,0.5215,4.7063,0.7576,0.1294,0.1129,0.5257,0.0000,4.7062,0.3137,0.7963
3,3,1335,1335,1,2,2,0.7500,1335.000,411.682,257.364,7.9704,16.0000,1.0909,0.7115,5.0200,0.5333,0.2667,0.2000,0.0000,1.0000,4.0788,1.5687,1.0000
7,3,1338,1340,3,1,3,0.7778,1339.131,825.000,1027.929,9.9606,15.0000,1.2500,0.1492,4.7060,0.6076,0.3038,0.0886,0.7071,0.0000,3.7648,1.5686,0.5238
3,3,1341,1342,2,2,1,0.7500,1341.617,339.702,546.000,8.5129,18.0000,1.1489,0.6852,5.6470,0.5333,0.2667,0.2000,0.7071,0.0000,5.0195,1.2549,1.0000
5,3,1342,1343,2,2,2,0.6250,1342.314,550.629,598.757,9.8208,17.0000,1.2143,0.9000,5.3332,0.3432,0.2505,0.4063,0.6059,0.3645,4.7057,1.2549,0.6857
4,3,1346,1347,2,3,1,0.6667,1346.566,428.113,606.000,8.3129,15.0000,1.1321,0.4485,4.7054,0.7576,0.1294,0.1129,0.5257,0.0000,4.8623,0.6274,0.8302
3,3,1347,1349,3,1,1,1.0000,1348.039,481.000,691.000,9.2365,19.0000,1.1176,0.0392,5.9601,0.8889,0.0000,0.1111,1.0000,0.0000,5.6463,1.4116,1.0000
3,3,1351,1353,3,1,1,1.0000,1352.000,445.000,513.000,7.6062,14.0000,1.0000,1.0000,4.3915,0.8889,0.0000,0.1111,1.0000,0.0000,4.8620,1.5684,1.0000
4,3,1354,1356,3,1,2,0.6667,1355.070,587.000,267.561,8.9395,18.0000,1.2632,0.4442,5.6460,0.7576,0.1294,0.1129,0.8507,0.0000,4.8618,0.7842,0.8246
7,3,1356,1358,3,3,2,0.3889,1356.888,384.050,501.363,9.4842,14.0000,1.2250,0.9600,4.3913,0.5487,0.1939,0.2574,0.8285,0.0460,3.4503,0.3137,0.5250
6,3,1357,1358,2,2,3,0.5000,1357.620,488.479,978.803,9.0916,16.0000,1.3521,0.6746,5.0185,0.5926,0.1852,0.2222,0.2673,0.1690,3.9207,1.0978,0.6197
6,3,1357,1359,3,2,2,0.5000,1358.213,569.612,710.875,10.2440,18.0000,1.3500,0.4593,5.6459,0.5230,0.1584,0.3185,0.9225,0.0898,4.3912,1.2546,0.6125
5,3,1358,1359,2,2,2,0.6250,1358.586,554.457,504.157,9.8190,16.0000,1.1429,0.8139,5.0185,0.3432,0.2505,0.4063,0.6059,0.3645,5.0185,1.2546,0.6571
3,3,1359,1360,2,1,2,0.7500,1359.644,760.000,227.689,8.1490,16.0000,1.0667,0.7156,5.0185,0.5333,0.2667,0.2000,0.7071,0.0000,5.3321,1.2546,1.0000
4,3,1360,1361,2,1,2,1.0000,1360.508,452.000,538.525,9.2528,17.0000,1.1525,0.6832,5.3321,0.0000,0.7500,0.2500,0.0000,0.0000,5.1753,1.2546,0.7797
6,3,1362,1363,2,2,2,0.7500,1362.263,656.575,639.525,10.2437,21.0000,1.5750,0.6893,6.5866,0.2667,0.1333,0.6000,0.0000,0.0000,4.3911,0.9410,0.6125
5,3,1365,1367,3,2,1,0.8333,1366.219,431.469,592.000,8.9770,15.0000,1.1719,0.5173,4.7046,0.5854,0.2927,0.1220,0.9487,0.0000,5.3319,1.2546,0.7031
7,3,1366,1368,3,3,2,0.3889,1366.815,846.978,755.511,10.9062,18.0000,1.3696,0.9509,5.6456,0.1909,0.4622,0.3468,0.7315,0.2073,4.0773,0.9409,0.5326
5,3,1366,1367,2,1,3,0.8333,1366.420,905.000,163.754,9.6783,16.0000,1.1594,0.4872,5.0183,0.5854,0.2927,0.1220,0.3162,0.0000,5.0183,0.9409,0.6522
5,4,1367,1369,3,3,1,0.5556,1368.444,513.375,556.000,10.0990,16.0000,1.1111,0.7669,5.0182,0.6646,0.2585,0.0769,0.7071,0.0000,5.0182,0.9409,0.8333
11,6,1368,1370,3,3,2,0.6111,1369.123,835.826,1293.458,14.6576,19.0000,1.3484,0.5052,5.9591,0.0369,0.5409,0.4222,0.7185,0.4609,4.7046,1.5682,0.6452
5,3,1371,1372,2,2,2,0.6250,1371.470,479.152,436.364,9.2573,16.0000,1.2121,0.6130,5.0182,0.3432,0.2505,0.4063,0.6059,0.3645,5.0181,1.2545,0.7121
7,3,1374,1376,3,2,3,0.3889,1375.169,570.326,811.978,10.5501,15.0000,1.1798,1.0707,4.7044,0.6781,0.1136,0.2082,0.8847,0.4508,4.3908,0.9409,0.4831
3,3,1376,1377,2,1,2,0.7500,1376.304,559.000,276.304,8.3293,18.0000,1.1739,0.4304,5.6453,0.5333,0.2667,0.2000,0.7071,0.0000,4.7044,1.4113,1.0000
3,3,1377,1378,2,2,1,0.7500,1377.318,513.318,297.000,7.9672,16.0000,1.0909,0.4500,5.0180,0.5333,0.2667,0.2000,0.7071,0.0000,4.7044,1.8818,1.0000
5,3,1378,1380,3,2,2,0.4167,1378.479,311.137,478.753,10.2387,19.0000,1.3014,0.5563,5.9589,0.6338,0.1686,0.1975,0.9585,0.2851,5.6452,1.4113,0.7397
6,3,1379,1380,2,3,3,0.3333,1379.467,390.000,478.973,9.6027,17.0000,1.3600,0.4674,5.3316,0.3218,0.4574,0.2208,0.6426,0.7662,4.3907,2.1953,0.6000
5,3,1382,1384,3,2,2,0.4167,1382.939,383.182,207.788,9.2567,16.0000,1.2121,0.2859,5.0178,0.4138,0.1655,0.4207,1.0000,0.0000,4.7042,1.5681,0.6667
4,3,1382,1383,2,2,2,0.5000,1382.316,697.404,359.842,8.9380,18.0000,1.2632,0.8099,5.6451,0.5916,0.1015,0.3069,0.5000,0.5000,5.3315,1.4113,0.8421
4,3,1383,1383,1,3,2,0.6667,1383.000,323.096,627.712,8.1540,15.0000,1.1538,0.7180,4.7042,0.5357,0.3214,0.1429,0.0000,1.0000,4.7042,1.7249,0.8269
5,3,1383,1384,2,1,3,0.8333,1383.606,816.000,657.773,9.2566,16.0000,1.2121,0.4548,5.0178,0.5854,0.2927,0.1220,0.3162,0.0000,4.7042,1.4113,0.6818
4,3,1387,1388,2,2,1,1.0000,1387.429,509.429,696.000,8.7808,18.0000,1.2857,0.6061,5.6449,0.0000,0.7500,0.2500,1.0000,0.0000,4.7040,0.6272,0.8214
5,3,1396,1397,2,2,2,0.6250,1396.567,744.164,255.418,9.3954,15.0000,1.1194,0.7234,4.7035,0.3432,0.2505,0.4063,0.6059,0.3645,4.0763,0.9407,0.6418
3,3,1397,1398,2,2,1,0.7500,1397.667,544.333,557.000,7.6033,14.0000,1.0000,0.7454,4.3898,0.5333,0.2667,0.2000,0.7071,0.0000,5.0169,2.0381,1.0000
9,3,1402,1404,3,2,2,0.7500,1402.972,273.358,701.266,11.3913,15.0000,1.2385,1.0698,4.7029,0.4444,0.2963,0.2593,1.0000,0.0000,4.0757,0.9406,0.4037
6,3,1403,1404,2,2,3,0.5000,1403.667,957.295,662.231,9.9834,15.0000,1.1538,1.0598,4.7028,0.6381,0.1455,0.2164,0.3327,0.3629,4.3892,1.2541,0.5641
4,3,1406,1407,2,2,2,0.5000,1406.808,719.731,544.462,8.1508,14.0000,1.0769,0.8855,4.3889,0.5916,0.1015,0.3069,0.5000,0.5000,5.0158,1.5675,0.8077
7,3,1409,1410,2,3,2,0.5833,1409.565,521.118,685.341,10.0708,15.0000,1.2353,0.5654,4.7020,0.3883,0.1309,0.4808,0.3626,0.5691,4.3886,1.2539,0.5176
6,3,1411,1413,3,2,3,0.3333,1411.823,710.506,394.000,10.1093,19.0000,1.4430,0.5245,5.9555,0.6378,0.1768,0.1854,0.7170,0.4222,4.5449,1.8806,0.6076
8,3,1415,1417,3,3,3,0.2963,1416.453,442.516,453.189,10.5266,16.0000,1.3474,0.7119,5.0146,0.6013,0.2176,0.1810,0.4657,0.3668,3.7609,0.9402,0.4632
7,3,1416,1418,3,2,3,0.3889,1416.716,682.605,524.111,9.5949,17.0000,1.4691,0.4990,5.3278,0.4310,0.3628,0.2063,0.7769,0.5214,3.2908,1.5670,0.5556
6,3,1416,1417,2,2,2,0.7500,1416.532,869.342,571.266,10.1078,16.0000,1.2152,0.6857,5.0146,0.2000,0.3333,0.4667,0.0000,0.0000,4.3877,1.2536,0.5949
4,3,1417,1418,2,1,2,1.0000,1417.519,752.000,270.481,8.4617,14.0000,1.0370,0.7076,4.3876,0.0000,0.7500,0.2500,0.0000,0.0000,4.7009,1.2536,0.7778
5,3,1419,1421,3,2,1,0.8333,1419.643,270.443,445.000,9.8102,18.0000,1.2857,0.7806,5.6409,0.5854,0.2927,0.1220,0.9487,0.0000,5.0140,1.8802,0.7000
9,4,1420,1423,4,3,3,0.2500,1421.369,561.793,502.009,11.5942,17.0000,1.3784,0.4236,5.3271,0.6363,0.1792,0.1845,0.9024,0.3711,4.3870,1.8802,0.5405
4,3,1421,1423,3,2,1,0.6667,1422.073,669.273,1048.000,8.6171,16.0000,1.1636,0.2823,5.0136,0.5357,0.3214,0.1429,1.0000,0.0000,4.8569,1.8801,0.8182
6,3,1423,1425,3,2,2,0.5000,1424.215,333.165,506.532,10.1054,19.0000,1.4430,0.5411,5.9533,0.6373,0.1269,0.2358,0.8795,0.0724,4.5433,1.4100,0.6076
4,3,1432,1433,2,2,2,0.5000,1432.722,324.556,626.833,8.4577,15.0000,1.1111,0.8642,4.6988,0.5916,0.1015,0.3069,0.5000,0.5000,5.3252,2.0361,0.8333
6,3,1433,1436,4,2,2,0.3750,1434.469,604.840,673.728,10.3580,17.0000,1.2593,0.5653,5.3250,0.6410,0.2138,0.1452,0.9804,0.0231,4.8550,1.7228,0.6049
3,3,1434,1435,2,1,2,0.7500,1434.660,395.000,503.660,8.4996,16.0000,1.0213,0.7422,5.0118,0.5333,0.2667,0.2000,0.7071,0.0000,5.6381,1.5661,1.0000
7,3,1439,1440,2,2,2,0.8750,1439.548,773.417,445.643,9.9435,14.0000,1.1667,0.7753,4.3847,0.0000,0.3318,0.6682,0.5977,0.5774,4.3847,1.5659,0.5000
6,4,1441,1443,3,3,1,0.6667,1442.133,520.241,917.000,10.6118,17.0000,1.2289,0.2750,5.3240,0.6944,0.2222,0.0833,0.8000,0.0000,5.3239,1.4093,0.7590
4,3,1441,1443,3,1,2,0.6667,1441.932,1010.000,715.729,9.2387,17.0000,1.1525,0.2795,5.3240,0.5357,0.3214,0.1429,1.0000,0.0000,5.1674,1.2527,0.8136
5,3,1450,1452,3,3,1,0.5556,1451.077,440.077,769.000,9.1023,19.0000,1.4615,0.1088,5.9495,0.0000,0.8276,0.1724,1.0000,0.0000,4.6969,1.4091,0.7231
6,3,1451,1453,3,2,2,0.5000,1451.838,335.730,632.392,9.4597,16.0000,1.2973,0.5029,5.0100,0.6381,0.1455,0.2164,0.8019,0.3768,4.5403,1.2525,0.6081
4,3,1454,1455,2,3,1,0.6667,1454.736,607.679,968.000,8.2977,14.0000,1.0566,1.0014,4.3837,0.7500,0.1500,0.1000,0.3162,0.0000,4.0705,0.9394,0.7925
3,3,1455,1456,2,2,1,0.7500,1455.304,624.326,445.000,8.3158,17.0000,1.1087,0.4460,5.3230,0.5333,0.2667,0.2000,0.7071,0.0000,5.0099,1.2525,1.0000
6,3,1456,1459,4,2,2,0.3750,1457.987,334.139,504.278,10.0985,16.0000,1.2152,1.0594,5.0098,0.8265,0.0815,0.0920,0.9519,0.0737,4.6967,1.2525,0.5696
3,3,1459,1460,2,2,1,0.7500,1459.341,312.318,589.000,7.9542,15.0000,1.0227,0.4663,4.6967,0.5333,0.2667,0.2000,0.7071,0.0000,5.0098,1.5656,1.0000
5,3,1464,1465,2,2,2,0.6250,1464.597,581.134,504.537,9.3820,16.0000,1.1940,0.6849,5.0098,0.3432,0.2505,0.4063,0.6059,0.3645,5.1664,0.9393,0.6866
4,3,1475,1476,2,2,2,0.5000,1475.264,1058.453,523.830,8.2981,15.0000,1.1321,0.5511,4.6970,0.5916,0.1015,0.3069,0.5000,0.5000,4.8536,1.5657,0.8302
7,3,1476,1477,2,3,2,0.5833,1476.549,364.451,480.305,9.7052,15.0000,1.2805,0.7072,4.6971,0.5694,0.1270,0.3036,0.2595,0.2173,3.7577,1.2526,0.5244
6,3,1479,1481,3,3,2,0.3333,1479.975,395.949,888.684,10.0996,17.0000,1.2911,0.3215,5.3236,0.2238,0.4308,0.3454,0.0000,0.0000,4.3841,0.9394,0.5823
4,3,1479,1481,3,2,1,0.6667,1480.093,777.259,522.000,8.4551,17.0000,1.2593,0.2753,5.3236,0.5357,0.3214,0.1429,1.0000,0.0000,4.6973,1.2526,0.8333
16,10,1481,1484,4,4,3,0.3333,1481.891,773.282,956.298,19.4156,23.0000,1.4839,0.4249,7.2026,0.4508,0.3209,0.2282,0.7825,0.2713,5.4802,0.9395,0.7460
5,3,1482,1483,2,2,2,0.6250,1482.371,490.823,260.548,8.6830,14.0000,1.1290,0.6854,4.3842,0.3432,0.2505,0.4063,0.6059,0.3645,4.8539,1.4092,0.6774
7,3,1482,1483,2,3,2,0.5833,1482.584,560.337,621.258,10.5343,15.0000,1.1798,0.5943,4.6974,0.5806,0.0526,0.3668,0.4377,0.8437,4.0711,0.6263,0.4944
3,3,1482,1484,3,1,1,1.0000,1483.023,594.000,446.000,7.9553,15.0000,1.0227,0.0227,4.6974,0.8889,0.0000,0.1111,1.0000,0.0000,5.0105,0.9395,1.0000
7,3,1483,1485,3,2,3,0.3889,1483.742,637.806,548.000,11.0078,19.0000,1.4301,1.2601,5.9501,0.4888,0.1571,0.3542,0.6622,0.1566,3.7580,0.9395,0.5806
3,3,1485,1487,3,1,1,1.0000,1485.959,272.000,476.000,8.8595,17.0000,1.0408,0.9592,5.3238,0.8889,0.0000,0.1111,1.0000,0.0000,5.6370,0.6263,1.0000
5,3,1486,1487,2,2,3,0.4167,1486.197,380.621,444.258,9.2435,15.0000,1.1364,0.7007,4.6975,0.7729,0.0435,0.1836,0.2791,0.2890,5.0106,1.8790,0.6515
7,3,1486,1488,3,2,2,0.5833,1487.232,531.585,481.720,9.7061,16.0000,1.3659,0.6892,5.0107,0.4600,0.2645,0.2756,0.8571,0.1000,3.4449,0.6263,0.5488
4,3,1486,1487,2,1,2,1.0000,1486.527,614.000,316.418,8.6121,17.0000,1.2364,0.6730,5.3238,0.0000,0.7500,0.2500,0.0000,0.0000,5.1673,1.4093,0.8364
4,3,1487,1489,3,2,1,0.6667,1487.815,339.167,559.000,8.4556,16.0000,1.1852,0.2491,5.0107,0.7500,0.1500,0.1000,0.9487,0.0000,4.8541,1.2527,0.8333
3,3,1488,1489,2,2,1,0.7500,1488.702,549.340,1011.000,8.4981,17.0000,1.0851,0.4523,5.3239,0.5333,0.2667,0.2000,0.7071,0.0000,5.3239,0.9395,1.0000
8,3,1489,1492,4,3,3,0.2222,1489.833,435.639,537.241,11.9582,19.0000,1.4074,0.4649,5.9503,0.6984,0.1716,0.1299,0.8411,0.5246,4.8542,1.8791,0.5741
3,3,1489,1490,2,2,1,0.7500,1489.370,460.696,716.000,8.3173,17.0000,1.1087,0.7001,5.3240,0.5333,0.2667,0.2000,0.7071,0.0000,5.3239,1.8790,1.0000
3,3,1493,1495,3,1,1,1.0000,1494.000,532.000,908.000,8.3175,18.0000,1.1739,0.0000,5.6373,0.8889,0.0000,0.1111,1.0000,0.0000,4.0714,1.5659,1.0000
4,3,1494,1495,2,2,2,0.5000,1494.754,580.807,594.246,8.9257,18.0000,1.2632,0.3974,5.6373,0.0000,0.5625,0.4375,0.4459,0.5774,5.0109,1.2527,0.8070
4,3,1495,1496,2,2,2,0.5000,1495.736,251.170,278.472,8.2994,16.0000,1.2075,0.6146,5.0109,0.5916,0.1015,0.3069,0.5000,0.5000,5.0109,0.9395,0.8302
4,3,1496,1497,2,1,3,0.6667,1496.269,783.000,212.635,8.1428,15.0000,1.1538,0.4539,4.6978,0.7500,0.1500,0.1000,0.3162,0.0000,4.6978,0.7830,0.8269
3,3,1499,1500,2,1,2,0.7500,1499.311,662.000,376.689,8.1368,17.0000,1.1333,0.4400,5.3241,0.5333,0.2667,0.2000,0.7071,0.0000,4.6978,1.2527,1.0000
11,3,1500,1502,3,2,2,0.9167,1500.924,952.576,1263.568,12.4646,19.0000,1.5833,0.6101,5.9505,0.5077,0.0849,0.4074,0.9861,0.1659,3.4450,0.6264,0.3561
4,3,1502,1504,3,2,1,0.6667,1503.018,427.491,661.000,8.6126,14.0000,1.0182,0.4912,4.3846,0.7576,0.1294,0.1129,0.8507,0.0000,4.6978,1.5659,0.7636
5,3,1504,1506,3,2,1,0.8333,1504.848,769.697,956.000,9.2439,18.0000,1.3636,0.3388,5.6373,0.5854,0.2927,0.1220,0.9487,0.0000,4.6977,1.5659,0.6970
8,3,1505,1507,3,3,1,0.8889,1506.147,202.189,517.000,10.5190,16.0000,1.3474,0.8238,5.0109,0.3375,0.5625,0.1000,0.7071,0.0000,3.7582,1.2527,0.4632
5,3,1507,1509,3,2,1,0.8333,1508.222,581.403,299.000,10.0841,19.0000,1.3194,0.4600,5.9504,0.5854,0.2927,0.1220,0.9487,0.0000,4.6976,1.2527,0.6667
4,3,1507,1508,2,1,2,1.0000,1507.448,619.000,521.603,9.0822,18.0000,1.2414,0.5985,5.6372,0.0000,0.7500,0.2500,0.0000,0.0000,5.1674,1.5659,0.8448
4,3,1509,1510,2,2,1,1.0000,1509.441,523.407,399.000,9.2387,19.0000,1.2881,0.5997,5.9503,0.0000,0.7500,0.2500,1.0000,0.0000,5.0108,2.0356,0.8305
3,3,1510,1511,2,1,2,0.7500,1510.667,203.000,663.667,8.1364,15.0000,1.0000,0.7454,4.6976,0.5333,0.2667,0.2000,0.7071,0.0000,5.3239,1.5659,1.0000
4,3,1510,1511,2,2,2,0.5000,1510.731,440.827,782.269,8.1425,15.0000,1.1538,0.4182,4.6976,0.0000,0.5625,0.4375,0.4459,0.5774,4.8542,2.0356,0.8269
8,3,1511,1513,3,3,3,0.2963,1512.219,422.906,988.833,10.6293,17.0000,1.4167,0.2905,5.3239,0.5824,0.2232,0.1944,0.8207,0.5597,4.2278,1.5658,0.4792
5,3,1512,1513,2,2,2,0.6250,1512.444,953.143,713.397,8.8233,15.0000,1.1905,0.6127,4.6975,0.3432,0.2505,0.4063,0.6059,0.3645,4.6975,1.0961,0.6825
5,3,1515,1516,2,3,1,0.8333,1515.600,708.738,837.000,9.1032,15.0000,1.1538,0.6545,4.6974,0.5854,0.2927,0.1220,0.3162,0.0000,5.3237,1.2526,0.6923
5,3,1516,1517,2,3,1,0.8333,1516.600,290.262,1036.000,9.1031,15.0000,1.1538,0.6545,4.6974,0.5854,0.2927,0.1220,0.3162,0.0000,5.0105,1.2526,0.6923
4,4,1517,1518,2,2,2,0.5000,1517.767,239.250,767.500,9.3945,16.0000,1.0667,0.6058,5.0104,0.5916,0.1015,0.3069,0.5000,0.5000,5.0104,1.8789,1.0000
5,3,1518,1519,2,2,2,0.6250,1518.319,733.806,294.597,10.0832,18.0000,1.2500,0.5496,5.6367,0.3432,0.2505,0.4063,0.6059,0.3645,5.0104,1.8789,0.6806
7,3,1520,1522,3,2,2,0.5833,1521.242,564.253,916.220,10.7703,22.0000,1.6923,0.4131,6.8891,0.3772,0.3083,0.3146,0.9758,0.2185,3.7577,1.2525,0.5604
7,3,1523,1526,4,3,2,0.2917,1524.459,689.000,336.718,10.0598,16.0000,1.3176,0.5387,5.0100,0.7503,0.1410,0.1088,0.9261,0.3665,3.7576,1.7222,0.5176
7,3,1524,1525,2,3,3,0.3889,1524.531,718.556,441.000,9.5864,14.0000,1.2099,0.7684,4.3838,0.4756,0.1856,0.3387,0.4394,0.8983,3.7575,1.7222,0.5185
4,3,1526,1527,2,1,2,1.0000,1526.554,533.000,535.500,8.7673,17.0000,1.2143,0.6703,5.3230,0.0000,0.7500,0.2500,0.0000,0.0000,4.6968,0.7828,0.8036
6,3,1527,1528,2,1,3,1.0000,1527.474,850.000,307.039,9.7149,16.0000,1.2632,0.5278,5.0098,0.5556,0.3333,0.1111,0.0000,0.0000,4.5402,1.8787,0.5921
4,3,1529,1530,2,2,1,1.0000,1529.528,250.472,692.000,8.2973,14.0000,1.0566,0.7082,4.3835,0.0000,0.7500,0.2500,1.0000,0.0000,4.6966,0.4696,0.7925
5,3,1536,1537,2,2,2,0.6250,1536.541,502.377,425.148,8.5408,15.0000,1.2295,0.6121,4.6961,0.3432,0.2505,0.4063,0.6059,0.3645,4.6962,1.8784,0.7049
5,3,1537,1539,3,1,2,0.8333,1538.209,399.000,603.731,9.3807,19.0000,1.4179,0.8354,5.9483,0.5854,0.2927,0.1220,0.9487,0.0000,4.6961,1.5653,0.7313
5,3,1537,1538,2,1,3,0.8333,1537.411,911.000,639.753,10.2208,18.0000,1.2329,0.4793,5.6354,0.5854,0.2927,0.1220,0.3162,0.0000,5.0092,1.5654,0.6849
7,3,1542,1544,3,2,2,0.5833,1543.103,462.310,531.126,10.2942,19.0000,1.5287,0.3507,5.9481,0.5916,0.2044,0.2040,0.9664,0.1591,3.7566,1.5653,0.5632
5,3,1542,1543,2,2,2,0.6250,1542.618,594.588,365.191,9.5202,15.0000,1.1029,0.5935,4.6958,0.3432,0.2505,0.4063,0.6059,0.3645,4.6958,1.7218,0.6324
7,3,1543,1545,3,1,3,0.7778,1544.013,633.000,183.238,9.4658,15.0000,1.3125,0.2378,4.6958,0.1247,0.7481,0.1273,1.0000,0.0000,3.4435,0.9392,0.5375
5,3,1548,1550,3,1,2,0.8333,1548.784,718.000,448.635,10.3597,20.0000,1.3514,0.4241,6.2608,0.5854,0.2927,0.1220,0.9487,0.0000,4.6956,1.0956,0.6622
6,5,1549,1550,2,2,2,0.7500,1549.540,601.368,205.724,11.1184,18.0000,1.2414,0.8289,5.6347,0.2000,0.3333,0.4667,0.0000,0.0000,4.8521,1.2522,0.8851
4,3,1550,1551,2,2,2,0.5000,1550.741,419.741,573.155,9.0781,19.0000,1.3103,0.3973,5.9477,0.0000,0.5625,0.4375,0.4459,0.5774,5.3216,1.5652,0.8448
6,4,1551,1553,3,1,3,0.6667,1552.390,376.000,590.390,10.4792,18.0000,1.3171,0.7239,5.6346,0.6061,0.3030,0.0909,0.7071,0.0000,4.6955,1.5652,0.7561
5,3,1552,1554,3,1,2,0.8333,1553.159,910.000,347.667,8.8195,14.0000,1.1111,1.2057,4.3825,0.5854,0.2927,0.1220,0.9487,0.0000,4.8520,1.5652,0.6667
4,3,1553,1554,2,1,2,1.0000,1553.519,971.000,625.556,8.4519,16.0000,1.1852,0.6829,5.0085,0.0000,0.7500,0.2500,0.0000,0.0000,4.6955,1.8782,0.8148
4,3,1554,1555,2,2,2,0.5000,1554.170,374.566,414.264,8.2953,16.0000,1.2075,0.5357,5.0085,0.5916,0.1015,0.3069,0.5000,0.5000,4.6955,1.5652,0.8302
6,3,1556,1557,2,2,2,0.7500,1556.589,727.726,246.534,9.3289,15.0000,1.2329,0.8411,4.6954,0.2000,0.3333,0.4667,0.7071,0.7071,3.4433,0.7826,0.6027
5,3,1558,1559,2,2,3,0.4167,1558.857,592.778,349.159,8.8194,17.0000,1.3492,0.3082,5.3215,0.7958,0.0325,0.1718,0.2610,0.6572,4.6954,0.9391,0.7143
5,3,1561,1562,2,2,2,0.6250,1561.403,715.145,221.597,8.6794,14.0000,1.1290,0.7347,4.3824,0.3432,0.2505,0.4063,0.6059,0.3645,4.6954,1.2521,0.6774
6,3,1562,1564,3,1,2,1.0000,1562.934,833.000,689.553,9.7123,16.0000,1.2632,0.4522,5.0084,0.5556,0.3333,0.1111,1.0000,0.0000,4.3824,0.6261,0.6053
7,3,1564,1566,3,2,2,0.5833,1564.895,438.721,710.256,10.1750,16.0000,1.3023,0.9721,5.0084,0.6517,0.0773,0.2710,0.8881,0.0000,3.7563,1.2521,0.5349
7,3,1567,1569,3,2,3,0.3889,1567.685,608.888,493.876,10.5300,19.0000,1.4944,0.3562,5.9476,0.2873,0.4228,0.2899,0.9129,0.1849,3.4433,1.5651,0.5618
5,3,1569,1571,3,2,2,0.4167,1570.484,370.774,680.145,8.6795,16.0000,1.2903,0.5818,5.0085,0.6338,0.1686,0.1975,0.9585,0.2851,4.6955,1.5652,0.7097
7,3,1569,1571,3,2,3,0.3889,1570.311,602.900,388.544,10.6484,19.0000,1.4778,0.5606,5.9476,0.1278,0.6171,0.2551,0.5345,0.2326,4.0694,1.2521,0.5667
4,3,1571,1572,2,1,2,1.0000,1571.542,859.000,719.508,9.2345,17.0000,1.1525,0.6716,5.3216,0.0000,0.7500,0.2500,0.0000,0.0000,4.8520,0.7826,0.7797
4,3,1577,1578,2,2,2,0.5000,1577.321,946.429,498.161,8.7652,18.0000,1.2857,0.8185,5.6348,0.5916,0.1015,0.3069,0.5000,0.5000,4.8522,1.2522,0.8393
4,3,1578,1579,2,2,2,0.5000,1578.574,625.167,421.278,8.4523,16.0000,1.1852,0.5351,5.0088,0.5916,0.1015,0.3069,0.7071,0.7071,4.8522,1.5652,0.8333
8,3,1578,1580,3,3,3,0.2963,1578.921,987.842,1245.881,11.1786,17.0000,1.3465,0.2133,5.3218,0.7715,0.0994,0.1290,0.6536,0.6629,3.4435,1.2522,0.4554
5,3,1581,1582,2,3,1,0.8333,1581.576,292.258,552.000,9.2401,15.0000,1.1364,0.4963,4.6958,0.5854,0.2927,0.1220,0.3162,0.0000,4.6958,0.9392,0.6515
7,3,1581,1583,3,2,2,0.5833,1582.055,509.484,750.769,10.7675,18.0000,1.3846,0.5386,5.6350,0.4296,0.3471,0.2233,0.9305,0.2273,4.3828,1.8783,0.5165
5,3,1585,1587,3,2,2,0.4167,1585.894,634.136,338.379,9.2405,17.0000,1.2879,0.9804,5.3221,0.5461,0.2256,0.2283,0.8117,0.4177,5.0091,0.9392,0.7121
3,3,1587,1589,3,1,1,1.0000,1588.021,396.000,244.000,8.6761,19.0000,1.1875,0.0208,5.9484,0.8889,0.0000,0.1111,1.0000,0.0000,5.1657,1.8784,1.0000
6,4,1589,1591,3,2,2,0.5000,1590.112,782.237,574.500,10.2251,16.0000,1.2000,1.2426,5.0092,0.5795,0.2234,0.1971,0.8314,0.5543,5.3223,1.7219,0.7625
3,3,1592,1594,3,1,1,1.0000,1593.000,348.000,703.000,7.9535,16.0000,1.0909,0.0000,5.0094,0.8889,0.0000,0.1111,1.0000,0.0000,5.0095,2.5047,1.0000
7,3,1593,1594,2,2,2,0.8750,1593.610,511.500,462.329,9.7036,18.0000,1.5366,0.7146,5.6357,0.0000,0.3318,0.6682,0.7788,0.5774,3.1309,0.9393,0.5610
8,3,1596,1599,4,2,2,0.5000,1597.382,663.461,524.416,9.8522,14.0000,1.2584,0.7287,4.3834,0.6112,0.1964,0.1924,0.9249,0.3490,3.4442,1.7221,0.4719
4,3,1597,1598,2,2,1,1.0000,1597.541,353.426,738.000,9.5497,18.0000,1.1803,0.6264,5.6359,0.0000,0.7500,0.2500,1.0000,0.0000,5.3228,1.2524,0.8197
6,3,1598,1600,3,3,2,0.3333,1599.187,575.787,481.120,9.5870,16.0000,1.2800,0.8174,5.0098,0.4961,0.2890,0.2148,0.7188,0.3906,4.5401,1.8787,0.6133
4,3,1598,1599,2,1,2,1.0000,1598.532,969.000,597.452,9.7064,20.0000,1.2903,0.6502,6.2622,0.0000,0.7500,0.2500,0.0000,0.0000,4.8532,1.8787,0.7903
5,4,1600,1601,2,2,2,0.6250,1600.333,365.813,552.333,10.5022,20.0000,1.3333,0.5070,6.2623,0.3432,0.2505,0.4063,0.6059,0.3645,5.6361,2.1918,0.8800
7,3,1601,1603,3,2,3,0.3889,1602.128,688.314,513.000,10.1780,16.0000,1.3023,0.9269,5.0100,0.5479,0.1606,0.2915,0.9003,0.3984,4.3837,1.5656,0.5233
6,3,1605,1606,2,3,2,0.5000,1605.568,336.189,584.135,9.4600,18.0000,1.4595,0.6133,5.6364,0.5230,0.1584,0.3185,0.3667,0.5079,4.0708,1.5657,0.6216
3,3,1605,1606,2,2,1,0.7500,1605.318,637.318,303.000,7.9547,16.0000,1.0909,0.4500,5.0102,0.5333,0.2667,0.2000,0.7071,0.0000,4.6971,0.6263,1.0000
6,3,1608,1610,3,2,2,0.5000,1608.827,634.111,350.358,10.3553,19.0000,1.4074,0.4128,5.9499,0.5230,0.1584,0.3185,0.9225,0.0898,4.6973,1.2526,0.5926
5,3,1610,1612,3,1,2,0.8333,1611.227,421.000,333.439,9.2433,15.0000,1.1364,0.6049,4.6974,0.5854,0.2927,0.1220,0.9487,0.0000,4.6975,1.5658,0.6515
3,3,1610,1611,2,1,2,0.7500,1610.311,422.000,264.667,8.1361,16.0000,1.0667,0.4560,5.0105,0.5333,0.2667,0.2000,0.7071,0.0000,5.0105,2.0355,1.0000
3,3,1613,1614,2,1,2,0.7500,1613.651,869.000,349.326,7.7749,15.0000,1.0465,0.7280,4.6976,0.5333,0.2667,0.2000,0.7071,0.0000,5.0108,1.7225,1.0000
8,3,1622,1624,3,3,3,0.2963,1623.122,412.816,763.490,10.8526,16.0000,1.3061,0.5372,5.0115,0.7718,0.0544,0.1738,0.6277,0.0641,4.3851,1.5661,0.4592
4,3,1622,1624,3,1,2,0.6667,1622.830,449.000,293.189,8.3003,15.0000,1.1321,1.1849,4.6984,0.7500,0.1500,0.1000,0.9487,0.0000,5.0115,1.7227,0.8113
6,3,1623,1624,2,2,2,0.7500,1623.608,975.514,506.743,9.4626,15.0000,1.2162,0.8363,4.6983,0.2000,0.3333,0.4667,0.7071,0.7071,4.3851,0.4698,0.5811
6,3,1628,1629,2,2,3,0.5000,1628.526,832.316,843.000,9.7192,16.0000,1.2632,0.6138,5.0121,0.4412,0.1872,0.3716,0.6154,0.7882,4.0723,0.9398,0.6053
6,3,1630,1632,3,2,1,1.0000,1630.878,723.451,347.000,10.4870,19.0000,1.3902,0.9872,5.9519,0.5556,0.3333,0.1111,1.0000,0.0000,4.5424,0.9398,0.6463
4,3,1631,1633,3,1,2,0.6667,1631.796,656.000,391.167,8.4583,16.0000,1.1852,0.8136,5.0122,0.7500,0.1500,0.1000,0.9487,0.0000,4.8558,1.7230,0.8333
5,3,1634,1635,2,3,2,0.4167,1634.254,595.612,529.731,9.3870,18.0000,1.3433,0.7149,5.6391,0.7729,0.0435,0.1836,0.2791,0.2890,4.0727,0.4699,0.7313
5,3,1646,1647,2,3,1,0.8333,1646.532,455.258,602.000,8.6886,15.0000,1.2097,0.9131,4.7004,0.5854,0.2927,0.1220,0.3162,0.0000,4.7004,0.9401,0.6935
5,3,1647,1648,2,3,1,0.8333,1647.614,246.900,691.000,9.8099,20.0000,1.4286,0.3985,6.2674,0.5854,0.2927,0.1220,0.3162,0.0000,4.7005,0.9401,0.7000
5,3,1647,1649,3,1,2,0.8333,1647.682,487.000,254.576,9.2494,16.0000,1.2121,0.8030,5.0138,0.5854,0.2927,0.1220,0.9487,0.0000,4.7005,0.6267,0.6667
3,3,1652,1653,2,2,1,0.7500,1652.674,589.349,389.000,7.7805,15.0000,1.0465,0.7280,4.7010,0.5333,0.2667,0.2000,0.7071,0.0000,5.0144,1.8804,1.0000
10,3,1654,1656,3,2,3,0.5556,1655.308,755.385,463.393,11.5961,15.0000,1.2821,0.6302,4.7013,0.0188,0.4500,0.5312,0.4472,0.3651,3.9178,1.2537,0.3846
4,3,1655,1656,2,2,2,0.5000,1655.167,466.574,269.315,8.4623,17.0000,1.2593,0.8238,5.3281,0.5916,0.1015,0.3069,0.5000,0.5000,4.7013,1.8805,0.8333
13,5,1660,1662,3,3,3,0.4815,1660.957,354.130,1081.432,14.0839,20.0000,1.6049,0.5841,6.2692,0.2431,0.3220,0.4348,0.5963,0.1298,3.7615,1.0971,0.4938
6,3,1660,1661,2,1,3,1.0000,1660.432,621.000,383.099,10.3653,20.0000,1.4815,0.9995,6.2690,0.5556,0.3333,0.1111,0.0000,0.0000,4.3884,0.9404,0.6296
6,3,1664,1666,3,2,2,0.5000,1664.944,773.873,764.451,9.0866,16.0000,1.3521,0.4716,5.0158,0.3810,0.3333,0.2857,0.9487,0.1690,4.2321,1.2539,0.6197
5,3,1669,1670,2,2,2,0.6250,1669.629,959.145,472.629,8.6930,16.0000,1.2903,0.5443,5.0163,0.3432,0.2505,0.4063,0.6059,0.3645,4.7027,1.2541,0.7097
5,3,1670,1672,3,2,1,0.8333,1671.315,602.370,516.000,10.2357,18.0000,1.2329,0.4859,5.6436,0.5854,0.2927,0.1220,0.9487,0.0000,5.0165,0.7838,0.6986
6,3,1671,1672,2,2,3,0.5000,1671.342,436.487,527.987,9.7278,16.0000,1.2632,0.6169,5.0164,0.4412,0.1872,0.3716,0.0000,0.0000,4.3895,1.5676,0.5921
4,3,1671,1674,4,1,1,1.0000,1672.673,817.000,981.000,8.6223,18.0000,1.3091,0.3273,5.6437,0.9375,0.0000,0.0625,1.0000,0.0000,4.7031,1.0974,0.8364
4,3,1676,1679,4,1,1,1.0000,1677.806,509.000,514.000,9.7207,21.0000,1.3548,1.1935,6.5852,0.9375,0.0000,0.0625,1.0000,0.0000,5.4875,1.5679,0.8548
7,3,1678,1681,4,2,2,0.4375,1679.843,600.301,531.108,9.8375,16.0000,1.3494,0.3564,5.0174,0.7514,0.0882,0.1604,0.9757,0.1283,3.4495,0.6272,0.5542
8,4,1678,1681,4,2,2,0.5000,1679.223,789.340,529.786,11.4194,16.0000,1.2427,0.4593,5.0173,0.7888,0.0442,0.1670,0.9171,0.1008,4.8605,0.3136,0.5825
3,3,1679,1681,3,1,1,1.0000,1679.977,732.000,1009.000,7.7851,15.0000,1.0465,0.9767,4.7037,0.8889,0.0000,0.1111,1.0000,0.0000,4.7039,0.9408,1.0000
7,3,1680,1682,3,2,2,0.5833,1681.000,834.723,405.566,9.8377,15.0000,1.2651,0.5147,4.7039,0.4296,0.3471,0.2233,0.9305,0.2273,3.7632,1.2544,0.5181
5,4,1689,1690,2,2,2,0.6250,1689.429,463.130,361.610,10.8003,20.0000,1.2987,0.5936,6.2727,0.3432,0.2505,0.4063,0.6059,0.3645,5.3319,1.2545,0.8701
4,3,1697,1699,3,1,2,0.6667,1697.830,1103.000,237.830,8.3124,16.0000,1.2075,0.2401,5.0188,0.7500,0.1500,0.1000,0.9487,0.0000,5.0188,1.7252,0.8302
3,3,1702,1703,2,1,2,0.7500,1702.708,608.000,362.312,8.6933,19.0000,1.1875,0.4275,5.9602,0.5333,0.2667,0.2000,0.7071,0.0000,5.0191,1.5685,1.0000
4,3,1703,1704,2,2,2,0.5000,1703.698,722.170,522.736,8.3129,16.0000,1.2075,0.7655,5.0191,0.0000,0.5625,0.4375,0.4459,0.5774,4.7054,1.5685,0.8302
10,3,1704,1706,3,3,2,0.5556,1704.885,451.508,622.705,12.1024,18.0000,1.4754,0.5849,5.6466,0.5099,0.2304,0.2597,0.8603,0.2676,4.2349,1.5685,0.3852
7,3,1704,1706,3,2,3,0.3889,1704.942,901.221,210.326,10.1967,16.0000,1.3023,0.3977,5.0192,0.6788,0.0891,0.2320,0.6553,0.7342,4.0780,1.8822,0.5349
4,3,1705,1707,3,2,1,0.6667,1706.109,615.564,375.000,8.6268,16.0000,1.1636,0.4498,5.0192,0.7576,0.1294,0.1129,0.8507,0.0000,5.3329,0.9411,0.8364
37,13,1706,1709,4,6,6,0.2569,1707.684,557.474,872.284,25.7863,26.0000,1.9240,0.9150,8.1563,0.4091,0.3891,0.2018,0.2717,0.7577,4.3918,1.5685,0.5020
8,3,1716,1718,3,3,2,0.4444,1716.798,913.840,799.745,10.4261,15.0000,1.2766,0.9013,4.7058,0.3086,0.2813,0.4101,0.8447,0.2974,3.9215,1.7255,0.4574
6,3,1727,1729,3,3,1,0.6667,1727.722,439.208,805.000,9.2217,15.0000,1.2500,0.7517,4.7059,0.4000,0.4800,0.1200,0.7071,0.0000,4.3922,1.5686,0.6111
4,3,1729,1730,2,1,2,1.0000,1729.538,832.000,155.538,8.1570,14.0000,1.0769,0.7092,4.3922,0.0000,0.7500,0.2500,0.0000,0.0000,4.0785,1.5686,0.8077
6,3,1731,1733,3,3,2,0.3333,1731.945,514.082,991.425,9.3499,14.0000,1.1507,1.0395,4.3923,0.6378,0.1768,0.1854,0.4780,0.2815,4.2354,1.5687,0.5753
6,3,1731,1733,3,2,2,0.5000,1731.870,1115.130,603.391,8.8376,14.0000,1.2174,0.9624,4.3923,0.6303,0.1911,0.1787,0.9645,0.1302,3.9217,0.6275,0.6087
5,3,1733,1735,3,1,2,0.8333,1733.818,380.000,231.621,9.2602,15.0000,1.1364,0.6473,4.7060,0.5854,0.2927,0.1220,0.9487,0.0000,4.7060,-0.0000,0.6667
7,3,1736,1738,3,2,2,0.5833,1737.172,782.376,753.602,11.0282,17.0000,1.2796,0.9927,5.3336,0.5352,0.1763,0.2885,0.8018,0.5745,4.7061,1.7256,0.5161
4,3,1737,1739,3,2,1,0.6667,1738.458,592.695,372.000,9.2555,18.0000,1.2203,0.8815,5.6474,0.7500,0.1500,0.1000,0.9487,0.0000,5.6474,1.8825,0.8475
11,3,1737,1740,4,3,2,0.4583,1738.203,638.057,364.504,11.6355,17.0000,1.5203,0.5390,5.3336,0.5746,0.2119,0.2135,0.8837,0.2212,3.4512,0.9412,0.3821
5,3,1737,1738,2,2,2,0.6250,1737.646,901.138,277.385,9.1201,17.0000,1.3077,0.5407,5.3336,0.3432,0.2505,0.4063,0.6059,0.3645,5.0199,1.8825,0.7231
4,3,1737,1739,3,1,2,0.6667,1737.907,957.000,157.556,8.4711,16.0000,1.1852,0.4540,5.0199,0.7576,0.1294,0.1129,0.8507,0.0000,4.8630,0.6275,0.8333
5,3,1743,1745,3,1,3,0.5556,1744.092,393.000,497.969,9.1206,15.0000,1.1538,0.0973,4.7064,0.0000,0.8276,0.1724,0.0000,0.0000,4.8633,1.8826,0.6769
6,3,1744,1746,3,1,3,0.6667,1745.203,515.000,115.333,8.8384,14.0000,1.2174,0.3902,4.3927,0.2083,0.6667,0.1250,0.4472,0.0000,3.9220,0.3138,0.6087
3,3,1748,1750,3,1,1,1.0000,1749.000,925.000,194.000,7.7899,15.0000,1.0465,0.0000,4.7067,0.8889,0.0000,0.1111,1.0000,0.0000,4.8636,1.4120,1.0000
5,3,1753,1755,3,1,3,0.5556,1754.048,678.000,460.129,8.7009,14.0000,1.1290,0.1378,4.3933,0.7911,0.1351,0.0737,0.5257,0.0000,4.7070,1.5690,0.6774
5,3,1754,1756,3,1,2,0.8333,1754.968,682.000,281.698,8.8414,15.0000,1.1905,1.0141,4.7071,0.6340,0.2717,0.0943,1.0000,0.0000,4.0796,0.0000,0.6984
4,3,1754,1755,2,2,2,0.5000,1754.547,746.736,583.811,8.3159,15.0000,1.1321,0.5572,4.7071,0.5916,0.1015,0.3069,0.7071,0.7071,4.7071,2.1966,0.8113
5,3,1757,1759,3,1,3,0.5556,1757.939,572.000,278.106,9.2629,17.0000,1.2879,0.1222,5.3351,0.0000,0.8276,0.1724,0.0000,0.0000,4.8642,1.2553,0.7121
41,17,1763,1767,5,7,5,0.2343,1764.953,672.170,1126.909,29.0685,28.0000,1.9359,0.1988,8.7886,0.4627,0.3310,0.2063,0.3802,0.8312,4.0804,1.5693,0.5970
7,3,1767,1769,3,3,1,0.7778,1767.689,619.933,914.000,10.6779,17.0000,1.3222,0.3182,5.3363,0.1247,0.7481,0.1273,0.0000,0.0000,4.3946,0.9417,0.5000
4,3,1768,1770,3,1,2,0.6667,1769.214,892.000,230.196,8.7896,16.0000,1.1429,0.2907,5.0226,0.7500,0.1500,0.1000,0.9487,0.0000,5.1795,2.1973,0.8036
4,3,1769,1770,2,1,2,1.0000,1769.547,554.000,437.566,8.3188,15.0000,1.1321,0.6984,4.7088,0.0000,0.7500,0.2500,0.0000,0.0000,4.8657,1.2556,0.8302
4,3,1770,1772,3,2,1,0.6667,1770.684,874.246,824.000,8.9469,16.0000,1.1228,0.7270,5.0227,0.7500,0.1500,0.1000,0.9487,0.0000,4.2380,1.2556,0.7895
3,3,1771,1772,2,1,2,0.7500,1771.318,719.000,111.636,7.9749,16.0000,1.0909,0.7115,5.0229,0.5333,0.2667,0.2000,0.7071,0.0000,4.7091,1.5697,1.0000
6,3,1780,1782,3,2,2,0.5000,1780.747,778.867,472.267,9.6151,17.0000,1.3600,0.3912,5.3385,0.5034,0.2551,0.2415,0.9677,0.2521,4.5534,1.2561,0.6000
11,3,1781,1783,3,2,4,0.4583,1782.047,361.422,588.719,12.1200,15.0000,1.2891,1.0796,4.7108,0.7052,0.0955,0.1992,0.5813,0.2796,3.4545,0.9421,0.3359
5,3,1785,1786,2,2,2,0.6250,1785.471,818.588,440.132,9.5514,17.0000,1.2500,0.8024,5.3395,0.3432,0.2505,0.4063,0.6059,0.3645,5.0254,1.7275,0.7059
6,3,1786,1787,2,2,2,0.7500,1786.270,948.676,434.568,9.4888,16.0000,1.2973,0.6043,5.0254,0.2000,0.3333,0.4667,0.7071,0.7071,4.2403,1.2564,0.6081
4,3,1787,1788,2,2,2,0.5000,1787.453,486.189,866.736,8.3238,15.0000,1.1321,0.5572,4.7115,0.5916,0.1015,0.3069,0.7071,0.7071,4.7116,1.5706,0.8113
5,3,1788,1789,2,2,2,0.6250,1788.382,326.162,520.618,9.5524,16.0000,1.1765,0.7442,5.0260,0.3432,0.2505,0.4063,0.6059,0.3645,5.0258,1.2565,0.6912
4,3,1790,1792,3,1,2,0.6667,1791.138,890.000,281.828,9.1104,18.0000,1.2414,0.2208,5.6547,0.7500,0.1500,0.1000,0.9487,0.0000,5.0264,1.2566,0.8276
7,3,1794,1796,3,3,2,0.3889,1794.528,808.843,415.719,10.5691,18.0000,1.4157,0.5713,5.6556,0.6205,0.1217,0.2578,0.7589,0.3526,4.3987,1.2568,0.5281
7,3,1795,1797,3,2,2,0.5833,1796.176,686.769,336.473,10.8074,18.0000,1.3846,0.6020,5.6559,0.4600,0.2645,0.2756,0.8571,0.1000,4.3992,1.4140,0.5275
3,3,1796,1796,1,3,1,1.0000,1796.000,764.000,564.000,7.9821,16.0000,1.0909,0.0000,5.0274,0.8889,0.0000,0.1111,0.0000,1.0000,5.0274,1.8853,1.0000
5,3,1798,1799,2,2,2,0.6250,1798.373,1069.433,660.194,9.4159,15.0000,1.1194,0.6035,4.7138,0.3432,0.2505,0.4063,0.6059,0.3645,5.1850,1.5712,0.6567
5,3,1799,1801,3,1,2,0.8333,1800.250,757.000,208.559,9.5572,17.0000,1.2500,0.5071,5.3426,0.5854,0.2927,0.1220,0.9487,0.0000,4.7141,1.2571,0.6912
4,3,1802,1804,3,2,1,0.6667,1802.836,453.182,347.000,8.6435,16.0000,1.1636,0.2446,5.0290,0.7500,0.1500,0.1000,0.9487,0.0000,4.8719,0.9430,0.8182
8,4,1804,1806,3,2,2,0.6667,1805.144,396.365,924.817,11.5583,20.0000,1.5385,0.4332,6.2868,0.4961,0.2369,0.2670,0.9586,0.0986,4.5580,0.9431,0.6058
4,3,1804,1805,2,2,2,0.5000,1804.453,842.830,397.736,8.3298,15.0000,1.1321,0.5511,4.7151,0.5916,0.1015,0.3069,0.7071,0.7071,4.8721,1.5717,0.8302
4,3,1804,1806,3,2,1,0.6667,1805.000,867.825,573.000,9.9018,22.0000,1.3968,0.1746,6.9155,0.5357,0.3214,0.1429,1.0000,0.0000,5.0295,1.5718,0.8254
4,3,1806,1809,4,1,1,1.0000,1807.594,771.000,398.000,10.0602,22.0000,1.3750,0.5938,6.9162,0.9375,0.0000,0.0625,1.0000,0.0000,5.3447,1.2575,0.8438
16,3,1807,1811,5,4,4,0.2000,1808.599,768.462,534.626,14.3051,16.0000,1.4066,0.8434,5.0302,0.7397,0.1324,0.1279,0.7329,0.4889,3.7729,1.5719,0.4066
8,3,1808,1811,4,2,3,0.3333,1809.713,953.883,650.404,10.4493,16.0000,1.3617,0.8277,5.0305,0.5795,0.2802,0.1403,0.9105,0.1511,3.7731,1.4148,0.4681
3,3,1810,1811,2,2,1,0.7500,1810.340,1069.702,515.000,8.5321,17.0000,1.0851,0.4523,5.3451,0.5333,0.2667,0.2000,0.7071,0.0000,5.3454,1.2576,1.0000
6,3,1820,1822,3,1,3,0.6667,1821.162,352.000,357.113,10.2750,17.0000,1.2750,0.1976,5.3483,0.4000,0.4800,0.1200,0.7071,0.0000,4.4045,1.2584,0.5625
7,3,1821,1823,3,3,2,0.3889,1822.132,725.571,462.242,10.8214,19.0000,1.4615,0.6343,5.9778,0.2288,0.4003,0.3709,0.4815,0.3373,4.7196,1.8877,0.5275
4,3,1822,1824,3,2,1,0.6667,1823.373,604.725,886.000,8.0235,14.0000,1.0980,0.4628,4.4052,0.7500,0.1500,0.1000,0.9487,0.0000,4.7197,1.1012,0.8235
5,3,1823,1824,2,2,2,0.6250,1823.448,806.179,362.373,9.4279,15.0000,1.1194,0.6098,4.7199,0.3432,0.2505,0.4063,0.6059,0.3645,5.0343,0.9440,0.6716
7,3,1823,1824,2,2,2,0.8750,1823.442,1188.337,811.419,10.2276,15.0000,1.2209,0.6958,4.7199,0.0000,0.3318,0.6682,0.8165,0.5774,4.4052,0.9440,0.5116
4,3,1824,1827,4,1,1,1.0000,1825.466,707.000,410.000,9.1259,16.0000,1.1034,0.4655,5.0348,0.9375,0.0000,0.0625,1.0000,0.0000,4.8775,1.5733,0.7759
4,3,1826,1827,2,1,2,1.0000,1826.475,387.000,394.508,9.5985,18.0000,1.1803,0.6840,5.6645,0.0000,0.7500,0.2500,0.0000,0.0000,5.0353,1.4162,0.7869
5,3,1828,1829,2,1,3,0.8333,1828.557,836.000,187.771,9.8531,16.0000,1.1429,0.9516,5.0357,0.5854,0.2927,0.1220,0.3162,0.0000,5.0357,0.6295,0.6571
4,3,1829,1830,2,1,2,1.0000,1829.534,341.000,610.431,9.1281,17.0000,1.1724,0.6344,5.3511,0.0000,0.7500,0.2500,0.0000,0.0000,5.0362,2.0459,0.8103
5,3,1829,1831,3,1,2,0.8333,1830.185,775.000,329.554,9.1502,15.0000,1.1538,0.5838,4.7216,0.5854,0.2927,0.1220,0.9487,0.0000,4.7216,0.7869,0.6615
6,3,1833,1835,3,1,3,0.6667,1833.975,655.000,212.734,10.1545,17.0000,1.2911,0.2670,5.3525,0.6944,0.2222,0.0833,0.8000,0.0000,4.8802,1.5742,0.5949
4,3,1833,1834,2,1,2,1.0000,1833.528,828.000,430.472,8.3434,14.0000,1.0566,0.7082,4.4079,0.0000,0.7500,0.2500,0.0000,0.0000,4.7227,1.4169,0.7925
4,3,1834,1835,2,2,2,0.5000,1834.574,617.278,394.167,8.5014,16.0000,1.1852,0.5351,5.0380,0.5916,0.1015,0.3069,0.7071,0.7071,4.8804,1.5743,0.8333
8,3,1838,1840,3,2,2,0.6667,1838.696,760.343,365.373,11.3580,16.0000,1.2549,0.8608,5.0394,0.3704,0.0753,0.5544,0.9816,0.1908,4.0944,0.9448,0.4510
6,3,1838,1840,3,2,2,0.5000,1838.641,820.449,416.128,10.0291,18.0000,1.3846,0.5888,5.6693,0.6373,0.1269,0.2358,0.8795,0.0724,4.2519,0.9449,0.6154
4,3,1838,1839,2,1,2,1.0000,1838.558,963.000,718.462,8.1887,15.0000,1.1538,0.6968,4.7244,0.0000,0.7500,0.2500,0.0000,0.0000,5.0392,1.5748,0.8269
4,3,1841,1842,2,2,2,0.5000,1841.200,923.255,528.545,8.6628,16.0000,1.1636,0.5580,5.0401,0.5916,0.1015,0.3069,0.5000,0.5000,4.7250,1.5749,0.8000
4,3,1842,1845,4,1,1,1.0000,1843.583,846.000,491.000,9.4519,16.0000,1.0667,0.4167,5.0416,0.9375,0.0000,0.0625,1.0000,0.0000,5.5136,1.5753,0.7833
6,3,1849,1850,2,2,3,0.5000,1849.457,518.471,704.000,9.0078,15.0000,1.2857,0.6988,4.7279,0.6168,0.1058,0.2774,0.5000,0.5000,3.9401,1.5760,0.6143
7,4,1849,1852,4,2,2,0.4375,1850.242,1047.105,300.747,11.3187,17.0000,1.2526,1.2719,5.3587,0.7558,0.1056,0.1386,0.9795,0.1648,4.7283,0.4729,0.6526
5,3,1852,1853,2,2,2,0.6250,1852.818,764.364,411.561,9.3062,15.0000,1.1364,0.6925,4.7295,0.3432,0.2505,0.4063,0.5155,0.8569,5.3599,2.2071,0.6667
4,3,1852,1853,2,3,1,0.6667,1852.745,1043.582,437.000,8.6705,18.0000,1.3091,0.6351,5.6754,0.7500,0.1500,0.1000,0.3162,0.0000,4.7294,1.7340,0.8364
7,3,1853,1855,3,2,3,0.3889,1853.807,913.432,615.989,10.4878,17.0000,1.3523,0.4732,5.3605,0.1909,0.4622,0.3468,0.7315,0.2073,4.7296,2.0498,0.5227
5,3,1854,1856,3,2,2,0.4167,1854.698,706.841,467.857,8.8846,15.0000,1.1905,0.7303,4.7307,0.6338,0.1686,0.1975,0.9585,0.2851,4.7303,1.2614,0.6984
3,3,1858,1859,2,1,2,0.7500,1858.612,776.000,452.286,8.9242,19.0000,1.1633,0.6756,5.9933,0.5333,0.2667,0.2000,0.7071,0.0000,5.3629,2.0505,1.0000
6,4,1858,1860,3,2,2,0.5000,1858.900,1037.763,703.375,10.3029,16.0000,1.2000,0.4550,5.0479,0.6381,0.1455,0.2164,0.8019,0.3768,5.2048,1.7349,0.7625
4,3,1861,1862,2,2,2,0.5000,1861.264,1091.170,510.547,8.3615,15.0000,1.1321,0.6309,4.7328,0.5916,0.1015,0.3069,0.5000,0.5000,4.8908,0.6312,0.8302
5,3,1863,1864,2,2,2,0.6250,1863.369,1052.631,534.846,9.1739,17.0000,1.3077,0.5444,5.3649,0.3432,0.2505,0.4063,0.6059,0.3645,5.0493,1.4200,0.6923
3,3,1869,1869,1,2,2,0.7500,1869.000,841.318,380.341,8.0215,15.0000,1.0227,0.4663,4.7365,0.5333,0.2667,0.2000,0.0000,1.0000,4.4207,0.6316,1.0000
5,3,1871,1873,3,2,2,0.4167,1871.676,847.221,401.868,9.6053,19.0000,1.3971,0.4133,6.0014,0.6489,0.0995,0.2515,0.9362,0.2726,5.0534,1.4214,0.7353
5,3,1873,1875,3,1,2,0.8333,1874.232,447.000,714.652,9.7492,19.0000,1.3768,0.4180,6.0027,0.5854,0.2927,0.1220,0.9487,0.0000,4.7395,1.2636,0.6812
4,3,1876,1877,2,2,1,1.0000,1876.537,1192.481,914.000,8.5325,15.0000,1.1111,0.6951,4.7405,0.0000,0.7500,0.2500,1.0000,0.0000,4.7402,1.5800,0.7963
6,3,1877,1879,3,2,2,0.5000,1878.225,700.592,870.746,9.1618,15.0000,1.2676,1.0071,4.7416,0.6381,0.1455,0.2164,0.8019,0.3768,4.1091,1.5802,0.6056
5,3,1880,1882,3,1,2,0.8333,1880.701,943.000,394.373,9.4735,17.0000,1.2687,0.7946,5.3745,0.5854,0.2927,0.1220,0.9487,0.0000,4.1099,1.1065,0.6716
5,3,1890,1892,3,1,2,0.8333,1890.896,549.000,835.433,9.4857,17.0000,1.2687,0.5767,5.3819,0.5854,0.2927,0.1220,0.9487,0.0000,4.7494,1.4245,0.6866
3,3,1900,1901,2,1,2,0.7500,1900.659,941.000,246.341,8.0534,15.0000,1.0227,0.7420,4.7555,0.5333,0.2667,0.2000,0.7071,0.0000,4.4379,0.7925,1.0000
6,3,1902,1903,2,3,3,0.3333,1902.338,821.025,411.600,10.3565,20.0000,1.5000,0.5240,6.3417,0.3348,0.4659,0.1992,0.4156,0.8194,4.7565,2.2194,0.6125
4,3,1909,1911,3,2,1,0.6667,1910.035,993.544,349.000,9.0487,17.0000,1.1930,0.4575,5.3974,0.7576,0.1294,0.1129,0.8507,0.0000,5.3974,1.5874,0.7895
6,3,1910,1912,3,2,3,0.3333,1911.077,1044.564,327.372,10.1120,20.0000,1.5385,0.5781,6.3510,0.4795,0.2713,0.2493,0.0000,0.0000,4.2869,1.1116,0.6410
9,3,1922,1924,3,3,2,0.5000,1922.900,700.655,135.355,11.6679,15.0000,1.2273,0.5050,4.7742,0.6537,0.0797,0.2666,0.7380,0.3558,3.1822,0.9544,0.5273
5,3,1934,1935,2,2,2,0.6250,1934.585,912.862,481.600,9.2700,15.0000,1.1538,0.7218,4.7838,0.3432,0.2505,0.4063,0.6059,0.3645,5.1024,1.2754,0.6769
5,3,1941,1943,3,1,2,0.8333,1942.197,230.000,622.621,9.4255,16.0000,1.2121,0.6517,5.1092,0.5854,0.2927,0.1220,0.9487,0.0000,5.4285,1.7564,0.6970
7,3,1941,1944,4,2,2,0.4375,1942.188,1104.753,526.447,10.2592,15.0000,1.2353,1.3337,4.7890,0.7141,0.0654,0.2206,0.9180,0.3952,4.4704,1.4367,0.5059
5,3,1949,1950,2,2,2,0.6250,1949.471,986.456,726.132,9.7234,17.0000,1.2500,0.7706,5.4360,0.3432,0.2505,0.4063,0.6059,0.3645,4.7957,0.9592,0.6765
6,3,1949,1951,3,3,1,0.6667,1950.136,1087.309,652.000,10.5743,18.0000,1.3333,0.7046,5.7558,0.2083,0.6667,0.1250,0.4472,0.0000,4.7965,1.4388,0.5926
4,3,1951,1952,2,2,1,1.0000,1951.547,810.547,427.000,8.4760,15.0000,1.1321,0.6404,4.7981,0.0000,0.7500,0.2500,1.0000,0.0000,5.1175,1.4393,0.8113
5,3,1979,1980,2,2,3,0.4167,1979.841,720.143,590.016,9.0492,16.0000,1.2698,1.0070,5.1391,0.7958,0.0325,0.1718,0.2610,0.6572,4.8179,1.7666,0.6984
4,3,1982,1984,3,1,2,0.6667,1983.167,602.000,121.167,8.6755,17.0000,1.2593,0.2357,5.4622,0.7500,0.1500,0.1000,0.9487,0.0000,4.8196,1.2850,0.8333
6,3,1982,1984,3,2,2,0.5000,1982.781,803.151,523.658,9.5754,14.0000,1.1507,0.8658,4.4983,0.5230,0.1584,0.3185,0.9225,0.0898,4.3374,1.2851,0.5753
3,3,1985,1986,2,1,2,0.7500,1985.674,1103.000,476.326,7.9792,15.0000,1.0465,0.4604,4.8213,0.5333,0.2667,0.2000,0.7071,0.0000,4.9819,2.0893,1.0000
4,4,1986,1987,2,1,2,1.0000,1986.500,505.000,208.517,9.3216,15.0000,1.0345,0.6950,4.8218,0.0000,0.7500,0.2500,0.0000,0.0000,4.9822,0.9641,1.0000
4,3,1988,1989,2,1,2,1.0000,1988.462,757.000,323.462,8.3590,14.0000,1.0769,0.6527,4.5013,0.0000,0.7500,0.2500,0.0000,0.0000,4.8224,1.4468,0.8077
6,3,1992,1995,4,2,2,0.3750,1993.100,662.200,442.129,9.1919,15.0000,1.2857,1.1254,4.8242,0.8444,0.0252,0.1304,0.9761,0.1745,4.3421,1.6080,0.6143
4,3,1997,1999,3,2,1,0.6667,1997.930,838.474,422.000,9.1708,16.0000,1.1228,1.0435,5.1481,0.7576,0.1294,0.1129,0.8507,0.0000,4.9877,1.6088,0.7895
3,3,1997,1998,2,2,1,0.7500,1997.356,1113.311,621.000,8.3598,16.0000,1.0667,0.7156,5.1486,0.5333,0.2667,0.2000,0.7071,0.0000,5.1482,1.4480,1.0000
6,3,2021,2023,3,2,2,0.5000,2021.667,913.125,974.472,9.4706,15.0000,1.2500,0.5914,4.8330,0.6373,0.1269,0.2358,0.8795,0.0724,4.1885,1.2887,0.6111
4,3,2025,2027,3,1,2,0.6667,2026.093,651.000,651.278,8.7006,16.0000,1.1852,0.2928,5.1559,0.5357,0.3214,0.1429,1.0000,0.0000,4.9949,1.2890,0.8333
4,3,2026,2027,2,1,2,1.0000,2026.527,717.000,499.527,8.8619,15.0000,1.0909,0.7082,4.8338,0.0000,0.7500,0.2500,0.0000,0.0000,4.9949,1.2890,0.8000
5,4,2042,2044,3,1,3,0.5556,2042.857,801.000,433.700,10.0938,16.0000,1.1429,0.9081,5.1588,0.8123,0.1108,0.0769,0.7071,0.0000,5.1590,1.7734,0.8714
4,3,2050,2051,2,2,1,1.0000,2050.472,1230.528,583.000,8.5475,14.0000,1.0566,0.7082,4.5158,0.0000,0.7500,0.2500,1.0000,0.0000,4.8381,0.6451,0.7925
4,3,2054,2055,2,1,2,1.0000,2054.463,643.000,355.463,8.7107,15.0000,1.1111,0.6547,4.8392,0.0000,0.7500,0.2500,0.0000,0.0000,4.8393,0.6453,0.7963
5,4,2055,2057,3,1,2,0.8333,2055.712,924.000,641.424,9.5231,15.0000,1.1364,0.5127,4.8397,0.5854,0.2927,0.1220,0.9487,0.0000,5.1621,0.9679,0.8636
6,3,2070,2071,2,2,3,0.5000,2070.472,796.472,439.000,9.4931,14.0000,1.1667,0.6678,4.5217,0.6168,0.1058,0.2774,0.5000,0.5000,4.5214,1.6147,0.5833
6,4,2076,2078,3,1,2,1.0000,2077.000,687.000,548.541,9.7615,14.0000,1.1351,0.5405,4.5236,0.5556,0.3333,0.1111,1.0000,0.0000,4.5236,0.6462,0.7297
4,4,2077,2078,2,1,2,1.0000,2077.444,492.000,797.524,10.1785,20.0000,1.2698,0.6514,6.4623,0.0000,0.7500,0.2500,0.0000,0.0000,5.4933,2.2619,1.0000
6,3,2077,2078,2,2,3,0.5000,2077.662,525.529,356.000,8.9704,14.0000,1.2353,0.8120,4.5240,0.4412,0.1872,0.3716,0.0000,0.0000,3.8777,0.9694,0.6029
4,3,2077,2078,2,2,2,0.5000,2077.750,849.250,456.212,8.4015,15.0000,1.1538,0.4120,4.8471,0.0000,0.5625,0.4375,0.4459,0.5774,4.5237,0.6463,0.7885
4,3,2079,2080,2,1,3,0.6667,2079.509,549.000,540.057,8.5641,16.0000,1.2075,0.5126,5.1706,0.7576,0.1294,0.1129,0.5257,0.0000,5.0092,1.6158,0.8113
10,3,2080,2082,3,2,4,0.4167,2080.739,552.378,718.874,12.1625,15.0000,1.2605,0.4762,4.8481,0.2066,0.6500,0.1434,0.0546,0.4676,4.2016,1.6159,0.4622
4,3,2081,2082,2,1,2,1.0000,2081.500,559.000,530.426,8.7269,17.0000,1.2593,0.6568,5.4945,0.0000,0.7500,0.2500,0.0000,0.0000,5.0102,1.6161,0.8148
3,3,2084,2086,3,1,1,1.0000,2085.000,805.000,337.000,7.4662,14.0000,1.0500,0.0000,4.5261,0.8889,0.0000,0.1111,1.0000,0.0000,4.8497,1.9399,1.0000
3,3,2085,2086,2,2,1,0.7500,2085.333,1006.289,622.000,8.3997,17.0000,1.1333,0.4411,5.4960,0.5333,0.2667,0.2000,0.7071,0.0000,5.1731,1.4549,1.0000
5,3,2088,2089,2,2,2,0.6250,2088.600,837.815,478.569,9.4000,14.0000,1.0769,0.8474,4.5273,0.3432,0.2505,0.4063,0.6059,0.3645,4.8506,1.9403,0.6308
3,3,2089,2090,2,2,1,0.7500,2089.326,809.302,466.000,8.0284,16.0000,1.1163,0.4443,5.1741,0.5333,0.2667,0.2000,0.7071,0.0000,4.8509,0.6469,1.0000
3,3,2089,2090,2,1,2,0.7500,2089.310,966.000,372.333,7.8417,15.0000,1.0714,0.4549,4.8507,0.5333,0.2667,0.2000,0.7071,0.0000,4.2040,0.6468,1.0000
4,3,2089,2090,2,2,2,0.5000,2089.255,990.200,307.236,8.8930,17.0000,1.2364,0.4008,5.4974,0.0000,0.5625,0.4375,0.4459,0.5774,5.0125,1.4552,0.8000
6,3,2090,2092,3,2,2,0.5000,2091.028,627.676,575.873,9.3744,14.0000,1.1831,0.3490,4.5281,0.7074,0.0897,0.2030,0.9140,0.2540,4.3660,0.9703,0.5775
4,3,2090,2092,3,1,2,0.6667,2091.082,884.000,461.551,7.9237,14.0000,1.1429,0.4563,4.5278,0.7576,0.1294,0.1129,0.8507,0.0000,4.5280,0.6468,0.8163
4,3,2090,2091,2,2,1,1.0000,2090.551,947.551,736.000,7.9235,14.0000,1.1429,0.6350,4.5278,0.0000,0.7500,0.2500,1.0000,0.0000,4.5277,1.2936,0.8163
4,3,2091,2092,2,1,3,0.6667,2091.462,874.000,404.923,8.4091,14.0000,1.0769,1.0320,4.5281,0.7576,0.1294,0.1129,0.5257,0.0000,4.8513,2.2639,0.8077
3,3,2092,2093,2,1,2,0.7500,2092.333,466.000,417.690,7.8430,15.0000,1.0714,0.4549,4.8515,0.5333,0.2667,0.2000,0.7071,0.0000,4.2049,0.6469,1.0000
4,3,2092,2093,2,2,1,1.0000,2092.471,564.529,417.000,8.2478,14.0000,1.0980,0.7083,4.5283,0.0000,0.7500,0.2500,1.0000,0.0000,4.6898,1.6171,0.8039
5,4,2093,2095,3,1,2,0.8333,2094.242,1050.000,568.652,9.5477,15.0000,1.1364,0.4245,4.8523,0.5854,0.2927,0.1220,0.9487,0.0000,4.8523,0.9705,0.8636
4,3,2095,2096,2,1,2,1.0000,2095.460,545.000,659.520,8.0874,14.0000,1.1200,0.6943,4.5288,0.0000,0.7500,0.2500,0.0000,0.0000,4.5289,0.9704,0.8000
5,3,2098,2100,3,2,1,0.8333,2098.800,558.567,613.000,8.6816,15.0000,1.2500,0.4773,4.8532,0.5854,0.2927,0.1220,0.9487,0.0000,4.8530,0.9706,0.6833
3,3,2099,2101,3,1,1,1.0000,2100.024,712.000,1033.000,7.8460,15.0000,1.0714,0.0238,4.8534,0.8889,0.0000,0.1111,1.0000,0.0000,4.2065,0.9706,1.0000
5,3,2099,2101,3,2,1,0.8333,2099.767,978.567,474.000,8.6820,13.0000,1.0833,0.9534,4.2063,0.5854,0.2927,0.1220,0.9487,0.0000,4.5297,0.9707,0.6500
3,3,2100,2102,3,1,1,1.0000,2100.975,857.000,452.000,7.4726,14.0000,1.0500,0.9750,4.5299,0.8889,0.0000,0.1111,1.0000,0.0000,4.5302,1.6179,1.0000
4,3,2101,2102,2,1,2,1.0000,2101.481,966.000,608.519,8.7367,15.0000,1.1111,0.7076,4.8538,0.0000,0.7500,0.2500,0.0000,0.0000,4.8536,0.8090,0.7963
5,3,2102,2104,3,1,2,0.8333,2103.108,502.000,571.615,9.4067,17.0000,1.3077,0.3994,5.5012,0.5854,0.2927,0.1220,0.9487,0.0000,4.5303,0.9708,0.6923
4,3,2102,2104,3,1,2,0.6667,2103.038,957.000,385.192,8.4136,15.0000,1.1538,0.9806,4.8542,0.5357,0.3214,0.1429,1.0000,0.0000,4.6921,1.2943,0.8077
3,3,2102,2104,3,1,1,1.0000,2102.977,1124.000,452.000,8.2205,17.0000,1.1591,0.0227,5.5012,0.8889,0.0000,0.1111,1.0000,0.0000,4.8538,0.9708,1.0000
3,3,2103,2104,2,2,1,0.7500,2103.674,1023.698,483.000,8.0339,16.0000,1.1163,0.4443,5.1778,0.5333,0.2667,0.2000,0.7071,0.0000,4.8540,2.1034,1.0000
5,3,2104,2106,3,2,2,0.4167,2104.871,741.452,611.145,8.9731,15.0000,1.2097,0.5818,4.8543,0.7729,0.0435,0.1836,0.8328,0.5477,4.5307,1.9417,0.6613
3,3,2104,2105,2,1,2,0.7500,2104.350,786.000,496.675,7.4736,14.0000,1.0500,0.7267,4.5307,0.5333,0.2667,0.2000,0.7071,0.0000,4.5306,0.8091,1.0000
4,3,2107,2109,3,1,2,0.6667,2108.061,1106.000,505.469,7.9294,13.0000,1.0612,0.4734,4.2076,0.7576,0.1294,0.1129,0.8507,0.0000,4.6929,1.9419,0.7959
4,3,2109,2110,2,2,1,1.0000,2109.566,697.434,609.000,8.5771,17.0000,1.2830,0.6137,5.5023,0.0000,0.7500,0.2500,1.0000,0.0000,4.5313,1.6183,0.8113
3,3,2111,2112,2,2,1,0.7500,2111.292,1153.333,719.000,8.9700,18.0000,1.1250,0.4429,5.8261,0.5333,0.2667,0.2000,0.7071,0.0000,5.8261,1.4565,1.0000
3,3,2116,2118,3,1,1,1.0000,2117.000,488.000,421.000,7.2888,13.0000,1.0000,1.0000,4.2083,0.8889,0.0000,0.1111,1.0000,0.0000,4.8556,1.2948,1.0000
3,3,2116,2117,2,2,1,0.7500,2116.317,1154.683,571.000,7.6625,15.0000,1.0976,0.4484,4.8555,0.5333,0.2667,0.2000,0.7071,0.0000,4.8556,1.2948,1.0000
3,3,2117,2118,2,2,1,0.7500,2117.341,1257.341,695.000,7.6626,14.0000,1.0244,0.7418,4.5320,0.5333,0.2667,0.2000,0.7071,0.0000,4.8556,1.7804,1.0000
4,3,2118,2119,2,2,1,1.0000,2118.551,1103.551,573.000,7.9310,14.0000,1.1429,0.6350,4.5320,0.0000,0.7500,0.2500,1.0000,0.0000,3.8846,-0.3237,0.8163
4,3,2119,2120,2,2,1,1.0000,2119.509,623.527,878.000,8.9022,15.0000,1.0909,0.6947,4.8557,0.0000,0.7500,0.2500,1.0000,0.0000,4.2084,1.2949,0.7818
4,3,2119,2121,3,1,2,0.6667,2120.055,951.000,255.509,8.9023,17.0000,1.2364,0.4939,5.5032,0.7576,0.1294,0.1129,0.8507,0.0000,4.6940,1.2949,0.8000
4,3,2119,2120,2,2,2,0.5000,2119.188,1078.729,793.729,7.7692,13.0000,1.0833,0.8001,4.2083,0.0000,0.5625,0.4375,0.4459,0.5774,4.5320,0.6474,0.8125
4,3,2120,2121,2,1,2,1.0000,2120.471,483.000,898.490,8.2549,14.0000,1.0980,0.6938,4.5321,0.0000,0.7500,0.2500,0.0000,0.0000,4.5321,1.2949,0.7843
8,3,2120,2122,3,2,2,0.6667,2120.758,683.547,513.432,10.8731,17.0000,1.4316,0.6706,5.5033,0.4685,0.1696,0.3619,0.8569,0.5155,4.0465,1.4567,0.4526
4,3,2120,2121,2,1,2,1.0000,2120.469,978.000,558.449,7.9312,14.0000,1.1429,0.6951,4.5321,0.0000,0.7500,0.2500,0.0000,0.0000,4.5321,0.3237,0.8163
6,3,2120,2122,3,1,2,1.0000,2120.971,987.000,566.478,9.1190,14.0000,1.2174,0.4791,4.5321,0.5556,0.3333,0.1111,1.0000,0.0000,4.5321,1.6186,0.5797
5,3,2123,2125,3,2,1,0.8333,2124.156,521.562,901.000,9.2658,15.0000,1.1719,0.5838,4.8560,0.5854,0.2927,0.1220,0.9487,0.0000,4.5323,1.2949,0.6719
5,3,2123,2125,3,1,2,0.8333,2123.714,1123.000,514.556,9.1210,15.0000,1.1905,0.9049,4.8559,0.5854,0.2927,0.1220,0.9487,0.0000,4.5323,1.9424,0.6667
6,3,2125,2126,2,2,2,0.7500,2125.397,545.329,587.671,9.6480,16.0000,1.3151,0.6115,5.1798,0.2000,0.3333,0.4667,0.0000,0.0000,4.5323,2.1043,0.6027
4,3,2125,2127,3,1,2,0.6667,2125.964,550.000,761.182,8.9028,17.0000,1.2364,0.1854,5.5035,0.5357,0.3214,0.1429,1.0000,0.0000,4.8561,1.2949,0.8182
6,3,2126,2128,3,2,2,0.5000,2126.803,412.155,1081.380,9.3838,15.0000,1.2676,0.4555,4.8561,0.5230,0.1584,0.3185,0.9225,0.0898,4.5324,1.7805,0.5915
5,3,2127,2129,3,1,2,0.8333,2128.257,925.000,808.643,10.1348,19.0000,1.3571,0.4401,6.1511,0.5854,0.2927,0.1220,0.9487,0.0000,4.8562,0.9712,0.6857
5,3,2128,2130,3,1,2,0.8333,2129.230,640.000,468.662,10.7140,20.0000,1.3514,0.4085,6.4749,0.5854,0.2927,0.1220,0.9487,0.0000,4.5324,1.2950,0.6757
6,3,2131,2133,3,3,2,0.3333,2132.184,891.711,501.737,10.0450,16.0000,1.2632,1.4059,5.1800,0.8073,0.0348,0.1578,0.6885,0.0637,4.5325,1.6188,0.6053
3,3,2131,2133,3,1,1,1.0000,2132.000,1024.000,1014.000,7.4767,14.0000,1.0500,0.0000,4.5325,0.8889,0.0000,0.1111,1.0000,0.0000,4.5326,0.9713,1.0000
4,3,2134,2135,2,1,2,1.0000,2134.480,880.000,706.560,8.0940,15.0000,1.2000,0.6812,4.8564,0.0000,0.7500,0.2500,0.0000,0.0000,4.2088,0.4856,0.8200
4,3,2135,2137,3,1,2,0.6667,2136.200,844.000,238.180,8.0941,14.0000,1.1200,0.2691,4.5327,0.7500,0.1500,0.1000,0.9487,0.0000,4.6945,0.9713,0.8200
3,3,2135,2136,2,1,2,0.7500,2135.690,848.000,574.310,7.8508,16.0000,1.1429,0.4377,5.1802,0.5333,0.2667,0.2000,0.7071,0.0000,4.5327,1.9426,1.0000
3,3,2135,2136,2,1,2,0.7500,2135.333,939.000,559.310,7.8508,15.0000,1.0714,0.4549,4.8564,0.5333,0.2667,0.2000,0.7071,0.0000,4.8564,1.4569,1.0000
4,3,2138,2139,2,2,1,1.0000,2138.520,507.540,900.000,8.0943,14.0000,1.1200,0.6943,4.5328,0.0000,0.7500,0.2500,1.0000,0.0000,4.5328,1.2951,0.8000
7,3,2139,2141,3,2,2,0.5833,2140.337,505.639,674.301,10.1573,15.0000,1.2651,0.5789,4.8567,0.4600,0.2645,0.2756,0.8571,0.1000,3.8853,1.6189,0.5060
4,3,2139,2141,3,2,1,0.6667,2140.200,709.820,591.000,8.0944,14.0000,1.1200,0.2691,4.5329,0.7500,0.1500,0.1000,0.9487,0.0000,4.8566,1.2951,0.8200
6,3,2141,2143,3,3,1,0.6667,2142.042,1128.264,609.000,9.5173,15.0000,1.2500,0.2672,4.8568,0.6944,0.2222,0.0833,0.8000,0.0000,4.6949,1.9427,0.5972
3,3,2143,2144,2,2,1,0.7500,2143.698,510.349,471.000,8.0385,15.0000,1.0465,0.4616,4.8569,0.5333,0.2667,0.2000,0.7071,0.0000,5.5045,2.1047,1.0000
3,3,2143,2144,2,2,1,0.7500,2143.619,1280.310,599.000,7.8516,16.0000,1.1429,0.6921,5.1806,0.5333,0.2667,0.2000,0.7071,0.0000,4.5331,1.6190,1.0000
4,3,2145,2146,2,2,1,1.0000,2145.536,1032.446,670.000,9.0665,16.0000,1.1429,0.6973,5.1808,0.0000,0.7500,0.2500,1.0000,0.0000,5.1809,1.6190,0.8214
6,3,2146,2148,3,2,2,0.5000,2147.403,1125.731,706.731,8.8572,14.0000,1.2537,0.5539,4.5334,0.6854,0.0214,0.2932,0.8786,0.4775,3.8857,1.4571,0.5970
6,3,2147,2149,3,1,3,0.6667,2147.597,674.000,537.722,9.5182,13.0000,1.0833,0.6587,4.2096,0.6061,0.3030,0.0909,0.7071,0.0000,4.3715,1.2953,0.5417
4,4,2149,2150,2,1,2,1.0000,2149.500,919.000,124.500,8.4195,13.0000,1.0000,0.7071,4.2098,0.0000,0.7500,0.2500,0.0000,0.0000,4.5336,0.6477,1.0000
10,4,2149,2152,4,3,2,0.4167,2150.103,985.162,553.838,11.9814,15.0000,1.2821,1.1782,4.8575,0.6418,0.2098,0.1484,0.7425,0.0297,4.0480,1.1334,0.4786
4,3,2149,2150,2,2,1,1.0000,2149.577,1193.558,742.000,8.4195,16.0000,1.2308,0.6121,5.1813,0.0000,0.7500,0.2500,1.0000,0.0000,4.6955,0.8096,0.8269
5,3,2151,2153,3,1,2,0.8333,2152.250,365.000,247.562,9.2691,15.0000,1.1719,0.6156,4.8577,0.5854,0.2927,0.1220,0.9487,0.0000,4.8578,1.2954,0.6719
5,3,2152,2153,2,2,2,0.6250,2152.567,937.150,912.400,8.6899,14.0000,1.1667,0.6085,4.5340,0.3432,0.2505,0.4063,0.6059,0.3645,4.5339,1.6193,0.6667
4,3,2154,2155,2,2,2,0.5000,2154.500,1148.241,434.222,8.7444,15.0000,1.1111,0.5978,4.8581,0.5916,0.1015,0.3069,0.7071,0.7071,4.6960,1.4574,0.7778
5,3,2155,2156,2,3,1,0.8333,2155.619,1065.857,392.000,9.1251,14.0000,1.1111,1.2047,4.5343,0.5854,0.2927,0.1220,0.3162,0.0000,4.8581,1.6194,0.6349
8,3,2155,2157,3,3,1,0.8889,2156.141,1192.838,820.000,11.3365,16.0000,1.2929,0.2148,5.1821,0.3375,0.5625,0.1000,0.7071,0.0000,4.0485,0.9716,0.4545
5,3,2156,2157,2,3,1,0.8333,2156.477,880.754,797.000,9.4150,17.0000,1.3077,0.5781,5.5062,0.5854,0.2927,0.1220,0.3162,0.0000,4.8582,1.6194,0.6923
8,4,2158,2161,4,2,3,0.3333,2159.444,503.253,800.434,11.3377,16.0000,1.2929,0.7624,5.1826,0.6831,0.1672,0.1497,0.7916,0.2885,4.2111,1.2956,0.5758
7,3,2158,2160,3,3,2,0.3889,2158.753,825.111,526.667,9.9165,17.0000,1.4691,0.4294,5.5065,0.5280,0.1626,0.3094,0.7577,0.5091,3.5631,1.6197,0.5556
3,3,2158,2159,2,2,1,0.7500,2158.333,1006.667,623.000,7.2933,13.0000,1.0000,0.7454,4.2109,0.5333,0.2667,0.2000,0.7071,0.0000,4.5346,1.2956,1.0000
20,3,2162,2165,4,3,4,0.4167,2163.387,325.058,494.849,16.2990,20.0000,1.7778,0.4191,6.4791,0.2998,0.2888,0.4114,0.0191,0.4643,3.5636,1.2958,0.2311
5,3,2162,2163,2,2,2,0.6250,2162.292,1105.769,406.585,9.4168,17.0000,1.3077,0.6932,5.5071,0.3432,0.2505,0.4063,0.6059,0.3645,4.2113,0.9719,0.7077
3,3,2163,2164,2,1,2,0.7500,2163.326,786.000,435.698,8.0427,16.0000,1.1163,0.4443,5.1833,0.5333,0.2667,0.2000,0.7071,0.0000,4.2116,0.1620,1.0000
5,3,2163,2165,3,2,2,0.4167,2163.952,882.556,720.651,9.1276,14.0000,1.1111,1.1566,4.5356,0.7383,0.0485,0.2132,0.7071,0.0000,4.5356,1.6198,0.6508
6,3,2164,2165,2,4,2,0.3750,2164.537,1065.343,588.269,8.8616,14.0000,1.2537,0.8471,4.5357,0.8091,0.0682,0.1227,0.3835,0.7474,3.8877,1.2959,0.5970
4,3,2164,2166,3,1,2,0.6667,2165.055,1104.000,423.527,8.9095,15.0000,1.0909,1.0571,4.8599,0.7576,0.1294,0.1129,0.8507,0.0000,4.8597,0.9719,0.7818
6,4,2165,2166,2,2,2,0.7500,2165.473,860.324,528.635,9.7877,14.0000,1.1351,0.8868,4.5359,0.2000,0.3333,0.4667,0.0000,0.0000,4.8597,1.7819,0.7162
4,3,2165,2166,2,2,2,0.5000,2165.745,950.725,789.196,8.2617,14.0000,1.0980,0.7936,4.5359,0.0000,0.5625,0.4375,0.4459,0.5774,4.3738,1.2960,0.8039
4,3,2165,2166,2,2,2,0.5000,2165.265,1023.469,873.204,7.9376,13.0000,1.0612,0.5765,4.2119,0.5916,0.1015,0.3069,0.5000,0.5000,4.5357,1.1339,0.7959
9,3,2165,2168,4,2,2,0.5625,2166.274,1036.585,575.613,11.4479,16.0000,1.3585,0.9217,5.1841,0.7038,0.1221,0.1741,0.9089,0.4112,3.8879,1.6199,0.4151
3,3,2169,2170,2,1,2,0.7500,2169.325,563.000,384.325,7.4833,14.0000,1.0500,0.4596,4.5364,0.5333,0.2667,0.2000,0.7071,0.0000,4.8606,1.2961,1.0000
4,3,2170,2171,2,1,2,1.0000,2170.500,618.000,390.537,8.7494,15.0000,1.1111,0.6814,4.8607,0.0000,0.7500,0.2500,0.0000,0.0000,5.0228,1.2962,0.7778
5,3,2171,2173,3,2,1,0.8333,2172.242,588.597,691.000,8.9857,14.0000,1.1290,0.4702,4.5370,0.5854,0.2927,0.1220,0.9487,0.0000,4.8610,1.9444,0.6452
4,3,2171,2173,3,1,2,0.6667,2172.389,956.000,536.704,8.7501,16.0000,1.1852,0.9320,5.1853,0.7500,0.1500,0.1000,0.9487,0.0000,5.0232,1.7824,0.8333
7,3,2173,2174,2,3,2,0.5833,2173.538,764.731,564.231,9.5546,14.0000,1.2564,0.9366,4.5372,0.5806,0.0526,0.3668,0.4377,0.8437,3.2410,1.2964,0.5128
7,3,2175,2177,3,2,3,0.3889,2175.865,948.371,501.944,10.9031,17.0000,1.3371,0.3985,5.5101,0.6506,0.2085,0.1409,0.5052,0.2991,4.2136,0.6483,0.5056
3,3,2178,2179,2,2,1,0.7500,2178.667,709.667,357.000,7.8605,14.0000,1.0000,0.7454,4.5383,0.5333,0.2667,0.2000,0.7071,0.0000,4.8625,1.2967,1.0000
7,3,2178,2179,2,3,2,0.5833,2178.568,766.185,515.778,9.9242,15.0000,1.2963,0.5200,4.8625,0.3883,0.1309,0.4808,0.3626,0.5691,4.2142,1.2967,0.5062
4,3,2178,2179,2,2,1,1.0000,2178.529,880.451,529.000,8.2661,15.0000,1.1765,0.6955,4.8623,0.0000,0.7500,0.2500,1.0000,0.0000,4.7004,1.2966,0.8235
6,3,2179,2181,3,2,3,0.3333,2180.257,1004.129,476.957,9.2643,14.0000,1.2000,0.2907,4.5387,0.5384,0.1347,0.3269,0.8322,0.1385,4.2144,1.6208,0.5857
4,3,2180,2180,1,2,3,0.6667,2180.000,979.540,718.900,8.1045,14.0000,1.1200,0.5492,4.5385,0.7576,0.1294,0.1129,0.0000,1.0000,4.7006,1.6209,0.8200
6,3,2183,2185,3,2,2,0.5000,2184.056,971.408,1078.718,9.3981,15.0000,1.2676,1.2430,4.8633,0.6381,0.1455,0.2164,0.8019,0.3768,4.0530,1.6211,0.5915
8,3,2184,2186,3,2,3,0.4444,2184.612,623.378,544.082,11.2344,16.0000,1.3061,0.7239,5.1877,0.2980,0.4245,0.2776,0.7259,0.1740,4.3773,1.6212,0.4592
3,3,2185,2185,1,1,3,1.0000,2185.000,902.000,202.978,8.4242,16.0000,1.0667,0.9778,5.1879,0.8889,0.0000,0.1111,0.0000,1.0000,5.5122,1.6212,1.0000
5,3,2186,2188,3,3,1,0.5556,2186.710,793.952,829.000,8.9911,15.0000,1.2097,0.7113,4.8639,0.5532,0.3398,0.1070,0.8281,0.0000,4.5396,0.8107,0.6774
5,3,2186,2187,2,2,2,0.6250,2186.667,971.576,637.364,9.5711,17.0000,1.2879,0.7582,5.5126,0.2938,0.4054,0.3007,0.0000,0.3029,4.5398,1.2971,0.6667
7,4,2187,2189,3,2,2,0.5833,2188.146,676.537,859.732,10.0506,15.0000,1.2805,1.2938,4.8641,0.4600,0.2645,0.2756,0.8571,0.1000,4.5400,1.6215,0.6707
4,3,2187,2188,2,2,1,1.0000,2187.520,1298.480,661.000,8.1070,13.0000,1.0400,0.7077,4.2157,0.0000,0.7500,0.2500,1.0000,0.0000,3.8914,0.6485,0.7800
5,3,2188,2190,3,2,1,0.8333,2189.145,911.613,620.000,8.9919,14.0000,1.1290,0.6299,4.5402,0.5854,0.2927,0.1220,0.9487,0.0000,4.5400,1.2972,0.6452
4,3,2188,2191,4,1,1,1.0000,2189.431,1039.000,465.000,8.2697,15.0000,1.1765,0.5686,4.8646,0.9375,0.0000,0.0625,1.0000,0.0000,3.8915,0.3243,0.8039
5,3,2189,2191,3,2,2,0.4167,2189.820,653.852,555.410,8.8471,14.0000,1.1475,0.4714,4.5403,0.7729,0.0435,0.1836,0.8328,0.5477,4.5402,1.6215,0.6721
4,3,2190,2191,2,1,2,1.0000,2190.481,763.000,477.500,8.7565,15.0000,1.1111,0.6941,4.8646,0.0000,0.7500,0.2500,0.0000,0.0000,4.0540,0.4865,0.7778
4,3,2191,2192,2,1,2,1.0000,2191.508,857.000,419.576,9.5677,19.0000,1.2881,0.6490,6.1623,0.0000,0.7500,0.2500,0.0000,0.0000,5.0270,2.1082,0.8136
4,3,2191,2192,2,2,2,0.5000,2191.725,921.451,679.824,8.2704,14.0000,1.0980,0.8723,4.5407,0.5916,0.1015,0.3069,0.5000,0.5000,4.8649,0.8108,0.8235
4,3,2193,2194,2,2,2,0.5000,2193.725,892.745,970.176,8.2710,15.0000,1.1765,0.4141,4.8653,0.0000,0.5625,0.4375,0.4459,0.5774,4.7031,1.2974,0.8235
5,3,2195,2196,2,2,2,0.6250,2195.230,519.607,897.689,8.8488,14.0000,1.1475,0.7194,4.5413,0.3432,0.2505,0.4063,0.5155,0.8569,4.8655,1.2975,0.6885
6,3,2196,2198,3,1,3,0.6667,2197.194,705.000,222.611,9.5350,14.0000,1.1667,0.6413,4.5414,0.2083,0.6667,0.1250,0.4472,0.0000,4.3793,1.1354,0.5556
3,3,2197,2198,2,1,2,0.7500,2197.333,517.000,474.667,7.3042,13.0000,1.0000,0.7454,4.2172,0.5333,0.2667,0.2000,0.7071,0.0000,4.5414,0.9732,1.0000
4,3,2197,2199,3,2,1,0.6667,2197.917,761.542,394.000,7.7855,13.0000,1.0833,1.0249,4.2172,0.7576,0.1294,0.1129,0.8507,0.0000,4.5415,1.2976,0.8125
5,3,2198,2199,2,2,2,0.6250,2198.377,590.623,683.197,8.8497,13.0000,1.0656,0.7543,4.2173,0.3432,0.2505,0.4063,0.6059,0.3645,4.5416,0.3244,0.6393
5,3,2198,2199,2,2,2,0.6250,2198.641,707.797,433.594,9.2850,14.0000,1.0937,0.7232,4.5417,0.3432,0.2505,0.4063,0.6059,0.3645,4.5417,0.9732,0.6406
5,3,2202,2203,2,1,3,0.8333,2202.413,954.000,330.317,9.1408,15.0000,1.1905,0.9004,4.8666,0.5854,0.2927,0.1220,0.3162,0.0000,5.1909,1.2977,0.6825
3,3,2203,2204,2,1,2,0.7500,2203.634,518.000,713.683,7.6801,15.0000,1.0976,0.7090,4.8666,0.5333,0.2667,0.2000,0.7071,0.0000,4.5423,1.6222,1.0000
5,3,2204,2206,3,2,2,0.4167,2205.274,664.823,868.371,8.9963,15.0000,1.2097,0.8342,4.8670,0.7729,0.0435,0.1836,0.8328,0.5477,4.8668,2.2712,0.6774
4,3,2205,2206,2,2,2,0.5000,2205.816,692.286,1107.735,7.9493,14.0000,1.1429,0.7838,4.5425,0.0000,0.5625,0.4375,0.4459,0.5774,4.5425,1.6223,0.8163
4,3,2205,2208,4,1,1,1.0000,2206.309,986.000,643.000,8.9228,17.0000,1.2364,0.3091,5.5159,0.9375,0.0000,0.0625,1.0000,0.0000,5.0292,0.3245,0.8364
4,3,2205,2206,2,2,1,1.0000,2205.582,1148.455,610.000,8.9227,16.0000,1.1636,0.6176,5.1914,0.0000,0.7500,0.2500,1.0000,0.0000,5.1914,1.2979,0.8364
6,3,2206,2209,4,2,2,0.3750,2207.366,622.296,585.394,9.4051,14.0000,1.1831,1.5234,4.5426,0.8460,0.0320,0.1220,0.8735,0.4867,4.2182,1.2979,0.5775
4,3,2206,2208,3,1,2,0.6667,2207.308,905.000,609.750,8.4363,16.0000,1.2308,0.3965,5.1915,0.7500,0.1500,0.1000,0.9487,0.0000,4.5427,1.4601,0.8077
4,3,2208,2209,2,2,1,1.0000,2208.463,779.593,1093.000,8.7610,16.0000,1.1852,0.6167,5.1917,0.0000,0.7500,0.2500,1.0000,0.0000,5.0294,1.1357,0.8333
5,3,2209,2211,3,2,2,0.4167,2210.213,729.148,504.639,8.8521,17.0000,1.3934,0.4441,5.5163,0.7729,0.0435,0.1836,0.8328,0.5477,4.8673,1.9470,0.7049
5,3,2209,2210,2,3,2,0.4167,2209.393,1161.049,471.180,8.8520,14.0000,1.1475,0.6347,4.5428,0.5461,0.2256,0.2283,0.5716,0.7118,4.5428,1.2979,0.6557
4,3,2212,2213,2,1,2,1.0000,2212.569,438.000,981.451,8.2748,15.0000,1.1765,0.6241,4.8676,0.0000,0.7500,0.2500,0.0000,0.0000,4.7053,0.8113,0.8235
5,4,2213,2214,2,3,1,0.8333,2213.625,992.172,714.000,9.2880,14.0000,1.0937,0.6482,4.5431,0.5854,0.2927,0.1220,0.3162,0.0000,4.8676,1.2980,0.8438
7,3,2216,2219,4,2,2,0.4375,2217.576,911.459,630.788,10.4260,16.0000,1.3176,0.6593,5.1924,0.7764,0.0638,0.1598,0.8790,0.1860,4.2188,1.9471,0.5176
5,3,2216,2218,3,2,1,0.8333,2216.845,1094.672,667.000,8.4175,13.0000,1.1207,0.9061,4.2188,0.5854,0.2927,0.1220,0.9487,0.0000,4.5433,1.4604,0.6724
8,3,2216,2219,4,2,3,0.3333,2217.500,1203.293,754.913,10.5557,14.0000,1.2174,0.8699,4.5433,0.7047,0.0543,0.2410,0.8741,0.3338,4.0565,1.6226,0.4348
3,3,2217,2217,1,2,2,0.7500,2217.000,850.333,537.333,7.3071,13.0000,1.0000,0.4714,4.2188,0.5333,0.2667,0.2000,0.0000,1.0000,4.5433,1.9471,1.0000
6,3,2218,2219,2,2,3,0.5000,2218.250,588.724,592.763,10.0690,19.0000,1.5000,0.4415,6.1660,0.6075,0.1449,0.2475,0.4477,0.8843,4.2188,1.2981,0.6053
6,3,2218,2220,3,2,3,0.3333,2218.657,1071.866,923.060,8.8767,14.0000,1.2537,0.6730,4.5433,0.8257,0.0455,0.1288,0.6506,0.3940,3.8944,1.6226,0.5970
4,3,2220,2221,2,2,2,0.5000,2220.176,726.725,832.431,8.2756,15.0000,1.1765,0.5409,4.8680,0.5916,0.1015,0.3069,0.5000,0.5000,4.7057,1.6227,0.8235
5,3,2224,2225,2,2,2,0.6250,2224.429,442.651,765.175,9.1438,16.0000,1.2698,0.5797,5.1926,0.3432,0.2505,0.4063,0.6059,0.3645,3.8945,0.9736,0.6825
6,3,2224,2226,3,2,2,0.5000,2225.324,547.878,658.514,9.8046,16.0000,1.2973,0.5972,5.1927,0.6373,0.1269,0.2358,0.8795,0.0724,4.3813,1.2982,0.5811
4,3,2224,2225,2,2,1,1.0000,2224.551,1250.551,607.000,7.9513,14.0000,1.1429,0.6350,4.5436,0.0000,0.7500,0.2500,1.0000,0.0000,4.8681,0.3245,0.8163
3,3,2226,2227,2,2,1,0.7500,2226.333,693.667,952.000,7.3076,13.0000,1.0000,0.7454,4.2191,0.5333,0.2667,0.2000,0.7071,0.0000,4.5436,1.2982,1.0000
4,3,2228,2230,3,2,1,0.6667,2229.061,984.531,812.000,7.9514,13.0000,1.0612,0.5341,4.2191,0.7576,0.1294,0.1129,0.8507,0.0000,4.5437,0.6491,0.7959
5,3,2229,2231,3,1,2,0.8333,2230.220,701.000,853.559,8.5634,15.0000,1.2712,0.4927,4.8682,0.5854,0.2927,0.1220,0.9487,0.0000,4.5437,1.2982,0.6949
3,3,2229,2231,3,1,1,1.0000,2230.000,1150.000,614.000,7.3077,13.0000,1.0000,1.0000,4.2191,0.8889,0.0000,0.1111,1.0000,0.0000,4.5437,0.9736,1.0000
4,3,2230,2231,2,2,2,0.5000,2230.455,714.818,470.236,8.9251,17.0000,1.2364,0.5436,5.5173,0.5916,0.1015,0.3069,0.7071,0.7071,4.8682,1.1359,0.8182
3,3,2231,2233,3,1,1,1.0000,2231.975,1180.000,593.000,7.4951,14.0000,1.0500,0.9750,4.5437,0.8889,0.0000,0.1111,1.0000,0.0000,3.8946,0.8114,1.0000
6,4,2232,2234,3,2,2,0.5000,2232.747,1093.627,611.120,10.9972,17.0000,1.2289,0.9824,5.5173,0.5230,0.1584,0.3185,0.9225,0.0898,5.3551,0.9736,0.7470
5,3,2233,2234,2,2,2,0.6250,2233.413,916.397,637.825,9.1440,14.0000,1.1111,0.5986,4.5437,0.3432,0.2505,0.4063,0.6059,0.3645,4.8682,1.6227,0.6349
3,3,2233,2234,2,2,1,0.7500,2233.683,1029.366,596.000,7.6825,15.0000,1.0976,0.7090,4.8682,0.5333,0.2667,0.2000,0.7071,0.0000,4.5437,1.2982,1.0000
4,3,2233,2234,2,2,1,1.0000,2233.558,1108.462,416.000,8.4383,15.0000,1.1538,0.6393,4.8682,0.0000,0.7500,0.2500,1.0000,0.0000,4.7060,0.6491,0.8077
5,4,2235,2237,3,2,1,0.8333,2235.853,922.441,1043.000,9.8697,16.0000,1.1765,0.4650,5.1928,0.5854,0.2927,0.1220,0.9487,0.0000,5.1928,1.4605,0.8676
3,3,2235,2236,2,2,1,0.7500,2235.702,965.298,609.000,8.8068,19.0000,1.2128,0.4213,6.1664,0.5333,0.2667,0.2000,0.7071,0.0000,4.8682,1.6227,1.0000
4,4,2236,2237,2,2,1,1.0000,2236.483,879.483,910.000,9.7364,16.0000,1.0667,0.6835,5.1928,0.0000,0.7500,0.2500,1.0000,0.0000,4.8682,0.9736,1.0000
4,4,2237,2238,2,2,1,1.0000,2237.509,458.491,812.000,8.6005,14.0000,1.0566,0.6938,4.5437,0.0000,0.7500,0.2500,1.0000,0.0000,4.8682,1.6227,1.0000
3,3,2237,2238,2,1,2,0.7500,2237.333,652.000,626.690,7.8699,15.0000,1.0714,0.4549,4.8682,0.5333,0.2667,0.2000,0.7071,0.0000,4.2191,0.9736,1.0000
6,3,2239,2241,3,2,2,0.5000,2239.746,1058.269,906.657,8.8772,13.0000,1.1642,1.0297,4.2191,0.6381,0.1455,0.2164,0.8019,0.3768,4.3814,1.7850,0.5821
5,3,2239,2241,3,1,3,0.5556,2239.917,1089.000,535.783,8.7085,15.0000,1.2500,0.2321,4.8682,0.5532,0.3398,0.1070,0.5606,0.0000,4.5436,0.9736,0.7000
3,3,2240,2240,1,3,1,1.0000,2240.000,1072.000,1044.000,7.3077,13.0000,1.0000,1.0000,4.2191,0.8889,0.0000,0.1111,0.0000,1.0000,4.5436,1.2982,1.0000
4,3,2240,2241,2,2,1,1.0000,2240.509,1110.528,543.000,8.6005,15.0000,1.1321,0.6806,4.8682,0.0000,0.7500,0.2500,1.0000,0.0000,3.8946,0.0000,0.7736
4,3,2241,2242,2,1,2,1.0000,2241.527,954.000,578.545,8.9250,16.0000,1.1636,0.6558,5.1927,0.0000,0.7500,0.2500,0.0000,0.0000,4.7059,1.2982,0.7818
5,3,2241,2243,3,2,1,0.8333,2241.746,1014.448,754.000,9.7244,17.0000,1.2687,0.9284,5.5173,0.5854,0.2927,0.1220,0.9487,0.0000,4.5436,1.2982,0.7015
6,3,2244,2246,3,3,2,0.3333,2245.056,566.986,662.479,9.4070,14.0000,1.1831,0.4824,4.5436,0.3218,0.4574,0.2208,0.5418,0.4544,4.2190,0.8114,0.5775
4,3,2246,2247,2,2,2,0.5000,2246.462,723.731,402.808,8.4380,14.0000,1.0769,0.8855,4.5435,0.5916,0.1015,0.3069,0.7071,0.7071,4.8681,0.3245,0.8077
5,3,2247,2249,3,1,2,0.8333,2248.125,671.000,381.359,9.2887,16.0000,1.2500,0.3805,5.1926,0.5854,0.2927,0.1220,0.9487,0.0000,4.5435,1.2981,0.6719
4,3,2248,2250,3,1,2,0.6667,2248.755,598.000,699.226,8.6002,14.0000,1.0566,0.7879,4.5435,0.7500,0.1500,0.1000,0.9487,0.0000,5.0303,1.7849,0.7736
4,3,2251,2252,2,1,2,1.0000,2251.444,999.000,846.481,8.7623,16.0000,1.1852,0.6829,5.1925,0.0000,0.7500,0.2500,0.0000,0.0000,4.2189,0.4868,0.8148
3,3,2252,2253,2,2,1,0.7500,2252.348,721.370,442.000,8.6188,17.0000,1.1087,0.7200,5.5170,0.5333,0.2667,0.2000,0.7071,0.0000,5.5169,1.2981,1.0000
5,3,2253,2254,2,2,2,0.6250,2253.585,1174.569,536.846,9.4336,15.0000,1.1538,0.8303,4.8679,0.3432,0.2505,0.4063,0.6059,0.3645,3.8943,0.9736,0.6615
3,3,2254,2256,3,1,1,1.0000,2254.977,413.000,638.000,8.0566,16.0000,1.1163,0.0233,5.1924,0.8889,0.0000,0.1111,1.0000,0.0000,4.8679,0.4868,1.0000
5,3,2254,2255,2,3,2,0.4167,2254.761,849.015,492.806,9.7238,17.0000,1.2687,0.3081,5.5169,0.4138,0.1655,0.4207,0.0000,0.7071,4.8678,1.6226,0.6866
4,3,2255,2257,3,2,1,0.6667,2256.093,577.407,526.000,8.7620,18.0000,1.3333,0.4178,5.8414,0.7576,0.1294,0.1129,0.8507,0.0000,4.7055,1.9471,0.8333
5,3,2256,2257,2,2,2,0.6250,2256.600,506.833,696.567,8.7077,13.0000,1.0833,0.8420,4.2188,0.3432,0.2505,0.4063,0.6059,0.3645,4.8678,1.9471,0.6500
3,3,2260,2260,1,3,1,1.0000,2260.000,943.975,816.000,7.4943,14.0000,1.0500,0.9750,4.5432,0.8889,0.0000,0.1111,0.0000,1.0000,4.8677,1.4603,1.0000
5,3,2260,2262,3,2,1,0.8333,2261.065,989.629,663.000,8.9977,15.0000,1.2097,1.1273,4.8677,0.5854,0.2927,0.1220,0.9487,0.0000,4.5431,1.2980,0.6935
3,3,2262,2264,3,1,1,1.0000,2263.000,840.000,578.000,7.6815,15.0000,1.0976,0.0000,4.8676,0.8889,0.0000,0.1111,1.0000,0.0000,4.8676,1.9470,1.0000
5,3,2264,2265,2,2,2,0.6250,2264.410,786.689,883.787,8.8524,16.0000,1.3115,0.7005,5.1920,0.3432,0.2505,0.4063,0.6059,0.3645,4.8675,1.6225,0.6885
7,4,2264,2267,4,2,2,0.4375,2265.798,1081.564,537.734,11.5290,16.0000,1.1915,1.0125,5.1920,0.7941,0.0831,0.1229,0.8986,0.2604,4.5430,1.6225,0.6489
6,3,2266,2268,3,2,3,0.3333,2267.097,1072.875,920.014,9.5382,16.0000,1.3333,0.1590,5.1919,0.3122,0.4039,0.2838,0.9403,0.3404,4.0562,1.4602,0.6111
8,4,2267,2270,4,2,2,0.5000,2268.505,924.368,589.347,10.8989,14.0000,1.1789,0.7079,4.5429,0.6550,0.0606,0.2844,0.9455,0.3160,4.2184,0.9735,0.5684
5,3,2270,2271,2,3,1,0.8333,2270.562,810.766,462.000,9.2874,15.0000,1.1719,0.4963,4.8673,0.5854,0.2927,0.1220,0.3162,0.0000,4.8674,1.2980,0.6719
5,4,2274,2276,3,2,2,0.4167,2274.716,656.791,829.194,9.7226,17.0000,1.2687,0.4022,5.5162,0.6489,0.0995,0.2515,0.9362,0.2726,4.8673,1.6224,0.8657
3,3,2274,2276,3,1,1,1.0000,2275.000,1063.000,397.000,7.3063,13.0000,1.0000,1.0000,4.2183,0.8889,0.0000,0.1111,1.0000,0.0000,4.5428,0.8112,1.0000
4,3,2277,2278,2,2,2,0.5000,2277.449,802.816,533.286,7.9498,14.0000,1.1429,0.8634,4.5427,0.5916,0.1015,0.3069,0.7071,0.7071,3.8938,0.9734,0.8163
6,3,2278,2280,3,2,2,0.5000,2278.857,914.500,701.271,9.2728,13.0000,1.1143,1.0288,4.2183,0.5795,0.2234,0.1971,0.8314,0.5543,4.3805,1.2979,0.5571
3,3,2278,2279,2,2,1,0.7500,2278.341,1043.636,419.000,8.2429,16.0000,1.0909,0.7219,5.1917,0.5333,0.2667,0.2000,0.7071,0.0000,5.1917,1.1357,1.0000
3,3,2280,2281,2,2,1,0.7500,2280.310,668.667,1092.000,7.8683,15.0000,1.0714,0.4549,4.8672,0.5333,0.2667,0.2000,0.7071,0.0000,4.8672,0.9734,1.0000
4,3,2281,2283,3,2,1,0.6667,2282.000,364.184,655.000,7.9498,14.0000,1.1429,0.1837,4.5427,0.5357,0.3214,0.1429,1.0000,0.0000,4.5428,1.2979,0.8163
4,3,2281,2283,3,1,2,0.6667,2281.900,1016.000,328.560,8.1120,14.0000,1.1200,1.0018,4.5427,0.7576,0.1294,0.1129,0.8507,0.0000,4.7050,1.1357,0.8200
3,3,2284,2285,2,2,1,0.7500,2284.317,770.366,791.000,7.6810,15.0000,1.0976,0.7090,4.8673,0.5333,0.2667,0.2000,0.7071,0.0000,4.5428,0.9735,1.0000
7,3,2284,2286,3,2,2,0.5833,2285.355,942.289,945.237,9.3210,14.0000,1.2895,0.7454,4.5428,0.3772,0.3083,0.3146,0.9758,0.2185,3.5694,1.2979,0.5263
4,3,2285,2286,2,2,1,1.0000,2285.540,892.460,412.000,8.1122,14.0000,1.1200,0.7094,4.5428,0.0000,0.7500,0.2500,1.0000,0.0000,5.0295,1.2979,0.8200
6,3,2287,2288,2,2,2,0.7500,2287.493,712.493,461.534,9.6705,13.0000,1.0685,0.8386,4.2184,0.0000,0.6000,0.4000,0.7071,0.5774,4.3806,1.6225,0.5342
4,3,2287,2288,2,2,1,1.0000,2287.469,1183.551,473.000,7.9500,14.0000,1.1429,0.6951,4.5429,0.0000,0.7500,0.2500,1.0000,0.0000,3.8939,1.1357,0.8163
6,3,2288,2290,3,1,3,0.6667,2288.771,407.000,508.800,9.2732,15.0000,1.2857,0.3037,4.8674,0.4000,0.4800,0.1200,0.7071,0.0000,4.3807,1.1357,0.5857
5,3,2288,2289,2,2,2,0.6250,2288.410,685.836,959.525,8.8522,16.0000,1.3115,0.8065,5.1919,0.3432,0.2505,0.4063,0.6059,0.3645,4.5429,0.6490,0.6885
14,3,2290,2294,5,3,6,0.1556,2291.838,777.138,567.050,13.8764,14.0000,1.2250,0.2187,4.5432,0.8609,0.0365,0.1026,0.6786,0.7272,4.0563,1.6226,0.5062
5,3,2290,2292,3,1,2,0.8333,2291.188,847.000,800.328,9.2878,16.0000,1.2500,0.3779,5.1920,0.5854,0.2927,0.1220,0.9487,0.0000,3.8940,0.9735,0.6719
5,3,2291,2293,3,2,2,0.4167,2291.931,1020.845,775.621,8.4171,14.0000,1.2069,0.4156,4.5431,0.1521,0.5234,0.3245,1.0000,0.0000,4.5430,1.6225,0.6897
4,3,2294,2295,2,2,1,1.0000,2294.480,722.460,820.000,8.1129,14.0000,1.1200,0.6943,4.5433,0.0000,0.7500,0.2500,1.0000,0.0000,4.5432,1.2981,0.8000
4,3,2297,2299,3,2,1,0.6667,2297.926,850.537,562.000,8.7625,16.0000,1.1852,0.5421,5.1926,0.7576,0.1294,0.1129,0.8507,0.0000,5.0303,1.4604,0.8333
4,3,2297,2299,3,2,1,0.6667,2298.115,864.558,773.000,8.4380,15.0000,1.1538,0.9890,4.8682,0.7576,0.1294,0.1129,0.8507,0.0000,4.8681,0.8114,0.8269
3,3,2299,2300,2,1,2,0.7500,2299.675,993.000,519.675,7.4952,14.0000,1.0500,0.4596,4.5437,0.5333,0.2667,0.2000,0.7071,0.0000,4.8683,2.2718,1.0000
3,3,2299,2300,2,1,2,0.7500,2299.333,1135.000,649.667,7.3077,13.0000,1.0000,0.7454,4.2192,0.5333,0.2667,0.2000,0.7071,0.0000,4.5437,2.1095,1.0000
6,3,2304,2306,3,2,3,0.3333,2304.986,953.500,812.029,9.2761,14.0000,1.2000,0.5010,4.5444,0.8010,0.0697,0.1292,0.7788,0.5444,3.5706,0.4869,0.5714
7,3,2304,2305,2,3,2,0.5833,2304.607,1213.876,475.348,10.9189,18.0000,1.4157,0.7711,5.8427,0.3883,0.1309,0.4808,0.3626,0.5691,4.5442,1.2983,0.6404
4,3,2305,2306,2,1,2,1.0000,2305.537,745.000,938.444,8.7643,16.0000,1.1852,0.6971,5.1935,0.0000,0.7500,0.2500,0.0000,0.0000,4.7068,1.2984,0.8333
6,4,2306,2308,3,2,2,0.5000,2306.781,653.507,1051.877,9.6742,15.0000,1.2329,1.3209,4.8694,0.6373,0.1269,0.2358,0.8795,0.0724,4.5445,0.3246,0.7534
3,3,2306,2307,2,1,2,0.7500,2306.698,840.000,767.674,8.0589,16.0000,1.1163,0.4443,5.1939,0.5333,0.2667,0.2000,0.7071,0.0000,4.8693,0.9739,1.0000
5,3,2306,2307,2,3,2,0.4167,2306.224,929.224,858.155,8.4198,14.0000,1.2069,0.3529,4.5445,0.6489,0.0995,0.2515,0.1100,0.3726,4.5445,1.2984,0.6897
9,4,2307,2309,3,2,3,0.5000,2307.627,829.475,866.822,12.7685,18.0000,1.3729,0.8373,5.8431,0.4706,0.1602,0.3693,0.6850,0.0493,4.5446,1.6232,0.5508
3,3,2309,2310,2,1,2,0.7500,2309.381,904.000,431.690,7.8722,16.0000,1.1429,0.6921,5.1944,0.5333,0.2667,0.2000,0.7071,0.0000,4.5449,1.2985,1.0000
4,3,2310,2311,2,2,1,1.0000,2310.537,588.481,835.000,8.7657,16.0000,1.1852,0.6951,5.1946,0.0000,0.7500,0.2500,1.0000,0.0000,4.8699,1.6233,0.8148
6,3,2310,2312,3,1,3,0.6667,2311.346,923.000,1107.654,10.3385,16.0000,1.2308,0.7398,5.1946,0.6061,0.3030,0.0909,0.7071,0.0000,4.3830,1.6233,0.5513
3,3,2314,2316,3,1,1,1.0000,2315.000,742.000,1109.000,8.2489,16.0000,1.0909,0.0000,5.1954,0.8889,0.0000,0.1111,1.0000,0.0000,4.8709,1.1365,1.0000
6,3,2315,2316,2,2,3,0.5000,2315.299,824.701,593.909,10.2076,20.0000,1.5584,0.4321,6.4943,0.3218,0.4574,0.2208,0.2478,0.6623,4.7083,1.2989,0.6234
4,3,2316,2317,2,1,2,1.0000,2316.540,664.000,1026.440,8.1184,14.0000,1.1200,0.6966,4.5464,0.0000,0.7500,0.2500,0.0000,0.0000,4.7087,1.2990,0.8200
5,3,2316,2318,3,2,2,0.4167,2317.062,810.859,954.422,9.2947,16.0000,1.2500,0.5983,5.1959,0.5461,0.2256,0.2283,0.8117,0.4177,4.5464,1.6236,0.6875
5,3,2318,2320,3,1,2,0.8333,2319.283,761.000,962.417,8.7146,13.0000,1.0833,0.5039,4.2222,0.5854,0.2927,0.1220,0.9487,0.0000,4.5468,0.9742,0.6500
3,3,2320,2321,2,2,1,0.7500,2320.347,532.735,482.000,9.1884,19.0000,1.1633,0.4368,6.1709,0.5333,0.2667,0.2000,0.7071,0.0000,6.0088,1.9487,1.0000
4,3,2320,2321,2,2,1,1.0000,2320.472,849.509,694.000,8.6070,15.0000,1.1321,0.6943,4.8718,0.0000,0.7500,0.2500,1.0000,0.0000,4.7095,1.2991,0.7925
3,3,2327,2328,2,2,1,0.7500,2327.683,1088.366,984.000,7.6909,15.0000,1.0976,0.7090,4.8737,0.5333,0.2667,0.2000,0.7071,0.0000,3.8989,1.7868,1.0000
4,3,2328,2329,2,2,2,0.5000,2328.820,945.280,1265.540,8.1231,14.0000,1.1200,0.6344,4.5490,0.5916,0.1015,0.3069,0.5000,0.5000,4.0616,1.6246,0.8200
4,3,2329,2331,3,1,2,0.6667,2330.148,1051.000,620.444,8.7735,17.0000,1.2593,0.9608,5.5243,0.7576,0.1294,0.1129,0.8507,0.0000,4.8741,1.2997,0.8333
38,13,2334,2337,4,5,6,0.3167,2335.460,341.824,1222.188,25.7836,22.0000,1.7096,1.2862,7.1505,0.5249,0.2794,0.1957,0.4261,0.8186,4.2255,1.4627,0.4990
3,3,2335,2337,3,1,1,1.0000,2336.000,843.000,898.000,7.6942,15.0000,1.0976,0.0000,4.8756,0.8889,0.0000,0.1111,1.0000,0.0000,4.8758,1.4626,1.0000
4,3,2336,2337,2,2,2,0.5000,2336.491,1094.218,806.764,8.9388,16.0000,1.1636,0.5869,5.2006,0.5916,0.1015,0.3069,0.7071,0.7071,4.0632,0.8127,0.7818
5,3,2337,2338,2,2,2,0.6250,2337.391,190.562,1075.828,9.3039,14.0000,1.0937,0.7061,4.5510,0.3432,0.2505,0.4063,0.6059,0.3645,4.0632,0.8127,0.6562
4,4,2339,2340,2,2,1,1.0000,2339.533,813.467,257.000,9.7529,17.0000,1.1333,0.6600,5.5268,0.0000,0.7500,0.2500,1.0000,0.0000,5.2016,1.3004,1.0000
3,3,2343,2344,2,2,1,0.7500,2343.674,979.349,633.000,8.0725,15.0000,1.0465,0.7280,4.8775,0.5333,0.2667,0.2000,0.7071,0.0000,4.8775,0.9755,1.0000
3,3,2344,2345,2,2,1,0.7500,2344.628,1204.302,747.000,8.0729,16.0000,1.1163,0.6969,5.2027,0.5333,0.2667,0.2000,0.7071,0.0000,4.8777,0.8130,1.0000
3,3,2345,2346,2,2,1,0.7500,2345.341,1139.317,980.000,7.6977,14.0000,1.0244,0.4660,4.5528,0.5333,0.2667,0.2000,0.7071,0.0000,4.8778,1.3008,1.0000
7,3,2347,2349,3,2,2,0.5833,2347.700,714.237,952.462,9.8339,16.0000,1.4000,0.6003,5.2037,0.5806,0.0526,0.3668,0.8835,0.4677,3.9026,0.9757,0.5375
4,3,2347,2348,2,2,2,0.5000,2347.273,1268.709,741.164,8.9435,16.0000,1.1636,0.7772,5.2034,0.0000,0.5625,0.4375,0.4459,0.5774,5.5288,1.6261,0.8364
4,3,2349,2350,2,1,2,1.0000,2349.564,878.000,1054.418,8.9445,18.0000,1.3091,0.6044,5.8547,0.0000,0.7500,0.2500,0.0000,0.0000,4.7162,1.6261,0.8182
7,3,2349,2351,3,3,2,0.3889,2350.494,938.684,765.722,9.7122,13.0000,1.1519,0.8951,4.2286,0.6470,0.1845,0.1685,0.6592,0.0573,4.5536,1.9518,0.4937
5,3,2350,2352,3,1,2,0.8333,2350.734,1099.000,592.609,9.3098,15.0000,1.1719,0.8318,4.8789,0.5854,0.2927,0.1220,0.9487,0.0000,4.5537,0.9758,0.6406
8,3,2351,2353,3,3,2,0.4444,2352.043,992.462,756.892,10.6957,17.0000,1.4624,1.1029,5.5301,0.0000,0.6964,0.3036,1.0000,0.0000,3.7409,1.9516,0.4731
6,3,2353,2355,3,2,2,0.5000,2354.099,1031.197,767.254,9.4295,15.0000,1.2676,0.3360,4.8797,0.7074,0.0897,0.2030,0.9140,0.2540,4.2291,1.9518,0.5915
3,3,2354,2356,3,1,1,1.0000,2355.000,626.000,613.000,7.3253,13.0000,1.0000,1.0000,4.2295,0.8889,0.0000,0.1111,1.0000,0.0000,4.5546,1.6266,1.0000
5,3,2354,2356,3,2,1,0.8333,2355.167,937.333,289.000,8.7296,14.0000,1.1667,0.8975,4.5548,0.5854,0.2927,0.1220,0.9487,0.0000,4.7171,1.1386,0.6667
5,3,2354,2356,3,1,2,0.8333,2354.908,999.000,306.369,9.4569,17.0000,1.3077,0.3806,5.5306,0.5854,0.2927,0.1220,0.9487,0.0000,4.8800,0.9760,0.6923
4,3,2356,2358,3,2,1,0.6667,2356.889,897.556,672.000,8.7846,17.0000,1.2593,0.9938,5.5308,0.7576,0.1294,0.1129,0.8507,0.0000,4.5550,1.3014,0.7963
7,3,2357,2359,3,2,2,0.5833,2358.048,1040.108,645.530,10.2072,16.0000,1.3494,0.4846,5.2059,0.4600,0.2645,0.2756,1.0000,0.0000,3.9043,0.8134,0.5301
5,3,2358,2360,3,2,2,0.4167,2359.060,937.164,577.582,9.7496,19.0000,1.4179,0.4530,6.1823,0.5461,0.2256,0.2283,0.8117,0.4177,4.5555,2.2777,0.7015
3,3,2359,2360,2,2,1,0.7500,2359.333,1231.310,591.000,7.8902,15.0000,1.0714,0.4549,4.8807,0.5333,0.2667,0.2000,0.7071,0.0000,4.2301,0.6508,1.0000
5,3,2366,2368,3,2,1,0.8333,2367.262,794.557,995.000,8.8791,14.0000,1.1475,0.5145,4.5568,0.5854,0.2927,0.1220,0.9487,0.0000,4.8821,1.6274,0.6721
5,3,2367,2369,3,2,1,0.8333,2368.279,950.382,398.000,9.8983,17.0000,1.2500,0.4736,5.5333,0.5854,0.2927,0.1220,0.9487,0.0000,5.2079,1.6274,0.6765
4,3,2368,2370,3,2,1,0.6667,2369.204,1090.796,380.000,8.7885,17.0000,1.2593,0.2881,5.5335,0.7500,0.1500,0.1000,0.9487,0.0000,4.5570,0.9765,0.7963
3,3,2369,2370,2,2,1,0.7500,2369.682,1052.386,639.000,8.2689,17.0000,1.1591,0.6912,5.5336,0.5333,0.2667,0.2000,0.7071,0.0000,5.2080,1.3020,1.0000
3,3,2369,2370,2,2,1,0.7500,2369.319,1288.319,642.000,8.8326,17.0000,1.0851,0.4513,5.5335,0.5333,0.2667,0.2000,0.7071,0.0000,5.2081,1.6276,1.0000
4,3,2370,2371,2,2,2,0.5000,2370.275,492.529,701.196,8.3005,14.0000,1.0980,0.6278,4.5572,0.5916,0.1015,0.3069,0.5000,0.5000,4.7199,1.6276,0.8039
5,3,2371,2372,2,2,2,0.6250,2371.676,758.132,857.647,9.8993,22.0000,1.6176,0.4967,7.1616,0.3432,0.2505,0.4063,0.6059,0.3645,4.5572,1.6276,0.7353
4,3,2371,2372,2,2,1,1.0000,2371.500,1125.462,875.000,8.4635,15.0000,1.1538,0.6805,4.8827,0.0000,0.7500,0.2500,1.0000,0.0000,4.5574,1.3021,0.7885
4,3,2372,2373,2,2,2,0.5000,2372.745,932.255,1080.824,8.3011,16.0000,1.2549,0.4014,5.2086,0.0000,0.5625,0.4375,0.4459,0.5774,4.5574,0.9766,0.8235
4,3,2377,2379,3,1,2,0.6667,2378.096,865.000,830.538,8.4649,15.0000,1.1538,0.5470,4.8836,0.7576,0.1294,0.1129,0.8507,0.0000,4.8836,1.7906,0.8269
5,3,2379,2381,3,2,1,0.8333,2379.766,1128.359,782.000,9.3188,16.0000,1.2500,0.4290,5.2094,0.5854,0.2927,0.1220,0.9487,0.0000,4.5582,1.3023,0.6875
3,3,2380,2381,2,1,2,0.7500,2380.325,964.000,787.325,7.5191,14.0000,1.0500,0.4596,4.5582,0.5333,0.2667,0.2000,0.7071,0.0000,4.2327,1.3023,1.0000
5,4,2381,2383,3,1,2,0.8333,2382.125,933.000,809.406,9.3191,15.0000,1.1719,1.1961,4.8839,0.5854,0.2927,0.1220,0.9487,0.0000,4.5584,1.4652,0.8438
5,4,2381,2382,2,3,1,0.8333,2381.406,1201.754,786.000,10.0471,15.0000,1.0870,0.8559,4.8839,0.5854,0.2927,0.1220,0.3162,0.0000,4.8839,1.3024,0.8261
4,3,2382,2383,2,2,1,1.0000,2382.423,831.519,791.000,8.4656,16.0000,1.2308,0.6698,5.2095,0.0000,0.7500,0.2500,1.0000,0.0000,4.7212,1.6280,0.8269
4,3,2385,2386,2,2,1,1.0000,2385.491,643.545,523.000,8.9543,15.0000,1.0909,0.6690,4.8842,0.0000,0.7500,0.2500,1.0000,0.0000,4.8842,1.3025,0.7818
4,3,2386,2387,2,3,1,0.6667,2386.725,939.118,588.000,8.3032,15.0000,1.1765,0.9241,4.8842,0.5357,0.3214,0.1429,0.0000,0.0000,5.0470,1.7909,0.8235
3,3,2386,2387,2,2,1,0.7500,2386.650,975.325,804.000,7.5198,14.0000,1.0500,0.7267,4.5586,0.5333,0.2667,0.2000,0.7071,0.0000,4.5586,1.4653,1.0000
5,3,2388,2389,2,2,2,0.6250,2388.812,788.375,893.422,9.3198,15.0000,1.1719,0.5948,4.8843,0.3432,0.2505,0.4063,0.5155,0.8569,4.8843,1.9537,0.6562
6,3,2390,2391,2,2,2,0.7500,2390.403,865.681,933.347,9.5713,15.0000,1.2500,0.8309,4.8843,0.2000,0.3333,0.4667,0.0000,0.0000,4.5587,1.6281,0.5972
5,3,2393,2395,3,2,2,0.4167,2394.067,407.150,721.483,8.7373,15.0000,1.2500,0.5421,4.8843,0.7729,0.0435,0.1836,0.8328,0.5477,4.5587,1.3025,0.7000
3,3,2393,2394,2,2,1,0.7500,2393.311,916.689,967.000,8.4599,17.0000,1.1333,0.4400,5.5356,0.5333,0.2667,0.2000,0.7071,0.0000,5.2100,1.9537,1.0000
4,3,2395,2396,2,2,2,0.5000,2395.473,722.782,881.745,8.9545,15.0000,1.0909,0.5795,4.8843,0.5916,0.1015,0.3069,0.7071,0.7071,5.2099,1.6281,0.7818
7,3,2396,2398,3,2,2,0.5833,2396.821,613.405,807.107,10.3380,19.0000,1.5833,0.4552,6.1867,0.5916,0.2044,0.2040,0.9664,0.1591,3.9074,0.9768,0.5476
4,3,2396,2398,3,1,2,0.6667,2396.981,637.000,202.827,8.4660,15.0000,1.1538,0.9959,4.8843,0.5357,0.3214,0.1429,1.0000,0.0000,4.8842,1.6281,0.8269
4,3,2398,2401,4,1,1,1.0000,2399.642,1168.000,718.000,8.6286,17.0000,1.2830,0.3585,5.5353,0.9375,0.0000,0.0625,1.0000,0.0000,4.7213,0.8140,0.8302
4,3,2399,2400,2,1,2,1.0000,2399.481,1014.000,993.481,8.4658,14.0000,1.0769,0.7076,4.5585,0.0000,0.7500,0.2500,0.0000,0.0000,4.3957,0.9768,0.7885
5,3,2400,2402,3,3,1,0.5556,2401.095,806.984,827.000,9.1736,16.0000,1.2698,1.0954,5.2097,0.5532,0.3398,0.1070,0.8281,0.0000,4.8839,1.3024,0.6984
3,3,2401,2403,3,1,1,1.0000,2402.048,527.000,460.000,7.8952,15.0000,1.0714,0.9524,4.8838,0.8889,0.0000,0.1111,1.0000,0.0000,4.5583,0.9768,1.0000
4,3,2402,2403,2,3,1,0.6667,2402.491,990.053,701.000,9.2794,17.0000,1.1930,0.5115,5.5350,0.7576,0.1294,0.1129,0.5257,0.0000,5.3723,1.6279,0.8070
4,3,2405,2406,2,2,1,1.0000,2405.509,715.545,886.000,8.9532,15.0000,1.0909,0.6825,4.8836,0.0000,0.7500,0.2500,1.0000,0.0000,4.8835,0.9767,0.7818
4,3,2405,2407,3,2,1,0.6667,2405.941,1066.451,555.000,8.3020,15.0000,1.1765,0.4548,4.8835,0.7576,0.1294,0.1129,0.8507,0.0000,4.5580,1.3023,0.8039
5,3,2406,2408,3,2,1,0.8333,2406.730,538.524,757.000,9.1725,15.0000,1.1905,0.8986,4.8835,0.5854,0.2927,0.1220,0.9487,0.0000,4.5578,1.3022,0.6825
4,3,2406,2409,4,1,1,1.0000,2407.600,945.000,700.000,8.1389,14.0000,1.1200,0.4000,4.5577,0.9375,0.0000,0.0625,1.0000,0.0000,4.5577,0.9767,0.8000
5,3,2407,2409,3,2,1,0.8333,2407.700,631.400,689.000,8.7355,14.0000,1.1667,0.8062,4.5578,0.5854,0.2927,0.1220,0.9487,0.0000,4.5577,1.6278,0.6667
6,3,2408,2409,2,2,3,0.5000,2408.587,934.880,808.800,9.9678,17.0000,1.3600,0.6313,5.5344,0.5230,0.1584,0.3185,0.3667,0.5079,4.3948,1.1394,0.6000
7,3,2409,2410,2,3,2,0.5833,2409.409,1120.795,724.239,10.8277,17.0000,1.3523,0.5159,5.5342,0.3883,0.1309,0.4808,0.3626,0.5691,4.2320,0.6511,0.5114
4,3,2410,2412,3,1,2,0.6667,2410.923,847.000,1029.481,8.4636,16.0000,1.2308,0.5249,5.2084,0.7576,0.1294,0.1129,0.8507,0.0000,4.7202,1.3020,0.8269
4,3,2411,2412,2,2,1,1.0000,2411.558,888.500,671.000,8.4635,16.0000,1.2308,0.6676,5.2082,0.0000,0.7500,0.2500,1.0000,0.0000,4.8828,1.9532,0.8077
3,3,2412,2414,3,1,1,1.0000,2413.024,832.000,742.000,7.7051,14.0000,1.0244,0.0244,4.5570,0.8889,0.0000,0.1111,1.0000,0.0000,4.8824,1.3020,1.0000
9,3,2413,2416,4,2,3,0.3750,2414.462,744.821,910.708,11.5005,18.0000,1.5283,0.8640,5.8589,0.7974,0.0326,0.1700,0.7914,0.2221,3.5805,0.9765,0.4434
4,3,2413,2415,3,2,1,0.6667,2413.925,1166.547,647.000,8.6256,15.0000,1.1321,0.4591,4.8824,0.7576,0.1294,0.1129,0.8507,0.0000,4.8825,0.3256,0.8113
4,3,2418,2419,2,2,1,1.0000,2418.520,938.460,419.000,8.1360,14.0000,1.1200,0.6943,4.5562,0.0000,0.7500,0.2500,1.0000,0.0000,4.5561,1.3017,0.8000
5,3,2421,2423,3,2,2,0.4167,2422.344,1092.828,781.656,9.3132,14.0000,1.0937,1.3976,4.5557,0.6999,0.1281,0.1720,0.8684,0.1395,4.8807,1.1389,0.6562
7,3,2422,2423,2,3,3,0.3889,2422.294,829.012,898.529,10.4538,15.0000,1.2353,0.8824,4.8807,0.7845,0.0411,0.1744,0.2514,0.4519,4.3928,1.6269,0.4941
6,3,2422,2424,3,2,2,0.5000,2423.088,1028.353,850.735,9.0329,14.0000,1.2353,0.7047,4.5553,0.3218,0.4574,0.2208,0.9366,0.3505,4.0672,1.3015,0.5882
6,3,2423,2425,3,2,2,0.5000,2423.800,481.857,634.457,9.2983,14.0000,1.2000,0.9324,4.5553,0.3810,0.3333,0.2857,0.9487,0.1690,4.5551,1.3015,0.6000
5,3,2424,2425,2,3,2,0.4167,2424.772,1155.000,473.772,8.2938,13.0000,1.1404,0.8049,4.2298,0.4138,0.1655,0.4207,0.0000,0.7071,4.5550,1.3014,0.6842
6,3,2425,2426,2,2,2,0.7500,2425.730,288.527,580.324,9.8288,15.0000,1.2162,0.6753,4.8801,0.2000,0.3333,0.4667,0.7071,0.7071,4.5549,1.3014,0.6081
4,3,2426,2427,2,2,1,1.0000,2426.500,1142.442,643.000,8.4587,16.0000,1.2308,0.6676,5.2053,0.0000,0.7500,0.2500,1.0000,0.0000,4.5548,0.0000,0.8077
4,3,2428,2429,2,2,2,0.5000,2428.265,954.735,543.796,7.9701,13.0000,1.0612,0.8073,4.2291,0.0000,0.5625,0.4375,0.4459,0.5774,4.5543,1.3013,0.7959
6,3,2432,2434,3,2,3,0.3333,2432.931,972.250,580.278,9.5604,16.0000,1.3333,0.3801,5.2040,0.4899,0.3164,0.1936,0.4082,0.3381,4.0657,1.1384,0.6250
3,3,2433,2435,3,1,1,1.0000,2434.000,618.000,565.000,7.5111,14.0000,1.0500,0.0000,4.5533,0.8889,0.0000,0.1111,1.0000,0.0000,4.5535,1.6262,1.0000
5,3,2434,2436,3,1,3,0.5556,2435.343,865.000,974.030,9.7447,18.0000,1.3433,0.3446,5.8541,0.3318,0.5530,0.1152,1.0000,0.0000,4.5533,1.6260,0.7015
5,3,2435,2436,2,1,4,0.6250,2435.557,861.000,838.721,8.8720,14.0000,1.1475,1.3949,4.5532,0.8532,0.0807,0.0661,0.3583,0.0000,4.5530,0.3253,0.6557
3,3,2436,2437,2,2,1,0.7500,2436.318,745.705,906.000,8.2615,17.0000,1.1591,0.4342,5.5286,0.5333,0.2667,0.2000,0.7071,0.0000,4.8780,0.9756,1.0000
6,4,2437,2439,3,2,2,0.5000,2437.795,1000.500,699.128,10.3552,17.0000,1.3077,1.3110,5.5281,0.6373,0.1269,0.2358,0.8795,0.0724,4.7154,1.6260,0.7564
4,3,2439,2441,3,1,2,0.6667,2440.078,882.000,938.490,8.2918,16.0000,1.2549,0.5158,5.2027,0.7576,0.1294,0.1129,0.8507,0.0000,4.8774,1.4633,0.8235
4,3,2440,2441,2,1,3,0.6667,2440.236,737.000,1154.945,8.9421,19.0000,1.3818,0.2426,6.1782,0.5357,0.3214,0.1429,0.0000,0.0000,4.8775,1.4632,0.8182
3,3,2440,2440,1,2,2,0.7500,2440.000,842.667,479.333,7.3217,13.0000,1.0000,0.7454,4.2272,0.5333,0.2667,0.2000,0.0000,1.0000,4.8775,2.2762,1.0000
4,4,2440,2441,2,3,1,0.6667,2440.250,1169.018,775.000,9.1047,15.0000,1.0714,1.0135,4.8775,0.5357,0.3214,0.1429,0.0000,0.0000,4.8775,0.6503,1.0000
4,3,2441,2443,3,2,1,0.6667,2441.755,914.830,866.000,8.6165,17.0000,1.2830,0.7736,5.5277,0.7500,0.1500,0.1000,0.9487,0.0000,4.7146,1.3006,0.8302
4,3,2442,2444,3,1,2,0.6667,2442.964,785.000,915.768,9.1039,17.0000,1.2143,0.2349,5.5274,0.5357,0.3214,0.1429,1.0000,0.0000,5.0397,1.3006,0.7857
6,3,2443,2445,3,3,1,0.6667,2444.186,1004.071,711.000,9.2913,15.0000,1.2857,0.1990,4.8769,0.4000,0.4800,0.1200,0.7071,0.0000,4.0642,1.4630,0.6000
5,3,2444,2445,2,1,3,0.8333,2444.610,539.000,936.102,8.5786,13.0000,1.1017,1.0859,4.2267,0.6340,0.2717,0.0943,0.0000,0.0000,4.5517,1.6256,0.6610
4,3,2444,2445,2,2,1,1.0000,2444.527,969.455,778.000,8.9409,15.0000,1.0909,0.6962,4.8769,0.0000,0.7500,0.2500,1.0000,0.0000,5.0394,0.6502,0.8000
4,3,2446,2448,3,2,1,0.6667,2447.061,952.469,684.000,7.9650,13.0000,1.0612,0.4734,4.2263,0.7576,0.1294,0.1129,0.8507,0.0000,4.8765,1.6255,0.7959
4,3,2447,2448,2,1,2,1.0000,2447.510,526.000,882.451,8.2900,15.0000,1.1765,0.6806,4.8765,0.0000,0.7500,0.2500,0.0000,0.0000,4.8764,1.6255,0.8039
9,3,2448,2450,3,2,2,0.7500,2449.054,663.589,828.438,12.1366,17.0000,1.3661,0.6025,5.5265,0.3478,0.2899,0.3623,0.9847,0.1741,4.2262,1.4629,0.4196
3,3,2449,2450,2,2,1,0.7500,2449.310,1088.643,944.000,7.8829,15.0000,1.0714,0.7135,4.8763,0.5333,0.2667,0.2000,0.7071,0.0000,4.8763,1.9505,1.0000
8,3,2452,2454,3,3,2,0.4444,2452.763,1142.968,674.129,10.6883,17.0000,1.4624,0.2714,5.5261,0.4494,0.3709,0.1797,0.3022,0.1561,3.9008,0.6501,0.4624
5,3,2453,2455,3,2,1,0.8333,2454.148,411.705,603.000,8.8676,17.0000,1.3934,0.3299,5.5260,0.5854,0.2927,0.1220,0.9487,0.0000,4.5508,1.3002,0.7049
8,3,2454,2456,3,2,2,0.6667,2455.044,594.670,898.648,10.4581,14.0000,1.2308,1.1499,4.5508,0.6025,0.1071,0.2905,0.9114,0.4048,3.9006,0.4876,0.4505
3,3,2455,2456,2,2,1,0.7500,2455.325,979.325,915.000,7.5068,14.0000,1.0500,0.4596,4.5508,0.5333,0.2667,0.2000,0.7071,0.0000,4.5508,0.9752,1.0000
4,3,2455,2456,2,2,1,1.0000,2455.480,1096.540,1057.000,8.1263,14.0000,1.1200,0.6943,4.5507,0.0000,0.7500,0.2500,1.0000,0.0000,4.5508,1.3002,0.8000
9,3,2456,2459,4,3,2,0.3750,2457.538,930.009,810.425,11.4849,14.0000,1.1887,0.6852,4.5506,0.6037,0.1792,0.2171,0.8102,0.3887,4.5506,1.6252,0.3962
3,3,2457,2459,3,1,1,1.0000,2458.000,1158.000,866.000,7.8819,14.0000,1.0000,1.0000,4.5506,0.8889,0.0000,0.1111,1.0000,0.0000,4.8756,1.3002,1.0000
4,3,2457,2458,2,2,1,1.0000,2457.469,1184.449,793.000,7.9636,14.0000,1.1429,0.6951,4.5506,0.0000,0.7500,0.2500,1.0000,0.0000,4.5506,0.9751,0.8163
9,4,2458,2461,4,2,2,0.5625,2459.217,630.296,527.374,12.4598,18.0000,1.4087,0.5239,5.8507,0.6869,0.0545,0.2586,0.9625,0.2711,4.2256,0.9751,0.5478
5,3,2459,2460,2,3,2,0.4167,2459.233,656.917,519.683,8.7217,14.0000,1.1667,0.9975,4.5506,0.5461,0.2256,0.2283,0.1201,0.5647,4.5506,1.6252,0.6833
5,3,2459,2460,2,2,2,0.6250,2459.574,723.197,832.361,8.8671,14.0000,1.1475,0.5920,4.5505,0.3432,0.2505,0.4063,0.6059,0.3645,3.9005,0.6501,0.6557
3,3,2461,2462,2,2,1,0.7500,2461.333,488.667,524.000,7.3187,13.0000,1.0000,0.7454,4.2255,0.5333,0.2667,0.2000,0.7071,0.0000,4.5505,0.6501,1.0000
4,3,2461,2463,3,1,2,0.6667,2461.981,871.000,1112.528,8.6134,15.0000,1.1321,0.4721,4.8755,0.7576,0.1294,0.1129,0.8507,0.0000,4.8755,1.6252,0.7736
5,4,2461,2463,3,2,2,0.4167,2461.934,995.213,960.639,8.8669,13.0000,1.0656,1.0240,4.2255,0.5461,0.2256,0.2283,0.8117,0.4177,4.8755,2.2752,0.8525
5,3,2462,2463,2,2,2,0.6250,2462.567,642.150,308.567,8.7215,13.0000,1.0833,0.8153,4.2254,0.3432,0.2505,0.4063,0.6059,0.3645,4.5505,1.3001,0.6500
3,3,2463,2463,1,2,2,0.7500,2463.000,1039.366,631.317,7.6940,15.0000,1.0976,0.7090,4.8755,0.5333,0.2667,0.2000,0.0000,1.0000,4.5505,1.6252,1.0000
4,3,2464,2465,2,2,1,1.0000,2464.542,730.458,767.000,7.8007,13.0000,1.0833,0.7096,4.2254,0.0000,0.7500,0.2500,1.0000,0.0000,4.5504,1.3001,0.8125
4,3,2465,2467,3,1,2,0.6667,2465.647,1040.000,704.255,8.2883,15.0000,1.1765,0.4354,4.8755,0.7500,0.1500,0.1000,0.9487,0.0000,5.0380,1.3001,0.8235
3,3,2467,2469,3,1,1,1.0000,2468.000,847.000,297.000,7.8816,16.0000,1.1429,0.0000,5.2005,0.8889,0.0000,0.1111,1.0000,0.0000,4.5504,1.3001,1.0000
3,3,2467,2468,2,2,1,0.7500,2467.333,1027.333,885.000,7.3186,13.0000,1.0000,0.4714,4.2254,0.5333,0.2667,0.2000,0.7071,0.0000,4.5504,1.3001,1.0000
11,4,2468,2470,3,2,2,0.9167,2468.937,685.548,810.452,12.3481,16.0000,1.3968,0.7131,5.2005,0.5077,0.0849,0.4074,0.9861,0.1659,4.2254,1.1376,0.4444
4,3,2468,2469,2,2,2,0.5000,2468.442,963.250,840.173,8.4508,16.0000,1.2308,0.5367,5.2005,0.5916,0.1015,0.3069,0.7071,0.7071,5.0380,1.1376,0.8269
5,3,2470,2472,3,1,3,0.5556,2470.950,580.000,988.567,8.7215,14.0000,1.1667,0.4362,4.5504,0.3318,0.5530,0.1152,0.0000,0.0000,4.5504,1.3001,0.6667
3,3,2470,2471,2,1,2,0.7500,2470.675,839.000,1134.325,7.5063,14.0000,1.0500,0.4596,4.5504,0.5333,0.2667,0.2000,0.7071,0.0000,3.9004,0.1625,1.0000
4,3,2472,2473,2,3,1,0.6667,2472.520,1190.940,853.000,8.1258,14.0000,1.1200,0.5235,4.5505,0.7576,0.1294,0.1129,0.5257,0.0000,4.5505,1.3001,0.8000
4,3,2473,2474,2,2,2,0.5000,2473.250,1023.519,648.173,8.4509,16.0000,1.2308,0.6017,5.2006,0.5916,0.1015,0.3069,0.5000,0.5000,4.7130,2.1127,0.8269
6,3,2475,2476,2,2,3,0.5000,2475.609,489.739,839.768,9.1560,14.0000,1.2174,1.0142,4.5505,0.6381,0.1455,0.2164,0.3327,0.3629,4.2255,1.1376,0.5797
4,3,2476,2478,3,1,2,0.6667,2476.849,577.000,428.811,8.6136,15.0000,1.1321,0.2416,4.8756,0.7500,0.1500,0.1000,0.9487,0.0000,4.8756,1.6252,0.8113
7,4,2476,2477,2,2,2,0.8750,2476.587,708.348,801.543,11.3025,18.0000,1.3696,0.7661,5.8507,0.0000,0.3318,0.6682,0.5977,0.5774,4.8756,1.3002,0.6522
4,3,2478,2479,2,3,1,0.6667,2478.500,1080.019,948.000,8.4511,14.0000,1.0769,0.5004,4.5506,0.7576,0.1294,0.1129,0.5257,0.0000,4.8756,1.3002,0.7692
4,3,2482,2484,3,2,1,0.6667,2482.900,850.440,458.000,8.1263,14.0000,1.1200,1.0018,4.5507,0.7576,0.1294,0.1129,0.8507,0.0000,5.0383,1.7878,0.8200
5,3,2483,2484,2,2,2,0.6250,2483.373,685.373,982.153,8.5767,15.0000,1.2712,0.5490,4.8758,0.3432,0.2505,0.4063,0.6059,0.3645,4.8758,1.6253,0.6949
3,3,2484,2484,1,1,3,1.0000,2484.000,998.000,1249.025,7.5068,14.0000,1.0500,0.9750,4.5508,0.8889,0.0000,0.1111,0.0000,1.0000,4.5508,0.8126,1.0000
7,3,2485,2486,2,2,3,0.5833,2485.580,806.364,772.875,10.8117,16.0000,1.2727,0.8697,5.2009,0.3883,0.1309,0.4808,0.3626,0.5691,3.9007,1.9503,0.5341
4,3,2485,2486,2,1,2,1.0000,2485.520,930.000,1050.540,8.1264,14.0000,1.1200,0.6943,4.5508,0.0000,0.7500,0.2500,0.0000,0.0000,4.8758,1.3002,0.8000
3,3,2486,2486,1,2,2,0.7500,2486.000,1115.310,854.619,7.8822,16.0000,1.1429,0.6921,5.2009,0.5333,0.2667,0.2000,0.0000,1.0000,4.5508,0.9752,1.0000
4,3,2487,2488,2,1,2,1.0000,2487.519,338.000,902.500,8.4515,14.0000,1.0769,0.6936,4.5508,0.0000,0.7500,0.2500,0.0000,0.0000,4.5508,1.6253,0.7692
6,4,2489,2491,3,2,2,0.5000,2489.747,827.120,800.480,9.9530,17.0000,1.3600,0.5559,5.5261,0.6373,0.1269,0.2358,0.8795,0.0724,4.5509,0.4876,0.7467
4,4,2489,2490,2,2,1,1.0000,2489.491,1058.544,772.000,9.2643,16.0000,1.1228,0.6703,5.2010,0.0000,0.7500,0.2500,1.0000,0.0000,5.2010,1.3002,1.0000
3,3,2491,2492,2,2,1,0.7500,2491.341,1248.659,596.000,7.6947,14.0000,1.0244,0.7418,4.5509,0.5333,0.2667,0.2000,0.7071,0.0000,4.8760,1.6253,1.0000
7,4,2493,2495,3,1,3,0.7778,2493.639,552.000,980.205,10.1976,15.0000,1.2651,0.6706,4.8760,0.4747,0.4312,0.0941,0.5071,0.0000,4.2258,0.4876,0.6627
5,3,2493,2494,2,2,2,0.6250,2493.468,628.855,1108.597,9.0132,16.0000,1.2903,0.8127,5.2010,0.3432,0.2505,0.4063,0.6059,0.3645,4.5509,1.3003,0.7097
6,3,2494,2495,2,2,2,0.7500,2494.493,839.739,874.362,9.1568,13.0000,1.1304,0.6649,4.2259,0.2000,0.3333,0.4667,0.0000,0.0000,4.3884,0.8127,0.5652
8,3,2494,2495,2,3,3,0.4444,2494.511,1031.141,1006.772,10.5734,15.0000,1.3043,0.5580,4.8760,0.5204,0.0932,0.3864,0.3558,0.8407,3.2507,1.4628,0.4457
5,3,2496,2498,3,2,1,0.8333,2497.169,1152.692,971.000,9.4493,18.0000,1.3846,0.3512,5.8512,0.5854,0.2927,0.1220,0.9487,0.0000,4.5509,0.3251,0.6923
6,3,2499,2501,3,2,2,0.5000,2500.141,677.493,871.690,9.4222,16.0000,1.3521,0.6107,5.2010,0.4246,0.3485,0.2269,0.7895,0.0722,4.2258,2.2754,0.6056
9,4,2501,2503,3,4,2,0.3750,2502.394,944.954,771.615,11.8105,16.0000,1.3211,0.8640,5.2009,0.6267,0.1278,0.2455,0.4801,0.2775,4.5508,0.9752,0.5229
6,3,2502,2504,3,2,2,0.5000,2502.821,886.667,1009.231,10.3510,17.0000,1.3077,0.9152,5.5260,0.6381,0.1455,0.2164,0.8019,0.3768,4.5508,1.6253,0.6154
6,3,2503,2504,2,2,2,0.7500,2503.590,905.359,772.282,10.3509,17.0000,1.3077,0.8117,5.5260,0.2000,0.3333,0.4667,0.0000,0.0000,4.3883,1.6253,0.5897
8,5,2505,2508,4,3,2,0.3333,2506.584,899.693,778.861,11.6072,18.0000,1.4257,0.9170,5.8510,0.6456,0.1640,0.1904,0.8541,0.0521,5.0383,1.6252,0.7327
6,3,2506,2508,3,2,2,0.5000,2507.082,923.260,699.425,9.6872,17.0000,1.3973,0.5048,5.5259,0.4412,0.1872,0.3716,0.7882,0.6154,4.3882,1.7878,0.6164
5,3,2507,2508,2,2,2,0.6250,2507.525,975.164,885.574,8.8673,16.0000,1.3115,0.6955,5.2008,0.3432,0.2505,0.4063,0.6059,0.3645,4.8757,1.7878,0.6885
5,3,2508,2509,2,2,2,0.6250,2508.661,614.387,903.210,9.0126,15.0000,1.2097,0.5555,4.8757,0.3432,0.2505,0.4063,0.6059,0.3645,4.5506,1.3002,0.6613
3,3,2508,2509,2,2,1,0.7500,2508.325,878.650,1009.000,7.5066,14.0000,1.0500,0.7267,4.5507,0.5333,0.2667,0.2000,0.7071,0.0000,3.9006,1.3002,1.0000
5,4,2508,2510,3,1,2,0.8333,2508.686,1024.000,1066.543,10.1755,17.0000,1.2143,0.8746,5.5258,0.5854,0.2927,0.1220,0.9487,0.0000,5.5257,1.9503,0.8571
6,3,2509,2511,3,2,2,0.5000,2510.085,804.127,783.535,9.4215,15.0000,1.2676,0.5565,4.8756,0.3810,0.3333,0.2857,0.9487,0.1690,4.3881,1.3002,0.6056
6,4,2509,2510,2,2,2,0.7500,2509.519,887.620,679.759,10.4832,16.0000,1.2152,0.8209,5.2007,0.2000,0.3333,0.4667,0.0000,0.0000,5.0382,0.6501,0.7595
8,4,2509,2510,2,3,2,0.6667,2509.361,1036.216,719.742,11.1473,15.0000,1.2371,0.9003,4.8757,0.4961,0.2369,0.2670,0.1645,0.5745,4.3881,0.9751,0.5670
3,3,2510,2511,2,1,2,0.7500,2510.333,872.000,855.667,7.3188,13.0000,1.0000,0.7454,4.2255,0.5333,0.2667,0.2000,0.7071,0.0000,4.5506,1.6252,1.0000
3,3,2511,2512,2,1,2,0.7500,2511.683,761.000,1047.341,7.6940,14.0000,1.0244,0.4660,4.5505,0.5333,0.2667,0.2000,0.7071,0.0000,4.8755,1.9502,1.0000
5,4,2511,2512,2,2,2,0.6250,2511.576,1166.394,743.864,9.5938,16.0000,1.2121,0.5948,5.2005,0.3432,0.2505,0.4063,0.6059,0.3645,4.8756,1.3001,0.8636
4,3,2513,2515,3,1,2,0.6667,2514.400,505.000,989.745,8.9382,18.0000,1.3091,0.6518,5.8504,0.7500,0.1500,0.1000,0.9487,0.0000,4.7128,1.9501,0.8182
4,3,2515,2516,2,1,2,1.0000,2515.519,814.000,872.481,8.4505,14.0000,1.0769,0.7076,4.5503,0.0000,0.7500,0.2500,0.0000,0.0000,4.7128,1.6251,0.7885
3,3,2517,2519,3,1,1,1.0000,2517.975,704.000,894.000,7.5057,14.0000,1.0500,0.9750,4.5502,0.8889,0.0000,0.1111,1.0000,0.0000,4.8751,1.9501,1.0000
5,3,2517,2519,3,1,2,0.8333,2518.267,874.000,690.367,8.7208,14.0000,1.1667,0.8199,4.5500,0.5854,0.2927,0.1220,0.9487,0.0000,4.5500,0.6500,0.6667
6,4,2518,2519,2,2,2,0.7500,2518.547,479.320,525.320,9.9512,14.0000,1.1200,0.6406,4.5500,0.2000,0.3333,0.4667,0.0000,0.0000,4.8751,1.3000,0.7200
4,3,2518,2520,3,2,1,0.6667,2519.096,852.731,534.000,8.4501,15.0000,1.1538,0.2859,4.8750,0.5357,0.3214,0.1429,1.0000,0.0000,4.2250,0.4875,0.8269
9,4,2520,2521,2,2,3,0.7500,2520.486,623.459,1018.676,12.0248,16.0000,1.2973,0.7436,5.2000,0.4706,0.0000,0.5294,0.3015,0.5894,4.2250,0.9750,0.5315
4,3,2521,2523,3,1,2,0.6667,2522.058,496.000,722.481,8.4497,15.0000,1.1538,0.5224,4.8748,0.7576,0.1294,0.1129,0.8507,0.0000,4.7123,1.6249,0.8077
4,3,2522,2523,2,2,1,1.0000,2522.480,700.460,369.000,8.1246,14.0000,1.1200,0.6943,4.5497,0.0000,0.7500,0.2500,1.0000,0.0000,4.5498,1.7874,0.8000
5,3,2522,2524,3,3,1,0.5556,2522.650,934.517,610.000,8.7202,13.0000,1.0833,0.8303,4.2248,0.6646,0.2585,0.0769,0.7071,0.0000,4.5497,1.1375,0.6500
6,4,2525,2527,3,2,2,0.5000,2526.392,815.311,787.203,9.8172,15.0000,1.2162,1.0498,4.8744,0.5034,0.2551,0.2415,0.9677,0.2521,4.5495,1.1374,0.7432
4,3,2525,2526,2,1,2,1.0000,2525.519,848.000,825.500,8.4492,14.0000,1.0769,0.6936,4.5495,0.0000,0.7500,0.2500,0.0000,0.0000,4.8745,1.2999,0.7692
5,3,2526,2528,3,1,2,0.8333,2526.906,807.000,636.688,9.3009,16.0000,1.2500,1.1375,5.1993,0.5854,0.2927,0.1220,0.9487,0.0000,4.8744,1.6248,0.6875
4,3,2527,2529,3,1,2,0.6667,2527.827,669.000,346.173,8.4488,15.0000,1.1538,0.2448,4.8743,0.7500,0.1500,0.1000,0.9487,0.0000,4.8743,0.8124,0.8269
3,3,2527,2528,2,2,1,0.7500,2527.674,849.302,1105.000,8.0674,16.0000,1.1163,0.4443,5.1993,0.5333,0.2667,0.2000,0.7071,0.0000,4.8744,1.2998,1.0000
7,4,2527,2529,3,2,2,0.5833,2527.770,1203.747,840.241,10.6855,17.0000,1.3678,0.4184,5.5242,0.3772,0.3083,0.3146,0.9758,0.2185,4.8742,1.4623,0.6552
5,3,2528,2530,3,2,1,0.8333,2529.242,1289.364,788.000,9.5911,16.0000,1.2121,0.4370,5.1992,0.5854,0.2927,0.1220,0.9487,0.0000,5.1990,1.2998,0.6667
5,3,2529,2530,2,1,3,0.8333,2529.400,845.000,1304.067,8.7192,15.0000,1.2500,0.6037,4.8741,0.5854,0.2927,0.1220,0.3162,0.0000,3.8994,0.8124,0.7000
5,3,2530,2531,2,2,2,0.6250,2530.603,834.155,847.448,8.4284,13.0000,1.1207,0.8322,4.2242,0.3432,0.2505,0.4063,0.6059,0.3645,4.5491,0.9748,0.6724
5,5,2530,2532,3,2,2,0.4167,2530.803,967.803,765.592,10.3174,16.0000,1.1268,0.6540,5.1990,0.7729,0.0435,0.1836,0.8328,0.5477,4.8741,1.7871,1.0000
6,3,2535,2537,3,2,1,1.0000,2536.014,1080.459,493.000,9.8155,16.0000,1.2973,0.4597,5.1985,0.5556,0.3333,0.1111,1.0000,0.0000,4.7111,1.1372,0.5676
7,3,2536,2537,2,2,2,0.8750,2536.395,651.616,829.395,10.5609,17.0000,1.3837,0.6781,5.5234,0.0000,0.3318,0.6682,0.0000,0.5774,3.8989,0.6498,0.5000
3,3,2536,2537,2,2,1,0.7500,2536.698,890.349,801.000,8.0660,15.0000,1.0465,0.4616,4.8735,0.5333,0.2667,0.2000,0.7071,0.0000,5.5233,1.7869,1.0000
4,3,2537,2538,2,2,2,0.5000,2537.245,478.189,785.528,8.6098,15.0000,1.1321,0.6123,4.8735,0.5916,0.1015,0.3069,0.5000,0.5000,5.0359,1.4620,0.8113
4,3,2542,2543,2,2,1,1.0000,2542.462,858.462,763.000,8.4465,15.0000,1.1538,0.6527,4.8730,0.0000,0.7500,0.2500,1.0000,0.0000,3.8984,0.3249,0.7885
6,4,2546,2548,3,2,1,1.0000,2547.038,928.494,640.000,10.4766,16.0000,1.2152,0.4951,5.1974,0.5556,0.3333,0.1111,1.0000,0.0000,4.5477,1.6242,0.7089
5,3,2548,2549,2,2,2,0.6250,2548.593,882.678,887.780,8.5709,14.0000,1.1864,0.7100,4.5477,0.3432,0.2505,0.4063,0.6059,0.3645,3.8980,0.8121,0.6780
4,3,2549,2550,2,1,2,1.0000,2549.526,928.000,959.579,9.2575,17.0000,1.1930,0.6338,5.5220,0.0000,0.7500,0.2500,0.0000,0.0000,5.0348,1.9490,0.8070
5,4,2549,2550,2,2,2,0.6250,2549.397,1012.794,756.353,9.8781,16.0000,1.1765,0.5697,5.1973,0.3432,0.2505,0.4063,0.6059,0.3645,5.1972,1.1369,0.8382
6,3,2553,2555,3,2,2,0.5000,2554.205,975.466,600.849,9.6798,15.0000,1.2329,0.5309,4.8720,0.3810,0.3333,0.2857,0.9487,0.1690,4.2224,0.4872,0.5753
4,4,2555,2558,4,1,1,1.0000,2556.483,775.000,904.000,9.7437,18.0000,1.2000,0.4833,5.8463,0.9375,0.0000,0.0625,1.0000,0.0000,5.0343,0.9744,1.0000
8,3,2556,2558,3,3,2,0.4444,2556.914,1137.323,455.194,10.6792,15.0000,1.2903,0.7098,4.8718,0.0609,0.6646,0.2745,0.0000,0.0000,3.8974,1.1367,0.4624
5,3,2557,2558,2,1,3,0.8333,2557.533,491.000,565.733,8.7149,15.0000,1.2500,0.9068,4.8718,0.5854,0.2927,0.1220,0.3162,0.0000,4.8717,2.1111,0.6833
5,3,2557,2558,2,2,2,0.6250,2557.617,544.183,463.383,8.7149,13.0000,1.0833,0.7489,4.2222,0.3432,0.2505,0.4063,0.6059,0.3645,4.5470,1.1367,0.6500
4,3,2557,2558,2,1,2,1.0000,2557.542,703.000,417.542,7.7948,13.0000,1.0833,0.7096,4.2222,0.0000,0.7500,0.2500,0.0000,0.0000,4.8717,1.4615,0.8125
3,3,2558,2559,2,2,1,0.7500,2558.378,919.289,707.000,8.4381,17.0000,1.1333,0.6860,5.5212,0.5333,0.2667,0.2000,0.7071,0.0000,5.8461,2.5982,1.0000
4,3,2560,2561,2,1,2,1.0000,2560.490,586.000,1076.490,8.2817,13.0000,1.0196,0.6932,4.2221,0.0000,0.7500,0.2500,0.0000,0.0000,4.8716,1.7862,0.7647
5,3,2560,2561,2,2,2,0.6250,2560.469,830.141,648.609,9.2955,17.0000,1.3281,0.6742,5.5211,0.3432,0.2505,0.4063,0.6059,0.3645,4.8715,1.2991,0.6719
5,3,2562,2564,3,2,2,0.4167,2563.068,502.458,1135.847,8.5690,14.0000,1.1864,1.0892,4.5466,0.5461,0.2256,0.2283,0.8117,0.4177,4.5466,1.1367,0.6780
4,3,2563,2565,3,1,2,0.6667,2563.611,923.000,1024.259,8.7685,16.0000,1.1852,0.6638,5.1962,0.7500,0.1500,0.1000,0.9487,0.0000,4.3842,-0.0000,0.8333
4,3,2565,2566,2,1,2,1.0000,2565.474,811.000,1024.561,9.2554,16.0000,1.1228,0.6456,5.1960,0.0000,0.7500,0.2500,0.0000,0.0000,5.1960,0.9742,0.8070
6,3,2565,2567,3,2,2,0.5000,2566.086,870.129,583.643,9.2804,15.0000,1.2857,0.6612,4.8712,0.7074,0.0897,0.2030,0.9140,0.2540,4.0593,1.1366,0.6000
4,3,2565,2566,2,2,2,0.5000,2565.745,1006.804,1003.255,8.2811,15.0000,1.1765,0.4104,4.8712,0.0000,0.5625,0.4375,0.4459,0.5774,4.8712,1.4614,0.8039
6,3,2566,2567,2,3,2,0.5000,2566.544,808.000,934.696,10.4736,17.0000,1.2911,0.5477,5.5206,0.4412,0.1872,0.3716,0.6154,0.7882,5.1959,2.5979,0.7089
4,3,2567,2568,2,2,2,0.5000,2567.500,877.769,882.250,8.4433,14.0000,1.0769,0.6048,4.5464,0.5916,0.1015,0.3069,0.7071,0.7071,4.8711,1.4613,0.7692
4,3,2569,2571,3,2,1,0.6667,2570.100,994.460,474.000,8.1183,14.0000,1.1200,0.5492,4.5462,0.7576,0.1294,0.1129,0.8507,0.0000,4.7086,0.6495,0.8200
5,3,2570,2571,2,2,2,0.6250,2570.641,782.188,885.359,9.2943,16.0000,1.2500,0.5417,5.1956,0.3432,0.2505,0.4063,0.6059,0.3645,4.8709,0.8118,0.6562
5,4,2573,2574,2,2,2,0.6250,2573.587,494.159,745.571,9.1487,14.0000,1.1111,0.7225,4.5460,0.3432,0.2505,0.4063,0.6059,0.3645,4.8708,1.6236,0.8413
7,3,2573,2575,3,2,3,0.3889,2574.318,885.871,714.906,10.4321,15.0000,1.2353,1.1415,4.8707,0.6023,0.2183,0.1794,0.6617,0.3765,4.2213,2.2730,0.4941
6,3,2573,2575,3,2,2,0.5000,2573.802,1028.469,973.123,10.7378,20.0000,1.4815,0.5238,6.4943,0.3810,0.3333,0.2857,0.9487,0.1690,4.3837,1.6236,0.6296
5,3,2574,2575,2,2,2,0.6250,2574.383,633.150,908.433,8.7130,15.0000,1.2500,0.5977,4.8707,0.3432,0.2505,0.4063,0.6059,0.3645,4.5460,1.6236,0.6833
5,3,2574,2576,3,2,1,0.8333,2575.258,874.403,857.000,9.0034,14.0000,1.1290,0.4787,4.5460,0.5854,0.2927,0.1220,0.9487,0.0000,4.8707,1.2988,0.6452
5,3,2575,2577,3,1,2,0.8333,2576.230,555.000,875.410,8.8580,15.0000,1.2295,0.6332,4.8706,0.5854,0.2927,0.1220,0.9487,0.0000,4.5459,0.9741,0.6885
4,3,2576,2578,3,2,1,0.6667,2577.082,761.449,536.000,7.9553,14.0000,1.1429,0.4563,4.5459,0.7576,0.1294,0.1129,0.8507,0.0000,4.8706,1.6235,0.8163
5,3,2577,2578,2,2,2,0.6250,2577.597,1168.612,651.134,9.7292,17.0000,1.2687,0.5754,5.5199,0.3432,0.2505,0.4063,0.6059,0.3645,4.8705,0.9741,0.6866
7,3,2580,2582,3,3,3,0.2593,2581.314,1064.407,1068.988,10.5540,18.0000,1.4651,0.7978,5.8444,0.3459,0.1398,0.5142,0.6464,0.0000,3.8963,1.6235,0.5349
4,3,2580,2581,2,2,1,1.0000,2580.529,1209.510,714.000,8.2797,14.0000,1.0980,0.6938,4.5457,0.0000,0.7500,0.2500,1.0000,0.0000,4.8704,0.3247,0.7843
6,4,2581,2583,3,3,1,0.6667,2581.766,1085.013,559.000,10.2066,15.0000,1.1688,0.7663,4.8704,0.6944,0.2222,0.0833,0.6000,0.0000,4.8703,1.6234,0.7143
7,4,2583,2585,3,2,2,0.5833,2584.270,711.393,952.742,10.9218,17.0000,1.3371,0.5424,5.5196,0.4600,0.2645,0.2756,0.8571,0.1000,4.5455,0.9740,0.6517
8,4,2584,2586,3,2,3,0.4444,2585.303,367.323,557.293,11.3642,15.0000,1.2121,0.8344,4.8701,0.5726,0.2236,0.2038,0.6380,0.0939,4.3831,1.9481,0.5657
3,3,2584,2586,3,1,1,1.0000,2585.000,859.000,949.000,7.3106,13.0000,1.0000,1.0000,4.2208,0.8889,0.0000,0.1111,1.0000,0.0000,4.5455,0.6493,1.0000
4,3,2584,2585,2,1,2,1.0000,2584.491,932.000,988.528,8.6040,15.0000,1.1321,0.6943,4.8701,0.0000,0.7500,0.2500,0.0000,0.0000,4.7079,1.4611,0.7925
4,3,2585,2586,2,3,1,0.6667,2585.265,994.327,780.000,7.9545,13.0000,1.0612,0.4207,4.2208,0.7500,0.1500,0.1000,0.3162,0.0000,3.8961,0.3247,0.7959
3,3,2588,2589,2,1,2,0.7500,2588.325,679.000,1123.675,7.4978,14.0000,1.0500,0.4596,4.5453,0.5333,0.2667,0.2000,0.7071,0.0000,4.5453,1.2986,1.0000
3,3,2590,2592,3,1,1,1.0000,2591.024,839.000,910.000,7.8724,15.0000,1.0714,0.0238,4.8698,0.8889,0.0000,0.1111,1.0000,0.0000,4.8698,1.9479,1.0000
4,3,2595,2597,3,1,2,0.6667,2595.906,778.000,567.434,8.6029,16.0000,1.2075,0.4441,5.1942,0.7576,0.1294,0.1129,0.8507,0.0000,4.8696,1.6232,0.8302
4,3,2596,2598,3,1,2,0.6667,2597.098,994.000,578.549,8.2781,15.0000,1.1765,1.0084,4.8694,0.7576,0.1294,0.1129,0.8507,0.0000,4.5448,1.2985,0.8039
4,3,2597,2599,3,2,1,0.6667,2597.917,730.729,1240.000,7.7911,13.0000,1.0833,0.9558,4.2202,0.5357,0.3214,0.1429,1.0000,0.0000,4.5448,1.2985,0.8125
4,3,2603,2605,3,1,2,0.6667,2604.278,700.000,887.759,8.7643,17.0000,1.2593,0.3676,5.5183,0.7500,0.1500,0.1000,0.9487,0.0000,4.5444,0.9738,0.7963
5,3,2604,2606,3,2,2,0.4167,2605.262,430.377,713.197,8.8551,14.0000,1.1475,0.7040,4.5444,0.7729,0.0435,0.1836,0.8328,0.5477,4.5444,1.2984,0.6557
4,3,2606,2607,2,1,2,1.0000,2606.463,576.000,645.537,8.7641,15.0000,1.1111,0.6547,4.8690,0.0000,0.7500,0.2500,0.0000,0.0000,4.8689,1.7853,0.7963
5,4,2606,2607,2,1,3,0.8333,2606.400,676.000,1118.246,9.4356,16.0000,1.2308,0.4697,5.1936,0.5854,0.2927,0.1220,0.3162,0.0000,4.8689,1.2984,0.8462
4,3,2606,2607,2,2,1,1.0000,2606.464,926.571,759.000,9.0887,19.0000,1.3571,0.6319,6.1673,0.0000,0.7500,0.2500,1.0000,0.0000,4.5443,0.9738,0.8036
4,3,2607,2608,2,2,1,1.0000,2607.531,625.469,956.000,7.9525,13.0000,1.0612,0.7084,4.2197,0.0000,0.7500,0.2500,1.0000,0.0000,4.5443,1.6230,0.7959
8,3,2607,2610,4,3,2,0.3333,2608.370,769.280,958.660,11.4759,17.0000,1.3600,0.8780,5.5180,0.6796,0.1757,0.1447,0.7763,0.1937,4.3820,0.9738,0.5800
5,3,2607,2609,3,2,2,0.4167,2608.262,1002.646,916.169,9.4354,16.0000,1.2308,0.8362,5.1934,0.7729,0.0435,0.1836,0.8328,0.5477,4.5442,1.6229,0.6769
8,3,2611,2614,4,3,2,0.3333,2612.574,974.947,889.894,10.7868,17.0000,1.4468,0.4418,5.5177,0.3750,0.4487,0.1763,0.8934,0.0159,3.8949,1.7851,0.4894
7,3,2613,2616,4,2,3,0.2917,2614.333,952.667,550.128,9.5686,13.0000,1.1667,1.4962,4.2194,0.7081,0.1683,0.1236,0.8443,0.4756,3.5702,1.2983,0.5000
4,3,2617,2619,3,2,1,0.6667,2617.904,1014.481,1089.000,8.4384,16.0000,1.2308,0.5281,5.1928,0.7576,0.1294,0.1129,0.8507,0.0000,4.7060,1.4605,0.8269
3,3,2619,2620,2,1,2,0.7500,2619.700,598.000,1199.720,9.3688,21.0000,1.2600,0.4104,6.8155,0.5333,0.2667,0.2000,0.7071,0.0000,5.1928,0.9736,1.0000
4,3,2619,2620,2,2,1,1.0000,2619.415,837.528,806.000,8.6005,16.0000,1.2075,0.6719,5.1928,0.0000,0.7500,0.2500,1.0000,0.0000,4.8682,0.9736,0.8302
4,3,2619,2621,3,2,1,0.6667,2619.820,989.180,434.000,8.1136,15.0000,1.2000,0.2546,4.8682,0.7500,0.1500,0.1000,0.9487,0.0000,4.5436,1.6227,0.8200
4,3,2622,2623,2,1,2,1.0000,2622.510,940.000,533.510,8.2757,13.0000,1.0196,0.7072,4.2190,0.0000,0.7500,0.2500,0.0000,0.0000,4.8680,1.2981,0.7647
6,4,2623,2625,3,2,3,0.3333,2624.133,819.120,1030.560,9.9367,16.0000,1.2800,0.4752,5.1925,0.2963,0.4815,0.2222,0.5345,0.3145,4.5435,1.6227,0.7467
5,3,2626,2628,3,2,1,0.8333,2626.793,923.448,956.000,8.4177,13.0000,1.1207,0.9661,4.2189,0.5854,0.2927,0.1220,0.9487,0.0000,4.7056,1.4604,0.6724
3,3,2629,2630,2,2,1,0.7500,2629.311,789.667,852.000,8.4313,16.0000,1.0667,0.4560,5.1923,0.5333,0.2667,0.2000,0.7071,0.0000,5.5168,2.1094,1.0000
5,3,2631,2633,3,3,1,0.5556,2631.966,547.034,540.000,8.5625,13.0000,1.1017,1.0345,4.2187,0.7911,0.1351,0.0737,0.5257,0.0000,4.7055,1.9471,0.6610
4,3,2631,2632,2,3,1,0.6667,2631.176,898.137,560.000,8.2752,15.0000,1.1765,1.1509,4.8678,0.7500,0.1500,0.1000,0.3162,0.0000,5.0300,1.9471,0.8235
4,3,2634,2636,3,1,2,0.6667,2634.926,740.000,1138.556,8.7618,15.0000,1.1111,1.0271,4.8677,0.7576,0.1294,0.1129,0.8507,0.0000,5.1922,2.2716,0.7963
6,3,2635,2637,3,2,2,0.5000,2635.797,437.130,914.536,9.1412,15.0000,1.3043,0.5227,4.8677,0.3810,0.3333,0.2857,0.9487,0.1690,4.0564,0.9735,0.5942
3,3,2635,2636,2,2,1,0.7500,2635.325,762.650,392.000,7.4943,14.0000,1.0500,0.7267,4.5432,0.5333,0.2667,0.2000,0.7071,0.0000,4.5432,1.6226,1.0000
9,3,2635,2636,2,3,3,0.5000,2635.426,1035.050,540.950,10.9252,14.0000,1.2475,1.1337,4.5432,0.2525,0.3924,0.3552,0.4179,0.9085,4.2186,1.2980,0.4059
6,3,2636,2638,3,2,2,0.5000,2637.192,896.356,1030.699,9.6711,14.0000,1.1507,0.5044,4.5431,0.3218,0.4574,0.2208,0.9366,0.3505,4.3809,0.9735,0.5479
3,3,2637,2638,2,1,2,0.7500,2637.317,853.000,1185.683,7.6816,15.0000,1.0976,0.4484,4.8677,0.5333,0.2667,0.2000,0.7071,0.0000,4.5431,0.8113,1.0000
4,3,2638,2640,3,1,2,0.6667,2638.900,665.000,369.540,8.1128,14.0000,1.1200,1.0107,4.5431,0.7576,0.1294,0.1129,0.8507,0.0000,4.7054,1.6226,0.8200
3,3,2638,2639,2,1,2,0.7500,2638.333,1003.000,775.690,7.8690,15.0000,1.0714,0.4549,4.8677,0.5333,0.2667,0.2000,0.7071,0.0000,5.1922,1.7848,1.0000
3,3,2640,2641,2,1,2,0.7500,2640.325,458.000,733.675,7.4943,14.0000,1.0500,0.4596,4.5432,0.5333,0.2667,0.2000,0.7071,0.0000,4.8677,1.7848,1.0000
4,3,2640,2641,2,1,2,1.0000,2640.453,545.000,1164.528,8.5995,15.0000,1.1321,0.6539,4.8677,0.0000,0.7500,0.2500,0.0000,0.0000,5.0299,0.9735,0.7925
4,3,2640,2641,2,1,2,1.0000,2640.490,762.000,975.490,8.2750,13.0000,1.0196,0.6932,4.2186,0.0000,0.7500,0.2500,0.0000,0.0000,3.8941,0.8113,0.7647
3,3,2640,2640,1,1,3,1.0000,2640.000,828.000,1098.951,7.6816,15.0000,1.0976,0.9512,4.8677,0.8889,0.0000,0.1111,0.0000,1.0000,4.5432,0.9735,1.0000
8,3,2641,2644,4,3,2,0.3333,2642.358,891.758,1156.095,10.8996,17.0000,1.4316,0.4424,5.5167,0.5795,0.2802,0.1403,0.9516,0.1853,4.2187,1.2980,0.4737
11,4,2641,2643,3,3,3,0.4074,2642.074,1035.899,1220.168,14.5788,26.0000,1.9195,0.2091,8.4373,0.3840,0.2159,0.4000,0.7559,0.3674,4.2187,1.4603,0.5772
5,3,2642,2644,3,1,2,0.8333,2643.300,582.000,1222.583,8.7076,14.0000,1.1667,0.9112,4.5432,0.5854,0.2927,0.1220,0.9487,0.0000,4.5432,1.1358,0.6667
4,3,2642,2643,2,2,1,1.0000,2642.577,1099.500,844.000,8.4373,17.0000,1.3077,0.6550,5.5167,0.0000,0.7500,0.2500,1.0000,0.0000,4.5432,1.2980,0.8269
6,3,2643,2644,2,2,3,0.5000,2643.657,733.514,568.000,9.2738,14.0000,1.2000,0.6181,4.5432,0.4412,0.1872,0.3716,0.0000,0.0000,3.5697,0.6490,0.5857
4,3,2644,2645,2,1,3,0.6667,2644.727,865.000,1216.436,8.9242,18.0000,1.3091,0.6262,5.8413,0.7500,0.1500,0.1000,0.3162,0.0000,4.8677,1.2981,0.8364
4,3,2645,2647,3,1,2,0.6667,2646.204,629.000,983.796,8.7620,17.0000,1.2593,0.2881,5.5168,0.7500,0.1500,0.1000,0.9487,0.0000,4.5433,0.9736,0.7963
4,4,2646,2647,2,1,3,0.6667,2646.526,647.000,1168.930,9.2488,17.0000,1.1930,1.0435,5.5169,0.7576,0.1294,0.1129,0.5257,0.0000,4.3810,0.9736,1.0000
4,3,2647,2648,2,2,1,1.0000,2647.560,912.440,484.000,8.1131,15.0000,1.2000,0.6223,4.8679,0.0000,0.7500,0.2500,1.0000,0.0000,4.8678,1.6226,0.8200
7,4,2650,2652,3,3,2,0.3889,2650.798,833.429,880.310,10.3036,17.0000,1.4167,0.5661,5.5171,0.4740,0.3590,0.1670,0.6417,0.4192,4.8680,1.9472,0.6786
4,3,2650,2651,2,2,1,1.0000,2650.500,1003.442,1001.000,8.4378,16.0000,1.2308,0.6676,5.1925,0.0000,0.7500,0.2500,1.0000,0.0000,4.5435,0.8113,0.8077
6,3,2652,2654,3,1,3,0.6667,2653.358,497.000,960.815,10.7320,19.0000,1.4074,0.4031,6.1664,0.2083,0.6667,0.1250,0.8944,0.0000,4.2191,1.2982,0.6296
3,3,2652,2654,3,1,1,1.0000,2653.068,649.000,983.000,8.2445,16.0000,1.0909,0.9318,5.1927,0.8889,0.0000,0.1111,1.0000,0.0000,5.1927,1.2982,1.0000
4,3,2655,2657,3,1,2,0.6667,2656.096,880.000,1005.538,8.4385,15.0000,1.1538,1.0149,4.8684,0.7576,0.1294,0.1129,0.8507,0.0000,5.0306,1.2982,0.8077
5,3,2656,2658,3,1,2,0.8333,2657.250,888.000,909.500,9.2895,17.0000,1.3281,0.9014,5.5176,0.5854,0.2927,0.1220,0.9487,0.0000,4.7061,1.9474,0.7031
9,3,2659,2661,3,3,3,0.3333,2659.940,819.170,1023.100,10.8192,15.0000,1.3500,1.0782,4.8688,0.6187,0.1462,0.2352,0.6915,0.6725,3.8949,1.9474,0.4300
5,3,2659,2661,3,2,1,0.8333,2659.742,959.565,774.000,8.9996,15.0000,1.2097,0.6207,4.8687,0.5854,0.2927,0.1220,0.9487,0.0000,3.8949,0.3246,0.6613
5,3,2660,2662,3,1,3,0.5556,2661.167,852.000,972.727,9.5805,16.0000,1.2121,0.7461,5.1933,0.8123,0.1108,0.0769,0.7071,0.0000,4.5443,1.2984,0.6667
4,3,2661,2663,3,1,2,0.6667,2661.904,978.000,593.558,8.4393,15.0000,1.1538,0.4526,4.8689,0.7576,0.1294,0.1129,0.8507,0.0000,4.8688,0.4869,0.8269
6,3,2662,2664,3,3,1,0.6667,2662.857,813.114,300.000,9.2761,14.0000,1.2000,0.8647,4.5443,0.4000,0.4800,0.1200,0.7071,0.0000,4.2198,1.2984,0.5714
6,3,2662,2664,3,2,2,0.5000,2662.789,959.648,733.254,9.4086,15.0000,1.2676,0.7271,4.8689,0.6381,0.1455,0.2164,0.8019,0.3768,4.5442,1.1361,0.6056
4,4,2663,2664,2,2,1,1.0000,2663.500,722.464,1078.000,9.0888,15.0000,1.0714,0.6823,4.8690,0.0000,0.7500,0.2500,1.0000,0.0000,5.1936,1.4607,1.0000
5,3,2663,2664,2,2,2,0.6250,2663.571,929.190,869.365,9.1454,14.0000,1.1111,0.7043,4.5444,0.3432,0.2505,0.4063,0.6059,0.3645,4.5444,1.4607,0.6508
3,3,2664,2666,3,1,1,1.0000,2665.000,672.000,1155.000,7.8714,14.0000,1.0000,1.0000,4.5446,0.8889,0.0000,0.1111,1.0000,0.0000,4.8691,0.8115,1.0000
5,3,2666,2668,3,1,2,0.8333,2667.203,854.000,701.627,8.5654,14.0000,1.1864,0.4247,4.5447,0.5854,0.2927,0.1220,0.9487,0.0000,4.5447,1.4608,0.6780
3,3,2666,2668,3,1,1,1.0000,2667.065,1241.000,899.000,8.6214,17.0000,1.1087,0.9348,5.5187,0.8889,0.0000,0.1111,1.0000,0.0000,5.1940,0.6493,1.0000
5,3,2667,2668,2,2,2,0.6250,2667.390,571.780,927.339,8.5655,13.0000,1.1017,0.9353,4.2202,0.3432,0.2505,0.4063,0.6059,0.3645,4.5447,1.6231,0.6610
4,4,2668,2669,2,2,1,1.0000,2668.519,1111.519,915.000,8.7651,15.0000,1.1111,0.6809,4.8696,0.0000,0.7500,0.2500,1.0000,0.0000,4.5449,1.6232,1.0000
6,3,2670,2673,4,2,2,0.3750,2671.000,721.130,893.725,9.1452,14.0000,1.2174,1.0454,4.5450,0.8265,0.0815,0.0920,0.9519,0.0737,4.0582,1.7856,0.5797
4,3,2673,2674,2,2,2,0.5000,2673.720,1037.820,1013.540,8.1168,14.0000,1.1200,0.8732,4.5454,0.5916,0.1015,0.3069,0.5000,0.5000,4.8700,1.9480,0.8200
5,3,2674,2675,2,2,2,0.6250,2674.672,954.219,686.422,9.2928,15.0000,1.1719,0.6998,4.8702,0.3432,0.2505,0.4063,0.6059,0.3645,4.8702,0.8117,0.6719
5,3,2675,2676,2,2,2,0.6250,2675.641,832.203,867.312,9.2930,17.0000,1.3281,0.5178,5.5197,0.3432,0.2505,0.4063,0.6059,0.3645,4.8703,1.2988,0.6875
4,3,2675,2676,2,2,1,1.0000,2675.481,1155.462,726.000,8.4418,14.0000,1.0769,0.6665,4.5456,0.0000,0.7500,0.2500,1.0000,0.0000,4.7079,0.9740,0.7885
4,3,2677,2679,3,2,1,0.6667,2678.057,1106.566,960.000,8.6046,17.0000,1.2830,0.4376,5.5199,0.7576,0.1294,0.1129,0.8507,0.0000,4.8705,1.2988,0.8113
4,3,2677,2678,2,3,1,0.6667,2677.759,1234.019,802.000,8.7669,16.0000,1.1852,0.2415,5.1952,0.5357,0.3214,0.1429,0.0000,0.0000,4.8705,1.7858,0.7778
4,3,2679,2680,2,1,2,1.0000,2679.472,818.000,1164.566,8.6048,16.0000,1.2075,0.6837,5.1954,0.0000,0.7500,0.2500,0.0000,0.0000,4.8706,0.6494,0.8302
4,3,2682,2684,3,1,2,0.6667,2682.981,498.000,929.192,8.4430,15.0000,1.1538,0.1933,4.8710,0.5357,0.3214,0.1429,1.0000,0.0000,4.7086,0.9742,0.8077
8,3,2688,2691,4,2,2,0.5000,2689.685,541.618,616.371,10.2190,13.0000,1.1685,0.7864,4.2219,0.6556,0.1306,0.2138,0.9180,0.3925,3.7348,1.2990,0.4382
6,3,2688,2690,3,2,2,0.5000,2688.757,567.657,849.129,9.2807,14.0000,1.2000,1.0108,4.5466,0.6597,0.1468,0.1935,0.9738,0.1550,4.0595,0.8119,0.5857
5,3,2688,2690,3,2,1,0.8333,2689.215,604.615,543.000,9.4403,15.0000,1.1538,0.4408,4.8714,0.5854,0.2927,0.1220,0.9487,0.0000,4.5466,0.9743,0.6308
3,3,2691,2692,2,2,1,0.7500,2691.333,959.333,1006.000,7.8751,14.0000,1.0000,0.4714,4.5467,0.5333,0.2667,0.2000,0.7071,0.0000,4.8715,1.2990,1.0000
4,3,2693,2694,2,2,2,0.5000,2693.255,812.545,922.218,8.9311,16.0000,1.1636,0.5648,5.1963,0.5916,0.1015,0.3069,0.5000,0.5000,4.7091,1.7862,0.7818
6,3,2694,2696,3,1,3,0.6667,2694.795,781.000,931.192,10.3418,20.0000,1.5385,0.2812,6.4954,0.4000,0.4800,0.1200,0.7071,0.0000,4.2220,0.6495,0.6026
3,3,2695,2696,2,1,2,0.7500,2695.651,405.000,1081.698,8.0628,15.0000,1.0465,0.7179,4.8716,0.5333,0.2667,0.2000,0.7071,0.0000,5.1963,1.2991,1.0000
5,3,2696,2697,2,1,3,0.8333,2696.422,365.000,845.781,9.2955,16.0000,1.2500,0.4752,5.1963,0.5854,0.2927,0.1220,0.3162,0.0000,4.5468,0.6495,0.6719
5,3,2696,2697,2,2,2,0.6250,2696.855,775.516,865.355,9.0050,17.0000,1.3710,0.6429,5.5211,0.3432,0.2505,0.4063,0.5155,0.8569,4.8716,1.7862,0.7097
4,3,2696,2697,2,2,1,1.0000,2696.469,835.449,595.000,7.9569,14.0000,1.1429,0.6951,4.5468,0.0000,0.7500,0.2500,1.0000,0.0000,4.5468,1.4615,0.8163
5,3,2697,2699,3,1,3,0.5556,2698.254,688.000,1116.051,8.5692,14.0000,1.1864,0.7475,4.5468,0.5532,0.3398,0.1070,0.8281,0.0000,4.5468,1.9486,0.6780
4,3,2697,2699,3,2,1,0.6667,2698.352,909.759,907.000,8.7688,16.0000,1.1852,0.6914,5.1963,0.7500,0.1500,0.1000,0.9487,0.0000,4.8715,1.6239,0.8148
7,3,2698,2700,3,2,3,0.3889,2698.941,1025.706,874.988,10.4339,17.0000,1.4000,0.3002,5.5211,0.5479,0.1606,0.2915,0.9003,0.3984,3.8972,1.1367,0.5412
4,3,2699,2700,2,2,1,1.0000,2699.509,1124.453,576.000,8.6064,16.0000,1.2075,0.6676,5.1963,0.0000,0.7500,0.2500,1.0000,0.0000,4.5468,1.6238,0.7925
4,3,2700,2702,3,2,1,0.6667,2700.673,1006.265,709.000,7.9568,13.0000,1.0612,0.7238,4.2220,0.7500,0.1500,0.1000,0.9487,0.0000,4.5467,0.1624,0.7959
3,3,2704,2705,2,2,1,0.7500,2704.283,713.674,877.000,8.6249,18.0000,1.1739,0.4315,5.8456,0.5333,0.2667,0.2000,0.7071,0.0000,5.1961,1.6238,1.0000
5,3,2707,2709,3,1,2,0.8333,2707.800,876.000,797.538,9.4399,17.0000,1.3077,0.5744,5.5206,0.5854,0.2927,0.1220,0.9487,0.0000,4.5464,0.9742,0.6615
3,3,2708,2709,2,1,2,0.7500,2708.682,738.000,1317.318,8.2494,16.0000,1.0909,0.4500,5.1958,0.5333,0.2667,0.2000,0.7071,0.0000,4.8711,1.9484,1.0000
9,3,2709,2711,3,3,3,0.3333,2710.228,1084.000,1169.474,12.3396,14.0000,1.1053,1.3685,4.5461,0.5979,0.1646,0.2375,0.7288,0.6733,4.5462,1.9484,0.7018
4,3,2710,2711,2,1,2,1.0000,2710.519,356.000,1133.500,8.4429,14.0000,1.0769,0.6936,4.5461,0.0000,0.7500,0.2500,0.0000,0.0000,4.8709,1.6236,0.7692
4,3,2710,2712,3,1,2,0.6667,2710.925,753.000,944.245,8.6052,16.0000,1.2075,0.2566,5.1956,0.5357,0.3214,0.1429,1.0000,0.0000,5.0332,1.9484,0.8113
4,3,2710,2713,4,1,1,1.0000,2711.558,753.000,1017.000,8.4427,16.0000,1.2308,0.5577,5.1956,0.9375,0.0000,0.0625,1.0000,0.0000,4.5460,1.2989,0.8077
4,3,2710,2711,2,1,2,1.0000,2710.561,804.000,997.509,9.2547,16.0000,1.1228,0.6717,5.1956,0.0000,0.7500,0.2500,0.0000,0.0000,5.0332,1.6236,0.7895
6,3,2711,2712,2,2,3,0.5000,2711.464,638.594,967.942,9.1471,14.0000,1.2174,0.6190,4.5461,0.6168,0.1058,0.2774,0.5000,0.5000,4.0590,0.9742,0.5942
5,3,2712,2714,3,1,2,0.8333,2713.220,354.000,1168.458,8.5676,14.0000,1.1864,0.5079,4.5459,0.5854,0.2927,0.1220,0.9487,0.0000,4.8705,1.4611,0.6949
6,3,2713,2715,3,2,3,0.3333,2714.041,896.824,1058.581,9.8093,17.0000,1.3784,0.4561,5.5199,0.3889,0.3074,0.3038,0.0000,0.0000,4.5458,1.9483,0.5811
3,3,2714,2714,1,1,3,1.0000,2714.000,657.000,989.024,7.6861,14.0000,1.0244,0.0244,4.5458,0.8889,0.0000,0.1111,0.0000,1.0000,4.8705,1.2988,1.0000
3,3,2714,2716,3,1,1,1.0000,2715.000,1017.000,893.000,7.6859,15.0000,1.0976,0.0000,4.8704,0.8889,0.0000,0.1111,1.0000,0.0000,4.5458,0.3247,1.0000
5,3,2715,2717,3,1,2,0.8333,2715.820,763.000,886.426,8.8575,13.0000,1.0656,1.0005,4.2210,0.5854,0.2927,0.1220,0.9487,0.0000,4.5456,0.9741,0.6393
5,3,2718,2719,2,2,2,0.6250,2718.831,900.559,684.390,8.5664,13.0000,1.1017,0.7025,4.2206,0.3432,0.2505,0.4063,0.5155,0.8569,4.5452,0.8117,0.6610
4,3,2719,2720,2,2,1,1.0000,2719.528,464.547,827.000,8.6034,16.0000,1.2075,0.6958,5.1946,0.0000,0.7500,0.2500,1.0000,0.0000,4.8698,0.9740,0.8302
4,3,2720,2721,2,2,2,0.5000,2720.216,929.745,945.745,8.2785,14.0000,1.0980,0.4201,4.5451,0.0000,0.5625,0.4375,0.4459,0.5774,4.5451,1.6232,0.7843
4,3,2722,2723,2,1,2,1.0000,2722.564,573.000,829.455,8.9272,16.0000,1.1636,0.6301,5.1940,0.0000,0.7500,0.2500,0.0000,0.0000,5.0317,1.9477,0.8182
3,3,2722,2723,2,2,1,0.7500,2722.698,796.326,938.000,8.0592,16.0000,1.1163,0.4443,5.1940,0.5333,0.2667,0.2000,0.7071,0.0000,4.8693,1.6232,1.0000
9,3,2724,2727,4,2,2,0.5625,2725.650,734.505,1059.544,11.1445,14.0000,1.2233,1.5400,4.5442,0.7576,0.1289,0.1136,0.9293,0.3651,4.2198,1.7852,0.3883
5,3,2725,2727,3,2,1,0.8333,2726.182,860.621,744.000,9.5806,16.0000,1.2121,0.4202,5.1935,0.5854,0.2927,0.1220,0.9487,0.0000,4.5442,0.9738,0.6515
3,3,2725,2727,3,1,1,1.0000,2726.021,1026.000,852.000,8.8080,16.0000,1.0213,0.0213,5.1935,0.8889,0.0000,0.1111,1.0000,0.0000,5.8425,1.6230,1.0000
4,3,2725,2726,2,2,1,1.0000,2725.529,1078.490,682.000,8.2772,14.0000,1.0980,0.6938,4.5443,0.0000,0.7500,0.2500,1.0000,0.0000,4.7067,1.2984,0.7843
4,3,2727,2728,2,2,1,1.0000,2727.491,1191.472,815.000,8.6013,14.0000,1.0566,0.6806,4.5442,0.0000,0.7500,0.2500,1.0000,0.0000,4.7064,1.6229,0.7736
3,3,2728,2729,2,2,1,0.7500,2728.310,852.333,544.000,7.8704,15.0000,1.0714,0.4549,4.8686,0.5333,0.2667,0.2000,0.7071,0.0000,4.8686,1.4606,1.0000
5,3,2728,2730,3,2,2,0.4167,2728.883,1026.450,499.183,8.7090,14.0000,1.1667,0.5914,4.5439,0.7729,0.0435,0.1836,0.8328,0.5477,4.5437,1.6228,0.6667
5,3,2728,2729,2,2,2,0.6250,2728.603,1072.845,1049.379,8.4187,14.0000,1.2069,0.7295,4.5440,0.3432,0.2505,0.4063,0.6059,0.3645,4.5439,0.6491,0.6897
6,3,2729,2732,4,2,2,0.3750,2730.556,581.278,696.819,9.5397,16.0000,1.3333,0.5543,5.1927,0.8076,0.0500,0.1424,0.9217,0.3087,4.2191,0.9737,0.5833
8,3,2732,2734,3,3,2,0.4444,2733.239,954.598,870.663,10.5556,14.0000,1.2174,0.7267,4.5433,0.5726,0.2236,0.2038,0.6616,0.5747,4.3810,1.6226,0.4348
4,3,2734,2735,2,3,1,0.6667,2734.273,1060.400,508.000,8.9240,16.0000,1.1636,0.6591,5.1922,0.7500,0.1500,0.1000,0.3162,0.0000,5.1921,0.8113,0.8364
6,3,2736,2738,3,2,2,0.5000,2736.707,953.613,832.280,9.9354,16.0000,1.2800,0.9767,5.1919,0.6381,0.1455,0.2164,0.8019,0.3768,4.7050,1.6225,0.5867
5,3,2738,2739,2,2,2,0.6250,2738.393,712.377,340.180,8.8516,14.0000,1.1475,0.7366,4.5425,0.3432,0.2505,0.4063,0.6059,0.3645,4.5426,0.9734,0.6557
4,4,2738,2739,2,2,2,0.5000,2738.527,725.764,1054.236,8.9229,16.0000,1.1636,0.5790,5.1915,0.5916,0.1015,0.3069,0.7071,0.7071,4.8671,1.2978,1.0000
3,3,2741,2742,2,1,2,0.7500,2741.705,556.000,972.682,8.2420,17.0000,1.1591,0.4342,5.5155,0.5333,0.2667,0.2000,0.7071,0.0000,4.8666,0.9733,1.0000
4,3,2742,2743,2,1,2,1.0000,2742.519,847.000,847.481,8.7598,14.0000,1.0370,0.7076,4.5422,0.0000,0.7500,0.2500,0.0000,0.0000,5.1909,1.4600,0.7778
9,3,2742,2745,4,3,2,0.3750,2743.520,961.898,997.408,10.5980,15.0000,1.3776,0.6692,4.8665,0.4839,0.3154,0.2007,0.8863,0.2185,3.2444,0.9733,0.4388
6,3,2743,2745,3,3,2,0.3333,2743.940,470.988,914.530,10.9930,18.0000,1.3012,0.5337,5.8397,0.3218,0.4574,0.2208,0.5418,0.4544,4.7042,0.9733,0.6024
7,3,2746,2748,3,2,2,0.5833,2747.300,820.663,542.225,9.8090,14.0000,1.2250,0.7613,4.5417,0.3772,0.3083,0.3146,0.9758,0.2185,4.3794,1.2976,0.5000
4,3,2746,2747,2,2,2,0.5000,2746.460,832.720,1015.800,8.1102,14.0000,1.1200,0.8775,4.5418,0.5916,0.1015,0.3069,0.7071,0.7071,4.5417,1.6221,0.8000
3,3,2747,2749,3,1,1,1.0000,2748.000,768.000,1030.000,7.3044,13.0000,1.0000,1.0000,4.2173,0.8889,0.0000,0.1111,1.0000,0.0000,3.8928,0.9732,1.0000
5,3,2747,2748,2,2,2,0.6250,2747.444,823.159,934.571,9.1398,15.0000,1.1905,0.8126,4.8660,0.3432,0.2505,0.4063,0.6059,0.3645,4.2172,0.4866,0.6508
3,3,2749,2750,2,2,1,0.7500,2749.325,522.675,623.000,7.4915,14.0000,1.0500,0.4596,4.5415,0.5333,0.2667,0.2000,0.7071,0.0000,4.5415,1.9463,1.0000
5,3,2750,2752,3,3,1,0.5556,2750.985,469.015,767.000,9.4294,19.0000,1.4615,0.0218,6.1632,0.0000,0.8276,0.1724,1.0000,0.0000,4.5413,1.9463,0.7077
4,4,2751,2752,2,2,1,1.0000,2751.473,544.491,776.000,8.9204,15.0000,1.0909,0.6815,4.8657,0.0000,0.7500,0.2500,1.0000,0.0000,4.0547,1.1353,1.0000
5,3,2752,2754,3,2,2,0.4167,2752.924,961.788,908.682,9.5742,16.0000,1.2121,0.3898,5.1899,0.5461,0.2256,0.2283,0.8117,0.4177,5.1899,1.9462,0.6818
3,3,2753,2754,2,2,1,0.7500,2753.349,554.349,943.000,8.0528,15.0000,1.0465,0.7387,4.8656,0.5333,0.2667,0.2000,0.7071,0.0000,5.1899,1.9462,1.0000
5,3,2753,2755,3,2,1,0.8333,2754.108,767.369,829.000,9.4289,15.0000,1.1538,1.1676,4.8656,0.5854,0.2927,0.1220,0.9487,0.0000,3.8924,0.6487,0.6615
3,3,2753,2754,2,2,1,0.7500,2753.326,831.674,1099.000,8.0528,15.0000,1.0465,0.4604,4.8656,0.5333,0.2667,0.2000,0.7071,0.0000,4.8656,1.6218,1.0000
5,3,2755,2757,3,1,2,0.8333,2755.883,508.000,956.600,8.7034,14.0000,1.1667,0.4167,4.5410,0.5854,0.2927,0.1220,0.9487,0.0000,4.5410,1.9461,0.6667
6,3,2756,2758,3,2,3,0.3333,2756.861,527.708,809.014,9.5340,14.0000,1.1667,0.3233,4.5410,0.7883,0.0590,0.1528,0.8297,0.1610,4.2166,1.2974,0.5694
5,3,2757,2758,2,1,3,0.8333,2757.581,870.000,836.645,8.9934,17.0000,1.3710,0.8680,5.5140,0.5854,0.2927,0.1220,0.3162,0.0000,4.8653,1.9461,0.7097
6,3,2757,2758,2,2,2,0.7500,2757.568,915.630,1091.247,10.7257,19.0000,1.4074,0.8026,6.1627,0.2000,0.3333,0.4667,0.0000,0.0000,4.5409,1.9461,0.6173
3,3,2757,2759,3,1,1,1.0000,2758.022,942.000,1031.000,8.6142,17.0000,1.1087,0.0217,5.5140,0.8889,0.0000,0.1111,1.0000,0.0000,5.1896,1.6217,1.0000
5,3,2759,2761,3,1,2,0.8333,2759.770,906.000,737.443,8.8482,14.0000,1.1475,0.9510,4.5409,0.5854,0.2927,0.1220,0.9487,0.0000,3.8922,0.9730,0.6721
5,3,2759,2761,3,1,3,0.5556,2760.329,730.000,1217.029,10.1536,18.0000,1.2857,0.6720,5.8382,0.5532,0.3398,0.1070,0.8281,0.0000,4.8652,1.2974,0.7000
4,3,2759,2761,3,1,2,0.6667,2760.059,899.000,1055.471,8.2708,14.0000,1.0980,1.0523,4.5408,0.7576,0.1294,0.1129,0.8507,0.0000,4.5409,0.6487,0.7843
4,3,2761,2762,2,2,2,0.5000,2761.736,587.453,1064.830,8.5951,15.0000,1.1321,0.5511,4.8651,0.5916,0.1015,0.3069,0.5000,0.5000,5.3517,1.2974,0.8302
4,3,2761,2762,2,2,2,0.5000,2761.510,636.804,1215.255,8.2707,15.0000,1.1765,0.6028,4.8652,0.5916,0.1015,0.3069,0.7071,0.7071,3.8921,0.9730,0.8039
6,3,2767,2768,2,2,2,0.7500,2767.493,608.268,824.394,9.4011,15.0000,1.2676,0.8255,4.8651,0.2000,0.3333,0.4667,0.0000,0.0000,4.2164,1.6217,0.5775
4,3,2767,2770,4,1,1,1.0000,2768.340,690.000,710.000,8.1084,14.0000,1.1200,1.3400,4.5407,0.9375,0.0000,0.0625,1.0000,0.0000,4.8651,1.4595,0.8200
31,14,2767,2771,5,5,6,0.2067,2769.304,957.320,1252.498,25.8643,28.0000,1.9550,0.6652,9.0815,0.4166,0.3073,0.2761,0.4132,0.7835,3.8921,0.9730,0.6306
11,3,2769,2770,2,4,3,0.4583,2769.553,679.561,946.909,12.9085,20.0000,1.6667,0.6333,6.4868,0.7217,0.0515,0.2268,0.1279,0.7679,3.8921,0.9730,0.3561
4,3,2771,2772,2,2,2,0.5000,2771.250,567.173,938.288,8.4328,15.0000,1.1538,0.4191,4.8651,0.0000,0.5625,0.4375,0.4459,0.5774,5.1894,2.1082,0.8269
4,3,2774,2775,2,2,1,1.0000,2774.538,893.538,667.000,8.4329,15.0000,1.1538,0.6527,4.8652,0.0000,0.7500,0.2500,1.0000,0.0000,4.5408,1.2974,0.7885
4,3,2776,2777,2,3,1,0.6667,2776.725,874.392,969.000,8.2709,15.0000,1.1765,0.6670,4.8652,0.7500,0.1500,0.1000,0.3162,0.0000,5.0274,1.2974,0.8235
4,3,2776,2777,2,2,1,1.0000,2776.556,1191.537,891.000,8.7574,16.0000,1.1852,0.6971,5.1896,0.0000,0.7500,0.2500,1.0000,0.0000,5.0274,1.6217,0.8333
4,3,2777,2778,2,1,2,1.0000,2777.500,907.000,680.538,8.4331,15.0000,1.1538,0.6805,4.8652,0.0000,0.7500,0.2500,0.0000,0.0000,4.8653,1.4596,0.7885
9,3,2778,2780,3,3,2,0.5000,2779.202,620.000,909.731,11.2443,18.0000,1.5577,0.3365,5.8384,0.2906,0.3401,0.3693,0.5397,0.3250,3.8922,1.7839,0.4519
5,3,2778,2780,3,2,2,0.4167,2779.000,929.281,746.141,9.2836,20.0000,1.5625,0.3144,6.4871,0.1521,0.5234,0.3245,1.0000,0.0000,4.5409,0.9731,0.7188
5,3,2779,2781,3,2,1,0.8333,2779.781,783.375,950.000,9.2836,15.0000,1.1719,0.4341,4.8654,0.5854,0.2927,0.1220,0.9487,0.0000,4.5410,1.2974,0.6406
4,3,2782,2783,2,2,1,1.0000,2782.481,859.463,1039.000,8.7579,16.0000,1.1852,0.6951,5.1899,0.0000,0.7500,0.2500,1.0000,0.0000,4.8655,1.9462,0.8148
6,4,2783,2785,3,1,2,1.0000,2783.880,388.000,831.493,9.9318,16.0000,1.2800,1.0088,5.1899,0.5556,0.3333,0.1111,1.0000,0.0000,4.5412,1.6219,0.7333
4,3,2783,2785,3,1,2,0.6667,2783.944,894.000,1058.759,8.7580,18.0000,1.3333,0.2471,5.8387,0.5357,0.3214,0.1429,1.0000,0.0000,4.5412,1.2975,0.8148
5,3,2783,2785,3,2,1,0.8333,2784.277,923.354,884.000,9.4291,17.0000,1.3077,0.4493,5.5143,0.5854,0.2927,0.1220,0.9487,0.0000,4.5412,0.9731,0.6923
4,3,2787,2788,2,2,2,0.5000,2787.549,988.196,493.275,8.2718,14.0000,1.0980,0.5632,4.5414,0.5916,0.1015,0.3069,0.7071,0.7071,4.7036,1.9463,0.8039
9,3,2789,2792,4,3,3,0.2500,2790.843,536.402,1036.167,11.0295,15.0000,1.3235,0.6403,4.8660,0.7393,0.1300,0.1306,0.7488,0.6627,3.8928,1.2976,0.4118
3,3,2795,2797,3,1,1,1.0000,2795.976,743.000,931.000,7.8669,15.0000,1.0714,0.0238,4.8664,0.8889,0.0000,0.1111,1.0000,0.0000,4.8663,0.8111,1.0000
5,3,2795,2797,3,2,1,0.8333,2796.155,875.408,865.000,10.3012,21.0000,1.4789,0.4368,6.8129,0.5854,0.2927,0.1220,0.9487,0.0000,4.8664,1.1355,0.7042
7,3,2795,2797,3,2,2,0.5833,2795.734,955.468,1029.405,9.6870,14.0000,1.2405,0.7193,4.5419,0.4470,0.2636,0.2894,0.8599,0.3065,4.2174,0.6488,0.5063
3,3,2796,2798,3,1,1,1.0000,2797.000,809.000,1059.000,7.6797,14.0000,1.0244,1.0000,4.5421,0.8889,0.0000,0.1111,1.0000,0.0000,4.2175,1.6222,1.0000
8,3,2799,2801,3,2,3,0.4444,2800.214,352.704,958.776,11.2415,16.0000,1.3061,0.8573,5.1911,0.4880,0.3511,0.1609,0.3617,0.1395,4.3801,0.6489,0.4592
25,13,2799,2803,5,6,3,0.2778,2800.590,741.370,1309.093,20.8945,19.0000,1.4752,1.2522,6.1645,0.8087,0.0568,0.1345,0.5665,0.8237,4.5422,1.2978,0.6273
4,3,2801,2803,3,2,1,0.6667,2801.904,834.558,1079.000,8.4359,15.0000,1.1538,0.4526,4.8669,0.7576,0.1294,0.1129,0.8507,0.0000,4.8668,0.9734,0.8269
4,3,2802,2803,2,2,2,0.5000,2802.745,648.196,1124.255,8.2738,15.0000,1.1765,0.4104,4.8669,0.0000,0.5625,0.4375,0.4459,0.5774,4.5424,0.9734,0.8039
3,3,2803,2804,2,1,2,0.7500,2803.698,884.000,975.674,8.0552,16.0000,1.1163,0.4443,5.1915,0.5333,0.2667,0.2000,0.7071,0.0000,4.5426,0.6490,1.0000
5,3,2808,2809,2,3,1,0.8333,2808.583,923.700,774.000,8.7072,14.0000,1.1667,0.9112,4.5429,0.5854,0.2927,0.1220,0.3162,0.0000,4.5430,1.7847,0.6667
3,3,2809,2810,2,2,1,0.7500,2809.325,499.650,887.000,7.4940,14.0000,1.0500,0.7267,4.5430,0.5333,0.2667,0.2000,0.7071,0.0000,4.5431,0.9735,1.0000
4,3,2809,2810,2,2,1,1.0000,2809.569,595.552,904.000,9.4106,20.0000,1.3793,0.6219,6.4901,0.0000,0.7500,0.2500,1.0000,0.0000,4.5430,0.8113,0.7931
4,3,2810,2811,2,2,2,0.5000,2810.740,623.220,915.480,8.1128,13.0000,1.0400,0.9091,4.2187,0.5916,0.1015,0.3069,0.5000,0.5000,3.8941,0.9735,0.7800
7,3,2812,2813,2,3,2,0.5833,2812.556,693.889,832.691,9.9353,14.0000,1.2099,0.8938,4.5433,0.3883,0.1309,0.4808,0.3626,0.5691,3.8943,0.9736,0.5062
4,3,2813,2814,2,1,2,1.0000,2813.538,484.000,940.558,8.4377,15.0000,1.1538,0.6393,4.8680,0.0000,0.7500,0.2500,0.0000,0.0000,4.0566,1.1358,0.8077
4,3,2815,2816,2,2,1,1.0000,2815.471,891.471,508.000,8.2758,14.0000,1.0980,0.7083,4.5436,0.0000,0.7500,0.2500,1.0000,0.0000,4.7058,1.9472,0.8039
5,3,2817,2819,3,2,2,0.4167,2818.297,592.781,1131.141,9.2894,16.0000,1.2500,0.7497,5.1930,0.6489,0.0995,0.2515,0.9362,0.2726,5.1929,1.6228,0.6875
4,3,2820,2821,2,1,2,1.0000,2820.560,890.000,1151.560,8.1143,15.0000,1.2000,0.6223,4.8686,0.0000,0.7500,0.2500,0.0000,0.0000,4.5440,0.6492,0.8200
4,3,2821,2822,2,1,2,1.0000,2821.440,684.000,1253.440,8.1144,15.0000,1.2000,0.6223,4.8686,0.0000,0.7500,0.2500,0.0000,0.0000,4.8686,1.2983,0.8200
5,3,2823,2825,3,2,1,0.8333,2824.281,802.391,893.000,9.2904,16.0000,1.2500,0.4813,5.1934,0.5854,0.2927,0.1220,0.9487,0.0000,4.8689,1.6229,0.6875
4,3,2824,2826,3,1,2,0.6667,2824.827,998.000,813.173,8.4395,17.0000,1.3077,0.2448,5.5181,0.7500,0.1500,0.1000,0.9487,0.0000,4.8689,1.6230,0.8269
4,3,2828,2829,2,1,3,0.6667,2828.245,728.000,1188.623,8.6022,16.0000,1.2075,0.6692,5.1938,0.7500,0.1500,0.1000,0.3162,0.0000,4.8692,1.4608,0.8302
3,3,2831,2831,1,1,3,1.0000,2831.000,564.000,1240.000,7.8717,14.0000,1.0000,1.0000,4.5448,0.8889,0.0000,0.1111,0.0000,1.0000,4.8694,1.2985,1.0000
4,3,2831,2832,2,2,2,0.5000,2831.426,640.759,1031.833,8.7649,18.0000,1.3333,0.5169,5.8433,0.5916,0.1015,0.3069,0.7071,0.7071,4.7071,1.2985,0.8333
3,3,2831,2833,3,1,1,1.0000,2831.953,791.000,1002.000,8.0593,16.0000,1.1163,0.9535,5.1940,0.8889,0.0000,0.1111,1.0000,0.0000,4.8695,0.9739,1.0000
4,3,2831,2832,2,1,3,0.6667,2831.265,792.000,775.061,7.9533,13.0000,1.0612,0.2723,4.2202,0.5357,0.3214,0.1429,0.0000,0.0000,4.5447,0.9739,0.7959
4,3,2831,2831,1,2,2,1.0000,2831.000,882.480,811.440,8.1156,15.0000,1.2000,0.6812,4.8694,0.0000,0.7500,0.2500,0.0000,1.0000,4.5448,1.1362,0.8200
17,4,2834,2837,4,4,4,0.2656,2835.424,707.693,1310.127,16.1411,21.0000,1.7415,0.9095,6.8175,0.5744,0.1145,0.3111,0.6712,0.6379,3.8956,1.2986,0.3512
25,12,2836,2840,5,5,3,0.3333,2837.923,699.641,1309.813,21.8813,25.0000,1.8546,0.6721,8.1162,0.2579,0.4160,0.3261,0.7636,0.1270,4.2205,0.9739,0.6024
4,3,2837,2839,3,1,2,0.6667,2838.083,738.000,961.833,9.7395,19.0000,1.2667,0.1863,6.1683,0.5357,0.3214,0.1429,1.0000,0.0000,5.3567,0.3247,0.8333
4,3,2839,2841,3,2,1,0.6667,2840.061,941.531,577.000,7.9540,13.0000,1.0612,0.5341,4.2205,0.7576,0.1294,0.1129,0.8507,0.0000,4.8698,1.4609,0.7959
5,3,2841,2843,3,2,2,0.4167,2842.484,877.234,902.141,9.2922,16.0000,1.2500,0.5836,5.1945,0.6338,0.1686,0.1975,0.9585,0.2851,5.1945,1.2986,0.7188
4,3,2842,2843,2,1,2,1.0000,2842.446,651.000,1101.411,9.0904,18.0000,1.2857,0.6066,5.8438,0.0000,0.7500,0.2500,0.0000,0.0000,4.2205,1.2986,0.8214
4,3,2844,2846,3,1,2,0.6667,2844.982,547.000,1155.818,8.9281,16.0000,1.1636,0.1827,5.1945,0.5357,0.3214,0.1429,1.0000,0.0000,5.3568,2.1103,0.8182
4,3,2845,2847,3,1,2,0.6667,2845.961,678.000,1280.490,8.2787,14.0000,1.0980,0.5113,4.5452,0.7576,0.1294,0.1129,0.8507,0.0000,4.8698,1.6233,0.7843
5,3,2845,2846,2,2,2,0.6250,2845.762,820.349,1146.635,9.1470,15.0000,1.1905,0.9142,4.8699,0.3432,0.2505,0.4063,0.5155,0.8569,4.8699,1.1363,0.6508
3,3,2845,2846,2,2,1,0.7500,2845.711,1017.311,534.000,8.4348,18.0000,1.2000,0.4246,5.8438,0.5333,0.2667,0.2000,0.7071,0.0000,5.0322,1.6233,1.0000
5,3,2846,2848,3,1,2,0.8333,2847.319,961.000,1223.522,10.0181,19.0000,1.3768,0.8580,6.1685,0.5854,0.2927,0.1220,0.9487,0.0000,4.8698,0.9740,0.6957
4,3,2848,2849,2,1,2,1.0000,2848.460,889.000,796.560,8.1164,14.0000,1.1200,0.6366,4.5452,0.0000,0.7500,0.2500,0.0000,0.0000,4.7075,0.3247,0.8200
4,3,2849,2850,2,2,2,0.5000,2849.735,460.816,948.714,7.9540,14.0000,1.1429,0.7838,4.5451,0.0000,0.5625,0.4375,0.4459,0.5774,4.5451,0.6493,0.8163
7,4,2849,2851,3,1,3,0.7778,2849.989,614.000,1143.736,11.1663,15.0000,1.1538,1.0236,4.8698,0.1247,0.7481,0.1273,1.0000,0.0000,4.8698,1.1363,0.6374
6,3,2850,2852,3,2,2,0.5000,2851.308,567.141,879.705,10.3379,18.0000,1.3846,0.4489,5.8437,0.5034,0.2551,0.2415,0.9677,0.2521,4.7074,1.6232,0.6026
7,3,2850,2852,3,2,3,0.3889,2850.988,1057.494,878.843,10.1846,16.0000,1.3494,0.5184,5.1944,0.1909,0.4622,0.3468,0.4205,0.6127,4.2204,1.6233,0.5060
3,3,2851,2852,2,1,2,0.7500,2851.333,728.000,1127.333,7.8723,14.0000,1.0000,0.4714,4.5451,0.5333,0.2667,0.2000,0.7071,0.0000,5.1944,1.6232,1.0000
3,3,2857,2858,2,2,1,0.7500,2857.683,1089.317,825.000,7.6844,15.0000,1.0976,0.4484,4.8694,0.5333,0.2667,0.2000,0.7071,0.0000,4.8694,1.2985,1.0000
7,4,2859,2861,3,2,2,0.5833,2859.677,229.710,804.742,11.4105,17.0000,1.2796,0.5049,5.5185,0.3772,0.3083,0.3146,0.9758,0.2185,4.5446,1.2985,0.6452
7,3,2860,2863,4,2,2,0.4375,2861.402,677.241,913.529,10.6741,18.0000,1.4483,0.8337,5.8429,0.7764,0.0638,0.1598,0.8790,0.1860,3.8954,2.1099,0.5402
5,3,2862,2863,2,2,2,0.6250,2862.529,820.456,1055.868,9.8713,17.0000,1.2500,0.7111,5.5183,0.3432,0.2505,0.4063,0.6059,0.3645,5.1937,0.9738,0.7059
7,3,2863,2865,3,2,3,0.3889,2863.803,611.118,841.289,9.3240,13.0000,1.1974,0.3698,4.2197,0.5453,0.2435,0.2112,0.6879,0.1639,3.5706,1.2984,0.5132
5,3,2866,2867,2,2,2,0.6250,2866.159,551.571,916.540,9.1448,16.0000,1.2698,0.8019,5.1933,0.3432,0.2505,0.4063,0.5155,0.8569,4.5441,1.6229,0.6667
5,3,2866,2867,2,2,2,0.6250,2866.585,613.138,880.538,9.4350,15.0000,1.1538,0.8068,4.8687,0.3432,0.2505,0.4063,0.6059,0.3645,4.8686,0.9737,0.6769
4,3,2866,2867,2,2,1,1.0000,2866.453,634.453,897.000,8.6013,16.0000,1.2075,0.6404,5.1933,0.0000,0.7500,0.2500,1.0000,0.0000,4.5440,0.9737,0.7925
4,3,2867,2868,2,1,2,1.0000,2867.442,328.000,936.462,8.4388,15.0000,1.1538,0.6968,4.8686,0.0000,0.7500,0.2500,0.0000,0.0000,4.2194,0.6492,0.8269
4,3,2867,2869,3,1,2,0.6667,2868.020,481.000,1073.184,7.9518,14.0000,1.1429,0.9967,4.5438,0.5357,0.3214,0.1429,1.0000,0.0000,4.8685,0.6491,0.8163
5,3,2867,2868,2,2,2,0.6250,2867.617,840.583,934.850,8.7091,15.0000,1.2500,0.7139,4.8685,0.3432,0.2505,0.4063,0.6059,0.3645,4.5439,1.2983,0.6833
5,3,2868,2869,2,2,2,0.6250,2868.617,254.783,781.667,8.7089,14.0000,1.1667,0.7337,4.5439,0.3432,0.2505,0.4063,0.6059,0.3645,4.8683,1.2982,0.6667
6,3,2868,2869,2,2,2,0.7500,2868.600,552.707,1125.613,9.9376,17.0000,1.3600,0.7888,5.5175,0.2000,0.3333,0.4667,0.0000,0.0000,4.5438,1.4605,0.6000
4,3,2871,2872,2,2,2,0.5000,2871.551,483.714,766.184,7.9512,14.0000,1.1429,0.8634,4.5435,0.5916,0.1015,0.3069,0.7071,0.7071,4.8681,1.7850,0.8163
5,4,2872,2874,3,1,3,0.5556,2872.700,739.000,1157.086,10.1593,17.0000,1.2143,1.2918,5.5171,0.8123,0.1108,0.0769,0.7071,0.0000,5.1924,1.9471,0.8714
4,3,2872,2874,3,2,1,0.6667,2872.833,771.815,848.000,8.7622,15.0000,1.1111,0.2491,4.8679,0.7500,0.1500,0.1000,0.9487,0.0000,5.0301,1.4604,0.8148
5,4,2873,2875,3,1,2,0.8333,2873.738,591.000,840.554,9.4334,16.0000,1.2308,0.6125,5.1923,0.5854,0.2927,0.1220,0.9487,0.0000,4.8679,1.6226,0.8615
3,3,2873,2874,2,2,1,0.7500,2873.333,960.667,923.000,7.3072,13.0000,1.0000,0.7454,4.2188,0.5333,0.2667,0.2000,0.7071,0.0000,4.5434,1.6226,1.0000
3,3,2875,2876,2,1,2,0.7500,2875.667,320.000,992.333,7.3067,13.0000,1.0000,0.7454,4.2186,0.5333,0.2667,0.2000,0.7071,0.0000,4.8675,1.9471,1.0000
4,3,2875,2877,3,1,2,0.6667,2875.981,1015.000,1140.472,8.5993,15.0000,1.1321,0.4721,4.8675,0.7576,0.1294,0.1129,0.8507,0.0000,4.5430,0.4868,0.7736
6,3,2876,2878,3,2,2,0.5000,2876.699,550.137,891.507,9.6706,16.0000,1.3151,0.5940,5.1919,0.6373,0.1269,0.2358,0.8795,0.0724,4.2184,0.9735,0.5753
4,3,2876,2877,2,1,2,1.0000,2876.429,805.000,1153.500,9.0859,17.0000,1.2143,0.6585,5.5165,0.0000,0.7500,0.2500,0.0000,0.0000,4.8674,0.6490,0.8036
4,4,2877,2878,2,1,2,1.0000,2877.500,569.000,799.482,9.0856,15.0000,1.0714,0.6946,4.8672,0.0000,0.7500,0.2500,0.0000,0.0000,4.2184,0.3245,1.0000
5,3,2879,2880,2,2,2,0.6250,2879.333,276.383,643.217,8.7065,14.0000,1.1667,0.7337,4.5426,0.3432,0.2505,0.4063,0.6059,0.3645,4.7049,1.2979,0.6667
10,3,2879,2881,3,4,2,0.4167,2880.307,633.158,854.456,11.6969,15.0000,1.3158,0.5721,4.8670,0.6203,0.2096,0.1702,0.0513,0.2392,4.2180,1.6223,0.3772
3,3,2879,2880,2,1,2,0.7500,2879.372,653.000,859.674,8.0553,16.0000,1.1163,0.7073,5.1915,0.5333,0.2667,0.2000,0.7071,0.0000,4.8671,2.2713,1.0000
3,3,2883,2884,2,1,2,0.7500,2883.667,995.000,584.667,7.3052,13.0000,1.0000,0.7454,4.2177,0.5333,0.2667,0.2000,0.7071,0.0000,4.5420,0.9733,1.0000
7,3,2886,2888,3,2,3,0.3889,2887.301,491.398,1111.000,10.1769,15.0000,1.2651,0.4988,4.8661,0.5780,0.1560,0.2660,0.7697,0.1362,4.5418,1.6220,0.5060
3,3,2886,2887,2,2,1,0.7500,2886.310,629.667,1129.000,7.8666,15.0000,1.0714,0.4549,4.8662,0.5333,0.2667,0.2000,0.7071,0.0000,5.1906,1.9465,1.0000
5,3,2887,2888,2,2,2,0.6250,2887.390,809.847,748.610,8.5596,14.0000,1.1864,0.7400,4.5417,0.3432,0.2505,0.4063,0.6059,0.3645,4.5417,1.2976,0.6949
4,3,2887,2888,2,1,2,1.0000,2887.451,906.000,649.490,8.2723,15.0000,1.1765,0.6806,4.8661,0.0000,0.7500,0.2500,0.0000,0.0000,4.5416,1.6220,0.8039
3,3,2889,2890,2,2,1,0.7500,2889.295,850.705,804.000,8.2406,18.0000,1.2273,0.4178,5.8390,0.5333,0.2667,0.2000,0.7071,0.0000,4.8658,1.7841,1.0000
4,3,2890,2891,2,1,2,1.0000,2890.528,579.000,889.472,8.5960,15.0000,1.1321,0.6671,4.8656,0.0000,0.7500,0.2500,0.0000,0.0000,4.5413,1.2976,0.7736
3,3,2890,2891,2,2,1,0.7500,2890.705,819.659,889.000,8.2403,16.0000,1.0909,0.4511,5.1900,0.5333,0.2667,0.2000,0.7071,0.0000,5.5144,2.2707,1.0000
4,3,2890,2890,1,2,2,1.0000,2890.000,883.564,977.527,8.9205,18.0000,1.3091,0.6433,5.8389,0.0000,0.7500,0.2500,0.0000,1.0000,4.5413,0.8109,0.8000
3,3,2894,2895,2,1,2,0.7500,2894.325,517.000,1170.675,7.4905,14.0000,1.0500,0.4596,4.5409,0.5333,0.2667,0.2000,0.7071,0.0000,5.1896,1.6218,1.0000
5,3,2894,2896,3,1,2,0.8333,2895.161,548.000,1189.645,8.9932,14.0000,1.1290,0.3898,4.5408,0.5854,0.2927,0.1220,0.9487,0.0000,4.7029,1.1352,0.6452
5,3,2897,2899,3,1,3,0.5556,2898.000,895.000,995.852,8.8476,13.0000,1.0656,1.3140,4.2163,0.5532,0.3398,0.1070,0.5606,0.0000,4.5405,1.4595,0.8525
4,3,2898,2899,2,1,3,0.6667,2898.264,495.000,1003.642,8.5946,15.0000,1.1321,0.6938,4.8649,0.7500,0.1500,0.1000,0.3162,0.0000,4.8648,0.9730,0.8113
4,3,2898,2899,2,1,2,1.0000,2898.528,650.000,1178.509,8.5945,14.0000,1.0566,0.6943,4.5405,0.0000,0.7500,0.2500,0.0000,0.0000,4.7026,0.3243,0.7736
3,3,2898,2899,2,1,2,0.7500,2898.674,756.000,1035.674,8.6133,16.0000,1.0435,0.4612,5.1891,0.5333,0.2667,0.2000,0.7071,0.0000,5.5135,1.9459,1.0000
4,3,2898,2899,2,1,3,0.6667,2898.455,806.000,1113.109,8.9188,16.0000,1.1636,1.0002,5.1892,0.7576,0.1294,0.1129,0.5257,0.0000,5.0270,1.4595,0.8182
3,3,2900,2901,2,1,2,0.7500,2900.667,777.000,1043.667,7.3023,13.0000,1.0000,0.7454,4.2161,0.5333,0.2667,0.2000,0.7071,0.0000,4.5403,2.2701,1.0000
4,3,2901,2902,2,2,2,0.5000,2901.275,736.745,965.176,8.2698,15.0000,1.1765,0.4141,4.8646,0.0000,0.5625,0.4375,0.4459,0.5774,5.0267,1.2972,0.8235
4,3,2903,2904,2,2,2,0.5000,2903.550,832.850,1133.750,9.7287,18.0000,1.2000,0.6225,5.8373,0.5916,0.1015,0.3069,0.7071,0.7071,5.6750,1.9457,0.8500
5,3,2904,2906,3,1,3,0.5556,2905.484,870.000,1081.532,8.9914,15.0000,1.2097,0.7414,4.8642,0.6646,0.2585,0.0769,0.7071,0.0000,4.8643,1.1350,0.7097
3,3,2907,2908,2,1,2,0.7500,2907.350,557.000,761.325,7.4887,14.0000,1.0500,0.7267,4.5398,0.5333,0.2667,0.2000,0.7071,0.0000,4.5398,1.9456,1.0000
5,3,2912,2913,2,3,2,0.4167,2912.627,798.000,988.610,8.5556,14.0000,1.1864,0.7151,4.5395,0.7383,0.0485,0.2132,0.5000,0.7071,4.5395,1.9455,0.6949
4,3,2914,2916,3,1,2,0.6667,2915.058,509.000,1075.538,8.4303,15.0000,1.1538,0.4651,4.8636,0.7576,0.1294,0.1129,0.8507,0.0000,4.7015,1.9454,0.8077
4,3,2915,2916,2,2,1,1.0000,2915.449,587.551,970.000,7.9439,14.0000,1.1429,0.6350,4.5394,0.0000,0.7500,0.2500,1.0000,0.0000,4.8636,1.7834,0.8163
4,3,2915,2915,1,1,4,1.0000,2915.000,701.000,1293.625,7.7818,13.0000,1.0833,0.6250,4.2152,0.9375,0.0000,0.0625,0.0000,1.0000,4.5394,0.6485,0.8125
6,3,2916,2918,3,2,2,0.5000,2917.043,661.580,897.478,9.1335,14.0000,1.2174,0.6382,4.5393,0.6168,0.1058,0.2774,0.7071,0.7071,4.3772,0.9727,0.5797
9,4,2916,2918,3,2,2,0.7500,2916.654,984.462,557.385,11.2403,14.0000,1.2115,0.7468,4.5393,0.4706,0.0000,0.5294,0.9045,0.0000,3.8909,1.1348,0.5096
4,3,2917,2919,3,1,2,0.6667,2917.918,874.000,1210.449,7.9438,14.0000,1.1429,0.4563,4.5393,0.7576,0.1294,0.1129,0.8507,0.0000,4.8635,0.9727,0.8163
4,3,2918,2919,2,1,2,1.0000,2918.527,654.000,956.436,8.9164,16.0000,1.1636,0.6433,5.1877,0.0000,0.7500,0.2500,0.0000,0.0000,4.2150,1.2969,0.8000
3,3,2919,2920,2,1,2,0.7500,2919.325,905.000,622.325,7.4878,14.0000,1.0500,0.4596,4.5393,0.5333,0.2667,0.2000,0.7071,0.0000,3.8908,1.2969,1.0000
4,3,2920,2921,2,2,2,0.5000,2920.735,475.184,1067.449,7.9436,14.0000,1.1429,0.5529,4.5392,0.5916,0.1015,0.3069,0.5000,0.5000,4.5392,1.2969,0.8163
3,3,2920,2921,2,1,2,0.7500,2920.651,850.000,1110.674,8.0493,15.0000,1.0465,0.7280,4.8635,0.5333,0.2667,0.2000,0.7071,0.0000,5.1876,2.1075,1.0000
6,3,2921,2922,2,2,2,0.7500,2921.521,612.616,1116.288,9.6627,15.0000,1.2329,0.8322,4.8634,0.2000,0.3333,0.4667,0.0000,0.0000,4.3771,0.9727,0.5616
3,3,2922,2924,3,1,1,1.0000,2922.951,612.000,1064.000,7.6748,15.0000,1.0976,0.9512,4.8634,0.8889,0.0000,0.1111,1.0000,0.0000,3.8907,1.2969,1.0000
4,3,2925,2927,3,1,2,0.6667,2926.080,592.000,965.280,8.1055,14.0000,1.1200,0.2912,4.5391,0.5357,0.3214,0.1429,1.0000,0.0000,5.0254,1.6211,0.8200
4,3,2926,2927,2,1,2,1.0000,2926.481,415.000,735.538,8.4297,14.0000,1.0769,0.6665,4.5391,0.0000,0.7500,0.2500,0.0000,0.0000,5.0254,0.9727,0.7885
5,3,2927,2928,2,2,2,0.6250,2927.607,757.443,830.164,8.8447,14.0000,1.1475,0.7017,4.5391,0.3432,0.2505,0.4063,0.6059,0.3645,4.5391,1.6211,0.6557
3,3,2932,2933,2,1,2,0.7500,2932.711,521.000,821.333,8.4234,17.0000,1.1333,0.4411,5.5117,0.5333,0.2667,0.2000,0.7071,0.0000,5.5117,2.2695,1.0000
7,3,2933,2936,4,2,2,0.4375,2934.369,1056.298,662.893,10.2935,16.0000,1.3333,0.7058,5.1874,0.8522,0.0413,0.1065,0.9646,0.1833,4.0527,0.6484,0.5357
3,3,2934,2935,2,1,2,0.7500,2934.659,554.000,1110.317,7.6746,14.0000,1.0244,0.7309,4.5390,0.5333,0.2667,0.2000,0.7071,0.0000,4.8632,0.6484,1.0000
4,3,2935,2936,2,2,2,0.5000,2935.222,852.241,1122.741,8.7538,15.0000,1.1111,0.4178,4.8632,0.0000,0.5625,0.4375,0.4459,0.5774,4.7011,1.4590,0.7778
6,3,2936,2937,2,3,2,0.5000,2936.568,496.811,528.851,9.7947,17.0000,1.3784,0.4949,5.5117,0.3810,0.3333,0.2857,0.3162,0.5071,4.3769,1.7832,0.6081
5,3,2937,2938,2,1,3,0.8333,2937.387,795.000,1177.726,8.9896,14.0000,1.1290,0.8226,4.5390,0.5854,0.2927,0.1220,0.3162,0.0000,4.8632,1.9453,0.6613
5,3,2937,2939,3,2,2,0.4167,2937.909,852.167,804.470,9.5696,16.0000,1.2121,1.0656,5.1874,0.5461,0.2256,0.2283,0.8117,0.4177,4.8632,1.2969,0.6818
8,4,2938,2940,3,3,2,0.4444,2939.226,788.415,826.528,12.1505,18.0000,1.3585,0.7090,5.8359,0.6120,0.1210,0.2669,0.5972,0.0222,4.8632,1.6211,0.6038
7,4,2939,2940,2,2,3,0.5833,2939.461,569.225,675.101,10.9062,18.0000,1.4157,1.0721,5.8359,0.5557,0.1817,0.2626,0.3005,0.5425,4.7011,1.6211,0.6517
3,3,2941,2942,2,1,2,0.7500,2941.333,823.000,1016.690,7.8618,15.0000,1.0714,0.4549,4.8632,0.5333,0.2667,0.2000,0.7071,0.0000,4.8633,2.2695,1.0000
3,3,2943,2944,2,2,1,0.7500,2943.341,648.683,997.000,7.6747,14.0000,1.0244,0.4660,4.5391,0.5333,0.2667,0.2000,0.7071,0.0000,4.0527,0.3242,1.0000
5,4,2944,2946,3,1,2,0.8333,2945.229,428.000,1233.600,10.1497,19.0000,1.3571,0.4607,6.1602,0.5854,0.2927,0.1220,0.9487,0.0000,4.5391,1.2969,0.8571
4,3,2944,2945,2,1,2,1.0000,2944.558,676.000,1141.423,8.4297,16.0000,1.2308,0.6121,5.1875,0.0000,0.7500,0.2500,0.0000,0.0000,5.0254,1.9453,0.8269
5,4,2945,2947,3,2,2,0.4167,2945.984,597.594,1028.844,9.2797,14.0000,1.0937,1.0763,4.5391,0.5461,0.2256,0.2283,0.8117,0.4177,4.5391,0.8105,0.8438
3,3,2946,2947,2,1,2,0.7500,2946.652,944.000,737.304,8.6107,16.0000,1.0435,0.7197,5.1876,0.5333,0.2667,0.2000,0.7071,0.0000,5.5118,0.9727,1.0000
4,3,2948,2949,2,2,1,1.0000,2948.519,674.556,1136.000,8.7541,15.0000,1.1111,0.6829,4.8634,0.0000,0.7500,0.2500,1.0000,0.0000,4.8634,1.7832,0.7963
7,3,2950,2952,3,1,3,0.7778,2950.942,409.000,669.291,10.5390,17.0000,1.3837,0.9857,5.5118,0.1247,0.7481,0.1273,1.0000,0.0000,3.8908,0.9727,0.5465
5,3,2950,2952,3,2,1,0.8333,2950.754,727.631,808.000,9.4249,15.0000,1.1538,0.8394,4.8634,0.5854,0.2927,0.1220,0.9487,0.0000,4.5392,1.4590,0.6462
5,3,2954,2955,2,1,3,0.8333,2954.571,422.000,1048.349,9.1351,18.0000,1.4286,0.7792,5.8362,0.5854,0.2927,0.1220,0.3162,0.0000,4.8635,1.2969,0.7143
3,3,2956,2957,2,1,2,0.7500,2956.311,484.000,1252.689,8.4239,17.0000,1.1333,0.4400,5.5120,0.5333,0.2667,0.2000,0.7071,0.0000,5.1878,1.4591,1.0000
3,3,2957,2959,3,1,1,1.0000,2958.000,637.000,993.000,7.3008,13.0000,1.0000,1.0000,4.2152,0.8889,0.0000,0.1111,1.0000,0.0000,3.8909,0.3242,1.0000
6,3,2958,2959,2,2,2,0.7500,2958.521,336.732,922.648,9.3984,15.0000,1.2676,0.8489,4.8636,0.2000,0.3333,0.4667,0.0000,0.0000,4.0530,0.6485,0.5915
4,3,2959,2960,2,2,2,0.5000,2959.421,465.842,747.281,9.2409,17.0000,1.1930,0.5301,5.5121,0.5916,0.1015,0.3069,0.7071,0.7071,5.3500,1.6212,0.8421
4,3,2963,2964,2,1,2,1.0000,2963.473,457.000,874.545,8.9170,16.0000,1.1636,0.6558,5.1880,0.0000,0.7500,0.2500,0.0000,0.0000,4.7017,1.6213,0.7818
4,3,2963,2963,1,2,2,1.0000,2963.000,619.540,945.540,8.1063,14.0000,1.1200,0.6505,4.5395,0.0000,0.7500,0.2500,0.0000,1.0000,4.5395,2.1076,0.8000
3,3,2963,2964,2,1,2,0.7500,2963.349,797.000,994.698,8.0499,15.0000,1.0465,0.4616,4.8638,0.5333,0.2667,0.2000,0.7071,0.0000,5.1880,1.1349,1.0000
9,3,2966,2968,3,4,2,0.3750,2967.295,889.568,1279.295,10.2683,14.0000,1.3263,0.8778,4.5397,0.7721,0.0366,0.1912,0.6548,0.1282,2.5941,0.9728,0.4211
6,3,2967,2969,3,1,3,0.6667,2967.634,566.000,1206.408,9.3990,15.0000,1.2676,0.6957,4.8640,0.6061,0.3030,0.0909,0.7071,0.0000,4.0533,0.9728,0.5915
4,3,2967,2968,2,1,2,1.0000,2967.442,680.000,582.462,8.4308,15.0000,1.1538,0.6393,4.8639,0.0000,0.7500,0.2500,0.0000,0.0000,4.7018,1.6213,0.8077
14,4,2968,2970,3,3,3,0.5185,2969.049,950.361,1254.923,15.8595,22.0000,1.6831,0.6458,7.1339,0.4398,0.0393,0.5210,0.2315,0.9727,3.4048,0.6485,0.4809
4,3,2970,2971,2,2,2,0.5000,2970.449,513.816,1005.735,7.9446,14.0000,1.1429,0.5529,4.5398,0.5916,0.1015,0.3069,0.7071,0.7071,4.5398,0.6486,0.8163
15,4,2973,2975,3,4,3,0.4167,2973.728,679.723,1308.386,15.4060,17.0000,1.3859,0.9921,5.5127,0.2932,0.2212,0.4855,0.6522,0.5222,4.2156,1.6214,0.4837
7,3,2974,2977,4,2,3,0.2917,2975.424,422.871,1053.235,10.4182,17.0000,1.4000,0.6359,5.5128,0.7332,0.1206,0.1462,0.8196,0.1284,4.2156,1.1350,0.5059
4,3,2976,2977,2,2,2,0.5000,2976.245,376.830,986.472,8.5935,16.0000,1.2075,0.6067,5.1885,0.5916,0.1015,0.3069,0.5000,0.5000,4.8643,1.2971,0.8302
4,3,2976,2978,3,2,1,0.6667,2976.940,614.740,987.000,8.1071,14.0000,1.1200,0.2668,4.5400,0.5357,0.3214,0.1429,1.0000,0.0000,4.5400,1.2971,0.8000
4,3,2976,2979,4,1,1,1.0000,2977.466,858.000,817.000,9.4043,17.0000,1.1724,0.5345,5.5129,0.9375,0.0000,0.0625,1.0000,0.0000,5.0264,1.6214,0.7931
4,3,2977,2977,1,2,2,1.0000,2977.000,461.540,1007.480,8.1071,14.0000,1.1200,0.6943,4.5400,0.0000,0.7500,0.2500,0.0000,1.0000,4.5400,1.6214,0.8000
3,3,2977,2978,2,1,2,0.7500,2977.302,485.000,796.651,8.0507,15.0000,1.0465,0.7179,4.8643,0.5333,0.2667,0.2000,0.7071,0.0000,5.5129,2.1078,1.0000
5,3,2977,2979,3,1,3,0.5556,2977.938,558.000,945.047,9.2817,15.0000,1.1719,0.9387,4.8643,0.0000,0.8276,0.1724,0.0000,0.0000,4.8643,2.2700,0.6719
12,3,2981,2984,4,3,3,0.3333,2982.431,780.077,693.277,12.1701,16.0000,1.4769,0.8452,5.1887,0.5018,0.0270,0.4711,0.7020,0.4707,3.4051,0.9729,0.3385
3,3,2983,2984,2,2,1,0.7500,2983.325,498.650,672.000,7.4894,14.0000,1.0500,0.7267,4.5402,0.5333,0.2667,0.2000,0.7071,0.0000,3.8916,1.1350,1.0000
5,3,2983,2984,2,2,2,0.6250,2983.610,596.390,851.847,8.5568,14.0000,1.1864,0.5720,4.5402,0.3432,0.2505,0.4063,0.6059,0.3645,4.5402,0.6486,0.6780
3,3,2983,2985,3,1,1,1.0000,2984.000,812.000,1200.000,7.4894,14.0000,1.0500,0.0000,4.5402,0.8889,0.0000,0.1111,1.0000,0.0000,4.5402,1.4593,1.0000
4,3,2984,2985,2,1,3,0.6667,2984.500,367.000,960.038,8.4318,15.0000,1.1538,0.5015,4.8645,0.7576,0.1294,0.1129,0.5257,0.0000,3.8916,0.6486,0.7885
4,3,2984,2986,3,2,1,0.6667,2985.000,733.816,1278.000,7.9454,14.0000,1.1429,0.1837,4.5402,0.5357,0.3214,0.1429,1.0000,0.0000,4.5402,1.6215,0.8163
5,3,2985,2987,3,2,1,0.8333,2985.873,576.698,746.000,9.1371,16.0000,1.2698,0.3272,5.1889,0.5854,0.2927,0.1220,0.9487,0.0000,4.8645,1.1351,0.6984
4,3,2985,2986,2,1,2,1.0000,2985.537,607.000,1307.500,8.7562,15.0000,1.1111,0.6814,4.8646,0.0000,0.7500,0.2500,0.0000,0.0000,5.0267,1.6215,0.7778
5,4,2986,2988,3,1,2,0.8333,2987.225,738.000,1050.380,10.2974,19.0000,1.3380,0.4420,6.1618,0.5854,0.2927,0.1220,0.9487,0.0000,4.8646,0.9729,0.8451
5,3,2987,2989,3,2,1,0.8333,2988.088,596.588,519.000,9.8623,16.0000,1.1765,0.5948,5.1889,0.5854,0.2927,0.1220,0.9487,0.0000,5.1889,1.7837,0.6912
3,3,2987,2988,2,1,2,0.7500,2987.350,702.000,1258.675,7.4895,14.0000,1.0500,0.7267,4.5403,0.5333,0.2667,0.2000,0.7071,0.0000,4.5403,0.3243,1.0000
3,3,2987,2988,2,1,2,0.7500,2987.675,756.000,1152.325,7.4895,14.0000,1.0500,0.4596,4.5403,0.5333,0.2667,0.2000,0.7071,0.0000,4.5403,1.6215,1.0000
4,3,2989,2990,2,2,2,0.5000,2989.469,568.265,1187.796,7.9456,13.0000,1.0612,0.5765,4.2160,0.5916,0.1015,0.3069,0.7071,0.7071,4.5403,0.6486,0.7959
5,3,2989,2991,3,1,2,0.8333,2990.158,712.000,1265.316,8.2670,13.0000,1.1404,1.2002,4.2160,0.5854,0.2927,0.1220,0.9487,0.0000,4.5403,0.9729,0.6842
5,3,2990,2992,3,1,2,0.8333,2990.800,323.000,833.317,8.7021,15.0000,1.2500,0.8604,4.8646,0.5854,0.2927,0.1220,0.9487,0.0000,4.8646,0.8108,0.6833
4,3,2992,2993,2,1,2,1.0000,2992.540,843.000,908.480,8.1078,14.0000,1.1200,0.6943,4.5404,0.0000,0.7500,0.2500,0.0000,0.0000,4.5404,1.6216,0.8000
5,3,2993,2995,3,1,2,0.8333,2994.048,966.000,1009.306,8.9923,15.0000,1.2097,0.3102,4.8647,0.6340,0.2717,0.0943,1.0000,0.0000,4.8647,0.6486,0.6935
4,3,2995,2997,3,1,2,0.6667,2995.660,756.000,987.740,8.1078,15.0000,1.2000,0.4280,4.8647,0.7500,0.1500,0.1000,0.9487,0.0000,4.5404,1.1351,0.8200
5,3,2995,2997,3,1,3,0.5556,2995.836,820.000,635.000,9.7175,16.0000,1.1940,0.8358,5.1890,0.5532,0.3398,0.1070,0.8281,0.0000,5.5133,1.6216,0.7015
4,3,2996,2998,3,1,2,0.6667,2997.020,359.000,713.510,8.2700,13.0000,1.0196,0.5102,4.2161,0.7576,0.1294,0.1129,0.8507,0.0000,4.5404,1.2973,0.7647
3,3,2998,2999,2,1,2,0.7500,2998.295,415.000,1067.386,8.2387,17.0000,1.1591,0.6811,5.5133,0.5333,0.2667,0.2000,0.7071,0.0000,4.8647,1.2973,1.0000
4,4,3000,3001,2,1,2,1.0000,3000.527,450.000,983.509,8.9186,15.0000,1.0909,0.6815,4.8647,0.0000,0.7500,0.2500,0.0000,0.0000,4.7026,0.9729,1.0000
5,3,3000,3002,3,1,2,0.8333,3001.234,628.000,1147.391,9.2824,17.0000,1.3281,0.4555,5.5133,0.5854,0.2927,0.1220,0.9487,0.0000,4.5404,0.8108,0.6875
4,3,3000,3001,2,2,2,0.5000,3000.820,778.260,882.740,8.1079,15.0000,1.2000,0.4094,4.8647,0.0000,0.5625,0.4375,0.4459,0.5774,4.5404,1.2973,0.8200
4,4,3000,3001,2,1,2,1.0000,3000.500,788.000,993.500,8.4322,13.0000,1.0000,0.7071,4.2161,0.0000,0.7500,0.2500,0.0000,0.0000,4.5404,1.2973,1.0000
7,3,3003,3005,3,4,2,0.2917,3003.989,232.865,748.899,10.9095,18.0000,1.4157,0.1689,5.8376,0.6623,0.1769,0.1608,0.0000,0.0000,4.2161,1.6216,0.5056
8,5,3003,3005,3,2,4,0.3333,3003.822,705.355,1032.673,12.2688,18.0000,1.3458,0.9537,5.8376,0.3592,0.5019,0.1390,0.6743,0.5084,5.0268,1.9459,0.7290
6,3,3005,3007,3,2,2,0.5000,3005.627,1000.133,802.493,9.9300,15.0000,1.2000,0.8086,4.8647,0.6373,0.1269,0.2358,0.8795,0.0724,3.7296,1.1351,0.5600
6,3,3006,3008,3,1,3,0.6667,3006.829,723.000,825.000,9.2679,14.0000,1.2000,1.0146,4.5403,0.6944,0.2222,0.0833,0.6000,0.0000,4.2160,1.2972,0.5714
5,3,3006,3007,2,2,3,0.4167,3006.390,807.831,1072.559,8.5571,13.0000,1.1017,0.7025,4.2160,0.6999,0.1281,0.1720,0.4304,0.6887,3.8917,1.2972,0.6610
4,3,3006,3007,2,1,3,0.6667,3006.481,1003.000,1237.981,8.7564,15.0000,1.1111,0.4818,4.8647,0.7576,0.1294,0.1129,0.5257,0.0000,5.0268,0.9729,0.7778
5,4,3010,3012,3,1,3,0.5556,3011.047,590.000,1143.688,9.2822,16.0000,1.2500,1.1752,5.1889,0.5532,0.3398,0.1070,0.5606,0.0000,4.8646,1.4594,0.8594
5,3,3012,3013,2,2,2,0.6250,3012.542,246.847,1064.593,8.5569,14.0000,1.1864,0.8181,4.5403,0.3432,0.2505,0.4063,0.6059,0.3645,4.5402,1.4594,0.6780
5,3,3014,3015,2,2,3,0.4167,3014.591,483.864,1168.015,9.5720,17.0000,1.2879,0.4315,5.5131,0.5461,0.2256,0.2283,0.5716,0.7118,4.5402,1.7837,0.6818
3,3,3016,3018,3,1,1,1.0000,3017.025,786.000,959.000,7.4893,14.0000,1.0500,0.9750,4.5401,0.8889,0.0000,0.1111,1.0000,0.0000,4.5401,0.4864,1.0000
6,3,3017,3019,3,2,2,0.5000,3017.973,544.135,802.635,9.7970,14.0000,1.1351,0.6499,4.5401,0.7074,0.0897,0.2030,0.9140,0.2540,4.7022,1.9457,0.5541
5,3,3017,3018,2,2,2,0.6250,3017.328,688.406,1031.781,9.2818,15.0000,1.1719,0.7128,4.8644,0.3432,0.2505,0.4063,0.6059,0.3645,5.1887,1.7836,0.6719
5,3,3018,3019,2,3,2,0.4167,3018.400,554.000,835.367,8.7016,15.0000,1.2500,0.7032,4.8643,0.7383,0.0485,0.2132,0.5000,0.7071,3.8915,1.1350,0.7000
4,3,3021,3022,2,1,3,0.6667,3021.750,535.000,943.692,8.4314,14.0000,1.0769,0.7361,4.5400,0.7500,0.1500,0.1000,0.3162,0.0000,4.8643,1.6214,0.7885
64,42,3022,3027,6,7,5,0.3048,3024.367,600.983,1300.420,43.0477,36.0000,2.1695,1.2422,11.6739,0.6226,0.0522,0.3251,0.6140,0.7848,4.5399,1.6214,0.7834
4,3,3023,3024,2,1,2,1.0000,3023.531,690.000,502.531,7.9448,13.0000,1.0612,0.7084,4.2156,0.0000,0.7500,0.2500,0.0000,0.0000,4.5399,1.2971,0.7959
5,3,3023,3024,2,3,2,0.4167,3023.410,780.016,781.148,8.8463,14.0000,1.1475,0.4359,4.5399,0.5461,0.2256,0.2283,0.5716,0.7118,4.5399,1.9457,0.6557
4,3,3024,3026,3,2,1,0.6667,3025.346,626.269,1189.000,8.4311,14.0000,1.0769,0.4385,4.5399,0.7500,0.1500,0.1000,0.9487,0.0000,4.8641,1.6214,0.8077
4,3,3025,3026,2,2,1,1.0000,3025.481,462.442,740.000,8.4311,15.0000,1.1538,0.6821,4.8641,0.0000,0.7500,0.2500,1.0000,0.0000,5.3505,0.9728,0.8077
8,3,3026,3028,3,3,3,0.2963,3027.020,420.265,849.582,11.2354,17.0000,1.3878,1.6540,5.5125,0.7370,0.0554,0.2076,0.6282,0.1550,4.0534,1.6213,0.4694
4,3,3026,3028,3,2,1,0.6667,3026.868,722.585,931.000,8.5932,16.0000,1.2075,0.9621,5.1884,0.7576,0.1294,0.1129,0.8507,0.0000,4.5398,1.2971,0.8302
3,3,3027,3028,2,2,1,0.7500,3027.675,694.675,818.000,7.4887,14.0000,1.0500,0.4596,4.5397,0.5333,0.2667,0.2000,0.7071,0.0000,4.5398,0.9728,1.0000
4,3,3029,3030,2,2,1,1.0000,3029.439,587.456,866.000,9.2415,19.0000,1.3333,0.6328,6.1610,0.0000,0.7500,0.2500,1.0000,0.0000,4.5397,1.4592,0.7895
5,3,3031,3032,2,3,1,0.8333,3031.621,504.155,969.000,8.4107,14.0000,1.2069,0.9261,4.5396,0.6340,0.2717,0.0943,0.0000,0.0000,4.8639,1.2970,0.6897
5,3,3033,3035,3,1,2,0.8333,3034.233,866.000,769.483,8.7006,15.0000,1.2500,0.5669,4.8638,0.5854,0.2927,0.1220,0.9487,0.0000,4.5395,1.6212,0.7000
6,3,3034,3036,3,3,1,0.6667,3035.343,983.414,536.000,9.2662,14.0000,1.2000,0.6787,4.5395,0.6061,0.3030,0.0909,0.7071,0.0000,4.5395,1.9455,0.5714
3,3,3035,3036,2,2,1,0.7500,3035.674,493.302,769.000,8.0498,16.0000,1.1163,0.4443,5.1879,0.5333,0.2667,0.2000,0.7071,0.0000,4.8637,1.6212,1.0000
4,3,3036,3038,3,2,1,0.6667,3037.264,762.245,971.000,8.5924,15.0000,1.1321,0.3605,4.8637,0.7500,0.1500,0.1000,0.9487,0.0000,4.5394,1.4591,0.7736
7,3,3037,3039,3,3,2,0.3889,3037.949,480.000,934.278,9.6816,17.0000,1.5063,0.2830,5.5121,0.5479,0.1606,0.2915,0.9003,0.3984,3.2424,1.2970,0.5443
5,3,3037,3038,2,2,2,0.6250,3037.400,648.369,1067.154,9.4254,18.0000,1.3846,0.5657,5.8364,0.3432,0.2505,0.4063,0.6059,0.3645,4.8636,1.6212,0.6769
4,3,3041,3042,2,2,1,1.0000,3041.463,230.519,760.000,8.7543,15.0000,1.1111,0.6951,4.8635,0.0000,0.7500,0.2500,1.0000,0.0000,4.8635,1.1348,0.7963
4,3,3042,3043,2,2,2,0.5000,3042.275,382.471,1043.824,8.2679,15.0000,1.1765,0.6219,4.8635,0.5916,0.1015,0.3069,0.5000,0.5000,4.7013,1.4590,0.8235
10,4,3042,3044,3,3,2,0.5556,3043.453,906.410,137.521,11.9960,16.0000,1.3675,0.8599,5.1876,0.4098,0.1756,0.4146,0.7071,0.4082,3.2423,1.2969,0.4872
4,3,3043,3044,2,1,2,1.0000,3043.517,650.000,804.550,9.7269,17.0000,1.1333,0.6852,5.5119,0.0000,0.7500,0.2500,0.0000,0.0000,5.3498,0.9727,0.8000
7,3,3045,3046,2,2,4,0.4375,3045.425,629.540,1113.747,10.6614,15.0000,1.2069,0.8283,4.8634,0.7899,0.0127,0.1974,0.3550,0.6115,3.8907,1.2969,0.4943
4,3,3046,3047,2,2,2,0.5000,3046.184,912.735,760.469,7.9435,14.0000,1.1429,0.6210,4.5391,0.5916,0.1015,0.3069,0.5000,0.5000,4.5391,1.2969,0.8163
3,3,3046,3047,2,1,2,0.7500,3046.705,947.000,902.705,8.2363,18.0000,1.2273,0.4178,5.8360,0.5333,0.2667,0.2000,0.7071,0.0000,4.8634,1.6211,1.0000
3,3,3047,3048,2,1,2,0.7500,3047.659,686.000,1208.364,8.2363,16.0000,1.0909,0.7219,5.1875,0.5333,0.2667,0.2000,0.7071,0.0000,5.5118,2.2695,1.0000
4,3,3047,3048,2,1,2,1.0000,3047.462,943.000,875.462,8.4297,15.0000,1.1538,0.6527,4.8633,0.0000,0.7500,0.2500,0.0000,0.0000,3.8906,0.9727,0.7885
4,3,3050,3051,2,2,2,0.5000,3050.444,773.833,800.759,8.7538,17.0000,1.2593,0.5322,5.5117,0.5916,0.1015,0.3069,0.7071,0.7071,5.1874,1.7832,0.8333
3,3,3051,3052,2,1,2,0.7500,3051.667,349.000,943.690,7.8617,15.0000,1.0714,0.4549,4.8632,0.5333,0.2667,0.2000,0.7071,0.0000,4.2148,0.6484,1.0000
3,3,3051,3053,3,1,1,1.0000,3052.000,846.000,911.000,8.0489,17.0000,1.1860,0.0000,5.5116,0.8889,0.0000,0.1111,1.0000,0.0000,3.8906,1.1347,1.0000
5,3,3059,3060,2,2,3,0.4167,3059.541,614.836,1157.918,8.8442,14.0000,1.1475,0.5712,4.5388,0.7729,0.0435,0.1836,0.4781,0.7852,4.8630,0.4863,0.6885
4,3,3060,3061,2,1,3,0.6667,3060.268,616.000,1106.911,9.0776,18.0000,1.2857,0.2823,5.8356,0.5357,0.3214,0.1429,0.0000,0.0000,5.0251,0.6484,0.8393
5,3,3060,3061,2,2,2,0.6250,3060.413,1007.619,578.143,9.1341,15.0000,1.1905,0.5795,4.8630,0.3432,0.2505,0.4063,0.6059,0.3645,4.5388,1.7831,0.6825
11,3,3064,3067,4,2,4,0.3438,3065.111,693.598,911.615,11.4365,14.0000,1.3162,1.3322,4.5387,0.6355,0.1581,0.2064,0.7967,0.1264,3.2419,1.6210,0.3504
3,3,3065,3066,2,1,2,0.7500,3065.698,841.000,994.698,8.0484,17.0000,1.1860,0.4276,5.5113,0.5333,0.2667,0.2000,0.7071,0.0000,4.5387,1.2968,1.0000
4,3,3066,3067,2,2,2,0.5000,3066.745,466.182,761.255,8.9152,17.0000,1.2364,0.4033,5.5112,0.0000,0.5625,0.4375,0.4459,0.5774,5.1870,1.7830,0.8182
4,3,3067,3068,2,1,2,1.0000,3067.458,406.000,965.458,7.7805,13.0000,1.0833,0.6482,4.2145,0.0000,0.7500,0.2500,0.0000,0.0000,4.5386,0.6484,0.8125
4,3,3067,3068,2,1,2,1.0000,3067.558,804.000,1017.423,8.4289,16.0000,1.2308,0.6121,5.1870,0.0000,0.7500,0.2500,0.0000,0.0000,4.7007,1.6210,0.8269
4,3,3068,3069,2,1,2,1.0000,3068.471,480.000,787.431,8.2668,15.0000,1.1765,0.6829,4.8628,0.0000,0.7500,0.2500,0.0000,0.0000,4.0524,0.6484,0.8235
4,3,3069,3070,2,1,2,1.0000,3069.451,409.000,1076.431,8.2667,15.0000,1.1765,0.6241,4.8628,0.0000,0.7500,0.2500,0.0000,0.0000,4.7007,1.1346,0.8235
4,3,3069,3070,2,1,3,0.6667,3069.538,437.000,1266.923,8.4288,15.0000,1.1538,1.0320,4.8628,0.7576,0.1294,0.1129,0.5257,0.0000,4.5386,0.4863,0.7885
6,3,3069,3071,3,1,2,1.0000,3069.909,473.000,1132.571,10.1908,18.0000,1.4026,0.4381,5.8353,0.5556,0.3333,0.1111,1.0000,0.0000,4.2144,0.9726,0.6234
4,3,3069,3070,2,1,3,0.6667,3069.236,627.000,922.073,8.9151,16.0000,1.1636,0.9569,5.1870,0.5357,0.3214,0.1429,0.0000,0.0000,4.7007,1.6209,0.7818
5,4,3071,3073,3,2,1,0.8333,3072.217,464.362,835.000,10.0035,17.0000,1.2319,0.4225,5.5111,0.5854,0.2927,0.1220,0.9487,0.0000,4.8627,1.2967,0.8406
6,3,3072,3074,3,3,1,0.6667,3073.162,364.297,942.000,9.7936,17.0000,1.3784,0.3386,5.5111,0.2083,0.6667,0.1250,0.4472,0.0000,4.2143,1.1346,0.5946
5,3,3072,3074,3,2,1,0.8333,3073.161,460.419,829.000,8.9886,15.0000,1.2097,0.4493,4.8627,0.5854,0.2927,0.1220,0.9487,0.0000,4.8627,1.4588,0.6613
6,3,3076,3078,3,2,3,0.3333,3077.104,419.416,991.078,10.1903,15.0000,1.1688,1.1821,4.8626,0.6378,0.1768,0.1854,0.7170,0.4222,5.1867,1.4588,0.7662
4,3,3076,3077,2,1,2,1.0000,3076.540,438.000,984.480,8.1043,14.0000,1.1200,0.6943,4.5384,0.0000,0.7500,0.2500,0.0000,0.0000,4.5384,1.2967,0.8000
7,3,3078,3079,2,2,3,0.5833,3078.435,493.250,640.543,11.2722,17.0000,1.2935,0.6782,5.5109,0.5694,0.1270,0.3036,0.2595,0.2173,4.5383,1.2967,0.5109
3,3,3078,3079,2,1,2,0.7500,3078.295,545.000,787.705,8.2350,18.0000,1.2273,0.4178,5.8350,0.5333,0.2667,0.2000,0.7071,0.0000,4.5384,1.1346,1.0000
3,3,3079,3080,2,1,2,0.7500,3079.381,323.000,792.310,7.8606,16.0000,1.1429,0.6921,5.1866,0.5333,0.2667,0.2000,0.7071,0.0000,4.5383,1.6208,1.0000
9,3,3079,3081,3,4,2,0.3750,3080.465,510.879,745.545,10.6973,13.0000,1.1818,0.7267,4.2141,0.4797,0.3336,0.1868,0.3135,0.2615,4.2141,1.6208,0.3939
6,3,3080,3082,3,3,1,0.6667,3081.380,287.190,983.000,10.4546,16.0000,1.2152,0.6487,5.1865,0.2083,0.6667,0.1250,0.8944,0.0000,4.5382,1.9449,0.5696
6,3,3080,3081,2,2,3,0.5000,3080.178,668.644,636.192,9.6607,14.0000,1.1507,0.6950,4.5383,0.5230,0.1584,0.3185,0.1207,0.8567,4.7003,1.2967,0.5616
4,4,3081,3082,2,1,2,1.0000,3081.534,776.000,971.466,9.4006,18.0000,1.2414,0.6583,5.8348,0.0000,0.7500,0.2500,0.0000,0.0000,4.7003,1.9449,1.0000
6,3,3083,3085,3,2,2,0.5000,3084.403,512.542,799.125,9.5279,16.0000,1.3333,0.7631,5.1863,0.6373,0.1269,0.2358,0.8795,0.0724,4.5380,1.6207,0.5972
7,3,3083,3085,3,2,2,0.5833,3084.107,523.440,618.310,10.2914,14.0000,1.1667,0.8260,4.5381,0.3883,0.1309,0.4808,0.9235,0.3259,4.2139,1.1345,0.4881
5,3,3086,3087,2,3,1,0.8333,3086.609,860.859,827.000,9.2774,15.0000,1.1719,0.9440,4.8620,0.6340,0.2717,0.0943,0.0000,0.0000,5.1862,1.6207,0.6875
3,3,3088,3090,3,1,1,1.0000,3089.000,527.000,861.000,7.8596,16.0000,1.1429,0.0000,5.1860,0.8889,0.0000,0.1111,1.0000,0.0000,4.5378,1.6206,1.0000
3,3,3088,3088,1,2,2,0.7500,3088.000,836.310,841.667,7.8598,15.0000,1.0714,0.4549,4.8620,0.5333,0.2667,0.2000,0.0000,1.0000,5.1861,1.7827,1.0000
3,3,3090,3091,2,2,1,0.7500,3090.667,371.333,1124.000,7.2980,13.0000,1.0000,0.7454,4.2136,0.5333,0.2667,0.2000,0.7071,0.0000,4.5376,1.7827,1.0000
5,3,3090,3092,3,2,2,0.4167,3091.141,494.828,877.562,9.2767,14.0000,1.0937,1.2833,4.5377,0.7729,0.0435,0.1836,0.8328,0.5477,4.5376,1.6206,0.6406
4,3,3090,3092,3,1,2,0.6667,3091.082,940.000,1033.449,7.9408,14.0000,1.1429,0.4563,4.5376,0.7576,0.1294,0.1129,0.8507,0.0000,4.5376,1.2965,0.8163
3,3,3091,3092,2,2,1,0.7500,3091.674,450.326,442.000,8.0464,15.0000,1.0465,0.4604,4.8616,0.5333,0.2667,0.2000,0.7071,0.0000,4.8617,1.9447,1.0000
10,3,3091,3092,2,2,3,0.8333,3091.429,499.554,727.045,11.4793,15.0000,1.3393,0.6205,4.8617,0.5445,0.0233,0.4321,0.0000,0.0000,4.0514,1.4585,0.3750
4,3,3092,3093,2,2,2,0.5000,3092.300,752.740,898.820,8.1027,15.0000,1.2000,0.7681,4.8615,0.0000,0.5625,0.4375,0.4459,0.5774,4.5375,1.2964,0.8200
6,3,3093,3094,2,2,2,0.7500,3093.480,933.267,881.613,9.9235,16.0000,1.2800,0.8232,5.1856,0.2000,0.3333,0.4667,0.0000,0.0000,4.3753,0.8103,0.5733
10,3,3093,3096,4,3,4,0.2083,3094.636,938.737,533.322,12.0935,14.0000,1.1864,1.9179,4.5374,0.8510,0.0563,0.0926,0.7207,0.6472,4.0512,1.9445,0.4576
18,8,3095,3098,4,3,4,0.3750,3096.627,320.944,894.223,17.7979,21.0000,1.6223,0.9996,6.8057,0.3261,0.2469,0.4270,0.7340,0.1418,3.8888,1.2963,0.5408
4,4,3095,3097,3,2,1,0.6667,3095.741,478.224,579.000,9.3984,17.0000,1.1724,0.3422,5.5094,0.7500,0.1500,0.1000,0.9487,0.0000,4.8613,1.4584,1.0000
4,3,3096,3098,3,2,1,0.6667,3096.922,168.471,740.000,8.2639,14.0000,1.0980,1.0348,4.5372,0.7576,0.1294,0.1129,0.8507,0.0000,4.0509,0.3241,0.8039
3,3,3098,3099,2,1,2,0.7500,3098.325,372.000,964.325,7.4839,14.0000,1.0500,0.4596,4.5369,0.5333,0.2667,0.2000,0.7071,0.0000,3.8888,1.4583,1.0000
29,11,3098,3102,5,4,5,0.2900,3100.102,533.536,1284.375,23.1070,24.0000,1.8125,0.8299,7.7772,0.3791,0.2827,0.3382,0.8333,0.5341,4.2126,0.9721,0.5417
5,3,3099,3101,3,2,2,0.4167,3100.203,498.594,1248.855,9.9994,16.0000,1.1594,0.6444,5.1848,0.7729,0.0435,0.1836,0.8328,0.5477,5.1848,1.2962,0.6812
7,3,3099,3100,2,3,3,0.3889,3099.593,645.025,472.543,9.9209,14.0000,1.2099,0.6795,4.5367,0.2873,0.4228,0.2899,0.3651,0.7685,3.8887,1.4582,0.4938
5,3,3099,3101,3,1,2,0.8333,3100.313,689.000,897.657,9.7095,18.0000,1.3433,0.4648,5.8329,0.5854,0.2927,0.1220,0.9487,0.0000,4.8606,1.9442,0.7164
4,3,3101,3102,2,2,1,1.0000,3101.460,162.540,759.000,8.1009,14.0000,1.1200,0.7094,4.5366,0.0000,0.7500,0.2500,1.0000,0.0000,4.6985,0.6481,0.8200
5,3,3101,3102,2,2,2,0.6250,3101.476,512.429,640.841,9.1296,17.0000,1.3492,0.7913,5.5086,0.3432,0.2505,0.4063,0.6059,0.3645,4.5365,1.4581,0.6825
5,3,3102,3104,3,2,2,0.4167,3103.034,711.661,905.220,8.5495,13.0000,1.1017,0.4057,4.2123,0.5461,0.2256,0.2283,0.8117,0.4177,4.8602,1.2961,0.6610
4,4,3103,3104,2,1,2,1.0000,3103.540,556.000,975.508,10.2066,17.0000,1.0794,0.6855,5.5082,0.0000,0.7500,0.2500,0.0000,0.0000,5.8324,1.9441,1.0000
4,4,3103,3106,4,1,1,1.0000,3104.545,679.000,964.000,8.9102,15.0000,1.0909,0.4545,4.8601,0.9375,0.0000,0.0625,1.0000,0.0000,4.6981,1.6199,1.0000
5,3,3104,3105,2,1,3,0.8333,3104.391,740.000,1240.234,9.2737,16.0000,1.2500,0.4555,5.1842,0.5854,0.2927,0.1220,0.3162,0.0000,4.8602,1.4581,0.7031
3,3,3106,3107,2,2,1,0.7500,3106.317,249.317,950.000,7.6693,15.0000,1.0976,0.4484,4.8599,0.5333,0.2667,0.2000,0.7071,0.0000,3.8880,1.2960,1.0000
3,3,3108,3110,3,1,1,1.0000,3109.000,335.000,587.000,7.2945,13.0000,1.0000,1.0000,4.2116,0.8889,0.0000,0.1111,1.0000,0.0000,4.8594,1.2958,1.0000
4,4,3109,3110,2,2,1,1.0000,3109.474,223.474,877.000,9.2327,16.0000,1.1228,0.6699,5.1834,0.0000,0.7500,0.2500,1.0000,0.0000,4.8593,0.3240,1.0000
4,3,3110,3113,4,1,1,1.0000,3111.560,561.000,864.000,8.0983,13.0000,1.0400,0.5600,4.2112,0.9375,0.0000,0.0625,1.0000,0.0000,4.5349,1.6197,0.7800
6,3,3110,3111,2,1,3,1.0000,3110.514,660.000,1031.986,9.7865,16.0000,1.2973,0.5137,5.1832,0.5556,0.3333,0.1111,0.0000,0.0000,4.2113,0.6479,0.5811
4,3,3111,3112,2,2,1,1.0000,3111.434,366.528,633.000,8.5842,16.0000,1.2075,0.6837,5.1830,0.0000,0.7500,0.2500,1.0000,0.0000,4.8590,1.2957,0.8302
4,3,3111,3113,3,1,2,0.6667,3111.887,548.000,663.547,8.5841,15.0000,1.1321,0.9957,4.8591,0.7576,0.1294,0.1129,0.8507,0.0000,5.3448,1.7815,0.8302
3,3,3112,3114,3,1,1,1.0000,3113.023,915.000,1024.000,8.0415,16.0000,1.1163,0.0233,5.1826,0.8889,0.0000,0.1111,1.0000,0.0000,4.8585,1.2956,1.0000
4,3,3113,3115,3,2,1,0.6667,3113.962,382.547,840.000,8.5834,16.0000,1.2075,0.4544,5.1825,0.7576,0.1294,0.1129,0.8507,0.0000,4.5347,1.4575,0.7925
3,3,3114,3115,2,2,1,0.7500,3114.683,356.317,837.000,7.6670,15.0000,1.0976,0.4484,4.8584,0.5333,0.2667,0.2000,0.7071,0.0000,4.2107,0.9717,1.0000
4,3,3115,3117,3,1,2,0.6667,3115.950,824.000,1182.767,9.7164,19.0000,1.2667,0.2386,6.1537,0.5357,0.3214,0.1429,1.0000,0.0000,5.0202,1.7813,0.8000
4,3,3116,3117,2,1,3,0.6667,3116.250,356.000,973.038,8.4208,15.0000,1.1538,0.2529,4.8582,0.5357,0.3214,0.1429,0.0000,0.0000,4.5342,1.2955,0.7885
4,3,3116,3118,3,2,1,0.6667,3117.160,523.180,1166.000,8.0966,14.0000,1.1200,1.1739,4.5343,0.7500,0.1500,0.1000,0.9487,0.0000,5.0198,1.2955,0.8200
5,3,3116,3117,2,2,2,0.6250,3116.600,586.523,507.831,9.4146,17.0000,1.3077,0.8138,5.5059,0.3432,0.2505,0.4063,0.6059,0.3645,4.8580,0.9716,0.6923
5,4,3116,3118,3,1,2,0.8333,3117.258,807.000,703.576,9.5592,15.0000,1.1364,0.6307,4.8580,0.5854,0.2927,0.1220,0.9487,0.0000,5.1817,1.6193,0.8485
5,3,3117,3119,3,2,2,0.4167,3118.052,796.224,890.672,8.4002,13.0000,1.1207,0.4003,4.2101,0.5461,0.2256,0.2283,0.8117,0.4177,4.8576,1.2955,0.6724
3,3,3118,3119,2,1,2,0.7500,3118.325,785.000,788.325,7.4790,14.0000,1.0500,0.4596,4.5340,0.5333,0.2667,0.2000,0.7071,0.0000,4.5340,1.2954,1.0000
7,3,3120,3122,3,1,4,0.5833,3120.679,527.000,848.155,10.2810,15.0000,1.2500,0.9043,4.8573,0.7281,0.2143,0.0576,0.4576,0.0000,4.2098,0.9715,0.5119
5,3,3121,3123,3,2,2,0.4167,3122.050,654.400,988.150,8.6886,14.0000,1.1667,0.4301,4.5333,0.5461,0.2256,0.2283,0.8117,0.4177,4.5331,1.4571,0.6833
4,3,3124,3125,2,2,1,1.0000,3124.462,300.558,917.000,8.4182,15.0000,1.1538,0.6968,4.8565,0.0000,0.7500,0.2500,1.0000,0.0000,4.8567,0.6475,0.8269
4,3,3124,3125,2,1,2,1.0000,3124.540,846.000,766.460,8.0944,14.0000,1.1200,0.7094,4.5329,0.0000,0.7500,0.2500,0.0000,0.0000,4.6946,1.2951,0.8200
4,3,3128,3129,2,1,2,1.0000,3128.520,330.000,757.520,8.0932,13.0000,1.0400,0.7077,4.2085,0.0000,0.7500,0.2500,0.0000,0.0000,4.5321,0.9712,0.7800
4,3,3129,3130,2,2,2,0.5000,3129.434,140.755,893.170,8.5785,17.0000,1.2830,0.5266,5.5033,0.5916,0.1015,0.3069,0.7071,0.7071,5.0176,1.6186,0.8302
4,3,3129,3130,2,2,1,1.0000,3129.463,482.463,758.000,8.7404,15.0000,1.1111,0.6547,4.8558,0.0000,0.7500,0.2500,1.0000,0.0000,4.8558,1.4567,0.7963
3,3,3129,3129,1,3,1,1.0000,3129.000,499.024,387.000,7.6630,14.0000,1.0244,0.0244,4.5321,0.8889,0.0000,0.1111,0.0000,1.0000,4.8558,1.2949,1.0000
5,3,3129,3130,2,2,3,0.4167,3129.515,644.136,957.061,9.5549,19.0000,1.4394,0.5363,6.1507,0.5461,0.2256,0.2283,0.5716,0.7118,3.8847,1.6186,0.7273
3,3,3132,3133,2,2,1,0.7500,3132.302,463.698,821.000,8.0359,17.0000,1.1860,0.4276,5.5027,0.5333,0.2667,0.2000,0.7071,0.0000,3.8843,0.6474,1.0000
4,3,3132,3133,2,2,1,1.0000,3132.480,474.520,459.000,8.0921,13.0000,1.0400,0.7077,4.2080,0.0000,0.7500,0.2500,1.0000,0.0000,4.5316,0.9711,0.7800
7,3,3133,3135,3,2,3,0.3889,3134.149,432.368,944.701,10.6432,16.0000,1.2874,0.4969,5.1787,0.7284,0.1192,0.1524,0.7635,0.5565,3.8842,1.2947,0.5057
6,3,3133,3135,3,2,2,0.5000,3133.861,611.444,514.347,9.5140,16.0000,1.3333,0.5808,5.1787,0.5795,0.2234,0.1971,0.8314,0.5543,4.3696,1.6183,0.6111
4,3,3135,3136,2,1,2,1.0000,3135.540,692.000,1075.520,8.0914,14.0000,1.1200,0.6943,4.5311,0.0000,0.7500,0.2500,0.0000,0.0000,3.8839,0.6474,0.8000
4,3,3136,3137,2,1,2,1.0000,3136.431,455.000,1052.569,8.2531,16.0000,1.2549,0.6101,5.1784,0.0000,0.7500,0.2500,0.0000,0.0000,4.5311,1.4564,0.8235
6,3,3137,3139,3,3,2,0.3333,3137.797,876.000,738.554,9.7772,17.0000,1.3784,0.4899,5.5018,0.6378,0.1768,0.1854,0.7170,0.4222,4.2073,1.9418,0.6081
5,4,3138,3139,2,2,2,0.6250,3138.471,399.471,778.129,10.1313,19.0000,1.3571,0.7585,6.1490,0.3432,0.2505,0.4063,0.6059,0.3645,5.1782,2.1036,0.8714
4,3,3138,3140,3,2,1,0.6667,3139.083,495.542,667.000,7.7671,13.0000,1.0833,0.5480,4.2072,0.7576,0.1294,0.1129,0.8507,0.0000,4.8544,1.2945,0.8125
4,3,3140,3141,2,1,2,1.0000,3140.400,382.000,757.509,8.8995,18.0000,1.3091,0.6474,5.8252,0.0000,0.7500,0.2500,0.0000,0.0000,5.1779,2.2653,0.8364
6,3,3140,3141,2,1,3,1.0000,3140.493,590.000,1140.137,9.6445,15.0000,1.2329,1.0008,4.8542,0.5556,0.3333,0.1111,0.0000,0.0000,4.3689,1.2945,0.5753
4,3,3141,3142,2,1,2,1.0000,3141.510,543.000,659.529,8.2521,14.0000,1.0980,0.6938,4.5306,0.0000,0.7500,0.2500,0.0000,0.0000,4.8541,0.9708,0.7843
4,3,3142,3143,2,1,3,0.6667,3142.528,553.000,1030.057,8.5756,14.0000,1.0566,0.5313,4.5305,0.7576,0.1294,0.1129,0.5257,0.0000,5.0159,1.9416,0.7925
5,3,3142,3143,2,1,3,0.8333,3142.600,927.000,783.250,8.6833,14.0000,1.1667,0.4717,4.5305,0.5854,0.2927,0.1220,0.3162,0.0000,4.5305,1.4562,0.6667
4,3,3143,3144,2,3,1,0.6667,3143.237,172.627,891.000,9.5463,18.0000,1.2203,0.6705,5.8249,0.7500,0.1500,0.1000,0.3162,0.0000,5.3395,1.7798,0.8305
7,3,3143,3145,3,3,2,0.3889,3143.810,453.924,812.772,9.6625,14.0000,1.2405,0.8450,4.5305,0.7243,0.1219,0.1538,0.5108,0.3286,4.2068,1.6180,0.5063
6,3,3143,3144,2,2,3,0.5000,3143.366,662.254,920.310,9.3798,17.0000,1.4366,0.9707,5.5012,0.6381,0.1455,0.2164,0.3327,0.3629,3.8833,1.9416,0.6197
5,3,3146,3147,2,2,2,0.6250,3146.559,670.593,500.153,8.5381,13.0000,1.1017,0.8295,4.2067,0.3432,0.2505,0.4063,0.6059,0.3645,4.5302,1.2944,0.6610
4,3,3147,3148,2,3,1,0.6667,3147.725,137.039,624.000,8.2515,14.0000,1.0980,0.7265,4.5302,0.5357,0.3214,0.1429,0.0000,0.0000,4.5302,1.6179,0.7843
6,3,3147,3149,3,1,3,0.6667,3147.946,694.000,939.811,9.7757,17.0000,1.3784,0.1968,5.5010,0.6944,0.2222,0.0833,0.8000,0.0000,4.3684,1.6179,0.6081
18,6,3147,3150,4,4,3,0.3750,3148.987,1150.281,1098.250,17.3895,21.0000,1.6579,0.3761,6.7953,0.3949,0.3122,0.2929,0.7366,0.1421,3.2359,0.9707,0.4342
4,3,3150,3152,3,1,2,0.6667,3150.925,263.000,760.453,8.5749,15.0000,1.1321,0.4591,4.8537,0.7576,0.1294,0.1129,0.8507,0.0000,4.8537,0.9707,0.8113
4,3,3151,3154,4,1,1,1.0000,3152.648,725.000,1176.000,8.7368,15.0000,1.1111,0.3519,4.8538,0.9375,0.0000,0.0625,1.0000,0.0000,5.0155,0.6472,0.8148
7,3,3151,3153,3,3,2,0.3889,3152.159,757.557,1138.409,10.7627,17.0000,1.3523,0.7090,5.5009,0.6441,0.1439,0.2119,0.7071,0.6900,4.2066,1.6179,0.5455
4,3,3152,3153,2,2,1,1.0000,3152.509,372.436,952.000,8.8985,17.0000,1.2364,0.6705,5.5009,0.0000,0.7500,0.2500,1.0000,0.0000,4.8538,1.6179,0.8182
9,4,3152,3154,3,3,3,0.3333,3152.942,406.398,878.971,11.1097,14.0000,1.2233,0.4034,4.5302,0.7653,0.1015,0.1332,0.5857,0.3962,3.5594,1.2943,0.5243
6,3,3152,3153,2,1,4,0.7500,3152.600,667.000,1170.686,9.2472,16.0000,1.3714,0.7939,5.1773,0.7708,0.1667,0.0625,0.1644,0.0000,4.0448,1.1325,0.6000
6,3,3153,3154,2,2,2,0.7500,3153.437,491.310,863.662,9.3793,14.0000,1.1831,0.8514,4.5302,0.2000,0.3333,0.4667,0.0000,0.0000,4.3684,0.9708,0.5634
4,3,3153,3154,2,2,2,0.5000,3153.158,856.719,988.439,9.2221,16.0000,1.1228,0.8571,5.1773,0.5916,0.1015,0.3069,0.5000,0.5000,5.5009,1.6179,0.8421
3,3,3154,3155,2,2,1,0.7500,3154.591,193.705,1043.000,8.2202,18.0000,1.2273,0.6607,5.8245,0.5333,0.2667,0.2000,0.7071,0.0000,3.8830,1.2943,1.0000
4,4,3154,3155,2,2,2,0.5000,3154.228,456.281,844.263,9.2222,16.0000,1.1228,0.7992,5.1774,0.0000,0.5625,0.4375,0.4459,0.5774,4.8538,1.4561,1.0000
5,3,3154,3156,3,2,1,0.8333,3154.875,610.609,615.000,9.2616,16.0000,1.2500,0.6221,5.1774,0.5854,0.2927,0.1220,0.9487,0.0000,4.5302,1.7797,0.6719
6,3,3156,3158,3,1,2,1.0000,3156.882,619.000,1015.471,8.9832,14.0000,1.2353,0.4851,4.5303,0.5556,0.3333,0.1111,1.0000,0.0000,4.0449,0.6472,0.5882
6,3,3157,3159,3,2,2,0.5000,3158.357,293.500,575.857,9.2475,14.0000,1.2000,0.6308,4.5303,0.6373,0.1269,0.2358,0.8795,0.0724,4.2068,1.2944,0.5714
6,4,3158,3160,3,3,1,0.6667,3159.329,329.712,743.000,9.6440,14.0000,1.1507,0.7845,4.5304,0.6061,0.3030,0.0909,0.7071,0.0000,4.5304,1.6180,0.7260
4,3,3158,3160,3,2,1,0.6667,3159.259,564.796,1042.000,8.7372,16.0000,1.1852,0.7682,5.1777,0.7500,0.1500,0.1000,0.9487,0.0000,5.0158,1.4562,0.7963
4,3,3159,3160,2,1,3,0.6667,3159.434,404.000,718.925,8.5754,16.0000,1.2075,0.4405,5.1776,0.7576,0.1294,0.1129,0.5257,0.0000,4.6922,1.9416,0.8113
4,3,3159,3161,3,2,1,0.6667,3159.909,760.436,870.000,8.8991,17.0000,1.2364,0.4457,5.5013,0.7576,0.1294,0.1129,0.8507,0.0000,5.0158,1.2944,0.8364
4,3,3160,3161,2,1,3,0.6667,3160.731,826.000,639.904,8.4138,15.0000,1.1538,0.2859,4.8541,0.5357,0.3214,0.1429,0.0000,0.0000,4.8541,1.2945,0.8269
4,3,3161,3163,3,1,2,0.6667,3162.083,596.000,1010.542,7.7668,13.0000,1.0833,0.5480,4.2071,0.7576,0.1294,0.1129,0.8507,0.0000,4.5306,1.6181,0.8125
4,3,3163,3165,3,1,2,0.6667,3163.943,391.000,1079.472,8.5761,15.0000,1.1321,0.4751,4.8544,0.7576,0.1294,0.1129,0.8507,0.0000,4.2071,0.6473,0.8113
4,3,3164,3166,3,2,1,0.6667,3164.685,570.259,753.000,8.7381,15.0000,1.1111,0.4078,4.8545,0.7500,0.1500,0.1000,0.9487,0.0000,4.8544,2.4272,0.7963
3,3,3164,3165,2,1,2,0.7500,3164.674,1029.000,1013.698,8.0345,16.0000,1.1163,0.4443,5.1781,0.5333,0.2667,0.2000,0.7071,0.0000,4.8544,1.2945,1.0000
3,3,3165,3166,2,2,1,0.7500,3165.659,491.659,483.000,7.6610,14.0000,1.0244,0.7418,4.5310,0.5333,0.2667,0.2000,0.7071,0.0000,5.1781,1.6182,1.0000
4,3,3166,3167,2,2,2,0.5000,3166.333,247.807,785.421,9.2239,19.0000,1.3333,0.8118,6.1493,0.5916,0.1015,0.3069,0.5000,0.5000,4.6928,1.2946,0.8070
6,3,3166,3168,3,2,2,0.5000,3166.608,487.676,919.122,9.7775,16.0000,1.2973,0.6998,5.1783,0.5034,0.2551,0.2415,0.9677,0.2521,4.5311,0.9709,0.6081
6,3,3166,3167,2,1,4,0.7500,3166.639,824.000,1314.514,9.5132,14.0000,1.1667,0.8028,4.5310,0.6944,0.2222,0.0833,0.0000,0.0000,4.3692,1.2946,0.5556
3,3,3167,3168,2,1,2,0.7500,3167.349,1044.000,748.698,8.0350,15.0000,1.0465,0.4616,4.8549,0.5333,0.2667,0.2000,0.7071,0.0000,5.1784,1.6183,1.0000
4,3,3173,3174,2,2,1,1.0000,3173.460,561.520,634.000,8.0927,14.0000,1.1200,0.6943,4.5318,0.0000,0.7500,0.2500,1.0000,0.0000,4.8556,1.9423,0.8000
5,3,3174,3176,3,1,2,0.8333,3175.305,469.000,972.559,8.5417,14.0000,1.1864,0.8229,4.5323,0.5854,0.2927,0.1220,0.9487,0.0000,4.8558,1.2949,0.6780
3,3,3174,3176,3,1,1,1.0000,3175.059,783.000,808.000,9.5320,20.0000,1.1765,0.0588,6.4744,0.8889,0.0000,0.1111,1.0000,0.0000,6.1509,1.1331,1.0000
3,3,3176,3177,2,2,1,0.7500,3176.675,330.325,1014.000,7.4764,14.0000,1.0500,0.4596,4.5324,0.5333,0.2667,0.2000,0.7071,0.0000,4.5324,1.4568,1.0000
5,3,3178,3180,3,2,2,0.4167,3178.879,611.152,916.212,9.5562,18.0000,1.3636,0.2875,5.8277,0.7958,0.0325,0.1718,0.9294,0.3690,4.8563,1.2950,0.6970
3,3,3178,3180,3,1,1,1.0000,3179.067,733.000,1096.000,8.4116,16.0000,1.0667,0.0667,5.1804,0.8889,0.0000,0.1111,1.0000,0.0000,5.5040,1.2951,1.0000
4,3,3179,3180,2,2,1,1.0000,3179.547,281.528,863.000,8.5799,15.0000,1.1321,0.6539,4.8566,0.0000,0.7500,0.2500,1.0000,0.0000,4.6946,0.6475,0.7925
5,4,3179,3181,3,2,1,0.8333,3179.887,325.380,794.000,10.2805,19.0000,1.3380,0.3966,6.1517,0.5854,0.2927,0.1220,0.9487,0.0000,4.8566,1.6189,0.8592
6,3,3180,3182,3,1,2,1.0000,3180.925,499.000,909.478,8.8563,13.0000,1.1642,1.0414,4.2092,0.5556,0.3333,0.1111,1.0000,0.0000,4.0472,1.2951,0.5821
5,3,3181,3183,3,2,1,0.8333,3181.763,319.441,762.000,8.5434,14.0000,1.1864,0.5005,4.5331,0.5854,0.2927,0.1220,0.9487,0.0000,4.5330,0.8095,0.6780
6,4,3182,3183,2,2,2,0.7500,3182.431,525.681,1081.681,9.5177,14.0000,1.1667,0.8664,4.5331,0.2000,0.3333,0.4667,0.0000,0.0000,4.8569,1.6189,0.7500
4,3,3183,3184,2,1,2,1.0000,3183.460,434.000,900.480,8.0952,14.0000,1.1200,0.6943,4.5333,0.0000,0.7500,0.2500,0.0000,0.0000,3.8857,0.8095,0.8000
7,3,3184,3186,3,2,3,0.3889,3184.774,578.762,983.048,10.2810,18.0000,1.5000,0.3318,5.8288,0.4888,0.1571,0.3542,0.6622,0.1566,4.2097,1.6192,0.5476
4,3,3184,3185,2,1,2,1.0000,3184.520,1039.000,469.540,8.0955,14.0000,1.1200,0.6943,4.5334,0.0000,0.7500,0.2500,0.0000,0.0000,4.5335,1.1334,0.8000
6,3,3186,3188,3,2,2,0.5000,3187.083,936.847,774.306,9.5190,15.0000,1.2500,0.9783,4.8578,0.7074,0.0897,0.2030,0.9140,0.2540,4.2100,1.6193,0.5694
6,3,3189,3190,2,2,2,0.7500,3189.479,624.746,937.634,9.3875,14.0000,1.1831,0.8338,4.5341,0.2000,0.3333,0.4667,0.0000,0.0000,4.3722,1.2954,0.5775
4,3,3190,3191,2,1,2,1.0000,3190.537,411.000,835.500,8.7446,16.0000,1.1852,0.6814,5.1821,0.0000,0.7500,0.2500,0.0000,0.0000,4.6962,1.1335,0.7963
5,3,3192,3193,2,2,3,0.4167,3192.338,757.785,836.031,9.4152,18.0000,1.3846,0.4024,5.8300,0.5461,0.2256,0.2283,0.5716,0.7118,4.8584,1.2955,0.6923
4,3,3193,3194,2,2,1,1.0000,3193.440,323.540,656.000,8.0975,14.0000,1.1200,0.6966,4.5346,0.0000,0.7500,0.2500,1.0000,0.0000,4.6966,1.6195,0.8200
11,3,3193,3196,4,3,3,0.3056,3194.756,492.466,791.366,12.7938,15.0000,1.2595,0.9954,4.8586,0.7134,0.1082,0.1785,0.7996,0.5165,4.2109,0.6478,0.4275
5,3,3194,3195,2,3,1,0.8333,3194.403,164.871,583.000,8.9811,15.0000,1.2097,0.6106,4.8587,0.5854,0.2927,0.1220,0.3162,0.0000,4.5347,1.9434,0.6613
6,4,3194,3196,3,2,2,0.5000,3194.783,590.711,1045.157,10.9756,19.0000,1.3735,0.3939,6.1543,0.5230,0.1584,0.3185,0.9225,0.0898,4.5347,0.9717,0.7349
3,3,3195,3196,2,1,2,0.7500,3195.366,365.000,946.683,7.6675,15.0000,1.0976,0.7090,4.8588,0.5333,0.2667,0.2000,0.7071,0.0000,4.5348,0.9717,1.0000
4,3,3195,3196,2,2,1,1.0000,3195.529,439.431,901.000,8.2599,15.0000,1.1765,0.6829,4.8587,0.0000,0.7500,0.2500,1.0000,0.0000,5.0207,1.9435,0.8235
8,4,3198,3201,4,3,3,0.2222,3199.663,529.916,734.895,10.8805,16.0000,1.3474,0.6767,5.1831,0.3578,0.4650,0.1772,0.8718,0.4803,4.3732,1.9436,0.6105
22,12,3199,3201,3,4,4,0.4583,3200.171,1006.329,1224.105,20.9960,27.0000,1.9539,0.3854,8.7465,0.1065,0.2959,0.5977,0.4724,0.8745,4.5352,0.6479,0.6678
3,3,3202,3203,2,2,1,0.7500,3202.705,436.318,519.000,8.2297,17.0000,1.1591,0.4342,5.5074,0.5333,0.2667,0.2000,0.7071,0.0000,4.8594,1.1339,1.0000
7,3,3202,3205,4,2,2,0.4375,3203.544,657.772,792.481,9.6733,14.0000,1.2405,0.7858,4.5355,0.7764,0.0638,0.1598,0.8790,0.1860,4.2114,1.2959,0.5190
20,6,3202,3205,4,4,4,0.3125,3203.382,1009.382,1221.571,18.3999,26.0000,2.0472,0.8438,8.4231,0.2952,0.4838,0.2209,0.8775,0.4448,3.8876,1.6198,0.4843
3,3,3203,3205,3,1,1,1.0000,3204.000,407.000,721.000,8.2299,15.0000,1.0227,1.0000,4.8596,0.8889,0.0000,0.1111,1.0000,0.0000,4.5355,0.1620,1.0000
3,3,3205,3206,2,2,1,0.7500,3205.682,510.341,861.000,8.2300,15.0000,1.0227,0.4663,4.8596,0.5333,0.2667,0.2000,0.7071,0.0000,5.5076,1.6199,1.0000
4,3,3206,3207,2,2,1,1.0000,3206.481,284.444,784.000,8.7474,17.0000,1.2593,0.6553,5.5076,0.0000,0.7500,0.2500,1.0000,0.0000,4.5357,0.8099,0.7963
3,3,3206,3207,2,1,2,0.7500,3206.325,808.000,1189.675,7.4819,14.0000,1.0500,0.4596,4.5356,0.5333,0.2667,0.2000,0.7071,0.0000,4.5357,1.2959,1.0000
4,3,3207,3208,2,2,1,1.0000,3207.536,351.554,598.000,9.0714,16.0000,1.1429,0.6973,5.1837,0.0000,0.7500,0.2500,1.0000,0.0000,5.1837,0.9719,0.8214
4,3,3207,3208,2,2,1,1.0000,3207.537,674.500,419.000,8.7475,15.0000,1.1111,0.6814,4.8597,0.0000,0.7500,0.2500,1.0000,0.0000,5.0217,1.7819,0.7778
4,3,3208,3209,2,1,2,1.0000,3208.540,674.000,1029.540,8.0996,14.0000,1.1200,0.6505,4.5358,0.0000,0.7500,0.2500,0.0000,0.0000,4.5358,1.7819,0.8000
3,3,3208,3209,2,2,1,0.7500,3208.683,794.683,342.000,7.6691,15.0000,1.0976,0.4484,4.8598,0.5333,0.2667,0.2000,0.7071,0.0000,4.5358,0.9720,1.0000
3,3,3209,3210,2,2,1,0.7500,3209.317,516.341,613.000,7.6692,14.0000,1.0244,0.4660,4.5358,0.5333,0.2667,0.2000,0.7071,0.0000,4.8598,1.9439,1.0000
5,3,3209,3211,3,2,2,0.4167,3209.900,606.450,447.150,8.6935,14.0000,1.1667,1.2390,4.5358,0.7729,0.0435,0.1836,0.8328,0.5477,4.5358,1.9439,0.6667
4,3,3209,3210,2,1,2,1.0000,3209.540,628.000,378.480,8.0996,14.0000,1.1200,0.6943,4.5358,0.0000,0.7500,0.2500,0.0000,0.0000,3.8878,0.6480,0.8000
4,3,3210,3211,2,1,2,1.0000,3210.481,932.000,847.462,8.4237,15.0000,1.1538,0.6947,4.8598,0.0000,0.7500,0.2500,0.0000,0.0000,4.6978,2.5919,0.8077
21,12,3210,3214,5,4,4,0.2625,3211.936,940.819,1258.266,19.9375,19.0000,1.4149,0.3279,6.1558,0.2175,0.4565,0.3260,0.5992,0.0404,4.5359,1.6199,0.6631
4,3,3212,3213,2,2,1,1.0000,3212.440,307.520,988.000,8.0998,15.0000,1.2000,0.6812,4.8599,0.0000,0.7500,0.2500,1.0000,0.0000,3.8879,0.3240,0.8200
5,3,3212,3214,3,2,2,0.4167,3212.971,476.176,1157.368,9.8527,17.0000,1.2500,0.4089,5.5079,0.1521,0.5234,0.3245,1.0000,0.0000,4.5359,1.6200,0.6471
4,3,3212,3214,3,2,1,0.6667,3212.820,561.200,762.000,8.0998,14.0000,1.1200,1.1968,4.5359,0.7500,0.1500,0.1000,0.9487,0.0000,4.5359,1.6200,0.8000
4,3,3213,3215,3,2,1,0.6667,3213.904,275.442,783.000,8.4238,15.0000,1.1538,1.0063,4.8599,0.7576,0.1294,0.1129,0.8507,0.0000,4.6979,0.0000,0.8077
4,3,3213,3214,2,1,3,0.6667,3213.283,493.000,833.396,8.5858,15.0000,1.1321,0.6668,4.8599,0.7500,0.1500,0.1000,0.3162,0.0000,5.0219,1.9439,0.8302
3,3,3214,3215,2,2,1,0.7500,3214.310,286.690,721.000,7.8564,16.0000,1.1429,0.4377,5.1839,0.5333,0.2667,0.2000,0.7071,0.0000,4.5359,1.1340,1.0000
3,3,3214,3215,2,2,1,0.7500,3214.310,767.690,973.000,7.8564,16.0000,1.1429,0.4377,5.1839,0.5333,0.2667,0.2000,0.7071,0.0000,4.5359,1.4580,1.0000
3,3,3216,3217,2,2,1,0.7500,3216.333,902.690,502.000,7.8564,15.0000,1.0714,0.4549,4.8599,0.5333,0.2667,0.2000,0.7071,0.0000,4.8599,1.2960,1.0000
5,3,3217,3218,2,2,2,0.6250,3217.615,338.338,538.538,9.4181,15.0000,1.1538,0.8850,4.8599,0.2938,0.4054,0.3007,0.0000,0.3029,4.5359,1.2960,0.6615
4,3,3218,3220,3,1,2,0.6667,3218.922,542.000,1021.569,8.2618,16.0000,1.2549,0.4384,5.1839,0.7576,0.1294,0.1129,0.8507,0.0000,4.5359,0.9720,0.8235
7,4,3220,3222,3,3,1,0.7778,3221.338,113.900,618.000,9.7965,13.0000,1.1375,0.3520,4.2119,0.4747,0.4312,0.0941,0.5071,0.0000,4.8598,1.2960,0.6500
8,3,3220,3221,2,2,2,1.0000,3220.510,205.500,883.542,10.9966,14.0000,1.1667,0.8489,4.5359,0.0000,0.0000,1.0000,0.0000,1.0000,4.2119,1.4580,0.4167
3,3,3221,3222,2,2,1,0.7500,3221.289,676.689,533.000,8.4175,18.0000,1.2000,0.4246,5.8318,0.5333,0.2667,0.2000,0.7071,0.0000,4.8598,1.2960,1.0000
4,3,3224,3226,3,1,2,0.6667,3224.940,595.000,878.740,8.0996,14.0000,1.1200,0.2668,4.5357,0.5357,0.3214,0.1429,1.0000,0.0000,4.5358,1.2959,0.8000
6,4,3224,3226,3,2,2,0.5000,3225.364,811.580,413.114,11.6393,19.0000,1.2955,0.8682,6.1556,0.5034,0.2551,0.2415,0.9677,0.2521,5.3457,1.9439,0.7500
5,3,3225,3227,3,2,1,0.8333,3226.242,383.403,1101.000,8.9830,15.0000,1.2097,0.4702,4.8597,0.5854,0.2927,0.1220,0.9487,0.0000,4.5357,1.2959,0.6774
6,3,3228,3229,2,3,2,0.5000,3228.535,369.000,789.521,9.3905,15.0000,1.2676,0.6673,4.8595,0.6168,0.1058,0.2774,0.5000,0.5000,4.2116,1.2959,0.5915
4,3,3229,3230,2,1,2,1.0000,3229.540,570.000,1051.540,8.0992,14.0000,1.1200,0.6505,4.5355,0.0000,0.7500,0.2500,0.0000,0.0000,4.8595,1.2959,0.8000
4,3,3229,3231,3,1,2,0.6667,3229.902,697.000,423.745,8.2611,15.0000,1.1765,0.2731,4.8595,0.5357,0.3214,0.1429,1.0000,0.0000,4.6975,1.6198,0.8235
3,3,3230,3231,2,2,1,0.7500,3230.675,262.650,984.000,7.4816,14.0000,1.0500,0.7267,4.5355,0.5333,0.2667,0.2000,0.7071,0.0000,4.5355,1.7818,1.0000
3,3,3231,3233,3,1,1,1.0000,3232.064,407.000,1030.000,8.7907,17.0000,1.0851,0.9362,5.5072,0.8889,0.0000,0.1111,1.0000,0.0000,5.5073,1.1339,1.0000
6,3,3232,3234,3,1,3,0.6667,3233.289,817.000,1061.921,10.0512,17.0000,1.3421,0.3000,5.5072,0.2083,0.6667,0.1250,0.8944,0.0000,4.5354,1.6197,0.6053
7,3,3233,3235,3,3,2,0.3889,3233.792,454.143,804.377,9.4280,13.0000,1.1818,0.4532,4.2113,0.5280,0.1626,0.3094,0.7577,0.5091,3.8874,1.9437,0.5065
7,3,3233,3235,3,3,2,0.3889,3233.824,909.871,688.271,10.4075,19.0000,1.5647,0.3480,6.1550,0.3994,0.3420,0.2586,0.5524,0.0967,3.8874,0.9719,0.5294
3,3,3234,3235,2,2,1,0.7500,3234.341,217.659,764.000,7.6683,14.0000,1.0244,0.7418,4.5353,0.5333,0.2667,0.2000,0.7071,0.0000,5.1831,1.9437,1.0000
3,3,3236,3238,3,1,1,1.0000,3237.000,511.000,845.000,8.2290,16.0000,1.0909,0.0000,5.1829,0.8889,0.0000,0.1111,1.0000,0.0000,4.8591,1.4577,1.0000
4,3,3239,3240,2,2,1,1.0000,3239.531,280.469,820.000,7.9360,13.0000,1.0612,0.7084,4.2110,0.0000,0.7500,0.2500,1.0000,0.0000,4.5348,1.1337,0.7959
8,4,3240,3242,3,2,3,0.4444,3240.908,400.449,858.663,11.2230,16.0000,1.3061,0.8062,5.1826,0.4397,0.2496,0.3107,0.5878,0.6195,4.6968,1.9434,0.5714
6,3,3240,3241,2,2,3,0.5000,3240.543,467.700,830.214,9.2566,14.0000,1.2000,0.5873,4.5348,0.5795,0.2234,0.1971,0.5131,0.7380,4.2108,1.6196,0.5714
5,3,3241,3243,3,1,3,0.5556,3241.905,692.000,940.032,9.1259,16.0000,1.2698,0.1004,5.1825,0.5532,0.3398,0.1070,0.8281,0.0000,4.5347,1.7815,0.6825
4,3,3241,3242,2,2,1,1.0000,3241.462,803.462,574.000,8.4216,15.0000,1.1538,0.6527,4.8587,0.0000,0.7500,0.2500,1.0000,0.0000,4.5347,1.4576,0.7885
3,3,3242,3243,2,2,1,0.7500,3242.310,209.357,763.000,7.8542,15.0000,1.0714,0.7135,4.8586,0.5333,0.2667,0.2000,0.7071,0.0000,4.8586,1.2956,1.0000
4,3,3242,3243,2,1,2,1.0000,3242.528,657.000,1148.491,8.5834,15.0000,1.1321,0.6806,4.8585,0.0000,0.7500,0.2500,0.0000,0.0000,3.8868,0.9717,0.7736
4,3,3243,3244,2,1,2,1.0000,3243.449,464.000,657.449,7.9354,14.0000,1.1429,0.6350,4.5346,0.0000,0.7500,0.2500,0.0000,0.0000,4.5345,0.9717,0.8163
4,3,3244,3246,3,2,1,0.6667,3245.400,344.727,561.000,8.9068,16.0000,1.1636,0.6591,5.1821,0.7500,0.1500,0.1000,0.9487,0.0000,5.1821,1.2955,0.8364
5,3,3244,3246,3,2,2,0.4167,3244.952,371.161,1039.145,8.9805,15.0000,1.2097,0.9760,4.8584,0.7958,0.0325,0.1718,0.9294,0.3690,4.5343,1.1336,0.6935
4,3,3244,3245,2,2,2,0.5000,3244.460,388.720,825.820,8.0972,14.0000,1.1200,0.8732,4.5345,0.5916,0.1015,0.3069,0.7071,0.7071,4.6964,0.6478,0.8200
4,3,3245,3246,2,1,3,0.6667,3245.537,517.000,898.056,8.7448,15.0000,1.1111,1.0518,4.8582,0.7576,0.1294,0.1129,0.5257,0.0000,5.0202,1.7813,0.7778
5,3,3245,3246,2,2,2,0.6250,3245.379,941.310,1101.534,8.4010,14.0000,1.2069,0.7252,4.5344,0.2938,0.4054,0.3007,0.0000,0.3029,4.5343,0.6478,0.6897
4,3,3246,3247,2,1,2,1.0000,3246.421,850.000,1095.596,9.2305,20.0000,1.4035,0.5832,6.4776,0.0000,0.7500,0.2500,0.0000,0.0000,5.0200,1.6194,0.8246
5,3,3250,3251,2,2,2,0.6250,3250.375,461.562,777.172,9.2690,15.0000,1.1719,0.6013,4.8577,0.3432,0.2505,0.4063,0.6059,0.3645,4.8576,0.9715,0.6719
3,3,3251,3252,2,2,1,0.7500,3251.350,196.675,743.000,7.4788,14.0000,1.0500,0.7267,4.5337,0.5333,0.2667,0.2000,0.7071,0.0000,4.5338,1.2954,1.0000
4,3,3251,3252,2,2,2,0.5000,3251.745,569.182,1148.255,8.9055,17.0000,1.2364,0.4033,5.5052,0.0000,0.5625,0.4375,0.4459,0.5774,4.8576,1.1335,0.8182
7,3,3251,3252,2,3,3,0.3889,3251.458,1129.904,1120.819,10.1592,14.0000,1.1807,0.5016,4.5338,0.5109,0.2405,0.2486,0.4413,0.7991,3.5623,0.9715,0.4940
3,3,3254,3255,2,2,1,0.7500,3254.364,425.295,579.000,8.2260,16.0000,1.0909,0.7016,5.1810,0.5333,0.2667,0.2000,0.7071,0.0000,5.1811,0.9715,1.0000
3,3,3254,3255,2,1,2,0.7500,3254.650,450.000,956.675,7.4782,14.0000,1.0500,0.7267,4.5335,0.5333,0.2667,0.2000,0.7071,0.0000,3.8857,1.6190,1.0000
25,16,3255,3257,3,5,5,0.3333,3255.961,858.677,1287.357,23.2490,23.0000,1.6017,0.9347,7.4475,0.5401,0.2117,0.2482,0.2871,0.8408,4.6951,1.9428,0.7382
3,3,3256,3257,2,1,2,0.7500,3256.690,576.000,1017.690,7.8517,16.0000,1.1429,0.4377,5.1807,0.5333,0.2667,0.2000,0.7071,0.0000,4.5332,1.9428,1.0000
4,3,3258,3259,2,1,2,1.0000,3258.500,826.000,878.577,8.4183,17.0000,1.3077,0.6550,5.5042,0.0000,0.7500,0.2500,0.0000,0.0000,4.5330,1.2952,0.8269
6,3,3260,3261,2,2,3,0.5000,3260.539,548.158,885.355,10.0454,15.0000,1.1842,0.6027,4.8564,0.6373,0.1269,0.2358,0.4046,0.4063,4.5327,0.9713,0.5658
8,4,3261,3263,3,2,2,0.6667,3262.357,648.388,913.551,11.2173,16.0000,1.3061,0.8390,5.1800,0.4716,0.1249,0.4035,0.8929,0.1898,4.2087,0.6475,0.5918
4,3,3265,3266,2,2,2,0.5000,3265.222,532.759,523.481,8.7405,15.0000,1.1111,0.5824,4.8559,0.5916,0.1015,0.3069,0.5000,0.5000,5.0177,1.4567,0.7778
3,3,3267,3268,2,2,1,0.7500,3267.659,426.341,839.000,8.2231,15.0000,1.0227,0.7420,4.8556,0.5333,0.2667,0.2000,0.7071,0.0000,5.1792,1.2948,1.0000
5,3,3267,3269,3,2,2,0.4167,3268.079,760.175,543.365,9.1200,15.0000,1.1905,0.4124,4.8555,0.5461,0.2256,0.2283,0.8117,0.4177,4.8554,1.6185,0.6825
5,3,3270,3272,3,3,1,0.5556,3271.083,582.683,819.000,8.6850,15.0000,1.2500,1.1433,4.8550,0.5532,0.3398,0.1070,0.5606,0.0000,4.5314,1.2947,0.6833
4,3,3272,3273,2,1,2,1.0000,3272.518,377.000,591.536,9.0625,17.0000,1.2143,0.6693,5.5021,0.0000,0.7500,0.2500,0.0000,0.0000,4.0458,1.2946,0.7857
5,3,3272,3274,3,2,2,0.4167,3273.074,517.618,591.868,9.8425,17.0000,1.2500,1.0110,5.5020,0.5461,0.2256,0.2283,0.8117,0.4177,4.8548,1.4564,0.6912
4,3,3273,3274,2,3,1,0.6667,3273.547,401.057,787.000,8.5768,16.0000,1.2075,0.4564,5.1784,0.7576,0.1294,0.1129,0.5257,0.0000,4.6930,2.2655,0.8113
4,3,3274,3276,3,2,1,0.6667,3275.075,450.736,753.000,8.5764,15.0000,1.1321,0.2747,4.8546,0.5357,0.3214,0.1429,1.0000,0.0000,5.1782,1.9418,0.8113
3,3,3277,3278,2,2,1,0.7500,3277.683,404.634,818.000,7.6605,15.0000,1.0976,0.7090,4.8542,0.5333,0.2667,0.2000,0.7071,0.0000,4.5307,1.7799,1.0000
6,3,3279,3281,3,2,2,0.5000,3280.352,385.155,522.324,9.3797,14.0000,1.1831,0.5029,4.5304,0.5034,0.2551,0.2415,0.9677,0.2521,4.3685,1.1326,0.5915
9,3,3281,3283,3,3,2,0.5000,3282.192,966.677,837.626,10.6783,17.0000,1.5455,0.5301,5.5010,0.4588,0.1671,0.3740,0.5923,0.1474,3.5595,1.4561,0.4444
3,3,3282,3283,2,2,1,0.7500,3282.292,500.708,676.000,8.9674,20.0000,1.2500,0.4125,6.4717,0.5333,0.2667,0.2000,0.7071,0.0000,4.8538,2.1033,1.0000
6,3,3282,3283,2,3,3,0.3333,3282.681,540.667,869.972,9.5113,16.0000,1.3333,0.4625,5.1773,0.4767,0.3371,0.1862,0.4927,0.8702,4.8537,1.9414,0.5972
7,3,3283,3284,2,3,2,0.5833,3283.273,343.920,649.261,10.7625,17.0000,1.3523,0.3860,5.5008,0.6517,0.0773,0.2710,0.3251,0.7071,4.2065,1.7797,0.5114
5,3,3285,3287,3,2,2,0.4167,3285.841,179.145,578.826,9.9844,18.0000,1.3043,0.2769,5.8241,0.6489,0.0995,0.2515,0.9362,0.2726,4.8535,1.6178,0.6812
5,3,3286,3287,2,2,2,0.6250,3286.516,627.609,726.859,9.2608,16.0000,1.2500,0.8105,5.1770,0.3432,0.2505,0.4063,0.6059,0.3645,5.1769,1.7796,0.7188
12,4,3287,3290,4,3,4,0.2500,3288.901,494.921,494.305,14.1033,22.0000,1.7483,0.9541,7.1181,0.5506,0.1568,0.2925,0.8504,0.4625,4.2060,1.9413,0.4570
8,3,3292,3293,2,2,4,0.5000,3292.429,611.780,1000.099,10.4090,15.0000,1.3187,0.6202,4.8529,0.7029,0.0457,0.2514,0.2500,0.6575,4.2059,1.6176,0.4505
5,3,3293,3294,2,2,2,0.6250,3293.390,552.847,509.525,8.5364,14.0000,1.1864,0.6718,4.5294,0.3432,0.2505,0.4063,0.6059,0.3645,3.8823,0.6471,0.6949
19,5,3293,3297,5,3,3,0.4222,3295.048,1101.976,1148.976,15.5122,14.0000,1.2727,1.4653,4.5293,0.5527,0.2552,0.1921,0.8164,0.1850,3.8822,0.9706,0.3158
3,3,3294,3296,3,1,1,1.0000,3294.976,288.000,1108.000,7.8450,15.0000,1.0714,0.0238,4.8528,0.8889,0.0000,0.1111,1.0000,0.0000,3.8823,-0.0000,1.0000
6,3,3294,3296,3,3,1,0.6667,3294.766,633.195,469.000,10.1699,17.0000,1.3247,0.3043,5.4999,0.4000,0.4800,0.1200,0.7071,0.0000,4.2058,1.2941,0.5974
18,7,3294,3296,3,5,3,0.4000,3295.215,997.183,1228.959,16.6997,21.0000,1.7260,0.2848,6.7939,0.5569,0.2045,0.2386,0.1926,0.5626,4.0440,1.2941,0.4977
3,3,3295,3296,2,2,1,0.7500,3295.636,376.705,382.000,8.2185,16.0000,1.0909,0.7016,5.1763,0.5333,0.2667,0.2000,0.7071,0.0000,5.8233,1.9411,1.0000
5,3,3295,3297,3,2,2,0.4167,3296.000,574.381,843.206,9.1150,15.0000,1.1905,0.4332,4.8528,0.5461,0.2256,0.2283,0.8117,0.4177,4.5293,1.2941,0.6508
9,3,3297,3298,2,2,3,0.7500,3297.434,1079.528,1169.651,11.4309,16.0000,1.3585,0.7298,5.1763,0.4706,0.0000,0.5294,0.3015,0.5894,4.2057,1.6176,0.4151
5,3,3299,3301,3,2,2,0.4167,3299.824,410.147,618.838,9.8382,19.0000,1.3971,0.2810,6.1467,0.6489,0.0995,0.2515,0.9362,0.2726,4.5292,1.6176,0.6912
4,4,3299,3300,2,1,2,1.0000,3299.509,487.000,689.527,8.8966,15.0000,1.0909,0.6815,4.8527,0.0000,0.7500,0.2500,0.0000,0.0000,4.6909,0.8088,1.0000
3,3,3300,3301,2,1,2,0.7500,3300.370,253.000,1053.304,8.5919,17.0000,1.1087,0.7001,5.4997,0.5333,0.2667,0.2000,0.7071,0.0000,5.1762,0.3235,1.0000
3,3,3300,3301,2,2,1,0.7500,3300.659,278.341,819.000,7.6580,14.0000,1.0244,0.7418,4.5292,0.5333,0.2667,0.2000,0.7071,0.0000,5.1762,1.6176,1.0000
4,3,3300,3301,2,1,2,1.0000,3300.471,726.000,807.569,8.2495,15.0000,1.1765,0.6829,4.8527,0.0000,0.7500,0.2500,0.0000,0.0000,5.0144,1.7793,0.8235
4,3,3301,3302,2,2,1,1.0000,3301.500,441.462,602.000,8.4113,15.0000,1.1538,0.6805,4.8527,0.0000,0.7500,0.2500,1.0000,0.0000,4.5292,1.1323,0.7885
5,3,3302,3304,3,2,2,0.4167,3302.938,454.500,763.703,9.2594,18.0000,1.4062,0.5848,5.8232,0.7383,0.0485,0.2132,0.7071,0.0000,3.8821,0.3235,0.7031
3,3,3303,3304,2,1,2,0.7500,3303.283,500.000,784.630,8.5918,17.0000,1.1087,0.6909,5.4997,0.5333,0.2667,0.2000,0.7071,0.0000,5.8232,1.9411,1.0000
5,3,3303,3304,2,2,2,0.6250,3303.382,543.176,756.426,9.8381,17.0000,1.2500,0.5993,5.4997,0.3432,0.2505,0.4063,0.6059,0.3645,4.8527,1.6176,0.6765
3,3,3303,3305,3,1,1,1.0000,3304.000,557.000,1192.000,7.2844,13.0000,1.0000,1.0000,4.2057,0.8889,0.0000,0.1111,1.0000,0.0000,3.8821,0.9705,1.0000
5,3,3304,3306,3,2,2,0.4167,3304.935,407.210,668.855,8.9701,18.0000,1.4516,0.2631,5.8232,0.4138,0.1655,0.4207,1.0000,0.0000,4.8527,1.6176,0.7097
6,3,3304,3305,2,2,2,0.7500,3304.373,423.520,788.293,9.9055,14.0000,1.1200,0.6751,4.5292,0.2000,0.3333,0.4667,0.7071,0.7071,3.7204,1.1323,0.5600
4,3,3306,3307,2,2,2,0.5000,3306.173,620.692,567.577,8.4113,16.0000,1.2308,0.8296,5.1762,0.5916,0.1015,0.3069,0.5000,0.5000,4.6909,1.6176,0.8269
5,3,3307,3308,2,2,2,0.6250,3307.684,293.228,1024.386,8.2468,13.0000,1.1404,0.5484,4.2057,0.3432,0.2505,0.4063,0.6059,0.3645,4.5292,1.4558,0.6842
4,3,3308,3309,2,2,1,1.0000,3308.472,299.566,647.000,8.5732,15.0000,1.1321,0.6410,4.8528,0.0000,0.7500,0.2500,1.0000,0.0000,5.0145,1.9411,0.8113
4,3,3308,3310,3,1,2,0.6667,3308.635,553.000,494.750,8.4115,15.0000,1.1538,0.6821,4.8528,0.7500,0.1500,0.1000,0.9487,0.0000,5.4998,1.9411,0.8269
4,3,3312,3313,2,1,2,1.0000,3312.473,797.000,1069.473,8.8970,15.0000,1.0909,0.6685,4.8529,0.0000,0.7500,0.2500,0.0000,0.0000,5.1764,1.2941,0.7818
7,3,3312,3315,4,2,2,0.4375,3313.398,805.422,857.735,10.1495,15.0000,1.2651,0.6373,4.8529,0.4775,0.3664,0.1561,0.9977,0.0557,4.5294,1.6177,0.4940
4,3,3313,3314,2,2,1,1.0000,3313.519,337.444,514.000,8.7353,15.0000,1.1111,0.6829,4.8530,0.0000,0.7500,0.2500,1.0000,0.0000,4.8530,0.6471,0.7963
5,3,3313,3314,2,2,2,0.6250,3313.417,632.850,1169.450,8.6812,14.0000,1.1667,0.8156,4.5295,0.3432,0.2505,0.4063,0.6059,0.3645,4.6912,1.2941,0.6667
7,3,3313,3315,3,3,2,0.3889,3313.978,680.811,792.100,11.0056,20.0000,1.5556,0.2149,6.4707,0.6788,0.0891,0.2320,0.7979,0.1151,3.8824,1.2941,0.5556
5,3,3315,3316,2,2,2,0.6250,3315.311,410.623,1014.607,8.8261,15.0000,1.2295,0.7792,4.8530,0.2938,0.4054,0.3007,0.0000,0.3029,4.8530,0.9706,0.6885
3,3,3317,3317,1,2,2,0.7500,3317.000,288.317,433.683,7.6587,15.0000,1.0976,0.4484,4.8532,0.5333,0.2667,0.2000,0.0000,1.0000,4.5296,1.2942,1.0000
3,3,3317,3317,1,2,2,0.7500,3317.000,390.675,1146.675,7.4719,14.0000,1.0500,0.4596,4.5296,0.5333,0.2667,0.2000,0.0000,1.0000,4.5296,0.9706,1.0000
6,4,3317,3318,2,3,2,0.5000,3317.346,1038.012,1202.469,10.6990,17.0000,1.2593,0.5829,5.5003,0.4412,0.1872,0.3716,0.0000,0.0000,4.2061,1.6177,0.7407
5,3,3318,3320,3,2,2,0.4167,3318.625,407.859,610.797,9.2606,18.0000,1.4062,0.4491,5.8240,0.6338,0.1686,0.1975,0.9585,0.2851,4.5297,1.2942,0.6875
4,3,3319,3320,2,1,2,1.0000,3319.536,444.000,816.536,9.0596,15.0000,1.0714,0.7089,4.8534,0.0000,0.7500,0.2500,0.0000,0.0000,5.1769,1.6178,0.8036
5,3,3320,3322,3,1,2,0.8333,3320.730,344.000,573.508,9.1161,17.0000,1.3492,0.8805,5.5005,0.5854,0.2927,0.1220,0.9487,0.0000,4.5299,1.2942,0.7143
8,5,3320,3322,3,2,3,0.4444,3321.142,642.481,1124.160,12.1260,17.0000,1.2830,0.5265,5.5006,0.4281,0.3090,0.2629,0.5844,0.5449,4.8535,1.6178,0.7358
6,3,3321,3323,3,2,2,0.5000,3322.303,300.500,637.118,10.0393,15.0000,1.1842,0.5963,4.8536,0.6373,0.1269,0.2358,0.8795,0.0724,4.5299,0.6471,0.5789
3,3,3322,3323,2,2,1,0.7500,3322.667,483.643,507.000,7.8462,15.0000,1.0714,0.7241,4.8536,0.5333,0.2667,0.2000,0.7071,0.0000,5.1771,2.1032,1.0000
33,14,3322,3326,5,6,5,0.2200,3324.202,853.548,1288.670,25.4037,27.0000,1.9756,0.6707,8.7366,0.6513,0.1825,0.1662,0.1284,0.1020,4.2064,1.2943,0.5610
4,3,3322,3323,2,2,1,1.0000,3322.481,881.519,576.000,8.4128,14.0000,1.0769,0.6799,4.5299,0.0000,0.7500,0.2500,1.0000,0.0000,4.5300,1.2943,0.7692
7,3,3324,3326,3,2,3,0.3889,3325.272,502.272,961.111,9.9065,15.0000,1.2963,0.3999,4.8537,0.6934,0.1763,0.1303,0.5639,0.3706,4.5301,1.6179,0.6667
6,4,3324,3326,3,1,3,0.6667,3325.197,559.000,967.842,10.0397,16.0000,1.2632,0.2528,5.1773,0.4000,0.4800,0.1200,0.7071,0.0000,4.5302,1.4561,0.7368
4,3,3325,3327,3,2,1,0.6667,3325.923,672.538,585.000,8.4132,15.0000,1.1538,0.5439,4.8538,0.7576,0.1294,0.1129,0.8507,0.0000,5.0155,1.4561,0.8269
5,3,3325,3326,2,1,3,0.8333,3325.450,872.000,1013.733,8.6826,14.0000,1.1667,0.6112,4.5302,0.5854,0.2927,0.1220,0.3162,0.0000,4.5301,1.2943,0.6667
4,4,3328,3329,2,2,1,1.0000,3328.464,446.464,1009.000,9.0607,17.0000,1.2143,0.6566,5.5011,0.0000,0.7500,0.2500,1.0000,0.0000,4.5304,1.4562,1.0000
6,3,3328,3331,4,2,2,0.3750,3329.134,689.149,514.866,8.8513,13.0000,1.1642,1.1520,4.2069,0.8087,0.0589,0.1324,0.9827,0.1690,4.0450,0.9708,0.5821
16,7,3328,3330,3,3,3,0.5926,3328.864,966.116,1246.156,16.0990,18.0000,1.4472,1.2464,5.8247,0.4040,0.2835,0.3125,0.5621,0.7141,3.2361,1.4562,0.5477
6,3,3330,3332,3,3,2,0.3333,3331.243,386.176,500.703,9.7764,17.0000,1.3784,0.4224,5.5013,0.8073,0.0348,0.1578,0.6885,0.0637,4.8541,1.6180,0.7568
4,3,3332,3334,3,2,1,0.6667,3332.807,301.228,783.000,9.2230,20.0000,1.4035,0.8386,6.4722,0.5357,0.3214,0.1429,1.0000,0.0000,5.1779,1.2945,0.8421
10,3,3332,3334,3,2,3,0.5556,3332.702,725.614,948.018,11.6663,17.0000,1.4912,0.4881,5.5015,0.4504,0.2692,0.2803,0.3566,0.1364,3.5598,1.2945,0.3860
5,3,3336,3337,2,1,3,0.8333,3336.375,333.000,650.750,9.2628,16.0000,1.2500,0.4507,5.1780,0.5854,0.2927,0.1220,0.3162,0.0000,4.8545,0.9709,0.7031
4,3,3336,3337,2,2,1,1.0000,3336.463,456.426,442.000,8.7380,16.0000,1.1852,0.6291,5.1780,0.0000,0.7500,0.2500,1.0000,0.0000,4.2072,0.6473,0.8148
4,3,3337,3339,3,1,2,0.6667,3338.082,824.000,1194.551,7.9290,14.0000,1.1429,0.4563,4.5309,0.7576,0.1294,0.1129,0.8507,0.0000,4.5309,1.2945,0.8163
4,3,3339,3340,2,2,1,1.0000,3339.500,435.574,656.000,8.7382,17.0000,1.2593,0.6568,5.5018,0.0000,0.7500,0.2500,1.0000,0.0000,5.0164,1.6182,0.8148
3,3,3340,3342,3,1,1,1.0000,3340.978,503.000,604.000,8.4084,18.0000,1.2000,0.0222,5.8255,0.8889,0.0000,0.1111,1.0000,0.0000,4.8546,1.2945,1.0000
4,3,3340,3342,3,1,2,0.6667,3341.220,557.000,997.800,8.0910,14.0000,1.1200,0.8052,4.5310,0.7500,0.1500,0.1000,0.9487,0.0000,4.5309,1.7800,0.8000
5,3,3340,3341,2,2,2,0.6250,3340.571,580.381,593.857,9.1183,16.0000,1.2698,0.7015,5.1782,0.3432,0.2505,0.4063,0.6059,0.3645,4.5310,1.7800,0.6825
5,3,3340,3341,2,3,2,0.4167,3340.617,642.983,392.783,8.6841,15.0000,1.2500,0.4406,4.8546,0.5461,0.2256,0.2283,0.5716,0.7118,4.5309,1.6182,0.6833
5,3,3341,3343,3,1,3,0.5556,3341.956,787.000,895.338,9.8421,18.0000,1.3235,0.6632,5.8255,0.5532,0.3398,0.1070,0.5606,0.0000,4.2073,0.3236,0.7059
4,3,3341,3342,2,2,2,0.5000,3341.212,1039.250,651.250,8.4146,15.0000,1.1538,0.4120,4.8546,0.0000,0.5625,0.4375,0.4459,0.5774,4.8546,2.5891,0.7885
4,3,3342,3343,2,1,2,1.0000,3342.545,449.000,707.582,8.9002,17.0000,1.2364,0.6176,5.5019,0.0000,0.7500,0.2500,0.0000,0.0000,5.1783,1.6182,0.8182
7,3,3342,3344,3,2,2,0.5833,3342.988,573.221,958.535,10.5200,19.0000,1.5465,0.5151,6.1492,0.4296,0.3471,0.2233,0.9305,0.2273,4.5310,1.6182,0.5349
48,25,3342,3346,5,5,6,0.3200,3344.166,1275.680,516.217,30.0837,22.0000,1.6398,1.4044,7.1202,0.2045,0.1530,0.6425,0.0086,0.9987,3.5601,1.2946,0.6429
4,3,3344,3346,3,2,1,0.6667,3344.843,501.824,306.000,8.2529,15.0000,1.1765,0.2361,4.8547,0.7500,0.1500,0.1000,0.9487,0.0000,5.0165,1.9419,0.8235
5,3,3344,3346,3,2,2,0.4167,3345.133,593.833,487.150,8.6843,15.0000,1.2500,1.1553,4.8546,0.6489,0.0995,0.2515,0.9362,0.2726,3.8837,1.6182,0.6833
14,4,3344,3346,3,3,4,0.3889,3344.947,1074.406,1173.806,14.7046,20.0000,1.6471,0.6273,6.4729,0.3111,0.0741,0.6148,0.3029,0.0499,4.0455,0.9709,0.3824
3,3,3345,3346,2,2,1,0.7500,3345.622,366.311,901.000,8.4085,17.0000,1.1333,0.6957,5.5019,0.5333,0.2667,0.2000,0.7071,0.0000,4.2074,1.2946,1.0000
4,3,3345,3346,2,2,1,1.0000,3345.455,787.473,747.000,8.9002,17.0000,1.2364,0.6558,5.5019,0.0000,0.7500,0.2500,1.0000,0.0000,4.5310,1.4564,0.7818
4,3,3347,3348,2,3,1,0.6667,3347.558,241.058,1029.000,8.4147,16.0000,1.2308,0.4461,5.1783,0.7576,0.1294,0.1129,0.5257,0.0000,4.5310,1.6182,0.8077
4,3,3347,3349,3,2,1,0.6667,3348.000,366.182,573.000,8.9002,17.0000,1.2364,0.1818,5.5019,0.5357,0.3214,0.1429,1.0000,0.0000,4.8546,0.3236,0.8182
5,3,3348,3350,3,2,2,0.4167,3348.723,321.815,652.385,9.4079,16.0000,1.2308,0.6996,5.1783,0.7729,0.0435,0.1836,0.8328,0.5477,4.5310,1.6182,0.6769
3,3,3348,3350,3,1,1,1.0000,3348.936,780.000,898.000,8.7822,18.0000,1.1489,0.0638,5.8256,0.8889,0.0000,0.1111,1.0000,0.0000,5.5019,1.2946,1.0000
3,3,3351,3352,2,1,2,0.7500,3351.325,306.000,679.650,7.4741,14.0000,1.0500,0.7267,4.5309,0.5333,0.2667,0.2000,0.7071,0.0000,4.8546,1.4564,1.0000
4,3,3351,3352,2,1,2,1.0000,3351.463,527.000,1159.500,8.7382,16.0000,1.1852,0.6814,5.1782,0.0000,0.7500,0.2500,0.0000,0.0000,4.6927,1.6182,0.7963
6,3,3354,3356,3,2,2,0.5000,3355.222,470.125,749.486,9.5127,15.0000,1.2500,0.9257,4.8544,0.3810,0.3333,0.2857,0.9487,0.1690,4.5307,1.2945,0.5833
5,3,3354,3355,2,2,2,0.6250,3354.661,873.220,792.373,8.5391,13.0000,1.1017,0.5500,4.2072,0.3432,0.2505,0.4063,0.6059,0.3645,4.5308,1.1327,0.6610
3,3,3356,3357,2,2,1,0.7500,3356.689,170.711,873.000,8.4079,18.0000,1.2000,0.4246,5.8252,0.5333,0.2667,0.2000,0.7071,0.0000,4.2071,0.9708,1.0000
4,3,3357,3360,4,1,1,1.0000,3358.564,624.000,369.000,8.8994,17.0000,1.2364,0.5636,5.5015,0.9375,0.0000,0.0625,1.0000,0.0000,4.8541,0.9708,0.8182
4,3,3359,3361,3,2,1,0.6667,3359.837,406.184,237.000,7.9284,14.0000,1.1429,1.1777,4.5304,0.7500,0.1500,0.1000,0.9487,0.0000,4.5305,1.2944,0.8163
9,3,3360,3362,3,3,3,0.3333,3360.868,1066.868,1019.981,11.4339,16.0000,1.3585,0.1877,5.1776,0.4170,0.3608,0.2222,0.5289,0.4230,3.2361,0.9708,0.4245
4,3,3363,3365,3,1,2,0.6667,3364.091,519.000,761.582,8.8985,17.0000,1.2364,0.4279,5.5009,0.7576,0.1294,0.1129,0.8507,0.0000,4.8537,1.2943,0.8182
6,3,3364,3365,2,4,1,0.7500,3364.494,254.494,805.000,10.1718,17.0000,1.3247,0.6979,5.5009,0.7692,0.1538,0.0769,0.3162,0.0000,4.5301,1.2943,0.5844
3,3,3364,3365,2,1,2,0.7500,3364.650,412.000,511.675,7.4728,14.0000,1.0500,0.7267,4.5302,0.5333,0.2667,0.2000,0.7071,0.0000,4.5301,1.7797,1.0000
3,3,3364,3365,2,1,2,0.7500,3364.372,484.000,681.698,8.0333,16.0000,1.1163,0.6969,5.1772,0.5333,0.2667,0.2000,0.7071,0.0000,4.8538,0.8090,1.0000
4,3,3364,3365,2,1,2,1.0000,3364.545,509.000,668.473,8.8985,17.0000,1.2364,0.6962,5.5008,0.0000,0.7500,0.2500,0.0000,0.0000,5.3391,1.6179,0.8364
3,3,3366,3368,3,1,1,1.0000,3367.000,395.000,877.000,7.6592,15.0000,1.0976,0.0000,4.8535,0.8889,0.0000,0.1111,1.0000,0.0000,4.5300,0.9707,1.0000
4,4,3367,3368,2,2,1,1.0000,3367.467,183.450,837.000,9.7068,18.0000,1.2000,0.6483,5.8242,0.0000,0.7500,0.2500,1.0000,0.0000,5.0152,1.2942,1.0000
5,3,3368,3369,2,2,2,0.6250,3368.450,566.400,948.150,8.6819,14.0000,1.1667,0.6205,4.5298,0.3432,0.2505,0.4063,0.6059,0.3645,4.5297,0.6471,0.6833
4,3,3369,3370,2,2,2,0.5000,3369.264,471.528,1065.208,8.5741,14.0000,1.0566,0.6261,4.5297,0.5916,0.1015,0.3069,0.5000,0.5000,5.1767,1.4560,0.7925
8,3,3371,3373,3,4,3,0.2222,3371.881,405.495,906.446,11.5529,16.0000,1.2673,1.1090,5.1766,0.6341,0.1206,0.2454,0.2577,0.4500,4.3676,1.2941,0.5842
6,3,3371,3372,2,2,3,0.5000,3371.676,472.868,828.235,8.9815,14.0000,1.2353,0.4214,4.5294,0.6597,0.1468,0.1935,0.1056,0.3387,4.0441,0.6470,0.5882
3,3,3372,3374,3,1,1,1.0000,3373.000,379.000,587.000,8.2186,18.0000,1.2273,0.0000,5.8234,0.8889,0.0000,0.1111,1.0000,0.0000,4.5294,1.2941,1.0000
4,3,3372,3373,2,2,2,0.5000,3372.552,504.793,981.741,9.3823,17.0000,1.1724,0.5574,5.4999,0.5916,0.1015,0.3069,0.7071,0.7071,5.0146,0.8088,0.7931
5,3,3373,3375,3,2,2,0.4167,3374.190,598.429,415.841,9.1148,16.0000,1.2698,0.6229,5.1763,0.7729,0.0435,0.1836,0.8328,0.5477,4.8526,2.1028,0.6667
7,4,3374,3376,3,2,2,0.5833,3374.907,483.837,1068.581,10.5157,15.0000,1.2209,0.6109,4.8526,0.4600,0.2645,0.2756,1.0000,0.0000,4.5291,0.6470,0.6512
4,3,3374,3375,2,2,2,0.5000,3374.729,544.812,574.458,7.7643,13.0000,1.0833,0.8814,4.2057,0.5916,0.1015,0.3069,0.5000,0.5000,3.8821,0.3235,0.8125
6,3,3375,3376,2,3,2,0.5000,3375.479,343.027,588.534,9.6411,15.0000,1.2329,0.6690,4.8526,0.6168,0.1058,0.2774,0.5000,0.5000,4.6908,1.6175,0.5616
5,3,3375,3377,3,3,1,0.5556,3376.066,663.082,998.000,8.8251,15.0000,1.2295,0.9204,4.8525,0.0000,0.8276,0.1724,1.0000,0.0000,4.5289,1.1322,0.6885
5,3,3377,3378,2,2,2,0.6250,3377.534,974.155,588.621,8.3908,14.0000,1.2069,0.6735,4.5289,0.3432,0.2505,0.4063,0.6059,0.3645,4.5288,1.7792,0.6897
6,3,3379,3381,3,2,2,0.5000,3379.873,464.817,534.324,9.3762,15.0000,1.2676,0.3931,4.8521,0.5230,0.1584,0.3185,0.9225,0.0898,4.3669,0.6470,0.5915
32,12,3379,3383,5,6,5,0.2133,3380.885,916.310,1268.740,23.2730,21.0000,1.6511,0.9727,6.7930,0.6986,0.0989,0.2025,0.5258,0.7739,3.8816,1.6174,0.5012
4,3,3382,3383,2,3,1,0.6667,3382.442,470.904,868.000,8.4100,15.0000,1.1538,0.4526,4.8519,0.7576,0.1294,0.1129,0.5257,0.0000,5.1753,1.9407,0.8269
5,3,3383,3385,3,1,2,0.8333,3384.333,379.000,427.429,9.1130,17.0000,1.3492,0.8781,5.4986,0.5854,0.2927,0.1220,0.9487,0.0000,4.8517,2.2641,0.6984
5,3,3384,3386,3,2,1,0.8333,3384.730,590.492,872.000,9.1130,16.0000,1.2698,0.8895,5.1752,0.5854,0.2927,0.1220,0.9487,0.0000,4.5282,0.8086,0.6984
3,3,3384,3385,2,1,2,0.7500,3384.675,802.000,945.325,7.4697,14.0000,1.0500,0.4596,4.5282,0.5333,0.2667,0.2000,0.7071,0.0000,4.5283,1.1320,1.0000
5,3,3385,3387,3,2,1,0.8333,3385.788,463.439,549.000,9.5468,16.0000,1.2121,0.4879,5.1751,0.5854,0.2927,0.1220,0.9487,0.0000,4.8517,1.7789,0.6818
4,3,3385,3387,3,2,1,0.6667,3386.096,494.269,586.000,8.4095,15.0000,1.1538,0.2859,4.8516,0.5357,0.3214,0.1429,1.0000,0.0000,4.8516,1.9406,0.8269
4,3,3386,3387,2,1,2,1.0000,3386.490,247.000,525.510,8.2477,13.0000,1.0196,0.7072,4.2047,0.0000,0.7500,0.2500,0.0000,0.0000,4.5281,1.2938,0.7647
4,3,3386,3388,3,1,2,0.6667,3387.080,572.000,638.520,8.0859,15.0000,1.2000,0.5261,4.8516,0.7576,0.1294,0.1129,0.8507,0.0000,4.5281,0.6469,0.8200
4,3,3387,3388,2,2,2,0.5000,3387.269,245.442,959.808,8.4093,15.0000,1.1538,0.5524,4.8516,0.5916,0.1015,0.3069,0.5000,0.5000,4.0429,1.1320,0.8077
4,3,3387,3388,2,2,1,1.0000,3387.519,286.558,835.000,8.4093,15.0000,1.1538,0.6821,4.8516,0.0000,0.7500,0.2500,1.0000,0.0000,4.0429,0.3234,0.8077
4,3,3387,3388,2,2,1,1.0000,3387.558,292.558,665.000,8.4093,16.0000,1.2308,0.6255,5.1749,0.0000,0.7500,0.2500,1.0000,0.0000,4.5281,1.2938,0.8077
9,3,3387,3389,3,4,2,0.3750,3388.155,735.883,780.485,11.1045,15.0000,1.3107,0.5228,4.8515,0.7134,0.1778,0.1088,0.1787,0.1205,3.5578,1.6172,0.4175
7,3,3389,3392,4,2,2,0.4375,3390.333,339.750,471.607,10.2684,16.0000,1.3333,0.5727,5.1748,0.4775,0.3664,0.1561,0.9977,0.0557,4.2045,0.9703,0.5000
4,3,3390,3392,3,2,1,0.6667,3390.648,493.259,378.000,8.7325,17.0000,1.2593,0.4371,5.4982,0.7500,0.1500,0.1000,0.9487,0.0000,5.1748,2.2640,0.8333
5,3,3390,3392,3,2,1,0.8333,3390.831,635.354,727.000,9.4016,16.0000,1.2308,0.3922,5.1748,0.5854,0.2927,0.1220,0.9487,0.0000,5.1748,1.6171,0.6769
3,3,3392,3393,2,2,1,0.7500,3392.341,262.659,920.000,7.6558,14.0000,1.0244,0.7418,4.5279,0.5333,0.2667,0.2000,0.7071,0.0000,4.8513,1.2937,1.0000
3,3,3392,3393,2,2,1,0.7500,3392.381,308.310,585.000,7.8425,16.0000,1.1429,0.6921,5.1747,0.5333,0.2667,0.2000,0.7071,0.0000,4.5279,0.9703,1.0000
6,3,3393,3394,2,2,2,0.7500,3393.548,233.603,833.740,9.6385,16.0000,1.3151,0.7971,5.1747,0.2000,0.3333,0.4667,0.0000,0.0000,4.0427,1.2937,0.6027
4,3,3393,3395,3,2,1,0.6667,3393.754,812.211,611.000,9.2174,17.0000,1.1930,0.3235,5.4981,0.7500,0.1500,0.1000,0.9487,0.0000,5.1747,1.6171,0.7895
4,3,3395,3396,2,2,2,0.5000,3395.431,336.725,529.176,8.2471,15.0000,1.1765,0.5409,4.8512,0.5916,0.1015,0.3069,0.7071,0.7071,4.6895,1.4554,0.8235
5,4,3395,3396,2,3,2,0.4167,3395.429,906.000,1272.159,9.1121,14.0000,1.1111,0.5931,4.5278,0.5461,0.2256,0.2283,0.5716,0.7118,3.8810,1.9405,0.8413
5,3,3396,3397,2,2,2,0.6250,3396.667,753.606,923.606,9.5460,15.0000,1.1364,0.7960,4.8512,0.2938,0.4054,0.3007,0.0000,0.3029,5.1746,2.1022,0.6667
4,3,3397,3399,3,2,1,0.6667,3398.060,354.720,745.000,8.0854,14.0000,1.1200,0.7225,4.5278,0.5357,0.3214,0.1429,1.0000,0.0000,5.1747,1.2937,0.8000
6,3,3399,3401,3,2,1,1.0000,3400.014,488.458,773.000,9.5065,14.0000,1.1667,0.4585,4.5279,0.5556,0.3333,0.1111,1.0000,0.0000,4.8513,2.2639,0.5556
5,3,3399,3400,2,2,2,0.6250,3399.783,546.383,489.683,8.6782,14.0000,1.1667,0.5424,4.5279,0.3432,0.2505,0.4063,0.5155,0.8569,4.5278,1.6171,0.6833
4,3,3400,3401,2,1,3,0.6667,3400.538,414.000,1013.096,8.4089,15.0000,1.1538,1.0149,4.8513,0.7576,0.1294,0.1129,0.5257,0.0000,5.0130,1.6171,0.8077
12,4,3402,3404,3,3,3,0.4444,3403.224,892.825,1277.154,13.3512,19.0000,1.5944,0.8687,6.1451,0.3894,0.1739,0.4367,0.9219,0.3376,3.5577,1.2937,0.4615
3,3,3404,3405,2,2,1,0.7500,3404.675,719.325,946.000,7.4693,14.0000,1.0500,0.4596,4.5281,0.5333,0.2667,0.2000,0.7071,0.0000,4.8515,1.6171,1.0000
6,3,3404,3406,3,2,2,0.5000,3404.859,770.535,922.817,9.3749,15.0000,1.2676,0.5829,4.8515,0.3810,0.3333,0.2857,0.9487,0.1690,4.3663,1.2937,0.6056
9,3,3404,3405,2,3,3,0.5000,3404.417,1003.320,1224.913,11.1045,16.0000,1.3981,0.5335,5.1749,0.6465,0.1135,0.2400,0.2883,0.6817,3.8812,1.6172,0.4369
4,4,3405,3406,2,2,1,1.0000,3405.483,324.483,473.000,9.3796,17.0000,1.1724,0.6827,5.4984,0.0000,0.7500,0.2500,1.0000,0.0000,5.1750,1.1320,1.0000
4,3,3405,3406,2,2,1,1.0000,3405.566,487.585,1101.000,8.5711,17.0000,1.2830,0.6005,5.4984,0.0000,0.7500,0.2500,1.0000,0.0000,4.6898,0.9703,0.8302
5,3,3407,3409,3,2,2,0.4167,3407.938,423.554,502.846,9.4023,16.0000,1.2308,0.4759,5.1753,0.7729,0.0435,0.1836,0.8328,0.5477,4.5283,1.1321,0.6923
6,3,3409,3410,2,3,2,0.5000,3409.541,703.000,1048.486,9.7718,15.0000,1.2162,0.6692,4.8519,0.6168,0.1058,0.2774,0.5000,0.5000,4.2049,1.6173,0.5811
25,10,3409,3412,4,5,4,0.3125,3410.034,811.146,1297.913,23.0951,29.0000,2.0308,0.1729,9.3804,0.4972,0.1569,0.3459,0.2019,0.4441,4.2050,1.6173,0.5490
5,3,3410,3411,2,2,2,0.6250,3410.787,734.393,1097.328,8.8242,15.0000,1.2295,0.5547,4.8520,0.3432,0.2505,0.4063,0.5155,0.8569,4.5285,1.7790,0.6721
3,3,3410,3411,2,1,2,0.7500,3410.667,791.000,518.667,7.2833,13.0000,1.0000,0.7454,4.2051,0.5333,0.2667,0.2000,0.7071,0.0000,4.8520,0.6470,1.0000
3,3,3411,3412,2,1,2,0.7500,3411.650,712.000,184.325,7.4703,14.0000,1.0500,0.7267,4.5285,0.5333,0.2667,0.2000,0.7071,0.0000,3.8817,1.2939,1.0000
6,3,3411,3413,3,2,2,0.5000,3411.671,1032.671,621.143,9.2440,14.0000,1.2000,0.4861,4.5286,0.5034,0.2551,0.2415,0.9677,0.2521,4.0434,1.6173,0.5714
6,4,3412,3413,2,3,2,0.5000,3412.493,300.055,771.685,9.6403,14.0000,1.1507,0.8458,4.5287,0.4412,0.1872,0.3716,0.6154,0.7882,4.6904,0.6469,0.7534
4,3,3413,3414,2,2,1,1.0000,3413.549,334.451,730.000,8.2489,15.0000,1.1765,0.6378,4.8523,0.0000,0.7500,0.2500,1.0000,0.0000,3.5583,0.0000,0.8039
7,3,3413,3415,3,2,2,0.5833,3413.687,716.265,825.723,10.1481,15.0000,1.2651,0.4951,4.8523,0.3772,0.3083,0.3146,0.9758,0.2185,4.5288,1.2939,0.4940
3,3,3414,3415,2,1,2,0.7500,3414.325,307.000,682.325,7.4707,14.0000,1.0500,0.4596,4.5289,0.5333,0.2667,0.2000,0.7071,0.0000,4.5290,2.4262,1.0000
6,3,3415,3416,2,2,2,0.7500,3415.479,192.274,848.658,9.6410,15.0000,1.2329,0.6498,4.8525,0.2000,0.3333,0.4667,0.0000,0.0000,4.6908,1.9409,0.5616
5,3,3416,3418,3,2,1,0.8333,3417.148,295.393,645.000,8.8255,13.0000,1.0656,1.2131,4.2057,0.5854,0.2927,0.1220,0.9487,0.0000,4.5291,1.2941,0.6393
7,3,3416,3418,3,2,2,0.5833,3417.253,336.590,525.602,10.1491,15.0000,1.2651,0.6244,4.8527,0.5838,0.0731,0.3431,0.8512,0.5122,3.8823,1.2941,0.5060
5,3,3416,3418,3,2,1,0.8333,3417.250,567.617,810.000,8.6809,14.0000,1.1667,0.4577,4.5293,0.5854,0.2927,0.1220,0.9487,0.0000,4.5292,1.2941,0.6833
5,3,3417,3418,2,2,2,0.6250,3417.552,428.845,653.603,8.3916,13.0000,1.1207,0.8322,4.2058,0.3432,0.2505,0.4063,0.6059,0.3645,4.5292,0.8088,0.6724
4,3,3417,3418,2,2,2,0.5000,3417.769,579.519,488.731,8.4116,14.0000,1.0769,0.9047,4.5293,0.5916,0.1015,0.3069,0.5000,0.5000,3.8823,1.2941,0.7692
5,4,3420,3421,2,3,1,0.8333,3420.562,463.688,865.000,9.2605,15.0000,1.1719,0.8883,4.8531,0.5854,0.2927,0.1220,0.3162,0.0000,4.5297,0.8088,0.8594
7,3,3422,3424,3,4,2,0.2917,3423.120,802.602,404.566,10.1508,16.0000,1.3494,0.7023,5.1771,0.7830,0.0831,0.1340,0.4730,0.2685,3.8829,1.7797,0.5301
6,3,3424,3426,3,3,1,0.6667,3425.174,130.768,701.000,9.1153,14.0000,1.2174,0.2899,4.5303,0.4000,0.4800,0.1200,0.7071,0.0000,4.2067,0.9708,0.5797
4,3,3424,3425,2,2,1,1.0000,3424.566,244.566,350.000,8.5750,17.0000,1.2830,0.6137,5.5010,0.0000,0.7500,0.2500,1.0000,0.0000,4.5302,0.9707,0.8113
11,5,3424,3426,3,3,3,0.4074,3424.580,921.370,1266.043,13.4639,17.0000,1.3551,0.6889,5.5010,0.5006,0.2002,0.2992,0.3564,0.2482,2.9123,0.9707,0.5870
3,3,3425,3426,2,1,2,0.7500,3425.310,862.000,656.690,7.8467,16.0000,1.1429,0.4377,5.1774,0.5333,0.2667,0.2000,0.7071,0.0000,4.5304,1.6180,1.0000
3,3,3427,3429,3,1,1,1.0000,3427.975,225.000,566.000,7.4736,14.0000,1.0500,0.9750,4.5305,0.8889,0.0000,0.1111,1.0000,0.0000,3.8836,1.2944,1.0000
4,3,3427,3429,3,2,1,0.6667,3427.780,394.180,754.000,8.0904,15.0000,1.2000,0.8005,4.8541,0.7500,0.1500,0.1000,0.9487,0.0000,4.5307,1.2945,0.8200
5,3,3428,3429,2,2,2,0.6250,3428.633,388.550,1018.850,8.6838,15.0000,1.2500,0.5995,4.8544,0.3432,0.2505,0.4063,0.6059,0.3645,4.5307,0.3236,0.7000
4,3,3429,3431,3,1,2,0.6667,3430.080,549.000,671.560,8.0910,15.0000,1.2000,0.4472,4.8546,0.7576,0.1294,0.1129,0.8507,0.0000,4.5310,1.6182,0.8200
5,3,3430,3432,3,2,2,0.4167,3431.052,858.552,886.155,8.3949,13.0000,1.1207,0.5755,4.2075,0.5461,0.2256,0.2283,0.8117,0.4177,4.5310,0.8091,0.6724
22,8,3431,3433,3,4,4,0.4583,3431.829,967.666,1244.735,19.8039,23.0000,1.7631,0.4595,7.4441,0.6099,0.1086,0.2815,0.0456,0.3396,3.3983,1.2946,0.4948
5,3,3432,3433,2,2,3,0.4167,3432.475,414.254,378.458,8.5400,15.0000,1.2712,1.0206,4.8550,0.6999,0.1281,0.1720,0.4304,0.6887,4.5312,0.8092,0.6949
4,3,3433,3434,2,2,1,1.0000,3433.510,367.471,614.000,8.2536,14.0000,1.0980,0.6938,4.5313,0.0000,0.7500,0.2500,1.0000,0.0000,4.8551,2.2656,0.7843
3,3,3433,3434,2,1,2,0.7500,3433.667,590.000,420.667,7.2880,13.0000,1.0000,0.7454,4.2077,0.5333,0.2667,0.2000,0.7071,0.0000,4.5314,1.2947,1.0000
4,3,3434,3435,2,2,1,1.0000,3434.540,550.460,752.000,8.0919,14.0000,1.1200,0.7094,4.5315,0.0000,0.7500,0.2500,1.0000,0.0000,4.6933,0.9711,0.8200
6,3,3434,3435,2,2,2,0.7500,3434.537,713.462,339.750,10.5713,18.0000,1.3500,0.7002,5.8263,0.2667,0.1333,0.6000,0.7071,0.7071,4.8551,1.6184,0.6000
4,3,3435,3436,2,2,2,0.5000,3435.736,404.226,687.491,8.5777,14.0000,1.0566,0.9129,4.5316,0.5916,0.1015,0.3069,0.5000,0.5000,5.0171,1.9421,0.7736
3,3,3435,3436,2,2,1,0.7500,3435.659,410.317,462.000,7.6621,14.0000,1.0244,0.7309,4.5316,0.5333,0.2667,0.2000,0.7071,0.0000,4.8552,1.4566,1.0000
3,3,3437,3439,3,1,1,1.0000,3437.978,190.000,895.000,8.4101,18.0000,1.2000,0.0222,5.8267,0.8889,0.0000,0.1111,1.0000,0.0000,4.8554,1.2948,1.0000
13,5,3438,3441,4,3,3,0.3611,3439.462,903.179,1273.147,14.0060,17.0000,1.4167,0.9529,5.5031,0.6523,0.1065,0.2413,0.7525,0.3738,4.2083,0.9712,0.4744
3,3,3439,3440,2,2,1,0.7500,3439.317,404.317,1025.000,7.6627,15.0000,1.0976,0.4484,4.8557,0.5333,0.2667,0.2000,0.7071,0.0000,4.5320,0.9711,1.0000
3,3,3439,3440,2,1,2,0.7500,3439.619,419.000,959.310,7.8497,16.0000,1.1429,0.6921,5.1794,0.5333,0.2667,0.2000,0.7071,0.0000,4.5320,1.9423,1.0000
4,3,3443,3444,2,1,2,1.0000,3443.458,809.000,1099.542,7.7697,13.0000,1.0833,0.7096,4.2086,0.0000,0.7500,0.2500,0.0000,0.0000,4.8560,1.6187,0.8125
3,3,3445,3446,2,1,2,0.7500,3445.675,496.000,569.325,7.4766,14.0000,1.0500,0.4596,4.5324,0.5333,0.2667,0.2000,0.7071,0.0000,4.5324,0.9712,1.0000
3,3,3446,3447,2,2,1,0.7500,3446.326,590.349,932.000,8.0374,15.0000,1.0465,0.7280,4.8562,0.5333,0.2667,0.2000,0.7071,0.0000,4.8562,1.6187,1.0000
5,3,3449,3451,3,1,2,0.8333,3450.200,554.000,484.550,8.6873,14.0000,1.1667,0.5852,4.5326,0.5854,0.2927,0.1220,0.9487,0.0000,4.8563,1.6188,0.6833
4,3,3449,3450,2,1,2,1.0000,3449.545,691.000,1051.455,8.9032,15.0000,1.0909,0.7100,4.8563,0.0000,0.7500,0.2500,0.0000,0.0000,5.1801,1.6188,0.8182
6,3,3449,3451,3,2,1,1.0000,3450.052,707.494,452.000,10.1773,17.0000,1.3247,0.4962,5.5038,0.5556,0.3333,0.1111,1.0000,0.0000,4.2088,1.6188,0.5974
4,3,3450,3452,3,1,2,0.6667,3450.870,606.000,729.278,8.7414,16.0000,1.1852,0.9136,5.1801,0.5357,0.3214,0.1429,1.0000,0.0000,5.0182,1.2950,0.8333
6,3,3451,3453,3,3,1,0.6667,3451.905,465.378,524.000,9.7808,14.0000,1.1351,0.3900,4.5326,0.2083,0.6667,0.1250,0.4472,0.0000,4.3707,0.6475,0.5676
9,4,3451,3453,3,3,3,0.3333,3452.154,964.325,1246.940,12.6265,23.0000,1.7692,0.3643,7.4464,0.5049,0.1430,0.3520,0.5142,0.1210,3.5613,0.9713,0.5556
3,3,3455,3456,2,1,2,0.7500,3455.341,400.000,498.659,7.6637,14.0000,1.0244,0.7418,4.5326,0.5333,0.2667,0.2000,0.7071,0.0000,5.1800,1.6188,1.0000
3,3,3455,3456,2,2,1,0.7500,3455.311,478.711,896.000,8.4114,18.0000,1.2000,0.4246,5.8276,0.5333,0.2667,0.2000,0.7071,0.0000,4.8563,0.9713,1.0000
5,3,3455,3456,2,1,3,0.8333,3455.578,738.000,840.734,9.2664,15.0000,1.1719,0.9346,4.8563,0.5854,0.2927,0.1220,0.3162,0.0000,4.5325,0.6475,0.6406
5,3,3455,3456,2,2,2,0.6250,3455.623,832.836,450.377,8.8320,15.0000,1.2295,0.5579,4.8563,0.3432,0.2505,0.4063,0.6059,0.3645,4.8563,0.9713,0.6721
6,4,3456,3457,2,3,3,0.3333,3456.605,734.974,974.539,10.0450,16.0000,1.2632,1.3079,5.1801,0.8073,0.0348,0.1578,0.3633,0.8319,3.8850,0.9712,0.7632
12,3,3458,3460,3,4,3,0.3333,3458.940,432.400,795.593,14.0186,21.0000,1.6800,0.5736,6.7987,0.6369,0.0329,0.3302,0.3913,0.0233,3.3994,1.6187,0.4000
8,4,3461,3464,4,2,3,0.3333,3462.485,298.278,674.103,11.1023,18.0000,1.4845,0.5682,5.8272,0.7047,0.0543,0.2410,0.8741,0.3338,4.3704,1.6186,0.6082
11,5,3462,3464,3,3,2,0.6111,3463.030,802.112,1235.231,13.0795,17.0000,1.3955,0.2587,5.5034,0.3499,0.2844,0.3657,0.3995,0.1303,4.2085,0.8093,0.5522
5,3,3463,3464,2,3,1,0.8333,3463.458,87.695,712.000,8.5417,14.0000,1.1864,0.8321,4.5322,0.5854,0.2927,0.1220,0.3162,0.0000,3.8847,0.3237,0.6949
7,3,3463,3465,3,2,2,0.5833,3463.989,569.568,756.716,11.6238,19.0000,1.4000,0.6356,6.1508,0.4296,0.3471,0.2233,0.9305,0.2273,4.2085,1.2949,0.5263
4,3,3463,3465,3,2,1,0.6667,3463.945,589.455,661.000,8.9024,16.0000,1.1636,0.4578,5.1796,0.7576,0.1294,0.1129,0.8507,0.0000,4.8559,1.6186,0.8000
7,3,3463,3465,3,2,2,0.5833,3463.917,892.536,1276.619,10.2779,17.0000,1.4167,0.6626,5.5033,0.5352,0.1763,0.2885,0.8018,0.5745,3.5610,1.1330,0.5119
4,3,3464,3465,2,2,2,0.5000,3464.745,939.824,724.745,8.2549,16.0000,1.2549,0.4014,5.1795,0.0000,0.5625,0.4375,0.4459,0.5774,4.5321,0.9712,0.8235
5,3,3465,3467,3,2,2,0.4167,3466.485,436.652,558.848,9.5547,18.0000,1.3636,0.6401,5.8267,0.6999,0.1281,0.1720,0.8684,0.1395,4.8556,1.9423,0.7121
5,3,3471,3473,3,2,2,0.4167,3471.710,199.145,635.306,8.9746,16.0000,1.2903,0.4464,5.1788,0.6999,0.1281,0.1720,0.8684,0.1395,4.5315,0.9710,0.6935
3,3,3474,3475,2,2,1,0.7500,3474.698,342.628,897.000,8.0351,16.0000,1.1163,0.6969,5.1784,0.5333,0.2667,0.2000,0.7071,0.0000,4.8548,1.9419,1.0000
8,3,3474,3476,3,3,2,0.4444,3474.978,490.593,848.231,10.4130,16.0000,1.4066,1.2041,5.1783,0.2701,0.2819,0.4480,0.3282,0.1515,3.8838,1.4564,0.4615
4,3,3474,3476,3,2,1,0.6667,3475.078,539.529,762.000,8.2531,14.0000,1.0980,0.5352,4.5311,0.7576,0.1294,0.1129,0.8507,0.0000,4.6929,1.2946,0.8039
7,3,3475,3477,3,3,2,0.3889,3475.696,511.316,489.114,9.6638,14.0000,1.2405,0.9823,4.5311,0.2661,0.4704,0.2635,0.6546,0.0506,4.0456,1.6182,0.5063
23,11,3475,3478,4,4,3,0.4792,3475.850,957.686,1250.101,20.6503,19.0000,1.4281,1.8910,6.1494,0.5599,0.2177,0.2224,0.4715,0.6244,4.3692,1.2945,0.6209
7,3,3476,3478,3,2,2,0.5833,3476.713,368.712,589.638,9.7859,14.0000,1.2250,0.8495,4.5310,0.4600,0.2645,0.2756,0.8571,0.1000,3.8836,0.6473,0.5250
3,3,3476,3477,2,2,1,0.7500,3476.683,393.683,729.000,7.6610,15.0000,1.0976,0.4484,4.8546,0.5333,0.2667,0.2000,0.7071,0.0000,4.8546,1.2946,1.0000
4,4,3476,3477,2,2,1,1.0000,3476.509,855.491,445.000,8.9001,15.0000,1.0909,0.6943,4.8546,0.0000,0.7500,0.2500,1.0000,0.0000,4.6928,0.9710,1.0000
9,3,3477,3479,3,4,3,0.2500,3478.229,384.229,583.352,11.3270,17.0000,1.4571,0.4782,5.5017,0.4166,0.3665,0.2169,0.1795,0.6852,3.8835,1.9418,0.4571
11,6,3477,3479,3,3,3,0.4074,3478.150,858.449,1287.177,14.3439,21.0000,1.5714,0.5052,6.7962,0.1829,0.1851,0.6320,0.7858,0.4623,3.8836,0.6473,0.6599
6,3,3481,3482,2,1,3,1.0000,3481.527,565.000,528.054,9.7762,17.0000,1.3784,0.4761,5.5012,0.5556,0.3333,0.1111,0.0000,0.0000,4.5305,1.6180,0.5811
4,3,3484,3485,2,2,1,1.0000,3484.434,214.585,535.000,8.5750,17.0000,1.2830,0.6005,5.5010,0.0000,0.7500,0.2500,1.0000,0.0000,4.6920,1.2943,0.8302
5,3,3484,3485,2,3,2,0.4167,3484.617,353.217,528.150,8.6827,15.0000,1.2500,0.4652,4.8537,0.7729,0.0435,0.1836,0.4781,0.7852,4.5302,1.2943,0.7000
5,3,3484,3485,2,1,3,0.8333,3484.379,504.000,560.758,9.5510,16.0000,1.2121,0.4497,5.1774,0.5854,0.2927,0.1220,0.3162,0.0000,4.5302,1.9415,0.6515
11,3,3484,3487,4,3,3,0.3056,3485.534,831.093,406.169,11.5124,16.0000,1.4915,0.5679,5.1773,0.7402,0.1091,0.1507,0.7579,0.1097,3.7211,1.6178,0.3559
5,3,3487,3489,3,2,2,0.4167,3487.814,908.780,674.847,8.5375,13.0000,1.1017,0.8566,4.2064,0.6489,0.0995,0.2515,0.9362,0.2726,4.5299,1.1325,0.6610
5,3,3489,3491,3,2,1,0.8333,3490.075,480.642,477.000,9.6948,16.0000,1.1940,1.1328,5.1770,0.5854,0.2927,0.1220,0.9487,0.0000,5.1769,1.9413,0.6866
6,3,3490,3492,3,3,1,0.6667,3491.324,148.690,632.000,9.3783,17.0000,1.4366,0.7624,5.5004,0.2083,0.6667,0.1250,0.8944,0.0000,4.2062,1.6177,0.6197
4,3,3490,3491,2,2,2,0.5000,3490.429,203.232,553.161,9.0595,19.0000,1.3571,0.5132,6.1475,0.5916,0.1015,0.3069,0.7071,0.7071,4.8533,1.2942,0.8393
3,3,3491,3492,2,2,1,0.7500,3491.333,306.333,631.000,7.2852,13.0000,1.0000,0.4714,4.2062,0.5333,0.2667,0.2000,0.7071,0.0000,4.5297,1.2942,1.0000
6,3,3491,3493,3,3,2,0.3333,3492.055,518.548,598.753,9.6424,18.0000,1.4795,0.5178,5.8238,0.3348,0.4659,0.1992,0.2110,0.5091,3.8826,0.9706,0.6301
4,4,3492,3493,2,2,1,1.0000,3492.536,96.482,565.000,9.0592,16.0000,1.1429,0.6693,5.1767,0.0000,0.7500,0.2500,1.0000,0.0000,4.6914,1.1324,1.0000
6,3,3492,3493,2,3,1,1.0000,3492.457,380.100,496.000,9.2461,14.0000,1.2000,1.0094,4.5297,0.5556,0.3333,0.1111,0.0000,0.0000,4.2061,0.9706,0.5714
5,3,3493,3494,2,3,1,0.8333,3493.590,242.787,840.000,8.8262,15.0000,1.2295,0.6275,4.8531,0.5854,0.2927,0.1220,0.3162,0.0000,4.5296,0.3235,0.6721
4,3,3495,3497,3,2,1,0.6667,3496.200,544.200,1002.000,8.0884,14.0000,1.1200,0.2828,4.5295,0.7500,0.1500,0.1000,0.9487,0.0000,4.6913,1.6177,0.8000
20,8,3498,3501,4,4,3,0.4167,3499.357,615.037,1301.264,19.4605,24.0000,1.7844,0.4454,7.7648,0.3335,0.1978,0.4688,0.6825,0.1075,4.2059,1.6177,0.5242
3,3,3499,3500,2,2,1,0.7500,3499.694,310.735,569.000,9.1528,21.0000,1.2857,0.4051,6.7942,0.5333,0.2667,0.2000,0.7071,0.0000,5.1765,2.2647,1.0000
5,3,3499,3500,2,3,2,0.4167,3499.443,621.934,541.164,8.8259,14.0000,1.1475,0.4765,4.5294,0.5461,0.2256,0.2283,0.5716,0.7118,4.5294,1.2941,0.6721
7,3,3500,3501,2,3,2,0.5833,3500.556,619.506,942.543,9.9050,14.0000,1.2099,0.9273,4.5294,0.4935,0.1801,0.3263,0.3403,0.7071,4.2059,1.6177,0.5062
3,3,3504,3505,2,2,1,0.7500,3504.302,471.651,276.000,8.0321,15.0000,1.0465,0.7179,4.8530,0.5333,0.2667,0.2000,0.7071,0.0000,5.1766,2.2647,1.0000
4,3,3505,3506,2,1,3,0.6667,3505.529,390.000,446.902,8.2502,15.0000,1.1765,0.5384,4.8531,0.7576,0.1294,0.1129,0.5257,0.0000,4.8531,1.2942,0.8235
5,3,3505,3506,2,2,2,0.6250,3505.578,396.469,508.859,9.2602,16.0000,1.2500,0.7976,5.1766,0.3432,0.2505,0.4063,0.6059,0.3645,5.1766,1.7795,0.6875
6,5,3506,3507,2,2,3,0.5000,3506.671,979.890,1237.829,10.8310,18.0000,1.3171,0.3868,5.8238,0.5230,0.1584,0.3185,0.3667,0.5079,4.2060,1.2942,0.8902
4,3,3507,3508,2,2,1,1.0000,3507.549,119.510,678.000,8.2504,15.0000,1.1765,0.6806,4.8532,0.0000,0.7500,0.2500,1.0000,0.0000,4.5296,0.9706,0.8039
4,3,3507,3508,2,2,2,0.5000,3507.735,389.184,1083.265,7.9269,14.0000,1.1429,0.4177,4.5297,0.0000,0.5625,0.4375,0.4459,0.5774,4.8532,1.2942,0.8163
4,3,3508,3511,4,1,1,1.0000,3509.388,261.000,762.000,7.9270,14.0000,1.1429,0.6122,4.5298,0.9375,0.0000,0.0625,1.0000,0.0000,3.8826,0.6471,0.8163
5,3,3508,3510,3,2,1,0.8333,3508.794,644.365,874.000,9.1159,18.0000,1.4286,0.4194,5.8239,0.5854,0.2927,0.1220,0.9487,0.0000,4.5297,0.8089,0.7143
5,3,3509,3510,2,2,2,0.6250,3509.650,322.783,564.617,8.6819,13.0000,1.0833,0.9397,4.2062,0.3432,0.2505,0.4063,0.6059,0.3645,4.5298,1.1324,0.6500
6,3,3510,3511,2,3,2,0.5000,3510.403,107.269,725.269,8.8502,14.0000,1.2537,0.9816,4.5298,0.6381,0.1455,0.2164,0.3327,0.3629,3.8827,1.2942,0.5970
3,3,3510,3511,2,1,2,0.7500,3510.690,463.000,843.643,7.8459,15.0000,1.0714,0.7135,4.8534,0.5333,0.2667,0.2000,0.7071,0.0000,5.1769,1.2942,1.0000
11,6,3511,3513,3,3,2,0.6111,3511.733,999.673,1226.560,14.6338,20.0000,1.4667,0.6094,6.4713,0.4115,0.2374,0.3511,0.8338,0.3238,3.8829,1.2942,0.6200
5,3,3512,3513,2,2,2,0.6250,3512.400,504.617,649.850,8.6823,14.0000,1.1667,0.5740,4.5300,0.3432,0.2505,0.4063,0.6059,0.3645,4.5299,0.9707,0.6833
5,3,3512,3513,2,2,2,0.6250,3512.603,583.175,1021.365,9.1164,15.0000,1.1905,0.7264,4.8535,0.3432,0.2505,0.4063,0.6059,0.3645,4.5300,1.4561,0.6667
6,3,3515,3517,3,3,2,0.3333,3515.671,280.932,821.151,9.6437,18.0000,1.4795,1.1580,5.8245,0.5574,0.2624,0.1802,0.9653,0.2610,4.5303,1.6180,0.6027
4,3,3517,3518,2,2,1,1.0000,3517.538,332.462,671.000,8.4137,15.0000,1.1538,0.6527,4.8541,0.0000,0.7500,0.2500,1.0000,0.0000,3.8832,0.0000,0.7885
4,3,3517,3518,2,2,2,0.5000,3517.269,673.250,889.192,8.4136,15.0000,1.1538,0.4147,4.8540,0.0000,0.5625,0.4375,0.4459,0.5774,4.3686,1.2944,0.8077
5,3,3518,3519,2,3,1,0.8333,3518.593,132.712,438.000,8.5387,13.0000,1.1017,0.9266,4.2070,0.5854,0.2927,0.1220,0.3162,0.0000,4.5305,0.8091,0.6610
3,3,3518,3520,3,1,1,1.0000,3519.000,496.000,219.000,7.4736,14.0000,1.0500,0.0000,4.5306,0.8889,0.0000,0.1111,1.0000,0.0000,4.8543,1.6181,1.0000
6,3,3521,3523,3,2,3,0.3333,3521.957,648.145,534.913,9.1167,13.0000,1.1304,1.3303,4.2073,0.5704,0.2383,0.1913,0.3439,0.2128,3.3982,0.4855,0.5652
7,3,3522,3523,2,2,3,0.5833,3522.408,489.469,893.163,11.9880,17.0000,1.2143,1.0426,5.5019,0.5352,0.1763,0.2885,0.2673,0.0986,4.8546,1.9418,0.6429
5,3,3522,3524,3,2,2,0.4167,3522.970,700.394,876.833,9.5529,16.0000,1.2121,0.4288,5.1784,0.1521,0.5234,0.3245,1.0000,0.0000,4.5310,1.2947,0.6667
4,3,3525,3527,3,2,1,0.6667,3525.867,349.383,755.000,9.7104,20.0000,1.3333,0.4059,6.4736,0.7576,0.1294,0.1129,0.8507,0.0000,5.3406,0.9710,0.8500
5,3,3525,3526,2,1,3,0.8333,3525.582,559.000,412.791,9.6984,18.0000,1.3433,0.4672,5.8262,0.5854,0.2927,0.1220,0.3162,0.0000,4.8551,1.1329,0.6866
6,4,3525,3527,3,2,2,0.5000,3525.974,650.855,410.316,10.0428,14.0000,1.1053,1.0338,4.5317,0.7074,0.0897,0.2030,0.9140,0.2540,4.5315,1.4565,0.7105
4,3,3527,3529,3,2,1,0.6667,3527.900,460.560,823.000,8.0925,14.0000,1.1200,1.0018,4.5318,0.7576,0.1294,0.1129,0.8507,0.0000,4.0462,0.6474,0.8200
7,3,3527,3529,3,2,2,0.5833,3527.588,671.575,409.738,9.7877,14.0000,1.2250,0.6478,4.5318,0.5694,0.1270,0.3036,0.8963,0.4170,4.2080,0.9711,0.5000
3,3,3528,3530,3,1,1,1.0000,3529.049,191.000,627.000,7.6627,15.0000,1.0976,0.9512,4.8558,0.8889,0.0000,0.1111,1.0000,0.0000,4.8556,0.0000,1.0000
3,3,3529,3531,3,1,1,1.0000,3529.930,496.000,760.000,8.0367,16.0000,1.1163,0.9302,5.1794,0.8889,0.0000,0.1111,1.0000,0.0000,4.8558,0.9712,1.0000
25,11,3530,3534,5,4,5,0.2500,3531.976,740.317,1306.482,21.2375,25.0000,1.9055,0.5772,8.0936,0.4917,0.1960,0.3123,0.6439,0.7186,3.8849,0.9713,0.5732
5,3,3532,3533,2,2,2,0.6250,3532.167,1057.450,702.600,8.6870,14.0000,1.1667,0.8308,4.5324,0.3432,0.2505,0.4063,0.5155,0.8569,4.5324,0.9712,0.6667
5,3,3534,3536,3,2,1,0.8333,3535.258,265.371,492.000,8.9775,15.0000,1.2097,0.4519,4.8566,0.5854,0.2927,0.1220,0.9487,0.0000,4.8567,0.9713,0.6774
5,3,3534,3535,2,2,2,0.6250,3534.641,518.609,561.797,9.2669,14.0000,1.0937,0.7360,4.5329,0.3432,0.2505,0.4063,0.6059,0.3645,4.5329,1.6188,0.6406
8,3,3535,3537,3,3,1,0.8889,3535.874,261.958,521.000,10.8752,16.0000,1.3474,0.1331,5.1806,0.3375,0.5625,0.1000,0.7071,0.0000,4.2094,1.2952,0.4526
5,3,3535,3536,2,2,2,0.6250,3535.750,346.375,653.688,9.2672,16.0000,1.2500,0.8949,5.1804,0.3432,0.2505,0.4063,0.5155,0.8569,4.5330,1.9427,0.6875
7,4,3535,3536,2,3,2,0.5833,3535.570,374.677,1014.258,11.3812,19.0000,1.4301,0.7039,6.1517,0.4600,0.2645,0.2756,0.4286,0.6826,4.5330,1.6188,0.6667
5,3,3539,3541,3,3,1,0.5556,3540.034,469.746,441.000,8.5445,13.0000,1.1017,0.7465,4.2100,0.5532,0.3398,0.1070,0.5606,0.0000,4.6955,1.2953,0.6610
3,3,3539,3540,2,2,1,0.7500,3539.326,512.302,795.000,8.0393,16.0000,1.1163,0.4443,5.1811,0.5333,0.2667,0.2000,0.7071,0.0000,5.1812,1.7810,1.0000
4,3,3540,3542,3,2,1,0.6667,3541.059,355.275,749.000,8.2580,14.0000,1.0980,0.2807,4.5338,0.5357,0.3214,0.1429,1.0000,0.0000,5.0196,0.9716,0.8039
5,3,3541,3542,2,1,3,0.8333,3541.547,512.000,684.703,9.2691,16.0000,1.2500,0.8908,5.1815,0.5854,0.2927,0.1220,0.3162,0.0000,4.5338,1.1335,0.6719
14,6,3543,3545,3,3,3,0.5185,3544.335,848.800,1289.318,14.7152,19.0000,1.5647,0.7634,6.1538,0.1396,0.1320,0.7285,0.5064,0.1772,3.2389,0.6478,0.5529
18,8,3543,3546,4,5,3,0.3000,3544.616,906.849,1271.320,16.7184,19.0000,1.5616,1.1538,6.1538,0.8020,0.0708,0.1272,0.3504,0.4924,3.2389,1.2954,0.5434
4,3,3543,3545,3,2,1,0.6667,3543.904,961.423,820.000,8.4207,16.0000,1.2308,0.4339,5.1820,0.7576,0.1294,0.1129,0.8507,0.0000,4.6961,1.6194,0.8269
3,3,3544,3545,2,2,1,0.7500,3544.333,228.643,736.000,7.8536,15.0000,1.0714,0.7241,4.8581,0.5333,0.2667,0.2000,0.7071,0.0000,4.8583,1.4575,1.0000
4,3,3544,3545,2,2,1,1.0000,3544.538,301.519,621.000,8.4209,14.0000,1.0769,0.6947,4.5344,0.0000,0.7500,0.2500,1.0000,0.0000,4.3724,1.9432,0.7885
3,3,3545,3546,2,1,2,0.7500,3545.659,514.000,1007.341,7.6670,14.0000,1.0244,0.7418,4.5346,0.5333,0.2667,0.2000,0.7071,0.0000,4.8583,1.7814,1.0000
3,3,3546,3547,2,1,2,0.7500,3546.643,716.000,277.310,7.8542,15.0000,1.0714,0.7135,4.8585,0.5333,0.2667,0.2000,0.7071,0.0000,5.0205,1.6195,1.0000
5,3,3548,3550,3,2,1,0.8333,3548.723,813.400,513.000,9.4162,15.0000,1.1538,0.4865,4.8589,0.5854,0.2927,0.1220,0.9487,0.0000,4.8588,1.1337,0.6615
3,3,3551,3552,2,2,1,0.7500,3551.689,490.333,799.000,8.4166,16.0000,1.0667,0.4560,5.1834,0.5333,0.2667,0.2000,0.7071,0.0000,5.3453,1.9437,1.0000
5,3,3552,3554,3,2,1,0.8333,3552.794,99.635,617.000,9.1276,15.0000,1.1905,0.4194,4.8595,0.5854,0.2927,0.1220,0.9487,0.0000,3.8876,0.1620,0.6667
14,9,3556,3558,3,4,3,0.3889,3556.632,747.379,1305.689,16.4529,20.0000,1.4737,0.6130,6.4802,0.5257,0.2222,0.2521,0.2238,0.6457,4.0501,0.9721,0.7421
5,3,3557,3558,2,3,2,0.4167,3557.639,486.738,563.180,8.8392,14.0000,1.1475,0.8407,4.5363,0.7729,0.0435,0.1836,0.4781,0.7852,4.5362,1.6201,0.6721
7,3,3557,3559,3,3,2,0.3889,3557.948,1034.532,860.753,9.4300,13.0000,1.1818,1.1150,4.2122,0.7845,0.0411,0.1744,0.6968,0.5293,3.8883,1.6200,0.5065
3,3,3559,3560,2,1,2,0.7500,3559.674,491.000,728.349,8.0445,15.0000,1.0465,0.7280,4.8606,0.5333,0.2667,0.2000,0.7071,0.0000,5.1846,1.7822,1.0000
4,4,3559,3560,2,2,2,0.5000,3559.741,739.759,482.519,8.7490,14.0000,1.0370,0.9157,4.5365,0.5916,0.1015,0.3069,0.5000,0.5000,4.6985,1.2962,1.0000
6,3,3560,3562,3,2,2,0.5000,3560.808,230.487,738.872,10.3187,17.0000,1.3077,0.5625,5.5088,0.3810,0.3333,0.2857,0.9487,0.1690,4.3745,1.2962,0.6026
5,3,3560,3562,3,3,1,0.5556,3560.903,488.161,686.000,8.9849,15.0000,1.2097,0.9175,4.8606,0.5532,0.3398,0.1070,0.5606,0.0000,4.8607,1.2961,0.6613
4,3,3560,3562,3,1,2,0.6667,3560.917,515.000,456.458,7.7771,13.0000,1.0833,1.0249,4.2126,0.7576,0.1294,0.1129,0.8507,0.0000,3.8885,0.6481,0.8125
6,3,3560,3562,3,2,2,0.5000,3560.797,679.130,468.609,9.1281,15.0000,1.3043,0.4597,4.8607,0.5230,0.1584,0.3185,0.9225,0.0898,3.8886,1.1342,0.6087
4,3,3560,3561,2,2,1,1.0000,3560.490,766.569,473.000,8.2631,16.0000,1.2549,0.6678,5.1848,0.0000,0.7500,0.2500,1.0000,0.0000,4.5365,0.9722,0.8235
4,3,3560,3561,2,1,2,1.0000,3560.458,873.000,555.542,7.7770,13.0000,1.0833,0.7096,4.2126,0.0000,0.7500,0.2500,0.0000,0.0000,4.5366,1.7823,0.8125
3,3,3561,3562,2,2,1,0.7500,3561.333,370.667,334.000,7.2965,13.0000,1.0000,0.7454,4.2127,0.5333,0.2667,0.2000,0.7071,0.0000,4.5367,1.1342,1.0000
5,3,3563,3565,3,2,1,0.8333,3564.212,274.591,633.000,9.5655,18.0000,1.3636,0.4608,5.8334,0.5854,0.2927,0.1220,0.9487,0.0000,4.2131,0.9723,0.6818
6,4,3563,3564,2,3,2,0.5000,3563.765,373.000,717.469,10.7165,20.0000,1.4815,0.5245,6.4815,0.4412,0.1872,0.3716,0.0000,0.0000,4.5370,1.2963,0.7654
7,3,3564,3566,3,3,2,0.3889,3564.878,352.293,757.463,10.0443,14.0000,1.1951,0.5615,4.5372,0.3286,0.4589,0.2125,0.5428,0.4748,4.5371,1.2964,0.5000
4,3,3565,3566,2,2,1,1.0000,3565.519,897.462,455.000,8.4263,14.0000,1.0769,0.6947,4.5373,0.0000,0.7500,0.2500,1.0000,0.0000,5.0234,1.7825,0.7885
6,3,3567,3569,3,2,2,0.5000,3567.973,830.135,866.622,9.7915,15.0000,1.2162,0.6367,4.8617,0.7074,0.0897,0.2030,0.9140,0.2540,4.2134,0.9723,0.5811
7,3,3568,3570,3,3,2,0.3889,3568.764,346.438,615.876,10.9029,17.0000,1.3371,0.9564,5.5100,0.5373,0.2303,0.2324,0.7071,0.2357,4.5376,1.2965,0.5393
73,41,3568,3572,5,6,7,0.3476,3569.548,1205.332,367.273,41.9191,33.0000,2.1801,1.0854,10.6962,0.2940,0.3822,0.3238,0.4576,0.8742,3.5654,0.9724,0.6941
4,3,3569,3570,2,2,2,0.5000,3569.519,302.192,510.250,8.4272,15.0000,1.1538,0.6075,4.8618,0.5916,0.1015,0.3069,0.7071,0.7071,4.6998,1.9447,0.8077
5,3,3570,3572,3,2,1,0.8333,3570.767,671.329,419.000,10.5819,21.0000,1.4384,0.4029,6.8069,0.5854,0.2927,0.1220,0.9487,0.0000,4.5378,1.2965,0.6849
4,3,3570,3572,3,2,1,0.6667,3570.922,709.255,274.000,8.2655,16.0000,1.2549,0.2667,5.1862,0.5357,0.3214,0.1429,1.0000,0.0000,4.5379,1.2965,0.8235
7,3,3570,3571,2,3,3,0.3889,3570.415,844.598,469.659,10.0458,16.0000,1.3659,0.6712,5.1860,0.6175,0.1522,0.2303,0.3778,0.9259,3.8896,0.9724,0.5122
4,3,3572,3574,3,2,1,0.6667,3573.109,239.236,797.000,8.9142,18.0000,1.3091,0.2603,5.8348,0.5357,0.3214,0.1429,1.0000,0.0000,4.8624,0.9725,0.8364
4,3,3574,3575,2,3,1,0.6667,3574.764,267.055,624.000,8.9146,17.0000,1.2364,0.2426,5.5109,0.5357,0.3214,0.1429,0.0000,0.0000,4.8625,1.6208,0.8000
8,3,3575,3577,3,2,2,0.6667,3575.859,415.798,985.313,11.3468,19.0000,1.5354,0.3986,6.1594,0.4961,0.2369,0.2670,0.9586,0.0986,4.0523,1.1346,0.4949
5,4,3578,3579,2,2,2,0.6250,3578.471,390.857,605.443,10.1490,18.0000,1.2857,0.7812,5.8357,0.3432,0.2505,0.4063,0.6059,0.3645,4.8629,0.9726,0.8571
4,3,3580,3581,2,2,2,0.5000,3580.185,329.759,495.259,8.7538,17.0000,1.2593,0.3993,5.5116,0.0000,0.5625,0.4375,0.4459,0.5774,5.0253,1.6210,0.8148
5,3,3580,3582,3,2,1,0.8333,3580.839,493.339,490.000,8.9897,14.0000,1.1290,0.9045,4.5391,0.5854,0.2927,0.1220,0.9487,0.0000,4.5392,0.9727,0.6613
7,3,3580,3582,3,3,2,0.3889,3581.165,559.918,358.247,10.4162,17.0000,1.4000,0.3081,5.5117,0.3994,0.3420,0.2586,0.7329,0.5294,4.2149,0.9727,0.5176
6,3,3581,3583,3,2,2,0.5000,3582.096,199.671,740.137,9.6627,16.0000,1.3151,0.9717,5.1878,0.7074,0.0897,0.2030,0.9140,0.2540,4.2150,0.9727,0.6027
8,3,3581,3583,3,2,3,0.4444,3581.705,804.102,568.034,10.0875,15.0000,1.3636,1.2555,4.8633,0.2862,0.4811,0.2328,0.1814,0.0689,3.5666,0.9727,0.4659
3,3,3585,3586,2,1,2,0.7500,3585.659,247.000,522.683,7.6756,14.0000,1.0244,0.7309,4.5397,0.5333,0.2667,0.2000,0.7071,0.0000,4.8638,1.6212,1.0000
5,3,3585,3587,3,2,1,0.8333,3585.868,565.294,1013.000,9.8609,19.0000,1.3971,0.3225,6.1610,0.5854,0.2927,0.1220,0.9487,0.0000,4.8638,0.9728,0.7059
6,3,3586,3588,3,3,1,0.6667,3586.800,300.363,672.000,10.5905,16.0000,1.2000,0.4140,5.1883,0.2083,0.6667,0.1250,0.4472,0.0000,4.7018,1.2971,0.5875
7,3,3587,3589,3,2,3,0.3889,3588.049,452.222,492.667,9.9278,18.0000,1.5556,0.7045,5.8370,0.7346,0.1174,0.1480,0.7342,0.6569,3.2429,1.6214,0.5556
3,3,3588,3589,2,2,1,0.7500,3588.705,395.636,766.000,8.2379,16.0000,1.0909,0.7016,5.1886,0.5333,0.2667,0.2000,0.7071,0.0000,4.5400,1.4593,1.0000
5,3,3588,3589,2,2,2,0.6250,3588.656,431.797,448.422,9.2815,15.0000,1.1719,0.7026,4.8643,0.3432,0.2505,0.4063,0.6059,0.3645,4.5400,1.2971,0.6562
19,10,3589,3591,3,11,1,0.5758,3589.700,683.240,797.000,19.5666,19.0000,1.3726,1.2754,6.1616,0.9559,0.0350,0.0091,0.0073,0.0000,3.8916,1.2971,0.8099
8,4,3589,3591,3,4,2,0.3333,3590.144,705.252,796.901,12.7268,24.0000,1.7297,0.3070,7.7831,0.8096,0.0692,0.1212,0.3734,0.2947,3.7295,1.2972,0.6216
11,6,3589,3591,3,3,3,0.4074,3590.132,710.044,796.774,15.5468,26.0000,1.7987,0.2658,8.4316,0.5708,0.1595,0.2697,0.5029,0.1219,4.5402,0.9729,0.7107
10,4,3589,3591,3,4,2,0.4167,3589.980,724.622,793.216,15.1775,26.0000,1.7568,0.4363,8.4316,0.6628,0.2368,0.1004,0.1631,0.1051,3.7295,0.6486,0.6757
30,14,3589,3591,3,6,7,0.2381,3590.432,740.505,784.629,26.1701,26.0000,1.7647,1.6003,8.4316,0.6576,0.2486,0.0938,0.0326,0.9291,4.7023,1.2972,0.6629
43,5,3589,3592,4,6,11,0.1629,3590.320,780.841,734.152,26.1121,21.0000,1.7102,1.8827,6.8102,0.8734,0.0869,0.0397,0.0207,0.8958,3.2430,0.9729,0.4261
4,3,3590,3591,2,1,2,1.0000,3590.519,539.000,735.500,8.4318,14.0000,1.0769,0.6936,4.5402,0.0000,0.7500,0.2500,0.0000,0.0000,4.8645,1.9458,0.7692
5,3,3590,3592,3,3,1,0.5556,3591.033,602.000,831.000,8.7020,15.0000,1.2500,0.9667,4.8647,0.7911,0.1351,0.0737,0.8507,0.0000,4.5401,1.7836,0.7000
5,3,3590,3592,3,2,2,0.4167,3591.048,901.548,508.161,8.9920,15.0000,1.2097,0.5737,4.8645,0.5461,0.2256,0.2283,0.8117,0.4177,4.5404,1.6215,0.6774
5,3,3591,3592,2,1,3,0.8333,3591.377,375.000,267.295,8.8471,15.0000,1.2295,0.4788,4.8645,0.5854,0.2927,0.1220,0.3162,0.0000,4.5403,0.6486,0.6885
3,3,3592,3592,1,2,2,0.7500,3592.000,387.333,414.333,7.3024,13.0000,1.0000,0.4714,4.2160,0.5333,0.2667,0.2000,0.0000,1.0000,4.5403,1.4594,1.0000
5,3,3592,3593,2,2,2,0.6250,3592.323,533.200,564.369,9.4274,17.0000,1.3077,0.5298,5.5133,0.3432,0.2505,0.4063,0.6059,0.3645,3.8917,1.1351,0.6769
7,4,3595,3598,4,2,2,0.4375,3596.607,448.730,732.146,10.9108,17.0000,1.3371,0.6798,5.5139,0.8040,0.0402,0.1558,0.9650,0.0194,4.5409,1.1352,0.6517
3,3,3596,3597,2,2,1,0.7500,3596.690,227.310,591.000,7.8651,16.0000,1.1429,0.4377,5.1897,0.5333,0.2667,0.2000,0.7071,0.0000,4.8653,1.2974,1.0000
4,3,3597,3599,3,1,2,0.6667,3598.083,224.000,610.542,7.7847,13.0000,1.0833,0.5480,4.2168,0.7576,0.1294,0.1129,0.8507,0.0000,4.5411,1.6218,0.8125
4,4,3597,3598,2,2,1,1.0000,3597.527,273.527,600.000,8.9198,16.0000,1.1636,0.6685,5.1898,0.0000,0.7500,0.2500,1.0000,0.0000,4.5410,0.6487,1.0000
7,3,3597,3599,3,2,2,0.5833,3598.108,329.602,715.639,10.1756,16.0000,1.3494,1.0410,5.1899,0.5927,0.2184,0.1889,0.8630,0.4864,3.8923,1.2974,0.5060
6,3,3597,3599,3,2,3,0.3333,3597.500,873.319,429.028,9.5341,14.0000,1.1667,0.8449,4.5411,0.3348,0.4659,0.1992,0.8847,0.2635,4.2167,1.6218,0.5694
3,3,3600,3601,2,2,1,0.7500,3600.683,902.634,854.000,7.6786,15.0000,1.0976,0.7090,4.8658,0.5333,0.2667,0.2000,0.7071,0.0000,3.8927,0.9732,1.0000
11,4,3600,3603,4,2,2,0.6875,3601.512,1300.360,642.560,12.2260,15.0000,1.3200,0.7492,4.8660,0.6966,0.0878,0.2155,0.9631,0.2682,3.2439,1.2975,0.4320
3,3,3601,3602,2,2,1,0.7500,3601.289,392.289,586.000,8.4279,19.0000,1.2667,0.4086,6.1634,0.5333,0.2667,0.2000,0.7071,0.0000,4.5415,1.4598,1.0000
3,3,3602,3603,2,1,2,0.7500,3602.675,367.000,411.325,7.4918,14.0000,1.0500,0.4596,4.5417,0.5333,0.2667,0.2000,0.7071,0.0000,4.8661,1.9463,1.0000
4,3,3605,3606,2,1,2,1.0000,3605.538,368.000,398.500,8.4351,15.0000,1.1538,0.6805,4.8665,0.0000,0.7500,0.2500,0.0000,0.0000,4.5420,0.9733,0.7885
5,3,3605,3606,2,2,3,0.4167,3605.371,446.145,394.387,8.9955,14.0000,1.1290,0.5555,4.5421,0.6999,0.1281,0.1720,0.4304,0.6887,4.7041,1.6222,0.6613
10,4,3607,3609,3,3,2,0.5556,3607.992,296.944,350.254,12.9276,22.0000,1.7460,0.2601,7.1379,0.5542,0.0823,0.3635,0.5257,0.0000,4.2178,1.7845,0.5159
3,3,3610,3611,2,1,2,0.7500,3610.705,509.000,647.682,8.2428,17.0000,1.1591,0.4342,5.5161,0.5333,0.2667,0.2000,0.7071,0.0000,4.2182,0.8112,1.0000
5,3,3611,3612,2,3,1,0.8333,3611.422,164.781,617.000,9.2872,15.0000,1.1719,0.4752,4.8672,0.5854,0.2927,0.1220,0.3162,0.0000,4.5428,0.9735,0.6562
3,3,3611,3613,3,1,1,1.0000,3612.000,362.000,776.000,7.3064,13.0000,1.0000,1.0000,4.2185,0.8889,0.0000,0.1111,1.0000,0.0000,4.5428,0.6489,1.0000
7,3,3613,3615,3,2,2,0.5833,3614.183,486.280,671.756,10.0575,17.0000,1.4512,0.4143,5.5166,0.3772,0.3083,0.3146,0.9758,0.2185,4.2186,0.9735,0.5244
4,4,3615,3617,3,2,1,0.6667,3615.983,330.466,560.000,9.4112,17.0000,1.1724,0.4658,5.5169,0.7576,0.1294,0.1129,0.8507,0.0000,4.8678,1.2980,1.0000
5,3,3617,3618,2,2,2,0.6250,3617.550,619.433,870.833,8.7083,14.0000,1.1667,0.7198,4.5435,0.3432,0.2505,0.4063,0.6059,0.3645,4.8680,1.4604,0.6667
4,3,3618,3619,2,2,2,0.5000,3618.540,522.260,846.200,8.1137,14.0000,1.1200,0.5650,4.5438,0.5916,0.1015,0.3069,0.7071,0.7071,4.5437,2.2718,0.8000
4,3,3618,3620,3,1,2,0.6667,3619.314,844.000,634.725,8.2762,14.0000,1.0980,0.9987,4.5439,0.7500,0.1500,0.1000,0.9487,0.0000,4.8684,1.9473,0.7843
3,3,3619,3621,3,1,1,1.0000,3620.000,608.000,822.000,8.0576,15.0000,1.0465,0.0000,4.8685,0.8889,0.0000,0.1111,1.0000,0.0000,5.1931,2.2719,1.0000
3,3,3620,3622,3,1,1,1.0000,3620.976,496.000,255.000,7.8705,15.0000,1.0714,0.0238,4.8686,0.8889,0.0000,0.1111,1.0000,0.0000,4.8685,0.4869,1.0000
4,3,3620,3621,2,1,2,1.0000,3620.491,951.000,585.453,8.6011,15.0000,1.1321,0.6816,4.8686,0.0000,0.7500,0.2500,0.0000,0.0000,4.8685,1.2982,0.7925
3,3,3621,3623,3,1,1,1.0000,3621.956,315.000,774.000,8.4329,16.0000,1.0667,0.9556,5.1932,0.8889,0.0000,0.1111,1.0000,0.0000,5.5179,1.9475,1.0000
13,3,3621,3623,3,3,3,0.4815,3621.797,870.790,1283.266,12.8732,15.0000,1.3636,0.3947,4.8688,0.0807,0.1606,0.7587,0.7059,0.0415,3.5704,0.9737,0.2937
4,3,3623,3624,2,2,1,1.0000,3623.509,368.566,613.000,8.6019,16.0000,1.2075,0.6692,5.1935,0.0000,0.7500,0.2500,1.0000,0.0000,4.8690,1.9476,0.8113
5,3,3623,3624,2,2,2,0.6250,3623.646,734.154,309.369,9.4358,18.0000,1.3846,0.5340,5.8429,0.3432,0.2505,0.4063,0.6059,0.3645,4.5443,0.8115,0.6923
3,3,3627,3627,1,2,2,0.7500,3627.000,350.317,627.317,7.6845,15.0000,1.0976,0.4484,4.8695,0.5333,0.2667,0.2000,0.0000,1.0000,4.5449,1.9478,1.0000
9,3,3627,3629,3,3,3,0.3333,3628.275,635.917,844.248,11.7955,17.0000,1.4037,0.3794,5.5189,0.5139,0.2388,0.2473,0.7932,0.4213,3.8957,0.9740,0.4312
4,3,3630,3631,2,1,2,1.0000,3630.440,518.000,383.520,8.1167,15.0000,1.2000,0.6812,4.8700,0.0000,0.7500,0.2500,0.0000,0.0000,4.8700,1.4610,0.8200
6,3,3630,3632,3,2,2,0.5000,3631.329,519.129,729.371,9.2784,16.0000,1.3714,0.5123,5.1948,0.5034,0.2551,0.2415,0.9677,0.2521,4.0585,1.6233,0.6000
5,3,3631,3633,3,2,2,0.4167,3632.460,435.794,373.857,9.1479,16.0000,1.2698,0.5243,5.1951,0.6338,0.1686,0.1975,0.9585,0.2851,4.5457,1.2988,0.7143
7,4,3632,3634,3,3,2,0.3889,3633.223,303.096,567.106,11.5360,17.0000,1.2660,0.7897,5.5200,0.6107,0.2231,0.1662,0.4941,0.2987,5.1951,1.9481,0.6596
8,3,3632,3635,4,2,3,0.3333,3633.370,619.630,297.424,10.5614,16.0000,1.3913,0.8448,5.1953,0.8229,0.0276,0.1494,0.8015,0.1998,3.8965,1.2988,0.4565
4,3,3633,3634,2,2,1,1.0000,3633.491,574.472,474.000,8.6045,14.0000,1.0566,0.6806,4.5459,0.0000,0.7500,0.2500,1.0000,0.0000,4.7081,1.2988,0.7736
7,3,3637,3639,3,3,1,0.7778,3638.315,348.944,370.000,10.9242,19.0000,1.4944,0.3196,6.1704,0.1247,0.7481,0.1273,0.0000,0.0000,3.5723,0.0000,0.5730
3,3,3640,3641,2,1,2,0.7500,3640.643,576.000,822.690,7.8753,15.0000,1.0714,0.7135,4.8715,0.5333,0.2667,0.2000,0.7071,0.0000,4.8717,1.7862,1.0000
3,3,3643,3644,2,1,2,0.7500,3643.690,911.000,643.667,7.8761,15.0000,1.0714,0.4549,4.8721,0.5333,0.2667,0.2000,0.7071,0.0000,5.1969,1.9488,1.0000
4,3,3645,3646,2,1,2,1.0000,3645.566,415.000,308.434,8.6079,17.0000,1.2830,0.6137,5.5221,0.0000,0.7500,0.2500,0.0000,0.0000,4.5476,0.8120,0.8113
7,4,3645,3646,2,2,2,0.8750,3645.552,611.391,875.414,10.6812,15.0000,1.2069,0.7927,4.8723,0.0000,0.3318,0.6682,0.7788,0.5774,4.7100,1.6241,0.6322
6,4,3645,3647,3,2,2,0.5000,3646.014,670.507,577.507,9.6806,14.0000,1.1507,0.7073,4.5476,0.6168,0.1058,0.2774,0.7071,0.7071,4.5476,1.6242,0.7397
5,3,3648,3650,3,1,2,0.8333,3648.780,361.000,406.610,8.5716,14.0000,1.1864,0.6487,4.5481,0.5854,0.2927,0.1220,0.9487,0.0000,4.5480,1.4619,0.6949
3,3,3648,3649,2,2,1,0.7500,3648.600,543.740,748.000,9.3779,20.0000,1.2000,0.6539,6.4970,0.5333,0.2667,0.2000,0.7071,0.0000,5.5227,0.6497,1.0000
4,3,3650,3652,3,2,1,0.6667,3651.140,297.842,623.000,9.2592,19.0000,1.3333,0.2113,6.1728,0.7500,0.1500,0.1000,0.9487,0.0000,5.0357,1.4620,0.8421
6,3,3650,3652,3,2,2,0.5000,3651.175,535.138,663.725,10.6107,18.0000,1.3500,0.3538,5.8479,0.5230,0.1584,0.3185,0.9225,0.0898,4.2235,0.8122,0.5875
5,3,3651,3652,2,3,1,0.8333,3651.548,207.774,997.000,9.0083,14.0000,1.1290,0.9487,4.5485,0.5854,0.2927,0.1220,0.3162,0.0000,4.8733,1.2996,0.6774
4,3,3651,3652,2,3,1,0.6667,3651.469,241.939,592.000,7.9598,13.0000,1.0612,1.0496,4.2236,0.7576,0.1294,0.1129,0.5257,0.0000,4.5484,1.6245,0.7959
3,3,3651,3652,2,2,1,0.7500,3651.673,259.653,569.000,9.1912,17.0000,1.0408,0.7301,5.5232,0.5333,0.2667,0.2000,0.7071,0.0000,5.6857,1.2996,1.0000
3,3,3651,3652,2,2,1,0.7500,3651.317,631.366,981.000,7.6905,15.0000,1.0976,0.7090,4.8733,0.5333,0.2667,0.2000,0.7071,0.0000,4.5485,1.2996,1.0000
6,4,3653,3655,3,2,1,1.0000,3653.987,310.462,617.000,10.3465,15.0000,1.1538,0.4617,4.8738,0.5556,0.3333,0.1111,1.0000,0.0000,5.0361,1.6246,0.7179
4,3,3656,3658,3,1,2,0.6667,3656.907,278.000,493.278,8.7736,16.0000,1.1852,0.2928,5.1992,0.5357,0.3214,0.1429,1.0000,0.0000,5.3616,1.4623,0.8333
5,3,3660,3661,2,3,2,0.4167,3660.850,516.933,564.517,8.7205,15.0000,1.2500,0.5421,4.8749,0.7729,0.0435,0.1836,0.2791,0.2890,4.5499,1.3000,0.7000
6,3,3661,3663,3,2,2,0.5000,3662.167,338.431,601.514,9.5532,15.0000,1.2500,0.6704,4.8751,0.5926,0.1852,0.2222,0.8018,0.5071,4.3876,1.3000,0.5694
4,3,3661,3662,2,2,2,0.5000,3661.286,349.449,386.184,7.9625,14.0000,1.1429,0.8634,4.5501,0.5916,0.1015,0.3069,0.5000,0.5000,4.5499,1.4624,0.8163
8,3,3663,3666,4,3,2,0.3333,3664.604,562.462,821.769,10.4575,14.0000,1.2308,0.7947,4.5506,0.3003,0.5325,0.1672,0.9458,0.3220,4.0630,1.6251,0.4505
4,3,3665,3667,3,1,2,0.6667,3665.627,528.000,389.780,9.5889,19.0000,1.2881,0.6647,6.1758,0.7500,0.1500,0.1000,0.9487,0.0000,5.5258,1.9503,0.8305
3,3,3668,3669,2,2,1,0.7500,3668.667,435.333,669.000,7.3198,13.0000,1.0000,0.7454,4.2261,0.5333,0.2667,0.2000,0.7071,0.0000,3.9010,0.6502,1.0000
8,3,3672,3674,3,2,2,0.6667,3673.162,598.586,589.646,11.3803,17.0000,1.3737,0.5680,5.5272,0.5196,0.2468,0.2336,0.9179,0.3745,4.3891,1.6257,0.4646
3,3,3676,3677,2,2,1,0.7500,3676.333,702.667,380.000,7.3218,13.0000,1.0000,0.7454,4.2273,0.5333,0.2667,0.2000,0.7071,0.0000,4.5523,0.9755,1.0000
5,4,3677,3679,3,2,1,0.8333,3678.275,629.406,936.000,10.0348,17.0000,1.2319,0.4904,5.5283,0.5854,0.2927,0.1220,0.9487,0.0000,5.5283,1.9512,0.8696
3,3,3680,3681,2,2,1,0.7500,3680.319,164.277,563.000,8.8250,19.0000,1.2128,0.4223,6.1791,0.5333,0.2667,0.2000,0.7071,0.0000,5.5288,2.2764,1.0000
7,5,3680,3681,2,3,3,0.3889,3680.622,403.300,389.033,11.0630,14.0000,1.0889,1.3542,4.5532,0.3231,0.4135,0.2634,0.1690,0.6685,4.8784,1.6262,0.7667
3,3,3682,3683,2,2,1,0.7500,3682.682,337.705,605.000,8.2624,17.0000,1.1591,0.4342,5.5293,0.5333,0.2667,0.2000,0.7071,0.0000,5.2038,1.3010,1.0000
4,3,3682,3684,3,1,2,0.6667,3683.038,1027.000,531.755,8.6192,16.0000,1.2075,0.2482,5.2040,0.5357,0.3214,0.1429,1.0000,0.0000,4.5536,1.6262,0.7925
5,3,3683,3684,2,2,3,0.4167,3683.180,519.213,479.066,8.8729,15.0000,1.2295,0.2868,4.8788,0.4138,0.1655,0.4207,0.0000,0.7071,4.5535,1.6262,0.6721
5,3,3683,3685,3,1,3,0.5556,3683.767,546.000,436.050,8.7277,15.0000,1.2500,0.2386,4.8790,0.5532,0.3398,0.1070,0.8281,0.0000,4.8787,1.3010,0.6833
4,3,3685,3687,3,2,1,0.6667,3685.925,291.434,422.000,8.6201,16.0000,1.2075,0.4405,5.2046,0.7576,0.1294,0.1129,0.8507,0.0000,4.7166,1.3011,0.8113
7,3,3686,3689,4,2,2,0.4375,3687.519,362.278,694.886,9.7134,14.0000,1.2405,0.5999,4.5542,0.6673,0.1280,0.2047,0.9953,0.0695,4.2288,1.3012,0.5063
4,3,3686,3687,2,1,3,0.6667,3686.500,594.000,445.077,8.4576,17.0000,1.3077,0.5059,5.5299,0.7576,0.1294,0.1129,0.5257,0.0000,4.5542,1.9516,0.8269
4,3,3688,3690,3,2,1,0.6667,3689.068,485.492,743.000,9.5971,18.0000,1.2203,0.5130,5.8559,0.7576,0.1294,0.1129,0.8507,0.0000,5.5307,1.9519,0.8136
13,6,3688,3690,3,4,3,0.3611,3689.278,975.231,1239.562,15.2489,22.0000,1.6923,0.5677,7.1572,0.5478,0.0850,0.3672,0.1404,0.4810,4.2292,1.6266,0.5740
3,3,3690,3692,3,1,1,1.0000,3691.043,549.000,393.000,8.6407,18.0000,1.1739,0.0435,5.8563,0.8889,0.0000,0.1111,1.0000,0.0000,5.5311,1.6268,1.0000
4,4,3691,3693,3,2,1,0.6667,3691.741,237.741,528.000,8.7847,14.0000,1.0370,1.0476,4.5551,0.7500,0.1500,0.1000,0.9487,0.0000,4.7178,1.4641,1.0000
5,3,3692,3694,3,2,2,0.4167,3692.969,298.831,460.631,9.4583,15.0000,1.1538,0.4073,4.8806,0.1521,0.5234,0.3245,1.0000,0.0000,4.5553,1.1388,0.6462
7,3,3693,3695,3,3,2,0.3889,3693.620,321.101,799.266,9.7157,14.0000,1.2405,0.4745,4.5554,0.3526,0.4473,0.2001,0.7438,0.2507,3.9045,0.8134,0.5063
6,3,3696,3698,3,2,2,0.5000,3697.197,483.127,523.535,9.4328,15.0000,1.2676,0.5206,4.8814,0.3810,0.3333,0.2857,0.9487,0.1690,4.2306,1.3017,0.5775
3,3,3697,3699,3,1,1,1.0000,3698.000,650.000,400.000,8.8310,19.0000,1.2128,0.0000,6.1834,0.8889,0.0000,0.1111,1.0000,0.0000,4.8818,1.6272,1.0000
6,3,3697,3698,2,2,3,0.5000,3697.347,743.347,565.111,9.5657,14.0000,1.1667,0.7477,4.5562,0.6381,0.1455,0.2164,0.3327,0.3629,4.3933,1.6273,0.5556
4,3,3698,3700,3,2,1,0.6667,3699.241,392.796,664.000,8.7873,15.0000,1.1111,0.3154,4.8820,0.7500,0.1500,0.1000,0.9487,0.0000,4.8817,2.1155,0.7963
3,3,3699,3700,2,2,1,0.7500,3699.317,193.659,734.000,7.7040,14.0000,1.0244,0.7309,4.5563,0.5333,0.2667,0.2000,0.7071,0.0000,4.8818,1.6273,1.0000
4,3,3699,3700,2,2,2,0.5000,3699.434,263.698,749.830,8.6246,16.0000,1.2075,0.8394,5.2072,0.5916,0.1015,0.3069,0.7071,0.7071,4.8819,1.3018,0.8302
3,3,3699,3701,3,1,1,1.0000,3700.000,376.000,438.000,7.5163,14.0000,1.0500,0.0000,4.5565,0.8889,0.0000,0.1111,1.0000,0.0000,4.8821,0.9764,1.0000
4,3,3700,3701,2,2,1,1.0000,3700.426,278.519,555.000,8.7877,16.0000,1.1852,0.6710,5.2075,0.0000,0.7500,0.2500,1.0000,0.0000,4.8821,0.9764,0.8148
4,3,3700,3702,3,2,1,0.6667,3701.094,726.491,317.000,8.6252,17.0000,1.2830,0.5181,5.5331,0.7576,0.1294,0.1129,0.8507,0.0000,4.7195,1.9529,0.8302
5,4,3701,3703,3,2,2,0.4167,3702.273,768.364,301.788,9.6074,14.0000,1.0606,0.5016,4.5571,0.7729,0.0435,0.1836,0.8328,0.5477,5.2079,1.7903,0.8485
5,3,3702,3704,3,1,2,0.8333,3702.763,453.000,296.542,8.5886,14.0000,1.1864,0.9359,4.5571,0.5854,0.2927,0.1220,0.9487,0.0000,4.5571,0.8138,0.6949
6,3,3702,3703,2,2,2,0.7500,3702.500,626.329,556.250,10.0992,16.0000,1.2632,0.6486,5.2081,0.2000,0.3333,0.4667,0.0000,0.0000,4.7197,1.3020,0.5921
5,3,3703,3705,3,1,2,0.8333,3703.881,453.000,499.328,9.7536,16.0000,1.1940,1.1666,5.2085,0.5854,0.2927,0.1220,0.9487,0.0000,4.8826,0.9765,0.6716
4,3,3705,3706,2,1,2,1.0000,3705.460,313.000,224.560,8.1385,14.0000,1.1200,0.6366,4.5576,0.0000,0.7500,0.2500,0.0000,0.0000,5.0457,1.9533,0.8200
5,3,3707,3708,2,2,2,0.6250,3707.435,281.565,412.161,9.0270,14.0000,1.1290,0.7310,4.5580,0.3432,0.2505,0.4063,0.6059,0.3645,4.5580,0.3256,0.6613
3,3,3707,3709,3,1,1,1.0000,3708.048,300.000,623.000,7.8947,15.0000,1.0714,0.9524,4.8838,0.8889,0.0000,0.1111,1.0000,0.0000,5.2091,1.9534,1.0000
4,3,3707,3708,2,1,2,1.0000,3707.471,927.000,398.529,8.3019,14.0000,1.0980,0.6655,4.5578,0.0000,0.7500,0.2500,0.0000,0.0000,4.8835,1.3023,0.7843
6,3,3711,3712,2,3,2,0.5000,3711.324,320.127,610.662,9.4382,14.0000,1.1831,0.4850,4.5586,0.6381,0.1455,0.2164,0.3327,0.3629,4.3958,1.3025,0.5634
4,3,3713,3714,2,3,1,0.6667,3713.170,371.792,390.000,8.6295,16.0000,1.2075,0.8104,5.2102,0.7500,0.1500,0.1000,0.3162,0.0000,4.2333,0.6513,0.8302
6,3,3714,3715,2,3,2,0.5000,3714.306,254.194,345.264,9.5724,15.0000,1.2500,1.2608,4.8848,0.6075,0.1449,0.2475,0.1615,0.2261,4.2336,0.3257,0.5972
5,3,3715,3717,3,2,1,0.8333,3716.267,405.583,599.000,8.7390,13.0000,1.0833,0.6414,4.2340,0.5854,0.2927,0.1220,0.9487,0.0000,4.8852,1.3028,0.6500
5,4,3717,3718,2,2,2,0.6250,3717.609,554.594,226.344,9.3222,16.0000,1.2500,0.8090,5.2111,0.2938,0.4054,0.3007,0.7071,0.6739,4.5599,1.6284,0.8594
4,3,3718,3720,3,2,1,0.6667,3719.382,217.291,493.000,8.9575,16.0000,1.1636,0.4800,5.2118,0.7500,0.1500,0.1000,0.9487,0.0000,5.2117,0.9771,0.8364
5,3,3719,3721,3,1,2,0.8333,3719.734,493.000,604.562,9.3230,15.0000,1.1719,0.9250,4.8858,0.5854,0.2927,0.1220,0.9487,0.0000,4.2344,1.3029,0.6406
5,3,3722,3724,3,2,1,0.8333,3722.683,260.600,980.000,8.7414,15.0000,1.2500,0.9094,4.8865,0.5854,0.2927,0.1220,0.9487,0.0000,4.8865,1.9545,0.7000
3,3,3722,3723,2,2,1,0.7500,3722.289,368.689,396.000,8.4637,18.0000,1.2000,0.4246,5.8638,0.5333,0.2667,0.2000,0.7071,0.0000,4.8865,1.6289,1.0000
4,4,3723,3724,2,2,1,1.0000,3723.473,286.473,728.000,8.9591,16.0000,1.1636,0.6685,5.2124,0.0000,0.7500,0.2500,1.0000,0.0000,4.5611,1.3032,1.0000
5,3,3724,3725,2,2,2,0.6250,3724.443,432.377,490.197,8.8878,14.0000,1.1475,0.8587,4.5613,0.3432,0.2505,0.4063,0.6059,0.3645,4.8868,1.4661,0.6557
3,3,3724,3726,3,1,1,1.0000,3725.000,474.000,378.000,7.5242,14.0000,1.0500,0.0000,4.5613,0.8889,0.0000,0.1111,1.0000,0.0000,4.8872,0.9774,1.0000
4,3,3726,3727,2,2,2,0.5000,3726.180,523.720,257.440,8.1455,14.0000,1.1200,0.8628,4.5615,0.5916,0.1015,0.3069,0.5000,0.5000,5.0502,1.7920,0.8200
4,3,3727,3728,2,2,1,1.0000,3727.510,296.471,523.000,8.3089,14.0000,1.0980,0.6938,4.5617,0.0000,0.7500,0.2500,1.0000,0.0000,4.5619,1.3034,0.7843
3,3,3727,3729,3,1,1,1.0000,3728.000,492.000,430.000,8.8420,16.0000,1.0213,1.0000,5.2138,0.8889,0.0000,0.1111,1.0000,0.0000,4.8875,1.1404,1.0000
4,3,3728,3729,2,2,2,0.5000,3728.547,214.245,422.811,8.6351,16.0000,1.2075,0.5485,5.2138,0.5916,0.1015,0.3069,0.7071,0.7071,5.0507,1.7921,0.8113
7,3,3729,3731,3,2,3,0.3889,3729.578,563.880,374.361,10.2228,15.0000,1.2651,0.6925,4.8879,0.6188,0.1635,0.2176,0.7316,0.2162,4.2365,1.1405,0.5060
5,3,3730,3732,3,2,2,0.4167,3730.969,638.797,482.797,9.3274,16.0000,1.2500,0.2890,5.2142,0.4138,0.1655,0.4207,1.0000,0.0000,4.5625,1.6294,0.6562
4,3,3732,3733,2,2,1,1.0000,3732.473,307.545,739.000,8.9625,16.0000,1.1636,0.6558,5.2144,0.0000,0.7500,0.2500,1.0000,0.0000,4.7257,0.9778,0.7818
3,3,3732,3733,2,2,1,0.7500,3732.667,602.333,687.000,7.3384,13.0000,1.0000,0.7454,4.2369,0.5333,0.2667,0.2000,0.7071,0.0000,4.8887,2.4442,1.0000
5,3,3735,3736,2,2,2,0.6250,3735.438,666.594,351.844,9.3292,14.0000,1.0937,0.6171,4.5634,0.3432,0.2505,0.4063,0.6059,0.3645,5.2150,1.9557,0.6562
5,3,3737,3738,2,2,2,0.6250,3737.557,278.541,457.148,8.8926,14.0000,1.1475,0.7906,4.5637,0.3432,0.2505,0.4063,0.6059,0.3645,4.5636,1.3039,0.6721
4,3,3737,3738,2,2,1,1.0000,3737.500,574.519,448.000,8.4753,14.0000,1.0769,0.6936,4.5636,0.0000,0.7500,0.2500,1.0000,0.0000,3.9118,1.1409,0.7692
5,3,3740,3742,3,2,2,0.4167,3740.762,641.365,841.841,9.1854,15.0000,1.1905,0.8596,4.8903,0.7729,0.0435,0.1836,0.8328,0.5477,4.5643,1.1410,0.6825
4,3,3741,3744,4,1,1,1.0000,3742.375,517.000,511.000,7.8249,13.0000,1.0833,1.3750,4.2386,0.9375,0.0000,0.0625,1.0000,0.0000,4.5644,1.3042,0.8125
6,3,3741,3742,2,3,2,0.5000,3741.361,523.847,889.861,9.5831,16.0000,1.3333,0.4160,5.2163,0.5230,0.1584,0.3185,0.3667,0.5079,4.2383,0.9781,0.5833
4,3,3743,3744,2,2,1,1.0000,3743.537,201.574,541.000,8.8034,16.0000,1.1852,0.6854,5.2167,0.0000,0.7500,0.2500,1.0000,0.0000,5.0539,1.6302,0.8333
9,4,3743,3745,3,3,3,0.3333,3744.239,416.154,383.821,12.7164,18.0000,1.3846,0.3364,5.8691,0.2057,0.3172,0.4771,0.0479,0.4856,4.2389,0.9782,0.5641
4,3,3744,3746,3,1,2,0.6667,3744.918,609.000,210.286,7.9887,14.0000,1.1429,0.7189,4.5650,0.5357,0.3214,0.1429,1.0000,0.0000,4.5649,0.9782,0.8163
4,3,3745,3746,2,2,1,1.0000,3745.545,279.600,651.000,8.9672,17.0000,1.2364,0.6055,5.5434,0.0000,0.7500,0.2500,1.0000,0.0000,5.0542,0.6522,0.8364
4,3,3745,3747,3,2,1,0.6667,3746.096,642.462,550.000,8.4782,15.0000,1.1538,0.5470,4.8913,0.7576,0.1294,0.1129,0.8507,0.0000,5.0544,1.3043,0.8269
10,4,3746,3749,4,2,3,0.4167,3747.487,682.403,883.176,12.2716,18.0000,1.5126,0.6568,5.8697,0.3627,0.3205,0.3168,0.9424,0.1126,3.7502,0.4892,0.5210
3,3,3747,3748,2,1,2,0.7500,3747.683,858.000,243.659,7.7194,14.0000,1.0244,0.7309,4.5655,0.5333,0.2667,0.2000,0.7071,0.0000,4.8916,1.6305,1.0000
5,3,3749,3750,2,3,1,0.8333,3749.548,820.661,514.000,9.0426,15.0000,1.2097,0.8591,4.8920,0.5854,0.2927,0.1220,0.3162,0.0000,4.8918,1.6306,0.6935
7,3,3750,3751,2,2,3,0.5833,3750.580,397.296,411.642,9.9848,13.0000,1.1235,0.9147,4.2399,0.6447,0.1171,0.2382,0.0430,0.1226,3.9137,1.1415,0.4815
5,3,3751,3753,3,1,2,0.8333,3752.071,1047.000,623.343,10.2104,21.0000,1.5000,0.3502,6.8493,0.5854,0.2927,0.1220,0.9487,0.0000,4.8924,1.3047,0.7143
4,3,3753,3755,3,2,1,0.6667,3754.192,611.827,225.000,8.4808,16.0000,1.2308,0.2587,5.2189,0.7500,0.1500,0.1000,0.9487,0.0000,5.0558,1.9571,0.8269
5,3,3754,3755,2,3,1,0.8333,3754.400,519.317,470.000,8.7525,14.0000,1.1667,0.7918,4.5667,0.5854,0.2927,0.1220,0.3162,0.0000,4.5666,1.3047,0.6833
4,3,3755,3756,2,2,2,0.5000,3755.255,728.824,247.431,8.3180,16.0000,1.2549,0.5312,5.2191,0.5916,0.1015,0.3069,0.5000,0.5000,3.9144,0.9786,0.8235
5,3,3756,3758,3,2,1,0.8333,3756.824,766.426,436.000,9.9204,18.0000,1.3235,0.4615,5.8719,0.5854,0.2927,0.1220,0.9487,0.0000,4.7300,1.6311,0.6912
5,3,3756,3757,2,2,2,0.6250,3756.493,946.174,627.377,10.0661,18.0000,1.3043,0.6442,5.8717,0.3432,0.2505,0.4063,0.6059,0.3645,4.5670,1.6311,0.6957
5,3,3757,3759,3,1,3,0.5556,3758.050,557.000,173.950,8.7537,13.0000,1.0833,0.9513,4.2410,0.7911,0.1351,0.0737,0.5257,0.0000,4.8934,1.3049,0.6500
3,3,3759,3760,2,2,1,0.7500,3759.325,504.325,365.000,7.5343,14.0000,1.0500,0.4596,4.5674,0.5333,0.2667,0.2000,0.7071,0.0000,4.8938,1.9574,1.0000
5,3,3759,3760,2,3,2,0.4167,3759.855,565.903,437.532,9.0460,15.0000,1.2097,1.0584,4.8938,0.5461,0.2256,0.2283,0.1201,0.5647,4.2413,1.3050,0.7097
5,3,3761,3763,3,2,1,0.8333,3762.141,580.688,498.000,9.3386,16.0000,1.2500,1.1827,5.2202,0.5854,0.2927,0.1220,0.9487,0.0000,5.2204,1.6313,0.6875
7,3,3761,3764,4,2,2,0.4375,3762.213,619.562,1058.888,9.8657,14.0000,1.2250,0.6117,4.5678,0.8235,0.0431,0.1334,0.9337,0.1681,4.2417,1.4683,0.5125
4,3,3761,3763,3,2,1,0.6667,3761.962,854.500,413.000,8.4831,15.0000,1.1538,0.5015,4.8941,0.7576,0.1294,0.1129,0.8507,0.0000,3.9152,0.9789,0.7885
3,3,3762,3763,2,1,2,0.7500,3762.310,575.000,467.667,7.9118,15.0000,1.0714,0.4549,4.8941,0.5333,0.2667,0.2000,0.7071,0.0000,4.8941,0.6526,1.0000
4,3,3763,3764,2,2,1,1.0000,3763.481,550.558,769.000,8.4836,15.0000,1.1538,0.6821,4.8945,0.0000,0.7500,0.2500,1.0000,0.0000,4.7311,0.6526,0.8077
10,4,3764,3766,3,2,2,0.8333,3765.175,853.408,1287.542,12.3826,15.0000,1.2500,0.6383,4.8946,0.5122,0.0732,0.4146,0.9487,0.3162,4.2419,1.3052,0.4583
4,3,3766,3767,2,2,2,0.5000,3766.300,482.820,374.260,8.1581,15.0000,1.2000,0.7681,4.8950,0.0000,0.5625,0.4375,0.4459,0.5774,4.5685,1.3052,0.8200
5,3,3766,3767,2,3,1,0.8333,3766.633,673.783,591.000,8.7563,16.0000,1.3333,0.4259,5.2213,0.5854,0.2927,0.1220,0.3162,0.0000,4.8948,1.6317,0.7000
5,3,3766,3768,3,1,3,0.5556,3766.967,749.000,426.667,8.7564,16.0000,1.3333,1.2297,5.2215,0.8123,0.1108,0.0769,0.7071,0.0000,4.5686,0.9790,0.7000
5,3,3767,3769,3,2,1,0.8333,3767.810,355.317,414.000,9.1944,15.0000,1.1905,0.8695,4.8951,0.5854,0.2927,0.1220,0.9487,0.0000,4.5689,0.3263,0.6825
4,3,3767,3768,2,1,2,1.0000,3767.519,847.000,286.537,8.8111,15.0000,1.1111,0.6680,4.8951,0.0000,0.7500,0.2500,0.0000,0.0000,4.7319,1.3053,0.7778
6,3,3769,3772,4,2,2,0.3750,3770.338,600.138,381.837,10.6591,19.0000,1.4250,0.3990,6.2009,0.7449,0.0647,0.1904,0.9950,0.0995,4.7324,1.6318,0.5750
4,3,3770,3771,2,3,1,0.6667,3770.745,629.078,996.000,8.3225,16.0000,1.2549,0.2667,5.2220,0.5357,0.3214,0.1429,0.0000,0.0000,4.5692,1.6319,0.8235
5,3,3771,3773,3,1,2,0.8333,3771.873,723.000,418.571,9.1957,15.0000,1.1905,0.5854,4.8958,0.5854,0.2927,0.1220,0.9487,0.0000,4.8959,1.3055,0.6667
3,3,3772,3773,2,2,1,0.7500,3772.333,319.667,906.000,7.3492,13.0000,1.0000,0.7454,4.2432,0.5333,0.2667,0.2000,0.7071,0.0000,4.5694,2.2847,1.0000
5,3,3773,3774,2,3,1,0.8333,3773.391,191.234,614.000,9.3422,17.0000,1.3281,0.4555,5.5488,0.5854,0.2927,0.1220,0.3162,0.0000,4.5696,0.9792,0.6875
8,4,3775,3778,4,2,3,0.3333,3776.868,442.407,327.110,10.5027,14.0000,1.2308,1.0573,4.5700,0.6317,0.2101,0.1581,0.8989,0.4010,3.1013,0.9793,0.5824
3,3,3775,3776,2,2,1,0.7500,3775.705,453.295,1050.000,8.2924,18.0000,1.2273,0.4178,5.8758,0.5333,0.2667,0.2000,0.7071,0.0000,4.5700,1.3057,1.0000
4,3,3777,3778,2,1,2,1.0000,3777.453,502.000,154.453,8.6508,16.0000,1.2075,0.6404,5.2231,0.0000,0.7500,0.2500,0.0000,0.0000,4.5703,1.3058,0.7925
5,4,3777,3778,2,3,2,0.4167,3777.839,979.790,717.210,9.0516,13.0000,1.0484,0.8334,4.2439,0.6489,0.0995,0.2515,0.1100,0.3726,4.7335,1.6323,0.8387
7,3,3778,3780,3,3,1,0.7778,3779.321,377.877,862.000,9.9949,14.0000,1.2099,0.3439,4.5705,0.4747,0.4312,0.0941,0.5071,0.0000,4.2442,1.3058,0.4938
4,4,3780,3781,2,1,2,1.0000,3780.536,724.000,449.482,9.1415,16.0000,1.1429,0.6693,5.2238,0.0000,0.7500,0.2500,0.0000,0.0000,5.0605,1.6324,1.0000
3,3,3781,3782,2,2,1,0.7500,3781.366,526.317,529.000,7.7285,15.0000,1.0976,0.7090,4.8975,0.5333,0.2667,0.2000,0.7071,0.0000,4.5708,1.1427,1.0000
4,3,3783,3784,2,1,2,1.0000,3783.509,621.000,430.439,9.3057,18.0000,1.2632,0.6585,5.8774,0.0000,0.7500,0.2500,0.0000,0.0000,4.8977,0.9796,0.8070
3,3,3784,3785,2,1,2,0.7500,3784.317,709.000,201.341,7.7293,14.0000,1.0244,0.4660,4.5713,0.5333,0.2667,0.2000,0.7071,0.0000,5.2243,1.4694,1.0000
4,3,3785,3786,2,2,2,0.5000,3785.245,371.208,517.472,8.6532,15.0000,1.1321,0.5707,4.8980,0.5916,0.1015,0.3069,0.5000,0.5000,4.4083,0.9796,0.7925
4,3,3786,3788,3,2,1,0.6667,3786.961,658.510,541.000,8.3272,14.0000,1.0980,0.5113,4.5718,0.7576,0.1294,0.1129,0.8507,0.0000,4.7350,1.3062,0.7843
8,4,3789,3791,3,3,3,0.2963,3790.394,439.737,824.111,11.4315,17.0000,1.3737,0.4863,5.5521,0.4847,0.3235,0.1918,0.5396,0.2698,4.4092,1.6330,0.5960
4,3,3789,3790,2,1,2,1.0000,3789.434,516.000,602.491,8.6545,17.0000,1.2830,0.6692,5.5519,0.0000,0.7500,0.2500,0.0000,0.0000,4.8988,1.3064,0.8302
5,4,3790,3791,2,2,2,0.6250,3790.413,750.444,465.143,9.2017,15.0000,1.1905,0.7067,4.8989,0.3432,0.2505,0.4063,0.6059,0.3645,5.2256,1.7963,0.8571
5,4,3791,3792,2,2,2,0.6250,3791.875,501.458,464.597,10.5169,19.0000,1.3194,0.6865,6.2058,0.3432,0.2505,0.4063,0.5155,0.8569,5.2259,1.9597,0.8750
3,3,3791,3792,2,2,1,0.7500,3791.698,568.372,783.000,8.1086,16.0000,1.1163,0.6969,5.2259,0.5333,0.2667,0.2000,0.7071,0.0000,4.8993,1.9597,1.0000
3,3,3792,3793,2,1,2,0.7500,3792.675,302.000,474.675,7.5431,14.0000,1.0500,0.4596,4.5728,0.5333,0.2667,0.2000,0.7071,0.0000,4.5729,1.9597,1.0000
5,3,3794,3796,3,1,2,0.8333,3794.864,446.000,830.379,9.6416,16.0000,1.2121,0.4026,5.2265,0.5854,0.2927,0.1220,0.9487,0.0000,4.5732,1.4699,0.6515
3,3,3794,3795,2,1,2,0.7500,3794.325,529.000,367.325,7.5436,14.0000,1.0500,0.4596,4.5730,0.5333,0.2667,0.2000,0.7071,0.0000,4.5732,0.9800,1.0000
4,3,3794,3795,2,2,1,1.0000,3794.519,860.538,888.000,8.4929,14.0000,1.0769,0.6947,4.5732,0.0000,0.7500,0.2500,1.0000,0.0000,4.7364,1.1433,0.7885
4,3,3795,3797,3,1,2,0.6667,3796.039,405.000,578.745,8.3301,14.0000,1.0980,0.2579,4.5734,0.5357,0.3214,0.1429,1.0000,0.0000,4.5735,1.3067,0.7843
5,3,3795,3796,2,2,2,0.6250,3795.766,537.703,587.391,9.3498,15.0000,1.1719,0.9093,4.9001,0.3432,0.2505,0.4063,0.5155,0.8569,5.5532,2.1233,0.7031
4,3,3797,3798,2,1,2,1.0000,3797.519,911.000,147.519,8.4939,14.0000,1.0769,0.7076,4.5738,0.0000,0.7500,0.2500,0.0000,0.0000,4.7370,0.6534,0.7885
3,3,3798,3800,3,1,1,1.0000,3799.000,720.000,617.000,7.7337,15.0000,1.0976,0.0000,4.9007,0.8889,0.0000,0.1111,1.0000,0.0000,4.9008,1.6335,1.0000
4,3,3798,3799,2,2,1,1.0000,3798.407,791.444,817.000,8.8210,17.0000,1.2593,0.6029,5.5538,0.0000,0.7500,0.2500,1.0000,0.0000,4.2472,0.6534,0.8333
5,3,3798,3800,3,1,2,0.8333,3799.241,883.000,220.448,8.4744,13.0000,1.1207,0.5091,4.2474,0.5854,0.2927,0.1220,0.9487,0.0000,4.9007,1.1435,0.6724
3,3,3801,3802,2,1,2,0.7500,3801.622,396.000,413.711,8.4891,17.0000,1.1333,0.6860,5.5545,0.5333,0.2667,0.2000,0.7071,0.0000,5.5548,1.6338,1.0000
4,3,3801,3802,2,2,1,1.0000,3801.531,467.531,410.000,8.0053,13.0000,1.0612,0.7084,4.2478,0.0000,0.7500,0.2500,1.0000,0.0000,4.2477,1.1436,0.7959
3,3,3802,3803,2,2,1,0.7500,3802.683,443.683,745.000,7.7349,15.0000,1.0976,0.4484,4.9015,0.5333,0.2667,0.2000,0.7071,0.0000,4.5747,1.3070,1.0000
3,3,3805,3806,2,1,2,0.7500,3805.326,388.000,678.349,8.1132,15.0000,1.0465,0.7280,4.9019,0.5333,0.2667,0.2000,0.7071,0.0000,5.2290,2.1242,1.0000
4,3,3805,3806,2,1,3,0.6667,3805.265,690.000,156.367,8.0066,14.0000,1.1429,0.6860,4.5751,0.7500,0.1500,0.1000,0.3162,0.0000,4.9020,1.7974,0.8163
4,3,3805,3806,2,2,2,0.5000,3805.184,699.265,377.265,8.0066,14.0000,1.1429,0.4177,4.5751,0.0000,0.5625,0.4375,0.4459,0.5774,4.7385,1.7973,0.8163
4,3,3807,3808,2,2,2,0.5000,3807.204,827.735,388.469,8.0073,13.0000,1.0612,0.8954,4.2487,0.5916,0.1015,0.3069,0.5000,0.5000,4.5756,1.4708,0.7959
4,3,3808,3809,2,2,1,1.0000,3808.471,203.471,872.000,8.3346,14.0000,1.0980,0.6655,4.5758,0.0000,0.7500,0.2500,1.0000,0.0000,4.5759,1.1439,0.7843
5,3,3808,3809,2,1,3,0.8333,3808.641,789.000,390.688,9.3550,16.0000,1.2500,0.7758,5.2297,0.5854,0.2927,0.1220,0.3162,0.0000,4.5757,0.3269,0.7031
3,3,3809,3811,3,1,1,1.0000,3809.951,465.000,490.000,7.7375,15.0000,1.0976,0.9512,4.9028,0.8889,0.0000,0.1111,1.0000,0.0000,4.5764,1.3074,1.0000
4,3,3810,3811,2,2,1,1.0000,3810.509,515.453,548.000,8.6623,15.0000,1.1321,0.6816,4.9031,0.0000,0.7500,0.2500,1.0000,0.0000,4.7399,1.9612,0.7925
7,3,3811,3814,4,2,2,0.4375,3812.450,421.725,692.250,9.8849,14.0000,1.2250,0.6638,4.5769,0.6801,0.1680,0.1519,0.9328,0.2851,3.9232,1.6344,0.5000
5,3,3813,3815,3,2,2,0.4167,3813.932,461.169,857.559,8.6264,14.0000,1.1864,0.4770,4.5771,0.5461,0.2256,0.2283,0.8117,0.4177,4.5769,1.3077,0.6780
10,3,3814,3816,3,3,3,0.3704,3815.154,818.940,295.188,12.0970,17.0000,1.4530,0.9711,5.5582,0.6762,0.1043,0.2195,0.6420,0.6313,3.9234,1.3080,0.4957
5,3,3814,3816,3,1,2,0.8333,3815.224,951.000,703.534,8.4808,14.0000,1.2069,0.5796,4.5774,0.5854,0.2927,0.1220,0.9487,0.0000,4.5774,1.1443,0.6897
6,4,3815,3816,2,2,2,0.7500,3815.545,810.260,317.364,10.2781,16.0000,1.2468,0.6374,5.2315,0.2000,0.3333,0.4667,0.0000,0.0000,4.5774,1.1443,0.7403
4,3,3818,3819,2,1,2,1.0000,3818.455,414.000,454.436,8.9929,17.0000,1.2364,0.6301,5.5591,0.0000,0.7500,0.2500,0.0000,0.0000,5.0688,1.9620,0.8000
4,3,3818,3819,2,2,1,1.0000,3818.560,700.560,859.000,8.1754,15.0000,1.2000,0.6223,4.9054,0.0000,0.7500,0.2500,1.0000,0.0000,4.5782,0.9811,0.8200
3,3,3820,3821,2,2,1,0.7500,3820.650,517.675,361.000,7.5530,14.0000,1.0500,0.7267,4.5786,0.5333,0.2667,0.2000,0.7071,0.0000,4.5789,1.3083,1.0000
3,3,3823,3825,3,1,1,1.0000,3823.978,559.000,346.000,8.4988,18.0000,1.2000,0.0222,5.8881,0.8889,0.0000,0.1111,1.0000,0.0000,4.9065,1.1449,1.0000
3,3,3825,3826,2,1,2,0.7500,3825.650,334.000,453.325,7.5552,14.0000,1.0500,0.7267,4.5799,0.5333,0.2667,0.2000,0.7071,0.0000,4.5802,1.7993,1.0000
3,3,3826,3828,3,1,1,1.0000,3827.023,483.000,599.000,8.3115,15.0000,1.0227,0.0227,4.9080,0.8889,0.0000,0.1111,1.0000,0.0000,5.2349,1.9630,1.0000
4,3,3827,3829,3,2,1,0.6667,3828.078,339.549,358.000,8.3436,14.0000,1.0980,0.4577,4.5811,0.7576,0.1294,0.1129,0.8507,0.0000,4.9079,1.7997,0.8039
4,3,3828,3830,3,1,2,0.6667,3829.075,557.000,340.453,8.6714,16.0000,1.2075,0.4591,5.2355,0.7576,0.1294,0.1129,0.8507,0.0000,4.9084,1.1453,0.8302
6,4,3830,3832,3,2,2,0.5000,3831.076,283.633,576.861,10.5549,16.0000,1.2152,0.3999,5.2362,0.7074,0.0897,0.2030,0.9140,0.2540,4.7456,1.3090,0.7342
8,3,3831,3834,4,3,2,0.3333,3832.765,694.173,190.776,11.3405,15.0000,1.2245,0.8162,4.9093,0.6485,0.2184,0.1331,0.9205,0.3527,4.2553,1.1457,0.4388
6,3,3833,3835,3,3,1,0.6667,3833.813,362.960,552.000,10.0223,14.0000,1.1200,0.9780,4.5827,0.6944,0.2222,0.0833,0.6000,0.0000,4.5825,1.3092,0.5333
4,3,3834,3836,3,1,2,0.6667,3834.904,1008.000,871.558,8.5112,15.0000,1.1538,1.0063,4.9100,0.7576,0.1294,0.1129,0.8507,0.0000,4.7466,1.6368,0.8077
4,3,3835,3836,2,2,1,1.0000,3835.439,656.491,493.000,9.3300,17.0000,1.1930,0.6585,5.5651,0.0000,0.7500,0.2500,1.0000,0.0000,5.2379,1.9641,0.7895
3,3,3835,3837,3,1,1,1.0000,3835.913,777.000,863.000,8.6945,17.0000,1.1087,0.9130,5.5651,0.8889,0.0000,0.1111,1.0000,0.0000,5.5655,1.9642,1.0000
3,3,3836,3837,2,1,2,0.7500,3836.698,810.000,254.651,8.1280,15.0000,1.0465,0.7179,4.9111,0.5333,0.2667,0.2000,0.7071,0.0000,5.2385,0.6547,1.0000
4,3,3837,3838,2,2,1,1.0000,3837.475,590.458,393.000,9.6588,17.0000,1.1525,0.6968,5.5663,0.0000,0.7500,0.2500,1.0000,0.0000,5.4022,1.1459,0.8136
5,3,3837,3839,3,1,2,0.8333,3837.672,916.000,328.623,8.9321,16.0000,1.3115,0.7707,5.2385,0.5854,0.2927,0.1220,0.9487,0.0000,4.5837,1.3097,0.6885
3,3,3838,3840,3,1,1,1.0000,3839.024,308.000,591.000,7.9404,15.0000,1.0714,0.0238,4.9118,0.8889,0.0000,0.1111,1.0000,0.0000,4.5848,0.9824,1.0000
4,3,3842,3844,3,1,2,0.6667,3842.940,451.000,726.260,8.1890,14.0000,1.1200,0.2668,4.5859,0.5357,0.3214,0.1429,1.0000,0.0000,4.9131,0.9828,0.8000
4,4,3842,3843,2,1,2,1.0000,3842.500,741.000,308.500,8.5163,13.0000,1.0000,0.7071,4.2583,0.0000,0.7500,0.2500,0.0000,0.0000,4.5857,0.0001,1.0000
4,3,3843,3844,2,2,2,0.5000,3843.294,157.824,607.569,8.3531,15.0000,1.1765,0.8459,4.9139,0.5916,0.1015,0.3069,0.5000,0.5000,5.0773,1.6379,0.8235
7,3,3843,3845,3,3,2,0.3889,3844.165,427.127,704.354,9.7817,15.0000,1.3291,1.4982,4.9134,0.6706,0.1745,0.1549,0.5692,0.0089,3.6038,1.6380,0.5316
5,3,3846,3848,3,1,2,0.8333,3846.791,618.000,554.463,9.8181,16.0000,1.1940,0.5765,5.2428,0.5854,0.2927,0.1220,0.9487,0.0000,4.7513,1.6382,0.6567
4,4,3846,3847,2,1,2,1.0000,3846.466,676.000,382.483,9.5022,17.0000,1.1724,0.6706,5.5700,0.0000,0.7500,0.2500,0.0000,0.0000,4.9149,1.1469,1.0000
4,3,3846,3847,2,2,1,1.0000,3846.538,793.481,495.000,8.5193,14.0000,1.0769,0.6665,4.5875,0.0000,0.7500,0.2500,1.0000,0.0000,5.0786,1.6384,0.7885
3,3,3846,3846,1,2,2,0.7500,3846.000,885.317,664.659,7.7559,14.0000,1.0244,0.7309,4.5871,0.5333,0.2667,0.2000,0.0000,1.0000,4.5871,1.6381,1.0000
3,3,3847,3848,2,2,1,0.7500,3847.333,582.333,417.000,7.3784,13.0000,1.0000,0.4714,4.2602,0.5333,0.2667,0.2000,0.7071,0.0000,4.9152,1.3109,1.0000
3,3,3847,3848,2,1,2,0.7500,3847.302,669.000,427.698,8.1352,17.0000,1.1860,0.4276,5.5705,0.5333,0.2667,0.2000,0.7071,0.0000,4.5880,2.1301,1.0000
3,3,3847,3847,1,2,2,0.7500,3847.000,774.667,851.333,7.3782,13.0000,1.0000,0.7454,4.2598,0.5333,0.2667,0.2000,0.0000,1.0000,4.5874,1.6384,1.0000
4,3,3849,3850,2,1,2,1.0000,3849.434,295.000,374.585,8.6855,17.0000,1.2830,0.6005,5.5716,0.0000,0.7500,0.2500,0.0000,0.0000,4.7525,0.9833,0.8302
6,4,3851,3853,3,3,2,0.3333,3852.200,642.000,351.863,10.7073,20.0000,1.5000,0.2427,6.5567,0.5384,0.1347,0.3269,0.8322,0.1385,4.9179,1.6395,0.7375
5,3,3851,3852,2,2,2,0.6250,3851.339,687.627,414.220,8.6496,13.0000,1.1017,0.7461,4.2614,0.3432,0.2505,0.4063,0.6059,0.3645,4.5893,1.3112,0.6610
7,3,3852,3854,3,3,2,0.3889,3853.269,541.346,922.308,9.6662,13.0000,1.1667,0.5357,4.2623,0.1744,0.5955,0.2301,0.3777,0.2195,3.9348,1.6394,0.5000
7,3,3853,3855,3,2,2,0.5833,3854.190,645.519,481.633,9.7911,14.0000,1.2405,1.0298,4.5911,0.5352,0.1763,0.2885,0.8018,0.5745,3.9348,0.9836,0.5063
5,3,3857,3859,3,1,3,0.5556,3858.052,800.000,324.293,8.5090,13.0000,1.1207,0.2976,4.2650,0.5532,0.3398,0.1070,0.5606,0.0000,4.9205,1.3124,0.6724
3,3,3858,3858,1,1,3,1.0000,3858.000,604.000,163.024,7.7652,14.0000,1.0244,0.0244,4.5926,0.8889,0.0000,0.1111,0.0000,1.0000,4.9206,1.4761,1.0000
5,3,3858,3859,2,1,3,0.8333,3858.383,1065.000,414.217,8.8027,14.0000,1.1667,0.4403,4.5926,0.5854,0.2927,0.1220,0.3162,0.0000,4.5927,1.9681,0.6667
6,3,3859,3861,3,1,2,1.0000,3859.933,906.000,482.413,10.0465,17.0000,1.3600,0.4187,5.5780,0.5556,0.3333,0.1111,1.0000,0.0000,4.2657,0.9845,0.6133
4,3,3861,3862,2,1,2,1.0000,3861.549,418.000,720.510,8.3685,15.0000,1.1765,0.6806,4.9229,0.0000,0.7500,0.2500,0.0000,0.0000,3.9381,0.6561,0.8039
6,4,3861,3863,3,2,2,0.5000,3861.872,506.140,455.547,11.5225,20.0000,1.3953,0.4914,6.5639,0.3810,0.3333,0.2857,0.9487,0.1690,5.2513,1.3129,0.7558
27,17,3863,3867,5,4,4,0.3375,3864.901,367.393,267.976,29.2539,42.0000,2.4492,0.6154,13.7892,0.5022,0.0378,0.4600,0.5684,0.0864,4.9241,0.9849,0.7711
3,3,3865,3866,2,1,2,0.7500,3865.317,519.000,520.317,7.7720,15.0000,1.0976,0.4484,4.9247,0.5333,0.2667,0.2000,0.7071,0.0000,3.9403,0.9851,1.0000
3,3,3866,3868,3,1,1,1.0000,3866.952,447.000,335.000,7.9632,15.0000,1.0714,0.9524,4.9253,0.8889,0.0000,0.1111,1.0000,0.0000,4.9260,1.3138,1.0000
3,3,3867,3868,2,1,2,0.7500,3867.667,797.000,366.333,7.3950,13.0000,1.0000,0.7454,4.2697,0.5333,0.2667,0.2000,0.7071,0.0000,3.9413,0.6568,1.0000
4,3,3869,3870,2,2,1,1.0000,3869.418,594.545,368.000,9.0338,16.0000,1.1636,0.6873,5.2557,0.0000,0.7500,0.2500,1.0000,0.0000,5.5843,1.6425,0.8364
4,3,3870,3871,2,2,1,1.0000,3870.549,261.549,774.000,8.3780,15.0000,1.1765,0.6378,4.9286,0.0000,0.7500,0.2500,1.0000,0.0000,4.5997,1.3141,0.8039
5,3,3871,3872,2,3,1,0.8333,3871.541,613.295,884.000,8.9641,15.0000,1.2295,0.8886,4.9286,0.5854,0.2927,0.1220,0.3162,0.0000,4.5999,0.9858,0.6721
11,3,3871,3873,3,2,4,0.4583,3872.071,651.786,384.802,12.4844,17.0000,1.4841,1.2195,5.5865,0.3169,0.4961,0.1870,0.0731,0.3814,3.6153,1.1500,0.4683
5,3,3871,3872,2,2,2,0.6250,3871.850,1016.467,407.483,8.8175,15.0000,1.2500,0.7576,4.9292,0.3432,0.2505,0.4063,0.5155,0.8569,4.6006,0.9858,0.7000
4,3,3872,3873,2,2,1,1.0000,3872.421,553.579,448.000,9.3661,19.0000,1.3333,0.5955,6.2437,0.0000,0.7500,0.2500,1.0000,0.0000,5.2580,1.9717,0.8246
6,3,3875,3876,2,2,3,0.5000,3875.529,419.200,624.829,9.3956,14.0000,1.2000,0.9443,4.6032,0.3810,0.3333,0.2857,0.3162,0.5071,4.6025,1.3152,0.5714
3,3,3882,3883,2,1,2,0.7500,3882.317,737.000,226.659,7.7907,14.0000,1.0244,0.7309,4.6074,0.5333,0.2667,0.2000,0.7071,0.0000,5.2656,0.8230,1.0000
5,3,3885,3887,3,1,2,0.8333,3886.186,749.000,328.559,8.6895,13.0000,1.1017,0.5896,4.2818,0.5854,0.2927,0.1220,0.9487,0.0000,4.9395,1.6467,0.6610
3,3,3891,3893,3,1,1,1.0000,3892.000,480.000,343.000,7.6132,14.0000,1.0500,0.0000,4.6153,0.8889,0.0000,0.1111,1.0000,0.0000,4.6161,0.9890,1.0000
4,3,3891,3892,2,1,2,1.0000,3891.471,865.000,346.529,8.4056,14.0000,1.0980,0.7083,4.6153,0.0000,0.7500,0.2500,0.0000,0.0000,4.1201,1.1540,0.8039
5,3,3894,3896,3,1,2,0.8333,3894.767,563.000,574.400,8.8504,14.0000,1.1667,0.4631,4.6179,0.5854,0.2927,0.1220,0.9487,0.0000,4.6172,0.9895,0.6833
3,3,3895,3896,2,1,2,0.7500,3895.667,336.000,301.333,7.4280,13.0000,1.0000,0.7454,4.2889,0.5333,0.2667,0.2000,0.7071,0.0000,4.6188,1.3195,1.0000
4,3,3896,3897,2,3,1,0.6667,3896.731,1099.346,903.000,8.5789,14.0000,1.0769,0.9806,4.6197,0.7500,0.1500,0.1000,0.3162,0.0000,4.9492,1.9795,0.8077
3,3,3897,3898,2,1,2,0.7500,3897.333,730.000,425.690,8.0021,15.0000,1.0714,0.4549,4.9497,0.5333,0.2667,0.2000,0.7071,0.0000,5.2804,1.6499,1.0000
7,5,3899,3900,2,2,2,0.8750,3899.444,600.411,411.622,11.2303,16.0000,1.2444,0.7876,5.2829,0.0000,0.3318,0.6682,0.7071,0.5774,4.6215,0.9903,0.7778
7,3,3903,3904,2,1,4,0.8750,3903.457,520.000,436.321,10.1159,15.0000,1.2963,0.6310,4.9569,0.7331,0.1952,0.0717,0.1452,0.0000,3.9646,0.6611,0.5062
4,3,3908,3909,2,1,2,1.0000,3908.469,357.000,472.449,8.1047,14.0000,1.1429,0.6951,4.6319,0.0000,0.7500,0.2500,0.0000,0.0000,4.9615,1.3236,0.8163
3,3,3908,3909,2,1,2,0.7500,3908.675,410.000,314.675,7.6400,14.0000,1.0500,0.4596,4.6319,0.5333,0.2667,0.2000,0.7071,0.0000,4.9622,1.3234,1.0000
4,3,3912,3913,2,2,2,0.5000,3912.735,782.816,507.551,8.1134,14.0000,1.1429,0.5529,4.6365,0.5916,0.1015,0.3069,0.5000,0.5000,4.6358,0.9939,0.8163
4,3,3914,3915,2,2,1,1.0000,3914.455,431.436,525.000,9.1110,16.0000,1.1636,0.6985,5.3017,0.0000,0.7500,0.2500,1.0000,0.0000,5.3004,0.9938,0.8364
4,3,3914,3915,2,2,2,0.5000,3914.481,758.796,247.759,8.9454,15.0000,1.1111,0.5756,4.9704,0.5916,0.1015,0.3069,0.7071,0.7071,4.9691,1.6562,0.7963
4,3,3916,3917,2,2,1,1.0000,3916.469,905.469,583.000,8.1216,13.0000,1.0612,0.6638,4.3101,0.0000,0.7500,0.2500,1.0000,0.0000,4.6404,1.6579,0.7959
3,3,3923,3925,3,1,1,1.0000,3923.939,897.000,351.000,9.3996,18.0000,1.1020,0.0612,5.9807,0.8889,0.0000,0.1111,1.0000,0.0000,6.3105,1.3288,1.0000
5,3,3925,3927,3,2,2,0.4167,3926.033,371.852,369.705,9.0705,16.0000,1.3115,1.0219,5.3218,0.1521,0.5234,0.3245,1.0000,0.0000,4.8210,1.6619,0.7049
4,3,3925,3927,3,1,2,0.6667,3926.111,581.000,360.407,8.9776,17.0000,1.2593,0.4223,5.6524,0.7576,0.1294,0.1129,0.8507,0.0000,4.9883,0.9977,0.8333
3,3,3925,3926,2,1,2,0.7500,3925.341,804.000,315.317,7.8687,14.0000,1.0244,0.4660,4.6549,0.5333,0.2667,0.2000,0.7071,0.0000,4.9854,0.6646,1.0000
8,6,3927,3929,3,3,3,0.2963,3928.175,306.158,859.025,14.1176,23.0000,1.5333,0.2373,7.6528,0.3962,0.0000,0.6038,0.7071,0.7071,4.6580,0.9986,0.8167
3,3,3927,3929,3,1,1,1.0000,3927.975,875.000,453.000,7.6841,14.0000,1.0500,0.9750,4.6565,0.8889,0.0000,0.1111,1.0000,0.0000,4.6598,1.3308,1.0000
3,3,3930,3932,3,1,1,1.0000,3931.000,389.000,350.000,7.8854,15.0000,1.0976,0.0000,4.9968,0.8889,0.0000,0.1111,1.0000,0.0000,4.9981,1.3325,1.0000
3,3,3930,3931,2,1,2,0.7500,3930.341,820.000,362.318,8.4601,15.0000,1.0227,0.4663,4.9968,0.5333,0.2667,0.2000,0.7071,0.0000,5.3278,1.3320,1.0000
5,3,3931,3933,3,1,3,0.5556,3932.300,536.000,764.100,8.9433,15.0000,1.2500,1.1402,5.0009,0.5532,0.3398,0.1070,0.8281,0.0000,4.6656,1.3335,0.6833
6,3,3931,3933,3,1,3,0.6667,3931.855,597.000,653.014,9.3869,15.0000,1.3043,0.1457,4.9988,0.6944,0.2222,0.0833,0.6000,0.0000,4.1649,1.3325,0.5942
4,3,3932,3933,2,2,1,1.0000,3932.574,579.444,779.000,9.0000,16.0000,1.1852,0.6156,5.3343,0.0000,0.7500,0.2500,1.0000,0.0000,5.1668,1.3330,0.8333
14,3,3938,3940,3,3,4,0.3889,3939.224,1197.702,412.615,14.3870,18.0000,1.5652,0.5359,6.0177,0.5490,0.1402,0.3108,0.4280,0.7691,4.0123,1.0018,0.3602
7,3,3940,3942,3,2,3,0.3889,3941.333,777.753,269.247,10.2475,15.0000,1.2963,1.0356,5.0226,0.2843,0.4935,0.2222,0.8778,0.4790,4.3480,2.0082,0.5309
4,3,3941,3942,2,1,2,1.0000,3941.531,872.000,553.469,8.2015,13.0000,1.0612,0.7084,4.3529,0.0000,0.7500,0.2500,0.0000,0.0000,4.6862,0.8366,0.7959
4,3,3944,3945,2,2,1,1.0000,3944.481,659.462,948.000,8.7179,15.0000,1.1538,0.6947,5.0311,0.0000,0.7500,0.2500,1.0000,0.0000,4.8605,0.3356,0.8077
3,3,3946,3947,2,1,2,0.7500,3946.341,893.000,272.683,7.9458,14.0000,1.0244,0.4660,4.7013,0.5333,0.2667,0.2000,0.7071,0.0000,5.0338,0.8394,1.0000
4,3,3947,3948,2,1,2,1.0000,3947.460,451.000,256.540,8.3975,14.0000,1.1200,0.6505,4.7013,0.0000,0.7500,0.2500,0.0000,0.0000,4.7025,0.3362,0.8000
5,3,3948,3950,3,2,2,0.4167,3948.933,583.150,541.367,9.0216,16.0000,1.3333,0.4017,5.3796,0.5461,0.2256,0.2283,0.8117,0.4177,4.7046,1.6805,0.7000
5,4,3953,3955,3,1,2,0.8333,3954.261,610.000,474.580,10.4125,16.0000,1.1594,0.4947,5.3979,0.5854,0.2927,0.1220,0.9487,0.0000,5.0642,1.3486,0.8551
5,3,3955,3957,3,2,2,0.4167,3956.431,439.155,440.776,8.7665,13.0000,1.1207,0.5100,4.3955,0.6338,0.1686,0.1975,0.9585,0.2851,4.7309,1.3521,0.6724
3,3,3958,3959,2,1,2,0.7500,3958.333,898.000,114.689,8.7935,16.0000,1.0667,0.4560,5.4140,0.5333,0.2667,0.2000,0.7071,0.0000,5.7561,2.0305,1.0000
5,3,3959,3961,3,1,2,0.8333,3960.156,796.000,338.391,9.7013,15.0000,1.1719,0.4207,5.0836,0.5854,0.2927,0.1220,0.9487,0.0000,4.9100,1.1860,0.6406
4,3,3961,3962,2,1,2,1.0000,3961.529,259.000,474.471,8.6528,14.0000,1.0980,0.6655,4.7524,0.0000,0.7500,0.2500,0.0000,0.0000,4.0719,0.6784,0.7843
6,3,3961,3963,3,2,2,0.5000,3961.753,536.342,442.740,10.1144,15.0000,1.2329,0.8676,5.0877,0.6381,0.1455,0.2164,0.8019,0.3768,4.5803,1.1882,0.5753
4,3,3963,3964,2,2,1,1.0000,3963.491,567.472,246.000,9.0066,15.0000,1.1321,0.6943,5.1003,0.0000,0.7500,0.2500,1.0000,0.0000,4.9267,2.0387,0.7925
5,3,3965,3966,2,2,2,0.6250,3965.371,660.177,259.452,9.4387,14.0000,1.1290,0.6108,4.7684,0.3432,0.2505,0.4063,0.6059,0.3645,5.1049,0.3402,0.6774
4,3,3967,3968,2,1,2,1.0000,3967.500,823.000,763.446,9.5491,17.0000,1.2143,0.6703,5.7952,0.0000,0.7500,0.2500,0.0000,0.0000,5.1178,1.7059,0.8036
3,3,3970,3971,2,2,1,0.7500,3970.333,648.667,483.000,7.6984,13.0000,1.0000,0.7454,4.4473,0.5333,0.2667,0.2000,0.7071,0.0000,4.7850,1.3666,1.0000
4,3,3971,3973,3,1,2,0.6667,3971.922,790.000,84.255,8.7308,16.0000,1.2549,0.2667,5.4785,0.5357,0.3214,0.1429,1.0000,0.0000,4.1078,1.0275,0.8235
4,3,3976,3977,2,1,2,1.0000,3976.549,869.000,278.471,8.7678,15.0000,1.1765,0.6955,5.1597,0.0000,0.7500,0.2500,0.0000,0.0000,4.9856,0.6886,0.8235
10,3,3980,3982,3,3,4,0.2778,3980.759,877.845,513.310,12.6618,15.0000,1.2931,0.8342,5.1787,0.3850,0.3364,0.2786,0.2063,0.6653,4.4870,1.7247,0.3793
8,3,3985,3988,4,2,2,0.5000,3986.188,654.906,494.541,10.4249,15.0000,1.4118,0.5048,5.2026,0.7589,0.1106,0.1304,0.9682,0.0838,3.6435,1.0408,0.4941
5,3,3985,3987,3,2,2,0.4167,3986.435,743.387,467.839,9.6206,15.0000,1.2097,0.6046,5.2026,0.6999,0.1281,0.1720,0.8684,0.1395,4.8601,1.3883,0.6774
3,3,3993,3994,2,2,1,0.7500,3993.667,897.333,789.000,7.8630,13.0000,1.0000,0.7454,4.5410,0.5333,0.2667,0.2000,0.7071,0.0000,4.8896,1.5711,1.0000
5,3,3997,3999,3,1,3,0.5556,3998.455,447.000,289.418,8.6241,12.0000,1.0909,0.7383,4.2093,0.6646,0.2585,0.0769,0.7071,0.0000,4.9051,0.3508,0.6545
9,3,3997,3999,3,2,2,0.7500,3998.226,597.344,712.538,10.8672,14.0000,1.3548,0.6771,4.9068,0.5373,0.1435,0.3192,0.9487,0.2905,3.8591,1.0523,0.4086
5,3,3997,3999,3,2,2,0.4167,3997.947,680.579,333.140,8.9340,14.0000,1.2281,0.5980,4.9068,0.5461,0.2256,0.2283,0.8117,0.4177,4.5569,1.4011,0.6842
7,3,3997,3998,2,2,3,0.5833,3997.590,807.628,427.154,10.3293,14.0000,1.2564,0.5746,4.9068,0.5352,0.1763,0.2885,0.2673,0.0986,4.2059,1.0506,0.4872
7,3,3998,3999,2,2,3,0.5833,3998.458,894.583,706.875,9.5416,13.0000,1.2639,0.6319,4.5601,0.5352,0.1763,0.2885,0.5345,0.8125,3.5052,1.4027,0.5278
4,3,3999,4000,2,1,2,1.0000,3999.420,893.000,329.580,8.7724,17.0000,1.3600,0.5940,5.9632,0.0000,0.7500,0.2500,0.0000,0.0000,4.5624,1.4034,0.8200
5,3,3999,4000,2,2,2,0.6250,3999.370,1158.167,321.463,8.4737,13.0000,1.2037,0.6733,4.5601,0.3432,0.2505,0.4063,0.6059,0.3645,4.5598,0.7023,0.6852
3,3,4000,4001,2,1,2,0.7500,4000.676,1022.000,518.676,7.5035,13.0000,1.0541,0.4587,4.5675,0.5333,0.2667,0.2000,0.7071,0.0000,4.9177,2.4590,1.0000
4,3,4000,4002,3,1,2,0.6667,4001.062,1108.000,669.750,8.4327,15.0000,1.2500,0.2577,5.2702,0.5357,0.3214,0.1429,1.0000,0.0000,4.5689,1.7566,0.8125
4,3,4001,4002,2,1,2,1.0000,4001.545,747.000,378.455,7.7329,12.0000,1.0909,0.7100,4.2195,0.0000,0.7500,0.2500,0.0000,0.0000,4.9199,1.5816,0.8182
3,3,4001,4002,2,1,2,0.7500,4001.675,878.000,233.625,8.1183,15.0000,1.1250,0.7045,5.2744,0.5333,0.2667,0.2000,0.7071,0.0000,5.2688,0.8789,1.0000
3,3,4005,4006,2,2,1,0.7500,4005.707,593.317,428.000,8.3473,16.0000,1.1707,0.4315,5.6433,0.5333,0.2667,0.2000,0.7071,0.0000,5.2912,2.4678,1.0000
8,3,4005,4007,3,2,3,0.4444,4006.207,893.488,309.085,10.2271,14.0000,1.3659,0.5369,4.9379,0.4281,0.3090,0.2629,0.6346,0.1550,3.8777,1.7656,0.4634
5,3,4006,4008,3,1,3,0.5556,4006.684,711.000,154.947,8.9955,14.0000,1.2281,1.1686,4.9379,0.5532,0.3398,0.1070,0.8281,0.0000,4.9382,1.7646,0.6667
4,3,4008,4009,2,1,2,1.0000,4008.444,828.000,456.533,7.9503,13.0000,1.1556,0.6942,4.5920,0.0000,0.7500,0.2500,0.0000,0.0000,4.5938,1.0596,0.8222
7,3,4011,4013,3,2,3,0.3889,4011.819,562.500,226.903,9.6388,14.0000,1.3611,0.5404,4.9594,0.2063,0.5848,0.2089,0.4082,0.3639,3.7191,1.4179,0.5417
3,3,4011,4012,2,2,1,0.7500,4011.676,704.676,873.000,7.5655,13.0000,1.0541,0.4587,4.6051,0.5333,0.2667,0.2000,0.7071,0.0000,4.6050,1.9470,1.0000
3,3,4013,4014,2,1,2,0.7500,4013.650,813.000,197.325,8.1901,14.0000,1.0500,0.7267,4.9628,0.5333,0.2667,0.2000,0.7071,0.0000,4.9657,0.7100,1.0000
5,3,4013,4015,3,2,1,0.8333,4013.719,813.596,522.000,9.0406,13.0000,1.1404,0.8247,4.6083,0.5854,0.2927,0.1220,0.9487,0.0000,4.9628,1.0633,0.6491
3,3,4014,4015,2,1,2,0.7500,4014.667,887.000,475.667,7.3761,12.0000,1.0000,0.7454,4.2595,0.5333,0.2667,0.2000,0.7071,0.0000,4.6140,1.4190,1.0000
4,3,4016,4018,3,1,2,0.6667,4017.041,425.000,434.469,8.7082,14.0000,1.1429,0.4712,4.9760,0.7576,0.1294,0.1129,0.8507,0.0000,4.7987,1.7764,0.7959
3,3,4016,4018,3,1,1,1.0000,4016.977,913.000,282.000,9.0289,17.0000,1.1591,0.0227,6.0423,0.8889,0.0000,0.1111,1.0000,0.0000,5.3281,1.5986,1.0000
4,3,4018,4019,2,1,3,0.6667,4018.551,537.000,729.082,8.7166,14.0000,1.1429,0.4563,4.9824,0.7576,0.1294,0.1129,0.5257,0.0000,4.9811,1.2450,0.8163
4,3,4018,4019,2,2,1,1.0000,4018.442,752.404,885.000,9.2497,17.0000,1.3077,0.5989,6.0462,0.0000,0.7500,0.2500,1.0000,0.0000,4.9808,1.7785,0.8269
5,3,4018,4020,3,1,3,0.5556,4019.067,826.000,401.050,9.5497,17.0000,1.4167,0.0833,6.0500,0.0000,0.8276,0.1724,0.0000,0.0000,4.6267,0.7120,0.7000
4,3,4019,4020,2,1,2,1.0000,4019.457,456.000,385.435,8.1876,13.0000,1.1304,0.6304,4.6294,0.0000,0.7500,0.2500,0.0000,0.0000,4.8044,1.0678,0.8261
4,4,4019,4020,2,1,2,1.0000,4019.500,712.000,170.500,9.2558,13.0000,1.0000,0.7071,4.6294,0.0000,0.7500,0.2500,0.0000,0.0000,4.9840,0.5340,1.0000
6,3,4019,4020,2,2,3,0.5000,4019.485,781.545,251.015,9.5919,14.0000,1.2727,0.6648,4.9855,0.6168,0.1058,0.2774,0.5000,0.5000,4.0934,1.4239,0.6061
8,3,4021,4023,3,2,3,0.4444,4022.126,1116.644,722.126,10.9678,16.0000,1.4713,0.3987,5.7047,0.5777,0.1583,0.2641,0.8456,0.4460,4.1001,1.9603,0.4828
3,3,4022,4024,3,1,1,1.0000,4023.026,820.000,324.000,7.8271,13.0000,1.0263,0.0263,4.6406,0.8889,0.0000,0.1111,1.0000,0.0000,4.9949,1.0710,1.0000
4,3,4024,4026,3,1,2,0.6667,4024.609,801.000,323.717,8.2132,13.0000,1.1304,0.9408,4.6406,0.7500,0.1500,0.1000,0.9487,0.0000,4.8208,1.4281,0.8261
4,3,4025,4027,3,1,2,0.6667,4026.180,780.000,445.200,8.9355,15.0000,1.2000,0.2691,5.3608,0.7500,0.1500,0.1000,0.9487,0.0000,4.8250,1.4291,0.8000
5,4,4026,4028,3,1,2,0.8333,4026.821,1011.000,633.552,10.7134,16.0000,1.1940,0.5806,5.7214,0.5854,0.2927,0.1220,0.9487,0.0000,5.7182,2.1463,0.8507
6,4,4029,4031,3,1,3,0.6667,4029.662,884.000,269.235,9.9416,15.0000,1.3235,0.4120,5.3728,0.2083,0.6667,0.1250,0.8944,0.0000,5.0108,0.3591,0.7500
3,3,4029,4030,2,2,1,0.7500,4029.667,931.333,471.000,7.4434,12.0000,1.0000,0.7454,4.2982,0.5333,0.2667,0.2000,0.7071,0.0000,3.9404,1.0739,1.0000
7,3,4030,4032,3,2,2,0.5833,4031.127,1004.506,563.886,10.7015,16.0000,1.4177,0.5222,5.7340,0.5916,0.2044,0.2040,0.9664,0.1591,4.6568,2.1506,0.5316
4,3,4032,4033,2,2,1,1.0000,4032.467,1014.467,419.000,8.0697,12.0000,1.0667,0.6600,4.3051,0.0000,0.7500,0.2500,1.0000,0.0000,3.9446,1.4334,0.8000
3,3,4034,4035,2,1,2,0.7500,4034.684,783.000,157.342,7.8776,13.0000,1.0263,0.4656,4.6686,0.5333,0.2667,0.2000,0.7071,0.0000,5.3868,1.4365,1.0000
5,3,4038,4039,2,2,2,0.6250,4038.393,944.589,584.161,9.0088,13.0000,1.1607,0.7262,4.6755,0.3432,0.2505,0.4063,0.6059,0.3645,4.6757,1.4386,0.6607
5,3,4039,4041,3,1,2,0.8333,4040.259,848.000,389.638,9.3387,13.0000,1.1207,0.4449,4.6821,0.5854,0.2927,0.1220,0.9487,0.0000,5.3985,1.0805,0.6724
6,3,4041,4042,2,3,2,0.5000,4041.571,800.043,461.486,10.2950,15.0000,1.2857,0.6492,5.4048,0.6168,0.1058,0.2774,0.5000,0.5000,4.5029,1.4401,0.5857
5,3,4041,4042,2,2,2,0.6250,4041.508,810.143,430.619,10.1496,16.0000,1.2698,0.8036,5.7651,0.3432,0.2505,0.4063,0.6059,0.3645,5.4023,1.0811,0.7302
5,3,4043,4044,2,2,2,0.6250,4043.386,1013.667,986.211,9.1906,14.0000,1.2281,0.5517,5.0467,0.3432,0.2505,0.4063,0.6059,0.3645,4.6859,0.5409,0.6667
5,3,4046,4048,3,2,1,0.8333,4046.804,1035.375,782.000,9.0422,13.0000,1.1607,0.4233,4.6941,0.5854,0.2927,0.1220,0.9487,0.0000,4.8727,1.2638,0.6607
4,3,4048,4050,3,2,1,0.6667,4049.128,817.574,609.000,8.4925,14.0000,1.1915,0.9706,5.0610,0.7576,0.1294,0.1129,0.8507,0.0000,4.8783,1.0842,0.8298
3,3,4049,4050,2,2,1,0.7500,4049.684,888.316,622.000,7.9301,14.0000,1.1053,0.4466,5.0610,0.5333,0.2667,0.2000,0.7071,0.0000,4.6996,1.0837,1.0000
3,3,4054,4055,2,2,1,0.7500,4054.676,721.676,447.000,7.7349,13.0000,1.0541,0.4587,4.7076,0.5333,0.2667,0.2000,0.7071,0.0000,4.7075,1.0864,1.0000
9,3,4054,4057,4,2,4,0.2812,4055.473,908.890,912.582,10.9861,14.0000,1.3846,0.6817,5.0713,0.6338,0.2106,0.1556,0.7052,0.0515,3.9833,1.8108,0.4396
7,4,4056,4058,3,2,2,0.5833,4057.342,496.759,497.316,10.8205,15.0000,1.3291,0.5242,5.4352,0.3772,0.3083,0.3146,0.9758,0.2185,3.9858,1.0868,0.6582
5,3,4057,4059,3,3,1,0.5556,4057.952,1082.903,633.000,10.0497,17.0000,1.3710,0.1082,6.1617,0.0000,0.8276,0.1724,1.0000,0.0000,4.7107,1.0873,0.7097
5,3,4058,4059,2,2,2,0.6250,4058.453,519.859,354.375,10.3754,16.0000,1.2500,0.6778,5.8009,0.3432,0.2505,0.4063,0.6059,0.3645,5.4383,2.1747,0.6875
6,3,4058,4060,3,2,2,0.5000,4059.203,961.375,497.719,9.4733,12.0000,1.1250,0.5109,4.3519,0.6381,0.1455,0.2164,0.8019,0.3768,4.3508,1.0874,0.5625
3,3,4059,4060,2,2,1,0.7500,4059.667,905.667,843.000,7.5370,12.0000,1.0000,0.7454,4.3519,0.5333,0.2667,0.2000,0.7071,0.0000,4.7144,1.6317,1.0000
