n_voxels,n_seed,z_min,z_max,z_extent,y_extent,x_extent,fill,centroid_z,centroid_y,centroid_x,snr_cluster,r_peak,r_peak_ratio,peak_offset,snr_peak,linearity,planarity,sphericity,axis_z,normal_z,edge_contrast,decay_drop,seed_grown_ratio
18,3,200,202,3,3,6,0.3333,200.721,606.983,758.657,14.9707,12.0000,1.2558,2.0569,4.4327,0.8142,0.0995,0.0864,0.0231,0.1385,2.9551,0.7380,0.2791
15,3,200,202,3,1,7,0.7143,200.620,613.000,716.352,17.0677,19.0000,1.5922,1.7608,7.0184,0.8591,0.1223,0.0186,0.1102,0.0000,3.3237,0.7385,0.5028
11,3,200,201,2,1,7,0.7857,200.315,615.000,735.268,14.1427,16.0000,1.3858,2.7504,5.9102,0.9338,0.0482,0.0179,0.0400,0.0000,3.3248,0.9237,0.4331
5,3,200,201,2,3,2,0.4167,200.158,689.035,807.860,9.4155,14.0000,1.2281,0.9878,5.1714,0.7958,0.0325,0.1718,0.2610,0.6572,4.0633,0.9234,0.7018
9,3,200,202,3,5,1,0.6000,200.478,693.196,807.000,11.3256,13.0000,1.2717,0.9358,4.8020,0.6585,0.2874,0.0541,0.1602,0.0000,2.9537,0.7380,0.4130
6,3,200,201,2,3,2,0.5000,200.250,700.947,804.592,11.4597,22.0000,1.7368,0.4813,8.1265,0.4412,0.1872,0.3716,0.0000,0.0000,3.5084,1.4769,0.6316
10,6,200,203,4,2,2,0.6250,201.073,713.379,800.702,14.4778,17.0000,1.3710,1.2748,6.2796,0.6235,0.2029,0.1736,0.9795,0.0436,3.6920,0.7388,0.7016
20,6,200,203,4,7,3,0.2381,200.827,717.982,792.478,18.6605,18.0000,1.5929,1.3864,6.6490,0.7498,0.1897,0.0605,0.1288,0.0615,4.2471,1.8455,0.5044
4,3,200,202,3,2,1,0.6667,200.746,724.814,797.000,10.8935,18.0000,1.2203,0.3153,6.6462,0.7500,0.1500,0.1000,0.9487,0.0000,4.8006,1.1072,0.8136
3,3,200,201,2,2,1,0.7500,200.283,738.739,792.000,9.8091,21.0000,1.3696,0.3846,7.7571,0.5333,0.2667,0.2000,0.7071,0.0000,5.1691,0.7391,1.0000
6,3,200,201,2,2,2,0.7500,200.315,911.548,427.767,11.0071,18.0000,1.4795,0.5982,6.6490,0.2000,0.3333,0.4667,0.7071,0.7071,4.6155,0.5538,0.6301
4,4,201,202,2,2,1,1.0000,201.520,1246.480,938.000,9.2287,14.0000,1.1200,0.6788,5.1670,0.0000,0.7500,0.2500,1.0000,0.0000,4.7999,1.8463,1.0000
5,3,208,209,2,3,1,0.8333,208.357,1077.321,440.000,9.2135,14.0000,1.2500,0.4805,5.1515,0.5854,0.2927,0.1220,0.3162,0.0000,4.7807,0.3688,0.7143
4,4,212,213,2,2,1,1.0000,212.510,1010.510,593.000,9.3583,13.0000,1.0196,0.7072,4.7724,0.0000,0.7500,0.2500,1.0000,0.0000,5.1366,0.7343,1.0000
4,3,212,213,2,2,1,1.0000,212.468,1057.532,681.000,8.6246,13.0000,1.1064,0.6620,4.7724,0.0000,0.7500,0.2500,1.0000,0.0000,4.7709,0.7340,0.7872
4,3,220,222,3,1,2,0.6667,221.170,1006.000,535.830,8.5732,15.0000,1.2766,0.2407,5.4730,0.7500,0.1500,0.1000,0.9487,0.0000,4.7435,2.1878,0.8298
5,3,222,224,3,2,1,0.8333,222.833,907.667,336.000,8.7990,12.0000,1.1111,0.8975,4.3751,0.5854,0.2927,0.1220,0.9487,0.0000,5.0964,1.6384,0.6667
5,3,231,233,3,2,1,0.8333,232.222,622.463,394.000,8.7314,13.0000,1.2037,0.9452,4.6970,0.5854,0.2927,0.1220,0.9487,0.0000,4.7012,1.4462,0.6852
3,3,231,233,3,1,1,1.0000,232.000,988.000,850.000,7.7250,13.0000,1.0541,0.0000,4.7012,0.8889,0.0000,0.1111,1.0000,0.0000,3.9826,1.0853,1.0000
4,3,231,232,2,2,1,1.0000,231.500,1123.479,1025.000,8.6828,13.0000,1.0833,0.6925,4.7052,0.0000,0.7500,0.2500,1.0000,0.0000,5.0615,0.7243,0.7708
4,4,233,234,2,2,1,1.0000,233.536,1218.500,610.000,10.1119,16.0000,1.1429,0.6823,5.7759,0.0000,0.7500,0.2500,1.0000,0.0000,5.4168,1.0839,1.0000
5,3,239,240,2,3,1,0.8333,239.390,1181.695,621.000,9.4784,14.0000,1.1864,0.7968,5.0310,0.5854,0.2927,0.1220,0.3162,0.0000,4.6673,1.0767,0.6780
3,3,241,243,3,1,1,1.0000,242.026,739.000,827.000,8.0684,14.0000,1.0769,0.0256,5.0168,0.8889,0.0000,0.1111,1.0000,0.0000,5.0113,0.5379,1.0000
5,4,241,243,3,2,1,0.8333,241.750,1203.583,516.000,9.6176,14.0000,1.1667,0.4859,5.0168,0.5854,0.2927,0.1220,0.9487,0.0000,4.6622,0.5367,0.8500
4,3,243,245,3,2,1,0.6667,244.036,751.818,591.000,9.8351,17.0000,1.2364,0.1854,6.0801,0.5357,0.3214,0.1429,1.0000,0.0000,5.3645,1.2520,0.8182
5,3,243,245,3,2,2,0.4167,244.448,782.828,816.397,9.2729,14.0000,1.2069,0.6228,5.0072,0.6999,0.1281,0.1720,0.8684,0.1395,4.6459,2.1442,0.6724
5,3,244,245,2,2,2,0.6250,244.561,866.860,908.596,9.1121,14.0000,1.2281,0.6123,5.0023,0.3432,0.2505,0.4063,0.6059,0.3645,4.2919,1.0730,0.6842
5,3,244,246,3,2,1,0.8333,245.111,1059.407,834.000,8.6279,12.0000,1.1111,1.1834,4.2919,0.5854,0.2927,0.1220,0.9487,0.0000,4.6450,1.4264,0.6667
5,3,248,250,3,3,1,0.5556,248.769,1197.077,777.000,8.2784,12.0000,1.1538,0.7731,4.2751,0.5532,0.3398,0.1070,0.8281,0.0000,4.6267,1.0686,0.6923
12,5,248,252,5,5,3,0.1600,249.881,1225.849,836.532,12.9338,14.0000,1.3333,0.5061,4.9776,0.7884,0.1050,0.1066,0.6318,0.2806,4.0945,1.7752,0.5000
9,3,251,253,3,2,4,0.3750,252.137,953.084,606.042,11.2347,15.0000,1.4211,0.1661,5.3224,0.6006,0.2486,0.1508,0.5583,0.0649,4.2545,1.0638,0.4211
5,3,253,254,2,3,1,0.8333,253.397,1109.155,679.000,9.1906,13.0000,1.1207,0.6231,4.6034,0.5854,0.2927,0.1220,0.3162,0.0000,4.6084,0.7086,0.6379
3,3,257,258,2,2,1,0.7500,257.667,396.333,949.000,7.3322,12.0000,1.0000,0.7454,4.2362,0.5333,0.2667,0.2000,0.7071,0.0000,4.9356,1.7631,1.0000
6,3,257,260,4,2,2,0.3750,258.508,641.333,818.286,9.0652,13.0000,1.2381,0.8765,4.5797,0.8460,0.0320,0.1220,0.8735,0.4867,4.0556,1.0592,0.5873
4,3,257,259,3,2,1,0.6667,257.933,961.467,937.000,7.9352,12.0000,1.0667,1.0435,4.2362,0.7576,0.1294,0.1129,0.8507,0.0000,4.5833,1.0590,0.8000
8,3,257,259,3,5,1,0.5333,257.812,1262.082,478.000,10.5999,14.0000,1.3176,0.9368,4.9371,0.8190,0.1343,0.0468,0.3686,0.0000,4.2331,1.0570,0.4588
5,3,258,260,3,2,1,0.8333,259.232,1070.554,708.000,8.8204,13.0000,1.1607,0.5032,4.5797,0.5854,0.2927,0.1220,0.9487,0.0000,4.5793,0.7046,0.6786
6,3,258,260,3,2,2,0.5000,258.721,1086.279,828.132,9.7825,14.0000,1.2353,0.4167,4.9320,0.5034,0.2551,0.2415,0.9677,0.2521,4.7553,2.1137,0.5882
7,3,259,261,3,2,2,0.5833,260.116,505.406,697.870,9.1767,12.0000,1.2174,0.4417,4.2230,0.4600,0.2645,0.2756,1.0000,0.0000,3.5195,1.0543,0.5217
3,3,259,260,2,2,1,0.7500,259.676,1067.676,956.000,7.5202,13.0000,1.0541,0.4587,4.5749,0.5333,0.2667,0.2000,0.7071,0.0000,4.5782,0.3527,1.0000
3,3,259,260,2,2,1,0.7500,259.333,1271.333,706.000,7.3195,12.0000,1.0000,0.4714,4.2274,0.5333,0.2667,0.2000,0.7071,0.0000,4.9316,1.0576,1.0000
3,3,260,261,2,2,1,0.7500,260.326,966.302,320.000,8.7337,16.0000,1.1163,0.4443,5.6307,0.5333,0.2667,0.2000,0.7071,0.0000,5.2740,2.1097,1.0000
5,3,260,262,3,3,1,0.5556,260.875,998.000,999.000,8.8054,14.0000,1.2500,1.1250,4.9166,0.5532,0.3398,0.1070,0.8281,0.0000,4.5698,1.4047,0.6786
3,3,261,262,2,2,1,0.7500,261.676,1279.676,862.000,7.5045,13.0000,1.0541,0.4587,4.5654,0.5333,0.2667,0.2000,0.7071,0.0000,4.5698,1.0543,1.0000
4,3,262,264,3,2,1,0.6667,262.706,1033.745,1100.000,8.9486,14.0000,1.0980,0.3892,4.9114,0.7500,0.1500,0.1000,0.9487,0.0000,4.2142,0.7035,0.7843
5,3,263,265,3,2,1,0.8333,264.073,883.600,410.000,8.6192,13.0000,1.1818,1.1449,4.5606,0.5854,0.2927,0.1220,0.9487,0.0000,4.5556,1.4014,0.6909
4,3,263,264,2,2,2,0.5000,263.521,985.271,834.208,8.4150,13.0000,1.0833,0.6229,4.5606,0.5916,0.1015,0.3069,0.7071,0.7071,4.7303,1.4023,0.7917
4,3,264,265,2,1,2,1.0000,264.440,755.000,993.480,8.7572,14.0000,1.1200,0.6512,4.9063,0.0000,0.7500,0.2500,0.0000,0.0000,4.9044,1.4027,0.8000
5,3,264,266,3,1,2,0.8333,264.789,1056.000,729.386,8.9260,14.0000,1.2281,0.4396,4.9011,0.5854,0.2927,0.1220,0.9487,0.0000,4.9034,1.5770,0.6842
4,3,264,266,3,1,2,0.6667,264.957,1285.000,911.478,8.0523,12.0000,1.0435,1.0694,4.2054,0.7576,0.1294,0.1129,0.8507,0.0000,4.5507,0.8747,0.7826
5,3,268,269,2,2,2,0.6250,268.621,800.293,949.534,9.0463,14.0000,1.2069,0.7180,4.8807,0.2938,0.4054,0.3007,0.0000,0.3029,4.8862,1.7435,0.7069
4,3,275,276,2,2,1,1.0000,275.520,1229.480,770.000,8.6572,13.0000,1.0400,0.7077,4.5041,0.0000,0.7500,0.2500,1.0000,0.0000,5.0186,1.0370,0.7800
6,3,290,292,3,1,2,1.0000,290.986,961.000,1005.542,10.0311,15.0000,1.2500,0.5418,5.1189,0.5556,0.3333,0.1111,1.0000,0.0000,4.6066,0.6817,0.5833
4,3,292,293,2,2,2,0.5000,292.780,733.740,930.480,8.5188,13.0000,1.0400,0.9091,4.4289,0.5916,0.1015,0.3069,0.5000,0.5000,4.7702,1.7043,0.7800
5,3,293,294,2,2,2,0.6250,293.542,969.847,851.610,8.9853,14.0000,1.1864,0.8305,4.7696,0.3432,0.2505,0.4063,0.6059,0.3645,5.1087,1.3628,0.6949
4,3,295,296,2,2,1,1.0000,295.458,752.542,517.000,8.1603,13.0000,1.0833,0.7096,4.4218,0.0000,0.7500,0.2500,1.0000,0.0000,4.7599,1.5297,0.8125
3,3,297,298,2,1,2,0.7500,297.325,1026.000,1049.650,7.8409,14.0000,1.0500,0.7267,4.7545,0.5333,0.2667,0.2000,0.7071,0.0000,4.7542,1.5267,1.0000
6,3,298,299,2,2,2,0.7500,298.529,674.529,1017.588,9.4169,14.0000,1.2353,0.7826,4.7473,0.0000,0.6000,0.4000,0.7071,0.5774,4.2402,1.0180,0.5882
6,3,301,303,3,2,2,0.5000,301.767,769.151,980.685,10.0859,16.0000,1.3151,0.4198,5.4140,0.5230,0.1584,0.3185,0.9225,0.0898,4.4006,1.3537,0.5890
4,3,304,306,3,2,1,0.6667,304.796,1162.796,1092.000,8.2748,13.0000,1.0612,0.8217,4.3929,0.7500,0.1500,0.1000,0.9487,0.0000,4.8953,1.6885,0.7959
4,3,309,310,2,2,2,0.5000,309.759,1121.241,645.172,9.7651,20.0000,1.3793,0.3824,6.7336,0.0000,0.5625,0.4375,0.4459,0.5774,4.3784,1.5150,0.8276
4,3,311,312,2,2,2,0.5000,311.180,615.700,813.440,8.4115,15.0000,1.2000,0.8462,5.0474,0.5916,0.1015,0.3069,0.5000,0.5000,4.7113,1.3467,0.8200
3,3,316,317,2,1,2,0.7500,316.350,1104.000,1150.325,7.7495,14.0000,1.0500,0.7267,4.6964,0.5333,0.2667,0.2000,0.7071,0.0000,4.6988,1.5097,1.0000
7,4,316,318,3,3,2,0.3889,317.159,1196.080,701.216,11.1568,16.0000,1.2727,0.2797,5.3673,0.7243,0.1219,0.1538,0.5108,0.3286,4.6941,1.0064,0.6591
3,3,325,326,2,2,1,0.7500,325.628,1158.698,996.000,8.2975,16.0000,1.1163,0.6969,5.3489,0.5333,0.2667,0.2000,0.7071,0.0000,5.0124,2.0055,1.0000
9,4,328,330,3,2,2,0.7500,328.886,737.438,558.514,11.6838,16.0000,1.3714,0.6640,5.3410,0.5117,0.1619,0.3264,0.9082,0.4082,3.6735,1.3357,0.5429
3,3,330,331,2,1,2,0.7500,330.341,772.000,873.317,7.8980,14.0000,1.0244,0.4660,4.6717,0.5333,0.2667,0.2000,0.7071,0.0000,5.0039,1.1676,1.0000
8,3,330,332,3,2,3,0.4444,331.202,918.586,846.899,11.6750,18.0000,1.4545,0.4717,6.0044,0.4281,0.3090,0.2629,0.6346,0.1550,4.3359,1.6670,0.4949
3,3,332,334,3,1,1,1.0000,333.000,1039.000,939.000,7.8910,15.0000,1.0976,0.0000,5.0003,0.8889,0.0000,0.1111,1.0000,0.0000,4.0020,0.3334,1.0000
3,3,339,341,3,1,1,1.0000,339.976,810.000,1284.000,7.8743,14.0000,1.0244,0.9756,4.6584,0.8889,0.0000,0.1111,1.0000,0.0000,4.9897,1.1645,1.0000
9,3,341,343,3,3,3,0.3333,341.904,595.000,966.981,11.5257,14.0000,1.2115,0.9855,4.6545,0.6638,0.1448,0.1913,0.5945,0.1116,4.3211,1.6621,0.3942
5,3,342,343,2,2,2,0.6250,342.429,831.159,782.444,9.3659,14.0000,1.1111,0.7194,4.6545,0.3432,0.2505,0.4063,0.6059,0.3645,4.6533,1.6618,0.6508
4,3,343,345,3,1,2,0.6667,343.887,913.000,845.566,8.8058,15.0000,1.1321,0.9873,4.9856,0.7576,0.1294,0.1129,0.8507,0.0000,5.1505,1.4953,0.8302
6,5,343,345,3,2,1,1.0000,344.066,1060.474,923.000,10.3096,14.0000,1.1053,0.5304,4.6520,0.5556,0.3333,0.1111,1.0000,0.0000,4.9843,0.6649,0.8816
3,3,343,344,2,2,1,0.7500,343.675,1132.350,912.000,7.6744,14.0000,1.0500,0.7267,4.6520,0.5333,0.2667,0.2000,0.7071,0.0000,4.6532,1.8274,1.0000
8,3,348,350,3,3,2,0.4444,349.156,749.589,474.222,10.5595,14.0000,1.2444,1.0532,4.6450,0.6709,0.1342,0.1949,0.7372,0.1788,3.9827,1.6596,0.4444
4,3,349,350,2,1,3,0.6667,349.740,814.000,1234.640,8.2952,14.0000,1.1200,0.6908,4.6450,0.7500,0.1500,0.1000,0.3162,0.0000,5.1430,1.6585,0.8200
6,3,349,350,2,2,3,0.5000,349.446,956.595,800.054,10.0247,17.0000,1.3784,0.6051,5.6417,0.6168,0.1058,0.2774,0.5000,0.5000,4.4794,1.6592,0.5946
4,3,351,352,2,1,2,1.0000,351.463,812.000,825.500,8.9552,15.0000,1.1111,0.6814,4.9756,0.0000,0.7500,0.2500,0.0000,0.0000,4.8093,0.9950,0.7778
4,4,352,353,2,1,2,1.0000,352.500,966.000,878.500,8.6215,13.0000,1.0000,0.7071,4.3112,0.0000,0.7500,0.2500,0.0000,0.0000,4.6425,1.3262,1.0000
4,3,355,356,2,1,2,1.0000,355.458,556.000,987.458,7.9531,13.0000,1.0833,0.6482,4.3083,0.0000,0.7500,0.2500,0.0000,0.0000,4.6393,1.3256,0.8125
3,3,355,356,2,2,1,0.7500,355.372,949.302,811.000,8.2269,16.0000,1.1163,0.6969,5.3014,0.5333,0.2667,0.2000,0.7071,0.0000,4.9712,1.3257,1.0000
4,3,359,361,3,2,1,0.6667,359.923,839.481,1008.000,8.6078,16.0000,1.2308,0.5249,5.2970,0.7576,0.1294,0.1129,0.8507,0.0000,4.8008,1.3239,0.8269
5,4,360,362,3,2,1,0.8333,361.278,947.389,881.000,10.6574,17.0000,1.1806,0.9461,5.6259,0.5854,0.2927,0.1220,0.9487,0.0000,5.2960,1.6549,0.8472
4,3,361,363,3,1,2,0.6667,362.000,613.000,1086.796,8.9352,17.0000,1.2593,0.2037,5.6259,0.5357,0.3214,0.1429,1.0000,0.0000,4.9640,1.9865,0.7963
5,3,361,363,3,3,1,0.5556,362.091,1122.470,710.000,9.7677,17.0000,1.2879,1.0525,5.6248,0.3318,0.5530,0.1152,0.0000,0.0000,4.6332,1.3238,0.6818
8,3,369,371,3,3,2,0.4444,370.168,638.821,983.558,11.0989,17.0000,1.4316,0.6096,5.6177,0.6946,0.1190,0.1864,0.7747,0.6314,3.8003,0.9912,0.4947
5,3,371,372,2,2,2,0.6250,371.381,451.460,356.143,9.3083,16.0000,1.2698,0.6759,5.2864,0.3432,0.2505,0.4063,0.6059,0.3645,4.6250,1.4867,0.6825
6,3,375,378,4,2,2,0.3750,376.551,710.128,877.167,10.5117,19.0000,1.4615,0.4955,6.2716,0.7722,0.0368,0.1910,0.9884,0.0000,4.2917,0.9905,0.5897
3,3,376,377,2,1,2,0.7500,376.682,936.000,1016.705,8.3857,17.0000,1.1591,0.4342,5.6114,0.5333,0.2667,0.2000,0.7071,0.0000,4.9520,1.6505,1.0000
5,3,377,378,2,1,3,0.8333,377.591,728.000,326.227,9.7419,17.0000,1.2879,0.4680,5.6106,0.5854,0.2927,0.1220,0.3162,0.0000,4.6204,1.3203,0.6970
4,3,379,380,2,2,1,1.0000,379.463,880.444,1151.000,8.9090,16.0000,1.1852,0.6418,5.2798,0.0000,0.7500,0.2500,1.0000,0.0000,4.7845,1.3198,0.7963
3,3,380,381,2,1,2,0.7500,380.310,954.000,754.667,8.0002,15.0000,1.0714,0.4549,4.9491,0.5333,0.2667,0.2000,0.7071,0.0000,5.2788,1.6498,1.0000
5,3,382,383,2,2,2,0.6250,382.636,1053.606,598.409,9.7348,15.0000,1.1364,0.7979,4.9470,0.2938,0.4054,0.3007,0.0000,0.3029,4.6173,1.9788,0.6364
3,3,386,387,2,1,2,0.7500,386.310,758.000,1246.667,7.9936,15.0000,1.0714,0.4549,4.9450,0.5333,0.2667,0.2000,0.7071,0.0000,4.2857,1.3184,1.0000
4,3,388,389,2,1,3,0.6667,388.509,591.000,1043.943,8.7333,15.0000,1.1321,0.5126,4.9437,0.7576,0.1294,0.1129,0.5257,0.0000,5.1077,1.6480,0.7925
3,3,390,392,3,1,1,1.0000,390.977,899.000,606.000,8.1792,16.0000,1.1163,0.0233,5.2713,0.8889,0.0000,0.1111,1.0000,0.0000,4.9426,1.6471,1.0000
4,3,391,392,2,2,1,1.0000,391.509,1020.491,932.000,8.7301,14.0000,1.0566,0.7072,4.6124,0.0000,0.7500,0.2500,1.0000,0.0000,5.1060,1.3176,0.7736
6,3,392,394,3,2,2,0.5000,392.865,988.635,993.676,9.9509,14.0000,1.1351,0.7258,4.6113,0.6381,0.1455,0.2164,0.8019,0.3768,4.6110,0.0002,0.7162
5,4,393,394,2,3,1,0.8333,393.559,925.662,973.000,10.0160,16.0000,1.1765,0.8662,5.2701,0.5854,0.2927,0.1220,0.3162,0.0000,4.9407,0.9882,0.8676
4,3,398,399,2,1,2,1.0000,398.520,991.000,1058.540,8.2295,14.0000,1.1200,0.6943,4.6088,0.0000,0.7500,0.2500,0.0000,0.0000,4.9373,1.1522,0.8000
5,3,402,404,3,1,2,0.8333,403.298,645.000,916.614,8.3872,13.0000,1.1404,0.4878,4.2774,0.5854,0.2927,0.1220,0.9487,0.0000,3.7835,0.4935,0.6842
9,3,402,404,3,2,4,0.3750,402.730,817.550,1142.190,10.9681,14.0000,1.2600,0.5581,4.6065,0.5724,0.2758,0.1518,0.3122,0.2358,4.2775,1.9740,0.4000
5,3,403,405,3,2,1,0.8333,403.700,974.617,989.000,8.8283,15.0000,1.2500,0.4868,4.9350,0.5854,0.2927,0.1220,0.9487,0.0000,4.9354,1.6450,0.7000
5,3,403,404,2,3,1,0.8333,403.550,999.233,809.000,8.8285,14.0000,1.1667,0.5974,4.6065,0.5854,0.2927,0.1220,0.3162,0.0000,4.9354,1.8094,0.6833
5,3,405,407,3,2,2,0.4167,405.950,653.150,902.600,8.8265,14.0000,1.1667,1.0416,4.6056,0.5461,0.2256,0.2283,0.8117,0.4177,4.6052,2.1381,0.6667
4,3,411,413,3,2,1,0.6667,412.058,793.538,608.000,8.5481,15.0000,1.1538,0.4651,4.9316,0.7576,0.1294,0.1129,0.8507,0.0000,4.7671,1.3150,0.8077
4,3,412,413,2,1,2,1.0000,412.538,494.000,837.558,8.5478,15.0000,1.1538,0.6393,4.9312,0.0000,0.7500,0.2500,0.0000,0.0000,4.9314,1.3150,0.8077
5,3,412,414,3,3,1,0.5556,413.069,1119.207,1095.000,8.5272,13.0000,1.1207,0.2181,4.2737,0.5532,0.3398,0.1070,0.5606,0.0000,4.6022,1.6438,0.6724
4,3,414,416,3,2,1,0.6667,415.346,689.750,882.000,8.5459,16.0000,1.2308,0.4270,5.2592,0.7500,0.1500,0.1000,0.9487,0.0000,4.7658,1.6434,0.8269
5,3,415,417,3,3,1,0.5556,415.955,891.500,679.000,9.7012,19.0000,1.4394,0.5021,6.2448,0.3318,0.5530,0.1152,0.0000,0.0000,4.6018,1.6433,0.7121
5,3,415,417,3,3,1,0.5556,416.278,919.819,1023.000,10.5829,20.0000,1.3889,0.7444,6.5730,0.8123,0.1108,0.0769,0.7071,0.0000,4.6014,1.6434,0.7222
3,3,416,417,2,2,1,0.7500,416.683,1012.683,745.000,7.7798,15.0000,1.0976,0.4484,4.9297,0.5333,0.2667,0.2000,0.7071,0.0000,4.9302,2.3008,1.0000
5,3,419,421,3,2,2,0.4167,420.046,883.138,1119.862,9.5514,18.0000,1.3846,0.2012,5.9144,0.7958,0.0325,0.1718,0.9294,0.3690,4.6004,1.8070,0.7231
4,3,421,422,2,2,1,1.0000,421.444,899.500,1021.000,8.8707,16.0000,1.1852,0.6690,5.2569,0.0000,0.7500,0.2500,1.0000,0.0000,4.7639,1.8069,0.7963
4,3,422,423,2,1,2,1.0000,422.540,544.000,692.460,8.2130,14.0000,1.1200,0.6505,4.5991,0.0000,0.7500,0.2500,0.0000,0.0000,4.5993,2.2997,0.8000
4,3,423,425,3,2,1,0.6667,423.962,846.500,1093.000,8.5407,15.0000,1.1538,0.5015,4.9273,0.7576,0.1294,0.1129,0.8507,0.0000,4.5990,1.4783,0.7885
6,3,423,425,3,2,2,0.5000,424.360,864.267,812.267,10.0576,17.0000,1.3600,1.4113,5.5847,0.6854,0.0214,0.2932,0.8786,0.4775,4.2701,1.3139,0.5867
3,3,424,425,2,1,2,0.7500,424.333,906.000,620.667,7.9652,14.0000,1.0000,0.7454,4.5988,0.5333,0.2667,0.2000,0.7071,0.0000,4.9273,1.3139,1.0000
6,3,424,426,3,2,2,0.5000,425.014,1131.542,716.486,9.6548,15.0000,1.2500,0.6887,4.9270,0.6168,0.1058,0.2774,0.7071,0.7071,4.5984,1.8065,0.5833
4,3,426,428,3,1,2,0.6667,426.750,895.000,896.808,8.5391,16.0000,1.2308,0.7743,5.2551,0.7500,0.1500,0.1000,0.9487,0.0000,4.5977,1.3136,0.8077
7,3,426,428,3,2,2,0.5833,426.852,909.102,1253.398,10.9236,16.0000,1.2727,0.9461,5.2551,0.5916,0.2044,0.2040,0.9664,0.1591,4.2691,0.8211,0.5341
5,3,430,431,2,3,1,0.8333,430.400,882.100,897.000,8.8104,14.0000,1.1667,0.4123,4.5969,0.5854,0.2927,0.1220,0.3162,0.0000,4.5970,1.3134,0.6833
7,3,431,433,3,2,3,0.3889,432.443,500.227,783.545,10.9195,16.0000,1.2727,0.7539,5.2526,0.6637,0.0614,0.2749,0.7071,0.5000,3.6117,1.3132,0.5114
5,3,433,434,2,1,3,0.8333,433.606,577.000,1315.788,9.6894,16.0000,1.2121,0.4474,5.2522,0.5854,0.2927,0.1220,0.3162,0.0000,4.5957,0.3283,0.6515
4,3,435,437,3,1,2,0.6667,435.943,622.000,832.509,8.6979,15.0000,1.1321,0.5126,4.9233,0.7576,0.1294,0.1129,0.8507,0.0000,4.7593,1.6412,0.7925
3,3,435,435,1,2,2,0.7500,435.000,923.650,729.325,7.5804,14.0000,1.0500,0.7267,4.5954,0.5333,0.2667,0.2000,0.0000,1.0000,4.2672,1.3129,1.0000
9,3,436,439,4,3,2,0.3750,436.970,709.677,448.293,10.8305,15.0000,1.3636,1.0633,4.9233,0.5247,0.3245,0.1508,0.8739,0.0327,3.9383,1.6410,0.4141
9,3,437,440,4,2,3,0.3750,438.523,973.654,957.084,11.7045,14.0000,1.1776,0.8420,4.5944,0.5063,0.2283,0.2655,0.9425,0.3341,4.9221,1.8049,0.6168
4,3,445,446,2,2,2,0.5000,445.280,875.200,724.540,8.2001,14.0000,1.1200,0.8775,4.5918,0.5916,0.1015,0.3069,0.5000,0.5000,4.9201,1.9679,0.8000
3,3,446,448,3,1,1,1.0000,447.000,533.000,852.000,7.5739,14.0000,1.0500,0.0000,4.5914,0.8889,0.0000,0.1111,1.0000,0.0000,4.5917,0.9840,1.0000
3,3,446,447,2,2,1,0.7500,446.325,816.350,1074.000,7.5743,14.0000,1.0500,0.7267,4.5918,0.5333,0.2667,0.2000,0.7071,0.0000,4.5918,2.1318,1.0000
5,3,447,448,2,3,2,0.4167,447.772,707.930,899.158,8.3596,13.0000,1.1404,0.7910,4.2635,0.4138,0.1655,0.4207,0.0000,0.7071,3.9353,0.6558,0.6842
5,3,447,448,2,3,1,0.8333,447.547,1056.266,697.000,9.3864,15.0000,1.1719,0.6080,4.9194,0.5854,0.2927,0.1220,0.3162,0.0000,5.2469,1.3119,0.6719
5,3,449,451,3,2,1,0.8333,449.778,624.413,969.000,9.2381,16.0000,1.2698,0.6279,5.2461,0.5854,0.2927,0.1220,0.9487,0.0000,4.5903,0.9837,0.6825
8,3,450,452,3,3,2,0.4444,450.891,368.848,683.337,10.6643,16.0000,1.3913,0.3854,5.2457,0.7021,0.0951,0.2027,0.5129,0.5169,3.9345,1.6392,0.4674
7,4,450,453,4,2,2,0.4375,451.466,981.102,868.477,10.9044,17.0000,1.3523,0.7077,5.5736,0.7406,0.0824,0.1770,0.9316,0.0988,4.5896,1.6392,0.6477
5,3,455,456,2,2,2,0.6250,455.627,999.458,1103.153,8.6474,14.0000,1.1864,0.6097,4.5881,0.3432,0.2505,0.4063,0.6059,0.3645,4.5885,0.9832,0.6949
3,3,457,458,2,2,1,0.7500,457.711,782.289,577.000,8.5132,19.0000,1.2667,0.4086,6.2256,0.5333,0.2667,0.2000,0.7071,0.0000,4.5878,2.1298,1.0000
6,3,460,461,2,2,2,0.7500,460.480,538.760,717.333,10.0304,17.0000,1.3600,0.6318,5.5693,0.2000,0.3333,0.4667,0.0000,0.0000,5.0776,1.9656,0.6000
4,3,462,463,2,1,2,1.0000,462.472,462.000,905.547,8.6797,15.0000,1.1321,0.6539,4.9132,0.0000,0.7500,0.2500,0.0000,0.0000,4.7493,1.8013,0.7925
7,3,463,465,3,1,4,0.5833,463.812,890.000,1053.562,9.9025,15.0000,1.3125,0.4760,4.9123,0.4802,0.4287,0.0910,0.1891,0.0000,4.0939,1.6375,0.5125
5,3,464,465,2,2,2,0.6250,464.382,869.412,912.147,9.9587,18.0000,1.3235,0.5808,5.8948,0.3432,0.2505,0.4063,0.6059,0.3645,5.2393,1.3100,0.6765
5,3,465,467,3,1,2,0.8333,466.228,919.000,1157.456,8.3463,13.0000,1.1404,0.5100,4.2566,0.5854,0.2927,0.1220,0.9487,0.0000,4.9110,1.3098,0.6842
4,3,466,467,2,1,2,1.0000,466.421,463.000,806.544,9.3313,17.0000,1.1930,0.6208,5.5663,0.0000,0.7500,0.2500,0.0000,0.0000,4.5838,0.9822,0.8246
4,3,467,469,3,2,1,0.6667,467.941,860.490,959.000,8.3479,15.0000,1.1765,0.5132,4.9105,0.7576,0.1294,0.1129,0.8507,0.0000,4.9106,0.6549,0.8039
8,3,467,469,3,3,3,0.2963,468.121,901.000,1017.121,10.5323,16.0000,1.4066,0.1709,5.2379,0.4914,0.2784,0.2302,0.8727,0.4748,4.2560,1.9642,0.4615
4,3,468,469,2,2,1,1.0000,468.520,602.540,753.000,8.1838,14.0000,1.1200,0.6943,4.5831,0.0000,0.7500,0.2500,1.0000,0.0000,4.5827,1.3094,0.8000
4,3,468,470,3,2,1,0.6667,469.020,1092.490,978.000,8.3470,13.0000,1.0196,0.4906,4.2554,0.7576,0.1294,0.1129,0.8507,0.0000,4.9098,0.9819,0.7647
4,3,469,471,3,1,2,0.6667,469.917,842.000,1058.729,7.8554,13.0000,1.0833,0.9558,4.2554,0.5357,0.3214,0.1429,1.0000,0.0000,3.9277,0.3273,0.8125
4,3,470,473,4,1,1,1.0000,471.621,615.000,1234.000,9.4903,19.0000,1.3103,0.3793,6.2176,0.9375,0.0000,0.0625,1.0000,0.0000,5.2360,0.1637,0.8448
4,3,470,471,2,1,2,1.0000,470.519,847.000,1059.537,8.8368,15.0000,1.1111,0.6680,4.9091,0.0000,0.7500,0.2500,0.0000,0.0000,4.7457,0.8182,0.7778
5,4,474,475,2,3,1,0.8333,474.569,1080.754,1019.000,9.5102,15.0000,1.1538,0.6202,4.9077,0.5854,0.2927,0.1220,0.3162,0.0000,4.5805,1.3088,0.8462
5,3,477,479,3,2,2,0.4167,477.565,611.161,668.613,9.0686,15.0000,1.2097,0.6046,4.9057,0.6999,0.1281,0.1720,0.8684,0.1395,4.9061,1.3083,0.6774
3,3,478,479,2,1,2,0.7500,478.705,852.000,957.591,8.3076,18.0000,1.2273,0.6607,5.8863,0.5333,0.2667,0.2000,0.7071,0.0000,4.5787,1.6352,1.0000
7,3,478,481,4,2,2,0.4375,479.069,874.667,791.138,10.7532,15.0000,1.2069,1.2673,4.9057,0.7514,0.0882,0.1604,0.9757,0.1283,4.2513,1.6350,0.5057
3,3,484,485,2,1,2,0.7500,484.667,1009.000,782.667,7.3592,13.0000,1.0000,0.7454,4.2491,0.5333,0.2667,0.2000,0.7071,0.0000,4.5756,1.6343,1.0000
4,3,488,490,3,1,2,0.6667,488.925,800.000,609.245,8.6576,18.0000,1.3585,0.2566,5.8806,0.5357,0.3214,0.1429,1.0000,0.0000,4.9006,1.7968,0.8302
4,3,493,494,2,2,1,1.0000,493.480,910.540,396.000,8.1639,14.0000,1.1200,0.6943,4.5716,0.0000,0.7500,0.2500,1.0000,0.0000,4.8984,1.6327,0.8000
5,3,495,497,3,1,2,0.8333,495.788,585.000,1216.424,9.6366,18.0000,1.3636,0.4743,5.8766,0.5854,0.2927,0.1220,0.9487,0.0000,4.8972,0.3265,0.6970
6,3,495,497,3,2,2,0.5000,496.211,939.662,841.127,9.4631,15.0000,1.2676,0.4183,4.8972,0.5230,0.1584,0.3185,0.9225,0.0898,4.2439,1.3058,0.6056
4,4,500,501,2,2,1,1.0000,500.518,1005.536,260.000,9.1376,16.0000,1.1429,0.6693,5.2213,0.0000,0.7500,0.2500,1.0000,0.0000,5.0585,1.3054,1.0000
8,3,503,505,3,2,3,0.4444,504.215,769.505,1041.903,10.7268,14.0000,1.2043,0.5577,4.5674,0.2326,0.3964,0.3711,0.8710,0.4632,4.4041,1.3051,0.4301
5,3,503,504,2,2,2,0.6250,503.617,1068.633,709.167,8.7543,14.0000,1.1667,0.7365,4.5678,0.3432,0.2505,0.4063,0.6059,0.3645,4.8936,1.6311,0.6833
4,3,505,507,3,1,2,0.6667,506.075,438.000,875.453,8.6439,16.0000,1.2075,0.4591,5.2190,0.7576,0.1294,0.1129,0.8507,0.0000,4.8927,1.4677,0.8302
9,3,506,509,4,3,3,0.2500,508.028,648.000,379.926,11.7406,17.0000,1.4167,0.0791,5.5442,0.7891,0.0224,0.1885,0.7651,0.2852,4.2394,0.9784,0.5556
3,3,506,507,2,2,1,0.7500,506.350,878.675,1032.000,7.5327,14.0000,1.0500,0.7267,4.5662,0.5333,0.2667,0.2000,0.7071,0.0000,4.8927,1.3047,1.0000
3,3,506,507,2,1,2,0.7500,506.659,1123.000,1056.341,8.2857,15.0000,1.0227,0.7420,4.8928,0.5333,0.2667,0.2000,0.7071,0.0000,5.2186,1.3047,1.0000
6,3,506,508,3,3,2,0.3333,507.014,1140.859,859.873,9.4539,16.0000,1.3521,0.1900,5.2185,0.3122,0.4039,0.2838,0.0000,0.0000,4.4032,1.3046,0.6056
4,3,507,508,2,2,1,1.0000,507.536,594.429,755.000,9.1320,16.0000,1.1429,0.6860,5.2185,0.0000,0.7500,0.2500,1.0000,0.0000,5.5441,1.6306,0.8214
5,3,508,509,2,3,1,0.8333,508.516,576.250,507.000,9.3339,16.0000,1.2500,0.9101,5.2181,0.5854,0.2927,0.1220,0.3162,0.0000,4.5654,0.8152,0.6875
6,3,511,513,3,2,2,0.5000,511.792,645.556,913.875,9.5832,18.0000,1.5000,0.5065,5.8684,0.6373,0.1269,0.2358,0.8795,0.0724,4.4013,1.6302,0.6111
7,3,511,513,3,2,2,0.5833,511.988,677.570,884.826,10.5973,16.0000,1.3023,0.4644,5.2163,0.4600,0.2645,0.2756,1.0000,0.0000,4.2386,1.6300,0.5233
9,3,511,514,4,3,2,0.3750,512.252,786.991,909.757,12.0625,19.0000,1.5405,0.3505,6.1944,0.5507,0.3195,0.1298,0.9479,0.3185,3.5862,0.9780,0.5766
3,3,511,512,2,1,2,0.7500,511.682,1108.000,831.318,8.2822,16.0000,1.0909,0.4500,5.2163,0.5333,0.2667,0.2000,0.7071,0.0000,5.2167,1.6303,1.0000
4,3,513,514,2,1,2,1.0000,513.538,1049.000,901.538,8.4755,14.0000,1.0769,0.7092,4.5639,0.0000,0.7500,0.2500,0.0000,0.0000,4.8896,1.7929,0.8077
9,5,514,517,4,3,2,0.3750,515.579,960.500,1068.754,12.3852,15.0000,1.1842,0.6983,4.8887,0.5738,0.2840,0.1422,0.8853,0.2634,4.8890,1.3036,0.6140
3,3,516,517,2,1,2,0.7500,516.667,613.000,1081.333,7.3381,13.0000,1.0000,0.7454,4.2369,0.5333,0.2667,0.2000,0.7071,0.0000,3.9107,1.3035,1.0000
3,3,518,519,2,2,1,0.7500,518.675,962.350,721.000,7.5251,14.0000,1.0500,0.7267,4.5618,0.5333,0.2667,0.2000,0.7071,0.0000,4.5621,1.3033,1.0000
4,3,523,525,3,1,2,0.6667,524.056,713.000,1179.241,8.7944,18.0000,1.3333,0.2471,5.8630,0.5357,0.3214,0.1429,1.0000,0.0000,4.5600,1.3029,0.8148
3,3,525,526,2,2,1,0.7500,525.683,1083.341,826.000,7.7094,14.0000,1.0244,0.4660,4.5595,0.5333,0.2667,0.2000,0.7071,0.0000,4.2338,1.9540,1.0000
6,3,526,529,4,2,2,0.3750,527.389,953.389,511.278,9.5720,15.0000,1.2500,0.7758,4.8848,0.8460,0.0320,0.1220,0.8735,0.4867,4.2335,1.6283,0.5833
4,3,526,527,2,1,3,0.6667,526.500,977.000,704.962,8.4673,15.0000,1.1538,0.5015,4.8848,0.7576,0.1294,0.1129,0.5257,0.0000,4.5595,1.4655,0.7885
5,4,527,529,3,1,3,0.5556,527.809,595.000,1306.029,9.9028,16.0000,1.1765,0.1934,5.2101,0.5532,0.3398,0.1070,0.8281,0.0000,4.5589,1.6282,0.8382
5,3,527,528,2,2,2,0.6250,527.382,851.382,552.824,9.9031,16.0000,1.1765,0.5688,5.2105,0.3432,0.2505,0.4063,0.6059,0.3645,4.8845,1.3028,0.6471
4,3,527,529,3,1,2,0.6667,528.080,875.000,1022.460,8.1408,14.0000,1.1200,0.4669,4.5589,0.7576,0.1294,0.1129,0.8507,0.0000,4.8843,1.3025,0.8200
4,4,529,530,2,2,1,1.0000,529.509,1078.456,758.000,9.2796,16.0000,1.1228,0.6703,5.2095,0.0000,0.7500,0.2500,1.0000,0.0000,4.8842,1.6281,1.0000
5,3,529,531,3,2,1,0.8333,530.258,1250.484,874.000,9.0276,17.0000,1.3710,0.9038,5.5347,0.5854,0.2927,0.1220,0.9487,0.0000,4.5582,1.6280,0.6935
7,3,534,536,3,3,2,0.3889,534.772,1011.962,982.886,9.7192,15.0000,1.3291,0.2576,4.8824,0.4552,0.3334,0.2114,0.4574,0.0699,3.9059,1.6274,0.5316
4,3,535,537,3,2,1,0.6667,535.684,861.263,798.000,9.2763,17.0000,1.1930,0.4111,5.5331,0.7500,0.1500,0.1000,0.9487,0.0000,5.3706,1.6274,0.8070
5,3,538,539,2,1,3,0.8333,538.383,625.000,1296.717,8.7324,14.0000,1.1667,0.4767,4.5562,0.5854,0.2927,0.1220,0.3162,0.0000,4.5562,1.3018,0.6833
3,3,541,543,3,1,1,1.0000,542.000,795.000,829.000,7.5144,14.0000,1.0500,0.0000,4.5554,0.8889,0.0000,0.1111,1.0000,0.0000,3.9048,0.6508,1.0000
5,3,542,544,3,2,2,0.4167,543.031,856.422,934.672,9.3126,16.0000,1.2500,0.5354,5.2059,0.7383,0.0485,0.2132,0.7071,0.0000,4.8803,1.4641,0.6719
4,3,547,548,2,3,1,0.6667,547.729,435.917,745.000,7.8075,13.0000,1.0833,0.7339,4.2292,0.5357,0.3214,0.1429,0.0000,0.0000,4.5543,1.4639,0.8125
4,3,548,550,3,2,1,0.6667,549.089,646.500,541.000,9.1083,18.0000,1.2857,0.5079,5.8554,0.7576,0.1294,0.1129,0.8507,0.0000,5.2047,1.6265,0.8214
5,3,549,551,3,1,2,0.8333,549.772,840.000,570.456,8.2921,13.0000,1.1404,0.9443,4.2289,0.5854,0.2927,0.1220,0.9487,0.0000,4.5540,1.1385,0.6842
4,3,549,550,2,2,2,0.5000,549.255,903.745,1109.218,8.9456,15.0000,1.0909,0.4209,4.8795,0.0000,0.5625,0.4375,0.4459,0.5774,5.2048,1.1385,0.7818
5,3,552,554,3,1,2,0.8333,552.762,485.000,756.556,9.1642,15.0000,1.1905,0.6044,4.8789,0.5854,0.2927,0.1220,0.9487,0.0000,4.8791,1.3011,0.6825
6,3,552,554,3,2,2,0.5000,552.644,1009.438,911.123,9.6936,16.0000,1.3151,0.5781,5.2042,0.6373,0.1269,0.2358,0.8795,0.0724,4.3911,1.3011,0.6027
8,3,554,556,3,3,3,0.2963,554.878,823.122,1172.711,10.3494,14.0000,1.2444,0.9321,4.5536,0.6254,0.2572,0.1174,0.6652,0.6515,3.7403,1.3010,0.4667
5,3,554,555,2,2,2,0.6250,554.422,954.172,613.641,9.3093,16.0000,1.2500,0.5802,5.2041,0.3432,0.2505,0.4063,0.6059,0.3645,4.5535,1.3010,0.6719
8,4,555,556,2,3,2,0.6667,555.372,717.309,1077.426,10.8092,14.0000,1.1915,0.7509,4.5535,0.6021,0.0825,0.3154,0.0501,0.3869,4.2282,0.6505,0.5638
4,3,558,559,2,2,1,1.0000,558.500,982.429,1175.000,9.1064,17.0000,1.2143,0.6585,5.5288,0.0000,0.7500,0.2500,1.0000,0.0000,4.8785,0.9757,0.8036
3,3,560,561,2,1,2,0.7500,560.634,1052.000,1002.317,7.6984,15.0000,1.0976,0.7090,4.8783,0.5333,0.2667,0.2000,0.7071,0.0000,3.9026,1.3009,1.0000
5,3,562,563,2,2,2,0.6250,562.621,645.606,992.848,9.5990,16.0000,1.2121,0.5671,5.2034,0.3432,0.2505,0.4063,0.6059,0.3645,4.8782,1.3008,0.6818
3,3,563,565,3,1,1,1.0000,564.000,697.000,1043.000,8.4491,19.0000,1.2667,0.0000,6.1789,0.8889,0.0000,0.1111,1.0000,0.0000,4.8781,1.3008,1.0000
4,4,565,566,2,1,2,1.0000,565.491,588.000,1079.509,8.6179,14.0000,1.0566,0.6938,4.5529,0.0000,0.7500,0.2500,0.0000,0.0000,4.8780,1.3008,1.0000
4,3,567,568,2,2,2,0.5000,567.260,679.260,669.800,8.1300,14.0000,1.1200,0.4186,4.5528,0.0000,0.5625,0.4375,0.4459,0.5774,4.5528,0.6504,0.8000
5,3,568,570,3,2,1,0.8333,568.883,1081.417,627.000,8.7260,14.0000,1.1667,0.5949,4.5528,0.5854,0.2927,0.1220,0.9487,0.0000,4.5527,0.9756,0.6667
3,3,569,570,2,1,2,0.7500,569.667,453.000,1160.333,7.3223,13.0000,1.0000,0.7454,4.2276,0.5333,0.2667,0.2000,0.7071,0.0000,4.5527,1.4634,1.0000
4,3,569,570,2,2,1,1.0000,569.471,590.471,945.000,8.2925,14.0000,1.0980,0.6655,4.5528,0.0000,0.7500,0.2500,1.0000,0.0000,4.5527,1.1382,0.7843
4,3,571,572,2,2,1,1.0000,571.490,750.549,527.000,8.2924,15.0000,1.1765,0.6806,4.8779,0.0000,0.7500,0.2500,1.0000,0.0000,4.8779,1.3008,0.8039
6,3,571,573,3,1,3,0.6667,572.391,1015.000,1043.768,9.1604,14.0000,1.2174,0.9801,4.5527,0.2083,0.6667,0.1250,0.8944,0.0000,4.2275,1.9512,0.5797
8,3,572,575,4,2,3,0.3333,573.703,927.582,878.593,10.4625,16.0000,1.4066,0.9996,5.2031,0.8229,0.0276,0.1494,0.8015,0.1998,3.0893,0.6504,0.4725
4,3,573,574,2,1,2,1.0000,573.460,529.000,1253.540,8.1298,14.0000,1.1200,0.7094,4.5527,0.0000,0.7500,0.2500,0.0000,0.0000,5.0405,1.3008,0.8200
3,3,573,574,2,1,2,0.7500,573.675,605.000,916.325,7.5100,14.0000,1.0500,0.4596,4.5527,0.5333,0.2667,0.2000,0.7071,0.0000,4.5527,1.7886,1.0000
10,3,573,575,3,3,2,0.5556,574.009,839.107,1007.821,11.5175,15.0000,1.3393,0.9106,4.8779,0.4132,0.3586,0.2282,0.6350,0.2578,3.9023,1.6260,0.3750
9,3,574,576,3,2,3,0.5000,574.911,1174.723,642.938,12.1404,16.0000,1.2857,0.2975,5.2030,0.4438,0.1190,0.4373,0.9234,0.0160,3.9023,0.9756,0.4107
4,4,575,576,2,1,2,1.0000,575.509,517.000,974.491,9.2679,15.0000,1.0526,0.7072,4.8779,0.0000,0.7500,0.2500,0.0000,0.0000,5.0404,1.3008,1.0000
5,3,576,577,2,2,2,0.6250,576.615,924.154,1161.538,9.4529,17.0000,1.3077,0.6794,5.5282,0.3432,0.2505,0.4063,0.6059,0.3645,4.7152,1.9511,0.6615
4,3,577,578,2,2,1,1.0000,577.560,558.460,776.000,8.1297,14.0000,1.1200,0.6366,4.5526,0.0000,0.7500,0.2500,1.0000,0.0000,4.7152,1.1382,0.8200
5,3,577,578,2,1,3,0.8333,577.516,633.000,1082.281,9.3074,18.0000,1.4062,0.8846,5.8534,0.5854,0.2927,0.1220,0.3162,0.0000,4.5526,1.3008,0.7188
5,3,580,582,3,1,3,0.5556,581.015,697.000,1034.031,9.4527,18.0000,1.3846,0.0344,5.8533,0.0000,0.8276,0.1724,0.0000,0.0000,4.5526,1.1381,0.6923
6,4,580,582,3,2,2,0.5000,581.405,934.378,651.851,9.8239,15.0000,1.2162,0.8730,4.8777,0.5034,0.2551,0.2415,0.9677,0.2521,4.5526,1.3007,0.7297
4,3,581,582,2,1,2,1.0000,581.469,465.000,1207.469,7.9670,13.0000,1.0612,0.6638,4.2274,0.0000,0.7500,0.2500,0.0000,0.0000,4.5526,1.6259,0.7959
8,3,584,587,4,3,2,0.3333,585.683,527.079,975.337,11.6116,17.0000,1.3465,0.7657,5.5280,0.7972,0.0882,0.1146,0.7713,0.4118,4.7150,1.9510,0.5941
4,3,586,587,2,2,1,1.0000,586.451,643.569,684.000,8.2918,15.0000,1.1765,0.6241,4.8776,0.0000,0.7500,0.2500,1.0000,0.0000,4.0646,0.9755,0.8235
3,3,587,588,2,1,2,0.7500,587.619,468.000,856.310,7.8849,16.0000,1.1429,0.6921,5.2027,0.5333,0.2667,0.2000,0.7071,0.0000,3.9020,0.9755,1.0000
3,3,587,589,3,1,1,1.0000,588.000,540.000,1077.000,7.5094,14.0000,1.0500,0.0000,4.5523,0.8889,0.0000,0.1111,1.0000,0.0000,4.5524,1.6258,1.0000
5,3,591,592,2,2,2,0.6250,591.597,899.358,638.134,9.7425,18.0000,1.3433,0.5557,5.8526,0.3432,0.2505,0.4063,0.6059,0.3645,4.8772,1.9508,0.7015
3,3,593,594,2,1,2,0.7500,593.667,703.000,897.690,7.8841,15.0000,1.0714,0.4549,4.8770,0.5333,0.2667,0.2000,0.7071,0.0000,4.8771,2.1134,1.0000
3,3,595,596,2,1,2,0.7500,595.690,511.000,929.310,7.8838,16.0000,1.1429,0.4377,5.2019,0.5333,0.2667,0.2000,0.7071,0.0000,4.7143,1.1379,1.0000
3,3,595,596,2,1,2,0.7500,595.311,787.000,786.689,8.4470,17.0000,1.1333,0.4400,5.5272,0.5333,0.2667,0.2000,0.7071,0.0000,4.2267,1.3004,1.0000
5,3,595,597,3,2,1,0.8333,595.730,1022.460,611.000,9.1601,15.0000,1.1905,0.6034,4.8768,0.5854,0.2927,0.1220,0.9487,0.0000,4.5517,1.6256,0.6667
7,3,598,600,3,2,2,0.5833,599.085,729.402,579.110,10.0757,16.0000,1.3659,0.4258,5.2015,0.4600,0.2645,0.2756,1.0000,0.0000,3.5759,1.6254,0.5488
5,3,601,602,2,2,2,0.6250,601.377,429.607,835.672,8.8679,14.0000,1.1475,0.7859,4.5510,0.2938,0.4054,0.3007,0.7071,0.6739,4.5509,1.6253,0.6721
3,3,601,603,3,1,1,1.0000,602.025,796.000,840.000,7.5070,14.0000,1.0500,0.9750,4.5507,0.8889,0.0000,0.1111,1.0000,0.0000,4.5510,1.9504,1.0000
4,3,602,603,2,1,2,1.0000,602.449,601.000,1161.449,7.9639,14.0000,1.1429,0.6350,4.5509,0.0000,0.7500,0.2500,0.0000,0.0000,4.5508,1.4627,0.8163
4,3,607,608,2,2,2,0.5000,607.451,875.824,1136.745,8.2874,15.0000,1.1765,0.5473,4.8750,0.5916,0.1015,0.3069,0.7071,0.7071,4.7124,1.6249,0.8235
4,3,607,608,2,1,2,1.0000,607.463,1063.000,1015.463,8.7749,16.0000,1.1852,0.6547,5.2000,0.0000,0.7500,0.2500,0.0000,0.0000,4.5499,0.9750,0.7778
4,3,609,610,2,2,1,1.0000,609.517,646.586,450.000,9.4240,17.0000,1.1724,0.6624,5.5246,0.0000,0.7500,0.2500,1.0000,0.0000,5.1994,0.8124,0.8103
3,3,609,611,3,1,1,1.0000,610.023,689.000,799.000,8.0674,16.0000,1.1163,0.0233,5.1993,0.8889,0.0000,0.1111,1.0000,0.0000,4.8742,1.1373,1.0000
4,3,610,612,3,2,1,0.6667,610.982,519.554,1045.000,9.0984,18.0000,1.2857,0.4468,5.8490,0.7576,0.1294,0.1129,0.8507,0.0000,4.5493,1.2998,0.7857
4,3,611,612,2,1,2,1.0000,611.471,485.000,1150.431,8.2859,15.0000,1.1765,0.6829,4.8739,0.0000,0.7500,0.2500,0.0000,0.0000,4.7116,0.8123,0.8235
6,3,611,613,3,2,1,1.0000,611.987,724.573,898.000,9.9488,19.0000,1.5200,0.4269,6.1736,0.5556,0.3333,0.1111,1.0000,0.0000,4.2240,1.1372,0.6000
4,3,611,612,2,2,1,1.0000,611.460,739.480,957.000,8.1234,14.0000,1.1200,0.6943,4.5492,0.0000,0.7500,0.2500,1.0000,0.0000,4.5491,1.2997,0.8000
3,3,611,612,2,1,2,0.7500,611.683,840.000,1140.659,7.6916,14.0000,1.0244,0.7309,4.5490,0.5333,0.2667,0.2000,0.7071,0.0000,4.8739,1.2997,1.0000
5,3,614,615,2,2,2,0.6250,614.387,746.839,1082.403,9.0083,14.0000,1.1290,0.5818,4.5485,0.3432,0.2505,0.4063,0.6059,0.3645,4.5483,0.9747,0.6613
4,3,615,617,3,1,2,0.6667,615.833,926.000,836.833,9.7459,22.0000,1.4667,0.2357,7.1469,0.7500,0.1500,0.1000,0.9487,0.0000,4.8729,1.2994,0.8333
5,3,616,618,3,1,2,0.8333,617.274,842.000,1011.403,9.0069,14.0000,1.1290,0.8303,4.5475,0.5854,0.2927,0.1220,0.9487,0.0000,4.2227,1.4619,0.6452
4,3,619,620,2,1,2,1.0000,619.431,491.000,1109.549,8.2824,15.0000,1.1765,0.6241,4.8721,0.0000,0.7500,0.2500,0.0000,0.0000,4.7096,0.6496,0.8235
7,3,619,621,3,2,3,0.3889,619.987,1055.701,577.649,9.4524,13.0000,1.1818,0.9558,4.2222,0.5170,0.0882,0.3949,0.4423,0.4828,3.5729,1.1367,0.5065
4,3,621,622,2,3,1,0.6667,621.824,707.000,833.000,8.2812,14.0000,1.0980,1.0155,4.5465,0.5357,0.3214,0.1429,0.0000,0.0000,5.1960,1.6238,0.8235
6,3,623,624,2,2,2,0.7500,623.474,869.308,1040.744,10.3402,18.0000,1.3846,0.6208,5.8452,0.2000,0.3333,0.4667,0.0000,0.0000,4.3837,1.2989,0.6154
6,3,625,627,3,2,2,0.5000,625.822,664.726,922.411,9.6760,16.0000,1.3151,0.6736,5.1948,0.6381,0.1455,0.2164,0.8019,0.3768,4.5454,1.9478,0.5890
3,3,627,628,2,2,1,0.7500,627.326,439.326,923.000,8.0597,15.0000,1.0465,0.4604,4.8698,0.5333,0.2667,0.2000,0.7071,0.0000,4.8698,0.6494,1.0000
4,3,627,628,2,2,1,1.0000,627.537,839.556,1042.000,8.7653,15.0000,1.1111,0.6971,4.8698,0.0000,0.7500,0.2500,1.0000,0.0000,5.0318,0.9739,0.8148
3,3,628,629,2,1,2,0.7500,628.675,364.000,1161.325,7.4968,14.0000,1.0500,0.4596,4.5446,0.5333,0.2667,0.2000,0.7071,0.0000,4.5448,0.9738,1.0000
4,3,629,630,2,1,2,1.0000,629.442,545.000,1039.558,8.4397,15.0000,1.1538,0.6255,4.8692,0.0000,0.7500,0.2500,0.0000,0.0000,4.8691,1.6230,0.8269
5,3,629,631,3,2,2,0.4167,630.182,801.379,805.848,9.5807,18.0000,1.3636,0.4466,5.8427,0.7729,0.0435,0.1836,0.8328,0.5477,4.8686,1.2983,0.6818
4,3,632,633,2,1,2,1.0000,632.528,641.000,1256.491,8.6005,14.0000,1.0566,0.6806,4.5435,0.0000,0.7500,0.2500,0.0000,0.0000,5.0305,1.6226,0.7736
4,3,633,636,4,1,1,1.0000,634.373,639.000,1008.000,8.2750,15.0000,1.1765,0.3725,4.8678,0.9375,0.0000,0.0625,1.0000,0.0000,4.7055,1.1358,0.8235
4,3,633,635,3,1,2,0.6667,633.768,915.000,777.196,9.0866,17.0000,1.2143,0.3041,5.5168,0.7500,0.1500,0.1000,0.9487,0.0000,4.8678,1.2981,0.8036
4,3,634,635,2,1,2,1.0000,634.519,833.000,807.462,8.4372,14.0000,1.0769,0.6947,4.5432,0.0000,0.7500,0.2500,0.0000,0.0000,5.0297,1.2980,0.7885
3,3,638,639,2,2,1,0.7500,638.302,720.651,1199.000,8.0545,15.0000,1.0465,0.7179,4.8666,0.5333,0.2667,0.2000,0.7071,0.0000,5.1911,1.9465,1.0000
3,3,639,641,3,1,1,1.0000,640.000,823.000,958.000,7.3046,13.0000,1.0000,1.0000,4.2175,0.8889,0.0000,0.1111,1.0000,0.0000,4.8660,1.2976,1.0000
4,3,641,644,4,1,1,1.0000,642.296,572.000,919.000,8.7579,17.0000,1.2593,0.2963,5.5143,0.9375,0.0000,0.0625,1.0000,0.0000,4.8656,0.6487,0.8333
4,3,642,643,2,1,3,0.6667,642.275,856.000,1132.882,8.2714,15.0000,1.1765,0.9241,4.8656,0.5357,0.3214,0.1429,0.0000,0.0000,4.7033,1.1353,0.8235
4,3,645,646,2,2,1,1.0000,645.556,647.463,1046.000,8.7565,16.0000,1.1852,0.6971,5.1889,0.0000,0.7500,0.2500,1.0000,0.0000,5.0269,1.1351,0.8333
5,3,645,646,2,2,2,0.6250,645.453,887.141,931.469,9.2825,16.0000,1.2500,0.7123,5.1892,0.3432,0.2505,0.4063,0.6059,0.3645,4.2160,0.6487,0.7031
7,4,646,647,2,3,2,0.5833,646.351,604.113,894.784,11.8898,18.0000,1.2990,1.1202,5.8373,0.6517,0.0773,0.2710,0.3251,0.7071,5.5132,1.7836,0.6804
5,3,648,649,2,2,2,0.6250,648.569,920.554,600.154,9.4262,16.0000,1.2308,0.8090,5.1885,0.3432,0.2505,0.4063,0.6059,0.3645,4.5397,1.2970,0.6615
7,3,649,650,2,2,3,0.5833,649.556,574.420,1010.901,9.9271,13.0000,1.1235,0.7033,4.2154,0.5352,0.1763,0.2885,0.5345,0.8125,4.5398,1.9455,0.4815
8,3,650,653,4,2,4,0.2500,651.245,406.426,976.723,10.7756,17.0000,1.4468,0.5634,5.5120,0.8132,0.0934,0.0934,0.6065,0.2041,3.8908,1.6211,0.4787
4,3,652,654,3,2,1,0.6667,653.096,863.250,937.000,8.4294,16.0000,1.2308,0.2679,5.1874,0.5357,0.3214,0.1429,1.0000,0.0000,4.7010,1.4589,0.8269
5,3,653,655,3,1,2,0.8333,653.678,532.000,894.593,8.5542,15.0000,1.2712,0.9009,4.8631,0.5854,0.2927,0.1220,0.9487,0.0000,4.5388,0.8105,0.6949
5,3,655,656,2,3,2,0.4167,655.393,537.984,724.787,8.8437,15.0000,1.2295,0.6431,4.8626,0.5461,0.2256,0.2283,0.5716,0.7118,4.5386,1.2968,0.6885
3,3,657,659,3,1,1,1.0000,658.000,711.000,1083.000,8.2345,18.0000,1.2273,0.0000,5.8347,0.8889,0.0000,0.1111,1.0000,0.0000,4.5383,1.6207,1.0000
5,3,660,661,2,3,1,0.8333,660.371,529.694,1072.000,8.9871,15.0000,1.2097,0.7865,4.8620,0.5854,0.2927,0.1220,0.3162,0.0000,4.8618,1.2965,0.6935
6,3,660,662,3,1,3,0.6667,660.822,963.000,1021.068,9.6595,14.0000,1.1507,0.1908,4.5377,0.6944,0.2222,0.0833,0.6000,0.0000,4.3757,0.9724,0.5616
4,3,661,663,3,1,2,0.6667,662.111,471.000,1052.241,8.7510,17.0000,1.2593,0.2651,5.5099,0.5357,0.3214,0.1429,1.0000,0.0000,5.1856,0.6482,0.8333
4,3,662,663,2,1,2,1.0000,662.471,834.000,919.451,8.2647,15.0000,1.1765,0.6955,4.8615,0.0000,0.7500,0.2500,0.0000,0.0000,4.6996,0.6482,0.8235
4,3,664,665,2,2,1,1.0000,664.547,570.528,1061.000,8.5883,15.0000,1.1321,0.6539,4.8612,0.0000,0.7500,0.2500,1.0000,0.0000,4.6993,1.2963,0.7925
5,3,664,665,2,2,2,0.6250,664.426,921.426,842.820,8.8411,13.0000,1.0656,0.7372,4.2132,0.3432,0.2505,0.4063,0.6059,0.3645,4.5372,1.7824,0.6393
4,3,665,666,2,1,3,0.6667,665.265,488.000,1004.898,7.9400,14.0000,1.1429,0.9363,4.5372,0.5357,0.3214,0.1429,0.0000,0.0000,3.8889,0.0000,0.8163
5,3,668,669,2,2,2,0.6250,668.567,433.150,934.633,8.6953,16.0000,1.3333,0.5871,5.1848,0.3432,0.2505,0.4063,0.6059,0.3645,4.5368,0.9722,0.7000
5,3,668,670,3,2,1,0.8333,669.246,906.557,902.000,8.8400,14.0000,1.1475,0.6092,4.5367,0.5854,0.2927,0.1220,0.9487,0.0000,4.5366,1.2962,0.6721
3,3,673,674,2,1,2,0.7500,673.289,596.000,1102.400,8.4182,18.0000,1.2000,0.6659,5.8323,0.5333,0.2667,0.2000,0.7071,0.0000,4.8603,1.2960,1.0000
6,3,674,676,3,2,2,0.5000,674.603,941.809,959.706,8.9947,13.0000,1.1471,1.0508,4.2122,0.5034,0.2551,0.2415,0.9677,0.2521,4.0501,1.6200,0.5735
5,3,676,678,3,1,2,0.8333,676.758,499.000,533.565,8.9834,15.0000,1.2097,0.4982,4.8598,0.5854,0.2927,0.1220,0.9487,0.0000,4.8599,1.4579,0.6774
9,3,677,679,3,2,3,0.5000,678.318,462.196,919.953,11.5553,17.0000,1.4299,0.3764,5.5077,0.5418,0.2602,0.1980,0.3800,0.0642,3.8878,0.9720,0.4206
3,3,677,678,2,2,1,0.7500,677.317,847.317,615.000,7.6692,15.0000,1.0976,0.4484,4.8598,0.5333,0.2667,0.2000,0.7071,0.0000,4.5358,1.2959,1.0000
5,3,678,679,2,2,3,0.4167,678.180,540.607,1094.918,8.8382,14.0000,1.1475,1.0149,4.5357,0.1521,0.5234,0.3245,0.0000,0.8112,4.5358,1.2959,0.6721
3,3,678,680,3,1,1,1.0000,679.000,655.000,1125.000,7.2948,13.0000,1.0000,1.0000,4.2118,0.8889,0.0000,0.1111,1.0000,0.0000,4.5356,0.8099,1.0000
3,3,678,679,2,2,1,0.7500,678.711,732.689,882.000,8.4172,18.0000,1.2000,0.4246,5.8315,0.5333,0.2667,0.2000,0.7071,0.0000,5.1836,1.2959,1.0000
4,3,679,680,2,1,2,1.0000,679.481,585.000,1067.537,8.7472,16.0000,1.1852,0.6680,5.1836,0.0000,0.7500,0.2500,0.0000,0.0000,4.5355,1.9438,0.7778
3,3,679,680,2,1,2,0.7500,679.350,597.000,1259.675,7.4818,14.0000,1.0500,0.7267,4.5355,0.5333,0.2667,0.2000,0.7071,0.0000,4.5356,0.6479,1.0000
9,3,679,682,4,3,2,0.3750,680.330,781.698,632.406,11.4467,16.0000,1.3585,0.6039,5.1835,0.8062,0.0171,0.1767,0.8169,0.4711,3.8877,1.2959,0.4245
5,3,683,684,2,1,3,0.8333,683.403,565.000,930.209,9.7063,19.0000,1.4179,0.4539,6.1549,0.5854,0.2927,0.1220,0.3162,0.0000,4.8590,2.1056,0.6866
3,3,687,688,2,2,1,0.7500,687.667,893.333,1109.000,7.2932,13.0000,1.0000,0.7454,4.2108,0.5333,0.2667,0.2000,0.7071,0.0000,3.8868,1.1336,1.0000
4,3,688,689,2,3,1,0.6667,688.490,518.941,596.000,8.2593,15.0000,1.1765,0.5132,4.8583,0.7576,0.1294,0.1129,0.5257,0.0000,4.8584,1.2956,0.8039
3,3,689,690,2,1,2,0.7500,689.333,797.000,1149.310,7.8538,15.0000,1.0714,0.4549,4.8583,0.5333,0.2667,0.2000,0.7071,0.0000,5.1821,2.2672,1.0000
7,3,691,693,3,1,3,0.7778,692.298,582.000,1004.143,10.2821,15.0000,1.2500,0.9073,4.8579,0.4747,0.4312,0.0941,0.5071,0.0000,4.2100,0.9715,0.4881
3,3,692,694,3,1,1,1.0000,693.025,403.000,952.000,7.4789,14.0000,1.0500,0.9750,4.5337,0.8889,0.0000,0.1111,1.0000,0.0000,3.8863,0.9716,1.0000
4,3,692,693,2,1,2,1.0000,692.490,815.000,955.471,8.2583,14.0000,1.0980,0.6938,4.5339,0.0000,0.7500,0.2500,0.0000,0.0000,3.8863,1.2954,0.7843
5,3,692,693,2,2,2,0.6250,692.667,893.778,701.349,9.1243,15.0000,1.1905,0.5314,4.8577,0.3432,0.2505,0.4063,0.6059,0.3645,4.5339,1.1335,0.6667
4,3,694,695,2,1,2,1.0000,694.540,794.000,1153.440,8.0958,14.0000,1.1200,0.6966,4.5337,0.0000,0.7500,0.2500,0.0000,0.0000,4.6955,1.4573,0.8200
4,4,696,697,2,2,1,1.0000,696.526,808.526,398.000,9.2285,16.0000,1.1228,0.6699,5.1808,0.0000,0.7500,0.2500,1.0000,0.0000,5.1808,1.6191,1.0000
3,3,697,698,2,1,2,0.7500,697.683,656.000,1241.659,7.6646,14.0000,1.0244,0.7309,4.5330,0.5333,0.2667,0.2000,0.7071,0.0000,5.1806,1.6190,1.0000
4,3,698,700,3,2,1,0.6667,699.018,439.446,860.000,9.0657,18.0000,1.2857,0.4468,5.8279,0.7576,0.1294,0.1129,0.8507,0.0000,4.5328,0.6476,0.7857
11,3,701,703,3,4,2,0.4583,701.784,742.520,1078.400,12.2013,17.0000,1.4960,1.0223,5.5037,0.4883,0.3187,0.1930,0.0088,0.0285,3.8849,1.9424,0.3600
8,4,702,705,4,2,2,0.5000,703.474,467.789,472.263,10.8727,14.0000,1.1789,0.5813,4.5321,0.8472,0.0087,0.1441,0.9530,0.0000,4.6936,1.7802,0.5684
3,3,704,705,2,1,2,0.7500,704.667,665.000,1303.310,7.8491,15.0000,1.0714,0.4549,4.8553,0.5333,0.2667,0.2000,0.7071,0.0000,5.1792,1.2948,1.0000
5,3,704,706,3,1,2,0.8333,704.899,819.000,1069.391,9.9883,19.0000,1.3768,0.4042,6.1501,0.5854,0.2927,0.1220,0.9487,0.0000,5.5024,1.7803,0.6957
6,3,704,706,3,2,2,0.5000,705.186,989.614,1061.586,9.2501,14.0000,1.2000,0.7639,4.5316,0.4246,0.3485,0.2269,0.7895,0.0722,4.2079,1.6184,0.5857
4,3,706,707,2,1,2,1.0000,706.500,598.000,1130.481,8.4153,14.0000,1.0769,0.6936,4.5314,0.0000,0.7500,0.2500,0.0000,0.0000,4.8548,1.4564,0.7692
4,3,708,709,2,2,2,0.5000,708.260,529.820,930.540,8.0909,14.0000,1.1200,0.6258,4.5310,0.5916,0.1015,0.3069,0.5000,0.5000,4.6927,1.6181,0.8200
6,3,711,713,3,2,2,0.5000,712.230,491.514,964.135,9.7751,15.0000,1.2162,0.9210,4.8533,0.3810,0.3333,0.2857,0.9487,0.1690,4.6916,1.2942,0.5541
7,4,712,713,2,2,3,0.5833,712.470,579.783,1010.108,10.1505,16.0000,1.3494,0.5829,5.1768,0.5557,0.1817,0.2626,0.3005,0.5425,4.8535,1.9413,0.6747
9,3,712,714,3,3,2,0.5000,713.171,791.800,933.286,11.3242,17.0000,1.4571,0.8990,5.5001,0.3125,0.3331,0.3544,0.9141,0.3534,4.2059,1.7795,0.4286
5,3,714,716,3,2,2,0.4167,714.806,433.209,988.836,9.6937,16.0000,1.1940,0.3290,5.1763,0.6489,0.0995,0.2515,0.9362,0.2726,4.8528,0.9706,0.6567
4,3,714,715,2,1,2,1.0000,714.472,540.000,766.509,8.5734,15.0000,1.1321,0.6806,4.8530,0.0000,0.7500,0.2500,0.0000,0.0000,4.5294,0.9705,0.7736
3,3,715,717,3,1,1,1.0000,716.000,872.000,1154.000,7.6576,15.0000,1.0976,0.0000,4.8525,0.8889,0.0000,0.1111,1.0000,0.0000,3.8823,1.1322,1.0000
5,3,716,718,3,2,1,0.8333,717.206,525.333,872.000,9.1137,16.0000,1.2698,0.8608,5.1754,0.5854,0.2927,0.1220,0.9487,0.0000,4.5287,1.2939,0.6667
5,3,717,719,3,1,2,0.8333,718.194,1057.000,543.597,9.6918,15.0000,1.1194,0.6278,4.8519,0.5854,0.2927,0.1220,0.9487,0.0000,4.5282,1.2938,0.6418
7,3,719,722,4,2,2,0.4375,720.420,505.383,870.840,9.9013,14.0000,1.2099,0.5903,4.5279,0.7406,0.0824,0.1770,0.9316,0.0988,4.0427,1.2937,0.5062
4,3,720,721,2,1,2,1.0000,720.481,468.000,1151.500,8.7321,15.0000,1.1111,0.6941,4.8513,0.0000,0.7500,0.2500,0.0000,0.0000,4.6895,0.9702,0.7778
5,3,721,722,2,2,2,0.6250,721.571,510.143,940.397,9.1114,15.0000,1.1905,0.6013,4.8507,0.3432,0.2505,0.4063,0.6059,0.3645,4.5276,1.2936,0.6667
3,3,722,723,2,1,2,0.7500,722.357,742.000,1066.690,7.8414,15.0000,1.0714,0.7135,4.8504,0.5333,0.2667,0.2000,0.7071,0.0000,5.1741,2.1018,1.0000
4,3,723,725,3,2,1,0.6667,723.900,381.440,918.000,8.0836,14.0000,1.1200,1.0018,4.5271,0.7576,0.1294,0.1129,0.8507,0.0000,4.0418,0.4850,0.8200
5,3,726,728,3,2,1,0.8333,727.177,1026.645,649.000,8.9637,16.0000,1.2903,0.3967,5.1726,0.5854,0.2927,0.1220,0.9487,0.0000,4.5257,0.6466,0.6774
6,3,728,730,3,2,2,0.5000,728.873,189.268,831.859,9.3696,15.0000,1.2676,0.3279,4.8487,0.5230,0.1584,0.3185,0.9225,0.0898,4.0408,0.6465,0.5915
7,4,730,733,4,2,2,0.4375,731.099,493.319,738.637,11.1166,15.0000,1.1538,0.4928,4.8481,0.7941,0.0831,0.1229,0.8986,0.2604,4.2020,0.6465,0.7802
4,3,731,733,3,2,1,0.6667,732.173,569.808,919.000,8.4029,15.0000,1.1538,0.2587,4.8479,0.7500,0.1500,0.1000,0.9487,0.0000,4.6863,1.6160,0.8077
3,3,731,732,2,1,2,0.7500,731.690,636.000,1132.643,7.8371,15.0000,1.0714,0.7135,4.8479,0.5333,0.2667,0.2000,0.7071,0.0000,4.8479,1.9391,1.0000
5,3,731,732,2,2,2,0.6250,731.383,1102.383,821.850,8.6724,15.0000,1.2500,0.5625,4.8481,0.3432,0.2505,0.4063,0.6059,0.3645,4.5247,0.9696,0.6833
3,3,732,734,3,1,1,1.0000,733.000,672.000,791.000,7.6499,15.0000,1.0976,0.0000,4.8476,0.8889,0.0000,0.1111,1.0000,0.0000,4.2015,1.2928,1.0000
3,3,732,734,3,1,1,1.0000,733.000,878.000,977.000,7.8365,16.0000,1.1429,0.0000,5.1708,0.8889,0.0000,0.1111,1.0000,0.0000,4.6862,-0.3231,1.0000
6,3,733,735,3,2,2,0.5000,734.213,211.333,690.267,9.8944,15.0000,1.2000,0.4772,4.8473,0.6381,0.1455,0.2164,0.8019,0.3768,4.3624,1.1310,0.5733
6,3,734,736,3,2,2,0.5000,735.082,834.671,523.123,9.6301,16.0000,1.3151,0.3606,5.1702,0.7074,0.0897,0.2030,0.9140,0.2540,4.2008,1.2926,0.5753
3,3,735,736,2,1,2,0.7500,735.317,663.000,1124.683,7.6489,15.0000,1.0976,0.4484,4.8470,0.5333,0.2667,0.2000,0.7071,0.0000,4.5239,1.4542,1.0000
6,3,735,736,2,2,3,0.5000,735.521,724.671,534.000,9.6299,16.0000,1.3151,0.5813,5.1699,0.4412,0.1872,0.3716,0.6154,0.7882,4.2007,1.2925,0.6027
4,3,737,738,2,2,2,0.5000,737.275,386.176,566.549,8.2390,14.0000,1.0980,0.6387,4.5234,0.5916,0.1015,0.3069,0.5000,0.5000,4.8464,1.2924,0.8235
3,3,738,739,2,1,2,0.7500,738.333,922.000,1194.667,8.3938,15.0000,1.0000,0.7454,4.8463,0.5333,0.2667,0.2000,0.7071,0.0000,5.1693,0.3231,1.0000
4,3,756,758,3,1,2,0.6667,757.189,665.000,1009.811,8.5554,15.0000,1.1321,0.2668,4.8427,0.7500,0.1500,0.1000,0.9487,0.0000,4.8427,0.9685,0.8113
4,3,760,761,2,1,2,1.0000,760.483,947.000,711.450,9.6847,18.0000,1.2000,0.6604,5.8109,0.0000,0.7500,0.2500,0.0000,0.0000,5.0037,1.1299,0.7833
6,3,768,770,3,1,3,0.6667,768.846,555.000,1189.974,10.2784,15.0000,1.1538,0.8465,4.8417,0.6944,0.2222,0.0833,0.6000,0.0000,5.1644,0.8070,0.7436
7,4,768,770,3,1,3,0.7778,768.881,618.000,935.345,10.2479,14.0000,1.1667,0.9462,4.5190,0.4747,0.4312,0.0941,0.8619,0.0000,4.8416,1.7753,0.6667
5,3,771,772,2,2,2,0.6250,771.365,629.865,885.405,10.6817,20.0000,1.3514,0.5619,6.4554,0.3432,0.2505,0.4063,0.6059,0.3645,4.8415,1.2911,0.6892
4,3,776,778,3,1,2,0.6667,776.782,622.000,765.164,8.8757,17.0000,1.2364,0.7988,5.4869,0.7500,0.1500,0.1000,0.9487,0.0000,3.5503,0.3228,0.8364
7,3,784,785,2,3,3,0.3889,784.341,695.800,451.012,10.3684,15.0000,1.2353,1.0364,4.8409,0.6781,0.1136,0.2082,0.1390,0.4984,4.5183,1.9364,0.5059
5,3,792,794,3,2,1,0.8333,792.833,598.333,881.000,9.5247,16.0000,1.2121,0.3727,5.1631,0.5854,0.2927,0.1220,0.9487,0.0000,4.8404,0.6454,0.6667
5,3,793,794,2,1,3,0.8333,793.358,1004.000,1048.746,9.6690,16.0000,1.1940,0.4390,5.1631,0.5854,0.2927,0.1220,0.3162,0.0000,5.1630,1.2908,0.6716
7,3,796,798,3,2,2,0.5833,796.989,613.674,750.217,11.2202,17.0000,1.2935,0.7082,5.4854,0.6517,0.0773,0.2710,0.8881,0.0000,3.8720,0.4840,0.5217
4,4,806,809,4,1,1,1.0000,807.567,636.000,782.000,10.8067,22.0000,1.3134,0.4328,7.0968,0.9375,0.0000,0.0625,1.0000,0.0000,4.6774,0.9677,1.0000
5,3,808,809,2,3,1,0.8333,808.619,395.222,438.000,9.0884,16.0000,1.2698,0.4410,5.1612,0.5854,0.2927,0.1220,0.3162,0.0000,4.8386,1.6129,0.7143
8,4,809,811,3,2,2,0.6667,810.040,614.646,752.687,11.2902,15.0000,1.2121,0.4740,4.8384,0.6239,0.0485,0.3276,0.9746,0.2031,4.3545,1.6128,0.5859
4,3,814,815,2,1,2,1.0000,814.544,623.000,669.491,9.1916,17.0000,1.1930,0.6833,5.4826,0.0000,0.7500,0.2500,0.0000,0.0000,4.9990,1.9351,0.8070
5,3,815,817,3,2,1,0.8333,815.735,660.618,519.000,9.8074,16.0000,1.1765,0.4650,5.1599,0.5854,0.2927,0.1220,0.9487,0.0000,4.8376,0.9675,0.6618
3,3,819,820,2,2,1,0.7500,819.326,332.696,513.000,8.5638,17.0000,1.1087,0.4460,5.4818,0.5333,0.2667,0.2000,0.7071,0.0000,5.1592,1.2899,1.0000
5,3,832,834,3,1,2,0.8333,833.246,624.000,767.354,9.3685,17.0000,1.3077,0.4310,5.4789,0.5854,0.2927,0.1220,0.9487,0.0000,3.8675,0.1612,0.7231
5,3,835,837,3,1,3,0.5556,836.000,563.000,918.941,9.7999,18.0000,1.3235,0.0588,5.8006,0.0000,0.8276,0.1724,0.0000,0.0000,4.8337,1.6113,0.6765
5,3,846,848,3,2,2,0.4167,847.470,600.788,1132.848,9.5086,17.0000,1.2879,0.5372,5.4766,0.6338,0.1686,0.1975,0.9585,0.2851,4.8322,1.6108,0.7121
3,3,862,863,2,1,2,0.7500,862.688,744.000,1004.396,8.9258,19.0000,1.1875,0.6802,6.1196,0.5333,0.2667,0.2000,0.7071,0.0000,5.1533,1.9325,1.0000
4,3,869,872,4,1,1,1.0000,870.353,439.000,887.000,8.2130,14.0000,1.0980,1.3529,4.5091,0.9375,0.0000,0.0625,1.0000,0.0000,4.8312,0.9662,0.8235
10,3,872,874,3,2,2,0.8333,872.783,588.508,380.400,12.2220,17.0000,1.4167,0.6698,5.4753,0.5122,0.0732,0.4146,0.9487,0.3162,4.0260,1.6104,0.5000
11,3,874,877,4,3,4,0.2292,875.471,621.586,762.871,13.5956,18.0000,1.4143,0.6406,5.7975,0.8781,0.0143,0.1076,0.7190,0.0808,4.1871,1.2883,0.4571
14,5,876,880,5,4,3,0.2333,878.383,628.709,773.691,15.0641,17.0000,1.3600,0.5716,5.4754,0.4581,0.3760,0.1658,0.8263,0.3174,4.0261,1.2883,0.5314
6,3,885,886,2,2,2,0.7500,885.449,534.269,765.641,10.2566,16.0000,1.2308,0.8275,5.1535,0.2000,0.3333,0.4667,0.0000,0.0000,4.5094,1.1273,0.5769
5,3,891,892,2,2,2,0.6250,891.606,749.818,934.364,9.5073,16.0000,1.2121,0.7298,5.1537,0.3432,0.2505,0.4063,0.6059,0.3645,4.8316,1.2884,0.6667
3,3,899,900,2,2,1,0.7500,899.354,635.292,835.000,8.9266,17.0000,1.0625,0.4588,5.4759,0.5333,0.2667,0.2000,0.7071,0.0000,5.7980,0.9663,1.0000
5,3,901,903,3,2,2,0.4167,901.522,446.851,751.224,9.6516,17.0000,1.2687,0.5482,5.4759,0.6338,0.1686,0.1975,0.9585,0.2851,5.1538,0.9663,0.7164
7,3,901,902,2,2,2,0.8750,901.459,1097.471,668.329,10.3485,16.0000,1.3176,0.7741,5.1538,0.0000,0.3318,0.6682,0.8165,0.5774,4.5096,1.1274,0.5294
9,3,906,908,3,4,3,0.2500,907.330,497.191,602.591,12.3476,20.0000,1.5652,0.5593,6.4422,0.4079,0.1320,0.4601,0.4753,0.7591,4.1875,1.6106,0.4174
54,18,909,912,4,7,7,0.2755,910.451,495.211,599.647,34.4094,36.0000,2.4764,0.6861,11.5959,0.5083,0.2360,0.2557,0.2067,0.9700,4.1874,1.2884,0.5516
5,3,909,910,2,1,4,0.6250,909.222,976.000,1079.000,9.0753,15.0000,1.1905,1.0244,4.8317,0.8677,0.0764,0.0559,0.1891,0.0000,4.8317,1.6106,0.6825
4,3,910,912,3,1,2,0.6667,910.912,649.000,616.439,9.1801,16.0000,1.1228,1.0122,5.1538,0.7576,0.1294,0.1129,0.8507,0.0000,5.1538,1.9327,0.8070
7,3,912,914,3,1,3,0.7778,913.300,1048.000,852.833,10.9570,17.0000,1.3222,0.7196,5.4758,0.4747,0.4312,0.0941,0.5071,0.0000,4.1874,0.9663,0.5111
4,3,914,915,2,1,2,1.0000,914.473,664.000,844.545,8.8579,16.0000,1.1636,0.6962,5.1537,0.0000,0.7500,0.2500,0.0000,0.0000,4.9926,1.4495,0.8182
5,3,919,920,2,2,2,0.6250,919.485,304.561,719.136,9.5071,17.0000,1.2879,0.6907,5.4756,0.3432,0.2505,0.4063,0.6059,0.3645,5.1536,1.4494,0.6970
3,3,934,935,2,2,1,0.7500,934.667,394.333,513.000,8.3675,15.0000,1.0000,0.7454,4.8310,0.5333,0.2667,0.2000,0.7071,0.0000,5.4751,2.0934,1.0000
5,3,938,940,3,1,3,0.5556,938.758,790.000,1074.076,9.5058,17.0000,1.2879,0.2540,5.4749,0.5532,0.3398,0.1070,0.8281,0.0000,5.1529,1.2882,0.7121
4,3,940,941,2,1,2,1.0000,940.552,683.000,1116.500,9.3395,17.0000,1.1724,0.6715,5.4748,0.0000,0.7500,0.2500,0.0000,0.0000,4.9918,1.2882,0.7931
7,3,941,942,2,2,2,0.8750,941.663,517.488,1088.430,10.4682,18.0000,1.4651,0.8367,5.7969,0.0000,0.3318,0.6682,0.7788,0.5774,4.1866,2.0933,0.5465
4,3,945,947,3,1,2,0.6667,945.949,343.000,855.746,9.5001,17.0000,1.1525,0.2593,5.4747,0.5357,0.3214,0.1429,1.0000,0.0000,5.4747,1.2882,0.7966
3,3,946,947,2,1,2,0.7500,946.674,786.000,950.349,7.9949,15.0000,1.0465,0.7280,4.8305,0.5333,0.2667,0.2000,0.7071,0.0000,4.8306,1.2882,1.0000
5,3,954,956,3,2,1,0.8333,954.785,286.446,926.000,9.3608,16.0000,1.2308,0.4954,5.1523,0.5854,0.2927,0.1220,0.9487,0.0000,4.8303,1.2881,0.6923
4,3,954,955,2,1,3,0.6667,954.586,803.000,1118.931,9.3386,20.0000,1.3793,0.4195,6.4404,0.7576,0.1294,0.1129,0.5257,0.0000,4.8303,1.2881,0.8276
3,3,957,958,2,2,1,0.7500,957.318,203.364,683.000,8.1803,16.0000,1.0909,0.7115,5.1523,0.5333,0.2667,0.2000,0.7071,0.0000,4.8303,1.1271,1.0000
5,3,962,964,3,2,1,0.8333,963.191,263.368,501.000,9.7924,16.0000,1.1765,0.4144,5.1521,0.5854,0.2927,0.1220,0.9487,0.0000,5.4741,1.6100,0.6765
5,3,973,975,3,1,2,0.8333,973.706,517.000,1016.456,9.7917,16.0000,1.1765,0.6185,5.1517,0.5854,0.2927,0.1220,0.9487,0.0000,5.1517,0.3220,0.6765
9,3,976,979,4,2,2,0.5625,977.363,482.434,739.478,12.1276,16.0000,1.2743,0.7696,5.1516,0.6582,0.0782,0.2636,0.8950,0.1796,4.6686,1.1269,0.5133
4,3,981,982,2,2,1,1.0000,981.451,378.451,575.000,8.2099,14.0000,1.0980,0.6378,4.5074,0.0000,0.7500,0.2500,1.0000,0.0000,4.8294,0.8049,0.8235
8,3,990,992,3,3,2,0.4444,990.765,558.912,838.382,11.6088,19.0000,1.4902,0.4575,6.1162,0.7021,0.0951,0.2027,0.7715,0.0725,4.0239,1.6095,0.5098
3,3,1003,1004,2,2,1,0.7500,1003.333,290.667,1022.000,7.8033,14.0000,1.0000,0.7454,4.5053,0.5333,0.2667,0.2000,0.7071,0.0000,5.1489,1.2872,1.0000
4,3,1013,1015,3,2,1,0.6667,1013.877,166.439,804.000,9.1678,17.0000,1.1930,0.9807,5.4687,0.7576,0.1294,0.1129,0.8507,0.0000,5.1468,0.4826,0.8246
3,3,1016,1017,2,2,1,0.7500,1016.333,337.667,614.000,7.7994,14.0000,1.0000,0.7454,4.5031,0.5333,0.2667,0.2000,0.7071,0.0000,4.8247,0.9650,1.0000
3,3,1022,1024,3,1,1,1.0000,1023.000,367.000,872.000,7.7971,14.0000,1.0000,1.0000,4.5019,0.8889,0.0000,0.1111,1.0000,0.0000,5.1447,1.2862,1.0000
6,3,1027,1029,3,2,2,0.5000,1028.360,695.140,362.488,11.2864,17.0000,1.1860,0.8308,5.4647,0.6373,0.1269,0.2358,0.8795,0.0724,4.9827,1.2858,0.5581
3,3,1040,1041,2,2,1,0.7500,1040.340,595.340,367.000,9.2746,17.0000,1.0200,0.7424,5.4619,0.5333,0.2667,0.2000,0.7071,0.0000,6.1042,1.2852,1.0000
6,3,1048,1049,2,1,3,1.0000,1048.474,688.000,962.974,10.2269,15.0000,1.1538,0.4751,4.8175,0.5556,0.3333,0.1111,0.0000,0.0000,4.6569,1.4452,0.5641
5,3,1051,1052,2,2,2,0.6250,1051.383,848.617,946.850,8.6166,14.0000,1.1667,0.7414,4.4958,0.3432,0.2505,0.4063,0.6059,0.3645,4.8167,1.2845,0.7000
6,4,1059,1060,2,3,2,0.5000,1059.561,226.427,715.817,10.7464,17.0000,1.2439,0.7448,5.4572,0.6373,0.1269,0.2358,0.4046,0.4063,4.9757,1.6051,0.7439
4,3,1059,1060,2,2,1,1.0000,1059.545,438.455,597.000,8.8279,15.0000,1.0909,0.7100,4.8153,0.0000,0.7500,0.2500,1.0000,0.0000,5.1362,1.2841,0.8182
5,3,1061,1063,3,3,1,0.5556,1061.946,326.041,701.000,10.6227,19.0000,1.2838,0.9468,6.0990,0.0000,0.8276,0.1724,1.0000,0.0000,5.4566,2.0864,0.7162
4,3,1063,1065,3,2,1,0.6667,1064.103,757.552,909.000,9.3079,16.0000,1.1034,0.5613,5.1354,0.7576,0.1294,0.1129,0.8507,0.0000,5.4563,1.4443,0.8276
9,3,1065,1067,3,3,2,0.5000,1065.774,540.858,602.283,11.3400,15.0000,1.2736,0.3891,4.8141,0.5067,0.2821,0.2111,0.4953,0.4922,3.8514,1.2837,0.4057
7,3,1066,1068,3,3,2,0.3889,1067.080,388.057,731.841,10.6743,20.0000,1.5909,0.1867,6.4186,0.4009,0.2683,0.3308,0.7054,0.0496,4.1722,1.2837,0.5455
4,3,1068,1071,4,1,1,1.0000,1069.678,362.000,1137.000,9.4665,20.0000,1.3559,0.3220,6.4179,0.9375,0.0000,0.0625,1.0000,0.0000,4.9739,0.9627,0.8305
5,3,1069,1071,3,2,1,0.8333,1070.212,348.348,692.000,9.4715,18.0000,1.3636,0.4080,5.7761,0.5854,0.2927,0.1220,0.9487,0.0000,5.1343,1.6044,0.7121
3,3,1075,1076,2,2,1,0.7500,1075.674,164.651,988.000,7.9651,15.0000,1.0465,0.7280,4.8125,0.5333,0.2667,0.2000,0.7071,0.0000,4.8126,0.8021,1.0000
3,3,1076,1077,2,2,1,0.7500,1076.341,306.318,954.000,8.1501,15.0000,1.0227,0.4663,4.8125,0.5333,0.2667,0.2000,0.7071,0.0000,4.4915,0.3209,1.0000
6,3,1095,1097,3,3,1,0.6667,1096.051,869.772,1007.000,10.3413,16.0000,1.2152,0.7738,5.1303,0.6944,0.2222,0.0833,0.8000,0.0000,4.8097,1.9238,0.5696
4,3,1109,1110,2,1,2,1.0000,1109.571,433.000,833.464,8.9750,17.0000,1.2143,0.6860,5.4491,0.0000,0.7500,0.2500,0.0000,0.0000,5.4491,1.9232,0.8393
5,3,1122,1124,3,2,2,0.4167,1123.194,413.597,412.149,9.6017,15.0000,1.1194,0.6453,4.8068,0.7729,0.0435,0.1836,0.8328,0.5477,5.1271,1.2818,0.6716
18,11,1132,1135,4,4,2,0.5625,1134.057,1050.237,1000.580,21.3726,27.0000,1.7173,0.4859,8.6511,0.1133,0.5325,0.3542,0.9880,0.0503,5.1266,1.6020,0.7208
5,3,1138,1139,2,2,3,0.4167,1138.381,509.603,1083.032,9.0273,15.0000,1.1905,0.7360,4.8061,0.7383,0.0485,0.2132,0.5000,0.7071,4.1653,1.2816,0.6825
3,3,1142,1143,2,2,1,0.7500,1142.311,284.689,746.000,8.3245,17.0000,1.1333,0.4400,5.4469,0.5333,0.2667,0.2000,0.7071,0.0000,4.4857,1.1214,1.0000
5,3,1143,1145,3,2,1,0.8333,1143.692,224.385,649.000,9.3140,16.0000,1.2308,0.9263,5.1266,0.5854,0.2927,0.1220,0.9487,0.0000,4.8062,0.8010,0.6923
5,3,1148,1150,3,2,1,0.8333,1149.066,140.393,694.000,8.7413,15.0000,1.2295,0.6101,4.8064,0.5854,0.2927,0.1220,0.9487,0.0000,4.1655,0.8011,0.7049
5,3,1148,1149,2,2,2,0.6250,1148.391,725.641,1078.141,9.1711,16.0000,1.2500,0.5491,5.1269,0.3432,0.2505,0.4063,0.6059,0.3645,5.1268,1.9225,0.7188
4,3,1149,1150,2,2,1,1.0000,1149.571,190.411,699.000,8.9721,18.0000,1.2857,0.5936,5.7678,0.0000,0.7500,0.2500,1.0000,0.0000,4.9667,1.1215,0.8393
3,3,1157,1158,2,1,2,0.7500,1157.604,370.000,628.292,8.8814,19.0000,1.1875,0.6709,6.0891,0.5333,0.2667,0.2000,0.7071,0.0000,5.1277,1.6024,1.0000
3,3,1163,1164,2,2,1,0.7500,1163.367,383.286,517.000,9.0679,18.0000,1.1020,0.6942,5.7697,0.5333,0.2667,0.2000,0.7071,0.0000,5.7695,2.2437,1.0000
4,3,1169,1171,3,1,2,0.6667,1169.814,678.000,472.831,9.4576,18.0000,1.2203,0.2520,5.7707,0.7500,0.1500,0.1000,0.9487,0.0000,4.6487,0.6412,0.8305
6,3,1170,1172,3,2,2,0.5000,1170.808,517.548,1011.247,9.5547,16.0000,1.3151,0.5495,5.1297,0.5795,0.2234,0.1971,0.8314,0.5543,4.4885,1.2825,0.6164
5,3,1180,1182,3,1,2,0.8333,1180.791,396.000,498.612,9.6093,17.0000,1.2687,0.4407,5.4519,0.5854,0.2927,0.1220,0.9487,0.0000,4.8104,1.6035,0.7015
9,3,1180,1182,3,2,3,0.5000,1180.956,767.421,929.009,12.1867,19.0000,1.5000,0.4234,6.0934,0.6031,0.1995,0.1974,0.6782,0.0842,3.8484,0.9621,0.4474
4,3,1186,1187,2,2,1,1.0000,1186.482,154.536,590.000,8.9808,16.0000,1.1429,0.6955,5.1319,0.0000,0.7500,0.2500,1.0000,0.0000,4.9715,0.6415,0.8036
4,3,1189,1191,3,1,2,0.6667,1189.931,456.000,724.448,9.3020,16.0000,1.1034,1.0333,5.1321,0.7576,0.1294,0.1129,0.8507,0.0000,5.1321,1.6038,0.7931
6,3,1195,1197,3,3,1,0.6667,1195.684,415.430,716.000,10.3453,16.0000,1.2152,0.8898,5.1323,0.6061,0.3030,0.0909,0.7071,0.0000,4.4908,1.6038,0.5823
6,3,1196,1197,2,2,3,0.5000,1196.667,361.393,743.071,11.0001,18.0000,1.2857,0.7771,5.7739,0.4412,0.1872,0.3716,0.0000,0.0000,4.9719,0.6415,0.6071
3,3,1212,1213,2,1,2,0.7500,1212.320,285.000,663.340,9.2570,17.0000,1.0200,0.4669,5.4515,0.5333,0.2667,0.2000,0.7071,0.0000,5.7721,1.6034,1.0000
4,3,1213,1215,3,2,1,0.6667,1213.945,615.473,546.000,8.8179,15.0000,1.0909,0.4759,4.8098,0.7576,0.1294,0.1129,0.8507,0.0000,4.9702,2.2445,0.8000
5,3,1220,1222,3,2,2,0.4167,1221.065,698.323,310.774,8.8880,14.0000,1.1290,0.8412,4.4877,0.5461,0.2256,0.2283,0.8117,0.4177,5.1286,1.2822,0.6774
6,3,1221,1222,2,2,2,0.7500,1221.264,573.667,225.472,9.4222,15.0000,1.2500,0.6777,4.8083,0.2000,0.3333,0.4667,0.7071,0.7071,4.4877,1.2822,0.5972
4,3,1228,1229,2,2,1,1.0000,1228.526,567.526,1055.000,9.1323,16.0000,1.1228,0.6699,5.1268,0.0000,0.7500,0.2500,1.0000,0.0000,4.8065,1.2817,0.7719
6,3,1232,1234,3,2,2,0.5000,1232.568,384.556,469.123,10.5938,20.0000,1.4815,0.7316,6.4075,0.6373,0.1269,0.2358,0.8795,0.0724,4.4852,1.1213,0.6173
6,3,1233,1236,4,2,2,0.3750,1234.857,350.818,481.870,10.0695,15.0000,1.1688,1.1645,4.8046,0.8087,0.0589,0.1324,0.9827,0.1690,4.8050,1.2812,0.5584
5,3,1236,1237,2,2,2,0.6250,1236.409,651.606,863.152,9.4540,15.0000,1.1364,0.5878,4.8046,0.3432,0.2505,0.4063,0.6059,0.3645,5.1248,1.9218,0.6667
6,3,1242,1244,3,1,3,0.6667,1243.274,885.000,710.644,9.5425,15.0000,1.2329,0.4493,4.8030,0.6061,0.3030,0.0909,0.7071,0.0000,4.4828,1.6009,0.5890
5,3,1246,1248,3,2,2,0.4167,1246.957,829.200,815.200,10.0220,21.0000,1.5000,0.2861,6.7230,0.4138,0.1655,0.4207,1.0000,0.0000,4.8021,1.2806,0.7000
4,3,1248,1250,3,2,1,0.6667,1249.155,476.172,527.000,9.2833,17.0000,1.1724,0.2320,5.4420,0.7500,0.1500,0.1000,0.9487,0.0000,5.2819,1.2805,0.8276
13,3,1248,1250,3,3,3,0.4815,1249.007,1281.920,883.580,13.3176,19.0000,1.6467,0.5855,6.0822,0.4554,0.0862,0.4584,0.5433,0.8385,3.8414,0.9604,0.3200
3,3,1251,1252,2,1,2,0.7500,1251.340,229.000,667.681,8.6857,16.0000,1.0213,0.4666,5.1215,0.5333,0.2667,0.2000,0.7071,0.0000,5.4413,2.0805,1.0000
7,3,1256,1258,3,3,2,0.3889,1257.057,329.091,613.727,10.6444,20.0000,1.5909,0.2930,6.4006,0.3994,0.3420,0.2586,0.5524,0.0967,4.1602,1.9201,0.5568
4,3,1265,1266,2,1,2,1.0000,1265.463,569.000,808.519,8.6390,15.0000,1.1111,0.6951,4.7995,0.0000,0.7500,0.2500,0.0000,0.0000,4.7994,1.9198,0.7963
4,3,1267,1268,2,2,1,1.0000,1267.593,145.492,880.000,9.4385,20.0000,1.3559,0.6380,6.3989,0.0000,0.7500,0.2500,1.0000,0.0000,5.1192,1.5998,0.8305
4,3,1276,1278,3,2,1,0.6667,1277.074,812.537,574.000,8.6376,15.0000,1.1111,0.5421,4.7987,0.7576,0.1294,0.1129,0.8507,0.0000,4.3188,1.1197,0.8148
9,3,1284,1286,3,3,3,0.3333,1284.925,552.748,734.224,11.4095,17.0000,1.4299,0.9849,5.4382,0.4455,0.2014,0.3532,0.7023,0.6907,4.1586,1.5995,0.4393
5,3,1287,1288,2,1,3,0.8333,1287.609,376.000,695.928,9.8711,17.0000,1.2319,0.3980,5.4381,0.5854,0.2927,0.1220,0.3162,0.0000,5.1183,1.2796,0.6957
4,3,1289,1291,3,1,2,0.6667,1290.125,454.000,908.750,8.9569,17.0000,1.2143,0.2795,5.4381,0.5357,0.3214,0.1429,1.0000,0.0000,5.1182,0.9597,0.8393
5,3,1296,1297,2,2,2,0.6250,1296.446,436.569,632.138,9.2988,15.0000,1.1538,0.7152,4.7983,0.3432,0.2505,0.4063,0.6059,0.3645,5.1182,1.7594,0.6615
3,3,1304,1306,3,1,1,1.0000,1304.980,424.000,937.000,9.0498,20.0000,1.2245,0.0204,6.3979,0.8889,0.0000,0.1111,1.0000,0.0000,5.1183,1.5995,1.0000
4,3,1317,1318,2,2,2,0.5000,1317.451,489.725,440.176,8.1576,14.0000,1.0980,0.8723,4.4787,0.5916,0.1015,0.3069,0.7071,0.7071,4.9585,1.2796,0.8235
4,3,1330,1331,2,2,2,0.5000,1330.451,593.176,706.725,8.1578,14.0000,1.0980,0.8723,4.4788,0.5916,0.1015,0.3069,0.7071,0.7071,4.7987,0.9597,0.8235
3,3,1339,1340,2,2,1,0.7500,1339.348,193.304,582.000,8.4960,16.0000,1.0435,0.4622,5.1185,0.5333,0.2667,0.2000,0.7071,0.0000,5.4383,0.9597,1.0000
4,3,1340,1341,2,2,2,0.5000,1340.538,806.269,492.827,8.3174,15.0000,1.1538,0.6264,4.7985,0.5916,0.1015,0.3069,0.7071,0.7071,4.7985,1.7595,0.8269
7,3,1341,1343,3,3,2,0.3889,1342.169,631.337,759.146,10.7609,17.0000,1.3371,0.4042,5.4382,0.1917,0.4720,0.3362,0.3600,0.0855,4.4786,0.9597,0.5393
5,3,1345,1347,3,2,2,0.4167,1345.683,288.841,503.143,9.0126,15.0000,1.1905,0.7152,4.7983,0.6338,0.1686,0.1975,0.9585,0.2851,4.1584,0.3199,0.6984
5,3,1356,1358,3,1,2,0.8333,1357.016,398.000,418.359,9.1539,17.0000,1.3281,1.0773,5.4371,0.5854,0.2927,0.1220,0.9487,0.0000,4.7973,1.9190,0.7188
3,3,1361,1362,2,1,2,0.7500,1361.340,569.000,140.298,8.6777,17.0000,1.0851,0.4523,5.4365,0.5333,0.2667,0.2000,0.7071,0.0000,5.4363,0.7995,1.0000
10,5,1362,1364,3,3,2,0.5556,1363.166,531.921,807.464,15.2694,24.0000,1.5894,0.4986,7.6746,0.2704,0.5206,0.2090,0.5606,0.1382,4.7967,2.0785,0.5894
4,3,1363,1364,2,1,2,1.0000,1363.549,310.000,752.451,8.1542,14.0000,1.0980,0.7105,4.4769,0.0000,0.7500,0.2500,0.0000,0.0000,4.7965,0.9593,0.8235
5,3,1383,1385,3,2,1,0.8333,1383.701,273.388,1064.000,9.5758,17.0000,1.2687,0.8017,5.4331,0.5854,0.2927,0.1220,0.9487,0.0000,4.7938,1.5979,0.6866
10,3,1391,1393,3,3,3,0.3704,1392.263,1077.314,793.161,11.9226,15.0000,1.2712,1.3110,4.7926,0.4556,0.3001,0.2443,0.6506,0.3832,4.3134,1.5976,0.3644
8,3,1398,1400,3,2,2,0.6667,1399.306,613.582,399.592,11.0689,15.0000,1.2245,1.0034,4.7919,0.4396,0.1507,0.4097,0.8641,0.2943,4.3128,0.9584,0.4490
4,3,1401,1402,2,2,1,1.0000,1401.566,351.472,466.000,8.4654,16.0000,1.2075,0.6837,5.1112,0.0000,0.7500,0.2500,1.0000,0.0000,5.1112,0.3194,0.8302
3,3,1402,1403,2,2,1,0.7500,1402.702,305.702,713.000,8.6683,19.0000,1.2128,0.4213,6.0694,0.5333,0.2667,0.2000,0.7071,0.0000,4.1528,0.9583,1.0000
5,3,1405,1406,2,2,2,0.6250,1405.618,636.515,408.147,9.7140,17.0000,1.2500,0.6578,5.4303,0.3432,0.2505,0.4063,0.6059,0.3645,5.1108,1.4374,0.7059
5,3,1408,1410,3,2,1,0.8333,1408.750,357.625,622.000,9.1422,16.0000,1.2500,0.4507,5.1106,0.5854,0.2927,0.1220,0.9487,0.0000,5.1106,0.7985,0.7031
3,3,1411,1412,2,1,2,0.7500,1411.682,621.000,106.636,8.1140,16.0000,1.0909,0.7115,5.1105,0.5333,0.2667,0.2000,0.7071,0.0000,4.7911,1.9164,1.0000
7,3,1413,1415,3,2,2,0.5833,1413.793,562.283,643.717,11.1063,17.0000,1.2935,0.4499,5.4297,0.3772,0.3083,0.3146,0.9758,0.2185,4.7910,1.5970,0.5000
6,3,1418,1420,3,2,3,0.3333,1419.169,476.156,367.636,10.0398,16.0000,1.2468,0.9205,5.1101,0.2963,0.4815,0.2222,0.5345,0.3145,3.9923,0.1597,0.5974
6,3,1418,1420,3,2,2,0.5000,1418.787,649.450,849.150,10.4310,17.0000,1.2750,0.5198,5.4295,0.3810,0.3333,0.2857,0.9487,0.1690,4.9504,1.5969,0.6000
4,3,1424,1426,3,1,2,0.6667,1424.808,788.000,398.192,8.3035,14.0000,1.0769,0.8303,4.4712,0.7500,0.1500,0.1000,0.9487,0.0000,4.9502,1.9162,0.8077
3,3,1437,1439,3,1,1,1.0000,1438.000,303.000,534.000,7.9276,15.0000,1.0465,0.0000,4.7899,0.8889,0.0000,0.1111,1.0000,0.0000,4.7899,0.7983,1.0000
3,3,1442,1443,2,1,2,0.7500,1442.326,282.000,282.696,8.4801,17.0000,1.1087,0.4460,5.4282,0.5333,0.2667,0.2000,0.7071,0.0000,5.1088,1.5965,1.0000
5,3,1458,1460,3,1,2,0.8333,1458.738,495.000,439.554,9.2785,15.0000,1.1538,0.6125,4.7878,0.5854,0.2927,0.1220,0.9487,0.0000,5.1071,0.3192,0.6769
5,3,1468,1469,2,1,3,0.8333,1468.613,663.000,354.694,8.8478,15.0000,1.2097,0.4937,4.7865,0.5854,0.2927,0.1220,0.3162,0.0000,4.7864,1.5955,0.6935
4,3,1468,1469,2,2,1,1.0000,1468.558,767.538,899.000,8.2966,15.0000,1.1538,0.6968,4.7865,0.0000,0.7500,0.2500,1.0000,0.0000,5.1056,1.7550,0.8269
5,4,1473,1474,2,2,2,0.6250,1473.606,436.197,646.380,10.1308,16.0000,1.1268,0.5823,5.1049,0.3432,0.2505,0.4063,0.6059,0.3645,4.7860,2.2334,0.8169
6,3,1475,1477,3,2,2,0.5000,1475.936,425.385,722.731,10.1594,17.0000,1.3077,0.4738,5.4237,0.6381,0.1455,0.2164,0.8019,0.3768,4.7856,1.5952,0.6026
4,3,1477,1478,2,2,1,1.0000,1477.547,963.472,924.000,8.4544,15.0000,1.1321,0.6958,4.7855,0.0000,0.7500,0.2500,1.0000,0.0000,4.1475,0.9571,0.8113
4,3,1481,1484,4,1,1,1.0000,1482.621,314.000,513.000,9.2513,19.0000,1.3103,0.3793,6.0612,0.9375,0.0000,0.0625,1.0000,0.0000,4.7852,1.2760,0.8103
5,3,1482,1484,3,1,2,0.8333,1483.182,370.000,426.652,9.4159,18.0000,1.3636,0.3931,5.7422,0.5854,0.2927,0.1220,0.9487,0.0000,4.7851,0.9570,0.6970
3,3,1484,1486,3,1,1,1.0000,1485.000,503.000,578.000,7.7355,14.0000,1.0000,1.0000,4.4661,0.8889,0.0000,0.1111,1.0000,0.0000,4.7851,0.9570,1.0000
6,3,1486,1487,2,2,2,0.7500,1486.507,671.267,1003.560,9.7676,16.0000,1.2800,0.7221,5.1041,0.2667,0.1333,0.6000,0.7071,0.7071,4.3066,1.2760,0.6000
6,3,1486,1487,2,2,3,0.5000,1486.474,796.487,480.962,10.1583,15.0000,1.1538,0.6811,4.7851,0.6168,0.1058,0.2774,0.5000,0.5000,4.9446,1.9140,0.5641
5,3,1494,1495,2,2,2,0.6250,1494.533,639.467,522.850,8.5607,14.0000,1.1667,0.7244,4.4666,0.3432,0.2505,0.4063,0.6059,0.3645,4.7855,1.1167,0.7000
6,3,1497,1498,2,2,2,0.7500,1497.625,284.472,647.556,9.3786,16.0000,1.3333,0.7853,5.1052,0.0000,0.6000,0.4000,0.7071,0.5774,3.9884,0.9572,0.6250
4,3,1518,1519,2,1,2,1.0000,1518.444,537.000,118.481,8.6264,16.0000,1.1852,0.6829,5.1118,0.0000,0.7500,0.2500,0.0000,0.0000,4.7925,0.9585,0.8148
3,3,1520,1521,2,2,1,0.7500,1520.326,248.326,665.000,7.9332,15.0000,1.0465,0.4604,4.7931,0.5333,0.2667,0.2000,0.7071,0.0000,4.1545,1.4378,1.0000
4,3,1520,1521,2,3,1,0.6667,1520.259,498.667,759.000,8.6278,15.0000,1.1111,0.7153,4.7931,0.7500,0.1500,0.1000,0.3162,0.0000,4.7933,1.5977,0.7963
6,3,1521,1524,4,2,2,0.3750,1522.548,550.863,582.726,9.5251,16.0000,1.3151,0.5461,5.1140,0.6410,0.2138,0.1452,0.9804,0.0231,4.4743,1.5981,0.6027
4,3,1523,1524,2,1,2,1.0000,1523.456,538.000,778.404,9.1097,17.0000,1.1930,0.6090,5.4341,0.0000,0.7500,0.2500,0.0000,0.0000,5.2738,1.1188,0.8421
6,3,1529,1530,2,2,2,0.7500,1529.472,872.653,644.750,9.4003,15.0000,1.2500,0.6372,4.7969,0.2000,0.3333,0.4667,0.0000,0.0000,4.6371,1.7590,0.5972
9,3,1530,1532,3,2,3,0.5000,1530.864,658.729,550.017,12.5805,18.0000,1.3729,0.7415,5.7572,0.5418,0.1816,0.2766,0.7831,0.3304,4.4779,0.9596,0.4068
5,3,1533,1535,3,1,3,0.5556,1533.754,416.000,498.213,8.7273,14.0000,1.1475,0.7836,4.4789,0.8123,0.1108,0.0769,0.7071,0.0000,4.7985,1.5996,0.6885
4,3,1538,1540,3,2,1,0.6667,1538.983,687.190,418.000,9.2809,18.0000,1.2414,0.1904,5.7606,0.5357,0.3214,0.1429,1.0000,0.0000,4.9605,0.9601,0.8103
6,3,1538,1540,3,2,2,0.5000,1539.069,770.389,418.736,9.4070,15.0000,1.2500,0.4751,4.8005,0.6381,0.1455,0.2164,0.8019,0.3768,4.1604,0.9601,0.5972
14,4,1539,1541,3,3,3,0.5185,1539.977,628.547,823.221,14.7124,17.0000,1.3837,0.5899,5.4409,0.4477,0.2004,0.3519,0.6777,0.4974,4.3206,1.2802,0.4302
7,3,1542,1544,3,2,2,0.5833,1543.069,697.701,442.230,10.5260,17.0000,1.3678,0.3833,5.4418,0.6517,0.0773,0.2710,0.8881,0.0000,4.1615,0.9603,0.5172
6,3,1542,1544,3,1,2,1.0000,1543.054,1038.000,540.514,9.6705,14.0000,1.1351,0.5164,4.4817,0.5556,0.3333,0.1111,1.0000,0.0000,4.3215,0.9603,0.5676
6,4,1544,1546,3,2,2,0.5000,1545.232,753.841,502.354,10.7169,15.0000,1.0976,0.4515,4.8022,0.5230,0.1584,0.3185,0.9225,0.0898,4.9622,1.7607,0.7195
4,3,1548,1550,3,2,1,0.6667,1548.885,591.558,504.000,8.3245,15.0000,1.1538,0.9890,4.8025,0.7576,0.1294,0.1129,0.8507,0.0000,4.1623,1.2807,0.8269
5,3,1551,1552,2,3,1,0.8333,1551.492,422.222,553.000,9.0211,17.0000,1.3492,0.5544,5.4432,0.5854,0.2927,0.1220,0.3162,0.0000,4.8028,1.2807,0.7143
4,3,1555,1556,2,2,1,1.0000,1555.541,244.590,696.000,9.7660,18.0000,1.1803,0.6787,5.7635,0.0000,0.7500,0.2500,1.0000,0.0000,5.6034,0.9606,0.8361
4,3,1557,1559,3,1,2,0.6667,1557.902,592.000,372.725,8.1649,14.0000,1.0980,0.9428,4.4827,0.5357,0.3214,0.1429,1.0000,0.0000,4.8029,1.2808,0.8235
3,3,1574,1576,3,1,1,1.0000,1575.000,1104.000,786.000,8.3133,17.0000,1.1333,0.0000,5.4397,0.8889,0.0000,0.1111,1.0000,0.0000,4.4800,0.9599,1.0000
7,3,1575,1578,4,2,2,0.4375,1576.602,609.867,880.530,10.0372,16.0000,1.3494,0.6758,5.1191,0.7406,0.0824,0.1770,0.9316,0.0988,3.1994,0.9598,0.5301
4,3,1577,1578,2,1,2,1.0000,1577.557,939.000,359.574,9.7579,19.0000,1.2459,0.6145,6.0785,0.0000,0.7500,0.2500,0.0000,0.0000,5.2789,1.1197,0.8197
7,3,1579,1581,3,3,2,0.3889,1580.362,714.000,502.400,9.6721,15.0000,1.3125,0.5398,4.7982,0.5780,0.1560,0.2660,0.7697,0.1362,3.1990,1.5993,0.5500
4,3,1581,1582,2,1,2,1.0000,1581.500,436.000,449.464,8.9559,16.0000,1.1429,0.6823,5.1178,0.0000,0.7500,0.2500,0.0000,0.0000,4.1580,1.7591,0.7857
3,3,1583,1584,2,1,2,0.7500,1583.636,234.000,407.682,8.1243,16.0000,1.0909,0.7115,5.1172,0.5333,0.2667,0.2000,0.7071,0.0000,4.7971,2.7184,1.0000
4,3,1587,1589,3,2,1,0.6667,1587.782,286.782,401.000,8.7925,15.0000,1.0909,0.3086,4.7958,0.7500,0.1500,0.1000,0.9487,0.0000,5.1155,1.1190,0.7818
10,3,1588,1591,4,2,3,0.4167,1589.829,999.393,542.513,11.8280,14.0000,1.1966,1.0511,4.4758,0.7224,0.1113,0.1662,0.8487,0.4809,4.4758,1.5984,0.4786
6,4,1593,1594,2,2,3,0.5000,1593.341,517.634,266.012,10.6998,16.0000,1.1707,0.7203,5.1140,0.1333,0.2667,0.6000,0.0000,0.7071,4.7942,1.4384,0.7195
13,4,1602,1604,3,2,3,0.7222,1603.006,1075.348,841.174,14.2653,20.0000,1.6149,0.3889,6.3893,0.4305,0.2049,0.3646,0.8137,0.1248,4.1531,0.9584,0.3913
5,3,1609,1610,2,2,2,0.6250,1609.773,397.636,607.348,9.4270,15.0000,1.1364,0.9224,4.7909,0.3432,0.2505,0.4063,0.5155,0.8569,4.7908,0.6388,0.6515
4,3,1615,1617,3,2,1,0.6667,1615.906,671.264,224.000,8.4623,15.0000,1.1321,0.9434,4.7901,0.5357,0.3214,0.1429,1.0000,0.0000,4.7900,1.2773,0.8113
4,3,1621,1622,2,1,2,1.0000,1621.509,766.000,377.509,9.1000,15.0000,1.0526,0.7072,4.7895,0.0000,0.7500,0.2500,0.0000,0.0000,5.1087,0.9579,0.7719
5,3,1622,1623,2,2,2,0.6250,1622.603,387.441,426.853,9.7098,16.0000,1.1765,0.7011,5.1086,0.3432,0.2505,0.4063,0.6059,0.3645,4.7894,1.7561,0.6618
5,3,1624,1626,3,1,2,0.8333,1624.803,816.000,547.465,10.1379,19.0000,1.3380,0.5704,6.0663,0.5854,0.2927,0.1220,0.9487,0.0000,4.7893,1.9157,0.6901
4,3,1626,1628,3,2,1,0.6667,1627.062,736.422,468.000,10.2167,21.0000,1.3125,0.4265,6.7047,0.7576,0.1294,0.1129,0.8507,0.0000,5.2680,1.9156,0.8125
4,3,1640,1642,3,1,2,0.6667,1640.945,402.000,171.727,8.7791,15.0000,1.0909,0.7293,4.7886,0.5357,0.3214,0.1429,1.0000,0.0000,4.9482,1.7558,0.8000
8,3,1654,1656,3,3,2,0.4444,1654.870,758.670,525.110,11.2864,16.0000,1.2800,0.6913,5.1076,0.5661,0.2858,0.1481,0.6554,0.2323,4.3096,0.9577,0.4500
6,3,1660,1662,3,3,1,0.6667,1660.789,116.803,504.000,9.2529,15.0000,1.2676,0.8130,4.7884,0.4000,0.4800,0.1200,0.7071,0.0000,3.9903,1.5961,0.6197
4,3,1660,1661,2,2,1,1.0000,1660.500,816.435,468.000,9.8960,19.0000,1.2258,0.6631,6.0653,0.0000,0.7500,0.2500,1.0000,0.0000,5.5864,1.4365,0.8065
15,4,1660,1662,3,3,6,0.2778,1660.750,1066.000,484.706,14.8363,16.0000,1.3333,0.7485,5.1076,0.7871,0.0729,0.1400,0.0511,0.2847,3.8307,1.5961,0.4111
4,3,1663,1665,3,2,1,0.6667,1664.050,861.450,930.000,9.5767,17.0000,1.1333,0.4528,5.4268,0.7576,0.1294,0.1129,0.8507,0.0000,5.1076,1.5961,0.7833
4,3,1665,1666,2,1,2,1.0000,1665.536,615.000,343.518,8.9383,15.0000,1.0714,0.6955,4.7884,0.0000,0.7500,0.2500,0.0000,0.0000,5.2672,1.7557,0.7857
6,4,1672,1673,2,3,2,0.5000,1672.692,477.115,484.859,10.1652,15.0000,1.1538,1.1656,4.7884,0.5230,0.1584,0.3185,0.3667,0.5079,5.1076,0.9577,0.7308
6,3,1672,1674,3,3,1,0.6667,1673.062,721.150,430.000,10.4259,15.0000,1.1250,0.9494,4.7884,0.6944,0.2222,0.0833,0.8000,0.0000,4.7884,1.2769,0.5375
4,3,1673,1675,3,1,2,0.6667,1674.000,710.000,290.175,9.0979,19.0000,1.3333,0.1754,6.0653,0.5357,0.3214,0.1429,1.0000,0.0000,4.7884,0.6385,0.8246
4,3,1674,1675,2,2,2,0.5000,1674.537,337.833,416.259,8.6191,16.0000,1.1852,0.6192,5.1076,0.5916,0.1015,0.3069,0.7071,0.7071,5.2672,1.9154,0.8333
6,3,1675,1677,3,2,2,0.5000,1675.831,233.753,462.130,10.0349,17.0000,1.3247,0.8767,5.4269,0.5230,0.1584,0.3185,0.9225,0.0898,4.4692,1.7557,0.6234
7,4,1675,1677,3,2,2,0.5833,1676.000,981.562,696.124,10.7384,16.0000,1.2584,0.5752,5.1076,0.4600,0.2645,0.2756,1.0000,0.0000,5.1076,1.2769,0.6629
3,3,1676,1678,3,1,1,1.0000,1677.039,682.000,496.000,9.3996,21.0000,1.2353,0.0392,6.7038,0.8889,0.0000,0.1111,1.0000,0.0000,5.7461,1.9154,1.0000
5,3,1676,1678,3,2,1,0.8333,1676.757,806.343,509.000,9.9934,17.0000,1.2143,0.4202,5.4269,0.5854,0.2927,0.1220,0.9487,0.0000,4.7884,1.5961,0.6714
5,3,1701,1703,3,1,2,0.8333,1702.286,628.000,572.371,9.9953,18.0000,1.2857,0.8051,5.7472,0.5854,0.2927,0.1220,0.9487,0.0000,5.4279,1.4368,0.7143
3,3,1714,1715,2,2,1,0.7500,1714.326,520.326,527.000,7.9282,15.0000,1.0465,0.4604,4.7902,0.5333,0.2667,0.2000,0.7071,0.0000,4.7903,0.7984,1.0000
6,3,1722,1723,2,1,3,1.0000,1722.562,824.000,332.850,10.4317,18.0000,1.3500,0.4625,5.7493,0.5556,0.3333,0.1111,0.0000,0.0000,4.4716,0.7985,0.6125
4,3,1725,1726,2,2,1,1.0000,1725.549,122.549,765.000,8.1454,14.0000,1.0980,0.7105,4.4720,0.0000,0.7500,0.2500,1.0000,0.0000,4.1525,0.6389,0.8235
7,4,1725,1726,2,3,2,0.5833,1725.565,396.902,639.554,11.1073,17.0000,1.2935,0.7113,5.4303,0.5352,0.1763,0.2885,0.2673,0.0986,5.1108,0.9583,0.7065
6,3,1727,1728,2,1,4,0.7500,1727.451,573.000,289.324,9.2592,15.0000,1.2676,0.5550,4.7916,0.7692,0.1538,0.0769,0.3162,0.0000,4.4721,1.5972,0.6056
9,3,1730,1732,3,5,3,0.2000,1730.861,482.139,765.653,10.7554,15.0000,1.3366,0.6822,4.7921,0.8127,0.0883,0.0991,0.2847,0.4275,3.1947,1.2779,0.4455
4,3,1737,1739,3,1,2,0.6667,1737.926,550.000,361.481,8.6271,16.0000,1.1852,0.5238,5.1124,0.7576,0.1294,0.1129,0.8507,0.0000,5.1123,1.7574,0.8148
4,3,1741,1744,4,1,1,1.0000,1742.667,999.000,543.000,9.1075,19.0000,1.3333,0.3333,6.0717,0.9375,0.0000,0.0625,1.0000,0.0000,5.2728,1.5978,0.8421
4,3,1744,1746,3,1,2,0.6667,1745.074,664.000,937.463,8.6287,15.0000,1.1111,0.4689,4.7937,0.7576,0.1294,0.1129,0.8507,0.0000,4.3144,1.5978,0.8148
4,4,1745,1746,2,2,1,1.0000,1745.500,568.500,558.000,8.9484,14.0000,1.0000,0.7071,4.4743,0.0000,0.7500,0.2500,1.0000,0.0000,5.1134,1.2784,1.0000
3,3,1745,1746,2,2,1,0.7500,1745.667,855.333,900.000,7.7496,14.0000,1.0000,0.7454,4.4743,0.5333,0.2667,0.2000,0.7071,0.0000,4.7939,1.9175,1.0000
7,3,1752,1754,3,2,3,0.3889,1752.753,620.788,337.412,10.2693,17.0000,1.4000,0.5248,5.4340,0.7140,0.0858,0.2003,0.7585,0.3162,3.5162,0.9589,0.5529
6,3,1753,1755,3,2,2,0.5000,1754.158,585.855,864.539,9.9180,15.0000,1.1842,0.5079,4.7949,0.3810,0.3333,0.2857,0.9487,0.1690,4.4752,1.2787,0.5658
15,5,1758,1760,3,3,4,0.4167,1759.074,327.163,1026.586,16.7571,24.0000,1.7734,0.6128,7.6729,0.3326,0.1915,0.4759,0.1570,0.0787,4.1561,1.2788,0.4532
8,3,1760,1762,3,2,2,0.6667,1760.557,510.402,254.423,10.9646,15.0000,1.2371,0.8064,4.7958,0.4716,0.1249,0.4035,0.8929,0.1898,4.3162,0.9591,0.4536
3,3,1761,1763,3,1,1,1.0000,1761.955,833.000,534.000,8.1222,16.0000,1.0909,0.9545,5.1155,0.8889,0.0000,0.1111,1.0000,0.0000,4.7961,1.2790,1.0000
3,3,1766,1768,3,1,1,1.0000,1767.040,728.000,894.000,9.2312,20.0000,1.2000,0.0400,6.3956,0.8889,0.0000,0.1111,1.0000,0.0000,5.4363,0.9594,1.0000
7,3,1768,1769,2,2,2,0.8750,1768.562,663.573,527.618,10.7575,15.0000,1.1798,0.8024,4.7970,0.0000,0.3318,0.6682,0.8165,0.5774,4.4772,0.9594,0.4944
5,3,1769,1771,3,2,2,0.4167,1769.552,842.134,546.254,9.5823,17.0000,1.2687,0.9380,5.4366,0.6338,0.1686,0.1975,0.9585,0.2851,5.4366,1.7589,0.7015
8,3,1776,1777,2,3,2,0.6667,1776.460,537.820,570.650,11.3093,17.0000,1.3600,0.6054,5.4378,0.5251,0.2126,0.2623,0.3865,0.7589,4.4782,2.2390,0.4500
5,3,1781,1783,3,2,1,0.8333,1782.246,253.623,815.000,8.7280,15.0000,1.2295,0.8431,4.7992,0.5854,0.2927,0.1220,0.9487,0.0000,4.7991,0.3200,0.7049
8,3,1785,1787,3,3,3,0.2963,1785.705,519.947,433.453,10.7475,15.0000,1.2632,0.5427,4.7998,0.6806,0.1265,0.1929,0.5749,0.0527,4.3198,1.5999,0.4526
5,3,1787,1788,2,1,3,0.8333,1787.538,946.000,168.200,9.3023,16.0000,1.2308,0.5744,5.1202,0.5854,0.2927,0.1220,0.3162,0.0000,4.1600,0.3200,0.7077
5,3,1790,1791,2,2,2,0.6250,1790.377,1020.852,235.623,8.7309,15.0000,1.2295,0.5533,4.8006,0.3432,0.2505,0.4063,0.6059,0.3645,4.8006,0.9601,0.7049
4,3,1796,1798,3,1,2,0.6667,1796.981,559.000,293.833,8.6440,16.0000,1.1852,0.1677,5.1223,0.5357,0.3214,0.1429,1.0000,0.0000,4.9623,0.6403,0.8333
5,3,1799,1801,3,2,2,0.4167,1799.824,712.559,216.853,9.7372,18.0000,1.3235,0.6042,5.7635,0.7729,0.0435,0.1836,0.8328,0.5477,5.1228,1.2808,0.6765
3,3,1804,1805,2,1,2,0.7500,1804.667,784.000,367.333,7.7664,14.0000,1.0000,0.7454,4.4840,0.5333,0.2667,0.2000,0.7071,0.0000,4.8043,1.4412,1.0000
5,4,1806,1807,2,2,2,0.6250,1806.426,949.426,595.162,9.7409,15.0000,1.1029,0.8271,4.8049,0.3432,0.2505,0.4063,0.6059,0.3645,4.8046,1.6015,0.8382
4,3,1809,1811,3,2,1,0.6667,1810.073,587.745,584.000,8.8106,15.0000,1.0909,0.2647,4.8061,0.5357,0.3214,0.1429,1.0000,0.0000,4.9659,1.4417,0.8000
4,3,1815,1816,2,2,1,1.0000,1815.491,1158.439,517.000,9.1343,18.0000,1.2632,0.6585,5.7688,0.0000,0.7500,0.2500,1.0000,0.0000,4.8077,0.9615,0.8070
7,3,1826,1828,3,2,2,0.5833,1826.880,559.566,799.892,10.0632,15.0000,1.2651,0.4630,4.8117,0.5916,0.2044,0.2040,0.9664,0.1591,4.8121,1.9246,0.5181
4,4,1831,1832,2,1,2,1.0000,1831.525,942.000,357.492,9.4667,16.0000,1.0847,0.6832,5.1347,0.0000,0.7500,0.2500,0.0000,0.0000,5.2950,1.9254,1.0000
4,3,1832,1834,3,1,2,0.6667,1833.000,775.000,611.176,8.1842,14.0000,1.0980,1.0155,4.4937,0.5357,0.3214,0.1429,1.0000,0.0000,4.8140,1.1233,0.8235
4,3,1853,1855,3,1,2,0.6667,1853.918,749.000,426.754,9.8101,21.0000,1.3770,0.2592,6.7546,0.5357,0.3214,0.1429,1.0000,0.0000,5.1461,1.9299,0.8361
4,3,1857,1858,2,1,3,0.6667,1857.839,840.000,102.000,9.0103,17.0000,1.2143,0.1607,5.4706,0.5357,0.3214,0.1429,0.0000,0.0000,5.1488,1.4480,0.8393
4,3,1860,1862,3,2,1,0.6667,1860.604,1179.717,832.000,8.5305,15.0000,1.1321,0.9373,4.8282,0.7500,0.1500,0.1000,0.9487,0.0000,4.9895,0.9657,0.8302
6,3,1866,1868,3,3,1,0.6667,1866.803,1038.250,795.000,9.9958,17.0000,1.3421,0.3185,5.4770,0.4000,0.4800,0.1200,0.7071,0.0000,4.8324,1.9328,0.6053
6,3,1868,1870,3,2,2,0.5000,1868.788,1105.671,645.882,11.1825,18.0000,1.2706,0.4089,5.8007,0.5230,0.1584,0.3185,0.9225,0.0898,4.8339,0.6446,0.5765
5,3,1869,1871,3,2,2,0.4167,1869.985,775.862,363.846,9.3690,18.0000,1.3846,0.2075,5.8015,0.7958,0.0325,0.1718,0.9294,0.3690,4.8340,0.9669,0.7077
9,4,1886,1888,3,2,2,0.7500,1886.855,758.682,553.409,11.8462,16.0000,1.3091,0.5383,5.1694,0.4875,0.0908,0.4217,0.9594,0.1156,3.8776,1.2923,0.5364
3,3,1887,1888,2,1,2,0.7500,1887.689,740.000,463.644,8.3948,16.0000,1.0667,0.7156,5.1701,0.5333,0.2667,0.2000,0.7071,0.0000,5.1701,0.9693,1.0000
5,3,1887,1889,3,2,2,0.4167,1887.917,991.850,595.550,8.6704,15.0000,1.2500,0.4816,4.8470,0.5461,0.2256,0.2283,0.8117,0.4177,4.8469,1.9389,0.7000
5,3,1889,1890,2,2,2,0.6250,1889.435,619.855,656.516,8.9614,16.0000,1.2903,0.6907,5.1709,0.3432,0.2505,0.4063,0.6059,0.3645,3.8788,0.9694,0.6935
3,3,1889,1889,1,3,1,1.0000,1889.000,882.975,735.000,7.4635,14.0000,1.0500,0.9750,4.5245,0.8889,0.0000,0.1111,0.0000,1.0000,4.5244,0.8080,1.0000
5,3,1892,1894,3,1,3,0.5556,1893.323,626.000,88.871,8.9666,17.0000,1.3710,1.1034,5.4981,0.5532,0.3398,0.1070,0.8281,0.0000,4.5273,1.2934,0.6935
6,3,1892,1894,3,1,3,0.6667,1893.400,848.000,773.086,9.2416,14.0000,1.2000,0.4091,4.5278,0.2083,0.6667,0.1250,0.8944,0.0000,4.0427,1.1320,0.5857
3,3,1892,1893,2,2,1,0.7500,1892.350,1157.675,806.000,7.4672,14.0000,1.0500,0.7267,4.5272,0.5333,0.2667,0.2000,0.7071,0.0000,3.8800,1.2935,1.0000
3,3,1894,1895,2,1,2,0.7500,1894.667,499.000,311.667,7.2830,13.0000,1.0000,0.7454,4.2051,0.5333,0.2667,0.2000,0.7071,0.0000,4.8519,1.1322,1.0000
4,3,1894,1895,2,2,2,0.5000,1894.732,542.250,563.839,9.0567,18.0000,1.2857,0.4001,5.8224,0.0000,0.5625,0.4375,0.4459,0.5774,5.3368,1.9407,0.8393
3,3,1894,1894,1,2,2,0.7500,1894.000,586.689,460.333,8.4026,16.0000,1.0667,0.4560,5.1747,0.5333,0.2667,0.2000,0.0000,1.0000,5.1747,1.2938,1.0000
3,3,1894,1895,2,1,2,0.7500,1894.683,739.000,83.683,7.6565,15.0000,1.0976,0.4484,4.8520,0.5333,0.2667,0.2000,0.7071,0.0000,4.5286,1.6174,1.0000
4,3,1895,1897,3,1,2,0.6667,1895.941,1123.000,378.471,8.2495,14.0000,1.0980,0.4743,4.5292,0.7576,0.1294,0.1129,0.8507,0.0000,5.0141,0.6469,0.8039
5,4,1896,1898,3,1,2,0.8333,1897.200,581.000,412.631,9.4059,15.0000,1.1538,0.4199,4.8534,0.5854,0.2927,0.1220,0.9487,0.0000,4.8540,1.2941,0.8308
6,3,1897,1899,3,3,2,0.3333,1898.014,821.197,561.338,9.3801,15.0000,1.2676,0.3916,4.8541,0.4635,0.2905,0.2460,0.5935,0.6387,4.2072,1.6178,0.5775
6,3,1898,1900,3,2,1,1.0000,1899.043,621.522,725.000,9.1172,14.0000,1.2174,0.5235,4.5312,0.5556,0.3333,0.1111,1.0000,0.0000,4.0458,1.2945,0.5942
4,3,1898,1900,3,2,1,0.6667,1899.036,989.196,524.000,9.0625,17.0000,1.2143,0.1996,5.5022,0.5357,0.3214,0.1429,1.0000,0.0000,4.2076,0.9708,0.8036
4,3,1899,1901,3,1,2,0.6667,1900.150,777.000,215.817,9.7114,17.0000,1.1333,1.1645,5.5030,0.7500,0.1500,0.1000,0.9487,0.0000,5.5031,1.6189,0.8167
6,3,1899,1900,2,3,1,1.0000,1899.533,853.080,531.000,9.9108,15.0000,1.2000,1.0316,4.8556,0.5556,0.3333,0.1111,0.0000,0.0000,4.3696,1.6183,0.5467
8,3,1900,1902,3,3,3,0.2963,1900.978,805.587,874.967,10.5307,15.0000,1.3043,1.0521,4.8563,0.3185,0.3071,0.3744,0.7392,0.4271,4.0470,0.9713,0.4457
5,3,1901,1902,2,2,2,0.6250,1901.548,230.145,744.581,8.9776,15.0000,1.2097,0.8118,4.8563,0.3432,0.2505,0.4063,0.6059,0.3645,4.5326,1.2953,0.6774
5,3,1901,1902,2,2,2,0.6250,1901.448,497.172,812.621,8.3982,13.0000,1.1207,0.6120,4.2094,0.3432,0.2505,0.4063,0.6059,0.3645,4.5326,1.6188,0.6724
4,3,1901,1902,2,1,3,0.6667,1901.745,685.000,518.275,8.2567,13.0000,1.0196,1.0400,4.2094,0.7500,0.1500,0.1000,0.3162,0.0000,4.5330,1.7807,0.7647
6,3,1904,1905,2,2,2,0.7500,1904.500,670.729,1012.686,9.2569,16.0000,1.3714,0.6500,5.1824,0.2000,0.3333,0.4667,0.0000,0.0000,4.0490,0.9717,0.6000
4,3,1905,1906,2,2,1,1.0000,1905.520,946.480,899.000,8.0993,13.0000,1.0400,0.7077,4.2119,0.0000,0.7500,0.2500,1.0000,0.0000,4.5356,1.7819,0.7800
5,3,1905,1907,3,1,2,0.8333,1906.200,958.000,522.533,8.6940,15.0000,1.2500,0.5696,4.8599,0.5854,0.2927,0.1220,0.9487,0.0000,4.5361,1.2961,0.6833
4,3,1906,1908,3,2,1,0.6667,1906.873,984.836,623.000,8.9111,18.0000,1.3091,0.2073,5.8328,0.7500,0.1500,0.1000,0.9487,0.0000,5.1847,1.2962,0.8364
5,3,1906,1907,2,2,2,0.6250,1906.594,1051.484,420.859,9.2741,16.0000,1.2500,0.7989,5.1839,0.3432,0.2505,0.4063,0.6059,0.3645,4.8607,1.7819,0.7031
4,3,1913,1914,2,1,2,1.0000,1913.544,829.000,344.544,9.2443,17.0000,1.1930,0.7098,5.5145,0.0000,0.7500,0.2500,0.0000,0.0000,5.6761,1.2974,0.8421
3,3,1913,1914,2,1,2,0.7500,1913.667,890.000,548.333,8.4273,15.0000,1.0000,0.7454,4.8657,0.5333,0.2667,0.2000,0.7071,0.0000,5.5146,2.1088,1.0000
4,3,1913,1914,2,2,2,0.5000,1913.545,935.164,705.709,8.9199,16.0000,1.1636,0.6395,5.1901,0.5916,0.1015,0.3069,0.7071,0.7071,5.1897,0.9729,0.8364
4,3,1915,1916,2,2,2,0.5000,1915.460,584.800,792.720,8.1113,14.0000,1.1200,0.8775,4.5420,0.5916,0.1015,0.3069,0.7071,0.7071,4.5424,0.6491,0.8000
5,3,1915,1917,3,2,2,0.4167,1916.083,765.367,547.850,8.7068,15.0000,1.2500,0.4048,4.8672,0.5461,0.2256,0.2283,0.8117,0.4177,4.5428,1.4600,0.7000
3,3,1920,1921,2,1,2,0.7500,1920.325,1171.000,499.650,7.4983,14.0000,1.0500,0.7267,4.5454,0.5333,0.2667,0.2000,0.7071,0.0000,3.8967,0.9742,1.0000
7,3,1921,1923,3,2,2,0.5833,1921.699,1213.265,444.289,10.1878,13.0000,1.0964,0.8014,4.2220,0.3772,0.3083,0.3146,0.9758,0.2185,4.2214,0.9743,0.4699
5,3,1923,1925,3,1,2,0.8333,1924.233,708.000,131.550,8.7172,14.0000,1.1667,0.5974,4.5481,0.5854,0.2927,0.1220,0.9487,0.0000,4.5488,1.2996,0.6833
4,3,1924,1926,3,2,1,0.6667,1924.964,1005.214,552.000,9.0974,16.0000,1.1429,0.2172,5.1985,0.5357,0.3214,0.1429,1.0000,0.0000,4.8735,1.4621,0.7857
3,3,1928,1930,3,1,1,1.0000,1929.000,502.000,490.000,7.5078,14.0000,1.0500,0.0000,4.5514,0.8889,0.0000,0.1111,1.0000,0.0000,4.2269,1.6252,1.0000
3,3,1928,1929,2,1,2,0.7500,1928.325,1020.000,578.350,7.5071,14.0000,1.0500,0.7267,4.5507,0.5333,0.2667,0.2000,0.7071,0.0000,4.5513,0.9753,1.0000
4,3,1930,1931,2,1,2,1.0000,1930.547,564.000,703.528,8.6170,15.0000,1.1321,0.6539,4.8778,0.0000,0.7500,0.2500,0.0000,0.0000,4.7149,0.6505,0.7925
10,4,1933,1935,3,2,4,0.4167,1934.296,210.584,415.592,12.8603,16.0000,1.2800,0.7715,5.2053,0.4852,0.2088,0.3060,0.5007,0.5045,4.2295,0.9762,0.4720
5,3,1933,1934,2,2,3,0.4167,1933.776,877.328,872.276,8.4382,13.0000,1.1207,1.1107,4.2293,0.7729,0.0435,0.1836,0.2791,0.2890,4.5540,1.1386,0.6724
4,3,1935,1937,3,2,1,0.6667,1936.093,1008.574,473.000,8.7864,17.0000,1.2593,0.4359,5.5321,0.7576,0.1294,0.1129,0.8507,0.0000,5.2069,2.2776,0.8333
7,3,1935,1937,3,2,2,0.5833,1935.856,1012.578,446.900,11.0695,18.0000,1.4000,0.6039,5.8575,0.5916,0.2044,0.2040,0.9664,0.1591,4.2309,1.7897,0.5667
4,3,1937,1938,2,2,2,0.5000,1937.780,1098.480,863.260,8.1375,13.0000,1.0400,0.5886,4.2316,0.5916,0.1015,0.3069,0.5000,0.5000,4.5571,1.6276,0.7800
5,3,1941,1942,2,2,2,0.6250,1941.415,807.846,379.369,9.4666,17.0000,1.3077,0.5767,5.5359,0.3432,0.2505,0.4063,0.6059,0.3645,4.8851,1.3027,0.6769
3,3,1944,1945,2,1,2,0.7500,1944.325,533.000,448.350,7.5238,14.0000,1.0500,0.7267,4.5608,0.5333,0.2667,0.2000,0.7071,0.0000,4.5614,1.4660,1.0000
4,3,1946,1948,3,1,2,0.6667,1946.946,507.000,806.446,9.1252,18.0000,1.2857,0.4496,5.8662,0.7576,0.1294,0.1129,0.8507,0.0000,4.8883,2.2808,0.8214
3,3,1946,1947,2,1,2,0.7500,1946.682,664.000,327.341,8.2787,15.0000,1.0227,0.4663,4.8885,0.5333,0.2667,0.2000,0.7071,0.0000,5.2144,1.3036,1.0000
3,3,1946,1947,2,2,1,0.7500,1946.633,1299.653,592.000,9.2194,18.0000,1.1020,0.7215,5.8655,0.5333,0.2667,0.2000,0.7071,0.0000,5.8662,1.6295,1.0000
4,3,1947,1948,2,2,2,0.5000,1947.283,993.170,380.566,8.6367,15.0000,1.1321,0.5452,4.8892,0.5916,0.1015,0.3069,0.5000,0.5000,5.0516,1.3037,0.8302
5,3,1947,1948,2,3,1,0.8333,1947.695,1118.847,697.000,8.5999,15.0000,1.2712,0.3411,4.8892,0.5854,0.2927,0.1220,0.3162,0.0000,4.5632,1.6298,0.6949
4,3,1950,1952,3,2,1,0.6667,1950.902,877.451,729.000,8.3147,14.0000,1.0980,1.0084,4.5650,0.7576,0.1294,0.1129,0.8507,0.0000,5.2167,1.7931,0.8235
3,3,1950,1951,2,2,1,0.7500,1950.675,912.325,970.000,7.5299,14.0000,1.0500,0.4596,4.5650,0.5333,0.2667,0.2000,0.7071,0.0000,3.9129,0.9781,1.0000
4,3,1950,1951,2,1,2,1.0000,1950.558,940.000,385.442,8.4773,16.0000,1.2308,0.6255,5.2171,0.0000,0.7500,0.2500,0.0000,0.0000,4.5647,0.8151,0.8077
3,3,1952,1953,2,1,2,0.7500,1952.643,863.000,351.690,7.9084,15.0000,1.0714,0.7135,4.8917,0.5333,0.2667,0.2000,0.7071,0.0000,4.8923,1.1414,1.0000
4,3,1954,1955,2,2,2,0.5000,1954.255,880.255,617.176,8.3182,16.0000,1.2549,0.4014,5.2191,0.0000,0.5625,0.4375,0.4459,0.5774,3.9146,2.1202,0.8235
4,3,1954,1955,2,1,2,1.0000,1954.510,956.000,669.451,8.3184,15.0000,1.1765,0.6806,4.8929,0.0000,0.7500,0.2500,0.0000,0.0000,4.5673,0.9787,0.8039
5,3,1958,1960,3,2,1,0.8333,1959.302,538.571,379.000,9.1962,16.0000,1.2698,0.9024,5.2228,0.5854,0.2927,0.1220,0.9487,0.0000,4.5695,1.3056,0.6667
7,4,1959,1961,3,3,2,0.3889,1959.919,493.907,450.372,10.6104,15.0000,1.2209,1.4596,4.8970,0.6506,0.2085,0.1409,0.5052,0.2991,4.8957,2.1219,0.6279
4,3,1961,1962,2,2,1,1.0000,1961.480,782.460,392.000,8.1621,14.0000,1.1200,0.6943,4.5711,0.0000,0.7500,0.2500,1.0000,0.0000,4.8968,1.3059,0.8000
5,3,1962,1963,2,2,2,0.6250,1962.533,772.383,389.833,8.7616,14.0000,1.1667,0.6776,4.5711,0.3432,0.2505,0.4063,0.6059,0.3645,4.5715,1.1428,0.6833
5,3,1962,1964,3,1,3,0.5556,1963.164,819.000,169.967,8.9082,14.0000,1.1475,1.1644,4.5716,0.5532,0.3398,0.1070,0.8281,0.0000,4.5721,1.7958,0.6721
5,3,1964,1966,3,1,2,0.8333,1965.109,618.000,464.391,9.3484,17.0000,1.3281,0.4056,5.5525,0.5854,0.2927,0.1220,0.9487,0.0000,4.5722,1.1432,0.6875
4,3,1964,1965,2,2,2,0.5000,1964.519,753.778,489.759,8.8182,15.0000,1.1111,0.5824,4.8992,0.5916,0.1015,0.3069,0.7071,0.7071,4.7357,1.6329,0.7778
4,3,1969,1971,3,2,1,0.6667,1969.608,1053.294,821.000,8.3330,15.0000,1.1765,0.9315,4.9014,0.7500,0.1500,0.1000,0.9487,0.0000,4.7384,1.7972,0.8235
7,3,1970,1972,3,2,3,0.3889,1970.831,743.338,318.000,9.5117,13.0000,1.1818,1.0628,4.2488,0.6781,0.1136,0.2082,0.8847,0.4508,2.9419,0.3269,0.5065
4,3,1970,1971,2,1,3,0.6667,1970.481,917.000,549.963,8.8240,15.0000,1.1111,0.4829,4.9025,0.7576,0.1294,0.1129,0.5257,0.0000,4.9020,1.6338,0.7963
3,3,1971,1972,2,1,2,0.7500,1971.310,484.000,869.690,7.9255,16.0000,1.1429,0.4377,5.2293,0.5333,0.2667,0.2000,0.7071,0.0000,4.5761,1.9610,1.0000
5,5,1971,1973,3,1,2,0.8333,1972.221,719.000,427.397,9.9405,14.0000,1.0294,0.4542,4.5766,0.5854,0.2927,0.1220,0.9487,0.0000,4.9031,0.9806,1.0000
6,3,1971,1972,2,3,2,0.5000,1971.513,898.808,510.128,10.4080,16.0000,1.2308,0.5625,5.2293,0.3810,0.3333,0.2857,0.3162,0.5071,3.9223,1.4708,0.5769
4,3,1974,1975,2,1,2,1.0000,1974.453,447.000,182.491,8.6643,15.0000,1.1321,0.6816,4.9041,0.0000,0.7500,0.2500,0.0000,0.0000,4.7408,1.1445,0.7925
5,4,1974,1975,2,1,3,0.8333,1974.651,546.000,467.079,9.2119,14.0000,1.1111,0.3581,4.5776,0.6340,0.2717,0.0943,0.0000,0.0000,4.9046,2.1251,0.8571
3,3,1979,1981,3,1,1,1.0000,1980.023,535.000,499.000,8.1216,16.0000,1.1163,0.0233,5.2342,0.8889,0.0000,0.1111,1.0000,0.0000,4.9075,0.6545,1.0000
4,3,1979,1981,3,1,2,0.6667,1979.962,776.000,420.481,8.5056,14.0000,1.0769,0.4823,4.5800,0.7576,0.1294,0.1129,0.8507,0.0000,5.2340,1.4721,0.7885
4,3,1981,1982,2,1,2,1.0000,1981.475,811.000,308.424,9.6521,17.0000,1.1525,0.6362,5.5625,0.0000,0.7500,0.2500,0.0000,0.0000,5.7254,1.1451,0.8136
5,3,1984,1985,2,2,2,0.6250,1984.379,729.172,550.448,8.4892,13.0000,1.1207,0.6120,4.2549,0.3432,0.2505,0.4063,0.6059,0.3645,4.5818,1.6365,0.6724
5,3,1986,1988,3,2,1,0.8333,1986.794,503.349,178.000,9.2231,17.0000,1.3492,0.4056,5.5652,0.5854,0.2927,0.1220,0.9487,0.0000,3.9284,0.8184,0.6984
8,3,1987,1989,3,2,3,0.4444,1988.144,979.878,205.167,10.4178,13.0000,1.1556,1.1630,4.2561,0.5661,0.2858,0.1481,0.7315,0.0419,4.0926,0.9822,0.4333
3,3,1988,1990,3,1,1,1.0000,1989.000,839.000,474.000,7.7506,15.0000,1.0976,0.0000,4.9114,0.8889,0.0000,0.1111,1.0000,0.0000,3.9295,0.3276,1.0000
5,3,1990,1991,2,2,2,0.6250,1990.465,1023.648,781.169,10.3979,20.0000,1.4085,0.6626,6.5497,0.3432,0.2505,0.4063,0.6059,0.3645,4.9123,1.4737,0.6620
4,3,1997,1999,3,2,1,0.6667,1997.960,1129.260,782.000,8.1923,13.0000,1.0400,0.9946,4.2600,0.5357,0.3214,0.1429,1.0000,0.0000,4.9150,1.6385,0.7800
3,3,1998,1999,2,2,1,0.7500,1998.326,487.651,830.000,8.1355,15.0000,1.0465,0.7280,4.9154,0.5333,0.2667,0.2000,0.7071,0.0000,4.9158,0.9833,1.0000
7,4,2003,2005,3,1,3,0.7778,2004.179,271.000,334.631,10.4093,16.0000,1.3333,0.6557,5.2457,0.4747,0.4312,0.0941,0.8619,0.0000,3.9343,0.9836,0.6548
6,3,2005,2007,3,2,2,0.5000,2006.229,1014.286,635.343,9.3710,14.0000,1.2000,1.0529,4.5911,0.6381,0.1455,0.2164,0.8019,0.3768,4.5905,1.6395,0.5714
6,3,2007,2009,3,2,3,0.3333,2007.868,800.868,313.853,9.1044,14.0000,1.2353,0.8732,4.5915,0.8087,0.0589,0.1324,0.5725,0.5071,3.9356,1.1478,0.6029
3,3,2008,2009,2,2,1,0.7500,2008.350,1109.325,635.000,7.5742,14.0000,1.0500,0.7267,4.5918,0.5333,0.2667,0.2000,0.7071,0.0000,4.9194,1.6398,1.0000
6,3,2009,2010,2,2,2,0.7500,2009.485,903.721,943.662,9.1056,13.0000,1.1471,0.8669,4.2642,0.2000,0.3333,0.4667,0.0000,0.0000,4.1000,1.3120,0.5735
4,3,2012,2013,2,1,3,0.6667,2012.250,915.000,792.096,8.5298,15.0000,1.1538,0.9378,4.9210,0.5357,0.3214,0.1429,0.0000,0.0000,4.9211,2.2965,0.8077
5,3,2012,2013,2,3,2,0.4167,2012.206,1111.286,826.841,9.2432,15.0000,1.1905,0.3865,4.9210,0.6489,0.0995,0.2515,0.3339,0.8871,4.9212,1.3122,0.6825
5,3,2014,2015,2,2,3,0.4167,2014.203,924.859,685.453,9.3913,17.0000,1.3281,0.6001,5.5779,0.6338,0.1686,0.1975,0.2016,0.6778,4.9220,1.6407,0.7031
3,3,2015,2017,3,1,1,1.0000,2016.000,1053.000,804.000,7.5786,14.0000,1.0500,0.0000,4.5943,0.8889,0.0000,0.1111,1.0000,0.0000,4.5946,1.6407,1.0000
3,3,2016,2018,3,1,1,1.0000,2016.951,1080.000,468.000,7.7686,15.0000,1.0976,0.9512,4.9224,0.8889,0.0000,0.1111,1.0000,0.0000,4.5950,1.3128,1.0000
4,3,2017,2018,2,2,2,0.5000,2017.509,804.264,353.792,8.6972,15.0000,1.1321,0.6102,4.9228,0.5916,0.1015,0.3069,0.7071,0.7071,4.7591,1.9692,0.7925
3,3,2018,2020,3,1,1,1.0000,2018.976,726.000,356.000,7.9592,15.0000,1.0714,0.9762,4.9231,0.8889,0.0000,0.1111,1.0000,0.0000,4.9238,0.8207,1.0000
5,3,2019,2021,3,2,1,0.8333,2019.844,838.328,557.000,9.3951,15.0000,1.1719,0.3634,4.9238,0.5854,0.2927,0.1220,0.9487,0.0000,5.2517,1.9694,0.6719
3,3,2021,2023,3,1,1,1.0000,2022.023,1208.000,539.000,8.3400,17.0000,1.1591,0.0227,5.5811,0.8889,0.0000,0.1111,1.0000,0.0000,4.2683,0.6565,1.0000
5,3,2026,2028,3,2,2,0.4167,2026.892,1010.631,448.138,9.5465,16.0000,1.2308,0.9756,5.2546,0.5461,0.2256,0.2283,0.8117,0.4177,5.2546,1.3136,0.7231
4,3,2028,2029,2,1,2,1.0000,2028.471,516.000,578.529,8.3753,14.0000,1.0980,0.7083,4.5984,0.0000,0.7500,0.2500,0.0000,0.0000,4.7623,1.4779,0.8039
5,3,2028,2030,3,1,3,0.5556,2028.952,781.000,369.903,9.1071,14.0000,1.1290,1.3120,4.5984,0.7911,0.1351,0.0737,0.5257,0.0000,4.5984,1.6423,0.6613
3,3,2028,2029,2,2,1,0.7500,2028.326,1009.326,901.000,8.1539,15.0000,1.0465,0.4604,4.9265,0.5333,0.2667,0.2000,0.7071,0.0000,4.2700,0.9853,1.0000
5,3,2031,2033,3,2,1,0.8333,2031.949,798.627,805.000,8.6681,15.0000,1.2712,1.1150,4.9281,0.5854,0.2927,0.1220,0.9487,0.0000,4.9277,1.8068,0.6949
5,3,2031,2033,3,3,1,0.5556,2031.985,888.773,508.000,9.6965,18.0000,1.3636,0.2278,5.9133,0.5532,0.3398,0.1070,0.5606,0.0000,3.9420,1.9711,0.6667
3,3,2033,2034,2,1,2,0.7500,2033.325,1099.000,568.675,7.5874,14.0000,1.0500,0.4596,4.5995,0.5333,0.2667,0.2000,0.7071,0.0000,4.5998,0.6571,1.0000
7,4,2037,2039,3,2,2,0.5833,2037.644,771.230,618.586,10.8063,18.0000,1.4483,0.7990,5.9151,0.4600,0.2645,0.2756,0.8571,0.1000,4.7649,1.3146,0.6552
4,3,2037,2038,2,1,2,1.0000,2037.436,832.000,424.527,9.0372,16.0000,1.1636,0.6844,5.2579,0.0000,0.7500,0.2500,0.0000,0.0000,5.0937,1.4788,0.8182
6,3,2040,2042,3,3,2,0.3333,2041.055,999.014,569.123,9.7958,14.0000,1.1507,0.1356,4.6020,0.7676,0.0121,0.2203,0.8507,0.5257,4.4374,0.6573,0.5616
5,3,2041,2043,3,2,1,0.8333,2042.183,573.317,496.000,8.8203,14.0000,1.1667,0.3659,4.6022,0.5854,0.2927,0.1220,0.9487,0.0000,4.9304,1.4792,0.6833
4,3,2044,2045,2,2,1,1.0000,2044.540,708.540,800.000,8.2189,14.0000,1.1200,0.6505,4.6027,0.0000,0.7500,0.2500,1.0000,0.0000,4.7670,1.3150,0.8000
5,3,2044,2045,2,2,2,0.6250,2044.635,897.857,203.524,9.2626,17.0000,1.3492,0.6543,5.5890,0.3432,0.2505,0.4063,0.6059,0.3645,4.6025,0.9863,0.6984
3,3,2046,2048,3,1,1,1.0000,2046.975,782.000,458.000,7.5933,14.0000,1.0500,0.9750,4.6030,0.8889,0.0000,0.1111,1.0000,0.0000,3.9459,0.3289,1.0000
4,3,2047,2048,2,1,2,1.0000,2047.431,665.000,86.529,8.3846,15.0000,1.1765,0.6829,4.9320,0.0000,0.7500,0.2500,0.0000,0.0000,4.4389,0.9864,0.8235
4,3,2050,2051,2,2,1,1.0000,2050.510,1147.510,801.000,8.3859,13.0000,1.0196,0.7072,4.2753,0.0000,0.7500,0.2500,1.0000,0.0000,4.6040,0.9866,0.7647
4,3,2051,2052,2,1,3,0.6667,2051.727,1020.000,530.091,9.0442,17.0000,1.2364,0.2875,5.5910,0.5357,0.3214,0.1429,0.0000,0.0000,5.0976,1.3155,0.8364
4,3,2051,2052,2,2,2,0.5000,2051.255,1044.784,746.490,8.3862,14.0000,1.0980,0.6094,4.6041,0.5916,0.1015,0.3069,0.5000,0.5000,4.6043,1.4798,0.7843
3,3,2053,2055,3,1,1,1.0000,2054.000,682.000,316.000,7.4061,13.0000,1.0000,1.0000,4.2761,0.8889,0.0000,0.1111,1.0000,0.0000,4.6048,2.1380,1.0000
4,3,2055,2056,2,2,2,0.5000,2055.538,923.712,489.808,8.5524,15.0000,1.1538,0.8696,4.9342,0.5916,0.1015,0.3069,0.7071,0.7071,4.7696,1.8092,0.8077
6,3,2056,2057,2,2,2,0.7500,2056.310,935.563,945.662,9.5349,14.0000,1.1831,0.8514,4.6053,0.2000,0.3333,0.4667,0.7071,0.7071,4.4408,1.6447,0.5634
4,3,2057,2058,2,1,2,1.0000,2057.481,340.000,325.500,8.5532,14.0000,1.0769,0.6936,4.6055,0.0000,0.7500,0.2500,0.0000,0.0000,3.9477,0.6580,0.7692
3,3,2062,2063,2,2,1,0.7500,2062.628,717.698,275.000,8.1689,16.0000,1.1163,0.6969,5.2646,0.5333,0.2667,0.2000,0.7071,0.0000,4.9357,2.3033,1.0000
4,3,2064,2065,2,2,1,1.0000,2064.469,1026.531,733.000,8.0622,13.0000,1.0612,0.7084,4.2780,0.0000,0.7500,0.2500,1.0000,0.0000,4.6069,1.3163,0.7959
5,3,2065,2066,2,1,3,0.8333,2065.565,494.000,451.758,9.1246,14.0000,1.1290,0.9452,4.6073,0.5854,0.2927,0.1220,0.3162,0.0000,4.6071,1.6454,0.6613
4,3,2067,2068,2,2,2,0.5000,2067.500,614.769,636.250,8.5568,14.0000,1.0769,0.6048,4.6074,0.5916,0.1015,0.3069,0.7071,0.7071,4.9367,1.9746,0.7692
3,3,2069,2070,2,2,1,0.7500,2069.341,613.341,548.000,7.7910,14.0000,1.0244,0.7418,4.6080,0.5333,0.2667,0.2000,0.7071,0.0000,4.9369,0.6583,1.0000
5,3,2069,2071,3,2,2,0.4167,2069.933,933.433,510.650,8.8318,13.0000,1.0833,1.1466,4.2788,0.7383,0.0485,0.2132,0.7071,0.0000,4.9369,1.8103,0.6500
4,3,2070,2071,2,2,1,1.0000,2070.528,1074.566,717.000,8.7224,16.0000,1.2075,0.6837,5.2663,0.0000,0.7500,0.2500,1.0000,0.0000,5.2664,1.3166,0.8302
5,3,2074,2076,3,3,1,0.5556,2075.258,1048.113,736.000,9.1279,15.0000,1.2097,0.2817,4.9380,0.8123,0.1108,0.0769,0.7071,0.0000,4.6090,1.4814,0.6774
4,3,2075,2076,2,2,2,0.5000,2075.434,596.283,612.830,8.7240,15.0000,1.1321,0.5452,4.9380,0.5916,0.1015,0.3069,0.7071,0.7071,5.4319,2.1398,0.8302
5,3,2075,2077,3,2,2,0.4167,2075.983,765.845,463.845,8.5392,14.0000,1.2069,1.0070,4.6088,0.4138,0.1655,0.4207,1.0000,0.0000,4.6090,1.3168,0.6897
3,3,2075,2076,2,2,1,0.7500,2075.295,940.318,593.000,8.3629,17.0000,1.1591,0.4342,5.5964,0.5333,0.2667,0.2000,0.7071,0.0000,4.9380,1.8106,1.0000
3,3,2075,2077,3,1,1,1.0000,2076.000,1113.000,880.000,7.6028,14.0000,1.0500,0.0000,4.6090,0.8889,0.0000,0.1111,1.0000,0.0000,4.7737,0.9876,1.0000
10,4,2077,2079,3,3,4,0.2778,2077.675,1001.897,692.812,12.1811,16.0000,1.3675,0.3891,5.2678,0.2240,0.4301,0.3459,0.7791,0.4205,3.7861,0.6585,0.5043
3,3,2078,2078,1,3,1,1.0000,2078.000,1066.049,308.000,7.7934,15.0000,1.0976,0.9512,4.9385,0.8889,0.0000,0.1111,0.0000,1.0000,4.6093,1.6462,1.0000
3,3,2078,2079,2,2,1,0.7500,2078.302,1157.674,567.000,8.1737,16.0000,1.1163,0.4443,5.2678,0.5333,0.2667,0.2000,0.7071,0.0000,4.9385,0.6585,1.0000
4,3,2079,2080,2,1,2,1.0000,2079.471,815.000,398.471,8.3959,14.0000,1.0980,0.6655,4.6094,0.0000,0.7500,0.2500,0.0000,0.0000,4.6095,1.4816,0.7843
4,3,2082,2084,3,2,1,0.6667,2082.782,558.164,646.000,9.0553,17.0000,1.2364,0.2727,5.5979,0.7500,0.1500,0.1000,0.9487,0.0000,5.1039,0.9879,0.8364
3,3,2087,2088,2,1,2,0.7500,2087.705,1076.000,361.682,8.3662,17.0000,1.1591,0.4342,5.5987,0.5333,0.2667,0.2000,0.7071,0.0000,4.9400,1.6466,1.0000
5,3,2089,2091,3,2,2,0.4167,2090.016,656.619,408.365,9.2793,16.0000,1.2698,0.5279,5.2696,0.7383,0.0485,0.2132,0.7071,0.0000,4.6109,1.3174,0.6984
4,3,2089,2090,2,2,1,1.0000,2089.529,801.471,467.000,8.3984,14.0000,1.0980,0.6655,4.6109,0.0000,0.7500,0.2500,1.0000,0.0000,3.9522,0.9881,0.7843
4,3,2092,2093,2,2,1,1.0000,2092.538,905.462,689.000,8.5637,14.0000,1.0769,0.7092,4.6113,0.0000,0.7500,0.2500,1.0000,0.0000,4.9406,0.9881,0.8077
4,3,2092,2093,2,2,2,0.5000,2092.469,1137.735,545.796,8.0697,13.0000,1.0612,0.8954,4.2819,0.5916,0.1015,0.3069,0.7071,0.7071,4.6112,0.9881,0.7959
3,3,2093,2094,2,1,2,0.7500,2093.349,1008.000,618.349,8.1772,15.0000,1.0465,0.7387,4.9408,0.5333,0.2667,0.2000,0.7071,0.0000,5.2701,1.3175,1.0000
9,4,2096,2098,3,2,2,0.7500,2096.943,1044.557,667.519,11.6391,13.0000,1.1038,0.7630,4.2824,0.5117,0.1619,0.3264,0.9082,0.4082,4.2822,0.9882,0.4906
9,3,2099,2102,4,3,3,0.2500,2100.292,540.717,434.925,11.6399,15.0000,1.2736,1.4799,4.9414,0.8643,0.0433,0.0925,0.6714,0.3724,4.2827,1.6472,0.5283
4,3,2100,2101,2,1,3,0.6667,2100.812,741.000,264.812,7.9065,13.0000,1.0833,0.8339,4.2827,0.7500,0.1500,0.1000,0.3162,0.0000,4.6121,1.4824,0.8125
6,3,2101,2103,3,2,1,1.0000,2101.986,1127.471,953.000,9.4146,14.0000,1.2000,0.5288,4.6122,0.5556,0.3333,0.1111,1.0000,0.0000,4.2828,0.9883,0.5714
4,3,2102,2104,3,2,1,0.6667,2103.083,779.542,532.000,7.9068,13.0000,1.0833,0.5480,4.2829,0.7576,0.1294,0.1129,0.8507,0.0000,4.9417,0.9884,0.8125
5,3,2102,2104,3,2,1,0.8333,2102.708,818.385,852.000,9.5767,15.0000,1.1538,0.8055,4.9417,0.5854,0.2927,0.1220,0.9487,0.0000,5.2712,1.6472,0.6769
3,3,2103,2104,2,2,1,0.7500,2103.333,905.333,877.000,7.4182,13.0000,1.0000,0.4714,4.2829,0.5333,0.2667,0.2000,0.7071,0.0000,4.6123,1.3178,1.0000
3,3,2104,2105,2,2,1,0.7500,2104.312,1016.729,381.000,9.1302,20.0000,1.2500,0.4135,6.5891,0.5333,0.2667,0.2000,0.7071,0.0000,5.2714,1.3178,1.0000
4,3,2104,2105,2,2,1,1.0000,2104.529,1076.549,896.000,8.4012,15.0000,1.1765,0.6955,4.9418,0.0000,0.7500,0.2500,1.0000,0.0000,4.7772,1.3178,0.8235
4,3,2105,2106,2,2,1,1.0000,2105.545,1066.545,984.000,9.0603,16.0000,1.1636,0.6428,5.2715,0.0000,0.7500,0.2500,1.0000,0.0000,4.9420,0.4942,0.8000
4,4,2108,2109,2,2,1,1.0000,2108.547,1146.562,556.000,10.5434,21.0000,1.3125,0.6299,6.9192,0.0000,0.7500,0.2500,1.0000,0.0000,5.1070,0.9884,1.0000
7,3,2109,2112,4,2,2,0.4375,2111.000,868.787,582.135,11.0838,17.0000,1.3371,0.2525,5.6014,0.7632,0.1142,0.1226,0.9822,0.1774,4.6129,1.3180,0.5393
4,4,2110,2111,2,1,2,1.0000,2110.525,1046.000,418.492,10.0495,16.0000,1.0492,0.6840,5.2719,0.0000,0.7500,0.2500,0.0000,0.0000,5.4366,0.1647,1.0000
5,3,2110,2111,2,3,1,0.8333,2110.354,1068.892,879.000,9.5779,16.0000,1.2308,0.3699,5.2718,0.5854,0.2927,0.1220,0.3162,0.0000,4.9423,1.8122,0.6769
4,3,2113,2114,2,1,2,1.0000,2113.426,1048.000,401.426,8.8966,17.0000,1.2593,0.6024,5.6015,0.0000,0.7500,0.2500,0.0000,0.0000,4.9426,0.6590,0.8333
5,3,2116,2117,2,1,4,0.6250,2116.763,890.000,705.407,8.6945,14.0000,1.1864,0.8644,4.6132,0.7911,0.1351,0.0737,0.0898,0.0000,4.6133,0.9886,0.6780
5,3,2117,2118,2,2,2,0.6250,2117.567,646.850,333.600,8.8420,14.0000,1.1667,0.6085,4.6133,0.3432,0.2505,0.4063,0.6059,0.3645,4.6133,1.3181,0.6667
5,4,2118,2120,3,1,2,0.8333,2119.277,723.000,432.585,9.5790,15.0000,1.1538,0.8339,4.9430,0.5854,0.2927,0.1220,0.9487,0.0000,4.6134,1.3181,0.8462
6,3,2119,2120,2,2,2,0.7500,2119.486,713.250,435.611,9.6861,14.0000,1.1667,0.8199,4.6134,0.2000,0.3333,0.4667,0.0000,0.0000,4.6134,0.6591,0.5833
4,3,2121,2122,2,1,2,1.0000,2121.393,847.000,296.411,9.2270,20.0000,1.4286,0.5684,6.5907,0.0000,0.7500,0.2500,0.0000,0.0000,5.1078,1.4829,0.8393
4,3,2121,2123,3,1,2,0.6667,2122.370,867.000,379.759,8.8975,17.0000,1.2593,0.6741,5.6022,0.7500,0.1500,0.1000,0.9487,0.0000,4.7783,0.6591,0.8148
4,3,2121,2123,3,2,1,0.6667,2122.377,1102.283,725.000,8.7328,15.0000,1.1321,0.6839,4.9431,0.7500,0.1500,0.1000,0.9487,0.0000,5.2726,1.1534,0.8113
6,4,2123,2125,3,3,1,0.6667,2124.286,979.208,422.000,10.3593,15.0000,1.1688,0.3533,4.9432,0.2083,0.6667,0.1250,0.8944,0.0000,4.9431,0.9886,0.7403
3,3,2123,2124,2,2,1,0.7500,2123.696,1063.283,937.000,8.7520,19.0000,1.2391,0.4153,6.2613,0.5333,0.2667,0.2000,0.7071,0.0000,4.9431,0.9886,1.0000
4,3,2125,2126,2,2,1,1.0000,2125.460,744.540,862.000,8.2387,14.0000,1.1200,0.7094,4.6137,0.0000,0.7500,0.2500,1.0000,0.0000,4.7784,1.6477,0.8200
3,3,2127,2128,2,1,2,0.7500,2127.318,836.000,533.636,8.3718,16.0000,1.0909,0.7115,5.2728,0.5333,0.2667,0.2000,0.7071,0.0000,4.9433,0.6591,1.0000
5,3,2129,2131,3,2,2,0.4167,2129.705,914.230,527.148,8.9904,14.0000,1.1475,0.7559,4.6138,0.6489,0.0995,0.2515,0.9362,0.2726,4.9434,1.6478,0.6885
3,3,2130,2131,2,2,1,0.7500,2130.667,1151.667,383.000,7.9915,14.0000,1.0000,0.7454,4.6139,0.5333,0.2667,0.2000,0.7071,0.0000,4.9434,0.9887,1.0000
8,4,2131,2132,2,2,2,1.0000,2131.467,680.446,364.489,10.7197,15.0000,1.3043,0.8494,4.9435,0.0000,0.0000,1.0000,0.0000,1.0000,4.1195,1.3183,0.5978
8,4,2131,2132,2,2,4,0.5000,2131.351,723.851,504.277,10.9527,15.0000,1.2766,0.4711,4.9434,0.6860,0.1469,0.1671,0.1278,0.3493,4.2843,1.8126,0.5851
5,3,2133,2135,3,2,1,0.8333,2133.783,468.450,508.000,8.8433,14.0000,1.1667,0.9571,4.6140,0.5854,0.2927,0.1220,0.9487,0.0000,4.6140,1.6479,0.6833
5,3,2133,2134,2,2,2,0.6250,2133.453,734.391,949.859,9.4328,16.0000,1.2500,0.6866,5.2731,0.3432,0.2505,0.4063,0.6059,0.3645,4.6140,0.9887,0.6719
6,3,2135,2137,3,1,3,0.6667,2135.690,740.000,384.338,9.5529,14.0000,1.1831,0.4586,4.6140,0.6061,0.3030,0.0909,0.7071,0.0000,4.6140,1.6479,0.5634
6,3,2140,2142,3,2,2,0.5000,2140.667,756.486,438.847,9.6877,13.0000,1.0833,0.8391,4.2846,0.6373,0.1269,0.2358,0.8795,0.0724,4.2846,0.9887,0.5417
3,3,2140,2141,2,2,1,0.7500,2140.683,823.659,848.000,7.8017,14.0000,1.0244,0.7309,4.6142,0.5333,0.2667,0.2000,0.7071,0.0000,4.9438,1.1535,1.0000
5,3,2142,2143,2,3,1,0.8333,2142.523,871.708,868.000,9.5807,16.0000,1.2308,0.8800,5.2734,0.5854,0.2927,0.1220,0.3162,0.0000,4.9438,1.6479,0.6769
5,3,2144,2145,2,3,1,0.8333,2144.627,784.288,954.000,8.6964,14.0000,1.1864,0.8036,4.6143,0.5854,0.2927,0.1220,0.3162,0.0000,4.6142,1.1536,0.6780
6,3,2144,2146,3,2,2,0.5000,2145.049,945.244,489.878,11.0335,22.0000,1.6098,0.2770,7.2510,0.7074,0.0897,0.2030,0.9140,0.2540,3.4607,0.3296,0.6341
3,3,2145,2147,3,1,1,1.0000,2146.047,921.000,327.000,8.1825,15.0000,1.0465,0.0465,4.9439,0.8889,0.0000,0.1111,1.0000,0.0000,4.6143,0.6592,1.0000
3,3,2148,2150,3,1,1,1.0000,2148.977,776.000,1036.000,8.3729,17.0000,1.1591,0.0227,5.6032,0.8889,0.0000,0.1111,1.0000,0.0000,4.9439,2.3072,1.0000
5,3,2149,2151,3,2,2,0.4167,2150.339,768.847,873.153,8.6967,15.0000,1.2712,0.6953,4.9440,0.6338,0.1686,0.1975,0.9585,0.2851,4.9440,1.3184,0.6949
3,3,2151,2152,2,1,2,0.7500,2151.326,957.000,425.674,8.1827,15.0000,1.0465,0.4604,4.9440,0.5333,0.2667,0.2000,0.7071,0.0000,4.9440,2.3072,1.0000
5,3,2152,2154,3,2,1,0.8333,2152.789,753.366,887.000,10.4656,18.0000,1.2676,0.4228,5.9329,0.5854,0.2927,0.1220,0.9487,0.0000,5.6032,1.4832,0.7042
5,3,2152,2154,3,1,2,0.8333,2153.246,973.000,478.639,8.9916,14.0000,1.1475,0.8359,4.6145,0.5854,0.2927,0.1220,0.9487,0.0000,4.6145,0.9888,0.6557
4,3,2157,2158,2,2,1,1.0000,2157.491,858.421,373.000,9.3939,18.0000,1.2632,0.6470,5.9330,0.0000,0.7500,0.2500,1.0000,0.0000,5.2738,1.6480,0.8070
6,3,2162,2164,3,1,3,0.6667,2163.221,719.000,906.312,10.3616,17.0000,1.3247,0.3820,5.6035,0.2083,0.6667,0.1250,0.4472,0.0000,4.7795,1.9777,0.5714
5,3,2162,2164,3,2,1,0.8333,2162.742,857.403,624.000,9.1394,15.0000,1.2097,0.4787,4.9443,0.5854,0.2927,0.1220,0.9487,0.0000,4.9443,1.9777,0.6613
3,3,2163,2164,2,1,2,0.7500,2163.395,849.000,568.698,8.1832,17.0000,1.1860,0.6760,5.6035,0.5333,0.2667,0.2000,0.7071,0.0000,4.6147,1.3185,1.0000
5,4,2168,2169,2,3,2,0.4167,2168.797,1122.072,665.812,10.1716,17.0000,1.2319,0.2862,5.6037,0.4138,0.1655,0.4207,0.0000,0.7071,4.9444,1.9778,0.8551
4,3,2170,2171,2,2,1,1.0000,2170.560,770.440,959.000,8.2408,15.0000,1.2000,0.6223,4.9445,0.0000,0.7500,0.2500,1.0000,0.0000,4.6149,1.9778,0.8200
5,3,2172,2174,3,2,2,0.4167,2173.119,905.851,878.866,9.8770,17.0000,1.2687,0.2336,5.6038,0.6489,0.0995,0.2515,0.9362,0.2726,5.2742,1.6482,0.7164
4,3,2176,2177,2,2,1,1.0000,2176.441,984.475,600.000,9.7245,20.0000,1.3559,0.6476,6.5929,0.0000,0.7500,0.2500,1.0000,0.0000,4.9447,0.9889,0.8136
6,3,2177,2179,3,2,1,1.0000,2177.946,740.473,528.000,9.9588,16.0000,1.2973,1.0576,5.2743,0.5556,0.3333,0.1111,1.0000,0.0000,4.4503,0.9889,0.5676
5,3,2179,2181,3,2,1,0.8333,2180.311,601.607,621.000,8.9930,14.0000,1.1475,0.5018,4.6152,0.5854,0.2927,0.1220,0.9487,0.0000,4.9448,1.9779,0.6885
4,3,2181,2183,3,1,2,0.6667,2182.060,600.000,448.460,8.2415,14.0000,1.1200,0.4639,4.6152,0.7576,0.1294,0.1129,0.8507,0.0000,4.6153,0.4945,0.8000
4,3,2184,2185,2,2,2,0.5000,2184.510,866.216,641.255,8.4065,14.0000,1.0980,0.6094,4.6153,0.5916,0.1015,0.3069,0.7071,0.7071,4.9450,1.6484,0.7843
4,3,2184,2185,2,2,1,1.0000,2184.556,1123.537,823.000,8.9011,15.0000,1.1111,0.6971,4.9451,0.0000,0.7500,0.2500,1.0000,0.0000,5.1099,0.8242,0.8148
4,3,2185,2186,2,1,2,1.0000,2185.520,606.000,459.480,8.2418,13.0000,1.0400,0.7077,4.2858,0.0000,0.7500,0.2500,0.0000,0.0000,4.9451,1.6484,0.7800
4,3,2193,2195,3,2,1,0.6667,2194.196,1190.176,828.000,8.4076,15.0000,1.1765,0.2638,4.9456,0.7500,0.1500,0.1000,0.9487,0.0000,4.7808,1.6486,0.8235
3,3,2195,2196,2,1,2,0.7500,2195.643,1040.000,599.690,7.9952,15.0000,1.0714,0.7135,4.9457,0.5333,0.2667,0.2000,0.7071,0.0000,4.9458,1.6486,1.0000
6,3,2196,2198,3,2,2,0.5000,2197.026,833.325,759.506,10.3650,16.0000,1.2468,0.6022,5.2756,0.4412,0.1872,0.3716,0.7882,0.6154,4.6162,1.3189,0.5584
5,4,2196,2197,2,3,1,0.8333,2196.594,1208.261,606.000,10.1745,16.0000,1.1594,0.8432,5.2756,0.5854,0.2927,0.1220,0.3162,0.0000,5.2756,1.6486,0.8406
4,3,2197,2199,3,1,2,0.6667,2198.200,1005.000,779.836,9.0677,18.0000,1.3091,0.2584,5.9352,0.7500,0.1500,0.1000,0.9487,0.0000,5.1108,1.3190,0.8364
3,3,2198,2199,2,2,1,0.7500,2198.675,824.325,1009.000,7.6149,14.0000,1.0500,0.4596,4.6163,0.5333,0.2667,0.2000,0.7071,0.0000,4.9461,1.6487,1.0000
5,3,2201,2202,2,2,2,0.6250,2201.397,1069.175,877.413,9.2906,14.0000,1.1111,0.7300,4.6165,0.3432,0.2505,0.4063,0.6059,0.3645,3.9570,0.9893,0.6349
3,3,2202,2203,2,1,2,0.7500,2202.333,784.000,649.690,7.9962,15.0000,1.0714,0.4549,4.9464,0.5333,0.2667,0.2000,0.7071,0.0000,5.2762,1.3190,1.0000
5,3,2208,2209,2,2,2,0.6250,2208.450,820.600,1127.850,8.8496,14.0000,1.1667,0.6205,4.6173,0.3432,0.2505,0.4063,0.6059,0.3645,4.6173,1.6490,0.6833
3,3,2209,2210,2,2,1,0.7500,2209.319,782.277,512.000,8.9496,19.0000,1.2128,0.4223,6.2664,0.5333,0.2667,0.2000,0.7071,0.0000,4.6175,1.6490,1.0000
5,4,2213,2215,3,2,2,0.4167,2213.714,550.222,628.635,9.2933,14.0000,1.1111,1.1173,4.6179,0.7729,0.0435,0.1836,0.8328,0.5477,4.6179,1.9791,0.8571
4,3,2217,2218,2,1,2,1.0000,2217.458,1033.000,430.458,7.9172,13.0000,1.0833,0.6482,4.2886,0.0000,0.7500,0.2500,0.0000,0.0000,4.6183,1.3196,0.8125
3,3,2217,2218,2,2,1,0.7500,2217.689,1167.333,985.000,8.5707,16.0000,1.0667,0.4560,5.2782,0.5333,0.2667,0.2000,0.7071,0.0000,4.6185,1.3195,1.0000
5,3,2228,2229,2,2,2,0.6250,2228.379,642.621,548.310,8.5594,14.0000,1.2069,0.6197,4.6198,0.2938,0.4054,0.3007,0.7071,0.6739,4.9498,0.9900,0.6897
5,3,2228,2229,2,3,2,0.4167,2228.159,1089.362,566.870,10.1827,19.0000,1.3768,0.6701,6.2698,0.6338,0.1686,0.1975,0.2016,0.6778,4.9498,1.3200,0.7101
3,3,2232,2233,2,2,1,0.7500,2232.333,755.667,496.000,7.4312,13.0000,1.0000,0.7454,4.2905,0.5333,0.2667,0.2000,0.7071,0.0000,4.6204,1.6501,1.0000
5,3,2233,2234,2,1,4,0.6250,2233.209,1064.000,591.075,9.8891,20.0000,1.4925,0.9487,6.6007,0.8677,0.0764,0.0559,0.1891,0.0000,4.6205,0.9901,0.7015
5,3,2233,2234,2,2,3,0.4167,2233.164,1084.426,493.934,9.0035,16.0000,1.3115,0.4614,5.2806,0.5461,0.2256,0.2283,0.1201,0.5647,4.6205,1.3201,0.6885
6,3,2236,2238,3,2,2,0.5000,2237.042,593.458,597.458,9.7023,14.0000,1.1667,0.6495,4.6211,0.6168,0.1058,0.2774,0.7071,0.7071,4.4561,1.1553,0.5556
6,3,2236,2238,3,2,2,0.5000,2236.817,933.268,756.324,9.5674,15.0000,1.2676,0.4583,4.9512,0.6381,0.1455,0.2164,0.8019,0.3768,4.4560,1.9804,0.5915
3,3,2237,2238,2,1,2,0.7500,2237.341,795.000,1063.317,7.8135,14.0000,1.0244,0.4660,4.6212,0.5333,0.2667,0.2000,0.7071,0.0000,4.9512,1.3203,1.0000
3,3,2237,2238,2,2,1,0.7500,2237.675,1206.675,438.000,7.6230,14.0000,1.0500,0.4596,4.6212,0.5333,0.2667,0.2000,0.7071,0.0000,3.9611,0.1650,1.0000
4,3,2241,2243,3,2,1,0.6667,2242.038,755.500,368.000,8.5833,15.0000,1.1538,0.5015,4.9519,0.7576,0.1294,0.1129,0.8507,0.0000,3.9616,0.3301,0.7885
4,3,2241,2242,2,1,3,0.6667,2241.255,915.000,1119.922,8.4180,16.0000,1.2549,0.2667,5.2819,0.5357,0.3214,0.1429,0.0000,0.0000,4.6217,1.9807,0.8235
8,3,2242,2244,3,3,2,0.4444,2242.732,952.134,542.464,11.3218,16.0000,1.3196,1.3569,5.2823,0.2788,0.2283,0.4929,0.8874,0.1535,4.6218,1.4856,0.4433
7,4,2242,2244,3,2,2,0.5833,2243.011,1026.540,774.897,10.8558,16.0000,1.2874,0.4714,5.2822,0.4600,0.2645,0.2756,1.0000,0.0000,4.6219,1.3205,0.6552
4,3,2242,2243,2,3,1,0.6667,2242.278,1284.926,728.000,8.9135,17.0000,1.2593,0.2875,5.6121,0.5357,0.3214,0.1429,0.0000,0.0000,4.9519,0.6603,0.8333
7,3,2244,2246,3,3,2,0.3889,2244.906,1027.847,311.776,10.6068,20.0000,1.6471,0.2867,6.6031,0.7243,0.1219,0.1538,0.7824,0.2053,4.2919,2.1460,0.5412
3,3,2245,2246,2,2,1,0.7500,2245.381,1012.310,566.000,8.0059,16.0000,1.1429,0.6921,5.2826,0.5333,0.2667,0.2000,0.7071,0.0000,4.6221,1.6508,1.0000
3,3,2248,2249,2,1,2,0.7500,2248.667,1023.000,706.690,8.0066,15.0000,1.0714,0.4549,4.9528,0.5333,0.2667,0.2000,0.7071,0.0000,4.9527,1.3207,1.0000
3,3,2249,2251,3,1,1,1.0000,2250.000,975.000,543.000,8.7694,20.0000,1.3043,0.0000,6.6040,0.8889,0.0000,0.1111,1.0000,0.0000,4.7880,1.3208,1.0000
4,3,2250,2251,2,1,2,1.0000,2250.469,477.000,482.531,8.0900,13.0000,1.0612,0.7084,4.2927,0.0000,0.7500,0.2500,0.0000,0.0000,4.6228,0.9906,0.7959
4,3,2250,2252,3,1,2,0.6667,2250.646,1021.000,515.271,7.9249,13.0000,1.0833,0.7003,4.2927,0.7500,0.1500,0.1000,0.9487,0.0000,4.6228,1.1557,0.8125
5,3,2252,2253,2,2,2,0.6250,2252.420,925.652,782.145,10.1898,19.0000,1.3768,0.5645,6.2741,0.3432,0.2505,0.4063,0.6059,0.3645,4.9533,1.6511,0.6957
5,3,2253,2255,3,2,1,0.8333,2253.710,939.403,581.000,9.1563,14.0000,1.1290,0.8162,4.6231,0.5854,0.2927,0.1220,0.9487,0.0000,4.6233,0.8256,0.6613
6,3,2253,2255,3,1,3,0.6667,2253.818,941.000,569.857,10.3808,19.0000,1.4805,0.2312,6.2744,0.4000,0.4800,0.1200,0.7071,0.0000,4.4581,1.4861,0.5844
5,3,2256,2258,3,2,1,0.8333,2256.695,841.593,919.000,8.7139,14.0000,1.1864,0.9137,4.6235,0.5854,0.2927,0.1220,0.9487,0.0000,4.6235,1.3210,0.6780
5,3,2257,2259,3,2,1,0.8333,2258.222,1048.524,760.000,9.3050,15.0000,1.1905,0.5690,4.9541,0.5854,0.2927,0.1220,0.9487,0.0000,4.2934,0.6605,0.6984
3,3,2259,2260,2,2,1,0.7500,2259.696,975.674,572.000,8.7715,17.0000,1.1087,0.4460,5.6147,0.5333,0.2667,0.2000,0.7071,0.0000,5.6147,1.3212,1.0000
5,3,2264,2265,2,1,3,0.8333,2264.323,962.000,628.815,9.6017,16.0000,1.2308,0.8771,5.2849,0.5854,0.2927,0.1220,0.3162,0.0000,4.6243,1.6515,0.6769
3,3,2267,2268,2,1,2,0.7500,2267.675,756.000,984.350,7.6287,14.0000,1.0500,0.7267,4.6247,0.5333,0.2667,0.2000,0.7071,0.0000,4.6247,1.3213,1.0000
3,3,2268,2269,2,1,2,0.7500,2268.698,560.000,612.674,8.2010,16.0000,1.1163,0.4443,5.2854,0.5333,0.2667,0.2000,0.7071,0.0000,4.9551,1.6517,1.0000
4,3,2268,2270,3,1,2,0.6667,2268.927,1012.000,684.600,9.0843,20.0000,1.4545,0.4066,6.6068,0.7576,0.1294,0.1129,0.8507,0.0000,4.6247,1.3213,0.8364
4,4,2270,2271,2,1,2,1.0000,2270.500,771.000,767.483,9.5801,15.0000,1.0345,0.6950,4.9553,0.0000,0.7500,0.2500,0.0000,0.0000,5.4508,1.9821,1.0000
6,3,2271,2273,3,2,2,0.5000,2271.810,537.321,806.881,11.3289,18.0000,1.2857,0.3921,5.9465,0.5230,0.1584,0.3185,0.9225,0.0898,4.9554,1.4866,0.6071
4,3,2272,2273,2,2,1,1.0000,2272.453,1139.453,819.000,8.7546,16.0000,1.2075,0.6404,5.2857,0.0000,0.7500,0.2500,1.0000,0.0000,4.9554,1.4866,0.7925
5,3,2272,2274,3,2,2,0.4167,2273.309,1154.191,659.309,10.0466,20.0000,1.4706,0.7808,6.6074,0.7729,0.0435,0.1836,0.8328,0.5477,4.6252,1.3215,0.6912
5,3,2273,2275,3,1,3,0.5556,2274.197,833.000,791.246,9.0126,14.0000,1.1475,0.7793,4.6252,0.8123,0.1108,0.0769,0.7071,0.0000,4.6252,1.9822,0.6557
4,3,2273,2274,2,2,2,0.5000,2273.260,1153.800,763.540,8.2592,14.0000,1.1200,0.5650,4.6251,0.5916,0.1015,0.3069,0.5000,0.5000,4.9555,1.8170,0.8000
4,3,2274,2276,3,1,2,0.6667,2274.782,680.000,481.836,9.0853,17.0000,1.2364,0.2727,5.6164,0.7500,0.1500,0.1000,0.9487,0.0000,5.1208,1.4867,0.8364
3,3,2276,2277,2,2,1,0.7500,2276.667,1236.688,648.000,9.1559,17.0000,1.0625,0.4569,5.6166,0.5333,0.2667,0.2000,0.7071,0.0000,5.6165,1.6519,1.0000
5,3,2281,2283,3,2,2,0.4167,2282.017,1036.400,795.217,8.8659,13.0000,1.0833,0.4552,4.2954,0.5461,0.2256,0.2283,0.8117,0.4177,4.6258,1.3217,0.6500
5,3,2285,2286,2,3,2,0.4167,2285.359,1124.016,965.219,9.4575,16.0000,1.2500,0.4210,5.2869,0.5461,0.2256,0.2283,0.5716,0.7118,4.6261,1.9826,0.6719
3,3,2286,2287,2,2,1,0.7500,2286.643,841.690,925.000,8.0127,15.0000,1.0714,0.7135,4.9565,0.5333,0.2667,0.2000,0.7071,0.0000,4.9566,1.9826,1.0000
3,3,2288,2289,2,2,1,0.7500,2288.683,1004.317,839.000,7.8221,15.0000,1.0976,0.4484,4.9567,0.5333,0.2667,0.2000,0.7071,0.0000,4.6262,1.3218,1.0000
5,3,2288,2289,2,3,1,0.8333,2288.367,1090.800,433.000,8.8667,15.0000,1.2500,0.4177,4.9566,0.5854,0.2927,0.1220,0.3162,0.0000,4.6262,0.9913,0.6833
4,3,2300,2302,3,2,1,0.6667,2301.000,653.827,849.000,8.5928,17.0000,1.3077,0.1731,5.6184,0.5357,0.3214,0.1429,1.0000,0.0000,4.6269,1.9829,0.8269
4,3,2300,2302,3,1,2,0.6667,2300.980,934.000,631.804,8.4276,14.0000,1.0980,0.9998,4.6269,0.5357,0.3214,0.1429,1.0000,0.0000,4.7921,1.6525,0.8039
4,3,2301,2302,2,2,1,1.0000,2301.542,1162.542,1021.000,7.9319,13.0000,1.0833,0.7096,4.2964,0.0000,0.7500,0.2500,1.0000,0.0000,4.6269,1.3220,0.8125
4,3,2319,2320,2,2,1,1.0000,2319.480,841.480,891.000,8.2636,13.0000,1.0400,0.6788,4.2971,0.0000,0.7500,0.2500,1.0000,0.0000,4.6276,1.6527,0.7800
3,3,2319,2320,2,2,1,0.7500,2319.366,885.317,1031.000,7.8244,15.0000,1.0976,0.7090,4.9582,0.5333,0.2667,0.2000,0.7071,0.0000,4.6276,1.4874,1.0000
4,3,2321,2322,2,1,2,1.0000,2321.434,1040.000,605.547,8.7596,16.0000,1.2075,0.6272,5.2888,0.0000,0.7500,0.2500,0.0000,0.0000,4.1319,0.9917,0.8113
3,3,2325,2326,2,1,2,0.7500,2325.381,736.000,901.690,8.0156,16.0000,1.1429,0.6921,5.2890,0.5333,0.2667,0.2000,0.7071,0.0000,4.9584,1.4875,1.0000
5,3,2330,2332,3,1,2,0.8333,2330.889,995.000,660.302,9.3138,16.0000,1.2698,0.3214,5.2892,0.5854,0.2927,0.1220,0.9487,0.0000,4.9586,1.8182,0.6984
5,3,2331,2333,3,2,1,0.8333,2331.817,1208.567,843.000,8.8704,14.0000,1.1667,0.4705,4.6281,0.5854,0.2927,0.1220,0.9487,0.0000,4.6281,0.6612,0.6667
5,3,2333,2335,3,2,1,0.8333,2334.227,936.636,596.000,9.7576,16.0000,1.2121,0.4288,5.2894,0.5854,0.2927,0.1220,0.9487,0.0000,4.9589,1.6530,0.6515
4,3,2333,2335,3,2,1,0.6667,2334.192,1056.808,899.000,8.5953,16.0000,1.2308,0.2720,5.2894,0.7500,0.1500,0.1000,0.9487,0.0000,4.7935,1.9835,0.8077
4,3,2341,2343,3,2,1,0.6667,2342.083,617.271,390.000,7.9349,13.0000,1.0833,0.2834,4.2981,0.5357,0.3214,0.1429,1.0000,0.0000,3.9674,0.4959,0.8125
6,3,2341,2343,3,2,2,0.5000,2341.806,927.125,567.500,9.7181,17.0000,1.4167,0.5508,5.6205,0.3810,0.3333,0.2857,0.9487,0.1690,4.1327,1.1572,0.6111
4,3,2341,2342,2,3,1,0.6667,2341.255,1196.922,415.000,8.4307,14.0000,1.0980,0.9562,4.6286,0.5357,0.3214,0.1429,0.0000,0.0000,4.7939,1.3225,0.8039
4,3,2343,2344,2,2,2,0.5000,2343.481,699.815,814.241,8.9269,16.0000,1.1852,0.6009,5.2901,0.5916,0.1015,0.3069,0.7071,0.7071,4.2981,1.3225,0.8148
3,3,2344,2345,2,2,1,0.7500,2344.325,871.350,529.000,7.6356,14.0000,1.0500,0.7267,4.6288,0.5333,0.2667,0.2000,0.7071,0.0000,4.6289,0.9919,1.0000
6,3,2345,2347,3,2,2,0.5000,2345.840,683.720,878.653,10.1237,15.0000,1.2000,0.4735,4.9596,0.6381,0.1455,0.2164,0.8019,0.3768,4.7942,1.3226,0.5600
4,3,2346,2347,2,2,1,1.0000,2346.451,463.471,889.000,8.4314,14.0000,1.0980,0.6518,4.6289,0.0000,0.7500,0.2500,1.0000,0.0000,4.9596,1.6532,0.8039
7,3,2349,2351,3,3,2,0.3889,2350.293,891.159,648.610,10.2483,15.0000,1.2805,0.8232,4.9600,0.7344,0.0891,0.1766,0.6799,0.3621,4.2986,1.6533,0.5000
4,3,2349,2351,3,2,1,0.6667,2350.078,1011.471,852.000,8.4319,14.0000,1.0980,0.5352,4.6293,0.7576,0.1294,0.1129,0.8507,0.0000,4.7946,2.3146,0.8039
3,3,2350,2352,3,1,1,1.0000,2351.000,1086.000,571.000,7.6364,14.0000,1.0500,0.0000,4.6293,0.8889,0.0000,0.1111,1.0000,0.0000,4.6294,0.8267,1.0000
4,3,2351,2352,2,1,2,1.0000,2351.436,480.000,784.527,9.0934,16.0000,1.1636,0.6433,5.2907,0.0000,0.7500,0.2500,0.0000,0.0000,4.9601,1.9840,0.8000
4,3,2355,2356,2,2,2,0.5000,2355.265,605.265,890.204,8.1020,13.0000,1.0612,0.4271,4.2991,0.0000,0.5625,0.4375,0.4459,0.5774,4.6297,1.6535,0.7959
3,3,2358,2359,2,2,1,0.7500,2358.667,1173.667,906.000,7.4467,13.0000,1.0000,0.7454,4.2994,0.5333,0.2667,0.2000,0.7071,0.0000,4.9608,1.6536,1.0000
3,3,2360,2361,2,1,2,0.7500,2360.333,841.000,839.667,7.4469,13.0000,1.0000,0.7454,4.2996,0.5333,0.2667,0.2000,0.7071,0.0000,4.6302,1.4883,1.0000
4,3,2360,2362,3,2,1,0.6667,2360.980,1150.216,481.000,8.4337,14.0000,1.0980,1.0038,4.6302,0.5357,0.3214,0.1429,1.0000,0.0000,3.9689,0.9922,0.7843
5,3,2362,2364,3,2,1,0.8333,2363.186,946.441,870.000,8.7271,13.0000,1.1017,0.4785,4.2998,0.5854,0.2927,0.1220,0.9487,0.0000,4.6305,0.9923,0.6610
4,3,2362,2364,3,2,1,0.6667,2363.340,1046.245,346.000,8.7649,15.0000,1.1321,0.4189,4.9614,0.7500,0.1500,0.1000,0.9487,0.0000,4.9613,0.9922,0.8113
5,3,2363,2365,3,2,2,0.4167,2363.932,853.627,437.831,8.7272,14.0000,1.1864,0.4152,4.6306,0.5461,0.2256,0.2283,0.8117,0.4177,4.6305,1.4884,0.6780
3,3,2363,2364,2,1,2,0.7500,2363.667,963.000,692.333,7.4475,13.0000,1.0000,0.7454,4.2998,0.5333,0.2667,0.2000,0.7071,0.0000,4.6306,1.4884,1.0000
7,4,2374,2377,4,2,2,0.4375,2375.793,895.272,496.109,11.5044,17.0000,1.2935,0.3582,5.6244,0.8040,0.0402,0.1558,0.9650,0.0194,4.6319,1.4888,0.6413
4,3,2375,2377,3,1,2,0.6667,2375.784,574.000,793.176,8.4366,15.0000,1.1765,0.8039,4.9626,0.7500,0.1500,0.1000,0.9487,0.0000,4.7973,0.9926,0.8235
4,3,2380,2382,3,1,2,0.6667,2381.070,1020.000,791.228,9.4301,18.0000,1.2632,0.2386,5.9558,0.5357,0.3214,0.1429,1.0000,0.0000,4.9633,1.9852,0.8070
5,3,2380,2382,3,2,1,0.8333,2380.825,1195.349,565.000,9.3223,15.0000,1.1905,0.3904,4.9632,0.5854,0.2927,0.1220,0.9487,0.0000,3.9705,1.6544,0.6508
5,3,2382,2384,3,1,2,0.8333,2383.250,1092.000,548.391,9.4707,16.0000,1.2500,0.4638,5.2943,0.5854,0.2927,0.1220,0.9487,0.0000,4.6326,1.1581,0.6562
5,3,2385,2387,3,2,2,0.4167,2385.950,894.150,730.600,8.8792,14.0000,1.1667,0.6205,4.6327,0.5461,0.2256,0.2283,0.8117,0.4177,4.9635,0.9927,0.6833
5,3,2386,2387,2,1,3,0.8333,2386.391,910.000,961.703,9.4712,15.0000,1.1719,0.4906,4.9637,0.5854,0.2927,0.1220,0.3162,0.0000,4.9636,1.6545,0.6875
6,3,2389,2391,3,2,2,0.5000,2390.169,564.535,753.718,9.5920,15.0000,1.2676,0.5692,4.9639,0.4246,0.3485,0.2269,0.7895,0.0722,4.3020,0.9928,0.5775
3,3,2390,2391,2,2,1,0.7500,2390.650,1313.675,746.000,7.6424,14.0000,1.0500,0.7267,4.6329,0.5333,0.2667,0.2000,0.7071,0.0000,5.2948,1.9855,1.0000
5,3,2391,2393,3,1,2,0.8333,2391.738,772.000,321.443,9.0277,14.0000,1.1475,0.6160,4.6330,0.5854,0.2927,0.1220,0.9487,0.0000,4.3020,0.8273,0.6557
5,3,2392,2394,3,2,1,0.8333,2393.180,1180.311,920.000,9.0278,15.0000,1.2295,0.8769,4.9640,0.5854,0.2927,0.1220,0.9487,0.0000,4.6330,1.3237,0.6885
5,3,2395,2397,3,2,1,0.8333,2395.683,854.617,596.000,8.8800,14.0000,1.1667,0.9204,4.6331,0.5854,0.2927,0.1220,0.9487,0.0000,4.9640,0.6619,0.7000
4,3,2396,2398,3,1,2,0.6667,2397.080,896.000,752.460,8.2734,14.0000,1.1200,0.4669,4.6331,0.7576,0.1294,0.1129,0.8507,0.0000,4.7986,1.6547,0.8200
6,3,2398,2400,3,2,2,0.5000,2399.145,623.348,373.319,9.3222,15.0000,1.3043,0.7403,4.9641,0.6381,0.1455,0.2164,0.8019,0.3768,4.1367,0.9928,0.5942
3,3,2402,2403,2,1,2,0.7500,2402.349,1120.000,910.326,8.2158,15.0000,1.0465,0.7280,4.9640,0.5333,0.2667,0.2000,0.7071,0.0000,5.2950,1.6547,1.0000
5,3,2403,2405,3,1,2,0.8333,2404.129,421.000,597.694,9.1758,15.0000,1.2097,1.1699,4.9640,0.5854,0.2927,0.1220,0.9487,0.0000,4.9640,1.6547,0.6935
5,3,2403,2404,2,2,2,0.6250,2403.450,680.400,538.150,8.8799,14.0000,1.1667,0.6964,4.6331,0.3432,0.2505,0.4063,0.6059,0.3645,4.9640,1.6547,0.6667
3,3,2409,2410,2,2,1,0.7500,2409.350,1248.675,616.000,7.6422,14.0000,1.0500,0.7267,4.6328,0.5333,0.2667,0.2000,0.7071,0.0000,4.6328,1.3237,1.0000
3,3,2410,2411,2,1,2,0.7500,2410.317,959.000,593.341,7.8331,14.0000,1.0244,0.4660,4.6328,0.5333,0.2667,0.2000,0.7071,0.0000,4.9637,0.6618,1.0000
3,3,2410,2412,3,1,1,1.0000,2410.980,1056.000,807.000,9.5525,23.0000,1.3800,0.0200,7.6109,0.8889,0.0000,0.1111,1.0000,0.0000,5.2946,1.4891,1.0000
4,3,2411,2413,3,1,2,0.6667,2411.965,800.000,1181.754,9.4308,19.0000,1.3333,0.2481,6.2872,0.5357,0.3214,0.1429,1.0000,0.0000,4.7981,0.9927,0.8070
4,4,2411,2413,3,2,1,0.6667,2412.088,947.544,677.000,9.4308,18.0000,1.2632,1.0200,5.9562,0.7576,0.1294,0.1129,0.8507,0.0000,4.9636,1.9854,1.0000
4,3,2414,2416,3,2,1,0.6667,2415.078,1155.294,948.000,8.4377,15.0000,1.1765,0.7102,4.9633,0.5357,0.3214,0.1429,1.0000,0.0000,5.1287,0.9927,0.8235
5,3,2416,2417,2,2,2,0.6250,2416.550,1002.183,686.633,8.8784,14.0000,1.1667,0.6860,4.6324,0.3432,0.2505,0.4063,0.6059,0.3645,4.6323,1.3235,0.6667
4,3,2417,2418,2,2,1,1.0000,2417.421,955.474,835.000,9.4299,17.0000,1.1930,0.6338,5.6249,0.0000,0.7500,0.2500,1.0000,0.0000,5.4594,1.3235,0.8070
4,3,2420,2422,3,2,1,0.6667,2421.346,990.250,753.000,8.6021,16.0000,1.2308,0.4270,5.2936,0.7500,0.1500,0.1000,0.9487,0.0000,5.1281,1.1580,0.8269
3,3,2422,2423,2,1,2,0.7500,2422.659,621.000,1072.683,7.8315,14.0000,1.0244,0.7309,4.6318,0.5333,0.2667,0.2000,0.7071,0.0000,4.3009,1.1579,1.0000
5,3,2426,2427,2,2,2,0.6250,2426.556,776.810,565.556,9.3206,15.0000,1.1905,0.8084,4.9623,0.3432,0.2505,0.4063,0.6059,0.3645,4.6314,1.3233,0.6508
9,4,2426,2429,4,3,2,0.3750,2427.393,1287.103,731.907,11.7989,17.0000,1.4299,0.9838,5.6238,0.6433,0.2178,0.1389,0.6657,0.0154,3.9697,0.6616,0.5421
4,3,2429,2430,2,2,1,1.0000,2429.545,1055.455,572.000,9.0969,15.0000,1.0909,0.7100,4.9620,0.0000,0.7500,0.2500,1.0000,0.0000,5.2927,1.3232,0.8182
4,3,2435,2436,2,2,1,1.0000,2435.500,711.481,601.000,8.5999,14.0000,1.0769,0.6936,4.6307,0.0000,0.7500,0.2500,1.0000,0.0000,4.9615,2.3153,0.7692
4,3,2439,2442,4,1,1,1.0000,2440.385,1150.000,647.000,8.5994,15.0000,1.1538,0.3846,4.9612,0.9375,0.0000,0.0625,1.0000,0.0000,4.9612,1.6537,0.8269
5,3,2441,2443,3,1,2,0.8333,2441.774,728.000,979.403,9.1705,14.0000,1.1290,0.4621,4.6304,0.5854,0.2927,0.1220,0.9487,0.0000,4.6304,0.9922,0.6613
5,3,2446,2447,2,2,2,0.6250,2446.475,741.590,448.852,9.0224,15.0000,1.2295,0.8033,4.9610,0.3432,0.2505,0.4063,0.6059,0.3645,4.6303,0.6615,0.6885
4,3,2447,2448,2,2,2,0.5000,2447.250,509.500,933.788,8.5991,15.0000,1.1538,0.5977,4.9610,0.5916,0.1015,0.3069,0.5000,0.5000,4.6303,1.4883,0.7885
5,3,2448,2450,3,1,3,0.5556,2448.783,701.000,1033.767,8.8745,14.0000,1.1667,0.7967,4.6303,0.8123,0.1108,0.0769,0.7071,0.0000,4.6303,1.3229,0.6667
3,3,2448,2449,2,2,1,0.7500,2448.354,846.292,1212.000,9.1655,17.0000,1.0625,0.4588,5.6225,0.5333,0.2667,0.2000,0.7071,0.0000,5.9532,1.4883,1.0000
3,3,2450,2451,2,2,1,0.7500,2450.341,940.341,597.000,7.8289,14.0000,1.0244,0.7418,4.6303,0.5333,0.2667,0.2000,0.7071,0.0000,5.2917,0.9922,1.0000
3,3,2451,2453,3,1,1,1.0000,2452.000,907.000,954.000,8.9747,19.0000,1.2128,0.0000,6.2840,0.8889,0.0000,0.1111,1.0000,0.0000,4.9611,1.6537,1.0000
4,3,2453,2454,2,1,2,1.0000,2453.540,522.000,769.480,8.2685,14.0000,1.1200,0.6943,4.6304,0.0000,0.7500,0.2500,0.0000,0.0000,4.6304,1.3230,0.8000
7,3,2454,2455,2,3,3,0.3889,2454.481,924.198,666.111,10.1257,15.0000,1.2963,0.5659,4.9612,0.5109,0.2405,0.2486,0.4413,0.7991,3.6382,1.4883,0.5432
3,3,2454,2455,2,2,1,0.7500,2454.317,983.683,356.000,7.8291,15.0000,1.0976,0.4484,4.9611,0.5333,0.2667,0.2000,0.7071,0.0000,4.6304,1.9845,1.0000
4,3,2456,2458,3,2,1,0.6667,2456.981,982.755,913.000,8.7649,15.0000,1.1321,0.2460,4.9613,0.5357,0.3214,0.1429,1.0000,0.0000,4.6305,1.6538,0.7736
5,3,2461,2463,3,1,2,0.8333,2461.758,508.000,981.576,9.7632,17.0000,1.2879,0.4886,5.6232,0.5854,0.2927,0.1220,0.9487,0.0000,4.6308,1.3231,0.6818
4,3,2461,2463,3,2,1,0.6667,2461.981,651.204,876.000,8.9310,16.0000,1.1852,0.2045,5.2924,0.5357,0.3214,0.1429,1.0000,0.0000,5.1270,1.3231,0.7963
8,4,2462,2463,2,2,3,0.6667,2462.733,915.515,805.000,11.8119,17.0000,1.3465,0.5539,5.6233,0.4286,0.1071,0.4643,0.0000,1.0000,4.3002,1.6539,0.5842
4,3,2464,2465,2,2,1,1.0000,2464.407,914.593,852.000,9.7584,21.0000,1.4237,0.5753,6.9466,0.0000,0.7500,0.2500,1.0000,0.0000,4.9619,1.9847,0.8305
6,3,2468,2469,2,1,3,1.0000,2468.514,810.000,984.917,9.7242,14.0000,1.1667,1.0376,4.6316,0.5556,0.3333,0.1111,0.0000,0.0000,4.4661,1.6541,0.5556
9,3,2468,2470,3,2,2,0.7500,2469.010,869.352,917.695,11.5789,17.0000,1.4571,0.7158,5.6240,0.4444,0.2963,0.2593,1.0000,0.0000,3.9700,1.8195,0.4381
7,3,2469,2471,3,2,2,0.5833,2470.370,1059.778,727.346,10.1286,16.0000,1.3827,0.7519,5.2935,0.5694,0.1270,0.3036,0.8963,0.4170,3.6392,1.9850,0.5432
4,3,2470,2471,2,2,1,1.0000,2470.481,628.538,534.000,8.6018,14.0000,1.0769,0.6665,4.6318,0.0000,0.7500,0.2500,1.0000,0.0000,4.7971,1.3233,0.7885
6,3,2474,2476,3,3,2,0.3333,2474.421,1054.934,496.855,10.2659,17.0000,1.3421,0.4501,5.6247,0.3889,0.3074,0.3038,0.9840,0.1784,4.7976,1.9852,0.6053
4,3,2475,2476,2,3,1,0.6667,2475.449,789.918,556.000,8.1065,14.0000,1.1429,0.4563,4.6323,0.7576,0.1294,0.1129,0.5257,0.0000,4.6323,0.6618,0.8163
3,3,2475,2476,2,1,2,0.7500,2475.605,1148.000,1064.302,8.2145,17.0000,1.1860,0.6760,5.6249,0.5333,0.2667,0.2000,0.7071,0.0000,4.6324,1.4889,1.0000
4,3,2479,2480,2,2,1,1.0000,2479.540,533.440,615.000,8.2729,14.0000,1.1200,0.6966,4.6328,0.0000,0.7500,0.2500,1.0000,0.0000,5.1292,1.9855,0.8200
3,3,2481,2482,2,1,2,0.7500,2481.325,1034.000,574.325,7.6425,14.0000,1.0500,0.4596,4.6330,0.5333,0.2667,0.2000,0.7071,0.0000,4.9640,1.9855,1.0000
8,3,2483,2486,4,2,3,0.3333,2484.515,902.812,852.069,11.8180,17.0000,1.3465,0.5525,5.6263,0.7604,0.0199,0.2196,0.9552,0.2771,4.3023,1.3238,0.5050
3,3,2485,2485,1,2,2,0.7500,2485.000,635.675,972.675,7.6431,14.0000,1.0500,0.4596,4.6334,0.5333,0.2667,0.2000,0.0000,1.0000,4.7989,1.6548,1.0000
6,3,2487,2489,3,2,2,0.5000,2488.270,875.243,601.135,9.9990,17.0000,1.3784,0.3879,5.6266,0.5034,0.2551,0.2415,0.9677,0.2521,4.6337,1.6549,0.6216
4,3,2488,2489,2,1,2,1.0000,2488.482,958.000,781.554,9.2675,18.0000,1.2857,0.6571,5.9576,0.0000,0.7500,0.2500,0.0000,0.0000,4.1373,0.3310,0.8036
3,3,2496,2496,1,2,2,0.7500,2496.000,1038.675,990.350,7.6446,14.0000,1.0500,0.7267,4.6343,0.5333,0.2667,0.2000,0.0000,1.0000,4.6343,1.6551,1.0000
6,3,2500,2502,3,2,3,0.3333,2500.814,491.871,651.943,9.4601,17.0000,1.4571,0.2330,5.6276,0.5384,0.1347,0.3269,0.8322,0.1385,3.3104,0.6621,0.6143
5,3,2500,2501,2,2,2,0.6250,2500.613,875.597,872.161,9.1787,14.0000,1.1290,0.7294,4.6345,0.3432,0.2505,0.4063,0.6059,0.3645,3.9724,0.3310,0.6613
4,3,2501,2502,2,3,1,0.6667,2501.182,1042.255,500.000,9.1035,17.0000,1.2364,0.7673,5.6276,0.7500,0.1500,0.1000,0.3162,0.0000,4.3035,0.6621,0.8182
4,3,2504,2505,2,3,1,0.6667,2504.551,1284.898,655.000,8.1105,14.0000,1.1429,1.0039,4.6346,0.7576,0.1294,0.1129,0.5257,0.0000,4.6345,1.9862,0.8163
3,3,2505,2506,2,2,1,0.7500,2505.325,928.675,567.000,7.6450,14.0000,1.0500,0.4596,4.6346,0.5333,0.2667,0.2000,0.7071,0.0000,3.9725,0.3310,1.0000
7,3,2511,2512,2,2,2,0.8750,2511.554,943.434,675.614,10.3848,15.0000,1.2651,0.8024,4.9655,0.0000,0.3318,0.6682,0.5977,0.5774,4.9655,1.1586,0.6506
6,4,2516,2518,3,3,1,0.6667,2516.778,982.630,563.000,10.9461,18.0000,1.3333,0.6677,5.9583,0.2083,0.6667,0.1250,0.4472,0.0000,4.7998,0.9930,0.7654
4,3,2517,2518,2,2,1,1.0000,2517.531,604.449,666.000,8.1098,14.0000,1.1429,0.6951,4.6342,0.0000,0.7500,0.2500,1.0000,0.0000,4.9652,2.1516,0.8163
4,3,2517,2518,2,2,1,1.0000,2517.569,850.490,835.000,8.4408,16.0000,1.2549,0.6678,5.2962,0.0000,0.7500,0.2500,1.0000,0.0000,4.6342,0.9930,0.8235
3,3,2517,2518,2,2,1,0.7500,2517.325,1072.650,756.000,7.6444,14.0000,1.0500,0.7267,4.6342,0.5333,0.2667,0.2000,0.7071,0.0000,4.6342,0.3310,1.0000
4,3,2517,2518,2,2,1,1.0000,2517.500,1097.463,782.000,8.9373,16.0000,1.1852,0.6814,5.2962,0.0000,0.7500,0.2500,1.0000,0.0000,5.1307,1.8206,0.7963
4,3,2522,2523,2,3,1,0.6667,2522.434,1214.057,905.000,8.7712,17.0000,1.2830,0.4376,5.6269,0.7576,0.1294,0.1129,0.5257,0.0000,4.6339,1.6549,0.8113
6,3,2523,2524,2,2,2,0.7500,2523.286,533.471,403.314,9.4587,15.0000,1.2857,0.6781,4.9648,0.2000,0.3333,0.4667,0.7071,0.7071,4.3028,0.8275,0.5857
4,3,2526,2527,2,2,1,1.0000,2526.531,1097.449,747.000,8.1087,14.0000,1.1429,0.6951,4.6336,0.0000,0.7500,0.2500,1.0000,0.0000,3.9716,0.6619,0.8163
4,3,2528,2530,3,1,2,0.6667,2529.157,519.000,632.824,8.4393,15.0000,1.1765,0.2361,4.9643,0.7500,0.1500,0.1000,0.9487,0.0000,4.7988,1.9857,0.8235
5,3,2532,2534,3,2,1,0.8333,2533.190,941.460,509.000,9.3238,15.0000,1.1905,0.5723,4.9640,0.5854,0.2927,0.1220,0.9487,0.0000,4.9639,1.3237,0.6825
5,4,2539,2541,3,2,1,0.8333,2539.746,769.582,824.000,9.9147,15.0000,1.1194,0.6350,4.9634,0.5854,0.2927,0.1220,0.9487,0.0000,4.9635,0.8272,0.8507
4,3,2543,2545,3,1,2,0.6667,2543.891,925.000,1005.400,9.0990,18.0000,1.3091,0.4146,5.9557,0.7576,0.1294,0.1129,0.8507,0.0000,4.9631,1.3235,0.8364
4,3,2545,2546,2,3,1,0.6667,2545.444,866.926,840.000,8.9334,15.0000,1.1111,1.0271,4.9630,0.7576,0.1294,0.1129,0.5257,0.0000,4.9630,2.3161,0.7963
4,3,2550,2551,2,2,1,1.0000,2550.469,1037.531,732.000,8.1058,13.0000,1.0612,0.7084,4.3010,0.0000,0.7500,0.2500,1.0000,0.0000,4.6319,1.3234,0.7959
5,3,2551,2552,2,2,2,0.6250,2551.386,874.456,806.842,8.4336,13.0000,1.1404,0.6180,4.3010,0.3432,0.2505,0.4063,0.6059,0.3645,4.6318,0.9925,0.6842
4,3,2553,2554,2,2,2,0.5000,2553.255,578.784,673.275,8.4364,14.0000,1.0980,0.7986,4.6318,0.0000,0.5625,0.4375,0.4459,0.5774,4.6317,0.9925,0.7843
4,3,2562,2563,2,2,1,1.0000,2562.460,611.540,926.000,8.2706,14.0000,1.1200,0.7094,4.6315,0.0000,0.7500,0.2500,1.0000,0.0000,4.7969,1.6541,0.8200
3,3,2563,2564,2,2,1,0.7500,2563.333,800.667,876.000,7.4490,13.0000,1.0000,0.7454,4.3007,0.5333,0.2667,0.2000,0.7071,0.0000,4.7969,1.3233,1.0000
4,3,2565,2566,2,2,1,1.0000,2565.456,982.439,738.000,9.4284,17.0000,1.1930,0.6328,5.6240,0.0000,0.7500,0.2500,1.0000,0.0000,5.1277,1.8195,0.8070
3,3,2571,2573,3,1,1,1.0000,2572.000,452.000,946.000,8.4041,16.0000,1.0909,0.0000,5.2932,0.8889,0.0000,0.1111,1.0000,0.0000,4.6315,0.6616,1.0000
5,3,2573,2574,2,1,3,0.8333,2573.576,385.000,1191.712,9.7647,17.0000,1.2879,0.9158,5.6240,0.5854,0.2927,0.1220,0.3162,0.0000,4.9624,1.6541,0.6667
3,3,2573,2574,2,2,1,0.7500,2573.628,1097.302,1004.000,8.2131,16.0000,1.1163,0.6969,5.2932,0.5333,0.2667,0.2000,0.7071,0.0000,4.6316,0.9925,1.0000
4,3,2578,2580,3,2,1,0.6667,2578.944,967.259,852.000,8.9325,15.0000,1.1111,0.2651,4.9625,0.5357,0.3214,0.1429,1.0000,0.0000,4.3008,0.9925,0.7963
5,3,2587,2589,3,2,1,0.8333,2588.068,860.390,565.000,8.7296,14.0000,1.1864,1.1367,4.6319,0.5854,0.2927,0.1220,0.9487,0.0000,4.6319,1.6542,0.6949
4,3,2588,2589,2,1,2,1.0000,2588.519,528.000,777.538,8.6021,14.0000,1.0769,0.6947,4.6319,0.0000,0.7500,0.2500,0.0000,0.0000,4.1356,1.4888,0.7885
6,4,2589,2590,2,2,2,0.7500,2589.689,802.514,1069.568,9.9952,14.0000,1.1351,0.9480,4.6319,0.2667,0.1333,0.6000,0.0000,0.0000,5.1282,1.3234,0.7432
8,3,2590,2592,3,2,2,0.6667,2590.628,669.372,480.581,10.0598,14.0000,1.3023,0.8414,4.6320,0.4716,0.1249,0.4035,0.8929,0.1898,3.3086,0.4963,0.4767
5,3,2590,2591,2,3,2,0.4167,2590.467,818.983,931.750,8.8777,15.0000,1.2500,0.9204,4.9628,0.1521,0.5234,0.3245,0.0000,0.5847,4.6319,1.6543,0.6833
4,3,2590,2592,3,2,1,0.6667,2590.926,873.444,949.000,8.9331,15.0000,1.1111,1.0271,4.9628,0.7576,0.1294,0.1129,0.8507,0.0000,5.1282,0.9926,0.7963
7,3,2592,2594,3,3,2,0.3889,2592.747,957.578,917.783,10.3794,15.0000,1.2651,0.6675,4.9629,0.4740,0.3590,0.1670,0.6417,0.4192,4.3012,2.3160,0.5181
3,3,2593,2594,2,1,2,0.7500,2593.619,1040.000,856.690,8.0229,16.0000,1.1429,0.6921,5.2937,0.5333,0.2667,0.2000,0.7071,0.0000,4.9629,1.8197,1.0000
4,3,2593,2594,2,2,1,1.0000,2593.537,1119.481,776.000,8.9332,16.0000,1.1852,0.6680,5.2938,0.0000,0.7500,0.2500,1.0000,0.0000,4.9629,1.1580,0.7778
3,3,2595,2597,3,1,1,1.0000,2595.951,1099.000,813.000,7.8320,15.0000,1.0976,0.9512,4.9629,0.8889,0.0000,0.1111,1.0000,0.0000,4.9630,1.6543,1.0000
4,3,2597,2598,2,2,1,1.0000,2597.436,1027.491,710.000,9.0989,17.0000,1.2364,0.6568,5.6247,0.0000,0.7500,0.2500,1.0000,0.0000,4.1358,0.3309,0.8000
4,3,2600,2601,2,1,2,1.0000,2600.540,957.000,1041.480,8.2719,14.0000,1.1200,0.6943,4.6323,0.0000,0.7500,0.2500,0.0000,0.0000,4.9631,1.3235,0.8000
3,3,2601,2602,2,1,2,0.7500,2601.310,707.000,1041.667,8.0233,15.0000,1.0714,0.4549,4.9631,0.5333,0.2667,0.2000,0.7071,0.0000,5.2940,1.3235,1.0000
4,4,2607,2609,3,1,2,0.6667,2608.000,810.000,1129.466,9.5958,18.0000,1.2414,0.4655,5.9560,0.7576,0.1294,0.1129,0.8507,0.0000,5.1288,1.3236,1.0000
7,3,2607,2609,3,3,2,0.3889,2607.878,913.134,655.122,10.2553,15.0000,1.2805,0.8829,4.9633,0.4000,0.4045,0.1955,0.0440,0.0753,3.9707,1.6544,0.5122
7,3,2608,2609,2,3,2,0.5833,2608.449,552.064,723.872,9.7550,14.0000,1.2564,0.4711,4.6324,0.5916,0.2044,0.2040,0.1485,0.2953,3.6398,1.9853,0.5128
6,3,2609,2611,3,2,2,0.5000,2609.643,927.186,890.729,9.4560,14.0000,1.2000,0.4855,4.6325,0.5034,0.2551,0.2415,0.9677,0.2521,4.3016,1.4890,0.5714
5,3,2609,2611,3,3,1,0.5556,2609.565,963.032,781.000,9.1747,14.0000,1.1290,0.5654,4.6325,0.3318,0.5530,0.1152,1.0000,0.0000,4.6325,0.6618,0.6452
6,3,2612,2614,3,1,3,0.6667,2612.932,787.000,1115.082,9.8615,17.0000,1.3973,0.1070,5.6253,0.4000,0.4800,0.1200,0.7071,0.0000,4.1362,1.6545,0.6027
4,3,2617,2618,2,1,2,1.0000,2617.462,518.000,826.538,8.6035,14.0000,1.0769,0.7092,4.6327,0.0000,0.7500,0.2500,0.0000,0.0000,4.9636,0.9927,0.8077
3,3,2617,2618,2,2,1,0.7500,2617.317,1224.659,978.000,7.8330,14.0000,1.0244,0.7309,4.6327,0.5333,0.2667,0.2000,0.7071,0.0000,4.9636,1.6545,1.0000
8,3,2618,2620,3,2,2,0.6667,2618.904,785.769,1107.375,12.1673,17.0000,1.3077,0.6731,5.6254,0.4961,0.2369,0.2670,0.9586,0.0986,4.3018,1.6545,0.5769
3,3,2618,2620,3,1,1,1.0000,2618.977,908.000,930.000,8.4062,17.0000,1.1591,0.0227,5.6254,0.8889,0.0000,0.1111,1.0000,0.0000,4.9636,1.6545,1.0000
6,4,2618,2620,3,1,3,0.6667,2619.143,1003.000,877.065,10.4021,18.0000,1.4026,0.1569,5.9563,0.4000,0.4800,0.1200,0.7071,0.0000,4.6327,1.6545,0.7662
4,3,2619,2620,2,1,2,1.0000,2619.490,701.000,1215.490,8.4381,13.0000,1.0196,0.6932,4.3018,0.0000,0.7500,0.2500,0.0000,0.0000,4.9636,1.3236,0.7647
4,3,2620,2621,2,2,2,0.5000,2620.796,355.735,590.735,8.1073,13.0000,1.0612,0.8073,4.3018,0.0000,0.5625,0.4375,0.4459,0.5774,4.9636,1.9855,0.7959
5,3,2624,2625,2,1,3,0.8333,2624.375,683.000,1010.656,9.4713,16.0000,1.2500,0.7558,5.2946,0.5854,0.2927,0.1220,0.3162,0.0000,5.2946,1.6546,0.7188
3,3,2624,2625,2,2,1,0.7500,2624.717,897.696,499.000,8.7884,19.0000,1.2391,0.4153,6.2874,0.5333,0.2667,0.2000,0.7071,0.0000,5.2946,0.9927,1.0000
4,3,2624,2625,2,2,1,1.0000,2624.481,971.481,540.000,8.9347,14.0000,1.0370,0.6809,4.6328,0.0000,0.7500,0.2500,1.0000,0.0000,4.9637,1.3237,0.7778
4,3,2626,2627,2,2,2,0.5000,2626.255,1033.745,622.784,8.4383,14.0000,1.0980,0.4201,4.6328,0.0000,0.5625,0.4375,0.4459,0.5774,4.6328,1.3237,0.7843
3,3,2631,2632,2,1,2,0.7500,2631.326,421.000,1186.302,8.2154,16.0000,1.1163,0.4443,5.2947,0.5333,0.2667,0.2000,0.7071,0.0000,4.3019,0.9928,1.0000
6,3,2632,2633,2,3,2,0.5000,2632.529,930.059,660.294,9.1866,13.0000,1.1471,0.6085,4.3019,0.4412,0.1872,0.3716,0.6154,0.7882,4.4674,1.6546,0.5735
6,3,2636,2637,2,1,3,1.0000,2636.521,504.000,873.085,9.5918,14.0000,1.1831,0.4863,4.6328,0.5556,0.3333,0.1111,0.0000,0.0000,4.3019,1.1582,0.5775
7,3,2636,2638,3,3,2,0.3889,2636.741,961.918,995.353,10.6314,16.0000,1.3176,0.8250,5.2947,0.7348,0.1163,0.1489,0.5363,0.2107,4.3019,0.9928,0.5176
3,3,2639,2640,2,1,2,0.7500,2639.675,597.000,1048.350,7.6422,14.0000,1.0500,0.7267,4.6328,0.5333,0.2667,0.2000,0.7071,0.0000,4.9637,1.6546,1.0000
6,3,2643,2645,3,1,3,0.6667,2644.232,355.000,864.884,9.3214,13.0000,1.1304,0.9140,4.3018,0.6944,0.2222,0.0833,0.6000,0.0000,4.4673,1.3236,0.5652
3,3,2649,2651,3,1,1,1.0000,2650.000,884.000,1151.000,8.5970,17.0000,1.1333,0.0000,5.6253,0.8889,0.0000,0.1111,1.0000,0.0000,4.9635,-0.3309,1.0000
5,3,2649,2650,2,3,1,0.8333,2649.354,1227.831,727.000,9.6189,17.0000,1.3077,0.3922,5.6253,0.5854,0.2927,0.1220,0.3162,0.0000,4.6326,1.4890,0.6615
3,3,2650,2651,2,1,2,0.7500,2650.333,933.000,1077.667,7.4507,13.0000,1.0000,0.7454,4.3017,0.5333,0.2667,0.2000,0.7071,0.0000,4.6326,1.1581,1.0000
5,3,2650,2652,3,1,3,0.5556,2651.177,1017.000,827.726,9.1748,14.0000,1.1290,0.7472,4.6326,0.8123,0.1108,0.0769,0.7071,0.0000,4.6326,0.9927,0.6613
3,3,2658,2659,2,1,2,0.7500,2658.366,700.000,1223.317,7.8323,15.0000,1.0976,0.7090,4.9631,0.5333,0.2667,0.2000,0.7071,0.0000,4.6323,1.3235,1.0000
5,3,2661,2663,3,2,2,0.4167,2662.047,939.484,622.859,9.4698,18.0000,1.4062,0.5365,5.9555,0.5461,0.2256,0.2283,0.8117,0.4177,4.6320,1.3234,0.7031
4,3,2670,2671,2,2,2,0.5000,2670.302,672.755,919.830,8.7670,16.0000,1.2075,0.7592,5.2932,0.0000,0.5625,0.4375,0.4459,0.5774,5.2933,0.9925,0.8302
5,3,2672,2674,3,1,3,0.5556,2672.891,527.000,1056.984,9.4686,17.0000,1.3281,0.1105,5.6239,0.5532,0.3398,0.1070,0.8281,0.0000,4.6315,1.6541,0.7031
5,3,2673,2675,3,1,2,0.8333,2673.721,446.000,808.541,9.0246,15.0000,1.2295,0.6085,4.9622,0.5854,0.2927,0.1220,0.9487,0.0000,4.7968,0.9924,0.6721
6,3,2675,2676,2,3,1,1.0000,2675.451,971.000,877.000,9.5887,14.0000,1.1831,0.4507,4.6313,0.5556,0.3333,0.1111,0.0000,0.0000,4.7967,1.9848,0.5634
5,3,2676,2678,3,2,1,0.8333,2676.934,1118.639,692.000,9.0243,16.0000,1.3115,0.3666,5.2928,0.5854,0.2927,0.1220,0.9487,0.0000,4.6312,1.1578,0.7049
5,3,2678,2679,2,2,2,0.6250,2678.386,595.158,970.386,8.4324,13.0000,1.1404,0.5682,4.3004,0.3432,0.2505,0.4063,0.6059,0.3645,3.9695,0.9924,0.6842
4,3,2679,2680,2,2,1,1.0000,2679.509,1217.455,871.000,9.0968,15.0000,1.0909,0.6825,4.9619,0.0000,0.7500,0.2500,1.0000,0.0000,4.9618,0.9924,0.7818
6,3,2681,2683,3,2,2,0.5000,2681.900,675.743,1003.343,9.4529,15.0000,1.2857,0.4401,4.9617,0.3218,0.4574,0.2208,0.9366,0.3505,4.3002,1.6539,0.5857
4,3,2684,2686,3,1,2,0.6667,2685.103,618.000,1136.569,9.5924,17.0000,1.1724,0.9948,5.6231,0.7576,0.1294,0.1129,0.8507,0.0000,5.2924,0.9923,0.8103
3,3,2684,2685,2,2,1,0.7500,2684.333,1101.333,877.000,7.4479,13.0000,1.0000,0.4714,4.3001,0.5333,0.2667,0.2000,0.7071,0.0000,4.6308,1.3231,1.0000
5,3,2685,2686,2,2,2,0.6250,2685.621,753.172,1140.621,8.5796,13.0000,1.1207,0.7476,4.3000,0.3432,0.2505,0.4063,0.6059,0.3645,4.6308,1.8192,0.6724
4,3,2687,2689,3,2,1,0.6667,2687.981,567.519,462.000,8.9306,16.0000,1.1852,0.4818,5.2922,0.7576,0.1294,0.1129,0.8507,0.0000,4.6307,1.3230,0.7778
4,3,2689,2690,2,1,2,1.0000,2689.519,489.000,861.463,8.9305,15.0000,1.1111,0.6951,4.9614,0.0000,0.7500,0.2500,0.0000,0.0000,5.2921,2.1499,0.7963
4,3,2690,2691,2,1,2,1.0000,2690.549,443.000,1094.529,8.4343,14.0000,1.0980,0.6955,4.6306,0.0000,0.7500,0.2500,0.0000,0.0000,4.7960,1.8192,0.8039
3,3,2693,2694,2,2,1,0.7500,2693.650,887.675,718.000,7.6383,14.0000,1.0500,0.7267,4.6305,0.5333,0.2667,0.2000,0.7071,0.0000,4.7959,1.3230,1.0000
3,3,2695,2696,2,2,1,0.7500,2695.325,802.675,908.000,7.6383,14.0000,1.0500,0.4596,4.6305,0.5333,0.2667,0.2000,0.7071,0.0000,4.6305,1.4884,1.0000
5,3,2695,2697,3,3,1,0.5556,2696.188,829.984,994.000,9.4665,16.0000,1.2500,0.1881,5.2919,0.5532,0.3398,0.1070,0.8281,0.0000,4.9612,1.3230,0.7031
4,3,2700,2701,2,2,2,0.5000,2700.740,650.740,684.200,8.2685,14.0000,1.1200,0.4186,4.6304,0.0000,0.5625,0.4375,0.4459,0.5774,4.6304,0.9922,0.8000
4,3,2702,2704,3,2,1,0.6667,2702.942,966.250,794.000,8.5993,16.0000,1.2308,0.2566,5.2919,0.5357,0.3214,0.1429,1.0000,0.0000,4.9611,2.1498,0.8077
3,3,2704,2705,2,2,1,0.7500,2704.317,1209.317,718.000,7.8291,15.0000,1.0976,0.4484,4.9611,0.5333,0.2667,0.2000,0.7071,0.0000,4.6304,2.6459,1.0000
5,3,2706,2708,3,2,1,0.8333,2707.220,1019.475,948.000,8.7268,15.0000,1.2712,0.5698,4.9611,0.5854,0.2927,0.1220,0.9487,0.0000,4.6304,1.4883,0.6949
3,3,2707,2708,2,2,1,0.7500,2707.644,1026.711,913.000,8.5930,16.0000,1.0667,0.7062,5.2919,0.5333,0.2667,0.2000,0.7071,0.0000,5.6226,1.1576,1.0000
5,3,2709,2711,3,1,2,0.8333,2710.222,670.000,640.429,9.3186,15.0000,1.1905,0.4828,4.9612,0.5854,0.2927,0.1220,0.9487,0.0000,4.7958,1.4884,0.6667
3,3,2709,2710,2,1,2,0.7500,2709.325,852.000,1258.350,7.6382,14.0000,1.0500,0.7267,4.6304,0.5333,0.2667,0.2000,0.7071,0.0000,4.6304,1.3230,1.0000
4,3,2712,2713,2,1,2,1.0000,2712.469,608.000,838.531,8.1033,13.0000,1.0612,0.7084,4.2997,0.0000,0.7500,0.2500,0.0000,0.0000,4.6305,1.6537,0.7959
6,4,2712,2713,2,2,2,0.7500,2712.697,832.342,848.500,10.2621,14.0000,1.1053,0.6772,4.6305,0.2000,0.3333,0.4667,0.7071,0.7071,4.6305,1.4884,0.6974
5,3,2714,2715,2,2,2,0.6250,2714.385,995.585,917.169,9.6145,16.0000,1.2308,0.5909,5.2920,0.3432,0.2505,0.4063,0.6059,0.3645,4.6305,1.6537,0.6615
5,4,2716,2717,2,2,2,0.6250,2716.773,844.424,877.636,9.7626,15.0000,1.1364,0.9536,4.9613,0.3432,0.2505,0.4063,0.5155,0.8569,4.9613,1.6538,0.8636
5,3,2716,2717,2,3,1,0.8333,2716.617,1083.267,992.000,8.8750,14.0000,1.1667,0.4670,4.6306,0.5854,0.2927,0.1220,0.3162,0.0000,4.6305,1.4884,0.6667
6,3,2717,2719,3,3,1,0.6667,2717.797,691.176,842.000,9.9922,17.0000,1.3784,0.2682,5.6228,0.4000,0.4800,0.1200,0.7071,0.0000,4.2998,1.3230,0.5811
6,3,2717,2718,2,2,2,0.7500,2717.500,942.657,622.271,9.4521,14.0000,1.2000,0.6642,4.6306,0.2000,0.3333,0.4667,0.0000,0.0000,4.2998,0.9923,0.5714
5,3,2726,2728,3,2,2,0.4167,2726.702,893.228,656.684,8.4316,13.0000,1.1404,0.8026,4.2999,0.7729,0.0435,0.1836,0.8328,0.5477,4.6307,1.6538,0.6842
4,3,2729,2731,3,1,2,0.6667,2730.115,526.000,594.558,8.5999,16.0000,1.2308,0.9890,5.2922,0.7576,0.1294,0.1129,0.8507,0.0000,4.9615,1.6538,0.8077
4,3,2729,2731,3,1,2,0.6667,2729.944,939.000,872.259,8.9307,17.0000,1.2593,0.2651,5.6230,0.5357,0.3214,0.1429,1.0000,0.0000,4.7961,0.9923,0.8148
8,3,2732,2734,3,2,2,0.6667,2732.762,1049.594,490.673,11.8112,19.0000,1.5050,0.5727,6.2845,0.4396,0.1507,0.4097,0.8641,0.2943,4.1345,1.4884,0.4752
3,3,2734,2736,3,1,1,1.0000,2734.913,504.000,1189.000,8.7844,17.0000,1.1087,0.9130,5.6230,0.8889,0.0000,0.1111,1.0000,0.0000,5.6229,0.9923,1.0000
5,3,2735,2737,3,2,2,0.4167,2735.900,846.850,1046.483,8.8752,15.0000,1.2500,1.0485,4.9614,0.5461,0.2256,0.2283,0.8117,0.4177,4.9614,1.1576,0.7000
5,3,2735,2737,3,1,2,0.8333,2735.862,985.000,858.308,9.6148,19.0000,1.4615,0.3374,6.2844,0.5854,0.2927,0.1220,0.9487,0.0000,4.6306,1.4884,0.6923
4,3,2736,2737,2,2,1,1.0000,2736.549,737.529,432.000,8.4343,14.0000,1.0980,0.6955,4.6306,0.0000,0.7500,0.2500,1.0000,0.0000,5.1267,2.3153,0.8039
4,3,2737,2738,2,1,3,0.6667,2737.729,814.000,1063.083,7.9381,13.0000,1.0833,0.7339,4.2998,0.5357,0.3214,0.1429,0.0000,0.0000,4.6305,1.3230,0.8125
7,3,2738,2739,2,2,2,0.8750,2738.571,288.405,590.464,10.5010,14.0000,1.1667,0.7966,4.6305,0.0000,0.3318,0.6682,0.7788,0.5774,4.2998,1.6538,0.4762
4,3,2741,2742,2,1,2,1.0000,2741.469,500.000,779.469,8.1031,13.0000,1.0612,0.6638,4.2997,0.0000,0.7500,0.2500,0.0000,0.0000,4.6304,1.4883,0.7959
4,3,2744,2746,3,2,1,0.6667,2744.925,923.528,795.000,8.7641,16.0000,1.2075,0.5337,5.2915,0.7576,0.1294,0.1129,0.8507,0.0000,4.9609,1.6536,0.8302
6,4,2747,2748,2,2,2,0.7500,2747.467,1082.307,620.693,10.1257,15.0000,1.2000,0.6874,4.9605,0.2000,0.3333,0.4667,0.0000,0.0000,4.6299,0.8268,0.7333
6,3,2757,2759,3,2,2,0.5000,2757.917,663.333,529.125,9.7177,16.0000,1.3333,0.3656,5.2896,0.5230,0.1584,0.3185,0.9225,0.0898,4.2979,1.3224,0.5972
8,3,2757,2759,3,3,3,0.2963,2757.967,761.000,815.571,10.6366,18.0000,1.5824,0.5724,5.9508,0.5963,0.0096,0.3941,0.7181,0.6960,3.4713,1.3224,0.4945
5,3,2759,2761,3,2,1,0.8333,2760.213,388.541,522.000,9.0180,15.0000,1.2295,0.5814,4.9586,0.5854,0.2927,0.1220,0.9487,0.0000,4.9584,1.6528,0.7049
29,15,2761,2764,4,3,6,0.4028,2762.681,393.257,1010.414,27.7436,31.0000,1.9889,0.9989,10.2466,0.3356,0.3404,0.3240,0.3260,0.2565,4.7928,1.4874,0.6748
5,3,2762,2764,3,3,1,0.5556,2763.015,816.284,599.000,9.9039,17.0000,1.2687,0.2840,5.6191,0.5532,0.3398,0.1070,0.5606,0.0000,4.6273,1.3221,0.6866
4,3,2763,2764,2,2,2,0.5000,2763.735,282.204,1088.265,8.0979,13.0000,1.0612,0.8073,4.2970,0.0000,0.5625,0.4375,0.4459,0.5774,4.7925,1.6526,0.7959
5,4,2771,2772,2,2,2,0.6250,2771.431,512.200,614.631,9.6047,15.0000,1.1538,0.6016,4.9563,0.3432,0.2505,0.4063,0.6059,0.3645,4.6258,2.1476,0.8615
4,3,2772,2773,2,2,2,0.5000,2772.538,645.173,951.250,8.5902,15.0000,1.1538,0.6184,4.9560,0.5916,0.1015,0.3069,0.7071,0.7071,5.1210,1.3216,0.8269
5,3,2772,2774,3,2,1,0.8333,2772.767,927.550,382.000,8.8653,14.0000,1.1667,0.9435,4.6256,0.5854,0.2927,0.1220,0.9487,0.0000,4.6254,0.9912,0.6667
3,3,2778,2780,3,1,1,1.0000,2779.023,973.000,1004.000,8.1999,16.0000,1.1163,0.0233,5.2847,0.8889,0.0000,0.1111,1.0000,0.0000,4.2937,0.6606,1.0000
4,3,2781,2782,2,2,2,0.5000,2781.500,1004.250,687.231,8.5868,14.0000,1.0769,0.6048,4.6237,0.5916,0.1015,0.3069,0.7071,0.7071,4.9538,1.9815,0.7692
6,4,2782,2784,3,2,2,0.5000,2782.667,714.128,984.551,10.5161,16.0000,1.2308,0.5735,5.2838,0.6373,0.1269,0.2358,0.8795,0.0724,4.7885,0.9907,0.7436
4,3,2783,2785,3,2,1,0.6667,2783.889,759.463,858.000,8.9162,16.0000,1.1852,1.0022,5.2838,0.7576,0.1294,0.1129,0.8507,0.0000,4.9534,1.6511,0.8148
4,3,2784,2785,2,3,1,0.6667,2784.755,730.943,588.000,8.7507,17.0000,1.2830,0.2517,5.6136,0.5357,0.3214,0.1429,0.0000,0.0000,4.9533,1.6512,0.8113
4,3,2785,2786,2,2,2,0.5000,2785.558,692.808,1046.288,8.5854,15.0000,1.1538,0.8596,4.9530,0.5916,0.1015,0.3069,0.7071,0.7071,4.7880,0.9907,0.8077
4,3,2786,2787,2,1,2,1.0000,2786.460,857.000,779.440,8.2549,14.0000,1.1200,0.6366,4.6228,0.0000,0.7500,0.2500,0.0000,0.0000,4.7878,1.3208,0.8200
3,3,2786,2787,2,2,1,0.7500,2786.650,1095.675,918.000,7.6255,14.0000,1.0500,0.7267,4.6228,0.5333,0.2667,0.2000,0.7071,0.0000,4.6227,1.3208,1.0000
4,3,2787,2788,2,1,2,1.0000,2787.480,489.000,889.520,8.2546,13.0000,1.0400,0.7077,4.2925,0.0000,0.7500,0.2500,0.0000,0.0000,4.6225,1.1556,0.7800
8,4,2789,2792,4,2,3,0.3333,2790.500,597.141,800.424,10.7388,15.0000,1.3043,0.7758,4.9524,0.6516,0.1798,0.1685,0.8262,0.0000,4.2919,1.3206,0.5870
4,3,2790,2791,2,1,2,1.0000,2790.481,662.000,713.444,8.9141,15.0000,1.1111,0.6553,4.9524,0.0000,0.7500,0.2500,0.0000,0.0000,4.9523,0.8254,0.7963
6,3,2792,2794,3,2,2,0.5000,2793.264,493.708,905.306,9.7037,14.0000,1.1667,0.4981,4.6218,0.6075,0.1449,0.2475,0.8795,0.4086,4.7868,1.6506,0.5556
8,3,2796,2798,3,2,3,0.4444,2797.330,481.795,712.716,10.2703,14.0000,1.2727,0.8142,4.6214,0.5686,0.1035,0.3278,0.7327,0.1369,3.6311,1.3204,0.4659
5,3,2796,2798,3,2,1,0.8333,2796.812,706.375,1088.000,9.4481,17.0000,1.3281,0.4193,5.6117,0.5854,0.2927,0.1220,0.9487,0.0000,4.6215,1.6505,0.7031
6,3,2797,2799,3,1,3,0.6667,2797.875,687.000,883.347,9.7028,17.0000,1.4167,0.6646,5.6116,0.5235,0.3913,0.0852,0.4179,0.0000,4.2912,1.8155,0.5972
3,3,2798,2799,2,1,2,0.7500,2798.675,286.000,985.325,7.6232,14.0000,1.0500,0.4596,4.6213,0.5333,0.2667,0.2000,0.7071,0.0000,4.6214,1.3204,1.0000
5,3,2799,2801,3,1,2,0.8333,2800.217,647.000,1109.383,8.8572,14.0000,1.1667,0.4403,4.6212,0.5854,0.2927,0.1220,0.9487,0.0000,4.6212,0.9903,0.6667
6,3,2800,2802,3,2,2,0.5000,2800.806,862.153,917.319,9.7025,15.0000,1.2500,0.4040,4.9513,0.5230,0.1584,0.3185,0.9225,0.0898,4.4562,1.3204,0.5972
3,3,2804,2806,3,1,1,1.0000,2805.000,437.000,608.000,7.6229,14.0000,1.0500,0.0000,4.6211,0.8889,0.0000,0.1111,1.0000,0.0000,4.2910,0.8252,1.0000
5,3,2814,2816,3,1,2,0.8333,2815.269,478.000,1065.522,9.8913,17.0000,1.2687,0.5874,5.6119,0.5854,0.2927,0.1220,0.9487,0.0000,5.2818,1.8156,0.6866
3,3,2814,2815,2,2,1,0.7500,2814.674,632.302,902.000,8.1953,16.0000,1.1163,0.4443,5.2818,0.5333,0.2667,0.2000,0.7071,0.0000,4.9516,1.6506,1.0000
13,6,2821,2823,3,4,3,0.3611,2822.228,976.455,239.150,15.2926,18.0000,1.4012,0.5304,5.9430,0.5956,0.2129,0.1915,0.3499,0.3870,4.2923,1.3206,0.5269
7,3,2822,2824,3,2,2,0.5833,2823.277,679.422,1050.229,10.3581,15.0000,1.2651,0.5541,4.9527,0.4600,0.2645,0.2756,0.8571,0.1000,3.6320,0.3302,0.5301
6,3,2822,2824,3,2,2,0.5000,2822.795,1042.301,886.630,9.8399,14.0000,1.1507,0.7281,4.6225,0.6381,0.1455,0.2164,0.8019,0.3768,4.2923,1.1556,0.5479
6,6,2823,2825,3,2,2,0.5000,2823.988,486.547,715.465,11.5926,19.0000,1.3256,0.6497,6.2735,0.6168,0.1058,0.2774,0.7071,0.7071,4.7877,1.9810,1.0000
3,3,2824,2825,2,2,1,0.7500,2824.325,641.325,815.000,7.6254,14.0000,1.0500,0.4596,4.6226,0.5333,0.2667,0.2000,0.7071,0.0000,4.6227,1.6509,1.0000
5,3,2828,2830,3,2,2,0.4167,2829.456,851.386,1017.842,8.4184,13.0000,1.1404,0.6180,4.2933,0.6999,0.1281,0.1720,0.8684,0.1395,4.6234,1.6512,0.6842
5,3,2829,2830,2,2,2,0.6250,2829.450,553.550,517.833,8.8615,14.0000,1.1667,0.7299,4.6236,0.3432,0.2505,0.4063,0.6059,0.3645,4.9538,1.6512,0.6833
5,3,2832,2833,2,2,2,0.6250,2832.344,898.639,607.213,9.0101,14.0000,1.1475,0.5422,4.6239,0.3432,0.2505,0.4063,0.6059,0.3645,4.9542,1.9816,0.6557
4,3,2833,2834,2,2,2,0.5000,2833.740,781.520,1016.220,8.2575,13.0000,1.0400,0.9091,4.2939,0.5916,0.1015,0.3069,0.5000,0.5000,4.6242,1.6515,0.7800
7,3,2836,2839,4,2,2,0.4375,2837.188,694.650,1052.125,9.9887,15.0000,1.3125,0.4163,4.9555,0.8025,0.0737,0.1238,0.9492,0.0000,3.6336,0.6607,0.5375
3,3,2836,2837,2,2,1,0.7500,2836.689,1002.311,984.000,8.5824,17.0000,1.1333,0.4400,5.6158,0.5333,0.2667,0.2000,0.7071,0.0000,4.2945,0.8258,1.0000
5,3,2840,2842,3,2,2,0.4167,2841.061,675.848,1126.621,9.7520,16.0000,1.2121,1.0242,5.2865,0.5461,0.2256,0.2283,0.8117,0.4177,4.6255,1.6521,0.6667
6,4,2840,2842,3,1,3,0.6667,2840.813,909.000,761.213,10.1162,14.0000,1.1200,0.8408,4.6255,0.4000,0.4800,0.1200,0.7071,0.0000,4.7907,1.6519,0.7200
7,3,2842,2844,3,2,2,0.5833,2842.929,554.393,406.500,10.4905,16.0000,1.3333,0.6399,5.2867,0.5352,0.1763,0.2885,0.8018,0.5745,4.2956,1.6520,0.5238
3,3,2843,2844,2,1,2,0.7500,2843.317,850.000,751.341,7.8216,14.0000,1.0244,0.4660,4.6259,0.5333,0.2667,0.2000,0.7071,0.0000,4.9563,1.3217,1.0000
3,3,2844,2846,3,1,1,1.0000,2844.977,530.000,1010.000,8.3945,17.0000,1.1591,0.0227,5.6176,0.8889,0.0000,0.1111,1.0000,0.0000,4.6261,0.6609,1.0000
4,3,2846,2847,2,1,2,1.0000,2846.431,555.000,897.569,8.4269,16.0000,1.2549,0.6101,5.2874,0.0000,0.7500,0.2500,0.0000,0.0000,4.6266,0.6609,0.8235
5,3,2846,2847,2,1,3,0.8333,2846.508,611.000,1124.317,9.3108,17.0000,1.3492,0.8508,5.6178,0.5854,0.2927,0.1220,0.3162,0.0000,4.9571,1.3219,0.6984
3,3,2849,2850,2,2,1,0.7500,2849.674,385.349,731.000,8.2052,15.0000,1.0465,0.7280,4.9577,0.5333,0.2667,0.2000,0.7071,0.0000,4.9577,1.8178,1.0000
5,4,2849,2850,2,2,2,0.6250,2849.448,1089.642,811.224,9.9031,15.0000,1.1194,0.9650,4.9577,0.3432,0.2505,0.4063,0.6059,0.3645,5.2880,1.4873,0.8657
5,3,2862,2864,3,1,2,0.8333,2863.085,836.000,1066.593,8.7250,15.0000,1.2712,0.5992,4.9601,0.5854,0.2927,0.1220,0.9487,0.0000,4.6293,0.9920,0.6949
4,3,2864,2865,2,1,2,1.0000,2864.531,664.000,1104.469,8.1019,13.0000,1.0612,0.7084,4.2990,0.0000,0.7500,0.2500,0.0000,0.0000,4.6297,0.9921,0.7959
3,3,2866,2867,2,2,1,0.7500,2866.310,717.310,1019.000,8.0193,16.0000,1.1429,0.4377,5.2913,0.5333,0.2667,0.2000,0.7071,0.0000,4.6300,2.3149,1.0000
4,3,2868,2869,2,2,2,0.5000,2868.529,495.824,973.255,8.4337,15.0000,1.1765,0.6135,4.9609,0.5916,0.1015,0.3069,0.7071,0.7071,4.7957,1.3229,0.8235
6,3,2871,2873,3,2,2,0.5000,2872.253,558.722,1073.722,10.6678,19.0000,1.4430,0.4682,6.2845,0.6075,0.1449,0.2475,0.8795,0.4086,4.4654,1.6538,0.5949
5,3,2871,2872,2,2,2,0.6250,2871.458,747.153,1024.542,8.7273,14.0000,1.1864,0.7821,4.6307,0.3432,0.2505,0.4063,0.6059,0.3645,4.6306,1.1576,0.6780
6,3,2876,2877,2,3,2,0.5000,2876.583,900.431,1105.361,9.7236,14.0000,1.1667,0.6996,4.6313,0.5943,0.2116,0.1941,0.3104,0.4643,4.6312,0.9924,0.5833
5,3,2881,2882,2,1,3,0.8333,2881.459,534.000,824.246,9.0252,15.0000,1.2295,0.9281,4.9626,0.5854,0.2927,0.1220,0.3162,0.0000,4.6316,0.6617,0.6721
8,3,2881,2883,3,2,3,0.4444,2882.077,560.670,1037.143,10.6442,14.0000,1.2308,0.3674,4.6318,0.2236,0.5737,0.2027,0.3436,0.3697,4.3008,2.3158,0.4505
5,3,2881,2882,2,2,2,0.6250,2881.448,604.134,850.403,9.9129,18.0000,1.3433,0.6967,5.9551,0.3432,0.2505,0.4063,0.6059,0.3645,4.6316,1.6542,0.6866
4,3,2882,2885,4,1,1,1.0000,2883.367,622.000,1065.000,8.1057,14.0000,1.1429,0.3673,4.6318,0.9375,0.0000,0.0625,1.0000,0.0000,4.6318,0.9925,0.8163
4,4,2889,2890,2,2,1,1.0000,2889.525,1044.525,618.000,9.7604,17.0000,1.1525,0.6712,5.6247,0.0000,0.7500,0.2500,1.0000,0.0000,4.9629,0.9926,1.0000
5,3,2891,2892,2,1,3,0.8333,2891.348,584.000,1112.742,9.7658,17.0000,1.2879,0.4333,5.6247,0.5854,0.2927,0.1220,0.3162,0.0000,4.9629,1.6543,0.6818
3,3,2891,2893,3,1,1,1.0000,2891.975,882.000,1063.000,7.6410,14.0000,1.0500,0.9750,4.6321,0.8889,0.0000,0.1111,1.0000,0.0000,4.9630,1.3235,1.0000
4,3,2892,2894,3,1,2,0.6667,2893.321,710.000,1100.245,8.7679,16.0000,1.2075,0.4038,5.2938,0.7500,0.1500,0.1000,0.9487,0.0000,4.7975,0.6617,0.8113
5,3,2895,2896,2,1,3,0.8333,2895.617,803.000,952.217,8.8779,14.0000,1.1667,0.4403,4.6320,0.5854,0.2927,0.1220,0.3162,0.0000,4.6320,1.3234,0.6667
3,3,2896,2897,2,1,2,0.7500,2896.333,459.000,805.310,8.0229,15.0000,1.0714,0.4549,4.9629,0.5333,0.2667,0.2000,0.7071,0.0000,4.9628,1.6543,1.0000
5,3,2896,2898,3,1,2,0.8333,2897.323,1143.000,877.431,9.6176,17.0000,1.3077,0.8844,5.6245,0.5854,0.2927,0.1220,0.9487,0.0000,4.6319,0.9926,0.6923
6,3,2897,2899,3,1,3,0.6667,2897.671,700.000,1209.657,9.4549,15.0000,1.2857,0.7347,4.9628,0.6061,0.3030,0.0909,0.7071,0.0000,3.4740,-0.0000,0.6143
4,3,2899,2900,2,2,1,1.0000,2899.480,518.480,509.000,8.2711,13.0000,1.0400,0.6788,4.3010,0.0000,0.7500,0.2500,1.0000,0.0000,4.9626,1.1580,0.7800
8,3,2899,2901,3,2,3,0.4444,2900.010,962.400,835.750,11.6971,19.0000,1.5200,0.6501,6.2860,0.1992,0.5855,0.2153,0.5513,0.2418,4.4664,1.3234,0.5000
4,3,2900,2901,2,1,2,1.0000,2900.473,703.000,926.436,9.0981,16.0000,1.1636,0.6433,5.2935,0.0000,0.7500,0.2500,0.0000,0.0000,4.9626,1.6542,0.8000
3,3,2900,2900,1,2,2,0.7500,2900.000,707.650,924.325,7.6405,14.0000,1.0500,0.7267,4.6318,0.5333,0.2667,0.2000,0.0000,1.0000,4.9627,2.1505,1.0000
4,3,2901,2902,2,1,3,0.6667,2901.184,879.000,1251.000,8.1055,14.0000,1.1429,0.1837,4.6317,0.5357,0.3214,0.1429,0.0000,0.0000,4.6317,1.3233,0.8163
5,3,2902,2904,3,1,2,0.8333,2903.258,508.000,1238.591,9.7646,15.0000,1.1364,0.8477,4.9623,0.5854,0.2927,0.1220,0.9487,0.0000,4.7969,1.3233,0.6364
4,3,2913,2914,2,1,3,0.6667,2913.192,971.000,871.827,8.5990,15.0000,1.1538,1.1887,4.9610,0.7500,0.1500,0.1000,0.3162,0.0000,4.7956,1.6536,0.8077
4,3,2917,2920,4,1,1,1.0000,2918.648,765.000,926.000,8.9278,16.0000,1.1852,0.3519,5.2905,0.9375,0.0000,0.0625,1.0000,0.0000,4.4639,0.6613,0.8333
4,3,2919,2920,2,1,2,1.0000,2919.556,926.000,1105.426,8.9275,17.0000,1.2593,0.6156,5.6209,0.0000,0.7500,0.2500,0.0000,0.0000,4.7944,1.6533,0.8148
4,3,2927,2929,3,1,2,0.6667,2928.346,942.000,981.250,8.5937,15.0000,1.1538,0.7000,4.9578,0.7500,0.1500,0.1000,0.9487,0.0000,4.1316,0.3306,0.8077
3,3,2933,2934,2,1,2,0.7500,2933.683,849.000,890.659,7.8223,14.0000,1.0244,0.7309,4.6263,0.5333,0.2667,0.2000,0.7071,0.0000,4.9568,1.6523,1.0000
5,3,2936,2938,3,2,2,0.4167,2937.354,584.215,933.692,9.6047,18.0000,1.3846,0.7474,5.9473,0.7729,0.0435,0.1836,0.8328,0.5477,4.9562,2.3129,0.6923
3,3,2936,2938,3,1,1,1.0000,2937.047,622.000,1043.000,8.2029,15.0000,1.0465,0.0465,4.9562,0.8889,0.0000,0.1111,1.0000,0.0000,5.2865,1.6521,1.0000
6,3,2937,2939,3,1,2,1.0000,2937.986,352.000,833.446,9.9816,16.0000,1.2973,0.4462,5.2865,0.5556,0.3333,0.1111,1.0000,0.0000,4.4605,0.9912,0.5676
5,3,2938,2939,2,2,2,0.6250,2938.391,426.578,563.141,9.4566,15.0000,1.1719,0.7118,4.9561,0.3432,0.2505,0.4063,0.6059,0.3645,4.6255,1.3216,0.6719
6,4,2940,2941,2,2,3,0.5000,2940.634,813.873,1286.141,9.5762,13.0000,1.0986,0.6615,4.2950,0.5230,0.1584,0.3185,0.3667,0.5079,4.9556,1.6519,0.7324
5,3,2941,2942,2,2,2,0.6250,2941.458,820.847,1034.610,8.7170,14.0000,1.1864,0.6851,4.6251,0.3432,0.2505,0.4063,0.6059,0.3645,4.6251,0.8259,0.6780
6,3,2945,2947,3,2,3,0.3333,2946.549,1022.493,843.986,9.5747,14.0000,1.1831,0.7382,4.6246,0.4795,0.2713,0.2493,0.8817,0.4719,4.2942,1.6516,0.5775
8,4,2948,2950,3,3,2,0.4444,2949.000,510.990,915.657,12.2622,18.0000,1.3714,0.3430,5.9456,0.6609,0.0939,0.2453,0.9239,0.3827,4.7895,1.6516,0.6000
4,4,2953,2954,2,3,1,0.6667,2953.509,524.000,596.000,8.7528,14.0000,1.0566,0.4906,4.6241,0.7576,0.1294,0.1129,0.5257,0.0000,4.6241,0.9909,1.0000
7,3,2955,2956,2,3,2,0.5833,2955.545,620.170,634.273,10.9857,16.0000,1.2727,0.6332,5.2846,0.3883,0.1309,0.4808,0.3626,0.5691,4.6240,2.1469,0.6250
5,3,2955,2957,3,2,1,0.8333,2956.277,625.615,779.000,9.6011,16.0000,1.2308,0.8190,5.2846,0.5854,0.2927,0.1220,0.9487,0.0000,5.1195,1.1560,0.6923
6,3,2957,2959,3,2,3,0.3333,2958.083,805.125,731.194,9.7084,15.0000,1.2500,1.2039,4.9543,0.6494,0.1645,0.1861,0.6429,0.3155,3.4680,0.9909,0.5972
3,3,2959,2961,3,1,1,1.0000,2960.024,943.000,1016.000,8.0090,15.0000,1.0714,0.0238,4.9543,0.8889,0.0000,0.1111,1.0000,0.0000,4.9543,0.6606,1.0000
7,3,2966,2969,4,2,2,0.4375,2967.369,866.262,552.310,10.4869,15.0000,1.2500,0.8256,4.9546,0.6801,0.1680,0.1519,0.9328,0.2851,4.6243,1.6516,0.5000
4,3,2968,2969,2,3,1,0.6667,2968.750,643.346,585.000,8.5881,15.0000,1.1538,0.7000,4.9547,0.7500,0.1500,0.1000,0.3162,0.0000,4.7895,1.3212,0.8077
3,3,2969,2970,2,2,1,0.7500,2969.318,409.636,777.000,8.3911,16.0000,1.0909,0.7115,5.2850,0.5333,0.2667,0.2000,0.7071,0.0000,4.9548,1.1561,1.0000
6,3,2969,2971,3,2,2,0.5000,2970.000,1082.380,701.394,9.5745,15.0000,1.2676,0.8665,4.9548,0.1333,0.2667,0.6000,1.0000,0.0000,4.4593,0.6606,0.5775
5,3,2971,2972,2,2,2,0.6250,2971.397,748.621,624.155,8.5681,14.0000,1.2069,0.7295,4.6246,0.3432,0.2505,0.4063,0.6059,0.3645,4.6245,1.6516,0.6897
4,3,2971,2972,2,1,2,1.0000,2971.519,773.000,1029.500,8.5885,14.0000,1.0769,0.6936,4.6246,0.0000,0.7500,0.2500,0.0000,0.0000,4.6245,1.3213,0.7692
6,3,2972,2974,3,2,2,0.5000,2972.812,794.125,1170.425,10.7886,22.0000,1.6500,0.4810,7.2673,0.3810,0.3333,0.2857,0.9487,0.1690,3.7988,0.3304,0.6500
3,3,2978,2979,2,1,2,0.7500,2978.650,752.000,641.325,7.6296,14.0000,1.0500,0.7267,4.6251,0.5333,0.2667,0.2000,0.7071,0.0000,3.9645,0.8259,1.0000
4,3,2979,2981,3,1,2,0.6667,2980.188,427.000,584.812,7.9291,13.0000,1.0833,1.2022,4.2950,0.7500,0.1500,0.1000,0.9487,0.0000,4.6253,2.3126,0.8125
4,3,2980,2981,2,2,1,1.0000,2980.463,614.537,997.000,8.9203,15.0000,1.1111,0.7090,4.9558,0.0000,0.7500,0.2500,1.0000,0.0000,5.1209,0.9911,0.8148
4,3,2986,2988,3,2,1,0.6667,2986.964,1012.236,873.000,9.0867,16.0000,1.1636,0.2391,5.2868,0.5357,0.3214,0.1429,1.0000,0.0000,4.7911,2.3129,0.7818
6,3,2990,2992,3,2,2,0.5000,2991.116,512.188,1057.667,9.3086,14.0000,1.2174,0.7024,4.6263,0.5230,0.1584,0.3185,0.9225,0.0898,4.1306,1.6523,0.5942
4,3,2992,2993,2,2,1,1.0000,2992.531,564.551,710.000,8.0963,14.0000,1.1429,0.6951,4.6264,0.0000,0.7500,0.2500,1.0000,0.0000,4.7917,1.6523,0.8163
4,3,2993,2994,2,2,2,0.5000,2993.480,527.800,969.740,8.2617,14.0000,1.1200,0.6148,4.6266,0.5916,0.1015,0.3069,0.7071,0.7071,3.9656,1.3219,0.8000
5,3,2994,2996,3,2,1,0.8333,2995.267,727.550,412.000,8.8676,14.0000,1.1667,0.9167,4.6267,0.5854,0.2927,0.1220,0.9487,0.0000,4.9571,1.6524,0.6667
6,3,2999,3000,2,2,3,0.5000,2999.447,1097.434,715.987,10.2543,19.0000,1.5000,0.7214,6.2794,0.4412,0.1872,0.3716,0.6154,0.7882,4.2965,1.9830,0.6053
4,3,3002,3004,3,1,2,0.6667,3003.111,603.000,944.759,8.9238,17.0000,1.2593,0.2651,5.6187,0.5357,0.3214,0.1429,1.0000,0.0000,4.6272,0.9915,0.8333
5,3,3005,3007,3,2,2,0.4167,3006.148,630.213,856.148,9.0167,15.0000,1.2295,0.8910,4.9579,0.7958,0.0325,0.1718,0.9294,0.3690,4.6273,1.6526,0.6885
3,3,3007,3009,3,1,1,1.0000,3008.022,482.000,425.000,8.5873,18.0000,1.2000,0.0222,5.9495,0.8889,0.0000,0.1111,1.0000,0.0000,4.9579,1.3221,1.0000
3,3,3012,3013,2,2,1,0.7500,3012.698,513.372,973.000,8.2059,16.0000,1.1163,0.6969,5.2886,0.5333,0.2667,0.2000,0.7071,0.0000,4.9580,0.8263,1.0000
4,3,3012,3013,2,1,3,0.6667,3012.269,603.000,1272.904,8.5939,15.0000,1.1538,0.2859,4.9580,0.5357,0.3214,0.1429,0.0000,0.0000,4.9580,0.0000,0.8269
4,3,3014,3016,3,1,2,0.6667,3015.019,632.000,1314.245,8.7592,15.0000,1.1321,0.2460,4.9581,0.5357,0.3214,0.1429,1.0000,0.0000,4.6275,0.3305,0.7736
5,3,3015,3016,2,2,2,0.6250,3015.355,780.145,1121.500,9.1649,18.0000,1.4516,0.6301,5.9497,0.3432,0.2505,0.4063,0.6059,0.3645,4.6275,1.4874,0.7097
5,4,3017,3018,2,2,2,0.6250,3017.549,888.859,1031.366,10.4953,19.0000,1.3380,0.6750,6.2802,0.3432,0.2505,0.4063,0.6059,0.3645,4.6275,1.3222,0.8592
8,3,3018,3020,3,2,4,0.3333,3018.710,464.097,1057.817,10.8683,16.0000,1.3763,0.3565,5.2886,0.8479,0.0586,0.0935,0.4085,0.2346,4.1317,1.6527,0.4731
11,5,3018,3021,4,2,3,0.4583,3019.328,596.418,1162.097,13.3546,16.0000,1.3134,0.6753,5.2886,0.2610,0.3393,0.3997,0.9428,0.2894,4.2970,0.6611,0.5448
7,3,3018,3020,3,1,3,0.7778,3018.901,635.000,1161.951,10.1195,17.0000,1.4691,0.1104,5.6192,0.6076,0.3038,0.0886,0.7071,0.0000,3.6359,0.6611,0.5309
4,3,3020,3021,2,2,1,1.0000,3020.480,439.460,622.000,8.2635,14.0000,1.1200,0.6943,4.6275,0.0000,0.7500,0.2500,1.0000,0.0000,4.6275,1.9832,0.8000
3,3,3020,3022,3,1,1,1.0000,3021.021,457.000,1125.000,8.9693,18.0000,1.1489,0.0213,5.9497,0.8889,0.0000,0.1111,1.0000,0.0000,4.6275,0.6611,1.0000
6,3,3020,3022,3,2,2,0.5000,3021.171,895.695,1016.390,11.0652,17.0000,1.2439,0.7028,5.6191,0.6381,0.1455,0.2164,0.8019,0.3768,3.9665,0.4958,0.7073
3,3,3021,3022,2,1,2,0.7500,3021.318,901.000,1092.705,8.3968,17.0000,1.1591,0.4342,5.6191,0.5333,0.2667,0.2000,0.7071,0.0000,4.6275,0.6611,1.0000
3,3,3023,3024,2,1,2,0.7500,3023.630,641.000,1127.304,8.7784,17.0000,1.1087,0.7001,5.6191,0.5333,0.2667,0.2000,0.7071,0.0000,5.6191,1.6527,1.0000
13,4,3025,3026,2,3,4,0.5417,3025.481,236.604,518.416,14.1177,15.0000,1.2662,0.8765,4.9580,0.4924,0.2184,0.2892,0.0367,0.9974,3.6359,1.4874,0.4675
5,3,3026,3028,3,1,2,0.8333,3026.797,522.000,955.559,8.7213,14.0000,1.1864,0.4853,4.6274,0.5854,0.2927,0.1220,0.9487,0.0000,4.6274,0.3305,0.6780
6,3,3033,3034,2,2,3,0.5000,3033.338,533.873,897.254,9.5803,16.0000,1.3521,0.4411,5.2883,0.5230,0.1584,0.3185,0.3667,0.5079,4.4620,1.9831,0.6056
5,3,3033,3035,3,1,2,0.8333,3033.836,795.000,1252.328,9.0165,14.0000,1.1475,0.3666,4.6273,0.5854,0.2927,0.1220,0.9487,0.0000,4.6273,1.1568,0.6721
6,4,3036,3038,3,1,2,1.0000,3037.125,851.000,919.487,10.7944,16.0000,1.2000,1.0016,5.2881,0.5556,0.3333,0.1111,1.0000,0.0000,5.1229,1.3220,0.7500
5,3,3037,3039,3,2,2,0.4167,3038.083,610.317,1024.533,8.8684,14.0000,1.1667,0.6258,4.6271,0.7383,0.0485,0.2132,0.7071,0.0000,4.7924,1.6525,0.6833
3,3,3042,3043,2,2,1,0.7500,3042.683,565.341,673.000,7.8232,14.0000,1.0244,0.4660,4.6269,0.5333,0.2667,0.2000,0.7071,0.0000,5.2879,1.6525,1.0000
3,3,3043,3044,2,1,2,0.7500,3043.690,779.000,838.357,8.0140,15.0000,1.0714,0.7135,4.9573,0.5333,0.2667,0.2000,0.7071,0.0000,4.9573,1.6524,1.0000
4,3,3045,3046,2,1,2,1.0000,3045.464,1039.000,626.554,9.2536,16.0000,1.1429,0.6441,5.2878,0.0000,0.7500,0.2500,0.0000,0.0000,5.1225,1.3219,0.8036
3,3,3049,3050,2,1,2,0.7500,3049.341,434.000,1208.317,7.8227,14.0000,1.0244,0.4660,4.6266,0.5333,0.2667,0.2000,0.7071,0.0000,4.9570,1.3219,1.0000
5,3,3049,3051,3,2,2,0.4167,3049.935,577.581,968.855,9.1630,18.0000,1.4516,0.4484,5.9484,0.5461,0.2256,0.2283,0.8117,0.4177,4.6266,1.3219,0.7097
5,3,3049,3050,2,1,3,0.8333,3049.354,654.000,1176.785,9.6064,17.0000,1.3077,0.4142,5.6180,0.5854,0.2927,0.1220,0.3162,0.0000,4.6266,1.1566,0.6615
4,3,3051,3052,2,1,2,1.0000,3051.519,598.000,812.500,8.5920,14.0000,1.0769,0.6936,4.6265,0.0000,0.7500,0.2500,0.0000,0.0000,3.9656,0.9914,0.7692
3,3,3054,3055,2,1,2,0.7500,3054.667,535.000,1224.667,7.4407,13.0000,1.0000,0.7454,4.2959,0.5333,0.2667,0.2000,0.7071,0.0000,4.6263,0.9914,1.0000
4,3,3060,3061,2,2,1,1.0000,3060.491,316.434,768.000,8.7563,16.0000,1.2075,0.6692,5.2868,0.0000,0.7500,0.2500,1.0000,0.0000,5.1217,1.6521,0.8113
3,3,3063,3065,3,1,1,1.0000,3064.000,547.000,890.000,7.6305,14.0000,1.0500,0.0000,4.6258,0.8889,0.0000,0.1111,1.0000,0.0000,4.6258,0.6608,1.0000
3,3,3063,3065,3,1,1,1.0000,3063.933,857.000,1003.000,8.5844,16.0000,1.0667,0.9333,5.2867,0.8889,0.0000,0.1111,1.0000,0.0000,4.9562,0.4956,1.0000
3,3,3066,3067,2,2,1,0.7500,3066.325,512.325,925.000,7.6303,14.0000,1.0500,0.4596,4.6256,0.5333,0.2667,0.2000,0.7071,0.0000,4.6256,1.1564,1.0000
5,4,3067,3068,2,2,2,0.6250,3067.621,641.212,1019.394,9.7520,14.0000,1.0606,0.5862,4.6255,0.3432,0.2505,0.4063,0.6059,0.3645,4.9560,1.6520,0.8182
7,4,3068,3070,3,2,2,0.5833,3069.044,517.615,785.418,11.3636,15.0000,1.1538,0.5694,4.9558,0.5927,0.2184,0.1889,0.8630,0.4864,4.9559,1.6520,0.7582
7,3,3069,3071,3,2,3,0.3889,3070.318,645.466,901.057,10.9888,14.0000,1.1136,0.5670,4.6254,0.6706,0.1745,0.1549,0.5692,0.0089,4.9557,1.6519,0.6250
3,3,3071,3072,2,1,2,0.7500,3071.350,866.000,1121.325,7.6297,14.0000,1.0500,0.7267,4.6252,0.5333,0.2667,0.2000,0.7071,0.0000,4.9557,1.6519,1.0000
5,3,3072,3073,2,3,1,0.8333,3072.550,521.733,782.000,8.8648,14.0000,1.1667,0.9167,4.6252,0.5854,0.2927,0.1220,0.3162,0.0000,4.6252,1.3215,0.6667
5,3,3073,3074,2,2,2,0.6250,3073.588,370.176,686.338,10.0466,18.0000,1.3235,0.5613,5.9465,0.3432,0.2505,0.4063,0.6059,0.3645,3.9644,1.3215,0.6765
25,12,3074,3077,4,4,5,0.3125,3075.453,947.432,1153.243,25.2392,29.0000,1.8979,0.6715,9.5804,0.5014,0.2345,0.2642,0.2175,0.2711,3.9644,1.3215,0.6518
6,3,3075,3078,4,2,2,0.3750,3076.342,434.137,760.507,9.8452,16.0000,1.3151,0.6269,5.2856,0.7696,0.0995,0.1309,0.9136,0.2553,4.6248,1.3214,0.5753
6,3,3075,3077,3,1,2,1.0000,3075.913,1034.000,974.464,9.3058,14.0000,1.2174,1.0241,4.6250,0.5556,0.3333,0.1111,1.0000,0.0000,4.1294,1.1562,0.5942
3,3,3076,3078,3,1,1,1.0000,3077.070,1131.000,717.000,8.2012,16.0000,1.1163,0.9302,5.2855,0.8889,0.0000,0.1111,1.0000,0.0000,4.9552,1.6517,1.0000
3,3,3078,3080,3,1,1,1.0000,3079.000,311.000,832.000,7.6288,14.0000,1.0500,0.0000,4.6247,0.8889,0.0000,0.1111,1.0000,0.0000,4.6248,1.4865,1.0000
4,3,3081,3082,2,1,2,1.0000,3081.536,945.000,1002.571,9.2490,17.0000,1.2143,0.6860,5.6155,0.0000,0.7500,0.2500,0.0000,0.0000,5.2851,1.6516,0.8393
4,3,3082,3083,2,2,2,0.5000,3082.725,375.745,1069.784,8.4230,14.0000,1.0980,0.7986,4.6245,0.0000,0.5625,0.4375,0.4459,0.5774,4.6244,1.3212,0.7843
5,3,3086,3087,2,2,2,0.6250,3086.619,444.667,661.206,9.3057,16.0000,1.2698,0.5466,5.2846,0.3432,0.2505,0.4063,0.6059,0.3645,4.6240,1.3211,0.6667
5,3,3089,3090,2,2,2,0.6250,3089.610,698.373,1042.153,8.7144,14.0000,1.1864,0.7312,4.6238,0.3432,0.2505,0.4063,0.6059,0.3645,4.6237,1.1559,0.6949
3,3,3091,3091,1,3,1,1.0000,3091.000,155.049,816.000,7.8177,15.0000,1.0976,0.9512,4.9539,0.8889,0.0000,0.1111,0.0000,1.0000,4.6237,1.9815,1.0000
4,3,3091,3093,3,1,2,0.6667,3091.692,369.000,954.250,8.5866,16.0000,1.2308,0.3965,5.2841,0.7500,0.1500,0.1000,0.9487,0.0000,4.6236,1.9815,0.8077
47,34,3093,3097,5,5,5,0.3760,3095.513,1078.461,703.605,43.6890,47.0000,2.4355,0.7782,15.5205,0.3513,0.0572,0.5915,0.4783,0.8262,4.9535,1.4860,0.8567
4,3,3096,3097,2,2,1,1.0000,3096.536,400.464,1042.000,9.2462,16.0000,1.1429,0.6566,5.2835,0.0000,0.7500,0.2500,1.0000,0.0000,4.9533,1.8162,0.7857
6,3,3096,3098,3,1,3,0.6667,3096.694,669.000,1062.694,9.7064,14.0000,1.1667,0.9821,4.6231,0.5005,0.4177,0.0818,0.5048,0.0000,4.4580,2.1464,0.5694
5,3,3096,3098,3,2,2,0.4167,3096.774,852.855,947.613,9.1560,16.0000,1.2903,0.8777,5.2836,0.7729,0.0435,0.1836,0.8328,0.5477,4.6230,1.8162,0.6774
7,5,3097,3098,2,3,2,0.5833,3097.392,228.938,664.897,12.1065,20.0000,1.4433,0.4098,6.6043,0.5916,0.2044,0.2040,0.1485,0.2953,5.2834,1.6510,0.8041
5,3,3100,3101,2,2,2,0.6250,3100.456,447.614,791.158,8.4169,13.0000,1.1404,0.6180,4.2925,0.3432,0.2505,0.4063,0.6059,0.3645,4.6226,1.8160,0.6842
3,3,3102,3103,2,1,2,0.7500,3102.289,338.000,1015.667,8.5782,17.0000,1.1333,0.4411,5.6130,0.5333,0.2667,0.2000,0.7071,0.0000,5.6130,1.6509,1.0000
4,3,3102,3103,2,2,1,1.0000,3102.528,647.491,550.000,8.7496,15.0000,1.1321,0.6806,4.9525,0.0000,0.7500,0.2500,1.0000,0.0000,4.6224,1.4858,0.7736
4,3,3102,3103,2,2,2,0.5000,3102.200,911.520,516.260,8.2544,14.0000,1.1200,0.6148,4.6225,0.5916,0.1015,0.3069,0.5000,0.5000,4.6225,1.4858,0.8000
4,3,3111,3112,2,1,3,0.6667,3111.531,558.000,1106.918,8.0873,14.0000,1.1429,0.5369,4.6214,0.7576,0.1294,0.1129,0.5257,0.0000,3.9611,0.9903,0.8163
6,4,3111,3113,3,1,3,0.6667,3112.346,807.000,1302.628,10.5111,15.0000,1.1538,0.7522,4.9512,0.6061,0.3030,0.0909,0.7071,0.0000,4.7863,0.8252,0.7179
4,3,3114,3115,2,1,2,1.0000,3114.528,485.000,929.453,8.7469,16.0000,1.2075,0.6958,5.2812,0.0000,0.7500,0.2500,0.0000,0.0000,4.9510,1.6504,0.8302
6,3,3114,3115,2,2,3,0.5000,3114.328,541.716,1029.090,9.0283,13.0000,1.1642,1.1728,4.2910,0.3218,0.4574,0.2208,0.2478,0.6623,4.1259,1.6503,0.5821
5,3,3126,3128,3,2,2,0.4167,3127.449,373.188,669.159,10.1822,18.0000,1.3043,0.5126,5.9396,0.6338,0.1686,0.1975,0.9585,0.2851,4.6196,1.6499,0.6957
5,3,3129,3131,3,2,1,0.8333,3129.778,543.524,1020.000,9.2965,16.0000,1.2698,0.5690,5.2794,0.5854,0.2927,0.1220,0.9487,0.0000,4.6194,1.6498,0.6825
6,4,3130,3132,3,1,3,0.6667,3130.740,752.000,1029.922,10.3722,16.0000,1.2468,0.7443,5.2794,0.6944,0.2222,0.0833,0.6000,0.0000,4.6194,1.6498,0.7403
3,3,3130,3131,2,1,2,0.7500,3130.698,857.000,1034.302,8.1915,17.0000,1.1860,0.4276,5.6092,0.5333,0.2667,0.2000,0.7071,0.0000,4.6194,1.6498,1.0000
4,3,3131,3133,3,2,1,0.6667,3132.073,559.545,743.000,9.0736,17.0000,1.2364,0.4603,5.6092,0.7576,0.1294,0.1129,0.8507,0.0000,5.1142,0.6599,0.8364
6,4,3131,3133,3,2,2,0.5000,3131.921,576.118,736.684,10.2373,16.0000,1.2632,0.3464,5.2792,0.7074,0.0897,0.2030,0.9140,0.2540,4.9493,1.9797,0.7500
8,3,3138,3140,3,2,3,0.4444,3139.160,576.447,458.596,10.9650,18.0000,1.5319,0.6233,5.9388,0.2658,0.3492,0.3850,0.1843,0.3898,4.1242,1.3197,0.4894
4,3,3141,3142,2,2,1,1.0000,3141.577,589.519,1086.000,8.5783,16.0000,1.2308,0.6698,5.2790,0.0000,0.7500,0.2500,1.0000,0.0000,4.1242,0.9898,0.8269
3,3,3142,3143,2,2,1,0.7500,3142.317,511.659,826.000,7.8100,14.0000,1.0244,0.7309,4.6191,0.5333,0.2667,0.2000,0.7071,0.0000,4.9490,1.6497,1.0000
7,3,3142,3145,4,2,3,0.2917,3143.349,841.895,998.709,10.7246,19.0000,1.5465,0.7207,6.2688,0.8144,0.0700,0.1156,0.8515,0.1637,3.6294,1.1548,0.5698
4,3,3143,3145,3,2,1,0.6667,3144.082,532.551,1073.000,8.0835,14.0000,1.1429,0.4563,4.6191,0.7576,0.1294,0.1129,0.8507,0.0000,4.6192,1.9796,0.8163
7,3,3143,3145,3,2,2,0.5833,3143.815,922.556,884.383,10.1011,13.0000,1.1235,1.0578,4.2892,0.5352,0.1763,0.2885,0.8018,0.5745,4.2892,1.4847,0.4815
3,3,3145,3146,2,2,1,0.7500,3145.317,428.659,656.000,7.8102,14.0000,1.0244,0.7309,4.6192,0.5333,0.2667,0.2000,0.7071,0.0000,4.9491,0.6599,1.0000
5,3,3148,3149,2,2,2,0.6250,3148.714,655.397,1004.762,9.2964,16.0000,1.2698,0.7086,5.2794,0.3432,0.2505,0.4063,0.6059,0.3645,5.6093,1.9797,0.7143
3,3,3149,3150,2,1,2,0.7500,3149.705,649.000,1027.318,8.3822,17.0000,1.1591,0.4342,5.6094,0.5333,0.2667,0.2000,0.7071,0.0000,5.2794,1.4848,1.0000
5,3,3151,3153,3,2,2,0.4167,3152.098,308.557,668.148,9.0019,15.0000,1.2295,0.4768,4.9497,0.7729,0.0435,0.1836,0.8328,0.5477,4.9496,1.9799,0.6885
5,3,3154,3155,2,1,3,0.8333,3154.443,524.000,520.246,9.0024,14.0000,1.1475,0.5063,4.6201,0.5854,0.2927,0.1220,0.3162,0.0000,4.7851,1.3200,0.6721
4,3,3157,3158,2,2,1,1.0000,3157.469,343.449,890.000,8.0858,14.0000,1.1429,0.6951,4.6205,0.0000,0.7500,0.2500,1.0000,0.0000,4.6204,0.6601,0.8163
4,3,3157,3158,2,2,1,1.0000,3157.451,521.471,1084.000,8.4158,15.0000,1.1765,0.6955,4.9504,0.0000,0.7500,0.2500,1.0000,0.0000,5.1155,1.6502,0.8235
5,3,3157,3158,2,2,3,0.4167,3157.785,569.462,759.046,9.5938,16.0000,1.2308,0.5818,5.2806,0.1521,0.5234,0.3245,0.0000,0.8112,4.9504,1.9802,0.6769
5,3,3159,3160,2,1,4,0.6250,3159.500,596.000,692.823,9.1515,16.0000,1.2903,1.2792,5.2810,0.8532,0.0807,0.0661,0.3583,0.0000,4.6207,0.9902,0.7097
4,3,3159,3160,2,2,2,0.5000,3159.460,854.200,941.720,8.2514,14.0000,1.1200,0.8775,4.6207,0.5916,0.1015,0.3069,0.7071,0.7071,4.6208,1.6503,0.8000
4,3,3160,3161,2,2,2,0.5000,3160.327,587.564,1200.200,9.0768,18.0000,1.3091,0.8264,5.9413,0.5916,0.1015,0.3069,0.5000,0.5000,3.9607,0.6601,0.8000
7,3,3162,3164,3,3,2,0.3889,3162.635,283.718,721.859,10.6050,14.0000,1.1529,0.9688,4.6214,0.5453,0.2435,0.2112,0.6879,0.1639,4.2914,1.3204,0.4941
4,3,3163,3164,2,3,1,0.6667,3163.745,564.314,472.000,8.4179,14.0000,1.0980,0.7321,4.6216,0.7500,0.1500,0.1000,0.3162,0.0000,4.6216,1.6506,0.7843
6,3,3163,3165,3,3,2,0.3333,3164.135,616.378,1020.635,9.9730,14.0000,1.1351,1.4416,4.6216,0.8073,0.0348,0.1578,0.6277,0.5513,4.6217,1.9807,0.7297
4,3,3168,3169,2,1,2,1.0000,3168.538,660.000,1150.519,8.5848,14.0000,1.0769,0.6947,4.6227,0.0000,0.7500,0.2500,0.0000,0.0000,5.1179,1.4858,0.7885
3,3,3172,3173,2,2,1,0.7500,3172.357,740.690,426.000,8.0081,15.0000,1.0714,0.7135,4.9539,0.5333,0.2667,0.2000,0.7071,0.0000,4.9536,1.3210,1.0000
3,3,3174,3175,2,1,2,0.7500,3174.630,841.000,923.283,8.7717,17.0000,1.1087,0.6909,5.6147,0.5333,0.2667,0.2000,0.7071,0.0000,5.9452,1.6514,1.0000
4,3,3175,3176,2,1,3,0.6667,3175.275,568.000,858.373,8.4225,14.0000,1.0980,0.4628,4.6243,0.7500,0.1500,0.1000,0.3162,0.0000,5.2846,2.3120,0.8235
3,3,3178,3179,2,2,1,0.7500,3178.650,267.675,905.000,7.6291,14.0000,1.0500,0.7267,4.6248,0.5333,0.2667,0.2000,0.7071,0.0000,4.6250,1.1563,1.0000
4,3,3178,3179,2,1,3,0.6667,3178.434,910.000,766.057,8.7542,17.0000,1.2830,0.4376,5.6158,0.7576,0.1294,0.1129,0.5257,0.0000,4.6249,1.6518,0.8113
3,3,3180,3181,2,1,2,0.7500,3180.659,615.000,1140.317,7.8206,14.0000,1.0244,0.7309,4.6255,0.5333,0.2667,0.2000,0.7071,0.0000,4.9556,2.1474,1.0000
4,3,3180,3182,3,1,2,0.6667,3180.920,780.000,1160.540,8.2597,14.0000,1.1200,0.5459,4.6255,0.7576,0.1294,0.1129,0.8507,0.0000,4.7905,0.9912,0.8200
3,3,3182,3183,2,1,2,0.7500,3182.317,593.000,1047.341,7.8213,14.0000,1.0244,0.4660,4.6257,0.5333,0.2667,0.2000,0.7071,0.0000,4.9561,0.8260,1.0000
5,3,3185,3186,2,2,2,0.6250,3185.361,365.459,850.180,9.0149,15.0000,1.2295,0.6747,4.9568,0.3432,0.2505,0.4063,0.6059,0.3645,4.6263,1.3218,0.6721
3,3,3185,3187,3,1,1,1.0000,3186.044,415.000,597.000,8.5858,16.0000,1.0667,0.9556,5.2877,0.8889,0.0000,0.1111,1.0000,0.0000,5.2875,0.6609,1.0000
5,3,3185,3187,3,1,2,0.8333,3185.746,894.000,651.441,8.7194,13.0000,1.1017,0.9322,4.2961,0.5854,0.2927,0.1220,0.9487,0.0000,4.6264,1.3219,0.6610
4,3,3188,3189,2,3,1,0.6667,3188.531,283.061,814.000,8.0973,13.0000,1.0612,0.5341,4.2966,0.7576,0.1294,0.1129,0.5257,0.0000,4.6270,0.8262,0.7959
4,3,3189,3190,2,2,1,1.0000,3189.500,599.481,617.000,8.5934,14.0000,1.0769,0.6936,4.6271,0.0000,0.7500,0.2500,1.0000,0.0000,4.6273,1.6525,0.7692
5,3,3191,3193,3,2,1,0.8333,3192.113,470.387,559.000,9.1651,16.0000,1.2903,0.4032,5.2887,0.5854,0.2927,0.1220,0.9487,0.0000,4.6275,1.3222,0.6774
3,3,3191,3192,2,2,1,0.7500,3191.317,630.683,910.000,7.8242,15.0000,1.0976,0.4484,4.9580,0.5333,0.2667,0.2000,0.7071,0.0000,4.6276,1.3221,1.0000
4,3,3192,3193,2,1,2,1.0000,3192.431,695.000,934.431,9.5859,18.0000,1.2414,0.6096,5.9498,0.0000,0.7500,0.2500,0.0000,0.0000,5.2888,1.9833,0.8276
4,3,3193,3195,3,1,2,0.6667,3193.945,495.000,618.255,9.0906,16.0000,1.1636,0.2603,5.2891,0.5357,0.3214,0.1429,1.0000,0.0000,4.9584,1.3223,0.8000
4,3,3194,3196,3,1,2,0.6667,3195.000,884.000,543.158,9.4214,22.0000,1.5439,0.1579,7.2727,0.5357,0.3214,0.1429,1.0000,0.0000,4.6281,2.3140,0.8421
5,3,3196,3198,3,2,1,0.8333,3196.712,369.559,534.000,8.7229,13.0000,1.1017,0.9053,4.2977,0.5854,0.2927,0.1220,0.9487,0.0000,4.6282,1.9835,0.6610
3,3,3197,3198,2,2,1,0.7500,3197.675,886.650,893.000,7.6349,14.0000,1.0500,0.7267,4.6284,0.5333,0.2667,0.2000,0.7071,0.0000,4.6284,1.9836,1.0000
5,3,3201,3202,2,2,2,0.6250,3201.567,493.167,541.617,8.8717,14.0000,1.1667,0.6021,4.6288,0.3432,0.2505,0.4063,0.6059,0.3645,4.6287,0.8266,0.6667
3,3,3202,3203,2,1,2,0.7500,3202.317,717.000,1077.366,7.8265,15.0000,1.0976,0.7090,4.9595,0.5333,0.2667,0.2000,0.7071,0.0000,4.7942,1.9838,1.0000
4,3,3203,3204,2,1,2,1.0000,3203.531,625.000,979.551,8.1006,14.0000,1.1429,0.6951,4.6289,0.0000,0.7500,0.2500,0.0000,0.0000,4.6289,1.3225,0.8163
4,3,3205,3206,2,2,1,1.0000,3205.491,396.453,779.000,8.7621,16.0000,1.2075,0.6676,5.2903,0.0000,0.7500,0.2500,1.0000,0.0000,4.9597,1.1573,0.7925
4,3,3205,3207,3,1,2,0.6667,3206.151,401.000,789.415,8.7622,17.0000,1.2830,0.9451,5.6210,0.7576,0.1294,0.1129,0.8507,0.0000,4.7944,0.9919,0.8302
3,3,3205,3205,1,2,2,0.7500,3205.000,613.675,897.325,7.6359,14.0000,1.0500,0.4596,4.6290,0.5333,0.2667,0.2000,0.0000,1.0000,4.9597,1.6532,1.0000
20,7,3209,3212,4,5,4,0.2500,3210.444,462.803,1137.691,19.1495,26.0000,2.0077,0.5756,8.5970,0.3834,0.1947,0.4219,0.2370,0.8874,3.6372,1.3226,0.5405
4,3,3209,3211,3,1,2,0.6667,3209.981,509.000,980.500,8.9276,15.0000,1.1111,0.5003,4.9598,0.7576,0.1294,0.1129,0.8507,0.0000,5.1251,1.3226,0.7778
5,3,3212,3214,3,2,1,0.8333,3212.831,562.354,880.000,9.6117,18.0000,1.3846,0.3922,5.9517,0.5854,0.2927,0.1220,0.9487,0.0000,3.9678,0.9920,0.6923
5,3,3215,3217,3,2,2,0.4167,3216.164,781.574,983.148,9.0201,14.0000,1.1475,0.6147,4.6291,0.7729,0.0435,0.1836,0.8328,0.5477,4.6290,1.3226,0.6557
7,3,3217,3219,3,3,1,0.7778,3218.037,654.605,423.000,10.1226,18.0000,1.5556,0.6061,5.9515,0.1247,0.7481,0.1273,1.0000,0.0000,3.6371,1.1573,0.5432
5,3,3219,3220,2,2,2,0.6250,3219.349,686.397,558.397,9.3155,15.0000,1.1905,0.8020,4.9596,0.2938,0.4054,0.3007,0.0000,0.3029,4.6289,1.9838,0.6508
7,3,3222,3224,3,1,3,0.7778,3223.070,431.000,781.640,10.7468,16.0000,1.3023,1.1289,5.2898,0.1247,0.7481,0.1273,1.0000,0.0000,4.2981,1.3225,0.4884
3,3,3230,3231,2,2,1,0.7500,3230.310,234.357,693.000,8.0161,15.0000,1.0714,0.7135,4.9587,0.5333,0.2667,0.2000,0.7071,0.0000,4.9587,1.9835,1.0000
4,3,3231,3232,2,2,1,1.0000,3231.431,338.471,1012.000,8.4296,15.0000,1.1765,0.6829,4.9586,0.0000,0.7500,0.2500,1.0000,0.0000,5.1239,1.3223,0.8235
4,3,3235,3236,2,3,1,0.6667,3235.759,438.315,507.000,8.9248,15.0000,1.1111,0.3963,4.9582,0.7500,0.1500,0.1000,0.3162,0.0000,4.9582,1.3222,0.7963
3,3,3236,3238,3,1,1,1.0000,3236.976,332.000,968.000,7.8244,14.0000,1.0244,0.9756,4.6277,0.8889,0.0000,0.1111,1.0000,0.0000,4.9581,2.3138,1.0000
3,3,3236,3237,2,2,1,0.7500,3236.634,446.317,983.000,7.8244,15.0000,1.0976,0.7090,4.9582,0.5333,0.2667,0.2000,0.7071,0.0000,4.6276,1.9833,1.0000
3,3,3237,3239,3,1,1,1.0000,3238.000,876.000,859.000,7.8242,15.0000,1.0976,0.0000,4.9580,0.8889,0.0000,0.1111,1.0000,0.0000,4.9581,1.4874,1.0000
4,3,3238,3240,3,1,2,0.6667,3238.789,305.000,917.193,9.4202,19.0000,1.3333,0.2856,6.2801,0.7500,0.1500,0.1000,0.9487,0.0000,4.1316,1.1569,0.8070
5,3,3243,3244,2,2,2,0.6250,3243.467,296.367,873.150,8.8685,15.0000,1.2500,0.6644,4.9576,0.3432,0.2505,0.4063,0.6059,0.3645,4.6271,0.9915,0.7000
4,3,3247,3249,3,2,1,0.6667,3247.891,518.600,522.000,9.0885,18.0000,1.3091,0.4146,5.9488,0.7576,0.1294,0.1129,0.8507,0.0000,4.9574,1.3220,0.8364
8,3,3247,3249,3,2,3,0.4444,3248.157,671.607,906.888,10.3993,14.0000,1.2584,0.6368,4.6269,0.6191,0.0618,0.3191,0.8359,0.2237,3.8006,1.6524,0.4494
3,3,3248,3249,2,1,2,0.7500,3248.651,542.000,824.674,8.2048,15.0000,1.0465,0.7280,4.9574,0.5333,0.2667,0.2000,0.7071,0.0000,4.2963,0.4957,1.0000
5,3,3248,3250,3,2,1,0.8333,3249.129,702.597,577.000,9.1635,14.0000,1.1290,0.6106,4.6268,0.5854,0.2927,0.1220,0.9487,0.0000,4.9574,1.6524,0.6613
5,3,3249,3251,3,2,1,0.8333,3250.097,795.355,609.000,9.1635,15.0000,1.2097,1.1527,4.9573,0.5854,0.2927,0.1220,0.9487,0.0000,4.6268,1.3220,0.6613
3,3,3250,3251,2,1,2,0.7500,3250.698,526.000,730.674,8.2046,16.0000,1.1163,0.4443,5.2877,0.5333,0.2667,0.2000,0.7071,0.0000,4.9572,0.6610,1.0000
8,3,3251,3254,4,3,2,0.3333,3252.576,541.020,1038.747,11.5674,18.0000,1.4545,0.4941,5.9486,0.7676,0.0839,0.1485,0.9702,0.2357,4.2962,1.3219,0.5960
4,3,3252,3254,3,1,2,0.6667,3252.918,498.000,441.449,8.0967,14.0000,1.1429,0.4563,4.6267,0.7576,0.1294,0.1129,0.8507,0.0000,4.6267,1.9829,0.8163
3,3,3253,3253,1,3,1,1.0000,3253.000,283.024,703.000,8.0137,15.0000,1.0714,0.9762,4.9572,0.8889,0.0000,0.1111,0.0000,1.0000,5.2877,1.9829,1.0000
6,4,3254,3256,3,2,2,0.5000,3254.816,569.303,938.658,10.2536,15.0000,1.1842,0.7472,4.9571,0.6381,0.1455,0.2164,0.8019,0.3768,4.6267,1.4871,0.7237
4,3,3256,3257,2,2,1,1.0000,3256.471,730.471,971.000,8.4271,14.0000,1.0980,0.6655,4.6266,0.0000,0.7500,0.2500,1.0000,0.0000,4.6266,0.9914,0.7843
7,3,3259,3261,3,2,3,0.3889,3260.212,381.118,975.306,10.6171,16.0000,1.3176,0.8537,5.2876,0.1917,0.4720,0.3362,0.3600,0.0855,3.9657,0.6609,0.5412
4,3,3266,3267,2,2,1,1.0000,3266.490,366.471,514.000,8.4272,14.0000,1.0980,0.6938,4.6267,0.0000,0.7500,0.2500,1.0000,0.0000,4.6267,1.3219,0.7843
7,3,3266,3267,2,2,3,0.5833,3266.402,892.756,699.951,10.2425,17.0000,1.4512,0.4731,5.6181,0.5557,0.1817,0.2626,0.3005,0.5425,3.6353,1.9829,0.5244
5,3,3271,3272,2,2,2,0.6250,3271.634,508.549,805.690,10.4937,17.0000,1.1972,0.6582,5.6183,0.2938,0.4054,0.3007,0.0000,0.3029,5.6183,1.9829,0.6901
5,3,3272,3274,3,1,2,0.8333,3273.131,429.000,888.410,9.0158,14.0000,1.1475,0.4303,4.6269,0.5854,0.2927,0.1220,0.9487,0.0000,4.6268,1.1567,0.6557
5,3,3276,3277,2,2,2,0.6250,3276.609,229.469,595.859,9.4594,17.0000,1.3281,0.6742,5.6185,0.3432,0.2505,0.4063,0.6059,0.3645,4.6270,1.3220,0.6719
3,3,3279,3280,2,1,2,0.7500,3279.333,582.000,830.667,7.4419,13.0000,1.0000,0.7454,4.2966,0.5333,0.2667,0.2000,0.7071,0.0000,4.6271,1.6525,1.0000
5,3,3280,3282,3,2,2,0.4167,3280.937,429.413,960.143,9.3119,17.0000,1.3492,0.6078,5.6187,0.5461,0.2256,0.2283,0.8117,0.4177,4.6271,1.6526,0.7143
4,3,3280,3282,3,1,2,0.6667,3281.061,513.000,1001.531,8.0975,13.0000,1.0612,0.5341,4.2967,0.7576,0.1294,0.1129,0.8507,0.0000,4.9576,1.3221,0.7959
5,3,3280,3281,2,2,2,0.6250,3280.610,564.627,916.847,8.7207,14.0000,1.1864,0.7312,4.6271,0.3432,0.2505,0.4063,0.6059,0.3645,4.6271,1.1568,0.6949
5,3,3283,3285,3,1,3,0.5556,3284.079,980.000,629.667,9.3121,16.0000,1.2698,0.6714,5.2883,0.8123,0.1108,0.0769,0.7071,0.0000,4.9577,0.8263,0.6984
6,3,3284,3285,2,3,2,0.5000,3284.533,435.320,684.880,10.1200,15.0000,1.2000,0.5784,4.9578,0.6373,0.1269,0.2358,0.4046,0.4063,4.4620,2.3136,0.5600
5,3,3286,3288,3,3,1,0.5556,3287.237,230.203,376.000,8.7211,14.0000,1.1864,0.3125,4.6273,0.8123,0.1108,0.0769,0.7071,0.0000,4.9578,1.4874,0.6780
4,3,3291,3293,3,2,1,0.6667,3292.019,823.755,940.000,8.7591,15.0000,1.1321,0.2460,4.9580,0.5357,0.3214,0.1429,1.0000,0.0000,4.6274,0.9916,0.7736
5,3,3293,3294,2,3,2,0.4167,3293.220,557.068,420.847,8.7213,15.0000,1.2712,0.2764,4.9580,0.4138,0.1655,0.4207,0.0000,0.7071,4.6274,1.3221,0.6949
4,3,3298,3300,3,1,2,0.6667,3299.096,428.000,830.250,8.5938,16.0000,1.2308,0.2679,5.2885,0.5357,0.3214,0.1429,1.0000,0.0000,5.1232,1.3221,0.8269
6,3,3300,3302,3,1,3,0.6667,3300.707,563.000,873.040,10.1204,16.0000,1.2800,0.7078,5.2885,0.6944,0.2222,0.0833,0.6000,0.0000,4.9580,1.8179,0.6000
5,3,3301,3303,3,2,2,0.4167,3301.710,326.145,468.226,9.1647,17.0000,1.3710,0.3954,5.6190,0.6489,0.0995,0.2515,0.9362,0.2726,4.6274,1.6526,0.7097
5,3,3302,3303,2,3,2,0.4167,3302.750,315.484,944.203,9.4603,16.0000,1.2500,0.9156,5.2885,0.6338,0.1686,0.1975,0.2016,0.6778,4.6274,1.6526,0.6875
6,3,3306,3308,3,2,3,0.3333,3307.333,471.855,852.101,9.3105,13.0000,1.1304,1.1599,4.2968,0.6494,0.1645,0.1861,0.7264,0.0379,4.4620,1.9831,0.5652
5,3,3307,3309,3,1,2,0.8333,3307.806,297.000,1010.355,9.1644,17.0000,1.3710,0.4042,5.6188,0.5854,0.2927,0.1220,0.9487,0.0000,4.6273,1.3221,0.6935
4,3,3307,3309,3,1,2,0.6667,3307.962,418.000,641.491,8.7587,15.0000,1.1321,0.5108,4.9578,0.7576,0.1294,0.1129,0.8507,0.0000,4.7925,0.9916,0.7925
3,3,3312,3314,3,1,1,1.0000,3313.000,226.000,546.000,7.8234,15.0000,1.0976,0.0000,4.9575,0.8889,0.0000,0.1111,1.0000,0.0000,4.6271,1.4873,1.0000
4,3,3316,3317,2,2,1,1.0000,3316.556,485.500,627.000,8.9232,16.0000,1.1852,0.6690,5.2878,0.0000,0.7500,0.2500,1.0000,0.0000,4.7921,1.6524,0.7963
4,3,3319,3320,2,2,1,1.0000,3319.481,587.519,892.000,8.5923,14.0000,1.0769,0.7076,4.6267,0.0000,0.7500,0.2500,1.0000,0.0000,4.7919,1.9828,0.7885
4,3,3321,3321,1,4,1,1.0000,3321.000,157.375,647.000,7.9312,13.0000,1.0833,1.3750,4.2961,0.9375,0.0000,0.0625,0.0000,1.0000,4.6265,1.3219,0.8125
4,3,3328,3329,2,2,1,1.0000,3328.564,526.509,492.000,9.0866,17.0000,1.2364,0.6568,5.6171,0.0000,0.7500,0.2500,1.0000,0.0000,4.7911,1.4869,0.8000
5,3,3332,3334,3,1,2,0.8333,3332.897,522.000,805.621,8.5698,13.0000,1.1207,0.6293,4.2951,0.5854,0.2927,0.1220,0.9487,0.0000,4.9558,1.6519,0.6724
4,3,3338,3339,2,2,2,0.5000,3338.735,528.796,1036.735,8.0936,13.0000,1.0612,0.8073,4.2946,0.0000,0.5625,0.4375,0.4459,0.5774,4.6249,1.4866,0.7959
7,3,3340,3343,4,2,2,0.4375,3341.370,992.877,595.580,10.1131,13.0000,1.1235,0.6994,4.2943,0.6023,0.2183,0.1794,0.9919,0.0509,4.2944,0.9910,0.4815
5,3,3345,3347,3,1,3,0.5556,3345.954,628.000,1011.708,9.6012,16.0000,1.2308,0.2959,5.2847,0.5532,0.3398,0.1070,0.5606,0.0000,4.6241,1.8167,0.6769
5,4,3345,3346,2,2,2,0.6250,3345.614,741.557,1081.814,10.3399,16.0000,1.1429,0.7026,5.2847,0.3432,0.2505,0.4063,0.6059,0.3645,4.9544,2.3120,0.8286
5,3,3345,3346,2,2,2,0.6250,3345.565,887.161,675.613,9.1582,14.0000,1.1290,0.7032,4.6242,0.3432,0.2505,0.4063,0.6059,0.3645,4.6242,0.9908,0.6613
10,3,3347,3349,3,3,3,0.3704,3348.314,679.890,921.864,12.3241,16.0000,1.3559,0.3589,5.2844,0.6260,0.1186,0.2554,0.4947,0.3740,4.1284,1.3211,0.3814
4,3,3351,3353,3,1,2,0.6667,3352.241,430.000,804.185,8.9165,16.0000,1.1852,0.7815,5.2838,0.7500,0.1500,0.1000,0.9487,0.0000,4.9537,0.6605,0.8148
6,3,3352,3354,3,2,2,0.5000,3352.943,724.514,877.714,9.4373,15.0000,1.2857,0.5911,4.9535,0.4412,0.1872,0.3716,0.7882,0.6154,4.1279,1.3210,0.5857
5,3,3353,3354,2,1,3,0.8333,3353.633,554.000,697.800,8.8610,14.0000,1.1667,0.8800,4.6232,0.5854,0.2927,0.1220,0.3162,0.0000,4.6232,1.9813,0.6667
5,3,3356,3358,3,2,2,0.4167,3357.286,410.871,988.700,10.3368,22.0000,1.5714,0.4338,7.2644,0.6999,0.1281,0.1720,0.8684,0.1395,4.7878,0.6604,0.7000
3,3,3357,3359,3,1,1,1.0000,3358.025,494.000,516.000,7.6255,14.0000,1.0500,0.9750,4.6226,0.8889,0.0000,0.1111,1.0000,0.0000,4.9530,1.6510,1.0000
5,3,3363,3364,2,2,2,0.6250,3363.441,561.559,593.153,8.7111,13.0000,1.1017,0.7282,4.2920,0.3432,0.2505,0.4063,0.6059,0.3645,4.6220,0.9905,0.6610
4,3,3364,3365,2,1,2,1.0000,3364.446,587.000,652.500,9.2439,16.0000,1.1429,0.6703,5.2823,0.0000,0.7500,0.2500,0.0000,0.0000,4.9521,1.3206,0.7857
3,3,3369,3370,2,1,2,0.7500,3369.333,259.000,725.690,8.0045,15.0000,1.0714,0.4549,4.9515,0.5333,0.2667,0.2000,0.7071,0.0000,4.9514,1.6505,1.0000
5,4,3371,3373,3,2,1,0.8333,3371.710,340.565,479.000,9.1523,14.0000,1.1290,0.9068,4.6212,0.5854,0.2927,0.1220,0.9487,0.0000,4.6211,0.9902,0.8548
4,3,3376,3377,2,2,1,1.0000,3376.547,205.472,510.000,8.7463,15.0000,1.1321,0.6958,4.9507,0.0000,0.7500,0.2500,1.0000,0.0000,5.2808,0.3300,0.8113
4,3,3376,3379,4,1,1,1.0000,3377.453,308.000,558.000,8.7461,17.0000,1.2830,0.5472,5.6107,0.9375,0.0000,0.0625,1.0000,0.0000,3.9606,0.9902,0.8113
9,3,3382,3384,3,2,3,0.5000,3382.939,476.357,964.500,10.7804,13.0000,1.1939,0.6175,4.2902,0.6283,0.1059,0.2658,0.7395,0.4784,3.9602,1.3201,0.3980
3,3,3387,3388,2,2,1,0.7500,3387.325,762.350,411.000,7.6209,14.0000,1.0500,0.7267,4.6200,0.5333,0.2667,0.2000,0.7071,0.0000,4.6200,2.3100,1.0000
8,3,3388,3390,3,4,2,0.3333,3388.695,401.547,375.232,11.0836,15.0000,1.2632,0.5930,4.9499,0.4932,0.3739,0.1329,0.1725,0.3151,4.1249,1.4850,0.4421
5,3,3389,3391,3,1,2,0.8333,3389.780,465.000,952.390,8.7070,13.0000,1.1017,0.8717,4.2899,0.5854,0.2927,0.1220,0.9487,0.0000,4.6199,0.9900,0.6610
5,3,3391,3392,2,2,3,0.4167,3391.177,559.452,501.887,9.1496,14.0000,1.1290,0.5873,4.6198,0.7729,0.0435,0.1836,0.2791,0.2890,4.2898,1.4849,0.6613
8,3,3394,3396,3,2,3,0.4444,3395.056,575.326,834.247,10.3834,16.0000,1.4382,0.4128,5.2798,0.5152,0.3117,0.1731,0.7347,0.2037,3.6298,0.9900,0.4719
5,3,3400,3402,3,2,2,0.4167,3401.250,409.633,650.833,8.8547,14.0000,1.1667,0.4740,4.6199,0.7729,0.0435,0.1836,0.8328,0.5477,4.6199,1.6500,0.6833
7,3,3401,3403,3,2,2,0.5833,3401.857,590.560,1036.298,10.4770,16.0000,1.3333,0.5505,5.2799,0.3883,0.1309,0.4808,0.9235,0.3259,3.9600,1.6500,0.5119
5,3,3411,3413,3,2,2,0.4167,3412.164,544.851,545.836,9.8893,19.0000,1.4179,0.2760,6.2709,0.6489,0.0995,0.2515,0.9362,0.2726,4.9506,1.6502,0.6866
5,3,3417,3419,3,1,2,0.8333,3418.186,414.000,915.643,10.3336,20.0000,1.4286,0.4025,6.6018,0.5854,0.2927,0.1220,0.9487,0.0000,4.9515,0.6602,0.7000
5,3,3418,3419,2,2,2,0.6250,3418.537,577.552,522.164,9.8908,18.0000,1.3433,0.7878,5.9417,0.3432,0.2505,0.4063,0.6059,0.3645,4.6213,1.4854,0.6567
6,3,3418,3419,2,2,2,0.7500,3418.529,630.629,482.286,9.4333,13.0000,1.1143,0.8696,4.2913,0.2000,0.3333,0.4667,0.0000,0.0000,4.2913,1.3204,0.5571
5,3,3423,3424,2,3,2,0.4167,3423.246,258.123,684.862,9.5966,16.0000,1.2308,0.7763,5.2822,0.6489,0.0995,0.2515,0.1100,0.3726,4.7869,1.1555,0.6769
10,3,3429,3432,4,2,3,0.4167,3430.353,438.431,860.853,12.1121,15.0000,1.2931,0.6857,4.9528,0.2803,0.4601,0.2595,0.8300,0.2514,4.2925,1.6509,0.3621
5,3,3431,3432,2,2,2,0.6250,3431.651,466.810,410.429,9.3031,15.0000,1.1905,0.5847,4.9530,0.3432,0.2505,0.4063,0.6059,0.3645,4.6227,1.6510,0.6667
6,3,3432,3433,2,2,2,0.7500,3432.479,465.671,730.438,9.8407,15.0000,1.2329,0.7281,4.9530,0.2667,0.1333,0.6000,0.7071,0.7071,4.2926,1.6510,0.5616
5,3,3434,3436,3,1,2,0.8333,3435.209,356.000,773.522,9.8944,17.0000,1.2687,0.9480,5.6138,0.5854,0.2927,0.1220,0.9487,0.0000,5.1184,1.4860,0.6866
5,3,3437,3438,2,2,2,0.6250,3437.492,593.148,820.590,9.0086,16.0000,1.3115,0.7927,5.2837,0.3432,0.2505,0.4063,0.6059,0.3645,3.9627,1.3209,0.7049
4,3,3440,3442,3,2,1,0.6667,3440.906,131.528,808.000,8.7513,16.0000,1.2075,0.5367,5.2838,0.7576,0.1294,0.1129,0.8507,0.0000,4.9536,0.6605,0.8302
3,3,3442,3443,2,2,1,0.7500,3442.667,476.333,666.000,7.4360,13.0000,1.0000,0.7454,4.2932,0.5333,0.2667,0.2000,0.7071,0.0000,4.6234,1.6512,1.0000
3,3,3444,3445,2,2,1,0.7500,3444.675,435.325,543.000,7.6267,14.0000,1.0500,0.4596,4.6234,0.5333,0.2667,0.2000,0.7071,0.0000,4.9537,1.6512,1.0000
7,4,3447,3449,3,3,3,0.2593,3447.884,282.326,553.988,10.7345,17.0000,1.3837,0.3459,5.6141,0.6512,0.0359,0.3129,0.6067,0.7241,4.6234,0.9907,0.6744
8,3,3447,3449,3,2,2,0.6667,3447.859,705.587,894.793,10.7417,16.0000,1.3913,0.6381,5.2839,0.4961,0.2369,0.2670,0.9586,0.0986,3.6327,1.3210,0.4783
3,3,3449,3451,3,1,1,1.0000,3450.000,485.000,707.000,8.1985,17.0000,1.1860,0.0000,5.6140,0.8889,0.0000,0.1111,1.0000,0.0000,4.6234,1.6512,1.0000
6,3,3450,3451,2,2,2,0.7500,3450.526,491.408,691.737,10.2461,17.0000,1.3421,0.8026,5.6140,0.2000,0.3333,0.4667,0.0000,0.0000,4.4582,1.3209,0.5789
3,3,3451,3452,2,2,1,0.7500,3451.302,384.302,702.000,8.1983,17.0000,1.1860,0.4276,5.6140,0.5333,0.2667,0.2000,0.7071,0.0000,4.6233,1.6512,1.0000
4,3,3455,3457,3,1,2,0.6667,3455.962,444.000,400.491,8.7505,16.0000,1.2075,0.4920,5.2833,0.7576,0.1294,0.1129,0.8507,0.0000,4.6229,0.6604,0.7925
4,3,3457,3458,2,2,1,1.0000,3457.490,256.451,834.000,8.4200,15.0000,1.1765,0.6806,4.9529,0.0000,0.7500,0.2500,1.0000,0.0000,4.6228,1.3208,0.8039
5,3,3460,3462,3,2,1,0.8333,3460.778,618.397,550.000,9.3023,15.0000,1.1905,0.6428,4.9525,0.5854,0.2927,0.1220,0.9487,0.0000,5.2826,1.6509,0.6825
7,3,3472,3475,4,2,2,0.4375,3473.831,488.870,974.584,9.6044,14.0000,1.2727,0.4670,4.6201,0.7122,0.1467,0.1411,0.9661,0.0989,3.9601,1.1551,0.5195
5,3,3474,3475,2,2,2,0.6250,3474.780,533.610,664.661,8.7072,13.0000,1.1017,0.9353,4.2901,0.3432,0.2505,0.4063,0.5155,0.8569,4.6199,0.9899,0.6610
6,3,3480,3482,3,3,2,0.3333,3481.027,368.959,989.260,9.8322,15.0000,1.2329,1.0077,4.9485,0.2238,0.4308,0.3454,0.0000,0.0000,4.4539,1.3197,0.5753
4,3,3481,3482,2,2,2,0.5000,3481.255,571.706,763.824,8.4127,15.0000,1.1765,0.7710,4.9487,0.0000,0.5625,0.4375,0.4459,0.5774,4.7837,1.6495,0.8235
5,3,3483,3484,2,3,1,0.8333,3483.433,430.783,612.000,8.8517,14.0000,1.1667,0.4845,4.6185,0.5854,0.2927,0.1220,0.3162,0.0000,4.6183,1.8143,0.6667
5,4,3489,3491,3,1,2,0.8333,3489.708,413.000,789.400,9.5873,15.0000,1.1538,0.8129,4.9473,0.5854,0.2927,0.1220,0.9487,0.0000,4.6175,1.8139,0.8615
5,3,3497,3499,3,2,1,0.8333,3498.106,658.621,546.000,9.7327,15.0000,1.1364,1.1691,4.9463,0.5854,0.2927,0.1220,0.9487,0.0000,5.2759,0.9892,0.6667
5,3,3497,3499,3,2,2,0.4167,3497.850,862.150,441.850,8.8480,14.0000,1.1667,0.8761,4.6165,0.6489,0.0995,0.2515,0.9362,0.2726,4.9461,0.9893,0.7000
5,3,3497,3498,2,2,2,0.6250,3497.379,887.534,463.155,8.5531,14.0000,1.2069,0.6735,4.6165,0.3432,0.2505,0.4063,0.6059,0.3645,3.9569,0.9892,0.6897
6,3,3499,3501,3,2,2,0.5000,3499.792,516.584,515.117,10.3652,16.0000,1.2468,0.9914,5.2758,0.5230,0.1584,0.3185,0.9225,0.0898,4.9460,1.1540,0.6234
3,3,3501,3502,2,2,1,0.7500,3501.667,537.310,298.000,7.9954,15.0000,1.0714,0.4549,4.9459,0.5333,0.2667,0.2000,0.7071,0.0000,4.9459,1.6486,1.0000
3,3,3503,3504,2,1,2,0.7500,3503.667,596.000,940.333,7.4242,13.0000,1.0000,0.7454,4.2864,0.5333,0.2667,0.2000,0.7071,0.0000,4.6161,1.9783,1.0000
5,3,3505,3507,3,2,1,0.8333,3505.938,408.369,643.000,9.5844,17.0000,1.3077,0.3743,5.6052,0.6340,0.2717,0.0943,1.0000,0.0000,4.6160,1.4837,0.6615
4,3,3507,3508,2,2,2,0.5000,3507.540,799.260,1038.820,8.2428,14.0000,1.1200,0.6258,4.6160,0.5916,0.1015,0.3069,0.7071,0.7071,4.7808,1.6486,0.8200
8,3,3512,3514,3,2,3,0.4444,3512.777,671.447,434.021,10.9579,15.0000,1.2766,0.5000,4.9458,0.4054,0.3243,0.2703,1.0000,0.0000,4.4512,1.6486,0.4362
8,3,3516,3519,4,2,3,0.3333,3517.722,220.629,399.866,11.3082,16.0000,1.3196,0.8225,5.2758,0.6799,0.1831,0.1371,0.8704,0.0160,4.2866,0.9892,0.4742
7,3,3516,3518,3,2,3,0.3889,3516.964,705.277,591.000,10.3440,17.0000,1.4337,0.2795,5.6054,0.5479,0.1606,0.2915,0.9003,0.3984,4.4514,1.1541,0.5422
9,3,3517,3520,4,2,2,0.5625,3518.417,570.602,633.546,11.8706,16.0000,1.3333,0.7941,5.2759,0.5982,0.1155,0.2863,0.9349,0.3411,3.9569,1.6487,0.4167
6,3,3517,3519,3,2,2,0.5000,3518.247,738.329,333.315,9.8269,15.0000,1.2329,0.8803,4.9461,0.6605,0.1810,0.1584,0.9290,0.3479,4.4514,1.9784,0.5616
5,3,3522,3524,3,2,1,0.8333,3523.226,296.435,770.000,9.1435,14.0000,1.1290,0.9582,4.6168,0.5854,0.2927,0.1220,0.9487,0.0000,4.6167,0.9893,0.6452
3,3,3522,3523,2,1,2,0.7500,3522.667,396.000,580.690,7.9963,15.0000,1.0714,0.4549,4.9465,0.5333,0.2667,0.2000,0.7071,0.0000,5.2761,1.6488,1.0000
4,3,3523,3524,2,3,1,0.6667,3523.453,119.943,534.000,8.7388,16.0000,1.2075,0.4564,5.2762,0.7576,0.1294,0.1129,0.5257,0.0000,4.7816,1.6488,0.8113
5,3,3526,3527,2,2,2,0.6250,3526.452,337.629,497.823,9.1441,14.0000,1.1290,0.6108,4.6171,0.3432,0.2505,0.4063,0.6059,0.3645,4.9468,1.1543,0.6774
4,3,3529,3530,2,2,1,1.0000,3529.480,245.480,340.000,8.2452,13.0000,1.0400,0.6788,4.2876,0.0000,0.7500,0.2500,1.0000,0.0000,4.6173,0.6596,0.7800
4,3,3530,3532,3,2,1,0.6667,3530.796,228.204,493.000,8.0806,13.0000,1.0612,0.8217,4.2878,0.7500,0.1500,0.1000,0.9487,0.0000,4.6175,1.3192,0.7959
5,3,3533,3534,2,2,2,0.6250,3533.153,407.458,694.475,8.7030,14.0000,1.1864,0.7133,4.6177,0.3432,0.2505,0.4063,0.5155,0.8569,4.6177,1.4843,0.6949
3,3,3538,3539,2,2,1,0.7500,3538.667,344.667,661.000,7.4279,13.0000,1.0000,0.7454,4.2885,0.5333,0.2667,0.2000,0.7071,0.0000,4.6184,1.8143,1.0000
4,3,3538,3539,2,2,2,0.5000,3538.176,851.255,543.745,8.4119,16.0000,1.2549,0.4014,5.2781,0.0000,0.5625,0.4375,0.4459,0.5774,4.6183,1.6494,0.8235
4,3,3540,3541,2,2,2,0.5000,3540.725,638.804,875.451,8.4125,14.0000,1.0980,0.8765,4.6186,0.5916,0.1015,0.3069,0.5000,0.5000,5.1134,2.3092,0.8039
5,4,3540,3541,2,2,2,0.6250,3540.625,926.819,818.556,10.6226,17.0000,1.1806,0.6942,5.6084,0.3432,0.2505,0.4063,0.6059,0.3645,5.2783,1.4845,0.8333
9,3,3541,3543,3,3,2,0.5000,3541.895,512.867,599.514,11.5469,16.0000,1.3714,0.5415,5.2786,0.3274,0.3616,0.3110,0.8566,0.3601,3.6291,1.3196,0.4381
5,3,3541,3543,3,2,2,0.4167,3541.950,792.667,382.217,8.8524,14.0000,1.1667,0.4007,4.6188,0.5461,0.2256,0.2283,0.8117,0.4177,4.6187,0.6598,0.6667
4,3,3544,3545,2,1,3,0.6667,3544.531,772.000,518.061,8.0833,13.0000,1.0612,0.5341,4.2892,0.7576,0.1294,0.1129,0.5257,0.0000,4.6191,1.6497,0.7959
4,3,3545,3546,2,3,1,0.6667,3545.684,371.930,569.000,9.4033,18.0000,1.2632,0.6878,5.9389,0.5357,0.3214,0.1429,0.0000,0.0000,5.2791,1.3198,0.8421
4,3,3546,3547,2,2,1,1.0000,3546.519,523.519,596.000,8.5787,14.0000,1.0769,0.6799,4.6193,0.0000,0.7500,0.2500,1.0000,0.0000,4.6193,0.9899,0.7692
6,3,3546,3548,3,3,2,0.3333,3547.088,565.441,785.191,9.1598,13.0000,1.1471,0.5972,4.2895,0.8257,0.0455,0.1288,0.7347,0.5428,4.2893,1.3198,0.5735
3,3,3549,3551,3,1,1,1.0000,3550.000,405.000,566.000,8.1920,15.0000,1.0465,1.0000,4.9498,0.8889,0.0000,0.1111,1.0000,0.0000,5.2795,1.6499,1.0000
4,3,3553,3555,3,2,1,0.6667,3553.961,556.529,497.000,8.4152,14.0000,1.0980,0.4722,4.6201,0.7576,0.1294,0.1129,0.8507,0.0000,3.9600,0.6600,0.7843
4,3,3555,3556,2,2,1,1.0000,3555.429,400.393,829.000,9.2405,19.0000,1.3571,0.5814,6.2703,0.0000,0.7500,0.2500,1.0000,0.0000,4.2903,0.4950,0.8393
4,3,3556,3557,2,2,2,0.5000,3556.275,467.176,337.569,8.4156,15.0000,1.1765,0.5409,4.9503,0.5916,0.1015,0.3069,0.5000,0.5000,4.7854,0.6601,0.8235
6,4,3563,3565,3,3,2,0.3333,3564.139,447.646,497.127,10.6457,17.0000,1.2911,0.4013,5.6114,0.7397,0.1062,0.1541,0.6563,0.4773,4.7861,1.3203,0.7595
4,3,3569,3570,2,2,1,1.0000,3569.490,640.529,865.000,8.4181,14.0000,1.0980,0.6938,4.6217,0.0000,0.7500,0.2500,1.0000,0.0000,4.9517,0.9903,0.7843
3,3,3583,3584,2,2,1,0.7500,3583.628,499.698,502.000,8.1985,16.0000,1.1163,0.6969,5.2837,0.5333,0.2667,0.2000,0.7071,0.0000,4.9536,0.6605,1.0000
4,3,3584,3585,2,3,1,0.6667,3584.469,184.082,433.000,8.0910,14.0000,1.1429,0.5369,4.6235,0.7576,0.1294,0.1129,0.5257,0.0000,4.9537,1.6513,0.8163
3,3,3584,3585,2,2,1,0.7500,3584.674,889.674,657.000,8.1988,15.0000,1.0465,0.4604,4.9538,0.5333,0.2667,0.2000,0.7071,0.0000,5.2840,1.6512,1.0000
3,3,3586,3587,2,2,1,0.7500,3586.690,483.357,518.000,8.0086,15.0000,1.0714,0.7135,4.9541,0.5333,0.2667,0.2000,0.7071,0.0000,4.9541,0.9908,1.0000
3,3,3587,3588,2,2,1,0.7500,3587.667,173.667,820.000,7.4368,13.0000,1.0000,0.7454,4.2937,0.5333,0.2667,0.2000,0.7071,0.0000,4.9542,1.8165,1.0000
3,3,3587,3588,2,2,1,0.7500,3587.698,268.628,291.000,8.1996,16.0000,1.1163,0.6969,5.2845,0.5333,0.2667,0.2000,0.7071,0.0000,4.2937,1.6514,1.0000
3,3,3588,3589,2,1,2,0.7500,3588.350,456.000,192.675,7.6277,14.0000,1.0500,0.7267,4.6241,0.5333,0.2667,0.2000,0.7071,0.0000,4.6240,0.9909,1.0000
7,5,3589,3591,3,1,3,0.7778,3590.258,611.000,707.124,12.1100,18.0000,1.2990,0.2859,5.9455,0.4747,0.4312,0.0941,0.5071,0.0000,5.2849,1.1561,0.7629
12,4,3589,3592,4,3,5,0.2000,3590.511,611.108,716.727,13.2541,15.0000,1.2950,1.6799,4.9546,0.7840,0.1082,0.1078,0.3946,0.0916,2.9729,1.3213,0.4101
5,3,3590,3592,3,1,2,0.8333,3590.695,753.000,904.610,8.7156,14.0000,1.1864,0.7968,4.6243,0.5854,0.2927,0.1220,0.9487,0.0000,4.6244,1.3213,0.6780
179,61,3593,3596,4,9,32,0.1554,3594.494,622.508,690.000,59.6328,29.0000,2.1495,10.3222,9.5808,0.9718,0.0211,0.0070,0.0465,0.9784,4.6252,1.9821,0.6128
12,3,3593,3596,4,5,2,0.3000,3594.604,708.604,796.758,14.2099,20.0000,1.6107,1.6698,6.6074,0.5102,0.3372,0.1525,0.0374,0.3126,3.4688,0.6606,0.4430
4,3,3594,3595,2,2,1,1.0000,3594.463,291.556,504.000,8.9199,16.0000,1.1852,0.6418,5.2857,0.0000,0.7500,0.2500,1.0000,0.0000,5.1207,1.8170,0.7963
18,7,3594,3597,4,2,5,0.4500,3595.758,620.039,716.333,17.9885,20.0000,1.5584,1.6847,6.6077,0.4448,0.4842,0.0710,0.1665,0.0394,3.9647,0.6607,0.5671
5,3,3594,3595,2,2,2,0.6250,3594.569,628.508,201.846,9.6034,19.0000,1.4615,0.7781,6.2768,0.3432,0.2505,0.4063,0.6059,0.3645,4.6252,1.1563,0.7077
6,3,3594,3597,4,2,2,0.3750,3595.558,628.326,737.791,11.5994,23.0000,1.6047,0.5874,7.5989,0.8091,0.0682,0.1227,0.8627,0.0802,3.9647,0.8259,0.6744
4,3,3594,3597,4,1,1,1.0000,3595.689,636.000,752.000,12.2241,27.0000,1.4595,0.3108,8.9204,0.9375,0.0000,0.0625,1.0000,0.0000,5.7817,0.4957,0.8649
5,4,3594,3596,3,2,1,0.8333,3595.196,687.315,793.000,13.5928,27.0000,1.4674,0.3710,8.9201,0.5854,0.2927,0.1220,0.9487,0.0000,5.9467,1.4867,0.8696
24,7,3594,3596,3,8,3,0.3333,3595.130,692.891,794.252,22.2543,26.0000,1.8909,2.9048,8.5897,0.8836,0.0556,0.0608,0.0855,0.2674,4.6252,1.6520,0.6273
6,3,3595,3597,3,3,1,0.6667,3596.181,336.083,599.000,9.7114,14.0000,1.1667,0.1989,4.6254,0.2593,0.6296,0.1111,0.0000,0.0000,4.6255,0.6608,0.5694
8,5,3595,3597,3,1,3,0.8889,3596.167,621.000,720.292,14.0172,25.0000,1.6667,0.7277,8.2597,0.1687,0.7312,0.1000,0.0000,0.0000,4.4603,0.4956,0.7667
8,6,3595,3597,3,1,3,0.8889,3595.908,622.000,723.217,14.0171,21.0000,1.4000,0.2353,6.9381,0.3375,0.5625,0.1000,0.7071,0.0000,3.7995,0.1652,0.8250
14,4,3595,3597,3,3,4,0.3889,3596.107,626.750,734.770,17.3068,28.0000,2.0000,1.2593,9.2508,0.6147,0.2194,0.1659,0.3587,0.1317,3.7995,0.9912,0.6327
6,3,3595,3597,3,2,2,0.5000,3596.112,630.124,741.787,12.0044,24.0000,1.6180,0.2711,7.9293,0.5230,0.1584,0.3185,0.9225,0.0898,4.9557,1.9823,0.6629
5,4,3595,3597,3,1,2,0.8333,3596.078,635.000,749.688,11.3771,23.0000,1.4935,0.3213,7.5989,0.5854,0.2927,0.1220,0.9487,0.0000,4.2950,0.4955,0.8701
3,3,3595,3597,3,1,1,1.0000,3596.000,637.000,753.000,9.9189,22.0000,1.2692,0.0000,7.2685,0.8889,0.0000,0.1111,1.0000,0.0000,4.2953,0.6609,1.0000
3,3,3595,3597,3,1,1,1.0000,3596.169,655.000,774.000,11.2543,23.0000,1.1695,0.1695,7.5992,0.8889,0.0000,0.1111,1.0000,0.0000,6.9381,0.3304,1.0000
5,4,3595,3596,2,3,1,0.8333,3595.458,674.667,788.000,10.6380,17.0000,1.1806,0.8590,5.6166,0.5854,0.2927,0.1220,0.3162,0.0000,4.6252,0.3303,0.8750
12,4,3595,3596,2,5,3,0.4000,3595.503,682.990,791.349,18.5976,26.0000,1.6000,1.3009,8.5901,0.8256,0.0353,0.1391,0.0317,0.4348,4.9557,1.3214,0.8000
9,3,3595,3596,2,4,3,0.3750,3595.368,700.272,795.228,12.5543,22.0000,1.7368,0.8975,7.2682,0.7052,0.1118,0.1831,0.2650,0.8706,3.6343,0.9911,0.5526
4,3,3596,3598,3,1,2,0.6667,3596.918,383.000,429.551,8.0948,14.0000,1.1429,0.4563,4.6256,0.7576,0.1294,0.1129,0.8507,0.0000,4.9559,1.8171,0.8163
4,3,3598,3599,2,2,1,1.0000,3598.500,232.442,668.000,8.5910,16.0000,1.2308,0.6676,5.2867,0.0000,0.7500,0.2500,1.0000,0.0000,4.6260,1.4869,0.8077
3,3,3600,3601,2,2,1,0.7500,3600.675,524.325,957.000,7.6316,14.0000,1.0500,0.4596,4.6265,0.5333,0.2667,0.2000,0.7071,0.0000,4.6265,0.9913,1.0000
8,3,3602,3604,3,3,2,0.4444,3603.106,630.032,672.117,10.9838,17.0000,1.4468,0.1613,5.6185,0.5543,0.2671,0.1786,0.7832,0.2710,3.9660,0.9915,0.4681
4,3,3602,3602,1,2,3,0.6667,3602.000,817.741,447.704,8.9230,16.0000,1.1852,0.3937,5.2877,0.7500,0.1500,0.1000,0.0000,1.0000,5.1224,1.9828,0.7963
4,3,3603,3604,2,2,2,0.5000,3603.180,616.260,501.480,8.2625,15.0000,1.2000,0.6086,4.9575,0.5916,0.1015,0.3069,0.5000,0.5000,4.9575,1.6525,0.8200
6,3,3607,3608,2,2,2,0.7500,3607.703,398.527,328.284,9.9871,17.0000,1.3784,0.6683,5.6200,0.2000,0.3333,0.4667,0.7071,0.7071,4.4629,1.6529,0.5946
4,3,3608,3609,2,2,1,1.0000,3608.460,385.440,655.000,8.2650,14.0000,1.1200,0.6366,4.6285,0.0000,0.7500,0.2500,1.0000,0.0000,5.1242,0.9919,0.8200
6,3,3608,3610,3,2,2,0.5000,3608.761,436.380,862.268,9.5828,14.0000,1.1831,1.0169,4.6283,0.6381,0.1455,0.2164,0.8019,0.3768,4.7936,1.6530,0.5634
3,3,3610,3612,3,1,1,1.0000,3611.000,406.000,474.000,7.6361,14.0000,1.0500,0.0000,4.6291,0.8889,0.0000,0.1111,1.0000,0.0000,3.9681,0.6614,1.0000
6,3,3610,3611,2,2,2,0.7500,3610.686,563.557,419.700,9.4489,14.0000,1.2000,0.6204,4.6291,0.2000,0.3333,0.4667,0.7071,0.7071,4.4637,1.8185,0.5714
4,3,3611,3613,3,2,1,0.6667,3612.038,382.519,576.000,8.5975,14.0000,1.0769,0.5207,4.6294,0.7576,0.1294,0.1129,0.8507,0.0000,4.4642,0.3307,0.7885
4,3,3619,3621,3,2,1,0.6667,3619.904,580.462,968.000,8.6020,15.0000,1.1538,1.0149,4.9624,0.7576,0.1294,0.1129,0.8507,0.0000,4.7973,1.3233,0.8077
5,3,3620,3621,2,2,2,0.6250,3620.148,489.410,648.541,9.0257,15.0000,1.2295,0.8141,4.9627,0.3432,0.2505,0.4063,0.5155,0.8569,4.9627,1.6542,0.6885
9,4,3621,3624,4,3,2,0.3750,3622.437,767.553,975.806,11.3611,15.0000,1.3107,0.6542,4.9634,0.3200,0.4003,0.2796,0.9338,0.0250,3.9708,1.3236,0.5340
4,3,3626,3627,2,2,1,1.0000,3626.455,832.545,536.000,9.1026,17.0000,1.2364,0.6428,5.6269,0.0000,0.7500,0.2500,1.0000,0.0000,4.6340,1.3240,0.7818
6,3,3627,3629,3,1,2,1.0000,3628.088,890.000,807.456,9.1900,15.0000,1.3235,1.0194,4.9660,0.5556,0.3333,0.1111,1.0000,0.0000,3.9726,1.3242,0.6029
4,3,3631,3632,2,2,1,1.0000,3631.469,490.449,773.000,8.1125,14.0000,1.1429,0.6951,4.6359,0.0000,0.7500,0.2500,1.0000,0.0000,4.8011,1.6556,0.8163
9,3,3634,3637,4,3,2,0.3750,3635.812,536.940,442.111,12.9180,16.0000,1.2308,1.0821,5.2998,0.5122,0.3564,0.1314,0.7365,0.0477,4.6370,1.6561,0.6068
4,3,3635,3636,2,2,1,1.0000,3635.453,247.566,806.000,8.7774,16.0000,1.2075,0.6272,5.2994,0.0000,0.7500,0.2500,1.0000,0.0000,4.8027,0.9937,0.8113
4,3,3637,3639,3,1,2,0.6667,3637.815,399.000,595.407,8.9445,19.0000,1.4074,0.9110,6.2939,0.7576,0.1294,0.1129,0.8507,0.0000,4.6380,1.4907,0.8333
4,3,3637,3639,3,1,2,0.6667,3638.120,645.000,634.440,8.2821,15.0000,1.2000,0.9839,4.9696,0.7576,0.1294,0.1129,0.8507,0.0000,4.6380,0.6626,0.8200
3,3,3643,3645,3,1,1,1.0000,3644.000,361.000,676.000,8.4193,18.0000,1.2273,0.0000,5.9657,0.8889,0.0000,0.1111,1.0000,0.0000,4.6402,1.3257,1.0000
4,3,3650,3651,2,1,2,1.0000,3650.540,839.000,376.540,8.2894,14.0000,1.1200,0.7094,4.6422,0.0000,0.7500,0.2500,0.0000,0.0000,4.9736,1.4921,0.8200
8,3,3651,3653,3,2,2,0.6667,3652.154,380.516,601.802,10.6690,16.0000,1.4066,0.5741,5.3057,0.5487,0.1069,0.3444,0.9672,0.2262,3.4819,0.9949,0.4945
5,3,3653,3654,2,3,1,0.8333,3653.571,411.778,602.000,9.3438,16.0000,1.2698,0.4828,5.3064,0.5854,0.2927,0.1220,0.3162,0.0000,4.6428,1.1607,0.6825
5,3,3656,3658,3,1,2,0.8333,3657.353,782.000,459.632,10.0878,19.0000,1.3971,0.7442,6.3029,0.5854,0.2927,0.1220,0.9487,0.0000,4.9760,0.3317,0.7059
3,3,3658,3659,2,2,1,0.7500,3658.333,345.667,264.000,7.4697,13.0000,1.0000,0.7454,4.3128,0.5333,0.2667,0.2000,0.7071,0.0000,4.6443,1.1611,1.0000
5,3,3658,3660,3,1,2,0.8333,3658.774,1038.000,321.548,9.1985,15.0000,1.2097,0.5931,4.9763,0.5854,0.2927,0.1220,0.9487,0.0000,4.9761,1.8246,0.6935
9,3,3659,3661,3,3,4,0.2500,3660.238,558.020,328.139,11.1699,14.0000,1.2475,1.1633,4.6451,0.5111,0.2434,0.2455,0.3336,0.4950,3.9813,1.1612,0.4158
8,3,3661,3663,3,3,2,0.4444,3661.934,519.637,649.670,10.6755,16.0000,1.4066,1.0548,5.3087,0.7197,0.0792,0.2011,0.6957,0.7128,3.8160,1.3272,0.4615
5,3,3663,3665,3,1,2,0.8333,3663.723,543.000,1002.385,9.6464,17.0000,1.3077,0.4739,5.6415,0.5854,0.2927,0.1220,0.9487,0.0000,4.6457,0.9955,0.6769
4,3,3663,3665,3,2,1,0.6667,3663.898,661.265,477.000,8.1303,14.0000,1.1429,0.9363,4.6457,0.5357,0.3214,0.1429,1.0000,0.0000,4.9778,2.3230,0.8163
4,3,3664,3665,2,2,1,1.0000,3664.560,137.520,507.000,8.2966,15.0000,1.2000,0.6812,4.9781,0.0000,0.7500,0.2500,1.0000,0.0000,4.9779,1.6594,0.8200
3,3,3664,3665,2,2,1,0.7500,3664.341,582.295,442.000,8.4304,16.0000,1.0909,0.4511,5.3096,0.5333,0.2667,0.2000,0.7071,0.0000,5.6417,1.9910,1.0000
4,3,3665,3666,2,2,1,1.0000,3665.560,817.540,849.000,8.2971,14.0000,1.1200,0.6966,4.6465,0.0000,0.7500,0.2500,1.0000,0.0000,4.8123,0.9956,0.8200
4,3,3669,3670,2,1,2,1.0000,3669.540,957.000,783.480,8.2989,14.0000,1.1200,0.6943,4.6475,0.0000,0.7500,0.2500,0.0000,0.0000,4.8134,1.3278,0.8000
3,3,3686,3687,2,1,2,0.7500,3686.295,660.000,420.295,8.4399,18.0000,1.2273,0.4178,5.9802,0.5333,0.2667,0.2000,0.7071,0.0000,4.6514,1.3290,1.0000
4,3,3686,3687,2,1,2,1.0000,3686.554,683.000,157.446,9.3027,18.0000,1.2857,0.6313,5.9805,0.0000,0.7500,0.2500,0.0000,0.0000,4.6513,1.1628,0.7857
5,3,3691,3692,2,2,2,0.6250,3691.530,666.636,519.682,9.8086,16.0000,1.2121,0.7174,5.3169,0.2938,0.4054,0.3007,0.7071,0.6739,4.9848,1.3292,0.6818
4,3,3692,3694,3,1,2,0.6667,3693.000,521.000,598.824,8.4746,16.0000,1.2549,0.1765,5.3174,0.5357,0.3214,0.1429,1.0000,0.0000,4.6527,1.3294,0.8235
4,3,3693,3693,1,2,2,1.0000,3693.000,719.542,463.542,7.9761,13.0000,1.0833,0.7096,4.3204,0.0000,0.7500,0.2500,0.0000,1.0000,4.6527,1.3293,0.8125
3,3,3694,3695,2,1,2,0.7500,3694.690,816.000,363.333,8.0593,15.0000,1.0714,0.4549,4.9855,0.5333,0.2667,0.2000,0.7071,0.0000,4.9855,0.9971,1.0000
7,3,3696,3697,2,3,3,0.3889,3696.512,885.000,1016.725,10.0504,17.0000,1.4875,0.5816,5.6504,0.5780,0.1560,0.2660,0.4489,0.8101,3.3239,1.3296,0.5500
4,3,3697,3698,2,2,1,1.0000,3697.540,548.540,445.000,8.3100,14.0000,1.1200,0.7094,4.6537,0.0000,0.7500,0.2500,1.0000,0.0000,4.8198,0.8310,0.8200
6,3,3699,3700,2,3,2,0.5000,3699.649,483.584,356.649,10.4500,15.0000,1.1688,0.8469,4.9865,0.6854,0.0214,0.2932,0.3377,0.6213,4.6540,1.6621,0.5714
6,3,3699,3701,3,1,3,0.6667,3700.055,501.000,407.795,9.9073,16.0000,1.3151,0.7964,5.3190,0.6944,0.2222,0.0833,0.8000,0.0000,4.3217,1.3298,0.5753
7,3,3701,3703,3,1,3,0.7778,3702.065,663.000,547.338,9.6757,14.0000,1.2727,0.3438,4.6545,0.1247,0.7481,0.1273,1.0000,0.0000,3.6572,0.9974,0.5195
5,3,3701,3703,3,3,1,0.5556,3701.905,724.746,387.000,9.3669,16.0000,1.2698,0.7521,5.3194,0.5532,0.3398,0.1070,0.5606,0.0000,4.9869,1.3299,0.7143
5,3,3705,3706,2,2,2,0.6250,3705.390,466.441,583.661,8.7734,13.0000,1.1017,0.6790,4.3227,0.2938,0.4054,0.3007,0.0000,0.3029,4.9875,1.8287,0.6610
3,3,3707,3708,2,2,1,0.7500,3707.634,421.317,465.000,7.8715,15.0000,1.0976,0.7090,4.9879,0.5333,0.2667,0.2000,0.7071,0.0000,4.8218,1.8290,1.0000
5,3,3707,3708,2,3,2,0.4167,3707.542,547.932,632.153,8.7741,14.0000,1.1864,0.5675,4.6555,0.5461,0.2256,0.2283,0.5716,0.7118,4.6554,1.3301,0.6949
4,3,3708,3709,2,2,1,1.0000,3708.528,317.491,859.000,8.8125,14.0000,1.0566,0.6806,4.6557,0.0000,0.7500,0.2500,1.0000,0.0000,5.1544,1.4964,0.7736
4,3,3712,3714,3,2,1,0.6667,3712.923,314.250,925.000,8.6476,17.0000,1.3077,0.2616,5.6542,0.5357,0.3214,0.1429,1.0000,0.0000,4.6564,1.9955,0.8269
4,3,3716,3718,3,2,1,0.6667,3716.765,690.176,534.000,8.4825,16.0000,1.2549,0.7848,5.3222,0.7500,0.1500,0.1000,0.9487,0.0000,4.6572,0.9979,0.8235
5,3,3724,3725,2,3,1,0.8333,3724.617,429.700,488.000,8.9285,14.0000,1.1667,0.7981,4.6585,0.5854,0.2927,0.1220,0.3162,0.0000,4.9911,1.3310,0.6833
3,3,3724,3725,2,1,2,0.7500,3724.333,649.000,396.667,8.6449,15.0000,1.0000,0.7454,4.9913,0.5333,0.2667,0.2000,0.7071,0.0000,5.3238,1.6637,1.0000
3,3,3725,3727,3,1,1,1.0000,3726.024,386.000,300.000,8.0691,15.0000,1.0714,0.0238,4.9915,0.8889,0.0000,0.1111,1.0000,0.0000,4.9917,0.9983,1.0000
26,17,3727,3730,4,5,4,0.3250,3728.372,519.769,982.941,28.7825,31.0000,1.8277,0.4419,10.3165,0.3011,0.2660,0.4329,0.6635,0.5723,5.1582,1.6640,0.7914
7,3,3730,3732,3,2,3,0.3889,3730.776,492.718,474.800,10.6927,15.0000,1.2353,0.4119,4.9924,0.6788,0.0891,0.2320,0.7451,0.6669,4.3269,1.3312,0.4941
4,3,3730,3731,2,2,2,0.5000,3730.472,543.792,656.736,8.8198,14.0000,1.0566,0.8984,4.6596,0.5916,0.1015,0.3069,0.7071,0.7071,4.9923,1.6642,0.7925
7,3,3731,3734,4,2,2,0.4375,3732.779,712.733,288.326,10.8194,16.0000,1.3023,0.4758,5.3257,0.8243,0.0513,0.1244,0.9184,0.3278,4.6598,1.3314,0.6628
12,7,3733,3735,3,3,2,0.6667,3734.458,493.890,1190.594,14.8945,15.0000,1.1613,0.6221,4.9933,0.2221,0.3487,0.4292,0.1469,0.3672,4.6603,1.3316,0.6452
5,3,3733,3735,3,1,2,0.8333,3734.258,650.000,310.403,9.2297,14.0000,1.1290,0.9522,4.6604,0.5854,0.2927,0.1220,0.9487,0.0000,3.9945,0.8322,0.6452
4,3,3735,3737,3,2,1,0.6667,3736.060,1006.540,815.000,8.3225,14.0000,1.1200,0.4639,4.6606,0.7576,0.1294,0.1129,0.8507,0.0000,4.6607,1.9975,0.8000
4,3,3737,3739,3,2,1,0.6667,3738.000,656.220,812.000,8.3232,13.0000,1.0400,1.0239,4.3283,0.5357,0.3214,0.1429,1.0000,0.0000,4.6609,1.8311,0.7800
3,3,3743,3744,2,1,2,0.7500,3743.674,444.000,343.349,8.2675,15.0000,1.0465,0.7280,4.9953,0.5333,0.2667,0.2000,0.7071,0.0000,4.9953,1.3321,1.0000
6,4,3743,3745,3,2,2,0.5000,3744.065,651.117,436.377,10.4687,16.0000,1.2468,0.6376,5.3284,0.7074,0.0897,0.2030,0.9140,0.2540,4.6626,0.6660,0.7273
6,3,3744,3747,4,2,2,0.3750,3745.471,346.857,503.814,9.5176,14.0000,1.2000,0.5264,4.6626,0.7722,0.0368,0.1910,0.9884,0.0000,4.1632,1.6651,0.5714
3,3,3745,3746,2,2,1,0.7500,3745.310,448.333,351.000,8.0759,15.0000,1.0714,0.4549,4.9956,0.5333,0.2667,0.2000,0.7071,0.0000,5.3286,1.9982,1.0000
4,3,3753,3755,3,2,1,0.6667,3754.039,576.490,314.000,8.4967,14.0000,1.0980,0.5113,4.6648,0.7576,0.1294,0.1129,0.8507,0.0000,4.8315,1.9991,0.7843
7,3,3754,3756,3,2,2,0.5833,3755.179,968.423,827.641,9.8239,14.0000,1.2564,0.5832,4.6651,0.5352,0.1763,0.2885,0.8018,0.5745,3.6657,1.3329,0.5128
5,3,3764,3766,3,2,1,0.8333,3765.262,484.631,802.000,9.6928,15.0000,1.1538,0.8256,5.0019,0.5854,0.2927,0.1220,0.9487,0.0000,5.0016,1.6673,0.6615
4,3,3765,3766,2,2,1,1.0000,3765.463,227.556,410.000,9.0031,15.0000,1.1111,0.6418,5.0019,0.0000,0.7500,0.2500,1.0000,0.0000,5.1683,1.3338,0.8148
4,3,3768,3769,2,2,2,0.5000,3768.667,589.593,429.167,9.0051,18.0000,1.3333,0.7989,6.0031,0.5916,0.1015,0.3069,0.5000,0.5000,4.8362,1.0007,0.8333
4,3,3769,3770,2,1,2,1.0000,3769.460,635.000,504.540,8.3385,14.0000,1.1200,0.7094,4.6698,0.0000,0.7500,0.2500,0.0000,0.0000,5.1697,1.6677,0.8200
5,3,3770,3772,3,2,1,0.8333,3770.780,655.627,424.000,8.8015,15.0000,1.2712,0.4331,5.0037,0.5854,0.2927,0.1220,0.9487,0.0000,4.6698,1.3342,0.6949
4,3,3773,3774,2,2,1,1.0000,3773.464,374.500,681.000,9.3419,17.0000,1.2143,0.6823,5.6717,0.0000,0.7500,0.2500,1.0000,0.0000,5.0046,2.0017,0.8036
4,3,3773,3775,3,2,1,0.6667,3774.017,570.793,921.000,9.6759,19.0000,1.3103,0.2076,6.3394,0.5357,0.3214,0.1429,1.0000,0.0000,5.1716,2.3352,0.7931
3,3,3777,3779,3,1,1,1.0000,3778.000,959.000,443.000,8.0931,16.0000,1.1429,0.0000,5.3401,0.8889,0.0000,0.1111,1.0000,0.0000,4.0054,0.8344,1.0000
5,3,3781,3782,2,1,3,0.8333,3781.448,726.000,377.276,8.6594,13.0000,1.1207,0.8517,4.3402,0.5854,0.2927,0.1220,0.3162,0.0000,4.6737,1.6692,0.6724
10,4,3785,3788,4,3,2,0.4167,3786.436,899.675,638.462,12.3568,15.0000,1.2821,0.9268,5.0095,0.6259,0.1957,0.1784,0.8754,0.4206,4.3420,1.3360,0.5812
4,3,3787,3789,3,1,2,0.6667,3788.018,959.000,583.263,9.5197,17.0000,1.1930,0.2637,5.6784,0.5357,0.3214,0.1429,1.0000,0.0000,5.3443,1.8372,0.7895
3,3,3789,3790,2,2,1,0.7500,3789.317,302.317,393.000,7.9076,15.0000,1.0976,0.4484,5.0108,0.5333,0.2667,0.2000,0.7071,0.0000,4.6771,1.5032,1.0000
3,3,3791,3792,2,1,2,0.7500,3791.325,642.000,288.675,7.7161,14.0000,1.0500,0.4596,4.6775,0.5333,0.2667,0.2000,0.7071,0.0000,4.3438,1.5034,1.0000
4,3,3791,3792,2,2,1,1.0000,3791.549,703.549,519.000,8.5201,15.0000,1.1765,0.6378,5.0120,0.0000,0.7500,0.2500,1.0000,0.0000,4.6777,2.1718,0.8039
4,3,3793,3794,2,2,1,1.0000,3793.491,287.473,362.000,9.1899,15.0000,1.0909,0.6947,5.0129,0.0000,0.7500,0.2500,1.0000,0.0000,5.0125,1.0025,0.7818
3,3,3797,3798,2,1,2,0.7500,3797.310,423.000,601.667,8.1062,15.0000,1.0714,0.4549,5.0142,0.5333,0.2667,0.2000,0.7071,0.0000,5.0142,1.0029,1.0000
3,3,3799,3800,2,1,2,0.7500,3799.683,559.000,253.317,7.9149,15.0000,1.0976,0.4484,5.0156,0.5333,0.2667,0.2000,0.7071,0.0000,4.6813,1.6719,1.0000
4,3,3800,3801,2,3,1,0.6667,3800.245,574.679,345.000,8.8612,16.0000,1.2075,0.4038,5.3500,0.7500,0.1500,0.1000,0.3162,0.0000,5.1830,1.5047,0.8113
5,3,3806,3807,2,2,2,0.6250,3806.783,418.367,951.667,8.9783,14.0000,1.1667,0.5408,4.6845,0.3432,0.2505,0.4063,0.5155,0.8569,4.8513,2.0076,0.6667
4,4,3806,3807,2,2,1,1.0000,3806.526,686.509,908.000,9.5358,15.0000,1.0526,0.6951,5.0191,0.0000,0.7500,0.2500,1.0000,0.0000,5.1862,1.6730,1.0000
4,3,3809,3810,2,1,2,1.0000,3809.538,517.000,556.481,8.7022,14.0000,1.0769,0.6665,4.6860,0.0000,0.7500,0.2500,0.0000,0.0000,4.8531,1.3388,0.7885
3,3,3811,3813,3,1,1,1.0000,3812.000,701.000,371.000,7.5384,13.0000,1.0000,1.0000,4.3528,0.8889,0.0000,0.1111,1.0000,0.0000,4.6871,1.1718,1.0000
3,3,3812,3813,2,2,1,0.7500,3812.667,478.333,405.000,8.1190,14.0000,1.0000,0.7454,4.6877,0.5333,0.2667,0.2000,0.7071,0.0000,5.0225,1.8417,1.0000
4,3,3819,3820,2,1,2,1.0000,3819.569,654.000,196.529,8.5458,15.0000,1.1765,0.6829,5.0273,0.0000,0.7500,0.2500,0.0000,0.0000,5.1945,1.5080,0.8235
3,3,3819,3820,2,1,2,0.7500,3819.682,780.000,274.705,8.5136,17.0000,1.1591,0.4342,5.6976,0.5333,0.2667,0.2000,0.7071,0.0000,5.0266,1.3406,1.0000
4,3,3826,3827,2,2,1,1.0000,3826.481,365.442,535.000,8.7236,15.0000,1.1538,0.6821,5.0334,0.0000,0.7500,0.2500,1.0000,0.0000,4.8645,1.1743,0.8077
6,3,3828,3830,3,2,2,0.5000,3828.787,504.347,525.120,10.2781,16.0000,1.2800,0.4244,5.3711,0.5230,0.1584,0.3185,0.9225,0.0898,4.6989,1.6779,0.5867
5,3,3829,3831,3,2,2,0.4167,3829.940,559.642,779.164,10.0607,17.0000,1.2687,0.3985,5.7081,0.5461,0.2256,0.2283,0.8117,0.4177,4.7007,1.0072,0.6716
3,3,3833,3834,2,2,1,0.7500,3833.659,199.705,519.000,8.5373,16.0000,1.0909,0.4511,5.3775,0.5333,0.2667,0.2000,0.7071,0.0000,5.3763,1.1762,1.0000
5,3,3833,3835,3,2,2,0.4167,3834.169,818.431,848.815,9.7704,15.0000,1.1538,0.6219,5.0415,0.7729,0.0435,0.1836,0.8328,0.5477,4.8722,1.6805,0.6308
5,3,3835,3837,3,1,2,0.8333,3835.823,404.000,385.565,9.3237,14.0000,1.1290,0.9977,4.7079,0.5854,0.2927,0.1220,0.9487,0.0000,5.0440,1.3448,0.6613
4,3,3847,3849,3,2,1,0.6667,3847.981,693.491,497.000,8.9501,14.0000,1.0566,0.4909,4.7284,0.7576,0.1294,0.1129,0.8507,0.0000,4.8963,2.0250,0.7736
3,3,3848,3849,2,1,2,0.7500,3848.689,723.000,466.289,8.7775,18.0000,1.2000,0.4246,6.0821,0.5333,0.2667,0.2000,0.7071,0.0000,5.0663,1.3508,1.0000
4,3,3851,3852,2,2,1,1.0000,3851.463,822.481,532.000,9.1337,15.0000,1.1111,0.6680,5.0732,0.0000,0.7500,0.2500,1.0000,0.0000,5.2433,1.5218,0.7778
5,3,3853,3855,3,2,2,0.4167,3853.984,901.387,405.597,9.3917,13.0000,1.0484,0.7115,4.4034,0.7383,0.0485,0.2132,0.7071,0.0000,5.0803,1.5240,0.6290
4,3,3856,3857,2,1,3,0.6667,3856.607,946.000,480.839,9.4976,18.0000,1.2857,0.9267,6.1069,0.7576,0.1294,0.1129,0.5257,0.0000,5.2572,2.0338,0.8393
4,3,3868,3869,2,1,2,1.0000,3868.407,657.000,426.576,10.0799,20.0000,1.3559,0.5874,6.8319,0.0000,0.7500,0.2500,0.0000,0.0000,5.2971,1.0248,0.8305
5,3,3876,3878,3,2,1,0.8333,3876.708,566.369,560.000,9.9898,19.0000,1.4615,0.4709,6.5309,0.5854,0.2927,0.1220,0.9487,0.0000,4.8086,1.0312,0.7077
5,3,3877,3878,2,2,2,0.6250,3877.556,495.841,637.587,9.6882,14.0000,1.1111,0.8239,4.8122,0.3432,0.2505,0.4063,0.6059,0.3645,4.8155,1.5474,0.6508
4,3,3880,3881,2,2,1,1.0000,3880.442,504.462,793.000,8.9587,15.0000,1.1538,0.6393,5.1669,0.0000,0.7500,0.2500,1.0000,0.0000,4.9962,1.2064,0.8077
6,3,3884,3885,2,1,3,1.0000,3884.541,542.000,251.068,10.4391,15.0000,1.2162,0.4644,5.1849,0.5556,0.3333,0.1111,0.0000,0.0000,4.6646,1.3824,0.5541
4,3,3895,3896,2,1,2,1.0000,3895.569,778.000,156.448,10.0934,18.0000,1.2414,0.6219,6.2665,0.0000,0.7500,0.2500,0.0000,0.0000,5.7415,1.3928,0.8103
3,3,3895,3896,2,2,1,0.7500,3895.333,898.333,395.000,8.4385,14.0000,1.0000,0.4714,4.8740,0.5333,0.2667,0.2000,0.7071,0.0000,5.5668,2.2629,1.0000
4,3,3898,3899,2,1,2,1.0000,3898.472,945.000,413.491,9.2392,14.0000,1.0566,0.6806,4.8798,0.0000,0.7500,0.2500,0.0000,0.0000,5.4039,1.9173,0.7736
4,3,3898,3899,2,1,2,1.0000,3898.549,986.000,646.451,8.8910,14.0000,1.0980,0.7105,4.8826,0.0000,0.7500,0.2500,0.0000,0.0000,5.5783,1.7433,0.8235
10,3,3899,3901,3,3,3,0.3704,3899.806,557.408,228.874,11.3648,15.0000,1.4563,1.5061,5.2314,0.5976,0.1640,0.2384,0.3804,0.8926,3.6646,1.0465,0.3981
7,3,3899,3901,3,3,2,0.3889,3900.308,1102.974,847.564,10.2894,13.0000,1.1667,0.6431,4.5390,0.3231,0.4135,0.2634,0.8452,0.2797,4.1898,1.0467,0.5000
5,3,3901,3903,3,2,1,0.8333,3902.270,512.365,500.000,9.8440,16.0000,1.2698,0.4540,5.5895,0.5854,0.2927,0.1220,0.9487,0.0000,5.2424,1.7473,0.6825
9,3,3904,3906,3,4,2,0.3750,3904.434,556.425,534.170,12.3595,18.0000,1.5283,0.7276,6.2982,0.3200,0.4003,0.2796,0.3480,0.2955,3.8469,1.5738,0.4717
3,3,3904,3906,3,1,1,1.0000,3904.976,864.000,375.000,8.2825,16.0000,1.1707,0.0244,5.5984,0.8889,0.0000,0.1111,1.0000,0.0000,4.8957,0.8747,1.0000
6,3,3906,3908,3,1,3,0.6667,3906.855,1047.000,504.812,9.8656,15.0000,1.3043,0.8756,5.2538,0.6944,0.2222,0.0833,0.8000,0.0000,4.2022,1.0514,0.6087
3,3,3908,3909,2,1,2,0.7500,3908.351,379.000,514.676,7.4871,13.0000,1.0541,0.7252,4.5577,0.5333,0.2667,0.2000,0.7071,0.0000,4.5555,1.0515,1.0000
5,3,3908,3910,3,3,1,0.5556,3909.321,491.036,393.000,8.7816,14.0000,1.2500,0.6795,4.9106,0.5532,0.3398,0.1070,0.8281,0.0000,3.8563,1.0513,0.6786
4,3,3910,3911,2,2,2,0.5000,3910.700,312.200,380.760,8.7718,15.0000,1.2000,0.7666,5.2614,0.0000,0.5625,0.4375,0.4459,0.5774,5.0884,1.9291,0.8000
5,3,3910,3911,2,2,2,0.6250,3910.589,477.143,637.589,8.7868,13.0000,1.1607,0.5981,4.5620,0.3432,0.2505,0.4063,0.6059,0.3645,4.5596,1.0525,0.6607
5,3,3912,3913,2,2,2,0.6250,3912.621,722.672,404.776,9.1090,13.0000,1.1207,0.7368,4.5661,0.3432,0.2505,0.4063,0.6059,0.3645,4.9153,1.4046,0.6724
5,3,3912,3913,2,2,2,0.6250,3912.404,827.140,525.421,8.9511,13.0000,1.1404,0.5998,4.5641,0.3432,0.2505,0.4063,0.6059,0.3645,4.5658,1.7548,0.6667
7,3,3913,3916,4,2,2,0.4375,3914.562,389.425,316.877,9.6977,13.0000,1.2466,0.7148,4.5681,0.7406,0.0824,0.1770,0.9316,0.0988,4.2171,1.4059,0.5068
7,3,3913,3915,3,2,3,0.3889,3913.988,825.225,402.575,10.6250,18.0000,1.5750,0.4810,6.3250,0.7845,0.0411,0.1744,0.6968,0.5293,4.2180,2.1077,0.5500
3,3,3913,3915,3,1,1,1.0000,3913.911,907.000,592.000,9.1290,17.0000,1.1333,0.0889,5.9736,0.8889,0.0000,0.1111,1.0000,0.0000,6.3220,1.4057,1.0000
4,3,3914,3915,2,2,2,0.5000,3914.267,395.533,418.800,7.9072,12.0000,1.0667,0.6289,4.2185,0.5916,0.1015,0.3069,0.5000,0.5000,4.5682,1.7559,0.8000
3,3,3916,3917,2,1,2,0.7500,3916.293,500.000,179.634,8.3260,15.0000,1.0976,0.6984,5.2753,0.5333,0.2667,0.2000,0.7071,0.0000,5.2753,1.2309,1.0000
4,3,3917,3918,2,2,1,1.0000,3917.510,422.529,593.000,8.9736,14.0000,1.0980,0.6938,4.9257,0.0000,0.7500,0.2500,1.0000,0.0000,5.2795,1.7590,0.7843
6,3,3919,3920,2,2,3,0.5000,3919.672,706.297,962.203,9.2025,13.0000,1.2187,0.7621,4.5775,0.6381,0.1455,0.2164,0.4962,0.8522,4.2272,1.0566,0.5781
7,3,3921,3923,3,2,2,0.5833,3921.947,860.224,361.316,10.1262,13.0000,1.1974,0.3905,4.5828,0.6517,0.0773,0.2710,0.8881,0.0000,4.2320,1.2341,0.4868
4,3,3922,3923,2,1,3,0.6667,3922.457,466.000,365.065,8.1095,13.0000,1.1304,0.4612,4.5828,0.7576,0.1294,0.1129,0.5257,0.0000,4.5837,1.2337,0.8043
3,3,3922,3924,3,1,1,1.0000,3922.973,972.000,451.000,7.5334,13.0000,1.0541,0.9730,4.5828,0.8889,0.0000,0.1111,1.0000,0.0000,4.5860,1.2343,1.0000
6,3,3923,3925,3,2,2,0.5000,3924.366,595.535,492.845,10.2272,17.0000,1.4366,0.6117,5.9974,0.6373,0.1269,0.2358,0.8795,0.0724,4.4105,1.4108,0.5915
4,3,3923,3924,2,2,1,1.0000,3923.489,711.511,871.000,8.2890,12.0000,1.0213,0.7073,4.2335,0.0000,0.7500,0.2500,1.0000,0.0000,4.5846,1.0581,0.7660
4,3,3924,3926,3,2,1,0.6667,3925.021,621.167,357.000,8.4702,15.0000,1.2500,0.1680,5.2938,0.5357,0.3214,0.1429,1.0000,0.0000,4.7647,1.4116,0.8333
4,3,3924,3925,2,2,2,0.5000,3924.543,877.804,714.283,8.1158,13.0000,1.1304,0.8725,4.5880,0.5916,0.1015,0.3069,0.7071,0.7071,4.9393,1.0590,0.8043
4,3,3926,3927,2,1,2,1.0000,3926.481,508.000,406.481,9.1809,15.0000,1.1538,0.7076,5.2977,0.0000,0.7500,0.2500,0.0000,0.0000,5.1193,1.4126,0.8077
6,3,3927,3929,3,2,2,0.5000,3928.015,695.706,418.118,9.8081,14.0000,1.2353,1.0630,4.9462,0.7074,0.0897,0.2030,0.9140,0.2540,4.7710,1.7665,0.5882
4,3,3927,3928,2,2,2,0.5000,3927.457,914.283,500.196,8.1244,13.0000,1.1304,0.8725,4.5913,0.5916,0.1015,0.3069,0.7071,0.7071,4.5922,1.7658,0.8043
5,3,3928,3929,2,2,2,0.6250,3928.621,455.638,805.138,9.1661,16.0000,1.3793,0.5422,5.6549,0.3432,0.2505,0.4063,0.6059,0.3645,4.9474,2.1201,0.7069
4,3,3928,3931,4,1,1,1.0000,3929.510,850.000,297.000,9.0141,15.0000,1.1765,0.5098,5.3014,0.9375,0.0000,0.0625,1.0000,0.0000,4.7740,1.7680,0.7843
4,3,3933,3935,3,1,2,0.6667,3934.200,910.000,395.800,7.9667,12.0000,1.0667,1.2166,4.2501,0.7500,0.1500,0.1000,0.9487,0.0000,4.6019,1.5932,0.8000
4,3,3933,3934,2,1,2,1.0000,3933.489,1045.000,419.511,8.3187,12.0000,1.0213,0.7073,4.2486,0.0000,0.7500,0.2500,0.0000,0.0000,4.6012,1.2392,0.7660
6,4,3934,3936,3,2,2,0.5000,3935.191,690.353,337.691,9.8329,13.0000,1.1471,0.5064,4.6043,0.6381,0.1455,0.2164,0.8019,0.3768,4.6039,1.5936,0.7206
5,3,3935,3936,2,2,3,0.4167,3935.393,494.161,317.946,8.8712,13.0000,1.1607,1.0373,4.6043,0.5461,0.2256,0.2283,0.5716,0.7118,4.9584,1.7711,0.6607
5,3,3936,3937,2,3,2,0.4167,3936.370,851.037,458.778,8.5573,12.0000,1.1111,0.8623,4.2531,0.5461,0.2256,0.2283,0.5716,0.7118,4.9599,1.7716,0.6667
11,6,3936,3938,3,3,2,0.6111,3937.119,1251.960,714.635,13.4653,14.0000,1.2222,0.6472,4.9619,0.4655,0.1568,0.3777,0.6126,0.3724,4.6076,1.9491,0.6190
5,4,3937,3938,2,2,2,0.6250,3937.438,473.125,546.547,10.1457,15.0000,1.1719,0.7944,5.3182,0.3432,0.2505,0.4063,0.6059,0.3645,5.3163,1.5947,0.8750
4,3,3937,3938,2,2,1,1.0000,3937.580,800.400,449.000,8.8624,17.0000,1.3600,0.5800,6.0273,0.0000,0.7500,0.2500,1.0000,0.0000,4.7856,0.8863,0.8400
4,3,3938,3940,3,1,2,0.6667,3939.093,1047.000,447.537,9.5765,15.0000,1.1111,0.5450,5.3220,0.7576,0.1294,0.1129,0.8507,0.0000,5.8519,2.1278,0.8148
6,3,3939,3940,2,3,2,0.5000,3939.391,489.420,341.319,9.9922,14.0000,1.2174,0.8055,4.9672,0.6854,0.0214,0.2932,0.3377,0.6213,4.6109,1.0643,0.5797
5,3,3940,3941,2,2,2,0.6250,3940.407,662.685,401.630,8.5695,13.0000,1.2037,0.7665,4.6140,0.2938,0.4054,0.3007,0.7071,0.6739,4.6128,1.7739,0.6852
5,4,3940,3942,3,1,2,0.8333,3941.279,992.000,725.574,9.6833,13.0000,1.0656,0.6379,4.6157,0.5854,0.2927,0.1220,0.9487,0.0000,4.9690,1.4196,0.8525
4,3,3940,3941,2,2,1,1.0000,3940.460,1074.500,564.000,8.8714,14.0000,1.1200,0.6794,4.9672,0.0000,0.7500,0.2500,1.0000,0.0000,4.7907,1.0645,0.7800
4,3,3941,3942,2,1,2,1.0000,3941.569,469.000,473.588,9.0524,16.0000,1.2549,0.5963,5.6808,0.0000,0.7500,0.2500,0.0000,0.0000,5.1474,1.7751,0.8431
5,3,3941,3943,3,2,2,0.4167,3942.107,526.464,310.821,8.8923,14.0000,1.2500,1.0564,4.9725,0.5461,0.2256,0.2283,0.8117,0.4177,4.6159,1.4208,0.6786
7,3,3942,3944,3,3,3,0.2593,3942.822,559.000,477.068,9.7993,16.0000,1.5342,0.1908,5.6829,0.6875,0.1070,0.2056,0.7898,0.4419,3.9056,1.7754,0.5479
7,3,3942,3944,3,2,2,0.5833,3942.833,618.764,375.292,9.6651,13.0000,1.2639,0.7650,4.6190,0.3772,0.3083,0.3146,0.9758,0.2185,3.5521,1.4210,0.5278
9,3,3942,3945,4,2,4,0.2812,3943.713,708.915,116.819,11.1319,16.0000,1.5319,0.3499,5.6850,0.7429,0.1627,0.0944,0.6398,0.2051,3.9058,1.2436,0.4255
3,3,3943,3944,2,1,2,0.7500,3943.316,830.000,402.316,7.7933,14.0000,1.1053,0.4466,4.9725,0.5333,0.2667,0.2000,0.7071,0.0000,4.9741,2.1309,1.0000
3,3,3944,3946,3,1,1,1.0000,3945.026,555.000,434.000,8.0034,14.0000,1.0769,0.0256,4.9762,0.8889,0.0000,0.1111,1.0000,0.0000,4.9776,1.4219,1.0000
7,3,3944,3945,2,2,3,0.5833,3944.776,964.724,485.355,10.2093,16.0000,1.4737,0.7363,5.6870,0.3772,0.3083,0.3146,0.1545,0.6900,3.9098,1.4218,0.5263
7,3,3944,3946,3,2,2,0.5833,3944.853,966.493,520.560,10.0752,13.0000,1.2133,0.7693,4.6207,0.5352,0.1763,0.2885,0.8018,0.5745,4.2640,1.0668,0.5067
8,3,3946,3949,4,2,2,0.5000,3947.221,650.116,851.674,10.8163,17.0000,1.5814,0.4103,6.0470,0.6860,0.1469,0.1671,0.9914,0.0730,3.9124,1.2450,0.4884
3,3,3949,3950,2,1,2,0.7500,3949.351,1146.000,296.676,7.6053,13.0000,1.0541,0.7252,4.6294,0.5333,0.2667,0.2000,0.7071,0.0000,4.6278,2.1350,1.0000
5,3,3950,3951,2,2,2,0.6250,3950.561,560.386,276.175,9.0796,13.0000,1.1404,0.7035,4.6294,0.3432,0.2505,0.4063,0.6059,0.3645,4.6300,1.4256,0.6491
4,3,3950,3951,2,3,1,0.6667,3950.468,639.894,395.000,8.3701,14.0000,1.1915,0.5424,4.9874,0.7576,0.1294,0.1129,0.5257,0.0000,4.8076,1.0690,0.8298
4,3,3951,3952,2,2,2,0.5000,3951.245,535.265,618.837,8.7289,16.0000,1.3061,0.3963,5.6999,0.0000,0.5625,0.4375,0.4459,0.5774,4.8100,1.2468,0.8367
4,3,3952,3954,3,1,2,0.6667,3952.957,733.000,533.478,8.2000,12.0000,1.0435,1.0694,4.2783,0.7576,0.1294,0.1129,0.8507,0.0000,4.6339,1.4260,0.7826
6,3,3952,3954,3,2,2,0.5000,3953.408,735.423,309.873,10.3358,16.0000,1.3521,0.8363,5.7067,0.5034,0.2551,0.2415,0.9677,0.2521,4.8143,1.9615,0.6056
9,3,3952,3954,3,3,2,0.5000,3953.011,977.125,567.432,10.4582,14.0000,1.4318,0.4497,4.9914,0.5983,0.1059,0.2959,0.5822,0.0979,3.2099,1.0697,0.4432
4,4,3953,3954,2,1,2,1.0000,3953.482,647.000,531.464,9.9847,15.0000,1.0714,0.6693,5.3500,0.0000,0.7500,0.2500,0.0000,0.0000,5.5261,1.0696,1.0000
4,3,3953,3954,2,2,1,1.0000,3953.467,794.533,245.000,8.0233,12.0000,1.0667,0.7087,4.2800,0.0000,0.7500,0.2500,1.0000,0.0000,4.6348,1.0699,0.8000
3,3,3954,3956,3,1,1,1.0000,3954.952,533.000,128.000,8.6521,15.0000,1.0714,0.9524,5.3500,0.8889,0.0000,0.1111,1.0000,0.0000,5.3520,0.8916,1.0000
5,3,3954,3955,2,2,3,0.4167,3954.571,719.179,464.107,8.9345,14.0000,1.2500,0.4765,4.9954,0.7729,0.0435,0.1836,0.4781,0.7852,4.6368,1.4265,0.6786
5,3,3954,3955,2,2,2,0.6250,3954.475,916.131,216.574,9.7318,15.0000,1.2295,0.7884,5.3522,0.3432,0.2505,0.4063,0.6059,0.3645,4.9931,0.7134,0.6885
5,3,3955,3956,2,2,2,0.6250,3955.630,864.444,382.833,8.6191,13.0000,1.2037,0.6021,4.6405,0.3432,0.2505,0.4063,0.6059,0.3645,4.9951,1.7840,0.6852
3,3,3962,3963,2,2,1,0.7500,3962.667,511.333,141.000,7.4403,12.0000,1.0000,0.7454,4.2963,0.5333,0.2667,0.2000,0.7071,0.0000,3.9384,1.0737,1.0000
12,3,3962,3965,4,4,3,0.2500,3963.262,650.254,1094.079,13.0240,16.0000,1.5238,0.3734,5.7309,0.1982,0.4731,0.3287,0.7295,0.2439,3.5799,1.4316,0.3571
3,3,3962,3963,2,2,1,0.7500,3962.649,999.676,834.000,7.6469,13.0000,1.0541,0.7252,4.6523,0.5333,0.2667,0.2000,0.7071,0.0000,4.6542,2.1488,1.0000
4,3,3963,3965,3,2,1,0.6667,3964.000,1001.804,594.000,8.2382,13.0000,1.1304,0.1957,4.6564,0.5357,0.3214,0.1429,1.0000,0.0000,4.6566,0.7165,0.8043
6,3,3964,3965,2,2,2,0.7500,3964.653,982.472,856.250,10.5315,15.0000,1.2500,0.6372,5.3752,0.2000,0.3333,0.4667,0.7071,0.7071,4.8357,1.4326,0.5972
4,3,3966,3967,2,2,2,0.5000,3966.327,508.404,234.827,9.3226,17.0000,1.3077,0.8038,6.0974,0.5916,0.1015,0.3069,0.5000,0.5000,5.0194,2.3300,0.8269
6,3,3966,3968,3,3,1,0.6667,3967.387,1077.952,590.000,9.0802,13.0000,1.2581,1.2144,4.6649,0.2083,0.6667,0.1250,0.8944,0.0000,4.4825,1.9726,0.5968
6,3,3968,3970,3,2,3,0.3333,3969.364,526.303,403.576,9.6750,14.0000,1.2727,0.6356,5.0285,0.6803,0.1871,0.1326,0.6721,0.5226,4.3091,1.6149,0.6061
6,4,3970,3971,2,2,2,0.7500,3970.545,933.740,810.675,11.2938,18.0000,1.4026,0.6160,6.4683,0.2000,0.3333,0.4667,0.0000,0.0000,4.8504,1.6173,0.7403
3,3,3971,3973,3,1,1,1.0000,3971.975,521.000,372.000,8.3028,15.0000,1.1250,0.0250,5.3929,0.8889,0.0000,0.1111,1.0000,0.0000,5.0310,0.7191,1.0000
5,3,3972,3974,3,1,2,0.8333,3973.206,702.000,214.540,10.1355,15.0000,1.1905,0.5778,5.3956,0.5854,0.2927,0.1220,0.9487,0.0000,5.7574,1.4388,0.6984
8,3,3973,3975,3,2,3,0.4444,3974.287,931.195,250.276,11.0713,16.0000,1.4713,0.4437,5.7581,0.5686,0.1035,0.3278,0.7327,0.1369,3.9607,1.4395,0.4828
3,3,3975,3976,2,1,2,0.7500,3975.702,944.000,910.702,9.7740,19.0000,1.2128,0.4213,6.8447,0.5333,0.2667,0.2000,0.7071,0.0000,5.4035,1.6206,1.0000
5,3,3977,3979,3,2,2,0.4167,3977.983,958.517,604.133,9.6764,18.0000,1.5000,1.1038,6.4878,0.7729,0.0435,0.1836,0.8328,0.5477,4.6881,1.4421,0.7167
4,3,3980,3981,2,2,2,0.5000,3980.277,657.170,197.574,8.4848,14.0000,1.1915,0.5353,5.0540,0.5916,0.1015,0.3069,0.5000,0.5000,4.8748,1.0828,0.8298
10,3,3980,3983,4,2,4,0.3125,3981.392,945.433,470.701,11.0817,13.0000,1.3402,1.4879,4.6956,0.5413,0.3042,0.1545,0.5720,0.3255,3.7943,1.4444,0.3918
4,3,3981,3981,1,2,3,0.6667,3981.000,512.562,299.104,8.6687,14.0000,1.1667,0.9970,5.0567,0.7576,0.1294,0.1129,0.0000,1.0000,4.8761,1.4453,0.8125
4,3,3981,3981,1,2,2,1.0000,3981.000,778.533,970.533,8.1269,12.0000,1.0667,0.7087,4.3344,0.0000,0.7500,0.2500,0.0000,1.0000,4.6952,0.7223,0.8000
4,3,3982,3984,3,1,2,0.6667,3983.062,701.000,282.750,8.6785,13.0000,1.0833,0.2577,4.7033,0.5357,0.3214,0.1429,1.0000,0.0000,5.0623,0.3618,0.7917
4,3,3984,3985,2,2,1,1.0000,3984.533,589.467,480.000,8.1428,12.0000,1.0667,0.7087,4.3440,0.0000,0.7500,0.2500,1.0000,0.0000,4.7046,0.7238,0.8000
4,3,3984,3986,3,2,1,0.6667,3984.963,737.537,357.000,9.7738,17.0000,1.2593,0.4644,6.1540,0.7576,0.1294,0.1129,0.8507,0.0000,5.2482,1.2666,0.8148
8,3,3984,3987,4,2,2,0.5000,3985.543,1185.753,655.667,10.3701,14.0000,1.3827,0.6170,5.0709,0.6066,0.1994,0.1941,0.9479,0.2003,3.8045,1.4484,0.4691
5,3,3985,3986,2,1,3,0.8333,3985.375,361.000,540.812,10.3632,18.0000,1.4062,0.4193,6.5160,0.5854,0.2927,0.1220,0.3162,0.0000,5.0674,2.1712,0.6875
7,3,3987,3988,2,2,3,0.5833,3987.608,1036.257,354.135,10.1401,14.0000,1.3243,0.9836,5.0768,0.4296,0.3471,0.2233,0.1123,0.5690,4.3511,2.1758,0.5270
4,3,3989,3990,2,2,1,1.0000,3989.542,791.521,439.000,8.7110,13.0000,1.0833,0.6938,4.7197,0.0000,0.7500,0.2500,1.0000,0.0000,4.9002,2.1766,0.7917
4,3,3991,3993,3,2,1,0.6667,3991.909,873.455,344.000,7.9966,12.0000,1.0909,1.0164,4.3620,0.7576,0.1294,0.1129,0.8507,0.0000,4.7245,1.8177,0.8182
4,3,3994,3997,4,1,1,1.0000,3995.714,1002.000,423.000,8.9267,15.0000,1.2245,0.2857,5.4663,0.9375,0.0000,0.0625,1.0000,0.0000,5.4652,2.0011,0.8367
5,4,3995,3996,2,2,2,0.6250,3995.350,719.800,887.400,9.7743,15.0000,1.2500,0.5679,5.4628,0.3432,0.2505,0.4063,0.6059,0.3645,5.0986,1.4565,0.8500
6,3,3996,3997,2,2,2,0.7500,3996.492,863.708,517.631,9.6734,12.0000,1.1077,0.8519,4.3759,0.2000,0.3333,0.4667,0.0000,0.0000,4.9187,0.7280,0.5538
4,3,3998,4000,3,2,1,0.6667,3999.041,860.490,327.000,8.9462,14.0000,1.1429,0.5118,5.1120,0.7576,0.1294,0.1129,0.8507,0.0000,4.9309,0.7303,0.7959
7,3,4000,4002,3,2,2,0.5833,4000.976,528.506,355.294,11.7466,18.0000,1.4824,0.5856,6.5814,0.5352,0.1763,0.2885,0.8018,0.5745,4.0215,1.0964,0.6000
5,3,4000,4001,2,2,2,0.6250,4000.375,1076.464,759.143,9.1530,14.0000,1.2500,0.6693,5.1154,0.3432,0.2505,0.4063,0.6059,0.3645,4.7532,1.4622,0.6964
5,3,4002,4004,3,1,3,0.5556,4002.810,817.000,539.931,9.4959,16.0000,1.3793,0.8133,5.8542,0.7911,0.1351,0.0737,0.8507,0.0000,4.7565,1.2809,0.7069
4,3,4003,4004,2,3,1,0.6667,4003.191,664.191,297.000,8.6055,13.0000,1.1064,1.2068,4.7598,0.7500,0.1500,0.1000,0.3162,0.0000,4.9434,1.8297,0.8085
4,3,4004,4006,3,1,2,0.6667,4005.149,770.000,417.170,8.6174,14.0000,1.1915,0.2262,5.1332,0.7500,0.1500,0.1000,0.9487,0.0000,4.9500,1.4672,0.8298
8,5,4005,4007,3,2,3,0.4444,4005.632,840.092,667.839,11.2832,13.0000,1.1954,1.0546,4.7700,0.4400,0.3446,0.2154,0.5824,0.2130,4.7687,1.6508,0.7126
6,4,4005,4006,2,2,3,0.5000,4005.355,925.145,408.934,11.3791,16.0000,1.2632,0.3892,5.8665,0.7074,0.0897,0.2030,0.3047,0.0847,4.9520,1.8330,0.7368
3,3,4012,4013,2,2,1,0.7500,4012.324,890.351,701.000,7.8750,13.0000,1.0541,0.7252,4.7912,0.5333,0.2667,0.2000,0.7071,0.0000,4.7951,1.1066,1.0000
5,3,4021,4023,3,2,1,0.8333,4021.737,753.386,697.000,9.4666,13.0000,1.1404,0.8318,4.8249,0.5854,0.2927,0.1220,0.9487,0.0000,4.8254,1.3001,0.6491
4,3,4024,4025,2,1,3,0.6667,4024.255,492.000,123.319,8.7447,14.0000,1.1915,0.4087,5.2086,0.7500,0.1500,0.1000,0.3162,0.0000,4.8389,1.4894,0.8085
5,3,4028,4030,3,2,2,0.4167,4029.071,807.393,302.821,9.3553,14.0000,1.2500,0.4374,5.2295,0.1521,0.5234,0.3245,1.0000,0.0000,5.2295,1.8663,0.6786
4,3,4030,4032,3,1,2,0.6667,4031.083,995.000,468.729,8.9797,13.0000,1.0833,0.7339,4.8676,0.5357,0.3214,0.1429,1.0000,0.0000,5.2381,0.7490,0.8125
5,3,4033,4034,2,2,2,0.6250,4033.661,873.797,457.610,9.8925,14.0000,1.1864,0.5552,5.2503,0.3432,0.2505,0.4063,0.6059,0.3645,4.8755,1.8736,0.6610
6,3,4036,4038,3,2,2,0.5000,4036.619,710.873,466.349,9.6650,13.0000,1.2381,0.5322,4.8866,0.5034,0.2551,0.2415,0.9677,0.2521,4.5087,1.1272,0.5873
4,3,4036,4037,2,1,2,1.0000,4036.444,891.000,538.533,8.4540,13.0000,1.1556,0.6942,4.8828,0.0000,0.7500,0.2500,0.0000,0.0000,4.8849,1.1278,0.8222
3,3,4039,4040,2,2,1,0.7500,4039.658,1080.342,623.000,8.2634,13.0000,1.0263,0.7415,4.8977,0.5333,0.2667,0.2000,0.7071,0.0000,5.6469,2.2588,1.0000
5,4,4041,4043,3,2,1,0.8333,4042.305,912.576,1157.000,9.9574,13.0000,1.1017,0.5221,4.9084,0.5854,0.2927,0.1220,0.9487,0.0000,5.2824,1.1323,0.8644
6,3,4053,4055,3,1,3,0.6667,4054.041,947.000,543.178,11.3326,17.0000,1.3973,0.1828,6.4643,0.6944,0.2222,0.0833,0.8000,0.0000,4.7537,1.5208,0.5753
