n_voxels,n_seed,z_min,z_max,z_extent,y_extent,x_extent,fill,centroid_z,centroid_y,centroid_x,snr_cluster,r_peak,r_peak_ratio,peak_offset,snr_peak,linearity,planarity,sphericity,axis_z,normal_z,edge_contrast,decay_drop,seed_grown_ratio
45,11,200,204,5,14,4,0.1607,200.813,757.507,783.381,25.9858,19.0000,1.8833,1.1345,7.3015,0.8769,0.0804,0.0427,0.0372,0.4448,2.6784,0.3859,0.4515
11,3,200,202,3,4,2,0.4583,200.760,785.190,790.840,11.5776,12.0000,1.3200,0.3454,4.6067,0.4726,0.3968,0.1306,0.5056,0.1554,4.2256,1.9178,0.3400
40,4,200,204,5,5,9,0.1778,200.974,799.822,649.096,25.9186,24.0000,2.2482,1.4772,9.2229,0.8273,0.1029,0.0698,0.1031,0.1137,2.6944,0.7674,0.4614
6,3,200,201,2,2,3,0.5000,200.316,803.645,655.039,11.9194,23.0000,1.8158,0.4770,8.8386,0.4412,0.1872,0.3716,0.0000,0.0000,2.6880,-0.1901,0.6447
6,3,200,201,2,2,3,0.5000,200.266,810.594,667.703,10.0379,17.0000,1.5937,0.8544,6.5329,0.5795,0.2234,0.1971,0.2134,0.3849,2.3072,-0.1930,0.6250
24,4,200,205,6,4,5,0.2000,201.431,812.792,670.680,21.0690,21.0000,1.8736,2.2912,8.0701,0.3169,0.6089,0.0742,0.6788,0.0942,2.4967,0.3880,0.6059
33,10,200,204,5,3,7,0.3143,201.320,813.812,632.618,20.6421,14.0000,1.4951,1.3873,5.3800,0.4474,0.4627,0.0899,0.0027,0.0739,3.8352,1.1513,0.3819
15,5,200,204,5,3,4,0.2500,200.924,815.527,675.603,18.2393,22.0000,1.7935,1.1111,8.4544,0.3315,0.5220,0.1466,0.8696,0.2099,3.0666,0.3926,0.6793
14,4,200,203,4,2,3,0.5833,200.915,820.762,688.762,13.3390,15.0000,1.6154,1.2144,5.7643,0.3665,0.3934,0.2401,0.9410,0.1735,2.1106,-0.0025,0.4000
3,3,200,202,3,1,1,1.0000,201.000,826.000,740.000,7.7573,13.0000,1.1143,0.0000,4.9906,0.8889,0.0000,0.1111,1.0000,0.0000,3.0767,0.5770,1.0000
44,7,200,205,6,5,8,0.1833,201.978,831.330,759.511,23.6448,16.0000,1.7213,2.1063,6.1219,0.4385,0.5030,0.0585,0.0369,0.0906,3.4556,1.5282,0.3961
21,3,200,204,5,4,4,0.2625,201.399,840.813,770.881,16.1608,16.0000,1.7409,0.9848,6.1423,0.3598,0.4718,0.1684,0.9340,0.3262,2.6913,0.7698,0.2798
51,8,200,204,5,6,10,0.1700,201.258,843.947,737.098,24.5592,15.0000,1.6740,2.6635,5.7643,0.8553,0.0828,0.0620,0.1906,0.1290,2.3082,0.7626,0.2801
12,3,200,202,3,1,5,0.8000,200.595,848.000,672.160,14.5235,16.0000,1.4656,1.3042,6.1486,0.6756,0.2790,0.0454,0.0843,0.0000,4.2228,1.5368,0.5344
12,3,200,204,5,3,3,0.2667,202.019,855.213,389.324,11.9552,12.0000,1.3333,1.0898,4.6067,0.7984,0.0832,0.1183,0.8959,0.1406,2.8752,0.7655,0.3148
11,4,200,204,5,3,3,0.2444,201.750,857.846,500.067,12.0279,15.0000,1.5865,0.3012,5.7523,0.7944,0.0722,0.1334,0.9597,0.1323,3.4531,0.5781,0.4904
11,3,200,203,4,2,4,0.3438,201.547,861.926,747.179,10.9895,13.0000,1.5053,0.4923,4.9853,0.6711,0.2339,0.0950,0.8722,0.0654,2.3061,0.3837,0.3684
6,3,200,201,2,2,3,0.5000,200.397,1010.466,455.983,9.0956,12.0000,1.2414,0.7623,4.6067,0.4412,0.1872,0.3716,0.0000,0.0000,4.2246,1.7267,0.5862
11,4,200,202,3,3,2,0.6111,200.960,1020.414,451.576,11.4594,12.0000,1.3333,0.8224,4.6067,0.4485,0.2807,0.2708,0.8465,0.3301,3.0675,0.7666,0.4545
12,4,200,203,4,2,3,0.5000,201.122,1118.610,502.033,13.6289,13.0000,1.2683,1.2774,4.9958,0.6186,0.1551,0.2263,0.9999,0.0126,4.2220,1.1533,0.3984
8,3,200,203,4,2,2,0.5000,201.160,1143.760,727.800,10.1776,14.0000,1.4933,0.3510,5.3745,0.7248,0.0930,0.1821,0.9678,0.1435,2.8770,0.7670,0.4933
4,3,200,201,2,2,1,1.0000,200.543,1230.413,524.000,8.8337,14.0000,1.2174,0.6156,5.3745,0.0000,0.7500,0.2500,1.0000,0.0000,4.2254,1.5343,0.8261
9,3,200,203,4,2,4,0.2812,201.148,1238.185,758.420,10.3633,12.0000,1.3333,0.6268,4.6067,0.3053,0.5723,0.1224,0.3603,0.0953,3.4548,1.1511,0.4321
9,3,201,204,4,2,3,0.3750,202.241,869.084,723.759,10.6068,12.0000,1.3012,0.3511,4.6018,0.5924,0.2374,0.1702,0.9488,0.0756,3.4555,0.7626,0.4096
16,5,201,205,5,3,3,0.3556,203.227,1160.220,815.680,14.3608,13.0000,1.3867,1.2867,4.9853,0.5284,0.2215,0.2501,0.9170,0.0586,3.0660,0.3806,0.4667
7,3,201,204,4,2,2,0.4375,202.710,1180.246,749.652,9.9931,13.0000,1.3188,1.3585,4.9741,0.7717,0.1182,0.1101,0.9303,0.3598,3.0696,0.7683,0.5217
8,3,202,205,4,3,2,0.3333,204.039,924.921,290.908,10.2805,14.0000,1.4737,0.9682,5.3504,0.4063,0.4381,0.1555,0.9512,0.0657,2.8710,0.9568,0.5000
11,3,202,205,4,2,3,0.4583,203.440,1034.340,844.440,11.5438,14.0000,1.5400,0.7091,5.3628,0.3140,0.2497,0.4363,0.9490,0.0306,2.6819,0.7672,0.3900
8,3,202,204,3,3,2,0.4444,203.000,1082.081,1036.905,10.0219,11.0000,1.1892,1.0077,4.2183,0.6000,0.1688,0.2312,0.7071,0.0000,4.0180,1.1492,0.4459
13,3,203,206,4,4,2,0.4062,204.205,1133.768,623.625,11.8825,11.0000,1.2768,0.4865,4.2088,0.8005,0.0653,0.1342,0.4633,0.5185,2.6797,0.3839,0.2946
7,3,203,205,3,2,2,0.5833,204.182,1157.212,527.561,9.5426,14.0000,1.4848,0.5207,5.3567,0.4600,0.2645,0.2756,0.8571,0.1000,3.8222,0.5734,0.5455
6,3,229,231,3,2,1,1.0000,229.954,996.446,864.000,9.7654,16.0000,1.4769,0.4485,5.8876,0.5556,0.3333,0.1111,1.0000,0.0000,4.2284,0.7366,0.6154
7,3,231,233,3,2,2,0.5833,231.958,841.250,789.361,9.9817,14.0000,1.3611,0.6873,5.1347,0.6517,0.0773,0.2710,0.8881,0.0000,4.0273,1.1003,0.5417
5,3,232,234,3,3,1,0.5556,233.231,1263.096,582.000,8.5122,14.0000,1.3462,0.2500,5.1264,0.5532,0.3398,0.1070,0.8281,0.0000,4.3867,0.7323,0.7308
4,3,233,236,4,1,1,1.0000,234.347,1176.000,628.000,8.9517,14.0000,1.1429,0.3469,5.1181,0.9375,0.0000,0.0625,1.0000,0.0000,5.3006,1.4606,0.8367
4,3,235,236,2,2,1,1.0000,235.500,1162.460,568.000,9.1175,14.0000,1.1200,0.6794,5.1099,0.0000,0.7500,0.2500,1.0000,0.0000,4.9204,1.4608,0.7800
7,5,236,238,3,2,2,0.5833,236.915,1181.561,817.098,11.2780,13.0000,1.1098,1.0192,4.7373,0.5916,0.2044,0.2040,0.9664,0.1591,4.0108,0.7277,0.7683
7,3,238,240,3,2,2,0.5833,238.973,1009.178,346.699,10.0082,14.0000,1.3425,0.3511,5.0780,0.4600,0.2645,0.2756,1.0000,0.0000,4.3448,1.0881,0.5479
6,3,239,241,3,2,2,0.5000,240.094,718.656,330.859,9.4612,13.0000,1.2187,0.3831,4.7081,0.5230,0.1584,0.3185,0.9225,0.0898,4.5227,1.6278,0.5781
7,3,240,242,3,3,2,0.3889,240.667,1021.111,572.472,9.8458,14.0000,1.3611,0.8575,5.0702,0.7344,0.0891,0.1766,0.6799,0.3621,4.3438,1.2654,0.5556
9,3,244,247,4,2,3,0.3750,245.461,859.618,748.101,10.6595,14.0000,1.4157,0.7774,5.0335,0.5230,0.1631,0.3139,0.9464,0.2592,3.2404,1.0779,0.4382
3,3,244,246,3,1,1,1.0000,245.000,935.000,722.000,9.1335,18.0000,1.2273,0.0000,6.4717,0.8889,0.0000,0.1111,1.0000,0.0000,5.0389,1.0769,1.0000
3,3,248,250,3,1,1,1.0000,249.026,696.000,277.000,8.0521,14.0000,1.0769,0.0256,5.0066,0.8889,0.0000,0.1111,1.0000,0.0000,4.2868,1.0766,1.0000
6,3,253,255,3,2,2,0.5000,253.922,1175.125,704.688,9.2879,15.0000,1.4062,0.3455,5.3317,0.5230,0.1584,0.3185,0.9225,0.0898,4.0867,1.2425,0.6094
5,4,257,258,2,3,1,0.8333,257.414,1258.259,486.000,9.1852,13.0000,1.1207,0.4880,4.6055,0.5854,0.2927,0.1220,0.3162,0.0000,3.8933,0.3543,0.8448
4,3,261,262,2,2,2,0.5000,261.750,704.417,455.833,8.4623,16.0000,1.3333,0.5137,5.6402,0.5916,0.1015,0.3069,0.5000,0.5000,4.5843,2.1164,0.8333
7,4,261,263,3,3,1,0.7778,261.987,788.671,426.000,10.1263,14.0000,1.2895,1.0402,4.9398,0.4747,0.4312,0.0941,0.8619,0.0000,4.5835,1.7622,0.6711
5,4,261,262,2,2,2,0.6250,261.574,957.132,784.456,10.7244,16.0000,1.1765,0.7039,5.6402,0.3432,0.2505,0.4063,0.6059,0.3645,5.2919,1.7624,0.8676
4,3,261,262,2,2,1,1.0000,261.489,1097.489,546.000,8.2880,12.0000,1.0213,0.6921,4.2341,0.0000,0.7500,0.2500,1.0000,0.0000,3.8800,0.8819,0.7660
4,3,266,267,2,2,1,1.0000,266.429,1070.469,721.000,8.6032,14.0000,1.1429,0.6356,4.9178,0.0000,0.7500,0.2500,1.0000,0.0000,4.9155,1.0535,0.8163
7,3,267,270,4,2,2,0.4375,268.811,728.757,753.216,9.8029,14.0000,1.3243,1.2329,4.9023,0.8243,0.0513,0.1244,0.9184,0.3278,3.5049,1.4024,0.5405
7,4,268,270,3,2,2,0.5833,269.195,1063.793,792.512,10.8594,16.0000,1.3659,0.5648,5.6069,0.4600,0.2645,0.2756,0.8571,0.1000,4.5521,1.4017,0.6707
6,3,278,280,3,1,3,0.6667,278.738,664.000,837.200,9.2376,14.0000,1.2923,0.3292,4.8728,0.4000,0.4800,0.1200,0.7071,0.0000,4.1773,1.7404,0.6154
7,3,287,290,4,2,2,0.4375,288.693,958.886,721.477,11.5153,17.0000,1.3523,0.8756,5.8876,0.8235,0.0431,0.1334,0.9337,0.1681,3.8111,1.3843,0.5455
4,3,301,303,3,1,2,0.6667,301.964,812.000,933.232,9.6347,17.0000,1.2143,0.2349,5.8495,0.5357,0.3214,0.1429,1.0000,0.0000,5.3344,1.3762,0.7857
9,3,308,311,4,2,2,0.5625,309.480,726.570,380.280,11.4344,16.0000,1.4400,0.7026,5.4896,0.6050,0.0635,0.3315,0.9576,0.1565,3.7743,1.7141,0.4500
4,3,310,313,4,1,1,1.0000,311.608,533.000,912.000,8.7400,15.0000,1.1765,0.3922,5.1404,0.9375,0.0000,0.0625,1.0000,0.0000,4.7977,1.7139,0.8039
6,3,326,328,3,2,2,0.5000,327.189,638.338,616.108,10.2965,15.0000,1.2162,0.4020,5.1127,0.5230,0.1584,0.3185,0.9225,0.0898,3.9204,1.0220,0.5676
6,3,327,329,3,2,2,0.5000,327.857,871.886,891.671,9.7378,15.0000,1.2857,0.3761,5.1110,0.7074,0.0897,0.2030,0.9140,0.2540,4.4298,1.5329,0.6143
7,3,345,347,3,3,3,0.2593,345.558,768.195,865.026,9.8668,15.0000,1.3636,0.4833,5.0849,0.4430,0.2796,0.2773,0.7469,0.3798,3.7296,1.6948,0.5325
6,3,352,354,3,3,1,0.6667,353.014,1115.833,547.000,9.9490,17.0000,1.4167,0.1672,5.7540,0.6944,0.2222,0.0833,0.8000,0.0000,3.5535,1.0154,0.6111
9,3,358,361,4,2,2,0.5625,359.337,704.826,1047.565,10.3677,14.0000,1.3696,0.6806,4.7333,0.6963,0.0584,0.2453,0.9760,0.1186,3.3805,1.3524,0.4457
7,4,376,378,3,1,3,0.7778,377.114,799.000,1012.295,11.2192,17.0000,1.3523,0.3166,5.7343,0.4747,0.4312,0.0941,0.8619,0.0000,4.7223,1.3493,0.6477
8,3,378,381,4,2,2,0.5000,379.813,579.088,672.549,10.8497,17.0000,1.4945,0.4956,5.7327,0.6810,0.1576,0.1614,0.9830,0.0199,3.3722,1.0116,0.4725
7,3,388,390,3,3,2,0.3889,389.276,1277.303,672.118,9.6801,15.0000,1.3816,0.7594,5.0549,0.2661,0.4704,0.2635,0.6546,0.0506,3.3701,1.1794,0.5395
6,3,397,399,3,2,2,0.5000,398.208,564.694,794.889,9.9006,18.0000,1.5000,0.3862,6.0629,0.5230,0.1584,0.3185,0.9225,0.0898,4.0420,1.0104,0.6389
5,3,399,400,2,2,2,0.6250,399.458,1111.864,769.475,8.8868,14.0000,1.1864,0.7098,4.7154,0.3432,0.2505,0.4063,0.6059,0.3645,4.7152,1.0104,0.6949
6,3,410,412,3,1,3,0.6667,411.158,567.000,1162.211,10.4457,19.0000,1.5000,0.2632,6.3967,0.4000,0.4800,0.1200,0.7071,0.0000,4.3767,1.3466,0.6316
5,3,417,419,3,2,1,0.8333,417.705,1243.492,776.000,9.1827,16.0000,1.3115,0.8690,5.3858,0.5854,0.2927,0.1220,0.9487,0.0000,4.7125,1.6830,0.7049
6,3,419,421,3,2,3,0.3333,420.101,878.536,900.145,9.4814,15.0000,1.3043,1.0215,5.0487,0.6378,0.1768,0.1854,0.4780,0.2815,4.3756,1.3463,0.6232
6,3,419,420,2,3,3,0.3333,419.123,973.277,1244.923,8.9320,13.0000,1.2000,0.3127,4.3758,0.7273,0.0909,0.1818,0.0000,0.5774,4.2075,1.0098,0.6000
8,4,421,424,4,2,2,0.5000,422.453,559.368,656.179,11.3045,16.0000,1.3474,0.6104,5.3852,0.6108,0.0874,0.3018,0.9929,0.0516,4.3754,1.3463,0.6105
7,3,427,429,3,2,2,0.5833,428.162,961.108,625.392,9.4121,15.0000,1.4189,0.9313,5.0476,0.4600,0.2645,0.2756,1.0000,0.0000,3.0287,1.6826,0.5676
11,3,428,430,3,2,2,0.9167,428.924,903.559,909.449,11.9724,16.0000,1.4915,0.7095,5.3841,0.5077,0.0849,0.4074,0.9861,0.1659,3.7017,1.3460,0.3814
3,3,439,441,3,1,1,1.0000,440.024,952.000,1124.000,7.9622,14.0000,1.0244,0.0244,4.7091,0.8889,0.0000,0.1111,1.0000,0.0000,5.0452,1.6817,1.0000
21,3,441,445,5,4,4,0.2625,443.199,479.065,1116.338,15.8518,14.0000,1.3611,0.3976,4.7083,0.6134,0.0454,0.3411,0.8017,0.5496,3.6996,1.1771,0.3056
6,3,457,459,3,1,3,0.6667,458.061,1187.000,829.803,9.0515,15.0000,1.3636,0.2061,5.0390,0.6944,0.2222,0.0833,0.8000,0.0000,4.0311,1.3435,0.6212
4,3,465,467,3,1,2,0.6667,466.075,597.000,1035.585,8.8952,18.0000,1.3585,0.4219,6.0421,0.7576,0.1294,0.1129,0.8507,0.0000,5.0347,1.8462,0.8302
4,3,467,468,2,1,2,1.0000,467.562,931.000,1265.458,8.0548,14.0000,1.1667,0.6963,4.6984,0.0000,0.7500,0.2500,0.0000,0.0000,5.0341,0.6711,0.8333
5,3,479,481,3,1,2,0.8333,480.267,581.000,954.500,8.9935,15.0000,1.2500,0.5667,5.0277,0.5854,0.2927,0.1220,0.9487,0.0000,4.6924,1.3407,0.7167
4,3,489,491,3,2,1,0.6667,490.082,498.531,1135.000,8.2045,14.0000,1.1429,0.5369,4.6883,0.7576,0.1294,0.1129,0.8507,0.0000,4.0184,1.0047,0.8163
4,3,492,494,3,2,1,0.6667,493.180,1019.820,739.000,8.3701,15.0000,1.2000,0.2546,5.0221,0.7500,0.1500,0.1000,0.9487,0.0000,4.6873,1.3392,0.8200
10,4,493,496,4,2,3,0.4167,494.519,459.574,605.930,13.6566,18.0000,1.3953,0.6756,6.0261,0.7104,0.0675,0.2221,0.9554,0.1646,3.8500,1.5065,0.5426
9,3,493,496,4,4,2,0.2812,494.540,582.310,803.920,11.1592,16.0000,1.4400,0.6278,5.3566,0.6178,0.2764,0.1058,0.8719,0.1762,4.3516,2.0085,0.4200
4,3,496,499,4,1,1,1.0000,497.400,846.000,963.000,8.3681,15.0000,1.2000,0.6000,5.0207,0.9375,0.0000,0.0625,1.0000,0.0000,4.6863,1.6737,0.8200
6,3,497,499,3,1,2,1.0000,497.985,873.000,1274.448,9.1553,13.0000,1.1642,1.0821,4.3515,0.5556,0.3333,0.1111,1.0000,0.0000,4.3512,0.8368,0.5821
5,3,506,507,2,2,2,0.6250,506.842,937.544,935.368,8.5298,14.0000,1.2281,0.6072,4.6846,0.3432,0.2505,0.4063,0.5155,0.8569,4.6846,1.3385,0.7018
4,3,507,508,2,1,2,1.0000,507.500,846.000,788.519,8.7000,14.0000,1.0769,0.6936,4.6846,0.0000,0.7500,0.2500,0.0000,0.0000,4.0154,1.1711,0.7692
10,3,534,537,4,2,4,0.3125,535.150,1045.680,1045.280,10.5873,13.0000,1.3000,0.7505,4.3524,0.3440,0.4337,0.2223,0.7818,0.0383,3.3480,1.1718,0.3900
4,3,544,546,3,1,2,0.6667,544.854,1103.000,920.167,8.0376,14.0000,1.1667,1.1579,4.6888,0.7500,0.1500,0.1000,0.9487,0.0000,4.6886,1.3396,0.8333
5,3,549,551,3,1,2,0.8333,549.750,597.000,799.375,8.3882,14.0000,1.2500,0.8385,4.6891,0.5854,0.2927,0.1220,0.9487,0.0000,4.6892,1.0048,0.7143
8,3,554,557,4,3,2,0.3333,555.087,855.804,843.815,10.8954,16.0000,1.3913,0.8299,5.3595,0.4783,0.3528,0.1689,0.9663,0.1305,3.1822,1.5073,0.4783
6,3,565,567,3,2,2,0.5000,565.803,843.136,1107.530,9.0256,13.0000,1.1818,0.9402,4.3547,0.3810,0.3333,0.2857,0.9487,0.1690,4.3546,0.6700,0.5909
4,3,566,568,3,1,2,0.6667,567.100,784.000,1134.740,8.3742,16.0000,1.2800,0.2786,5.3595,0.5357,0.3214,0.1429,1.0000,0.0000,4.6895,1.3399,0.8400
3,3,571,572,2,1,2,0.7500,571.667,565.000,983.690,8.1221,15.0000,1.0714,0.4549,5.0242,0.5333,0.2667,0.2000,0.7071,0.0000,5.0243,0.1675,1.0000
6,3,574,576,3,2,2,0.5000,575.157,809.429,939.886,9.5713,16.0000,1.3714,0.4706,5.3588,0.6373,0.1269,0.2358,0.8795,0.0724,4.0191,1.0047,0.6286
4,3,574,575,2,1,2,1.0000,574.491,1109.000,994.453,8.8757,16.0000,1.2075,0.6676,5.3590,0.0000,0.7500,0.2500,0.0000,0.0000,4.6890,1.0048,0.7925
5,3,584,586,3,2,2,0.4167,585.153,514.153,837.153,8.8346,15.0000,1.2712,0.2642,5.0224,0.6489,0.0995,0.2515,0.9362,0.2726,4.6874,1.3392,0.6949
7,3,588,590,3,1,3,0.7778,588.610,479.000,1127.024,10.3758,16.0000,1.3659,1.1505,5.3566,0.1247,0.7481,0.1273,0.0000,0.0000,4.3523,1.6739,0.5244
7,3,602,605,4,3,2,0.2917,603.988,599.293,921.695,10.3670,17.0000,1.4512,1.0744,5.6868,0.7060,0.1947,0.0994,0.8682,0.1737,3.6800,0.6691,0.5488
3,3,603,604,2,1,2,0.7500,603.690,921.000,1224.333,8.1112,15.0000,1.0714,0.4549,5.0174,0.5333,0.2667,0.2000,0.7071,0.0000,4.3484,0.6690,1.0000
3,3,614,616,3,1,1,1.0000,615.000,472.000,942.000,8.1044,14.0000,1.0000,1.0000,4.6795,0.8889,0.0000,0.1111,1.0000,0.0000,5.0133,1.0027,1.0000
6,3,614,616,3,2,2,0.5000,614.676,582.122,1030.541,10.0972,17.0000,1.3784,0.6420,5.6817,0.6373,0.1269,0.2358,0.8795,0.0724,4.3452,1.3369,0.6622
5,3,615,616,2,2,2,0.6250,615.508,981.852,807.361,9.1172,17.0000,1.3934,0.6275,5.6813,0.3432,0.2505,0.4063,0.6059,0.3645,4.6791,2.0052,0.7213
4,3,622,625,4,1,1,1.0000,623.444,1010.000,996.000,9.0176,14.0000,1.0370,1.4444,4.6764,0.9375,0.0000,0.0625,1.0000,0.0000,4.3418,0.6679,0.7778
8,3,623,626,4,2,2,0.5000,625.033,782.253,990.462,10.7440,14.0000,1.2308,1.1593,4.6756,0.7189,0.1391,0.1420,0.9388,0.0872,4.1742,1.1687,0.4505
7,3,630,632,3,2,3,0.3889,630.987,792.237,908.000,9.5877,14.0000,1.2895,1.0405,4.6724,0.7286,0.0347,0.2368,0.9239,0.3827,3.6717,1.3352,0.5263
6,3,632,633,2,2,2,0.7500,632.539,826.724,918.355,10.3545,16.0000,1.2632,0.8391,5.3394,0.2000,0.3333,0.4667,0.0000,0.0000,4.3386,1.0011,0.5789
6,3,632,634,3,1,2,1.0000,632.910,959.000,1035.463,9.1280,14.0000,1.2537,1.0213,4.6724,0.5556,0.3333,0.1111,1.0000,0.0000,4.3383,1.3349,0.6119
9,4,632,635,4,2,3,0.3750,633.245,1100.814,774.382,11.3460,14.0000,1.2353,1.3157,4.6724,0.6310,0.2101,0.1589,0.9678,0.0017,4.0049,1.3348,0.5196
7,3,637,639,3,1,4,0.5833,637.595,899.000,1166.446,9.3302,13.0000,1.2297,0.8127,4.3368,0.3766,0.5340,0.0894,0.3052,0.0000,3.3360,1.0008,0.5270
5,3,640,641,2,2,2,0.6250,640.456,752.842,944.614,8.5015,13.0000,1.1404,0.6180,4.3358,0.3432,0.2505,0.4063,0.6059,0.3645,4.6689,1.0006,0.6842
7,3,643,646,4,2,2,0.4375,644.446,564.892,560.230,9.3251,14.0000,1.3243,1.4681,4.6682,0.6673,0.1280,0.2047,0.9953,0.0695,2.6671,0.6668,0.5541
6,3,655,656,2,3,2,0.5000,655.526,817.961,832.618,10.3364,17.0000,1.3421,0.7800,5.6633,0.4412,0.1872,0.3716,0.6154,0.7882,4.8307,1.4992,0.5921
14,4,655,657,3,3,4,0.3889,655.784,1152.901,1106.827,14.4237,19.0000,1.6420,0.2938,6.3295,0.4748,0.1224,0.4028,0.5809,0.4353,2.6653,0.6664,0.4259
5,3,656,658,3,2,2,0.4167,656.741,548.862,940.638,8.6405,15.0000,1.2931,0.8365,4.9970,0.7729,0.0435,0.1836,0.8328,0.5477,4.6636,1.1659,0.7241
5,4,656,658,3,1,2,0.8333,657.219,568.000,1099.672,9.5341,15.0000,1.1719,0.8474,4.9964,0.5854,0.2927,0.1220,0.9487,0.0000,4.9967,1.3324,0.8750
7,3,658,660,3,2,2,0.5833,658.883,614.429,367.571,9.6935,13.0000,1.1818,0.7238,4.3299,0.5352,0.1763,0.2885,0.8018,0.5745,3.9968,0.9992,0.5065
9,3,664,667,4,2,3,0.3750,665.920,879.540,669.010,11.0981,15.0000,1.3500,0.4670,4.9941,0.7193,0.0425,0.2382,0.9686,0.2409,3.9951,1.6647,0.4200
9,3,672,674,3,3,2,0.5000,673.000,282.260,444.740,10.6505,14.0000,1.3125,1.2707,4.6594,0.1610,0.6483,0.1906,0.5949,0.4250,3.9941,1.1649,0.4167
5,3,676,678,3,1,2,0.8333,676.820,858.000,987.311,9.0781,15.0000,1.2295,0.3599,4.9916,0.5854,0.2927,0.1220,0.9487,0.0000,4.6586,0.6655,0.6885
7,3,678,681,4,2,2,0.4375,679.608,735.899,992.557,9.9353,18.0000,1.5949,0.6888,5.9892,0.6625,0.1752,0.1623,0.9597,0.1934,3.6601,1.9964,0.5823
8,3,678,680,3,2,3,0.4444,678.942,905.535,959.012,10.1174,14.0000,1.3023,1.0505,4.6586,0.6594,0.1485,0.1922,0.8863,0.2185,3.4938,1.1646,0.4767
6,3,681,683,3,2,2,0.5000,681.739,681.696,1129.116,9.3723,14.0000,1.2174,0.4173,4.6580,0.5034,0.2551,0.2415,0.9677,0.2521,4.3252,0.6654,0.5797
7,3,682,685,4,2,2,0.4375,683.544,534.696,886.899,9.9340,14.0000,1.2405,0.6315,4.6578,0.6673,0.1280,0.2047,0.9953,0.0695,3.3270,0.6654,0.5190
4,3,682,684,3,2,1,0.6667,682.898,552.449,513.000,8.1512,14.0000,1.1429,1.0039,4.6580,0.7576,0.1294,0.1129,0.8507,0.0000,4.9905,1.9962,0.8163
10,3,686,689,4,3,3,0.2778,687.286,552.795,794.473,11.7819,16.0000,1.4286,0.8811,5.3224,0.5995,0.1354,0.2651,0.8385,0.4405,3.8257,1.4969,0.3929
8,4,687,690,4,2,2,0.5000,688.652,811.457,590.663,10.8200,15.0000,1.3043,0.8645,4.9898,0.7197,0.0792,0.2011,0.8818,0.4381,4.3244,0.8316,0.5978
5,3,690,692,3,2,1,0.8333,690.733,627.567,867.000,8.9254,13.0000,1.0833,0.9268,4.3243,0.5854,0.2927,0.1220,0.9487,0.0000,4.3242,0.8316,0.6500
7,4,695,698,4,2,2,0.4375,696.540,541.897,493.736,10.9366,17.0000,1.3678,0.5404,5.6540,0.6673,0.1280,0.2047,0.9953,0.0695,4.6562,0.9978,0.6782
9,3,697,699,3,2,3,0.5000,698.258,775.526,1084.196,10.7535,16.0000,1.4845,0.9305,5.3213,0.3513,0.4424,0.2063,0.7995,0.1657,2.9933,0.9978,0.4330
9,3,698,701,4,2,2,0.5625,699.319,799.628,789.266,10.4208,14.0000,1.3404,0.5579,4.6561,0.6633,0.1056,0.2311,0.9466,0.1629,2.9932,0.6652,0.4362
7,3,708,709,2,2,3,0.5833,708.595,963.419,808.892,9.3015,13.0000,1.2297,0.7353,4.3233,0.5352,0.1763,0.2885,0.2673,0.0986,3.6582,1.4965,0.5270
8,4,721,724,4,2,2,0.5000,722.418,462.264,679.659,10.7003,13.0000,1.1429,0.8238,4.3236,0.7435,0.1182,0.1384,0.9342,0.2294,3.9910,1.6629,0.5714
6,3,730,731,2,2,3,0.5000,730.471,492.706,540.941,9.2336,13.0000,1.1471,1.0926,4.3240,0.4412,0.1872,0.3716,0.6154,0.7882,4.1576,1.6631,0.5735
4,3,731,732,2,1,2,1.0000,731.451,535.000,853.549,8.4817,14.0000,1.0980,0.7105,4.6566,0.0000,0.7500,0.2500,0.0000,0.0000,5.3218,1.6631,0.8235
4,3,733,734,2,1,2,1.0000,733.469,290.000,1072.531,8.1493,13.0000,1.0612,0.7084,4.3241,0.0000,0.7500,0.2500,0.0000,0.0000,4.6567,1.3305,0.7959
5,3,739,741,3,1,2,0.8333,740.095,802.000,794.746,9.3722,17.0000,1.3492,0.2712,5.6550,0.5854,0.2927,0.1220,0.9487,0.0000,4.9898,0.6653,0.7460
6,3,749,751,3,2,2,0.5000,750.181,464.889,814.514,9.7788,16.0000,1.3333,0.5303,5.3229,0.3810,0.3333,0.2857,0.9487,0.1690,4.3249,0.6654,0.5833
7,3,764,766,3,2,2,0.5833,765.321,649.222,867.531,10.1859,14.0000,1.2099,0.6590,4.6579,0.4600,0.2645,0.2756,0.8571,0.1000,3.9925,0.9981,0.5062
10,3,789,791,3,1,4,0.8333,790.151,974.000,1038.425,11.1520,15.0000,1.4151,0.4506,4.9904,0.3946,0.5353,0.0702,0.3404,0.0000,3.6596,0.9981,0.4057
5,3,791,792,2,1,3,0.8333,791.473,586.000,1043.236,8.1832,13.0000,1.1818,0.5285,4.3250,0.5854,0.2927,0.1220,0.3162,0.0000,4.6577,0.6654,0.7091
4,3,791,792,2,1,2,1.0000,791.544,806.000,901.526,9.4818,16.0000,1.1228,0.6965,5.3231,0.0000,0.7500,0.2500,0.0000,0.0000,5.6558,1.3308,0.8070
9,3,793,795,3,4,3,0.2500,793.957,480.638,965.915,10.4243,13.0000,1.2447,1.1539,4.3250,0.5691,0.1407,0.2902,0.3481,0.4033,3.6596,1.3308,0.4149
9,3,804,806,3,3,3,0.3333,805.129,649.828,962.989,10.3129,14.0000,1.3548,0.8879,4.6574,0.7550,0.1211,0.1239,0.5162,0.3855,3.3268,1.3307,0.4301
7,3,811,814,4,2,2,0.4375,812.812,611.337,1007.750,10.0586,14.0000,1.2250,0.7325,4.6572,0.8243,0.0513,0.1244,0.9184,0.3278,3.3266,0.9980,0.5000
7,3,812,814,3,2,2,0.5833,812.877,604.233,1163.329,9.1784,14.0000,1.3425,0.4213,4.6572,0.6197,0.1831,0.1972,0.9223,0.3857,3.3266,1.3306,0.5479
5,3,822,823,2,2,2,0.6250,822.557,895.623,771.180,9.0738,14.0000,1.1475,0.6967,4.6567,0.3432,0.2505,0.4063,0.6059,0.3645,4.9892,1.6631,0.6557
6,3,823,825,3,2,2,0.5000,823.600,560.523,1071.123,8.8263,13.0000,1.2000,0.8055,4.3240,0.6373,0.1269,0.2358,0.8795,0.0724,4.1576,0.9978,0.6000
20,3,823,827,5,4,4,0.2500,824.873,945.832,522.563,14.6514,15.0000,1.5228,0.4845,4.9891,0.4685,0.3173,0.2141,0.5347,0.3169,2.9934,0.9978,0.2132
6,3,825,827,3,2,2,0.5000,825.795,413.753,1091.877,9.9122,17.0000,1.3973,1.2366,5.6541,0.5034,0.2551,0.2415,0.9677,0.2521,4.1576,1.3304,0.6301
4,3,833,835,3,2,1,0.6667,833.942,374.500,933.000,8.6459,16.0000,1.2308,0.5033,5.3205,0.7576,0.1294,0.1129,0.8507,0.0000,4.6555,1.6626,0.8077
7,3,834,835,2,2,3,0.5833,834.481,527.747,1134.063,9.9290,15.0000,1.3291,0.5809,4.9879,0.6197,0.1831,0.1972,0.0880,0.2700,3.3254,0.8313,0.5316
7,3,851,853,3,2,2,0.5833,851.905,498.351,495.108,9.2929,14.0000,1.3243,1.1547,4.6512,0.5916,0.2044,0.2040,0.9664,0.1591,3.3227,1.1629,0.5405
5,3,857,859,3,2,2,0.4167,858.145,577.145,863.145,8.1687,13.0000,1.1818,1.1638,4.3177,0.6489,0.0995,0.2515,0.9362,0.2726,4.9812,0.9964,0.7091
6,3,861,864,4,2,2,0.3750,862.485,481.742,559.606,8.9453,14.0000,1.2727,0.6978,4.6477,0.8091,0.0682,0.1227,0.8627,0.0802,3.9837,1.3280,0.6061
4,3,863,864,2,2,1,1.0000,863.469,616.449,817.000,8.1331,14.0000,1.1429,0.6951,4.6473,0.0000,0.7500,0.2500,1.0000,0.0000,4.6477,0.6640,0.8163
7,3,869,870,2,3,2,0.5833,869.583,773.071,467.893,10.5340,16.0000,1.3333,1.0234,5.3085,0.4600,0.2645,0.2756,0.0000,0.3827,3.9817,1.4930,0.5357
3,3,871,872,2,2,1,0.7500,871.325,307.675,1149.000,7.6612,14.0000,1.0500,0.4596,4.6445,0.5333,0.2667,0.2000,0.7071,0.0000,3.9810,0.3317,1.0000
6,3,872,874,3,2,2,0.5000,872.662,768.118,1203.353,9.2083,15.0000,1.3235,0.5028,4.9754,0.5034,0.2551,0.2415,0.9677,0.2521,4.1465,1.3266,0.6176
8,3,878,880,3,3,1,0.8889,878.913,427.174,688.000,10.7834,15.0000,1.3043,0.1944,4.9728,0.3375,0.5625,0.1000,0.7071,0.0000,4.3096,1.3261,0.4674
14,3,880,884,5,3,3,0.3111,881.828,793.993,954.927,13.3760,15.0000,1.3907,1.2430,4.9720,0.8328,0.0433,0.1239,0.8601,0.0777,3.8120,1.6572,0.3642
7,3,880,882,3,1,3,0.7778,880.688,993.000,1027.088,10.0229,16.0000,1.4000,0.3245,5.3035,0.1247,0.7481,0.1273,0.0000,0.0000,3.9776,0.3314,0.5250
4,3,884,885,2,2,2,0.5000,884.250,359.827,1023.442,8.6160,16.0000,1.2308,0.5367,5.3022,0.5916,0.1015,0.3069,0.5000,0.5000,4.8050,1.6569,0.8269
4,3,888,890,3,2,1,0.6667,889.000,829.827,1097.000,8.6131,17.0000,1.3077,0.1731,5.6317,0.5357,0.3214,0.1429,1.0000,0.0000,3.9753,0.9939,0.8269
5,3,892,894,3,1,2,0.8333,892.810,779.000,880.333,9.3314,18.0000,1.4286,0.3839,5.9615,0.5854,0.2927,0.1220,0.9487,0.0000,4.3055,0.8280,0.7143
5,3,895,896,2,3,1,0.8333,895.536,406.786,829.000,8.2934,13.0000,1.1607,0.9510,4.3051,0.5854,0.2927,0.1220,0.3162,0.0000,4.6361,0.4967,0.6964
4,3,897,898,2,1,3,0.6667,897.480,681.000,1245.040,8.2782,13.0000,1.0400,0.4817,4.3047,0.7576,0.1294,0.1129,0.5257,0.0000,3.9735,0.0000,0.7800
4,3,898,899,2,1,2,1.0000,898.474,457.000,1073.509,9.4368,16.0000,1.1228,0.6951,5.2979,0.0000,0.7500,0.2500,0.0000,0.0000,5.1322,0.0000,0.7895
6,3,905,907,3,2,1,1.0000,905.972,959.458,591.000,9.7310,16.0000,1.3333,0.4592,5.2969,0.5556,0.3333,0.1111,1.0000,0.0000,4.4692,1.1587,0.6111
6,3,906,908,3,2,2,0.5000,906.940,584.328,844.881,9.0551,14.0000,1.2537,1.0031,4.6347,0.7074,0.0897,0.2030,0.9140,0.2540,3.9726,0.9932,0.6119
6,3,907,909,3,1,2,1.0000,908.083,949.000,746.528,9.7307,14.0000,1.1667,0.5343,4.6347,0.5556,0.3333,0.1111,1.0000,0.0000,4.4691,1.3242,0.5833
6,3,909,911,3,2,2,0.5000,910.224,887.687,1241.881,9.0549,15.0000,1.3433,0.4033,4.9657,0.5230,0.1584,0.3185,0.9225,0.0898,3.8070,1.6552,0.6418
5,3,912,914,3,1,2,0.8333,913.250,576.000,958.617,8.8829,15.0000,1.2500,0.8423,4.9657,0.5854,0.2927,0.1220,0.9487,0.0000,4.9657,1.6552,0.7000
4,3,912,913,2,1,2,1.0000,912.531,797.000,1147.429,8.1106,15.0000,1.2245,0.6821,4.9657,0.0000,0.7500,0.2500,0.0000,0.0000,4.6346,1.3242,0.8367
5,3,913,915,3,2,2,0.4167,913.930,736.772,810.298,8.4388,14.0000,1.2281,0.3820,4.6347,0.5461,0.2256,0.2283,0.8117,0.4177,4.6347,1.3242,0.7018
8,3,920,922,3,3,3,0.2963,921.066,451.989,1023.242,10.6522,16.0000,1.4066,0.2508,5.2974,0.4565,0.3261,0.2174,0.4082,0.1826,2.9798,1.1588,0.4945
3,3,921,923,3,1,1,1.0000,922.000,483.000,1115.000,7.8374,15.0000,1.0976,0.0000,4.9664,0.8889,0.0000,0.1111,1.0000,0.0000,4.6354,1.8210,1.0000
12,5,922,925,4,3,4,0.2500,923.643,479.126,808.909,13.6683,15.0000,1.2587,1.1208,4.9667,0.5310,0.3175,0.1516,0.4836,0.2723,4.3045,1.6555,0.6014
9,3,925,927,3,4,2,0.3750,925.931,204.108,641.902,11.2584,14.0000,1.2353,0.1611,4.6358,0.6564,0.2208,0.1228,0.4785,0.1516,4.3045,1.6556,0.3922
6,3,931,933,3,1,2,1.0000,932.060,669.000,1062.522,9.0589,14.0000,1.2537,0.5258,4.6368,0.5556,0.3333,0.1111,1.0000,0.0000,4.1398,0.9936,0.6119
7,3,932,934,3,2,2,0.5833,933.156,686.403,724.675,9.6391,15.0000,1.3636,0.5402,4.9680,0.5352,0.1763,0.2885,0.8018,0.5745,3.6431,1.3248,0.5455
8,4,939,941,3,2,3,0.4444,940.108,396.527,704.022,10.8925,14.0000,1.2043,1.2045,4.6378,0.4702,0.2602,0.2696,0.9107,0.1045,4.3066,0.9938,0.5806
5,3,940,942,3,2,1,0.8333,940.855,404.661,822.000,9.1856,14.0000,1.1290,0.3685,4.6381,0.5854,0.2927,0.1220,0.9487,0.0000,4.6379,1.3252,0.6613
9,3,941,943,3,1,5,0.6000,941.763,746.000,1037.484,10.2700,16.0000,1.5484,0.5386,5.3007,0.7222,0.2281,0.0497,0.1025,0.0000,2.9817,1.1595,0.4731
3,3,943,944,2,2,1,0.7500,943.683,345.366,983.000,7.8426,15.0000,1.0976,0.7090,4.9697,0.5333,0.2667,0.2000,0.7071,0.0000,4.3071,1.3253,1.0000
5,3,952,954,3,2,2,0.4167,952.984,301.859,658.703,9.4847,18.0000,1.4062,0.3289,5.9649,0.1521,0.5234,0.3245,1.0000,0.0000,4.6394,1.3255,0.7031
5,3,953,955,3,1,2,0.8333,954.183,604.000,798.450,8.8921,14.0000,1.1667,0.5798,4.6394,0.5854,0.2927,0.1220,0.9487,0.0000,4.6394,0.6628,0.6667
7,3,959,961,3,3,2,0.3889,959.949,542.051,729.256,9.7705,14.0000,1.2564,0.2665,4.6398,0.5885,0.2537,0.1578,0.8962,0.3188,3.3142,0.6629,0.5128
4,3,961,962,2,2,2,0.5000,961.260,843.840,939.580,8.2854,16.0000,1.2800,0.5192,5.3027,0.5916,0.1015,0.3069,0.5000,0.5000,3.9770,1.1600,0.8400
3,3,962,964,3,1,1,1.0000,962.952,287.000,877.000,8.0365,15.0000,1.0714,0.9524,4.9713,0.8889,0.0000,0.1111,1.0000,0.0000,5.1370,1.3257,1.0000
3,3,962,964,3,1,1,1.0000,962.976,578.000,964.000,8.0365,15.0000,1.0714,0.0238,4.9713,0.8889,0.0000,0.1111,1.0000,0.0000,4.9713,1.3257,1.0000
6,3,966,967,2,2,3,0.5000,966.372,426.667,742.090,10.5537,19.0000,1.4615,0.7168,6.2971,0.6381,0.1455,0.2164,0.3327,0.3629,4.6400,1.6571,0.6026
10,3,966,969,4,3,3,0.2778,967.630,478.810,871.000,10.4806,14.0000,1.4000,0.6580,4.6400,0.7770,0.1223,0.1007,0.8672,0.4857,2.4857,0.6629,0.4100
7,3,967,969,3,2,2,0.5833,967.923,466.897,816.474,9.7709,15.0000,1.3462,0.4914,4.9714,0.4600,0.2645,0.2756,1.0000,0.0000,3.3143,1.4914,0.5641
7,3,969,972,4,2,2,0.4375,970.038,313.103,752.410,9.7709,14.0000,1.2564,1.0504,4.6400,0.8025,0.0737,0.1238,0.9492,0.0000,3.9771,1.1600,0.5128
8,3,970,972,3,2,4,0.3333,971.376,900.094,742.612,9.9600,14.0000,1.3176,0.5489,4.6400,0.3882,0.3977,0.2142,0.3571,0.1058,3.8114,1.4914,0.4706
7,4,978,980,3,2,2,0.5833,978.716,555.321,500.790,10.1462,14.0000,1.2099,0.4772,4.6398,0.3772,0.3083,0.3146,0.9758,0.2185,4.6397,0.9942,0.6543
8,4,987,989,3,2,3,0.4444,988.359,536.533,1015.957,10.7785,16.0000,1.3913,0.7947,5.3019,0.6410,0.1697,0.1893,0.5647,0.1201,4.8049,1.3255,0.5978
15,4,988,991,4,4,4,0.2344,990.000,540.386,673.255,13.0902,14.0000,1.3725,1.1017,4.6391,0.1477,0.5799,0.2723,0.7760,0.2422,3.3136,1.1598,0.3595
4,3,989,990,2,2,1,1.0000,989.471,497.510,801.000,8.4498,14.0000,1.0980,0.6938,4.6391,0.0000,0.7500,0.2500,1.0000,0.0000,4.3077,0.9941,0.7843
4,3,990,992,3,2,1,0.6667,990.918,567.551,415.000,8.1182,14.0000,1.1429,0.4563,4.6390,0.7576,0.1294,0.1129,0.8507,0.0000,4.6390,1.3254,0.8163
4,4,992,994,3,1,2,0.6667,993.000,355.000,988.500,8.9463,14.0000,1.0370,0.5000,4.6388,0.7576,0.1294,0.1129,0.8507,0.0000,4.1418,0.8284,1.0000
9,4,992,994,3,2,3,0.5000,992.630,612.450,914.170,11.0449,16.0000,1.4400,0.7927,5.3016,0.3130,0.2485,0.4385,0.7111,0.1535,3.3134,1.3254,0.5800
5,3,993,995,3,3,1,0.5556,994.458,419.915,991.000,8.7424,14.0000,1.1864,0.4654,4.6387,0.3318,0.5530,0.1152,1.0000,0.0000,4.6386,1.3254,0.6949
7,3,1000,1002,3,2,2,0.5833,1001.081,639.689,892.230,9.2658,13.0000,1.2297,0.7310,4.3067,0.6517,0.0773,0.2710,0.8881,0.0000,3.6441,1.4908,0.5270
11,3,1002,1004,3,2,2,0.9167,1003.128,633.521,838.496,11.6861,14.0000,1.3162,0.7308,4.6378,0.5077,0.0849,0.4074,0.9861,0.1659,3.9753,1.3251,0.3419
9,3,1003,1005,3,2,5,0.3000,1003.827,874.904,931.779,11.4838,16.0000,1.3846,0.2968,5.3002,0.8289,0.0968,0.0743,0.4240,0.1465,3.9750,1.1594,0.4135
5,3,1004,1006,3,2,1,0.8333,1004.672,408.552,931.000,8.5922,14.0000,1.2069,0.8081,4.6377,0.5854,0.2927,0.1220,0.9487,0.0000,3.9750,1.3250,0.6897
8,3,1006,1008,3,2,3,0.4444,1007.356,1050.744,570.256,10.5398,14.0000,1.2444,0.5070,4.6373,0.5686,0.1035,0.3278,0.7327,0.1369,3.8092,0.8281,0.4556
5,3,1019,1020,2,2,3,0.4167,1019.831,526.123,977.031,9.6252,18.0000,1.3846,0.2115,5.9601,0.4138,0.1655,0.4207,0.0000,0.7071,3.9734,0.8278,0.7077
4,3,1021,1024,4,1,1,1.0000,1022.423,792.000,479.000,8.6084,15.0000,1.1538,0.4231,4.9664,0.9375,0.0000,0.0625,1.0000,0.0000,4.6353,1.3244,0.7885
6,3,1030,1031,2,2,3,0.5000,1030.528,564.625,815.014,9.7300,15.0000,1.2500,0.7835,4.9653,0.4412,0.1872,0.3716,0.6154,0.7882,4.6343,1.4896,0.5972
4,3,1039,1041,3,1,2,0.6667,1039.900,452.000,553.480,8.2739,16.0000,1.2800,0.5295,5.2953,0.7576,0.1294,0.1129,0.8507,0.0000,3.9715,0.9929,0.8400
4,3,1045,1047,3,1,2,0.6667,1046.060,1008.000,905.520,8.2731,14.0000,1.1200,0.5235,4.6330,0.7576,0.1294,0.1129,0.8507,0.0000,4.6329,1.3237,0.8000
7,3,1048,1050,3,3,2,0.3889,1049.000,310.025,490.747,9.8809,15.0000,1.3291,0.2544,4.9637,0.5479,0.1606,0.2915,0.9003,0.3984,3.6401,0.8273,0.5190
8,3,1049,1051,3,2,4,0.3333,1049.795,565.909,1016.670,10.2956,15.0000,1.3636,1.5520,4.9637,0.8296,0.0786,0.0918,0.3277,0.2732,3.8055,0.9927,0.4886
6,3,1053,1056,4,2,2,0.3750,1054.406,380.130,554.870,9.3214,15.0000,1.3043,0.4458,4.9636,0.7722,0.0368,0.1910,0.9884,0.0000,3.3091,1.3236,0.6087
4,3,1060,1061,2,2,1,1.0000,1060.510,571.451,878.000,8.4382,15.0000,1.1765,0.6806,4.9636,0.0000,0.7500,0.2500,1.0000,0.0000,3.9709,0.9927,0.8039
5,3,1065,1067,3,1,2,0.8333,1065.828,379.000,920.310,8.5835,14.0000,1.2069,0.3550,4.6329,0.5854,0.2927,0.1220,0.9487,0.0000,3.9710,0.3309,0.6897
5,3,1067,1069,3,2,2,0.4167,1067.828,506.414,1025.138,8.5836,13.0000,1.1207,0.9355,4.3020,0.7729,0.0435,0.1836,0.8328,0.5477,3.9710,0.9928,0.6724
5,3,1078,1080,3,1,2,0.8333,1078.729,574.000,842.542,8.7325,14.0000,1.1864,0.9085,4.6334,0.5854,0.2927,0.1220,0.9487,0.0000,4.9644,1.4893,0.6949
9,3,1092,1095,4,2,2,0.5625,1093.952,332.298,715.308,11.4743,16.0000,1.3846,0.4311,5.2958,0.7348,0.0703,0.1949,0.9553,0.2956,4.3029,1.3240,0.4038
10,3,1097,1099,3,3,2,0.5556,1097.990,581.686,787.324,10.9901,16.0000,1.5238,1.1058,5.2958,0.3936,0.2519,0.3544,0.7751,0.3677,3.6409,0.9930,0.4190
5,3,1101,1102,2,2,2,0.6250,1101.625,603.536,901.839,8.2891,13.0000,1.1607,0.8387,4.3028,0.3432,0.2505,0.4063,0.6059,0.3645,3.9718,0.8275,0.6964
8,3,1105,1107,3,3,2,0.4444,1106.391,502.272,744.913,10.7653,17.0000,1.4783,0.8313,5.6264,0.3019,0.4872,0.2108,0.4422,0.1525,3.8061,0.9929,0.5217
4,4,1107,1109,3,2,1,0.6667,1108.000,260.491,622.000,8.7704,14.0000,1.0566,0.4906,4.6334,0.7576,0.1294,0.1129,0.8507,0.0000,4.6334,0.9929,1.0000
6,3,1108,1110,3,2,2,0.5000,1108.781,673.453,962.125,8.6471,14.0000,1.3125,0.9118,4.6334,0.3810,0.3333,0.2857,0.9487,0.1690,4.1369,1.3238,0.6250
6,3,1111,1112,2,1,3,1.0000,1111.514,494.000,1037.056,9.7276,15.0000,1.2500,0.5169,4.9641,0.5556,0.3333,0.1111,0.0000,0.0000,3.4749,0.4964,0.5972
20,7,1122,1125,4,4,3,0.4167,1123.406,486.455,790.795,18.0509,21.0000,1.7213,0.7759,6.9476,0.5593,0.1562,0.2844,0.7623,0.6433,3.6393,1.4887,0.4754
7,3,1124,1127,4,2,2,0.4375,1125.575,600.900,861.587,10.0032,16.0000,1.4000,0.7147,5.2933,0.6625,0.1752,0.1623,0.9597,0.1934,3.6391,0.9925,0.5375
3,3,1126,1128,3,1,1,1.0000,1127.000,465.000,473.000,8.0217,16.0000,1.1429,0.0000,5.2929,0.8889,0.0000,0.1111,1.0000,0.0000,4.6315,1.6540,1.0000
3,3,1130,1131,2,2,1,0.7500,1130.667,404.667,1111.000,7.4478,13.0000,1.0000,0.7454,4.3001,0.5333,0.2667,0.2000,0.7071,0.0000,3.9692,0.6616,1.0000
5,3,1140,1141,2,3,1,0.8333,1140.468,457.226,875.000,9.1679,15.0000,1.2097,0.9395,4.9596,0.5854,0.2927,0.1220,0.3162,0.0000,4.9596,0.6613,0.6935
5,3,1151,1153,3,2,1,0.8333,1152.233,480.633,526.000,8.8677,13.0000,1.0833,0.4346,4.2963,0.5854,0.2927,0.1220,0.9487,0.0000,4.6265,1.6525,0.6500
4,3,1152,1154,3,2,1,0.6667,1152.920,422.440,844.000,8.2617,15.0000,1.2000,0.4472,4.9570,0.7576,0.1294,0.1129,0.8507,0.0000,3.9657,0.8261,0.8200
8,3,1159,1161,3,3,2,0.4444,1160.391,421.920,483.805,10.1613,15.0000,1.3793,0.4443,4.9554,0.1440,0.6018,0.2543,0.6536,0.3529,3.6340,0.6607,0.4828
5,3,1160,1162,3,2,1,0.8333,1160.803,343.623,875.000,9.0118,15.0000,1.2295,0.4253,4.9551,0.5854,0.2927,0.1220,0.9487,0.0000,4.9553,1.4865,0.6885
6,3,1166,1168,3,1,3,0.6667,1167.209,1022.000,578.075,9.0328,15.0000,1.3433,0.2219,4.9536,0.6944,0.2222,0.0833,0.6000,0.0000,3.6325,0.9908,0.6119
4,3,1170,1172,3,2,1,0.6667,1171.083,247.458,588.000,7.9241,13.0000,1.0833,0.4658,4.2922,0.7576,0.1294,0.1129,0.8507,0.0000,3.9619,0.3302,0.8125
4,4,1170,1172,3,1,2,0.6667,1171.000,394.000,972.500,8.9146,14.0000,1.0370,0.5000,4.6224,0.7576,0.1294,0.1129,0.8507,0.0000,4.7876,0.8254,1.0000
5,3,1173,1174,2,3,2,0.4167,1173.217,505.767,1118.650,8.8584,13.0000,1.0833,0.8702,4.2918,0.7729,0.0435,0.1836,0.2791,0.2890,4.6217,1.3205,0.6500
7,3,1176,1179,4,3,2,0.2917,1177.315,552.575,925.658,9.1068,14.0000,1.3425,0.9578,4.6207,0.8399,0.0584,0.1017,0.7889,0.0288,3.3008,1.6502,0.5479
7,3,1178,1180,3,2,3,0.3889,1178.500,413.288,645.850,9.9794,15.0000,1.3125,0.5959,4.9507,0.3526,0.4473,0.2001,0.7438,0.2507,2.9705,0.9901,0.5500
7,3,1189,1191,3,2,3,0.3889,1190.089,493.747,767.152,9.8484,14.0000,1.2405,1.1827,4.6176,0.7755,0.0410,0.1835,0.5123,0.3660,2.9685,0.6597,0.5063
7,3,1191,1193,3,2,3,0.3889,1192.025,708.304,451.494,9.8473,14.0000,1.2405,0.5802,4.6171,0.7845,0.0411,0.1744,0.6968,0.5293,3.6279,1.3191,0.5190
7,3,1193,1196,4,2,2,0.4375,1194.506,465.892,937.277,10.3445,18.0000,1.5181,0.5767,5.9353,0.6673,0.1280,0.2047,0.9953,0.0695,3.6272,1.4839,0.5783
10,3,1194,1197,4,3,2,0.4167,1195.912,807.035,785.167,11.8864,18.0000,1.5789,0.1916,5.9350,0.6036,0.1894,0.2069,0.9359,0.1933,4.1215,1.6485,0.4035
33,5,1196,1201,6,5,5,0.2200,1199.352,799.696,769.212,20.5442,17.0000,1.5670,1.9445,5.6046,0.4849,0.2476,0.2675,0.6943,0.5670,3.6261,1.3187,0.3324
4,3,1201,1204,4,1,1,1.0000,1202.647,537.000,579.000,8.4048,15.0000,1.1765,1.3529,4.9436,0.9375,0.0000,0.0625,1.0000,0.0000,4.6144,1.6481,0.8039
5,3,1206,1208,3,2,2,0.4167,1206.839,596.839,821.232,8.2526,13.0000,1.1607,0.8855,4.2840,0.7958,0.0325,0.1718,0.9294,0.3690,4.6133,1.6477,0.6964
3,3,1214,1216,3,1,1,1.0000,1215.000,529.000,614.000,7.4166,13.0000,1.0000,1.0000,4.2822,0.8889,0.0000,0.1111,1.0000,0.0000,4.9407,1.9762,1.0000
4,3,1215,1216,2,2,1,1.0000,1215.553,511.447,465.000,7.7403,13.0000,1.1064,0.7111,4.2820,0.0000,0.7500,0.2500,1.0000,0.0000,4.6111,0.9882,0.8298
4,3,1216,1217,2,1,3,0.6667,1216.458,286.000,448.083,7.9046,13.0000,1.0833,0.4658,4.2818,0.7576,0.1294,0.1129,0.5257,0.0000,4.6110,1.6467,0.8125
7,3,1218,1221,4,2,2,0.4375,1219.449,556.795,389.897,9.7086,16.0000,1.4359,1.4668,5.2694,0.8522,0.0413,0.1065,0.9646,0.1833,3.2929,0.9880,0.5513
10,5,1221,1224,4,2,3,0.4167,1222.261,803.626,738.791,11.9743,14.0000,1.2174,0.7096,4.6098,0.5925,0.2255,0.1820,0.8709,0.0822,3.6220,1.3170,0.5826
4,3,1230,1231,2,2,1,1.0000,1230.442,409.404,576.000,8.5583,16.0000,1.2308,0.5989,5.2667,0.0000,0.7500,0.2500,1.0000,0.0000,4.9375,1.3167,0.8462
3,3,1230,1232,3,1,1,1.0000,1230.975,810.000,747.000,7.6017,14.0000,1.0500,0.9750,4.6084,0.8889,0.0000,0.1111,1.0000,0.0000,4.2791,1.3166,1.0000
4,3,1233,1234,2,1,2,1.0000,1233.519,551.000,636.481,8.5575,14.0000,1.0769,0.6799,4.6078,0.0000,0.7500,0.2500,0.0000,0.0000,4.6079,1.6457,0.7692
5,3,1238,1240,3,1,2,0.8333,1238.733,504.000,984.600,8.8306,15.0000,1.2500,0.4807,4.9365,0.5854,0.2927,0.1220,0.9487,0.0000,3.9492,0.3291,0.6833
8,3,1241,1243,3,3,3,0.2963,1242.220,343.268,654.012,9.5406,14.0000,1.3659,0.3469,4.6072,0.7047,0.0543,0.2410,0.7582,0.4791,2.6327,0.1646,0.4878
5,4,1251,1252,2,2,2,0.6250,1251.426,586.426,423.869,8.9776,14.0000,1.1475,0.6169,4.6073,0.3432,0.2505,0.4063,0.6059,0.3645,4.9364,1.1518,0.8689
9,3,1256,1259,4,2,2,0.5625,1257.684,794.179,657.368,10.4226,13.0000,1.2316,0.7974,4.2788,0.6583,0.1394,0.2023,0.9839,0.0504,3.6206,1.6457,0.4105
4,3,1258,1259,2,1,2,1.0000,1258.553,689.000,304.447,7.7349,13.0000,1.1064,0.7111,4.2789,0.0000,0.7500,0.2500,0.0000,0.0000,4.6080,1.3166,0.8298
6,3,1260,1261,2,3,2,0.5000,1260.542,676.014,826.500,9.6754,15.0000,1.2500,0.6784,4.9375,0.6168,0.1058,0.2774,0.5000,0.5000,4.2791,1.9750,0.5694
5,3,1267,1269,3,2,2,0.4167,1267.797,396.424,934.864,8.6878,16.0000,1.3559,0.6260,5.2682,0.7729,0.0435,0.1836,0.8328,0.5477,4.9387,0.9878,0.7119
8,3,1267,1269,3,2,2,0.6667,1268.380,615.348,908.413,10.7102,15.0000,1.3043,0.9216,4.9392,0.4782,0.1602,0.3617,0.9087,0.4175,4.1158,0.6585,0.5978
6,3,1275,1277,3,1,3,0.6667,1276.155,682.000,346.803,9.5479,15.0000,1.2676,0.2508,4.9410,0.4000,0.4800,0.1200,0.7071,0.0000,4.2822,1.6469,0.5775
11,3,1276,1280,5,3,3,0.2444,1278.231,335.735,661.316,11.6216,15.0000,1.4103,0.8729,4.9418,0.7875,0.0950,0.1175,0.8637,0.2699,3.9528,1.3177,0.3504
8,3,1280,1283,4,2,3,0.3333,1281.330,352.649,694.702,10.9504,14.0000,1.1915,0.8515,4.6128,0.1606,0.7019,0.1375,0.2318,0.0016,4.2835,0.6590,0.4255
6,3,1284,1285,2,2,2,0.7500,1284.464,518.725,213.522,9.2831,14.0000,1.2174,0.7504,4.6136,0.2667,0.1333,0.6000,0.7071,0.7071,4.1193,0.4944,0.5797
4,3,1284,1285,2,2,1,1.0000,1284.558,567.538,1010.000,8.5683,15.0000,1.1538,0.6393,4.9434,0.0000,0.7500,0.2500,1.0000,0.0000,4.7785,0.4943,0.8077
5,3,1295,1297,3,2,1,0.8333,1296.161,445.452,965.000,9.1427,15.0000,1.2097,0.4796,4.9460,0.5854,0.2927,0.1220,0.9487,0.0000,4.6165,1.9783,0.6935
7,3,1301,1302,2,3,3,0.3889,1301.262,573.845,710.988,10.4709,16.0000,1.3333,0.8850,5.2768,0.6781,0.1136,0.2082,0.1390,0.4984,3.9576,1.3192,0.5357
6,3,1302,1304,3,2,2,0.5000,1303.182,399.848,598.545,8.8869,13.0000,1.1818,0.5946,4.2878,0.3810,0.3333,0.2857,0.9487,0.1690,4.1228,1.3193,0.5909
4,3,1304,1307,4,1,1,1.0000,1305.660,520.000,321.000,7.7515,13.0000,1.1064,0.6596,4.2882,0.9375,0.0000,0.0625,1.0000,0.0000,3.9582,0.6597,0.8298
7,3,1307,1309,3,3,2,0.3889,1307.627,293.386,721.530,10.3483,16.0000,1.3494,0.7134,5.2779,0.6175,0.1522,0.2303,0.6547,0.2671,4.2882,1.3195,0.5301
7,3,1307,1309,3,2,2,0.5833,1307.842,523.618,665.105,9.4756,15.0000,1.3816,0.4262,4.9481,0.5916,0.2044,0.2040,0.9664,0.1591,3.6286,1.3194,0.5526
4,3,1308,1310,3,1,2,0.6667,1309.340,421.000,248.755,8.7418,17.0000,1.2830,0.4189,5.6079,0.7500,0.1500,0.1000,0.9487,0.0000,4.4535,1.6494,0.8302
4,3,1309,1310,2,2,1,1.0000,1309.458,822.542,1100.000,7.9172,13.0000,1.0833,0.7096,4.2885,0.0000,0.7500,0.2500,1.0000,0.0000,4.6183,1.9793,0.8125
7,3,1315,1318,4,2,2,0.4375,1316.582,545.494,773.899,9.8511,16.0000,1.4177,0.7782,5.2787,0.7406,0.0824,0.1770,0.9316,0.0988,2.9693,0.4949,0.5570
5,3,1315,1316,2,1,4,0.6250,1315.232,585.000,616.625,8.2624,14.0000,1.2500,0.4410,4.6188,0.7911,0.1351,0.0737,0.0898,0.0000,4.6188,0.9897,0.7143
6,3,1319,1320,2,3,2,0.5000,1319.522,398.304,490.870,9.2938,15.0000,1.3043,0.6179,4.9489,0.6373,0.1269,0.2358,0.4046,0.4063,3.4642,0.9898,0.6087
4,3,1323,1325,3,1,2,0.6667,1324.346,410.000,654.250,8.5781,15.0000,1.1538,0.7000,4.9489,0.7500,0.1500,0.1000,0.9487,0.0000,4.1241,0.9898,0.8077
5,3,1323,1325,3,2,1,0.8333,1324.237,639.441,433.000,8.7053,14.0000,1.1864,0.5005,4.6190,0.5854,0.2927,0.1220,0.9487,0.0000,4.6190,1.6496,0.6780
7,3,1329,1332,4,2,2,0.4375,1330.638,491.250,844.888,9.9754,15.0000,1.3125,0.6939,4.9487,0.7946,0.0785,0.1268,0.9986,0.0384,3.9588,1.6495,0.5125
10,3,1333,1336,4,3,3,0.2778,1334.264,391.482,427.118,11.4750,14.0000,1.2727,1.3575,4.6185,0.5836,0.2548,0.1615,0.8032,0.5878,3.9585,1.1546,0.3727
7,3,1342,1345,4,2,2,0.4375,1343.165,487.354,925.785,9.8472,15.0000,1.3291,0.7001,4.9468,0.8243,0.0513,0.1244,0.9184,0.3278,2.9683,0.9895,0.5316
6,3,1347,1349,3,2,2,0.5000,1347.938,899.469,1113.125,8.6147,13.0000,1.2187,0.4891,4.2862,0.3810,0.3333,0.2857,0.9487,0.1690,3.2971,1.1540,0.6094
6,4,1352,1354,3,2,2,0.5000,1353.000,420.877,547.315,9.8232,14.0000,1.1507,0.3383,4.6146,0.7074,0.0897,0.2030,0.9140,0.2540,4.6147,1.3185,0.7397
4,3,1355,1357,3,1,2,0.6667,1356.360,452.000,486.740,8.2385,16.0000,1.2800,0.4441,5.2728,0.7500,0.1500,0.1000,0.9487,0.0000,4.6133,0.8238,0.8400
4,3,1356,1358,3,1,2,0.6667,1356.902,320.000,428.549,8.4029,15.0000,1.1765,0.5577,4.9429,0.7576,0.1294,0.1129,0.8507,0.0000,4.9430,0.9886,0.8431
4,3,1358,1360,3,2,1,0.6667,1358.981,603.170,975.000,8.7311,17.0000,1.2830,0.1709,5.6011,0.5357,0.3214,0.1429,1.0000,0.0000,4.7774,1.8121,0.8302
6,3,1365,1367,3,2,2,0.5000,1365.956,511.882,683.544,9.1415,15.0000,1.3235,0.4729,4.9394,0.3810,0.3333,0.2857,0.9487,0.1690,4.1160,0.9880,0.6324
5,3,1369,1371,3,2,2,0.4167,1369.898,559.153,872.136,8.6858,16.0000,1.3559,1.1204,5.2665,0.6489,0.0995,0.2515,0.9362,0.2726,4.9377,1.6459,0.7119
4,3,1370,1371,2,2,1,1.0000,1370.527,421.582,454.000,9.0521,17.0000,1.2364,0.6730,5.5961,0.0000,0.7500,0.2500,1.0000,0.0000,5.1019,1.3167,0.8364
7,3,1370,1372,3,4,1,0.5833,1371.351,633.378,845.000,9.2060,14.0000,1.3243,0.7509,4.6078,0.6405,0.2826,0.0769,0.5145,0.0000,3.2917,1.3166,0.5405
7,3,1372,1375,4,2,2,0.4375,1373.545,869.403,439.740,9.5775,14.0000,1.2727,0.8496,4.6074,0.7764,0.0638,0.1598,0.8790,0.1860,3.6199,1.3165,0.5195
3,3,1374,1375,2,2,1,0.7500,1374.675,397.325,730.000,7.5992,14.0000,1.0500,0.4596,4.6066,0.5333,0.2667,0.2000,0.7071,0.0000,3.9488,0.3291,1.0000
9,3,1374,1377,4,2,2,0.5625,1375.621,827.568,591.916,10.4193,16.0000,1.5158,0.8461,5.2647,0.7680,0.1244,0.1077,0.9903,0.1001,3.2908,1.6449,0.4526
5,3,1379,1380,2,2,2,0.6250,1379.583,1030.867,491.550,8.8260,14.0000,1.1667,0.7028,4.6048,0.3432,0.2505,0.4063,0.6059,0.3645,4.6048,1.6446,0.6667
6,3,1385,1387,3,3,2,0.3333,1385.731,423.881,674.791,8.9930,14.0000,1.2537,1.0839,4.6031,0.4961,0.2890,0.2148,0.7188,0.3906,3.9455,1.1507,0.6119
5,3,1388,1390,3,2,2,0.4167,1389.000,494.169,495.864,8.6733,15.0000,1.2712,0.2171,4.9307,0.4138,0.1655,0.4207,1.0000,0.0000,4.6018,1.3150,0.6949
9,3,1390,1393,4,2,3,0.3750,1391.680,534.371,951.093,10.6269,16.0000,1.4845,0.4985,5.2586,0.7383,0.1307,0.1310,0.9269,0.3473,3.2868,1.6432,0.4433
4,3,1393,1394,2,2,1,1.0000,1393.529,412.451,993.000,8.3803,14.0000,1.0980,0.6955,4.6011,0.0000,0.7500,0.2500,1.0000,0.0000,4.7652,0.9859,0.8039
5,3,1394,1396,3,2,2,0.4167,1394.864,543.780,631.136,8.6709,16.0000,1.3559,0.9023,5.2581,0.4138,0.1655,0.4207,1.0000,0.0000,3.9435,0.9859,0.7288
6,3,1404,1405,2,1,3,1.0000,1404.451,533.000,623.141,9.5233,16.0000,1.3521,0.4722,5.2569,0.5556,0.3333,0.1111,0.0000,0.0000,4.5997,1.4785,0.6056
5,3,1404,1406,3,1,2,0.8333,1404.776,1061.000,640.638,8.5221,16.0000,1.3793,0.4258,5.2568,0.5854,0.2927,0.1220,0.9487,0.0000,4.5997,1.4785,0.7241
7,3,1406,1408,3,2,2,0.5833,1406.702,511.274,614.381,10.4312,15.0000,1.2500,0.5556,4.9283,0.4600,0.2645,0.2756,0.8571,0.1000,4.2712,1.3142,0.5119
5,4,1409,1411,3,2,1,0.8333,1409.855,275.629,507.000,9.1101,14.0000,1.1290,0.6456,4.5999,0.5854,0.2927,0.1220,0.9487,0.0000,4.5999,1.1500,0.8548
5,3,1409,1410,2,2,2,0.6250,1409.627,542.847,984.627,8.6693,15.0000,1.2712,0.5490,4.9284,0.3432,0.2505,0.4063,0.6059,0.3645,4.5998,1.1500,0.6949
10,3,1410,1412,3,3,2,0.5556,1411.186,342.069,469.402,10.5980,14.0000,1.3725,0.4483,4.6000,0.5379,0.0728,0.3893,0.7027,0.2776,3.1214,0.9857,0.4020
7,3,1411,1413,3,3,1,0.7778,1411.756,252.951,624.000,10.1834,16.0000,1.3659,0.2487,5.2572,0.1247,0.7481,0.1273,0.0000,0.0000,3.6142,0.6571,0.5122
4,3,1411,1412,2,2,2,0.5000,1411.491,291.182,510.236,9.0357,18.0000,1.3091,0.5744,5.9142,0.5916,0.1015,0.3069,0.7071,0.7071,4.7643,1.6429,0.8182
9,3,1414,1416,3,5,2,0.3000,1414.840,434.064,974.617,10.2960,15.0000,1.4362,0.6405,4.9289,0.7455,0.1364,0.1181,0.2924,0.1238,3.2859,0.6572,0.4362
3,3,1420,1422,3,1,1,1.0000,1421.000,494.000,427.000,7.9697,16.0000,1.1429,0.0000,5.2587,0.8889,0.0000,0.1111,1.0000,0.0000,4.6015,1.3147,1.0000
4,3,1425,1427,3,1,2,0.6667,1426.216,884.000,756.196,8.3830,14.0000,1.0980,0.2915,4.6026,0.7500,0.1500,0.1000,0.9487,0.0000,5.0954,1.6438,0.8039
9,4,1427,1430,4,2,2,0.5625,1428.792,364.198,675.426,11.0692,14.0000,1.2475,0.9208,4.6028,0.6663,0.0662,0.2675,0.9843,0.0616,4.2743,1.6440,0.5248
8,3,1436,1439,4,3,2,0.3333,1437.236,524.876,921.124,10.3506,14.0000,1.2584,0.9160,4.6051,0.7925,0.0836,0.1239,0.8471,0.2488,3.2894,0.6579,0.4607
5,3,1451,1453,3,2,1,0.8333,1452.300,215.367,434.000,8.8336,14.0000,1.1667,0.4738,4.6091,0.5854,0.2927,0.1220,0.9487,0.0000,4.9381,0.6584,0.7000
9,3,1451,1453,3,3,2,0.5000,1452.147,300.657,417.784,11.1931,15.0000,1.3235,0.4311,4.9381,0.5808,0.2190,0.2002,0.6040,0.2098,2.9630,0.9877,0.4118
7,3,1455,1457,3,2,2,0.5833,1455.988,466.679,659.198,10.0806,17.0000,1.4691,0.3771,5.5976,0.6517,0.0773,0.2710,0.8881,0.0000,3.2929,0.6586,0.5556
3,3,1459,1460,2,2,1,0.7500,1459.333,638.333,828.000,7.4151,13.0000,1.0000,0.4714,4.2812,0.5333,0.2667,0.2000,0.7071,0.0000,3.9517,0.6586,1.0000
8,3,1460,1463,4,2,2,0.5000,1461.287,613.874,524.529,10.1303,13.0000,1.1954,0.5663,4.2816,0.6810,0.1576,0.1614,0.9830,0.0199,3.4581,0.9880,0.4483
8,3,1463,1466,4,2,2,0.5000,1464.895,408.256,588.198,10.0153,14.0000,1.3023,1.1510,4.6116,0.7248,0.0930,0.1821,0.9678,0.1435,3.7879,1.3176,0.4651
5,3,1463,1465,3,2,1,0.8333,1463.885,433.279,535.000,8.9854,17.0000,1.3934,0.3014,5.5994,0.5854,0.2927,0.1220,0.9487,0.0000,4.6112,1.6469,0.7213
12,3,1468,1470,3,5,2,0.4000,1468.969,650.863,505.786,12.4580,16.0000,1.4656,0.8892,5.2710,0.5667,0.2254,0.2079,0.0209,0.2389,3.6237,1.3177,0.3359
4,3,1479,1480,2,3,1,0.6667,1479.260,381.960,554.000,8.2380,13.0000,1.0400,0.9946,4.2838,0.5357,0.3214,0.1429,0.0000,0.0000,4.6133,1.8123,0.7800
6,3,1481,1483,3,3,2,0.3333,1481.896,433.627,639.463,9.0136,15.0000,1.3433,1.0748,4.9430,0.4795,0.2713,0.2493,0.0000,0.0000,3.9544,0.6591,0.6269
5,3,1484,1485,2,1,3,0.8333,1484.646,508.000,635.846,9.5795,18.0000,1.3846,0.3858,5.9319,0.5854,0.2927,0.1220,0.3162,0.0000,3.9546,0.9886,0.7077
6,3,1487,1489,3,2,1,1.0000,1487.886,426.500,1008.000,9.4178,14.0000,1.2000,0.5129,4.6138,0.5556,0.3333,0.1111,1.0000,0.0000,4.7785,1.3182,0.5857
6,3,1491,1493,3,2,2,0.5000,1491.690,901.887,364.394,9.5524,15.0000,1.2676,0.6896,4.9434,0.5034,0.2551,0.2415,0.9677,0.2521,3.6251,0.6591,0.5915
6,3,1493,1495,3,2,1,1.0000,1493.971,371.543,535.000,9.4178,15.0000,1.2857,0.5436,4.9433,0.5556,0.3333,0.1111,1.0000,0.0000,3.6251,1.1534,0.6000
9,4,1499,1502,4,2,3,0.3750,1500.854,401.379,387.058,11.3138,14.0000,1.2233,0.4098,4.6134,0.8355,0.0464,0.1181,0.9090,0.0917,4.2838,0.9886,0.5340
4,3,1505,1506,2,2,1,1.0000,1505.480,207.480,495.000,8.2374,13.0000,1.0400,0.6788,4.2835,0.0000,0.7500,0.2500,1.0000,0.0000,4.9424,1.6475,0.7800
5,3,1505,1507,3,1,2,0.8333,1505.867,552.000,627.383,8.8412,13.0000,1.0833,0.4059,4.2834,0.5854,0.2927,0.1220,0.9487,0.0000,3.9538,0.8237,0.6500
3,3,1510,1511,2,2,1,0.7500,1510.711,367.333,516.000,8.5592,17.0000,1.1333,0.4411,5.6005,0.5333,0.2667,0.2000,0.7071,0.0000,5.2711,1.4825,1.0000
4,3,1514,1515,2,2,2,0.5000,1514.520,524.180,454.740,8.2350,15.0000,1.2000,0.6086,4.9411,0.5916,0.1015,0.3069,0.7071,0.7071,4.6115,1.4823,0.8200
6,3,1516,1518,3,2,1,1.0000,1517.029,604.464,341.000,9.2780,16.0000,1.3913,0.4647,5.2699,0.5556,0.3333,0.1111,1.0000,0.0000,3.6230,1.3174,0.6087
7,3,1520,1522,3,1,4,0.5833,1520.877,991.000,370.123,9.0862,14.0000,1.3425,0.1744,4.6103,0.6527,0.2863,0.0610,0.1387,0.0000,2.6346,0.9879,0.5479
9,3,1523,1526,4,2,3,0.3750,1524.918,593.392,730.093,10.6458,15.0000,1.3918,1.0020,4.9390,0.6389,0.1655,0.1955,0.9503,0.2981,2.9631,0.9877,0.4330
7,3,1525,1527,3,3,2,0.3889,1526.014,553.122,347.892,9.2084,13.0000,1.2297,1.0265,4.2802,0.4552,0.3334,0.2114,0.8579,0.2968,3.2924,1.3170,0.5270
5,3,1525,1527,3,2,2,0.4167,1525.895,711.614,568.140,8.3926,14.0000,1.2281,0.9845,4.6095,0.5461,0.2256,0.2283,0.8117,0.4177,4.9385,1.9753,0.7193
7,3,1525,1527,3,2,2,0.5833,1525.838,786.100,435.425,9.9551,15.0000,1.3125,0.9445,4.9387,0.5916,0.2044,0.2040,0.9664,0.1591,3.6217,0.9877,0.5250
6,3,1526,1528,3,2,2,0.5000,1526.836,560.890,565.562,9.8114,16.0000,1.3151,0.4808,5.2675,0.3810,0.3333,0.2857,0.9487,0.1690,3.7860,0.9875,0.6164
6,3,1529,1530,2,2,3,0.5000,1529.418,402.343,508.015,9.0039,15.0000,1.3433,0.8777,4.9375,0.1333,0.2667,0.6000,0.0000,0.7071,3.9501,1.6458,0.6269
4,3,1532,1535,4,1,1,1.0000,1533.396,792.000,237.000,8.7215,16.0000,1.2075,0.3962,5.2659,0.9375,0.0000,0.0625,1.0000,0.0000,4.7722,1.1518,0.8113
7,3,1538,1541,4,3,2,0.2917,1539.269,570.987,534.244,9.6997,14.0000,1.2564,1.2925,4.6065,0.7198,0.1612,0.1190,0.9347,0.3509,2.9608,1.3159,0.5385
11,3,1548,1550,3,4,4,0.2292,1548.748,561.008,433.154,12.1961,17.0000,1.5203,0.2957,5.5906,0.4399,0.3137,0.2464,0.4081,0.8766,3.6176,1.3155,0.3740
5,3,1555,1557,3,3,1,0.5556,1555.559,586.508,834.000,8.6746,15.0000,1.2712,0.7446,4.9316,0.6646,0.2585,0.0769,0.7071,0.0000,3.9451,0.9863,0.6949
9,3,1558,1561,4,2,2,0.5625,1559.485,540.268,881.381,10.6283,15.0000,1.3918,1.5856,4.9304,0.5981,0.1535,0.2484,0.9983,0.0330,2.9586,0.6575,0.4330
6,3,1559,1561,3,2,1,1.0000,1560.086,490.500,869.000,9.3935,14.0000,1.2000,1.0421,4.6017,0.5556,0.3333,0.1111,1.0000,0.0000,4.2732,1.3148,0.5714
5,3,1562,1564,3,1,3,0.5556,1563.424,885.000,419.492,8.6720,16.0000,1.3559,0.6490,5.2587,0.6646,0.2585,0.0769,0.7071,0.0000,4.9298,1.3146,0.7119
7,3,1565,1567,3,2,3,0.3889,1566.192,378.128,376.641,9.6885,14.0000,1.2564,1.3598,4.6010,0.2661,0.4704,0.2635,0.7252,0.2401,3.9435,1.3145,0.5256
5,3,1571,1573,3,1,3,0.5556,1571.877,821.000,722.982,8.3758,14.0000,1.2281,1.1229,4.5999,0.5532,0.3398,0.1070,0.8281,0.0000,4.6001,0.9857,0.7018
5,3,1580,1582,3,2,1,0.8333,1580.730,663.413,350.000,9.2558,15.0000,1.1905,0.8387,4.9278,0.5854,0.2927,0.1220,0.9487,0.0000,4.9277,1.9711,0.6825
6,3,1585,1587,3,3,2,0.3333,1586.132,335.353,430.132,9.1194,15.0000,1.3235,0.3995,4.9275,0.7111,0.1556,0.1333,0.7845,0.3145,3.9420,0.6570,0.6324
4,3,1587,1588,2,2,1,1.0000,1587.547,383.491,734.000,8.7052,15.0000,1.1321,0.6816,4.9275,0.0000,0.7500,0.2500,1.0000,0.0000,4.7632,2.1352,0.7925
7,3,1599,1601,3,3,1,0.7778,1600.221,376.000,601.000,9.5616,15.0000,1.3636,1.2208,4.9282,0.1247,0.7481,0.1273,0.0000,0.0000,2.6284,0.6571,0.5584
5,3,1603,1604,2,2,2,0.6250,1603.541,528.148,535.656,8.9634,16.0000,1.3115,0.5924,5.2572,0.3432,0.2505,0.4063,0.6059,0.3645,4.9285,1.3143,0.7213
5,3,1603,1604,2,2,2,0.6250,1603.559,765.339,347.644,8.6695,13.0000,1.1017,0.9179,4.2715,0.2938,0.4054,0.3007,0.7071,0.6739,4.9284,1.6428,0.6610
6,3,1610,1612,3,2,1,1.0000,1610.945,468.507,725.000,9.7948,13.0000,1.0685,1.0725,4.2726,0.5556,0.3333,0.1111,1.0000,0.0000,4.4369,1.3146,0.5342
10,3,1610,1613,4,3,2,0.4167,1611.769,704.704,474.833,11.2250,14.0000,1.2963,0.8404,4.6013,0.7249,0.1293,0.1458,0.8084,0.0204,3.7797,0.9860,0.3704
3,3,1613,1614,2,1,2,0.7500,1613.325,549.000,699.675,7.5909,14.0000,1.0500,0.4596,4.6017,0.5333,0.2667,0.2000,0.7071,0.0000,4.9306,2.3009,1.0000
6,3,1617,1620,4,2,2,0.3750,1618.657,406.471,594.114,9.3958,17.0000,1.4571,0.6403,5.5894,0.7696,0.0995,0.1309,0.9136,0.2553,4.1096,0.6576,0.6429
5,3,1618,1620,3,2,2,0.4167,1618.934,609.787,314.148,8.9694,17.0000,1.3934,0.2674,5.5894,0.4138,0.1655,0.4207,1.0000,0.0000,4.6028,1.4795,0.7049
5,3,1618,1619,2,2,2,0.6250,1618.298,654.772,1030.632,8.3809,14.0000,1.2281,0.5260,4.6028,0.3432,0.2505,0.4063,0.6059,0.3645,4.6028,1.6438,0.7018
3,3,1625,1627,3,1,1,1.0000,1626.000,957.000,371.000,7.4061,13.0000,1.0000,1.0000,4.2762,0.8889,0.0000,0.1111,1.0000,0.0000,4.6049,0.8223,1.0000
6,3,1628,1630,3,2,2,0.5000,1628.886,515.314,521.643,9.4012,16.0000,1.3714,0.7246,5.2636,0.6381,0.1455,0.2164,0.8019,0.3768,4.2767,1.3158,0.6286
6,3,1628,1631,4,2,2,0.3750,1629.369,672.154,809.877,8.7299,13.0000,1.2000,1.3833,4.2769,0.7722,0.0368,0.1910,0.9884,0.0000,4.1121,0.9870,0.6000
11,3,1629,1632,4,4,3,0.2292,1630.790,480.345,407.849,11.8047,15.0000,1.3866,0.8750,4.9349,0.7654,0.1229,0.1117,0.7241,0.6847,2.9608,0.9869,0.4622
10,3,1629,1632,4,2,2,0.6250,1630.871,805.317,754.416,10.5082,14.0000,1.3861,0.8101,4.6062,0.7001,0.0501,0.2498,0.9584,0.0649,3.2901,0.9869,0.3960
9,4,1629,1631,3,2,3,0.5000,1630.396,940.188,386.000,11.0763,16.0000,1.4257,0.6326,5.2642,0.4268,0.2324,0.3408,0.5860,0.1241,3.6191,1.3158,0.5545
9,3,1635,1638,4,2,3,0.3750,1636.626,748.182,871.333,10.8607,17.0000,1.5455,0.5328,5.5950,0.6145,0.1366,0.2489,0.8392,0.2096,3.6203,1.3164,0.4545
9,3,1636,1639,4,2,3,0.3750,1637.418,659.505,321.989,9.9835,15.0000,1.4835,0.6558,4.9368,0.7158,0.0497,0.2345,0.7900,0.4573,3.2910,0.6583,0.4505
7,3,1637,1639,3,2,2,0.5833,1637.873,562.114,459.354,9.8276,15.0000,1.3291,0.3932,4.9370,0.5916,0.2044,0.2040,0.9664,0.1591,4.6078,0.9873,0.5316
4,3,1638,1639,2,2,2,0.5000,1638.837,786.265,532.429,8.0641,15.0000,1.2245,0.5298,4.9373,0.5916,0.1015,0.3069,0.5000,0.5000,4.6081,1.6458,0.8367
5,3,1638,1639,2,2,3,0.4167,1638.438,830.156,413.891,9.4206,16.0000,1.2500,0.4773,5.2662,0.7729,0.0435,0.1836,0.4781,0.7852,4.6081,1.6458,0.6875
8,4,1639,1642,4,2,2,0.5000,1640.309,626.515,828.082,11.2889,15.0000,1.2371,0.5807,4.9378,0.6702,0.1825,0.1473,0.9937,0.1048,3.9499,0.6584,0.5979
9,3,1642,1645,4,3,2,0.3750,1643.627,716.510,469.225,11.1936,16.0000,1.4118,0.6557,5.2677,0.8333,0.0321,0.1347,0.8598,0.0970,3.9504,0.9877,0.4118
5,3,1652,1654,3,2,1,0.8333,1653.241,418.397,574.000,8.5425,14.0000,1.2069,0.4642,4.6107,0.5854,0.2927,0.1220,0.9487,0.0000,4.6108,1.6466,0.7069
5,3,1655,1656,2,2,2,0.6250,1655.400,1044.867,454.617,8.8376,15.0000,1.2500,0.5698,4.9403,0.3432,0.2505,0.4063,0.6059,0.3645,4.6110,0.9881,0.7000
4,3,1655,1656,2,2,1,1.0000,1655.471,1059.471,621.000,8.3987,14.0000,1.0980,0.6655,4.6110,0.0000,0.7500,0.2500,1.0000,0.0000,4.6110,0.8234,0.7843
5,3,1663,1665,3,2,2,0.4167,1664.063,693.619,518.175,9.2810,14.0000,1.1111,0.6463,4.6118,0.5461,0.2256,0.2283,0.8117,0.4177,5.2706,1.9765,0.6667
9,3,1669,1671,3,3,2,0.5000,1669.624,506.032,575.398,10.2123,14.0000,1.3548,0.5486,4.6120,0.3124,0.3123,0.3752,0.7774,0.4680,3.6237,0.9883,0.4301
4,3,1670,1671,2,1,2,1.0000,1670.520,871.000,634.480,8.2357,13.0000,1.0400,0.7077,4.2826,0.0000,0.7500,0.2500,0.0000,0.0000,3.9532,0.0000,0.7800
7,3,1671,1673,3,2,3,0.3889,1672.192,504.269,264.244,9.7120,16.0000,1.4359,0.8855,5.2709,0.2843,0.4935,0.2222,0.0803,0.1628,3.6237,0.9883,0.5513
3,3,1671,1673,3,1,1,1.0000,1672.000,605.000,376.000,7.6079,14.0000,1.0500,0.0000,4.6120,0.8889,0.0000,0.1111,1.0000,0.0000,4.6120,1.1530,1.0000
5,3,1672,1673,2,2,2,0.6250,1672.458,507.136,616.390,8.6922,14.0000,1.1864,0.6163,4.6120,0.3432,0.2505,0.4063,0.6059,0.3645,4.6120,1.3177,0.6949
6,3,1675,1677,3,2,2,0.5000,1676.361,970.500,550.875,9.6832,14.0000,1.1667,0.8209,4.6120,0.6373,0.1269,0.2358,0.8795,0.0724,3.6237,0.6589,0.5694
7,3,1676,1678,3,2,2,0.5833,1676.667,503.309,496.667,10.0856,16.0000,1.3827,0.8067,5.2709,0.4600,0.2645,0.2756,0.8571,0.1000,4.2826,1.4824,0.5432
7,3,1677,1679,3,2,2,0.5833,1677.680,207.773,671.467,9.3385,14.0000,1.3067,0.8934,4.6120,0.5806,0.0526,0.3668,0.8835,0.4677,3.6237,1.6471,0.5333
5,3,1677,1678,2,2,2,0.6250,1677.544,430.544,884.860,8.3976,13.0000,1.1404,0.7818,4.2826,0.3432,0.2505,0.4063,0.6059,0.3645,4.6120,1.6472,0.6842
8,3,1677,1678,2,3,2,0.6667,1677.523,1066.302,426.430,10.0165,13.0000,1.2093,0.9724,4.2826,0.4685,0.1696,0.3619,0.3645,0.6059,4.1179,2.1413,0.4535
7,4,1679,1681,3,1,3,0.7778,1679.772,869.000,396.658,9.8364,14.0000,1.2405,0.8444,4.6120,0.4747,0.4312,0.0941,0.8619,0.0000,4.9414,1.9765,0.6835
6,3,1683,1684,2,2,3,0.5000,1683.440,670.120,326.693,10.0863,17.0000,1.3600,0.8299,5.6001,0.3810,0.3333,0.2857,0.3162,0.5071,4.4471,0.9883,0.6267
7,3,1693,1695,3,2,3,0.3889,1694.089,561.203,362.304,9.8350,20.0000,1.7722,0.3757,6.5876,0.3215,0.3592,0.3193,0.4240,0.2953,2.9644,0.9881,0.5949
5,3,1697,1699,3,1,2,0.8333,1698.100,867.000,300.383,8.8377,14.0000,1.1667,0.3962,4.6111,0.5854,0.2927,0.1220,0.9487,0.0000,4.2818,1.3175,0.6833
8,3,1699,1701,3,3,2,0.4444,1699.816,412.874,480.494,10.1306,14.0000,1.2874,0.5528,4.6109,0.5543,0.2671,0.1786,0.7832,0.2710,3.9522,0.3294,0.4598
5,3,1701,1703,3,1,2,0.8333,1702.246,1096.000,402.474,8.3953,14.0000,1.2281,0.5336,4.6108,0.5854,0.2927,0.1220,0.9487,0.0000,4.6108,0.9880,0.7193
17,6,1704,1707,4,4,4,0.2656,1705.560,702.848,132.262,15.2557,19.0000,1.6911,0.8726,6.2571,0.4882,0.2958,0.2160,0.7364,0.5962,2.9638,0.6587,0.4869
3,3,1705,1707,3,1,1,1.0000,1705.976,480.000,485.000,7.9856,15.0000,1.0714,0.0238,4.9398,0.8889,0.0000,0.1111,1.0000,0.0000,5.2692,1.9759,1.0000
3,3,1708,1709,2,1,2,0.7500,1708.619,960.000,399.310,7.9853,16.0000,1.1429,0.6921,5.2690,0.5333,0.2667,0.2000,0.7071,0.0000,4.6103,1.4819,1.0000
14,3,1709,1712,4,2,4,0.4375,1710.514,947.608,535.304,13.0252,17.0000,1.6081,0.9352,5.5980,0.3563,0.4658,0.1780,0.6871,0.2269,3.6223,0.9879,0.2973
5,3,1715,1716,2,1,3,0.8333,1715.574,1066.000,426.852,8.9825,15.0000,1.2295,0.4510,4.9390,0.5854,0.2927,0.1220,0.3162,0.0000,4.6098,1.4817,0.6721
25,5,1717,1722,6,5,5,0.1667,1719.004,788.349,763.457,17.7139,16.0000,1.4870,1.5818,5.2681,0.1382,0.6503,0.2115,0.0829,0.1255,2.6341,0.6585,0.3755
3,3,1718,1719,2,1,2,0.7500,1718.690,766.000,302.643,7.9840,15.0000,1.0714,0.7135,4.9388,0.5333,0.2667,0.2000,0.7071,0.0000,5.2681,0.9878,1.0000
86,53,1719,1725,7,11,5,0.2234,1721.607,510.459,1109.011,62.7344,78.0000,3.7963,0.6042,25.6809,0.5936,0.1590,0.2474,0.2697,0.4799,4.6094,1.6462,0.8200
3,3,1719,1721,3,1,1,1.0000,1720.023,970.000,554.000,8.3641,15.0000,1.0227,0.0227,4.9388,0.8889,0.0000,0.1111,1.0000,0.0000,5.2679,0.9877,1.0000
3,3,1725,1726,2,2,1,0.7500,1725.683,800.317,460.000,7.7933,15.0000,1.0976,0.4484,4.9385,0.5333,0.2667,0.2000,0.7071,0.0000,3.9508,0.9877,1.0000
6,3,1726,1728,3,3,1,0.6667,1726.818,814.667,494.000,8.8709,14.0000,1.2727,0.6910,4.6092,0.2083,0.6667,0.1250,0.4472,0.0000,3.9507,1.6461,0.6061
3,3,1727,1729,3,1,1,1.0000,1728.048,702.000,419.000,7.9833,15.0000,1.0714,0.9524,4.9384,0.8889,0.0000,0.1111,1.0000,0.0000,4.2799,0.8231,1.0000
6,3,1727,1729,3,2,2,0.5000,1727.879,777.333,311.803,8.8708,15.0000,1.3636,0.4057,4.9384,0.5230,0.1584,0.3185,0.9225,0.0898,4.2799,2.1400,0.6364
4,3,1731,1732,2,1,2,1.0000,1731.593,423.000,562.519,8.8890,17.0000,1.2593,0.6594,5.5968,0.0000,0.7500,0.2500,0.0000,0.0000,4.2799,0.3292,0.8333
13,3,1740,1743,4,3,3,0.3611,1741.326,926.069,486.785,13.1496,18.0000,1.6250,0.3971,5.9264,0.5626,0.0430,0.3944,0.7528,0.3346,3.6217,1.6463,0.3333
4,3,1744,1747,4,1,1,1.0000,1745.685,819.000,391.000,8.8905,18.0000,1.3333,0.3148,5.9271,0.9375,0.0000,0.0625,1.0000,0.0000,4.7746,1.1525,0.8333
9,3,1745,1747,3,3,2,0.5000,1746.208,649.670,512.472,11.6347,17.0000,1.4434,0.6567,5.5978,0.5767,0.0922,0.3312,0.7834,0.0985,3.9513,1.3172,0.4340
6,3,1745,1747,3,3,2,0.3333,1745.826,954.029,464.145,9.2755,15.0000,1.3043,0.8392,4.9391,0.3122,0.4039,0.2838,0.9403,0.3404,4.1160,1.9756,0.5942
12,3,1755,1759,5,3,3,0.2667,1756.500,876.442,836.450,11.4112,13.0000,1.3000,0.8646,4.2825,0.6855,0.1520,0.1625,0.8867,0.2140,2.6354,0.6588,0.3250
4,3,1766,1767,2,1,3,0.6667,1766.271,603.000,425.896,7.9104,14.0000,1.1667,0.2902,4.6143,0.5357,0.3214,0.1429,0.0000,0.0000,4.6144,1.1536,0.8333
7,3,1766,1767,2,2,4,0.4375,1766.423,927.872,721.128,9.7171,15.0000,1.3462,0.6047,4.9442,0.8235,0.0431,0.1334,0.3112,0.0560,3.6257,1.9778,0.5385
6,3,1771,1773,3,1,2,1.0000,1772.013,419.000,314.372,10.4997,20.0000,1.5385,0.3720,6.5946,0.5556,0.3333,0.1111,1.0000,0.0000,3.7918,0.9892,0.6282
7,4,1781,1784,4,2,2,0.4375,1782.560,826.655,411.798,10.4768,15.0000,1.2500,0.6879,4.9500,0.6801,0.1680,0.1519,0.9328,0.2851,4.9496,1.1549,0.7024
4,3,1785,1786,2,2,1,1.0000,1785.434,769.472,244.000,8.7465,15.0000,1.1321,0.6410,4.9507,0.0000,0.7500,0.2500,1.0000,0.0000,5.2809,1.9803,0.8113
10,3,1786,1790,5,3,3,0.2222,1787.922,682.320,425.621,10.7524,13.0000,1.2621,0.7034,4.2922,0.8029,0.1212,0.0759,0.8836,0.4634,3.3013,1.6504,0.3786
8,3,1786,1788,3,2,2,0.6667,1787.073,826.561,909.195,9.5700,13.0000,1.2683,1.2266,4.2912,0.4961,0.2369,0.2670,0.9586,0.0986,3.4662,0.6602,0.4756
7,3,1789,1792,4,2,3,0.2917,1790.605,727.099,293.099,10.1086,17.0000,1.4691,0.4190,5.6132,0.5603,0.2792,0.1605,0.9080,0.0216,3.3015,0.6604,0.5432
19,3,1791,1794,4,4,5,0.2375,1792.138,640.985,184.185,14.7726,19.0000,1.8513,0.8272,6.2741,0.4855,0.2808,0.2337,0.7721,0.6028,3.3025,0.6606,0.2462
10,3,1797,1800,4,3,3,0.2778,1798.292,884.115,566.186,11.8048,17.0000,1.5044,0.3648,5.6159,0.6373,0.1364,0.2262,0.6690,0.7220,3.9641,1.1563,0.3805
6,3,1798,1799,2,3,2,0.5000,1798.380,750.718,452.113,9.5756,16.0000,1.3521,0.9554,5.2859,0.5230,0.1584,0.3185,0.3667,0.5079,3.6339,1.6517,0.6056
9,3,1801,1803,3,2,3,0.5000,1801.737,877.274,699.779,10.4634,13.0000,1.2316,1.1066,4.2956,0.6439,0.1119,0.2442,0.5337,0.4615,2.9739,0.9911,0.4105
10,3,1803,1805,3,4,2,0.4167,1804.305,795.629,573.324,10.9730,16.0000,1.5238,0.5794,5.2875,0.3347,0.3767,0.2886,0.1754,0.3631,3.3048,0.6610,0.4286
11,4,1803,1806,4,3,2,0.4583,1804.680,970.311,770.672,12.1566,14.0000,1.2623,0.8169,4.6266,0.3084,0.5066,0.1851,0.9104,0.3941,3.6353,0.6610,0.4344
6,3,1805,1807,3,2,2,0.5000,1805.743,758.314,832.129,9.4449,16.0000,1.3714,0.4259,5.2881,0.5230,0.1584,0.3185,0.9225,0.0898,3.9660,0.9915,0.6143
6,4,1809,1811,3,3,2,0.3333,1809.849,1063.082,525.315,9.8518,15.0000,1.2329,0.3588,4.9587,0.4899,0.3164,0.1936,0.8165,0.5506,4.6280,1.3223,0.7534
12,3,1811,1814,4,4,2,0.3750,1812.864,742.840,822.128,11.9304,15.0000,1.4400,0.8880,4.9594,0.1442,0.6839,0.1718,0.9591,0.2146,3.3063,1.1572,0.3520
7,3,1820,1822,3,3,2,0.3889,1821.257,617.000,263.324,9.2511,14.0000,1.3243,1.0045,4.6308,0.3086,0.2321,0.4593,0.9239,0.3827,3.6383,1.3230,0.5405
4,3,1821,1823,3,1,2,0.6667,1822.163,878.000,606.837,8.1039,15.0000,1.2245,0.2309,4.9615,0.7500,0.1500,0.1000,0.9487,0.0000,4.6308,1.4884,0.8367
5,3,1827,1829,3,1,2,0.8333,1827.767,762.000,478.467,8.8778,15.0000,1.2500,0.5821,4.9629,0.5854,0.2927,0.1220,0.9487,0.0000,4.6318,0.6617,0.6833
3,3,1828,1829,2,2,1,0.7500,1828.366,1018.683,480.000,7.8320,15.0000,1.0976,0.7090,4.9631,0.5333,0.2667,0.2000,0.7071,0.0000,3.9703,0.8271,1.0000
3,3,1829,1831,3,1,1,1.0000,1830.000,430.000,330.000,7.4506,13.0000,1.0000,1.0000,4.3018,0.8889,0.0000,0.1111,1.0000,0.0000,4.3016,0.9927,1.0000
3,3,1836,1838,3,1,1,1.0000,1836.976,1120.000,264.000,7.8353,14.0000,1.0244,0.9756,4.6340,0.8889,0.0000,0.1111,1.0000,0.0000,5.2958,1.1584,1.0000
6,3,1842,1845,4,2,2,0.3750,1843.746,851.127,855.113,9.5979,17.0000,1.4366,0.3050,5.6292,0.7449,0.0647,0.1904,0.9950,0.0995,4.1390,0.8278,0.6338
6,3,1851,1854,4,2,2,0.3750,1852.471,760.886,216.871,9.4680,17.0000,1.4571,0.5018,5.6321,0.8444,0.0252,0.1304,0.9761,0.1745,3.9759,1.1595,0.6286
7,3,1853,1855,3,2,3,0.3889,1853.816,885.895,298.934,9.5179,15.0000,1.3816,0.2221,4.9702,0.4009,0.2683,0.3308,0.7054,0.0496,3.9758,1.6566,0.5395
8,3,1853,1855,3,2,2,0.6667,1854.300,993.600,579.400,10.5436,15.0000,1.3333,0.7810,4.9702,0.4396,0.1507,0.4097,0.8641,0.2943,4.3075,1.3253,0.4667
7,3,1856,1859,4,2,2,0.4375,1857.636,936.896,497.714,9.6458,17.0000,1.5455,0.4740,5.6346,0.6673,0.1280,0.2047,0.9953,0.0695,2.9832,0.9942,0.5714
7,3,1861,1862,2,3,3,0.3889,1861.610,890.545,572.688,9.6489,16.0000,1.4545,0.8224,5.3044,0.5007,0.2532,0.2461,0.1277,0.8347,2.9839,0.6630,0.5584
9,3,1862,1864,3,2,3,0.5000,1863.257,373.535,540.297,11.1634,16.0000,1.4257,1.1234,5.3057,0.4640,0.3602,0.1758,0.6330,0.2850,3.9793,1.6580,0.4257
6,3,1872,1874,3,1,4,0.5000,1873.157,582.000,477.300,9.4845,15.0000,1.2857,1.5493,4.9787,0.8734,0.0730,0.0536,0.6386,0.0000,4.3147,1.3275,0.6000
3,3,1883,1885,3,1,1,1.0000,1883.953,858.000,478.000,8.2488,15.0000,1.0465,0.9535,4.9840,0.8889,0.0000,0.1111,1.0000,0.0000,5.3157,0.6647,1.0000
5,3,1885,1886,2,3,2,0.4167,1885.783,877.950,755.450,8.9175,14.0000,1.1667,0.5019,4.6528,0.1521,0.5234,0.3245,0.0000,0.8112,4.6523,1.9939,0.6833
7,3,1887,1889,3,2,2,0.5833,1887.705,799.308,340.346,9.7998,14.0000,1.2564,0.5490,4.6539,0.4600,0.2645,0.2756,0.8571,0.1000,3.9890,1.3295,0.5256
7,3,1897,1899,3,2,3,0.3889,1897.583,988.893,623.655,10.5666,15.0000,1.2500,0.6863,4.9919,0.6188,0.1635,0.2176,0.7316,0.2162,3.6618,1.3313,0.5000
5,3,1902,1904,3,2,2,0.4167,1903.293,1012.172,321.138,8.6393,14.0000,1.2069,1.3118,4.6622,0.6338,0.1686,0.1975,0.9585,0.2851,3.9968,1.6654,0.6897
6,3,1904,1905,2,5,1,0.6000,1904.191,1001.912,617.000,9.2475,15.0000,1.3235,0.2106,4.9966,0.8730,0.0794,0.0476,0.0000,0.0000,3.9975,0.9994,0.6176
4,3,1910,1911,2,1,2,1.0000,1910.528,499.000,454.566,8.8354,15.0000,1.1321,0.6837,5.0015,0.0000,0.7500,0.2500,0.0000,0.0000,5.0010,0.8334,0.8113
6,3,1910,1912,3,2,3,0.3333,1910.957,608.841,327.072,9.3925,15.0000,1.3043,0.1804,5.0015,0.5704,0.2383,0.1913,0.9082,0.3228,4.6682,1.1672,0.6087
10,3,1914,1917,4,4,2,0.3125,1915.267,934.600,540.600,11.0782,13.0000,1.2381,0.8894,4.3372,0.5758,0.2808,0.1434,0.7671,0.3829,3.6701,1.3344,0.3714
31,3,1915,1920,6,6,5,0.1722,1917.187,978.835,358.342,18.9413,20.0000,1.9620,1.4910,6.6736,0.5015,0.3553,0.1431,0.0807,0.2107,3.0031,0.6675,0.1899
4,3,1935,1936,2,1,2,1.0000,1935.490,670.000,276.529,8.5327,14.0000,1.0980,0.6938,4.6850,0.0000,0.7500,0.2500,0.0000,0.0000,4.0152,0.3346,0.7843
8,3,1941,1943,3,2,2,0.6667,1941.848,819.348,699.196,10.8930,18.0000,1.5652,0.4271,6.0282,0.4961,0.2369,0.2670,0.9586,0.0986,3.8514,1.3396,0.4891
11,3,1948,1950,3,2,3,0.6111,1949.009,636.676,484.126,11.2174,14.0000,1.3874,0.3481,4.6924,0.1450,0.5116,0.3434,0.2261,0.2304,3.3516,0.8381,0.3604
7,3,1957,1959,3,2,3,0.3889,1957.938,810.099,153.259,10.2702,14.0000,1.2099,0.2842,4.6965,0.7514,0.0882,0.1604,0.7791,0.1005,3.3551,0.3356,0.5062
9,3,1970,1973,4,2,2,0.5625,1971.882,680.294,646.814,11.4179,18.0000,1.5882,0.3675,6.0448,0.6745,0.1583,0.1672,0.9871,0.1490,4.0301,1.3434,0.4510
10,4,1974,1976,3,2,3,0.5556,1975.000,897.853,642.055,11.5778,17.0000,1.5596,0.1568,5.7102,0.2985,0.4140,0.2874,0.8719,0.2325,3.0233,1.3434,0.5138
6,3,1983,1985,3,2,2,0.5000,1983.614,903.843,485.557,9.6046,15.0000,1.2857,0.7734,5.0411,0.6373,0.1269,0.2358,0.8795,0.0724,4.3692,1.3445,0.6000
4,3,2002,2003,2,1,2,1.0000,2002.423,961.000,704.596,8.7517,17.0000,1.3077,0.5849,5.7220,0.0000,0.7500,0.2500,0.0000,0.0000,4.8808,1.1780,0.8462
5,3,2012,2014,3,1,2,0.8333,2013.206,652.000,320.381,9.4942,15.0000,1.1905,0.4332,5.0546,0.5854,0.2927,0.1220,0.9487,0.0000,4.0436,0.8423,0.6508
5,3,2016,2018,3,2,2,0.4167,2016.982,873.158,594.140,8.5936,14.0000,1.2281,0.2120,4.7197,0.7958,0.0325,0.1718,0.9294,0.3690,4.0451,0.6743,0.7018
8,3,2025,2027,3,1,4,0.6667,2025.968,889.000,219.862,11.2155,20.0000,1.7021,0.1419,6.7495,0.5857,0.3408,0.0735,0.4132,0.0000,4.0494,1.0123,0.4894
4,3,2038,2040,3,2,1,0.6667,2039.120,712.560,535.000,8.4488,14.0000,1.1200,0.5727,4.7318,0.7576,0.1294,0.1129,0.8507,0.0000,5.0692,0.6760,0.8400
9,3,2058,2061,4,2,2,0.5625,2059.344,1066.323,933.710,10.4926,13.0000,1.2581,0.5538,4.4003,0.6854,0.1426,0.1721,0.9365,0.1398,3.7229,0.6769,0.4194
8,3,2082,2085,4,3,2,0.3333,2083.299,999.000,853.724,10.4174,14.0000,1.2874,0.7834,4.7415,0.7034,0.1055,0.1911,0.9687,0.2484,3.2174,0.6774,0.4598
7,3,2084,2086,3,2,2,0.5833,2084.919,862.324,565.500,9.4726,15.0000,1.4189,0.6015,5.0802,0.5927,0.2184,0.1889,0.8630,0.4864,2.3708,0.3387,0.5676
4,3,2088,2091,4,1,1,1.0000,2089.418,801.000,759.000,9.3136,15.0000,1.0909,1.4182,5.0802,0.9375,0.0000,0.0625,1.0000,0.0000,4.4028,0.3387,0.7818
11,3,2095,2098,4,3,3,0.3056,2096.122,772.802,793.458,13.3765,19.0000,1.5954,0.5139,6.4346,0.2398,0.5958,0.1644,0.8995,0.1070,3.0479,0.0000,0.4962
5,3,2103,2105,3,1,2,0.8333,2103.793,934.000,673.448,8.7835,13.0000,1.1207,0.9661,4.4022,0.5854,0.2927,0.1220,0.9487,0.0000,4.7408,0.6773,0.6724
11,3,2126,2129,4,3,3,0.3056,2127.384,953.054,508.214,11.4295,15.0000,1.4732,0.4429,5.0769,0.6404,0.0627,0.2969,0.7845,0.6180,3.3846,1.1846,0.3839
5,3,2129,2131,3,2,1,0.8333,2130.070,958.368,690.000,8.6272,14.0000,1.2281,0.3750,4.7382,0.5854,0.2927,0.1220,0.9487,0.0000,4.7382,1.3538,0.7018
4,3,2130,2133,4,1,1,1.0000,2131.333,954.000,869.000,8.1224,14.0000,1.1667,0.3333,4.7381,0.9375,0.0000,0.0625,1.0000,0.0000,4.0612,1.0153,0.8333
5,3,2140,2142,3,2,1,0.8333,2140.694,1076.629,759.000,9.3828,16.0000,1.2903,0.7865,5.4144,0.5854,0.2927,0.1220,0.9487,0.0000,4.0608,1.1844,0.6774
4,3,2161,2162,2,2,2,0.5000,2161.765,529.510,998.255,8.6312,13.0000,1.0196,0.6166,4.4003,0.5916,0.1015,0.3069,0.5000,0.5000,4.7387,2.0309,0.7647
8,3,2167,2170,4,3,2,0.3333,2168.362,1218.809,661.096,11.2513,15.0000,1.2766,1.0345,5.0783,0.6426,0.2330,0.1244,0.7243,0.2475,4.4011,0.8464,0.5851
14,3,2168,2170,3,3,4,0.3889,2169.192,605.179,385.093,13.6630,15.0000,1.3907,1.1238,5.0783,0.3874,0.1368,0.4758,0.0059,0.3794,3.3856,0.6771,0.2781
8,3,2170,2172,3,2,2,0.6667,2170.667,1074.724,465.529,10.4143,14.0000,1.2874,0.6832,4.7401,0.4716,0.1249,0.4035,0.8929,0.1898,4.0630,1.3543,0.4713
6,4,2173,2174,2,3,1,1.0000,2173.455,1216.987,731.000,10.6443,15.0000,1.1688,0.4547,5.0793,0.5556,0.3333,0.1111,0.0000,0.0000,4.2326,0.3386,0.7403
11,3,2178,2181,4,3,3,0.3056,2179.113,951.500,590.645,12.6625,14.0000,1.2419,1.3801,4.7417,0.6974,0.0783,0.2243,0.8338,0.0115,3.7254,1.0160,0.4435
6,3,2193,2194,2,2,2,0.7500,2193.304,970.304,457.536,9.5450,14.0000,1.2174,0.6876,4.7438,0.2000,0.3333,0.4667,0.7071,0.7071,3.7273,0.6777,0.5797
4,3,2196,2198,3,1,2,0.6667,2197.183,786.000,531.817,10.1664,19.0000,1.2667,0.2593,6.4387,0.7500,0.1500,0.1000,0.9487,0.0000,5.4220,1.3556,0.8167
9,3,2199,2202,4,2,3,0.3750,2200.485,796.762,766.644,11.4097,17.0000,1.5149,0.8577,5.7614,0.1161,0.7158,0.1680,0.2939,0.0427,2.3724,0.3389,0.4554
5,3,2217,2218,2,2,2,0.6250,2217.368,1096.228,471.281,8.6400,15.0000,1.3158,0.5163,5.0841,0.3432,0.2505,0.4063,0.6059,0.3645,4.7452,1.3558,0.7193
8,3,2228,2230,3,1,4,0.6667,2229.124,570.000,545.225,10.6636,16.0000,1.4382,0.2565,5.4222,0.7339,0.2045,0.0616,0.5786,0.0000,3.3890,1.3556,0.4719
6,3,2230,2232,3,1,2,1.0000,2231.132,1034.000,518.471,9.4074,14.0000,1.2353,0.4888,4.7443,0.5556,0.3333,0.1111,1.0000,0.0000,4.4053,0.6778,0.6029
8,3,2234,2237,4,2,2,0.5000,2235.484,1004.703,690.275,10.9015,17.0000,1.4945,0.6303,5.7603,0.6066,0.1994,0.1941,0.9479,0.2003,4.0660,1.0165,0.4835
5,3,2238,2240,3,3,1,0.5556,2238.903,944.274,509.000,9.3939,15.0000,1.2097,0.7322,5.0820,0.5532,0.3398,0.1070,0.5606,0.0000,4.7432,1.3552,0.6774
4,3,2238,2239,2,1,2,1.0000,2238.469,1052.000,558.531,8.3007,13.0000,1.0612,0.7084,4.4045,0.0000,0.7500,0.2500,0.0000,0.0000,4.0656,0.6776,0.7959
9,4,2253,2256,4,3,2,0.3750,2254.670,798.214,547.194,11.6240,16.0000,1.3981,0.7294,5.4172,0.7758,0.1254,0.0988,0.9146,0.1241,3.7239,0.6772,0.5340
8,3,2263,2264,2,3,2,0.6667,2263.373,765.024,580.193,9.9303,14.0000,1.3494,0.4210,4.7377,0.4961,0.2369,0.2670,0.1645,0.5745,3.5531,1.0153,0.4819
3,3,2270,2272,3,1,1,1.0000,2271.000,580.000,826.000,7.8117,14.0000,1.0500,0.0000,4.7356,0.8889,0.0000,0.1111,1.0000,0.0000,4.7358,1.6913,1.0000
4,3,2282,2283,2,2,1,1.0000,2282.542,1079.562,562.000,8.1138,14.0000,1.1667,0.6963,4.7331,0.0000,0.7500,0.2500,1.0000,0.0000,4.7330,1.0142,0.8333
4,3,2284,2287,4,1,1,1.0000,2285.667,924.000,793.000,8.1131,14.0000,1.1667,0.3333,4.7326,0.9375,0.0000,0.0625,1.0000,0.0000,4.7326,1.6902,0.8333
5,4,2295,2297,3,2,1,0.8333,2295.710,1012.594,777.000,10.4305,17.0000,1.2319,0.4987,5.7463,0.5854,0.2927,0.1220,0.9487,0.0000,5.2393,1.0141,0.8696
10,3,2302,2305,4,2,3,0.4167,2303.615,834.713,782.689,13.0435,18.0000,1.4754,0.8395,6.0857,0.7347,0.0067,0.2585,0.7435,0.5774,4.3952,1.3523,0.3689
7,3,2313,2314,2,2,2,0.8750,2313.553,892.342,629.474,9.7177,13.0000,1.1974,0.8042,4.3980,0.0000,0.3318,0.6682,0.7788,0.5774,4.3979,1.5223,0.5132
5,4,2321,2323,3,2,1,0.8333,2322.149,974.687,982.000,10.1444,18.0000,1.3433,0.3472,6.0940,0.5854,0.2927,0.1220,0.9487,0.0000,4.0627,1.0156,0.8806
6,3,2330,2332,3,2,2,0.5000,2331.371,802.129,516.571,9.6845,15.0000,1.2857,0.7716,5.0836,0.6373,0.1269,0.2358,0.8795,0.0724,4.4053,1.0167,0.6000
4,3,2340,2341,2,2,1,1.0000,2340.480,1130.520,753.000,8.4802,13.0000,1.0400,0.7077,4.4100,0.0000,0.7500,0.2500,1.0000,0.0000,5.0877,1.3570,0.7800
4,3,2360,2362,3,2,1,0.6667,2361.188,830.167,714.000,8.1552,14.0000,1.1667,0.8294,4.7574,0.7500,0.1500,0.1000,0.9487,0.0000,4.7570,2.0387,0.8333
8,3,2362,2365,4,3,2,0.3333,2363.705,807.023,889.091,10.5737,14.0000,1.2727,0.3100,4.7580,0.7652,0.1267,0.1081,0.7998,0.2008,3.5682,1.0195,0.4545
6,4,2383,2385,3,2,2,0.5000,2384.114,836.243,746.614,9.7199,14.0000,1.2000,0.6704,4.7617,0.6381,0.1455,0.2164,0.8019,0.3768,4.7617,1.1904,0.7571
6,3,2383,2385,3,2,1,1.0000,2384.076,1089.439,701.000,9.1645,16.0000,1.4545,0.4459,5.4420,0.5556,0.3333,0.1111,1.0000,0.0000,3.2312,1.0204,0.6364
10,3,2384,2387,4,2,3,0.4167,2385.556,490.917,705.833,11.6165,14.0000,1.2963,1.4564,4.7620,0.6963,0.1720,0.1317,0.8960,0.0493,4.5917,1.7006,0.3704
8,3,2384,2386,3,3,2,0.4444,2384.989,902.315,685.820,10.7026,17.0000,1.5281,0.3625,5.7822,0.1440,0.6018,0.2543,0.6132,0.2716,3.9115,1.0204,0.4831
10,3,2387,2389,3,3,2,0.5556,2387.589,970.879,1011.514,11.5093,15.0000,1.4019,0.6481,5.1022,0.1247,0.5395,0.3358,0.1207,0.3549,4.0817,1.7007,0.4019
6,3,2389,2391,3,2,2,0.5000,2390.014,894.233,943.740,10.1374,17.0000,1.3973,0.3495,5.7827,0.1333,0.2667,0.6000,1.0000,0.0000,4.4220,1.3606,0.6301
12,4,2392,2396,5,3,3,0.2667,2393.683,879.079,806.957,13.6494,21.0000,1.8129,0.6894,7.1434,0.6660,0.0927,0.2413,0.9865,0.1636,3.7418,2.0410,0.4604
3,3,2404,2406,3,1,1,1.0000,2405.000,1031.000,798.000,7.6589,13.0000,1.0000,1.0000,4.4219,0.8889,0.0000,0.1111,1.0000,0.0000,4.0817,0.8503,1.0000
10,3,2422,2424,3,3,3,0.3704,2423.327,956.736,886.782,11.8267,17.0000,1.5455,0.7548,5.7798,0.1931,0.5024,0.3046,0.9080,0.3678,3.7400,1.5299,0.4091
6,3,2430,2432,3,2,2,0.5000,2431.344,887.344,738.125,8.8814,13.0000,1.2187,0.5019,4.4190,0.5034,0.2551,0.2415,0.9677,0.2521,4.0790,0.6799,0.6094
3,3,2432,2434,3,1,1,1.0000,2433.000,810.000,609.000,8.2424,14.0000,1.0000,1.0000,4.7588,0.8889,0.0000,0.1111,1.0000,0.0000,5.0986,1.3596,1.0000
5,3,2475,2476,2,2,2,0.6250,2475.581,1017.823,710.403,9.4304,13.0000,1.0484,0.7288,4.4215,0.3432,0.2505,0.4063,0.6059,0.3645,4.7615,1.3604,0.6290
5,3,2491,2493,3,2,2,0.4167,2491.968,962.857,791.175,9.5867,17.0000,1.3492,0.2278,5.7844,0.7958,0.0325,0.1718,0.9294,0.3690,4.7636,1.7013,0.6825
10,3,2494,2497,4,2,4,0.3125,2495.330,1024.330,932.602,11.0830,15.0000,1.4563,0.6135,5.1040,0.8639,0.0035,0.1326,0.7979,0.2968,3.7429,1.7013,0.4175
9,3,2508,2510,3,2,3,0.5000,2509.182,719.646,1048.212,11.2261,16.0000,1.4545,0.4506,5.4430,0.5067,0.2821,0.2111,0.7868,0.0952,3.7422,1.3606,0.4343
4,3,2509,2510,2,2,1,1.0000,2509.429,1070.551,701.000,8.3345,14.0000,1.1429,0.6981,4.7626,0.0000,0.7500,0.2500,1.0000,0.0000,4.9327,0.8505,0.8367
5,3,2528,2529,2,2,2,0.6250,2528.712,796.593,420.780,8.9669,16.0000,1.3559,0.6953,5.4373,0.3432,0.2505,0.4063,0.6059,0.3645,4.7577,1.8691,0.7119
8,4,2542,2545,4,2,3,0.3333,2543.698,969.906,862.083,11.5254,20.0000,1.6667,0.3271,6.7913,0.7160,0.1830,0.1010,0.9869,0.1575,4.0749,1.6979,0.6354
4,3,2551,2553,3,2,1,0.6667,2552.000,991.170,813.000,8.9961,16.0000,1.2075,0.1698,5.4316,0.5357,0.3214,0.1429,1.0000,0.0000,5.0922,0.6790,0.8302
5,3,2564,2566,3,2,1,0.8333,2565.220,671.390,544.000,8.9562,13.0000,1.1017,0.4478,4.4127,0.5854,0.2927,0.1220,0.9487,0.0000,4.7521,1.3577,0.6610
6,3,2575,2576,2,2,3,0.5000,2575.647,575.412,1029.941,9.4245,14.0000,1.2353,0.7692,4.7528,0.4412,0.1872,0.3716,0.0000,0.0000,4.2436,0.6790,0.5882
3,3,2598,2600,3,1,1,1.0000,2599.000,678.000,826.000,8.2392,14.0000,1.0000,1.0000,4.7572,0.8889,0.0000,0.1111,1.0000,0.0000,5.0967,1.3591,1.0000
5,3,2621,2623,3,3,1,0.5556,2622.236,1136.909,687.000,8.3679,13.0000,1.1818,0.9393,4.4228,0.5532,0.3398,0.1070,0.8281,0.0000,4.7628,1.1907,0.7091
4,3,2623,2625,3,1,2,0.6667,2623.942,767.000,995.538,8.8461,14.0000,1.0769,1.0493,4.7633,0.7576,0.1294,0.1129,0.8507,0.0000,4.2528,1.0208,0.7885
3,3,2636,2638,3,1,1,1.0000,2637.048,730.000,896.000,8.2558,15.0000,1.0714,0.9524,5.1072,0.8889,0.0000,0.1111,1.0000,0.0000,5.1070,1.0214,1.0000
10,3,2640,2643,4,3,3,0.2778,2641.454,811.176,788.537,11.6300,14.0000,1.2963,0.6717,4.7675,0.5580,0.2322,0.2098,0.8280,0.2736,4.0865,1.1919,0.3796
5,3,2642,2643,2,3,1,0.8333,2642.391,1074.219,568.000,9.7469,16.0000,1.2500,0.4477,5.4486,0.5854,0.2927,0.1220,0.3162,0.0000,4.7675,1.7027,0.6719
8,3,2649,2650,2,3,2,0.6667,2649.607,693.191,514.820,10.7184,15.0000,1.3483,0.9173,5.1096,0.4961,0.2369,0.2670,0.1645,0.5745,3.2360,1.0219,0.4831
3,3,2653,2654,2,2,1,0.7500,2653.690,971.333,854.000,8.2609,15.0000,1.0714,0.4549,5.1101,0.5333,0.2667,0.2000,0.7071,0.0000,5.1101,1.8737,1.0000
5,3,2659,2660,2,2,3,0.4167,2659.650,1019.133,1097.983,9.1424,14.0000,1.1667,0.3749,4.7701,0.1521,0.5234,0.3245,0.0000,0.5847,4.0886,0.3407,0.6667
6,3,2673,2675,3,2,2,0.5000,2674.328,906.866,938.478,9.3206,14.0000,1.2537,0.6315,4.7706,0.6373,0.1269,0.2358,0.8795,0.0724,4.0891,1.0223,0.5970
8,3,2681,2683,3,4,2,0.3333,2682.319,864.989,882.209,10.9628,13.0000,1.1429,1.0599,4.4296,0.6060,0.2910,0.1031,0.1823,0.4029,4.2593,1.7037,0.4286
4,3,2686,2687,2,2,1,1.0000,2686.571,1060.571,882.000,8.3477,15.0000,1.2245,0.6061,5.1108,0.0000,0.7500,0.2500,1.0000,0.0000,4.7701,1.3629,0.8367
5,3,2691,2693,3,2,2,0.4167,2691.914,686.155,974.776,8.8369,15.0000,1.2931,0.2859,5.1103,0.4138,0.1655,0.4207,1.0000,0.0000,3.7476,0.3407,0.7069
3,3,2699,2701,3,1,1,1.0000,2700.023,992.000,1006.000,8.6529,16.0000,1.0909,0.9773,5.4497,0.8889,0.0000,0.1111,1.0000,0.0000,5.4500,1.0218,1.0000
4,3,2700,2702,3,2,1,0.6667,2701.408,902.735,1008.000,8.3448,15.0000,1.2245,0.6486,5.1090,0.7500,0.1500,0.1000,0.9487,0.0000,4.7685,1.3624,0.8367
8,3,2705,2708,4,2,2,0.5000,2706.516,846.714,979.231,10.9565,14.0000,1.2308,0.6338,4.7677,0.6000,0.1500,0.2500,1.0000,0.0000,4.4272,1.0217,0.4505
6,3,2716,2718,3,3,1,0.6667,2716.648,1119.296,840.000,9.8670,16.0000,1.3521,0.7873,5.4465,0.2083,0.6667,0.1250,0.8944,0.0000,4.4254,1.8722,0.6197
4,4,2739,2740,2,2,1,1.0000,2739.492,1070.475,897.000,10.0334,16.0000,1.0847,0.6832,5.4419,0.0000,0.7500,0.2500,1.0000,0.0000,5.2718,0.6803,1.0000
6,3,2747,2749,3,2,2,0.5000,2747.657,681.642,916.881,9.3014,13.0000,1.1642,0.7575,4.4208,0.5034,0.2551,0.2415,0.9677,0.2521,4.4207,1.3602,0.5821
3,3,2749,2751,3,1,1,1.0000,2750.024,1161.000,969.000,8.2457,15.0000,1.0714,0.0238,5.1007,0.8889,0.0000,0.1111,1.0000,0.0000,5.1006,1.7002,1.0000
5,3,2773,2775,3,3,1,0.5556,2774.343,822.985,928.000,10.1899,19.0000,1.4179,0.6569,6.4615,0.3318,0.5530,0.1152,1.0000,0.0000,4.0809,1.3603,0.7463
6,3,2778,2780,3,2,2,0.5000,2778.884,417.696,812.667,9.5802,15.0000,1.3043,0.4660,5.1014,0.3218,0.4574,0.2208,0.9366,0.3505,4.2512,1.7005,0.5942
6,3,2778,2779,2,2,3,0.5000,2778.471,534.118,470.779,9.4413,15.0000,1.3235,0.5329,5.1014,0.3810,0.3333,0.2857,0.3162,0.5071,4.2512,1.3604,0.6176
4,3,2790,2792,3,1,2,0.6667,2791.098,843.000,1026.549,8.6729,15.0000,1.1765,0.5577,5.1017,0.7576,0.1294,0.1129,0.8507,0.0000,4.4215,1.0203,0.8431
7,3,2795,2797,3,2,2,0.5833,2796.359,844.474,644.782,10.0266,14.0000,1.2564,0.6728,4.7614,0.4600,0.2645,0.2756,0.8571,0.1000,3.7411,1.0203,0.5385
6,3,2803,2805,3,3,2,0.3333,2803.727,950.924,917.273,9.1625,14.0000,1.2727,0.7804,4.7608,0.4899,0.3164,0.1936,0.8165,0.5506,4.0806,1.8703,0.6061
6,3,2811,2813,3,1,2,1.0000,2811.944,813.000,1148.423,9.8539,15.0000,1.2676,0.4263,5.0994,0.5556,0.3333,0.1111,1.0000,0.0000,4.5894,1.0199,0.5775
7,3,2817,2819,3,1,3,0.7778,2818.052,836.000,520.273,9.8913,14.0000,1.2727,1.0867,4.7584,0.4747,0.4312,0.0941,0.8619,0.0000,3.7384,1.3595,0.5325
6,3,2819,2821,3,2,2,0.5000,2819.838,1008.618,935.132,9.4342,13.0000,1.1471,1.0496,4.4181,0.5230,0.1584,0.3185,0.9225,0.0898,4.4178,1.0196,0.5735
5,3,2833,2835,3,2,2,0.4167,2833.613,769.855,843.790,9.4166,16.0000,1.2903,0.4636,5.4338,0.6338,0.1686,0.1975,0.9585,0.2851,4.0755,0.8492,0.6774
5,3,2845,2847,3,2,2,0.4167,2845.738,791.787,541.180,9.2609,14.0000,1.1475,0.7888,4.7527,0.6489,0.0995,0.2515,0.9362,0.2726,4.0737,1.0185,0.6721
3,3,2850,2851,2,1,2,0.7500,2850.675,477.000,964.675,7.8391,14.0000,1.0500,0.4596,4.7522,0.5333,0.2667,0.2000,0.7071,0.0000,4.7522,1.3578,1.0000
6,3,2860,2862,3,2,2,0.5000,2860.889,634.806,1093.736,9.9773,14.0000,1.1667,0.8549,4.7521,0.5230,0.1584,0.3185,0.9225,0.0898,4.5824,2.0366,0.5694
6,3,2867,2869,3,2,2,0.5000,2867.923,719.677,761.877,9.0081,15.0000,1.3846,0.3542,5.0920,0.7074,0.0897,0.2030,0.9140,0.2540,3.9039,1.1882,0.6308
9,3,2870,2872,3,3,3,0.3333,2871.228,1188.980,1050.693,11.4295,16.0000,1.4257,0.3827,5.4318,0.4167,0.2158,0.3675,0.3273,0.3009,3.0555,0.6790,0.4356
27,10,2895,2898,4,5,5,0.2700,2896.813,742.401,1260.415,22.6903,27.0000,2.1009,0.6064,9.1740,0.2885,0.1795,0.5320,0.6040,0.7961,3.5676,1.0193,0.5159
8,3,2901,2904,4,2,2,0.5000,2902.616,780.198,1017.477,10.3332,15.0000,1.3953,0.8038,5.0976,0.7654,0.0656,0.1690,0.9353,0.3445,3.5684,1.3594,0.4767
5,3,2902,2904,3,2,1,0.8333,2903.286,452.381,728.000,9.5752,16.0000,1.2698,0.4762,5.4376,0.5854,0.2927,0.1220,0.9487,0.0000,4.0782,1.0196,0.6984
10,3,2906,2908,3,3,2,0.5556,2907.283,489.104,488.472,11.3934,15.0000,1.4151,0.5598,5.0984,0.2676,0.3433,0.3891,0.2846,0.1378,2.8892,1.0197,0.3962
8,3,2909,2911,3,3,2,0.4444,2910.037,816.222,869.704,9.7348,13.0000,1.2840,0.3722,4.4192,0.4643,0.2762,0.2595,0.7284,0.0993,3.3993,1.3596,0.4815
3,3,2911,2912,2,2,1,0.7500,2911.333,873.667,895.000,7.6543,13.0000,1.0000,0.7454,4.4193,0.5333,0.2667,0.2000,0.7071,0.0000,4.7591,2.0396,1.0000
10,3,2912,2914,3,3,3,0.3704,2912.636,816.364,510.112,11.5028,15.0000,1.4019,0.7412,5.0994,0.5208,0.1585,0.3208,0.5774,0.6172,3.7396,1.5298,0.3925
5,4,2934,2936,3,1,2,0.8333,2935.206,587.000,1075.365,9.5832,14.0000,1.1111,0.4194,4.7619,0.5854,0.2927,0.1220,0.9487,0.0000,4.0817,0.6803,0.8413
4,3,2934,2935,2,2,1,1.0000,2934.449,706.551,996.000,8.3333,14.0000,1.1429,0.7108,4.7619,0.0000,0.7500,0.2500,1.0000,0.0000,4.9319,2.0408,0.8367
3,3,2947,2949,3,1,1,1.0000,2948.049,971.000,929.000,8.0527,15.0000,1.0976,0.9512,5.1029,0.8889,0.0000,0.1111,1.0000,0.0000,4.0823,0.8505,1.0000
4,3,2952,2953,2,1,2,1.0000,2952.438,595.000,1120.438,8.1647,14.0000,1.1667,0.6187,4.7627,0.0000,0.7500,0.2500,0.0000,0.0000,5.4431,2.0412,0.8333
4,3,2956,2958,3,2,1,0.6667,2957.000,447.843,952.000,8.6751,17.0000,1.3333,0.1569,5.7834,0.5357,0.3214,0.1429,1.0000,0.0000,4.7628,1.3608,0.8431
6,3,2964,2966,3,2,2,0.5000,2965.319,593.130,1035.333,9.5829,14.0000,1.2174,0.4794,4.7627,0.5034,0.2551,0.2415,0.9677,0.2521,4.2524,1.0206,0.5797
7,3,2967,2969,3,2,2,0.5833,2967.792,614.597,1033.130,9.9005,15.0000,1.3636,0.6457,5.1028,0.5916,0.2044,0.2040,0.9664,0.1591,3.0617,1.1906,0.5584
8,3,2983,2986,4,2,2,0.5000,2984.483,531.805,857.529,10.4629,15.0000,1.3793,0.7024,5.1023,0.4829,0.3092,0.2079,1.0000,0.0000,3.0614,0.3402,0.4943
9,3,2986,2989,4,4,2,0.2812,2987.194,676.720,898.376,10.5448,14.0000,1.3548,1.2823,4.7622,0.2610,0.5751,0.1639,0.7356,0.0785,3.4015,1.7008,0.4516
4,3,2991,2992,2,1,2,1.0000,2991.569,346.000,962.471,8.6740,15.0000,1.1765,0.6829,5.1024,0.0000,0.7500,0.2500,0.0000,0.0000,4.9323,0.6803,0.8235
6,3,3025,3026,2,2,2,0.7500,3025.458,483.639,1107.681,10.0048,15.0000,1.2500,0.6652,5.1055,0.2000,0.3333,0.4667,0.0000,0.0000,4.5950,0.6807,0.5694
5,3,3027,3029,3,2,2,0.4167,3028.051,702.220,1038.780,8.9815,14.0000,1.1864,0.3157,4.7655,0.4138,0.1655,0.4207,1.0000,0.0000,4.7655,1.8721,0.6780
5,3,3027,3029,3,1,2,0.8333,3028.234,892.000,658.422,9.7427,17.0000,1.3281,0.4826,5.7867,0.5854,0.2927,0.1220,0.9487,0.0000,5.1060,2.0423,0.6875
4,3,3052,3054,3,1,2,0.6667,3053.170,901.000,1152.830,8.0029,13.0000,1.1064,1.1825,4.4271,0.7500,0.1500,0.1000,0.9487,0.0000,4.7676,1.3622,0.8298
11,3,3060,3063,4,3,3,0.3056,3060.983,700.059,1084.729,12.1161,14.0000,1.3051,0.2781,4.7677,0.4852,0.2689,0.2459,0.9154,0.1085,4.0866,1.3622,0.3475
5,3,3064,3066,3,2,1,0.8333,3065.276,336.517,612.000,8.8330,15.0000,1.2931,0.8899,5.1080,0.5854,0.2927,0.1220,0.9487,0.0000,4.7675,0.6811,0.7069
9,3,3066,3069,4,3,2,0.3750,3067.167,928.689,990.678,10.2159,13.0000,1.3000,0.9807,4.4269,0.8252,0.0417,0.1331,0.7535,0.6492,3.7458,1.3621,0.4333
4,3,3068,3070,3,1,2,0.6667,3068.940,510.000,966.520,8.5131,14.0000,1.1200,0.5235,4.7673,0.7576,0.1294,0.1129,0.8507,0.0000,5.1079,1.3621,0.8000
6,3,3091,3093,3,2,2,0.5000,3092.292,1102.354,844.123,9.0315,14.0000,1.2923,0.9662,4.7648,0.5230,0.1584,0.3185,0.9225,0.0898,4.0841,1.0210,0.6154
11,4,3097,3100,4,2,4,0.3438,3098.446,680.736,1128.620,12.4146,14.0000,1.2727,1.0604,4.7641,0.7520,0.1488,0.0992,0.7738,0.0953,4.4235,1.3612,0.4380
11,3,3108,3111,4,3,2,0.4583,3109.252,890.180,549.712,11.3845,14.0000,1.3874,1.2976,4.7625,0.5134,0.3047,0.1819,0.9731,0.1135,3.4015,1.7007,0.3694
4,3,3118,3120,3,1,2,0.6667,3118.981,532.000,744.259,9.1812,15.0000,1.1111,0.2599,5.1007,0.5357,0.3214,0.1429,1.0000,0.0000,4.2507,1.0201,0.7778
5,3,3128,3130,3,2,2,0.4167,3129.491,316.386,662.140,8.6650,14.0000,1.2281,0.6538,4.7588,0.6999,0.1281,0.1720,0.8684,0.1395,4.7590,0.8498,0.7193
6,3,3147,3149,3,2,1,1.0000,3148.121,442.545,359.000,9.1538,15.0000,1.3636,0.9894,5.0959,0.5556,0.3333,0.1111,1.0000,0.0000,3.3973,0.6795,0.6212
8,3,3167,3170,4,2,3,0.3333,3168.547,870.756,620.779,10.3261,14.0000,1.3023,0.5604,4.7545,0.8159,0.0222,0.1618,0.8571,0.5123,3.0565,1.6981,0.4651
9,3,3178,3181,4,3,2,0.3750,3179.959,578.908,883.755,11.0932,13.0000,1.1939,0.9942,4.4147,0.6875,0.1347,0.1778,0.9478,0.2480,4.4146,1.1886,0.3980
6,4,3181,3182,2,2,2,0.7500,3181.634,471.521,829.746,9.8432,14.0000,1.1831,0.6540,4.7542,0.2000,0.3333,0.4667,0.7071,0.7071,4.7542,1.0188,0.7465
7,3,3184,3187,4,2,2,0.4375,3185.663,511.096,1032.759,10.6533,17.0000,1.4337,0.7117,5.7730,0.8522,0.0413,0.1065,0.9646,0.1833,3.3959,1.0188,0.5422
6,3,3186,3188,3,2,2,0.5000,3187.342,494.479,899.151,10.1205,15.0000,1.2329,0.6411,5.0939,0.6373,0.1269,0.2358,0.8795,0.0724,4.4147,1.3584,0.5753
10,3,3200,3204,5,3,3,0.2222,3201.960,429.762,997.000,10.8478,15.0000,1.4851,0.9894,5.0945,0.6406,0.1811,0.1783,0.9860,0.0476,2.5474,0.3397,0.4158
5,3,3215,3217,3,2,1,0.8333,3215.683,257.397,651.000,9.5718,16.0000,1.2698,0.5082,5.4358,0.5854,0.2927,0.1220,0.9487,0.0000,5.0959,0.6795,0.6984
4,3,3218,3219,2,1,2,1.0000,3218.519,622.000,1028.519,8.8337,14.0000,1.0769,0.6799,4.7566,0.0000,0.7500,0.2500,0.0000,0.0000,4.7566,1.3590,0.7692
10,3,3227,3230,4,3,3,0.2778,3228.879,390.589,795.037,11.4991,15.0000,1.4019,0.4304,5.0977,0.7359,0.0922,0.1719,0.8946,0.1500,3.9083,1.6992,0.3925
6,3,3233,3234,2,2,2,0.7500,3233.623,633.261,783.478,9.5742,14.0000,1.2174,0.6624,4.7584,0.2000,0.3333,0.4667,0.7071,0.7071,4.4185,1.6994,0.5797
4,3,3238,3240,3,1,2,0.6667,3238.917,853.000,721.542,8.1582,13.0000,1.0833,1.0249,4.4190,0.7576,0.1294,0.1129,0.8507,0.0000,4.7589,1.3597,0.8125
34,16,3241,3245,5,6,5,0.2267,3243.726,168.468,586.979,28.2765,31.0000,2.1732,0.5429,10.5387,0.2532,0.4076,0.3392,0.2604,0.3907,3.7395,1.0198,0.6289
9,4,3242,3244,3,2,3,0.5000,3242.838,700.232,867.677,11.2184,14.0000,1.2727,1.3230,4.7593,0.6397,0.1686,0.1916,0.6310,0.0735,4.2494,1.3598,0.5455
7,3,3244,3247,4,3,2,0.2917,3245.221,544.130,708.870,9.8941,14.0000,1.2727,1.2345,4.7596,0.7536,0.1303,0.1161,0.8998,0.2750,3.7395,1.6998,0.5325
8,4,3273,3275,3,3,2,0.4444,3274.032,483.632,984.084,11.4212,18.0000,1.5158,0.6380,6.1208,0.3772,0.4133,0.2095,0.4285,0.0511,4.4205,1.3602,0.6211
4,3,3276,3277,2,2,1,1.0000,3276.429,297.449,588.000,8.3311,14.0000,1.1429,0.6207,4.7606,0.0000,0.7500,0.2500,1.0000,0.0000,4.9306,0.6801,0.8367
4,3,3284,3285,2,2,2,0.5000,3284.260,472.160,926.540,8.5012,15.0000,1.2000,0.6203,5.1007,0.5916,0.1015,0.3069,0.5000,0.5000,4.9307,0.6801,0.8400
7,3,3301,3303,3,2,2,0.5833,3301.905,376.392,897.108,9.5119,15.0000,1.4189,0.9925,5.1012,0.4600,0.2645,0.2756,1.0000,0.0000,3.0608,1.0203,0.5676
4,3,3301,3302,2,2,1,1.0000,3301.562,408.562,726.000,8.1620,14.0000,1.1667,0.6187,4.7612,0.0000,0.7500,0.2500,1.0000,0.0000,4.7611,1.0202,0.8333
8,3,3305,3308,4,2,2,0.5000,3306.315,312.438,896.303,10.7017,14.0000,1.2584,1.4185,4.7614,0.7457,0.0764,0.1778,0.9283,0.3082,3.9112,0.6802,0.4607
29,17,3308,3311,4,6,3,0.4028,3309.152,888.955,864.987,28.2946,36.0000,2.3304,0.1588,12.2441,0.4091,0.2193,0.3716,0.4483,0.5182,4.7616,1.3605,0.7411
4,3,3310,3312,3,2,1,0.6667,3310.796,357.148,773.000,9.1833,17.0000,1.2593,0.2519,5.7821,0.7500,0.1500,0.1000,0.9487,0.0000,5.2719,1.3605,0.8519
7,3,3319,3320,2,2,2,0.8750,3319.488,362.607,733.548,10.8001,16.0000,1.3333,0.7881,5.4428,0.0000,0.3318,0.6682,0.0000,0.5774,4.4223,1.3607,0.5119
7,3,3321,3323,3,2,3,0.3889,3322.316,495.895,836.303,9.7720,16.0000,1.4737,0.9826,5.4431,0.7514,0.0882,0.1604,0.6022,0.1549,3.4019,1.3608,0.5789
6,3,3329,3330,2,2,3,0.5000,3329.380,544.873,852.634,9.8619,14.0000,1.1831,0.5429,4.7633,0.5034,0.2551,0.2415,0.1128,0.4328,4.5932,1.0207,0.5775
4,3,3338,3340,3,1,2,0.6667,3338.585,387.000,1012.245,9.0177,18.0000,1.3585,0.6343,6.1252,0.7500,0.1500,0.1000,0.9487,0.0000,4.7641,1.1910,0.8302
7,3,3340,3343,4,2,2,0.4375,3342.027,663.253,260.107,9.6469,14.0000,1.3067,0.2762,4.7644,0.7632,0.1142,0.1226,0.9822,0.1774,3.7435,1.7016,0.5333
5,3,3342,3344,3,1,3,0.5556,3343.034,376.000,649.017,8.8273,14.0000,1.2069,0.0386,4.7645,0.7911,0.1351,0.0737,0.8507,0.0000,4.7644,1.0210,0.7069
4,3,3382,3383,2,2,1,1.0000,3382.429,446.551,938.000,8.3405,14.0000,1.1429,0.6981,4.7660,0.0000,0.7500,0.2500,1.0000,0.0000,4.9362,1.5319,0.8367
4,3,3386,3389,4,1,1,1.0000,3387.653,627.000,935.000,8.3408,14.0000,1.1429,0.6531,4.7662,0.9375,0.0000,0.0625,1.0000,0.0000,4.9364,1.0213,0.8367
5,3,3393,3395,3,2,1,0.8333,3394.203,588.542,973.000,8.9832,14.0000,1.1864,0.5008,4.7665,0.5854,0.2927,0.1220,0.9487,0.0000,4.0855,1.1916,0.6949
9,3,3407,3409,3,4,2,0.3750,3408.216,411.480,547.451,11.5780,15.0000,1.3235,0.7861,5.1080,0.8051,0.0406,0.1543,0.4818,0.7739,4.0863,1.3621,0.4314
6,3,3424,3426,3,3,1,0.6667,3425.314,924.671,562.000,9.7351,16.0000,1.3714,0.7604,5.4506,0.6061,0.3030,0.0909,0.7071,0.0000,4.4285,1.8736,0.6000
5,4,3430,3432,3,2,1,0.8333,3430.689,746.557,424.000,9.2945,14.0000,1.1475,0.8859,4.7698,0.5854,0.2927,0.1220,0.9487,0.0000,4.7699,0.6814,0.8689
7,3,3432,3435,4,2,2,0.4375,3433.729,548.247,677.271,10.9467,15.0000,1.2353,0.4555,5.1110,0.8243,0.0513,0.1244,0.9184,0.3278,4.4297,1.7036,0.4941
5,3,3437,3438,2,3,1,0.8333,3437.464,530.786,512.000,8.5341,13.0000,1.1607,0.5114,4.4300,0.5854,0.2927,0.1220,0.3162,0.0000,4.7707,1.1927,0.6964
4,3,3440,3441,2,3,1,0.6667,3440.729,493.354,692.000,8.1791,13.0000,1.0833,0.9741,4.4304,0.7500,0.1500,0.1000,0.3162,0.0000,4.0895,0.3409,0.8125
8,3,3441,3443,3,3,3,0.2963,3441.637,714.775,584.612,9.6394,13.0000,1.3000,1.1757,4.4305,0.6006,0.2658,0.1336,0.4819,0.4348,3.2377,1.3632,0.4875
4,3,3448,3450,3,2,1,0.6667,3448.979,260.833,481.000,8.1809,14.0000,1.1667,0.9932,4.7721,0.5357,0.3214,0.1429,1.0000,0.0000,4.0905,0.3409,0.8333
4,3,3459,3461,3,2,1,0.6667,3460.170,385.170,492.000,8.0127,13.0000,1.1064,1.1825,4.4327,0.7500,0.1500,0.1000,0.9487,0.0000,5.1144,1.7048,0.8298
6,3,3509,3511,3,2,2,0.5000,3510.118,428.809,737.324,9.4743,17.0000,1.5000,0.3938,5.8018,0.5230,0.1584,0.3185,0.9225,0.0898,3.9248,1.3651,0.6471
7,3,3511,3514,4,2,2,0.4375,3512.400,815.107,663.653,9.6747,14.0000,1.3067,0.5400,4.7781,0.6673,0.1280,0.2047,0.9953,0.0695,3.0716,0.6826,0.5333
5,4,3513,3515,3,3,1,0.5556,3514.215,216.954,455.000,9.9212,15.0000,1.1538,0.7860,5.1195,0.5532,0.3398,0.1070,0.8281,0.0000,4.7782,1.3652,0.8462
7,3,3520,3522,3,2,2,0.5833,3520.867,250.600,704.640,9.6757,14.0000,1.3067,0.7664,4.7786,0.3883,0.1309,0.4808,0.9235,0.3259,3.0719,1.0240,0.5333
18,3,3524,3527,4,6,5,0.1500,3525.904,704.021,810.846,15.1258,14.0000,1.3404,1.7869,4.7788,0.8250,0.0971,0.0779,0.3565,0.9278,2.9015,1.0241,0.3511
24,3,3526,3528,3,5,6,0.2667,3527.085,766.685,787.712,18.1164,19.0000,1.7538,1.3493,6.4857,0.4302,0.4594,0.1105,0.1364,0.9053,3.4136,1.0241,0.3692
24,8,3526,3529,4,4,5,0.3000,3527.537,781.855,768.127,19.7191,20.0000,1.6961,1.5366,6.8270,0.5560,0.2142,0.2298,0.3775,0.9172,3.0722,0.6827,0.5053
40,7,3527,3530,4,4,12,0.2083,3528.152,798.188,720.660,23.8023,19.0000,1.7234,1.0571,6.4858,0.9226,0.0456,0.0319,0.0264,0.7031,3.0722,0.6828,0.4172
7,4,3554,3556,3,2,2,0.5833,3555.241,902.899,711.443,10.2002,14.0000,1.2405,0.5142,4.7827,0.5916,0.2044,0.2040,0.9664,0.1591,5.1242,1.3664,0.6962
5,4,3556,3557,2,2,2,0.6250,3556.603,480.397,767.868,10.3891,18.0000,1.3235,0.5769,6.1494,0.3432,0.2505,0.4063,0.6059,0.3645,5.4660,1.7081,0.8676
3,3,3570,3571,2,1,2,0.7500,3570.325,197.000,618.650,7.8947,14.0000,1.0500,0.7267,4.7858,0.5333,0.2667,0.2000,0.7071,0.0000,4.7860,1.3673,1.0000
6,3,3582,3583,2,2,3,0.5000,3582.304,839.275,605.565,9.6349,15.0000,1.3043,0.5979,5.1305,0.6854,0.0214,0.2932,0.3377,0.6213,4.7885,1.5392,0.6087
5,4,3588,3590,3,2,1,0.8333,3588.818,449.591,504.000,10.0980,15.0000,1.1364,0.4477,5.1318,0.5854,0.2927,0.1220,0.9487,0.0000,4.1056,1.0263,0.8333
7,3,3600,3602,3,2,3,0.3889,3601.447,473.105,752.803,9.8296,16.0000,1.4737,0.5962,5.4751,0.6814,0.1697,0.1489,0.6007,0.0391,3.7641,1.1977,0.5526
6,3,3609,3610,2,2,2,0.7500,3609.648,441.535,831.718,9.9183,14.0000,1.1831,0.8457,4.7906,0.2000,0.3333,0.4667,0.7071,0.7071,4.4483,1.1976,0.5634
6,3,3613,3615,3,2,2,0.5000,3613.746,454.851,590.672,9.3589,13.0000,1.1642,1.0150,4.4481,0.5230,0.1584,0.3185,0.9225,0.0898,3.5926,0.6843,0.5821
9,3,3615,3617,3,3,2,0.5000,3616.010,768.250,841.083,10.9485,14.0000,1.3125,0.7547,4.7900,0.4845,0.3543,0.1611,0.7361,0.1485,3.7636,1.3686,0.4167
7,3,3623,3625,3,3,2,0.3889,3624.158,294.368,700.132,9.8261,13.0000,1.1974,0.4219,4.4469,0.3231,0.4135,0.2634,0.5071,0.1501,3.7629,1.5393,0.5132
4,3,3624,3626,3,1,2,0.6667,3624.940,839.000,650.540,8.5516,14.0000,1.1200,0.4639,4.7889,0.7576,0.1294,0.1129,0.8507,0.0000,4.1049,1.3683,0.8000
8,3,3628,3631,4,2,2,0.5000,3629.299,701.391,1069.897,10.5204,14.0000,1.2874,0.6864,4.7884,0.6860,0.1469,0.1671,0.9914,0.0730,3.0782,0.3420,0.4713
6,3,3639,3641,3,2,2,0.5000,3640.313,557.761,470.687,9.3533,16.0000,1.4328,0.7916,5.4712,0.6381,0.1455,0.2164,0.8019,0.3768,3.2486,0.8549,0.6418
11,4,3649,3651,3,3,2,0.6111,3650.079,957.118,463.591,13.0939,17.0000,1.4724,0.6074,5.8131,0.1142,0.6778,0.2080,0.8132,0.5062,3.7615,1.3678,0.4803
7,3,3693,3695,3,3,2,0.3889,3694.085,277.073,871.378,10.6198,14.0000,1.1951,1.0046,4.7971,0.6506,0.2085,0.1409,0.5052,0.2991,3.7692,1.3706,0.4878
4,3,3694,3696,3,1,2,0.6667,3695.106,485.000,667.723,8.0527,13.0000,1.1064,0.7312,4.4549,0.5357,0.3214,0.1429,1.0000,0.0000,4.7974,1.7134,0.8298
5,3,3697,3698,2,2,2,0.6250,3697.542,683.356,348.153,9.0428,15.0000,1.2712,0.5995,5.1409,0.3432,0.2505,0.4063,0.6059,0.3645,4.1125,1.3709,0.7119
5,4,3704,3706,3,1,2,0.8333,3704.877,560.000,363.415,9.9664,15.0000,1.1538,1.1974,5.1431,0.5854,0.2927,0.1220,0.9487,0.0000,5.1426,1.5428,0.8615
32,15,3707,3710,4,6,5,0.2667,3709.011,636.865,330.380,27.8858,36.0000,2.5043,0.4038,12.3453,0.4640,0.0399,0.4961,0.0694,0.9011,4.1152,0.6860,0.6435
8,3,3746,3748,3,2,3,0.4444,3747.244,447.198,792.430,10.4428,15.0000,1.3953,0.5327,5.1517,0.4702,0.2602,0.2696,0.5828,0.0167,3.4345,1.7172,0.5000
5,3,3755,3757,3,2,1,0.8333,3755.754,524.526,630.000,8.7574,14.0000,1.2281,0.5808,4.8097,0.5854,0.2927,0.1220,0.9487,0.0000,4.1225,0.3436,0.7018
4,3,3756,3757,2,2,1,1.0000,3756.519,542.519,611.000,8.9325,14.0000,1.0769,0.6799,4.8099,0.0000,0.7500,0.2500,1.0000,0.0000,4.8098,1.3742,0.7692
7,3,3757,3759,3,3,1,0.7778,3757.911,521.684,500.000,10.2588,14.0000,1.2405,0.9648,4.8100,0.1247,0.7481,0.1273,1.0000,0.0000,4.1227,1.7178,0.5190
6,3,3769,3772,4,2,2,0.3750,3770.191,427.132,526.132,9.5418,16.0000,1.4118,1.2058,5.4992,0.8444,0.0252,0.1304,0.9761,0.1745,4.1246,1.3748,0.6176
8,3,3772,3775,4,2,2,0.5000,3773.694,287.094,408.706,10.3306,15.0000,1.4118,1.3419,5.1566,0.7266,0.1136,0.1597,0.9790,0.0404,3.6094,1.0313,0.4941
6,3,3772,3774,3,3,1,0.6667,3773.188,381.145,507.000,9.6831,15.0000,1.3043,0.2377,5.1562,0.2593,0.6296,0.1111,0.0000,0.0000,3.6094,0.3437,0.6232
4,3,3774,3776,3,2,1,0.6667,3775.420,664.740,554.000,8.5944,16.0000,1.2800,0.6356,5.5006,0.7500,0.1500,0.1000,0.9487,0.0000,4.8129,1.0313,0.8400
8,3,3787,3789,3,2,3,0.4444,3788.067,517.089,466.189,10.9444,17.0000,1.5111,0.9564,5.8474,0.3523,0.3997,0.2481,0.5466,0.0108,3.9554,1.3758,0.5222
5,3,3809,3811,3,2,1,0.8333,3809.800,732.369,512.000,10.0097,18.0000,1.3846,0.4199,6.1983,0.5854,0.2927,0.1220,0.9487,0.0000,4.8206,1.3773,0.6923
15,5,3832,3835,4,4,3,0.3125,3833.656,1045.013,309.644,14.2528,15.0000,1.4062,0.9194,5.1753,0.3556,0.2842,0.3602,0.5330,0.1971,3.1052,1.0351,0.4437
7,3,3852,3855,4,2,2,0.4375,3853.181,763.108,392.807,10.8493,18.0000,1.5181,0.2856,6.2249,0.7558,0.1056,0.1386,0.9795,0.1648,3.8051,1.3834,0.5783
5,3,3863,3865,3,3,1,0.5556,3864.242,452.242,341.000,9.6063,15.0000,1.2097,0.7957,5.1976,0.8123,0.1108,0.0769,0.7071,0.0000,5.1967,1.7325,0.7097
4,3,3865,3866,2,2,1,1.0000,3865.462,430.538,553.000,9.0099,15.0000,1.1538,0.6527,5.1976,0.0000,0.7500,0.2500,1.0000,0.0000,5.1980,1.3861,0.7885
14,5,3890,3892,3,3,3,0.5185,3890.682,484.935,423.088,15.8282,22.0000,1.8118,0.3360,7.6648,0.2341,0.3005,0.4654,0.2881,0.8754,3.8323,1.0450,0.4765
4,3,3908,3910,3,1,2,0.6667,3909.174,525.000,730.804,8.0531,13.0000,1.1304,1.1901,4.5501,0.7500,0.1500,0.1000,0.9487,0.0000,3.8517,1.0507,0.8043
5,3,3910,3911,2,2,2,0.6250,3910.446,681.393,1178.839,8.7722,13.0000,1.1607,0.6976,4.5543,0.3432,0.2505,0.4063,0.6059,0.3645,3.8527,1.2261,0.6607
8,3,3911,3914,4,2,2,0.5000,3912.287,856.462,861.800,9.9131,13.0000,1.3000,0.5801,4.5558,0.7361,0.1009,0.1629,0.9354,0.3391,3.6807,1.4011,0.4625
4,3,3912,3914,3,1,2,0.6667,3913.192,706.000,437.154,9.1152,16.0000,1.2308,0.2463,5.6090,0.7500,0.1500,0.1000,0.9487,0.0000,5.2584,1.0515,0.8462
4,3,3914,3916,3,2,1,0.6667,3915.000,555.820,431.000,8.7699,15.0000,1.2000,0.1800,5.2619,0.5357,0.3214,0.1429,1.0000,0.0000,4.9117,1.5785,0.8200
5,3,3924,3925,2,2,2,0.6250,3924.615,316.385,429.846,8.1875,12.0000,1.1538,0.7418,4.2255,0.3432,0.2505,0.4063,0.6059,0.3645,4.5762,1.4083,0.6923
10,3,3925,3928,4,2,2,0.6250,3926.730,472.559,168.252,12.3694,17.0000,1.5315,0.6698,5.9913,0.6866,0.0554,0.2579,0.9915,0.1199,4.0526,0.8813,0.4144
6,3,3926,3928,3,2,2,0.5000,3927.209,573.537,431.866,9.6409,14.0000,1.2537,0.5252,4.9341,0.3810,0.3333,0.2857,0.9487,0.1690,4.2294,0.3525,0.5821
9,4,3946,3948,3,2,3,0.5000,3946.825,649.196,230.330,11.5269,14.0000,1.2990,1.2363,4.9954,0.3237,0.4225,0.2539,0.9257,0.3182,4.2782,1.4267,0.5258
6,3,3952,3954,3,2,1,1.0000,3953.043,597.507,871.000,10.0921,13.0000,1.1304,0.5091,4.6573,0.5556,0.3333,0.1111,1.0000,0.0000,4.4810,0.7168,0.5507
5,3,3955,3957,3,2,2,0.4167,3955.706,895.863,404.157,8.1904,12.0000,1.1765,0.7360,4.3143,0.6338,0.1686,0.1975,0.9585,0.2851,4.6667,1.0789,0.7059
6,3,3955,3957,3,2,2,0.5000,3955.814,1022.881,707.322,8.6504,12.0000,1.2203,0.3906,4.3143,0.5034,0.2551,0.2415,0.9677,0.2521,4.1293,1.7945,0.6102
8,3,3959,3962,4,2,2,0.5000,3960.423,549.244,368.821,9.9468,13.0000,1.3333,0.6515,4.6916,0.7248,0.0930,0.1821,0.9678,0.1435,3.7873,0.0007,0.4744
4,3,3978,3980,3,1,2,0.6667,3979.163,605.000,307.143,9.0174,15.0000,1.2245,0.2169,5.5198,0.7500,0.1500,0.1000,0.9487,0.0000,5.3358,0.7381,0.8571
12,3,3979,3983,5,3,3,0.2667,3980.869,860.140,561.009,11.3909,14.0000,1.5701,0.8804,5.1577,0.8961,0.0244,0.0794,0.8292,0.3013,3.3210,1.4732,0.3645
9,3,3986,3987,2,4,2,0.5625,3986.299,834.379,591.563,10.7614,13.0000,1.3448,0.7419,4.8224,0.6077,0.1265,0.2658,0.0396,0.5190,3.7130,1.1131,0.4253
25,5,3994,3997,4,4,5,0.3125,3996.022,354.941,329.796,20.1841,25.0000,2.3234,0.2141,9.3790,0.1988,0.3534,0.4479,0.4577,0.7833,3.9392,1.4992,0.3606
11,4,4002,4004,3,2,4,0.4583,4002.817,587.440,375.761,12.4202,13.0000,1.3119,0.5334,4.9139,0.6764,0.1561,0.1674,0.4773,0.0817,3.7803,1.1352,0.4587
10,3,4002,4005,4,3,2,0.4167,4003.347,1032.941,690.158,12.0770,16.0000,1.5842,0.6750,6.0542,0.5870,0.1672,0.2458,0.9255,0.0814,3.7799,1.5122,0.4257
5,3,4007,4009,3,2,1,0.8333,4008.161,770.696,541.000,9.5167,14.0000,1.2500,0.3435,5.3191,0.5854,0.2927,0.1220,0.9487,0.0000,4.9438,1.7120,0.6964
6,3,4013,4015,3,1,3,0.6667,4014.411,685.000,316.607,8.7409,12.0000,1.2857,0.7330,4.5862,0.6061,0.3030,0.0909,0.7071,0.0000,3.2517,0.9551,0.6071
3,3,4014,4015,2,1,2,0.7500,4014.647,831.000,304.676,7.5069,12.0000,1.0588,0.7234,4.5862,0.5333,0.2667,0.2000,0.7071,0.0000,3.8255,0.3829,1.0000
14,4,4016,4018,3,2,5,0.4667,4016.917,460.586,359.214,14.8518,14.0000,1.3517,1.3428,5.3658,0.6145,0.2507,0.1348,0.2684,0.3405,4.2156,1.1482,0.5241
8,3,4016,4018,3,2,2,0.6667,4017.147,884.667,430.787,10.1644,12.0000,1.2800,0.4221,4.5993,0.4961,0.2369,0.2670,0.9586,0.0986,4.0276,1.1491,0.4533
10,3,4018,4021,4,2,2,0.6250,4019.837,512.522,897.337,11.1798,13.0000,1.4130,1.0212,4.9918,0.6937,0.1028,0.2035,0.9361,0.3513,3.6521,1.1516,0.3913
4,3,4018,4019,2,1,2,1.0000,4018.568,703.000,368.477,8.4443,13.0000,1.1818,0.6780,4.9918,0.0000,0.7500,0.2500,0.0000,0.0000,4.0304,0.7674,0.8182
6,3,4018,4020,3,2,3,0.3333,4018.912,884.596,490.000,8.9347,12.0000,1.2632,0.6029,4.6078,0.4899,0.3164,0.1936,0.8165,0.5506,4.2222,1.9196,0.5965
9,3,4018,4021,4,2,3,0.3750,4019.405,1086.345,735.107,10.7556,14.0000,1.5000,0.7772,5.3758,0.5230,0.1631,0.3139,0.9464,0.2592,3.4587,1.1523,0.4643
3,3,4019,4021,3,1,1,1.0000,4020.000,990.000,418.000,7.3226,11.0000,1.0000,1.0000,4.2316,0.8889,0.0000,0.1111,1.0000,0.0000,4.6117,1.5372,1.0000
3,3,4020,4021,2,1,2,0.7500,4020.343,769.000,244.314,7.7688,12.0000,1.0286,0.4651,4.6162,0.5333,0.2667,0.2000,0.7071,0.0000,4.9964,1.1527,1.0000
4,3,4021,4022,2,1,2,1.0000,4021.463,668.000,108.561,7.8894,12.0000,1.1707,0.6933,4.6204,0.0000,0.7500,0.2500,0.0000,0.0000,4.6155,0.7704,0.8293
10,3,4021,4023,3,3,3,0.3704,4021.767,1015.802,392.791,10.4690,12.0000,1.3953,0.8612,4.6204,0.5938,0.1555,0.2507,0.3949,0.3655,2.5024,0.3852,0.3953
5,3,4028,4029,2,3,1,0.8333,4028.479,943.750,652.000,8.3122,12.0000,1.2500,0.9131,4.6487,0.5854,0.2927,0.1220,0.3162,0.0000,3.8713,1.1623,0.7083
5,3,4032,4034,3,2,1,0.8333,4032.882,914.392,398.000,8.8642,12.0000,1.1765,0.4094,4.6642,0.5854,0.2927,0.1220,0.9487,0.0000,4.6636,1.5547,0.6667
3,3,4039,4041,3,1,1,1.0000,4040.000,917.000,361.000,8.3487,13.0000,1.0541,0.0000,5.0807,0.8889,0.0000,0.1111,1.0000,0.0000,5.0842,1.5627,1.0000
6,3,4040,4042,3,2,2,0.5000,4040.677,1099.887,716.629,9.8972,15.0000,1.4516,0.7806,5.8623,0.6373,0.1269,0.2358,0.8795,0.0724,4.3028,1.5650,0.6290
4,3,4045,4047,3,1,2,0.6667,4045.800,832.000,514.822,8.8300,14.0000,1.2444,0.2676,5.4950,0.7500,0.1500,0.1000,0.9487,0.0000,4.1220,1.1770,0.8222
64,7,4053,4060,8,5,8,0.2000,4057.594,180.790,1044.318,30.2814,16.0000,1.6705,2.0828,6.3306,0.4307,0.5390,0.0303,0.1996,0.0381,2.7718,0.7871,0.3393
3,3,4053,4054,2,2,1,0.7500,4053.667,1018.667,563.000,7.5138,11.0000,1.0000,0.7454,4.3389,0.5333,0.2667,0.2000,0.7071,0.0000,4.7332,0.5911,1.0000
93,8,4054,4060,7,7,9,0.2109,4058.232,203.714,1077.521,35.0897,18.0000,1.9556,3.3051,7.1219,0.6759,0.2156,0.1085,0.0904,0.0774,3.1633,0.7913,0.3224
4,3,4054,4056,3,1,2,0.6667,4054.822,704.000,395.844,8.8791,15.0000,1.3333,0.2362,5.9200,0.7500,0.1500,0.1000,0.9487,0.0000,5.3279,1.7750,0.8444
42,5,4055,4060,6,6,5,0.2333,4058.468,209.178,1085.316,22.5724,13.0000,1.4757,0.6444,5.1436,0.3292,0.5126,0.1582,0.0615,0.1508,2.7674,0.3972,0.3432
21,5,4055,4060,6,4,4,0.2188,4058.404,900.202,1304.632,16.6507,12.0000,1.3057,1.1795,4.7479,0.7395,0.1579,0.1026,0.8920,0.0155,3.1655,0.7919,0.2953
6,3,4055,4057,3,2,2,0.5000,4056.204,1121.537,247.870,8.7062,11.0000,1.2222,0.5888,4.3459,0.3810,0.3333,0.2857,0.9487,0.1690,2.7645,0.5921,0.6111
13,3,4056,4060,5,3,3,0.2889,4058.350,1263.883,470.693,15.0219,16.0000,1.5182,0.7856,6.3245,0.7801,0.0332,0.1867,0.9011,0.4129,3.5613,0.7898,0.4891
8,3,4057,4060,4,2,3,0.3333,4058.365,429.122,592.973,10.3435,12.0000,1.2973,0.3855,4.7434,0.5636,0.2443,0.1922,0.8441,0.0987,3.1625,0.7910,0.4595
19,3,4057,4060,4,8,2,0.2969,4059.266,766.000,1337.852,15.3349,12.0000,1.3491,0.7485,4.7479,0.7516,0.2036,0.0447,0.0108,0.1755,2.3745,0.7914,0.2012
9,3,4057,4059,3,2,3,0.5000,4058.256,891.622,560.244,10.8057,12.0000,1.3171,0.8833,4.7434,0.4839,0.3219,0.1942,0.4370,0.0378,4.3481,1.1864,0.4146
12,3,4057,4060,4,3,3,0.3333,4058.743,946.848,1287.924,11.9856,13.0000,1.4857,0.8890,5.1412,0.4954,0.2711,0.2334,0.8607,0.0017,2.7658,0.7917,0.3524
6,4,4058,4060,3,2,1,1.0000,4059.098,687.475,1333.000,9.8490,12.0000,1.1803,0.4855,4.7457,0.5556,0.3333,0.1111,1.0000,0.0000,3.5607,1.1858,0.7377
8,3,4058,4060,3,2,3,0.4444,4059.500,768.218,655.949,10.9086,13.0000,1.3333,0.5478,5.1436,0.4054,0.3243,0.2703,0.6667,0.2357,3.1659,0.9883,0.4615
